place,kind,zcta,city,latitude,longitude,zhvi,zori,date,label_dx,label_dy,note,hudSafmr,blendedRent,rentSource,hudFiscalYear
95901 Marysville,zcta,95901,Marysville,39.2239387,-121.4940499,209368,,2016-04-30,10,0,Zillow ZIP-level market for Marysville; mapped with Census 2020 ZCTA 95901 in Yuba County.,,,,
95961 Olivehurst,zcta,95961,Olivehurst,39.0413331,-121.5628346,226714,,2016-04-30,10,0,Zillow ZIP-level market for Olivehurst; mapped with Census 2020 ZCTA 95961 in Yuba County.,,,,
95692 Wheatland,zcta,95692,Wheatland,39.043066,-121.4098044,250539,,2016-04-30,10,0,Zillow ZIP-level market for Wheatland; mapped with Census 2020 ZCTA 95692 in Yuba County.,,,,
95918 Browns Valley,zcta,95918,Browns Valley,39.3012294,-121.3379292,379543,,2016-04-30,10,0,Zillow ZIP-level market for Browns Valley; mapped with Census 2020 ZCTA 95918 in Yuba County.,,,,
95960 Nevada City,zcta,95960,Nevada City,39.4414426,-121.0166256,259690,,2016-04-30,10,0,Zillow ZIP-level market for Nevada City; mapped with Census 2020 ZCTA 95960 in Yuba County.,,,,
95919 Brownsville,zcta,95919,Brownsville,39.4344381,-121.2655554,208761,,2016-04-30,10,0,Zillow ZIP-level market for Brownsville; mapped with Census 2020 ZCTA 95919 in Yuba County.,,,,
95935 Dobbins,zcta,95935,Dobbins,39.3793437,-121.192261,267942,,2016-04-30,10,0,Zillow ZIP-level market for Dobbins; mapped with Census 2020 ZCTA 95935 in Yuba County.,,,,
95922 Camptonville,zcta,95922,Camptonville,39.4667301,-121.0718654,296773,,2016-04-30,10,0,Zillow ZIP-level market for Camptonville; mapped with Census 2020 ZCTA 95922 in Yuba County.,,,,
95962 Oregon House,zcta,95962,Oregon House,39.3234046,-121.272549,256843,,2016-04-30,10,0,Zillow ZIP-level market for Oregon House; mapped with Census 2020 ZCTA 95962 in Yuba County.,,,,
95901 Marysville,zcta,95901,Marysville,39.2239387,-121.4940499,210583,,2016-05-31,10,0,Zillow ZIP-level market for Marysville; mapped with Census 2020 ZCTA 95901 in Yuba County.,,,,
95961 Olivehurst,zcta,95961,Olivehurst,39.0413331,-121.5628346,228853,,2016-05-31,10,0,Zillow ZIP-level market for Olivehurst; mapped with Census 2020 ZCTA 95961 in Yuba County.,,,,
95692 Wheatland,zcta,95692,Wheatland,39.043066,-121.4098044,252070,,2016-05-31,10,0,Zillow ZIP-level market for Wheatland; mapped with Census 2020 ZCTA 95692 in Yuba County.,,,,
95918 Browns Valley,zcta,95918,Browns Valley,39.3012294,-121.3379292,380992,,2016-05-31,10,0,Zillow ZIP-level market for Browns Valley; mapped with Census 2020 ZCTA 95918 in Yuba County.,,,,
95960 Nevada City,zcta,95960,Nevada City,39.4414426,-121.0166256,262473,,2016-05-31,10,0,Zillow ZIP-level market for Nevada City; mapped with Census 2020 ZCTA 95960 in Yuba County.,,,,
95919 Brownsville,zcta,95919,Brownsville,39.4344381,-121.2655554,211349,,2016-05-31,10,0,Zillow ZIP-level market for Brownsville; mapped with Census 2020 ZCTA 95919 in Yuba County.,,,,
95935 Dobbins,zcta,95935,Dobbins,39.3793437,-121.192261,269533,,2016-05-31,10,0,Zillow ZIP-level market for Dobbins; mapped with Census 2020 ZCTA 95935 in Yuba County.,,,,
95922 Camptonville,zcta,95922,Camptonville,39.4667301,-121.0718654,297963,,2016-05-31,10,0,Zillow ZIP-level market for Camptonville; mapped with Census 2020 ZCTA 95922 in Yuba County.,,,,
95962 Oregon House,zcta,95962,Oregon House,39.3234046,-121.272549,259052,,2016-05-31,10,0,Zillow ZIP-level market for Oregon House; mapped with Census 2020 ZCTA 95962 in Yuba County.,,,,
95901 Marysville,zcta,95901,Marysville,39.2239387,-121.4940499,211979,,2016-06-30,10,0,Zillow ZIP-level market for Marysville; mapped with Census 2020 ZCTA 95901 in Yuba County.,,,,
95961 Olivehurst,zcta,95961,Olivehurst,39.0413331,-121.5628346,231014,,2016-06-30,10,0,Zillow ZIP-level market for Olivehurst; mapped with Census 2020 ZCTA 95961 in Yuba County.,,,,
95692 Wheatland,zcta,95692,Wheatland,39.043066,-121.4098044,253866,,2016-06-30,10,0,Zillow ZIP-level market for Wheatland; mapped with Census 2020 ZCTA 95692 in Yuba County.,,,,
95918 Browns Valley,zcta,95918,Browns Valley,39.3012294,-121.3379292,382306,,2016-06-30,10,0,Zillow ZIP-level market for Browns Valley; mapped with Census 2020 ZCTA 95918 in Yuba County.,,,,
95960 Nevada City,zcta,95960,Nevada City,39.4414426,-121.0166256,263909,,2016-06-30,10,0,Zillow ZIP-level market for Nevada City; mapped with Census 2020 ZCTA 95960 in Yuba County.,,,,
95919 Brownsville,zcta,95919,Brownsville,39.4344381,-121.2655554,213537,,2016-06-30,10,0,Zillow ZIP-level market for Brownsville; mapped with Census 2020 ZCTA 95919 in Yuba County.,,,,
95935 Dobbins,zcta,95935,Dobbins,39.3793437,-121.192261,269856,,2016-06-30,10,0,Zillow ZIP-level market for Dobbins; mapped with Census 2020 ZCTA 95935 in Yuba County.,,,,
95922 Camptonville,zcta,95922,Camptonville,39.4667301,-121.0718654,298039,,2016-06-30,10,0,Zillow ZIP-level market for Camptonville; mapped with Census 2020 ZCTA 95922 in Yuba County.,,,,
95962 Oregon House,zcta,95962,Oregon House,39.3234046,-121.272549,260861,,2016-06-30,10,0,Zillow ZIP-level market for Oregon House; mapped with Census 2020 ZCTA 95962 in Yuba County.,,,,
95901 Marysville,zcta,95901,Marysville,39.2239387,-121.4940499,213228,,2016-07-31,10,0,Zillow ZIP-level market for Marysville; mapped with Census 2020 ZCTA 95901 in Yuba County.,,,,
95961 Olivehurst,zcta,95961,Olivehurst,39.0413331,-121.5628346,233008,,2016-07-31,10,0,Zillow ZIP-level market for Olivehurst; mapped with Census 2020 ZCTA 95961 in Yuba County.,,,,
95692 Wheatland,zcta,95692,Wheatland,39.043066,-121.4098044,255439,,2016-07-31,10,0,Zillow ZIP-level market for Wheatland; mapped with Census 2020 ZCTA 95692 in Yuba County.,,,,
95918 Browns Valley,zcta,95918,Browns Valley,39.3012294,-121.3379292,381882,,2016-07-31,10,0,Zillow ZIP-level market for Browns Valley; mapped with Census 2020 ZCTA 95918 in Yuba County.,,,,
95960 Nevada City,zcta,95960,Nevada City,39.4414426,-121.0166256,264180,,2016-07-31,10,0,Zillow ZIP-level market for Nevada City; mapped with Census 2020 ZCTA 95960 in Yuba County.,,,,
95919 Brownsville,zcta,95919,Brownsville,39.4344381,-121.2655554,214901,,2016-07-31,10,0,Zillow ZIP-level market for Brownsville; mapped with Census 2020 ZCTA 95919 in Yuba County.,,,,
95935 Dobbins,zcta,95935,Dobbins,39.3793437,-121.192261,270266,,2016-07-31,10,0,Zillow ZIP-level market for Dobbins; mapped with Census 2020 ZCTA 95935 in Yuba County.,,,,
95922 Camptonville,zcta,95922,Camptonville,39.4667301,-121.0718654,297283,,2016-07-31,10,0,Zillow ZIP-level market for Camptonville; mapped with Census 2020 ZCTA 95922 in Yuba County.,,,,
95962 Oregon House,zcta,95962,Oregon House,39.3234046,-121.272549,261824,,2016-07-31,10,0,Zillow ZIP-level market for Oregon House; mapped with Census 2020 ZCTA 95962 in Yuba County.,,,,
95901 Marysville,zcta,95901,Marysville,39.2239387,-121.4940499,214688,,2016-08-31,10,0,Zillow ZIP-level market for Marysville; mapped with Census 2020 ZCTA 95901 in Yuba County.,,,,
95961 Olivehurst,zcta,95961,Olivehurst,39.0413331,-121.5628346,235013,,2016-08-31,10,0,Zillow ZIP-level market for Olivehurst; mapped with Census 2020 ZCTA 95961 in Yuba County.,,,,
95692 Wheatland,zcta,95692,Wheatland,39.043066,-121.4098044,256787,,2016-08-31,10,0,Zillow ZIP-level market for Wheatland; mapped with Census 2020 ZCTA 95692 in Yuba County.,,,,
95918 Browns Valley,zcta,95918,Browns Valley,39.3012294,-121.3379292,380795,,2016-08-31,10,0,Zillow ZIP-level market for Browns Valley; mapped with Census 2020 ZCTA 95918 in Yuba County.,,,,
95960 Nevada City,zcta,95960,Nevada City,39.4414426,-121.0166256,263532,,2016-08-31,10,0,Zillow ZIP-level market for Nevada City; mapped with Census 2020 ZCTA 95960 in Yuba County.,,,,
95919 Brownsville,zcta,95919,Brownsville,39.4344381,-121.2655554,215661,,2016-08-31,10,0,Zillow ZIP-level market for Brownsville; mapped with Census 2020 ZCTA 95919 in Yuba County.,,,,
95935 Dobbins,zcta,95935,Dobbins,39.3793437,-121.192261,270775,,2016-08-31,10,0,Zillow ZIP-level market for Dobbins; mapped with Census 2020 ZCTA 95935 in Yuba County.,,,,
95922 Camptonville,zcta,95922,Camptonville,39.4667301,-121.0718654,296316,,2016-08-31,10,0,Zillow ZIP-level market for Camptonville; mapped with Census 2020 ZCTA 95922 in Yuba County.,,,,
95962 Oregon House,zcta,95962,Oregon House,39.3234046,-121.272549,261722,,2016-08-31,10,0,Zillow ZIP-level market for Oregon House; mapped with Census 2020 ZCTA 95962 in Yuba County.,,,,
95901 Marysville,zcta,95901,Marysville,39.2239387,-121.4940499,215901,,2016-09-30,10,0,Zillow ZIP-level market for Marysville; mapped with Census 2020 ZCTA 95901 in Yuba County.,,,,
95961 Olivehurst,zcta,95961,Olivehurst,39.0413331,-121.5628346,236928,,2016-09-30,10,0,Zillow ZIP-level market for Olivehurst; mapped with Census 2020 ZCTA 95961 in Yuba County.,,,,
95692 Wheatland,zcta,95692,Wheatland,39.043066,-121.4098044,257994,,2016-09-30,10,0,Zillow ZIP-level market for Wheatland; mapped with Census 2020 ZCTA 95692 in Yuba County.,,,,
95918 Browns Valley,zcta,95918,Browns Valley,39.3012294,-121.3379292,378977,,2016-09-30,10,0,Zillow ZIP-level market for Browns Valley; mapped with Census 2020 ZCTA 95918 in Yuba County.,,,,
95960 Nevada City,zcta,95960,Nevada City,39.4414426,-121.0166256,263219,,2016-09-30,10,0,Zillow ZIP-level market for Nevada City; mapped with Census 2020 ZCTA 95960 in Yuba County.,,,,
95919 Brownsville,zcta,95919,Brownsville,39.4344381,-121.2655554,216124,,2016-09-30,10,0,Zillow ZIP-level market for Brownsville; mapped with Census 2020 ZCTA 95919 in Yuba County.,,,,
95935 Dobbins,zcta,95935,Dobbins,39.3793437,-121.192261,271135,,2016-09-30,10,0,Zillow ZIP-level market for Dobbins; mapped with Census 2020 ZCTA 95935 in Yuba County.,,,,
95922 Camptonville,zcta,95922,Camptonville,39.4667301,-121.0718654,295467,,2016-09-30,10,0,Zillow ZIP-level market for Camptonville; mapped with Census 2020 ZCTA 95922 in Yuba County.,,,,
95962 Oregon House,zcta,95962,Oregon House,39.3234046,-121.272549,260942,,2016-09-30,10,0,Zillow ZIP-level market for Oregon House; mapped with Census 2020 ZCTA 95962 in Yuba County.,,,,
95901 Marysville,zcta,95901,Marysville,39.2239387,-121.4940499,217346,,2016-10-31,10,0,Zillow ZIP-level market for Marysville; mapped with Census 2020 ZCTA 95901 in Yuba County.,,,,
95961 Olivehurst,zcta,95961,Olivehurst,39.0413331,-121.5628346,238634,,2016-10-31,10,0,Zillow ZIP-level market for Olivehurst; mapped with Census 2020 ZCTA 95961 in Yuba County.,,,,
95692 Wheatland,zcta,95692,Wheatland,39.043066,-121.4098044,258972,,2016-10-31,10,0,Zillow ZIP-level market for Wheatland; mapped with Census 2020 ZCTA 95692 in Yuba County.,,,,
95918 Browns Valley,zcta,95918,Browns Valley,39.3012294,-121.3379292,378476,,2016-10-31,10,0,Zillow ZIP-level market for Browns Valley; mapped with Census 2020 ZCTA 95918 in Yuba County.,,,,
95960 Nevada City,zcta,95960,Nevada City,39.4414426,-121.0166256,263114,,2016-10-31,10,0,Zillow ZIP-level market for Nevada City; mapped with Census 2020 ZCTA 95960 in Yuba County.,,,,
95919 Brownsville,zcta,95919,Brownsville,39.4344381,-121.2655554,216611,,2016-10-31,10,0,Zillow ZIP-level market for Brownsville; mapped with Census 2020 ZCTA 95919 in Yuba County.,,,,
95935 Dobbins,zcta,95935,Dobbins,39.3793437,-121.192261,271420,,2016-10-31,10,0,Zillow ZIP-level market for Dobbins; mapped with Census 2020 ZCTA 95935 in Yuba County.,,,,
95922 Camptonville,zcta,95922,Camptonville,39.4667301,-121.0718654,294497,,2016-10-31,10,0,Zillow ZIP-level market for Camptonville; mapped with Census 2020 ZCTA 95922 in Yuba County.,,,,
95962 Oregon House,zcta,95962,Oregon House,39.3234046,-121.272549,260350,,2016-10-31,10,0,Zillow ZIP-level market for Oregon House; mapped with Census 2020 ZCTA 95962 in Yuba County.,,,,
95901 Marysville,zcta,95901,Marysville,39.2239387,-121.4940499,219192,,2016-11-30,10,0,Zillow ZIP-level market for Marysville; mapped with Census 2020 ZCTA 95901 in Yuba County.,,,,
95961 Olivehurst,zcta,95961,Olivehurst,39.0413331,-121.5628346,240446,,2016-11-30,10,0,Zillow ZIP-level market for Olivehurst; mapped with Census 2020 ZCTA 95961 in Yuba County.,,,,
95692 Wheatland,zcta,95692,Wheatland,39.043066,-121.4098044,260860,,2016-11-30,10,0,Zillow ZIP-level market for Wheatland; mapped with Census 2020 ZCTA 95692 in Yuba County.,,,,
95918 Browns Valley,zcta,95918,Browns Valley,39.3012294,-121.3379292,379419,,2016-11-30,10,0,Zillow ZIP-level market for Browns Valley; mapped with Census 2020 ZCTA 95918 in Yuba County.,,,,
95960 Nevada City,zcta,95960,Nevada City,39.4414426,-121.0166256,263746,,2016-11-30,10,0,Zillow ZIP-level market for Nevada City; mapped with Census 2020 ZCTA 95960 in Yuba County.,,,,
95919 Brownsville,zcta,95919,Brownsville,39.4344381,-121.2655554,217380,,2016-11-30,10,0,Zillow ZIP-level market for Brownsville; mapped with Census 2020 ZCTA 95919 in Yuba County.,,,,
95935 Dobbins,zcta,95935,Dobbins,39.3793437,-121.192261,272321,,2016-11-30,10,0,Zillow ZIP-level market for Dobbins; mapped with Census 2020 ZCTA 95935 in Yuba County.,,,,
95922 Camptonville,zcta,95922,Camptonville,39.4667301,-121.0718654,294346,,2016-11-30,10,0,Zillow ZIP-level market for Camptonville; mapped with Census 2020 ZCTA 95922 in Yuba County.,,,,
95962 Oregon House,zcta,95962,Oregon House,39.3234046,-121.272549,261243,,2016-11-30,10,0,Zillow ZIP-level market for Oregon House; mapped with Census 2020 ZCTA 95962 in Yuba County.,,,,
95901 Marysville,zcta,95901,Marysville,39.2239387,-121.4940499,221582,,2016-12-31,10,0,Zillow ZIP-level market for Marysville; mapped with Census 2020 ZCTA 95901 in Yuba County.,,,,
95961 Olivehurst,zcta,95961,Olivehurst,39.0413331,-121.5628346,242677,,2016-12-31,10,0,Zillow ZIP-level market for Olivehurst; mapped with Census 2020 ZCTA 95961 in Yuba County.,,,,
95692 Wheatland,zcta,95692,Wheatland,39.043066,-121.4098044,263260,,2016-12-31,10,0,Zillow ZIP-level market for Wheatland; mapped with Census 2020 ZCTA 95692 in Yuba County.,,,,
95918 Browns Valley,zcta,95918,Browns Valley,39.3012294,-121.3379292,381126,,2016-12-31,10,0,Zillow ZIP-level market for Browns Valley; mapped with Census 2020 ZCTA 95918 in Yuba County.,,,,
95960 Nevada City,zcta,95960,Nevada City,39.4414426,-121.0166256,264929,,2016-12-31,10,0,Zillow ZIP-level market for Nevada City; mapped with Census 2020 ZCTA 95960 in Yuba County.,,,,
95919 Brownsville,zcta,95919,Brownsville,39.4344381,-121.2655554,218487,,2016-12-31,10,0,Zillow ZIP-level market for Brownsville; mapped with Census 2020 ZCTA 95919 in Yuba County.,,,,
95935 Dobbins,zcta,95935,Dobbins,39.3793437,-121.192261,274017,,2016-12-31,10,0,Zillow ZIP-level market for Dobbins; mapped with Census 2020 ZCTA 95935 in Yuba County.,,,,
95922 Camptonville,zcta,95922,Camptonville,39.4667301,-121.0718654,295206,,2016-12-31,10,0,Zillow ZIP-level market for Camptonville; mapped with Census 2020 ZCTA 95922 in Yuba County.,,,,
95962 Oregon House,zcta,95962,Oregon House,39.3234046,-121.272549,263477,,2016-12-31,10,0,Zillow ZIP-level market for Oregon House; mapped with Census 2020 ZCTA 95962 in Yuba County.,,,,
95901 Marysville,zcta,95901,Marysville,39.2239387,-121.4940499,224255,,2017-01-31,10,0,Zillow ZIP-level market for Marysville; mapped with Census 2020 ZCTA 95901 in Yuba County.,,,,
95961 Olivehurst,zcta,95961,Olivehurst,39.0413331,-121.5628346,245489,,2017-01-31,10,0,Zillow ZIP-level market for Olivehurst; mapped with Census 2020 ZCTA 95961 in Yuba County.,,,,
95692 Wheatland,zcta,95692,Wheatland,39.043066,-121.4098044,266426,,2017-01-31,10,0,Zillow ZIP-level market for Wheatland; mapped with Census 2020 ZCTA 95692 in Yuba County.,,,,
95918 Browns Valley,zcta,95918,Browns Valley,39.3012294,-121.3379292,383998,,2017-01-31,10,0,Zillow ZIP-level market for Browns Valley; mapped with Census 2020 ZCTA 95918 in Yuba County.,,,,
95960 Nevada City,zcta,95960,Nevada City,39.4414426,-121.0166256,265811,,2017-01-31,10,0,Zillow ZIP-level market for Nevada City; mapped with Census 2020 ZCTA 95960 in Yuba County.,,,,
95919 Brownsville,zcta,95919,Brownsville,39.4344381,-121.2655554,220977,,2017-01-31,10,0,Zillow ZIP-level market for Brownsville; mapped with Census 2020 ZCTA 95919 in Yuba County.,,,,
95935 Dobbins,zcta,95935,Dobbins,39.3793437,-121.192261,277416,,2017-01-31,10,0,Zillow ZIP-level market for Dobbins; mapped with Census 2020 ZCTA 95935 in Yuba County.,,,,
95922 Camptonville,zcta,95922,Camptonville,39.4667301,-121.0718654,298118,,2017-01-31,10,0,Zillow ZIP-level market for Camptonville; mapped with Census 2020 ZCTA 95922 in Yuba County.,,,,
95962 Oregon House,zcta,95962,Oregon House,39.3234046,-121.272549,267610,,2017-01-31,10,0,Zillow ZIP-level market for Oregon House; mapped with Census 2020 ZCTA 95962 in Yuba County.,,,,
95901 Marysville,zcta,95901,Marysville,39.2239387,-121.4940499,227152,,2017-02-28,10,0,Zillow ZIP-level market for Marysville; mapped with Census 2020 ZCTA 95901 in Yuba County.,,,,
95961 Olivehurst,zcta,95961,Olivehurst,39.0413331,-121.5628346,248820,,2017-02-28,10,0,Zillow ZIP-level market for Olivehurst; mapped with Census 2020 ZCTA 95961 in Yuba County.,,,,
95692 Wheatland,zcta,95692,Wheatland,39.043066,-121.4098044,269638,,2017-02-28,10,0,Zillow ZIP-level market for Wheatland; mapped with Census 2020 ZCTA 95692 in Yuba County.,,,,
95918 Browns Valley,zcta,95918,Browns Valley,39.3012294,-121.3379292,387752,,2017-02-28,10,0,Zillow ZIP-level market for Browns Valley; mapped with Census 2020 ZCTA 95918 in Yuba County.,,,,
95960 Nevada City,zcta,95960,Nevada City,39.4414426,-121.0166256,266248,,2017-02-28,10,0,Zillow ZIP-level market for Nevada City; mapped with Census 2020 ZCTA 95960 in Yuba County.,,,,
95919 Brownsville,zcta,95919,Brownsville,39.4344381,-121.2655554,224174,,2017-02-28,10,0,Zillow ZIP-level market for Brownsville; mapped with Census 2020 ZCTA 95919 in Yuba County.,,,,
95935 Dobbins,zcta,95935,Dobbins,39.3793437,-121.192261,281505,,2017-02-28,10,0,Zillow ZIP-level market for Dobbins; mapped with Census 2020 ZCTA 95935 in Yuba County.,,,,
95922 Camptonville,zcta,95922,Camptonville,39.4667301,-121.0718654,300927,,2017-02-28,10,0,Zillow ZIP-level market for Camptonville; mapped with Census 2020 ZCTA 95922 in Yuba County.,,,,
95962 Oregon House,zcta,95962,Oregon House,39.3234046,-121.272549,272627,,2017-02-28,10,0,Zillow ZIP-level market for Oregon House; mapped with Census 2020 ZCTA 95962 in Yuba County.,,,,
95901 Marysville,zcta,95901,Marysville,39.2239387,-121.4940499,229893,,2017-03-31,10,0,Zillow ZIP-level market for Marysville; mapped with Census 2020 ZCTA 95901 in Yuba County.,,,,
95961 Olivehurst,zcta,95961,Olivehurst,39.0413331,-121.5628346,252244,,2017-03-31,10,0,Zillow ZIP-level market for Olivehurst; mapped with Census 2020 ZCTA 95961 in Yuba County.,,,,
95692 Wheatland,zcta,95692,Wheatland,39.043066,-121.4098044,273128,,2017-03-31,10,0,Zillow ZIP-level market for Wheatland; mapped with Census 2020 ZCTA 95692 in Yuba County.,,,,
95918 Browns Valley,zcta,95918,Browns Valley,39.3012294,-121.3379292,392780,,2017-03-31,10,0,Zillow ZIP-level market for Browns Valley; mapped with Census 2020 ZCTA 95918 in Yuba County.,,,,
95960 Nevada City,zcta,95960,Nevada City,39.4414426,-121.0166256,266705,,2017-03-31,10,0,Zillow ZIP-level market for Nevada City; mapped with Census 2020 ZCTA 95960 in Yuba County.,,,,
95919 Brownsville,zcta,95919,Brownsville,39.4344381,-121.2655554,227784,,2017-03-31,10,0,Zillow ZIP-level market for Brownsville; mapped with Census 2020 ZCTA 95919 in Yuba County.,,,,
95935 Dobbins,zcta,95935,Dobbins,39.3793437,-121.192261,285639,,2017-03-31,10,0,Zillow ZIP-level market for Dobbins; mapped with Census 2020 ZCTA 95935 in Yuba County.,,,,
95922 Camptonville,zcta,95922,Camptonville,39.4667301,-121.0718654,302353,,2017-03-31,10,0,Zillow ZIP-level market for Camptonville; mapped with Census 2020 ZCTA 95922 in Yuba County.,,,,
95962 Oregon House,zcta,95962,Oregon House,39.3234046,-121.272549,277326,,2017-03-31,10,0,Zillow ZIP-level market for Oregon House; mapped with Census 2020 ZCTA 95962 in Yuba County.,,,,
95901 Marysville,zcta,95901,Marysville,39.2239387,-121.4940499,231989,,2017-04-30,10,0,Zillow ZIP-level market for Marysville; mapped with Census 2020 ZCTA 95901 in Yuba County.,,,,
95961 Olivehurst,zcta,95961,Olivehurst,39.0413331,-121.5628346,255228,,2017-04-30,10,0,Zillow ZIP-level market for Olivehurst; mapped with Census 2020 ZCTA 95961 in Yuba County.,,,,
95692 Wheatland,zcta,95692,Wheatland,39.043066,-121.4098044,276380,,2017-04-30,10,0,Zillow ZIP-level market for Wheatland; mapped with Census 2020 ZCTA 95692 in Yuba County.,,,,
95918 Browns Valley,zcta,95918,Browns Valley,39.3012294,-121.3379292,397822,,2017-04-30,10,0,Zillow ZIP-level market for Browns Valley; mapped with Census 2020 ZCTA 95918 in Yuba County.,,,,
95960 Nevada City,zcta,95960,Nevada City,39.4414426,-121.0166256,269428,,2017-04-30,10,0,Zillow ZIP-level market for Nevada City; mapped with Census 2020 ZCTA 95960 in Yuba County.,,,,
95919 Brownsville,zcta,95919,Brownsville,39.4344381,-121.2655554,230426,,2017-04-30,10,0,Zillow ZIP-level market for Brownsville; mapped with Census 2020 ZCTA 95919 in Yuba County.,,,,
95935 Dobbins,zcta,95935,Dobbins,39.3793437,-121.192261,288595,,2017-04-30,10,0,Zillow ZIP-level market for Dobbins; mapped with Census 2020 ZCTA 95935 in Yuba County.,,,,
95922 Camptonville,zcta,95922,Camptonville,39.4667301,-121.0718654,301950,,2017-04-30,10,0,Zillow ZIP-level market for Camptonville; mapped with Census 2020 ZCTA 95922 in Yuba County.,,,,
95962 Oregon House,zcta,95962,Oregon House,39.3234046,-121.272549,280927,,2017-04-30,10,0,Zillow ZIP-level market for Oregon House; mapped with Census 2020 ZCTA 95962 in Yuba County.,,,,
95901 Marysville,zcta,95901,Marysville,39.2239387,-121.4940499,233337,,2017-05-31,10,0,Zillow ZIP-level market for Marysville; mapped with Census 2020 ZCTA 95901 in Yuba County.,,,,
95961 Olivehurst,zcta,95961,Olivehurst,39.0413331,-121.5628346,257380,,2017-05-31,10,0,Zillow ZIP-level market for Olivehurst; mapped with Census 2020 ZCTA 95961 in Yuba County.,,,,
95692 Wheatland,zcta,95692,Wheatland,39.043066,-121.4098044,279109,,2017-05-31,10,0,Zillow ZIP-level market for Wheatland; mapped with Census 2020 ZCTA 95692 in Yuba County.,,,,
95918 Browns Valley,zcta,95918,Browns Valley,39.3012294,-121.3379292,402291,,2017-05-31,10,0,Zillow ZIP-level market for Browns Valley; mapped with Census 2020 ZCTA 95918 in Yuba County.,,,,
95960 Nevada City,zcta,95960,Nevada City,39.4414426,-121.0166256,272934,,2017-05-31,10,0,Zillow ZIP-level market for Nevada City; mapped with Census 2020 ZCTA 95960 in Yuba County.,,,,
95919 Brownsville,zcta,95919,Brownsville,39.4344381,-121.2655554,231474,,2017-05-31,10,0,Zillow ZIP-level market for Brownsville; mapped with Census 2020 ZCTA 95919 in Yuba County.,,,,
95935 Dobbins,zcta,95935,Dobbins,39.3793437,-121.192261,289558,,2017-05-31,10,0,Zillow ZIP-level market for Dobbins; mapped with Census 2020 ZCTA 95935 in Yuba County.,,,,
95922 Camptonville,zcta,95922,Camptonville,39.4667301,-121.0718654,301143,,2017-05-31,10,0,Zillow ZIP-level market for Camptonville; mapped with Census 2020 ZCTA 95922 in Yuba County.,,,,
95962 Oregon House,zcta,95962,Oregon House,39.3234046,-121.272549,283415,,2017-05-31,10,0,Zillow ZIP-level market for Oregon House; mapped with Census 2020 ZCTA 95962 in Yuba County.,,,,
95901 Marysville,zcta,95901,Marysville,39.2239387,-121.4940499,235210,,2017-06-30,10,0,Zillow ZIP-level market for Marysville; mapped with Census 2020 ZCTA 95901 in Yuba County.,,,,
95961 Olivehurst,zcta,95961,Olivehurst,39.0413331,-121.5628346,259770,,2017-06-30,10,0,Zillow ZIP-level market for Olivehurst; mapped with Census 2020 ZCTA 95961 in Yuba County.,,,,
95692 Wheatland,zcta,95692,Wheatland,39.043066,-121.4098044,281312,,2017-06-30,10,0,Zillow ZIP-level market for Wheatland; mapped with Census 2020 ZCTA 95692 in Yuba County.,,,,
95918 Browns Valley,zcta,95918,Browns Valley,39.3012294,-121.3379292,406738,,2017-06-30,10,0,Zillow ZIP-level market for Browns Valley; mapped with Census 2020 ZCTA 95918 in Yuba County.,,,,
95960 Nevada City,zcta,95960,Nevada City,39.4414426,-121.0166256,277348,,2017-06-30,10,0,Zillow ZIP-level market for Nevada City; mapped with Census 2020 ZCTA 95960 in Yuba County.,,,,
95919 Brownsville,zcta,95919,Brownsville,39.4344381,-121.2655554,232613,,2017-06-30,10,0,Zillow ZIP-level market for Brownsville; mapped with Census 2020 ZCTA 95919 in Yuba County.,,,,
95935 Dobbins,zcta,95935,Dobbins,39.3793437,-121.192261,289868,,2017-06-30,10,0,Zillow ZIP-level market for Dobbins; mapped with Census 2020 ZCTA 95935 in Yuba County.,,,,
95922 Camptonville,zcta,95922,Camptonville,39.4667301,-121.0718654,302593,,2017-06-30,10,0,Zillow ZIP-level market for Camptonville; mapped with Census 2020 ZCTA 95922 in Yuba County.,,,,
95962 Oregon House,zcta,95962,Oregon House,39.3234046,-121.272549,285990,,2017-06-30,10,0,Zillow ZIP-level market for Oregon House; mapped with Census 2020 ZCTA 95962 in Yuba County.,,,,
95901 Marysville,zcta,95901,Marysville,39.2239387,-121.4940499,237214,,2017-07-31,10,0,Zillow ZIP-level market for Marysville; mapped with Census 2020 ZCTA 95901 in Yuba County.,,,,
95961 Olivehurst,zcta,95961,Olivehurst,39.0413331,-121.5628346,262221,,2017-07-31,10,0,Zillow ZIP-level market for Olivehurst; mapped with Census 2020 ZCTA 95961 in Yuba County.,,,,
95692 Wheatland,zcta,95692,Wheatland,39.043066,-121.4098044,283195,,2017-07-31,10,0,Zillow ZIP-level market for Wheatland; mapped with Census 2020 ZCTA 95692 in Yuba County.,,,,
95918 Browns Valley,zcta,95918,Browns Valley,39.3012294,-121.3379292,410227,,2017-07-31,10,0,Zillow ZIP-level market for Browns Valley; mapped with Census 2020 ZCTA 95918 in Yuba County.,,,,
95960 Nevada City,zcta,95960,Nevada City,39.4414426,-121.0166256,281027,,2017-07-31,10,0,Zillow ZIP-level market for Nevada City; mapped with Census 2020 ZCTA 95960 in Yuba County.,,,,
95919 Brownsville,zcta,95919,Brownsville,39.4344381,-121.2655554,233439,,2017-07-31,10,0,Zillow ZIP-level market for Brownsville; mapped with Census 2020 ZCTA 95919 in Yuba County.,,,,
95935 Dobbins,zcta,95935,Dobbins,39.3793437,-121.192261,289377,,2017-07-31,10,0,Zillow ZIP-level market for Dobbins; mapped with Census 2020 ZCTA 95935 in Yuba County.,,,,
95922 Camptonville,zcta,95922,Camptonville,39.4667301,-121.0718654,304433,,2017-07-31,10,0,Zillow ZIP-level market for Camptonville; mapped with Census 2020 ZCTA 95922 in Yuba County.,,,,
95962 Oregon House,zcta,95962,Oregon House,39.3234046,-121.272549,287883,,2017-07-31,10,0,Zillow ZIP-level market for Oregon House; mapped with Census 2020 ZCTA 95962 in Yuba County.,,,,
95901 Marysville,zcta,95901,Marysville,39.2239387,-121.4940499,239564,,2017-08-31,10,0,Zillow ZIP-level market for Marysville; mapped with Census 2020 ZCTA 95901 in Yuba County.,,,,
95961 Olivehurst,zcta,95961,Olivehurst,39.0413331,-121.5628346,264626,,2017-08-31,10,0,Zillow ZIP-level market for Olivehurst; mapped with Census 2020 ZCTA 95961 in Yuba County.,,,,
95692 Wheatland,zcta,95692,Wheatland,39.043066,-121.4098044,285046,,2017-08-31,10,0,Zillow ZIP-level market for Wheatland; mapped with Census 2020 ZCTA 95692 in Yuba County.,,,,
95918 Browns Valley,zcta,95918,Browns Valley,39.3012294,-121.3379292,413270,,2017-08-31,10,0,Zillow ZIP-level market for Browns Valley; mapped with Census 2020 ZCTA 95918 in Yuba County.,,,,
95960 Nevada City,zcta,95960,Nevada City,39.4414426,-121.0166256,284861,,2017-08-31,10,0,Zillow ZIP-level market for Nevada City; mapped with Census 2020 ZCTA 95960 in Yuba County.,,,,
95919 Brownsville,zcta,95919,Brownsville,39.4344381,-121.2655554,235109,,2017-08-31,10,0,Zillow ZIP-level market for Brownsville; mapped with Census 2020 ZCTA 95919 in Yuba County.,,,,
95935 Dobbins,zcta,95935,Dobbins,39.3793437,-121.192261,289318,,2017-08-31,10,0,Zillow ZIP-level market for Dobbins; mapped with Census 2020 ZCTA 95935 in Yuba County.,,,,
95922 Camptonville,zcta,95922,Camptonville,39.4667301,-121.0718654,307055,,2017-08-31,10,0,Zillow ZIP-level market for Camptonville; mapped with Census 2020 ZCTA 95922 in Yuba County.,,,,
95962 Oregon House,zcta,95962,Oregon House,39.3234046,-121.272549,289657,,2017-08-31,10,0,Zillow ZIP-level market for Oregon House; mapped with Census 2020 ZCTA 95962 in Yuba County.,,,,
95901 Marysville,zcta,95901,Marysville,39.2239387,-121.4940499,241445,,2017-09-30,10,0,Zillow ZIP-level market for Marysville; mapped with Census 2020 ZCTA 95901 in Yuba County.,,,,
95961 Olivehurst,zcta,95961,Olivehurst,39.0413331,-121.5628346,266322,,2017-09-30,10,0,Zillow ZIP-level market for Olivehurst; mapped with Census 2020 ZCTA 95961 in Yuba County.,,,,
95692 Wheatland,zcta,95692,Wheatland,39.043066,-121.4098044,286859,,2017-09-30,10,0,Zillow ZIP-level market for Wheatland; mapped with Census 2020 ZCTA 95692 in Yuba County.,,,,
95918 Browns Valley,zcta,95918,Browns Valley,39.3012294,-121.3379292,416140,,2017-09-30,10,0,Zillow ZIP-level market for Browns Valley; mapped with Census 2020 ZCTA 95918 in Yuba County.,,,,
95960 Nevada City,zcta,95960,Nevada City,39.4414426,-121.0166256,288023,,2017-09-30,10,0,Zillow ZIP-level market for Nevada City; mapped with Census 2020 ZCTA 95960 in Yuba County.,,,,
95919 Brownsville,zcta,95919,Brownsville,39.4344381,-121.2655554,236905,,2017-09-30,10,0,Zillow ZIP-level market for Brownsville; mapped with Census 2020 ZCTA 95919 in Yuba County.,,,,
95935 Dobbins,zcta,95935,Dobbins,39.3793437,-121.192261,289840,,2017-09-30,10,0,Zillow ZIP-level market for Dobbins; mapped with Census 2020 ZCTA 95935 in Yuba County.,,,,
95922 Camptonville,zcta,95922,Camptonville,39.4667301,-121.0718654,309652,,2017-09-30,10,0,Zillow ZIP-level market for Camptonville; mapped with Census 2020 ZCTA 95922 in Yuba County.,,,,
95962 Oregon House,zcta,95962,Oregon House,39.3234046,-121.272549,291268,,2017-09-30,10,0,Zillow ZIP-level market for Oregon House; mapped with Census 2020 ZCTA 95962 in Yuba County.,,,,
95901 Marysville,zcta,95901,Marysville,39.2239387,-121.4940499,243626,,2017-10-31,10,0,Zillow ZIP-level market for Marysville; mapped with Census 2020 ZCTA 95901 in Yuba County.,,,,
95961 Olivehurst,zcta,95961,Olivehurst,39.0413331,-121.5628346,267956,,2017-10-31,10,0,Zillow ZIP-level market for Olivehurst; mapped with Census 2020 ZCTA 95961 in Yuba County.,,,,
95692 Wheatland,zcta,95692,Wheatland,39.043066,-121.4098044,288805,,2017-10-31,10,0,Zillow ZIP-level market for Wheatland; mapped with Census 2020 ZCTA 95692 in Yuba County.,,,,
95918 Browns Valley,zcta,95918,Browns Valley,39.3012294,-121.3379292,419632,,2017-10-31,10,0,Zillow ZIP-level market for Browns Valley; mapped with Census 2020 ZCTA 95918 in Yuba County.,,,,
95960 Nevada City,zcta,95960,Nevada City,39.4414426,-121.0166256,290731,,2017-10-31,10,0,Zillow ZIP-level market for Nevada City; mapped with Census 2020 ZCTA 95960 in Yuba County.,,,,
95919 Brownsville,zcta,95919,Brownsville,39.4344381,-121.2655554,239520,,2017-10-31,10,0,Zillow ZIP-level market for Brownsville; mapped with Census 2020 ZCTA 95919 in Yuba County.,,,,
95935 Dobbins,zcta,95935,Dobbins,39.3793437,-121.192261,291454,,2017-10-31,10,0,Zillow ZIP-level market for Dobbins; mapped with Census 2020 ZCTA 95935 in Yuba County.,,,,
95922 Camptonville,zcta,95922,Camptonville,39.4667301,-121.0718654,312552,,2017-10-31,10,0,Zillow ZIP-level market for Camptonville; mapped with Census 2020 ZCTA 95922 in Yuba County.,,,,
95962 Oregon House,zcta,95962,Oregon House,39.3234046,-121.272549,293904,,2017-10-31,10,0,Zillow ZIP-level market for Oregon House; mapped with Census 2020 ZCTA 95962 in Yuba County.,,,,
95901 Marysville,zcta,95901,Marysville,39.2239387,-121.4940499,245960,,2017-11-30,10,0,Zillow ZIP-level market for Marysville; mapped with Census 2020 ZCTA 95901 in Yuba County.,,,,
95961 Olivehurst,zcta,95961,Olivehurst,39.0413331,-121.5628346,269893,,2017-11-30,10,0,Zillow ZIP-level market for Olivehurst; mapped with Census 2020 ZCTA 95961 in Yuba County.,,,,
95692 Wheatland,zcta,95692,Wheatland,39.043066,-121.4098044,291127,,2017-11-30,10,0,Zillow ZIP-level market for Wheatland; mapped with Census 2020 ZCTA 95692 in Yuba County.,,,,
95918 Browns Valley,zcta,95918,Browns Valley,39.3012294,-121.3379292,424056,,2017-11-30,10,0,Zillow ZIP-level market for Browns Valley; mapped with Census 2020 ZCTA 95918 in Yuba County.,,,,
95960 Nevada City,zcta,95960,Nevada City,39.4414426,-121.0166256,292986,,2017-11-30,10,0,Zillow ZIP-level market for Nevada City; mapped with Census 2020 ZCTA 95960 in Yuba County.,,,,
95919 Brownsville,zcta,95919,Brownsville,39.4344381,-121.2655554,242227,,2017-11-30,10,0,Zillow ZIP-level market for Brownsville; mapped with Census 2020 ZCTA 95919 in Yuba County.,,,,
95935 Dobbins,zcta,95935,Dobbins,39.3793437,-121.192261,293294,,2017-11-30,10,0,Zillow ZIP-level market for Dobbins; mapped with Census 2020 ZCTA 95935 in Yuba County.,,,,
95922 Camptonville,zcta,95922,Camptonville,39.4667301,-121.0718654,314274,,2017-11-30,10,0,Zillow ZIP-level market for Camptonville; mapped with Census 2020 ZCTA 95922 in Yuba County.,,,,
95962 Oregon House,zcta,95962,Oregon House,39.3234046,-121.272549,296430,,2017-11-30,10,0,Zillow ZIP-level market for Oregon House; mapped with Census 2020 ZCTA 95962 in Yuba County.,,,,
95901 Marysville,zcta,95901,Marysville,39.2239387,-121.4940499,248412,,2017-12-31,10,0,Zillow ZIP-level market for Marysville; mapped with Census 2020 ZCTA 95901 in Yuba County.,,,,
95961 Olivehurst,zcta,95961,Olivehurst,39.0413331,-121.5628346,272391,,2017-12-31,10,0,Zillow ZIP-level market for Olivehurst; mapped with Census 2020 ZCTA 95961 in Yuba County.,,,,
95692 Wheatland,zcta,95692,Wheatland,39.043066,-121.4098044,293555,,2017-12-31,10,0,Zillow ZIP-level market for Wheatland; mapped with Census 2020 ZCTA 95692 in Yuba County.,,,,
95918 Browns Valley,zcta,95918,Browns Valley,39.3012294,-121.3379292,428159,,2017-12-31,10,0,Zillow ZIP-level market for Browns Valley; mapped with Census 2020 ZCTA 95918 in Yuba County.,,,,
95960 Nevada City,zcta,95960,Nevada City,39.4414426,-121.0166256,294687,,2017-12-31,10,0,Zillow ZIP-level market for Nevada City; mapped with Census 2020 ZCTA 95960 in Yuba County.,,,,
95919 Brownsville,zcta,95919,Brownsville,39.4344381,-121.2655554,244447,,2017-12-31,10,0,Zillow ZIP-level market for Brownsville; mapped with Census 2020 ZCTA 95919 in Yuba County.,,,,
95935 Dobbins,zcta,95935,Dobbins,39.3793437,-121.192261,294242,,2017-12-31,10,0,Zillow ZIP-level market for Dobbins; mapped with Census 2020 ZCTA 95935 in Yuba County.,,,,
95922 Camptonville,zcta,95922,Camptonville,39.4667301,-121.0718654,313722,,2017-12-31,10,0,Zillow ZIP-level market for Camptonville; mapped with Census 2020 ZCTA 95922 in Yuba County.,,,,
95962 Oregon House,zcta,95962,Oregon House,39.3234046,-121.272549,298809,,2017-12-31,10,0,Zillow ZIP-level market for Oregon House; mapped with Census 2020 ZCTA 95962 in Yuba County.,,,,
95901 Marysville,zcta,95901,Marysville,39.2239387,-121.4940499,251340,,2018-01-31,10,0,Zillow ZIP-level market for Marysville; mapped with Census 2020 ZCTA 95901 in Yuba County.,,,,
95961 Olivehurst,zcta,95961,Olivehurst,39.0413331,-121.5628346,275186,,2018-01-31,10,0,Zillow ZIP-level market for Olivehurst; mapped with Census 2020 ZCTA 95961 in Yuba County.,,,,
95692 Wheatland,zcta,95692,Wheatland,39.043066,-121.4098044,296527,,2018-01-31,10,0,Zillow ZIP-level market for Wheatland; mapped with Census 2020 ZCTA 95692 in Yuba County.,,,,
95918 Browns Valley,zcta,95918,Browns Valley,39.3012294,-121.3379292,433380,,2018-01-31,10,0,Zillow ZIP-level market for Browns Valley; mapped with Census 2020 ZCTA 95918 in Yuba County.,,,,
95960 Nevada City,zcta,95960,Nevada City,39.4414426,-121.0166256,296133,,2018-01-31,10,0,Zillow ZIP-level market for Nevada City; mapped with Census 2020 ZCTA 95960 in Yuba County.,,,,
95919 Brownsville,zcta,95919,Brownsville,39.4344381,-121.2655554,246763,,2018-01-31,10,0,Zillow ZIP-level market for Brownsville; mapped with Census 2020 ZCTA 95919 in Yuba County.,,,,
95935 Dobbins,zcta,95935,Dobbins,39.3793437,-121.192261,296388,,2018-01-31,10,0,Zillow ZIP-level market for Dobbins; mapped with Census 2020 ZCTA 95935 in Yuba County.,,,,
95922 Camptonville,zcta,95922,Camptonville,39.4667301,-121.0718654,314850,,2018-01-31,10,0,Zillow ZIP-level market for Camptonville; mapped with Census 2020 ZCTA 95922 in Yuba County.,,,,
95962 Oregon House,zcta,95962,Oregon House,39.3234046,-121.272549,301255,,2018-01-31,10,0,Zillow ZIP-level market for Oregon House; mapped with Census 2020 ZCTA 95962 in Yuba County.,,,,
95901 Marysville,zcta,95901,Marysville,39.2239387,-121.4940499,254237,,2018-02-28,10,0,Zillow ZIP-level market for Marysville; mapped with Census 2020 ZCTA 95901 in Yuba County.,,,,
95961 Olivehurst,zcta,95961,Olivehurst,39.0413331,-121.5628346,278121,,2018-02-28,10,0,Zillow ZIP-level market for Olivehurst; mapped with Census 2020 ZCTA 95961 in Yuba County.,,,,
95692 Wheatland,zcta,95692,Wheatland,39.043066,-121.4098044,299332,,2018-02-28,10,0,Zillow ZIP-level market for Wheatland; mapped with Census 2020 ZCTA 95692 in Yuba County.,,,,
95918 Browns Valley,zcta,95918,Browns Valley,39.3012294,-121.3379292,437516,,2018-02-28,10,0,Zillow ZIP-level market for Browns Valley; mapped with Census 2020 ZCTA 95918 in Yuba County.,,,,
95960 Nevada City,zcta,95960,Nevada City,39.4414426,-121.0166256,296925,,2018-02-28,10,0,Zillow ZIP-level market for Nevada City; mapped with Census 2020 ZCTA 95960 in Yuba County.,,,,
95919 Brownsville,zcta,95919,Brownsville,39.4344381,-121.2655554,248936,,2018-02-28,10,0,Zillow ZIP-level market for Brownsville; mapped with Census 2020 ZCTA 95919 in Yuba County.,,,,
95935 Dobbins,zcta,95935,Dobbins,39.3793437,-121.192261,298218,,2018-02-28,10,0,Zillow ZIP-level market for Dobbins; mapped with Census 2020 ZCTA 95935 in Yuba County.,,,,
95922 Camptonville,zcta,95922,Camptonville,39.4667301,-121.0718654,316213,,2018-02-28,10,0,Zillow ZIP-level market for Camptonville; mapped with Census 2020 ZCTA 95922 in Yuba County.,,,,
95962 Oregon House,zcta,95962,Oregon House,39.3234046,-121.272549,303132,,2018-02-28,10,0,Zillow ZIP-level market for Oregon House; mapped with Census 2020 ZCTA 95962 in Yuba County.,,,,
95901 Marysville,zcta,95901,Marysville,39.2239387,-121.4940499,257264,,2018-03-31,10,0,Zillow ZIP-level market for Marysville; mapped with Census 2020 ZCTA 95901 in Yuba County.,,,,
95961 Olivehurst,zcta,95961,Olivehurst,39.0413331,-121.5628346,281326,,2018-03-31,10,0,Zillow ZIP-level market for Olivehurst; mapped with Census 2020 ZCTA 95961 in Yuba County.,,,,
95692 Wheatland,zcta,95692,Wheatland,39.043066,-121.4098044,302273,,2018-03-31,10,0,Zillow ZIP-level market for Wheatland; mapped with Census 2020 ZCTA 95692 in Yuba County.,,,,
95918 Browns Valley,zcta,95918,Browns Valley,39.3012294,-121.3379292,442601,,2018-03-31,10,0,Zillow ZIP-level market for Browns Valley; mapped with Census 2020 ZCTA 95918 in Yuba County.,,,,
95960 Nevada City,zcta,95960,Nevada City,39.4414426,-121.0166256,298613,,2018-03-31,10,0,Zillow ZIP-level market for Nevada City; mapped with Census 2020 ZCTA 95960 in Yuba County.,,,,
95919 Brownsville,zcta,95919,Brownsville,39.4344381,-121.2655554,251173,,2018-03-31,10,0,Zillow ZIP-level market for Brownsville; mapped with Census 2020 ZCTA 95919 in Yuba County.,,,,
95935 Dobbins,zcta,95935,Dobbins,39.3793437,-121.192261,301703,,2018-03-31,10,0,Zillow ZIP-level market for Dobbins; mapped with Census 2020 ZCTA 95935 in Yuba County.,,,,
95922 Camptonville,zcta,95922,Camptonville,39.4667301,-121.0718654,319986,,2018-03-31,10,0,Zillow ZIP-level market for Camptonville; mapped with Census 2020 ZCTA 95922 in Yuba County.,,,,
95962 Oregon House,zcta,95962,Oregon House,39.3234046,-121.272549,306160,,2018-03-31,10,0,Zillow ZIP-level market for Oregon House; mapped with Census 2020 ZCTA 95962 in Yuba County.,,,,
95901 Marysville,zcta,95901,Marysville,39.2239387,-121.4940499,259418,,2018-04-30,10,0,Zillow ZIP-level market for Marysville; mapped with Census 2020 ZCTA 95901 in Yuba County.,,,,
95961 Olivehurst,zcta,95961,Olivehurst,39.0413331,-121.5628346,284295,,2018-04-30,10,0,Zillow ZIP-level market for Olivehurst; mapped with Census 2020 ZCTA 95961 in Yuba County.,,,,
95692 Wheatland,zcta,95692,Wheatland,39.043066,-121.4098044,304413,,2018-04-30,10,0,Zillow ZIP-level market for Wheatland; mapped with Census 2020 ZCTA 95692 in Yuba County.,,,,
95918 Browns Valley,zcta,95918,Browns Valley,39.3012294,-121.3379292,446574,,2018-04-30,10,0,Zillow ZIP-level market for Browns Valley; mapped with Census 2020 ZCTA 95918 in Yuba County.,,,,
95960 Nevada City,zcta,95960,Nevada City,39.4414426,-121.0166256,300314,,2018-04-30,10,0,Zillow ZIP-level market for Nevada City; mapped with Census 2020 ZCTA 95960 in Yuba County.,,,,
95919 Brownsville,zcta,95919,Brownsville,39.4344381,-121.2655554,251980,,2018-04-30,10,0,Zillow ZIP-level market for Brownsville; mapped with Census 2020 ZCTA 95919 in Yuba County.,,,,
95935 Dobbins,zcta,95935,Dobbins,39.3793437,-121.192261,303955,,2018-04-30,10,0,Zillow ZIP-level market for Dobbins; mapped with Census 2020 ZCTA 95935 in Yuba County.,,,,
95922 Camptonville,zcta,95922,Camptonville,39.4667301,-121.0718654,321308,,2018-04-30,10,0,Zillow ZIP-level market for Camptonville; mapped with Census 2020 ZCTA 95922 in Yuba County.,,,,
95962 Oregon House,zcta,95962,Oregon House,39.3234046,-121.272549,309384,,2018-04-30,10,0,Zillow ZIP-level market for Oregon House; mapped with Census 2020 ZCTA 95962 in Yuba County.,,,,
95901 Marysville,zcta,95901,Marysville,39.2239387,-121.4940499,261111,,2018-05-31,10,0,Zillow ZIP-level market for Marysville; mapped with Census 2020 ZCTA 95901 in Yuba County.,,,,
95961 Olivehurst,zcta,95961,Olivehurst,39.0413331,-121.5628346,287343,,2018-05-31,10,0,Zillow ZIP-level market for Olivehurst; mapped with Census 2020 ZCTA 95961 in Yuba County.,,,,
95692 Wheatland,zcta,95692,Wheatland,39.043066,-121.4098044,306495,,2018-05-31,10,0,Zillow ZIP-level market for Wheatland; mapped with Census 2020 ZCTA 95692 in Yuba County.,,,,
95918 Browns Valley,zcta,95918,Browns Valley,39.3012294,-121.3379292,450717,,2018-05-31,10,0,Zillow ZIP-level market for Browns Valley; mapped with Census 2020 ZCTA 95918 in Yuba County.,,,,
95960 Nevada City,zcta,95960,Nevada City,39.4414426,-121.0166256,302109,,2018-05-31,10,0,Zillow ZIP-level market for Nevada City; mapped with Census 2020 ZCTA 95960 in Yuba County.,,,,
95919 Brownsville,zcta,95919,Brownsville,39.4344381,-121.2655554,252136,,2018-05-31,10,0,Zillow ZIP-level market for Brownsville; mapped with Census 2020 ZCTA 95919 in Yuba County.,,,,
95935 Dobbins,zcta,95935,Dobbins,39.3793437,-121.192261,306936,,2018-05-31,10,0,Zillow ZIP-level market for Dobbins; mapped with Census 2020 ZCTA 95935 in Yuba County.,,,,
95922 Camptonville,zcta,95922,Camptonville,39.4667301,-121.0718654,321341,,2018-05-31,10,0,Zillow ZIP-level market for Camptonville; mapped with Census 2020 ZCTA 95922 in Yuba County.,,,,
95962 Oregon House,zcta,95962,Oregon House,39.3234046,-121.272549,313039,,2018-05-31,10,0,Zillow ZIP-level market for Oregon House; mapped with Census 2020 ZCTA 95962 in Yuba County.,,,,
95901 Marysville,zcta,95901,Marysville,39.2239387,-121.4940499,262033,,2018-06-30,10,0,Zillow ZIP-level market for Marysville; mapped with Census 2020 ZCTA 95901 in Yuba County.,,,,
95961 Olivehurst,zcta,95961,Olivehurst,39.0413331,-121.5628346,289599,,2018-06-30,10,0,Zillow ZIP-level market for Olivehurst; mapped with Census 2020 ZCTA 95961 in Yuba County.,,,,
95692 Wheatland,zcta,95692,Wheatland,39.043066,-121.4098044,307812,,2018-06-30,10,0,Zillow ZIP-level market for Wheatland; mapped with Census 2020 ZCTA 95692 in Yuba County.,,,,
95918 Browns Valley,zcta,95918,Browns Valley,39.3012294,-121.3379292,452823,,2018-06-30,10,0,Zillow ZIP-level market for Browns Valley; mapped with Census 2020 ZCTA 95918 in Yuba County.,,,,
95960 Nevada City,zcta,95960,Nevada City,39.4414426,-121.0166256,303136,,2018-06-30,10,0,Zillow ZIP-level market for Nevada City; mapped with Census 2020 ZCTA 95960 in Yuba County.,,,,
95919 Brownsville,zcta,95919,Brownsville,39.4344381,-121.2655554,251225,,2018-06-30,10,0,Zillow ZIP-level market for Brownsville; mapped with Census 2020 ZCTA 95919 in Yuba County.,,,,
95935 Dobbins,zcta,95935,Dobbins,39.3793437,-121.192261,308186,,2018-06-30,10,0,Zillow ZIP-level market for Dobbins; mapped with Census 2020 ZCTA 95935 in Yuba County.,,,,
95922 Camptonville,zcta,95922,Camptonville,39.4667301,-121.0718654,319240,,2018-06-30,10,0,Zillow ZIP-level market for Camptonville; mapped with Census 2020 ZCTA 95922 in Yuba County.,,,,
95962 Oregon House,zcta,95962,Oregon House,39.3234046,-121.272549,315019,,2018-06-30,10,0,Zillow ZIP-level market for Oregon House; mapped with Census 2020 ZCTA 95962 in Yuba County.,,,,
95901 Marysville,zcta,95901,Marysville,39.2239387,-121.4940499,262540,,2018-07-31,10,0,Zillow ZIP-level market for Marysville; mapped with Census 2020 ZCTA 95901 in Yuba County.,,,,
95961 Olivehurst,zcta,95961,Olivehurst,39.0413331,-121.5628346,291342,,2018-07-31,10,0,Zillow ZIP-level market for Olivehurst; mapped with Census 2020 ZCTA 95961 in Yuba County.,,,,
95692 Wheatland,zcta,95692,Wheatland,39.043066,-121.4098044,308997,,2018-07-31,10,0,Zillow ZIP-level market for Wheatland; mapped with Census 2020 ZCTA 95692 in Yuba County.,,,,
95918 Browns Valley,zcta,95918,Browns Valley,39.3012294,-121.3379292,454089,,2018-07-31,10,0,Zillow ZIP-level market for Browns Valley; mapped with Census 2020 ZCTA 95918 in Yuba County.,,,,
95960 Nevada City,zcta,95960,Nevada City,39.4414426,-121.0166256,304573,,2018-07-31,10,0,Zillow ZIP-level market for Nevada City; mapped with Census 2020 ZCTA 95960 in Yuba County.,,,,
95919 Brownsville,zcta,95919,Brownsville,39.4344381,-121.2655554,250314,,2018-07-31,10,0,Zillow ZIP-level market for Brownsville; mapped with Census 2020 ZCTA 95919 in Yuba County.,,,,
95935 Dobbins,zcta,95935,Dobbins,39.3793437,-121.192261,309739,,2018-07-31,10,0,Zillow ZIP-level market for Dobbins; mapped with Census 2020 ZCTA 95935 in Yuba County.,,,,
95922 Camptonville,zcta,95922,Camptonville,39.4667301,-121.0718654,318527,,2018-07-31,10,0,Zillow ZIP-level market for Camptonville; mapped with Census 2020 ZCTA 95922 in Yuba County.,,,,
95962 Oregon House,zcta,95962,Oregon House,39.3234046,-121.272549,316265,,2018-07-31,10,0,Zillow ZIP-level market for Oregon House; mapped with Census 2020 ZCTA 95962 in Yuba County.,,,,
95901 Marysville,zcta,95901,Marysville,39.2239387,-121.4940499,262711,,2018-08-31,10,0,Zillow ZIP-level market for Marysville; mapped with Census 2020 ZCTA 95901 in Yuba County.,,,,
95961 Olivehurst,zcta,95961,Olivehurst,39.0413331,-121.5628346,292470,,2018-08-31,10,0,Zillow ZIP-level market for Olivehurst; mapped with Census 2020 ZCTA 95961 in Yuba County.,,,,
95692 Wheatland,zcta,95692,Wheatland,39.043066,-121.4098044,309892,,2018-08-31,10,0,Zillow ZIP-level market for Wheatland; mapped with Census 2020 ZCTA 95692 in Yuba County.,,,,
95918 Browns Valley,zcta,95918,Browns Valley,39.3012294,-121.3379292,454147,,2018-08-31,10,0,Zillow ZIP-level market for Browns Valley; mapped with Census 2020 ZCTA 95918 in Yuba County.,,,,
95960 Nevada City,zcta,95960,Nevada City,39.4414426,-121.0166256,305512,,2018-08-31,10,0,Zillow ZIP-level market for Nevada City; mapped with Census 2020 ZCTA 95960 in Yuba County.,,,,
95919 Brownsville,zcta,95919,Brownsville,39.4344381,-121.2655554,248673,,2018-08-31,10,0,Zillow ZIP-level market for Brownsville; mapped with Census 2020 ZCTA 95919 in Yuba County.,,,,
95935 Dobbins,zcta,95935,Dobbins,39.3793437,-121.192261,310283,,2018-08-31,10,0,Zillow ZIP-level market for Dobbins; mapped with Census 2020 ZCTA 95935 in Yuba County.,,,,
95922 Camptonville,zcta,95922,Camptonville,39.4667301,-121.0718654,318781,,2018-08-31,10,0,Zillow ZIP-level market for Camptonville; mapped with Census 2020 ZCTA 95922 in Yuba County.,,,,
95962 Oregon House,zcta,95962,Oregon House,39.3234046,-121.272549,317543,,2018-08-31,10,0,Zillow ZIP-level market for Oregon House; mapped with Census 2020 ZCTA 95962 in Yuba County.,,,,
95901 Marysville,zcta,95901,Marysville,39.2239387,-121.4940499,262744,,2018-09-30,10,0,Zillow ZIP-level market for Marysville; mapped with Census 2020 ZCTA 95901 in Yuba County.,,,,
95961 Olivehurst,zcta,95961,Olivehurst,39.0413331,-121.5628346,293080,,2018-09-30,10,0,Zillow ZIP-level market for Olivehurst; mapped with Census 2020 ZCTA 95961 in Yuba County.,,,,
95692 Wheatland,zcta,95692,Wheatland,39.043066,-121.4098044,310596,,2018-09-30,10,0,Zillow ZIP-level market for Wheatland; mapped with Census 2020 ZCTA 95692 in Yuba County.,,,,
95918 Browns Valley,zcta,95918,Browns Valley,39.3012294,-121.3379292,454453,,2018-09-30,10,0,Zillow ZIP-level market for Browns Valley; mapped with Census 2020 ZCTA 95918 in Yuba County.,,,,
95960 Nevada City,zcta,95960,Nevada City,39.4414426,-121.0166256,305659,,2018-09-30,10,0,Zillow ZIP-level market for Nevada City; mapped with Census 2020 ZCTA 95960 in Yuba County.,,,,
95919 Brownsville,zcta,95919,Brownsville,39.4344381,-121.2655554,246971,,2018-09-30,10,0,Zillow ZIP-level market for Brownsville; mapped with Census 2020 ZCTA 95919 in Yuba County.,,,,
95935 Dobbins,zcta,95935,Dobbins,39.3793437,-121.192261,310798,,2018-09-30,10,0,Zillow ZIP-level market for Dobbins; mapped with Census 2020 ZCTA 95935 in Yuba County.,,,,
95922 Camptonville,zcta,95922,Camptonville,39.4667301,-121.0718654,318392,,2018-09-30,10,0,Zillow ZIP-level market for Camptonville; mapped with Census 2020 ZCTA 95922 in Yuba County.,,,,
95962 Oregon House,zcta,95962,Oregon House,39.3234046,-121.272549,318943,,2018-09-30,10,0,Zillow ZIP-level market for Oregon House; mapped with Census 2020 ZCTA 95962 in Yuba County.,,,,
95901 Marysville,zcta,95901,Marysville,39.2239387,-121.4940499,263110,,2018-10-31,10,0,Zillow ZIP-level market for Marysville; mapped with Census 2020 ZCTA 95901 in Yuba County.,,,,
95961 Olivehurst,zcta,95961,Olivehurst,39.0413331,-121.5628346,293869,,2018-10-31,10,0,Zillow ZIP-level market for Olivehurst; mapped with Census 2020 ZCTA 95961 in Yuba County.,,,,
95692 Wheatland,zcta,95692,Wheatland,39.043066,-121.4098044,311119,,2018-10-31,10,0,Zillow ZIP-level market for Wheatland; mapped with Census 2020 ZCTA 95692 in Yuba County.,,,,
95918 Browns Valley,zcta,95918,Browns Valley,39.3012294,-121.3379292,454801,,2018-10-31,10,0,Zillow ZIP-level market for Browns Valley; mapped with Census 2020 ZCTA 95918 in Yuba County.,,,,
95960 Nevada City,zcta,95960,Nevada City,39.4414426,-121.0166256,304914,,2018-10-31,10,0,Zillow ZIP-level market for Nevada City; mapped with Census 2020 ZCTA 95960 in Yuba County.,,,,
95919 Brownsville,zcta,95919,Brownsville,39.4344381,-121.2655554,246066,,2018-10-31,10,0,Zillow ZIP-level market for Brownsville; mapped with Census 2020 ZCTA 95919 in Yuba County.,,,,
95935 Dobbins,zcta,95935,Dobbins,39.3793437,-121.192261,309935,,2018-10-31,10,0,Zillow ZIP-level market for Dobbins; mapped with Census 2020 ZCTA 95935 in Yuba County.,,,,
95922 Camptonville,zcta,95922,Camptonville,39.4667301,-121.0718654,315227,,2018-10-31,10,0,Zillow ZIP-level market for Camptonville; mapped with Census 2020 ZCTA 95922 in Yuba County.,,,,
95962 Oregon House,zcta,95962,Oregon House,39.3234046,-121.272549,320326,,2018-10-31,10,0,Zillow ZIP-level market for Oregon House; mapped with Census 2020 ZCTA 95962 in Yuba County.,,,,
95901 Marysville,zcta,95901,Marysville,39.2239387,-121.4940499,263478,,2018-11-30,10,0,Zillow ZIP-level market for Marysville; mapped with Census 2020 ZCTA 95901 in Yuba County.,,,,
95961 Olivehurst,zcta,95961,Olivehurst,39.0413331,-121.5628346,294246,,2018-11-30,10,0,Zillow ZIP-level market for Olivehurst; mapped with Census 2020 ZCTA 95961 in Yuba County.,,,,
95692 Wheatland,zcta,95692,Wheatland,39.043066,-121.4098044,310918,,2018-11-30,10,0,Zillow ZIP-level market for Wheatland; mapped with Census 2020 ZCTA 95692 in Yuba County.,,,,
95918 Browns Valley,zcta,95918,Browns Valley,39.3012294,-121.3379292,455618,,2018-11-30,10,0,Zillow ZIP-level market for Browns Valley; mapped with Census 2020 ZCTA 95918 in Yuba County.,,,,
95960 Nevada City,zcta,95960,Nevada City,39.4414426,-121.0166256,303687,,2018-11-30,10,0,Zillow ZIP-level market for Nevada City; mapped with Census 2020 ZCTA 95960 in Yuba County.,,,,
95919 Brownsville,zcta,95919,Brownsville,39.4344381,-121.2655554,245307,,2018-11-30,10,0,Zillow ZIP-level market for Brownsville; mapped with Census 2020 ZCTA 95919 in Yuba County.,,,,
95935 Dobbins,zcta,95935,Dobbins,39.3793437,-121.192261,308937,,2018-11-30,10,0,Zillow ZIP-level market for Dobbins; mapped with Census 2020 ZCTA 95935 in Yuba County.,,,,
95922 Camptonville,zcta,95922,Camptonville,39.4667301,-121.0718654,311080,,2018-11-30,10,0,Zillow ZIP-level market for Camptonville; mapped with Census 2020 ZCTA 95922 in Yuba County.,,,,
95962 Oregon House,zcta,95962,Oregon House,39.3234046,-121.272549,320411,,2018-11-30,10,0,Zillow ZIP-level market for Oregon House; mapped with Census 2020 ZCTA 95962 in Yuba County.,,,,
95901 Marysville,zcta,95901,Marysville,39.2239387,-121.4940499,263964,,2018-12-31,10,0,Zillow ZIP-level market for Marysville; mapped with Census 2020 ZCTA 95901 in Yuba County.,,,,
95961 Olivehurst,zcta,95961,Olivehurst,39.0413331,-121.5628346,295042,,2018-12-31,10,0,Zillow ZIP-level market for Olivehurst; mapped with Census 2020 ZCTA 95961 in Yuba County.,,,,
95692 Wheatland,zcta,95692,Wheatland,39.043066,-121.4098044,311228,,2018-12-31,10,0,Zillow ZIP-level market for Wheatland; mapped with Census 2020 ZCTA 95692 in Yuba County.,,,,
95918 Browns Valley,zcta,95918,Browns Valley,39.3012294,-121.3379292,456134,,2018-12-31,10,0,Zillow ZIP-level market for Browns Valley; mapped with Census 2020 ZCTA 95918 in Yuba County.,,,,
95960 Nevada City,zcta,95960,Nevada City,39.4414426,-121.0166256,303030,,2018-12-31,10,0,Zillow ZIP-level market for Nevada City; mapped with Census 2020 ZCTA 95960 in Yuba County.,,,,
95919 Brownsville,zcta,95919,Brownsville,39.4344381,-121.2655554,245328,,2018-12-31,10,0,Zillow ZIP-level market for Brownsville; mapped with Census 2020 ZCTA 95919 in Yuba County.,,,,
95935 Dobbins,zcta,95935,Dobbins,39.3793437,-121.192261,308254,,2018-12-31,10,0,Zillow ZIP-level market for Dobbins; mapped with Census 2020 ZCTA 95935 in Yuba County.,,,,
95922 Camptonville,zcta,95922,Camptonville,39.4667301,-121.0718654,306842,,2018-12-31,10,0,Zillow ZIP-level market for Camptonville; mapped with Census 2020 ZCTA 95922 in Yuba County.,,,,
95962 Oregon House,zcta,95962,Oregon House,39.3234046,-121.272549,320378,,2018-12-31,10,0,Zillow ZIP-level market for Oregon House; mapped with Census 2020 ZCTA 95962 in Yuba County.,,,,
95901 Marysville,zcta,95901,Marysville,39.2239387,-121.4940499,265162,,2019-01-31,10,0,Zillow ZIP-level market for Marysville; mapped with Census 2020 ZCTA 95901 in Yuba County.,,,,
95961 Olivehurst,zcta,95961,Olivehurst,39.0413331,-121.5628346,296411,,2019-01-31,10,0,Zillow ZIP-level market for Olivehurst; mapped with Census 2020 ZCTA 95961 in Yuba County.,,,,
95692 Wheatland,zcta,95692,Wheatland,39.043066,-121.4098044,312219,,2019-01-31,10,0,Zillow ZIP-level market for Wheatland; mapped with Census 2020 ZCTA 95692 in Yuba County.,,,,
95918 Browns Valley,zcta,95918,Browns Valley,39.3012294,-121.3379292,455640,,2019-01-31,10,0,Zillow ZIP-level market for Browns Valley; mapped with Census 2020 ZCTA 95918 in Yuba County.,,,,
95960 Nevada City,zcta,95960,Nevada City,39.4414426,-121.0166256,302779,,2019-01-31,10,0,Zillow ZIP-level market for Nevada City; mapped with Census 2020 ZCTA 95960 in Yuba County.,,,,
95919 Brownsville,zcta,95919,Brownsville,39.4344381,-121.2655554,245130,,2019-01-31,10,0,Zillow ZIP-level market for Brownsville; mapped with Census 2020 ZCTA 95919 in Yuba County.,,,,
95935 Dobbins,zcta,95935,Dobbins,39.3793437,-121.192261,307840,,2019-01-31,10,0,Zillow ZIP-level market for Dobbins; mapped with Census 2020 ZCTA 95935 in Yuba County.,,,,
95922 Camptonville,zcta,95922,Camptonville,39.4667301,-121.0718654,305243,,2019-01-31,10,0,Zillow ZIP-level market for Camptonville; mapped with Census 2020 ZCTA 95922 in Yuba County.,,,,
95962 Oregon House,zcta,95962,Oregon House,39.3234046,-121.272549,320096,,2019-01-31,10,0,Zillow ZIP-level market for Oregon House; mapped with Census 2020 ZCTA 95962 in Yuba County.,,,,
95901 Marysville,zcta,95901,Marysville,39.2239387,-121.4940499,267488,,2019-02-28,10,0,Zillow ZIP-level market for Marysville; mapped with Census 2020 ZCTA 95901 in Yuba County.,,,,
95961 Olivehurst,zcta,95961,Olivehurst,39.0413331,-121.5628346,299089,,2019-02-28,10,0,Zillow ZIP-level market for Olivehurst; mapped with Census 2020 ZCTA 95961 in Yuba County.,,,,
95692 Wheatland,zcta,95692,Wheatland,39.043066,-121.4098044,314881,,2019-02-28,10,0,Zillow ZIP-level market for Wheatland; mapped with Census 2020 ZCTA 95692 in Yuba County.,,,,
95918 Browns Valley,zcta,95918,Browns Valley,39.3012294,-121.3379292,455846,,2019-02-28,10,0,Zillow ZIP-level market for Browns Valley; mapped with Census 2020 ZCTA 95918 in Yuba County.,,,,
95960 Nevada City,zcta,95960,Nevada City,39.4414426,-121.0166256,303754,,2019-02-28,10,0,Zillow ZIP-level market for Nevada City; mapped with Census 2020 ZCTA 95960 in Yuba County.,,,,
95919 Brownsville,zcta,95919,Brownsville,39.4344381,-121.2655554,246133,,2019-02-28,10,0,Zillow ZIP-level market for Brownsville; mapped with Census 2020 ZCTA 95919 in Yuba County.,,,,
95935 Dobbins,zcta,95935,Dobbins,39.3793437,-121.192261,308981,,2019-02-28,10,0,Zillow ZIP-level market for Dobbins; mapped with Census 2020 ZCTA 95935 in Yuba County.,,,,
95922 Camptonville,zcta,95922,Camptonville,39.4667301,-121.0718654,306591,,2019-02-28,10,0,Zillow ZIP-level market for Camptonville; mapped with Census 2020 ZCTA 95922 in Yuba County.,,,,
95962 Oregon House,zcta,95962,Oregon House,39.3234046,-121.272549,321280,,2019-02-28,10,0,Zillow ZIP-level market for Oregon House; mapped with Census 2020 ZCTA 95962 in Yuba County.,,,,
95901 Marysville,zcta,95901,Marysville,39.2239387,-121.4940499,270596,,2019-03-31,10,0,Zillow ZIP-level market for Marysville; mapped with Census 2020 ZCTA 95901 in Yuba County.,,,,
95961 Olivehurst,zcta,95961,Olivehurst,39.0413331,-121.5628346,302301,,2019-03-31,10,0,Zillow ZIP-level market for Olivehurst; mapped with Census 2020 ZCTA 95961 in Yuba County.,,,,
95692 Wheatland,zcta,95692,Wheatland,39.043066,-121.4098044,317989,,2019-03-31,10,0,Zillow ZIP-level market for Wheatland; mapped with Census 2020 ZCTA 95692 in Yuba County.,,,,
95918 Browns Valley,zcta,95918,Browns Valley,39.3012294,-121.3379292,456507,,2019-03-31,10,0,Zillow ZIP-level market for Browns Valley; mapped with Census 2020 ZCTA 95918 in Yuba County.,,,,
95960 Nevada City,zcta,95960,Nevada City,39.4414426,-121.0166256,305852,,2019-03-31,10,0,Zillow ZIP-level market for Nevada City; mapped with Census 2020 ZCTA 95960 in Yuba County.,,,,
95919 Brownsville,zcta,95919,Brownsville,39.4344381,-121.2655554,247301,,2019-03-31,10,0,Zillow ZIP-level market for Brownsville; mapped with Census 2020 ZCTA 95919 in Yuba County.,,,,
95935 Dobbins,zcta,95935,Dobbins,39.3793437,-121.192261,310914,,2019-03-31,10,0,Zillow ZIP-level market for Dobbins; mapped with Census 2020 ZCTA 95935 in Yuba County.,,,,
95922 Camptonville,zcta,95922,Camptonville,39.4667301,-121.0718654,310573,,2019-03-31,10,0,Zillow ZIP-level market for Camptonville; mapped with Census 2020 ZCTA 95922 in Yuba County.,,,,
95962 Oregon House,zcta,95962,Oregon House,39.3234046,-121.272549,322313,,2019-03-31,10,0,Zillow ZIP-level market for Oregon House; mapped with Census 2020 ZCTA 95962 in Yuba County.,,,,
95901 Marysville,zcta,95901,Marysville,39.2239387,-121.4940499,273312,,2019-04-30,10,0,Zillow ZIP-level market for Marysville; mapped with Census 2020 ZCTA 95901 in Yuba County.,,,,
95961 Olivehurst,zcta,95961,Olivehurst,39.0413331,-121.5628346,305114,,2019-04-30,10,0,Zillow ZIP-level market for Olivehurst; mapped with Census 2020 ZCTA 95961 in Yuba County.,,,,
95692 Wheatland,zcta,95692,Wheatland,39.043066,-121.4098044,320536,,2019-04-30,10,0,Zillow ZIP-level market for Wheatland; mapped with Census 2020 ZCTA 95692 in Yuba County.,,,,
95918 Browns Valley,zcta,95918,Browns Valley,39.3012294,-121.3379292,457944,,2019-04-30,10,0,Zillow ZIP-level market for Browns Valley; mapped with Census 2020 ZCTA 95918 in Yuba County.,,,,
95960 Nevada City,zcta,95960,Nevada City,39.4414426,-121.0166256,308172,,2019-04-30,10,0,Zillow ZIP-level market for Nevada City; mapped with Census 2020 ZCTA 95960 in Yuba County.,,,,
95919 Brownsville,zcta,95919,Brownsville,39.4344381,-121.2655554,248815,,2019-04-30,10,0,Zillow ZIP-level market for Brownsville; mapped with Census 2020 ZCTA 95919 in Yuba County.,,,,
95935 Dobbins,zcta,95935,Dobbins,39.3793437,-121.192261,312763,,2019-04-30,10,0,Zillow ZIP-level market for Dobbins; mapped with Census 2020 ZCTA 95935 in Yuba County.,,,,
95922 Camptonville,zcta,95922,Camptonville,39.4667301,-121.0718654,313786,,2019-04-30,10,0,Zillow ZIP-level market for Camptonville; mapped with Census 2020 ZCTA 95922 in Yuba County.,,,,
95962 Oregon House,zcta,95962,Oregon House,39.3234046,-121.272549,322838,,2019-04-30,10,0,Zillow ZIP-level market for Oregon House; mapped with Census 2020 ZCTA 95962 in Yuba County.,,,,
95901 Marysville,zcta,95901,Marysville,39.2239387,-121.4940499,275495,,2019-05-31,10,0,Zillow ZIP-level market for Marysville; mapped with Census 2020 ZCTA 95901 in Yuba County.,,,,
95961 Olivehurst,zcta,95961,Olivehurst,39.0413331,-121.5628346,307299,,2019-05-31,10,0,Zillow ZIP-level market for Olivehurst; mapped with Census 2020 ZCTA 95961 in Yuba County.,,,,
95692 Wheatland,zcta,95692,Wheatland,39.043066,-121.4098044,322055,,2019-05-31,10,0,Zillow ZIP-level market for Wheatland; mapped with Census 2020 ZCTA 95692 in Yuba County.,,,,
95918 Browns Valley,zcta,95918,Browns Valley,39.3012294,-121.3379292,458817,,2019-05-31,10,0,Zillow ZIP-level market for Browns Valley; mapped with Census 2020 ZCTA 95918 in Yuba County.,,,,
95960 Nevada City,zcta,95960,Nevada City,39.4414426,-121.0166256,310434,,2019-05-31,10,0,Zillow ZIP-level market for Nevada City; mapped with Census 2020 ZCTA 95960 in Yuba County.,,,,
95919 Brownsville,zcta,95919,Brownsville,39.4344381,-121.2655554,250970,,2019-05-31,10,0,Zillow ZIP-level market for Brownsville; mapped with Census 2020 ZCTA 95919 in Yuba County.,,,,
95935 Dobbins,zcta,95935,Dobbins,39.3793437,-121.192261,313855,,2019-05-31,10,0,Zillow ZIP-level market for Dobbins; mapped with Census 2020 ZCTA 95935 in Yuba County.,,,,
95922 Camptonville,zcta,95922,Camptonville,39.4667301,-121.0718654,315995,,2019-05-31,10,0,Zillow ZIP-level market for Camptonville; mapped with Census 2020 ZCTA 95922 in Yuba County.,,,,
95962 Oregon House,zcta,95962,Oregon House,39.3234046,-121.272549,323253,,2019-05-31,10,0,Zillow ZIP-level market for Oregon House; mapped with Census 2020 ZCTA 95962 in Yuba County.,,,,
95901 Marysville,zcta,95901,Marysville,39.2239387,-121.4940499,277521,,2019-06-30,10,0,Zillow ZIP-level market for Marysville; mapped with Census 2020 ZCTA 95901 in Yuba County.,,,,
95961 Olivehurst,zcta,95961,Olivehurst,39.0413331,-121.5628346,309395,,2019-06-30,10,0,Zillow ZIP-level market for Olivehurst; mapped with Census 2020 ZCTA 95961 in Yuba County.,,,,
95692 Wheatland,zcta,95692,Wheatland,39.043066,-121.4098044,322954,,2019-06-30,10,0,Zillow ZIP-level market for Wheatland; mapped with Census 2020 ZCTA 95692 in Yuba County.,,,,
95918 Browns Valley,zcta,95918,Browns Valley,39.3012294,-121.3379292,460771,,2019-06-30,10,0,Zillow ZIP-level market for Browns Valley; mapped with Census 2020 ZCTA 95918 in Yuba County.,,,,
95960 Nevada City,zcta,95960,Nevada City,39.4414426,-121.0166256,311717,,2019-06-30,10,0,Zillow ZIP-level market for Nevada City; mapped with Census 2020 ZCTA 95960 in Yuba County.,,,,
95919 Brownsville,zcta,95919,Brownsville,39.4344381,-121.2655554,253696,,2019-06-30,10,0,Zillow ZIP-level market for Brownsville; mapped with Census 2020 ZCTA 95919 in Yuba County.,,,,
95935 Dobbins,zcta,95935,Dobbins,39.3793437,-121.192261,314710,,2019-06-30,10,0,Zillow ZIP-level market for Dobbins; mapped with Census 2020 ZCTA 95935 in Yuba County.,,,,
95922 Camptonville,zcta,95922,Camptonville,39.4667301,-121.0718654,319784,,2019-06-30,10,0,Zillow ZIP-level market for Camptonville; mapped with Census 2020 ZCTA 95922 in Yuba County.,,,,
95962 Oregon House,zcta,95962,Oregon House,39.3234046,-121.272549,324995,,2019-06-30,10,0,Zillow ZIP-level market for Oregon House; mapped with Census 2020 ZCTA 95962 in Yuba County.,,,,
95901 Marysville,zcta,95901,Marysville,39.2239387,-121.4940499,279409,,2019-07-31,10,0,Zillow ZIP-level market for Marysville; mapped with Census 2020 ZCTA 95901 in Yuba County.,,,,
95961 Olivehurst,zcta,95961,Olivehurst,39.0413331,-121.5628346,311442,,2019-07-31,10,0,Zillow ZIP-level market for Olivehurst; mapped with Census 2020 ZCTA 95961 in Yuba County.,,,,
95692 Wheatland,zcta,95692,Wheatland,39.043066,-121.4098044,324252,,2019-07-31,10,0,Zillow ZIP-level market for Wheatland; mapped with Census 2020 ZCTA 95692 in Yuba County.,,,,
95918 Browns Valley,zcta,95918,Browns Valley,39.3012294,-121.3379292,463623,,2019-07-31,10,0,Zillow ZIP-level market for Browns Valley; mapped with Census 2020 ZCTA 95918 in Yuba County.,,,,
95960 Nevada City,zcta,95960,Nevada City,39.4414426,-121.0166256,312932,,2019-07-31,10,0,Zillow ZIP-level market for Nevada City; mapped with Census 2020 ZCTA 95960 in Yuba County.,,,,
95919 Brownsville,zcta,95919,Brownsville,39.4344381,-121.2655554,257180,,2019-07-31,10,0,Zillow ZIP-level market for Brownsville; mapped with Census 2020 ZCTA 95919 in Yuba County.,,,,
95935 Dobbins,zcta,95935,Dobbins,39.3793437,-121.192261,316546,,2019-07-31,10,0,Zillow ZIP-level market for Dobbins; mapped with Census 2020 ZCTA 95935 in Yuba County.,,,,
95922 Camptonville,zcta,95922,Camptonville,39.4667301,-121.0718654,324405,,2019-07-31,10,0,Zillow ZIP-level market for Camptonville; mapped with Census 2020 ZCTA 95922 in Yuba County.,,,,
95962 Oregon House,zcta,95962,Oregon House,39.3234046,-121.272549,327640,,2019-07-31,10,0,Zillow ZIP-level market for Oregon House; mapped with Census 2020 ZCTA 95962 in Yuba County.,,,,
95901 Marysville,zcta,95901,Marysville,39.2239387,-121.4940499,281454,,2019-08-31,10,0,Zillow ZIP-level market for Marysville; mapped with Census 2020 ZCTA 95901 in Yuba County.,,,,
95961 Olivehurst,zcta,95961,Olivehurst,39.0413331,-121.5628346,313060,,2019-08-31,10,0,Zillow ZIP-level market for Olivehurst; mapped with Census 2020 ZCTA 95961 in Yuba County.,,,,
95692 Wheatland,zcta,95692,Wheatland,39.043066,-121.4098044,325440,,2019-08-31,10,0,Zillow ZIP-level market for Wheatland; mapped with Census 2020 ZCTA 95692 in Yuba County.,,,,
95918 Browns Valley,zcta,95918,Browns Valley,39.3012294,-121.3379292,467224,,2019-08-31,10,0,Zillow ZIP-level market for Browns Valley; mapped with Census 2020 ZCTA 95918 in Yuba County.,,,,
95960 Nevada City,zcta,95960,Nevada City,39.4414426,-121.0166256,313877,,2019-08-31,10,0,Zillow ZIP-level market for Nevada City; mapped with Census 2020 ZCTA 95960 in Yuba County.,,,,
95919 Brownsville,zcta,95919,Brownsville,39.4344381,-121.2655554,261002,,2019-08-31,10,0,Zillow ZIP-level market for Brownsville; mapped with Census 2020 ZCTA 95919 in Yuba County.,,,,
95935 Dobbins,zcta,95935,Dobbins,39.3793437,-121.192261,318189,,2019-08-31,10,0,Zillow ZIP-level market for Dobbins; mapped with Census 2020 ZCTA 95935 in Yuba County.,,,,
95922 Camptonville,zcta,95922,Camptonville,39.4667301,-121.0718654,328736,,2019-08-31,10,0,Zillow ZIP-level market for Camptonville; mapped with Census 2020 ZCTA 95922 in Yuba County.,,,,
95962 Oregon House,zcta,95962,Oregon House,39.3234046,-121.272549,330327,,2019-08-31,10,0,Zillow ZIP-level market for Oregon House; mapped with Census 2020 ZCTA 95962 in Yuba County.,,,,
95901 Marysville,zcta,95901,Marysville,39.2239387,-121.4940499,283361,,2019-09-30,10,0,Zillow ZIP-level market for Marysville; mapped with Census 2020 ZCTA 95901 in Yuba County.,,,,
95961 Olivehurst,zcta,95961,Olivehurst,39.0413331,-121.5628346,314261,,2019-09-30,10,0,Zillow ZIP-level market for Olivehurst; mapped with Census 2020 ZCTA 95961 in Yuba County.,,,,
95692 Wheatland,zcta,95692,Wheatland,39.043066,-121.4098044,327061,,2019-09-30,10,0,Zillow ZIP-level market for Wheatland; mapped with Census 2020 ZCTA 95692 in Yuba County.,,,,
95918 Browns Valley,zcta,95918,Browns Valley,39.3012294,-121.3379292,469620,,2019-09-30,10,0,Zillow ZIP-level market for Browns Valley; mapped with Census 2020 ZCTA 95918 in Yuba County.,,,,
95960 Nevada City,zcta,95960,Nevada City,39.4414426,-121.0166256,314638,,2019-09-30,10,0,Zillow ZIP-level market for Nevada City; mapped with Census 2020 ZCTA 95960 in Yuba County.,,,,
95919 Brownsville,zcta,95919,Brownsville,39.4344381,-121.2655554,265138,,2019-09-30,10,0,Zillow ZIP-level market for Brownsville; mapped with Census 2020 ZCTA 95919 in Yuba County.,,,,
95935 Dobbins,zcta,95935,Dobbins,39.3793437,-121.192261,320348,,2019-09-30,10,0,Zillow ZIP-level market for Dobbins; mapped with Census 2020 ZCTA 95935 in Yuba County.,,,,
95922 Camptonville,zcta,95922,Camptonville,39.4667301,-121.0718654,330852,,2019-09-30,10,0,Zillow ZIP-level market for Camptonville; mapped with Census 2020 ZCTA 95922 in Yuba County.,,,,
95962 Oregon House,zcta,95962,Oregon House,39.3234046,-121.272549,332409,,2019-09-30,10,0,Zillow ZIP-level market for Oregon House; mapped with Census 2020 ZCTA 95962 in Yuba County.,,,,
95901 Marysville,zcta,95901,Marysville,39.2239387,-121.4940499,285462,,2019-10-31,10,0,Zillow ZIP-level market for Marysville; mapped with Census 2020 ZCTA 95901 in Yuba County.,,,,
95961 Olivehurst,zcta,95961,Olivehurst,39.0413331,-121.5628346,315639,,2019-10-31,10,0,Zillow ZIP-level market for Olivehurst; mapped with Census 2020 ZCTA 95961 in Yuba County.,,,,
95692 Wheatland,zcta,95692,Wheatland,39.043066,-121.4098044,328696,,2019-10-31,10,0,Zillow ZIP-level market for Wheatland; mapped with Census 2020 ZCTA 95692 in Yuba County.,,,,
95918 Browns Valley,zcta,95918,Browns Valley,39.3012294,-121.3379292,471937,,2019-10-31,10,0,Zillow ZIP-level market for Browns Valley; mapped with Census 2020 ZCTA 95918 in Yuba County.,,,,
95960 Nevada City,zcta,95960,Nevada City,39.4414426,-121.0166256,315321,,2019-10-31,10,0,Zillow ZIP-level market for Nevada City; mapped with Census 2020 ZCTA 95960 in Yuba County.,,,,
95919 Brownsville,zcta,95919,Brownsville,39.4344381,-121.2655554,269572,,2019-10-31,10,0,Zillow ZIP-level market for Brownsville; mapped with Census 2020 ZCTA 95919 in Yuba County.,,,,
95935 Dobbins,zcta,95935,Dobbins,39.3793437,-121.192261,322553,,2019-10-31,10,0,Zillow ZIP-level market for Dobbins; mapped with Census 2020 ZCTA 95935 in Yuba County.,,,,
95922 Camptonville,zcta,95922,Camptonville,39.4667301,-121.0718654,333161,,2019-10-31,10,0,Zillow ZIP-level market for Camptonville; mapped with Census 2020 ZCTA 95922 in Yuba County.,,,,
95962 Oregon House,zcta,95962,Oregon House,39.3234046,-121.272549,334309,,2019-10-31,10,0,Zillow ZIP-level market for Oregon House; mapped with Census 2020 ZCTA 95962 in Yuba County.,,,,
95901 Marysville,zcta,95901,Marysville,39.2239387,-121.4940499,287398,,2019-11-30,10,0,Zillow ZIP-level market for Marysville; mapped with Census 2020 ZCTA 95901 in Yuba County.,,,,
95961 Olivehurst,zcta,95961,Olivehurst,39.0413331,-121.5628346,317585,,2019-11-30,10,0,Zillow ZIP-level market for Olivehurst; mapped with Census 2020 ZCTA 95961 in Yuba County.,,,,
95692 Wheatland,zcta,95692,Wheatland,39.043066,-121.4098044,331024,,2019-11-30,10,0,Zillow ZIP-level market for Wheatland; mapped with Census 2020 ZCTA 95692 in Yuba County.,,,,
95918 Browns Valley,zcta,95918,Browns Valley,39.3012294,-121.3379292,473368,,2019-11-30,10,0,Zillow ZIP-level market for Browns Valley; mapped with Census 2020 ZCTA 95918 in Yuba County.,,,,
95960 Nevada City,zcta,95960,Nevada City,39.4414426,-121.0166256,315059,,2019-11-30,10,0,Zillow ZIP-level market for Nevada City; mapped with Census 2020 ZCTA 95960 in Yuba County.,,,,
95919 Brownsville,zcta,95919,Brownsville,39.4344381,-121.2655554,272934,,2019-11-30,10,0,Zillow ZIP-level market for Brownsville; mapped with Census 2020 ZCTA 95919 in Yuba County.,,,,
95935 Dobbins,zcta,95935,Dobbins,39.3793437,-121.192261,325242,,2019-11-30,10,0,Zillow ZIP-level market for Dobbins; mapped with Census 2020 ZCTA 95935 in Yuba County.,,,,
95922 Camptonville,zcta,95922,Camptonville,39.4667301,-121.0718654,334887,,2019-11-30,10,0,Zillow ZIP-level market for Camptonville; mapped with Census 2020 ZCTA 95922 in Yuba County.,,,,
95962 Oregon House,zcta,95962,Oregon House,39.3234046,-121.272549,336263,,2019-11-30,10,0,Zillow ZIP-level market for Oregon House; mapped with Census 2020 ZCTA 95962 in Yuba County.,,,,
95901 Marysville,zcta,95901,Marysville,39.2239387,-121.4940499,288937,,2019-12-31,10,0,Zillow ZIP-level market for Marysville; mapped with Census 2020 ZCTA 95901 in Yuba County.,,,,
95961 Olivehurst,zcta,95961,Olivehurst,39.0413331,-121.5628346,319766,,2019-12-31,10,0,Zillow ZIP-level market for Olivehurst; mapped with Census 2020 ZCTA 95961 in Yuba County.,,,,
95692 Wheatland,zcta,95692,Wheatland,39.043066,-121.4098044,333552,,2019-12-31,10,0,Zillow ZIP-level market for Wheatland; mapped with Census 2020 ZCTA 95692 in Yuba County.,,,,
95918 Browns Valley,zcta,95918,Browns Valley,39.3012294,-121.3379292,474756,,2019-12-31,10,0,Zillow ZIP-level market for Browns Valley; mapped with Census 2020 ZCTA 95918 in Yuba County.,,,,
95960 Nevada City,zcta,95960,Nevada City,39.4414426,-121.0166256,314440,,2019-12-31,10,0,Zillow ZIP-level market for Nevada City; mapped with Census 2020 ZCTA 95960 in Yuba County.,,,,
95919 Brownsville,zcta,95919,Brownsville,39.4344381,-121.2655554,275533,,2019-12-31,10,0,Zillow ZIP-level market for Brownsville; mapped with Census 2020 ZCTA 95919 in Yuba County.,,,,
95935 Dobbins,zcta,95935,Dobbins,39.3793437,-121.192261,326842,,2019-12-31,10,0,Zillow ZIP-level market for Dobbins; mapped with Census 2020 ZCTA 95935 in Yuba County.,,,,
95922 Camptonville,zcta,95922,Camptonville,39.4667301,-121.0718654,335886,,2019-12-31,10,0,Zillow ZIP-level market for Camptonville; mapped with Census 2020 ZCTA 95922 in Yuba County.,,,,
95962 Oregon House,zcta,95962,Oregon House,39.3234046,-121.272549,338023,,2019-12-31,10,0,Zillow ZIP-level market for Oregon House; mapped with Census 2020 ZCTA 95962 in Yuba County.,,,,
95901 Marysville,zcta,95901,Marysville,39.2239387,-121.4940499,290251,,2020-01-31,10,0,Zillow ZIP-level market for Marysville; mapped with Census 2020 ZCTA 95901 in Yuba County.,,,,
95961 Olivehurst,zcta,95961,Olivehurst,39.0413331,-121.5628346,322324,,2020-01-31,10,0,Zillow ZIP-level market for Olivehurst; mapped with Census 2020 ZCTA 95961 in Yuba County.,,,,
95692 Wheatland,zcta,95692,Wheatland,39.043066,-121.4098044,336809,,2020-01-31,10,0,Zillow ZIP-level market for Wheatland; mapped with Census 2020 ZCTA 95692 in Yuba County.,,,,
95918 Browns Valley,zcta,95918,Browns Valley,39.3012294,-121.3379292,474138,,2020-01-31,10,0,Zillow ZIP-level market for Browns Valley; mapped with Census 2020 ZCTA 95918 in Yuba County.,,,,
95960 Nevada City,zcta,95960,Nevada City,39.4414426,-121.0166256,314251,,2020-01-31,10,0,Zillow ZIP-level market for Nevada City; mapped with Census 2020 ZCTA 95960 in Yuba County.,,,,
95919 Brownsville,zcta,95919,Brownsville,39.4344381,-121.2655554,276841,,2020-01-31,10,0,Zillow ZIP-level market for Brownsville; mapped with Census 2020 ZCTA 95919 in Yuba County.,,,,
95935 Dobbins,zcta,95935,Dobbins,39.3793437,-121.192261,326172,,2020-01-31,10,0,Zillow ZIP-level market for Dobbins; mapped with Census 2020 ZCTA 95935 in Yuba County.,,,,
95922 Camptonville,zcta,95922,Camptonville,39.4667301,-121.0718654,336554,,2020-01-31,10,0,Zillow ZIP-level market for Camptonville; mapped with Census 2020 ZCTA 95922 in Yuba County.,,,,
95962 Oregon House,zcta,95962,Oregon House,39.3234046,-121.272549,337113,,2020-01-31,10,0,Zillow ZIP-level market for Oregon House; mapped with Census 2020 ZCTA 95962 in Yuba County.,,,,
95901 Marysville,zcta,95901,Marysville,39.2239387,-121.4940499,291321,,2020-02-29,10,0,Zillow ZIP-level market for Marysville; mapped with Census 2020 ZCTA 95901 in Yuba County.,,,,
95961 Olivehurst,zcta,95961,Olivehurst,39.0413331,-121.5628346,325021,,2020-02-29,10,0,Zillow ZIP-level market for Olivehurst; mapped with Census 2020 ZCTA 95961 in Yuba County.,,,,
95692 Wheatland,zcta,95692,Wheatland,39.043066,-121.4098044,339902,,2020-02-29,10,0,Zillow ZIP-level market for Wheatland; mapped with Census 2020 ZCTA 95692 in Yuba County.,,,,
95918 Browns Valley,zcta,95918,Browns Valley,39.3012294,-121.3379292,472653,,2020-02-29,10,0,Zillow ZIP-level market for Browns Valley; mapped with Census 2020 ZCTA 95918 in Yuba County.,,,,
95960 Nevada City,zcta,95960,Nevada City,39.4414426,-121.0166256,315773,,2020-02-29,10,0,Zillow ZIP-level market for Nevada City; mapped with Census 2020 ZCTA 95960 in Yuba County.,,,,
95919 Brownsville,zcta,95919,Brownsville,39.4344381,-121.2655554,276745,,2020-02-29,10,0,Zillow ZIP-level market for Brownsville; mapped with Census 2020 ZCTA 95919 in Yuba County.,,,,
95935 Dobbins,zcta,95935,Dobbins,39.3793437,-121.192261,323388,,2020-02-29,10,0,Zillow ZIP-level market for Dobbins; mapped with Census 2020 ZCTA 95935 in Yuba County.,,,,
95922 Camptonville,zcta,95922,Camptonville,39.4667301,-121.0718654,338604,,2020-02-29,10,0,Zillow ZIP-level market for Camptonville; mapped with Census 2020 ZCTA 95922 in Yuba County.,,,,
95962 Oregon House,zcta,95962,Oregon House,39.3234046,-121.272549,333842,,2020-02-29,10,0,Zillow ZIP-level market for Oregon House; mapped with Census 2020 ZCTA 95962 in Yuba County.,,,,
95901 Marysville,zcta,95901,Marysville,39.2239387,-121.4940499,292269,,2020-03-31,10,0,Zillow ZIP-level market for Marysville; mapped with Census 2020 ZCTA 95901 in Yuba County.,,,,
95961 Olivehurst,zcta,95961,Olivehurst,39.0413331,-121.5628346,327897,,2020-03-31,10,0,Zillow ZIP-level market for Olivehurst; mapped with Census 2020 ZCTA 95961 in Yuba County.,,,,
95692 Wheatland,zcta,95692,Wheatland,39.043066,-121.4098044,343378,,2020-03-31,10,0,Zillow ZIP-level market for Wheatland; mapped with Census 2020 ZCTA 95692 in Yuba County.,,,,
95918 Browns Valley,zcta,95918,Browns Valley,39.3012294,-121.3379292,470620,,2020-03-31,10,0,Zillow ZIP-level market for Browns Valley; mapped with Census 2020 ZCTA 95918 in Yuba County.,,,,
95960 Nevada City,zcta,95960,Nevada City,39.4414426,-121.0166256,318003,,2020-03-31,10,0,Zillow ZIP-level market for Nevada City; mapped with Census 2020 ZCTA 95960 in Yuba County.,,,,
95919 Brownsville,zcta,95919,Brownsville,39.4344381,-121.2655554,275244,,2020-03-31,10,0,Zillow ZIP-level market for Brownsville; mapped with Census 2020 ZCTA 95919 in Yuba County.,,,,
95935 Dobbins,zcta,95935,Dobbins,39.3793437,-121.192261,319859,,2020-03-31,10,0,Zillow ZIP-level market for Dobbins; mapped with Census 2020 ZCTA 95935 in Yuba County.,,,,
95922 Camptonville,zcta,95922,Camptonville,39.4667301,-121.0718654,341000,,2020-03-31,10,0,Zillow ZIP-level market for Camptonville; mapped with Census 2020 ZCTA 95922 in Yuba County.,,,,
95962 Oregon House,zcta,95962,Oregon House,39.3234046,-121.272549,329061,,2020-03-31,10,0,Zillow ZIP-level market for Oregon House; mapped with Census 2020 ZCTA 95962 in Yuba County.,,,,
95901 Marysville,zcta,95901,Marysville,39.2239387,-121.4940499,293229,,2020-04-30,10,0,Zillow ZIP-level market for Marysville; mapped with Census 2020 ZCTA 95901 in Yuba County.,,,,
95961 Olivehurst,zcta,95961,Olivehurst,39.0413331,-121.5628346,330085,,2020-04-30,10,0,Zillow ZIP-level market for Olivehurst; mapped with Census 2020 ZCTA 95961 in Yuba County.,,,,
95692 Wheatland,zcta,95692,Wheatland,39.043066,-121.4098044,346206,,2020-04-30,10,0,Zillow ZIP-level market for Wheatland; mapped with Census 2020 ZCTA 95692 in Yuba County.,,,,
95918 Browns Valley,zcta,95918,Browns Valley,39.3012294,-121.3379292,469550,,2020-04-30,10,0,Zillow ZIP-level market for Browns Valley; mapped with Census 2020 ZCTA 95918 in Yuba County.,,,,
95960 Nevada City,zcta,95960,Nevada City,39.4414426,-121.0166256,319558,,2020-04-30,10,0,Zillow ZIP-level market for Nevada City; mapped with Census 2020 ZCTA 95960 in Yuba County.,,,,
95919 Brownsville,zcta,95919,Brownsville,39.4344381,-121.2655554,273324,,2020-04-30,10,0,Zillow ZIP-level market for Brownsville; mapped with Census 2020 ZCTA 95919 in Yuba County.,,,,
95935 Dobbins,zcta,95935,Dobbins,39.3793437,-121.192261,317590,,2020-04-30,10,0,Zillow ZIP-level market for Dobbins; mapped with Census 2020 ZCTA 95935 in Yuba County.,,,,
95922 Camptonville,zcta,95922,Camptonville,39.4667301,-121.0718654,343375,,2020-04-30,10,0,Zillow ZIP-level market for Camptonville; mapped with Census 2020 ZCTA 95922 in Yuba County.,,,,
95962 Oregon House,zcta,95962,Oregon House,39.3234046,-121.272549,326129,,2020-04-30,10,0,Zillow ZIP-level market for Oregon House; mapped with Census 2020 ZCTA 95962 in Yuba County.,,,,
95901 Marysville,zcta,95901,Marysville,39.2239387,-121.4940499,293779,,2020-05-31,10,0,Zillow ZIP-level market for Marysville; mapped with Census 2020 ZCTA 95901 in Yuba County.,,,,
95961 Olivehurst,zcta,95961,Olivehurst,39.0413331,-121.5628346,331328,,2020-05-31,10,0,Zillow ZIP-level market for Olivehurst; mapped with Census 2020 ZCTA 95961 in Yuba County.,,,,
95692 Wheatland,zcta,95692,Wheatland,39.043066,-121.4098044,348126,,2020-05-31,10,0,Zillow ZIP-level market for Wheatland; mapped with Census 2020 ZCTA 95692 in Yuba County.,,,,
95918 Browns Valley,zcta,95918,Browns Valley,39.3012294,-121.3379292,467872,,2020-05-31,10,0,Zillow ZIP-level market for Browns Valley; mapped with Census 2020 ZCTA 95918 in Yuba County.,,,,
95960 Nevada City,zcta,95960,Nevada City,39.4414426,-121.0166256,319563,,2020-05-31,10,0,Zillow ZIP-level market for Nevada City; mapped with Census 2020 ZCTA 95960 in Yuba County.,,,,
95919 Brownsville,zcta,95919,Brownsville,39.4344381,-121.2655554,271463,,2020-05-31,10,0,Zillow ZIP-level market for Brownsville; mapped with Census 2020 ZCTA 95919 in Yuba County.,,,,
95935 Dobbins,zcta,95935,Dobbins,39.3793437,-121.192261,315654,,2020-05-31,10,0,Zillow ZIP-level market for Dobbins; mapped with Census 2020 ZCTA 95935 in Yuba County.,,,,
95922 Camptonville,zcta,95922,Camptonville,39.4667301,-121.0718654,344255,,2020-05-31,10,0,Zillow ZIP-level market for Camptonville; mapped with Census 2020 ZCTA 95922 in Yuba County.,,,,
95962 Oregon House,zcta,95962,Oregon House,39.3234046,-121.272549,324125,,2020-05-31,10,0,Zillow ZIP-level market for Oregon House; mapped with Census 2020 ZCTA 95962 in Yuba County.,,,,
95901 Marysville,zcta,95901,Marysville,39.2239387,-121.4940499,294500,,2020-06-30,10,0,Zillow ZIP-level market for Marysville; mapped with Census 2020 ZCTA 95901 in Yuba County.,,,,
95961 Olivehurst,zcta,95961,Olivehurst,39.0413331,-121.5628346,332177,,2020-06-30,10,0,Zillow ZIP-level market for Olivehurst; mapped with Census 2020 ZCTA 95961 in Yuba County.,,,,
95692 Wheatland,zcta,95692,Wheatland,39.043066,-121.4098044,348900,,2020-06-30,10,0,Zillow ZIP-level market for Wheatland; mapped with Census 2020 ZCTA 95692 in Yuba County.,,,,
95918 Browns Valley,zcta,95918,Browns Valley,39.3012294,-121.3379292,465758,,2020-06-30,10,0,Zillow ZIP-level market for Browns Valley; mapped with Census 2020 ZCTA 95918 in Yuba County.,,,,
95960 Nevada City,zcta,95960,Nevada City,39.4414426,-121.0166256,319162,,2020-06-30,10,0,Zillow ZIP-level market for Nevada City; mapped with Census 2020 ZCTA 95960 in Yuba County.,,,,
95919 Brownsville,zcta,95919,Brownsville,39.4344381,-121.2655554,270130,,2020-06-30,10,0,Zillow ZIP-level market for Brownsville; mapped with Census 2020 ZCTA 95919 in Yuba County.,,,,
95935 Dobbins,zcta,95935,Dobbins,39.3793437,-121.192261,314260,,2020-06-30,10,0,Zillow ZIP-level market for Dobbins; mapped with Census 2020 ZCTA 95935 in Yuba County.,,,,
95922 Camptonville,zcta,95922,Camptonville,39.4667301,-121.0718654,344365,,2020-06-30,10,0,Zillow ZIP-level market for Camptonville; mapped with Census 2020 ZCTA 95922 in Yuba County.,,,,
95962 Oregon House,zcta,95962,Oregon House,39.3234046,-121.272549,323167,,2020-06-30,10,0,Zillow ZIP-level market for Oregon House; mapped with Census 2020 ZCTA 95962 in Yuba County.,,,,
95901 Marysville,zcta,95901,Marysville,39.2239387,-121.4940499,295439,,2020-07-31,10,0,Zillow ZIP-level market for Marysville; mapped with Census 2020 ZCTA 95901 in Yuba County.,,,,
95961 Olivehurst,zcta,95961,Olivehurst,39.0413331,-121.5628346,333588,,2020-07-31,10,0,Zillow ZIP-level market for Olivehurst; mapped with Census 2020 ZCTA 95961 in Yuba County.,,,,
95692 Wheatland,zcta,95692,Wheatland,39.043066,-121.4098044,349780,,2020-07-31,10,0,Zillow ZIP-level market for Wheatland; mapped with Census 2020 ZCTA 95692 in Yuba County.,,,,
95918 Browns Valley,zcta,95918,Browns Valley,39.3012294,-121.3379292,464187,,2020-07-31,10,0,Zillow ZIP-level market for Browns Valley; mapped with Census 2020 ZCTA 95918 in Yuba County.,,,,
95960 Nevada City,zcta,95960,Nevada City,39.4414426,-121.0166256,320425,,2020-07-31,10,0,Zillow ZIP-level market for Nevada City; mapped with Census 2020 ZCTA 95960 in Yuba County.,,,,
95919 Brownsville,zcta,95919,Brownsville,39.4344381,-121.2655554,269487,,2020-07-31,10,0,Zillow ZIP-level market for Brownsville; mapped with Census 2020 ZCTA 95919 in Yuba County.,,,,
95935 Dobbins,zcta,95935,Dobbins,39.3793437,-121.192261,313923,,2020-07-31,10,0,Zillow ZIP-level market for Dobbins; mapped with Census 2020 ZCTA 95935 in Yuba County.,,,,
95922 Camptonville,zcta,95922,Camptonville,39.4667301,-121.0718654,345168,,2020-07-31,10,0,Zillow ZIP-level market for Camptonville; mapped with Census 2020 ZCTA 95922 in Yuba County.,,,,
95962 Oregon House,zcta,95962,Oregon House,39.3234046,-121.272549,323509,,2020-07-31,10,0,Zillow ZIP-level market for Oregon House; mapped with Census 2020 ZCTA 95962 in Yuba County.,,,,
95901 Marysville,zcta,95901,Marysville,39.2239387,-121.4940499,297171,,2020-08-31,10,0,Zillow ZIP-level market for Marysville; mapped with Census 2020 ZCTA 95901 in Yuba County.,,,,
95961 Olivehurst,zcta,95961,Olivehurst,39.0413331,-121.5628346,335720,,2020-08-31,10,0,Zillow ZIP-level market for Olivehurst; mapped with Census 2020 ZCTA 95961 in Yuba County.,,,,
95692 Wheatland,zcta,95692,Wheatland,39.043066,-121.4098044,351812,,2020-08-31,10,0,Zillow ZIP-level market for Wheatland; mapped with Census 2020 ZCTA 95692 in Yuba County.,,,,
95918 Browns Valley,zcta,95918,Browns Valley,39.3012294,-121.3379292,465621,,2020-08-31,10,0,Zillow ZIP-level market for Browns Valley; mapped with Census 2020 ZCTA 95918 in Yuba County.,,,,
95960 Nevada City,zcta,95960,Nevada City,39.4414426,-121.0166256,323672,,2020-08-31,10,0,Zillow ZIP-level market for Nevada City; mapped with Census 2020 ZCTA 95960 in Yuba County.,,,,
95919 Brownsville,zcta,95919,Brownsville,39.4344381,-121.2655554,269863,,2020-08-31,10,0,Zillow ZIP-level market for Brownsville; mapped with Census 2020 ZCTA 95919 in Yuba County.,,,,
95935 Dobbins,zcta,95935,Dobbins,39.3793437,-121.192261,315670,,2020-08-31,10,0,Zillow ZIP-level market for Dobbins; mapped with Census 2020 ZCTA 95935 in Yuba County.,,,,
95922 Camptonville,zcta,95922,Camptonville,39.4667301,-121.0718654,347644,,2020-08-31,10,0,Zillow ZIP-level market for Camptonville; mapped with Census 2020 ZCTA 95922 in Yuba County.,,,,
95962 Oregon House,zcta,95962,Oregon House,39.3234046,-121.272549,326164,,2020-08-31,10,0,Zillow ZIP-level market for Oregon House; mapped with Census 2020 ZCTA 95962 in Yuba County.,,,,
95901 Marysville,zcta,95901,Marysville,39.2239387,-121.4940499,300467,,2020-09-30,10,0,Zillow ZIP-level market for Marysville; mapped with Census 2020 ZCTA 95901 in Yuba County.,,,,
95961 Olivehurst,zcta,95961,Olivehurst,39.0413331,-121.5628346,339150,,2020-09-30,10,0,Zillow ZIP-level market for Olivehurst; mapped with Census 2020 ZCTA 95961 in Yuba County.,,,,
95692 Wheatland,zcta,95692,Wheatland,39.043066,-121.4098044,355343,,2020-09-30,10,0,Zillow ZIP-level market for Wheatland; mapped with Census 2020 ZCTA 95692 in Yuba County.,,,,
95918 Browns Valley,zcta,95918,Browns Valley,39.3012294,-121.3379292,473331,,2020-09-30,10,0,Zillow ZIP-level market for Browns Valley; mapped with Census 2020 ZCTA 95918 in Yuba County.,,,,
95960 Nevada City,zcta,95960,Nevada City,39.4414426,-121.0166256,329910,,2020-09-30,10,0,Zillow ZIP-level market for Nevada City; mapped with Census 2020 ZCTA 95960 in Yuba County.,,,,
95919 Brownsville,zcta,95919,Brownsville,39.4344381,-121.2655554,273204,,2020-09-30,10,0,Zillow ZIP-level market for Brownsville; mapped with Census 2020 ZCTA 95919 in Yuba County.,,,,
95935 Dobbins,zcta,95935,Dobbins,39.3793437,-121.192261,320815,,2020-09-30,10,0,Zillow ZIP-level market for Dobbins; mapped with Census 2020 ZCTA 95935 in Yuba County.,,,,
95922 Camptonville,zcta,95922,Camptonville,39.4667301,-121.0718654,352396,,2020-09-30,10,0,Zillow ZIP-level market for Camptonville; mapped with Census 2020 ZCTA 95922 in Yuba County.,,,,
95962 Oregon House,zcta,95962,Oregon House,39.3234046,-121.272549,334005,,2020-09-30,10,0,Zillow ZIP-level market for Oregon House; mapped with Census 2020 ZCTA 95962 in Yuba County.,,,,
95901 Marysville,zcta,95901,Marysville,39.2239387,-121.4940499,305117,,2020-10-31,10,0,Zillow ZIP-level market for Marysville; mapped with Census 2020 ZCTA 95901 in Yuba County.,,,,
95961 Olivehurst,zcta,95961,Olivehurst,39.0413331,-121.5628346,343667,,2020-10-31,10,0,Zillow ZIP-level market for Olivehurst; mapped with Census 2020 ZCTA 95961 in Yuba County.,,,,
95692 Wheatland,zcta,95692,Wheatland,39.043066,-121.4098044,359391,,2020-10-31,10,0,Zillow ZIP-level market for Wheatland; mapped with Census 2020 ZCTA 95692 in Yuba County.,,,,
95918 Browns Valley,zcta,95918,Browns Valley,39.3012294,-121.3379292,483955,,2020-10-31,10,0,Zillow ZIP-level market for Browns Valley; mapped with Census 2020 ZCTA 95918 in Yuba County.,,,,
95960 Nevada City,zcta,95960,Nevada City,39.4414426,-121.0166256,336566,,2020-10-31,10,0,Zillow ZIP-level market for Nevada City; mapped with Census 2020 ZCTA 95960 in Yuba County.,,,,
95919 Brownsville,zcta,95919,Brownsville,39.4344381,-121.2655554,277920,,2020-10-31,10,0,Zillow ZIP-level market for Brownsville; mapped with Census 2020 ZCTA 95919 in Yuba County.,,,,
95935 Dobbins,zcta,95935,Dobbins,39.3793437,-121.192261,326414,,2020-10-31,10,0,Zillow ZIP-level market for Dobbins; mapped with Census 2020 ZCTA 95935 in Yuba County.,,,,
95922 Camptonville,zcta,95922,Camptonville,39.4667301,-121.0718654,357085,,2020-10-31,10,0,Zillow ZIP-level market for Camptonville; mapped with Census 2020 ZCTA 95922 in Yuba County.,,,,
95962 Oregon House,zcta,95962,Oregon House,39.3234046,-121.272549,343652,,2020-10-31,10,0,Zillow ZIP-level market for Oregon House; mapped with Census 2020 ZCTA 95962 in Yuba County.,,,,
95901 Marysville,zcta,95901,Marysville,39.2239387,-121.4940499,311358,,2020-11-30,10,0,Zillow ZIP-level market for Marysville; mapped with Census 2020 ZCTA 95901 in Yuba County.,,,,
95961 Olivehurst,zcta,95961,Olivehurst,39.0413331,-121.5628346,350053,,2020-11-30,10,0,Zillow ZIP-level market for Olivehurst; mapped with Census 2020 ZCTA 95961 in Yuba County.,,,,
95692 Wheatland,zcta,95692,Wheatland,39.043066,-121.4098044,364260,,2020-11-30,10,0,Zillow ZIP-level market for Wheatland; mapped with Census 2020 ZCTA 95692 in Yuba County.,,,,
95918 Browns Valley,zcta,95918,Browns Valley,39.3012294,-121.3379292,496188,,2020-11-30,10,0,Zillow ZIP-level market for Browns Valley; mapped with Census 2020 ZCTA 95918 in Yuba County.,,,,
95960 Nevada City,zcta,95960,Nevada City,39.4414426,-121.0166256,344126,,2020-11-30,10,0,Zillow ZIP-level market for Nevada City; mapped with Census 2020 ZCTA 95960 in Yuba County.,,,,
95919 Brownsville,zcta,95919,Brownsville,39.4344381,-121.2655554,284829,,2020-11-30,10,0,Zillow ZIP-level market for Brownsville; mapped with Census 2020 ZCTA 95919 in Yuba County.,,,,
95935 Dobbins,zcta,95935,Dobbins,39.3793437,-121.192261,333104,,2020-11-30,10,0,Zillow ZIP-level market for Dobbins; mapped with Census 2020 ZCTA 95935 in Yuba County.,,,,
95922 Camptonville,zcta,95922,Camptonville,39.4667301,-121.0718654,361501,,2020-11-30,10,0,Zillow ZIP-level market for Camptonville; mapped with Census 2020 ZCTA 95922 in Yuba County.,,,,
95962 Oregon House,zcta,95962,Oregon House,39.3234046,-121.272549,354455,,2020-11-30,10,0,Zillow ZIP-level market for Oregon House; mapped with Census 2020 ZCTA 95962 in Yuba County.,,,,
95901 Marysville,zcta,95901,Marysville,39.2239387,-121.4940499,317597,,2020-12-31,10,0,Zillow ZIP-level market for Marysville; mapped with Census 2020 ZCTA 95901 in Yuba County.,,,,
95961 Olivehurst,zcta,95961,Olivehurst,39.0413331,-121.5628346,357173,,2020-12-31,10,0,Zillow ZIP-level market for Olivehurst; mapped with Census 2020 ZCTA 95961 in Yuba County.,,,,
95692 Wheatland,zcta,95692,Wheatland,39.043066,-121.4098044,369653,,2020-12-31,10,0,Zillow ZIP-level market for Wheatland; mapped with Census 2020 ZCTA 95692 in Yuba County.,,,,
95918 Browns Valley,zcta,95918,Browns Valley,39.3012294,-121.3379292,505982,,2020-12-31,10,0,Zillow ZIP-level market for Browns Valley; mapped with Census 2020 ZCTA 95918 in Yuba County.,,,,
95960 Nevada City,zcta,95960,Nevada City,39.4414426,-121.0166256,350597,,2020-12-31,10,0,Zillow ZIP-level market for Nevada City; mapped with Census 2020 ZCTA 95960 in Yuba County.,,,,
95919 Brownsville,zcta,95919,Brownsville,39.4344381,-121.2655554,290641,,2020-12-31,10,0,Zillow ZIP-level market for Brownsville; mapped with Census 2020 ZCTA 95919 in Yuba County.,,,,
95935 Dobbins,zcta,95935,Dobbins,39.3793437,-121.192261,337240,,2020-12-31,10,0,Zillow ZIP-level market for Dobbins; mapped with Census 2020 ZCTA 95935 in Yuba County.,,,,
95922 Camptonville,zcta,95922,Camptonville,39.4667301,-121.0718654,363514,,2020-12-31,10,0,Zillow ZIP-level market for Camptonville; mapped with Census 2020 ZCTA 95922 in Yuba County.,,,,
95962 Oregon House,zcta,95962,Oregon House,39.3234046,-121.272549,361765,,2020-12-31,10,0,Zillow ZIP-level market for Oregon House; mapped with Census 2020 ZCTA 95962 in Yuba County.,,,,
95901 Marysville,zcta,95901,Marysville,39.2239387,-121.4940499,323499,,2021-01-31,10,0,Zillow ZIP-level market for Marysville; mapped with Census 2020 ZCTA 95901 in Yuba County.,,,,
95961 Olivehurst,zcta,95961,Olivehurst,39.0413331,-121.5628346,364585,,2021-01-31,10,0,Zillow ZIP-level market for Olivehurst; mapped with Census 2020 ZCTA 95961 in Yuba County.,,,,
95692 Wheatland,zcta,95692,Wheatland,39.043066,-121.4098044,375469,,2021-01-31,10,0,Zillow ZIP-level market for Wheatland; mapped with Census 2020 ZCTA 95692 in Yuba County.,,,,
95918 Browns Valley,zcta,95918,Browns Valley,39.3012294,-121.3379292,515061,,2021-01-31,10,0,Zillow ZIP-level market for Browns Valley; mapped with Census 2020 ZCTA 95918 in Yuba County.,,,,
95960 Nevada City,zcta,95960,Nevada City,39.4414426,-121.0166256,356021,,2021-01-31,10,0,Zillow ZIP-level market for Nevada City; mapped with Census 2020 ZCTA 95960 in Yuba County.,,,,
95919 Brownsville,zcta,95919,Brownsville,39.4344381,-121.2655554,295791,,2021-01-31,10,0,Zillow ZIP-level market for Brownsville; mapped with Census 2020 ZCTA 95919 in Yuba County.,,,,
95935 Dobbins,zcta,95935,Dobbins,39.3793437,-121.192261,340994,,2021-01-31,10,0,Zillow ZIP-level market for Dobbins; mapped with Census 2020 ZCTA 95935 in Yuba County.,,,,
95922 Camptonville,zcta,95922,Camptonville,39.4667301,-121.0718654,363768,,2021-01-31,10,0,Zillow ZIP-level market for Camptonville; mapped with Census 2020 ZCTA 95922 in Yuba County.,,,,
95962 Oregon House,zcta,95962,Oregon House,39.3234046,-121.272549,367566,,2021-01-31,10,0,Zillow ZIP-level market for Oregon House; mapped with Census 2020 ZCTA 95962 in Yuba County.,,,,
95901 Marysville,zcta,95901,Marysville,39.2239387,-121.4940499,329008,,2021-02-28,10,0,Zillow ZIP-level market for Marysville; mapped with Census 2020 ZCTA 95901 in Yuba County.,,,,
95961 Olivehurst,zcta,95961,Olivehurst,39.0413331,-121.5628346,371966,,2021-02-28,10,0,Zillow ZIP-level market for Olivehurst; mapped with Census 2020 ZCTA 95961 in Yuba County.,,,,
95692 Wheatland,zcta,95692,Wheatland,39.043066,-121.4098044,381365,,2021-02-28,10,0,Zillow ZIP-level market for Wheatland; mapped with Census 2020 ZCTA 95692 in Yuba County.,,,,
95918 Browns Valley,zcta,95918,Browns Valley,39.3012294,-121.3379292,524355,,2021-02-28,10,0,Zillow ZIP-level market for Browns Valley; mapped with Census 2020 ZCTA 95918 in Yuba County.,,,,
95960 Nevada City,zcta,95960,Nevada City,39.4414426,-121.0166256,361810,,2021-02-28,10,0,Zillow ZIP-level market for Nevada City; mapped with Census 2020 ZCTA 95960 in Yuba County.,,,,
95919 Brownsville,zcta,95919,Brownsville,39.4344381,-121.2655554,300118,,2021-02-28,10,0,Zillow ZIP-level market for Brownsville; mapped with Census 2020 ZCTA 95919 in Yuba County.,,,,
95935 Dobbins,zcta,95935,Dobbins,39.3793437,-121.192261,344775,,2021-02-28,10,0,Zillow ZIP-level market for Dobbins; mapped with Census 2020 ZCTA 95935 in Yuba County.,,,,
95922 Camptonville,zcta,95922,Camptonville,39.4667301,-121.0718654,364750,,2021-02-28,10,0,Zillow ZIP-level market for Camptonville; mapped with Census 2020 ZCTA 95922 in Yuba County.,,,,
95962 Oregon House,zcta,95962,Oregon House,39.3234046,-121.272549,373048,,2021-02-28,10,0,Zillow ZIP-level market for Oregon House; mapped with Census 2020 ZCTA 95962 in Yuba County.,,,,
95901 Marysville,zcta,95901,Marysville,39.2239387,-121.4940499,334929,,2021-03-31,10,0,Zillow ZIP-level market for Marysville; mapped with Census 2020 ZCTA 95901 in Yuba County.,,,,
95961 Olivehurst,zcta,95961,Olivehurst,39.0413331,-121.5628346,379578,,2021-03-31,10,0,Zillow ZIP-level market for Olivehurst; mapped with Census 2020 ZCTA 95961 in Yuba County.,,,,
95692 Wheatland,zcta,95692,Wheatland,39.043066,-121.4098044,387661,,2021-03-31,10,0,Zillow ZIP-level market for Wheatland; mapped with Census 2020 ZCTA 95692 in Yuba County.,,,,
95918 Browns Valley,zcta,95918,Browns Valley,39.3012294,-121.3379292,533799,,2021-03-31,10,0,Zillow ZIP-level market for Browns Valley; mapped with Census 2020 ZCTA 95918 in Yuba County.,,,,
95960 Nevada City,zcta,95960,Nevada City,39.4414426,-121.0166256,368888,,2021-03-31,10,0,Zillow ZIP-level market for Nevada City; mapped with Census 2020 ZCTA 95960 in Yuba County.,,,,
95919 Brownsville,zcta,95919,Brownsville,39.4344381,-121.2655554,305368,,2021-03-31,10,0,Zillow ZIP-level market for Brownsville; mapped with Census 2020 ZCTA 95919 in Yuba County.,,,,
95935 Dobbins,zcta,95935,Dobbins,39.3793437,-121.192261,349635,,2021-03-31,10,0,Zillow ZIP-level market for Dobbins; mapped with Census 2020 ZCTA 95935 in Yuba County.,,,,
95922 Camptonville,zcta,95922,Camptonville,39.4667301,-121.0718654,368848,,2021-03-31,10,0,Zillow ZIP-level market for Camptonville; mapped with Census 2020 ZCTA 95922 in Yuba County.,,,,
95962 Oregon House,zcta,95962,Oregon House,39.3234046,-121.272549,378659,,2021-03-31,10,0,Zillow ZIP-level market for Oregon House; mapped with Census 2020 ZCTA 95962 in Yuba County.,,,,
95901 Marysville,zcta,95901,Marysville,39.2239387,-121.4940499,341106,,2021-04-30,10,0,Zillow ZIP-level market for Marysville; mapped with Census 2020 ZCTA 95901 in Yuba County.,,,,
95961 Olivehurst,zcta,95961,Olivehurst,39.0413331,-121.5628346,387062,,2021-04-30,10,0,Zillow ZIP-level market for Olivehurst; mapped with Census 2020 ZCTA 95961 in Yuba County.,,,,
95692 Wheatland,zcta,95692,Wheatland,39.043066,-121.4098044,394247,,2021-04-30,10,0,Zillow ZIP-level market for Wheatland; mapped with Census 2020 ZCTA 95692 in Yuba County.,,,,
95918 Browns Valley,zcta,95918,Browns Valley,39.3012294,-121.3379292,543882,,2021-04-30,10,0,Zillow ZIP-level market for Browns Valley; mapped with Census 2020 ZCTA 95918 in Yuba County.,,,,
95960 Nevada City,zcta,95960,Nevada City,39.4414426,-121.0166256,378677,,2021-04-30,10,0,Zillow ZIP-level market for Nevada City; mapped with Census 2020 ZCTA 95960 in Yuba County.,,,,
95919 Brownsville,zcta,95919,Brownsville,39.4344381,-121.2655554,310804,,2021-04-30,10,0,Zillow ZIP-level market for Brownsville; mapped with Census 2020 ZCTA 95919 in Yuba County.,,,,
95935 Dobbins,zcta,95935,Dobbins,39.3793437,-121.192261,355020,,2021-04-30,10,0,Zillow ZIP-level market for Dobbins; mapped with Census 2020 ZCTA 95935 in Yuba County.,,,,
95922 Camptonville,zcta,95922,Camptonville,39.4667301,-121.0718654,374734,,2021-04-30,10,0,Zillow ZIP-level market for Camptonville; mapped with Census 2020 ZCTA 95922 in Yuba County.,,,,
95962 Oregon House,zcta,95962,Oregon House,39.3234046,-121.272549,385137,,2021-04-30,10,0,Zillow ZIP-level market for Oregon House; mapped with Census 2020 ZCTA 95962 in Yuba County.,,,,
95901 Marysville,zcta,95901,Marysville,39.2239387,-121.4940499,347379,,2021-05-31,10,0,Zillow ZIP-level market for Marysville; mapped with Census 2020 ZCTA 95901 in Yuba County.,,,,
95961 Olivehurst,zcta,95961,Olivehurst,39.0413331,-121.5628346,394667,,2021-05-31,10,0,Zillow ZIP-level market for Olivehurst; mapped with Census 2020 ZCTA 95961 in Yuba County.,,,,
95692 Wheatland,zcta,95692,Wheatland,39.043066,-121.4098044,401510,,2021-05-31,10,0,Zillow ZIP-level market for Wheatland; mapped with Census 2020 ZCTA 95692 in Yuba County.,,,,
95918 Browns Valley,zcta,95918,Browns Valley,39.3012294,-121.3379292,554381,,2021-05-31,10,0,Zillow ZIP-level market for Browns Valley; mapped with Census 2020 ZCTA 95918 in Yuba County.,,,,
95960 Nevada City,zcta,95960,Nevada City,39.4414426,-121.0166256,390215,,2021-05-31,10,0,Zillow ZIP-level market for Nevada City; mapped with Census 2020 ZCTA 95960 in Yuba County.,,,,
95919 Brownsville,zcta,95919,Brownsville,39.4344381,-121.2655554,317820,,2021-05-31,10,0,Zillow ZIP-level market for Brownsville; mapped with Census 2020 ZCTA 95919 in Yuba County.,,,,
95935 Dobbins,zcta,95935,Dobbins,39.3793437,-121.192261,360953,,2021-05-31,10,0,Zillow ZIP-level market for Dobbins; mapped with Census 2020 ZCTA 95935 in Yuba County.,,,,
95922 Camptonville,zcta,95922,Camptonville,39.4667301,-121.0718654,382280,,2021-05-31,10,0,Zillow ZIP-level market for Camptonville; mapped with Census 2020 ZCTA 95922 in Yuba County.,,,,
95962 Oregon House,zcta,95962,Oregon House,39.3234046,-121.272549,392361,,2021-05-31,10,0,Zillow ZIP-level market for Oregon House; mapped with Census 2020 ZCTA 95962 in Yuba County.,,,,
95901 Marysville,zcta,95901,Marysville,39.2239387,-121.4940499,353497,,2021-06-30,10,0,Zillow ZIP-level market for Marysville; mapped with Census 2020 ZCTA 95901 in Yuba County.,,,,
95961 Olivehurst,zcta,95961,Olivehurst,39.0413331,-121.5628346,402384,,2021-06-30,10,0,Zillow ZIP-level market for Olivehurst; mapped with Census 2020 ZCTA 95961 in Yuba County.,,,,
95692 Wheatland,zcta,95692,Wheatland,39.043066,-121.4098044,408917,,2021-06-30,10,0,Zillow ZIP-level market for Wheatland; mapped with Census 2020 ZCTA 95692 in Yuba County.,,,,
95918 Browns Valley,zcta,95918,Browns Valley,39.3012294,-121.3379292,564696,,2021-06-30,10,0,Zillow ZIP-level market for Browns Valley; mapped with Census 2020 ZCTA 95918 in Yuba County.,,,,
95960 Nevada City,zcta,95960,Nevada City,39.4414426,-121.0166256,401143,,2021-06-30,10,0,Zillow ZIP-level market for Nevada City; mapped with Census 2020 ZCTA 95960 in Yuba County.,,,,
95919 Brownsville,zcta,95919,Brownsville,39.4344381,-121.2655554,324878,,2021-06-30,10,0,Zillow ZIP-level market for Brownsville; mapped with Census 2020 ZCTA 95919 in Yuba County.,,,,
95935 Dobbins,zcta,95935,Dobbins,39.3793437,-121.192261,367372,,2021-06-30,10,0,Zillow ZIP-level market for Dobbins; mapped with Census 2020 ZCTA 95935 in Yuba County.,,,,
95922 Camptonville,zcta,95922,Camptonville,39.4667301,-121.0718654,389724,,2021-06-30,10,0,Zillow ZIP-level market for Camptonville; mapped with Census 2020 ZCTA 95922 in Yuba County.,,,,
95962 Oregon House,zcta,95962,Oregon House,39.3234046,-121.272549,400302,,2021-06-30,10,0,Zillow ZIP-level market for Oregon House; mapped with Census 2020 ZCTA 95962 in Yuba County.,,,,
95901 Marysville,zcta,95901,Marysville,39.2239387,-121.4940499,359085,,2021-07-31,10,0,Zillow ZIP-level market for Marysville; mapped with Census 2020 ZCTA 95901 in Yuba County.,,,,
95961 Olivehurst,zcta,95961,Olivehurst,39.0413331,-121.5628346,409610,,2021-07-31,10,0,Zillow ZIP-level market for Olivehurst; mapped with Census 2020 ZCTA 95961 in Yuba County.,,,,
95692 Wheatland,zcta,95692,Wheatland,39.043066,-121.4098044,416192,,2021-07-31,10,0,Zillow ZIP-level market for Wheatland; mapped with Census 2020 ZCTA 95692 in Yuba County.,,,,
95918 Browns Valley,zcta,95918,Browns Valley,39.3012294,-121.3379292,574374,,2021-07-31,10,0,Zillow ZIP-level market for Browns Valley; mapped with Census 2020 ZCTA 95918 in Yuba County.,,,,
95960 Nevada City,zcta,95960,Nevada City,39.4414426,-121.0166256,407528,,2021-07-31,10,0,Zillow ZIP-level market for Nevada City; mapped with Census 2020 ZCTA 95960 in Yuba County.,,,,
95919 Brownsville,zcta,95919,Brownsville,39.4344381,-121.2655554,331530,,2021-07-31,10,0,Zillow ZIP-level market for Brownsville; mapped with Census 2020 ZCTA 95919 in Yuba County.,,,,
95935 Dobbins,zcta,95935,Dobbins,39.3793437,-121.192261,372977,,2021-07-31,10,0,Zillow ZIP-level market for Dobbins; mapped with Census 2020 ZCTA 95935 in Yuba County.,,,,
95922 Camptonville,zcta,95922,Camptonville,39.4667301,-121.0718654,396518,,2021-07-31,10,0,Zillow ZIP-level market for Camptonville; mapped with Census 2020 ZCTA 95922 in Yuba County.,,,,
95962 Oregon House,zcta,95962,Oregon House,39.3234046,-121.272549,408118,,2021-07-31,10,0,Zillow ZIP-level market for Oregon House; mapped with Census 2020 ZCTA 95962 in Yuba County.,,,,
95901 Marysville,zcta,95901,Marysville,39.2239387,-121.4940499,363262,,2021-08-31,10,0,Zillow ZIP-level market for Marysville; mapped with Census 2020 ZCTA 95901 in Yuba County.,,,,
95961 Olivehurst,zcta,95961,Olivehurst,39.0413331,-121.5628346,415464,,2021-08-31,10,0,Zillow ZIP-level market for Olivehurst; mapped with Census 2020 ZCTA 95961 in Yuba County.,,,,
95692 Wheatland,zcta,95692,Wheatland,39.043066,-121.4098044,422212,,2021-08-31,10,0,Zillow ZIP-level market for Wheatland; mapped with Census 2020 ZCTA 95692 in Yuba County.,,,,
95918 Browns Valley,zcta,95918,Browns Valley,39.3012294,-121.3379292,582009,,2021-08-31,10,0,Zillow ZIP-level market for Browns Valley; mapped with Census 2020 ZCTA 95918 in Yuba County.,,,,
95960 Nevada City,zcta,95960,Nevada City,39.4414426,-121.0166256,408009,,2021-08-31,10,0,Zillow ZIP-level market for Nevada City; mapped with Census 2020 ZCTA 95960 in Yuba County.,,,,
95919 Brownsville,zcta,95919,Brownsville,39.4344381,-121.2655554,334897,,2021-08-31,10,0,Zillow ZIP-level market for Brownsville; mapped with Census 2020 ZCTA 95919 in Yuba County.,,,,
95935 Dobbins,zcta,95935,Dobbins,39.3793437,-121.192261,376367,,2021-08-31,10,0,Zillow ZIP-level market for Dobbins; mapped with Census 2020 ZCTA 95935 in Yuba County.,,,,
95922 Camptonville,zcta,95922,Camptonville,39.4667301,-121.0718654,400523,,2021-08-31,10,0,Zillow ZIP-level market for Camptonville; mapped with Census 2020 ZCTA 95922 in Yuba County.,,,,
95962 Oregon House,zcta,95962,Oregon House,39.3234046,-121.272549,413801,,2021-08-31,10,0,Zillow ZIP-level market for Oregon House; mapped with Census 2020 ZCTA 95962 in Yuba County.,,,,
95901 Marysville,zcta,95901,Marysville,39.2239387,-121.4940499,366034,,2021-09-30,10,0,Zillow ZIP-level market for Marysville; mapped with Census 2020 ZCTA 95901 in Yuba County.,,,,
95961 Olivehurst,zcta,95961,Olivehurst,39.0413331,-121.5628346,419678,,2021-09-30,10,0,Zillow ZIP-level market for Olivehurst; mapped with Census 2020 ZCTA 95961 in Yuba County.,,,,
95692 Wheatland,zcta,95692,Wheatland,39.043066,-121.4098044,426517,,2021-09-30,10,0,Zillow ZIP-level market for Wheatland; mapped with Census 2020 ZCTA 95692 in Yuba County.,,,,
95918 Browns Valley,zcta,95918,Browns Valley,39.3012294,-121.3379292,587419,,2021-09-30,10,0,Zillow ZIP-level market for Browns Valley; mapped with Census 2020 ZCTA 95918 in Yuba County.,,,,
95960 Nevada City,zcta,95960,Nevada City,39.4414426,-121.0166256,403459,,2021-09-30,10,0,Zillow ZIP-level market for Nevada City; mapped with Census 2020 ZCTA 95960 in Yuba County.,,,,
95919 Brownsville,zcta,95919,Brownsville,39.4344381,-121.2655554,336160,,2021-09-30,10,0,Zillow ZIP-level market for Brownsville; mapped with Census 2020 ZCTA 95919 in Yuba County.,,,,
95935 Dobbins,zcta,95935,Dobbins,39.3793437,-121.192261,378627,,2021-09-30,10,0,Zillow ZIP-level market for Dobbins; mapped with Census 2020 ZCTA 95935 in Yuba County.,,,,
95922 Camptonville,zcta,95922,Camptonville,39.4667301,-121.0718654,401490,,2021-09-30,10,0,Zillow ZIP-level market for Camptonville; mapped with Census 2020 ZCTA 95922 in Yuba County.,,,,
95962 Oregon House,zcta,95962,Oregon House,39.3234046,-121.272549,417343,,2021-09-30,10,0,Zillow ZIP-level market for Oregon House; mapped with Census 2020 ZCTA 95962 in Yuba County.,,,,
95901 Marysville,zcta,95901,Marysville,39.2239387,-121.4940499,368357,,2021-10-31,10,0,Zillow ZIP-level market for Marysville; mapped with Census 2020 ZCTA 95901 in Yuba County.,,,,
95961 Olivehurst,zcta,95961,Olivehurst,39.0413331,-121.5628346,423670,,2021-10-31,10,0,Zillow ZIP-level market for Olivehurst; mapped with Census 2020 ZCTA 95961 in Yuba County.,,,,
95692 Wheatland,zcta,95692,Wheatland,39.043066,-121.4098044,429716,,2021-10-31,10,0,Zillow ZIP-level market for Wheatland; mapped with Census 2020 ZCTA 95692 in Yuba County.,,,,
95918 Browns Valley,zcta,95918,Browns Valley,39.3012294,-121.3379292,590332,,2021-10-31,10,0,Zillow ZIP-level market for Browns Valley; mapped with Census 2020 ZCTA 95918 in Yuba County.,,,,
95960 Nevada City,zcta,95960,Nevada City,39.4414426,-121.0166256,398796,,2021-10-31,10,0,Zillow ZIP-level market for Nevada City; mapped with Census 2020 ZCTA 95960 in Yuba County.,,,,
95919 Brownsville,zcta,95919,Brownsville,39.4344381,-121.2655554,336021,,2021-10-31,10,0,Zillow ZIP-level market for Brownsville; mapped with Census 2020 ZCTA 95919 in Yuba County.,,,,
95935 Dobbins,zcta,95935,Dobbins,39.3793437,-121.192261,379217,,2021-10-31,10,0,Zillow ZIP-level market for Dobbins; mapped with Census 2020 ZCTA 95935 in Yuba County.,,,,
95922 Camptonville,zcta,95922,Camptonville,39.4667301,-121.0718654,399854,,2021-10-31,10,0,Zillow ZIP-level market for Camptonville; mapped with Census 2020 ZCTA 95922 in Yuba County.,,,,
95962 Oregon House,zcta,95962,Oregon House,39.3234046,-121.272549,418326,,2021-10-31,10,0,Zillow ZIP-level market for Oregon House; mapped with Census 2020 ZCTA 95962 in Yuba County.,,,,
95901 Marysville,zcta,95901,Marysville,39.2239387,-121.4940499,371292,,2021-11-30,10,0,Zillow ZIP-level market for Marysville; mapped with Census 2020 ZCTA 95901 in Yuba County.,,,,
95961 Olivehurst,zcta,95961,Olivehurst,39.0413331,-121.5628346,428266,,2021-11-30,10,0,Zillow ZIP-level market for Olivehurst; mapped with Census 2020 ZCTA 95961 in Yuba County.,,,,
95692 Wheatland,zcta,95692,Wheatland,39.043066,-121.4098044,433422,,2021-11-30,10,0,Zillow ZIP-level market for Wheatland; mapped with Census 2020 ZCTA 95692 in Yuba County.,,,,
95918 Browns Valley,zcta,95918,Browns Valley,39.3012294,-121.3379292,593249,,2021-11-30,10,0,Zillow ZIP-level market for Browns Valley; mapped with Census 2020 ZCTA 95918 in Yuba County.,,,,
95960 Nevada City,zcta,95960,Nevada City,39.4414426,-121.0166256,396537,,2021-11-30,10,0,Zillow ZIP-level market for Nevada City; mapped with Census 2020 ZCTA 95960 in Yuba County.,,,,
95919 Brownsville,zcta,95919,Brownsville,39.4344381,-121.2655554,336416,,2021-11-30,10,0,Zillow ZIP-level market for Brownsville; mapped with Census 2020 ZCTA 95919 in Yuba County.,,,,
95935 Dobbins,zcta,95935,Dobbins,39.3793437,-121.192261,380354,,2021-11-30,10,0,Zillow ZIP-level market for Dobbins; mapped with Census 2020 ZCTA 95935 in Yuba County.,,,,
95922 Camptonville,zcta,95922,Camptonville,39.4667301,-121.0718654,398599,,2021-11-30,10,0,Zillow ZIP-level market for Camptonville; mapped with Census 2020 ZCTA 95922 in Yuba County.,,,,
95962 Oregon House,zcta,95962,Oregon House,39.3234046,-121.272549,419579,,2021-11-30,10,0,Zillow ZIP-level market for Oregon House; mapped with Census 2020 ZCTA 95962 in Yuba County.,,,,
95901 Marysville,zcta,95901,Marysville,39.2239387,-121.4940499,374909,,2021-12-31,10,0,Zillow ZIP-level market for Marysville; mapped with Census 2020 ZCTA 95901 in Yuba County.,,,,
95961 Olivehurst,zcta,95961,Olivehurst,39.0413331,-121.5628346,433574,,2021-12-31,10,0,Zillow ZIP-level market for Olivehurst; mapped with Census 2020 ZCTA 95961 in Yuba County.,,,,
95692 Wheatland,zcta,95692,Wheatland,39.043066,-121.4098044,437422,,2021-12-31,10,0,Zillow ZIP-level market for Wheatland; mapped with Census 2020 ZCTA 95692 in Yuba County.,,,,
95918 Browns Valley,zcta,95918,Browns Valley,39.3012294,-121.3379292,596563,,2021-12-31,10,0,Zillow ZIP-level market for Browns Valley; mapped with Census 2020 ZCTA 95918 in Yuba County.,,,,
95960 Nevada City,zcta,95960,Nevada City,39.4414426,-121.0166256,396640,,2021-12-31,10,0,Zillow ZIP-level market for Nevada City; mapped with Census 2020 ZCTA 95960 in Yuba County.,,,,
95919 Brownsville,zcta,95919,Brownsville,39.4344381,-121.2655554,336728,,2021-12-31,10,0,Zillow ZIP-level market for Brownsville; mapped with Census 2020 ZCTA 95919 in Yuba County.,,,,
95935 Dobbins,zcta,95935,Dobbins,39.3793437,-121.192261,380983,,2021-12-31,10,0,Zillow ZIP-level market for Dobbins; mapped with Census 2020 ZCTA 95935 in Yuba County.,,,,
95922 Camptonville,zcta,95922,Camptonville,39.4667301,-121.0718654,398710,,2021-12-31,10,0,Zillow ZIP-level market for Camptonville; mapped with Census 2020 ZCTA 95922 in Yuba County.,,,,
95962 Oregon House,zcta,95962,Oregon House,39.3234046,-121.272549,420966,,2021-12-31,10,0,Zillow ZIP-level market for Oregon House; mapped with Census 2020 ZCTA 95962 in Yuba County.,,,,
95901 Marysville,zcta,95901,Marysville,39.2239387,-121.4940499,379788,,2022-01-31,10,0,Zillow ZIP-level market for Marysville; mapped with Census 2020 ZCTA 95901 in Yuba County.,,,,
95961 Olivehurst,zcta,95961,Olivehurst,39.0413331,-121.5628346,440101,,2022-01-31,10,0,Zillow ZIP-level market for Olivehurst; mapped with Census 2020 ZCTA 95961 in Yuba County.,,,,
95692 Wheatland,zcta,95692,Wheatland,39.043066,-121.4098044,442695,,2022-01-31,10,0,Zillow ZIP-level market for Wheatland; mapped with Census 2020 ZCTA 95692 in Yuba County.,,,,
95918 Browns Valley,zcta,95918,Browns Valley,39.3012294,-121.3379292,601377,,2022-01-31,10,0,Zillow ZIP-level market for Browns Valley; mapped with Census 2020 ZCTA 95918 in Yuba County.,,,,
95960 Nevada City,zcta,95960,Nevada City,39.4414426,-121.0166256,401109,,2022-01-31,10,0,Zillow ZIP-level market for Nevada City; mapped with Census 2020 ZCTA 95960 in Yuba County.,,,,
95919 Brownsville,zcta,95919,Brownsville,39.4344381,-121.2655554,339002,,2022-01-31,10,0,Zillow ZIP-level market for Brownsville; mapped with Census 2020 ZCTA 95919 in Yuba County.,,,,
95935 Dobbins,zcta,95935,Dobbins,39.3793437,-121.192261,383113,,2022-01-31,10,0,Zillow ZIP-level market for Dobbins; mapped with Census 2020 ZCTA 95935 in Yuba County.,,,,
95922 Camptonville,zcta,95922,Camptonville,39.4667301,-121.0718654,401895,,2022-01-31,10,0,Zillow ZIP-level market for Camptonville; mapped with Census 2020 ZCTA 95922 in Yuba County.,,,,
95962 Oregon House,zcta,95962,Oregon House,39.3234046,-121.272549,423678,,2022-01-31,10,0,Zillow ZIP-level market for Oregon House; mapped with Census 2020 ZCTA 95962 in Yuba County.,,,,
95901 Marysville,zcta,95901,Marysville,39.2239387,-121.4940499,385122,,2022-02-28,10,0,Zillow ZIP-level market for Marysville; mapped with Census 2020 ZCTA 95901 in Yuba County.,,,,
95961 Olivehurst,zcta,95961,Olivehurst,39.0413331,-121.5628346,446927,,2022-02-28,10,0,Zillow ZIP-level market for Olivehurst; mapped with Census 2020 ZCTA 95961 in Yuba County.,,,,
95692 Wheatland,zcta,95692,Wheatland,39.043066,-121.4098044,448335,,2022-02-28,10,0,Zillow ZIP-level market for Wheatland; mapped with Census 2020 ZCTA 95692 in Yuba County.,,,,
95918 Browns Valley,zcta,95918,Browns Valley,39.3012294,-121.3379292,605544,,2022-02-28,10,0,Zillow ZIP-level market for Browns Valley; mapped with Census 2020 ZCTA 95918 in Yuba County.,,,,
95960 Nevada City,zcta,95960,Nevada City,39.4414426,-121.0166256,408178,,2022-02-28,10,0,Zillow ZIP-level market for Nevada City; mapped with Census 2020 ZCTA 95960 in Yuba County.,,,,
95919 Brownsville,zcta,95919,Brownsville,39.4344381,-121.2655554,340809,,2022-02-28,10,0,Zillow ZIP-level market for Brownsville; mapped with Census 2020 ZCTA 95919 in Yuba County.,,,,
95935 Dobbins,zcta,95935,Dobbins,39.3793437,-121.192261,384320,,2022-02-28,10,0,Zillow ZIP-level market for Dobbins; mapped with Census 2020 ZCTA 95935 in Yuba County.,,,,
95922 Camptonville,zcta,95922,Camptonville,39.4667301,-121.0718654,405202,,2022-02-28,10,0,Zillow ZIP-level market for Camptonville; mapped with Census 2020 ZCTA 95922 in Yuba County.,,,,
95962 Oregon House,zcta,95962,Oregon House,39.3234046,-121.272549,425432,,2022-02-28,10,0,Zillow ZIP-level market for Oregon House; mapped with Census 2020 ZCTA 95962 in Yuba County.,,,,
95901 Marysville,zcta,95901,Marysville,39.2239387,-121.4940499,391580,,2022-03-31,10,0,Zillow ZIP-level market for Marysville; mapped with Census 2020 ZCTA 95901 in Yuba County.,,,,
95961 Olivehurst,zcta,95961,Olivehurst,39.0413331,-121.5628346,454879,,2022-03-31,10,0,Zillow ZIP-level market for Olivehurst; mapped with Census 2020 ZCTA 95961 in Yuba County.,,,,
95692 Wheatland,zcta,95692,Wheatland,39.043066,-121.4098044,455985,,2022-03-31,10,0,Zillow ZIP-level market for Wheatland; mapped with Census 2020 ZCTA 95692 in Yuba County.,,,,
95918 Browns Valley,zcta,95918,Browns Valley,39.3012294,-121.3379292,611789,,2022-03-31,10,0,Zillow ZIP-level market for Browns Valley; mapped with Census 2020 ZCTA 95918 in Yuba County.,,,,
95960 Nevada City,zcta,95960,Nevada City,39.4414426,-121.0166256,417522,,2022-03-31,10,0,Zillow ZIP-level market for Nevada City; mapped with Census 2020 ZCTA 95960 in Yuba County.,,,,
95919 Brownsville,zcta,95919,Brownsville,39.4344381,-121.2655554,343999,,2022-03-31,10,0,Zillow ZIP-level market for Brownsville; mapped with Census 2020 ZCTA 95919 in Yuba County.,,,,
95935 Dobbins,zcta,95935,Dobbins,39.3793437,-121.192261,386750,,2022-03-31,10,0,Zillow ZIP-level market for Dobbins; mapped with Census 2020 ZCTA 95935 in Yuba County.,,,,
95922 Camptonville,zcta,95922,Camptonville,39.4667301,-121.0718654,409628,,2022-03-31,10,0,Zillow ZIP-level market for Camptonville; mapped with Census 2020 ZCTA 95922 in Yuba County.,,,,
95962 Oregon House,zcta,95962,Oregon House,39.3234046,-121.272549,428404,,2022-03-31,10,0,Zillow ZIP-level market for Oregon House; mapped with Census 2020 ZCTA 95962 in Yuba County.,,,,
95901 Marysville,zcta,95901,Marysville,39.2239387,-121.4940499,397939,,2022-04-30,10,0,Zillow ZIP-level market for Marysville; mapped with Census 2020 ZCTA 95901 in Yuba County.,,,,
95961 Olivehurst,zcta,95961,Olivehurst,39.0413331,-121.5628346,462439,,2022-04-30,10,0,Zillow ZIP-level market for Olivehurst; mapped with Census 2020 ZCTA 95961 in Yuba County.,,,,
95692 Wheatland,zcta,95692,Wheatland,39.043066,-121.4098044,464159,,2022-04-30,10,0,Zillow ZIP-level market for Wheatland; mapped with Census 2020 ZCTA 95692 in Yuba County.,,,,
95918 Browns Valley,zcta,95918,Browns Valley,39.3012294,-121.3379292,619426,,2022-04-30,10,0,Zillow ZIP-level market for Browns Valley; mapped with Census 2020 ZCTA 95918 in Yuba County.,,,,
95960 Nevada City,zcta,95960,Nevada City,39.4414426,-121.0166256,424906,,2022-04-30,10,0,Zillow ZIP-level market for Nevada City; mapped with Census 2020 ZCTA 95960 in Yuba County.,,,,
95919 Brownsville,zcta,95919,Brownsville,39.4344381,-121.2655554,347272,,2022-04-30,10,0,Zillow ZIP-level market for Brownsville; mapped with Census 2020 ZCTA 95919 in Yuba County.,,,,
95935 Dobbins,zcta,95935,Dobbins,39.3793437,-121.192261,390302,,2022-04-30,10,0,Zillow ZIP-level market for Dobbins; mapped with Census 2020 ZCTA 95935 in Yuba County.,,,,
95922 Camptonville,zcta,95922,Camptonville,39.4667301,-121.0718654,415062,,2022-04-30,10,0,Zillow ZIP-level market for Camptonville; mapped with Census 2020 ZCTA 95922 in Yuba County.,,,,
95962 Oregon House,zcta,95962,Oregon House,39.3234046,-121.272549,432281,,2022-04-30,10,0,Zillow ZIP-level market for Oregon House; mapped with Census 2020 ZCTA 95962 in Yuba County.,,,,
95901 Marysville,zcta,95901,Marysville,39.2239387,-121.4940499,403721,,2022-05-31,10,0,Zillow ZIP-level market for Marysville; mapped with Census 2020 ZCTA 95901 in Yuba County.,,,,
95961 Olivehurst,zcta,95961,Olivehurst,39.0413331,-121.5628346,469081,,2022-05-31,10,0,Zillow ZIP-level market for Olivehurst; mapped with Census 2020 ZCTA 95961 in Yuba County.,,,,
95692 Wheatland,zcta,95692,Wheatland,39.043066,-121.4098044,471657,,2022-05-31,10,0,Zillow ZIP-level market for Wheatland; mapped with Census 2020 ZCTA 95692 in Yuba County.,,,,
95918 Browns Valley,zcta,95918,Browns Valley,39.3012294,-121.3379292,626663,,2022-05-31,10,0,Zillow ZIP-level market for Browns Valley; mapped with Census 2020 ZCTA 95918 in Yuba County.,,,,
95960 Nevada City,zcta,95960,Nevada City,39.4414426,-121.0166256,429271,,2022-05-31,10,0,Zillow ZIP-level market for Nevada City; mapped with Census 2020 ZCTA 95960 in Yuba County.,,,,
95919 Brownsville,zcta,95919,Brownsville,39.4344381,-121.2655554,351344,,2022-05-31,10,0,Zillow ZIP-level market for Brownsville; mapped with Census 2020 ZCTA 95919 in Yuba County.,,,,
95935 Dobbins,zcta,95935,Dobbins,39.3793437,-121.192261,394852,,2022-05-31,10,0,Zillow ZIP-level market for Dobbins; mapped with Census 2020 ZCTA 95935 in Yuba County.,,,,
95922 Camptonville,zcta,95922,Camptonville,39.4667301,-121.0718654,419291,,2022-05-31,10,0,Zillow ZIP-level market for Camptonville; mapped with Census 2020 ZCTA 95922 in Yuba County.,,,,
95962 Oregon House,zcta,95962,Oregon House,39.3234046,-121.272549,436180,,2022-05-31,10,0,Zillow ZIP-level market for Oregon House; mapped with Census 2020 ZCTA 95962 in Yuba County.,,,,
95901 Marysville,zcta,95901,Marysville,39.2239387,-121.4940499,407771,,2022-06-30,10,0,Zillow ZIP-level market for Marysville; mapped with Census 2020 ZCTA 95901 in Yuba County.,,,,
95961 Olivehurst,zcta,95961,Olivehurst,39.0413331,-121.5628346,473524,,2022-06-30,10,0,Zillow ZIP-level market for Olivehurst; mapped with Census 2020 ZCTA 95961 in Yuba County.,,,,
95692 Wheatland,zcta,95692,Wheatland,39.043066,-121.4098044,476361,,2022-06-30,10,0,Zillow ZIP-level market for Wheatland; mapped with Census 2020 ZCTA 95692 in Yuba County.,,,,
95918 Browns Valley,zcta,95918,Browns Valley,39.3012294,-121.3379292,630049,,2022-06-30,10,0,Zillow ZIP-level market for Browns Valley; mapped with Census 2020 ZCTA 95918 in Yuba County.,,,,
95960 Nevada City,zcta,95960,Nevada City,39.4414426,-121.0166256,430251,,2022-06-30,10,0,Zillow ZIP-level market for Nevada City; mapped with Census 2020 ZCTA 95960 in Yuba County.,,,,
95919 Brownsville,zcta,95919,Brownsville,39.4344381,-121.2655554,354473,,2022-06-30,10,0,Zillow ZIP-level market for Brownsville; mapped with Census 2020 ZCTA 95919 in Yuba County.,,,,
95935 Dobbins,zcta,95935,Dobbins,39.3793437,-121.192261,398033,,2022-06-30,10,0,Zillow ZIP-level market for Dobbins; mapped with Census 2020 ZCTA 95935 in Yuba County.,,,,
95922 Camptonville,zcta,95922,Camptonville,39.4667301,-121.0718654,420997,,2022-06-30,10,0,Zillow ZIP-level market for Camptonville; mapped with Census 2020 ZCTA 95922 in Yuba County.,,,,
95962 Oregon House,zcta,95962,Oregon House,39.3234046,-121.272549,437968,,2022-06-30,10,0,Zillow ZIP-level market for Oregon House; mapped with Census 2020 ZCTA 95962 in Yuba County.,,,,
95901 Marysville,zcta,95901,Marysville,39.2239387,-121.4940499,409144,,2022-07-31,10,0,Zillow ZIP-level market for Marysville; mapped with Census 2020 ZCTA 95901 in Yuba County.,,,,
95961 Olivehurst,zcta,95961,Olivehurst,39.0413331,-121.5628346,474563,,2022-07-31,10,0,Zillow ZIP-level market for Olivehurst; mapped with Census 2020 ZCTA 95961 in Yuba County.,,,,
95692 Wheatland,zcta,95692,Wheatland,39.043066,-121.4098044,477631,,2022-07-31,10,0,Zillow ZIP-level market for Wheatland; mapped with Census 2020 ZCTA 95692 in Yuba County.,,,,
95918 Browns Valley,zcta,95918,Browns Valley,39.3012294,-121.3379292,628471,,2022-07-31,10,0,Zillow ZIP-level market for Browns Valley; mapped with Census 2020 ZCTA 95918 in Yuba County.,,,,
95960 Nevada City,zcta,95960,Nevada City,39.4414426,-121.0166256,428390,,2022-07-31,10,0,Zillow ZIP-level market for Nevada City; mapped with Census 2020 ZCTA 95960 in Yuba County.,,,,
95919 Brownsville,zcta,95919,Brownsville,39.4344381,-121.2655554,354216,,2022-07-31,10,0,Zillow ZIP-level market for Brownsville; mapped with Census 2020 ZCTA 95919 in Yuba County.,,,,
95935 Dobbins,zcta,95935,Dobbins,39.3793437,-121.192261,398070,,2022-07-31,10,0,Zillow ZIP-level market for Dobbins; mapped with Census 2020 ZCTA 95935 in Yuba County.,,,,
95922 Camptonville,zcta,95922,Camptonville,39.4667301,-121.0718654,418384,,2022-07-31,10,0,Zillow ZIP-level market for Camptonville; mapped with Census 2020 ZCTA 95922 in Yuba County.,,,,
95962 Oregon House,zcta,95962,Oregon House,39.3234046,-121.272549,436668,,2022-07-31,10,0,Zillow ZIP-level market for Oregon House; mapped with Census 2020 ZCTA 95962 in Yuba County.,,,,
95901 Marysville,zcta,95901,Marysville,39.2239387,-121.4940499,407485,,2022-08-31,10,0,Zillow ZIP-level market for Marysville; mapped with Census 2020 ZCTA 95901 in Yuba County.,,,,
95961 Olivehurst,zcta,95961,Olivehurst,39.0413331,-121.5628346,471692,,2022-08-31,10,0,Zillow ZIP-level market for Olivehurst; mapped with Census 2020 ZCTA 95961 in Yuba County.,,,,
95692 Wheatland,zcta,95692,Wheatland,39.043066,-121.4098044,475335,,2022-08-31,10,0,Zillow ZIP-level market for Wheatland; mapped with Census 2020 ZCTA 95692 in Yuba County.,,,,
95918 Browns Valley,zcta,95918,Browns Valley,39.3012294,-121.3379292,622356,,2022-08-31,10,0,Zillow ZIP-level market for Browns Valley; mapped with Census 2020 ZCTA 95918 in Yuba County.,,,,
95960 Nevada City,zcta,95960,Nevada City,39.4414426,-121.0166256,423425,,2022-08-31,10,0,Zillow ZIP-level market for Nevada City; mapped with Census 2020 ZCTA 95960 in Yuba County.,,,,
95919 Brownsville,zcta,95919,Brownsville,39.4344381,-121.2655554,351541,,2022-08-31,10,0,Zillow ZIP-level market for Brownsville; mapped with Census 2020 ZCTA 95919 in Yuba County.,,,,
95935 Dobbins,zcta,95935,Dobbins,39.3793437,-121.192261,394840,,2022-08-31,10,0,Zillow ZIP-level market for Dobbins; mapped with Census 2020 ZCTA 95935 in Yuba County.,,,,
95922 Camptonville,zcta,95922,Camptonville,39.4667301,-121.0718654,413171,,2022-08-31,10,0,Zillow ZIP-level market for Camptonville; mapped with Census 2020 ZCTA 95922 in Yuba County.,,,,
95962 Oregon House,zcta,95962,Oregon House,39.3234046,-121.272549,432878,,2022-08-31,10,0,Zillow ZIP-level market for Oregon House; mapped with Census 2020 ZCTA 95962 in Yuba County.,,,,
95901 Marysville,zcta,95901,Marysville,39.2239387,-121.4940499,403006,,2022-09-30,10,0,Zillow ZIP-level market for Marysville; mapped with Census 2020 ZCTA 95901 in Yuba County.,,,,
95961 Olivehurst,zcta,95961,Olivehurst,39.0413331,-121.5628346,465610,,2022-09-30,10,0,Zillow ZIP-level market for Olivehurst; mapped with Census 2020 ZCTA 95961 in Yuba County.,,,,
95692 Wheatland,zcta,95692,Wheatland,39.043066,-121.4098044,470358,,2022-09-30,10,0,Zillow ZIP-level market for Wheatland; mapped with Census 2020 ZCTA 95692 in Yuba County.,,,,
95918 Browns Valley,zcta,95918,Browns Valley,39.3012294,-121.3379292,612164,,2022-09-30,10,0,Zillow ZIP-level market for Browns Valley; mapped with Census 2020 ZCTA 95918 in Yuba County.,,,,
95960 Nevada City,zcta,95960,Nevada City,39.4414426,-121.0166256,417666,,2022-09-30,10,0,Zillow ZIP-level market for Nevada City; mapped with Census 2020 ZCTA 95960 in Yuba County.,,,,
95919 Brownsville,zcta,95919,Brownsville,39.4344381,-121.2655554,344909,,2022-09-30,10,0,Zillow ZIP-level market for Brownsville; mapped with Census 2020 ZCTA 95919 in Yuba County.,,,,
95935 Dobbins,zcta,95935,Dobbins,39.3793437,-121.192261,388107,,2022-09-30,10,0,Zillow ZIP-level market for Dobbins; mapped with Census 2020 ZCTA 95935 in Yuba County.,,,,
95922 Camptonville,zcta,95922,Camptonville,39.4667301,-121.0718654,403840,,2022-09-30,10,0,Zillow ZIP-level market for Camptonville; mapped with Census 2020 ZCTA 95922 in Yuba County.,,,,
95962 Oregon House,zcta,95962,Oregon House,39.3234046,-121.272549,426697,,2022-09-30,10,0,Zillow ZIP-level market for Oregon House; mapped with Census 2020 ZCTA 95962 in Yuba County.,,,,
95901 Marysville,zcta,95901,Marysville,39.2239387,-121.4940499,398077,,2022-10-31,10,0,Zillow ZIP-level market for Marysville; mapped with Census 2020 ZCTA 95901 in Yuba County.,,,,
95961 Olivehurst,zcta,95961,Olivehurst,39.0413331,-121.5628346,459190,,2022-10-31,10,0,Zillow ZIP-level market for Olivehurst; mapped with Census 2020 ZCTA 95961 in Yuba County.,,,,
95692 Wheatland,zcta,95692,Wheatland,39.043066,-121.4098044,465110,,2022-10-31,10,0,Zillow ZIP-level market for Wheatland; mapped with Census 2020 ZCTA 95692 in Yuba County.,,,,
95918 Browns Valley,zcta,95918,Browns Valley,39.3012294,-121.3379292,602031,,2022-10-31,10,0,Zillow ZIP-level market for Browns Valley; mapped with Census 2020 ZCTA 95918 in Yuba County.,,,,
95960 Nevada City,zcta,95960,Nevada City,39.4414426,-121.0166256,411455,,2022-10-31,10,0,Zillow ZIP-level market for Nevada City; mapped with Census 2020 ZCTA 95960 in Yuba County.,,,,
95919 Brownsville,zcta,95919,Brownsville,39.4344381,-121.2655554,338529,,2022-10-31,10,0,Zillow ZIP-level market for Brownsville; mapped with Census 2020 ZCTA 95919 in Yuba County.,,,,
95935 Dobbins,zcta,95935,Dobbins,39.3793437,-121.192261,381801,,2022-10-31,10,0,Zillow ZIP-level market for Dobbins; mapped with Census 2020 ZCTA 95935 in Yuba County.,,,,
95922 Camptonville,zcta,95922,Camptonville,39.4667301,-121.0718654,394466,,2022-10-31,10,0,Zillow ZIP-level market for Camptonville; mapped with Census 2020 ZCTA 95922 in Yuba County.,,,,
95962 Oregon House,zcta,95962,Oregon House,39.3234046,-121.272549,421072,,2022-10-31,10,0,Zillow ZIP-level market for Oregon House; mapped with Census 2020 ZCTA 95962 in Yuba County.,,,,
95901 Marysville,zcta,95901,Marysville,39.2239387,-121.4940499,393573,,2022-11-30,10,0,Zillow ZIP-level market for Marysville; mapped with Census 2020 ZCTA 95901 in Yuba County.,,,,
95961 Olivehurst,zcta,95961,Olivehurst,39.0413331,-121.5628346,453807,,2022-11-30,10,0,Zillow ZIP-level market for Olivehurst; mapped with Census 2020 ZCTA 95961 in Yuba County.,,,,
95692 Wheatland,zcta,95692,Wheatland,39.043066,-121.4098044,460621,,2022-11-30,10,0,Zillow ZIP-level market for Wheatland; mapped with Census 2020 ZCTA 95692 in Yuba County.,,,,
95918 Browns Valley,zcta,95918,Browns Valley,39.3012294,-121.3379292,592015,,2022-11-30,10,0,Zillow ZIP-level market for Browns Valley; mapped with Census 2020 ZCTA 95918 in Yuba County.,,,,
95960 Nevada City,zcta,95960,Nevada City,39.4414426,-121.0166256,405742,,2022-11-30,10,0,Zillow ZIP-level market for Nevada City; mapped with Census 2020 ZCTA 95960 in Yuba County.,,,,
95919 Brownsville,zcta,95919,Brownsville,39.4344381,-121.2655554,332427,,2022-11-30,10,0,Zillow ZIP-level market for Brownsville; mapped with Census 2020 ZCTA 95919 in Yuba County.,,,,
95935 Dobbins,zcta,95935,Dobbins,39.3793437,-121.192261,375069,,2022-11-30,10,0,Zillow ZIP-level market for Dobbins; mapped with Census 2020 ZCTA 95935 in Yuba County.,,,,
95922 Camptonville,zcta,95922,Camptonville,39.4667301,-121.0718654,384742,,2022-11-30,10,0,Zillow ZIP-level market for Camptonville; mapped with Census 2020 ZCTA 95922 in Yuba County.,,,,
95962 Oregon House,zcta,95962,Oregon House,39.3234046,-121.272549,414958,,2022-11-30,10,0,Zillow ZIP-level market for Oregon House; mapped with Census 2020 ZCTA 95962 in Yuba County.,,,,
95901 Marysville,zcta,95901,Marysville,39.2239387,-121.4940499,389877,,2022-12-31,10,0,Zillow ZIP-level market for Marysville; mapped with Census 2020 ZCTA 95901 in Yuba County.,,,,
95961 Olivehurst,zcta,95961,Olivehurst,39.0413331,-121.5628346,449277,,2022-12-31,10,0,Zillow ZIP-level market for Olivehurst; mapped with Census 2020 ZCTA 95961 in Yuba County.,,,,
95692 Wheatland,zcta,95692,Wheatland,39.043066,-121.4098044,456954,,2022-12-31,10,0,Zillow ZIP-level market for Wheatland; mapped with Census 2020 ZCTA 95692 in Yuba County.,,,,
95918 Browns Valley,zcta,95918,Browns Valley,39.3012294,-121.3379292,583366,,2022-12-31,10,0,Zillow ZIP-level market for Browns Valley; mapped with Census 2020 ZCTA 95918 in Yuba County.,,,,
95960 Nevada City,zcta,95960,Nevada City,39.4414426,-121.0166256,400402,,2022-12-31,10,0,Zillow ZIP-level market for Nevada City; mapped with Census 2020 ZCTA 95960 in Yuba County.,,,,
95919 Brownsville,zcta,95919,Brownsville,39.4344381,-121.2655554,328907,,2022-12-31,10,0,Zillow ZIP-level market for Brownsville; mapped with Census 2020 ZCTA 95919 in Yuba County.,,,,
95935 Dobbins,zcta,95935,Dobbins,39.3793437,-121.192261,369799,,2022-12-31,10,0,Zillow ZIP-level market for Dobbins; mapped with Census 2020 ZCTA 95935 in Yuba County.,,,,
95922 Camptonville,zcta,95922,Camptonville,39.4667301,-121.0718654,378446,,2022-12-31,10,0,Zillow ZIP-level market for Camptonville; mapped with Census 2020 ZCTA 95922 in Yuba County.,,,,
95962 Oregon House,zcta,95962,Oregon House,39.3234046,-121.272549,411105,,2022-12-31,10,0,Zillow ZIP-level market for Oregon House; mapped with Census 2020 ZCTA 95962 in Yuba County.,,,,
95901 Marysville,zcta,95901,Marysville,39.2239387,-121.4940499,386023,1535,2023-01-31,10,0,Zillow ZIP-level market for Marysville; mapped with Census 2020 ZCTA 95901 in Yuba County.,,1535,Zillow ZORI,
95961 Olivehurst,zcta,95961,Olivehurst,39.0413331,-121.5628346,444661,,2023-01-31,10,0,Zillow ZIP-level market for Olivehurst; mapped with Census 2020 ZCTA 95961 in Yuba County.,,,,
95692 Wheatland,zcta,95692,Wheatland,39.043066,-121.4098044,453170,,2023-01-31,10,0,Zillow ZIP-level market for Wheatland; mapped with Census 2020 ZCTA 95692 in Yuba County.,,,,
95918 Browns Valley,zcta,95918,Browns Valley,39.3012294,-121.3379292,574380,,2023-01-31,10,0,Zillow ZIP-level market for Browns Valley; mapped with Census 2020 ZCTA 95918 in Yuba County.,,,,
95960 Nevada City,zcta,95960,Nevada City,39.4414426,-121.0166256,395269,,2023-01-31,10,0,Zillow ZIP-level market for Nevada City; mapped with Census 2020 ZCTA 95960 in Yuba County.,,,,
95919 Brownsville,zcta,95919,Brownsville,39.4344381,-121.2655554,325670,,2023-01-31,10,0,Zillow ZIP-level market for Brownsville; mapped with Census 2020 ZCTA 95919 in Yuba County.,,,,
95935 Dobbins,zcta,95935,Dobbins,39.3793437,-121.192261,364323,,2023-01-31,10,0,Zillow ZIP-level market for Dobbins; mapped with Census 2020 ZCTA 95935 in Yuba County.,,,,
95922 Camptonville,zcta,95922,Camptonville,39.4667301,-121.0718654,371099,,2023-01-31,10,0,Zillow ZIP-level market for Camptonville; mapped with Census 2020 ZCTA 95922 in Yuba County.,,,,
95962 Oregon House,zcta,95962,Oregon House,39.3234046,-121.272549,406293,,2023-01-31,10,0,Zillow ZIP-level market for Oregon House; mapped with Census 2020 ZCTA 95962 in Yuba County.,,,,
95901 Marysville,zcta,95901,Marysville,39.2239387,-121.4940499,382736,1552,2023-02-28,10,0,Zillow ZIP-level market for Marysville; mapped with Census 2020 ZCTA 95901 in Yuba County.,,1552,Zillow ZORI,
95961 Olivehurst,zcta,95961,Olivehurst,39.0413331,-121.5628346,440963,,2023-02-28,10,0,Zillow ZIP-level market for Olivehurst; mapped with Census 2020 ZCTA 95961 in Yuba County.,,,,
95692 Wheatland,zcta,95692,Wheatland,39.043066,-121.4098044,449709,,2023-02-28,10,0,Zillow ZIP-level market for Wheatland; mapped with Census 2020 ZCTA 95692 in Yuba County.,,,,
95918 Browns Valley,zcta,95918,Browns Valley,39.3012294,-121.3379292,565805,,2023-02-28,10,0,Zillow ZIP-level market for Browns Valley; mapped with Census 2020 ZCTA 95918 in Yuba County.,,,,
95960 Nevada City,zcta,95960,Nevada City,39.4414426,-121.0166256,390802,,2023-02-28,10,0,Zillow ZIP-level market for Nevada City; mapped with Census 2020 ZCTA 95960 in Yuba County.,,,,
95919 Brownsville,zcta,95919,Brownsville,39.4344381,-121.2655554,322951,,2023-02-28,10,0,Zillow ZIP-level market for Brownsville; mapped with Census 2020 ZCTA 95919 in Yuba County.,,,,
95935 Dobbins,zcta,95935,Dobbins,39.3793437,-121.192261,359902,,2023-02-28,10,0,Zillow ZIP-level market for Dobbins; mapped with Census 2020 ZCTA 95935 in Yuba County.,,,,
95922 Camptonville,zcta,95922,Camptonville,39.4667301,-121.0718654,363969,,2023-02-28,10,0,Zillow ZIP-level market for Camptonville; mapped with Census 2020 ZCTA 95922 in Yuba County.,,,,
95962 Oregon House,zcta,95962,Oregon House,39.3234046,-121.272549,401967,,2023-02-28,10,0,Zillow ZIP-level market for Oregon House; mapped with Census 2020 ZCTA 95962 in Yuba County.,,,,
95901 Marysville,zcta,95901,Marysville,39.2239387,-121.4940499,380895,1513,2023-03-31,10,0,Zillow ZIP-level market for Marysville; mapped with Census 2020 ZCTA 95901 in Yuba County.,,1513,Zillow ZORI,
95961 Olivehurst,zcta,95961,Olivehurst,39.0413331,-121.5628346,439023,,2023-03-31,10,0,Zillow ZIP-level market for Olivehurst; mapped with Census 2020 ZCTA 95961 in Yuba County.,,,,
95692 Wheatland,zcta,95692,Wheatland,39.043066,-121.4098044,447799,,2023-03-31,10,0,Zillow ZIP-level market for Wheatland; mapped with Census 2020 ZCTA 95692 in Yuba County.,,,,
95918 Browns Valley,zcta,95918,Browns Valley,39.3012294,-121.3379292,560941,,2023-03-31,10,0,Zillow ZIP-level market for Browns Valley; mapped with Census 2020 ZCTA 95918 in Yuba County.,,,,
95960 Nevada City,zcta,95960,Nevada City,39.4414426,-121.0166256,386638,,2023-03-31,10,0,Zillow ZIP-level market for Nevada City; mapped with Census 2020 ZCTA 95960 in Yuba County.,,,,
95919 Brownsville,zcta,95919,Brownsville,39.4344381,-121.2655554,321840,,2023-03-31,10,0,Zillow ZIP-level market for Brownsville; mapped with Census 2020 ZCTA 95919 in Yuba County.,,,,
95935 Dobbins,zcta,95935,Dobbins,39.3793437,-121.192261,358078,,2023-03-31,10,0,Zillow ZIP-level market for Dobbins; mapped with Census 2020 ZCTA 95935 in Yuba County.,,,,
95922 Camptonville,zcta,95922,Camptonville,39.4667301,-121.0718654,359207,,2023-03-31,10,0,Zillow ZIP-level market for Camptonville; mapped with Census 2020 ZCTA 95922 in Yuba County.,,,,
95962 Oregon House,zcta,95962,Oregon House,39.3234046,-121.272549,400591,,2023-03-31,10,0,Zillow ZIP-level market for Oregon House; mapped with Census 2020 ZCTA 95962 in Yuba County.,,,,
95901 Marysville,zcta,95901,Marysville,39.2239387,-121.4940499,380894,1505,2023-04-30,10,0,Zillow ZIP-level market for Marysville; mapped with Census 2020 ZCTA 95901 in Yuba County.,,1505,Zillow ZORI,
95961 Olivehurst,zcta,95961,Olivehurst,39.0413331,-121.5628346,439123,,2023-04-30,10,0,Zillow ZIP-level market for Olivehurst; mapped with Census 2020 ZCTA 95961 in Yuba County.,,,,
95692 Wheatland,zcta,95692,Wheatland,39.043066,-121.4098044,447528,,2023-04-30,10,0,Zillow ZIP-level market for Wheatland; mapped with Census 2020 ZCTA 95692 in Yuba County.,,,,
95918 Browns Valley,zcta,95918,Browns Valley,39.3012294,-121.3379292,560935,,2023-04-30,10,0,Zillow ZIP-level market for Browns Valley; mapped with Census 2020 ZCTA 95918 in Yuba County.,,,,
95960 Nevada City,zcta,95960,Nevada City,39.4414426,-121.0166256,385153,,2023-04-30,10,0,Zillow ZIP-level market for Nevada City; mapped with Census 2020 ZCTA 95960 in Yuba County.,,,,
95919 Brownsville,zcta,95919,Brownsville,39.4344381,-121.2655554,322979,,2023-04-30,10,0,Zillow ZIP-level market for Brownsville; mapped with Census 2020 ZCTA 95919 in Yuba County.,,,,
95935 Dobbins,zcta,95935,Dobbins,39.3793437,-121.192261,359609,,2023-04-30,10,0,Zillow ZIP-level market for Dobbins; mapped with Census 2020 ZCTA 95935 in Yuba County.,,,,
95922 Camptonville,zcta,95922,Camptonville,39.4667301,-121.0718654,361295,,2023-04-30,10,0,Zillow ZIP-level market for Camptonville; mapped with Census 2020 ZCTA 95922 in Yuba County.,,,,
95962 Oregon House,zcta,95962,Oregon House,39.3234046,-121.272549,404422,,2023-04-30,10,0,Zillow ZIP-level market for Oregon House; mapped with Census 2020 ZCTA 95962 in Yuba County.,,,,
95901 Marysville,zcta,95901,Marysville,39.2239387,-121.4940499,382436,1562,2023-05-31,10,0,Zillow ZIP-level market for Marysville; mapped with Census 2020 ZCTA 95901 in Yuba County.,,1562,Zillow ZORI,
95961 Olivehurst,zcta,95961,Olivehurst,39.0413331,-121.5628346,440448,,2023-05-31,10,0,Zillow ZIP-level market for Olivehurst; mapped with Census 2020 ZCTA 95961 in Yuba County.,,,,
95692 Wheatland,zcta,95692,Wheatland,39.043066,-121.4098044,448896,,2023-05-31,10,0,Zillow ZIP-level market for Wheatland; mapped with Census 2020 ZCTA 95692 in Yuba County.,,,,
95918 Browns Valley,zcta,95918,Browns Valley,39.3012294,-121.3379292,565469,,2023-05-31,10,0,Zillow ZIP-level market for Browns Valley; mapped with Census 2020 ZCTA 95918 in Yuba County.,,,,
95960 Nevada City,zcta,95960,Nevada City,39.4414426,-121.0166256,385768,,2023-05-31,10,0,Zillow ZIP-level market for Nevada City; mapped with Census 2020 ZCTA 95960 in Yuba County.,,,,
95919 Brownsville,zcta,95919,Brownsville,39.4344381,-121.2655554,325309,,2023-05-31,10,0,Zillow ZIP-level market for Brownsville; mapped with Census 2020 ZCTA 95919 in Yuba County.,,,,
95935 Dobbins,zcta,95935,Dobbins,39.3793437,-121.192261,363354,,2023-05-31,10,0,Zillow ZIP-level market for Dobbins; mapped with Census 2020 ZCTA 95935 in Yuba County.,,,,
95922 Camptonville,zcta,95922,Camptonville,39.4667301,-121.0718654,367132,,2023-05-31,10,0,Zillow ZIP-level market for Camptonville; mapped with Census 2020 ZCTA 95922 in Yuba County.,,,,
95962 Oregon House,zcta,95962,Oregon House,39.3234046,-121.272549,412433,,2023-05-31,10,0,Zillow ZIP-level market for Oregon House; mapped with Census 2020 ZCTA 95962 in Yuba County.,,,,
95901 Marysville,zcta,95901,Marysville,39.2239387,-121.4940499,384514,1607,2023-06-30,10,0,Zillow ZIP-level market for Marysville; mapped with Census 2020 ZCTA 95901 in Yuba County.,,1607,Zillow ZORI,
95961 Olivehurst,zcta,95961,Olivehurst,39.0413331,-121.5628346,442551,,2023-06-30,10,0,Zillow ZIP-level market for Olivehurst; mapped with Census 2020 ZCTA 95961 in Yuba County.,,,,
95692 Wheatland,zcta,95692,Wheatland,39.043066,-121.4098044,450799,,2023-06-30,10,0,Zillow ZIP-level market for Wheatland; mapped with Census 2020 ZCTA 95692 in Yuba County.,,,,
95918 Browns Valley,zcta,95918,Browns Valley,39.3012294,-121.3379292,570310,,2023-06-30,10,0,Zillow ZIP-level market for Browns Valley; mapped with Census 2020 ZCTA 95918 in Yuba County.,,,,
95960 Nevada City,zcta,95960,Nevada City,39.4414426,-121.0166256,387369,,2023-06-30,10,0,Zillow ZIP-level market for Nevada City; mapped with Census 2020 ZCTA 95960 in Yuba County.,,,,
95919 Brownsville,zcta,95919,Brownsville,39.4344381,-121.2655554,327471,,2023-06-30,10,0,Zillow ZIP-level market for Brownsville; mapped with Census 2020 ZCTA 95919 in Yuba County.,,,,
95935 Dobbins,zcta,95935,Dobbins,39.3793437,-121.192261,367708,,2023-06-30,10,0,Zillow ZIP-level market for Dobbins; mapped with Census 2020 ZCTA 95935 in Yuba County.,,,,
95922 Camptonville,zcta,95922,Camptonville,39.4667301,-121.0718654,373053,,2023-06-30,10,0,Zillow ZIP-level market for Camptonville; mapped with Census 2020 ZCTA 95922 in Yuba County.,,,,
95962 Oregon House,zcta,95962,Oregon House,39.3234046,-121.272549,420069,,2023-06-30,10,0,Zillow ZIP-level market for Oregon House; mapped with Census 2020 ZCTA 95962 in Yuba County.,,,,
95901 Marysville,zcta,95901,Marysville,39.2239387,-121.4940499,386563,1624,2023-07-31,10,0,Zillow ZIP-level market for Marysville; mapped with Census 2020 ZCTA 95901 in Yuba County.,,1624,Zillow ZORI,
95961 Olivehurst,zcta,95961,Olivehurst,39.0413331,-121.5628346,444913,,2023-07-31,10,0,Zillow ZIP-level market for Olivehurst; mapped with Census 2020 ZCTA 95961 in Yuba County.,,,,
95692 Wheatland,zcta,95692,Wheatland,39.043066,-121.4098044,453023,,2023-07-31,10,0,Zillow ZIP-level market for Wheatland; mapped with Census 2020 ZCTA 95692 in Yuba County.,,,,
95918 Browns Valley,zcta,95918,Browns Valley,39.3012294,-121.3379292,573224,,2023-07-31,10,0,Zillow ZIP-level market for Browns Valley; mapped with Census 2020 ZCTA 95918 in Yuba County.,,,,
95960 Nevada City,zcta,95960,Nevada City,39.4414426,-121.0166256,388288,,2023-07-31,10,0,Zillow ZIP-level market for Nevada City; mapped with Census 2020 ZCTA 95960 in Yuba County.,,,,
95919 Brownsville,zcta,95919,Brownsville,39.4344381,-121.2655554,329325,,2023-07-31,10,0,Zillow ZIP-level market for Brownsville; mapped with Census 2020 ZCTA 95919 in Yuba County.,,,,
95935 Dobbins,zcta,95935,Dobbins,39.3793437,-121.192261,370699,,2023-07-31,10,0,Zillow ZIP-level market for Dobbins; mapped with Census 2020 ZCTA 95935 in Yuba County.,,,,
95922 Camptonville,zcta,95922,Camptonville,39.4667301,-121.0718654,376283,,2023-07-31,10,0,Zillow ZIP-level market for Camptonville; mapped with Census 2020 ZCTA 95922 in Yuba County.,,,,
95962 Oregon House,zcta,95962,Oregon House,39.3234046,-121.272549,425350,,2023-07-31,10,0,Zillow ZIP-level market for Oregon House; mapped with Census 2020 ZCTA 95962 in Yuba County.,,,,
95901 Marysville,zcta,95901,Marysville,39.2239387,-121.4940499,388462,1618,2023-08-31,10,0,Zillow ZIP-level market for Marysville; mapped with Census 2020 ZCTA 95901 in Yuba County.,,1618,Zillow ZORI,
95961 Olivehurst,zcta,95961,Olivehurst,39.0413331,-121.5628346,447648,,2023-08-31,10,0,Zillow ZIP-level market for Olivehurst; mapped with Census 2020 ZCTA 95961 in Yuba County.,,,,
95692 Wheatland,zcta,95692,Wheatland,39.043066,-121.4098044,455907,,2023-08-31,10,0,Zillow ZIP-level market for Wheatland; mapped with Census 2020 ZCTA 95692 in Yuba County.,,,,
95918 Browns Valley,zcta,95918,Browns Valley,39.3012294,-121.3379292,574336,,2023-08-31,10,0,Zillow ZIP-level market for Browns Valley; mapped with Census 2020 ZCTA 95918 in Yuba County.,,,,
95960 Nevada City,zcta,95960,Nevada City,39.4414426,-121.0166256,387200,,2023-08-31,10,0,Zillow ZIP-level market for Nevada City; mapped with Census 2020 ZCTA 95960 in Yuba County.,,,,
95919 Brownsville,zcta,95919,Brownsville,39.4344381,-121.2655554,330444,,2023-08-31,10,0,Zillow ZIP-level market for Brownsville; mapped with Census 2020 ZCTA 95919 in Yuba County.,,,,
95935 Dobbins,zcta,95935,Dobbins,39.3793437,-121.192261,373093,,2023-08-31,10,0,Zillow ZIP-level market for Dobbins; mapped with Census 2020 ZCTA 95935 in Yuba County.,,,,
95922 Camptonville,zcta,95922,Camptonville,39.4667301,-121.0718654,378582,,2023-08-31,10,0,Zillow ZIP-level market for Camptonville; mapped with Census 2020 ZCTA 95922 in Yuba County.,,,,
95962 Oregon House,zcta,95962,Oregon House,39.3234046,-121.272549,429315,,2023-08-31,10,0,Zillow ZIP-level market for Oregon House; mapped with Census 2020 ZCTA 95962 in Yuba County.,,,,
95901 Marysville,zcta,95901,Marysville,39.2239387,-121.4940499,389528,1629,2023-09-30,10,0,Zillow ZIP-level market for Marysville; mapped with Census 2020 ZCTA 95901 in Yuba County.,,1629,Zillow ZORI,
95961 Olivehurst,zcta,95961,Olivehurst,39.0413331,-121.5628346,449625,,2023-09-30,10,0,Zillow ZIP-level market for Olivehurst; mapped with Census 2020 ZCTA 95961 in Yuba County.,,,,
95692 Wheatland,zcta,95692,Wheatland,39.043066,-121.4098044,458318,,2023-09-30,10,0,Zillow ZIP-level market for Wheatland; mapped with Census 2020 ZCTA 95692 in Yuba County.,,,,
95918 Browns Valley,zcta,95918,Browns Valley,39.3012294,-121.3379292,573713,,2023-09-30,10,0,Zillow ZIP-level market for Browns Valley; mapped with Census 2020 ZCTA 95918 in Yuba County.,,,,
95960 Nevada City,zcta,95960,Nevada City,39.4414426,-121.0166256,385501,,2023-09-30,10,0,Zillow ZIP-level market for Nevada City; mapped with Census 2020 ZCTA 95960 in Yuba County.,,,,
95919 Brownsville,zcta,95919,Brownsville,39.4344381,-121.2655554,330932,,2023-09-30,10,0,Zillow ZIP-level market for Brownsville; mapped with Census 2020 ZCTA 95919 in Yuba County.,,,,
95935 Dobbins,zcta,95935,Dobbins,39.3793437,-121.192261,373904,,2023-09-30,10,0,Zillow ZIP-level market for Dobbins; mapped with Census 2020 ZCTA 95935 in Yuba County.,,,,
95922 Camptonville,zcta,95922,Camptonville,39.4667301,-121.0718654,380336,,2023-09-30,10,0,Zillow ZIP-level market for Camptonville; mapped with Census 2020 ZCTA 95922 in Yuba County.,,,,
95962 Oregon House,zcta,95962,Oregon House,39.3234046,-121.272549,432371,,2023-09-30,10,0,Zillow ZIP-level market for Oregon House; mapped with Census 2020 ZCTA 95962 in Yuba County.,,,,
95901 Marysville,zcta,95901,Marysville,39.2239387,-121.4940499,390435,1640,2023-10-31,10,0,Zillow ZIP-level market for Marysville; mapped with Census 2020 ZCTA 95901 in Yuba County.,,1640,Zillow ZORI,
95961 Olivehurst,zcta,95961,Olivehurst,39.0413331,-121.5628346,451577,,2023-10-31,10,0,Zillow ZIP-level market for Olivehurst; mapped with Census 2020 ZCTA 95961 in Yuba County.,,,,
95692 Wheatland,zcta,95692,Wheatland,39.043066,-121.4098044,460625,,2023-10-31,10,0,Zillow ZIP-level market for Wheatland; mapped with Census 2020 ZCTA 95692 in Yuba County.,,,,
95918 Browns Valley,zcta,95918,Browns Valley,39.3012294,-121.3379292,572311,,2023-10-31,10,0,Zillow ZIP-level market for Browns Valley; mapped with Census 2020 ZCTA 95918 in Yuba County.,,,,
95960 Nevada City,zcta,95960,Nevada City,39.4414426,-121.0166256,382296,,2023-10-31,10,0,Zillow ZIP-level market for Nevada City; mapped with Census 2020 ZCTA 95960 in Yuba County.,,,,
95919 Brownsville,zcta,95919,Brownsville,39.4344381,-121.2655554,330461,,2023-10-31,10,0,Zillow ZIP-level market for Brownsville; mapped with Census 2020 ZCTA 95919 in Yuba County.,,,,
95935 Dobbins,zcta,95935,Dobbins,39.3793437,-121.192261,373561,,2023-10-31,10,0,Zillow ZIP-level market for Dobbins; mapped with Census 2020 ZCTA 95935 in Yuba County.,,,,
95922 Camptonville,zcta,95922,Camptonville,39.4667301,-121.0718654,380407,,2023-10-31,10,0,Zillow ZIP-level market for Camptonville; mapped with Census 2020 ZCTA 95922 in Yuba County.,,,,
95962 Oregon House,zcta,95962,Oregon House,39.3234046,-121.272549,434433,,2023-10-31,10,0,Zillow ZIP-level market for Oregon House; mapped with Census 2020 ZCTA 95962 in Yuba County.,,,,
95901 Marysville,zcta,95901,Marysville,39.2239387,-121.4940499,390821,1608,2023-11-30,10,0,Zillow ZIP-level market for Marysville; mapped with Census 2020 ZCTA 95901 in Yuba County.,,1608,Zillow ZORI,
95961 Olivehurst,zcta,95961,Olivehurst,39.0413331,-121.5628346,452769,,2023-11-30,10,0,Zillow ZIP-level market for Olivehurst; mapped with Census 2020 ZCTA 95961 in Yuba County.,,,,
95692 Wheatland,zcta,95692,Wheatland,39.043066,-121.4098044,462095,,2023-11-30,10,0,Zillow ZIP-level market for Wheatland; mapped with Census 2020 ZCTA 95692 in Yuba County.,,,,
95918 Browns Valley,zcta,95918,Browns Valley,39.3012294,-121.3379292,571133,,2023-11-30,10,0,Zillow ZIP-level market for Browns Valley; mapped with Census 2020 ZCTA 95918 in Yuba County.,,,,
95960 Nevada City,zcta,95960,Nevada City,39.4414426,-121.0166256,378857,,2023-11-30,10,0,Zillow ZIP-level market for Nevada City; mapped with Census 2020 ZCTA 95960 in Yuba County.,,,,
95919 Brownsville,zcta,95919,Brownsville,39.4344381,-121.2655554,329829,,2023-11-30,10,0,Zillow ZIP-level market for Brownsville; mapped with Census 2020 ZCTA 95919 in Yuba County.,,,,
95935 Dobbins,zcta,95935,Dobbins,39.3793437,-121.192261,372514,,2023-11-30,10,0,Zillow ZIP-level market for Dobbins; mapped with Census 2020 ZCTA 95935 in Yuba County.,,,,
95922 Camptonville,zcta,95922,Camptonville,39.4667301,-121.0718654,379726,,2023-11-30,10,0,Zillow ZIP-level market for Camptonville; mapped with Census 2020 ZCTA 95922 in Yuba County.,,,,
95962 Oregon House,zcta,95962,Oregon House,39.3234046,-121.272549,436075,,2023-11-30,10,0,Zillow ZIP-level market for Oregon House; mapped with Census 2020 ZCTA 95962 in Yuba County.,,,,
95901 Marysville,zcta,95901,Marysville,39.2239387,-121.4940499,391637,1603,2023-12-31,10,0,Zillow ZIP-level market for Marysville; mapped with Census 2020 ZCTA 95901 in Yuba County.,,1603,Zillow ZORI,
95961 Olivehurst,zcta,95961,Olivehurst,39.0413331,-121.5628346,454151,,2023-12-31,10,0,Zillow ZIP-level market for Olivehurst; mapped with Census 2020 ZCTA 95961 in Yuba County.,,,,
95692 Wheatland,zcta,95692,Wheatland,39.043066,-121.4098044,463561,,2023-12-31,10,0,Zillow ZIP-level market for Wheatland; mapped with Census 2020 ZCTA 95692 in Yuba County.,,,,
95918 Browns Valley,zcta,95918,Browns Valley,39.3012294,-121.3379292,570713,,2023-12-31,10,0,Zillow ZIP-level market for Browns Valley; mapped with Census 2020 ZCTA 95918 in Yuba County.,,,,
95960 Nevada City,zcta,95960,Nevada City,39.4414426,-121.0166256,374862,,2023-12-31,10,0,Zillow ZIP-level market for Nevada City; mapped with Census 2020 ZCTA 95960 in Yuba County.,,,,
95919 Brownsville,zcta,95919,Brownsville,39.4344381,-121.2655554,327553,,2023-12-31,10,0,Zillow ZIP-level market for Brownsville; mapped with Census 2020 ZCTA 95919 in Yuba County.,,,,
95935 Dobbins,zcta,95935,Dobbins,39.3793437,-121.192261,371410,,2023-12-31,10,0,Zillow ZIP-level market for Dobbins; mapped with Census 2020 ZCTA 95935 in Yuba County.,,,,
95922 Camptonville,zcta,95922,Camptonville,39.4667301,-121.0718654,377202,,2023-12-31,10,0,Zillow ZIP-level market for Camptonville; mapped with Census 2020 ZCTA 95922 in Yuba County.,,,,
95962 Oregon House,zcta,95962,Oregon House,39.3234046,-121.272549,436883,,2023-12-31,10,0,Zillow ZIP-level market for Oregon House; mapped with Census 2020 ZCTA 95962 in Yuba County.,,,,
95901 Marysville,zcta,95901,Marysville,39.2239387,-121.4940499,392198,1638,2024-01-31,10,0,Zillow ZIP-level market for Marysville; mapped with Census 2020 ZCTA 95901 in Yuba County.,,1638,Zillow ZORI,
95961 Olivehurst,zcta,95961,Olivehurst,39.0413331,-121.5628346,454977,,2024-01-31,10,0,Zillow ZIP-level market for Olivehurst; mapped with Census 2020 ZCTA 95961 in Yuba County.,,,,
95692 Wheatland,zcta,95692,Wheatland,39.043066,-121.4098044,464535,,2024-01-31,10,0,Zillow ZIP-level market for Wheatland; mapped with Census 2020 ZCTA 95692 in Yuba County.,,,,
95918 Browns Valley,zcta,95918,Browns Valley,39.3012294,-121.3379292,570439,,2024-01-31,10,0,Zillow ZIP-level market for Browns Valley; mapped with Census 2020 ZCTA 95918 in Yuba County.,,,,
95960 Nevada City,zcta,95960,Nevada City,39.4414426,-121.0166256,369585,,2024-01-31,10,0,Zillow ZIP-level market for Nevada City; mapped with Census 2020 ZCTA 95960 in Yuba County.,,,,
95919 Brownsville,zcta,95919,Brownsville,39.4344381,-121.2655554,324655,,2024-01-31,10,0,Zillow ZIP-level market for Brownsville; mapped with Census 2020 ZCTA 95919 in Yuba County.,,,,
95935 Dobbins,zcta,95935,Dobbins,39.3793437,-121.192261,370381,,2024-01-31,10,0,Zillow ZIP-level market for Dobbins; mapped with Census 2020 ZCTA 95935 in Yuba County.,,,,
95922 Camptonville,zcta,95922,Camptonville,39.4667301,-121.0718654,373839,,2024-01-31,10,0,Zillow ZIP-level market for Camptonville; mapped with Census 2020 ZCTA 95922 in Yuba County.,,,,
95962 Oregon House,zcta,95962,Oregon House,39.3234046,-121.272549,437906,,2024-01-31,10,0,Zillow ZIP-level market for Oregon House; mapped with Census 2020 ZCTA 95962 in Yuba County.,,,,
95901 Marysville,zcta,95901,Marysville,39.2239387,-121.4940499,393224,1661,2024-02-29,10,0,Zillow ZIP-level market for Marysville; mapped with Census 2020 ZCTA 95901 in Yuba County.,,1661,Zillow ZORI,
95961 Olivehurst,zcta,95961,Olivehurst,39.0413331,-121.5628346,456299,,2024-02-29,10,0,Zillow ZIP-level market for Olivehurst; mapped with Census 2020 ZCTA 95961 in Yuba County.,,,,
95692 Wheatland,zcta,95692,Wheatland,39.043066,-121.4098044,465748,,2024-02-29,10,0,Zillow ZIP-level market for Wheatland; mapped with Census 2020 ZCTA 95692 in Yuba County.,,,,
95918 Browns Valley,zcta,95918,Browns Valley,39.3012294,-121.3379292,570159,,2024-02-29,10,0,Zillow ZIP-level market for Browns Valley; mapped with Census 2020 ZCTA 95918 in Yuba County.,,,,
95960 Nevada City,zcta,95960,Nevada City,39.4414426,-121.0166256,365139,,2024-02-29,10,0,Zillow ZIP-level market for Nevada City; mapped with Census 2020 ZCTA 95960 in Yuba County.,,,,
95919 Brownsville,zcta,95919,Brownsville,39.4344381,-121.2655554,322553,,2024-02-29,10,0,Zillow ZIP-level market for Brownsville; mapped with Census 2020 ZCTA 95919 in Yuba County.,,,,
95935 Dobbins,zcta,95935,Dobbins,39.3793437,-121.192261,369828,,2024-02-29,10,0,Zillow ZIP-level market for Dobbins; mapped with Census 2020 ZCTA 95935 in Yuba County.,,,,
95922 Camptonville,zcta,95922,Camptonville,39.4667301,-121.0718654,369792,,2024-02-29,10,0,Zillow ZIP-level market for Camptonville; mapped with Census 2020 ZCTA 95922 in Yuba County.,,,,
95962 Oregon House,zcta,95962,Oregon House,39.3234046,-121.272549,438732,,2024-02-29,10,0,Zillow ZIP-level market for Oregon House; mapped with Census 2020 ZCTA 95962 in Yuba County.,,,,
95901 Marysville,zcta,95901,Marysville,39.2239387,-121.4940499,394733,1683,2024-03-31,10,0,Zillow ZIP-level market for Marysville; mapped with Census 2020 ZCTA 95901 in Yuba County.,,1683,Zillow ZORI,
95961 Olivehurst,zcta,95961,Olivehurst,39.0413331,-121.5628346,458153,,2024-03-31,10,0,Zillow ZIP-level market for Olivehurst; mapped with Census 2020 ZCTA 95961 in Yuba County.,,,,
95692 Wheatland,zcta,95692,Wheatland,39.043066,-121.4098044,467157,,2024-03-31,10,0,Zillow ZIP-level market for Wheatland; mapped with Census 2020 ZCTA 95692 in Yuba County.,,,,
95918 Browns Valley,zcta,95918,Browns Valley,39.3012294,-121.3379292,571866,,2024-03-31,10,0,Zillow ZIP-level market for Browns Valley; mapped with Census 2020 ZCTA 95918 in Yuba County.,,,,
95960 Nevada City,zcta,95960,Nevada City,39.4414426,-121.0166256,362045,,2024-03-31,10,0,Zillow ZIP-level market for Nevada City; mapped with Census 2020 ZCTA 95960 in Yuba County.,,,,
95919 Brownsville,zcta,95919,Brownsville,39.4344381,-121.2655554,322564,,2024-03-31,10,0,Zillow ZIP-level market for Brownsville; mapped with Census 2020 ZCTA 95919 in Yuba County.,,,,
95935 Dobbins,zcta,95935,Dobbins,39.3793437,-121.192261,370236,,2024-03-31,10,0,Zillow ZIP-level market for Dobbins; mapped with Census 2020 ZCTA 95935 in Yuba County.,,,,
95922 Camptonville,zcta,95922,Camptonville,39.4667301,-121.0718654,367986,,2024-03-31,10,0,Zillow ZIP-level market for Camptonville; mapped with Census 2020 ZCTA 95922 in Yuba County.,,,,
95962 Oregon House,zcta,95962,Oregon House,39.3234046,-121.272549,440806,,2024-03-31,10,0,Zillow ZIP-level market for Oregon House; mapped with Census 2020 ZCTA 95962 in Yuba County.,,,,
95901 Marysville,zcta,95901,Marysville,39.2239387,-121.4940499,396767,1655,2024-04-30,10,0,Zillow ZIP-level market for Marysville; mapped with Census 2020 ZCTA 95901 in Yuba County.,,1655,Zillow ZORI,
95961 Olivehurst,zcta,95961,Olivehurst,39.0413331,-121.5628346,460158,,2024-04-30,10,0,Zillow ZIP-level market for Olivehurst; mapped with Census 2020 ZCTA 95961 in Yuba County.,,,,
95692 Wheatland,zcta,95692,Wheatland,39.043066,-121.4098044,468779,,2024-04-30,10,0,Zillow ZIP-level market for Wheatland; mapped with Census 2020 ZCTA 95692 in Yuba County.,,,,
95918 Browns Valley,zcta,95918,Browns Valley,39.3012294,-121.3379292,575607,,2024-04-30,10,0,Zillow ZIP-level market for Browns Valley; mapped with Census 2020 ZCTA 95918 in Yuba County.,,,,
95960 Nevada City,zcta,95960,Nevada City,39.4414426,-121.0166256,361985,,2024-04-30,10,0,Zillow ZIP-level market for Nevada City; mapped with Census 2020 ZCTA 95960 in Yuba County.,,,,
95919 Brownsville,zcta,95919,Brownsville,39.4344381,-121.2655554,324773,,2024-04-30,10,0,Zillow ZIP-level market for Brownsville; mapped with Census 2020 ZCTA 95919 in Yuba County.,,,,
95935 Dobbins,zcta,95935,Dobbins,39.3793437,-121.192261,373121,,2024-04-30,10,0,Zillow ZIP-level market for Dobbins; mapped with Census 2020 ZCTA 95935 in Yuba County.,,,,
95922 Camptonville,zcta,95922,Camptonville,39.4667301,-121.0718654,369688,,2024-04-30,10,0,Zillow ZIP-level market for Camptonville; mapped with Census 2020 ZCTA 95922 in Yuba County.,,,,
95962 Oregon House,zcta,95962,Oregon House,39.3234046,-121.272549,444235,,2024-04-30,10,0,Zillow ZIP-level market for Oregon House; mapped with Census 2020 ZCTA 95962 in Yuba County.,,,,
95901 Marysville,zcta,95901,Marysville,39.2239387,-121.4940499,398770,1659,2024-05-31,10,0,Zillow ZIP-level market for Marysville; mapped with Census 2020 ZCTA 95901 in Yuba County.,,1659,Zillow ZORI,
95961 Olivehurst,zcta,95961,Olivehurst,39.0413331,-121.5628346,461709,,2024-05-31,10,0,Zillow ZIP-level market for Olivehurst; mapped with Census 2020 ZCTA 95961 in Yuba County.,,,,
95692 Wheatland,zcta,95692,Wheatland,39.043066,-121.4098044,470278,,2024-05-31,10,0,Zillow ZIP-level market for Wheatland; mapped with Census 2020 ZCTA 95692 in Yuba County.,,,,
95918 Browns Valley,zcta,95918,Browns Valley,39.3012294,-121.3379292,580668,,2024-05-31,10,0,Zillow ZIP-level market for Browns Valley; mapped with Census 2020 ZCTA 95918 in Yuba County.,,,,
95960 Nevada City,zcta,95960,Nevada City,39.4414426,-121.0166256,362721,,2024-05-31,10,0,Zillow ZIP-level market for Nevada City; mapped with Census 2020 ZCTA 95960 in Yuba County.,,,,
95919 Brownsville,zcta,95919,Brownsville,39.4344381,-121.2655554,327338,,2024-05-31,10,0,Zillow ZIP-level market for Brownsville; mapped with Census 2020 ZCTA 95919 in Yuba County.,,,,
95935 Dobbins,zcta,95935,Dobbins,39.3793437,-121.192261,377328,,2024-05-31,10,0,Zillow ZIP-level market for Dobbins; mapped with Census 2020 ZCTA 95935 in Yuba County.,,,,
95922 Camptonville,zcta,95922,Camptonville,39.4667301,-121.0718654,374203,,2024-05-31,10,0,Zillow ZIP-level market for Camptonville; mapped with Census 2020 ZCTA 95922 in Yuba County.,,,,
95962 Oregon House,zcta,95962,Oregon House,39.3234046,-121.272549,449455,,2024-05-31,10,0,Zillow ZIP-level market for Oregon House; mapped with Census 2020 ZCTA 95962 in Yuba County.,,,,
95901 Marysville,zcta,95901,Marysville,39.2239387,-121.4940499,400114,1648,2024-06-30,10,0,Zillow ZIP-level market for Marysville; mapped with Census 2020 ZCTA 95901 in Yuba County.,,1648,Zillow ZORI,
95961 Olivehurst,zcta,95961,Olivehurst,39.0413331,-121.5628346,462216,,2024-06-30,10,0,Zillow ZIP-level market for Olivehurst; mapped with Census 2020 ZCTA 95961 in Yuba County.,,,,
95692 Wheatland,zcta,95692,Wheatland,39.043066,-121.4098044,471550,,2024-06-30,10,0,Zillow ZIP-level market for Wheatland; mapped with Census 2020 ZCTA 95692 in Yuba County.,,,,
95918 Browns Valley,zcta,95918,Browns Valley,39.3012294,-121.3379292,583850,,2024-06-30,10,0,Zillow ZIP-level market for Browns Valley; mapped with Census 2020 ZCTA 95918 in Yuba County.,,,,
95960 Nevada City,zcta,95960,Nevada City,39.4414426,-121.0166256,362892,,2024-06-30,10,0,Zillow ZIP-level market for Nevada City; mapped with Census 2020 ZCTA 95960 in Yuba County.,,,,
95919 Brownsville,zcta,95919,Brownsville,39.4344381,-121.2655554,329379,,2024-06-30,10,0,Zillow ZIP-level market for Brownsville; mapped with Census 2020 ZCTA 95919 in Yuba County.,,,,
95935 Dobbins,zcta,95935,Dobbins,39.3793437,-121.192261,380820,,2024-06-30,10,0,Zillow ZIP-level market for Dobbins; mapped with Census 2020 ZCTA 95935 in Yuba County.,,,,
95922 Camptonville,zcta,95922,Camptonville,39.4667301,-121.0718654,377699,,2024-06-30,10,0,Zillow ZIP-level market for Camptonville; mapped with Census 2020 ZCTA 95922 in Yuba County.,,,,
95962 Oregon House,zcta,95962,Oregon House,39.3234046,-121.272549,453722,,2024-06-30,10,0,Zillow ZIP-level market for Oregon House; mapped with Census 2020 ZCTA 95962 in Yuba County.,,,,
95901 Marysville,zcta,95901,Marysville,39.2239387,-121.4940499,400856,1659,2024-07-31,10,0,Zillow ZIP-level market for Marysville; mapped with Census 2020 ZCTA 95901 in Yuba County.,,1659,Zillow ZORI,
95961 Olivehurst,zcta,95961,Olivehurst,39.0413331,-121.5628346,462259,,2024-07-31,10,0,Zillow ZIP-level market for Olivehurst; mapped with Census 2020 ZCTA 95961 in Yuba County.,,,,
95692 Wheatland,zcta,95692,Wheatland,39.043066,-121.4098044,472182,,2024-07-31,10,0,Zillow ZIP-level market for Wheatland; mapped with Census 2020 ZCTA 95692 in Yuba County.,,,,
95918 Browns Valley,zcta,95918,Browns Valley,39.3012294,-121.3379292,584834,,2024-07-31,10,0,Zillow ZIP-level market for Browns Valley; mapped with Census 2020 ZCTA 95918 in Yuba County.,,,,
95960 Nevada City,zcta,95960,Nevada City,39.4414426,-121.0166256,362063,,2024-07-31,10,0,Zillow ZIP-level market for Nevada City; mapped with Census 2020 ZCTA 95960 in Yuba County.,,,,
95919 Brownsville,zcta,95919,Brownsville,39.4344381,-121.2655554,330604,,2024-07-31,10,0,Zillow ZIP-level market for Brownsville; mapped with Census 2020 ZCTA 95919 in Yuba County.,,,,
95935 Dobbins,zcta,95935,Dobbins,39.3793437,-121.192261,382466,,2024-07-31,10,0,Zillow ZIP-level market for Dobbins; mapped with Census 2020 ZCTA 95935 in Yuba County.,,,,
95922 Camptonville,zcta,95922,Camptonville,39.4667301,-121.0718654,379196,,2024-07-31,10,0,Zillow ZIP-level market for Camptonville; mapped with Census 2020 ZCTA 95922 in Yuba County.,,,,
95962 Oregon House,zcta,95962,Oregon House,39.3234046,-121.272549,456048,,2024-07-31,10,0,Zillow ZIP-level market for Oregon House; mapped with Census 2020 ZCTA 95962 in Yuba County.,,,,
95901 Marysville,zcta,95901,Marysville,39.2239387,-121.4940499,400952,1664,2024-08-31,10,0,Zillow ZIP-level market for Marysville; mapped with Census 2020 ZCTA 95901 in Yuba County.,,1664,Zillow ZORI,
95961 Olivehurst,zcta,95961,Olivehurst,39.0413331,-121.5628346,461927,,2024-08-31,10,0,Zillow ZIP-level market for Olivehurst; mapped with Census 2020 ZCTA 95961 in Yuba County.,,,,
95692 Wheatland,zcta,95692,Wheatland,39.043066,-121.4098044,471771,,2024-08-31,10,0,Zillow ZIP-level market for Wheatland; mapped with Census 2020 ZCTA 95692 in Yuba County.,,,,
95918 Browns Valley,zcta,95918,Browns Valley,39.3012294,-121.3379292,583653,,2024-08-31,10,0,Zillow ZIP-level market for Browns Valley; mapped with Census 2020 ZCTA 95918 in Yuba County.,,,,
95960 Nevada City,zcta,95960,Nevada City,39.4414426,-121.0166256,360711,,2024-08-31,10,0,Zillow ZIP-level market for Nevada City; mapped with Census 2020 ZCTA 95960 in Yuba County.,,,,
95919 Brownsville,zcta,95919,Brownsville,39.4344381,-121.2655554,331048,,2024-08-31,10,0,Zillow ZIP-level market for Brownsville; mapped with Census 2020 ZCTA 95919 in Yuba County.,,,,
95935 Dobbins,zcta,95935,Dobbins,39.3793437,-121.192261,382226,,2024-08-31,10,0,Zillow ZIP-level market for Dobbins; mapped with Census 2020 ZCTA 95935 in Yuba County.,,,,
95922 Camptonville,zcta,95922,Camptonville,39.4667301,-121.0718654,379093,,2024-08-31,10,0,Zillow ZIP-level market for Camptonville; mapped with Census 2020 ZCTA 95922 in Yuba County.,,,,
95962 Oregon House,zcta,95962,Oregon House,39.3234046,-121.272549,454739,,2024-08-31,10,0,Zillow ZIP-level market for Oregon House; mapped with Census 2020 ZCTA 95962 in Yuba County.,,,,
95901 Marysville,zcta,95901,Marysville,39.2239387,-121.4940499,400976,1702,2024-09-30,10,0,Zillow ZIP-level market for Marysville; mapped with Census 2020 ZCTA 95901 in Yuba County.,,1702,Zillow ZORI,
95961 Olivehurst,zcta,95961,Olivehurst,39.0413331,-121.5628346,461865,,2024-09-30,10,0,Zillow ZIP-level market for Olivehurst; mapped with Census 2020 ZCTA 95961 in Yuba County.,,,,
95692 Wheatland,zcta,95692,Wheatland,39.043066,-121.4098044,471782,,2024-09-30,10,0,Zillow ZIP-level market for Wheatland; mapped with Census 2020 ZCTA 95692 in Yuba County.,,,,
95918 Browns Valley,zcta,95918,Browns Valley,39.3012294,-121.3379292,582166,,2024-09-30,10,0,Zillow ZIP-level market for Browns Valley; mapped with Census 2020 ZCTA 95918 in Yuba County.,,,,
95960 Nevada City,zcta,95960,Nevada City,39.4414426,-121.0166256,359231,,2024-09-30,10,0,Zillow ZIP-level market for Nevada City; mapped with Census 2020 ZCTA 95960 in Yuba County.,,,,
95919 Brownsville,zcta,95919,Brownsville,39.4344381,-121.2655554,330353,,2024-09-30,10,0,Zillow ZIP-level market for Brownsville; mapped with Census 2020 ZCTA 95919 in Yuba County.,,,,
95935 Dobbins,zcta,95935,Dobbins,39.3793437,-121.192261,380311,,2024-09-30,10,0,Zillow ZIP-level market for Dobbins; mapped with Census 2020 ZCTA 95935 in Yuba County.,,,,
95922 Camptonville,zcta,95922,Camptonville,39.4667301,-121.0718654,377656,,2024-09-30,10,0,Zillow ZIP-level market for Camptonville; mapped with Census 2020 ZCTA 95922 in Yuba County.,,,,
95962 Oregon House,zcta,95962,Oregon House,39.3234046,-121.272549,451980,,2024-09-30,10,0,Zillow ZIP-level market for Oregon House; mapped with Census 2020 ZCTA 95962 in Yuba County.,,,,
95901 Marysville,zcta,95901,Marysville,39.2239387,-121.4940499,401344,1721,2024-10-31,10,0,Zillow ZIP-level market for Marysville; mapped with Census 2020 ZCTA 95901 in Yuba County.,,1721,Zillow ZORI,
95961 Olivehurst,zcta,95961,Olivehurst,39.0413331,-121.5628346,462215,,2024-10-31,10,0,Zillow ZIP-level market for Olivehurst; mapped with Census 2020 ZCTA 95961 in Yuba County.,,,,
95692 Wheatland,zcta,95692,Wheatland,39.043066,-121.4098044,472402,,2024-10-31,10,0,Zillow ZIP-level market for Wheatland; mapped with Census 2020 ZCTA 95692 in Yuba County.,,,,
95918 Browns Valley,zcta,95918,Browns Valley,39.3012294,-121.3379292,581662,,2024-10-31,10,0,Zillow ZIP-level market for Browns Valley; mapped with Census 2020 ZCTA 95918 in Yuba County.,,,,
95960 Nevada City,zcta,95960,Nevada City,39.4414426,-121.0166256,358145,,2024-10-31,10,0,Zillow ZIP-level market for Nevada City; mapped with Census 2020 ZCTA 95960 in Yuba County.,,,,
95919 Brownsville,zcta,95919,Brownsville,39.4344381,-121.2655554,328323,,2024-10-31,10,0,Zillow ZIP-level market for Brownsville; mapped with Census 2020 ZCTA 95919 in Yuba County.,,,,
95935 Dobbins,zcta,95935,Dobbins,39.3793437,-121.192261,378136,,2024-10-31,10,0,Zillow ZIP-level market for Dobbins; mapped with Census 2020 ZCTA 95935 in Yuba County.,,,,
95922 Camptonville,zcta,95922,Camptonville,39.4667301,-121.0718654,375416,,2024-10-31,10,0,Zillow ZIP-level market for Camptonville; mapped with Census 2020 ZCTA 95922 in Yuba County.,,,,
95962 Oregon House,zcta,95962,Oregon House,39.3234046,-121.272549,449142,,2024-10-31,10,0,Zillow ZIP-level market for Oregon House; mapped with Census 2020 ZCTA 95962 in Yuba County.,,,,
95901 Marysville,zcta,95901,Marysville,39.2239387,-121.4940499,402187,1737,2024-11-30,10,0,Zillow ZIP-level market for Marysville; mapped with Census 2020 ZCTA 95901 in Yuba County.,,1737,Zillow ZORI,
95961 Olivehurst,zcta,95961,Olivehurst,39.0413331,-121.5628346,463179,,2024-11-30,10,0,Zillow ZIP-level market for Olivehurst; mapped with Census 2020 ZCTA 95961 in Yuba County.,,,,
95692 Wheatland,zcta,95692,Wheatland,39.043066,-121.4098044,473861,,2024-11-30,10,0,Zillow ZIP-level market for Wheatland; mapped with Census 2020 ZCTA 95692 in Yuba County.,,,,
95918 Browns Valley,zcta,95918,Browns Valley,39.3012294,-121.3379292,582341,,2024-11-30,10,0,Zillow ZIP-level market for Browns Valley; mapped with Census 2020 ZCTA 95918 in Yuba County.,,,,
95960 Nevada City,zcta,95960,Nevada City,39.4414426,-121.0166256,357724,,2024-11-30,10,0,Zillow ZIP-level market for Nevada City; mapped with Census 2020 ZCTA 95960 in Yuba County.,,,,
95919 Brownsville,zcta,95919,Brownsville,39.4344381,-121.2655554,325759,,2024-11-30,10,0,Zillow ZIP-level market for Brownsville; mapped with Census 2020 ZCTA 95919 in Yuba County.,,,,
95935 Dobbins,zcta,95935,Dobbins,39.3793437,-121.192261,376741,,2024-11-30,10,0,Zillow ZIP-level market for Dobbins; mapped with Census 2020 ZCTA 95935 in Yuba County.,,,,
95922 Camptonville,zcta,95922,Camptonville,39.4667301,-121.0718654,372052,,2024-11-30,10,0,Zillow ZIP-level market for Camptonville; mapped with Census 2020 ZCTA 95922 in Yuba County.,,,,
95962 Oregon House,zcta,95962,Oregon House,39.3234046,-121.272549,446961,,2024-11-30,10,0,Zillow ZIP-level market for Oregon House; mapped with Census 2020 ZCTA 95962 in Yuba County.,,,,
95901 Marysville,zcta,95901,Marysville,39.2239387,-121.4940499,403557,1721,2024-12-31,10,0,Zillow ZIP-level market for Marysville; mapped with Census 2020 ZCTA 95901 in Yuba County.,,1721,Zillow ZORI,
95961 Olivehurst,zcta,95961,Olivehurst,39.0413331,-121.5628346,464747,,2024-12-31,10,0,Zillow ZIP-level market for Olivehurst; mapped with Census 2020 ZCTA 95961 in Yuba County.,,,,
95692 Wheatland,zcta,95692,Wheatland,39.043066,-121.4098044,475858,,2024-12-31,10,0,Zillow ZIP-level market for Wheatland; mapped with Census 2020 ZCTA 95692 in Yuba County.,,,,
95918 Browns Valley,zcta,95918,Browns Valley,39.3012294,-121.3379292,585004,,2024-12-31,10,0,Zillow ZIP-level market for Browns Valley; mapped with Census 2020 ZCTA 95918 in Yuba County.,,,,
95960 Nevada City,zcta,95960,Nevada City,39.4414426,-121.0166256,359591,,2024-12-31,10,0,Zillow ZIP-level market for Nevada City; mapped with Census 2020 ZCTA 95960 in Yuba County.,,,,
95919 Brownsville,zcta,95919,Brownsville,39.4344381,-121.2655554,324353,,2024-12-31,10,0,Zillow ZIP-level market for Brownsville; mapped with Census 2020 ZCTA 95919 in Yuba County.,,,,
95935 Dobbins,zcta,95935,Dobbins,39.3793437,-121.192261,377943,,2024-12-31,10,0,Zillow ZIP-level market for Dobbins; mapped with Census 2020 ZCTA 95935 in Yuba County.,,,,
95922 Camptonville,zcta,95922,Camptonville,39.4667301,-121.0718654,371140,,2024-12-31,10,0,Zillow ZIP-level market for Camptonville; mapped with Census 2020 ZCTA 95922 in Yuba County.,,,,
95962 Oregon House,zcta,95962,Oregon House,39.3234046,-121.272549,446114,,2024-12-31,10,0,Zillow ZIP-level market for Oregon House; mapped with Census 2020 ZCTA 95962 in Yuba County.,,,,
95901 Marysville,zcta,95901,Marysville,39.2239387,-121.4940499,404436,1725,2025-01-31,10,0,Zillow ZIP-level market for Marysville; mapped with Census 2020 ZCTA 95901 in Yuba County.,,1725,Zillow ZORI,
95961 Olivehurst,zcta,95961,Olivehurst,39.0413331,-121.5628346,466204,,2025-01-31,10,0,Zillow ZIP-level market for Olivehurst; mapped with Census 2020 ZCTA 95961 in Yuba County.,,,,
95692 Wheatland,zcta,95692,Wheatland,39.043066,-121.4098044,477702,,2025-01-31,10,0,Zillow ZIP-level market for Wheatland; mapped with Census 2020 ZCTA 95692 in Yuba County.,,,,
95918 Browns Valley,zcta,95918,Browns Valley,39.3012294,-121.3379292,587331,,2025-01-31,10,0,Zillow ZIP-level market for Browns Valley; mapped with Census 2020 ZCTA 95918 in Yuba County.,,,,
95960 Nevada City,zcta,95960,Nevada City,39.4414426,-121.0166256,360517,,2025-01-31,10,0,Zillow ZIP-level market for Nevada City; mapped with Census 2020 ZCTA 95960 in Yuba County.,,,,
95919 Brownsville,zcta,95919,Brownsville,39.4344381,-121.2655554,322406,,2025-01-31,10,0,Zillow ZIP-level market for Brownsville; mapped with Census 2020 ZCTA 95919 in Yuba County.,,,,
95935 Dobbins,zcta,95935,Dobbins,39.3793437,-121.192261,378318,,2025-01-31,10,0,Zillow ZIP-level market for Dobbins; mapped with Census 2020 ZCTA 95935 in Yuba County.,,,,
95922 Camptonville,zcta,95922,Camptonville,39.4667301,-121.0718654,369996,,2025-01-31,10,0,Zillow ZIP-level market for Camptonville; mapped with Census 2020 ZCTA 95922 in Yuba County.,,,,
95962 Oregon House,zcta,95962,Oregon House,39.3234046,-121.272549,444839,,2025-01-31,10,0,Zillow ZIP-level market for Oregon House; mapped with Census 2020 ZCTA 95962 in Yuba County.,,,,
95901 Marysville,zcta,95901,Marysville,39.2239387,-121.4940499,404426,1712,2025-02-28,10,0,Zillow ZIP-level market for Marysville; mapped with Census 2020 ZCTA 95901 in Yuba County.,,1712,Zillow ZORI,
95961 Olivehurst,zcta,95961,Olivehurst,39.0413331,-121.5628346,466699,,2025-02-28,10,0,Zillow ZIP-level market for Olivehurst; mapped with Census 2020 ZCTA 95961 in Yuba County.,,,,
95692 Wheatland,zcta,95692,Wheatland,39.043066,-121.4098044,478234,,2025-02-28,10,0,Zillow ZIP-level market for Wheatland; mapped with Census 2020 ZCTA 95692 in Yuba County.,,,,
95918 Browns Valley,zcta,95918,Browns Valley,39.3012294,-121.3379292,589693,,2025-02-28,10,0,Zillow ZIP-level market for Browns Valley; mapped with Census 2020 ZCTA 95918 in Yuba County.,,,,
95960 Nevada City,zcta,95960,Nevada City,39.4414426,-121.0166256,361960,,2025-02-28,10,0,Zillow ZIP-level market for Nevada City; mapped with Census 2020 ZCTA 95960 in Yuba County.,,,,
95919 Brownsville,zcta,95919,Brownsville,39.4344381,-121.2655554,320893,,2025-02-28,10,0,Zillow ZIP-level market for Brownsville; mapped with Census 2020 ZCTA 95919 in Yuba County.,,,,
95935 Dobbins,zcta,95935,Dobbins,39.3793437,-121.192261,378577,,2025-02-28,10,0,Zillow ZIP-level market for Dobbins; mapped with Census 2020 ZCTA 95935 in Yuba County.,,,,
95922 Camptonville,zcta,95922,Camptonville,39.4667301,-121.0718654,369534,,2025-02-28,10,0,Zillow ZIP-level market for Camptonville; mapped with Census 2020 ZCTA 95922 in Yuba County.,,,,
95962 Oregon House,zcta,95962,Oregon House,39.3234046,-121.272549,444132,,2025-02-28,10,0,Zillow ZIP-level market for Oregon House; mapped with Census 2020 ZCTA 95962 in Yuba County.,,,,
95901 Marysville,zcta,95901,Marysville,39.2239387,-121.4940499,403320,1750,2025-03-31,10,0,Zillow ZIP-level market for Marysville; mapped with Census 2020 ZCTA 95901 in Yuba County.,,1750,Zillow ZORI,
95961 Olivehurst,zcta,95961,Olivehurst,39.0413331,-121.5628346,465626,,2025-03-31,10,0,Zillow ZIP-level market for Olivehurst; mapped with Census 2020 ZCTA 95961 in Yuba County.,,,,
95692 Wheatland,zcta,95692,Wheatland,39.043066,-121.4098044,476519,,2025-03-31,10,0,Zillow ZIP-level market for Wheatland; mapped with Census 2020 ZCTA 95692 in Yuba County.,,,,
95918 Browns Valley,zcta,95918,Browns Valley,39.3012294,-121.3379292,589252,,2025-03-31,10,0,Zillow ZIP-level market for Browns Valley; mapped with Census 2020 ZCTA 95918 in Yuba County.,,,,
95960 Nevada City,zcta,95960,Nevada City,39.4414426,-121.0166256,361973,,2025-03-31,10,0,Zillow ZIP-level market for Nevada City; mapped with Census 2020 ZCTA 95960 in Yuba County.,,,,
95919 Brownsville,zcta,95919,Brownsville,39.4344381,-121.2655554,318845,,2025-03-31,10,0,Zillow ZIP-level market for Brownsville; mapped with Census 2020 ZCTA 95919 in Yuba County.,,,,
95935 Dobbins,zcta,95935,Dobbins,39.3793437,-121.192261,376781,,2025-03-31,10,0,Zillow ZIP-level market for Dobbins; mapped with Census 2020 ZCTA 95935 in Yuba County.,,,,
95922 Camptonville,zcta,95922,Camptonville,39.4667301,-121.0718654,367686,,2025-03-31,10,0,Zillow ZIP-level market for Camptonville; mapped with Census 2020 ZCTA 95922 in Yuba County.,,,,
95962 Oregon House,zcta,95962,Oregon House,39.3234046,-121.272549,442089,,2025-03-31,10,0,Zillow ZIP-level market for Oregon House; mapped with Census 2020 ZCTA 95962 in Yuba County.,,,,
95901 Marysville,zcta,95901,Marysville,39.2239387,-121.4940499,401960,1729,2025-04-30,10,0,Zillow ZIP-level market for Marysville; mapped with Census 2020 ZCTA 95901 in Yuba County.,,1729,Zillow ZORI,
95961 Olivehurst,zcta,95961,Olivehurst,39.0413331,-121.5628346,463693,,2025-04-30,10,0,Zillow ZIP-level market for Olivehurst; mapped with Census 2020 ZCTA 95961 in Yuba County.,,,,
95692 Wheatland,zcta,95692,Wheatland,39.043066,-121.4098044,473576,,2025-04-30,10,0,Zillow ZIP-level market for Wheatland; mapped with Census 2020 ZCTA 95692 in Yuba County.,,,,
95918 Browns Valley,zcta,95918,Browns Valley,39.3012294,-121.3379292,587358,,2025-04-30,10,0,Zillow ZIP-level market for Browns Valley; mapped with Census 2020 ZCTA 95918 in Yuba County.,,,,
95960 Nevada City,zcta,95960,Nevada City,39.4414426,-121.0166256,362233,,2025-04-30,10,0,Zillow ZIP-level market for Nevada City; mapped with Census 2020 ZCTA 95960 in Yuba County.,,,,
95919 Brownsville,zcta,95919,Brownsville,39.4344381,-121.2655554,317875,,2025-04-30,10,0,Zillow ZIP-level market for Brownsville; mapped with Census 2020 ZCTA 95919 in Yuba County.,,,,
95935 Dobbins,zcta,95935,Dobbins,39.3793437,-121.192261,374839,,2025-04-30,10,0,Zillow ZIP-level market for Dobbins; mapped with Census 2020 ZCTA 95935 in Yuba County.,,,,
95922 Camptonville,zcta,95922,Camptonville,39.4667301,-121.0718654,365626,,2025-04-30,10,0,Zillow ZIP-level market for Camptonville; mapped with Census 2020 ZCTA 95922 in Yuba County.,,,,
95962 Oregon House,zcta,95962,Oregon House,39.3234046,-121.272549,440104,,2025-04-30,10,0,Zillow ZIP-level market for Oregon House; mapped with Census 2020 ZCTA 95962 in Yuba County.,,,,
95901 Marysville,zcta,95901,Marysville,39.2239387,-121.4940499,400945,1718,2025-05-31,10,0,Zillow ZIP-level market for Marysville; mapped with Census 2020 ZCTA 95901 in Yuba County.,,1718,Zillow ZORI,
95961 Olivehurst,zcta,95961,Olivehurst,39.0413331,-121.5628346,461714,,2025-05-31,10,0,Zillow ZIP-level market for Olivehurst; mapped with Census 2020 ZCTA 95961 in Yuba County.,,,,
95692 Wheatland,zcta,95692,Wheatland,39.043066,-121.4098044,471179,,2025-05-31,10,0,Zillow ZIP-level market for Wheatland; mapped with Census 2020 ZCTA 95692 in Yuba County.,,,,
95918 Browns Valley,zcta,95918,Browns Valley,39.3012294,-121.3379292,584676,,2025-05-31,10,0,Zillow ZIP-level market for Browns Valley; mapped with Census 2020 ZCTA 95918 in Yuba County.,,,,
95960 Nevada City,zcta,95960,Nevada City,39.4414426,-121.0166256,360841,,2025-05-31,10,0,Zillow ZIP-level market for Nevada City; mapped with Census 2020 ZCTA 95960 in Yuba County.,,,,
95919 Brownsville,zcta,95919,Brownsville,39.4344381,-121.2655554,316486,,2025-05-31,10,0,Zillow ZIP-level market for Brownsville; mapped with Census 2020 ZCTA 95919 in Yuba County.,,,,
95935 Dobbins,zcta,95935,Dobbins,39.3793437,-121.192261,372094,,2025-05-31,10,0,Zillow ZIP-level market for Dobbins; mapped with Census 2020 ZCTA 95935 in Yuba County.,,,,
95922 Camptonville,zcta,95922,Camptonville,39.4667301,-121.0718654,363088,,2025-05-31,10,0,Zillow ZIP-level market for Camptonville; mapped with Census 2020 ZCTA 95922 in Yuba County.,,,,
95962 Oregon House,zcta,95962,Oregon House,39.3234046,-121.272549,438159,,2025-05-31,10,0,Zillow ZIP-level market for Oregon House; mapped with Census 2020 ZCTA 95962 in Yuba County.,,,,
95901 Marysville,zcta,95901,Marysville,39.2239387,-121.4940499,399582,1690,2025-06-30,10,0,Zillow ZIP-level market for Marysville; mapped with Census 2020 ZCTA 95901 in Yuba County.,,1690,Zillow ZORI,
95961 Olivehurst,zcta,95961,Olivehurst,39.0413331,-121.5628346,459643,,2025-06-30,10,0,Zillow ZIP-level market for Olivehurst; mapped with Census 2020 ZCTA 95961 in Yuba County.,,,,
95692 Wheatland,zcta,95692,Wheatland,39.043066,-121.4098044,469041,,2025-06-30,10,0,Zillow ZIP-level market for Wheatland; mapped with Census 2020 ZCTA 95692 in Yuba County.,,,,
95918 Browns Valley,zcta,95918,Browns Valley,39.3012294,-121.3379292,580773,,2025-06-30,10,0,Zillow ZIP-level market for Browns Valley; mapped with Census 2020 ZCTA 95918 in Yuba County.,,,,
95960 Nevada City,zcta,95960,Nevada City,39.4414426,-121.0166256,358154,,2025-06-30,10,0,Zillow ZIP-level market for Nevada City; mapped with Census 2020 ZCTA 95960 in Yuba County.,,,,
95919 Brownsville,zcta,95919,Brownsville,39.4344381,-121.2655554,313939,,2025-06-30,10,0,Zillow ZIP-level market for Brownsville; mapped with Census 2020 ZCTA 95919 in Yuba County.,,,,
95935 Dobbins,zcta,95935,Dobbins,39.3793437,-121.192261,368949,,2025-06-30,10,0,Zillow ZIP-level market for Dobbins; mapped with Census 2020 ZCTA 95935 in Yuba County.,,,,
95922 Camptonville,zcta,95922,Camptonville,39.4667301,-121.0718654,358930,,2025-06-30,10,0,Zillow ZIP-level market for Camptonville; mapped with Census 2020 ZCTA 95922 in Yuba County.,,,,
95962 Oregon House,zcta,95962,Oregon House,39.3234046,-121.272549,435326,,2025-06-30,10,0,Zillow ZIP-level market for Oregon House; mapped with Census 2020 ZCTA 95962 in Yuba County.,,,,
95901 Marysville,zcta,95901,Marysville,39.2239387,-121.4940499,398379,1722,2025-07-31,10,0,Zillow ZIP-level market for Marysville; mapped with Census 2020 ZCTA 95901 in Yuba County.,,1722,Zillow ZORI,
95961 Olivehurst,zcta,95961,Olivehurst,39.0413331,-121.5628346,457611,,2025-07-31,10,0,Zillow ZIP-level market for Olivehurst; mapped with Census 2020 ZCTA 95961 in Yuba County.,,,,
95692 Wheatland,zcta,95692,Wheatland,39.043066,-121.4098044,467137,,2025-07-31,10,0,Zillow ZIP-level market for Wheatland; mapped with Census 2020 ZCTA 95692 in Yuba County.,,,,
95918 Browns Valley,zcta,95918,Browns Valley,39.3012294,-121.3379292,576263,,2025-07-31,10,0,Zillow ZIP-level market for Browns Valley; mapped with Census 2020 ZCTA 95918 in Yuba County.,,,,
95960 Nevada City,zcta,95960,Nevada City,39.4414426,-121.0166256,355799,,2025-07-31,10,0,Zillow ZIP-level market for Nevada City; mapped with Census 2020 ZCTA 95960 in Yuba County.,,,,
95919 Brownsville,zcta,95919,Brownsville,39.4344381,-121.2655554,310971,,2025-07-31,10,0,Zillow ZIP-level market for Brownsville; mapped with Census 2020 ZCTA 95919 in Yuba County.,,,,
95935 Dobbins,zcta,95935,Dobbins,39.3793437,-121.192261,366512,,2025-07-31,10,0,Zillow ZIP-level market for Dobbins; mapped with Census 2020 ZCTA 95935 in Yuba County.,,,,
95922 Camptonville,zcta,95922,Camptonville,39.4667301,-121.0718654,355482,,2025-07-31,10,0,Zillow ZIP-level market for Camptonville; mapped with Census 2020 ZCTA 95922 in Yuba County.,,,,
95962 Oregon House,zcta,95962,Oregon House,39.3234046,-121.272549,432537,,2025-07-31,10,0,Zillow ZIP-level market for Oregon House; mapped with Census 2020 ZCTA 95962 in Yuba County.,,,,
95901 Marysville,zcta,95901,Marysville,39.2239387,-121.4940499,397061,1774,2025-08-31,10,0,Zillow ZIP-level market for Marysville; mapped with Census 2020 ZCTA 95901 in Yuba County.,,1774,Zillow ZORI,
95961 Olivehurst,zcta,95961,Olivehurst,39.0413331,-121.5628346,455307,,2025-08-31,10,0,Zillow ZIP-level market for Olivehurst; mapped with Census 2020 ZCTA 95961 in Yuba County.,,,,
95692 Wheatland,zcta,95692,Wheatland,39.043066,-121.4098044,464633,,2025-08-31,10,0,Zillow ZIP-level market for Wheatland; mapped with Census 2020 ZCTA 95692 in Yuba County.,,,,
95918 Browns Valley,zcta,95918,Browns Valley,39.3012294,-121.3379292,571009,,2025-08-31,10,0,Zillow ZIP-level market for Browns Valley; mapped with Census 2020 ZCTA 95918 in Yuba County.,,,,
95960 Nevada City,zcta,95960,Nevada City,39.4414426,-121.0166256,353974,,2025-08-31,10,0,Zillow ZIP-level market for Nevada City; mapped with Census 2020 ZCTA 95960 in Yuba County.,,,,
95919 Brownsville,zcta,95919,Brownsville,39.4344381,-121.2655554,307844,,2025-08-31,10,0,Zillow ZIP-level market for Brownsville; mapped with Census 2020 ZCTA 95919 in Yuba County.,,,,
95935 Dobbins,zcta,95935,Dobbins,39.3793437,-121.192261,365142,,2025-08-31,10,0,Zillow ZIP-level market for Dobbins; mapped with Census 2020 ZCTA 95935 in Yuba County.,,,,
95922 Camptonville,zcta,95922,Camptonville,39.4667301,-121.0718654,352406,,2025-08-31,10,0,Zillow ZIP-level market for Camptonville; mapped with Census 2020 ZCTA 95922 in Yuba County.,,,,
95962 Oregon House,zcta,95962,Oregon House,39.3234046,-121.272549,429015,,2025-08-31,10,0,Zillow ZIP-level market for Oregon House; mapped with Census 2020 ZCTA 95962 in Yuba County.,,,,
95901 Marysville,zcta,95901,Marysville,39.2239387,-121.4940499,396357,1784,2025-09-30,10,0,Zillow ZIP-level market for Marysville; mapped with Census 2020 ZCTA 95901 in Yuba County.,,1784,Zillow ZORI,
95961 Olivehurst,zcta,95961,Olivehurst,39.0413331,-121.5628346,453382,2373,2025-09-30,10,0,Zillow ZIP-level market for Olivehurst; mapped with Census 2020 ZCTA 95961 in Yuba County.,,2373,Zillow ZORI,
95692 Wheatland,zcta,95692,Wheatland,39.043066,-121.4098044,462245,,2025-09-30,10,0,Zillow ZIP-level market for Wheatland; mapped with Census 2020 ZCTA 95692 in Yuba County.,,,,
95918 Browns Valley,zcta,95918,Browns Valley,39.3012294,-121.3379292,567000,,2025-09-30,10,0,Zillow ZIP-level market for Browns Valley; mapped with Census 2020 ZCTA 95918 in Yuba County.,,,,
95960 Nevada City,zcta,95960,Nevada City,39.4414426,-121.0166256,354023,,2025-09-30,10,0,Zillow ZIP-level market for Nevada City; mapped with Census 2020 ZCTA 95960 in Yuba County.,,,,
95919 Brownsville,zcta,95919,Brownsville,39.4344381,-121.2655554,305911,,2025-09-30,10,0,Zillow ZIP-level market for Brownsville; mapped with Census 2020 ZCTA 95919 in Yuba County.,,,,
95935 Dobbins,zcta,95935,Dobbins,39.3793437,-121.192261,364363,,2025-09-30,10,0,Zillow ZIP-level market for Dobbins; mapped with Census 2020 ZCTA 95935 in Yuba County.,,,,
95922 Camptonville,zcta,95922,Camptonville,39.4667301,-121.0718654,351745,,2025-09-30,10,0,Zillow ZIP-level market for Camptonville; mapped with Census 2020 ZCTA 95922 in Yuba County.,,,,
95962 Oregon House,zcta,95962,Oregon House,39.3234046,-121.272549,426336,,2025-09-30,10,0,Zillow ZIP-level market for Oregon House; mapped with Census 2020 ZCTA 95962 in Yuba County.,,,,
95901 Marysville,zcta,95901,Marysville,39.2239387,-121.4940499,395761,1783,2025-10-31,10,0,Zillow ZIP-level market for Marysville; mapped with Census 2020 ZCTA 95901 in Yuba County.,,1783,Zillow ZORI,
95961 Olivehurst,zcta,95961,Olivehurst,39.0413331,-121.5628346,451855,2349,2025-10-31,10,0,Zillow ZIP-level market for Olivehurst; mapped with Census 2020 ZCTA 95961 in Yuba County.,,2349,Zillow ZORI,
95692 Wheatland,zcta,95692,Wheatland,39.043066,-121.4098044,459918,,2025-10-31,10,0,Zillow ZIP-level market for Wheatland; mapped with Census 2020 ZCTA 95692 in Yuba County.,,,,
95918 Browns Valley,zcta,95918,Browns Valley,39.3012294,-121.3379292,564050,,2025-10-31,10,0,Zillow ZIP-level market for Browns Valley; mapped with Census 2020 ZCTA 95918 in Yuba County.,,,,
95960 Nevada City,zcta,95960,Nevada City,39.4414426,-121.0166256,354884,,2025-10-31,10,0,Zillow ZIP-level market for Nevada City; mapped with Census 2020 ZCTA 95960 in Yuba County.,,,,
95919 Brownsville,zcta,95919,Brownsville,39.4344381,-121.2655554,305023,,2025-10-31,10,0,Zillow ZIP-level market for Brownsville; mapped with Census 2020 ZCTA 95919 in Yuba County.,,,,
95935 Dobbins,zcta,95935,Dobbins,39.3793437,-121.192261,364360,,2025-10-31,10,0,Zillow ZIP-level market for Dobbins; mapped with Census 2020 ZCTA 95935 in Yuba County.,,,,
95922 Camptonville,zcta,95922,Camptonville,39.4667301,-121.0718654,352437,,2025-10-31,10,0,Zillow ZIP-level market for Camptonville; mapped with Census 2020 ZCTA 95922 in Yuba County.,,,,
95962 Oregon House,zcta,95962,Oregon House,39.3234046,-121.272549,424475,,2025-10-31,10,0,Zillow ZIP-level market for Oregon House; mapped with Census 2020 ZCTA 95962 in Yuba County.,,,,
95901 Marysville,zcta,95901,Marysville,39.2239387,-121.4940499,395436,1786,2025-11-30,10,0,Zillow ZIP-level market for Marysville; mapped with Census 2020 ZCTA 95901 in Yuba County.,,1786,Zillow ZORI,
95961 Olivehurst,zcta,95961,Olivehurst,39.0413331,-121.5628346,451164,2345,2025-11-30,10,0,Zillow ZIP-level market for Olivehurst; mapped with Census 2020 ZCTA 95961 in Yuba County.,,2345,Zillow ZORI,
95692 Wheatland,zcta,95692,Wheatland,39.043066,-121.4098044,458144,,2025-11-30,10,0,Zillow ZIP-level market for Wheatland; mapped with Census 2020 ZCTA 95692 in Yuba County.,,,,
95918 Browns Valley,zcta,95918,Browns Valley,39.3012294,-121.3379292,562558,,2025-11-30,10,0,Zillow ZIP-level market for Browns Valley; mapped with Census 2020 ZCTA 95918 in Yuba County.,,,,
95960 Nevada City,zcta,95960,Nevada City,39.4414426,-121.0166256,355862,,2025-11-30,10,0,Zillow ZIP-level market for Nevada City; mapped with Census 2020 ZCTA 95960 in Yuba County.,,,,
95919 Brownsville,zcta,95919,Brownsville,39.4344381,-121.2655554,305426,,2025-11-30,10,0,Zillow ZIP-level market for Brownsville; mapped with Census 2020 ZCTA 95919 in Yuba County.,,,,
95935 Dobbins,zcta,95935,Dobbins,39.3793437,-121.192261,364675,,2025-11-30,10,0,Zillow ZIP-level market for Dobbins; mapped with Census 2020 ZCTA 95935 in Yuba County.,,,,
95922 Camptonville,zcta,95922,Camptonville,39.4667301,-121.0718654,354544,,2025-11-30,10,0,Zillow ZIP-level market for Camptonville; mapped with Census 2020 ZCTA 95922 in Yuba County.,,,,
95962 Oregon House,zcta,95962,Oregon House,39.3234046,-121.272549,423943,,2025-11-30,10,0,Zillow ZIP-level market for Oregon House; mapped with Census 2020 ZCTA 95962 in Yuba County.,,,,
95901 Marysville,zcta,95901,Marysville,39.2239387,-121.4940499,395273,1764,2025-12-31,10,0,Zillow ZIP-level market for Marysville; mapped with Census 2020 ZCTA 95901 in Yuba County.,,1764,Zillow ZORI,
95961 Olivehurst,zcta,95961,Olivehurst,39.0413331,-121.5628346,451069,2320,2025-12-31,10,0,Zillow ZIP-level market for Olivehurst; mapped with Census 2020 ZCTA 95961 in Yuba County.,,2320,Zillow ZORI,
95692 Wheatland,zcta,95692,Wheatland,39.043066,-121.4098044,457030,,2025-12-31,10,0,Zillow ZIP-level market for Wheatland; mapped with Census 2020 ZCTA 95692 in Yuba County.,,,,
95918 Browns Valley,zcta,95918,Browns Valley,39.3012294,-121.3379292,562271,,2025-12-31,10,0,Zillow ZIP-level market for Browns Valley; mapped with Census 2020 ZCTA 95918 in Yuba County.,,,,
95960 Nevada City,zcta,95960,Nevada City,39.4414426,-121.0166256,355787,,2025-12-31,10,0,Zillow ZIP-level market for Nevada City; mapped with Census 2020 ZCTA 95960 in Yuba County.,,,,
95919 Brownsville,zcta,95919,Brownsville,39.4344381,-121.2655554,306723,,2025-12-31,10,0,Zillow ZIP-level market for Brownsville; mapped with Census 2020 ZCTA 95919 in Yuba County.,,,,
95935 Dobbins,zcta,95935,Dobbins,39.3793437,-121.192261,365314,,2025-12-31,10,0,Zillow ZIP-level market for Dobbins; mapped with Census 2020 ZCTA 95935 in Yuba County.,,,,
95922 Camptonville,zcta,95922,Camptonville,39.4667301,-121.0718654,356245,,2025-12-31,10,0,Zillow ZIP-level market for Camptonville; mapped with Census 2020 ZCTA 95922 in Yuba County.,,,,
95962 Oregon House,zcta,95962,Oregon House,39.3234046,-121.272549,424523,,2025-12-31,10,0,Zillow ZIP-level market for Oregon House; mapped with Census 2020 ZCTA 95962 in Yuba County.,,,,
95901 Marysville,zcta,95901,Marysville,39.2239387,-121.4940499,395445,1776,2026-01-31,10,0,Zillow ZIP-level market for Marysville; mapped with Census 2020 ZCTA 95901 in Yuba County.,,1776,Zillow ZORI,
95961 Olivehurst,zcta,95961,Olivehurst,39.0413331,-121.5628346,451266,2282,2026-01-31,10,0,Zillow ZIP-level market for Olivehurst; mapped with Census 2020 ZCTA 95961 in Yuba County.,,2282,Zillow ZORI,
95692 Wheatland,zcta,95692,Wheatland,39.043066,-121.4098044,456547,,2026-01-31,10,0,Zillow ZIP-level market for Wheatland; mapped with Census 2020 ZCTA 95692 in Yuba County.,,,,
95918 Browns Valley,zcta,95918,Browns Valley,39.3012294,-121.3379292,562916,,2026-01-31,10,0,Zillow ZIP-level market for Browns Valley; mapped with Census 2020 ZCTA 95918 in Yuba County.,,,,
95960 Nevada City,zcta,95960,Nevada City,39.4414426,-121.0166256,354604,,2026-01-31,10,0,Zillow ZIP-level market for Nevada City; mapped with Census 2020 ZCTA 95960 in Yuba County.,,,,
95919 Brownsville,zcta,95919,Brownsville,39.4344381,-121.2655554,307573,,2026-01-31,10,0,Zillow ZIP-level market for Brownsville; mapped with Census 2020 ZCTA 95919 in Yuba County.,,,,
95935 Dobbins,zcta,95935,Dobbins,39.3793437,-121.192261,365885,,2026-01-31,10,0,Zillow ZIP-level market for Dobbins; mapped with Census 2020 ZCTA 95935 in Yuba County.,,,,
95922 Camptonville,zcta,95922,Camptonville,39.4667301,-121.0718654,356817,,2026-01-31,10,0,Zillow ZIP-level market for Camptonville; mapped with Census 2020 ZCTA 95922 in Yuba County.,,,,
95962 Oregon House,zcta,95962,Oregon House,39.3234046,-121.272549,425562,,2026-01-31,10,0,Zillow ZIP-level market for Oregon House; mapped with Census 2020 ZCTA 95962 in Yuba County.,,,,
95901 Marysville,zcta,95901,Marysville,39.2239387,-121.4940499,395775,1750,2026-02-28,10,0,Zillow ZIP-level market for Marysville; mapped with Census 2020 ZCTA 95901 in Yuba County.,,1750,Zillow ZORI,
95961 Olivehurst,zcta,95961,Olivehurst,39.0413331,-121.5628346,451598,2273,2026-02-28,10,0,Zillow ZIP-level market for Olivehurst; mapped with Census 2020 ZCTA 95961 in Yuba County.,,2273,Zillow ZORI,
95692 Wheatland,zcta,95692,Wheatland,39.043066,-121.4098044,456235,,2026-02-28,10,0,Zillow ZIP-level market for Wheatland; mapped with Census 2020 ZCTA 95692 in Yuba County.,,,,
95918 Browns Valley,zcta,95918,Browns Valley,39.3012294,-121.3379292,563359,,2026-02-28,10,0,Zillow ZIP-level market for Browns Valley; mapped with Census 2020 ZCTA 95918 in Yuba County.,,,,
95960 Nevada City,zcta,95960,Nevada City,39.4414426,-121.0166256,354126,,2026-02-28,10,0,Zillow ZIP-level market for Nevada City; mapped with Census 2020 ZCTA 95960 in Yuba County.,,,,
95919 Brownsville,zcta,95919,Brownsville,39.4344381,-121.2655554,308486,,2026-02-28,10,0,Zillow ZIP-level market for Brownsville; mapped with Census 2020 ZCTA 95919 in Yuba County.,,,,
95935 Dobbins,zcta,95935,Dobbins,39.3793437,-121.192261,367218,,2026-02-28,10,0,Zillow ZIP-level market for Dobbins; mapped with Census 2020 ZCTA 95935 in Yuba County.,,,,
95922 Camptonville,zcta,95922,Camptonville,39.4667301,-121.0718654,357346,,2026-02-28,10,0,Zillow ZIP-level market for Camptonville; mapped with Census 2020 ZCTA 95922 in Yuba County.,,,,
95962 Oregon House,zcta,95962,Oregon House,39.3234046,-121.272549,427013,,2026-02-28,10,0,Zillow ZIP-level market for Oregon House; mapped with Census 2020 ZCTA 95962 in Yuba County.,,,,
95901 Marysville,zcta,95901,Marysville,39.2239387,-121.4940499,395919,1805,2026-03-31,10,0,Zillow ZIP-level market for Marysville; mapped with Census 2020 ZCTA 95901 in Yuba County.,,1805,Zillow ZORI,
95961 Olivehurst,zcta,95961,Olivehurst,39.0413331,-121.5628346,451343,2281,2026-03-31,10,0,Zillow ZIP-level market for Olivehurst; mapped with Census 2020 ZCTA 95961 in Yuba County.,,2281,Zillow ZORI,
95692 Wheatland,zcta,95692,Wheatland,39.043066,-121.4098044,456031,,2026-03-31,10,0,Zillow ZIP-level market for Wheatland; mapped with Census 2020 ZCTA 95692 in Yuba County.,,,,
95918 Browns Valley,zcta,95918,Browns Valley,39.3012294,-121.3379292,563803,,2026-03-31,10,0,Zillow ZIP-level market for Browns Valley; mapped with Census 2020 ZCTA 95918 in Yuba County.,,,,
95960 Nevada City,zcta,95960,Nevada City,39.4414426,-121.0166256,353710,,2026-03-31,10,0,Zillow ZIP-level market for Nevada City; mapped with Census 2020 ZCTA 95960 in Yuba County.,,,,
95919 Brownsville,zcta,95919,Brownsville,39.4344381,-121.2655554,309276,,2026-03-31,10,0,Zillow ZIP-level market for Brownsville; mapped with Census 2020 ZCTA 95919 in Yuba County.,,,,
95935 Dobbins,zcta,95935,Dobbins,39.3793437,-121.192261,370143,,2026-03-31,10,0,Zillow ZIP-level market for Dobbins; mapped with Census 2020 ZCTA 95935 in Yuba County.,,,,
95922 Camptonville,zcta,95922,Camptonville,39.4667301,-121.0718654,357356,,2026-03-31,10,0,Zillow ZIP-level market for Camptonville; mapped with Census 2020 ZCTA 95922 in Yuba County.,,,,
95962 Oregon House,zcta,95962,Oregon House,39.3234046,-121.272549,428541,,2026-03-31,10,0,Zillow ZIP-level market for Oregon House; mapped with Census 2020 ZCTA 95962 in Yuba County.,,,,
95901 Marysville,zcta,95901,Marysville,39.2239387,-121.4940499,395230,1788,2026-04-30,10,0,Zillow ZIP-level market for Marysville; mapped with Census 2020 ZCTA 95901 in Yuba County.,,1788,Zillow ZORI,
95961 Olivehurst,zcta,95961,Olivehurst,39.0413331,-121.5628346,450526,2280,2026-04-30,10,0,Zillow ZIP-level market for Olivehurst; mapped with Census 2020 ZCTA 95961 in Yuba County.,,2280,Zillow ZORI,
95692 Wheatland,zcta,95692,Wheatland,39.043066,-121.4098044,455323,,2026-04-30,10,0,Zillow ZIP-level market for Wheatland; mapped with Census 2020 ZCTA 95692 in Yuba County.,,,,
95918 Browns Valley,zcta,95918,Browns Valley,39.3012294,-121.3379292,562692,,2026-04-30,10,0,Zillow ZIP-level market for Browns Valley; mapped with Census 2020 ZCTA 95918 in Yuba County.,,,,
95960 Nevada City,zcta,95960,Nevada City,39.4414426,-121.0166256,352989,,2026-04-30,10,0,Zillow ZIP-level market for Nevada City; mapped with Census 2020 ZCTA 95960 in Yuba County.,,,,
95919 Brownsville,zcta,95919,Brownsville,39.4344381,-121.2655554,309904,,2026-04-30,10,0,Zillow ZIP-level market for Brownsville; mapped with Census 2020 ZCTA 95919 in Yuba County.,,,,
95935 Dobbins,zcta,95935,Dobbins,39.3793437,-121.192261,372055,,2026-04-30,10,0,Zillow ZIP-level market for Dobbins; mapped with Census 2020 ZCTA 95935 in Yuba County.,,,,
95922 Camptonville,zcta,95922,Camptonville,39.4667301,-121.0718654,356951,,2026-04-30,10,0,Zillow ZIP-level market for Camptonville; mapped with Census 2020 ZCTA 95922 in Yuba County.,,,,
95962 Oregon House,zcta,95962,Oregon House,39.3234046,-121.272549,428446,,2026-04-30,10,0,Zillow ZIP-level market for Oregon House; mapped with Census 2020 ZCTA 95962 in Yuba County.,,,,
