{"type": "FeatureCollection", "features": [{"type": "Feature", "geometry": {"type": "Polygon", "coordinates": [[[-118.881681000284, 34.81784800020276], [-118.88138500000801, 34.81784600012675], [-118.88133399995436, 34.81784400005067], [-118.88099400019574, 34.81784800020276], [-118.88071800001121, 34.817841999974604], [-118.88060000001045, 34.81784099993653], [-118.88058499994182, 34.81784099993653], [-118.88041599988743, 34.817843000012665], [-118.88045900044344, 34.817800999878656], [-118.8805909997896, 34.81767900024586], [-118.88081099989762, 34.81745899999204], [-118.88108500043232, 34.81716400013754], [-118.88123400039525, 34.8170120003352], [-118.88144699993227, 34.81679599997831], [-118.88149100031319, 34.81674999984281], [-118.88159000004741, 34.81664999981242], [-118.88169600035263, 34.81654199996774], [-118.8817730003455, 34.816463000100995], [-118.88187600027764, 34.816347000299324], [-118.88188899979815, 34.816333000248655], [-118.88335300038636, 34.81478199997377], [-118.88349399995334, 34.814152999679244], [-118.88364999958895, 34.8141209999721], [-118.88387899991781, 34.81407299965054], [-118.88411099972141, 34.81364099992325], [-118.88416400032315, 34.813489000259025], [-118.88419699993513, 34.81335800004686], [-118.88423999959284, 34.81299400023887], [-118.88428800017172, 34.812490000005944], [-118.884273999928, 34.81218599983827], [-118.88428599962359, 34.81201200026149], [-118.88426499970718, 34.811856000099596], [-118.8840880001552, 34.81096999975311], [-118.88405700019304, 34.81081700020127], [-118.88331700040133, 34.80937299974308], [-118.88303100017107, 34.809005000189735], [-118.88282399958351, 34.808816999944064], [-118.88271099960562, 34.80862100028278], [-118.88253300022869, 34.80841899997845], [-118.8824479998399, 34.80833099979327], [-118.88231599959542, 34.808195000193976], [-118.8821590001349, 34.80798899969011], [-118.88204600015698, 34.807821999745165], [-118.88193300017909, 34.807657999946905], [-118.88168299993382, 34.8074259997288], [-118.88121900032665, 34.807054999825496], [-118.88078900015633, 34.806611999743374], [-118.88068600022416, 34.80652200022817], [-118.88026899957434, 34.80619800027468], [-118.8793439998347, 34.805408000075765], [-118.87909500031266, 34.805158999850654], [-118.87893700012893, 34.80503299990333], [-118.87891200001458, 34.805013999912155], [-118.87881699958, 34.804943000139154], [-118.87865000007372, 34.8048089997673], [-118.87832100018578, 34.804524000139985], [-118.87817200022285, 34.80441199982517], [-118.87808400035931, 34.80435399994485], [-118.87804400017635, 34.80432200012052], [-118.87769400037197, 34.80406299972554], [-118.87705300031445, 34.80350499982273], [-118.87679499967328, 34.80326900033197], [-118.87672199987834, 34.80320300013467], [-118.87596399964501, 34.80319000027957], [-118.8758530002152, 34.80319000027957], [-118.8758170002302, 34.80319000027957], [-118.87211999984807, 34.80317099986356], [-118.8709390000154, 34.803176999684844], [-118.8671579999677, 34.80320000022503], [-118.8656929995546, 34.80320899995363], [-118.86052300016006, 34.80323999999476], [-118.8544149997088, 34.80327900026784], [-118.85426599974589, 34.80327900026784], [-118.85411400030826, 34.80327900026784], [-118.85406099970649, 34.81050199983911], [-118.85402100042182, 34.8159469997053], [-118.85401499967571, 34.81682499997036], [-118.85400999965285, 34.81733899994118], [-118.85400899982793, 34.81768399970845], [-118.85400899982793, 34.81775799968413], [-118.84527799959542, 34.81773400021751], [-118.8448259996838, 34.81772099970457], [-118.8435720000562, 34.81770000034667], [-118.83759300037468, 34.81753500025339], [-118.83658900009402, 34.817503999689485], [-118.83569399959327, 34.8175029996473], [-118.83464599983002, 34.81752499983486], [-118.8342509998198, 34.81750000025821], [-118.83292500022216, 34.81749700013148], [-118.82782799972425, 34.817486999708336], [-118.82531500044618, 34.81750200034262], [-118.82083700026448, 34.81747499993646], [-118.82080999960198, 34.8174790001064], [-118.8187199999232, 34.81749500004694], [-118.81147900021814, 34.817566000068176], [-118.80872400019238, 34.81759100036231], [-118.80345299961724, 34.81764000014985], [-118.80334499966219, 34.81764100019036], [-118.80299099965987, 34.8176489997765], [-118.80245500008267, 34.81765500001877], [-118.79965300020126, 34.817682999668456], [-118.79875299967769, 34.817690999988024], [-118.79826700032918, 34.817695000147545], [-118.7978039996486, 34.81770000034667], [-118.79665200012825, 34.81771200008578], [-118.79653699960218, 34.81771200008578], [-118.7948250002152, 34.81772799998105], [-118.7946929999707, 34.817730000059946], [-118.79369999956069, 34.81773899967677], [-118.79249199996384, 34.81775000010851], [-118.78745599956531, 34.81779899980149], [-118.78688999985087, 34.81780399999425], [-118.78619600008993, 34.81781100026368], [-118.78568599955366, 34.817818999833314], [-118.78553699959075, 34.81781699975658], [-118.78481000021786, 34.817824000024906], [-118.78405600018243, 34.81783100029259], [-118.78320099986469, 34.81783899986034], [-118.78146699983806, 34.81785599976885], [-118.7798220003982, 34.8178710003359], [-118.77805999988415, 34.81788800023782], [-118.77648900006415, 34.817899999949546], [-118.77635799964459, 34.817902000024255], [-118.77465499958006, 34.81791999995691], [-118.77286500037528, 34.81793699984871], [-118.77105400035575, 34.817953999737014], [-118.76961499988191, 34.81796700021318], [-118.76936700018479, 34.81797000032274], [-118.76758799995231, 34.817987000204226], [-118.7668819995975, 34.8179900003131], [-118.7658620003216, 34.81799499975683], [-118.764124000097, 34.817997999865355], [-118.76237599982667, 34.81799999993769], [-118.76062599990651, 34.818002000009976], [-118.7589279998649, 34.818004000082205], [-118.75866900029713, 34.818004000082205], [-118.75734899964895, 34.818006000154384], [-118.75248399985297, 34.81801199963309], [-118.74913999964828, 34.81801599977703], [-118.74892700011127, 34.81801599977703], [-118.7477329998598, 34.81801799984893], [-118.7472399999403, 34.81801799984893], [-118.7464659998134, 34.81801899988485], [-118.74399399964489, 34.81802199999257], [-118.74322999956372, 34.81802400006427], [-118.74057599982032, 34.8180270001718], [-118.7382869999499, 34.81803000027921], [-118.73328900008454, 34.81803599975623], [-118.73102299978035, 34.818037999827645], [-118.72829200004405, 34.81804199997026], [-118.72652399968224, 34.81804300000589], [-118.72545699965237, 34.81803999989894], [-118.72335600010292, 34.818047000148326], [-118.72185700025295, 34.8180480001839], [-118.72082899968282, 34.81804900021946], [-118.72032300024287, 34.81805499969504], [-118.71956599983442, 34.818051000290495], [-118.71466099985543, 34.818055999730525], [-118.71449299962596, 34.818055999730525], [-118.71363300018363, 34.818055999730525], [-118.71074099989053, 34.818058999836886], [-118.71045200018557, 34.818058999836886], [-118.71011300025184, 34.818058999836886], [-118.70985899980863, 34.818058999836886], [-118.70876800038762, 34.818059999872325], [-118.70768600028919, 34.818060999907736], [-118.70639099975537, 34.818059999872325], [-118.70523400021216, 34.818058999836886], [-118.70362900005694, 34.818058999836886], [-118.70213000020696, 34.818055999730525], [-118.70196899965016, 34.818055999730525], [-118.70189400020539, 34.818055999730525], [-118.6997979997805, 34.81805200032603], [-118.69764000032968, 34.818047000148326], [-118.69674900002691, 34.818045000077134], [-118.69563799961611, 34.81805799980145], [-118.69424000004847, 34.81807400036702], [-118.69284300030576, 34.81809000019201], [-118.69270199984042, 34.81809000019201], [-118.69256000044852, 34.81809100022705], [-118.69176600023015, 34.81809300029707], [-118.69098600025546, 34.818085000016545], [-118.69097399966157, 34.81809200026209], [-118.69086700042978, 34.81809500036709], [-118.69075299972866, 34.81809500036709], [-118.6895300000632, 34.8180989997695], [-118.68913800042601, 34.818099999804446], [-118.6888410003251, 34.818100999839366], [-118.68613900000283, 34.81810800008352], [-118.68313499955673, 34.81811699965911], [-118.68276800003392, 34.81811799969384], [-118.68239999978792, 34.81811899972855], [-118.68237600039676, 34.81812800004039], [-118.68231199992432, 34.81811899972855], [-118.6822319995584, 34.81811899972855], [-118.6822170003881, 34.81811899972855], [-118.6821739998321, 34.818119999763255], [-118.68213700002215, 34.818119999763255], [-118.68182099965469, 34.81812099979794], [-118.68137499959084, 34.81812199983257], [-118.68129000010033, 34.81812199983257], [-118.68125499994025, 34.81812199983257], [-118.68123300019893, 34.81812199983257], [-118.68121399993235, 34.81812199983257], [-118.68047800033861, 34.818130000109555], [-118.6608850001869, 34.818123999901886], [-118.66088600001181, 34.81817400014395], [-118.6557440002064, 34.81817800027998], [-118.65486100029953, 34.81818999994951], [-118.65054600032445, 34.81818799988179], [-118.64926800040739, 34.81819600015233], [-118.64739299991547, 34.81819200001712], [-118.64659799987217, 34.81820799981918], [-118.64583600033914, 34.818216000087816], [-118.64575199977524, 34.81821700012129], [-118.64341500022425, 34.818179000313954], [-118.64334300025422, 34.81817800027998], [-118.64327399975896, 34.818177000245974], [-118.64195999985688, 34.8181560002668], [-118.63945000005354, 34.818163999802934], [-118.63940300019786, 34.818163999802934], [-118.6393849997562, 34.818163999802934], [-118.63934000044867, 34.818163999802934], [-118.63599000039619, 34.818176000211956], [-118.63460899964866, 34.818164999837094], [-118.62910199997026, 34.8181679999395], [-118.62726400018656, 34.818168999973594], [-118.62724400009505, 34.818168999973594], [-118.6265429997631, 34.81818499978012], [-118.6261619999966, 34.81819300005094], [-118.62578500042805, 34.8182180001548], [-118.62568800034367, 34.818224999651555], [-118.62565700038154, 34.81822699971838], [-118.62558799988622, 34.81823099985187], [-118.62546900006055, 34.81823900011822], [-118.62518899967806, 34.81825800001027], [-118.62500299990523, 34.818266000274], [-118.62339899957496, 34.81828100002894], [-118.62265299993545, 34.81828800025778], [-118.62158799955543, 34.81827499983227], [-118.6209950000768, 34.81826700030692], [-118.61632000025159, 34.818224999651555], [-118.61615700004498, 34.81822400035562], [-118.61483100044735, 34.8182119999536], [-118.61226700021733, 34.81821700012129], [-118.60790200001354, 34.818224999651555], [-118.60783199969332, 34.818222000288735], [-118.60672500037882, 34.81822799975176], [-118.60574700003743, 34.81822899978514], [-118.60561700034108, 34.81822999981851], [-118.60450799958011, 34.81823199988515], [-118.60342399983182, 34.81823600001841], [-118.60339899971744, 34.818233999951815], [-118.60173699966084, 34.81823800008497], [-118.6012749997035, 34.81823600001841], [-118.60118199981707, 34.81823900011822], [-118.59940900033071, 34.81824200021792], [-118.59905600015328, 34.81824300025114], [-118.5989649999167, 34.81824200021792], [-118.59877900014385, 34.81824300025114], [-118.59023700005721, 34.81825800001027], [-118.58759599983432, 34.81826300017517], [-118.5874400001987, 34.81826300017517], [-118.57333799983188, 34.81829199965082], [-118.57197299987621, 34.81829000032308], [-118.56964899984567, 34.818294999748595], [-118.5679469996061, 34.81829799984625], [-118.56348699986603, 34.81830800017095], [-118.56234100019347, 34.81830500007366], [-118.5613000001029, 34.81831100026815], [-118.5605109999074, 34.81831200030046], [-118.55907800017964, 34.81833799966282], [-118.55878899957632, 34.818341999790874], [-118.55869999988786, 34.81834299982287], [-118.55860799982636, 34.81834299982287], [-118.55849599967338, 34.818343999854854], [-118.55832199959607, 34.81834499988682], [-118.55719299964197, 34.8183500000465], [-118.55692499985335, 34.81835200011028], [-118.55574300019576, 34.81836000036488], [-118.55522699981175, 34.81836399975442], [-118.55465500024953, 34.81837600013431], [-118.55456599966273, 34.81837800019747], [-118.55443500014148, 34.818380000260575], [-118.55383000006898, 34.818392999932016], [-118.55237999972448, 34.818393999963405], [-118.55167199971983, 34.81839600002606], [-118.5510430002562, 34.8183970000574], [-118.54947900010887, 34.818382000323574], [-118.5493250001231, 34.818380000260575], [-118.5482689999639, 34.8183970000574], [-118.54810599975728, 34.81840000015135], [-118.54763200010436, 34.81842500019239], [-118.54726999970612, 34.81843099964064], [-118.54697799962807, 34.81840100018264], [-118.54692099972667, 34.81839900012004], [-118.54671700041047, 34.818393999963405], [-118.54637500010371, 34.81840400027644], [-118.54629100043812, 34.818406000338925], [-118.54620400039948, 34.81840799966384], [-118.54615599982058, 34.81840799966384], [-118.54532700034042, 34.81841399985077], [-118.54421900030268, 34.81839600002606], [-118.54379699962999, 34.818393999963405], [-118.54296399995185, 34.81836799988126], [-118.54229899960488, 34.81836399975442], [-118.54167299961603, 34.818343999854854], [-118.541608000217, 34.81833799966282], [-118.53787200037512, 34.81834299982287], [-118.53690900010233, 34.81834599991879], [-118.53653699965834, 34.81834499988682], [-118.528064000067, 34.8183500000465], [-118.51934700007821, 34.81835400017396], [-118.51922300022964, 34.81835300014216], [-118.51883499989212, 34.81835300014216], [-118.51101300040402, 34.81832299991825], [-118.50229700024012, 34.81828600019245], [-118.4932920003712, 34.818266000274], [-118.48454400042026, 34.818212999987175], [-118.47790799988937, 34.818276999897876], [-118.47561800019407, 34.81830099994375], [-118.47048300006134, 34.8183500000465], [-118.4668409999308, 34.81838599971205], [-118.466799000098, 34.81838599971205], [-118.46246999987922, 34.8184359997951], [-118.45918699977388, 34.81847100013013], [-118.45811600044438, 34.81848199972664], [-118.45808600030716, 34.81848299975693], [-118.45592299993511, 34.8185069997428], [-118.44930599967081, 34.81858899994908], [-118.44348000015017, 34.818653000305176], [-118.44025499977116, 34.818689999866166], [-118.43571899986314, 34.81872400006591], [-118.43216999961903, 34.81876299964875], [-118.43205900018924, 34.818756000197766], [-118.43203800027287, 34.81875500017078], [-118.43184099973104, 34.81874699995449], [-118.43160899992746, 34.81873599965587], [-118.4315639997216, 34.81873599965587], [-118.43022300005539, 34.81874199981896], [-118.42864100036472, 34.81875100006273], [-118.42720400043902, 34.81876599972937], [-118.42685600028446, 34.81876899980988], [-118.42644600020562, 34.818772999917], [-118.4257039998658, 34.818779000077406], [-118.42382599989911, 34.81879299971242], [-118.42282900018944, 34.818789999632784], [-118.42275399984638, 34.818789999632784], [-118.42198599956727, 34.818788000317134], [-118.4213620001265, 34.818808000108916], [-118.4204399998616, 34.81880099992419], [-118.4186160003216, 34.81881700034547], [-118.41734599990217, 34.81882799989578], [-118.41569899991418, 34.8188430002859], [-118.41406399962175, 34.81885699991004], [-118.41398099978105, 34.81885699991004], [-118.41394499979604, 34.81885799993579], [-118.40942999980443, 34.818929000257334], [-118.40919700017591, 34.81893300035669], [-118.40548399990027, 34.81899200032519], [-118.40543399967156, 34.81899300034929], [-118.39671599985785, 34.81913099987134], [-118.3966449997127, 34.819131999893756], [-118.39663300001716, 34.819131999893756], [-118.39604300001326, 34.81913800002802], [-118.395580000231, 34.81914200011722], [-118.39233399993557, 34.819169999999], [-118.39133600040103, 34.81917900019605], [-118.38795100018844, 34.8192019999576], [-118.38790199978463, 34.8192019999576], [-118.3874149997129, 34.81920500002224], [-118.38355300037267, 34.819227999776516], [-118.38316500003515, 34.81922999981899], [-118.38137400010712, 34.81924000003055], [-118.38117800028856, 34.81924100005164], [-118.37993499963328, 34.819248000198904], [-118.37930100014678, 34.81925100026186], [-118.37913100026746, 34.81925100026186], [-118.37752100008939, 34.81925699964996], [-118.3755719999776, 34.819264999816674], [-118.37498899964645, 34.81926699985825], [-118.37234199957572, 34.81927800008596], [-118.37028700005702, 34.81928300018901], [-118.37027500036147, 34.81928300018901], [-118.36976999984809, 34.81928400020958], [-118.36665199959921, 34.819301999840214], [-118.3659469999676, 34.819305999921504], [-118.36582200029412, 34.8193069999418], [-118.36318600009409, 34.81932300026479], [-118.36154699960368, 34.8193349997675], [-118.36153599973302, 34.8193349997675], [-118.3600550003247, 34.81934599998613], [-118.35747199982812, 34.81935200010474], [-118.35733499956076, 34.8193570002033], [-118.35717999975007, 34.8193570002033], [-118.34399200015055, 34.81942199998164], [-118.34376199999677, 34.81942300000053], [-118.34358299989663, 34.8194240000194], [-118.34346099969791, 34.8194240000194], [-118.34344599962928, 34.81942199998164], [-118.3424120001097, 34.81943000013232], [-118.33698599972381, 34.81952300035236], [-118.33695800013476, 34.81952300035236], [-118.33525900026821, 34.81954500000046], [-118.33504500000795, 34.819548000052606], [-118.3322459996013, 34.81960700031813], [-118.32983999955502, 34.81965200031719], [-118.32688000038817, 34.819712999801425], [-118.32630499955461, 34.81972499998481], [-118.32628100016348, 34.81972600000001], [-118.32450299975592, 34.81976499984597], [-118.32230400029721, 34.81980199964495], [-118.32229099987842, 34.81980199964495], [-118.32210500010557, 34.819804999687726], [-118.3218399997917, 34.8198089997446], [-118.3218039998067, 34.81980999975878], [-118.32173900040767, 34.81981099977296], [-118.31745700004454, 34.81988200001057], [-118.31739400029535, 34.81988300002387], [-118.31334399973582, 34.81995100016207], [-118.31313299984862, 34.81995800024907], [-118.31298899990858, 34.81996300031078], [-118.3129470000758, 34.8199640003231], [-118.31250799968463, 34.819979999781], [-118.31086900009258, 34.82000800011543], [-118.31021999963914, 34.820026000325356], [-118.30885499968343, 34.820057999951445], [-118.30869700039803, 34.82006199999603], [-118.3086549996669, 34.82006300000714], [-118.30851900012279, 34.82006300000714], [-118.30769999979005, 34.82006500002929], [-118.3070820001971, 34.82006199999603], [-118.304153999919, 34.82007300011758], [-118.30414300004833, 34.82007300011758], [-118.30398300021477, 34.820074000128564], [-118.30392600031334, 34.820074000128564], [-118.30391500044271, 34.820074000128564], [-118.30166400020713, 34.82008600025936], [-118.29931099986429, 34.82008200021593], [-118.29925999981066, 34.82008200021593], [-118.29662500033383, 34.82007800017232], [-118.29651999985354, 34.82007900018325], [-118.29633300025579, 34.82008100020506], [-118.29508299992783, 34.82009400034556], [-118.29444100004544, 34.82010099968293], [-118.29412399985303, 34.820104999725366], [-118.2906030000963, 34.82010399971475], [-118.29049599996618, 34.82010299970419], [-118.29045599978323, 34.82010299970419], [-118.28870400021323, 34.820092000324074], [-118.2867650001472, 34.8200950003563], [-118.28669700037514, 34.8200950003563], [-118.28642700003839, 34.8200950003563], [-118.28610599964802, 34.820096000367], [-118.2843010003746, 34.82009799965092], [-118.28222099984326, 34.82010399971475], [-118.28180499991663, 34.820104999725366], [-118.2816690003725, 34.820104999725366], [-118.28153799995295, 34.82010599973596], [-118.28107400034575, 34.82010599973596], [-118.27902300012674, 34.82010899976767], [-118.27847099975767, 34.82010999977821], [-118.27533599979034, 34.82009400034556], [-118.275310999676, 34.82009400034556], [-118.2743879995862, 34.820096000367], [-118.27289899978194, 34.820098999661596], [-118.2728539995761, 34.820098999661596], [-118.272164999838, 34.82010099968293], [-118.26937200017746, 34.82010699974654], [-118.26850500016413, 34.820096999640235], [-118.26844900008763, 34.820096000367], [-118.26717500036854, 34.82008100020506], [-118.26455599988695, 34.820099999672266], [-118.26444999958173, 34.82010099968293], [-118.26434499999975, 34.82010199969356], [-118.26431800023556, 34.82010199969356], [-118.264038999678, 34.82010299970419], [-118.2614279995923, 34.82011899987253], [-118.26028299974463, 34.820104999725366], [-118.2596679996264, 34.82010099968293], [-118.25964400023527, 34.82010099968293], [-118.2574640001448, 34.82010599973596], [-118.25532500006221, 34.820099999672266], [-118.25527599965842, 34.820099999672266], [-118.25462999957804, 34.82009799965092], [-118.25394599986284, 34.820098999661596], [-118.25332999991969, 34.820099999672266], [-118.25283700000017, 34.82010099968293], [-118.2522389996004, 34.82010199969356], [-118.25116999992068, 34.82010299970419], [-118.25103299965336, 34.82010299970419], [-118.2508889997133, 34.820104999725366], [-118.24999999995867, 34.82011399982027], [-118.24977800020085, 34.82011399982027], [-118.2466080000734, 34.82011799986209], [-118.24655500036995, 34.82011799986209], [-118.24652500023271, 34.82011799986209], [-118.2460239999173, 34.82011899987253], [-118.24475799969582, 34.82011999988295], [-118.242159000204, 34.82012299991415], [-118.24208300003605, 34.82012299991415], [-118.24129399984051, 34.82012399992452], [-118.23771700000734, 34.820146000149606], [-118.23767000015164, 34.820146000149606], [-118.23354699979718, 34.82011299980978], [-118.23317199987845, 34.820116999851635], [-118.23289300021919, 34.82011899987253], [-118.23274699973102, 34.82011999988295], [-118.22891299997987, 34.820156000249966], [-118.22880599984974, 34.820156000249966], [-118.2287690000398, 34.820156000249966], [-118.22866299973462, 34.820156000249966], [-118.22840800036481, 34.82015500023998], [-118.22670199992726, 34.82015100019998], [-118.2266559998965, 34.82015100019998], [-118.22456899969245, 34.820146000149606], [-118.22452100001188, 34.820146000149606], [-118.22411799960574, 34.820146000149606], [-118.22004799985304, 34.82013800006846], [-118.22001600006598, 34.82013800006846], [-118.2197929995849, 34.82013800006846], [-118.21913599963388, 34.82013900007865], [-118.21542499990639, 34.82014400012938], [-118.21476399975737, 34.820145000139505], [-118.21239799989407, 34.82015500023998], [-118.21133099986422, 34.82015900027986], [-118.2112809996355, 34.82015900027986], [-118.21020199991008, 34.820163000319546], [-118.20994099979417, 34.820163000319546], [-118.20910899994095, 34.820162000309644], [-118.20814900004123, 34.820160000289796], [-118.206872999774, 34.82015900027986], [-118.20624900033324, 34.82015900027986], [-118.20623599991445, 34.82015900027986], [-118.205522000062, 34.82015900027986], [-118.20550399962035, 34.82015900027986], [-118.20465099985074, 34.82015900027986], [-118.20410699987762, 34.82015900027986], [-118.20248900020195, 34.82017599970963], [-118.20243899997323, 34.82017699971936], [-118.1981569996101, 34.82022200014454], [-118.19381400004589, 34.820260999755675], [-118.19282700038201, 34.82026999983349], [-118.19189099987341, 34.82027899991032], [-118.19179899981188, 34.82028099992727], [-118.18845700015532, 34.820334000358585], [-118.18737599988177, 34.82034099967549], [-118.18477200036708, 34.820389000032584], [-118.18475499975034, 34.820389000032584], [-118.17997000032028, 34.82041500021434], [-118.17993299961203, 34.82041600022117], [-118.17587100025527, 34.820465999809535], [-118.17562699985778, 34.820469999834316], [-118.17311299985649, 34.82048199990743], [-118.17308400044246, 34.82048199990743], [-118.1717129997407, 34.82049699999635], [-118.17157100034878, 34.82049900000796], [-118.17063999986304, 34.82050900006553], [-118.17059800003025, 34.82050900006553], [-118.17023700035523, 34.820513000088155], [-118.17022200028661, 34.820513000088155], [-118.1700080000264, 34.820516000105044], [-118.16933900037976, 34.820532000193204], [-118.1692620003869, 34.82053400020402], [-118.16921499963289, 34.82053500020935], [-118.168848999935, 34.8205400002361], [-118.16871099984274, 34.82054200024671], [-118.16846499979545, 34.82054500026255], [-118.16714699969542, 34.820563000355136], [-118.16689399997543, 34.82056699963771], [-118.16678000017264, 34.8205679996427], [-118.1647430001973, 34.82059199975861], [-118.16242300036475, 34.820612999854276], [-118.1623570002425, 34.8206139998587], [-118.16016999958102, 34.820634999948766], [-118.15991400038631, 34.82063799996121], [-118.15986900018046, 34.82063899996533], [-118.15893199984696, 34.82065400002568], [-118.15806800020668, 34.82066800007953], [-118.15674400025887, 34.82068900015583], [-118.15609300015562, 34.82068700014877], [-118.15607899991193, 34.82068700014877], [-118.1558160001462, 34.82068600014524], [-118.1556549995894, 34.82068500014168], [-118.1556260001754, 34.82068500014168], [-118.15486499956897, 34.820683000134544], [-118.15485200004849, 34.820683000134544], [-118.15481799971332, 34.820683000134544], [-118.15479699979691, 34.820683000134544], [-118.15466899975038, 34.82068200013095], [-118.15339900022926, 34.82067800011653], [-118.1522280004423, 34.82070500021039], [-118.1490089999111, 34.82077699967991], [-118.14703600040819, 34.82078599970134], [-118.14007500018731, 34.82085099982707], [-118.13114499976317, 34.82093099991138], [-118.13089899971585, 34.82093499991358], [-118.13084699983733, 34.82093799991504], [-118.12808199976584, 34.82095999992279], [-118.12801999984157, 34.82096099992294], [-118.1279019998408, 34.82096999992433], [-118.12782300019805, 34.82096999992433], [-118.12758700019651, 34.820966999923975], [-118.12641600040958, 34.82095899992256], [-118.12583399990334, 34.82101299991716], [-118.12286600034057, 34.821019999913915], [-118.12214900011509, 34.821020999913394], [-118.11445899997315, 34.82111299981378], [-118.11320000032269, 34.82110899982022], [-118.10425300018008, 34.82122300029724], [-118.10001799967263, 34.82126800015104], [-118.09902199978788, 34.82128800007814], [-118.09530299966447, 34.82131899995555], [-118.08968399983306, 34.821381999670535], [-118.08615700022854, 34.8214300001585], [-118.07721099991086, 34.8215370002391], [-118.07522099979121, 34.82159499982494], [-118.0682629999434, 34.82164200019686], [-118.06137700006558, 34.82171600030443], [-118.05931900017384, 34.82174700002076], [-118.05049900025287, 34.821851999710816], [-118.04225900029003, 34.82194800011101], [-118.04142599971357, 34.8219570000045], [-118.03512599964172, 34.822028999854616], [-118.03338400011745, 34.82204900033442], [-118.03248000029423, 34.82205900020376], [-118.02800700013537, 34.82211000025599], [-118.02539900042277, 34.822160000291056], [-118.0250720001846, 34.8221439997817], [-118.02484600022878, 34.8221379998664], [-118.02353399997655, 34.82216200026233], [-118.02340599993005, 34.822163000247954], [-118.02293300010201, 34.82217000014692], [-118.01949900038395, 34.82220900031072], [-118.01929000014657, 34.82221200026578], [-118.01906199964263, 34.822214000235796], [-118.01459100003193, 34.82226500019211], [-118.01317099982467, 34.82228199992468], [-118.0122539995826, 34.82229199976579], [-118.01028199990462, 34.8223160001168], [-118.010118999698, 34.82231700010056], [-118.00984599988654, 34.82232000005174], [-118.00729900027324, 34.82235000029489], [-118.00677899969125, 34.82235600019475], [-118.00644200030568, 34.822360000127695], [-118.0060770004327, 34.82236300007732], [-118.00564600043747, 34.822367999993105], [-118.00440600015527, 34.82238699967023], [-118.00148399972495, 34.82242899967844], [-118.00115499983697, 34.822433000345356], [-117.99850600011644, 34.82247099966528], [-117.99666300030987, 34.82249699992729], [-117.9926379998647, 34.82255400033124], [-117.99217199970937, 34.82256100019702], [-117.98851500040855, 34.82261299991859], [-117.98767799963414, 34.822624999679505], [-117.98667199970366, 34.822624999679505], [-117.98339000032155, 34.822623999699495], [-117.98180600008276, 34.822623999699495], [-117.98156900025629, 34.822623999699495], [-117.98133999992743, 34.82262299971947], [-117.98091899997794, 34.82262299971947], [-117.98082899956626, 34.82262299971947], [-117.98071099956549, 34.82262299971947], [-117.97956099969495, 34.82262299971947], [-117.97943900039452, 34.82262299971947], [-117.9793170001958, 34.822626999639496], [-117.97917900010353, 34.82263200027667], [-117.97896099964534, 34.82264000011566], [-117.97871600032126, 34.82263800015599], [-117.9770929997244, 34.822626999639496], [-117.97633500038935, 34.82262199973943], [-117.97571100005028, 34.82262099975937], [-117.97428099979727, 34.82262099975937], [-117.97411599994082, 34.82262099975937], [-117.97393699984067, 34.82262099975937], [-117.97370800041011, 34.82262099975937], [-117.97357100014278, 34.82262099975937], [-117.97342800002764, 34.82261999977931], [-117.9726210002888, 34.82261999977931], [-117.97243299996781, 34.82261999977931], [-117.97219299976831, 34.82261999977931], [-117.97166899988667, 34.82261999977931], [-117.97155599990874, 34.82261999977931], [-117.97144899977864, 34.822618999799296], [-117.97063700001691, 34.822618999799296], [-117.97012900002879, 34.82261799981921], [-117.96675200021213, 34.82261499987888], [-117.96488199974304, 34.82263200027667], [-117.96457700014454, 34.822630000316806], [-117.96371299960593, 34.82261299991859], [-117.96334699990805, 34.82261199993844], [-117.96310400023381, 34.82261199993844], [-117.96122799991696, 34.82260999997808], [-117.9591619996293, 34.82260800001768], [-117.95317999957471, 34.822600000175626], [-117.95254699991314, 34.82259900019531], [-117.94733599961242, 34.82259300031321], [-117.94145200036546, 34.822585999712736], [-117.93553600043313, 34.82257799986849], [-117.92965099956463, 34.82257000002354], [-117.92367799973088, 34.82256100019702], [-117.91776099997364, 34.82255199963206], [-117.91674699964724, 34.822549999670244], [-117.91190199994273, 34.822542999803524], [-117.90600100007902, 34.82253299999294], [-117.90012100013169, 34.82252300018114], [-117.89894699997171, 34.82252100021863], [-117.8942649995755, 34.82252100021863], [-117.89003900018719, 34.822519000256065], [-117.8882509997339, 34.822520000237354], [-117.88224500028818, 34.82251800027476], [-117.88113200022757, 34.822517000293445], [-117.87636100014291, 34.82255800025462], [-117.87333900015348, 34.822582999771235], [-117.87270899996663, 34.822587999673615], [-117.87037900008833, 34.82260800001768], [-117.86442999964572, 34.822656999770835], [-117.85868399959271, 34.822705000253265], [-117.85661800020335, 34.82268699989123], [-117.8562759998966, 34.82269199978737], [-117.85587599986354, 34.82269699968318], [-117.85466700044176, 34.822715000042976], [-117.85437199999066, 34.82271700000077], [-117.8499740001749, 34.82275000003486], [-117.84459299999487, 34.82279099987998], [-117.84069099957335, 34.822819999973945], [-117.83818099976999, 34.82283900028433], [-117.83682199966209, 34.82284900005776], [-117.83629399958248, 34.82285299996677], [-117.83348800040143, 34.82287400022353], [-117.83189599976672, 34.822885999946415], [-117.82789999963384, 34.82291500000694], [-117.82753999978374, 34.82291799993634], [-117.82378999969818, 34.82294600000949], [-117.82299700020302, 34.82295099988989], [-117.81712700030145, 34.822994000323504], [-117.81425699974966, 34.8230149998068], [-117.8098299996216, 34.82304699974662], [-117.80540900023959, 34.82307899967399], [-117.80152899955937, 34.82310699969246], [-117.80143700039618, 34.82310799966656], [-117.80097500043883, 34.8231110003264], [-117.79654699958753, 34.82314300022891], [-117.79497099974462, 34.82315399993903], [-117.79294299999013, 34.82316299970075], [-117.78692800032361, 34.82320799996957], [-117.78090600008608, 34.823256000130904], [-117.77493300025232, 34.82330200032072], [-117.77436800036281, 34.82330100034892], [-117.76904800028213, 34.82329999963965], [-117.76316400013685, 34.82328799997708], [-117.75746300028968, 34.82327900022903], [-117.75715000029524, 34.82327900022903], [-117.75453699966141, 34.82325900004789], [-117.75433599981996, 34.82326000002015], [-117.75310099956063, 34.823240999806934], [-117.75189299996374, 34.82324900032418], [-117.7515930003881, 34.823240999806934], [-117.75121000007346, 34.82324800035174], [-117.74994899987485, 34.82322900013577], [-117.74924500006813, 34.82322900013577], [-117.74899399999798, 34.823231000081094], [-117.74882300029375, 34.82323300002637], [-117.74760099955488, 34.823226000217744], [-117.74735600023084, 34.82322500024502], [-117.74654100009604, 34.82323399999898], [-117.74662099956367, 34.82325900004789], [-117.74445200024218, 34.82326000002015], [-117.7425399999403, 34.82325700010325], [-117.73872499955742, 34.823251000269025], [-117.73646900019727, 34.82322700019039], [-117.73550199972652, 34.82321799969821], [-117.7317330002727, 34.82317900001221], [-117.72981699977288, 34.8231589998068], [-117.72797999981411, 34.82314100028144], [-117.72687500014939, 34.82312899985825], [-117.72647500011631, 34.82312499996265], [-117.72440999965359, 34.82310399976994], [-117.72097099991262, 34.82306799995386], [-117.72090800016343, 34.82306799995386], [-117.72062399958303, 34.823065000029914], [-117.71749299981363, 34.82303300009709], [-117.71488900029894, 34.82300500005353], [-117.71434100012787, 34.8230000001764], [-117.71200000037892, 34.822975000048885], [-117.71126399988687, 34.82296800021833], [-117.71121100018341, 34.82296800021833], [-117.71092999997602, 34.822965000290736], [-117.70831999971523, 34.82294200010494], [-117.70754700031159, 34.82293400029535], [-117.70664199976511, 34.822894999737414], [-117.70661800037398, 34.822894999737414], [-117.70658999988657, 34.82289399976069], [-117.70653899983294, 34.82289399976069], [-117.70646299966496, 34.82289399976069], [-117.7063820003724, 34.82289399976069], [-117.70628600011297, 34.82289399976069], [-117.70625199977776, 34.82289399976069], [-117.70472199996566, 34.82287900010824], [-117.70315799981833, 34.82286399971567], [-117.70271599995245, 34.82285999980715], [-117.70227400008658, 34.82285599989843], [-117.69649100022363, 34.822801999637115], [-117.69070800036069, 34.822747000099326], [-117.68612800007172, 34.82270400027422], [-117.68156500039952, 34.82266099968921], [-117.68154899960767, 34.82266099968921], [-117.68113299968108, 34.822656999770835], [-117.68071699975448, 34.82265299985227], [-117.67870800026654, 34.82263400023649], [-117.67851499992268, 34.82263200027667], [-117.67830599968534, 34.822630000316806], [-117.67820699995112, 34.822629000336846], [-117.67816099992037, 34.822629000336846], [-117.67813300033126, 34.822629000336846], [-117.67786600036759, 34.82262599965951], [-117.67761600012233, 34.822623999699495], [-117.67757199974137, 34.822623999699495], [-117.67400400012902, 34.82258999963451], [-117.6682449996572, 34.822534999955174], [-117.66745899983475, 34.822528000087225], [-117.6672920003285, 34.822526000124824], [-117.66719199987105, 34.822525000143614], [-117.65489700022412, 34.82243600029231], [-117.64401600003838, 34.822357000178016], [-117.63963599976596, 34.82232499997014], [-117.63215099966344, 34.822271000098105], [-117.63197599976127, 34.829485999995136], [-117.63194599962402, 34.830713999666834], [-117.63194200032437, 34.830861999735745], [-117.63182699979834, 34.83556900008636], [-117.63179900020926, 34.83674299976009], [-117.63181400027786, 34.84407500019112], [-117.63182299960039, 34.846012000325224], [-117.63182900034647, 34.85140699991673], [-117.63185500028573, 34.85542900025397], [-117.6319010003165, 34.86151200036325], [-117.6319380001264, 34.868294000174274], [-117.63196300024076, 34.87140400016514], [-117.63196499989061, 34.87143099983606], [-117.63196200041587, 34.871448999857385], [-117.63194700034727, 34.871922999738196], [-117.63194999982197, 34.8733980001041], [-117.63196700043873, 34.87709499999684], [-117.63196800026364, 34.880718000116005], [-117.631993000378, 34.884073999961835], [-117.63200500007356, 34.88802699976244], [-117.632021999792, 34.89080299998777], [-117.63204199988348, 34.89533599991019], [-117.6320429997084, 34.895489000044236], [-117.63204600008146, 34.89718500014424], [-117.63206699999785, 34.90401199965258], [-117.63207500039377, 34.90484299971649], [-117.63208500043952, 34.910079999968765], [-117.63213099957194, 34.917532000291025], [-117.6321769996027, 34.92498400023057], [-117.63219599986928, 34.928326000234875], [-117.63221099993788, 34.93105799996805], [-117.6322190003338, 34.93237200006582], [-117.6322329996792, 34.93474399995355], [-117.63229200012874, 34.94416600006732], [-117.6323029999994, 34.94712100010581], [-117.63231800006803, 34.94782299984989], [-117.63231100039532, 34.94851600017745], [-117.63234400000727, 34.95448200026505], [-117.63240000008378, 34.96181100012537], [-117.63245500033536, 34.969139999696836], [-117.63253399997807, 34.976349999957755], [-117.63257099978799, 34.979428999955], [-117.63258199965865, 34.98148200000438], [-117.63261599999386, 34.983244999698016], [-117.63261299962079, 34.983561000204794], [-117.63260000010031, 34.98381500015191], [-117.63253700035112, 34.98509099964132], [-117.63224799974782, 34.99085800021109], [-117.63222600000653, 34.99133399975963], [-117.6322329996792, 34.99342399972982], [-117.63225699996866, 34.99769900035453], [-117.63226700001437, 34.997776000331555], [-117.63228899975569, 34.997965999821595], [-117.63230100034959, 34.99863500026625], [-117.63231200022024, 34.99927900017719], [-117.63233200031172, 35.00047799967108], [-117.63236300027384, 35.00231600023915], [-117.63239400023598, 35.00414300022377], [-117.63241900035035, 35.00596999987964], [-117.63244100009167, 35.00684900026867], [-117.63249499962002, 35.00976000005645], [-117.63249899981798, 35.00997800003326], [-117.63250499966578, 35.010197000069574], [-117.6325070002139, 35.010352999778185], [-117.6325139998866, 35.01075600010092], [-117.63255099969652, 35.01333400018752], [-117.63259400025255, 35.016423999882825], [-117.63259699972728, 35.016694000252485], [-117.63265199997885, 35.020649000251574], [-117.6326629998495, 35.021536999689054], [-117.63267700009321, 35.022633000105586], [-117.6326839997659, 35.02320200013465], [-117.63269200016182, 35.02387600034241], [-117.63269499963656, 35.02413399989219], [-117.63270700023045, 35.02513099968102], [-117.63274300021546, 35.027703000117675], [-117.63274499986527, 35.028144999775115], [-117.632754999911, 35.02861800035426], [-117.63276199958372, 35.02963099971463], [-117.63276300030695, 35.02973600000418], [-117.63282900042917, 35.035345999868305], [-117.63283699992678, 35.036066999769915], [-117.63284100012476, 35.03679600024382], [-117.63285600019336, 35.038973999766725], [-117.63285600019336, 35.039009999842484], [-117.63284899962233, 35.04122000018893], [-117.6328450003227, 35.042686999748746], [-117.63284399959946, 35.042905000191155], [-117.63284299977457, 35.043229999659275], [-117.63283299972883, 35.046468000299484], [-117.63282299968309, 35.04949699983956], [-117.63282199985817, 35.04978099978781], [-117.63282000020835, 35.05035300025959], [-117.63281199981243, 35.05284100001705], [-117.63281199981243, 35.052986000166335], [-117.63280799961446, 35.05442599974533], [-117.63281299963732, 35.05599200028398], [-117.63281799966019, 35.05738200034484], [-117.63282100003325, 35.05811599986612], [-117.63282400040633, 35.05885500036713], [-117.63283199990391, 35.06072699973765], [-117.63283899957659, 35.06259900030332], [-117.63284299977457, 35.0637089997902], [-117.63284600014762, 35.0647150002799], [-117.63284600014762, 35.06475599990316], [-117.63285899966809, 35.06798599978325], [-117.63286299986603, 35.06893000024374], [-117.63287299991181, 35.071640999717246], [-117.6328889998053, 35.0756500003471], [-117.63290399987393, 35.079353999813925], [-117.63290700024696, 35.080061999964165], [-117.6329149997446, 35.080437999892595], [-117.6330069998061, 35.08470900030784], [-117.63304100014129, 35.08627100029581], [-117.63305399966177, 35.086883000000874], [-117.63307799995121, 35.087953999644924], [-117.63310100041575, 35.0890249999265], [-117.63318199970827, 35.09273200034728], [-117.63324199998273, 35.095422999795574], [-117.63325299985338, 35.09590999970332], [-117.6332899996633, 35.097557999650014], [-117.63117800024324, 35.097598000105215], [-117.63097900005158, 35.097601999855634], [-117.63088000031739, 35.0976039997308], [-117.63088199996722, 35.097809999838184], [-117.63102400025744, 35.10957500016334], [-117.6310579996943, 35.112393000298304], [-117.63107299976294, 35.113607000181375], [-117.63108299980867, 35.114471999941536], [-117.63119400013673, 35.123693000151114], [-117.63118599974084, 35.124320000002086], [-117.63117300022034, 35.12453000007901], [-117.63117099967221, 35.12456000004578], [-117.63114399990802, 35.12497100016797], [-117.63120900020537, 35.12871699985195], [-117.63121099985518, 35.128818000111984], [-117.63120699965724, 35.12923500028864], [-117.63118699956574, 35.13366700032047], [-117.63115499977869, 35.14052600030794], [-117.63115300012886, 35.140820999709256], [-117.63115099958071, 35.14132300030923], [-117.63116399999953, 35.142924000117645], [-117.63117800024324, 35.14468900022668], [-117.63120900020537, 35.14836799994297], [-117.63127299977945, 35.1559220003224], [-117.63129200004603, 35.15803699965672], [-117.63129200004603, 35.158128000236445], [-117.63126399955864, 35.163350000183854], [-117.63122500009887, 35.17094399992717], [-117.63125199986308, 35.17948399969049], [-117.63126399955864, 35.18018599974516], [-117.63125400041122, 35.1815749999034], [-117.631260000259, 35.181666999849035], [-117.63127000030474, 35.18201500001028], [-117.63129299987095, 35.182351000169916], [-117.63129100022114, 35.18247299988416], [-117.63124500019038, 35.18278799976787], [-117.63125100003816, 35.18297299973652], [-117.63124699984019, 35.18609199988892], [-117.6312460000153, 35.18612199992305], [-117.6312100000303, 35.20139899990422], [-117.63120800038045, 35.20246399995185], [-117.63117499987018, 35.204193999772734], [-117.63115200030394, 35.20611599972197], [-117.6311499997558, 35.20630800028357], [-117.63101800040964, 35.21457599970935], [-117.63086299970064, 35.22285999965036], [-117.63094100041677, 35.24349799965377], [-117.63097099965569, 35.24733800035672], [-117.63097300020382, 35.247364999978025], [-117.63116599964934, 35.24996600008698], [-117.63122400027397, 35.259270999953046], [-117.63129899971874, 35.27417899971855], [-117.63134700029761, 35.28357699985114], [-117.63134700029761, 35.28373299997272], [-117.6313730002369, 35.28867199974969], [-117.63136800021401, 35.290192999819524], [-117.63136900003893, 35.29051300025555], [-117.63136099964301, 35.29316400030763], [-117.63135999981809, 35.29333599964712], [-117.63131700016038, 35.30933499990213], [-117.63130499956651, 35.31199400028565], [-117.63128000035047, 35.31775099994465], [-117.63129500041909, 35.32052399997716], [-117.63131399978735, 35.32374100020236], [-117.63133399987882, 35.32695799995555], [-117.63133499970374, 35.3270319998284], [-117.63133499970374, 35.32710700004639], [-117.63134800012254, 35.32936399964458], [-117.63136599966587, 35.332406999746176], [-117.63136499984095, 35.33248499968045], [-117.63132300000817, 35.335872999754706], [-117.63131200013753, 35.344138999988935], [-117.63130299991668, 35.34497400025074], [-117.63128000035047, 35.347221999867955], [-117.63122400027397, 35.352435000133944], [-117.63120599983232, 35.35423399980818], [-117.6311969996115, 35.35521599990454], [-117.6311330000374, 35.36153100013661], [-117.63113100038754, 35.361724000266825], [-117.63126699993168, 35.36641000020008], [-117.63133999972662, 35.36892900001953], [-117.63134700029761, 35.3690240002486], [-117.63138999995533, 35.37050600003988], [-117.63139699962804, 35.37076399974038], [-117.63140699967376, 35.37110000008995], [-117.63141699971952, 35.371459000304284], [-117.63148500038989, 35.37382199964586], [-117.63155900000973, 35.37633100010112], [-117.63185699993555, 35.3906249996708], [-117.63205399957906, 35.39497800021857], [-117.63207399967054, 35.39552300031978], [-117.63217800032591, 35.397759999804514], [-117.63219699969417, 35.398145999863274], [-117.63247399970362, 35.40558199998828], [-117.63237499996943, 35.406761999976354], [-117.63181500010276, 35.41353199977739], [-117.63135499979525, 35.41899900030046], [-117.63129500041909, 35.41956599978103], [-117.63159499999473, 35.42158399972765], [-117.63241900035035, 35.42650200035826], [-117.63350100044883, 35.43317899991117], [-117.63372700040463, 35.434539999911046], [-117.63369100041963, 35.43931899974373], [-117.63367299997795, 35.44099400021506], [-117.63365999955916, 35.4428079996828], [-117.63363399961989, 35.44575400002092], [-117.63362299974924, 35.44710599982682], [-117.63363199997008, 35.44811299988598], [-117.63365899973425, 35.450997000079255], [-117.63366200010731, 35.45141000005506], [-117.63283299972883, 35.45141500027033], [-117.6302190001684, 35.451408999719234], [-117.62999400003748, 35.45750899994454], [-117.62998399999175, 35.457899999667546], [-117.6299520002047, 35.45878299984121], [-117.6298469997244, 35.46168999994514], [-117.62980200041687, 35.462934999754964], [-117.62975100036326, 35.464335999711615], [-117.6297410003175, 35.46453600009269], [-117.62974200014241, 35.46465299971557], [-117.62968600006594, 35.46615899972128], [-117.62993299993812, 35.47193200004241], [-117.63000200043341, 35.47353299978361], [-117.63011100021336, 35.47618199991272], [-117.63023199968887, 35.478867000350206], [-117.6303189997275, 35.480906000301175], [-117.63031999955244, 35.484388999728786], [-117.63032200010056, 35.49172299986852], [-117.6303189997275, 35.49583299971818], [-117.63027400041999, 35.49921800000435], [-117.63027799971964, 35.49938400001135], [-117.6302199999933, 35.50330000025594], [-117.63021599979537, 35.50358400029668], [-117.63015800006903, 35.50801899966301], [-117.630154999696, 35.50829699987272], [-117.63014800002327, 35.508938999883206], [-117.63012200008403, 35.5107669998588], [-117.63008199990105, 35.51831100028857], [-117.6300430004413, 35.52585500022423], [-117.63004199971807, 35.52965999980798], [-117.63003500004538, 35.53329599965483], [-117.63003800041844, 35.53409300021956], [-117.63004500009113, 35.53685999971041], [-117.6300579996116, 35.539883999895245], [-117.63005900033484, 35.5401050000601], [-117.63006299963448, 35.54150600029172], [-117.63007000020549, 35.544964999658326], [-117.63007400040344, 35.54689099977045], [-117.63009399959662, 35.554495999799656], [-117.63009000029697, 35.556046000098185], [-117.63008000025123, 35.56099000025583], [-117.63007799970308, 35.56175200016322], [-117.63007600005326, 35.56425399984874], [-117.63244799976435, 35.56425399984874], [-117.63346399974058, 35.56425599990309], [-117.63372099965852, 35.56426099967346], [-117.63460699993843, 35.564257999957455], [-117.63456799958037, 35.56861500015023], [-117.63455000003701, 35.570040000193956], [-117.63454800038718, 35.5709209999012], [-117.63452999994553, 35.57096999969923], [-117.63451099967895, 35.57104500016713], [-117.63446999967105, 35.571210000364715], [-117.63445999962534, 35.57130000006361], [-117.63445999962534, 35.57223000028679], [-117.63446999967105, 35.57236000027503], [-117.63447999971682, 35.57260999965951], [-117.63447999971682, 35.57325200020391], [-117.63447999971682, 35.573339999973214], [-117.63446999967105, 35.57350999975189], [-117.63445999962534, 35.57383999988271], [-117.63444999957957, 35.57398999975847], [-117.63444999957957, 35.57435199987027], [-117.63444999957957, 35.57471000022078], [-117.6344939999605, 35.575437999888734], [-117.63450999985406, 35.57568999966548], [-117.63450999985406, 35.575800000032686], [-117.63450499983117, 35.576407999709446], [-117.6344999998083, 35.57704000036506], [-117.63453900016637, 35.57823200027426], [-117.63456000008277, 35.57883999975586], [-117.6344720002192, 35.58069700007344], [-117.63474099983273, 35.58598400023856], [-117.6346899997791, 35.586758999850666], [-117.63469200032723, 35.58687799988655], [-117.6347099998706, 35.587539999877805], [-117.63472800031225, 35.58782399979206], [-117.63474000000781, 35.58801000031657], [-117.63472999996208, 35.58839000006864], [-117.6347879996884, 35.590927999841824], [-117.63479000023652, 35.59098999985248], [-117.63479000023652, 35.591599999729944], [-117.63479600008431, 35.59196299991556], [-117.63480000028227, 35.59222600003599], [-117.63481399962765, 35.593016999662765], [-117.63481899965055, 35.593281000002946], [-117.63481899965055, 35.593297999781925], [-117.63482000037376, 35.59334999985702], [-117.63482100019868, 35.59336799965035], [-117.6348300004195, 35.5939099996486], [-117.63481899965055, 35.594121999695275], [-117.63479000023652, 35.59475000002554], [-117.6347600000993, 35.595830000288544], [-117.63474099983273, 35.59638500030481], [-117.63471999991631, 35.59701900031158], [-117.63460000026572, 35.59702000029496], [-117.63459000021999, 35.597301000240186], [-117.63455900025785, 35.59814699990802], [-117.63455000003701, 35.59843000021066], [-117.63453199959535, 35.598877999681356], [-117.634478000067, 35.60022099990335], [-117.63445999962534, 35.60067000024252], [-117.63442899966319, 35.601411000360336], [-117.63436400026417, 35.6029670003413], [-117.63435000002046, 35.60333000010438], [-117.63435000002046, 35.60363700014991], [-117.63435000002046, 35.60438000033156], [-117.6342529999361, 35.60766999975562], [-117.63424899973815, 35.60813500036292], [-117.63431900005833, 35.60832899990058], [-117.63436000006621, 35.61159999993082], [-117.63436000006621, 35.61162400026754], [-117.63436000006621, 35.611695999773985], [-117.63436000006621, 35.61172000008197], [-117.63436000006621, 35.611868000239554], [-117.63436000006621, 35.61231300032233], [-117.63436000006621, 35.61246199990352], [-117.63436000006621, 35.612655000114984], [-117.63436000006621, 35.61323599970786], [-117.63436000006621, 35.61343000002112], [-117.63436199971605, 35.613801999938005], [-117.63436799956384, 35.614918000262826], [-117.63437000011197, 35.615289999832044], [-117.6343650000891, 35.616003999941455], [-117.63436000006621, 35.617039999691855], [-117.63437199976178, 35.618145999999946], [-117.63437900033279, 35.618792000117516], [-117.63438000015768, 35.61886000017223], [-117.63439000020344, 35.62250999985581], [-117.63436900028705, 35.62501999974751], [-117.63435500004333, 35.626673999900305], [-117.63433999997473, 35.62846999978344], [-117.63433599977675, 35.628968999683806], [-117.63434199962454, 35.62978100024874], [-117.63435500004333, 35.63339700005154], [-117.63437099993686, 35.63673600005281], [-117.6343650000891, 35.64026299986961], [-117.63436099989113, 35.642575000331234], [-117.63435800041638, 35.644298999903484], [-117.63434800037065, 35.65004000035033], [-117.63434800037065, 35.65047099977619], [-117.63435300039352, 35.65084699978442], [-117.63434599982251, 35.651571000188966], [-117.63422899964667, 35.651570000157626], [-117.6338300003368, 35.65156900012629], [-117.63281099998751, 35.65156800009491], [-117.63250600038899, 35.65156700006361], [-117.6322400002502, 35.65157300025154], [-117.63017599961238, 35.651547000163745], [-117.62879499976317, 35.65154800019532], [-117.62836999961571, 35.651559999843755], [-117.62789500013788, 35.65155200032164], [-117.62616399958597, 35.65154099997381], [-117.62601600034631, 35.651549000226936], [-117.62589499997249, 35.65155499968631], [-117.62311200035766, 35.65161400006401], [-117.61651799965959, 35.651610999971574], [-117.61651799965959, 35.65175199981222], [-117.61651900038282, 35.658883000293876], [-117.61651900038282, 35.66214400003516], [-117.61651699983466, 35.663122000296816], [-117.61651799965959, 35.66615200013046], [-117.61651699983466, 35.67302399967824], [-117.61651799965959, 35.673421000066114], [-117.61652100003262, 35.67587699985878], [-117.61651799965959, 35.68068700013364], [-117.61674100014065, 35.68068999986326], [-117.62277900027172, 35.68069600005189], [-117.62432199960433, 35.680702999906536], [-117.62541899977143, 35.68070499996912], [-117.63008199990105, 35.680715000281324], [-117.63268799996386, 35.68072200013425], [-117.63357500006867, 35.68072200013425], [-117.63390099958359, 35.68072099973836], [-117.63431999988325, 35.68072400019641], [-117.63713099998546, 35.68073599983833], [-117.63758299989709, 35.68073100004856], [-117.6399980001642, 35.68073399977653], [-117.64325299978213, 35.68074200002351], [-117.64820600034, 35.68075399966277], [-117.64833000018854, 35.68075200033106], [-117.64845800023505, 35.68075500005825], [-117.64881200023738, 35.68075500005825], [-117.64918100030833, 35.68075299999692], [-117.64957999961821, 35.68075500005825], [-117.65070199989964, 35.68075399966277], [-117.65088099999977, 35.680757000119584], [-117.65203800044131, 35.68075999984658], [-117.65218400003118, 35.680770999817526], [-117.65218200038137, 35.6816549999539], [-117.65216800013766, 35.688051000311226], [-117.65215200024413, 35.69534100030873], [-117.65215200024413, 35.69551300021188], [-117.65215100041924, 35.69573799982214], [-117.65214300002332, 35.701695000005195], [-117.65214100037348, 35.70259899975867], [-117.65213600035061, 35.70577400004597], [-117.65213499962739, 35.708704999692365], [-117.65213600035061, 35.70985800015096], [-117.6519870003877, 35.70985299999838], [-117.65088500019775, 35.70985600008996], [-117.6488680003139, 35.70985299999838], [-117.64755299968861, 35.70984999990664], [-117.6451230002512, 35.70984699981484], [-117.64322500019303, 35.709843999722885], [-117.64039499982422, 35.709837000237364], [-117.63431499986038, 35.70983000002177], [-117.63431499986038, 35.709927000036664], [-117.63434099979965, 35.71351400005231], [-117.63435800041638, 35.71715300030518], [-117.634401999899, 35.72447500022474], [-117.63442399964032, 35.73180900027521], [-117.63443500040928, 35.73560299985408], [-117.6344429999069, 35.736391999866], [-117.63444399973181, 35.73749999967302], [-117.63444600027995, 35.739141999822245], [-117.63445399977755, 35.74631199971558], [-117.63446200017347, 35.75382200033614], [-117.63444399973181, 35.75895899999944], [-117.6344360002342, 35.761168999688714], [-117.63441100011984, 35.768514999902486], [-117.63436000006621, 35.77587100024353], [-117.63433400012697, 35.778880999828594], [-117.63428300007332, 35.79726000033605], [-117.63429099957094, 35.7976580000841], [-117.64664800004044, 35.79765899974044], [-117.65208399957376, 35.79766299982295], [-117.66098100038596, 35.79766600024897], [-117.66760000030006, 35.79767700011008], [-117.66904200024865, 35.79766600024897], [-117.66987800029982, 35.79767000033113], [-117.67877400038878, 35.797673999684456], [-117.68766999957943, 35.797677999766165], [-117.69656499984345, 35.79768199984772], [-117.69862199991029, 35.79768300023237], [-117.70427000005404, 35.79768599992907], [-117.70546099993241, 35.79768700031367], [-117.71435899967122, 35.79769099966615], [-117.72143100022018, 35.797694999747], [-117.72321499957721, 35.79769000001017], [-117.72564599973784, 35.79770099986794], [-117.73305399984746, 35.797696000131495], [-117.74105899963367, 35.79770600033271], [-117.74996200029364, 35.79771300010849], [-117.75503299995398, 35.7977250003472], [-117.75906099987385, 35.79771999988368], [-117.76777000036506, 35.79772600000274], [-117.77030399955956, 35.797726999658224], [-117.77667599960148, 35.79773000008182], [-117.77743100036011, 35.797730999737254], [-117.77776600009585, 35.797730999737254], [-117.7866189996288, 35.79773699985547], [-117.79045300027828, 35.797740000278765], [-117.79709800013165, 35.7977440003572], [-117.80338599960966, 35.79774700005154], [-117.80879699992693, 35.79774999974581], [-117.81228900026963, 35.79775199978478], [-117.81489699998227, 35.79777000013333], [-117.82123800006204, 35.79781400023963], [-117.82480300019967, 35.79799300010609], [-117.82663000011273, 35.79808500010851], [-117.83043899974953, 35.79827699989707], [-117.83142799996158, 35.798276000248514], [-117.83972400000091, 35.79828499999961], [-117.84131099971445, 35.79827099981962], [-117.8481990001404, 35.79821600018148], [-117.84989499963386, 35.7982299996426], [-117.85063600014881, 35.79823999977659], [-117.8512549995667, 35.798243000180825], [-117.85148200024574, 35.79824100015422], [-117.8568929996647, 35.79828099994847], [-117.85734100027665, 35.79828099994847], [-117.86598799994525, 35.798351000086384], [-117.87166100020335, 35.798355000134], [-117.8722760003216, 35.79835900018147], [-117.87258000009521, 35.79835900018147], [-117.87292300022686, 35.79835799980533], [-117.87325799996262, 35.79835799980533], [-117.87357400033012, 35.79835900018147], [-117.87712900042203, 35.79835999982898], [-117.88050399969055, 35.798361999852645], [-117.88385000044337, 35.79836599989971], [-117.8859290002515, 35.79836799992321], [-117.89105500016342, 35.798388000155164], [-117.89113299998121, 35.79839000017807], [-117.901797000432, 35.79839200020098], [-117.90257700040668, 35.79839200020098], [-117.90363400039081, 35.79839200020098], [-117.90459799959017, 35.79839200020098], [-117.90562399961215, 35.79839200020098], [-117.91036299990975, 35.79839200020098], [-117.91309399964605, 35.79838699977938], [-117.91666999965435, 35.79839200020098], [-117.91925800017383, 35.79839200020098], [-117.92440599982703, 35.79835900018147], [-117.92437800023795, 35.79814900033245], [-117.92300300023652, 35.78668600026327], [-117.92815400026278, 35.78668600026327], [-117.93230100000838, 35.78663899971109], [-117.93838900036816, 35.78657900033019], [-117.94831399995384, 35.786919000109606], [-117.95269599987607, 35.787065000134355], [-117.9540009995573, 35.78710799982098], [-117.95849299998271, 35.78726199998219], [-117.97851100028186, 35.78791399989513], [-117.9885120000355, 35.7882279998181], [-117.99191499979143, 35.78833199966765], [-117.99851500033728, 35.78853400033185], [-118.00757299990963, 35.78891000010702], [-118.00809400031656, 35.78893500009301], [-118.01724099957735, 35.78937399967218], [-118.01851099999682, 35.78943500034636], [-118.01984400016545, 35.78950000000983], [-118.0215659995982, 35.78958400012392], [-118.0285429997126, 35.789924999918256], [-118.03857699997653, 35.79042499977258], [-118.04875400035557, 35.79094400030318], [-118.05341999995994, 35.79118700034694], [-118.05418499986602, 35.79122700004901], [-118.05892499998856, 35.79147400035013], [-118.06706500039228, 35.79152400015835], [-118.06722100002787, 35.79152600035403], [-118.06771899997025, 35.79153700033647], [-118.06832999989054, 35.791530999750044], [-118.06924399975952, 35.79153500014107], [-118.0746979997345, 35.79155900029684], [-118.07669799989988, 35.791568000080154], [-118.0807409998884, 35.791562999957776], [-118.08553100023965, 35.79155599964016], [-118.0944030000392, 35.79153599987443], [-118.1033660000753, 35.791320000335084], [-118.10412099993562, 35.79130199998266], [-118.10629699982812, 35.79125100029776], [-118.1123290001114, 35.79110400020863], [-118.11721900002175, 35.79108400032916], [-118.12118800039043, 35.79106800013048], [-118.13007600008348, 35.79102600014009], [-118.13894299986013, 35.79084999983505], [-118.14599899961725, 35.790710000125536], [-118.14782800007843, 35.7906739998689], [-118.15227500029799, 35.79064400024981], [-118.15666700026597, 35.79060599974444], [-118.16557400022559, 35.790528999661845], [-118.17445299969782, 35.790496000020056], [-118.17660199982613, 35.79048400014687], [-118.18332600022055, 35.79044400007081], [-118.1885120004069, 35.79040300022701], [-118.1952149999866, 35.79035700016375], [-118.20107200036772, 35.79031100007393], [-118.20749100026528, 35.79030399964607], [-118.20770899982517, 35.7903029998972], [-118.20993300029657, 35.79030200014826], [-118.21882099998962, 35.79029600019728], [-118.22767699989559, 35.7902640002081], [-118.23317000022863, 35.79024499986683], [-118.23589500011714, 35.79023500018397], [-118.23653500034972, 35.79023299995575], [-118.23939599978235, 35.79022699999955], [-118.24291800026229, 35.790220000293], [-118.25441700004102, 35.790197000211734], [-118.2554709996521, 35.790197000211734], [-118.2633139999549, 35.790200000190985], [-118.26773799970991, 35.79020300017018], [-118.27112999959522, 35.79020600014927], [-118.27211999963215, 35.79020699989936], [-118.28104400020854, 35.79021400033576], [-118.2899689997115, 35.790221000042905], [-118.29069299960969, 35.790221000042905], [-118.29883300001339, 35.79022499977117], [-118.29986999990605, 35.79022499977117], [-118.3073630004045, 35.790227999749376], [-118.30741899958265, 35.790229000227875], [-118.30769700031533, 35.790229000227875], [-118.31422599981772, 35.79023299995575], [-118.31461300033035, 35.79023200020598], [-118.3153270001828, 35.79023200020598], [-118.31594999979862, 35.79022699999955], [-118.31654800019842, 35.79023299995575], [-118.31749399985446, 35.79023299995575], [-118.3184889999143, 35.79023399970555], [-118.32539800025664, 35.79023699968341], [-118.33133599993026, 35.7902380001618], [-118.33424099974384, 35.790242999638856], [-118.33459899994413, 35.79024499986683], [-118.34308199958123, 35.79024799984429], [-118.35203799994461, 35.79025200029988], [-118.36045600018271, 35.790256000026595], [-118.36099299958482, 35.790256000026595], [-118.36689500017175, 35.79035299971349], [-118.36992999968169, 35.790401999750706], [-118.37112800013108, 35.79042799974329], [-118.37870000027225, 35.79059099992349], [-118.38181099995013, 35.79069399985157], [-118.38765900011039, 35.790886999753546], [-118.39571099975227, 35.79127999995112], [-118.39648900007712, 35.79131699966942], [-118.40016100034487, 35.79147599981839], [-118.40082599979351, 35.79150500011832], [-118.40139800025406, 35.79153000001661], [-118.40185699983836, 35.79154900005066], [-118.40556099989317, 35.791709000195304], [-118.40766900001361, 35.791774000184844], [-118.41158800015359, 35.79189500025917], [-118.41245299961875, 35.791920999763285], [-118.41304400034585, 35.7919449998025], [-118.41389399974241, 35.79196599992192], [-118.41452499975419, 35.791984999851714], [-118.4166079997603, 35.79206100025408], [-118.42337800018545, 35.79230399979688], [-118.4264439996575, 35.79233299979459], [-118.42988599977147, 35.792364999679315], [-118.43217700019004, 35.79238599968779], [-118.43709600041268, 35.79237699999713], [-118.4403769999699, 35.79236800030545], [-118.44379899999241, 35.792366999853876], [-118.44506900041188, 35.79237100020275], [-118.44778599990444, 35.79236300023341], [-118.44821100005187, 35.79236300023341], [-118.44883000036806, 35.792361999781775], [-118.44890800018587, 35.79236300023341], [-118.44898900037674, 35.792361999781775], [-118.44969400000834, 35.792361000058804], [-118.4497269996203, 35.792361000058804], [-118.44982200005485, 35.792361000058804], [-118.4498460003443, 35.792361999781775], [-118.449929000185, 35.792361999781775], [-118.45848999963985, 35.79239700027987], [-118.4639699995541, 35.792434999928766], [-118.46715800012322, 35.79245000013033], [-118.46975400014027, 35.79241499965559], [-118.4729319997653, 35.79235699970937], [-118.47589400037859, 35.792310000324925], [-118.47783900029242, 35.79225899982965], [-118.48455100009294, 35.79208399979582], [-118.49354000006832, 35.79180999994316], [-118.49887299966947, 35.79165899977486], [-118.5022040003537, 35.791563999690794], [-118.5108510000223, 35.79133100034604], [-118.51949699986604, 35.79109699985062], [-118.52617799970442, 35.79092200017259], [-118.54620100002643, 35.79039100033979], [-118.55793499998181, 35.790077999970194], [-118.5627999997778, 35.78993999986492], [-118.57078899967046, 35.78972100036243], [-118.57386300043673, 35.78973199986608], [-118.57389000020095, 35.78973199986608], [-118.57402800029317, 35.78973199986608], [-118.57938099998583, 35.78975100032999], [-118.57971599972159, 35.78975200008582], [-118.58107999985236, 35.789749999845476], [-118.58917800042327, 35.78974300009684], [-118.58951300015903, 35.78974200034092], [-118.58995699967475, 35.78974200034092], [-118.5900739998506, 35.78974200034092], [-118.59276199992917, 35.789749000089586], [-118.5936580002548, 35.78975200008582], [-118.59754999973231, 35.78976199982943], [-118.6092290003344, 35.789794000020805], [-118.61312199963676, 35.78980500024299], [-118.61498600025806, 35.78980999974728], [-118.62058099980001, 35.789824999715655], [-118.6224460002462, 35.78983099970219], [-118.62272099970751, 35.78988200029833], [-118.62510800038552, 35.78988500028953], [-118.6269419999713, 35.78988600004366], [-118.62769299963364, 35.78988699979782], [-118.63007100009081, 35.78988800028062], [-118.63042099989518, 35.78988800028062], [-118.63325200008892, 35.78988999978878], [-118.63358099997689, 35.78988999978878], [-118.63864199959146, 35.789897000253156], [-118.64290700023614, 35.789897000253156], [-118.65180699962474, 35.789904999742056], [-118.66070600008675, 35.789913999712674], [-118.66960499965046, 35.78992799990783], [-118.67484100006553, 35.78993699987584], [-118.67783999959042, 35.78994500008941], [-118.68114100013743, 35.78994500008941], [-118.68740299967615, 35.78995199982024], [-118.6916869996891, 35.789945999842836], [-118.6945379999743, 35.78992400016462], [-118.7039939999299, 35.78997400021935], [-118.70483800037702, 35.78997899971307], [-118.70534499964191, 35.789981999700565], [-118.70655300013708, 35.78998799967525], [-118.71170099979028, 35.79001500028454], [-118.71341800009849, 35.79002499999507], [-118.71850700020047, 35.79005199986303], [-118.73377500033135, 35.79013399989171], [-118.73869000035604, 35.7901609997227], [-118.73886500025824, 35.790162000202045], [-118.74193199955518, 35.790179000333566], [-118.74238799966476, 35.790179000333566], [-118.7424870002973, 35.79017799985444], [-118.74421600030105, 35.79017499987429], [-118.74433199975367, 35.79017499987429], [-118.74460999958804, 35.790174000123805], [-118.74531299956982, 35.79017100014356], [-118.74956999981858, 35.79015699999121], [-118.7507399997806, 35.790151000029276], [-118.75400899964224, 35.79013399989171], [-118.75713699993686, 35.790121999963915], [-118.75814399969228, 35.790116999750566], [-118.75993600034352, 35.79011300001686], [-118.76443399971842, 35.790106000300206], [-118.7649829997144, 35.79010100008584], [-118.76697299983408, 35.790101999837304], [-118.76792699988601, 35.790106000300206], [-118.7717959997973, 35.790107999802935], [-118.77489700032774, 35.790118999981665], [-118.78070600012995, 35.790115999999294], [-118.78947800037035, 35.79013099990997], [-118.79196399988425, 35.79013300014071], [-118.79637599994372, 35.79014400031596], [-118.80139100042585, 35.790157999741915], [-118.80168299960559, 35.79015900022131], [-118.80229699989891, 35.790162000202045], [-118.80244000001403, 35.79016599993329], [-118.802696999932, 35.790171999894085], [-118.80493300009898, 35.79016299995269], [-118.80702399960266, 35.79015699999121], [-118.8154610001073, 35.79016699968388], [-118.81579699966795, 35.79016999966432], [-118.82655400000519, 35.79025999975309], [-118.82692599955085, 35.79026299972998], [-118.82799400030393, 35.79027199966006], [-118.82926100035031, 35.79028299981608], [-118.82968099957658, 35.79028700026992], [-118.83126499981537, 35.790299999921764], [-118.83167900009214, 35.7903029998972], [-118.83692399982976, 35.79033100014793], [-118.84159899965498, 35.79036099988518], [-118.84581499989585, 35.79038499966683], [-118.84592500039902, 35.79038699989123], [-118.85031999984174, 35.790409000169916], [-118.85811600028889, 35.79045200023339], [-118.8590400002036, 35.79045599995004], [-118.8594960003132, 35.79045899991952], [-118.86170099961967, 35.79047699973425], [-118.86242899971583, 35.79048100017833], [-118.86325800009432, 35.79048499989346], [-118.86750799977207, 35.79051900001473], [-118.86816499972312, 35.79053699981588], [-118.87592699983506, 35.79055000015553], [-118.87809000020708, 35.7905449999691], [-118.88181600000321, 35.79053699981588], [-118.89635199984, 35.79050400017735], [-118.9037730003684, 35.790473999765396], [-118.90600100013943, 35.7904879998619], [-118.9071600002308, 35.7904879998619], [-118.91663299990486, 35.790496000020056], [-118.91796100005062, 35.790496000020056], [-118.9184680002138, 35.79049800024162], [-118.9328640003085, 35.790510999858945], [-118.9338779997366, 35.79051200033389], [-118.93475300014582, 35.7905420000028], [-118.93541400029481, 35.790553000121456], [-118.93555800023488, 35.79053600006994], [-118.93815799955159, 35.79054700018942], [-118.93822799987178, 35.79054700018942], [-118.94714499987714, 35.79059300014266], [-118.94934199968607, 35.79060400025424], [-118.97884500025312, 35.79065900006077], [-118.98068399986172, 35.790662999767], [-118.9819350000146, 35.79073500027392], [-118.98830200003364, 35.79070899965309], [-118.99164600023833, 35.79071900000499], [-118.99729000018411, 35.79074100019177], [-119.00001500007262, 35.790745999637174], [-119.01071299996028, 35.79076400011559], [-119.02536099995002, 35.79076700007344], [-119.02600799985531, 35.79076700007344], [-119.02679200002795, 35.79076799981654], [-119.02725999983309, 35.79076799981654], [-119.04447500042592, 35.790773999731876], [-119.04506000040693, 35.79077299998893], [-119.05275999969629, 35.79077500020352], [-119.0534369997388, 35.790773999731876], [-119.05368899963388, 35.790773999731876], [-119.05728300008383, 35.79077500020352], [-119.06258200024811, 35.79077500020352], [-119.0628480003869, 35.79077500020352], [-119.06628899977767, 35.79077500020352], [-119.06809599959922, 35.79081399964184], [-119.06958899960144, 35.79081500011297], [-119.07106599971013, 35.79076499985865], [-119.07120800000034, 35.79077099977424], [-119.07174699995059, 35.790773999731876], [-119.07790200025752, 35.79075000006771], [-119.0800970004166, 35.790755000241234], [-119.08026300009796, 35.790756999727584], [-119.08064999971225, 35.790759999685754], [-119.0887769996972, 35.79074400015055], [-119.08903600016328, 35.790744999893874], [-119.08924899970026, 35.79077099977424], [-119.09767699998409, 35.79074799985249], [-119.09793399990205, 35.79074799985249], [-119.09820800043674, 35.79076900028824], [-119.10219399962556, 35.79076499985865], [-119.10237000025096, 35.79074900032445], [-119.10264300006246, 35.79074400015055], [-119.10270599981162, 35.790744999893874], [-119.1032720004244, 35.790755000241234], [-119.11466400007299, 35.79072599966759], [-119.11500100035688, 35.790736000017354], [-119.1172120004095, 35.79075000006771], [-119.12542300006001, 35.79073300005834], [-119.12545300019725, 35.79072199996454], [-119.1340730001017, 35.79070400020536], [-119.13409800021604, 35.79070299973283], [-119.1430720001228, 35.79069900002862], [-119.14314999994059, 35.790698000284664], [-119.15190299991444, 35.79066599972868], [-119.15202599993808, 35.79066599972868], [-119.1606580004364, 35.79062299978099], [-119.1609250004001, 35.79062299978099], [-119.16971000016098, 35.79059800032606], [-119.16986999999455, 35.7905969998522], [-119.17759500029655, 35.79057800031924], [-119.17805600042901, 35.79057800031924], [-119.1784990001198, 35.7905760000997], [-119.17852300040924, 35.790575000354245], [-119.17882200015998, 35.79057199966039], [-119.1789979998871, 35.7905709999149], [-119.18335700024313, 35.790551999647036], [-119.18747100037675, 35.79054299974866], [-119.18749399994296, 35.790539999782354], [-119.18773999999026, 35.79053300010331], [-119.18780699993742, 35.79053300010331], [-119.19196100025403, 35.790530999882634], [-119.19640799957527, 35.79052100023576], [-119.19667299988915, 35.79051600004752], [-119.19673099961547, 35.79051500030126], [-119.2053150004332, 35.79050199995594], [-119.20531700008301, 35.79049300005192], [-119.20535399989295, 35.79049300005192], [-119.20546799969574, 35.79049300005192], [-119.20550600022891, 35.79049300005192], [-119.2064130004252, 35.79049800024162], [-119.20721099994324, 35.790496999766496], [-119.21159299986545, 35.79049399979839], [-119.21197100015723, 35.79049300005192], [-119.21232699980939, 35.79049200030542], [-119.21397899982026, 35.7904879998619], [-119.21403300024694, 35.79048900033713], [-119.21416600031633, 35.79049200030542], [-119.21438999972399, 35.790496000020056], [-119.21458600044087, 35.79049300005192], [-119.21471199993928, 35.79049300005192], [-119.21507900036039, 35.79049800024162], [-119.21843600008557, 35.790495000273545], [-119.21983799985115, 35.790490999830226], [-119.22272500012137, 35.790490000083665], [-119.22309300036744, 35.79047099979648], [-119.22315199991866, 35.79046900030288], [-119.22324200033033, 35.790473999765396], [-119.22349400022543, 35.79048700011535], [-119.22351099994384, 35.79048599964009], [-119.22361800007398, 35.7904679998274], [-119.22582800030168, 35.79047800020963], [-119.23243600034513, 35.79047200027193], [-119.23245899991134, 35.79047099979648], [-119.23265399990501, 35.79047099979648], [-119.23334400036633, 35.79047000004965], [-119.23424800018958, 35.79046900030288], [-119.23536700009795, 35.79046700008059], [-119.23647900033366, 35.7904649998582], [-119.2367780000844, 35.7904679998274], [-119.23690299975787, 35.79047000004965], [-119.23759800024206, 35.790462999635814], [-119.23871100030266, 35.790461000142066], [-119.23980300044687, 35.79045899991952], [-119.24094200044675, 35.790456999696985], [-119.2411929996186, 35.790456999696985], [-119.24135800037335, 35.79045599995004], [-119.24560200020335, 35.790447999787865], [-119.24918999990719, 35.7904490002636], [-119.24947799978726, 35.79044700004081], [-119.25034300015078, 35.790443000323705], [-119.2506319998558, 35.7904419998479], [-119.25065399959709, 35.7904419998479], [-119.25076499992518, 35.790438999877715], [-119.25079900026036, 35.790438999877715], [-119.25082199982657, 35.79043800013055], [-119.2508939997966, 35.79043800013055], [-119.25091800008606, 35.79043800013055], [-119.25095499989598, 35.79043699965468], [-119.25105700000323, 35.79043699965468], [-119.25168800001498, 35.790435000160215], [-119.25258599999044, 35.790432999937074], [-119.25262399962526, 35.79043200018983], [-119.25286200017496, 35.790432999937074], [-119.25308099955977, 35.790432999937074], [-119.25360100014176, 35.790432999937074], [-119.25364200014965, 35.79043200018983], [-119.25431599981911, 35.79043099971389], [-119.258792000351, 35.79042100005437], [-119.25927799969948, 35.79042000030698], [-119.26327700020538, 35.79041299988873], [-119.26766599980033, 35.790406000198494], [-119.26811000021434, 35.79038900011553], [-119.26830600003291, 35.79038900011553], [-119.27127399959566, 35.79038900011553], [-119.27653900032306, 35.79039100033979], [-119.2859750001872, 35.7903409998187], [-119.28624499962564, 35.7903409998187], [-119.29423299969338, 35.790348000243355], [-119.3031329999803, 35.79034399979259], [-119.30366500025785, 35.79034500026963], [-119.30406100009299, 35.79034399979259], [-119.32043100041383, 35.79031499979766], [-119.3206899999816, 35.79031400004893], [-119.32119200012191, 35.79031300030013], [-119.32504000011677, 35.79030599987245], [-119.3293490002441, 35.79029900017286], [-119.32981700004923, 35.79029799969523], [-119.3368200001029, 35.7902810003178], [-119.33872200035904, 35.79027800034154], [-119.34555299998524, 35.7902619999806], [-119.35517600034542, 35.79027800034154], [-119.35519200023897, 35.79027800034154], [-119.35544400013401, 35.79027800034154], [-119.35551600010405, 35.790279000090784], [-119.35561400001335, 35.79027800034154], [-119.35717499978762, 35.79023699968341], [-119.35869799992707, 35.79023399970555], [-119.36541700029859, 35.79021899981432], [-119.383293999967, 35.790192000003096], [-119.39318500011582, 35.79015999997198], [-119.39327299997936, 35.790162000202045], [-119.40101900019779, 35.790139000104], [-119.41847499991673, 35.790093999639495], [-119.4188399997897, 35.79010700005161], [-119.42417800031205, 35.79003900017067], [-119.42438400017636, 35.790080000202266], [-119.42782399974222, 35.79007299975407], [-119.43013899955189, 35.79006699978574], [-119.43664500038642, 35.79005199986303], [-119.44683500028597, 35.79003699993751], [-119.45243999987368, 35.79003000021422], [-119.45429100007615, 35.79002499999507], [-119.46429299965472, 35.790000000352016], [-119.464538999702, 35.790013999803335], [-119.46468400036528, 35.79001200029823], [-119.46670999957163, 35.790004999844044], [-119.47204600044415, 35.789996999636465], [-119.47220899975245, 35.79002499999507], [-119.47223100039209, 35.79002799998083], [-119.4745210000874, 35.79001300005077], [-119.47541999988776, 35.789992999896725], [-119.48041199990537, 35.789986000169556], [-119.48114400019948, 35.78998499968798], [-119.48288099970084, 35.789980999947645], [-119.49004600013623, 35.78997199998461], [-119.49022199986332, 35.78997100023156], [-119.50019300037808, 35.78995700004399], [-119.5011979995853, 35.789954999808806], [-119.50786900027629, 35.789945999842836], [-119.51363100022284, 35.78993600012236], [-119.51559899970286, 35.79002799998083], [-119.51863800030905, 35.79001000006445], [-119.5229299998196, 35.78998499968798], [-119.52736199997055, 35.78995799979721], [-119.52898800004215, 35.78994899983157], [-119.53378099986813, 35.789921000174935], [-119.53505700013538, 35.7899129999589], [-119.53655099996246, 35.789904999742056], [-119.53708200041513, 35.789901999751656], [-119.53728699955623, 35.78990000024374], [-119.53735699987644, 35.78990000024374], [-119.53812000013268, 35.789898000007135], [-119.54349200009186, 35.78988600004366], [-119.55548299996518, 35.789857999636126], [-119.56146500001975, 35.78984499991198], [-119.57296100032374, 35.78982399996076], [-119.57368199984889, 35.78982199972217], [-119.57401699958467, 35.78982399996076], [-119.5742609999821, 35.789826000199234], [-119.57440900012011, 35.78982799970901], [-119.57633300011754, 35.78982000021231], [-119.57929300018272, 35.78980200024877], [-119.57939199991688, 35.78980200024877], [-119.57949800022209, 35.789800999764886], [-119.58231599999704, 35.78979199978147], [-119.5900239996823, 35.78976400006947], [-119.59130699962222, 35.78977800029105], [-119.59281499969306, 35.78977500029586], [-119.59437499964241, 35.78978200004162], [-119.59657099962642, 35.78977200030051], [-119.59896699962694, 35.78974800033374], [-119.60448699972416, 35.78973799985964], [-119.60842000010781, 35.78977800029105], [-119.612145000079, 35.78975100032999], [-119.61560700028451, 35.789719999877526], [-119.61772600027562, 35.78972200011867], [-119.6178390002535, 35.78971699988015], [-119.61847799976286, 35.78966500014989], [-119.6185999999616, 35.78965499966536], [-119.6187050004419, 35.789653999908325], [-119.61876599964296, 35.789659000150806], [-119.62293199965512, 35.78963299990658], [-119.62656000044029, 35.78961499990074], [-119.62841800031548, 35.789605000138614], [-119.63545099960804, 35.78956800035195], [-119.64421799982557, 35.78952700005621], [-119.64629099978592, 35.789517000282956], [-119.6523790001457, 35.78947899996744], [-119.65293700036253, 35.789473999713636], [-119.66182199968252, 35.789420000304375], [-119.66418699972093, 35.789403999770684], [-119.67958200007342, 35.78930599989277], [-119.68357599965813, 35.78927400023361], [-119.688529000216, 35.78924400008604], [-119.68897500027981, 35.789244999848236], [-119.68925399993907, 35.78924300032384], [-119.69868399995542, 35.78918099973926], [-119.7158479995963, 35.78906699971346], [-119.71602599987155, 35.78906599994904], [-119.7161070000624, 35.78906500018461], [-119.71844000031375, 35.78905099983741], [-119.71929100043353, 35.78904499979198], [-119.71974300034516, 35.78904199976906], [-119.72504499998415, 35.78900699997942], [-119.73381499967643, 35.78894700020003], [-119.75266600038658, 35.7893849999525], [-119.75416000021373, 35.789418999815695], [-119.75476199991316, 35.78943300009805], [-119.76038699959236, 35.78956300010373], [-119.76059699965461, 35.78956800035195], [-119.7680929996278, 35.78958199987936], [-119.76952500042896, 35.789584999881896], [-119.77462899970125, 35.78959300013089], [-119.77844699955887, 35.789599000134956], [-119.78212499967442, 35.78960899989789], [-119.78259400020279, 35.78960999965548], [-119.78523600025062, 35.789617000144474], [-119.78559000025294, 35.789617999901964], [-119.79037700023113, 35.78962999990592], [-119.79624999960745, 35.78964400015111], [-119.79860899979805, 35.78963099966326], [-119.80565000038487, 35.789587000126375], [-119.80836699987746, 35.78955400009337], [-119.82496900000186, 35.78935400008603], [-119.82612999974305, 35.78934700030253], [-119.83446400031555, 35.78936300011904], [-119.8466610000532, 35.789217999706096], [-119.8489790002359, 35.789189999791866], [-119.84975099981467, 35.78917999997626], [-119.84984000040146, 35.7891790002132], [-119.86758400000046, 35.78897599996545], [-119.86878599974956, 35.78897699973107], [-119.86883599997827, 35.78897699973107], [-119.86949200010437, 35.78897699973107], [-119.86966700000657, 35.78897699973107], [-119.87050700025571, 35.78897699973107], [-119.87107200014522, 35.78897699973107], [-119.87151700038415, 35.78897699973107], [-119.87511400030884, 35.78897699973107], [-119.87689099999318, 35.78897699973107], [-119.88087500043049, 35.78897699973107], [-119.88545700036924, 35.78897599996545], [-119.88627300032894, 35.78897800022532], [-119.88833299987051, 35.788981000250594], [-119.88840099964257, 35.78896399986281], [-119.8884729996126, 35.788950000226535], [-119.88848699985628, 35.788950000226535], [-119.89007899959272, 35.78898500004128], [-119.90328700018202, 35.789003999955085], [-119.91543200004112, 35.78914900002977], [-119.92111899964458, 35.789216999943505], [-119.93892699971605, 35.789271000219394], [-119.9478439997214, 35.789244999848236], [-119.9567160004192, 35.78921900019732], [-119.96443599980006, 35.78919599982635], [-119.96459800018178, 35.789194000300725], [-119.96473000042626, 35.78919100028343], [-119.9653530000421, 35.789164999886154], [-119.96859799961427, 35.789228000245615], [-119.96892700040057, 35.789222000213485], [-119.97216500030007, 35.78916700014121], [-119.97451899956948, 35.789160000341234], [-119.97605199975465, 35.789118000071234], [-119.97801699975997, 35.78911100026695], [-119.97876699959741, 35.78910299996942], [-119.98159299976825, 35.78911700030744], [-119.98312900032647, 35.78914099973607], [-119.98318399967977, 35.78914200022827], [-119.98343499974995, 35.78912899965829], [-119.98752899979209, 35.78910800024657], [-119.99180000028456, 35.7890999999487], [-119.99391000005481, 35.78909300014287], [-119.99476299982443, 35.78908900035763], [-119.99688500018858, 35.78908300031501], [-120.0009700000099, 35.78906500018461], [-120.0030749997573, 35.78906099966925], [-120.010185999766, 35.78903100016997], [-120.01494799962984, 35.78901500028661], [-120.01600799998698, 35.789007999744605], [-120.02272800018346, 35.78898800006634], [-120.02436400030079, 35.78897899999085], [-120.02768500004096, 35.788966999888615], [-120.02803599967025, 35.788966000122926], [-120.03161800042464, 35.78900099993067], [-120.03170600028817, 35.78899499988141], [-120.03400299965621, 35.78898599980671], [-120.03535500009141, 35.78897599996545], [-120.03591900015601, 35.78896000007108], [-120.03695000020087, 35.78893500009301], [-120.03790099987975, 35.78893100029982], [-120.04047500015552, 35.78889599973259], [-120.04845499982737, 35.788885999879994], [-120.05415700039778, 35.78891199963985], [-120.0554040003527, 35.78888500011323], [-120.05722399969471, 35.788863000141355], [-120.05782999959213, 35.788869999967446], [-120.05803999965441, 35.788866000170984], [-120.05835099999904, 35.788863000141355], [-120.05872199971981, 35.78886699993798], [-120.05901999964564, 35.78886000011158], [-120.06359099971377, 35.78888899990875], [-120.0636850003234, 35.78884299969791], [-120.07262700044313, 35.78881000008468], [-120.07617699961384, 35.7887970001891], [-120.0763139998812, 35.78879899972471], [-120.08062800003137, 35.7887820000267], [-120.08155100012118, 35.788773999696005], [-120.09044999968485, 35.78873499998529], [-120.09466400027593, 35.78871800027353], [-120.0993490001469, 35.788694999757624], [-120.10605400027472, 35.7886729997331], [-120.1082560001065, 35.78865399974017], [-120.11212300036793, 35.78864099981907], [-120.11268999990729, 35.78863600024124], [-120.117163999891, 35.78861199993142], [-120.11729899961023, 35.78861199993142], [-120.11990999969592, 35.78859800023314], [-120.12149300010982, 35.78859200015351], [-120.12600200025365, 35.78857999999282], [-120.12791100018248, 35.78858999988397], [-120.12829399959882, 35.78858999988397], [-120.13484100044121, 35.78864399985713], [-120.14366899985981, 35.788854999818824], [-120.14839499973863, 35.78901399979283], [-120.15251399989512, 35.789152000048645], [-120.16138499986974, 35.789283000275695], [-120.17025599984433, 35.78937599992198], [-120.17912599999403, 35.789443999641556], [-120.18010799963507, 35.789439000114186], [-120.18556699963293, 35.78940600001979], [-120.18750700042219, 35.789399000240856], [-120.19436900001054, 35.78936300011904], [-120.19422000004762, 35.781789999911275], [-120.19416099959807, 35.77875199973691], [-120.19408299978028, 35.77476199971558], [-120.19407399955944, 35.77418199999013], [-120.19396999980238, 35.767350999702145], [-120.1938579996494, 35.75994000015292], [-120.1939010002054, 35.75336999998013], [-120.19391799992381, 35.749394999833044], [-120.19392299994671, 35.748045999978196], [-120.19391799992381, 35.74743699978752], [-120.1939000003805, 35.74305300010955], [-120.19386199984734, 35.740892000321786], [-120.19388699996168, 35.73509300016156], [-120.19385699982448, 35.731349999832645], [-120.1938519998016, 35.73063400018057], [-120.19385299962653, 35.73055100028735], [-120.19385000015178, 35.72941999989654], [-120.19384199975586, 35.726669999666136], [-120.19384199975586, 35.72649200023494], [-120.19382900023538, 35.721400999720444], [-120.1938169996415, 35.71668800034801], [-120.19374700021962, 35.70877199975855], [-120.19373100032607, 35.70723600035338], [-120.19373100032607, 35.70662099984756], [-120.19372499958001, 35.70633700030291], [-120.19368799977006, 35.702071000211625], [-120.19370299983869, 35.69709100004473], [-120.19373299997591, 35.687455000024435], [-120.19374100037183, 35.6825449998316], [-120.19375399989231, 35.68014799993648], [-120.19374700021962, 35.67987199984343], [-120.19376499976296, 35.677970999674784], [-120.19375999974007, 35.67770000005874], [-120.19376599958788, 35.67645100013046], [-120.19377800018175, 35.67283799982088], [-120.19381900018965, 35.667634000120685], [-120.19388799978661, 35.65873600025473], [-120.19389199998457, 35.658246000359526], [-120.19388699996168, 35.65385899964962], [-120.19388500031187, 35.650915000311365], [-120.19389899965726, 35.64358899967365], [-120.19391100025116, 35.64272200018246], [-120.193908999703, 35.641784000104515], [-120.19393999966513, 35.63621000025943], [-120.1939499997109, 35.63462700006472], [-120.19397599965016, 35.62893100014778], [-120.19397599965016, 35.62879299968238], [-120.19398200039625, 35.621659999855744], [-120.19398700041911, 35.61812400032907], [-120.19398800024403, 35.61438900002197], [-120.19391799992381, 35.61438699975906], [-120.17437099980289, 35.61422099966912], [-120.1740560001586, 35.61421800036381], [-120.17367899969173, 35.614215000328095], [-120.17186099999955, 35.61420000014791], [-120.17058399990741, 35.61418800000171], [-120.1589029996555, 35.61422299993624], [-120.15043199971396, 35.61424899975244], [-120.14038900012751, 35.61427900009161], [-120.13945500016706, 35.61428100035728], [-120.12596600026865, 35.614311999721494], [-120.12521800008102, 35.61431300021906], [-120.12501499969143, 35.61433999977296], [-120.12496000033818, 35.61434899986566], [-120.12491599995724, 35.61431399998632], [-120.12474100005507, 35.61431399998632], [-120.12434600004482, 35.614316000251065], [-120.09981100010424, 35.614373999874424], [-120.09767899969435, 35.614369000311434], [-120.08787399975927, 35.614397000342954], [-120.08617999991561, 35.614397000342954], [-120.0862639995812, 35.608176999662746], [-120.0863120001601, 35.60499399995247], [-120.08640199967348, 35.59900800023882], [-120.08640800041955, 35.5931749996666], [-120.08640300039669, 35.584921000200694], [-120.08645699992506, 35.57919300020553], [-120.08647199999366, 35.57760000025649], [-120.0865439999637, 35.57001500021936], [-120.08657999994873, 35.55967999994986], [-120.08657099972785, 35.559318000049004], [-120.08657300027599, 35.559114999671735], [-120.08658099977362, 35.5578399998854], [-120.08658900016954, 35.55320499991039], [-120.08656900007807, 35.549066000293195], [-120.08655999985723, 35.5483880003379], [-120.08656200040535, 35.54771700030455], [-120.0865649998801, 35.546471000051326], [-120.08656599970502, 35.546276999737636], [-120.08655200035962, 35.545686999757486], [-120.08653200026812, 35.54517799978145], [-120.08650399978072, 35.543376000141535], [-120.08650899980358, 35.54259300022086], [-120.08650600032885, 35.54184200028691], [-120.08650100030599, 35.54169699989166], [-120.08650700015377, 35.54168699972875], [-120.08651399982647, 35.54160400000933], [-120.08651499965138, 35.541548000185394], [-120.08653200026812, 35.539141999954445], [-120.08653399991796, 35.538967999731405], [-120.08656900007807, 35.537066000154574], [-120.08662000013167, 35.53429899972812], [-120.08664699989586, 35.53274700000689], [-120.08671399984303, 35.529166999869936], [-120.08676599972154, 35.52643200032533], [-120.07840299973505, 35.52644599999879], [-120.07717900024467, 35.52644899966734], [-120.0746519998246, 35.526481000268284], [-120.07375700022216, 35.52649299966785], [-120.06877699990014, 35.52655700009066], [-120.06878100009808, 35.526322000195364], [-120.06887499980941, 35.520754000356774], [-120.06889400007599, 35.51956800021579], [-120.0689019995736, 35.51915299966804], [-120.0689290002361, 35.51756999995317], [-120.06900700005389, 35.51293800023723], [-120.06890099974868, 35.512940000109154], [-120.06521900033349, 35.5129640000305], [-120.06309899961917, 35.51297900016057], [-120.05747399993997, 35.5130239998026], [-120.05101599968434, 35.513065999982004], [-120.05097300002666, 35.50607299976715], [-120.05095399976008, 35.50306800009539], [-120.05093000036895, 35.49862700015972], [-120.0509269999959, 35.49824800024186], [-120.04893199985335, 35.498246999757306], [-120.033242999773, 35.49829800031991], [-120.03301699981719, 35.498293999846766], [-120.03291300006013, 35.49155099964037], [-120.0328920001437, 35.49019900006215], [-120.03294999987006, 35.484936000363504], [-120.03287500042528, 35.48366900028425], [-120.03286700002937, 35.483516999837], [-120.03286700002937, 35.48349699964126], [-120.01461999956678, 35.483397999988895], [-120.01430499992252, 35.483396000112876], [-120.01447800017486, 35.480956000198496], [-120.0152670003704, 35.46960599981355], [-120.01533400031754, 35.4690439999321], [-120.0152670003704, 35.46899899979651], [-120.01516799973786, 35.46891400004068], [-120.01513299957777, 35.468872000188426], [-120.01511300038459, 35.46883799980424], [-120.01483700020007, 35.46883899992331], [-119.99987399966774, 35.468916999663506], [-119.9989649998216, 35.46884999976932], [-119.99744900025317, 35.468708000311395], [-119.99738200030603, 35.46849299967606], [-119.99691600015075, 35.466931999690004], [-119.99679899997487, 35.466538000258566], [-119.99663599976824, 35.46599199970141], [-119.99651500029273, 35.46558799992354], [-119.99314000012589, 35.45428000009259], [-119.99314099995081, 35.45020200025922], [-119.99314099995081, 35.44973299974365], [-119.9931419997757, 35.446940999822814], [-119.99315000017162, 35.43946999981204], [-119.96292100005655, 35.43938000009627], [-119.95184099967916, 35.43934700017525], [-119.95165300025651, 35.43934700017525], [-119.95132600001834, 35.43934599968947], [-119.94417800019971, 35.43932399997835], [-119.94391299988585, 35.439323000224185], [-119.94370100017376, 35.43932199973817], [-119.9402330001205, 35.43931100024597], [-119.93916799974048, 35.43930800025118], [-119.93880700006542, 35.43930600001061], [-119.93875299963877, 35.43930600001061], [-119.92633499996818, 35.43931100024597], [-119.92327199997086, 35.43929900026597], [-119.9136589996564, 35.439261999828524], [-119.91230299992156, 35.439255999835076], [-119.90165799973735, 35.43921500035598], [-119.89328100040548, 35.43918300012324], [-119.89303299981006, 35.43917899963578], [-119.89246299989765, 35.439169999636206], [-119.8893399996259, 35.439120999864784], [-119.88920699955652, 35.439120999864784], [-119.88789000017971, 35.43912300010995], [-119.88004500022708, 35.43913299987132], [-119.88004500022708, 35.43870600024635], [-119.87990100028705, 35.43198399970363], [-119.87988399967028, 35.43117500003812], [-119.87985899955592, 35.429929999991415], [-119.87974899995106, 35.42490300008162], [-119.88002599996051, 35.40956099992794], [-119.88007899966394, 35.40658299998952], [-119.88026799980985, 35.395446000054605], [-119.88028899972623, 35.39485300013293], [-119.88043400038951, 35.3869810000674], [-119.88053700032168, 35.38052299998352], [-119.88042199979562, 35.37228999996685], [-119.88031700021364, 35.365575000321265], [-119.88032899990921, 35.36407800004256], [-119.88033099955904, 35.36355899967997], [-119.8803559996734, 35.35112399994109], [-119.87979800035488, 35.3511270002877], [-119.87661700035679, 35.35114199982122], [-119.86200399962883, 35.35120800008013], [-119.85576800002934, 35.351236999732755], [-119.85194000012599, 35.351221000102576], [-119.85077099998887, 35.35121000030917], [-119.8491180001531, 35.35119500005559], [-119.84199799992355, 35.35115599996947], [-119.84179799990702, 35.351157000084584], [-119.8335450004237, 35.35110100021051], [-119.82671800009712, 35.351058000346235], [-119.82173399957712, 35.35102000031079], [-119.81903800000093, 35.35100600013896], [-119.80920999960132, 35.35093999971503], [-119.8092139997993, 35.34696200007099], [-119.80921799999726, 35.34535300021242], [-119.80921999964708, 35.3411819998253], [-119.80923700026382, 35.33273799969134], [-119.8092289998679, 35.329072000312394], [-119.8092360004389, 35.32850799980068], [-119.80923800008874, 35.327657000251804], [-119.80925599963209, 35.32020199994855], [-119.80926599967782, 35.30752100025774], [-119.80926700040104, 35.302867000185216], [-119.80926700040104, 35.30247599987431], [-119.80926800022596, 35.30193199990051], [-119.80926900005088, 35.30153800021522], [-119.80927099970069, 35.30086500007255], [-119.80927400007374, 35.299627999874176], [-119.80926599967782, 35.29864999966681], [-119.80925800018022, 35.29620500022779], [-119.80925499980717, 35.292554000351295], [-119.80939999957212, 35.28182800011082], [-119.80942899988445, 35.2796559998752], [-119.80943499973223, 35.27483400025813], [-119.80943599955715, 35.27419199965988], [-119.80943499973223, 35.27363100035149], [-119.80940700014312, 35.263817000163165], [-119.80940700014312, 35.26369299999105], [-119.80208000022438, 35.26369500018459], [-119.79838799986513, 35.263695999914596], [-119.79172000044552, 35.26369800010812], [-119.7906130002327, 35.26369800010812], [-119.78113399981254, 35.26369899983809], [-119.7799339997133, 35.26370000030154], [-119.7740329998496, 35.26370000030154], [-119.75983299957348, 35.26353400021434], [-119.7485689999714, 35.263400999806294], [-119.74713299987059, 35.26338399993138], [-119.74416500030783, 35.26334799996889], [-119.73428199965664, 35.263231000163586], [-119.72229199960825, 35.263084999737046], [-119.69815699970071, 35.26279400003646], [-119.6933730000956, 35.26273499988401], [-119.68587200009956, 35.26264300010768], [-119.68493999978891, 35.26263100025672], [-119.68017700010014, 35.26257199998559], [-119.67782799995528, 35.26254300007281], [-119.67550399992477, 35.262562000345625], [-119.67465600017803, 35.26256900002037], [-119.67397499993756, 35.2625749999507], [-119.6665850002696, 35.262634999962735], [-119.6665929997672, 35.261679000060376], [-119.66660899966071, 35.25886000014722], [-119.66661100020886, 35.25854099986067], [-119.6666120000338, 35.25850599974131], [-119.66661399968358, 35.25819199998528], [-119.66661500040682, 35.25803999975051], [-119.66662399972934, 35.256413000335385], [-119.66667899998093, 35.24773899989418], [-119.6666990000724, 35.24528100010869], [-119.66677199986735, 35.238391000335895], [-119.66681000040049, 35.23468400011584], [-119.66682200009605, 35.233177999874734], [-119.66686300010394, 35.2297700000654], [-119.66687200032476, 35.22883700005345], [-119.66693599989887, 35.222676999994476], [-119.66699100015047, 35.21871999988891], [-119.66701200006685, 35.215634000084705], [-119.66707200034132, 35.207267000260245], [-119.66707800018908, 35.20694400009414], [-119.66709499990753, 35.204141000141306], [-119.66710199958023, 35.203682000085884], [-119.66711900019698, 35.20062799983753], [-119.66712599986967, 35.19907400005653], [-119.66713300044067, 35.19827399980291], [-119.66714699978608, 35.1968509997759], [-119.66716500022773, 35.19482299968255], [-119.66719899966459, 35.18956099998095], [-119.66721700010628, 35.18803899984276], [-119.66722399977894, 35.186150999994496], [-119.66721999958102, 35.18532499975801], [-119.66723999967249, 35.1849339997982], [-119.66727200035787, 35.17861600032927], [-119.66730300031999, 35.17510099969465], [-119.6673040001449, 35.174982000196934], [-119.66705399989964, 35.17499700006301], [-119.65801499969555, 35.1754940001302], [-119.64322000029102, 35.17630900035364], [-119.64191300006165, 35.176380999685094], [-119.62419500040188, 35.17735499995735], [-119.62267200026245, 35.177437999744726], [-119.6159169999059, 35.177809000173504], [-119.60685400031066, 35.17830299979236], [-119.59963000032405, 35.17872099977963], [-119.59786399961206, 35.178816000144415], [-119.59567799967382, 35.17892700031411], [-119.59254699990447, 35.17908800007256], [-119.58915400019424, 35.17925699980433], [-119.58530500037449, 35.179465999816465], [-119.58034099994597, 35.179743999955384], [-119.57977000020867, 35.17977700022037], [-119.57803199998409, 35.17987100005633], [-119.57752800019392, 35.17990300024126], [-119.5768379997326, 35.179937999763716], [-119.57668499957175, 35.17994800004403], [-119.57151500017721, 35.180234000198936], [-119.57124999986334, 35.18023200015], [-119.56585500033793, 35.1801990000697], [-119.56068800041811, 35.18016599997605], [-119.5601879999276, 35.18016299990009], [-119.55696900029471, 35.18014300012531], [-119.55675300038465, 35.18014100007416], [-119.55453800013406, 35.18012699971455], [-119.55381900025874, 35.18012300034562], [-119.55383099995433, 35.1799979999589], [-119.55384000017514, 35.179868999998476], [-119.55397700044252, 35.17786600031095], [-119.55402500012308, 35.177259000026794], [-119.55404199984153, 35.177024000024254], [-119.5542939997366, 35.1735319998351], [-119.55462599999763, 35.168913999892105], [-119.5546460000891, 35.16869099979621], [-119.55467100020347, 35.16837900013733], [-119.55475300021924, 35.16736599977042], [-119.55479199967898, 35.16688200020521], [-119.5547940002271, 35.166859000267976], [-119.5555049997065, 35.15813000009469], [-119.55567799995886, 35.156308000147874], [-119.55615199961179, 35.15041300009175], [-119.55615499998484, 35.15037800034725], [-119.55626499958969, 35.148709000177604], [-119.55637199971983, 35.14739300022217], [-119.55637300044305, 35.1473790001004], [-119.55710099964088, 35.137860999883095], [-119.55740799978753, 35.13426100016737], [-119.55748399995551, 35.1333660000423], [-119.55791999997362, 35.12786100013256], [-119.55795900033165, 35.12736200010084], [-119.55806899993651, 35.12597599972148], [-119.55810499992154, 35.12552400034553], [-119.55819899963288, 35.12496800026042], [-119.5583340002504, 35.12336999999191], [-119.55837400043337, 35.1228279998358], [-119.55845800009895, 35.121710000154344], [-119.55888099969827, 35.11598599985708], [-119.55917899962408, 35.1119490000708], [-119.55935699989934, 35.10984599995106], [-119.55940999960279, 35.1092159999138], [-119.56004599963738, 35.10182699968621], [-119.56019600032356, 35.10059299975514], [-119.56025700042291, 35.100049999942236], [-119.56161900000552, 35.08895600025396], [-119.56175200007493, 35.08783099965939], [-119.55869599975031, 35.08798800006838], [-119.55825100040973, 35.088016999834586], [-119.55438400014829, 35.08821599990408], [-119.54978100029311, 35.088466999879266], [-119.54036299997232, 35.08896599995443], [-119.53873500025091, 35.08905400005906], [-119.5344460002151, 35.08927999977572], [-119.53188299981, 35.08941700031384], [-119.52995100031492, 35.08952000011621], [-119.52881300013995, 35.08958000009094], [-119.52597299972543, 35.08973099986884], [-119.52391999985657, 35.0898400002065], [-119.52089600021732, 35.09000200020998], [-119.51985599995164, 35.090054000324365], [-119.51706999996378, 35.09020099984638], [-119.5078700001012, 35.09068600002529], [-119.50465700031606, 35.09086400014341], [-119.50311800028311, 35.09094800032845], [-119.49884699979063, 35.09118299972159], [-119.49876800014792, 35.091186999786686], [-119.49730500028294, 35.09126500028251], [-119.49063299976706, 35.091632999938064], [-119.49038000004704, 35.09164599970978], [-119.49038599989485, 35.09113199997651], [-119.49038699971977, 35.09095000036682], [-119.4903950001157, 35.090246000007085], [-119.49039799959041, 35.08999300029991], [-119.49045200001707, 35.0848639999229], [-119.49047899978129, 35.08328700033269], [-119.49052599963692, 35.07813600005004], [-119.49053599968266, 35.077205000082756], [-119.49053499985776, 35.07687400014437], [-119.49053900005573, 35.076678999647605], [-119.48850299990531, 35.07667299995292], [-119.48362200021579, 35.076675000341325], [-119.48293199975447, 35.076675000341325], [-119.48054199960173, 35.07667299995292], [-119.4798150002288, 35.07667299995292], [-119.47271799956549, 35.07666999973782], [-119.47255199988413, 35.076668999911156], [-119.4725700003258, 35.07326800023475], [-119.47257299980053, 35.071618000078004], [-119.47258799986913, 35.070543000308234], [-119.47260200011286, 35.067883999930395], [-119.47260200011286, 35.06762800017083], [-119.47262700022722, 35.061421000277], [-119.47262499967907, 35.05999600025129], [-119.47262200020435, 35.053743999870164], [-119.47261800000638, 35.04880099984087], [-119.47262300002924, 35.04698999976843], [-119.47268999997638, 35.04293200005363], [-119.4727119997177, 35.041570000275094], [-119.47276699996931, 35.03814699982859], [-119.47279799993144, 35.036540999688604], [-119.472845999612, 35.033577999964706], [-119.47285599965774, 35.03296799995794], [-119.47277299981707, 35.0249810000235], [-119.47273600000715, 35.02180600033355], [-119.47270900024296, 35.019172999782036], [-119.47270099984705, 35.01862899986549], [-119.47269900019722, 35.01751199968557], [-119.47269499999928, 35.01598299996145], [-119.47269400017436, 35.01545599965573], [-119.47268599977843, 35.0120830002968], [-119.47268599977843, 35.0105029997834], [-119.47268599977843, 35.01031900013117], [-119.47268599977843, 35.00661400018728], [-119.47268599977843, 35.003734999779304], [-119.47277000034234, 35.00120300028853], [-119.47296199996296, 34.99544999978914], [-119.47315699995663, 34.98956999967566], [-119.4732049996372, 34.984628999952875], [-119.47324800019324, 34.97837600008655], [-119.4732749999574, 34.97508499968551], [-119.47327699960724, 34.97474900019868], [-119.47328199963012, 34.97412299974802], [-119.47334299972945, 34.96677800025445], [-119.47339799998106, 34.95987700034353], [-119.47350900030912, 34.94625699975925], [-119.47351699980673, 34.9452249998081], [-119.47352299965452, 34.94460099978662], [-119.47353199987536, 34.94354999994651], [-119.47354500029414, 34.94176700009838], [-119.47357399970817, 34.937890999818386], [-119.47351900035487, 34.93592599964953], [-119.47336899966875, 34.93110499965969], [-119.47311799959857, 34.92386000016329], [-119.47306099969715, 34.92153399986508], [-119.47303099955994, 34.920529000141606], [-119.47293199982575, 34.91627300012216], [-119.47286700042672, 34.91413799967935], [-119.47280200012939, 34.911816000094376], [-119.4727960002816, 34.911641999743516], [-119.4727329996341, 34.90951499990185], [-119.47264200029582, 34.90635299985858], [-119.47261700018146, 34.90555000029993], [-119.47249400015782, 34.901377999951656], [-119.46284700040648, 34.90130499977835], [-119.45486400036158, 34.9012429998627], [-119.45391299978438, 34.901236999820895], [-119.4436910000978, 34.90117100006836], [-119.44235100025647, 34.90115699971214], [-119.43726800000225, 34.90112499994159], [-119.43345900036547, 34.90109900021089], [-119.43112699993904, 34.9010840000791], [-119.42870300034942, 34.90106800018113], [-119.4230979998634, 34.90103000031891], [-119.41970900035118, 34.901009000116055], [-119.40672599989276, 34.90099199970235], [-119.40205799974024, 34.90098599964214], [-119.40054100034689, 34.900966999694226], [-119.39989299971839, 34.90095900010262], [-119.39782899997887, 34.90093400008451], [-119.39677000034493, 34.90104099993187], [-119.39645900000032, 34.901040000168024], [-119.39586499979846, 34.90099399996788], [-119.39456299959198, 34.90089399989232], [-119.39060900019021, 34.900846000078], [-119.38922499996795, 34.900859999750466], [-119.38801200034824, 34.90084999987944], [-119.38704200040274, 34.900843000042684], [-119.38573199980036, 34.900831999666444], [-119.38393699967433, 34.90081799998921], [-119.38370499987076, 34.90081700022271], [-119.38339600007427, 34.89473700034699], [-119.38323700006562, 34.891613999816116], [-119.38307100038425, 34.888349999792226], [-119.38305399976751, 34.88802599984026], [-119.38301399958453, 34.88722100029453], [-119.38300100006406, 34.886965000350536], [-119.38300000023916, 34.88660999976757], [-119.38297599994968, 34.879651999741974], [-119.38206200008072, 34.879683999770634], [-119.38200099998134, 34.879684999794314], [-119.38199599995848, 34.879491000122876], [-119.38198599991274, 34.87911599980559], [-119.38185399966827, 34.8739899998072], [-119.37427200037966, 34.873847999744186], [-119.3735149999712, 34.87383299979585], [-119.37088499961897, 34.873784000289504], [-119.36509900028128, 34.87367500012484], [-119.36044500037247, 34.873677000318466], [-119.3555279997996, 34.873679999871875], [-119.35553199999758, 34.87253599986049], [-119.35165800006345, 34.87253800008187], [-119.34855099968523, 34.872539000192496], [-119.34833499977516, 34.872539000192496], [-119.34807299983434, 34.872539000192496], [-119.34733499969245, 34.872539000192496], [-119.34451500026769, 34.872539000192496], [-119.34440700031266, 34.872539000192496], [-119.34425300032686, 34.872539000192496], [-119.34398499963997, 34.872539000192496], [-119.34331699981828, 34.87253800008187], [-119.34046800008122, 34.87253800008187], [-119.33934599979976, 34.87253800008187], [-119.33876699966655, 34.87253800008187], [-119.33847299993867, 34.87253699997118], [-119.3353480000171, 34.87253699997118], [-119.33405099983347, 34.87253599986049], [-119.32822000028996, 34.872533999639096], [-119.32654700036268, 34.872533999639096], [-119.32654700036268, 34.87254999993493], [-119.32066499986722, 34.872522999894535], [-119.3121500004431, 34.872483999984276], [-119.31098399978072, 34.87248799969246], [-119.30148799964213, 34.87252500011618], [-119.2999700004239, 34.87252999993316], [-119.29743799998091, 34.872539000192496], [-119.29649599962451, 34.87254299989801], [-119.29627899988955, 34.872544000008624], [-119.29460099993942, 34.87254999993493], [-119.29201800034113, 34.87254600022976], [-119.29070299971585, 34.87253599986049], [-119.29006599985631, 34.872533000265385], [-119.28843300011202, 34.87252700033784], [-119.28488800006585, 34.87251399963339], [-119.28369499963931, 34.872508999815494], [-119.28349499962275, 34.87250799970445], [-119.27898700020215, 34.87249100002622], [-119.27792400037026, 34.87248600020688], [-119.27748599980401, 34.87248500009555], [-119.27643499966769, 34.8724809996502], [-119.27644999973629, 34.872319999989045], [-119.27669499995868, 34.867817999673754], [-119.27720600031984, 34.85796699974438], [-119.27724099958164, 34.857387999826784], [-119.27724499977958, 34.85728400004896], [-119.27512800033664, 34.85729900006758], [-119.2686290000731, 34.85734700025611], [-119.26450300024392, 34.857325999946724], [-119.26245100019997, 34.857315999937896], [-119.26057099968516, 34.8573070002238], [-119.26016999982716, 34.85730499963193], [-119.25702300016427, 34.85735799981933], [-119.25653000024475, 34.85736599996981], [-119.2561450002803, 34.857372000266466], [-119.2558079999964, 34.85737799982549], [-119.25143299974683, 34.85745099995428], [-119.25122299968457, 34.85745499965657], [-119.25100699977449, 34.85745799980169], [-119.25037599976275, 34.85746900008716], [-119.25016200040082, 34.85747200023181], [-119.25018800034007, 34.8574859999224], [-119.24364499969563, 34.85757599977195], [-119.2427269996287, 34.8575950001699], [-119.24258100003884, 34.85759800030991], [-119.24258199986373, 34.85744200025494], [-119.24258600006168, 34.85661900016166], [-119.24260899962789, 34.85231699991666], [-119.24261799984873, 34.8504970001731], [-119.24263700011532, 34.8470499996567], [-119.24264100031327, 34.846328000230876], [-119.24264399978803, 34.845776999918954], [-119.2426560003819, 34.843401999674875], [-119.24265100035903, 34.84285400035707], [-119.24261399965079, 34.8393120002517], [-119.242571999818, 34.83531700010678], [-119.24254400022889, 34.832668999752364], [-119.24254199968075, 34.832277999761814], [-119.24250599969575, 34.82890999996462], [-119.24249599965002, 34.827841000115264], [-119.2425209997644, 34.82093199991195], [-119.24252499996231, 34.8192729999826], [-119.24252499996231, 34.818904999656915], [-119.24253400018316, 34.81432300031211], [-119.23181299983098, 34.81419700036257], [-119.22584300037028, 34.81412899990002], [-119.22529400037429, 34.81412300013849], [-119.22460100043824, 34.814115000209995], [-119.22202499961435, 34.81409199976576], [-119.21327300036373, 34.81401800018497], [-119.20751800008989, 34.81396799963325], [-119.20158799991385, 34.81391200001182], [-119.2002539999203, 34.81389899963327], [-119.18869800024018, 34.813789999782905], [-119.17977100018908, 34.813681999876856], [-119.17967199955658, 34.81367999969971], [-119.1719300004344, 34.813588000348766], [-119.17084499996288, 34.81357299973938], [-119.1586390000044, 34.81349299988502], [-119.15800299996978, 34.813489000259025], [-119.15571300027446, 34.81347399963161], [-119.15508499973744, 34.813470000004706], [-119.15248000039783, 34.81345299992871], [-119.15152700017079, 34.81344199966077], [-119.14948299962445, 34.81341999985798], [-119.14826699963167, 34.81340700013938], [-119.14648800029752, 34.81338699977402], [-119.14477099998933, 34.813369000326084], [-119.14463100024726, 34.81336700014132], [-119.13954899981793, 34.81331100011143], [-119.13886599992765, 34.81331100011143], [-119.13612599997053, 34.813327000123856], [-119.13247299996934, 34.81334899995149], [-119.12973899986001, 34.81336600004893], [-119.127070000048, 34.81326199996189], [-119.12639200018057, 34.813235999735205], [-119.12594000026897, 34.813178000164484], [-119.11481399986081, 34.812981999812585], [-119.11215900029252, 34.812934999662616], [-119.11045100020516, 34.81290499967846], [-119.10917800031098, 34.81288999968229], [-119.10674399977728, 34.812937999955466], [-119.10584699962673, 34.8129449999008], [-119.10461800011349, 34.81295500013771], [-119.10320700012704, 34.8129410002482], [-119.10206999977702, 34.812931000009534], [-119.10102200001373, 34.81291499992023], [-119.10089399996723, 34.81291299972451], [-119.10024700006191, 34.8129229999653], [-119.09929300000996, 34.81290599977646], [-119.09823600002585, 34.81288700012525], [-119.09765000021993, 34.81287599978168], [-119.09683300043532, 34.81286199987876], [-119.09468500013193, 34.81282499991309], [-119.08638200041987, 34.812646999806134], [-119.0861380000224, 34.81264200003794], [-119.08512500041923, 34.81263899973432], [-119.08185400000946, 34.812628000095195], [-119.06633700035657, 34.81257800017508], [-119.05217200024056, 34.81248699969678], [-119.04616400024673, 34.81244800009321], [-119.04564000036508, 34.812444999782535], [-119.04517500003469, 34.81244200020929], [-119.03893699988704, 34.812401999742775], [-119.0315470002191, 34.81240899973364], [-119.03129600014894, 34.81241099994165], [-119.03108799973647, 34.812413000149554], [-119.02375499996991, 34.81242299971354], [-119.01390800020206, 34.81244200020929], [-119.01303600016587, 34.81242200034723], [-119.01080500002178, 34.81237299966901], [-119.01055200030177, 34.812366999779634], [-119.00929899960077, 34.812337000326174], [-119.00780399994875, 34.812303999808464], [-119.00764300029026, 34.81229699980868], [-119.00755700007655, 34.812294000230104], [-119.00039800038726, 34.812151999890524], [-118.99602499978755, 34.81205800009205], [-118.98759099965594, 34.81189800031406], [-118.98426999991577, 34.81183199965138], [-118.97792600036128, 34.81171399974278], [-118.97792499963805, 34.81155400003441], [-118.97790000042201, 34.80431599964496], [-118.9780059998289, 34.79233099966762], [-118.97802199972242, 34.789808999857996], [-118.976718999691, 34.789808999857996], [-118.97135199975467, 34.789808999857996], [-118.96380899992586, 34.78980800021745], [-118.9604250004365, 34.78980699983924], [-118.94782299974456, 34.78976100013223], [-118.94669700016348, 34.78975700009234], [-118.94277800002351, 34.78974099993083], [-118.94042300003086, 34.78964800003736], [-118.93897699988433, 34.78959099974142], [-118.93825899983392, 34.78956300013817], [-118.93012199980325, 34.78924200034503], [-118.92548200013815, 34.789058999752115], [-118.92249600013373, 34.78899599967168], [-118.9076720004169, 34.788681999677515], [-118.89472199957042, 34.788670000138005], [-118.89076899999358, 34.78866600004521], [-118.88995499968371, 34.7886649996531], [-118.88095400001276, 34.78865700020459], [-118.88040500001678, 34.7886550001579], [-118.88136400009158, 34.79062899977207], [-118.88165600016963, 34.7912310001777], [-118.88208600033995, 34.792117999854284], [-118.88282100010879, 34.79363100019928], [-118.88349899997621, 34.79502900009003], [-118.88380000027507, 34.79564899972812], [-118.88438899955575, 34.79686399983581], [-118.8847080002963, 34.7975200003581], [-118.88682399991434, 34.80187599969676], [-118.8868890002117, 34.802009999673466], [-118.88906599992906, 34.80649499991192], [-118.88918499975479, 34.80673999983522], [-118.88921300024218, 34.80679800024932], [-118.88962599979574, 34.80764799980471], [-118.89305600021417, 34.81471700022209], [-118.89463399970687, 34.81797199965825], [-118.8944739998733, 34.81797199965825], [-118.89331800015498, 34.81797199965825], [-118.89264100011246, 34.81793000032749], [-118.89135300014968, 34.81783299963147], [-118.89084699981137, 34.81784800020276], [-118.89009600014903, 34.81781000022523], [-118.8893410002887, 34.81779200026855], [-118.8858780002583, 34.817761999840336], [-118.88466399991538, 34.81775200018688], [-118.88424899981366, 34.817751000147695], [-118.88417299964568, 34.817756999645034], [-118.88412999998799, 34.81775999976229], [-118.88400100011656, 34.8177819998812], [-118.88372199955899, 34.81786099995816], [-118.88347100038713, 34.81785899988245], [-118.88331200037845, 34.817905000136236], [-118.88316900026335, 34.81792800025346], [-118.88294400013244, 34.817925000142374], [-118.88278699977359, 34.81789799987484], [-118.88262299974207, 34.817853999693035], [-118.88245100021295, 34.81785299965511], [-118.8822169998612, 34.81785299965511], [-118.88204100013411, 34.81785100031671], [-118.881681000284, 34.81784800020276]]]}, "properties": {"GEOID": "06029", "NAME": "Kern County"}}]}