place,kind,zcta,city,latitude,longitude,zhvi,zori,date,label_dx,label_dy,note,hudSafmr,blendedRent,rentSource,hudFiscalYear
95503 Eureka,zcta,95503,Eureka,40.7384033,-124.1078148,316610,,2016-04-30,10,0,Zillow ZIP-level market for Eureka; mapped with Census 2020 ZCTA 95503 in Humboldt County.,,,,
95501 Eureka,zcta,95501,Eureka,40.8020101,-124.1448237,293666,,2016-04-30,10,0,Zillow ZIP-level market for Eureka; mapped with Census 2020 ZCTA 95501 in Humboldt County.,,,,
95521 Arcata,zcta,95521,Arcata,40.8433563,-124.0453337,399228,,2016-04-30,10,0,Zillow ZIP-level market for Arcata; mapped with Census 2020 ZCTA 95521 in Humboldt County.,,,,
95519 McKinleyville,zcta,95519,McKinleyville,40.9630053,-124.0525012,374767,,2016-04-30,10,0,Zillow ZIP-level market for McKinleyville; mapped with Census 2020 ZCTA 95519 in Humboldt County.,,,,
95540 Fortuna,zcta,95540,Fortuna,40.5667868,-124.1259758,313454,,2016-04-30,10,0,Zillow ZIP-level market for Fortuna; mapped with Census 2020 ZCTA 95540 in Humboldt County.,,,,
95542 Redway,zcta,95542,Redway,40.0932543,-123.7598313,519657,,2016-04-30,10,0,Zillow ZIP-level market for Redway; mapped with Census 2020 ZCTA 95542 in Humboldt County.,,,,
95562 Scotia,zcta,95562,Scotia,40.4412005,-124.1004154,249918,,2016-04-30,10,0,Zillow ZIP-level market for Scotia; mapped with Census 2020 ZCTA 95562 in Humboldt County.,,,,
95551 Eureka,zcta,95551,Eureka,40.6749872,-124.231146,396022,,2016-04-30,10,0,Zillow ZIP-level market for Eureka; mapped with Census 2020 ZCTA 95551 in Humboldt County.,,,,
95536 Ferndale,zcta,95536,Ferndale,40.5012414,-124.2099284,431701,,2016-04-30,10,0,Zillow ZIP-level market for Ferndale; mapped with Census 2020 ZCTA 95536 in Humboldt County.,,,,
95570 Trinidad,zcta,95570,Trinidad,41.1137525,-124.0826397,506214,,2016-04-30,10,0,Zillow ZIP-level market for Trinidad; mapped with Census 2020 ZCTA 95570 in Humboldt County.,,,,
95524 Bayside,zcta,95524,Bayside,40.8208354,-124.0500216,573383,,2016-04-30,10,0,Zillow ZIP-level market for Bayside; mapped with Census 2020 ZCTA 95524 in Humboldt County.,,,,
95525 Blue Lake,zcta,95525,Blue Lake,40.9537818,-123.8244384,365730,,2016-04-30,10,0,Zillow ZIP-level market for Blue Lake; mapped with Census 2020 ZCTA 95525 in Humboldt County.,,,,
95528 Carlotta,zcta,95528,Carlotta,40.4969858,-123.9308113,417268,,2016-04-30,10,0,Zillow ZIP-level market for Carlotta; mapped with Census 2020 ZCTA 95528 in Humboldt County.,,,,
95589 Whitethorn,zcta,95589,Whitethorn,40.061443,-123.979797,357199,,2016-04-30,10,0,Zillow ZIP-level market for Whitethorn; mapped with Census 2020 ZCTA 95589 in Humboldt County.,,,,
95573 nan,zcta,95573,nan,40.9149256,-123.6687235,331735,,2016-04-30,10,0,Zillow ZIP-level market for nan; mapped with Census 2020 ZCTA 95573 in Humboldt County.,,,,
95526 Bridgeville,zcta,95526,Bridgeville,40.4615284,-123.6764866,380901,,2016-04-30,10,0,Zillow ZIP-level market for Bridgeville; mapped with Census 2020 ZCTA 95526 in Humboldt County.,,,,
95503 Eureka,zcta,95503,Eureka,40.7384033,-124.1078148,318234,,2016-05-31,10,0,Zillow ZIP-level market for Eureka; mapped with Census 2020 ZCTA 95503 in Humboldt County.,,,,
95501 Eureka,zcta,95501,Eureka,40.8020101,-124.1448237,294825,,2016-05-31,10,0,Zillow ZIP-level market for Eureka; mapped with Census 2020 ZCTA 95501 in Humboldt County.,,,,
95521 Arcata,zcta,95521,Arcata,40.8433563,-124.0453337,402568,,2016-05-31,10,0,Zillow ZIP-level market for Arcata; mapped with Census 2020 ZCTA 95521 in Humboldt County.,,,,
95519 McKinleyville,zcta,95519,McKinleyville,40.9630053,-124.0525012,377044,,2016-05-31,10,0,Zillow ZIP-level market for McKinleyville; mapped with Census 2020 ZCTA 95519 in Humboldt County.,,,,
95540 Fortuna,zcta,95540,Fortuna,40.5667868,-124.1259758,316758,,2016-05-31,10,0,Zillow ZIP-level market for Fortuna; mapped with Census 2020 ZCTA 95540 in Humboldt County.,,,,
95542 Redway,zcta,95542,Redway,40.0932543,-123.7598313,521728,,2016-05-31,10,0,Zillow ZIP-level market for Redway; mapped with Census 2020 ZCTA 95542 in Humboldt County.,,,,
95562 Scotia,zcta,95562,Scotia,40.4412005,-124.1004154,250746,,2016-05-31,10,0,Zillow ZIP-level market for Scotia; mapped with Census 2020 ZCTA 95562 in Humboldt County.,,,,
95551 Eureka,zcta,95551,Eureka,40.6749872,-124.231146,397587,,2016-05-31,10,0,Zillow ZIP-level market for Eureka; mapped with Census 2020 ZCTA 95551 in Humboldt County.,,,,
95536 Ferndale,zcta,95536,Ferndale,40.5012414,-124.2099284,432775,,2016-05-31,10,0,Zillow ZIP-level market for Ferndale; mapped with Census 2020 ZCTA 95536 in Humboldt County.,,,,
95570 Trinidad,zcta,95570,Trinidad,41.1137525,-124.0826397,508209,,2016-05-31,10,0,Zillow ZIP-level market for Trinidad; mapped with Census 2020 ZCTA 95570 in Humboldt County.,,,,
95524 Bayside,zcta,95524,Bayside,40.8208354,-124.0500216,571547,,2016-05-31,10,0,Zillow ZIP-level market for Bayside; mapped with Census 2020 ZCTA 95524 in Humboldt County.,,,,
95525 Blue Lake,zcta,95525,Blue Lake,40.9537818,-123.8244384,363889,,2016-05-31,10,0,Zillow ZIP-level market for Blue Lake; mapped with Census 2020 ZCTA 95525 in Humboldt County.,,,,
95528 Carlotta,zcta,95528,Carlotta,40.4969858,-123.9308113,421504,,2016-05-31,10,0,Zillow ZIP-level market for Carlotta; mapped with Census 2020 ZCTA 95528 in Humboldt County.,,,,
95589 Whitethorn,zcta,95589,Whitethorn,40.061443,-123.979797,359906,,2016-05-31,10,0,Zillow ZIP-level market for Whitethorn; mapped with Census 2020 ZCTA 95589 in Humboldt County.,,,,
95573 nan,zcta,95573,nan,40.9149256,-123.6687235,335889,,2016-05-31,10,0,Zillow ZIP-level market for nan; mapped with Census 2020 ZCTA 95573 in Humboldt County.,,,,
95526 Bridgeville,zcta,95526,Bridgeville,40.4615284,-123.6764866,384593,,2016-05-31,10,0,Zillow ZIP-level market for Bridgeville; mapped with Census 2020 ZCTA 95526 in Humboldt County.,,,,
95503 Eureka,zcta,95503,Eureka,40.7384033,-124.1078148,320058,,2016-06-30,10,0,Zillow ZIP-level market for Eureka; mapped with Census 2020 ZCTA 95503 in Humboldt County.,,,,
95501 Eureka,zcta,95501,Eureka,40.8020101,-124.1448237,296001,,2016-06-30,10,0,Zillow ZIP-level market for Eureka; mapped with Census 2020 ZCTA 95501 in Humboldt County.,,,,
95521 Arcata,zcta,95521,Arcata,40.8433563,-124.0453337,405353,,2016-06-30,10,0,Zillow ZIP-level market for Arcata; mapped with Census 2020 ZCTA 95521 in Humboldt County.,,,,
95519 McKinleyville,zcta,95519,McKinleyville,40.9630053,-124.0525012,380023,,2016-06-30,10,0,Zillow ZIP-level market for McKinleyville; mapped with Census 2020 ZCTA 95519 in Humboldt County.,,,,
95540 Fortuna,zcta,95540,Fortuna,40.5667868,-124.1259758,319880,,2016-06-30,10,0,Zillow ZIP-level market for Fortuna; mapped with Census 2020 ZCTA 95540 in Humboldt County.,,,,
95542 Redway,zcta,95542,Redway,40.0932543,-123.7598313,525582,,2016-06-30,10,0,Zillow ZIP-level market for Redway; mapped with Census 2020 ZCTA 95542 in Humboldt County.,,,,
95562 Scotia,zcta,95562,Scotia,40.4412005,-124.1004154,252206,,2016-06-30,10,0,Zillow ZIP-level market for Scotia; mapped with Census 2020 ZCTA 95562 in Humboldt County.,,,,
95551 Eureka,zcta,95551,Eureka,40.6749872,-124.231146,399868,,2016-06-30,10,0,Zillow ZIP-level market for Eureka; mapped with Census 2020 ZCTA 95551 in Humboldt County.,,,,
95536 Ferndale,zcta,95536,Ferndale,40.5012414,-124.2099284,435865,,2016-06-30,10,0,Zillow ZIP-level market for Ferndale; mapped with Census 2020 ZCTA 95536 in Humboldt County.,,,,
95570 Trinidad,zcta,95570,Trinidad,41.1137525,-124.0826397,513379,,2016-06-30,10,0,Zillow ZIP-level market for Trinidad; mapped with Census 2020 ZCTA 95570 in Humboldt County.,,,,
95524 Bayside,zcta,95524,Bayside,40.8208354,-124.0500216,572035,,2016-06-30,10,0,Zillow ZIP-level market for Bayside; mapped with Census 2020 ZCTA 95524 in Humboldt County.,,,,
95525 Blue Lake,zcta,95525,Blue Lake,40.9537818,-123.8244384,364414,,2016-06-30,10,0,Zillow ZIP-level market for Blue Lake; mapped with Census 2020 ZCTA 95525 in Humboldt County.,,,,
95528 Carlotta,zcta,95528,Carlotta,40.4969858,-123.9308113,429269,,2016-06-30,10,0,Zillow ZIP-level market for Carlotta; mapped with Census 2020 ZCTA 95528 in Humboldt County.,,,,
95589 Whitethorn,zcta,95589,Whitethorn,40.061443,-123.979797,362416,,2016-06-30,10,0,Zillow ZIP-level market for Whitethorn; mapped with Census 2020 ZCTA 95589 in Humboldt County.,,,,
95573 nan,zcta,95573,nan,40.9149256,-123.6687235,341163,,2016-06-30,10,0,Zillow ZIP-level market for nan; mapped with Census 2020 ZCTA 95573 in Humboldt County.,,,,
95526 Bridgeville,zcta,95526,Bridgeville,40.4615284,-123.6764866,389555,,2016-06-30,10,0,Zillow ZIP-level market for Bridgeville; mapped with Census 2020 ZCTA 95526 in Humboldt County.,,,,
95503 Eureka,zcta,95503,Eureka,40.7384033,-124.1078148,321055,,2016-07-31,10,0,Zillow ZIP-level market for Eureka; mapped with Census 2020 ZCTA 95503 in Humboldt County.,,,,
95501 Eureka,zcta,95501,Eureka,40.8020101,-124.1448237,297235,,2016-07-31,10,0,Zillow ZIP-level market for Eureka; mapped with Census 2020 ZCTA 95501 in Humboldt County.,,,,
95521 Arcata,zcta,95521,Arcata,40.8433563,-124.0453337,407288,,2016-07-31,10,0,Zillow ZIP-level market for Arcata; mapped with Census 2020 ZCTA 95521 in Humboldt County.,,,,
95519 McKinleyville,zcta,95519,McKinleyville,40.9630053,-124.0525012,383068,,2016-07-31,10,0,Zillow ZIP-level market for McKinleyville; mapped with Census 2020 ZCTA 95519 in Humboldt County.,,,,
95540 Fortuna,zcta,95540,Fortuna,40.5667868,-124.1259758,322591,,2016-07-31,10,0,Zillow ZIP-level market for Fortuna; mapped with Census 2020 ZCTA 95540 in Humboldt County.,,,,
95542 Redway,zcta,95542,Redway,40.0932543,-123.7598313,526422,,2016-07-31,10,0,Zillow ZIP-level market for Redway; mapped with Census 2020 ZCTA 95542 in Humboldt County.,,,,
95562 Scotia,zcta,95562,Scotia,40.4412005,-124.1004154,253732,,2016-07-31,10,0,Zillow ZIP-level market for Scotia; mapped with Census 2020 ZCTA 95562 in Humboldt County.,,,,
95551 Eureka,zcta,95551,Eureka,40.6749872,-124.231146,401715,,2016-07-31,10,0,Zillow ZIP-level market for Eureka; mapped with Census 2020 ZCTA 95551 in Humboldt County.,,,,
95536 Ferndale,zcta,95536,Ferndale,40.5012414,-124.2099284,438699,,2016-07-31,10,0,Zillow ZIP-level market for Ferndale; mapped with Census 2020 ZCTA 95536 in Humboldt County.,,,,
95570 Trinidad,zcta,95570,Trinidad,41.1137525,-124.0826397,518909,,2016-07-31,10,0,Zillow ZIP-level market for Trinidad; mapped with Census 2020 ZCTA 95570 in Humboldt County.,,,,
95524 Bayside,zcta,95524,Bayside,40.8208354,-124.0500216,571613,,2016-07-31,10,0,Zillow ZIP-level market for Bayside; mapped with Census 2020 ZCTA 95524 in Humboldt County.,,,,
95525 Blue Lake,zcta,95525,Blue Lake,40.9537818,-123.8244384,366172,,2016-07-31,10,0,Zillow ZIP-level market for Blue Lake; mapped with Census 2020 ZCTA 95525 in Humboldt County.,,,,
95528 Carlotta,zcta,95528,Carlotta,40.4969858,-123.9308113,436818,,2016-07-31,10,0,Zillow ZIP-level market for Carlotta; mapped with Census 2020 ZCTA 95528 in Humboldt County.,,,,
95589 Whitethorn,zcta,95589,Whitethorn,40.061443,-123.979797,364165,,2016-07-31,10,0,Zillow ZIP-level market for Whitethorn; mapped with Census 2020 ZCTA 95589 in Humboldt County.,,,,
95573 nan,zcta,95573,nan,40.9149256,-123.6687235,344301,,2016-07-31,10,0,Zillow ZIP-level market for nan; mapped with Census 2020 ZCTA 95573 in Humboldt County.,,,,
95526 Bridgeville,zcta,95526,Bridgeville,40.4615284,-123.6764866,395009,,2016-07-31,10,0,Zillow ZIP-level market for Bridgeville; mapped with Census 2020 ZCTA 95526 in Humboldt County.,,,,
95503 Eureka,zcta,95503,Eureka,40.7384033,-124.1078148,321650,,2016-08-31,10,0,Zillow ZIP-level market for Eureka; mapped with Census 2020 ZCTA 95503 in Humboldt County.,,,,
95501 Eureka,zcta,95501,Eureka,40.8020101,-124.1448237,298205,,2016-08-31,10,0,Zillow ZIP-level market for Eureka; mapped with Census 2020 ZCTA 95501 in Humboldt County.,,,,
95521 Arcata,zcta,95521,Arcata,40.8433563,-124.0453337,408058,,2016-08-31,10,0,Zillow ZIP-level market for Arcata; mapped with Census 2020 ZCTA 95521 in Humboldt County.,,,,
95519 McKinleyville,zcta,95519,McKinleyville,40.9630053,-124.0525012,385361,,2016-08-31,10,0,Zillow ZIP-level market for McKinleyville; mapped with Census 2020 ZCTA 95519 in Humboldt County.,,,,
95540 Fortuna,zcta,95540,Fortuna,40.5667868,-124.1259758,324556,,2016-08-31,10,0,Zillow ZIP-level market for Fortuna; mapped with Census 2020 ZCTA 95540 in Humboldt County.,,,,
95542 Redway,zcta,95542,Redway,40.0932543,-123.7598313,523910,,2016-08-31,10,0,Zillow ZIP-level market for Redway; mapped with Census 2020 ZCTA 95542 in Humboldt County.,,,,
95562 Scotia,zcta,95562,Scotia,40.4412005,-124.1004154,256138,,2016-08-31,10,0,Zillow ZIP-level market for Scotia; mapped with Census 2020 ZCTA 95562 in Humboldt County.,,,,
95551 Eureka,zcta,95551,Eureka,40.6749872,-124.231146,403045,,2016-08-31,10,0,Zillow ZIP-level market for Eureka; mapped with Census 2020 ZCTA 95551 in Humboldt County.,,,,
95536 Ferndale,zcta,95536,Ferndale,40.5012414,-124.2099284,440185,,2016-08-31,10,0,Zillow ZIP-level market for Ferndale; mapped with Census 2020 ZCTA 95536 in Humboldt County.,,,,
95570 Trinidad,zcta,95570,Trinidad,41.1137525,-124.0826397,521449,,2016-08-31,10,0,Zillow ZIP-level market for Trinidad; mapped with Census 2020 ZCTA 95570 in Humboldt County.,,,,
95524 Bayside,zcta,95524,Bayside,40.8208354,-124.0500216,570901,,2016-08-31,10,0,Zillow ZIP-level market for Bayside; mapped with Census 2020 ZCTA 95524 in Humboldt County.,,,,
95525 Blue Lake,zcta,95525,Blue Lake,40.9537818,-123.8244384,366776,,2016-08-31,10,0,Zillow ZIP-level market for Blue Lake; mapped with Census 2020 ZCTA 95525 in Humboldt County.,,,,
95528 Carlotta,zcta,95528,Carlotta,40.4969858,-123.9308113,441114,,2016-08-31,10,0,Zillow ZIP-level market for Carlotta; mapped with Census 2020 ZCTA 95528 in Humboldt County.,,,,
95589 Whitethorn,zcta,95589,Whitethorn,40.061443,-123.979797,364233,,2016-08-31,10,0,Zillow ZIP-level market for Whitethorn; mapped with Census 2020 ZCTA 95589 in Humboldt County.,,,,
95573 nan,zcta,95573,nan,40.9149256,-123.6687235,345555,,2016-08-31,10,0,Zillow ZIP-level market for nan; mapped with Census 2020 ZCTA 95573 in Humboldt County.,,,,
95526 Bridgeville,zcta,95526,Bridgeville,40.4615284,-123.6764866,397164,,2016-08-31,10,0,Zillow ZIP-level market for Bridgeville; mapped with Census 2020 ZCTA 95526 in Humboldt County.,,,,
95503 Eureka,zcta,95503,Eureka,40.7384033,-124.1078148,323206,,2016-09-30,10,0,Zillow ZIP-level market for Eureka; mapped with Census 2020 ZCTA 95503 in Humboldt County.,,,,
95501 Eureka,zcta,95501,Eureka,40.8020101,-124.1448237,299924,,2016-09-30,10,0,Zillow ZIP-level market for Eureka; mapped with Census 2020 ZCTA 95501 in Humboldt County.,,,,
95521 Arcata,zcta,95521,Arcata,40.8433563,-124.0453337,409688,,2016-09-30,10,0,Zillow ZIP-level market for Arcata; mapped with Census 2020 ZCTA 95521 in Humboldt County.,,,,
95519 McKinleyville,zcta,95519,McKinleyville,40.9630053,-124.0525012,388105,,2016-09-30,10,0,Zillow ZIP-level market for McKinleyville; mapped with Census 2020 ZCTA 95519 in Humboldt County.,,,,
95540 Fortuna,zcta,95540,Fortuna,40.5667868,-124.1259758,326940,,2016-09-30,10,0,Zillow ZIP-level market for Fortuna; mapped with Census 2020 ZCTA 95540 in Humboldt County.,,,,
95542 Redway,zcta,95542,Redway,40.0932543,-123.7598313,521801,,2016-09-30,10,0,Zillow ZIP-level market for Redway; mapped with Census 2020 ZCTA 95542 in Humboldt County.,,,,
95562 Scotia,zcta,95562,Scotia,40.4412005,-124.1004154,258496,,2016-09-30,10,0,Zillow ZIP-level market for Scotia; mapped with Census 2020 ZCTA 95562 in Humboldt County.,,,,
95551 Eureka,zcta,95551,Eureka,40.6749872,-124.231146,404733,,2016-09-30,10,0,Zillow ZIP-level market for Eureka; mapped with Census 2020 ZCTA 95551 in Humboldt County.,,,,
95536 Ferndale,zcta,95536,Ferndale,40.5012414,-124.2099284,441059,,2016-09-30,10,0,Zillow ZIP-level market for Ferndale; mapped with Census 2020 ZCTA 95536 in Humboldt County.,,,,
95570 Trinidad,zcta,95570,Trinidad,41.1137525,-124.0826397,524111,,2016-09-30,10,0,Zillow ZIP-level market for Trinidad; mapped with Census 2020 ZCTA 95570 in Humboldt County.,,,,
95524 Bayside,zcta,95524,Bayside,40.8208354,-124.0500216,570737,,2016-09-30,10,0,Zillow ZIP-level market for Bayside; mapped with Census 2020 ZCTA 95524 in Humboldt County.,,,,
95525 Blue Lake,zcta,95525,Blue Lake,40.9537818,-123.8244384,368084,,2016-09-30,10,0,Zillow ZIP-level market for Blue Lake; mapped with Census 2020 ZCTA 95525 in Humboldt County.,,,,
95528 Carlotta,zcta,95528,Carlotta,40.4969858,-123.9308113,443858,,2016-09-30,10,0,Zillow ZIP-level market for Carlotta; mapped with Census 2020 ZCTA 95528 in Humboldt County.,,,,
95589 Whitethorn,zcta,95589,Whitethorn,40.061443,-123.979797,365276,,2016-09-30,10,0,Zillow ZIP-level market for Whitethorn; mapped with Census 2020 ZCTA 95589 in Humboldt County.,,,,
95573 nan,zcta,95573,nan,40.9149256,-123.6687235,345835,,2016-09-30,10,0,Zillow ZIP-level market for nan; mapped with Census 2020 ZCTA 95573 in Humboldt County.,,,,
95526 Bridgeville,zcta,95526,Bridgeville,40.4615284,-123.6764866,397888,,2016-09-30,10,0,Zillow ZIP-level market for Bridgeville; mapped with Census 2020 ZCTA 95526 in Humboldt County.,,,,
95503 Eureka,zcta,95503,Eureka,40.7384033,-124.1078148,325366,,2016-10-31,10,0,Zillow ZIP-level market for Eureka; mapped with Census 2020 ZCTA 95503 in Humboldt County.,,,,
95501 Eureka,zcta,95501,Eureka,40.8020101,-124.1448237,301596,,2016-10-31,10,0,Zillow ZIP-level market for Eureka; mapped with Census 2020 ZCTA 95501 in Humboldt County.,,,,
95521 Arcata,zcta,95521,Arcata,40.8433563,-124.0453337,411981,,2016-10-31,10,0,Zillow ZIP-level market for Arcata; mapped with Census 2020 ZCTA 95521 in Humboldt County.,,,,
95519 McKinleyville,zcta,95519,McKinleyville,40.9630053,-124.0525012,391173,,2016-10-31,10,0,Zillow ZIP-level market for McKinleyville; mapped with Census 2020 ZCTA 95519 in Humboldt County.,,,,
95540 Fortuna,zcta,95540,Fortuna,40.5667868,-124.1259758,329457,,2016-10-31,10,0,Zillow ZIP-level market for Fortuna; mapped with Census 2020 ZCTA 95540 in Humboldt County.,,,,
95542 Redway,zcta,95542,Redway,40.0932543,-123.7598313,521702,,2016-10-31,10,0,Zillow ZIP-level market for Redway; mapped with Census 2020 ZCTA 95542 in Humboldt County.,,,,
95562 Scotia,zcta,95562,Scotia,40.4412005,-124.1004154,261636,,2016-10-31,10,0,Zillow ZIP-level market for Scotia; mapped with Census 2020 ZCTA 95562 in Humboldt County.,,,,
95551 Eureka,zcta,95551,Eureka,40.6749872,-124.231146,406827,,2016-10-31,10,0,Zillow ZIP-level market for Eureka; mapped with Census 2020 ZCTA 95551 in Humboldt County.,,,,
95536 Ferndale,zcta,95536,Ferndale,40.5012414,-124.2099284,443302,,2016-10-31,10,0,Zillow ZIP-level market for Ferndale; mapped with Census 2020 ZCTA 95536 in Humboldt County.,,,,
95570 Trinidad,zcta,95570,Trinidad,41.1137525,-124.0826397,526324,,2016-10-31,10,0,Zillow ZIP-level market for Trinidad; mapped with Census 2020 ZCTA 95570 in Humboldt County.,,,,
95524 Bayside,zcta,95524,Bayside,40.8208354,-124.0500216,573420,,2016-10-31,10,0,Zillow ZIP-level market for Bayside; mapped with Census 2020 ZCTA 95524 in Humboldt County.,,,,
95525 Blue Lake,zcta,95525,Blue Lake,40.9537818,-123.8244384,369547,,2016-10-31,10,0,Zillow ZIP-level market for Blue Lake; mapped with Census 2020 ZCTA 95525 in Humboldt County.,,,,
95528 Carlotta,zcta,95528,Carlotta,40.4969858,-123.9308113,446627,,2016-10-31,10,0,Zillow ZIP-level market for Carlotta; mapped with Census 2020 ZCTA 95528 in Humboldt County.,,,,
95589 Whitethorn,zcta,95589,Whitethorn,40.061443,-123.979797,366912,,2016-10-31,10,0,Zillow ZIP-level market for Whitethorn; mapped with Census 2020 ZCTA 95589 in Humboldt County.,,,,
95573 nan,zcta,95573,nan,40.9149256,-123.6687235,348499,,2016-10-31,10,0,Zillow ZIP-level market for nan; mapped with Census 2020 ZCTA 95573 in Humboldt County.,,,,
95526 Bridgeville,zcta,95526,Bridgeville,40.4615284,-123.6764866,398494,,2016-10-31,10,0,Zillow ZIP-level market for Bridgeville; mapped with Census 2020 ZCTA 95526 in Humboldt County.,,,,
95503 Eureka,zcta,95503,Eureka,40.7384033,-124.1078148,327907,,2016-11-30,10,0,Zillow ZIP-level market for Eureka; mapped with Census 2020 ZCTA 95503 in Humboldt County.,,,,
95501 Eureka,zcta,95501,Eureka,40.8020101,-124.1448237,303443,,2016-11-30,10,0,Zillow ZIP-level market for Eureka; mapped with Census 2020 ZCTA 95501 in Humboldt County.,,,,
95521 Arcata,zcta,95521,Arcata,40.8433563,-124.0453337,415918,,2016-11-30,10,0,Zillow ZIP-level market for Arcata; mapped with Census 2020 ZCTA 95521 in Humboldt County.,,,,
95519 McKinleyville,zcta,95519,McKinleyville,40.9630053,-124.0525012,394288,,2016-11-30,10,0,Zillow ZIP-level market for McKinleyville; mapped with Census 2020 ZCTA 95519 in Humboldt County.,,,,
95540 Fortuna,zcta,95540,Fortuna,40.5667868,-124.1259758,332333,,2016-11-30,10,0,Zillow ZIP-level market for Fortuna; mapped with Census 2020 ZCTA 95540 in Humboldt County.,,,,
95542 Redway,zcta,95542,Redway,40.0932543,-123.7598313,528269,,2016-11-30,10,0,Zillow ZIP-level market for Redway; mapped with Census 2020 ZCTA 95542 in Humboldt County.,,,,
95562 Scotia,zcta,95562,Scotia,40.4412005,-124.1004154,264773,,2016-11-30,10,0,Zillow ZIP-level market for Scotia; mapped with Census 2020 ZCTA 95562 in Humboldt County.,,,,
95551 Eureka,zcta,95551,Eureka,40.6749872,-124.231146,409588,,2016-11-30,10,0,Zillow ZIP-level market for Eureka; mapped with Census 2020 ZCTA 95551 in Humboldt County.,,,,
95536 Ferndale,zcta,95536,Ferndale,40.5012414,-124.2099284,448543,,2016-11-30,10,0,Zillow ZIP-level market for Ferndale; mapped with Census 2020 ZCTA 95536 in Humboldt County.,,,,
95570 Trinidad,zcta,95570,Trinidad,41.1137525,-124.0826397,532423,,2016-11-30,10,0,Zillow ZIP-level market for Trinidad; mapped with Census 2020 ZCTA 95570 in Humboldt County.,,,,
95524 Bayside,zcta,95524,Bayside,40.8208354,-124.0500216,579722,,2016-11-30,10,0,Zillow ZIP-level market for Bayside; mapped with Census 2020 ZCTA 95524 in Humboldt County.,,,,
95525 Blue Lake,zcta,95525,Blue Lake,40.9537818,-123.8244384,372245,,2016-11-30,10,0,Zillow ZIP-level market for Blue Lake; mapped with Census 2020 ZCTA 95525 in Humboldt County.,,,,
95528 Carlotta,zcta,95528,Carlotta,40.4969858,-123.9308113,453847,,2016-11-30,10,0,Zillow ZIP-level market for Carlotta; mapped with Census 2020 ZCTA 95528 in Humboldt County.,,,,
95589 Whitethorn,zcta,95589,Whitethorn,40.061443,-123.979797,371720,,2016-11-30,10,0,Zillow ZIP-level market for Whitethorn; mapped with Census 2020 ZCTA 95589 in Humboldt County.,,,,
95573 nan,zcta,95573,nan,40.9149256,-123.6687235,353220,,2016-11-30,10,0,Zillow ZIP-level market for nan; mapped with Census 2020 ZCTA 95573 in Humboldt County.,,,,
95526 Bridgeville,zcta,95526,Bridgeville,40.4615284,-123.6764866,402085,,2016-11-30,10,0,Zillow ZIP-level market for Bridgeville; mapped with Census 2020 ZCTA 95526 in Humboldt County.,,,,
95503 Eureka,zcta,95503,Eureka,40.7384033,-124.1078148,330208,,2016-12-31,10,0,Zillow ZIP-level market for Eureka; mapped with Census 2020 ZCTA 95503 in Humboldt County.,,,,
95501 Eureka,zcta,95501,Eureka,40.8020101,-124.1448237,305499,,2016-12-31,10,0,Zillow ZIP-level market for Eureka; mapped with Census 2020 ZCTA 95501 in Humboldt County.,,,,
95521 Arcata,zcta,95521,Arcata,40.8433563,-124.0453337,420350,,2016-12-31,10,0,Zillow ZIP-level market for Arcata; mapped with Census 2020 ZCTA 95521 in Humboldt County.,,,,
95519 McKinleyville,zcta,95519,McKinleyville,40.9630053,-124.0525012,397242,,2016-12-31,10,0,Zillow ZIP-level market for McKinleyville; mapped with Census 2020 ZCTA 95519 in Humboldt County.,,,,
95540 Fortuna,zcta,95540,Fortuna,40.5667868,-124.1259758,335047,,2016-12-31,10,0,Zillow ZIP-level market for Fortuna; mapped with Census 2020 ZCTA 95540 in Humboldt County.,,,,
95542 Redway,zcta,95542,Redway,40.0932543,-123.7598313,536381,,2016-12-31,10,0,Zillow ZIP-level market for Redway; mapped with Census 2020 ZCTA 95542 in Humboldt County.,,,,
95562 Scotia,zcta,95562,Scotia,40.4412005,-124.1004154,268255,,2016-12-31,10,0,Zillow ZIP-level market for Scotia; mapped with Census 2020 ZCTA 95562 in Humboldt County.,,,,
95551 Eureka,zcta,95551,Eureka,40.6749872,-124.231146,413195,,2016-12-31,10,0,Zillow ZIP-level market for Eureka; mapped with Census 2020 ZCTA 95551 in Humboldt County.,,,,
95536 Ferndale,zcta,95536,Ferndale,40.5012414,-124.2099284,454728,,2016-12-31,10,0,Zillow ZIP-level market for Ferndale; mapped with Census 2020 ZCTA 95536 in Humboldt County.,,,,
95570 Trinidad,zcta,95570,Trinidad,41.1137525,-124.0826397,540242,,2016-12-31,10,0,Zillow ZIP-level market for Trinidad; mapped with Census 2020 ZCTA 95570 in Humboldt County.,,,,
95524 Bayside,zcta,95524,Bayside,40.8208354,-124.0500216,587324,,2016-12-31,10,0,Zillow ZIP-level market for Bayside; mapped with Census 2020 ZCTA 95524 in Humboldt County.,,,,
95525 Blue Lake,zcta,95525,Blue Lake,40.9537818,-123.8244384,375454,,2016-12-31,10,0,Zillow ZIP-level market for Blue Lake; mapped with Census 2020 ZCTA 95525 in Humboldt County.,,,,
95528 Carlotta,zcta,95528,Carlotta,40.4969858,-123.9308113,463591,,2016-12-31,10,0,Zillow ZIP-level market for Carlotta; mapped with Census 2020 ZCTA 95528 in Humboldt County.,,,,
95589 Whitethorn,zcta,95589,Whitethorn,40.061443,-123.979797,377311,,2016-12-31,10,0,Zillow ZIP-level market for Whitethorn; mapped with Census 2020 ZCTA 95589 in Humboldt County.,,,,
95573 nan,zcta,95573,nan,40.9149256,-123.6687235,359287,,2016-12-31,10,0,Zillow ZIP-level market for nan; mapped with Census 2020 ZCTA 95573 in Humboldt County.,,,,
95526 Bridgeville,zcta,95526,Bridgeville,40.4615284,-123.6764866,407548,,2016-12-31,10,0,Zillow ZIP-level market for Bridgeville; mapped with Census 2020 ZCTA 95526 in Humboldt County.,,,,
95503 Eureka,zcta,95503,Eureka,40.7384033,-124.1078148,333062,,2017-01-31,10,0,Zillow ZIP-level market for Eureka; mapped with Census 2020 ZCTA 95503 in Humboldt County.,,,,
95501 Eureka,zcta,95501,Eureka,40.8020101,-124.1448237,308468,,2017-01-31,10,0,Zillow ZIP-level market for Eureka; mapped with Census 2020 ZCTA 95501 in Humboldt County.,,,,
95521 Arcata,zcta,95521,Arcata,40.8433563,-124.0453337,425681,,2017-01-31,10,0,Zillow ZIP-level market for Arcata; mapped with Census 2020 ZCTA 95521 in Humboldt County.,,,,
95519 McKinleyville,zcta,95519,McKinleyville,40.9630053,-124.0525012,399639,,2017-01-31,10,0,Zillow ZIP-level market for McKinleyville; mapped with Census 2020 ZCTA 95519 in Humboldt County.,,,,
95540 Fortuna,zcta,95540,Fortuna,40.5667868,-124.1259758,338283,,2017-01-31,10,0,Zillow ZIP-level market for Fortuna; mapped with Census 2020 ZCTA 95540 in Humboldt County.,,,,
95542 Redway,zcta,95542,Redway,40.0932543,-123.7598313,545543,,2017-01-31,10,0,Zillow ZIP-level market for Redway; mapped with Census 2020 ZCTA 95542 in Humboldt County.,,,,
95562 Scotia,zcta,95562,Scotia,40.4412005,-124.1004154,271301,,2017-01-31,10,0,Zillow ZIP-level market for Scotia; mapped with Census 2020 ZCTA 95562 in Humboldt County.,,,,
95551 Eureka,zcta,95551,Eureka,40.6749872,-124.231146,417306,,2017-01-31,10,0,Zillow ZIP-level market for Eureka; mapped with Census 2020 ZCTA 95551 in Humboldt County.,,,,
95536 Ferndale,zcta,95536,Ferndale,40.5012414,-124.2099284,460912,,2017-01-31,10,0,Zillow ZIP-level market for Ferndale; mapped with Census 2020 ZCTA 95536 in Humboldt County.,,,,
95570 Trinidad,zcta,95570,Trinidad,41.1137525,-124.0826397,548465,,2017-01-31,10,0,Zillow ZIP-level market for Trinidad; mapped with Census 2020 ZCTA 95570 in Humboldt County.,,,,
95524 Bayside,zcta,95524,Bayside,40.8208354,-124.0500216,593989,,2017-01-31,10,0,Zillow ZIP-level market for Bayside; mapped with Census 2020 ZCTA 95524 in Humboldt County.,,,,
95525 Blue Lake,zcta,95525,Blue Lake,40.9537818,-123.8244384,379352,,2017-01-31,10,0,Zillow ZIP-level market for Blue Lake; mapped with Census 2020 ZCTA 95525 in Humboldt County.,,,,
95528 Carlotta,zcta,95528,Carlotta,40.4969858,-123.9308113,474502,,2017-01-31,10,0,Zillow ZIP-level market for Carlotta; mapped with Census 2020 ZCTA 95528 in Humboldt County.,,,,
95589 Whitethorn,zcta,95589,Whitethorn,40.061443,-123.979797,383728,,2017-01-31,10,0,Zillow ZIP-level market for Whitethorn; mapped with Census 2020 ZCTA 95589 in Humboldt County.,,,,
95573 nan,zcta,95573,nan,40.9149256,-123.6687235,363414,,2017-01-31,10,0,Zillow ZIP-level market for nan; mapped with Census 2020 ZCTA 95573 in Humboldt County.,,,,
95526 Bridgeville,zcta,95526,Bridgeville,40.4615284,-123.6764866,412082,,2017-01-31,10,0,Zillow ZIP-level market for Bridgeville; mapped with Census 2020 ZCTA 95526 in Humboldt County.,,,,
95503 Eureka,zcta,95503,Eureka,40.7384033,-124.1078148,336820,,2017-02-28,10,0,Zillow ZIP-level market for Eureka; mapped with Census 2020 ZCTA 95503 in Humboldt County.,,,,
95501 Eureka,zcta,95501,Eureka,40.8020101,-124.1448237,312820,,2017-02-28,10,0,Zillow ZIP-level market for Eureka; mapped with Census 2020 ZCTA 95501 in Humboldt County.,,,,
95521 Arcata,zcta,95521,Arcata,40.8433563,-124.0453337,431195,,2017-02-28,10,0,Zillow ZIP-level market for Arcata; mapped with Census 2020 ZCTA 95521 in Humboldt County.,,,,
95519 McKinleyville,zcta,95519,McKinleyville,40.9630053,-124.0525012,402299,,2017-02-28,10,0,Zillow ZIP-level market for McKinleyville; mapped with Census 2020 ZCTA 95519 in Humboldt County.,,,,
95540 Fortuna,zcta,95540,Fortuna,40.5667868,-124.1259758,341944,,2017-02-28,10,0,Zillow ZIP-level market for Fortuna; mapped with Census 2020 ZCTA 95540 in Humboldt County.,,,,
95542 Redway,zcta,95542,Redway,40.0932543,-123.7598313,553371,,2017-02-28,10,0,Zillow ZIP-level market for Redway; mapped with Census 2020 ZCTA 95542 in Humboldt County.,,,,
95562 Scotia,zcta,95562,Scotia,40.4412005,-124.1004154,275202,,2017-02-28,10,0,Zillow ZIP-level market for Scotia; mapped with Census 2020 ZCTA 95562 in Humboldt County.,,,,
95551 Eureka,zcta,95551,Eureka,40.6749872,-124.231146,422002,,2017-02-28,10,0,Zillow ZIP-level market for Eureka; mapped with Census 2020 ZCTA 95551 in Humboldt County.,,,,
95536 Ferndale,zcta,95536,Ferndale,40.5012414,-124.2099284,467413,,2017-02-28,10,0,Zillow ZIP-level market for Ferndale; mapped with Census 2020 ZCTA 95536 in Humboldt County.,,,,
95570 Trinidad,zcta,95570,Trinidad,41.1137525,-124.0826397,555772,,2017-02-28,10,0,Zillow ZIP-level market for Trinidad; mapped with Census 2020 ZCTA 95570 in Humboldt County.,,,,
95524 Bayside,zcta,95524,Bayside,40.8208354,-124.0500216,600713,,2017-02-28,10,0,Zillow ZIP-level market for Bayside; mapped with Census 2020 ZCTA 95524 in Humboldt County.,,,,
95525 Blue Lake,zcta,95525,Blue Lake,40.9537818,-123.8244384,383415,,2017-02-28,10,0,Zillow ZIP-level market for Blue Lake; mapped with Census 2020 ZCTA 95525 in Humboldt County.,,,,
95528 Carlotta,zcta,95528,Carlotta,40.4969858,-123.9308113,483751,,2017-02-28,10,0,Zillow ZIP-level market for Carlotta; mapped with Census 2020 ZCTA 95528 in Humboldt County.,,,,
95589 Whitethorn,zcta,95589,Whitethorn,40.061443,-123.979797,388734,,2017-02-28,10,0,Zillow ZIP-level market for Whitethorn; mapped with Census 2020 ZCTA 95589 in Humboldt County.,,,,
95573 nan,zcta,95573,nan,40.9149256,-123.6687235,366544,,2017-02-28,10,0,Zillow ZIP-level market for nan; mapped with Census 2020 ZCTA 95573 in Humboldt County.,,,,
95526 Bridgeville,zcta,95526,Bridgeville,40.4615284,-123.6764866,414816,,2017-02-28,10,0,Zillow ZIP-level market for Bridgeville; mapped with Census 2020 ZCTA 95526 in Humboldt County.,,,,
95503 Eureka,zcta,95503,Eureka,40.7384033,-124.1078148,340135,,2017-03-31,10,0,Zillow ZIP-level market for Eureka; mapped with Census 2020 ZCTA 95503 in Humboldt County.,,,,
95501 Eureka,zcta,95501,Eureka,40.8020101,-124.1448237,316701,,2017-03-31,10,0,Zillow ZIP-level market for Eureka; mapped with Census 2020 ZCTA 95501 in Humboldt County.,,,,
95521 Arcata,zcta,95521,Arcata,40.8433563,-124.0453337,434596,,2017-03-31,10,0,Zillow ZIP-level market for Arcata; mapped with Census 2020 ZCTA 95521 in Humboldt County.,,,,
95519 McKinleyville,zcta,95519,McKinleyville,40.9630053,-124.0525012,403730,,2017-03-31,10,0,Zillow ZIP-level market for McKinleyville; mapped with Census 2020 ZCTA 95519 in Humboldt County.,,,,
95540 Fortuna,zcta,95540,Fortuna,40.5667868,-124.1259758,345028,,2017-03-31,10,0,Zillow ZIP-level market for Fortuna; mapped with Census 2020 ZCTA 95540 in Humboldt County.,,,,
95542 Redway,zcta,95542,Redway,40.0932543,-123.7598313,557219,,2017-03-31,10,0,Zillow ZIP-level market for Redway; mapped with Census 2020 ZCTA 95542 in Humboldt County.,,,,
95562 Scotia,zcta,95562,Scotia,40.4412005,-124.1004154,278397,,2017-03-31,10,0,Zillow ZIP-level market for Scotia; mapped with Census 2020 ZCTA 95562 in Humboldt County.,,,,
95551 Eureka,zcta,95551,Eureka,40.6749872,-124.231146,425840,,2017-03-31,10,0,Zillow ZIP-level market for Eureka; mapped with Census 2020 ZCTA 95551 in Humboldt County.,,,,
95536 Ferndale,zcta,95536,Ferndale,40.5012414,-124.2099284,472709,,2017-03-31,10,0,Zillow ZIP-level market for Ferndale; mapped with Census 2020 ZCTA 95536 in Humboldt County.,,,,
95570 Trinidad,zcta,95570,Trinidad,41.1137525,-124.0826397,558691,,2017-03-31,10,0,Zillow ZIP-level market for Trinidad; mapped with Census 2020 ZCTA 95570 in Humboldt County.,,,,
95524 Bayside,zcta,95524,Bayside,40.8208354,-124.0500216,605173,,2017-03-31,10,0,Zillow ZIP-level market for Bayside; mapped with Census 2020 ZCTA 95524 in Humboldt County.,,,,
95525 Blue Lake,zcta,95525,Blue Lake,40.9537818,-123.8244384,386545,,2017-03-31,10,0,Zillow ZIP-level market for Blue Lake; mapped with Census 2020 ZCTA 95525 in Humboldt County.,,,,
95528 Carlotta,zcta,95528,Carlotta,40.4969858,-123.9308113,488993,,2017-03-31,10,0,Zillow ZIP-level market for Carlotta; mapped with Census 2020 ZCTA 95528 in Humboldt County.,,,,
95589 Whitethorn,zcta,95589,Whitethorn,40.061443,-123.979797,390760,,2017-03-31,10,0,Zillow ZIP-level market for Whitethorn; mapped with Census 2020 ZCTA 95589 in Humboldt County.,,,,
95573 nan,zcta,95573,nan,40.9149256,-123.6687235,368692,,2017-03-31,10,0,Zillow ZIP-level market for nan; mapped with Census 2020 ZCTA 95573 in Humboldt County.,,,,
95526 Bridgeville,zcta,95526,Bridgeville,40.4615284,-123.6764866,415340,,2017-03-31,10,0,Zillow ZIP-level market for Bridgeville; mapped with Census 2020 ZCTA 95526 in Humboldt County.,,,,
95503 Eureka,zcta,95503,Eureka,40.7384033,-124.1078148,343032,,2017-04-30,10,0,Zillow ZIP-level market for Eureka; mapped with Census 2020 ZCTA 95503 in Humboldt County.,,,,
95501 Eureka,zcta,95501,Eureka,40.8020101,-124.1448237,319840,,2017-04-30,10,0,Zillow ZIP-level market for Eureka; mapped with Census 2020 ZCTA 95501 in Humboldt County.,,,,
95521 Arcata,zcta,95521,Arcata,40.8433563,-124.0453337,437078,,2017-04-30,10,0,Zillow ZIP-level market for Arcata; mapped with Census 2020 ZCTA 95521 in Humboldt County.,,,,
95519 McKinleyville,zcta,95519,McKinleyville,40.9630053,-124.0525012,405956,,2017-04-30,10,0,Zillow ZIP-level market for McKinleyville; mapped with Census 2020 ZCTA 95519 in Humboldt County.,,,,
95540 Fortuna,zcta,95540,Fortuna,40.5667868,-124.1259758,347634,,2017-04-30,10,0,Zillow ZIP-level market for Fortuna; mapped with Census 2020 ZCTA 95540 in Humboldt County.,,,,
95542 Redway,zcta,95542,Redway,40.0932543,-123.7598313,561205,,2017-04-30,10,0,Zillow ZIP-level market for Redway; mapped with Census 2020 ZCTA 95542 in Humboldt County.,,,,
95562 Scotia,zcta,95562,Scotia,40.4412005,-124.1004154,281935,,2017-04-30,10,0,Zillow ZIP-level market for Scotia; mapped with Census 2020 ZCTA 95562 in Humboldt County.,,,,
95551 Eureka,zcta,95551,Eureka,40.6749872,-124.231146,429655,,2017-04-30,10,0,Zillow ZIP-level market for Eureka; mapped with Census 2020 ZCTA 95551 in Humboldt County.,,,,
95536 Ferndale,zcta,95536,Ferndale,40.5012414,-124.2099284,477676,,2017-04-30,10,0,Zillow ZIP-level market for Ferndale; mapped with Census 2020 ZCTA 95536 in Humboldt County.,,,,
95570 Trinidad,zcta,95570,Trinidad,41.1137525,-124.0826397,560899,,2017-04-30,10,0,Zillow ZIP-level market for Trinidad; mapped with Census 2020 ZCTA 95570 in Humboldt County.,,,,
95524 Bayside,zcta,95524,Bayside,40.8208354,-124.0500216,609564,,2017-04-30,10,0,Zillow ZIP-level market for Bayside; mapped with Census 2020 ZCTA 95524 in Humboldt County.,,,,
95525 Blue Lake,zcta,95525,Blue Lake,40.9537818,-123.8244384,390529,,2017-04-30,10,0,Zillow ZIP-level market for Blue Lake; mapped with Census 2020 ZCTA 95525 in Humboldt County.,,,,
95528 Carlotta,zcta,95528,Carlotta,40.4969858,-123.9308113,493066,,2017-04-30,10,0,Zillow ZIP-level market for Carlotta; mapped with Census 2020 ZCTA 95528 in Humboldt County.,,,,
95589 Whitethorn,zcta,95589,Whitethorn,40.061443,-123.979797,390568,,2017-04-30,10,0,Zillow ZIP-level market for Whitethorn; mapped with Census 2020 ZCTA 95589 in Humboldt County.,,,,
95573 nan,zcta,95573,nan,40.9149256,-123.6687235,372152,,2017-04-30,10,0,Zillow ZIP-level market for nan; mapped with Census 2020 ZCTA 95573 in Humboldt County.,,,,
95526 Bridgeville,zcta,95526,Bridgeville,40.4615284,-123.6764866,415071,,2017-04-30,10,0,Zillow ZIP-level market for Bridgeville; mapped with Census 2020 ZCTA 95526 in Humboldt County.,,,,
95503 Eureka,zcta,95503,Eureka,40.7384033,-124.1078148,344663,,2017-05-31,10,0,Zillow ZIP-level market for Eureka; mapped with Census 2020 ZCTA 95503 in Humboldt County.,,,,
95501 Eureka,zcta,95501,Eureka,40.8020101,-124.1448237,321247,,2017-05-31,10,0,Zillow ZIP-level market for Eureka; mapped with Census 2020 ZCTA 95501 in Humboldt County.,,,,
95521 Arcata,zcta,95521,Arcata,40.8433563,-124.0453337,437589,,2017-05-31,10,0,Zillow ZIP-level market for Arcata; mapped with Census 2020 ZCTA 95521 in Humboldt County.,,,,
95519 McKinleyville,zcta,95519,McKinleyville,40.9630053,-124.0525012,407307,,2017-05-31,10,0,Zillow ZIP-level market for McKinleyville; mapped with Census 2020 ZCTA 95519 in Humboldt County.,,,,
95540 Fortuna,zcta,95540,Fortuna,40.5667868,-124.1259758,349042,,2017-05-31,10,0,Zillow ZIP-level market for Fortuna; mapped with Census 2020 ZCTA 95540 in Humboldt County.,,,,
95542 Redway,zcta,95542,Redway,40.0932543,-123.7598313,563664,,2017-05-31,10,0,Zillow ZIP-level market for Redway; mapped with Census 2020 ZCTA 95542 in Humboldt County.,,,,
95562 Scotia,zcta,95562,Scotia,40.4412005,-124.1004154,283972,,2017-05-31,10,0,Zillow ZIP-level market for Scotia; mapped with Census 2020 ZCTA 95562 in Humboldt County.,,,,
95551 Eureka,zcta,95551,Eureka,40.6749872,-124.231146,431662,,2017-05-31,10,0,Zillow ZIP-level market for Eureka; mapped with Census 2020 ZCTA 95551 in Humboldt County.,,,,
95536 Ferndale,zcta,95536,Ferndale,40.5012414,-124.2099284,480653,,2017-05-31,10,0,Zillow ZIP-level market for Ferndale; mapped with Census 2020 ZCTA 95536 in Humboldt County.,,,,
95570 Trinidad,zcta,95570,Trinidad,41.1137525,-124.0826397,564525,,2017-05-31,10,0,Zillow ZIP-level market for Trinidad; mapped with Census 2020 ZCTA 95570 in Humboldt County.,,,,
95524 Bayside,zcta,95524,Bayside,40.8208354,-124.0500216,610262,,2017-05-31,10,0,Zillow ZIP-level market for Bayside; mapped with Census 2020 ZCTA 95524 in Humboldt County.,,,,
95525 Blue Lake,zcta,95525,Blue Lake,40.9537818,-123.8244384,395878,,2017-05-31,10,0,Zillow ZIP-level market for Blue Lake; mapped with Census 2020 ZCTA 95525 in Humboldt County.,,,,
95528 Carlotta,zcta,95528,Carlotta,40.4969858,-123.9308113,493998,,2017-05-31,10,0,Zillow ZIP-level market for Carlotta; mapped with Census 2020 ZCTA 95528 in Humboldt County.,,,,
95589 Whitethorn,zcta,95589,Whitethorn,40.061443,-123.979797,389561,,2017-05-31,10,0,Zillow ZIP-level market for Whitethorn; mapped with Census 2020 ZCTA 95589 in Humboldt County.,,,,
95573 nan,zcta,95573,nan,40.9149256,-123.6687235,373943,,2017-05-31,10,0,Zillow ZIP-level market for nan; mapped with Census 2020 ZCTA 95573 in Humboldt County.,,,,
95526 Bridgeville,zcta,95526,Bridgeville,40.4615284,-123.6764866,415265,,2017-05-31,10,0,Zillow ZIP-level market for Bridgeville; mapped with Census 2020 ZCTA 95526 in Humboldt County.,,,,
95503 Eureka,zcta,95503,Eureka,40.7384033,-124.1078148,346372,,2017-06-30,10,0,Zillow ZIP-level market for Eureka; mapped with Census 2020 ZCTA 95503 in Humboldt County.,,,,
95501 Eureka,zcta,95501,Eureka,40.8020101,-124.1448237,322457,,2017-06-30,10,0,Zillow ZIP-level market for Eureka; mapped with Census 2020 ZCTA 95501 in Humboldt County.,,,,
95521 Arcata,zcta,95521,Arcata,40.8433563,-124.0453337,438636,,2017-06-30,10,0,Zillow ZIP-level market for Arcata; mapped with Census 2020 ZCTA 95521 in Humboldt County.,,,,
95519 McKinleyville,zcta,95519,McKinleyville,40.9630053,-124.0525012,409091,,2017-06-30,10,0,Zillow ZIP-level market for McKinleyville; mapped with Census 2020 ZCTA 95519 in Humboldt County.,,,,
95540 Fortuna,zcta,95540,Fortuna,40.5667868,-124.1259758,350825,,2017-06-30,10,0,Zillow ZIP-level market for Fortuna; mapped with Census 2020 ZCTA 95540 in Humboldt County.,,,,
95542 Redway,zcta,95542,Redway,40.0932543,-123.7598313,567616,,2017-06-30,10,0,Zillow ZIP-level market for Redway; mapped with Census 2020 ZCTA 95542 in Humboldt County.,,,,
95562 Scotia,zcta,95562,Scotia,40.4412005,-124.1004154,286109,,2017-06-30,10,0,Zillow ZIP-level market for Scotia; mapped with Census 2020 ZCTA 95562 in Humboldt County.,,,,
95551 Eureka,zcta,95551,Eureka,40.6749872,-124.231146,433115,,2017-06-30,10,0,Zillow ZIP-level market for Eureka; mapped with Census 2020 ZCTA 95551 in Humboldt County.,,,,
95536 Ferndale,zcta,95536,Ferndale,40.5012414,-124.2099284,483084,,2017-06-30,10,0,Zillow ZIP-level market for Ferndale; mapped with Census 2020 ZCTA 95536 in Humboldt County.,,,,
95570 Trinidad,zcta,95570,Trinidad,41.1137525,-124.0826397,570235,,2017-06-30,10,0,Zillow ZIP-level market for Trinidad; mapped with Census 2020 ZCTA 95570 in Humboldt County.,,,,
95524 Bayside,zcta,95524,Bayside,40.8208354,-124.0500216,611804,,2017-06-30,10,0,Zillow ZIP-level market for Bayside; mapped with Census 2020 ZCTA 95524 in Humboldt County.,,,,
95525 Blue Lake,zcta,95525,Blue Lake,40.9537818,-123.8244384,401867,,2017-06-30,10,0,Zillow ZIP-level market for Blue Lake; mapped with Census 2020 ZCTA 95525 in Humboldt County.,,,,
95528 Carlotta,zcta,95528,Carlotta,40.4969858,-123.9308113,493501,,2017-06-30,10,0,Zillow ZIP-level market for Carlotta; mapped with Census 2020 ZCTA 95528 in Humboldt County.,,,,
95589 Whitethorn,zcta,95589,Whitethorn,40.061443,-123.979797,389475,,2017-06-30,10,0,Zillow ZIP-level market for Whitethorn; mapped with Census 2020 ZCTA 95589 in Humboldt County.,,,,
95573 nan,zcta,95573,nan,40.9149256,-123.6687235,373774,,2017-06-30,10,0,Zillow ZIP-level market for nan; mapped with Census 2020 ZCTA 95573 in Humboldt County.,,,,
95526 Bridgeville,zcta,95526,Bridgeville,40.4615284,-123.6764866,415453,,2017-06-30,10,0,Zillow ZIP-level market for Bridgeville; mapped with Census 2020 ZCTA 95526 in Humboldt County.,,,,
95503 Eureka,zcta,95503,Eureka,40.7384033,-124.1078148,348142,,2017-07-31,10,0,Zillow ZIP-level market for Eureka; mapped with Census 2020 ZCTA 95503 in Humboldt County.,,,,
95501 Eureka,zcta,95501,Eureka,40.8020101,-124.1448237,323098,,2017-07-31,10,0,Zillow ZIP-level market for Eureka; mapped with Census 2020 ZCTA 95501 in Humboldt County.,,,,
95521 Arcata,zcta,95521,Arcata,40.8433563,-124.0453337,439540,,2017-07-31,10,0,Zillow ZIP-level market for Arcata; mapped with Census 2020 ZCTA 95521 in Humboldt County.,,,,
95519 McKinleyville,zcta,95519,McKinleyville,40.9630053,-124.0525012,410440,,2017-07-31,10,0,Zillow ZIP-level market for McKinleyville; mapped with Census 2020 ZCTA 95519 in Humboldt County.,,,,
95540 Fortuna,zcta,95540,Fortuna,40.5667868,-124.1259758,352430,,2017-07-31,10,0,Zillow ZIP-level market for Fortuna; mapped with Census 2020 ZCTA 95540 in Humboldt County.,,,,
95542 Redway,zcta,95542,Redway,40.0932543,-123.7598313,573170,,2017-07-31,10,0,Zillow ZIP-level market for Redway; mapped with Census 2020 ZCTA 95542 in Humboldt County.,,,,
95562 Scotia,zcta,95562,Scotia,40.4412005,-124.1004154,288458,,2017-07-31,10,0,Zillow ZIP-level market for Scotia; mapped with Census 2020 ZCTA 95562 in Humboldt County.,,,,
95551 Eureka,zcta,95551,Eureka,40.6749872,-124.231146,434528,,2017-07-31,10,0,Zillow ZIP-level market for Eureka; mapped with Census 2020 ZCTA 95551 in Humboldt County.,,,,
95536 Ferndale,zcta,95536,Ferndale,40.5012414,-124.2099284,484470,,2017-07-31,10,0,Zillow ZIP-level market for Ferndale; mapped with Census 2020 ZCTA 95536 in Humboldt County.,,,,
95570 Trinidad,zcta,95570,Trinidad,41.1137525,-124.0826397,576963,,2017-07-31,10,0,Zillow ZIP-level market for Trinidad; mapped with Census 2020 ZCTA 95570 in Humboldt County.,,,,
95524 Bayside,zcta,95524,Bayside,40.8208354,-124.0500216,613431,,2017-07-31,10,0,Zillow ZIP-level market for Bayside; mapped with Census 2020 ZCTA 95524 in Humboldt County.,,,,
95525 Blue Lake,zcta,95525,Blue Lake,40.9537818,-123.8244384,406657,,2017-07-31,10,0,Zillow ZIP-level market for Blue Lake; mapped with Census 2020 ZCTA 95525 in Humboldt County.,,,,
95528 Carlotta,zcta,95528,Carlotta,40.4969858,-123.9308113,492123,,2017-07-31,10,0,Zillow ZIP-level market for Carlotta; mapped with Census 2020 ZCTA 95528 in Humboldt County.,,,,
95589 Whitethorn,zcta,95589,Whitethorn,40.061443,-123.979797,390440,,2017-07-31,10,0,Zillow ZIP-level market for Whitethorn; mapped with Census 2020 ZCTA 95589 in Humboldt County.,,,,
95573 nan,zcta,95573,nan,40.9149256,-123.6687235,373299,,2017-07-31,10,0,Zillow ZIP-level market for nan; mapped with Census 2020 ZCTA 95573 in Humboldt County.,,,,
95526 Bridgeville,zcta,95526,Bridgeville,40.4615284,-123.6764866,416825,,2017-07-31,10,0,Zillow ZIP-level market for Bridgeville; mapped with Census 2020 ZCTA 95526 in Humboldt County.,,,,
95503 Eureka,zcta,95503,Eureka,40.7384033,-124.1078148,349965,,2017-08-31,10,0,Zillow ZIP-level market for Eureka; mapped with Census 2020 ZCTA 95503 in Humboldt County.,,,,
95501 Eureka,zcta,95501,Eureka,40.8020101,-124.1448237,324038,,2017-08-31,10,0,Zillow ZIP-level market for Eureka; mapped with Census 2020 ZCTA 95501 in Humboldt County.,,,,
95521 Arcata,zcta,95521,Arcata,40.8433563,-124.0453337,441083,,2017-08-31,10,0,Zillow ZIP-level market for Arcata; mapped with Census 2020 ZCTA 95521 in Humboldt County.,,,,
95519 McKinleyville,zcta,95519,McKinleyville,40.9630053,-124.0525012,412326,,2017-08-31,10,0,Zillow ZIP-level market for McKinleyville; mapped with Census 2020 ZCTA 95519 in Humboldt County.,,,,
95540 Fortuna,zcta,95540,Fortuna,40.5667868,-124.1259758,353896,,2017-08-31,10,0,Zillow ZIP-level market for Fortuna; mapped with Census 2020 ZCTA 95540 in Humboldt County.,,,,
95542 Redway,zcta,95542,Redway,40.0932543,-123.7598313,576732,,2017-08-31,10,0,Zillow ZIP-level market for Redway; mapped with Census 2020 ZCTA 95542 in Humboldt County.,,,,
95562 Scotia,zcta,95562,Scotia,40.4412005,-124.1004154,290268,,2017-08-31,10,0,Zillow ZIP-level market for Scotia; mapped with Census 2020 ZCTA 95562 in Humboldt County.,,,,
95551 Eureka,zcta,95551,Eureka,40.6749872,-124.231146,436696,,2017-08-31,10,0,Zillow ZIP-level market for Eureka; mapped with Census 2020 ZCTA 95551 in Humboldt County.,,,,
95536 Ferndale,zcta,95536,Ferndale,40.5012414,-124.2099284,485394,,2017-08-31,10,0,Zillow ZIP-level market for Ferndale; mapped with Census 2020 ZCTA 95536 in Humboldt County.,,,,
95570 Trinidad,zcta,95570,Trinidad,41.1137525,-124.0826397,583171,,2017-08-31,10,0,Zillow ZIP-level market for Trinidad; mapped with Census 2020 ZCTA 95570 in Humboldt County.,,,,
95524 Bayside,zcta,95524,Bayside,40.8208354,-124.0500216,616846,,2017-08-31,10,0,Zillow ZIP-level market for Bayside; mapped with Census 2020 ZCTA 95524 in Humboldt County.,,,,
95525 Blue Lake,zcta,95525,Blue Lake,40.9537818,-123.8244384,408056,,2017-08-31,10,0,Zillow ZIP-level market for Blue Lake; mapped with Census 2020 ZCTA 95525 in Humboldt County.,,,,
95528 Carlotta,zcta,95528,Carlotta,40.4969858,-123.9308113,493797,,2017-08-31,10,0,Zillow ZIP-level market for Carlotta; mapped with Census 2020 ZCTA 95528 in Humboldt County.,,,,
95589 Whitethorn,zcta,95589,Whitethorn,40.061443,-123.979797,391471,,2017-08-31,10,0,Zillow ZIP-level market for Whitethorn; mapped with Census 2020 ZCTA 95589 in Humboldt County.,,,,
95573 nan,zcta,95573,nan,40.9149256,-123.6687235,374701,,2017-08-31,10,0,Zillow ZIP-level market for nan; mapped with Census 2020 ZCTA 95573 in Humboldt County.,,,,
95526 Bridgeville,zcta,95526,Bridgeville,40.4615284,-123.6764866,417502,,2017-08-31,10,0,Zillow ZIP-level market for Bridgeville; mapped with Census 2020 ZCTA 95526 in Humboldt County.,,,,
95503 Eureka,zcta,95503,Eureka,40.7384033,-124.1078148,351456,,2017-09-30,10,0,Zillow ZIP-level market for Eureka; mapped with Census 2020 ZCTA 95503 in Humboldt County.,,,,
95501 Eureka,zcta,95501,Eureka,40.8020101,-124.1448237,324893,,2017-09-30,10,0,Zillow ZIP-level market for Eureka; mapped with Census 2020 ZCTA 95501 in Humboldt County.,,,,
95521 Arcata,zcta,95521,Arcata,40.8433563,-124.0453337,443169,,2017-09-30,10,0,Zillow ZIP-level market for Arcata; mapped with Census 2020 ZCTA 95521 in Humboldt County.,,,,
95519 McKinleyville,zcta,95519,McKinleyville,40.9630053,-124.0525012,414606,,2017-09-30,10,0,Zillow ZIP-level market for McKinleyville; mapped with Census 2020 ZCTA 95519 in Humboldt County.,,,,
95540 Fortuna,zcta,95540,Fortuna,40.5667868,-124.1259758,355563,,2017-09-30,10,0,Zillow ZIP-level market for Fortuna; mapped with Census 2020 ZCTA 95540 in Humboldt County.,,,,
95542 Redway,zcta,95542,Redway,40.0932543,-123.7598313,581306,,2017-09-30,10,0,Zillow ZIP-level market for Redway; mapped with Census 2020 ZCTA 95542 in Humboldt County.,,,,
95562 Scotia,zcta,95562,Scotia,40.4412005,-124.1004154,291347,,2017-09-30,10,0,Zillow ZIP-level market for Scotia; mapped with Census 2020 ZCTA 95562 in Humboldt County.,,,,
95551 Eureka,zcta,95551,Eureka,40.6749872,-124.231146,439032,,2017-09-30,10,0,Zillow ZIP-level market for Eureka; mapped with Census 2020 ZCTA 95551 in Humboldt County.,,,,
95536 Ferndale,zcta,95536,Ferndale,40.5012414,-124.2099284,487023,,2017-09-30,10,0,Zillow ZIP-level market for Ferndale; mapped with Census 2020 ZCTA 95536 in Humboldt County.,,,,
95570 Trinidad,zcta,95570,Trinidad,41.1137525,-124.0826397,590322,,2017-09-30,10,0,Zillow ZIP-level market for Trinidad; mapped with Census 2020 ZCTA 95570 in Humboldt County.,,,,
95524 Bayside,zcta,95524,Bayside,40.8208354,-124.0500216,619000,,2017-09-30,10,0,Zillow ZIP-level market for Bayside; mapped with Census 2020 ZCTA 95524 in Humboldt County.,,,,
95525 Blue Lake,zcta,95525,Blue Lake,40.9537818,-123.8244384,409891,,2017-09-30,10,0,Zillow ZIP-level market for Blue Lake; mapped with Census 2020 ZCTA 95525 in Humboldt County.,,,,
95528 Carlotta,zcta,95528,Carlotta,40.4969858,-123.9308113,499252,,2017-09-30,10,0,Zillow ZIP-level market for Carlotta; mapped with Census 2020 ZCTA 95528 in Humboldt County.,,,,
95589 Whitethorn,zcta,95589,Whitethorn,40.061443,-123.979797,394289,,2017-09-30,10,0,Zillow ZIP-level market for Whitethorn; mapped with Census 2020 ZCTA 95589 in Humboldt County.,,,,
95573 nan,zcta,95573,nan,40.9149256,-123.6687235,378698,,2017-09-30,10,0,Zillow ZIP-level market for nan; mapped with Census 2020 ZCTA 95573 in Humboldt County.,,,,
95526 Bridgeville,zcta,95526,Bridgeville,40.4615284,-123.6764866,420188,,2017-09-30,10,0,Zillow ZIP-level market for Bridgeville; mapped with Census 2020 ZCTA 95526 in Humboldt County.,,,,
95503 Eureka,zcta,95503,Eureka,40.7384033,-124.1078148,354065,,2017-10-31,10,0,Zillow ZIP-level market for Eureka; mapped with Census 2020 ZCTA 95503 in Humboldt County.,,,,
95501 Eureka,zcta,95501,Eureka,40.8020101,-124.1448237,327564,,2017-10-31,10,0,Zillow ZIP-level market for Eureka; mapped with Census 2020 ZCTA 95501 in Humboldt County.,,,,
95521 Arcata,zcta,95521,Arcata,40.8433563,-124.0453337,446873,,2017-10-31,10,0,Zillow ZIP-level market for Arcata; mapped with Census 2020 ZCTA 95521 in Humboldt County.,,,,
95519 McKinleyville,zcta,95519,McKinleyville,40.9630053,-124.0525012,417641,,2017-10-31,10,0,Zillow ZIP-level market for McKinleyville; mapped with Census 2020 ZCTA 95519 in Humboldt County.,,,,
95540 Fortuna,zcta,95540,Fortuna,40.5667868,-124.1259758,357632,,2017-10-31,10,0,Zillow ZIP-level market for Fortuna; mapped with Census 2020 ZCTA 95540 in Humboldt County.,,,,
95542 Redway,zcta,95542,Redway,40.0932543,-123.7598313,583799,,2017-10-31,10,0,Zillow ZIP-level market for Redway; mapped with Census 2020 ZCTA 95542 in Humboldt County.,,,,
95562 Scotia,zcta,95562,Scotia,40.4412005,-124.1004154,292464,,2017-10-31,10,0,Zillow ZIP-level market for Scotia; mapped with Census 2020 ZCTA 95562 in Humboldt County.,,,,
95551 Eureka,zcta,95551,Eureka,40.6749872,-124.231146,441488,,2017-10-31,10,0,Zillow ZIP-level market for Eureka; mapped with Census 2020 ZCTA 95551 in Humboldt County.,,,,
95536 Ferndale,zcta,95536,Ferndale,40.5012414,-124.2099284,491395,,2017-10-31,10,0,Zillow ZIP-level market for Ferndale; mapped with Census 2020 ZCTA 95536 in Humboldt County.,,,,
95570 Trinidad,zcta,95570,Trinidad,41.1137525,-124.0826397,598791,,2017-10-31,10,0,Zillow ZIP-level market for Trinidad; mapped with Census 2020 ZCTA 95570 in Humboldt County.,,,,
95524 Bayside,zcta,95524,Bayside,40.8208354,-124.0500216,622569,,2017-10-31,10,0,Zillow ZIP-level market for Bayside; mapped with Census 2020 ZCTA 95524 in Humboldt County.,,,,
95525 Blue Lake,zcta,95525,Blue Lake,40.9537818,-123.8244384,413282,,2017-10-31,10,0,Zillow ZIP-level market for Blue Lake; mapped with Census 2020 ZCTA 95525 in Humboldt County.,,,,
95528 Carlotta,zcta,95528,Carlotta,40.4969858,-123.9308113,507199,,2017-10-31,10,0,Zillow ZIP-level market for Carlotta; mapped with Census 2020 ZCTA 95528 in Humboldt County.,,,,
95589 Whitethorn,zcta,95589,Whitethorn,40.061443,-123.979797,397141,,2017-10-31,10,0,Zillow ZIP-level market for Whitethorn; mapped with Census 2020 ZCTA 95589 in Humboldt County.,,,,
95573 nan,zcta,95573,nan,40.9149256,-123.6687235,383534,,2017-10-31,10,0,Zillow ZIP-level market for nan; mapped with Census 2020 ZCTA 95573 in Humboldt County.,,,,
95526 Bridgeville,zcta,95526,Bridgeville,40.4615284,-123.6764866,423438,,2017-10-31,10,0,Zillow ZIP-level market for Bridgeville; mapped with Census 2020 ZCTA 95526 in Humboldt County.,,,,
95503 Eureka,zcta,95503,Eureka,40.7384033,-124.1078148,356955,,2017-11-30,10,0,Zillow ZIP-level market for Eureka; mapped with Census 2020 ZCTA 95503 in Humboldt County.,,,,
95501 Eureka,zcta,95501,Eureka,40.8020101,-124.1448237,330464,,2017-11-30,10,0,Zillow ZIP-level market for Eureka; mapped with Census 2020 ZCTA 95501 in Humboldt County.,,,,
95521 Arcata,zcta,95521,Arcata,40.8433563,-124.0453337,450349,,2017-11-30,10,0,Zillow ZIP-level market for Arcata; mapped with Census 2020 ZCTA 95521 in Humboldt County.,,,,
95519 McKinleyville,zcta,95519,McKinleyville,40.9630053,-124.0525012,420092,,2017-11-30,10,0,Zillow ZIP-level market for McKinleyville; mapped with Census 2020 ZCTA 95519 in Humboldt County.,,,,
95540 Fortuna,zcta,95540,Fortuna,40.5667868,-124.1259758,360294,,2017-11-30,10,0,Zillow ZIP-level market for Fortuna; mapped with Census 2020 ZCTA 95540 in Humboldt County.,,,,
95542 Redway,zcta,95542,Redway,40.0932543,-123.7598313,585986,,2017-11-30,10,0,Zillow ZIP-level market for Redway; mapped with Census 2020 ZCTA 95542 in Humboldt County.,,,,
95562 Scotia,zcta,95562,Scotia,40.4412005,-124.1004154,294620,,2017-11-30,10,0,Zillow ZIP-level market for Scotia; mapped with Census 2020 ZCTA 95562 in Humboldt County.,,,,
95551 Eureka,zcta,95551,Eureka,40.6749872,-124.231146,443520,,2017-11-30,10,0,Zillow ZIP-level market for Eureka; mapped with Census 2020 ZCTA 95551 in Humboldt County.,,,,
95536 Ferndale,zcta,95536,Ferndale,40.5012414,-124.2099284,495485,,2017-11-30,10,0,Zillow ZIP-level market for Ferndale; mapped with Census 2020 ZCTA 95536 in Humboldt County.,,,,
95570 Trinidad,zcta,95570,Trinidad,41.1137525,-124.0826397,605775,,2017-11-30,10,0,Zillow ZIP-level market for Trinidad; mapped with Census 2020 ZCTA 95570 in Humboldt County.,,,,
95524 Bayside,zcta,95524,Bayside,40.8208354,-124.0500216,626151,,2017-11-30,10,0,Zillow ZIP-level market for Bayside; mapped with Census 2020 ZCTA 95524 in Humboldt County.,,,,
95525 Blue Lake,zcta,95525,Blue Lake,40.9537818,-123.8244384,417445,,2017-11-30,10,0,Zillow ZIP-level market for Blue Lake; mapped with Census 2020 ZCTA 95525 in Humboldt County.,,,,
95528 Carlotta,zcta,95528,Carlotta,40.4969858,-123.9308113,514753,,2017-11-30,10,0,Zillow ZIP-level market for Carlotta; mapped with Census 2020 ZCTA 95528 in Humboldt County.,,,,
95589 Whitethorn,zcta,95589,Whitethorn,40.061443,-123.979797,399486,,2017-11-30,10,0,Zillow ZIP-level market for Whitethorn; mapped with Census 2020 ZCTA 95589 in Humboldt County.,,,,
95573 nan,zcta,95573,nan,40.9149256,-123.6687235,387744,,2017-11-30,10,0,Zillow ZIP-level market for nan; mapped with Census 2020 ZCTA 95573 in Humboldt County.,,,,
95526 Bridgeville,zcta,95526,Bridgeville,40.4615284,-123.6764866,427149,,2017-11-30,10,0,Zillow ZIP-level market for Bridgeville; mapped with Census 2020 ZCTA 95526 in Humboldt County.,,,,
95503 Eureka,zcta,95503,Eureka,40.7384033,-124.1078148,360663,,2017-12-31,10,0,Zillow ZIP-level market for Eureka; mapped with Census 2020 ZCTA 95503 in Humboldt County.,,,,
95501 Eureka,zcta,95501,Eureka,40.8020101,-124.1448237,333803,,2017-12-31,10,0,Zillow ZIP-level market for Eureka; mapped with Census 2020 ZCTA 95501 in Humboldt County.,,,,
95521 Arcata,zcta,95521,Arcata,40.8433563,-124.0453337,454833,,2017-12-31,10,0,Zillow ZIP-level market for Arcata; mapped with Census 2020 ZCTA 95521 in Humboldt County.,,,,
95519 McKinleyville,zcta,95519,McKinleyville,40.9630053,-124.0525012,422780,,2017-12-31,10,0,Zillow ZIP-level market for McKinleyville; mapped with Census 2020 ZCTA 95519 in Humboldt County.,,,,
95540 Fortuna,zcta,95540,Fortuna,40.5667868,-124.1259758,363572,,2017-12-31,10,0,Zillow ZIP-level market for Fortuna; mapped with Census 2020 ZCTA 95540 in Humboldt County.,,,,
95542 Redway,zcta,95542,Redway,40.0932543,-123.7598313,586346,,2017-12-31,10,0,Zillow ZIP-level market for Redway; mapped with Census 2020 ZCTA 95542 in Humboldt County.,,,,
95562 Scotia,zcta,95562,Scotia,40.4412005,-124.1004154,298143,,2017-12-31,10,0,Zillow ZIP-level market for Scotia; mapped with Census 2020 ZCTA 95562 in Humboldt County.,,,,
95551 Eureka,zcta,95551,Eureka,40.6749872,-124.231146,445804,,2017-12-31,10,0,Zillow ZIP-level market for Eureka; mapped with Census 2020 ZCTA 95551 in Humboldt County.,,,,
95536 Ferndale,zcta,95536,Ferndale,40.5012414,-124.2099284,499952,,2017-12-31,10,0,Zillow ZIP-level market for Ferndale; mapped with Census 2020 ZCTA 95536 in Humboldt County.,,,,
95570 Trinidad,zcta,95570,Trinidad,41.1137525,-124.0826397,611608,,2017-12-31,10,0,Zillow ZIP-level market for Trinidad; mapped with Census 2020 ZCTA 95570 in Humboldt County.,,,,
95524 Bayside,zcta,95524,Bayside,40.8208354,-124.0500216,631972,,2017-12-31,10,0,Zillow ZIP-level market for Bayside; mapped with Census 2020 ZCTA 95524 in Humboldt County.,,,,
95525 Blue Lake,zcta,95525,Blue Lake,40.9537818,-123.8244384,421966,,2017-12-31,10,0,Zillow ZIP-level market for Blue Lake; mapped with Census 2020 ZCTA 95525 in Humboldt County.,,,,
95528 Carlotta,zcta,95528,Carlotta,40.4969858,-123.9308113,520895,,2017-12-31,10,0,Zillow ZIP-level market for Carlotta; mapped with Census 2020 ZCTA 95528 in Humboldt County.,,,,
95589 Whitethorn,zcta,95589,Whitethorn,40.061443,-123.979797,401259,,2017-12-31,10,0,Zillow ZIP-level market for Whitethorn; mapped with Census 2020 ZCTA 95589 in Humboldt County.,,,,
95573 nan,zcta,95573,nan,40.9149256,-123.6687235,391194,,2017-12-31,10,0,Zillow ZIP-level market for nan; mapped with Census 2020 ZCTA 95573 in Humboldt County.,,,,
95526 Bridgeville,zcta,95526,Bridgeville,40.4615284,-123.6764866,427280,,2017-12-31,10,0,Zillow ZIP-level market for Bridgeville; mapped with Census 2020 ZCTA 95526 in Humboldt County.,,,,
95503 Eureka,zcta,95503,Eureka,40.7384033,-124.1078148,362876,,2018-01-31,10,0,Zillow ZIP-level market for Eureka; mapped with Census 2020 ZCTA 95503 in Humboldt County.,,,,
95501 Eureka,zcta,95501,Eureka,40.8020101,-124.1448237,335329,,2018-01-31,10,0,Zillow ZIP-level market for Eureka; mapped with Census 2020 ZCTA 95501 in Humboldt County.,,,,
95521 Arcata,zcta,95521,Arcata,40.8433563,-124.0453337,457060,,2018-01-31,10,0,Zillow ZIP-level market for Arcata; mapped with Census 2020 ZCTA 95521 in Humboldt County.,,,,
95519 McKinleyville,zcta,95519,McKinleyville,40.9630053,-124.0525012,424606,,2018-01-31,10,0,Zillow ZIP-level market for McKinleyville; mapped with Census 2020 ZCTA 95519 in Humboldt County.,,,,
95540 Fortuna,zcta,95540,Fortuna,40.5667868,-124.1259758,366604,,2018-01-31,10,0,Zillow ZIP-level market for Fortuna; mapped with Census 2020 ZCTA 95540 in Humboldt County.,,,,
95542 Redway,zcta,95542,Redway,40.0932543,-123.7598313,586962,,2018-01-31,10,0,Zillow ZIP-level market for Redway; mapped with Census 2020 ZCTA 95542 in Humboldt County.,,,,
95562 Scotia,zcta,95562,Scotia,40.4412005,-124.1004154,301359,,2018-01-31,10,0,Zillow ZIP-level market for Scotia; mapped with Census 2020 ZCTA 95562 in Humboldt County.,,,,
95551 Eureka,zcta,95551,Eureka,40.6749872,-124.231146,448293,,2018-01-31,10,0,Zillow ZIP-level market for Eureka; mapped with Census 2020 ZCTA 95551 in Humboldt County.,,,,
95536 Ferndale,zcta,95536,Ferndale,40.5012414,-124.2099284,503218,,2018-01-31,10,0,Zillow ZIP-level market for Ferndale; mapped with Census 2020 ZCTA 95536 in Humboldt County.,,,,
95570 Trinidad,zcta,95570,Trinidad,41.1137525,-124.0826397,613564,,2018-01-31,10,0,Zillow ZIP-level market for Trinidad; mapped with Census 2020 ZCTA 95570 in Humboldt County.,,,,
95524 Bayside,zcta,95524,Bayside,40.8208354,-124.0500216,636973,,2018-01-31,10,0,Zillow ZIP-level market for Bayside; mapped with Census 2020 ZCTA 95524 in Humboldt County.,,,,
95525 Blue Lake,zcta,95525,Blue Lake,40.9537818,-123.8244384,425572,,2018-01-31,10,0,Zillow ZIP-level market for Blue Lake; mapped with Census 2020 ZCTA 95525 in Humboldt County.,,,,
95528 Carlotta,zcta,95528,Carlotta,40.4969858,-123.9308113,526686,,2018-01-31,10,0,Zillow ZIP-level market for Carlotta; mapped with Census 2020 ZCTA 95528 in Humboldt County.,,,,
95589 Whitethorn,zcta,95589,Whitethorn,40.061443,-123.979797,403946,,2018-01-31,10,0,Zillow ZIP-level market for Whitethorn; mapped with Census 2020 ZCTA 95589 in Humboldt County.,,,,
95573 nan,zcta,95573,nan,40.9149256,-123.6687235,393826,,2018-01-31,10,0,Zillow ZIP-level market for nan; mapped with Census 2020 ZCTA 95573 in Humboldt County.,,,,
95526 Bridgeville,zcta,95526,Bridgeville,40.4615284,-123.6764866,427320,,2018-01-31,10,0,Zillow ZIP-level market for Bridgeville; mapped with Census 2020 ZCTA 95526 in Humboldt County.,,,,
95503 Eureka,zcta,95503,Eureka,40.7384033,-124.1078148,364849,,2018-02-28,10,0,Zillow ZIP-level market for Eureka; mapped with Census 2020 ZCTA 95503 in Humboldt County.,,,,
95501 Eureka,zcta,95501,Eureka,40.8020101,-124.1448237,336575,,2018-02-28,10,0,Zillow ZIP-level market for Eureka; mapped with Census 2020 ZCTA 95501 in Humboldt County.,,,,
95521 Arcata,zcta,95521,Arcata,40.8433563,-124.0453337,459395,,2018-02-28,10,0,Zillow ZIP-level market for Arcata; mapped with Census 2020 ZCTA 95521 in Humboldt County.,,,,
95519 McKinleyville,zcta,95519,McKinleyville,40.9630053,-124.0525012,426030,,2018-02-28,10,0,Zillow ZIP-level market for McKinleyville; mapped with Census 2020 ZCTA 95519 in Humboldt County.,,,,
95540 Fortuna,zcta,95540,Fortuna,40.5667868,-124.1259758,369137,,2018-02-28,10,0,Zillow ZIP-level market for Fortuna; mapped with Census 2020 ZCTA 95540 in Humboldt County.,,,,
95542 Redway,zcta,95542,Redway,40.0932543,-123.7598313,589611,,2018-02-28,10,0,Zillow ZIP-level market for Redway; mapped with Census 2020 ZCTA 95542 in Humboldt County.,,,,
95562 Scotia,zcta,95562,Scotia,40.4412005,-124.1004154,302546,,2018-02-28,10,0,Zillow ZIP-level market for Scotia; mapped with Census 2020 ZCTA 95562 in Humboldt County.,,,,
95551 Eureka,zcta,95551,Eureka,40.6749872,-124.231146,450806,,2018-02-28,10,0,Zillow ZIP-level market for Eureka; mapped with Census 2020 ZCTA 95551 in Humboldt County.,,,,
95536 Ferndale,zcta,95536,Ferndale,40.5012414,-124.2099284,505838,,2018-02-28,10,0,Zillow ZIP-level market for Ferndale; mapped with Census 2020 ZCTA 95536 in Humboldt County.,,,,
95570 Trinidad,zcta,95570,Trinidad,41.1137525,-124.0826397,613688,,2018-02-28,10,0,Zillow ZIP-level market for Trinidad; mapped with Census 2020 ZCTA 95570 in Humboldt County.,,,,
95549 Kneeland,zcta,95549,Kneeland,40.6666759,-123.9083825,718809,,2018-02-28,10,0,Zillow ZIP-level market for Kneeland; mapped with Census 2020 ZCTA 95549 in Humboldt County.,,,,
95524 Bayside,zcta,95524,Bayside,40.8208354,-124.0500216,640881,,2018-02-28,10,0,Zillow ZIP-level market for Bayside; mapped with Census 2020 ZCTA 95524 in Humboldt County.,,,,
95560 Redway,zcta,95560,Redway,40.1427275,-123.8388194,449014,,2018-02-28,10,0,Zillow ZIP-level market for Redway; mapped with Census 2020 ZCTA 95560 in Humboldt County.,,,,
95525 Blue Lake,zcta,95525,Blue Lake,40.9537818,-123.8244384,430523,,2018-02-28,10,0,Zillow ZIP-level market for Blue Lake; mapped with Census 2020 ZCTA 95525 in Humboldt County.,,,,
95528 Carlotta,zcta,95528,Carlotta,40.4969858,-123.9308113,531858,,2018-02-28,10,0,Zillow ZIP-level market for Carlotta; mapped with Census 2020 ZCTA 95528 in Humboldt County.,,,,
95547 Hydesville,zcta,95547,Hydesville,40.5694635,-124.0775035,457525,,2018-02-28,10,0,Zillow ZIP-level market for Hydesville; mapped with Census 2020 ZCTA 95547 in Humboldt County.,,,,
95589 Whitethorn,zcta,95589,Whitethorn,40.061443,-123.979797,408454,,2018-02-28,10,0,Zillow ZIP-level market for Whitethorn; mapped with Census 2020 ZCTA 95589 in Humboldt County.,,,,
95573 nan,zcta,95573,nan,40.9149256,-123.6687235,396310,,2018-02-28,10,0,Zillow ZIP-level market for nan; mapped with Census 2020 ZCTA 95573 in Humboldt County.,,,,
95526 Bridgeville,zcta,95526,Bridgeville,40.4615284,-123.6764866,427512,,2018-02-28,10,0,Zillow ZIP-level market for Bridgeville; mapped with Census 2020 ZCTA 95526 in Humboldt County.,,,,
95553 Myers Flat,zcta,95553,Myers Flat,40.2311522,-123.8685969,496637,,2018-02-28,10,0,Zillow ZIP-level market for Myers Flat; mapped with Census 2020 ZCTA 95553 in Humboldt County.,,,,
95503 Eureka,zcta,95503,Eureka,40.7384033,-124.1078148,366119,,2018-03-31,10,0,Zillow ZIP-level market for Eureka; mapped with Census 2020 ZCTA 95503 in Humboldt County.,,,,
95501 Eureka,zcta,95501,Eureka,40.8020101,-124.1448237,337485,,2018-03-31,10,0,Zillow ZIP-level market for Eureka; mapped with Census 2020 ZCTA 95501 in Humboldt County.,,,,
95521 Arcata,zcta,95521,Arcata,40.8433563,-124.0453337,459785,,2018-03-31,10,0,Zillow ZIP-level market for Arcata; mapped with Census 2020 ZCTA 95521 in Humboldt County.,,,,
95519 McKinleyville,zcta,95519,McKinleyville,40.9630053,-124.0525012,426391,,2018-03-31,10,0,Zillow ZIP-level market for McKinleyville; mapped with Census 2020 ZCTA 95519 in Humboldt County.,,,,
95540 Fortuna,zcta,95540,Fortuna,40.5667868,-124.1259758,370360,,2018-03-31,10,0,Zillow ZIP-level market for Fortuna; mapped with Census 2020 ZCTA 95540 in Humboldt County.,,,,
95542 Redway,zcta,95542,Redway,40.0932543,-123.7598313,594551,,2018-03-31,10,0,Zillow ZIP-level market for Redway; mapped with Census 2020 ZCTA 95542 in Humboldt County.,,,,
95562 Scotia,zcta,95562,Scotia,40.4412005,-124.1004154,303524,,2018-03-31,10,0,Zillow ZIP-level market for Scotia; mapped with Census 2020 ZCTA 95562 in Humboldt County.,,,,
95551 Eureka,zcta,95551,Eureka,40.6749872,-124.231146,453171,,2018-03-31,10,0,Zillow ZIP-level market for Eureka; mapped with Census 2020 ZCTA 95551 in Humboldt County.,,,,
95536 Ferndale,zcta,95536,Ferndale,40.5012414,-124.2099284,508314,,2018-03-31,10,0,Zillow ZIP-level market for Ferndale; mapped with Census 2020 ZCTA 95536 in Humboldt County.,,,,
95570 Trinidad,zcta,95570,Trinidad,41.1137525,-124.0826397,614674,,2018-03-31,10,0,Zillow ZIP-level market for Trinidad; mapped with Census 2020 ZCTA 95570 in Humboldt County.,,,,
95549 Kneeland,zcta,95549,Kneeland,40.6666759,-123.9083825,721846,,2018-03-31,10,0,Zillow ZIP-level market for Kneeland; mapped with Census 2020 ZCTA 95549 in Humboldt County.,,,,
95524 Bayside,zcta,95524,Bayside,40.8208354,-124.0500216,642606,,2018-03-31,10,0,Zillow ZIP-level market for Bayside; mapped with Census 2020 ZCTA 95524 in Humboldt County.,,,,
95560 Redway,zcta,95560,Redway,40.1427275,-123.8388194,450131,,2018-03-31,10,0,Zillow ZIP-level market for Redway; mapped with Census 2020 ZCTA 95560 in Humboldt County.,,,,
95525 Blue Lake,zcta,95525,Blue Lake,40.9537818,-123.8244384,433322,,2018-03-31,10,0,Zillow ZIP-level market for Blue Lake; mapped with Census 2020 ZCTA 95525 in Humboldt County.,,,,
95528 Carlotta,zcta,95528,Carlotta,40.4969858,-123.9308113,537279,,2018-03-31,10,0,Zillow ZIP-level market for Carlotta; mapped with Census 2020 ZCTA 95528 in Humboldt County.,,,,
95547 Hydesville,zcta,95547,Hydesville,40.5694635,-124.0775035,461562,,2018-03-31,10,0,Zillow ZIP-level market for Hydesville; mapped with Census 2020 ZCTA 95547 in Humboldt County.,,,,
95589 Whitethorn,zcta,95589,Whitethorn,40.061443,-123.979797,412464,,2018-03-31,10,0,Zillow ZIP-level market for Whitethorn; mapped with Census 2020 ZCTA 95589 in Humboldt County.,,,,
95573 nan,zcta,95573,nan,40.9149256,-123.6687235,398458,,2018-03-31,10,0,Zillow ZIP-level market for nan; mapped with Census 2020 ZCTA 95573 in Humboldt County.,,,,
95526 Bridgeville,zcta,95526,Bridgeville,40.4615284,-123.6764866,431910,,2018-03-31,10,0,Zillow ZIP-level market for Bridgeville; mapped with Census 2020 ZCTA 95526 in Humboldt County.,,,,
95553 Myers Flat,zcta,95553,Myers Flat,40.2311522,-123.8685969,501539,,2018-03-31,10,0,Zillow ZIP-level market for Myers Flat; mapped with Census 2020 ZCTA 95553 in Humboldt County.,,,,
95503 Eureka,zcta,95503,Eureka,40.7384033,-124.1078148,367511,,2018-04-30,10,0,Zillow ZIP-level market for Eureka; mapped with Census 2020 ZCTA 95503 in Humboldt County.,,,,
95501 Eureka,zcta,95501,Eureka,40.8020101,-124.1448237,339028,,2018-04-30,10,0,Zillow ZIP-level market for Eureka; mapped with Census 2020 ZCTA 95501 in Humboldt County.,,,,
95521 Arcata,zcta,95521,Arcata,40.8433563,-124.0453337,460681,,2018-04-30,10,0,Zillow ZIP-level market for Arcata; mapped with Census 2020 ZCTA 95521 in Humboldt County.,,,,
95519 McKinleyville,zcta,95519,McKinleyville,40.9630053,-124.0525012,426687,,2018-04-30,10,0,Zillow ZIP-level market for McKinleyville; mapped with Census 2020 ZCTA 95519 in Humboldt County.,,,,
95540 Fortuna,zcta,95540,Fortuna,40.5667868,-124.1259758,371020,,2018-04-30,10,0,Zillow ZIP-level market for Fortuna; mapped with Census 2020 ZCTA 95540 in Humboldt County.,,,,
95542 Redway,zcta,95542,Redway,40.0932543,-123.7598313,598915,,2018-04-30,10,0,Zillow ZIP-level market for Redway; mapped with Census 2020 ZCTA 95542 in Humboldt County.,,,,
95562 Scotia,zcta,95562,Scotia,40.4412005,-124.1004154,304504,,2018-04-30,10,0,Zillow ZIP-level market for Scotia; mapped with Census 2020 ZCTA 95562 in Humboldt County.,,,,
95551 Eureka,zcta,95551,Eureka,40.6749872,-124.231146,454705,,2018-04-30,10,0,Zillow ZIP-level market for Eureka; mapped with Census 2020 ZCTA 95551 in Humboldt County.,,,,
95536 Ferndale,zcta,95536,Ferndale,40.5012414,-124.2099284,510080,,2018-04-30,10,0,Zillow ZIP-level market for Ferndale; mapped with Census 2020 ZCTA 95536 in Humboldt County.,,,,
95570 Trinidad,zcta,95570,Trinidad,41.1137525,-124.0826397,616796,,2018-04-30,10,0,Zillow ZIP-level market for Trinidad; mapped with Census 2020 ZCTA 95570 in Humboldt County.,,,,
95549 Kneeland,zcta,95549,Kneeland,40.6666759,-123.9083825,722104,,2018-04-30,10,0,Zillow ZIP-level market for Kneeland; mapped with Census 2020 ZCTA 95549 in Humboldt County.,,,,
95524 Bayside,zcta,95524,Bayside,40.8208354,-124.0500216,643806,,2018-04-30,10,0,Zillow ZIP-level market for Bayside; mapped with Census 2020 ZCTA 95524 in Humboldt County.,,,,
95560 Redway,zcta,95560,Redway,40.1427275,-123.8388194,451869,,2018-04-30,10,0,Zillow ZIP-level market for Redway; mapped with Census 2020 ZCTA 95560 in Humboldt County.,,,,
95525 Blue Lake,zcta,95525,Blue Lake,40.9537818,-123.8244384,435996,,2018-04-30,10,0,Zillow ZIP-level market for Blue Lake; mapped with Census 2020 ZCTA 95525 in Humboldt County.,,,,
95528 Carlotta,zcta,95528,Carlotta,40.4969858,-123.9308113,540308,,2018-04-30,10,0,Zillow ZIP-level market for Carlotta; mapped with Census 2020 ZCTA 95528 in Humboldt County.,,,,
95547 Hydesville,zcta,95547,Hydesville,40.5694635,-124.0775035,462914,,2018-04-30,10,0,Zillow ZIP-level market for Hydesville; mapped with Census 2020 ZCTA 95547 in Humboldt County.,,,,
95589 Whitethorn,zcta,95589,Whitethorn,40.061443,-123.979797,414946,,2018-04-30,10,0,Zillow ZIP-level market for Whitethorn; mapped with Census 2020 ZCTA 95589 in Humboldt County.,,,,
95573 nan,zcta,95573,nan,40.9149256,-123.6687235,399164,,2018-04-30,10,0,Zillow ZIP-level market for nan; mapped with Census 2020 ZCTA 95573 in Humboldt County.,,,,
95526 Bridgeville,zcta,95526,Bridgeville,40.4615284,-123.6764866,435250,,2018-04-30,10,0,Zillow ZIP-level market for Bridgeville; mapped with Census 2020 ZCTA 95526 in Humboldt County.,,,,
95553 Myers Flat,zcta,95553,Myers Flat,40.2311522,-123.8685969,503999,,2018-04-30,10,0,Zillow ZIP-level market for Myers Flat; mapped with Census 2020 ZCTA 95553 in Humboldt County.,,,,
95503 Eureka,zcta,95503,Eureka,40.7384033,-124.1078148,368504,,2018-05-31,10,0,Zillow ZIP-level market for Eureka; mapped with Census 2020 ZCTA 95503 in Humboldt County.,,,,
95501 Eureka,zcta,95501,Eureka,40.8020101,-124.1448237,340227,,2018-05-31,10,0,Zillow ZIP-level market for Eureka; mapped with Census 2020 ZCTA 95501 in Humboldt County.,,,,
95521 Arcata,zcta,95521,Arcata,40.8433563,-124.0453337,461230,,2018-05-31,10,0,Zillow ZIP-level market for Arcata; mapped with Census 2020 ZCTA 95521 in Humboldt County.,,,,
95519 McKinleyville,zcta,95519,McKinleyville,40.9630053,-124.0525012,426879,,2018-05-31,10,0,Zillow ZIP-level market for McKinleyville; mapped with Census 2020 ZCTA 95519 in Humboldt County.,,,,
95540 Fortuna,zcta,95540,Fortuna,40.5667868,-124.1259758,370602,,2018-05-31,10,0,Zillow ZIP-level market for Fortuna; mapped with Census 2020 ZCTA 95540 in Humboldt County.,,,,
95542 Redway,zcta,95542,Redway,40.0932543,-123.7598313,601591,,2018-05-31,10,0,Zillow ZIP-level market for Redway; mapped with Census 2020 ZCTA 95542 in Humboldt County.,,,,
95562 Scotia,zcta,95562,Scotia,40.4412005,-124.1004154,306214,,2018-05-31,10,0,Zillow ZIP-level market for Scotia; mapped with Census 2020 ZCTA 95562 in Humboldt County.,,,,
95551 Eureka,zcta,95551,Eureka,40.6749872,-124.231146,455313,,2018-05-31,10,0,Zillow ZIP-level market for Eureka; mapped with Census 2020 ZCTA 95551 in Humboldt County.,,,,
95536 Ferndale,zcta,95536,Ferndale,40.5012414,-124.2099284,511972,,2018-05-31,10,0,Zillow ZIP-level market for Ferndale; mapped with Census 2020 ZCTA 95536 in Humboldt County.,,,,
95570 Trinidad,zcta,95570,Trinidad,41.1137525,-124.0826397,619546,,2018-05-31,10,0,Zillow ZIP-level market for Trinidad; mapped with Census 2020 ZCTA 95570 in Humboldt County.,,,,
95549 Kneeland,zcta,95549,Kneeland,40.6666759,-123.9083825,725018,,2018-05-31,10,0,Zillow ZIP-level market for Kneeland; mapped with Census 2020 ZCTA 95549 in Humboldt County.,,,,
95524 Bayside,zcta,95524,Bayside,40.8208354,-124.0500216,645998,,2018-05-31,10,0,Zillow ZIP-level market for Bayside; mapped with Census 2020 ZCTA 95524 in Humboldt County.,,,,
95560 Redway,zcta,95560,Redway,40.1427275,-123.8388194,452865,,2018-05-31,10,0,Zillow ZIP-level market for Redway; mapped with Census 2020 ZCTA 95560 in Humboldt County.,,,,
95525 Blue Lake,zcta,95525,Blue Lake,40.9537818,-123.8244384,435990,,2018-05-31,10,0,Zillow ZIP-level market for Blue Lake; mapped with Census 2020 ZCTA 95525 in Humboldt County.,,,,
95528 Carlotta,zcta,95528,Carlotta,40.4969858,-123.9308113,541889,,2018-05-31,10,0,Zillow ZIP-level market for Carlotta; mapped with Census 2020 ZCTA 95528 in Humboldt County.,,,,
95547 Hydesville,zcta,95547,Hydesville,40.5694635,-124.0775035,466004,,2018-05-31,10,0,Zillow ZIP-level market for Hydesville; mapped with Census 2020 ZCTA 95547 in Humboldt County.,,,,
95589 Whitethorn,zcta,95589,Whitethorn,40.061443,-123.979797,416035,,2018-05-31,10,0,Zillow ZIP-level market for Whitethorn; mapped with Census 2020 ZCTA 95589 in Humboldt County.,,,,
95573 nan,zcta,95573,nan,40.9149256,-123.6687235,398855,,2018-05-31,10,0,Zillow ZIP-level market for nan; mapped with Census 2020 ZCTA 95573 in Humboldt County.,,,,
95526 Bridgeville,zcta,95526,Bridgeville,40.4615284,-123.6764866,438413,,2018-05-31,10,0,Zillow ZIP-level market for Bridgeville; mapped with Census 2020 ZCTA 95526 in Humboldt County.,,,,
95553 Myers Flat,zcta,95553,Myers Flat,40.2311522,-123.8685969,509036,,2018-05-31,10,0,Zillow ZIP-level market for Myers Flat; mapped with Census 2020 ZCTA 95553 in Humboldt County.,,,,
95503 Eureka,zcta,95503,Eureka,40.7384033,-124.1078148,369346,,2018-06-30,10,0,Zillow ZIP-level market for Eureka; mapped with Census 2020 ZCTA 95503 in Humboldt County.,,,,
95501 Eureka,zcta,95501,Eureka,40.8020101,-124.1448237,341325,,2018-06-30,10,0,Zillow ZIP-level market for Eureka; mapped with Census 2020 ZCTA 95501 in Humboldt County.,,,,
95521 Arcata,zcta,95521,Arcata,40.8433563,-124.0453337,461495,,2018-06-30,10,0,Zillow ZIP-level market for Arcata; mapped with Census 2020 ZCTA 95521 in Humboldt County.,,,,
95519 McKinleyville,zcta,95519,McKinleyville,40.9630053,-124.0525012,427345,,2018-06-30,10,0,Zillow ZIP-level market for McKinleyville; mapped with Census 2020 ZCTA 95519 in Humboldt County.,,,,
95540 Fortuna,zcta,95540,Fortuna,40.5667868,-124.1259758,370412,,2018-06-30,10,0,Zillow ZIP-level market for Fortuna; mapped with Census 2020 ZCTA 95540 in Humboldt County.,,,,
95542 Redway,zcta,95542,Redway,40.0932543,-123.7598313,601118,,2018-06-30,10,0,Zillow ZIP-level market for Redway; mapped with Census 2020 ZCTA 95542 in Humboldt County.,,,,
95562 Scotia,zcta,95562,Scotia,40.4412005,-124.1004154,306102,,2018-06-30,10,0,Zillow ZIP-level market for Scotia; mapped with Census 2020 ZCTA 95562 in Humboldt County.,,,,
95551 Eureka,zcta,95551,Eureka,40.6749872,-124.231146,455578,,2018-06-30,10,0,Zillow ZIP-level market for Eureka; mapped with Census 2020 ZCTA 95551 in Humboldt County.,,,,
95536 Ferndale,zcta,95536,Ferndale,40.5012414,-124.2099284,512021,,2018-06-30,10,0,Zillow ZIP-level market for Ferndale; mapped with Census 2020 ZCTA 95536 in Humboldt County.,,,,
95570 Trinidad,zcta,95570,Trinidad,41.1137525,-124.0826397,619280,,2018-06-30,10,0,Zillow ZIP-level market for Trinidad; mapped with Census 2020 ZCTA 95570 in Humboldt County.,,,,
95549 Kneeland,zcta,95549,Kneeland,40.6666759,-123.9083825,725757,,2018-06-30,10,0,Zillow ZIP-level market for Kneeland; mapped with Census 2020 ZCTA 95549 in Humboldt County.,,,,
95524 Bayside,zcta,95524,Bayside,40.8208354,-124.0500216,647591,,2018-06-30,10,0,Zillow ZIP-level market for Bayside; mapped with Census 2020 ZCTA 95524 in Humboldt County.,,,,
95560 Redway,zcta,95560,Redway,40.1427275,-123.8388194,453448,,2018-06-30,10,0,Zillow ZIP-level market for Redway; mapped with Census 2020 ZCTA 95560 in Humboldt County.,,,,
95525 Blue Lake,zcta,95525,Blue Lake,40.9537818,-123.8244384,435782,,2018-06-30,10,0,Zillow ZIP-level market for Blue Lake; mapped with Census 2020 ZCTA 95525 in Humboldt County.,,,,
95528 Carlotta,zcta,95528,Carlotta,40.4969858,-123.9308113,541349,,2018-06-30,10,0,Zillow ZIP-level market for Carlotta; mapped with Census 2020 ZCTA 95528 in Humboldt County.,,,,
95547 Hydesville,zcta,95547,Hydesville,40.5694635,-124.0775035,467521,,2018-06-30,10,0,Zillow ZIP-level market for Hydesville; mapped with Census 2020 ZCTA 95547 in Humboldt County.,,,,
95589 Whitethorn,zcta,95589,Whitethorn,40.061443,-123.979797,415652,,2018-06-30,10,0,Zillow ZIP-level market for Whitethorn; mapped with Census 2020 ZCTA 95589 in Humboldt County.,,,,
95573 nan,zcta,95573,nan,40.9149256,-123.6687235,398182,,2018-06-30,10,0,Zillow ZIP-level market for nan; mapped with Census 2020 ZCTA 95573 in Humboldt County.,,,,
95526 Bridgeville,zcta,95526,Bridgeville,40.4615284,-123.6764866,437357,,2018-06-30,10,0,Zillow ZIP-level market for Bridgeville; mapped with Census 2020 ZCTA 95526 in Humboldt County.,,,,
95553 Myers Flat,zcta,95553,Myers Flat,40.2311522,-123.8685969,510498,,2018-06-30,10,0,Zillow ZIP-level market for Myers Flat; mapped with Census 2020 ZCTA 95553 in Humboldt County.,,,,
95503 Eureka,zcta,95503,Eureka,40.7384033,-124.1078148,369297,,2018-07-31,10,0,Zillow ZIP-level market for Eureka; mapped with Census 2020 ZCTA 95503 in Humboldt County.,,,,
95501 Eureka,zcta,95501,Eureka,40.8020101,-124.1448237,342050,,2018-07-31,10,0,Zillow ZIP-level market for Eureka; mapped with Census 2020 ZCTA 95501 in Humboldt County.,,,,
95521 Arcata,zcta,95521,Arcata,40.8433563,-124.0453337,460460,,2018-07-31,10,0,Zillow ZIP-level market for Arcata; mapped with Census 2020 ZCTA 95521 in Humboldt County.,,,,
95519 McKinleyville,zcta,95519,McKinleyville,40.9630053,-124.0525012,427176,,2018-07-31,10,0,Zillow ZIP-level market for McKinleyville; mapped with Census 2020 ZCTA 95519 in Humboldt County.,,,,
95540 Fortuna,zcta,95540,Fortuna,40.5667868,-124.1259758,369803,,2018-07-31,10,0,Zillow ZIP-level market for Fortuna; mapped with Census 2020 ZCTA 95540 in Humboldt County.,,,,
95542 Redway,zcta,95542,Redway,40.0932543,-123.7598313,600067,,2018-07-31,10,0,Zillow ZIP-level market for Redway; mapped with Census 2020 ZCTA 95542 in Humboldt County.,,,,
95562 Scotia,zcta,95562,Scotia,40.4412005,-124.1004154,304937,,2018-07-31,10,0,Zillow ZIP-level market for Scotia; mapped with Census 2020 ZCTA 95562 in Humboldt County.,,,,
95551 Eureka,zcta,95551,Eureka,40.6749872,-124.231146,455668,,2018-07-31,10,0,Zillow ZIP-level market for Eureka; mapped with Census 2020 ZCTA 95551 in Humboldt County.,,,,
95536 Ferndale,zcta,95536,Ferndale,40.5012414,-124.2099284,509406,,2018-07-31,10,0,Zillow ZIP-level market for Ferndale; mapped with Census 2020 ZCTA 95536 in Humboldt County.,,,,
95570 Trinidad,zcta,95570,Trinidad,41.1137525,-124.0826397,614972,,2018-07-31,10,0,Zillow ZIP-level market for Trinidad; mapped with Census 2020 ZCTA 95570 in Humboldt County.,,,,
95549 Kneeland,zcta,95549,Kneeland,40.6666759,-123.9083825,729630,,2018-07-31,10,0,Zillow ZIP-level market for Kneeland; mapped with Census 2020 ZCTA 95549 in Humboldt County.,,,,
95524 Bayside,zcta,95524,Bayside,40.8208354,-124.0500216,649624,,2018-07-31,10,0,Zillow ZIP-level market for Bayside; mapped with Census 2020 ZCTA 95524 in Humboldt County.,,,,
95560 Redway,zcta,95560,Redway,40.1427275,-123.8388194,452169,,2018-07-31,10,0,Zillow ZIP-level market for Redway; mapped with Census 2020 ZCTA 95560 in Humboldt County.,,,,
95525 Blue Lake,zcta,95525,Blue Lake,40.9537818,-123.8244384,434699,,2018-07-31,10,0,Zillow ZIP-level market for Blue Lake; mapped with Census 2020 ZCTA 95525 in Humboldt County.,,,,
95528 Carlotta,zcta,95528,Carlotta,40.4969858,-123.9308113,539689,,2018-07-31,10,0,Zillow ZIP-level market for Carlotta; mapped with Census 2020 ZCTA 95528 in Humboldt County.,,,,
95547 Hydesville,zcta,95547,Hydesville,40.5694635,-124.0775035,470106,,2018-07-31,10,0,Zillow ZIP-level market for Hydesville; mapped with Census 2020 ZCTA 95547 in Humboldt County.,,,,
95589 Whitethorn,zcta,95589,Whitethorn,40.061443,-123.979797,414486,,2018-07-31,10,0,Zillow ZIP-level market for Whitethorn; mapped with Census 2020 ZCTA 95589 in Humboldt County.,,,,
95573 nan,zcta,95573,nan,40.9149256,-123.6687235,396350,,2018-07-31,10,0,Zillow ZIP-level market for nan; mapped with Census 2020 ZCTA 95573 in Humboldt County.,,,,
95526 Bridgeville,zcta,95526,Bridgeville,40.4615284,-123.6764866,437770,,2018-07-31,10,0,Zillow ZIP-level market for Bridgeville; mapped with Census 2020 ZCTA 95526 in Humboldt County.,,,,
95553 Myers Flat,zcta,95553,Myers Flat,40.2311522,-123.8685969,509887,,2018-07-31,10,0,Zillow ZIP-level market for Myers Flat; mapped with Census 2020 ZCTA 95553 in Humboldt County.,,,,
95503 Eureka,zcta,95503,Eureka,40.7384033,-124.1078148,368894,,2018-08-31,10,0,Zillow ZIP-level market for Eureka; mapped with Census 2020 ZCTA 95503 in Humboldt County.,,,,
95501 Eureka,zcta,95501,Eureka,40.8020101,-124.1448237,342774,,2018-08-31,10,0,Zillow ZIP-level market for Eureka; mapped with Census 2020 ZCTA 95501 in Humboldt County.,,,,
95521 Arcata,zcta,95521,Arcata,40.8433563,-124.0453337,459332,,2018-08-31,10,0,Zillow ZIP-level market for Arcata; mapped with Census 2020 ZCTA 95521 in Humboldt County.,,,,
95519 McKinleyville,zcta,95519,McKinleyville,40.9630053,-124.0525012,426674,,2018-08-31,10,0,Zillow ZIP-level market for McKinleyville; mapped with Census 2020 ZCTA 95519 in Humboldt County.,,,,
95540 Fortuna,zcta,95540,Fortuna,40.5667868,-124.1259758,369425,,2018-08-31,10,0,Zillow ZIP-level market for Fortuna; mapped with Census 2020 ZCTA 95540 in Humboldt County.,,,,
95542 Redway,zcta,95542,Redway,40.0932543,-123.7598313,598288,,2018-08-31,10,0,Zillow ZIP-level market for Redway; mapped with Census 2020 ZCTA 95542 in Humboldt County.,,,,
95562 Scotia,zcta,95562,Scotia,40.4412005,-124.1004154,303674,,2018-08-31,10,0,Zillow ZIP-level market for Scotia; mapped with Census 2020 ZCTA 95562 in Humboldt County.,,,,
95551 Eureka,zcta,95551,Eureka,40.6749872,-124.231146,456441,,2018-08-31,10,0,Zillow ZIP-level market for Eureka; mapped with Census 2020 ZCTA 95551 in Humboldt County.,,,,
95536 Ferndale,zcta,95536,Ferndale,40.5012414,-124.2099284,506551,,2018-08-31,10,0,Zillow ZIP-level market for Ferndale; mapped with Census 2020 ZCTA 95536 in Humboldt County.,,,,
95570 Trinidad,zcta,95570,Trinidad,41.1137525,-124.0826397,611270,,2018-08-31,10,0,Zillow ZIP-level market for Trinidad; mapped with Census 2020 ZCTA 95570 in Humboldt County.,,,,
95549 Kneeland,zcta,95549,Kneeland,40.6666759,-123.9083825,732264,,2018-08-31,10,0,Zillow ZIP-level market for Kneeland; mapped with Census 2020 ZCTA 95549 in Humboldt County.,,,,
95524 Bayside,zcta,95524,Bayside,40.8208354,-124.0500216,652377,,2018-08-31,10,0,Zillow ZIP-level market for Bayside; mapped with Census 2020 ZCTA 95524 in Humboldt County.,,,,
95560 Redway,zcta,95560,Redway,40.1427275,-123.8388194,451280,,2018-08-31,10,0,Zillow ZIP-level market for Redway; mapped with Census 2020 ZCTA 95560 in Humboldt County.,,,,
95525 Blue Lake,zcta,95525,Blue Lake,40.9537818,-123.8244384,433057,,2018-08-31,10,0,Zillow ZIP-level market for Blue Lake; mapped with Census 2020 ZCTA 95525 in Humboldt County.,,,,
95528 Carlotta,zcta,95528,Carlotta,40.4969858,-123.9308113,536984,,2018-08-31,10,0,Zillow ZIP-level market for Carlotta; mapped with Census 2020 ZCTA 95528 in Humboldt County.,,,,
95547 Hydesville,zcta,95547,Hydesville,40.5694635,-124.0775035,472773,,2018-08-31,10,0,Zillow ZIP-level market for Hydesville; mapped with Census 2020 ZCTA 95547 in Humboldt County.,,,,
95589 Whitethorn,zcta,95589,Whitethorn,40.061443,-123.979797,412751,,2018-08-31,10,0,Zillow ZIP-level market for Whitethorn; mapped with Census 2020 ZCTA 95589 in Humboldt County.,,,,
95573 nan,zcta,95573,nan,40.9149256,-123.6687235,394176,,2018-08-31,10,0,Zillow ZIP-level market for nan; mapped with Census 2020 ZCTA 95573 in Humboldt County.,,,,
95526 Bridgeville,zcta,95526,Bridgeville,40.4615284,-123.6764866,436579,,2018-08-31,10,0,Zillow ZIP-level market for Bridgeville; mapped with Census 2020 ZCTA 95526 in Humboldt County.,,,,
95553 Myers Flat,zcta,95553,Myers Flat,40.2311522,-123.8685969,508315,,2018-08-31,10,0,Zillow ZIP-level market for Myers Flat; mapped with Census 2020 ZCTA 95553 in Humboldt County.,,,,
95503 Eureka,zcta,95503,Eureka,40.7384033,-124.1078148,367781,,2018-09-30,10,0,Zillow ZIP-level market for Eureka; mapped with Census 2020 ZCTA 95503 in Humboldt County.,,,,
95501 Eureka,zcta,95501,Eureka,40.8020101,-124.1448237,342654,,2018-09-30,10,0,Zillow ZIP-level market for Eureka; mapped with Census 2020 ZCTA 95501 in Humboldt County.,,,,
95521 Arcata,zcta,95521,Arcata,40.8433563,-124.0453337,457669,,2018-09-30,10,0,Zillow ZIP-level market for Arcata; mapped with Census 2020 ZCTA 95521 in Humboldt County.,,,,
95519 McKinleyville,zcta,95519,McKinleyville,40.9630053,-124.0525012,425900,,2018-09-30,10,0,Zillow ZIP-level market for McKinleyville; mapped with Census 2020 ZCTA 95519 in Humboldt County.,,,,
95540 Fortuna,zcta,95540,Fortuna,40.5667868,-124.1259758,367685,,2018-09-30,10,0,Zillow ZIP-level market for Fortuna; mapped with Census 2020 ZCTA 95540 in Humboldt County.,,,,
95542 Redway,zcta,95542,Redway,40.0932543,-123.7598313,596957,,2018-09-30,10,0,Zillow ZIP-level market for Redway; mapped with Census 2020 ZCTA 95542 in Humboldt County.,,,,
95562 Scotia,zcta,95562,Scotia,40.4412005,-124.1004154,302320,,2018-09-30,10,0,Zillow ZIP-level market for Scotia; mapped with Census 2020 ZCTA 95562 in Humboldt County.,,,,
95551 Eureka,zcta,95551,Eureka,40.6749872,-124.231146,455895,,2018-09-30,10,0,Zillow ZIP-level market for Eureka; mapped with Census 2020 ZCTA 95551 in Humboldt County.,,,,
95536 Ferndale,zcta,95536,Ferndale,40.5012414,-124.2099284,503923,,2018-09-30,10,0,Zillow ZIP-level market for Ferndale; mapped with Census 2020 ZCTA 95536 in Humboldt County.,,,,
95570 Trinidad,zcta,95570,Trinidad,41.1137525,-124.0826397,608372,,2018-09-30,10,0,Zillow ZIP-level market for Trinidad; mapped with Census 2020 ZCTA 95570 in Humboldt County.,,,,
95549 Kneeland,zcta,95549,Kneeland,40.6666759,-123.9083825,733037,,2018-09-30,10,0,Zillow ZIP-level market for Kneeland; mapped with Census 2020 ZCTA 95549 in Humboldt County.,,,,
95524 Bayside,zcta,95524,Bayside,40.8208354,-124.0500216,654915,,2018-09-30,10,0,Zillow ZIP-level market for Bayside; mapped with Census 2020 ZCTA 95524 in Humboldt County.,,,,
95560 Redway,zcta,95560,Redway,40.1427275,-123.8388194,449978,,2018-09-30,10,0,Zillow ZIP-level market for Redway; mapped with Census 2020 ZCTA 95560 in Humboldt County.,,,,
95525 Blue Lake,zcta,95525,Blue Lake,40.9537818,-123.8244384,431173,,2018-09-30,10,0,Zillow ZIP-level market for Blue Lake; mapped with Census 2020 ZCTA 95525 in Humboldt County.,,,,
95528 Carlotta,zcta,95528,Carlotta,40.4969858,-123.9308113,533642,,2018-09-30,10,0,Zillow ZIP-level market for Carlotta; mapped with Census 2020 ZCTA 95528 in Humboldt County.,,,,
95547 Hydesville,zcta,95547,Hydesville,40.5694635,-124.0775035,473711,,2018-09-30,10,0,Zillow ZIP-level market for Hydesville; mapped with Census 2020 ZCTA 95547 in Humboldt County.,,,,
95589 Whitethorn,zcta,95589,Whitethorn,40.061443,-123.979797,410134,,2018-09-30,10,0,Zillow ZIP-level market for Whitethorn; mapped with Census 2020 ZCTA 95589 in Humboldt County.,,,,
95573 nan,zcta,95573,nan,40.9149256,-123.6687235,390563,,2018-09-30,10,0,Zillow ZIP-level market for nan; mapped with Census 2020 ZCTA 95573 in Humboldt County.,,,,
95526 Bridgeville,zcta,95526,Bridgeville,40.4615284,-123.6764866,436151,,2018-09-30,10,0,Zillow ZIP-level market for Bridgeville; mapped with Census 2020 ZCTA 95526 in Humboldt County.,,,,
95553 Myers Flat,zcta,95553,Myers Flat,40.2311522,-123.8685969,504883,,2018-09-30,10,0,Zillow ZIP-level market for Myers Flat; mapped with Census 2020 ZCTA 95553 in Humboldt County.,,,,
95503 Eureka,zcta,95503,Eureka,40.7384033,-124.1078148,366904,,2018-10-31,10,0,Zillow ZIP-level market for Eureka; mapped with Census 2020 ZCTA 95503 in Humboldt County.,,,,
95501 Eureka,zcta,95501,Eureka,40.8020101,-124.1448237,342434,,2018-10-31,10,0,Zillow ZIP-level market for Eureka; mapped with Census 2020 ZCTA 95501 in Humboldt County.,,,,
95521 Arcata,zcta,95521,Arcata,40.8433563,-124.0453337,457332,,2018-10-31,10,0,Zillow ZIP-level market for Arcata; mapped with Census 2020 ZCTA 95521 in Humboldt County.,,,,
95519 McKinleyville,zcta,95519,McKinleyville,40.9630053,-124.0525012,425517,,2018-10-31,10,0,Zillow ZIP-level market for McKinleyville; mapped with Census 2020 ZCTA 95519 in Humboldt County.,,,,
95540 Fortuna,zcta,95540,Fortuna,40.5667868,-124.1259758,366312,,2018-10-31,10,0,Zillow ZIP-level market for Fortuna; mapped with Census 2020 ZCTA 95540 in Humboldt County.,,,,
95542 Redway,zcta,95542,Redway,40.0932543,-123.7598313,596348,,2018-10-31,10,0,Zillow ZIP-level market for Redway; mapped with Census 2020 ZCTA 95542 in Humboldt County.,,,,
95562 Scotia,zcta,95562,Scotia,40.4412005,-124.1004154,300847,,2018-10-31,10,0,Zillow ZIP-level market for Scotia; mapped with Census 2020 ZCTA 95562 in Humboldt County.,,,,
95551 Eureka,zcta,95551,Eureka,40.6749872,-124.231146,454846,,2018-10-31,10,0,Zillow ZIP-level market for Eureka; mapped with Census 2020 ZCTA 95551 in Humboldt County.,,,,
95536 Ferndale,zcta,95536,Ferndale,40.5012414,-124.2099284,503071,,2018-10-31,10,0,Zillow ZIP-level market for Ferndale; mapped with Census 2020 ZCTA 95536 in Humboldt County.,,,,
95570 Trinidad,zcta,95570,Trinidad,41.1137525,-124.0826397,608142,,2018-10-31,10,0,Zillow ZIP-level market for Trinidad; mapped with Census 2020 ZCTA 95570 in Humboldt County.,,,,
95549 Kneeland,zcta,95549,Kneeland,40.6666759,-123.9083825,731003,,2018-10-31,10,0,Zillow ZIP-level market for Kneeland; mapped with Census 2020 ZCTA 95549 in Humboldt County.,,,,
95524 Bayside,zcta,95524,Bayside,40.8208354,-124.0500216,655932,,2018-10-31,10,0,Zillow ZIP-level market for Bayside; mapped with Census 2020 ZCTA 95524 in Humboldt County.,,,,
95560 Redway,zcta,95560,Redway,40.1427275,-123.8388194,450109,,2018-10-31,10,0,Zillow ZIP-level market for Redway; mapped with Census 2020 ZCTA 95560 in Humboldt County.,,,,
95525 Blue Lake,zcta,95525,Blue Lake,40.9537818,-123.8244384,430753,,2018-10-31,10,0,Zillow ZIP-level market for Blue Lake; mapped with Census 2020 ZCTA 95525 in Humboldt County.,,,,
95528 Carlotta,zcta,95528,Carlotta,40.4969858,-123.9308113,531051,,2018-10-31,10,0,Zillow ZIP-level market for Carlotta; mapped with Census 2020 ZCTA 95528 in Humboldt County.,,,,
95547 Hydesville,zcta,95547,Hydesville,40.5694635,-124.0775035,473692,,2018-10-31,10,0,Zillow ZIP-level market for Hydesville; mapped with Census 2020 ZCTA 95547 in Humboldt County.,,,,
95589 Whitethorn,zcta,95589,Whitethorn,40.061443,-123.979797,407358,,2018-10-31,10,0,Zillow ZIP-level market for Whitethorn; mapped with Census 2020 ZCTA 95589 in Humboldt County.,,,,
95573 nan,zcta,95573,nan,40.9149256,-123.6687235,388433,,2018-10-31,10,0,Zillow ZIP-level market for nan; mapped with Census 2020 ZCTA 95573 in Humboldt County.,,,,
95526 Bridgeville,zcta,95526,Bridgeville,40.4615284,-123.6764866,434999,,2018-10-31,10,0,Zillow ZIP-level market for Bridgeville; mapped with Census 2020 ZCTA 95526 in Humboldt County.,,,,
95553 Myers Flat,zcta,95553,Myers Flat,40.2311522,-123.8685969,503347,,2018-10-31,10,0,Zillow ZIP-level market for Myers Flat; mapped with Census 2020 ZCTA 95553 in Humboldt County.,,,,
95503 Eureka,zcta,95503,Eureka,40.7384033,-124.1078148,365796,,2018-11-30,10,0,Zillow ZIP-level market for Eureka; mapped with Census 2020 ZCTA 95503 in Humboldt County.,,,,
95501 Eureka,zcta,95501,Eureka,40.8020101,-124.1448237,341764,,2018-11-30,10,0,Zillow ZIP-level market for Eureka; mapped with Census 2020 ZCTA 95501 in Humboldt County.,,,,
95521 Arcata,zcta,95521,Arcata,40.8433563,-124.0453337,457051,,2018-11-30,10,0,Zillow ZIP-level market for Arcata; mapped with Census 2020 ZCTA 95521 in Humboldt County.,,,,
95519 McKinleyville,zcta,95519,McKinleyville,40.9630053,-124.0525012,425613,,2018-11-30,10,0,Zillow ZIP-level market for McKinleyville; mapped with Census 2020 ZCTA 95519 in Humboldt County.,,,,
95540 Fortuna,zcta,95540,Fortuna,40.5667868,-124.1259758,365124,,2018-11-30,10,0,Zillow ZIP-level market for Fortuna; mapped with Census 2020 ZCTA 95540 in Humboldt County.,,,,
95542 Redway,zcta,95542,Redway,40.0932543,-123.7598313,596387,,2018-11-30,10,0,Zillow ZIP-level market for Redway; mapped with Census 2020 ZCTA 95542 in Humboldt County.,,,,
95562 Scotia,zcta,95562,Scotia,40.4412005,-124.1004154,298958,,2018-11-30,10,0,Zillow ZIP-level market for Scotia; mapped with Census 2020 ZCTA 95562 in Humboldt County.,,,,
95551 Eureka,zcta,95551,Eureka,40.6749872,-124.231146,452620,,2018-11-30,10,0,Zillow ZIP-level market for Eureka; mapped with Census 2020 ZCTA 95551 in Humboldt County.,,,,
95536 Ferndale,zcta,95536,Ferndale,40.5012414,-124.2099284,502783,,2018-11-30,10,0,Zillow ZIP-level market for Ferndale; mapped with Census 2020 ZCTA 95536 in Humboldt County.,,,,
95570 Trinidad,zcta,95570,Trinidad,41.1137525,-124.0826397,605779,,2018-11-30,10,0,Zillow ZIP-level market for Trinidad; mapped with Census 2020 ZCTA 95570 in Humboldt County.,,,,
95549 Kneeland,zcta,95549,Kneeland,40.6666759,-123.9083825,726403,,2018-11-30,10,0,Zillow ZIP-level market for Kneeland; mapped with Census 2020 ZCTA 95549 in Humboldt County.,,,,
95524 Bayside,zcta,95524,Bayside,40.8208354,-124.0500216,654355,,2018-11-30,10,0,Zillow ZIP-level market for Bayside; mapped with Census 2020 ZCTA 95524 in Humboldt County.,,,,
95560 Redway,zcta,95560,Redway,40.1427275,-123.8388194,451199,,2018-11-30,10,0,Zillow ZIP-level market for Redway; mapped with Census 2020 ZCTA 95560 in Humboldt County.,,,,
95525 Blue Lake,zcta,95525,Blue Lake,40.9537818,-123.8244384,431842,,2018-11-30,10,0,Zillow ZIP-level market for Blue Lake; mapped with Census 2020 ZCTA 95525 in Humboldt County.,,,,
95528 Carlotta,zcta,95528,Carlotta,40.4969858,-123.9308113,528654,,2018-11-30,10,0,Zillow ZIP-level market for Carlotta; mapped with Census 2020 ZCTA 95528 in Humboldt County.,,,,
95547 Hydesville,zcta,95547,Hydesville,40.5694635,-124.0775035,471941,,2018-11-30,10,0,Zillow ZIP-level market for Hydesville; mapped with Census 2020 ZCTA 95547 in Humboldt County.,,,,
95589 Whitethorn,zcta,95589,Whitethorn,40.061443,-123.979797,404017,,2018-11-30,10,0,Zillow ZIP-level market for Whitethorn; mapped with Census 2020 ZCTA 95589 in Humboldt County.,,,,
95573 nan,zcta,95573,nan,40.9149256,-123.6687235,386197,,2018-11-30,10,0,Zillow ZIP-level market for nan; mapped with Census 2020 ZCTA 95573 in Humboldt County.,,,,
95526 Bridgeville,zcta,95526,Bridgeville,40.4615284,-123.6764866,434860,,2018-11-30,10,0,Zillow ZIP-level market for Bridgeville; mapped with Census 2020 ZCTA 95526 in Humboldt County.,,,,
95553 Myers Flat,zcta,95553,Myers Flat,40.2311522,-123.8685969,498631,,2018-11-30,10,0,Zillow ZIP-level market for Myers Flat; mapped with Census 2020 ZCTA 95553 in Humboldt County.,,,,
95503 Eureka,zcta,95503,Eureka,40.7384033,-124.1078148,365251,,2018-12-31,10,0,Zillow ZIP-level market for Eureka; mapped with Census 2020 ZCTA 95503 in Humboldt County.,,,,
95501 Eureka,zcta,95501,Eureka,40.8020101,-124.1448237,341649,,2018-12-31,10,0,Zillow ZIP-level market for Eureka; mapped with Census 2020 ZCTA 95501 in Humboldt County.,,,,
95521 Arcata,zcta,95521,Arcata,40.8433563,-124.0453337,457502,,2018-12-31,10,0,Zillow ZIP-level market for Arcata; mapped with Census 2020 ZCTA 95521 in Humboldt County.,,,,
95519 McKinleyville,zcta,95519,McKinleyville,40.9630053,-124.0525012,426329,,2018-12-31,10,0,Zillow ZIP-level market for McKinleyville; mapped with Census 2020 ZCTA 95519 in Humboldt County.,,,,
95540 Fortuna,zcta,95540,Fortuna,40.5667868,-124.1259758,365445,,2018-12-31,10,0,Zillow ZIP-level market for Fortuna; mapped with Census 2020 ZCTA 95540 in Humboldt County.,,,,
95542 Redway,zcta,95542,Redway,40.0932543,-123.7598313,596648,,2018-12-31,10,0,Zillow ZIP-level market for Redway; mapped with Census 2020 ZCTA 95542 in Humboldt County.,,,,
95562 Scotia,zcta,95562,Scotia,40.4412005,-124.1004154,298088,,2018-12-31,10,0,Zillow ZIP-level market for Scotia; mapped with Census 2020 ZCTA 95562 in Humboldt County.,,,,
95551 Eureka,zcta,95551,Eureka,40.6749872,-124.231146,451238,,2018-12-31,10,0,Zillow ZIP-level market for Eureka; mapped with Census 2020 ZCTA 95551 in Humboldt County.,,,,
95536 Ferndale,zcta,95536,Ferndale,40.5012414,-124.2099284,503987,,2018-12-31,10,0,Zillow ZIP-level market for Ferndale; mapped with Census 2020 ZCTA 95536 in Humboldt County.,,,,
95570 Trinidad,zcta,95570,Trinidad,41.1137525,-124.0826397,602418,,2018-12-31,10,0,Zillow ZIP-level market for Trinidad; mapped with Census 2020 ZCTA 95570 in Humboldt County.,,,,
95549 Kneeland,zcta,95549,Kneeland,40.6666759,-123.9083825,722944,,2018-12-31,10,0,Zillow ZIP-level market for Kneeland; mapped with Census 2020 ZCTA 95549 in Humboldt County.,,,,
95524 Bayside,zcta,95524,Bayside,40.8208354,-124.0500216,654395,,2018-12-31,10,0,Zillow ZIP-level market for Bayside; mapped with Census 2020 ZCTA 95524 in Humboldt County.,,,,
95560 Redway,zcta,95560,Redway,40.1427275,-123.8388194,453132,,2018-12-31,10,0,Zillow ZIP-level market for Redway; mapped with Census 2020 ZCTA 95560 in Humboldt County.,,,,
95525 Blue Lake,zcta,95525,Blue Lake,40.9537818,-123.8244384,433094,,2018-12-31,10,0,Zillow ZIP-level market for Blue Lake; mapped with Census 2020 ZCTA 95525 in Humboldt County.,,,,
95528 Carlotta,zcta,95528,Carlotta,40.4969858,-123.9308113,525402,,2018-12-31,10,0,Zillow ZIP-level market for Carlotta; mapped with Census 2020 ZCTA 95528 in Humboldt County.,,,,
95547 Hydesville,zcta,95547,Hydesville,40.5694635,-124.0775035,470525,,2018-12-31,10,0,Zillow ZIP-level market for Hydesville; mapped with Census 2020 ZCTA 95547 in Humboldt County.,,,,
95589 Whitethorn,zcta,95589,Whitethorn,40.061443,-123.979797,401617,,2018-12-31,10,0,Zillow ZIP-level market for Whitethorn; mapped with Census 2020 ZCTA 95589 in Humboldt County.,,,,
95573 nan,zcta,95573,nan,40.9149256,-123.6687235,385136,,2018-12-31,10,0,Zillow ZIP-level market for nan; mapped with Census 2020 ZCTA 95573 in Humboldt County.,,,,
95526 Bridgeville,zcta,95526,Bridgeville,40.4615284,-123.6764866,433370,,2018-12-31,10,0,Zillow ZIP-level market for Bridgeville; mapped with Census 2020 ZCTA 95526 in Humboldt County.,,,,
95553 Myers Flat,zcta,95553,Myers Flat,40.2311522,-123.8685969,495599,,2018-12-31,10,0,Zillow ZIP-level market for Myers Flat; mapped with Census 2020 ZCTA 95553 in Humboldt County.,,,,
95503 Eureka,zcta,95503,Eureka,40.7384033,-124.1078148,366334,,2019-01-31,10,0,Zillow ZIP-level market for Eureka; mapped with Census 2020 ZCTA 95503 in Humboldt County.,,,,
95501 Eureka,zcta,95501,Eureka,40.8020101,-124.1448237,342740,,2019-01-31,10,0,Zillow ZIP-level market for Eureka; mapped with Census 2020 ZCTA 95501 in Humboldt County.,,,,
95521 Arcata,zcta,95521,Arcata,40.8433563,-124.0453337,459204,,2019-01-31,10,0,Zillow ZIP-level market for Arcata; mapped with Census 2020 ZCTA 95521 in Humboldt County.,,,,
95519 McKinleyville,zcta,95519,McKinleyville,40.9630053,-124.0525012,427959,,2019-01-31,10,0,Zillow ZIP-level market for McKinleyville; mapped with Census 2020 ZCTA 95519 in Humboldt County.,,,,
95540 Fortuna,zcta,95540,Fortuna,40.5667868,-124.1259758,367728,,2019-01-31,10,0,Zillow ZIP-level market for Fortuna; mapped with Census 2020 ZCTA 95540 in Humboldt County.,,,,
95542 Redway,zcta,95542,Redway,40.0932543,-123.7598313,595569,,2019-01-31,10,0,Zillow ZIP-level market for Redway; mapped with Census 2020 ZCTA 95542 in Humboldt County.,,,,
95562 Scotia,zcta,95562,Scotia,40.4412005,-124.1004154,300237,,2019-01-31,10,0,Zillow ZIP-level market for Scotia; mapped with Census 2020 ZCTA 95562 in Humboldt County.,,,,
95551 Eureka,zcta,95551,Eureka,40.6749872,-124.231146,450867,,2019-01-31,10,0,Zillow ZIP-level market for Eureka; mapped with Census 2020 ZCTA 95551 in Humboldt County.,,,,
95536 Ferndale,zcta,95536,Ferndale,40.5012414,-124.2099284,503895,,2019-01-31,10,0,Zillow ZIP-level market for Ferndale; mapped with Census 2020 ZCTA 95536 in Humboldt County.,,,,
95570 Trinidad,zcta,95570,Trinidad,41.1137525,-124.0826397,600112,,2019-01-31,10,0,Zillow ZIP-level market for Trinidad; mapped with Census 2020 ZCTA 95570 in Humboldt County.,,,,
95549 Kneeland,zcta,95549,Kneeland,40.6666759,-123.9083825,723211,,2019-01-31,10,0,Zillow ZIP-level market for Kneeland; mapped with Census 2020 ZCTA 95549 in Humboldt County.,,,,
95524 Bayside,zcta,95524,Bayside,40.8208354,-124.0500216,658059,,2019-01-31,10,0,Zillow ZIP-level market for Bayside; mapped with Census 2020 ZCTA 95524 in Humboldt County.,,,,
95560 Redway,zcta,95560,Redway,40.1427275,-123.8388194,454046,,2019-01-31,10,0,Zillow ZIP-level market for Redway; mapped with Census 2020 ZCTA 95560 in Humboldt County.,,,,
95525 Blue Lake,zcta,95525,Blue Lake,40.9537818,-123.8244384,434210,,2019-01-31,10,0,Zillow ZIP-level market for Blue Lake; mapped with Census 2020 ZCTA 95525 in Humboldt County.,,,,
95528 Carlotta,zcta,95528,Carlotta,40.4969858,-123.9308113,523082,,2019-01-31,10,0,Zillow ZIP-level market for Carlotta; mapped with Census 2020 ZCTA 95528 in Humboldt County.,,,,
95547 Hydesville,zcta,95547,Hydesville,40.5694635,-124.0775035,470547,,2019-01-31,10,0,Zillow ZIP-level market for Hydesville; mapped with Census 2020 ZCTA 95547 in Humboldt County.,,,,
95589 Whitethorn,zcta,95589,Whitethorn,40.061443,-123.979797,401784,,2019-01-31,10,0,Zillow ZIP-level market for Whitethorn; mapped with Census 2020 ZCTA 95589 in Humboldt County.,,,,
95573 nan,zcta,95573,nan,40.9149256,-123.6687235,385147,,2019-01-31,10,0,Zillow ZIP-level market for nan; mapped with Census 2020 ZCTA 95573 in Humboldt County.,,,,
95526 Bridgeville,zcta,95526,Bridgeville,40.4615284,-123.6764866,430560,,2019-01-31,10,0,Zillow ZIP-level market for Bridgeville; mapped with Census 2020 ZCTA 95526 in Humboldt County.,,,,
95553 Myers Flat,zcta,95553,Myers Flat,40.2311522,-123.8685969,494101,,2019-01-31,10,0,Zillow ZIP-level market for Myers Flat; mapped with Census 2020 ZCTA 95553 in Humboldt County.,,,,
95503 Eureka,zcta,95503,Eureka,40.7384033,-124.1078148,369459,,2019-02-28,10,0,Zillow ZIP-level market for Eureka; mapped with Census 2020 ZCTA 95503 in Humboldt County.,,,,
95501 Eureka,zcta,95501,Eureka,40.8020101,-124.1448237,345550,,2019-02-28,10,0,Zillow ZIP-level market for Eureka; mapped with Census 2020 ZCTA 95501 in Humboldt County.,,,,
95521 Arcata,zcta,95521,Arcata,40.8433563,-124.0453337,462304,,2019-02-28,10,0,Zillow ZIP-level market for Arcata; mapped with Census 2020 ZCTA 95521 in Humboldt County.,,,,
95519 McKinleyville,zcta,95519,McKinleyville,40.9630053,-124.0525012,431474,,2019-02-28,10,0,Zillow ZIP-level market for McKinleyville; mapped with Census 2020 ZCTA 95519 in Humboldt County.,,,,
95540 Fortuna,zcta,95540,Fortuna,40.5667868,-124.1259758,372421,,2019-02-28,10,0,Zillow ZIP-level market for Fortuna; mapped with Census 2020 ZCTA 95540 in Humboldt County.,,,,
95542 Redway,zcta,95542,Redway,40.0932543,-123.7598313,598440,,2019-02-28,10,0,Zillow ZIP-level market for Redway; mapped with Census 2020 ZCTA 95542 in Humboldt County.,,,,
95562 Scotia,zcta,95562,Scotia,40.4412005,-124.1004154,305474,,2019-02-28,10,0,Zillow ZIP-level market for Scotia; mapped with Census 2020 ZCTA 95562 in Humboldt County.,,,,
95551 Eureka,zcta,95551,Eureka,40.6749872,-124.231146,452695,,2019-02-28,10,0,Zillow ZIP-level market for Eureka; mapped with Census 2020 ZCTA 95551 in Humboldt County.,,,,
95536 Ferndale,zcta,95536,Ferndale,40.5012414,-124.2099284,503385,,2019-02-28,10,0,Zillow ZIP-level market for Ferndale; mapped with Census 2020 ZCTA 95536 in Humboldt County.,,,,
95570 Trinidad,zcta,95570,Trinidad,41.1137525,-124.0826397,599583,,2019-02-28,10,0,Zillow ZIP-level market for Trinidad; mapped with Census 2020 ZCTA 95570 in Humboldt County.,,,,
95549 Kneeland,zcta,95549,Kneeland,40.6666759,-123.9083825,725728,,2019-02-28,10,0,Zillow ZIP-level market for Kneeland; mapped with Census 2020 ZCTA 95549 in Humboldt County.,,,,
95524 Bayside,zcta,95524,Bayside,40.8208354,-124.0500216,664229,,2019-02-28,10,0,Zillow ZIP-level market for Bayside; mapped with Census 2020 ZCTA 95524 in Humboldt County.,,,,
95560 Redway,zcta,95560,Redway,40.1427275,-123.8388194,456893,,2019-02-28,10,0,Zillow ZIP-level market for Redway; mapped with Census 2020 ZCTA 95560 in Humboldt County.,,,,
95525 Blue Lake,zcta,95525,Blue Lake,40.9537818,-123.8244384,437418,,2019-02-28,10,0,Zillow ZIP-level market for Blue Lake; mapped with Census 2020 ZCTA 95525 in Humboldt County.,,,,
95528 Carlotta,zcta,95528,Carlotta,40.4969858,-123.9308113,523861,,2019-02-28,10,0,Zillow ZIP-level market for Carlotta; mapped with Census 2020 ZCTA 95528 in Humboldt County.,,,,
95547 Hydesville,zcta,95547,Hydesville,40.5694635,-124.0775035,472974,,2019-02-28,10,0,Zillow ZIP-level market for Hydesville; mapped with Census 2020 ZCTA 95547 in Humboldt County.,,,,
95589 Whitethorn,zcta,95589,Whitethorn,40.061443,-123.979797,404481,,2019-02-28,10,0,Zillow ZIP-level market for Whitethorn; mapped with Census 2020 ZCTA 95589 in Humboldt County.,,,,
95573 nan,zcta,95573,nan,40.9149256,-123.6687235,387824,,2019-02-28,10,0,Zillow ZIP-level market for nan; mapped with Census 2020 ZCTA 95573 in Humboldt County.,,,,
95526 Bridgeville,zcta,95526,Bridgeville,40.4615284,-123.6764866,427247,,2019-02-28,10,0,Zillow ZIP-level market for Bridgeville; mapped with Census 2020 ZCTA 95526 in Humboldt County.,,,,
95553 Myers Flat,zcta,95553,Myers Flat,40.2311522,-123.8685969,498797,,2019-02-28,10,0,Zillow ZIP-level market for Myers Flat; mapped with Census 2020 ZCTA 95553 in Humboldt County.,,,,
95503 Eureka,zcta,95503,Eureka,40.7384033,-124.1078148,374789,,2019-03-31,10,0,Zillow ZIP-level market for Eureka; mapped with Census 2020 ZCTA 95503 in Humboldt County.,,,,
95501 Eureka,zcta,95501,Eureka,40.8020101,-124.1448237,350415,,2019-03-31,10,0,Zillow ZIP-level market for Eureka; mapped with Census 2020 ZCTA 95501 in Humboldt County.,,,,
95521 Arcata,zcta,95521,Arcata,40.8433563,-124.0453337,467537,,2019-03-31,10,0,Zillow ZIP-level market for Arcata; mapped with Census 2020 ZCTA 95521 in Humboldt County.,,,,
95519 McKinleyville,zcta,95519,McKinleyville,40.9630053,-124.0525012,436580,,2019-03-31,10,0,Zillow ZIP-level market for McKinleyville; mapped with Census 2020 ZCTA 95519 in Humboldt County.,,,,
95540 Fortuna,zcta,95540,Fortuna,40.5667868,-124.1259758,379131,,2019-03-31,10,0,Zillow ZIP-level market for Fortuna; mapped with Census 2020 ZCTA 95540 in Humboldt County.,,,,
95542 Redway,zcta,95542,Redway,40.0932543,-123.7598313,603108,,2019-03-31,10,0,Zillow ZIP-level market for Redway; mapped with Census 2020 ZCTA 95542 in Humboldt County.,,,,
95562 Scotia,zcta,95562,Scotia,40.4412005,-124.1004154,314115,,2019-03-31,10,0,Zillow ZIP-level market for Scotia; mapped with Census 2020 ZCTA 95562 in Humboldt County.,,,,
95551 Eureka,zcta,95551,Eureka,40.6749872,-124.231146,456072,,2019-03-31,10,0,Zillow ZIP-level market for Eureka; mapped with Census 2020 ZCTA 95551 in Humboldt County.,,,,
95536 Ferndale,zcta,95536,Ferndale,40.5012414,-124.2099284,503476,,2019-03-31,10,0,Zillow ZIP-level market for Ferndale; mapped with Census 2020 ZCTA 95536 in Humboldt County.,,,,
95570 Trinidad,zcta,95570,Trinidad,41.1137525,-124.0826397,602133,,2019-03-31,10,0,Zillow ZIP-level market for Trinidad; mapped with Census 2020 ZCTA 95570 in Humboldt County.,,,,
95549 Kneeland,zcta,95549,Kneeland,40.6666759,-123.9083825,732408,,2019-03-31,10,0,Zillow ZIP-level market for Kneeland; mapped with Census 2020 ZCTA 95549 in Humboldt County.,,,,
95524 Bayside,zcta,95524,Bayside,40.8208354,-124.0500216,672577,,2019-03-31,10,0,Zillow ZIP-level market for Bayside; mapped with Census 2020 ZCTA 95524 in Humboldt County.,,,,
95560 Redway,zcta,95560,Redway,40.1427275,-123.8388194,461602,,2019-03-31,10,0,Zillow ZIP-level market for Redway; mapped with Census 2020 ZCTA 95560 in Humboldt County.,,,,
95525 Blue Lake,zcta,95525,Blue Lake,40.9537818,-123.8244384,443922,,2019-03-31,10,0,Zillow ZIP-level market for Blue Lake; mapped with Census 2020 ZCTA 95525 in Humboldt County.,,,,
95528 Carlotta,zcta,95528,Carlotta,40.4969858,-123.9308113,528521,,2019-03-31,10,0,Zillow ZIP-level market for Carlotta; mapped with Census 2020 ZCTA 95528 in Humboldt County.,,,,
95547 Hydesville,zcta,95547,Hydesville,40.5694635,-124.0775035,479814,,2019-03-31,10,0,Zillow ZIP-level market for Hydesville; mapped with Census 2020 ZCTA 95547 in Humboldt County.,,,,
95589 Whitethorn,zcta,95589,Whitethorn,40.061443,-123.979797,410945,,2019-03-31,10,0,Zillow ZIP-level market for Whitethorn; mapped with Census 2020 ZCTA 95589 in Humboldt County.,,,,
95573 nan,zcta,95573,nan,40.9149256,-123.6687235,392097,,2019-03-31,10,0,Zillow ZIP-level market for nan; mapped with Census 2020 ZCTA 95573 in Humboldt County.,,,,
95526 Bridgeville,zcta,95526,Bridgeville,40.4615284,-123.6764866,426608,,2019-03-31,10,0,Zillow ZIP-level market for Bridgeville; mapped with Census 2020 ZCTA 95526 in Humboldt County.,,,,
95553 Myers Flat,zcta,95553,Myers Flat,40.2311522,-123.8685969,505998,,2019-03-31,10,0,Zillow ZIP-level market for Myers Flat; mapped with Census 2020 ZCTA 95553 in Humboldt County.,,,,
95503 Eureka,zcta,95503,Eureka,40.7384033,-124.1078148,380641,,2019-04-30,10,0,Zillow ZIP-level market for Eureka; mapped with Census 2020 ZCTA 95503 in Humboldt County.,,,,
95501 Eureka,zcta,95501,Eureka,40.8020101,-124.1448237,355306,,2019-04-30,10,0,Zillow ZIP-level market for Eureka; mapped with Census 2020 ZCTA 95501 in Humboldt County.,,,,
95521 Arcata,zcta,95521,Arcata,40.8433563,-124.0453337,472562,,2019-04-30,10,0,Zillow ZIP-level market for Arcata; mapped with Census 2020 ZCTA 95521 in Humboldt County.,,,,
95519 McKinleyville,zcta,95519,McKinleyville,40.9630053,-124.0525012,442037,,2019-04-30,10,0,Zillow ZIP-level market for McKinleyville; mapped with Census 2020 ZCTA 95519 in Humboldt County.,,,,
95540 Fortuna,zcta,95540,Fortuna,40.5667868,-124.1259758,385808,,2019-04-30,10,0,Zillow ZIP-level market for Fortuna; mapped with Census 2020 ZCTA 95540 in Humboldt County.,,,,
95542 Redway,zcta,95542,Redway,40.0932543,-123.7598313,609967,,2019-04-30,10,0,Zillow ZIP-level market for Redway; mapped with Census 2020 ZCTA 95542 in Humboldt County.,,,,
95562 Scotia,zcta,95562,Scotia,40.4412005,-124.1004154,322009,,2019-04-30,10,0,Zillow ZIP-level market for Scotia; mapped with Census 2020 ZCTA 95562 in Humboldt County.,,,,
95551 Eureka,zcta,95551,Eureka,40.6749872,-124.231146,460912,,2019-04-30,10,0,Zillow ZIP-level market for Eureka; mapped with Census 2020 ZCTA 95551 in Humboldt County.,,,,
95536 Ferndale,zcta,95536,Ferndale,40.5012414,-124.2099284,506369,,2019-04-30,10,0,Zillow ZIP-level market for Ferndale; mapped with Census 2020 ZCTA 95536 in Humboldt County.,,,,
95570 Trinidad,zcta,95570,Trinidad,41.1137525,-124.0826397,606750,,2019-04-30,10,0,Zillow ZIP-level market for Trinidad; mapped with Census 2020 ZCTA 95570 in Humboldt County.,,,,
95549 Kneeland,zcta,95549,Kneeland,40.6666759,-123.9083825,738362,,2019-04-30,10,0,Zillow ZIP-level market for Kneeland; mapped with Census 2020 ZCTA 95549 in Humboldt County.,,,,
95524 Bayside,zcta,95524,Bayside,40.8208354,-124.0500216,679840,,2019-04-30,10,0,Zillow ZIP-level market for Bayside; mapped with Census 2020 ZCTA 95524 in Humboldt County.,,,,
95560 Redway,zcta,95560,Redway,40.1427275,-123.8388194,467343,,2019-04-30,10,0,Zillow ZIP-level market for Redway; mapped with Census 2020 ZCTA 95560 in Humboldt County.,,,,
95525 Blue Lake,zcta,95525,Blue Lake,40.9537818,-123.8244384,451504,,2019-04-30,10,0,Zillow ZIP-level market for Blue Lake; mapped with Census 2020 ZCTA 95525 in Humboldt County.,,,,
95528 Carlotta,zcta,95528,Carlotta,40.4969858,-123.9308113,535769,,2019-04-30,10,0,Zillow ZIP-level market for Carlotta; mapped with Census 2020 ZCTA 95528 in Humboldt County.,,,,
95547 Hydesville,zcta,95547,Hydesville,40.5694635,-124.0775035,488659,,2019-04-30,10,0,Zillow ZIP-level market for Hydesville; mapped with Census 2020 ZCTA 95547 in Humboldt County.,,,,
95589 Whitethorn,zcta,95589,Whitethorn,40.061443,-123.979797,416665,,2019-04-30,10,0,Zillow ZIP-level market for Whitethorn; mapped with Census 2020 ZCTA 95589 in Humboldt County.,,,,
95573 nan,zcta,95573,nan,40.9149256,-123.6687235,396725,,2019-04-30,10,0,Zillow ZIP-level market for nan; mapped with Census 2020 ZCTA 95573 in Humboldt County.,,,,
95526 Bridgeville,zcta,95526,Bridgeville,40.4615284,-123.6764866,427295,,2019-04-30,10,0,Zillow ZIP-level market for Bridgeville; mapped with Census 2020 ZCTA 95526 in Humboldt County.,,,,
95553 Myers Flat,zcta,95553,Myers Flat,40.2311522,-123.8685969,513468,,2019-04-30,10,0,Zillow ZIP-level market for Myers Flat; mapped with Census 2020 ZCTA 95553 in Humboldt County.,,,,
95503 Eureka,zcta,95503,Eureka,40.7384033,-124.1078148,385746,,2019-05-31,10,0,Zillow ZIP-level market for Eureka; mapped with Census 2020 ZCTA 95503 in Humboldt County.,,,,
95501 Eureka,zcta,95501,Eureka,40.8020101,-124.1448237,359294,,2019-05-31,10,0,Zillow ZIP-level market for Eureka; mapped with Census 2020 ZCTA 95501 in Humboldt County.,,,,
95521 Arcata,zcta,95521,Arcata,40.8433563,-124.0453337,476762,,2019-05-31,10,0,Zillow ZIP-level market for Arcata; mapped with Census 2020 ZCTA 95521 in Humboldt County.,,,,
95519 McKinleyville,zcta,95519,McKinleyville,40.9630053,-124.0525012,446138,,2019-05-31,10,0,Zillow ZIP-level market for McKinleyville; mapped with Census 2020 ZCTA 95519 in Humboldt County.,,,,
95540 Fortuna,zcta,95540,Fortuna,40.5667868,-124.1259758,390582,,2019-05-31,10,0,Zillow ZIP-level market for Fortuna; mapped with Census 2020 ZCTA 95540 in Humboldt County.,,,,
95542 Redway,zcta,95542,Redway,40.0932543,-123.7598313,612623,,2019-05-31,10,0,Zillow ZIP-level market for Redway; mapped with Census 2020 ZCTA 95542 in Humboldt County.,,,,
95562 Scotia,zcta,95562,Scotia,40.4412005,-124.1004154,328580,,2019-05-31,10,0,Zillow ZIP-level market for Scotia; mapped with Census 2020 ZCTA 95562 in Humboldt County.,,,,
95551 Eureka,zcta,95551,Eureka,40.6749872,-124.231146,464113,,2019-05-31,10,0,Zillow ZIP-level market for Eureka; mapped with Census 2020 ZCTA 95551 in Humboldt County.,,,,
95536 Ferndale,zcta,95536,Ferndale,40.5012414,-124.2099284,509863,,2019-05-31,10,0,Zillow ZIP-level market for Ferndale; mapped with Census 2020 ZCTA 95536 in Humboldt County.,,,,
95570 Trinidad,zcta,95570,Trinidad,41.1137525,-124.0826397,612549,,2019-05-31,10,0,Zillow ZIP-level market for Trinidad; mapped with Census 2020 ZCTA 95570 in Humboldt County.,,,,
95549 Kneeland,zcta,95549,Kneeland,40.6666759,-123.9083825,744604,,2019-05-31,10,0,Zillow ZIP-level market for Kneeland; mapped with Census 2020 ZCTA 95549 in Humboldt County.,,,,
95524 Bayside,zcta,95524,Bayside,40.8208354,-124.0500216,686797,,2019-05-31,10,0,Zillow ZIP-level market for Bayside; mapped with Census 2020 ZCTA 95524 in Humboldt County.,,,,
95560 Redway,zcta,95560,Redway,40.1427275,-123.8388194,471591,,2019-05-31,10,0,Zillow ZIP-level market for Redway; mapped with Census 2020 ZCTA 95560 in Humboldt County.,,,,
95525 Blue Lake,zcta,95525,Blue Lake,40.9537818,-123.8244384,457378,,2019-05-31,10,0,Zillow ZIP-level market for Blue Lake; mapped with Census 2020 ZCTA 95525 in Humboldt County.,,,,
95528 Carlotta,zcta,95528,Carlotta,40.4969858,-123.9308113,541924,,2019-05-31,10,0,Zillow ZIP-level market for Carlotta; mapped with Census 2020 ZCTA 95528 in Humboldt County.,,,,
95547 Hydesville,zcta,95547,Hydesville,40.5694635,-124.0775035,497766,,2019-05-31,10,0,Zillow ZIP-level market for Hydesville; mapped with Census 2020 ZCTA 95547 in Humboldt County.,,,,
95589 Whitethorn,zcta,95589,Whitethorn,40.061443,-123.979797,421023,,2019-05-31,10,0,Zillow ZIP-level market for Whitethorn; mapped with Census 2020 ZCTA 95589 in Humboldt County.,,,,
95573 nan,zcta,95573,nan,40.9149256,-123.6687235,399337,,2019-05-31,10,0,Zillow ZIP-level market for nan; mapped with Census 2020 ZCTA 95573 in Humboldt County.,,,,
95526 Bridgeville,zcta,95526,Bridgeville,40.4615284,-123.6764866,430115,,2019-05-31,10,0,Zillow ZIP-level market for Bridgeville; mapped with Census 2020 ZCTA 95526 in Humboldt County.,,,,
95553 Myers Flat,zcta,95553,Myers Flat,40.2311522,-123.8685969,518421,,2019-05-31,10,0,Zillow ZIP-level market for Myers Flat; mapped with Census 2020 ZCTA 95553 in Humboldt County.,,,,
95503 Eureka,zcta,95503,Eureka,40.7384033,-124.1078148,390161,,2019-06-30,10,0,Zillow ZIP-level market for Eureka; mapped with Census 2020 ZCTA 95503 in Humboldt County.,,,,
95501 Eureka,zcta,95501,Eureka,40.8020101,-124.1448237,362357,,2019-06-30,10,0,Zillow ZIP-level market for Eureka; mapped with Census 2020 ZCTA 95501 in Humboldt County.,,,,
95521 Arcata,zcta,95521,Arcata,40.8433563,-124.0453337,480367,,2019-06-30,10,0,Zillow ZIP-level market for Arcata; mapped with Census 2020 ZCTA 95521 in Humboldt County.,,,,
95519 McKinleyville,zcta,95519,McKinleyville,40.9630053,-124.0525012,449896,,2019-06-30,10,0,Zillow ZIP-level market for McKinleyville; mapped with Census 2020 ZCTA 95519 in Humboldt County.,,,,
95540 Fortuna,zcta,95540,Fortuna,40.5667868,-124.1259758,394073,,2019-06-30,10,0,Zillow ZIP-level market for Fortuna; mapped with Census 2020 ZCTA 95540 in Humboldt County.,,,,
95542 Redway,zcta,95542,Redway,40.0932543,-123.7598313,615547,,2019-06-30,10,0,Zillow ZIP-level market for Redway; mapped with Census 2020 ZCTA 95542 in Humboldt County.,,,,
95562 Scotia,zcta,95562,Scotia,40.4412005,-124.1004154,333845,,2019-06-30,10,0,Zillow ZIP-level market for Scotia; mapped with Census 2020 ZCTA 95562 in Humboldt County.,,,,
95551 Eureka,zcta,95551,Eureka,40.6749872,-124.231146,467570,,2019-06-30,10,0,Zillow ZIP-level market for Eureka; mapped with Census 2020 ZCTA 95551 in Humboldt County.,,,,
95536 Ferndale,zcta,95536,Ferndale,40.5012414,-124.2099284,514642,,2019-06-30,10,0,Zillow ZIP-level market for Ferndale; mapped with Census 2020 ZCTA 95536 in Humboldt County.,,,,
95570 Trinidad,zcta,95570,Trinidad,41.1137525,-124.0826397,620764,,2019-06-30,10,0,Zillow ZIP-level market for Trinidad; mapped with Census 2020 ZCTA 95570 in Humboldt County.,,,,
95549 Kneeland,zcta,95549,Kneeland,40.6666759,-123.9083825,750743,,2019-06-30,10,0,Zillow ZIP-level market for Kneeland; mapped with Census 2020 ZCTA 95549 in Humboldt County.,,,,
95524 Bayside,zcta,95524,Bayside,40.8208354,-124.0500216,691981,,2019-06-30,10,0,Zillow ZIP-level market for Bayside; mapped with Census 2020 ZCTA 95524 in Humboldt County.,,,,
95560 Redway,zcta,95560,Redway,40.1427275,-123.8388194,473229,,2019-06-30,10,0,Zillow ZIP-level market for Redway; mapped with Census 2020 ZCTA 95560 in Humboldt County.,,,,
95525 Blue Lake,zcta,95525,Blue Lake,40.9537818,-123.8244384,462193,,2019-06-30,10,0,Zillow ZIP-level market for Blue Lake; mapped with Census 2020 ZCTA 95525 in Humboldt County.,,,,
95528 Carlotta,zcta,95528,Carlotta,40.4969858,-123.9308113,548783,,2019-06-30,10,0,Zillow ZIP-level market for Carlotta; mapped with Census 2020 ZCTA 95528 in Humboldt County.,,,,
95547 Hydesville,zcta,95547,Hydesville,40.5694635,-124.0775035,504975,,2019-06-30,10,0,Zillow ZIP-level market for Hydesville; mapped with Census 2020 ZCTA 95547 in Humboldt County.,,,,
95589 Whitethorn,zcta,95589,Whitethorn,40.061443,-123.979797,423375,,2019-06-30,10,0,Zillow ZIP-level market for Whitethorn; mapped with Census 2020 ZCTA 95589 in Humboldt County.,,,,
95573 nan,zcta,95573,nan,40.9149256,-123.6687235,401895,,2019-06-30,10,0,Zillow ZIP-level market for nan; mapped with Census 2020 ZCTA 95573 in Humboldt County.,,,,
95526 Bridgeville,zcta,95526,Bridgeville,40.4615284,-123.6764866,434147,,2019-06-30,10,0,Zillow ZIP-level market for Bridgeville; mapped with Census 2020 ZCTA 95526 in Humboldt County.,,,,
95553 Myers Flat,zcta,95553,Myers Flat,40.2311522,-123.8685969,525653,,2019-06-30,10,0,Zillow ZIP-level market for Myers Flat; mapped with Census 2020 ZCTA 95553 in Humboldt County.,,,,
95503 Eureka,zcta,95503,Eureka,40.7384033,-124.1078148,392920,,2019-07-31,10,0,Zillow ZIP-level market for Eureka; mapped with Census 2020 ZCTA 95503 in Humboldt County.,,,,
95501 Eureka,zcta,95501,Eureka,40.8020101,-124.1448237,364028,,2019-07-31,10,0,Zillow ZIP-level market for Eureka; mapped with Census 2020 ZCTA 95501 in Humboldt County.,,,,
95521 Arcata,zcta,95521,Arcata,40.8433563,-124.0453337,482519,,2019-07-31,10,0,Zillow ZIP-level market for Arcata; mapped with Census 2020 ZCTA 95521 in Humboldt County.,,,,
95519 McKinleyville,zcta,95519,McKinleyville,40.9630053,-124.0525012,452087,,2019-07-31,10,0,Zillow ZIP-level market for McKinleyville; mapped with Census 2020 ZCTA 95519 in Humboldt County.,,,,
95540 Fortuna,zcta,95540,Fortuna,40.5667868,-124.1259758,395282,,2019-07-31,10,0,Zillow ZIP-level market for Fortuna; mapped with Census 2020 ZCTA 95540 in Humboldt County.,,,,
95542 Redway,zcta,95542,Redway,40.0932543,-123.7598313,615854,,2019-07-31,10,0,Zillow ZIP-level market for Redway; mapped with Census 2020 ZCTA 95542 in Humboldt County.,,,,
95562 Scotia,zcta,95562,Scotia,40.4412005,-124.1004154,337082,,2019-07-31,10,0,Zillow ZIP-level market for Scotia; mapped with Census 2020 ZCTA 95562 in Humboldt County.,,,,
95551 Eureka,zcta,95551,Eureka,40.6749872,-124.231146,469904,,2019-07-31,10,0,Zillow ZIP-level market for Eureka; mapped with Census 2020 ZCTA 95551 in Humboldt County.,,,,
95536 Ferndale,zcta,95536,Ferndale,40.5012414,-124.2099284,517117,,2019-07-31,10,0,Zillow ZIP-level market for Ferndale; mapped with Census 2020 ZCTA 95536 in Humboldt County.,,,,
95570 Trinidad,zcta,95570,Trinidad,41.1137525,-124.0826397,625237,,2019-07-31,10,0,Zillow ZIP-level market for Trinidad; mapped with Census 2020 ZCTA 95570 in Humboldt County.,,,,
95549 Kneeland,zcta,95549,Kneeland,40.6666759,-123.9083825,756497,,2019-07-31,10,0,Zillow ZIP-level market for Kneeland; mapped with Census 2020 ZCTA 95549 in Humboldt County.,,,,
95524 Bayside,zcta,95524,Bayside,40.8208354,-124.0500216,694903,,2019-07-31,10,0,Zillow ZIP-level market for Bayside; mapped with Census 2020 ZCTA 95524 in Humboldt County.,,,,
95560 Redway,zcta,95560,Redway,40.1427275,-123.8388194,473692,,2019-07-31,10,0,Zillow ZIP-level market for Redway; mapped with Census 2020 ZCTA 95560 in Humboldt County.,,,,
95525 Blue Lake,zcta,95525,Blue Lake,40.9537818,-123.8244384,464870,,2019-07-31,10,0,Zillow ZIP-level market for Blue Lake; mapped with Census 2020 ZCTA 95525 in Humboldt County.,,,,
95528 Carlotta,zcta,95528,Carlotta,40.4969858,-123.9308113,552770,,2019-07-31,10,0,Zillow ZIP-level market for Carlotta; mapped with Census 2020 ZCTA 95528 in Humboldt County.,,,,
95547 Hydesville,zcta,95547,Hydesville,40.5694635,-124.0775035,508354,,2019-07-31,10,0,Zillow ZIP-level market for Hydesville; mapped with Census 2020 ZCTA 95547 in Humboldt County.,,,,
95589 Whitethorn,zcta,95589,Whitethorn,40.061443,-123.979797,425398,,2019-07-31,10,0,Zillow ZIP-level market for Whitethorn; mapped with Census 2020 ZCTA 95589 in Humboldt County.,,,,
95573 nan,zcta,95573,nan,40.9149256,-123.6687235,402522,,2019-07-31,10,0,Zillow ZIP-level market for nan; mapped with Census 2020 ZCTA 95573 in Humboldt County.,,,,
95526 Bridgeville,zcta,95526,Bridgeville,40.4615284,-123.6764866,439280,,2019-07-31,10,0,Zillow ZIP-level market for Bridgeville; mapped with Census 2020 ZCTA 95526 in Humboldt County.,,,,
95553 Myers Flat,zcta,95553,Myers Flat,40.2311522,-123.8685969,530463,,2019-07-31,10,0,Zillow ZIP-level market for Myers Flat; mapped with Census 2020 ZCTA 95553 in Humboldt County.,,,,
95503 Eureka,zcta,95503,Eureka,40.7384033,-124.1078148,395607,,2019-08-31,10,0,Zillow ZIP-level market for Eureka; mapped with Census 2020 ZCTA 95503 in Humboldt County.,,,,
95501 Eureka,zcta,95501,Eureka,40.8020101,-124.1448237,365226,,2019-08-31,10,0,Zillow ZIP-level market for Eureka; mapped with Census 2020 ZCTA 95501 in Humboldt County.,,,,
95521 Arcata,zcta,95521,Arcata,40.8433563,-124.0453337,484330,,2019-08-31,10,0,Zillow ZIP-level market for Arcata; mapped with Census 2020 ZCTA 95521 in Humboldt County.,,,,
95519 McKinleyville,zcta,95519,McKinleyville,40.9630053,-124.0525012,454075,,2019-08-31,10,0,Zillow ZIP-level market for McKinleyville; mapped with Census 2020 ZCTA 95519 in Humboldt County.,,,,
95540 Fortuna,zcta,95540,Fortuna,40.5667868,-124.1259758,396346,,2019-08-31,10,0,Zillow ZIP-level market for Fortuna; mapped with Census 2020 ZCTA 95540 in Humboldt County.,,,,
95542 Redway,zcta,95542,Redway,40.0932543,-123.7598313,615894,,2019-08-31,10,0,Zillow ZIP-level market for Redway; mapped with Census 2020 ZCTA 95542 in Humboldt County.,,,,
95562 Scotia,zcta,95562,Scotia,40.4412005,-124.1004154,339365,,2019-08-31,10,0,Zillow ZIP-level market for Scotia; mapped with Census 2020 ZCTA 95562 in Humboldt County.,,,,
95551 Eureka,zcta,95551,Eureka,40.6749872,-124.231146,472485,,2019-08-31,10,0,Zillow ZIP-level market for Eureka; mapped with Census 2020 ZCTA 95551 in Humboldt County.,,,,
95536 Ferndale,zcta,95536,Ferndale,40.5012414,-124.2099284,518531,,2019-08-31,10,0,Zillow ZIP-level market for Ferndale; mapped with Census 2020 ZCTA 95536 in Humboldt County.,,,,
95570 Trinidad,zcta,95570,Trinidad,41.1137525,-124.0826397,628065,,2019-08-31,10,0,Zillow ZIP-level market for Trinidad; mapped with Census 2020 ZCTA 95570 in Humboldt County.,,,,
95549 Kneeland,zcta,95549,Kneeland,40.6666759,-123.9083825,764355,,2019-08-31,10,0,Zillow ZIP-level market for Kneeland; mapped with Census 2020 ZCTA 95549 in Humboldt County.,,,,
95524 Bayside,zcta,95524,Bayside,40.8208354,-124.0500216,697266,,2019-08-31,10,0,Zillow ZIP-level market for Bayside; mapped with Census 2020 ZCTA 95524 in Humboldt County.,,,,
95560 Redway,zcta,95560,Redway,40.1427275,-123.8388194,471685,,2019-08-31,10,0,Zillow ZIP-level market for Redway; mapped with Census 2020 ZCTA 95560 in Humboldt County.,,,,
95525 Blue Lake,zcta,95525,Blue Lake,40.9537818,-123.8244384,466764,,2019-08-31,10,0,Zillow ZIP-level market for Blue Lake; mapped with Census 2020 ZCTA 95525 in Humboldt County.,,,,
95528 Carlotta,zcta,95528,Carlotta,40.4969858,-123.9308113,555656,,2019-08-31,10,0,Zillow ZIP-level market for Carlotta; mapped with Census 2020 ZCTA 95528 in Humboldt County.,,,,
95547 Hydesville,zcta,95547,Hydesville,40.5694635,-124.0775035,510435,,2019-08-31,10,0,Zillow ZIP-level market for Hydesville; mapped with Census 2020 ZCTA 95547 in Humboldt County.,,,,
95589 Whitethorn,zcta,95589,Whitethorn,40.061443,-123.979797,426728,,2019-08-31,10,0,Zillow ZIP-level market for Whitethorn; mapped with Census 2020 ZCTA 95589 in Humboldt County.,,,,
95573 nan,zcta,95573,nan,40.9149256,-123.6687235,404896,,2019-08-31,10,0,Zillow ZIP-level market for nan; mapped with Census 2020 ZCTA 95573 in Humboldt County.,,,,
95526 Bridgeville,zcta,95526,Bridgeville,40.4615284,-123.6764866,442467,,2019-08-31,10,0,Zillow ZIP-level market for Bridgeville; mapped with Census 2020 ZCTA 95526 in Humboldt County.,,,,
95553 Myers Flat,zcta,95553,Myers Flat,40.2311522,-123.8685969,534122,,2019-08-31,10,0,Zillow ZIP-level market for Myers Flat; mapped with Census 2020 ZCTA 95553 in Humboldt County.,,,,
95503 Eureka,zcta,95503,Eureka,40.7384033,-124.1078148,396130,,2019-09-30,10,0,Zillow ZIP-level market for Eureka; mapped with Census 2020 ZCTA 95503 in Humboldt County.,,,,
95501 Eureka,zcta,95501,Eureka,40.8020101,-124.1448237,364313,,2019-09-30,10,0,Zillow ZIP-level market for Eureka; mapped with Census 2020 ZCTA 95501 in Humboldt County.,,,,
95521 Arcata,zcta,95521,Arcata,40.8433563,-124.0453337,483618,,2019-09-30,10,0,Zillow ZIP-level market for Arcata; mapped with Census 2020 ZCTA 95521 in Humboldt County.,,,,
95519 McKinleyville,zcta,95519,McKinleyville,40.9630053,-124.0525012,453968,,2019-09-30,10,0,Zillow ZIP-level market for McKinleyville; mapped with Census 2020 ZCTA 95519 in Humboldt County.,,,,
95540 Fortuna,zcta,95540,Fortuna,40.5667868,-124.1259758,395771,,2019-09-30,10,0,Zillow ZIP-level market for Fortuna; mapped with Census 2020 ZCTA 95540 in Humboldt County.,,,,
95542 Redway,zcta,95542,Redway,40.0932543,-123.7598313,613486,,2019-09-30,10,0,Zillow ZIP-level market for Redway; mapped with Census 2020 ZCTA 95542 in Humboldt County.,,,,
95562 Scotia,zcta,95562,Scotia,40.4412005,-124.1004154,339585,,2019-09-30,10,0,Zillow ZIP-level market for Scotia; mapped with Census 2020 ZCTA 95562 in Humboldt County.,,,,
95551 Eureka,zcta,95551,Eureka,40.6749872,-124.231146,472608,,2019-09-30,10,0,Zillow ZIP-level market for Eureka; mapped with Census 2020 ZCTA 95551 in Humboldt County.,,,,
95536 Ferndale,zcta,95536,Ferndale,40.5012414,-124.2099284,517536,,2019-09-30,10,0,Zillow ZIP-level market for Ferndale; mapped with Census 2020 ZCTA 95536 in Humboldt County.,,,,
95570 Trinidad,zcta,95570,Trinidad,41.1137525,-124.0826397,626906,,2019-09-30,10,0,Zillow ZIP-level market for Trinidad; mapped with Census 2020 ZCTA 95570 in Humboldt County.,,,,
95549 Kneeland,zcta,95549,Kneeland,40.6666759,-123.9083825,769530,,2019-09-30,10,0,Zillow ZIP-level market for Kneeland; mapped with Census 2020 ZCTA 95549 in Humboldt County.,,,,
95524 Bayside,zcta,95524,Bayside,40.8208354,-124.0500216,697771,,2019-09-30,10,0,Zillow ZIP-level market for Bayside; mapped with Census 2020 ZCTA 95524 in Humboldt County.,,,,
95560 Redway,zcta,95560,Redway,40.1427275,-123.8388194,467785,,2019-09-30,10,0,Zillow ZIP-level market for Redway; mapped with Census 2020 ZCTA 95560 in Humboldt County.,,,,
95525 Blue Lake,zcta,95525,Blue Lake,40.9537818,-123.8244384,465172,,2019-09-30,10,0,Zillow ZIP-level market for Blue Lake; mapped with Census 2020 ZCTA 95525 in Humboldt County.,,,,
95528 Carlotta,zcta,95528,Carlotta,40.4969858,-123.9308113,554802,,2019-09-30,10,0,Zillow ZIP-level market for Carlotta; mapped with Census 2020 ZCTA 95528 in Humboldt County.,,,,
95547 Hydesville,zcta,95547,Hydesville,40.5694635,-124.0775035,510114,,2019-09-30,10,0,Zillow ZIP-level market for Hydesville; mapped with Census 2020 ZCTA 95547 in Humboldt County.,,,,
95589 Whitethorn,zcta,95589,Whitethorn,40.061443,-123.979797,426469,,2019-09-30,10,0,Zillow ZIP-level market for Whitethorn; mapped with Census 2020 ZCTA 95589 in Humboldt County.,,,,
95573 nan,zcta,95573,nan,40.9149256,-123.6687235,405902,,2019-09-30,10,0,Zillow ZIP-level market for nan; mapped with Census 2020 ZCTA 95573 in Humboldt County.,,,,
95526 Bridgeville,zcta,95526,Bridgeville,40.4615284,-123.6764866,443492,,2019-09-30,10,0,Zillow ZIP-level market for Bridgeville; mapped with Census 2020 ZCTA 95526 in Humboldt County.,,,,
95553 Myers Flat,zcta,95553,Myers Flat,40.2311522,-123.8685969,533231,,2019-09-30,10,0,Zillow ZIP-level market for Myers Flat; mapped with Census 2020 ZCTA 95553 in Humboldt County.,,,,
95503 Eureka,zcta,95503,Eureka,40.7384033,-124.1078148,396991,,2019-10-31,10,0,Zillow ZIP-level market for Eureka; mapped with Census 2020 ZCTA 95503 in Humboldt County.,,,,
95501 Eureka,zcta,95501,Eureka,40.8020101,-124.1448237,364026,,2019-10-31,10,0,Zillow ZIP-level market for Eureka; mapped with Census 2020 ZCTA 95501 in Humboldt County.,,,,
95521 Arcata,zcta,95521,Arcata,40.8433563,-124.0453337,482493,,2019-10-31,10,0,Zillow ZIP-level market for Arcata; mapped with Census 2020 ZCTA 95521 in Humboldt County.,,,,
95519 McKinleyville,zcta,95519,McKinleyville,40.9630053,-124.0525012,454186,,2019-10-31,10,0,Zillow ZIP-level market for McKinleyville; mapped with Census 2020 ZCTA 95519 in Humboldt County.,,,,
95540 Fortuna,zcta,95540,Fortuna,40.5667868,-124.1259758,395552,,2019-10-31,10,0,Zillow ZIP-level market for Fortuna; mapped with Census 2020 ZCTA 95540 in Humboldt County.,,,,
95542 Redway,zcta,95542,Redway,40.0932543,-123.7598313,611888,,2019-10-31,10,0,Zillow ZIP-level market for Redway; mapped with Census 2020 ZCTA 95542 in Humboldt County.,,,,
95562 Scotia,zcta,95562,Scotia,40.4412005,-124.1004154,339790,,2019-10-31,10,0,Zillow ZIP-level market for Scotia; mapped with Census 2020 ZCTA 95562 in Humboldt County.,,,,
95551 Eureka,zcta,95551,Eureka,40.6749872,-124.231146,472190,,2019-10-31,10,0,Zillow ZIP-level market for Eureka; mapped with Census 2020 ZCTA 95551 in Humboldt County.,,,,
95536 Ferndale,zcta,95536,Ferndale,40.5012414,-124.2099284,516551,,2019-10-31,10,0,Zillow ZIP-level market for Ferndale; mapped with Census 2020 ZCTA 95536 in Humboldt County.,,,,
95570 Trinidad,zcta,95570,Trinidad,41.1137525,-124.0826397,627993,,2019-10-31,10,0,Zillow ZIP-level market for Trinidad; mapped with Census 2020 ZCTA 95570 in Humboldt County.,,,,
95549 Kneeland,zcta,95549,Kneeland,40.6666759,-123.9083825,772389,,2019-10-31,10,0,Zillow ZIP-level market for Kneeland; mapped with Census 2020 ZCTA 95549 in Humboldt County.,,,,
95524 Bayside,zcta,95524,Bayside,40.8208354,-124.0500216,699275,,2019-10-31,10,0,Zillow ZIP-level market for Bayside; mapped with Census 2020 ZCTA 95524 in Humboldt County.,,,,
95560 Redway,zcta,95560,Redway,40.1427275,-123.8388194,464637,,2019-10-31,10,0,Zillow ZIP-level market for Redway; mapped with Census 2020 ZCTA 95560 in Humboldt County.,,,,
95525 Blue Lake,zcta,95525,Blue Lake,40.9537818,-123.8244384,463136,,2019-10-31,10,0,Zillow ZIP-level market for Blue Lake; mapped with Census 2020 ZCTA 95525 in Humboldt County.,,,,
95528 Carlotta,zcta,95528,Carlotta,40.4969858,-123.9308113,553932,,2019-10-31,10,0,Zillow ZIP-level market for Carlotta; mapped with Census 2020 ZCTA 95528 in Humboldt County.,,,,
95547 Hydesville,zcta,95547,Hydesville,40.5694635,-124.0775035,509877,,2019-10-31,10,0,Zillow ZIP-level market for Hydesville; mapped with Census 2020 ZCTA 95547 in Humboldt County.,,,,
95589 Whitethorn,zcta,95589,Whitethorn,40.061443,-123.979797,424523,,2019-10-31,10,0,Zillow ZIP-level market for Whitethorn; mapped with Census 2020 ZCTA 95589 in Humboldt County.,,,,
95573 nan,zcta,95573,nan,40.9149256,-123.6687235,406936,,2019-10-31,10,0,Zillow ZIP-level market for nan; mapped with Census 2020 ZCTA 95573 in Humboldt County.,,,,
95526 Bridgeville,zcta,95526,Bridgeville,40.4615284,-123.6764866,443365,,2019-10-31,10,0,Zillow ZIP-level market for Bridgeville; mapped with Census 2020 ZCTA 95526 in Humboldt County.,,,,
95553 Myers Flat,zcta,95553,Myers Flat,40.2311522,-123.8685969,532399,,2019-10-31,10,0,Zillow ZIP-level market for Myers Flat; mapped with Census 2020 ZCTA 95553 in Humboldt County.,,,,
95503 Eureka,zcta,95503,Eureka,40.7384033,-124.1078148,398625,,2019-11-30,10,0,Zillow ZIP-level market for Eureka; mapped with Census 2020 ZCTA 95503 in Humboldt County.,,,,
95501 Eureka,zcta,95501,Eureka,40.8020101,-124.1448237,365819,,2019-11-30,10,0,Zillow ZIP-level market for Eureka; mapped with Census 2020 ZCTA 95501 in Humboldt County.,,,,
95521 Arcata,zcta,95521,Arcata,40.8433563,-124.0453337,482404,,2019-11-30,10,0,Zillow ZIP-level market for Arcata; mapped with Census 2020 ZCTA 95521 in Humboldt County.,,,,
95519 McKinleyville,zcta,95519,McKinleyville,40.9630053,-124.0525012,455293,,2019-11-30,10,0,Zillow ZIP-level market for McKinleyville; mapped with Census 2020 ZCTA 95519 in Humboldt County.,,,,
95540 Fortuna,zcta,95540,Fortuna,40.5667868,-124.1259758,396004,,2019-11-30,10,0,Zillow ZIP-level market for Fortuna; mapped with Census 2020 ZCTA 95540 in Humboldt County.,,,,
95542 Redway,zcta,95542,Redway,40.0932543,-123.7598313,611400,,2019-11-30,10,0,Zillow ZIP-level market for Redway; mapped with Census 2020 ZCTA 95542 in Humboldt County.,,,,
95562 Scotia,zcta,95562,Scotia,40.4412005,-124.1004154,340809,,2019-11-30,10,0,Zillow ZIP-level market for Scotia; mapped with Census 2020 ZCTA 95562 in Humboldt County.,,,,
95551 Eureka,zcta,95551,Eureka,40.6749872,-124.231146,472080,,2019-11-30,10,0,Zillow ZIP-level market for Eureka; mapped with Census 2020 ZCTA 95551 in Humboldt County.,,,,
95536 Ferndale,zcta,95536,Ferndale,40.5012414,-124.2099284,517701,,2019-11-30,10,0,Zillow ZIP-level market for Ferndale; mapped with Census 2020 ZCTA 95536 in Humboldt County.,,,,
95570 Trinidad,zcta,95570,Trinidad,41.1137525,-124.0826397,630053,,2019-11-30,10,0,Zillow ZIP-level market for Trinidad; mapped with Census 2020 ZCTA 95570 in Humboldt County.,,,,
95549 Kneeland,zcta,95549,Kneeland,40.6666759,-123.9083825,774020,,2019-11-30,10,0,Zillow ZIP-level market for Kneeland; mapped with Census 2020 ZCTA 95549 in Humboldt County.,,,,
95524 Bayside,zcta,95524,Bayside,40.8208354,-124.0500216,700031,,2019-11-30,10,0,Zillow ZIP-level market for Bayside; mapped with Census 2020 ZCTA 95524 in Humboldt County.,,,,
95560 Redway,zcta,95560,Redway,40.1427275,-123.8388194,464045,,2019-11-30,10,0,Zillow ZIP-level market for Redway; mapped with Census 2020 ZCTA 95560 in Humboldt County.,,,,
95525 Blue Lake,zcta,95525,Blue Lake,40.9537818,-123.8244384,464060,,2019-11-30,10,0,Zillow ZIP-level market for Blue Lake; mapped with Census 2020 ZCTA 95525 in Humboldt County.,,,,
95528 Carlotta,zcta,95528,Carlotta,40.4969858,-123.9308113,554464,,2019-11-30,10,0,Zillow ZIP-level market for Carlotta; mapped with Census 2020 ZCTA 95528 in Humboldt County.,,,,
95547 Hydesville,zcta,95547,Hydesville,40.5694635,-124.0775035,511754,,2019-11-30,10,0,Zillow ZIP-level market for Hydesville; mapped with Census 2020 ZCTA 95547 in Humboldt County.,,,,
95589 Whitethorn,zcta,95589,Whitethorn,40.061443,-123.979797,423381,,2019-11-30,10,0,Zillow ZIP-level market for Whitethorn; mapped with Census 2020 ZCTA 95589 in Humboldt County.,,,,
95573 nan,zcta,95573,nan,40.9149256,-123.6687235,406907,,2019-11-30,10,0,Zillow ZIP-level market for nan; mapped with Census 2020 ZCTA 95573 in Humboldt County.,,,,
95526 Bridgeville,zcta,95526,Bridgeville,40.4615284,-123.6764866,444597,,2019-11-30,10,0,Zillow ZIP-level market for Bridgeville; mapped with Census 2020 ZCTA 95526 in Humboldt County.,,,,
95553 Myers Flat,zcta,95553,Myers Flat,40.2311522,-123.8685969,532238,,2019-11-30,10,0,Zillow ZIP-level market for Myers Flat; mapped with Census 2020 ZCTA 95553 in Humboldt County.,,,,
95503 Eureka,zcta,95503,Eureka,40.7384033,-124.1078148,401302,,2019-12-31,10,0,Zillow ZIP-level market for Eureka; mapped with Census 2020 ZCTA 95503 in Humboldt County.,,,,
95501 Eureka,zcta,95501,Eureka,40.8020101,-124.1448237,369158,,2019-12-31,10,0,Zillow ZIP-level market for Eureka; mapped with Census 2020 ZCTA 95501 in Humboldt County.,,,,
95521 Arcata,zcta,95521,Arcata,40.8433563,-124.0453337,483275,,2019-12-31,10,0,Zillow ZIP-level market for Arcata; mapped with Census 2020 ZCTA 95521 in Humboldt County.,,,,
95519 McKinleyville,zcta,95519,McKinleyville,40.9630053,-124.0525012,457563,,2019-12-31,10,0,Zillow ZIP-level market for McKinleyville; mapped with Census 2020 ZCTA 95519 in Humboldt County.,,,,
95540 Fortuna,zcta,95540,Fortuna,40.5667868,-124.1259758,397524,,2019-12-31,10,0,Zillow ZIP-level market for Fortuna; mapped with Census 2020 ZCTA 95540 in Humboldt County.,,,,
95542 Redway,zcta,95542,Redway,40.0932543,-123.7598313,608319,,2019-12-31,10,0,Zillow ZIP-level market for Redway; mapped with Census 2020 ZCTA 95542 in Humboldt County.,,,,
95562 Scotia,zcta,95562,Scotia,40.4412005,-124.1004154,342222,,2019-12-31,10,0,Zillow ZIP-level market for Scotia; mapped with Census 2020 ZCTA 95562 in Humboldt County.,,,,
95551 Eureka,zcta,95551,Eureka,40.6749872,-124.231146,472887,,2019-12-31,10,0,Zillow ZIP-level market for Eureka; mapped with Census 2020 ZCTA 95551 in Humboldt County.,,,,
95536 Ferndale,zcta,95536,Ferndale,40.5012414,-124.2099284,518120,,2019-12-31,10,0,Zillow ZIP-level market for Ferndale; mapped with Census 2020 ZCTA 95536 in Humboldt County.,,,,
95570 Trinidad,zcta,95570,Trinidad,41.1137525,-124.0826397,630412,,2019-12-31,10,0,Zillow ZIP-level market for Trinidad; mapped with Census 2020 ZCTA 95570 in Humboldt County.,,,,
95549 Kneeland,zcta,95549,Kneeland,40.6666759,-123.9083825,774489,,2019-12-31,10,0,Zillow ZIP-level market for Kneeland; mapped with Census 2020 ZCTA 95549 in Humboldt County.,,,,
95524 Bayside,zcta,95524,Bayside,40.8208354,-124.0500216,701632,,2019-12-31,10,0,Zillow ZIP-level market for Bayside; mapped with Census 2020 ZCTA 95524 in Humboldt County.,,,,
95560 Redway,zcta,95560,Redway,40.1427275,-123.8388194,464067,,2019-12-31,10,0,Zillow ZIP-level market for Redway; mapped with Census 2020 ZCTA 95560 in Humboldt County.,,,,
95525 Blue Lake,zcta,95525,Blue Lake,40.9537818,-123.8244384,465512,,2019-12-31,10,0,Zillow ZIP-level market for Blue Lake; mapped with Census 2020 ZCTA 95525 in Humboldt County.,,,,
95528 Carlotta,zcta,95528,Carlotta,40.4969858,-123.9308113,554744,,2019-12-31,10,0,Zillow ZIP-level market for Carlotta; mapped with Census 2020 ZCTA 95528 in Humboldt County.,,,,
95547 Hydesville,zcta,95547,Hydesville,40.5694635,-124.0775035,516027,,2019-12-31,10,0,Zillow ZIP-level market for Hydesville; mapped with Census 2020 ZCTA 95547 in Humboldt County.,,,,
95589 Whitethorn,zcta,95589,Whitethorn,40.061443,-123.979797,421172,,2019-12-31,10,0,Zillow ZIP-level market for Whitethorn; mapped with Census 2020 ZCTA 95589 in Humboldt County.,,,,
95573 nan,zcta,95573,nan,40.9149256,-123.6687235,406265,,2019-12-31,10,0,Zillow ZIP-level market for nan; mapped with Census 2020 ZCTA 95573 in Humboldt County.,,,,
95526 Bridgeville,zcta,95526,Bridgeville,40.4615284,-123.6764866,443666,,2019-12-31,10,0,Zillow ZIP-level market for Bridgeville; mapped with Census 2020 ZCTA 95526 in Humboldt County.,,,,
95553 Myers Flat,zcta,95553,Myers Flat,40.2311522,-123.8685969,529563,,2019-12-31,10,0,Zillow ZIP-level market for Myers Flat; mapped with Census 2020 ZCTA 95553 in Humboldt County.,,,,
95503 Eureka,zcta,95503,Eureka,40.7384033,-124.1078148,403081,,2020-01-31,10,0,Zillow ZIP-level market for Eureka; mapped with Census 2020 ZCTA 95503 in Humboldt County.,,,,
95501 Eureka,zcta,95501,Eureka,40.8020101,-124.1448237,372256,,2020-01-31,10,0,Zillow ZIP-level market for Eureka; mapped with Census 2020 ZCTA 95501 in Humboldt County.,,,,
95521 Arcata,zcta,95521,Arcata,40.8433563,-124.0453337,484314,,2020-01-31,10,0,Zillow ZIP-level market for Arcata; mapped with Census 2020 ZCTA 95521 in Humboldt County.,,,,
95519 McKinleyville,zcta,95519,McKinleyville,40.9630053,-124.0525012,459664,,2020-01-31,10,0,Zillow ZIP-level market for McKinleyville; mapped with Census 2020 ZCTA 95519 in Humboldt County.,,,,
95540 Fortuna,zcta,95540,Fortuna,40.5667868,-124.1259758,398639,,2020-01-31,10,0,Zillow ZIP-level market for Fortuna; mapped with Census 2020 ZCTA 95540 in Humboldt County.,,,,
95542 Redway,zcta,95542,Redway,40.0932543,-123.7598313,601687,,2020-01-31,10,0,Zillow ZIP-level market for Redway; mapped with Census 2020 ZCTA 95542 in Humboldt County.,,,,
95562 Scotia,zcta,95562,Scotia,40.4412005,-124.1004154,343883,,2020-01-31,10,0,Zillow ZIP-level market for Scotia; mapped with Census 2020 ZCTA 95562 in Humboldt County.,,,,
95551 Eureka,zcta,95551,Eureka,40.6749872,-124.231146,473479,,2020-01-31,10,0,Zillow ZIP-level market for Eureka; mapped with Census 2020 ZCTA 95551 in Humboldt County.,,,,
95536 Ferndale,zcta,95536,Ferndale,40.5012414,-124.2099284,519214,,2020-01-31,10,0,Zillow ZIP-level market for Ferndale; mapped with Census 2020 ZCTA 95536 in Humboldt County.,,,,
95570 Trinidad,zcta,95570,Trinidad,41.1137525,-124.0826397,629271,,2020-01-31,10,0,Zillow ZIP-level market for Trinidad; mapped with Census 2020 ZCTA 95570 in Humboldt County.,,,,
95549 Kneeland,zcta,95549,Kneeland,40.6666759,-123.9083825,772974,,2020-01-31,10,0,Zillow ZIP-level market for Kneeland; mapped with Census 2020 ZCTA 95549 in Humboldt County.,,,,
95524 Bayside,zcta,95524,Bayside,40.8208354,-124.0500216,699311,,2020-01-31,10,0,Zillow ZIP-level market for Bayside; mapped with Census 2020 ZCTA 95524 in Humboldt County.,,,,
95560 Redway,zcta,95560,Redway,40.1427275,-123.8388194,460410,,2020-01-31,10,0,Zillow ZIP-level market for Redway; mapped with Census 2020 ZCTA 95560 in Humboldt County.,,,,
95525 Blue Lake,zcta,95525,Blue Lake,40.9537818,-123.8244384,466099,,2020-01-31,10,0,Zillow ZIP-level market for Blue Lake; mapped with Census 2020 ZCTA 95525 in Humboldt County.,,,,
95528 Carlotta,zcta,95528,Carlotta,40.4969858,-123.9308113,552891,,2020-01-31,10,0,Zillow ZIP-level market for Carlotta; mapped with Census 2020 ZCTA 95528 in Humboldt County.,,,,
95547 Hydesville,zcta,95547,Hydesville,40.5694635,-124.0775035,518185,,2020-01-31,10,0,Zillow ZIP-level market for Hydesville; mapped with Census 2020 ZCTA 95547 in Humboldt County.,,,,
95589 Whitethorn,zcta,95589,Whitethorn,40.061443,-123.979797,421205,,2020-01-31,10,0,Zillow ZIP-level market for Whitethorn; mapped with Census 2020 ZCTA 95589 in Humboldt County.,,,,
95573 nan,zcta,95573,nan,40.9149256,-123.6687235,406452,,2020-01-31,10,0,Zillow ZIP-level market for nan; mapped with Census 2020 ZCTA 95573 in Humboldt County.,,,,
95526 Bridgeville,zcta,95526,Bridgeville,40.4615284,-123.6764866,441082,,2020-01-31,10,0,Zillow ZIP-level market for Bridgeville; mapped with Census 2020 ZCTA 95526 in Humboldt County.,,,,
95553 Myers Flat,zcta,95553,Myers Flat,40.2311522,-123.8685969,526465,,2020-01-31,10,0,Zillow ZIP-level market for Myers Flat; mapped with Census 2020 ZCTA 95553 in Humboldt County.,,,,
95503 Eureka,zcta,95503,Eureka,40.7384033,-124.1078148,402979,,2020-02-29,10,0,Zillow ZIP-level market for Eureka; mapped with Census 2020 ZCTA 95503 in Humboldt County.,,,,
95501 Eureka,zcta,95501,Eureka,40.8020101,-124.1448237,373115,,2020-02-29,10,0,Zillow ZIP-level market for Eureka; mapped with Census 2020 ZCTA 95501 in Humboldt County.,,,,
95521 Arcata,zcta,95521,Arcata,40.8433563,-124.0453337,484375,,2020-02-29,10,0,Zillow ZIP-level market for Arcata; mapped with Census 2020 ZCTA 95521 in Humboldt County.,,,,
95519 McKinleyville,zcta,95519,McKinleyville,40.9630053,-124.0525012,461096,,2020-02-29,10,0,Zillow ZIP-level market for McKinleyville; mapped with Census 2020 ZCTA 95519 in Humboldt County.,,,,
95540 Fortuna,zcta,95540,Fortuna,40.5667868,-124.1259758,399062,,2020-02-29,10,0,Zillow ZIP-level market for Fortuna; mapped with Census 2020 ZCTA 95540 in Humboldt County.,,,,
95542 Redway,zcta,95542,Redway,40.0932543,-123.7598313,593668,,2020-02-29,10,0,Zillow ZIP-level market for Redway; mapped with Census 2020 ZCTA 95542 in Humboldt County.,,,,
95562 Scotia,zcta,95562,Scotia,40.4412005,-124.1004154,343645,,2020-02-29,10,0,Zillow ZIP-level market for Scotia; mapped with Census 2020 ZCTA 95562 in Humboldt County.,,,,
95551 Eureka,zcta,95551,Eureka,40.6749872,-124.231146,474792,,2020-02-29,10,0,Zillow ZIP-level market for Eureka; mapped with Census 2020 ZCTA 95551 in Humboldt County.,,,,
95536 Ferndale,zcta,95536,Ferndale,40.5012414,-124.2099284,520655,,2020-02-29,10,0,Zillow ZIP-level market for Ferndale; mapped with Census 2020 ZCTA 95536 in Humboldt County.,,,,
95570 Trinidad,zcta,95570,Trinidad,41.1137525,-124.0826397,628691,,2020-02-29,10,0,Zillow ZIP-level market for Trinidad; mapped with Census 2020 ZCTA 95570 in Humboldt County.,,,,
95549 Kneeland,zcta,95549,Kneeland,40.6666759,-123.9083825,767441,,2020-02-29,10,0,Zillow ZIP-level market for Kneeland; mapped with Census 2020 ZCTA 95549 in Humboldt County.,,,,
95524 Bayside,zcta,95524,Bayside,40.8208354,-124.0500216,692845,,2020-02-29,10,0,Zillow ZIP-level market for Bayside; mapped with Census 2020 ZCTA 95524 in Humboldt County.,,,,
95560 Redway,zcta,95560,Redway,40.1427275,-123.8388194,453623,,2020-02-29,10,0,Zillow ZIP-level market for Redway; mapped with Census 2020 ZCTA 95560 in Humboldt County.,,,,
95525 Blue Lake,zcta,95525,Blue Lake,40.9537818,-123.8244384,464353,,2020-02-29,10,0,Zillow ZIP-level market for Blue Lake; mapped with Census 2020 ZCTA 95525 in Humboldt County.,,,,
95528 Carlotta,zcta,95528,Carlotta,40.4969858,-123.9308113,550353,,2020-02-29,10,0,Zillow ZIP-level market for Carlotta; mapped with Census 2020 ZCTA 95528 in Humboldt County.,,,,
95547 Hydesville,zcta,95547,Hydesville,40.5694635,-124.0775035,517173,,2020-02-29,10,0,Zillow ZIP-level market for Hydesville; mapped with Census 2020 ZCTA 95547 in Humboldt County.,,,,
95589 Whitethorn,zcta,95589,Whitethorn,40.061443,-123.979797,421569,,2020-02-29,10,0,Zillow ZIP-level market for Whitethorn; mapped with Census 2020 ZCTA 95589 in Humboldt County.,,,,
95573 nan,zcta,95573,nan,40.9149256,-123.6687235,406521,,2020-02-29,10,0,Zillow ZIP-level market for nan; mapped with Census 2020 ZCTA 95573 in Humboldt County.,,,,
95526 Bridgeville,zcta,95526,Bridgeville,40.4615284,-123.6764866,437530,,2020-02-29,10,0,Zillow ZIP-level market for Bridgeville; mapped with Census 2020 ZCTA 95526 in Humboldt County.,,,,
95553 Myers Flat,zcta,95553,Myers Flat,40.2311522,-123.8685969,524081,,2020-02-29,10,0,Zillow ZIP-level market for Myers Flat; mapped with Census 2020 ZCTA 95553 in Humboldt County.,,,,
95503 Eureka,zcta,95503,Eureka,40.7384033,-124.1078148,402392,,2020-03-31,10,0,Zillow ZIP-level market for Eureka; mapped with Census 2020 ZCTA 95503 in Humboldt County.,,,,
95501 Eureka,zcta,95501,Eureka,40.8020101,-124.1448237,373139,,2020-03-31,10,0,Zillow ZIP-level market for Eureka; mapped with Census 2020 ZCTA 95501 in Humboldt County.,,,,
95521 Arcata,zcta,95521,Arcata,40.8433563,-124.0453337,484577,,2020-03-31,10,0,Zillow ZIP-level market for Arcata; mapped with Census 2020 ZCTA 95521 in Humboldt County.,,,,
95519 McKinleyville,zcta,95519,McKinleyville,40.9630053,-124.0525012,461448,,2020-03-31,10,0,Zillow ZIP-level market for McKinleyville; mapped with Census 2020 ZCTA 95519 in Humboldt County.,,,,
95540 Fortuna,zcta,95540,Fortuna,40.5667868,-124.1259758,398586,,2020-03-31,10,0,Zillow ZIP-level market for Fortuna; mapped with Census 2020 ZCTA 95540 in Humboldt County.,,,,
95542 Redway,zcta,95542,Redway,40.0932543,-123.7598313,587364,,2020-03-31,10,0,Zillow ZIP-level market for Redway; mapped with Census 2020 ZCTA 95542 in Humboldt County.,,,,
95562 Scotia,zcta,95562,Scotia,40.4412005,-124.1004154,342067,,2020-03-31,10,0,Zillow ZIP-level market for Scotia; mapped with Census 2020 ZCTA 95562 in Humboldt County.,,,,
95551 Eureka,zcta,95551,Eureka,40.6749872,-124.231146,476250,,2020-03-31,10,0,Zillow ZIP-level market for Eureka; mapped with Census 2020 ZCTA 95551 in Humboldt County.,,,,
95536 Ferndale,zcta,95536,Ferndale,40.5012414,-124.2099284,522823,,2020-03-31,10,0,Zillow ZIP-level market for Ferndale; mapped with Census 2020 ZCTA 95536 in Humboldt County.,,,,
95570 Trinidad,zcta,95570,Trinidad,41.1137525,-124.0826397,630227,,2020-03-31,10,0,Zillow ZIP-level market for Trinidad; mapped with Census 2020 ZCTA 95570 in Humboldt County.,,,,
95549 Kneeland,zcta,95549,Kneeland,40.6666759,-123.9083825,762295,,2020-03-31,10,0,Zillow ZIP-level market for Kneeland; mapped with Census 2020 ZCTA 95549 in Humboldt County.,,,,
95524 Bayside,zcta,95524,Bayside,40.8208354,-124.0500216,685494,,2020-03-31,10,0,Zillow ZIP-level market for Bayside; mapped with Census 2020 ZCTA 95524 in Humboldt County.,,,,
95560 Redway,zcta,95560,Redway,40.1427275,-123.8388194,446295,,2020-03-31,10,0,Zillow ZIP-level market for Redway; mapped with Census 2020 ZCTA 95560 in Humboldt County.,,,,
95525 Blue Lake,zcta,95525,Blue Lake,40.9537818,-123.8244384,461799,,2020-03-31,10,0,Zillow ZIP-level market for Blue Lake; mapped with Census 2020 ZCTA 95525 in Humboldt County.,,,,
95528 Carlotta,zcta,95528,Carlotta,40.4969858,-123.9308113,549100,,2020-03-31,10,0,Zillow ZIP-level market for Carlotta; mapped with Census 2020 ZCTA 95528 in Humboldt County.,,,,
95547 Hydesville,zcta,95547,Hydesville,40.5694635,-124.0775035,513613,,2020-03-31,10,0,Zillow ZIP-level market for Hydesville; mapped with Census 2020 ZCTA 95547 in Humboldt County.,,,,
95589 Whitethorn,zcta,95589,Whitethorn,40.061443,-123.979797,422573,,2020-03-31,10,0,Zillow ZIP-level market for Whitethorn; mapped with Census 2020 ZCTA 95589 in Humboldt County.,,,,
95573 nan,zcta,95573,nan,40.9149256,-123.6687235,406462,,2020-03-31,10,0,Zillow ZIP-level market for nan; mapped with Census 2020 ZCTA 95573 in Humboldt County.,,,,
95526 Bridgeville,zcta,95526,Bridgeville,40.4615284,-123.6764866,435713,,2020-03-31,10,0,Zillow ZIP-level market for Bridgeville; mapped with Census 2020 ZCTA 95526 in Humboldt County.,,,,
95553 Myers Flat,zcta,95553,Myers Flat,40.2311522,-123.8685969,524731,,2020-03-31,10,0,Zillow ZIP-level market for Myers Flat; mapped with Census 2020 ZCTA 95553 in Humboldt County.,,,,
95503 Eureka,zcta,95503,Eureka,40.7384033,-124.1078148,402472,,2020-04-30,10,0,Zillow ZIP-level market for Eureka; mapped with Census 2020 ZCTA 95503 in Humboldt County.,,,,
95501 Eureka,zcta,95501,Eureka,40.8020101,-124.1448237,372815,,2020-04-30,10,0,Zillow ZIP-level market for Eureka; mapped with Census 2020 ZCTA 95501 in Humboldt County.,,,,
95521 Arcata,zcta,95521,Arcata,40.8433563,-124.0453337,484621,,2020-04-30,10,0,Zillow ZIP-level market for Arcata; mapped with Census 2020 ZCTA 95521 in Humboldt County.,,,,
95519 McKinleyville,zcta,95519,McKinleyville,40.9630053,-124.0525012,461691,,2020-04-30,10,0,Zillow ZIP-level market for McKinleyville; mapped with Census 2020 ZCTA 95519 in Humboldt County.,,,,
95540 Fortuna,zcta,95540,Fortuna,40.5667868,-124.1259758,398142,,2020-04-30,10,0,Zillow ZIP-level market for Fortuna; mapped with Census 2020 ZCTA 95540 in Humboldt County.,,,,
95542 Redway,zcta,95542,Redway,40.0932543,-123.7598313,585705,,2020-04-30,10,0,Zillow ZIP-level market for Redway; mapped with Census 2020 ZCTA 95542 in Humboldt County.,,,,
95562 Scotia,zcta,95562,Scotia,40.4412005,-124.1004154,340474,,2020-04-30,10,0,Zillow ZIP-level market for Scotia; mapped with Census 2020 ZCTA 95562 in Humboldt County.,,,,
95551 Eureka,zcta,95551,Eureka,40.6749872,-124.231146,478762,,2020-04-30,10,0,Zillow ZIP-level market for Eureka; mapped with Census 2020 ZCTA 95551 in Humboldt County.,,,,
95536 Ferndale,zcta,95536,Ferndale,40.5012414,-124.2099284,525668,,2020-04-30,10,0,Zillow ZIP-level market for Ferndale; mapped with Census 2020 ZCTA 95536 in Humboldt County.,,,,
95570 Trinidad,zcta,95570,Trinidad,41.1137525,-124.0826397,634430,,2020-04-30,10,0,Zillow ZIP-level market for Trinidad; mapped with Census 2020 ZCTA 95570 in Humboldt County.,,,,
95549 Kneeland,zcta,95549,Kneeland,40.6666759,-123.9083825,759645,,2020-04-30,10,0,Zillow ZIP-level market for Kneeland; mapped with Census 2020 ZCTA 95549 in Humboldt County.,,,,
95524 Bayside,zcta,95524,Bayside,40.8208354,-124.0500216,680600,,2020-04-30,10,0,Zillow ZIP-level market for Bayside; mapped with Census 2020 ZCTA 95524 in Humboldt County.,,,,
95560 Redway,zcta,95560,Redway,40.1427275,-123.8388194,441288,,2020-04-30,10,0,Zillow ZIP-level market for Redway; mapped with Census 2020 ZCTA 95560 in Humboldt County.,,,,
95525 Blue Lake,zcta,95525,Blue Lake,40.9537818,-123.8244384,459649,,2020-04-30,10,0,Zillow ZIP-level market for Blue Lake; mapped with Census 2020 ZCTA 95525 in Humboldt County.,,,,
95528 Carlotta,zcta,95528,Carlotta,40.4969858,-123.9308113,548945,,2020-04-30,10,0,Zillow ZIP-level market for Carlotta; mapped with Census 2020 ZCTA 95528 in Humboldt County.,,,,
95547 Hydesville,zcta,95547,Hydesville,40.5694635,-124.0775035,511894,,2020-04-30,10,0,Zillow ZIP-level market for Hydesville; mapped with Census 2020 ZCTA 95547 in Humboldt County.,,,,
95589 Whitethorn,zcta,95589,Whitethorn,40.061443,-123.979797,421508,,2020-04-30,10,0,Zillow ZIP-level market for Whitethorn; mapped with Census 2020 ZCTA 95589 in Humboldt County.,,,,
95573 nan,zcta,95573,nan,40.9149256,-123.6687235,406362,,2020-04-30,10,0,Zillow ZIP-level market for nan; mapped with Census 2020 ZCTA 95573 in Humboldt County.,,,,
95526 Bridgeville,zcta,95526,Bridgeville,40.4615284,-123.6764866,434008,,2020-04-30,10,0,Zillow ZIP-level market for Bridgeville; mapped with Census 2020 ZCTA 95526 in Humboldt County.,,,,
95553 Myers Flat,zcta,95553,Myers Flat,40.2311522,-123.8685969,525310,,2020-04-30,10,0,Zillow ZIP-level market for Myers Flat; mapped with Census 2020 ZCTA 95553 in Humboldt County.,,,,
95503 Eureka,zcta,95503,Eureka,40.7384033,-124.1078148,402164,,2020-05-31,10,0,Zillow ZIP-level market for Eureka; mapped with Census 2020 ZCTA 95503 in Humboldt County.,,,,
95501 Eureka,zcta,95501,Eureka,40.8020101,-124.1448237,372120,,2020-05-31,10,0,Zillow ZIP-level market for Eureka; mapped with Census 2020 ZCTA 95501 in Humboldt County.,,,,
95521 Arcata,zcta,95521,Arcata,40.8433563,-124.0453337,483054,,2020-05-31,10,0,Zillow ZIP-level market for Arcata; mapped with Census 2020 ZCTA 95521 in Humboldt County.,,,,
95519 McKinleyville,zcta,95519,McKinleyville,40.9630053,-124.0525012,460640,,2020-05-31,10,0,Zillow ZIP-level market for McKinleyville; mapped with Census 2020 ZCTA 95519 in Humboldt County.,,,,
95540 Fortuna,zcta,95540,Fortuna,40.5667868,-124.1259758,396457,,2020-05-31,10,0,Zillow ZIP-level market for Fortuna; mapped with Census 2020 ZCTA 95540 in Humboldt County.,,,,
95542 Redway,zcta,95542,Redway,40.0932543,-123.7598313,583652,,2020-05-31,10,0,Zillow ZIP-level market for Redway; mapped with Census 2020 ZCTA 95542 in Humboldt County.,,,,
95562 Scotia,zcta,95562,Scotia,40.4412005,-124.1004154,339118,,2020-05-31,10,0,Zillow ZIP-level market for Scotia; mapped with Census 2020 ZCTA 95562 in Humboldt County.,,,,
95551 Eureka,zcta,95551,Eureka,40.6749872,-124.231146,478972,,2020-05-31,10,0,Zillow ZIP-level market for Eureka; mapped with Census 2020 ZCTA 95551 in Humboldt County.,,,,
95536 Ferndale,zcta,95536,Ferndale,40.5012414,-124.2099284,525559,,2020-05-31,10,0,Zillow ZIP-level market for Ferndale; mapped with Census 2020 ZCTA 95536 in Humboldt County.,,,,
95570 Trinidad,zcta,95570,Trinidad,41.1137525,-124.0826397,636163,,2020-05-31,10,0,Zillow ZIP-level market for Trinidad; mapped with Census 2020 ZCTA 95570 in Humboldt County.,,,,
95549 Kneeland,zcta,95549,Kneeland,40.6666759,-123.9083825,757139,,2020-05-31,10,0,Zillow ZIP-level market for Kneeland; mapped with Census 2020 ZCTA 95549 in Humboldt County.,,,,
95524 Bayside,zcta,95524,Bayside,40.8208354,-124.0500216,677334,,2020-05-31,10,0,Zillow ZIP-level market for Bayside; mapped with Census 2020 ZCTA 95524 in Humboldt County.,,,,
95560 Redway,zcta,95560,Redway,40.1427275,-123.8388194,437176,,2020-05-31,10,0,Zillow ZIP-level market for Redway; mapped with Census 2020 ZCTA 95560 in Humboldt County.,,,,
95525 Blue Lake,zcta,95525,Blue Lake,40.9537818,-123.8244384,457453,,2020-05-31,10,0,Zillow ZIP-level market for Blue Lake; mapped with Census 2020 ZCTA 95525 in Humboldt County.,,,,
95528 Carlotta,zcta,95528,Carlotta,40.4969858,-123.9308113,546763,,2020-05-31,10,0,Zillow ZIP-level market for Carlotta; mapped with Census 2020 ZCTA 95528 in Humboldt County.,,,,
95547 Hydesville,zcta,95547,Hydesville,40.5694635,-124.0775035,509211,,2020-05-31,10,0,Zillow ZIP-level market for Hydesville; mapped with Census 2020 ZCTA 95547 in Humboldt County.,,,,
95589 Whitethorn,zcta,95589,Whitethorn,40.061443,-123.979797,418084,,2020-05-31,10,0,Zillow ZIP-level market for Whitethorn; mapped with Census 2020 ZCTA 95589 in Humboldt County.,,,,
95573 nan,zcta,95573,nan,40.9149256,-123.6687235,405187,,2020-05-31,10,0,Zillow ZIP-level market for nan; mapped with Census 2020 ZCTA 95573 in Humboldt County.,,,,
95526 Bridgeville,zcta,95526,Bridgeville,40.4615284,-123.6764866,431496,,2020-05-31,10,0,Zillow ZIP-level market for Bridgeville; mapped with Census 2020 ZCTA 95526 in Humboldt County.,,,,
95553 Myers Flat,zcta,95553,Myers Flat,40.2311522,-123.8685969,523410,,2020-05-31,10,0,Zillow ZIP-level market for Myers Flat; mapped with Census 2020 ZCTA 95553 in Humboldt County.,,,,
95503 Eureka,zcta,95503,Eureka,40.7384033,-124.1078148,401530,,2020-06-30,10,0,Zillow ZIP-level market for Eureka; mapped with Census 2020 ZCTA 95503 in Humboldt County.,,,,
95501 Eureka,zcta,95501,Eureka,40.8020101,-124.1448237,371780,,2020-06-30,10,0,Zillow ZIP-level market for Eureka; mapped with Census 2020 ZCTA 95501 in Humboldt County.,,,,
95521 Arcata,zcta,95521,Arcata,40.8433563,-124.0453337,482364,,2020-06-30,10,0,Zillow ZIP-level market for Arcata; mapped with Census 2020 ZCTA 95521 in Humboldt County.,,,,
95519 McKinleyville,zcta,95519,McKinleyville,40.9630053,-124.0525012,460053,,2020-06-30,10,0,Zillow ZIP-level market for McKinleyville; mapped with Census 2020 ZCTA 95519 in Humboldt County.,,,,
95540 Fortuna,zcta,95540,Fortuna,40.5667868,-124.1259758,395498,,2020-06-30,10,0,Zillow ZIP-level market for Fortuna; mapped with Census 2020 ZCTA 95540 in Humboldt County.,,,,
95542 Redway,zcta,95542,Redway,40.0932543,-123.7598313,583786,,2020-06-30,10,0,Zillow ZIP-level market for Redway; mapped with Census 2020 ZCTA 95542 in Humboldt County.,,,,
95562 Scotia,zcta,95562,Scotia,40.4412005,-124.1004154,339513,,2020-06-30,10,0,Zillow ZIP-level market for Scotia; mapped with Census 2020 ZCTA 95562 in Humboldt County.,,,,
95551 Eureka,zcta,95551,Eureka,40.6749872,-124.231146,479334,,2020-06-30,10,0,Zillow ZIP-level market for Eureka; mapped with Census 2020 ZCTA 95551 in Humboldt County.,,,,
95536 Ferndale,zcta,95536,Ferndale,40.5012414,-124.2099284,525490,,2020-06-30,10,0,Zillow ZIP-level market for Ferndale; mapped with Census 2020 ZCTA 95536 in Humboldt County.,,,,
95570 Trinidad,zcta,95570,Trinidad,41.1137525,-124.0826397,636777,,2020-06-30,10,0,Zillow ZIP-level market for Trinidad; mapped with Census 2020 ZCTA 95570 in Humboldt County.,,,,
95549 Kneeland,zcta,95549,Kneeland,40.6666759,-123.9083825,754212,,2020-06-30,10,0,Zillow ZIP-level market for Kneeland; mapped with Census 2020 ZCTA 95549 in Humboldt County.,,,,
95524 Bayside,zcta,95524,Bayside,40.8208354,-124.0500216,673078,,2020-06-30,10,0,Zillow ZIP-level market for Bayside; mapped with Census 2020 ZCTA 95524 in Humboldt County.,,,,
95560 Redway,zcta,95560,Redway,40.1427275,-123.8388194,435067,,2020-06-30,10,0,Zillow ZIP-level market for Redway; mapped with Census 2020 ZCTA 95560 in Humboldt County.,,,,
95525 Blue Lake,zcta,95525,Blue Lake,40.9537818,-123.8244384,457718,,2020-06-30,10,0,Zillow ZIP-level market for Blue Lake; mapped with Census 2020 ZCTA 95525 in Humboldt County.,,,,
95528 Carlotta,zcta,95528,Carlotta,40.4969858,-123.9308113,545487,,2020-06-30,10,0,Zillow ZIP-level market for Carlotta; mapped with Census 2020 ZCTA 95528 in Humboldt County.,,,,
95547 Hydesville,zcta,95547,Hydesville,40.5694635,-124.0775035,507065,,2020-06-30,10,0,Zillow ZIP-level market for Hydesville; mapped with Census 2020 ZCTA 95547 in Humboldt County.,,,,
95589 Whitethorn,zcta,95589,Whitethorn,40.061443,-123.979797,415220,,2020-06-30,10,0,Zillow ZIP-level market for Whitethorn; mapped with Census 2020 ZCTA 95589 in Humboldt County.,,,,
95573 nan,zcta,95573,nan,40.9149256,-123.6687235,405303,,2020-06-30,10,0,Zillow ZIP-level market for nan; mapped with Census 2020 ZCTA 95573 in Humboldt County.,,,,
95526 Bridgeville,zcta,95526,Bridgeville,40.4615284,-123.6764866,431118,,2020-06-30,10,0,Zillow ZIP-level market for Bridgeville; mapped with Census 2020 ZCTA 95526 in Humboldt County.,,,,
95553 Myers Flat,zcta,95553,Myers Flat,40.2311522,-123.8685969,522342,,2020-06-30,10,0,Zillow ZIP-level market for Myers Flat; mapped with Census 2020 ZCTA 95553 in Humboldt County.,,,,
95503 Eureka,zcta,95503,Eureka,40.7384033,-124.1078148,400441,,2020-07-31,10,0,Zillow ZIP-level market for Eureka; mapped with Census 2020 ZCTA 95503 in Humboldt County.,,,,
95501 Eureka,zcta,95501,Eureka,40.8020101,-124.1448237,371538,,2020-07-31,10,0,Zillow ZIP-level market for Eureka; mapped with Census 2020 ZCTA 95501 in Humboldt County.,,,,
95521 Arcata,zcta,95521,Arcata,40.8433563,-124.0453337,480766,,2020-07-31,10,0,Zillow ZIP-level market for Arcata; mapped with Census 2020 ZCTA 95521 in Humboldt County.,,,,
95519 McKinleyville,zcta,95519,McKinleyville,40.9630053,-124.0525012,459260,,2020-07-31,10,0,Zillow ZIP-level market for McKinleyville; mapped with Census 2020 ZCTA 95519 in Humboldt County.,,,,
95540 Fortuna,zcta,95540,Fortuna,40.5667868,-124.1259758,395417,,2020-07-31,10,0,Zillow ZIP-level market for Fortuna; mapped with Census 2020 ZCTA 95540 in Humboldt County.,,,,
95542 Redway,zcta,95542,Redway,40.0932543,-123.7598313,582432,,2020-07-31,10,0,Zillow ZIP-level market for Redway; mapped with Census 2020 ZCTA 95542 in Humboldt County.,,,,
95562 Scotia,zcta,95562,Scotia,40.4412005,-124.1004154,339558,,2020-07-31,10,0,Zillow ZIP-level market for Scotia; mapped with Census 2020 ZCTA 95562 in Humboldt County.,,,,
95551 Eureka,zcta,95551,Eureka,40.6749872,-124.231146,478486,,2020-07-31,10,0,Zillow ZIP-level market for Eureka; mapped with Census 2020 ZCTA 95551 in Humboldt County.,,,,
95536 Ferndale,zcta,95536,Ferndale,40.5012414,-124.2099284,524049,,2020-07-31,10,0,Zillow ZIP-level market for Ferndale; mapped with Census 2020 ZCTA 95536 in Humboldt County.,,,,
95570 Trinidad,zcta,95570,Trinidad,41.1137525,-124.0826397,634156,,2020-07-31,10,0,Zillow ZIP-level market for Trinidad; mapped with Census 2020 ZCTA 95570 in Humboldt County.,,,,
95549 Kneeland,zcta,95549,Kneeland,40.6666759,-123.9083825,748965,,2020-07-31,10,0,Zillow ZIP-level market for Kneeland; mapped with Census 2020 ZCTA 95549 in Humboldt County.,,,,
95524 Bayside,zcta,95524,Bayside,40.8208354,-124.0500216,667210,,2020-07-31,10,0,Zillow ZIP-level market for Bayside; mapped with Census 2020 ZCTA 95524 in Humboldt County.,,,,
95560 Redway,zcta,95560,Redway,40.1427275,-123.8388194,435365,,2020-07-31,10,0,Zillow ZIP-level market for Redway; mapped with Census 2020 ZCTA 95560 in Humboldt County.,,,,
95525 Blue Lake,zcta,95525,Blue Lake,40.9537818,-123.8244384,458670,,2020-07-31,10,0,Zillow ZIP-level market for Blue Lake; mapped with Census 2020 ZCTA 95525 in Humboldt County.,,,,
95528 Carlotta,zcta,95528,Carlotta,40.4969858,-123.9308113,544263,,2020-07-31,10,0,Zillow ZIP-level market for Carlotta; mapped with Census 2020 ZCTA 95528 in Humboldt County.,,,,
95547 Hydesville,zcta,95547,Hydesville,40.5694635,-124.0775035,503983,,2020-07-31,10,0,Zillow ZIP-level market for Hydesville; mapped with Census 2020 ZCTA 95547 in Humboldt County.,,,,
95589 Whitethorn,zcta,95589,Whitethorn,40.061443,-123.979797,413785,,2020-07-31,10,0,Zillow ZIP-level market for Whitethorn; mapped with Census 2020 ZCTA 95589 in Humboldt County.,,,,
95573 nan,zcta,95573,nan,40.9149256,-123.6687235,404472,,2020-07-31,10,0,Zillow ZIP-level market for nan; mapped with Census 2020 ZCTA 95573 in Humboldt County.,,,,
95526 Bridgeville,zcta,95526,Bridgeville,40.4615284,-123.6764866,432655,,2020-07-31,10,0,Zillow ZIP-level market for Bridgeville; mapped with Census 2020 ZCTA 95526 in Humboldt County.,,,,
95553 Myers Flat,zcta,95553,Myers Flat,40.2311522,-123.8685969,521318,,2020-07-31,10,0,Zillow ZIP-level market for Myers Flat; mapped with Census 2020 ZCTA 95553 in Humboldt County.,,,,
95503 Eureka,zcta,95503,Eureka,40.7384033,-124.1078148,401328,,2020-08-31,10,0,Zillow ZIP-level market for Eureka; mapped with Census 2020 ZCTA 95503 in Humboldt County.,,,,
95501 Eureka,zcta,95501,Eureka,40.8020101,-124.1448237,372503,,2020-08-31,10,0,Zillow ZIP-level market for Eureka; mapped with Census 2020 ZCTA 95501 in Humboldt County.,,,,
95521 Arcata,zcta,95521,Arcata,40.8433563,-124.0453337,481250,,2020-08-31,10,0,Zillow ZIP-level market for Arcata; mapped with Census 2020 ZCTA 95521 in Humboldt County.,,,,
95519 McKinleyville,zcta,95519,McKinleyville,40.9630053,-124.0525012,460523,,2020-08-31,10,0,Zillow ZIP-level market for McKinleyville; mapped with Census 2020 ZCTA 95519 in Humboldt County.,,,,
95540 Fortuna,zcta,95540,Fortuna,40.5667868,-124.1259758,398039,,2020-08-31,10,0,Zillow ZIP-level market for Fortuna; mapped with Census 2020 ZCTA 95540 in Humboldt County.,,,,
95542 Redway,zcta,95542,Redway,40.0932543,-123.7598313,585231,,2020-08-31,10,0,Zillow ZIP-level market for Redway; mapped with Census 2020 ZCTA 95542 in Humboldt County.,,,,
95562 Scotia,zcta,95562,Scotia,40.4412005,-124.1004154,341542,,2020-08-31,10,0,Zillow ZIP-level market for Scotia; mapped with Census 2020 ZCTA 95562 in Humboldt County.,,,,
95551 Eureka,zcta,95551,Eureka,40.6749872,-124.231146,480368,,2020-08-31,10,0,Zillow ZIP-level market for Eureka; mapped with Census 2020 ZCTA 95551 in Humboldt County.,,,,
95536 Ferndale,zcta,95536,Ferndale,40.5012414,-124.2099284,526690,,2020-08-31,10,0,Zillow ZIP-level market for Ferndale; mapped with Census 2020 ZCTA 95536 in Humboldt County.,,,,
95570 Trinidad,zcta,95570,Trinidad,41.1137525,-124.0826397,635133,,2020-08-31,10,0,Zillow ZIP-level market for Trinidad; mapped with Census 2020 ZCTA 95570 in Humboldt County.,,,,
95549 Kneeland,zcta,95549,Kneeland,40.6666759,-123.9083825,751220,,2020-08-31,10,0,Zillow ZIP-level market for Kneeland; mapped with Census 2020 ZCTA 95549 in Humboldt County.,,,,
95524 Bayside,zcta,95524,Bayside,40.8208354,-124.0500216,669354,,2020-08-31,10,0,Zillow ZIP-level market for Bayside; mapped with Census 2020 ZCTA 95524 in Humboldt County.,,,,
95560 Redway,zcta,95560,Redway,40.1427275,-123.8388194,439912,,2020-08-31,10,0,Zillow ZIP-level market for Redway; mapped with Census 2020 ZCTA 95560 in Humboldt County.,,,,
95525 Blue Lake,zcta,95525,Blue Lake,40.9537818,-123.8244384,462226,,2020-08-31,10,0,Zillow ZIP-level market for Blue Lake; mapped with Census 2020 ZCTA 95525 in Humboldt County.,,,,
95528 Carlotta,zcta,95528,Carlotta,40.4969858,-123.9308113,546762,,2020-08-31,10,0,Zillow ZIP-level market for Carlotta; mapped with Census 2020 ZCTA 95528 in Humboldt County.,,,,
95547 Hydesville,zcta,95547,Hydesville,40.5694635,-124.0775035,506205,,2020-08-31,10,0,Zillow ZIP-level market for Hydesville; mapped with Census 2020 ZCTA 95547 in Humboldt County.,,,,
95589 Whitethorn,zcta,95589,Whitethorn,40.061443,-123.979797,415073,,2020-08-31,10,0,Zillow ZIP-level market for Whitethorn; mapped with Census 2020 ZCTA 95589 in Humboldt County.,,,,
95573 nan,zcta,95573,nan,40.9149256,-123.6687235,405724,,2020-08-31,10,0,Zillow ZIP-level market for nan; mapped with Census 2020 ZCTA 95573 in Humboldt County.,,,,
95526 Bridgeville,zcta,95526,Bridgeville,40.4615284,-123.6764866,437119,,2020-08-31,10,0,Zillow ZIP-level market for Bridgeville; mapped with Census 2020 ZCTA 95526 in Humboldt County.,,,,
95553 Myers Flat,zcta,95553,Myers Flat,40.2311522,-123.8685969,524687,,2020-08-31,10,0,Zillow ZIP-level market for Myers Flat; mapped with Census 2020 ZCTA 95553 in Humboldt County.,,,,
95503 Eureka,zcta,95503,Eureka,40.7384033,-124.1078148,404124,,2020-09-30,10,0,Zillow ZIP-level market for Eureka; mapped with Census 2020 ZCTA 95503 in Humboldt County.,,,,
95501 Eureka,zcta,95501,Eureka,40.8020101,-124.1448237,374172,,2020-09-30,10,0,Zillow ZIP-level market for Eureka; mapped with Census 2020 ZCTA 95501 in Humboldt County.,,,,
95521 Arcata,zcta,95521,Arcata,40.8433563,-124.0453337,483705,,2020-09-30,10,0,Zillow ZIP-level market for Arcata; mapped with Census 2020 ZCTA 95521 in Humboldt County.,,,,
95519 McKinleyville,zcta,95519,McKinleyville,40.9630053,-124.0525012,463563,,2020-09-30,10,0,Zillow ZIP-level market for McKinleyville; mapped with Census 2020 ZCTA 95519 in Humboldt County.,,,,
95540 Fortuna,zcta,95540,Fortuna,40.5667868,-124.1259758,402071,,2020-09-30,10,0,Zillow ZIP-level market for Fortuna; mapped with Census 2020 ZCTA 95540 in Humboldt County.,,,,
95542 Redway,zcta,95542,Redway,40.0932543,-123.7598313,589792,,2020-09-30,10,0,Zillow ZIP-level market for Redway; mapped with Census 2020 ZCTA 95542 in Humboldt County.,,,,
95562 Scotia,zcta,95562,Scotia,40.4412005,-124.1004154,343403,,2020-09-30,10,0,Zillow ZIP-level market for Scotia; mapped with Census 2020 ZCTA 95562 in Humboldt County.,,,,
95551 Eureka,zcta,95551,Eureka,40.6749872,-124.231146,483855,,2020-09-30,10,0,Zillow ZIP-level market for Eureka; mapped with Census 2020 ZCTA 95551 in Humboldt County.,,,,
95536 Ferndale,zcta,95536,Ferndale,40.5012414,-124.2099284,531894,,2020-09-30,10,0,Zillow ZIP-level market for Ferndale; mapped with Census 2020 ZCTA 95536 in Humboldt County.,,,,
95570 Trinidad,zcta,95570,Trinidad,41.1137525,-124.0826397,637925,,2020-09-30,10,0,Zillow ZIP-level market for Trinidad; mapped with Census 2020 ZCTA 95570 in Humboldt County.,,,,
95549 Kneeland,zcta,95549,Kneeland,40.6666759,-123.9083825,761842,,2020-09-30,10,0,Zillow ZIP-level market for Kneeland; mapped with Census 2020 ZCTA 95549 in Humboldt County.,,,,
95524 Bayside,zcta,95524,Bayside,40.8208354,-124.0500216,677788,,2020-09-30,10,0,Zillow ZIP-level market for Bayside; mapped with Census 2020 ZCTA 95524 in Humboldt County.,,,,
95560 Redway,zcta,95560,Redway,40.1427275,-123.8388194,448275,,2020-09-30,10,0,Zillow ZIP-level market for Redway; mapped with Census 2020 ZCTA 95560 in Humboldt County.,,,,
95525 Blue Lake,zcta,95525,Blue Lake,40.9537818,-123.8244384,467734,,2020-09-30,10,0,Zillow ZIP-level market for Blue Lake; mapped with Census 2020 ZCTA 95525 in Humboldt County.,,,,
95528 Carlotta,zcta,95528,Carlotta,40.4969858,-123.9308113,554606,,2020-09-30,10,0,Zillow ZIP-level market for Carlotta; mapped with Census 2020 ZCTA 95528 in Humboldt County.,,,,
95547 Hydesville,zcta,95547,Hydesville,40.5694635,-124.0775035,513149,,2020-09-30,10,0,Zillow ZIP-level market for Hydesville; mapped with Census 2020 ZCTA 95547 in Humboldt County.,,,,
95589 Whitethorn,zcta,95589,Whitethorn,40.061443,-123.979797,418119,,2020-09-30,10,0,Zillow ZIP-level market for Whitethorn; mapped with Census 2020 ZCTA 95589 in Humboldt County.,,,,
95573 nan,zcta,95573,nan,40.9149256,-123.6687235,409158,,2020-09-30,10,0,Zillow ZIP-level market for nan; mapped with Census 2020 ZCTA 95573 in Humboldt County.,,,,
95526 Bridgeville,zcta,95526,Bridgeville,40.4615284,-123.6764866,442628,,2020-09-30,10,0,Zillow ZIP-level market for Bridgeville; mapped with Census 2020 ZCTA 95526 in Humboldt County.,,,,
95553 Myers Flat,zcta,95553,Myers Flat,40.2311522,-123.8685969,530514,,2020-09-30,10,0,Zillow ZIP-level market for Myers Flat; mapped with Census 2020 ZCTA 95553 in Humboldt County.,,,,
95503 Eureka,zcta,95503,Eureka,40.7384033,-124.1078148,406955,,2020-10-31,10,0,Zillow ZIP-level market for Eureka; mapped with Census 2020 ZCTA 95503 in Humboldt County.,,,,
95501 Eureka,zcta,95501,Eureka,40.8020101,-124.1448237,375877,,2020-10-31,10,0,Zillow ZIP-level market for Eureka; mapped with Census 2020 ZCTA 95501 in Humboldt County.,,,,
95521 Arcata,zcta,95521,Arcata,40.8433563,-124.0453337,486829,,2020-10-31,10,0,Zillow ZIP-level market for Arcata; mapped with Census 2020 ZCTA 95521 in Humboldt County.,,,,
95519 McKinleyville,zcta,95519,McKinleyville,40.9630053,-124.0525012,466867,,2020-10-31,10,0,Zillow ZIP-level market for McKinleyville; mapped with Census 2020 ZCTA 95519 in Humboldt County.,,,,
95540 Fortuna,zcta,95540,Fortuna,40.5667868,-124.1259758,405887,,2020-10-31,10,0,Zillow ZIP-level market for Fortuna; mapped with Census 2020 ZCTA 95540 in Humboldt County.,,,,
95542 Redway,zcta,95542,Redway,40.0932543,-123.7598313,593004,,2020-10-31,10,0,Zillow ZIP-level market for Redway; mapped with Census 2020 ZCTA 95542 in Humboldt County.,,,,
95562 Scotia,zcta,95562,Scotia,40.4412005,-124.1004154,344243,,2020-10-31,10,0,Zillow ZIP-level market for Scotia; mapped with Census 2020 ZCTA 95562 in Humboldt County.,,,,
95551 Eureka,zcta,95551,Eureka,40.6749872,-124.231146,486364,,2020-10-31,10,0,Zillow ZIP-level market for Eureka; mapped with Census 2020 ZCTA 95551 in Humboldt County.,,,,
95536 Ferndale,zcta,95536,Ferndale,40.5012414,-124.2099284,539078,,2020-10-31,10,0,Zillow ZIP-level market for Ferndale; mapped with Census 2020 ZCTA 95536 in Humboldt County.,,,,
95570 Trinidad,zcta,95570,Trinidad,41.1137525,-124.0826397,641097,,2020-10-31,10,0,Zillow ZIP-level market for Trinidad; mapped with Census 2020 ZCTA 95570 in Humboldt County.,,,,
95549 Kneeland,zcta,95549,Kneeland,40.6666759,-123.9083825,772896,,2020-10-31,10,0,Zillow ZIP-level market for Kneeland; mapped with Census 2020 ZCTA 95549 in Humboldt County.,,,,
95524 Bayside,zcta,95524,Bayside,40.8208354,-124.0500216,688780,,2020-10-31,10,0,Zillow ZIP-level market for Bayside; mapped with Census 2020 ZCTA 95524 in Humboldt County.,,,,
95560 Redway,zcta,95560,Redway,40.1427275,-123.8388194,454744,,2020-10-31,10,0,Zillow ZIP-level market for Redway; mapped with Census 2020 ZCTA 95560 in Humboldt County.,,,,
95525 Blue Lake,zcta,95525,Blue Lake,40.9537818,-123.8244384,473744,,2020-10-31,10,0,Zillow ZIP-level market for Blue Lake; mapped with Census 2020 ZCTA 95525 in Humboldt County.,,,,
95528 Carlotta,zcta,95528,Carlotta,40.4969858,-123.9308113,562848,,2020-10-31,10,0,Zillow ZIP-level market for Carlotta; mapped with Census 2020 ZCTA 95528 in Humboldt County.,,,,
95547 Hydesville,zcta,95547,Hydesville,40.5694635,-124.0775035,521962,,2020-10-31,10,0,Zillow ZIP-level market for Hydesville; mapped with Census 2020 ZCTA 95547 in Humboldt County.,,,,
95589 Whitethorn,zcta,95589,Whitethorn,40.061443,-123.979797,419525,,2020-10-31,10,0,Zillow ZIP-level market for Whitethorn; mapped with Census 2020 ZCTA 95589 in Humboldt County.,,,,
95573 nan,zcta,95573,nan,40.9149256,-123.6687235,413904,,2020-10-31,10,0,Zillow ZIP-level market for nan; mapped with Census 2020 ZCTA 95573 in Humboldt County.,,,,
95526 Bridgeville,zcta,95526,Bridgeville,40.4615284,-123.6764866,447787,,2020-10-31,10,0,Zillow ZIP-level market for Bridgeville; mapped with Census 2020 ZCTA 95526 in Humboldt County.,,,,
95553 Myers Flat,zcta,95553,Myers Flat,40.2311522,-123.8685969,535400,,2020-10-31,10,0,Zillow ZIP-level market for Myers Flat; mapped with Census 2020 ZCTA 95553 in Humboldt County.,,,,
95503 Eureka,zcta,95503,Eureka,40.7384033,-124.1078148,409143,,2020-11-30,10,0,Zillow ZIP-level market for Eureka; mapped with Census 2020 ZCTA 95503 in Humboldt County.,,,,
95501 Eureka,zcta,95501,Eureka,40.8020101,-124.1448237,377208,,2020-11-30,10,0,Zillow ZIP-level market for Eureka; mapped with Census 2020 ZCTA 95501 in Humboldt County.,,,,
95521 Arcata,zcta,95521,Arcata,40.8433563,-124.0453337,489103,,2020-11-30,10,0,Zillow ZIP-level market for Arcata; mapped with Census 2020 ZCTA 95521 in Humboldt County.,,,,
95519 McKinleyville,zcta,95519,McKinleyville,40.9630053,-124.0525012,469366,,2020-11-30,10,0,Zillow ZIP-level market for McKinleyville; mapped with Census 2020 ZCTA 95519 in Humboldt County.,,,,
95540 Fortuna,zcta,95540,Fortuna,40.5667868,-124.1259758,408138,,2020-11-30,10,0,Zillow ZIP-level market for Fortuna; mapped with Census 2020 ZCTA 95540 in Humboldt County.,,,,
95542 Redway,zcta,95542,Redway,40.0932543,-123.7598313,595912,,2020-11-30,10,0,Zillow ZIP-level market for Redway; mapped with Census 2020 ZCTA 95542 in Humboldt County.,,,,
95562 Scotia,zcta,95562,Scotia,40.4412005,-124.1004154,343790,,2020-11-30,10,0,Zillow ZIP-level market for Scotia; mapped with Census 2020 ZCTA 95562 in Humboldt County.,,,,
95551 Eureka,zcta,95551,Eureka,40.6749872,-124.231146,487498,,2020-11-30,10,0,Zillow ZIP-level market for Eureka; mapped with Census 2020 ZCTA 95551 in Humboldt County.,,,,
95536 Ferndale,zcta,95536,Ferndale,40.5012414,-124.2099284,544363,,2020-11-30,10,0,Zillow ZIP-level market for Ferndale; mapped with Census 2020 ZCTA 95536 in Humboldt County.,,,,
95570 Trinidad,zcta,95570,Trinidad,41.1137525,-124.0826397,642341,,2020-11-30,10,0,Zillow ZIP-level market for Trinidad; mapped with Census 2020 ZCTA 95570 in Humboldt County.,,,,
95549 Kneeland,zcta,95549,Kneeland,40.6666759,-123.9083825,782377,,2020-11-30,10,0,Zillow ZIP-level market for Kneeland; mapped with Census 2020 ZCTA 95549 in Humboldt County.,,,,
95524 Bayside,zcta,95524,Bayside,40.8208354,-124.0500216,694671,,2020-11-30,10,0,Zillow ZIP-level market for Bayside; mapped with Census 2020 ZCTA 95524 in Humboldt County.,,,,
95560 Redway,zcta,95560,Redway,40.1427275,-123.8388194,460050,,2020-11-30,10,0,Zillow ZIP-level market for Redway; mapped with Census 2020 ZCTA 95560 in Humboldt County.,,,,
95525 Blue Lake,zcta,95525,Blue Lake,40.9537818,-123.8244384,479792,,2020-11-30,10,0,Zillow ZIP-level market for Blue Lake; mapped with Census 2020 ZCTA 95525 in Humboldt County.,,,,
95528 Carlotta,zcta,95528,Carlotta,40.4969858,-123.9308113,568158,,2020-11-30,10,0,Zillow ZIP-level market for Carlotta; mapped with Census 2020 ZCTA 95528 in Humboldt County.,,,,
95547 Hydesville,zcta,95547,Hydesville,40.5694635,-124.0775035,527723,,2020-11-30,10,0,Zillow ZIP-level market for Hydesville; mapped with Census 2020 ZCTA 95547 in Humboldt County.,,,,
95589 Whitethorn,zcta,95589,Whitethorn,40.061443,-123.979797,419661,,2020-11-30,10,0,Zillow ZIP-level market for Whitethorn; mapped with Census 2020 ZCTA 95589 in Humboldt County.,,,,
95573 nan,zcta,95573,nan,40.9149256,-123.6687235,418706,,2020-11-30,10,0,Zillow ZIP-level market for nan; mapped with Census 2020 ZCTA 95573 in Humboldt County.,,,,
95526 Bridgeville,zcta,95526,Bridgeville,40.4615284,-123.6764866,452887,,2020-11-30,10,0,Zillow ZIP-level market for Bridgeville; mapped with Census 2020 ZCTA 95526 in Humboldt County.,,,,
95553 Myers Flat,zcta,95553,Myers Flat,40.2311522,-123.8685969,539921,,2020-11-30,10,0,Zillow ZIP-level market for Myers Flat; mapped with Census 2020 ZCTA 95553 in Humboldt County.,,,,
95503 Eureka,zcta,95503,Eureka,40.7384033,-124.1078148,411196,,2020-12-31,10,0,Zillow ZIP-level market for Eureka; mapped with Census 2020 ZCTA 95503 in Humboldt County.,,,,
95501 Eureka,zcta,95501,Eureka,40.8020101,-124.1448237,378669,,2020-12-31,10,0,Zillow ZIP-level market for Eureka; mapped with Census 2020 ZCTA 95501 in Humboldt County.,,,,
95521 Arcata,zcta,95521,Arcata,40.8433563,-124.0453337,489570,,2020-12-31,10,0,Zillow ZIP-level market for Arcata; mapped with Census 2020 ZCTA 95521 in Humboldt County.,,,,
95519 McKinleyville,zcta,95519,McKinleyville,40.9630053,-124.0525012,471996,,2020-12-31,10,0,Zillow ZIP-level market for McKinleyville; mapped with Census 2020 ZCTA 95519 in Humboldt County.,,,,
95540 Fortuna,zcta,95540,Fortuna,40.5667868,-124.1259758,409518,,2020-12-31,10,0,Zillow ZIP-level market for Fortuna; mapped with Census 2020 ZCTA 95540 in Humboldt County.,,,,
95542 Redway,zcta,95542,Redway,40.0932543,-123.7598313,595513,,2020-12-31,10,0,Zillow ZIP-level market for Redway; mapped with Census 2020 ZCTA 95542 in Humboldt County.,,,,
95562 Scotia,zcta,95562,Scotia,40.4412005,-124.1004154,343164,,2020-12-31,10,0,Zillow ZIP-level market for Scotia; mapped with Census 2020 ZCTA 95562 in Humboldt County.,,,,
95551 Eureka,zcta,95551,Eureka,40.6749872,-124.231146,487602,,2020-12-31,10,0,Zillow ZIP-level market for Eureka; mapped with Census 2020 ZCTA 95551 in Humboldt County.,,,,
95536 Ferndale,zcta,95536,Ferndale,40.5012414,-124.2099284,549358,,2020-12-31,10,0,Zillow ZIP-level market for Ferndale; mapped with Census 2020 ZCTA 95536 in Humboldt County.,,,,
95570 Trinidad,zcta,95570,Trinidad,41.1137525,-124.0826397,644120,,2020-12-31,10,0,Zillow ZIP-level market for Trinidad; mapped with Census 2020 ZCTA 95570 in Humboldt County.,,,,
95549 Kneeland,zcta,95549,Kneeland,40.6666759,-123.9083825,785859,,2020-12-31,10,0,Zillow ZIP-level market for Kneeland; mapped with Census 2020 ZCTA 95549 in Humboldt County.,,,,
95524 Bayside,zcta,95524,Bayside,40.8208354,-124.0500216,699463,,2020-12-31,10,0,Zillow ZIP-level market for Bayside; mapped with Census 2020 ZCTA 95524 in Humboldt County.,,,,
95560 Redway,zcta,95560,Redway,40.1427275,-123.8388194,461345,,2020-12-31,10,0,Zillow ZIP-level market for Redway; mapped with Census 2020 ZCTA 95560 in Humboldt County.,,,,
95525 Blue Lake,zcta,95525,Blue Lake,40.9537818,-123.8244384,485496,,2020-12-31,10,0,Zillow ZIP-level market for Blue Lake; mapped with Census 2020 ZCTA 95525 in Humboldt County.,,,,
95528 Carlotta,zcta,95528,Carlotta,40.4969858,-123.9308113,565649,,2020-12-31,10,0,Zillow ZIP-level market for Carlotta; mapped with Census 2020 ZCTA 95528 in Humboldt County.,,,,
95547 Hydesville,zcta,95547,Hydesville,40.5694635,-124.0775035,529171,,2020-12-31,10,0,Zillow ZIP-level market for Hydesville; mapped with Census 2020 ZCTA 95547 in Humboldt County.,,,,
95589 Whitethorn,zcta,95589,Whitethorn,40.061443,-123.979797,418134,,2020-12-31,10,0,Zillow ZIP-level market for Whitethorn; mapped with Census 2020 ZCTA 95589 in Humboldt County.,,,,
95573 nan,zcta,95573,nan,40.9149256,-123.6687235,421143,,2020-12-31,10,0,Zillow ZIP-level market for nan; mapped with Census 2020 ZCTA 95573 in Humboldt County.,,,,
95526 Bridgeville,zcta,95526,Bridgeville,40.4615284,-123.6764866,454984,,2020-12-31,10,0,Zillow ZIP-level market for Bridgeville; mapped with Census 2020 ZCTA 95526 in Humboldt County.,,,,
95553 Myers Flat,zcta,95553,Myers Flat,40.2311522,-123.8685969,543422,,2020-12-31,10,0,Zillow ZIP-level market for Myers Flat; mapped with Census 2020 ZCTA 95553 in Humboldt County.,,,,
95503 Eureka,zcta,95503,Eureka,40.7384033,-124.1078148,414027,,2021-01-31,10,0,Zillow ZIP-level market for Eureka; mapped with Census 2020 ZCTA 95503 in Humboldt County.,,,,
95501 Eureka,zcta,95501,Eureka,40.8020101,-124.1448237,380969,,2021-01-31,10,0,Zillow ZIP-level market for Eureka; mapped with Census 2020 ZCTA 95501 in Humboldt County.,,,,
95521 Arcata,zcta,95521,Arcata,40.8433563,-124.0453337,491320,,2021-01-31,10,0,Zillow ZIP-level market for Arcata; mapped with Census 2020 ZCTA 95521 in Humboldt County.,,,,
95519 McKinleyville,zcta,95519,McKinleyville,40.9630053,-124.0525012,475903,,2021-01-31,10,0,Zillow ZIP-level market for McKinleyville; mapped with Census 2020 ZCTA 95519 in Humboldt County.,,,,
95540 Fortuna,zcta,95540,Fortuna,40.5667868,-124.1259758,411522,,2021-01-31,10,0,Zillow ZIP-level market for Fortuna; mapped with Census 2020 ZCTA 95540 in Humboldt County.,,,,
95542 Redway,zcta,95542,Redway,40.0932543,-123.7598313,597222,,2021-01-31,10,0,Zillow ZIP-level market for Redway; mapped with Census 2020 ZCTA 95542 in Humboldt County.,,,,
95562 Scotia,zcta,95562,Scotia,40.4412005,-124.1004154,344693,,2021-01-31,10,0,Zillow ZIP-level market for Scotia; mapped with Census 2020 ZCTA 95562 in Humboldt County.,,,,
95551 Eureka,zcta,95551,Eureka,40.6749872,-124.231146,489266,,2021-01-31,10,0,Zillow ZIP-level market for Eureka; mapped with Census 2020 ZCTA 95551 in Humboldt County.,,,,
95536 Ferndale,zcta,95536,Ferndale,40.5012414,-124.2099284,555281,,2021-01-31,10,0,Zillow ZIP-level market for Ferndale; mapped with Census 2020 ZCTA 95536 in Humboldt County.,,,,
95570 Trinidad,zcta,95570,Trinidad,41.1137525,-124.0826397,648974,,2021-01-31,10,0,Zillow ZIP-level market for Trinidad; mapped with Census 2020 ZCTA 95570 in Humboldt County.,,,,
95549 Kneeland,zcta,95549,Kneeland,40.6666759,-123.9083825,791715,,2021-01-31,10,0,Zillow ZIP-level market for Kneeland; mapped with Census 2020 ZCTA 95549 in Humboldt County.,,,,
95524 Bayside,zcta,95524,Bayside,40.8208354,-124.0500216,704559,,2021-01-31,10,0,Zillow ZIP-level market for Bayside; mapped with Census 2020 ZCTA 95524 in Humboldt County.,,,,
95560 Redway,zcta,95560,Redway,40.1427275,-123.8388194,462613,,2021-01-31,10,0,Zillow ZIP-level market for Redway; mapped with Census 2020 ZCTA 95560 in Humboldt County.,,,,
95525 Blue Lake,zcta,95525,Blue Lake,40.9537818,-123.8244384,491877,,2021-01-31,10,0,Zillow ZIP-level market for Blue Lake; mapped with Census 2020 ZCTA 95525 in Humboldt County.,,,,
95528 Carlotta,zcta,95528,Carlotta,40.4969858,-123.9308113,563568,,2021-01-31,10,0,Zillow ZIP-level market for Carlotta; mapped with Census 2020 ZCTA 95528 in Humboldt County.,,,,
95547 Hydesville,zcta,95547,Hydesville,40.5694635,-124.0775035,530461,,2021-01-31,10,0,Zillow ZIP-level market for Hydesville; mapped with Census 2020 ZCTA 95547 in Humboldt County.,,,,
95589 Whitethorn,zcta,95589,Whitethorn,40.061443,-123.979797,418336,,2021-01-31,10,0,Zillow ZIP-level market for Whitethorn; mapped with Census 2020 ZCTA 95589 in Humboldt County.,,,,
95573 nan,zcta,95573,nan,40.9149256,-123.6687235,424087,,2021-01-31,10,0,Zillow ZIP-level market for nan; mapped with Census 2020 ZCTA 95573 in Humboldt County.,,,,
95526 Bridgeville,zcta,95526,Bridgeville,40.4615284,-123.6764866,456285,,2021-01-31,10,0,Zillow ZIP-level market for Bridgeville; mapped with Census 2020 ZCTA 95526 in Humboldt County.,,,,
95553 Myers Flat,zcta,95553,Myers Flat,40.2311522,-123.8685969,550395,,2021-01-31,10,0,Zillow ZIP-level market for Myers Flat; mapped with Census 2020 ZCTA 95553 in Humboldt County.,,,,
95503 Eureka,zcta,95503,Eureka,40.7384033,-124.1078148,417265,,2021-02-28,10,0,Zillow ZIP-level market for Eureka; mapped with Census 2020 ZCTA 95503 in Humboldt County.,,,,
95501 Eureka,zcta,95501,Eureka,40.8020101,-124.1448237,383800,,2021-02-28,10,0,Zillow ZIP-level market for Eureka; mapped with Census 2020 ZCTA 95501 in Humboldt County.,,,,
95521 Arcata,zcta,95521,Arcata,40.8433563,-124.0453337,494557,,2021-02-28,10,0,Zillow ZIP-level market for Arcata; mapped with Census 2020 ZCTA 95521 in Humboldt County.,,,,
95519 McKinleyville,zcta,95519,McKinleyville,40.9630053,-124.0525012,480593,,2021-02-28,10,0,Zillow ZIP-level market for McKinleyville; mapped with Census 2020 ZCTA 95519 in Humboldt County.,,,,
95540 Fortuna,zcta,95540,Fortuna,40.5667868,-124.1259758,414193,,2021-02-28,10,0,Zillow ZIP-level market for Fortuna; mapped with Census 2020 ZCTA 95540 in Humboldt County.,,,,
95542 Redway,zcta,95542,Redway,40.0932543,-123.7598313,595768,,2021-02-28,10,0,Zillow ZIP-level market for Redway; mapped with Census 2020 ZCTA 95542 in Humboldt County.,,,,
95562 Scotia,zcta,95562,Scotia,40.4412005,-124.1004154,346557,,2021-02-28,10,0,Zillow ZIP-level market for Scotia; mapped with Census 2020 ZCTA 95562 in Humboldt County.,,,,
95551 Eureka,zcta,95551,Eureka,40.6749872,-124.231146,491242,,2021-02-28,10,0,Zillow ZIP-level market for Eureka; mapped with Census 2020 ZCTA 95551 in Humboldt County.,,,,
95536 Ferndale,zcta,95536,Ferndale,40.5012414,-124.2099284,561606,,2021-02-28,10,0,Zillow ZIP-level market for Ferndale; mapped with Census 2020 ZCTA 95536 in Humboldt County.,,,,
95570 Trinidad,zcta,95570,Trinidad,41.1137525,-124.0826397,656517,,2021-02-28,10,0,Zillow ZIP-level market for Trinidad; mapped with Census 2020 ZCTA 95570 in Humboldt County.,,,,
95549 Kneeland,zcta,95549,Kneeland,40.6666759,-123.9083825,792635,,2021-02-28,10,0,Zillow ZIP-level market for Kneeland; mapped with Census 2020 ZCTA 95549 in Humboldt County.,,,,
95524 Bayside,zcta,95524,Bayside,40.8208354,-124.0500216,709223,,2021-02-28,10,0,Zillow ZIP-level market for Bayside; mapped with Census 2020 ZCTA 95524 in Humboldt County.,,,,
95560 Redway,zcta,95560,Redway,40.1427275,-123.8388194,461286,,2021-02-28,10,0,Zillow ZIP-level market for Redway; mapped with Census 2020 ZCTA 95560 in Humboldt County.,,,,
95525 Blue Lake,zcta,95525,Blue Lake,40.9537818,-123.8244384,494583,,2021-02-28,10,0,Zillow ZIP-level market for Blue Lake; mapped with Census 2020 ZCTA 95525 in Humboldt County.,,,,
95528 Carlotta,zcta,95528,Carlotta,40.4969858,-123.9308113,561814,,2021-02-28,10,0,Zillow ZIP-level market for Carlotta; mapped with Census 2020 ZCTA 95528 in Humboldt County.,,,,
95547 Hydesville,zcta,95547,Hydesville,40.5694635,-124.0775035,529925,,2021-02-28,10,0,Zillow ZIP-level market for Hydesville; mapped with Census 2020 ZCTA 95547 in Humboldt County.,,,,
95589 Whitethorn,zcta,95589,Whitethorn,40.061443,-123.979797,419118,,2021-02-28,10,0,Zillow ZIP-level market for Whitethorn; mapped with Census 2020 ZCTA 95589 in Humboldt County.,,,,
95573 nan,zcta,95573,nan,40.9149256,-123.6687235,425777,,2021-02-28,10,0,Zillow ZIP-level market for nan; mapped with Census 2020 ZCTA 95573 in Humboldt County.,,,,
95526 Bridgeville,zcta,95526,Bridgeville,40.4615284,-123.6764866,455634,,2021-02-28,10,0,Zillow ZIP-level market for Bridgeville; mapped with Census 2020 ZCTA 95526 in Humboldt County.,,,,
95553 Myers Flat,zcta,95553,Myers Flat,40.2311522,-123.8685969,555129,,2021-02-28,10,0,Zillow ZIP-level market for Myers Flat; mapped with Census 2020 ZCTA 95553 in Humboldt County.,,,,
95503 Eureka,zcta,95503,Eureka,40.7384033,-124.1078148,421208,,2021-03-31,10,0,Zillow ZIP-level market for Eureka; mapped with Census 2020 ZCTA 95503 in Humboldt County.,,,,
95501 Eureka,zcta,95501,Eureka,40.8020101,-124.1448237,387197,,2021-03-31,10,0,Zillow ZIP-level market for Eureka; mapped with Census 2020 ZCTA 95501 in Humboldt County.,,,,
95521 Arcata,zcta,95521,Arcata,40.8433563,-124.0453337,499158,,2021-03-31,10,0,Zillow ZIP-level market for Arcata; mapped with Census 2020 ZCTA 95521 in Humboldt County.,,,,
95519 McKinleyville,zcta,95519,McKinleyville,40.9630053,-124.0525012,485093,,2021-03-31,10,0,Zillow ZIP-level market for McKinleyville; mapped with Census 2020 ZCTA 95519 in Humboldt County.,,,,
95540 Fortuna,zcta,95540,Fortuna,40.5667868,-124.1259758,417813,,2021-03-31,10,0,Zillow ZIP-level market for Fortuna; mapped with Census 2020 ZCTA 95540 in Humboldt County.,,,,
95542 Redway,zcta,95542,Redway,40.0932543,-123.7598313,593835,,2021-03-31,10,0,Zillow ZIP-level market for Redway; mapped with Census 2020 ZCTA 95542 in Humboldt County.,,,,
95562 Scotia,zcta,95562,Scotia,40.4412005,-124.1004154,348801,,2021-03-31,10,0,Zillow ZIP-level market for Scotia; mapped with Census 2020 ZCTA 95562 in Humboldt County.,,,,
95551 Eureka,zcta,95551,Eureka,40.6749872,-124.231146,493728,,2021-03-31,10,0,Zillow ZIP-level market for Eureka; mapped with Census 2020 ZCTA 95551 in Humboldt County.,,,,
95536 Ferndale,zcta,95536,Ferndale,40.5012414,-124.2099284,569230,,2021-03-31,10,0,Zillow ZIP-level market for Ferndale; mapped with Census 2020 ZCTA 95536 in Humboldt County.,,,,
95570 Trinidad,zcta,95570,Trinidad,41.1137525,-124.0826397,665143,,2021-03-31,10,0,Zillow ZIP-level market for Trinidad; mapped with Census 2020 ZCTA 95570 in Humboldt County.,,,,
95549 Kneeland,zcta,95549,Kneeland,40.6666759,-123.9083825,792523,,2021-03-31,10,0,Zillow ZIP-level market for Kneeland; mapped with Census 2020 ZCTA 95549 in Humboldt County.,,,,
95524 Bayside,zcta,95524,Bayside,40.8208354,-124.0500216,712495,,2021-03-31,10,0,Zillow ZIP-level market for Bayside; mapped with Census 2020 ZCTA 95524 in Humboldt County.,,,,
95560 Redway,zcta,95560,Redway,40.1427275,-123.8388194,461272,,2021-03-31,10,0,Zillow ZIP-level market for Redway; mapped with Census 2020 ZCTA 95560 in Humboldt County.,,,,
95525 Blue Lake,zcta,95525,Blue Lake,40.9537818,-123.8244384,496333,,2021-03-31,10,0,Zillow ZIP-level market for Blue Lake; mapped with Census 2020 ZCTA 95525 in Humboldt County.,,,,
95528 Carlotta,zcta,95528,Carlotta,40.4969858,-123.9308113,563150,,2021-03-31,10,0,Zillow ZIP-level market for Carlotta; mapped with Census 2020 ZCTA 95528 in Humboldt County.,,,,
95547 Hydesville,zcta,95547,Hydesville,40.5694635,-124.0775035,530348,,2021-03-31,10,0,Zillow ZIP-level market for Hydesville; mapped with Census 2020 ZCTA 95547 in Humboldt County.,,,,
95589 Whitethorn,zcta,95589,Whitethorn,40.061443,-123.979797,420107,,2021-03-31,10,0,Zillow ZIP-level market for Whitethorn; mapped with Census 2020 ZCTA 95589 in Humboldt County.,,,,
95573 nan,zcta,95573,nan,40.9149256,-123.6687235,427552,,2021-03-31,10,0,Zillow ZIP-level market for nan; mapped with Census 2020 ZCTA 95573 in Humboldt County.,,,,
95526 Bridgeville,zcta,95526,Bridgeville,40.4615284,-123.6764866,455919,,2021-03-31,10,0,Zillow ZIP-level market for Bridgeville; mapped with Census 2020 ZCTA 95526 in Humboldt County.,,,,
95553 Myers Flat,zcta,95553,Myers Flat,40.2311522,-123.8685969,559062,,2021-03-31,10,0,Zillow ZIP-level market for Myers Flat; mapped with Census 2020 ZCTA 95553 in Humboldt County.,,,,
95503 Eureka,zcta,95503,Eureka,40.7384033,-124.1078148,426429,,2021-04-30,10,0,Zillow ZIP-level market for Eureka; mapped with Census 2020 ZCTA 95503 in Humboldt County.,,,,
95501 Eureka,zcta,95501,Eureka,40.8020101,-124.1448237,391547,,2021-04-30,10,0,Zillow ZIP-level market for Eureka; mapped with Census 2020 ZCTA 95501 in Humboldt County.,,,,
95521 Arcata,zcta,95521,Arcata,40.8433563,-124.0453337,504881,,2021-04-30,10,0,Zillow ZIP-level market for Arcata; mapped with Census 2020 ZCTA 95521 in Humboldt County.,,,,
95519 McKinleyville,zcta,95519,McKinleyville,40.9630053,-124.0525012,490174,,2021-04-30,10,0,Zillow ZIP-level market for McKinleyville; mapped with Census 2020 ZCTA 95519 in Humboldt County.,,,,
95540 Fortuna,zcta,95540,Fortuna,40.5667868,-124.1259758,422413,,2021-04-30,10,0,Zillow ZIP-level market for Fortuna; mapped with Census 2020 ZCTA 95540 in Humboldt County.,,,,
95542 Redway,zcta,95542,Redway,40.0932543,-123.7598313,595680,,2021-04-30,10,0,Zillow ZIP-level market for Redway; mapped with Census 2020 ZCTA 95542 in Humboldt County.,,,,
95562 Scotia,zcta,95562,Scotia,40.4412005,-124.1004154,350663,,2021-04-30,10,0,Zillow ZIP-level market for Scotia; mapped with Census 2020 ZCTA 95562 in Humboldt County.,,,,
95551 Eureka,zcta,95551,Eureka,40.6749872,-124.231146,498184,,2021-04-30,10,0,Zillow ZIP-level market for Eureka; mapped with Census 2020 ZCTA 95551 in Humboldt County.,,,,
95536 Ferndale,zcta,95536,Ferndale,40.5012414,-124.2099284,577469,,2021-04-30,10,0,Zillow ZIP-level market for Ferndale; mapped with Census 2020 ZCTA 95536 in Humboldt County.,,,,
95570 Trinidad,zcta,95570,Trinidad,41.1137525,-124.0826397,673579,,2021-04-30,10,0,Zillow ZIP-level market for Trinidad; mapped with Census 2020 ZCTA 95570 in Humboldt County.,,,,
95549 Kneeland,zcta,95549,Kneeland,40.6666759,-123.9083825,795119,,2021-04-30,10,0,Zillow ZIP-level market for Kneeland; mapped with Census 2020 ZCTA 95549 in Humboldt County.,,,,
95524 Bayside,zcta,95524,Bayside,40.8208354,-124.0500216,717906,,2021-04-30,10,0,Zillow ZIP-level market for Bayside; mapped with Census 2020 ZCTA 95524 in Humboldt County.,,,,
95560 Redway,zcta,95560,Redway,40.1427275,-123.8388194,463609,,2021-04-30,10,0,Zillow ZIP-level market for Redway; mapped with Census 2020 ZCTA 95560 in Humboldt County.,,,,
95525 Blue Lake,zcta,95525,Blue Lake,40.9537818,-123.8244384,500492,,2021-04-30,10,0,Zillow ZIP-level market for Blue Lake; mapped with Census 2020 ZCTA 95525 in Humboldt County.,,,,
95528 Carlotta,zcta,95528,Carlotta,40.4969858,-123.9308113,564723,,2021-04-30,10,0,Zillow ZIP-level market for Carlotta; mapped with Census 2020 ZCTA 95528 in Humboldt County.,,,,
95547 Hydesville,zcta,95547,Hydesville,40.5694635,-124.0775035,533278,,2021-04-30,10,0,Zillow ZIP-level market for Hydesville; mapped with Census 2020 ZCTA 95547 in Humboldt County.,,,,
95589 Whitethorn,zcta,95589,Whitethorn,40.061443,-123.979797,423712,,2021-04-30,10,0,Zillow ZIP-level market for Whitethorn; mapped with Census 2020 ZCTA 95589 in Humboldt County.,,,,
95573 nan,zcta,95573,nan,40.9149256,-123.6687235,428261,,2021-04-30,10,0,Zillow ZIP-level market for nan; mapped with Census 2020 ZCTA 95573 in Humboldt County.,,,,
95526 Bridgeville,zcta,95526,Bridgeville,40.4615284,-123.6764866,459354,,2021-04-30,10,0,Zillow ZIP-level market for Bridgeville; mapped with Census 2020 ZCTA 95526 in Humboldt County.,,,,
95553 Myers Flat,zcta,95553,Myers Flat,40.2311522,-123.8685969,564078,,2021-04-30,10,0,Zillow ZIP-level market for Myers Flat; mapped with Census 2020 ZCTA 95553 in Humboldt County.,,,,
95503 Eureka,zcta,95503,Eureka,40.7384033,-124.1078148,433574,,2021-05-31,10,0,Zillow ZIP-level market for Eureka; mapped with Census 2020 ZCTA 95503 in Humboldt County.,,,,
95501 Eureka,zcta,95501,Eureka,40.8020101,-124.1448237,397665,,2021-05-31,10,0,Zillow ZIP-level market for Eureka; mapped with Census 2020 ZCTA 95501 in Humboldt County.,,,,
95521 Arcata,zcta,95521,Arcata,40.8433563,-124.0453337,512259,,2021-05-31,10,0,Zillow ZIP-level market for Arcata; mapped with Census 2020 ZCTA 95521 in Humboldt County.,,,,
95519 McKinleyville,zcta,95519,McKinleyville,40.9630053,-124.0525012,496948,,2021-05-31,10,0,Zillow ZIP-level market for McKinleyville; mapped with Census 2020 ZCTA 95519 in Humboldt County.,,,,
95540 Fortuna,zcta,95540,Fortuna,40.5667868,-124.1259758,428752,,2021-05-31,10,0,Zillow ZIP-level market for Fortuna; mapped with Census 2020 ZCTA 95540 in Humboldt County.,,,,
95542 Redway,zcta,95542,Redway,40.0932543,-123.7598313,604322,,2021-05-31,10,0,Zillow ZIP-level market for Redway; mapped with Census 2020 ZCTA 95542 in Humboldt County.,,,,
95562 Scotia,zcta,95562,Scotia,40.4412005,-124.1004154,353436,,2021-05-31,10,0,Zillow ZIP-level market for Scotia; mapped with Census 2020 ZCTA 95562 in Humboldt County.,,,,
95551 Eureka,zcta,95551,Eureka,40.6749872,-124.231146,505346,,2021-05-31,10,0,Zillow ZIP-level market for Eureka; mapped with Census 2020 ZCTA 95551 in Humboldt County.,,,,
95536 Ferndale,zcta,95536,Ferndale,40.5012414,-124.2099284,589006,,2021-05-31,10,0,Zillow ZIP-level market for Ferndale; mapped with Census 2020 ZCTA 95536 in Humboldt County.,,,,
95570 Trinidad,zcta,95570,Trinidad,41.1137525,-124.0826397,683816,,2021-05-31,10,0,Zillow ZIP-level market for Trinidad; mapped with Census 2020 ZCTA 95570 in Humboldt County.,,,,
95549 Kneeland,zcta,95549,Kneeland,40.6666759,-123.9083825,805221,,2021-05-31,10,0,Zillow ZIP-level market for Kneeland; mapped with Census 2020 ZCTA 95549 in Humboldt County.,,,,
95524 Bayside,zcta,95524,Bayside,40.8208354,-124.0500216,727545,,2021-05-31,10,0,Zillow ZIP-level market for Bayside; mapped with Census 2020 ZCTA 95524 in Humboldt County.,,,,
95560 Redway,zcta,95560,Redway,40.1427275,-123.8388194,469553,,2021-05-31,10,0,Zillow ZIP-level market for Redway; mapped with Census 2020 ZCTA 95560 in Humboldt County.,,,,
95525 Blue Lake,zcta,95525,Blue Lake,40.9537818,-123.8244384,509367,,2021-05-31,10,0,Zillow ZIP-level market for Blue Lake; mapped with Census 2020 ZCTA 95525 in Humboldt County.,,,,
95528 Carlotta,zcta,95528,Carlotta,40.4969858,-123.9308113,568349,,2021-05-31,10,0,Zillow ZIP-level market for Carlotta; mapped with Census 2020 ZCTA 95528 in Humboldt County.,,,,
95547 Hydesville,zcta,95547,Hydesville,40.5694635,-124.0775035,541597,,2021-05-31,10,0,Zillow ZIP-level market for Hydesville; mapped with Census 2020 ZCTA 95547 in Humboldt County.,,,,
95589 Whitethorn,zcta,95589,Whitethorn,40.061443,-123.979797,431694,,2021-05-31,10,0,Zillow ZIP-level market for Whitethorn; mapped with Census 2020 ZCTA 95589 in Humboldt County.,,,,
95573 nan,zcta,95573,nan,40.9149256,-123.6687235,431545,,2021-05-31,10,0,Zillow ZIP-level market for nan; mapped with Census 2020 ZCTA 95573 in Humboldt County.,,,,
95526 Bridgeville,zcta,95526,Bridgeville,40.4615284,-123.6764866,467464,,2021-05-31,10,0,Zillow ZIP-level market for Bridgeville; mapped with Census 2020 ZCTA 95526 in Humboldt County.,,,,
95553 Myers Flat,zcta,95553,Myers Flat,40.2311522,-123.8685969,574125,,2021-05-31,10,0,Zillow ZIP-level market for Myers Flat; mapped with Census 2020 ZCTA 95553 in Humboldt County.,,,,
95503 Eureka,zcta,95503,Eureka,40.7384033,-124.1078148,440980,,2021-06-30,10,0,Zillow ZIP-level market for Eureka; mapped with Census 2020 ZCTA 95503 in Humboldt County.,,,,
95501 Eureka,zcta,95501,Eureka,40.8020101,-124.1448237,404291,,2021-06-30,10,0,Zillow ZIP-level market for Eureka; mapped with Census 2020 ZCTA 95501 in Humboldt County.,,,,
95521 Arcata,zcta,95521,Arcata,40.8433563,-124.0453337,518529,,2021-06-30,10,0,Zillow ZIP-level market for Arcata; mapped with Census 2020 ZCTA 95521 in Humboldt County.,,,,
95519 McKinleyville,zcta,95519,McKinleyville,40.9630053,-124.0525012,503677,,2021-06-30,10,0,Zillow ZIP-level market for McKinleyville; mapped with Census 2020 ZCTA 95519 in Humboldt County.,,,,
95540 Fortuna,zcta,95540,Fortuna,40.5667868,-124.1259758,434669,,2021-06-30,10,0,Zillow ZIP-level market for Fortuna; mapped with Census 2020 ZCTA 95540 in Humboldt County.,,,,
95542 Redway,zcta,95542,Redway,40.0932543,-123.7598313,616054,,2021-06-30,10,0,Zillow ZIP-level market for Redway; mapped with Census 2020 ZCTA 95542 in Humboldt County.,,,,
95562 Scotia,zcta,95562,Scotia,40.4412005,-124.1004154,357155,,2021-06-30,10,0,Zillow ZIP-level market for Scotia; mapped with Census 2020 ZCTA 95562 in Humboldt County.,,,,
95551 Eureka,zcta,95551,Eureka,40.6749872,-124.231146,512769,,2021-06-30,10,0,Zillow ZIP-level market for Eureka; mapped with Census 2020 ZCTA 95551 in Humboldt County.,,,,
95536 Ferndale,zcta,95536,Ferndale,40.5012414,-124.2099284,599777,,2021-06-30,10,0,Zillow ZIP-level market for Ferndale; mapped with Census 2020 ZCTA 95536 in Humboldt County.,,,,
95570 Trinidad,zcta,95570,Trinidad,41.1137525,-124.0826397,690075,,2021-06-30,10,0,Zillow ZIP-level market for Trinidad; mapped with Census 2020 ZCTA 95570 in Humboldt County.,,,,
95549 Kneeland,zcta,95549,Kneeland,40.6666759,-123.9083825,814515,,2021-06-30,10,0,Zillow ZIP-level market for Kneeland; mapped with Census 2020 ZCTA 95549 in Humboldt County.,,,,
95524 Bayside,zcta,95524,Bayside,40.8208354,-124.0500216,736003,,2021-06-30,10,0,Zillow ZIP-level market for Bayside; mapped with Census 2020 ZCTA 95524 in Humboldt County.,,,,
95560 Redway,zcta,95560,Redway,40.1427275,-123.8388194,476911,,2021-06-30,10,0,Zillow ZIP-level market for Redway; mapped with Census 2020 ZCTA 95560 in Humboldt County.,,,,
95525 Blue Lake,zcta,95525,Blue Lake,40.9537818,-123.8244384,519218,,2021-06-30,10,0,Zillow ZIP-level market for Blue Lake; mapped with Census 2020 ZCTA 95525 in Humboldt County.,,,,
95528 Carlotta,zcta,95528,Carlotta,40.4969858,-123.9308113,570056,,2021-06-30,10,0,Zillow ZIP-level market for Carlotta; mapped with Census 2020 ZCTA 95528 in Humboldt County.,,,,
95547 Hydesville,zcta,95547,Hydesville,40.5694635,-124.0775035,550000,,2021-06-30,10,0,Zillow ZIP-level market for Hydesville; mapped with Census 2020 ZCTA 95547 in Humboldt County.,,,,
95589 Whitethorn,zcta,95589,Whitethorn,40.061443,-123.979797,441931,,2021-06-30,10,0,Zillow ZIP-level market for Whitethorn; mapped with Census 2020 ZCTA 95589 in Humboldt County.,,,,
95573 nan,zcta,95573,nan,40.9149256,-123.6687235,434464,,2021-06-30,10,0,Zillow ZIP-level market for nan; mapped with Census 2020 ZCTA 95573 in Humboldt County.,,,,
95526 Bridgeville,zcta,95526,Bridgeville,40.4615284,-123.6764866,478012,,2021-06-30,10,0,Zillow ZIP-level market for Bridgeville; mapped with Census 2020 ZCTA 95526 in Humboldt County.,,,,
95553 Myers Flat,zcta,95553,Myers Flat,40.2311522,-123.8685969,583836,,2021-06-30,10,0,Zillow ZIP-level market for Myers Flat; mapped with Census 2020 ZCTA 95553 in Humboldt County.,,,,
95503 Eureka,zcta,95503,Eureka,40.7384033,-124.1078148,448637,,2021-07-31,10,0,Zillow ZIP-level market for Eureka; mapped with Census 2020 ZCTA 95503 in Humboldt County.,,,,
95501 Eureka,zcta,95501,Eureka,40.8020101,-124.1448237,411199,,2021-07-31,10,0,Zillow ZIP-level market for Eureka; mapped with Census 2020 ZCTA 95501 in Humboldt County.,,,,
95521 Arcata,zcta,95521,Arcata,40.8433563,-124.0453337,524262,,2021-07-31,10,0,Zillow ZIP-level market for Arcata; mapped with Census 2020 ZCTA 95521 in Humboldt County.,,,,
95519 McKinleyville,zcta,95519,McKinleyville,40.9630053,-124.0525012,511355,,2021-07-31,10,0,Zillow ZIP-level market for McKinleyville; mapped with Census 2020 ZCTA 95519 in Humboldt County.,,,,
95540 Fortuna,zcta,95540,Fortuna,40.5667868,-124.1259758,441037,,2021-07-31,10,0,Zillow ZIP-level market for Fortuna; mapped with Census 2020 ZCTA 95540 in Humboldt County.,,,,
95542 Redway,zcta,95542,Redway,40.0932543,-123.7598313,624491,,2021-07-31,10,0,Zillow ZIP-level market for Redway; mapped with Census 2020 ZCTA 95542 in Humboldt County.,,,,
95562 Scotia,zcta,95562,Scotia,40.4412005,-124.1004154,361612,,2021-07-31,10,0,Zillow ZIP-level market for Scotia; mapped with Census 2020 ZCTA 95562 in Humboldt County.,,,,
95551 Eureka,zcta,95551,Eureka,40.6749872,-124.231146,521271,,2021-07-31,10,0,Zillow ZIP-level market for Eureka; mapped with Census 2020 ZCTA 95551 in Humboldt County.,,,,
95536 Ferndale,zcta,95536,Ferndale,40.5012414,-124.2099284,607761,,2021-07-31,10,0,Zillow ZIP-level market for Ferndale; mapped with Census 2020 ZCTA 95536 in Humboldt County.,,,,
95570 Trinidad,zcta,95570,Trinidad,41.1137525,-124.0826397,699120,,2021-07-31,10,0,Zillow ZIP-level market for Trinidad; mapped with Census 2020 ZCTA 95570 in Humboldt County.,,,,
95549 Kneeland,zcta,95549,Kneeland,40.6666759,-123.9083825,818938,,2021-07-31,10,0,Zillow ZIP-level market for Kneeland; mapped with Census 2020 ZCTA 95549 in Humboldt County.,,,,
95524 Bayside,zcta,95524,Bayside,40.8208354,-124.0500216,744499,,2021-07-31,10,0,Zillow ZIP-level market for Bayside; mapped with Census 2020 ZCTA 95524 in Humboldt County.,,,,
95560 Redway,zcta,95560,Redway,40.1427275,-123.8388194,485004,,2021-07-31,10,0,Zillow ZIP-level market for Redway; mapped with Census 2020 ZCTA 95560 in Humboldt County.,,,,
95525 Blue Lake,zcta,95525,Blue Lake,40.9537818,-123.8244384,529253,,2021-07-31,10,0,Zillow ZIP-level market for Blue Lake; mapped with Census 2020 ZCTA 95525 in Humboldt County.,,,,
95528 Carlotta,zcta,95528,Carlotta,40.4969858,-123.9308113,572926,,2021-07-31,10,0,Zillow ZIP-level market for Carlotta; mapped with Census 2020 ZCTA 95528 in Humboldt County.,,,,
95547 Hydesville,zcta,95547,Hydesville,40.5694635,-124.0775035,557295,,2021-07-31,10,0,Zillow ZIP-level market for Hydesville; mapped with Census 2020 ZCTA 95547 in Humboldt County.,,,,
95589 Whitethorn,zcta,95589,Whitethorn,40.061443,-123.979797,451885,,2021-07-31,10,0,Zillow ZIP-level market for Whitethorn; mapped with Census 2020 ZCTA 95589 in Humboldt County.,,,,
95573 nan,zcta,95573,nan,40.9149256,-123.6687235,438067,,2021-07-31,10,0,Zillow ZIP-level market for nan; mapped with Census 2020 ZCTA 95573 in Humboldt County.,,,,
95526 Bridgeville,zcta,95526,Bridgeville,40.4615284,-123.6764866,485371,,2021-07-31,10,0,Zillow ZIP-level market for Bridgeville; mapped with Census 2020 ZCTA 95526 in Humboldt County.,,,,
95553 Myers Flat,zcta,95553,Myers Flat,40.2311522,-123.8685969,590404,,2021-07-31,10,0,Zillow ZIP-level market for Myers Flat; mapped with Census 2020 ZCTA 95553 in Humboldt County.,,,,
95503 Eureka,zcta,95503,Eureka,40.7384033,-124.1078148,453721,,2021-08-31,10,0,Zillow ZIP-level market for Eureka; mapped with Census 2020 ZCTA 95503 in Humboldt County.,,,,
95501 Eureka,zcta,95501,Eureka,40.8020101,-124.1448237,416639,,2021-08-31,10,0,Zillow ZIP-level market for Eureka; mapped with Census 2020 ZCTA 95501 in Humboldt County.,,,,
95521 Arcata,zcta,95521,Arcata,40.8433563,-124.0453337,527438,,2021-08-31,10,0,Zillow ZIP-level market for Arcata; mapped with Census 2020 ZCTA 95521 in Humboldt County.,,,,
95519 McKinleyville,zcta,95519,McKinleyville,40.9630053,-124.0525012,517849,,2021-08-31,10,0,Zillow ZIP-level market for McKinleyville; mapped with Census 2020 ZCTA 95519 in Humboldt County.,,,,
95540 Fortuna,zcta,95540,Fortuna,40.5667868,-124.1259758,445625,,2021-08-31,10,0,Zillow ZIP-level market for Fortuna; mapped with Census 2020 ZCTA 95540 in Humboldt County.,,,,
95542 Redway,zcta,95542,Redway,40.0932543,-123.7598313,625183,,2021-08-31,10,0,Zillow ZIP-level market for Redway; mapped with Census 2020 ZCTA 95542 in Humboldt County.,,,,
95562 Scotia,zcta,95562,Scotia,40.4412005,-124.1004154,364826,,2021-08-31,10,0,Zillow ZIP-level market for Scotia; mapped with Census 2020 ZCTA 95562 in Humboldt County.,,,,
95551 Eureka,zcta,95551,Eureka,40.6749872,-124.231146,528081,,2021-08-31,10,0,Zillow ZIP-level market for Eureka; mapped with Census 2020 ZCTA 95551 in Humboldt County.,,,,
95536 Ferndale,zcta,95536,Ferndale,40.5012414,-124.2099284,610202,,2021-08-31,10,0,Zillow ZIP-level market for Ferndale; mapped with Census 2020 ZCTA 95536 in Humboldt County.,,,,
95570 Trinidad,zcta,95570,Trinidad,41.1137525,-124.0826397,705703,,2021-08-31,10,0,Zillow ZIP-level market for Trinidad; mapped with Census 2020 ZCTA 95570 in Humboldt County.,,,,
95549 Kneeland,zcta,95549,Kneeland,40.6666759,-123.9083825,812533,,2021-08-31,10,0,Zillow ZIP-level market for Kneeland; mapped with Census 2020 ZCTA 95549 in Humboldt County.,,,,
95524 Bayside,zcta,95524,Bayside,40.8208354,-124.0500216,748745,,2021-08-31,10,0,Zillow ZIP-level market for Bayside; mapped with Census 2020 ZCTA 95524 in Humboldt County.,,,,
95560 Redway,zcta,95560,Redway,40.1427275,-123.8388194,490924,,2021-08-31,10,0,Zillow ZIP-level market for Redway; mapped with Census 2020 ZCTA 95560 in Humboldt County.,,,,
95525 Blue Lake,zcta,95525,Blue Lake,40.9537818,-123.8244384,535972,,2021-08-31,10,0,Zillow ZIP-level market for Blue Lake; mapped with Census 2020 ZCTA 95525 in Humboldt County.,,,,
95528 Carlotta,zcta,95528,Carlotta,40.4969858,-123.9308113,574103,,2021-08-31,10,0,Zillow ZIP-level market for Carlotta; mapped with Census 2020 ZCTA 95528 in Humboldt County.,,,,
95547 Hydesville,zcta,95547,Hydesville,40.5694635,-124.0775035,560075,,2021-08-31,10,0,Zillow ZIP-level market for Hydesville; mapped with Census 2020 ZCTA 95547 in Humboldt County.,,,,
95589 Whitethorn,zcta,95589,Whitethorn,40.061443,-123.979797,458051,,2021-08-31,10,0,Zillow ZIP-level market for Whitethorn; mapped with Census 2020 ZCTA 95589 in Humboldt County.,,,,
95573 nan,zcta,95573,nan,40.9149256,-123.6687235,439492,,2021-08-31,10,0,Zillow ZIP-level market for nan; mapped with Census 2020 ZCTA 95573 in Humboldt County.,,,,
95526 Bridgeville,zcta,95526,Bridgeville,40.4615284,-123.6764866,486711,,2021-08-31,10,0,Zillow ZIP-level market for Bridgeville; mapped with Census 2020 ZCTA 95526 in Humboldt County.,,,,
95553 Myers Flat,zcta,95553,Myers Flat,40.2311522,-123.8685969,589205,,2021-08-31,10,0,Zillow ZIP-level market for Myers Flat; mapped with Census 2020 ZCTA 95553 in Humboldt County.,,,,
95503 Eureka,zcta,95503,Eureka,40.7384033,-124.1078148,456634,,2021-09-30,10,0,Zillow ZIP-level market for Eureka; mapped with Census 2020 ZCTA 95503 in Humboldt County.,,,,
95501 Eureka,zcta,95501,Eureka,40.8020101,-124.1448237,420142,,2021-09-30,10,0,Zillow ZIP-level market for Eureka; mapped with Census 2020 ZCTA 95501 in Humboldt County.,,,,
95521 Arcata,zcta,95521,Arcata,40.8433563,-124.0453337,529698,,2021-09-30,10,0,Zillow ZIP-level market for Arcata; mapped with Census 2020 ZCTA 95521 in Humboldt County.,,,,
95519 McKinleyville,zcta,95519,McKinleyville,40.9630053,-124.0525012,524197,,2021-09-30,10,0,Zillow ZIP-level market for McKinleyville; mapped with Census 2020 ZCTA 95519 in Humboldt County.,,,,
95540 Fortuna,zcta,95540,Fortuna,40.5667868,-124.1259758,449680,,2021-09-30,10,0,Zillow ZIP-level market for Fortuna; mapped with Census 2020 ZCTA 95540 in Humboldt County.,,,,
95542 Redway,zcta,95542,Redway,40.0932543,-123.7598313,623493,,2021-09-30,10,0,Zillow ZIP-level market for Redway; mapped with Census 2020 ZCTA 95542 in Humboldt County.,,,,
95562 Scotia,zcta,95562,Scotia,40.4412005,-124.1004154,366240,,2021-09-30,10,0,Zillow ZIP-level market for Scotia; mapped with Census 2020 ZCTA 95562 in Humboldt County.,,,,
95551 Eureka,zcta,95551,Eureka,40.6749872,-124.231146,534527,,2021-09-30,10,0,Zillow ZIP-level market for Eureka; mapped with Census 2020 ZCTA 95551 in Humboldt County.,,,,
95536 Ferndale,zcta,95536,Ferndale,40.5012414,-124.2099284,609824,,2021-09-30,10,0,Zillow ZIP-level market for Ferndale; mapped with Census 2020 ZCTA 95536 in Humboldt County.,,,,
95570 Trinidad,zcta,95570,Trinidad,41.1137525,-124.0826397,715070,,2021-09-30,10,0,Zillow ZIP-level market for Trinidad; mapped with Census 2020 ZCTA 95570 in Humboldt County.,,,,
95549 Kneeland,zcta,95549,Kneeland,40.6666759,-123.9083825,805101,,2021-09-30,10,0,Zillow ZIP-level market for Kneeland; mapped with Census 2020 ZCTA 95549 in Humboldt County.,,,,
95524 Bayside,zcta,95524,Bayside,40.8208354,-124.0500216,754099,,2021-09-30,10,0,Zillow ZIP-level market for Bayside; mapped with Census 2020 ZCTA 95524 in Humboldt County.,,,,
95560 Redway,zcta,95560,Redway,40.1427275,-123.8388194,493419,,2021-09-30,10,0,Zillow ZIP-level market for Redway; mapped with Census 2020 ZCTA 95560 in Humboldt County.,,,,
95525 Blue Lake,zcta,95525,Blue Lake,40.9537818,-123.8244384,541083,,2021-09-30,10,0,Zillow ZIP-level market for Blue Lake; mapped with Census 2020 ZCTA 95525 in Humboldt County.,,,,
95528 Carlotta,zcta,95528,Carlotta,40.4969858,-123.9308113,576237,,2021-09-30,10,0,Zillow ZIP-level market for Carlotta; mapped with Census 2020 ZCTA 95528 in Humboldt County.,,,,
95547 Hydesville,zcta,95547,Hydesville,40.5694635,-124.0775035,561839,,2021-09-30,10,0,Zillow ZIP-level market for Hydesville; mapped with Census 2020 ZCTA 95547 in Humboldt County.,,,,
95589 Whitethorn,zcta,95589,Whitethorn,40.061443,-123.979797,463194,,2021-09-30,10,0,Zillow ZIP-level market for Whitethorn; mapped with Census 2020 ZCTA 95589 in Humboldt County.,,,,
95573 nan,zcta,95573,nan,40.9149256,-123.6687235,441505,,2021-09-30,10,0,Zillow ZIP-level market for nan; mapped with Census 2020 ZCTA 95573 in Humboldt County.,,,,
95526 Bridgeville,zcta,95526,Bridgeville,40.4615284,-123.6764866,484644,,2021-09-30,10,0,Zillow ZIP-level market for Bridgeville; mapped with Census 2020 ZCTA 95526 in Humboldt County.,,,,
95553 Myers Flat,zcta,95553,Myers Flat,40.2311522,-123.8685969,584013,,2021-09-30,10,0,Zillow ZIP-level market for Myers Flat; mapped with Census 2020 ZCTA 95553 in Humboldt County.,,,,
95503 Eureka,zcta,95503,Eureka,40.7384033,-124.1078148,458342,,2021-10-31,10,0,Zillow ZIP-level market for Eureka; mapped with Census 2020 ZCTA 95503 in Humboldt County.,,,,
95501 Eureka,zcta,95501,Eureka,40.8020101,-124.1448237,422325,,2021-10-31,10,0,Zillow ZIP-level market for Eureka; mapped with Census 2020 ZCTA 95501 in Humboldt County.,,,,
95521 Arcata,zcta,95521,Arcata,40.8433563,-124.0453337,532517,,2021-10-31,10,0,Zillow ZIP-level market for Arcata; mapped with Census 2020 ZCTA 95521 in Humboldt County.,,,,
95519 McKinleyville,zcta,95519,McKinleyville,40.9630053,-124.0525012,529895,,2021-10-31,10,0,Zillow ZIP-level market for McKinleyville; mapped with Census 2020 ZCTA 95519 in Humboldt County.,,,,
95540 Fortuna,zcta,95540,Fortuna,40.5667868,-124.1259758,452637,,2021-10-31,10,0,Zillow ZIP-level market for Fortuna; mapped with Census 2020 ZCTA 95540 in Humboldt County.,,,,
95542 Redway,zcta,95542,Redway,40.0932543,-123.7598313,623469,,2021-10-31,10,0,Zillow ZIP-level market for Redway; mapped with Census 2020 ZCTA 95542 in Humboldt County.,,,,
95562 Scotia,zcta,95562,Scotia,40.4412005,-124.1004154,367415,,2021-10-31,10,0,Zillow ZIP-level market for Scotia; mapped with Census 2020 ZCTA 95562 in Humboldt County.,,,,
95551 Eureka,zcta,95551,Eureka,40.6749872,-124.231146,539334,,2021-10-31,10,0,Zillow ZIP-level market for Eureka; mapped with Census 2020 ZCTA 95551 in Humboldt County.,,,,
95536 Ferndale,zcta,95536,Ferndale,40.5012414,-124.2099284,612104,,2021-10-31,10,0,Zillow ZIP-level market for Ferndale; mapped with Census 2020 ZCTA 95536 in Humboldt County.,,,,
95570 Trinidad,zcta,95570,Trinidad,41.1137525,-124.0826397,721309,,2021-10-31,10,0,Zillow ZIP-level market for Trinidad; mapped with Census 2020 ZCTA 95570 in Humboldt County.,,,,
95549 Kneeland,zcta,95549,Kneeland,40.6666759,-123.9083825,801863,,2021-10-31,10,0,Zillow ZIP-level market for Kneeland; mapped with Census 2020 ZCTA 95549 in Humboldt County.,,,,
95524 Bayside,zcta,95524,Bayside,40.8208354,-124.0500216,758502,,2021-10-31,10,0,Zillow ZIP-level market for Bayside; mapped with Census 2020 ZCTA 95524 in Humboldt County.,,,,
95560 Redway,zcta,95560,Redway,40.1427275,-123.8388194,493802,,2021-10-31,10,0,Zillow ZIP-level market for Redway; mapped with Census 2020 ZCTA 95560 in Humboldt County.,,,,
95525 Blue Lake,zcta,95525,Blue Lake,40.9537818,-123.8244384,543149,,2021-10-31,10,0,Zillow ZIP-level market for Blue Lake; mapped with Census 2020 ZCTA 95525 in Humboldt County.,,,,
95528 Carlotta,zcta,95528,Carlotta,40.4969858,-123.9308113,580093,,2021-10-31,10,0,Zillow ZIP-level market for Carlotta; mapped with Census 2020 ZCTA 95528 in Humboldt County.,,,,
95547 Hydesville,zcta,95547,Hydesville,40.5694635,-124.0775035,564274,,2021-10-31,10,0,Zillow ZIP-level market for Hydesville; mapped with Census 2020 ZCTA 95547 in Humboldt County.,,,,
95589 Whitethorn,zcta,95589,Whitethorn,40.061443,-123.979797,467789,,2021-10-31,10,0,Zillow ZIP-level market for Whitethorn; mapped with Census 2020 ZCTA 95589 in Humboldt County.,,,,
95573 nan,zcta,95573,nan,40.9149256,-123.6687235,444360,,2021-10-31,10,0,Zillow ZIP-level market for nan; mapped with Census 2020 ZCTA 95573 in Humboldt County.,,,,
95526 Bridgeville,zcta,95526,Bridgeville,40.4615284,-123.6764866,483449,,2021-10-31,10,0,Zillow ZIP-level market for Bridgeville; mapped with Census 2020 ZCTA 95526 in Humboldt County.,,,,
95553 Myers Flat,zcta,95553,Myers Flat,40.2311522,-123.8685969,579249,,2021-10-31,10,0,Zillow ZIP-level market for Myers Flat; mapped with Census 2020 ZCTA 95553 in Humboldt County.,,,,
95503 Eureka,zcta,95503,Eureka,40.7384033,-124.1078148,461909,,2021-11-30,10,0,Zillow ZIP-level market for Eureka; mapped with Census 2020 ZCTA 95503 in Humboldt County.,,,,
95501 Eureka,zcta,95501,Eureka,40.8020101,-124.1448237,424865,,2021-11-30,10,0,Zillow ZIP-level market for Eureka; mapped with Census 2020 ZCTA 95501 in Humboldt County.,,,,
95521 Arcata,zcta,95521,Arcata,40.8433563,-124.0453337,537290,,2021-11-30,10,0,Zillow ZIP-level market for Arcata; mapped with Census 2020 ZCTA 95521 in Humboldt County.,,,,
95519 McKinleyville,zcta,95519,McKinleyville,40.9630053,-124.0525012,535973,,2021-11-30,10,0,Zillow ZIP-level market for McKinleyville; mapped with Census 2020 ZCTA 95519 in Humboldt County.,,,,
95540 Fortuna,zcta,95540,Fortuna,40.5667868,-124.1259758,456495,,2021-11-30,10,0,Zillow ZIP-level market for Fortuna; mapped with Census 2020 ZCTA 95540 in Humboldt County.,,,,
95542 Redway,zcta,95542,Redway,40.0932543,-123.7598313,630109,,2021-11-30,10,0,Zillow ZIP-level market for Redway; mapped with Census 2020 ZCTA 95542 in Humboldt County.,,,,
95562 Scotia,zcta,95562,Scotia,40.4412005,-124.1004154,370060,,2021-11-30,10,0,Zillow ZIP-level market for Scotia; mapped with Census 2020 ZCTA 95562 in Humboldt County.,,,,
95551 Eureka,zcta,95551,Eureka,40.6749872,-124.231146,544480,,2021-11-30,10,0,Zillow ZIP-level market for Eureka; mapped with Census 2020 ZCTA 95551 in Humboldt County.,,,,
95536 Ferndale,zcta,95536,Ferndale,40.5012414,-124.2099284,616826,,2021-11-30,10,0,Zillow ZIP-level market for Ferndale; mapped with Census 2020 ZCTA 95536 in Humboldt County.,,,,
95570 Trinidad,zcta,95570,Trinidad,41.1137525,-124.0826397,727534,,2021-11-30,10,0,Zillow ZIP-level market for Trinidad; mapped with Census 2020 ZCTA 95570 in Humboldt County.,,,,
95549 Kneeland,zcta,95549,Kneeland,40.6666759,-123.9083825,805406,,2021-11-30,10,0,Zillow ZIP-level market for Kneeland; mapped with Census 2020 ZCTA 95549 in Humboldt County.,,,,
95524 Bayside,zcta,95524,Bayside,40.8208354,-124.0500216,764804,,2021-11-30,10,0,Zillow ZIP-level market for Bayside; mapped with Census 2020 ZCTA 95524 in Humboldt County.,,,,
95560 Redway,zcta,95560,Redway,40.1427275,-123.8388194,495988,,2021-11-30,10,0,Zillow ZIP-level market for Redway; mapped with Census 2020 ZCTA 95560 in Humboldt County.,,,,
95525 Blue Lake,zcta,95525,Blue Lake,40.9537818,-123.8244384,547110,,2021-11-30,10,0,Zillow ZIP-level market for Blue Lake; mapped with Census 2020 ZCTA 95525 in Humboldt County.,,,,
95528 Carlotta,zcta,95528,Carlotta,40.4969858,-123.9308113,585340,,2021-11-30,10,0,Zillow ZIP-level market for Carlotta; mapped with Census 2020 ZCTA 95528 in Humboldt County.,,,,
95547 Hydesville,zcta,95547,Hydesville,40.5694635,-124.0775035,568252,,2021-11-30,10,0,Zillow ZIP-level market for Hydesville; mapped with Census 2020 ZCTA 95547 in Humboldt County.,,,,
95589 Whitethorn,zcta,95589,Whitethorn,40.061443,-123.979797,474737,,2021-11-30,10,0,Zillow ZIP-level market for Whitethorn; mapped with Census 2020 ZCTA 95589 in Humboldt County.,,,,
95573 nan,zcta,95573,nan,40.9149256,-123.6687235,448059,,2021-11-30,10,0,Zillow ZIP-level market for nan; mapped with Census 2020 ZCTA 95573 in Humboldt County.,,,,
95526 Bridgeville,zcta,95526,Bridgeville,40.4615284,-123.6764866,484325,,2021-11-30,10,0,Zillow ZIP-level market for Bridgeville; mapped with Census 2020 ZCTA 95526 in Humboldt County.,,,,
95553 Myers Flat,zcta,95553,Myers Flat,40.2311522,-123.8685969,578858,,2021-11-30,10,0,Zillow ZIP-level market for Myers Flat; mapped with Census 2020 ZCTA 95553 in Humboldt County.,,,,
95503 Eureka,zcta,95503,Eureka,40.7384033,-124.1078148,466727,,2021-12-31,10,0,Zillow ZIP-level market for Eureka; mapped with Census 2020 ZCTA 95503 in Humboldt County.,,,,
95501 Eureka,zcta,95501,Eureka,40.8020101,-124.1448237,428220,,2021-12-31,10,0,Zillow ZIP-level market for Eureka; mapped with Census 2020 ZCTA 95501 in Humboldt County.,,,,
95521 Arcata,zcta,95521,Arcata,40.8433563,-124.0453337,542491,,2021-12-31,10,0,Zillow ZIP-level market for Arcata; mapped with Census 2020 ZCTA 95521 in Humboldt County.,,,,
95519 McKinleyville,zcta,95519,McKinleyville,40.9630053,-124.0525012,541706,,2021-12-31,10,0,Zillow ZIP-level market for McKinleyville; mapped with Census 2020 ZCTA 95519 in Humboldt County.,,,,
95540 Fortuna,zcta,95540,Fortuna,40.5667868,-124.1259758,459745,,2021-12-31,10,0,Zillow ZIP-level market for Fortuna; mapped with Census 2020 ZCTA 95540 in Humboldt County.,,,,
95542 Redway,zcta,95542,Redway,40.0932543,-123.7598313,637438,,2021-12-31,10,0,Zillow ZIP-level market for Redway; mapped with Census 2020 ZCTA 95542 in Humboldt County.,,,,
95562 Scotia,zcta,95562,Scotia,40.4412005,-124.1004154,373038,,2021-12-31,10,0,Zillow ZIP-level market for Scotia; mapped with Census 2020 ZCTA 95562 in Humboldt County.,,,,
95551 Eureka,zcta,95551,Eureka,40.6749872,-124.231146,549327,,2021-12-31,10,0,Zillow ZIP-level market for Eureka; mapped with Census 2020 ZCTA 95551 in Humboldt County.,,,,
95536 Ferndale,zcta,95536,Ferndale,40.5012414,-124.2099284,620970,,2021-12-31,10,0,Zillow ZIP-level market for Ferndale; mapped with Census 2020 ZCTA 95536 in Humboldt County.,,,,
95570 Trinidad,zcta,95570,Trinidad,41.1137525,-124.0826397,733637,,2021-12-31,10,0,Zillow ZIP-level market for Trinidad; mapped with Census 2020 ZCTA 95570 in Humboldt County.,,,,
95549 Kneeland,zcta,95549,Kneeland,40.6666759,-123.9083825,810934,,2021-12-31,10,0,Zillow ZIP-level market for Kneeland; mapped with Census 2020 ZCTA 95549 in Humboldt County.,,,,
95524 Bayside,zcta,95524,Bayside,40.8208354,-124.0500216,769768,,2021-12-31,10,0,Zillow ZIP-level market for Bayside; mapped with Census 2020 ZCTA 95524 in Humboldt County.,,,,
95560 Redway,zcta,95560,Redway,40.1427275,-123.8388194,499768,,2021-12-31,10,0,Zillow ZIP-level market for Redway; mapped with Census 2020 ZCTA 95560 in Humboldt County.,,,,
95525 Blue Lake,zcta,95525,Blue Lake,40.9537818,-123.8244384,550303,,2021-12-31,10,0,Zillow ZIP-level market for Blue Lake; mapped with Census 2020 ZCTA 95525 in Humboldt County.,,,,
95528 Carlotta,zcta,95528,Carlotta,40.4969858,-123.9308113,589520,,2021-12-31,10,0,Zillow ZIP-level market for Carlotta; mapped with Census 2020 ZCTA 95528 in Humboldt County.,,,,
95547 Hydesville,zcta,95547,Hydesville,40.5694635,-124.0775035,573278,,2021-12-31,10,0,Zillow ZIP-level market for Hydesville; mapped with Census 2020 ZCTA 95547 in Humboldt County.,,,,
95589 Whitethorn,zcta,95589,Whitethorn,40.061443,-123.979797,481694,,2021-12-31,10,0,Zillow ZIP-level market for Whitethorn; mapped with Census 2020 ZCTA 95589 in Humboldt County.,,,,
95573 nan,zcta,95573,nan,40.9149256,-123.6687235,451408,,2021-12-31,10,0,Zillow ZIP-level market for nan; mapped with Census 2020 ZCTA 95573 in Humboldt County.,,,,
95526 Bridgeville,zcta,95526,Bridgeville,40.4615284,-123.6764866,486808,,2021-12-31,10,0,Zillow ZIP-level market for Bridgeville; mapped with Census 2020 ZCTA 95526 in Humboldt County.,,,,
95553 Myers Flat,zcta,95553,Myers Flat,40.2311522,-123.8685969,581407,,2021-12-31,10,0,Zillow ZIP-level market for Myers Flat; mapped with Census 2020 ZCTA 95553 in Humboldt County.,,,,
95503 Eureka,zcta,95503,Eureka,40.7384033,-124.1078148,472447,,2022-01-31,10,0,Zillow ZIP-level market for Eureka; mapped with Census 2020 ZCTA 95503 in Humboldt County.,,,,
95501 Eureka,zcta,95501,Eureka,40.8020101,-124.1448237,432222,,2022-01-31,10,0,Zillow ZIP-level market for Eureka; mapped with Census 2020 ZCTA 95501 in Humboldt County.,,,,
95521 Arcata,zcta,95521,Arcata,40.8433563,-124.0453337,548135,,2022-01-31,10,0,Zillow ZIP-level market for Arcata; mapped with Census 2020 ZCTA 95521 in Humboldt County.,,,,
95519 McKinleyville,zcta,95519,McKinleyville,40.9630053,-124.0525012,548527,,2022-01-31,10,0,Zillow ZIP-level market for McKinleyville; mapped with Census 2020 ZCTA 95519 in Humboldt County.,,,,
95540 Fortuna,zcta,95540,Fortuna,40.5667868,-124.1259758,463428,,2022-01-31,10,0,Zillow ZIP-level market for Fortuna; mapped with Census 2020 ZCTA 95540 in Humboldt County.,,,,
95542 Redway,zcta,95542,Redway,40.0932543,-123.7598313,647093,,2022-01-31,10,0,Zillow ZIP-level market for Redway; mapped with Census 2020 ZCTA 95542 in Humboldt County.,,,,
95562 Scotia,zcta,95562,Scotia,40.4412005,-124.1004154,377266,,2022-01-31,10,0,Zillow ZIP-level market for Scotia; mapped with Census 2020 ZCTA 95562 in Humboldt County.,,,,
95551 Eureka,zcta,95551,Eureka,40.6749872,-124.231146,553366,,2022-01-31,10,0,Zillow ZIP-level market for Eureka; mapped with Census 2020 ZCTA 95551 in Humboldt County.,,,,
95536 Ferndale,zcta,95536,Ferndale,40.5012414,-124.2099284,624588,,2022-01-31,10,0,Zillow ZIP-level market for Ferndale; mapped with Census 2020 ZCTA 95536 in Humboldt County.,,,,
95570 Trinidad,zcta,95570,Trinidad,41.1137525,-124.0826397,744304,,2022-01-31,10,0,Zillow ZIP-level market for Trinidad; mapped with Census 2020 ZCTA 95570 in Humboldt County.,,,,
95549 Kneeland,zcta,95549,Kneeland,40.6666759,-123.9083825,817059,,2022-01-31,10,0,Zillow ZIP-level market for Kneeland; mapped with Census 2020 ZCTA 95549 in Humboldt County.,,,,
95524 Bayside,zcta,95524,Bayside,40.8208354,-124.0500216,777257,,2022-01-31,10,0,Zillow ZIP-level market for Bayside; mapped with Census 2020 ZCTA 95524 in Humboldt County.,,,,
95560 Redway,zcta,95560,Redway,40.1427275,-123.8388194,504864,,2022-01-31,10,0,Zillow ZIP-level market for Redway; mapped with Census 2020 ZCTA 95560 in Humboldt County.,,,,
95525 Blue Lake,zcta,95525,Blue Lake,40.9537818,-123.8244384,555484,,2022-01-31,10,0,Zillow ZIP-level market for Blue Lake; mapped with Census 2020 ZCTA 95525 in Humboldt County.,,,,
95528 Carlotta,zcta,95528,Carlotta,40.4969858,-123.9308113,589542,,2022-01-31,10,0,Zillow ZIP-level market for Carlotta; mapped with Census 2020 ZCTA 95528 in Humboldt County.,,,,
95547 Hydesville,zcta,95547,Hydesville,40.5694635,-124.0775035,577689,,2022-01-31,10,0,Zillow ZIP-level market for Hydesville; mapped with Census 2020 ZCTA 95547 in Humboldt County.,,,,
95589 Whitethorn,zcta,95589,Whitethorn,40.061443,-123.979797,487919,,2022-01-31,10,0,Zillow ZIP-level market for Whitethorn; mapped with Census 2020 ZCTA 95589 in Humboldt County.,,,,
95573 nan,zcta,95573,nan,40.9149256,-123.6687235,456045,,2022-01-31,10,0,Zillow ZIP-level market for nan; mapped with Census 2020 ZCTA 95573 in Humboldt County.,,,,
95526 Bridgeville,zcta,95526,Bridgeville,40.4615284,-123.6764866,490727,,2022-01-31,10,0,Zillow ZIP-level market for Bridgeville; mapped with Census 2020 ZCTA 95526 in Humboldt County.,,,,
95553 Myers Flat,zcta,95553,Myers Flat,40.2311522,-123.8685969,587147,,2022-01-31,10,0,Zillow ZIP-level market for Myers Flat; mapped with Census 2020 ZCTA 95553 in Humboldt County.,,,,
95503 Eureka,zcta,95503,Eureka,40.7384033,-124.1078148,477931,,2022-02-28,10,0,Zillow ZIP-level market for Eureka; mapped with Census 2020 ZCTA 95503 in Humboldt County.,,,,
95501 Eureka,zcta,95501,Eureka,40.8020101,-124.1448237,436825,,2022-02-28,10,0,Zillow ZIP-level market for Eureka; mapped with Census 2020 ZCTA 95501 in Humboldt County.,,,,
95521 Arcata,zcta,95521,Arcata,40.8433563,-124.0453337,553393,,2022-02-28,10,0,Zillow ZIP-level market for Arcata; mapped with Census 2020 ZCTA 95521 in Humboldt County.,,,,
95519 McKinleyville,zcta,95519,McKinleyville,40.9630053,-124.0525012,554907,,2022-02-28,10,0,Zillow ZIP-level market for McKinleyville; mapped with Census 2020 ZCTA 95519 in Humboldt County.,,,,
95540 Fortuna,zcta,95540,Fortuna,40.5667868,-124.1259758,466932,,2022-02-28,10,0,Zillow ZIP-level market for Fortuna; mapped with Census 2020 ZCTA 95540 in Humboldt County.,,,,
95542 Redway,zcta,95542,Redway,40.0932543,-123.7598313,652670,,2022-02-28,10,0,Zillow ZIP-level market for Redway; mapped with Census 2020 ZCTA 95542 in Humboldt County.,,,,
95562 Scotia,zcta,95562,Scotia,40.4412005,-124.1004154,381872,,2022-02-28,10,0,Zillow ZIP-level market for Scotia; mapped with Census 2020 ZCTA 95562 in Humboldt County.,,,,
95551 Eureka,zcta,95551,Eureka,40.6749872,-124.231146,556322,,2022-02-28,10,0,Zillow ZIP-level market for Eureka; mapped with Census 2020 ZCTA 95551 in Humboldt County.,,,,
95536 Ferndale,zcta,95536,Ferndale,40.5012414,-124.2099284,628513,,2022-02-28,10,0,Zillow ZIP-level market for Ferndale; mapped with Census 2020 ZCTA 95536 in Humboldt County.,,,,
95570 Trinidad,zcta,95570,Trinidad,41.1137525,-124.0826397,756071,,2022-02-28,10,0,Zillow ZIP-level market for Trinidad; mapped with Census 2020 ZCTA 95570 in Humboldt County.,,,,
95549 Kneeland,zcta,95549,Kneeland,40.6666759,-123.9083825,823719,,2022-02-28,10,0,Zillow ZIP-level market for Kneeland; mapped with Census 2020 ZCTA 95549 in Humboldt County.,,,,
95524 Bayside,zcta,95524,Bayside,40.8208354,-124.0500216,784141,,2022-02-28,10,0,Zillow ZIP-level market for Bayside; mapped with Census 2020 ZCTA 95524 in Humboldt County.,,,,
95560 Redway,zcta,95560,Redway,40.1427275,-123.8388194,508387,,2022-02-28,10,0,Zillow ZIP-level market for Redway; mapped with Census 2020 ZCTA 95560 in Humboldt County.,,,,
95525 Blue Lake,zcta,95525,Blue Lake,40.9537818,-123.8244384,561178,,2022-02-28,10,0,Zillow ZIP-level market for Blue Lake; mapped with Census 2020 ZCTA 95525 in Humboldt County.,,,,
95528 Carlotta,zcta,95528,Carlotta,40.4969858,-123.9308113,585295,,2022-02-28,10,0,Zillow ZIP-level market for Carlotta; mapped with Census 2020 ZCTA 95528 in Humboldt County.,,,,
95547 Hydesville,zcta,95547,Hydesville,40.5694635,-124.0775035,581279,,2022-02-28,10,0,Zillow ZIP-level market for Hydesville; mapped with Census 2020 ZCTA 95547 in Humboldt County.,,,,
95589 Whitethorn,zcta,95589,Whitethorn,40.061443,-123.979797,491478,,2022-02-28,10,0,Zillow ZIP-level market for Whitethorn; mapped with Census 2020 ZCTA 95589 in Humboldt County.,,,,
95573 nan,zcta,95573,nan,40.9149256,-123.6687235,460637,,2022-02-28,10,0,Zillow ZIP-level market for nan; mapped with Census 2020 ZCTA 95573 in Humboldt County.,,,,
95526 Bridgeville,zcta,95526,Bridgeville,40.4615284,-123.6764866,493912,,2022-02-28,10,0,Zillow ZIP-level market for Bridgeville; mapped with Census 2020 ZCTA 95526 in Humboldt County.,,,,
95553 Myers Flat,zcta,95553,Myers Flat,40.2311522,-123.8685969,592178,,2022-02-28,10,0,Zillow ZIP-level market for Myers Flat; mapped with Census 2020 ZCTA 95553 in Humboldt County.,,,,
95503 Eureka,zcta,95503,Eureka,40.7384033,-124.1078148,483529,,2022-03-31,10,0,Zillow ZIP-level market for Eureka; mapped with Census 2020 ZCTA 95503 in Humboldt County.,,,,
95501 Eureka,zcta,95501,Eureka,40.8020101,-124.1448237,442073,,2022-03-31,10,0,Zillow ZIP-level market for Eureka; mapped with Census 2020 ZCTA 95501 in Humboldt County.,,,,
95521 Arcata,zcta,95521,Arcata,40.8433563,-124.0453337,560095,,2022-03-31,10,0,Zillow ZIP-level market for Arcata; mapped with Census 2020 ZCTA 95521 in Humboldt County.,,,,
95519 McKinleyville,zcta,95519,McKinleyville,40.9630053,-124.0525012,562252,,2022-03-31,10,0,Zillow ZIP-level market for McKinleyville; mapped with Census 2020 ZCTA 95519 in Humboldt County.,,,,
95540 Fortuna,zcta,95540,Fortuna,40.5667868,-124.1259758,471227,,2022-03-31,10,0,Zillow ZIP-level market for Fortuna; mapped with Census 2020 ZCTA 95540 in Humboldt County.,,,,
95542 Redway,zcta,95542,Redway,40.0932543,-123.7598313,659093,,2022-03-31,10,0,Zillow ZIP-level market for Redway; mapped with Census 2020 ZCTA 95542 in Humboldt County.,,,,
95562 Scotia,zcta,95562,Scotia,40.4412005,-124.1004154,386684,,2022-03-31,10,0,Zillow ZIP-level market for Scotia; mapped with Census 2020 ZCTA 95562 in Humboldt County.,,,,
95551 Eureka,zcta,95551,Eureka,40.6749872,-124.231146,558709,,2022-03-31,10,0,Zillow ZIP-level market for Eureka; mapped with Census 2020 ZCTA 95551 in Humboldt County.,,,,
95536 Ferndale,zcta,95536,Ferndale,40.5012414,-124.2099284,634323,,2022-03-31,10,0,Zillow ZIP-level market for Ferndale; mapped with Census 2020 ZCTA 95536 in Humboldt County.,,,,
95570 Trinidad,zcta,95570,Trinidad,41.1137525,-124.0826397,767697,,2022-03-31,10,0,Zillow ZIP-level market for Trinidad; mapped with Census 2020 ZCTA 95570 in Humboldt County.,,,,
95549 Kneeland,zcta,95549,Kneeland,40.6666759,-123.9083825,833780,,2022-03-31,10,0,Zillow ZIP-level market for Kneeland; mapped with Census 2020 ZCTA 95549 in Humboldt County.,,,,
95524 Bayside,zcta,95524,Bayside,40.8208354,-124.0500216,791666,,2022-03-31,10,0,Zillow ZIP-level market for Bayside; mapped with Census 2020 ZCTA 95524 in Humboldt County.,,,,
95560 Redway,zcta,95560,Redway,40.1427275,-123.8388194,512398,,2022-03-31,10,0,Zillow ZIP-level market for Redway; mapped with Census 2020 ZCTA 95560 in Humboldt County.,,,,
95525 Blue Lake,zcta,95525,Blue Lake,40.9537818,-123.8244384,567040,,2022-03-31,10,0,Zillow ZIP-level market for Blue Lake; mapped with Census 2020 ZCTA 95525 in Humboldt County.,,,,
95528 Carlotta,zcta,95528,Carlotta,40.4969858,-123.9308113,582753,,2022-03-31,10,0,Zillow ZIP-level market for Carlotta; mapped with Census 2020 ZCTA 95528 in Humboldt County.,,,,
95547 Hydesville,zcta,95547,Hydesville,40.5694635,-124.0775035,584008,,2022-03-31,10,0,Zillow ZIP-level market for Hydesville; mapped with Census 2020 ZCTA 95547 in Humboldt County.,,,,
95589 Whitethorn,zcta,95589,Whitethorn,40.061443,-123.979797,494661,,2022-03-31,10,0,Zillow ZIP-level market for Whitethorn; mapped with Census 2020 ZCTA 95589 in Humboldt County.,,,,
95573 nan,zcta,95573,nan,40.9149256,-123.6687235,466275,,2022-03-31,10,0,Zillow ZIP-level market for nan; mapped with Census 2020 ZCTA 95573 in Humboldt County.,,,,
95526 Bridgeville,zcta,95526,Bridgeville,40.4615284,-123.6764866,495614,,2022-03-31,10,0,Zillow ZIP-level market for Bridgeville; mapped with Census 2020 ZCTA 95526 in Humboldt County.,,,,
95553 Myers Flat,zcta,95553,Myers Flat,40.2311522,-123.8685969,597947,,2022-03-31,10,0,Zillow ZIP-level market for Myers Flat; mapped with Census 2020 ZCTA 95553 in Humboldt County.,,,,
95503 Eureka,zcta,95503,Eureka,40.7384033,-124.1078148,488425,,2022-04-30,10,0,Zillow ZIP-level market for Eureka; mapped with Census 2020 ZCTA 95503 in Humboldt County.,,,,
95501 Eureka,zcta,95501,Eureka,40.8020101,-124.1448237,447141,,2022-04-30,10,0,Zillow ZIP-level market for Eureka; mapped with Census 2020 ZCTA 95501 in Humboldt County.,,,,
95521 Arcata,zcta,95521,Arcata,40.8433563,-124.0453337,566368,,2022-04-30,10,0,Zillow ZIP-level market for Arcata; mapped with Census 2020 ZCTA 95521 in Humboldt County.,,,,
95519 McKinleyville,zcta,95519,McKinleyville,40.9630053,-124.0525012,568344,,2022-04-30,10,0,Zillow ZIP-level market for McKinleyville; mapped with Census 2020 ZCTA 95519 in Humboldt County.,,,,
95540 Fortuna,zcta,95540,Fortuna,40.5667868,-124.1259758,475150,,2022-04-30,10,0,Zillow ZIP-level market for Fortuna; mapped with Census 2020 ZCTA 95540 in Humboldt County.,,,,
95542 Redway,zcta,95542,Redway,40.0932543,-123.7598313,661481,,2022-04-30,10,0,Zillow ZIP-level market for Redway; mapped with Census 2020 ZCTA 95542 in Humboldt County.,,,,
95562 Scotia,zcta,95562,Scotia,40.4412005,-124.1004154,389816,,2022-04-30,10,0,Zillow ZIP-level market for Scotia; mapped with Census 2020 ZCTA 95562 in Humboldt County.,,,,
95551 Eureka,zcta,95551,Eureka,40.6749872,-124.231146,560487,,2022-04-30,10,0,Zillow ZIP-level market for Eureka; mapped with Census 2020 ZCTA 95551 in Humboldt County.,,,,
95536 Ferndale,zcta,95536,Ferndale,40.5012414,-124.2099284,639343,,2022-04-30,10,0,Zillow ZIP-level market for Ferndale; mapped with Census 2020 ZCTA 95536 in Humboldt County.,,,,
95570 Trinidad,zcta,95570,Trinidad,41.1137525,-124.0826397,775552,,2022-04-30,10,0,Zillow ZIP-level market for Trinidad; mapped with Census 2020 ZCTA 95570 in Humboldt County.,,,,
95549 Kneeland,zcta,95549,Kneeland,40.6666759,-123.9083825,841050,,2022-04-30,10,0,Zillow ZIP-level market for Kneeland; mapped with Census 2020 ZCTA 95549 in Humboldt County.,,,,
95524 Bayside,zcta,95524,Bayside,40.8208354,-124.0500216,794808,,2022-04-30,10,0,Zillow ZIP-level market for Bayside; mapped with Census 2020 ZCTA 95524 in Humboldt County.,,,,
95560 Redway,zcta,95560,Redway,40.1427275,-123.8388194,515795,,2022-04-30,10,0,Zillow ZIP-level market for Redway; mapped with Census 2020 ZCTA 95560 in Humboldt County.,,,,
95525 Blue Lake,zcta,95525,Blue Lake,40.9537818,-123.8244384,571660,,2022-04-30,10,0,Zillow ZIP-level market for Blue Lake; mapped with Census 2020 ZCTA 95525 in Humboldt County.,,,,
95528 Carlotta,zcta,95528,Carlotta,40.4969858,-123.9308113,582999,,2022-04-30,10,0,Zillow ZIP-level market for Carlotta; mapped with Census 2020 ZCTA 95528 in Humboldt County.,,,,
95547 Hydesville,zcta,95547,Hydesville,40.5694635,-124.0775035,585393,,2022-04-30,10,0,Zillow ZIP-level market for Hydesville; mapped with Census 2020 ZCTA 95547 in Humboldt County.,,,,
95589 Whitethorn,zcta,95589,Whitethorn,40.061443,-123.979797,497849,,2022-04-30,10,0,Zillow ZIP-level market for Whitethorn; mapped with Census 2020 ZCTA 95589 in Humboldt County.,,,,
95573 nan,zcta,95573,nan,40.9149256,-123.6687235,470776,,2022-04-30,10,0,Zillow ZIP-level market for nan; mapped with Census 2020 ZCTA 95573 in Humboldt County.,,,,
95526 Bridgeville,zcta,95526,Bridgeville,40.4615284,-123.6764866,495831,,2022-04-30,10,0,Zillow ZIP-level market for Bridgeville; mapped with Census 2020 ZCTA 95526 in Humboldt County.,,,,
95553 Myers Flat,zcta,95553,Myers Flat,40.2311522,-123.8685969,601001,,2022-04-30,10,0,Zillow ZIP-level market for Myers Flat; mapped with Census 2020 ZCTA 95553 in Humboldt County.,,,,
95503 Eureka,zcta,95503,Eureka,40.7384033,-124.1078148,493604,,2022-05-31,10,0,Zillow ZIP-level market for Eureka; mapped with Census 2020 ZCTA 95503 in Humboldt County.,,,,
95501 Eureka,zcta,95501,Eureka,40.8020101,-124.1448237,452414,,2022-05-31,10,0,Zillow ZIP-level market for Eureka; mapped with Census 2020 ZCTA 95501 in Humboldt County.,,,,
95521 Arcata,zcta,95521,Arcata,40.8433563,-124.0453337,572115,,2022-05-31,10,0,Zillow ZIP-level market for Arcata; mapped with Census 2020 ZCTA 95521 in Humboldt County.,,,,
95519 McKinleyville,zcta,95519,McKinleyville,40.9630053,-124.0525012,574645,,2022-05-31,10,0,Zillow ZIP-level market for McKinleyville; mapped with Census 2020 ZCTA 95519 in Humboldt County.,,,,
95540 Fortuna,zcta,95540,Fortuna,40.5667868,-124.1259758,478898,,2022-05-31,10,0,Zillow ZIP-level market for Fortuna; mapped with Census 2020 ZCTA 95540 in Humboldt County.,,,,
95542 Redway,zcta,95542,Redway,40.0932543,-123.7598313,665966,,2022-05-31,10,0,Zillow ZIP-level market for Redway; mapped with Census 2020 ZCTA 95542 in Humboldt County.,,,,
95562 Scotia,zcta,95562,Scotia,40.4412005,-124.1004154,392116,,2022-05-31,10,0,Zillow ZIP-level market for Scotia; mapped with Census 2020 ZCTA 95562 in Humboldt County.,,,,
95551 Eureka,zcta,95551,Eureka,40.6749872,-124.231146,562184,,2022-05-31,10,0,Zillow ZIP-level market for Eureka; mapped with Census 2020 ZCTA 95551 in Humboldt County.,,,,
95536 Ferndale,zcta,95536,Ferndale,40.5012414,-124.2099284,644399,,2022-05-31,10,0,Zillow ZIP-level market for Ferndale; mapped with Census 2020 ZCTA 95536 in Humboldt County.,,,,
95570 Trinidad,zcta,95570,Trinidad,41.1137525,-124.0826397,780254,,2022-05-31,10,0,Zillow ZIP-level market for Trinidad; mapped with Census 2020 ZCTA 95570 in Humboldt County.,,,,
95549 Kneeland,zcta,95549,Kneeland,40.6666759,-123.9083825,850319,,2022-05-31,10,0,Zillow ZIP-level market for Kneeland; mapped with Census 2020 ZCTA 95549 in Humboldt County.,,,,
95524 Bayside,zcta,95524,Bayside,40.8208354,-124.0500216,799922,,2022-05-31,10,0,Zillow ZIP-level market for Bayside; mapped with Census 2020 ZCTA 95524 in Humboldt County.,,,,
95560 Redway,zcta,95560,Redway,40.1427275,-123.8388194,519581,,2022-05-31,10,0,Zillow ZIP-level market for Redway; mapped with Census 2020 ZCTA 95560 in Humboldt County.,,,,
95525 Blue Lake,zcta,95525,Blue Lake,40.9537818,-123.8244384,574875,,2022-05-31,10,0,Zillow ZIP-level market for Blue Lake; mapped with Census 2020 ZCTA 95525 in Humboldt County.,,,,
95528 Carlotta,zcta,95528,Carlotta,40.4969858,-123.9308113,588297,,2022-05-31,10,0,Zillow ZIP-level market for Carlotta; mapped with Census 2020 ZCTA 95528 in Humboldt County.,,,,
95547 Hydesville,zcta,95547,Hydesville,40.5694635,-124.0775035,589733,,2022-05-31,10,0,Zillow ZIP-level market for Hydesville; mapped with Census 2020 ZCTA 95547 in Humboldt County.,,,,
95589 Whitethorn,zcta,95589,Whitethorn,40.061443,-123.979797,501631,,2022-05-31,10,0,Zillow ZIP-level market for Whitethorn; mapped with Census 2020 ZCTA 95589 in Humboldt County.,,,,
95573 nan,zcta,95573,nan,40.9149256,-123.6687235,476231,,2022-05-31,10,0,Zillow ZIP-level market for nan; mapped with Census 2020 ZCTA 95573 in Humboldt County.,,,,
95526 Bridgeville,zcta,95526,Bridgeville,40.4615284,-123.6764866,496491,,2022-05-31,10,0,Zillow ZIP-level market for Bridgeville; mapped with Census 2020 ZCTA 95526 in Humboldt County.,,,,
95553 Myers Flat,zcta,95553,Myers Flat,40.2311522,-123.8685969,604958,,2022-05-31,10,0,Zillow ZIP-level market for Myers Flat; mapped with Census 2020 ZCTA 95553 in Humboldt County.,,,,
95503 Eureka,zcta,95503,Eureka,40.7384033,-124.1078148,497561,,2022-06-30,10,0,Zillow ZIP-level market for Eureka; mapped with Census 2020 ZCTA 95503 in Humboldt County.,,,,
95501 Eureka,zcta,95501,Eureka,40.8020101,-124.1448237,457006,,2022-06-30,10,0,Zillow ZIP-level market for Eureka; mapped with Census 2020 ZCTA 95501 in Humboldt County.,,,,
95521 Arcata,zcta,95521,Arcata,40.8433563,-124.0453337,576621,,2022-06-30,10,0,Zillow ZIP-level market for Arcata; mapped with Census 2020 ZCTA 95521 in Humboldt County.,,,,
95519 McKinleyville,zcta,95519,McKinleyville,40.9630053,-124.0525012,579817,,2022-06-30,10,0,Zillow ZIP-level market for McKinleyville; mapped with Census 2020 ZCTA 95519 in Humboldt County.,,,,
95540 Fortuna,zcta,95540,Fortuna,40.5667868,-124.1259758,481985,,2022-06-30,10,0,Zillow ZIP-level market for Fortuna; mapped with Census 2020 ZCTA 95540 in Humboldt County.,,,,
95542 Redway,zcta,95542,Redway,40.0932543,-123.7598313,668920,,2022-06-30,10,0,Zillow ZIP-level market for Redway; mapped with Census 2020 ZCTA 95542 in Humboldt County.,,,,
95562 Scotia,zcta,95562,Scotia,40.4412005,-124.1004154,393897,,2022-06-30,10,0,Zillow ZIP-level market for Scotia; mapped with Census 2020 ZCTA 95562 in Humboldt County.,,,,
95551 Eureka,zcta,95551,Eureka,40.6749872,-124.231146,564755,,2022-06-30,10,0,Zillow ZIP-level market for Eureka; mapped with Census 2020 ZCTA 95551 in Humboldt County.,,,,
95536 Ferndale,zcta,95536,Ferndale,40.5012414,-124.2099284,651037,,2022-06-30,10,0,Zillow ZIP-level market for Ferndale; mapped with Census 2020 ZCTA 95536 in Humboldt County.,,,,
95570 Trinidad,zcta,95570,Trinidad,41.1137525,-124.0826397,784210,,2022-06-30,10,0,Zillow ZIP-level market for Trinidad; mapped with Census 2020 ZCTA 95570 in Humboldt County.,,,,
95549 Kneeland,zcta,95549,Kneeland,40.6666759,-123.9083825,855543,,2022-06-30,10,0,Zillow ZIP-level market for Kneeland; mapped with Census 2020 ZCTA 95549 in Humboldt County.,,,,
95524 Bayside,zcta,95524,Bayside,40.8208354,-124.0500216,802628,,2022-06-30,10,0,Zillow ZIP-level market for Bayside; mapped with Census 2020 ZCTA 95524 in Humboldt County.,,,,
95560 Redway,zcta,95560,Redway,40.1427275,-123.8388194,521812,,2022-06-30,10,0,Zillow ZIP-level market for Redway; mapped with Census 2020 ZCTA 95560 in Humboldt County.,,,,
95525 Blue Lake,zcta,95525,Blue Lake,40.9537818,-123.8244384,578614,,2022-06-30,10,0,Zillow ZIP-level market for Blue Lake; mapped with Census 2020 ZCTA 95525 in Humboldt County.,,,,
95528 Carlotta,zcta,95528,Carlotta,40.4969858,-123.9308113,593062,,2022-06-30,10,0,Zillow ZIP-level market for Carlotta; mapped with Census 2020 ZCTA 95528 in Humboldt County.,,,,
95547 Hydesville,zcta,95547,Hydesville,40.5694635,-124.0775035,595032,,2022-06-30,10,0,Zillow ZIP-level market for Hydesville; mapped with Census 2020 ZCTA 95547 in Humboldt County.,,,,
95589 Whitethorn,zcta,95589,Whitethorn,40.061443,-123.979797,504245,,2022-06-30,10,0,Zillow ZIP-level market for Whitethorn; mapped with Census 2020 ZCTA 95589 in Humboldt County.,,,,
95573 nan,zcta,95573,nan,40.9149256,-123.6687235,480558,,2022-06-30,10,0,Zillow ZIP-level market for nan; mapped with Census 2020 ZCTA 95573 in Humboldt County.,,,,
95526 Bridgeville,zcta,95526,Bridgeville,40.4615284,-123.6764866,496416,,2022-06-30,10,0,Zillow ZIP-level market for Bridgeville; mapped with Census 2020 ZCTA 95526 in Humboldt County.,,,,
95553 Myers Flat,zcta,95553,Myers Flat,40.2311522,-123.8685969,608080,,2022-06-30,10,0,Zillow ZIP-level market for Myers Flat; mapped with Census 2020 ZCTA 95553 in Humboldt County.,,,,
95503 Eureka,zcta,95503,Eureka,40.7384033,-124.1078148,499416,,2022-07-31,10,0,Zillow ZIP-level market for Eureka; mapped with Census 2020 ZCTA 95503 in Humboldt County.,,,,
95501 Eureka,zcta,95501,Eureka,40.8020101,-124.1448237,459613,,2022-07-31,10,0,Zillow ZIP-level market for Eureka; mapped with Census 2020 ZCTA 95501 in Humboldt County.,,,,
95521 Arcata,zcta,95521,Arcata,40.8433563,-124.0453337,577513,,2022-07-31,10,0,Zillow ZIP-level market for Arcata; mapped with Census 2020 ZCTA 95521 in Humboldt County.,,,,
95519 McKinleyville,zcta,95519,McKinleyville,40.9630053,-124.0525012,581873,,2022-07-31,10,0,Zillow ZIP-level market for McKinleyville; mapped with Census 2020 ZCTA 95519 in Humboldt County.,,,,
95540 Fortuna,zcta,95540,Fortuna,40.5667868,-124.1259758,482470,,2022-07-31,10,0,Zillow ZIP-level market for Fortuna; mapped with Census 2020 ZCTA 95540 in Humboldt County.,,,,
95542 Redway,zcta,95542,Redway,40.0932543,-123.7598313,665673,,2022-07-31,10,0,Zillow ZIP-level market for Redway; mapped with Census 2020 ZCTA 95542 in Humboldt County.,,,,
95562 Scotia,zcta,95562,Scotia,40.4412005,-124.1004154,394605,,2022-07-31,10,0,Zillow ZIP-level market for Scotia; mapped with Census 2020 ZCTA 95562 in Humboldt County.,,,,
95551 Eureka,zcta,95551,Eureka,40.6749872,-124.231146,564725,,2022-07-31,10,0,Zillow ZIP-level market for Eureka; mapped with Census 2020 ZCTA 95551 in Humboldt County.,,,,
95536 Ferndale,zcta,95536,Ferndale,40.5012414,-124.2099284,654677,,2022-07-31,10,0,Zillow ZIP-level market for Ferndale; mapped with Census 2020 ZCTA 95536 in Humboldt County.,,,,
95570 Trinidad,zcta,95570,Trinidad,41.1137525,-124.0826397,781568,,2022-07-31,10,0,Zillow ZIP-level market for Trinidad; mapped with Census 2020 ZCTA 95570 in Humboldt County.,,,,
95549 Kneeland,zcta,95549,Kneeland,40.6666759,-123.9083825,851718,,2022-07-31,10,0,Zillow ZIP-level market for Kneeland; mapped with Census 2020 ZCTA 95549 in Humboldt County.,,,,
95524 Bayside,zcta,95524,Bayside,40.8208354,-124.0500216,799224,,2022-07-31,10,0,Zillow ZIP-level market for Bayside; mapped with Census 2020 ZCTA 95524 in Humboldt County.,,,,
95560 Redway,zcta,95560,Redway,40.1427275,-123.8388194,518834,,2022-07-31,10,0,Zillow ZIP-level market for Redway; mapped with Census 2020 ZCTA 95560 in Humboldt County.,,,,
95525 Blue Lake,zcta,95525,Blue Lake,40.9537818,-123.8244384,578536,,2022-07-31,10,0,Zillow ZIP-level market for Blue Lake; mapped with Census 2020 ZCTA 95525 in Humboldt County.,,,,
95528 Carlotta,zcta,95528,Carlotta,40.4969858,-123.9308113,591202,,2022-07-31,10,0,Zillow ZIP-level market for Carlotta; mapped with Census 2020 ZCTA 95528 in Humboldt County.,,,,
95547 Hydesville,zcta,95547,Hydesville,40.5694635,-124.0775035,597308,,2022-07-31,10,0,Zillow ZIP-level market for Hydesville; mapped with Census 2020 ZCTA 95547 in Humboldt County.,,,,
95589 Whitethorn,zcta,95589,Whitethorn,40.061443,-123.979797,502985,,2022-07-31,10,0,Zillow ZIP-level market for Whitethorn; mapped with Census 2020 ZCTA 95589 in Humboldt County.,,,,
95573 nan,zcta,95573,nan,40.9149256,-123.6687235,480779,,2022-07-31,10,0,Zillow ZIP-level market for nan; mapped with Census 2020 ZCTA 95573 in Humboldt County.,,,,
95526 Bridgeville,zcta,95526,Bridgeville,40.4615284,-123.6764866,489343,,2022-07-31,10,0,Zillow ZIP-level market for Bridgeville; mapped with Census 2020 ZCTA 95526 in Humboldt County.,,,,
95553 Myers Flat,zcta,95553,Myers Flat,40.2311522,-123.8685969,604109,,2022-07-31,10,0,Zillow ZIP-level market for Myers Flat; mapped with Census 2020 ZCTA 95553 in Humboldt County.,,,,
95503 Eureka,zcta,95503,Eureka,40.7384033,-124.1078148,497896,,2022-08-31,10,0,Zillow ZIP-level market for Eureka; mapped with Census 2020 ZCTA 95503 in Humboldt County.,,,,
95501 Eureka,zcta,95501,Eureka,40.8020101,-124.1448237,459299,,2022-08-31,10,0,Zillow ZIP-level market for Eureka; mapped with Census 2020 ZCTA 95501 in Humboldt County.,,,,
95521 Arcata,zcta,95521,Arcata,40.8433563,-124.0453337,576621,,2022-08-31,10,0,Zillow ZIP-level market for Arcata; mapped with Census 2020 ZCTA 95521 in Humboldt County.,,,,
95519 McKinleyville,zcta,95519,McKinleyville,40.9630053,-124.0525012,579861,,2022-08-31,10,0,Zillow ZIP-level market for McKinleyville; mapped with Census 2020 ZCTA 95519 in Humboldt County.,,,,
95540 Fortuna,zcta,95540,Fortuna,40.5667868,-124.1259758,479865,,2022-08-31,10,0,Zillow ZIP-level market for Fortuna; mapped with Census 2020 ZCTA 95540 in Humboldt County.,,,,
95542 Redway,zcta,95542,Redway,40.0932543,-123.7598313,653029,,2022-08-31,10,0,Zillow ZIP-level market for Redway; mapped with Census 2020 ZCTA 95542 in Humboldt County.,,,,
95562 Scotia,zcta,95562,Scotia,40.4412005,-124.1004154,392698,,2022-08-31,10,0,Zillow ZIP-level market for Scotia; mapped with Census 2020 ZCTA 95562 in Humboldt County.,,,,
95551 Eureka,zcta,95551,Eureka,40.6749872,-124.231146,560933,,2022-08-31,10,0,Zillow ZIP-level market for Eureka; mapped with Census 2020 ZCTA 95551 in Humboldt County.,,,,
95536 Ferndale,zcta,95536,Ferndale,40.5012414,-124.2099284,653822,,2022-08-31,10,0,Zillow ZIP-level market for Ferndale; mapped with Census 2020 ZCTA 95536 in Humboldt County.,,,,
95570 Trinidad,zcta,95570,Trinidad,41.1137525,-124.0826397,774413,,2022-08-31,10,0,Zillow ZIP-level market for Trinidad; mapped with Census 2020 ZCTA 95570 in Humboldt County.,,,,
95549 Kneeland,zcta,95549,Kneeland,40.6666759,-123.9083825,836178,,2022-08-31,10,0,Zillow ZIP-level market for Kneeland; mapped with Census 2020 ZCTA 95549 in Humboldt County.,,,,
95524 Bayside,zcta,95524,Bayside,40.8208354,-124.0500216,789349,,2022-08-31,10,0,Zillow ZIP-level market for Bayside; mapped with Census 2020 ZCTA 95524 in Humboldt County.,,,,
95560 Redway,zcta,95560,Redway,40.1427275,-123.8388194,510836,,2022-08-31,10,0,Zillow ZIP-level market for Redway; mapped with Census 2020 ZCTA 95560 in Humboldt County.,,,,
95525 Blue Lake,zcta,95525,Blue Lake,40.9537818,-123.8244384,573947,,2022-08-31,10,0,Zillow ZIP-level market for Blue Lake; mapped with Census 2020 ZCTA 95525 in Humboldt County.,,,,
95528 Carlotta,zcta,95528,Carlotta,40.4969858,-123.9308113,583214,,2022-08-31,10,0,Zillow ZIP-level market for Carlotta; mapped with Census 2020 ZCTA 95528 in Humboldt County.,,,,
95547 Hydesville,zcta,95547,Hydesville,40.5694635,-124.0775035,591806,,2022-08-31,10,0,Zillow ZIP-level market for Hydesville; mapped with Census 2020 ZCTA 95547 in Humboldt County.,,,,
95589 Whitethorn,zcta,95589,Whitethorn,40.061443,-123.979797,497180,,2022-08-31,10,0,Zillow ZIP-level market for Whitethorn; mapped with Census 2020 ZCTA 95589 in Humboldt County.,,,,
95573 nan,zcta,95573,nan,40.9149256,-123.6687235,475252,,2022-08-31,10,0,Zillow ZIP-level market for nan; mapped with Census 2020 ZCTA 95573 in Humboldt County.,,,,
95526 Bridgeville,zcta,95526,Bridgeville,40.4615284,-123.6764866,477333,,2022-08-31,10,0,Zillow ZIP-level market for Bridgeville; mapped with Census 2020 ZCTA 95526 in Humboldt County.,,,,
95553 Myers Flat,zcta,95553,Myers Flat,40.2311522,-123.8685969,591243,,2022-08-31,10,0,Zillow ZIP-level market for Myers Flat; mapped with Census 2020 ZCTA 95553 in Humboldt County.,,,,
95503 Eureka,zcta,95503,Eureka,40.7384033,-124.1078148,494131,,2022-09-30,10,0,Zillow ZIP-level market for Eureka; mapped with Census 2020 ZCTA 95503 in Humboldt County.,,,,
95501 Eureka,zcta,95501,Eureka,40.8020101,-124.1448237,456611,,2022-09-30,10,0,Zillow ZIP-level market for Eureka; mapped with Census 2020 ZCTA 95501 in Humboldt County.,,,,
95521 Arcata,zcta,95521,Arcata,40.8433563,-124.0453337,572894,,2022-09-30,10,0,Zillow ZIP-level market for Arcata; mapped with Census 2020 ZCTA 95521 in Humboldt County.,,,,
95519 McKinleyville,zcta,95519,McKinleyville,40.9630053,-124.0525012,574260,,2022-09-30,10,0,Zillow ZIP-level market for McKinleyville; mapped with Census 2020 ZCTA 95519 in Humboldt County.,,,,
95540 Fortuna,zcta,95540,Fortuna,40.5667868,-124.1259758,475440,,2022-09-30,10,0,Zillow ZIP-level market for Fortuna; mapped with Census 2020 ZCTA 95540 in Humboldt County.,,,,
95542 Redway,zcta,95542,Redway,40.0932543,-123.7598313,630777,,2022-09-30,10,0,Zillow ZIP-level market for Redway; mapped with Census 2020 ZCTA 95542 in Humboldt County.,,,,
95562 Scotia,zcta,95562,Scotia,40.4412005,-124.1004154,388652,,2022-09-30,10,0,Zillow ZIP-level market for Scotia; mapped with Census 2020 ZCTA 95562 in Humboldt County.,,,,
95551 Eureka,zcta,95551,Eureka,40.6749872,-124.231146,553144,,2022-09-30,10,0,Zillow ZIP-level market for Eureka; mapped with Census 2020 ZCTA 95551 in Humboldt County.,,,,
95536 Ferndale,zcta,95536,Ferndale,40.5012414,-124.2099284,645609,,2022-09-30,10,0,Zillow ZIP-level market for Ferndale; mapped with Census 2020 ZCTA 95536 in Humboldt County.,,,,
95570 Trinidad,zcta,95570,Trinidad,41.1137525,-124.0826397,760051,,2022-09-30,10,0,Zillow ZIP-level market for Trinidad; mapped with Census 2020 ZCTA 95570 in Humboldt County.,,,,
95549 Kneeland,zcta,95549,Kneeland,40.6666759,-123.9083825,814306,,2022-09-30,10,0,Zillow ZIP-level market for Kneeland; mapped with Census 2020 ZCTA 95549 in Humboldt County.,,,,
95524 Bayside,zcta,95524,Bayside,40.8208354,-124.0500216,776445,,2022-09-30,10,0,Zillow ZIP-level market for Bayside; mapped with Census 2020 ZCTA 95524 in Humboldt County.,,,,
95560 Redway,zcta,95560,Redway,40.1427275,-123.8388194,498404,,2022-09-30,10,0,Zillow ZIP-level market for Redway; mapped with Census 2020 ZCTA 95560 in Humboldt County.,,,,
95525 Blue Lake,zcta,95525,Blue Lake,40.9537818,-123.8244384,565441,,2022-09-30,10,0,Zillow ZIP-level market for Blue Lake; mapped with Census 2020 ZCTA 95525 in Humboldt County.,,,,
95528 Carlotta,zcta,95528,Carlotta,40.4969858,-123.9308113,568988,,2022-09-30,10,0,Zillow ZIP-level market for Carlotta; mapped with Census 2020 ZCTA 95528 in Humboldt County.,,,,
95547 Hydesville,zcta,95547,Hydesville,40.5694635,-124.0775035,579515,,2022-09-30,10,0,Zillow ZIP-level market for Hydesville; mapped with Census 2020 ZCTA 95547 in Humboldt County.,,,,
95589 Whitethorn,zcta,95589,Whitethorn,40.061443,-123.979797,489687,,2022-09-30,10,0,Zillow ZIP-level market for Whitethorn; mapped with Census 2020 ZCTA 95589 in Humboldt County.,,,,
95573 nan,zcta,95573,nan,40.9149256,-123.6687235,464181,,2022-09-30,10,0,Zillow ZIP-level market for nan; mapped with Census 2020 ZCTA 95573 in Humboldt County.,,,,
95526 Bridgeville,zcta,95526,Bridgeville,40.4615284,-123.6764866,461412,,2022-09-30,10,0,Zillow ZIP-level market for Bridgeville; mapped with Census 2020 ZCTA 95526 in Humboldt County.,,,,
95553 Myers Flat,zcta,95553,Myers Flat,40.2311522,-123.8685969,573225,,2022-09-30,10,0,Zillow ZIP-level market for Myers Flat; mapped with Census 2020 ZCTA 95553 in Humboldt County.,,,,
95503 Eureka,zcta,95503,Eureka,40.7384033,-124.1078148,490620,,2022-10-31,10,0,Zillow ZIP-level market for Eureka; mapped with Census 2020 ZCTA 95503 in Humboldt County.,,,,
95501 Eureka,zcta,95501,Eureka,40.8020101,-124.1448237,454518,,2022-10-31,10,0,Zillow ZIP-level market for Eureka; mapped with Census 2020 ZCTA 95501 in Humboldt County.,,,,
95521 Arcata,zcta,95521,Arcata,40.8433563,-124.0453337,571544,,2022-10-31,10,0,Zillow ZIP-level market for Arcata; mapped with Census 2020 ZCTA 95521 in Humboldt County.,,,,
95519 McKinleyville,zcta,95519,McKinleyville,40.9630053,-124.0525012,569065,,2022-10-31,10,0,Zillow ZIP-level market for McKinleyville; mapped with Census 2020 ZCTA 95519 in Humboldt County.,,,,
95540 Fortuna,zcta,95540,Fortuna,40.5667868,-124.1259758,472373,,2022-10-31,10,0,Zillow ZIP-level market for Fortuna; mapped with Census 2020 ZCTA 95540 in Humboldt County.,,,,
95542 Redway,zcta,95542,Redway,40.0932543,-123.7598313,613011,,2022-10-31,10,0,Zillow ZIP-level market for Redway; mapped with Census 2020 ZCTA 95542 in Humboldt County.,,,,
95562 Scotia,zcta,95562,Scotia,40.4412005,-124.1004154,383967,,2022-10-31,10,0,Zillow ZIP-level market for Scotia; mapped with Census 2020 ZCTA 95562 in Humboldt County.,,,,
95551 Eureka,zcta,95551,Eureka,40.6749872,-124.231146,547787,,2022-10-31,10,0,Zillow ZIP-level market for Eureka; mapped with Census 2020 ZCTA 95551 in Humboldt County.,,,,
95536 Ferndale,zcta,95536,Ferndale,40.5012414,-124.2099284,637770,,2022-10-31,10,0,Zillow ZIP-level market for Ferndale; mapped with Census 2020 ZCTA 95536 in Humboldt County.,,,,
95570 Trinidad,zcta,95570,Trinidad,41.1137525,-124.0826397,749840,,2022-10-31,10,0,Zillow ZIP-level market for Trinidad; mapped with Census 2020 ZCTA 95570 in Humboldt County.,,,,
95549 Kneeland,zcta,95549,Kneeland,40.6666759,-123.9083825,799234,,2022-10-31,10,0,Zillow ZIP-level market for Kneeland; mapped with Census 2020 ZCTA 95549 in Humboldt County.,,,,
95524 Bayside,zcta,95524,Bayside,40.8208354,-124.0500216,768544,,2022-10-31,10,0,Zillow ZIP-level market for Bayside; mapped with Census 2020 ZCTA 95524 in Humboldt County.,,,,
95560 Redway,zcta,95560,Redway,40.1427275,-123.8388194,489606,,2022-10-31,10,0,Zillow ZIP-level market for Redway; mapped with Census 2020 ZCTA 95560 in Humboldt County.,,,,
95525 Blue Lake,zcta,95525,Blue Lake,40.9537818,-123.8244384,559136,,2022-10-31,10,0,Zillow ZIP-level market for Blue Lake; mapped with Census 2020 ZCTA 95525 in Humboldt County.,,,,
95528 Carlotta,zcta,95528,Carlotta,40.4969858,-123.9308113,559465,,2022-10-31,10,0,Zillow ZIP-level market for Carlotta; mapped with Census 2020 ZCTA 95528 in Humboldt County.,,,,
95547 Hydesville,zcta,95547,Hydesville,40.5694635,-124.0775035,567548,,2022-10-31,10,0,Zillow ZIP-level market for Hydesville; mapped with Census 2020 ZCTA 95547 in Humboldt County.,,,,
95589 Whitethorn,zcta,95589,Whitethorn,40.061443,-123.979797,484685,,2022-10-31,10,0,Zillow ZIP-level market for Whitethorn; mapped with Census 2020 ZCTA 95589 in Humboldt County.,,,,
95573 nan,zcta,95573,nan,40.9149256,-123.6687235,454531,,2022-10-31,10,0,Zillow ZIP-level market for nan; mapped with Census 2020 ZCTA 95573 in Humboldt County.,,,,
95526 Bridgeville,zcta,95526,Bridgeville,40.4615284,-123.6764866,448848,,2022-10-31,10,0,Zillow ZIP-level market for Bridgeville; mapped with Census 2020 ZCTA 95526 in Humboldt County.,,,,
95553 Myers Flat,zcta,95553,Myers Flat,40.2311522,-123.8685969,560990,,2022-10-31,10,0,Zillow ZIP-level market for Myers Flat; mapped with Census 2020 ZCTA 95553 in Humboldt County.,,,,
95503 Eureka,zcta,95503,Eureka,40.7384033,-124.1078148,486392,,2022-11-30,10,0,Zillow ZIP-level market for Eureka; mapped with Census 2020 ZCTA 95503 in Humboldt County.,,,,
95501 Eureka,zcta,95501,Eureka,40.8020101,-124.1448237,452221,,2022-11-30,10,0,Zillow ZIP-level market for Eureka; mapped with Census 2020 ZCTA 95501 in Humboldt County.,,,,
95521 Arcata,zcta,95521,Arcata,40.8433563,-124.0453337,568910,,2022-11-30,10,0,Zillow ZIP-level market for Arcata; mapped with Census 2020 ZCTA 95521 in Humboldt County.,,,,
95519 McKinleyville,zcta,95519,McKinleyville,40.9630053,-124.0525012,564625,,2022-11-30,10,0,Zillow ZIP-level market for McKinleyville; mapped with Census 2020 ZCTA 95519 in Humboldt County.,,,,
95540 Fortuna,zcta,95540,Fortuna,40.5667868,-124.1259758,470005,,2022-11-30,10,0,Zillow ZIP-level market for Fortuna; mapped with Census 2020 ZCTA 95540 in Humboldt County.,,,,
95542 Redway,zcta,95542,Redway,40.0932543,-123.7598313,595574,,2022-11-30,10,0,Zillow ZIP-level market for Redway; mapped with Census 2020 ZCTA 95542 in Humboldt County.,,,,
95562 Scotia,zcta,95562,Scotia,40.4412005,-124.1004154,379121,,2022-11-30,10,0,Zillow ZIP-level market for Scotia; mapped with Census 2020 ZCTA 95562 in Humboldt County.,,,,
95551 Eureka,zcta,95551,Eureka,40.6749872,-124.231146,543820,,2022-11-30,10,0,Zillow ZIP-level market for Eureka; mapped with Census 2020 ZCTA 95551 in Humboldt County.,,,,
95536 Ferndale,zcta,95536,Ferndale,40.5012414,-124.2099284,629900,,2022-11-30,10,0,Zillow ZIP-level market for Ferndale; mapped with Census 2020 ZCTA 95536 in Humboldt County.,,,,
95570 Trinidad,zcta,95570,Trinidad,41.1137525,-124.0826397,740436,,2022-11-30,10,0,Zillow ZIP-level market for Trinidad; mapped with Census 2020 ZCTA 95570 in Humboldt County.,,,,
95549 Kneeland,zcta,95549,Kneeland,40.6666759,-123.9083825,782793,,2022-11-30,10,0,Zillow ZIP-level market for Kneeland; mapped with Census 2020 ZCTA 95549 in Humboldt County.,,,,
95524 Bayside,zcta,95524,Bayside,40.8208354,-124.0500216,758234,,2022-11-30,10,0,Zillow ZIP-level market for Bayside; mapped with Census 2020 ZCTA 95524 in Humboldt County.,,,,
95560 Redway,zcta,95560,Redway,40.1427275,-123.8388194,480361,,2022-11-30,10,0,Zillow ZIP-level market for Redway; mapped with Census 2020 ZCTA 95560 in Humboldt County.,,,,
95525 Blue Lake,zcta,95525,Blue Lake,40.9537818,-123.8244384,552936,,2022-11-30,10,0,Zillow ZIP-level market for Blue Lake; mapped with Census 2020 ZCTA 95525 in Humboldt County.,,,,
95528 Carlotta,zcta,95528,Carlotta,40.4969858,-123.9308113,550863,,2022-11-30,10,0,Zillow ZIP-level market for Carlotta; mapped with Census 2020 ZCTA 95528 in Humboldt County.,,,,
95547 Hydesville,zcta,95547,Hydesville,40.5694635,-124.0775035,556394,,2022-11-30,10,0,Zillow ZIP-level market for Hydesville; mapped with Census 2020 ZCTA 95547 in Humboldt County.,,,,
95589 Whitethorn,zcta,95589,Whitethorn,40.061443,-123.979797,480829,,2022-11-30,10,0,Zillow ZIP-level market for Whitethorn; mapped with Census 2020 ZCTA 95589 in Humboldt County.,,,,
95573 nan,zcta,95573,nan,40.9149256,-123.6687235,445087,,2022-11-30,10,0,Zillow ZIP-level market for nan; mapped with Census 2020 ZCTA 95573 in Humboldt County.,,,,
95526 Bridgeville,zcta,95526,Bridgeville,40.4615284,-123.6764866,436081,,2022-11-30,10,0,Zillow ZIP-level market for Bridgeville; mapped with Census 2020 ZCTA 95526 in Humboldt County.,,,,
95553 Myers Flat,zcta,95553,Myers Flat,40.2311522,-123.8685969,550043,,2022-11-30,10,0,Zillow ZIP-level market for Myers Flat; mapped with Census 2020 ZCTA 95553 in Humboldt County.,,,,
95503 Eureka,zcta,95503,Eureka,40.7384033,-124.1078148,482411,,2022-12-31,10,0,Zillow ZIP-level market for Eureka; mapped with Census 2020 ZCTA 95503 in Humboldt County.,,,,
95501 Eureka,zcta,95501,Eureka,40.8020101,-124.1448237,450948,,2022-12-31,10,0,Zillow ZIP-level market for Eureka; mapped with Census 2020 ZCTA 95501 in Humboldt County.,,,,
95521 Arcata,zcta,95521,Arcata,40.8433563,-124.0453337,568021,,2022-12-31,10,0,Zillow ZIP-level market for Arcata; mapped with Census 2020 ZCTA 95521 in Humboldt County.,,,,
95519 McKinleyville,zcta,95519,McKinleyville,40.9630053,-124.0525012,561876,,2022-12-31,10,0,Zillow ZIP-level market for McKinleyville; mapped with Census 2020 ZCTA 95519 in Humboldt County.,,,,
95540 Fortuna,zcta,95540,Fortuna,40.5667868,-124.1259758,467351,,2022-12-31,10,0,Zillow ZIP-level market for Fortuna; mapped with Census 2020 ZCTA 95540 in Humboldt County.,,,,
95542 Redway,zcta,95542,Redway,40.0932543,-123.7598313,580573,,2022-12-31,10,0,Zillow ZIP-level market for Redway; mapped with Census 2020 ZCTA 95542 in Humboldt County.,,,,
95562 Scotia,zcta,95562,Scotia,40.4412005,-124.1004154,374973,,2022-12-31,10,0,Zillow ZIP-level market for Scotia; mapped with Census 2020 ZCTA 95562 in Humboldt County.,,,,
95551 Eureka,zcta,95551,Eureka,40.6749872,-124.231146,540036,,2022-12-31,10,0,Zillow ZIP-level market for Eureka; mapped with Census 2020 ZCTA 95551 in Humboldt County.,,,,
95536 Ferndale,zcta,95536,Ferndale,40.5012414,-124.2099284,622842,,2022-12-31,10,0,Zillow ZIP-level market for Ferndale; mapped with Census 2020 ZCTA 95536 in Humboldt County.,,,,
95570 Trinidad,zcta,95570,Trinidad,41.1137525,-124.0826397,730328,,2022-12-31,10,0,Zillow ZIP-level market for Trinidad; mapped with Census 2020 ZCTA 95570 in Humboldt County.,,,,
95549 Kneeland,zcta,95549,Kneeland,40.6666759,-123.9083825,765123,,2022-12-31,10,0,Zillow ZIP-level market for Kneeland; mapped with Census 2020 ZCTA 95549 in Humboldt County.,,,,
95524 Bayside,zcta,95524,Bayside,40.8208354,-124.0500216,745966,,2022-12-31,10,0,Zillow ZIP-level market for Bayside; mapped with Census 2020 ZCTA 95524 in Humboldt County.,,,,
95560 Redway,zcta,95560,Redway,40.1427275,-123.8388194,472721,,2022-12-31,10,0,Zillow ZIP-level market for Redway; mapped with Census 2020 ZCTA 95560 in Humboldt County.,,,,
95525 Blue Lake,zcta,95525,Blue Lake,40.9537818,-123.8244384,546832,,2022-12-31,10,0,Zillow ZIP-level market for Blue Lake; mapped with Census 2020 ZCTA 95525 in Humboldt County.,,,,
95528 Carlotta,zcta,95528,Carlotta,40.4969858,-123.9308113,543464,,2022-12-31,10,0,Zillow ZIP-level market for Carlotta; mapped with Census 2020 ZCTA 95528 in Humboldt County.,,,,
95547 Hydesville,zcta,95547,Hydesville,40.5694635,-124.0775035,545903,,2022-12-31,10,0,Zillow ZIP-level market for Hydesville; mapped with Census 2020 ZCTA 95547 in Humboldt County.,,,,
95589 Whitethorn,zcta,95589,Whitethorn,40.061443,-123.979797,476358,,2022-12-31,10,0,Zillow ZIP-level market for Whitethorn; mapped with Census 2020 ZCTA 95589 in Humboldt County.,,,,
95573 nan,zcta,95573,nan,40.9149256,-123.6687235,438141,,2022-12-31,10,0,Zillow ZIP-level market for nan; mapped with Census 2020 ZCTA 95573 in Humboldt County.,,,,
95526 Bridgeville,zcta,95526,Bridgeville,40.4615284,-123.6764866,425321,,2022-12-31,10,0,Zillow ZIP-level market for Bridgeville; mapped with Census 2020 ZCTA 95526 in Humboldt County.,,,,
95553 Myers Flat,zcta,95553,Myers Flat,40.2311522,-123.8685969,538428,,2022-12-31,10,0,Zillow ZIP-level market for Myers Flat; mapped with Census 2020 ZCTA 95553 in Humboldt County.,,,,
95503 Eureka,zcta,95503,Eureka,40.7384033,-124.1078148,479874,,2023-01-31,10,0,Zillow ZIP-level market for Eureka; mapped with Census 2020 ZCTA 95503 in Humboldt County.,,,,
95501 Eureka,zcta,95501,Eureka,40.8020101,-124.1448237,450469,,2023-01-31,10,0,Zillow ZIP-level market for Eureka; mapped with Census 2020 ZCTA 95501 in Humboldt County.,,,,
95521 Arcata,zcta,95521,Arcata,40.8433563,-124.0453337,567972,,2023-01-31,10,0,Zillow ZIP-level market for Arcata; mapped with Census 2020 ZCTA 95521 in Humboldt County.,,,,
95519 McKinleyville,zcta,95519,McKinleyville,40.9630053,-124.0525012,561361,,2023-01-31,10,0,Zillow ZIP-level market for McKinleyville; mapped with Census 2020 ZCTA 95519 in Humboldt County.,,,,
95540 Fortuna,zcta,95540,Fortuna,40.5667868,-124.1259758,466443,,2023-01-31,10,0,Zillow ZIP-level market for Fortuna; mapped with Census 2020 ZCTA 95540 in Humboldt County.,,,,
95542 Redway,zcta,95542,Redway,40.0932543,-123.7598313,564856,,2023-01-31,10,0,Zillow ZIP-level market for Redway; mapped with Census 2020 ZCTA 95542 in Humboldt County.,,,,
95562 Scotia,zcta,95562,Scotia,40.4412005,-124.1004154,371573,,2023-01-31,10,0,Zillow ZIP-level market for Scotia; mapped with Census 2020 ZCTA 95562 in Humboldt County.,,,,
95551 Eureka,zcta,95551,Eureka,40.6749872,-124.231146,535709,,2023-01-31,10,0,Zillow ZIP-level market for Eureka; mapped with Census 2020 ZCTA 95551 in Humboldt County.,,,,
95536 Ferndale,zcta,95536,Ferndale,40.5012414,-124.2099284,618315,,2023-01-31,10,0,Zillow ZIP-level market for Ferndale; mapped with Census 2020 ZCTA 95536 in Humboldt County.,,,,
95570 Trinidad,zcta,95570,Trinidad,41.1137525,-124.0826397,721683,,2023-01-31,10,0,Zillow ZIP-level market for Trinidad; mapped with Census 2020 ZCTA 95570 in Humboldt County.,,,,
95549 Kneeland,zcta,95549,Kneeland,40.6666759,-123.9083825,747629,,2023-01-31,10,0,Zillow ZIP-level market for Kneeland; mapped with Census 2020 ZCTA 95549 in Humboldt County.,,,,
95524 Bayside,zcta,95524,Bayside,40.8208354,-124.0500216,737094,,2023-01-31,10,0,Zillow ZIP-level market for Bayside; mapped with Census 2020 ZCTA 95524 in Humboldt County.,,,,
95560 Redway,zcta,95560,Redway,40.1427275,-123.8388194,466002,,2023-01-31,10,0,Zillow ZIP-level market for Redway; mapped with Census 2020 ZCTA 95560 in Humboldt County.,,,,
95525 Blue Lake,zcta,95525,Blue Lake,40.9537818,-123.8244384,542452,,2023-01-31,10,0,Zillow ZIP-level market for Blue Lake; mapped with Census 2020 ZCTA 95525 in Humboldt County.,,,,
95528 Carlotta,zcta,95528,Carlotta,40.4969858,-123.9308113,536035,,2023-01-31,10,0,Zillow ZIP-level market for Carlotta; mapped with Census 2020 ZCTA 95528 in Humboldt County.,,,,
95547 Hydesville,zcta,95547,Hydesville,40.5694635,-124.0775035,538127,,2023-01-31,10,0,Zillow ZIP-level market for Hydesville; mapped with Census 2020 ZCTA 95547 in Humboldt County.,,,,
95589 Whitethorn,zcta,95589,Whitethorn,40.061443,-123.979797,472900,,2023-01-31,10,0,Zillow ZIP-level market for Whitethorn; mapped with Census 2020 ZCTA 95589 in Humboldt County.,,,,
95573 nan,zcta,95573,nan,40.9149256,-123.6687235,432828,,2023-01-31,10,0,Zillow ZIP-level market for nan; mapped with Census 2020 ZCTA 95573 in Humboldt County.,,,,
95526 Bridgeville,zcta,95526,Bridgeville,40.4615284,-123.6764866,416347,,2023-01-31,10,0,Zillow ZIP-level market for Bridgeville; mapped with Census 2020 ZCTA 95526 in Humboldt County.,,,,
95553 Myers Flat,zcta,95553,Myers Flat,40.2311522,-123.8685969,525747,,2023-01-31,10,0,Zillow ZIP-level market for Myers Flat; mapped with Census 2020 ZCTA 95553 in Humboldt County.,,,,
95503 Eureka,zcta,95503,Eureka,40.7384033,-124.1078148,476936,,2023-02-28,10,0,Zillow ZIP-level market for Eureka; mapped with Census 2020 ZCTA 95503 in Humboldt County.,,,,
95501 Eureka,zcta,95501,Eureka,40.8020101,-124.1448237,448759,,2023-02-28,10,0,Zillow ZIP-level market for Eureka; mapped with Census 2020 ZCTA 95501 in Humboldt County.,,,,
95521 Arcata,zcta,95521,Arcata,40.8433563,-124.0453337,566227,,2023-02-28,10,0,Zillow ZIP-level market for Arcata; mapped with Census 2020 ZCTA 95521 in Humboldt County.,,,,
95519 McKinleyville,zcta,95519,McKinleyville,40.9630053,-124.0525012,559394,,2023-02-28,10,0,Zillow ZIP-level market for McKinleyville; mapped with Census 2020 ZCTA 95519 in Humboldt County.,,,,
95540 Fortuna,zcta,95540,Fortuna,40.5667868,-124.1259758,464553,,2023-02-28,10,0,Zillow ZIP-level market for Fortuna; mapped with Census 2020 ZCTA 95540 in Humboldt County.,,,,
95542 Redway,zcta,95542,Redway,40.0932543,-123.7598313,553783,,2023-02-28,10,0,Zillow ZIP-level market for Redway; mapped with Census 2020 ZCTA 95542 in Humboldt County.,,,,
95562 Scotia,zcta,95562,Scotia,40.4412005,-124.1004154,367647,,2023-02-28,10,0,Zillow ZIP-level market for Scotia; mapped with Census 2020 ZCTA 95562 in Humboldt County.,,,,
95551 Eureka,zcta,95551,Eureka,40.6749872,-124.231146,529293,,2023-02-28,10,0,Zillow ZIP-level market for Eureka; mapped with Census 2020 ZCTA 95551 in Humboldt County.,,,,
95536 Ferndale,zcta,95536,Ferndale,40.5012414,-124.2099284,613691,,2023-02-28,10,0,Zillow ZIP-level market for Ferndale; mapped with Census 2020 ZCTA 95536 in Humboldt County.,,,,
95570 Trinidad,zcta,95570,Trinidad,41.1137525,-124.0826397,715862,,2023-02-28,10,0,Zillow ZIP-level market for Trinidad; mapped with Census 2020 ZCTA 95570 in Humboldt County.,,,,
95549 Kneeland,zcta,95549,Kneeland,40.6666759,-123.9083825,737659,,2023-02-28,10,0,Zillow ZIP-level market for Kneeland; mapped with Census 2020 ZCTA 95549 in Humboldt County.,,,,
95524 Bayside,zcta,95524,Bayside,40.8208354,-124.0500216,731237,,2023-02-28,10,0,Zillow ZIP-level market for Bayside; mapped with Census 2020 ZCTA 95524 in Humboldt County.,,,,
95560 Redway,zcta,95560,Redway,40.1427275,-123.8388194,461472,,2023-02-28,10,0,Zillow ZIP-level market for Redway; mapped with Census 2020 ZCTA 95560 in Humboldt County.,,,,
95525 Blue Lake,zcta,95525,Blue Lake,40.9537818,-123.8244384,538161,,2023-02-28,10,0,Zillow ZIP-level market for Blue Lake; mapped with Census 2020 ZCTA 95525 in Humboldt County.,,,,
95528 Carlotta,zcta,95528,Carlotta,40.4969858,-123.9308113,529371,,2023-02-28,10,0,Zillow ZIP-level market for Carlotta; mapped with Census 2020 ZCTA 95528 in Humboldt County.,,,,
95547 Hydesville,zcta,95547,Hydesville,40.5694635,-124.0775035,532517,,2023-02-28,10,0,Zillow ZIP-level market for Hydesville; mapped with Census 2020 ZCTA 95547 in Humboldt County.,,,,
95589 Whitethorn,zcta,95589,Whitethorn,40.061443,-123.979797,470997,,2023-02-28,10,0,Zillow ZIP-level market for Whitethorn; mapped with Census 2020 ZCTA 95589 in Humboldt County.,,,,
95573 nan,zcta,95573,nan,40.9149256,-123.6687235,429495,,2023-02-28,10,0,Zillow ZIP-level market for nan; mapped with Census 2020 ZCTA 95573 in Humboldt County.,,,,
95526 Bridgeville,zcta,95526,Bridgeville,40.4615284,-123.6764866,411032,,2023-02-28,10,0,Zillow ZIP-level market for Bridgeville; mapped with Census 2020 ZCTA 95526 in Humboldt County.,,,,
95553 Myers Flat,zcta,95553,Myers Flat,40.2311522,-123.8685969,516463,,2023-02-28,10,0,Zillow ZIP-level market for Myers Flat; mapped with Census 2020 ZCTA 95553 in Humboldt County.,,,,
95503 Eureka,zcta,95503,Eureka,40.7384033,-124.1078148,476152,,2023-03-31,10,0,Zillow ZIP-level market for Eureka; mapped with Census 2020 ZCTA 95503 in Humboldt County.,,,,
95501 Eureka,zcta,95501,Eureka,40.8020101,-124.1448237,448017,,2023-03-31,10,0,Zillow ZIP-level market for Eureka; mapped with Census 2020 ZCTA 95501 in Humboldt County.,,,,
95521 Arcata,zcta,95521,Arcata,40.8433563,-124.0453337,564300,,2023-03-31,10,0,Zillow ZIP-level market for Arcata; mapped with Census 2020 ZCTA 95521 in Humboldt County.,,,,
95519 McKinleyville,zcta,95519,McKinleyville,40.9630053,-124.0525012,558509,,2023-03-31,10,0,Zillow ZIP-level market for McKinleyville; mapped with Census 2020 ZCTA 95519 in Humboldt County.,,,,
95540 Fortuna,zcta,95540,Fortuna,40.5667868,-124.1259758,465214,,2023-03-31,10,0,Zillow ZIP-level market for Fortuna; mapped with Census 2020 ZCTA 95540 in Humboldt County.,,,,
95542 Redway,zcta,95542,Redway,40.0932543,-123.7598313,552217,,2023-03-31,10,0,Zillow ZIP-level market for Redway; mapped with Census 2020 ZCTA 95542 in Humboldt County.,,,,
95562 Scotia,zcta,95562,Scotia,40.4412005,-124.1004154,365988,,2023-03-31,10,0,Zillow ZIP-level market for Scotia; mapped with Census 2020 ZCTA 95562 in Humboldt County.,,,,
95551 Eureka,zcta,95551,Eureka,40.6749872,-124.231146,525906,,2023-03-31,10,0,Zillow ZIP-level market for Eureka; mapped with Census 2020 ZCTA 95551 in Humboldt County.,,,,
95536 Ferndale,zcta,95536,Ferndale,40.5012414,-124.2099284,613568,,2023-03-31,10,0,Zillow ZIP-level market for Ferndale; mapped with Census 2020 ZCTA 95536 in Humboldt County.,,,,
95570 Trinidad,zcta,95570,Trinidad,41.1137525,-124.0826397,721383,,2023-03-31,10,0,Zillow ZIP-level market for Trinidad; mapped with Census 2020 ZCTA 95570 in Humboldt County.,,,,
95549 Kneeland,zcta,95549,Kneeland,40.6666759,-123.9083825,740610,,2023-03-31,10,0,Zillow ZIP-level market for Kneeland; mapped with Census 2020 ZCTA 95549 in Humboldt County.,,,,
95524 Bayside,zcta,95524,Bayside,40.8208354,-124.0500216,733091,,2023-03-31,10,0,Zillow ZIP-level market for Bayside; mapped with Census 2020 ZCTA 95524 in Humboldt County.,,,,
95560 Redway,zcta,95560,Redway,40.1427275,-123.8388194,461447,,2023-03-31,10,0,Zillow ZIP-level market for Redway; mapped with Census 2020 ZCTA 95560 in Humboldt County.,,,,
95525 Blue Lake,zcta,95525,Blue Lake,40.9537818,-123.8244384,539616,,2023-03-31,10,0,Zillow ZIP-level market for Blue Lake; mapped with Census 2020 ZCTA 95525 in Humboldt County.,,,,
95528 Carlotta,zcta,95528,Carlotta,40.4969858,-123.9308113,527033,,2023-03-31,10,0,Zillow ZIP-level market for Carlotta; mapped with Census 2020 ZCTA 95528 in Humboldt County.,,,,
95547 Hydesville,zcta,95547,Hydesville,40.5694635,-124.0775035,533563,,2023-03-31,10,0,Zillow ZIP-level market for Hydesville; mapped with Census 2020 ZCTA 95547 in Humboldt County.,,,,
95589 Whitethorn,zcta,95589,Whitethorn,40.061443,-123.979797,472886,,2023-03-31,10,0,Zillow ZIP-level market for Whitethorn; mapped with Census 2020 ZCTA 95589 in Humboldt County.,,,,
95573 nan,zcta,95573,nan,40.9149256,-123.6687235,429555,,2023-03-31,10,0,Zillow ZIP-level market for nan; mapped with Census 2020 ZCTA 95573 in Humboldt County.,,,,
95526 Bridgeville,zcta,95526,Bridgeville,40.4615284,-123.6764866,407869,,2023-03-31,10,0,Zillow ZIP-level market for Bridgeville; mapped with Census 2020 ZCTA 95526 in Humboldt County.,,,,
95553 Myers Flat,zcta,95553,Myers Flat,40.2311522,-123.8685969,514085,,2023-03-31,10,0,Zillow ZIP-level market for Myers Flat; mapped with Census 2020 ZCTA 95553 in Humboldt County.,,,,
95503 Eureka,zcta,95503,Eureka,40.7384033,-124.1078148,475358,,2023-04-30,10,0,Zillow ZIP-level market for Eureka; mapped with Census 2020 ZCTA 95503 in Humboldt County.,,,,
95501 Eureka,zcta,95501,Eureka,40.8020101,-124.1448237,447411,,2023-04-30,10,0,Zillow ZIP-level market for Eureka; mapped with Census 2020 ZCTA 95501 in Humboldt County.,,,,
95521 Arcata,zcta,95521,Arcata,40.8433563,-124.0453337,560564,,2023-04-30,10,0,Zillow ZIP-level market for Arcata; mapped with Census 2020 ZCTA 95521 in Humboldt County.,,,,
95519 McKinleyville,zcta,95519,McKinleyville,40.9630053,-124.0525012,555279,,2023-04-30,10,0,Zillow ZIP-level market for McKinleyville; mapped with Census 2020 ZCTA 95519 in Humboldt County.,,,,
95540 Fortuna,zcta,95540,Fortuna,40.5667868,-124.1259758,464621,,2023-04-30,10,0,Zillow ZIP-level market for Fortuna; mapped with Census 2020 ZCTA 95540 in Humboldt County.,,,,
95542 Redway,zcta,95542,Redway,40.0932543,-123.7598313,554365,,2023-04-30,10,0,Zillow ZIP-level market for Redway; mapped with Census 2020 ZCTA 95542 in Humboldt County.,,,,
95562 Scotia,zcta,95562,Scotia,40.4412005,-124.1004154,365962,,2023-04-30,10,0,Zillow ZIP-level market for Scotia; mapped with Census 2020 ZCTA 95562 in Humboldt County.,,,,
95551 Eureka,zcta,95551,Eureka,40.6749872,-124.231146,521508,,2023-04-30,10,0,Zillow ZIP-level market for Eureka; mapped with Census 2020 ZCTA 95551 in Humboldt County.,,,,
95536 Ferndale,zcta,95536,Ferndale,40.5012414,-124.2099284,610529,,2023-04-30,10,0,Zillow ZIP-level market for Ferndale; mapped with Census 2020 ZCTA 95536 in Humboldt County.,,,,
95570 Trinidad,zcta,95570,Trinidad,41.1137525,-124.0826397,728764,,2023-04-30,10,0,Zillow ZIP-level market for Trinidad; mapped with Census 2020 ZCTA 95570 in Humboldt County.,,,,
95549 Kneeland,zcta,95549,Kneeland,40.6666759,-123.9083825,747670,,2023-04-30,10,0,Zillow ZIP-level market for Kneeland; mapped with Census 2020 ZCTA 95549 in Humboldt County.,,,,
95524 Bayside,zcta,95524,Bayside,40.8208354,-124.0500216,732009,,2023-04-30,10,0,Zillow ZIP-level market for Bayside; mapped with Census 2020 ZCTA 95524 in Humboldt County.,,,,
95560 Redway,zcta,95560,Redway,40.1427275,-123.8388194,462507,,2023-04-30,10,0,Zillow ZIP-level market for Redway; mapped with Census 2020 ZCTA 95560 in Humboldt County.,,,,
95525 Blue Lake,zcta,95525,Blue Lake,40.9537818,-123.8244384,539313,,2023-04-30,10,0,Zillow ZIP-level market for Blue Lake; mapped with Census 2020 ZCTA 95525 in Humboldt County.,,,,
95528 Carlotta,zcta,95528,Carlotta,40.4969858,-123.9308113,526018,,2023-04-30,10,0,Zillow ZIP-level market for Carlotta; mapped with Census 2020 ZCTA 95528 in Humboldt County.,,,,
95547 Hydesville,zcta,95547,Hydesville,40.5694635,-124.0775035,535967,,2023-04-30,10,0,Zillow ZIP-level market for Hydesville; mapped with Census 2020 ZCTA 95547 in Humboldt County.,,,,
95589 Whitethorn,zcta,95589,Whitethorn,40.061443,-123.979797,475718,,2023-04-30,10,0,Zillow ZIP-level market for Whitethorn; mapped with Census 2020 ZCTA 95589 in Humboldt County.,,,,
95573 nan,zcta,95573,nan,40.9149256,-123.6687235,430916,,2023-04-30,10,0,Zillow ZIP-level market for nan; mapped with Census 2020 ZCTA 95573 in Humboldt County.,,,,
95526 Bridgeville,zcta,95526,Bridgeville,40.4615284,-123.6764866,407621,,2023-04-30,10,0,Zillow ZIP-level market for Bridgeville; mapped with Census 2020 ZCTA 95526 in Humboldt County.,,,,
95553 Myers Flat,zcta,95553,Myers Flat,40.2311522,-123.8685969,514491,,2023-04-30,10,0,Zillow ZIP-level market for Myers Flat; mapped with Census 2020 ZCTA 95553 in Humboldt County.,,,,
95503 Eureka,zcta,95503,Eureka,40.7384033,-124.1078148,477311,,2023-05-31,10,0,Zillow ZIP-level market for Eureka; mapped with Census 2020 ZCTA 95503 in Humboldt County.,,,,
95501 Eureka,zcta,95501,Eureka,40.8020101,-124.1448237,450399,,2023-05-31,10,0,Zillow ZIP-level market for Eureka; mapped with Census 2020 ZCTA 95501 in Humboldt County.,,,,
95521 Arcata,zcta,95521,Arcata,40.8433563,-124.0453337,560843,,2023-05-31,10,0,Zillow ZIP-level market for Arcata; mapped with Census 2020 ZCTA 95521 in Humboldt County.,,,,
95519 McKinleyville,zcta,95519,McKinleyville,40.9630053,-124.0525012,554496,,2023-05-31,10,0,Zillow ZIP-level market for McKinleyville; mapped with Census 2020 ZCTA 95519 in Humboldt County.,,,,
95540 Fortuna,zcta,95540,Fortuna,40.5667868,-124.1259758,466258,,2023-05-31,10,0,Zillow ZIP-level market for Fortuna; mapped with Census 2020 ZCTA 95540 in Humboldt County.,,,,
95542 Redway,zcta,95542,Redway,40.0932543,-123.7598313,556509,,2023-05-31,10,0,Zillow ZIP-level market for Redway; mapped with Census 2020 ZCTA 95542 in Humboldt County.,,,,
95562 Scotia,zcta,95562,Scotia,40.4412005,-124.1004154,369793,,2023-05-31,10,0,Zillow ZIP-level market for Scotia; mapped with Census 2020 ZCTA 95562 in Humboldt County.,,,,
95551 Eureka,zcta,95551,Eureka,40.6749872,-124.231146,520313,,2023-05-31,10,0,Zillow ZIP-level market for Eureka; mapped with Census 2020 ZCTA 95551 in Humboldt County.,,,,
95536 Ferndale,zcta,95536,Ferndale,40.5012414,-124.2099284,609287,,2023-05-31,10,0,Zillow ZIP-level market for Ferndale; mapped with Census 2020 ZCTA 95536 in Humboldt County.,,,,
95570 Trinidad,zcta,95570,Trinidad,41.1137525,-124.0826397,739516,,2023-05-31,10,0,Zillow ZIP-level market for Trinidad; mapped with Census 2020 ZCTA 95570 in Humboldt County.,,,,
95549 Kneeland,zcta,95549,Kneeland,40.6666759,-123.9083825,758746,,2023-05-31,10,0,Zillow ZIP-level market for Kneeland; mapped with Census 2020 ZCTA 95549 in Humboldt County.,,,,
95524 Bayside,zcta,95524,Bayside,40.8208354,-124.0500216,733539,,2023-05-31,10,0,Zillow ZIP-level market for Bayside; mapped with Census 2020 ZCTA 95524 in Humboldt County.,,,,
95560 Redway,zcta,95560,Redway,40.1427275,-123.8388194,467488,,2023-05-31,10,0,Zillow ZIP-level market for Redway; mapped with Census 2020 ZCTA 95560 in Humboldt County.,,,,
95525 Blue Lake,zcta,95525,Blue Lake,40.9537818,-123.8244384,542825,,2023-05-31,10,0,Zillow ZIP-level market for Blue Lake; mapped with Census 2020 ZCTA 95525 in Humboldt County.,,,,
95528 Carlotta,zcta,95528,Carlotta,40.4969858,-123.9308113,528046,,2023-05-31,10,0,Zillow ZIP-level market for Carlotta; mapped with Census 2020 ZCTA 95528 in Humboldt County.,,,,
95547 Hydesville,zcta,95547,Hydesville,40.5694635,-124.0775035,540166,,2023-05-31,10,0,Zillow ZIP-level market for Hydesville; mapped with Census 2020 ZCTA 95547 in Humboldt County.,,,,
95589 Whitethorn,zcta,95589,Whitethorn,40.061443,-123.979797,478511,,2023-05-31,10,0,Zillow ZIP-level market for Whitethorn; mapped with Census 2020 ZCTA 95589 in Humboldt County.,,,,
95573 nan,zcta,95573,nan,40.9149256,-123.6687235,433017,,2023-05-31,10,0,Zillow ZIP-level market for nan; mapped with Census 2020 ZCTA 95573 in Humboldt County.,,,,
95526 Bridgeville,zcta,95526,Bridgeville,40.4615284,-123.6764866,406233,,2023-05-31,10,0,Zillow ZIP-level market for Bridgeville; mapped with Census 2020 ZCTA 95526 in Humboldt County.,,,,
95553 Myers Flat,zcta,95553,Myers Flat,40.2311522,-123.8685969,516358,,2023-05-31,10,0,Zillow ZIP-level market for Myers Flat; mapped with Census 2020 ZCTA 95553 in Humboldt County.,,,,
95503 Eureka,zcta,95503,Eureka,40.7384033,-124.1078148,476589,,2023-06-30,10,0,Zillow ZIP-level market for Eureka; mapped with Census 2020 ZCTA 95503 in Humboldt County.,,,,
95501 Eureka,zcta,95501,Eureka,40.8020101,-124.1448237,451430,,2023-06-30,10,0,Zillow ZIP-level market for Eureka; mapped with Census 2020 ZCTA 95501 in Humboldt County.,,,,
95521 Arcata,zcta,95521,Arcata,40.8433563,-124.0453337,559119,,2023-06-30,10,0,Zillow ZIP-level market for Arcata; mapped with Census 2020 ZCTA 95521 in Humboldt County.,,,,
95519 McKinleyville,zcta,95519,McKinleyville,40.9630053,-124.0525012,551889,,2023-06-30,10,0,Zillow ZIP-level market for McKinleyville; mapped with Census 2020 ZCTA 95519 in Humboldt County.,,,,
95540 Fortuna,zcta,95540,Fortuna,40.5667868,-124.1259758,465570,,2023-06-30,10,0,Zillow ZIP-level market for Fortuna; mapped with Census 2020 ZCTA 95540 in Humboldt County.,,,,
95542 Redway,zcta,95542,Redway,40.0932543,-123.7598313,551797,,2023-06-30,10,0,Zillow ZIP-level market for Redway; mapped with Census 2020 ZCTA 95542 in Humboldt County.,,,,
95562 Scotia,zcta,95562,Scotia,40.4412005,-124.1004154,370479,,2023-06-30,10,0,Zillow ZIP-level market for Scotia; mapped with Census 2020 ZCTA 95562 in Humboldt County.,,,,
95551 Eureka,zcta,95551,Eureka,40.6749872,-124.231146,515806,,2023-06-30,10,0,Zillow ZIP-level market for Eureka; mapped with Census 2020 ZCTA 95551 in Humboldt County.,,,,
95536 Ferndale,zcta,95536,Ferndale,40.5012414,-124.2099284,603079,,2023-06-30,10,0,Zillow ZIP-level market for Ferndale; mapped with Census 2020 ZCTA 95536 in Humboldt County.,,,,
95570 Trinidad,zcta,95570,Trinidad,41.1137525,-124.0826397,740488,,2023-06-30,10,0,Zillow ZIP-level market for Trinidad; mapped with Census 2020 ZCTA 95570 in Humboldt County.,,,,
95549 Kneeland,zcta,95549,Kneeland,40.6666759,-123.9083825,760544,,2023-06-30,10,0,Zillow ZIP-level market for Kneeland; mapped with Census 2020 ZCTA 95549 in Humboldt County.,,,,
95524 Bayside,zcta,95524,Bayside,40.8208354,-124.0500216,725518,,2023-06-30,10,0,Zillow ZIP-level market for Bayside; mapped with Census 2020 ZCTA 95524 in Humboldt County.,,,,
95560 Redway,zcta,95560,Redway,40.1427275,-123.8388194,468283,,2023-06-30,10,0,Zillow ZIP-level market for Redway; mapped with Census 2020 ZCTA 95560 in Humboldt County.,,,,
95525 Blue Lake,zcta,95525,Blue Lake,40.9537818,-123.8244384,539608,,2023-06-30,10,0,Zillow ZIP-level market for Blue Lake; mapped with Census 2020 ZCTA 95525 in Humboldt County.,,,,
95528 Carlotta,zcta,95528,Carlotta,40.4969858,-123.9308113,525125,,2023-06-30,10,0,Zillow ZIP-level market for Carlotta; mapped with Census 2020 ZCTA 95528 in Humboldt County.,,,,
95547 Hydesville,zcta,95547,Hydesville,40.5694635,-124.0775035,539723,,2023-06-30,10,0,Zillow ZIP-level market for Hydesville; mapped with Census 2020 ZCTA 95547 in Humboldt County.,,,,
95589 Whitethorn,zcta,95589,Whitethorn,40.061443,-123.979797,478459,,2023-06-30,10,0,Zillow ZIP-level market for Whitethorn; mapped with Census 2020 ZCTA 95589 in Humboldt County.,,,,
95573 nan,zcta,95573,nan,40.9149256,-123.6687235,430797,,2023-06-30,10,0,Zillow ZIP-level market for nan; mapped with Census 2020 ZCTA 95573 in Humboldt County.,,,,
95526 Bridgeville,zcta,95526,Bridgeville,40.4615284,-123.6764866,403005,,2023-06-30,10,0,Zillow ZIP-level market for Bridgeville; mapped with Census 2020 ZCTA 95526 in Humboldt County.,,,,
95553 Myers Flat,zcta,95553,Myers Flat,40.2311522,-123.8685969,513713,,2023-06-30,10,0,Zillow ZIP-level market for Myers Flat; mapped with Census 2020 ZCTA 95553 in Humboldt County.,,,,
95503 Eureka,zcta,95503,Eureka,40.7384033,-124.1078148,474463,,2023-07-31,10,0,Zillow ZIP-level market for Eureka; mapped with Census 2020 ZCTA 95503 in Humboldt County.,,,,
95501 Eureka,zcta,95501,Eureka,40.8020101,-124.1448237,451221,,2023-07-31,10,0,Zillow ZIP-level market for Eureka; mapped with Census 2020 ZCTA 95501 in Humboldt County.,,,,
95521 Arcata,zcta,95521,Arcata,40.8433563,-124.0453337,556580,,2023-07-31,10,0,Zillow ZIP-level market for Arcata; mapped with Census 2020 ZCTA 95521 in Humboldt County.,,,,
95519 McKinleyville,zcta,95519,McKinleyville,40.9630053,-124.0525012,549144,,2023-07-31,10,0,Zillow ZIP-level market for McKinleyville; mapped with Census 2020 ZCTA 95519 in Humboldt County.,,,,
95540 Fortuna,zcta,95540,Fortuna,40.5667868,-124.1259758,463360,,2023-07-31,10,0,Zillow ZIP-level market for Fortuna; mapped with Census 2020 ZCTA 95540 in Humboldt County.,,,,
95542 Redway,zcta,95542,Redway,40.0932543,-123.7598313,543797,,2023-07-31,10,0,Zillow ZIP-level market for Redway; mapped with Census 2020 ZCTA 95542 in Humboldt County.,,,,
95562 Scotia,zcta,95562,Scotia,40.4412005,-124.1004154,368250,,2023-07-31,10,0,Zillow ZIP-level market for Scotia; mapped with Census 2020 ZCTA 95562 in Humboldt County.,,,,
95551 Eureka,zcta,95551,Eureka,40.6749872,-124.231146,511606,,2023-07-31,10,0,Zillow ZIP-level market for Eureka; mapped with Census 2020 ZCTA 95551 in Humboldt County.,,,,
95536 Ferndale,zcta,95536,Ferndale,40.5012414,-124.2099284,596391,,2023-07-31,10,0,Zillow ZIP-level market for Ferndale; mapped with Census 2020 ZCTA 95536 in Humboldt County.,,,,
95570 Trinidad,zcta,95570,Trinidad,41.1137525,-124.0826397,732729,,2023-07-31,10,0,Zillow ZIP-level market for Trinidad; mapped with Census 2020 ZCTA 95570 in Humboldt County.,,,,
95549 Kneeland,zcta,95549,Kneeland,40.6666759,-123.9083825,758367,,2023-07-31,10,0,Zillow ZIP-level market for Kneeland; mapped with Census 2020 ZCTA 95549 in Humboldt County.,,,,
95524 Bayside,zcta,95524,Bayside,40.8208354,-124.0500216,715015,,2023-07-31,10,0,Zillow ZIP-level market for Bayside; mapped with Census 2020 ZCTA 95524 in Humboldt County.,,,,
95560 Redway,zcta,95560,Redway,40.1427275,-123.8388194,465627,,2023-07-31,10,0,Zillow ZIP-level market for Redway; mapped with Census 2020 ZCTA 95560 in Humboldt County.,,,,
95525 Blue Lake,zcta,95525,Blue Lake,40.9537818,-123.8244384,535360,,2023-07-31,10,0,Zillow ZIP-level market for Blue Lake; mapped with Census 2020 ZCTA 95525 in Humboldt County.,,,,
95528 Carlotta,zcta,95528,Carlotta,40.4969858,-123.9308113,517446,,2023-07-31,10,0,Zillow ZIP-level market for Carlotta; mapped with Census 2020 ZCTA 95528 in Humboldt County.,,,,
95547 Hydesville,zcta,95547,Hydesville,40.5694635,-124.0775035,536870,,2023-07-31,10,0,Zillow ZIP-level market for Hydesville; mapped with Census 2020 ZCTA 95547 in Humboldt County.,,,,
95589 Whitethorn,zcta,95589,Whitethorn,40.061443,-123.979797,474053,,2023-07-31,10,0,Zillow ZIP-level market for Whitethorn; mapped with Census 2020 ZCTA 95589 in Humboldt County.,,,,
95573 nan,zcta,95573,nan,40.9149256,-123.6687235,424411,,2023-07-31,10,0,Zillow ZIP-level market for nan; mapped with Census 2020 ZCTA 95573 in Humboldt County.,,,,
95526 Bridgeville,zcta,95526,Bridgeville,40.4615284,-123.6764866,395211,,2023-07-31,10,0,Zillow ZIP-level market for Bridgeville; mapped with Census 2020 ZCTA 95526 in Humboldt County.,,,,
95553 Myers Flat,zcta,95553,Myers Flat,40.2311522,-123.8685969,507929,,2023-07-31,10,0,Zillow ZIP-level market for Myers Flat; mapped with Census 2020 ZCTA 95553 in Humboldt County.,,,,
95503 Eureka,zcta,95503,Eureka,40.7384033,-124.1078148,470778,,2023-08-31,10,0,Zillow ZIP-level market for Eureka; mapped with Census 2020 ZCTA 95503 in Humboldt County.,,,,
95501 Eureka,zcta,95501,Eureka,40.8020101,-124.1448237,447691,,2023-08-31,10,0,Zillow ZIP-level market for Eureka; mapped with Census 2020 ZCTA 95501 in Humboldt County.,,,,
95521 Arcata,zcta,95521,Arcata,40.8433563,-124.0453337,551372,,2023-08-31,10,0,Zillow ZIP-level market for Arcata; mapped with Census 2020 ZCTA 95521 in Humboldt County.,,,,
95519 McKinleyville,zcta,95519,McKinleyville,40.9630053,-124.0525012,546149,,2023-08-31,10,0,Zillow ZIP-level market for McKinleyville; mapped with Census 2020 ZCTA 95519 in Humboldt County.,,,,
95540 Fortuna,zcta,95540,Fortuna,40.5667868,-124.1259758,459574,,2023-08-31,10,0,Zillow ZIP-level market for Fortuna; mapped with Census 2020 ZCTA 95540 in Humboldt County.,,,,
95542 Redway,zcta,95542,Redway,40.0932543,-123.7598313,534167,,2023-08-31,10,0,Zillow ZIP-level market for Redway; mapped with Census 2020 ZCTA 95542 in Humboldt County.,,,,
95562 Scotia,zcta,95562,Scotia,40.4412005,-124.1004154,361919,,2023-08-31,10,0,Zillow ZIP-level market for Scotia; mapped with Census 2020 ZCTA 95562 in Humboldt County.,,,,
95551 Eureka,zcta,95551,Eureka,40.6749872,-124.231146,506043,,2023-08-31,10,0,Zillow ZIP-level market for Eureka; mapped with Census 2020 ZCTA 95551 in Humboldt County.,,,,
95536 Ferndale,zcta,95536,Ferndale,40.5012414,-124.2099284,587889,,2023-08-31,10,0,Zillow ZIP-level market for Ferndale; mapped with Census 2020 ZCTA 95536 in Humboldt County.,,,,
95570 Trinidad,zcta,95570,Trinidad,41.1137525,-124.0826397,716437,,2023-08-31,10,0,Zillow ZIP-level market for Trinidad; mapped with Census 2020 ZCTA 95570 in Humboldt County.,,,,
95549 Kneeland,zcta,95549,Kneeland,40.6666759,-123.9083825,750615,,2023-08-31,10,0,Zillow ZIP-level market for Kneeland; mapped with Census 2020 ZCTA 95549 in Humboldt County.,,,,
95524 Bayside,zcta,95524,Bayside,40.8208354,-124.0500216,700132,,2023-08-31,10,0,Zillow ZIP-level market for Bayside; mapped with Census 2020 ZCTA 95524 in Humboldt County.,,,,
95560 Redway,zcta,95560,Redway,40.1427275,-123.8388194,456815,,2023-08-31,10,0,Zillow ZIP-level market for Redway; mapped with Census 2020 ZCTA 95560 in Humboldt County.,,,,
95525 Blue Lake,zcta,95525,Blue Lake,40.9537818,-123.8244384,527444,,2023-08-31,10,0,Zillow ZIP-level market for Blue Lake; mapped with Census 2020 ZCTA 95525 in Humboldt County.,,,,
95528 Carlotta,zcta,95528,Carlotta,40.4969858,-123.9308113,504920,,2023-08-31,10,0,Zillow ZIP-level market for Carlotta; mapped with Census 2020 ZCTA 95528 in Humboldt County.,,,,
95547 Hydesville,zcta,95547,Hydesville,40.5694635,-124.0775035,533129,,2023-08-31,10,0,Zillow ZIP-level market for Hydesville; mapped with Census 2020 ZCTA 95547 in Humboldt County.,,,,
95589 Whitethorn,zcta,95589,Whitethorn,40.061443,-123.979797,466792,,2023-08-31,10,0,Zillow ZIP-level market for Whitethorn; mapped with Census 2020 ZCTA 95589 in Humboldt County.,,,,
95573 nan,zcta,95573,nan,40.9149256,-123.6687235,415716,,2023-08-31,10,0,Zillow ZIP-level market for nan; mapped with Census 2020 ZCTA 95573 in Humboldt County.,,,,
95526 Bridgeville,zcta,95526,Bridgeville,40.4615284,-123.6764866,386648,,2023-08-31,10,0,Zillow ZIP-level market for Bridgeville; mapped with Census 2020 ZCTA 95526 in Humboldt County.,,,,
95553 Myers Flat,zcta,95553,Myers Flat,40.2311522,-123.8685969,499061,,2023-08-31,10,0,Zillow ZIP-level market for Myers Flat; mapped with Census 2020 ZCTA 95553 in Humboldt County.,,,,
95503 Eureka,zcta,95503,Eureka,40.7384033,-124.1078148,467545,,2023-09-30,10,0,Zillow ZIP-level market for Eureka; mapped with Census 2020 ZCTA 95503 in Humboldt County.,,,,
95501 Eureka,zcta,95501,Eureka,40.8020101,-124.1448237,443937,,2023-09-30,10,0,Zillow ZIP-level market for Eureka; mapped with Census 2020 ZCTA 95501 in Humboldt County.,,,,
95521 Arcata,zcta,95521,Arcata,40.8433563,-124.0453337,546184,,2023-09-30,10,0,Zillow ZIP-level market for Arcata; mapped with Census 2020 ZCTA 95521 in Humboldt County.,,,,
95519 McKinleyville,zcta,95519,McKinleyville,40.9630053,-124.0525012,543477,,2023-09-30,10,0,Zillow ZIP-level market for McKinleyville; mapped with Census 2020 ZCTA 95519 in Humboldt County.,,,,
95540 Fortuna,zcta,95540,Fortuna,40.5667868,-124.1259758,455735,,2023-09-30,10,0,Zillow ZIP-level market for Fortuna; mapped with Census 2020 ZCTA 95540 in Humboldt County.,,,,
95542 Redway,zcta,95542,Redway,40.0932543,-123.7598313,525681,,2023-09-30,10,0,Zillow ZIP-level market for Redway; mapped with Census 2020 ZCTA 95542 in Humboldt County.,,,,
95562 Scotia,zcta,95562,Scotia,40.4412005,-124.1004154,356023,,2023-09-30,10,0,Zillow ZIP-level market for Scotia; mapped with Census 2020 ZCTA 95562 in Humboldt County.,,,,
95551 Eureka,zcta,95551,Eureka,40.6749872,-124.231146,501013,,2023-09-30,10,0,Zillow ZIP-level market for Eureka; mapped with Census 2020 ZCTA 95551 in Humboldt County.,,,,
95536 Ferndale,zcta,95536,Ferndale,40.5012414,-124.2099284,580598,,2023-09-30,10,0,Zillow ZIP-level market for Ferndale; mapped with Census 2020 ZCTA 95536 in Humboldt County.,,,,
95570 Trinidad,zcta,95570,Trinidad,41.1137525,-124.0826397,701916,,2023-09-30,10,0,Zillow ZIP-level market for Trinidad; mapped with Census 2020 ZCTA 95570 in Humboldt County.,,,,
95549 Kneeland,zcta,95549,Kneeland,40.6666759,-123.9083825,744229,,2023-09-30,10,0,Zillow ZIP-level market for Kneeland; mapped with Census 2020 ZCTA 95549 in Humboldt County.,,,,
95524 Bayside,zcta,95524,Bayside,40.8208354,-124.0500216,691697,,2023-09-30,10,0,Zillow ZIP-level market for Bayside; mapped with Census 2020 ZCTA 95524 in Humboldt County.,,,,
95560 Redway,zcta,95560,Redway,40.1427275,-123.8388194,448114,,2023-09-30,10,0,Zillow ZIP-level market for Redway; mapped with Census 2020 ZCTA 95560 in Humboldt County.,,,,
95525 Blue Lake,zcta,95525,Blue Lake,40.9537818,-123.8244384,521784,,2023-09-30,10,0,Zillow ZIP-level market for Blue Lake; mapped with Census 2020 ZCTA 95525 in Humboldt County.,,,,
95528 Carlotta,zcta,95528,Carlotta,40.4969858,-123.9308113,494278,,2023-09-30,10,0,Zillow ZIP-level market for Carlotta; mapped with Census 2020 ZCTA 95528 in Humboldt County.,,,,
95547 Hydesville,zcta,95547,Hydesville,40.5694635,-124.0775035,531073,,2023-09-30,10,0,Zillow ZIP-level market for Hydesville; mapped with Census 2020 ZCTA 95547 in Humboldt County.,,,,
95589 Whitethorn,zcta,95589,Whitethorn,40.061443,-123.979797,457369,,2023-09-30,10,0,Zillow ZIP-level market for Whitethorn; mapped with Census 2020 ZCTA 95589 in Humboldt County.,,,,
95573 nan,zcta,95573,nan,40.9149256,-123.6687235,408193,,2023-09-30,10,0,Zillow ZIP-level market for nan; mapped with Census 2020 ZCTA 95573 in Humboldt County.,,,,
95526 Bridgeville,zcta,95526,Bridgeville,40.4615284,-123.6764866,378571,,2023-09-30,10,0,Zillow ZIP-level market for Bridgeville; mapped with Census 2020 ZCTA 95526 in Humboldt County.,,,,
95553 Myers Flat,zcta,95553,Myers Flat,40.2311522,-123.8685969,490796,,2023-09-30,10,0,Zillow ZIP-level market for Myers Flat; mapped with Census 2020 ZCTA 95553 in Humboldt County.,,,,
95503 Eureka,zcta,95503,Eureka,40.7384033,-124.1078148,464111,,2023-10-31,10,0,Zillow ZIP-level market for Eureka; mapped with Census 2020 ZCTA 95503 in Humboldt County.,,,,
95501 Eureka,zcta,95501,Eureka,40.8020101,-124.1448237,439722,,2023-10-31,10,0,Zillow ZIP-level market for Eureka; mapped with Census 2020 ZCTA 95501 in Humboldt County.,,,,
95521 Arcata,zcta,95521,Arcata,40.8433563,-124.0453337,541499,,2023-10-31,10,0,Zillow ZIP-level market for Arcata; mapped with Census 2020 ZCTA 95521 in Humboldt County.,,,,
95519 McKinleyville,zcta,95519,McKinleyville,40.9630053,-124.0525012,541882,,2023-10-31,10,0,Zillow ZIP-level market for McKinleyville; mapped with Census 2020 ZCTA 95519 in Humboldt County.,,,,
95540 Fortuna,zcta,95540,Fortuna,40.5667868,-124.1259758,452225,,2023-10-31,10,0,Zillow ZIP-level market for Fortuna; mapped with Census 2020 ZCTA 95540 in Humboldt County.,,,,
95542 Redway,zcta,95542,Redway,40.0932543,-123.7598313,514284,,2023-10-31,10,0,Zillow ZIP-level market for Redway; mapped with Census 2020 ZCTA 95542 in Humboldt County.,,,,
95562 Scotia,zcta,95562,Scotia,40.4412005,-124.1004154,350919,,2023-10-31,10,0,Zillow ZIP-level market for Scotia; mapped with Census 2020 ZCTA 95562 in Humboldt County.,,,,
95551 Eureka,zcta,95551,Eureka,40.6749872,-124.231146,495161,,2023-10-31,10,0,Zillow ZIP-level market for Eureka; mapped with Census 2020 ZCTA 95551 in Humboldt County.,,,,
95536 Ferndale,zcta,95536,Ferndale,40.5012414,-124.2099284,572951,,2023-10-31,10,0,Zillow ZIP-level market for Ferndale; mapped with Census 2020 ZCTA 95536 in Humboldt County.,,,,
95570 Trinidad,zcta,95570,Trinidad,41.1137525,-124.0826397,690966,,2023-10-31,10,0,Zillow ZIP-level market for Trinidad; mapped with Census 2020 ZCTA 95570 in Humboldt County.,,,,
95549 Kneeland,zcta,95549,Kneeland,40.6666759,-123.9083825,736319,,2023-10-31,10,0,Zillow ZIP-level market for Kneeland; mapped with Census 2020 ZCTA 95549 in Humboldt County.,,,,
95524 Bayside,zcta,95524,Bayside,40.8208354,-124.0500216,684950,,2023-10-31,10,0,Zillow ZIP-level market for Bayside; mapped with Census 2020 ZCTA 95524 in Humboldt County.,,,,
95560 Redway,zcta,95560,Redway,40.1427275,-123.8388194,439381,,2023-10-31,10,0,Zillow ZIP-level market for Redway; mapped with Census 2020 ZCTA 95560 in Humboldt County.,,,,
95525 Blue Lake,zcta,95525,Blue Lake,40.9537818,-123.8244384,516495,,2023-10-31,10,0,Zillow ZIP-level market for Blue Lake; mapped with Census 2020 ZCTA 95525 in Humboldt County.,,,,
95528 Carlotta,zcta,95528,Carlotta,40.4969858,-123.9308113,484464,,2023-10-31,10,0,Zillow ZIP-level market for Carlotta; mapped with Census 2020 ZCTA 95528 in Humboldt County.,,,,
95547 Hydesville,zcta,95547,Hydesville,40.5694635,-124.0775035,529349,,2023-10-31,10,0,Zillow ZIP-level market for Hydesville; mapped with Census 2020 ZCTA 95547 in Humboldt County.,,,,
95589 Whitethorn,zcta,95589,Whitethorn,40.061443,-123.979797,447588,,2023-10-31,10,0,Zillow ZIP-level market for Whitethorn; mapped with Census 2020 ZCTA 95589 in Humboldt County.,,,,
95573 nan,zcta,95573,nan,40.9149256,-123.6687235,399459,,2023-10-31,10,0,Zillow ZIP-level market for nan; mapped with Census 2020 ZCTA 95573 in Humboldt County.,,,,
95526 Bridgeville,zcta,95526,Bridgeville,40.4615284,-123.6764866,369891,,2023-10-31,10,0,Zillow ZIP-level market for Bridgeville; mapped with Census 2020 ZCTA 95526 in Humboldt County.,,,,
95553 Myers Flat,zcta,95553,Myers Flat,40.2311522,-123.8685969,480155,,2023-10-31,10,0,Zillow ZIP-level market for Myers Flat; mapped with Census 2020 ZCTA 95553 in Humboldt County.,,,,
95503 Eureka,zcta,95503,Eureka,40.7384033,-124.1078148,460486,,2023-11-30,10,0,Zillow ZIP-level market for Eureka; mapped with Census 2020 ZCTA 95503 in Humboldt County.,,,,
95501 Eureka,zcta,95501,Eureka,40.8020101,-124.1448237,435305,1311,2023-11-30,10,0,Zillow ZIP-level market for Eureka; mapped with Census 2020 ZCTA 95501 in Humboldt County.,,1311,Zillow ZORI,
95521 Arcata,zcta,95521,Arcata,40.8433563,-124.0453337,537763,,2023-11-30,10,0,Zillow ZIP-level market for Arcata; mapped with Census 2020 ZCTA 95521 in Humboldt County.,,,,
95519 McKinleyville,zcta,95519,McKinleyville,40.9630053,-124.0525012,539890,,2023-11-30,10,0,Zillow ZIP-level market for McKinleyville; mapped with Census 2020 ZCTA 95519 in Humboldt County.,,,,
95540 Fortuna,zcta,95540,Fortuna,40.5667868,-124.1259758,449465,,2023-11-30,10,0,Zillow ZIP-level market for Fortuna; mapped with Census 2020 ZCTA 95540 in Humboldt County.,,,,
95542 Redway,zcta,95542,Redway,40.0932543,-123.7598313,501401,,2023-11-30,10,0,Zillow ZIP-level market for Redway; mapped with Census 2020 ZCTA 95542 in Humboldt County.,,,,
95562 Scotia,zcta,95562,Scotia,40.4412005,-124.1004154,348125,,2023-11-30,10,0,Zillow ZIP-level market for Scotia; mapped with Census 2020 ZCTA 95562 in Humboldt County.,,,,
95551 Eureka,zcta,95551,Eureka,40.6749872,-124.231146,489231,,2023-11-30,10,0,Zillow ZIP-level market for Eureka; mapped with Census 2020 ZCTA 95551 in Humboldt County.,,,,
95536 Ferndale,zcta,95536,Ferndale,40.5012414,-124.2099284,565756,,2023-11-30,10,0,Zillow ZIP-level market for Ferndale; mapped with Census 2020 ZCTA 95536 in Humboldt County.,,,,
95570 Trinidad,zcta,95570,Trinidad,41.1137525,-124.0826397,683731,,2023-11-30,10,0,Zillow ZIP-level market for Trinidad; mapped with Census 2020 ZCTA 95570 in Humboldt County.,,,,
95549 Kneeland,zcta,95549,Kneeland,40.6666759,-123.9083825,723904,,2023-11-30,10,0,Zillow ZIP-level market for Kneeland; mapped with Census 2020 ZCTA 95549 in Humboldt County.,,,,
95524 Bayside,zcta,95524,Bayside,40.8208354,-124.0500216,678483,,2023-11-30,10,0,Zillow ZIP-level market for Bayside; mapped with Census 2020 ZCTA 95524 in Humboldt County.,,,,
95560 Redway,zcta,95560,Redway,40.1427275,-123.8388194,430895,,2023-11-30,10,0,Zillow ZIP-level market for Redway; mapped with Census 2020 ZCTA 95560 in Humboldt County.,,,,
95525 Blue Lake,zcta,95525,Blue Lake,40.9537818,-123.8244384,512188,,2023-11-30,10,0,Zillow ZIP-level market for Blue Lake; mapped with Census 2020 ZCTA 95525 in Humboldt County.,,,,
95528 Carlotta,zcta,95528,Carlotta,40.4969858,-123.9308113,475511,,2023-11-30,10,0,Zillow ZIP-level market for Carlotta; mapped with Census 2020 ZCTA 95528 in Humboldt County.,,,,
95547 Hydesville,zcta,95547,Hydesville,40.5694635,-124.0775035,526320,,2023-11-30,10,0,Zillow ZIP-level market for Hydesville; mapped with Census 2020 ZCTA 95547 in Humboldt County.,,,,
95589 Whitethorn,zcta,95589,Whitethorn,40.061443,-123.979797,439809,,2023-11-30,10,0,Zillow ZIP-level market for Whitethorn; mapped with Census 2020 ZCTA 95589 in Humboldt County.,,,,
95573 nan,zcta,95573,nan,40.9149256,-123.6687235,392428,,2023-11-30,10,0,Zillow ZIP-level market for nan; mapped with Census 2020 ZCTA 95573 in Humboldt County.,,,,
95526 Bridgeville,zcta,95526,Bridgeville,40.4615284,-123.6764866,361847,,2023-11-30,10,0,Zillow ZIP-level market for Bridgeville; mapped with Census 2020 ZCTA 95526 in Humboldt County.,,,,
95553 Myers Flat,zcta,95553,Myers Flat,40.2311522,-123.8685969,469365,,2023-11-30,10,0,Zillow ZIP-level market for Myers Flat; mapped with Census 2020 ZCTA 95553 in Humboldt County.,,,,
95503 Eureka,zcta,95503,Eureka,40.7384033,-124.1078148,457503,,2023-12-31,10,0,Zillow ZIP-level market for Eureka; mapped with Census 2020 ZCTA 95503 in Humboldt County.,,,,
95501 Eureka,zcta,95501,Eureka,40.8020101,-124.1448237,431432,1316,2023-12-31,10,0,Zillow ZIP-level market for Eureka; mapped with Census 2020 ZCTA 95501 in Humboldt County.,,1316,Zillow ZORI,
95521 Arcata,zcta,95521,Arcata,40.8433563,-124.0453337,535516,,2023-12-31,10,0,Zillow ZIP-level market for Arcata; mapped with Census 2020 ZCTA 95521 in Humboldt County.,,,,
95519 McKinleyville,zcta,95519,McKinleyville,40.9630053,-124.0525012,538410,,2023-12-31,10,0,Zillow ZIP-level market for McKinleyville; mapped with Census 2020 ZCTA 95519 in Humboldt County.,,,,
95540 Fortuna,zcta,95540,Fortuna,40.5667868,-124.1259758,447206,,2023-12-31,10,0,Zillow ZIP-level market for Fortuna; mapped with Census 2020 ZCTA 95540 in Humboldt County.,,,,
95542 Redway,zcta,95542,Redway,40.0932543,-123.7598313,486667,,2023-12-31,10,0,Zillow ZIP-level market for Redway; mapped with Census 2020 ZCTA 95542 in Humboldt County.,,,,
95562 Scotia,zcta,95562,Scotia,40.4412005,-124.1004154,346242,,2023-12-31,10,0,Zillow ZIP-level market for Scotia; mapped with Census 2020 ZCTA 95562 in Humboldt County.,,,,
95551 Eureka,zcta,95551,Eureka,40.6749872,-124.231146,484343,,2023-12-31,10,0,Zillow ZIP-level market for Eureka; mapped with Census 2020 ZCTA 95551 in Humboldt County.,,,,
95536 Ferndale,zcta,95536,Ferndale,40.5012414,-124.2099284,558792,,2023-12-31,10,0,Zillow ZIP-level market for Ferndale; mapped with Census 2020 ZCTA 95536 in Humboldt County.,,,,
95570 Trinidad,zcta,95570,Trinidad,41.1137525,-124.0826397,677565,,2023-12-31,10,0,Zillow ZIP-level market for Trinidad; mapped with Census 2020 ZCTA 95570 in Humboldt County.,,,,
95549 Kneeland,zcta,95549,Kneeland,40.6666759,-123.9083825,709731,,2023-12-31,10,0,Zillow ZIP-level market for Kneeland; mapped with Census 2020 ZCTA 95549 in Humboldt County.,,,,
95524 Bayside,zcta,95524,Bayside,40.8208354,-124.0500216,669663,,2023-12-31,10,0,Zillow ZIP-level market for Bayside; mapped with Census 2020 ZCTA 95524 in Humboldt County.,,,,
95560 Redway,zcta,95560,Redway,40.1427275,-123.8388194,420929,,2023-12-31,10,0,Zillow ZIP-level market for Redway; mapped with Census 2020 ZCTA 95560 in Humboldt County.,,,,
95525 Blue Lake,zcta,95525,Blue Lake,40.9537818,-123.8244384,508598,,2023-12-31,10,0,Zillow ZIP-level market for Blue Lake; mapped with Census 2020 ZCTA 95525 in Humboldt County.,,,,
95528 Carlotta,zcta,95528,Carlotta,40.4969858,-123.9308113,465089,,2023-12-31,10,0,Zillow ZIP-level market for Carlotta; mapped with Census 2020 ZCTA 95528 in Humboldt County.,,,,
95547 Hydesville,zcta,95547,Hydesville,40.5694635,-124.0775035,523310,,2023-12-31,10,0,Zillow ZIP-level market for Hydesville; mapped with Census 2020 ZCTA 95547 in Humboldt County.,,,,
95589 Whitethorn,zcta,95589,Whitethorn,40.061443,-123.979797,434990,,2023-12-31,10,0,Zillow ZIP-level market for Whitethorn; mapped with Census 2020 ZCTA 95589 in Humboldt County.,,,,
95573 nan,zcta,95573,nan,40.9149256,-123.6687235,385906,,2023-12-31,10,0,Zillow ZIP-level market for nan; mapped with Census 2020 ZCTA 95573 in Humboldt County.,,,,
95526 Bridgeville,zcta,95526,Bridgeville,40.4615284,-123.6764866,353157,,2023-12-31,10,0,Zillow ZIP-level market for Bridgeville; mapped with Census 2020 ZCTA 95526 in Humboldt County.,,,,
95553 Myers Flat,zcta,95553,Myers Flat,40.2311522,-123.8685969,457658,,2023-12-31,10,0,Zillow ZIP-level market for Myers Flat; mapped with Census 2020 ZCTA 95553 in Humboldt County.,,,,
95503 Eureka,zcta,95503,Eureka,40.7384033,-124.1078148,454976,,2024-01-31,10,0,Zillow ZIP-level market for Eureka; mapped with Census 2020 ZCTA 95503 in Humboldt County.,,,,
95501 Eureka,zcta,95501,Eureka,40.8020101,-124.1448237,428375,1333,2024-01-31,10,0,Zillow ZIP-level market for Eureka; mapped with Census 2020 ZCTA 95501 in Humboldt County.,,1333,Zillow ZORI,
95521 Arcata,zcta,95521,Arcata,40.8433563,-124.0453337,533203,,2024-01-31,10,0,Zillow ZIP-level market for Arcata; mapped with Census 2020 ZCTA 95521 in Humboldt County.,,,,
95519 McKinleyville,zcta,95519,McKinleyville,40.9630053,-124.0525012,536421,,2024-01-31,10,0,Zillow ZIP-level market for McKinleyville; mapped with Census 2020 ZCTA 95519 in Humboldt County.,,,,
95540 Fortuna,zcta,95540,Fortuna,40.5667868,-124.1259758,445765,,2024-01-31,10,0,Zillow ZIP-level market for Fortuna; mapped with Census 2020 ZCTA 95540 in Humboldt County.,,,,
95542 Redway,zcta,95542,Redway,40.0932543,-123.7598313,471571,,2024-01-31,10,0,Zillow ZIP-level market for Redway; mapped with Census 2020 ZCTA 95542 in Humboldt County.,,,,
95562 Scotia,zcta,95562,Scotia,40.4412005,-124.1004154,345293,,2024-01-31,10,0,Zillow ZIP-level market for Scotia; mapped with Census 2020 ZCTA 95562 in Humboldt County.,,,,
95551 Eureka,zcta,95551,Eureka,40.6749872,-124.231146,480339,,2024-01-31,10,0,Zillow ZIP-level market for Eureka; mapped with Census 2020 ZCTA 95551 in Humboldt County.,,,,
95536 Ferndale,zcta,95536,Ferndale,40.5012414,-124.2099284,553241,,2024-01-31,10,0,Zillow ZIP-level market for Ferndale; mapped with Census 2020 ZCTA 95536 in Humboldt County.,,,,
95570 Trinidad,zcta,95570,Trinidad,41.1137525,-124.0826397,671835,,2024-01-31,10,0,Zillow ZIP-level market for Trinidad; mapped with Census 2020 ZCTA 95570 in Humboldt County.,,,,
95549 Kneeland,zcta,95549,Kneeland,40.6666759,-123.9083825,696200,,2024-01-31,10,0,Zillow ZIP-level market for Kneeland; mapped with Census 2020 ZCTA 95549 in Humboldt County.,,,,
95524 Bayside,zcta,95524,Bayside,40.8208354,-124.0500216,660564,,2024-01-31,10,0,Zillow ZIP-level market for Bayside; mapped with Census 2020 ZCTA 95524 in Humboldt County.,,,,
95560 Redway,zcta,95560,Redway,40.1427275,-123.8388194,410066,,2024-01-31,10,0,Zillow ZIP-level market for Redway; mapped with Census 2020 ZCTA 95560 in Humboldt County.,,,,
95525 Blue Lake,zcta,95525,Blue Lake,40.9537818,-123.8244384,505602,,2024-01-31,10,0,Zillow ZIP-level market for Blue Lake; mapped with Census 2020 ZCTA 95525 in Humboldt County.,,,,
95528 Carlotta,zcta,95528,Carlotta,40.4969858,-123.9308113,454555,,2024-01-31,10,0,Zillow ZIP-level market for Carlotta; mapped with Census 2020 ZCTA 95528 in Humboldt County.,,,,
95547 Hydesville,zcta,95547,Hydesville,40.5694635,-124.0775035,520831,,2024-01-31,10,0,Zillow ZIP-level market for Hydesville; mapped with Census 2020 ZCTA 95547 in Humboldt County.,,,,
95589 Whitethorn,zcta,95589,Whitethorn,40.061443,-123.979797,430735,,2024-01-31,10,0,Zillow ZIP-level market for Whitethorn; mapped with Census 2020 ZCTA 95589 in Humboldt County.,,,,
95573 nan,zcta,95573,nan,40.9149256,-123.6687235,381396,,2024-01-31,10,0,Zillow ZIP-level market for nan; mapped with Census 2020 ZCTA 95573 in Humboldt County.,,,,
95526 Bridgeville,zcta,95526,Bridgeville,40.4615284,-123.6764866,345346,,2024-01-31,10,0,Zillow ZIP-level market for Bridgeville; mapped with Census 2020 ZCTA 95526 in Humboldt County.,,,,
95553 Myers Flat,zcta,95553,Myers Flat,40.2311522,-123.8685969,445842,,2024-01-31,10,0,Zillow ZIP-level market for Myers Flat; mapped with Census 2020 ZCTA 95553 in Humboldt County.,,,,
95503 Eureka,zcta,95503,Eureka,40.7384033,-124.1078148,454480,,2024-02-29,10,0,Zillow ZIP-level market for Eureka; mapped with Census 2020 ZCTA 95503 in Humboldt County.,,,,
95501 Eureka,zcta,95501,Eureka,40.8020101,-124.1448237,428304,1343,2024-02-29,10,0,Zillow ZIP-level market for Eureka; mapped with Census 2020 ZCTA 95501 in Humboldt County.,,1343,Zillow ZORI,
95521 Arcata,zcta,95521,Arcata,40.8433563,-124.0453337,533614,,2024-02-29,10,0,Zillow ZIP-level market for Arcata; mapped with Census 2020 ZCTA 95521 in Humboldt County.,,,,
95519 McKinleyville,zcta,95519,McKinleyville,40.9630053,-124.0525012,536777,,2024-02-29,10,0,Zillow ZIP-level market for McKinleyville; mapped with Census 2020 ZCTA 95519 in Humboldt County.,,,,
95540 Fortuna,zcta,95540,Fortuna,40.5667868,-124.1259758,446184,,2024-02-29,10,0,Zillow ZIP-level market for Fortuna; mapped with Census 2020 ZCTA 95540 in Humboldt County.,,,,
95542 Redway,zcta,95542,Redway,40.0932543,-123.7598313,461698,,2024-02-29,10,0,Zillow ZIP-level market for Redway; mapped with Census 2020 ZCTA 95542 in Humboldt County.,,,,
95562 Scotia,zcta,95562,Scotia,40.4412005,-124.1004154,344510,,2024-02-29,10,0,Zillow ZIP-level market for Scotia; mapped with Census 2020 ZCTA 95562 in Humboldt County.,,,,
95551 Eureka,zcta,95551,Eureka,40.6749872,-124.231146,478031,,2024-02-29,10,0,Zillow ZIP-level market for Eureka; mapped with Census 2020 ZCTA 95551 in Humboldt County.,,,,
95536 Ferndale,zcta,95536,Ferndale,40.5012414,-124.2099284,551126,,2024-02-29,10,0,Zillow ZIP-level market for Ferndale; mapped with Census 2020 ZCTA 95536 in Humboldt County.,,,,
95570 Trinidad,zcta,95570,Trinidad,41.1137525,-124.0826397,670401,,2024-02-29,10,0,Zillow ZIP-level market for Trinidad; mapped with Census 2020 ZCTA 95570 in Humboldt County.,,,,
95549 Kneeland,zcta,95549,Kneeland,40.6666759,-123.9083825,690553,,2024-02-29,10,0,Zillow ZIP-level market for Kneeland; mapped with Census 2020 ZCTA 95549 in Humboldt County.,,,,
95524 Bayside,zcta,95524,Bayside,40.8208354,-124.0500216,654794,,2024-02-29,10,0,Zillow ZIP-level market for Bayside; mapped with Census 2020 ZCTA 95524 in Humboldt County.,,,,
95560 Redway,zcta,95560,Redway,40.1427275,-123.8388194,402511,,2024-02-29,10,0,Zillow ZIP-level market for Redway; mapped with Census 2020 ZCTA 95560 in Humboldt County.,,,,
95525 Blue Lake,zcta,95525,Blue Lake,40.9537818,-123.8244384,505132,,2024-02-29,10,0,Zillow ZIP-level market for Blue Lake; mapped with Census 2020 ZCTA 95525 in Humboldt County.,,,,
95528 Carlotta,zcta,95528,Carlotta,40.4969858,-123.9308113,448164,,2024-02-29,10,0,Zillow ZIP-level market for Carlotta; mapped with Census 2020 ZCTA 95528 in Humboldt County.,,,,
95547 Hydesville,zcta,95547,Hydesville,40.5694635,-124.0775035,522032,,2024-02-29,10,0,Zillow ZIP-level market for Hydesville; mapped with Census 2020 ZCTA 95547 in Humboldt County.,,,,
95589 Whitethorn,zcta,95589,Whitethorn,40.061443,-123.979797,428571,,2024-02-29,10,0,Zillow ZIP-level market for Whitethorn; mapped with Census 2020 ZCTA 95589 in Humboldt County.,,,,
95573 nan,zcta,95573,nan,40.9149256,-123.6687235,376570,,2024-02-29,10,0,Zillow ZIP-level market for nan; mapped with Census 2020 ZCTA 95573 in Humboldt County.,,,,
95526 Bridgeville,zcta,95526,Bridgeville,40.4615284,-123.6764866,338507,,2024-02-29,10,0,Zillow ZIP-level market for Bridgeville; mapped with Census 2020 ZCTA 95526 in Humboldt County.,,,,
95553 Myers Flat,zcta,95553,Myers Flat,40.2311522,-123.8685969,436893,,2024-02-29,10,0,Zillow ZIP-level market for Myers Flat; mapped with Census 2020 ZCTA 95553 in Humboldt County.,,,,
95503 Eureka,zcta,95503,Eureka,40.7384033,-124.1078148,455649,,2024-03-31,10,0,Zillow ZIP-level market for Eureka; mapped with Census 2020 ZCTA 95503 in Humboldt County.,,,,
95501 Eureka,zcta,95501,Eureka,40.8020101,-124.1448237,429717,,2024-03-31,10,0,Zillow ZIP-level market for Eureka; mapped with Census 2020 ZCTA 95501 in Humboldt County.,,,,
95521 Arcata,zcta,95521,Arcata,40.8433563,-124.0453337,535433,,2024-03-31,10,0,Zillow ZIP-level market for Arcata; mapped with Census 2020 ZCTA 95521 in Humboldt County.,,,,
95519 McKinleyville,zcta,95519,McKinleyville,40.9630053,-124.0525012,538605,,2024-03-31,10,0,Zillow ZIP-level market for McKinleyville; mapped with Census 2020 ZCTA 95519 in Humboldt County.,,,,
95540 Fortuna,zcta,95540,Fortuna,40.5667868,-124.1259758,448617,,2024-03-31,10,0,Zillow ZIP-level market for Fortuna; mapped with Census 2020 ZCTA 95540 in Humboldt County.,,,,
95542 Redway,zcta,95542,Redway,40.0932543,-123.7598313,458358,,2024-03-31,10,0,Zillow ZIP-level market for Redway; mapped with Census 2020 ZCTA 95542 in Humboldt County.,,,,
95562 Scotia,zcta,95562,Scotia,40.4412005,-124.1004154,345203,,2024-03-31,10,0,Zillow ZIP-level market for Scotia; mapped with Census 2020 ZCTA 95562 in Humboldt County.,,,,
95551 Eureka,zcta,95551,Eureka,40.6749872,-124.231146,477672,,2024-03-31,10,0,Zillow ZIP-level market for Eureka; mapped with Census 2020 ZCTA 95551 in Humboldt County.,,,,
95536 Ferndale,zcta,95536,Ferndale,40.5012414,-124.2099284,552919,,2024-03-31,10,0,Zillow ZIP-level market for Ferndale; mapped with Census 2020 ZCTA 95536 in Humboldt County.,,,,
95570 Trinidad,zcta,95570,Trinidad,41.1137525,-124.0826397,674960,,2024-03-31,10,0,Zillow ZIP-level market for Trinidad; mapped with Census 2020 ZCTA 95570 in Humboldt County.,,,,
95549 Kneeland,zcta,95549,Kneeland,40.6666759,-123.9083825,689886,,2024-03-31,10,0,Zillow ZIP-level market for Kneeland; mapped with Census 2020 ZCTA 95549 in Humboldt County.,,,,
95524 Bayside,zcta,95524,Bayside,40.8208354,-124.0500216,656582,,2024-03-31,10,0,Zillow ZIP-level market for Bayside; mapped with Census 2020 ZCTA 95524 in Humboldt County.,,,,
95560 Redway,zcta,95560,Redway,40.1427275,-123.8388194,400593,,2024-03-31,10,0,Zillow ZIP-level market for Redway; mapped with Census 2020 ZCTA 95560 in Humboldt County.,,,,
95525 Blue Lake,zcta,95525,Blue Lake,40.9537818,-123.8244384,505547,,2024-03-31,10,0,Zillow ZIP-level market for Blue Lake; mapped with Census 2020 ZCTA 95525 in Humboldt County.,,,,
95528 Carlotta,zcta,95528,Carlotta,40.4969858,-123.9308113,447970,,2024-03-31,10,0,Zillow ZIP-level market for Carlotta; mapped with Census 2020 ZCTA 95528 in Humboldt County.,,,,
95547 Hydesville,zcta,95547,Hydesville,40.5694635,-124.0775035,526243,,2024-03-31,10,0,Zillow ZIP-level market for Hydesville; mapped with Census 2020 ZCTA 95547 in Humboldt County.,,,,
95589 Whitethorn,zcta,95589,Whitethorn,40.061443,-123.979797,427550,,2024-03-31,10,0,Zillow ZIP-level market for Whitethorn; mapped with Census 2020 ZCTA 95589 in Humboldt County.,,,,
95573 nan,zcta,95573,nan,40.9149256,-123.6687235,373785,,2024-03-31,10,0,Zillow ZIP-level market for nan; mapped with Census 2020 ZCTA 95573 in Humboldt County.,,,,
95526 Bridgeville,zcta,95526,Bridgeville,40.4615284,-123.6764866,334731,,2024-03-31,10,0,Zillow ZIP-level market for Bridgeville; mapped with Census 2020 ZCTA 95526 in Humboldt County.,,,,
95553 Myers Flat,zcta,95553,Myers Flat,40.2311522,-123.8685969,433240,,2024-03-31,10,0,Zillow ZIP-level market for Myers Flat; mapped with Census 2020 ZCTA 95553 in Humboldt County.,,,,
95503 Eureka,zcta,95503,Eureka,40.7384033,-124.1078148,456254,,2024-04-30,10,0,Zillow ZIP-level market for Eureka; mapped with Census 2020 ZCTA 95503 in Humboldt County.,,,,
95501 Eureka,zcta,95501,Eureka,40.8020101,-124.1448237,429695,1430,2024-04-30,10,0,Zillow ZIP-level market for Eureka; mapped with Census 2020 ZCTA 95501 in Humboldt County.,,1430,Zillow ZORI,
95521 Arcata,zcta,95521,Arcata,40.8433563,-124.0453337,537463,,2024-04-30,10,0,Zillow ZIP-level market for Arcata; mapped with Census 2020 ZCTA 95521 in Humboldt County.,,,,
95519 McKinleyville,zcta,95519,McKinleyville,40.9630053,-124.0525012,540293,,2024-04-30,10,0,Zillow ZIP-level market for McKinleyville; mapped with Census 2020 ZCTA 95519 in Humboldt County.,,,,
95540 Fortuna,zcta,95540,Fortuna,40.5667868,-124.1259758,449970,,2024-04-30,10,0,Zillow ZIP-level market for Fortuna; mapped with Census 2020 ZCTA 95540 in Humboldt County.,,,,
95542 Redway,zcta,95542,Redway,40.0932543,-123.7598313,458443,,2024-04-30,10,0,Zillow ZIP-level market for Redway; mapped with Census 2020 ZCTA 95542 in Humboldt County.,,,,
95562 Scotia,zcta,95562,Scotia,40.4412005,-124.1004154,344829,,2024-04-30,10,0,Zillow ZIP-level market for Scotia; mapped with Census 2020 ZCTA 95562 in Humboldt County.,,,,
95551 Eureka,zcta,95551,Eureka,40.6749872,-124.231146,478342,,2024-04-30,10,0,Zillow ZIP-level market for Eureka; mapped with Census 2020 ZCTA 95551 in Humboldt County.,,,,
95536 Ferndale,zcta,95536,Ferndale,40.5012414,-124.2099284,555440,,2024-04-30,10,0,Zillow ZIP-level market for Ferndale; mapped with Census 2020 ZCTA 95536 in Humboldt County.,,,,
95570 Trinidad,zcta,95570,Trinidad,41.1137525,-124.0826397,679587,,2024-04-30,10,0,Zillow ZIP-level market for Trinidad; mapped with Census 2020 ZCTA 95570 in Humboldt County.,,,,
95549 Kneeland,zcta,95549,Kneeland,40.6666759,-123.9083825,688286,,2024-04-30,10,0,Zillow ZIP-level market for Kneeland; mapped with Census 2020 ZCTA 95549 in Humboldt County.,,,,
95524 Bayside,zcta,95524,Bayside,40.8208354,-124.0500216,660974,,2024-04-30,10,0,Zillow ZIP-level market for Bayside; mapped with Census 2020 ZCTA 95524 in Humboldt County.,,,,
95560 Redway,zcta,95560,Redway,40.1427275,-123.8388194,399581,,2024-04-30,10,0,Zillow ZIP-level market for Redway; mapped with Census 2020 ZCTA 95560 in Humboldt County.,,,,
95525 Blue Lake,zcta,95525,Blue Lake,40.9537818,-123.8244384,503925,,2024-04-30,10,0,Zillow ZIP-level market for Blue Lake; mapped with Census 2020 ZCTA 95525 in Humboldt County.,,,,
95528 Carlotta,zcta,95528,Carlotta,40.4969858,-123.9308113,448833,,2024-04-30,10,0,Zillow ZIP-level market for Carlotta; mapped with Census 2020 ZCTA 95528 in Humboldt County.,,,,
95547 Hydesville,zcta,95547,Hydesville,40.5694635,-124.0775035,529251,,2024-04-30,10,0,Zillow ZIP-level market for Hydesville; mapped with Census 2020 ZCTA 95547 in Humboldt County.,,,,
95589 Whitethorn,zcta,95589,Whitethorn,40.061443,-123.979797,427937,,2024-04-30,10,0,Zillow ZIP-level market for Whitethorn; mapped with Census 2020 ZCTA 95589 in Humboldt County.,,,,
95573 nan,zcta,95573,nan,40.9149256,-123.6687235,371172,,2024-04-30,10,0,Zillow ZIP-level market for nan; mapped with Census 2020 ZCTA 95573 in Humboldt County.,,,,
95526 Bridgeville,zcta,95526,Bridgeville,40.4615284,-123.6764866,333066,,2024-04-30,10,0,Zillow ZIP-level market for Bridgeville; mapped with Census 2020 ZCTA 95526 in Humboldt County.,,,,
95553 Myers Flat,zcta,95553,Myers Flat,40.2311522,-123.8685969,432640,,2024-04-30,10,0,Zillow ZIP-level market for Myers Flat; mapped with Census 2020 ZCTA 95553 in Humboldt County.,,,,
95503 Eureka,zcta,95503,Eureka,40.7384033,-124.1078148,455644,,2024-05-31,10,0,Zillow ZIP-level market for Eureka; mapped with Census 2020 ZCTA 95503 in Humboldt County.,,,,
95501 Eureka,zcta,95501,Eureka,40.8020101,-124.1448237,428083,1452,2024-05-31,10,0,Zillow ZIP-level market for Eureka; mapped with Census 2020 ZCTA 95501 in Humboldt County.,,1452,Zillow ZORI,
95521 Arcata,zcta,95521,Arcata,40.8433563,-124.0453337,537081,,2024-05-31,10,0,Zillow ZIP-level market for Arcata; mapped with Census 2020 ZCTA 95521 in Humboldt County.,,,,
95519 McKinleyville,zcta,95519,McKinleyville,40.9630053,-124.0525012,540538,,2024-05-31,10,0,Zillow ZIP-level market for McKinleyville; mapped with Census 2020 ZCTA 95519 in Humboldt County.,,,,
95540 Fortuna,zcta,95540,Fortuna,40.5667868,-124.1259758,449672,,2024-05-31,10,0,Zillow ZIP-level market for Fortuna; mapped with Census 2020 ZCTA 95540 in Humboldt County.,,,,
95542 Redway,zcta,95542,Redway,40.0932543,-123.7598313,456745,,2024-05-31,10,0,Zillow ZIP-level market for Redway; mapped with Census 2020 ZCTA 95542 in Humboldt County.,,,,
95562 Scotia,zcta,95562,Scotia,40.4412005,-124.1004154,343853,,2024-05-31,10,0,Zillow ZIP-level market for Scotia; mapped with Census 2020 ZCTA 95562 in Humboldt County.,,,,
95551 Eureka,zcta,95551,Eureka,40.6749872,-124.231146,478383,,2024-05-31,10,0,Zillow ZIP-level market for Eureka; mapped with Census 2020 ZCTA 95551 in Humboldt County.,,,,
95536 Ferndale,zcta,95536,Ferndale,40.5012414,-124.2099284,554780,,2024-05-31,10,0,Zillow ZIP-level market for Ferndale; mapped with Census 2020 ZCTA 95536 in Humboldt County.,,,,
95570 Trinidad,zcta,95570,Trinidad,41.1137525,-124.0826397,680098,,2024-05-31,10,0,Zillow ZIP-level market for Trinidad; mapped with Census 2020 ZCTA 95570 in Humboldt County.,,,,
95549 Kneeland,zcta,95549,Kneeland,40.6666759,-123.9083825,684931,,2024-05-31,10,0,Zillow ZIP-level market for Kneeland; mapped with Census 2020 ZCTA 95549 in Humboldt County.,,,,
95524 Bayside,zcta,95524,Bayside,40.8208354,-124.0500216,663877,,2024-05-31,10,0,Zillow ZIP-level market for Bayside; mapped with Census 2020 ZCTA 95524 in Humboldt County.,,,,
95560 Redway,zcta,95560,Redway,40.1427275,-123.8388194,399153,,2024-05-31,10,0,Zillow ZIP-level market for Redway; mapped with Census 2020 ZCTA 95560 in Humboldt County.,,,,
95525 Blue Lake,zcta,95525,Blue Lake,40.9537818,-123.8244384,501133,,2024-05-31,10,0,Zillow ZIP-level market for Blue Lake; mapped with Census 2020 ZCTA 95525 in Humboldt County.,,,,
95528 Carlotta,zcta,95528,Carlotta,40.4969858,-123.9308113,446660,,2024-05-31,10,0,Zillow ZIP-level market for Carlotta; mapped with Census 2020 ZCTA 95528 in Humboldt County.,,,,
95547 Hydesville,zcta,95547,Hydesville,40.5694635,-124.0775035,529846,,2024-05-31,10,0,Zillow ZIP-level market for Hydesville; mapped with Census 2020 ZCTA 95547 in Humboldt County.,,,,
95589 Whitethorn,zcta,95589,Whitethorn,40.061443,-123.979797,428551,,2024-05-31,10,0,Zillow ZIP-level market for Whitethorn; mapped with Census 2020 ZCTA 95589 in Humboldt County.,,,,
95573 nan,zcta,95573,nan,40.9149256,-123.6687235,370920,,2024-05-31,10,0,Zillow ZIP-level market for nan; mapped with Census 2020 ZCTA 95573 in Humboldt County.,,,,
95526 Bridgeville,zcta,95526,Bridgeville,40.4615284,-123.6764866,331694,,2024-05-31,10,0,Zillow ZIP-level market for Bridgeville; mapped with Census 2020 ZCTA 95526 in Humboldt County.,,,,
95553 Myers Flat,zcta,95553,Myers Flat,40.2311522,-123.8685969,433218,,2024-05-31,10,0,Zillow ZIP-level market for Myers Flat; mapped with Census 2020 ZCTA 95553 in Humboldt County.,,,,
95503 Eureka,zcta,95503,Eureka,40.7384033,-124.1078148,454637,,2024-06-30,10,0,Zillow ZIP-level market for Eureka; mapped with Census 2020 ZCTA 95503 in Humboldt County.,,,,
95501 Eureka,zcta,95501,Eureka,40.8020101,-124.1448237,426782,1382,2024-06-30,10,0,Zillow ZIP-level market for Eureka; mapped with Census 2020 ZCTA 95501 in Humboldt County.,,1382,Zillow ZORI,
95521 Arcata,zcta,95521,Arcata,40.8433563,-124.0453337,535859,,2024-06-30,10,0,Zillow ZIP-level market for Arcata; mapped with Census 2020 ZCTA 95521 in Humboldt County.,,,,
95519 McKinleyville,zcta,95519,McKinleyville,40.9630053,-124.0525012,539310,,2024-06-30,10,0,Zillow ZIP-level market for McKinleyville; mapped with Census 2020 ZCTA 95519 in Humboldt County.,,,,
95540 Fortuna,zcta,95540,Fortuna,40.5667868,-124.1259758,448406,,2024-06-30,10,0,Zillow ZIP-level market for Fortuna; mapped with Census 2020 ZCTA 95540 in Humboldt County.,,,,
95542 Redway,zcta,95542,Redway,40.0932543,-123.7598313,453165,,2024-06-30,10,0,Zillow ZIP-level market for Redway; mapped with Census 2020 ZCTA 95542 in Humboldt County.,,,,
95562 Scotia,zcta,95562,Scotia,40.4412005,-124.1004154,342995,,2024-06-30,10,0,Zillow ZIP-level market for Scotia; mapped with Census 2020 ZCTA 95562 in Humboldt County.,,,,
95551 Eureka,zcta,95551,Eureka,40.6749872,-124.231146,477597,,2024-06-30,10,0,Zillow ZIP-level market for Eureka; mapped with Census 2020 ZCTA 95551 in Humboldt County.,,,,
95536 Ferndale,zcta,95536,Ferndale,40.5012414,-124.2099284,551747,,2024-06-30,10,0,Zillow ZIP-level market for Ferndale; mapped with Census 2020 ZCTA 95536 in Humboldt County.,,,,
95570 Trinidad,zcta,95570,Trinidad,41.1137525,-124.0826397,675977,,2024-06-30,10,0,Zillow ZIP-level market for Trinidad; mapped with Census 2020 ZCTA 95570 in Humboldt County.,,,,
95549 Kneeland,zcta,95549,Kneeland,40.6666759,-123.9083825,681033,,2024-06-30,10,0,Zillow ZIP-level market for Kneeland; mapped with Census 2020 ZCTA 95549 in Humboldt County.,,,,
95524 Bayside,zcta,95524,Bayside,40.8208354,-124.0500216,663537,,2024-06-30,10,0,Zillow ZIP-level market for Bayside; mapped with Census 2020 ZCTA 95524 in Humboldt County.,,,,
95560 Redway,zcta,95560,Redway,40.1427275,-123.8388194,397889,,2024-06-30,10,0,Zillow ZIP-level market for Redway; mapped with Census 2020 ZCTA 95560 in Humboldt County.,,,,
95525 Blue Lake,zcta,95525,Blue Lake,40.9537818,-123.8244384,499490,,2024-06-30,10,0,Zillow ZIP-level market for Blue Lake; mapped with Census 2020 ZCTA 95525 in Humboldt County.,,,,
95528 Carlotta,zcta,95528,Carlotta,40.4969858,-123.9308113,443523,,2024-06-30,10,0,Zillow ZIP-level market for Carlotta; mapped with Census 2020 ZCTA 95528 in Humboldt County.,,,,
95547 Hydesville,zcta,95547,Hydesville,40.5694635,-124.0775035,529644,,2024-06-30,10,0,Zillow ZIP-level market for Hydesville; mapped with Census 2020 ZCTA 95547 in Humboldt County.,,,,
95589 Whitethorn,zcta,95589,Whitethorn,40.061443,-123.979797,429208,,2024-06-30,10,0,Zillow ZIP-level market for Whitethorn; mapped with Census 2020 ZCTA 95589 in Humboldt County.,,,,
95573 nan,zcta,95573,nan,40.9149256,-123.6687235,371148,,2024-06-30,10,0,Zillow ZIP-level market for nan; mapped with Census 2020 ZCTA 95573 in Humboldt County.,,,,
95526 Bridgeville,zcta,95526,Bridgeville,40.4615284,-123.6764866,330000,,2024-06-30,10,0,Zillow ZIP-level market for Bridgeville; mapped with Census 2020 ZCTA 95526 in Humboldt County.,,,,
95553 Myers Flat,zcta,95553,Myers Flat,40.2311522,-123.8685969,432358,,2024-06-30,10,0,Zillow ZIP-level market for Myers Flat; mapped with Census 2020 ZCTA 95553 in Humboldt County.,,,,
95503 Eureka,zcta,95503,Eureka,40.7384033,-124.1078148,454354,,2024-07-31,10,0,Zillow ZIP-level market for Eureka; mapped with Census 2020 ZCTA 95503 in Humboldt County.,,,,
95501 Eureka,zcta,95501,Eureka,40.8020101,-124.1448237,426458,1388,2024-07-31,10,0,Zillow ZIP-level market for Eureka; mapped with Census 2020 ZCTA 95501 in Humboldt County.,,1388,Zillow ZORI,
95521 Arcata,zcta,95521,Arcata,40.8433563,-124.0453337,535894,,2024-07-31,10,0,Zillow ZIP-level market for Arcata; mapped with Census 2020 ZCTA 95521 in Humboldt County.,,,,
95519 McKinleyville,zcta,95519,McKinleyville,40.9630053,-124.0525012,536954,,2024-07-31,10,0,Zillow ZIP-level market for McKinleyville; mapped with Census 2020 ZCTA 95519 in Humboldt County.,,,,
95540 Fortuna,zcta,95540,Fortuna,40.5667868,-124.1259758,447161,,2024-07-31,10,0,Zillow ZIP-level market for Fortuna; mapped with Census 2020 ZCTA 95540 in Humboldt County.,,,,
95542 Redway,zcta,95542,Redway,40.0932543,-123.7598313,449344,,2024-07-31,10,0,Zillow ZIP-level market for Redway; mapped with Census 2020 ZCTA 95542 in Humboldt County.,,,,
95562 Scotia,zcta,95562,Scotia,40.4412005,-124.1004154,343372,,2024-07-31,10,0,Zillow ZIP-level market for Scotia; mapped with Census 2020 ZCTA 95562 in Humboldt County.,,,,
95551 Eureka,zcta,95551,Eureka,40.6749872,-124.231146,476739,,2024-07-31,10,0,Zillow ZIP-level market for Eureka; mapped with Census 2020 ZCTA 95551 in Humboldt County.,,,,
95536 Ferndale,zcta,95536,Ferndale,40.5012414,-124.2099284,548604,,2024-07-31,10,0,Zillow ZIP-level market for Ferndale; mapped with Census 2020 ZCTA 95536 in Humboldt County.,,,,
95570 Trinidad,zcta,95570,Trinidad,41.1137525,-124.0826397,673122,,2024-07-31,10,0,Zillow ZIP-level market for Trinidad; mapped with Census 2020 ZCTA 95570 in Humboldt County.,,,,
95549 Kneeland,zcta,95549,Kneeland,40.6666759,-123.9083825,680950,,2024-07-31,10,0,Zillow ZIP-level market for Kneeland; mapped with Census 2020 ZCTA 95549 in Humboldt County.,,,,
95524 Bayside,zcta,95524,Bayside,40.8208354,-124.0500216,663023,,2024-07-31,10,0,Zillow ZIP-level market for Bayside; mapped with Census 2020 ZCTA 95524 in Humboldt County.,,,,
95560 Redway,zcta,95560,Redway,40.1427275,-123.8388194,398139,,2024-07-31,10,0,Zillow ZIP-level market for Redway; mapped with Census 2020 ZCTA 95560 in Humboldt County.,,,,
95525 Blue Lake,zcta,95525,Blue Lake,40.9537818,-123.8244384,499824,,2024-07-31,10,0,Zillow ZIP-level market for Blue Lake; mapped with Census 2020 ZCTA 95525 in Humboldt County.,,,,
95528 Carlotta,zcta,95528,Carlotta,40.4969858,-123.9308113,440741,,2024-07-31,10,0,Zillow ZIP-level market for Carlotta; mapped with Census 2020 ZCTA 95528 in Humboldt County.,,,,
95547 Hydesville,zcta,95547,Hydesville,40.5694635,-124.0775035,530860,,2024-07-31,10,0,Zillow ZIP-level market for Hydesville; mapped with Census 2020 ZCTA 95547 in Humboldt County.,,,,
95589 Whitethorn,zcta,95589,Whitethorn,40.061443,-123.979797,429342,,2024-07-31,10,0,Zillow ZIP-level market for Whitethorn; mapped with Census 2020 ZCTA 95589 in Humboldt County.,,,,
95573 nan,zcta,95573,nan,40.9149256,-123.6687235,371512,,2024-07-31,10,0,Zillow ZIP-level market for nan; mapped with Census 2020 ZCTA 95573 in Humboldt County.,,,,
95526 Bridgeville,zcta,95526,Bridgeville,40.4615284,-123.6764866,326827,,2024-07-31,10,0,Zillow ZIP-level market for Bridgeville; mapped with Census 2020 ZCTA 95526 in Humboldt County.,,,,
95553 Myers Flat,zcta,95553,Myers Flat,40.2311522,-123.8685969,432608,,2024-07-31,10,0,Zillow ZIP-level market for Myers Flat; mapped with Census 2020 ZCTA 95553 in Humboldt County.,,,,
95503 Eureka,zcta,95503,Eureka,40.7384033,-124.1078148,454322,,2024-08-31,10,0,Zillow ZIP-level market for Eureka; mapped with Census 2020 ZCTA 95503 in Humboldt County.,,,,
95501 Eureka,zcta,95501,Eureka,40.8020101,-124.1448237,425886,1384,2024-08-31,10,0,Zillow ZIP-level market for Eureka; mapped with Census 2020 ZCTA 95501 in Humboldt County.,,1384,Zillow ZORI,
95521 Arcata,zcta,95521,Arcata,40.8433563,-124.0453337,536281,,2024-08-31,10,0,Zillow ZIP-level market for Arcata; mapped with Census 2020 ZCTA 95521 in Humboldt County.,,,,
95519 McKinleyville,zcta,95519,McKinleyville,40.9630053,-124.0525012,533396,,2024-08-31,10,0,Zillow ZIP-level market for McKinleyville; mapped with Census 2020 ZCTA 95519 in Humboldt County.,,,,
95540 Fortuna,zcta,95540,Fortuna,40.5667868,-124.1259758,445544,,2024-08-31,10,0,Zillow ZIP-level market for Fortuna; mapped with Census 2020 ZCTA 95540 in Humboldt County.,,,,
95542 Redway,zcta,95542,Redway,40.0932543,-123.7598313,444606,,2024-08-31,10,0,Zillow ZIP-level market for Redway; mapped with Census 2020 ZCTA 95542 in Humboldt County.,,,,
95562 Scotia,zcta,95562,Scotia,40.4412005,-124.1004154,343028,,2024-08-31,10,0,Zillow ZIP-level market for Scotia; mapped with Census 2020 ZCTA 95562 in Humboldt County.,,,,
95551 Eureka,zcta,95551,Eureka,40.6749872,-124.231146,476010,,2024-08-31,10,0,Zillow ZIP-level market for Eureka; mapped with Census 2020 ZCTA 95551 in Humboldt County.,,,,
95536 Ferndale,zcta,95536,Ferndale,40.5012414,-124.2099284,544613,,2024-08-31,10,0,Zillow ZIP-level market for Ferndale; mapped with Census 2020 ZCTA 95536 in Humboldt County.,,,,
95570 Trinidad,zcta,95570,Trinidad,41.1137525,-124.0826397,670859,,2024-08-31,10,0,Zillow ZIP-level market for Trinidad; mapped with Census 2020 ZCTA 95570 in Humboldt County.,,,,
95549 Kneeland,zcta,95549,Kneeland,40.6666759,-123.9083825,681168,,2024-08-31,10,0,Zillow ZIP-level market for Kneeland; mapped with Census 2020 ZCTA 95549 in Humboldt County.,,,,
95524 Bayside,zcta,95524,Bayside,40.8208354,-124.0500216,663503,,2024-08-31,10,0,Zillow ZIP-level market for Bayside; mapped with Census 2020 ZCTA 95524 in Humboldt County.,,,,
95560 Redway,zcta,95560,Redway,40.1427275,-123.8388194,396536,,2024-08-31,10,0,Zillow ZIP-level market for Redway; mapped with Census 2020 ZCTA 95560 in Humboldt County.,,,,
95525 Blue Lake,zcta,95525,Blue Lake,40.9537818,-123.8244384,498339,,2024-08-31,10,0,Zillow ZIP-level market for Blue Lake; mapped with Census 2020 ZCTA 95525 in Humboldt County.,,,,
95528 Carlotta,zcta,95528,Carlotta,40.4969858,-123.9308113,438742,,2024-08-31,10,0,Zillow ZIP-level market for Carlotta; mapped with Census 2020 ZCTA 95528 in Humboldt County.,,,,
95547 Hydesville,zcta,95547,Hydesville,40.5694635,-124.0775035,532137,,2024-08-31,10,0,Zillow ZIP-level market for Hydesville; mapped with Census 2020 ZCTA 95547 in Humboldt County.,,,,
95589 Whitethorn,zcta,95589,Whitethorn,40.061443,-123.979797,428867,,2024-08-31,10,0,Zillow ZIP-level market for Whitethorn; mapped with Census 2020 ZCTA 95589 in Humboldt County.,,,,
95573 nan,zcta,95573,nan,40.9149256,-123.6687235,371087,,2024-08-31,10,0,Zillow ZIP-level market for nan; mapped with Census 2020 ZCTA 95573 in Humboldt County.,,,,
95526 Bridgeville,zcta,95526,Bridgeville,40.4615284,-123.6764866,322860,,2024-08-31,10,0,Zillow ZIP-level market for Bridgeville; mapped with Census 2020 ZCTA 95526 in Humboldt County.,,,,
95553 Myers Flat,zcta,95553,Myers Flat,40.2311522,-123.8685969,432507,,2024-08-31,10,0,Zillow ZIP-level market for Myers Flat; mapped with Census 2020 ZCTA 95553 in Humboldt County.,,,,
95503 Eureka,zcta,95503,Eureka,40.7384033,-124.1078148,454041,,2024-09-30,10,0,Zillow ZIP-level market for Eureka; mapped with Census 2020 ZCTA 95503 in Humboldt County.,,,,
95501 Eureka,zcta,95501,Eureka,40.8020101,-124.1448237,424806,1387,2024-09-30,10,0,Zillow ZIP-level market for Eureka; mapped with Census 2020 ZCTA 95501 in Humboldt County.,,1387,Zillow ZORI,
95521 Arcata,zcta,95521,Arcata,40.8433563,-124.0453337,537421,,2024-09-30,10,0,Zillow ZIP-level market for Arcata; mapped with Census 2020 ZCTA 95521 in Humboldt County.,,,,
95519 McKinleyville,zcta,95519,McKinleyville,40.9630053,-124.0525012,530266,,2024-09-30,10,0,Zillow ZIP-level market for McKinleyville; mapped with Census 2020 ZCTA 95519 in Humboldt County.,,,,
95540 Fortuna,zcta,95540,Fortuna,40.5667868,-124.1259758,443589,,2024-09-30,10,0,Zillow ZIP-level market for Fortuna; mapped with Census 2020 ZCTA 95540 in Humboldt County.,,,,
95542 Redway,zcta,95542,Redway,40.0932543,-123.7598313,439286,,2024-09-30,10,0,Zillow ZIP-level market for Redway; mapped with Census 2020 ZCTA 95542 in Humboldt County.,,,,
95562 Scotia,zcta,95562,Scotia,40.4412005,-124.1004154,340544,,2024-09-30,10,0,Zillow ZIP-level market for Scotia; mapped with Census 2020 ZCTA 95562 in Humboldt County.,,,,
95551 Eureka,zcta,95551,Eureka,40.6749872,-124.231146,473823,,2024-09-30,10,0,Zillow ZIP-level market for Eureka; mapped with Census 2020 ZCTA 95551 in Humboldt County.,,,,
95536 Ferndale,zcta,95536,Ferndale,40.5012414,-124.2099284,540236,,2024-09-30,10,0,Zillow ZIP-level market for Ferndale; mapped with Census 2020 ZCTA 95536 in Humboldt County.,,,,
95570 Trinidad,zcta,95570,Trinidad,41.1137525,-124.0826397,671339,,2024-09-30,10,0,Zillow ZIP-level market for Trinidad; mapped with Census 2020 ZCTA 95570 in Humboldt County.,,,,
95549 Kneeland,zcta,95549,Kneeland,40.6666759,-123.9083825,681075,,2024-09-30,10,0,Zillow ZIP-level market for Kneeland; mapped with Census 2020 ZCTA 95549 in Humboldt County.,,,,
95524 Bayside,zcta,95524,Bayside,40.8208354,-124.0500216,661568,,2024-09-30,10,0,Zillow ZIP-level market for Bayside; mapped with Census 2020 ZCTA 95524 in Humboldt County.,,,,
95560 Redway,zcta,95560,Redway,40.1427275,-123.8388194,394855,,2024-09-30,10,0,Zillow ZIP-level market for Redway; mapped with Census 2020 ZCTA 95560 in Humboldt County.,,,,
95525 Blue Lake,zcta,95525,Blue Lake,40.9537818,-123.8244384,497601,,2024-09-30,10,0,Zillow ZIP-level market for Blue Lake; mapped with Census 2020 ZCTA 95525 in Humboldt County.,,,,
95528 Carlotta,zcta,95528,Carlotta,40.4969858,-123.9308113,436175,,2024-09-30,10,0,Zillow ZIP-level market for Carlotta; mapped with Census 2020 ZCTA 95528 in Humboldt County.,,,,
95547 Hydesville,zcta,95547,Hydesville,40.5694635,-124.0775035,531786,,2024-09-30,10,0,Zillow ZIP-level market for Hydesville; mapped with Census 2020 ZCTA 95547 in Humboldt County.,,,,
95589 Whitethorn,zcta,95589,Whitethorn,40.061443,-123.979797,427298,,2024-09-30,10,0,Zillow ZIP-level market for Whitethorn; mapped with Census 2020 ZCTA 95589 in Humboldt County.,,,,
95573 nan,zcta,95573,nan,40.9149256,-123.6687235,368100,,2024-09-30,10,0,Zillow ZIP-level market for nan; mapped with Census 2020 ZCTA 95573 in Humboldt County.,,,,
95526 Bridgeville,zcta,95526,Bridgeville,40.4615284,-123.6764866,316581,,2024-09-30,10,0,Zillow ZIP-level market for Bridgeville; mapped with Census 2020 ZCTA 95526 in Humboldt County.,,,,
95553 Myers Flat,zcta,95553,Myers Flat,40.2311522,-123.8685969,430893,,2024-09-30,10,0,Zillow ZIP-level market for Myers Flat; mapped with Census 2020 ZCTA 95553 in Humboldt County.,,,,
95503 Eureka,zcta,95503,Eureka,40.7384033,-124.1078148,453720,,2024-10-31,10,0,Zillow ZIP-level market for Eureka; mapped with Census 2020 ZCTA 95503 in Humboldt County.,,,,
95501 Eureka,zcta,95501,Eureka,40.8020101,-124.1448237,423238,1378,2024-10-31,10,0,Zillow ZIP-level market for Eureka; mapped with Census 2020 ZCTA 95501 in Humboldt County.,,1378,Zillow ZORI,
95521 Arcata,zcta,95521,Arcata,40.8433563,-124.0453337,536333,,2024-10-31,10,0,Zillow ZIP-level market for Arcata; mapped with Census 2020 ZCTA 95521 in Humboldt County.,,,,
95519 McKinleyville,zcta,95519,McKinleyville,40.9630053,-124.0525012,527613,,2024-10-31,10,0,Zillow ZIP-level market for McKinleyville; mapped with Census 2020 ZCTA 95519 in Humboldt County.,,,,
95540 Fortuna,zcta,95540,Fortuna,40.5667868,-124.1259758,442023,,2024-10-31,10,0,Zillow ZIP-level market for Fortuna; mapped with Census 2020 ZCTA 95540 in Humboldt County.,,,,
95542 Redway,zcta,95542,Redway,40.0932543,-123.7598313,432697,,2024-10-31,10,0,Zillow ZIP-level market for Redway; mapped with Census 2020 ZCTA 95542 in Humboldt County.,,,,
95562 Scotia,zcta,95562,Scotia,40.4412005,-124.1004154,336425,,2024-10-31,10,0,Zillow ZIP-level market for Scotia; mapped with Census 2020 ZCTA 95562 in Humboldt County.,,,,
95551 Eureka,zcta,95551,Eureka,40.6749872,-124.231146,470283,,2024-10-31,10,0,Zillow ZIP-level market for Eureka; mapped with Census 2020 ZCTA 95551 in Humboldt County.,,,,
95536 Ferndale,zcta,95536,Ferndale,40.5012414,-124.2099284,536038,,2024-10-31,10,0,Zillow ZIP-level market for Ferndale; mapped with Census 2020 ZCTA 95536 in Humboldt County.,,,,
95570 Trinidad,zcta,95570,Trinidad,41.1137525,-124.0826397,668764,,2024-10-31,10,0,Zillow ZIP-level market for Trinidad; mapped with Census 2020 ZCTA 95570 in Humboldt County.,,,,
95549 Kneeland,zcta,95549,Kneeland,40.6666759,-123.9083825,676242,,2024-10-31,10,0,Zillow ZIP-level market for Kneeland; mapped with Census 2020 ZCTA 95549 in Humboldt County.,,,,
95524 Bayside,zcta,95524,Bayside,40.8208354,-124.0500216,655921,,2024-10-31,10,0,Zillow ZIP-level market for Bayside; mapped with Census 2020 ZCTA 95524 in Humboldt County.,,,,
95560 Redway,zcta,95560,Redway,40.1427275,-123.8388194,390890,,2024-10-31,10,0,Zillow ZIP-level market for Redway; mapped with Census 2020 ZCTA 95560 in Humboldt County.,,,,
95525 Blue Lake,zcta,95525,Blue Lake,40.9537818,-123.8244384,495586,,2024-10-31,10,0,Zillow ZIP-level market for Blue Lake; mapped with Census 2020 ZCTA 95525 in Humboldt County.,,,,
95528 Carlotta,zcta,95528,Carlotta,40.4969858,-123.9308113,432527,,2024-10-31,10,0,Zillow ZIP-level market for Carlotta; mapped with Census 2020 ZCTA 95528 in Humboldt County.,,,,
95547 Hydesville,zcta,95547,Hydesville,40.5694635,-124.0775035,529419,,2024-10-31,10,0,Zillow ZIP-level market for Hydesville; mapped with Census 2020 ZCTA 95547 in Humboldt County.,,,,
95589 Whitethorn,zcta,95589,Whitethorn,40.061443,-123.979797,425605,,2024-10-31,10,0,Zillow ZIP-level market for Whitethorn; mapped with Census 2020 ZCTA 95589 in Humboldt County.,,,,
95573 nan,zcta,95573,nan,40.9149256,-123.6687235,363393,,2024-10-31,10,0,Zillow ZIP-level market for nan; mapped with Census 2020 ZCTA 95573 in Humboldt County.,,,,
95526 Bridgeville,zcta,95526,Bridgeville,40.4615284,-123.6764866,308975,,2024-10-31,10,0,Zillow ZIP-level market for Bridgeville; mapped with Census 2020 ZCTA 95526 in Humboldt County.,,,,
95553 Myers Flat,zcta,95553,Myers Flat,40.2311522,-123.8685969,427228,,2024-10-31,10,0,Zillow ZIP-level market for Myers Flat; mapped with Census 2020 ZCTA 95553 in Humboldt County.,,,,
95503 Eureka,zcta,95503,Eureka,40.7384033,-124.1078148,452798,,2024-11-30,10,0,Zillow ZIP-level market for Eureka; mapped with Census 2020 ZCTA 95503 in Humboldt County.,,,,
95501 Eureka,zcta,95501,Eureka,40.8020101,-124.1448237,421305,1372,2024-11-30,10,0,Zillow ZIP-level market for Eureka; mapped with Census 2020 ZCTA 95501 in Humboldt County.,,1372,Zillow ZORI,
95521 Arcata,zcta,95521,Arcata,40.8433563,-124.0453337,532641,,2024-11-30,10,0,Zillow ZIP-level market for Arcata; mapped with Census 2020 ZCTA 95521 in Humboldt County.,,,,
95519 McKinleyville,zcta,95519,McKinleyville,40.9630053,-124.0525012,524597,,2024-11-30,10,0,Zillow ZIP-level market for McKinleyville; mapped with Census 2020 ZCTA 95519 in Humboldt County.,,,,
95540 Fortuna,zcta,95540,Fortuna,40.5667868,-124.1259758,440935,,2024-11-30,10,0,Zillow ZIP-level market for Fortuna; mapped with Census 2020 ZCTA 95540 in Humboldt County.,,,,
95542 Redway,zcta,95542,Redway,40.0932543,-123.7598313,425443,,2024-11-30,10,0,Zillow ZIP-level market for Redway; mapped with Census 2020 ZCTA 95542 in Humboldt County.,,,,
95562 Scotia,zcta,95562,Scotia,40.4412005,-124.1004154,332441,,2024-11-30,10,0,Zillow ZIP-level market for Scotia; mapped with Census 2020 ZCTA 95562 in Humboldt County.,,,,
95551 Eureka,zcta,95551,Eureka,40.6749872,-124.231146,466148,,2024-11-30,10,0,Zillow ZIP-level market for Eureka; mapped with Census 2020 ZCTA 95551 in Humboldt County.,,,,
95536 Ferndale,zcta,95536,Ferndale,40.5012414,-124.2099284,532591,,2024-11-30,10,0,Zillow ZIP-level market for Ferndale; mapped with Census 2020 ZCTA 95536 in Humboldt County.,,,,
95570 Trinidad,zcta,95570,Trinidad,41.1137525,-124.0826397,662817,,2024-11-30,10,0,Zillow ZIP-level market for Trinidad; mapped with Census 2020 ZCTA 95570 in Humboldt County.,,,,
95549 Kneeland,zcta,95549,Kneeland,40.6666759,-123.9083825,664571,,2024-11-30,10,0,Zillow ZIP-level market for Kneeland; mapped with Census 2020 ZCTA 95549 in Humboldt County.,,,,
95524 Bayside,zcta,95524,Bayside,40.8208354,-124.0500216,648450,,2024-11-30,10,0,Zillow ZIP-level market for Bayside; mapped with Census 2020 ZCTA 95524 in Humboldt County.,,,,
95560 Redway,zcta,95560,Redway,40.1427275,-123.8388194,385412,,2024-11-30,10,0,Zillow ZIP-level market for Redway; mapped with Census 2020 ZCTA 95560 in Humboldt County.,,,,
95525 Blue Lake,zcta,95525,Blue Lake,40.9537818,-123.8244384,493229,,2024-11-30,10,0,Zillow ZIP-level market for Blue Lake; mapped with Census 2020 ZCTA 95525 in Humboldt County.,,,,
95528 Carlotta,zcta,95528,Carlotta,40.4969858,-123.9308113,426675,,2024-11-30,10,0,Zillow ZIP-level market for Carlotta; mapped with Census 2020 ZCTA 95528 in Humboldt County.,,,,
95547 Hydesville,zcta,95547,Hydesville,40.5694635,-124.0775035,525743,,2024-11-30,10,0,Zillow ZIP-level market for Hydesville; mapped with Census 2020 ZCTA 95547 in Humboldt County.,,,,
95589 Whitethorn,zcta,95589,Whitethorn,40.061443,-123.979797,420784,,2024-11-30,10,0,Zillow ZIP-level market for Whitethorn; mapped with Census 2020 ZCTA 95589 in Humboldt County.,,,,
95573 nan,zcta,95573,nan,40.9149256,-123.6687235,355964,,2024-11-30,10,0,Zillow ZIP-level market for nan; mapped with Census 2020 ZCTA 95573 in Humboldt County.,,,,
95526 Bridgeville,zcta,95526,Bridgeville,40.4615284,-123.6764866,299775,,2024-11-30,10,0,Zillow ZIP-level market for Bridgeville; mapped with Census 2020 ZCTA 95526 in Humboldt County.,,,,
95553 Myers Flat,zcta,95553,Myers Flat,40.2311522,-123.8685969,419706,,2024-11-30,10,0,Zillow ZIP-level market for Myers Flat; mapped with Census 2020 ZCTA 95553 in Humboldt County.,,,,
95503 Eureka,zcta,95503,Eureka,40.7384033,-124.1078148,451856,,2024-12-31,10,0,Zillow ZIP-level market for Eureka; mapped with Census 2020 ZCTA 95503 in Humboldt County.,,,,
95501 Eureka,zcta,95501,Eureka,40.8020101,-124.1448237,418487,1368,2024-12-31,10,0,Zillow ZIP-level market for Eureka; mapped with Census 2020 ZCTA 95501 in Humboldt County.,,1368,Zillow ZORI,
95521 Arcata,zcta,95521,Arcata,40.8433563,-124.0453337,526831,,2024-12-31,10,0,Zillow ZIP-level market for Arcata; mapped with Census 2020 ZCTA 95521 in Humboldt County.,,,,
95519 McKinleyville,zcta,95519,McKinleyville,40.9630053,-124.0525012,520864,,2024-12-31,10,0,Zillow ZIP-level market for McKinleyville; mapped with Census 2020 ZCTA 95519 in Humboldt County.,,,,
95540 Fortuna,zcta,95540,Fortuna,40.5667868,-124.1259758,439784,,2024-12-31,10,0,Zillow ZIP-level market for Fortuna; mapped with Census 2020 ZCTA 95540 in Humboldt County.,,,,
95542 Redway,zcta,95542,Redway,40.0932543,-123.7598313,417276,,2024-12-31,10,0,Zillow ZIP-level market for Redway; mapped with Census 2020 ZCTA 95542 in Humboldt County.,,,,
95562 Scotia,zcta,95562,Scotia,40.4412005,-124.1004154,330343,,2024-12-31,10,0,Zillow ZIP-level market for Scotia; mapped with Census 2020 ZCTA 95562 in Humboldt County.,,,,
95551 Eureka,zcta,95551,Eureka,40.6749872,-124.231146,462942,,2024-12-31,10,0,Zillow ZIP-level market for Eureka; mapped with Census 2020 ZCTA 95551 in Humboldt County.,,,,
95536 Ferndale,zcta,95536,Ferndale,40.5012414,-124.2099284,529414,,2024-12-31,10,0,Zillow ZIP-level market for Ferndale; mapped with Census 2020 ZCTA 95536 in Humboldt County.,,,,
95570 Trinidad,zcta,95570,Trinidad,41.1137525,-124.0826397,652626,,2024-12-31,10,0,Zillow ZIP-level market for Trinidad; mapped with Census 2020 ZCTA 95570 in Humboldt County.,,,,
95549 Kneeland,zcta,95549,Kneeland,40.6666759,-123.9083825,650312,,2024-12-31,10,0,Zillow ZIP-level market for Kneeland; mapped with Census 2020 ZCTA 95549 in Humboldt County.,,,,
95524 Bayside,zcta,95524,Bayside,40.8208354,-124.0500216,641194,,2024-12-31,10,0,Zillow ZIP-level market for Bayside; mapped with Census 2020 ZCTA 95524 in Humboldt County.,,,,
95560 Redway,zcta,95560,Redway,40.1427275,-123.8388194,376634,,2024-12-31,10,0,Zillow ZIP-level market for Redway; mapped with Census 2020 ZCTA 95560 in Humboldt County.,,,,
95525 Blue Lake,zcta,95525,Blue Lake,40.9537818,-123.8244384,487985,,2024-12-31,10,0,Zillow ZIP-level market for Blue Lake; mapped with Census 2020 ZCTA 95525 in Humboldt County.,,,,
95528 Carlotta,zcta,95528,Carlotta,40.4969858,-123.9308113,419131,,2024-12-31,10,0,Zillow ZIP-level market for Carlotta; mapped with Census 2020 ZCTA 95528 in Humboldt County.,,,,
95547 Hydesville,zcta,95547,Hydesville,40.5694635,-124.0775035,521422,,2024-12-31,10,0,Zillow ZIP-level market for Hydesville; mapped with Census 2020 ZCTA 95547 in Humboldt County.,,,,
95589 Whitethorn,zcta,95589,Whitethorn,40.061443,-123.979797,414766,,2024-12-31,10,0,Zillow ZIP-level market for Whitethorn; mapped with Census 2020 ZCTA 95589 in Humboldt County.,,,,
95573 nan,zcta,95573,nan,40.9149256,-123.6687235,349668,,2024-12-31,10,0,Zillow ZIP-level market for nan; mapped with Census 2020 ZCTA 95573 in Humboldt County.,,,,
95526 Bridgeville,zcta,95526,Bridgeville,40.4615284,-123.6764866,291851,,2024-12-31,10,0,Zillow ZIP-level market for Bridgeville; mapped with Census 2020 ZCTA 95526 in Humboldt County.,,,,
95553 Myers Flat,zcta,95553,Myers Flat,40.2311522,-123.8685969,411555,,2024-12-31,10,0,Zillow ZIP-level market for Myers Flat; mapped with Census 2020 ZCTA 95553 in Humboldt County.,,,,
95503 Eureka,zcta,95503,Eureka,40.7384033,-124.1078148,450687,,2025-01-31,10,0,Zillow ZIP-level market for Eureka; mapped with Census 2020 ZCTA 95503 in Humboldt County.,,,,
95501 Eureka,zcta,95501,Eureka,40.8020101,-124.1448237,415939,1396,2025-01-31,10,0,Zillow ZIP-level market for Eureka; mapped with Census 2020 ZCTA 95501 in Humboldt County.,,1396,Zillow ZORI,
95521 Arcata,zcta,95521,Arcata,40.8433563,-124.0453337,521113,,2025-01-31,10,0,Zillow ZIP-level market for Arcata; mapped with Census 2020 ZCTA 95521 in Humboldt County.,,,,
95519 McKinleyville,zcta,95519,McKinleyville,40.9630053,-124.0525012,517221,,2025-01-31,10,0,Zillow ZIP-level market for McKinleyville; mapped with Census 2020 ZCTA 95519 in Humboldt County.,,,,
95540 Fortuna,zcta,95540,Fortuna,40.5667868,-124.1259758,438253,,2025-01-31,10,0,Zillow ZIP-level market for Fortuna; mapped with Census 2020 ZCTA 95540 in Humboldt County.,,,,
95542 Redway,zcta,95542,Redway,40.0932543,-123.7598313,408924,,2025-01-31,10,0,Zillow ZIP-level market for Redway; mapped with Census 2020 ZCTA 95542 in Humboldt County.,,,,
95562 Scotia,zcta,95562,Scotia,40.4412005,-124.1004154,327129,,2025-01-31,10,0,Zillow ZIP-level market for Scotia; mapped with Census 2020 ZCTA 95562 in Humboldt County.,,,,
95551 Eureka,zcta,95551,Eureka,40.6749872,-124.231146,460899,,2025-01-31,10,0,Zillow ZIP-level market for Eureka; mapped with Census 2020 ZCTA 95551 in Humboldt County.,,,,
95536 Ferndale,zcta,95536,Ferndale,40.5012414,-124.2099284,525536,,2025-01-31,10,0,Zillow ZIP-level market for Ferndale; mapped with Census 2020 ZCTA 95536 in Humboldt County.,,,,
95570 Trinidad,zcta,95570,Trinidad,41.1137525,-124.0826397,642832,,2025-01-31,10,0,Zillow ZIP-level market for Trinidad; mapped with Census 2020 ZCTA 95570 in Humboldt County.,,,,
95549 Kneeland,zcta,95549,Kneeland,40.6666759,-123.9083825,637671,,2025-01-31,10,0,Zillow ZIP-level market for Kneeland; mapped with Census 2020 ZCTA 95549 in Humboldt County.,,,,
95524 Bayside,zcta,95524,Bayside,40.8208354,-124.0500216,635015,,2025-01-31,10,0,Zillow ZIP-level market for Bayside; mapped with Census 2020 ZCTA 95524 in Humboldt County.,,,,
95560 Redway,zcta,95560,Redway,40.1427275,-123.8388194,366558,,2025-01-31,10,0,Zillow ZIP-level market for Redway; mapped with Census 2020 ZCTA 95560 in Humboldt County.,,,,
95525 Blue Lake,zcta,95525,Blue Lake,40.9537818,-123.8244384,483072,,2025-01-31,10,0,Zillow ZIP-level market for Blue Lake; mapped with Census 2020 ZCTA 95525 in Humboldt County.,,,,
95528 Carlotta,zcta,95528,Carlotta,40.4969858,-123.9308113,412096,,2025-01-31,10,0,Zillow ZIP-level market for Carlotta; mapped with Census 2020 ZCTA 95528 in Humboldt County.,,,,
95547 Hydesville,zcta,95547,Hydesville,40.5694635,-124.0775035,517569,,2025-01-31,10,0,Zillow ZIP-level market for Hydesville; mapped with Census 2020 ZCTA 95547 in Humboldt County.,,,,
95589 Whitethorn,zcta,95589,Whitethorn,40.061443,-123.979797,408203,,2025-01-31,10,0,Zillow ZIP-level market for Whitethorn; mapped with Census 2020 ZCTA 95589 in Humboldt County.,,,,
95573 nan,zcta,95573,nan,40.9149256,-123.6687235,345501,,2025-01-31,10,0,Zillow ZIP-level market for nan; mapped with Census 2020 ZCTA 95573 in Humboldt County.,,,,
95526 Bridgeville,zcta,95526,Bridgeville,40.4615284,-123.6764866,284736,,2025-01-31,10,0,Zillow ZIP-level market for Bridgeville; mapped with Census 2020 ZCTA 95526 in Humboldt County.,,,,
95553 Myers Flat,zcta,95553,Myers Flat,40.2311522,-123.8685969,404463,,2025-01-31,10,0,Zillow ZIP-level market for Myers Flat; mapped with Census 2020 ZCTA 95553 in Humboldt County.,,,,
95503 Eureka,zcta,95503,Eureka,40.7384033,-124.1078148,449856,,2025-02-28,10,0,Zillow ZIP-level market for Eureka; mapped with Census 2020 ZCTA 95503 in Humboldt County.,,,,
95501 Eureka,zcta,95501,Eureka,40.8020101,-124.1448237,413911,1400,2025-02-28,10,0,Zillow ZIP-level market for Eureka; mapped with Census 2020 ZCTA 95501 in Humboldt County.,,1400,Zillow ZORI,
95521 Arcata,zcta,95521,Arcata,40.8433563,-124.0453337,517049,,2025-02-28,10,0,Zillow ZIP-level market for Arcata; mapped with Census 2020 ZCTA 95521 in Humboldt County.,,,,
95519 McKinleyville,zcta,95519,McKinleyville,40.9630053,-124.0525012,514415,,2025-02-28,10,0,Zillow ZIP-level market for McKinleyville; mapped with Census 2020 ZCTA 95519 in Humboldt County.,,,,
95540 Fortuna,zcta,95540,Fortuna,40.5667868,-124.1259758,437152,,2025-02-28,10,0,Zillow ZIP-level market for Fortuna; mapped with Census 2020 ZCTA 95540 in Humboldt County.,,,,
95542 Redway,zcta,95542,Redway,40.0932543,-123.7598313,402126,,2025-02-28,10,0,Zillow ZIP-level market for Redway; mapped with Census 2020 ZCTA 95542 in Humboldt County.,,,,
95562 Scotia,zcta,95562,Scotia,40.4412005,-124.1004154,323764,,2025-02-28,10,0,Zillow ZIP-level market for Scotia; mapped with Census 2020 ZCTA 95562 in Humboldt County.,,,,
95551 Eureka,zcta,95551,Eureka,40.6749872,-124.231146,459926,,2025-02-28,10,0,Zillow ZIP-level market for Eureka; mapped with Census 2020 ZCTA 95551 in Humboldt County.,,,,
95536 Ferndale,zcta,95536,Ferndale,40.5012414,-124.2099284,522202,,2025-02-28,10,0,Zillow ZIP-level market for Ferndale; mapped with Census 2020 ZCTA 95536 in Humboldt County.,,,,
95570 Trinidad,zcta,95570,Trinidad,41.1137525,-124.0826397,638074,,2025-02-28,10,0,Zillow ZIP-level market for Trinidad; mapped with Census 2020 ZCTA 95570 in Humboldt County.,,,,
95549 Kneeland,zcta,95549,Kneeland,40.6666759,-123.9083825,631167,,2025-02-28,10,0,Zillow ZIP-level market for Kneeland; mapped with Census 2020 ZCTA 95549 in Humboldt County.,,,,
95524 Bayside,zcta,95524,Bayside,40.8208354,-124.0500216,631438,,2025-02-28,10,0,Zillow ZIP-level market for Bayside; mapped with Census 2020 ZCTA 95524 in Humboldt County.,,,,
95560 Redway,zcta,95560,Redway,40.1427275,-123.8388194,359019,,2025-02-28,10,0,Zillow ZIP-level market for Redway; mapped with Census 2020 ZCTA 95560 in Humboldt County.,,,,
95525 Blue Lake,zcta,95525,Blue Lake,40.9537818,-123.8244384,479638,,2025-02-28,10,0,Zillow ZIP-level market for Blue Lake; mapped with Census 2020 ZCTA 95525 in Humboldt County.,,,,
95528 Carlotta,zcta,95528,Carlotta,40.4969858,-123.9308113,406288,,2025-02-28,10,0,Zillow ZIP-level market for Carlotta; mapped with Census 2020 ZCTA 95528 in Humboldt County.,,,,
95547 Hydesville,zcta,95547,Hydesville,40.5694635,-124.0775035,515442,,2025-02-28,10,0,Zillow ZIP-level market for Hydesville; mapped with Census 2020 ZCTA 95547 in Humboldt County.,,,,
95589 Whitethorn,zcta,95589,Whitethorn,40.061443,-123.979797,404365,,2025-02-28,10,0,Zillow ZIP-level market for Whitethorn; mapped with Census 2020 ZCTA 95589 in Humboldt County.,,,,
95573 nan,zcta,95573,nan,40.9149256,-123.6687235,344454,,2025-02-28,10,0,Zillow ZIP-level market for nan; mapped with Census 2020 ZCTA 95573 in Humboldt County.,,,,
95526 Bridgeville,zcta,95526,Bridgeville,40.4615284,-123.6764866,279942,,2025-02-28,10,0,Zillow ZIP-level market for Bridgeville; mapped with Census 2020 ZCTA 95526 in Humboldt County.,,,,
95553 Myers Flat,zcta,95553,Myers Flat,40.2311522,-123.8685969,400327,,2025-02-28,10,0,Zillow ZIP-level market for Myers Flat; mapped with Census 2020 ZCTA 95553 in Humboldt County.,,,,
95503 Eureka,zcta,95503,Eureka,40.7384033,-124.1078148,447415,,2025-03-31,10,0,Zillow ZIP-level market for Eureka; mapped with Census 2020 ZCTA 95503 in Humboldt County.,,,,
95501 Eureka,zcta,95501,Eureka,40.8020101,-124.1448237,411215,1386,2025-03-31,10,0,Zillow ZIP-level market for Eureka; mapped with Census 2020 ZCTA 95501 in Humboldt County.,,1386,Zillow ZORI,
95521 Arcata,zcta,95521,Arcata,40.8433563,-124.0453337,513171,1490,2025-03-31,10,0,Zillow ZIP-level market for Arcata; mapped with Census 2020 ZCTA 95521 in Humboldt County.,,1490,Zillow ZORI,
95519 McKinleyville,zcta,95519,McKinleyville,40.9630053,-124.0525012,511320,,2025-03-31,10,0,Zillow ZIP-level market for McKinleyville; mapped with Census 2020 ZCTA 95519 in Humboldt County.,,,,
95540 Fortuna,zcta,95540,Fortuna,40.5667868,-124.1259758,435226,,2025-03-31,10,0,Zillow ZIP-level market for Fortuna; mapped with Census 2020 ZCTA 95540 in Humboldt County.,,,,
95542 Redway,zcta,95542,Redway,40.0932543,-123.7598313,394759,,2025-03-31,10,0,Zillow ZIP-level market for Redway; mapped with Census 2020 ZCTA 95542 in Humboldt County.,,,,
95562 Scotia,zcta,95562,Scotia,40.4412005,-124.1004154,318148,,2025-03-31,10,0,Zillow ZIP-level market for Scotia; mapped with Census 2020 ZCTA 95562 in Humboldt County.,,,,
95551 Eureka,zcta,95551,Eureka,40.6749872,-124.231146,457985,,2025-03-31,10,0,Zillow ZIP-level market for Eureka; mapped with Census 2020 ZCTA 95551 in Humboldt County.,,,,
95536 Ferndale,zcta,95536,Ferndale,40.5012414,-124.2099284,516571,,2025-03-31,10,0,Zillow ZIP-level market for Ferndale; mapped with Census 2020 ZCTA 95536 in Humboldt County.,,,,
95570 Trinidad,zcta,95570,Trinidad,41.1137525,-124.0826397,634047,,2025-03-31,10,0,Zillow ZIP-level market for Trinidad; mapped with Census 2020 ZCTA 95570 in Humboldt County.,,,,
95549 Kneeland,zcta,95549,Kneeland,40.6666759,-123.9083825,625646,,2025-03-31,10,0,Zillow ZIP-level market for Kneeland; mapped with Census 2020 ZCTA 95549 in Humboldt County.,,,,
95524 Bayside,zcta,95524,Bayside,40.8208354,-124.0500216,627411,,2025-03-31,10,0,Zillow ZIP-level market for Bayside; mapped with Census 2020 ZCTA 95524 in Humboldt County.,,,,
95560 Redway,zcta,95560,Redway,40.1427275,-123.8388194,352513,,2025-03-31,10,0,Zillow ZIP-level market for Redway; mapped with Census 2020 ZCTA 95560 in Humboldt County.,,,,
95525 Blue Lake,zcta,95525,Blue Lake,40.9537818,-123.8244384,473901,,2025-03-31,10,0,Zillow ZIP-level market for Blue Lake; mapped with Census 2020 ZCTA 95525 in Humboldt County.,,,,
95528 Carlotta,zcta,95528,Carlotta,40.4969858,-123.9308113,398999,,2025-03-31,10,0,Zillow ZIP-level market for Carlotta; mapped with Census 2020 ZCTA 95528 in Humboldt County.,,,,
95547 Hydesville,zcta,95547,Hydesville,40.5694635,-124.0775035,511387,,2025-03-31,10,0,Zillow ZIP-level market for Hydesville; mapped with Census 2020 ZCTA 95547 in Humboldt County.,,,,
95589 Whitethorn,zcta,95589,Whitethorn,40.061443,-123.979797,400996,,2025-03-31,10,0,Zillow ZIP-level market for Whitethorn; mapped with Census 2020 ZCTA 95589 in Humboldt County.,,,,
95573 nan,zcta,95573,nan,40.9149256,-123.6687235,341857,,2025-03-31,10,0,Zillow ZIP-level market for nan; mapped with Census 2020 ZCTA 95573 in Humboldt County.,,,,
95526 Bridgeville,zcta,95526,Bridgeville,40.4615284,-123.6764866,274595,,2025-03-31,10,0,Zillow ZIP-level market for Bridgeville; mapped with Census 2020 ZCTA 95526 in Humboldt County.,,,,
95553 Myers Flat,zcta,95553,Myers Flat,40.2311522,-123.8685969,395630,,2025-03-31,10,0,Zillow ZIP-level market for Myers Flat; mapped with Census 2020 ZCTA 95553 in Humboldt County.,,,,
95503 Eureka,zcta,95503,Eureka,40.7384033,-124.1078148,444823,,2025-04-30,10,0,Zillow ZIP-level market for Eureka; mapped with Census 2020 ZCTA 95503 in Humboldt County.,,,,
95501 Eureka,zcta,95501,Eureka,40.8020101,-124.1448237,409228,1395,2025-04-30,10,0,Zillow ZIP-level market for Eureka; mapped with Census 2020 ZCTA 95501 in Humboldt County.,,1395,Zillow ZORI,
95521 Arcata,zcta,95521,Arcata,40.8433563,-124.0453337,511236,1500,2025-04-30,10,0,Zillow ZIP-level market for Arcata; mapped with Census 2020 ZCTA 95521 in Humboldt County.,,1500,Zillow ZORI,
95519 McKinleyville,zcta,95519,McKinleyville,40.9630053,-124.0525012,508924,1600,2025-04-30,10,0,Zillow ZIP-level market for McKinleyville; mapped with Census 2020 ZCTA 95519 in Humboldt County.,,1600,Zillow ZORI,
95540 Fortuna,zcta,95540,Fortuna,40.5667868,-124.1259758,433645,,2025-04-30,10,0,Zillow ZIP-level market for Fortuna; mapped with Census 2020 ZCTA 95540 in Humboldt County.,,,,
95542 Redway,zcta,95542,Redway,40.0932543,-123.7598313,388625,,2025-04-30,10,0,Zillow ZIP-level market for Redway; mapped with Census 2020 ZCTA 95542 in Humboldt County.,,,,
95562 Scotia,zcta,95562,Scotia,40.4412005,-124.1004154,314839,,2025-04-30,10,0,Zillow ZIP-level market for Scotia; mapped with Census 2020 ZCTA 95562 in Humboldt County.,,,,
95551 Eureka,zcta,95551,Eureka,40.6749872,-124.231146,455636,,2025-04-30,10,0,Zillow ZIP-level market for Eureka; mapped with Census 2020 ZCTA 95551 in Humboldt County.,,,,
95536 Ferndale,zcta,95536,Ferndale,40.5012414,-124.2099284,510640,,2025-04-30,10,0,Zillow ZIP-level market for Ferndale; mapped with Census 2020 ZCTA 95536 in Humboldt County.,,,,
95570 Trinidad,zcta,95570,Trinidad,41.1137525,-124.0826397,633627,,2025-04-30,10,0,Zillow ZIP-level market for Trinidad; mapped with Census 2020 ZCTA 95570 in Humboldt County.,,,,
95549 Kneeland,zcta,95549,Kneeland,40.6666759,-123.9083825,620591,,2025-04-30,10,0,Zillow ZIP-level market for Kneeland; mapped with Census 2020 ZCTA 95549 in Humboldt County.,,,,
95524 Bayside,zcta,95524,Bayside,40.8208354,-124.0500216,624299,,2025-04-30,10,0,Zillow ZIP-level market for Bayside; mapped with Census 2020 ZCTA 95524 in Humboldt County.,,,,
95560 Redway,zcta,95560,Redway,40.1427275,-123.8388194,349244,,2025-04-30,10,0,Zillow ZIP-level market for Redway; mapped with Census 2020 ZCTA 95560 in Humboldt County.,,,,
95525 Blue Lake,zcta,95525,Blue Lake,40.9537818,-123.8244384,469097,,2025-04-30,10,0,Zillow ZIP-level market for Blue Lake; mapped with Census 2020 ZCTA 95525 in Humboldt County.,,,,
95528 Carlotta,zcta,95528,Carlotta,40.4969858,-123.9308113,393301,,2025-04-30,10,0,Zillow ZIP-level market for Carlotta; mapped with Census 2020 ZCTA 95528 in Humboldt County.,,,,
95547 Hydesville,zcta,95547,Hydesville,40.5694635,-124.0775035,507484,,2025-04-30,10,0,Zillow ZIP-level market for Hydesville; mapped with Census 2020 ZCTA 95547 in Humboldt County.,,,,
95589 Whitethorn,zcta,95589,Whitethorn,40.061443,-123.979797,399010,,2025-04-30,10,0,Zillow ZIP-level market for Whitethorn; mapped with Census 2020 ZCTA 95589 in Humboldt County.,,,,
95573 nan,zcta,95573,nan,40.9149256,-123.6687235,339231,,2025-04-30,10,0,Zillow ZIP-level market for nan; mapped with Census 2020 ZCTA 95573 in Humboldt County.,,,,
95526 Bridgeville,zcta,95526,Bridgeville,40.4615284,-123.6764866,270669,,2025-04-30,10,0,Zillow ZIP-level market for Bridgeville; mapped with Census 2020 ZCTA 95526 in Humboldt County.,,,,
95553 Myers Flat,zcta,95553,Myers Flat,40.2311522,-123.8685969,390769,,2025-04-30,10,0,Zillow ZIP-level market for Myers Flat; mapped with Census 2020 ZCTA 95553 in Humboldt County.,,,,
95503 Eureka,zcta,95503,Eureka,40.7384033,-124.1078148,440709,,2025-05-31,10,0,Zillow ZIP-level market for Eureka; mapped with Census 2020 ZCTA 95503 in Humboldt County.,,,,
95501 Eureka,zcta,95501,Eureka,40.8020101,-124.1448237,406270,1415,2025-05-31,10,0,Zillow ZIP-level market for Eureka; mapped with Census 2020 ZCTA 95501 in Humboldt County.,,1415,Zillow ZORI,
95521 Arcata,zcta,95521,Arcata,40.8433563,-124.0453337,508280,1512,2025-05-31,10,0,Zillow ZIP-level market for Arcata; mapped with Census 2020 ZCTA 95521 in Humboldt County.,,1512,Zillow ZORI,
95519 McKinleyville,zcta,95519,McKinleyville,40.9630053,-124.0525012,505546,1596,2025-05-31,10,0,Zillow ZIP-level market for McKinleyville; mapped with Census 2020 ZCTA 95519 in Humboldt County.,,1596,Zillow ZORI,
95540 Fortuna,zcta,95540,Fortuna,40.5667868,-124.1259758,431513,,2025-05-31,10,0,Zillow ZIP-level market for Fortuna; mapped with Census 2020 ZCTA 95540 in Humboldt County.,,,,
95542 Redway,zcta,95542,Redway,40.0932543,-123.7598313,381666,,2025-05-31,10,0,Zillow ZIP-level market for Redway; mapped with Census 2020 ZCTA 95542 in Humboldt County.,,,,
95562 Scotia,zcta,95562,Scotia,40.4412005,-124.1004154,311549,,2025-05-31,10,0,Zillow ZIP-level market for Scotia; mapped with Census 2020 ZCTA 95562 in Humboldt County.,,,,
95551 Eureka,zcta,95551,Eureka,40.6749872,-124.231146,452047,,2025-05-31,10,0,Zillow ZIP-level market for Eureka; mapped with Census 2020 ZCTA 95551 in Humboldt County.,,,,
95536 Ferndale,zcta,95536,Ferndale,40.5012414,-124.2099284,504206,,2025-05-31,10,0,Zillow ZIP-level market for Ferndale; mapped with Census 2020 ZCTA 95536 in Humboldt County.,,,,
95570 Trinidad,zcta,95570,Trinidad,41.1137525,-124.0826397,630221,,2025-05-31,10,0,Zillow ZIP-level market for Trinidad; mapped with Census 2020 ZCTA 95570 in Humboldt County.,,,,
95549 Kneeland,zcta,95549,Kneeland,40.6666759,-123.9083825,612159,,2025-05-31,10,0,Zillow ZIP-level market for Kneeland; mapped with Census 2020 ZCTA 95549 in Humboldt County.,,,,
95524 Bayside,zcta,95524,Bayside,40.8208354,-124.0500216,618650,,2025-05-31,10,0,Zillow ZIP-level market for Bayside; mapped with Census 2020 ZCTA 95524 in Humboldt County.,,,,
95560 Redway,zcta,95560,Redway,40.1427275,-123.8388194,344767,,2025-05-31,10,0,Zillow ZIP-level market for Redway; mapped with Census 2020 ZCTA 95560 in Humboldt County.,,,,
95525 Blue Lake,zcta,95525,Blue Lake,40.9537818,-123.8244384,462329,,2025-05-31,10,0,Zillow ZIP-level market for Blue Lake; mapped with Census 2020 ZCTA 95525 in Humboldt County.,,,,
95528 Carlotta,zcta,95528,Carlotta,40.4969858,-123.9308113,388361,,2025-05-31,10,0,Zillow ZIP-level market for Carlotta; mapped with Census 2020 ZCTA 95528 in Humboldt County.,,,,
95547 Hydesville,zcta,95547,Hydesville,40.5694635,-124.0775035,501809,,2025-05-31,10,0,Zillow ZIP-level market for Hydesville; mapped with Census 2020 ZCTA 95547 in Humboldt County.,,,,
95589 Whitethorn,zcta,95589,Whitethorn,40.061443,-123.979797,396032,,2025-05-31,10,0,Zillow ZIP-level market for Whitethorn; mapped with Census 2020 ZCTA 95589 in Humboldt County.,,,,
95573 nan,zcta,95573,nan,40.9149256,-123.6687235,333889,,2025-05-31,10,0,Zillow ZIP-level market for nan; mapped with Census 2020 ZCTA 95573 in Humboldt County.,,,,
95526 Bridgeville,zcta,95526,Bridgeville,40.4615284,-123.6764866,266542,,2025-05-31,10,0,Zillow ZIP-level market for Bridgeville; mapped with Census 2020 ZCTA 95526 in Humboldt County.,,,,
95553 Myers Flat,zcta,95553,Myers Flat,40.2311522,-123.8685969,383990,,2025-05-31,10,0,Zillow ZIP-level market for Myers Flat; mapped with Census 2020 ZCTA 95553 in Humboldt County.,,,,
95503 Eureka,zcta,95503,Eureka,40.7384033,-124.1078148,436993,,2025-06-30,10,0,Zillow ZIP-level market for Eureka; mapped with Census 2020 ZCTA 95503 in Humboldt County.,,,,
95501 Eureka,zcta,95501,Eureka,40.8020101,-124.1448237,403388,1452,2025-06-30,10,0,Zillow ZIP-level market for Eureka; mapped with Census 2020 ZCTA 95501 in Humboldt County.,,1452,Zillow ZORI,
95521 Arcata,zcta,95521,Arcata,40.8433563,-124.0453337,504764,1509,2025-06-30,10,0,Zillow ZIP-level market for Arcata; mapped with Census 2020 ZCTA 95521 in Humboldt County.,,1509,Zillow ZORI,
95519 McKinleyville,zcta,95519,McKinleyville,40.9630053,-124.0525012,501529,1600,2025-06-30,10,0,Zillow ZIP-level market for McKinleyville; mapped with Census 2020 ZCTA 95519 in Humboldt County.,,1600,Zillow ZORI,
95540 Fortuna,zcta,95540,Fortuna,40.5667868,-124.1259758,429948,,2025-06-30,10,0,Zillow ZIP-level market for Fortuna; mapped with Census 2020 ZCTA 95540 in Humboldt County.,,,,
95542 Redway,zcta,95542,Redway,40.0932543,-123.7598313,374676,,2025-06-30,10,0,Zillow ZIP-level market for Redway; mapped with Census 2020 ZCTA 95542 in Humboldt County.,,,,
95562 Scotia,zcta,95562,Scotia,40.4412005,-124.1004154,308935,,2025-06-30,10,0,Zillow ZIP-level market for Scotia; mapped with Census 2020 ZCTA 95562 in Humboldt County.,,,,
95551 Eureka,zcta,95551,Eureka,40.6749872,-124.231146,448520,,2025-06-30,10,0,Zillow ZIP-level market for Eureka; mapped with Census 2020 ZCTA 95551 in Humboldt County.,,,,
95536 Ferndale,zcta,95536,Ferndale,40.5012414,-124.2099284,498298,,2025-06-30,10,0,Zillow ZIP-level market for Ferndale; mapped with Census 2020 ZCTA 95536 in Humboldt County.,,,,
95570 Trinidad,zcta,95570,Trinidad,41.1137525,-124.0826397,623808,,2025-06-30,10,0,Zillow ZIP-level market for Trinidad; mapped with Census 2020 ZCTA 95570 in Humboldt County.,,,,
95549 Kneeland,zcta,95549,Kneeland,40.6666759,-123.9083825,600888,,2025-06-30,10,0,Zillow ZIP-level market for Kneeland; mapped with Census 2020 ZCTA 95549 in Humboldt County.,,,,
95524 Bayside,zcta,95524,Bayside,40.8208354,-124.0500216,612059,,2025-06-30,10,0,Zillow ZIP-level market for Bayside; mapped with Census 2020 ZCTA 95524 in Humboldt County.,,,,
95560 Redway,zcta,95560,Redway,40.1427275,-123.8388194,339331,,2025-06-30,10,0,Zillow ZIP-level market for Redway; mapped with Census 2020 ZCTA 95560 in Humboldt County.,,,,
95525 Blue Lake,zcta,95525,Blue Lake,40.9537818,-123.8244384,456988,,2025-06-30,10,0,Zillow ZIP-level market for Blue Lake; mapped with Census 2020 ZCTA 95525 in Humboldt County.,,,,
95528 Carlotta,zcta,95528,Carlotta,40.4969858,-123.9308113,384787,,2025-06-30,10,0,Zillow ZIP-level market for Carlotta; mapped with Census 2020 ZCTA 95528 in Humboldt County.,,,,
95547 Hydesville,zcta,95547,Hydesville,40.5694635,-124.0775035,498022,,2025-06-30,10,0,Zillow ZIP-level market for Hydesville; mapped with Census 2020 ZCTA 95547 in Humboldt County.,,,,
95589 Whitethorn,zcta,95589,Whitethorn,40.061443,-123.979797,392225,,2025-06-30,10,0,Zillow ZIP-level market for Whitethorn; mapped with Census 2020 ZCTA 95589 in Humboldt County.,,,,
95573 nan,zcta,95573,nan,40.9149256,-123.6687235,329704,,2025-06-30,10,0,Zillow ZIP-level market for nan; mapped with Census 2020 ZCTA 95573 in Humboldt County.,,,,
95526 Bridgeville,zcta,95526,Bridgeville,40.4615284,-123.6764866,262736,,2025-06-30,10,0,Zillow ZIP-level market for Bridgeville; mapped with Census 2020 ZCTA 95526 in Humboldt County.,,,,
95553 Myers Flat,zcta,95553,Myers Flat,40.2311522,-123.8685969,377642,,2025-06-30,10,0,Zillow ZIP-level market for Myers Flat; mapped with Census 2020 ZCTA 95553 in Humboldt County.,,,,
95503 Eureka,zcta,95503,Eureka,40.7384033,-124.1078148,433536,,2025-07-31,10,0,Zillow ZIP-level market for Eureka; mapped with Census 2020 ZCTA 95503 in Humboldt County.,,,,
95501 Eureka,zcta,95501,Eureka,40.8020101,-124.1448237,400251,1440,2025-07-31,10,0,Zillow ZIP-level market for Eureka; mapped with Census 2020 ZCTA 95501 in Humboldt County.,,1440,Zillow ZORI,
95521 Arcata,zcta,95521,Arcata,40.8433563,-124.0453337,500059,1543,2025-07-31,10,0,Zillow ZIP-level market for Arcata; mapped with Census 2020 ZCTA 95521 in Humboldt County.,,1543,Zillow ZORI,
95519 McKinleyville,zcta,95519,McKinleyville,40.9630053,-124.0525012,497060,1608,2025-07-31,10,0,Zillow ZIP-level market for McKinleyville; mapped with Census 2020 ZCTA 95519 in Humboldt County.,,1608,Zillow ZORI,
95540 Fortuna,zcta,95540,Fortuna,40.5667868,-124.1259758,428572,,2025-07-31,10,0,Zillow ZIP-level market for Fortuna; mapped with Census 2020 ZCTA 95540 in Humboldt County.,,,,
95542 Redway,zcta,95542,Redway,40.0932543,-123.7598313,367896,,2025-07-31,10,0,Zillow ZIP-level market for Redway; mapped with Census 2020 ZCTA 95542 in Humboldt County.,,,,
95562 Scotia,zcta,95562,Scotia,40.4412005,-124.1004154,306511,,2025-07-31,10,0,Zillow ZIP-level market for Scotia; mapped with Census 2020 ZCTA 95562 in Humboldt County.,,,,
95551 Eureka,zcta,95551,Eureka,40.6749872,-124.231146,444610,,2025-07-31,10,0,Zillow ZIP-level market for Eureka; mapped with Census 2020 ZCTA 95551 in Humboldt County.,,,,
95536 Ferndale,zcta,95536,Ferndale,40.5012414,-124.2099284,493668,,2025-07-31,10,0,Zillow ZIP-level market for Ferndale; mapped with Census 2020 ZCTA 95536 in Humboldt County.,,,,
95570 Trinidad,zcta,95570,Trinidad,41.1137525,-124.0826397,613996,,2025-07-31,10,0,Zillow ZIP-level market for Trinidad; mapped with Census 2020 ZCTA 95570 in Humboldt County.,,,,
95549 Kneeland,zcta,95549,Kneeland,40.6666759,-123.9083825,589716,,2025-07-31,10,0,Zillow ZIP-level market for Kneeland; mapped with Census 2020 ZCTA 95549 in Humboldt County.,,,,
95524 Bayside,zcta,95524,Bayside,40.8208354,-124.0500216,605364,,2025-07-31,10,0,Zillow ZIP-level market for Bayside; mapped with Census 2020 ZCTA 95524 in Humboldt County.,,,,
95560 Redway,zcta,95560,Redway,40.1427275,-123.8388194,332841,,2025-07-31,10,0,Zillow ZIP-level market for Redway; mapped with Census 2020 ZCTA 95560 in Humboldt County.,,,,
95525 Blue Lake,zcta,95525,Blue Lake,40.9537818,-123.8244384,452169,,2025-07-31,10,0,Zillow ZIP-level market for Blue Lake; mapped with Census 2020 ZCTA 95525 in Humboldt County.,,,,
95528 Carlotta,zcta,95528,Carlotta,40.4969858,-123.9308113,381519,,2025-07-31,10,0,Zillow ZIP-level market for Carlotta; mapped with Census 2020 ZCTA 95528 in Humboldt County.,,,,
95547 Hydesville,zcta,95547,Hydesville,40.5694635,-124.0775035,494700,,2025-07-31,10,0,Zillow ZIP-level market for Hydesville; mapped with Census 2020 ZCTA 95547 in Humboldt County.,,,,
95589 Whitethorn,zcta,95589,Whitethorn,40.061443,-123.979797,387919,,2025-07-31,10,0,Zillow ZIP-level market for Whitethorn; mapped with Census 2020 ZCTA 95589 in Humboldt County.,,,,
95573 nan,zcta,95573,nan,40.9149256,-123.6687235,325753,,2025-07-31,10,0,Zillow ZIP-level market for nan; mapped with Census 2020 ZCTA 95573 in Humboldt County.,,,,
95526 Bridgeville,zcta,95526,Bridgeville,40.4615284,-123.6764866,260104,,2025-07-31,10,0,Zillow ZIP-level market for Bridgeville; mapped with Census 2020 ZCTA 95526 in Humboldt County.,,,,
95553 Myers Flat,zcta,95553,Myers Flat,40.2311522,-123.8685969,372247,,2025-07-31,10,0,Zillow ZIP-level market for Myers Flat; mapped with Census 2020 ZCTA 95553 in Humboldt County.,,,,
95503 Eureka,zcta,95503,Eureka,40.7384033,-124.1078148,432130,,2025-08-31,10,0,Zillow ZIP-level market for Eureka; mapped with Census 2020 ZCTA 95503 in Humboldt County.,,,,
95501 Eureka,zcta,95501,Eureka,40.8020101,-124.1448237,398421,1400,2025-08-31,10,0,Zillow ZIP-level market for Eureka; mapped with Census 2020 ZCTA 95501 in Humboldt County.,,1400,Zillow ZORI,
95521 Arcata,zcta,95521,Arcata,40.8433563,-124.0453337,497110,1566,2025-08-31,10,0,Zillow ZIP-level market for Arcata; mapped with Census 2020 ZCTA 95521 in Humboldt County.,,1566,Zillow ZORI,
95519 McKinleyville,zcta,95519,McKinleyville,40.9630053,-124.0525012,493956,1598,2025-08-31,10,0,Zillow ZIP-level market for McKinleyville; mapped with Census 2020 ZCTA 95519 in Humboldt County.,,1598,Zillow ZORI,
95540 Fortuna,zcta,95540,Fortuna,40.5667868,-124.1259758,427703,,2025-08-31,10,0,Zillow ZIP-level market for Fortuna; mapped with Census 2020 ZCTA 95540 in Humboldt County.,,,,
95542 Redway,zcta,95542,Redway,40.0932543,-123.7598313,363265,,2025-08-31,10,0,Zillow ZIP-level market for Redway; mapped with Census 2020 ZCTA 95542 in Humboldt County.,,,,
95562 Scotia,zcta,95562,Scotia,40.4412005,-124.1004154,305573,,2025-08-31,10,0,Zillow ZIP-level market for Scotia; mapped with Census 2020 ZCTA 95562 in Humboldt County.,,,,
95551 Eureka,zcta,95551,Eureka,40.6749872,-124.231146,442316,,2025-08-31,10,0,Zillow ZIP-level market for Eureka; mapped with Census 2020 ZCTA 95551 in Humboldt County.,,,,
95536 Ferndale,zcta,95536,Ferndale,40.5012414,-124.2099284,492455,,2025-08-31,10,0,Zillow ZIP-level market for Ferndale; mapped with Census 2020 ZCTA 95536 in Humboldt County.,,,,
95570 Trinidad,zcta,95570,Trinidad,41.1137525,-124.0826397,605058,,2025-08-31,10,0,Zillow ZIP-level market for Trinidad; mapped with Census 2020 ZCTA 95570 in Humboldt County.,,,,
95549 Kneeland,zcta,95549,Kneeland,40.6666759,-123.9083825,581693,,2025-08-31,10,0,Zillow ZIP-level market for Kneeland; mapped with Census 2020 ZCTA 95549 in Humboldt County.,,,,
95524 Bayside,zcta,95524,Bayside,40.8208354,-124.0500216,600441,,2025-08-31,10,0,Zillow ZIP-level market for Bayside; mapped with Census 2020 ZCTA 95524 in Humboldt County.,,,,
95560 Redway,zcta,95560,Redway,40.1427275,-123.8388194,328355,,2025-08-31,10,0,Zillow ZIP-level market for Redway; mapped with Census 2020 ZCTA 95560 in Humboldt County.,,,,
95525 Blue Lake,zcta,95525,Blue Lake,40.9537818,-123.8244384,451868,,2025-08-31,10,0,Zillow ZIP-level market for Blue Lake; mapped with Census 2020 ZCTA 95525 in Humboldt County.,,,,
95528 Carlotta,zcta,95528,Carlotta,40.4969858,-123.9308113,379685,,2025-08-31,10,0,Zillow ZIP-level market for Carlotta; mapped with Census 2020 ZCTA 95528 in Humboldt County.,,,,
95547 Hydesville,zcta,95547,Hydesville,40.5694635,-124.0775035,493864,,2025-08-31,10,0,Zillow ZIP-level market for Hydesville; mapped with Census 2020 ZCTA 95547 in Humboldt County.,,,,
95589 Whitethorn,zcta,95589,Whitethorn,40.061443,-123.979797,383499,,2025-08-31,10,0,Zillow ZIP-level market for Whitethorn; mapped with Census 2020 ZCTA 95589 in Humboldt County.,,,,
95573 nan,zcta,95573,nan,40.9149256,-123.6687235,323870,,2025-08-31,10,0,Zillow ZIP-level market for nan; mapped with Census 2020 ZCTA 95573 in Humboldt County.,,,,
95526 Bridgeville,zcta,95526,Bridgeville,40.4615284,-123.6764866,259426,,2025-08-31,10,0,Zillow ZIP-level market for Bridgeville; mapped with Census 2020 ZCTA 95526 in Humboldt County.,,,,
95553 Myers Flat,zcta,95553,Myers Flat,40.2311522,-123.8685969,370477,,2025-08-31,10,0,Zillow ZIP-level market for Myers Flat; mapped with Census 2020 ZCTA 95553 in Humboldt County.,,,,
95503 Eureka,zcta,95503,Eureka,40.7384033,-124.1078148,431735,,2025-09-30,10,0,Zillow ZIP-level market for Eureka; mapped with Census 2020 ZCTA 95503 in Humboldt County.,,,,
95501 Eureka,zcta,95501,Eureka,40.8020101,-124.1448237,397908,1393,2025-09-30,10,0,Zillow ZIP-level market for Eureka; mapped with Census 2020 ZCTA 95501 in Humboldt County.,,1393,Zillow ZORI,
95521 Arcata,zcta,95521,Arcata,40.8433563,-124.0453337,496068,1615,2025-09-30,10,0,Zillow ZIP-level market for Arcata; mapped with Census 2020 ZCTA 95521 in Humboldt County.,,1615,Zillow ZORI,
95519 McKinleyville,zcta,95519,McKinleyville,40.9630053,-124.0525012,492008,1595,2025-09-30,10,0,Zillow ZIP-level market for McKinleyville; mapped with Census 2020 ZCTA 95519 in Humboldt County.,,1595,Zillow ZORI,
95540 Fortuna,zcta,95540,Fortuna,40.5667868,-124.1259758,426878,,2025-09-30,10,0,Zillow ZIP-level market for Fortuna; mapped with Census 2020 ZCTA 95540 in Humboldt County.,,,,
95542 Redway,zcta,95542,Redway,40.0932543,-123.7598313,360504,,2025-09-30,10,0,Zillow ZIP-level market for Redway; mapped with Census 2020 ZCTA 95542 in Humboldt County.,,,,
95562 Scotia,zcta,95562,Scotia,40.4412005,-124.1004154,305003,,2025-09-30,10,0,Zillow ZIP-level market for Scotia; mapped with Census 2020 ZCTA 95562 in Humboldt County.,,,,
95551 Eureka,zcta,95551,Eureka,40.6749872,-124.231146,441395,,2025-09-30,10,0,Zillow ZIP-level market for Eureka; mapped with Census 2020 ZCTA 95551 in Humboldt County.,,,,
95536 Ferndale,zcta,95536,Ferndale,40.5012414,-124.2099284,495452,,2025-09-30,10,0,Zillow ZIP-level market for Ferndale; mapped with Census 2020 ZCTA 95536 in Humboldt County.,,,,
95570 Trinidad,zcta,95570,Trinidad,41.1137525,-124.0826397,600520,,2025-09-30,10,0,Zillow ZIP-level market for Trinidad; mapped with Census 2020 ZCTA 95570 in Humboldt County.,,,,
95549 Kneeland,zcta,95549,Kneeland,40.6666759,-123.9083825,577548,,2025-09-30,10,0,Zillow ZIP-level market for Kneeland; mapped with Census 2020 ZCTA 95549 in Humboldt County.,,,,
95524 Bayside,zcta,95524,Bayside,40.8208354,-124.0500216,597400,,2025-09-30,10,0,Zillow ZIP-level market for Bayside; mapped with Census 2020 ZCTA 95524 in Humboldt County.,,,,
95560 Redway,zcta,95560,Redway,40.1427275,-123.8388194,324764,,2025-09-30,10,0,Zillow ZIP-level market for Redway; mapped with Census 2020 ZCTA 95560 in Humboldt County.,,,,
95525 Blue Lake,zcta,95525,Blue Lake,40.9537818,-123.8244384,454440,,2025-09-30,10,0,Zillow ZIP-level market for Blue Lake; mapped with Census 2020 ZCTA 95525 in Humboldt County.,,,,
95528 Carlotta,zcta,95528,Carlotta,40.4969858,-123.9308113,378293,,2025-09-30,10,0,Zillow ZIP-level market for Carlotta; mapped with Census 2020 ZCTA 95528 in Humboldt County.,,,,
95547 Hydesville,zcta,95547,Hydesville,40.5694635,-124.0775035,494741,,2025-09-30,10,0,Zillow ZIP-level market for Hydesville; mapped with Census 2020 ZCTA 95547 in Humboldt County.,,,,
95589 Whitethorn,zcta,95589,Whitethorn,40.061443,-123.979797,379897,,2025-09-30,10,0,Zillow ZIP-level market for Whitethorn; mapped with Census 2020 ZCTA 95589 in Humboldt County.,,,,
95573 nan,zcta,95573,nan,40.9149256,-123.6687235,322187,,2025-09-30,10,0,Zillow ZIP-level market for nan; mapped with Census 2020 ZCTA 95573 in Humboldt County.,,,,
95526 Bridgeville,zcta,95526,Bridgeville,40.4615284,-123.6764866,259360,,2025-09-30,10,0,Zillow ZIP-level market for Bridgeville; mapped with Census 2020 ZCTA 95526 in Humboldt County.,,,,
95553 Myers Flat,zcta,95553,Myers Flat,40.2311522,-123.8685969,370384,,2025-09-30,10,0,Zillow ZIP-level market for Myers Flat; mapped with Census 2020 ZCTA 95553 in Humboldt County.,,,,
95503 Eureka,zcta,95503,Eureka,40.7384033,-124.1078148,431475,,2025-10-31,10,0,Zillow ZIP-level market for Eureka; mapped with Census 2020 ZCTA 95503 in Humboldt County.,,,,
95501 Eureka,zcta,95501,Eureka,40.8020101,-124.1448237,397089,1379,2025-10-31,10,0,Zillow ZIP-level market for Eureka; mapped with Census 2020 ZCTA 95501 in Humboldt County.,,1379,Zillow ZORI,
95521 Arcata,zcta,95521,Arcata,40.8433563,-124.0453337,495752,1651,2025-10-31,10,0,Zillow ZIP-level market for Arcata; mapped with Census 2020 ZCTA 95521 in Humboldt County.,,1651,Zillow ZORI,
95519 McKinleyville,zcta,95519,McKinleyville,40.9630053,-124.0525012,490078,1586,2025-10-31,10,0,Zillow ZIP-level market for McKinleyville; mapped with Census 2020 ZCTA 95519 in Humboldt County.,,1586,Zillow ZORI,
95540 Fortuna,zcta,95540,Fortuna,40.5667868,-124.1259758,426539,,2025-10-31,10,0,Zillow ZIP-level market for Fortuna; mapped with Census 2020 ZCTA 95540 in Humboldt County.,,,,
95542 Redway,zcta,95542,Redway,40.0932543,-123.7598313,359411,,2025-10-31,10,0,Zillow ZIP-level market for Redway; mapped with Census 2020 ZCTA 95542 in Humboldt County.,,,,
95562 Scotia,zcta,95562,Scotia,40.4412005,-124.1004154,304206,,2025-10-31,10,0,Zillow ZIP-level market for Scotia; mapped with Census 2020 ZCTA 95562 in Humboldt County.,,,,
95551 Eureka,zcta,95551,Eureka,40.6749872,-124.231146,442259,,2025-10-31,10,0,Zillow ZIP-level market for Eureka; mapped with Census 2020 ZCTA 95551 in Humboldt County.,,,,
95536 Ferndale,zcta,95536,Ferndale,40.5012414,-124.2099284,498712,,2025-10-31,10,0,Zillow ZIP-level market for Ferndale; mapped with Census 2020 ZCTA 95536 in Humboldt County.,,,,
95570 Trinidad,zcta,95570,Trinidad,41.1137525,-124.0826397,597434,,2025-10-31,10,0,Zillow ZIP-level market for Trinidad; mapped with Census 2020 ZCTA 95570 in Humboldt County.,,,,
95549 Kneeland,zcta,95549,Kneeland,40.6666759,-123.9083825,575699,,2025-10-31,10,0,Zillow ZIP-level market for Kneeland; mapped with Census 2020 ZCTA 95549 in Humboldt County.,,,,
95524 Bayside,zcta,95524,Bayside,40.8208354,-124.0500216,596071,,2025-10-31,10,0,Zillow ZIP-level market for Bayside; mapped with Census 2020 ZCTA 95524 in Humboldt County.,,,,
95560 Redway,zcta,95560,Redway,40.1427275,-123.8388194,321468,,2025-10-31,10,0,Zillow ZIP-level market for Redway; mapped with Census 2020 ZCTA 95560 in Humboldt County.,,,,
95525 Blue Lake,zcta,95525,Blue Lake,40.9537818,-123.8244384,456916,,2025-10-31,10,0,Zillow ZIP-level market for Blue Lake; mapped with Census 2020 ZCTA 95525 in Humboldt County.,,,,
95528 Carlotta,zcta,95528,Carlotta,40.4969858,-123.9308113,376203,,2025-10-31,10,0,Zillow ZIP-level market for Carlotta; mapped with Census 2020 ZCTA 95528 in Humboldt County.,,,,
95547 Hydesville,zcta,95547,Hydesville,40.5694635,-124.0775035,498567,,2025-10-31,10,0,Zillow ZIP-level market for Hydesville; mapped with Census 2020 ZCTA 95547 in Humboldt County.,,,,
95589 Whitethorn,zcta,95589,Whitethorn,40.061443,-123.979797,376747,,2025-10-31,10,0,Zillow ZIP-level market for Whitethorn; mapped with Census 2020 ZCTA 95589 in Humboldt County.,,,,
95573 nan,zcta,95573,nan,40.9149256,-123.6687235,320787,,2025-10-31,10,0,Zillow ZIP-level market for nan; mapped with Census 2020 ZCTA 95573 in Humboldt County.,,,,
95526 Bridgeville,zcta,95526,Bridgeville,40.4615284,-123.6764866,257396,,2025-10-31,10,0,Zillow ZIP-level market for Bridgeville; mapped with Census 2020 ZCTA 95526 in Humboldt County.,,,,
95553 Myers Flat,zcta,95553,Myers Flat,40.2311522,-123.8685969,371184,,2025-10-31,10,0,Zillow ZIP-level market for Myers Flat; mapped with Census 2020 ZCTA 95553 in Humboldt County.,,,,
95503 Eureka,zcta,95503,Eureka,40.7384033,-124.1078148,431626,,2025-11-30,10,0,Zillow ZIP-level market for Eureka; mapped with Census 2020 ZCTA 95503 in Humboldt County.,,,,
95501 Eureka,zcta,95501,Eureka,40.8020101,-124.1448237,396688,1392,2025-11-30,10,0,Zillow ZIP-level market for Eureka; mapped with Census 2020 ZCTA 95501 in Humboldt County.,,1392,Zillow ZORI,
95521 Arcata,zcta,95521,Arcata,40.8433563,-124.0453337,496256,1642,2025-11-30,10,0,Zillow ZIP-level market for Arcata; mapped with Census 2020 ZCTA 95521 in Humboldt County.,,1642,Zillow ZORI,
95519 McKinleyville,zcta,95519,McKinleyville,40.9630053,-124.0525012,488502,1580,2025-11-30,10,0,Zillow ZIP-level market for McKinleyville; mapped with Census 2020 ZCTA 95519 in Humboldt County.,,1580,Zillow ZORI,
95540 Fortuna,zcta,95540,Fortuna,40.5667868,-124.1259758,425812,,2025-11-30,10,0,Zillow ZIP-level market for Fortuna; mapped with Census 2020 ZCTA 95540 in Humboldt County.,,,,
95542 Redway,zcta,95542,Redway,40.0932543,-123.7598313,358430,,2025-11-30,10,0,Zillow ZIP-level market for Redway; mapped with Census 2020 ZCTA 95542 in Humboldt County.,,,,
95562 Scotia,zcta,95562,Scotia,40.4412005,-124.1004154,303263,,2025-11-30,10,0,Zillow ZIP-level market for Scotia; mapped with Census 2020 ZCTA 95562 in Humboldt County.,,,,
95551 Eureka,zcta,95551,Eureka,40.6749872,-124.231146,443225,,2025-11-30,10,0,Zillow ZIP-level market for Eureka; mapped with Census 2020 ZCTA 95551 in Humboldt County.,,,,
95536 Ferndale,zcta,95536,Ferndale,40.5012414,-124.2099284,500746,,2025-11-30,10,0,Zillow ZIP-level market for Ferndale; mapped with Census 2020 ZCTA 95536 in Humboldt County.,,,,
95570 Trinidad,zcta,95570,Trinidad,41.1137525,-124.0826397,597854,,2025-11-30,10,0,Zillow ZIP-level market for Trinidad; mapped with Census 2020 ZCTA 95570 in Humboldt County.,,,,
95549 Kneeland,zcta,95549,Kneeland,40.6666759,-123.9083825,576408,,2025-11-30,10,0,Zillow ZIP-level market for Kneeland; mapped with Census 2020 ZCTA 95549 in Humboldt County.,,,,
95524 Bayside,zcta,95524,Bayside,40.8208354,-124.0500216,598447,,2025-11-30,10,0,Zillow ZIP-level market for Bayside; mapped with Census 2020 ZCTA 95524 in Humboldt County.,,,,
95560 Redway,zcta,95560,Redway,40.1427275,-123.8388194,316027,,2025-11-30,10,0,Zillow ZIP-level market for Redway; mapped with Census 2020 ZCTA 95560 in Humboldt County.,,,,
95525 Blue Lake,zcta,95525,Blue Lake,40.9537818,-123.8244384,459610,,2025-11-30,10,0,Zillow ZIP-level market for Blue Lake; mapped with Census 2020 ZCTA 95525 in Humboldt County.,,,,
95528 Carlotta,zcta,95528,Carlotta,40.4969858,-123.9308113,374347,,2025-11-30,10,0,Zillow ZIP-level market for Carlotta; mapped with Census 2020 ZCTA 95528 in Humboldt County.,,,,
95547 Hydesville,zcta,95547,Hydesville,40.5694635,-124.0775035,503666,,2025-11-30,10,0,Zillow ZIP-level market for Hydesville; mapped with Census 2020 ZCTA 95547 in Humboldt County.,,,,
95589 Whitethorn,zcta,95589,Whitethorn,40.061443,-123.979797,374821,,2025-11-30,10,0,Zillow ZIP-level market for Whitethorn; mapped with Census 2020 ZCTA 95589 in Humboldt County.,,,,
95573 nan,zcta,95573,nan,40.9149256,-123.6687235,319848,,2025-11-30,10,0,Zillow ZIP-level market for nan; mapped with Census 2020 ZCTA 95573 in Humboldt County.,,,,
95526 Bridgeville,zcta,95526,Bridgeville,40.4615284,-123.6764866,253736,,2025-11-30,10,0,Zillow ZIP-level market for Bridgeville; mapped with Census 2020 ZCTA 95526 in Humboldt County.,,,,
95553 Myers Flat,zcta,95553,Myers Flat,40.2311522,-123.8685969,371803,,2025-11-30,10,0,Zillow ZIP-level market for Myers Flat; mapped with Census 2020 ZCTA 95553 in Humboldt County.,,,,
95503 Eureka,zcta,95503,Eureka,40.7384033,-124.1078148,431942,,2025-12-31,10,0,Zillow ZIP-level market for Eureka; mapped with Census 2020 ZCTA 95503 in Humboldt County.,,,,
95501 Eureka,zcta,95501,Eureka,40.8020101,-124.1448237,396423,1402,2025-12-31,10,0,Zillow ZIP-level market for Eureka; mapped with Census 2020 ZCTA 95501 in Humboldt County.,,1402,Zillow ZORI,
95521 Arcata,zcta,95521,Arcata,40.8433563,-124.0453337,496516,1640,2025-12-31,10,0,Zillow ZIP-level market for Arcata; mapped with Census 2020 ZCTA 95521 in Humboldt County.,,1640,Zillow ZORI,
95519 McKinleyville,zcta,95519,McKinleyville,40.9630053,-124.0525012,487222,,2025-12-31,10,0,Zillow ZIP-level market for McKinleyville; mapped with Census 2020 ZCTA 95519 in Humboldt County.,,,,
95540 Fortuna,zcta,95540,Fortuna,40.5667868,-124.1259758,424729,,2025-12-31,10,0,Zillow ZIP-level market for Fortuna; mapped with Census 2020 ZCTA 95540 in Humboldt County.,,,,
95542 Redway,zcta,95542,Redway,40.0932543,-123.7598313,357922,,2025-12-31,10,0,Zillow ZIP-level market for Redway; mapped with Census 2020 ZCTA 95542 in Humboldt County.,,,,
95562 Scotia,zcta,95562,Scotia,40.4412005,-124.1004154,303005,,2025-12-31,10,0,Zillow ZIP-level market for Scotia; mapped with Census 2020 ZCTA 95562 in Humboldt County.,,,,
95551 Eureka,zcta,95551,Eureka,40.6749872,-124.231146,444066,,2025-12-31,10,0,Zillow ZIP-level market for Eureka; mapped with Census 2020 ZCTA 95551 in Humboldt County.,,,,
95536 Ferndale,zcta,95536,Ferndale,40.5012414,-124.2099284,501553,,2025-12-31,10,0,Zillow ZIP-level market for Ferndale; mapped with Census 2020 ZCTA 95536 in Humboldt County.,,,,
95570 Trinidad,zcta,95570,Trinidad,41.1137525,-124.0826397,597335,,2025-12-31,10,0,Zillow ZIP-level market for Trinidad; mapped with Census 2020 ZCTA 95570 in Humboldt County.,,,,
95549 Kneeland,zcta,95549,Kneeland,40.6666759,-123.9083825,576288,,2025-12-31,10,0,Zillow ZIP-level market for Kneeland; mapped with Census 2020 ZCTA 95549 in Humboldt County.,,,,
95524 Bayside,zcta,95524,Bayside,40.8208354,-124.0500216,600466,,2025-12-31,10,0,Zillow ZIP-level market for Bayside; mapped with Census 2020 ZCTA 95524 in Humboldt County.,,,,
95560 Redway,zcta,95560,Redway,40.1427275,-123.8388194,310350,,2025-12-31,10,0,Zillow ZIP-level market for Redway; mapped with Census 2020 ZCTA 95560 in Humboldt County.,,,,
95525 Blue Lake,zcta,95525,Blue Lake,40.9537818,-123.8244384,462306,,2025-12-31,10,0,Zillow ZIP-level market for Blue Lake; mapped with Census 2020 ZCTA 95525 in Humboldt County.,,,,
95528 Carlotta,zcta,95528,Carlotta,40.4969858,-123.9308113,372778,,2025-12-31,10,0,Zillow ZIP-level market for Carlotta; mapped with Census 2020 ZCTA 95528 in Humboldt County.,,,,
95547 Hydesville,zcta,95547,Hydesville,40.5694635,-124.0775035,508651,,2025-12-31,10,0,Zillow ZIP-level market for Hydesville; mapped with Census 2020 ZCTA 95547 in Humboldt County.,,,,
95589 Whitethorn,zcta,95589,Whitethorn,40.061443,-123.979797,373641,,2025-12-31,10,0,Zillow ZIP-level market for Whitethorn; mapped with Census 2020 ZCTA 95589 in Humboldt County.,,,,
95573 nan,zcta,95573,nan,40.9149256,-123.6687235,319489,,2025-12-31,10,0,Zillow ZIP-level market for nan; mapped with Census 2020 ZCTA 95573 in Humboldt County.,,,,
95526 Bridgeville,zcta,95526,Bridgeville,40.4615284,-123.6764866,250412,,2025-12-31,10,0,Zillow ZIP-level market for Bridgeville; mapped with Census 2020 ZCTA 95526 in Humboldt County.,,,,
95553 Myers Flat,zcta,95553,Myers Flat,40.2311522,-123.8685969,372161,,2025-12-31,10,0,Zillow ZIP-level market for Myers Flat; mapped with Census 2020 ZCTA 95553 in Humboldt County.,,,,
95503 Eureka,zcta,95503,Eureka,40.7384033,-124.1078148,431068,,2026-01-31,10,0,Zillow ZIP-level market for Eureka; mapped with Census 2020 ZCTA 95503 in Humboldt County.,,,,
95501 Eureka,zcta,95501,Eureka,40.8020101,-124.1448237,395119,1412,2026-01-31,10,0,Zillow ZIP-level market for Eureka; mapped with Census 2020 ZCTA 95501 in Humboldt County.,,1412,Zillow ZORI,
95521 Arcata,zcta,95521,Arcata,40.8433563,-124.0453337,494550,1602,2026-01-31,10,0,Zillow ZIP-level market for Arcata; mapped with Census 2020 ZCTA 95521 in Humboldt County.,,1602,Zillow ZORI,
95519 McKinleyville,zcta,95519,McKinleyville,40.9630053,-124.0525012,485803,1614,2026-01-31,10,0,Zillow ZIP-level market for McKinleyville; mapped with Census 2020 ZCTA 95519 in Humboldt County.,,1614,Zillow ZORI,
95540 Fortuna,zcta,95540,Fortuna,40.5667868,-124.1259758,422908,,2026-01-31,10,0,Zillow ZIP-level market for Fortuna; mapped with Census 2020 ZCTA 95540 in Humboldt County.,,,,
95542 Redway,zcta,95542,Redway,40.0932543,-123.7598313,355195,,2026-01-31,10,0,Zillow ZIP-level market for Redway; mapped with Census 2020 ZCTA 95542 in Humboldt County.,,,,
95562 Scotia,zcta,95562,Scotia,40.4412005,-124.1004154,302687,,2026-01-31,10,0,Zillow ZIP-level market for Scotia; mapped with Census 2020 ZCTA 95562 in Humboldt County.,,,,
95551 Eureka,zcta,95551,Eureka,40.6749872,-124.231146,443415,,2026-01-31,10,0,Zillow ZIP-level market for Eureka; mapped with Census 2020 ZCTA 95551 in Humboldt County.,,,,
95536 Ferndale,zcta,95536,Ferndale,40.5012414,-124.2099284,501158,,2026-01-31,10,0,Zillow ZIP-level market for Ferndale; mapped with Census 2020 ZCTA 95536 in Humboldt County.,,,,
95570 Trinidad,zcta,95570,Trinidad,41.1137525,-124.0826397,595506,,2026-01-31,10,0,Zillow ZIP-level market for Trinidad; mapped with Census 2020 ZCTA 95570 in Humboldt County.,,,,
95549 Kneeland,zcta,95549,Kneeland,40.6666759,-123.9083825,573213,,2026-01-31,10,0,Zillow ZIP-level market for Kneeland; mapped with Census 2020 ZCTA 95549 in Humboldt County.,,,,
95524 Bayside,zcta,95524,Bayside,40.8208354,-124.0500216,599444,,2026-01-31,10,0,Zillow ZIP-level market for Bayside; mapped with Census 2020 ZCTA 95524 in Humboldt County.,,,,
95560 Redway,zcta,95560,Redway,40.1427275,-123.8388194,301930,,2026-01-31,10,0,Zillow ZIP-level market for Redway; mapped with Census 2020 ZCTA 95560 in Humboldt County.,,,,
95525 Blue Lake,zcta,95525,Blue Lake,40.9537818,-123.8244384,462033,,2026-01-31,10,0,Zillow ZIP-level market for Blue Lake; mapped with Census 2020 ZCTA 95525 in Humboldt County.,,,,
95528 Carlotta,zcta,95528,Carlotta,40.4969858,-123.9308113,369897,,2026-01-31,10,0,Zillow ZIP-level market for Carlotta; mapped with Census 2020 ZCTA 95528 in Humboldt County.,,,,
95547 Hydesville,zcta,95547,Hydesville,40.5694635,-124.0775035,512187,,2026-01-31,10,0,Zillow ZIP-level market for Hydesville; mapped with Census 2020 ZCTA 95547 in Humboldt County.,,,,
95589 Whitethorn,zcta,95589,Whitethorn,40.061443,-123.979797,371408,,2026-01-31,10,0,Zillow ZIP-level market for Whitethorn; mapped with Census 2020 ZCTA 95589 in Humboldt County.,,,,
95573 nan,zcta,95573,nan,40.9149256,-123.6687235,318571,,2026-01-31,10,0,Zillow ZIP-level market for nan; mapped with Census 2020 ZCTA 95573 in Humboldt County.,,,,
95526 Bridgeville,zcta,95526,Bridgeville,40.4615284,-123.6764866,247900,,2026-01-31,10,0,Zillow ZIP-level market for Bridgeville; mapped with Census 2020 ZCTA 95526 in Humboldt County.,,,,
95553 Myers Flat,zcta,95553,Myers Flat,40.2311522,-123.8685969,370688,,2026-01-31,10,0,Zillow ZIP-level market for Myers Flat; mapped with Census 2020 ZCTA 95553 in Humboldt County.,,,,
95503 Eureka,zcta,95503,Eureka,40.7384033,-124.1078148,430787,1529,2026-02-28,10,0,Zillow ZIP-level market for Eureka; mapped with Census 2020 ZCTA 95503 in Humboldt County.,,1529,Zillow ZORI,
95501 Eureka,zcta,95501,Eureka,40.8020101,-124.1448237,394518,1428,2026-02-28,10,0,Zillow ZIP-level market for Eureka; mapped with Census 2020 ZCTA 95501 in Humboldt County.,,1428,Zillow ZORI,
95521 Arcata,zcta,95521,Arcata,40.8433563,-124.0453337,493242,1604,2026-02-28,10,0,Zillow ZIP-level market for Arcata; mapped with Census 2020 ZCTA 95521 in Humboldt County.,,1604,Zillow ZORI,
95519 McKinleyville,zcta,95519,McKinleyville,40.9630053,-124.0525012,485302,1598,2026-02-28,10,0,Zillow ZIP-level market for McKinleyville; mapped with Census 2020 ZCTA 95519 in Humboldt County.,,1598,Zillow ZORI,
95540 Fortuna,zcta,95540,Fortuna,40.5667868,-124.1259758,423201,,2026-02-28,10,0,Zillow ZIP-level market for Fortuna; mapped with Census 2020 ZCTA 95540 in Humboldt County.,,,,
95542 Redway,zcta,95542,Redway,40.0932543,-123.7598313,352789,,2026-02-28,10,0,Zillow ZIP-level market for Redway; mapped with Census 2020 ZCTA 95542 in Humboldt County.,,,,
95562 Scotia,zcta,95562,Scotia,40.4412005,-124.1004154,304453,,2026-02-28,10,0,Zillow ZIP-level market for Scotia; mapped with Census 2020 ZCTA 95562 in Humboldt County.,,,,
95551 Eureka,zcta,95551,Eureka,40.6749872,-124.231146,443631,,2026-02-28,10,0,Zillow ZIP-level market for Eureka; mapped with Census 2020 ZCTA 95551 in Humboldt County.,,,,
95536 Ferndale,zcta,95536,Ferndale,40.5012414,-124.2099284,502747,,2026-02-28,10,0,Zillow ZIP-level market for Ferndale; mapped with Census 2020 ZCTA 95536 in Humboldt County.,,,,
95570 Trinidad,zcta,95570,Trinidad,41.1137525,-124.0826397,594527,,2026-02-28,10,0,Zillow ZIP-level market for Trinidad; mapped with Census 2020 ZCTA 95570 in Humboldt County.,,,,
95549 Kneeland,zcta,95549,Kneeland,40.6666759,-123.9083825,569824,,2026-02-28,10,0,Zillow ZIP-level market for Kneeland; mapped with Census 2020 ZCTA 95549 in Humboldt County.,,,,
95524 Bayside,zcta,95524,Bayside,40.8208354,-124.0500216,597928,,2026-02-28,10,0,Zillow ZIP-level market for Bayside; mapped with Census 2020 ZCTA 95524 in Humboldt County.,,,,
95560 Redway,zcta,95560,Redway,40.1427275,-123.8388194,295345,,2026-02-28,10,0,Zillow ZIP-level market for Redway; mapped with Census 2020 ZCTA 95560 in Humboldt County.,,,,
95525 Blue Lake,zcta,95525,Blue Lake,40.9537818,-123.8244384,459787,,2026-02-28,10,0,Zillow ZIP-level market for Blue Lake; mapped with Census 2020 ZCTA 95525 in Humboldt County.,,,,
95528 Carlotta,zcta,95528,Carlotta,40.4969858,-123.9308113,367270,,2026-02-28,10,0,Zillow ZIP-level market for Carlotta; mapped with Census 2020 ZCTA 95528 in Humboldt County.,,,,
95547 Hydesville,zcta,95547,Hydesville,40.5694635,-124.0775035,516968,,2026-02-28,10,0,Zillow ZIP-level market for Hydesville; mapped with Census 2020 ZCTA 95547 in Humboldt County.,,,,
95589 Whitethorn,zcta,95589,Whitethorn,40.061443,-123.979797,369586,,2026-02-28,10,0,Zillow ZIP-level market for Whitethorn; mapped with Census 2020 ZCTA 95589 in Humboldt County.,,,,
95573 nan,zcta,95573,nan,40.9149256,-123.6687235,318991,,2026-02-28,10,0,Zillow ZIP-level market for nan; mapped with Census 2020 ZCTA 95573 in Humboldt County.,,,,
95526 Bridgeville,zcta,95526,Bridgeville,40.4615284,-123.6764866,246410,,2026-02-28,10,0,Zillow ZIP-level market for Bridgeville; mapped with Census 2020 ZCTA 95526 in Humboldt County.,,,,
95553 Myers Flat,zcta,95553,Myers Flat,40.2311522,-123.8685969,369037,,2026-02-28,10,0,Zillow ZIP-level market for Myers Flat; mapped with Census 2020 ZCTA 95553 in Humboldt County.,,,,
95503 Eureka,zcta,95503,Eureka,40.7384033,-124.1078148,430182,1573,2026-03-31,10,0,Zillow ZIP-level market for Eureka; mapped with Census 2020 ZCTA 95503 in Humboldt County.,,1573,Zillow ZORI,
95501 Eureka,zcta,95501,Eureka,40.8020101,-124.1448237,393042,1417,2026-03-31,10,0,Zillow ZIP-level market for Eureka; mapped with Census 2020 ZCTA 95501 in Humboldt County.,,1417,Zillow ZORI,
95521 Arcata,zcta,95521,Arcata,40.8433563,-124.0453337,491085,1606,2026-03-31,10,0,Zillow ZIP-level market for Arcata; mapped with Census 2020 ZCTA 95521 in Humboldt County.,,1606,Zillow ZORI,
95519 McKinleyville,zcta,95519,McKinleyville,40.9630053,-124.0525012,484480,1613,2026-03-31,10,0,Zillow ZIP-level market for McKinleyville; mapped with Census 2020 ZCTA 95519 in Humboldt County.,,1613,Zillow ZORI,
95540 Fortuna,zcta,95540,Fortuna,40.5667868,-124.1259758,423539,,2026-03-31,10,0,Zillow ZIP-level market for Fortuna; mapped with Census 2020 ZCTA 95540 in Humboldt County.,,,,
95542 Redway,zcta,95542,Redway,40.0932543,-123.7598313,350245,,2026-03-31,10,0,Zillow ZIP-level market for Redway; mapped with Census 2020 ZCTA 95542 in Humboldt County.,,,,
95562 Scotia,zcta,95562,Scotia,40.4412005,-124.1004154,306238,,2026-03-31,10,0,Zillow ZIP-level market for Scotia; mapped with Census 2020 ZCTA 95562 in Humboldt County.,,,,
95551 Eureka,zcta,95551,Eureka,40.6749872,-124.231146,443520,,2026-03-31,10,0,Zillow ZIP-level market for Eureka; mapped with Census 2020 ZCTA 95551 in Humboldt County.,,,,
95536 Ferndale,zcta,95536,Ferndale,40.5012414,-124.2099284,502518,,2026-03-31,10,0,Zillow ZIP-level market for Ferndale; mapped with Census 2020 ZCTA 95536 in Humboldt County.,,,,
95570 Trinidad,zcta,95570,Trinidad,41.1137525,-124.0826397,591854,,2026-03-31,10,0,Zillow ZIP-level market for Trinidad; mapped with Census 2020 ZCTA 95570 in Humboldt County.,,,,
95549 Kneeland,zcta,95549,Kneeland,40.6666759,-123.9083825,565188,,2026-03-31,10,0,Zillow ZIP-level market for Kneeland; mapped with Census 2020 ZCTA 95549 in Humboldt County.,,,,
95524 Bayside,zcta,95524,Bayside,40.8208354,-124.0500216,597183,,2026-03-31,10,0,Zillow ZIP-level market for Bayside; mapped with Census 2020 ZCTA 95524 in Humboldt County.,,,,
95560 Redway,zcta,95560,Redway,40.1427275,-123.8388194,288562,,2026-03-31,10,0,Zillow ZIP-level market for Redway; mapped with Census 2020 ZCTA 95560 in Humboldt County.,,,,
95525 Blue Lake,zcta,95525,Blue Lake,40.9537818,-123.8244384,454710,,2026-03-31,10,0,Zillow ZIP-level market for Blue Lake; mapped with Census 2020 ZCTA 95525 in Humboldt County.,,,,
95528 Carlotta,zcta,95528,Carlotta,40.4969858,-123.9308113,362623,,2026-03-31,10,0,Zillow ZIP-level market for Carlotta; mapped with Census 2020 ZCTA 95528 in Humboldt County.,,,,
95547 Hydesville,zcta,95547,Hydesville,40.5694635,-124.0775035,520274,,2026-03-31,10,0,Zillow ZIP-level market for Hydesville; mapped with Census 2020 ZCTA 95547 in Humboldt County.,,,,
95589 Whitethorn,zcta,95589,Whitethorn,40.061443,-123.979797,367292,,2026-03-31,10,0,Zillow ZIP-level market for Whitethorn; mapped with Census 2020 ZCTA 95589 in Humboldt County.,,,,
95573 nan,zcta,95573,nan,40.9149256,-123.6687235,318755,,2026-03-31,10,0,Zillow ZIP-level market for nan; mapped with Census 2020 ZCTA 95573 in Humboldt County.,,,,
95526 Bridgeville,zcta,95526,Bridgeville,40.4615284,-123.6764866,244564,,2026-03-31,10,0,Zillow ZIP-level market for Bridgeville; mapped with Census 2020 ZCTA 95526 in Humboldt County.,,,,
95553 Myers Flat,zcta,95553,Myers Flat,40.2311522,-123.8685969,366298,,2026-03-31,10,0,Zillow ZIP-level market for Myers Flat; mapped with Census 2020 ZCTA 95553 in Humboldt County.,,,,
95503 Eureka,zcta,95503,Eureka,40.7384033,-124.1078148,430438,1792,2026-04-30,10,0,Zillow ZIP-level market for Eureka; mapped with Census 2020 ZCTA 95503 in Humboldt County.,,1792,Zillow ZORI,
95501 Eureka,zcta,95501,Eureka,40.8020101,-124.1448237,392454,1416,2026-04-30,10,0,Zillow ZIP-level market for Eureka; mapped with Census 2020 ZCTA 95501 in Humboldt County.,,1416,Zillow ZORI,
95521 Arcata,zcta,95521,Arcata,40.8433563,-124.0453337,489427,1549,2026-04-30,10,0,Zillow ZIP-level market for Arcata; mapped with Census 2020 ZCTA 95521 in Humboldt County.,,1549,Zillow ZORI,
95519 McKinleyville,zcta,95519,McKinleyville,40.9630053,-124.0525012,483272,1611,2026-04-30,10,0,Zillow ZIP-level market for McKinleyville; mapped with Census 2020 ZCTA 95519 in Humboldt County.,,1611,Zillow ZORI,
95540 Fortuna,zcta,95540,Fortuna,40.5667868,-124.1259758,423800,,2026-04-30,10,0,Zillow ZIP-level market for Fortuna; mapped with Census 2020 ZCTA 95540 in Humboldt County.,,,,
95542 Redway,zcta,95542,Redway,40.0932543,-123.7598313,348706,,2026-04-30,10,0,Zillow ZIP-level market for Redway; mapped with Census 2020 ZCTA 95542 in Humboldt County.,,,,
95562 Scotia,zcta,95562,Scotia,40.4412005,-124.1004154,307142,,2026-04-30,10,0,Zillow ZIP-level market for Scotia; mapped with Census 2020 ZCTA 95562 in Humboldt County.,,,,
95551 Eureka,zcta,95551,Eureka,40.6749872,-124.231146,443088,,2026-04-30,10,0,Zillow ZIP-level market for Eureka; mapped with Census 2020 ZCTA 95551 in Humboldt County.,,,,
95536 Ferndale,zcta,95536,Ferndale,40.5012414,-124.2099284,501888,,2026-04-30,10,0,Zillow ZIP-level market for Ferndale; mapped with Census 2020 ZCTA 95536 in Humboldt County.,,,,
95570 Trinidad,zcta,95570,Trinidad,41.1137525,-124.0826397,590552,,2026-04-30,10,0,Zillow ZIP-level market for Trinidad; mapped with Census 2020 ZCTA 95570 in Humboldt County.,,,,
95549 Kneeland,zcta,95549,Kneeland,40.6666759,-123.9083825,561170,,2026-04-30,10,0,Zillow ZIP-level market for Kneeland; mapped with Census 2020 ZCTA 95549 in Humboldt County.,,,,
95524 Bayside,zcta,95524,Bayside,40.8208354,-124.0500216,598242,,2026-04-30,10,0,Zillow ZIP-level market for Bayside; mapped with Census 2020 ZCTA 95524 in Humboldt County.,,,,
95560 Redway,zcta,95560,Redway,40.1427275,-123.8388194,282999,,2026-04-30,10,0,Zillow ZIP-level market for Redway; mapped with Census 2020 ZCTA 95560 in Humboldt County.,,,,
95525 Blue Lake,zcta,95525,Blue Lake,40.9537818,-123.8244384,451303,,2026-04-30,10,0,Zillow ZIP-level market for Blue Lake; mapped with Census 2020 ZCTA 95525 in Humboldt County.,,,,
95528 Carlotta,zcta,95528,Carlotta,40.4969858,-123.9308113,357975,,2026-04-30,10,0,Zillow ZIP-level market for Carlotta; mapped with Census 2020 ZCTA 95528 in Humboldt County.,,,,
95547 Hydesville,zcta,95547,Hydesville,40.5694635,-124.0775035,522358,,2026-04-30,10,0,Zillow ZIP-level market for Hydesville; mapped with Census 2020 ZCTA 95547 in Humboldt County.,,,,
95589 Whitethorn,zcta,95589,Whitethorn,40.061443,-123.979797,364439,,2026-04-30,10,0,Zillow ZIP-level market for Whitethorn; mapped with Census 2020 ZCTA 95589 in Humboldt County.,,,,
95573 nan,zcta,95573,nan,40.9149256,-123.6687235,318904,,2026-04-30,10,0,Zillow ZIP-level market for nan; mapped with Census 2020 ZCTA 95573 in Humboldt County.,,,,
95526 Bridgeville,zcta,95526,Bridgeville,40.4615284,-123.6764866,242511,,2026-04-30,10,0,Zillow ZIP-level market for Bridgeville; mapped with Census 2020 ZCTA 95526 in Humboldt County.,,,,
95553 Myers Flat,zcta,95553,Myers Flat,40.2311522,-123.8685969,362878,,2026-04-30,10,0,Zillow ZIP-level market for Myers Flat; mapped with Census 2020 ZCTA 95553 in Humboldt County.,,,,
