place,kind,zcta,city,latitude,longitude,zhvi,zori,date,label_dx,label_dy,note,hudSafmr,blendedRent,rentSource,hudFiscalYear
95482 Ukiah,zcta,95482,Ukiah,39.1368043,-123.2610887,417269,,2016-04-30,10,0,Zillow ZIP-level market for Ukiah; mapped with Census 2020 ZCTA 95482 in Mendocino County.,,,,
95437 Fort Bragg,zcta,95437,Fort Bragg,39.443949,-123.68592,414735,,2016-04-30,10,0,Zillow ZIP-level market for Fort Bragg; mapped with Census 2020 ZCTA 95437 in Mendocino County.,,,,
95490 Willits,zcta,95490,Willits,39.4793198,-123.3481599,352909,,2016-04-30,10,0,Zillow ZIP-level market for Willits; mapped with Census 2020 ZCTA 95490 in Mendocino County.,,,,
95470 Redwood Valley,zcta,95470,Redwood Valley,39.2990232,-123.239243,492015,,2016-04-30,10,0,Zillow ZIP-level market for Redwood Valley; mapped with Census 2020 ZCTA 95470 in Mendocino County.,,,,
95428 Covelo,zcta,95428,Covelo,39.8248031,-123.1796086,267814,,2016-04-30,10,0,Zillow ZIP-level market for Covelo; mapped with Census 2020 ZCTA 95428 in Mendocino County.,,,,
95445 Gualala,zcta,95445,Gualala,38.8325203,-123.4725321,489978,,2016-04-30,10,0,Zillow ZIP-level market for Gualala; mapped with Census 2020 ZCTA 95445 in Mendocino County.,,,,
95454 Laytonville,zcta,95454,Laytonville,39.7840478,-123.4957895,378506,,2016-04-30,10,0,Zillow ZIP-level market for Laytonville; mapped with Census 2020 ZCTA 95454 in Mendocino County.,,,,
95460 Mendocino,zcta,95460,Mendocino,39.305245,-123.7486159,819837,,2016-04-30,10,0,Zillow ZIP-level market for Mendocino; mapped with Census 2020 ZCTA 95460 in Mendocino County.,,,,
95449 Hopland,zcta,95449,Hopland,38.9361372,-123.1194447,429830,,2016-04-30,10,0,Zillow ZIP-level market for Hopland; mapped with Census 2020 ZCTA 95449 in Mendocino County.,,,,
95410 Albion,zcta,95410,Albion,39.2349401,-123.6998535,598457,,2016-04-30,10,0,Zillow ZIP-level market for Albion; mapped with Census 2020 ZCTA 95410 in Mendocino County.,,,,
95459 Manchester,zcta,95459,Manchester,38.9766284,-123.6048542,514380,,2016-04-30,10,0,Zillow ZIP-level market for Manchester; mapped with Census 2020 ZCTA 95459 in Mendocino County.,,,,
95482 Ukiah,zcta,95482,Ukiah,39.1368043,-123.2610887,418063,,2016-05-31,10,0,Zillow ZIP-level market for Ukiah; mapped with Census 2020 ZCTA 95482 in Mendocino County.,,,,
95437 Fort Bragg,zcta,95437,Fort Bragg,39.443949,-123.68592,416180,,2016-05-31,10,0,Zillow ZIP-level market for Fort Bragg; mapped with Census 2020 ZCTA 95437 in Mendocino County.,,,,
95490 Willits,zcta,95490,Willits,39.4793198,-123.3481599,354762,,2016-05-31,10,0,Zillow ZIP-level market for Willits; mapped with Census 2020 ZCTA 95490 in Mendocino County.,,,,
95470 Redwood Valley,zcta,95470,Redwood Valley,39.2990232,-123.239243,491661,,2016-05-31,10,0,Zillow ZIP-level market for Redwood Valley; mapped with Census 2020 ZCTA 95470 in Mendocino County.,,,,
95428 Covelo,zcta,95428,Covelo,39.8248031,-123.1796086,267344,,2016-05-31,10,0,Zillow ZIP-level market for Covelo; mapped with Census 2020 ZCTA 95428 in Mendocino County.,,,,
95445 Gualala,zcta,95445,Gualala,38.8325203,-123.4725321,487120,,2016-05-31,10,0,Zillow ZIP-level market for Gualala; mapped with Census 2020 ZCTA 95445 in Mendocino County.,,,,
95454 Laytonville,zcta,95454,Laytonville,39.7840478,-123.4957895,383145,,2016-05-31,10,0,Zillow ZIP-level market for Laytonville; mapped with Census 2020 ZCTA 95454 in Mendocino County.,,,,
95460 Mendocino,zcta,95460,Mendocino,39.305245,-123.7486159,818964,,2016-05-31,10,0,Zillow ZIP-level market for Mendocino; mapped with Census 2020 ZCTA 95460 in Mendocino County.,,,,
95449 Hopland,zcta,95449,Hopland,38.9361372,-123.1194447,432484,,2016-05-31,10,0,Zillow ZIP-level market for Hopland; mapped with Census 2020 ZCTA 95449 in Mendocino County.,,,,
95410 Albion,zcta,95410,Albion,39.2349401,-123.6998535,602349,,2016-05-31,10,0,Zillow ZIP-level market for Albion; mapped with Census 2020 ZCTA 95410 in Mendocino County.,,,,
95459 Manchester,zcta,95459,Manchester,38.9766284,-123.6048542,514657,,2016-05-31,10,0,Zillow ZIP-level market for Manchester; mapped with Census 2020 ZCTA 95459 in Mendocino County.,,,,
95482 Ukiah,zcta,95482,Ukiah,39.1368043,-123.2610887,418938,,2016-06-30,10,0,Zillow ZIP-level market for Ukiah; mapped with Census 2020 ZCTA 95482 in Mendocino County.,,,,
95437 Fort Bragg,zcta,95437,Fort Bragg,39.443949,-123.68592,418661,,2016-06-30,10,0,Zillow ZIP-level market for Fort Bragg; mapped with Census 2020 ZCTA 95437 in Mendocino County.,,,,
95490 Willits,zcta,95490,Willits,39.4793198,-123.3481599,357030,,2016-06-30,10,0,Zillow ZIP-level market for Willits; mapped with Census 2020 ZCTA 95490 in Mendocino County.,,,,
95470 Redwood Valley,zcta,95470,Redwood Valley,39.2990232,-123.239243,495354,,2016-06-30,10,0,Zillow ZIP-level market for Redwood Valley; mapped with Census 2020 ZCTA 95470 in Mendocino County.,,,,
95428 Covelo,zcta,95428,Covelo,39.8248031,-123.1796086,268519,,2016-06-30,10,0,Zillow ZIP-level market for Covelo; mapped with Census 2020 ZCTA 95428 in Mendocino County.,,,,
95445 Gualala,zcta,95445,Gualala,38.8325203,-123.4725321,488812,,2016-06-30,10,0,Zillow ZIP-level market for Gualala; mapped with Census 2020 ZCTA 95445 in Mendocino County.,,,,
95454 Laytonville,zcta,95454,Laytonville,39.7840478,-123.4957895,390819,,2016-06-30,10,0,Zillow ZIP-level market for Laytonville; mapped with Census 2020 ZCTA 95454 in Mendocino County.,,,,
95460 Mendocino,zcta,95460,Mendocino,39.305245,-123.7486159,819925,,2016-06-30,10,0,Zillow ZIP-level market for Mendocino; mapped with Census 2020 ZCTA 95460 in Mendocino County.,,,,
95449 Hopland,zcta,95449,Hopland,38.9361372,-123.1194447,436849,,2016-06-30,10,0,Zillow ZIP-level market for Hopland; mapped with Census 2020 ZCTA 95449 in Mendocino County.,,,,
95410 Albion,zcta,95410,Albion,39.2349401,-123.6998535,605815,,2016-06-30,10,0,Zillow ZIP-level market for Albion; mapped with Census 2020 ZCTA 95410 in Mendocino County.,,,,
95459 Manchester,zcta,95459,Manchester,38.9766284,-123.6048542,517239,,2016-06-30,10,0,Zillow ZIP-level market for Manchester; mapped with Census 2020 ZCTA 95459 in Mendocino County.,,,,
95482 Ukiah,zcta,95482,Ukiah,39.1368043,-123.2610887,419369,,2016-07-31,10,0,Zillow ZIP-level market for Ukiah; mapped with Census 2020 ZCTA 95482 in Mendocino County.,,,,
95437 Fort Bragg,zcta,95437,Fort Bragg,39.443949,-123.68592,420095,,2016-07-31,10,0,Zillow ZIP-level market for Fort Bragg; mapped with Census 2020 ZCTA 95437 in Mendocino County.,,,,
95490 Willits,zcta,95490,Willits,39.4793198,-123.3481599,357788,,2016-07-31,10,0,Zillow ZIP-level market for Willits; mapped with Census 2020 ZCTA 95490 in Mendocino County.,,,,
95470 Redwood Valley,zcta,95470,Redwood Valley,39.2990232,-123.239243,498874,,2016-07-31,10,0,Zillow ZIP-level market for Redwood Valley; mapped with Census 2020 ZCTA 95470 in Mendocino County.,,,,
95428 Covelo,zcta,95428,Covelo,39.8248031,-123.1796086,268702,,2016-07-31,10,0,Zillow ZIP-level market for Covelo; mapped with Census 2020 ZCTA 95428 in Mendocino County.,,,,
95445 Gualala,zcta,95445,Gualala,38.8325203,-123.4725321,489499,,2016-07-31,10,0,Zillow ZIP-level market for Gualala; mapped with Census 2020 ZCTA 95445 in Mendocino County.,,,,
95454 Laytonville,zcta,95454,Laytonville,39.7840478,-123.4957895,397427,,2016-07-31,10,0,Zillow ZIP-level market for Laytonville; mapped with Census 2020 ZCTA 95454 in Mendocino County.,,,,
95460 Mendocino,zcta,95460,Mendocino,39.305245,-123.7486159,818010,,2016-07-31,10,0,Zillow ZIP-level market for Mendocino; mapped with Census 2020 ZCTA 95460 in Mendocino County.,,,,
95449 Hopland,zcta,95449,Hopland,38.9361372,-123.1194447,441647,,2016-07-31,10,0,Zillow ZIP-level market for Hopland; mapped with Census 2020 ZCTA 95449 in Mendocino County.,,,,
95410 Albion,zcta,95410,Albion,39.2349401,-123.6998535,606587,,2016-07-31,10,0,Zillow ZIP-level market for Albion; mapped with Census 2020 ZCTA 95410 in Mendocino County.,,,,
95459 Manchester,zcta,95459,Manchester,38.9766284,-123.6048542,516799,,2016-07-31,10,0,Zillow ZIP-level market for Manchester; mapped with Census 2020 ZCTA 95459 in Mendocino County.,,,,
95482 Ukiah,zcta,95482,Ukiah,39.1368043,-123.2610887,420245,,2016-08-31,10,0,Zillow ZIP-level market for Ukiah; mapped with Census 2020 ZCTA 95482 in Mendocino County.,,,,
95437 Fort Bragg,zcta,95437,Fort Bragg,39.443949,-123.68592,422442,,2016-08-31,10,0,Zillow ZIP-level market for Fort Bragg; mapped with Census 2020 ZCTA 95437 in Mendocino County.,,,,
95490 Willits,zcta,95490,Willits,39.4793198,-123.3481599,358793,,2016-08-31,10,0,Zillow ZIP-level market for Willits; mapped with Census 2020 ZCTA 95490 in Mendocino County.,,,,
95470 Redwood Valley,zcta,95470,Redwood Valley,39.2990232,-123.239243,503701,,2016-08-31,10,0,Zillow ZIP-level market for Redwood Valley; mapped with Census 2020 ZCTA 95470 in Mendocino County.,,,,
95428 Covelo,zcta,95428,Covelo,39.8248031,-123.1796086,270679,,2016-08-31,10,0,Zillow ZIP-level market for Covelo; mapped with Census 2020 ZCTA 95428 in Mendocino County.,,,,
95445 Gualala,zcta,95445,Gualala,38.8325203,-123.4725321,490126,,2016-08-31,10,0,Zillow ZIP-level market for Gualala; mapped with Census 2020 ZCTA 95445 in Mendocino County.,,,,
95454 Laytonville,zcta,95454,Laytonville,39.7840478,-123.4957895,404884,,2016-08-31,10,0,Zillow ZIP-level market for Laytonville; mapped with Census 2020 ZCTA 95454 in Mendocino County.,,,,
95460 Mendocino,zcta,95460,Mendocino,39.305245,-123.7486159,815759,,2016-08-31,10,0,Zillow ZIP-level market for Mendocino; mapped with Census 2020 ZCTA 95460 in Mendocino County.,,,,
95449 Hopland,zcta,95449,Hopland,38.9361372,-123.1194447,448103,,2016-08-31,10,0,Zillow ZIP-level market for Hopland; mapped with Census 2020 ZCTA 95449 in Mendocino County.,,,,
95410 Albion,zcta,95410,Albion,39.2349401,-123.6998535,605417,,2016-08-31,10,0,Zillow ZIP-level market for Albion; mapped with Census 2020 ZCTA 95410 in Mendocino County.,,,,
95459 Manchester,zcta,95459,Manchester,38.9766284,-123.6048542,515389,,2016-08-31,10,0,Zillow ZIP-level market for Manchester; mapped with Census 2020 ZCTA 95459 in Mendocino County.,,,,
95482 Ukiah,zcta,95482,Ukiah,39.1368043,-123.2610887,421310,,2016-09-30,10,0,Zillow ZIP-level market for Ukiah; mapped with Census 2020 ZCTA 95482 in Mendocino County.,,,,
95437 Fort Bragg,zcta,95437,Fort Bragg,39.443949,-123.68592,423344,,2016-09-30,10,0,Zillow ZIP-level market for Fort Bragg; mapped with Census 2020 ZCTA 95437 in Mendocino County.,,,,
95490 Willits,zcta,95490,Willits,39.4793198,-123.3481599,359102,,2016-09-30,10,0,Zillow ZIP-level market for Willits; mapped with Census 2020 ZCTA 95490 in Mendocino County.,,,,
95470 Redwood Valley,zcta,95470,Redwood Valley,39.2990232,-123.239243,506405,,2016-09-30,10,0,Zillow ZIP-level market for Redwood Valley; mapped with Census 2020 ZCTA 95470 in Mendocino County.,,,,
95428 Covelo,zcta,95428,Covelo,39.8248031,-123.1796086,270799,,2016-09-30,10,0,Zillow ZIP-level market for Covelo; mapped with Census 2020 ZCTA 95428 in Mendocino County.,,,,
95445 Gualala,zcta,95445,Gualala,38.8325203,-123.4725321,487923,,2016-09-30,10,0,Zillow ZIP-level market for Gualala; mapped with Census 2020 ZCTA 95445 in Mendocino County.,,,,
95454 Laytonville,zcta,95454,Laytonville,39.7840478,-123.4957895,408607,,2016-09-30,10,0,Zillow ZIP-level market for Laytonville; mapped with Census 2020 ZCTA 95454 in Mendocino County.,,,,
95460 Mendocino,zcta,95460,Mendocino,39.305245,-123.7486159,812914,,2016-09-30,10,0,Zillow ZIP-level market for Mendocino; mapped with Census 2020 ZCTA 95460 in Mendocino County.,,,,
95449 Hopland,zcta,95449,Hopland,38.9361372,-123.1194447,454536,,2016-09-30,10,0,Zillow ZIP-level market for Hopland; mapped with Census 2020 ZCTA 95449 in Mendocino County.,,,,
95410 Albion,zcta,95410,Albion,39.2349401,-123.6998535,602448,,2016-09-30,10,0,Zillow ZIP-level market for Albion; mapped with Census 2020 ZCTA 95410 in Mendocino County.,,,,
95459 Manchester,zcta,95459,Manchester,38.9766284,-123.6048542,512949,,2016-09-30,10,0,Zillow ZIP-level market for Manchester; mapped with Census 2020 ZCTA 95459 in Mendocino County.,,,,
95482 Ukiah,zcta,95482,Ukiah,39.1368043,-123.2610887,423526,,2016-10-31,10,0,Zillow ZIP-level market for Ukiah; mapped with Census 2020 ZCTA 95482 in Mendocino County.,,,,
95437 Fort Bragg,zcta,95437,Fort Bragg,39.443949,-123.68592,425425,,2016-10-31,10,0,Zillow ZIP-level market for Fort Bragg; mapped with Census 2020 ZCTA 95437 in Mendocino County.,,,,
95490 Willits,zcta,95490,Willits,39.4793198,-123.3481599,360486,,2016-10-31,10,0,Zillow ZIP-level market for Willits; mapped with Census 2020 ZCTA 95490 in Mendocino County.,,,,
95470 Redwood Valley,zcta,95470,Redwood Valley,39.2990232,-123.239243,510594,,2016-10-31,10,0,Zillow ZIP-level market for Redwood Valley; mapped with Census 2020 ZCTA 95470 in Mendocino County.,,,,
95428 Covelo,zcta,95428,Covelo,39.8248031,-123.1796086,272393,,2016-10-31,10,0,Zillow ZIP-level market for Covelo; mapped with Census 2020 ZCTA 95428 in Mendocino County.,,,,
95445 Gualala,zcta,95445,Gualala,38.8325203,-123.4725321,487410,,2016-10-31,10,0,Zillow ZIP-level market for Gualala; mapped with Census 2020 ZCTA 95445 in Mendocino County.,,,,
95454 Laytonville,zcta,95454,Laytonville,39.7840478,-123.4957895,412798,,2016-10-31,10,0,Zillow ZIP-level market for Laytonville; mapped with Census 2020 ZCTA 95454 in Mendocino County.,,,,
95460 Mendocino,zcta,95460,Mendocino,39.305245,-123.7486159,815017,,2016-10-31,10,0,Zillow ZIP-level market for Mendocino; mapped with Census 2020 ZCTA 95460 in Mendocino County.,,,,
95449 Hopland,zcta,95449,Hopland,38.9361372,-123.1194447,461490,,2016-10-31,10,0,Zillow ZIP-level market for Hopland; mapped with Census 2020 ZCTA 95449 in Mendocino County.,,,,
95410 Albion,zcta,95410,Albion,39.2349401,-123.6998535,600461,,2016-10-31,10,0,Zillow ZIP-level market for Albion; mapped with Census 2020 ZCTA 95410 in Mendocino County.,,,,
95459 Manchester,zcta,95459,Manchester,38.9766284,-123.6048542,512795,,2016-10-31,10,0,Zillow ZIP-level market for Manchester; mapped with Census 2020 ZCTA 95459 in Mendocino County.,,,,
95482 Ukiah,zcta,95482,Ukiah,39.1368043,-123.2610887,426114,,2016-11-30,10,0,Zillow ZIP-level market for Ukiah; mapped with Census 2020 ZCTA 95482 in Mendocino County.,,,,
95437 Fort Bragg,zcta,95437,Fort Bragg,39.443949,-123.68592,426934,,2016-11-30,10,0,Zillow ZIP-level market for Fort Bragg; mapped with Census 2020 ZCTA 95437 in Mendocino County.,,,,
95490 Willits,zcta,95490,Willits,39.4793198,-123.3481599,362254,,2016-11-30,10,0,Zillow ZIP-level market for Willits; mapped with Census 2020 ZCTA 95490 in Mendocino County.,,,,
95470 Redwood Valley,zcta,95470,Redwood Valley,39.2990232,-123.239243,514485,,2016-11-30,10,0,Zillow ZIP-level market for Redwood Valley; mapped with Census 2020 ZCTA 95470 in Mendocino County.,,,,
95428 Covelo,zcta,95428,Covelo,39.8248031,-123.1796086,274449,,2016-11-30,10,0,Zillow ZIP-level market for Covelo; mapped with Census 2020 ZCTA 95428 in Mendocino County.,,,,
95445 Gualala,zcta,95445,Gualala,38.8325203,-123.4725321,488981,,2016-11-30,10,0,Zillow ZIP-level market for Gualala; mapped with Census 2020 ZCTA 95445 in Mendocino County.,,,,
95454 Laytonville,zcta,95454,Laytonville,39.7840478,-123.4957895,415217,,2016-11-30,10,0,Zillow ZIP-level market for Laytonville; mapped with Census 2020 ZCTA 95454 in Mendocino County.,,,,
95460 Mendocino,zcta,95460,Mendocino,39.305245,-123.7486159,819451,,2016-11-30,10,0,Zillow ZIP-level market for Mendocino; mapped with Census 2020 ZCTA 95460 in Mendocino County.,,,,
95449 Hopland,zcta,95449,Hopland,38.9361372,-123.1194447,465871,,2016-11-30,10,0,Zillow ZIP-level market for Hopland; mapped with Census 2020 ZCTA 95449 in Mendocino County.,,,,
95410 Albion,zcta,95410,Albion,39.2349401,-123.6998535,599430,,2016-11-30,10,0,Zillow ZIP-level market for Albion; mapped with Census 2020 ZCTA 95410 in Mendocino County.,,,,
95459 Manchester,zcta,95459,Manchester,38.9766284,-123.6048542,514898,,2016-11-30,10,0,Zillow ZIP-level market for Manchester; mapped with Census 2020 ZCTA 95459 in Mendocino County.,,,,
95482 Ukiah,zcta,95482,Ukiah,39.1368043,-123.2610887,429443,,2016-12-31,10,0,Zillow ZIP-level market for Ukiah; mapped with Census 2020 ZCTA 95482 in Mendocino County.,,,,
95437 Fort Bragg,zcta,95437,Fort Bragg,39.443949,-123.68592,429490,,2016-12-31,10,0,Zillow ZIP-level market for Fort Bragg; mapped with Census 2020 ZCTA 95437 in Mendocino County.,,,,
95490 Willits,zcta,95490,Willits,39.4793198,-123.3481599,365232,,2016-12-31,10,0,Zillow ZIP-level market for Willits; mapped with Census 2020 ZCTA 95490 in Mendocino County.,,,,
95470 Redwood Valley,zcta,95470,Redwood Valley,39.2990232,-123.239243,518534,,2016-12-31,10,0,Zillow ZIP-level market for Redwood Valley; mapped with Census 2020 ZCTA 95470 in Mendocino County.,,,,
95428 Covelo,zcta,95428,Covelo,39.8248031,-123.1796086,279855,,2016-12-31,10,0,Zillow ZIP-level market for Covelo; mapped with Census 2020 ZCTA 95428 in Mendocino County.,,,,
95445 Gualala,zcta,95445,Gualala,38.8325203,-123.4725321,493064,,2016-12-31,10,0,Zillow ZIP-level market for Gualala; mapped with Census 2020 ZCTA 95445 in Mendocino County.,,,,
95454 Laytonville,zcta,95454,Laytonville,39.7840478,-123.4957895,417914,,2016-12-31,10,0,Zillow ZIP-level market for Laytonville; mapped with Census 2020 ZCTA 95454 in Mendocino County.,,,,
95460 Mendocino,zcta,95460,Mendocino,39.305245,-123.7486159,822345,,2016-12-31,10,0,Zillow ZIP-level market for Mendocino; mapped with Census 2020 ZCTA 95460 in Mendocino County.,,,,
95449 Hopland,zcta,95449,Hopland,38.9361372,-123.1194447,468971,,2016-12-31,10,0,Zillow ZIP-level market for Hopland; mapped with Census 2020 ZCTA 95449 in Mendocino County.,,,,
95410 Albion,zcta,95410,Albion,39.2349401,-123.6998535,601477,,2016-12-31,10,0,Zillow ZIP-level market for Albion; mapped with Census 2020 ZCTA 95410 in Mendocino County.,,,,
95459 Manchester,zcta,95459,Manchester,38.9766284,-123.6048542,520125,,2016-12-31,10,0,Zillow ZIP-level market for Manchester; mapped with Census 2020 ZCTA 95459 in Mendocino County.,,,,
95482 Ukiah,zcta,95482,Ukiah,39.1368043,-123.2610887,433479,,2017-01-31,10,0,Zillow ZIP-level market for Ukiah; mapped with Census 2020 ZCTA 95482 in Mendocino County.,,,,
95437 Fort Bragg,zcta,95437,Fort Bragg,39.443949,-123.68592,432701,,2017-01-31,10,0,Zillow ZIP-level market for Fort Bragg; mapped with Census 2020 ZCTA 95437 in Mendocino County.,,,,
95490 Willits,zcta,95490,Willits,39.4793198,-123.3481599,369266,,2017-01-31,10,0,Zillow ZIP-level market for Willits; mapped with Census 2020 ZCTA 95490 in Mendocino County.,,,,
95470 Redwood Valley,zcta,95470,Redwood Valley,39.2990232,-123.239243,522396,,2017-01-31,10,0,Zillow ZIP-level market for Redwood Valley; mapped with Census 2020 ZCTA 95470 in Mendocino County.,,,,
95428 Covelo,zcta,95428,Covelo,39.8248031,-123.1796086,287131,,2017-01-31,10,0,Zillow ZIP-level market for Covelo; mapped with Census 2020 ZCTA 95428 in Mendocino County.,,,,
95445 Gualala,zcta,95445,Gualala,38.8325203,-123.4725321,499457,,2017-01-31,10,0,Zillow ZIP-level market for Gualala; mapped with Census 2020 ZCTA 95445 in Mendocino County.,,,,
95454 Laytonville,zcta,95454,Laytonville,39.7840478,-123.4957895,420276,,2017-01-31,10,0,Zillow ZIP-level market for Laytonville; mapped with Census 2020 ZCTA 95454 in Mendocino County.,,,,
95460 Mendocino,zcta,95460,Mendocino,39.305245,-123.7486159,825096,,2017-01-31,10,0,Zillow ZIP-level market for Mendocino; mapped with Census 2020 ZCTA 95460 in Mendocino County.,,,,
95449 Hopland,zcta,95449,Hopland,38.9361372,-123.1194447,469879,,2017-01-31,10,0,Zillow ZIP-level market for Hopland; mapped with Census 2020 ZCTA 95449 in Mendocino County.,,,,
95410 Albion,zcta,95410,Albion,39.2349401,-123.6998535,606478,,2017-01-31,10,0,Zillow ZIP-level market for Albion; mapped with Census 2020 ZCTA 95410 in Mendocino County.,,,,
95459 Manchester,zcta,95459,Manchester,38.9766284,-123.6048542,527612,,2017-01-31,10,0,Zillow ZIP-level market for Manchester; mapped with Census 2020 ZCTA 95459 in Mendocino County.,,,,
95482 Ukiah,zcta,95482,Ukiah,39.1368043,-123.2610887,438829,,2017-02-28,10,0,Zillow ZIP-level market for Ukiah; mapped with Census 2020 ZCTA 95482 in Mendocino County.,,,,
95437 Fort Bragg,zcta,95437,Fort Bragg,39.443949,-123.68592,436870,,2017-02-28,10,0,Zillow ZIP-level market for Fort Bragg; mapped with Census 2020 ZCTA 95437 in Mendocino County.,,,,
95490 Willits,zcta,95490,Willits,39.4793198,-123.3481599,373484,,2017-02-28,10,0,Zillow ZIP-level market for Willits; mapped with Census 2020 ZCTA 95490 in Mendocino County.,,,,
95470 Redwood Valley,zcta,95470,Redwood Valley,39.2990232,-123.239243,526986,,2017-02-28,10,0,Zillow ZIP-level market for Redwood Valley; mapped with Census 2020 ZCTA 95470 in Mendocino County.,,,,
95428 Covelo,zcta,95428,Covelo,39.8248031,-123.1796086,294869,,2017-02-28,10,0,Zillow ZIP-level market for Covelo; mapped with Census 2020 ZCTA 95428 in Mendocino County.,,,,
95445 Gualala,zcta,95445,Gualala,38.8325203,-123.4725321,506816,,2017-02-28,10,0,Zillow ZIP-level market for Gualala; mapped with Census 2020 ZCTA 95445 in Mendocino County.,,,,
95454 Laytonville,zcta,95454,Laytonville,39.7840478,-123.4957895,423954,,2017-02-28,10,0,Zillow ZIP-level market for Laytonville; mapped with Census 2020 ZCTA 95454 in Mendocino County.,,,,
95460 Mendocino,zcta,95460,Mendocino,39.305245,-123.7486159,827913,,2017-02-28,10,0,Zillow ZIP-level market for Mendocino; mapped with Census 2020 ZCTA 95460 in Mendocino County.,,,,
95449 Hopland,zcta,95449,Hopland,38.9361372,-123.1194447,472806,,2017-02-28,10,0,Zillow ZIP-level market for Hopland; mapped with Census 2020 ZCTA 95449 in Mendocino County.,,,,
95410 Albion,zcta,95410,Albion,39.2349401,-123.6998535,614034,,2017-02-28,10,0,Zillow ZIP-level market for Albion; mapped with Census 2020 ZCTA 95410 in Mendocino County.,,,,
95459 Manchester,zcta,95459,Manchester,38.9766284,-123.6048542,535685,,2017-02-28,10,0,Zillow ZIP-level market for Manchester; mapped with Census 2020 ZCTA 95459 in Mendocino County.,,,,
95482 Ukiah,zcta,95482,Ukiah,39.1368043,-123.2610887,444532,,2017-03-31,10,0,Zillow ZIP-level market for Ukiah; mapped with Census 2020 ZCTA 95482 in Mendocino County.,,,,
95437 Fort Bragg,zcta,95437,Fort Bragg,39.443949,-123.68592,441818,,2017-03-31,10,0,Zillow ZIP-level market for Fort Bragg; mapped with Census 2020 ZCTA 95437 in Mendocino County.,,,,
95490 Willits,zcta,95490,Willits,39.4793198,-123.3481599,378011,,2017-03-31,10,0,Zillow ZIP-level market for Willits; mapped with Census 2020 ZCTA 95490 in Mendocino County.,,,,
95470 Redwood Valley,zcta,95470,Redwood Valley,39.2990232,-123.239243,531998,,2017-03-31,10,0,Zillow ZIP-level market for Redwood Valley; mapped with Census 2020 ZCTA 95470 in Mendocino County.,,,,
95428 Covelo,zcta,95428,Covelo,39.8248031,-123.1796086,301417,,2017-03-31,10,0,Zillow ZIP-level market for Covelo; mapped with Census 2020 ZCTA 95428 in Mendocino County.,,,,
95445 Gualala,zcta,95445,Gualala,38.8325203,-123.4725321,514703,,2017-03-31,10,0,Zillow ZIP-level market for Gualala; mapped with Census 2020 ZCTA 95445 in Mendocino County.,,,,
95454 Laytonville,zcta,95454,Laytonville,39.7840478,-123.4957895,429225,,2017-03-31,10,0,Zillow ZIP-level market for Laytonville; mapped with Census 2020 ZCTA 95454 in Mendocino County.,,,,
95460 Mendocino,zcta,95460,Mendocino,39.305245,-123.7486159,835425,,2017-03-31,10,0,Zillow ZIP-level market for Mendocino; mapped with Census 2020 ZCTA 95460 in Mendocino County.,,,,
95449 Hopland,zcta,95449,Hopland,38.9361372,-123.1194447,476233,,2017-03-31,10,0,Zillow ZIP-level market for Hopland; mapped with Census 2020 ZCTA 95449 in Mendocino County.,,,,
95410 Albion,zcta,95410,Albion,39.2349401,-123.6998535,623311,,2017-03-31,10,0,Zillow ZIP-level market for Albion; mapped with Census 2020 ZCTA 95410 in Mendocino County.,,,,
95459 Manchester,zcta,95459,Manchester,38.9766284,-123.6048542,542268,,2017-03-31,10,0,Zillow ZIP-level market for Manchester; mapped with Census 2020 ZCTA 95459 in Mendocino County.,,,,
95482 Ukiah,zcta,95482,Ukiah,39.1368043,-123.2610887,448847,,2017-04-30,10,0,Zillow ZIP-level market for Ukiah; mapped with Census 2020 ZCTA 95482 in Mendocino County.,,,,
95437 Fort Bragg,zcta,95437,Fort Bragg,39.443949,-123.68592,447127,,2017-04-30,10,0,Zillow ZIP-level market for Fort Bragg; mapped with Census 2020 ZCTA 95437 in Mendocino County.,,,,
95490 Willits,zcta,95490,Willits,39.4793198,-123.3481599,382464,,2017-04-30,10,0,Zillow ZIP-level market for Willits; mapped with Census 2020 ZCTA 95490 in Mendocino County.,,,,
95470 Redwood Valley,zcta,95470,Redwood Valley,39.2990232,-123.239243,536192,,2017-04-30,10,0,Zillow ZIP-level market for Redwood Valley; mapped with Census 2020 ZCTA 95470 in Mendocino County.,,,,
95428 Covelo,zcta,95428,Covelo,39.8248031,-123.1796086,306623,,2017-04-30,10,0,Zillow ZIP-level market for Covelo; mapped with Census 2020 ZCTA 95428 in Mendocino County.,,,,
95445 Gualala,zcta,95445,Gualala,38.8325203,-123.4725321,521835,,2017-04-30,10,0,Zillow ZIP-level market for Gualala; mapped with Census 2020 ZCTA 95445 in Mendocino County.,,,,
95454 Laytonville,zcta,95454,Laytonville,39.7840478,-123.4957895,435440,,2017-04-30,10,0,Zillow ZIP-level market for Laytonville; mapped with Census 2020 ZCTA 95454 in Mendocino County.,,,,
95460 Mendocino,zcta,95460,Mendocino,39.305245,-123.7486159,842141,,2017-04-30,10,0,Zillow ZIP-level market for Mendocino; mapped with Census 2020 ZCTA 95460 in Mendocino County.,,,,
95449 Hopland,zcta,95449,Hopland,38.9361372,-123.1194447,481819,,2017-04-30,10,0,Zillow ZIP-level market for Hopland; mapped with Census 2020 ZCTA 95449 in Mendocino County.,,,,
95410 Albion,zcta,95410,Albion,39.2349401,-123.6998535,631748,,2017-04-30,10,0,Zillow ZIP-level market for Albion; mapped with Census 2020 ZCTA 95410 in Mendocino County.,,,,
95459 Manchester,zcta,95459,Manchester,38.9766284,-123.6048542,547085,,2017-04-30,10,0,Zillow ZIP-level market for Manchester; mapped with Census 2020 ZCTA 95459 in Mendocino County.,,,,
95482 Ukiah,zcta,95482,Ukiah,39.1368043,-123.2610887,451552,,2017-05-31,10,0,Zillow ZIP-level market for Ukiah; mapped with Census 2020 ZCTA 95482 in Mendocino County.,,,,
95437 Fort Bragg,zcta,95437,Fort Bragg,39.443949,-123.68592,451796,,2017-05-31,10,0,Zillow ZIP-level market for Fort Bragg; mapped with Census 2020 ZCTA 95437 in Mendocino County.,,,,
95490 Willits,zcta,95490,Willits,39.4793198,-123.3481599,385785,,2017-05-31,10,0,Zillow ZIP-level market for Willits; mapped with Census 2020 ZCTA 95490 in Mendocino County.,,,,
95470 Redwood Valley,zcta,95470,Redwood Valley,39.2990232,-123.239243,538757,,2017-05-31,10,0,Zillow ZIP-level market for Redwood Valley; mapped with Census 2020 ZCTA 95470 in Mendocino County.,,,,
95428 Covelo,zcta,95428,Covelo,39.8248031,-123.1796086,309549,,2017-05-31,10,0,Zillow ZIP-level market for Covelo; mapped with Census 2020 ZCTA 95428 in Mendocino County.,,,,
95445 Gualala,zcta,95445,Gualala,38.8325203,-123.4725321,528801,,2017-05-31,10,0,Zillow ZIP-level market for Gualala; mapped with Census 2020 ZCTA 95445 in Mendocino County.,,,,
95454 Laytonville,zcta,95454,Laytonville,39.7840478,-123.4957895,439091,,2017-05-31,10,0,Zillow ZIP-level market for Laytonville; mapped with Census 2020 ZCTA 95454 in Mendocino County.,,,,
95460 Mendocino,zcta,95460,Mendocino,39.305245,-123.7486159,849751,,2017-05-31,10,0,Zillow ZIP-level market for Mendocino; mapped with Census 2020 ZCTA 95460 in Mendocino County.,,,,
95449 Hopland,zcta,95449,Hopland,38.9361372,-123.1194447,486519,,2017-05-31,10,0,Zillow ZIP-level market for Hopland; mapped with Census 2020 ZCTA 95449 in Mendocino County.,,,,
95410 Albion,zcta,95410,Albion,39.2349401,-123.6998535,637209,,2017-05-31,10,0,Zillow ZIP-level market for Albion; mapped with Census 2020 ZCTA 95410 in Mendocino County.,,,,
95459 Manchester,zcta,95459,Manchester,38.9766284,-123.6048542,551410,,2017-05-31,10,0,Zillow ZIP-level market for Manchester; mapped with Census 2020 ZCTA 95459 in Mendocino County.,,,,
95482 Ukiah,zcta,95482,Ukiah,39.1368043,-123.2610887,454089,,2017-06-30,10,0,Zillow ZIP-level market for Ukiah; mapped with Census 2020 ZCTA 95482 in Mendocino County.,,,,
95437 Fort Bragg,zcta,95437,Fort Bragg,39.443949,-123.68592,457645,,2017-06-30,10,0,Zillow ZIP-level market for Fort Bragg; mapped with Census 2020 ZCTA 95437 in Mendocino County.,,,,
95490 Willits,zcta,95490,Willits,39.4793198,-123.3481599,388827,,2017-06-30,10,0,Zillow ZIP-level market for Willits; mapped with Census 2020 ZCTA 95490 in Mendocino County.,,,,
95470 Redwood Valley,zcta,95470,Redwood Valley,39.2990232,-123.239243,541495,,2017-06-30,10,0,Zillow ZIP-level market for Redwood Valley; mapped with Census 2020 ZCTA 95470 in Mendocino County.,,,,
95428 Covelo,zcta,95428,Covelo,39.8248031,-123.1796086,313452,,2017-06-30,10,0,Zillow ZIP-level market for Covelo; mapped with Census 2020 ZCTA 95428 in Mendocino County.,,,,
95445 Gualala,zcta,95445,Gualala,38.8325203,-123.4725321,537049,,2017-06-30,10,0,Zillow ZIP-level market for Gualala; mapped with Census 2020 ZCTA 95445 in Mendocino County.,,,,
95454 Laytonville,zcta,95454,Laytonville,39.7840478,-123.4957895,442345,,2017-06-30,10,0,Zillow ZIP-level market for Laytonville; mapped with Census 2020 ZCTA 95454 in Mendocino County.,,,,
95460 Mendocino,zcta,95460,Mendocino,39.305245,-123.7486159,857857,,2017-06-30,10,0,Zillow ZIP-level market for Mendocino; mapped with Census 2020 ZCTA 95460 in Mendocino County.,,,,
95449 Hopland,zcta,95449,Hopland,38.9361372,-123.1194447,493900,,2017-06-30,10,0,Zillow ZIP-level market for Hopland; mapped with Census 2020 ZCTA 95449 in Mendocino County.,,,,
95410 Albion,zcta,95410,Albion,39.2349401,-123.6998535,641817,,2017-06-30,10,0,Zillow ZIP-level market for Albion; mapped with Census 2020 ZCTA 95410 in Mendocino County.,,,,
95459 Manchester,zcta,95459,Manchester,38.9766284,-123.6048542,556917,,2017-06-30,10,0,Zillow ZIP-level market for Manchester; mapped with Census 2020 ZCTA 95459 in Mendocino County.,,,,
95482 Ukiah,zcta,95482,Ukiah,39.1368043,-123.2610887,457835,,2017-07-31,10,0,Zillow ZIP-level market for Ukiah; mapped with Census 2020 ZCTA 95482 in Mendocino County.,,,,
95437 Fort Bragg,zcta,95437,Fort Bragg,39.443949,-123.68592,463752,,2017-07-31,10,0,Zillow ZIP-level market for Fort Bragg; mapped with Census 2020 ZCTA 95437 in Mendocino County.,,,,
95490 Willits,zcta,95490,Willits,39.4793198,-123.3481599,391826,,2017-07-31,10,0,Zillow ZIP-level market for Willits; mapped with Census 2020 ZCTA 95490 in Mendocino County.,,,,
95470 Redwood Valley,zcta,95470,Redwood Valley,39.2990232,-123.239243,544088,,2017-07-31,10,0,Zillow ZIP-level market for Redwood Valley; mapped with Census 2020 ZCTA 95470 in Mendocino County.,,,,
95428 Covelo,zcta,95428,Covelo,39.8248031,-123.1796086,318518,,2017-07-31,10,0,Zillow ZIP-level market for Covelo; mapped with Census 2020 ZCTA 95428 in Mendocino County.,,,,
95445 Gualala,zcta,95445,Gualala,38.8325203,-123.4725321,545140,,2017-07-31,10,0,Zillow ZIP-level market for Gualala; mapped with Census 2020 ZCTA 95445 in Mendocino County.,,,,
95454 Laytonville,zcta,95454,Laytonville,39.7840478,-123.4957895,446467,,2017-07-31,10,0,Zillow ZIP-level market for Laytonville; mapped with Census 2020 ZCTA 95454 in Mendocino County.,,,,
95460 Mendocino,zcta,95460,Mendocino,39.305245,-123.7486159,868440,,2017-07-31,10,0,Zillow ZIP-level market for Mendocino; mapped with Census 2020 ZCTA 95460 in Mendocino County.,,,,
95449 Hopland,zcta,95449,Hopland,38.9361372,-123.1194447,503211,,2017-07-31,10,0,Zillow ZIP-level market for Hopland; mapped with Census 2020 ZCTA 95449 in Mendocino County.,,,,
95410 Albion,zcta,95410,Albion,39.2349401,-123.6998535,647201,,2017-07-31,10,0,Zillow ZIP-level market for Albion; mapped with Census 2020 ZCTA 95410 in Mendocino County.,,,,
95459 Manchester,zcta,95459,Manchester,38.9766284,-123.6048542,563250,,2017-07-31,10,0,Zillow ZIP-level market for Manchester; mapped with Census 2020 ZCTA 95459 in Mendocino County.,,,,
95482 Ukiah,zcta,95482,Ukiah,39.1368043,-123.2610887,461404,,2017-08-31,10,0,Zillow ZIP-level market for Ukiah; mapped with Census 2020 ZCTA 95482 in Mendocino County.,,,,
95437 Fort Bragg,zcta,95437,Fort Bragg,39.443949,-123.68592,468621,,2017-08-31,10,0,Zillow ZIP-level market for Fort Bragg; mapped with Census 2020 ZCTA 95437 in Mendocino County.,,,,
95490 Willits,zcta,95490,Willits,39.4793198,-123.3481599,395181,,2017-08-31,10,0,Zillow ZIP-level market for Willits; mapped with Census 2020 ZCTA 95490 in Mendocino County.,,,,
95470 Redwood Valley,zcta,95470,Redwood Valley,39.2990232,-123.239243,547416,,2017-08-31,10,0,Zillow ZIP-level market for Redwood Valley; mapped with Census 2020 ZCTA 95470 in Mendocino County.,,,,
95428 Covelo,zcta,95428,Covelo,39.8248031,-123.1796086,326219,,2017-08-31,10,0,Zillow ZIP-level market for Covelo; mapped with Census 2020 ZCTA 95428 in Mendocino County.,,,,
95445 Gualala,zcta,95445,Gualala,38.8325203,-123.4725321,552101,,2017-08-31,10,0,Zillow ZIP-level market for Gualala; mapped with Census 2020 ZCTA 95445 in Mendocino County.,,,,
95454 Laytonville,zcta,95454,Laytonville,39.7840478,-123.4957895,454389,,2017-08-31,10,0,Zillow ZIP-level market for Laytonville; mapped with Census 2020 ZCTA 95454 in Mendocino County.,,,,
95460 Mendocino,zcta,95460,Mendocino,39.305245,-123.7486159,877337,,2017-08-31,10,0,Zillow ZIP-level market for Mendocino; mapped with Census 2020 ZCTA 95460 in Mendocino County.,,,,
95449 Hopland,zcta,95449,Hopland,38.9361372,-123.1194447,514444,,2017-08-31,10,0,Zillow ZIP-level market for Hopland; mapped with Census 2020 ZCTA 95449 in Mendocino County.,,,,
95410 Albion,zcta,95410,Albion,39.2349401,-123.6998535,652230,,2017-08-31,10,0,Zillow ZIP-level market for Albion; mapped with Census 2020 ZCTA 95410 in Mendocino County.,,,,
95459 Manchester,zcta,95459,Manchester,38.9766284,-123.6048542,568851,,2017-08-31,10,0,Zillow ZIP-level market for Manchester; mapped with Census 2020 ZCTA 95459 in Mendocino County.,,,,
95482 Ukiah,zcta,95482,Ukiah,39.1368043,-123.2610887,464842,,2017-09-30,10,0,Zillow ZIP-level market for Ukiah; mapped with Census 2020 ZCTA 95482 in Mendocino County.,,,,
95437 Fort Bragg,zcta,95437,Fort Bragg,39.443949,-123.68592,472402,,2017-09-30,10,0,Zillow ZIP-level market for Fort Bragg; mapped with Census 2020 ZCTA 95437 in Mendocino County.,,,,
95490 Willits,zcta,95490,Willits,39.4793198,-123.3481599,398216,,2017-09-30,10,0,Zillow ZIP-level market for Willits; mapped with Census 2020 ZCTA 95490 in Mendocino County.,,,,
95470 Redwood Valley,zcta,95470,Redwood Valley,39.2990232,-123.239243,551967,,2017-09-30,10,0,Zillow ZIP-level market for Redwood Valley; mapped with Census 2020 ZCTA 95470 in Mendocino County.,,,,
95428 Covelo,zcta,95428,Covelo,39.8248031,-123.1796086,332761,,2017-09-30,10,0,Zillow ZIP-level market for Covelo; mapped with Census 2020 ZCTA 95428 in Mendocino County.,,,,
95445 Gualala,zcta,95445,Gualala,38.8325203,-123.4725321,557821,,2017-09-30,10,0,Zillow ZIP-level market for Gualala; mapped with Census 2020 ZCTA 95445 in Mendocino County.,,,,
95454 Laytonville,zcta,95454,Laytonville,39.7840478,-123.4957895,461897,,2017-09-30,10,0,Zillow ZIP-level market for Laytonville; mapped with Census 2020 ZCTA 95454 in Mendocino County.,,,,
95460 Mendocino,zcta,95460,Mendocino,39.305245,-123.7486159,885568,,2017-09-30,10,0,Zillow ZIP-level market for Mendocino; mapped with Census 2020 ZCTA 95460 in Mendocino County.,,,,
95449 Hopland,zcta,95449,Hopland,38.9361372,-123.1194447,522448,,2017-09-30,10,0,Zillow ZIP-level market for Hopland; mapped with Census 2020 ZCTA 95449 in Mendocino County.,,,,
95410 Albion,zcta,95410,Albion,39.2349401,-123.6998535,654758,,2017-09-30,10,0,Zillow ZIP-level market for Albion; mapped with Census 2020 ZCTA 95410 in Mendocino County.,,,,
95459 Manchester,zcta,95459,Manchester,38.9766284,-123.6048542,572237,,2017-09-30,10,0,Zillow ZIP-level market for Manchester; mapped with Census 2020 ZCTA 95459 in Mendocino County.,,,,
95482 Ukiah,zcta,95482,Ukiah,39.1368043,-123.2610887,468431,,2017-10-31,10,0,Zillow ZIP-level market for Ukiah; mapped with Census 2020 ZCTA 95482 in Mendocino County.,,,,
95437 Fort Bragg,zcta,95437,Fort Bragg,39.443949,-123.68592,476802,,2017-10-31,10,0,Zillow ZIP-level market for Fort Bragg; mapped with Census 2020 ZCTA 95437 in Mendocino County.,,,,
95490 Willits,zcta,95490,Willits,39.4793198,-123.3481599,401266,,2017-10-31,10,0,Zillow ZIP-level market for Willits; mapped with Census 2020 ZCTA 95490 in Mendocino County.,,,,
95470 Redwood Valley,zcta,95470,Redwood Valley,39.2990232,-123.239243,555798,,2017-10-31,10,0,Zillow ZIP-level market for Redwood Valley; mapped with Census 2020 ZCTA 95470 in Mendocino County.,,,,
95428 Covelo,zcta,95428,Covelo,39.8248031,-123.1796086,337805,,2017-10-31,10,0,Zillow ZIP-level market for Covelo; mapped with Census 2020 ZCTA 95428 in Mendocino County.,,,,
95445 Gualala,zcta,95445,Gualala,38.8325203,-123.4725321,564383,,2017-10-31,10,0,Zillow ZIP-level market for Gualala; mapped with Census 2020 ZCTA 95445 in Mendocino County.,,,,
95454 Laytonville,zcta,95454,Laytonville,39.7840478,-123.4957895,466294,,2017-10-31,10,0,Zillow ZIP-level market for Laytonville; mapped with Census 2020 ZCTA 95454 in Mendocino County.,,,,
95460 Mendocino,zcta,95460,Mendocino,39.305245,-123.7486159,893228,,2017-10-31,10,0,Zillow ZIP-level market for Mendocino; mapped with Census 2020 ZCTA 95460 in Mendocino County.,,,,
95449 Hopland,zcta,95449,Hopland,38.9361372,-123.1194447,528025,,2017-10-31,10,0,Zillow ZIP-level market for Hopland; mapped with Census 2020 ZCTA 95449 in Mendocino County.,,,,
95410 Albion,zcta,95410,Albion,39.2349401,-123.6998535,655717,,2017-10-31,10,0,Zillow ZIP-level market for Albion; mapped with Census 2020 ZCTA 95410 in Mendocino County.,,,,
95459 Manchester,zcta,95459,Manchester,38.9766284,-123.6048542,575367,,2017-10-31,10,0,Zillow ZIP-level market for Manchester; mapped with Census 2020 ZCTA 95459 in Mendocino County.,,,,
95482 Ukiah,zcta,95482,Ukiah,39.1368043,-123.2610887,472651,,2017-11-30,10,0,Zillow ZIP-level market for Ukiah; mapped with Census 2020 ZCTA 95482 in Mendocino County.,,,,
95437 Fort Bragg,zcta,95437,Fort Bragg,39.443949,-123.68592,482095,,2017-11-30,10,0,Zillow ZIP-level market for Fort Bragg; mapped with Census 2020 ZCTA 95437 in Mendocino County.,,,,
95490 Willits,zcta,95490,Willits,39.4793198,-123.3481599,404331,,2017-11-30,10,0,Zillow ZIP-level market for Willits; mapped with Census 2020 ZCTA 95490 in Mendocino County.,,,,
95470 Redwood Valley,zcta,95470,Redwood Valley,39.2990232,-123.239243,560608,,2017-11-30,10,0,Zillow ZIP-level market for Redwood Valley; mapped with Census 2020 ZCTA 95470 in Mendocino County.,,,,
95428 Covelo,zcta,95428,Covelo,39.8248031,-123.1796086,340804,,2017-11-30,10,0,Zillow ZIP-level market for Covelo; mapped with Census 2020 ZCTA 95428 in Mendocino County.,,,,
95445 Gualala,zcta,95445,Gualala,38.8325203,-123.4725321,572697,,2017-11-30,10,0,Zillow ZIP-level market for Gualala; mapped with Census 2020 ZCTA 95445 in Mendocino County.,,,,
95454 Laytonville,zcta,95454,Laytonville,39.7840478,-123.4957895,467399,,2017-11-30,10,0,Zillow ZIP-level market for Laytonville; mapped with Census 2020 ZCTA 95454 in Mendocino County.,,,,
95460 Mendocino,zcta,95460,Mendocino,39.305245,-123.7486159,901807,,2017-11-30,10,0,Zillow ZIP-level market for Mendocino; mapped with Census 2020 ZCTA 95460 in Mendocino County.,,,,
95449 Hopland,zcta,95449,Hopland,38.9361372,-123.1194447,532412,,2017-11-30,10,0,Zillow ZIP-level market for Hopland; mapped with Census 2020 ZCTA 95449 in Mendocino County.,,,,
95410 Albion,zcta,95410,Albion,39.2349401,-123.6998535,659127,,2017-11-30,10,0,Zillow ZIP-level market for Albion; mapped with Census 2020 ZCTA 95410 in Mendocino County.,,,,
95459 Manchester,zcta,95459,Manchester,38.9766284,-123.6048542,579549,,2017-11-30,10,0,Zillow ZIP-level market for Manchester; mapped with Census 2020 ZCTA 95459 in Mendocino County.,,,,
95482 Ukiah,zcta,95482,Ukiah,39.1368043,-123.2610887,476182,,2017-12-31,10,0,Zillow ZIP-level market for Ukiah; mapped with Census 2020 ZCTA 95482 in Mendocino County.,,,,
95437 Fort Bragg,zcta,95437,Fort Bragg,39.443949,-123.68592,485862,,2017-12-31,10,0,Zillow ZIP-level market for Fort Bragg; mapped with Census 2020 ZCTA 95437 in Mendocino County.,,,,
95490 Willits,zcta,95490,Willits,39.4793198,-123.3481599,407461,,2017-12-31,10,0,Zillow ZIP-level market for Willits; mapped with Census 2020 ZCTA 95490 in Mendocino County.,,,,
95470 Redwood Valley,zcta,95470,Redwood Valley,39.2990232,-123.239243,562851,,2017-12-31,10,0,Zillow ZIP-level market for Redwood Valley; mapped with Census 2020 ZCTA 95470 in Mendocino County.,,,,
95428 Covelo,zcta,95428,Covelo,39.8248031,-123.1796086,342740,,2017-12-31,10,0,Zillow ZIP-level market for Covelo; mapped with Census 2020 ZCTA 95428 in Mendocino County.,,,,
95445 Gualala,zcta,95445,Gualala,38.8325203,-123.4725321,577369,,2017-12-31,10,0,Zillow ZIP-level market for Gualala; mapped with Census 2020 ZCTA 95445 in Mendocino County.,,,,
95454 Laytonville,zcta,95454,Laytonville,39.7840478,-123.4957895,468700,,2017-12-31,10,0,Zillow ZIP-level market for Laytonville; mapped with Census 2020 ZCTA 95454 in Mendocino County.,,,,
95460 Mendocino,zcta,95460,Mendocino,39.305245,-123.7486159,909510,,2017-12-31,10,0,Zillow ZIP-level market for Mendocino; mapped with Census 2020 ZCTA 95460 in Mendocino County.,,,,
95449 Hopland,zcta,95449,Hopland,38.9361372,-123.1194447,536316,,2017-12-31,10,0,Zillow ZIP-level market for Hopland; mapped with Census 2020 ZCTA 95449 in Mendocino County.,,,,
95410 Albion,zcta,95410,Albion,39.2349401,-123.6998535,664732,,2017-12-31,10,0,Zillow ZIP-level market for Albion; mapped with Census 2020 ZCTA 95410 in Mendocino County.,,,,
95459 Manchester,zcta,95459,Manchester,38.9766284,-123.6048542,582362,,2017-12-31,10,0,Zillow ZIP-level market for Manchester; mapped with Census 2020 ZCTA 95459 in Mendocino County.,,,,
95482 Ukiah,zcta,95482,Ukiah,39.1368043,-123.2610887,478879,,2018-01-31,10,0,Zillow ZIP-level market for Ukiah; mapped with Census 2020 ZCTA 95482 in Mendocino County.,,,,
95437 Fort Bragg,zcta,95437,Fort Bragg,39.443949,-123.68592,487735,,2018-01-31,10,0,Zillow ZIP-level market for Fort Bragg; mapped with Census 2020 ZCTA 95437 in Mendocino County.,,,,
95490 Willits,zcta,95490,Willits,39.4793198,-123.3481599,410670,,2018-01-31,10,0,Zillow ZIP-level market for Willits; mapped with Census 2020 ZCTA 95490 in Mendocino County.,,,,
95470 Redwood Valley,zcta,95470,Redwood Valley,39.2990232,-123.239243,566091,,2018-01-31,10,0,Zillow ZIP-level market for Redwood Valley; mapped with Census 2020 ZCTA 95470 in Mendocino County.,,,,
95428 Covelo,zcta,95428,Covelo,39.8248031,-123.1796086,344322,,2018-01-31,10,0,Zillow ZIP-level market for Covelo; mapped with Census 2020 ZCTA 95428 in Mendocino County.,,,,
95445 Gualala,zcta,95445,Gualala,38.8325203,-123.4725321,579783,,2018-01-31,10,0,Zillow ZIP-level market for Gualala; mapped with Census 2020 ZCTA 95445 in Mendocino County.,,,,
95454 Laytonville,zcta,95454,Laytonville,39.7840478,-123.4957895,472572,,2018-01-31,10,0,Zillow ZIP-level market for Laytonville; mapped with Census 2020 ZCTA 95454 in Mendocino County.,,,,
95460 Mendocino,zcta,95460,Mendocino,39.305245,-123.7486159,913525,,2018-01-31,10,0,Zillow ZIP-level market for Mendocino; mapped with Census 2020 ZCTA 95460 in Mendocino County.,,,,
95449 Hopland,zcta,95449,Hopland,38.9361372,-123.1194447,541349,,2018-01-31,10,0,Zillow ZIP-level market for Hopland; mapped with Census 2020 ZCTA 95449 in Mendocino County.,,,,
95410 Albion,zcta,95410,Albion,39.2349401,-123.6998535,671479,,2018-01-31,10,0,Zillow ZIP-level market for Albion; mapped with Census 2020 ZCTA 95410 in Mendocino County.,,,,
95459 Manchester,zcta,95459,Manchester,38.9766284,-123.6048542,583575,,2018-01-31,10,0,Zillow ZIP-level market for Manchester; mapped with Census 2020 ZCTA 95459 in Mendocino County.,,,,
95482 Ukiah,zcta,95482,Ukiah,39.1368043,-123.2610887,481469,,2018-02-28,10,0,Zillow ZIP-level market for Ukiah; mapped with Census 2020 ZCTA 95482 in Mendocino County.,,,,
95437 Fort Bragg,zcta,95437,Fort Bragg,39.443949,-123.68592,489562,,2018-02-28,10,0,Zillow ZIP-level market for Fort Bragg; mapped with Census 2020 ZCTA 95437 in Mendocino County.,,,,
95490 Willits,zcta,95490,Willits,39.4793198,-123.3481599,414184,,2018-02-28,10,0,Zillow ZIP-level market for Willits; mapped with Census 2020 ZCTA 95490 in Mendocino County.,,,,
95470 Redwood Valley,zcta,95470,Redwood Valley,39.2990232,-123.239243,567739,,2018-02-28,10,0,Zillow ZIP-level market for Redwood Valley; mapped with Census 2020 ZCTA 95470 in Mendocino County.,,,,
95428 Covelo,zcta,95428,Covelo,39.8248031,-123.1796086,345479,,2018-02-28,10,0,Zillow ZIP-level market for Covelo; mapped with Census 2020 ZCTA 95428 in Mendocino County.,,,,
95445 Gualala,zcta,95445,Gualala,38.8325203,-123.4725321,579808,,2018-02-28,10,0,Zillow ZIP-level market for Gualala; mapped with Census 2020 ZCTA 95445 in Mendocino County.,,,,
95454 Laytonville,zcta,95454,Laytonville,39.7840478,-123.4957895,475924,,2018-02-28,10,0,Zillow ZIP-level market for Laytonville; mapped with Census 2020 ZCTA 95454 in Mendocino County.,,,,
95460 Mendocino,zcta,95460,Mendocino,39.305245,-123.7486159,920134,,2018-02-28,10,0,Zillow ZIP-level market for Mendocino; mapped with Census 2020 ZCTA 95460 in Mendocino County.,,,,
95449 Hopland,zcta,95449,Hopland,38.9361372,-123.1194447,547035,,2018-02-28,10,0,Zillow ZIP-level market for Hopland; mapped with Census 2020 ZCTA 95449 in Mendocino County.,,,,
95410 Albion,zcta,95410,Albion,39.2349401,-123.6998535,676800,,2018-02-28,10,0,Zillow ZIP-level market for Albion; mapped with Census 2020 ZCTA 95410 in Mendocino County.,,,,
95456 Little River,zcta,95456,Little River,39.2588858,-123.7591643,836328,,2018-02-28,10,0,Zillow ZIP-level market for Little River; mapped with Census 2020 ZCTA 95456 in Mendocino County.,,,,
95459 Manchester,zcta,95459,Manchester,38.9766284,-123.6048542,583590,,2018-02-28,10,0,Zillow ZIP-level market for Manchester; mapped with Census 2020 ZCTA 95459 in Mendocino County.,,,,
95482 Ukiah,zcta,95482,Ukiah,39.1368043,-123.2610887,483167,,2018-03-31,10,0,Zillow ZIP-level market for Ukiah; mapped with Census 2020 ZCTA 95482 in Mendocino County.,,,,
95437 Fort Bragg,zcta,95437,Fort Bragg,39.443949,-123.68592,490823,,2018-03-31,10,0,Zillow ZIP-level market for Fort Bragg; mapped with Census 2020 ZCTA 95437 in Mendocino County.,,,,
95490 Willits,zcta,95490,Willits,39.4793198,-123.3481599,416441,,2018-03-31,10,0,Zillow ZIP-level market for Willits; mapped with Census 2020 ZCTA 95490 in Mendocino County.,,,,
95470 Redwood Valley,zcta,95470,Redwood Valley,39.2990232,-123.239243,569362,,2018-03-31,10,0,Zillow ZIP-level market for Redwood Valley; mapped with Census 2020 ZCTA 95470 in Mendocino County.,,,,
95428 Covelo,zcta,95428,Covelo,39.8248031,-123.1796086,347562,,2018-03-31,10,0,Zillow ZIP-level market for Covelo; mapped with Census 2020 ZCTA 95428 in Mendocino County.,,,,
95445 Gualala,zcta,95445,Gualala,38.8325203,-123.4725321,580865,,2018-03-31,10,0,Zillow ZIP-level market for Gualala; mapped with Census 2020 ZCTA 95445 in Mendocino County.,,,,
95454 Laytonville,zcta,95454,Laytonville,39.7840478,-123.4957895,477708,,2018-03-31,10,0,Zillow ZIP-level market for Laytonville; mapped with Census 2020 ZCTA 95454 in Mendocino County.,,,,
95460 Mendocino,zcta,95460,Mendocino,39.305245,-123.7486159,922575,,2018-03-31,10,0,Zillow ZIP-level market for Mendocino; mapped with Census 2020 ZCTA 95460 in Mendocino County.,,,,
95449 Hopland,zcta,95449,Hopland,38.9361372,-123.1194447,551941,,2018-03-31,10,0,Zillow ZIP-level market for Hopland; mapped with Census 2020 ZCTA 95449 in Mendocino County.,,,,
95410 Albion,zcta,95410,Albion,39.2349401,-123.6998535,678857,,2018-03-31,10,0,Zillow ZIP-level market for Albion; mapped with Census 2020 ZCTA 95410 in Mendocino County.,,,,
95456 Little River,zcta,95456,Little River,39.2588858,-123.7591643,833492,,2018-03-31,10,0,Zillow ZIP-level market for Little River; mapped with Census 2020 ZCTA 95456 in Mendocino County.,,,,
95459 Manchester,zcta,95459,Manchester,38.9766284,-123.6048542,583816,,2018-03-31,10,0,Zillow ZIP-level market for Manchester; mapped with Census 2020 ZCTA 95459 in Mendocino County.,,,,
95482 Ukiah,zcta,95482,Ukiah,39.1368043,-123.2610887,484540,,2018-04-30,10,0,Zillow ZIP-level market for Ukiah; mapped with Census 2020 ZCTA 95482 in Mendocino County.,,,,
95437 Fort Bragg,zcta,95437,Fort Bragg,39.443949,-123.68592,491446,,2018-04-30,10,0,Zillow ZIP-level market for Fort Bragg; mapped with Census 2020 ZCTA 95437 in Mendocino County.,,,,
95490 Willits,zcta,95490,Willits,39.4793198,-123.3481599,417153,,2018-04-30,10,0,Zillow ZIP-level market for Willits; mapped with Census 2020 ZCTA 95490 in Mendocino County.,,,,
95470 Redwood Valley,zcta,95470,Redwood Valley,39.2990232,-123.239243,567602,,2018-04-30,10,0,Zillow ZIP-level market for Redwood Valley; mapped with Census 2020 ZCTA 95470 in Mendocino County.,,,,
95428 Covelo,zcta,95428,Covelo,39.8248031,-123.1796086,348338,,2018-04-30,10,0,Zillow ZIP-level market for Covelo; mapped with Census 2020 ZCTA 95428 in Mendocino County.,,,,
95445 Gualala,zcta,95445,Gualala,38.8325203,-123.4725321,581120,,2018-04-30,10,0,Zillow ZIP-level market for Gualala; mapped with Census 2020 ZCTA 95445 in Mendocino County.,,,,
95454 Laytonville,zcta,95454,Laytonville,39.7840478,-123.4957895,477097,,2018-04-30,10,0,Zillow ZIP-level market for Laytonville; mapped with Census 2020 ZCTA 95454 in Mendocino County.,,,,
95460 Mendocino,zcta,95460,Mendocino,39.305245,-123.7486159,926072,,2018-04-30,10,0,Zillow ZIP-level market for Mendocino; mapped with Census 2020 ZCTA 95460 in Mendocino County.,,,,
95449 Hopland,zcta,95449,Hopland,38.9361372,-123.1194447,553533,,2018-04-30,10,0,Zillow ZIP-level market for Hopland; mapped with Census 2020 ZCTA 95449 in Mendocino County.,,,,
95410 Albion,zcta,95410,Albion,39.2349401,-123.6998535,680782,,2018-04-30,10,0,Zillow ZIP-level market for Albion; mapped with Census 2020 ZCTA 95410 in Mendocino County.,,,,
95456 Little River,zcta,95456,Little River,39.2588858,-123.7591643,832755,,2018-04-30,10,0,Zillow ZIP-level market for Little River; mapped with Census 2020 ZCTA 95456 in Mendocino County.,,,,
95459 Manchester,zcta,95459,Manchester,38.9766284,-123.6048542,585757,,2018-04-30,10,0,Zillow ZIP-level market for Manchester; mapped with Census 2020 ZCTA 95459 in Mendocino County.,,,,
95482 Ukiah,zcta,95482,Ukiah,39.1368043,-123.2610887,485192,,2018-05-31,10,0,Zillow ZIP-level market for Ukiah; mapped with Census 2020 ZCTA 95482 in Mendocino County.,,,,
95437 Fort Bragg,zcta,95437,Fort Bragg,39.443949,-123.68592,490830,,2018-05-31,10,0,Zillow ZIP-level market for Fort Bragg; mapped with Census 2020 ZCTA 95437 in Mendocino County.,,,,
95490 Willits,zcta,95490,Willits,39.4793198,-123.3481599,416853,,2018-05-31,10,0,Zillow ZIP-level market for Willits; mapped with Census 2020 ZCTA 95490 in Mendocino County.,,,,
95470 Redwood Valley,zcta,95470,Redwood Valley,39.2990232,-123.239243,562754,,2018-05-31,10,0,Zillow ZIP-level market for Redwood Valley; mapped with Census 2020 ZCTA 95470 in Mendocino County.,,,,
95428 Covelo,zcta,95428,Covelo,39.8248031,-123.1796086,347445,,2018-05-31,10,0,Zillow ZIP-level market for Covelo; mapped with Census 2020 ZCTA 95428 in Mendocino County.,,,,
95445 Gualala,zcta,95445,Gualala,38.8325203,-123.4725321,581432,,2018-05-31,10,0,Zillow ZIP-level market for Gualala; mapped with Census 2020 ZCTA 95445 in Mendocino County.,,,,
95454 Laytonville,zcta,95454,Laytonville,39.7840478,-123.4957895,477104,,2018-05-31,10,0,Zillow ZIP-level market for Laytonville; mapped with Census 2020 ZCTA 95454 in Mendocino County.,,,,
95460 Mendocino,zcta,95460,Mendocino,39.305245,-123.7486159,924335,,2018-05-31,10,0,Zillow ZIP-level market for Mendocino; mapped with Census 2020 ZCTA 95460 in Mendocino County.,,,,
95449 Hopland,zcta,95449,Hopland,38.9361372,-123.1194447,553520,,2018-05-31,10,0,Zillow ZIP-level market for Hopland; mapped with Census 2020 ZCTA 95449 in Mendocino County.,,,,
95410 Albion,zcta,95410,Albion,39.2349401,-123.6998535,682090,,2018-05-31,10,0,Zillow ZIP-level market for Albion; mapped with Census 2020 ZCTA 95410 in Mendocino County.,,,,
95456 Little River,zcta,95456,Little River,39.2588858,-123.7591643,832518,,2018-05-31,10,0,Zillow ZIP-level market for Little River; mapped with Census 2020 ZCTA 95456 in Mendocino County.,,,,
95459 Manchester,zcta,95459,Manchester,38.9766284,-123.6048542,589439,,2018-05-31,10,0,Zillow ZIP-level market for Manchester; mapped with Census 2020 ZCTA 95459 in Mendocino County.,,,,
95482 Ukiah,zcta,95482,Ukiah,39.1368043,-123.2610887,486675,,2018-06-30,10,0,Zillow ZIP-level market for Ukiah; mapped with Census 2020 ZCTA 95482 in Mendocino County.,,,,
95437 Fort Bragg,zcta,95437,Fort Bragg,39.443949,-123.68592,492447,,2018-06-30,10,0,Zillow ZIP-level market for Fort Bragg; mapped with Census 2020 ZCTA 95437 in Mendocino County.,,,,
95490 Willits,zcta,95490,Willits,39.4793198,-123.3481599,416672,,2018-06-30,10,0,Zillow ZIP-level market for Willits; mapped with Census 2020 ZCTA 95490 in Mendocino County.,,,,
95470 Redwood Valley,zcta,95470,Redwood Valley,39.2990232,-123.239243,557917,,2018-06-30,10,0,Zillow ZIP-level market for Redwood Valley; mapped with Census 2020 ZCTA 95470 in Mendocino County.,,,,
95428 Covelo,zcta,95428,Covelo,39.8248031,-123.1796086,345524,,2018-06-30,10,0,Zillow ZIP-level market for Covelo; mapped with Census 2020 ZCTA 95428 in Mendocino County.,,,,
95445 Gualala,zcta,95445,Gualala,38.8325203,-123.4725321,580615,,2018-06-30,10,0,Zillow ZIP-level market for Gualala; mapped with Census 2020 ZCTA 95445 in Mendocino County.,,,,
95454 Laytonville,zcta,95454,Laytonville,39.7840478,-123.4957895,477135,,2018-06-30,10,0,Zillow ZIP-level market for Laytonville; mapped with Census 2020 ZCTA 95454 in Mendocino County.,,,,
95460 Mendocino,zcta,95460,Mendocino,39.305245,-123.7486159,927921,,2018-06-30,10,0,Zillow ZIP-level market for Mendocino; mapped with Census 2020 ZCTA 95460 in Mendocino County.,,,,
95449 Hopland,zcta,95449,Hopland,38.9361372,-123.1194447,553139,,2018-06-30,10,0,Zillow ZIP-level market for Hopland; mapped with Census 2020 ZCTA 95449 in Mendocino County.,,,,
95410 Albion,zcta,95410,Albion,39.2349401,-123.6998535,683677,,2018-06-30,10,0,Zillow ZIP-level market for Albion; mapped with Census 2020 ZCTA 95410 in Mendocino County.,,,,
95456 Little River,zcta,95456,Little River,39.2588858,-123.7591643,835021,,2018-06-30,10,0,Zillow ZIP-level market for Little River; mapped with Census 2020 ZCTA 95456 in Mendocino County.,,,,
95459 Manchester,zcta,95459,Manchester,38.9766284,-123.6048542,593179,,2018-06-30,10,0,Zillow ZIP-level market for Manchester; mapped with Census 2020 ZCTA 95459 in Mendocino County.,,,,
95482 Ukiah,zcta,95482,Ukiah,39.1368043,-123.2610887,487998,,2018-07-31,10,0,Zillow ZIP-level market for Ukiah; mapped with Census 2020 ZCTA 95482 in Mendocino County.,,,,
95437 Fort Bragg,zcta,95437,Fort Bragg,39.443949,-123.68592,496430,,2018-07-31,10,0,Zillow ZIP-level market for Fort Bragg; mapped with Census 2020 ZCTA 95437 in Mendocino County.,,,,
95490 Willits,zcta,95490,Willits,39.4793198,-123.3481599,417156,,2018-07-31,10,0,Zillow ZIP-level market for Willits; mapped with Census 2020 ZCTA 95490 in Mendocino County.,,,,
95470 Redwood Valley,zcta,95470,Redwood Valley,39.2990232,-123.239243,554777,,2018-07-31,10,0,Zillow ZIP-level market for Redwood Valley; mapped with Census 2020 ZCTA 95470 in Mendocino County.,,,,
95428 Covelo,zcta,95428,Covelo,39.8248031,-123.1796086,345540,,2018-07-31,10,0,Zillow ZIP-level market for Covelo; mapped with Census 2020 ZCTA 95428 in Mendocino County.,,,,
95445 Gualala,zcta,95445,Gualala,38.8325203,-123.4725321,579909,,2018-07-31,10,0,Zillow ZIP-level market for Gualala; mapped with Census 2020 ZCTA 95445 in Mendocino County.,,,,
95454 Laytonville,zcta,95454,Laytonville,39.7840478,-123.4957895,479806,,2018-07-31,10,0,Zillow ZIP-level market for Laytonville; mapped with Census 2020 ZCTA 95454 in Mendocino County.,,,,
95460 Mendocino,zcta,95460,Mendocino,39.305245,-123.7486159,931887,,2018-07-31,10,0,Zillow ZIP-level market for Mendocino; mapped with Census 2020 ZCTA 95460 in Mendocino County.,,,,
95449 Hopland,zcta,95449,Hopland,38.9361372,-123.1194447,554253,,2018-07-31,10,0,Zillow ZIP-level market for Hopland; mapped with Census 2020 ZCTA 95449 in Mendocino County.,,,,
95410 Albion,zcta,95410,Albion,39.2349401,-123.6998535,685640,,2018-07-31,10,0,Zillow ZIP-level market for Albion; mapped with Census 2020 ZCTA 95410 in Mendocino County.,,,,
95456 Little River,zcta,95456,Little River,39.2588858,-123.7591643,839201,,2018-07-31,10,0,Zillow ZIP-level market for Little River; mapped with Census 2020 ZCTA 95456 in Mendocino County.,,,,
95459 Manchester,zcta,95459,Manchester,38.9766284,-123.6048542,596096,,2018-07-31,10,0,Zillow ZIP-level market for Manchester; mapped with Census 2020 ZCTA 95459 in Mendocino County.,,,,
95482 Ukiah,zcta,95482,Ukiah,39.1368043,-123.2610887,489841,,2018-08-31,10,0,Zillow ZIP-level market for Ukiah; mapped with Census 2020 ZCTA 95482 in Mendocino County.,,,,
95437 Fort Bragg,zcta,95437,Fort Bragg,39.443949,-123.68592,500529,,2018-08-31,10,0,Zillow ZIP-level market for Fort Bragg; mapped with Census 2020 ZCTA 95437 in Mendocino County.,,,,
95490 Willits,zcta,95490,Willits,39.4793198,-123.3481599,417854,,2018-08-31,10,0,Zillow ZIP-level market for Willits; mapped with Census 2020 ZCTA 95490 in Mendocino County.,,,,
95470 Redwood Valley,zcta,95470,Redwood Valley,39.2990232,-123.239243,553421,,2018-08-31,10,0,Zillow ZIP-level market for Redwood Valley; mapped with Census 2020 ZCTA 95470 in Mendocino County.,,,,
95428 Covelo,zcta,95428,Covelo,39.8248031,-123.1796086,347924,,2018-08-31,10,0,Zillow ZIP-level market for Covelo; mapped with Census 2020 ZCTA 95428 in Mendocino County.,,,,
95445 Gualala,zcta,95445,Gualala,38.8325203,-123.4725321,579357,,2018-08-31,10,0,Zillow ZIP-level market for Gualala; mapped with Census 2020 ZCTA 95445 in Mendocino County.,,,,
95454 Laytonville,zcta,95454,Laytonville,39.7840478,-123.4957895,483143,,2018-08-31,10,0,Zillow ZIP-level market for Laytonville; mapped with Census 2020 ZCTA 95454 in Mendocino County.,,,,
95460 Mendocino,zcta,95460,Mendocino,39.305245,-123.7486159,935413,,2018-08-31,10,0,Zillow ZIP-level market for Mendocino; mapped with Census 2020 ZCTA 95460 in Mendocino County.,,,,
95449 Hopland,zcta,95449,Hopland,38.9361372,-123.1194447,555442,,2018-08-31,10,0,Zillow ZIP-level market for Hopland; mapped with Census 2020 ZCTA 95449 in Mendocino County.,,,,
95410 Albion,zcta,95410,Albion,39.2349401,-123.6998535,687199,,2018-08-31,10,0,Zillow ZIP-level market for Albion; mapped with Census 2020 ZCTA 95410 in Mendocino County.,,,,
95456 Little River,zcta,95456,Little River,39.2588858,-123.7591643,842096,,2018-08-31,10,0,Zillow ZIP-level market for Little River; mapped with Census 2020 ZCTA 95456 in Mendocino County.,,,,
95459 Manchester,zcta,95459,Manchester,38.9766284,-123.6048542,597137,,2018-08-31,10,0,Zillow ZIP-level market for Manchester; mapped with Census 2020 ZCTA 95459 in Mendocino County.,,,,
95482 Ukiah,zcta,95482,Ukiah,39.1368043,-123.2610887,490790,,2018-09-30,10,0,Zillow ZIP-level market for Ukiah; mapped with Census 2020 ZCTA 95482 in Mendocino County.,,,,
95437 Fort Bragg,zcta,95437,Fort Bragg,39.443949,-123.68592,502763,,2018-09-30,10,0,Zillow ZIP-level market for Fort Bragg; mapped with Census 2020 ZCTA 95437 in Mendocino County.,,,,
95490 Willits,zcta,95490,Willits,39.4793198,-123.3481599,417488,,2018-09-30,10,0,Zillow ZIP-level market for Willits; mapped with Census 2020 ZCTA 95490 in Mendocino County.,,,,
95470 Redwood Valley,zcta,95470,Redwood Valley,39.2990232,-123.239243,551156,,2018-09-30,10,0,Zillow ZIP-level market for Redwood Valley; mapped with Census 2020 ZCTA 95470 in Mendocino County.,,,,
95428 Covelo,zcta,95428,Covelo,39.8248031,-123.1796086,347212,,2018-09-30,10,0,Zillow ZIP-level market for Covelo; mapped with Census 2020 ZCTA 95428 in Mendocino County.,,,,
95445 Gualala,zcta,95445,Gualala,38.8325203,-123.4725321,579268,,2018-09-30,10,0,Zillow ZIP-level market for Gualala; mapped with Census 2020 ZCTA 95445 in Mendocino County.,,,,
95454 Laytonville,zcta,95454,Laytonville,39.7840478,-123.4957895,483924,,2018-09-30,10,0,Zillow ZIP-level market for Laytonville; mapped with Census 2020 ZCTA 95454 in Mendocino County.,,,,
95460 Mendocino,zcta,95460,Mendocino,39.305245,-123.7486159,936963,,2018-09-30,10,0,Zillow ZIP-level market for Mendocino; mapped with Census 2020 ZCTA 95460 in Mendocino County.,,,,
95449 Hopland,zcta,95449,Hopland,38.9361372,-123.1194447,558531,,2018-09-30,10,0,Zillow ZIP-level market for Hopland; mapped with Census 2020 ZCTA 95449 in Mendocino County.,,,,
95410 Albion,zcta,95410,Albion,39.2349401,-123.6998535,689273,,2018-09-30,10,0,Zillow ZIP-level market for Albion; mapped with Census 2020 ZCTA 95410 in Mendocino County.,,,,
95456 Little River,zcta,95456,Little River,39.2588858,-123.7591643,842325,,2018-09-30,10,0,Zillow ZIP-level market for Little River; mapped with Census 2020 ZCTA 95456 in Mendocino County.,,,,
95459 Manchester,zcta,95459,Manchester,38.9766284,-123.6048542,599053,,2018-09-30,10,0,Zillow ZIP-level market for Manchester; mapped with Census 2020 ZCTA 95459 in Mendocino County.,,,,
95482 Ukiah,zcta,95482,Ukiah,39.1368043,-123.2610887,491598,,2018-10-31,10,0,Zillow ZIP-level market for Ukiah; mapped with Census 2020 ZCTA 95482 in Mendocino County.,,,,
95437 Fort Bragg,zcta,95437,Fort Bragg,39.443949,-123.68592,502201,,2018-10-31,10,0,Zillow ZIP-level market for Fort Bragg; mapped with Census 2020 ZCTA 95437 in Mendocino County.,,,,
95490 Willits,zcta,95490,Willits,39.4793198,-123.3481599,416267,,2018-10-31,10,0,Zillow ZIP-level market for Willits; mapped with Census 2020 ZCTA 95490 in Mendocino County.,,,,
95470 Redwood Valley,zcta,95470,Redwood Valley,39.2990232,-123.239243,548551,,2018-10-31,10,0,Zillow ZIP-level market for Redwood Valley; mapped with Census 2020 ZCTA 95470 in Mendocino County.,,,,
95428 Covelo,zcta,95428,Covelo,39.8248031,-123.1796086,343878,,2018-10-31,10,0,Zillow ZIP-level market for Covelo; mapped with Census 2020 ZCTA 95428 in Mendocino County.,,,,
95445 Gualala,zcta,95445,Gualala,38.8325203,-123.4725321,578386,,2018-10-31,10,0,Zillow ZIP-level market for Gualala; mapped with Census 2020 ZCTA 95445 in Mendocino County.,,,,
95454 Laytonville,zcta,95454,Laytonville,39.7840478,-123.4957895,480447,,2018-10-31,10,0,Zillow ZIP-level market for Laytonville; mapped with Census 2020 ZCTA 95454 in Mendocino County.,,,,
95460 Mendocino,zcta,95460,Mendocino,39.305245,-123.7486159,937024,,2018-10-31,10,0,Zillow ZIP-level market for Mendocino; mapped with Census 2020 ZCTA 95460 in Mendocino County.,,,,
95449 Hopland,zcta,95449,Hopland,38.9361372,-123.1194447,561252,,2018-10-31,10,0,Zillow ZIP-level market for Hopland; mapped with Census 2020 ZCTA 95449 in Mendocino County.,,,,
95410 Albion,zcta,95410,Albion,39.2349401,-123.6998535,689305,,2018-10-31,10,0,Zillow ZIP-level market for Albion; mapped with Census 2020 ZCTA 95410 in Mendocino County.,,,,
95456 Little River,zcta,95456,Little River,39.2588858,-123.7591643,838969,,2018-10-31,10,0,Zillow ZIP-level market for Little River; mapped with Census 2020 ZCTA 95456 in Mendocino County.,,,,
95459 Manchester,zcta,95459,Manchester,38.9766284,-123.6048542,601354,,2018-10-31,10,0,Zillow ZIP-level market for Manchester; mapped with Census 2020 ZCTA 95459 in Mendocino County.,,,,
95482 Ukiah,zcta,95482,Ukiah,39.1368043,-123.2610887,492297,,2018-11-30,10,0,Zillow ZIP-level market for Ukiah; mapped with Census 2020 ZCTA 95482 in Mendocino County.,,,,
95437 Fort Bragg,zcta,95437,Fort Bragg,39.443949,-123.68592,501463,,2018-11-30,10,0,Zillow ZIP-level market for Fort Bragg; mapped with Census 2020 ZCTA 95437 in Mendocino County.,,,,
95490 Willits,zcta,95490,Willits,39.4793198,-123.3481599,414431,,2018-11-30,10,0,Zillow ZIP-level market for Willits; mapped with Census 2020 ZCTA 95490 in Mendocino County.,,,,
95470 Redwood Valley,zcta,95470,Redwood Valley,39.2990232,-123.239243,547591,,2018-11-30,10,0,Zillow ZIP-level market for Redwood Valley; mapped with Census 2020 ZCTA 95470 in Mendocino County.,,,,
95428 Covelo,zcta,95428,Covelo,39.8248031,-123.1796086,339740,,2018-11-30,10,0,Zillow ZIP-level market for Covelo; mapped with Census 2020 ZCTA 95428 in Mendocino County.,,,,
95445 Gualala,zcta,95445,Gualala,38.8325203,-123.4725321,577399,,2018-11-30,10,0,Zillow ZIP-level market for Gualala; mapped with Census 2020 ZCTA 95445 in Mendocino County.,,,,
95454 Laytonville,zcta,95454,Laytonville,39.7840478,-123.4957895,474360,,2018-11-30,10,0,Zillow ZIP-level market for Laytonville; mapped with Census 2020 ZCTA 95454 in Mendocino County.,,,,
95460 Mendocino,zcta,95460,Mendocino,39.305245,-123.7486159,940289,,2018-11-30,10,0,Zillow ZIP-level market for Mendocino; mapped with Census 2020 ZCTA 95460 in Mendocino County.,,,,
95449 Hopland,zcta,95449,Hopland,38.9361372,-123.1194447,561953,,2018-11-30,10,0,Zillow ZIP-level market for Hopland; mapped with Census 2020 ZCTA 95449 in Mendocino County.,,,,
95410 Albion,zcta,95410,Albion,39.2349401,-123.6998535,690258,,2018-11-30,10,0,Zillow ZIP-level market for Albion; mapped with Census 2020 ZCTA 95410 in Mendocino County.,,,,
95456 Little River,zcta,95456,Little River,39.2588858,-123.7591643,834867,,2018-11-30,10,0,Zillow ZIP-level market for Little River; mapped with Census 2020 ZCTA 95456 in Mendocino County.,,,,
95459 Manchester,zcta,95459,Manchester,38.9766284,-123.6048542,603295,,2018-11-30,10,0,Zillow ZIP-level market for Manchester; mapped with Census 2020 ZCTA 95459 in Mendocino County.,,,,
95482 Ukiah,zcta,95482,Ukiah,39.1368043,-123.2610887,493256,,2018-12-31,10,0,Zillow ZIP-level market for Ukiah; mapped with Census 2020 ZCTA 95482 in Mendocino County.,,,,
95437 Fort Bragg,zcta,95437,Fort Bragg,39.443949,-123.68592,499847,,2018-12-31,10,0,Zillow ZIP-level market for Fort Bragg; mapped with Census 2020 ZCTA 95437 in Mendocino County.,,,,
95490 Willits,zcta,95490,Willits,39.4793198,-123.3481599,413506,,2018-12-31,10,0,Zillow ZIP-level market for Willits; mapped with Census 2020 ZCTA 95490 in Mendocino County.,,,,
95470 Redwood Valley,zcta,95470,Redwood Valley,39.2990232,-123.239243,548981,,2018-12-31,10,0,Zillow ZIP-level market for Redwood Valley; mapped with Census 2020 ZCTA 95470 in Mendocino County.,,,,
95428 Covelo,zcta,95428,Covelo,39.8248031,-123.1796086,337416,,2018-12-31,10,0,Zillow ZIP-level market for Covelo; mapped with Census 2020 ZCTA 95428 in Mendocino County.,,,,
95445 Gualala,zcta,95445,Gualala,38.8325203,-123.4725321,578490,,2018-12-31,10,0,Zillow ZIP-level market for Gualala; mapped with Census 2020 ZCTA 95445 in Mendocino County.,,,,
95454 Laytonville,zcta,95454,Laytonville,39.7840478,-123.4957895,471113,,2018-12-31,10,0,Zillow ZIP-level market for Laytonville; mapped with Census 2020 ZCTA 95454 in Mendocino County.,,,,
95460 Mendocino,zcta,95460,Mendocino,39.305245,-123.7486159,944147,,2018-12-31,10,0,Zillow ZIP-level market for Mendocino; mapped with Census 2020 ZCTA 95460 in Mendocino County.,,,,
95449 Hopland,zcta,95449,Hopland,38.9361372,-123.1194447,562058,,2018-12-31,10,0,Zillow ZIP-level market for Hopland; mapped with Census 2020 ZCTA 95449 in Mendocino County.,,,,
95410 Albion,zcta,95410,Albion,39.2349401,-123.6998535,691057,,2018-12-31,10,0,Zillow ZIP-level market for Albion; mapped with Census 2020 ZCTA 95410 in Mendocino County.,,,,
95456 Little River,zcta,95456,Little River,39.2588858,-123.7591643,830437,,2018-12-31,10,0,Zillow ZIP-level market for Little River; mapped with Census 2020 ZCTA 95456 in Mendocino County.,,,,
95459 Manchester,zcta,95459,Manchester,38.9766284,-123.6048542,604017,,2018-12-31,10,0,Zillow ZIP-level market for Manchester; mapped with Census 2020 ZCTA 95459 in Mendocino County.,,,,
95482 Ukiah,zcta,95482,Ukiah,39.1368043,-123.2610887,495453,,2019-01-31,10,0,Zillow ZIP-level market for Ukiah; mapped with Census 2020 ZCTA 95482 in Mendocino County.,,,,
95437 Fort Bragg,zcta,95437,Fort Bragg,39.443949,-123.68592,500002,,2019-01-31,10,0,Zillow ZIP-level market for Fort Bragg; mapped with Census 2020 ZCTA 95437 in Mendocino County.,,,,
95490 Willits,zcta,95490,Willits,39.4793198,-123.3481599,412806,,2019-01-31,10,0,Zillow ZIP-level market for Willits; mapped with Census 2020 ZCTA 95490 in Mendocino County.,,,,
95470 Redwood Valley,zcta,95470,Redwood Valley,39.2990232,-123.239243,553309,,2019-01-31,10,0,Zillow ZIP-level market for Redwood Valley; mapped with Census 2020 ZCTA 95470 in Mendocino County.,,,,
95428 Covelo,zcta,95428,Covelo,39.8248031,-123.1796086,336568,,2019-01-31,10,0,Zillow ZIP-level market for Covelo; mapped with Census 2020 ZCTA 95428 in Mendocino County.,,,,
95445 Gualala,zcta,95445,Gualala,38.8325203,-123.4725321,581142,,2019-01-31,10,0,Zillow ZIP-level market for Gualala; mapped with Census 2020 ZCTA 95445 in Mendocino County.,,,,
95454 Laytonville,zcta,95454,Laytonville,39.7840478,-123.4957895,471286,,2019-01-31,10,0,Zillow ZIP-level market for Laytonville; mapped with Census 2020 ZCTA 95454 in Mendocino County.,,,,
95460 Mendocino,zcta,95460,Mendocino,39.305245,-123.7486159,949796,,2019-01-31,10,0,Zillow ZIP-level market for Mendocino; mapped with Census 2020 ZCTA 95460 in Mendocino County.,,,,
95449 Hopland,zcta,95449,Hopland,38.9361372,-123.1194447,560459,,2019-01-31,10,0,Zillow ZIP-level market for Hopland; mapped with Census 2020 ZCTA 95449 in Mendocino County.,,,,
95410 Albion,zcta,95410,Albion,39.2349401,-123.6998535,690648,,2019-01-31,10,0,Zillow ZIP-level market for Albion; mapped with Census 2020 ZCTA 95410 in Mendocino County.,,,,
95456 Little River,zcta,95456,Little River,39.2588858,-123.7591643,823853,,2019-01-31,10,0,Zillow ZIP-level market for Little River; mapped with Census 2020 ZCTA 95456 in Mendocino County.,,,,
95459 Manchester,zcta,95459,Manchester,38.9766284,-123.6048542,604720,,2019-01-31,10,0,Zillow ZIP-level market for Manchester; mapped with Census 2020 ZCTA 95459 in Mendocino County.,,,,
95482 Ukiah,zcta,95482,Ukiah,39.1368043,-123.2610887,498329,,2019-02-28,10,0,Zillow ZIP-level market for Ukiah; mapped with Census 2020 ZCTA 95482 in Mendocino County.,,,,
95437 Fort Bragg,zcta,95437,Fort Bragg,39.443949,-123.68592,501177,,2019-02-28,10,0,Zillow ZIP-level market for Fort Bragg; mapped with Census 2020 ZCTA 95437 in Mendocino County.,,,,
95490 Willits,zcta,95490,Willits,39.4793198,-123.3481599,412965,,2019-02-28,10,0,Zillow ZIP-level market for Willits; mapped with Census 2020 ZCTA 95490 in Mendocino County.,,,,
95470 Redwood Valley,zcta,95470,Redwood Valley,39.2990232,-123.239243,558792,,2019-02-28,10,0,Zillow ZIP-level market for Redwood Valley; mapped with Census 2020 ZCTA 95470 in Mendocino County.,,,,
95428 Covelo,zcta,95428,Covelo,39.8248031,-123.1796086,338278,,2019-02-28,10,0,Zillow ZIP-level market for Covelo; mapped with Census 2020 ZCTA 95428 in Mendocino County.,,,,
95445 Gualala,zcta,95445,Gualala,38.8325203,-123.4725321,582491,,2019-02-28,10,0,Zillow ZIP-level market for Gualala; mapped with Census 2020 ZCTA 95445 in Mendocino County.,,,,
95454 Laytonville,zcta,95454,Laytonville,39.7840478,-123.4957895,472720,,2019-02-28,10,0,Zillow ZIP-level market for Laytonville; mapped with Census 2020 ZCTA 95454 in Mendocino County.,,,,
95460 Mendocino,zcta,95460,Mendocino,39.305245,-123.7486159,951882,,2019-02-28,10,0,Zillow ZIP-level market for Mendocino; mapped with Census 2020 ZCTA 95460 in Mendocino County.,,,,
95449 Hopland,zcta,95449,Hopland,38.9361372,-123.1194447,558369,,2019-02-28,10,0,Zillow ZIP-level market for Hopland; mapped with Census 2020 ZCTA 95449 in Mendocino County.,,,,
95410 Albion,zcta,95410,Albion,39.2349401,-123.6998535,689288,,2019-02-28,10,0,Zillow ZIP-level market for Albion; mapped with Census 2020 ZCTA 95410 in Mendocino County.,,,,
95456 Little River,zcta,95456,Little River,39.2588858,-123.7591643,816882,,2019-02-28,10,0,Zillow ZIP-level market for Little River; mapped with Census 2020 ZCTA 95456 in Mendocino County.,,,,
95459 Manchester,zcta,95459,Manchester,38.9766284,-123.6048542,606426,,2019-02-28,10,0,Zillow ZIP-level market for Manchester; mapped with Census 2020 ZCTA 95459 in Mendocino County.,,,,
95482 Ukiah,zcta,95482,Ukiah,39.1368043,-123.2610887,504062,,2019-03-31,10,0,Zillow ZIP-level market for Ukiah; mapped with Census 2020 ZCTA 95482 in Mendocino County.,,,,
95437 Fort Bragg,zcta,95437,Fort Bragg,39.443949,-123.68592,506770,,2019-03-31,10,0,Zillow ZIP-level market for Fort Bragg; mapped with Census 2020 ZCTA 95437 in Mendocino County.,,,,
95490 Willits,zcta,95490,Willits,39.4793198,-123.3481599,415435,,2019-03-31,10,0,Zillow ZIP-level market for Willits; mapped with Census 2020 ZCTA 95490 in Mendocino County.,,,,
95470 Redwood Valley,zcta,95470,Redwood Valley,39.2990232,-123.239243,566755,,2019-03-31,10,0,Zillow ZIP-level market for Redwood Valley; mapped with Census 2020 ZCTA 95470 in Mendocino County.,,,,
95428 Covelo,zcta,95428,Covelo,39.8248031,-123.1796086,344105,,2019-03-31,10,0,Zillow ZIP-level market for Covelo; mapped with Census 2020 ZCTA 95428 in Mendocino County.,,,,
95445 Gualala,zcta,95445,Gualala,38.8325203,-123.4725321,584356,,2019-03-31,10,0,Zillow ZIP-level market for Gualala; mapped with Census 2020 ZCTA 95445 in Mendocino County.,,,,
95454 Laytonville,zcta,95454,Laytonville,39.7840478,-123.4957895,478462,,2019-03-31,10,0,Zillow ZIP-level market for Laytonville; mapped with Census 2020 ZCTA 95454 in Mendocino County.,,,,
95460 Mendocino,zcta,95460,Mendocino,39.305245,-123.7486159,955003,,2019-03-31,10,0,Zillow ZIP-level market for Mendocino; mapped with Census 2020 ZCTA 95460 in Mendocino County.,,,,
95449 Hopland,zcta,95449,Hopland,38.9361372,-123.1194447,559916,,2019-03-31,10,0,Zillow ZIP-level market for Hopland; mapped with Census 2020 ZCTA 95449 in Mendocino County.,,,,
95410 Albion,zcta,95410,Albion,39.2349401,-123.6998535,692690,,2019-03-31,10,0,Zillow ZIP-level market for Albion; mapped with Census 2020 ZCTA 95410 in Mendocino County.,,,,
95456 Little River,zcta,95456,Little River,39.2588858,-123.7591643,815897,,2019-03-31,10,0,Zillow ZIP-level market for Little River; mapped with Census 2020 ZCTA 95456 in Mendocino County.,,,,
95459 Manchester,zcta,95459,Manchester,38.9766284,-123.6048542,611645,,2019-03-31,10,0,Zillow ZIP-level market for Manchester; mapped with Census 2020 ZCTA 95459 in Mendocino County.,,,,
95482 Ukiah,zcta,95482,Ukiah,39.1368043,-123.2610887,510467,,2019-04-30,10,0,Zillow ZIP-level market for Ukiah; mapped with Census 2020 ZCTA 95482 in Mendocino County.,,,,
95437 Fort Bragg,zcta,95437,Fort Bragg,39.443949,-123.68592,513054,,2019-04-30,10,0,Zillow ZIP-level market for Fort Bragg; mapped with Census 2020 ZCTA 95437 in Mendocino County.,,,,
95490 Willits,zcta,95490,Willits,39.4793198,-123.3481599,419143,,2019-04-30,10,0,Zillow ZIP-level market for Willits; mapped with Census 2020 ZCTA 95490 in Mendocino County.,,,,
95470 Redwood Valley,zcta,95470,Redwood Valley,39.2990232,-123.239243,574995,,2019-04-30,10,0,Zillow ZIP-level market for Redwood Valley; mapped with Census 2020 ZCTA 95470 in Mendocino County.,,,,
95428 Covelo,zcta,95428,Covelo,39.8248031,-123.1796086,353018,,2019-04-30,10,0,Zillow ZIP-level market for Covelo; mapped with Census 2020 ZCTA 95428 in Mendocino County.,,,,
95445 Gualala,zcta,95445,Gualala,38.8325203,-123.4725321,586882,,2019-04-30,10,0,Zillow ZIP-level market for Gualala; mapped with Census 2020 ZCTA 95445 in Mendocino County.,,,,
95454 Laytonville,zcta,95454,Laytonville,39.7840478,-123.4957895,484620,,2019-04-30,10,0,Zillow ZIP-level market for Laytonville; mapped with Census 2020 ZCTA 95454 in Mendocino County.,,,,
95460 Mendocino,zcta,95460,Mendocino,39.305245,-123.7486159,960350,,2019-04-30,10,0,Zillow ZIP-level market for Mendocino; mapped with Census 2020 ZCTA 95460 in Mendocino County.,,,,
95449 Hopland,zcta,95449,Hopland,38.9361372,-123.1194447,565066,,2019-04-30,10,0,Zillow ZIP-level market for Hopland; mapped with Census 2020 ZCTA 95449 in Mendocino County.,,,,
95410 Albion,zcta,95410,Albion,39.2349401,-123.6998535,697753,,2019-04-30,10,0,Zillow ZIP-level market for Albion; mapped with Census 2020 ZCTA 95410 in Mendocino County.,,,,
95456 Little River,zcta,95456,Little River,39.2588858,-123.7591643,819760,,2019-04-30,10,0,Zillow ZIP-level market for Little River; mapped with Census 2020 ZCTA 95456 in Mendocino County.,,,,
95459 Manchester,zcta,95459,Manchester,38.9766284,-123.6048542,617709,,2019-04-30,10,0,Zillow ZIP-level market for Manchester; mapped with Census 2020 ZCTA 95459 in Mendocino County.,,,,
95482 Ukiah,zcta,95482,Ukiah,39.1368043,-123.2610887,517017,,2019-05-31,10,0,Zillow ZIP-level market for Ukiah; mapped with Census 2020 ZCTA 95482 in Mendocino County.,,,,
95437 Fort Bragg,zcta,95437,Fort Bragg,39.443949,-123.68592,519787,,2019-05-31,10,0,Zillow ZIP-level market for Fort Bragg; mapped with Census 2020 ZCTA 95437 in Mendocino County.,,,,
95490 Willits,zcta,95490,Willits,39.4793198,-123.3481599,423154,,2019-05-31,10,0,Zillow ZIP-level market for Willits; mapped with Census 2020 ZCTA 95490 in Mendocino County.,,,,
95470 Redwood Valley,zcta,95470,Redwood Valley,39.2990232,-123.239243,582585,,2019-05-31,10,0,Zillow ZIP-level market for Redwood Valley; mapped with Census 2020 ZCTA 95470 in Mendocino County.,,,,
95428 Covelo,zcta,95428,Covelo,39.8248031,-123.1796086,362998,,2019-05-31,10,0,Zillow ZIP-level market for Covelo; mapped with Census 2020 ZCTA 95428 in Mendocino County.,,,,
95445 Gualala,zcta,95445,Gualala,38.8325203,-123.4725321,591650,,2019-05-31,10,0,Zillow ZIP-level market for Gualala; mapped with Census 2020 ZCTA 95445 in Mendocino County.,,,,
95454 Laytonville,zcta,95454,Laytonville,39.7840478,-123.4957895,492864,,2019-05-31,10,0,Zillow ZIP-level market for Laytonville; mapped with Census 2020 ZCTA 95454 in Mendocino County.,,,,
95460 Mendocino,zcta,95460,Mendocino,39.305245,-123.7486159,968410,,2019-05-31,10,0,Zillow ZIP-level market for Mendocino; mapped with Census 2020 ZCTA 95460 in Mendocino County.,,,,
95449 Hopland,zcta,95449,Hopland,38.9361372,-123.1194447,574282,,2019-05-31,10,0,Zillow ZIP-level market for Hopland; mapped with Census 2020 ZCTA 95449 in Mendocino County.,,,,
95410 Albion,zcta,95410,Albion,39.2349401,-123.6998535,707111,,2019-05-31,10,0,Zillow ZIP-level market for Albion; mapped with Census 2020 ZCTA 95410 in Mendocino County.,,,,
95456 Little River,zcta,95456,Little River,39.2588858,-123.7591643,828056,,2019-05-31,10,0,Zillow ZIP-level market for Little River; mapped with Census 2020 ZCTA 95456 in Mendocino County.,,,,
95459 Manchester,zcta,95459,Manchester,38.9766284,-123.6048542,625183,,2019-05-31,10,0,Zillow ZIP-level market for Manchester; mapped with Census 2020 ZCTA 95459 in Mendocino County.,,,,
95482 Ukiah,zcta,95482,Ukiah,39.1368043,-123.2610887,520702,,2019-06-30,10,0,Zillow ZIP-level market for Ukiah; mapped with Census 2020 ZCTA 95482 in Mendocino County.,,,,
95437 Fort Bragg,zcta,95437,Fort Bragg,39.443949,-123.68592,523359,,2019-06-30,10,0,Zillow ZIP-level market for Fort Bragg; mapped with Census 2020 ZCTA 95437 in Mendocino County.,,,,
95490 Willits,zcta,95490,Willits,39.4793198,-123.3481599,426359,,2019-06-30,10,0,Zillow ZIP-level market for Willits; mapped with Census 2020 ZCTA 95490 in Mendocino County.,,,,
95470 Redwood Valley,zcta,95470,Redwood Valley,39.2990232,-123.239243,587152,,2019-06-30,10,0,Zillow ZIP-level market for Redwood Valley; mapped with Census 2020 ZCTA 95470 in Mendocino County.,,,,
95428 Covelo,zcta,95428,Covelo,39.8248031,-123.1796086,371069,,2019-06-30,10,0,Zillow ZIP-level market for Covelo; mapped with Census 2020 ZCTA 95428 in Mendocino County.,,,,
95445 Gualala,zcta,95445,Gualala,38.8325203,-123.4725321,594431,,2019-06-30,10,0,Zillow ZIP-level market for Gualala; mapped with Census 2020 ZCTA 95445 in Mendocino County.,,,,
95454 Laytonville,zcta,95454,Laytonville,39.7840478,-123.4957895,497954,,2019-06-30,10,0,Zillow ZIP-level market for Laytonville; mapped with Census 2020 ZCTA 95454 in Mendocino County.,,,,
95460 Mendocino,zcta,95460,Mendocino,39.305245,-123.7486159,972819,,2019-06-30,10,0,Zillow ZIP-level market for Mendocino; mapped with Census 2020 ZCTA 95460 in Mendocino County.,,,,
95449 Hopland,zcta,95449,Hopland,38.9361372,-123.1194447,579824,,2019-06-30,10,0,Zillow ZIP-level market for Hopland; mapped with Census 2020 ZCTA 95449 in Mendocino County.,,,,
95410 Albion,zcta,95410,Albion,39.2349401,-123.6998535,710921,,2019-06-30,10,0,Zillow ZIP-level market for Albion; mapped with Census 2020 ZCTA 95410 in Mendocino County.,,,,
95456 Little River,zcta,95456,Little River,39.2588858,-123.7591643,830445,,2019-06-30,10,0,Zillow ZIP-level market for Little River; mapped with Census 2020 ZCTA 95456 in Mendocino County.,,,,
95459 Manchester,zcta,95459,Manchester,38.9766284,-123.6048542,630709,,2019-06-30,10,0,Zillow ZIP-level market for Manchester; mapped with Census 2020 ZCTA 95459 in Mendocino County.,,,,
95482 Ukiah,zcta,95482,Ukiah,39.1368043,-123.2610887,521587,,2019-07-31,10,0,Zillow ZIP-level market for Ukiah; mapped with Census 2020 ZCTA 95482 in Mendocino County.,,,,
95437 Fort Bragg,zcta,95437,Fort Bragg,39.443949,-123.68592,526166,,2019-07-31,10,0,Zillow ZIP-level market for Fort Bragg; mapped with Census 2020 ZCTA 95437 in Mendocino County.,,,,
95490 Willits,zcta,95490,Willits,39.4793198,-123.3481599,429365,,2019-07-31,10,0,Zillow ZIP-level market for Willits; mapped with Census 2020 ZCTA 95490 in Mendocino County.,,,,
95470 Redwood Valley,zcta,95470,Redwood Valley,39.2990232,-123.239243,592102,,2019-07-31,10,0,Zillow ZIP-level market for Redwood Valley; mapped with Census 2020 ZCTA 95470 in Mendocino County.,,,,
95428 Covelo,zcta,95428,Covelo,39.8248031,-123.1796086,375746,,2019-07-31,10,0,Zillow ZIP-level market for Covelo; mapped with Census 2020 ZCTA 95428 in Mendocino County.,,,,
95445 Gualala,zcta,95445,Gualala,38.8325203,-123.4725321,597389,,2019-07-31,10,0,Zillow ZIP-level market for Gualala; mapped with Census 2020 ZCTA 95445 in Mendocino County.,,,,
95454 Laytonville,zcta,95454,Laytonville,39.7840478,-123.4957895,502615,,2019-07-31,10,0,Zillow ZIP-level market for Laytonville; mapped with Census 2020 ZCTA 95454 in Mendocino County.,,,,
95460 Mendocino,zcta,95460,Mendocino,39.305245,-123.7486159,974954,,2019-07-31,10,0,Zillow ZIP-level market for Mendocino; mapped with Census 2020 ZCTA 95460 in Mendocino County.,,,,
95449 Hopland,zcta,95449,Hopland,38.9361372,-123.1194447,583617,,2019-07-31,10,0,Zillow ZIP-level market for Hopland; mapped with Census 2020 ZCTA 95449 in Mendocino County.,,,,
95410 Albion,zcta,95410,Albion,39.2349401,-123.6998535,716387,,2019-07-31,10,0,Zillow ZIP-level market for Albion; mapped with Census 2020 ZCTA 95410 in Mendocino County.,,,,
95456 Little River,zcta,95456,Little River,39.2588858,-123.7591643,832351,,2019-07-31,10,0,Zillow ZIP-level market for Little River; mapped with Census 2020 ZCTA 95456 in Mendocino County.,,,,
95459 Manchester,zcta,95459,Manchester,38.9766284,-123.6048542,635147,,2019-07-31,10,0,Zillow ZIP-level market for Manchester; mapped with Census 2020 ZCTA 95459 in Mendocino County.,,,,
95482 Ukiah,zcta,95482,Ukiah,39.1368043,-123.2610887,520728,,2019-08-31,10,0,Zillow ZIP-level market for Ukiah; mapped with Census 2020 ZCTA 95482 in Mendocino County.,,,,
95437 Fort Bragg,zcta,95437,Fort Bragg,39.443949,-123.68592,527349,,2019-08-31,10,0,Zillow ZIP-level market for Fort Bragg; mapped with Census 2020 ZCTA 95437 in Mendocino County.,,,,
95490 Willits,zcta,95490,Willits,39.4793198,-123.3481599,431865,,2019-08-31,10,0,Zillow ZIP-level market for Willits; mapped with Census 2020 ZCTA 95490 in Mendocino County.,,,,
95470 Redwood Valley,zcta,95470,Redwood Valley,39.2990232,-123.239243,595004,,2019-08-31,10,0,Zillow ZIP-level market for Redwood Valley; mapped with Census 2020 ZCTA 95470 in Mendocino County.,,,,
95428 Covelo,zcta,95428,Covelo,39.8248031,-123.1796086,381042,,2019-08-31,10,0,Zillow ZIP-level market for Covelo; mapped with Census 2020 ZCTA 95428 in Mendocino County.,,,,
95445 Gualala,zcta,95445,Gualala,38.8325203,-123.4725321,599448,,2019-08-31,10,0,Zillow ZIP-level market for Gualala; mapped with Census 2020 ZCTA 95445 in Mendocino County.,,,,
95454 Laytonville,zcta,95454,Laytonville,39.7840478,-123.4957895,506869,,2019-08-31,10,0,Zillow ZIP-level market for Laytonville; mapped with Census 2020 ZCTA 95454 in Mendocino County.,,,,
95460 Mendocino,zcta,95460,Mendocino,39.305245,-123.7486159,974825,,2019-08-31,10,0,Zillow ZIP-level market for Mendocino; mapped with Census 2020 ZCTA 95460 in Mendocino County.,,,,
95449 Hopland,zcta,95449,Hopland,38.9361372,-123.1194447,584450,,2019-08-31,10,0,Zillow ZIP-level market for Hopland; mapped with Census 2020 ZCTA 95449 in Mendocino County.,,,,
95410 Albion,zcta,95410,Albion,39.2349401,-123.6998535,718140,,2019-08-31,10,0,Zillow ZIP-level market for Albion; mapped with Census 2020 ZCTA 95410 in Mendocino County.,,,,
95456 Little River,zcta,95456,Little River,39.2588858,-123.7591643,831899,,2019-08-31,10,0,Zillow ZIP-level market for Little River; mapped with Census 2020 ZCTA 95456 in Mendocino County.,,,,
95459 Manchester,zcta,95459,Manchester,38.9766284,-123.6048542,636334,,2019-08-31,10,0,Zillow ZIP-level market for Manchester; mapped with Census 2020 ZCTA 95459 in Mendocino County.,,,,
95482 Ukiah,zcta,95482,Ukiah,39.1368043,-123.2610887,519272,,2019-09-30,10,0,Zillow ZIP-level market for Ukiah; mapped with Census 2020 ZCTA 95482 in Mendocino County.,,,,
95437 Fort Bragg,zcta,95437,Fort Bragg,39.443949,-123.68592,527801,,2019-09-30,10,0,Zillow ZIP-level market for Fort Bragg; mapped with Census 2020 ZCTA 95437 in Mendocino County.,,,,
95490 Willits,zcta,95490,Willits,39.4793198,-123.3481599,433135,,2019-09-30,10,0,Zillow ZIP-level market for Willits; mapped with Census 2020 ZCTA 95490 in Mendocino County.,,,,
95470 Redwood Valley,zcta,95470,Redwood Valley,39.2990232,-123.239243,596901,,2019-09-30,10,0,Zillow ZIP-level market for Redwood Valley; mapped with Census 2020 ZCTA 95470 in Mendocino County.,,,,
95428 Covelo,zcta,95428,Covelo,39.8248031,-123.1796086,384498,,2019-09-30,10,0,Zillow ZIP-level market for Covelo; mapped with Census 2020 ZCTA 95428 in Mendocino County.,,,,
95445 Gualala,zcta,95445,Gualala,38.8325203,-123.4725321,600481,,2019-09-30,10,0,Zillow ZIP-level market for Gualala; mapped with Census 2020 ZCTA 95445 in Mendocino County.,,,,
95454 Laytonville,zcta,95454,Laytonville,39.7840478,-123.4957895,508664,,2019-09-30,10,0,Zillow ZIP-level market for Laytonville; mapped with Census 2020 ZCTA 95454 in Mendocino County.,,,,
95460 Mendocino,zcta,95460,Mendocino,39.305245,-123.7486159,974413,,2019-09-30,10,0,Zillow ZIP-level market for Mendocino; mapped with Census 2020 ZCTA 95460 in Mendocino County.,,,,
95449 Hopland,zcta,95449,Hopland,38.9361372,-123.1194447,583986,,2019-09-30,10,0,Zillow ZIP-level market for Hopland; mapped with Census 2020 ZCTA 95449 in Mendocino County.,,,,
95410 Albion,zcta,95410,Albion,39.2349401,-123.6998535,720641,,2019-09-30,10,0,Zillow ZIP-level market for Albion; mapped with Census 2020 ZCTA 95410 in Mendocino County.,,,,
95456 Little River,zcta,95456,Little River,39.2588858,-123.7591643,834284,,2019-09-30,10,0,Zillow ZIP-level market for Little River; mapped with Census 2020 ZCTA 95456 in Mendocino County.,,,,
95459 Manchester,zcta,95459,Manchester,38.9766284,-123.6048542,634564,,2019-09-30,10,0,Zillow ZIP-level market for Manchester; mapped with Census 2020 ZCTA 95459 in Mendocino County.,,,,
95482 Ukiah,zcta,95482,Ukiah,39.1368043,-123.2610887,519619,,2019-10-31,10,0,Zillow ZIP-level market for Ukiah; mapped with Census 2020 ZCTA 95482 in Mendocino County.,,,,
95437 Fort Bragg,zcta,95437,Fort Bragg,39.443949,-123.68592,529691,,2019-10-31,10,0,Zillow ZIP-level market for Fort Bragg; mapped with Census 2020 ZCTA 95437 in Mendocino County.,,,,
95490 Willits,zcta,95490,Willits,39.4793198,-123.3481599,434607,,2019-10-31,10,0,Zillow ZIP-level market for Willits; mapped with Census 2020 ZCTA 95490 in Mendocino County.,,,,
95470 Redwood Valley,zcta,95470,Redwood Valley,39.2990232,-123.239243,596478,,2019-10-31,10,0,Zillow ZIP-level market for Redwood Valley; mapped with Census 2020 ZCTA 95470 in Mendocino County.,,,,
95428 Covelo,zcta,95428,Covelo,39.8248031,-123.1796086,389152,,2019-10-31,10,0,Zillow ZIP-level market for Covelo; mapped with Census 2020 ZCTA 95428 in Mendocino County.,,,,
95445 Gualala,zcta,95445,Gualala,38.8325203,-123.4725321,600893,,2019-10-31,10,0,Zillow ZIP-level market for Gualala; mapped with Census 2020 ZCTA 95445 in Mendocino County.,,,,
95454 Laytonville,zcta,95454,Laytonville,39.7840478,-123.4957895,511751,,2019-10-31,10,0,Zillow ZIP-level market for Laytonville; mapped with Census 2020 ZCTA 95454 in Mendocino County.,,,,
95460 Mendocino,zcta,95460,Mendocino,39.305245,-123.7486159,974327,,2019-10-31,10,0,Zillow ZIP-level market for Mendocino; mapped with Census 2020 ZCTA 95460 in Mendocino County.,,,,
95449 Hopland,zcta,95449,Hopland,38.9361372,-123.1194447,584391,,2019-10-31,10,0,Zillow ZIP-level market for Hopland; mapped with Census 2020 ZCTA 95449 in Mendocino County.,,,,
95410 Albion,zcta,95410,Albion,39.2349401,-123.6998535,721592,,2019-10-31,10,0,Zillow ZIP-level market for Albion; mapped with Census 2020 ZCTA 95410 in Mendocino County.,,,,
95456 Little River,zcta,95456,Little River,39.2588858,-123.7591643,835777,,2019-10-31,10,0,Zillow ZIP-level market for Little River; mapped with Census 2020 ZCTA 95456 in Mendocino County.,,,,
95459 Manchester,zcta,95459,Manchester,38.9766284,-123.6048542,631900,,2019-10-31,10,0,Zillow ZIP-level market for Manchester; mapped with Census 2020 ZCTA 95459 in Mendocino County.,,,,
95482 Ukiah,zcta,95482,Ukiah,39.1368043,-123.2610887,521028,,2019-11-30,10,0,Zillow ZIP-level market for Ukiah; mapped with Census 2020 ZCTA 95482 in Mendocino County.,,,,
95437 Fort Bragg,zcta,95437,Fort Bragg,39.443949,-123.68592,534364,,2019-11-30,10,0,Zillow ZIP-level market for Fort Bragg; mapped with Census 2020 ZCTA 95437 in Mendocino County.,,,,
95490 Willits,zcta,95490,Willits,39.4793198,-123.3481599,436867,,2019-11-30,10,0,Zillow ZIP-level market for Willits; mapped with Census 2020 ZCTA 95490 in Mendocino County.,,,,
95470 Redwood Valley,zcta,95470,Redwood Valley,39.2990232,-123.239243,597881,,2019-11-30,10,0,Zillow ZIP-level market for Redwood Valley; mapped with Census 2020 ZCTA 95470 in Mendocino County.,,,,
95428 Covelo,zcta,95428,Covelo,39.8248031,-123.1796086,392380,,2019-11-30,10,0,Zillow ZIP-level market for Covelo; mapped with Census 2020 ZCTA 95428 in Mendocino County.,,,,
95445 Gualala,zcta,95445,Gualala,38.8325203,-123.4725321,600300,,2019-11-30,10,0,Zillow ZIP-level market for Gualala; mapped with Census 2020 ZCTA 95445 in Mendocino County.,,,,
95454 Laytonville,zcta,95454,Laytonville,39.7840478,-123.4957895,515569,,2019-11-30,10,0,Zillow ZIP-level market for Laytonville; mapped with Census 2020 ZCTA 95454 in Mendocino County.,,,,
95460 Mendocino,zcta,95460,Mendocino,39.305245,-123.7486159,977219,,2019-11-30,10,0,Zillow ZIP-level market for Mendocino; mapped with Census 2020 ZCTA 95460 in Mendocino County.,,,,
95449 Hopland,zcta,95449,Hopland,38.9361372,-123.1194447,585573,,2019-11-30,10,0,Zillow ZIP-level market for Hopland; mapped with Census 2020 ZCTA 95449 in Mendocino County.,,,,
95410 Albion,zcta,95410,Albion,39.2349401,-123.6998535,724788,,2019-11-30,10,0,Zillow ZIP-level market for Albion; mapped with Census 2020 ZCTA 95410 in Mendocino County.,,,,
95456 Little River,zcta,95456,Little River,39.2588858,-123.7591643,836356,,2019-11-30,10,0,Zillow ZIP-level market for Little River; mapped with Census 2020 ZCTA 95456 in Mendocino County.,,,,
95459 Manchester,zcta,95459,Manchester,38.9766284,-123.6048542,631805,,2019-11-30,10,0,Zillow ZIP-level market for Manchester; mapped with Census 2020 ZCTA 95459 in Mendocino County.,,,,
95482 Ukiah,zcta,95482,Ukiah,39.1368043,-123.2610887,523814,,2019-12-31,10,0,Zillow ZIP-level market for Ukiah; mapped with Census 2020 ZCTA 95482 in Mendocino County.,,,,
95437 Fort Bragg,zcta,95437,Fort Bragg,39.443949,-123.68592,541691,,2019-12-31,10,0,Zillow ZIP-level market for Fort Bragg; mapped with Census 2020 ZCTA 95437 in Mendocino County.,,,,
95490 Willits,zcta,95490,Willits,39.4793198,-123.3481599,439335,,2019-12-31,10,0,Zillow ZIP-level market for Willits; mapped with Census 2020 ZCTA 95490 in Mendocino County.,,,,
95470 Redwood Valley,zcta,95470,Redwood Valley,39.2990232,-123.239243,600456,,2019-12-31,10,0,Zillow ZIP-level market for Redwood Valley; mapped with Census 2020 ZCTA 95470 in Mendocino County.,,,,
95428 Covelo,zcta,95428,Covelo,39.8248031,-123.1796086,398248,,2019-12-31,10,0,Zillow ZIP-level market for Covelo; mapped with Census 2020 ZCTA 95428 in Mendocino County.,,,,
95445 Gualala,zcta,95445,Gualala,38.8325203,-123.4725321,601264,,2019-12-31,10,0,Zillow ZIP-level market for Gualala; mapped with Census 2020 ZCTA 95445 in Mendocino County.,,,,
95454 Laytonville,zcta,95454,Laytonville,39.7840478,-123.4957895,521889,,2019-12-31,10,0,Zillow ZIP-level market for Laytonville; mapped with Census 2020 ZCTA 95454 in Mendocino County.,,,,
95460 Mendocino,zcta,95460,Mendocino,39.305245,-123.7486159,983996,,2019-12-31,10,0,Zillow ZIP-level market for Mendocino; mapped with Census 2020 ZCTA 95460 in Mendocino County.,,,,
95449 Hopland,zcta,95449,Hopland,38.9361372,-123.1194447,587542,,2019-12-31,10,0,Zillow ZIP-level market for Hopland; mapped with Census 2020 ZCTA 95449 in Mendocino County.,,,,
95410 Albion,zcta,95410,Albion,39.2349401,-123.6998535,728108,,2019-12-31,10,0,Zillow ZIP-level market for Albion; mapped with Census 2020 ZCTA 95410 in Mendocino County.,,,,
95456 Little River,zcta,95456,Little River,39.2588858,-123.7591643,836191,,2019-12-31,10,0,Zillow ZIP-level market for Little River; mapped with Census 2020 ZCTA 95456 in Mendocino County.,,,,
95459 Manchester,zcta,95459,Manchester,38.9766284,-123.6048542,634378,,2019-12-31,10,0,Zillow ZIP-level market for Manchester; mapped with Census 2020 ZCTA 95459 in Mendocino County.,,,,
95482 Ukiah,zcta,95482,Ukiah,39.1368043,-123.2610887,523519,,2020-01-31,10,0,Zillow ZIP-level market for Ukiah; mapped with Census 2020 ZCTA 95482 in Mendocino County.,,,,
95437 Fort Bragg,zcta,95437,Fort Bragg,39.443949,-123.68592,545052,,2020-01-31,10,0,Zillow ZIP-level market for Fort Bragg; mapped with Census 2020 ZCTA 95437 in Mendocino County.,,,,
95490 Willits,zcta,95490,Willits,39.4793198,-123.3481599,440271,,2020-01-31,10,0,Zillow ZIP-level market for Willits; mapped with Census 2020 ZCTA 95490 in Mendocino County.,,,,
95470 Redwood Valley,zcta,95470,Redwood Valley,39.2990232,-123.239243,600389,,2020-01-31,10,0,Zillow ZIP-level market for Redwood Valley; mapped with Census 2020 ZCTA 95470 in Mendocino County.,,,,
95428 Covelo,zcta,95428,Covelo,39.8248031,-123.1796086,402568,,2020-01-31,10,0,Zillow ZIP-level market for Covelo; mapped with Census 2020 ZCTA 95428 in Mendocino County.,,,,
95445 Gualala,zcta,95445,Gualala,38.8325203,-123.4725321,601064,,2020-01-31,10,0,Zillow ZIP-level market for Gualala; mapped with Census 2020 ZCTA 95445 in Mendocino County.,,,,
95454 Laytonville,zcta,95454,Laytonville,39.7840478,-123.4957895,522330,,2020-01-31,10,0,Zillow ZIP-level market for Laytonville; mapped with Census 2020 ZCTA 95454 in Mendocino County.,,,,
95460 Mendocino,zcta,95460,Mendocino,39.305245,-123.7486159,987094,,2020-01-31,10,0,Zillow ZIP-level market for Mendocino; mapped with Census 2020 ZCTA 95460 in Mendocino County.,,,,
95449 Hopland,zcta,95449,Hopland,38.9361372,-123.1194447,586758,,2020-01-31,10,0,Zillow ZIP-level market for Hopland; mapped with Census 2020 ZCTA 95449 in Mendocino County.,,,,
95410 Albion,zcta,95410,Albion,39.2349401,-123.6998535,726488,,2020-01-31,10,0,Zillow ZIP-level market for Albion; mapped with Census 2020 ZCTA 95410 in Mendocino County.,,,,
95456 Little River,zcta,95456,Little River,39.2588858,-123.7591643,832922,,2020-01-31,10,0,Zillow ZIP-level market for Little River; mapped with Census 2020 ZCTA 95456 in Mendocino County.,,,,
95459 Manchester,zcta,95459,Manchester,38.9766284,-123.6048542,635311,,2020-01-31,10,0,Zillow ZIP-level market for Manchester; mapped with Census 2020 ZCTA 95459 in Mendocino County.,,,,
95482 Ukiah,zcta,95482,Ukiah,39.1368043,-123.2610887,521004,,2020-02-29,10,0,Zillow ZIP-level market for Ukiah; mapped with Census 2020 ZCTA 95482 in Mendocino County.,,,,
95437 Fort Bragg,zcta,95437,Fort Bragg,39.443949,-123.68592,545379,,2020-02-29,10,0,Zillow ZIP-level market for Fort Bragg; mapped with Census 2020 ZCTA 95437 in Mendocino County.,,,,
95490 Willits,zcta,95490,Willits,39.4793198,-123.3481599,440348,,2020-02-29,10,0,Zillow ZIP-level market for Willits; mapped with Census 2020 ZCTA 95490 in Mendocino County.,,,,
95470 Redwood Valley,zcta,95470,Redwood Valley,39.2990232,-123.239243,596789,,2020-02-29,10,0,Zillow ZIP-level market for Redwood Valley; mapped with Census 2020 ZCTA 95470 in Mendocino County.,,,,
95428 Covelo,zcta,95428,Covelo,39.8248031,-123.1796086,403624,,2020-02-29,10,0,Zillow ZIP-level market for Covelo; mapped with Census 2020 ZCTA 95428 in Mendocino County.,,,,
95445 Gualala,zcta,95445,Gualala,38.8325203,-123.4725321,600947,,2020-02-29,10,0,Zillow ZIP-level market for Gualala; mapped with Census 2020 ZCTA 95445 in Mendocino County.,,,,
95454 Laytonville,zcta,95454,Laytonville,39.7840478,-123.4957895,518953,,2020-02-29,10,0,Zillow ZIP-level market for Laytonville; mapped with Census 2020 ZCTA 95454 in Mendocino County.,,,,
95460 Mendocino,zcta,95460,Mendocino,39.305245,-123.7486159,985349,,2020-02-29,10,0,Zillow ZIP-level market for Mendocino; mapped with Census 2020 ZCTA 95460 in Mendocino County.,,,,
95449 Hopland,zcta,95449,Hopland,38.9361372,-123.1194447,584863,,2020-02-29,10,0,Zillow ZIP-level market for Hopland; mapped with Census 2020 ZCTA 95449 in Mendocino County.,,,,
95410 Albion,zcta,95410,Albion,39.2349401,-123.6998535,722348,,2020-02-29,10,0,Zillow ZIP-level market for Albion; mapped with Census 2020 ZCTA 95410 in Mendocino County.,,,,
95456 Little River,zcta,95456,Little River,39.2588858,-123.7591643,830404,,2020-02-29,10,0,Zillow ZIP-level market for Little River; mapped with Census 2020 ZCTA 95456 in Mendocino County.,,,,
95459 Manchester,zcta,95459,Manchester,38.9766284,-123.6048542,636556,,2020-02-29,10,0,Zillow ZIP-level market for Manchester; mapped with Census 2020 ZCTA 95459 in Mendocino County.,,,,
95482 Ukiah,zcta,95482,Ukiah,39.1368043,-123.2610887,517232,,2020-03-31,10,0,Zillow ZIP-level market for Ukiah; mapped with Census 2020 ZCTA 95482 in Mendocino County.,,,,
95437 Fort Bragg,zcta,95437,Fort Bragg,39.443949,-123.68592,543871,,2020-03-31,10,0,Zillow ZIP-level market for Fort Bragg; mapped with Census 2020 ZCTA 95437 in Mendocino County.,,,,
95490 Willits,zcta,95490,Willits,39.4793198,-123.3481599,441174,,2020-03-31,10,0,Zillow ZIP-level market for Willits; mapped with Census 2020 ZCTA 95490 in Mendocino County.,,,,
95470 Redwood Valley,zcta,95470,Redwood Valley,39.2990232,-123.239243,591250,,2020-03-31,10,0,Zillow ZIP-level market for Redwood Valley; mapped with Census 2020 ZCTA 95470 in Mendocino County.,,,,
95428 Covelo,zcta,95428,Covelo,39.8248031,-123.1796086,401094,,2020-03-31,10,0,Zillow ZIP-level market for Covelo; mapped with Census 2020 ZCTA 95428 in Mendocino County.,,,,
95445 Gualala,zcta,95445,Gualala,38.8325203,-123.4725321,600470,,2020-03-31,10,0,Zillow ZIP-level market for Gualala; mapped with Census 2020 ZCTA 95445 in Mendocino County.,,,,
95454 Laytonville,zcta,95454,Laytonville,39.7840478,-123.4957895,514022,,2020-03-31,10,0,Zillow ZIP-level market for Laytonville; mapped with Census 2020 ZCTA 95454 in Mendocino County.,,,,
95460 Mendocino,zcta,95460,Mendocino,39.305245,-123.7486159,978911,,2020-03-31,10,0,Zillow ZIP-level market for Mendocino; mapped with Census 2020 ZCTA 95460 in Mendocino County.,,,,
95449 Hopland,zcta,95449,Hopland,38.9361372,-123.1194447,582584,,2020-03-31,10,0,Zillow ZIP-level market for Hopland; mapped with Census 2020 ZCTA 95449 in Mendocino County.,,,,
95410 Albion,zcta,95410,Albion,39.2349401,-123.6998535,715927,,2020-03-31,10,0,Zillow ZIP-level market for Albion; mapped with Census 2020 ZCTA 95410 in Mendocino County.,,,,
95456 Little River,zcta,95456,Little River,39.2588858,-123.7591643,828847,,2020-03-31,10,0,Zillow ZIP-level market for Little River; mapped with Census 2020 ZCTA 95456 in Mendocino County.,,,,
95459 Manchester,zcta,95459,Manchester,38.9766284,-123.6048542,637214,,2020-03-31,10,0,Zillow ZIP-level market for Manchester; mapped with Census 2020 ZCTA 95459 in Mendocino County.,,,,
95482 Ukiah,zcta,95482,Ukiah,39.1368043,-123.2610887,514865,,2020-04-30,10,0,Zillow ZIP-level market for Ukiah; mapped with Census 2020 ZCTA 95482 in Mendocino County.,,,,
95437 Fort Bragg,zcta,95437,Fort Bragg,39.443949,-123.68592,544512,,2020-04-30,10,0,Zillow ZIP-level market for Fort Bragg; mapped with Census 2020 ZCTA 95437 in Mendocino County.,,,,
95490 Willits,zcta,95490,Willits,39.4793198,-123.3481599,442057,,2020-04-30,10,0,Zillow ZIP-level market for Willits; mapped with Census 2020 ZCTA 95490 in Mendocino County.,,,,
95470 Redwood Valley,zcta,95470,Redwood Valley,39.2990232,-123.239243,586826,,2020-04-30,10,0,Zillow ZIP-level market for Redwood Valley; mapped with Census 2020 ZCTA 95470 in Mendocino County.,,,,
95428 Covelo,zcta,95428,Covelo,39.8248031,-123.1796086,397399,,2020-04-30,10,0,Zillow ZIP-level market for Covelo; mapped with Census 2020 ZCTA 95428 in Mendocino County.,,,,
95445 Gualala,zcta,95445,Gualala,38.8325203,-123.4725321,600075,,2020-04-30,10,0,Zillow ZIP-level market for Gualala; mapped with Census 2020 ZCTA 95445 in Mendocino County.,,,,
95454 Laytonville,zcta,95454,Laytonville,39.7840478,-123.4957895,511111,,2020-04-30,10,0,Zillow ZIP-level market for Laytonville; mapped with Census 2020 ZCTA 95454 in Mendocino County.,,,,
95460 Mendocino,zcta,95460,Mendocino,39.305245,-123.7486159,975490,,2020-04-30,10,0,Zillow ZIP-level market for Mendocino; mapped with Census 2020 ZCTA 95460 in Mendocino County.,,,,
95449 Hopland,zcta,95449,Hopland,38.9361372,-123.1194447,581586,,2020-04-30,10,0,Zillow ZIP-level market for Hopland; mapped with Census 2020 ZCTA 95449 in Mendocino County.,,,,
95410 Albion,zcta,95410,Albion,39.2349401,-123.6998535,713653,,2020-04-30,10,0,Zillow ZIP-level market for Albion; mapped with Census 2020 ZCTA 95410 in Mendocino County.,,,,
95456 Little River,zcta,95456,Little River,39.2588858,-123.7591643,832279,,2020-04-30,10,0,Zillow ZIP-level market for Little River; mapped with Census 2020 ZCTA 95456 in Mendocino County.,,,,
95459 Manchester,zcta,95459,Manchester,38.9766284,-123.6048542,640479,,2020-04-30,10,0,Zillow ZIP-level market for Manchester; mapped with Census 2020 ZCTA 95459 in Mendocino County.,,,,
95482 Ukiah,zcta,95482,Ukiah,39.1368043,-123.2610887,512341,,2020-05-31,10,0,Zillow ZIP-level market for Ukiah; mapped with Census 2020 ZCTA 95482 in Mendocino County.,,,,
95437 Fort Bragg,zcta,95437,Fort Bragg,39.443949,-123.68592,543476,,2020-05-31,10,0,Zillow ZIP-level market for Fort Bragg; mapped with Census 2020 ZCTA 95437 in Mendocino County.,,,,
95490 Willits,zcta,95490,Willits,39.4793198,-123.3481599,441788,,2020-05-31,10,0,Zillow ZIP-level market for Willits; mapped with Census 2020 ZCTA 95490 in Mendocino County.,,,,
95470 Redwood Valley,zcta,95470,Redwood Valley,39.2990232,-123.239243,583240,,2020-05-31,10,0,Zillow ZIP-level market for Redwood Valley; mapped with Census 2020 ZCTA 95470 in Mendocino County.,,,,
95428 Covelo,zcta,95428,Covelo,39.8248031,-123.1796086,394545,,2020-05-31,10,0,Zillow ZIP-level market for Covelo; mapped with Census 2020 ZCTA 95428 in Mendocino County.,,,,
95445 Gualala,zcta,95445,Gualala,38.8325203,-123.4725321,598096,,2020-05-31,10,0,Zillow ZIP-level market for Gualala; mapped with Census 2020 ZCTA 95445 in Mendocino County.,,,,
95454 Laytonville,zcta,95454,Laytonville,39.7840478,-123.4957895,506869,,2020-05-31,10,0,Zillow ZIP-level market for Laytonville; mapped with Census 2020 ZCTA 95454 in Mendocino County.,,,,
95460 Mendocino,zcta,95460,Mendocino,39.305245,-123.7486159,970272,,2020-05-31,10,0,Zillow ZIP-level market for Mendocino; mapped with Census 2020 ZCTA 95460 in Mendocino County.,,,,
95449 Hopland,zcta,95449,Hopland,38.9361372,-123.1194447,577889,,2020-05-31,10,0,Zillow ZIP-level market for Hopland; mapped with Census 2020 ZCTA 95449 in Mendocino County.,,,,
95410 Albion,zcta,95410,Albion,39.2349401,-123.6998535,708566,,2020-05-31,10,0,Zillow ZIP-level market for Albion; mapped with Census 2020 ZCTA 95410 in Mendocino County.,,,,
95456 Little River,zcta,95456,Little River,39.2588858,-123.7591643,832237,,2020-05-31,10,0,Zillow ZIP-level market for Little River; mapped with Census 2020 ZCTA 95456 in Mendocino County.,,,,
95459 Manchester,zcta,95459,Manchester,38.9766284,-123.6048542,640477,,2020-05-31,10,0,Zillow ZIP-level market for Manchester; mapped with Census 2020 ZCTA 95459 in Mendocino County.,,,,
95482 Ukiah,zcta,95482,Ukiah,39.1368043,-123.2610887,510368,,2020-06-30,10,0,Zillow ZIP-level market for Ukiah; mapped with Census 2020 ZCTA 95482 in Mendocino County.,,,,
95437 Fort Bragg,zcta,95437,Fort Bragg,39.443949,-123.68592,541260,,2020-06-30,10,0,Zillow ZIP-level market for Fort Bragg; mapped with Census 2020 ZCTA 95437 in Mendocino County.,,,,
95490 Willits,zcta,95490,Willits,39.4793198,-123.3481599,440866,,2020-06-30,10,0,Zillow ZIP-level market for Willits; mapped with Census 2020 ZCTA 95490 in Mendocino County.,,,,
95470 Redwood Valley,zcta,95470,Redwood Valley,39.2990232,-123.239243,579886,,2020-06-30,10,0,Zillow ZIP-level market for Redwood Valley; mapped with Census 2020 ZCTA 95470 in Mendocino County.,,,,
95428 Covelo,zcta,95428,Covelo,39.8248031,-123.1796086,394763,,2020-06-30,10,0,Zillow ZIP-level market for Covelo; mapped with Census 2020 ZCTA 95428 in Mendocino County.,,,,
95445 Gualala,zcta,95445,Gualala,38.8325203,-123.4725321,595710,,2020-06-30,10,0,Zillow ZIP-level market for Gualala; mapped with Census 2020 ZCTA 95445 in Mendocino County.,,,,
95454 Laytonville,zcta,95454,Laytonville,39.7840478,-123.4957895,502941,,2020-06-30,10,0,Zillow ZIP-level market for Laytonville; mapped with Census 2020 ZCTA 95454 in Mendocino County.,,,,
95460 Mendocino,zcta,95460,Mendocino,39.305245,-123.7486159,967023,,2020-06-30,10,0,Zillow ZIP-level market for Mendocino; mapped with Census 2020 ZCTA 95460 in Mendocino County.,,,,
95449 Hopland,zcta,95449,Hopland,38.9361372,-123.1194447,574149,,2020-06-30,10,0,Zillow ZIP-level market for Hopland; mapped with Census 2020 ZCTA 95449 in Mendocino County.,,,,
95410 Albion,zcta,95410,Albion,39.2349401,-123.6998535,704523,,2020-06-30,10,0,Zillow ZIP-level market for Albion; mapped with Census 2020 ZCTA 95410 in Mendocino County.,,,,
95456 Little River,zcta,95456,Little River,39.2588858,-123.7591643,831885,,2020-06-30,10,0,Zillow ZIP-level market for Little River; mapped with Census 2020 ZCTA 95456 in Mendocino County.,,,,
95459 Manchester,zcta,95459,Manchester,38.9766284,-123.6048542,639482,,2020-06-30,10,0,Zillow ZIP-level market for Manchester; mapped with Census 2020 ZCTA 95459 in Mendocino County.,,,,
95482 Ukiah,zcta,95482,Ukiah,39.1368043,-123.2610887,511910,,2020-07-31,10,0,Zillow ZIP-level market for Ukiah; mapped with Census 2020 ZCTA 95482 in Mendocino County.,,,,
95437 Fort Bragg,zcta,95437,Fort Bragg,39.443949,-123.68592,542119,,2020-07-31,10,0,Zillow ZIP-level market for Fort Bragg; mapped with Census 2020 ZCTA 95437 in Mendocino County.,,,,
95490 Willits,zcta,95490,Willits,39.4793198,-123.3481599,442591,,2020-07-31,10,0,Zillow ZIP-level market for Willits; mapped with Census 2020 ZCTA 95490 in Mendocino County.,,,,
95470 Redwood Valley,zcta,95470,Redwood Valley,39.2990232,-123.239243,580928,,2020-07-31,10,0,Zillow ZIP-level market for Redwood Valley; mapped with Census 2020 ZCTA 95470 in Mendocino County.,,,,
95428 Covelo,zcta,95428,Covelo,39.8248031,-123.1796086,398928,,2020-07-31,10,0,Zillow ZIP-level market for Covelo; mapped with Census 2020 ZCTA 95428 in Mendocino County.,,,,
95445 Gualala,zcta,95445,Gualala,38.8325203,-123.4725321,595403,,2020-07-31,10,0,Zillow ZIP-level market for Gualala; mapped with Census 2020 ZCTA 95445 in Mendocino County.,,,,
95454 Laytonville,zcta,95454,Laytonville,39.7840478,-123.4957895,502798,,2020-07-31,10,0,Zillow ZIP-level market for Laytonville; mapped with Census 2020 ZCTA 95454 in Mendocino County.,,,,
95460 Mendocino,zcta,95460,Mendocino,39.305245,-123.7486159,972244,,2020-07-31,10,0,Zillow ZIP-level market for Mendocino; mapped with Census 2020 ZCTA 95460 in Mendocino County.,,,,
95449 Hopland,zcta,95449,Hopland,38.9361372,-123.1194447,575869,,2020-07-31,10,0,Zillow ZIP-level market for Hopland; mapped with Census 2020 ZCTA 95449 in Mendocino County.,,,,
95410 Albion,zcta,95410,Albion,39.2349401,-123.6998535,707091,,2020-07-31,10,0,Zillow ZIP-level market for Albion; mapped with Census 2020 ZCTA 95410 in Mendocino County.,,,,
95456 Little River,zcta,95456,Little River,39.2588858,-123.7591643,833358,,2020-07-31,10,0,Zillow ZIP-level market for Little River; mapped with Census 2020 ZCTA 95456 in Mendocino County.,,,,
95459 Manchester,zcta,95459,Manchester,38.9766284,-123.6048542,638460,,2020-07-31,10,0,Zillow ZIP-level market for Manchester; mapped with Census 2020 ZCTA 95459 in Mendocino County.,,,,
95482 Ukiah,zcta,95482,Ukiah,39.1368043,-123.2610887,518467,,2020-08-31,10,0,Zillow ZIP-level market for Ukiah; mapped with Census 2020 ZCTA 95482 in Mendocino County.,,,,
95437 Fort Bragg,zcta,95437,Fort Bragg,39.443949,-123.68592,547467,,2020-08-31,10,0,Zillow ZIP-level market for Fort Bragg; mapped with Census 2020 ZCTA 95437 in Mendocino County.,,,,
95490 Willits,zcta,95490,Willits,39.4793198,-123.3481599,447351,,2020-08-31,10,0,Zillow ZIP-level market for Willits; mapped with Census 2020 ZCTA 95490 in Mendocino County.,,,,
95470 Redwood Valley,zcta,95470,Redwood Valley,39.2990232,-123.239243,587963,,2020-08-31,10,0,Zillow ZIP-level market for Redwood Valley; mapped with Census 2020 ZCTA 95470 in Mendocino County.,,,,
95428 Covelo,zcta,95428,Covelo,39.8248031,-123.1796086,405346,,2020-08-31,10,0,Zillow ZIP-level market for Covelo; mapped with Census 2020 ZCTA 95428 in Mendocino County.,,,,
95445 Gualala,zcta,95445,Gualala,38.8325203,-123.4725321,600237,,2020-08-31,10,0,Zillow ZIP-level market for Gualala; mapped with Census 2020 ZCTA 95445 in Mendocino County.,,,,
95454 Laytonville,zcta,95454,Laytonville,39.7840478,-123.4957895,508353,,2020-08-31,10,0,Zillow ZIP-level market for Laytonville; mapped with Census 2020 ZCTA 95454 in Mendocino County.,,,,
95460 Mendocino,zcta,95460,Mendocino,39.305245,-123.7486159,987511,,2020-08-31,10,0,Zillow ZIP-level market for Mendocino; mapped with Census 2020 ZCTA 95460 in Mendocino County.,,,,
95449 Hopland,zcta,95449,Hopland,38.9361372,-123.1194447,583980,,2020-08-31,10,0,Zillow ZIP-level market for Hopland; mapped with Census 2020 ZCTA 95449 in Mendocino County.,,,,
95410 Albion,zcta,95410,Albion,39.2349401,-123.6998535,718981,,2020-08-31,10,0,Zillow ZIP-level market for Albion; mapped with Census 2020 ZCTA 95410 in Mendocino County.,,,,
95456 Little River,zcta,95456,Little River,39.2588858,-123.7591643,843785,,2020-08-31,10,0,Zillow ZIP-level market for Little River; mapped with Census 2020 ZCTA 95456 in Mendocino County.,,,,
95459 Manchester,zcta,95459,Manchester,38.9766284,-123.6048542,642528,,2020-08-31,10,0,Zillow ZIP-level market for Manchester; mapped with Census 2020 ZCTA 95459 in Mendocino County.,,,,
95482 Ukiah,zcta,95482,Ukiah,39.1368043,-123.2610887,531636,,2020-09-30,10,0,Zillow ZIP-level market for Ukiah; mapped with Census 2020 ZCTA 95482 in Mendocino County.,,,,
95437 Fort Bragg,zcta,95437,Fort Bragg,39.443949,-123.68592,558728,,2020-09-30,10,0,Zillow ZIP-level market for Fort Bragg; mapped with Census 2020 ZCTA 95437 in Mendocino County.,,,,
95490 Willits,zcta,95490,Willits,39.4793198,-123.3481599,454898,,2020-09-30,10,0,Zillow ZIP-level market for Willits; mapped with Census 2020 ZCTA 95490 in Mendocino County.,,,,
95470 Redwood Valley,zcta,95470,Redwood Valley,39.2990232,-123.239243,602482,,2020-09-30,10,0,Zillow ZIP-level market for Redwood Valley; mapped with Census 2020 ZCTA 95470 in Mendocino County.,,,,
95428 Covelo,zcta,95428,Covelo,39.8248031,-123.1796086,417887,,2020-09-30,10,0,Zillow ZIP-level market for Covelo; mapped with Census 2020 ZCTA 95428 in Mendocino County.,,,,
95445 Gualala,zcta,95445,Gualala,38.8325203,-123.4725321,612713,,2020-09-30,10,0,Zillow ZIP-level market for Gualala; mapped with Census 2020 ZCTA 95445 in Mendocino County.,,,,
95454 Laytonville,zcta,95454,Laytonville,39.7840478,-123.4957895,520437,,2020-09-30,10,0,Zillow ZIP-level market for Laytonville; mapped with Census 2020 ZCTA 95454 in Mendocino County.,,,,
95460 Mendocino,zcta,95460,Mendocino,39.305245,-123.7486159,1015566,,2020-09-30,10,0,Zillow ZIP-level market for Mendocino; mapped with Census 2020 ZCTA 95460 in Mendocino County.,,,,
95449 Hopland,zcta,95449,Hopland,38.9361372,-123.1194447,603040,,2020-09-30,10,0,Zillow ZIP-level market for Hopland; mapped with Census 2020 ZCTA 95449 in Mendocino County.,,,,
95410 Albion,zcta,95410,Albion,39.2349401,-123.6998535,741600,,2020-09-30,10,0,Zillow ZIP-level market for Albion; mapped with Census 2020 ZCTA 95410 in Mendocino County.,,,,
95456 Little River,zcta,95456,Little River,39.2588858,-123.7591643,863616,,2020-09-30,10,0,Zillow ZIP-level market for Little River; mapped with Census 2020 ZCTA 95456 in Mendocino County.,,,,
95459 Manchester,zcta,95459,Manchester,38.9766284,-123.6048542,654746,,2020-09-30,10,0,Zillow ZIP-level market for Manchester; mapped with Census 2020 ZCTA 95459 in Mendocino County.,,,,
95482 Ukiah,zcta,95482,Ukiah,39.1368043,-123.2610887,545614,,2020-10-31,10,0,Zillow ZIP-level market for Ukiah; mapped with Census 2020 ZCTA 95482 in Mendocino County.,,,,
95437 Fort Bragg,zcta,95437,Fort Bragg,39.443949,-123.68592,569793,,2020-10-31,10,0,Zillow ZIP-level market for Fort Bragg; mapped with Census 2020 ZCTA 95437 in Mendocino County.,,,,
95490 Willits,zcta,95490,Willits,39.4793198,-123.3481599,461239,,2020-10-31,10,0,Zillow ZIP-level market for Willits; mapped with Census 2020 ZCTA 95490 in Mendocino County.,,,,
95470 Redwood Valley,zcta,95470,Redwood Valley,39.2990232,-123.239243,615901,,2020-10-31,10,0,Zillow ZIP-level market for Redwood Valley; mapped with Census 2020 ZCTA 95470 in Mendocino County.,,,,
95428 Covelo,zcta,95428,Covelo,39.8248031,-123.1796086,428101,,2020-10-31,10,0,Zillow ZIP-level market for Covelo; mapped with Census 2020 ZCTA 95428 in Mendocino County.,,,,
95445 Gualala,zcta,95445,Gualala,38.8325203,-123.4725321,626426,,2020-10-31,10,0,Zillow ZIP-level market for Gualala; mapped with Census 2020 ZCTA 95445 in Mendocino County.,,,,
95454 Laytonville,zcta,95454,Laytonville,39.7840478,-123.4957895,530799,,2020-10-31,10,0,Zillow ZIP-level market for Laytonville; mapped with Census 2020 ZCTA 95454 in Mendocino County.,,,,
95460 Mendocino,zcta,95460,Mendocino,39.305245,-123.7486159,1039636,,2020-10-31,10,0,Zillow ZIP-level market for Mendocino; mapped with Census 2020 ZCTA 95460 in Mendocino County.,,,,
95449 Hopland,zcta,95449,Hopland,38.9361372,-123.1194447,620433,,2020-10-31,10,0,Zillow ZIP-level market for Hopland; mapped with Census 2020 ZCTA 95449 in Mendocino County.,,,,
95410 Albion,zcta,95410,Albion,39.2349401,-123.6998535,762500,,2020-10-31,10,0,Zillow ZIP-level market for Albion; mapped with Census 2020 ZCTA 95410 in Mendocino County.,,,,
95456 Little River,zcta,95456,Little River,39.2588858,-123.7591643,882923,,2020-10-31,10,0,Zillow ZIP-level market for Little River; mapped with Census 2020 ZCTA 95456 in Mendocino County.,,,,
95459 Manchester,zcta,95459,Manchester,38.9766284,-123.6048542,670118,,2020-10-31,10,0,Zillow ZIP-level market for Manchester; mapped with Census 2020 ZCTA 95459 in Mendocino County.,,,,
95482 Ukiah,zcta,95482,Ukiah,39.1368043,-123.2610887,557219,,2020-11-30,10,0,Zillow ZIP-level market for Ukiah; mapped with Census 2020 ZCTA 95482 in Mendocino County.,,,,
95437 Fort Bragg,zcta,95437,Fort Bragg,39.443949,-123.68592,579841,,2020-11-30,10,0,Zillow ZIP-level market for Fort Bragg; mapped with Census 2020 ZCTA 95437 in Mendocino County.,,,,
95490 Willits,zcta,95490,Willits,39.4793198,-123.3481599,465800,,2020-11-30,10,0,Zillow ZIP-level market for Willits; mapped with Census 2020 ZCTA 95490 in Mendocino County.,,,,
95470 Redwood Valley,zcta,95470,Redwood Valley,39.2990232,-123.239243,625980,,2020-11-30,10,0,Zillow ZIP-level market for Redwood Valley; mapped with Census 2020 ZCTA 95470 in Mendocino County.,,,,
95428 Covelo,zcta,95428,Covelo,39.8248031,-123.1796086,436100,,2020-11-30,10,0,Zillow ZIP-level market for Covelo; mapped with Census 2020 ZCTA 95428 in Mendocino County.,,,,
95445 Gualala,zcta,95445,Gualala,38.8325203,-123.4725321,638122,,2020-11-30,10,0,Zillow ZIP-level market for Gualala; mapped with Census 2020 ZCTA 95445 in Mendocino County.,,,,
95454 Laytonville,zcta,95454,Laytonville,39.7840478,-123.4957895,538865,,2020-11-30,10,0,Zillow ZIP-level market for Laytonville; mapped with Census 2020 ZCTA 95454 in Mendocino County.,,,,
95460 Mendocino,zcta,95460,Mendocino,39.305245,-123.7486159,1058955,,2020-11-30,10,0,Zillow ZIP-level market for Mendocino; mapped with Census 2020 ZCTA 95460 in Mendocino County.,,,,
95449 Hopland,zcta,95449,Hopland,38.9361372,-123.1194447,636372,,2020-11-30,10,0,Zillow ZIP-level market for Hopland; mapped with Census 2020 ZCTA 95449 in Mendocino County.,,,,
95410 Albion,zcta,95410,Albion,39.2349401,-123.6998535,780472,,2020-11-30,10,0,Zillow ZIP-level market for Albion; mapped with Census 2020 ZCTA 95410 in Mendocino County.,,,,
95456 Little River,zcta,95456,Little River,39.2588858,-123.7591643,896979,,2020-11-30,10,0,Zillow ZIP-level market for Little River; mapped with Census 2020 ZCTA 95456 in Mendocino County.,,,,
95459 Manchester,zcta,95459,Manchester,38.9766284,-123.6048542,682706,,2020-11-30,10,0,Zillow ZIP-level market for Manchester; mapped with Census 2020 ZCTA 95459 in Mendocino County.,,,,
95482 Ukiah,zcta,95482,Ukiah,39.1368043,-123.2610887,563241,,2020-12-31,10,0,Zillow ZIP-level market for Ukiah; mapped with Census 2020 ZCTA 95482 in Mendocino County.,,,,
95437 Fort Bragg,zcta,95437,Fort Bragg,39.443949,-123.68592,586786,,2020-12-31,10,0,Zillow ZIP-level market for Fort Bragg; mapped with Census 2020 ZCTA 95437 in Mendocino County.,,,,
95490 Willits,zcta,95490,Willits,39.4793198,-123.3481599,467790,,2020-12-31,10,0,Zillow ZIP-level market for Willits; mapped with Census 2020 ZCTA 95490 in Mendocino County.,,,,
95470 Redwood Valley,zcta,95470,Redwood Valley,39.2990232,-123.239243,631792,,2020-12-31,10,0,Zillow ZIP-level market for Redwood Valley; mapped with Census 2020 ZCTA 95470 in Mendocino County.,,,,
95428 Covelo,zcta,95428,Covelo,39.8248031,-123.1796086,436262,,2020-12-31,10,0,Zillow ZIP-level market for Covelo; mapped with Census 2020 ZCTA 95428 in Mendocino County.,,,,
95445 Gualala,zcta,95445,Gualala,38.8325203,-123.4725321,645580,,2020-12-31,10,0,Zillow ZIP-level market for Gualala; mapped with Census 2020 ZCTA 95445 in Mendocino County.,,,,
95454 Laytonville,zcta,95454,Laytonville,39.7840478,-123.4957895,541098,,2020-12-31,10,0,Zillow ZIP-level market for Laytonville; mapped with Census 2020 ZCTA 95454 in Mendocino County.,,,,
95460 Mendocino,zcta,95460,Mendocino,39.305245,-123.7486159,1068909,,2020-12-31,10,0,Zillow ZIP-level market for Mendocino; mapped with Census 2020 ZCTA 95460 in Mendocino County.,,,,
95449 Hopland,zcta,95449,Hopland,38.9361372,-123.1194447,644167,,2020-12-31,10,0,Zillow ZIP-level market for Hopland; mapped with Census 2020 ZCTA 95449 in Mendocino County.,,,,
95410 Albion,zcta,95410,Albion,39.2349401,-123.6998535,793258,,2020-12-31,10,0,Zillow ZIP-level market for Albion; mapped with Census 2020 ZCTA 95410 in Mendocino County.,,,,
95456 Little River,zcta,95456,Little River,39.2588858,-123.7591643,904376,,2020-12-31,10,0,Zillow ZIP-level market for Little River; mapped with Census 2020 ZCTA 95456 in Mendocino County.,,,,
95459 Manchester,zcta,95459,Manchester,38.9766284,-123.6048542,690576,,2020-12-31,10,0,Zillow ZIP-level market for Manchester; mapped with Census 2020 ZCTA 95459 in Mendocino County.,,,,
95482 Ukiah,zcta,95482,Ukiah,39.1368043,-123.2610887,564967,,2021-01-31,10,0,Zillow ZIP-level market for Ukiah; mapped with Census 2020 ZCTA 95482 in Mendocino County.,,,,
95437 Fort Bragg,zcta,95437,Fort Bragg,39.443949,-123.68592,590978,,2021-01-31,10,0,Zillow ZIP-level market for Fort Bragg; mapped with Census 2020 ZCTA 95437 in Mendocino County.,,,,
95490 Willits,zcta,95490,Willits,39.4793198,-123.3481599,469531,,2021-01-31,10,0,Zillow ZIP-level market for Willits; mapped with Census 2020 ZCTA 95490 in Mendocino County.,,,,
95470 Redwood Valley,zcta,95470,Redwood Valley,39.2990232,-123.239243,637334,,2021-01-31,10,0,Zillow ZIP-level market for Redwood Valley; mapped with Census 2020 ZCTA 95470 in Mendocino County.,,,,
95428 Covelo,zcta,95428,Covelo,39.8248031,-123.1796086,434631,,2021-01-31,10,0,Zillow ZIP-level market for Covelo; mapped with Census 2020 ZCTA 95428 in Mendocino County.,,,,
95445 Gualala,zcta,95445,Gualala,38.8325203,-123.4725321,652227,,2021-01-31,10,0,Zillow ZIP-level market for Gualala; mapped with Census 2020 ZCTA 95445 in Mendocino County.,,,,
95454 Laytonville,zcta,95454,Laytonville,39.7840478,-123.4957895,540573,,2021-01-31,10,0,Zillow ZIP-level market for Laytonville; mapped with Census 2020 ZCTA 95454 in Mendocino County.,,,,
95460 Mendocino,zcta,95460,Mendocino,39.305245,-123.7486159,1073334,,2021-01-31,10,0,Zillow ZIP-level market for Mendocino; mapped with Census 2020 ZCTA 95460 in Mendocino County.,,,,
95449 Hopland,zcta,95449,Hopland,38.9361372,-123.1194447,650458,,2021-01-31,10,0,Zillow ZIP-level market for Hopland; mapped with Census 2020 ZCTA 95449 in Mendocino County.,,,,
95410 Albion,zcta,95410,Albion,39.2349401,-123.6998535,802756,,2021-01-31,10,0,Zillow ZIP-level market for Albion; mapped with Census 2020 ZCTA 95410 in Mendocino County.,,,,
95456 Little River,zcta,95456,Little River,39.2588858,-123.7591643,909566,,2021-01-31,10,0,Zillow ZIP-level market for Little River; mapped with Census 2020 ZCTA 95456 in Mendocino County.,,,,
95459 Manchester,zcta,95459,Manchester,38.9766284,-123.6048542,694812,,2021-01-31,10,0,Zillow ZIP-level market for Manchester; mapped with Census 2020 ZCTA 95459 in Mendocino County.,,,,
95482 Ukiah,zcta,95482,Ukiah,39.1368043,-123.2610887,566126,,2021-02-28,10,0,Zillow ZIP-level market for Ukiah; mapped with Census 2020 ZCTA 95482 in Mendocino County.,,,,
95437 Fort Bragg,zcta,95437,Fort Bragg,39.443949,-123.68592,595287,,2021-02-28,10,0,Zillow ZIP-level market for Fort Bragg; mapped with Census 2020 ZCTA 95437 in Mendocino County.,,,,
95490 Willits,zcta,95490,Willits,39.4793198,-123.3481599,472120,,2021-02-28,10,0,Zillow ZIP-level market for Willits; mapped with Census 2020 ZCTA 95490 in Mendocino County.,,,,
95470 Redwood Valley,zcta,95470,Redwood Valley,39.2990232,-123.239243,643308,,2021-02-28,10,0,Zillow ZIP-level market for Redwood Valley; mapped with Census 2020 ZCTA 95470 in Mendocino County.,,,,
95428 Covelo,zcta,95428,Covelo,39.8248031,-123.1796086,430437,,2021-02-28,10,0,Zillow ZIP-level market for Covelo; mapped with Census 2020 ZCTA 95428 in Mendocino County.,,,,
95445 Gualala,zcta,95445,Gualala,38.8325203,-123.4725321,659215,,2021-02-28,10,0,Zillow ZIP-level market for Gualala; mapped with Census 2020 ZCTA 95445 in Mendocino County.,,,,
95454 Laytonville,zcta,95454,Laytonville,39.7840478,-123.4957895,538844,,2021-02-28,10,0,Zillow ZIP-level market for Laytonville; mapped with Census 2020 ZCTA 95454 in Mendocino County.,,,,
95460 Mendocino,zcta,95460,Mendocino,39.305245,-123.7486159,1078996,,2021-02-28,10,0,Zillow ZIP-level market for Mendocino; mapped with Census 2020 ZCTA 95460 in Mendocino County.,,,,
95449 Hopland,zcta,95449,Hopland,38.9361372,-123.1194447,654824,,2021-02-28,10,0,Zillow ZIP-level market for Hopland; mapped with Census 2020 ZCTA 95449 in Mendocino County.,,,,
95410 Albion,zcta,95410,Albion,39.2349401,-123.6998535,811228,,2021-02-28,10,0,Zillow ZIP-level market for Albion; mapped with Census 2020 ZCTA 95410 in Mendocino County.,,,,
95456 Little River,zcta,95456,Little River,39.2588858,-123.7591643,916131,,2021-02-28,10,0,Zillow ZIP-level market for Little River; mapped with Census 2020 ZCTA 95456 in Mendocino County.,,,,
95459 Manchester,zcta,95459,Manchester,38.9766284,-123.6048542,702176,,2021-02-28,10,0,Zillow ZIP-level market for Manchester; mapped with Census 2020 ZCTA 95459 in Mendocino County.,,,,
95482 Ukiah,zcta,95482,Ukiah,39.1368043,-123.2610887,569390,,2021-03-31,10,0,Zillow ZIP-level market for Ukiah; mapped with Census 2020 ZCTA 95482 in Mendocino County.,,,,
95437 Fort Bragg,zcta,95437,Fort Bragg,39.443949,-123.68592,602014,,2021-03-31,10,0,Zillow ZIP-level market for Fort Bragg; mapped with Census 2020 ZCTA 95437 in Mendocino County.,,,,
95490 Willits,zcta,95490,Willits,39.4793198,-123.3481599,476434,,2021-03-31,10,0,Zillow ZIP-level market for Willits; mapped with Census 2020 ZCTA 95490 in Mendocino County.,,,,
95470 Redwood Valley,zcta,95470,Redwood Valley,39.2990232,-123.239243,649742,,2021-03-31,10,0,Zillow ZIP-level market for Redwood Valley; mapped with Census 2020 ZCTA 95470 in Mendocino County.,,,,
95428 Covelo,zcta,95428,Covelo,39.8248031,-123.1796086,426082,,2021-03-31,10,0,Zillow ZIP-level market for Covelo; mapped with Census 2020 ZCTA 95428 in Mendocino County.,,,,
95445 Gualala,zcta,95445,Gualala,38.8325203,-123.4725321,667729,,2021-03-31,10,0,Zillow ZIP-level market for Gualala; mapped with Census 2020 ZCTA 95445 in Mendocino County.,,,,
95454 Laytonville,zcta,95454,Laytonville,39.7840478,-123.4957895,537162,,2021-03-31,10,0,Zillow ZIP-level market for Laytonville; mapped with Census 2020 ZCTA 95454 in Mendocino County.,,,,
95460 Mendocino,zcta,95460,Mendocino,39.305245,-123.7486159,1085256,,2021-03-31,10,0,Zillow ZIP-level market for Mendocino; mapped with Census 2020 ZCTA 95460 in Mendocino County.,,,,
95449 Hopland,zcta,95449,Hopland,38.9361372,-123.1194447,659453,,2021-03-31,10,0,Zillow ZIP-level market for Hopland; mapped with Census 2020 ZCTA 95449 in Mendocino County.,,,,
95410 Albion,zcta,95410,Albion,39.2349401,-123.6998535,821498,,2021-03-31,10,0,Zillow ZIP-level market for Albion; mapped with Census 2020 ZCTA 95410 in Mendocino County.,,,,
95456 Little River,zcta,95456,Little River,39.2588858,-123.7591643,925709,,2021-03-31,10,0,Zillow ZIP-level market for Little River; mapped with Census 2020 ZCTA 95456 in Mendocino County.,,,,
95459 Manchester,zcta,95459,Manchester,38.9766284,-123.6048542,712306,,2021-03-31,10,0,Zillow ZIP-level market for Manchester; mapped with Census 2020 ZCTA 95459 in Mendocino County.,,,,
95482 Ukiah,zcta,95482,Ukiah,39.1368043,-123.2610887,574243,,2021-04-30,10,0,Zillow ZIP-level market for Ukiah; mapped with Census 2020 ZCTA 95482 in Mendocino County.,,,,
95437 Fort Bragg,zcta,95437,Fort Bragg,39.443949,-123.68592,611177,,2021-04-30,10,0,Zillow ZIP-level market for Fort Bragg; mapped with Census 2020 ZCTA 95437 in Mendocino County.,,,,
95490 Willits,zcta,95490,Willits,39.4793198,-123.3481599,481469,,2021-04-30,10,0,Zillow ZIP-level market for Willits; mapped with Census 2020 ZCTA 95490 in Mendocino County.,,,,
95470 Redwood Valley,zcta,95470,Redwood Valley,39.2990232,-123.239243,658069,,2021-04-30,10,0,Zillow ZIP-level market for Redwood Valley; mapped with Census 2020 ZCTA 95470 in Mendocino County.,,,,
95428 Covelo,zcta,95428,Covelo,39.8248031,-123.1796086,423175,,2021-04-30,10,0,Zillow ZIP-level market for Covelo; mapped with Census 2020 ZCTA 95428 in Mendocino County.,,,,
95445 Gualala,zcta,95445,Gualala,38.8325203,-123.4725321,679366,,2021-04-30,10,0,Zillow ZIP-level market for Gualala; mapped with Census 2020 ZCTA 95445 in Mendocino County.,,,,
95454 Laytonville,zcta,95454,Laytonville,39.7840478,-123.4957895,538400,,2021-04-30,10,0,Zillow ZIP-level market for Laytonville; mapped with Census 2020 ZCTA 95454 in Mendocino County.,,,,
95460 Mendocino,zcta,95460,Mendocino,39.305245,-123.7486159,1100837,,2021-04-30,10,0,Zillow ZIP-level market for Mendocino; mapped with Census 2020 ZCTA 95460 in Mendocino County.,,,,
95449 Hopland,zcta,95449,Hopland,38.9361372,-123.1194447,662906,,2021-04-30,10,0,Zillow ZIP-level market for Hopland; mapped with Census 2020 ZCTA 95449 in Mendocino County.,,,,
95410 Albion,zcta,95410,Albion,39.2349401,-123.6998535,836787,,2021-04-30,10,0,Zillow ZIP-level market for Albion; mapped with Census 2020 ZCTA 95410 in Mendocino County.,,,,
95456 Little River,zcta,95456,Little River,39.2588858,-123.7591643,940383,,2021-04-30,10,0,Zillow ZIP-level market for Little River; mapped with Census 2020 ZCTA 95456 in Mendocino County.,,,,
95459 Manchester,zcta,95459,Manchester,38.9766284,-123.6048542,729861,,2021-04-30,10,0,Zillow ZIP-level market for Manchester; mapped with Census 2020 ZCTA 95459 in Mendocino County.,,,,
95482 Ukiah,zcta,95482,Ukiah,39.1368043,-123.2610887,580375,,2021-05-31,10,0,Zillow ZIP-level market for Ukiah; mapped with Census 2020 ZCTA 95482 in Mendocino County.,,,,
95437 Fort Bragg,zcta,95437,Fort Bragg,39.443949,-123.68592,622877,,2021-05-31,10,0,Zillow ZIP-level market for Fort Bragg; mapped with Census 2020 ZCTA 95437 in Mendocino County.,,,,
95490 Willits,zcta,95490,Willits,39.4793198,-123.3481599,487038,,2021-05-31,10,0,Zillow ZIP-level market for Willits; mapped with Census 2020 ZCTA 95490 in Mendocino County.,,,,
95470 Redwood Valley,zcta,95470,Redwood Valley,39.2990232,-123.239243,668535,,2021-05-31,10,0,Zillow ZIP-level market for Redwood Valley; mapped with Census 2020 ZCTA 95470 in Mendocino County.,,,,
95428 Covelo,zcta,95428,Covelo,39.8248031,-123.1796086,422604,,2021-05-31,10,0,Zillow ZIP-level market for Covelo; mapped with Census 2020 ZCTA 95428 in Mendocino County.,,,,
95445 Gualala,zcta,95445,Gualala,38.8325203,-123.4725321,695349,,2021-05-31,10,0,Zillow ZIP-level market for Gualala; mapped with Census 2020 ZCTA 95445 in Mendocino County.,,,,
95454 Laytonville,zcta,95454,Laytonville,39.7840478,-123.4957895,542283,,2021-05-31,10,0,Zillow ZIP-level market for Laytonville; mapped with Census 2020 ZCTA 95454 in Mendocino County.,,,,
95460 Mendocino,zcta,95460,Mendocino,39.305245,-123.7486159,1125669,,2021-05-31,10,0,Zillow ZIP-level market for Mendocino; mapped with Census 2020 ZCTA 95460 in Mendocino County.,,,,
95449 Hopland,zcta,95449,Hopland,38.9361372,-123.1194447,669152,,2021-05-31,10,0,Zillow ZIP-level market for Hopland; mapped with Census 2020 ZCTA 95449 in Mendocino County.,,,,
95410 Albion,zcta,95410,Albion,39.2349401,-123.6998535,854240,,2021-05-31,10,0,Zillow ZIP-level market for Albion; mapped with Census 2020 ZCTA 95410 in Mendocino County.,,,,
95456 Little River,zcta,95456,Little River,39.2588858,-123.7591643,957081,,2021-05-31,10,0,Zillow ZIP-level market for Little River; mapped with Census 2020 ZCTA 95456 in Mendocino County.,,,,
95459 Manchester,zcta,95459,Manchester,38.9766284,-123.6048542,750015,,2021-05-31,10,0,Zillow ZIP-level market for Manchester; mapped with Census 2020 ZCTA 95459 in Mendocino County.,,,,
95482 Ukiah,zcta,95482,Ukiah,39.1368043,-123.2610887,586116,,2021-06-30,10,0,Zillow ZIP-level market for Ukiah; mapped with Census 2020 ZCTA 95482 in Mendocino County.,,,,
95437 Fort Bragg,zcta,95437,Fort Bragg,39.443949,-123.68592,634414,,2021-06-30,10,0,Zillow ZIP-level market for Fort Bragg; mapped with Census 2020 ZCTA 95437 in Mendocino County.,,,,
95490 Willits,zcta,95490,Willits,39.4793198,-123.3481599,493240,,2021-06-30,10,0,Zillow ZIP-level market for Willits; mapped with Census 2020 ZCTA 95490 in Mendocino County.,,,,
95470 Redwood Valley,zcta,95470,Redwood Valley,39.2990232,-123.239243,680493,,2021-06-30,10,0,Zillow ZIP-level market for Redwood Valley; mapped with Census 2020 ZCTA 95470 in Mendocino County.,,,,
95428 Covelo,zcta,95428,Covelo,39.8248031,-123.1796086,425944,,2021-06-30,10,0,Zillow ZIP-level market for Covelo; mapped with Census 2020 ZCTA 95428 in Mendocino County.,,,,
95445 Gualala,zcta,95445,Gualala,38.8325203,-123.4725321,710841,,2021-06-30,10,0,Zillow ZIP-level market for Gualala; mapped with Census 2020 ZCTA 95445 in Mendocino County.,,,,
95454 Laytonville,zcta,95454,Laytonville,39.7840478,-123.4957895,550268,,2021-06-30,10,0,Zillow ZIP-level market for Laytonville; mapped with Census 2020 ZCTA 95454 in Mendocino County.,,,,
95460 Mendocino,zcta,95460,Mendocino,39.305245,-123.7486159,1152617,,2021-06-30,10,0,Zillow ZIP-level market for Mendocino; mapped with Census 2020 ZCTA 95460 in Mendocino County.,,,,
95449 Hopland,zcta,95449,Hopland,38.9361372,-123.1194447,674083,,2021-06-30,10,0,Zillow ZIP-level market for Hopland; mapped with Census 2020 ZCTA 95449 in Mendocino County.,,,,
95410 Albion,zcta,95410,Albion,39.2349401,-123.6998535,870156,,2021-06-30,10,0,Zillow ZIP-level market for Albion; mapped with Census 2020 ZCTA 95410 in Mendocino County.,,,,
95456 Little River,zcta,95456,Little River,39.2588858,-123.7591643,973069,,2021-06-30,10,0,Zillow ZIP-level market for Little River; mapped with Census 2020 ZCTA 95456 in Mendocino County.,,,,
95459 Manchester,zcta,95459,Manchester,38.9766284,-123.6048542,771482,,2021-06-30,10,0,Zillow ZIP-level market for Manchester; mapped with Census 2020 ZCTA 95459 in Mendocino County.,,,,
95482 Ukiah,zcta,95482,Ukiah,39.1368043,-123.2610887,594202,,2021-07-31,10,0,Zillow ZIP-level market for Ukiah; mapped with Census 2020 ZCTA 95482 in Mendocino County.,,,,
95437 Fort Bragg,zcta,95437,Fort Bragg,39.443949,-123.68592,646838,,2021-07-31,10,0,Zillow ZIP-level market for Fort Bragg; mapped with Census 2020 ZCTA 95437 in Mendocino County.,,,,
95490 Willits,zcta,95490,Willits,39.4793198,-123.3481599,499273,,2021-07-31,10,0,Zillow ZIP-level market for Willits; mapped with Census 2020 ZCTA 95490 in Mendocino County.,,,,
95470 Redwood Valley,zcta,95470,Redwood Valley,39.2990232,-123.239243,692344,,2021-07-31,10,0,Zillow ZIP-level market for Redwood Valley; mapped with Census 2020 ZCTA 95470 in Mendocino County.,,,,
95428 Covelo,zcta,95428,Covelo,39.8248031,-123.1796086,430831,,2021-07-31,10,0,Zillow ZIP-level market for Covelo; mapped with Census 2020 ZCTA 95428 in Mendocino County.,,,,
95445 Gualala,zcta,95445,Gualala,38.8325203,-123.4725321,724996,,2021-07-31,10,0,Zillow ZIP-level market for Gualala; mapped with Census 2020 ZCTA 95445 in Mendocino County.,,,,
95454 Laytonville,zcta,95454,Laytonville,39.7840478,-123.4957895,556471,,2021-07-31,10,0,Zillow ZIP-level market for Laytonville; mapped with Census 2020 ZCTA 95454 in Mendocino County.,,,,
95460 Mendocino,zcta,95460,Mendocino,39.305245,-123.7486159,1179656,,2021-07-31,10,0,Zillow ZIP-level market for Mendocino; mapped with Census 2020 ZCTA 95460 in Mendocino County.,,,,
95449 Hopland,zcta,95449,Hopland,38.9361372,-123.1194447,683659,,2021-07-31,10,0,Zillow ZIP-level market for Hopland; mapped with Census 2020 ZCTA 95449 in Mendocino County.,,,,
95410 Albion,zcta,95410,Albion,39.2349401,-123.6998535,885331,,2021-07-31,10,0,Zillow ZIP-level market for Albion; mapped with Census 2020 ZCTA 95410 in Mendocino County.,,,,
95456 Little River,zcta,95456,Little River,39.2588858,-123.7591643,985539,,2021-07-31,10,0,Zillow ZIP-level market for Little River; mapped with Census 2020 ZCTA 95456 in Mendocino County.,,,,
95459 Manchester,zcta,95459,Manchester,38.9766284,-123.6048542,794164,,2021-07-31,10,0,Zillow ZIP-level market for Manchester; mapped with Census 2020 ZCTA 95459 in Mendocino County.,,,,
95482 Ukiah,zcta,95482,Ukiah,39.1368043,-123.2610887,600056,,2021-08-31,10,0,Zillow ZIP-level market for Ukiah; mapped with Census 2020 ZCTA 95482 in Mendocino County.,,,,
95437 Fort Bragg,zcta,95437,Fort Bragg,39.443949,-123.68592,654190,,2021-08-31,10,0,Zillow ZIP-level market for Fort Bragg; mapped with Census 2020 ZCTA 95437 in Mendocino County.,,,,
95490 Willits,zcta,95490,Willits,39.4793198,-123.3481599,502601,,2021-08-31,10,0,Zillow ZIP-level market for Willits; mapped with Census 2020 ZCTA 95490 in Mendocino County.,,,,
95470 Redwood Valley,zcta,95470,Redwood Valley,39.2990232,-123.239243,699008,,2021-08-31,10,0,Zillow ZIP-level market for Redwood Valley; mapped with Census 2020 ZCTA 95470 in Mendocino County.,,,,
95428 Covelo,zcta,95428,Covelo,39.8248031,-123.1796086,433286,,2021-08-31,10,0,Zillow ZIP-level market for Covelo; mapped with Census 2020 ZCTA 95428 in Mendocino County.,,,,
95445 Gualala,zcta,95445,Gualala,38.8325203,-123.4725321,733889,,2021-08-31,10,0,Zillow ZIP-level market for Gualala; mapped with Census 2020 ZCTA 95445 in Mendocino County.,,,,
95454 Laytonville,zcta,95454,Laytonville,39.7840478,-123.4957895,557514,,2021-08-31,10,0,Zillow ZIP-level market for Laytonville; mapped with Census 2020 ZCTA 95454 in Mendocino County.,,,,
95460 Mendocino,zcta,95460,Mendocino,39.305245,-123.7486159,1196864,,2021-08-31,10,0,Zillow ZIP-level market for Mendocino; mapped with Census 2020 ZCTA 95460 in Mendocino County.,,,,
95449 Hopland,zcta,95449,Hopland,38.9361372,-123.1194447,692093,,2021-08-31,10,0,Zillow ZIP-level market for Hopland; mapped with Census 2020 ZCTA 95449 in Mendocino County.,,,,
95410 Albion,zcta,95410,Albion,39.2349401,-123.6998535,893909,,2021-08-31,10,0,Zillow ZIP-level market for Albion; mapped with Census 2020 ZCTA 95410 in Mendocino County.,,,,
95456 Little River,zcta,95456,Little River,39.2588858,-123.7591643,989573,,2021-08-31,10,0,Zillow ZIP-level market for Little River; mapped with Census 2020 ZCTA 95456 in Mendocino County.,,,,
95459 Manchester,zcta,95459,Manchester,38.9766284,-123.6048542,811339,,2021-08-31,10,0,Zillow ZIP-level market for Manchester; mapped with Census 2020 ZCTA 95459 in Mendocino County.,,,,
95482 Ukiah,zcta,95482,Ukiah,39.1368043,-123.2610887,603814,,2021-09-30,10,0,Zillow ZIP-level market for Ukiah; mapped with Census 2020 ZCTA 95482 in Mendocino County.,,,,
95437 Fort Bragg,zcta,95437,Fort Bragg,39.443949,-123.68592,658313,,2021-09-30,10,0,Zillow ZIP-level market for Fort Bragg; mapped with Census 2020 ZCTA 95437 in Mendocino County.,,,,
95490 Willits,zcta,95490,Willits,39.4793198,-123.3481599,503466,,2021-09-30,10,0,Zillow ZIP-level market for Willits; mapped with Census 2020 ZCTA 95490 in Mendocino County.,,,,
95470 Redwood Valley,zcta,95470,Redwood Valley,39.2990232,-123.239243,701434,,2021-09-30,10,0,Zillow ZIP-level market for Redwood Valley; mapped with Census 2020 ZCTA 95470 in Mendocino County.,,,,
95428 Covelo,zcta,95428,Covelo,39.8248031,-123.1796086,432616,,2021-09-30,10,0,Zillow ZIP-level market for Covelo; mapped with Census 2020 ZCTA 95428 in Mendocino County.,,,,
95445 Gualala,zcta,95445,Gualala,38.8325203,-123.4725321,740010,,2021-09-30,10,0,Zillow ZIP-level market for Gualala; mapped with Census 2020 ZCTA 95445 in Mendocino County.,,,,
95454 Laytonville,zcta,95454,Laytonville,39.7840478,-123.4957895,553896,,2021-09-30,10,0,Zillow ZIP-level market for Laytonville; mapped with Census 2020 ZCTA 95454 in Mendocino County.,,,,
95460 Mendocino,zcta,95460,Mendocino,39.305245,-123.7486159,1207982,,2021-09-30,10,0,Zillow ZIP-level market for Mendocino; mapped with Census 2020 ZCTA 95460 in Mendocino County.,,,,
95449 Hopland,zcta,95449,Hopland,38.9361372,-123.1194447,701058,,2021-09-30,10,0,Zillow ZIP-level market for Hopland; mapped with Census 2020 ZCTA 95449 in Mendocino County.,,,,
95410 Albion,zcta,95410,Albion,39.2349401,-123.6998535,898005,,2021-09-30,10,0,Zillow ZIP-level market for Albion; mapped with Census 2020 ZCTA 95410 in Mendocino County.,,,,
95456 Little River,zcta,95456,Little River,39.2588858,-123.7591643,986604,,2021-09-30,10,0,Zillow ZIP-level market for Little River; mapped with Census 2020 ZCTA 95456 in Mendocino County.,,,,
95459 Manchester,zcta,95459,Manchester,38.9766284,-123.6048542,821274,,2021-09-30,10,0,Zillow ZIP-level market for Manchester; mapped with Census 2020 ZCTA 95459 in Mendocino County.,,,,
95482 Ukiah,zcta,95482,Ukiah,39.1368043,-123.2610887,605719,,2021-10-31,10,0,Zillow ZIP-level market for Ukiah; mapped with Census 2020 ZCTA 95482 in Mendocino County.,,,,
95437 Fort Bragg,zcta,95437,Fort Bragg,39.443949,-123.68592,660381,,2021-10-31,10,0,Zillow ZIP-level market for Fort Bragg; mapped with Census 2020 ZCTA 95437 in Mendocino County.,,,,
95490 Willits,zcta,95490,Willits,39.4793198,-123.3481599,503140,,2021-10-31,10,0,Zillow ZIP-level market for Willits; mapped with Census 2020 ZCTA 95490 in Mendocino County.,,,,
95470 Redwood Valley,zcta,95470,Redwood Valley,39.2990232,-123.239243,700608,,2021-10-31,10,0,Zillow ZIP-level market for Redwood Valley; mapped with Census 2020 ZCTA 95470 in Mendocino County.,,,,
95428 Covelo,zcta,95428,Covelo,39.8248031,-123.1796086,431776,,2021-10-31,10,0,Zillow ZIP-level market for Covelo; mapped with Census 2020 ZCTA 95428 in Mendocino County.,,,,
95445 Gualala,zcta,95445,Gualala,38.8325203,-123.4725321,744435,,2021-10-31,10,0,Zillow ZIP-level market for Gualala; mapped with Census 2020 ZCTA 95445 in Mendocino County.,,,,
95454 Laytonville,zcta,95454,Laytonville,39.7840478,-123.4957895,550998,,2021-10-31,10,0,Zillow ZIP-level market for Laytonville; mapped with Census 2020 ZCTA 95454 in Mendocino County.,,,,
95460 Mendocino,zcta,95460,Mendocino,39.305245,-123.7486159,1211960,,2021-10-31,10,0,Zillow ZIP-level market for Mendocino; mapped with Census 2020 ZCTA 95460 in Mendocino County.,,,,
95449 Hopland,zcta,95449,Hopland,38.9361372,-123.1194447,707671,,2021-10-31,10,0,Zillow ZIP-level market for Hopland; mapped with Census 2020 ZCTA 95449 in Mendocino County.,,,,
95410 Albion,zcta,95410,Albion,39.2349401,-123.6998535,897263,,2021-10-31,10,0,Zillow ZIP-level market for Albion; mapped with Census 2020 ZCTA 95410 in Mendocino County.,,,,
95456 Little River,zcta,95456,Little River,39.2588858,-123.7591643,980322,,2021-10-31,10,0,Zillow ZIP-level market for Little River; mapped with Census 2020 ZCTA 95456 in Mendocino County.,,,,
95459 Manchester,zcta,95459,Manchester,38.9766284,-123.6048542,823278,,2021-10-31,10,0,Zillow ZIP-level market for Manchester; mapped with Census 2020 ZCTA 95459 in Mendocino County.,,,,
95482 Ukiah,zcta,95482,Ukiah,39.1368043,-123.2610887,609077,,2021-11-30,10,0,Zillow ZIP-level market for Ukiah; mapped with Census 2020 ZCTA 95482 in Mendocino County.,,,,
95437 Fort Bragg,zcta,95437,Fort Bragg,39.443949,-123.68592,666706,,2021-11-30,10,0,Zillow ZIP-level market for Fort Bragg; mapped with Census 2020 ZCTA 95437 in Mendocino County.,,,,
95490 Willits,zcta,95490,Willits,39.4793198,-123.3481599,504992,,2021-11-30,10,0,Zillow ZIP-level market for Willits; mapped with Census 2020 ZCTA 95490 in Mendocino County.,,,,
95470 Redwood Valley,zcta,95470,Redwood Valley,39.2990232,-123.239243,700776,,2021-11-30,10,0,Zillow ZIP-level market for Redwood Valley; mapped with Census 2020 ZCTA 95470 in Mendocino County.,,,,
95428 Covelo,zcta,95428,Covelo,39.8248031,-123.1796086,435316,,2021-11-30,10,0,Zillow ZIP-level market for Covelo; mapped with Census 2020 ZCTA 95428 in Mendocino County.,,,,
95445 Gualala,zcta,95445,Gualala,38.8325203,-123.4725321,751510,,2021-11-30,10,0,Zillow ZIP-level market for Gualala; mapped with Census 2020 ZCTA 95445 in Mendocino County.,,,,
95454 Laytonville,zcta,95454,Laytonville,39.7840478,-123.4957895,553660,,2021-11-30,10,0,Zillow ZIP-level market for Laytonville; mapped with Census 2020 ZCTA 95454 in Mendocino County.,,,,
95460 Mendocino,zcta,95460,Mendocino,39.305245,-123.7486159,1217190,,2021-11-30,10,0,Zillow ZIP-level market for Mendocino; mapped with Census 2020 ZCTA 95460 in Mendocino County.,,,,
95449 Hopland,zcta,95449,Hopland,38.9361372,-123.1194447,715283,,2021-11-30,10,0,Zillow ZIP-level market for Hopland; mapped with Census 2020 ZCTA 95449 in Mendocino County.,,,,
95410 Albion,zcta,95410,Albion,39.2349401,-123.6998535,900318,,2021-11-30,10,0,Zillow ZIP-level market for Albion; mapped with Census 2020 ZCTA 95410 in Mendocino County.,,,,
95456 Little River,zcta,95456,Little River,39.2588858,-123.7591643,978089,,2021-11-30,10,0,Zillow ZIP-level market for Little River; mapped with Census 2020 ZCTA 95456 in Mendocino County.,,,,
95459 Manchester,zcta,95459,Manchester,38.9766284,-123.6048542,827451,,2021-11-30,10,0,Zillow ZIP-level market for Manchester; mapped with Census 2020 ZCTA 95459 in Mendocino County.,,,,
95482 Ukiah,zcta,95482,Ukiah,39.1368043,-123.2610887,611773,,2021-12-31,10,0,Zillow ZIP-level market for Ukiah; mapped with Census 2020 ZCTA 95482 in Mendocino County.,,,,
95437 Fort Bragg,zcta,95437,Fort Bragg,39.443949,-123.68592,671202,,2021-12-31,10,0,Zillow ZIP-level market for Fort Bragg; mapped with Census 2020 ZCTA 95437 in Mendocino County.,,,,
95490 Willits,zcta,95490,Willits,39.4793198,-123.3481599,506614,,2021-12-31,10,0,Zillow ZIP-level market for Willits; mapped with Census 2020 ZCTA 95490 in Mendocino County.,,,,
95470 Redwood Valley,zcta,95470,Redwood Valley,39.2990232,-123.239243,699922,,2021-12-31,10,0,Zillow ZIP-level market for Redwood Valley; mapped with Census 2020 ZCTA 95470 in Mendocino County.,,,,
95428 Covelo,zcta,95428,Covelo,39.8248031,-123.1796086,437163,,2021-12-31,10,0,Zillow ZIP-level market for Covelo; mapped with Census 2020 ZCTA 95428 in Mendocino County.,,,,
95445 Gualala,zcta,95445,Gualala,38.8325203,-123.4725321,757156,,2021-12-31,10,0,Zillow ZIP-level market for Gualala; mapped with Census 2020 ZCTA 95445 in Mendocino County.,,,,
95454 Laytonville,zcta,95454,Laytonville,39.7840478,-123.4957895,555899,,2021-12-31,10,0,Zillow ZIP-level market for Laytonville; mapped with Census 2020 ZCTA 95454 in Mendocino County.,,,,
95460 Mendocino,zcta,95460,Mendocino,39.305245,-123.7486159,1222977,,2021-12-31,10,0,Zillow ZIP-level market for Mendocino; mapped with Census 2020 ZCTA 95460 in Mendocino County.,,,,
95449 Hopland,zcta,95449,Hopland,38.9361372,-123.1194447,721897,,2021-12-31,10,0,Zillow ZIP-level market for Hopland; mapped with Census 2020 ZCTA 95449 in Mendocino County.,,,,
95410 Albion,zcta,95410,Albion,39.2349401,-123.6998535,901143,,2021-12-31,10,0,Zillow ZIP-level market for Albion; mapped with Census 2020 ZCTA 95410 in Mendocino County.,,,,
95456 Little River,zcta,95456,Little River,39.2588858,-123.7591643,973369,,2021-12-31,10,0,Zillow ZIP-level market for Little River; mapped with Census 2020 ZCTA 95456 in Mendocino County.,,,,
95459 Manchester,zcta,95459,Manchester,38.9766284,-123.6048542,831847,,2021-12-31,10,0,Zillow ZIP-level market for Manchester; mapped with Census 2020 ZCTA 95459 in Mendocino County.,,,,
95482 Ukiah,zcta,95482,Ukiah,39.1368043,-123.2610887,612730,,2022-01-31,10,0,Zillow ZIP-level market for Ukiah; mapped with Census 2020 ZCTA 95482 in Mendocino County.,,,,
95437 Fort Bragg,zcta,95437,Fort Bragg,39.443949,-123.68592,673646,,2022-01-31,10,0,Zillow ZIP-level market for Fort Bragg; mapped with Census 2020 ZCTA 95437 in Mendocino County.,,,,
95490 Willits,zcta,95490,Willits,39.4793198,-123.3481599,508389,,2022-01-31,10,0,Zillow ZIP-level market for Willits; mapped with Census 2020 ZCTA 95490 in Mendocino County.,,,,
95470 Redwood Valley,zcta,95470,Redwood Valley,39.2990232,-123.239243,698576,,2022-01-31,10,0,Zillow ZIP-level market for Redwood Valley; mapped with Census 2020 ZCTA 95470 in Mendocino County.,,,,
95428 Covelo,zcta,95428,Covelo,39.8248031,-123.1796086,438370,,2022-01-31,10,0,Zillow ZIP-level market for Covelo; mapped with Census 2020 ZCTA 95428 in Mendocino County.,,,,
95445 Gualala,zcta,95445,Gualala,38.8325203,-123.4725321,764590,,2022-01-31,10,0,Zillow ZIP-level market for Gualala; mapped with Census 2020 ZCTA 95445 in Mendocino County.,,,,
95454 Laytonville,zcta,95454,Laytonville,39.7840478,-123.4957895,558108,,2022-01-31,10,0,Zillow ZIP-level market for Laytonville; mapped with Census 2020 ZCTA 95454 in Mendocino County.,,,,
95460 Mendocino,zcta,95460,Mendocino,39.305245,-123.7486159,1229303,,2022-01-31,10,0,Zillow ZIP-level market for Mendocino; mapped with Census 2020 ZCTA 95460 in Mendocino County.,,,,
95449 Hopland,zcta,95449,Hopland,38.9361372,-123.1194447,722179,,2022-01-31,10,0,Zillow ZIP-level market for Hopland; mapped with Census 2020 ZCTA 95449 in Mendocino County.,,,,
95410 Albion,zcta,95410,Albion,39.2349401,-123.6998535,904637,,2022-01-31,10,0,Zillow ZIP-level market for Albion; mapped with Census 2020 ZCTA 95410 in Mendocino County.,,,,
95456 Little River,zcta,95456,Little River,39.2588858,-123.7591643,974305,,2022-01-31,10,0,Zillow ZIP-level market for Little River; mapped with Census 2020 ZCTA 95456 in Mendocino County.,,,,
95459 Manchester,zcta,95459,Manchester,38.9766284,-123.6048542,838733,,2022-01-31,10,0,Zillow ZIP-level market for Manchester; mapped with Census 2020 ZCTA 95459 in Mendocino County.,,,,
95482 Ukiah,zcta,95482,Ukiah,39.1368043,-123.2610887,611720,,2022-02-28,10,0,Zillow ZIP-level market for Ukiah; mapped with Census 2020 ZCTA 95482 in Mendocino County.,,,,
95437 Fort Bragg,zcta,95437,Fort Bragg,39.443949,-123.68592,672817,,2022-02-28,10,0,Zillow ZIP-level market for Fort Bragg; mapped with Census 2020 ZCTA 95437 in Mendocino County.,,,,
95490 Willits,zcta,95490,Willits,39.4793198,-123.3481599,508699,,2022-02-28,10,0,Zillow ZIP-level market for Willits; mapped with Census 2020 ZCTA 95490 in Mendocino County.,,,,
95470 Redwood Valley,zcta,95470,Redwood Valley,39.2990232,-123.239243,694061,,2022-02-28,10,0,Zillow ZIP-level market for Redwood Valley; mapped with Census 2020 ZCTA 95470 in Mendocino County.,,,,
95428 Covelo,zcta,95428,Covelo,39.8248031,-123.1796086,434819,,2022-02-28,10,0,Zillow ZIP-level market for Covelo; mapped with Census 2020 ZCTA 95428 in Mendocino County.,,,,
95445 Gualala,zcta,95445,Gualala,38.8325203,-123.4725321,768706,,2022-02-28,10,0,Zillow ZIP-level market for Gualala; mapped with Census 2020 ZCTA 95445 in Mendocino County.,,,,
95454 Laytonville,zcta,95454,Laytonville,39.7840478,-123.4957895,554185,,2022-02-28,10,0,Zillow ZIP-level market for Laytonville; mapped with Census 2020 ZCTA 95454 in Mendocino County.,,,,
95460 Mendocino,zcta,95460,Mendocino,39.305245,-123.7486159,1229775,,2022-02-28,10,0,Zillow ZIP-level market for Mendocino; mapped with Census 2020 ZCTA 95460 in Mendocino County.,,,,
95449 Hopland,zcta,95449,Hopland,38.9361372,-123.1194447,716307,,2022-02-28,10,0,Zillow ZIP-level market for Hopland; mapped with Census 2020 ZCTA 95449 in Mendocino County.,,,,
95410 Albion,zcta,95410,Albion,39.2349401,-123.6998535,905065,,2022-02-28,10,0,Zillow ZIP-level market for Albion; mapped with Census 2020 ZCTA 95410 in Mendocino County.,,,,
95456 Little River,zcta,95456,Little River,39.2588858,-123.7591643,975213,,2022-02-28,10,0,Zillow ZIP-level market for Little River; mapped with Census 2020 ZCTA 95456 in Mendocino County.,,,,
95459 Manchester,zcta,95459,Manchester,38.9766284,-123.6048542,843517,,2022-02-28,10,0,Zillow ZIP-level market for Manchester; mapped with Census 2020 ZCTA 95459 in Mendocino County.,,,,
95482 Ukiah,zcta,95482,Ukiah,39.1368043,-123.2610887,610309,,2022-03-31,10,0,Zillow ZIP-level market for Ukiah; mapped with Census 2020 ZCTA 95482 in Mendocino County.,,,,
95437 Fort Bragg,zcta,95437,Fort Bragg,39.443949,-123.68592,672950,,2022-03-31,10,0,Zillow ZIP-level market for Fort Bragg; mapped with Census 2020 ZCTA 95437 in Mendocino County.,,,,
95490 Willits,zcta,95490,Willits,39.4793198,-123.3481599,508266,,2022-03-31,10,0,Zillow ZIP-level market for Willits; mapped with Census 2020 ZCTA 95490 in Mendocino County.,,,,
95470 Redwood Valley,zcta,95470,Redwood Valley,39.2990232,-123.239243,691474,,2022-03-31,10,0,Zillow ZIP-level market for Redwood Valley; mapped with Census 2020 ZCTA 95470 in Mendocino County.,,,,
95428 Covelo,zcta,95428,Covelo,39.8248031,-123.1796086,434444,,2022-03-31,10,0,Zillow ZIP-level market for Covelo; mapped with Census 2020 ZCTA 95428 in Mendocino County.,,,,
95445 Gualala,zcta,95445,Gualala,38.8325203,-123.4725321,773433,,2022-03-31,10,0,Zillow ZIP-level market for Gualala; mapped with Census 2020 ZCTA 95445 in Mendocino County.,,,,
95454 Laytonville,zcta,95454,Laytonville,39.7840478,-123.4957895,551527,,2022-03-31,10,0,Zillow ZIP-level market for Laytonville; mapped with Census 2020 ZCTA 95454 in Mendocino County.,,,,
95460 Mendocino,zcta,95460,Mendocino,39.305245,-123.7486159,1230692,,2022-03-31,10,0,Zillow ZIP-level market for Mendocino; mapped with Census 2020 ZCTA 95460 in Mendocino County.,,,,
95449 Hopland,zcta,95449,Hopland,38.9361372,-123.1194447,709611,,2022-03-31,10,0,Zillow ZIP-level market for Hopland; mapped with Census 2020 ZCTA 95449 in Mendocino County.,,,,
95410 Albion,zcta,95410,Albion,39.2349401,-123.6998535,909519,,2022-03-31,10,0,Zillow ZIP-level market for Albion; mapped with Census 2020 ZCTA 95410 in Mendocino County.,,,,
95456 Little River,zcta,95456,Little River,39.2588858,-123.7591643,982516,,2022-03-31,10,0,Zillow ZIP-level market for Little River; mapped with Census 2020 ZCTA 95456 in Mendocino County.,,,,
95459 Manchester,zcta,95459,Manchester,38.9766284,-123.6048542,848167,,2022-03-31,10,0,Zillow ZIP-level market for Manchester; mapped with Census 2020 ZCTA 95459 in Mendocino County.,,,,
95482 Ukiah,zcta,95482,Ukiah,39.1368043,-123.2610887,608673,,2022-04-30,10,0,Zillow ZIP-level market for Ukiah; mapped with Census 2020 ZCTA 95482 in Mendocino County.,,,,
95437 Fort Bragg,zcta,95437,Fort Bragg,39.443949,-123.68592,671314,,2022-04-30,10,0,Zillow ZIP-level market for Fort Bragg; mapped with Census 2020 ZCTA 95437 in Mendocino County.,,,,
95490 Willits,zcta,95490,Willits,39.4793198,-123.3481599,505492,,2022-04-30,10,0,Zillow ZIP-level market for Willits; mapped with Census 2020 ZCTA 95490 in Mendocino County.,,,,
95470 Redwood Valley,zcta,95470,Redwood Valley,39.2990232,-123.239243,689261,,2022-04-30,10,0,Zillow ZIP-level market for Redwood Valley; mapped with Census 2020 ZCTA 95470 in Mendocino County.,,,,
95428 Covelo,zcta,95428,Covelo,39.8248031,-123.1796086,433207,,2022-04-30,10,0,Zillow ZIP-level market for Covelo; mapped with Census 2020 ZCTA 95428 in Mendocino County.,,,,
95445 Gualala,zcta,95445,Gualala,38.8325203,-123.4725321,772342,,2022-04-30,10,0,Zillow ZIP-level market for Gualala; mapped with Census 2020 ZCTA 95445 in Mendocino County.,,,,
95454 Laytonville,zcta,95454,Laytonville,39.7840478,-123.4957895,548285,,2022-04-30,10,0,Zillow ZIP-level market for Laytonville; mapped with Census 2020 ZCTA 95454 in Mendocino County.,,,,
95460 Mendocino,zcta,95460,Mendocino,39.305245,-123.7486159,1232728,,2022-04-30,10,0,Zillow ZIP-level market for Mendocino; mapped with Census 2020 ZCTA 95460 in Mendocino County.,,,,
95449 Hopland,zcta,95449,Hopland,38.9361372,-123.1194447,705101,,2022-04-30,10,0,Zillow ZIP-level market for Hopland; mapped with Census 2020 ZCTA 95449 in Mendocino County.,,,,
95410 Albion,zcta,95410,Albion,39.2349401,-123.6998535,911517,,2022-04-30,10,0,Zillow ZIP-level market for Albion; mapped with Census 2020 ZCTA 95410 in Mendocino County.,,,,
95456 Little River,zcta,95456,Little River,39.2588858,-123.7591643,985709,,2022-04-30,10,0,Zillow ZIP-level market for Little River; mapped with Census 2020 ZCTA 95456 in Mendocino County.,,,,
95459 Manchester,zcta,95459,Manchester,38.9766284,-123.6048542,845991,,2022-04-30,10,0,Zillow ZIP-level market for Manchester; mapped with Census 2020 ZCTA 95459 in Mendocino County.,,,,
95482 Ukiah,zcta,95482,Ukiah,39.1368043,-123.2610887,607938,,2022-05-31,10,0,Zillow ZIP-level market for Ukiah; mapped with Census 2020 ZCTA 95482 in Mendocino County.,,,,
95437 Fort Bragg,zcta,95437,Fort Bragg,39.443949,-123.68592,670688,,2022-05-31,10,0,Zillow ZIP-level market for Fort Bragg; mapped with Census 2020 ZCTA 95437 in Mendocino County.,,,,
95490 Willits,zcta,95490,Willits,39.4793198,-123.3481599,503058,,2022-05-31,10,0,Zillow ZIP-level market for Willits; mapped with Census 2020 ZCTA 95490 in Mendocino County.,,,,
95470 Redwood Valley,zcta,95470,Redwood Valley,39.2990232,-123.239243,691020,,2022-05-31,10,0,Zillow ZIP-level market for Redwood Valley; mapped with Census 2020 ZCTA 95470 in Mendocino County.,,,,
95428 Covelo,zcta,95428,Covelo,39.8248031,-123.1796086,435720,,2022-05-31,10,0,Zillow ZIP-level market for Covelo; mapped with Census 2020 ZCTA 95428 in Mendocino County.,,,,
95445 Gualala,zcta,95445,Gualala,38.8325203,-123.4725321,769942,,2022-05-31,10,0,Zillow ZIP-level market for Gualala; mapped with Census 2020 ZCTA 95445 in Mendocino County.,,,,
95454 Laytonville,zcta,95454,Laytonville,39.7840478,-123.4957895,546774,,2022-05-31,10,0,Zillow ZIP-level market for Laytonville; mapped with Census 2020 ZCTA 95454 in Mendocino County.,,,,
95460 Mendocino,zcta,95460,Mendocino,39.305245,-123.7486159,1238229,,2022-05-31,10,0,Zillow ZIP-level market for Mendocino; mapped with Census 2020 ZCTA 95460 in Mendocino County.,,,,
95449 Hopland,zcta,95449,Hopland,38.9361372,-123.1194447,703784,,2022-05-31,10,0,Zillow ZIP-level market for Hopland; mapped with Census 2020 ZCTA 95449 in Mendocino County.,,,,
95410 Albion,zcta,95410,Albion,39.2349401,-123.6998535,913801,,2022-05-31,10,0,Zillow ZIP-level market for Albion; mapped with Census 2020 ZCTA 95410 in Mendocino County.,,,,
95456 Little River,zcta,95456,Little River,39.2588858,-123.7591643,990769,,2022-05-31,10,0,Zillow ZIP-level market for Little River; mapped with Census 2020 ZCTA 95456 in Mendocino County.,,,,
95459 Manchester,zcta,95459,Manchester,38.9766284,-123.6048542,841510,,2022-05-31,10,0,Zillow ZIP-level market for Manchester; mapped with Census 2020 ZCTA 95459 in Mendocino County.,,,,
95482 Ukiah,zcta,95482,Ukiah,39.1368043,-123.2610887,607396,,2022-06-30,10,0,Zillow ZIP-level market for Ukiah; mapped with Census 2020 ZCTA 95482 in Mendocino County.,,,,
95437 Fort Bragg,zcta,95437,Fort Bragg,39.443949,-123.68592,670750,,2022-06-30,10,0,Zillow ZIP-level market for Fort Bragg; mapped with Census 2020 ZCTA 95437 in Mendocino County.,,,,
95490 Willits,zcta,95490,Willits,39.4793198,-123.3481599,501619,,2022-06-30,10,0,Zillow ZIP-level market for Willits; mapped with Census 2020 ZCTA 95490 in Mendocino County.,,,,
95470 Redwood Valley,zcta,95470,Redwood Valley,39.2990232,-123.239243,691408,,2022-06-30,10,0,Zillow ZIP-level market for Redwood Valley; mapped with Census 2020 ZCTA 95470 in Mendocino County.,,,,
95428 Covelo,zcta,95428,Covelo,39.8248031,-123.1796086,435812,,2022-06-30,10,0,Zillow ZIP-level market for Covelo; mapped with Census 2020 ZCTA 95428 in Mendocino County.,,,,
95445 Gualala,zcta,95445,Gualala,38.8325203,-123.4725321,768941,,2022-06-30,10,0,Zillow ZIP-level market for Gualala; mapped with Census 2020 ZCTA 95445 in Mendocino County.,,,,
95454 Laytonville,zcta,95454,Laytonville,39.7840478,-123.4957895,543570,,2022-06-30,10,0,Zillow ZIP-level market for Laytonville; mapped with Census 2020 ZCTA 95454 in Mendocino County.,,,,
95460 Mendocino,zcta,95460,Mendocino,39.305245,-123.7486159,1241482,,2022-06-30,10,0,Zillow ZIP-level market for Mendocino; mapped with Census 2020 ZCTA 95460 in Mendocino County.,,,,
95449 Hopland,zcta,95449,Hopland,38.9361372,-123.1194447,702957,,2022-06-30,10,0,Zillow ZIP-level market for Hopland; mapped with Census 2020 ZCTA 95449 in Mendocino County.,,,,
95410 Albion,zcta,95410,Albion,39.2349401,-123.6998535,912811,,2022-06-30,10,0,Zillow ZIP-level market for Albion; mapped with Census 2020 ZCTA 95410 in Mendocino County.,,,,
95456 Little River,zcta,95456,Little River,39.2588858,-123.7591643,995219,,2022-06-30,10,0,Zillow ZIP-level market for Little River; mapped with Census 2020 ZCTA 95456 in Mendocino County.,,,,
95459 Manchester,zcta,95459,Manchester,38.9766284,-123.6048542,837226,,2022-06-30,10,0,Zillow ZIP-level market for Manchester; mapped with Census 2020 ZCTA 95459 in Mendocino County.,,,,
95482 Ukiah,zcta,95482,Ukiah,39.1368043,-123.2610887,605856,,2022-07-31,10,0,Zillow ZIP-level market for Ukiah; mapped with Census 2020 ZCTA 95482 in Mendocino County.,,,,
95437 Fort Bragg,zcta,95437,Fort Bragg,39.443949,-123.68592,670594,,2022-07-31,10,0,Zillow ZIP-level market for Fort Bragg; mapped with Census 2020 ZCTA 95437 in Mendocino County.,,,,
95490 Willits,zcta,95490,Willits,39.4793198,-123.3481599,500471,,2022-07-31,10,0,Zillow ZIP-level market for Willits; mapped with Census 2020 ZCTA 95490 in Mendocino County.,,,,
95470 Redwood Valley,zcta,95470,Redwood Valley,39.2990232,-123.239243,688596,,2022-07-31,10,0,Zillow ZIP-level market for Redwood Valley; mapped with Census 2020 ZCTA 95470 in Mendocino County.,,,,
95428 Covelo,zcta,95428,Covelo,39.8248031,-123.1796086,433848,,2022-07-31,10,0,Zillow ZIP-level market for Covelo; mapped with Census 2020 ZCTA 95428 in Mendocino County.,,,,
95445 Gualala,zcta,95445,Gualala,38.8325203,-123.4725321,766845,,2022-07-31,10,0,Zillow ZIP-level market for Gualala; mapped with Census 2020 ZCTA 95445 in Mendocino County.,,,,
95454 Laytonville,zcta,95454,Laytonville,39.7840478,-123.4957895,535349,,2022-07-31,10,0,Zillow ZIP-level market for Laytonville; mapped with Census 2020 ZCTA 95454 in Mendocino County.,,,,
95460 Mendocino,zcta,95460,Mendocino,39.305245,-123.7486159,1235270,,2022-07-31,10,0,Zillow ZIP-level market for Mendocino; mapped with Census 2020 ZCTA 95460 in Mendocino County.,,,,
95449 Hopland,zcta,95449,Hopland,38.9361372,-123.1194447,698273,,2022-07-31,10,0,Zillow ZIP-level market for Hopland; mapped with Census 2020 ZCTA 95449 in Mendocino County.,,,,
95410 Albion,zcta,95410,Albion,39.2349401,-123.6998535,905958,,2022-07-31,10,0,Zillow ZIP-level market for Albion; mapped with Census 2020 ZCTA 95410 in Mendocino County.,,,,
95456 Little River,zcta,95456,Little River,39.2588858,-123.7591643,996735,,2022-07-31,10,0,Zillow ZIP-level market for Little River; mapped with Census 2020 ZCTA 95456 in Mendocino County.,,,,
95459 Manchester,zcta,95459,Manchester,38.9766284,-123.6048542,833125,,2022-07-31,10,0,Zillow ZIP-level market for Manchester; mapped with Census 2020 ZCTA 95459 in Mendocino County.,,,,
95482 Ukiah,zcta,95482,Ukiah,39.1368043,-123.2610887,602281,,2022-08-31,10,0,Zillow ZIP-level market for Ukiah; mapped with Census 2020 ZCTA 95482 in Mendocino County.,,,,
95437 Fort Bragg,zcta,95437,Fort Bragg,39.443949,-123.68592,666337,,2022-08-31,10,0,Zillow ZIP-level market for Fort Bragg; mapped with Census 2020 ZCTA 95437 in Mendocino County.,,,,
95490 Willits,zcta,95490,Willits,39.4793198,-123.3481599,497191,,2022-08-31,10,0,Zillow ZIP-level market for Willits; mapped with Census 2020 ZCTA 95490 in Mendocino County.,,,,
95470 Redwood Valley,zcta,95470,Redwood Valley,39.2990232,-123.239243,681996,,2022-08-31,10,0,Zillow ZIP-level market for Redwood Valley; mapped with Census 2020 ZCTA 95470 in Mendocino County.,,,,
95428 Covelo,zcta,95428,Covelo,39.8248031,-123.1796086,427704,,2022-08-31,10,0,Zillow ZIP-level market for Covelo; mapped with Census 2020 ZCTA 95428 in Mendocino County.,,,,
95445 Gualala,zcta,95445,Gualala,38.8325203,-123.4725321,763433,,2022-08-31,10,0,Zillow ZIP-level market for Gualala; mapped with Census 2020 ZCTA 95445 in Mendocino County.,,,,
95454 Laytonville,zcta,95454,Laytonville,39.7840478,-123.4957895,524690,,2022-08-31,10,0,Zillow ZIP-level market for Laytonville; mapped with Census 2020 ZCTA 95454 in Mendocino County.,,,,
95460 Mendocino,zcta,95460,Mendocino,39.305245,-123.7486159,1221909,,2022-08-31,10,0,Zillow ZIP-level market for Mendocino; mapped with Census 2020 ZCTA 95460 in Mendocino County.,,,,
95449 Hopland,zcta,95449,Hopland,38.9361372,-123.1194447,690832,,2022-08-31,10,0,Zillow ZIP-level market for Hopland; mapped with Census 2020 ZCTA 95449 in Mendocino County.,,,,
95410 Albion,zcta,95410,Albion,39.2349401,-123.6998535,893378,,2022-08-31,10,0,Zillow ZIP-level market for Albion; mapped with Census 2020 ZCTA 95410 in Mendocino County.,,,,
95456 Little River,zcta,95456,Little River,39.2588858,-123.7591643,988089,,2022-08-31,10,0,Zillow ZIP-level market for Little River; mapped with Census 2020 ZCTA 95456 in Mendocino County.,,,,
95459 Manchester,zcta,95459,Manchester,38.9766284,-123.6048542,829170,,2022-08-31,10,0,Zillow ZIP-level market for Manchester; mapped with Census 2020 ZCTA 95459 in Mendocino County.,,,,
95482 Ukiah,zcta,95482,Ukiah,39.1368043,-123.2610887,595823,,2022-09-30,10,0,Zillow ZIP-level market for Ukiah; mapped with Census 2020 ZCTA 95482 in Mendocino County.,,,,
95437 Fort Bragg,zcta,95437,Fort Bragg,39.443949,-123.68592,657549,,2022-09-30,10,0,Zillow ZIP-level market for Fort Bragg; mapped with Census 2020 ZCTA 95437 in Mendocino County.,,,,
95490 Willits,zcta,95490,Willits,39.4793198,-123.3481599,491191,,2022-09-30,10,0,Zillow ZIP-level market for Willits; mapped with Census 2020 ZCTA 95490 in Mendocino County.,,,,
95470 Redwood Valley,zcta,95470,Redwood Valley,39.2990232,-123.239243,672182,,2022-09-30,10,0,Zillow ZIP-level market for Redwood Valley; mapped with Census 2020 ZCTA 95470 in Mendocino County.,,,,
95428 Covelo,zcta,95428,Covelo,39.8248031,-123.1796086,418927,,2022-09-30,10,0,Zillow ZIP-level market for Covelo; mapped with Census 2020 ZCTA 95428 in Mendocino County.,,,,
95445 Gualala,zcta,95445,Gualala,38.8325203,-123.4725321,754279,,2022-09-30,10,0,Zillow ZIP-level market for Gualala; mapped with Census 2020 ZCTA 95445 in Mendocino County.,,,,
95454 Laytonville,zcta,95454,Laytonville,39.7840478,-123.4957895,509430,,2022-09-30,10,0,Zillow ZIP-level market for Laytonville; mapped with Census 2020 ZCTA 95454 in Mendocino County.,,,,
95460 Mendocino,zcta,95460,Mendocino,39.305245,-123.7486159,1198865,,2022-09-30,10,0,Zillow ZIP-level market for Mendocino; mapped with Census 2020 ZCTA 95460 in Mendocino County.,,,,
95449 Hopland,zcta,95449,Hopland,38.9361372,-123.1194447,679361,,2022-09-30,10,0,Zillow ZIP-level market for Hopland; mapped with Census 2020 ZCTA 95449 in Mendocino County.,,,,
95410 Albion,zcta,95410,Albion,39.2349401,-123.6998535,878835,,2022-09-30,10,0,Zillow ZIP-level market for Albion; mapped with Census 2020 ZCTA 95410 in Mendocino County.,,,,
95456 Little River,zcta,95456,Little River,39.2588858,-123.7591643,966340,,2022-09-30,10,0,Zillow ZIP-level market for Little River; mapped with Census 2020 ZCTA 95456 in Mendocino County.,,,,
95459 Manchester,zcta,95459,Manchester,38.9766284,-123.6048542,824341,,2022-09-30,10,0,Zillow ZIP-level market for Manchester; mapped with Census 2020 ZCTA 95459 in Mendocino County.,,,,
95482 Ukiah,zcta,95482,Ukiah,39.1368043,-123.2610887,588812,,2022-10-31,10,0,Zillow ZIP-level market for Ukiah; mapped with Census 2020 ZCTA 95482 in Mendocino County.,,,,
95437 Fort Bragg,zcta,95437,Fort Bragg,39.443949,-123.68592,647097,,2022-10-31,10,0,Zillow ZIP-level market for Fort Bragg; mapped with Census 2020 ZCTA 95437 in Mendocino County.,,,,
95490 Willits,zcta,95490,Willits,39.4793198,-123.3481599,484563,,2022-10-31,10,0,Zillow ZIP-level market for Willits; mapped with Census 2020 ZCTA 95490 in Mendocino County.,,,,
95470 Redwood Valley,zcta,95470,Redwood Valley,39.2990232,-123.239243,662073,,2022-10-31,10,0,Zillow ZIP-level market for Redwood Valley; mapped with Census 2020 ZCTA 95470 in Mendocino County.,,,,
95428 Covelo,zcta,95428,Covelo,39.8248031,-123.1796086,407602,,2022-10-31,10,0,Zillow ZIP-level market for Covelo; mapped with Census 2020 ZCTA 95428 in Mendocino County.,,,,
95445 Gualala,zcta,95445,Gualala,38.8325203,-123.4725321,745191,,2022-10-31,10,0,Zillow ZIP-level market for Gualala; mapped with Census 2020 ZCTA 95445 in Mendocino County.,,,,
95454 Laytonville,zcta,95454,Laytonville,39.7840478,-123.4957895,495992,,2022-10-31,10,0,Zillow ZIP-level market for Laytonville; mapped with Census 2020 ZCTA 95454 in Mendocino County.,,,,
95460 Mendocino,zcta,95460,Mendocino,39.305245,-123.7486159,1178390,,2022-10-31,10,0,Zillow ZIP-level market for Mendocino; mapped with Census 2020 ZCTA 95460 in Mendocino County.,,,,
95449 Hopland,zcta,95449,Hopland,38.9361372,-123.1194447,670469,,2022-10-31,10,0,Zillow ZIP-level market for Hopland; mapped with Census 2020 ZCTA 95449 in Mendocino County.,,,,
95410 Albion,zcta,95410,Albion,39.2349401,-123.6998535,867427,,2022-10-31,10,0,Zillow ZIP-level market for Albion; mapped with Census 2020 ZCTA 95410 in Mendocino County.,,,,
95456 Little River,zcta,95456,Little River,39.2588858,-123.7591643,941309,,2022-10-31,10,0,Zillow ZIP-level market for Little River; mapped with Census 2020 ZCTA 95456 in Mendocino County.,,,,
95459 Manchester,zcta,95459,Manchester,38.9766284,-123.6048542,821157,,2022-10-31,10,0,Zillow ZIP-level market for Manchester; mapped with Census 2020 ZCTA 95459 in Mendocino County.,,,,
95482 Ukiah,zcta,95482,Ukiah,39.1368043,-123.2610887,579868,,2022-11-30,10,0,Zillow ZIP-level market for Ukiah; mapped with Census 2020 ZCTA 95482 in Mendocino County.,,,,
95437 Fort Bragg,zcta,95437,Fort Bragg,39.443949,-123.68592,635436,,2022-11-30,10,0,Zillow ZIP-level market for Fort Bragg; mapped with Census 2020 ZCTA 95437 in Mendocino County.,,,,
95490 Willits,zcta,95490,Willits,39.4793198,-123.3481599,476598,,2022-11-30,10,0,Zillow ZIP-level market for Willits; mapped with Census 2020 ZCTA 95490 in Mendocino County.,,,,
95470 Redwood Valley,zcta,95470,Redwood Valley,39.2990232,-123.239243,649537,,2022-11-30,10,0,Zillow ZIP-level market for Redwood Valley; mapped with Census 2020 ZCTA 95470 in Mendocino County.,,,,
95428 Covelo,zcta,95428,Covelo,39.8248031,-123.1796086,395418,,2022-11-30,10,0,Zillow ZIP-level market for Covelo; mapped with Census 2020 ZCTA 95428 in Mendocino County.,,,,
95445 Gualala,zcta,95445,Gualala,38.8325203,-123.4725321,733121,,2022-11-30,10,0,Zillow ZIP-level market for Gualala; mapped with Census 2020 ZCTA 95445 in Mendocino County.,,,,
95454 Laytonville,zcta,95454,Laytonville,39.7840478,-123.4957895,482975,,2022-11-30,10,0,Zillow ZIP-level market for Laytonville; mapped with Census 2020 ZCTA 95454 in Mendocino County.,,,,
95460 Mendocino,zcta,95460,Mendocino,39.305245,-123.7486159,1154484,,2022-11-30,10,0,Zillow ZIP-level market for Mendocino; mapped with Census 2020 ZCTA 95460 in Mendocino County.,,,,
95449 Hopland,zcta,95449,Hopland,38.9361372,-123.1194447,660505,,2022-11-30,10,0,Zillow ZIP-level market for Hopland; mapped with Census 2020 ZCTA 95449 in Mendocino County.,,,,
95410 Albion,zcta,95410,Albion,39.2349401,-123.6998535,854296,,2022-11-30,10,0,Zillow ZIP-level market for Albion; mapped with Census 2020 ZCTA 95410 in Mendocino County.,,,,
95456 Little River,zcta,95456,Little River,39.2588858,-123.7591643,915778,,2022-11-30,10,0,Zillow ZIP-level market for Little River; mapped with Census 2020 ZCTA 95456 in Mendocino County.,,,,
95459 Manchester,zcta,95459,Manchester,38.9766284,-123.6048542,814104,,2022-11-30,10,0,Zillow ZIP-level market for Manchester; mapped with Census 2020 ZCTA 95459 in Mendocino County.,,,,
95482 Ukiah,zcta,95482,Ukiah,39.1368043,-123.2610887,571795,,2022-12-31,10,0,Zillow ZIP-level market for Ukiah; mapped with Census 2020 ZCTA 95482 in Mendocino County.,,,,
95437 Fort Bragg,zcta,95437,Fort Bragg,39.443949,-123.68592,624352,,2022-12-31,10,0,Zillow ZIP-level market for Fort Bragg; mapped with Census 2020 ZCTA 95437 in Mendocino County.,,,,
95490 Willits,zcta,95490,Willits,39.4793198,-123.3481599,468190,,2022-12-31,10,0,Zillow ZIP-level market for Willits; mapped with Census 2020 ZCTA 95490 in Mendocino County.,,,,
95470 Redwood Valley,zcta,95470,Redwood Valley,39.2990232,-123.239243,637259,,2022-12-31,10,0,Zillow ZIP-level market for Redwood Valley; mapped with Census 2020 ZCTA 95470 in Mendocino County.,,,,
95428 Covelo,zcta,95428,Covelo,39.8248031,-123.1796086,382944,,2022-12-31,10,0,Zillow ZIP-level market for Covelo; mapped with Census 2020 ZCTA 95428 in Mendocino County.,,,,
95445 Gualala,zcta,95445,Gualala,38.8325203,-123.4725321,719046,,2022-12-31,10,0,Zillow ZIP-level market for Gualala; mapped with Census 2020 ZCTA 95445 in Mendocino County.,,,,
95454 Laytonville,zcta,95454,Laytonville,39.7840478,-123.4957895,472978,,2022-12-31,10,0,Zillow ZIP-level market for Laytonville; mapped with Census 2020 ZCTA 95454 in Mendocino County.,,,,
95460 Mendocino,zcta,95460,Mendocino,39.305245,-123.7486159,1128537,,2022-12-31,10,0,Zillow ZIP-level market for Mendocino; mapped with Census 2020 ZCTA 95460 in Mendocino County.,,,,
95449 Hopland,zcta,95449,Hopland,38.9361372,-123.1194447,651181,,2022-12-31,10,0,Zillow ZIP-level market for Hopland; mapped with Census 2020 ZCTA 95449 in Mendocino County.,,,,
95410 Albion,zcta,95410,Albion,39.2349401,-123.6998535,838461,,2022-12-31,10,0,Zillow ZIP-level market for Albion; mapped with Census 2020 ZCTA 95410 in Mendocino County.,,,,
95456 Little River,zcta,95456,Little River,39.2588858,-123.7591643,895275,,2022-12-31,10,0,Zillow ZIP-level market for Little River; mapped with Census 2020 ZCTA 95456 in Mendocino County.,,,,
95459 Manchester,zcta,95459,Manchester,38.9766284,-123.6048542,800452,,2022-12-31,10,0,Zillow ZIP-level market for Manchester; mapped with Census 2020 ZCTA 95459 in Mendocino County.,,,,
95482 Ukiah,zcta,95482,Ukiah,39.1368043,-123.2610887,567026,,2023-01-31,10,0,Zillow ZIP-level market for Ukiah; mapped with Census 2020 ZCTA 95482 in Mendocino County.,,,,
95437 Fort Bragg,zcta,95437,Fort Bragg,39.443949,-123.68592,619109,,2023-01-31,10,0,Zillow ZIP-level market for Fort Bragg; mapped with Census 2020 ZCTA 95437 in Mendocino County.,,,,
95490 Willits,zcta,95490,Willits,39.4793198,-123.3481599,463586,,2023-01-31,10,0,Zillow ZIP-level market for Willits; mapped with Census 2020 ZCTA 95490 in Mendocino County.,,,,
95470 Redwood Valley,zcta,95470,Redwood Valley,39.2990232,-123.239243,631840,,2023-01-31,10,0,Zillow ZIP-level market for Redwood Valley; mapped with Census 2020 ZCTA 95470 in Mendocino County.,,,,
95428 Covelo,zcta,95428,Covelo,39.8248031,-123.1796086,376486,,2023-01-31,10,0,Zillow ZIP-level market for Covelo; mapped with Census 2020 ZCTA 95428 in Mendocino County.,,,,
95445 Gualala,zcta,95445,Gualala,38.8325203,-123.4725321,710624,,2023-01-31,10,0,Zillow ZIP-level market for Gualala; mapped with Census 2020 ZCTA 95445 in Mendocino County.,,,,
95454 Laytonville,zcta,95454,Laytonville,39.7840478,-123.4957895,470085,,2023-01-31,10,0,Zillow ZIP-level market for Laytonville; mapped with Census 2020 ZCTA 95454 in Mendocino County.,,,,
95460 Mendocino,zcta,95460,Mendocino,39.305245,-123.7486159,1105477,,2023-01-31,10,0,Zillow ZIP-level market for Mendocino; mapped with Census 2020 ZCTA 95460 in Mendocino County.,,,,
95449 Hopland,zcta,95449,Hopland,38.9361372,-123.1194447,646934,,2023-01-31,10,0,Zillow ZIP-level market for Hopland; mapped with Census 2020 ZCTA 95449 in Mendocino County.,,,,
95410 Albion,zcta,95410,Albion,39.2349401,-123.6998535,824401,,2023-01-31,10,0,Zillow ZIP-level market for Albion; mapped with Census 2020 ZCTA 95410 in Mendocino County.,,,,
95456 Little River,zcta,95456,Little River,39.2588858,-123.7591643,884234,,2023-01-31,10,0,Zillow ZIP-level market for Little River; mapped with Census 2020 ZCTA 95456 in Mendocino County.,,,,
95459 Manchester,zcta,95459,Manchester,38.9766284,-123.6048542,787743,,2023-01-31,10,0,Zillow ZIP-level market for Manchester; mapped with Census 2020 ZCTA 95459 in Mendocino County.,,,,
95482 Ukiah,zcta,95482,Ukiah,39.1368043,-123.2610887,561596,,2023-02-28,10,0,Zillow ZIP-level market for Ukiah; mapped with Census 2020 ZCTA 95482 in Mendocino County.,,,,
95437 Fort Bragg,zcta,95437,Fort Bragg,39.443949,-123.68592,615565,,2023-02-28,10,0,Zillow ZIP-level market for Fort Bragg; mapped with Census 2020 ZCTA 95437 in Mendocino County.,,,,
95490 Willits,zcta,95490,Willits,39.4793198,-123.3481599,459093,,2023-02-28,10,0,Zillow ZIP-level market for Willits; mapped with Census 2020 ZCTA 95490 in Mendocino County.,,,,
95470 Redwood Valley,zcta,95470,Redwood Valley,39.2990232,-123.239243,627913,,2023-02-28,10,0,Zillow ZIP-level market for Redwood Valley; mapped with Census 2020 ZCTA 95470 in Mendocino County.,,,,
95428 Covelo,zcta,95428,Covelo,39.8248031,-123.1796086,373577,,2023-02-28,10,0,Zillow ZIP-level market for Covelo; mapped with Census 2020 ZCTA 95428 in Mendocino County.,,,,
95445 Gualala,zcta,95445,Gualala,38.8325203,-123.4725321,705356,,2023-02-28,10,0,Zillow ZIP-level market for Gualala; mapped with Census 2020 ZCTA 95445 in Mendocino County.,,,,
95454 Laytonville,zcta,95454,Laytonville,39.7840478,-123.4957895,471718,,2023-02-28,10,0,Zillow ZIP-level market for Laytonville; mapped with Census 2020 ZCTA 95454 in Mendocino County.,,,,
95460 Mendocino,zcta,95460,Mendocino,39.305245,-123.7486159,1081123,,2023-02-28,10,0,Zillow ZIP-level market for Mendocino; mapped with Census 2020 ZCTA 95460 in Mendocino County.,,,,
95449 Hopland,zcta,95449,Hopland,38.9361372,-123.1194447,641355,,2023-02-28,10,0,Zillow ZIP-level market for Hopland; mapped with Census 2020 ZCTA 95449 in Mendocino County.,,,,
95410 Albion,zcta,95410,Albion,39.2349401,-123.6998535,811127,,2023-02-28,10,0,Zillow ZIP-level market for Albion; mapped with Census 2020 ZCTA 95410 in Mendocino County.,,,,
95456 Little River,zcta,95456,Little River,39.2588858,-123.7591643,874778,,2023-02-28,10,0,Zillow ZIP-level market for Little River; mapped with Census 2020 ZCTA 95456 in Mendocino County.,,,,
95459 Manchester,zcta,95459,Manchester,38.9766284,-123.6048542,773561,,2023-02-28,10,0,Zillow ZIP-level market for Manchester; mapped with Census 2020 ZCTA 95459 in Mendocino County.,,,,
95482 Ukiah,zcta,95482,Ukiah,39.1368043,-123.2610887,559518,,2023-03-31,10,0,Zillow ZIP-level market for Ukiah; mapped with Census 2020 ZCTA 95482 in Mendocino County.,,,,
95437 Fort Bragg,zcta,95437,Fort Bragg,39.443949,-123.68592,615448,,2023-03-31,10,0,Zillow ZIP-level market for Fort Bragg; mapped with Census 2020 ZCTA 95437 in Mendocino County.,,,,
95490 Willits,zcta,95490,Willits,39.4793198,-123.3481599,457077,,2023-03-31,10,0,Zillow ZIP-level market for Willits; mapped with Census 2020 ZCTA 95490 in Mendocino County.,,,,
95470 Redwood Valley,zcta,95470,Redwood Valley,39.2990232,-123.239243,629904,,2023-03-31,10,0,Zillow ZIP-level market for Redwood Valley; mapped with Census 2020 ZCTA 95470 in Mendocino County.,,,,
95428 Covelo,zcta,95428,Covelo,39.8248031,-123.1796086,371901,,2023-03-31,10,0,Zillow ZIP-level market for Covelo; mapped with Census 2020 ZCTA 95428 in Mendocino County.,,,,
95445 Gualala,zcta,95445,Gualala,38.8325203,-123.4725321,706495,,2023-03-31,10,0,Zillow ZIP-level market for Gualala; mapped with Census 2020 ZCTA 95445 in Mendocino County.,,,,
95454 Laytonville,zcta,95454,Laytonville,39.7840478,-123.4957895,472269,,2023-03-31,10,0,Zillow ZIP-level market for Laytonville; mapped with Census 2020 ZCTA 95454 in Mendocino County.,,,,
95460 Mendocino,zcta,95460,Mendocino,39.305245,-123.7486159,1067409,,2023-03-31,10,0,Zillow ZIP-level market for Mendocino; mapped with Census 2020 ZCTA 95460 in Mendocino County.,,,,
95449 Hopland,zcta,95449,Hopland,38.9361372,-123.1194447,637470,,2023-03-31,10,0,Zillow ZIP-level market for Hopland; mapped with Census 2020 ZCTA 95449 in Mendocino County.,,,,
95410 Albion,zcta,95410,Albion,39.2349401,-123.6998535,799027,,2023-03-31,10,0,Zillow ZIP-level market for Albion; mapped with Census 2020 ZCTA 95410 in Mendocino County.,,,,
95456 Little River,zcta,95456,Little River,39.2588858,-123.7591643,870425,,2023-03-31,10,0,Zillow ZIP-level market for Little River; mapped with Census 2020 ZCTA 95456 in Mendocino County.,,,,
95459 Manchester,zcta,95459,Manchester,38.9766284,-123.6048542,763197,,2023-03-31,10,0,Zillow ZIP-level market for Manchester; mapped with Census 2020 ZCTA 95459 in Mendocino County.,,,,
95482 Ukiah,zcta,95482,Ukiah,39.1368043,-123.2610887,558536,,2023-04-30,10,0,Zillow ZIP-level market for Ukiah; mapped with Census 2020 ZCTA 95482 in Mendocino County.,,,,
95437 Fort Bragg,zcta,95437,Fort Bragg,39.443949,-123.68592,614853,,2023-04-30,10,0,Zillow ZIP-level market for Fort Bragg; mapped with Census 2020 ZCTA 95437 in Mendocino County.,,,,
95490 Willits,zcta,95490,Willits,39.4793198,-123.3481599,454142,,2023-04-30,10,0,Zillow ZIP-level market for Willits; mapped with Census 2020 ZCTA 95490 in Mendocino County.,,,,
95470 Redwood Valley,zcta,95470,Redwood Valley,39.2990232,-123.239243,630429,,2023-04-30,10,0,Zillow ZIP-level market for Redwood Valley; mapped with Census 2020 ZCTA 95470 in Mendocino County.,,,,
95428 Covelo,zcta,95428,Covelo,39.8248031,-123.1796086,369004,,2023-04-30,10,0,Zillow ZIP-level market for Covelo; mapped with Census 2020 ZCTA 95428 in Mendocino County.,,,,
95445 Gualala,zcta,95445,Gualala,38.8325203,-123.4725321,706922,,2023-04-30,10,0,Zillow ZIP-level market for Gualala; mapped with Census 2020 ZCTA 95445 in Mendocino County.,,,,
95454 Laytonville,zcta,95454,Laytonville,39.7840478,-123.4957895,468540,,2023-04-30,10,0,Zillow ZIP-level market for Laytonville; mapped with Census 2020 ZCTA 95454 in Mendocino County.,,,,
95460 Mendocino,zcta,95460,Mendocino,39.305245,-123.7486159,1056440,,2023-04-30,10,0,Zillow ZIP-level market for Mendocino; mapped with Census 2020 ZCTA 95460 in Mendocino County.,,,,
95449 Hopland,zcta,95449,Hopland,38.9361372,-123.1194447,629977,,2023-04-30,10,0,Zillow ZIP-level market for Hopland; mapped with Census 2020 ZCTA 95449 in Mendocino County.,,,,
95410 Albion,zcta,95410,Albion,39.2349401,-123.6998535,787837,,2023-04-30,10,0,Zillow ZIP-level market for Albion; mapped with Census 2020 ZCTA 95410 in Mendocino County.,,,,
95456 Little River,zcta,95456,Little River,39.2588858,-123.7591643,863668,,2023-04-30,10,0,Zillow ZIP-level market for Little River; mapped with Census 2020 ZCTA 95456 in Mendocino County.,,,,
95459 Manchester,zcta,95459,Manchester,38.9766284,-123.6048542,755282,,2023-04-30,10,0,Zillow ZIP-level market for Manchester; mapped with Census 2020 ZCTA 95459 in Mendocino County.,,,,
95482 Ukiah,zcta,95482,Ukiah,39.1368043,-123.2610887,562235,,2023-05-31,10,0,Zillow ZIP-level market for Ukiah; mapped with Census 2020 ZCTA 95482 in Mendocino County.,,,,
95437 Fort Bragg,zcta,95437,Fort Bragg,39.443949,-123.68592,617982,,2023-05-31,10,0,Zillow ZIP-level market for Fort Bragg; mapped with Census 2020 ZCTA 95437 in Mendocino County.,,,,
95490 Willits,zcta,95490,Willits,39.4793198,-123.3481599,454154,,2023-05-31,10,0,Zillow ZIP-level market for Willits; mapped with Census 2020 ZCTA 95490 in Mendocino County.,,,,
95470 Redwood Valley,zcta,95470,Redwood Valley,39.2990232,-123.239243,633250,,2023-05-31,10,0,Zillow ZIP-level market for Redwood Valley; mapped with Census 2020 ZCTA 95470 in Mendocino County.,,,,
95428 Covelo,zcta,95428,Covelo,39.8248031,-123.1796086,365862,,2023-05-31,10,0,Zillow ZIP-level market for Covelo; mapped with Census 2020 ZCTA 95428 in Mendocino County.,,,,
95445 Gualala,zcta,95445,Gualala,38.8325203,-123.4725321,708285,,2023-05-31,10,0,Zillow ZIP-level market for Gualala; mapped with Census 2020 ZCTA 95445 in Mendocino County.,,,,
95454 Laytonville,zcta,95454,Laytonville,39.7840478,-123.4957895,463358,,2023-05-31,10,0,Zillow ZIP-level market for Laytonville; mapped with Census 2020 ZCTA 95454 in Mendocino County.,,,,
95460 Mendocino,zcta,95460,Mendocino,39.305245,-123.7486159,1055346,,2023-05-31,10,0,Zillow ZIP-level market for Mendocino; mapped with Census 2020 ZCTA 95460 in Mendocino County.,,,,
95449 Hopland,zcta,95449,Hopland,38.9361372,-123.1194447,624737,,2023-05-31,10,0,Zillow ZIP-level market for Hopland; mapped with Census 2020 ZCTA 95449 in Mendocino County.,,,,
95410 Albion,zcta,95410,Albion,39.2349401,-123.6998535,783673,,2023-05-31,10,0,Zillow ZIP-level market for Albion; mapped with Census 2020 ZCTA 95410 in Mendocino County.,,,,
95456 Little River,zcta,95456,Little River,39.2588858,-123.7591643,860451,,2023-05-31,10,0,Zillow ZIP-level market for Little River; mapped with Census 2020 ZCTA 95456 in Mendocino County.,,,,
95459 Manchester,zcta,95459,Manchester,38.9766284,-123.6048542,751446,,2023-05-31,10,0,Zillow ZIP-level market for Manchester; mapped with Census 2020 ZCTA 95459 in Mendocino County.,,,,
95482 Ukiah,zcta,95482,Ukiah,39.1368043,-123.2610887,562392,,2023-06-30,10,0,Zillow ZIP-level market for Ukiah; mapped with Census 2020 ZCTA 95482 in Mendocino County.,,,,
95437 Fort Bragg,zcta,95437,Fort Bragg,39.443949,-123.68592,615951,,2023-06-30,10,0,Zillow ZIP-level market for Fort Bragg; mapped with Census 2020 ZCTA 95437 in Mendocino County.,,,,
95490 Willits,zcta,95490,Willits,39.4793198,-123.3481599,453125,,2023-06-30,10,0,Zillow ZIP-level market for Willits; mapped with Census 2020 ZCTA 95490 in Mendocino County.,,,,
95470 Redwood Valley,zcta,95470,Redwood Valley,39.2990232,-123.239243,628958,,2023-06-30,10,0,Zillow ZIP-level market for Redwood Valley; mapped with Census 2020 ZCTA 95470 in Mendocino County.,,,,
95428 Covelo,zcta,95428,Covelo,39.8248031,-123.1796086,361790,,2023-06-30,10,0,Zillow ZIP-level market for Covelo; mapped with Census 2020 ZCTA 95428 in Mendocino County.,,,,
95445 Gualala,zcta,95445,Gualala,38.8325203,-123.4725321,704134,,2023-06-30,10,0,Zillow ZIP-level market for Gualala; mapped with Census 2020 ZCTA 95445 in Mendocino County.,,,,
95454 Laytonville,zcta,95454,Laytonville,39.7840478,-123.4957895,459002,,2023-06-30,10,0,Zillow ZIP-level market for Laytonville; mapped with Census 2020 ZCTA 95454 in Mendocino County.,,,,
95460 Mendocino,zcta,95460,Mendocino,39.305245,-123.7486159,1048038,,2023-06-30,10,0,Zillow ZIP-level market for Mendocino; mapped with Census 2020 ZCTA 95460 in Mendocino County.,,,,
95449 Hopland,zcta,95449,Hopland,38.9361372,-123.1194447,616417,,2023-06-30,10,0,Zillow ZIP-level market for Hopland; mapped with Census 2020 ZCTA 95449 in Mendocino County.,,,,
95410 Albion,zcta,95410,Albion,39.2349401,-123.6998535,777380,,2023-06-30,10,0,Zillow ZIP-level market for Albion; mapped with Census 2020 ZCTA 95410 in Mendocino County.,,,,
95456 Little River,zcta,95456,Little River,39.2588858,-123.7591643,848807,,2023-06-30,10,0,Zillow ZIP-level market for Little River; mapped with Census 2020 ZCTA 95456 in Mendocino County.,,,,
95459 Manchester,zcta,95459,Manchester,38.9766284,-123.6048542,748231,,2023-06-30,10,0,Zillow ZIP-level market for Manchester; mapped with Census 2020 ZCTA 95459 in Mendocino County.,,,,
95482 Ukiah,zcta,95482,Ukiah,39.1368043,-123.2610887,558192,,2023-07-31,10,0,Zillow ZIP-level market for Ukiah; mapped with Census 2020 ZCTA 95482 in Mendocino County.,,,,
95437 Fort Bragg,zcta,95437,Fort Bragg,39.443949,-123.68592,610020,,2023-07-31,10,0,Zillow ZIP-level market for Fort Bragg; mapped with Census 2020 ZCTA 95437 in Mendocino County.,,,,
95490 Willits,zcta,95490,Willits,39.4793198,-123.3481599,450345,,2023-07-31,10,0,Zillow ZIP-level market for Willits; mapped with Census 2020 ZCTA 95490 in Mendocino County.,,,,
95470 Redwood Valley,zcta,95470,Redwood Valley,39.2990232,-123.239243,618630,,2023-07-31,10,0,Zillow ZIP-level market for Redwood Valley; mapped with Census 2020 ZCTA 95470 in Mendocino County.,,,,
95428 Covelo,zcta,95428,Covelo,39.8248031,-123.1796086,356200,,2023-07-31,10,0,Zillow ZIP-level market for Covelo; mapped with Census 2020 ZCTA 95428 in Mendocino County.,,,,
95445 Gualala,zcta,95445,Gualala,38.8325203,-123.4725321,695480,,2023-07-31,10,0,Zillow ZIP-level market for Gualala; mapped with Census 2020 ZCTA 95445 in Mendocino County.,,,,
95454 Laytonville,zcta,95454,Laytonville,39.7840478,-123.4957895,452906,,2023-07-31,10,0,Zillow ZIP-level market for Laytonville; mapped with Census 2020 ZCTA 95454 in Mendocino County.,,,,
95460 Mendocino,zcta,95460,Mendocino,39.305245,-123.7486159,1035413,,2023-07-31,10,0,Zillow ZIP-level market for Mendocino; mapped with Census 2020 ZCTA 95460 in Mendocino County.,,,,
95449 Hopland,zcta,95449,Hopland,38.9361372,-123.1194447,607115,,2023-07-31,10,0,Zillow ZIP-level market for Hopland; mapped with Census 2020 ZCTA 95449 in Mendocino County.,,,,
95410 Albion,zcta,95410,Albion,39.2349401,-123.6998535,766490,,2023-07-31,10,0,Zillow ZIP-level market for Albion; mapped with Census 2020 ZCTA 95410 in Mendocino County.,,,,
95456 Little River,zcta,95456,Little River,39.2588858,-123.7591643,831575,,2023-07-31,10,0,Zillow ZIP-level market for Little River; mapped with Census 2020 ZCTA 95456 in Mendocino County.,,,,
95459 Manchester,zcta,95459,Manchester,38.9766284,-123.6048542,740822,,2023-07-31,10,0,Zillow ZIP-level market for Manchester; mapped with Census 2020 ZCTA 95459 in Mendocino County.,,,,
95482 Ukiah,zcta,95482,Ukiah,39.1368043,-123.2610887,551372,,2023-08-31,10,0,Zillow ZIP-level market for Ukiah; mapped with Census 2020 ZCTA 95482 in Mendocino County.,,,,
95437 Fort Bragg,zcta,95437,Fort Bragg,39.443949,-123.68592,600829,,2023-08-31,10,0,Zillow ZIP-level market for Fort Bragg; mapped with Census 2020 ZCTA 95437 in Mendocino County.,,,,
95490 Willits,zcta,95490,Willits,39.4793198,-123.3481599,444387,,2023-08-31,10,0,Zillow ZIP-level market for Willits; mapped with Census 2020 ZCTA 95490 in Mendocino County.,,,,
95470 Redwood Valley,zcta,95470,Redwood Valley,39.2990232,-123.239243,607553,,2023-08-31,10,0,Zillow ZIP-level market for Redwood Valley; mapped with Census 2020 ZCTA 95470 in Mendocino County.,,,,
95428 Covelo,zcta,95428,Covelo,39.8248031,-123.1796086,349034,,2023-08-31,10,0,Zillow ZIP-level market for Covelo; mapped with Census 2020 ZCTA 95428 in Mendocino County.,,,,
95445 Gualala,zcta,95445,Gualala,38.8325203,-123.4725321,684420,,2023-08-31,10,0,Zillow ZIP-level market for Gualala; mapped with Census 2020 ZCTA 95445 in Mendocino County.,,,,
95454 Laytonville,zcta,95454,Laytonville,39.7840478,-123.4957895,444102,,2023-08-31,10,0,Zillow ZIP-level market for Laytonville; mapped with Census 2020 ZCTA 95454 in Mendocino County.,,,,
95460 Mendocino,zcta,95460,Mendocino,39.305245,-123.7486159,1019918,,2023-08-31,10,0,Zillow ZIP-level market for Mendocino; mapped with Census 2020 ZCTA 95460 in Mendocino County.,,,,
95449 Hopland,zcta,95449,Hopland,38.9361372,-123.1194447,598115,,2023-08-31,10,0,Zillow ZIP-level market for Hopland; mapped with Census 2020 ZCTA 95449 in Mendocino County.,,,,
95410 Albion,zcta,95410,Albion,39.2349401,-123.6998535,750820,,2023-08-31,10,0,Zillow ZIP-level market for Albion; mapped with Census 2020 ZCTA 95410 in Mendocino County.,,,,
95456 Little River,zcta,95456,Little River,39.2588858,-123.7591643,813081,,2023-08-31,10,0,Zillow ZIP-level market for Little River; mapped with Census 2020 ZCTA 95456 in Mendocino County.,,,,
95459 Manchester,zcta,95459,Manchester,38.9766284,-123.6048542,732843,,2023-08-31,10,0,Zillow ZIP-level market for Manchester; mapped with Census 2020 ZCTA 95459 in Mendocino County.,,,,
95482 Ukiah,zcta,95482,Ukiah,39.1368043,-123.2610887,544404,,2023-09-30,10,0,Zillow ZIP-level market for Ukiah; mapped with Census 2020 ZCTA 95482 in Mendocino County.,,,,
95437 Fort Bragg,zcta,95437,Fort Bragg,39.443949,-123.68592,595957,,2023-09-30,10,0,Zillow ZIP-level market for Fort Bragg; mapped with Census 2020 ZCTA 95437 in Mendocino County.,,,,
95490 Willits,zcta,95490,Willits,39.4793198,-123.3481599,437872,,2023-09-30,10,0,Zillow ZIP-level market for Willits; mapped with Census 2020 ZCTA 95490 in Mendocino County.,,,,
95470 Redwood Valley,zcta,95470,Redwood Valley,39.2990232,-123.239243,600585,,2023-09-30,10,0,Zillow ZIP-level market for Redwood Valley; mapped with Census 2020 ZCTA 95470 in Mendocino County.,,,,
95428 Covelo,zcta,95428,Covelo,39.8248031,-123.1796086,344464,,2023-09-30,10,0,Zillow ZIP-level market for Covelo; mapped with Census 2020 ZCTA 95428 in Mendocino County.,,,,
95445 Gualala,zcta,95445,Gualala,38.8325203,-123.4725321,677683,,2023-09-30,10,0,Zillow ZIP-level market for Gualala; mapped with Census 2020 ZCTA 95445 in Mendocino County.,,,,
95454 Laytonville,zcta,95454,Laytonville,39.7840478,-123.4957895,438080,,2023-09-30,10,0,Zillow ZIP-level market for Laytonville; mapped with Census 2020 ZCTA 95454 in Mendocino County.,,,,
95460 Mendocino,zcta,95460,Mendocino,39.305245,-123.7486159,1013042,,2023-09-30,10,0,Zillow ZIP-level market for Mendocino; mapped with Census 2020 ZCTA 95460 in Mendocino County.,,,,
95449 Hopland,zcta,95449,Hopland,38.9361372,-123.1194447,593033,,2023-09-30,10,0,Zillow ZIP-level market for Hopland; mapped with Census 2020 ZCTA 95449 in Mendocino County.,,,,
95410 Albion,zcta,95410,Albion,39.2349401,-123.6998535,740034,,2023-09-30,10,0,Zillow ZIP-level market for Albion; mapped with Census 2020 ZCTA 95410 in Mendocino County.,,,,
95456 Little River,zcta,95456,Little River,39.2588858,-123.7591643,801720,,2023-09-30,10,0,Zillow ZIP-level market for Little River; mapped with Census 2020 ZCTA 95456 in Mendocino County.,,,,
95459 Manchester,zcta,95459,Manchester,38.9766284,-123.6048542,726499,,2023-09-30,10,0,Zillow ZIP-level market for Manchester; mapped with Census 2020 ZCTA 95459 in Mendocino County.,,,,
95482 Ukiah,zcta,95482,Ukiah,39.1368043,-123.2610887,537773,,2023-10-31,10,0,Zillow ZIP-level market for Ukiah; mapped with Census 2020 ZCTA 95482 in Mendocino County.,,,,
95437 Fort Bragg,zcta,95437,Fort Bragg,39.443949,-123.68592,592774,,2023-10-31,10,0,Zillow ZIP-level market for Fort Bragg; mapped with Census 2020 ZCTA 95437 in Mendocino County.,,,,
95490 Willits,zcta,95490,Willits,39.4793198,-123.3481599,431092,,2023-10-31,10,0,Zillow ZIP-level market for Willits; mapped with Census 2020 ZCTA 95490 in Mendocino County.,,,,
95470 Redwood Valley,zcta,95470,Redwood Valley,39.2990232,-123.239243,596226,,2023-10-31,10,0,Zillow ZIP-level market for Redwood Valley; mapped with Census 2020 ZCTA 95470 in Mendocino County.,,,,
95428 Covelo,zcta,95428,Covelo,39.8248031,-123.1796086,340615,,2023-10-31,10,0,Zillow ZIP-level market for Covelo; mapped with Census 2020 ZCTA 95428 in Mendocino County.,,,,
95445 Gualala,zcta,95445,Gualala,38.8325203,-123.4725321,670706,,2023-10-31,10,0,Zillow ZIP-level market for Gualala; mapped with Census 2020 ZCTA 95445 in Mendocino County.,,,,
95454 Laytonville,zcta,95454,Laytonville,39.7840478,-123.4957895,432902,,2023-10-31,10,0,Zillow ZIP-level market for Laytonville; mapped with Census 2020 ZCTA 95454 in Mendocino County.,,,,
95460 Mendocino,zcta,95460,Mendocino,39.305245,-123.7486159,1009153,,2023-10-31,10,0,Zillow ZIP-level market for Mendocino; mapped with Census 2020 ZCTA 95460 in Mendocino County.,,,,
95449 Hopland,zcta,95449,Hopland,38.9361372,-123.1194447,587130,,2023-10-31,10,0,Zillow ZIP-level market for Hopland; mapped with Census 2020 ZCTA 95449 in Mendocino County.,,,,
95410 Albion,zcta,95410,Albion,39.2349401,-123.6998535,728422,,2023-10-31,10,0,Zillow ZIP-level market for Albion; mapped with Census 2020 ZCTA 95410 in Mendocino County.,,,,
95456 Little River,zcta,95456,Little River,39.2588858,-123.7591643,791533,,2023-10-31,10,0,Zillow ZIP-level market for Little River; mapped with Census 2020 ZCTA 95456 in Mendocino County.,,,,
95459 Manchester,zcta,95459,Manchester,38.9766284,-123.6048542,720347,,2023-10-31,10,0,Zillow ZIP-level market for Manchester; mapped with Census 2020 ZCTA 95459 in Mendocino County.,,,,
95482 Ukiah,zcta,95482,Ukiah,39.1368043,-123.2610887,531200,,2023-11-30,10,0,Zillow ZIP-level market for Ukiah; mapped with Census 2020 ZCTA 95482 in Mendocino County.,,,,
95437 Fort Bragg,zcta,95437,Fort Bragg,39.443949,-123.68592,590539,,2023-11-30,10,0,Zillow ZIP-level market for Fort Bragg; mapped with Census 2020 ZCTA 95437 in Mendocino County.,,,,
95490 Willits,zcta,95490,Willits,39.4793198,-123.3481599,426067,,2023-11-30,10,0,Zillow ZIP-level market for Willits; mapped with Census 2020 ZCTA 95490 in Mendocino County.,,,,
95470 Redwood Valley,zcta,95470,Redwood Valley,39.2990232,-123.239243,591089,,2023-11-30,10,0,Zillow ZIP-level market for Redwood Valley; mapped with Census 2020 ZCTA 95470 in Mendocino County.,,,,
95428 Covelo,zcta,95428,Covelo,39.8248031,-123.1796086,337816,,2023-11-30,10,0,Zillow ZIP-level market for Covelo; mapped with Census 2020 ZCTA 95428 in Mendocino County.,,,,
95445 Gualala,zcta,95445,Gualala,38.8325203,-123.4725321,664173,,2023-11-30,10,0,Zillow ZIP-level market for Gualala; mapped with Census 2020 ZCTA 95445 in Mendocino County.,,,,
95454 Laytonville,zcta,95454,Laytonville,39.7840478,-123.4957895,428560,,2023-11-30,10,0,Zillow ZIP-level market for Laytonville; mapped with Census 2020 ZCTA 95454 in Mendocino County.,,,,
95460 Mendocino,zcta,95460,Mendocino,39.305245,-123.7486159,1003045,,2023-11-30,10,0,Zillow ZIP-level market for Mendocino; mapped with Census 2020 ZCTA 95460 in Mendocino County.,,,,
95449 Hopland,zcta,95449,Hopland,38.9361372,-123.1194447,580870,,2023-11-30,10,0,Zillow ZIP-level market for Hopland; mapped with Census 2020 ZCTA 95449 in Mendocino County.,,,,
95410 Albion,zcta,95410,Albion,39.2349401,-123.6998535,717480,,2023-11-30,10,0,Zillow ZIP-level market for Albion; mapped with Census 2020 ZCTA 95410 in Mendocino County.,,,,
95456 Little River,zcta,95456,Little River,39.2588858,-123.7591643,783033,,2023-11-30,10,0,Zillow ZIP-level market for Little River; mapped with Census 2020 ZCTA 95456 in Mendocino County.,,,,
95459 Manchester,zcta,95459,Manchester,38.9766284,-123.6048542,714431,,2023-11-30,10,0,Zillow ZIP-level market for Manchester; mapped with Census 2020 ZCTA 95459 in Mendocino County.,,,,
95482 Ukiah,zcta,95482,Ukiah,39.1368043,-123.2610887,525571,,2023-12-31,10,0,Zillow ZIP-level market for Ukiah; mapped with Census 2020 ZCTA 95482 in Mendocino County.,,,,
95437 Fort Bragg,zcta,95437,Fort Bragg,39.443949,-123.68592,587110,,2023-12-31,10,0,Zillow ZIP-level market for Fort Bragg; mapped with Census 2020 ZCTA 95437 in Mendocino County.,,,,
95490 Willits,zcta,95490,Willits,39.4793198,-123.3481599,421293,,2023-12-31,10,0,Zillow ZIP-level market for Willits; mapped with Census 2020 ZCTA 95490 in Mendocino County.,,,,
95470 Redwood Valley,zcta,95470,Redwood Valley,39.2990232,-123.239243,584643,,2023-12-31,10,0,Zillow ZIP-level market for Redwood Valley; mapped with Census 2020 ZCTA 95470 in Mendocino County.,,,,
95428 Covelo,zcta,95428,Covelo,39.8248031,-123.1796086,332508,,2023-12-31,10,0,Zillow ZIP-level market for Covelo; mapped with Census 2020 ZCTA 95428 in Mendocino County.,,,,
95445 Gualala,zcta,95445,Gualala,38.8325203,-123.4725321,657109,,2023-12-31,10,0,Zillow ZIP-level market for Gualala; mapped with Census 2020 ZCTA 95445 in Mendocino County.,,,,
95454 Laytonville,zcta,95454,Laytonville,39.7840478,-123.4957895,419343,,2023-12-31,10,0,Zillow ZIP-level market for Laytonville; mapped with Census 2020 ZCTA 95454 in Mendocino County.,,,,
95460 Mendocino,zcta,95460,Mendocino,39.305245,-123.7486159,991787,,2023-12-31,10,0,Zillow ZIP-level market for Mendocino; mapped with Census 2020 ZCTA 95460 in Mendocino County.,,,,
95449 Hopland,zcta,95449,Hopland,38.9361372,-123.1194447,574876,,2023-12-31,10,0,Zillow ZIP-level market for Hopland; mapped with Census 2020 ZCTA 95449 in Mendocino County.,,,,
95410 Albion,zcta,95410,Albion,39.2349401,-123.6998535,706626,,2023-12-31,10,0,Zillow ZIP-level market for Albion; mapped with Census 2020 ZCTA 95410 in Mendocino County.,,,,
95456 Little River,zcta,95456,Little River,39.2588858,-123.7591643,774248,,2023-12-31,10,0,Zillow ZIP-level market for Little River; mapped with Census 2020 ZCTA 95456 in Mendocino County.,,,,
95459 Manchester,zcta,95459,Manchester,38.9766284,-123.6048542,710680,,2023-12-31,10,0,Zillow ZIP-level market for Manchester; mapped with Census 2020 ZCTA 95459 in Mendocino County.,,,,
95482 Ukiah,zcta,95482,Ukiah,39.1368043,-123.2610887,520862,,2024-01-31,10,0,Zillow ZIP-level market for Ukiah; mapped with Census 2020 ZCTA 95482 in Mendocino County.,,,,
95437 Fort Bragg,zcta,95437,Fort Bragg,39.443949,-123.68592,582937,,2024-01-31,10,0,Zillow ZIP-level market for Fort Bragg; mapped with Census 2020 ZCTA 95437 in Mendocino County.,,,,
95490 Willits,zcta,95490,Willits,39.4793198,-123.3481599,416736,,2024-01-31,10,0,Zillow ZIP-level market for Willits; mapped with Census 2020 ZCTA 95490 in Mendocino County.,,,,
95470 Redwood Valley,zcta,95470,Redwood Valley,39.2990232,-123.239243,576727,,2024-01-31,10,0,Zillow ZIP-level market for Redwood Valley; mapped with Census 2020 ZCTA 95470 in Mendocino County.,,,,
95428 Covelo,zcta,95428,Covelo,39.8248031,-123.1796086,325407,,2024-01-31,10,0,Zillow ZIP-level market for Covelo; mapped with Census 2020 ZCTA 95428 in Mendocino County.,,,,
95445 Gualala,zcta,95445,Gualala,38.8325203,-123.4725321,650265,,2024-01-31,10,0,Zillow ZIP-level market for Gualala; mapped with Census 2020 ZCTA 95445 in Mendocino County.,,,,
95454 Laytonville,zcta,95454,Laytonville,39.7840478,-123.4957895,408098,,2024-01-31,10,0,Zillow ZIP-level market for Laytonville; mapped with Census 2020 ZCTA 95454 in Mendocino County.,,,,
95460 Mendocino,zcta,95460,Mendocino,39.305245,-123.7486159,975743,,2024-01-31,10,0,Zillow ZIP-level market for Mendocino; mapped with Census 2020 ZCTA 95460 in Mendocino County.,,,,
95449 Hopland,zcta,95449,Hopland,38.9361372,-123.1194447,570200,,2024-01-31,10,0,Zillow ZIP-level market for Hopland; mapped with Census 2020 ZCTA 95449 in Mendocino County.,,,,
95410 Albion,zcta,95410,Albion,39.2349401,-123.6998535,698816,,2024-01-31,10,0,Zillow ZIP-level market for Albion; mapped with Census 2020 ZCTA 95410 in Mendocino County.,,,,
95456 Little River,zcta,95456,Little River,39.2588858,-123.7591643,764730,,2024-01-31,10,0,Zillow ZIP-level market for Little River; mapped with Census 2020 ZCTA 95456 in Mendocino County.,,,,
95459 Manchester,zcta,95459,Manchester,38.9766284,-123.6048542,707666,,2024-01-31,10,0,Zillow ZIP-level market for Manchester; mapped with Census 2020 ZCTA 95459 in Mendocino County.,,,,
95482 Ukiah,zcta,95482,Ukiah,39.1368043,-123.2610887,518536,,2024-02-29,10,0,Zillow ZIP-level market for Ukiah; mapped with Census 2020 ZCTA 95482 in Mendocino County.,,,,
95437 Fort Bragg,zcta,95437,Fort Bragg,39.443949,-123.68592,582400,,2024-02-29,10,0,Zillow ZIP-level market for Fort Bragg; mapped with Census 2020 ZCTA 95437 in Mendocino County.,,,,
95490 Willits,zcta,95490,Willits,39.4793198,-123.3481599,412278,,2024-02-29,10,0,Zillow ZIP-level market for Willits; mapped with Census 2020 ZCTA 95490 in Mendocino County.,,,,
95470 Redwood Valley,zcta,95470,Redwood Valley,39.2990232,-123.239243,572997,,2024-02-29,10,0,Zillow ZIP-level market for Redwood Valley; mapped with Census 2020 ZCTA 95470 in Mendocino County.,,,,
95428 Covelo,zcta,95428,Covelo,39.8248031,-123.1796086,316961,,2024-02-29,10,0,Zillow ZIP-level market for Covelo; mapped with Census 2020 ZCTA 95428 in Mendocino County.,,,,
95445 Gualala,zcta,95445,Gualala,38.8325203,-123.4725321,647557,,2024-02-29,10,0,Zillow ZIP-level market for Gualala; mapped with Census 2020 ZCTA 95445 in Mendocino County.,,,,
95454 Laytonville,zcta,95454,Laytonville,39.7840478,-123.4957895,397241,,2024-02-29,10,0,Zillow ZIP-level market for Laytonville; mapped with Census 2020 ZCTA 95454 in Mendocino County.,,,,
95460 Mendocino,zcta,95460,Mendocino,39.305245,-123.7486159,966644,,2024-02-29,10,0,Zillow ZIP-level market for Mendocino; mapped with Census 2020 ZCTA 95460 in Mendocino County.,,,,
95449 Hopland,zcta,95449,Hopland,38.9361372,-123.1194447,570214,,2024-02-29,10,0,Zillow ZIP-level market for Hopland; mapped with Census 2020 ZCTA 95449 in Mendocino County.,,,,
95410 Albion,zcta,95410,Albion,39.2349401,-123.6998535,698071,,2024-02-29,10,0,Zillow ZIP-level market for Albion; mapped with Census 2020 ZCTA 95410 in Mendocino County.,,,,
95456 Little River,zcta,95456,Little River,39.2588858,-123.7591643,760148,,2024-02-29,10,0,Zillow ZIP-level market for Little River; mapped with Census 2020 ZCTA 95456 in Mendocino County.,,,,
95459 Manchester,zcta,95459,Manchester,38.9766284,-123.6048542,707633,,2024-02-29,10,0,Zillow ZIP-level market for Manchester; mapped with Census 2020 ZCTA 95459 in Mendocino County.,,,,
95482 Ukiah,zcta,95482,Ukiah,39.1368043,-123.2610887,519691,,2024-03-31,10,0,Zillow ZIP-level market for Ukiah; mapped with Census 2020 ZCTA 95482 in Mendocino County.,,,,
95437 Fort Bragg,zcta,95437,Fort Bragg,39.443949,-123.68592,587851,,2024-03-31,10,0,Zillow ZIP-level market for Fort Bragg; mapped with Census 2020 ZCTA 95437 in Mendocino County.,,,,
95490 Willits,zcta,95490,Willits,39.4793198,-123.3481599,410320,,2024-03-31,10,0,Zillow ZIP-level market for Willits; mapped with Census 2020 ZCTA 95490 in Mendocino County.,,,,
95470 Redwood Valley,zcta,95470,Redwood Valley,39.2990232,-123.239243,575101,,2024-03-31,10,0,Zillow ZIP-level market for Redwood Valley; mapped with Census 2020 ZCTA 95470 in Mendocino County.,,,,
95428 Covelo,zcta,95428,Covelo,39.8248031,-123.1796086,313169,,2024-03-31,10,0,Zillow ZIP-level market for Covelo; mapped with Census 2020 ZCTA 95428 in Mendocino County.,,,,
95445 Gualala,zcta,95445,Gualala,38.8325203,-123.4725321,649635,,2024-03-31,10,0,Zillow ZIP-level market for Gualala; mapped with Census 2020 ZCTA 95445 in Mendocino County.,,,,
95454 Laytonville,zcta,95454,Laytonville,39.7840478,-123.4957895,393220,,2024-03-31,10,0,Zillow ZIP-level market for Laytonville; mapped with Census 2020 ZCTA 95454 in Mendocino County.,,,,
95460 Mendocino,zcta,95460,Mendocino,39.305245,-123.7486159,971683,,2024-03-31,10,0,Zillow ZIP-level market for Mendocino; mapped with Census 2020 ZCTA 95460 in Mendocino County.,,,,
95449 Hopland,zcta,95449,Hopland,38.9361372,-123.1194447,574862,,2024-03-31,10,0,Zillow ZIP-level market for Hopland; mapped with Census 2020 ZCTA 95449 in Mendocino County.,,,,
95410 Albion,zcta,95410,Albion,39.2349401,-123.6998535,704593,,2024-03-31,10,0,Zillow ZIP-level market for Albion; mapped with Census 2020 ZCTA 95410 in Mendocino County.,,,,
95456 Little River,zcta,95456,Little River,39.2588858,-123.7591643,762750,,2024-03-31,10,0,Zillow ZIP-level market for Little River; mapped with Census 2020 ZCTA 95456 in Mendocino County.,,,,
95459 Manchester,zcta,95459,Manchester,38.9766284,-123.6048542,712208,,2024-03-31,10,0,Zillow ZIP-level market for Manchester; mapped with Census 2020 ZCTA 95459 in Mendocino County.,,,,
95482 Ukiah,zcta,95482,Ukiah,39.1368043,-123.2610887,521909,,2024-04-30,10,0,Zillow ZIP-level market for Ukiah; mapped with Census 2020 ZCTA 95482 in Mendocino County.,,,,
95437 Fort Bragg,zcta,95437,Fort Bragg,39.443949,-123.68592,595033,,2024-04-30,10,0,Zillow ZIP-level market for Fort Bragg; mapped with Census 2020 ZCTA 95437 in Mendocino County.,,,,
95490 Willits,zcta,95490,Willits,39.4793198,-123.3481599,409645,,2024-04-30,10,0,Zillow ZIP-level market for Willits; mapped with Census 2020 ZCTA 95490 in Mendocino County.,,,,
95470 Redwood Valley,zcta,95470,Redwood Valley,39.2990232,-123.239243,580432,,2024-04-30,10,0,Zillow ZIP-level market for Redwood Valley; mapped with Census 2020 ZCTA 95470 in Mendocino County.,,,,
95428 Covelo,zcta,95428,Covelo,39.8248031,-123.1796086,312779,,2024-04-30,10,0,Zillow ZIP-level market for Covelo; mapped with Census 2020 ZCTA 95428 in Mendocino County.,,,,
95445 Gualala,zcta,95445,Gualala,38.8325203,-123.4725321,654615,,2024-04-30,10,0,Zillow ZIP-level market for Gualala; mapped with Census 2020 ZCTA 95445 in Mendocino County.,,,,
95454 Laytonville,zcta,95454,Laytonville,39.7840478,-123.4957895,393664,,2024-04-30,10,0,Zillow ZIP-level market for Laytonville; mapped with Census 2020 ZCTA 95454 in Mendocino County.,,,,
95460 Mendocino,zcta,95460,Mendocino,39.305245,-123.7486159,982583,,2024-04-30,10,0,Zillow ZIP-level market for Mendocino; mapped with Census 2020 ZCTA 95460 in Mendocino County.,,,,
95449 Hopland,zcta,95449,Hopland,38.9361372,-123.1194447,582342,,2024-04-30,10,0,Zillow ZIP-level market for Hopland; mapped with Census 2020 ZCTA 95449 in Mendocino County.,,,,
95410 Albion,zcta,95410,Albion,39.2349401,-123.6998535,713476,,2024-04-30,10,0,Zillow ZIP-level market for Albion; mapped with Census 2020 ZCTA 95410 in Mendocino County.,,,,
95456 Little River,zcta,95456,Little River,39.2588858,-123.7591643,769906,,2024-04-30,10,0,Zillow ZIP-level market for Little River; mapped with Census 2020 ZCTA 95456 in Mendocino County.,,,,
95459 Manchester,zcta,95459,Manchester,38.9766284,-123.6048542,719428,,2024-04-30,10,0,Zillow ZIP-level market for Manchester; mapped with Census 2020 ZCTA 95459 in Mendocino County.,,,,
95482 Ukiah,zcta,95482,Ukiah,39.1368043,-123.2610887,523421,,2024-05-31,10,0,Zillow ZIP-level market for Ukiah; mapped with Census 2020 ZCTA 95482 in Mendocino County.,,,,
95437 Fort Bragg,zcta,95437,Fort Bragg,39.443949,-123.68592,598542,,2024-05-31,10,0,Zillow ZIP-level market for Fort Bragg; mapped with Census 2020 ZCTA 95437 in Mendocino County.,,,,
95490 Willits,zcta,95490,Willits,39.4793198,-123.3481599,411144,,2024-05-31,10,0,Zillow ZIP-level market for Willits; mapped with Census 2020 ZCTA 95490 in Mendocino County.,,,,
95470 Redwood Valley,zcta,95470,Redwood Valley,39.2990232,-123.239243,584551,,2024-05-31,10,0,Zillow ZIP-level market for Redwood Valley; mapped with Census 2020 ZCTA 95470 in Mendocino County.,,,,
95428 Covelo,zcta,95428,Covelo,39.8248031,-123.1796086,315163,,2024-05-31,10,0,Zillow ZIP-level market for Covelo; mapped with Census 2020 ZCTA 95428 in Mendocino County.,,,,
95445 Gualala,zcta,95445,Gualala,38.8325203,-123.4725321,657759,,2024-05-31,10,0,Zillow ZIP-level market for Gualala; mapped with Census 2020 ZCTA 95445 in Mendocino County.,,,,
95454 Laytonville,zcta,95454,Laytonville,39.7840478,-123.4957895,396063,,2024-05-31,10,0,Zillow ZIP-level market for Laytonville; mapped with Census 2020 ZCTA 95454 in Mendocino County.,,,,
95460 Mendocino,zcta,95460,Mendocino,39.305245,-123.7486159,988588,,2024-05-31,10,0,Zillow ZIP-level market for Mendocino; mapped with Census 2020 ZCTA 95460 in Mendocino County.,,,,
95449 Hopland,zcta,95449,Hopland,38.9361372,-123.1194447,587561,,2024-05-31,10,0,Zillow ZIP-level market for Hopland; mapped with Census 2020 ZCTA 95449 in Mendocino County.,,,,
95410 Albion,zcta,95410,Albion,39.2349401,-123.6998535,717703,,2024-05-31,10,0,Zillow ZIP-level market for Albion; mapped with Census 2020 ZCTA 95410 in Mendocino County.,,,,
95456 Little River,zcta,95456,Little River,39.2588858,-123.7591643,773430,,2024-05-31,10,0,Zillow ZIP-level market for Little River; mapped with Census 2020 ZCTA 95456 in Mendocino County.,,,,
95459 Manchester,zcta,95459,Manchester,38.9766284,-123.6048542,725694,,2024-05-31,10,0,Zillow ZIP-level market for Manchester; mapped with Census 2020 ZCTA 95459 in Mendocino County.,,,,
95482 Ukiah,zcta,95482,Ukiah,39.1368043,-123.2610887,522808,,2024-06-30,10,0,Zillow ZIP-level market for Ukiah; mapped with Census 2020 ZCTA 95482 in Mendocino County.,,,,
95437 Fort Bragg,zcta,95437,Fort Bragg,39.443949,-123.68592,596527,,2024-06-30,10,0,Zillow ZIP-level market for Fort Bragg; mapped with Census 2020 ZCTA 95437 in Mendocino County.,,,,
95490 Willits,zcta,95490,Willits,39.4793198,-123.3481599,412144,,2024-06-30,10,0,Zillow ZIP-level market for Willits; mapped with Census 2020 ZCTA 95490 in Mendocino County.,,,,
95470 Redwood Valley,zcta,95470,Redwood Valley,39.2990232,-123.239243,584389,,2024-06-30,10,0,Zillow ZIP-level market for Redwood Valley; mapped with Census 2020 ZCTA 95470 in Mendocino County.,,,,
95428 Covelo,zcta,95428,Covelo,39.8248031,-123.1796086,314354,,2024-06-30,10,0,Zillow ZIP-level market for Covelo; mapped with Census 2020 ZCTA 95428 in Mendocino County.,,,,
95445 Gualala,zcta,95445,Gualala,38.8325203,-123.4725321,658543,,2024-06-30,10,0,Zillow ZIP-level market for Gualala; mapped with Census 2020 ZCTA 95445 in Mendocino County.,,,,
95454 Laytonville,zcta,95454,Laytonville,39.7840478,-123.4957895,395361,,2024-06-30,10,0,Zillow ZIP-level market for Laytonville; mapped with Census 2020 ZCTA 95454 in Mendocino County.,,,,
95460 Mendocino,zcta,95460,Mendocino,39.305245,-123.7486159,985200,,2024-06-30,10,0,Zillow ZIP-level market for Mendocino; mapped with Census 2020 ZCTA 95460 in Mendocino County.,,,,
95449 Hopland,zcta,95449,Hopland,38.9361372,-123.1194447,587880,,2024-06-30,10,0,Zillow ZIP-level market for Hopland; mapped with Census 2020 ZCTA 95449 in Mendocino County.,,,,
95410 Albion,zcta,95410,Albion,39.2349401,-123.6998535,716318,,2024-06-30,10,0,Zillow ZIP-level market for Albion; mapped with Census 2020 ZCTA 95410 in Mendocino County.,,,,
95456 Little River,zcta,95456,Little River,39.2588858,-123.7591643,774382,,2024-06-30,10,0,Zillow ZIP-level market for Little River; mapped with Census 2020 ZCTA 95456 in Mendocino County.,,,,
95459 Manchester,zcta,95459,Manchester,38.9766284,-123.6048542,725614,,2024-06-30,10,0,Zillow ZIP-level market for Manchester; mapped with Census 2020 ZCTA 95459 in Mendocino County.,,,,
95482 Ukiah,zcta,95482,Ukiah,39.1368043,-123.2610887,522175,,2024-07-31,10,0,Zillow ZIP-level market for Ukiah; mapped with Census 2020 ZCTA 95482 in Mendocino County.,,,,
95437 Fort Bragg,zcta,95437,Fort Bragg,39.443949,-123.68592,594395,,2024-07-31,10,0,Zillow ZIP-level market for Fort Bragg; mapped with Census 2020 ZCTA 95437 in Mendocino County.,,,,
95490 Willits,zcta,95490,Willits,39.4793198,-123.3481599,411489,,2024-07-31,10,0,Zillow ZIP-level market for Willits; mapped with Census 2020 ZCTA 95490 in Mendocino County.,,,,
95470 Redwood Valley,zcta,95470,Redwood Valley,39.2990232,-123.239243,581722,,2024-07-31,10,0,Zillow ZIP-level market for Redwood Valley; mapped with Census 2020 ZCTA 95470 in Mendocino County.,,,,
95428 Covelo,zcta,95428,Covelo,39.8248031,-123.1796086,312011,,2024-07-31,10,0,Zillow ZIP-level market for Covelo; mapped with Census 2020 ZCTA 95428 in Mendocino County.,,,,
95445 Gualala,zcta,95445,Gualala,38.8325203,-123.4725321,658565,,2024-07-31,10,0,Zillow ZIP-level market for Gualala; mapped with Census 2020 ZCTA 95445 in Mendocino County.,,,,
95454 Laytonville,zcta,95454,Laytonville,39.7840478,-123.4957895,393992,,2024-07-31,10,0,Zillow ZIP-level market for Laytonville; mapped with Census 2020 ZCTA 95454 in Mendocino County.,,,,
95460 Mendocino,zcta,95460,Mendocino,39.305245,-123.7486159,982912,,2024-07-31,10,0,Zillow ZIP-level market for Mendocino; mapped with Census 2020 ZCTA 95460 in Mendocino County.,,,,
95449 Hopland,zcta,95449,Hopland,38.9361372,-123.1194447,586252,,2024-07-31,10,0,Zillow ZIP-level market for Hopland; mapped with Census 2020 ZCTA 95449 in Mendocino County.,,,,
95410 Albion,zcta,95410,Albion,39.2349401,-123.6998535,712513,,2024-07-31,10,0,Zillow ZIP-level market for Albion; mapped with Census 2020 ZCTA 95410 in Mendocino County.,,,,
95456 Little River,zcta,95456,Little River,39.2588858,-123.7591643,776544,,2024-07-31,10,0,Zillow ZIP-level market for Little River; mapped with Census 2020 ZCTA 95456 in Mendocino County.,,,,
95459 Manchester,zcta,95459,Manchester,38.9766284,-123.6048542,723697,,2024-07-31,10,0,Zillow ZIP-level market for Manchester; mapped with Census 2020 ZCTA 95459 in Mendocino County.,,,,
95482 Ukiah,zcta,95482,Ukiah,39.1368043,-123.2610887,522750,,2024-08-31,10,0,Zillow ZIP-level market for Ukiah; mapped with Census 2020 ZCTA 95482 in Mendocino County.,,,,
95437 Fort Bragg,zcta,95437,Fort Bragg,39.443949,-123.68592,594704,,2024-08-31,10,0,Zillow ZIP-level market for Fort Bragg; mapped with Census 2020 ZCTA 95437 in Mendocino County.,,,,
95490 Willits,zcta,95490,Willits,39.4793198,-123.3481599,410406,,2024-08-31,10,0,Zillow ZIP-level market for Willits; mapped with Census 2020 ZCTA 95490 in Mendocino County.,,,,
95470 Redwood Valley,zcta,95470,Redwood Valley,39.2990232,-123.239243,578701,,2024-08-31,10,0,Zillow ZIP-level market for Redwood Valley; mapped with Census 2020 ZCTA 95470 in Mendocino County.,,,,
95428 Covelo,zcta,95428,Covelo,39.8248031,-123.1796086,308291,,2024-08-31,10,0,Zillow ZIP-level market for Covelo; mapped with Census 2020 ZCTA 95428 in Mendocino County.,,,,
95445 Gualala,zcta,95445,Gualala,38.8325203,-123.4725321,660321,,2024-08-31,10,0,Zillow ZIP-level market for Gualala; mapped with Census 2020 ZCTA 95445 in Mendocino County.,,,,
95454 Laytonville,zcta,95454,Laytonville,39.7840478,-123.4957895,392919,,2024-08-31,10,0,Zillow ZIP-level market for Laytonville; mapped with Census 2020 ZCTA 95454 in Mendocino County.,,,,
95460 Mendocino,zcta,95460,Mendocino,39.305245,-123.7486159,987026,,2024-08-31,10,0,Zillow ZIP-level market for Mendocino; mapped with Census 2020 ZCTA 95460 in Mendocino County.,,,,
95449 Hopland,zcta,95449,Hopland,38.9361372,-123.1194447,586094,,2024-08-31,10,0,Zillow ZIP-level market for Hopland; mapped with Census 2020 ZCTA 95449 in Mendocino County.,,,,
95410 Albion,zcta,95410,Albion,39.2349401,-123.6998535,710216,,2024-08-31,10,0,Zillow ZIP-level market for Albion; mapped with Census 2020 ZCTA 95410 in Mendocino County.,,,,
95456 Little River,zcta,95456,Little River,39.2588858,-123.7591643,783120,,2024-08-31,10,0,Zillow ZIP-level market for Little River; mapped with Census 2020 ZCTA 95456 in Mendocino County.,,,,
95459 Manchester,zcta,95459,Manchester,38.9766284,-123.6048542,722847,,2024-08-31,10,0,Zillow ZIP-level market for Manchester; mapped with Census 2020 ZCTA 95459 in Mendocino County.,,,,
95482 Ukiah,zcta,95482,Ukiah,39.1368043,-123.2610887,523766,,2024-09-30,10,0,Zillow ZIP-level market for Ukiah; mapped with Census 2020 ZCTA 95482 in Mendocino County.,,,,
95437 Fort Bragg,zcta,95437,Fort Bragg,39.443949,-123.68592,597276,,2024-09-30,10,0,Zillow ZIP-level market for Fort Bragg; mapped with Census 2020 ZCTA 95437 in Mendocino County.,,,,
95490 Willits,zcta,95490,Willits,39.4793198,-123.3481599,408279,,2024-09-30,10,0,Zillow ZIP-level market for Willits; mapped with Census 2020 ZCTA 95490 in Mendocino County.,,,,
95470 Redwood Valley,zcta,95470,Redwood Valley,39.2990232,-123.239243,575571,,2024-09-30,10,0,Zillow ZIP-level market for Redwood Valley; mapped with Census 2020 ZCTA 95470 in Mendocino County.,,,,
95428 Covelo,zcta,95428,Covelo,39.8248031,-123.1796086,306406,,2024-09-30,10,0,Zillow ZIP-level market for Covelo; mapped with Census 2020 ZCTA 95428 in Mendocino County.,,,,
95445 Gualala,zcta,95445,Gualala,38.8325203,-123.4725321,661156,,2024-09-30,10,0,Zillow ZIP-level market for Gualala; mapped with Census 2020 ZCTA 95445 in Mendocino County.,,,,
95454 Laytonville,zcta,95454,Laytonville,39.7840478,-123.4957895,392751,,2024-09-30,10,0,Zillow ZIP-level market for Laytonville; mapped with Census 2020 ZCTA 95454 in Mendocino County.,,,,
95460 Mendocino,zcta,95460,Mendocino,39.305245,-123.7486159,992647,,2024-09-30,10,0,Zillow ZIP-level market for Mendocino; mapped with Census 2020 ZCTA 95460 in Mendocino County.,,,,
95449 Hopland,zcta,95449,Hopland,38.9361372,-123.1194447,584547,,2024-09-30,10,0,Zillow ZIP-level market for Hopland; mapped with Census 2020 ZCTA 95449 in Mendocino County.,,,,
95410 Albion,zcta,95410,Albion,39.2349401,-123.6998535,709218,,2024-09-30,10,0,Zillow ZIP-level market for Albion; mapped with Census 2020 ZCTA 95410 in Mendocino County.,,,,
95456 Little River,zcta,95456,Little River,39.2588858,-123.7591643,788702,,2024-09-30,10,0,Zillow ZIP-level market for Little River; mapped with Census 2020 ZCTA 95456 in Mendocino County.,,,,
95459 Manchester,zcta,95459,Manchester,38.9766284,-123.6048542,722435,,2024-09-30,10,0,Zillow ZIP-level market for Manchester; mapped with Census 2020 ZCTA 95459 in Mendocino County.,,,,
95482 Ukiah,zcta,95482,Ukiah,39.1368043,-123.2610887,523858,,2024-10-31,10,0,Zillow ZIP-level market for Ukiah; mapped with Census 2020 ZCTA 95482 in Mendocino County.,,,,
95437 Fort Bragg,zcta,95437,Fort Bragg,39.443949,-123.68592,596278,,2024-10-31,10,0,Zillow ZIP-level market for Fort Bragg; mapped with Census 2020 ZCTA 95437 in Mendocino County.,,,,
95490 Willits,zcta,95490,Willits,39.4793198,-123.3481599,406293,,2024-10-31,10,0,Zillow ZIP-level market for Willits; mapped with Census 2020 ZCTA 95490 in Mendocino County.,,,,
95470 Redwood Valley,zcta,95470,Redwood Valley,39.2990232,-123.239243,574089,,2024-10-31,10,0,Zillow ZIP-level market for Redwood Valley; mapped with Census 2020 ZCTA 95470 in Mendocino County.,,,,
95428 Covelo,zcta,95428,Covelo,39.8248031,-123.1796086,304639,,2024-10-31,10,0,Zillow ZIP-level market for Covelo; mapped with Census 2020 ZCTA 95428 in Mendocino County.,,,,
95445 Gualala,zcta,95445,Gualala,38.8325203,-123.4725321,660603,,2024-10-31,10,0,Zillow ZIP-level market for Gualala; mapped with Census 2020 ZCTA 95445 in Mendocino County.,,,,
95454 Laytonville,zcta,95454,Laytonville,39.7840478,-123.4957895,390659,,2024-10-31,10,0,Zillow ZIP-level market for Laytonville; mapped with Census 2020 ZCTA 95454 in Mendocino County.,,,,
95460 Mendocino,zcta,95460,Mendocino,39.305245,-123.7486159,992218,,2024-10-31,10,0,Zillow ZIP-level market for Mendocino; mapped with Census 2020 ZCTA 95460 in Mendocino County.,,,,
95449 Hopland,zcta,95449,Hopland,38.9361372,-123.1194447,581608,,2024-10-31,10,0,Zillow ZIP-level market for Hopland; mapped with Census 2020 ZCTA 95449 in Mendocino County.,,,,
95410 Albion,zcta,95410,Albion,39.2349401,-123.6998535,706449,,2024-10-31,10,0,Zillow ZIP-level market for Albion; mapped with Census 2020 ZCTA 95410 in Mendocino County.,,,,
95456 Little River,zcta,95456,Little River,39.2588858,-123.7591643,790632,,2024-10-31,10,0,Zillow ZIP-level market for Little River; mapped with Census 2020 ZCTA 95456 in Mendocino County.,,,,
95459 Manchester,zcta,95459,Manchester,38.9766284,-123.6048542,721214,,2024-10-31,10,0,Zillow ZIP-level market for Manchester; mapped with Census 2020 ZCTA 95459 in Mendocino County.,,,,
95482 Ukiah,zcta,95482,Ukiah,39.1368043,-123.2610887,522124,,2024-11-30,10,0,Zillow ZIP-level market for Ukiah; mapped with Census 2020 ZCTA 95482 in Mendocino County.,,,,
95437 Fort Bragg,zcta,95437,Fort Bragg,39.443949,-123.68592,590921,,2024-11-30,10,0,Zillow ZIP-level market for Fort Bragg; mapped with Census 2020 ZCTA 95437 in Mendocino County.,,,,
95490 Willits,zcta,95490,Willits,39.4793198,-123.3481599,401271,,2024-11-30,10,0,Zillow ZIP-level market for Willits; mapped with Census 2020 ZCTA 95490 in Mendocino County.,,,,
95470 Redwood Valley,zcta,95470,Redwood Valley,39.2990232,-123.239243,572348,,2024-11-30,10,0,Zillow ZIP-level market for Redwood Valley; mapped with Census 2020 ZCTA 95470 in Mendocino County.,,,,
95428 Covelo,zcta,95428,Covelo,39.8248031,-123.1796086,302888,,2024-11-30,10,0,Zillow ZIP-level market for Covelo; mapped with Census 2020 ZCTA 95428 in Mendocino County.,,,,
95445 Gualala,zcta,95445,Gualala,38.8325203,-123.4725321,656491,,2024-11-30,10,0,Zillow ZIP-level market for Gualala; mapped with Census 2020 ZCTA 95445 in Mendocino County.,,,,
95454 Laytonville,zcta,95454,Laytonville,39.7840478,-123.4957895,385022,,2024-11-30,10,0,Zillow ZIP-level market for Laytonville; mapped with Census 2020 ZCTA 95454 in Mendocino County.,,,,
95460 Mendocino,zcta,95460,Mendocino,39.305245,-123.7486159,982159,,2024-11-30,10,0,Zillow ZIP-level market for Mendocino; mapped with Census 2020 ZCTA 95460 in Mendocino County.,,,,
95449 Hopland,zcta,95449,Hopland,38.9361372,-123.1194447,576994,,2024-11-30,10,0,Zillow ZIP-level market for Hopland; mapped with Census 2020 ZCTA 95449 in Mendocino County.,,,,
95410 Albion,zcta,95410,Albion,39.2349401,-123.6998535,699461,,2024-11-30,10,0,Zillow ZIP-level market for Albion; mapped with Census 2020 ZCTA 95410 in Mendocino County.,,,,
95456 Little River,zcta,95456,Little River,39.2588858,-123.7591643,785172,,2024-11-30,10,0,Zillow ZIP-level market for Little River; mapped with Census 2020 ZCTA 95456 in Mendocino County.,,,,
95459 Manchester,zcta,95459,Manchester,38.9766284,-123.6048542,716732,,2024-11-30,10,0,Zillow ZIP-level market for Manchester; mapped with Census 2020 ZCTA 95459 in Mendocino County.,,,,
95482 Ukiah,zcta,95482,Ukiah,39.1368043,-123.2610887,518084,,2024-12-31,10,0,Zillow ZIP-level market for Ukiah; mapped with Census 2020 ZCTA 95482 in Mendocino County.,,,,
95437 Fort Bragg,zcta,95437,Fort Bragg,39.443949,-123.68592,581490,,2024-12-31,10,0,Zillow ZIP-level market for Fort Bragg; mapped with Census 2020 ZCTA 95437 in Mendocino County.,,,,
95490 Willits,zcta,95490,Willits,39.4793198,-123.3481599,393538,,2024-12-31,10,0,Zillow ZIP-level market for Willits; mapped with Census 2020 ZCTA 95490 in Mendocino County.,,,,
95470 Redwood Valley,zcta,95470,Redwood Valley,39.2990232,-123.239243,569659,,2024-12-31,10,0,Zillow ZIP-level market for Redwood Valley; mapped with Census 2020 ZCTA 95470 in Mendocino County.,,,,
95428 Covelo,zcta,95428,Covelo,39.8248031,-123.1796086,299647,,2024-12-31,10,0,Zillow ZIP-level market for Covelo; mapped with Census 2020 ZCTA 95428 in Mendocino County.,,,,
95445 Gualala,zcta,95445,Gualala,38.8325203,-123.4725321,651002,,2024-12-31,10,0,Zillow ZIP-level market for Gualala; mapped with Census 2020 ZCTA 95445 in Mendocino County.,,,,
95454 Laytonville,zcta,95454,Laytonville,39.7840478,-123.4957895,376793,,2024-12-31,10,0,Zillow ZIP-level market for Laytonville; mapped with Census 2020 ZCTA 95454 in Mendocino County.,,,,
95460 Mendocino,zcta,95460,Mendocino,39.305245,-123.7486159,965761,,2024-12-31,10,0,Zillow ZIP-level market for Mendocino; mapped with Census 2020 ZCTA 95460 in Mendocino County.,,,,
95449 Hopland,zcta,95449,Hopland,38.9361372,-123.1194447,572783,,2024-12-31,10,0,Zillow ZIP-level market for Hopland; mapped with Census 2020 ZCTA 95449 in Mendocino County.,,,,
95410 Albion,zcta,95410,Albion,39.2349401,-123.6998535,689502,,2024-12-31,10,0,Zillow ZIP-level market for Albion; mapped with Census 2020 ZCTA 95410 in Mendocino County.,,,,
95456 Little River,zcta,95456,Little River,39.2588858,-123.7591643,776833,,2024-12-31,10,0,Zillow ZIP-level market for Little River; mapped with Census 2020 ZCTA 95456 in Mendocino County.,,,,
95459 Manchester,zcta,95459,Manchester,38.9766284,-123.6048542,709766,,2024-12-31,10,0,Zillow ZIP-level market for Manchester; mapped with Census 2020 ZCTA 95459 in Mendocino County.,,,,
95482 Ukiah,zcta,95482,Ukiah,39.1368043,-123.2610887,513159,1846,2025-01-31,10,0,Zillow ZIP-level market for Ukiah; mapped with Census 2020 ZCTA 95482 in Mendocino County.,,1846,Zillow ZORI,
95437 Fort Bragg,zcta,95437,Fort Bragg,39.443949,-123.68592,574453,,2025-01-31,10,0,Zillow ZIP-level market for Fort Bragg; mapped with Census 2020 ZCTA 95437 in Mendocino County.,,,,
95490 Willits,zcta,95490,Willits,39.4793198,-123.3481599,386099,,2025-01-31,10,0,Zillow ZIP-level market for Willits; mapped with Census 2020 ZCTA 95490 in Mendocino County.,,,,
95470 Redwood Valley,zcta,95470,Redwood Valley,39.2990232,-123.239243,567717,,2025-01-31,10,0,Zillow ZIP-level market for Redwood Valley; mapped with Census 2020 ZCTA 95470 in Mendocino County.,,,,
95428 Covelo,zcta,95428,Covelo,39.8248031,-123.1796086,294935,,2025-01-31,10,0,Zillow ZIP-level market for Covelo; mapped with Census 2020 ZCTA 95428 in Mendocino County.,,,,
95445 Gualala,zcta,95445,Gualala,38.8325203,-123.4725321,647191,,2025-01-31,10,0,Zillow ZIP-level market for Gualala; mapped with Census 2020 ZCTA 95445 in Mendocino County.,,,,
95454 Laytonville,zcta,95454,Laytonville,39.7840478,-123.4957895,369040,,2025-01-31,10,0,Zillow ZIP-level market for Laytonville; mapped with Census 2020 ZCTA 95454 in Mendocino County.,,,,
95460 Mendocino,zcta,95460,Mendocino,39.305245,-123.7486159,953522,,2025-01-31,10,0,Zillow ZIP-level market for Mendocino; mapped with Census 2020 ZCTA 95460 in Mendocino County.,,,,
95449 Hopland,zcta,95449,Hopland,38.9361372,-123.1194447,570516,,2025-01-31,10,0,Zillow ZIP-level market for Hopland; mapped with Census 2020 ZCTA 95449 in Mendocino County.,,,,
95410 Albion,zcta,95410,Albion,39.2349401,-123.6998535,682920,,2025-01-31,10,0,Zillow ZIP-level market for Albion; mapped with Census 2020 ZCTA 95410 in Mendocino County.,,,,
95456 Little River,zcta,95456,Little River,39.2588858,-123.7591643,770024,,2025-01-31,10,0,Zillow ZIP-level market for Little River; mapped with Census 2020 ZCTA 95456 in Mendocino County.,,,,
95459 Manchester,zcta,95459,Manchester,38.9766284,-123.6048542,702820,,2025-01-31,10,0,Zillow ZIP-level market for Manchester; mapped with Census 2020 ZCTA 95459 in Mendocino County.,,,,
95482 Ukiah,zcta,95482,Ukiah,39.1368043,-123.2610887,508470,1847,2025-02-28,10,0,Zillow ZIP-level market for Ukiah; mapped with Census 2020 ZCTA 95482 in Mendocino County.,,1847,Zillow ZORI,
95437 Fort Bragg,zcta,95437,Fort Bragg,39.443949,-123.68592,568547,,2025-02-28,10,0,Zillow ZIP-level market for Fort Bragg; mapped with Census 2020 ZCTA 95437 in Mendocino County.,,,,
95490 Willits,zcta,95490,Willits,39.4793198,-123.3481599,380895,,2025-02-28,10,0,Zillow ZIP-level market for Willits; mapped with Census 2020 ZCTA 95490 in Mendocino County.,,,,
95470 Redwood Valley,zcta,95470,Redwood Valley,39.2990232,-123.239243,565544,,2025-02-28,10,0,Zillow ZIP-level market for Redwood Valley; mapped with Census 2020 ZCTA 95470 in Mendocino County.,,,,
95428 Covelo,zcta,95428,Covelo,39.8248031,-123.1796086,291683,,2025-02-28,10,0,Zillow ZIP-level market for Covelo; mapped with Census 2020 ZCTA 95428 in Mendocino County.,,,,
95445 Gualala,zcta,95445,Gualala,38.8325203,-123.4725321,645427,,2025-02-28,10,0,Zillow ZIP-level market for Gualala; mapped with Census 2020 ZCTA 95445 in Mendocino County.,,,,
95454 Laytonville,zcta,95454,Laytonville,39.7840478,-123.4957895,363976,,2025-02-28,10,0,Zillow ZIP-level market for Laytonville; mapped with Census 2020 ZCTA 95454 in Mendocino County.,,,,
95460 Mendocino,zcta,95460,Mendocino,39.305245,-123.7486159,945054,,2025-02-28,10,0,Zillow ZIP-level market for Mendocino; mapped with Census 2020 ZCTA 95460 in Mendocino County.,,,,
95449 Hopland,zcta,95449,Hopland,38.9361372,-123.1194447,567662,,2025-02-28,10,0,Zillow ZIP-level market for Hopland; mapped with Census 2020 ZCTA 95449 in Mendocino County.,,,,
95410 Albion,zcta,95410,Albion,39.2349401,-123.6998535,679344,,2025-02-28,10,0,Zillow ZIP-level market for Albion; mapped with Census 2020 ZCTA 95410 in Mendocino County.,,,,
95456 Little River,zcta,95456,Little River,39.2588858,-123.7591643,764445,,2025-02-28,10,0,Zillow ZIP-level market for Little River; mapped with Census 2020 ZCTA 95456 in Mendocino County.,,,,
95459 Manchester,zcta,95459,Manchester,38.9766284,-123.6048542,693894,,2025-02-28,10,0,Zillow ZIP-level market for Manchester; mapped with Census 2020 ZCTA 95459 in Mendocino County.,,,,
95482 Ukiah,zcta,95482,Ukiah,39.1368043,-123.2610887,504457,1890,2025-03-31,10,0,Zillow ZIP-level market for Ukiah; mapped with Census 2020 ZCTA 95482 in Mendocino County.,,1890,Zillow ZORI,
95437 Fort Bragg,zcta,95437,Fort Bragg,39.443949,-123.68592,563637,,2025-03-31,10,0,Zillow ZIP-level market for Fort Bragg; mapped with Census 2020 ZCTA 95437 in Mendocino County.,,,,
95490 Willits,zcta,95490,Willits,39.4793198,-123.3481599,377450,,2025-03-31,10,0,Zillow ZIP-level market for Willits; mapped with Census 2020 ZCTA 95490 in Mendocino County.,,,,
95470 Redwood Valley,zcta,95470,Redwood Valley,39.2990232,-123.239243,563997,,2025-03-31,10,0,Zillow ZIP-level market for Redwood Valley; mapped with Census 2020 ZCTA 95470 in Mendocino County.,,,,
95428 Covelo,zcta,95428,Covelo,39.8248031,-123.1796086,289025,,2025-03-31,10,0,Zillow ZIP-level market for Covelo; mapped with Census 2020 ZCTA 95428 in Mendocino County.,,,,
95445 Gualala,zcta,95445,Gualala,38.8325203,-123.4725321,643311,,2025-03-31,10,0,Zillow ZIP-level market for Gualala; mapped with Census 2020 ZCTA 95445 in Mendocino County.,,,,
95454 Laytonville,zcta,95454,Laytonville,39.7840478,-123.4957895,360606,,2025-03-31,10,0,Zillow ZIP-level market for Laytonville; mapped with Census 2020 ZCTA 95454 in Mendocino County.,,,,
95460 Mendocino,zcta,95460,Mendocino,39.305245,-123.7486159,937487,,2025-03-31,10,0,Zillow ZIP-level market for Mendocino; mapped with Census 2020 ZCTA 95460 in Mendocino County.,,,,
95449 Hopland,zcta,95449,Hopland,38.9361372,-123.1194447,563993,,2025-03-31,10,0,Zillow ZIP-level market for Hopland; mapped with Census 2020 ZCTA 95449 in Mendocino County.,,,,
95410 Albion,zcta,95410,Albion,39.2349401,-123.6998535,674665,,2025-03-31,10,0,Zillow ZIP-level market for Albion; mapped with Census 2020 ZCTA 95410 in Mendocino County.,,,,
95456 Little River,zcta,95456,Little River,39.2588858,-123.7591643,756943,,2025-03-31,10,0,Zillow ZIP-level market for Little River; mapped with Census 2020 ZCTA 95456 in Mendocino County.,,,,
95459 Manchester,zcta,95459,Manchester,38.9766284,-123.6048542,687352,,2025-03-31,10,0,Zillow ZIP-level market for Manchester; mapped with Census 2020 ZCTA 95459 in Mendocino County.,,,,
95482 Ukiah,zcta,95482,Ukiah,39.1368043,-123.2610887,502119,1862,2025-04-30,10,0,Zillow ZIP-level market for Ukiah; mapped with Census 2020 ZCTA 95482 in Mendocino County.,,1862,Zillow ZORI,
95437 Fort Bragg,zcta,95437,Fort Bragg,39.443949,-123.68592,561565,,2025-04-30,10,0,Zillow ZIP-level market for Fort Bragg; mapped with Census 2020 ZCTA 95437 in Mendocino County.,,,,
95490 Willits,zcta,95490,Willits,39.4793198,-123.3481599,374787,,2025-04-30,10,0,Zillow ZIP-level market for Willits; mapped with Census 2020 ZCTA 95490 in Mendocino County.,,,,
95470 Redwood Valley,zcta,95470,Redwood Valley,39.2990232,-123.239243,562897,,2025-04-30,10,0,Zillow ZIP-level market for Redwood Valley; mapped with Census 2020 ZCTA 95470 in Mendocino County.,,,,
95428 Covelo,zcta,95428,Covelo,39.8248031,-123.1796086,288003,,2025-04-30,10,0,Zillow ZIP-level market for Covelo; mapped with Census 2020 ZCTA 95428 in Mendocino County.,,,,
95445 Gualala,zcta,95445,Gualala,38.8325203,-123.4725321,642265,,2025-04-30,10,0,Zillow ZIP-level market for Gualala; mapped with Census 2020 ZCTA 95445 in Mendocino County.,,,,
95454 Laytonville,zcta,95454,Laytonville,39.7840478,-123.4957895,357840,,2025-04-30,10,0,Zillow ZIP-level market for Laytonville; mapped with Census 2020 ZCTA 95454 in Mendocino County.,,,,
95460 Mendocino,zcta,95460,Mendocino,39.305245,-123.7486159,930057,,2025-04-30,10,0,Zillow ZIP-level market for Mendocino; mapped with Census 2020 ZCTA 95460 in Mendocino County.,,,,
95449 Hopland,zcta,95449,Hopland,38.9361372,-123.1194447,560191,,2025-04-30,10,0,Zillow ZIP-level market for Hopland; mapped with Census 2020 ZCTA 95449 in Mendocino County.,,,,
95410 Albion,zcta,95410,Albion,39.2349401,-123.6998535,672329,,2025-04-30,10,0,Zillow ZIP-level market for Albion; mapped with Census 2020 ZCTA 95410 in Mendocino County.,,,,
95456 Little River,zcta,95456,Little River,39.2588858,-123.7591643,750910,,2025-04-30,10,0,Zillow ZIP-level market for Little River; mapped with Census 2020 ZCTA 95456 in Mendocino County.,,,,
95459 Manchester,zcta,95459,Manchester,38.9766284,-123.6048542,682259,,2025-04-30,10,0,Zillow ZIP-level market for Manchester; mapped with Census 2020 ZCTA 95459 in Mendocino County.,,,,
95482 Ukiah,zcta,95482,Ukiah,39.1368043,-123.2610887,498460,1844,2025-05-31,10,0,Zillow ZIP-level market for Ukiah; mapped with Census 2020 ZCTA 95482 in Mendocino County.,,1844,Zillow ZORI,
95437 Fort Bragg,zcta,95437,Fort Bragg,39.443949,-123.68592,559281,,2025-05-31,10,0,Zillow ZIP-level market for Fort Bragg; mapped with Census 2020 ZCTA 95437 in Mendocino County.,,,,
95490 Willits,zcta,95490,Willits,39.4793198,-123.3481599,371240,,2025-05-31,10,0,Zillow ZIP-level market for Willits; mapped with Census 2020 ZCTA 95490 in Mendocino County.,,,,
95470 Redwood Valley,zcta,95470,Redwood Valley,39.2990232,-123.239243,562139,,2025-05-31,10,0,Zillow ZIP-level market for Redwood Valley; mapped with Census 2020 ZCTA 95470 in Mendocino County.,,,,
95428 Covelo,zcta,95428,Covelo,39.8248031,-123.1796086,285000,,2025-05-31,10,0,Zillow ZIP-level market for Covelo; mapped with Census 2020 ZCTA 95428 in Mendocino County.,,,,
95445 Gualala,zcta,95445,Gualala,38.8325203,-123.4725321,640261,,2025-05-31,10,0,Zillow ZIP-level market for Gualala; mapped with Census 2020 ZCTA 95445 in Mendocino County.,,,,
95454 Laytonville,zcta,95454,Laytonville,39.7840478,-123.4957895,353944,,2025-05-31,10,0,Zillow ZIP-level market for Laytonville; mapped with Census 2020 ZCTA 95454 in Mendocino County.,,,,
95460 Mendocino,zcta,95460,Mendocino,39.305245,-123.7486159,921236,,2025-05-31,10,0,Zillow ZIP-level market for Mendocino; mapped with Census 2020 ZCTA 95460 in Mendocino County.,,,,
95449 Hopland,zcta,95449,Hopland,38.9361372,-123.1194447,555229,,2025-05-31,10,0,Zillow ZIP-level market for Hopland; mapped with Census 2020 ZCTA 95449 in Mendocino County.,,,,
95410 Albion,zcta,95410,Albion,39.2349401,-123.6998535,670112,,2025-05-31,10,0,Zillow ZIP-level market for Albion; mapped with Census 2020 ZCTA 95410 in Mendocino County.,,,,
95456 Little River,zcta,95456,Little River,39.2588858,-123.7591643,745379,,2025-05-31,10,0,Zillow ZIP-level market for Little River; mapped with Census 2020 ZCTA 95456 in Mendocino County.,,,,
95459 Manchester,zcta,95459,Manchester,38.9766284,-123.6048542,679205,,2025-05-31,10,0,Zillow ZIP-level market for Manchester; mapped with Census 2020 ZCTA 95459 in Mendocino County.,,,,
95482 Ukiah,zcta,95482,Ukiah,39.1368043,-123.2610887,495075,1852,2025-06-30,10,0,Zillow ZIP-level market for Ukiah; mapped with Census 2020 ZCTA 95482 in Mendocino County.,,1852,Zillow ZORI,
95437 Fort Bragg,zcta,95437,Fort Bragg,39.443949,-123.68592,558664,,2025-06-30,10,0,Zillow ZIP-level market for Fort Bragg; mapped with Census 2020 ZCTA 95437 in Mendocino County.,,,,
95490 Willits,zcta,95490,Willits,39.4793198,-123.3481599,368408,,2025-06-30,10,0,Zillow ZIP-level market for Willits; mapped with Census 2020 ZCTA 95490 in Mendocino County.,,,,
95470 Redwood Valley,zcta,95470,Redwood Valley,39.2990232,-123.239243,561330,,2025-06-30,10,0,Zillow ZIP-level market for Redwood Valley; mapped with Census 2020 ZCTA 95470 in Mendocino County.,,,,
95428 Covelo,zcta,95428,Covelo,39.8248031,-123.1796086,281811,,2025-06-30,10,0,Zillow ZIP-level market for Covelo; mapped with Census 2020 ZCTA 95428 in Mendocino County.,,,,
95445 Gualala,zcta,95445,Gualala,38.8325203,-123.4725321,638931,,2025-06-30,10,0,Zillow ZIP-level market for Gualala; mapped with Census 2020 ZCTA 95445 in Mendocino County.,,,,
95454 Laytonville,zcta,95454,Laytonville,39.7840478,-123.4957895,350546,,2025-06-30,10,0,Zillow ZIP-level market for Laytonville; mapped with Census 2020 ZCTA 95454 in Mendocino County.,,,,
95460 Mendocino,zcta,95460,Mendocino,39.305245,-123.7486159,912727,,2025-06-30,10,0,Zillow ZIP-level market for Mendocino; mapped with Census 2020 ZCTA 95460 in Mendocino County.,,,,
95449 Hopland,zcta,95449,Hopland,38.9361372,-123.1194447,553185,,2025-06-30,10,0,Zillow ZIP-level market for Hopland; mapped with Census 2020 ZCTA 95449 in Mendocino County.,,,,
95410 Albion,zcta,95410,Albion,39.2349401,-123.6998535,670397,,2025-06-30,10,0,Zillow ZIP-level market for Albion; mapped with Census 2020 ZCTA 95410 in Mendocino County.,,,,
95456 Little River,zcta,95456,Little River,39.2588858,-123.7591643,740304,,2025-06-30,10,0,Zillow ZIP-level market for Little River; mapped with Census 2020 ZCTA 95456 in Mendocino County.,,,,
95459 Manchester,zcta,95459,Manchester,38.9766284,-123.6048542,674476,,2025-06-30,10,0,Zillow ZIP-level market for Manchester; mapped with Census 2020 ZCTA 95459 in Mendocino County.,,,,
95482 Ukiah,zcta,95482,Ukiah,39.1368043,-123.2610887,491079,1883,2025-07-31,10,0,Zillow ZIP-level market for Ukiah; mapped with Census 2020 ZCTA 95482 in Mendocino County.,,1883,Zillow ZORI,
95437 Fort Bragg,zcta,95437,Fort Bragg,39.443949,-123.68592,557089,,2025-07-31,10,0,Zillow ZIP-level market for Fort Bragg; mapped with Census 2020 ZCTA 95437 in Mendocino County.,,,,
95490 Willits,zcta,95490,Willits,39.4793198,-123.3481599,366347,,2025-07-31,10,0,Zillow ZIP-level market for Willits; mapped with Census 2020 ZCTA 95490 in Mendocino County.,,,,
95470 Redwood Valley,zcta,95470,Redwood Valley,39.2990232,-123.239243,557998,,2025-07-31,10,0,Zillow ZIP-level market for Redwood Valley; mapped with Census 2020 ZCTA 95470 in Mendocino County.,,,,
95428 Covelo,zcta,95428,Covelo,39.8248031,-123.1796086,279388,,2025-07-31,10,0,Zillow ZIP-level market for Covelo; mapped with Census 2020 ZCTA 95428 in Mendocino County.,,,,
95445 Gualala,zcta,95445,Gualala,38.8325203,-123.4725321,637742,,2025-07-31,10,0,Zillow ZIP-level market for Gualala; mapped with Census 2020 ZCTA 95445 in Mendocino County.,,,,
95454 Laytonville,zcta,95454,Laytonville,39.7840478,-123.4957895,347856,,2025-07-31,10,0,Zillow ZIP-level market for Laytonville; mapped with Census 2020 ZCTA 95454 in Mendocino County.,,,,
95460 Mendocino,zcta,95460,Mendocino,39.305245,-123.7486159,906777,,2025-07-31,10,0,Zillow ZIP-level market for Mendocino; mapped with Census 2020 ZCTA 95460 in Mendocino County.,,,,
95449 Hopland,zcta,95449,Hopland,38.9361372,-123.1194447,552712,,2025-07-31,10,0,Zillow ZIP-level market for Hopland; mapped with Census 2020 ZCTA 95449 in Mendocino County.,,,,
95410 Albion,zcta,95410,Albion,39.2349401,-123.6998535,668997,,2025-07-31,10,0,Zillow ZIP-level market for Albion; mapped with Census 2020 ZCTA 95410 in Mendocino County.,,,,
95456 Little River,zcta,95456,Little River,39.2588858,-123.7591643,736630,,2025-07-31,10,0,Zillow ZIP-level market for Little River; mapped with Census 2020 ZCTA 95456 in Mendocino County.,,,,
95459 Manchester,zcta,95459,Manchester,38.9766284,-123.6048542,668258,,2025-07-31,10,0,Zillow ZIP-level market for Manchester; mapped with Census 2020 ZCTA 95459 in Mendocino County.,,,,
95482 Ukiah,zcta,95482,Ukiah,39.1368043,-123.2610887,488170,1872,2025-08-31,10,0,Zillow ZIP-level market for Ukiah; mapped with Census 2020 ZCTA 95482 in Mendocino County.,,1872,Zillow ZORI,
95437 Fort Bragg,zcta,95437,Fort Bragg,39.443949,-123.68592,557890,,2025-08-31,10,0,Zillow ZIP-level market for Fort Bragg; mapped with Census 2020 ZCTA 95437 in Mendocino County.,,,,
95490 Willits,zcta,95490,Willits,39.4793198,-123.3481599,364520,,2025-08-31,10,0,Zillow ZIP-level market for Willits; mapped with Census 2020 ZCTA 95490 in Mendocino County.,,,,
95470 Redwood Valley,zcta,95470,Redwood Valley,39.2990232,-123.239243,553783,,2025-08-31,10,0,Zillow ZIP-level market for Redwood Valley; mapped with Census 2020 ZCTA 95470 in Mendocino County.,,,,
95428 Covelo,zcta,95428,Covelo,39.8248031,-123.1796086,277145,,2025-08-31,10,0,Zillow ZIP-level market for Covelo; mapped with Census 2020 ZCTA 95428 in Mendocino County.,,,,
95445 Gualala,zcta,95445,Gualala,38.8325203,-123.4725321,637867,,2025-08-31,10,0,Zillow ZIP-level market for Gualala; mapped with Census 2020 ZCTA 95445 in Mendocino County.,,,,
95454 Laytonville,zcta,95454,Laytonville,39.7840478,-123.4957895,345676,,2025-08-31,10,0,Zillow ZIP-level market for Laytonville; mapped with Census 2020 ZCTA 95454 in Mendocino County.,,,,
95460 Mendocino,zcta,95460,Mendocino,39.305245,-123.7486159,907583,,2025-08-31,10,0,Zillow ZIP-level market for Mendocino; mapped with Census 2020 ZCTA 95460 in Mendocino County.,,,,
95449 Hopland,zcta,95449,Hopland,38.9361372,-123.1194447,555026,,2025-08-31,10,0,Zillow ZIP-level market for Hopland; mapped with Census 2020 ZCTA 95449 in Mendocino County.,,,,
95410 Albion,zcta,95410,Albion,39.2349401,-123.6998535,668518,,2025-08-31,10,0,Zillow ZIP-level market for Albion; mapped with Census 2020 ZCTA 95410 in Mendocino County.,,,,
95456 Little River,zcta,95456,Little River,39.2588858,-123.7591643,737897,,2025-08-31,10,0,Zillow ZIP-level market for Little River; mapped with Census 2020 ZCTA 95456 in Mendocino County.,,,,
95459 Manchester,zcta,95459,Manchester,38.9766284,-123.6048542,662838,,2025-08-31,10,0,Zillow ZIP-level market for Manchester; mapped with Census 2020 ZCTA 95459 in Mendocino County.,,,,
95482 Ukiah,zcta,95482,Ukiah,39.1368043,-123.2610887,485873,1876,2025-09-30,10,0,Zillow ZIP-level market for Ukiah; mapped with Census 2020 ZCTA 95482 in Mendocino County.,,1876,Zillow ZORI,
95437 Fort Bragg,zcta,95437,Fort Bragg,39.443949,-123.68592,559869,,2025-09-30,10,0,Zillow ZIP-level market for Fort Bragg; mapped with Census 2020 ZCTA 95437 in Mendocino County.,,,,
95490 Willits,zcta,95490,Willits,39.4793198,-123.3481599,362328,,2025-09-30,10,0,Zillow ZIP-level market for Willits; mapped with Census 2020 ZCTA 95490 in Mendocino County.,,,,
95470 Redwood Valley,zcta,95470,Redwood Valley,39.2990232,-123.239243,549680,,2025-09-30,10,0,Zillow ZIP-level market for Redwood Valley; mapped with Census 2020 ZCTA 95470 in Mendocino County.,,,,
95428 Covelo,zcta,95428,Covelo,39.8248031,-123.1796086,275104,,2025-09-30,10,0,Zillow ZIP-level market for Covelo; mapped with Census 2020 ZCTA 95428 in Mendocino County.,,,,
95445 Gualala,zcta,95445,Gualala,38.8325203,-123.4725321,639120,,2025-09-30,10,0,Zillow ZIP-level market for Gualala; mapped with Census 2020 ZCTA 95445 in Mendocino County.,,,,
95454 Laytonville,zcta,95454,Laytonville,39.7840478,-123.4957895,341817,,2025-09-30,10,0,Zillow ZIP-level market for Laytonville; mapped with Census 2020 ZCTA 95454 in Mendocino County.,,,,
95460 Mendocino,zcta,95460,Mendocino,39.305245,-123.7486159,912991,,2025-09-30,10,0,Zillow ZIP-level market for Mendocino; mapped with Census 2020 ZCTA 95460 in Mendocino County.,,,,
95449 Hopland,zcta,95449,Hopland,38.9361372,-123.1194447,555628,,2025-09-30,10,0,Zillow ZIP-level market for Hopland; mapped with Census 2020 ZCTA 95449 in Mendocino County.,,,,
95410 Albion,zcta,95410,Albion,39.2349401,-123.6998535,667175,,2025-09-30,10,0,Zillow ZIP-level market for Albion; mapped with Census 2020 ZCTA 95410 in Mendocino County.,,,,
95456 Little River,zcta,95456,Little River,39.2588858,-123.7591643,743874,,2025-09-30,10,0,Zillow ZIP-level market for Little River; mapped with Census 2020 ZCTA 95456 in Mendocino County.,,,,
95459 Manchester,zcta,95459,Manchester,38.9766284,-123.6048542,659338,,2025-09-30,10,0,Zillow ZIP-level market for Manchester; mapped with Census 2020 ZCTA 95459 in Mendocino County.,,,,
95482 Ukiah,zcta,95482,Ukiah,39.1368043,-123.2610887,484408,1885,2025-10-31,10,0,Zillow ZIP-level market for Ukiah; mapped with Census 2020 ZCTA 95482 in Mendocino County.,,1885,Zillow ZORI,
95437 Fort Bragg,zcta,95437,Fort Bragg,39.443949,-123.68592,562347,,2025-10-31,10,0,Zillow ZIP-level market for Fort Bragg; mapped with Census 2020 ZCTA 95437 in Mendocino County.,,,,
95490 Willits,zcta,95490,Willits,39.4793198,-123.3481599,359986,,2025-10-31,10,0,Zillow ZIP-level market for Willits; mapped with Census 2020 ZCTA 95490 in Mendocino County.,,,,
95470 Redwood Valley,zcta,95470,Redwood Valley,39.2990232,-123.239243,549091,,2025-10-31,10,0,Zillow ZIP-level market for Redwood Valley; mapped with Census 2020 ZCTA 95470 in Mendocino County.,,,,
95428 Covelo,zcta,95428,Covelo,39.8248031,-123.1796086,273733,,2025-10-31,10,0,Zillow ZIP-level market for Covelo; mapped with Census 2020 ZCTA 95428 in Mendocino County.,,,,
95445 Gualala,zcta,95445,Gualala,38.8325203,-123.4725321,639335,,2025-10-31,10,0,Zillow ZIP-level market for Gualala; mapped with Census 2020 ZCTA 95445 in Mendocino County.,,,,
95454 Laytonville,zcta,95454,Laytonville,39.7840478,-123.4957895,337985,,2025-10-31,10,0,Zillow ZIP-level market for Laytonville; mapped with Census 2020 ZCTA 95454 in Mendocino County.,,,,
95460 Mendocino,zcta,95460,Mendocino,39.305245,-123.7486159,917562,,2025-10-31,10,0,Zillow ZIP-level market for Mendocino; mapped with Census 2020 ZCTA 95460 in Mendocino County.,,,,
95449 Hopland,zcta,95449,Hopland,38.9361372,-123.1194447,554994,,2025-10-31,10,0,Zillow ZIP-level market for Hopland; mapped with Census 2020 ZCTA 95449 in Mendocino County.,,,,
95410 Albion,zcta,95410,Albion,39.2349401,-123.6998535,664042,,2025-10-31,10,0,Zillow ZIP-level market for Albion; mapped with Census 2020 ZCTA 95410 in Mendocino County.,,,,
95456 Little River,zcta,95456,Little River,39.2588858,-123.7591643,750088,,2025-10-31,10,0,Zillow ZIP-level market for Little River; mapped with Census 2020 ZCTA 95456 in Mendocino County.,,,,
95459 Manchester,zcta,95459,Manchester,38.9766284,-123.6048542,658487,,2025-10-31,10,0,Zillow ZIP-level market for Manchester; mapped with Census 2020 ZCTA 95459 in Mendocino County.,,,,
95482 Ukiah,zcta,95482,Ukiah,39.1368043,-123.2610887,484307,1923,2025-11-30,10,0,Zillow ZIP-level market for Ukiah; mapped with Census 2020 ZCTA 95482 in Mendocino County.,,1923,Zillow ZORI,
95437 Fort Bragg,zcta,95437,Fort Bragg,39.443949,-123.68592,564839,,2025-11-30,10,0,Zillow ZIP-level market for Fort Bragg; mapped with Census 2020 ZCTA 95437 in Mendocino County.,,,,
95490 Willits,zcta,95490,Willits,39.4793198,-123.3481599,358202,,2025-11-30,10,0,Zillow ZIP-level market for Willits; mapped with Census 2020 ZCTA 95490 in Mendocino County.,,,,
95470 Redwood Valley,zcta,95470,Redwood Valley,39.2990232,-123.239243,549502,,2025-11-30,10,0,Zillow ZIP-level market for Redwood Valley; mapped with Census 2020 ZCTA 95470 in Mendocino County.,,,,
95428 Covelo,zcta,95428,Covelo,39.8248031,-123.1796086,273338,,2025-11-30,10,0,Zillow ZIP-level market for Covelo; mapped with Census 2020 ZCTA 95428 in Mendocino County.,,,,
95445 Gualala,zcta,95445,Gualala,38.8325203,-123.4725321,637630,,2025-11-30,10,0,Zillow ZIP-level market for Gualala; mapped with Census 2020 ZCTA 95445 in Mendocino County.,,,,
95454 Laytonville,zcta,95454,Laytonville,39.7840478,-123.4957895,334167,,2025-11-30,10,0,Zillow ZIP-level market for Laytonville; mapped with Census 2020 ZCTA 95454 in Mendocino County.,,,,
95460 Mendocino,zcta,95460,Mendocino,39.305245,-123.7486159,921553,,2025-11-30,10,0,Zillow ZIP-level market for Mendocino; mapped with Census 2020 ZCTA 95460 in Mendocino County.,,,,
95449 Hopland,zcta,95449,Hopland,38.9361372,-123.1194447,553792,,2025-11-30,10,0,Zillow ZIP-level market for Hopland; mapped with Census 2020 ZCTA 95449 in Mendocino County.,,,,
95410 Albion,zcta,95410,Albion,39.2349401,-123.6998535,656436,,2025-11-30,10,0,Zillow ZIP-level market for Albion; mapped with Census 2020 ZCTA 95410 in Mendocino County.,,,,
95456 Little River,zcta,95456,Little River,39.2588858,-123.7591643,754167,,2025-11-30,10,0,Zillow ZIP-level market for Little River; mapped with Census 2020 ZCTA 95456 in Mendocino County.,,,,
95459 Manchester,zcta,95459,Manchester,38.9766284,-123.6048542,658561,,2025-11-30,10,0,Zillow ZIP-level market for Manchester; mapped with Census 2020 ZCTA 95459 in Mendocino County.,,,,
95482 Ukiah,zcta,95482,Ukiah,39.1368043,-123.2610887,484826,1891,2025-12-31,10,0,Zillow ZIP-level market for Ukiah; mapped with Census 2020 ZCTA 95482 in Mendocino County.,,1891,Zillow ZORI,
95437 Fort Bragg,zcta,95437,Fort Bragg,39.443949,-123.68592,567533,,2025-12-31,10,0,Zillow ZIP-level market for Fort Bragg; mapped with Census 2020 ZCTA 95437 in Mendocino County.,,,,
95490 Willits,zcta,95490,Willits,39.4793198,-123.3481599,357834,,2025-12-31,10,0,Zillow ZIP-level market for Willits; mapped with Census 2020 ZCTA 95490 in Mendocino County.,,,,
95470 Redwood Valley,zcta,95470,Redwood Valley,39.2990232,-123.239243,551096,,2025-12-31,10,0,Zillow ZIP-level market for Redwood Valley; mapped with Census 2020 ZCTA 95470 in Mendocino County.,,,,
95428 Covelo,zcta,95428,Covelo,39.8248031,-123.1796086,274701,,2025-12-31,10,0,Zillow ZIP-level market for Covelo; mapped with Census 2020 ZCTA 95428 in Mendocino County.,,,,
95445 Gualala,zcta,95445,Gualala,38.8325203,-123.4725321,636082,,2025-12-31,10,0,Zillow ZIP-level market for Gualala; mapped with Census 2020 ZCTA 95445 in Mendocino County.,,,,
95454 Laytonville,zcta,95454,Laytonville,39.7840478,-123.4957895,332254,,2025-12-31,10,0,Zillow ZIP-level market for Laytonville; mapped with Census 2020 ZCTA 95454 in Mendocino County.,,,,
95460 Mendocino,zcta,95460,Mendocino,39.305245,-123.7486159,922216,,2025-12-31,10,0,Zillow ZIP-level market for Mendocino; mapped with Census 2020 ZCTA 95460 in Mendocino County.,,,,
95449 Hopland,zcta,95449,Hopland,38.9361372,-123.1194447,552855,,2025-12-31,10,0,Zillow ZIP-level market for Hopland; mapped with Census 2020 ZCTA 95449 in Mendocino County.,,,,
95410 Albion,zcta,95410,Albion,39.2349401,-123.6998535,646517,,2025-12-31,10,0,Zillow ZIP-level market for Albion; mapped with Census 2020 ZCTA 95410 in Mendocino County.,,,,
95456 Little River,zcta,95456,Little River,39.2588858,-123.7591643,755298,,2025-12-31,10,0,Zillow ZIP-level market for Little River; mapped with Census 2020 ZCTA 95456 in Mendocino County.,,,,
95459 Manchester,zcta,95459,Manchester,38.9766284,-123.6048542,659687,,2025-12-31,10,0,Zillow ZIP-level market for Manchester; mapped with Census 2020 ZCTA 95459 in Mendocino County.,,,,
95482 Ukiah,zcta,95482,Ukiah,39.1368043,-123.2610887,484754,1869,2026-01-31,10,0,Zillow ZIP-level market for Ukiah; mapped with Census 2020 ZCTA 95482 in Mendocino County.,,1869,Zillow ZORI,
95437 Fort Bragg,zcta,95437,Fort Bragg,39.443949,-123.68592,569425,,2026-01-31,10,0,Zillow ZIP-level market for Fort Bragg; mapped with Census 2020 ZCTA 95437 in Mendocino County.,,,,
95490 Willits,zcta,95490,Willits,39.4793198,-123.3481599,357208,,2026-01-31,10,0,Zillow ZIP-level market for Willits; mapped with Census 2020 ZCTA 95490 in Mendocino County.,,,,
95470 Redwood Valley,zcta,95470,Redwood Valley,39.2990232,-123.239243,551133,,2026-01-31,10,0,Zillow ZIP-level market for Redwood Valley; mapped with Census 2020 ZCTA 95470 in Mendocino County.,,,,
95428 Covelo,zcta,95428,Covelo,39.8248031,-123.1796086,274599,,2026-01-31,10,0,Zillow ZIP-level market for Covelo; mapped with Census 2020 ZCTA 95428 in Mendocino County.,,,,
95445 Gualala,zcta,95445,Gualala,38.8325203,-123.4725321,633638,,2026-01-31,10,0,Zillow ZIP-level market for Gualala; mapped with Census 2020 ZCTA 95445 in Mendocino County.,,,,
95454 Laytonville,zcta,95454,Laytonville,39.7840478,-123.4957895,330747,,2026-01-31,10,0,Zillow ZIP-level market for Laytonville; mapped with Census 2020 ZCTA 95454 in Mendocino County.,,,,
95460 Mendocino,zcta,95460,Mendocino,39.305245,-123.7486159,922985,,2026-01-31,10,0,Zillow ZIP-level market for Mendocino; mapped with Census 2020 ZCTA 95460 in Mendocino County.,,,,
95449 Hopland,zcta,95449,Hopland,38.9361372,-123.1194447,551730,,2026-01-31,10,0,Zillow ZIP-level market for Hopland; mapped with Census 2020 ZCTA 95449 in Mendocino County.,,,,
95410 Albion,zcta,95410,Albion,39.2349401,-123.6998535,636296,,2026-01-31,10,0,Zillow ZIP-level market for Albion; mapped with Census 2020 ZCTA 95410 in Mendocino County.,,,,
95456 Little River,zcta,95456,Little River,39.2588858,-123.7591643,755565,,2026-01-31,10,0,Zillow ZIP-level market for Little River; mapped with Census 2020 ZCTA 95456 in Mendocino County.,,,,
95459 Manchester,zcta,95459,Manchester,38.9766284,-123.6048542,659863,,2026-01-31,10,0,Zillow ZIP-level market for Manchester; mapped with Census 2020 ZCTA 95459 in Mendocino County.,,,,
95482 Ukiah,zcta,95482,Ukiah,39.1368043,-123.2610887,486332,1973,2026-02-28,10,0,Zillow ZIP-level market for Ukiah; mapped with Census 2020 ZCTA 95482 in Mendocino County.,,1973,Zillow ZORI,
95437 Fort Bragg,zcta,95437,Fort Bragg,39.443949,-123.68592,574987,,2026-02-28,10,0,Zillow ZIP-level market for Fort Bragg; mapped with Census 2020 ZCTA 95437 in Mendocino County.,,,,
95490 Willits,zcta,95490,Willits,39.4793198,-123.3481599,358154,,2026-02-28,10,0,Zillow ZIP-level market for Willits; mapped with Census 2020 ZCTA 95490 in Mendocino County.,,,,
95470 Redwood Valley,zcta,95470,Redwood Valley,39.2990232,-123.239243,555049,,2026-02-28,10,0,Zillow ZIP-level market for Redwood Valley; mapped with Census 2020 ZCTA 95470 in Mendocino County.,,,,
95428 Covelo,zcta,95428,Covelo,39.8248031,-123.1796086,275432,,2026-02-28,10,0,Zillow ZIP-level market for Covelo; mapped with Census 2020 ZCTA 95428 in Mendocino County.,,,,
95445 Gualala,zcta,95445,Gualala,38.8325203,-123.4725321,634144,,2026-02-28,10,0,Zillow ZIP-level market for Gualala; mapped with Census 2020 ZCTA 95445 in Mendocino County.,,,,
95454 Laytonville,zcta,95454,Laytonville,39.7840478,-123.4957895,331632,,2026-02-28,10,0,Zillow ZIP-level market for Laytonville; mapped with Census 2020 ZCTA 95454 in Mendocino County.,,,,
95460 Mendocino,zcta,95460,Mendocino,39.305245,-123.7486159,930098,,2026-02-28,10,0,Zillow ZIP-level market for Mendocino; mapped with Census 2020 ZCTA 95460 in Mendocino County.,,,,
95449 Hopland,zcta,95449,Hopland,38.9361372,-123.1194447,555228,,2026-02-28,10,0,Zillow ZIP-level market for Hopland; mapped with Census 2020 ZCTA 95449 in Mendocino County.,,,,
95410 Albion,zcta,95410,Albion,39.2349401,-123.6998535,634825,,2026-02-28,10,0,Zillow ZIP-level market for Albion; mapped with Census 2020 ZCTA 95410 in Mendocino County.,,,,
95456 Little River,zcta,95456,Little River,39.2588858,-123.7591643,761574,,2026-02-28,10,0,Zillow ZIP-level market for Little River; mapped with Census 2020 ZCTA 95456 in Mendocino County.,,,,
95459 Manchester,zcta,95459,Manchester,38.9766284,-123.6048542,661557,,2026-02-28,10,0,Zillow ZIP-level market for Manchester; mapped with Census 2020 ZCTA 95459 in Mendocino County.,,,,
95482 Ukiah,zcta,95482,Ukiah,39.1368043,-123.2610887,486937,2005,2026-03-31,10,0,Zillow ZIP-level market for Ukiah; mapped with Census 2020 ZCTA 95482 in Mendocino County.,,2005,Zillow ZORI,
95437 Fort Bragg,zcta,95437,Fort Bragg,39.443949,-123.68592,577147,,2026-03-31,10,0,Zillow ZIP-level market for Fort Bragg; mapped with Census 2020 ZCTA 95437 in Mendocino County.,,,,
95490 Willits,zcta,95490,Willits,39.4793198,-123.3481599,356480,,2026-03-31,10,0,Zillow ZIP-level market for Willits; mapped with Census 2020 ZCTA 95490 in Mendocino County.,,,,
95470 Redwood Valley,zcta,95470,Redwood Valley,39.2990232,-123.239243,556888,,2026-03-31,10,0,Zillow ZIP-level market for Redwood Valley; mapped with Census 2020 ZCTA 95470 in Mendocino County.,,,,
95428 Covelo,zcta,95428,Covelo,39.8248031,-123.1796086,274595,,2026-03-31,10,0,Zillow ZIP-level market for Covelo; mapped with Census 2020 ZCTA 95428 in Mendocino County.,,,,
95445 Gualala,zcta,95445,Gualala,38.8325203,-123.4725321,630693,,2026-03-31,10,0,Zillow ZIP-level market for Gualala; mapped with Census 2020 ZCTA 95445 in Mendocino County.,,,,
95454 Laytonville,zcta,95454,Laytonville,39.7840478,-123.4957895,330627,,2026-03-31,10,0,Zillow ZIP-level market for Laytonville; mapped with Census 2020 ZCTA 95454 in Mendocino County.,,,,
95460 Mendocino,zcta,95460,Mendocino,39.305245,-123.7486159,937662,,2026-03-31,10,0,Zillow ZIP-level market for Mendocino; mapped with Census 2020 ZCTA 95460 in Mendocino County.,,,,
95449 Hopland,zcta,95449,Hopland,38.9361372,-123.1194447,559716,,2026-03-31,10,0,Zillow ZIP-level market for Hopland; mapped with Census 2020 ZCTA 95449 in Mendocino County.,,,,
95410 Albion,zcta,95410,Albion,39.2349401,-123.6998535,632744,,2026-03-31,10,0,Zillow ZIP-level market for Albion; mapped with Census 2020 ZCTA 95410 in Mendocino County.,,,,
95456 Little River,zcta,95456,Little River,39.2588858,-123.7591643,766277,,2026-03-31,10,0,Zillow ZIP-level market for Little River; mapped with Census 2020 ZCTA 95456 in Mendocino County.,,,,
95459 Manchester,zcta,95459,Manchester,38.9766284,-123.6048542,659626,,2026-03-31,10,0,Zillow ZIP-level market for Manchester; mapped with Census 2020 ZCTA 95459 in Mendocino County.,,,,
95482 Ukiah,zcta,95482,Ukiah,39.1368043,-123.2610887,487066,2056,2026-04-30,10,0,Zillow ZIP-level market for Ukiah; mapped with Census 2020 ZCTA 95482 in Mendocino County.,,2056,Zillow ZORI,
95437 Fort Bragg,zcta,95437,Fort Bragg,39.443949,-123.68592,577998,,2026-04-30,10,0,Zillow ZIP-level market for Fort Bragg; mapped with Census 2020 ZCTA 95437 in Mendocino County.,,,,
95490 Willits,zcta,95490,Willits,39.4793198,-123.3481599,353786,,2026-04-30,10,0,Zillow ZIP-level market for Willits; mapped with Census 2020 ZCTA 95490 in Mendocino County.,,,,
95470 Redwood Valley,zcta,95470,Redwood Valley,39.2990232,-123.239243,557789,,2026-04-30,10,0,Zillow ZIP-level market for Redwood Valley; mapped with Census 2020 ZCTA 95470 in Mendocino County.,,,,
95428 Covelo,zcta,95428,Covelo,39.8248031,-123.1796086,272603,,2026-04-30,10,0,Zillow ZIP-level market for Covelo; mapped with Census 2020 ZCTA 95428 in Mendocino County.,,,,
95445 Gualala,zcta,95445,Gualala,38.8325203,-123.4725321,627159,,2026-04-30,10,0,Zillow ZIP-level market for Gualala; mapped with Census 2020 ZCTA 95445 in Mendocino County.,,,,
95454 Laytonville,zcta,95454,Laytonville,39.7840478,-123.4957895,328896,,2026-04-30,10,0,Zillow ZIP-level market for Laytonville; mapped with Census 2020 ZCTA 95454 in Mendocino County.,,,,
95460 Mendocino,zcta,95460,Mendocino,39.305245,-123.7486159,942491,,2026-04-30,10,0,Zillow ZIP-level market for Mendocino; mapped with Census 2020 ZCTA 95460 in Mendocino County.,,,,
95449 Hopland,zcta,95449,Hopland,38.9361372,-123.1194447,563129,,2026-04-30,10,0,Zillow ZIP-level market for Hopland; mapped with Census 2020 ZCTA 95449 in Mendocino County.,,,,
95410 Albion,zcta,95410,Albion,39.2349401,-123.6998535,630135,,2026-04-30,10,0,Zillow ZIP-level market for Albion; mapped with Census 2020 ZCTA 95410 in Mendocino County.,,,,
95456 Little River,zcta,95456,Little River,39.2588858,-123.7591643,769344,,2026-04-30,10,0,Zillow ZIP-level market for Little River; mapped with Census 2020 ZCTA 95456 in Mendocino County.,,,,
95459 Manchester,zcta,95459,Manchester,38.9766284,-123.6048542,658777,,2026-04-30,10,0,Zillow ZIP-level market for Manchester; mapped with Census 2020 ZCTA 95459 in Mendocino County.,,,,
