{"type": "FeatureCollection", "features": [{"type": "Feature", "geometry": {"type": "Polygon", "coordinates": [[[-119.55495900008354, 38.361549999692166], [-119.55496099973338, 38.361494000202384], [-119.55327699993545, 38.361205000109095], [-119.55205699974472, 38.360632999952074], [-119.55191199997977, 38.3604729996706], [-119.55191199997977, 38.35971800035077], [-119.55066300037504, 38.35864299965094], [-119.55022700035693, 38.35839099993924], [-119.54912299961885, 38.35754499997614], [-119.5485999995621, 38.357063999858795], [-119.54758299976098, 38.356537999884615], [-119.54694400025161, 38.355942999760444], [-119.54565100026596, 38.35597199983844], [-119.54531499980696, 38.35583299969925], [-119.5450019998125, 38.35571499990882], [-119.54468299997029, 38.35548599974296], [-119.54401799962335, 38.35450500032225], [-119.54291899980643, 38.35267700017984], [-119.54260099978912, 38.35228899985447], [-119.54118300012999, 38.351124999789555], [-119.54089299970175, 38.350965000334554], [-119.5400230002137, 38.35087400034151], [-119.53941399994325, 38.350349000153834], [-119.5391839997895, 38.34961899991459], [-119.53825700040001, 38.348932999680756], [-119.53784399994814, 38.34849300022014], [-119.53763999973364, 38.34860199976399], [-119.53748699957276, 38.34870199982167], [-119.53734799965558, 38.34881299983675], [-119.53722399980704, 38.34893600014983], [-119.53714500016432, 38.34903099991071], [-119.53670999997114, 38.3497140001885], [-119.5365169996273, 38.349926999889995], [-119.53626700028036, 38.350119999925134], [-119.53600299979136, 38.35028800000064], [-119.5357140000864, 38.35043399999291], [-119.53555400025282, 38.350503000161865], [-119.53527200022053, 38.350581000059314], [-119.53484399970002, 38.35068399989451], [-119.53464899970635, 38.35071000027434], [-119.53445200006286, 38.35071999971345], [-119.53425399969613, 38.350712999965296], [-119.53405799987758, 38.35069100034991], [-119.53370200022542, 38.35062199965558], [-119.53343600008662, 38.35059300025285], [-119.53299800041873, 38.35054599983576], [-119.53213399988014, 38.350505999861454], [-119.53196900002371, 38.35050999993032], [-119.53171200010574, 38.35054799986912], [-119.53147299973115, 38.350600999676274], [-119.53134399985971, 38.35064100030261], [-119.52951799977158, 38.35130699973491], [-119.52836899972594, 38.35170400004532], [-119.52719100026633, 38.35213399977515], [-119.52664599957001, 38.35231999997141], [-119.52566200027911, 38.35233599984478], [-119.52474900023505, 38.351559000150544], [-119.52443000039281, 38.35139799988832], [-119.52344399965551, 38.35135200035148], [-119.52295199956092, 38.35121400015672], [-119.52179300036786, 38.350503000161865], [-119.52138699958867, 38.349770000336086], [-119.52074999972912, 38.349655000262956], [-119.51992200007388, 38.34918699997444], [-119.51989899960935, 38.34838899968806], [-119.51989899960935, 38.34827400024], [-119.51970500033892, 38.34606399978692], [-119.52128700002956, 38.34603700012601], [-119.52126500028827, 38.345735000310405], [-119.5211780002496, 38.34555200001472], [-119.52024900031203, 38.344888999726145], [-119.52010399964877, 38.34454500011386], [-119.52004599992244, 38.34415600014874], [-119.5204240002142, 38.343196000148474], [-119.52117999989945, 38.34209800015652], [-119.52120900021177, 38.34168599970907], [-119.52077400001858, 38.34019900000287], [-119.52071700011717, 38.339558000225175], [-119.52103699978433, 38.33834600017183], [-119.52083400029305, 38.33738500013177], [-119.51944000002503, 38.336469000027016], [-119.51851100008743, 38.33571399986831], [-119.51827900028384, 38.335416000195615], [-119.51781399995343, 38.33509599987757], [-119.51575299968869, 38.33434000032142], [-119.5151140001793, 38.333882000084834], [-119.51488200037569, 38.33385899969044], [-119.51473599988753, 38.333974000180056], [-119.51456199981025, 38.334590999990866], [-119.51447399994669, 38.33468299989056], [-119.51386499967623, 38.33456799982152], [-119.51309800012035, 38.334227000192044], [-119.51305999958723, 38.33423900027652], [-119.51291499982226, 38.33427100025714], [-119.51280699986722, 38.33428600000099], [-119.51240600000922, 38.334311000036905], [-119.51186399968593, 38.33432100033069], [-119.51136300026882, 38.334415000347434], [-119.51075300017345, 38.3344840002746], [-119.51062599995184, 38.33449000029577], [-119.51049899973025, 38.33448500016069], [-119.51037300023187, 38.334471000344415], [-119.51018200043615, 38.33443799986069], [-119.51007000028314, 38.33443899974747], [-119.50996099960489, 38.33445799970721], [-119.50990899972636, 38.334474000003254], [-119.50940599976111, 38.33476899967581], [-119.50930399965387, 38.334883000249896], [-119.50906299962944, 38.33525699973642], [-119.50898099961366, 38.33539799965594], [-119.50890399962078, 38.33545400030244], [-119.50880499988656, 38.33547999980778], [-119.50859099962635, 38.33546799992884], [-119.50849400044027, 38.335472000123566], [-119.50830500029437, 38.33550600000843], [-119.5081730000499, 38.33555000000146], [-119.50764900016824, 38.33576500022388], [-119.50699600041517, 38.33607700008384], [-119.50680300007134, 38.33614599983754], [-119.50650299959737, 38.336205000197786], [-119.50633000024334, 38.33626700009466], [-119.50502999968664, 38.33684000022169], [-119.50405899991625, 38.33723700021001], [-119.50388999986184, 38.337313999749945], [-119.50377600005905, 38.337345999781775], [-119.50361899970022, 38.33735399996366], [-119.50351699959295, 38.33733699975224], [-119.50323899975861, 38.33723399996089], [-119.50297400034306, 38.337121999966854], [-119.50270200035649, 38.33704299981659], [-119.50239400038492, 38.33700399998714], [-119.50215599983524, 38.33699800017413], [-119.50181699990154, 38.336955000207816], [-119.5018150002517, 38.33274100020996], [-119.49563200035568, 38.3336209996844], [-119.49254099987094, 38.33296899980873], [-119.48972300009605, 38.332374999743344], [-119.48388699963134, 38.33221000015297], [-119.478455000296, 38.33078999978658], [-119.47422300016157, 38.325883999947315], [-119.47317200002523, 38.31999899992312], [-119.47315299975865, 38.319898999713075], [-119.4743579998808, 38.31454999970012], [-119.4748230002112, 38.31171600004207], [-119.47363300015769, 38.31180800007911], [-119.47032300028819, 38.31265500013066], [-119.4697419996068, 38.312678000205516], [-119.46927899982455, 38.312906999663696], [-119.46834900006205, 38.31373099983253], [-119.46773999979158, 38.31460100014756], [-119.46727500035949, 38.31499000019658], [-119.46573600032653, 38.31556199995157], [-119.46530100013335, 38.31560799965944], [-119.46487900035895, 38.315507000293195], [-119.46463300031166, 38.31544799999813], [-119.46300600041515, 38.31451099974835], [-119.46143700024496, 38.31432800023678], [-119.46047899999508, 38.31393900016059], [-119.46001399966464, 38.313572999903], [-119.45983999958737, 38.312772000098285], [-119.46068200038464, 38.31265799998761], [-119.46268500002479, 38.31286300002087], [-119.46315000035518, 38.312772000098285], [-119.46370199982594, 38.31252000009617], [-119.46451399958765, 38.311855999745625], [-119.46486299956713, 38.31135299975327], [-119.4650650001318, 38.310688999995186], [-119.46512299985812, 38.31020899981511], [-119.46550000032497, 38.309224999805274], [-119.4667549997775, 38.30719799995454], [-119.46670700009692, 38.30717099990982], [-119.46666699991394, 38.30716700026784], [-119.46663400030197, 38.30717500025646], [-119.46660199961663, 38.30719600013435], [-119.46647100009538, 38.3073479997068], [-119.46637300018608, 38.307415000210234], [-119.46628399959928, 38.30744200016417], [-119.4662400001167, 38.30744099990496], [-119.46619800028391, 38.30742699979942], [-119.46616599959854, 38.3074049997287], [-119.46613800000944, 38.30737100005495], [-119.46609299980359, 38.30713700012633], [-119.46609000032885, 38.307046000067686], [-119.46611700009304, 38.30690800007076], [-119.4661070000473, 38.30684699999866], [-119.4660650002145, 38.30676799997929], [-119.46596599958197, 38.30670499995566], [-119.46592799994716, 38.30666799984918], [-119.46590000035808, 38.30662099983912], [-119.46588899958907, 38.30657699990704], [-119.46589399961196, 38.30651399971756], [-119.46591999955123, 38.30643300019913], [-119.4659609995591, 38.30636199980712], [-119.46611999956775, 38.306213999977786], [-119.46613499963641, 38.30616799995026], [-119.46612100029098, 38.30610300026008], [-119.46590200000786, 38.30590899971054], [-119.46587400041878, 38.30585600034223], [-119.46581300031943, 38.30568199986942], [-119.46573299995349, 38.30558999981535], [-119.4656290001964, 38.30552799975908], [-119.4652979997603, 38.30527200021623], [-119.46519499982813, 38.30518000034707], [-119.46515700019332, 38.30512400027764], [-119.46513100025405, 38.30505800006476], [-119.46513899975163, 38.30495500022137], [-119.46522499996537, 38.30477500004124], [-119.46527699984392, 38.30457999987077], [-119.46529399956235, 38.304396999971445], [-119.46532000039993, 38.304349999899664], [-119.46536899990542, 38.30430499969744], [-119.4654259998068, 38.3042709999804], [-119.4655499996554, 38.304232999738716], [-119.46582500001499, 38.30419099967108], [-119.4658960001601, 38.30415899980459], [-119.46596700030521, 38.304086999701], [-119.465973000153, 38.304063000120536], [-119.46595899990929, 38.303981999979854], [-119.46576599956543, 38.30378199965419], [-119.46572000043301, 38.303688999699084], [-119.4656989996183, 38.30350300013618], [-119.46566799965616, 38.30344799979131], [-119.46547600003552, 38.30332600012062], [-119.46510199994172, 38.302974000140466], [-119.46507299962938, 38.30290400020919], [-119.46504000001745, 38.30271999998701], [-119.46505699973588, 38.302593000281725], [-119.46509199989596, 38.302500999834585], [-119.46521499991962, 38.30225600029691], [-119.46522199959232, 38.30217999979739], [-119.46518700033054, 38.30202999993209], [-119.46519300017832, 38.30199300026074], [-119.46521999994248, 38.30193899981095], [-119.46563599986911, 38.30137200006386], [-119.46576100044088, 38.30127200024929], [-119.46589000031231, 38.30122500026764], [-119.46633899985086, 38.301123999904135], [-119.46656099960875, 38.301096999713344], [-119.46679900015843, 38.30109400008319], [-119.4668760001513, 38.30107899981555], [-119.46697800025858, 38.30103300005646], [-119.46702199974118, 38.30099599987661], [-119.46712999969621, 38.30093000013761], [-119.46754800017095, 38.300823999726276], [-119.46758800035393, 38.300797000128775], [-119.4676069997222, 38.300773000164824], [-119.46762400033896, 38.30071999986379], [-119.4676069997222, 38.30065500022651], [-119.46756999991227, 38.300613999850555], [-119.46751800003375, 38.30057900016467], [-119.46715599963548, 38.30043400017825], [-119.46711399980269, 38.30040400007193], [-119.4670150000685, 38.300282000216846], [-119.4667759996939, 38.300080000248364], [-119.46673999970888, 38.30000400028911], [-119.46672299999045, 38.299831000242634], [-119.46673700023413, 38.299611000166394], [-119.46671600031776, 38.2995529999967], [-119.46663699977671, 38.29947799985439], [-119.46646900044554, 38.29936300033158], [-119.46628100012457, 38.29917999996103], [-119.4659249995741, 38.29894799974078], [-119.46551399967036, 38.29888200025365], [-119.46527900039206, 38.29882699993023], [-119.46490600012316, 38.29869400029594], [-119.46422200040793, 38.29838200026599], [-119.46410600005697, 38.29833899995104], [-119.4639529998961, 38.2982949999303], [-119.46374399965873, 38.2982520002688], [-119.46302399995852, 38.29815900027428], [-119.4628619995768, 38.2981440001048], [-119.46247199958945, 38.29815900027428], [-119.4620799999523, 38.29818600014853], [-119.46189300035455, 38.29821700014843], [-119.46169499998781, 38.29826399996377], [-119.46146400000914, 38.29836399969462], [-119.46112300042559, 38.29849000007572], [-119.4608980002947, 38.298551999802434], [-119.4606580000952, 38.29860500027729], [-119.45978699988392, 38.29888099987645], [-119.45944700012528, 38.2990589998324], [-119.45917900033669, 38.299182000002276], [-119.45887700021291, 38.2992830002495], [-119.45877400028074, 38.299304999963624], [-119.45858699978467, 38.299317999855624], [-119.45848999970029, 38.299311000076756], [-119.45824399965302, 38.299275000095435], [-119.45772499979424, 38.29912400019461], [-119.45692999975094, 38.298848000109906], [-119.45602299955465, 38.298551999802434], [-119.45569899968956, 38.29845599974823], [-119.4547520002086, 38.298124999791725], [-119.45450699998624, 38.29803300002336], [-119.45404199965584, 38.29788799988341], [-119.45296299993039, 38.29750999988222], [-119.45191000014424, 38.29719000001685], [-119.4516320003099, 38.297076999786675], [-119.45157100021054, 38.29703800030899], [-119.45143999979094, 38.29691900023666], [-119.4510549998265, 38.29646700009692], [-119.450958999567, 38.29638300011006], [-119.45087499990144, 38.296328000007264], [-119.45062100035653, 38.2962169999676], [-119.45063100040228, 38.29680400018275], [-119.450457000325, 38.2973309999574], [-119.45056699992988, 38.29810600017863], [-119.45071800044092, 38.29916099991927], [-119.45103800010804, 38.29968699983236], [-119.45193899955824, 38.30078599979378], [-119.45208400022152, 38.3013119999097], [-119.45237499957635, 38.30188399969014], [-119.45231699985, 38.3023650003085], [-119.45188099983194, 38.30293700024563], [-119.45167800034064, 38.30300500020932], [-119.45153299967737, 38.30295999987762], [-119.45118399969792, 38.30204500000309], [-119.45072000009075, 38.30156400008282], [-119.45010999999536, 38.30012300023638], [-119.44961600025097, 38.29920799982808], [-119.44932599982273, 38.29888799969681], [-119.44865800000103, 38.298406999994754], [-119.44804100023298, 38.29794599997414], [-119.44794400014861, 38.298059999944456], [-119.44792400005713, 38.298102000036806], [-119.44791900003426, 38.29818499976168], [-119.4479490001715, 38.29827599965677], [-119.44799000017937, 38.298334999822075], [-119.44811300020301, 38.29847700003535], [-119.44907999977545, 38.29940899973957], [-119.44927499976912, 38.299628999723424], [-119.4494799998085, 38.29993900001031], [-119.4497180003582, 38.30058199981612], [-119.44996199985736, 38.301202000085574], [-119.44999399964442, 38.30137000008303], [-119.45003399982738, 38.30171699981122], [-119.45001399973589, 38.30183300016894], [-119.44999700001746, 38.30188100009253], [-119.4498940000853, 38.30201600019202], [-119.44987599964364, 38.30209499974729], [-119.44988800023751, 38.302179000170575], [-119.44993199972015, 38.30225499996619], [-119.44997299972802, 38.30230599989568], [-119.45013599993463, 38.3024659996492], [-119.45024899991253, 38.30265399970168], [-119.45028499989756, 38.30277999968164], [-119.45029999996618, 38.30299699976074], [-119.45029300029346, 38.30321000003551], [-119.45026900000404, 38.30328499984437], [-119.45017699994253, 38.30342599992362], [-119.45010099977452, 38.303512000137424], [-119.44983600035899, 38.3037599998878], [-119.4495419997328, 38.30393799985682], [-119.44951699961842, 38.303962999785824], [-119.44949099967917, 38.304050999974876], [-119.44948800020443, 38.304116999694116], [-119.44956799967207, 38.30452900013012], [-119.44957000022019, 38.30459199992897], [-119.44954599993075, 38.304725000029414], [-119.44941799988423, 38.305177000180805], [-119.44918299970759, 38.305721999917836], [-119.44897199982042, 38.3061200000437], [-119.44871400007756, 38.306492000074826], [-119.44865100032837, 38.30657000012365], [-119.44860799977234, 38.306638999771565], [-119.44858000018323, 38.3067489998101], [-119.44858299965797, 38.30683200021577], [-119.44860399957436, 38.30690800007076], [-119.44865800000103, 38.306996000211534], [-119.44868099956726, 38.30705299980513], [-119.4486899997881, 38.30716499974182], [-119.44868800013826, 38.30733300002752], [-119.44865800000103, 38.307658000138545], [-119.4486129997952, 38.307983999749865], [-119.4486050002976, 38.30812999969752], [-119.44861399962011, 38.30820000022483], [-119.44865200015326, 38.30833400030054], [-119.4486899997881, 38.30867199978104], [-119.44866700022187, 38.309199000045226], [-119.44866200019902, 38.30971599984148], [-119.44869900000893, 38.310074000161265], [-119.4486820002905, 38.31019999993999], [-119.44855800044193, 38.31044900030229], [-119.44849599961935, 38.310683000118274], [-119.44835500005235, 38.311090999780845], [-119.4482529999451, 38.31141700017299], [-119.44823700005158, 38.31158199987131], [-119.44823700005158, 38.31190100019711], [-119.44813099974635, 38.31272300014685], [-119.44811499985283, 38.31278499969146], [-119.44801299974559, 38.31301599988124], [-119.44774800033001, 38.31370800009172], [-119.44773999993411, 38.31409199986513], [-119.4477180001928, 38.31426199994143], [-119.44749100041207, 38.31497499998331], [-119.44739799962736, 38.315290999731815], [-119.44729700024332, 38.31576700023294], [-119.44728600037266, 38.315906999868545], [-119.44735999999251, 38.31739800025697], [-119.44733300022833, 38.31766200023208], [-119.44729399987027, 38.31779599973954], [-119.44715699960291, 38.318222000136714], [-119.44712099961791, 38.31833300033535], [-119.44708499963289, 38.31846599990513], [-119.44701900040899, 38.31861299999896], [-119.44694999991368, 38.318726999909686], [-119.44673400000362, 38.318944000202634], [-119.44648600030649, 38.31925599988828], [-119.44607500040276, 38.320009000077484], [-119.44558800033104, 38.3213340002272], [-119.44532200019226, 38.322138000054935], [-119.44472600034058, 38.323848000346764], [-119.44436099956931, 38.324780000338734], [-119.44379400002997, 38.32607099989832], [-119.44357499974684, 38.32668800004925], [-119.44337800010335, 38.32716199974334], [-119.4433250003999, 38.32736199971911], [-119.44330600013332, 38.327565999774166], [-119.44327900036916, 38.329568000099954], [-119.44327599999608, 38.33046499976721], [-119.44349299973108, 38.33119300009774], [-119.44381800031941, 38.33205999968686], [-119.44404099990216, 38.33274399994046], [-119.44424299956852, 38.33363700016527], [-119.44457099963157, 38.334813000116434], [-119.44476200032561, 38.33567500002819], [-119.44485199983899, 38.335952000046056], [-119.44503900033506, 38.336715999946335], [-119.44515399996277, 38.33708200032968], [-119.44545400043674, 38.33751899981918], [-119.44577300027898, 38.33793699974421], [-119.44613700032706, 38.33844300009816], [-119.4461909998554, 38.33856599970175], [-119.44644600012353, 38.338904999693796], [-119.44663100007146, 38.33908200023158], [-119.44708100033326, 38.33946600017418], [-119.44788499969907, 38.340114000129894], [-119.4482329998536, 38.34043499993137], [-119.44834800037964, 38.34056099978737], [-119.44838600001448, 38.340627000094244], [-119.44841399960356, 38.34076299972555], [-119.44841299977867, 38.340898999806136], [-119.44839699988513, 38.340949000237856], [-119.4483049998236, 38.34104900029317], [-119.4476470000477, 38.341548000119595], [-119.44749399988682, 38.341638999852876], [-119.4474379998103, 38.341658000038265], [-119.44628200009201, 38.34180300002822], [-119.44615599969529, 38.34182999985821], [-119.44605399958807, 38.34186100022475], [-119.44564299968431, 38.342153999851746], [-119.44560699969931, 38.34219700025518], [-119.44558900015596, 38.342242000191234], [-119.44554200030028, 38.3424439996694], [-119.44550799996512, 38.3425319996566], [-119.44545699991147, 38.3425980002814], [-119.44491200011343, 38.34264900001844], [-119.44326400030053, 38.34285000000011], [-119.44287799961285, 38.34289099974563], [-119.44147900022027, 38.34304200010328], [-119.44093699989696, 38.34310800026341], [-119.4399400001873, 38.34319900015069], [-119.43928300023629, 38.34326999969687], [-119.43871900017167, 38.3433550000941], [-119.43798799970249, 38.343076999726], [-119.43732200042894, 38.34316999988935], [-119.4360469999866, 38.343676000329886], [-119.43454200028887, 38.344664000238296], [-119.4342519998606, 38.34507699969226], [-119.43370200003973, 38.34514600003336], [-119.43326699984654, 38.34539899978225], [-119.43278499979769, 38.345910000202984], [-119.43231100014475, 38.34640799993479], [-119.43155700010934, 38.346815000307885], [-119.4312940003436, 38.346956999991626], [-119.4310609998168, 38.347001999788645], [-119.43100399991539, 38.34716200024955], [-119.42986200044076, 38.34766600016611], [-119.42906099965138, 38.34830200017144], [-119.42868200043301, 38.34873700023198], [-119.42647300003026, 38.35050100012726], [-119.4252810003269, 38.35102700027977], [-119.42478599985928, 38.351484999912586], [-119.42449499960614, 38.35203499987359], [-119.4243790001535, 38.35244600028739], [-119.42439000002415, 38.35356299967962], [-119.4239990002119, 38.354017999921254], [-119.42370600030891, 38.35429199999734], [-119.42342699975137, 38.354523000340855], [-119.42330000042804, 38.35461299966224], [-119.42279999993757, 38.35488200016839], [-119.42249899963868, 38.355017999803025], [-119.42224500009375, 38.35510600001062], [-119.42195100036592, 38.355185000185905], [-119.42160499986119, 38.355238999721124], [-119.4213300003999, 38.355257999861095], [-119.42088000013808, 38.355269999983975], [-119.42060800015153, 38.35525499965392], [-119.42031500024856, 38.355224000089045], [-119.41720100019762, 38.35475300034108], [-119.41593699962598, 38.35457200021223], [-119.41565100029402, 38.3545310000346], [-119.41190100020845, 38.35396400017994], [-119.41015399976304, 38.35370999973438], [-119.40879200018041, 38.35348199989573], [-119.40793699986264, 38.353320999682225], [-119.40659799984624, 38.3530430002299], [-119.40494599983533, 38.35271299971248], [-119.40485299994894, 38.35205499979346], [-119.40450499979438, 38.35187199996844], [-119.40363299975822, 38.351712000050505], [-119.40252899991843, 38.351367999734244], [-119.40162900029316, 38.350750000135974], [-119.4012800003137, 38.35063599987325], [-119.40125100000138, 38.35054399980234], [-119.40070000035556, 38.35015499965014], [-119.39974100028073, 38.35013200019505], [-119.39918899991169, 38.35024599984217], [-119.39907299956073, 38.350360999681314], [-119.39799700020836, 38.35047499967245], [-119.39741700025021, 38.35026899996549], [-119.39668999997897, 38.35026800029725], [-119.39581899976773, 38.350383000101445], [-119.39323299979641, 38.34994699968756], [-119.3929719996805, 38.34978699974333], [-119.39279799960319, 38.34955799985101], [-119.39212999978152, 38.348893999911766], [-119.39169399976342, 38.348733999754664], [-119.39131600036998, 38.348733999754664], [-119.39120000001903, 38.348733999754664], [-119.39044400033376, 38.34944399982537], [-119.39009600017923, 38.3495119998499], [-119.38622499971984, 38.34886999966416], [-119.38610699971908, 38.3488509999615], [-119.38582499968676, 38.34880300013434], [-119.3853610000796, 38.3484820000761], [-119.38483800002285, 38.348457999691966], [-119.38399500029897, 38.34866299992835], [-119.38347200024225, 38.348708999764206], [-119.38291900004832, 38.34866599970409], [-119.37946699988856, 38.34875899973645], [-119.37520799998995, 38.348873000135846], [-119.3749019996682, 38.34518999980812], [-119.37050300002754, 38.34548500023363], [-119.36610400038685, 38.345780000162115], [-119.36147600041733, 38.34578800011717], [-119.3568490002727, 38.345796999801365], [-119.3566890004391, 38.3421309999696], [-119.35652899970725, 38.33846499991083], [-119.35184399983628, 38.338485999885904], [-119.35200399966988, 38.342152000291165], [-119.34731999962382, 38.3422030003422], [-119.34747799980757, 38.345837999992405], [-119.34288099980019, 38.34583099977238], [-119.33828299996787, 38.34582299982208], [-119.33818900025652, 38.342163999767585], [-119.33357100033277, 38.34217999977103], [-119.3336430003028, 38.34581400014117], [-119.33132199974699, 38.34580999981292], [-119.32900199991445, 38.34580499975454], [-119.32895400023388, 38.3421949999912], [-119.32433600031007, 38.34221000020827], [-119.32431100019572, 38.33862399967154], [-119.32428600008136, 38.33503899978054], [-119.32428500025645, 38.33488400013049], [-119.32426799963969, 38.33496299981626], [-119.32416399988263, 38.33604899965441], [-119.32407900039213, 38.33798300005052], [-119.32409500028568, 38.33846099988134], [-119.32424000005061, 38.33952999973187], [-119.32425299957109, 38.339704000004986], [-119.32424300042366, 38.33987799986024], [-119.32420999991339, 38.34004999967892], [-119.32415499966181, 38.34021899966837], [-119.32355399978726, 38.341487000304035], [-119.32322400007438, 38.34247900028563], [-119.32283099971399, 38.34161400023177], [-119.32253699998611, 38.34101100030253], [-119.32221200029609, 38.34023999983962], [-119.32201800012734, 38.33983399967716], [-119.32144400001701, 38.338521000300666], [-119.32088400015034, 38.33732699987471], [-119.31968099967804, 38.334657999982944], [-119.3192699997743, 38.333708999819166], [-119.31911599978852, 38.33340199983789], [-119.31750200031081, 38.32986000016407], [-119.31693200039842, 38.328515000050245], [-119.31660799963498, 38.32781900031253], [-119.31645700002225, 38.32752799975905], [-119.31615800027153, 38.32684700028325], [-119.3157840001777, 38.325890999980544], [-119.31547200000816, 38.3249379998073], [-119.31520900024243, 38.324044000184706], [-119.31491399979133, 38.32258299985933], [-119.31463699978191, 38.321091999681464], [-119.3145370002228, 38.32064300028294], [-119.31407199989239, 38.318204999665845], [-119.31403799955719, 38.31802499994982], [-119.31395700026468, 38.31749500003115], [-119.31391399970865, 38.3171889998592], [-119.31386400037822, 38.31663599995101], [-119.3138400000888, 38.315477000077465], [-119.3141150004484, 38.30743600001865], [-119.31411100025045, 38.30718699988534], [-119.31409299980876, 38.306877999822184], [-119.31406900041766, 38.306711999726026], [-119.3140519998009, 38.30656099979696], [-119.31404400030328, 38.3065149999895], [-119.31397800018105, 38.306136000251065], [-119.31388899959428, 38.30576300022651], [-119.31372299991293, 38.3052979999742], [-119.31362500000363, 38.30498400026734], [-119.31134799982878, 38.29855700030117], [-119.31104800025315, 38.29775099977666], [-119.31066800031154, 38.29667900010131], [-119.3105539996104, 38.29635100032453], [-119.30977399963574, 38.29418899997218], [-119.30966300020597, 38.293813999667826], [-119.30957000031954, 38.293556000188794], [-119.30956199992362, 38.293534000141605], [-119.30948199955766, 38.2933440002255], [-119.3093009998077, 38.293008999792356], [-119.30879100016978, 38.29220100015465], [-119.30828800020456, 38.29155299982931], [-119.30754199966674, 38.29065700008442], [-119.3065600000257, 38.28945499970983], [-119.30650300012427, 38.28938500013161], [-119.30615499996973, 38.28897299971499], [-119.30554800024741, 38.288260999834286], [-119.30484199989259, 38.28736899966581], [-119.30451499965442, 38.28692900013318], [-119.30401099986427, 38.286284000220064], [-119.30340199959383, 38.285464000052166], [-119.30265900032738, 38.28460400010506], [-119.30237899994489, 38.28432600004686], [-119.3020840003921, 38.28405000008745], [-119.30131899958774, 38.28345499987295], [-119.3011040004009, 38.283311999992826], [-119.29990900032452, 38.28265999969595], [-119.29887499990663, 38.28215599973638], [-119.29780100020405, 38.28158700000931], [-119.29536400019566, 38.280354999696904], [-119.29477199964364, 38.280049000093854], [-119.29397900014851, 38.27967500000288], [-119.29373700029915, 38.279536000188784], [-119.29305299968563, 38.27916699999515], [-119.2913759995604, 38.27813100002985], [-119.29059099956284, 38.277517999860656], [-119.29008400029797, 38.27706800012713], [-119.2891650004061, 38.27616900003563], [-119.28856399963325, 38.27556500016869], [-119.28758899966492, 38.27452600026614], [-119.28669700043555, 38.27362100031677], [-119.28585999966116, 38.27277300009639], [-119.28451999981982, 38.27133299985821], [-119.28014000044574, 38.266742000311986], [-119.28060599970271, 38.26643900012249], [-119.28063500001504, 38.2662789999338], [-119.27875100020061, 38.26426600011053], [-119.27933299980855, 38.26250499988778], [-119.27997100039133, 38.26188799969293], [-119.28005900025487, 38.26156800007522], [-119.28040700040941, 38.261452999736086], [-119.28040700040941, 38.261224000113224], [-119.28005900025487, 38.26076700031001], [-119.28005900025487, 38.260424000284], [-119.28043599982341, 38.260445999785205], [-119.28092999956782, 38.26074400000318], [-119.28116200026973, 38.26072099968901], [-119.28133600034701, 38.2606070003246], [-119.28136499976101, 38.26037800015119], [-119.28124900030838, 38.260240999782496], [-119.28124900030838, 38.2600349996994], [-119.28156800015059, 38.25987500021801], [-119.28197499985637, 38.25930300017808], [-119.28188799981774, 38.258571000335586], [-119.28211999962133, 38.25850200012905], [-119.28264299967805, 38.25873099986708], [-119.28287500037996, 38.25873099986708], [-119.28310700018356, 38.25841099974629], [-119.28325199994852, 38.25806799988367], [-119.28354200037676, 38.25790800030284], [-119.28386200004388, 38.25756399994056], [-119.28435499996338, 38.25747299979381], [-119.28464500039162, 38.25703800020743], [-119.28542899966594, 38.256512000193496], [-119.28612599979994, 38.25639799986813], [-119.28621299983855, 38.255505999748415], [-119.28659000030545, 38.255414000280425], [-119.28702499960032, 38.25559700024246], [-119.28743100037948, 38.25619200017546], [-119.28757600014444, 38.25614699974026], [-119.28763499969568, 38.25552900030264], [-119.28780899977293, 38.255414000280425], [-119.2884180000434, 38.2553690000688], [-119.28833100000476, 38.25486499974537], [-119.2884180000434, 38.25477399974553], [-119.28940499970732, 38.25445399983327], [-119.28940499970732, 38.25431700028651], [-119.28908599986508, 38.25390499980503], [-119.28917299990371, 38.25367599967114], [-119.29027599991858, 38.25337899968562], [-119.29013100015365, 38.252990000181974], [-119.29013100015365, 38.252714999940274], [-119.29082699956439, 38.25244099967515], [-119.29114700012985, 38.252624000069765], [-119.29137899993346, 38.252624000069765], [-119.29137899993346, 38.25218899967276], [-119.29198800020389, 38.25214299996993], [-119.29207500024256, 38.251662999830856], [-119.29283000010287, 38.25170899983751], [-119.29306199990644, 38.251572000053926], [-119.29343900037331, 38.25120500023146], [-119.29352600041194, 38.25097699968139], [-119.2939029999805, 38.2508620002155], [-119.29477400019178, 38.250411999697455], [-119.29488999964443, 38.25026299971771], [-119.29522699992832, 38.24991899984769], [-119.29701399965836, 38.24912200007793], [-119.29713000000935, 38.24884799967052], [-119.29762299992883, 38.248504999818486], [-119.29776900041702, 38.24827600030581], [-119.29776900041702, 38.24733800004276], [-119.29811800039647, 38.24685700023317], [-119.29826300016143, 38.24580499999043], [-119.29861100031599, 38.24527899980372], [-119.29869800035462, 38.244454999859066], [-119.29863999972999, 38.24324200027693], [-119.29896000029542, 38.24228100016185], [-119.29965599970622, 38.24154900030368], [-119.30012000021169, 38.24118299972734], [-119.30064200044355, 38.241022999659975], [-119.30162900010744, 38.241045999858926], [-119.3022380003779, 38.240931000202664], [-119.30267299967278, 38.24068000027813], [-119.30400800038953, 38.239649999696724], [-119.30487799987759, 38.23933000022374], [-119.30598000006756, 38.238368999904715], [-119.30644399967474, 38.237819999737546], [-119.30705399977009, 38.237454000145526], [-119.30708300008241, 38.23727099965868], [-119.30931599987632, 38.2371100003378], [-119.3097510000695, 38.23694999977423], [-119.30986700042045, 38.23679000026981], [-119.31224599980423, 38.236720999845666], [-119.31253600023247, 38.236720999845666], [-119.31329000026787, 38.236354999660996], [-119.3133770003065, 38.23621799986792], [-119.31433499965813, 38.23601200013107], [-119.3152340003568, 38.23603499979838], [-119.31769999977921, 38.23665200006165], [-119.31851200043927, 38.23651500012259], [-119.32068800033177, 38.23580499997545], [-119.3213269998411, 38.23582799970823], [-119.32190699979925, 38.23596600006897], [-119.32277700018564, 38.23575899978245], [-119.32315399975417, 38.23580499997545], [-119.32411100017919, 38.236103000336826], [-119.32521400019405, 38.2366289998839], [-119.32585199987852, 38.237200999875036], [-119.3257940001522, 38.23761199997949], [-119.32547500030994, 38.238664000248725], [-119.32559199958753, 38.23884700005197], [-119.32585299970344, 38.23887000023372], [-119.32654900001252, 38.23884700005197], [-119.32704399958182, 38.23873199973974], [-119.32875599986716, 38.238435999872614], [-119.33015199978499, 38.23887100002671], [-119.33070300032911, 38.23880299996011], [-119.3316670004268, 38.23833300004387], [-119.33155899957346, 38.23831800021419], [-119.33132500012005, 38.23832299992257], [-119.33102800001913, 38.23837200000992], [-119.33079799986538, 38.23841899976028], [-119.33056299968871, 38.23849700028471], [-119.33047599965009, 38.23851100027953], [-119.33036199984727, 38.23851800027593], [-119.3302020000137, 38.23851599997463], [-119.32985499968407, 38.238494999982834], [-119.32965200019277, 38.23845299998104], [-119.32956400032924, 38.23842199986335], [-119.32890300018025, 38.23809300028095], [-119.32853800030725, 38.237932999763714], [-119.32840500023786, 38.237865000231096], [-119.32816900023631, 38.23767199986222], [-119.3275690001867, 38.237215000119406], [-119.32684100009057, 38.236631000237104], [-119.32642799963867, 38.23632099987035], [-119.32611800001727, 38.23611099969038], [-119.32586000027442, 38.235971999771984], [-119.32559900015853, 38.23587499969177], [-119.32541000001264, 38.23582399966318], [-119.32435700022648, 38.23549600016026], [-119.32358099955144, 38.23523499997847], [-119.32324199961772, 38.23506299996841], [-119.32316299997504, 38.23498499999389], [-119.32309600002787, 38.23487200032562], [-119.32308799963195, 38.23481999974486], [-119.32310600007358, 38.23444600033459], [-119.32313100018796, 38.234235999679115], [-119.32318100041667, 38.23403599983509], [-119.32320399998291, 38.23396800018618], [-119.32322099970132, 38.2338339997165], [-119.32320099960985, 38.233698999841444], [-119.32314500043167, 38.23356799988518], [-119.32307199973842, 38.23348899985128], [-119.32298300004994, 38.233425999736035], [-119.3228800001178, 38.23338000015498], [-119.3222969997866, 38.23323800034432], [-119.32217299993805, 38.23319399968089], [-119.32208300042467, 38.2331470000814], [-119.32187699966204, 38.23300700026874], [-119.32152000018499, 38.23274100023493], [-119.32139700016133, 38.2326629998867], [-119.32116700000758, 38.232551000018354], [-119.32107400012114, 38.23248600003453], [-119.32100299997603, 38.232409999882115], [-119.32094900044768, 38.23231299999001], [-119.32082700024894, 38.23199600034961], [-119.32073099998946, 38.2318070001937], [-119.32058700004943, 38.231589999722566], [-119.32045300015513, 38.23142500023824], [-119.32028499992563, 38.23124999999122], [-119.32025099959046, 38.23116999965739], [-119.32025700033653, 38.23109699994636], [-119.32027900007785, 38.23106700012124], [-119.3203540004209, 38.23101299984021], [-119.3204239998428, 38.23099199979855], [-119.32116399963452, 38.23096299983179], [-119.32125599969602, 38.23093499975558], [-119.321331999864, 38.230884999693544], [-119.32138499956746, 38.23082000033767], [-119.32141200022993, 38.23074399985555], [-119.32139899981114, 38.23065200009418], [-119.32135799980327, 38.230591000157524], [-119.32094000022684, 38.230248000255244], [-119.32086599970869, 38.2301629999615], [-119.32084899999026, 38.23012100008685], [-119.32084300014247, 38.230038000179185], [-119.32086900008173, 38.229957999923535], [-119.32111099993107, 38.22967200023044], [-119.32124099962739, 38.22945599966253], [-119.32162399994205, 38.2289820003039], [-119.32235399968803, 38.228211000183954], [-119.32278700023137, 38.22772599965531], [-119.32293199999633, 38.22759500023092], [-119.32337800006017, 38.22724399998547], [-119.3235050002818, 38.227124999853544], [-119.32354000044188, 38.227081999680884], [-119.32358899994738, 38.226993000096165], [-119.32361400006172, 38.22689899990909], [-119.3236130002368, 38.226679999692706], [-119.32365099987165, 38.226501000173315], [-119.32372799986452, 38.226359000339784], [-119.32383499999466, 38.226242000104705], [-119.32407099999621, 38.22606700008941], [-119.32415300001198, 38.22598299981961], [-119.32418899999698, 38.2259299999691], [-119.32422199960895, 38.22585300005097], [-119.32422800035506, 38.22574800009531], [-119.32419200037003, 38.22564599991265], [-119.32401800029275, 38.225438999891054], [-119.32393100025413, 38.225359000222625], [-119.32384900023834, 38.22530100001987], [-119.32371799981878, 38.22516099992394], [-119.32368500020681, 38.22510200028674], [-119.3236059996658, 38.22486499986236], [-119.32357399987875, 38.22465699974704], [-119.32355200013743, 38.22438300028882], [-119.32356200018317, 38.2242970002049], [-119.32359999981801, 38.22416100027489], [-119.32368100000889, 38.223977000214006], [-119.32376300002463, 38.22386299967427], [-119.32387400035272, 38.223764999674216], [-119.3240070004221, 38.22368700028551], [-119.32433499958685, 38.22355499993518], [-119.32450899966413, 38.22347700032135], [-119.32466199982501, 38.22337499977724], [-119.32471999955133, 38.22331100006855], [-119.32477300015307, 38.22319999992198], [-119.32477999982575, 38.223081000231645], [-119.32473499961993, 38.22297099974576], [-119.32465799962704, 38.222867999890674], [-119.32455499969487, 38.222779000090256], [-119.32442800037157, 38.22270799975117], [-119.32408600006481, 38.22249000034445], [-119.32388500022337, 38.222333000140495], [-119.32380599968235, 38.222237000239936], [-119.32376499967447, 38.22211999972668], [-119.323780999568, 38.221760000333205], [-119.32374999960584, 38.22154200020302], [-119.32369799972732, 38.22131599985113], [-119.32352200000021, 38.22080699964768], [-119.32350100008382, 38.22070799972273], [-119.3234929996879, 38.22060800032475], [-119.323499000434, 38.220508000083576], [-119.32351799980225, 38.220408999751776], [-119.32366599994026, 38.21999799982088], [-119.32374299993316, 38.21986699988907], [-119.32376200019974, 38.21981000030298], [-119.32375100032908, 38.21973100014662], [-119.3235770002518, 38.21952300017341], [-119.32351000030464, 38.21941999967138], [-119.32348600001521, 38.21933099988755], [-119.32348500019029, 38.21902800034654], [-119.32346900029677, 38.21864300011341], [-119.32347400031964, 38.21838699981704], [-119.32344800038034, 38.218296000029504], [-119.3233810004332, 38.21817399984886], [-119.32335600031887, 38.218084999952495], [-119.32336499964137, 38.21778400032891], [-119.32332899965635, 38.21743699967737], [-119.32323300029522, 38.21700800033288], [-119.32319399993716, 38.21649100024144], [-119.32312600016509, 38.216023999730226], [-119.32309799967769, 38.21593399991902], [-119.32304400014931, 38.21581300012287], [-119.32301700038515, 38.215724000161835], [-119.32302400005784, 38.215605999649256], [-119.32308599998211, 38.21543899967335], [-119.32309900040093, 38.21536699981909], [-119.32309799967769, 38.21522199977875], [-119.32304699962405, 38.21497200017461], [-119.32298700024793, 38.214751999925454], [-119.322942999867, 38.2143280002255], [-119.3227970002771, 38.21368300008453], [-119.32274200002553, 38.21351999979071], [-119.32270100001766, 38.21339699992921], [-119.3226120003292, 38.21321999978093], [-119.32244800029767, 38.21298400032519], [-119.32178399977562, 38.21214800024722], [-119.3214940002457, 38.21180799999127], [-119.3213800004429, 38.211694000147745], [-119.32127199958953, 38.21156899968687], [-119.32110199971022, 38.211406000304954], [-119.32094400042479, 38.21128100005528], [-119.32067499991295, 38.211044999958524], [-119.32061299998868, 38.21096300034396], [-119.320530000148, 38.2107739998905], [-119.32041399979704, 38.21044100014941], [-119.32072500014168, 38.20999200023361], [-119.32085700038618, 38.209652999982296], [-119.32091500011248, 38.20960700019088], [-119.32120600036562, 38.20905800032929], [-119.32190199977641, 38.208554000131606], [-119.3221629998923, 38.20807400022821], [-119.323351000296, 38.20681500003758], [-119.32427900040867, 38.20544200020049], [-119.3243660004473, 38.20505299976643], [-119.32320599963272, 38.20351999989763], [-119.32309000018009, 38.20249100000096], [-119.32282900006416, 38.202422000220274], [-119.32210400034106, 38.20191999985725], [-119.32201700030242, 38.20155400034983], [-119.3212620004421, 38.20109599998692], [-119.32091400028756, 38.20061699993456], [-119.32051699972921, 38.20032300021345], [-119.32058200002656, 38.1999699997626], [-119.32064700032387, 38.199740000275966], [-119.3207970001117, 38.19907500031267], [-119.32094299970156, 38.198433999826634], [-119.32101800004465, 38.19816500010698], [-119.32120899984037, 38.197618000094785], [-119.32193299973855, 38.19630299983575], [-119.32247099986388, 38.1953710001633], [-119.32270799969034, 38.194985000057024], [-119.32334200007516, 38.19387599987101], [-119.32365800044265, 38.19332999983005], [-119.32391100016264, 38.19285400009315], [-119.32397599956164, 38.19269200018206], [-119.3240979997604, 38.192277999870456], [-119.32417099955532, 38.19182400010786], [-119.32418700034718, 38.19150399994338], [-119.32415100036216, 38.19112599987925], [-119.32405400027778, 38.190603000311846], [-119.32398399995756, 38.19037600015301], [-119.3239160001855, 38.19019599983204], [-119.32331100011302, 38.18893200015793], [-119.32316799999788, 38.18866800023196], [-119.3228230002164, 38.187956000282924], [-119.32265900018487, 38.18763900014907], [-119.3225140004199, 38.187315999863245], [-119.32239700024405, 38.18695500009176], [-119.32230500018255, 38.18635100023842], [-119.32230600000744, 38.18606500002666], [-119.32232899957366, 38.18591600025899], [-119.3223949996959, 38.18562199979037], [-119.32247800043488, 38.185353000053716], [-119.32255899972743, 38.185164000193204], [-119.32284300030788, 38.18463399994517], [-119.32334399972497, 38.18382999975629], [-119.3241899998219, 38.182427999806954], [-119.32526000022479, 38.180658999812515], [-119.326352000369, 38.17885999977929], [-119.32654599963946, 38.17847999994124], [-119.3266040002641, 38.17834599968182], [-119.33527299967402, 38.17810800032102], [-119.33527600004707, 38.176462000280345], [-119.33529199994061, 38.16971799972039], [-119.34182299999115, 38.16953399975628], [-119.34184200025771, 38.16392200021214], [-119.35873200026224, 38.1640700003441], [-119.3584970000856, 38.15771399975606], [-119.35840099982613, 38.15512700024624], [-119.38233900009014, 38.15512700024624], [-119.38248600040323, 38.14754699978509], [-119.38249499972575, 38.147371999942656], [-119.39330200029167, 38.147252000312655], [-119.39537000022914, 38.147229000143206], [-119.39752699985509, 38.14777799978203], [-119.39842499983052, 38.14791599965133], [-119.3993520001183, 38.14798500019456], [-119.40207600018189, 38.14775699974832], [-119.40280000008008, 38.14796299988513], [-119.4031180000974, 38.14798599982315], [-119.4034079996273, 38.14789499965736], [-119.40398799958545, 38.14727699975143], [-119.40503100022416, 38.146430999909704], [-119.40543700010504, 38.14629399970872], [-119.40578500025958, 38.14640800018789], [-119.4075810002105, 38.14624800017143], [-119.40795699995414, 38.14631700017297], [-119.40824700038235, 38.146066000335445], [-119.40894399961805, 38.145813999975964], [-119.40920499973396, 38.145470999795165], [-119.41018999974804, 38.14551699982244], [-119.41021900006035, 38.145128000121204], [-119.410306000099, 38.14505899970152], [-119.4112910001131, 38.145128000121204], [-119.41172499958304, 38.14503699992259], [-119.41239199957981, 38.14467100005805], [-119.41578099999036, 38.14426000007146], [-119.41746200031356, 38.14350499996401], [-119.4179250000958, 38.14341300016922], [-119.41806999986078, 38.14352799989461], [-119.41864999981891, 38.14359700034929], [-119.42044599976981, 38.14302500024984], [-119.421141000254, 38.14295599996065], [-119.42186500015218, 38.1432999996482], [-119.42325600004712, 38.14380300022299], [-119.42374800014174, 38.14435200021118], [-119.4241830003349, 38.144580999671135], [-119.42499400027175, 38.144809999825235], [-119.42566000044359, 38.1453820000594], [-119.42635500002945, 38.145497000213474], [-119.42771699961207, 38.1455430002243], [-119.42792000000168, 38.145816999657335], [-119.42794900031399, 38.14609199983516], [-119.42815099998035, 38.146366000032074], [-119.42852800044722, 38.146595000234775], [-119.42986200044076, 38.1465039997467], [-119.43026699959842, 38.146709999889595], [-119.4307310001039, 38.146641000259784], [-119.43174500043033, 38.146069000006456], [-119.4321510003112, 38.146069000006456], [-119.4329329999357, 38.146252000193755], [-119.433250999953, 38.14618300013075], [-119.43371499956018, 38.14577200018465], [-119.43493200027618, 38.14499400001436], [-119.43583000025164, 38.14451299982323], [-119.43629300003391, 38.14334600033785], [-119.43687299999206, 38.142796999844506], [-119.43698900034299, 38.142270999785985], [-119.43719100000938, 38.142110999880984], [-119.43730700036033, 38.14108099977639], [-119.43780000027984, 38.140714999848704], [-119.43785800000613, 38.139983000137846], [-119.4377709999675, 38.139433999774745], [-119.43826300006211, 38.13886200024574], [-119.43913199972522, 38.1388160002618], [-119.43942200015346, 38.13769500010518], [-119.44032000012892, 38.13607100014736], [-119.44069699969747, 38.13517799970587], [-119.44086999994983, 38.134446000270714], [-119.4410440000271, 38.13414899977006], [-119.44188400027625, 38.133644999944565], [-119.4420869997675, 38.13337100002304], [-119.44211600007984, 38.132569999910764], [-119.44226099984479, 38.13202100030613], [-119.4423760003708, 38.13078499980142], [-119.44211600007984, 38.130236000196334], [-119.44223099970756, 38.129573000242594], [-119.44246300040948, 38.1291610001238], [-119.44376600044086, 38.127491000298], [-119.44414300000943, 38.12719299984874], [-119.44469299983032, 38.126118000188896], [-119.44625699997763, 38.12602599967329], [-119.4473869997567, 38.12577400006375], [-119.44825499959492, 38.125659999853674], [-119.44918199988267, 38.12586600019026], [-119.45134299970657, 38.124919000155835], [-119.45150599991321, 38.12460000017592], [-119.4533300003515, 38.12427900030887], [-119.45373600023237, 38.12398100017508], [-119.45446000013055, 38.12375199967025], [-119.45610999959328, 38.12343200027978], [-119.45674800017606, 38.1234540002121], [-119.45862799979257, 38.124919000155835], [-119.45897299957404, 38.12532100009273], [-119.45929099959137, 38.12536700010254], [-119.46021799987916, 38.125264000009544], [-119.46069900010309, 38.124919000155835], [-119.46126599964242, 38.1245079998674], [-119.4627140003371, 38.12402499970223], [-119.46363999990164, 38.12331500004654], [-119.46381399997892, 38.122903999915394], [-119.46448000015079, 38.12265200012999], [-119.46508799969801, 38.12228599964984], [-119.46647799976806, 38.12242099973927], [-119.46702900031218, 38.122742000001736], [-119.46778199962436, 38.12301600024752], [-119.4685929995612, 38.12313000034603], [-119.46894099971574, 38.123633000025386], [-119.46934599977169, 38.12365599985905], [-119.47012800029451, 38.12351800004182], [-119.47047499972582, 38.12329000017167], [-119.47059100007678, 38.12306100032624], [-119.47060199994745, 38.122897000109745], [-119.47080799981175, 38.12223999981887], [-119.47080799981175, 38.122217000245854], [-119.47080799981175, 38.12220099983191], [-119.47080799981175, 38.12218700008521], [-119.47080899963667, 38.1221709996647], [-119.47080899963667, 38.12211999984682], [-119.4708100003599, 38.12200099966213], [-119.4708100003599, 38.12197899999865], [-119.47085600039067, 38.12150799996045], [-119.47149700044817, 38.12083499988514], [-119.47201299993388, 38.11999400025834], [-119.47278399968773, 38.11905199980397], [-119.47313100001736, 38.118076000037796], [-119.47284200031237, 38.11696599996916], [-119.47187200036687, 38.11608900007874], [-119.46996599991282, 38.11568299991476], [-119.46831599955178, 38.115075000110195], [-119.46675399995259, 38.11402900003344], [-119.46473500041891, 38.11180500015687], [-119.46410500023205, 38.110995999824134], [-119.4633469999987, 38.11015299968427], [-119.46254699993251, 38.109411000083256], [-119.46208300032535, 38.10910799996114], [-119.46187099971492, 38.109106999800055], [-119.46131900024419, 38.109173999961875], [-119.45775999995432, 38.11072299985045], [-119.4574479997848, 38.11055000033837], [-119.45839599998898, 38.10863200018226], [-119.45912499991, 38.107623000084324], [-119.46227699959579, 38.10587600009581], [-119.46450000024228, 38.103589000057084], [-119.46468600001512, 38.101502000129145], [-119.46439899995994, 38.10018800031385], [-119.4636919997802, 38.09833499986437], [-119.4618769995627, 38.09715500016925], [-119.4598050003256, 38.096277000325756], [-119.45772999981709, 38.09593700026977], [-119.45577999988042, 38.09580000002677], [-119.45437800011479, 38.096068000339386], [-119.45377999971501, 38.09663899974047], [-119.45296499958023, 38.09781700006665], [-119.45168599983825, 38.0985220000698], [-119.45074699985491, 38.099227999930186], [-119.44934500008931, 38.09956300018229], [-119.448329999938, 38.09915700006141], [-119.44782799979765, 38.098281000146926], [-119.44753999991758, 38.0971689997657], [-119.44752900004691, 38.09699099974838], [-119.44752599967387, 38.09694100034864], [-119.44750300010766, 38.09656000034926], [-119.44746499957449, 38.095924000071975], [-119.4472600004334, 38.09494699985234], [-119.4470989998766, 38.09461000034339], [-119.4466340004445, 38.09363300023252], [-119.44587500038622, 38.09305900024081], [-119.4451919995976, 38.093665000141264], [-119.44429799982011, 38.094134999794065], [-119.4420440001098, 38.094872000056206], [-119.44046800026693, 38.09567799975415], [-119.43999299989076, 38.09682200014096], [-119.44044999982525, 38.09803499998682], [-119.44107499998924, 38.09941600026494], [-119.44157100028177, 38.10109999984741], [-119.44155799986298, 38.10268299986093], [-119.44087300032288, 38.103557000252465], [-119.44022600041757, 38.10487000005356], [-119.43941499958245, 38.10547399984636], [-119.43776299957158, 38.10633100022393], [-119.43740500026962, 38.107492000231304], [-119.43695099980985, 38.10767100029546], [-119.43561799964124, 38.10819600001519], [-119.4341949999592, 38.110004999719735], [-119.43414499973049, 38.11013899974821], [-119.43376999981176, 38.11115600008531], [-119.43325199977791, 38.11233400031868], [-119.43256300003982, 38.1136120000466], [-119.43165900021658, 38.11522700000581], [-119.43114399965746, 38.11590000017353], [-119.430546000156, 38.116269000341454], [-119.42969900023417, 38.11613300012108], [-119.42881299995426, 38.115560000256934], [-119.42835500019488, 38.11441399976332], [-119.42781000039682, 38.1136389998992], [-119.42692800031489, 38.11249299965456], [-119.42574699958394, 38.111715999652915], [-119.42504399960212, 38.109426000315565], [-119.42395700037909, 38.107438000212696], [-119.42260099974594, 38.10730100032671], [-119.42094999955998, 38.10682699976068], [-119.41976700007747, 38.10673299999879], [-119.4196080000688, 38.106720000307924], [-119.41944999988506, 38.10670800010194], [-119.4192120002337, 38.10668899994838], [-119.41823600044044, 38.10682200021253], [-119.41747099963607, 38.106922000299484], [-119.41727200034273, 38.10688999983417], [-119.41706700030333, 38.10696099996411], [-119.41632300031367, 38.10722299992604], [-119.41419799957646, 38.107690999667234], [-119.41262699975645, 38.1078569997553], [-119.4108900002551, 38.10768600017822], [-119.40585200020675, 38.10633100022393], [-119.4042389996556, 38.106395999707935], [-119.40250700017711, 38.10555099978404], [-119.40136099960624, 38.10554900007128], [-119.40123500010786, 38.10554900007128], [-119.40029199992655, 38.10559000018057], [-119.39876899978712, 38.10611699970884], [-119.39702399988981, 38.10682100002015], [-119.39599200002009, 38.10578599993673], [-119.3959800003245, 38.105774000284136], [-119.3959650002559, 38.10575900000879], [-119.39587800021725, 38.105671000121916], [-119.39576299969123, 38.10555600012604], [-119.39534199974175, 38.10513400017], [-119.39457900038381, 38.104997999715046], [-119.39394800037206, 38.104357000352486], [-119.39278199970968, 38.10183000014844], [-119.38987900044427, 38.09912999980451], [-119.3873000001456, 38.097846000025434], [-119.38577299980822, 38.09797799981429], [-119.38284899972807, 38.09770300004401], [-119.3828289996366, 38.09765200010655], [-119.38260299968078, 38.0970579997105], [-119.38249399990086, 38.09677199991864], [-119.38243699999944, 38.09662300008543], [-119.38239699981646, 38.09651700016147], [-119.38237699972498, 38.096464000141836], [-119.38193700040723, 38.09530999984226], [-119.38022199974888, 38.09254600033546], [-119.37847299965364, 38.09362000033188], [-119.3774140000197, 38.093517000003985], [-119.37618299995832, 38.09368299977451], [-119.37599399981241, 38.09304299980203], [-119.37599399981241, 38.09405599981703], [-119.37455699988672, 38.09352399979747], [-119.373957999662, 38.090929000106215], [-119.37105500039658, 38.08859500004932], [-119.36879499994018, 38.08872299993852], [-119.36809600015634, 38.08981799999411], [-119.36715299997503, 38.09017100004439], [-119.36506499994609, 38.09020099992204], [-119.36337899960004, 38.08906300032337], [-119.3614320000364, 38.08828999967519], [-119.36116300042288, 38.08637199990079], [-119.3589409996013, 38.08408300005511], [-119.35712700010706, 38.08297700031196], [-119.35546900024839, 38.08278100018762], [-119.35409800044492, 38.08329300022859], [-119.35407800035344, 38.08456699969345], [-119.35275199985747, 38.084914000227606], [-119.35149900005482, 38.084643999742255], [-119.35139399957451, 38.08462100035139], [-119.35074800039244, 38.0850149996763], [-119.34984500039411, 38.08556600010624], [-119.34770100028867, 38.08381600014411], [-119.34592200005619, 38.08311300003179], [-119.34502400008073, 38.08064599975216], [-119.34101999955196, 38.07523700023226], [-119.33943600021146, 38.07309399989561], [-119.33670999959973, 38.0703930002962], [-119.33725699994591, 38.06815400028651], [-119.33583900028677, 38.06628299970614], [-119.3341089995598, 38.06524400034229], [-119.3307379995909, 38.06568700035206], [-119.32792700038699, 38.06570299970512], [-119.32727600028373, 38.063845000342184], [-119.32605199989503, 38.063051000104934], [-119.32421300028642, 38.06093699969139], [-119.32420200041577, 38.05892200028146], [-119.32406299960032, 38.0575390000815], [-119.29859899972209, 38.057392999998406], [-119.2973450000945, 38.05738600028261], [-119.26856600032391, 38.057220000157585], [-119.26865099981443, 38.05474300023265], [-119.2583010000813, 38.05462599964864], [-119.25824699965465, 38.054669999914395], [-119.2579000002233, 38.054739000149276], [-119.25723900007434, 38.054614000086], [-119.25473099992081, 38.0545860001557], [-119.25461200009511, 38.058264999773726], [-119.25116599978315, 38.058207000273455], [-119.24994899996548, 38.05819200013916], [-119.24553899955585, 38.05830100019657], [-119.24556299984528, 38.05666800031497], [-119.24557200006612, 38.05608399977278], [-119.24614399962834, 38.05596699991777], [-119.24638600037596, 38.05593199994292], [-119.24658200019455, 38.05589400011293], [-119.2473889999334, 38.055737999859694], [-119.24746099990344, 38.05572500029512], [-119.24830600017545, 38.05556999986804], [-119.24854700019985, 38.05549399981248], [-119.24908199995215, 38.05528300028695], [-119.24934800009096, 38.05514500007049], [-119.24967100013114, 38.05492700029521], [-119.25002099993549, 38.05467500020014], [-119.25014499978408, 38.0545729996792], [-119.25042900036449, 38.05426899979383], [-119.25065299977217, 38.053969000186285], [-119.25070499965072, 38.05391100011086], [-119.2512040003163, 38.05349199974968], [-119.25131599957098, 38.05338399981984], [-119.25145799986123, 38.05326100000035], [-119.25153999987697, 38.05319599995475], [-119.25172399999998, 38.05301499974134], [-119.25182699993215, 38.052902000115864], [-119.25191800016876, 38.0528019996946], [-119.2508799995529, 38.05306500017722], [-119.24980500002545, 38.053360000285345], [-119.2494290002818, 38.05361199995642], [-119.24850399964383, 38.05468799995116], [-119.24801200044757, 38.05498500027283], [-119.2467100002411, 38.05491799995308], [-119.24560800005112, 38.054045999910485], [-119.24540700020968, 38.053888000251156], [-119.24477000035013, 38.05359099972223], [-119.2441910002169, 38.053546000008495], [-119.24398899965223, 38.05370600012243], [-119.24307700033138, 38.054800000159254], [-119.24094800029454, 38.05489000013909], [-119.24109399988438, 38.05118799993099], [-119.23729500029336, 38.05129399978192], [-119.2370240001317, 38.05147500000672], [-119.23613000035421, 38.05210000023401], [-119.2360180002012, 38.05216400031265], [-119.23516000040873, 38.05273299975577], [-119.23509799958613, 38.052804999659735], [-119.23504599970758, 38.05290800003777], [-119.2349629998669, 38.05297099989538], [-119.2348840002242, 38.05300599987147], [-119.23481899992689, 38.05307500026029], [-119.234745000307, 38.053216000083786], [-119.23459799999392, 38.05339999974091], [-119.23452699984884, 38.053620000246134], [-119.2345119997802, 38.05375199994895], [-119.23449199968873, 38.053810999653365], [-119.234449000031, 38.05388400012105], [-119.23435799979443, 38.05395500009907], [-119.23411900031815, 38.05406700001413], [-119.23381100034658, 38.05423900002988], [-119.23355100005556, 38.05433099969145], [-119.23346800021488, 38.05434499970674], [-119.23303999969438, 38.054453000340644], [-119.2329760001203, 38.05445600023811], [-119.23271400017948, 38.05440400034788], [-119.2326520002552, 38.05441800034915], [-119.23254000010219, 38.05450599968962], [-119.23241899972837, 38.05455400012126], [-119.23211999997763, 38.05456200030802], [-119.23193099983175, 38.05455800021475], [-119.23167800011176, 38.05453399965051], [-119.23152800032393, 38.05452799986189], [-119.23139400042963, 38.05453899994555], [-119.23122700002507, 38.05456800009384], [-119.23108499973482, 38.05460999999557], [-119.23066799998331, 38.05481599977078], [-119.23054400013476, 38.05486599968371], [-119.2303509997909, 38.05491900014835], [-119.23031200033115, 38.054940000001466], [-119.23028700021679, 38.054992999705156], [-119.23016500001806, 38.055789000033506], [-119.23013499988083, 38.0558550000808], [-119.230097000246, 38.05590699964749], [-119.22999500013874, 38.05598400016221], [-119.22993700041245, 38.05601699975175], [-119.22988100033594, 38.05603200033184], [-119.22974999991635, 38.05603799999717], [-119.22950700024212, 38.05602000029241], [-119.22925600017194, 38.055981999800814], [-119.22906700002606, 38.05599900004177], [-119.22854200031952, 38.056158999744724], [-119.22820900023358, 38.05628399999867], [-119.22808299983689, 38.05634799995553], [-119.22731000043323, 38.0566760002707], [-119.22712499958698, 38.05674600019935], [-119.22651899968959, 38.05699700007016], [-119.22660800027636, 38.05684899998278], [-119.2267730001328, 38.05664700025032], [-119.22735700028889, 38.0561119998373], [-119.22749000035829, 38.05596500026321], [-119.22756399997812, 38.055843000012345], [-119.22756099960509, 38.055787999850125], [-119.22753200019109, 38.055732000169776], [-119.22750500042687, 38.055707999990524], [-119.22746000022106, 38.055687999835115], [-119.22731200008305, 38.05565600028244], [-119.22688399956256, 38.05562200034453], [-119.22655999969746, 38.05555600008707], [-119.22627000016755, 38.05553300003698], [-119.2261270000524, 38.05550099970923], [-119.22608100002167, 38.05546299965546], [-119.22605300043259, 38.05542800014695], [-119.22600099965571, 38.05532700015774], [-119.2259570001731, 38.05517699984653], [-119.22592000036317, 38.05497700013231], [-119.22580400001222, 38.05483200008618], [-119.2257670002023, 38.05476899970828], [-119.22575600033164, 38.05469900001078], [-119.22578499974564, 38.054632000136536], [-119.22581400005798, 38.05458900004772], [-119.22583699962419, 38.05452600016802], [-119.22585099986789, 38.05446200003263], [-119.22584800039314, 38.05439099983904], [-119.2258240001037, 38.05430699976016], [-119.2257599996313, 38.05419100009908], [-119.22559399994995, 38.053697999842065], [-119.22552399962973, 38.053573000122995], [-119.22542700044367, 38.053480000001116], [-119.22529400037429, 38.05333099965842], [-119.22518600041923, 38.053142999657254], [-119.22505199962664, 38.05308400012172], [-119.22499499972521, 38.05307699999381], [-119.22494899969448, 38.05305999978147], [-119.22491199988455, 38.05302499983125], [-119.22489199979307, 38.05298500017075], [-119.22484599976231, 38.05282900008354], [-119.22481200032544, 38.052751999786445], [-119.22471299969293, 38.052616000202924], [-119.22449000011015, 38.05220199995704], [-119.22440800009441, 38.05208100003414], [-119.2243739997592, 38.05200699965536], [-119.22418200013858, 38.051699000181124], [-119.22413299973479, 38.05159600022397], [-119.22407800038152, 38.05140199996598], [-119.22405800029001, 38.05126700024155], [-119.22406699961255, 38.051169999740836], [-119.22404599969614, 38.05109400006824], [-119.22398999961965, 38.0510290002205], [-119.22394500031211, 38.05093200011181], [-119.2236120002262, 38.050560000348405], [-119.2234439999967, 38.05033600022552], [-119.223429999753, 38.05029899987084], [-119.22341200020965, 38.05018899966187], [-119.2234220002554, 38.04996199973701], [-119.2233729998516, 38.049525000227604], [-119.2233879999202, 38.04937699988659], [-119.22346900011105, 38.04918100027456], [-119.22347300030903, 38.049114999868394], [-119.22344900001956, 38.04900600027856], [-119.2233729998516, 38.04878999975516], [-119.22335399958502, 38.04871100030852], [-119.22334699991231, 38.04858799971085], [-119.22331599995017, 38.048530999898645], [-119.22328099979009, 38.0485240000428], [-119.22318500042893, 38.048532999756304], [-119.22307800029881, 38.04856400001874], [-119.22301499965128, 38.04856700015751], [-119.22287599973411, 38.04855299974457], [-119.22272500012137, 38.0484940000465], [-119.22260899977044, 38.048419000001935], [-119.22256199991477, 38.04839899997711], [-119.22223399985172, 38.04832599969853], [-119.22215000018615, 38.04827800013466], [-119.22202799998739, 38.048227999966], [-119.22193900029892, 38.048170999873506], [-119.22185100043538, 38.04808600014966], [-119.22173199971138, 38.0480030001992], [-119.2215490003116, 38.04794000031033], [-119.22141299986914, 38.047910999658306], [-119.22124200016495, 38.047908000200025], [-119.22118199989046, 38.04792099973807], [-119.22089400001039, 38.0479429997673], [-119.22064299994021, 38.04794500034839], [-119.22032099972496, 38.04791300024034], [-119.22000799973048, 38.04782300017082], [-119.21973900011699, 38.047710000311994], [-119.21903399958704, 38.04731499993603], [-119.21868200013286, 38.047088999890676], [-119.2184119997961, 38.046945000086424], [-119.21800400026544, 38.046569000048166], [-119.21772800008092, 38.04620000027994], [-119.21770100031674, 38.04615000010691], [-119.21752700023946, 38.04592999978888], [-119.21730899978127, 38.045743999814604], [-119.21693999971032, 38.045327999668125], [-119.21655399992095, 38.04493899974962], [-119.21634300003375, 38.04462400002162], [-119.21620800031452, 38.04453200018674], [-119.21605599997856, 38.04444400017502], [-119.2158829997262, 38.044417999861885], [-119.21584400026644, 38.04440000012945], [-119.21574700018206, 38.04432100019036], [-119.21570500034927, 38.044298000147315], [-119.21551799985323, 38.04425799996292], [-119.2153699997152, 38.04416899998716], [-119.21530399959299, 38.04416300005644], [-119.21525400026256, 38.044174000282815], [-119.21510500029967, 38.044238000216275], [-119.21496899985722, 38.04434899980241], [-119.21483599978784, 38.04443199965071], [-119.21464499999212, 38.04447300007799], [-119.21442900008205, 38.044629999914555], [-119.2143689998076, 38.044648000297926], [-119.2142499999819, 38.04470000004414], [-119.21421300017198, 38.04473499973004], [-119.21413199998113, 38.04483899976942], [-119.21399700026191, 38.044964000253906], [-119.21384800029898, 38.04501500015256], [-119.21374299981869, 38.04503099978056], [-119.21364599973434, 38.04503600001729], [-119.21338499961843, 38.04499200032753], [-119.2133129996484, 38.04499400028181], [-119.21323200035586, 38.045024000297474], [-119.21305800027858, 38.0451169998433], [-119.21297799991265, 38.04514299990821], [-119.21287699963031, 38.04516500006478], [-119.2127350002384, 38.045221000047526], [-119.21263099958303, 38.04528899966586], [-119.21245400003099, 38.04537500013301], [-119.21225800021242, 38.04539700021987], [-119.21204300012727, 38.04538800012081], [-119.21193699982206, 38.04536900030112], [-119.21188499994352, 38.04534799982451], [-119.2118480001336, 38.04531599999611], [-119.2118270002172, 38.04528400015379], [-119.21177299979054, 38.04512999987691], [-119.2117429996533, 38.04507999968061], [-119.21166499983548, 38.04499699985948], [-119.21159299986545, 38.04499600023609], [-119.21149300030636, 38.04498199984765], [-119.21121299992387, 38.04487299976387], [-119.21108099967938, 38.044862999975244], [-119.21100299986156, 38.04487200013879], [-119.21096000020388, 38.044896999958496], [-119.2106089996763, 38.04488500021589], [-119.21054299955406, 38.04489300004454], [-119.21049499987348, 38.04491900018898], [-119.2104809996298, 38.04495199981483], [-119.21048300017792, 38.04499699985948], [-119.21045300004069, 38.04506700034559], [-119.21039600013926, 38.04511099999027], [-119.2103559999563, 38.045124000024956], [-119.21022999955962, 38.0451169998433], [-119.21019000027495, 38.045101999856115], [-119.21014800044216, 38.04509700033129], [-119.2100389997639, 38.04510399980743], [-119.20982700005179, 38.04509000014711], [-119.20974199966297, 38.04511299994135], [-119.20948800011806, 38.04510300018551], [-119.2092219999793, 38.045118000172494], [-119.20917799959838, 38.04511299994135], [-119.20904299987916, 38.04507399982455], [-119.20899299965042, 38.04507399982455], [-119.20880900042575, 38.045107000088], [-119.2085959999904, 38.045118000172494], [-119.20854999995964, 38.045142000286816], [-119.20846000044628, 38.045245999748076], [-119.20838500010319, 38.04539000006432], [-119.20819199975936, 38.04569099978111], [-119.20813300020815, 38.04572800034248], [-119.20808100032959, 38.04573400014495], [-119.20793999986427, 38.045714000094016], [-119.20776999998496, 38.04569999984287], [-119.20767299990058, 38.04568300003967], [-119.2075320003336, 38.04564099996793], [-119.20737999999761, 38.045480000295], [-119.20707399967588, 38.0453380001007], [-119.20696599972082, 38.04523600001039], [-119.20688500042831, 38.04521100030643], [-119.20676900007736, 38.045221999667845], [-119.20669299990938, 38.045213000254726], [-119.20658400012942, 38.04517099991338], [-119.20630499957186, 38.04515799988705], [-119.20627600015786, 38.045144999858415], [-119.2061749998755, 38.045124000024956], [-119.20605799969962, 38.045129000255336], [-119.20593600039922, 38.04517699976148], [-119.20574800007823, 38.04519100011264], [-119.2056250000546, 38.04520699970217], [-119.20545500017529, 38.04526700025401], [-119.20520300028022, 38.04530499994137], [-119.204836999684, 38.04544599987498], [-119.20461099972817, 38.04546000017469], [-119.20431100015253, 38.04553200015777], [-119.20421200041837, 38.045548999996036], [-119.20386000006583, 38.04551700025555], [-119.20343699956823, 38.04554300017841], [-119.20310199983247, 38.045480000295], [-119.20201600043433, 38.04545300002518], [-119.20195600015988, 38.0454580002331], [-119.20189099986256, 38.0454840001769], [-119.20177899970957, 38.045504999907116], [-119.20152900036261, 38.04551900019554], [-119.20103399989499, 38.04549399988077], [-119.20056799973968, 38.04548099991178], [-119.19989999991799, 38.04551000011148], [-119.1996349996041, 38.04557699984594], [-119.19953900024294, 38.04558599992171], [-119.19943999961043, 38.0455839999836], [-119.19917000017202, 38.04555800007531], [-119.19902399968382, 38.04553200015777], [-119.19904299995041, 38.04549199994009], [-119.19911599974533, 38.04521900009945], [-119.19921100017989, 38.04501999968299], [-119.19923700011918, 38.044932000257745], [-119.19921500037786, 38.04488799979802], [-119.1990849997832, 38.04477700032155], [-119.19902299985893, 38.04473400010308], [-119.19899100007187, 38.04473000018021], [-119.19893699964521, 38.04473899965269], [-119.19875300042048, 38.044830000309275], [-119.19861600015317, 38.044836999810904], [-119.19848499973358, 38.04481399992991], [-119.19838400034953, 38.044768999772785], [-119.19824299988427, 38.04469299982195], [-119.19789499972968, 38.04467500015716], [-119.19766700012407, 38.04458599998081], [-119.19741000020613, 38.04446599983416], [-119.19691899993643, 38.04417899987062], [-119.19688399977633, 38.04414599989637], [-119.19684899961625, 38.04409599973557], [-119.1967950000879, 38.04405200018833], [-119.1966279996833, 38.043945000117915], [-119.19631999971173, 38.043711000324855], [-119.19595900003671, 38.04333299995012], [-119.19586399960214, 38.04324000026067], [-119.19574499977645, 38.05064000017567], [-119.19557400007223, 38.06356800003548], [-119.19549899972917, 38.06885799993647], [-119.18823399973466, 38.06885699993171], [-119.17805300005598, 38.06885799993647], [-119.17774199971134, 38.07192399971069], [-119.17762100023585, 38.07312299976225], [-119.17747300009783, 38.074594000225666], [-119.17753900022008, 38.074628999760066], [-119.17779699996294, 38.07479300014331], [-119.1780210002689, 38.074968000000084], [-119.17822100028546, 38.07516100009608], [-119.17840200003542, 38.075380000320955], [-119.17848700042424, 38.07549600033582], [-119.1786330000141, 38.0757790001976], [-119.17866099960321, 38.075833000274244], [-119.17874799964181, 38.07608500034022], [-119.17879899969546, 38.076331000122764], [-119.17881799996204, 38.076579000290465], [-119.17880299989342, 38.076835000197406], [-119.17877299975619, 38.07700599983769], [-119.17865099955745, 38.07804999983653], [-119.17834900033198, 38.0802969997718], [-119.1781269996758, 38.08214600004364], [-119.17810900013248, 38.082474999780004], [-119.1781180003533, 38.082767999771214], [-119.17820200001889, 38.08313599989696], [-119.17825100042268, 38.08327100022044], [-119.17850699961741, 38.08381500034392], [-119.17857299973964, 38.08394000001484], [-119.17880100024358, 38.08425500021762], [-119.17894699983347, 38.08440900018423], [-119.17913500015443, 38.08457500013387], [-119.17960600033261, 38.08494299964951], [-119.18068699970789, 38.085595999752506], [-119.18102200034193, 38.08583500024222], [-119.18113600014476, 38.085932999811895], [-119.18143800026854, 38.086223999844854], [-119.18169400036159, 38.086533000113484], [-119.18191899959417, 38.08685800016517], [-119.1820890003718, 38.08720100000153], [-119.18213500040257, 38.087312000179004], [-119.18222800028897, 38.08761800013954], [-119.18280499987407, 38.08754099968779], [-119.18302800035514, 38.08751600029504], [-119.18337899998441, 38.087477000150486], [-119.18351299987872, 38.087444999653776], [-119.18369399962867, 38.08738900016491], [-119.18386699988106, 38.08731899985971], [-119.18407899959315, 38.087209000153706], [-119.18428299980765, 38.08739700029652], [-119.1843859997398, 38.0874740001929], [-119.18440599983128, 38.08749700010029], [-119.18535900005833, 38.08722100002684], [-119.18602500023022, 38.087198000032615], [-119.18648800001249, 38.087335000137365], [-119.18735699967563, 38.08797600033907], [-119.1883700001771, 38.08841099981598], [-119.18923899984024, 38.08829600023033], [-119.19033900038038, 38.08790700034024], [-119.19094699992763, 38.08756400028115], [-119.19135199998358, 38.08715200002245], [-119.19175700003953, 38.08655700007969], [-119.19216200009548, 38.08616800012777], [-119.19227800044644, 38.08616800012777], [-119.19239200024923, 38.085824999687155], [-119.19235799991405, 38.08579599990797], [-119.19261099963404, 38.08506800022024], [-119.19271500028941, 38.08507599989876], [-119.19289699986432, 38.085100000343274], [-119.19303599978149, 38.08513099996302], [-119.19316499965292, 38.08518099966417], [-119.19333899973017, 38.08528999981326], [-119.19347699982245, 38.08541000019164], [-119.1935799997546, 38.08554899966487], [-119.19364500005193, 38.08570299973403], [-119.19366699979325, 38.085864000005934], [-119.19368000021204, 38.08687200031991], [-119.19371899967177, 38.08767199995805], [-119.1937479999841, 38.08788500030639], [-119.19382099977902, 38.08811199995144], [-119.19388699990127, 38.08825999972038], [-119.19396800009214, 38.08839600021843], [-119.19422699965989, 38.08872299993852], [-119.19438599966854, 38.08887699968488], [-119.1945649997687, 38.089016000343555], [-119.19476200031052, 38.08914100031338], [-119.19497400002263, 38.08924800005558], [-119.1951980003286, 38.089336999649134], [-119.19543400033014, 38.0894070001431], [-119.1956770000044, 38.08945699974781], [-119.19604500025042, 38.0894940000979], [-119.19625600013762, 38.089501000276705], [-119.19649899981185, 38.089489999793464], [-119.19673900001136, 38.089458000177935], [-119.19697400018802, 38.0894070001431], [-119.19720099996874, 38.089336999649134], [-119.19741699987881, 38.08924899978153], [-119.1976200002684, 38.0891429997682], [-119.19780799969105, 38.08902099969597], [-119.19797900029359, 38.088883999922764], [-119.19821500029516, 38.08865100002844], [-119.19834599981642, 38.08849000023801], [-119.19845399977144, 38.0883200003248], [-119.19853900016024, 38.08814100022596], [-119.1986000002596, 38.087957000263934], [-119.19863799989446, 38.08775099976466], [-119.19871200041261, 38.087119000335456], [-119.19887899991886, 38.08717700024674], [-119.19899899956948, 38.087198999786594], [-119.1990420001255, 38.087198000032615], [-119.19925499966253, 38.087137999921396], [-119.19940799982338, 38.087131000223366], [-119.1995080002808, 38.08714800029685], [-119.19958400044881, 38.08717299981551], [-119.19973000003867, 38.087273999678594], [-119.19979399961278, 38.08734199981587], [-119.19988800022244, 38.08747199998543], [-119.1998940000702, 38.08759200031747], [-119.19990499994086, 38.08764499970026], [-119.2000279999645, 38.087875999776486], [-119.20034799963163, 38.088226999826496], [-119.20045899995972, 38.088332999754044], [-119.20067599969468, 38.08844400033379], [-119.20094900040449, 38.08853399993489], [-119.20101999965128, 38.088576999870156], [-119.20107800027591, 38.08865999975594], [-119.20116399959132, 38.08885900028218], [-119.20129400018598, 38.08911399989118], [-119.2013519999123, 38.08937900009493], [-119.20136100013315, 38.08953900032646], [-119.20132599997304, 38.09001099978219], [-119.20130400023173, 38.09011799966491], [-119.20130099985867, 38.09024700013463], [-119.20133400036896, 38.09042100006235], [-119.20148599980661, 38.090886999844045], [-119.20160100033264, 38.09105000012075], [-119.20163599959443, 38.09115600019676], [-119.20175699996825, 38.09191100016669], [-119.20179999962598, 38.09196899981096], [-119.20185400005266, 38.09200000005291], [-119.20194399956601, 38.09200799967994], [-119.20200399984046, 38.09199799996929], [-119.20221399990277, 38.09192500006065], [-119.20239499965273, 38.091836000083156], [-119.20260200024026, 38.09170700029668], [-119.20271400039327, 38.09166999965273], [-119.20277899979229, 38.091666999867215], [-119.20290500018898, 38.09168799977727], [-119.20302200036483, 38.091724000013016], [-119.20325499999335, 38.09184000025921], [-119.20349099999488, 38.09200799967994], [-119.2035610003151, 38.0920759996555], [-119.203598000125, 38.09215199988608], [-119.20361300019363, 38.092264000007354], [-119.20353700002565, 38.09291899981764], [-119.2035410002236, 38.093397999876856], [-119.20350199986555, 38.09363199985959], [-119.20343800029146, 38.09387599996217], [-119.20341200035217, 38.09394000025985], [-119.20332699996335, 38.09442599969766], [-119.20329600000122, 38.094724999893124], [-119.20329000015344, 38.09509299992285], [-119.20327799955956, 38.095174999834526], [-119.20299700025046, 38.09578099986441], [-119.20283599969368, 38.09596899987672], [-119.20237600028443, 38.09633599966916], [-119.20183599961098, 38.096747000148106], [-119.20180899984679, 38.09681800023751], [-119.20181399986966, 38.09714600007383], [-119.2018020001741, 38.09722700018607], [-119.20177600023484, 38.09731700028401], [-119.2016890001962, 38.09744499974542], [-119.20164499981527, 38.097490000027456], [-119.20154500025616, 38.0975509997372], [-119.20137600020176, 38.097625000000455], [-119.2010420002909, 38.09774499992422], [-119.20044499971603, 38.097939000303164], [-119.20022999963086, 38.097990000040326], [-119.1996680001144, 38.09806900000655], [-119.19903000042996, 38.09813500008282], [-119.19889300016257, 38.09815499994421], [-119.19858799966573, 38.098233000129], [-119.19729999970296, 38.09871900000299], [-119.19672499976768, 38.09898599991521], [-119.19617199957372, 38.099274000116914], [-119.19559400016374, 38.0996349999473], [-119.19513200020636, 38.099886999980164], [-119.1943460003839, 38.100188999890165], [-119.19408000024512, 38.10031500012032], [-119.19392500043442, 38.10040100024242], [-119.19360499986895, 38.10062700032738], [-119.1934390001876, 38.10077700004788], [-119.19321599970654, 38.10104299994492], [-119.19296899983433, 38.10138599966644], [-119.19281400002363, 38.1016829998434], [-119.19276200014511, 38.10183699985262], [-119.19276499961981, 38.10197400008831], [-119.19279800013011, 38.1021010003251], [-119.19279300010724, 38.10216999964871], [-119.1926779995812, 38.10241100017633], [-119.19265599983989, 38.10256800011005], [-119.19267500010646, 38.102930999709656], [-119.192726999985, 38.103241999815275], [-119.19276499961981, 38.103318999984715], [-119.1928190000465, 38.103385999799876], [-119.19297300003228, 38.10351299970299], [-119.1933339997073, 38.10371800007717], [-119.19406099997855, 38.10405499999735], [-119.19413899979637, 38.10409799999076], [-119.19432700011733, 38.10422999979584], [-119.19468899961724, 38.10450599996715], [-119.19523699978834, 38.10493999980783], [-119.1953189998041, 38.1049940002592], [-119.19542099991135, 38.10502799986838], [-119.19625000028984, 38.10524699969536], [-119.19695800029452, 38.10531600028919], [-119.19738500009178, 38.10533099994867], [-119.19788200020922, 38.10531600028919], [-119.1982040004245, 38.10527200009218], [-119.19839299967207, 38.10525999964835], [-119.19857599997016, 38.10521799984635], [-119.19927399992908, 38.10513800032506], [-119.19961399968771, 38.10508399998019], [-119.19972699966561, 38.10505600028309], [-119.19993500007807, 38.104984999715505], [-119.20028700043058, 38.104941000026024], [-119.20041999960166, 38.10493299969405], [-119.20065700032644, 38.104881000342516], [-119.20099999955981, 38.10483099997956], [-119.20113900037529, 38.10482300034242], [-119.20178899975531, 38.104835999663955], [-119.20226699960622, 38.10487000005356], [-119.20252900044531, 38.104829999759865], [-119.20284499991452, 38.10482800002737], [-119.20338499968967, 38.104751000034504], [-119.2037730000272, 38.104733999813995], [-119.20431799982524, 38.10475699994509], [-119.20484099988195, 38.104742999681775], [-119.2053360003496, 38.10470799971859], [-119.20552299994735, 38.10467399996049], [-119.2056329995522, 38.10464199992425], [-119.20599999997333, 38.104500000036005], [-119.20619300031716, 38.104395999972624], [-119.20635599962546, 38.10427500014077], [-119.20646799977847, 38.104223000320914], [-119.20664199985575, 38.10417300021447], [-119.20671300000086, 38.10413999972966], [-119.20745299979254, 38.10370000008802], [-119.20754999987695, 38.10362600032178], [-119.20765899965687, 38.10357599980678], [-119.20781299964267, 38.10355300001085], [-119.20806600026098, 38.10353099973821], [-119.20811899996443, 38.10351800018448], [-119.20826600027752, 38.1036089998395], [-119.20835499996595, 38.103683000329845], [-119.20840799966943, 38.10374099982116], [-119.20861899955663, 38.10405099978299], [-119.208679999656, 38.104179999694246], [-119.20884200003769, 38.10465200002546], [-119.20827600032327, 38.10603099995282], [-119.2081950001324, 38.106200000174574], [-119.20797900022234, 38.10675200014089], [-119.20764000028863, 38.10750199994235], [-119.20754800022713, 38.10767100029546], [-119.20740299956383, 38.10766499991734], [-119.2073220002713, 38.10768699965196], [-119.20725799979887, 38.10773000033498], [-119.20722500018695, 38.10776500026405], [-119.20718900020192, 38.10782899970729], [-119.20705899960728, 38.108222999749344], [-119.2070250001704, 38.10827699989448], [-119.20659099980213, 38.10865800029478], [-119.2036259997141, 38.111199000139926], [-119.20324499994759, 38.111507000004686], [-119.20284800028757, 38.111869000301326], [-119.20252600007228, 38.11213299986278], [-119.20239100035307, 38.11226200034556], [-119.20235299981994, 38.11231799985962], [-119.2023369999264, 38.11238000002879], [-119.20233600010148, 38.112540000085396], [-119.20231900038306, 38.11256899985494], [-119.20215299980339, 38.11268600034368], [-119.20194000026638, 38.11288499976586], [-119.20131900030036, 38.11340699987172], [-119.20032300041561, 38.11420500006081], [-119.19931999995984, 38.115030000057175], [-119.19892800032268, 38.115363999868464], [-119.1985290001145, 38.11566199983271], [-119.19792099966898, 38.116162999942006], [-119.19737900024397, 38.116643999699356], [-119.19680000011074, 38.11712599987367], [-119.19497200037279, 38.11870900033875], [-119.19441900017883, 38.11917699998737], [-119.1943549997064, 38.119256999681504], [-119.19417899997931, 38.11954599985163], [-119.19401300029799, 38.11979799975605], [-119.19375899985475, 38.120216999775344], [-119.19323900017109, 38.12096799983317], [-119.1931839999195, 38.121072000330464], [-119.19316999967579, 38.12112300017368], [-119.19317200022392, 38.12127100022359], [-119.19321400005671, 38.12166099988293], [-119.1931789998966, 38.12195299968116], [-119.19318700029253, 38.12201800010419], [-119.19331600016396, 38.12235499969533], [-119.19366599996833, 38.12291199969242], [-119.19383300037292, 38.12308900018849], [-119.19391600021358, 38.12322800007767], [-119.19413999962126, 38.123702000211296], [-119.1941699997585, 38.123911000294484], [-119.19426000017019, 38.12429099974809], [-119.19426199982, 38.12435800011427], [-119.19422699965989, 38.12444999990517], [-119.19422500001008, 38.12448099979321], [-119.19423800042887, 38.12451900002559], [-119.1942900003074, 38.12459599967335], [-119.194297999805, 38.124664999655785], [-119.19426699984287, 38.12482800019511], [-119.194269000391, 38.1250550002662], [-119.19425000012446, 38.12521500011328], [-119.19426000017019, 38.1252579996635], [-119.19447400043042, 38.12549399994856], [-119.1945709996165, 38.125711000025454], [-119.19462699969297, 38.12578200023298], [-119.1947329999982, 38.12587700014389], [-119.1948960002048, 38.125983999798756], [-119.19505400038857, 38.126072999874374], [-119.19511799996268, 38.12609800020956], [-119.19524600000918, 38.12612700024846], [-119.19529799988771, 38.12614900007535], [-119.19534399991848, 38.12618199980324], [-119.19544799967557, 38.126309000351434], [-119.19547199996498, 38.12637099994895], [-119.19548299983565, 38.126444999992366], [-119.19547699998786, 38.12652400028063], [-119.19542199973627, 38.1268020001411], [-119.19540400019292, 38.126956000192806], [-119.1954169997134, 38.12731499978609], [-119.19544100000284, 38.12743499969933], [-119.19542699975914, 38.127470999988155], [-119.19530100026076, 38.12767999988135], [-119.19528500036726, 38.127723000099614], [-119.19528600019216, 38.1278609997415], [-119.19533499969764, 38.128038000252175], [-119.1953399997205, 38.128097999992534], [-119.1953160003294, 38.128203000126106], [-119.19526100007779, 38.12828500032735], [-119.19502000005335, 38.1285549999769], [-119.19495800012908, 38.12861099971636], [-119.19475800011254, 38.12874299973983], [-119.19466400040122, 38.12881399982505], [-119.19449699999664, 38.12898599999401], [-119.1943959997143, 38.12915699987112], [-119.19421599978924, 38.12943100006637], [-119.19413499959839, 38.12958199987625], [-119.19407100002428, 38.12979000020723], [-119.19403500003928, 38.13070900018731], [-119.19401400012288, 38.13080900007226], [-119.19398099961262, 38.130902999938115], [-119.19388500025146, 38.131080000138695], [-119.193860999962, 38.13116899965425], [-119.19384199969542, 38.13136500001486], [-119.19383699967256, 38.131631000167175], [-119.19366699979325, 38.13241300016487], [-119.19361099971674, 38.132565000005094], [-119.19359499982322, 38.13263900012885], [-119.19359700037137, 38.13279900031185], [-119.19360900006693, 38.13291299997206], [-119.19367900038712, 38.133167999869094], [-119.19393299993203, 38.1337410000451], [-119.1939739999399, 38.13380500004194], [-119.19470299986095, 38.13441700000386], [-119.19544600002573, 38.13476699994521], [-119.19608899973305, 38.134964000342826], [-119.19619300038843, 38.13500299987071], [-119.19629999962025, 38.13505399987409], [-119.19643500023777, 38.13513699995576], [-119.19653200032214, 38.135215000218906], [-119.19658599985051, 38.13527600022165], [-119.19675200043018, 38.135390000252286], [-119.19699000008157, 38.13548799977681], [-119.1971559997629, 38.13558500007785], [-119.19727100028896, 38.13569900033239], [-119.19733200038833, 38.135746999754055], [-119.19741100003102, 38.135783999978614], [-119.19763000031415, 38.13582500007182], [-119.19797799957036, 38.13586600014199], [-119.19809700029438, 38.13590000021717], [-119.19813099973123, 38.13593699965758], [-119.19813199955615, 38.135966000027004], [-119.1981199998606, 38.13600099984836], [-119.19799900038507, 38.136105000127095], [-119.19794900015637, 38.1361590001454], [-119.19792900006487, 38.13619499966435], [-119.19793300026285, 38.13625199969069], [-119.19793499991266, 38.1362760002835], [-119.19796400022501, 38.1363609999642], [-119.19802000030148, 38.136390000165136], [-119.19805100026362, 38.136393000234015], [-119.19814699962478, 38.13637400003134], [-119.19866300000879, 38.13622799979657], [-119.1987679995908, 38.13618300006216], [-119.19892199957658, 38.13607899989464], [-119.1990839999583, 38.13591299965986], [-119.19933599985337, 38.13571000021732], [-119.19988200037463, 38.135168000251504], [-119.19994799959858, 38.135115000011396], [-119.20000500039829, 38.13508200008243], [-119.2001750002776, 38.13503100009862], [-119.20027900003468, 38.13501900030509], [-119.20049599976964, 38.13501900030509], [-119.20057699996049, 38.13503400022338], [-119.20070199963398, 38.135341999889235], [-119.20075400041083, 38.135546000154406], [-119.20081799998493, 38.13565899996585], [-119.20089900017578, 38.13574399965866], [-119.20121600036819, 38.13598799971483], [-119.20135399956213, 38.136115999950874], [-119.20143999977587, 38.13627099992509], [-119.2015489995558, 38.13643300019819], [-119.20175399959521, 38.13663400018107], [-119.2018020001741, 38.136691999647866], [-119.20184200035708, 38.136807999856266], [-119.20186400009837, 38.13695100029797], [-119.20189300041069, 38.137019999906926], [-119.2019360000684, 38.13709099971287], [-119.20200100036573, 38.137163999710026], [-119.20224700041304, 38.13736499979918], [-119.20239300000289, 38.13746099995219], [-119.20255399966138, 38.137541999872646], [-119.20264499989798, 38.13757899989368], [-119.20292399955721, 38.13767000020918], [-119.20307099987033, 38.13774300033369], [-119.20312600012191, 38.1377879998127], [-119.20325099979537, 38.13793800023082], [-119.20328199975751, 38.138017999856686], [-119.20329699982614, 38.138088000340545], [-119.20333299981117, 38.13846999969863], [-119.20347699975117, 38.13915899993586], [-119.20350100004062, 38.13921799997061], [-119.20357300001065, 38.13932600030591], [-119.20366900027011, 38.1395630000692], [-119.20382599973065, 38.13982399990165], [-119.2039069999215, 38.14000099966286], [-119.20398599956421, 38.14012000017899], [-119.20422599976371, 38.140368000078865], [-119.20462499997191, 38.1407539998357], [-119.20467100000263, 38.14083199974727], [-119.20478099960751, 38.1412290003416], [-119.2048509999277, 38.141324999650266], [-119.20508500027942, 38.14157900011152], [-119.20513200013511, 38.14161300035092], [-119.20517800016584, 38.141633000318144], [-119.20528500029596, 38.14163999974015], [-119.20534700022026, 38.14163499974935], [-119.205533999818, 38.14158199996702], [-119.20574100040555, 38.14150299972685], [-119.20605600004984, 38.141396000213156], [-119.20643000014363, 38.14129000026285], [-119.20658499995434, 38.141237000229964], [-119.20676400005446, 38.14119700007299], [-119.20683900039755, 38.141202999815356], [-119.20688399970508, 38.14122299989491], [-119.20692200023824, 38.141240000099536], [-119.20697800031472, 38.14133399995433], [-119.2069840001625, 38.14136999974637], [-119.20697499994169, 38.141399000076184], [-119.2064629997556, 38.142022999995625], [-119.20636599967122, 38.14218599992433], [-119.20630600029509, 38.142313000179826], [-119.20623299960182, 38.14254700031641], [-119.20623099995201, 38.14263100005559], [-119.20625000021859, 38.1427490001146], [-119.20633700025722, 38.14309000027826], [-119.20637999991492, 38.14351600008532], [-119.2063980003566, 38.14357099996038], [-119.20650799996145, 38.14377999967264], [-119.20655499981712, 38.14384499973485], [-119.20665500027454, 38.14394599967326], [-119.20675300018381, 38.14409699983095], [-119.20679699966644, 38.14418599972134], [-119.20684000022247, 38.14437099974946], [-119.2068360000245, 38.14447199966611], [-119.20678800034395, 38.14467100005805], [-119.20683199982652, 38.14493699975196], [-119.20682400032895, 38.14511700024294], [-119.20678900016884, 38.145321999692065], [-119.20679500001663, 38.14536900018418], [-119.20685500029109, 38.14550899969693], [-119.20692600043618, 38.14580100017767], [-119.2069909998352, 38.14596400014341], [-119.20708399972162, 38.14612899975942], [-119.20715400004181, 38.14630100009653], [-119.20717099976027, 38.146370999698654], [-119.20725600014909, 38.146571000210265], [-119.20729600033204, 38.14663300025748], [-119.20738500002051, 38.14670599989238], [-119.20750700021924, 38.1467419998596], [-119.2075690001435, 38.14671199988814], [-119.20767799992345, 38.14664300026017], [-119.20791999977278, 38.14654399981996], [-119.20805399966709, 38.146390000124036], [-119.20808999965212, 38.1463589996505], [-119.20830800011032, 38.146226999697234], [-119.20851499979956, 38.14599900011455], [-119.20859199979245, 38.14593100017543], [-119.20898599997773, 38.145675000002306], [-119.20903399965832, 38.14566299983968], [-119.20907200019148, 38.14566200017924], [-119.2091940003902, 38.14568900018951], [-119.20924999956839, 38.14572400029259], [-119.20934699965277, 38.145801999836195], [-119.20943200004156, 38.14590200023404], [-119.20951900008022, 38.14597000020019], [-119.20949300014092, 38.14660100023971], [-119.20950499983651, 38.14727299978531], [-119.20955000004236, 38.147623000231825], [-119.20959699989801, 38.147735999708516], [-119.209821000204, 38.14814699989268], [-119.20990700041773, 38.14827100008134], [-119.21018500025208, 38.14877699985124], [-119.21023999960535, 38.14889899973687], [-119.21026999974256, 38.14906199984471], [-119.21027200029073, 38.14919400031957], [-119.21018400042716, 38.14960300014036], [-119.21017600003124, 38.14967199979424], [-119.21019199992477, 38.14984200034199], [-119.2102289997347, 38.14994400005665], [-119.21037400039796, 38.15015799999168], [-119.21052900020867, 38.15031200021006], [-119.21059799980564, 38.15036600031051], [-119.21083600035534, 38.150520000089735], [-119.21092800041684, 38.15061000021384], [-119.21097000024965, 38.15066799987395], [-119.21103999967151, 38.15082100013226], [-119.21115600002244, 38.15128900017671], [-119.2112210003198, 38.1514360002321], [-119.21125599958158, 38.15148300031701], [-119.21131099983316, 38.15152999966525], [-119.21150699965173, 38.15164100029037], [-119.21172400028505, 38.15174399989199], [-119.21181200014857, 38.1517770000559], [-119.21188999996639, 38.15179300034408], [-119.21205399999793, 38.1517859997769], [-119.2121309999908, 38.1517689999105], [-119.21220200013592, 38.15174300031489], [-119.21239799995449, 38.15164800016499], [-119.21257600022973, 38.15158800000661], [-119.2126990002534, 38.15157600011025], [-119.21276899967528, 38.151576999689645], [-119.21285400006407, 38.15159400030722], [-119.21290799959245, 38.15164500001696], [-119.21296000036929, 38.15175300032348], [-119.21303599963895, 38.151986999850244], [-119.21308000001987, 38.15208299983742], [-119.2132139999142, 38.152283000229005], [-119.21328300040949, 38.15236299966694], [-119.2133400003109, 38.15241299997747], [-119.21340399988497, 38.15245200006879], [-119.2134599999615, 38.15247600027762], [-119.21352100006085, 38.15248199979877], [-119.21360300007662, 38.152478999685044], [-119.21378999967438, 38.15244099988214], [-119.21391400042125, 38.15239699982531], [-119.21399800008683, 38.15235500029218], [-119.21427300044644, 38.152130000211834], [-119.21433700002055, 38.152095999928996], [-119.21441099964039, 38.1520770002834], [-119.21454799990775, 38.15207299987407], [-119.21461599967981, 38.15207900013479], [-119.21469900041878, 38.152102000187824], [-119.21487799962064, 38.15219199977269], [-119.21502499993373, 38.15227699998501], [-119.21513899973655, 38.15236099982334], [-119.21537700028622, 38.15261500000721], [-119.21577899996915, 38.15298000001304], [-119.21599200040446, 38.15321800018836], [-119.21624900032242, 38.15359500027451], [-119.21631100024669, 38.15366100032523], [-119.21656599961649, 38.15383400011052], [-119.21673800004396, 38.153927999985086], [-119.21678499989962, 38.15396200012033], [-119.2168329995802, 38.15402199973854], [-119.21685199984678, 38.15410800018836], [-119.21678700044775, 38.154364999975456], [-119.21678700044775, 38.15446799996847], [-119.2167980003184, 38.15455699992078], [-119.21685000019694, 38.15468000027128], [-119.21700400018274, 38.1549630000316], [-119.21720300037435, 38.15541800013711], [-119.21729600026079, 38.15570000033623], [-119.21743600000288, 38.15634600003869], [-119.21748100020869, 38.156515999864375], [-119.21777400011166, 38.15722499983785], [-119.21791200020394, 38.15759700009141], [-119.21809700015184, 38.15826099990576], [-119.21845700000198, 38.1592740001852], [-119.21857800037577, 38.1597299997012], [-119.2186079996147, 38.15991799966899], [-119.2186279997062, 38.16019299965796], [-119.21863399955399, 38.1606900000301], [-119.21862600005636, 38.16085500023739], [-119.21864000030007, 38.160906999985656], [-119.21866700006426, 38.16094800008695], [-119.2186999996762, 38.16097799985362], [-119.21874400005713, 38.16099999976888], [-119.21881699985208, 38.16100999992078], [-119.21888899982208, 38.16100700015788], [-119.21895800031739, 38.16098800000859], [-119.21910100043253, 38.160921000074495], [-119.21932099964222, 38.16075099992334], [-119.21938500011466, 38.160718999742514], [-119.21945500043483, 38.16069699974252], [-119.21960199984962, 38.1606879997085], [-119.21975099981255, 38.160700000224516], [-119.21985399974471, 38.160700000224516], [-119.22005600030938, 38.16066900018237], [-119.22014800037088, 38.16064800032863], [-119.22027200021945, 38.160605999896674], [-119.2203669997557, 38.16056199982185], [-119.22093300036845, 38.160223999902435], [-119.22100500033848, 38.16019600016069], [-119.22106999973748, 38.16018499972942], [-119.22120000033215, 38.160197999789446], [-119.22125899988336, 38.160212000014425], [-119.22137199986126, 38.16027300030761], [-119.22270800040297, 38.16120300018243], [-119.22278399967261, 38.161263000199924], [-119.22287099971125, 38.16137000023804], [-119.22291099989422, 38.1614720000754], [-119.22292099993996, 38.16156399969553], [-119.22291599991712, 38.16165200002199], [-119.22283300007643, 38.1620820000576], [-119.22285200034301, 38.16240399976401], [-119.22290900024441, 38.16268900018663], [-119.2229369998335, 38.163062999660674], [-119.22292000011504, 38.16321899972033], [-119.22286900006144, 38.163421000188976], [-119.22279000041871, 38.16364399980113], [-119.22277299980195, 38.1637209998382], [-119.22277199997706, 38.163860000029395], [-119.22278799987058, 38.16412199991826], [-119.22279000041871, 38.16504000033771], [-119.22277299980195, 38.16519599969839], [-119.2227190002736, 38.16550299976992], [-119.22259600024996, 38.16604799993294], [-119.22252500010485, 38.16669299969518], [-119.22249800034066, 38.166819999657], [-119.22247599970106, 38.16687300017065], [-119.22244399991398, 38.16691399974204], [-119.22236400044636, 38.16696999970502], [-119.22230099979886, 38.16699300000526], [-119.22220799991244, 38.167001999967255], [-119.22208900008677, 38.166962999888575], [-119.2219450001467, 38.16689699987085], [-119.22163800000006, 38.166721999844974], [-119.2214289997627, 38.16662800021863], [-119.22135000011995, 38.16661299973355], [-119.22124299998984, 38.16661100028079], [-119.22111999996619, 38.166635000067245], [-119.22099799976745, 38.16668000008701], [-119.22064700013816, 38.16685600028995], [-119.22051200041896, 38.166952999846934], [-119.220464999665, 38.16699899974462], [-119.22042500038033, 38.16705500034858], [-119.22037900034957, 38.16714599991401], [-119.22031599970207, 38.167354999875165], [-119.22029300013585, 38.16746100008598], [-119.2202329998614, 38.16757199976841], [-119.22018400035591, 38.16762499973531], [-119.22005899978411, 38.16767999979349], [-119.21991999986695, 38.167695000059005], [-119.21976599988115, 38.167680999858355], [-119.21960100002472, 38.16763200019446], [-119.21917800042543, 38.16747400026113], [-119.21892900000506, 38.16742100018445], [-119.2187979995855, 38.167402000294146], [-119.21865899966834, 38.16739299967527], [-119.21849299998695, 38.16740100022545], [-119.21806399964159, 38.16748999993025], [-119.21794099961794, 38.167502000032925], [-119.21771899986008, 38.16750300010023], [-119.21750799997288, 38.167523000031245], [-119.21737300025366, 38.16755700018386], [-119.2171489999477, 38.16764899989424], [-119.2170309999469, 38.16771399987288], [-119.21693999971032, 38.167780999920666], [-119.21689799987752, 38.16782700000213], [-119.21685900041778, 38.16789399994599], [-119.21669700003606, 38.16859200029473], [-119.21653399982947, 38.168609999822706], [-119.21642199967646, 38.16861099987486], [-119.21627899956133, 38.16846000032439], [-119.21578300016708, 38.16798000027915], [-119.21553999959453, 38.16776699973659], [-119.21593399977982, 38.16888700031678], [-119.21606400037449, 38.16918199985112], [-119.21607100004717, 38.169234000016374], [-119.21618499985, 38.16965900034286], [-119.21619400007084, 38.16981100027012], [-119.21616700030663, 38.17021500013429], [-119.21612200010081, 38.17054500014131], [-119.21605400032873, 38.17075200019852], [-119.21599099968122, 38.17087700010876], [-119.21592200008426, 38.17098100010232], [-119.21577800014423, 38.17111099970905], [-119.21557399992972, 38.171226000254364], [-119.21551799985323, 38.17124099979015], [-119.21523199962296, 38.171209999992875], [-119.21476299999289, 38.17122100017304], [-119.21447500011281, 38.17123699972588], [-119.21399899991174, 38.171161999893464], [-119.21388699975876, 38.171125999974684], [-119.21379899989519, 38.171083999929316], [-119.21368900029034, 38.171000999785285], [-119.2136159995971, 38.17092000029385], [-119.21358299998515, 38.170865999876675], [-119.21348699972567, 38.17081800025691], [-119.2133839997935, 38.17074600006182], [-119.21326400014291, 38.17069100019838], [-119.21321300008928, 38.170675999843226], [-119.21283700034564, 38.17064099970871], [-119.21272500019266, 38.170605000238844], [-119.2126099996666, 38.17052999975605], [-119.21230500006808, 38.17027899991431], [-119.21225099964141, 38.17025299985595], [-119.21180799995062, 38.17017599965591], [-119.2113769999554, 38.170067999797794], [-119.21118100013682, 38.17005500008531], [-119.21045100039086, 38.170063999669196], [-119.2101669998104, 38.170103000207504], [-119.20994699970238, 38.170145000111916], [-119.20978400039408, 38.170202999771995], [-119.2096460003018, 38.170263000151124], [-119.20955500006522, 38.170289000205855], [-119.20924000042096, 38.17034300034431], [-119.20869499972459, 38.17040599998447], [-119.20824000033824, 38.170546000166865], [-119.207617999649, 38.17062099992696], [-119.20710700018616, 38.170751000175784], [-119.20663699983285, 38.17089599979948], [-119.20579599975882, 38.17109300009244], [-119.20551700009956, 38.17122700027058], [-119.20515200022659, 38.17152400024588], [-119.20475700021638, 38.17186800008136], [-119.20452200003974, 38.172133000155235], [-119.20439700036627, 38.17222499973971], [-119.2040040000059, 38.17247499994303], [-119.2038709999365, 38.17257099979321], [-119.20364499998068, 38.17279099967923], [-119.20348699979694, 38.172932000216775], [-119.20326000001621, 38.17309200030599], [-119.20310900040346, 38.173167000271036], [-119.20297600033409, 38.17322099968958], [-119.20252400042247, 38.17326499989244], [-119.2023290004288, 38.173214999756155], [-119.20220700023006, 38.173165000291775], [-119.20211199979549, 38.173110000135146], [-119.20174400044776, 38.17279099967923], [-119.201478000309, 38.172518999890094], [-119.20131299955425, 38.172366999960396], [-119.20119899975143, 38.17228999987505], [-119.20086900003857, 38.171999000230336], [-119.20069400013637, 38.17181899970104], [-119.20062499964108, 38.17172500029152], [-119.2005269997318, 38.171548999839075], [-119.20044899991397, 38.17137000033133], [-119.20033000008829, 38.171150999704395], [-119.20002600031466, 38.170733999787], [-119.19991099978866, 38.1706479998782], [-119.19948700036444, 38.17041000009429], [-119.19940799982338, 38.17033900023081], [-119.19917199982183, 38.170067999797794], [-119.19893300034555, 38.16976199991933], [-119.19862299982584, 38.16921599993618], [-119.19859900043471, 38.16914999983969], [-119.19858299964287, 38.16906300013478], [-119.19856599992444, 38.168589000137544], [-119.19853599978721, 38.168447999673205], [-119.19841000028883, 38.168169000219585], [-119.19833999996861, 38.168063000332054], [-119.19825999960268, 38.168020999934186], [-119.19814300032513, 38.16801699969325], [-119.19780699986616, 38.168094000055234], [-119.1975419995523, 38.168130000059], [-119.19733400003813, 38.168147999701105], [-119.19726999956572, 38.16816299987026], [-119.19710100040963, 38.16817800003638], [-119.19692599960915, 38.16817199968779], [-119.19670100037655, 38.16813500035242], [-119.19659000004846, 38.16814500023191], [-119.19650899985761, 38.16817699997827], [-119.19643100003982, 38.168197999782194], [-119.19630999966597, 38.16818599979408], [-119.19619500003824, 38.16819200014152], [-119.1960779998624, 38.168234999791856], [-119.19601099991523, 38.16823399973459], [-119.19596900008244, 38.16819200014152], [-119.19595200036399, 38.16813100011769], [-119.19593700029542, 38.168110999647226], [-119.19587899967075, 38.16809299999604], [-119.19583799966288, 38.16809500011442], [-119.19580900024887, 38.16810499999945], [-119.19578800033248, 38.16812299964768], [-119.1957890001574, 38.16817399980406], [-119.1958109998987, 38.168234999791856], [-119.19580900024887, 38.16834400030294], [-119.19576599969285, 38.16851100024493], [-119.19564600004226, 38.168698000119264], [-119.19562599995079, 38.16884300029583], [-119.19561199970707, 38.16886199981054], [-119.19555499980565, 38.16887899992968], [-119.19551299997286, 38.16887000019949], [-119.19549600025441, 38.168853000078244], [-119.1954440003759, 38.16884100019797], [-119.1953620003601, 38.16884300029583], [-119.19538300027654, 38.1689250000245], [-119.19541199969053, 38.17066400026306], [-119.19587500037112, 38.172036999728114], [-119.19581699974648, 38.17306599983866], [-119.1955849999429, 38.17347799990512], [-119.19517999988693, 38.174005000158665], [-119.19517999988693, 38.17491999980385], [-119.19475899993746, 38.17486900013053], [-119.19474499969375, 38.17469100027121], [-119.19468600014251, 38.17433899984859], [-119.19461800037045, 38.17425199998165], [-119.19458999988308, 38.17435800004922], [-119.19464199976159, 38.1746990000203], [-119.19465500018038, 38.174855999861954], [-119.19442599985155, 38.174828000090386], [-119.1936140000898, 38.174897999852185], [-119.19312199999521, 38.175103000331575], [-119.1920780004299, 38.175034999988476], [-119.19074500026124, 38.17517199986715], [-119.18970099979762, 38.175012000107316], [-119.18628100032323, 38.17491999980385], [-119.18515099964588, 38.17521800022747], [-119.18439699961047, 38.17528599969361], [-119.18367199988737, 38.175149000029236], [-119.18306400034015, 38.17491999980385], [-119.18283199963825, 38.17469100027121], [-119.18257100042065, 38.17409600022799], [-119.18222300026609, 38.17379900014071], [-119.18112199990107, 38.173501000270456], [-119.18013600006205, 38.17276899979115], [-119.17970199969378, 38.172608999698994], [-119.17842600032488, 38.17265500026464], [-119.17599099996627, 38.172608999698994], [-119.17575900016269, 38.172700000099034], [-119.17451200020777, 38.173638000208086], [-119.17396099966365, 38.17388999976106], [-119.17341099984272, 38.174004000180574], [-119.17230899965277, 38.17404999986572], [-119.17071500026655, 38.173729000029454], [-119.17025099976104, 38.17350000028539], [-119.16987500001741, 38.17299699972156], [-119.16967199962781, 38.1723789999664], [-119.16967199962781, 38.17208199994409], [-119.16946900013653, 38.17169299998406], [-119.16894799972962, 38.171052000046664], [-119.16810800037881, 38.16880900003679], [-119.16718100009103, 38.16739000017501], [-119.16648499978196, 38.16674999990562], [-119.16576099988377, 38.16645200017151], [-119.16486200008339, 38.16624599999397], [-119.16297800026896, 38.16629100025388], [-119.16242800044802, 38.16622300016433], [-119.1603989999703, 38.16560400008829], [-119.15874699995943, 38.16542099972321], [-119.15839999962981, 38.16526099974553], [-119.15781999967166, 38.164871000006094], [-119.1571529996749, 38.16409300014671], [-119.15671800038002, 38.16391000022645], [-119.15599399958353, 38.16372699984684], [-119.15445799992362, 38.16374900034517], [-119.15355900012327, 38.16363500013088], [-119.1526030004215, 38.164183999878134], [-119.15197999990734, 38.16432199978196], [-119.15176200034746, 38.16427500020234], [-119.15109700000049, 38.16387900013657], [-119.15057399994376, 38.16358800010836], [-119.1504290001788, 38.16319900002108], [-119.1501399995755, 38.1631299997453], [-119.14976300000694, 38.162855000239105], [-119.1489520000701, 38.162534999970234], [-119.14648900012244, 38.16189299987466], [-119.14512699964148, 38.161320999863804], [-119.14408399990108, 38.16109199998459], [-119.14344600021661, 38.16086300009243], [-119.14280900035706, 38.16038200000965], [-119.1423749999888, 38.160176000338545], [-119.13999800025486, 38.15990000011381], [-119.1386650000862, 38.15994500005286], [-119.13785400014939, 38.16010499968956], [-119.1372159995666, 38.160311000267605], [-119.13675100013452, 38.16072299967763], [-119.13637399966765, 38.16118000017438], [-119.1354699998444, 38.161536999911185], [-119.13557699997453, 38.16185899990562], [-119.13563499970086, 38.16197800008107], [-119.13566800021113, 38.162019999722695], [-119.135709000219, 38.16207200005269], [-119.13586800022766, 38.16231500020674], [-119.13545800014884, 38.16267999969223], [-119.13509199955263, 38.16302599985111], [-119.13335599987619, 38.16456699971479], [-119.1331669997303, 38.164725000298546], [-119.13251300015231, 38.16530200022355], [-119.13226600028011, 38.16546400030187], [-119.13184500033063, 38.16568700002137], [-119.13168600032196, 38.165778999972936], [-119.13146100019108, 38.165953000055225], [-119.13105799978494, 38.16630700018264], [-119.13076999990484, 38.16660300035018], [-119.13046100010838, 38.166874000246594], [-119.13033600043492, 38.166968000261996], [-119.13023199977951, 38.167035000289175], [-119.13006500027325, 38.16711800000552], [-119.12891899970236, 38.16752199996421], [-119.12869199992164, 38.167643000208386], [-119.12774899974033, 38.168218000228784], [-119.12715600026172, 38.16852500028617], [-119.12638799998261, 38.168883000123365], [-119.12550800044883, 38.169294999823364], [-119.12529300036365, 38.16936099978862], [-119.12517700001273, 38.16938600012365], [-119.12492199974457, 38.16941199978502], [-119.12473799962159, 38.1694109997439], [-119.12460799992522, 38.16939999999678], [-119.12435000018237, 38.16934299973979], [-119.12422799998363, 38.16930100007951], [-119.12405200025654, 38.16921399984856], [-119.1239579996469, 38.16915900024157], [-119.1238799998291, 38.16910199979612], [-119.12380899968397, 38.16903300016373], [-119.12372099982043, 38.168920999833176], [-119.12328599962724, 38.16815400005161], [-119.12293599982289, 38.16748899986276], [-119.12263399969908, 38.16711399971499], [-119.12244899975116, 38.166943999878896], [-119.12230300016128, 38.166837000252386], [-119.12210599961948, 38.16671600008282], [-119.12180699986874, 38.16655399996166], [-119.121395999965, 38.166375000193845], [-119.12098800043432, 38.16623300030611], [-119.12032999976006, 38.16608500032768], [-119.11996200041234, 38.165970000146515], [-119.11953999973963, 38.16579000026643], [-119.11907699995736, 38.165536000064186], [-119.11855399990064, 38.16517300024376], [-119.11656799997894, 38.16368399965625], [-119.11560200023142, 38.163502000244165], [-119.11318299976635, 38.16225400020929], [-119.11219799975225, 38.16188799985946], [-119.11164700010643, 38.16186500006751], [-119.1113280002642, 38.16195699989802], [-119.11057500005371, 38.162552000152246], [-119.11011200027144, 38.16269000032001], [-119.10970600039057, 38.16277699986155], [-119.1093990002439, 38.16274899968757], [-119.10908299987642, 38.16304299991864], [-119.10853800007838, 38.1635060000266], [-119.10806299970221, 38.16396500026236], [-119.1072159997804, 38.16473999975951], [-119.10695800003754, 38.16492800022858], [-119.10682499996815, 38.165002000017274], [-119.10662800032463, 38.16509400012702], [-119.10503300021519, 38.16555400034676], [-119.10487099983348, 38.165612000128476], [-119.10457700010562, 38.16574499969727], [-119.10409599988166, 38.16599199996797], [-119.10372099996296, 38.166134999705], [-119.1035219997713, 38.16618599983964], [-119.10316899959392, 38.16625199979481], [-119.10283499968307, 38.166331000069235], [-119.10212099983063, 38.166595999792214], [-119.10185300004203, 38.16668699993063], [-119.10165899987325, 38.16674400014577], [-119.10133500000818, 38.166813999902914], [-119.10096099991436, 38.16683400002296], [-119.1007039999964, 38.16682999971689], [-119.10036199968962, 38.166838000328816], [-119.10007999965732, 38.16686999994271], [-119.09913300017638, 38.16704500031956], [-119.09879699971738, 38.167132999680355], [-119.09858199963226, 38.16719900019064], [-119.09753899989184, 38.16764899989424], [-119.0974230004392, 38.1676919998649], [-119.09704799962215, 38.16780500002819], [-119.09665400033518, 38.1678990002556], [-119.09548400037316, 38.16819899983995], [-119.09286099969358, 38.16897000004312], [-119.09137799973713, 38.16943399998015], [-119.09007899990367, 38.16985799981177], [-119.08879299959071, 38.17024999976712], [-119.08866299989438, 38.17027899991431], [-119.08847299992358, 38.170304999963335], [-119.08770600036767, 38.170337000174], [-119.08692300001994, 38.17034599972306], [-119.0836030001047, 38.17033400008864], [-119.08344599974586, 38.17034599972306], [-119.08316000041393, 38.170391000276844], [-119.0826740001671, 38.17052200025559], [-119.08243099959454, 38.170633000220384], [-119.08227199958588, 38.1707170001005], [-119.08206400007174, 38.17081400016948], [-119.08153000014434, 38.1711320000801], [-119.08131199968616, 38.17130600009681], [-119.08120700010416, 38.17142699970939], [-119.08110800036997, 38.17158500025509], [-119.0810330000269, 38.1717790000723], [-119.08100100023985, 38.171920999749524], [-119.08097100010261, 38.172139000177744], [-119.08090499998039, 38.172860999985204], [-119.08084899990386, 38.173288000325], [-119.08081000044413, 38.17377199994433], [-119.08059100016101, 38.17594700026456], [-119.08054099993231, 38.176141999718276], [-119.08047599963497, 38.17631499983251], [-119.08042600030457, 38.176415000054135], [-119.08023700015869, 38.17666300012454], [-119.07968499978965, 38.177199000058586], [-119.07929999982517, 38.177602999927416], [-119.07852700042152, 38.17837999972881], [-119.07814699958159, 38.1787980002978], [-119.07732200029938, 38.17960800034565], [-119.07721799964399, 38.17969099986722], [-119.07687299986252, 38.17988400009929], [-119.07672600044772, 38.179951000257894], [-119.07656300024111, 38.180005000298685], [-119.0763659996993, 38.18005500001313], [-119.07524900033906, 38.18030400029733], [-119.07438300015063, 38.18052599991831], [-119.07269299960662, 38.18090300002777], [-119.07181499972265, 38.18113000004998], [-119.07093600001377, 38.18133699969947], [-119.0704869995769, 38.18140700026997], [-119.07006700035063, 38.181452000349026], [-119.06989699957302, 38.181496999694154], [-119.06980399968661, 38.1815309996831], [-119.06961399971578, 38.181647999772906], [-119.06863299989966, 38.182507000201085], [-119.06822799984371, 38.18278999998031], [-119.06772599970338, 38.183087000140816], [-119.06763799983982, 38.183129000329714], [-119.0673259996703, 38.1832200003028], [-119.06719599997395, 38.18324199986021], [-119.06676699962854, 38.183282000258195], [-119.06641500017436, 38.18329600028637], [-119.065256000083, 38.18331200001266], [-119.06475700031572, 38.183357000327334], [-119.06316899987894, 38.18363300000155], [-119.06229699984277, 38.18381599983074], [-119.06204999997054, 38.18385299967857], [-119.0611810003074, 38.18389400028959], [-119.06094299975773, 38.183949999915725], [-119.06082800012999, 38.183992000313204], [-119.0606520004029, 38.184076000329355], [-119.06013199982091, 38.184412999966945], [-119.05957899962695, 38.184724000325716], [-119.05907999985968, 38.1850449997418], [-119.05830300025804, 38.18562999975158], [-119.05817199983848, 38.18573700003091], [-119.05790700042293, 38.18598999992106], [-119.05765800000256, 38.1862690003468], [-119.0574069999324, 38.18658699989343], [-119.05652800022351, 38.18782400008299], [-119.05565000033955, 38.18912799993341], [-119.05530700020788, 38.189636000224944], [-119.05481299956517, 38.19038500005143], [-119.05453599955571, 38.190758000278244], [-119.05433399988935, 38.19107800019027], [-119.05419800034524, 38.19124300009194], [-119.05401699969696, 38.19142899978969], [-119.05364000012841, 38.19170900029883], [-119.05317800017106, 38.19197599969351], [-119.05261999995423, 38.19224499968298], [-119.05181200039043, 38.19268400029046], [-119.05141200035737, 38.192929999909815], [-119.0513090004252, 38.19300799978782], [-119.05122700040944, 38.19308200001121], [-119.0511339996247, 38.19314600018199], [-119.0510059995782, 38.193200000326414], [-119.05076999957664, 38.19328400031461], [-119.05062399998677, 38.19337899986518], [-119.05055600021468, 38.193447000032165], [-119.05039999968078, 38.193810000223195], [-119.05033799975651, 38.19390499979359], [-119.05022399995369, 38.19403599986], [-119.04995500034016, 38.194373999713655], [-119.04977100021715, 38.194619999978464], [-119.04968900020138, 38.19480200004709], [-119.04959100029211, 38.194953000080744], [-119.0492249996959, 38.19544599978743], [-119.04892799959495, 38.19567499974317], [-119.04886700039393, 38.19573500032779], [-119.04879600024879, 38.19583299995259], [-119.04863899988999, 38.19611000003749], [-119.04851900023938, 38.19635800013448], [-119.04842800000276, 38.196644999838696], [-119.04839200001776, 38.19679200021339], [-119.04838000032221, 38.19688599975956], [-119.04836400042865, 38.19693700025861], [-119.04832300042078, 38.19699099970994], [-119.04828200041291, 38.19702500023295], [-119.04823499965893, 38.19704499982722], [-119.04820000039715, 38.19705200028398], [-119.04815900038925, 38.19705999969575], [-119.04809900011482, 38.19706100006341], [-119.04800600022838, 38.197038000075715], [-119.04790800031907, 38.1969940001097], [-119.04765100040113, 38.196849999842534], [-119.04746399990509, 38.196769999806385], [-119.04696299958965, 38.19661499992745], [-119.0466899997782, 38.19654800026937], [-119.04654300036339, 38.19652799983265], [-119.04618000014025, 38.19652700016368], [-119.04598599997148, 38.196540000095354], [-119.04581600009217, 38.19657400012294], [-119.04561600007564, 38.19663199992572], [-119.04508399979807, 38.1968300001947], [-119.04493200036043, 38.196902999694565], [-119.04459699972635, 38.197094000186546], [-119.04447700007576, 38.19717500023281], [-119.04440599993066, 38.19721099998917], [-119.0443199997169, 38.19723999999564], [-119.04420400026427, 38.197252000141], [-119.04408899973824, 38.19724400004427], [-119.04399099982894, 38.19720899996392], [-119.04377900011681, 38.197105999649985], [-119.04368899970515, 38.19708600007252], [-119.04286400042297, 38.19700200023388], [-119.04264699978965, 38.196985999984676], [-119.04180499989067, 38.19684300007234], [-119.04139099961391, 38.196794999915355], [-119.04083900014318, 38.196693999761266], [-119.04061499983719, 38.19666599991036], [-119.03959800003607, 38.19659599988317], [-119.03932500022458, 38.19660499971901], [-119.03899399978847, 38.1966769997774], [-119.03867699959608, 38.19671200011352], [-119.03843399992179, 38.196763000028504], [-119.03833099998965, 38.19679200021339], [-119.03825700036978, 38.196822999716595], [-119.03816699995812, 38.19688500009545], [-119.0380940001632, 38.196948999747974], [-119.03802899986584, 38.19702100017223], [-119.0379619999187, 38.19712199987282], [-119.03790800039036, 38.19723700031196], [-119.03788699957565, 38.19737400009465], [-119.037883000276, 38.197481999721056], [-119.03781700015375, 38.19778599966587], [-119.03765200029731, 38.19829099993403], [-119.03758000032728, 38.198397999969], [-119.03748599971765, 38.19851400015251], [-119.03740399970188, 38.19858300010709], [-119.03731099981545, 38.198636999749674], [-119.03719299981468, 38.19868500010432], [-119.03711900019483, 38.19869799965073], [-119.0370599997453, 38.198695000027165], [-119.03702399976028, 38.19869300004267], [-119.03692599985101, 38.198671999849616], [-119.03685100040623, 38.19863200013742], [-119.0366949998723, 38.19849699988764], [-119.03649999987863, 38.19836099974375], [-119.03621399964837, 38.198191999735315], [-119.0359070004, 38.19805799972967], [-119.0355530003977, 38.197936999865675], [-119.03529399993162, 38.19782999985924], [-119.03460799966828, 38.197565999711955], [-119.03410800007606, 38.19736300033289], [-119.03377900018809, 38.19725600018897], [-119.03364500029379, 38.19724600006857], [-119.03348799993496, 38.197244999703464], [-119.03300900025917, 38.197268999990555], [-119.03235300013304, 38.197287000200696], [-119.03207899959834, 38.197349000184474], [-119.03177900002268, 38.19746400026511], [-119.0302309997689, 38.19812799976338], [-119.02932500029584, 38.198532999696376], [-119.028991000385, 38.19870099998019], [-119.02881099956163, 38.19884199979318], [-119.02860800007035, 38.19902700021513], [-119.02838299993945, 38.19928100016608], [-119.02830299957351, 38.19934400020019], [-119.02788800037011, 38.1996200000098], [-119.02683100038603, 38.20023499998919], [-119.02633099989549, 38.20051600014024], [-119.02616699986397, 38.200591000112745], [-119.02584700019683, 38.20070999987293], [-119.02535099990429, 38.20091600004212], [-119.02474099980893, 38.20118799970845], [-119.02402000028377, 38.201542000207525], [-119.02361000020495, 38.201725999819026], [-119.02247899970266, 38.20218800023142], [-119.02193999975243, 38.20238100015591], [-119.02173899991098, 38.20248200018675], [-119.02153399987156, 38.20262299973686], [-119.02044500010041, 38.203250999908704], [-119.01962999996562, 38.20370999969763], [-119.0188690002575, 38.204151000201584], [-119.01829000012428, 38.20452099971441], [-119.01772900043274, 38.204935999858954], [-119.01747400016458, 38.20514099981427], [-119.01680299996988, 38.2056319999255], [-119.01617299978301, 38.2061179997444], [-119.01563800003073, 38.20656199978418], [-119.01527399998267, 38.20698699978306], [-119.01516400037781, 38.20713999971167], [-119.01444200012942, 38.208364000268915], [-119.01419699990706, 38.20876700002332], [-119.01398500019494, 38.209109000066604], [-119.0136239996216, 38.20974100011601], [-119.01308899986931, 38.210725000267956], [-119.01298699976208, 38.210895999772525], [-119.01258900027712, 38.21156300008853], [-119.01184799976218, 38.21270700020906], [-119.0116650003624, 38.213030000099714], [-119.01158400017155, 38.21319900024914], [-119.01153999979063, 38.21332299988372], [-119.01152399989708, 38.21341800010965], [-119.01151200020152, 38.213649999716736], [-119.0114669999957, 38.21405799981163], [-119.01135200036795, 38.215763000253325], [-119.01167700005796, 38.215598000157854], [-119.01182199982291, 38.2155129996846], [-119.01204899960364, 38.21534299985185], [-119.01236499997113, 38.215145999939146], [-119.01248999964461, 38.21508300016981], [-119.01282199990561, 38.21494099992952], [-119.01355199965158, 38.21472000016741], [-119.01364899973596, 38.21468100022281], [-119.01378199980537, 38.214598999764284], [-119.01385100030063, 38.214537999776404], [-119.01413900018073, 38.21420699987634], [-119.01423799991493, 38.21410700001342], [-119.01429599964125, 38.2140689998742], [-119.01436799961125, 38.214036999815875], [-119.01456799962781, 38.21397700019795], [-119.01467599958285, 38.21395700031426], [-119.01495799961513, 38.21393400001781], [-119.01503299995822, 38.21391299998628], [-119.01519600016483, 38.21384800028718], [-119.01546899997633, 38.21369699991518], [-119.01664099958818, 38.214200999789604], [-119.01748900023321, 38.21460399969157], [-119.01797200010697, 38.2148779999827], [-119.01846300037666, 38.21517100009015], [-119.01860200029382, 38.21522699966329], [-119.01877999967076, 38.21527099990259], [-119.01891199991522, 38.215293999776485], [-119.01955299997273, 38.2152999997731], [-119.01963400016358, 38.21530599976917], [-119.01975100033944, 38.21532700010454], [-119.01998300014303, 38.21540100022967], [-119.0201709995657, 38.21547599968836], [-119.02073499963032, 38.21573899971089], [-119.02138200043392, 38.21602800015845], [-119.02205100008052, 38.21631100025123], [-119.02246399963408, 38.21646400034185], [-119.02258500000791, 38.21650199993625], [-119.02333700039348, 38.21678400020635], [-119.02347200011268, 38.21682700011398], [-119.02373499987844, 38.21688399991953], [-119.02389899990995, 38.216904999799496], [-119.0240350003524, 38.21691000027413], [-119.02433800030111, 38.216902000220294], [-119.02442699998957, 38.2168930000705], [-119.02452800027189, 38.21689599965001], [-119.02467800005972, 38.2169209999056], [-119.02482000034993, 38.21696000006135], [-119.02516799960617, 38.2170820001601], [-119.02615900036638, 38.21754599997486], [-119.02672699973063, 38.2178019997013], [-119.02718500038834, 38.21806900010229], [-119.02759000044429, 38.21833799967415], [-119.0278669995554, 38.2185350001203], [-119.02833400043396, 38.21890499991422], [-119.02893899960813, 38.21934800022737], [-119.02924999995275, 38.21953899970388], [-119.0299079997287, 38.219904999823505], [-119.03012299981387, 38.22001399995263], [-119.03061900010641, 38.220329000197914], [-119.03093700012373, 38.22054599968329], [-119.03110799982795, 38.2206419996979], [-119.03119800023964, 38.22066800012117], [-119.0313360003319, 38.220669000164406], [-119.03146699985315, 38.220659999774796], [-119.03173600036497, 38.220667000077924], [-119.03186900043437, 38.22068400010557], [-119.03199699958256, 38.22071099985074], [-119.03209899968981, 38.220749000050176], [-119.03218699955339, 38.2207929997734], [-119.03252700021031, 38.221026999939646], [-119.03260400020321, 38.221062999898386], [-119.03273100042483, 38.22109000020866], [-119.03296800025129, 38.22109399965257], [-119.03320400025284, 38.22107699972071], [-119.03333300012427, 38.22107699972071], [-119.03364600011871, 38.22109999987668], [-119.03402400041048, 38.22114700020342], [-119.03425000036628, 38.221193999794046], [-119.03462600010991, 38.22130000000566], [-119.03514999999156, 38.22147300013255], [-119.03636799963417, 38.2219050000483], [-119.0365660000009, 38.22199000011201], [-119.03756299971054, 38.22224100032653], [-119.03801799999519, 38.22230000016692], [-119.03832699979168, 38.222360999999424], [-119.03846200040923, 38.22240400013987], [-119.03857399966391, 38.222455999717695], [-119.03867400012135, 38.222524000249585], [-119.03874699991627, 38.22258499989428], [-119.03880700019072, 38.22265599964772], [-119.03885300022147, 38.222739000215896], [-119.03887800033583, 38.22282299999726], [-119.03889400022936, 38.22298699992942], [-119.03888500000853, 38.223317000109766], [-119.03890000007712, 38.22371000032202], [-119.03893100003928, 38.224081999903056], [-119.03896200000142, 38.22420900003015], [-119.03901399987994, 38.22432000004856], [-119.03909199969776, 38.224551000192356], [-119.03916100019306, 38.22479500013427], [-119.03934299976791, 38.22525400025969], [-119.03944099967721, 38.22559199984111], [-119.03945900011887, 38.22574100028109], [-119.03943499982942, 38.22630700002332], [-119.03943200035468, 38.22677000032546], [-119.03946900016462, 38.22729099987128], [-119.03954299978449, 38.227723999762844], [-119.03962800017328, 38.228061999863705], [-119.03983599968743, 38.22873699965519], [-119.03995299986327, 38.22907300013302], [-119.04004300027499, 38.22924199971527], [-119.04016999959826, 38.229421000251726], [-119.04048699979069, 38.22981399994719], [-119.04060399996654, 38.229982000009436], [-119.04085500003671, 38.23066299976495], [-119.0409450004484, 38.23082200014502], [-119.04106000007611, 38.23098999999588], [-119.04149400044439, 38.231556999714556], [-119.04163800038442, 38.23171100009441], [-119.04174700016438, 38.23180299992747], [-119.04185400029449, 38.231872000078745], [-119.04288600016426, 38.23226599982115], [-119.0430660000893, 38.23236700001138], [-119.04313999970914, 38.23242799986967], [-119.04335499979432, 38.232658999667564], [-119.04358900014604, 38.23298799984499], [-119.0437909998124, 38.233307999709226], [-119.04416699955603, 38.23394900001351], [-119.04429999962544, 38.23412800025503], [-119.04447700007576, 38.23432200000744], [-119.04466799987146, 38.23448299985638], [-119.04488799997948, 38.234734000005474], [-119.04497400019322, 38.234863000282], [-119.04501500020109, 38.234946000328016], [-119.04509899986668, 38.23518199981363], [-119.0451850000804, 38.23531400023241], [-119.04527899979175, 38.235413000036445], [-119.04542199990686, 38.23550599996475], [-119.04550800012058, 38.23554900009624], [-119.04618299961497, 38.23580700035132], [-119.04628800009529, 38.23583999984203], [-119.04644700010394, 38.235916999771455], [-119.04664100027269, 38.236029000100615], [-119.04682299984756, 38.236207000331724], [-119.0469729996354, 38.23638599995432], [-119.04705999967403, 38.23647599986613], [-119.04714400023794, 38.23654499981715], [-119.04723799994926, 38.236607000228595], [-119.047352999577, 38.23666000006042], [-119.04816000021417, 38.23688500019442], [-119.04910900024326, 38.23709900023094], [-119.04921499965013, 38.23712899968456], [-119.04943700030631, 38.237238999927236], [-119.0495700003757, 38.23733399997077], [-119.04982499974552, 38.237544999957855], [-119.05017999957276, 38.23785899997875], [-119.05028000003018, 38.23798699984537], [-119.0503029995964, 38.23803200023557], [-119.05034799980221, 38.238255000049094], [-119.05038999963502, 38.23853099976347], [-119.0504159995743, 38.2386109997609], [-119.05045400010744, 38.23867699971021], [-119.0505140003819, 38.23875599975244], [-119.05060899991814, 38.23885499980924], [-119.05068099988816, 38.238914000284986], [-119.0508240000033, 38.23900699996908], [-119.05100999977614, 38.23910300031473], [-119.05133700001429, 38.23922800003838], [-119.05142499987782, 38.23927000029808], [-119.05211000031626, 38.23967599967583], [-119.05237100043219, 38.23979099990612], [-119.05265799958904, 38.23989099974371], [-119.05277700031306, 38.23991700034221], [-119.05285400030596, 38.239924000203246], [-119.05290199998653, 38.2399150000794], [-119.0529780001545, 38.23985700019538], [-119.05303199968286, 38.23979499973292], [-119.05314499966076, 38.23961299998183], [-119.05322699967654, 38.23952199993544], [-119.05333299998175, 38.239433999836535], [-119.05351899975459, 38.23932000023956], [-119.05364799962601, 38.239252999675095], [-119.05379400011418, 38.239197000251174], [-119.05415700033737, 38.239123000341415], [-119.05455900002026, 38.2390540000145], [-119.0550970001456, 38.238924000325], [-119.05570800006588, 38.2387999998727], [-119.055955999763, 38.23876100013628], [-119.0562090003813, 38.238740000215245], [-119.05635099977322, 38.23871699999237], [-119.0565330002464, 38.23866199995149], [-119.05670700032368, 38.23863499981354], [-119.05680100003501, 38.23863600031535], [-119.05720699991588, 38.23872399996894], [-119.05731999989375, 38.23877500008027], [-119.05738199981805, 38.238837000001354], [-119.05761399962164, 38.23915100008729], [-119.05764499958377, 38.23923400017775], [-119.05770300020842, 38.2395549998569], [-119.05774199966818, 38.23966199990533], [-119.05786600041506, 38.239880000057575], [-119.05795199973043, 38.23999400018764], [-119.05811400011216, 38.24016400027231], [-119.05817799968624, 38.24021800010816], [-119.0582570002273, 38.240268999877046], [-119.05834000006796, 38.240300999686085], [-119.0588000003755, 38.24039999975588], [-119.05904100039993, 38.24047600002444], [-119.05912599989044, 38.240487000325906], [-119.05920700008126, 38.24048100028993], [-119.0593550002193, 38.24043099973573], [-119.05948800028868, 38.24035699967088], [-119.05958000035018, 38.24027100013012], [-119.05961499961197, 38.24021100027543], [-119.05966099964272, 38.240058000033756], [-119.05968099973418, 38.23989800031282], [-119.05981100032885, 38.23964400029725], [-119.05982700022238, 38.239492999842426], [-119.05983700026812, 38.23917199988962], [-119.0598640000323, 38.23903600025588], [-119.05992599995658, 38.23889899986964], [-119.06008499996524, 38.238623000141004], [-119.06018299987454, 38.23848300028719], [-119.06037299984534, 38.23830400018221], [-119.06094000028301, 38.23790600006065], [-119.06099399981136, 38.23786100029812], [-119.0611160000101, 38.23780700012289], [-119.06161499977738, 38.23765799970587], [-119.06240399997289, 38.2374920000655], [-119.06274100025678, 38.23745999972571], [-119.06283800034116, 38.237458999913315], [-119.06330899962103, 38.237533999916806], [-119.06396700029529, 38.237623000008746], [-119.06412399975582, 38.237627999764904], [-119.06432899979521, 38.23766600029949], [-119.06456800016983, 38.237741999897985], [-119.06479300030072, 38.237826999800475], [-119.06490700010355, 38.237850000304874], [-119.06519800035667, 38.23786699984471], [-119.0653840001295, 38.237863999718684], [-119.06544799970361, 38.23785400023846], [-119.06562599997886, 38.237778000051435], [-119.06582699982029, 38.23767199986222], [-119.06589299994253, 38.23765799970587], [-119.06602299963889, 38.23764800019726], [-119.0664310000679, 38.23768200007302], [-119.06687100028395, 38.237781000181016], [-119.06724200000471, 38.23781599980208], [-119.0675499999763, 38.23791700004543], [-119.06763199999206, 38.237934000275196], [-119.06797199975068, 38.23796099996786], [-119.0680300003753, 38.23797299974965], [-119.06824299991231, 38.23805499996953], [-119.06853800036342, 38.23815500007805], [-119.06893000000058, 38.23825699965198], [-119.06918500026872, 38.23830700029009], [-119.06940700002656, 38.23833300004387], [-119.0696299996093, 38.23834600027008], [-119.07049800034588, 38.23828000002032], [-119.07062100036951, 38.23826399967283], [-119.07105300018962, 38.23814000021165], [-119.07112000013682, 38.23810599984447], [-119.07124999983314, 38.238010000299155], [-119.07137500040491, 38.237946999867134], [-119.07142499973531, 38.23794100032714], [-119.07149500005549, 38.237946000061434], [-119.07161600042934, 38.23803200023557], [-119.07165800026215, 38.23807200016704], [-119.0717340004301, 38.23818399999915], [-119.07174799977551, 38.238204000278614], [-119.07181300007284, 38.23834799987046], [-119.07185599973054, 38.23849100008451], [-119.07188400021795, 38.23863600031535], [-119.07192799970055, 38.239150000298146], [-119.07192199985276, 38.239291999853236], [-119.07186499995137, 38.23966899979092], [-119.07183300016433, 38.24036799999037], [-119.07188800041592, 38.24102899965123], [-119.07203900002864, 38.24149200006902], [-119.07208099986144, 38.24169700004819], [-119.07211400037173, 38.24196499998213], [-119.07212000021948, 38.24209700008131], [-119.0721059999758, 38.242307999651366], [-119.0721069998007, 38.2424720000979], [-119.07205699957198, 38.2427599997287], [-119.07205400009725, 38.24312900003558], [-119.0720299998078, 38.243356000073966], [-119.07199100034806, 38.24350500010229], [-119.07194199994427, 38.24359399994043], [-119.07171699981338, 38.24391200024749], [-119.07156299982758, 38.244086999654414], [-119.0714309995831, 38.244217999708845], [-119.07113600003031, 38.24446600026406], [-119.0709440004097, 38.24464799986011], [-119.07067400007297, 38.24495000020795], [-119.07051800043735, 38.245102000324174], [-119.07020100024495, 38.24538099996573], [-119.07002700016766, 38.24551600002234], [-119.069311999592, 38.246020000276], [-119.06893699967326, 38.246335999761314], [-119.0685080002262, 38.24674899980168], [-119.06825399978297, 38.24701200034339], [-119.06803399967495, 38.24729899994798], [-119.06790900000148, 38.247529999770194], [-119.06763799983982, 38.24814800021144], [-119.06748999970183, 38.24845699987254], [-119.06734499993688, 38.24880600000595], [-119.06724100017979, 38.249150999857235], [-119.06716900020979, 38.249478999839255], [-119.06700000015537, 38.250547000286524], [-119.0668880000024, 38.25089299996674], [-119.06686999956071, 38.251025000079366], [-119.06688200015458, 38.2511069996866], [-119.06706700010251, 38.251429999794624], [-119.06736800040139, 38.251776000209155], [-119.06761400044871, 38.25199200008135], [-119.06770399996209, 38.252041999738125], [-119.06790399997861, 38.25212299999806], [-119.06824000043758, 38.25232100025328], [-119.06840299974587, 38.25246100026501], [-119.06888200032002, 38.25299299968379], [-119.06895699976477, 38.2530419997593], [-119.06906300006997, 38.25306799988669], [-119.0695789995557, 38.2530539998735], [-119.07016699990974, 38.25305899997927], [-119.07025099957532, 38.25307299999149], [-119.07049699962263, 38.25314600021307], [-119.0705870000343, 38.25318399969057], [-119.07102899990021, 38.25343599976985], [-119.07134899956733, 38.25357899993285], [-119.07159299996482, 38.25364900017153], [-119.07182200029368, 38.2536999996882], [-119.07219200018952, 38.2537550003441], [-119.07248500009248, 38.25386800029128], [-119.07287900027778, 38.25411000004892], [-119.07357100038891, 38.25443599965523], [-119.07400599968379, 38.25473300025873], [-119.07453799996132, 38.25508000003657], [-119.07479099968134, 38.2552810001075], [-119.0749229999258, 38.255437000158345], [-119.07512299994234, 38.25579599976285], [-119.0752259998745, 38.25593600013397], [-119.07544099995965, 38.25615599997061], [-119.07552299997542, 38.25624799991004], [-119.07572899983975, 38.25647799995429], [-119.07581199968041, 38.25657399980032], [-119.0758800003508, 38.2566530001443], [-119.07596900003927, 38.25673499974974], [-119.0761189998271, 38.25683500026164], [-119.07622900033026, 38.256922999751836], [-119.07630100030029, 38.257030000334986], [-119.07634399995801, 38.25722799991737], [-119.07634200030817, 38.2575180001132], [-119.07636499987439, 38.25809400032892], [-119.0763310004375, 38.25852700019101], [-119.07635900002659, 38.25873300031752], [-119.07643000017173, 38.25898899967451], [-119.07644000021743, 38.25906299981658], [-119.07641599992802, 38.25917400024103], [-119.0763160003689, 38.25930000023134], [-119.07604600003216, 38.259546999897495], [-119.07596300019148, 38.25964400013358], [-119.07580599983265, 38.25987400000852], [-119.07570100025067, 38.26004700006955], [-119.07557499985398, 38.260292000315474], [-119.0754710000969, 38.26043800028799], [-119.07527000025543, 38.260689999898155], [-119.07508000028466, 38.26088599969597], [-119.07489000031386, 38.26106300023583], [-119.07455700022791, 38.26133399986817], [-119.07415899984467, 38.261686000080665], [-119.07397600044486, 38.26191800020198], [-119.07395999965301, 38.26196800008247], [-119.07394700013255, 38.26220699983977], [-119.07396700022402, 38.26231899986863], [-119.07400999988174, 38.262394000320484], [-119.07423800038568, 38.2627049997032], [-119.0742900002642, 38.262824000146736], [-119.07430000030996, 38.26293300013298], [-119.07429199991404, 38.26298099968683], [-119.07426900034783, 38.26302899991427], [-119.074219999944, 38.263098000053425], [-119.07403800036916, 38.26328499965124], [-119.07389500025398, 38.26369500023806], [-119.07376899985732, 38.26401000030399], [-119.07371299978082, 38.26421000020791], [-119.07368699984156, 38.2643739999016], [-119.07369500023748, 38.26470399987486], [-119.07374499956788, 38.26484799986791], [-119.07383900017751, 38.26502600006228], [-119.0738669997666, 38.265101999972806], [-119.07388299966014, 38.265249999718804], [-119.0739169999953, 38.266128999921754], [-119.07390699994957, 38.266699000294565], [-119.07389799972876, 38.266799999901544], [-119.07385699972086, 38.26742600023354], [-119.07388400038336, 38.26754800030772], [-119.07395299998034, 38.26766300016691], [-119.07402199957728, 38.26772500013201], [-119.07413000043066, 38.26776399984406], [-119.07424800043141, 38.26777199994516], [-119.07431500037858, 38.2677620003476], [-119.07464199971841, 38.26767999978721], [-119.07482900021448, 38.267658999757835], [-119.07562300043286, 38.2676519997467], [-119.07578499991625, 38.26766499966608], [-119.07600900022223, 38.26769700010884], [-119.07679599986962, 38.26788100026503], [-119.07692499974102, 38.26792599977999], [-119.07709200014561, 38.26800200018273], [-119.07737900020079, 38.26820399986426], [-119.07759400028597, 38.26838299968519], [-119.07791499977802, 38.268694000228066], [-119.07821100005398, 38.2690210000725], [-119.0783509997961, 38.26913799987919], [-119.0785480003379, 38.26925199996168], [-119.07894300034809, 38.26944400032715], [-119.07910700037964, 38.26956000008157], [-119.07946600040484, 38.26996600023158], [-119.079605000322, 38.27006500009417], [-119.08018699992998, 38.27019900007088], [-119.08025800007509, 38.27022300027215], [-119.08207400011747, 38.2711229999797], [-119.08223300012615, 38.27119400029539], [-119.08272699987056, 38.271382000259656], [-119.08288300040448, 38.271425000325685], [-119.08304599971278, 38.27144299982089], [-119.08309400029167, 38.27144199977068], [-119.0831450003453, 38.27142799977172], [-119.083188000003, 38.27140199986709], [-119.08323499985867, 38.271347999927066], [-119.08332899956999, 38.2711890000271], [-119.08340399991305, 38.271113000138236], [-119.08344900011892, 38.27107999973492], [-119.08374600021982, 38.27104399985478], [-119.08390799970321, 38.27105299965019], [-119.08397999967325, 38.271090000286144], [-119.0840170003815, 38.27111899976121], [-119.08408299960541, 38.27124999975045], [-119.08414600025291, 38.27132899965128], [-119.08421300020005, 38.27139100001317], [-119.0843560003152, 38.271481999652245], [-119.08444199963063, 38.271508000233446], [-119.08453600024026, 38.27151900006963], [-119.08461599970788, 38.27151599992215], [-119.08471899964005, 38.27149500029664], [-119.08483199961795, 38.27144900012181], [-119.08497300008327, 38.27137099969745], [-119.08525900031353, 38.271174999979316], [-119.08543500004062, 38.27110400035033], [-119.08591600026455, 38.27094800008728], [-119.08611999958075, 38.27090100021359], [-119.08651299994115, 38.270829000258026], [-119.08665900042931, 38.2707910001352], [-119.08710899979279, 38.27062499999643], [-119.08729499956563, 38.27054099972217], [-119.08832399996065, 38.27013499996548], [-119.08877599987228, 38.26997700030132], [-119.08909899991247, 38.269841999842804], [-119.0894329998233, 38.26973499979223], [-119.089743000343, 38.26967999994876], [-119.08998699984218, 38.26965899979236], [-119.09025800000384, 38.269649999824225], [-119.09065399983895, 38.269676999725256], [-119.09173699976235, 38.26984099977055], [-119.09192599990823, 38.26988099982863], [-119.0922499997733, 38.26998199994781], [-119.09249599982061, 38.27009900032218], [-119.09301800005244, 38.27049000003717], [-119.0934249997582, 38.27084900001774], [-119.09348800040571, 38.270915000314154], [-119.09364400004132, 38.27113499992866], [-119.09372600005706, 38.2712990002079], [-119.09394000031732, 38.27210300032965], [-119.09409799960278, 38.27277700022379], [-119.09418100034176, 38.27323099985352], [-119.09422800019742, 38.2737650002622], [-119.09423200039537, 38.274265999904124], [-119.09422300017455, 38.27459700007568], [-119.09427900025103, 38.27486899999491], [-119.09432000025893, 38.274972000232495], [-119.09461399998679, 38.27548999991744], [-119.09463800027623, 38.2755680001489], [-119.09464099975098, 38.27568399999467], [-119.0946209996595, 38.275842999925885], [-119.09462900005542, 38.27595400009732], [-119.09473100016264, 38.276276999757926], [-119.09478700023917, 38.27639499984542], [-119.09490699988976, 38.27660999988838], [-119.09511199992917, 38.277076999881125], [-119.09532799983924, 38.27743599973778], [-119.09537800006795, 38.277573000114785], [-119.09542099972566, 38.27781799977907], [-119.09542800029666, 38.277902000098265], [-119.0954090000301, 38.27843100023619], [-119.09541599970277, 38.27847500031261], [-119.09544400019018, 38.27853800016735], [-119.09552799985578, 38.27867699977654], [-119.09562400011525, 38.278813999927515], [-119.09577800010103, 38.278960000045714], [-119.09593600028478, 38.2790620001763], [-119.0961630000655, 38.27915499996308], [-119.09631200002842, 38.27917299965783], [-119.09638700037146, 38.27917199971408], [-119.09648799975551, 38.279158999738904], [-119.09665400033518, 38.27912400028247], [-119.09679800027524, 38.27912099974394], [-119.09732999965446, 38.27916400016358], [-119.09760500001408, 38.27921600004664], [-119.09784500021361, 38.2793220002896], [-119.09794099957475, 38.27938100035115], [-119.09814200031452, 38.27955499972759], [-119.09832700026246, 38.27968100032878], [-119.09846199998165, 38.27973399977756], [-119.09860300044694, 38.279760000224805], [-119.09865600015043, 38.27975900028913], [-119.09880599993825, 38.27973599964953], [-119.09902400039643, 38.27968999975889], [-119.09910899988694, 38.279663000054775], [-119.0993880004445, 38.279541999820985], [-119.09960000015663, 38.279439999659566], [-119.09974999994445, 38.27934800017925], [-119.10187599960824, 38.27788799993425], [-119.10217299970915, 38.27770599967244], [-119.10295799970672, 38.27739700028324], [-119.10398000042902, 38.27701500014258], [-119.10454000029567, 38.2767910001001], [-119.1046409996797, 38.27676100009228], [-119.10474899963477, 38.276743999776826], [-119.10505999997936, 38.27672100029768], [-119.10516100026169, 38.276689000305105], [-119.10523900007951, 38.27662099965696], [-119.10540899995881, 38.27635399986663], [-119.10546199966227, 38.276268999888465], [-119.10553299980738, 38.276154000257414], [-119.1056120003484, 38.27605300025954], [-119.10566199967883, 38.27601100010034], [-119.10583300028136, 38.2758950000718], [-119.10606500008497, 38.27579699968441], [-119.10682800034118, 38.275593999972386], [-119.1071730001227, 38.27547200001487], [-119.10728000025279, 38.275402000351335], [-119.10738999985767, 38.27526400011174], [-119.10753799999569, 38.27511300032079], [-119.10766000019443, 38.275009000282175], [-119.1083849999175, 38.27454299969048], [-119.10890200012646, 38.27419199973402], [-119.10901299955621, 38.27410199997818], [-119.1102090003558, 38.27295399999913], [-119.11031599958761, 38.2728819999633], [-119.11052099962703, 38.272781000351], [-119.11101299972164, 38.27262400013014], [-119.11128200023346, 38.27249199976265], [-119.11181000031304, 38.27216900019169], [-119.11188099955984, 38.27210899987078], [-119.11201100015451, 38.27201899964913], [-119.1120739999037, 38.271999000211615], [-119.11218400040686, 38.27198899978556], [-119.11221100017104, 38.27198699970016], [-119.11228099959294, 38.271971999763295], [-119.11239600011898, 38.271913000028675], [-119.11252800036344, 38.271822000224404], [-119.11262299989971, 38.271725000028475], [-119.1128499996804, 38.271457999867025], [-119.11304600039732, 38.2712990002079], [-119.11317899956838, 38.271219000221144], [-119.11329099972139, 38.27116700025304], [-119.11351400020246, 38.271090000286144], [-119.11406499984828, 38.27087600017831], [-119.114511999737, 38.27071199964912], [-119.11501100040262, 38.27056000020412], [-119.11534500031348, 38.27048499972041], [-119.11613500033388, 38.27038200017118], [-119.11633199997738, 38.27033499993121], [-119.1171859995719, 38.27006299995583], [-119.11811500040781, 38.26982700016819], [-119.1191770004148, 38.26954699979608], [-119.11993300010003, 38.26936399970761], [-119.12049700016465, 38.269181999944614], [-119.12074499986177, 38.269143000288686], [-119.12095999994692, 38.26913100001059], [-119.12124899965191, 38.26910399990657], [-119.12142600010225, 38.26910299982415], [-119.121620000271, 38.26912400014131], [-119.12177099988374, 38.269150000156124], [-119.12212900008403, 38.26923199976219], [-119.12272199956266, 38.269407000263115], [-119.1228539998071, 38.26945399969313], [-119.12308300013599, 38.269502999951776], [-119.12316299960361, 38.26951099986133], [-119.12324999964224, 38.26950999978452], [-119.12341600022191, 38.26948099966703], [-119.1236270001091, 38.26940899971429], [-119.1239850003094, 38.269253000042], [-119.1243519998322, 38.2691479999926], [-119.12461899979587, 38.269089000079525], [-119.12511300043862, 38.26894399994617], [-119.12521600037078, 38.26892499974669], [-119.12531099990703, 38.268918999942535], [-119.12573699987938, 38.26892499974669], [-119.12654500034144, 38.26897599982537], [-119.12709599998729, 38.26912400014131], [-119.12725099979798, 38.26917800032444], [-119.12737700019468, 38.2691889998083], [-119.12797399987124, 38.26915499985956], [-119.1286259997994, 38.26909900019968], [-119.12878900000602, 38.26906300004288], [-119.12938200038296, 38.26883599989705], [-119.12953899984346, 38.26880500004265], [-119.12967899958555, 38.26879100024058], [-119.13011399977874, 38.26878100007808], [-119.13124299973288, 38.26883599989705], [-119.13201699985976, 38.26890600024758], [-119.13255400016018, 38.26901400019263], [-119.13284700006315, 38.269101999741714], [-119.13328800010413, 38.26927400031579], [-119.13372499994712, 38.26940600018487], [-119.13395099990295, 38.269449000010276], [-119.13412599980512, 38.26947100030476], [-119.1350320001765, 38.26951799969331], [-119.13533799959994, 38.26955100010116], [-119.13565200031762, 38.26961099971435], [-119.13576600012043, 38.26964500015491], [-119.13588199957306, 38.269694000284744], [-119.13616199995556, 38.26983299989734], [-119.13643200029229, 38.269991999944956], [-119.13659600032382, 38.27011700014609], [-119.13667599979144, 38.270202000272775], [-119.13680399983795, 38.27038200017118], [-119.13687599980797, 38.27050999989024], [-119.1368969997244, 38.27057399966519], [-119.13690900031824, 38.2707340002663], [-119.13687400015819, 38.27115500030938], [-119.13678799994445, 38.27119300024175], [-119.13658499955486, 38.27139899971477], [-119.13652699982853, 38.27167299971742], [-119.13667199959349, 38.272222000187035], [-119.13684599967074, 38.272543000157484], [-119.13719399982531, 38.27281800010657], [-119.13873200003334, 38.273482000196594], [-119.141227999593, 38.27371199998249], [-119.14186700000069, 38.27396400008895], [-119.14256300030978, 38.2744899999786], [-119.14328899985779, 38.27469599997239], [-119.14465299998854, 38.27488000002729], [-119.14656500029042, 38.275541000322384], [-119.1473810002501, 38.276117000085996], [-119.14808699970663, 38.277261000249396], [-119.14820300005756, 38.27756299975114], [-119.14839200020344, 38.278013999902505], [-119.1489999997507, 38.27850900012907], [-119.15016499968984, 38.279365999826105], [-119.15054299998162, 38.27948000007183], [-119.15260400024638, 38.27916100033196], [-119.15492599972876, 38.279115000076956], [-119.15626100044555, 38.27895600025893], [-119.15809000000841, 38.27840699992679], [-119.15907699967234, 38.27788100020384], [-119.16047199976525, 38.27680599974677], [-119.16076200019349, 38.276691000261], [-119.16204000011052, 38.276736999936126], [-119.16262000006864, 38.27657699986739], [-119.16346199996762, 38.27586799966165], [-119.16433300017887, 38.27534199988078], [-119.1652620001165, 38.274953000199645], [-119.16781700012568, 38.27422200009799], [-119.16970299958994, 38.27410700004594], [-119.1721410003216, 38.273513000170354], [-119.17272200010464, 38.273307000346776], [-119.17321500002416, 38.272964000292355], [-119.17431899986391, 38.27184199971066], [-119.17481199978343, 38.27154399988357], [-119.17603100014925, 38.271064000260566], [-119.17658699981796, 38.27092300006818], [-119.17660100006164, 38.271791000233996], [-119.17675500004744, 38.28470100001936], [-119.17730800024137, 38.284784000264736], [-119.1771969999133, 38.28485999994746], [-119.17713099979107, 38.28488900026932], [-119.1770200003613, 38.284917999874466], [-119.17686899985023, 38.28494100028251], [-119.17659600003877, 38.28506399970438], [-119.17620600005142, 38.285290999890194], [-119.17596300037717, 38.28553399988641], [-119.17587200014059, 38.285654000150316], [-119.17579099994974, 38.28580400002492], [-119.17560199980385, 38.28611499999485], [-119.17557800041271, 38.28618499990642], [-119.17556800036698, 38.286302000262594], [-119.17561000019977, 38.28642900027912], [-119.17560299962875, 38.28651400034923], [-119.17553599968161, 38.28675699977663], [-119.1755349998567, 38.286895999866786], [-119.17563000029128, 38.28751799969303], [-119.1757320003985, 38.28806000006544], [-119.175929000042, 38.28956499971641], [-119.17602399957825, 38.29012100023688], [-119.17622299976988, 38.29087099970704], [-119.17631400000646, 38.29106099975244], [-119.17637799958057, 38.29114399977573], [-119.17686499965228, 38.29191400025761], [-119.17717299962386, 38.29242700011495], [-119.17751300028081, 38.29287699982414], [-119.17762299988566, 38.293053000198434], [-119.17772400016798, 38.29333399991925], [-119.17780100016088, 38.29368499969048], [-119.17780899965851, 38.29387299993629], [-119.17784700019165, 38.294204999990946], [-119.1778739999558, 38.29430800029167], [-119.17796099999447, 38.29452199972341], [-119.1781030002847, 38.29503399974948], [-119.17819100014823, 38.29527299996379], [-119.17822700013323, 38.29540199993818], [-119.17824300002678, 38.29551200009594], [-119.1782310003312, 38.29572800034342], [-119.17816600003385, 38.29611000000997], [-119.17809499988877, 38.29629199995582], [-119.17800000035253, 38.2964570002211], [-119.17776099997793, 38.29672999972063], [-119.17770300025158, 38.29678300011641], [-119.17763600030445, 38.29682800004963], [-119.17752999999925, 38.29688400017827], [-119.17677500013892, 38.297222999832485], [-119.17633099972491, 38.297443999791994], [-119.17567600032201, 38.29788300004356], [-119.17508899979286, 38.29825099988286], [-119.17478500001924, 38.29849299981353], [-119.17463100003347, 38.298668000285936], [-119.17459199967541, 38.29873100023989], [-119.17444699991046, 38.29905200002854], [-119.17438300033635, 38.2991410002038], [-119.17422199977956, 38.29930200025932], [-119.17417300027404, 38.299366000033324], [-119.17415300018256, 38.29947199975501], [-119.17415999985528, 38.29954099980992], [-119.17421099990891, 38.299665999895474], [-119.17432700025986, 38.29979899986283], [-119.174422999621, 38.29999099981503], [-119.17450999965963, 38.30011300015947], [-119.17458099980475, 38.300195999698715], [-119.17468600028505, 38.3003710002932], [-119.17478400019435, 38.30045400024221], [-119.17492099956338, 38.30050900003725], [-119.17525299982441, 38.30052900008052], [-119.17538500006886, 38.300573999805344], [-119.17545899968871, 38.3005859998212], [-119.17620799970126, 38.30056799979661], [-119.17632700042525, 38.300573999805344], [-119.17659600003877, 38.3006419998691], [-119.17678299963652, 38.30069900022597], [-119.17698100000324, 38.300783999796806], [-119.17712800031636, 38.30086000034888], [-119.17720000028636, 38.30096000002642], [-119.1773219995868, 38.30131500023582], [-119.17735199972401, 38.30135800019681], [-119.17744200013567, 38.301420000292524], [-119.17775000010727, 38.3015319997625], [-119.17796000016955, 38.30163900018355], [-119.17805300005598, 38.301724000062926], [-119.17821000041481, 38.30181099981148], [-119.17827399998892, 38.30185899974967], [-119.17838199994395, 38.30197899980856], [-119.17863999968678, 38.30223499969377], [-119.17887400003853, 38.30242399996836], [-119.17962499970088, 38.30288900031581], [-119.18001499968823, 38.30302500026944], [-119.18026199956046, 38.303173999874105], [-119.1803639996677, 38.30325300028317], [-119.1805820001259, 38.30362999965821], [-119.18060100039246, 38.303690000010036], [-119.18058100030098, 38.30390500027575], [-119.18059200017164, 38.30410299965186], [-119.18054799979069, 38.30423200014019], [-119.18044499985855, 38.30437799988611], [-119.18040999969844, 38.304459999884884], [-119.18034600012433, 38.304716000178736], [-119.18034000027654, 38.30482100024724], [-119.1803019997434, 38.30492299998703], [-119.18015899962829, 38.30506899975196], [-119.1801390004351, 38.30512400027764], [-119.18014600010778, 38.305187999849956], [-119.18016899967402, 38.30523599966834], [-119.18024400001708, 38.305265000306896], [-119.18037000041377, 38.30526000027058], [-119.1804769996456, 38.30529299994015], [-119.18055799983645, 38.30534099968905], [-119.18065599974572, 38.3054160001143], [-119.18068800043109, 38.30546599964981], [-119.18071199982222, 38.30553000033025], [-119.18072100004306, 38.305602999990974], [-119.18076000040112, 38.305646000229956], [-119.18107500004538, 38.305818000226], [-119.18155299989628, 38.3060620001436], [-119.18158600040655, 38.30608899989627], [-119.18161700036872, 38.306141000227], [-119.18166099985129, 38.306281999689176], [-119.18169199981345, 38.306338000274444], [-119.18177399982922, 38.30643800015459], [-119.18194899973142, 38.30655599984997], [-119.1820530003868, 38.306594999850454], [-119.18227500014463, 38.30663800020621], [-119.18252500038989, 38.30666600001438], [-119.18284199968399, 38.30667899999715], [-119.18303599985273, 38.306661000074584], [-119.1830819998835, 38.306644999983035], [-119.1831749997699, 38.306578999744346], [-119.18367500026044, 38.30627100018598], [-119.18376700032192, 38.306235999704775], [-119.18393200017839, 38.30611899976627], [-119.18400400014839, 38.30605900001382], [-119.18415800013419, 38.30599799993262], [-119.1843709996712, 38.30593800008003], [-119.1849620003983, 38.30568199986942], [-119.18524899955518, 38.30553700021395], [-119.18583000023655, 38.305294999812816], [-119.18595900010796, 38.305255999818286], [-119.1865809998989, 38.30521100017812], [-119.18673599970961, 38.30520699972312], [-119.18692700040363, 38.30522100025717], [-119.1870470000542, 38.305252000070695], [-119.1871089999785, 38.30527999970897], [-119.1872560002916, 38.30530300000796], [-119.1875869998294, 38.30545800017758], [-119.18799299971023, 38.30558199965191], [-119.18804100028915, 38.30560400027553], [-119.18849700039874, 38.3059740002795], [-119.18857699986636, 38.30600900018215], [-119.18876500018733, 38.30601100003507], [-119.18910499994594, 38.30606799969786], [-119.18926300012971, 38.30607899993683], [-119.18941399974244, 38.306075999807746], [-119.18946599962096, 38.30606700012463], [-119.18949499993329, 38.30604900005024], [-119.189581000147, 38.30604799977181], [-119.1896790000563, 38.30608500019462], [-119.18977899961544, 38.30614499992556], [-119.18985499978339, 38.306212000130465], [-119.19014000018875, 38.30640599986958], [-119.1903970001067, 38.30655299974062], [-119.19049900021396, 38.306568999852466], [-119.19073000019264, 38.30655099990259], [-119.19085200039136, 38.30655700012133], [-119.19092299963815, 38.30658100028648], [-119.1910669995782, 38.30666299990953], [-119.19117600025649, 38.30680800013368], [-119.19121600043944, 38.30684899982853], [-119.19129400025723, 38.306892000033706], [-119.19151799966491, 38.306948000148], [-119.19162099959708, 38.30694699988197], [-119.1918549999488, 38.30690100031932], [-119.19197899979736, 38.306890999766956], [-119.19202099963016, 38.306898000224244], [-119.19203999989674, 38.306909999898956], [-119.19221800017196, 38.30713799968482], [-119.19226400020273, 38.30718300024424], [-119.19233600017276, 38.30723100015225], [-119.19249299963327, 38.30729800005884], [-119.1927200003123, 38.30741000032212], [-119.1927839998864, 38.30746199970584], [-119.19286900027522, 38.30756899983867], [-119.19294200007015, 38.30761900000473], [-119.19306199972075, 38.307675000262634], [-119.19319899998808, 38.30770500018155], [-119.19327400033117, 38.30771300011087], [-119.1934030002026, 38.3077529997441], [-119.1936209997625, 38.3078580003506], [-119.19392899973406, 38.30797500030355], [-119.19413799997145, 38.30803499988086], [-119.19476099958727, 38.30837100026209], [-119.19485799967168, 38.30839499982694], [-119.19496499980177, 38.308391000252456], [-119.1950769999548, 38.30835900012424], [-119.19525000020712, 38.30835400030116], [-119.1953449997434, 38.308379999659266], [-119.19549899972917, 38.30850300023772], [-119.19569399972285, 38.30864400004243], [-119.1957539999973, 38.30866899975922], [-119.19586299977725, 38.3086940001723], [-119.19629399977246, 38.30873099995014], [-119.19654200036788, 38.308741999785234], [-119.1966200001857, 38.30871500031523], [-119.19684299976845, 38.308659999693], [-119.197487000199, 38.308540000113005], [-119.19780799969105, 38.30845700025209], [-119.19828800009009, 38.30838099990553], [-119.19908899998117, 38.30823799979801], [-119.19950200043304, 38.30814399966743], [-119.19992599985726, 38.308031000286526], [-119.20022600033123, 38.3079059998119], [-119.2007610000835, 38.307713999661416], [-119.20101100032876, 38.307633000073274], [-119.20119000042892, 38.30759099985959], [-119.2021479997805, 38.30742099965259], [-119.20340800015423, 38.30722100035025], [-119.20380800018731, 38.30713799968482], [-119.20417300006028, 38.30703199988589], [-119.20443099980314, 38.30693099985352], [-119.20488899956254, 38.306821000091006], [-119.20508799975416, 38.30680399976681], [-119.20562000003173, 38.30703300015069], [-119.20617099967755, 38.30749100015925], [-119.20651800000718, 38.30767400000663], [-119.20660500004583, 38.30778800019813], [-119.20683799967432, 38.30785700009713], [-119.20753300015849, 38.30799400015157], [-119.20872300021203, 38.30771999978395], [-119.21020199997054, 38.30767400000663], [-119.21159500041361, 38.308039000179896], [-119.21316100021075, 38.30794799984317], [-119.21399899991174, 38.307664999816936], [-119.21400999978239, 38.30802899978438], [-119.21403700044489, 38.30936600032102], [-119.21412799978316, 38.313511999797896], [-119.21411000023981, 38.31421799971114], [-119.21407099988176, 38.314567999779236], [-119.21402499985102, 38.31476900012395], [-119.2139110000482, 38.315114000289945], [-119.21368599991732, 38.315559999657125], [-119.21359600040394, 38.31569199993935], [-119.21339999968703, 38.31593400018501], [-119.21317200008141, 38.31615799994311], [-119.21297500043792, 38.316319000288864], [-119.21278999959166, 38.316508999943714], [-119.21244999983304, 38.316982999946646], [-119.21234600007598, 38.31714899979198], [-119.21224800016668, 38.317359999844996], [-119.21213699983859, 38.31765199975399], [-119.21135400038919, 38.32000000000907], [-119.21101399973223, 38.32097799996569], [-119.21082200011163, 38.3216409998823], [-119.21074699976855, 38.321853999668775], [-119.21068900004225, 38.322088000032906], [-119.2106730001487, 38.322268000232754], [-119.21067399997362, 38.32238500019341], [-119.21069099969205, 38.322551999701766], [-119.21083899983006, 38.32300999965795], [-119.21094799961001, 38.32322899989922], [-119.21126999982526, 38.323703999696626], [-119.21136100006188, 38.32388500014463], [-119.2114260003592, 38.32407300034945], [-119.21146700036708, 38.32426600020246], [-119.21148099971246, 38.32446000027081], [-119.21146999984181, 38.32465499984167], [-119.21143300003192, 38.32484800025929], [-119.21136799973456, 38.32500600028432], [-119.21109400009817, 38.325575999929704], [-119.21094199976221, 38.32599199968014], [-119.21091499999805, 38.326130000005065], [-119.21090699960213, 38.32626900006675], [-119.21091800037108, 38.326407999861885], [-119.2109469997851, 38.32654600009949], [-119.21098600014314, 38.32667000016039], [-119.21105499974013, 38.32681799981894], [-119.21113099990811, 38.326943000109395], [-119.21219499956491, 38.328214999719286], [-119.21233500020531, 38.32840000005842], [-119.21250099988664, 38.328668000001635], [-119.21268699965951, 38.32910800008368], [-119.21275299978174, 38.32939999988712], [-119.21276200000256, 38.32955499999255], [-119.2127410000862, 38.32990100021401], [-119.21271900034488, 38.33005599995262], [-119.21261499968948, 38.33044400028609], [-119.21251400030543, 38.330656000338976], [-119.21238500043404, 38.33085900034683], [-119.21222999972503, 38.331049999880115], [-119.21133599994751, 38.33188799992586], [-119.21075299961633, 38.33241800031373], [-119.21045200021578, 38.33270300008963], [-119.21015699976466, 38.332997999925674], [-119.20966200019534, 38.33351599974408], [-119.2093280002845, 38.333916000011065], [-119.20914300033657, 38.33425499991627], [-119.20896599988626, 38.334614000152904], [-119.20877199971751, 38.33508399993502], [-119.20867800000616, 38.33534900019974], [-119.20851099960157, 38.33597899994282], [-119.20790800007724, 38.33801399994944], [-119.20784600015297, 38.33833800009943], [-119.20784699997786, 38.33870800005568], [-119.20790100040452, 38.33940500001469], [-119.20791399992503, 38.33996200019956], [-119.20789600038168, 38.340261999811204], [-119.20783899958194, 38.340557999675944], [-119.2077430002208, 38.34084800024622], [-119.20750600039433, 38.34133900030707], [-119.20739699971607, 38.34162400022216], [-119.20737499997475, 38.34171499986001], [-119.2073630002792, 38.34195799967222], [-119.20737199960169, 38.34208299991626], [-119.20740400028707, 38.34220799994464], [-119.20707600022402, 38.342489999932276], [-119.20695999987306, 38.34276499971491], [-119.20725100012619, 38.34402400026906], [-119.20716499991246, 38.34450500034783], [-119.20617800024858, 38.346976999904854], [-119.2062939997012, 38.34729699987916], [-119.20725500032417, 38.348304999962124], [-119.20728399973817, 38.348671000269476], [-119.2066450002288, 38.349175000252444], [-119.2059480000948, 38.34954099968551], [-119.20408799967149, 38.350047000001524], [-119.20347900029934, 38.350343999704364], [-119.20269400030178, 38.3509619999495], [-119.20208400020638, 38.35130600008099], [-119.20211299962041, 38.351649000338035], [-119.20234600014723, 38.35240500031485], [-119.20234699997215, 38.352679000154346], [-119.20136000030823, 38.35318400005003], [-119.2008940001529, 38.353549999650845], [-119.20066200034931, 38.35384800010362], [-119.20054500017343, 38.35423700014235], [-119.20066300017423, 38.3550600000115], [-119.2017090002877, 38.35590800001528], [-119.20191299960388, 38.35627399993574], [-119.20229000007072, 38.35652499968553], [-119.20275600022607, 38.357943999726714], [-119.20269799960141, 38.358333000300696], [-119.2024070002466, 38.35869899993732], [-119.20121600036819, 38.359270999878795], [-119.20086700038873, 38.36000400003061], [-119.1999090001388, 38.360460999705694], [-119.19973400023662, 38.36066700000153], [-119.199647000198, 38.361032999813], [-119.19880500029905, 38.36201700016527], [-119.19836900028093, 38.362956000104276], [-119.19822399961768, 38.36384800030615], [-119.1984859995585, 38.36499200023046], [-119.19863100022174, 38.36524400020703], [-119.19857299959713, 38.36549499984816], [-119.19819500020368, 38.365907000079986], [-119.19787600036142, 38.36654799978668], [-119.19807899985273, 38.36744000009458], [-119.19805000043873, 38.36801300011732], [-119.19784700004914, 38.3683790001138], [-119.19656800030714, 38.36895100033487], [-119.1961620004263, 38.36924799996678], [-119.19511499958962, 38.37055300003994], [-119.19508600017562, 38.37082700021621], [-119.19479599974738, 38.370964999649956], [-119.19247000006706, 38.37320699966548], [-119.19113299970046, 38.37428300031742], [-119.19101700024781, 38.37435100025302], [-119.1909879999355, 38.374441000276676], [-119.1901860002195, 38.37491700026161], [-119.18970400017065, 38.375238000022186], [-119.18897699989944, 38.3757459996597], [-119.18787300005964, 38.37711800030239], [-119.1873209996906, 38.37794199988185], [-119.18688499967251, 38.378994999690356], [-119.18636099979085, 38.381123000036], [-119.18647799996675, 38.38128299973429], [-119.18647799996675, 38.38226700009739], [-119.1862160000259, 38.38277000005367], [-119.18598300039743, 38.383044999656775], [-119.18548899975468, 38.3833419998847], [-119.18455899999216, 38.38359400003931], [-119.18391899975957, 38.38393700011037], [-119.18272799988117, 38.384829000126004], [-119.1825820002913, 38.38519500026665], [-119.1825820002913, 38.38615700011972], [-119.18229100003818, 38.38656799972558], [-119.18165199963047, 38.38707100004983], [-119.17996600018274, 38.38796300014124], [-119.17938399967647, 38.38846599991685], [-119.17801700007098, 38.391120999865336], [-119.17781399968138, 38.392492999684826], [-119.17734800042437, 38.393477000322136], [-119.17563199994106, 38.39812200010721], [-119.17444000023774, 38.399563000003845], [-119.17394599959502, 38.39990700005497], [-119.1729859996953, 38.400296000334414], [-119.17161800026487, 38.4014169997763], [-119.17112399962213, 38.402354999836575], [-119.16998999964515, 38.402628999937754], [-119.16943700034948, 38.40297199983364], [-119.16929199968621, 38.403223999869354], [-119.16932099999855, 38.4042760001386], [-119.16961100042676, 38.40473399999262], [-119.17019300003471, 38.40535199970813], [-119.17022200034704, 38.40603800018651], [-119.16961100042676, 38.407342999667044], [-119.16946499993857, 38.40793699993296], [-119.16958100028953, 38.40866999981582], [-119.17008400025479, 38.40851899980267], [-119.17066099983988, 38.408343999942744], [-119.1714790003477, 38.40818300000709], [-119.17343699978201, 38.40829400030718], [-119.1765910000159, 38.409228999733806], [-119.17869499993837, 38.40977499976829], [-119.18281300026999, 38.4101579996486], [-119.18537199957883, 38.40981500006758], [-119.1880179998246, 38.409700999930514], [-119.19031599991585, 38.40937999967132], [-119.19156600024381, 38.40933399968182], [-119.1926140000071, 38.409472000266355], [-119.19501900022846, 38.41011699999371], [-119.19508600017562, 38.410135000257114], [-119.19607399966442, 38.41024899970952], [-119.19761600007043, 38.41024899970952], [-119.1986620001839, 38.41011200015434], [-119.20168599982316, 38.40933399968182], [-119.20314000036562, 38.40915000013498], [-119.20587399957664, 38.4086010001986], [-119.20779199972628, 38.40766199996051], [-119.20971200042405, 38.40718100002704], [-119.21104899989236, 38.40702099990448], [-119.21421900001977, 38.40692899970885], [-119.21523699964582, 38.407020000316194], [-119.21887200010366, 38.40763699991112], [-119.22050099965, 38.408117000052215], [-119.22131499995987, 38.40843700001759], [-119.22166399993931, 38.408734000136434], [-119.2222460004456, 38.40898599979205], [-119.22431100001, 38.409396999858906], [-119.2249210001054, 38.40942000018926], [-119.22605500008237, 38.40912199981088], [-119.22634600033552, 38.409282000209345], [-119.22957400018926, 38.41021900001924], [-119.23079600002983, 38.41072199982011], [-119.23137799963781, 38.41104200021655], [-119.2320470001827, 38.411270999832674], [-119.2337350001786, 38.411567000040954], [-119.23518899982273, 38.41216200029885], [-119.23597399982027, 38.41266499994841], [-119.23690500030601, 38.41284800018788], [-119.23943600002578, 38.41398999981549], [-119.24179199984331, 38.4152250001827], [-119.24408999993456, 38.41568099998478], [-119.24561499972383, 38.415573999761804], [-119.24595600020567, 38.415159000324834], [-119.24601099955893, 38.415056000052964], [-119.2462469995605, 38.4144520001024], [-119.24627300039806, 38.4144110000684], [-119.24634000034523, 38.414337000051205], [-119.24646099982073, 38.414247999892034], [-119.2469930000983, 38.41393500028842], [-119.24713500038851, 38.4139039998199], [-119.24728299962821, 38.41390900010072], [-119.24798300013526, 38.41412200019891], [-119.2484369996967, 38.41421799975042], [-119.24896700032444, 38.41429300008108], [-119.24903000007363, 38.41431200019942], [-119.24926199987722, 38.41441200025834], [-119.24935700031179, 38.4144110000684], [-119.24944799965006, 38.41438200018482], [-119.24948299981016, 38.41433499966918], [-119.24951499959721, 38.41399799997358], [-119.24954599955934, 38.41384200025065], [-119.24967699997892, 38.4134420002522], [-119.24976900004042, 38.41324999966349], [-119.24988600021629, 38.4130660002336], [-119.25037199956478, 38.412474999840214], [-119.25055300021306, 38.412174000135366], [-119.25062900038104, 38.41199000007709], [-119.25068899975717, 38.41189700035143], [-119.2507599999023, 38.411809000228274], [-119.25083400042047, 38.41173599988484], [-119.2519640001995, 38.41083599975425], [-119.25206299993371, 38.41077199988747], [-119.25216900023891, 38.4107170000226], [-119.25228200021681, 38.410671000180315], [-119.25240100004251, 38.41063399967383], [-119.25252400006615, 38.41060799970608], [-119.25264999956453, 38.410590999803325], [-119.25277699978614, 38.4105849997539], [-119.25299900044232, 38.41059999987655], [-119.25324200011654, 38.41059399982788], [-119.25340299977505, 38.41057299965351], [-119.2535609999588, 38.41053899982753], [-119.25371300029475, 38.410492000331615], [-119.25393300040277, 38.410394999807586], [-119.25399199995401, 38.41037900010054], [-119.25409900008412, 38.41037900010054], [-119.2541750002521, 38.41040099987284], [-119.25425499971975, 38.410457000222856], [-119.25429800027575, 38.41053099999037], [-119.25428700040511, 38.410616000238576], [-119.25425100042008, 38.410674000201546], [-119.25419299979545, 38.41071899980088], [-119.25400299982468, 38.410793000004006], [-119.25396500018982, 38.410835000218725], [-119.25393000002973, 38.41090800006463], [-119.25392599983178, 38.41098500008247], [-119.25395000012122, 38.41106099978195], [-119.2540050003728, 38.411144999875496], [-119.25408999986331, 38.41121000035014], [-119.2541960001685, 38.41125200032248], [-119.25431400016927, 38.4112660000732], [-119.25443100034515, 38.411251000088804], [-119.25453699975203, 38.41120799988155], [-119.25501600032617, 38.41104200021655], [-119.25559200008632, 38.410867000131304], [-119.25600100034025, 38.41070300016552], [-119.25603399995222, 38.410697000125396], [-119.2561179996178, 38.410706999722734], [-119.25618399974005, 38.41074799974684], [-119.25621399987726, 38.41080999985924], [-119.2561400002574, 38.411144999875496], [-119.25610699974715, 38.41122599987318], [-119.25605400004369, 38.411299000028], [-119.25598299989858, 38.411361999899796], [-119.25589699968486, 38.41141200022821], [-119.2557579997677, 38.41145599984102], [-119.25566200040653, 38.41152899976342], [-119.25561200017782, 38.411608000281014], [-119.25559499956108, 38.411695999944996], [-119.25561300000274, 38.41178299997946], [-119.25566499988128, 38.411862000219294], [-119.25574299969907, 38.41192299985539], [-119.25576299979056, 38.411950999798016], [-119.2557850004302, 38.412028000112244], [-119.25577299983631, 38.41208699986783], [-119.25572400033083, 38.41215599967598], [-119.25534600003904, 38.41241599969753], [-119.2552869995895, 38.41247400032735], [-119.25525399997753, 38.41254299976594], [-119.25524999977955, 38.41261799972364], [-119.25527499989393, 38.41268900015626], [-119.25532699977248, 38.41275100001098], [-119.25540100029065, 38.41279699993695], [-119.25615799980075, 38.413032000172905], [-119.25670699979676, 38.41330899982906], [-119.25731500024231, 38.413494000250516], [-119.25821200039285, 38.41367399990161], [-119.25865300043382, 38.41380499996012], [-119.25907400038331, 38.41397100031635], [-119.25952200009696, 38.414199000311186], [-119.26106100012993, 38.41488899989459], [-119.26138800036806, 38.41502399988391], [-119.26163900043824, 38.415099000081824], [-119.2622980000391, 38.41522599965751], [-119.26297500008162, 38.415428000274034], [-119.26349999978815, 38.41552700002157], [-119.26378099999555, 38.415562999960095], [-119.26413300034807, 38.41563499978335], [-119.26455000009958, 38.41576299999583], [-119.26468200034405, 38.41581499973145], [-119.2648189997131, 38.41585599967254], [-119.26496199982822, 38.41588499966834], [-119.2651080003164, 38.4159019997333], [-119.26525499973118, 38.415908000045086], [-119.26543999967912, 38.415900000098475], [-119.26562100032739, 38.4159139996525], [-119.26579500040467, 38.41595699987458], [-119.26657899967898, 38.41629899969825], [-119.26668499998421, 38.416380999711684], [-119.26675299975626, 38.41648499966356], [-119.26677600022079, 38.41657699965864], [-119.26677000037303, 38.416678999715096], [-119.26672500016716, 38.416773999934904], [-119.26664399997631, 38.416853999800836], [-119.2662270002248, 38.41709900033488], [-119.26588800029107, 38.417345000187346], [-119.26577399958995, 38.41743699979113], [-119.26565099956632, 38.417558000009585], [-119.2655450001594, 38.41768900006423], [-119.26545599957264, 38.4178280003191], [-119.26538699997566, 38.41797299974297], [-119.26534900034082, 38.41808200021043], [-119.26524999970832, 38.41827700033295], [-119.26493099986608, 38.41876099999387], [-119.26488499983533, 38.418857999844114], [-119.26485200022336, 38.41895799994523], [-119.26483200013189, 38.41906000015916], [-119.26482600028412, 38.41916299964936], [-119.2648339997817, 38.41926699981931], [-119.26488599966025, 38.41949999988663], [-119.26489400005616, 38.41959399979766], [-119.26488800020839, 38.419687000173305], [-119.2648699997667, 38.41977999972545], [-119.2648189997131, 38.41992099970345], [-119.26480600019262, 38.42002699971037], [-119.26482100026122, 38.420132000154794], [-119.26486399991894, 38.4202330000093], [-119.26491900017052, 38.420309999942866], [-119.2650599997375, 38.42056699986736], [-119.26512500003486, 38.420628999999785], [-119.2653479996176, 38.420735999774], [-119.26539799984631, 38.420774000135836], [-119.26547999986207, 38.42086199989687], [-119.26557399957342, 38.42102900032428], [-119.26563399984786, 38.421071000219264], [-119.26593699979655, 38.42114799996338], [-119.2661229995694, 38.4212209999466], [-119.26629800036989, 38.42130899986688], [-119.26646099967822, 38.421411000280145], [-119.26665900004494, 38.421571000210456], [-119.26670400025075, 38.42163799993083], [-119.26675699995421, 38.421761999711556], [-119.2667750003959, 38.42189099971161], [-119.26675899960405, 38.42202000018502], [-119.26670900027365, 38.42214400001379], [-119.26662700025788, 38.42225700014345], [-119.26651799957962, 38.42235400022585], [-119.26639600027922, 38.42241700031117], [-119.26635100007334, 38.42242899985198], [-119.26627499990539, 38.42247299979349], [-119.2662280000497, 38.42253799992991], [-119.26621800000396, 38.42259400002222], [-119.26623499972239, 38.422674999852674], [-119.26621700017904, 38.42274199995662], [-119.26616600012542, 38.42279799989072], [-119.26609099978238, 38.42283299965155], [-119.26582200016882, 38.423057000252975], [-119.2656799998786, 38.42323199966762], [-119.26547700038735, 38.42342699996369], [-119.26546099959549, 38.423509999691774], [-119.2654870004331, 38.423572000113225], [-119.26554299961128, 38.42362000031217], [-119.26561999960418, 38.42364599982015], [-119.26570300034317, 38.42364599982015], [-119.26577899961282, 38.4236190002497], [-119.26601200013963, 38.423417000015434], [-119.26618700004182, 38.42334300007395], [-119.26654000021925, 38.42321499992002], [-119.26659600029572, 38.42322599996416], [-119.26662499970975, 38.423258000019004], [-119.26662300005991, 38.42330300022615], [-119.26645400000551, 38.423436999910564], [-119.2663410000276, 38.423548000001794], [-119.26624399994326, 38.42366799977547], [-119.26616299975238, 38.42379499977032], [-119.26609900017829, 38.42392799989129], [-119.26604099955364, 38.42411700008644], [-119.26604899994958, 38.424173999713105], [-119.26608499993458, 38.42422300026986], [-119.26614400038412, 38.424255999936655], [-119.2662149996309, 38.42426699982225], [-119.26628599977604, 38.424254999883], [-119.26634400040065, 38.42422100016157], [-119.26648800034069, 38.424033999648316], [-119.26661600038723, 38.42390299983963], [-119.2667190003194, 38.42384299982106], [-119.26683800014506, 38.4238010001303], [-119.26696500036667, 38.42377900021549], [-119.26709599988794, 38.42377800015523], [-119.26722300010954, 38.423799000010376], [-119.26734299976012, 38.42384000034668], [-119.26744900006534, 38.42389900030911], [-119.2675369999289, 38.423974999796116], [-119.26788799955818, 38.4242289998905], [-119.26872199995954, 38.42463600032386], [-119.26883699958725, 38.42470800025341], [-119.26921700042718, 38.42497399970304], [-119.26776500043283, 38.42525999967466], [-119.26537299973198, 38.425811999803315], [-119.26322500032687, 38.42593500012926], [-119.26175300024106, 38.426487000025126], [-119.26089399972534, 38.426549000002275], [-119.25966600003699, 38.42630299982486], [-119.25788699980451, 38.42593500012926], [-119.25451300036092, 38.42605800024569], [-119.25242600015685, 38.42605800024569], [-119.24862199964463, 38.42630299982486], [-119.24377500029027, 38.42642600001831], [-119.24003299970231, 38.42630299982486], [-119.23911200016065, 38.42697799968008], [-119.23714899980516, 38.42728499970604], [-119.2360440001405, 38.42765300026384], [-119.23512400042372, 38.42802099965011], [-119.23432600000737, 38.42814399973248], [-119.23268900006512, 38.42864200003605], [-119.23233099986483, 38.428898999870896], [-119.23214099989403, 38.42904500028152], [-119.23200299980175, 38.4291339998038], [-119.23185300001396, 38.42921100010061], [-119.23165200017249, 38.42929100026719], [-119.23146200020169, 38.42934900001584], [-119.23124700011654, 38.429394999929], [-119.23084899973327, 38.429441999794705], [-119.2296550003801, 38.42971599992992], [-119.22933999983756, 38.429814999800136], [-119.22897800033762, 38.42988900014758], [-119.22878699964357, 38.42991500021365], [-119.22856499988573, 38.42996399969015], [-119.22791700015553, 38.43020400023617], [-119.22731399973286, 38.430358999842376], [-119.22720699960274, 38.43040799972131], [-119.22696899995137, 38.43057399992573], [-119.22671500040647, 38.430766000211854], [-119.22647000018407, 38.430995999897185], [-119.2263449996123, 38.43109600008263], [-119.2260759999988, 38.43137200018542], [-119.22577899989786, 38.431602000051654], [-119.2256829996384, 38.43166199995745], [-119.22555700014001, 38.431774000023545], [-119.2254630004287, 38.43190299973358], [-119.22544199961399, 38.43203099997088], [-119.22541400002488, 38.43211700020076], [-119.2253739998419, 38.43220099973729], [-119.22526199968893, 38.43235599998267], [-119.22491699990742, 38.43267600025389], [-119.22463900007308, 38.43289899994747], [-119.22452100007229, 38.43297499981506], [-119.22439600039883, 38.433040000351276], [-119.22426300032946, 38.433094000178485], [-119.22412400041226, 38.43313700002501], [-119.22381999974031, 38.43319600013285], [-119.2236759998003, 38.43324700005597], [-119.22346800028613, 38.433364000116086], [-119.22338299989734, 38.43338200021675], [-119.22320799999517, 38.43338899970738], [-119.22294000020653, 38.43348099998655], [-119.22263200023497, 38.433682000295796], [-119.22240399973103, 38.43388100020478], [-119.22092199959947, 38.434363000324325], [-119.22016699973915, 38.43477699999831], [-119.21854200039077, 38.43674600021146], [-119.21688899965667, 38.43844099973554], [-119.21563900022703, 38.439106000229756], [-119.21424499995904, 38.44000100007516], [-119.21308400021785, 38.440507000257455], [-119.21128300024407, 38.441973000064024], [-119.20962700003523, 38.44302699998284], [-119.20846499957085, 38.443991000114366], [-119.20736099973104, 38.44447199979963], [-119.20471899968321, 38.446787000188074], [-119.20443800037414, 38.44713500018716], [-119.20431299980237, 38.44729000002871], [-119.2040919998694, 38.44743899973506], [-119.20503900024869, 38.448118999716044], [-119.20510899967056, 38.448169999649785], [-119.2067230000466, 38.44929899968485], [-119.20674499978792, 38.44928500027051], [-119.20678300032105, 38.44931200009338], [-119.20767899974838, 38.44994000026212], [-119.20792399997076, 38.450112000161496], [-119.20991800028838, 38.45150900031231], [-119.21146399999405, 38.45260799978998], [-119.21238899973366, 38.453264000223086], [-119.21270299955303, 38.453505999990064], [-119.21281100040638, 38.453579999971886], [-119.22972700035014, 38.46535099971085], [-119.23162299986018, 38.4666699996751], [-119.23216400035858, 38.46704800014416], [-119.23218399955174, 38.46706100016785], [-119.23380499960047, 38.468188999846106], [-119.23411699976998, 38.46840499992658], [-119.23455000031333, 38.468707999740346], [-119.23708600005597, 38.47056500031258], [-119.2396510001109, 38.472364999970964], [-119.23998500002176, 38.47262900016519], [-119.24047399974329, 38.47297200029243], [-119.25006100011846, 38.479695000083254], [-119.25038900018154, 38.4799259999388], [-119.25898399997159, 38.48595499988804], [-119.26056499983736, 38.48706400004693], [-119.26399199988275, 38.48946700029701], [-119.26437299964924, 38.48973499983723], [-119.26765499992968, 38.492059000026366], [-119.26867299955575, 38.49274800019171], [-119.27680299991371, 38.49844699994716], [-119.27790199973063, 38.49921699987991], [-119.27955200009164, 38.50031300015292], [-119.29770400011971, 38.513122000175414], [-119.2983939996827, 38.51360899981779], [-119.29960899985055, 38.51442400033223], [-119.30269100011444, 38.51658200023334], [-119.30878000029912, 38.520843999784844], [-119.31226599989574, 38.523286000349906], [-119.32751700030816, 38.53342500019799], [-119.32819099997764, 38.53387199982617], [-119.33005899989857, 38.53511399965432], [-119.33012199964774, 38.53433200002439], [-119.33006399992144, 38.533164999796995], [-119.32988900001924, 38.531952999745414], [-119.32997600005787, 38.531494999741206], [-119.33140299993785, 38.52874899965209], [-119.3323340004236, 38.527605000138195], [-119.33349900036274, 38.5255690001704], [-119.33381900002989, 38.525225000153775], [-119.33445900026246, 38.52483599979643], [-119.33521699959752, 38.52465300031027], [-119.33574100037748, 38.52442399992909], [-119.33623599994681, 38.52364599969727], [-119.33751800006182, 38.522661999839194], [-119.33865299986374, 38.52202099988052], [-119.33894400011687, 38.52163199977554], [-119.3394389996862, 38.52053399970907], [-119.33975900025163, 38.51932099972472], [-119.3401659999574, 38.51865799972925], [-119.34083600032724, 38.51829100034671], [-119.34150499997385, 38.51721600034141], [-119.3418549997782, 38.51689599975641], [-119.34220399975766, 38.516803999729106], [-119.34252400032311, 38.51655199975509], [-119.34266999991299, 38.516277999775184], [-119.3435140003601, 38.515179000075314], [-119.34441599963516, 38.51442400033223], [-119.34569699992528, 38.51357699976635], [-119.34584199969024, 38.51328000014763], [-119.34654100037237, 38.51259300002692], [-119.34671600027457, 38.51220400028388], [-119.34721000001898, 38.51160900019433], [-119.34910200022937, 38.5098469999102], [-119.35017900030495, 38.50822199998547], [-119.35044000042086, 38.50719199997474], [-119.35041000028363, 38.50563600032019], [-119.35029300010775, 38.505178999783396], [-119.35023500038146, 38.50382900022187], [-119.34962199991301, 38.50220499985242], [-119.34921400038236, 38.50179299981223], [-119.34915599975771, 38.5015410000253], [-119.34933499985786, 38.49991299985105], [-119.34930600044386, 38.49952300008955], [-119.3487819996639, 38.49922100015754], [-119.3486069997617, 38.49874099970408], [-119.34872300011266, 38.49713899997137], [-119.34854800021049, 38.496842000048055], [-119.34857599979956, 38.4962240001959], [-119.34878000001409, 38.49501200031389], [-119.34869200015052, 38.49444000016266], [-119.348604000287, 38.49434800026993], [-119.34857400014975, 38.49247200000728], [-119.34842799966157, 38.49199200028636], [-119.34854499983744, 38.49164800013649], [-119.34831100038403, 38.490596000115495], [-119.34848399973806, 38.48714099970909], [-119.34836699956219, 38.48606600016976], [-119.34848299991314, 38.48535699978725], [-119.34851100040056, 38.48316000035096], [-119.34865600016552, 38.48206200010838], [-119.34891700028142, 38.48116900014845], [-119.34926600026088, 38.48059699980811], [-119.34929499967491, 38.48027699965391], [-119.34906200004637, 38.4798419996934], [-119.34903199990916, 38.47913299996754], [-119.3488870001442, 38.47885899967619], [-119.34882799969466, 38.47842400030053], [-119.34888600031928, 38.47782900034722], [-119.34955400014098, 38.47576999977773], [-119.3506599996306, 38.474602000283596], [-119.35167700033003, 38.472817000065895], [-119.35260799991744, 38.47194799971693], [-119.35324800015005, 38.47167300014903], [-119.3536260004418, 38.47137499995242], [-119.35476100024373, 38.4707569997163], [-119.35505099977365, 38.470092999839636], [-119.3560399999857, 38.46933800013828], [-119.356069000298, 38.468925999949306], [-119.35662199959366, 38.46867399985483], [-119.35749399962982, 38.46778200019293], [-119.35752299994218, 38.467530000320764], [-119.35740699959122, 38.467255000080605], [-119.35734800003998, 38.466133999692055], [-119.35696899992328, 38.46544800027405], [-119.35688100005973, 38.46425900023467], [-119.35676399988388, 38.46414500022507], [-119.35644400021675, 38.46400800021583], [-119.35624000000223, 38.46373299990978], [-119.35548299959379, 38.46213200011965], [-119.35504599975079, 38.461559999971534], [-119.35449299955681, 38.46142299997598], [-119.35428900024061, 38.46126299972878], [-119.35335699992997, 38.45906699995202], [-119.35312299957825, 38.457832000184204], [-119.3527450001848, 38.45730600012098], [-119.35155099993334, 38.45604800020655], [-119.35117199981666, 38.45558999999454], [-119.35117199981666, 38.4549270000938], [-119.35125899985529, 38.454354999794205], [-119.35125899985529, 38.45378299988404], [-119.35137400038133, 38.451884000319744], [-119.3517380004294, 38.45136300030569], [-119.35185800008, 38.45135500006552], [-119.35199199997429, 38.45132499986043], [-119.35213799956418, 38.45115900023539], [-119.35225899993797, 38.45096299987288], [-119.35245999977946, 38.45070300002056], [-119.35273699978887, 38.45038899971845], [-119.35288099972891, 38.450186999801055], [-119.35306200037721, 38.450043999726695], [-119.353653000206, 38.44968599985731], [-119.35413899955448, 38.44936099977214], [-119.35446400014281, 38.44911200009761], [-119.35474600017513, 38.44894600030629], [-119.3548850000923, 38.44887100008039], [-119.35509099995663, 38.448681999953315], [-119.35535000042272, 38.44848300004016], [-119.35570400042504, 38.44827799984577], [-119.35599800015291, 38.44808799984906], [-119.35672500042413, 38.44753400029853], [-119.35757099962275, 38.447071999856895], [-119.35771799993584, 38.44696600014856], [-119.3578340002868, 38.446837999656076], [-119.35789200001312, 38.44674300028702], [-119.35833899990186, 38.44621899978717], [-119.35932399991593, 38.44515699982267], [-119.35952399993248, 38.444904999707326], [-119.35972399994901, 38.444708000177], [-119.36005200001209, 38.444411999986066], [-119.36018900027945, 38.444276000270975], [-119.36034499991503, 38.44415199974863], [-119.36043699997654, 38.44408900033218], [-119.36066899978013, 38.44388800015122], [-119.36071300016106, 38.44387399968721], [-119.36083500035981, 38.44385799965616], [-119.36095599983534, 38.44387200012327], [-119.36113300028565, 38.443930000119764], [-119.36120600008057, 38.443944999650306], [-119.36135699969331, 38.44395600005456], [-119.36151099967911, 38.443942000307324], [-119.36157500015152, 38.44392300024395], [-119.36164899977136, 38.44392000019647], [-119.36174300038103, 38.44394300008834], [-119.36181600017596, 38.44399499993918], [-119.36187300007735, 38.444080999989154], [-119.36193400017673, 38.44412800014493], [-119.36203700010887, 38.44416399989927], [-119.36214699971372, 38.44416399989927], [-119.36333500011742, 38.444277000047364], [-119.36354099998174, 38.44432799988191], [-119.3636449997388, 38.444370000297994], [-119.363827000212, 38.4444219998412], [-119.36404700032004, 38.44446700022746], [-119.3644959998586, 38.44450800008591], [-119.36524999989402, 38.44455299971502], [-119.36558499962976, 38.44453800031085], [-119.36565599977487, 38.44443600019891], [-119.36571299967629, 38.44429399976166], [-119.36573100011795, 38.44414799993252], [-119.36582400000438, 38.44368400005675], [-119.36587900025596, 38.443509000250856], [-119.36620999979375, 38.442828999751605], [-119.36625099980162, 38.44267299967727], [-119.3662549999996, 38.442593000266136], [-119.36624199958081, 38.44247799998974], [-119.36624599977876, 38.442406000188434], [-119.36626400022041, 38.44238200000418], [-119.36636100030479, 38.442304999681575], [-119.36670799973614, 38.44214400014886], [-119.3671220000129, 38.4419180000329], [-119.3671980001809, 38.441858000207034], [-119.36724400021164, 38.44178599978722], [-119.36725900028024, 38.44170699990851], [-119.3672419996635, 38.44162799994334], [-119.36719499980782, 38.44155699981182], [-119.36581399995862, 38.44048899982237], [-119.36546900017714, 38.44020400019195], [-119.36452900036886, 38.43945999973488], [-119.36400100028928, 38.43910299998207], [-119.36390800040284, 38.43907599985798], [-119.36380999959526, 38.43907300031268], [-119.3637140002341, 38.439093000093656], [-119.3636160003248, 38.439143000225506], [-119.36353199976092, 38.43916499968148], [-119.36337899960004, 38.43917100017164], [-119.36327400001804, 38.43913699973302], [-119.36317100008587, 38.43907300031268], [-119.36309800029095, 38.4389860000751], [-119.36300200003149, 38.43874199975527], [-119.36293000006148, 38.43869700002145], [-119.36275500015928, 38.4386680000374], [-119.36237900041563, 38.43834199973063], [-119.36247899997477, 38.43805600020467], [-119.36249599969322, 38.4379139998813], [-119.36247599960171, 38.43777299984875], [-119.3624189997003, 38.437638000158366], [-119.36224399979812, 38.43738099976331], [-119.36211900012464, 38.43723199969848], [-119.36197400035968, 38.43709300019663], [-119.36181100015307, 38.436967000244806], [-119.36159500024301, 38.43683400021349], [-119.36156299955765, 38.43679599985796], [-119.36156199973273, 38.436741999984946], [-119.36159299969486, 38.436704000284664], [-119.36165600034236, 38.436681000197076], [-119.3617130002438, 38.43668800007155], [-119.36180799978004, 38.43674600021146], [-119.36189700036681, 38.436767999694304], [-119.3619900002532, 38.43675999994711], [-119.36202799988806, 38.436743999746405], [-119.36209800020823, 38.43671299991921], [-119.36222500042986, 38.43669599982671], [-119.36235199975316, 38.43671100015684], [-119.36246599955598, 38.43675599972132], [-119.3625950003257, 38.43685300003192], [-119.36276699985484, 38.43695000021218], [-119.3628620002894, 38.436986999905635], [-119.36306499978068, 38.43704399992879], [-119.36314099994866, 38.43702199982645], [-119.36332199969861, 38.43693800026945], [-119.36340299988947, 38.43688499967781], [-119.36354299963158, 38.436770000158695], [-119.36361299995177, 38.436659999865995], [-119.3636360004163, 38.4365389999837], [-119.36360999957871, 38.436418999783875], [-119.3635800003398, 38.43615699982718], [-119.36360399973093, 38.435948000238106], [-119.36367200040131, 38.435758000150614], [-119.36371199968596, 38.43560400006833], [-119.36371300040918, 38.43514499967027], [-119.36375199986894, 38.43446300006871], [-119.3637639995645, 38.43437100033712], [-119.36379899972462, 38.43428300014761], [-119.36385700034924, 38.43420299988224], [-119.36393400034214, 38.434134000022], [-119.36402899987836, 38.4340790003513], [-119.36413500018358, 38.43404099995306], [-119.36464800019458, 38.43395100022625], [-119.36543300019211, 38.43392199974305], [-119.36684400017856, 38.433901999936886], [-119.3671000002716, 38.43389000019123], [-119.36733600027316, 38.433858999842215], [-119.36747400036542, 38.43381700034693], [-119.36760499988667, 38.433762999653126], [-119.36772899973523, 38.43369899969068], [-119.36784300043637, 38.433624999729304], [-119.36801499996548, 38.43348800017128], [-119.3681349996161, 38.433368999753526], [-119.36823900027147, 38.43323999984788], [-119.36832600031012, 38.43310400019416], [-119.36839400008218, 38.432961999982254], [-119.36844199976275, 38.43281499981556], [-119.36847799974775, 38.43257700008403], [-119.36852399977853, 38.4324940002208], [-119.36855499974065, 38.432455999692], [-119.36863099990863, 38.43238800021435], [-119.36872299997015, 38.43233499980092], [-119.36882699972723, 38.432296999892145], [-119.36925299969958, 38.432299999719035], [-119.3693749998983, 38.432279000224696], [-119.36949000042436, 38.432237999753475], [-119.36959099980837, 38.43217900027023], [-119.36967399964905, 38.432105000158444], [-119.36973300009859, 38.43199699968805], [-119.36980900026659, 38.43192899977812], [-119.36991399984858, 38.43189099965569], [-119.3700090002831, 38.431889999707764], [-119.37008999957567, 38.43186800014595], [-119.37052200029412, 38.431574999937006], [-119.37070800006694, 38.43164200022894], [-119.37080599997621, 38.43169099994097], [-119.37089700021284, 38.431747999923125], [-119.37098000005352, 38.43181300015655], [-119.37111099957477, 38.43195100002506], [-119.37119400031375, 38.43209899978474], [-119.37130499974351, 38.4322170002411], [-119.37142100009447, 38.432299999719035], [-119.37171800019539, 38.432534999842964], [-119.37197099991538, 38.4327699999058], [-119.37222100016064, 38.432972000016214], [-119.3724160001543, 38.433094000178485], [-119.37256299956908, 38.433170999771036], [-119.37368599967543, 38.43395799966172], [-119.37380600022436, 38.43408599977437], [-119.37385399990494, 38.43415900005038], [-119.37396299968486, 38.43425199996732], [-119.37410800034814, 38.434333000092515], [-119.37427099965645, 38.43438900018674], [-119.37439600022824, 38.434412000300824], [-119.37459600024476, 38.434482999719464], [-119.37470099982677, 38.434535000052236], [-119.3747889996903, 38.43459399972132], [-119.37541999970206, 38.4345069997153], [-119.37599399981241, 38.43467999971317], [-119.3766259996491, 38.43471599995752], [-119.37784800038797, 38.43446499989328], [-119.37808100001646, 38.43432799981813], [-119.3787799998003, 38.43290999992397], [-119.37889799980107, 38.43174300017344], [-119.37942300040592, 38.429775999995385], [-119.37971399976077, 38.429250000210494], [-119.37980199962432, 38.42794600020081], [-119.37962800044536, 38.4272130002343], [-119.37971600030889, 38.42702999978775], [-119.38082099997358, 38.42604699992916], [-119.38216199963983, 38.42423999978021], [-119.38277299956012, 38.42375999977185], [-119.38387800012312, 38.423371999879365], [-119.38492500006149, 38.4231890002569], [-119.38574000019625, 38.422938000239874], [-119.38620499962836, 38.42268599997905], [-119.3871939998404, 38.42229799994747], [-119.38797999966286, 38.422228999972084], [-119.39097499988812, 38.4224369997794], [-119.3927199997854, 38.42223100013553], [-119.39539600016843, 38.421523000057405], [-119.39760600039612, 38.421271999881505], [-119.3982750000427, 38.42099800008445], [-119.39894399968932, 38.420883999996335], [-119.40287100022519, 38.420838999689764], [-119.4042090004167, 38.42102200033937], [-119.40528399994417, 38.42138900034118], [-119.40647700037071, 38.42157200030127], [-119.40720399974361, 38.42161800024138], [-119.409356000245, 38.42148099972143], [-119.41008299961793, 38.421183999916146], [-119.41252600037244, 38.42061299974366], [-119.41383400042672, 38.42054400027014], [-119.41450300007332, 38.42059000016108], [-119.4174399996739, 38.42143599978678], [-119.4175860001621, 38.42161900033154], [-119.41793400031665, 38.423151999826935], [-119.41819600025747, 38.42354100026104], [-119.41892299963038, 38.42425000031825], [-119.4200859999197, 38.42518900033611], [-119.42124900020906, 38.425989999669405], [-119.42235399987372, 38.427751000142045], [-119.42287699993044, 38.42841499987844], [-119.42334300008577, 38.42942200015505], [-119.42369200006523, 38.43035999981151], [-119.42424500025919, 38.431205999704424], [-119.4244770000628, 38.43196100019904], [-119.42497199963212, 38.43246499985608], [-119.42491300008088, 38.43287699998938], [-119.4249709998072, 38.433631999900065], [-119.425232999748, 38.43381499980071], [-119.42575699962964, 38.43504999968791], [-119.42575599980475, 38.4360570003181], [-119.42566899976612, 38.43656000035003], [-119.4254360001376, 38.43694900033426], [-119.42517400019676, 38.43772700034744], [-119.42508700015814, 38.43864200030868], [-119.4245919996905, 38.43967199993516], [-119.42467999955407, 38.44033499998156], [-119.42485399963132, 38.44102099968678], [-119.42531899996172, 38.44214300034293], [-119.4254429998103, 38.442241000255606], [-119.42662799984092, 38.44317200017719], [-119.42688999978174, 38.443493000138844], [-119.42715199972257, 38.44415600026815], [-119.42718100003488, 38.44468199980958], [-119.42688999978174, 38.44541399997206], [-119.42691900009407, 38.445803000086194], [-119.42729700038583, 38.44642100025867], [-119.42753000001433, 38.44710699981266], [-119.42779100013024, 38.44733599976783], [-119.42921700018529, 38.44804600018962], [-119.43160200031521, 38.44948699989876], [-119.43197999970863, 38.449510000127056], [-119.43436599966343, 38.44896100020142], [-119.4347439999552, 38.44875500024346], [-119.43521000011052, 38.44877800000152], [-119.43619900032259, 38.44912100029574], [-119.43692599969549, 38.449533000348076], [-119.43747899988945, 38.44996699983986], [-119.43814800043437, 38.450195999865166], [-119.44003899992153, 38.45140799988145], [-119.44088300036861, 38.4516140000043], [-119.44158100032753, 38.45136199992396], [-119.44251199991494, 38.45149900003214], [-119.44445600000385, 38.452325000209875], [-119.44498499990837, 38.452549999732824], [-119.44670200021656, 38.45371700008964], [-119.44740000017549, 38.45394600017284], [-119.44862200001603, 38.454083000299114], [-119.44937799970128, 38.453922999951594], [-119.45022200014836, 38.453991000248166], [-119.4511820000481, 38.45426500006961], [-119.45191099996916, 38.45431199992412], [-119.45368500017877, 38.45504400018795], [-119.45391799980725, 38.45504400018795], [-119.45473299994205, 38.4548839998612], [-119.45610000044586, 38.454083000299114], [-119.45662400032751, 38.45410500012565], [-119.45871900002915, 38.45453999989161], [-119.45938799967576, 38.45447099977385], [-119.45999899959604, 38.455019999985666], [-119.45999899959604, 38.45561500032998], [-119.45877699975547, 38.45662199965993], [-119.45866100030284, 38.456941999987684], [-119.45869100044007, 38.45755999972901], [-119.45877799958039, 38.457650999858366], [-119.45906899983352, 38.45900100006744], [-119.45872099967897, 38.460214000153826], [-119.4588079997176, 38.46099100025257], [-119.45904100024441, 38.461357000136836], [-119.46110800035702, 38.46332500021469], [-119.46244700037343, 38.464994000023935], [-119.46270900031423, 38.465565999666616], [-119.46270900031423, 38.466046999723204], [-119.46244700037343, 38.46661900015789], [-119.46233100002247, 38.46725900002256], [-119.46183700027804, 38.46810600014129], [-119.46099399965587, 38.47023400002289], [-119.4610229999682, 38.47108000025576], [-119.46148900012352, 38.4727049996903], [-119.46151900026072, 38.473756999952386], [-119.46134400035855, 38.474122999753604], [-119.46038399956049, 38.47480999969011], [-119.45974400022622, 38.475633000051985], [-119.45971499991388, 38.47595399976463], [-119.45954099983663, 38.47604499989417], [-119.459453999798, 38.4762509999872], [-119.459453999798, 38.47705200022033], [-119.45965800001248, 38.47714299966711], [-119.45991999995331, 38.47741800017218], [-119.46006499971828, 38.47746399968882], [-119.46003600030427, 38.47817299965561], [-119.45957099997385, 38.47920299969532], [-119.45919299968209, 38.4796140002417], [-119.45907700022944, 38.479912000139095], [-119.45919299968209, 38.4801640003369], [-119.46003700012918, 38.480849999693554], [-119.46088200040118, 38.48206200010838], [-119.46163899991132, 38.48343399976338], [-119.46163899991132, 38.484027999932444], [-119.46140700010774, 38.48421100001023], [-119.46059199997295, 38.48446299994483], [-119.45858400030994, 38.4845549998018], [-119.45689600031407, 38.48620299975591], [-119.45578999992615, 38.48698100027338], [-119.45562000004682, 38.487225999770196], [-119.45679300038191, 38.48721199998208], [-119.45689600031407, 38.48703399992804], [-119.45711899989682, 38.48673699983474], [-119.45750399986127, 38.48628499982503], [-119.4578279997264, 38.4859329999323], [-119.45797099984152, 38.48578899980027], [-119.45814800029186, 38.48564500008364], [-119.45844600021769, 38.485462000131186], [-119.45871999985408, 38.48536599968209], [-119.46008700035789, 38.4850429998618], [-119.46107499984672, 38.48483199999205], [-119.4612840000841, 38.484772999911286], [-119.46148900012352, 38.48468500001101], [-119.46169099978987, 38.48456399979679], [-119.46180100029304, 38.48447800018938], [-119.46189199963133, 38.48439099985251], [-119.46197899966995, 38.4842709997732], [-119.46205800021097, 38.48416499987687], [-119.46213400037895, 38.484006000091604], [-119.46217500038685, 38.48377699981548], [-119.46216000031822, 38.483519999913355], [-119.46213299965575, 38.48339400016556], [-119.46208999999803, 38.4832710000152], [-119.4617500002394, 38.48264199965782], [-119.46133199976467, 38.481830000106875], [-119.46113099992323, 38.48149099978644], [-119.46049700043673, 38.48065999969304], [-119.46038100008575, 38.48048500026733], [-119.46028900002428, 38.480301999870946], [-119.46022200007711, 38.48011099984939], [-119.4601800002443, 38.47991700006784], [-119.4601650001757, 38.47971999979892], [-119.46021799987916, 38.47926400010582], [-119.46047599962199, 38.47824799965693], [-119.46116299971025, 38.47582399998313], [-119.46132900028992, 38.47535999986839], [-119.46152699975833, 38.47492100025712], [-119.46166300020076, 38.47467599972196], [-119.46197799984505, 38.473930000101504], [-119.46201200018021, 38.4737929996924], [-119.46206700043182, 38.47342300002269], [-119.46208699962499, 38.47306799966669], [-119.46206800025674, 38.47274400021127], [-119.46193500018734, 38.47213100022151], [-119.46146400000914, 38.47086100011759], [-119.46142499965109, 38.47070000029832], [-119.46141499960535, 38.470494999933926], [-119.4614339998719, 38.470378000284626], [-119.4616010002765, 38.4699400000022], [-119.46230199971012, 38.46865899983821], [-119.46266099973533, 38.46791799991437], [-119.46276899969037, 38.46767800027426], [-119.46304700042302, 38.46691399981756], [-119.46324400006654, 38.466169000248186], [-119.4632850000744, 38.46595200032449], [-119.46329400029525, 38.46583500033785], [-119.46328000005154, 38.46551399988657], [-119.46325300028735, 38.465391999660255], [-119.46315000035518, 38.465084999918886], [-119.46303999985203, 38.46487400001015], [-119.46291400035365, 38.464686999995095], [-119.4615180004358, 38.4630809998872], [-119.461024999618, 38.46259900022187], [-119.46076100002736, 38.46236400020495], [-119.46012900019068, 38.46182700033958], [-119.45950499985163, 38.461259999698775], [-119.45938600002592, 38.461127000118886], [-119.45931900007878, 38.46102099995548], [-119.45926999967496, 38.460921999974076], [-119.45923000039029, 38.46079900017022], [-119.45918900038242, 38.46058299981847], [-119.45917500013874, 38.46033400018327], [-119.45918900038242, 38.46007100025666], [-119.45924700010875, 38.45966099971291], [-119.4593769998051, 38.45933199986111], [-119.45943799990447, 38.45889000031727], [-119.45943000040687, 38.45867399987655], [-119.45928999976645, 38.45742699965803], [-119.4592989999873, 38.45727800017591], [-119.45932699957638, 38.457129999984396], [-119.45937400033036, 38.456986000000896], [-119.45943999955429, 38.45684600024942], [-119.45952499994311, 38.45671300026905], [-119.45962700005035, 38.45658700009852], [-119.45974500005113, 38.45646999969282], [-119.4598770002956, 38.45636399972064], [-119.46019000029005, 38.45617000005832], [-119.46039699997928, 38.455982999987974], [-119.46052400020089, 38.45582399995314], [-119.46061299988938, 38.45565800012689], [-119.460659999745, 38.455497000133946], [-119.46067399998874, 38.45535099975541], [-119.46067700036177, 38.45516100009235], [-119.46066099956992, 38.455038000314005], [-119.46057799972927, 38.45481900000081], [-119.46050699958415, 38.454710999746155], [-119.46029200039732, 38.45444100016085], [-119.45926700020024, 38.453507000342064], [-119.45910499981852, 38.453315000037996], [-119.45897000009933, 38.45311000020462], [-119.45883299983198, 38.452822999740704], [-119.45833599971452, 38.45117799980075], [-119.45754599969409, 38.44877500015585], [-119.45740099992913, 38.44843700032866], [-119.45730999969253, 38.448252999782184], [-119.45719699971465, 38.44805499981716], [-119.45681500012323, 38.44746999988084], [-119.45649499955776, 38.44706399984449], [-119.45576300016197, 38.44625499990566], [-119.45459800022283, 38.44493199976178], [-119.45422599977883, 38.44445599990114], [-119.45398399992949, 38.44406299974177], [-119.45372500036171, 38.44352699993283], [-119.45358700026947, 38.44312699968707], [-119.45348299961408, 38.442716999948885], [-119.45316600031998, 38.44046799989542], [-119.45293000031845, 38.43870500025764], [-119.4528230001883, 38.43765599989713], [-119.45279300005106, 38.43697900018272], [-119.45283700043198, 38.43459199990026], [-119.45280300009682, 38.43415100001408], [-119.45276499956367, 38.433942000247356], [-119.4527100002104, 38.43371499986252], [-119.45265800033187, 38.433550999692145], [-119.45255899969933, 38.43328899988282], [-119.45208699969625, 38.4323900000964], [-119.45164499983038, 38.431534999722594], [-119.4511129995528, 38.43044599992047], [-119.4509920000773, 38.43011000005869], [-119.45060700011283, 38.42876899972918], [-119.45021499957736, 38.42722200034812], [-119.44983999965864, 38.42562499989056], [-119.44969300024384, 38.42506600014721], [-119.44949499987715, 38.424567999816205], [-119.44925700022576, 38.424085999764394], [-119.4489729996453, 38.42357999991404], [-119.4478389996683, 38.421764999976034], [-119.44768800005556, 38.421464000265544], [-119.44758000010053, 38.42115999971506], [-119.4475070003056, 38.42076999972824], [-119.44748800003902, 38.42052200006712], [-119.44750200028273, 38.42027499966334], [-119.4475480003135, 38.42002899993475], [-119.44762699995621, 38.419789000061684], [-119.44773699956104, 38.419557000341435], [-119.4478239995997, 38.41941299999469], [-119.44823600022666, 38.41884199989956], [-119.44946899993788, 38.41707400003116], [-119.44994799961364, 38.41632099977964], [-119.45026800017912, 38.41568200015718], [-119.45046200034787, 38.41510300009953], [-119.4505910002193, 38.414424999910935], [-119.45061299996061, 38.414042000123295], [-119.45060600028793, 38.41355900001983], [-119.45055199986125, 38.412762999749674], [-119.45032199970748, 38.41111199985041], [-119.45034199979897, 38.4106149999961], [-119.45036299971537, 38.41042899970132], [-119.45042600036287, 38.41011099990487], [-119.45049900015779, 38.40983500020895], [-119.4506260003794, 38.40952900018603], [-119.45086099965772, 38.40904100027041], [-119.45256799992018, 38.405967000258514], [-119.45287800043988, 38.40533899983119], [-119.45306900023562, 38.404735999936406], [-119.45330900043513, 38.40374199992129], [-119.45342200041303, 38.40302699996111], [-119.45343999995637, 38.402257999654644], [-119.4533300003515, 38.40052599988774], [-119.45322700041936, 38.39984499974099], [-119.45320800015278, 38.39978199968541], [-119.45291299970168, 38.3988080002105], [-119.4527749996094, 38.39818599991187], [-119.45276200008892, 38.39801799977578], [-119.45277100030977, 38.39784999995329], [-119.45288900031055, 38.39724599981396], [-119.45291500024982, 38.397045000197636], [-119.45294100018907, 38.396558999940574], [-119.45292000027268, 38.396207000136556], [-119.45277299995959, 38.394888000149386], [-119.4527300003019, 38.394437000317], [-119.45270900038548, 38.39421899969859], [-119.45270199981448, 38.39395899969059], [-119.45272299973088, 38.393525999871486], [-119.4527239995558, 38.39350799969601], [-119.45275299986811, 38.39329999969047], [-119.45279899989887, 38.39315199999918], [-119.4528380002569, 38.3930610002384], [-119.45302300020485, 38.39263100003631], [-119.45324400013779, 38.39224299984679], [-119.45341700039013, 38.391981999977965], [-119.45424000002254, 38.39092400006745], [-119.45435300000044, 38.390737999794325], [-119.4544890004429, 38.39045300028734], [-119.45458499980404, 38.390158000034674], [-119.45464199970543, 38.389857000328924], [-119.4546590003222, 38.38955299988074], [-119.45462099978907, 38.38916199986436], [-119.4545470001692, 38.38769200035182], [-119.45450600016132, 38.38749999965776], [-119.45444000003909, 38.38731299987071], [-119.45434899980246, 38.38713200018867], [-119.45423499999967, 38.3869600002539], [-119.45409899955722, 38.38679799999858], [-119.4539420000967, 38.38664799993412], [-119.45358999974418, 38.386381000345246], [-119.45347400029156, 38.3862710000697], [-119.45337499965903, 38.38615200003131], [-119.45329099999344, 38.38602599994295], [-119.4532240000463, 38.38589299976798], [-119.45317600036573, 38.38575599981914], [-119.45314600022849, 38.38561500007364], [-119.45313500035783, 38.38547300016702], [-119.4531679999698, 38.38506600024374], [-119.45315600027425, 38.38490599975916], [-119.45312199993906, 38.38474900001788], [-119.4530680004107, 38.38459500033525], [-119.45299300006761, 38.38444599982727], [-119.45289900035628, 38.384303999738016], [-119.4527870002033, 38.384170999917366], [-119.45270699983735, 38.38409199969098], [-119.45258600036183, 38.38397099977425], [-119.45192900041081, 38.38335400028081], [-119.45158100025627, 38.3829580002411], [-119.45139299993531, 38.38273100020453], [-119.45111000007807, 38.38224700007444], [-119.45098200003156, 38.381991999649024], [-119.45093699982571, 38.381859999738445], [-119.45070699967194, 38.38121000025035], [-119.45028599972248, 38.38009100009865], [-119.45022999964596, 38.37994200017156], [-119.44985499972725, 38.37890299974365], [-119.44943700015082, 38.3776719998638], [-119.44901200000336, 38.376458000351974], [-119.44855300041907, 38.37519700028128], [-119.44842500037257, 38.37494100032587], [-119.44826399981574, 38.37469699988843], [-119.44807100037022, 38.37446799990985], [-119.44789599956971, 38.37429700018509], [-119.44708299998307, 38.37359800001146], [-119.44663600009433, 38.37323100029693], [-119.44619599987827, 38.3727730001953], [-119.4458460000739, 38.372242999999216], [-119.4455630002167, 38.37167800027906], [-119.4453310004131, 38.371041999954535], [-119.4445439998674, 38.369072000019], [-119.44437200033826, 38.36856299989014], [-119.44405799962061, 38.36772799981388], [-119.44398599965058, 38.36748899967531], [-119.44394200016797, 38.36728399991487], [-119.44389799978703, 38.36693300004184], [-119.443901999985, 38.366767000139085], [-119.44390799983276, 38.366618999684064], [-119.44394899984066, 38.3656850001678], [-119.44402599983356, 38.3643699999877], [-119.44408699993294, 38.36374599966156], [-119.44407900043532, 38.363352999935984], [-119.44400300026732, 38.36292999989564], [-119.44363599984621, 38.36147899975307], [-119.44344900024846, 38.36053000018125], [-119.4434319996317, 38.360150999687505], [-119.44344199967746, 38.360011999823165], [-119.44347099998976, 38.35984199999113], [-119.44355200018063, 38.35947500025221], [-119.44360300023426, 38.35933400000369], [-119.4436979997705, 38.35906999968412], [-119.44392000042666, 38.35859699978579], [-119.44419499988794, 38.35817799977562], [-119.44444900033116, 38.35785999981366], [-119.44474300005903, 38.35749700027641], [-119.44622900038856, 38.3557770000137], [-119.44711200029539, 38.35466900024805], [-119.44795300036942, 38.353670999720165], [-119.44816000005868, 38.353378000188194], [-119.44865100032837, 38.35275699982138], [-119.44881799983462, 38.352578000316164], [-119.44990699960577, 38.35124900005747], [-119.45122800007884, 38.349657000320924], [-119.45169300040928, 38.349131000080554], [-119.45224900007794, 38.34846899983964], [-119.45287800043988, 38.34866700009902], [-119.45402499993739, 38.34899299988042], [-119.45407299961798, 38.34900600002278], [-119.45697800032981, 38.34980100012243], [-119.45712499974462, 38.34984899999263], [-119.45939400042184, 38.35048400018318], [-119.460559000361, 38.35082399971602], [-119.4611719999311, 38.35101599981614], [-119.46123800005331, 38.35104600011605], [-119.46161999964474, 38.351208000111654], [-119.46201399983005, 38.351395000225686], [-119.46245800024406, 38.35163700031949], [-119.46287300034577, 38.35190100026796], [-119.46311299964698, 38.352070000081966], [-119.46353199994661, 38.35238499978721], [-119.4648419996507, 38.353603000078685], [-119.46599700044244, 38.35470000005049], [-119.4667339998611, 38.355408000197855], [-119.46705500025148, 38.35571300001818], [-119.4694379998332, 38.357972000145686], [-119.46997599995855, 38.358463999904004], [-119.47057400035835, 38.359010000085604], [-119.47160000038033, 38.35999600023716], [-119.47180100022177, 38.36017499971815], [-119.47205200029194, 38.36044699997887], [-119.47230300036209, 38.36074999995168], [-119.47246200037077, 38.36096800001242], [-119.47252199974692, 38.36103100006925], [-119.47290699971137, 38.361647999751646], [-119.47336100017112, 38.36247500001514], [-119.4735770000812, 38.36282399997775], [-119.47367699964032, 38.363021999725134], [-119.47381100043295, 38.36322399970607], [-119.47381899993051, 38.3632330000408], [-119.4742950001316, 38.36377500013565], [-119.47469000014182, 38.3641520003113], [-119.47496399977821, 38.36437200034357], [-119.47557999972136, 38.3647770001271], [-119.47641800032065, 38.36518400009094], [-119.47668399956112, 38.365288999909254], [-119.47707699992152, 38.36540300034451], [-119.47753700022905, 38.365519000220026], [-119.4780279996004, 38.36561900015781], [-119.47852999974073, 38.36567799975339], [-119.48055500002052, 38.36576900015755], [-119.48196600000695, 38.36591300031561], [-119.48204299999983, 38.36591600008106], [-119.48353500017714, 38.36598199982029], [-119.48395399957847, 38.36596600014516], [-119.4840669995564, 38.365949999762144], [-119.48428599983951, 38.36592200031599], [-119.4846099997046, 38.36585099973487], [-119.48498100032367, 38.36573900032333], [-119.48525900015801, 38.36567700029783], [-119.48551900044903, 38.365655000298766], [-119.4856990003741, 38.365652999978344], [-119.48731700004974, 38.36573099975502], [-119.48816099959853, 38.36578099994688], [-119.48847799979093, 38.3657770000173], [-119.48862400027913, 38.365765999681656], [-119.4888340003414, 38.365733000073234], [-119.4894529997593, 38.36552599994547], [-119.48988499957943, 38.36540799975398], [-119.4904110000092, 38.36528200016089], [-119.49206100037024, 38.364922000316064], [-119.49361799994654, 38.36454700027586], [-119.49567800038643, 38.36401299967729], [-119.49609099993998, 38.36386899996525], [-119.49628799958347, 38.36376999990901], [-119.4965069998666, 38.36364000023425], [-119.49672000030192, 38.363495999780156], [-119.4970430003421, 38.36323700011096], [-119.49732899967408, 38.362953000216145], [-119.49820599973314, 38.36213800017194], [-119.49838999985613, 38.36194000011968], [-119.49862000000994, 38.361618999834114], [-119.49883599991998, 38.361376999996516], [-119.49900499997437, 38.361225999830566], [-119.49966399957522, 38.3607670003031], [-119.50017099973844, 38.36047999988402], [-119.50031100037882, 38.36040999983256], [-119.50099300044421, 38.360192000204606], [-119.50368700037059, 38.359160999943036], [-119.50435500019228, 38.3588839999215], [-119.50483399986807, 38.358642000098236], [-119.50545800020714, 38.35824400023063], [-119.5058499998443, 38.35813799979071], [-119.50600499965499, 38.358121999790605], [-119.50645300026697, 38.358103999962346], [-119.50653100008478, 38.35809599995895], [-119.50664700043573, 38.358084000304395], [-119.50679499967542, 38.35808199977481], [-119.50711199986785, 38.358100000312966], [-119.50714100018013, 38.35829099987763], [-119.50766300041198, 38.359045999991544], [-119.50850500031092, 38.35943599982125], [-119.50960800032578, 38.359619000252536], [-119.50995700030526, 38.35977900030833], [-119.51050899977596, 38.3603049999806], [-119.51047899963875, 38.360511000016004], [-119.50972399977843, 38.36110499970818], [-119.50934499966174, 38.36229499967544], [-119.50896700026829, 38.362706999808466], [-119.50829600007356, 38.36323099965345], [-119.50820900003492, 38.36336900018872], [-119.50826699976122, 38.36361999999264], [-119.50928399956237, 38.36442200006551], [-119.50945799963965, 38.36460499986631], [-119.50960300030292, 38.3652220000763], [-119.50957300016567, 38.36602299985205], [-119.50936800012627, 38.36673199999217], [-119.509298999631, 38.369011000145335], [-119.50939599971535, 38.369386000298746], [-119.50939200041572, 38.36971199976215], [-119.50841200042451, 38.3711460003456], [-119.50805699969897, 38.37183699966287], [-119.50802900010986, 38.37236399981322], [-119.50878300014527, 38.3741039998085], [-119.50898200033687, 38.37491999965384], [-119.5090380004134, 38.37677800031159], [-119.5091249995537, 38.376892000254585], [-119.5093279999433, 38.3782190002069], [-119.5097920004488, 38.37881600027578], [-119.50987899958912, 38.37909100012233], [-119.50973299999927, 38.380259000338405], [-119.51016700036753, 38.38172499977282], [-119.5105459995859, 38.381976999927396], [-119.51101099991631, 38.38213699984928], [-119.51124299971991, 38.38236600020006], [-119.51177900019542, 38.38370799980402], [-119.5119039998689, 38.38358699994903], [-119.51197599983891, 38.383488000109196], [-119.51201900039493, 38.38337799965877], [-119.51213999987044, 38.382637000228996], [-119.51218300042648, 38.382489999767635], [-119.5122289995589, 38.38239299969243], [-119.51228700018353, 38.38230099984207], [-119.51235699960543, 38.382215000167044], [-119.51243799979628, 38.382145000012144], [-119.5130720001811, 38.38172499977282], [-119.51339299967314, 38.38147100026554], [-119.5138479999578, 38.381075999722874], [-119.51411300027166, 38.38080600013433], [-119.51420799980791, 38.38073000031357], [-119.514311999565, 38.38066299998834], [-119.51442399971798, 38.380603999934394], [-119.51454400026691, 38.38055500007976], [-119.51466899994037, 38.38051599974061], [-119.5148949998962, 38.38047300026322], [-119.51565499977936, 38.38028200008101], [-119.51609800036847, 38.38015199978654], [-119.5166849999993, 38.38001700015431], [-119.51703499980367, 38.379908000022326], [-119.5171989998352, 38.3798410003442], [-119.51735299982099, 38.37975999968354], [-119.51749599993613, 38.379667000039], [-119.51762499980755, 38.379563999891786], [-119.51774000033362, 38.37944999993397], [-119.51781399995343, 38.379359999803285], [-119.51789400031939, 38.37928099995622], [-119.51796200009144, 38.3791970001579], [-119.51801899999288, 38.37910699971247], [-119.51806400019869, 38.379011999981515], [-119.51810000018372, 38.37889599990364], [-119.51817999965134, 38.37834199985614], [-119.51824699959847, 38.378174000094084], [-119.51829699982721, 38.378094999656085], [-119.51835799992655, 38.37801999979337], [-119.51886500008978, 38.377496999978945], [-119.51940300021514, 38.37697299990108], [-119.51976200024032, 38.37660999973463], [-119.52028799977178, 38.375955000169064], [-119.52062699970548, 38.37545200001036], [-119.52086100005721, 38.375078999660616], [-119.52118200044758, 38.37466900030513], [-119.52130200009819, 38.37446799990985], [-119.52157400008474, 38.373837999741156], [-119.5220290003694, 38.37287299996974], [-119.52208799992064, 38.372691000009546], [-119.52214900002002, 38.372362999745754], [-119.52219000002792, 38.37223700028835], [-119.52224799975421, 38.372115000191094], [-119.5223170002495, 38.37200399998156], [-119.52251600044113, 38.37175499982496], [-119.52272399995529, 38.37142099976563], [-119.52289100035986, 38.37094099967546], [-119.52326999957823, 38.370850000140145], [-119.52343199995995, 38.37078700017805], [-119.52353800026515, 38.370732000177505], [-119.52363600017443, 38.370668000021794], [-119.52372499986289, 38.370596999870855], [-119.52393400010028, 38.37036899968892], [-119.52494599987854, 38.36940199992209], [-119.52559500033198, 38.36880099988679], [-119.52596900042577, 38.36843299966797], [-119.52624999973487, 38.3680680000714], [-119.52652099989652, 38.3678050000411], [-119.52692199975449, 38.3674629996863], [-119.52739799995555, 38.36707699999703], [-119.52751299958331, 38.36699400025839], [-119.52760800001786, 38.366887999953065], [-119.52767400014008, 38.36676899972437], [-119.52770599992716, 38.366642000241036], [-119.52770500010222, 38.366513000238214], [-119.52765999989639, 38.36634200002752], [-119.52765800024657, 38.36622999996709], [-119.52767699961481, 38.3661300001692], [-119.52770900030019, 38.36603199983875], [-119.52774600011011, 38.36595200007435], [-119.52791799963926, 38.36569699997106], [-119.52814600014322, 38.36599900035165], [-119.52826300031907, 38.36650099986589], [-119.528147999793, 38.36745899984969], [-119.52823499983164, 38.36764100029092], [-119.52972000033625, 38.36875799978556], [-119.53132200011842, 38.37026300010103], [-119.5321659996672, 38.37135700021928], [-119.53402899956525, 38.37254200033597], [-119.5345249998578, 38.37349999993405], [-119.53496199970083, 38.37363599980456], [-119.53592199960055, 38.37377100007573], [-119.5369409999498, 38.37376899997963], [-119.53793000016188, 38.374247000242775], [-119.53854100008216, 38.374421000202894], [-119.53900700023748, 38.374454000075225], [-119.53840700018786, 38.374019000293096], [-119.53812699980537, 38.373804000244554], [-119.53797299981959, 38.37371500018161], [-119.53753199977861, 38.373525999866914], [-119.53723600040091, 38.37342500023786], [-119.53703999968403, 38.37341399965614], [-119.53672199966671, 38.37343400000833], [-119.53648400001532, 38.373426000290685], [-119.5362489998387, 38.373399000268705], [-119.53594800043813, 38.373333000250845], [-119.53577699983559, 38.37328699986134], [-119.53566800005564, 38.37324499966392], [-119.53556599994839, 38.373194000347134], [-119.53547100041217, 38.37313399977928], [-119.53538500019843, 38.373068000223995], [-119.5353130002284, 38.372990999962425], [-119.53511400003676, 38.372670000093], [-119.53486100031678, 38.372367000015565], [-119.53459000015513, 38.37194199968896], [-119.53475599983649, 38.371855999672135], [-119.53496699972366, 38.371728999959984], [-119.53525200012905, 38.3714819997207], [-119.53548899995549, 38.371203000198555], [-119.53587200027015, 38.37084300022531], [-119.53598600007297, 38.37075099977266], [-119.53611099974643, 38.37067000020361], [-119.53624600036396, 38.37059900005463], [-119.536390000304, 38.37054000024487], [-119.53654099991675, 38.37049300009938], [-119.53669699955235, 38.37045899973533], [-119.53694799962251, 38.37043099992071], [-119.53702600033863, 38.370435999687174], [-119.53712099987487, 38.37042700024813], [-119.53725300011935, 38.37038599989404], [-119.53736299972424, 38.37031500017072], [-119.53756399956566, 38.37007100033266], [-119.53778299984879, 38.36987300014802], [-119.53785900001677, 38.36982600027365], [-119.53794000020761, 38.36979100019751], [-119.53799899975883, 38.369779999767594], [-119.53807599975175, 38.36975199969026], [-119.53817500038427, 38.36968800007646], [-119.53823099956243, 38.369623000300685], [-119.53928900026979, 38.368704999887655], [-119.53978100036436, 38.3682959997554], [-119.53989500016718, 38.36821400013094], [-119.54002700041167, 38.36815200011269], [-119.54119300017572, 38.36778699980326], [-119.54181099976869, 38.36763699975987], [-119.54198800021902, 38.367621999879304], [-119.54210500039487, 38.36762599970687], [-119.54259400011642, 38.36774499993512], [-119.54274999975202, 38.36775999979018], [-119.54283699979068, 38.36776099992131], [-119.54301900026385, 38.367732999767085], [-119.54316099965575, 38.367682000087264], [-119.54321000005957, 38.367650000076424], [-119.54329399972517, 38.367574999951636], [-119.54335599964944, 38.367488000244755], [-119.54362199978821, 38.36722400008123], [-119.54452499978655, 38.36667799987317], [-119.54528399984481, 38.3662559996947], [-119.5453669996855, 38.366203000077554], [-119.54589399994019, 38.36581300007968], [-119.54602700000957, 38.3656879999427], [-119.54609800015469, 38.3655999999196], [-119.54615699970593, 38.36550600022499], [-119.54620399956158, 38.36540799975398], [-119.54675000008284, 38.36357799981951], [-119.54681700003, 38.36347099995583], [-119.54692300033521, 38.363385999925086], [-119.5472399996293, 38.36324800012665], [-119.54787400001413, 38.36286499968535], [-119.54850300037604, 38.362463999882046], [-119.54890400023405, 38.36216800008995], [-119.54932099998558, 38.3615999999547], [-119.54936399964329, 38.36152799984745], [-119.54944099963616, 38.361450999986154], [-119.54956600020796, 38.36136800013541], [-119.54967199961484, 38.361311999800435], [-119.54978299994292, 38.3612660002224], [-119.54993199990585, 38.36122100013224], [-119.55026199961873, 38.361075000054015], [-119.55035399968023, 38.36104799965033], [-119.55053799980324, 38.361016999748294], [-119.55091299972199, 38.36102599965306], [-119.55193600026921, 38.36114399994434], [-119.55208500023213, 38.3611740002743], [-119.55222999999708, 38.361215999729176], [-119.55283300041975, 38.36144800003561], [-119.55368299981632, 38.36171099992106], [-119.55443000017902, 38.362044000207575], [-119.55471399986115, 38.36188100029466], [-119.5548439995575, 38.3617659997334], [-119.55493999981698, 38.361631000311455], [-119.55495900008354, 38.361549999692166]]]}, "properties": {"ZCTA5": "93517", "GEOID": "93517", "NAME": "ZCTA5 93517", "AREALAND": 873938772, "INTPTLAT": "+38.2780771", "INTPTLON": "-119.2748086", "zcta": "93517", "place": "93517 Bridgeport", "name": "ZCTA5 93517"}}, {"type": "Feature", "geometry": {"type": "Polygon", "coordinates": [[[-119.26877999968583, 37.739529999689886], [-119.26897899987748, 37.73922999966959], [-119.2685789998444, 37.73853000034064], [-119.2685789998444, 37.73843000030211], [-119.26847900028528, 37.738229999819865], [-119.26837899982786, 37.73813000008645], [-119.26777899977823, 37.73763000010384], [-119.26747900020258, 37.73733000019833], [-119.26737899974515, 37.73722999995968], [-119.26691099994001, 37.73676200025845], [-119.26687900015295, 37.73673000029226], [-119.2666299997326, 37.73660499967019], [-119.26647900011987, 37.736530000190236], [-119.26597899962937, 37.73643000029181], [-119.26547900003717, 37.736131000059736], [-119.2652570002793, 37.735654000126466], [-119.26477900042843, 37.73463099991959], [-119.26407899992138, 37.732931000061114], [-119.26307899983868, 37.732931000061114], [-119.2611790001307, 37.73273100035347], [-119.26047799979872, 37.73143099974307], [-119.26041000002667, 37.73106899971868], [-119.26017800022308, 37.72983100001456], [-119.25997800020653, 37.727931000196925], [-119.25998599970414, 37.7278229998081], [-119.25999499992498, 37.727692999973215], [-119.2600250000622, 37.72730299980997], [-119.26003599993285, 37.72717400016747], [-119.26007799976564, 37.72663099986979], [-119.25996200031301, 37.72651500004119], [-119.25957800017345, 37.726130999679846], [-119.25949199995974, 37.726068000190914], [-119.25847799963331, 37.725331000170556], [-119.25839800016568, 37.72525099995751], [-119.25832000034788, 37.725172999790956], [-119.25797800004112, 37.72483099973062], [-119.2578779995837, 37.72463100017269], [-119.25757800000804, 37.72483099973062], [-119.25607800033315, 37.72523100006842], [-119.25517799980955, 37.725331000170556], [-119.25457799975993, 37.726531000101865], [-119.25437799974338, 37.727631000069984], [-119.25367800013466, 37.7286310002668], [-119.25341199999586, 37.728934000297535], [-119.2529779996276, 37.72943099965412], [-119.2510279996909, 37.73013099975508], [-119.25097800036048, 37.730160000089484], [-119.25067700006161, 37.72954699988871], [-119.2503220002344, 37.72943400003612], [-119.25009899975329, 37.72932900009396], [-119.24962299955223, 37.72940999981883], [-119.24877200033076, 37.729458000245586], [-119.24821400011393, 37.729368999784946], [-119.24775800000438, 37.72930499984264], [-119.24706900026628, 37.72920799981355], [-119.24615700004713, 37.729118999763], [-119.24550799959368, 37.72903099997502], [-119.24413000011754, 37.72864400016695], [-119.2435009997556, 37.72858700009599], [-119.243044999646, 37.72854699998256], [-119.2426300004426, 37.72828899983318], [-119.24223299988427, 37.72799099979225], [-119.24155400019195, 37.727491000257984], [-119.24101699989149, 37.727208999762205], [-119.24047000044364, 37.727079999956025], [-119.23990200018106, 37.727192999848], [-119.23944600007151, 37.7273139998682], [-119.23926399959831, 37.727467000121564], [-119.23909100024424, 37.727161000009275], [-119.23896999987045, 37.72672499994066], [-119.23897999991618, 37.72649899997709], [-119.2389399997332, 37.7262899998434], [-119.23877800024982, 37.7260960002862], [-119.23859499995172, 37.725895000179655], [-119.23832200014024, 37.725516000110225], [-119.23812899979639, 37.725218000279696], [-119.23801800036661, 37.725024000046076], [-119.23757200030276, 37.72470999991694], [-119.23693299989512, 37.72418599976933], [-119.23628500016488, 37.72383100009311], [-119.23607400027771, 37.72367800014427], [-119.23582900005532, 37.723500000145144], [-119.23548400027383, 37.7232269998542], [-119.23491699983617, 37.722976999704635], [-119.23442999976446, 37.722791999818085], [-119.23401499966275, 37.722565999932705], [-119.233639999744, 37.722461000200965], [-119.23333599997041, 37.72240500009368], [-119.23302200015107, 37.722163000158346], [-119.232181000077, 37.72169499973179], [-119.23164399977657, 37.72148600025329], [-119.23126899985786, 37.721292000192655], [-119.23063000034847, 37.72095399975962], [-119.23039699982166, 37.72072799995095], [-119.2303270003998, 37.72056699966987], [-119.23030599958508, 37.72030099979813], [-119.23029700026255, 37.7195830001627], [-119.23025600025466, 37.71869600008753], [-119.23030599958508, 37.71809199990241], [-119.23026600030042, 37.7178579999896], [-119.22999199976572, 37.71740599997848], [-119.22907000039912, 37.71714000012618], [-119.2284419998621, 37.716825999974354], [-119.22814800013421, 37.716631999790266], [-119.22772299998678, 37.71652700017471], [-119.2270130003323, 37.71628600005448], [-119.22674299999555, 37.71622100034485], [-119.2264359998489, 37.71614799978302], [-119.22582800030168, 37.716236999786716], [-119.22510799970314, 37.71633399974876], [-119.2243179996827, 37.71618000011604], [-119.22385099970248, 37.71628500022337], [-119.22340600036186, 37.71630099965138], [-119.22282800005354, 37.7157289996547], [-119.22245300013485, 37.715260999796605], [-119.2221900003691, 37.71505100008381], [-119.22159199996929, 37.714971000138206], [-119.22064999961293, 37.71482500003254], [-119.21988999972972, 37.714857000226345], [-119.2194539997116, 37.7149140002042], [-119.21775200037037, 37.71446199999769], [-119.21730600030652, 37.714236000281694], [-119.21674899991461, 37.714236000281694], [-119.21633299998798, 37.71412299980988], [-119.21610000035949, 37.71451799971385], [-119.21586600000776, 37.71508200033268], [-119.21576499972544, 37.715396999902154], [-119.2150450000252, 37.71596900033016], [-119.21463900014433, 37.71642000004119], [-119.21439599957179, 37.71664600020152], [-119.21416299994327, 37.716854999833686], [-119.21386800039049, 37.71773400000952], [-119.2134730003803, 37.718274000034164], [-119.2126509996745, 37.719055999893236], [-119.2116580001628, 37.71975699977901], [-119.21129300028983, 37.72023200023636], [-119.21125300010685, 37.72033500002198], [-119.21092800041684, 37.72119200032185], [-119.21074500011873, 37.721796000101364], [-119.21068400001936, 37.72201400004276], [-119.21026800009275, 37.722441000269015], [-119.21010599971105, 37.72255400013331], [-119.2093159996906, 37.72278699968032], [-119.20815999997231, 37.72347999978318], [-119.20732800011909, 37.72406000027116], [-119.20685100009311, 37.7245760000042], [-119.20665899957417, 37.724882000138976], [-119.20653700027377, 37.72541499983941], [-119.20604000015628, 37.72589700029297], [-119.20524799958773, 37.72679199975957], [-119.20481199956967, 37.727306999960476], [-119.20466199978182, 37.7275670000467], [-119.20459900003263, 37.72767799984097], [-119.20444699969667, 37.72810500009738], [-119.20404099981579, 37.72840400005762], [-119.20377700022514, 37.728790000036554], [-119.20355399974407, 37.72930600020855], [-119.20331000024493, 37.729733000314376], [-119.20293500032619, 37.73017699971677], [-119.20260999973787, 37.730378000279856], [-119.2024070002466, 37.730773000189224], [-119.20200200019065, 37.73135299969115], [-119.20171699978528, 37.731748000083265], [-119.20134199986657, 37.73276400023583], [-119.20103800009295, 37.733844000283355], [-119.2005400001506, 37.73491600001841], [-119.20023600037696, 37.735302999727544], [-119.19972800038884, 37.735835000163625], [-119.19910999989757, 37.73627000031547], [-119.19849099958137, 37.73665700005126], [-119.19729499968007, 37.73686600005307], [-119.19611899987027, 37.73698600034492], [-119.19489200000683, 37.73696199973379], [-119.19475800011254, 37.737034000123046], [-119.19401999997066, 37.737436999963116], [-119.19316800002595, 37.73779900011205], [-119.19251899957253, 37.73795200001374], [-119.19240599959463, 37.73794499969084], [-119.19222499984464, 37.73793600028956], [-119.1915360001066, 37.73781499986585], [-119.19042100039617, 37.73728999983492], [-119.18939799984891, 37.736878999928294], [-119.18861700004933, 37.736708999685355], [-119.18816099993974, 37.73653099974806], [-119.18790800021975, 37.73636999971958], [-119.18766499964718, 37.736401999841384], [-119.18736000004866, 37.7366120001198], [-119.18701600009209, 37.73655499978854], [-119.18631599958503, 37.73654699977589], [-119.18569799999203, 37.73666699987443], [-119.18543400040141, 37.73681999998431], [-119.18532499972314, 37.73702600016221], [-119.18517999995818, 37.737303999893506], [-119.1849260004133, 37.73789199996461], [-119.1847430001152, 37.738327000107034], [-119.18449000039521, 37.73860099967505], [-119.18441800042518, 37.73902099994806], [-119.18426600008922, 37.73930300021507], [-119.18400199960026, 37.73944800015083], [-119.18373899983455, 37.73950400015774], [-119.18356599958214, 37.73940699999199], [-119.18342500001516, 37.73905999985251], [-119.1833139996871, 37.73835900009334], [-119.18320300025732, 37.73787499997738], [-119.18295999968475, 37.7375279997609], [-119.18254499958307, 37.737092999896475], [-119.18222099971797, 37.736875000294795], [-119.18175399973775, 37.73678600022404], [-119.18134899968177, 37.73676200025845], [-119.18099399985454, 37.7367290000267], [-119.180497999562, 37.736665000051964], [-119.18031799963693, 37.73659699966301], [-119.17998100025136, 37.73647099996813], [-119.17955399955578, 37.73616399984767], [-119.1790680002073, 37.73585000006443], [-119.17876400043366, 37.73551899984206], [-119.17827800018686, 37.73529299972013], [-119.17757900040304, 37.73494600018935], [-119.17710300020197, 37.73477599977043], [-119.17634199959556, 37.73479999966937], [-119.17580500019345, 37.734887999705826], [-119.17474999985913, 37.73512999997724], [-119.17404100002958, 37.73531500030299], [-119.17332100032937, 37.73555600031812], [-119.17282400021192, 37.735725000087825], [-119.17258999986016, 37.736304999873596], [-119.17243699969929, 37.7368130002648], [-119.1722750002159, 37.736997999937145], [-119.17191000034292, 37.73745799965315], [-119.17146400027907, 37.7378119998235], [-119.17095700011586, 37.738093999723155], [-119.17011500021692, 37.73828700028231], [-119.1690709997533, 37.73835900009334], [-119.16808800028733, 37.738293999862464], [-119.16744899987962, 37.738229000284925], [-119.16682100024093, 37.73805099973983], [-119.16596900029623, 37.73759100015647], [-119.16550800016377, 37.73714199986522], [-119.16528999970558, 37.73692999985405], [-119.1647130001205, 37.73645399965459], [-119.16407500043604, 37.73612300000133], [-119.16337499992899, 37.73617100033898], [-119.16278699957492, 37.73624300007668], [-119.16237200037155, 37.73624199980448], [-119.16202699969173, 37.736121000164154], [-119.16172299991813, 37.73593599972116], [-119.16117599957194, 37.73569299967341], [-119.16028400034257, 37.735748999679146], [-119.15971600008001, 37.73612799994915], [-119.15913799977167, 37.73640900031018], [-119.15838700010933, 37.73653800020467], [-119.157808999801, 37.736594000281684], [-119.15733299959994, 37.73652899992197], [-119.1571300001087, 37.736411999699], [-119.15678600015208, 37.73621399999338], [-119.15626999976804, 37.73581899998192], [-119.15585499966636, 37.73517399981246], [-119.15543000041723, 37.73470599990237], [-119.1552370000734, 37.73464100001642], [-119.15456800042679, 37.73461599977182], [-119.15415300032511, 37.7344870000806], [-119.15349399982593, 37.73434100007635], [-119.15295700042381, 37.73406699966107], [-119.15225799974168, 37.73378399974673], [-119.15159999996571, 37.73354999967586], [-119.15061699960145, 37.733339999948136], [-119.1500490002372, 37.73304899970627], [-119.14959300012761, 37.73289500001148], [-119.14913700001806, 37.73297600009849], [-119.14883300024445, 37.73301599995087], [-119.14854899966399, 37.73295100000216], [-119.1482049997074, 37.73282999995655], [-119.14809500010253, 37.73280400020279], [-119.14789099988805, 37.73275700013285], [-119.14767800035102, 37.732820999933494], [-119.14743399995356, 37.73307100024546], [-119.14732199980058, 37.7333610000898], [-119.1471700003629, 37.733393000091205], [-119.14644999976436, 37.73348099966862], [-119.14618600017373, 37.73365899983428], [-119.14574000010991, 37.73394000033037], [-119.14520199998455, 37.73410900023648], [-119.1447559999207, 37.734206000239624], [-119.1442899997654, 37.734019999682424], [-119.14423100021418, 37.733994999938595], [-119.14372300022606, 37.73377699974012], [-119.14335800035306, 37.733455000143465], [-119.14285200001478, 37.733123999870664], [-119.14269999967883, 37.73297000033186], [-119.14227399970648, 37.73302600026582], [-119.14191999970413, 37.733098999824314], [-119.1415089998004, 37.73313099993895], [-119.14123000014114, 37.73315400005725], [-119.14077400003156, 37.733250999890586], [-119.1405510004488, 37.73341200030754], [-119.14017499980685, 37.73382300027864], [-119.13978900001747, 37.73426599972384], [-119.13954499961999, 37.73469299964558], [-119.13939200035742, 37.7350720003483], [-119.13903699963187, 37.73535299974429], [-119.13851899959802, 37.73586899965025], [-119.13803200042462, 37.736126000112115], [-119.13794899968563, 37.736114999942], [-119.13751500021569, 37.73606200032654], [-119.1370800000225, 37.73581899998192], [-119.13664400000441, 37.73569799965027], [-119.13626999991057, 37.73519800029278], [-119.13570300037124, 37.734802000252614], [-119.13481100024356, 37.73449500031583], [-119.1340610004061, 37.73426099965026], [-119.1333929996861, 37.73409900006786], [-119.1326529998944, 37.73392899983546], [-119.13178099985821, 37.734041000341676], [-119.13081799958543, 37.73416100023934], [-119.13008799983946, 37.73419999986228], [-119.12935800009348, 37.73444200025109], [-119.12872899973156, 37.734577999952194], [-119.12837399990433, 37.73464999981818], [-119.12789699987835, 37.734681999973], [-119.12755299992178, 37.734681999973], [-119.12712699994943, 37.734593000107665], [-119.12703400006299, 37.73456599996774], [-119.1269849996592, 37.73455200010179], [-119.12661099956539, 37.73424499983886], [-119.12636799989113, 37.73405200010948], [-119.12597700007886, 37.73391100005546], [-119.12570000006944, 37.733706000042076], [-119.12506200038501, 37.73381300007138], [-119.12431199964922, 37.73394400012242], [-119.12406800015007, 37.73379999965775], [-119.12373500006414, 37.7333430001717], [-119.12332300033549, 37.73277900004833], [-119.12292499995222, 37.7322649998625], [-119.12202699997678, 37.73142099992318], [-119.12163000031673, 37.731091999767], [-119.12092099958886, 37.731183000258774], [-119.12021000010947, 37.73101499970071], [-119.12000199969701, 37.730925999690456], [-119.11949899973176, 37.7307110000227], [-119.11837099960252, 37.73034399969274], [-119.11800599972955, 37.73028100023529], [-119.11757800010739, 37.729935000308565], [-119.11697800005776, 37.72950999996224], [-119.11602200035598, 37.729020999831036], [-119.11560499970616, 37.72867600007539], [-119.11503599961867, 37.728547999648164], [-119.11444599961479, 37.72819500032645], [-119.11391699971027, 37.72776999994124], [-119.11338799980577, 37.7273279996816], [-119.11258400043994, 37.72677399966571], [-119.11212499995733, 37.7262919999461], [-119.11117900030129, 37.72564999974338], [-119.11026399970909, 37.725112000332174], [-119.1096939997967, 37.72473499995338], [-119.10890799997422, 37.72359199975105], [-119.10870299993482, 37.72319600017136], [-119.08276100020574, 37.723161000101335], [-119.04585700010007, 37.723161000101335], [-119.04626600035397, 37.73362699994778], [-119.0465440001883, 37.74060099999595], [-119.04692199958178, 37.749551000075726], [-119.04753699970001, 37.764608999809006], [-119.0475569997915, 37.76616599985429], [-119.04837699994916, 37.78077999995083], [-119.04264199976679, 37.7807499999014], [-119.04262199967529, 37.780822999953116], [-119.04258200039062, 37.78092500025477], [-119.04248399958304, 37.78110900002527], [-119.04245900036699, 37.78120099973877], [-119.04245099997107, 37.78128499990192], [-119.04256700032202, 37.78169499986918], [-119.04267399955381, 37.782208999656234], [-119.04270700006411, 37.782270999988484], [-119.04275800011774, 37.78232700024381], [-119.04287299974547, 37.7824109998373], [-119.04328399964918, 37.78274399974607], [-119.0435580001839, 37.78292999995027], [-119.04371399981953, 37.7830999997886], [-119.04373999975877, 37.78317599998242], [-119.04370299994886, 37.78338899989432], [-119.04324400036454, 37.78435899997641], [-119.04318099971704, 37.78451999995265], [-119.04306299971627, 37.784765000046086], [-119.04303900032514, 37.78485000003362], [-119.04302900027939, 37.78492599984785], [-119.04303199975413, 37.78501799977993], [-119.04301599986059, 37.78511699971783], [-119.04298499989845, 37.785231000062886], [-119.04289299983694, 37.78544399973195], [-119.04283199973759, 37.78570900019315], [-119.04283400028572, 37.785925000126014], [-119.04281800039217, 37.78602499986796], [-119.04277200036145, 37.78615300027738], [-119.04269000034569, 37.78632200020652], [-119.04258900006333, 37.78644699990131], [-119.04254399985749, 37.786485000061944], [-119.04250600022264, 37.7865049997276], [-119.04245099997107, 37.78655100014504], [-119.04242000000893, 37.786636999799114], [-119.04244699977312, 37.78684200013121], [-119.04247799973525, 37.78695400006206], [-119.04257300016981, 37.78711100030688], [-119.04262400022341, 37.787180000001484], [-119.04295300011141, 37.787715000313845], [-119.04337499988578, 37.78810500017075], [-119.04343199978722, 37.78820199967357], [-119.04351200015314, 37.78848000022184], [-119.0436360000017, 37.78875899999645], [-119.04374399995673, 37.78891100002577], [-119.04392899990467, 37.78923700002448], [-119.0440080004457, 37.789297000320445], [-119.04418199962467, 37.78936499983975], [-119.04422400035574, 37.78940400018314], [-119.04426700001346, 37.78946100026564], [-119.04428200008209, 37.78956700033961], [-119.04427399968617, 37.789700999719905], [-119.04420799956392, 37.789791000290386], [-119.0440440004307, 37.78990199975447], [-119.04392700025483, 37.79003200034744], [-119.04391700020909, 37.79009099974385], [-119.0439089998132, 37.79028400025576], [-119.04391999968385, 37.79037799969724], [-119.04396300023986, 37.790560000284835], [-119.04405899960099, 37.79073000031952], [-119.04434300018147, 37.79137100010205], [-119.04450399983992, 37.791523999962315], [-119.04456300028949, 37.791589999804245], [-119.04464899960489, 37.791735000196454], [-119.0446629998486, 37.791825999939846], [-119.04469299998581, 37.791926999734464], [-119.04473200034388, 37.791963999687916], [-119.04514099969947, 37.79217800005296], [-119.04533200039349, 37.79234099976916], [-119.0456479998627, 37.79267600009517], [-119.04593800029092, 37.793083000117335], [-119.04635500004242, 37.793836000220956], [-119.04644299990599, 37.794026999777394], [-119.0465299999446, 37.79432399989824], [-119.04658099999823, 37.79439999990699], [-119.0467619997482, 37.79460200012939], [-119.04683700009127, 37.79473399993411], [-119.046879999749, 37.794858000116655], [-119.0470360002829, 37.795177999740694], [-119.04703999958254, 37.79524500005212], [-119.04690499986333, 37.79613000027567], [-119.04675199970245, 37.79701700015579], [-119.04673300033419, 37.79718300031795], [-119.04666300001401, 37.797376000050285], [-119.0465709999525, 37.797524000194926], [-119.04631599968435, 37.798017999816416], [-119.046262000156, 37.79818200027942], [-119.0462410002396, 37.79836000024006], [-119.04620899955425, 37.79846600032393], [-119.04610999982005, 37.79870799990515], [-119.04580900041947, 37.799166999801486], [-119.04574199957402, 37.799305000033804], [-119.04569499971832, 37.79949900002734], [-119.04566799995416, 37.79977099992133], [-119.04567999964975, 37.80000899971677], [-119.04571399998491, 37.80012899979997], [-119.0457540001679, 37.80018600012612], [-119.04580600004641, 37.80022800007682], [-119.04586499959765, 37.800253000154385], [-119.04614300033033, 37.80029799970492], [-119.04675599990043, 37.800420999661384], [-119.04690499986333, 37.80042299988983], [-119.04700600014566, 37.80040399984693], [-119.04746899992796, 37.800274999875], [-119.04813199972676, 37.80007599990557], [-119.0494640000705, 37.79971100032309], [-119.0506409997052, 37.79943099989736], [-119.0517680000095, 37.799068999654814], [-119.05187099994167, 37.79907800013725], [-119.05192600019326, 37.79909400012468], [-119.05199899998821, 37.7991530000927], [-119.05210100009545, 37.79929799983793], [-119.05218599958593, 37.7994519997354], [-119.05219900000472, 37.79952400035168], [-119.05219200033204, 37.79958799989415], [-119.05215899982177, 37.799655999879604], [-119.05204599984384, 37.79981199998552], [-119.05183599978159, 37.80013700003523], [-119.05164800035892, 37.800482000215894], [-119.05156600034314, 37.800701999993805], [-119.05147500010654, 37.800822999769785], [-119.05141099963414, 37.80088500010026], [-119.0509999997304, 37.80113099998282], [-119.05078999966813, 37.80127999980468], [-119.05038600033538, 37.80161000027423], [-119.05029599992372, 37.801668000264605], [-119.05017100025023, 37.80172899978931], [-119.05002899996, 37.80177900033956], [-119.04985900008072, 37.801854999776694], [-119.04946200042066, 37.802080000182805], [-119.04922600041911, 37.80222800012987], [-119.04914199985521, 37.80229599981431], [-119.04878299983, 37.80265699977309], [-119.04816500023703, 37.803396999988855], [-119.04808099967313, 37.80351600017367], [-119.04800700005332, 37.80367600021535], [-119.04799700000754, 37.80374299991697], [-119.04802200012189, 37.80380900019918], [-119.04805399990894, 37.8038579999834], [-119.04817699993261, 37.80397600006913], [-119.04821299991761, 37.80403400033087], [-119.04821399974254, 37.804078999707116], [-119.0481839996053, 37.804126999957944], [-119.04808400004619, 37.804245999676326], [-119.04797699991607, 37.804395000311835], [-119.04790300029623, 37.804480999779656], [-119.04784899986954, 37.80457999990133], [-119.04782200010536, 37.80468600028601], [-119.0477760000746, 37.805036000060454], [-119.04776600002887, 37.80548700001506], [-119.04774900031042, 37.80551000035124], [-119.0476630000967, 37.80555500024767], [-119.04759299977651, 37.805568000118036], [-119.04751699960852, 37.8055710002516], [-119.04737500021663, 37.80560200020488], [-119.04733000001076, 37.80563600027612], [-119.04718900044378, 37.80584699995041], [-119.04711699957545, 37.805911999732004], [-119.04703799993274, 37.80596000021096], [-119.04677900036496, 37.8061500003221], [-119.04671300024272, 37.80618500017719], [-119.04653199959444, 37.80625799994324], [-119.0456210000985, 37.806701000009234], [-119.04601600010872, 37.80691999968991], [-119.04667499970955, 37.80732599999514], [-119.04806999980248, 37.808339999857196], [-119.04863700024015, 37.80877100019553], [-119.04951900032208, 37.809463999876655], [-119.05014899961063, 37.80995899982381], [-119.05270899964266, 37.81194099970091], [-119.05302699965999, 37.8122100000392], [-119.05356099958738, 37.81265900028332], [-119.05347899957162, 37.812729000193876], [-119.05443199979865, 37.813483000092205], [-119.05455800019534, 37.81358999969767], [-119.05591099955716, 37.81469500007651], [-119.05752900013114, 37.81595700021042], [-119.05797500019499, 37.81632199969098], [-119.0583579996113, 37.8166600002253], [-119.05875299962152, 37.81704600029061], [-119.05912699971533, 37.81745699968758], [-119.05963399987856, 37.818098000300445], [-119.05996500031466, 37.81858600005527], [-119.06052799965602, 37.81956000011102], [-119.06073199987055, 37.819941999805], [-119.06328100003192, 37.824729999869035], [-119.06369199993568, 37.82548300016978], [-119.06399499988437, 37.825982000345554], [-119.06433600036621, 37.82646999977231], [-119.06471499958461, 37.82694499986785], [-119.06549999958216, 37.827793000090885], [-119.06593399995043, 37.828349000128775], [-119.06693800023109, 37.82950099987585], [-119.06767499964974, 37.83032999966853], [-119.0682200003461, 37.83114099983985], [-119.0685800001962, 37.8318669999027], [-119.06892900017567, 37.832639000011234], [-119.06921000038307, 37.83343899975082], [-119.06942100027027, 37.83426700033883], [-119.06953699972291, 37.83487200032173], [-119.0697769999224, 37.83646800024171], [-119.06996100004541, 37.83755100010832], [-119.07008700044213, 37.838131999707635], [-119.07033299959112, 37.838998999812915], [-119.07056399956977, 37.839763000291306], [-119.07134299971953, 37.841230000029604], [-119.07180200020218, 37.8419759996658], [-119.07188199966981, 37.842084000077655], [-119.07243599968866, 37.84283500012483], [-119.07301099962395, 37.84351299987866], [-119.07344499999222, 37.84397099978221], [-119.07733300017003, 37.84773500006537], [-119.07797300040262, 37.848364000166974], [-119.07845100025354, 37.84887100014162], [-119.07908899993797, 37.84960200028251], [-119.07950300021477, 37.85012099993259], [-119.08007399995208, 37.85090399992493], [-119.08064399986445, 37.85178299966789], [-119.08417600039016, 37.857614000144224], [-119.08484599986166, 37.85882300004419], [-119.0852729996589, 37.859753000003366], [-119.0855260002772, 37.86038699975875], [-119.08588100010446, 37.861447000223095], [-119.08615399991594, 37.862502999697654], [-119.08620599979446, 37.86276700021629], [-119.08641599985674, 37.86274999986752], [-119.08662500009413, 37.86273200024486], [-119.08913099969952, 37.86252000010341], [-119.0892999997539, 37.86303800032373], [-119.09059399956448, 37.86240000003406], [-119.09082100024351, 37.862287999651194], [-119.09119699998718, 37.86209200016738], [-119.09152000002736, 37.86189200020019], [-119.0925440003995, 37.86121599993905], [-119.09303399994596, 37.860847999830135], [-119.09352900041361, 37.860455999774466], [-119.09388500006574, 37.86019900029273], [-119.09411500021952, 37.86001899976606], [-119.09423700041823, 37.85988799968563], [-119.09436000044188, 37.85973799970823], [-119.09444099973443, 37.85960899988064], [-119.09454899968947, 37.85946600020929], [-119.09463099970523, 37.859384999682156], [-119.09472399959166, 37.85931099995464], [-119.09482599969891, 37.8592440003385], [-119.09512600017285, 37.859079000039635], [-119.09528299963338, 37.859014000271884], [-119.09544900021307, 37.85896300016295], [-119.09561800026746, 37.85892699977283], [-119.09573799991806, 37.85888900001176], [-119.09585799956866, 37.8588629999026], [-119.0960569997603, 37.858842999976105], [-119.09632899974686, 37.85885400032643], [-119.0965000003494, 37.85887200018692], [-119.09658099964193, 37.858868000060724], [-119.09665599998499, 37.85884500003996], [-119.09678700040457, 37.85876400024885], [-119.09689199998654, 37.85873099986191], [-119.09700400013956, 37.85872599969449], [-119.0971129999195, 37.858748999752386], [-119.09724199979092, 37.85882900023712], [-119.09744000015763, 37.859014000271884], [-119.09753200021913, 37.859144999777975], [-119.09757599970177, 37.85923600012621], [-119.09761500005982, 37.859354000332495], [-119.09767199996122, 37.85959300024369], [-119.0977399997333, 37.85982399994065], [-119.09783400034294, 37.860050000254525], [-119.098006999697, 37.86033899992559], [-119.0982750003839, 37.86074399997516], [-119.09834999982867, 37.86080900034499], [-119.09844000024036, 37.860859999885804], [-119.09856599973874, 37.86090200006521], [-119.09871600042487, 37.86091400011209], [-119.09885899964168, 37.86090200006521], [-119.09897900019061, 37.86087199993952], [-119.09946200006435, 37.86070099969899], [-119.09966100025599, 37.860656000092305], [-119.09971700033248, 37.860632999920306], [-119.0997680003861, 37.860586000255594], [-119.09982799976227, 37.86054699992259], [-119.10004600022044, 37.86044200034184], [-119.10014800032772, 37.86037899967053], [-119.10028200022202, 37.86032899980868], [-119.10056599990415, 37.860241000139574], [-119.1006200003308, 37.86021299977151], [-119.1006760004073, 37.860171999922585], [-119.1011400000145, 37.860331999843915], [-119.10137199981807, 37.860443000352085], [-119.1015490002684, 37.860514000333886], [-119.10171499994975, 37.86057000012144], [-119.10211099978488, 37.86077100013573], [-119.10214599994497, 37.86080800033972], [-119.10219899964842, 37.8609430002173], [-119.10224899987713, 37.86120499994124], [-119.10228800023522, 37.86131599984388], [-119.10240700006088, 37.86153799985683], [-119.10252400023676, 37.861790999666546], [-119.10261299992521, 37.862016000343075], [-119.10264499971224, 37.86205299992206], [-119.10270900018467, 37.86210000006966], [-119.1028730002162, 37.862165999939684], [-119.1030749998826, 37.86222499984866], [-119.10465200044868, 37.8626099998499], [-119.10475399965763, 37.86264999978078], [-119.10480800008429, 37.86268699975063], [-119.10482399997782, 37.86272900030734], [-119.10481700030513, 37.862770000152274], [-119.10475000035798, 37.86288900035135], [-119.10444999988401, 37.863295999806276], [-119.1043650003935, 37.86349400028101], [-119.10434899960165, 37.863608000184016], [-119.10443900001334, 37.86421499980284], [-119.10455899966396, 37.864877000205595], [-119.10474899963477, 37.866015999757366], [-119.10485599976488, 37.86681100020699], [-119.1049150002144, 37.86705999996211], [-119.10495000037452, 37.867160999657095], [-119.1050399998879, 37.86729099965757], [-119.10548900032477, 37.867684000146276], [-119.10618200026082, 37.86825600004611], [-119.10665799956357, 37.868610000030976], [-119.10857499988828, 37.866632000153665], [-119.10865799972898, 37.86657699993508], [-119.10878300030075, 37.86652799995072], [-119.10922900036459, 37.86644700009332], [-119.10923000018951, 37.86652999980602], [-119.10924799973286, 37.867677000053014], [-119.1092720000223, 37.86846999979955], [-119.10928700009092, 37.870676000073715], [-119.10928600026601, 37.87140200025419], [-119.10933599959638, 37.875365000041874], [-119.10933899996944, 37.87560200018113], [-119.10930999965713, 37.876392000338235], [-119.10924199988509, 37.876950000152725], [-119.1091950000294, 37.87716800002225], [-119.10908600024948, 37.87756500011797], [-119.10903199982279, 37.877708000121196], [-119.10892200021793, 37.877944999812776], [-119.10872999969901, 37.87832199966257], [-119.1085399997282, 37.87863400023067], [-119.1086240002921, 37.87860199999683], [-119.10868200001842, 37.87856999974915], [-119.10872100037648, 37.87853200019032], [-119.11103100016328, 37.87481100024552], [-119.11168499974127, 37.8737519996761], [-119.11191999991792, 37.87341299992916], [-119.11268300017416, 37.87218799995605], [-119.11286700029717, 37.87191899987872], [-119.11291599980265, 37.87190600035096], [-119.11309800027584, 37.87191600031518], [-119.11352000005022, 37.87181000005805], [-119.11462899991288, 37.87270700013452], [-119.11508900022044, 37.87303000002845], [-119.1152289999625, 37.87359599985453], [-119.11532100002401, 37.87383399984074], [-119.11575299984415, 37.874159000114474], [-119.1176080002446, 37.87466599994753], [-119.1180090001026, 37.874379999907035], [-119.11914100042979, 37.87448299984377], [-119.11987799984844, 37.875030999688086], [-119.11947600016552, 37.87586599986034], [-119.1194309999597, 37.87597100015471], [-119.11950700012768, 37.87590599968625], [-119.11953800008982, 37.87587900010752], [-119.11993999977274, 37.875616000279194], [-119.12001599994069, 37.87554999969231], [-119.1200920001087, 37.87553300016544], [-119.12052099955575, 37.87520299981313], [-119.12082600005262, 37.87495099977343], [-119.12084000029631, 37.87492900033122], [-119.12111499975762, 37.87469900028989], [-119.1211700000092, 37.87468299967448], [-119.12148200017874, 37.87458899980043], [-119.12179400034827, 37.87446299990174], [-119.12197400027334, 37.87436399993151], [-119.12210499979456, 37.874243000181096], [-119.12223000036636, 37.873902000202065], [-119.12233999997123, 37.87370999972937], [-119.1224789998884, 37.87351800017445], [-119.12290099966278, 37.87319900035046], [-119.12324700016751, 37.87295699966039], [-119.12349599968955, 37.87283599972631], [-119.12372500001838, 37.872743000175284], [-119.12398799978412, 37.872589000035276], [-119.12447300020602, 37.87250600005653], [-119.12457000029039, 37.87245699976036], [-119.12506900005769, 37.87211000020343], [-119.12553900041097, 37.87165399966986], [-119.12578799993298, 37.871489000208996], [-119.12598200010176, 37.871307999739265], [-119.126084000209, 37.87118000017301], [-119.12618799996609, 37.870975999872805], [-119.12623700036988, 37.87083900019878], [-119.12650000013561, 37.870565000086614], [-119.1265140003793, 37.870432999731], [-119.12653500029569, 37.87017499970688], [-119.12697200013872, 37.86948299993053], [-119.1274990003934, 37.868830000262435], [-119.12810199991776, 37.86799499976729], [-119.12818599958334, 37.867791999778085], [-119.12819999982705, 37.867528000241045], [-119.1283660004067, 37.86730900029416], [-119.12865699976153, 37.86705099996856], [-119.12903199968027, 37.866616999840254], [-119.12929500034431, 37.866182999992546], [-119.12937200033721, 37.86610099982242], [-119.12967000026303, 37.86590900029531], [-119.1298080003553, 37.86571700026789], [-119.12987100010449, 37.86557399968235], [-119.13008600018964, 37.86533200018685], [-119.13033499971168, 37.8652170001685], [-119.13048100019988, 37.865051999767076], [-119.13075099963827, 37.86487099979583], [-119.13082699980627, 37.864826999849264], [-119.13125000030388, 37.8640589996456], [-119.13234599974773, 37.86297199981623], [-119.13263700000088, 37.862543999668326], [-119.13275500000165, 37.8624229996547], [-119.13290700033761, 37.862285999680815], [-119.13325399976893, 37.862159000031475], [-119.13345499961038, 37.86210400002051], [-119.13370400003072, 37.86207700034823], [-119.133842000123, 37.86204400002617], [-119.13423700013321, 37.861825000093376], [-119.13451499996754, 37.861709000283085], [-119.13461899972462, 37.86162200012827], [-119.134715999809, 37.86151699995136], [-119.1347779997333, 37.86122599993561], [-119.13475099996911, 37.86083599977256], [-119.13479899964966, 37.86074299996901], [-119.13502100030584, 37.86056700009595], [-119.13534699982075, 37.860396999867845], [-119.13566599966299, 37.860171999922585], [-119.13576899959516, 37.86007299989932], [-119.13585999983174, 37.859953000101136], [-119.13592900032704, 37.859776999760065], [-119.13588099974817, 37.858798999976855], [-119.13582600039487, 37.85848599977228], [-119.13600600031994, 37.85792100023902], [-119.13602700023634, 37.857690000252106], [-119.13618000039722, 37.857447999692035], [-119.13644300016294, 37.85723399984785], [-119.13665099967706, 37.85711899995994], [-119.13692799968653, 37.857009000176845], [-119.1370320003419, 37.856944000002144], [-119.13719899984815, 37.85662500005998], [-119.13731600002403, 37.8564769999537], [-119.1374549999412, 37.85635599990962], [-119.13771900043017, 37.85591099984453], [-119.13790600002793, 37.85566400016166], [-119.13809299962567, 37.85547199968713], [-119.1384049997952, 37.85523600013287], [-119.13920200038665, 37.854466999904815], [-119.13955499966572, 37.85397899984339], [-119.13963099983373, 37.85376499985861], [-119.13960400006954, 37.853534000324615], [-119.13940300022809, 37.85323700006293], [-119.13923699964842, 37.852945999985806], [-119.13919599964052, 37.85274299968332], [-119.13923099980065, 37.85227100007934], [-119.13918200029516, 37.852155000128825], [-119.13907199979198, 37.8520240002588], [-119.13882900011775, 37.85179800016325], [-119.13875299994974, 37.85166100030165], [-119.13873899970604, 37.85159000030428], [-119.13894700011849, 37.85099099996247], [-119.13894700011849, 37.850826000342046], [-119.13889900043795, 37.850634000035214], [-119.13889900043795, 37.85052399979671], [-119.13896200018712, 37.85038699969577], [-119.1390380003551, 37.85029900021635], [-119.13981400013182, 37.849579999656285], [-119.14020199957103, 37.84913499983109], [-119.1402919999827, 37.84898700029359], [-119.1403339998155, 37.848833000162266], [-119.14035499973188, 37.84810799984724], [-119.14043199972478, 37.847543000221776], [-119.14052200013649, 37.8474989998621], [-119.14060499997714, 37.847477000027055], [-119.14084000015379, 37.847509999777145], [-119.14104799966793, 37.847493000165656], [-119.14121400024761, 37.84744400026226], [-119.14131100033198, 37.84744400026226], [-119.14150499960242, 37.84748299972475], [-119.14156800024992, 37.8474879999454], [-119.14166399961111, 37.84741099977332], [-119.14188600026726, 37.847203000306735], [-119.14201099994072, 37.847120000110266], [-119.14221199978218, 37.847043000263284], [-119.14236400011814, 37.84701600003989], [-119.14272399996824, 37.847010999787294], [-119.14284199996904, 37.84701600003989], [-119.14289100037284, 37.84696100007981], [-119.14287700012912, 37.846456000140904], [-119.14293200038071, 37.84636800022619], [-119.14351399998867, 37.845984000014084], [-119.14371499983011, 37.84583599982704], [-119.14413800032774, 37.84538500023894], [-119.14433199959821, 37.84530300033994], [-119.14458799969123, 37.84522600001439], [-119.14479600010368, 37.845192999951635], [-119.14506600044044, 37.845194000168675], [-119.14545399987962, 37.84522700023104], [-119.14570999997267, 37.84522700023104], [-119.14652799958218, 37.84511200005734], [-119.14680499959162, 37.84513399988851], [-119.14710900026354, 37.84509499989302], [-119.14727599976979, 37.8449849999038], [-119.1473660001815, 37.844891999965455], [-119.14757399969562, 37.84477699997874], [-119.14762200027455, 37.844721999767444], [-119.14768400019882, 37.844601000293274], [-119.14771900035892, 37.84445799988487], [-119.1477119997879, 37.84436000026832], [-119.14757399969562, 37.84407900011018], [-119.14737299985418, 37.84382700004471], [-119.14732500017361, 37.84373299982795], [-119.14739399977059, 37.843282999681385], [-119.14738700009788, 37.84320100028274], [-119.14725599967831, 37.84307399967589], [-119.14709699966967, 37.84279999991181], [-119.14704800016416, 37.842651000177284], [-119.14705499983688, 37.84241500001981], [-119.14718000040865, 37.842112999786885], [-119.14734600009, 37.84183299984271], [-119.1477269998565, 37.841449000136556], [-119.14797000042907, 37.841301000070715], [-119.14848199971682, 37.84106499984992], [-119.14858600037222, 37.841032000053424], [-119.14895299989502, 37.84098800006538], [-119.14924400014817, 37.84090600024332], [-119.14950100006611, 37.8408009996459], [-119.14970799975536, 37.840734999802], [-119.15005500008499, 37.84055399971192], [-119.1502969999343, 37.84039499971318], [-119.15034600033812, 37.84030699966022], [-119.15033899976711, 37.84011000032998], [-119.15040099969139, 37.84004899988331], [-119.15050500034675, 37.840011000323884], [-119.15064400026395, 37.83998899967388], [-119.15081699961799, 37.83999399969322], [-119.15086500019689, 37.839966999726755], [-119.15107299971103, 37.83974699989445], [-119.1512190001992, 37.839598999960515], [-119.15146799972125, 37.83946700019074], [-119.1521680002283, 37.83855599989087], [-119.15235499982603, 37.8383800002579], [-119.15251399983472, 37.838111000229205], [-119.15256300023849, 37.837973999769005], [-119.15269399975976, 37.83787999989636], [-119.15336599977941, 37.837765000327046], [-119.1534700004348, 37.83773199976358], [-119.15361500019975, 37.83766700033045], [-119.15375400011692, 37.83755100010832], [-119.15391999979828, 37.837359000000355], [-119.15446700014444, 37.83707400023779], [-119.15461299973433, 37.83692000005968], [-119.1546679999859, 37.83660699990929], [-119.15465499956711, 37.83634899996091], [-119.1546679999859, 37.836299000119524], [-119.1547449999788, 37.836243999971096], [-119.15496599991174, 37.836243999971096], [-119.15509099958523, 37.83627699978131], [-119.15518099999689, 37.83627200021948], [-119.15531300024138, 37.83622299995519], [-119.15588700035173, 37.83588799994044], [-119.16053500041275, 37.83353300031603], [-119.16061800025342, 37.8335219997353], [-119.16088100001915, 37.83356599991994], [-119.16153899979511, 37.833753000234765], [-119.16237599967118, 37.83384600002892], [-119.16251499958834, 37.83381899994058], [-119.16264000016014, 37.83374700012957], [-119.1628130004125, 37.83361499982064], [-119.16311800001102, 37.83339599986748], [-119.163194000179, 37.83328600016729], [-119.16325600010329, 37.83299999989552], [-119.16345000027205, 37.83286900005326], [-119.16348500043215, 37.83278100024525], [-119.16349899977752, 37.83266500014447], [-119.16360900028072, 37.83257200028057], [-119.16374099962688, 37.83249500014429], [-119.16387899971913, 37.83236899994153], [-119.16401099996361, 37.8323199999228], [-119.16419099988865, 37.83228100024665], [-119.16432999980584, 37.83227000018869], [-119.16446100022542, 37.832165999753464], [-119.16457199965518, 37.83203400016335], [-119.16476599982396, 37.83190799988276], [-119.16485600023562, 37.831802999957596], [-119.1648839998247, 37.831731999997835], [-119.16501500024427, 37.831633000099764], [-119.16524399967481, 37.831566999857436], [-119.16534099975921, 37.83135300010607], [-119.16541699992719, 37.831243000197965], [-119.1656589997765, 37.83111200007405], [-119.16605399978674, 37.83099100026747], [-119.1661650001148, 37.830935999709325], [-119.16633099979617, 37.83073799977273], [-119.166560000125, 37.83061200011699], [-119.16678100005797, 37.83055200003635], [-119.167037000151, 37.830578999901284], [-119.16714099990807, 37.8305680002991], [-119.16723799999245, 37.830530000112816], [-119.16734199974954, 37.8304029996842], [-119.16744600040492, 37.830358999741684], [-119.1675150000019, 37.83016200009671], [-119.16766800016275, 37.83002999975938], [-119.16770900017065, 37.8299749999039], [-119.16773000008705, 37.82990400031362], [-119.16780600025503, 37.82981599980725], [-119.16800700009648, 37.82982700023102], [-119.16807599969343, 37.829777000226535], [-119.16816600010513, 37.829629000156565], [-119.16839500043399, 37.82948099978974], [-119.16852599995524, 37.82934899965315], [-119.16858899970443, 37.82919499966838], [-119.16862300003963, 37.82885500031466], [-119.16865099962871, 37.82872900028153], [-119.16873400036769, 37.82862999990182], [-119.16891400029279, 37.82853100009878], [-119.16906699955533, 37.82839400029566], [-119.16912900037791, 37.82837699982589], [-119.16932299964834, 37.82841000031688], [-119.16943399997643, 37.82840500022193], [-119.16945400006793, 37.82819000007603], [-119.1695720000687, 37.82814100012012], [-119.16981399991806, 37.8282119999877], [-119.1699739997516, 37.828206999879335], [-119.17013299976027, 37.82830000027844], [-119.1703539996932, 37.82834400002969], [-119.17064499994633, 37.82851500010384], [-119.17085300035879, 37.828613000195915], [-119.17108199978934, 37.82864599987181], [-119.1713239996387, 37.82862999990182], [-119.17167000014338, 37.82852000019134], [-119.17182199958106, 37.828526000012076], [-119.17207900039733, 37.82858100023809], [-119.17231399967564, 37.82853100009878], [-119.17238999984365, 37.82853100009878], [-119.1724939996007, 37.8285639998114], [-119.17267400042407, 37.8287069998144], [-119.1728259998617, 37.8287510000325], [-119.17293700018982, 37.828717999694014], [-119.17317200036643, 37.82862499982178], [-119.1733869995533, 37.82858600032111], [-119.17355999980565, 37.82860300003318], [-119.17405899957292, 37.82855899972688], [-119.17448799991833, 37.8284270000695], [-119.1746679998434, 37.82840500022193], [-119.17489700017222, 37.82844399981826], [-119.1753669996272, 37.82858100023809], [-119.17577599988113, 37.8286519996823], [-119.17647499966496, 37.828866999901166], [-119.1766899997501, 37.82891100002381], [-119.17705700017122, 37.82890500023442], [-119.17729200034788, 37.828932999720564], [-119.17776299962772, 37.8290590001149], [-119.17954299968511, 37.82917399977459], [-119.17984700035706, 37.82918000025164], [-119.18040100037591, 37.82926800009744], [-119.18076100022601, 37.82924599979107], [-119.1812459997496, 37.829355999838356], [-119.1813570000777, 37.829355999838356], [-119.18167500009501, 37.82927300013391], [-119.18220800019749, 37.82900400024518], [-119.18265799956097, 37.828932999720564], [-119.1830740003859, 37.8288060000908], [-119.18322599982353, 37.82872400020819], [-119.18339900007592, 37.82857000033805], [-119.18358599967364, 37.828351000310185], [-119.18379400008611, 37.828219000280775], [-119.18387699992677, 37.828179999855976], [-119.18409899968465, 37.828119999926315], [-119.18431299994488, 37.828119999926315], [-119.18450000044095, 37.82810899995761], [-119.1845830002816, 37.828070000184226], [-119.18471499962779, 37.82788400010814], [-119.18491600036755, 37.82771899987718], [-119.18501299955362, 37.82765900028223], [-119.18515800021689, 37.827615000122535], [-119.18530999965456, 37.827576000088065], [-119.18555300022707, 37.82759300003287], [-119.18561500015137, 37.82759300003287], [-119.1859399998414, 37.82743899993095], [-119.18624500033823, 37.82721400016724], [-119.18654999993676, 37.82709300035438], [-119.18776099990666, 37.82622000009978], [-119.18796900031913, 37.82601600025607], [-119.18818400040426, 37.82586799973822], [-119.1884670002615, 37.82548900023746], [-119.18838600007065, 37.82539500006749], [-119.189982000005, 37.824172999734955], [-119.19007800026449, 37.824250000040834], [-119.19027599973288, 37.824355000070454], [-119.19028300030386, 37.824573999894774], [-119.19030000002232, 37.82514800034862], [-119.19074299971311, 37.825826000179624], [-119.19130699977771, 37.82636700014891], [-119.19202300017831, 37.82629200016044], [-119.19277100036595, 37.826629999742664], [-119.19334700012612, 37.82720300006348], [-119.19355399981535, 37.827430999815526], [-119.1955160003459, 37.82959100019616], [-119.19726999956572, 37.83203900001238], [-119.19903299990466, 37.83449999993931], [-119.19985600043536, 37.83582799989368], [-119.19986599958281, 37.835714000308826], [-119.19993500007807, 37.83564800016994], [-119.19993599990299, 37.83560399980807], [-119.19999799982726, 37.835544000239736], [-119.20022600033123, 37.83542299989765], [-119.20035799967737, 37.83537900011107], [-119.20049599976964, 37.83536799980554], [-119.20060000042504, 37.83540600033795], [-119.20083600042659, 37.835570999696806], [-119.20104300011582, 37.835669999986315], [-119.20151400029403, 37.83563699990458], [-119.20170099989176, 37.835609999762184], [-119.20188099981682, 37.835626000347], [-119.20199899981759, 37.83569199979608], [-119.20213100006208, 37.83582900023773], [-119.20271199984515, 37.8361860001829], [-119.20315600025913, 37.83639499984183], [-119.2033360001842, 37.836432999845215], [-119.20361300019363, 37.83640599999416], [-119.20382699955557, 37.83679499994132], [-119.20384099979925, 37.836877999697286], [-119.20381400003507, 37.83695500022511], [-119.20382499990572, 37.837311000072646], [-119.20453799993325, 37.837478000070774], [-119.20622199973117, 37.83782799974932], [-119.20687200000953, 37.837809999717194], [-119.20588100014764, 37.83582799989368], [-119.20548100011456, 37.8333279997368], [-119.20458099959096, 37.831327999915615], [-119.20398100043965, 37.829827999946964], [-119.20518099964059, 37.828027999750276], [-119.20608100016418, 37.82782800032914], [-119.20758099983908, 37.82692799977381], [-119.20918099997141, 37.82662800022411], [-119.21098100012027, 37.82602800030425], [-119.21228099977863, 37.82562800001263], [-119.21328099986134, 37.825027999767435], [-119.21408099992753, 37.82402799987162], [-119.21538099958586, 37.82192799990911], [-119.21678099970164, 37.81932800002671], [-119.21678099970164, 37.81922799994899], [-119.21688100015908, 37.81872799965714], [-119.21688100015908, 37.818328000249466], [-119.21568100005983, 37.81752799989893], [-119.21398100036839, 37.816327999793735], [-119.21288099982829, 37.81592800015483], [-119.2115810001699, 37.815128999967385], [-119.21058100008719, 37.814029000057], [-119.20928100042883, 37.8131290001332], [-119.2076810002965, 37.81212900012491], [-119.20638099973984, 37.81192900020117], [-119.20548100011456, 37.81192900020117], [-119.20498099962404, 37.81152900014785], [-119.20488100006493, 37.81022900026743], [-119.20498099962404, 37.8095290000231], [-119.20448100003185, 37.808929000209744], [-119.20368099996568, 37.80802899986522], [-119.20348099994915, 37.80702900033893], [-119.20328000010771, 37.80612900025912], [-119.20248000004152, 37.80502899969796], [-119.20127999994227, 37.80432899984353], [-119.20127999994227, 37.80292900010414], [-119.20158000041624, 37.80052899985245], [-119.20178000043279, 37.79932900029479], [-119.2023799995841, 37.79852899993338], [-119.20268000005807, 37.79772900013565], [-119.20277999961718, 37.79712900028048], [-119.20297999963374, 37.795629000262515], [-119.20328000010771, 37.79492900005309], [-119.20388000015731, 37.793928999910555], [-119.20437999974953, 37.79322899992078], [-119.20517999981567, 37.7929289997203], [-119.20628000035583, 37.7929289997203], [-119.20697999996453, 37.7929289997203], [-119.2102799997883, 37.792029000328775], [-119.21047999980487, 37.79212900032924], [-119.2105800002623, 37.79212900032924], [-119.21147999988757, 37.79212900032924], [-119.21278000044424, 37.791729000225025], [-119.21528000020184, 37.78992900028964], [-119.2169799998933, 37.787729000060374], [-119.21757999994291, 37.785928999947856], [-119.21847999956819, 37.78382899978184], [-119.21938000009177, 37.7825290001024], [-119.21987999968398, 37.78132899998312], [-119.22027999971706, 37.78022900003583], [-119.2204799997336, 37.77992900030736], [-119.22058000019102, 37.779728999811965], [-119.2209800002241, 37.779329999727516], [-119.22127999979976, 37.779129999741485], [-119.22198000030681, 37.778829999812785], [-119.22267999991554, 37.778929999924316], [-119.22417999959045, 37.778730000276], [-119.22557999970623, 37.778430000144056], [-119.22637999977239, 37.778430000144056], [-119.22708000027944, 37.77842899973213], [-119.22777999988821, 37.778229999853], [-119.22918000000396, 37.77762999999344], [-119.22987999961273, 37.776929999682515], [-119.23007999962924, 37.776029999991046], [-119.23007999962924, 37.775730000262605], [-119.23007999962924, 37.77523000014003], [-119.23078000013629, 37.774430000152854], [-119.23158000020246, 37.774430000152854], [-119.23318000033478, 37.77422999969103], [-119.23447999999317, 37.77382999998459], [-119.23537999961844, 37.773730000074856], [-119.23657999971769, 37.77363000002987], [-119.23757999980037, 37.77312999990641], [-119.2380800002909, 37.772729999929325], [-119.23848000032399, 37.77243000030163], [-119.23968000042323, 37.77123000026975], [-119.24098000008159, 37.770430000317084], [-119.24218000018084, 37.769730000004415], [-119.24307999980611, 37.769130000041606], [-119.24407999988883, 37.76802999965597], [-119.24487999995499, 37.76702999982541], [-119.24518000042895, 37.76583000021682], [-119.2454800000046, 37.76522999985711], [-119.24608000005423, 37.76382999997242], [-119.24648000008732, 37.763229999721105], [-119.24728000015347, 37.761529999800395], [-119.24748000017001, 37.76132999995636], [-119.24775899982927, 37.760957999759775], [-119.24837999979529, 37.760130000188845], [-119.2488800002858, 37.75952999975167], [-119.24897999984492, 37.7593300001816], [-119.24928000031888, 37.758930000129475], [-119.24948000033542, 37.758530000045056], [-119.24968000035196, 37.758329999902], [-119.25008000038504, 37.75803000009393], [-119.25017999994417, 37.75763000011458], [-119.25017999994417, 37.75744300019375], [-119.25055400003798, 37.75729100008834], [-119.25098000001032, 37.75733000030867], [-119.25127999958598, 37.757429999668915], [-119.25198000009303, 37.757429999668915], [-119.25227999966869, 37.757429999668915], [-119.252681000425, 37.75733000030867], [-119.25298000017573, 37.75733000030867], [-119.25348099959285, 37.757129999762235], [-119.25427999983408, 37.75693000009553], [-119.25443100034515, 37.756704000006096], [-119.25445599956119, 37.7566660001621], [-119.25448099967555, 37.75662800029857], [-119.25498100016605, 37.75632899998126], [-119.25548300030638, 37.75532800031447], [-119.25568199959969, 37.75432999997175], [-119.25568199959969, 37.753830000044545], [-119.25548199958318, 37.75343000008478], [-119.25518299983241, 37.75292999975758], [-119.25488400008169, 37.75182999992916], [-119.25468400006514, 37.7512280002228], [-119.25458299978283, 37.750827999691786], [-119.25468400006514, 37.750328000249], [-119.25468400006514, 37.75022799981295], [-119.25468499989005, 37.74997799990737], [-119.2546809996921, 37.749927999824926], [-119.25462499961561, 37.74916200007714], [-119.25461299992003, 37.74900500021795], [-119.25460600024732, 37.7489299998057], [-119.25459100017872, 37.748744000018014], [-119.2545819999579, 37.7486290001331], [-119.2545180003838, 37.748504999822195], [-119.25451300036092, 37.74849600028414], [-119.25450800033802, 37.74848700003473], [-119.25447900002574, 37.74843099972098], [-119.25445800010934, 37.74839899982703], [-119.25427999983408, 37.748130000149565], [-119.25433699973549, 37.74778000006662], [-119.25437799974338, 37.74753099982381], [-119.25467800021735, 37.74663100034644], [-119.25497799979301, 37.74633099998267], [-119.25517899963444, 37.74613000010982], [-119.25587900014149, 37.74503000006441], [-119.2562790001746, 37.744730000314284], [-119.25668000003257, 37.74455199977407], [-119.25717899979988, 37.744330000176475], [-119.25733899963342, 37.744330000176475], [-119.25797899986601, 37.744330000176475], [-119.25917899996529, 37.74363000006124], [-119.26037900006453, 37.74273000002885], [-119.26054599957078, 37.74249700000673], [-119.26050700011105, 37.74232900025824], [-119.26047500032399, 37.7421919996864], [-119.26036300017101, 37.74171899981782], [-119.26081400025772, 37.74137899985935], [-119.26087899965673, 37.741329999853534], [-119.2611790001307, 37.741030000024345], [-119.26237900022994, 37.7408300001731], [-119.26347899987177, 37.74072999968964], [-119.26417900037879, 37.740629999781476], [-119.26507900000409, 37.74032999995683], [-119.26627900010334, 37.74013000034541], [-119.26678000041876, 37.74003000033711], [-119.26737999957007, 37.739930000193695], [-119.26747599982953, 37.739930000193695], [-119.26768000004404, 37.739930000193695], [-119.26877999968583, 37.739529999689886]]]}, "properties": {"ZCTA5": "93529", "GEOID": "93529", "NAME": "ZCTA5 93529", "AREALAND": 194081627, "INTPTLAT": "+37.7777065", "INTPTLON": "-119.1881016", "zcta": "93529", "place": "93529 June Lake", "name": "ZCTA5 93529"}}, {"type": "Feature", "geometry": {"type": "Polygon", "coordinates": [[[-119.32406299960032, 38.0575390000815], [-119.3239089996145, 38.05599699968079], [-119.32301999985987, 38.05168299988824], [-119.32299700029365, 38.05157099986221], [-119.32264499994115, 38.04986500033665], [-119.32163800018574, 38.04890699976408], [-119.32024700029082, 38.048076000092394], [-119.31855099989899, 38.04760900028435], [-119.31671700031328, 38.04784500022946], [-119.3163530002652, 38.04662999979236], [-119.3142419997717, 38.0455839999836], [-119.31249400039968, 38.0456860002965], [-119.31118999964502, 38.044755999675075], [-119.31044999985335, 38.04309799996685], [-119.31062399993061, 38.0402480002229], [-119.31220099959839, 38.037524000106245], [-119.31324699971186, 38.03603300027003], [-119.31395200024178, 38.034535000018806], [-119.31254799992804, 38.0344760003458], [-119.31089400026735, 38.03410999980152], [-119.30970599986368, 38.03392100019631], [-119.30886599961454, 38.03316700000616], [-119.30906200033142, 38.03162599973538], [-119.30754599986469, 38.030524999961656], [-119.30724100026616, 38.02833700033842], [-119.30721299977874, 38.02746400014593], [-119.30655199962978, 38.02624299980416], [-119.30516199955972, 38.02534500001755], [-119.30458999999749, 38.0238910002201], [-119.30727600042624, 38.02098700020671], [-119.3081519997621, 38.01949200003436], [-119.308489000046, 38.017115000217785], [-119.30868999988745, 38.01523899997044], [-119.3077860000642, 38.01320899967461], [-119.30703399967862, 38.012322000169206], [-119.30717699979374, 38.011417999868584], [-119.30836199982437, 38.00919100005498], [-119.30885999976675, 38.00742099979035], [-119.30890400014768, 38.00714899975667], [-119.30890699962241, 38.0071320002077], [-119.30890999999546, 38.00711600008727], [-119.30891699966816, 38.0070729997022], [-119.30900000040715, 38.0065580003402], [-119.30900600025493, 38.00651800007345], [-119.30903300001911, 38.006354000308704], [-119.30903600039215, 38.00633199982035], [-119.30903800004198, 38.00632000013032], [-119.3090599997833, 38.00619000017718], [-119.30910499998915, 38.00591200029877], [-119.30914299962396, 38.00568099981957], [-119.30915699986767, 38.00559500017224], [-119.3092859997391, 38.00477699973524], [-119.31002200023116, 38.003984999891394], [-119.31058499957254, 38.00335799993529], [-119.30987900011604, 38.00227100019971], [-119.30989699965939, 38.00116300022942], [-119.31085400008438, 37.99992200005692], [-119.31249100002663, 37.99772200022174], [-119.31319099963535, 37.995922000309115], [-119.31369100012587, 37.994122000113435], [-119.31469100020857, 37.9921220003205], [-119.31551800003892, 37.99106000020064], [-119.31634400004435, 37.98999800028179], [-119.31679099993309, 37.98942299972485], [-119.31770399997716, 37.98832799984389], [-119.3177910000158, 37.98822299989855], [-119.31839100006542, 37.986422999819645], [-119.31819000022399, 37.9853229997054], [-119.31708999968386, 37.98422300009285], [-119.31647999958847, 37.98400899993341], [-119.31620299957905, 37.98391200029406], [-119.3161359996319, 37.98389099990272], [-119.31498999995934, 37.98352299999252], [-119.31429000035057, 37.982622999862876], [-119.31469000038368, 37.98112300013532], [-119.3167900001082, 37.97892300011489], [-119.31859000025707, 37.97762300025972], [-119.31908999984927, 37.97662299968128], [-119.32028999994851, 37.973422999746795], [-119.32054799969137, 37.973176999785856], [-119.32238999967304, 37.971423000114825], [-119.32258999968957, 37.97102300030636], [-119.322437000427, 37.970513000293124], [-119.3223820001754, 37.970328999957424], [-119.32198999963995, 37.96902299973183], [-119.32008999993197, 37.968023000258384], [-119.31788999975002, 37.96702299991212], [-119.31750899998349, 37.966768999892956], [-119.31727299998195, 37.96661199967315], [-119.31608999960112, 37.96582299993165], [-119.31529000043331, 37.965322999935246], [-119.31458999992626, 37.96412299979212], [-119.31458999992626, 37.96192300018026], [-119.31489000040023, 37.96022299970057], [-119.31468899966045, 37.95812300027316], [-119.31418900006825, 37.955423000002405], [-119.31388899959428, 37.95432299995386], [-119.31308900042643, 37.95302400027169], [-119.31178899986976, 37.95192399971544], [-119.31068900022794, 37.95092399972762], [-119.30968900014524, 37.9499240002949], [-119.30898899963819, 37.94832399980889], [-119.30838899958856, 37.946823999851205], [-119.30818899957202, 37.946723999898616], [-119.30652999988845, 37.94607499998717], [-119.3064000001921, 37.94602399996187], [-119.30626999959746, 37.94597299990117], [-119.30616400019056, 37.94593200034062], [-119.30615400014482, 37.945927999984875], [-119.30588899983096, 37.94582399986827], [-119.30525000032156, 37.94563899973983], [-119.30471200019622, 37.94548299995875], [-119.30449999958583, 37.945422000335746], [-119.3042889996986, 37.94535999967986], [-119.30278800019879, 37.94492400014878], [-119.3003880000003, 37.94472399989478], [-119.29808800025926, 37.9439239998111], [-119.29588800007728, 37.94272400000331], [-119.2938879999119, 37.938423999833816], [-119.29368799989535, 37.93832399978563], [-119.29348799987879, 37.93802400024167], [-119.29197499978513, 37.936814999771656], [-119.29098800012122, 37.93612399972782], [-119.29082499991459, 37.935932999690465], [-119.2892869997065, 37.93412400031017], [-119.28788699959075, 37.933024000214616], [-119.2860870003402, 37.93342400009264], [-119.28318699965119, 37.933723999989894], [-119.28058700033445, 37.933825000350595], [-119.27967599994022, 37.933504000232205], [-119.27959399992443, 37.93347499965146], [-119.27951299973361, 37.93344599976775], [-119.2788869997447, 37.93322500015614], [-119.27698700003671, 37.93152500017147], [-119.27318699972244, 37.93082500000489], [-119.27078599969906, 37.930025000257054], [-119.26948600004067, 37.92852500020668], [-119.26778600034926, 37.92772500023213], [-119.2669860002831, 37.92812499989032], [-119.2661860002169, 37.92802500000262], [-119.26398600003498, 37.92652500024702], [-119.26408599959407, 37.924024999971536], [-119.26458600008458, 37.921924999817065], [-119.2650859996768, 37.919625000121044], [-119.26518600013422, 37.917024999879466], [-119.2656859997264, 37.91512500023924], [-119.26558600016729, 37.91382500010914], [-119.26388499975263, 37.91222499975851], [-119.26238500007773, 37.91182500008055], [-119.26018499989578, 37.912024999837044], [-119.257834999926, 37.91176400016711], [-119.25780399996384, 37.911760000078054], [-119.25778999972016, 37.91175900005578], [-119.257766000329, 37.911755999988834], [-119.25510699966443, 37.911431999832786], [-119.25332699960704, 37.910930000285994], [-119.25157699968689, 37.91067100034928], [-119.2509850000332, 37.91059999980785], [-119.25068499955923, 37.91032600021049], [-119.250485000441, 37.91032600021049], [-119.25028500042446, 37.91032600021049], [-119.24888500030868, 37.9102260002171], [-119.24788500022596, 37.91012600008774], [-119.24738499973546, 37.91012600008774], [-119.24698499970238, 37.91012600008774], [-119.24618499963621, 37.9102260002171], [-119.24568500004402, 37.91032600021049], [-119.24428499992823, 37.91052599978954], [-119.24308499982898, 37.91062600008393], [-119.24248499977936, 37.910426000068], [-119.24168399988828, 37.9102260002171], [-119.2412839998552, 37.910426000068], [-119.24108399983868, 37.91092600015158], [-119.24098400027954, 37.91132599975629], [-119.2397840001803, 37.911826000101975], [-119.23898400011413, 37.91162599980449], [-119.23728400042269, 37.91132599975629], [-119.23448400019112, 37.91032600021049], [-119.23308400007534, 37.90952600000121], [-119.23198400043351, 37.908826000213], [-119.23058400031773, 37.90822600015648], [-119.2294839997776, 37.907726000151925], [-119.2279840001027, 37.90722600029349], [-119.22668400044431, 37.90662599994769], [-119.22628400041125, 37.90612599970233], [-119.2255839999042, 37.90542600017193], [-119.22498399985459, 37.90452599990174], [-119.22408400022931, 37.903526000080234], [-119.22398399977186, 37.90292600004402], [-119.22378399975534, 37.90232600007766], [-119.22348400017968, 37.90212600018319], [-119.2226840001135, 37.901925999745195], [-119.22208400006387, 37.901526000074014], [-119.22168400003082, 37.900725999880116], [-119.22128399999774, 37.89992600020526], [-119.2206839999481, 37.89922599982478], [-119.21988300005702, 37.898626000174524], [-119.21938299956652, 37.898626000174524], [-119.21748299985853, 37.89842600014933], [-119.21658300023326, 37.89872600033773], [-119.21598300018364, 37.89912600034089], [-119.21548299969311, 37.89922599982478], [-119.21518300011748, 37.89912600034089], [-119.21378300000168, 37.89912600034089], [-119.21278299991896, 37.899325999881725], [-119.21218299986934, 37.89942599980274], [-119.21158299981971, 37.89962599994604], [-119.21108300022752, 37.89962599994604], [-119.21078299975355, 37.89942599980274], [-119.21058299973703, 37.89872600033773], [-119.21018299970395, 37.89812600015586], [-119.20998299968741, 37.8980259998863], [-119.20978299967085, 37.897926000189756], [-119.20968300011175, 37.89752600004503], [-119.20968300011175, 37.896926000005365], [-119.21022000041216, 37.89591799993044], [-119.21048300017792, 37.89542599977565], [-119.21048300017792, 37.89512600031509], [-119.21068300019444, 37.8939260001714], [-119.21028300016138, 37.89352600026624], [-119.2095829996543, 37.893126000314446], [-119.20878299958817, 37.89262599979955], [-119.20847799998961, 37.892244000134994], [-119.20838299955506, 37.892126000142255], [-119.20811300011664, 37.89118100017909], [-119.20778300040375, 37.89002599966331], [-119.20768299994633, 37.889825999667046], [-119.20738300037067, 37.88962599983645], [-119.2070829998967, 37.88942600017154], [-119.20648299984708, 37.88922599996335], [-119.2059830002549, 37.88942600017154], [-119.20558300022181, 37.88952600007193], [-119.20498300017218, 37.88942600017154], [-119.20438300012256, 37.88882600004402], [-119.20388299963204, 37.88872599990192], [-119.20308299956591, 37.88852599991915], [-119.2021829999406, 37.88822599998984], [-119.20138299987444, 37.88802600006688], [-119.20078299982482, 37.887427000227305], [-119.20028300023263, 37.88582700017487], [-119.20008300021608, 37.884527000012746], [-119.2001829997752, 37.884026999947814], [-119.20078299982482, 37.88322700029822], [-119.20198299992407, 37.88372700012275], [-119.20298300000677, 37.883926999669235], [-119.2035830000564, 37.883926999669235], [-119.20528299974784, 37.8833270001093], [-119.20638300028797, 37.88352700003309], [-119.20638300028797, 37.8833270001093], [-119.20808299997942, 37.88172700030889], [-119.20828299999594, 37.88162699974326], [-119.20838299955506, 37.88142700033178], [-119.20908300006214, 37.88082700025666], [-119.2095829996543, 37.8796270003324], [-119.21038299972047, 37.877926999647514], [-119.21168300027716, 37.87602700025047], [-119.21233500020531, 37.87492699999483], [-119.21328300040949, 37.87332699995448], [-119.21408299957731, 37.871526999855426], [-119.21448299961042, 37.86982700015625], [-119.2144819997855, 37.86832700030158], [-119.21398200019331, 37.86592699985113], [-119.21378200017676, 37.86322700032178], [-119.21368199971931, 37.86092700016063], [-119.2134819997028, 37.859627000266], [-119.21278200009404, 37.85882700017289], [-119.21258200007752, 37.8576270000656], [-119.21258200007752, 37.856926999728785], [-119.21278200009404, 37.85612700012075], [-119.21301499972257, 37.855622999910196], [-119.21338200014368, 37.8548269999726], [-119.21518200029256, 37.85402700027176], [-119.21598200035872, 37.85322699969177], [-119.21618200037526, 37.85222699970376], [-119.21658200040834, 37.85052700023099], [-119.216881999984, 37.849628000111345], [-119.21678200042489, 37.84862800025302], [-119.21628199993437, 37.847728000205464], [-119.2154819998682, 37.84702800021922], [-119.21478200025948, 37.846928000084084], [-119.21328199968626, 37.84672800011634], [-119.21188199957047, 37.84612799979593], [-119.210482000353, 37.845628000174095], [-119.20938199981286, 37.84592799978652], [-119.20848200018759, 37.84642800021166], [-119.2080820001545, 37.84672800011634], [-119.20728200008834, 37.84702800021922], [-119.20588199997253, 37.84702800021922], [-119.2045820003142, 37.847228000082666], [-119.20258200014877, 37.847528000279425], [-119.20178200008263, 37.847528000279425], [-119.1983809999765, 37.845727999944074], [-119.1983809999765, 37.845628000174095], [-119.19808100040086, 37.84522899995488], [-119.19708200014306, 37.844830999927005], [-119.19648399974326, 37.84443100013383], [-119.19618199961945, 37.84402800031], [-119.19638300035923, 37.84372699982516], [-119.19658400020067, 37.84362899994663], [-119.19782100010984, 37.843317999665175], [-119.19817500011219, 37.84322900001844], [-119.20036000022553, 37.84312999994247], [-119.2022819996748, 37.84292700028111], [-119.20282399999813, 37.84260900024055], [-119.20296999958798, 37.84252299978877], [-119.20299499970233, 37.84250800024413], [-119.20302999986244, 37.842486999883356], [-119.20311500025126, 37.842436999946166], [-119.20324300029779, 37.842361999976774], [-119.20397999971642, 37.84192799990493], [-119.20448100003185, 37.84142800018362], [-119.20514999967845, 37.84091400031646], [-119.20540999996945, 37.84071300007739], [-119.20550600022891, 37.840639000052555], [-119.20577999986529, 37.840427999794635], [-119.20688000040545, 37.8399270002575], [-119.20694800017748, 37.83935400014102], [-119.20695300020037, 37.83931100015825], [-119.20695700039832, 37.83928200005669], [-119.20696300024612, 37.83923099977715], [-119.20706299980523, 37.838387999895595], [-119.20708200007178, 37.838229999795864], [-119.20687700003236, 37.83782000005088], [-119.20687200000953, 37.837809999717194], [-119.20622199973117, 37.83782799974932], [-119.20453799993325, 37.837478000070774], [-119.20382499990572, 37.837311000072646], [-119.20381400003507, 37.83695500022511], [-119.20384099979925, 37.836877999697286], [-119.20382699955557, 37.83679499994132], [-119.20361300019363, 37.83640599999416], [-119.2033360001842, 37.836432999845215], [-119.20315600025913, 37.83639499984183], [-119.20271199984515, 37.8361860001829], [-119.20213100006208, 37.83582900023773], [-119.20199899981759, 37.83569199979608], [-119.20188099981682, 37.835626000347], [-119.20170099989176, 37.835609999762184], [-119.20151400029403, 37.83563699990458], [-119.20104300011582, 37.835669999986315], [-119.20083600042659, 37.835570999696806], [-119.20060000042504, 37.83540600033795], [-119.20049599976964, 37.83536799980554], [-119.20035799967737, 37.83537900011107], [-119.20022600033123, 37.83542299989765], [-119.19999799982726, 37.835544000239736], [-119.19993599990299, 37.83560399980807], [-119.19993500007807, 37.83564800016994], [-119.19986599958281, 37.835714000308826], [-119.19985600043536, 37.83582799989368], [-119.19903299990466, 37.83449999993931], [-119.19726999956572, 37.83203900001238], [-119.1955160003459, 37.82959100019616], [-119.19355399981535, 37.827430999815526], [-119.19334700012612, 37.82720300006348], [-119.19277100036595, 37.826629999742664], [-119.19202300017831, 37.82629200016044], [-119.19130699977771, 37.82636700014891], [-119.19074299971311, 37.825826000179624], [-119.19030000002232, 37.82514800034862], [-119.19028300030386, 37.824573999894774], [-119.19027599973288, 37.824355000070454], [-119.19007800026449, 37.824250000040834], [-119.189982000005, 37.824172999734955], [-119.18838600007065, 37.82539500006749], [-119.1884670002615, 37.82548900023746], [-119.18818400040426, 37.82586799973822], [-119.18796900031913, 37.82601600025607], [-119.18776099990666, 37.82622000009978], [-119.18654999993676, 37.82709300035438], [-119.18624500033823, 37.82721400016724], [-119.1859399998414, 37.82743899993095], [-119.18561500015137, 37.82759300003287], [-119.18555300022707, 37.82759300003287], [-119.18530999965456, 37.827576000088065], [-119.18515800021689, 37.827615000122535], [-119.18501299955362, 37.82765900028223], [-119.18491600036755, 37.82771899987718], [-119.18471499962779, 37.82788400010814], [-119.1845830002816, 37.828070000184226], [-119.18450000044095, 37.82810899995761], [-119.18431299994488, 37.828119999926315], [-119.18409899968465, 37.828119999926315], [-119.18387699992677, 37.828179999855976], [-119.18379400008611, 37.828219000280775], [-119.18358599967364, 37.828351000310185], [-119.18339900007592, 37.82857000033805], [-119.18322599982353, 37.82872400020819], [-119.1830740003859, 37.8288060000908], [-119.18265799956097, 37.828932999720564], [-119.18220800019749, 37.82900400024518], [-119.18167500009501, 37.82927300013391], [-119.1813570000777, 37.829355999838356], [-119.1812459997496, 37.829355999838356], [-119.18076100022601, 37.82924599979107], [-119.18040100037591, 37.82926800009744], [-119.17984700035706, 37.82918000025164], [-119.17954299968511, 37.82917399977459], [-119.17776299962772, 37.8290590001149], [-119.17729200034788, 37.828932999720564], [-119.17705700017122, 37.82890500023442], [-119.1766899997501, 37.82891100002381], [-119.17647499966496, 37.828866999901166], [-119.17577599988113, 37.8286519996823], [-119.1753669996272, 37.82858100023809], [-119.17489700017222, 37.82844399981826], [-119.1746679998434, 37.82840500022193], [-119.17448799991833, 37.8284270000695], [-119.17405899957292, 37.82855899972688], [-119.17355999980565, 37.82860300003318], [-119.1733869995533, 37.82858600032111], [-119.17317200036643, 37.82862499982178], [-119.17293700018982, 37.828717999694014], [-119.1728259998617, 37.8287510000325], [-119.17267400042407, 37.8287069998144], [-119.1724939996007, 37.8285639998114], [-119.17238999984365, 37.82853100009878], [-119.17231399967564, 37.82853100009878], [-119.17207900039733, 37.82858100023809], [-119.17182199958106, 37.828526000012076], [-119.17167000014338, 37.82852000019134], [-119.1713239996387, 37.82862999990182], [-119.17108199978934, 37.82864599987181], [-119.17085300035879, 37.828613000195915], [-119.17064499994633, 37.82851500010384], [-119.1703539996932, 37.82834400002969], [-119.17013299976027, 37.82830000027844], [-119.1699739997516, 37.828206999879335], [-119.16981399991806, 37.8282119999877], [-119.1695720000687, 37.82814100012012], [-119.16945400006793, 37.82819000007603], [-119.16943399997643, 37.82840500022193], [-119.16932299964834, 37.82841000031688], [-119.16912900037791, 37.82837699982589], [-119.16906699955533, 37.82839400029566], [-119.16891400029279, 37.82853100009878], [-119.16873400036769, 37.82862999990182], [-119.16865099962871, 37.82872900028153], [-119.16862300003963, 37.82885500031466], [-119.16858899970443, 37.82919499966838], [-119.16852599995524, 37.82934899965315], [-119.16839500043399, 37.82948099978974], [-119.16816600010513, 37.829629000156565], [-119.16807599969343, 37.829777000226535], [-119.16800700009648, 37.82982700023102], [-119.16780600025503, 37.82981599980725], [-119.16773000008705, 37.82990400031362], [-119.16770900017065, 37.8299749999039], [-119.16766800016275, 37.83002999975938], [-119.1675150000019, 37.83016200009671], [-119.16744600040492, 37.830358999741684], [-119.16734199974954, 37.8304029996842], [-119.16723799999245, 37.830530000112816], [-119.16714099990807, 37.8305680002991], [-119.167037000151, 37.830578999901284], [-119.16678100005797, 37.83055200003635], [-119.166560000125, 37.83061200011699], [-119.16633099979617, 37.83073799977273], [-119.1661650001148, 37.830935999709325], [-119.16605399978674, 37.83099100026747], [-119.1656589997765, 37.83111200007405], [-119.16541699992719, 37.831243000197965], [-119.16534099975921, 37.83135300010607], [-119.16524399967481, 37.831566999857436], [-119.16501500024427, 37.831633000099764], [-119.1648839998247, 37.831731999997835], [-119.16485600023562, 37.831802999957596], [-119.16476599982396, 37.83190799988276], [-119.16457199965518, 37.83203400016335], [-119.16446100022542, 37.832165999753464], [-119.16432999980584, 37.83227000018869], [-119.16419099988865, 37.83228100024665], [-119.16401099996361, 37.8323199999228], [-119.16387899971913, 37.83236899994153], [-119.16374099962688, 37.83249500014429], [-119.16360900028072, 37.83257200028057], [-119.16349899977752, 37.83266500014447], [-119.16348500043215, 37.83278100024525], [-119.16345000027205, 37.83286900005326], [-119.16325600010329, 37.83299999989552], [-119.163194000179, 37.83328600016729], [-119.16311800001102, 37.83339599986748], [-119.1628130004125, 37.83361499982064], [-119.16264000016014, 37.83374700012957], [-119.16251499958834, 37.83381899994058], [-119.16237599967118, 37.83384600002892], [-119.16153899979511, 37.833753000234765], [-119.16088100001915, 37.83356599991994], [-119.16061800025342, 37.8335219997353], [-119.16053500041275, 37.83353300031603], [-119.15588700035173, 37.83588799994044], [-119.15531300024138, 37.83622299995519], [-119.15518099999689, 37.83627200021948], [-119.15509099958523, 37.83627699978131], [-119.15496599991174, 37.836243999971096], [-119.1547449999788, 37.836243999971096], [-119.1546679999859, 37.836299000119524], [-119.15465499956711, 37.83634899996091], [-119.1546679999859, 37.83660699990929], [-119.15461299973433, 37.83692000005968], [-119.15446700014444, 37.83707400023779], [-119.15391999979828, 37.837359000000355], [-119.15375400011692, 37.83755100010832], [-119.15361500019975, 37.83766700033045], [-119.1534700004348, 37.83773199976358], [-119.15336599977941, 37.837765000327046], [-119.15269399975976, 37.83787999989636], [-119.15256300023849, 37.837973999769005], [-119.15251399983472, 37.838111000229205], [-119.15235499982603, 37.8383800002579], [-119.1521680002283, 37.83855599989087], [-119.15146799972125, 37.83946700019074], [-119.1512190001992, 37.839598999960515], [-119.15107299971103, 37.83974699989445], [-119.15086500019689, 37.839966999726755], [-119.15081699961799, 37.83999399969322], [-119.15064400026395, 37.83998899967388], [-119.15050500034675, 37.840011000323884], [-119.15040099969139, 37.84004899988331], [-119.15033899976711, 37.84011000032998], [-119.15034600033812, 37.84030699966022], [-119.1502969999343, 37.84039499971318], [-119.15005500008499, 37.84055399971192], [-119.14970799975536, 37.840734999802], [-119.14950100006611, 37.8408009996459], [-119.14924400014817, 37.84090600024332], [-119.14895299989502, 37.84098800006538], [-119.14858600037222, 37.841032000053424], [-119.14848199971682, 37.84106499984992], [-119.14797000042907, 37.841301000070715], [-119.1477269998565, 37.841449000136556], [-119.14734600009, 37.84183299984271], [-119.14718000040865, 37.842112999786885], [-119.14705499983688, 37.84241500001981], [-119.14704800016416, 37.842651000177284], [-119.14709699966967, 37.84279999991181], [-119.14725599967831, 37.84307399967589], [-119.14738700009788, 37.84320100028274], [-119.14739399977059, 37.843282999681385], [-119.14732500017361, 37.84373299982795], [-119.14737299985418, 37.84382700004471], [-119.14757399969562, 37.84407900011018], [-119.1477119997879, 37.84436000026832], [-119.14771900035892, 37.84445799988487], [-119.14768400019882, 37.844601000293274], [-119.14762200027455, 37.844721999767444], [-119.14757399969562, 37.84477699997874], [-119.1473660001815, 37.844891999965455], [-119.14727599976979, 37.8449849999038], [-119.14710900026354, 37.84509499989302], [-119.14680499959162, 37.84513399988851], [-119.14652799958218, 37.84511200005734], [-119.14570999997267, 37.84522700023104], [-119.14545399987962, 37.84522700023104], [-119.14506600044044, 37.845194000168675], [-119.14479600010368, 37.845192999951635], [-119.14458799969123, 37.84522600001439], [-119.14433199959821, 37.84530300033994], [-119.14413800032774, 37.84538500023894], [-119.14371499983011, 37.84583599982704], [-119.14351399998867, 37.845984000014084], [-119.14293200038071, 37.84636800022619], [-119.14287700012912, 37.846456000140904], [-119.14289100037284, 37.84696100007981], [-119.14284199996904, 37.84701600003989], [-119.14272399996824, 37.847010999787294], [-119.14236400011814, 37.84701600003989], [-119.14221199978218, 37.847043000263284], [-119.14201099994072, 37.847120000110266], [-119.14188600026726, 37.847203000306735], [-119.14166399961111, 37.84741099977332], [-119.14156800024992, 37.8474879999454], [-119.14150499960242, 37.84748299972475], [-119.14131100033198, 37.84744400026226], [-119.14121400024761, 37.84744400026226], [-119.14104799966793, 37.847493000165656], [-119.14084000015379, 37.847509999777145], [-119.14060499997714, 37.847477000027055], [-119.14052200013649, 37.8474989998621], [-119.14043199972478, 37.847543000221776], [-119.14035499973188, 37.84810799984724], [-119.1403339998155, 37.848833000162266], [-119.1402919999827, 37.84898700029359], [-119.14020199957103, 37.84913499983109], [-119.13981400013182, 37.849579999656285], [-119.1390380003551, 37.85029900021635], [-119.13896200018712, 37.85038699969577], [-119.13889900043795, 37.85052399979671], [-119.13889900043795, 37.850634000035214], [-119.13894700011849, 37.850826000342046], [-119.13894700011849, 37.85099099996247], [-119.13873899970604, 37.85159000030428], [-119.13875299994974, 37.85166100030165], [-119.13882900011775, 37.85179800016325], [-119.13907199979198, 37.8520240002588], [-119.13918200029516, 37.852155000128825], [-119.13923099980065, 37.85227100007934], [-119.13919599964052, 37.85274299968332], [-119.13923699964842, 37.852945999985806], [-119.13940300022809, 37.85323700006293], [-119.13960400006954, 37.853534000324615], [-119.13963099983373, 37.85376499985861], [-119.13955499966572, 37.85397899984339], [-119.13920200038665, 37.854466999904815], [-119.1384049997952, 37.85523600013287], [-119.13809299962567, 37.85547199968713], [-119.13790600002793, 37.85566400016166], [-119.13771900043017, 37.85591099984453], [-119.1374549999412, 37.85635599990962], [-119.13731600002403, 37.8564769999537], [-119.13719899984815, 37.85662500005998], [-119.1370320003419, 37.856944000002144], [-119.13692799968653, 37.857009000176845], [-119.13665099967706, 37.85711899995994], [-119.13644300016294, 37.85723399984785], [-119.13618000039722, 37.857447999692035], [-119.13602700023634, 37.857690000252106], [-119.13600600031994, 37.85792100023902], [-119.13582600039487, 37.85848599977228], [-119.13588099974817, 37.858798999976855], [-119.13592900032704, 37.859776999760065], [-119.13585999983174, 37.859953000101136], [-119.13576899959516, 37.86007299989932], [-119.13566599966299, 37.860171999922585], [-119.13534699982075, 37.860396999867845], [-119.13502100030584, 37.86056700009595], [-119.13479899964966, 37.86074299996901], [-119.13475099996911, 37.86083599977256], [-119.1347779997333, 37.86122599993561], [-119.134715999809, 37.86151699995136], [-119.13461899972462, 37.86162200012827], [-119.13451499996754, 37.861709000283085], [-119.13423700013321, 37.861825000093376], [-119.133842000123, 37.86204400002617], [-119.13370400003072, 37.86207700034823], [-119.13345499961038, 37.86210400002051], [-119.13325399976893, 37.862159000031475], [-119.13290700033761, 37.862285999680815], [-119.13275500000165, 37.8624229996547], [-119.13263700000088, 37.862543999668326], [-119.13234599974773, 37.86297199981623], [-119.13125000030388, 37.8640589996456], [-119.13082699980627, 37.864826999849264], [-119.13075099963827, 37.86487099979583], [-119.13048100019988, 37.865051999767076], [-119.13033499971168, 37.8652170001685], [-119.13008600018964, 37.86533200018685], [-119.12987100010449, 37.86557399968235], [-119.1298080003553, 37.86571700026789], [-119.12967000026303, 37.86590900029531], [-119.12937200033721, 37.86610099982242], [-119.12929500034431, 37.866182999992546], [-119.12903199968027, 37.866616999840254], [-119.12865699976153, 37.86705099996856], [-119.1283660004067, 37.86730900029416], [-119.12819999982705, 37.867528000241045], [-119.12818599958334, 37.867791999778085], [-119.12810199991776, 37.86799499976729], [-119.1274990003934, 37.868830000262435], [-119.12697200013872, 37.86948299993053], [-119.12653500029569, 37.87017499970688], [-119.1265140003793, 37.870432999731], [-119.12650000013561, 37.870565000086614], [-119.12623700036988, 37.87083900019878], [-119.12618799996609, 37.870975999872805], [-119.126084000209, 37.87118000017301], [-119.12598200010176, 37.871307999739265], [-119.12578799993298, 37.871489000208996], [-119.12553900041097, 37.87165399966986], [-119.12506900005769, 37.87211000020343], [-119.12457000029039, 37.87245699976036], [-119.12447300020602, 37.87250600005653], [-119.12398799978412, 37.872589000035276], [-119.12372500001838, 37.872743000175284], [-119.12349599968955, 37.87283599972631], [-119.12324700016751, 37.87295699966039], [-119.12290099966278, 37.87319900035046], [-119.1224789998884, 37.87351800017445], [-119.12233999997123, 37.87370999972937], [-119.12223000036636, 37.873902000202065], [-119.12210499979456, 37.874243000181096], [-119.12197400027334, 37.87436399993151], [-119.12179400034827, 37.87446299990174], [-119.12148200017874, 37.87458899980043], [-119.1211700000092, 37.87468299967448], [-119.12111499975762, 37.87469900028989], [-119.12084000029631, 37.87492900033122], [-119.12082600005262, 37.87495099977343], [-119.12052099955575, 37.87520299981313], [-119.1200920001087, 37.87553300016544], [-119.12001599994069, 37.87554999969231], [-119.11993999977274, 37.875616000279194], [-119.11953800008982, 37.87587900010752], [-119.11950700012768, 37.87590599968625], [-119.1194309999597, 37.87597100015471], [-119.11902599990376, 37.876318999756315], [-119.11883199973501, 37.876434000174], [-119.1187139997342, 37.876472999898795], [-119.11856899996924, 37.87656599970461], [-119.1183820003715, 37.876720000039846], [-119.11820800029422, 37.87676399997515], [-119.11804900028558, 37.87675900032224], [-119.11786900036051, 37.87673099984885], [-119.11742499994651, 37.87672099982913], [-119.11703099976121, 37.87678099992702], [-119.11675999959957, 37.87683600032835], [-119.1165799996745, 37.8769079999021], [-119.11635899974156, 37.87705600010481], [-119.11608199973212, 37.877269999824215], [-119.11588799956337, 37.87736900014343], [-119.11544400004765, 37.877495999813796], [-119.11475899960924, 37.877721000043294], [-119.11314500013151, 37.87858399999219], [-119.11295099996276, 37.878638999756305], [-119.11258400043994, 37.878700000181446], [-119.11217500018601, 37.87881499971811], [-119.11187700026021, 37.87887000001881], [-119.11168300009146, 37.87886499979978], [-119.11139199983833, 37.8788100002044], [-119.11114900016408, 37.87879399977295], [-119.11029700021938, 37.87888799995356], [-119.10992999979825, 37.87898100025556], [-119.10930700018238, 37.879310999990714], [-119.10887700001209, 37.87971200029387], [-119.10872499967613, 37.879876999772264], [-119.10862799959176, 37.87995900020918], [-119.10861400024636, 37.880031000275466], [-119.10855200032206, 37.880211999875115], [-119.1084550002377, 37.880421000238414], [-119.10818499990096, 37.88077799982313], [-119.10777599964703, 37.88120599970165], [-119.10748600011712, 37.88175000027793], [-119.10731299986477, 37.88194800008463], [-119.10716700027491, 37.88203600006416], [-119.10699400002254, 37.88212399993856], [-119.10682800034118, 37.882250000204095], [-119.10691100018187, 37.88235400019337], [-119.10691100018187, 37.88241999964679], [-119.10682800034118, 37.88250299979933], [-119.10673799992952, 37.88253600017568], [-119.10663400017243, 37.8825959997908], [-119.10648900040746, 37.88273300028851], [-119.10628799966771, 37.883151000294255], [-119.10612199998634, 37.88332099978414], [-119.10591399957387, 37.8834639999562], [-119.10569900038705, 37.88366700001108], [-119.10562999989178, 37.8837610003534], [-119.1055820002112, 37.883985999878405], [-119.10548099992884, 37.883960000116495], [-119.10536200010316, 37.88389100013133], [-119.1052370004297, 37.883736000206184], [-119.10511199985793, 37.883879000281404], [-119.1049439996284, 37.88404999990761], [-119.10459200017422, 37.88439800033368], [-119.10421300005754, 37.884743999754505], [-119.10385900005522, 37.88503400009044], [-119.10345099962622, 37.88533200020914], [-119.10254799962789, 37.885937000188015], [-119.10206399992923, 37.88625000006125], [-119.1005509998355, 37.88728100030542], [-119.09945000036878, 37.88800600025737], [-119.09888899977892, 37.8883950001854], [-119.09769500042577, 37.88919400007813], [-119.09584699969801, 37.890429999983596], [-119.09465900019264, 37.89121799999919], [-119.09467500008616, 37.891386000117336], [-119.09485099981326, 37.89168799981302], [-119.09489099999622, 37.89184100013679], [-119.09490100004197, 37.891977999739865], [-119.09494899972255, 37.892094999680275], [-119.09515999960975, 37.892422000054545], [-119.09567900036684, 37.89306100009927], [-119.09600700042989, 37.89353600013086], [-119.09634899983834, 37.893993000150296], [-119.0965360003344, 37.894221999935404], [-119.09667500025157, 37.89436099987851], [-119.09712200014032, 37.894728999893786], [-119.09734899992104, 37.8950159998521], [-119.09738699955588, 37.89507899996985], [-119.11592600009651, 37.89506900031484], [-119.12045600015675, 37.89506500002711], [-119.12203700002253, 37.89506500002711], [-119.12291900010446, 37.89506300023762], [-119.12293499999797, 37.89520999986195], [-119.12293499999797, 37.895483999742986], [-119.1228730000737, 37.895736999946074], [-119.12268599957763, 37.89609399971173], [-119.12238299962893, 37.89653500003409], [-119.12233900014631, 37.89654099999134], [-119.12230599963604, 37.89654699994808], [-119.12204799989318, 37.89659400006491], [-119.1215089999429, 37.896686999981426], [-119.12115499994057, 37.89673400000886], [-119.1197559996497, 37.89697700006424], [-119.11953100041711, 37.897029999823886], [-119.11912399981306, 37.89715000019531], [-119.1189170001238, 37.897191000023355], [-119.11877999985644, 37.89723799972898], [-119.11871499955913, 37.89728200016526], [-119.11864599996214, 37.89736700030526], [-119.11861400017511, 37.89746400011153], [-119.11861699964983, 37.89756499994211], [-119.11865400035806, 37.89770399995255], [-119.11874100039671, 37.897897999966865], [-119.11879999994795, 37.89800599995785], [-119.11889700003229, 37.89813799981048], [-119.11900400016243, 37.89825799979324], [-119.11927199995104, 37.898528000279676], [-119.11992499970411, 37.89913900002628], [-119.11998099978061, 37.89917799977757], [-119.11987299982557, 37.89936500024274], [-119.11864000011435, 37.90179499975562], [-119.11618800003734, 37.90621999972147], [-119.11625199961145, 37.90622799979292], [-119.11631299971079, 37.90624800032222], [-119.11636499958935, 37.90627799968842], [-119.11645800037407, 37.90635999978366], [-119.11665900021553, 37.9066479998436], [-119.1168330002928, 37.90684900029546], [-119.11693200002699, 37.906937999660734], [-119.11703300030935, 37.90700499984457], [-119.11733799990786, 37.90713599977387], [-119.11740599967993, 37.90717699970921], [-119.11778800016967, 37.907471999970824], [-119.11789399957657, 37.90753899966842], [-119.1180090001026, 37.907597000013254], [-119.1181299995781, 37.90764600031784], [-119.1182569997997, 37.907683999736], [-119.11868699997004, 37.90776699975851], [-119.11934999976886, 37.90794200019084], [-119.1195439999376, 37.90797499979638], [-119.1197830003122, 37.90798800004502], [-119.12027100020885, 37.907985999897875], [-119.12046000035473, 37.9079959999243], [-119.12073099961806, 37.90804800018145], [-119.12109499966614, 37.90810500005307], [-119.12155599979857, 37.908196000166924], [-119.12182399958716, 37.90822199987506], [-119.12205499956586, 37.908212999949875], [-119.12245799997197, 37.90821899966387], [-119.12297099998298, 37.908306000068684], [-119.12311200044829, 37.90832000032787], [-119.1232329999238, 37.90831900025884], [-119.12347300012331, 37.908289999667936], [-119.12401200007356, 37.90819199988394], [-119.12424999972495, 37.90818299995508], [-119.12505099961601, 37.908238000290595], [-119.12523200026429, 37.9082299997289], [-119.12534299969406, 37.90821400002035], [-119.12562100042673, 37.908145000085845], [-119.12610000010251, 37.907985999897875], [-119.12624099966952, 37.90795399966251], [-119.12666400016715, 37.90789500023307], [-119.12689099994785, 37.90783600004754], [-119.12703700043605, 37.90777400029411], [-119.12740999980663, 37.90765899991583], [-119.12767299957235, 37.90759200032751], [-119.12786799956604, 37.907576999850626], [-119.12801499987911, 37.90754500014616], [-119.12816999968982, 37.90748799984067], [-119.12828799969061, 37.907431000199864], [-119.12842800033098, 37.90737599996986], [-119.12856800007307, 37.9073329999805], [-119.12883300038695, 37.907229999920276], [-119.12893299994606, 37.907200000233466], [-119.12903599987823, 37.907152999801724], [-119.1291830001913, 37.90713300022719], [-119.12939900010137, 37.90711999982748], [-119.12946500022362, 37.90709499981569], [-119.12966000021729, 37.90697000033798], [-119.12985900040894, 37.906878000036755], [-119.13002900028825, 37.90683399966716], [-119.13062500013991, 37.906639999817756], [-119.13122199981649, 37.906403999727964], [-119.13191999977538, 37.90619500011263], [-119.13228499964835, 37.906117000229585], [-119.1327509998037, 37.905994000000625], [-119.13302000031554, 37.90593699991129], [-119.13321000028631, 37.90587199966841], [-119.13335400022638, 37.90584499973605], [-119.13346800002917, 37.90584300023944], [-119.13360000027366, 37.90586799996782], [-119.13418899955431, 37.90593699991129], [-119.13437799970022, 37.90593900011409], [-119.13481100024356, 37.90594500001351], [-119.13571099986883, 37.90600599979001], [-119.13578799986173, 37.90600499968948], [-119.1359760001827, 37.90600400029778], [-119.13622700025284, 37.906016000085486], [-119.13646699955407, 37.906037000063726], [-119.13659200012584, 37.90603100017181], [-119.13677100022602, 37.905998999794996], [-119.13723900003116, 37.90588899998829], [-119.13734000031349, 37.90588400018644], [-119.13744099969752, 37.90588799988617], [-119.13763900006421, 37.9059200003113], [-119.13773299977557, 37.90594899970992], [-119.13785199960122, 37.90599799969437], [-119.1383770002061, 37.90617099988485], [-119.1385169999482, 37.90618800013561], [-119.13866400026129, 37.90617500027772], [-119.13875200012482, 37.906185999939524], [-119.13883199959245, 37.906217000137396], [-119.13889500023997, 37.90626700004037], [-119.13903499998206, 37.90649200024637], [-119.13907099996706, 37.906510999901506], [-119.13917999974701, 37.90652000003487], [-119.13924599986926, 37.9065339999251], [-119.1395179998558, 37.90670299990899], [-119.13957700030535, 37.90676800012653], [-119.13962599981086, 37.90684999967573], [-119.13966699981873, 37.90687499977077], [-119.13991000039128, 37.90697399997867], [-119.14067699994717, 37.907606000013786], [-119.14088299981148, 37.90775999993102], [-119.14095499978151, 37.907873000001224], [-119.14101099985801, 37.907922000122], [-119.14107399960723, 37.9079389999682], [-119.14112700020897, 37.90798299967707], [-119.14113600042981, 37.90801599997304], [-119.14112600038408, 37.90804800018145], [-119.14110499956936, 37.90807700015897], [-119.14107000030756, 37.90810099976507], [-119.14089799988014, 37.90818400002596], [-119.14078800027526, 37.9082180003022], [-119.14071100028237, 37.9082180003022], [-119.14047000025792, 37.908175000096136], [-119.14020900014204, 37.908164000022886], [-119.13991500041418, 37.908169999740885], [-119.1393830001366, 37.908208000306], [-119.13929000025018, 37.908231999869365], [-119.13916899987635, 37.908295000015016], [-119.13907699981488, 37.90838599989394], [-119.13902599976122, 37.90849400008702], [-119.13899300014926, 37.90888999991133], [-119.13902400011139, 37.909296000289075], [-119.13902099973835, 37.90956399986597], [-119.13899300014926, 37.90973400002777], [-119.13900700039298, 37.91004900016489], [-119.13903300033223, 37.910167999818455], [-119.13920400003646, 37.91062600008393], [-119.13929500027305, 37.9107529998012], [-119.1393759995656, 37.91093799984534], [-119.13946299960422, 37.911204999789916], [-119.13957800013027, 37.911499000176725], [-119.13958999982583, 37.911590000345214], [-119.13957899995518, 37.91168099969245], [-119.13954399979507, 37.9117690002781], [-119.13935299999936, 37.91202599985569], [-119.13932299986216, 37.912101999818034], [-119.13933399973281, 37.91218199976814], [-119.13938499978642, 37.91225100016904], [-119.13958900000094, 37.91236799977654], [-119.13971799987236, 37.9124649996553], [-119.1398269996523, 37.91256600016036], [-119.1398419997209, 37.912605999894], [-119.13984799956869, 37.91269100005308], [-119.13982099980453, 37.912773000088485], [-119.13977200029903, 37.91283599988933], [-119.13972899974303, 37.91294099991009], [-119.13971799987236, 37.91304399977129], [-119.1397849998195, 37.91337299991709], [-119.13983400022332, 37.913465999891876], [-119.1399110002162, 37.913583999690694], [-119.13997999981318, 37.913720999928344], [-119.14000499992753, 37.91383400005655], [-119.13999400005686, 37.91392500017158], [-119.13993700015548, 37.91403600000369], [-119.13993299995751, 37.91407599964677], [-119.1398419997209, 37.91441799995923], [-119.13979700041337, 37.91454200026417], [-119.13976899992598, 37.91471900013726], [-119.13969500030613, 37.914929000323156], [-119.13968000023752, 37.91500500012117], [-119.13968100006244, 37.915159000142594], [-119.1397150003976, 37.915289999727555], [-119.1399039996452, 37.915696000221494], [-119.13991799988891, 37.915791000029245], [-119.13988100007896, 37.91609600011209], [-119.13990600019333, 37.91621499990601], [-119.13997599961523, 37.91632299994538], [-119.14008500029347, 37.91640800006167], [-119.14047399955759, 37.916561999980566], [-119.14056200031943, 37.91661399985274], [-119.14067500029736, 37.91672999965325], [-119.14083699978076, 37.916860000030844], [-119.14089500040538, 37.916895999745925], [-119.14096900002522, 37.91696000021953], [-119.14104400036831, 37.917076000183016], [-119.14106799975944, 37.917161000137845], [-119.14106399956147, 37.91727599983707], [-119.1410810001782, 37.91750700005758], [-119.14107199995739, 37.91775499996541], [-119.14107500033045, 37.91804000025561], [-119.14103900034542, 37.918387000224676], [-119.14096700037541, 37.91861699986155], [-119.14089799988014, 37.91877699967777], [-119.14081099984148, 37.91888600013275], [-119.14076800018375, 37.919009999992326], [-119.14060800035023, 37.91923099981243], [-119.14040999998349, 37.91943099998466], [-119.14034999970904, 37.91952100034534], [-119.14033499964042, 37.919584000036245], [-119.14035700028005, 37.9196680000126], [-119.14037599964828, 37.919797000245076], [-119.14035100043226, 37.920197999709586], [-119.14039900011284, 37.920308999996784], [-119.1404400001207, 37.92034699996079], [-119.14064099996217, 37.920480000034686], [-119.1408259999101, 37.920581000164596], [-119.14106199991166, 37.92068100025477], [-119.1412920000654, 37.920759000287376], [-119.1414820000362, 37.920848999731625], [-119.14189700013792, 37.92101700024203], [-119.14260500014258, 37.921320000129036], [-119.14275099973243, 37.92137200018059], [-119.14309700023716, 37.92147700006363], [-119.14350800014088, 37.92169200023371], [-119.14361799974576, 37.92176700024405], [-119.14379199982304, 37.92190900025251], [-119.14392300024257, 37.9219979998236], [-119.14408800009903, 37.922096000349434], [-119.14424499955955, 37.92221999975737], [-119.1443030001842, 37.922298000283654], [-119.14401600012903, 37.92217500017927], [-119.14388800008251, 37.92209100023177], [-119.1436289996164, 37.9220070001883], [-119.1433540001551, 37.92194700009851], [-119.14282900044854, 37.92187099967829], [-119.14251200025615, 37.92185500010192], [-119.14232300011027, 37.921862999890514], [-119.14137599973098, 37.92181399984305], [-119.14120500002676, 37.921835000272345], [-119.14107199995739, 37.921868000023686], [-119.14090200007806, 37.92195499987709], [-119.14075899996294, 37.92200999983718], [-119.14066299970347, 37.922032000093125], [-119.14056300014435, 37.922038000097416], [-119.14021699963963, 37.921996000057355], [-119.14013399979895, 37.92199699994051], [-119.14005099995829, 37.9220250002057], [-119.1399959997067, 37.92205299975153], [-119.13995300004899, 37.922102000348445], [-119.1399039996452, 37.92213800033234], [-119.13981599978163, 37.922183999813676], [-119.1397499996594, 37.9222019997877], [-119.13968400043547, 37.922199000146655], [-119.1395320000995, 37.92214000009472], [-119.1394309998172, 37.92212899998366], [-119.13927600000646, 37.92212700022104], [-119.13915899983061, 37.92213800033234], [-119.13905400024863, 37.92217099994777], [-119.13871000029204, 37.922380000238924], [-119.13853899968949, 37.92250399987669], [-119.1382369995657, 37.9226550001647], [-119.13776000043804, 37.92286200004634], [-119.13738799999406, 37.923067000316756], [-119.13691599999098, 37.92327799991883], [-119.13680100036323, 37.92334599996722], [-119.13674699993655, 37.9233949997026], [-119.13666999994365, 37.92344499997733], [-119.13639100028439, 37.92359599975042], [-119.1363200001393, 37.92361900010164], [-119.13597899965744, 37.92365400019092], [-119.13565099959439, 37.92366900022411], [-119.13540200007235, 37.92369500013259], [-119.13514599997933, 37.923686999834715], [-119.13468300019706, 37.92365099990048], [-119.13440000033982, 37.92366000006282], [-119.13429300020971, 37.9237000001412], [-119.13335099985329, 37.9241969997257], [-119.13245000040313, 37.92464499991579], [-119.13235900016652, 37.9247130001173], [-119.13223299976984, 37.924829999743686], [-119.13211999979193, 37.92489399969073], [-119.13193599966891, 37.924982000058414], [-119.13182799971388, 37.92508099999181], [-119.13178500005618, 37.92516999997568], [-119.13177599983534, 37.92527000020324], [-119.13180599997258, 37.92539099970862], [-119.13184199995759, 37.92546700003402], [-119.13186500042211, 37.925543000280875], [-119.1318710002699, 37.925654000295104], [-119.13184600015556, 37.92571000015574], [-119.13180199977461, 37.925741999753264], [-119.13161600000177, 37.925812000020066], [-119.13152700031333, 37.925825999781985], [-119.13103100002076, 37.92595599967093], [-119.13052399985756, 37.9262129999907], [-119.13023599997747, 37.9263730002875], [-119.1293799998348, 37.92694899989048], [-119.12915200022917, 37.92707199980412], [-119.1287510003712, 37.92726099985808], [-119.12859400001234, 37.92735199965831], [-119.1274270004234, 37.92810300004007], [-119.12714399966785, 37.9283009998725], [-119.12700499975068, 37.92841999975857], [-119.12592400037542, 37.929238000342785], [-119.12554799973348, 37.92955299985837], [-119.12530599988416, 37.9297310002295], [-119.12510599986759, 37.92993299973857], [-119.12498799986685, 37.93003999969912], [-119.12457500031329, 37.93028499983682], [-119.12391699963901, 37.93073700025328], [-119.12367499978967, 37.930950000042664], [-119.1234789999711, 37.93118800025826], [-119.12306200021958, 37.93159799985871], [-119.1227059996691, 37.93189699966534], [-119.12256699975194, 37.932069999881996], [-119.12250900002562, 37.93210200025426], [-119.12230300016128, 37.93216300030528], [-119.1219230002197, 37.93225800009817], [-119.12104500033574, 37.93250399966994], [-119.12050700021038, 37.932665999923394], [-119.12044600011104, 37.932690999747045], [-119.12035200039969, 37.93275400020014], [-119.12026899966071, 37.932826000348186], [-119.12018699964491, 37.932872999963955], [-119.11978900016, 37.933019999864705], [-119.11904699982014, 37.93336999989609], [-119.11894499971288, 37.9334799997035], [-119.1185510004259, 37.934115000011595], [-119.11851399971766, 37.934205000113565], [-119.11835800008207, 37.93447800031551], [-119.11830700002844, 37.93461900015516], [-119.1182550001499, 37.934675000272684], [-119.11818999985256, 37.934714000316696], [-119.11788299970591, 37.934858999953654], [-119.11765599992518, 37.934975000024046], [-119.11736800004508, 37.9350660001955], [-119.11710000025649, 37.93512299967715], [-119.11682700044501, 37.935158999662605], [-119.1165500004356, 37.93517200006631], [-119.11628400029679, 37.93516200019193], [-119.11563400001847, 37.93509200032503], [-119.11526300029769, 37.935013000202794], [-119.11446400005644, 37.93481700015176], [-119.11437100017004, 37.93480599981166], [-119.11418399967398, 37.93480799993804], [-119.1137779997931, 37.934853999995354], [-119.11322200012441, 37.934871999701905], [-119.11143799986904, 37.934883000032066], [-119.11027399975482, 37.9348820003242], [-119.10994499986685, 37.934890999820325], [-119.10981199979744, 37.9348689998692], [-119.10944899957431, 37.9347599997243], [-119.10914800017375, 37.93470299996118], [-119.10886600014143, 37.93466500033075], [-119.10864400038358, 37.93460999991719], [-119.10852899985754, 37.93459599970229], [-119.1082939996809, 37.93459299985832], [-119.1081229999767, 37.934605999653655], [-119.10784400031744, 37.93464999970675], [-119.10751299988134, 37.93474699995626], [-119.10729100012345, 37.93478800008896], [-119.10708000023628, 37.93480399968527], [-119.10588500015987, 37.93482400023848], [-119.10549699982239, 37.934778000162396], [-119.10534200001167, 37.934695000152516], [-119.10515600023885, 37.93462999981472], [-119.10495799987213, 37.93459799983438], [-119.10475500038085, 37.93459799983438], [-119.10465499992341, 37.934611000337306], [-119.10444800023419, 37.934666999752444], [-119.10375899959777, 37.934958999756475], [-119.10311500006554, 37.93527299985445], [-119.10248800025172, 37.93565299992555], [-119.10228499986214, 37.93580299972984], [-119.1021409999221, 37.93592299991961], [-119.1020849998456, 37.93595999991501], [-119.10196400037009, 37.935996999891785], [-119.10190599974548, 37.93600699965251], [-119.10183799997343, 37.936008000053654], [-119.10157500020766, 37.93597100008241], [-119.1013790003891, 37.93595999991501], [-119.10123999957361, 37.93598200024812], [-119.10082299982209, 37.936111000201], [-119.1013109997187, 37.93867000002516], [-119.1014999998646, 37.93960599975831], [-119.10173099984328, 37.94048700005661], [-119.10188200035435, 37.940935999793524], [-119.10217899955694, 37.9416500003162], [-119.10248300022886, 37.94223100011623], [-119.10284499972882, 37.942842000320645], [-119.10296000025484, 37.94300899986354], [-119.10295199985894, 37.943082999785645], [-119.1029209998968, 37.943150999935625], [-119.10285499977455, 37.9432019998297], [-119.10281299994176, 37.943213999924616], [-119.102590000359, 37.94320399972755], [-119.10234799961135, 37.94319200033944], [-119.10195299960114, 37.94319600013569], [-119.10100299974715, 37.94325200009428], [-119.1006060000871, 37.94329099983788], [-119.10017500009188, 37.94334900032643], [-119.10012900006114, 37.943355000007934], [-119.09917199963613, 37.94351699972446], [-119.09848799992092, 37.943618999677625], [-119.09637800015065, 37.943976999753936], [-119.0959370001097, 37.94406300007447], [-119.0950299999134, 37.944217999747174], [-119.09429299959645, 37.94437299980136], [-119.09260200012582, 37.94471500018582], [-119.09220499956749, 37.94477800025082], [-119.0919469998246, 37.944785999670465], [-119.0918330000218, 37.944775000114], [-119.09168900008176, 37.94474300030009], [-119.09157899957859, 37.94469700005614], [-119.08989300013084, 37.94379899987465], [-119.08975400021367, 37.943764000166006], [-119.08960799972547, 37.9437520001609], [-119.08946299996052, 37.943764999753135], [-119.08932499986827, 37.943800999756256], [-119.08919900036989, 37.94385899984233], [-119.08885899971295, 37.94404100003497], [-119.0886860003589, 37.944144000259584], [-119.08861000019093, 37.94420599981621], [-119.08848299996929, 37.944345000254536], [-119.08843399956552, 37.944421999691066], [-119.08838699970985, 37.94452800023708], [-119.08828200012785, 37.9449490000537], [-119.08814900005848, 37.94568800020209], [-119.08812099957105, 37.946087000321384], [-119.08807999956318, 37.94718399968694], [-119.08808899978402, 37.94766800029125], [-119.08808200011131, 37.94805800027634], [-119.08798300037712, 37.948069000049784], [-119.08785500033059, 37.94805800027634], [-119.08778500001043, 37.948037999782564], [-119.08771399986529, 37.947999999962796], [-119.08758300034401, 37.94785900029198], [-119.08736599971074, 37.947490999680426], [-119.08726000030383, 37.94728300018263], [-119.08692399984486, 37.946554999782734], [-119.0867580001635, 37.94617200003485], [-119.08668199999552, 37.94604999975693], [-119.08661400022346, 37.945966999725], [-119.08653499968244, 37.94588999978226], [-119.08644599999398, 37.94582099977421], [-119.08634800008471, 37.945759000163406], [-119.0862429996044, 37.94570499981993], [-119.08613200017462, 37.94566100000925], [-119.08601499999877, 37.9456259997707], [-119.08588699995224, 37.94560900013458], [-119.08549199994202, 37.94559100022389], [-119.08467599998232, 37.9455810003503], [-119.0837520000676, 37.945552999846996], [-119.08347599988308, 37.94555100001302], [-119.08027999981637, 37.94548600006665], [-119.07956799961377, 37.94547900028698], [-119.07880699990567, 37.945456999963056], [-119.07802899958082, 37.945424999737725], [-119.0756279995574, 37.94537000029194], [-119.07480499992504, 37.945360999953685], [-119.07463099984776, 37.945372000130845], [-119.07434600034071, 37.945409000328226], [-119.07406699978316, 37.94546899968972], [-119.07336200015153, 37.94565100014519], [-119.07086200039393, 37.94611499991279], [-119.07074600004297, 37.94612700024048], [-119.07053500015577, 37.946180000011196], [-119.07024599955245, 37.9463020000732], [-119.06989200044846, 37.9464239999327], [-119.06912400016935, 37.94663999966327], [-119.06594999984397, 37.94746799971384], [-119.06555999985662, 37.94752299971439], [-119.06409600016673, 37.94767400032851], [-119.06335899984974, 37.94773800022305], [-119.06259200029388, 37.94777699971087], [-119.06180499974819, 37.94780600031556], [-119.0610599999336, 37.94778699999393], [-119.06034000023337, 37.94772799993326], [-119.05806800008139, 37.947442999957566], [-119.05763899973601, 37.947396999987106], [-119.05673200043803, 37.94734499992425], [-119.05590999973225, 37.94726999979602], [-119.0545749999138, 37.947087999808765], [-119.05387699995487, 37.9470179999661], [-119.05371200009844, 37.94699199980516], [-119.05336800014183, 37.94691299972284], [-119.05314399983584, 37.94684700001938], [-119.05283900023733, 37.94679700007575], [-119.05253799993845, 37.946783000057096], [-119.0522459998604, 37.946790999966865], [-119.05194499956151, 37.946780000002136], [-119.05164699963568, 37.946742999786714], [-119.05134000038734, 37.94667899973389], [-119.0508659998361, 37.94654600029804], [-119.0505360001232, 37.94638400017529], [-119.05027099980934, 37.94622400021951], [-119.04975799979836, 37.945839000336925], [-119.04904399994591, 37.94525199978361], [-119.04849800032295, 37.94468200006273], [-119.04809599974173, 37.944315000121044], [-119.04790300029623, 37.944192000012315], [-119.04764499965505, 37.944061999782974], [-119.0472549996677, 37.94389799997215], [-119.04463899955914, 37.94268100013479], [-119.04292700017216, 37.94192699965252], [-119.04220300027397, 37.941634000084775], [-119.04152899970619, 37.94143999992411], [-119.04129799972748, 37.94138200005411], [-119.04104300035767, 37.94133399988284], [-119.04014899968188, 37.94120899979149], [-119.03945999994379, 37.941076999996945], [-119.03927199962281, 37.94102000017339], [-119.03800200010168, 37.94057300021071], [-119.03743700021217, 37.94038600034848], [-119.03689900008682, 37.94022299976221], [-119.03608499977695, 37.939952000338685], [-119.03580100009482, 37.939878999737545], [-119.03526499961927, 37.93972699975746], [-119.03490800014222, 37.93961500009295], [-119.03433599968172, 37.93938500024688], [-119.03339000002566, 37.93903600016835], [-119.03295099963452, 37.9388950003], [-119.03207399957546, 37.93866599998257], [-119.03117899997306, 37.9384069999486], [-119.0307300004345, 37.93828999996501], [-119.03056499967975, 37.93823599980073], [-119.03034000044715, 37.93814500001143], [-119.03014200008046, 37.93805499977424], [-119.02991500029971, 37.93793700027241], [-119.02935600025798, 37.93761700006947], [-119.02910900038577, 37.93750900012935], [-119.02838999961214, 37.93725799979983], [-119.0277329996611, 37.937053000128294], [-119.02703200022746, 37.93686599981177], [-119.02681499959417, 37.93680099997676], [-119.02582799993024, 37.936552999827555], [-119.02541799985143, 37.936439000203855], [-119.02515900028365, 37.936346000230735], [-119.0248599996346, 37.93621099971758], [-119.02476900029633, 37.93614699970252], [-119.02469599960308, 37.93606899969744], [-119.0246420000747, 37.93597100008241], [-119.02442899963938, 37.93540500015399], [-119.02431200036182, 37.93514399984793], [-119.02419099998802, 37.93492999974974], [-119.02400600004009, 37.93461600031213], [-119.02396800040525, 37.93451699975551], [-119.02394900013866, 37.93442799974966], [-119.0238810003666, 37.93369300004781], [-119.023858999727, 37.933587000169844], [-119.02382100009216, 37.93347699981401], [-119.02376900021362, 37.93336999989609], [-119.02370300009139, 37.93326900032737], [-119.02355099975543, 37.933101000176045], [-119.02302600004886, 37.932638000167536], [-119.02264600010726, 37.93228699974199], [-119.02191800001113, 37.93175600027299], [-119.02088500031644, 37.93097099998847], [-119.02063199969815, 37.93079599978435], [-119.02054499965952, 37.93070599976009], [-119.02028000024397, 37.93032700010238], [-119.02019200038042, 37.93022999968899], [-119.01986599996718, 37.93002099974396], [-119.01972899969982, 37.9298930002166], [-119.01948900039862, 37.92971900005881], [-119.01939499978899, 37.929629999912585], [-119.01930699992543, 37.92952000001288], [-119.01915499958947, 37.92937499976481], [-119.01892299978587, 37.92921799968688], [-119.01855399971495, 37.92901099998337], [-119.0183269999342, 37.92887300009348], [-119.01789400028917, 37.92854600013662], [-119.01763800019613, 37.928315999666275], [-119.01751500017248, 37.928216999836934], [-119.01740499966931, 37.928149999841], [-119.0171560001473, 37.92804099965368], [-119.01703599959836, 37.927971000091766], [-119.01688499998562, 37.92786399995441], [-119.01659299990757, 37.92769799981718], [-119.01628800030905, 37.92748400000935], [-119.0160370002389, 37.92733800018695], [-119.0158349996742, 37.92718300034459], [-119.01562700016008, 37.9270440000435], [-119.01542399977049, 37.92687599983863], [-119.01531400016563, 37.926747999796085], [-119.01522999960171, 37.92667100026655], [-119.0149529995923, 37.92650900026608], [-119.01472599981157, 37.9263450002607], [-119.0143960000987, 37.92618400007681], [-119.01424200011287, 37.92608600003872], [-119.01395000003485, 37.92585400000641], [-119.01382700001119, 37.92569399999745], [-119.01368300007115, 37.92553299980533], [-119.01350700034406, 37.92538199975814], [-119.01329599955854, 37.925227999883326], [-119.01309200024237, 37.92506100033098], [-119.01286899976128, 37.92490000017006], [-119.01272300017142, 37.92466700009207], [-119.01225500036628, 37.92403900007367], [-119.01177599979216, 37.923446999704176], [-119.01153700031587, 37.923128000069184], [-119.01112100038928, 37.92242000030497], [-119.01077999990741, 37.922049000222025], [-119.01061000002811, 37.921929000062015], [-119.01055099957856, 37.92187499992611], [-119.01052899983726, 37.92180400027766], [-119.01058099971577, 37.92156799993546], [-119.01057200039327, 37.92146499996309], [-119.0105310003854, 37.92140299964877], [-119.01031899977495, 37.92122700016317], [-119.01023000008651, 37.9211349999746], [-119.0099880002372, 37.92084400023782], [-119.00985099996981, 37.92070300019963], [-119.00969399961099, 37.92051199978215], [-119.00932500043835, 37.92016400000949], [-119.00895399981928, 37.91989500016054], [-119.00835600031779, 37.91953399997105], [-119.00824300033989, 37.919454000221165], [-119.0080750001104, 37.91945099975938], [-119.00791299972867, 37.91942399984962], [-119.00776100029104, 37.91937099991922], [-119.00762599967352, 37.91929499967157], [-119.00746400019011, 37.91915799989399], [-119.00737200012861, 37.91910499977191], [-119.00726800037155, 37.91906899972071], [-119.00715600021854, 37.919049999765285], [-119.00696399969961, 37.919050999688494], [-119.00677100025406, 37.91906799979773], [-119.00607400012007, 37.91923099981243], [-119.00597299983775, 37.91926699978434], [-119.00569300035357, 37.91943000006662], [-119.00555400043638, 37.91949600029555], [-119.0054420002834, 37.919516000052596], [-119.0052999999932, 37.91952100034534], [-119.00511800041832, 37.919482999954504], [-119.0044499996983, 37.91929399975174], [-119.00416000016838, 37.919245000118536], [-119.00391099974804, 37.91924300027749], [-119.00351099971496, 37.919280000163575], [-119.00303399968901, 37.919253000191084], [-119.00285600031206, 37.9192510003502], [-119.00267999968666, 37.919265999864116], [-119.00228999969931, 37.91932899977345], [-119.0021900001402, 37.91933400007891], [-119.00208499965991, 37.91932999969281], [-119.00187899979558, 37.91929600030008], [-119.00168200015209, 37.91923600012455], [-119.00150300005194, 37.919205999664065], [-119.00141099999044, 37.91920299990082], [-119.00122900041556, 37.91921900005408], [-119.00093599961427, 37.919289000152226], [-119.00046899963405, 37.919371999838056], [-119.00006100010334, 37.919390999710245], [-118.99989200004899, 37.91941399995926], [-118.99956399998591, 37.91948200003722], [-118.99917099962552, 37.91954399984504], [-118.99895700026357, 37.91955999992416], [-118.99821599974865, 37.91964900021197], [-118.99810199994586, 37.91967899978308], [-118.99799800018877, 37.9197269999218], [-118.99790500030234, 37.91979499971031], [-118.99683099970147, 37.92048099993845], [-118.9967329997922, 37.920562999793766], [-118.99658100035457, 37.920652000285095], [-118.99640800010218, 37.92071399981532], [-118.99622300015425, 37.92074600016957], [-118.99609299955961, 37.92074899986988], [-118.99546099972292, 37.92073499985007], [-118.99538999957781, 37.920739000159685], [-118.99527900014805, 37.92073000034852], [-118.99517200001793, 37.92070300019963], [-118.99507599975846, 37.92065900030326], [-118.99499200009286, 37.92059999972445], [-118.99489800038153, 37.920502999943146], [-118.9947689996118, 37.92043699990927], [-118.99461999964886, 37.92040600003391], [-118.99446700038631, 37.920413000075484], [-118.9943190002483, 37.92045999983117], [-118.9940229999723, 37.92060900026025], [-118.99394699980432, 37.92064000004999], [-118.99378100012296, 37.92068200015574], [-118.99327899998264, 37.920711000113535], [-118.99271599974291, 37.920723000337105], [-118.99256199975714, 37.920742999760485], [-118.99245600035023, 37.92078200010859], [-118.99239299970273, 37.92082200033508], [-118.99231900008292, 37.92088600022708], [-118.99219299968621, 37.92103800019026], [-118.99201199993622, 37.92117400011481], [-118.99186399979821, 37.92126899993376], [-118.99165200008612, 37.921381999804716], [-118.99159000016184, 37.92143299992168], [-118.99145500044264, 37.92161899992344], [-118.99144200002384, 37.921685000313865], [-118.99143700000097, 37.9217930001164], [-118.99140799968866, 37.92190400012212], [-118.99134999996234, 37.9220070001883], [-118.99108200017373, 37.92230000004168], [-118.99100400035594, 37.92235000035233], [-118.9909109995712, 37.92237899965238], [-118.99056800033783, 37.92239100031238], [-118.99026299984097, 37.92243200024962], [-118.99011399987809, 37.92243800022123], [-118.98996499991516, 37.92243300012686], [-118.98981799960207, 37.92241500020931], [-118.989565999707, 37.92236099972163], [-118.98937499991128, 37.92234600013028], [-118.98918400011557, 37.92236200030842], [-118.98900099981746, 37.92241000011333], [-118.98872499963294, 37.922521999772435], [-118.98859099973863, 37.92254499975088], [-118.9884540003696, 37.92254499975088], [-118.98831999957699, 37.922522999648386], [-118.98811799991063, 37.922455000256264], [-118.98799900008494, 37.92243499988116], [-118.9878769998862, 37.922435999758356], [-118.98775800006052, 37.92245600013313], [-118.98761400012046, 37.92251200030332], [-118.98687299960554, 37.923272000015764], [-118.98680900003143, 37.92334900027011], [-118.98671799979485, 37.923439000087896], [-118.98661499986268, 37.92352100018816], [-118.9865029997097, 37.92359400002762], [-118.98638100040927, 37.92365699977262], [-118.98625199963952, 37.92371000015741], [-118.98611100007251, 37.92375299978638], [-118.98572600010806, 37.92391400033276], [-118.98557799997005, 37.92394699985981], [-118.98540700026582, 37.923971999813766], [-118.98502700032422, 37.923975999947366], [-118.984961000202, 37.92399300033544], [-118.98455899962079, 37.92420599982121], [-118.98409099981562, 37.924428000175624], [-118.98393500018001, 37.924472999792314], [-118.98380899978332, 37.924538999747156], [-118.98374699985902, 37.92459399990054], [-118.9836599998204, 37.924653999956476], [-118.98330400016825, 37.925013999972755], [-118.9829629996864, 37.925137000288835], [-118.98284100038597, 37.925192999834586], [-118.98250800030003, 37.925442999715976], [-118.98236600000982, 37.92552799992134], [-118.98177699983087, 37.925773000213674], [-118.98147399988214, 37.9258639997297], [-118.98130999985064, 37.925928000193956], [-118.98100899955175, 37.926065999942615], [-118.98081299973317, 37.92620199978035], [-118.98071099962593, 37.92625700010703], [-118.98044200001239, 37.926374999934716], [-118.98026299991224, 37.926439999776946], [-118.97998400025298, 37.92650200009614], [-118.97925500033193, 37.926730000226144], [-118.97917300031618, 37.92677099986996], [-118.97884799972788, 37.92701099978048], [-118.97871800003149, 37.92712899981535], [-118.9786250001451, 37.927234999793264], [-118.97849899974838, 37.927305999866846], [-118.97838900014352, 37.92740600002378], [-118.9781330000505, 37.92769300008046], [-118.97805199985966, 37.927828999743205], [-118.97798999993539, 37.92790600018583], [-118.97759099972718, 37.928299000277654], [-118.97723000005217, 37.928696000271366], [-118.97712700012, 37.928830999705866], [-118.97690899966182, 37.929030999987], [-118.97688600009558, 37.92906700012156], [-118.97687100002699, 37.92920900020482], [-118.97685400030855, 37.92928500012674], [-118.97681400012557, 37.92935799991246], [-118.97630600013746, 37.9300600001314], [-118.97584699965483, 37.930789999786164], [-118.97566500007996, 37.931133999836284], [-118.9752540001762, 37.931830999938235], [-118.97519499972665, 37.93191800004919], [-118.97507699972586, 37.93203000010562], [-118.97502099964939, 37.93216499979503], [-118.97502400002244, 37.93219900032331], [-118.97500599958077, 37.932242999691546], [-118.97498399983947, 37.93261199987857], [-118.97494100018177, 37.93275900030128], [-118.97488199973222, 37.93285900012677], [-118.97484099972435, 37.932909000342796], [-118.97477600032532, 37.932942000084125], [-118.97463800023307, 37.93293199990644], [-118.97452799972987, 37.93295899981627], [-118.97448000004931, 37.932993999710895], [-118.97438999963762, 37.933117000139546], [-118.97434899962975, 37.93319100010245], [-118.97438600033797, 37.93336900016764], [-118.97438499961476, 37.93358500001025], [-118.97436100022362, 37.93370300012196], [-118.97423700037507, 37.933978999931895], [-118.9740430002063, 37.93414799992008], [-118.97382700029624, 37.93441200007155], [-118.97374899958011, 37.93448699986115], [-118.97360200016536, 37.93465499967893], [-118.97352699982227, 37.934695000152516], [-118.9733810002324, 37.93473400018591], [-118.97332500015592, 37.93476699981646], [-118.97321200017801, 37.934858000245406], [-118.97317299981994, 37.934909000226334], [-118.97308300030656, 37.935098999677045], [-118.97301100033656, 37.935195000338894], [-118.97255400040207, 37.935580999712414], [-118.97147800015136, 37.93576599965541], [-118.97128999983038, 37.93580699992824], [-118.97095500009463, 37.93591300014746], [-118.97072099974291, 37.93595700012671], [-118.96873599964611, 37.936187000072714], [-118.96799699967931, 37.93625800000309], [-118.96763699982921, 37.93628300002213], [-118.96621699962192, 37.93627800016068], [-118.965819000137, 37.93624899996581], [-118.96561599974741, 37.93622300024558], [-118.9638900001167, 37.935866000349854], [-118.9637439996285, 37.935836000297485], [-118.96341899993848, 37.93579900023967], [-118.96328199967114, 37.93579000014619], [-118.96313199988333, 37.93579099984177], [-118.96199200005854, 37.93587499972552], [-118.9610609995728, 37.935999999678444], [-118.95736200043918, 37.936711999902315], [-118.95665400043451, 37.936872000022504], [-118.95555999974218, 37.937040999735814], [-118.9519920001298, 37.93773000032242], [-118.9511279995912, 37.93786900025732], [-118.9492680000662, 37.93820500034451], [-118.94795599981396, 37.93846300001416], [-118.94644100007044, 37.9387170001552], [-118.94447000021736, 37.939058999940336], [-118.94306599990361, 37.93932500016862], [-118.94238399983821, 37.93944100027569], [-118.9402919996113, 37.93983499998073], [-118.93979200001911, 37.93991599986693], [-118.93930400012246, 37.94003599971788], [-118.93910699958066, 37.94009300030462], [-118.93881500040092, 37.94015499973672], [-118.93878699991353, 37.94016299965967], [-118.93802600020543, 37.9403690002086], [-118.93791499987734, 37.94037799974139], [-118.93780500027249, 37.9403699998419], [-118.93769999979219, 37.94034299982041], [-118.9376029997078, 37.94029900034134], [-118.93752099969204, 37.94024100027934], [-118.93714699959823, 37.93980100015057], [-118.93693099968816, 37.939513000250045], [-118.93675900015901, 37.939218000261775], [-118.93659799960224, 37.93891899976909], [-118.93632399996585, 37.938377000224904], [-118.93618599987357, 37.93802899998435], [-118.93601500016936, 37.937528999946586], [-118.93559400021988, 37.93666400022346], [-118.9352450002404, 37.935748999863875], [-118.93483299961345, 37.934773000198575], [-118.93480599984929, 37.93459000001424], [-118.93471200013795, 37.93431500008851], [-118.93454599955828, 37.933932000314705], [-118.93420999999762, 37.93325700002564], [-118.93418599970816, 37.933194000003624], [-118.93413100035488, 37.93291399972486], [-118.93401599982887, 37.9325780002499], [-118.93379099969796, 37.932158000163646], [-118.9337379999945, 37.9320080000068], [-118.93367299969718, 37.931765999902154], [-118.93344400026665, 37.931218999839636], [-118.93333200011364, 37.93092399986525], [-118.93310199995987, 37.93039199999364], [-118.93260700039056, 37.92940600011065], [-118.93243699961293, 37.9290409999868], [-118.93238100043475, 37.928900000076894], [-118.93229799969575, 37.928786999712685], [-118.93218800009089, 37.9286900001018], [-118.93205400019659, 37.92861400027341], [-118.93195499956406, 37.92857600032974], [-118.93147699971321, 37.928431000345675], [-118.93087900021169, 37.92834900005218], [-118.93027800033717, 37.92829499967069], [-118.93016600018417, 37.92830399997321], [-118.93005800022915, 37.92833299975955], [-118.92995899959662, 37.92837799982076], [-118.92983800012111, 37.9284560001923], [-118.92965800019607, 37.92854300004578], [-118.92954900041612, 37.9286220000353], [-118.92942399984432, 37.92877599988742], [-118.92912599991851, 37.92920900020482], [-118.92905700032154, 37.92928200006606], [-118.92891699968112, 37.929386000209036], [-118.92837500025614, 37.92971299997273], [-118.92819699998091, 37.92977699992096], [-118.92810300026957, 37.929802999795434], [-118.92800500036027, 37.9298170002146], [-118.92586899975245, 37.93034800022615], [-118.92550700025251, 37.930455000291275], [-118.9250910003259, 37.93052900009956], [-118.92430899980307, 37.930732999778925], [-118.9242610001225, 37.930746000256875], [-118.92066800039576, 37.931668000218686], [-118.92038399981531, 37.931750000353155], [-118.92009099991238, 37.93180700028038], [-118.91962499975703, 37.93194300012721], [-118.91887900011756, 37.932231999674805], [-118.91857399962072, 37.932341000025545], [-118.91756199984246, 37.932730000135116], [-118.91646899987333, 37.933198000344], [-118.91535199961474, 37.93364499981452], [-118.91435999992797, 37.9340240000799], [-118.91344400040916, 37.93435900031579], [-118.91252299996917, 37.93472400025196], [-118.90957499959961, 37.935915000243725], [-118.90914399960437, 37.93607200018967], [-118.90876200001294, 37.93623099988795], [-118.9083710002007, 37.93640700030259], [-118.90577500018362, 37.93742400031414], [-118.90489700029967, 37.93773900017835], [-118.90391899995828, 37.93801499971219], [-118.90203199977077, 37.93850899990953], [-118.90022300029938, 37.93901000001701], [-118.89923699956205, 37.93924800035074], [-118.89812400039978, 37.93953199987729], [-118.89776600019947, 37.93961399974096], [-118.89744999983196, 37.93967099994657], [-118.89698700004969, 37.93972899974988], [-118.89652500009232, 37.93976300032185], [-118.89554500010111, 37.93980599977236], [-118.89267600027256, 37.940017000220934], [-118.88947699983284, 37.94020899990799], [-118.88796299991422, 37.940338000235144], [-118.88633900039076, 37.940464000023056], [-118.88453000002104, 37.940560000053836], [-118.88397900037525, 37.94060600005366], [-118.88366700020569, 37.94064499978455], [-118.88330399998254, 37.94060200011644], [-118.88316199969232, 37.94057300021071], [-118.88289300007882, 37.940563999993344], [-118.88281100006306, 37.940592000272396], [-118.88277000005516, 37.940617000234155], [-118.88270800013089, 37.94071199972803], [-118.88267399979567, 37.94080400021709], [-118.88267700016875, 37.94094300000596], [-118.88272400002441, 37.94109399997304], [-118.8827879995985, 37.941184999653224], [-118.8828920002539, 37.94128899995943], [-118.88300299968367, 37.9413720003162], [-118.88305200008747, 37.9414089996939], [-118.88316199969232, 37.94147699997602], [-118.88360399955819, 37.94179400011683], [-118.8836870002972, 37.941893999694294], [-118.88371800025934, 37.94196999996223], [-118.88372699958185, 37.94204200029272], [-118.88371700043442, 37.94212499979905], [-118.88360899958106, 37.94232800027922], [-118.88328899991393, 37.9427610001172], [-118.88299199981302, 37.94308900019732], [-118.88280299966713, 37.94325599988733], [-118.88253999990138, 37.943597000213636], [-118.88234800028079, 37.94397900033914], [-118.88222299970899, 37.944185000109364], [-118.88209600038569, 37.94435299972136], [-118.8819850000576, 37.94460899990962], [-118.8817370003605, 37.94525699974293], [-118.88168399975874, 37.945422000335746], [-118.88162699985733, 37.945711000017496], [-118.8815609997351, 37.94620599975106], [-118.88147899971932, 37.94703600023563], [-118.8815209995521, 37.947543000348354], [-118.88157099978083, 37.94783500020044], [-118.88155099968934, 37.948008999977795], [-118.88149100031319, 37.94811100007098], [-118.88142799966569, 37.94817700005581], [-118.88134099962706, 37.94823800022518], [-118.88129200012158, 37.94826200018501], [-118.88118099979349, 37.94828000014976], [-118.88112600044022, 37.94827499968775], [-118.8809830003251, 37.94823599975593], [-118.88084199985978, 37.94817299982229], [-118.8807459996003, 37.94813900030788], [-118.88064799969102, 37.948091000299975], [-118.88051700016976, 37.94798399969726], [-118.88044299965159, 37.94788200013616], [-118.88038599975019, 37.94774600002884], [-118.88032600037405, 37.94754200010428], [-118.88025100003097, 37.94718999976374], [-118.87997900004443, 37.946268999954476], [-118.87999199956488, 37.94600699970941], [-118.88003000009803, 37.94581500029405], [-118.88006000023528, 37.94571599994559], [-118.88012700018241, 37.945302000070164], [-118.88012800000733, 37.945115999767154], [-118.88007799977862, 37.944811000330745], [-118.87999599976285, 37.944526999951904], [-118.87991600029524, 37.944343999966925], [-118.8797170001036, 37.9439900000148], [-118.87931000039782, 37.9433790001459], [-118.87897200028901, 37.9430240001984], [-118.87873799993729, 37.94283900010478], [-118.8784850002173, 37.94266100030267], [-118.87798200025208, 37.94239700002507], [-118.87735399971503, 37.94219300012704], [-118.87712299973634, 37.94214000031436], [-118.87667900022066, 37.94206400022223], [-118.87646300031057, 37.94204499983266], [-118.87586800028384, 37.94202899968729], [-118.87524800014272, 37.942039000044254], [-118.87499399969948, 37.94205700011658], [-118.87441200009155, 37.94212999997119], [-118.8742749998242, 37.94215300019176], [-118.87411699964045, 37.94216799999295], [-118.87395099995909, 37.942171999844945], [-118.87355900032193, 37.94216200021453], [-118.87300000028019, 37.942187000350664], [-118.87280799976125, 37.94221800025264], [-118.87256799956175, 37.94227200032489], [-118.87184200001373, 37.94250499986684], [-118.87106600023701, 37.942739999997414], [-118.87070200018894, 37.94289599993438], [-118.87042600000441, 37.943033999711524], [-118.87020500007151, 37.943180000240865], [-118.87010399978915, 37.94327899975547], [-118.87001599992563, 37.943386999717895], [-118.8699439999556, 37.94350099989957], [-118.86989200007703, 37.94360699964879], [-118.8698479996961, 37.94373599967874], [-118.86982299958174, 37.94386500019064], [-118.86981500008413, 37.94399500006], [-118.86982400030497, 37.94412499969938], [-118.86986299976475, 37.94434899998803], [-118.86985199989408, 37.94467800034736], [-118.86984000019854, 37.94474800029405], [-118.86978199957387, 37.94489999980699], [-118.86972300002266, 37.94498599975571], [-118.8696350001591, 37.94507100003443], [-118.8695809997324, 37.94510700010616], [-118.86940800037837, 37.945161999748755], [-118.86925799969222, 37.94518100004081], [-118.86895700029164, 37.94518799984888], [-118.86878900006216, 37.9452319999428], [-118.8686350000764, 37.945302000070164], [-118.86850399965682, 37.94539600031842], [-118.86837499978537, 37.945531000253595], [-118.86829100011978, 37.9455919997861], [-118.86819300021051, 37.94563699990818], [-118.86757800009227, 37.945781999956594], [-118.86709100002054, 37.94592999980859], [-118.86698499971534, 37.94594700007886], [-118.86680899998825, 37.94596199981399], [-118.86650199984157, 37.945951999990896], [-118.86642900004665, 37.94594399998977], [-118.86636499957423, 37.945927999984875], [-118.86627400023596, 37.945876999857546], [-118.86616299990787, 37.94578399978423], [-118.86592699990632, 37.94561400006966], [-118.86573199991265, 37.94551599972206], [-118.86539100032913, 37.945369000018275], [-118.86508500000737, 37.94526199970197], [-118.86486099970138, 37.94519299981257], [-118.86466400005789, 37.945151999816844], [-118.86439299989621, 37.945077999852984], [-118.86398899966518, 37.94498599975571], [-118.8638699998395, 37.94497099982129], [-118.8637500001889, 37.94496599984251], [-118.86362999964, 37.94497200010042], [-118.86346999980644, 37.94499500013989], [-118.862467000249, 37.9452649998189], [-118.86212800031525, 37.945329999960755], [-118.86191599970485, 37.94534199970818], [-118.86179000020647, 37.945331000234944], [-118.86166899983264, 37.945300999795585], [-118.86155900022777, 37.94525100021671], [-118.86144600024987, 37.94516699971426], [-118.86123899966232, 37.94492400014878], [-118.86117099989026, 37.94481800017407], [-118.86105899973728, 37.944538000253914], [-118.8610119998816, 37.94423799986397], [-118.86095300033038, 37.94411799979005], [-118.86071700032882, 37.94390699978121], [-118.86063799978778, 37.943827000337954], [-118.860491000373, 37.94357199984875], [-118.8602860003336, 37.94337299975797], [-118.86001599999685, 37.94307099966933], [-118.85996400011834, 37.94299999994448], [-118.859646000101, 37.94220999984499], [-118.85941000009946, 37.94147100014117], [-118.85875899999623, 37.93958599979782], [-118.85850100025334, 37.93892400015937], [-118.85814100040324, 37.93786799988151], [-118.85805400036459, 37.937651000201484], [-118.85796999980069, 37.93751500028763], [-118.85789500035595, 37.93714500023823], [-118.85734200016199, 37.93572500006817], [-118.85704599988597, 37.93485699982866], [-118.85686500013601, 37.93441200007155], [-118.85681499990731, 37.93425500012256], [-118.85678599959498, 37.93411900030187], [-118.8566469996778, 37.93378399968072], [-118.85658899995148, 37.933692000323745], [-118.85645099985923, 37.93353599998026], [-118.85631100011715, 37.93341900003678], [-118.85623099975119, 37.93336600027361], [-118.85607900031356, 37.9333110003052], [-118.85595700011481, 37.9332739996849], [-118.85554600021106, 37.933181999689644], [-118.85534799984437, 37.93312299994781], [-118.8551889998357, 37.933062999717485], [-118.85464999988545, 37.932816000154716], [-118.85362800006142, 37.93232400015047], [-118.85334699985404, 37.93217800001974], [-118.85319399969316, 37.932080999922974], [-118.85311800042349, 37.932016999854795], [-118.85294299962301, 37.931804000322614], [-118.85280100023108, 37.93159400013981], [-118.85269300027605, 37.93139099977078], [-118.85258000029815, 37.93104799997468], [-118.85237600008365, 37.930268000194886], [-118.85224999968696, 37.92991500023977], [-118.85210800029505, 37.92955299985837], [-118.85190699955527, 37.92911700008239], [-118.8516689999039, 37.92853799965789], [-118.85151999994099, 37.928225000350594], [-118.85139100006955, 37.92791700014125], [-118.85117699980933, 37.927323000193645], [-118.85084100024865, 37.926187000263916], [-118.85061199991979, 37.92546100030952], [-118.85050999981254, 37.92464900001273], [-118.8504710003528, 37.92441000003778], [-118.85045600028417, 37.924116000233525], [-118.8504589997589, 37.92377899966522], [-118.85042000029917, 37.92331099973135], [-118.85027800000894, 37.922733000229606], [-118.85020600003891, 37.922549999837685], [-118.85014699958938, 37.92242600027753], [-118.85005600025109, 37.92227299976061], [-118.84962600008079, 37.92161499966163], [-118.84923600009346, 37.9211699998288], [-118.84913300016129, 37.92104199977479], [-118.84901599998543, 37.9208570003383], [-118.84892800012187, 37.92069199987369], [-118.84852700026387, 37.919786999696775], [-118.84826399959982, 37.919234000283204], [-118.84810799996421, 37.91898700032564], [-118.8479720004201, 37.91883800015384], [-118.8477899999469, 37.91867699983342], [-118.84771700015197, 37.9185889997162], [-118.84712700014808, 37.917741000084305], [-118.84703900028455, 37.917550999713626], [-118.84697800018517, 37.9172830001765], [-118.84693499962916, 37.917165999882], [-118.84682599984919, 37.91692099997077], [-118.84651000038004, 37.91635300016439], [-118.84646099997622, 37.91619000014986], [-118.84634399980037, 37.915616999810496], [-118.84631200001331, 37.915247000111314], [-118.84625799958663, 37.91487799994841], [-118.8461560003777, 37.91451399998495], [-118.84588500021604, 37.91378200034526], [-118.84534999956546, 37.91266499979806], [-118.8448259996838, 37.91162699982856], [-118.84422300015945, 37.9103590001643], [-118.84430799964996, 37.910083000288004], [-118.84434399963493, 37.90993099965722], [-118.84465900017753, 37.90892199973962], [-118.84473600017044, 37.90831299984422], [-118.84479200024694, 37.908115000063326], [-118.84483400007973, 37.90801800011933], [-118.84494600023271, 37.90746400003463], [-118.84515100027212, 37.90632800025868], [-118.84518800008205, 37.90621800023505], [-118.84523900013566, 37.90611100034418], [-118.84561700042745, 37.905579000292704], [-118.84583900018531, 37.90532800011742], [-118.84621699957876, 37.904773000217325], [-118.84632299988397, 37.904594000275075], [-118.84639800022705, 37.90444600013257], [-118.84643900023492, 37.90433299976111], [-118.84647299967178, 37.904054999708244], [-118.84634499962526, 37.90351600015514], [-118.84630100014266, 37.903153000112034], [-118.846282999701, 37.90289399973455], [-118.84626400033274, 37.902789999695976], [-118.84622199960162, 37.90268000005406], [-118.84610100012611, 37.90245299994471], [-118.84601800028543, 37.902232000046105], [-118.84598099957721, 37.9014080000747], [-118.84585000005596, 37.90079400022058], [-118.84577499971289, 37.900544999668405], [-118.84571000031384, 37.90065099968195], [-118.845621999552, 37.90076500020819], [-118.84553399968844, 37.90085200021117], [-118.84543499995428, 37.900931000173706], [-118.84524900018143, 37.90104199976238], [-118.84501999985257, 37.901121000229814], [-118.84488000011048, 37.901151000268435], [-118.84473699999533, 37.901168999718706], [-118.84459200023038, 37.90117500000699], [-118.8444469995671, 37.901168999718706], [-118.84430500017523, 37.90115400005901], [-118.84416799990784, 37.90112299985472], [-118.84402499979272, 37.901079000296946], [-118.8438950000964, 37.90101799998046], [-118.84373699991265, 37.90092300023519], [-118.84355399961453, 37.90076500020819], [-118.84343499978884, 37.90062100014831], [-118.84298000040249, 37.89993000022882], [-118.84268300030158, 37.89942299994174], [-118.84244899994982, 37.89906799969898], [-118.84205499976453, 37.89861699978457], [-118.84195000018255, 37.89850700028525], [-118.84177299973221, 37.89838999990275], [-118.84165999975434, 37.89833699970467], [-118.84088099960458, 37.89804299989207], [-118.84041199997452, 37.89779999981161], [-118.8397130001907, 37.897350000143305], [-118.83904899966865, 37.89688699976972], [-118.83856800034305, 37.89659299983652], [-118.8380329996924, 37.89629999967033], [-118.83715099961046, 37.89589200012847], [-118.83647299974305, 37.89557900012852], [-118.83519200035127, 37.89491000023], [-118.83511899965802, 37.894871999886924], [-118.83445699968414, 37.89450099981606], [-118.83412500032142, 37.89428800009411], [-118.83328400024736, 37.89370700001581], [-118.83186200039026, 37.89276699977245], [-118.83133699978538, 37.892380999697025], [-118.8290129997549, 37.89052900033637], [-118.8286050002242, 37.89024899997558], [-118.82836300037488, 37.89009399996361], [-118.82805299985516, 37.88991000029881], [-118.82767899976135, 37.88971700011387], [-118.8267599998695, 37.88928999969208], [-118.82630200011009, 37.88908599991973], [-118.82447400037215, 37.88823199991532], [-118.82437599956451, 37.88818599976513], [-118.82383499996443, 37.887952999672514], [-118.8233110000828, 37.88771699992248], [-118.82308799960175, 37.88762600000911], [-118.8227119998581, 37.88750999969932], [-118.82250699981869, 37.88746100016755], [-118.8221429997706, 37.88739399991577], [-118.82200800005138, 37.88738300028129], [-118.81968700039396, 37.88729500031045], [-118.81844899976154, 37.88726199993982], [-118.81838799966218, 37.887347000305944], [-118.81823899969925, 37.88750199972013], [-118.81785899975766, 37.88778799985474], [-118.81730100043914, 37.888107000303194], [-118.8162150001427, 37.88875000014689], [-118.81557099971215, 37.88916400012879], [-118.81493899987548, 37.88958199978664], [-118.81338499977392, 37.89050499996229], [-118.81288099998375, 37.89083999992689], [-118.81265599985286, 37.89099999989056], [-118.81147199964714, 37.891728000262], [-118.81114299975917, 37.891946000341804], [-118.81036199995958, 37.892433999930084], [-118.80976899958264, 37.89287000022549], [-118.80963499968833, 37.89296900013286], [-118.80864100035173, 37.89355599985599], [-118.80752099972011, 37.894185000207194], [-118.80656300036853, 37.89481299989365], [-118.8056469999514, 37.895373000278894], [-118.80500400024407, 37.89572300012848], [-118.80438900012584, 37.896078999726605], [-118.80379199955095, 37.896443999677565], [-118.80257399990836, 37.89714100033377], [-118.8022040000125, 37.89736700030526], [-118.80185500003302, 37.897550999763304], [-118.80162200040455, 37.897646000316655], [-118.80134000037222, 37.897729999823376], [-118.80030900032739, 37.89799799970145], [-118.79980899983687, 37.8981409997238], [-118.79962399988896, 37.89820800011957], [-118.79952599997966, 37.898164000236825], [-118.7980990000997, 37.897413999898504], [-118.79795400033474, 37.89732299991978], [-118.79784700020463, 37.89724000016826], [-118.79768599964783, 37.8970809998107], [-118.79727300009426, 37.89662800002515], [-118.79699199988687, 37.89659800026954], [-118.79682799985534, 37.89659200031696], [-118.79666499964873, 37.89659899978902], [-118.7964660003554, 37.896626000278125], [-118.79584399966613, 37.89675700025272], [-118.7956779999848, 37.896820000298156], [-118.79557099985466, 37.89687499991117], [-118.7954729999454, 37.896939000079314], [-118.79536400016543, 37.89702699986528], [-118.79531599958655, 37.89707600011937], [-118.79513999985946, 37.89720400005054], [-118.7948250002152, 37.897484999694704], [-118.79451899989343, 37.897731000036316], [-118.79427399967105, 37.89791500000219], [-118.79374399994161, 37.89826099970171], [-118.79348600019878, 37.89845599986873], [-118.79335599960413, 37.89852899977296], [-118.7931990001436, 37.89859999991132], [-118.79304000013494, 37.89865700001281], [-118.79282000002691, 37.89870300000032], [-118.79251799990313, 37.898787999917076], [-118.79227900042684, 37.898800999662164], [-118.79203300037955, 37.89886999985208], [-118.79177399991347, 37.89895999984854], [-118.79155600035358, 37.89905099992995], [-118.79142099973605, 37.89909600018566], [-118.7910109996572, 37.899064999823445], [-118.79041399998063, 37.899103000128484], [-118.79033000031502, 37.8991440002864], [-118.79016799993335, 37.899191000162645], [-118.78992100006113, 37.89924899999876], [-118.7894749999973, 37.899303999923376], [-118.78925499988927, 37.89931300022931], [-118.78859999958806, 37.89936800010611], [-118.7881030003689, 37.89944499986452], [-118.78797199994935, 37.89947700025595], [-118.7878070000929, 37.89954100028824], [-118.78767099965046, 37.899575000304885], [-118.78751599983977, 37.89958799991103], [-118.78748400005271, 37.89958500005663], [-118.78729200043209, 37.89956700021903], [-118.78703499961584, 37.89957900034752], [-118.78668900000942, 37.899639999730155], [-118.78646499970345, 37.89963900025197], [-118.78630599969478, 37.899651999846796], [-118.78615400025714, 37.89969200022142], [-118.78600500029421, 37.89975399969586], [-118.78588300009547, 37.89978499976787], [-118.78575599987384, 37.89979599967601], [-118.78558099997167, 37.899780999736485], [-118.78504899969411, 37.89973400023695], [-118.78491999982268, 37.899769000349735], [-118.78482799976118, 37.89977399985814], [-118.78445700004043, 37.89974800000053], [-118.78433200036696, 37.899756000066716], [-118.78374400001292, 37.89983400031248], [-118.78337699959178, 37.89984500021325], [-118.78310999962808, 37.89983599997235], [-118.78273100040971, 37.899791000169046], [-118.7823999999736, 37.899769999826106], [-118.78201400018423, 37.89976500031743], [-118.78178499985535, 37.899742000304705], [-118.78164199974023, 37.89971199969169], [-118.78136499973078, 37.899624999758856], [-118.7811680000873, 37.899591999952946], [-118.78106699980495, 37.89958799991103], [-118.78029100002826, 37.89962199990597], [-118.779892999645, 37.899560000320335], [-118.77965599981853, 37.89953499986668], [-118.77917399976968, 37.899519999873974], [-118.77807199957971, 37.899257000119235], [-118.77794299970827, 37.89924700032294], [-118.77781800003481, 37.899257000119235], [-118.77760200012474, 37.899291000267134], [-118.77747800027622, 37.89929699999971], [-118.77691199966344, 37.89925899979478], [-118.77656799970686, 37.89926100017915], [-118.77632099983465, 37.89928000028352], [-118.7761350000618, 37.89926500023884], [-118.77582899974007, 37.89919299983998], [-118.77541899966126, 37.899145999965015], [-118.77524200010923, 37.89910799968213], [-118.77496900029774, 37.899077000033785], [-118.774703000159, 37.899060999752884], [-118.7743039999508, 37.898966000316975], [-118.77391499978837, 37.8988600000032], [-118.77369800005341, 37.89881500031203], [-118.77317800036973, 37.898669999781035], [-118.77237499993053, 37.89836599996492], [-118.77227399964815, 37.89830800014181], [-118.77219099980749, 37.89823500001845], [-118.77185699989664, 37.89786800001998], [-118.771657999705, 37.897693999945254], [-118.7714870000008, 37.897487000127285], [-118.77138300024374, 37.897337999651405], [-118.7712829997863, 37.8972180002953], [-118.77102300039361, 37.89695200015101], [-118.77051299985736, 37.89655299990433], [-118.77035499967361, 37.89636000012108], [-118.77026000013736, 37.8962260001576], [-118.76990299976201, 37.89587100009088], [-118.7697699996926, 37.89576599981295], [-118.76943999997974, 37.895547999702806], [-118.76915600029758, 37.89540200028913], [-118.76901200035755, 37.89530999970386], [-118.76879600044748, 37.89513100013892], [-118.7686990003631, 37.895040999714], [-118.76835299985837, 37.89478499990435], [-118.76831000020069, 37.894738000050296], [-118.76799200018337, 37.894193999721296], [-118.76790199977168, 37.894123000295274], [-118.76778899979377, 37.89407700028114], [-118.76723200030015, 37.8939690001966], [-118.76685499983328, 37.89387699994713], [-118.76672599996188, 37.893870999772766], [-118.76660200011332, 37.89389799984471], [-118.76516799966232, 37.89456199986249], [-118.7648909996529, 37.894669000240285], [-118.76415199968609, 37.89490499968232], [-118.76381899960019, 37.89493200008387], [-118.76353699956786, 37.894978999814114], [-118.7633559998179, 37.894992000231916], [-118.76327899982499, 37.894981999856185], [-118.76319500015941, 37.894949000095366], [-118.7629059995561, 37.894750999801744], [-118.76283299976117, 37.89472200024395], [-118.76263199991972, 37.894667999985735], [-118.76240299959085, 37.89461999980173], [-118.76206899968001, 37.89453000016982], [-118.76177699960196, 37.89447899983339], [-118.76153800012568, 37.89445500003808], [-118.76123699982679, 37.89444099997667], [-118.76096400001532, 37.89440600016599], [-118.76074599955713, 37.894367000012956], [-118.76019800028435, 37.89432799983931], [-118.75970299981671, 37.89427299974102], [-118.75940200041616, 37.894229000341745], [-118.75921999994294, 37.894229000341745], [-118.75904300039095, 37.89425900035392], [-118.75831699994464, 37.89449200033949], [-118.7582390001268, 37.89450800019582], [-118.75806699969938, 37.89450699993909], [-118.7578790002767, 37.89453000016982], [-118.757568999757, 37.89464700030782], [-118.75687499999606, 37.89489099970649], [-118.7561259999835, 37.89512600031509], [-118.75592000011918, 37.895169999887145], [-118.755709000232, 37.89519700019155], [-118.7549789995877, 37.895214999680064], [-118.75485899993711, 37.89523299987309], [-118.75476900042375, 37.8952570001236], [-118.75465999974547, 37.895272999813656], [-118.75456799968397, 37.89527599984375], [-118.75443999963743, 37.89524399975254], [-118.75226499956985, 37.89656300006664], [-118.75160799961883, 37.896940000303054], [-118.75032200020418, 37.897660999982456], [-118.74905299960965, 37.89834600012885], [-118.7472259996966, 37.89929400013346], [-118.74436500026394, 37.90075600007975], [-118.74262500038954, 37.90160500002187], [-118.7422429998998, 37.90180600007214], [-118.7418060000568, 37.902071000240966], [-118.74023900043477, 37.903231000301616], [-118.73792100025202, 37.90484700035135], [-118.73749799975441, 37.905090999959555], [-118.73707500015512, 37.90527499995399], [-118.73542599961897, 37.90587299977075], [-118.73477000039118, 37.90607599970361], [-118.73393099996696, 37.90637300031766], [-118.7333989996894, 37.9065660000693], [-118.73331800039684, 37.9066479998436], [-118.7330120000751, 37.906913000295894], [-118.73248200034567, 37.907412000073485], [-118.73243700013983, 37.90745500001673], [-118.73188999979365, 37.90791200008551], [-118.73160699993642, 37.90817899967132], [-118.73115000000195, 37.90858000010117], [-118.73086100029695, 37.90885700000741], [-118.7303220003467, 37.90940700001803], [-118.72875700037446, 37.91089299974335], [-118.72821699970096, 37.91144200009955], [-118.72810100024833, 37.911590000345214], [-118.72801900023258, 37.9117380002932], [-118.72796700035403, 37.911929000106845], [-118.72789799985875, 37.91239500015017], [-118.72785400037615, 37.91286000006927], [-118.72770100021525, 37.91422900020693], [-118.72765699983432, 37.9147170001731], [-118.72763500009303, 37.915207999663004], [-118.72764699978859, 37.91543999997208], [-118.72767399955276, 37.9155389999942], [-118.72772600032964, 37.91563100009581], [-118.72774600042112, 37.91564700031745], [-118.72771999958351, 37.91600999967072], [-118.72766000020738, 37.91627599967214], [-118.72761199962848, 37.91641499977507], [-118.72753899983356, 37.91656699976544], [-118.72744599994715, 37.9167109998023], [-118.72733399979414, 37.916847999885675], [-118.7272049999227, 37.91697400024923], [-118.72628500020596, 37.917715000196814], [-118.72582099970045, 37.9180269996572], [-118.725443000307, 37.918224999691276], [-118.7249369999687, 37.91844299994983], [-118.72457799994349, 37.91855300012111], [-118.72420600039783, 37.91863200021344], [-118.7240149997038, 37.91866000034242], [-118.72384800019755, 37.91867000033528], [-118.72356299979218, 37.91870599987316], [-118.72328499995784, 37.91876499984535], [-118.72301600034433, 37.918847000196585], [-118.72276000025128, 37.91895100021668], [-118.72251800040195, 37.919075999889536], [-118.7222349996464, 37.91926300010333], [-118.72210199957702, 37.919401000312384], [-118.72194400029159, 37.91960499968503], [-118.72187800016934, 37.91971600015849], [-118.72172599983338, 37.92004199978894], [-118.72169700041938, 37.920140000086626], [-118.72169900006921, 37.920234999823954], [-118.721740999902, 37.920308999996784], [-118.72199199997218, 37.92055200015549], [-118.72220200003444, 37.92079299971241], [-118.72226800015669, 37.92093299968049], [-118.7223030003168, 37.92107699967326], [-118.72231500001236, 37.92122899995033], [-118.72234599997448, 37.92131599985101], [-118.7223529996472, 37.921495000210754], [-118.72231900021032, 37.92162900022258], [-118.72230499996661, 37.921764999762885], [-118.72233299955569, 37.92198200027492], [-118.72231599983728, 37.92210699975673], [-118.7222410003925, 37.92235700020888], [-118.72223200017169, 37.92245399967074], [-118.72226300013382, 37.92259900010345], [-118.72236100004312, 37.922770999649764], [-118.72239200000526, 37.922858999723566], [-118.72242799999027, 37.923367999823505], [-118.72242299996739, 37.923418000116634], [-118.7223800003097, 37.9235129998713], [-118.72234599997448, 37.92354999973508], [-118.7221690004225, 37.92364099987624], [-118.72182000044303, 37.92377500022953], [-118.72096500012528, 37.92404800018858], [-118.72018699980043, 37.92430599994249], [-118.71937099984075, 37.92455299975143], [-118.7186500003156, 37.92475099993158], [-118.71836300026042, 37.924811999704296], [-118.71783600000573, 37.92488600023186], [-118.71678499986939, 37.92491900003134], [-118.71666000019592, 37.92493499964964], [-118.71653899982212, 37.92495999997637], [-118.71642099982132, 37.92499599997835], [-118.71630899966833, 37.92504199979776], [-118.71620300026143, 37.92509599973393], [-118.71610600017706, 37.92515900031791], [-118.71601699959028, 37.92523000027025], [-118.71580700042632, 37.92543100026259], [-118.71571000034193, 37.92556000030669], [-118.71561900010533, 37.92564600021035], [-118.71538700030175, 37.92581399968249], [-118.71523900016376, 37.925904000026364], [-118.71472000030498, 37.92624999991316], [-118.71462999989329, 37.92631700022324], [-118.71453299980891, 37.92642299995459], [-118.71446599986176, 37.926542999867095], [-118.71443099970168, 37.926672000086086], [-118.71442700040201, 37.9267500001417], [-118.71447900028055, 37.927421999809546], [-118.71446099983888, 37.92755700016611], [-118.71440800013544, 37.92768699982899], [-118.71432199992172, 37.927806000000274], [-118.71420599957077, 37.92790699998857], [-118.7140669996536, 37.92798800026481], [-118.71396999956922, 37.92802500000262], [-118.71363400000855, 37.92808599989361], [-118.71350900033508, 37.928118999674155], [-118.71340300002986, 37.92815999996062], [-118.71307099976883, 37.92834599995329], [-118.71294400044556, 37.928393000307416], [-118.71269800039826, 37.92846499976653], [-118.71244300013014, 37.92856499976437], [-118.71234100002289, 37.928619999740604], [-118.7121600002729, 37.928737000236026], [-118.71199399969323, 37.928867999728034], [-118.71183999970745, 37.92902000019824], [-118.71164800008684, 37.92927599994431], [-118.71147900003243, 37.929527999676175], [-118.71137600010026, 37.929707999664416], [-118.71130300030534, 37.92979699971622], [-118.71121799991654, 37.92988000029639], [-118.7111230003803, 37.92995499974976], [-118.7110189997249, 37.930022000226565], [-118.71090699957192, 37.93007999984968], [-118.7107869999213, 37.93012800028501], [-118.71059399957744, 37.93018200002877], [-118.70871300013604, 37.93055399994132], [-118.70587500026966, 37.931094000259186], [-118.70506500015773, 37.93125600007709], [-118.69935799956447, 37.93237600021434], [-118.69788600037697, 37.93264799967667], [-118.6956719999513, 37.933074000318356], [-118.69491999956573, 37.93320700004631], [-118.69255500042563, 37.933672000171015], [-118.69054299966635, 37.93405700002923], [-118.69004999974685, 37.934710999769024], [-118.68943200015387, 37.93549500009357], [-118.68824700012325, 37.93704800031923], [-118.68714400010839, 37.93845899996024], [-118.68666200005954, 37.939103999812225], [-118.68613700035297, 37.939888000038806], [-118.68605100013926, 37.940066999818775], [-118.68598500001701, 37.940263999674265], [-118.68582400035854, 37.941056999728296], [-118.6855180000368, 37.942759999808025], [-118.68550200014325, 37.94306300006294], [-118.68550899981595, 37.943360999688956], [-118.68556400006754, 37.94354900007225], [-118.68570499963455, 37.943921999932776], [-118.68579800041927, 37.944095000184504], [-118.6858779998869, 37.94421700016627], [-118.6860529997891, 37.944439000310226], [-118.68620199975199, 37.94457899988386], [-118.68635800028594, 37.9447080003327], [-118.68774199960986, 37.94574900031268], [-118.69135399960317, 37.94843299967204], [-118.6940440002299, 37.95040399973791], [-118.69490000037256, 37.951055000054545], [-118.69618499996231, 37.95198000010562], [-118.6970169998155, 37.952605000323786], [-118.70038399958644, 37.955073000164], [-118.70286999999864, 37.956917000060145], [-118.7040769997706, 37.957779999867924], [-118.70507799967822, 37.95851099981262], [-118.70767399969529, 37.96044100007608], [-118.70815499991924, 37.96082100032063], [-118.7083929995706, 37.96102700032095], [-118.70864799983875, 37.961269999743514], [-118.70887600034268, 37.96150600010939], [-118.7096379998757, 37.96236999986355], [-118.710905999747, 37.963990000067504], [-118.71155799967516, 37.96484500026532], [-118.71172199970668, 37.96513300002123], [-118.71183700023272, 37.96538800003527], [-118.71202999967826, 37.96613599987786], [-118.71238700005362, 37.967426000188745], [-118.7126719995607, 37.96865700024992], [-118.71282200024682, 37.969187000107354], [-118.71298100025548, 37.96957599991306], [-118.71314100008905, 37.9699079997099], [-118.713249999869, 37.970072000232975], [-118.71333699990764, 37.97018500014275], [-118.71347499999989, 37.97031799997662], [-118.71368300041236, 37.970444999976486], [-118.71406099980582, 37.97062199980495], [-118.7152640002781, 37.97106300010202], [-118.71541999991372, 37.97111000004652], [-118.71558200029541, 37.97114500018152], [-118.71574799997677, 37.97116500004881], [-118.71736099962959, 37.97110100002932], [-118.71826000032827, 37.97108000022104], [-118.71867399970672, 37.971056999850795], [-118.71882400039286, 37.971069000352756], [-118.7189680003329, 37.97110600035376], [-118.71909899985417, 37.97116599997121], [-118.71921199983207, 37.97124600009309], [-118.71930100041884, 37.97134300018584], [-118.71954099972007, 37.971739000008704], [-118.71964700002526, 37.97198699965408], [-118.71974900013254, 37.9724140001584], [-118.71988999969949, 37.97312000008316], [-118.71998400030915, 37.97339300015839], [-118.72016099986116, 37.97371099984528], [-118.7202699996411, 37.97386300032682], [-118.72044799991632, 37.97403899982038], [-118.72070200035955, 37.97419700032598], [-118.72102500039973, 37.974354999783294], [-118.72128200031767, 37.97446499984111], [-118.72145300002192, 37.974509999978196], [-118.72164399981762, 37.97453899994179], [-118.72187899999426, 37.97454400003198], [-118.72202799995718, 37.974533999851204], [-118.72217299972213, 37.974511999731845], [-118.72233599992875, 37.97447400015397], [-118.72293400032855, 37.974300999926356], [-118.72301899981906, 37.97429200030037], [-118.7231490004137, 37.974298000287185], [-118.72334400040738, 37.9743230001089], [-118.7240420003663, 37.97446300008618], [-118.72427199962176, 37.97446700030413], [-118.72464999991352, 37.974429999872804], [-118.72477799996005, 37.97442599965278], [-118.72488300044036, 37.97443599984833], [-118.72507400023605, 37.97448500022016], [-118.72527500007749, 37.974565000265606], [-118.7256750001106, 37.97480400000603], [-118.7264440002146, 37.97542200025729], [-118.7273930002437, 37.97637000015467], [-118.72796900000387, 37.977011999737506], [-118.72814599955588, 37.97728299982154], [-118.72833100040211, 37.97761799967116], [-118.72853800009133, 37.977946999719904], [-118.72884000021514, 37.97877399965492], [-118.72892800007868, 37.97893100006454], [-118.72906100014808, 37.97906400033812], [-118.72915300020959, 37.979141000200066], [-118.72923400040044, 37.97919500003662], [-118.72960699977104, 37.9793480003019], [-118.7297170002742, 37.979420000108135], [-118.72982799970396, 37.97953599992269], [-118.72985500036646, 37.97956400021673], [-118.73009100036799, 37.97985300009843], [-118.7302240004374, 37.97996999973913], [-118.73038599992081, 37.980078000276826], [-118.73066899977802, 37.98019200016058], [-118.73096500005404, 37.980270999851896], [-118.73114699962889, 37.980339000271], [-118.73124299988837, 37.980389000039125], [-118.73164899976922, 37.98066400027919], [-118.73183000041752, 37.9808000003261], [-118.73194900024319, 37.98088900009537], [-118.73240500035277, 37.98127999976811], [-118.73249700041428, 37.981379000328985], [-118.7325180003307, 37.98140099980611], [-118.73264499965397, 37.98149700015078], [-118.73320100022099, 37.98180900004952], [-118.73334900035897, 37.98190199982402], [-118.73372500010264, 37.98218099985637], [-118.73395199988336, 37.98230000028342], [-118.73469900024607, 37.98253300030491], [-118.73485800025472, 37.98257399996777], [-118.73510099992897, 37.982637000130374], [-118.73550500016, 37.982785999827755], [-118.73569199975775, 37.98283999981444], [-118.73604900013314, 37.9829139999677], [-118.73669000019063, 37.982984000292745], [-118.73692100016933, 37.983020000191146], [-118.73700700038306, 37.98304199988437], [-118.73716800004154, 37.983111000327646], [-118.7374750001882, 37.9833179998521], [-118.73766900035695, 37.98350500016892], [-118.73807900043576, 37.98374000011476], [-118.73832700013288, 37.983859000137755], [-118.73910399973452, 37.984308000277515], [-118.73929200005549, 37.98444300020177], [-118.73935900000265, 37.98451799989502], [-118.7395790001107, 37.984936999716325], [-118.73971200018006, 37.98507699998005], [-118.73980599989139, 37.98515100000143], [-118.73990799999864, 37.985216999976664], [-118.74001900032673, 37.985274000197144], [-118.7401370003275, 37.98532100024627], [-118.74026000035113, 37.985358000143236], [-118.74038699967443, 37.98538499990321], [-118.74051800009403, 37.98540099980873], [-118.74073099963104, 37.98540399970211], [-118.74086000040079, 37.98538700006858], [-118.74118300044097, 37.98530699978287], [-118.74136699966566, 37.98528400033063], [-118.7415249998494, 37.98528400033063], [-118.74202699998973, 37.98530999968009], [-118.74215800040932, 37.985332000102815], [-118.74235900025076, 37.98538900023396], [-118.74245899980987, 37.985460000049656], [-118.7425380003509, 37.98554599994387], [-118.74259299970417, 37.98564300025523], [-118.74262100019159, 37.98574699992102], [-118.74263000041242, 37.98640599971419], [-118.7426859995906, 37.98664699996647], [-118.74277500017737, 37.986810999905885], [-118.74285200017027, 37.98692499994995], [-118.74304200014105, 37.9871390001009], [-118.74325100037844, 37.98731800014149], [-118.74359799980975, 37.98752400013419], [-118.74419000036177, 37.987835999894706], [-118.74452000007466, 37.98804100015652], [-118.74463700025053, 37.9881420001819], [-118.74561999971647, 37.98924799998443], [-118.7457899995958, 37.989463000112586], [-118.7459889997874, 37.98974599980812], [-118.7465079996462, 37.99056499977551], [-118.74743499993397, 37.99207900034629], [-118.74837999976506, 37.99357499992689], [-118.74935700028156, 37.99489599972096], [-118.75035499981611, 37.99621999995271], [-118.75080599990282, 37.99679400004456], [-118.75096699956131, 37.99698700024904], [-118.75106100017098, 37.99712799973992], [-118.75111999972219, 37.997269999942304], [-118.75113999981366, 37.99741899965465], [-118.75119900026324, 37.998821999894034], [-118.75123699989807, 37.99930400014544], [-118.75128799995167, 37.99944599967418], [-118.75136999996744, 37.99957000021421], [-118.75149499964093, 37.99969399983675], [-118.751754000107, 37.999861999881404], [-118.75253300025679, 38.000533999750836], [-118.75326999967542, 38.00111200023854], [-118.753986000076, 38.001708000026824], [-118.75477600009643, 38.002503000299555], [-118.75632500017515, 38.00367499982339], [-118.75705800029415, 38.004363000160055], [-118.75719999968605, 38.0045360002959], [-118.75731900041006, 38.00471999980428], [-118.75741200029647, 38.004912000214624], [-118.75748000006855, 38.005110999880756], [-118.75752100007642, 38.005313999666626], [-118.7575350003201, 38.00553999978523], [-118.75744400008352, 38.00637499993223], [-118.7574480002815, 38.00654300024272], [-118.75749799961189, 38.00687800027314], [-118.75756799993208, 38.00714899975667], [-118.75764800029803, 38.007374999881556], [-118.75783300024594, 38.008248000166105], [-118.75786300038318, 38.00860399988458], [-118.75786300038318, 38.008852000217665], [-118.75794899969858, 38.00932799970522], [-118.75796999961497, 38.00954200032052], [-118.75795999956924, 38.00978499979218], [-118.75787199970571, 38.01043399996668], [-118.7577389996363, 38.01083899984478], [-118.75718600034065, 38.01200199993446], [-118.756767000041, 38.01285599985661], [-118.75653299968927, 38.01340199984875], [-118.75638600027449, 38.013770999955256], [-118.7561610001436, 38.014670000068605], [-118.75602600042438, 38.015356999821215], [-118.7559140002714, 38.016087000288984], [-118.75572599995041, 38.01755299992381], [-118.75537600014606, 38.0198750001484], [-118.75528599973435, 38.020671000116785], [-118.75520700009164, 38.02147500019458], [-118.75511300038032, 38.0222960002255], [-118.75494500015084, 38.02314799995687], [-118.75488700042449, 38.023503000282524], [-118.75485399991422, 38.02387700004287], [-118.75487700037878, 38.02438799982525], [-118.75483899984565, 38.02559799976057], [-118.75477600009643, 38.026820999980174], [-118.75477199989848, 38.0271149998186], [-118.75479100016506, 38.027228000323525], [-118.75489699957194, 38.02756299993202], [-118.75492800043239, 38.02766200029197], [-118.75548999994888, 38.02898700024464], [-118.75608599980052, 38.03030500010872], [-118.75717200009697, 38.03283599970922], [-118.75816399978376, 38.03541900026952], [-118.75846400025772, 38.03630200001422], [-118.75893700008575, 38.03758099999732], [-118.75929899958565, 38.038517999878025], [-118.76005400034431, 38.041167000119685], [-118.76015999975121, 38.04158899999509], [-118.76020099975909, 38.04170299977222], [-118.76027399955402, 38.04185300010222], [-118.76036599961552, 38.04199600035241], [-118.7604769999436, 38.04212999982381], [-118.76060499999015, 38.04225499998078], [-118.76074899993016, 38.042367999769255], [-118.7609070001139, 38.042468999952284], [-118.76171600040091, 38.04302900007838], [-118.76204600011377, 38.04331299995079], [-118.76212800012956, 38.04341699988762], [-118.76255699957666, 38.044265999860066], [-118.7630729999607, 38.045358000254346], [-118.76354900016176, 38.04648000005185], [-118.76379600003395, 38.04697100020955], [-118.76411099967821, 38.04753700022159], [-118.76511300030907, 38.04970500031561], [-118.76577299973484, 38.05117299977286], [-118.7659390003145, 38.05147300022943], [-118.7660099995613, 38.05162699989665], [-118.76608200042962, 38.051737000066915], [-118.76616799974505, 38.05184100006296], [-118.76626700037752, 38.051937999674514], [-118.76637799980733, 38.052025999874445], [-118.76651000005181, 38.052109000215324], [-118.76733100003435, 38.052713999720204], [-118.76808800044282, 38.05334300013873], [-118.76881999983861, 38.05398399977144], [-118.76996499968628, 38.054940000001466], [-118.77081400015624, 38.05566600001151], [-118.77161199967426, 38.05626599964707], [-118.77320299958578, 38.05753000006054], [-118.77383299977261, 38.05805899980377], [-118.77393200040511, 38.05811399967393], [-118.77403899963694, 38.058217999804164], [-118.7740849996677, 38.05829899989845], [-118.7741080001322, 38.058386000083196], [-118.77413900009434, 38.05865700004465], [-118.77417199970631, 38.05882399988136], [-118.77427299998867, 38.0590020001644], [-118.77444700006595, 38.05919499994631], [-118.77461899959509, 38.05934300024053], [-118.77466499962583, 38.05940100025511], [-118.77498099999332, 38.06021600024437], [-118.77505399978827, 38.06031300007341], [-118.77509999981899, 38.060357999870234], [-118.77537600000353, 38.06054599972811], [-118.77542799988207, 38.06059499985248], [-118.77549400000431, 38.0606830002533], [-118.77555299955554, 38.060806999738254], [-118.77557600002008, 38.06087400032511], [-118.77558000021803, 38.06091500003114], [-118.77555400027879, 38.06101399986486], [-118.77546399986707, 38.061130000028314], [-118.77519000023071, 38.06136899984628], [-118.77407700017007, 38.062245000012815], [-118.77394699957543, 38.062377999813016], [-118.77387899980337, 38.06249199975251], [-118.77385200003918, 38.062594999935946], [-118.77385200003918, 38.06270100024114], [-118.77387999962826, 38.06280400013038], [-118.77392099963616, 38.06287999966732], [-118.77426299994293, 38.06334899980907], [-118.7743039999508, 38.06344799988605], [-118.77431800019451, 38.063552000215545], [-118.7743039999508, 38.06365599968992], [-118.77423899965348, 38.063922999649456], [-118.7742060000415, 38.064146999918215], [-118.77420299966847, 38.064298999659485], [-118.77422899960771, 38.0644299998392], [-118.77431399999654, 38.06462400021978], [-118.77462699999099, 38.06526600011552], [-118.7748160001369, 38.06588599974834], [-118.77515599989552, 38.066773999985905], [-118.77553300036236, 38.067587999870234], [-118.77593900024324, 38.06841700005442], [-118.77613900025978, 38.068765000144055], [-118.77638500030706, 38.069089999960305], [-118.77766800024699, 38.07038199976688], [-118.77975100025309, 38.07238900003958], [-118.78409700019033, 38.07669200012507], [-118.78411999975654, 38.07671399999124], [-118.78470899993548, 38.077270000196776], [-118.78895299976547, 38.081527000176315], [-118.78909800042875, 38.08168600008607], [-118.78949799956351, 38.08208100020217], [-118.78960800006668, 38.082041999986686], [-118.7897140003719, 38.08197399986948], [-118.78980700025832, 38.08192800010783], [-118.78989699977167, 38.08189500018415], [-118.79009799961314, 38.08183899997964], [-118.79028099991126, 38.081806999843494], [-118.79040300010998, 38.08181599970647], [-118.79051799973769, 38.08183499996342], [-118.79063400008867, 38.08185500004245], [-118.79081900003658, 38.08189900019713], [-118.79111799978732, 38.081912000060996], [-118.79130399956017, 38.08190899987505], [-118.79178800015715, 38.08185000019999], [-118.79222800037321, 38.0817760002286], [-118.79265000014759, 38.08166800032708], [-118.79289700001979, 38.08157700022077], [-118.79343000012227, 38.08143699972725], [-118.7937280000481, 38.081384999920125], [-118.79438300034931, 38.08132499998796], [-118.79452700028938, 38.081320000109265], [-118.79500000011738, 38.08127600031328], [-118.79526600025615, 38.08126999988908], [-118.79548200016622, 38.0812770001482], [-118.79576699967326, 38.08124499976611], [-118.79624399969924, 38.08122399968455], [-118.7965299999295, 38.08118499971907], [-118.79691700044211, 38.08115600022079], [-118.79734599988919, 38.081148000113366], [-118.79780700002165, 38.08112100027458], [-118.79848400006416, 38.08104300021299], [-118.798746000005, 38.08099500018811], [-118.79979200011844, 38.080832000118875], [-118.79997399969334, 38.08079100026113], [-118.80060499970509, 38.0806229998108], [-118.80104800029417, 38.08053900014797], [-118.8022180002562, 38.08034299985237], [-118.8027749997498, 38.08017800004403], [-118.80294700017726, 38.08014300033677], [-118.80436700038454, 38.07994900010018], [-118.8046200001045, 38.07988799984289], [-118.80483099999171, 38.07985299999688], [-118.80545199995773, 38.07981499986225], [-118.80553899999637, 38.079793000221834], [-118.80669499971467, 38.07942699996242], [-118.80701000025726, 38.07931900012704], [-118.80735099984082, 38.07921500029198], [-118.80757900034476, 38.079125999690106], [-118.80781199997327, 38.07900200014086], [-118.80796099993617, 38.07895799965716], [-118.80830300024294, 38.07883800000347], [-118.80841000037307, 38.07878700033848], [-118.80863799997867, 38.07870299998088], [-118.80895199979804, 38.07862799978202], [-118.80936000022707, 38.07849200020585], [-118.80978100017651, 38.07842899969252], [-118.81011199971431, 38.0783970001855], [-118.81025200035471, 38.078362000332945], [-118.81062200025058, 38.07828699978442], [-118.81073199985543, 38.078273999983224], [-118.8110950000786, 38.078257999843984], [-118.81197399978747, 38.0780950000379], [-118.81220700031427, 38.07802599990638], [-118.81238899988915, 38.07798300012972], [-118.81313999955152, 38.07785800017493], [-118.81327599999396, 38.07782499982875], [-118.81371100018715, 38.07776200015503], [-118.8146309999039, 38.077571000330025], [-118.81561799956783, 38.07745199970186], [-118.81606700000471, 38.07738000000618], [-118.81647299988556, 38.07728699973457], [-118.81754800031135, 38.07715799973226], [-118.81842299982227, 38.07701899986428], [-118.81876400030413, 38.076973999707945], [-118.81885999966526, 38.07693600019867], [-118.81899600010769, 38.07690099964694], [-118.81933300039161, 38.076844999860676], [-118.81974400029534, 38.076722999773835], [-118.8201779997653, 38.07662800028402], [-118.82027099965171, 38.076617999883915], [-118.82034799964462, 38.076619999681164], [-118.82135600012323, 38.07645400005729], [-118.82157799988109, 38.07640100034081], [-118.82165300022417, 38.07639400032201], [-118.82217100025802, 38.07626600006232], [-118.82265300030687, 38.07617800001895], [-118.82316600031784, 38.076068999722054], [-118.82432200003616, 38.07580599988736], [-118.8244579995803, 38.07579099982523], [-118.82464699972618, 38.07578199992794], [-118.8248869999257, 38.07580699979706], [-118.8250419997364, 38.07580200024824], [-118.8252889996086, 38.07577100020909], [-118.82592200016852, 38.075628000177744], [-118.82721299960603, 38.07537799978258], [-118.82847399980461, 38.075090000185924], [-118.8296680000561, 38.074880999731654], [-118.8299779996775, 38.074850999932075], [-118.83014000005919, 38.074821000120245], [-118.8303219996341, 38.0747760000258], [-118.83136600009773, 38.074589999813156], [-118.83161999964261, 38.07457400028221], [-118.8319209999415, 38.07458400025463], [-118.83210599988941, 38.07456400030842], [-118.8321390003997, 38.074560999821], [-118.83283399998557, 38.07442800024626], [-118.83345900014956, 38.07433100003697], [-118.83360700028754, 38.07432100002996], [-118.83428199978194, 38.07432599968008], [-118.83434600025434, 38.07431900016985], [-118.83459099957844, 38.07423800013113], [-118.83506400030473, 38.074155000138056], [-118.83528400041277, 38.07413799987227], [-118.8354629996146, 38.07414500010699], [-118.83564799956254, 38.07412699990616], [-118.83581800034015, 38.07407599978452], [-118.8360259998543, 38.073980999685034], [-118.83628199994735, 38.073825999741665], [-118.83640300032117, 38.07377799992982], [-118.83654399988815, 38.07373699965311], [-118.83690299991336, 38.07361100028011], [-118.8373139998171, 38.07349300022149], [-118.83800900030128, 38.07322799971965], [-118.8380670000276, 38.073196000058424], [-118.8383699999763, 38.073078999984524], [-118.83847700010642, 38.073028999787006], [-118.83866799990213, 38.07290799964859], [-118.83873099965135, 38.0728840001526], [-118.83911399996597, 38.07278300021294], [-118.83933099970093, 38.072752000308554], [-118.84016299955415, 38.072661999667574], [-118.84066100039485, 38.07259799983588], [-118.84135599998072, 38.07253499990262], [-118.84167099962498, 38.072497000208486], [-118.84187599966438, 38.072451000142955], [-118.84215600004688, 38.07242499987787], [-118.84232599992619, 38.07238800008309], [-118.8425789996462, 38.07229299991273], [-118.84274799970058, 38.07220300012131], [-118.84291299955704, 38.07212900028844], [-118.843108000449, 38.07201699973006], [-118.84335600014613, 38.07194199974649], [-118.84364999987399, 38.07184199988445], [-118.84383200034719, 38.071803999830294], [-118.84405699957978, 38.0717889996546], [-118.84419600039527, 38.07179300022037], [-118.84464400010893, 38.071834000172444], [-118.84487199971456, 38.071829000352], [-118.8449870002406, 38.07180599975923], [-118.8450449999669, 38.07177800004242], [-118.84523999996058, 38.0716369999167], [-118.84538600044874, 38.071561000282856], [-118.84558800011513, 38.07149400028893], [-118.84573799990295, 38.07143400002067], [-118.84589400043689, 38.07130500030257], [-118.84623199964739, 38.0710929997181], [-118.84656399990838, 38.070904000109984], [-118.84743799959439, 38.07045799991848], [-118.8478820000084, 38.070293999716014], [-118.84826000030019, 38.070108000128116], [-118.84857400011953, 38.06998900008669], [-118.84887299987027, 38.06990900019367], [-118.84905799981823, 38.069836000153046], [-118.84923500026852, 38.06977699993139], [-118.84989200021957, 38.069654000083354], [-118.85025999956726, 38.06956899984908], [-118.85065999960037, 38.0695090001234], [-118.85084700009644, 38.06946100030748], [-118.85111700043316, 38.069361999880385], [-118.85118100000724, 38.06935499989514], [-118.85153199963653, 38.069353999897174], [-118.85187599959315, 38.06932099995719], [-118.85227300015148, 38.069322999953954], [-118.85260500041251, 38.06928000001095], [-118.85275299965221, 38.06924800003701], [-118.85289599976733, 38.069204000049915], [-118.85303300003467, 38.06914900002883], [-118.85323600042426, 38.06903599985584], [-118.85352599995419, 38.06880100035151], [-118.85371699974988, 38.068669000211514], [-118.85390300042103, 38.068582000230116], [-118.85405400003377, 38.068531999787545], [-118.85464900006053, 38.068301000128145], [-118.85472600005343, 38.068256000265706], [-118.8549000001307, 38.068135000011196], [-118.85504999991853, 38.06805500021235], [-118.85537799998158, 38.06785999971721], [-118.85576899979385, 38.06755099975049], [-118.85586699970311, 38.06748799971383], [-118.85597300000833, 38.06743299981709], [-118.85608599998623, 38.06738700010319], [-118.85622099970546, 38.06734699980568], [-118.85658899995148, 38.06721099976215], [-118.85671500034817, 38.06714600008367], [-118.85681300025747, 38.067049000118836], [-118.8568640003111, 38.066949999963754], [-118.85693700010603, 38.06666399978471], [-118.85698099958864, 38.06658599986335], [-118.85699400000743, 38.06651600015323], [-118.8570400000382, 38.06642500028853], [-118.85710100013755, 38.06633699972103], [-118.85719400002398, 38.066251999876066], [-118.8575680001178, 38.065825999831], [-118.85762699966901, 38.0657590002423], [-118.85782300038592, 38.06525500022976], [-118.85791600027233, 38.064842000106616], [-118.85801800037959, 38.06466399988434], [-118.85828100014533, 38.06434900016604], [-118.85842300043554, 38.06425200002913], [-118.85862500010192, 38.064144999779884], [-118.85888700004273, 38.063979000134594], [-118.85897300025646, 38.0639110001967], [-118.8592800004031, 38.06359900029556], [-118.85956499991015, 38.06336799991279], [-118.85989399979812, 38.0631180000516], [-118.86035499993058, 38.06284899980989], [-118.86055199957406, 38.06276400015626], [-118.86082699993369, 38.06265799994234], [-118.86207999973638, 38.062250999876014], [-118.86230099966932, 38.06216400004258], [-118.8629479995746, 38.06184200017375], [-118.86310699958325, 38.06175599995585], [-118.86342100030093, 38.0615359998595], [-118.86389599977878, 38.06115000011105], [-118.8641309999554, 38.06099200022775], [-118.86425200032926, 38.06092800008838], [-118.86437600017778, 38.06087400032511], [-118.86458000039231, 38.06076900031773], [-118.8646790001265, 38.06069500023544], [-118.86477700003579, 38.06059399973479], [-118.8650029999916, 38.06041900014795], [-118.8652149997037, 38.060275999811104], [-118.8653839997581, 38.06018499996563], [-118.86560499969104, 38.06008900009148], [-118.86586499998205, 38.05991600025819], [-118.8660249998156, 38.059793000099326], [-118.86655500044334, 38.059342000105715], [-118.86667400026906, 38.05922200009882], [-118.86701200037783, 38.05884000002781], [-118.8675799997421, 38.05839899988244], [-118.86783699966004, 38.058235999675716], [-118.867917000026, 38.058160999710275], [-118.86813200011115, 38.057916999960675], [-118.8684180003414, 38.05766500025814], [-118.86853100031931, 38.05758999970757], [-118.86870100019863, 38.05751899971913], [-118.86896200031454, 38.05740899975042], [-118.86942000007394, 38.05723899973078], [-118.86964000018196, 38.057113000235326], [-118.86970899977892, 38.057049000240156], [-118.86979900019064, 38.056935999769316], [-118.86991600036649, 38.05670999971896], [-118.87001400027577, 38.056483999678015], [-118.8700929999185, 38.05634600031138], [-118.87032499972209, 38.05616100010128], [-118.87058199964004, 38.05600300005628], [-118.87077099978593, 38.055843000012345], [-118.87105500036635, 38.05556299997789], [-118.87145500039946, 38.055213999857564], [-118.87173700043175, 38.054995000093584], [-118.8723240000626, 38.054443999940226], [-118.87253999997264, 38.05417700005433], [-118.8726079997447, 38.054064000100716], [-118.87274400018717, 38.053878000279155], [-118.8728549996169, 38.053761999938175], [-118.87340199996311, 38.053297000055174], [-118.87370800028486, 38.053056000313504], [-118.87387200031638, 38.0529799997696], [-118.8739939996168, 38.052934999680225], [-118.87447999986361, 38.05278900031593], [-118.87501600033914, 38.05257099988982], [-118.87523200024918, 38.05251799984711], [-118.87531599991478, 38.052486000323206], [-118.87537500036433, 38.05245299984908], [-118.87561800003859, 38.052243999801654], [-118.87591000011663, 38.052073999810304], [-118.87601100039896, 38.05198399990475], [-118.87632100002034, 38.051678000105476], [-118.87640600040916, 38.05160599980034], [-118.8765350002806, 38.05142900016395], [-118.87659800002979, 38.051313999723206], [-118.87679499967328, 38.05109200028055], [-118.87715399969848, 38.050794999724765], [-118.87757100034831, 38.050416000297574], [-118.87788900036564, 38.05009100030107], [-118.87840999987421, 38.04955700033851], [-118.87858800014946, 38.04937500005199], [-118.87879099964074, 38.04913400013077], [-118.87904900028191, 38.04889300012358], [-118.87952600030786, 38.048532999756304], [-118.87962099984411, 38.04839200010859], [-118.8797320001722, 38.04824800003754], [-118.8798009997692, 38.04818400007227], [-118.88013899987799, 38.04794700022207], [-118.88068600022416, 38.04747500022869], [-118.88076200039214, 38.04737700006443], [-118.88096200040869, 38.04703499982041], [-118.88104400042445, 38.04695399999403], [-118.8811459996334, 38.04688700010486], [-118.88124600009081, 38.04683600009531], [-118.88135300022095, 38.04675699995493], [-118.88147700006951, 38.04663199970195], [-118.88157800035184, 38.0465080002531], [-118.88162600003241, 38.04646799986126], [-118.88171200024614, 38.0464319999851], [-118.88184899961517, 38.04634600005208], [-118.88216599980755, 38.0460610003087], [-118.88230499972475, 38.04595899981073], [-118.88250599956619, 38.04578199996186], [-118.88271200032884, 38.04565700016652], [-118.88326399979957, 38.04517699976148], [-118.88354400018206, 38.04498700008779], [-118.88362100017495, 38.0449259996821], [-118.88380199992491, 38.04481399992991], [-118.88420699998086, 38.044627999950336], [-118.88434800044617, 38.04453200018674], [-118.88445999970087, 38.044431000019614], [-118.88452699964802, 38.044346000198246], [-118.88458000024978, 38.044228000340865], [-118.88465800006756, 38.04399200005571], [-118.88466800011332, 38.04390899970867], [-118.88465899989248, 38.043682999761344], [-118.88471499996898, 38.04349899973365], [-118.88506399994843, 38.04288799973497], [-118.88514199976625, 38.042781999739624], [-118.88523300000286, 38.04263500027962], [-118.88529800030015, 38.042553000173484], [-118.8853769999429, 38.042485000136566], [-118.88544999973783, 38.04243599991478], [-118.88558600018028, 38.04236199969097], [-118.88566700037113, 38.042296999872434], [-118.88595000022833, 38.042034999986306], [-118.88600799995466, 38.04200399978921], [-118.88625900002481, 38.04180000008207], [-118.88668400017225, 38.041356000128204], [-118.88676100016515, 38.04129100012417], [-118.88714699995452, 38.04107399980167], [-118.88739800002467, 38.04090299966177], [-118.88747800039063, 38.04087000033353], [-118.88773000028573, 38.040806999966776], [-118.8878900001193, 38.040755999967075], [-118.88804099973201, 38.040678999706046], [-118.88815799990789, 38.04054199994179], [-118.88833700000804, 38.04037799990247], [-118.88856100031403, 38.040223000230895], [-118.88866699972093, 38.04013299990586], [-118.88873200001825, 38.04005000013696], [-118.88886000006475, 38.03977800021796], [-118.888962000172, 38.039615000286965], [-118.88915600034078, 38.0394190000111], [-118.88944300039596, 38.0391650001871], [-118.89015300005043, 38.038443000227055], [-118.89033799999834, 38.038302000250695], [-118.89058300022073, 38.038181999710815], [-118.89078400006218, 38.03802800006232], [-118.89087500029878, 38.037940000016654], [-118.89110999957711, 38.03763499996485], [-118.89141199970092, 38.03717500030265], [-118.89167399964172, 38.036863000339295], [-118.89195800022217, 38.036649000258116], [-118.89210600036019, 38.03652200025152], [-118.89237400014878, 38.036184999673516], [-118.89261599999811, 38.03591499975224], [-118.8928040003191, 38.03566500022168], [-118.89297000000046, 38.035474000169486], [-118.89321000019997, 38.03522500030553], [-118.89353800026302, 38.03492000026773], [-118.8938899997172, 38.03500799969679], [-118.89428499972742, 38.03503999978461], [-118.89468800013356, 38.03505399995127], [-118.89509200036461, 38.03504599975528], [-118.89547200030619, 38.035051999725454], [-118.8956079998503, 38.0350719998584], [-118.895726999676, 38.03510499967663], [-118.89617100009, 38.035296999739415], [-118.89642899983289, 38.03536500008314], [-118.8966000004354, 38.03539199982754], [-118.89722899989903, 38.035465000265866], [-118.89741899986983, 38.0355050003007], [-118.89760299999284, 38.03556000013609], [-118.89777799989501, 38.03562999973817], [-118.89856899974036, 38.03607500019258], [-118.89897399979631, 38.03623999970575], [-118.89941599966218, 38.036430999882974], [-118.90012600021498, 38.03667499979219], [-118.90044800043026, 38.036786000230016], [-118.90066400034033, 38.036890000239], [-118.90070500034822, 38.03690799969492], [-118.90123699972744, 38.0371410002714], [-118.90134999970537, 38.03730400004875], [-118.90138300021565, 38.03737499983404], [-118.90140400013205, 38.03766500016544], [-118.90144400031502, 38.03778599985934], [-118.9016829997913, 38.03810899985808], [-118.90175099956336, 38.03826899975041], [-118.901809000188, 38.03843800024755], [-118.90185699986857, 38.03852999995659], [-118.9020550002353, 38.03881700012873], [-118.90217800025894, 38.03901299989332], [-118.90233600044269, 38.03935799991926], [-118.90252499969026, 38.039655999874064], [-118.90262599997259, 38.039855000011435], [-118.90274700034642, 38.04017899977136], [-118.90287100019499, 38.0404060003148], [-118.90312300009006, 38.040684999922235], [-118.9031749999686, 38.040766999997786], [-118.90320400028091, 38.040859999998204], [-118.90320599993072, 38.04093799974772], [-118.9031690001208, 38.04106400020166], [-118.90315900007506, 38.04120800025279], [-118.90319400023517, 38.041332999861254], [-118.90328100027381, 38.04155000012372], [-118.90346799987157, 38.04194800017589], [-118.90355800028323, 38.04210499976682], [-118.90364299977374, 38.042217999786786], [-118.90370499969802, 38.0423509998999], [-118.903816999851, 38.0426509997202], [-118.9038589996838, 38.04286099992425], [-118.90391899995828, 38.04308300027346], [-118.90398599990542, 38.043206999863216], [-118.90431700034152, 38.04358900016637], [-118.90444500038805, 38.04380000014986], [-118.90447899982492, 38.043888999866695], [-118.90449499971845, 38.04396699992699], [-118.90449700026659, 38.04404600024804], [-118.90447499962696, 38.04426199991158], [-118.904478, 38.0443659999154], [-118.90449999974129, 38.04449400009818], [-118.90453800027446, 38.044563999650315], [-118.90455800036595, 38.04463799977105], [-118.90469300008517, 38.044798000254545], [-118.9048019998651, 38.04498599975681], [-118.90483600020029, 38.04507100025004], [-118.90487800003308, 38.04529300026564], [-118.90495000000311, 38.04543299989748], [-118.90501100010246, 38.04552899989457], [-118.90513699960087, 38.04564899971391], [-118.90519699987532, 38.0457190002841], [-118.90534500001333, 38.0458319996788], [-118.90537799962527, 38.04588500031768], [-118.90539400041712, 38.04594900017043], [-118.90537699980035, 38.046014000284146], [-118.90520699992106, 38.04627800000057], [-118.90514300034695, 38.04640500006635], [-118.90507600039982, 38.046617000025094], [-118.90505200011036, 38.04674699971618], [-118.90506399980595, 38.046850000129226], [-118.9050970003162, 38.04690699983536], [-118.90516599991318, 38.04694899988828], [-118.90533900016554, 38.04699700032351], [-118.9054760004329, 38.047018999922976], [-118.90576799961262, 38.04711499996273], [-118.90582399968913, 38.04714999990906], [-118.9060060001623, 38.047368999799765], [-118.90607300010943, 38.04750400034604], [-118.9061240001631, 38.04770099978989], [-118.90618000023957, 38.04797600015239], [-118.90624299998876, 38.04809999994448], [-118.90634099989806, 38.04820799988895], [-118.90668400002974, 38.0485279997584], [-118.90677199989328, 38.04859899997976], [-118.90683700019062, 38.048665999717], [-118.90699799984911, 38.04890699976408], [-118.90743899989006, 38.05002699982479], [-118.90758200000518, 38.05045799975219], [-118.90775100005959, 38.05084400001141], [-118.90778100019682, 38.0509580002338], [-118.90782800005249, 38.051223000052254], [-118.90805099963524, 38.051604000026636], [-118.90817200000906, 38.05189999989307], [-118.90822999973541, 38.05201699988298], [-118.90837000037578, 38.052187000006654], [-118.90851900033871, 38.0523350003255], [-118.90890400030317, 38.05284999982898], [-118.90896000037965, 38.05290300033869], [-118.90917200009177, 38.05303600014079], [-118.90924599971164, 38.05310600001403], [-118.90930299961303, 38.05320899996851], [-118.90933199992536, 38.053288000219986], [-118.90936399971238, 38.05345899972905], [-118.9093980000476, 38.05355600002586], [-118.90959800006411, 38.05390899969281], [-118.90964699956962, 38.05404100028913], [-118.90966300036146, 38.05413700031607], [-118.90966500001127, 38.05421200016107], [-118.90972100008779, 38.05445200013906], [-118.9097999997305, 38.0547250002094], [-118.9098690002258, 38.05490999980519], [-118.91009199980854, 38.05530800008818], [-118.91027099990869, 38.05556599982987], [-118.91048099997097, 38.05581000034435], [-118.91052799982663, 38.05588099986877], [-118.91067699978956, 38.05617800030071], [-118.91078399991967, 38.056476999875336], [-118.9108709999583, 38.0566760002707], [-118.9110180002714, 38.0569319998058], [-118.91113500044725, 38.05707199981382], [-118.91117800010497, 38.05714600002314], [-118.91120700041728, 38.05723499978382], [-118.91128699988492, 38.057682000108166], [-118.91135999967985, 38.05786700001014], [-118.91147299965775, 38.0580380001382], [-118.91153799995507, 38.05811499982551], [-118.91161900014592, 38.05824699990936], [-118.91181699961433, 38.058535000037466], [-118.91189799980518, 38.058692000130954], [-118.91206299966161, 38.059122999962604], [-118.91225500018056, 38.059520999968534], [-118.91240499996837, 38.05989499971092], [-118.91256399997707, 38.0602510002923], [-118.91263599994707, 38.0603929998503], [-118.91271100029016, 38.060689000244594], [-118.91276900001648, 38.06083199977441], [-118.91285900042817, 38.060951999970385], [-118.91296499983504, 38.0610339999793], [-118.91325500026328, 38.06138500014357], [-118.91331200016468, 38.06146600026883], [-118.91349299991464, 38.061793000177104], [-118.91354999981606, 38.061914000311376], [-118.9135609996867, 38.06199599994955], [-118.9135389999454, 38.062195000190215], [-118.91354300014335, 38.06234199998134], [-118.91356800025771, 38.06243899982134], [-118.91359699967173, 38.06249899968714], [-118.91368200006055, 38.0626089997849], [-118.91378400016778, 38.06272199998312], [-118.91443000024817, 38.06384899992784], [-118.9145599999445, 38.064143999710765], [-118.91461299964796, 38.064239999923046], [-118.91466399970159, 38.06429700023259], [-118.91469700021187, 38.064363999745574], [-118.91472700034909, 38.064453999987066], [-118.91478199970236, 38.06481499990604], [-118.91487999961166, 38.065114000261424], [-118.9150520000391, 38.06546399989856], [-118.91533599972122, 38.06589500015606], [-118.91537400025437, 38.06597300010693], [-118.91542199993496, 38.0662560000374], [-118.91546100029302, 38.06636300002829], [-118.91560500023306, 38.06664499982967], [-118.91568800007374, 38.06687699979928], [-118.91576000004375, 38.06721199978941], [-118.91593999996881, 38.06769199997271], [-118.91595599986233, 38.06778399969536], [-118.91633300032919, 38.06848800007707], [-118.91638400038285, 38.06855499999537], [-118.91643500043645, 38.06859899966559], [-118.91656000010994, 38.06868000029121], [-118.91669900002708, 38.0688059996717], [-118.91676400032442, 38.068877000023996], [-118.91680699998211, 38.06894100028252], [-118.91689900004364, 38.06917900004549], [-118.91692499998291, 38.06930099998629], [-118.91692699963272, 38.06937799984421], [-118.91690700043954, 38.06946800028258], [-118.91687300010436, 38.06954699995535], [-118.91661500036149, 38.069920000086896], [-118.91655900028502, 38.070043000194886], [-118.91646600039859, 38.070314000122636], [-118.91640000027634, 38.07055099968015], [-118.91637099996403, 38.0708110000899], [-118.91635000004763, 38.07087600004797], [-118.91629700034419, 38.070944999853154], [-118.91603100020542, 38.0711719997575], [-118.91595699968727, 38.071281000280614], [-118.91591900005241, 38.07139599975456], [-118.9159120003797, 38.07167200015883], [-118.91588200024246, 38.07188699966249], [-118.9158899997401, 38.07201299988374], [-118.91593400012103, 38.072140999807715], [-118.91597099993095, 38.07236299975245], [-118.91597900032687, 38.07247699969161], [-118.91596799955792, 38.07257800005375], [-118.91590399998378, 38.07274399998888], [-118.91583899968646, 38.07283800033039], [-118.91575900021883, 38.07292200035281], [-118.91566600033242, 38.073001999779336], [-118.91560500023306, 38.073075000196276], [-118.91557500009584, 38.07315800000056], [-118.91557699974565, 38.07322200004945], [-118.91560500023306, 38.0732649997967], [-118.91564700006585, 38.07329600019085], [-118.9158069998994, 38.073364999834794], [-118.91584399970934, 38.07339700012926], [-118.91588300006738, 38.073488999748704], [-118.91589800013602, 38.0735540001557], [-118.91598599999955, 38.07363500024475], [-118.91604200007609, 38.07366599977495], [-118.91611499987101, 38.07368999972154], [-118.91630099964384, 38.07370800002992], [-118.91641500034498, 38.07370999990673], [-118.91660600014065, 38.07374100011233], [-118.91674300040803, 38.073785000198995], [-118.91745300006248, 38.07407100011737], [-118.91760500039847, 38.07416199966398], [-118.91766999979747, 38.07422500031733], [-118.91770800033062, 38.07428900013975], [-118.91773799956955, 38.0743780002638], [-118.91772599987397, 38.07445900014748], [-118.91769599973675, 38.07453099989022], [-118.91761799991893, 38.074639999650685], [-118.9175869999568, 38.07469800026795], [-118.91756199984246, 38.07478100035194], [-118.91757400043633, 38.07486999987729], [-118.91761200007117, 38.07493100007736], [-118.91799299983768, 38.07514300014529], [-118.91809499994491, 38.075220000217975], [-118.91810599981558, 38.07527000033191], [-118.91806399998278, 38.075592999707126], [-118.91806900000566, 38.075766999860896], [-118.91833299959627, 38.07653299996364], [-118.91836600010657, 38.07671900018487], [-118.91842399983288, 38.07689000009638], [-118.9185519998794, 38.07710499981881], [-118.91866900005527, 38.07723399991461], [-118.91882200021615, 38.07735099970607], [-118.91901999968456, 38.07745900032647], [-118.9191350002106, 38.07755099978636], [-118.91929400021927, 38.07773800013037], [-118.91964200037381, 38.078368000288684], [-118.9197550003517, 38.078521000053534], [-118.91980300003227, 38.07862699991088], [-118.91983800019239, 38.07874199985585], [-118.91987500000228, 38.07897400035038], [-118.9199240004061, 38.07911300003806], [-118.92003400001096, 38.07930300021644], [-118.92022499980668, 38.07951799991599], [-118.92027699968519, 38.07959299990914], [-118.92036399972385, 38.07978499996529], [-118.92040599955664, 38.07985600026718], [-118.92042599964815, 38.07993099991364], [-118.92044999993759, 38.08031899996764], [-118.92044400008977, 38.08042699974034], [-118.92045499996043, 38.08048800025511], [-118.92051100003694, 38.080572999821065], [-118.92067199969541, 38.08066699999971], [-118.92077399980266, 38.080738999994665], [-118.92098100039021, 38.08104199966772], [-118.92117600038391, 38.08120699964775], [-118.92142300025608, 38.081448000008095], [-118.92157700024188, 38.081618000344854], [-118.9217119999611, 38.081931000293004], [-118.9218740003428, 38.082237000148915], [-118.9220149999098, 38.082609000093], [-118.92211500036724, 38.08276099965479], [-118.92218899998706, 38.08284299996629], [-118.92268899957925, 38.08323900000392], [-118.92274100035613, 38.08329599965065], [-118.92282599984664, 38.083444999782564], [-118.92286000018179, 38.0835300001536], [-118.92289199996887, 38.08372199977127], [-118.92292700012895, 38.08382899966715], [-118.92302699968806, 38.08401000002006], [-118.92309399963523, 38.084460999961955], [-118.92310700005402, 38.08497499982732], [-118.92295200024333, 38.08526699991855], [-118.92296200028906, 38.08565299968287], [-118.92352499963044, 38.086960999978], [-118.92365699987491, 38.087312999931434], [-118.92382699975423, 38.08759899997132], [-118.9242040002211, 38.08804300008093], [-118.92458599981252, 38.08864800011902], [-118.92484000025573, 38.08902899964903], [-118.9251330001587, 38.08931400032064], [-118.92526500040316, 38.08972999999847], [-118.92555900013105, 38.090077999779936], [-118.92585700005688, 38.09058800020885], [-118.92615499998269, 38.091064999880736], [-118.92632700041015, 38.0914160001725], [-118.92645600028158, 38.09170300011329], [-118.92646499960411, 38.09205600025148], [-118.92643500036519, 38.092442999908], [-118.92644000038806, 38.09263500015543], [-118.92672900009308, 38.09279100020604], [-118.9269349999574, 38.09291699975917], [-118.92714599984458, 38.093202000118396], [-118.92727800008906, 38.093553999712896], [-118.92748599960318, 38.0937430001695], [-118.92761399964972, 38.093965999944984], [-118.92787099956766, 38.094476000111065], [-118.92808700037607, 38.09495499986376], [-118.92825800008029, 38.09527399995883], [-118.92850999997533, 38.09555900031772], [-118.92872199968745, 38.095908999895265], [-118.92889499993981, 38.096291999720016], [-118.9291839996448, 38.09644799974152], [-118.92935199987431, 38.09663800011559], [-118.92943800008804, 38.09682900032487], [-118.92964800015031, 38.09708300008155], [-118.92976100012824, 38.097325000035994], [-118.92976699997601, 38.097539000146035], [-118.92971400027255, 38.0978269996881], [-118.92972900034115, 38.09840000009963], [-118.92966099967079, 38.09923600017985], [-118.92969800037902, 38.09949899986029], [-118.92988800034983, 38.09985399968027], [-118.93010900028277, 38.100183999887776], [-118.93032799966757, 38.1004670003332], [-118.93045200041445, 38.10060800000617], [-118.93049000004928, 38.100811999773406], [-118.93041100040655, 38.10074999968263], [-118.93021899988761, 38.100621000077645], [-118.92978600024259, 38.1004089996568], [-118.9292949999729, 38.10019000017339], [-118.92915699988065, 38.10013699998995], [-118.92897899960539, 38.100090000061854], [-118.92875000017487, 38.100041000240054], [-118.92767499974909, 38.099886999980164], [-118.92712900012613, 38.09977599981192], [-118.92646700015224, 38.09956500005889], [-118.92507399970914, 38.099063000328236], [-118.924894999609, 38.09903200025433], [-118.92481500014138, 38.099032999846465], [-118.92469899979042, 38.09904999997958], [-118.92462799964531, 38.09907000029748], [-118.92451399984249, 38.09912400013878], [-118.92438800034411, 38.099238999654716], [-118.92427000034334, 38.09936199993254], [-118.92411800000735, 38.09958799969637], [-118.92387100013515, 38.09990200004729], [-118.92371600032446, 38.10008300019031], [-118.92360099979842, 38.100175999741836], [-118.9235070000871, 38.1002780002997], [-118.92347500030002, 38.10033300023646], [-118.92320999998618, 38.10102600027547], [-118.92315800010763, 38.10110100011812], [-118.92300599977168, 38.101256000208785], [-118.9227959997094, 38.101431999908506], [-118.92265299959425, 38.10157900001161], [-118.92245799960058, 38.10175700016375], [-118.92238700035378, 38.10180800006391], [-118.92230600016293, 38.1018410001882], [-118.92220499988059, 38.101863000262796], [-118.92212299986484, 38.10186699989009], [-118.92188900041143, 38.10184799989132], [-118.92180999987038, 38.10183000014844], [-118.92160999985383, 38.1018030001723], [-118.92099599956052, 38.101855000300695], [-118.9208819997577, 38.101850999965876], [-118.92076999960469, 38.10183699985262], [-118.92055500041789, 38.10178299989553], [-118.92035899970098, 38.101693999905336], [-118.9202070002633, 38.10158899982515], [-118.91979299998654, 38.101330999815374], [-118.91959700016795, 38.10122400008932], [-118.91952400037302, 38.101203999654054], [-118.91943599961115, 38.10119600032671], [-118.91936700001419, 38.101201999822315], [-118.91927999997556, 38.10123399995143], [-118.91921600040145, 38.1012930002411], [-118.91912699981468, 38.101356000138395], [-118.9190010003163, 38.10140600005188], [-118.91839000039602, 38.101583999918546], [-118.9176070000483, 38.10177800000222], [-118.91724899984798, 38.1018840000708], [-118.91701500039457, 38.10196699969036], [-118.91672499996636, 38.1021069997464], [-118.91605299994671, 38.10238300016169], [-118.91579400037897, 38.10249699995218], [-118.9156910004468, 38.10253299981183], [-118.91559000016441, 38.102549999837635], [-118.91549499972989, 38.10255400013418], [-118.91436699960067, 38.10253799965354], [-118.91423799972921, 38.102549999837635], [-118.91410800003288, 38.10258699992154], [-118.91392200026003, 38.10266500032375], [-118.91349700011263, 38.102825999993335], [-118.91333999975377, 38.10287399982177], [-118.91316900004956, 38.10291000020262], [-118.91223400026418, 38.10295399970145], [-118.91107299962466, 38.10295099967218], [-118.91013299981641, 38.102908999956625], [-118.9090049996872, 38.10297399965768], [-118.90863700033947, 38.10300800020684], [-118.90817500038212, 38.10302999993006], [-118.90682499959672, 38.103057000159694], [-118.9064200004391, 38.10308900018329], [-118.90610200042178, 38.10314200034616], [-118.90539400041712, 38.10319499976375], [-118.90491499984299, 38.10318800018966], [-118.90450200028943, 38.10320200004406], [-118.90157200036153, 38.1036089998395], [-118.90048299969206, 38.103683999858355], [-118.89920999979788, 38.103715000079276], [-118.89845699958738, 38.10371300031626], [-118.8977600003517, 38.10366500033207], [-118.89677600016249, 38.103611000312256], [-118.89574799959239, 38.10360599983713], [-118.89464299992771, 38.10364600009402], [-118.89377300043964, 38.10377500001345], [-118.8936090004081, 38.1038099997167], [-118.89350200027802, 38.10385100009502], [-118.89337000003351, 38.10395299976397], [-118.89315199957531, 38.10409500000847], [-118.89308200015344, 38.10412100032201], [-118.89274300021972, 38.10421600013843], [-118.89262299967082, 38.10424100018116], [-118.89248799995158, 38.104257999809505], [-118.89235099968425, 38.104263999760576], [-118.89221400031522, 38.104259000037025], [-118.89197099974264, 38.104220999864914], [-118.8919120001914, 38.104201999771455], [-118.89181599993195, 38.10418599965166], [-118.89166899961886, 38.104192000315535], [-118.89153300007474, 38.1042340000004], [-118.89134300010392, 38.10434300001253], [-118.89115200030824, 38.104410999820985], [-118.8909480000937, 38.104445999926405], [-118.89073899985634, 38.104445999926405], [-118.89036499976255, 38.10438299986591], [-118.88952500041172, 38.10431699977798], [-118.88939300016725, 38.104313999804674], [-118.88919800017358, 38.10432200020444], [-118.88884400017126, 38.10437599969876], [-118.8887639998053, 38.10440199991236], [-118.88850600006242, 38.10451099967379], [-118.88830299967285, 38.10458099977209], [-118.8881860003953, 38.10460599968997], [-118.88806500002147, 38.10462199971773], [-118.88794299982274, 38.10462700012332], [-118.88672000015725, 38.10456899992157], [-118.8853929998364, 38.10461299983509], [-118.88422700007237, 38.10469299993121], [-118.8839969999186, 38.104698999846555], [-118.88286899978938, 38.10467399996049], [-118.88062699977463, 38.1045819999952], [-118.87945500016278, 38.104611000096654], [-118.8782759999799, 38.10465200002546], [-118.8771470000258, 38.10465499998483], [-118.87601499969861, 38.10467599969726], [-118.87489900016327, 38.10468599979375], [-118.87382100026277, 38.10457900003278], [-118.87275000003496, 38.10449599984601], [-118.87170300009659, 38.10439100025811], [-118.86993999975762, 38.10413900020745], [-118.86973800009126, 38.10414999989958], [-118.86945299968589, 38.1042190001157], [-118.86923699977582, 38.10428700003957], [-118.86904000013234, 38.10436900023782], [-118.86883300044312, 38.10447800004854], [-118.86875200025227, 38.104538000063], [-118.86842800038717, 38.10493699986017], [-118.86837800015844, 38.10498700015059], [-118.86826500018054, 38.10506699983718], [-118.86813399976099, 38.10512700007481], [-118.86798999982092, 38.10516499977568], [-118.86783900020818, 38.105177999743255], [-118.86768799969714, 38.10516499977568], [-118.86727699979339, 38.105069999779545], [-118.86665800037551, 38.104946999920955], [-118.8663839998408, 38.10491999968294], [-118.86478200005867, 38.1049299997461], [-118.8635800003096, 38.104913999785744], [-118.86121100007324, 38.10489700031004], [-118.86007700009621, 38.104846999958035], [-118.85781199961694, 38.10482300034242], [-118.85670299975428, 38.104796000058535], [-118.85580099958088, 38.10478300002305], [-118.85464900006053, 38.10481399977766], [-118.85173699967598, 38.104845999738615], [-118.84995400014384, 38.10483399993163], [-118.84835999985931, 38.1048680003221], [-118.84524599980837, 38.10489300014178], [-118.84209699959732, 38.104932000182686], [-118.83919500015682, 38.10491500000429], [-118.83816400011199, 38.104941000026024], [-118.834060999849, 38.10502099976303], [-118.82868200021709, 38.10506600032763], [-118.82658599979221, 38.105072000212296], [-118.82447199982398, 38.105053000340135], [-118.82328500014356, 38.10506200016857], [-118.82315899974684, 38.105081000038396], [-118.82996799963175, 38.10878800001194], [-118.8330909999035, 38.110525000334135], [-118.84476600030764, 38.11679299969559], [-118.86002400039278, 38.12492000010043], [-118.86415600006977, 38.12725699993398], [-118.86769500026814, 38.12919300001735], [-118.87015499984277, 38.130569999702765], [-118.87781300019766, 38.134687000288295], [-118.87890399961864, 38.135234999820014], [-118.88022500009171, 38.13597099969968], [-118.8819359996538, 38.136877000306995], [-118.88403799992646, 38.137938999997026], [-118.88903800034001, 38.14058100011485], [-118.892833999558, 38.14267500035137], [-118.89590199957817, 38.144348999763054], [-118.89811799965365, 38.14567599966251], [-118.89853899960312, 38.145888999745], [-118.89886400019147, 38.14604299979206], [-118.9019220001659, 38.14771000008826], [-118.9023380000925, 38.14790300022767], [-118.90356699960576, 38.148404000197544], [-118.90674500012912, 38.149545000339884], [-118.90804399996256, 38.15008500027916], [-118.90845200039156, 38.15023100033756], [-118.90871400033237, 38.15030700010715], [-118.90914799980231, 38.15039600019211], [-118.90971500023998, 38.15048500016849], [-118.91826999984711, 38.15158600014174], [-118.92084400012286, 38.151888000305114], [-118.92592099963096, 38.15251700017458], [-118.92841700008893, 38.15285199969258], [-118.92963399990663, 38.153005999874104], [-118.93096100022748, 38.15317099980867], [-118.93164999996556, 38.15291400005242], [-118.93242800029041, 38.152574999731044], [-118.93276700022412, 38.15241100013524], [-118.93348500027452, 38.15204699968041], [-118.93391200007179, 38.15187800031504], [-118.93407100008045, 38.15182899992005], [-118.93415999976888, 38.15181300034613], [-118.93422000004335, 38.15181200006361], [-118.93440300034148, 38.151787000059834], [-118.93460699965765, 38.151732000021305], [-118.93498199957638, 38.15158800000661], [-118.93542599999039, 38.15140200033212], [-118.93557699960311, 38.15132300012936], [-118.93565500031924, 38.15125700008214], [-118.93597499998639, 38.15086999979157], [-118.9362360001023, 38.150593000073336], [-118.93638300041538, 38.1504839998677], [-118.93649300002026, 38.15042699965647], [-118.93713900010061, 38.15021799991358], [-118.9378560003261, 38.15002500024785], [-118.93856699980549, 38.149855999729525], [-118.9390949998851, 38.149751999976715], [-118.93927499981015, 38.149709000021986], [-118.9403760001752, 38.14955199970927], [-118.94079499957654, 38.149435999981044], [-118.94104599964669, 38.149381999898466], [-118.94159999966558, 38.149280000104426], [-118.94256100028855, 38.14904800030485], [-118.94283900012287, 38.14896499979844], [-118.94302999991861, 38.14887099988538], [-118.94326799956997, 38.14871500021328], [-118.94352899968588, 38.14854400024382], [-118.94371199998398, 38.14840299986827], [-118.94384300040353, 38.1483270002342], [-118.94462599985296, 38.14802199986514], [-118.94471299989159, 38.14799399967702], [-118.94546000025431, 38.147815999894945], [-118.94589500044749, 38.147721000281955], [-118.94599099980866, 38.14769299997829], [-118.94609499956572, 38.14764600027704], [-118.9462350002061, 38.14756300029472], [-118.94633300011542, 38.147484999808164], [-118.94656499991899, 38.147260000247016], [-118.94674200036933, 38.14711399989367], [-118.94709800002148, 38.14687099994952], [-118.94749700022965, 38.146653999908345], [-118.94764600019258, 38.146587000227484], [-118.9478319999654, 38.146519000129985], [-118.94803299980687, 38.146471000023], [-118.94867600041249, 38.14637499971428], [-118.9489249999345, 38.14631399980567], [-118.94910800023263, 38.14625400020486], [-118.94934099986115, 38.14615200027569], [-118.94966399990132, 38.14593799989154], [-118.94994500010874, 38.14572600031816], [-118.95021600027036, 38.145485000021566], [-118.95073799960387, 38.14490299964865], [-118.9511829998428, 38.14459900018129], [-118.9513870000573, 38.144438000052524], [-118.95164300015034, 38.14416700013487], [-118.9518029999839, 38.14394599967326], [-118.95198399973388, 38.14372600034855], [-118.95264700043099, 38.143107999743265], [-118.95280700026458, 38.142983999963015], [-118.9529500003797, 38.14292000024464], [-118.95313299977947, 38.14286900008667], [-118.95339100042068, 38.14283600013167], [-118.95351400044432, 38.14280800007256], [-118.95362800024714, 38.14275899994323], [-118.95373600020214, 38.14272899974683], [-118.95385900022582, 38.14272000032136], [-118.95402300025732, 38.14273099985452], [-118.95410199990008, 38.142754000029065], [-118.95425400023603, 38.14281299998298], [-118.95449000023757, 38.14295300016163], [-118.95470199994969, 38.14306399970862], [-118.95548000027453, 38.1433880001128], [-118.95569700000951, 38.14346800012194], [-118.95659099978701, 38.143830000214756], [-118.95673999974994, 38.1437679999048], [-118.95709200010245, 38.14358699992907], [-118.95727200002749, 38.14346600003445], [-118.95808899981208, 38.142852999960525], [-118.95825600021666, 38.142754999729334], [-118.95935500003358, 38.142227999660534], [-118.95943799987425, 38.142173000186084], [-118.95964899976144, 38.14200300013536], [-118.9597650001124, 38.14192200022122], [-118.96034500007055, 38.14157199997714], [-118.96088999986857, 38.14127599993796], [-118.9615950003985, 38.14082300008782], [-118.96204999978485, 38.14051099990293], [-118.96212799960266, 38.140447999866744], [-118.9623989997643, 38.1402839998539], [-118.9632089998762, 38.139866000291], [-118.96386099980435, 38.139493000293754], [-118.96449799966393, 38.13909800035267], [-118.96501300022305, 38.13882800013753], [-118.96578899999976, 38.13854400019387], [-118.96647699991294, 38.138336999842004], [-118.96661500000519, 38.13827900026952], [-118.96690500043343, 38.13809400033855], [-118.96717400004692, 38.13793699975798], [-118.96733100040576, 38.137866999835836], [-118.9674240002922, 38.13784299976628], [-118.96750999960763, 38.13783399973817], [-118.9677280000658, 38.13783299997052], [-118.96783199982289, 38.137814999910724], [-118.96870100038434, 38.13748299989589], [-118.9710940000118, 38.136609999706046], [-118.9722699998216, 38.136246000247816], [-118.97258299981607, 38.13614200017009], [-118.97318299986567, 38.1359750002855], [-118.9733660001638, 38.13593699965758], [-118.97362300008173, 38.1359079999832], [-118.97424599969759, 38.13591800004275], [-118.97513899965016, 38.13590700018912], [-118.97611199996868, 38.13588199968057], [-118.9775919995521, 38.135873000117186], [-118.97771200010102, 38.13586699993663], [-118.97801500004974, 38.135880999886176], [-118.97894700036035, 38.13586799973122], [-118.9796389995732, 38.13589600033382], [-118.97977300036578, 38.135901999805476], [-118.98011599959915, 38.135891999743734], [-118.9802319999501, 38.135880999886176], [-118.98036599984441, 38.13584900009848], [-118.98046600030183, 38.1358019998328], [-118.98067299999106, 38.13566999985686], [-118.98128599956118, 38.13521200010164], [-118.9818270000596, 38.13477400002587], [-118.9821249999854, 38.134545999981775], [-118.98241700006345, 38.13437400019612], [-118.98390300039296, 38.13362899991555], [-118.98494000028558, 38.13313700013702], [-118.98508900024851, 38.13307400009387], [-118.98536200005998, 38.132998000036736], [-118.98548500008363, 38.13297699998838], [-118.98556600027449, 38.132954000265016], [-118.98563499987145, 38.132921000065515], [-118.98569699979573, 38.13286699977109], [-118.98575799989511, 38.13279699993191], [-118.98600800014037, 38.13255100012604], [-118.98632000030989, 38.13235500012379], [-118.98686099990996, 38.13206099984016], [-118.98749299974664, 38.1317719997459], [-118.98811999956044, 38.1313930002253], [-118.98862199970077, 38.13112000018846], [-118.98900300036559, 38.13100800027659], [-118.9891220001913, 38.13095800013421], [-118.98920800040503, 38.13090899982016], [-118.98938599978193, 38.13078599966567], [-118.98993599960284, 38.13036300005118], [-118.99060699979758, 38.129824000286504], [-118.99132400002307, 38.12929500033531], [-118.99158900033693, 38.12908600011952], [-118.99226200018148, 38.12852500030072], [-118.99256699978002, 38.128320000298956], [-118.9928399995915, 38.12815300018229], [-118.99304700017905, 38.12800499994996], [-118.99334500010488, 38.127734999679426], [-118.99348400002205, 38.12763499982302], [-118.99385100044316, 38.12746300000401], [-118.9939459999794, 38.127407000090535], [-118.99416500026251, 38.12724600018829], [-118.9943469998374, 38.12708699976077], [-118.99448400010475, 38.12698699972341], [-118.9951000000479, 38.12658599969557], [-118.99534000024742, 38.12641799992793], [-118.99610699980329, 38.125979000148625], [-118.9964780004224, 38.12573399991116], [-118.99685499999093, 38.12551999971173], [-118.9971060000611, 38.12541400002121], [-118.99732699999403, 38.125342000223704], [-118.99822099977152, 38.12501800025608], [-118.99910500040158, 38.1246700001026], [-119.00007799982178, 38.124255000011125], [-119.00064600008439, 38.12394900011684], [-119.00112999978305, 38.123671999954134], [-119.00171700031217, 38.12329200010544], [-119.0022110000566, 38.12303199977615], [-119.0023719997151, 38.122935999724945], [-119.00275000000686, 38.122768000038256], [-119.00333400016295, 38.12258700027137], [-119.00411699961238, 38.12232099967084], [-119.004463999942, 38.12209500026949], [-119.00483800003582, 38.12187100014131], [-119.00497199993012, 38.121802000345134], [-119.00518500036546, 38.12172699984747], [-119.00541100032126, 38.12162500026254], [-119.00555699991114, 38.121540999665996], [-119.0056809997597, 38.12145499969544], [-119.00582300004992, 38.12133799982761], [-119.00627499996153, 38.12087099989501], [-119.0063779998937, 38.12078499984205], [-119.0066189999181, 38.120651000264345], [-119.0067379997438, 38.12060800012097], [-119.00835600031779, 38.120268000215695], [-119.00927400038472, 38.12006300034959], [-119.0101609995912, 38.11985099981033], [-119.01058699956356, 38.11975799986292], [-119.0109060003041, 38.119709999820905], [-119.01127700002488, 38.11971199985274], [-119.01378099998044, 38.1197830002404], [-119.01750400030183, 38.11983900034814], [-119.01846599985137, 38.11982600016288], [-119.01933700006266, 38.11979999978547], [-119.01956200019356, 38.11976900003008], [-119.02000800025738, 38.11964900023737], [-119.02013200010596, 38.11962399981401], [-119.02019300020534, 38.11962299979687], [-119.02030299981018, 38.119648000220565], [-119.02045699979595, 38.11972900012107], [-119.02058599966739, 38.1197770001506], [-119.0206569998125, 38.11978900032971], [-119.02071200006408, 38.119788000314884], [-119.0208390002857, 38.1197649999695], [-119.0209599997612, 38.11972200001109], [-119.02106600006643, 38.11966099973078], [-119.02126699990787, 38.11949400030152], [-119.02151999962786, 38.11934800022525], [-119.0216419998266, 38.11928400027405], [-119.02167299978873, 38.119368999954084], [-119.02186100010972, 38.119572000319494], [-119.0219509996231, 38.11965999971421], [-119.02218099977685, 38.11979199966747], [-119.02243799969482, 38.11986900006004], [-119.02258400018299, 38.119890999652526], [-119.02270899985643, 38.119940000295045], [-119.02275700043536, 38.12003400002218], [-119.02274999986433, 38.12008899992667], [-119.02286200001733, 38.12014899983951], [-119.02307700010249, 38.12005600027164], [-119.02314700042268, 38.12007199974216], [-119.02321600001966, 38.12012700032476], [-119.02316099976805, 38.120296999743495], [-119.02309800001889, 38.1207039996995], [-119.02335499993683, 38.12081399987123], [-119.02339699976962, 38.12085799989349], [-119.02341100001331, 38.12096199984073], [-119.02357699969468, 38.12098899980284], [-119.0236400003422, 38.12105499966813], [-119.02359099993839, 38.12117099999351], [-119.02359099993839, 38.12126400026144], [-119.02381400041945, 38.121412000025536], [-119.02389700026013, 38.12152799978376], [-119.02390399993281, 38.12164900001146], [-119.02384100018365, 38.12186300025022], [-119.02378500010715, 38.121994999754584], [-119.02369499969546, 38.12207699986183], [-119.02363899961895, 38.12220899968596], [-119.02364600018998, 38.122383999807624], [-119.02361799970257, 38.12253300010565], [-119.02366000043367, 38.122653000105586], [-119.02379199977983, 38.12286199965821], [-119.02382699993994, 38.122955999863805], [-119.02381299969623, 38.12304300015673], [-119.02377800043443, 38.12308199969394], [-119.02374999994704, 38.123218999660736], [-119.02382000026724, 38.1232629996471], [-119.0240000001923, 38.123273999992875], [-119.02404200002509, 38.12330700031366], [-119.02406299994149, 38.12341700009729], [-119.02393800026803, 38.12364800016354], [-119.023930999697, 38.12374699986721], [-119.02402799978141, 38.12386699999193], [-119.0240350003524, 38.123938999830756], [-119.0239719997049, 38.12403799984652], [-119.02384000035873, 38.12414699998702], [-119.02381900044233, 38.124208000053], [-119.0238539997041, 38.12434500002695], [-119.02381900044233, 38.12447100028668], [-119.02374900012215, 38.12457000028775], [-119.02372900003064, 38.12463599974277], [-119.02379099995494, 38.12466900015462], [-119.0238810003666, 38.124680000288556], [-119.0239580003595, 38.124708000236595], [-119.02401400043601, 38.124779000006214], [-119.0239719997049, 38.124921999989546], [-119.02404299984998, 38.12506900016965], [-119.02417500009449, 38.12507399988216], [-119.02433499992806, 38.125123999814875], [-119.02447399984523, 38.12518399983022], [-119.02450900000531, 38.125250000143545], [-119.02450900000531, 38.125437000000495], [-119.02446700017254, 38.125672999706886], [-119.02441799976873, 38.125837999979716], [-119.02436300041546, 38.125959000131196], [-119.02423700001876, 38.12615099993079], [-119.02411900001799, 38.12626099966945], [-119.02379199977983, 38.12645300008806], [-119.02367399977906, 38.126563000078335], [-119.02361799970257, 38.126666999672516], [-119.02359000011347, 38.12687599974761], [-119.02358300044077, 38.12715000002495], [-119.02365299986266, 38.12756200018764], [-119.02384000035873, 38.128040000055876], [-119.0239230001994, 38.12815499998283], [-119.0239719997049, 38.128188000217236], [-119.02402799978141, 38.128260000034466], [-119.02406899978928, 38.12843000030253], [-119.02405500044388, 38.12891900034203], [-119.02446499962439, 38.12929199997464], [-119.0245480003634, 38.12952299982393], [-119.02562799991374, 38.12977800025858], [-119.02599699998466, 38.130143999924144], [-119.0289560002249, 38.13051900009914], [-119.04086799955718, 38.132030000344514], [-119.04412300007343, 38.132188999897735], [-119.04453399997716, 38.132246000226495], [-119.04426500036364, 38.132098999659874], [-119.04392999972957, 38.13185500002701], [-119.04376700042127, 38.13171399990206], [-119.04345100005376, 38.131459999726324], [-119.0432200000751, 38.13131400026008], [-119.04311299994498, 38.13120799979678], [-119.0430300001043, 38.1311060000322], [-119.04290200005778, 38.130856999883555], [-119.04283000008775, 38.13068900005252], [-119.04271000043717, 38.13052099983487], [-119.04242900022977, 38.130326999775356], [-119.04232999959727, 38.130255999748556], [-119.04230100018324, 38.13023999968325], [-119.04222500001526, 38.13019899998558], [-119.04207199985437, 38.130087999947534], [-119.04203000002158, 38.13004100021158], [-119.04195600040177, 38.129979000197835], [-119.0414400000177, 38.129661000302775], [-119.04135800000196, 38.129587999866935], [-119.0413320000627, 38.12954300027816], [-119.04131299979612, 38.129450999839214], [-119.0412829996589, 38.129309000132245], [-119.0412700001384, 38.12928799972914], [-119.04099800015183, 38.12903600007387], [-119.04092299980877, 38.128927000166605], [-119.04087500012818, 38.1287669999754], [-119.0408540002118, 38.12854000014035], [-119.04078800008955, 38.12826899982995], [-119.04071500029463, 38.12805499999516], [-119.04097600041054, 38.12764000006646], [-119.04104699965733, 38.127386999757725], [-119.04110299973381, 38.127165000147116], [-119.04109500023623, 38.12688800017332], [-119.04105500005325, 38.12661800001131], [-119.04099200030406, 38.12626200030228], [-119.04090199989237, 38.125686000264416], [-119.04103599978667, 38.125084000012784], [-119.04121800025987, 38.12449000005463], [-119.04138099956818, 38.12391000033605], [-119.04151299981262, 38.12338199989504], [-119.0417839999743, 38.122180000210825], [-119.04192399971639, 38.121403000091405], [-119.04192299989147, 38.12121899978184], [-119.04190399962492, 38.12112800015636], [-119.04187299966276, 38.12103899970628], [-119.04183099982997, 38.120952999851184], [-119.04177800012651, 38.120871999895], [-119.04152700005633, 38.12054599986964], [-119.04139900000983, 38.12030199978279], [-119.0412550000698, 38.11989899975966], [-119.04122400010766, 38.11980899991719], [-119.04118300009976, 38.11962499983108], [-119.04113500041917, 38.11917499994088], [-119.04110600010686, 38.11900900013244], [-119.04109000021336, 38.11881399984135], [-119.04103599978667, 38.11852000014691], [-119.04103800033481, 38.1183310001726], [-119.04107000012186, 38.118114000069994], [-119.04115299996252, 38.117821999761105], [-119.04130100010053, 38.11737200006787], [-119.04235700025974, 38.116532000194596], [-119.04292999964686, 38.11605700009554], [-119.04324699983928, 38.11581800019713], [-119.04455599971845, 38.11475700031904], [-119.04588300003931, 38.11372900027813], [-119.04680699995407, 38.1129769998766], [-119.04819200000122, 38.111904999783675], [-119.04925499983311, 38.11105100017429], [-119.04954299971318, 38.11078799966746], [-119.04971400031575, 38.11054500033819], [-119.0499999996477, 38.11009900021911], [-119.05013699991504, 38.10985399970959], [-119.05113000032506, 38.10785600028389], [-119.05119200024933, 38.107722000308485], [-119.05149600002296, 38.10714900019385], [-119.05202999995034, 38.10604799987153], [-119.05205500006468, 38.10600199970814], [-119.052112999791, 38.10589199984548], [-119.05217200024056, 38.105783000023806], [-119.05224500003548, 38.105679999874226], [-119.05259200036512, 38.10532600029814], [-119.05297599960636, 38.104990000096194], [-119.053507000059, 38.10454299976746], [-119.05460800042408, 38.1035579997827], [-119.05481799958802, 38.103385999799876], [-119.0551039998183, 38.10320200004406], [-119.05655300033789, 38.10221699965268], [-119.05708700026527, 38.101868000150304], [-119.05767200024628, 38.101465000202666], [-119.05795500010349, 38.101269000164976], [-119.0582449996334, 38.10104299994492], [-119.05846999976428, 38.10089100022331], [-119.05914599998191, 38.10045499980701], [-119.05990099984223, 38.09994999967584], [-119.06061899989263, 38.09950399990955], [-119.06140399989019, 38.098984000022774], [-119.06282599974729, 38.09806500017136], [-119.06337200026854, 38.09772199970667], [-119.0638900003024, 38.097374000265155], [-119.06409699999162, 38.09722000004024], [-119.06605100012628, 38.09548900005966], [-119.06671300010021, 38.09492000016083], [-119.06779900039662, 38.09392899973766], [-119.06987999985456, 38.09205800033351], [-119.07075600008874, 38.091302000063145], [-119.07102600042546, 38.09105599974231], [-119.07125900005396, 38.090809000303004], [-119.07176600021718, 38.09032899982714], [-119.07204800024948, 38.09010199999638], [-119.07234399962717, 38.08988399974448], [-119.07510200002596, 38.08819699984576], [-119.07571999961894, 38.087806999683224], [-119.07664299970874, 38.08724199980007], [-119.07832400003191, 38.08617899969678], [-119.07836099984183, 38.08615699985003], [-119.07858500014783, 38.08602700017028], [-119.07884600026374, 38.085891999986245], [-119.07913599979364, 38.08578099977388], [-119.07946899987958, 38.08568200022579], [-119.07981399966108, 38.08561099992457], [-119.08014900029515, 38.08552400029795], [-119.08047599963497, 38.08540499988516], [-119.08176100012304, 38.08481500021253], [-119.08245800025706, 38.08447300028614], [-119.0833970002404, 38.0839390002163], [-119.08400200031286, 38.08358000024255], [-119.08428299962196, 38.08338400032046], [-119.08480999987663, 38.08294400015466], [-119.08618700042621, 38.08166900015669], [-119.08688100018715, 38.08098799990194], [-119.08711399981566, 38.08077999988151], [-119.0873499998172, 38.080591999693894], [-119.08760099988739, 38.08042199980019], [-119.08785199995756, 38.08026700007258], [-119.08811600044652, 38.08012500019799], [-119.08962399961901, 38.07920199994862], [-119.09012300028462, 38.07890399976667], [-119.09078100006056, 38.078488000006544], [-119.0914460004075, 38.078095999916314], [-119.09207599969605, 38.07768599981424], [-119.09331699980316, 38.0769160001885], [-119.09442599966583, 38.0762050002685], [-119.0948340000948, 38.07592199993371], [-119.0949160001106, 38.07586500019602], [-119.09577599955287, 38.07516000017749], [-119.09595100035341, 38.07500300006262], [-119.09638300017355, 38.07455899996745], [-119.09689799983435, 38.0739459998406], [-119.09725500020971, 38.073498999869464], [-119.09792100038159, 38.072574000238106], [-119.09820699971353, 38.07219800032607], [-119.0984090002782, 38.0719070003407], [-119.09853300012678, 38.071710000281556], [-119.09946299988927, 38.06995999968475], [-119.09981100004383, 38.069355999893034], [-119.10024700006191, 38.06862699989202], [-119.10073699960837, 38.06772499994035], [-119.10101100014307, 38.06708299969824], [-119.10131999993955, 38.06642300021249], [-119.10139100008465, 38.0663120001513], [-119.10147599957516, 38.06620700016778], [-119.10157500020766, 38.06610999966515], [-119.10168499981252, 38.06602100008975], [-119.1017600001556, 38.06597100001853], [-119.10224800005224, 38.06568999978897], [-119.10300399973745, 38.06533600031437], [-119.10383499976578, 38.065055999824395], [-119.10459499964897, 38.06481299978603], [-119.10507099985003, 38.06469599974165], [-119.10676999971658, 38.06441600033867], [-119.10721900015342, 38.064364999811744], [-119.10857099969033, 38.06426700033576], [-119.10911499966348, 38.06422799981494], [-119.10949499960506, 38.06424200005871], [-119.10965000031408, 38.06426300006568], [-119.11007999958608, 38.06427099989835], [-119.1109049997666, 38.06421200013933], [-119.11179500024444, 38.06408399977933], [-119.11271800033424, 38.06392900008242], [-119.11434299968262, 38.06368100016721], [-119.1151779999089, 38.06357700002108], [-119.11576000041518, 38.063515000176466], [-119.11704199963187, 38.06348800019347], [-119.11769100008529, 38.063484999959], [-119.11842599985413, 38.0635009997936], [-119.11948700003619, 38.06355599981721], [-119.1211850000778, 38.06366699981614], [-119.12167999964713, 38.06367699986509], [-119.12198799961871, 38.06367300027002], [-119.12230700035926, 38.06365300016962], [-119.12421200009011, 38.06340500002625], [-119.12490900022411, 38.063322999845234], [-119.12699999972781, 38.06304899993665], [-119.12805400023717, 38.06287999966732], [-119.12840200039173, 38.06281400029732], [-119.12885599995317, 38.062710999714874], [-119.12963500010295, 38.062489000184435], [-119.13054099957601, 38.06224199972731], [-119.13154400003174, 38.06189900022959], [-119.13181299964526, 38.06175499985401], [-119.13225799988419, 38.0615629998555], [-119.13301699994246, 38.061293000154535], [-119.13409300019316, 38.060844999846395], [-119.13504700024511, 38.060414000254646], [-119.1359960002742, 38.06000400006098], [-119.13696299984662, 38.059599000348626], [-119.13794100018802, 38.05922700007352], [-119.13886000007989, 38.05885399988785], [-119.13970500035187, 38.058490999973344], [-119.1406850003431, 38.058011999701904], [-119.14099300031467, 38.0578519998061], [-119.141960999712, 38.057320999656405], [-119.14204699992573, 38.05739999971352], [-119.14209899980428, 38.057506999923454], [-119.14222100000302, 38.0578519998061], [-119.14226200001089, 38.05805899980377], [-119.14228700012526, 38.05829500000943], [-119.14230800004164, 38.05839200026288], [-119.14236999996592, 38.05850200016871], [-119.14246100020252, 38.05859900014778], [-119.14277500002189, 38.05883799974447], [-119.14284699999192, 38.05890799972716], [-119.14290899991617, 38.058983000341584], [-119.14296099979471, 38.05906300015783], [-119.14300199980258, 38.05914600029912], [-119.1430510002064, 38.05932100010104], [-119.14305600022927, 38.059374000168695], [-119.14337199969845, 38.060643999944055], [-119.14332599966771, 38.06134600020847], [-119.14329600042879, 38.06145900023532], [-119.14302600009204, 38.06213600017177], [-119.14293200038071, 38.062353999691474], [-119.14285799986254, 38.06252600003509], [-119.14273999986177, 38.06288099975372], [-119.14268299996037, 38.06302399995071], [-119.14261099999034, 38.06332099968439], [-119.142593000447, 38.063460000122035], [-119.14261500018831, 38.064246999690454], [-119.14263899957945, 38.06448499987176], [-119.14281600002975, 38.065289999989155], [-119.14300099997769, 38.06588999992968], [-119.14304399963537, 38.065958000150005], [-119.14316199963618, 38.066100999991136], [-119.14327299996425, 38.06628999998535], [-119.1433180001701, 38.0663549997171], [-119.14337199969845, 38.066412999831606], [-119.14342199992717, 38.06646699975054], [-119.14387600038694, 38.06690399994609], [-119.14434599984189, 38.06733000007927], [-119.14490900008158, 38.06779899998508], [-119.14503999960283, 38.06791900007057], [-119.14518600009103, 38.06809200007713], [-119.14536799966591, 38.06835900011427], [-119.14544499965878, 38.06849900018398], [-119.145514999979, 38.06865200008508], [-119.14563700017774, 38.06899499974993], [-119.14571099979757, 38.06912000000111], [-119.14603100036304, 38.06953899999237], [-119.14619100019661, 38.06995399974644], [-119.14622800000653, 38.06999600001129], [-119.14629999997656, 38.07005600004469], [-119.14649599979512, 38.070053000079554], [-119.14669900018473, 38.070032000320154], [-119.14730000005926, 38.069934999938646], [-119.14756899967279, 38.06987199983344], [-119.14772299965855, 38.06985200001319], [-119.14809699975237, 38.06985100002201], [-119.14878999968842, 38.06988999966696], [-119.1500219995747, 38.07002299971417], [-119.15078599965585, 38.070068999892236], [-119.15117499981828, 38.070032000320154], [-119.15128399959823, 38.07004100021776], [-119.15138900007854, 38.07006699991581], [-119.15148500033798, 38.07011100009105], [-119.15156700035378, 38.070168000069714], [-119.15165799969205, 38.070276999967255], [-119.15169200002721, 38.07036000011772], [-119.15170600027092, 38.07052500015412], [-119.15171799996651, 38.07055400033207], [-119.15177300021809, 38.07056400014689], [-119.1518230004468, 38.070561000202595], [-119.15208899968727, 38.07054399980868], [-119.15223500017547, 38.07055099968015], [-119.15237699956734, 38.07060000017622], [-119.1526820000642, 38.070763999692595], [-119.15277199957758, 38.07175400017565], [-119.15278400017145, 38.07178599976054], [-119.15411399996702, 38.07290499980043], [-119.15422500029511, 38.07296800012214], [-119.15443399963418, 38.073037000075495], [-119.15462199995514, 38.073057999679406], [-119.15480899955288, 38.07305699973212], [-119.15576699980282, 38.0729319998439], [-119.15619799979804, 38.07286499969146], [-119.15732199972928, 38.07271899977992], [-119.15804499980257, 38.07263900004387], [-119.15856500038456, 38.07252700026642], [-119.15926800036634, 38.072331999670055], [-119.15992399959416, 38.072180000353285], [-119.16021099964934, 38.07209300030446], [-119.16039700032049, 38.07206100014668], [-119.16111399964767, 38.07197899976688], [-119.16144699973358, 38.071927000306296], [-119.16156200025962, 38.07191400008175], [-119.1623899999149, 38.07171800000712], [-119.16309399972157, 38.071508999817915], [-119.16514400011569, 38.07087800000221], [-119.16707700033396, 38.07031700007706], [-119.16729900009183, 38.070267000113155], [-119.16797299976129, 38.07008099974944], [-119.16884200032275, 38.06993099997848], [-119.1690299997454, 38.06991700011619], [-119.16918200008138, 38.069923000057486], [-119.16932199982345, 38.069951999766936], [-119.16940899986209, 38.06998200016144], [-119.16959399981002, 38.07007499982107], [-119.1696850000466, 38.06985300000434], [-119.16974699997087, 38.06964900011394], [-119.16978600032895, 38.06950500013994], [-119.16979499965149, 38.069473000264416], [-119.16983300018461, 38.06920500004993], [-119.16984400005528, 38.06894000027894], [-119.1697629998644, 38.068460999807634], [-119.16958100028953, 38.06790099975201], [-119.16961100042676, 38.067847000184344], [-119.16966499995513, 38.067876000009534], [-119.16988699971299, 38.06863099992348], [-119.16993000026899, 38.068957000338415], [-119.16992299969799, 38.069305999979484], [-119.16988199969009, 38.0695270000463], [-119.16983800020749, 38.06967299996414], [-119.16977600028319, 38.069893000346], [-119.16967800037392, 38.07011700001643], [-119.1695360000837, 38.07036999995904], [-119.16937399970197, 38.070607000042344], [-119.1692120002186, 38.07080400024329], [-119.168896999676, 38.071112999906205], [-119.16869800038269, 38.07128900005309], [-119.16864099958298, 38.07132699966758], [-119.16767499983546, 38.072149000193335], [-119.16754199976606, 38.072285000250055], [-119.16730400011467, 38.07255800026621], [-119.16717400041834, 38.07273700032727], [-119.16696900037893, 38.073127000255056], [-119.16684399980716, 38.073447000075156], [-119.16633800036718, 38.075372000288745], [-119.16619799972678, 38.0758040000678], [-119.16604200009115, 38.0761300003364], [-119.16588499973233, 38.076376999869495], [-119.16568999973866, 38.076617999883915], [-119.16547200017877, 38.07683299969889], [-119.16511800017643, 38.077133000324906], [-119.16471999979319, 38.07738199978259], [-119.164621000059, 38.07743500020243], [-119.16446299987523, 38.07751999978144], [-119.16404600012369, 38.07771099973969], [-119.16223299955607, 38.078486000260334], [-119.16172000044337, 38.0787340001914], [-119.16120400005936, 38.07901999984899], [-119.15953299978189, 38.08023000000238], [-119.1591329997488, 38.08053900014797], [-119.15889699974727, 38.080765999974446], [-119.1587369999137, 38.080962999682605], [-119.15862300011088, 38.081153999840474], [-119.15850900030807, 38.0813750001706], [-119.15841499969844, 38.08161299977909], [-119.1583910003073, 38.08171400025229], [-119.15836799984275, 38.081809000206], [-119.15833900042875, 38.082090999855154], [-119.1583429997284, 38.08221799999642], [-119.15837500041378, 38.08253500018271], [-119.15840200017794, 38.08266700004682], [-119.15851500015587, 38.083001000031366], [-119.1586390000044, 38.083225999668905], [-119.15877999957141, 38.08342599994397], [-119.15893399955719, 38.08361799983474], [-119.15916799990892, 38.083840000295154], [-119.15936899975036, 38.0840020002249], [-119.15947500005556, 38.08407399976416], [-119.15974000036945, 38.08422299972474], [-119.15999899993724, 38.08434400023329], [-119.16013100018169, 38.08439600005725], [-119.16041599968875, 38.08448000023866], [-119.16091600017926, 38.08457900000023], [-119.16129699994576, 38.084612999916004], [-119.16165599997096, 38.084603999690295], [-119.16185400033767, 38.084588000229026], [-119.16206100002692, 38.08455500009177], [-119.16241400020434, 38.08447799994923], [-119.16293899991088, 38.08431599966007], [-119.16324699988245, 38.0842129996562], [-119.16374999984772, 38.084034999904674], [-119.16551599966138, 38.08345300034575], [-119.16605899980961, 38.08324399975146], [-119.16640600013923, 38.08306400014106], [-119.16672699963128, 38.08285599966232], [-119.16701899970933, 38.082621999830636], [-119.16725800008395, 38.08238799995717], [-119.16751300035206, 38.08207700019914], [-119.16770400014778, 38.08177700005673], [-119.16785300011068, 38.08146300032406], [-119.16806800019586, 38.080832000118875], [-119.1682480001209, 38.080453999835335], [-119.16848199957431, 38.08008700020471], [-119.16885099964529, 38.0796479998552], [-119.16955199997723, 38.07887500007087], [-119.16979899984943, 38.078560000025576], [-119.16995399966012, 38.07833299971512], [-119.17033500032494, 38.07769799983607], [-119.17062599967976, 38.07717699978523], [-119.1707269999621, 38.07702499993016], [-119.17095999959062, 38.076739000248914], [-119.171240999798, 38.07646100007034], [-119.17143300031694, 38.07630100021085], [-119.17266500020324, 38.07547699984611], [-119.17314499970396, 38.07517199990662], [-119.17372800003514, 38.07477999972103], [-119.17389700008954, 38.07467499987018], [-119.17418800034267, 38.07452399969244], [-119.17448299989546, 38.074402999905715], [-119.17479199969192, 38.07430800023097], [-119.17512599960277, 38.0742360002687], [-119.17545299984094, 38.07419299967794], [-119.17566700010117, 38.0741750001961], [-119.17586399974466, 38.074167999964246], [-119.17620000020364, 38.07419700011223], [-119.17668599955215, 38.074291000000734], [-119.17699299969883, 38.07438299991002], [-119.17724799996692, 38.07447800019448], [-119.17747300009783, 38.074594000225666], [-119.17762100023585, 38.07312299976225], [-119.17774199971134, 38.07192399971069], [-119.17805300005598, 38.06885799993647], [-119.18823399973466, 38.06885699993171], [-119.19549899972917, 38.06885799993647], [-119.19557400007223, 38.06356800003548], [-119.19574499977645, 38.05064000017567], [-119.19586399960214, 38.04324000026067], [-119.19595900003671, 38.04333299995012], [-119.19631999971173, 38.043711000324855], [-119.1966279996833, 38.043945000117915], [-119.1967950000879, 38.04405200018833], [-119.19684899961625, 38.04409599973557], [-119.19688399977633, 38.04414599989637], [-119.19691899993643, 38.04417899987062], [-119.19741000020613, 38.04446599983416], [-119.19766700012407, 38.04458599998081], [-119.19789499972968, 38.04467500015716], [-119.19824299988427, 38.04469299982195], [-119.19838400034953, 38.044768999772785], [-119.19848499973358, 38.04481399992991], [-119.19861600015317, 38.044836999810904], [-119.19875300042048, 38.044830000309275], [-119.19893699964521, 38.04473899965269], [-119.19899100007187, 38.04473000018021], [-119.19902299985893, 38.04473400010308], [-119.1990849997832, 38.04477700032155], [-119.19921500037786, 38.04488799979802], [-119.19923700011918, 38.044932000257745], [-119.19921100017989, 38.04501999968299], [-119.19911599974533, 38.04521900009945], [-119.19904299995041, 38.04549199994009], [-119.19902399968382, 38.04553200015777], [-119.19917000017202, 38.04555800007531], [-119.19943999961043, 38.0455839999836], [-119.19953900024294, 38.04558599992171], [-119.1996349996041, 38.04557699984594], [-119.19989999991799, 38.04551000011148], [-119.20056799973968, 38.04548099991178], [-119.20103399989499, 38.04549399988077], [-119.20152900036261, 38.04551900019554], [-119.20177899970957, 38.045504999907116], [-119.20189099986256, 38.0454840001769], [-119.20195600015988, 38.0454580002331], [-119.20201600043433, 38.04545300002518], [-119.20310199983247, 38.045480000295], [-119.20343699956823, 38.04554300017841], [-119.20386000006583, 38.04551700025555], [-119.20421200041837, 38.045548999996036], [-119.20431100015253, 38.04553200015777], [-119.20461099972817, 38.04546000017469], [-119.204836999684, 38.04544599987498], [-119.20520300028022, 38.04530499994137], [-119.20545500017529, 38.04526700025401], [-119.2056250000546, 38.04520699970217], [-119.20574800007823, 38.04519100011264], [-119.20593600039922, 38.04517699976148], [-119.20605799969962, 38.045129000255336], [-119.2061749998755, 38.045124000024956], [-119.20627600015786, 38.045144999858415], [-119.20630499957186, 38.04515799988705], [-119.20658400012942, 38.04517099991338], [-119.20669299990938, 38.045213000254726], [-119.20676900007736, 38.045221999667845], [-119.20688500042831, 38.04521100030643], [-119.20696599972082, 38.04523600001039], [-119.20707399967588, 38.0453380001007], [-119.20737999999761, 38.045480000295], [-119.2075320003336, 38.04564099996793], [-119.20767299990058, 38.04568300003967], [-119.20776999998496, 38.04569999984287], [-119.20793999986427, 38.045714000094016], [-119.20808100032959, 38.04573400014495], [-119.20813300020815, 38.04572800034248], [-119.20819199975936, 38.04569099978111], [-119.20838500010319, 38.04539000006432], [-119.20846000044628, 38.045245999748076], [-119.20854999995964, 38.045142000286816], [-119.2085959999904, 38.045118000172494], [-119.20880900042575, 38.045107000088], [-119.20899299965042, 38.04507399982455], [-119.20904299987916, 38.04507399982455], [-119.20917799959838, 38.04511299994135], [-119.2092219999793, 38.045118000172494], [-119.20948800011806, 38.04510300018551], [-119.20974199966297, 38.04511299994135], [-119.20982700005179, 38.04509000014711], [-119.2100389997639, 38.04510399980743], [-119.21014800044216, 38.04509700033129], [-119.21019000027495, 38.045101999856115], [-119.21022999955962, 38.0451169998433], [-119.2103559999563, 38.045124000024956], [-119.21039600013926, 38.04511099999027], [-119.21045300004069, 38.04506700034559], [-119.21048300017792, 38.04499699985948], [-119.2104809996298, 38.04495199981483], [-119.21049499987348, 38.04491900018898], [-119.21054299955406, 38.04489300004454], [-119.2106089996763, 38.04488500021589], [-119.21096000020388, 38.044896999958496], [-119.21100299986156, 38.04487200013879], [-119.21108099967938, 38.044862999975244], [-119.21121299992387, 38.04487299976387], [-119.21149300030636, 38.04498199984765], [-119.21159299986545, 38.04499600023609], [-119.21166499983548, 38.04499699985948], [-119.2117429996533, 38.04507999968061], [-119.21177299979054, 38.04512999987691], [-119.2118270002172, 38.04528400015379], [-119.2118480001336, 38.04531599999611], [-119.21188499994352, 38.04534799982451], [-119.21193699982206, 38.04536900030112], [-119.21204300012727, 38.04538800012081], [-119.21225800021242, 38.04539700021987], [-119.21245400003099, 38.04537500013301], [-119.21263099958303, 38.04528899966586], [-119.2127350002384, 38.045221000047526], [-119.21287699963031, 38.04516500006478], [-119.21297799991265, 38.04514299990821], [-119.21305800027858, 38.0451169998433], [-119.21323200035586, 38.045024000297474], [-119.2133129996484, 38.04499400028181], [-119.21338499961843, 38.04499200032753], [-119.21364599973434, 38.04503600001729], [-119.21374299981869, 38.04503099978056], [-119.21384800029898, 38.04501500015256], [-119.21399700026191, 38.044964000253906], [-119.21413199998113, 38.04483899976942], [-119.21421300017198, 38.04473499973004], [-119.2142499999819, 38.04470000004414], [-119.2143689998076, 38.044648000297926], [-119.21442900008205, 38.044629999914555], [-119.21464499999212, 38.04447300007799], [-119.21483599978784, 38.04443199965071], [-119.21496899985722, 38.04434899980241], [-119.21510500029967, 38.044238000216275], [-119.21525400026256, 38.044174000282815], [-119.21530399959299, 38.04416300005644], [-119.2153699997152, 38.04416899998716], [-119.21551799985323, 38.04425799996292], [-119.21570500034927, 38.044298000147315], [-119.21574700018206, 38.04432100019036], [-119.21584400026644, 38.04440000012945], [-119.2158829997262, 38.044417999861885], [-119.21605599997856, 38.04444400017502], [-119.21620800031452, 38.04453200018674], [-119.21634300003375, 38.04462400002162], [-119.21655399992095, 38.04493899974962], [-119.21693999971032, 38.045327999668125], [-119.21730899978127, 38.045743999814604], [-119.21752700023946, 38.04592999978888], [-119.21770100031674, 38.04615000010691], [-119.21772800008092, 38.04620000027994], [-119.21800400026544, 38.046569000048166], [-119.2184119997961, 38.046945000086424], [-119.21868200013286, 38.047088999890676], [-119.21903399958704, 38.04731499993603], [-119.21973900011699, 38.047710000311994], [-119.22000799973048, 38.04782300017082], [-119.22032099972496, 38.04791300024034], [-119.22064299994021, 38.04794500034839], [-119.22089400001039, 38.0479429997673], [-119.22118199989046, 38.04792099973807], [-119.22124200016495, 38.047908000200025], [-119.22141299986914, 38.047910999658306], [-119.2215490003116, 38.04794000031033], [-119.22173199971138, 38.0480030001992], [-119.22185100043538, 38.04808600014966], [-119.22193900029892, 38.048170999873506], [-119.22202799998739, 38.048227999966], [-119.22215000018615, 38.04827800013466], [-119.22223399985172, 38.04832599969853], [-119.22256199991477, 38.04839899997711], [-119.22260899977044, 38.048419000001935], [-119.22272500012137, 38.0484940000465], [-119.22287599973411, 38.04855299974457], [-119.22301499965128, 38.04856700015751], [-119.22307800029881, 38.04856400001874], [-119.22318500042893, 38.048532999756304], [-119.22328099979009, 38.0485240000428], [-119.22331599995017, 38.048530999898645], [-119.22334699991231, 38.04858799971085], [-119.22335399958502, 38.04871100030852], [-119.2233729998516, 38.04878999975516], [-119.22344900001956, 38.04900600027856], [-119.22347300030903, 38.049114999868394], [-119.22346900011105, 38.04918100027456], [-119.2233879999202, 38.04937699988659], [-119.2233729998516, 38.049525000227604], [-119.2234220002554, 38.04996199973701], [-119.22341200020965, 38.05018899966187], [-119.223429999753, 38.05029899987084], [-119.2234439999967, 38.05033600022552], [-119.2236120002262, 38.050560000348405], [-119.22394500031211, 38.05093200011181], [-119.22398999961965, 38.0510290002205], [-119.22404599969614, 38.05109400006824], [-119.22406699961255, 38.051169999740836], [-119.22405800029001, 38.05126700024155], [-119.22407800038152, 38.05140199996598], [-119.22413299973479, 38.05159600022397], [-119.22418200013858, 38.051699000181124], [-119.2243739997592, 38.05200699965536], [-119.22440800009441, 38.05208100003414], [-119.22449000011015, 38.05220199995704], [-119.22471299969293, 38.052616000202924], [-119.22481200032544, 38.052751999786445], [-119.22484599976231, 38.05282900008354], [-119.22489199979307, 38.05298500017075], [-119.22491199988455, 38.05302499983125], [-119.22494899969448, 38.05305999978147], [-119.22499499972521, 38.05307699999381], [-119.22505199962664, 38.05308400012172], [-119.22518600041923, 38.053142999657254], [-119.22529400037429, 38.05333099965842], [-119.22542700044367, 38.053480000001116], [-119.22552399962973, 38.053573000122995], [-119.22559399994995, 38.053697999842065], [-119.2257599996313, 38.05419100009908], [-119.2258240001037, 38.05430699976016], [-119.22584800039314, 38.05439099983904], [-119.22585099986789, 38.05446200003263], [-119.22583699962419, 38.05452600016802], [-119.22581400005798, 38.05458900004772], [-119.22578499974564, 38.054632000136536], [-119.22575600033164, 38.05469900001078], [-119.2257670002023, 38.05476899970828], [-119.22580400001222, 38.05483200008618], [-119.22592000036317, 38.05497700013231], [-119.2259570001731, 38.05517699984653], [-119.22600099965571, 38.05532700015774], [-119.22605300043259, 38.05542800014695], [-119.22608100002167, 38.05546299965546], [-119.2261270000524, 38.05550099970923], [-119.22627000016755, 38.05553300003698], [-119.22655999969746, 38.05555600008707], [-119.22688399956256, 38.05562200034453], [-119.22731200008305, 38.05565600028244], [-119.22746000022106, 38.055687999835115], [-119.22750500042687, 38.055707999990524], [-119.22753200019109, 38.055732000169776], [-119.22756099960509, 38.055787999850125], [-119.22756399997812, 38.055843000012345], [-119.22749000035829, 38.05596500026321], [-119.22735700028889, 38.0561119998373], [-119.2267730001328, 38.05664700025032], [-119.22660800027636, 38.05684899998278], [-119.22651899968959, 38.05699700007016], [-119.22712499958698, 38.05674600019935], [-119.22731000043323, 38.0566760002707], [-119.22808299983689, 38.05634799995553], [-119.22820900023358, 38.05628399999867], [-119.22854200031952, 38.056158999744724], [-119.22906700002606, 38.05599900004177], [-119.22925600017194, 38.055981999800814], [-119.22950700024212, 38.05602000029241], [-119.22974999991635, 38.05603799999717], [-119.22988100033594, 38.05603200033184], [-119.22993700041245, 38.05601699975175], [-119.22999500013874, 38.05598400016221], [-119.230097000246, 38.05590699964749], [-119.23013499988083, 38.0558550000808], [-119.23016500001806, 38.055789000033506], [-119.23028700021679, 38.054992999705156], [-119.23031200033115, 38.054940000001466], [-119.2303509997909, 38.05491900014835], [-119.23054400013476, 38.05486599968371], [-119.23066799998331, 38.05481599977078], [-119.23108499973482, 38.05460999999557], [-119.23122700002507, 38.05456800009384], [-119.23139400042963, 38.05453899994555], [-119.23152800032393, 38.05452799986189], [-119.23167800011176, 38.05453399965051], [-119.23193099983175, 38.05455800021475], [-119.23211999997763, 38.05456200030802], [-119.23241899972837, 38.05455400012126], [-119.23254000010219, 38.05450599968962], [-119.2326520002552, 38.05441800034915], [-119.23271400017948, 38.05440400034788], [-119.2329760001203, 38.05445600023811], [-119.23303999969438, 38.054453000340644], [-119.23346800021488, 38.05434499970674], [-119.23355100005556, 38.05433099969145], [-119.23381100034658, 38.05423900002988], [-119.23411900031815, 38.05406700001413], [-119.23435799979443, 38.05395500009907], [-119.234449000031, 38.05388400012105], [-119.23449199968873, 38.053810999653365], [-119.2345119997802, 38.05375199994895], [-119.23452699984884, 38.053620000246134], [-119.23459799999392, 38.05339999974091], [-119.234745000307, 38.053216000083786], [-119.23481899992689, 38.05307500026029], [-119.2348840002242, 38.05300599987147], [-119.2349629998669, 38.05297099989538], [-119.23504599970758, 38.05290800003777], [-119.23509799958613, 38.052804999659735], [-119.23516000040873, 38.05273299975577], [-119.2360180002012, 38.05216400031265], [-119.23613000035421, 38.05210000023401], [-119.2370240001317, 38.05147500000672], [-119.23729500029336, 38.05129399978192], [-119.24109399988438, 38.05118799993099], [-119.24094800029454, 38.05489000013909], [-119.24307700033138, 38.054800000159254], [-119.24398899965223, 38.05370600012243], [-119.2441910002169, 38.053546000008495], [-119.24477000035013, 38.05359099972223], [-119.24540700020968, 38.053888000251156], [-119.24560800005112, 38.054045999910485], [-119.2467100002411, 38.05491799995308], [-119.24801200044757, 38.05498500027283], [-119.24850399964383, 38.05468799995116], [-119.2494290002818, 38.05361199995642], [-119.24980500002545, 38.053360000285345], [-119.2508799995529, 38.05306500017722], [-119.25191800016876, 38.0528019996946], [-119.25182699993215, 38.052902000115864], [-119.25172399999998, 38.05301499974134], [-119.25153999987697, 38.05319599995475], [-119.25145799986123, 38.05326100000035], [-119.25131599957098, 38.05338399981984], [-119.2512040003163, 38.05349199974968], [-119.25070499965072, 38.05391100011086], [-119.25065299977217, 38.053969000186285], [-119.25042900036449, 38.05426899979383], [-119.25014499978408, 38.0545729996792], [-119.25002099993549, 38.05467500020014], [-119.24967100013114, 38.05492700029521], [-119.24934800009096, 38.05514500007049], [-119.24908199995215, 38.05528300028695], [-119.24854700019985, 38.05549399981248], [-119.24830600017545, 38.05556999986804], [-119.24746099990344, 38.05572500029512], [-119.2473889999334, 38.055737999859694], [-119.24658200019455, 38.05589400011293], [-119.24638600037596, 38.05593199994292], [-119.24614399962834, 38.05596699991777], [-119.24557200006612, 38.05608399977278], [-119.24556299984528, 38.05666800031497], [-119.24553899955585, 38.05830100019657], [-119.24994899996548, 38.05819200013916], [-119.25116599978315, 38.058207000273455], [-119.25461200009511, 38.058264999773726], [-119.25473099992081, 38.0545860001557], [-119.25723900007434, 38.054614000086], [-119.2579000002233, 38.054739000149276], [-119.25824699965465, 38.054669999914395], [-119.2583010000813, 38.05462599964864], [-119.26865099981443, 38.05474300023265], [-119.26856600032391, 38.057220000157585], [-119.2973450000945, 38.05738600028261], [-119.29859899972209, 38.057392999998406], [-119.32406299960032, 38.0575390000815]]]}, "properties": {"ZCTA5": "93541", "GEOID": "93541", "NAME": "ZCTA5 93541", "AREALAND": 821955407, "INTPTLAT": "+38.0186456", "INTPTLON": "-119.0597265", "zcta": "93541", "place": "93541 nan", "name": "ZCTA5 93541"}}, {"type": "Feature", "geometry": {"type": "Polygon", "coordinates": [[[-119.10870299993482, 37.72319600017136], [-119.10856999986541, 37.722940000048474], [-119.10833300003895, 37.72222300016316], [-119.10828000033553, 37.721973000177755], [-119.10788199995226, 37.72137799970353], [-119.10768600013367, 37.720653000022445], [-119.10739900007852, 37.72007299985842], [-119.10676600041691, 37.71926899970658], [-119.10622800029155, 37.71894899985934], [-119.10586900026637, 37.71873599983648], [-119.10493600013083, 37.7181209999768], [-119.1048430002444, 37.718025000030224], [-119.1045539996411, 37.71772600009533], [-119.10440600040137, 37.7175740001411], [-119.10426900013404, 37.717471000069686], [-119.10356100012939, 37.716939999699086], [-119.10330699968615, 37.71687199967245], [-119.10293699979032, 37.716774999704114], [-119.10265800013106, 37.71670099986268], [-119.1018449996461, 37.716213000267324], [-119.10181399968397, 37.716194999734405], [-119.10190400009563, 37.71592099968878], [-119.10197299969262, 37.715621999789896], [-119.10181500040721, 37.714388999834675], [-119.10158899955306, 37.713647999979194], [-119.10120100011387, 37.713149000144774], [-119.10090700038599, 37.712840000233086], [-119.10074199963124, 37.71266699988543], [-119.10020400040419, 37.71240999973646], [-119.09997900027331, 37.71207999981145], [-119.09951200029306, 37.711872000102865], [-119.09929700020793, 37.71154199991385], [-119.09892099956598, 37.71142200032061], [-119.09854099962436, 37.71053599980908], [-119.09807000034452, 37.709481999711976], [-119.09765199986975, 37.70897600003164], [-119.09738599973096, 37.70844399996225], [-119.09685500017663, 37.70764699975213], [-119.09601900012547, 37.70677900028455], [-119.09539399996144, 37.70620699998464], [-119.09537800006795, 37.70619199976577], [-119.09449099996314, 37.705227000154075], [-119.09342200028347, 37.70408500031557], [-119.09312600000747, 37.70362700014206], [-119.09281100036318, 37.70353099989588], [-119.09179500038695, 37.702961000137975], [-119.09087099957394, 37.70268200012504], [-119.09008999977432, 37.70263600014685], [-119.0890870002169, 37.7027440002976], [-119.08805299979902, 37.702674000007256], [-119.08783900043706, 37.702375999980895], [-119.08709200007438, 37.70104800008574], [-119.08663299959173, 37.70054899998943], [-119.08626600006892, 37.700091000001436], [-119.08595100042466, 37.69982499982995], [-119.08560400009503, 37.699261999720605], [-119.08541999997199, 37.6990449997135], [-119.08484099983876, 37.698740000260926], [-119.0845160001488, 37.69852300014747], [-119.08407799958255, 37.698017000281574], [-119.08367000005185, 37.69766299968759], [-119.0832220003382, 37.69717200026403], [-119.0825610001892, 37.69654500009744], [-119.08212299962295, 37.696272000000356], [-119.08145300015146, 37.695936000086576], [-119.08071099981161, 37.69552599969887], [-119.0801020004395, 37.695254000229475], [-119.0792389997258, 37.694861000247734], [-119.07789899988447, 37.69435699981073], [-119.07712800013061, 37.69412899965539], [-119.07676200043272, 37.69402199988012], [-119.07568600018205, 37.693645999956736], [-119.07472100025944, 37.693196999836005], [-119.0737680000324, 37.69302999999981], [-119.07335200010579, 37.69288600032434], [-119.07334799990784, 37.69209600026886], [-119.07347599995435, 37.6912250001715], [-119.07326000004429, 37.690740999863436], [-119.07287199970676, 37.69017799972675], [-119.07213100009015, 37.6898740002395], [-119.07197700010437, 37.689645999806324], [-119.071515000147, 37.68896199998775], [-119.07146800029133, 37.68889200019094], [-119.07130599990961, 37.68879300016235], [-119.07106099968723, 37.688643000276514], [-119.07073599999725, 37.68840199976298], [-119.07042999967547, 37.68800800021892], [-119.07007400002334, 37.68765400017854], [-119.06950499993586, 37.68726000021511], [-119.06908700035943, 37.6867859997805], [-119.06882299987046, 37.686520000216305], [-119.06826399982873, 37.68619099971625], [-119.06767499964974, 37.68591000009347], [-119.06744000037142, 37.685621000291796], [-119.06680099996373, 37.68538100015903], [-119.06676699962854, 37.68536700023987], [-119.06618199964755, 37.685125000204124], [-119.06558199959794, 37.68477200016673], [-119.0651659996713, 37.68455599995578], [-119.06531499963423, 37.68387800030263], [-119.06511899981564, 37.68311199984444], [-119.06489399968473, 37.68263700034252], [-119.06443599992535, 37.68210599994179], [-119.06424799960436, 37.680831999947294], [-119.06412200010598, 37.680107000326906], [-119.06360099969908, 37.67906000005309], [-119.06324199967386, 37.678271000236876], [-119.06298800012898, 37.67790899999297], [-119.06277300004383, 37.677425000238294], [-119.06247699976781, 37.67700699984834], [-119.0622840003223, 37.67682199967578], [-119.06202900005418, 37.67653999974351], [-119.06205699964326, 37.67600800011966], [-119.0620249998562, 37.67549199994096], [-119.0621939999106, 37.674749000106914], [-119.06238399988139, 37.67421699972869], [-119.06247299956986, 37.67377299990371], [-119.06246199969921, 37.673466999909486], [-119.06246000004938, 37.67302299986288], [-119.06238499970631, 37.67217600003675], [-119.06246199969921, 37.67135400005394], [-119.06244099978281, 37.671095999873884], [-119.06197200015275, 37.67045999989842], [-119.06172000025768, 37.67022100023152], [-119.06141300011103, 37.66992899980216], [-119.06108699969776, 37.669478000236914], [-119.06061899989263, 37.66904400020543], [-119.06033000018763, 37.668076999694904], [-119.06006200039903, 37.66694899996819], [-119.05970199965061, 37.665893999797845], [-119.05954799966482, 37.6653779996884], [-119.0596380000765, 37.66504699967135], [-119.06024700034696, 37.66392799997564], [-119.06031099992106, 37.66381100031258], [-119.06028699963163, 37.66295700029831], [-119.06029599985244, 37.66248900010674], [-119.05999999957645, 37.662021999661], [-119.05999700010172, 37.661345000175615], [-119.06033799968523, 37.66052899964714], [-119.06033299966234, 37.66027800007739], [-119.06032500016477, 37.659828000064365], [-119.06053500022703, 37.65921399995787], [-119.06067099977118, 37.65910599970813], [-119.0607150001521, 37.659070000064084], [-119.06084700039656, 37.65896400010213], [-119.0608919997041, 37.65892900028275], [-119.06098899978849, 37.65885100001627], [-119.06105699956052, 37.658638000129365], [-119.06119899985077, 37.65819600007042], [-119.06139999969221, 37.65783400003792], [-119.06134299979081, 37.65767700005656], [-119.06122599961496, 37.6573500002073], [-119.06073600006847, 37.656915999668634], [-119.06068900021285, 37.65677899975343], [-119.06054199989973, 37.656344000215874], [-119.06033699986034, 37.65598199968785], [-119.05973799963562, 37.655636999895634], [-119.05900299986678, 37.655249000250954], [-119.05870300029112, 37.6550909998367], [-119.05847599961207, 37.654691000066784], [-119.05837699987788, 37.654517999884575], [-119.05830499990785, 37.65439100006983], [-119.05803200009639, 37.65403599969306], [-119.05791200044577, 37.653879000215284], [-119.05744899976521, 37.65335300011655], [-119.05646399975112, 37.65258900028151], [-119.05589499966362, 37.652290000309854], [-119.05528600029147, 37.65197100010455], [-119.05433100041462, 37.651184000330325], [-119.0541049995605, 37.65064400027592], [-119.05413399987282, 37.65015199971605], [-119.05388799982553, 37.64949099972361], [-119.05394599955184, 37.648990999842276], [-119.05378900009131, 37.647790000005955], [-119.05359099972462, 37.64639500021888], [-119.05379999996197, 37.64578200006352], [-119.05402400026796, 37.64560400010101], [-119.0546179995715, 37.64513499998728], [-119.05348100011976, 37.64452499965392], [-119.05296999975859, 37.644342999876145], [-119.05293700014661, 37.64433100021906], [-119.05283900023733, 37.64429499981356], [-119.05280699955195, 37.64428400023939], [-119.05203699962303, 37.64400899968672], [-119.05199999981313, 37.643995999881156], [-119.05126800041731, 37.64341799987794], [-119.05107400024853, 37.6429750001636], [-119.05043499984089, 37.64264600007758], [-119.05023599964923, 37.64245200000338], [-119.04978399973763, 37.642010000340186], [-119.0496349997747, 37.64190199996475], [-119.04950699972818, 37.64180899987127], [-119.04927599974951, 37.641641000187526], [-119.04916500031976, 37.641487999916336], [-119.04907300025826, 37.641360999870315], [-119.04831900022283, 37.640321000325756], [-119.0481130003585, 37.640135999767296], [-119.04762700011167, 37.63970100019571], [-119.04737299966848, 37.63948400024376], [-119.04684399976396, 37.63882400008737], [-119.04636699973798, 37.63860799987505], [-119.04604100022308, 37.63823799972526], [-119.0456629999313, 37.637392000134724], [-119.0453180001498, 37.637045999871034], [-119.04494300023109, 37.63686599993555], [-119.04436400009786, 37.63658899998921], [-119.04399699967671, 37.6365589998457], [-119.04359400016891, 37.63652599981617], [-119.04348899968862, 37.63642499995799], [-119.0434100000459, 37.63633099992441], [-119.04317599969417, 37.63604899982149], [-119.04309799987635, 37.63595600022641], [-119.04287000027072, 37.63568200035259], [-119.04249399962877, 37.63523099975949], [-119.0421029998165, 37.63495400012041], [-119.0418130002866, 37.6347490003159], [-119.04088000015105, 37.63423499976975], [-119.04056499960848, 37.63408400035369], [-119.04007800043507, 37.633849999988065], [-119.03967300037912, 37.63372999989786], [-119.03923700036101, 37.633641999993046], [-119.03886099971909, 37.63334500034535], [-119.03859600030351, 37.633046999980124], [-119.03826099966945, 37.63276599975367], [-119.03776399955201, 37.63262199979807], [-119.03687300014755, 37.63253500025284], [-119.03676699984233, 37.63254199986024], [-119.03607300008139, 37.6325939999719], [-119.03568899994184, 37.63266700025879], [-119.03536300042691, 37.632649000077784], [-119.03517500010592, 37.63245099993296], [-119.0349630003938, 37.632139000251016], [-119.03483100014935, 37.63194400022927], [-119.0343850000855, 37.63131499966348], [-119.03412200031977, 37.631032999733094], [-119.03361199978353, 37.630812999972726], [-119.0335259995698, 37.63077599985856], [-119.03328299989555, 37.63067100033782], [-119.0329980003885, 37.6306169997541], [-119.03267899964796, 37.63055600004884], [-119.03256499984516, 37.63053499995208], [-119.03239199959278, 37.63008299985338], [-119.0323640000037, 37.62971299993946], [-119.03234100043748, 37.62938999978923], [-119.03241300040749, 37.629241999945286], [-119.0326319997923, 37.6287999999548], [-119.03270600031045, 37.6286529999485], [-119.03248000035465, 37.62855000016774], [-119.03210500043595, 37.628379000181944], [-119.03184400032, 37.62817200012207], [-119.03165000015125, 37.628018000263836], [-119.03145299960944, 37.62786299977473], [-119.03140099973092, 37.627760000322056], [-119.03122800037687, 37.627412000107036], [-119.03109500030747, 37.626969000293315], [-119.03107500021599, 37.6267260001944], [-119.03116599955426, 37.626372999882655], [-119.0310979997822, 37.62608499981952], [-119.03089500029093, 37.62522300003269], [-119.03082800034377, 37.624936000133836], [-119.03080099968129, 37.624126000173995], [-119.03078599961269, 37.623672999863366], [-119.03078499978777, 37.62223100005574], [-119.03082499997075, 37.62169899975023], [-119.03088699989502, 37.62089199988868], [-119.03123900024754, 37.62018799993174], [-119.0312660000117, 37.6201359996786], [-119.03176599960392, 37.619336000067285], [-119.03196599962043, 37.61883600003023], [-119.03166600004478, 37.61833600018841], [-119.03162900023486, 37.6181020000495], [-119.03151000040916, 37.617324999660454], [-119.03146600002823, 37.6170359996639], [-119.03151700008188, 37.6166240000485], [-119.03166600004478, 37.6154359998369], [-119.03183500009918, 37.6145300001367], [-119.03196599962043, 37.613835999737894], [-119.03221199966774, 37.613010999966434], [-119.03256499984516, 37.61183600012531], [-119.03285299972524, 37.61097199985191], [-119.0329919996424, 37.610551999997355], [-119.03326500035222, 37.60973600010738], [-119.03328000042082, 37.609695000086816], [-119.03332599955327, 37.60957500013988], [-119.03334200034509, 37.60953499987735], [-119.03345799979772, 37.60923399986242], [-119.03376499994441, 37.608436000100255], [-119.03382100002088, 37.60822700028963], [-119.03406500041838, 37.60733599986432], [-119.03446499955314, 37.606035999897266], [-119.03456500001057, 37.604535999677445], [-119.03448700019274, 37.604148000040944], [-119.034364999994, 37.603536000044556], [-119.03395699956502, 37.60288299977818], [-119.03386500040183, 37.60273599976922], [-119.03326500035222, 37.601736000137784], [-119.03269600026472, 37.60104599976442], [-119.0318640004115, 37.600036999710966], [-119.03066400031226, 37.598737000299195], [-119.02936399975559, 37.59743700023737], [-119.02826400011377, 37.596636999859946], [-119.0279140003094, 37.59639500030051], [-119.0269639995571, 37.59573699983075], [-119.02656400042233, 37.59473700008057], [-119.02648300023148, 37.59447699986607], [-119.02624300003195, 37.59369700017819], [-119.02616400038922, 37.593436999888986], [-119.0260830001984, 37.59313700028812], [-119.02584299999887, 37.592236999923735], [-119.02576400035616, 37.59193699975623], [-119.02531300026945, 37.590584000104606], [-119.02524499959907, 37.590379999776744], [-119.02516400030655, 37.59013699969275], [-119.0250780000928, 37.58997999974386], [-119.024563000432, 37.589037000091906], [-119.02366299990841, 37.58783699965273], [-119.0230439995922, 37.58698500006096], [-119.02286299984225, 37.586737000228894], [-119.02246299980916, 37.585937000144796], [-119.02236300025005, 37.58573699984817], [-119.02206299977608, 37.58583700006363], [-119.02206299977608, 37.58563700021019], [-119.02196300021697, 37.585536999725996], [-119.02176300020042, 37.585237000314955], [-119.02086299967684, 37.58453700030937], [-119.02066299966029, 37.58413700019835], [-119.02046299964375, 37.583436999815426], [-119.01946299956104, 37.583136999772044], [-119.01886300040974, 37.58293699978336], [-119.01786300032704, 37.58283699994348], [-119.01686300024433, 37.58273699996928], [-119.01636299975382, 37.58253700032979], [-119.01536299967111, 37.58223700021905], [-119.01496299963803, 37.58183699985201], [-119.0142630000293, 37.581236999899204], [-119.01256300033786, 37.58023699967383], [-119.01086199992318, 37.57933699994735], [-119.00826199970815, 37.57753699989464], [-119.00636200000014, 37.576137000146524], [-119.00566200039144, 37.575536999824855], [-119.0044620002922, 37.57443700020639], [-119.00376199978511, 37.57323700008484], [-119.00326200019295, 37.572336999763984], [-119.00280699990827, 37.57178900006372], [-119.00226200011024, 37.571136999980084], [-119.00200799966701, 37.57104799968755], [-119.00146500041713, 37.570897000123935], [-119.00096199955357, 37.57080499986726], [-119.00046199996135, 37.57093699979766], [-119.00026199994483, 37.57073699979017], [-118.99986199991174, 37.57043699983998], [-118.99906199984558, 37.56993700008566], [-118.99856200025336, 37.569536999859075], [-118.99836200023682, 37.569436999822834], [-118.9919609998826, 37.56793700025619], [-118.99056099976681, 37.56713699967083], [-118.98926100010847, 37.5674370000962], [-118.9879609995518, 37.567036999972636], [-118.98676100035087, 37.566937000140136], [-118.98486099974455, 37.56733700008864], [-118.98366099964531, 37.566236999689885], [-118.98296100003657, 37.56513700013672], [-118.98185899984662, 37.56499000033969], [-118.98167399989872, 37.56496600033076], [-118.98148800012585, 37.564940999868185], [-118.98146100036168, 37.56493700022062], [-118.97996099978846, 37.56323700026047], [-118.97856099967267, 37.56123699998521], [-118.9777609996065, 37.558937000162885], [-118.97695999971542, 37.55683699996487], [-118.97516100028979, 37.5571369998525], [-118.97436100022362, 37.55813699977526], [-118.97246099961733, 37.55943699969294], [-118.96986100030061, 37.559537000335716], [-118.96886100021788, 37.55853699997456], [-118.96576100041068, 37.55843700012601], [-118.9640609998209, 37.55813699977526], [-118.96308000000478, 37.55870900011219], [-118.96286099972166, 37.5588370001391], [-118.96206099965552, 37.559837000034534], [-118.96136100004675, 37.560937000226644], [-118.96136100004675, 37.56133700034838], [-118.96066100043805, 37.56233700015836], [-118.95976099991445, 37.56313700031129], [-118.95786100020648, 37.562836999658465], [-118.95636099963323, 37.562736999884514], [-118.95615399994401, 37.56286100035329], [-118.95586100004104, 37.56303700022793], [-118.95486099995834, 37.564537000201646], [-118.95356100029997, 37.565436000344974], [-118.95266099977638, 37.56583599980906], [-118.95106099964406, 37.56533599978734], [-118.94996100000225, 37.565036000157164], [-118.94856099988645, 37.56523599980753], [-118.94696099975413, 37.565036000157164], [-118.94646100016193, 37.564036000259875], [-118.94636099970451, 37.56333600032], [-118.94526100006269, 37.562636000211505], [-118.9438609999469, 37.56233599967747], [-118.94266099984766, 37.56213600007448], [-118.94166099976492, 37.56133599985406], [-118.94116100017276, 37.56033600013839], [-118.94146099974841, 37.55883600032334], [-118.94065999985733, 37.55743600012209], [-118.93976000023206, 37.55573599991888], [-118.93896000016589, 37.55443600023827], [-118.93785999962576, 37.55403600010185], [-118.93702600012271, 37.55391600014077], [-118.93646000040829, 37.55383600029676], [-118.93435999978544, 37.55333600021629], [-118.93306000012709, 37.55223600033818], [-118.93226000006092, 37.55083600006137], [-118.93045999991206, 37.549535999658175], [-118.92965999984587, 37.548936000152025], [-118.92776000013791, 37.54883600023956], [-118.92606000044647, 37.54863600001218], [-118.92415999984017, 37.549136000286666], [-118.92206000011562, 37.55023600033703], [-118.92075999955898, 37.55023600033703], [-118.91896000030843, 37.54993599973194], [-118.91836000025877, 37.550036000305234], [-118.91776000020919, 37.55023600033703], [-118.91725999971865, 37.55033599979566], [-118.9171579996114, 37.55033599979566], [-118.9170599997021, 37.55033599979566], [-118.91446000038542, 37.54703600024117], [-118.9130600002696, 37.544236000268945], [-118.91255999977909, 37.543336000023224], [-118.9110600001042, 37.54273599975892], [-118.91006000002149, 37.54143599983458], [-118.91025900021313, 37.540336000275175], [-118.9097589997226, 37.53933600012688], [-118.90865900008079, 37.53873599972614], [-118.9067590003728, 37.537836000045], [-118.90575900029012, 37.536335999706495], [-118.90525899979959, 37.535436000264426], [-118.90415900015778, 37.53463599979425], [-118.90325899963418, 37.53343599973834], [-118.90205900043325, 37.532435999664365], [-118.90115899990965, 37.53123599982883], [-118.90165900040017, 37.530236000177595], [-118.90205900043325, 37.52983599984012], [-118.90265899958456, 37.52883599994144], [-118.90275900004198, 37.52773599974289], [-118.9023590000089, 37.526736000187924], [-118.9018590004167, 37.52603599971874], [-118.90095899989312, 37.52583600031197], [-118.89875899971113, 37.52533599980544], [-118.89625899995356, 37.5254359998899], [-118.89455900026209, 37.52583600031197], [-118.89345899972199, 37.52603599971874], [-118.89255900009671, 37.52613600028969], [-118.89105900042182, 37.52533599980544], [-118.88935899983206, 37.523135999657455], [-118.88745900012405, 37.52103599975238], [-118.88625800019992, 37.520635999956305], [-118.88485899990904, 37.520535999850324], [-118.88365799998488, 37.52013600022371], [-118.88315800039268, 37.51833599994927], [-118.88315800039268, 37.51663600019661], [-118.88285799991871, 37.515636000064376], [-118.88215800030999, 37.515435999855015], [-118.88125799978638, 37.514736000245186], [-118.8813580002438, 37.51323599994148], [-118.88155800026036, 37.51233599968199], [-118.8817580002769, 37.511335999649795], [-118.88165799981947, 37.51033599975858], [-118.88055800017766, 37.50953600017566], [-118.8789580000453, 37.50903600017969], [-118.877357999913, 37.50853599968489], [-118.8759579997972, 37.508042000248075], [-118.87565800022153, 37.50793600022854], [-118.8740580000892, 37.507635999760794], [-118.87335799958218, 37.507635999760794], [-118.8720579999238, 37.50783600020659], [-118.87115800029852, 37.50793600022854], [-118.86945799970877, 37.507635999760794], [-118.86865799964261, 37.507635999760794], [-118.86745800044167, 37.50713500006858], [-118.86675799993462, 37.50643500027981], [-118.86625800034243, 37.505735000340835], [-118.86515799980229, 37.50463500020652], [-118.86445800019357, 37.50393499978057], [-118.86345800011085, 37.503435000039225], [-118.86245800002816, 37.502734999764485], [-118.86155800040285, 37.50213500000668], [-118.86075800033672, 37.501534999703175], [-118.86062899956697, 37.5013029999371], [-118.8602579998462, 37.50063500018499], [-118.86005799982966, 37.50043499968986], [-118.86005799982966, 37.50023500008444], [-118.85988799995033, 37.499935000028174], [-118.8596179996136, 37.49895099985004], [-118.86004100011121, 37.49744400001203], [-118.85958199962857, 37.496236000191864], [-118.85849399968234, 37.49432300025895], [-118.85858099972097, 37.492949000140555], [-118.8597170002461, 37.491142999908476], [-118.85963500023034, 37.4901040001595], [-118.85900900024147, 37.48872800003568], [-118.8586750003306, 37.48758700002733], [-118.85771100023291, 37.48698100005046], [-118.85741900015489, 37.48607500001367], [-118.85750600019352, 37.48480199973977], [-118.85708900044199, 37.48342600032535], [-118.85587400027414, 37.48218200005313], [-118.85541399996659, 37.4814429996848], [-118.85587699974889, 37.48104300015916], [-118.8569270000603, 37.480408999814216], [-118.85722300033629, 37.479471999746], [-118.85604900017634, 37.478394999749256], [-118.85047399982751, 37.47579600023058], [-118.84975999997509, 37.475859999773554], [-118.8493819996833, 37.47616099978557], [-118.84782500010701, 37.47752999975416], [-118.84433899961209, 37.47922699980737], [-118.84190099977873, 37.48089499981335], [-118.8377859998202, 37.481852999845486], [-118.83602099983143, 37.48251700028184], [-118.83501499990093, 37.48214500020172], [-118.83430500024646, 37.48076900032833], [-118.83338200015666, 37.48032999969901], [-118.83279499962751, 37.480193999828444], [-118.82981299982106, 37.4809879999589], [-118.82716699957525, 37.48221899988617], [-118.82494100035237, 37.482746999707565], [-118.82413899973804, 37.48462100005054], [-118.8221219998542, 37.4854849998477], [-118.81947599960844, 37.48631299978135], [-118.81657699964265, 37.48727499973575], [-118.81552600040462, 37.4878069996872], [-118.81431000041185, 37.48753499983164], [-118.8119620000919, 37.4863870003273], [-118.81028400014176, 37.48604499979146], [-118.80877199987297, 37.486543000351915], [-118.80696500005142, 37.487273000323654], [-118.80545000030791, 37.4885749997195], [-118.8042739995998, 37.488939000251165], [-118.80104300027133, 37.488625999859735], [-118.79927999993235, 37.48865300033912], [-118.79835600001766, 37.48864900016311], [-118.79709700036717, 37.488712000059216], [-118.7958389996433, 37.48837200028372], [-118.79474999987214, 37.4874959996611], [-118.79450200017502, 37.486121000045856], [-118.79395900002679, 37.48531499993799], [-118.7919039996098, 37.484602999710894], [-118.79085800039464, 37.483457999687786], [-118.78973199991525, 37.48087300012227], [-118.78831000005816, 37.47945999988122], [-118.78705200023258, 37.47891900023167], [-118.78604600030211, 37.47868099972246], [-118.78613199961751, 37.4779769997936], [-118.78630499986986, 37.476334999971385], [-118.78505299989209, 37.47388399965665], [-118.78094799997929, 37.471387999994434], [-118.77877000043696, 37.47000500033636], [-118.77789099982976, 37.46936500007269], [-118.77785400001983, 37.46772199966097], [-118.77773099999618, 37.46648200028664], [-118.77689499994501, 37.46557300019765], [-118.77538900042232, 37.46399200026825], [-118.77501399960528, 37.463051999995216], [-118.76933100019978, 37.46308200017887], [-118.76364799989595, 37.463112000350534], [-118.75095800023881, 37.46317499967358], [-118.74392000002503, 37.463113999696056], [-118.74186399978312, 37.46307100020799], [-118.74089100036292, 37.46307300026764], [-118.7303370004153, 37.463102000057006], [-118.72802500008038, 37.46307699967377], [-118.72734800003785, 37.46308999970292], [-118.72718700037936, 37.463093000148135], [-118.72698800018775, 37.46309700026624], [-118.72696800009625, 37.463093000148135], [-118.72693399976106, 37.46309700026624], [-118.72682900017908, 37.46309700026624], [-118.72653600027611, 37.46309700026624], [-118.72581499985266, 37.46309700026624], [-118.7256700000877, 37.46309700026624], [-118.72558600042211, 37.46309700026624], [-118.72551799975174, 37.46309599988023], [-118.72549600001042, 37.46309599988023], [-118.72519600043478, 37.46309599988023], [-118.72481499976996, 37.46309599988023], [-118.72448300040725, 37.46309599988023], [-118.7211979997538, 37.46309399982118], [-118.7184600003448, 37.463093000148135], [-118.71572299986242, 37.463091999762085], [-118.7138909999265, 37.46309399982118], [-118.71302599956302, 37.46309399982118], [-118.71039299973602, 37.46309399982118], [-118.70568399957561, 37.46308799964377], [-118.70097600013845, 37.46308299985206], [-118.68206599987705, 37.46306000023547], [-118.66315499979072, 37.463038000285614], [-118.66193100030037, 37.46304399975404], [-118.66064800036044, 37.46307699967377], [-118.65639000028675, 37.463069999821634], [-118.65213300003799, 37.46306400035534], [-118.6460370001806, 37.463054999728904], [-118.6407570002829, 37.4630470002011], [-118.64073899984125, 37.4652180002861], [-118.64073899984125, 37.46533200032694], [-118.64074399986411, 37.467566000270374], [-118.64075999975765, 37.475181000268535], [-118.64076700032864, 37.480362999829445], [-118.64078499987198, 37.48744300005467], [-118.64079499991774, 37.49217300020169], [-118.65604499960693, 37.49219700012218], [-118.65898299993079, 37.492207000086836], [-118.65896100018946, 37.49739899975258], [-118.65895299979354, 37.50134899985586], [-118.65922800015318, 37.50154300010005], [-118.6594709998274, 37.50160099974452], [-118.6597379997911, 37.50165800018679], [-118.66022700041096, 37.50170600033796], [-118.66059300010885, 37.50170100027912], [-118.66110500029491, 37.50160800026377], [-118.66144000003068, 37.5015910003251], [-118.66220699958657, 37.501669000179604], [-118.6637570003885, 37.501751000139855], [-118.66461400035607, 37.50177800015048], [-118.66514200043565, 37.50176100025047], [-118.66551099960829, 37.50176700017373], [-118.6657840003181, 37.5017629999874], [-118.66637900034485, 37.501690000290964], [-118.66705300001429, 37.501599000003296], [-118.66723299993936, 37.501588000000126], [-118.66754299956078, 37.50161000000481], [-118.6677629996688, 37.501604999939524], [-118.66797799975394, 37.50158100019167], [-118.66827499985486, 37.50156599998901], [-118.66856899958275, 37.50164200012956], [-118.66886700040688, 37.5017130001347], [-118.66988099983497, 37.50183600032508], [-118.67021700029397, 37.501918000101874], [-118.67058299999184, 37.50190700014575], [-118.67174999958083, 37.50171900006176], [-118.67225799956894, 37.50164700019236], [-118.67304000009176, 37.50169299989918], [-118.67397700042525, 37.50188000018177], [-118.67446500032189, 37.50193400009996], [-118.67485899960889, 37.50187500013457], [-118.67526700003786, 37.50170200014837], [-118.67608100034776, 37.501286999803796], [-118.6763390000906, 37.50113699990167], [-118.67669899994074, 37.50081299991134], [-118.67702399963073, 37.500624999923524], [-118.67893199973463, 37.50762400014458], [-118.67872699969523, 37.50800600016421], [-118.67839399960928, 37.508354999790335], [-118.67820100016377, 37.508613000345505], [-118.6780000003223, 37.50893399994876], [-118.67760199993907, 37.509421999875585], [-118.6770920003011, 37.50983499966041], [-118.67643399962685, 37.51036000025494], [-118.67613900007406, 37.510602999768636], [-118.67596599982171, 37.51075099968299], [-118.67586299988955, 37.510893000114635], [-118.6754989998415, 37.5111149997262], [-118.67510600037942, 37.511372000265354], [-118.6747880003621, 37.51168299991198], [-118.67451899985026, 37.51211900021326], [-118.67424199984082, 37.51258399993103], [-118.67391799997574, 37.51299700003387], [-118.67374499972337, 37.513282000345654], [-118.67366400043083, 37.51351399993846], [-118.67361699967685, 37.51375600016414], [-118.67357499984406, 37.514315000050026], [-118.67354600043006, 37.51479799981605], [-118.67351299991977, 37.515038999750324], [-118.67349000035352, 37.51528100001875], [-118.67345600001836, 37.51540399994275], [-118.67337499982749, 37.51558900000281], [-118.67330299985748, 37.51570100007047], [-118.67318700040485, 37.51580399999706], [-118.6730440002897, 37.51587000024886], [-118.6729100003954, 37.51598100021681], [-118.67283599987725, 37.516050999733], [-118.67273299994508, 37.516184000129144], [-118.67235899985128, 37.51637000006595], [-118.67211100015416, 37.51651799994496], [-118.67182699957372, 37.516705999810945], [-118.67155200011241, 37.51679700020889], [-118.6709599995604, 37.51692500023631], [-118.67061599960383, 37.517014000326334], [-118.67027099982232, 37.51715400020519], [-118.67002899997298, 37.51733700016985], [-118.66954000025144, 37.517595000315474], [-118.66902700024043, 37.51779099968625], [-118.66858100017662, 37.51800100006943], [-118.66832500008357, 37.5181639999968], [-118.66752400019251, 37.51861099983263], [-118.6671869999086, 37.518868999848465], [-118.6670160002044, 37.51923199985149], [-118.66680699996701, 37.51958299968258], [-118.6665810000112, 37.51982399983864], [-118.66639500023838, 37.51993900026254], [-118.66617400030545, 37.51996600010713], [-118.66594499997656, 37.519869000118554], [-118.66555300033943, 37.519676000104056], [-118.6652019998118, 37.51963799996114], [-118.66461299963285, 37.519614999940295], [-118.66436699958555, 37.519547999808054], [-118.66419900025437, 37.51948199995921], [-118.66396499990265, 37.519462000209444], [-118.6638069997189, 37.519462000209444], [-118.66362699979386, 37.519478000009705], [-118.66334499976155, 37.51941600005204], [-118.66307600014804, 37.519286000042605], [-118.66289600022297, 37.519186999899915], [-118.66260099977187, 37.51910200023395], [-118.66233999965598, 37.519065000147954], [-118.66213200014181, 37.518982000331135], [-118.66169199992578, 37.5189179999716], [-118.66109100005123, 37.51881799970063], [-118.66014799986992, 37.518743000300134], [-118.6597739997761, 37.51879999976589], [-118.65876000034804, 37.518927000281536], [-118.65848400016351, 37.518949999802], [-118.65834100004837, 37.51896599971205], [-118.65786499984729, 37.51902000009562], [-118.6573309999199, 37.51900299984713], [-118.65682299993179, 37.518894000089794], [-118.65643600031753, 37.518767000230504], [-118.6558720002529, 37.51845299981884], [-118.6554489997553, 37.518234999963106], [-118.65444500037293, 37.517837000132886], [-118.65394800025547, 37.517711000267], [-118.6533959998864, 37.51772699973021], [-118.65287700002766, 37.517820999980756], [-118.65262299958442, 37.51790500002869], [-118.65233200022962, 37.51794100032561], [-118.65172899980693, 37.51794300034158], [-118.65135499971312, 37.51797000019595], [-118.65089100010596, 37.51808299990251], [-118.6503660003994, 37.518115999740445], [-118.65014000044356, 37.51815399994589], [-118.64991299976455, 37.518277000122104], [-118.64952000030246, 37.51841899977214], [-118.64907300041372, 37.5185160002207], [-118.64796899967564, 37.51867699973931], [-118.64750599989337, 37.518698000053604], [-118.64729800037922, 37.51871899964953], [-118.64702200019471, 37.51874799993002], [-118.64646900000074, 37.51879100015315], [-118.64642399979488, 37.51880900009005], [-118.64639200000784, 37.51890099969987], [-118.64634900035016, 37.518990999920895], [-118.64623899984696, 37.51914599988873], [-118.64613400026498, 37.51920899970545], [-118.64604399985329, 37.519227999888585], [-118.64595099996686, 37.519223999925416], [-118.64586499975314, 37.51919699981233], [-118.64562299990384, 37.51908199966981], [-118.64553800041331, 37.51902699969387], [-118.64524600033528, 37.51913099965308], [-118.64504200012077, 37.51918600026481], [-118.64469700033928, 37.519307000185506], [-118.64403500036538, 37.51957699976631], [-118.64246100017229, 37.520040999703376], [-118.64212100041367, 37.52011200002122], [-118.64177699955877, 37.520221999758], [-118.6411430000723, 37.52050299965774], [-118.64084000012357, 37.52060000024711], [-118.63984599988865, 37.5207879998037], [-118.63949199988633, 37.520864000323726], [-118.63932100018212, 37.52094700018453], [-118.63922499992263, 37.52100699964869], [-118.63553099991356, 37.52102699969683], [-118.63497500024488, 37.52103100027579], [-118.63513599990337, 37.52121999977921], [-118.63519700000273, 37.5213150002234], [-118.6352100004215, 37.52133599979525], [-118.63526800014785, 37.5214569997918], [-118.63531800037656, 37.52161400025438], [-118.63542799998139, 37.52212899969308], [-118.63545200027086, 37.52229199986499], [-118.63546700033946, 37.52258499986868], [-118.63541000043807, 37.52310799995252], [-118.63525300007922, 37.524130999754654], [-118.63524100038366, 37.52420699971918], [-118.63518899960678, 37.524555000255425], [-118.635186999957, 37.52467400018304], [-118.63521999956895, 37.524967000093774], [-118.6352520002543, 37.52514399995156], [-118.63575299967144, 37.526245000153764], [-118.63596699993165, 37.526638999739404], [-118.6360539999703, 37.526756000125175], [-118.63613900035912, 37.52684699966505], [-118.6367720000207, 37.52746400000571], [-118.63689099984639, 37.527564000087246], [-118.637126000023, 37.527731000002845], [-118.6374060004055, 37.52788600033653], [-118.63776799990545, 37.52804000011928], [-118.63781700030924, 37.528069000338895], [-118.63799700023431, 37.52817400003245], [-118.63818300000713, 37.52832399974531], [-118.6382089999464, 37.528345000194], [-118.63846000001655, 37.52856599967212], [-118.63875999959224, 37.52876699981521], [-118.63890500025548, 37.52887300016871], [-118.63936499966472, 37.529282999956656], [-118.64031200004398, 37.530204999688486], [-118.64067100006919, 37.530542000016986], [-118.6408119996362, 37.53069400034123], [-118.64098999991143, 37.530919000032256], [-118.64111799995793, 37.53110599975612], [-118.64163000014402, 37.531927999953545], [-118.641814000267, 37.53219999979715], [-118.64188500041212, 37.53233999967566], [-118.64194499978828, 37.53249300006671], [-118.6421280000864, 37.533171999984226], [-118.64252200027167, 37.535047000093506], [-118.64266000036393, 37.535423000002176], [-118.64275300025034, 37.535632999906554], [-118.64292499977951, 37.53594499971057], [-118.64310300005474, 37.53620300032964], [-118.6432980000484, 37.536487000216454], [-118.64342799974473, 37.53663899982186], [-118.6439730004411, 37.53716299977943], [-118.64405200008383, 37.53726100018111], [-118.64411900003097, 37.53736499965247], [-118.64417099990949, 37.53747400020295], [-118.6444749996831, 37.53847499976874], [-118.64454500000332, 37.538641000098515], [-118.6446160001484, 37.538746999952664], [-118.64489599963258, 37.53910300025499], [-118.6449750001736, 37.53924099983901], [-118.64504100029585, 37.539384000263745], [-118.64533099982576, 37.54031400028944], [-118.64547300011598, 37.54083099966344], [-118.64555000010888, 37.54102499984681], [-118.64556000015462, 37.54105099984039], [-118.64562799992667, 37.5411569998299], [-118.64570999994245, 37.54125700007162], [-118.64580399965378, 37.54134899977661], [-118.64590999995899, 37.541432999686904], [-118.6461779997476, 37.54161900006714], [-118.64630699961901, 37.54176000011517], [-118.64635699984774, 37.541838000012014], [-118.64639600020578, 37.541919999998214], [-118.64682200017816, 37.543022999776724], [-118.64701100032404, 37.54345899999025], [-118.64711599990602, 37.54365299974588], [-118.64720999961735, 37.54378800011502], [-118.64741499965676, 37.54403499979356], [-118.64769300038944, 37.54430999966961], [-118.64794799975924, 37.54451200012376], [-118.64865499993901, 37.54490500007365], [-118.64952500032535, 37.54540999971339], [-118.65028900040652, 37.545864000030534], [-118.6509210002432, 37.546349999903796], [-118.65104500009173, 37.54647399986535], [-118.65116300009251, 37.54661899990913], [-118.65126199982673, 37.54677300018213], [-118.65132700012404, 37.54691900033221], [-118.65147600008694, 37.547347000080386], [-118.6517599997691, 37.54811000028549], [-118.6518030003251, 37.54820699987242], [-118.65184199978485, 37.548268000157385], [-118.65194399989211, 37.54838000030554], [-118.65207299976352, 37.54847199976717], [-118.65216700037315, 37.548515999903074], [-118.6526629997674, 37.548771999854864], [-118.65283199982181, 37.54888100010994], [-118.65298599980758, 37.54900400018682], [-118.65315099966405, 37.549169999864475], [-118.65343500024449, 37.5495079998931], [-118.65355599972, 37.549676999688785], [-118.6536760002689, 37.54987799990771], [-118.65438599992339, 37.55148599995033], [-118.65456500002352, 37.55192299971515], [-118.6546760003516, 37.55215799992594], [-118.65494999998799, 37.552580000105145], [-118.65536199971663, 37.55307199970366], [-118.65547700024268, 37.55317500001759], [-118.6556050002892, 37.553248999802676], [-118.65592999997922, 37.55334699971286], [-118.65609099963771, 37.55342100003933], [-118.65622899972998, 37.55352100020972], [-118.65632499998941, 37.55362300001743], [-118.65642399972366, 37.55376300026625], [-118.65646599955645, 37.553850000079834], [-118.65651400013532, 37.55403199986886], [-118.6565199999831, 37.55412500006684], [-118.65651400013532, 37.554218000148815], [-118.65649599969366, 37.55431100011467], [-118.65646599955645, 37.55440100033876], [-118.65641700005094, 37.554501999780236], [-118.65632199961638, 37.55474599995331], [-118.65626300006514, 37.55500400031806], [-118.6562530000194, 37.55515500005089], [-118.65627200028598, 37.555380999857576], [-118.65632800036249, 37.55556400004015], [-118.65645499968579, 37.555763000335794], [-118.65658899958008, 37.55589899999233], [-118.6566880002126, 37.55597799990402], [-118.65679699999255, 37.556048000341775], [-118.6569140001684, 37.55610800005422], [-118.65703800001695, 37.55615900034153], [-118.65716900043653, 37.556199000095575], [-118.65747900005793, 37.556247999907534], [-118.65767200040177, 37.55625899968644], [-118.65798500039621, 37.5562980002492], [-118.65814699987962, 37.556328000010815], [-118.65843899995767, 37.55640300007414], [-118.65858799992057, 37.55645400015955], [-118.65887900017373, 37.556572999748354], [-118.65898799995365, 37.556608000052], [-118.65922700032826, 37.5567339997273], [-118.6596590001484, 37.55700200015939], [-118.65970000015626, 37.5570340000296], [-118.66020499977135, 37.55741900008417], [-118.66026900024374, 37.55750199985558], [-118.66030500022877, 37.55760600028815], [-118.66030500022877, 37.55767900011477], [-118.66027599991644, 37.557877999747106], [-118.66070699991168, 37.55802400022014], [-118.66091799979887, 37.55812099972264], [-118.66113999955671, 37.55824299968112], [-118.66228199992966, 37.55891999975528], [-118.66292899983495, 37.559304000225275], [-118.6633489999595, 37.55951099966882], [-118.66380500006909, 37.559680000281105], [-118.66425000030802, 37.55982600007168], [-118.66483399956579, 37.55998700014306], [-118.66542500029291, 37.56010100008056], [-118.66601799977151, 37.56020600024345], [-118.66642200000254, 37.56026499965968], [-118.66733800041969, 37.56037299968911], [-118.66864099955275, 37.5604890000474], [-118.6704599999682, 37.56065300019669], [-118.67145699967789, 37.560728000179424], [-118.67261800031736, 37.56083300017082], [-118.67323699973525, 37.56089799995573], [-118.67380800037087, 37.56097100011756], [-118.67468700007974, 37.561131000066105], [-118.67556099976576, 37.56131100030962], [-118.67619199977752, 37.56147100024006], [-118.67670399996358, 37.561611999764914], [-118.67728399992173, 37.56181100028664], [-118.67719299968515, 37.561977999695195], [-118.67663700001644, 37.561787999741824], [-118.67612499983035, 37.561646999837954], [-118.67549399981863, 37.56148700028542], [-118.6746200001326, 37.56130699975506], [-118.67378300025652, 37.561164000083956], [-118.67329799983462, 37.561090000325706], [-118.6728879997558, 37.56104100013732], [-118.67198999978031, 37.560968999831225], [-118.67142900008878, 37.560910000260364], [-118.6704390000518, 37.560819000275465], [-118.66823399984696, 37.560554999925124], [-118.6673209998029, 37.56046999969412], [-118.66640500028412, 37.56036199980534], [-118.66541000022426, 37.56021400004635], [-118.66478500006032, 37.56009799997199], [-118.6642009999042, 37.559937000140465], [-118.66375499984036, 37.5597900000523], [-118.66327000031679, 37.55960999969478], [-118.6628429996212, 37.55939999967747], [-118.66173100028382, 37.55874000014442], [-118.66105400024131, 37.55833799996579], [-118.66084500000395, 37.558223000355376], [-118.66064300033757, 37.55813000028674], [-118.66049799967429, 37.55807800009826], [-118.66024800032736, 37.55798700021515], [-118.66003800026508, 37.5579229998551], [-118.65947800039842, 37.557796000224236], [-118.6592080000617, 37.557764999799204], [-118.65893000022733, 37.557733000242905], [-118.65825099963668, 37.557699000298655], [-118.6577529996943, 37.55772000030793], [-118.65725700030005, 37.55778199975825], [-118.65614099986642, 37.55797800034586], [-118.65564399974896, 37.55804299977289], [-118.65513999995879, 37.55807499990824], [-118.6548029996749, 37.55807199971809], [-118.65461199987921, 37.55805399999901], [-118.65409399984534, 37.557972999784994], [-118.65361699981936, 37.55788300031435], [-118.65353599962852, 37.5578580003234], [-118.65328700010647, 37.55778199975825], [-118.65297999995983, 37.55765800009393], [-118.6526750003613, 37.55750000018822], [-118.65214700028169, 37.55719799995017], [-118.651435999904, 37.55680699969608], [-118.65072600024952, 37.55643100009743], [-118.65003300031347, 37.55605000004811], [-118.64795299978212, 37.55495600026811], [-118.64733600001404, 37.55462700029558], [-118.6467639995535, 37.55430799977298], [-118.64307299991749, 37.55232600021944], [-118.64260699976217, 37.55206300030879], [-118.64198099977328, 37.551728000205145], [-118.64172800005329, 37.5516039997254], [-118.64162000009826, 37.55170799984304], [-118.6414829998309, 37.55180399982281], [-118.64142500010459, 37.55183200014975], [-118.64135800015745, 37.551851999766384], [-118.6411869995549, 37.5518689996499], [-118.64099499993429, 37.55185700002574], [-118.6408550001922, 37.55183200014975], [-118.64079099971977, 37.551776000197606], [-118.64050899968747, 37.551601999899766], [-118.64014899983736, 37.5514279999079], [-118.6399549996686, 37.55135700019973], [-118.63945799955115, 37.551219000252466], [-118.63923499996837, 37.551145999795125], [-118.63864900016246, 37.55092600020881], [-118.63809900034155, 37.55063500028936], [-118.63790699982262, 37.550558000264985], [-118.63770599998115, 37.55049599978983], [-118.63726599976509, 37.55041000026297], [-118.63673299966264, 37.55034499987562], [-118.63637299981254, 37.55033300000615], [-118.63604700029761, 37.550333999935994], [-118.63575400039464, 37.55034799966465], [-118.6353429995926, 37.550392000117554], [-118.6335059996338, 37.550638000066726], [-118.63256099980268, 37.5507120002342], [-118.63209100034771, 37.55076700034956], [-118.63153200030597, 37.550800999895586], [-118.63100900024925, 37.550846000004], [-118.63072899986678, 37.55088699968349], [-118.62975700027147, 37.55110299970693], [-118.62919900005461, 37.551237000198164], [-118.62907199983303, 37.5512739999937], [-118.62824099980473, 37.55155999998806], [-118.62737999963919, 37.551840000139485], [-118.62698600035222, 37.55199999975372], [-118.62680499970391, 37.55208299986339], [-118.62653000024262, 37.55225100032595], [-118.62633699989877, 37.55241099977003], [-118.62620600037752, 37.552567999883266], [-118.62612799966139, 37.55268999967482], [-118.62606599973712, 37.55283299994101], [-118.62601999970639, 37.55305400020114], [-118.62596799982785, 37.55323800029159], [-118.62587599976635, 37.55348499999291], [-118.62588499998716, 37.553650999660924], [-118.62598600026949, 37.55410000023945], [-118.62618700011095, 37.55448399991092], [-118.62658100029624, 37.555151999743174], [-118.62695500039005, 37.5558240001339], [-118.62734500037743, 37.55648499970568], [-118.6276700000674, 37.55706400020706], [-118.62770600005243, 37.55712499965233], [-118.62672900043425, 37.55668399967817], [-118.6259569999572, 37.556336000230026], [-118.62067899970931, 37.55405499995925], [-118.62000300039003, 37.55376300026625], [-118.61730000024282, 37.552592000325035], [-118.61312800038286, 37.55077199996956], [-118.61273199964941, 37.55059900010286], [-118.60955700039744, 37.55058700027422], [-118.60879800033918, 37.55058000007659], [-118.60891100031705, 37.55592300007353], [-118.60894999977683, 37.55599500027075], [-118.60901400024922, 37.55608700030276], [-118.60912499967901, 37.55620599976548], [-118.60924600005282, 37.55630199964839], [-118.60938599979491, 37.55638400010318], [-118.6094910002752, 37.556459000110195], [-118.60975700041399, 37.5565759999988], [-118.61000699976093, 37.55677799997069], [-118.61012999978459, 37.55684900021148], [-118.61050999972618, 37.55697100011618], [-118.61073300020725, 37.55702099997272], [-118.61089600041386, 37.55709199998198], [-118.61100799966854, 37.55717400027963], [-118.61107499961568, 37.557250999877716], [-118.6111170003468, 37.55735400011276], [-118.61115900017958, 37.55750299968925], [-118.6111890003168, 37.55764599997761], [-118.61130599959439, 37.55783199978269], [-118.61149899993822, 37.55807999975013], [-118.6116310001827, 37.558200000127144], [-118.61178000014561, 37.55832100013365], [-118.61221199996574, 37.55855299993785], [-118.61266499970228, 37.55866699993305], [-118.61283200010685, 37.5587499997386], [-118.61304100034423, 37.558910000183914], [-118.6130949998726, 37.558954999668664], [-118.6132849998434, 37.559110999713475], [-118.61357100007366, 37.559520000065014], [-118.61375199982362, 37.55960999969478], [-118.61386700034966, 37.559677999960066], [-118.61399600022108, 37.55979799989988], [-118.61410599982597, 37.55992900030781], [-118.61423200022263, 37.560118000218694], [-118.614321999736, 37.56024299985872], [-118.61445099960746, 37.56045700023672], [-118.61456500030857, 37.560612000193196], [-118.61484599961764, 37.560945999738536], [-118.61508300034242, 37.56112100007941], [-118.61517000038107, 37.561232000355176], [-118.61523999980297, 37.56135100014639], [-118.61534399956003, 37.561468000186714], [-118.61545499988812, 37.56155500026184], [-118.61561600044489, 37.56161000020785], [-118.61578600032422, 37.561709000293156], [-118.61595200000556, 37.56184600026617], [-118.61613100010571, 37.56201100004999], [-118.61642499983358, 37.56236200007063], [-118.61653699998658, 37.56260499966398], [-118.61662700039828, 37.56269700007972], [-118.61671799973655, 37.56280099966988], [-118.6167989999274, 37.56285699988201], [-118.61692600014901, 37.56287799986167], [-118.61710600007405, 37.562895000078264], [-118.61746500009926, 37.562895000078264], [-118.61764300037449, 37.56292800002686], [-118.61777300007084, 37.56296000020043], [-118.6179250004068, 37.56297099970058], [-118.61821800030977, 37.562969999940286], [-118.61845000011336, 37.56296000020043], [-118.6186300000384, 37.56291600004726], [-118.61876499975762, 37.56291000005671], [-118.61881699963617, 37.56291600004726], [-118.61882099983411, 37.563020999803356], [-118.6187430000163, 37.56338199973467], [-118.61873700016854, 37.56346499998443], [-118.6187709996054, 37.56361400015779], [-118.61887799973552, 37.56388700021846], [-118.61893299998711, 37.56405300021221], [-118.61899099971342, 37.56419699977853], [-118.61907699992716, 37.564475999703795], [-118.6191000003917, 37.56467399995864], [-118.61906400040667, 37.564876000050305], [-118.6189609995762, 37.56512999988167], [-118.61890100020007, 37.56532100029737], [-118.61875700026, 37.56568999969106], [-118.61868199991696, 37.56592499992106], [-118.61858700038069, 37.566124000314815], [-118.61848699992328, 37.5662569997127], [-118.61845699978605, 37.56636100002934], [-118.61844300044065, 37.56649300000312], [-118.61846500018197, 37.56660299968388], [-118.61865900035072, 37.56709000002164], [-118.61881499998633, 37.56737200032016], [-118.61908799979783, 37.56773400022428], [-118.61911200008727, 37.56788299969139], [-118.61904699978993, 37.56800200025123], [-118.61893999965982, 37.5681520002971], [-118.61881499998633, 37.56829799986175], [-118.61859999990118, 37.56864099984428], [-118.61847000020484, 37.56872600000889], [-118.61833700013543, 37.56878800026876], [-118.61818599962439, 37.56889800012053], [-118.61804099985943, 37.56902500005159], [-118.61762599975775, 37.56948000001154], [-118.61734700009849, 37.5697169997285], [-118.61707199973888, 37.56993799975245], [-118.61690299968448, 37.570086000129955], [-118.61669900036829, 37.570245000063565], [-118.61652500029103, 37.57044200027623], [-118.61638499965062, 37.57064599970511], [-118.6163079996577, 37.57081499997806], [-118.61628099989355, 37.57092499968423], [-118.61637499960486, 37.57116799982501], [-118.61644800029813, 37.57129300014831], [-118.61656200010093, 37.57155300017711], [-118.6165729999716, 37.5716519998646], [-118.61656299992585, 37.571783999717894], [-118.61659800008596, 37.57190000010781], [-118.61663499989588, 37.57195799987902], [-118.61671899956147, 37.57204200017956], [-118.61687099989743, 37.572156999818624], [-118.61701300018764, 37.57227099964467], [-118.6171799996939, 37.57234800001552], [-118.6172919998469, 37.57244599972511], [-118.6173849997333, 37.572601999999364], [-118.61746799957399, 37.572968000044774], [-118.61747799961974, 37.573127999857476], [-118.61753399969624, 37.57325499969557], [-118.61757999972698, 37.57347900018265], [-118.617623000283, 37.57355000017099], [-118.61774399975852, 37.57368200022008], [-118.61781699955344, 37.5737759997133], [-118.61784300039102, 37.57387500000562], [-118.61785199971355, 37.5740510002003], [-118.61787199980503, 37.57422199979692], [-118.61788400039892, 37.57440399966065], [-118.61790799979005, 37.57453800025404], [-118.61795600036895, 37.57470999975902], [-118.61802599979083, 37.574825999863144], [-118.61812100022539, 37.57500599976527], [-118.61822300033263, 37.57521400002784], [-118.61829100010472, 37.57537999969736], [-118.61830799982313, 37.57553899972006], [-118.61829500030267, 37.57564900028034], [-118.61825099992171, 37.5757579996656], [-118.618164999708, 37.57585299968553], [-118.61807600001954, 37.575977999976764], [-118.61804199968435, 37.57608999976896], [-118.61805699975297, 37.57619200000529], [-118.61813799994384, 37.57637500033031], [-118.61820800026402, 37.576494000137], [-118.61827900040913, 37.57655000002208], [-118.61838900001399, 37.57657599972558], [-118.61857800015987, 37.576603999998504], [-118.61915399992006, 37.57663200026095], [-118.61934399989084, 37.57660500028776], [-118.61945900041691, 37.57656000007342], [-118.61959999998389, 37.5764720001452], [-118.61976900003829, 37.57642800014207], [-118.61995700035925, 37.57639499976669], [-118.6203759997606, 37.57633100026991], [-118.6206350002267, 37.576318000020514], [-118.62078300036471, 37.57635599975729], [-118.62096900013753, 37.576494000137], [-118.62116699960595, 37.576588000352366], [-118.62132300013988, 37.57670300009094], [-118.62151700030863, 37.576793999894406], [-118.62180400036381, 37.57692200017296], [-118.62193999990792, 37.5770089999975], [-118.6221070003125, 37.57707500018936], [-118.62230700032903, 37.57708099975088], [-118.62252200041421, 37.57706000021562], [-118.62282199998985, 37.57704000024593], [-118.62302700002927, 37.57700799971367], [-118.6231349999843, 37.576944000031794], [-118.62321399962703, 37.57683700010704], [-118.62328800014518, 37.576783999874486], [-118.62345499965143, 37.57674000005571], [-118.62360000031474, 37.57672800016538], [-118.6237190001404, 37.57678200001272], [-118.62379699995819, 37.57687700015013], [-118.62385899988249, 37.57699900000646], [-118.62393800042352, 37.57728299965634], [-118.62396500018771, 37.57746799999132], [-118.62403399978466, 37.57770499991816], [-118.62407200031782, 37.57787000016977], [-118.62402999958671, 37.578017999734925], [-118.62394300044639, 37.57818999974509], [-118.62389099966954, 37.57834799990924], [-118.6239250000047, 37.57846400004164], [-118.62407700034069, 37.578633999921415], [-118.62421899973259, 37.57876000007608], [-118.624395000358, 37.57887000014972], [-118.62462100031381, 37.57895300022718], [-118.62485700031534, 37.57904499967312], [-118.62512400027906, 37.5791069998856], [-118.62572799962834, 37.57913900022772], [-118.6259569999572, 37.5791580000906], [-118.62630199973869, 37.57921599990442], [-118.62671400036564, 37.57943700021692], [-118.62715700005644, 37.579663999938724], [-118.62789500019831, 37.58009599980885], [-118.627865999886, 37.580304000091616], [-118.62766800041761, 37.58063899985251], [-118.62764599977797, 37.5808040000095], [-118.62773000034187, 37.58103300029448], [-118.62794999955157, 37.581229000218364], [-118.62830899957679, 37.58133600023878], [-118.62896899990086, 37.581728000110864], [-118.62924500008538, 37.58200200020155], [-118.62941800033774, 37.5821340002179], [-118.62975899992126, 37.58218300005649], [-118.63055099959153, 37.582250999648416], [-118.6309499997997, 37.582174999765456], [-118.63142600000076, 37.582157999677946], [-118.63195300025545, 37.58207500032579], [-118.63229800003694, 37.581794999898804], [-118.63261600005426, 37.581514000331175], [-118.63291099960705, 37.581459000132085], [-118.6332029996851, 37.58135599976643], [-118.63366499964246, 37.5811079996907], [-118.63392800030651, 37.5810929998175], [-118.6348780001605, 37.58105299990359], [-118.63562600034814, 37.58109200030046], [-118.63605999981806, 37.581292000262295], [-118.63617100014615, 37.581526999673315], [-118.63638799988114, 37.58208299991572], [-118.63672699981487, 37.582483999883216], [-118.6373839997659, 37.582850999971875], [-118.63810699983915, 37.58307699976067], [-118.6387570001175, 37.58343100005422], [-118.63935799999204, 37.58382399976578], [-118.63958499977274, 37.58385799988782], [-118.64025299959445, 37.58391799998164], [-118.64067400044225, 37.584051000349326], [-118.64107500030025, 37.584051999826656], [-118.6420879999034, 37.58385900007962], [-118.64236499991286, 37.58394100009966], [-118.64292099958153, 37.58436399982746], [-118.64326399971321, 37.58469899982828], [-118.64383500034884, 37.58493600022939], [-118.64480000027143, 37.58498800017743], [-118.64505600036448, 37.58498099965262], [-118.6458310003163, 37.58490499970919], [-118.64652500007725, 37.58489399988894], [-118.64683499969864, 37.58490999988582], [-118.64716399958661, 37.58487600024421], [-118.64794399956128, 37.58486099970647], [-118.64847599983884, 37.58486700006431], [-118.64925099979065, 37.58493399987471], [-118.64948599996728, 37.5849209997037], [-118.64961499983873, 37.5848520002366], [-118.64991699996251, 37.584658999716176], [-118.65013299987258, 37.58457200028805], [-118.6505289997077, 37.58446799977445], [-118.6511689999403, 37.58414299990265], [-118.65179099973123, 37.58381999970848], [-118.65204799964917, 37.58377999983596], [-118.65256300020829, 37.58374200032871], [-118.65311800005207, 37.58378600028094], [-118.65399699976095, 37.583957000301425], [-118.65484200003299, 37.58414299990265], [-118.6557099998712, 37.58435699995586], [-118.65600699997209, 37.584495999927036], [-118.65629700040033, 37.58473700027074], [-118.65671999999962, 37.585111999906886], [-118.656929000237, 37.58516200009531], [-118.6575130003931, 37.58512100005716], [-118.65806400003893, 37.585061000221124], [-118.65826400005547, 37.58493600022939], [-118.65845999987407, 37.58482599986368], [-118.65876899967053, 37.584742999926746], [-118.65921200025961, 37.584683999966714], [-118.66008599994565, 37.584536000126676], [-118.66151500037375, 37.5845139996636], [-118.6626879998105, 37.58454599981732], [-118.66288100015436, 37.584556999689], [-118.66324000017954, 37.58454599981732], [-118.66382699981038, 37.584564000253685], [-118.66435999991286, 37.58463000015535], [-118.66523699997192, 37.58464100001468], [-118.66605600030465, 37.584580000321495], [-118.66633499996391, 37.584598000037786], [-118.66689900002852, 37.58453799978017], [-118.6673829997272, 37.58441099996526], [-118.667720999836, 37.584405000282544], [-118.66819200001417, 37.584470000141664], [-118.6687629997515, 37.584536000126676], [-118.66930300042499, 37.58461900029446], [-118.66968800038946, 37.58471300021833], [-118.67016600024034, 37.58478899964591], [-118.67051799969452, 37.58479500000956], [-118.67085699962823, 37.58477200015538], [-118.67112500031517, 37.58477899998796], [-118.67219999984262, 37.584603999704946], [-118.67260099970059, 37.584583000155874], [-118.67291899971794, 37.58453799978017], [-118.67325600000183, 37.584477000002636], [-118.67392100034877, 37.58438900017706], [-118.67446600014681, 37.5843829997807], [-118.67529899982492, 37.58433100012199], [-118.67667899984923, 37.58423100001897], [-118.67725899980738, 37.584225999796736], [-118.67741100014334, 37.584220000099116], [-118.67816400035385, 37.584058999726935], [-118.67861200006747, 37.5839670000698], [-118.67889499992471, 37.5839439999598], [-118.67921999961473, 37.583923999703586], [-118.67971599990727, 37.58383599993626], [-118.68018799991039, 37.58374100013533], [-118.6808089998764, 37.58359999978772], [-118.681160000404, 37.58348500002342], [-118.68162400001117, 37.583307999859514], [-118.6821959995734, 37.5830669998727], [-118.68269799971372, 37.582841000053534], [-118.68350500035089, 37.58272700003568], [-118.68424500014262, 37.582812999990416], [-118.6848929998728, 37.583029000001495], [-118.68544699989167, 37.583353000266854], [-118.68582500018346, 37.58373800026707], [-118.6859980004358, 37.584392000019164], [-118.68600500010852, 37.58581799976968], [-118.68608799994918, 37.585973000340445], [-118.6862949996384, 37.586395999911474], [-118.68652899999016, 37.58670199984448], [-118.68688800001534, 37.58698200032342], [-118.6885810000341, 37.587895999961], [-118.68891900014289, 37.58807100033499], [-118.68945700026825, 37.58836800003207], [-118.69002999965537, 37.58878000027158], [-118.69024899993849, 37.5888660003518], [-118.69091299956222, 37.5890989998132], [-118.69140999967968, 37.58925799972352], [-118.69223800023323, 37.58926800020346], [-118.69288099994057, 37.589214000158414], [-118.6935169999752, 37.58907599986521], [-118.69430899964547, 37.58885699994249], [-118.69467500024165, 37.588583000168605], [-118.69486799968719, 37.588448999937874], [-118.69511100025974, 37.58836699990085], [-118.69566100008065, 37.588202000134125], [-118.69634399997096, 37.58808100026257], [-118.69722199985492, 37.588003999788924], [-118.6983809999463, 37.587923000110656], [-118.69911800026327, 37.587823999988714], [-118.69925800000536, 37.5877850002712], [-118.69965899986333, 37.58773099986207], [-118.70009300023163, 37.587636000049], [-118.70054699979305, 37.587554999970266], [-118.70094900037427, 37.5875089998248], [-118.70129900017864, 37.58755799968471], [-118.7019569999546, 37.58763700019004], [-118.70252199984412, 37.58767599998506], [-118.7031460001832, 37.58772400030708], [-118.7036190000112, 37.587802999924314], [-118.70358399985109, 37.5879080001869], [-118.70353899964527, 37.58794000030531], [-118.70347900026911, 37.587945000278054], [-118.70321499978017, 37.587907000049505], [-118.70296600025813, 37.58789700009855], [-118.70271699983779, 37.587907000049505], [-118.7023179996296, 37.5879590000576], [-118.70228099981968, 37.587973999971084], [-118.70228300036781, 37.58800899975738], [-118.70232400037571, 37.58801899969328], [-118.70307300038826, 37.5880750001638], [-118.70325099976515, 37.58809700028627], [-118.70342499984245, 37.588134000283475], [-118.7035930000719, 37.58818499999932], [-118.70378399986764, 37.58826000002046], [-118.70389699984554, 37.58829400025192], [-118.7040840003416, 37.58833100015119], [-118.70443400014597, 37.58831899999349], [-118.70450399956785, 37.588333999834425], [-118.7049000003013, 37.588435999668945], [-118.70541199958905, 37.588613999868905], [-118.70569000032172, 37.588720999952194], [-118.70538099962691, 37.58876499980874], [-118.70496700024846, 37.5888480002439], [-118.70450799976582, 37.5890100003464], [-118.70430699992438, 37.58911400020873], [-118.70408799964126, 37.58925399995828], [-118.70384199959395, 37.58938900028082], [-118.70312799974151, 37.58974800030582], [-118.70252299966904, 37.59002499967693], [-118.70262700032441, 37.59004400032071], [-118.70273799975419, 37.590030000221454], [-118.702999999695, 37.589927000325666], [-118.70357999965314, 37.589733000038066], [-118.7042800001602, 37.58963300007391], [-118.7045830001089, 37.58961899989734], [-118.70474600031552, 37.58962499987163], [-118.70490799979889, 37.58966099970726], [-118.70499900003549, 37.589698999752116], [-118.7050890004472, 37.58974800030582], [-118.7054500001222, 37.58991800004461], [-118.70561199960558, 37.590024000279804], [-118.70570799986506, 37.59005299987464], [-118.7058099999723, 37.59005700030878], [-118.70590899970652, 37.59003600016262], [-118.70652200017491, 37.589672999648606], [-118.70661500006136, 37.58964000016121], [-118.70676700039732, 37.589620000011735], [-118.70691800001005, 37.589639000047086], [-118.70722699980654, 37.589754000269714], [-118.70731800004313, 37.58980099985153], [-118.7073430001575, 37.589775999895906], [-118.70736800027184, 37.589722000219425], [-118.70752899993033, 37.589451999825556], [-118.7077089998554, 37.589321000090976], [-118.70796300029859, 37.58909100026537], [-118.70812200030727, 37.58880499984991], [-118.70816199959192, 37.588718000284565], [-118.7082300002623, 37.58872200007866], [-118.70831300010296, 37.5885969998282], [-118.70843299975355, 37.58849099969617], [-118.70863000029539, 37.58845899981471], [-118.70891599962735, 37.58848199995337], [-118.70921100007843, 37.58858499971338], [-118.70935800039152, 37.588617999668536], [-118.70945200010283, 37.58857499985347], [-118.70947300001926, 37.5884599999447], [-118.70955699968484, 37.58840399976379], [-118.70982100017379, 37.58834999980374], [-118.71001199996951, 37.588287000038086], [-118.7103500000783, 37.58830599970181], [-118.71088200035587, 37.58842099984857], [-118.7110189997249, 37.588453999876485], [-118.71109700044101, 37.58851200027825], [-118.71119799982505, 37.58861899979638], [-118.71121500044181, 37.588640999758056], [-118.71133199971933, 37.58879899980951], [-118.71132400022174, 37.588859000191704], [-118.71125599955135, 37.58895200033265], [-118.71118699995438, 37.58910700007202], [-118.71124100038107, 37.58913499990325], [-118.71130400013026, 37.58910100005596], [-118.71150999999456, 37.58900200007716], [-118.71158699998746, 37.588958999772146], [-118.71168999991963, 37.58884899965681], [-118.71177299976031, 37.58881099988983], [-118.71196699992907, 37.588825000218336], [-118.7122160003494, 37.588935999780894], [-118.71242999971135, 37.588924999844465], [-118.71274000023105, 37.58896300026508], [-118.71324400002119, 37.58912699964745], [-118.71337500044078, 37.58913000001043], [-118.71364900007717, 37.58905099966611], [-118.71391100001797, 37.58893199999835], [-118.71408500009525, 37.58888800024047], [-118.71417499960863, 37.58887000013794], [-118.71440800013544, 37.58878299993671], [-118.71456200012123, 37.58870000014087], [-118.71465099980969, 37.588611000196956], [-118.71467099990119, 37.588468000272144], [-118.71475600028998, 37.588403000344904], [-118.71492600016931, 37.58834800025265], [-118.7150519996677, 37.58841900029944], [-118.71514700010225, 37.58849199982573], [-118.715341000271, 37.58844199973861], [-118.71535600033961, 37.58827800027056], [-118.71540400002019, 37.58815500025443], [-118.71546000009667, 37.58810600007567], [-118.71570799979379, 37.58798100021441], [-118.71590600016052, 37.58794000030531], [-118.71604699972752, 37.5879590000576], [-118.71614100033716, 37.58793500033216], [-118.71623900024646, 37.58786600009962], [-118.71623099985054, 37.587749999667714], [-118.71623099985054, 37.58762399977925], [-118.71635399987419, 37.58751799968525], [-118.71655499971561, 37.58735900032901], [-118.71680400013598, 37.587203999796884], [-118.71694100040332, 37.587250000130844], [-118.71712800000108, 37.58733800013347], [-118.71727399959096, 37.58732599981567], [-118.71734300008623, 37.58731400020779], [-118.71747199995768, 37.587232999778614], [-118.71761300042299, 37.58712299995991], [-118.71786600014298, 37.587087999756996], [-118.71805399956563, 37.58716499975456], [-118.71825500030538, 37.58712699983966], [-118.71858599984319, 37.586995000134486], [-118.71864600011763, 37.58695700013279], [-118.71870899986682, 37.58693599982384], [-118.71874999987472, 37.58693699997423], [-118.7188109999741, 37.586962000171575], [-118.71901900038655, 37.587072999665025], [-118.71910700025009, 37.58712799998754], [-118.71916599980133, 37.58716499975456], [-118.71929399984784, 37.587125999691814], [-118.71944100016093, 37.5870520001006], [-118.71968200018534, 37.58707200022826], [-118.71986999960802, 37.587016999864304], [-118.72012300022632, 37.58698500006096], [-118.72023600020422, 37.58702800008271], [-118.72037400029647, 37.58701099967977], [-118.72052800028227, 37.58693099978325], [-118.72077900035245, 37.586967000210024], [-118.72118000021042, 37.58708299972667], [-118.72134000004402, 37.587159999729415], [-118.72152699964177, 37.58717599995109], [-118.72177400041228, 37.58720999996586], [-118.72183700016147, 37.587198000339285], [-118.72206300011727, 37.58709399993532], [-118.7221690004225, 37.587088999905404], [-118.72229200044615, 37.58708399987515], [-118.72241499957147, 37.58712699983966], [-118.72252699972445, 37.587071000079625], [-118.72272500009117, 37.58700000017072], [-118.72298200000914, 37.58692900019409], [-118.7232199996605, 37.58694900035475], [-118.7233529997299, 37.58701199982921], [-118.72336199995071, 37.58706700019681], [-118.72327999993497, 37.58717599995109], [-118.7231900004216, 37.58734200000167], [-118.72325800019365, 37.58749399981762], [-118.72311199970547, 37.58769800022545], [-118.72309199961398, 37.58784000006766], [-118.72314400039083, 37.58795599964746], [-118.72323100042946, 37.58792800008456], [-118.72336199995071, 37.58779699980314], [-118.72355500029457, 37.587496000103506], [-118.72376600018175, 37.58707600011075], [-118.72387199958865, 37.587087999756996], [-118.7239579998024, 37.58713099971924], [-118.72405099968881, 37.58712699983966], [-118.72423700035996, 37.587138000041804], [-118.7243949996454, 37.58719300031635], [-118.72456600024793, 37.58711000017119], [-118.7247670000894, 37.587061000016305], [-118.7251350003354, 37.58710500014235], [-118.72553500036851, 37.58726699976739], [-118.72569199982902, 37.587363000196085], [-118.72585400021072, 37.58737399965155], [-118.72601099967123, 37.58744499991551], [-118.72603300031086, 37.58753899983], [-118.72610899958055, 37.58768499982536], [-118.7262590002667, 37.587773000025464], [-118.72644599986444, 37.587872000215235], [-118.72651899965936, 37.58785100016444], [-118.72660300022325, 37.587805000201904], [-118.726725000422, 37.587774000164664], [-118.72691700004263, 37.5878019997855], [-118.72705000011202, 37.58786700023759], [-118.72718499983124, 37.58802599993238], [-118.72735800008358, 37.58812399965117], [-118.72746299966558, 37.58824100034499], [-118.72746699986352, 37.58833499996603], [-118.72732799994635, 37.58850299982615], [-118.72715100039434, 37.588728000125265], [-118.7271329999527, 37.58875499997306], [-118.72700800027923, 37.58893800002803], [-118.72683599985179, 37.58933900008444], [-118.72665000007893, 37.58962399975736], [-118.72673399974451, 37.58967000001934], [-118.7269510003778, 37.58957999969672], [-118.72706099998267, 37.589444000315716], [-118.72712600028, 37.589310000211455], [-118.72726400037226, 37.58918099975566], [-118.72749799982567, 37.589068999724915], [-118.72793999969156, 37.58891100024656], [-118.72821300040134, 37.58889300014955], [-118.72833200022703, 37.5888399999573], [-118.72854899996199, 37.58871600003157], [-118.72869999957474, 37.58859300002739], [-118.72889100026875, 37.58855400000101], [-118.72907899969142, 37.588617999668536], [-118.72916699955498, 37.58870100026762], [-118.72929799997455, 37.58887100026235], [-118.72945699998319, 37.58900200007716], [-118.72967600026631, 37.58919500001457], [-118.7297800000234, 37.58937000018171], [-118.72988399978045, 37.58948100035511], [-118.72998099986484, 37.58961199980812], [-118.73017699968342, 37.5897770000082], [-118.73032399999651, 37.590000999905875], [-118.7303850000959, 37.590337999660726], [-118.73035699960846, 37.59064499986027], [-118.73028299998865, 37.590860999923386], [-118.73027100029309, 37.591064000261476], [-118.73036800037744, 37.5913429998999], [-118.73045600024099, 37.591569000243396], [-118.73056699967077, 37.59194200017229], [-118.73060699985372, 37.59231599973347], [-118.73050899994445, 37.592819999689986], [-118.73045600024099, 37.593142999978795], [-118.73048800002805, 37.593385000149205], [-118.73045500041607, 37.59378000009562], [-118.73045200004303, 37.59390700029611], [-118.7303850000959, 37.59410099966835], [-118.73037699969994, 37.5942710001407], [-118.7303850000959, 37.5945240000241], [-118.7303630003546, 37.59488200014776], [-118.73035699960846, 37.59497900004976], [-118.73025799987427, 37.59537300003946], [-118.73005899968265, 37.59574400005569], [-118.72970499968031, 37.596141999660674], [-118.72949999964091, 37.59632099996041], [-118.72932999976157, 37.59651300011342], [-118.72916300025535, 37.59673000024604], [-118.72890600033739, 37.596935000265546], [-118.7283389998997, 37.597269999915206], [-118.72801800040766, 37.59753999970367], [-118.72793999969156, 37.59761600026882], [-118.72797700039979, 37.59765999984874], [-118.72803500012611, 37.59767799996062], [-118.72819400013475, 37.5977050001202], [-118.7283089997625, 37.597774999776554], [-118.72839900017416, 37.597908000294524], [-118.72841800044074, 37.59812799991774], [-118.72829000039421, 37.59844499996815], [-118.72810000042342, 37.59865000024485], [-118.72793899986662, 37.59882400025181], [-118.72759599973494, 37.59915400000633], [-118.72723099986197, 37.599428999988504], [-118.72675899985886, 37.5996770002318], [-118.72628900040391, 37.599808000241914], [-118.72605400022725, 37.59982099994781], [-118.72594999957185, 37.59985199994905], [-118.72581800022571, 37.5998970003182], [-118.72570799972254, 37.59988699984309], [-118.7255429998661, 37.59983800027151], [-118.72537399981171, 37.59982099994781], [-118.72513299978726, 37.59993000023949], [-118.72503300022815, 37.59993999999702], [-118.72450500014857, 37.59995600031811], [-118.72432699987334, 37.600000999912616], [-118.72398999958945, 37.6001220003322], [-118.72372199980083, 37.600205000200326], [-118.72360299997516, 37.60024799970113], [-118.72347699957844, 37.60032500031761], [-118.72327999993497, 37.600496000061334], [-118.72298799985693, 37.60071100003468], [-118.72271199967238, 37.60084099968399], [-118.72242999964007, 37.600935999722104], [-118.72223800001944, 37.60102399991131], [-118.72213900028525, 37.60110700019661], [-118.72207099961486, 37.60121100023474], [-118.7219459999414, 37.60142600027695], [-118.72192000000214, 37.60164500022075], [-118.72197500025372, 37.601792000250384], [-118.7220649997671, 37.601936000143006], [-118.72204200020089, 37.602029000311084], [-118.7219309998728, 37.60232100009839], [-118.72185499970482, 37.60246299979528], [-118.72184800003214, 37.602604999932844], [-118.72179500032868, 37.60268200024493], [-118.7216840000006, 37.60282599983826], [-118.72160799983261, 37.60297299966938], [-118.72153300038785, 37.60308999979215], [-118.7213679996331, 37.60321100016961], [-118.72115500009609, 37.6033150001133], [-118.72106300003458, 37.60340700005173], [-118.72098000019392, 37.60370499967461], [-118.72100299976013, 37.60374400030113], [-118.72116799961655, 37.60433099996209], [-118.72098900041473, 37.60463399971672], [-118.72102200002671, 37.60468400031157], [-118.72120100012683, 37.6048370002007], [-118.72123600028694, 37.60498299970853], [-118.72126999972383, 37.605280000230835], [-118.72115599992101, 37.60573799964896], [-118.72113900020256, 37.605842000329766], [-118.7210999998445, 37.60601699977852], [-118.7209819998437, 37.606342000204215], [-118.72081600016237, 37.606490999979336], [-118.72065100030593, 37.60662800011583], [-118.72062299981852, 37.60675999986839], [-118.72064200008508, 37.60699099976123], [-118.7207829996521, 37.60702900020785], [-118.72089900000304, 37.607088000244836], [-118.72103100024752, 37.607170000290864], [-118.72106700023252, 37.60728600034048], [-118.72101000033112, 37.607506999860654], [-118.72094099983583, 37.60764400026076], [-118.72087700026175, 37.60783999984901], [-118.72085100032245, 37.60793899967342], [-118.72073499997153, 37.608038999944554], [-118.72052800028227, 37.60816500013751], [-118.7207609999108, 37.60838000000771], [-118.72076799958347, 37.608528000109956], [-118.72075699971282, 37.608698000354494], [-118.72076799958347, 37.60881900014947], [-118.72071400005511, 37.60892300008063], [-118.72054199962767, 37.60902699986637], [-118.72029300010563, 37.60918599989403], [-118.72021799976257, 37.60929699968502], [-118.72027999968684, 37.60941600023218], [-118.72042299980198, 37.60964900010636], [-118.72054900019867, 37.609885000199895], [-118.72075500006301, 37.60994499994747], [-118.72105800001171, 37.61008200012665], [-118.72127999976954, 37.610363000000625], [-118.72142000040995, 37.61072999995421], [-118.72142700008263, 37.61086700011062], [-118.72163799996983, 37.61109899988303], [-118.72175099994773, 37.61129600015226], [-118.72188300019222, 37.61140999981681], [-118.72201899973635, 37.611504999878186], [-118.72216500022452, 37.61159299966199], [-118.72224200021742, 37.61170700029447], [-118.72222200012595, 37.6118329999663], [-118.72228400005022, 37.6119770003464], [-118.72251199965586, 37.61241699970117], [-118.72271699969525, 37.61250000008325], [-118.72289699962032, 37.612631000283585], [-118.72299899972757, 37.61281700009005], [-118.72296100009271, 37.612986999781754], [-118.72295900044293, 37.613074999946676], [-118.722987000032, 37.61319100003736], [-118.722987000032, 37.61335500010212], [-118.72298200000914, 37.613414999896655], [-118.72290300036641, 37.61352999966392], [-118.72285599961242, 37.61362000019314], [-118.72284300009197, 37.613712999985104], [-118.72289900016845, 37.613844999972144], [-118.72298200000914, 37.61412400028972], [-118.72293799962821, 37.61452499981552], [-118.72294000017635, 37.614865000251754], [-118.72294600002414, 37.61504100030221], [-118.72297399961322, 37.615183999680696], [-118.72298299983403, 37.615388000313494], [-118.72290099981826, 37.6156500002703], [-118.72290400019133, 37.61594199995466], [-118.72296699994051, 37.61617899975953], [-118.72328499995784, 37.61661200018436], [-118.7234170002023, 37.61672699998846], [-118.72355699994439, 37.61679500003644], [-118.7237970001439, 37.616874999845884], [-118.72395699997747, 37.61698499979904], [-118.72407199960521, 37.617201000242716], [-118.7241700004128, 37.61760099980263], [-118.72418299993328, 37.61794099969346], [-118.72423800018488, 37.618360000069806], [-118.724417000285, 37.61895899984744], [-118.72446699961543, 37.61947899972421], [-118.72437700010205, 37.61962300024028], [-118.72430099993404, 37.61978099996182], [-118.72428099984258, 37.620011000262316], [-118.72427599981971, 37.62025299984124], [-118.72415100014622, 37.620572000346556], [-118.72375100011317, 37.62080799992872], [-118.72337299982138, 37.62106099992711], [-118.72339999958557, 37.621221000241015], [-118.72340399978351, 37.621319000352145], [-118.72348199960133, 37.62152900005361], [-118.72386400009107, 37.62203000015773], [-118.7239650003734, 37.62226499970508], [-118.724044999841, 37.62253200011506], [-118.72426300029923, 37.62296699987226], [-118.72441399991197, 37.6235870001727], [-118.72442099958467, 37.62387299993407], [-118.72454600015644, 37.6241440002848], [-118.7248370004096, 37.624526999830785], [-118.72510699984802, 37.62465800018675], [-118.725992000303, 37.62493200015224], [-118.72610799975563, 37.62497500029919], [-118.7262950002517, 37.62508499965195], [-118.72656200021537, 37.625187999965554], [-118.72782099986586, 37.625545000161964], [-118.72835599961816, 37.62568200005909], [-118.72895700039102, 37.62584199967648], [-118.7292030004383, 37.625949999917154], [-118.7294290003941, 37.62603900001739], [-118.72965699999973, 37.626188000170366], [-118.72984500032072, 37.62639100016082], [-118.73002799972049, 37.62669399968299], [-118.73018900027729, 37.62702299997028], [-118.73043299977647, 37.62754799980442], [-118.73057199969361, 37.627769999895285], [-118.73077799955794, 37.62797400014408], [-118.73110099959813, 37.62818699975397], [-118.73142700001138, 37.62827999982311], [-118.73185499963354, 37.62842699985568], [-118.73221899968162, 37.62854199988178], [-118.73244200016269, 37.628723999949095], [-118.73268900003492, 37.628939000138594], [-118.73279100014214, 37.62914699977956], [-118.73288400002858, 37.62945599976885], [-118.73289099970125, 37.62962599983446], [-118.7327860001193, 37.62982800010998], [-118.73260899966897, 37.62997100021615], [-118.73235500012406, 37.630072000309376], [-118.73208700033545, 37.63015800032287], [-118.73158699984495, 37.63042800024792], [-118.73134400017072, 37.63060300017606], [-118.73100299968885, 37.630723999897604], [-118.73071200033402, 37.630900999670466], [-118.73008899981987, 37.63125199999893], [-118.72982299968109, 37.63141199972015], [-118.7295690001362, 37.631609000237674], [-118.72931700024112, 37.63189400017775], [-118.72921400030896, 37.63202100004361], [-118.72902599998797, 37.632378000145266], [-118.7289230000558, 37.632649000077784], [-118.72883500019228, 37.63301500005602], [-118.72876700042019, 37.6333879998936], [-118.72875599965124, 37.63368999982472], [-118.72879099981135, 37.63384400002377], [-118.72894999981999, 37.63394900004117], [-118.72907100019381, 37.634093000270916], [-118.72911800004948, 37.634310999830916], [-118.72918599982157, 37.63449899991029], [-118.72923500022536, 37.6345979998101], [-118.72933200030973, 37.63473399987417], [-118.72953700034914, 37.63498199976874], [-118.72978199967321, 37.63529000018359], [-118.72999500010854, 37.635475000003865], [-118.73009700021579, 37.63570200021142], [-118.73016800036092, 37.635903000129716], [-118.73031200030094, 37.63610899979678], [-118.73040500018739, 37.63620000022409], [-118.73054099973147, 37.63633200012213], [-118.73076199966441, 37.636348999924905], [-118.73102899962812, 37.63630599995597], [-118.73128399989625, 37.63632100008034], [-118.73141699996565, 37.63641399992992], [-118.73151499987492, 37.636639999920746], [-118.73155900025584, 37.63699299984046], [-118.73154599983705, 37.637207000107814], [-118.73144899975267, 37.637529999716406], [-118.73138799965332, 37.637616999815855], [-118.73147100039233, 37.637644999883406], [-118.73154300036234, 37.637646000063434], [-118.73164799994431, 37.63758999991853], [-118.73177599999083, 37.63760000030319], [-118.73182899969429, 37.6376620000971], [-118.73189099961857, 37.63781599988918], [-118.73197600000739, 37.6378970000166], [-118.7320970003812, 37.637885000029655], [-118.73208800016037, 37.6378170000669], [-118.73207800011464, 37.63767400012006], [-118.73216000013039, 37.63756800020572], [-118.73224299997108, 37.63756400019259], [-118.73233900023052, 37.637722000192625], [-118.73242799991898, 37.63792099998472], [-118.73257100003413, 37.63813999986912], [-118.732752999609, 37.638332000191724], [-118.73306899997651, 37.63854499999127], [-118.73344399989524, 37.63875500010757], [-118.73381700016414, 37.63903500028776], [-118.7342370002887, 37.63938400029514], [-118.73476700001812, 37.63978000009946], [-118.7351319998911, 37.639966999708086], [-118.73551500020577, 37.64014800010202], [-118.73572600009297, 37.640275000087634], [-118.73587800042893, 37.64040099971327], [-118.73599899990442, 37.6405479999548], [-118.73613199997381, 37.64075400025875], [-118.73621099961652, 37.640966000092526], [-118.73635700010469, 37.64119600028159], [-118.73651100009049, 37.64139399988636], [-118.73674799991696, 37.64160899969659], [-118.73691699997134, 37.641750999769364], [-118.73702300027658, 37.641945000251575], [-118.73711100014012, 37.642197000026215], [-118.73722800031597, 37.64248699976457], [-118.73734499959355, 37.6426639999708], [-118.73751100017323, 37.6428010003191], [-118.73766299961083, 37.64294900018818], [-118.73778900000755, 37.64316299966014], [-118.73798800019918, 37.64381699980952], [-118.73805799962108, 37.644323000209475], [-118.73816999977406, 37.644876999725305], [-118.73816800012425, 37.645366000147995], [-118.73807100003987, 37.645676999697656], [-118.73787799969598, 37.646088999739874], [-118.73783699968811, 37.6463659998301], [-118.73769899959586, 37.64665000001071], [-118.73760599970944, 37.646969999654445], [-118.73757499974731, 37.64708999969889], [-118.7375549996558, 37.64719400014961], [-118.73754600033331, 37.647425000308274], [-118.73753000043978, 37.64766700024583], [-118.73750100012747, 37.647891000061406], [-118.73749399955643, 37.64818000029241], [-118.73750799980014, 37.64846299990382], [-118.7375549996558, 37.648787999710635], [-118.73764800044054, 37.64896499983886], [-118.73781099974885, 37.64908500021631], [-118.73808000026068, 37.649237999776226], [-118.73832399975983, 37.64943099988712], [-118.7385940000966, 37.649880000308855], [-118.73871799994512, 37.65018400008288], [-118.73879300028821, 37.65049500008472], [-118.73881199965648, 37.65086400035061], [-118.73879400011313, 37.65119900029552], [-118.73882099987729, 37.6515009996619], [-118.73896800019041, 37.651852000111774], [-118.73914599956731, 37.652083000007224], [-118.73931200014698, 37.652209000229206], [-118.73945799973687, 37.652329000343535], [-118.73952200020926, 37.652390999935406], [-118.73959699965401, 37.65243299985896], [-118.73978199960195, 37.65250499987589], [-118.73999900023522, 37.65256000017761], [-118.74030800003172, 37.65260299998428], [-118.74070800006483, 37.65265300032357], [-118.7415950001696, 37.65283399967725], [-118.74185100026264, 37.65296100002126], [-118.74204399970819, 37.653147999874896], [-118.74210599963247, 37.6532840001192], [-118.74218000015061, 37.65337300019656], [-118.74230599964899, 37.653453999718714], [-118.74243000039587, 37.65360199969745], [-118.74252699958195, 37.65373499993124], [-118.74263100023734, 37.653733999967834], [-118.74268399994078, 37.653526000168085], [-118.7426920003367, 37.65334499965632], [-118.74276099993367, 37.65321400008733], [-118.74281899966, 37.65324999972589], [-118.74285999966787, 37.65371799983978], [-118.74286399986582, 37.65395400013409], [-118.74290099967575, 37.654175000317245], [-118.7431070004384, 37.654663999974424], [-118.74308800017184, 37.654888999969735], [-118.74297199982085, 37.654953000163076], [-118.74291999994233, 37.6549390001922], [-118.7428680000638, 37.654817000130755], [-118.74283100025387, 37.654646000144474], [-118.74281100016238, 37.65445400002747], [-118.7427760000023, 37.654324000236855], [-118.74270900005513, 37.654250999893534], [-118.74265299997863, 37.65426200012522], [-118.74263999955983, 37.65443300028462], [-118.74263299988715, 37.654530000029425], [-118.74258400038167, 37.65483499991921], [-118.74259000022946, 37.655173000273706], [-118.74254099982564, 37.6553610001879], [-118.74262500038954, 37.65559099989709], [-118.74276900032957, 37.655777000303466], [-118.74300000030826, 37.6560959998048], [-118.74299299973725, 37.656266000078375], [-118.74295699975225, 37.656457999777075], [-118.74298000021678, 37.65667799969558], [-118.74304700016394, 37.656910000144805], [-118.74313699967732, 37.65716699993718], [-118.74325499967806, 37.657435000023916], [-118.74330999992965, 37.65774899996692], [-118.7433469997396, 37.65809000028292], [-118.7433330003942, 37.65839200007052], [-118.7433049999068, 37.65869900024622], [-118.74320100014971, 37.65885999977768], [-118.74309900004248, 37.65895700013956], [-118.74304999963869, 37.65909699997653], [-118.74311199956294, 37.65925999984531], [-118.74320899964732, 37.65939299990061], [-118.7432699997467, 37.659589000296435], [-118.74331400012763, 37.65978699993867], [-118.74338899957239, 37.65997000015129], [-118.74350800029637, 37.66007299975388], [-118.74387399999429, 37.66022100005122], [-118.74395400036022, 37.660337999683385], [-118.74400399969062, 37.66057199981693], [-118.74400899971349, 37.66076500033842], [-118.74392099984995, 37.660864999947044], [-118.74392800042095, 37.66100200014505], [-118.74402499960702, 37.66114099981768], [-118.7441359999351, 37.661264000016956], [-118.74430099979153, 37.66131500007449], [-118.74445300012752, 37.66132599997072], [-118.74462600037987, 37.661447000144356], [-118.74467599971027, 37.66137299983242], [-118.74472199974102, 37.66132500010955], [-118.74481399980252, 37.66135899964974], [-118.74515799975912, 37.66161099968875], [-118.74536100014869, 37.661776000148286], [-118.74550500008876, 37.661816999886646], [-118.74557500040895, 37.66178799983121], [-118.74552500018022, 37.661709999724025], [-118.7452139998356, 37.66139500031728], [-118.74501499964398, 37.66123300002063], [-118.74494600004701, 37.66107799984481], [-118.74495100006989, 37.66097699994609], [-118.74503300008564, 37.66087900022285], [-118.74515799975912, 37.66084200014855], [-118.74536500034667, 37.66088099995725], [-118.74577200005243, 37.66071100029464], [-118.74609099989466, 37.660579000338345], [-118.74609199971955, 37.66052699990325], [-118.74613199990256, 37.66043399966331], [-118.74623599965962, 37.66040800011064], [-118.74636600025428, 37.660455999715275], [-118.74647800040727, 37.66057600001338], [-118.74653299976056, 37.66070299991607], [-118.7465799996162, 37.66078399997574], [-118.74666599982994, 37.66078999989763], [-118.74673299977708, 37.660746999854105], [-118.74675299986858, 37.66061599983261], [-118.74686300037175, 37.660475000142846], [-118.74699700026605, 37.660388999665926], [-118.74708500012957, 37.66030000017559], [-118.74717700019109, 37.66023499973731], [-118.74728400032123, 37.66022500026659], [-118.74740899999468, 37.660186000113214], [-118.7475150002999, 37.66008899993478], [-118.74761700040715, 37.660016000281416], [-118.74770000024783, 37.66001499969144], [-118.74776800001986, 37.66007099999771], [-118.7477620001721, 37.66060399996019], [-118.7477549996011, 37.66078999989763], [-118.74779200030935, 37.660977999812005], [-118.74784699966261, 37.66110999977], [-118.74794299992206, 37.66116900026254], [-118.74799899999857, 37.66110999977], [-118.74803300033378, 37.660841000280804], [-118.7480650001208, 37.66050900007233], [-118.7481760004489, 37.66019200008343], [-118.74832899971146, 37.65999900020576], [-118.7484869998952, 37.65992200023243], [-118.74863900023117, 37.65992200023243], [-118.74883500004974, 37.65997399966902], [-118.74902099982256, 37.659979999656365], [-118.7492269996869, 37.65987299969058], [-118.7493310003423, 37.65973399977728], [-118.74936300012935, 37.65953099985587], [-118.74924699977839, 37.65931500012162], [-118.74908100009704, 37.65904699970948], [-118.74898400001267, 37.6587649997916], [-118.7489580000734, 37.6585449996566], [-118.74899800025635, 37.658327999996786], [-118.74913600034863, 37.65817100034888], [-118.7495299996356, 37.65787200009674], [-118.74959300028313, 37.657708000115406], [-118.7495919995599, 37.657438999678206], [-118.74960499997869, 37.65719199999678], [-118.74967899959853, 37.65697599985818], [-118.75002400027834, 37.65653900020111], [-118.75024000018838, 37.65634700000072], [-118.75035700036426, 37.656208999816684], [-118.75039699964893, 37.65611000026878], [-118.75042500013635, 37.65596200031056], [-118.75036999988477, 37.655807999733256], [-118.75010799994394, 37.65560299986853], [-118.74976300016243, 37.65531000030743], [-118.74951200009228, 37.65511899971856], [-118.7492970000071, 37.654995000059984], [-118.74912600030288, 37.65478099982946], [-118.7490350000663, 37.65452199969601], [-118.74900699957888, 37.65424899998055], [-118.74901999999767, 37.65398900016509], [-118.74909600016565, 37.65339900007914], [-118.74910500038649, 37.65319299999374], [-118.74904099991406, 37.65298100020686], [-118.74893899980682, 37.65288599981074], [-118.7488760000576, 37.65276399993235], [-118.74888299973034, 37.65260999983462], [-118.74895200022561, 37.65248800021402], [-118.74897099959388, 37.65238899997233], [-118.74895899989829, 37.65217999997695], [-118.74900099973108, 37.65187599983882], [-118.74910100018852, 37.651440000032515], [-118.74917900000634, 37.651227000222505], [-118.74923300043302, 37.65094799976752], [-118.7492200000142, 37.65062100015612], [-118.74915200024215, 37.65031500001827], [-118.74899700043146, 37.64971099965765], [-118.74895600042356, 37.64938600033361], [-118.74896800011913, 37.64902400002499], [-118.74892100026348, 37.64866600021251], [-118.74891399969248, 37.64835899980752], [-118.74889899962385, 37.64811900006901], [-118.74892799993616, 37.64791899981304], [-118.74904299956388, 37.64760799969303], [-118.74902900021848, 37.64754400028206], [-118.74901800034785, 37.6474919999643], [-118.74886299963885, 37.64729699969329], [-118.74876599955446, 37.64704600020303], [-118.74873899979028, 37.64685899992086], [-118.74873299994249, 37.64666899970353], [-118.74875999970668, 37.646420000348776], [-118.74878900001899, 37.64621700030283], [-118.74879499986679, 37.64607899978661], [-118.7487320001176, 37.64597700004435], [-118.74859300020043, 37.64587300002346], [-118.74835899984868, 37.645685000272714], [-118.74821400008372, 37.64539999988309], [-118.74797600043233, 37.644910999684285], [-118.74774399973045, 37.644663000212084], [-118.74765099984401, 37.64448599978988], [-118.74760499981328, 37.64426199966364], [-118.7476059996382, 37.64406999972906], [-118.74757800004909, 37.643778999671284], [-118.7475989999655, 37.643501999891875], [-118.74758999974465, 37.64329299978292], [-118.74760999983614, 37.64315799984239], [-118.74768600000412, 37.64299799980597], [-118.74772199998915, 37.642792000034], [-118.74766599991264, 37.642533000055636], [-118.74764699964607, 37.642487999879414], [-118.74758100042214, 37.64233700016389], [-118.7474790003149, 37.64213200010123], [-118.7473179997581, 37.64174699998141], [-118.74726900025259, 37.64149399997473], [-118.74711199989379, 37.64127500001828], [-118.74697299997659, 37.64103400001844], [-118.74671900043171, 37.64066999998275], [-118.74667699970058, 37.640540000249146], [-118.74666300035521, 37.64039199984869], [-118.74670400036308, 37.64028000009943], [-118.746805999572, 37.64017099990828], [-118.7469520000602, 37.64013500033209], [-118.74722800024472, 37.64015900028858], [-118.74755899978251, 37.640198999724674], [-118.7480430003795, 37.640187000109485], [-118.74861699959153, 37.64014400022774], [-118.74895700024848, 37.64011000022095], [-118.74920999996847, 37.64007000002563], [-118.74934899988564, 37.64003899971715], [-118.7495089997192, 37.63997500018673], [-118.74943199972633, 37.639870000148655], [-118.74915499971686, 37.639725999733116], [-118.7486989996073, 37.63961399969118], [-118.74834999962785, 37.63955499985524], [-118.74829299972646, 37.63954499973372], [-118.74791199995992, 37.639443999711396], [-118.74745599985035, 37.63928499965863], [-118.74711100006887, 37.639120999887425], [-118.74670799966273, 37.63894499993846], [-118.74607300035132, 37.638765000335425], [-118.74556899966286, 37.638606000252196], [-118.74515299973623, 37.638500999701975], [-118.74475899955094, 37.638363999960106], [-118.74440700009676, 37.63819399996552], [-118.74418600016382, 37.63804999985833], [-118.74407599966062, 37.6378970000166], [-118.74407099963778, 37.63783199988623], [-118.74405700029239, 37.637666000105], [-118.74421999960069, 37.63736399997183], [-118.74439399967797, 37.63715800022734], [-118.74461200013616, 37.63685499997277], [-118.74466200036487, 37.63678500010687], [-118.74475100005333, 37.63664100011436], [-118.74475100005333, 37.63652000006789], [-118.74465800016692, 37.63639099967199], [-118.74462600037987, 37.636219999943506], [-118.74465999981675, 37.63605400011769], [-118.74473299961167, 37.63610100032456], [-118.74484499976468, 37.63614600010124], [-118.74496100011561, 37.63618200018751], [-118.74508999998704, 37.63620499979881], [-118.7452139998356, 37.63620499979881], [-118.74536500034667, 37.636175999700114], [-118.74545900005799, 37.63614099981123], [-118.74551900033246, 37.636093000140086], [-118.74567499996807, 37.63586599970425], [-118.74576799985448, 37.63576100026153], [-118.74586300028902, 37.63568800016853], [-118.7460159995516, 37.63559399991397], [-118.74533400038453, 37.635554000132835], [-118.74521800003357, 37.63553700014817], [-118.74510000003278, 37.635470999878], [-118.74489499999336, 37.63528199991179], [-118.74473000013694, 37.63511399969633], [-118.74423600039253, 37.63468400027711], [-118.7437069995897, 37.63428299992974], [-118.74346200026564, 37.634290000083844], [-118.74334799956452, 37.63430399967873], [-118.74316799963945, 37.634325999646556], [-118.74288800015528, 37.634393999958654], [-118.74279400044392, 37.634385000077835], [-118.74229300012851, 37.6336490002076], [-118.74232800028862, 37.63360300010705], [-118.74240600010644, 37.63353300002309], [-118.74225999961826, 37.63347900009624], [-118.74220299971682, 37.63344199988658], [-118.74168399985805, 37.63274700006207], [-118.74162799978157, 37.63268599997092], [-118.74156099983442, 37.63258300008813], [-118.74151200032894, 37.632435000200054], [-118.7409239999749, 37.63142599985723], [-118.74079299955531, 37.63109300020143], [-118.74078099985975, 37.630892000078035], [-118.74073599965391, 37.630749999882624], [-118.74058199966811, 37.63049599985835], [-118.7404479997738, 37.63023199972537], [-118.74040400029119, 37.63003400025521], [-118.74040799959086, 37.6299369998228], [-118.74042199983454, 37.62986699984286], [-118.7404610001926, 37.62976199974931], [-118.74056999997255, 37.62960399989811], [-118.74087399974616, 37.62925200003053], [-118.74092599962471, 37.62915899975478], [-118.74098900027221, 37.62900699968848], [-118.74100299961758, 37.62890300010056], [-118.74100400034082, 37.628720000171356], [-118.74102600008214, 37.62856499972335], [-118.74096199960971, 37.62847500020993], [-118.74094900008923, 37.628428000159836], [-118.74092099960181, 37.62813100030652], [-118.74090100040866, 37.628038999648815], [-118.74077599983686, 37.62773200008701], [-118.74069899984399, 37.62757800002853], [-118.74067600027777, 37.62749399979741], [-118.74060000010977, 37.6273869999839], [-118.7405520004292, 37.627336000105], [-118.74037199960583, 37.62697100022938], [-118.7402710002218, 37.62669300006698], [-118.73999300038746, 37.62624499999235], [-118.73981599993712, 37.62588800031202], [-118.73972300005073, 37.62567899974726], [-118.7396090002479, 37.62548999977905], [-118.73957099971474, 37.62538499990528], [-118.73956700041511, 37.62532200019442], [-118.73957800028577, 37.62526600001136], [-118.73961400027078, 37.62520399983569], [-118.73967899966978, 37.625052999857054], [-118.73970299995922, 37.62495899966831], [-118.73973200027154, 37.62494000011527], [-118.73971899985276, 37.62488399964441], [-118.73966699997422, 37.62479100030651], [-118.73965399955543, 37.624742000065375], [-118.73965600010357, 37.624694999789256], [-118.73968100021793, 37.624636000202834], [-118.73972100040089, 37.624576000213644], [-118.73978800034804, 37.62443899970102], [-118.73984299970131, 37.624296999983464], [-118.73988899973207, 37.6241449999351], [-118.73989499957985, 37.62405199967263], [-118.73985899959484, 37.6238230001447], [-118.73985000027234, 37.62363999980355], [-118.73986399961771, 37.62355699976081], [-118.73993200028808, 37.623431000033136], [-118.74021099994734, 37.6230680002336], [-118.74037800035194, 37.62289300035169], [-118.7404329997052, 37.622804000042244], [-118.74050100037557, 37.62266400009937], [-118.74064600014053, 37.622499999932614], [-118.74098900027221, 37.62215800019101], [-118.74103799977769, 37.62208399986513], [-118.74107499958761, 37.62200300028935], [-118.74107899978559, 37.62194100023819], [-118.74106000041732, 37.62186300026099], [-118.74102100005925, 37.621781999732875], [-118.74097000000563, 37.62171100021638], [-118.74090300005847, 37.6216390002365], [-118.74075900011843, 37.62152999973907], [-118.74069100034637, 37.62151399978968], [-118.7404899996066, 37.621502000003275], [-118.7394469998662, 37.62148300027818], [-118.739307999949, 37.62145299972873], [-118.73918800029843, 37.62139099993036], [-118.73911200013045, 37.62132600030428], [-118.73905100003107, 37.62123099998238], [-118.73903000011468, 37.62112500009399], [-118.73909799988674, 37.620775000020174], [-118.73909700006182, 37.62072500028167], [-118.73903000011468, 37.62052300017058], [-118.7390100000232, 37.62036400019018], [-118.73897700041123, 37.620231999679625], [-118.73891899978659, 37.62007499991002], [-118.73879900013597, 37.61980500008832], [-118.73873300001375, 37.619682999957895], [-118.73858700042388, 37.61934399992103], [-118.73846600005008, 37.61915099991895], [-118.73821599980482, 37.61882800012182], [-118.73818400001774, 37.61869900032406], [-118.73822400020072, 37.61857100002767], [-118.73832399975983, 37.618320999991745], [-118.73833700017863, 37.61825599981627], [-118.73840300030086, 37.61822499965786], [-118.738462999677, 37.61820700024852], [-118.73883099992305, 37.61816300001372], [-118.73904500018331, 37.61812300010112], [-118.73911499960518, 37.618097999700126], [-118.7393149996217, 37.61806899965135], [-118.73947399963036, 37.61803000013222], [-118.73972899989849, 37.617888000269005], [-118.73997199957275, 37.617811000044355], [-118.74000300043319, 37.617789999904595], [-118.74027700006958, 37.61809100015557], [-118.74034800021472, 37.61815099968645], [-118.74046299984244, 37.61822699982913], [-118.7405459996831, 37.61837300009126], [-118.74064299976747, 37.618479000345566], [-118.74079699975327, 37.61857699980188], [-118.74087700011921, 37.61861900034251], [-118.74124500036525, 37.618746000121824], [-118.74157500007813, 37.61881700033537], [-118.74178500014042, 37.618905999725534], [-118.74213099974682, 37.619112999973765], [-118.74236500009854, 37.619241999764824], [-118.7425159997113, 37.61929699978968], [-118.74260399957483, 37.61933699978223], [-118.74280699996443, 37.61945000021409], [-118.74292900016314, 37.61950799993456], [-118.74303499957004, 37.61953700013361], [-118.74317900040843, 37.61956499989798], [-118.74384999970485, 37.61960800030328], [-118.74393199972059, 37.61960300032364], [-118.74399799984283, 37.61958600024795], [-118.74412500006444, 37.61951400034471], [-118.74431000001238, 37.619433999817055], [-118.74446300017325, 37.619378999893534], [-118.74479000041138, 37.619301999789954], [-118.74489499999336, 37.61928899993088], [-118.745206000338, 37.61930600007449], [-118.74564900002879, 37.619356999770446], [-118.74618899980396, 37.6194060000034], [-118.74634000031503, 37.61939000030839], [-118.74641899995774, 37.61937199975804], [-118.74679600042458, 37.61936699976252], [-118.74698499967215, 37.61939899987044], [-118.74730299968947, 37.6194200002673], [-118.74744499997969, 37.619453000065796], [-118.74755399975965, 37.61949200026156], [-118.74782599974621, 37.61950399966084], [-118.74793100022652, 37.61948700027412], [-118.74806599994571, 37.61945000021409], [-118.74832700006162, 37.61941500027501], [-118.74867400039128, 37.61940000029604], [-118.74897800016487, 37.61935300020014], [-118.74910100018852, 37.619326000071034], [-118.74929199998424, 37.61926800020858], [-118.74954499970421, 37.61922000031274], [-118.74979300029968, 37.619226999751], [-118.75019199960951, 37.619260000346664], [-118.75076400007006, 37.61936500033342], [-118.75101299959208, 37.6194250002593], [-118.75113200031609, 37.619435000242234], [-118.75162699988539, 37.619378000179154], [-118.75207899979702, 37.61928999964646], [-118.75233400006515, 37.61925800020318], [-118.75250300011955, 37.61924800019644], [-118.75272999990025, 37.61925800020318], [-118.7529290000919, 37.61925000034019], [-118.75308999975039, 37.61923100003957], [-118.75340899959262, 37.61915699964635], [-118.7535690003245, 37.61912899972838], [-118.7545829997526, 37.619031000288096], [-118.75495199982352, 37.618978000217574], [-118.75530300035112, 37.61891700021038], [-118.75547700042837, 37.6188760002708], [-118.7558230000348, 37.61876499983487], [-118.75607999995276, 37.61872000020708], [-118.75623700031159, 37.618703999652936], [-118.75655199995585, 37.618715999891016], [-118.75678299993454, 37.61874800027913], [-118.75685999992744, 37.618766000269005], [-118.75692000020187, 37.61879099973389], [-118.75690599995819, 37.61899100013097], [-118.75679999965297, 37.61933500035233], [-118.75669300042118, 37.619758000248396], [-118.75662200027604, 37.62011099995448], [-118.75651799962066, 37.620877000207756], [-118.7565400002603, 37.6209829997382], [-118.75660100035967, 37.621079000068534], [-118.75670599994163, 37.62117399987324], [-118.75685999992744, 37.62128599995884], [-118.75730799964109, 37.621524000203166], [-118.75753399959689, 37.62167199976158], [-118.75768400028304, 37.62182300020449], [-118.75789599999516, 37.62198800012105], [-118.75807900029328, 37.62216500006419], [-118.75872100017567, 37.6226149998792], [-118.75920499987436, 37.6230620001103], [-118.75987500024416, 37.6236260003343], [-118.7607730002196, 37.62434599980644], [-118.76094200027401, 37.62449699979826], [-118.76236699960585, 37.62607899993974], [-118.76252099959163, 37.626218999854316], [-118.76304500037159, 37.62675400009695], [-118.76342199994014, 37.627165000172035], [-118.7635320004433, 37.62724599981485], [-118.76364899972087, 37.62729899968271], [-118.76397099993612, 37.62736800034], [-118.76431400006781, 37.627410000182884], [-118.76470400005515, 37.627444000309325], [-118.76540500038712, 37.62753300004356], [-118.76581000044305, 37.62760300008741], [-118.76609900014807, 37.62763399989268], [-118.76931500030625, 37.62809499987711], [-118.76948799966029, 37.62811000023602], [-118.7708190001791, 37.628339999668285], [-118.7718379996301, 37.62850399975674], [-118.77294900004085, 37.628723999949095], [-118.77373700041144, 37.628898000034624], [-118.7745709999145, 37.629071999712735], [-118.77589099966434, 37.62931699984057], [-118.7777250001484, 37.62962799969903], [-118.77930099999126, 37.629881000271006], [-118.78060700039573, 37.63007499973244], [-118.78118200033101, 37.630165000154115], [-118.78262599992941, 37.63042500012766], [-118.7834629998055, 37.63056200027867], [-118.78639399955831, 37.631111000047945], [-118.78774400034371, 37.631266999720616], [-118.78846400004394, 37.631366999922285], [-118.78934699995077, 37.63154100022281], [-118.7899539996731, 37.63166900024103], [-118.79199700039452, 37.63221400006842], [-118.79296399996696, 37.632463000086126], [-118.79489299998725, 37.6329929997001], [-118.79637799959355, 37.63346200034827], [-118.79744799999644, 37.633820999681674], [-118.79802600030474, 37.634037999811014], [-118.79818100011546, 37.634089000070716], [-118.7983040001391, 37.634108999646905], [-118.79842899981259, 37.634108999646905], [-118.79860899973762, 37.63408799984275], [-118.79876000024869, 37.63410599967525], [-118.79884300008935, 37.634137000325], [-118.79897600015876, 37.63412899992907], [-118.799402999956, 37.63407700018012], [-118.80001399987628, 37.63396099995237], [-118.80108799957883, 37.63370899998665], [-118.80311799988148, 37.63326700024109], [-118.80382800043427, 37.633118000051454], [-118.80488799989311, 37.632934999829885], [-118.80617599985591, 37.63281700017501], [-118.80869700042823, 37.63256900016902], [-118.80915500018763, 37.632532999755114], [-118.80975600006218, 37.632464000335915], [-118.81039799994457, 37.63241000034367], [-118.81112000019296, 37.63233099971781], [-118.81123399999578, 37.63234499968176], [-118.81139100035459, 37.632407000303424], [-118.81159999969366, 37.632563000101236], [-118.81105900009358, 37.633104000233125], [-118.81096100018429, 37.633231000165324], [-118.8108349997876, 37.63345099988161], [-118.81078899975685, 37.63357799993219], [-118.81076299981757, 37.633707000231894], [-118.8107519999469, 37.633928999710506], [-118.81078700010701, 37.63428299992974], [-118.81111299962193, 37.635311999859496], [-118.81126499995791, 37.635908999927814], [-118.81142800016454, 37.63645999971309], [-118.81147300037038, 37.63664200030791], [-118.81157200010458, 37.63713599967527], [-118.81165400012034, 37.63776500005341], [-118.81179600041057, 37.63954599988823], [-118.81195600024412, 37.640952000330216], [-118.81205699962813, 37.6424230002091], [-118.8120819997425, 37.64297999999368], [-118.81218399984978, 37.64409100026843], [-118.81220300011633, 37.64438800035121], [-118.81223800027644, 37.64472699997155], [-118.81223499990338, 37.645214999881006], [-118.8121930000706, 37.6454110000033], [-118.81210000018416, 37.645686000344504], [-118.81203300023702, 37.64581799974835], [-118.81173299976305, 37.64625000029551], [-118.81144800025601, 37.64660999978047], [-118.81099299997135, 37.647133999879976], [-118.8100049995842, 37.64812400026412], [-118.80981999963626, 37.648320999859095], [-118.80937100009773, 37.648771999939456], [-118.80898899960796, 37.649222000101936], [-118.80871300032176, 37.649568999865316], [-118.80858500027524, 37.64976499987806], [-118.80836199979416, 37.650168999912616], [-118.80793900019486, 37.65104699979657], [-118.80760600010893, 37.65159799968061], [-118.80727999969571, 37.652265000022176], [-118.80724399971068, 37.65238600002759], [-118.80722699999225, 37.65249300011497], [-118.80721399957346, 37.652768999814725], [-118.80716800044104, 37.6529749996539], [-118.80712900008295, 37.65307099990855], [-118.80695300035586, 37.65339400023919], [-118.80664399966105, 37.654022000260504], [-118.80635900015403, 37.65455400031335], [-118.80626100024473, 37.65476100012868], [-118.80618500007675, 37.65494699976947], [-118.80591700028813, 37.65538199966831], [-118.8058639996864, 37.65549200023634], [-118.80576999997504, 37.6557470000859], [-118.80571899992144, 37.65597700002183], [-118.80570899987568, 37.65619200029163], [-118.80571300007364, 37.65632500015347], [-118.80573300016512, 37.6564240001259], [-118.80583899957202, 37.656799000332995], [-118.80594999990011, 37.65713700028124], [-118.8061259996272, 37.657557000050765], [-118.80625600022186, 37.657870000281285], [-118.80661600007197, 37.658625000039734], [-118.80680900041583, 37.65893299985655], [-118.80704700006719, 37.65925100013238], [-118.80733099974931, 37.659596000199365], [-118.80795900028636, 37.66024900013191], [-118.80891400016321, 37.66089000018373], [-118.80941100028068, 37.66125599969798], [-118.80958100015998, 37.661427999965625], [-118.80974600001642, 37.661653000086204], [-118.809913000421, 37.661984000304095], [-118.81077899971109, 37.66402100010505], [-118.81163800022681, 37.665917000164384], [-118.81749100040994, 37.665904999726706], [-118.82057100012567, 37.66589900021825], [-118.82062899985202, 37.66585099986649], [-118.82073199978419, 37.66579900028], [-118.82087700044744, 37.66572500003991], [-118.82121100035828, 37.66563599983596], [-118.82178499957034, 37.6654740002615], [-118.82292399957021, 37.665205000230976], [-118.82375399977359, 37.665022000123535], [-118.82393899972152, 37.66493400031146], [-118.82420099966234, 37.66482999981727], [-118.82447900039502, 37.664897000125], [-118.82480099971195, 37.6650089997296], [-118.82541099980732, 37.66525400009766], [-118.82609000039797, 37.66549700004702], [-118.82649799992866, 37.66548900018426], [-118.8267670004405, 37.665344999662686], [-118.82680599990023, 37.66527399981627], [-118.82684799973303, 37.665098999784604], [-118.82693800014475, 37.66494900034339], [-118.82699500004611, 37.66489499978766], [-118.82716599975033, 37.664812000318655], [-118.82739599990411, 37.664726999703795], [-118.82755800028585, 37.66469599973145], [-118.82775300027951, 37.66465900013742], [-118.82805600022819, 37.664558000133184], [-118.82832099964376, 37.66443899969131], [-118.82834699958303, 37.664373000212564], [-118.82834099973525, 37.664318000127984], [-118.82826399974236, 37.66420099965745], [-118.82806299990091, 37.6639270001495], [-118.82798900028105, 37.663700000151835], [-118.82801699987014, 37.663541000112836], [-118.82799400030393, 37.663464000257775], [-118.82791899996087, 37.66329300027556], [-118.82768999963201, 37.66301799971087], [-118.82752499977555, 37.66282900014402], [-118.82753099962332, 37.662713000013504], [-118.82756499995853, 37.66256499970642], [-118.82761299963911, 37.66244499977897], [-118.82767799993643, 37.66201800025361], [-118.82771100044673, 37.661908000109584], [-118.82776499997507, 37.66183199983726], [-118.82793900005234, 37.66178799983121], [-118.82803600013672, 37.66174499965462], [-118.828174000229, 37.66164599966602], [-118.82822100008465, 37.66153099967873], [-118.82825000039698, 37.66145700016163], [-118.82826999959013, 37.66135000019132], [-118.82831300014615, 37.66129099984263], [-118.82843100014694, 37.66125599969798], [-118.82854599977465, 37.66119199995973], [-118.82867299999627, 37.66110300000976], [-118.82872599969971, 37.66088400026988], [-118.82877400027859, 37.66077499973641], [-118.8288300003551, 37.660702000046506], [-118.82894599980776, 37.66060700028407], [-118.82925799997729, 37.660416999683314], [-118.82930099963497, 37.660337999683385], [-118.82931499987868, 37.66029300033903], [-118.82935000003879, 37.660179000265906], [-118.82936099990944, 37.6600120000548], [-118.82940899959003, 37.65983900018098], [-118.82963100024618, 37.659347999983396], [-118.82974300039916, 37.65898699977128], [-118.8297960001026, 37.658940999714694], [-118.83009599967826, 37.65880800027194], [-118.83082700014748, 37.65854100006189], [-118.83145399996125, 37.65834100013848], [-118.83153199977906, 37.65825699983925], [-118.8315540004187, 37.65820800033207], [-118.83150400018997, 37.6580920000925], [-118.83147599970258, 37.65797299995266], [-118.83152400028148, 37.657817000173736], [-118.83163399988632, 37.65773100017364], [-118.83188400013158, 37.65767700005656], [-118.83236700000535, 37.65751099981936], [-118.83247599978527, 37.65744100021646], [-118.83255899962595, 37.65729100023557], [-118.83267900017488, 37.65715500021847], [-118.83281499971899, 37.6571020003117], [-118.83354199999023, 37.656841999818475], [-118.83399599955165, 37.65668000025433], [-118.83426000004062, 37.65659299972353], [-118.83449600004217, 37.65656800017339], [-118.83463400013446, 37.656564999686324], [-118.83473600024168, 37.65650300002356], [-118.83481300023458, 37.65642500005308], [-118.83497100041834, 37.65617699991261], [-118.83503400016752, 37.656020999915974], [-118.83503900019039, 37.655773999784444], [-118.83508000019829, 37.655459000083084], [-118.83517300008468, 37.655350000119014], [-118.8353859996217, 37.65524299988126], [-118.83567400040009, 37.65517099967434], [-118.83613700018239, 37.655161000232724], [-118.83641599984165, 37.65521400010264], [-118.83677499986686, 37.655402999854026], [-118.83693300005058, 37.65543799991325], [-118.83713499971697, 37.65537799990321], [-118.83741599992435, 37.65531599996049], [-118.8376519999259, 37.65524299988126], [-118.83776200042907, 37.65512300020882], [-118.83786600018614, 37.654954000110116], [-118.83789399977523, 37.654790000084226], [-118.83786700001107, 37.654614000278], [-118.83775300020824, 37.65443300028462], [-118.83773499976658, 37.654310000147326], [-118.83776200042907, 37.65418899972101], [-118.83785100011754, 37.65405600030033], [-118.83796099972238, 37.65396099985713], [-118.83819500007412, 37.65383299983881], [-118.83852800016004, 37.653612000060185], [-118.8388960004061, 37.65324599984589], [-118.83921900044628, 37.65285299992171], [-118.83932099965523, 37.652771999744], [-118.83943899965597, 37.65272400015012], [-118.83966600033501, 37.652620000331], [-118.8397650000692, 37.65253400000127], [-118.83983299984129, 37.65242500001085], [-118.83990399998638, 37.65236799964544], [-118.84006899984283, 37.65240399969414], [-118.84025399979076, 37.65246899987615], [-118.84030900004235, 37.652454000167474], [-118.84037299961646, 37.652399999768626], [-118.84047100042405, 37.65228900032699], [-118.84062100021187, 37.65212000017924], [-118.84060600014327, 37.652010000305765], [-118.84055300043981, 37.65190800017396], [-118.84056599996029, 37.65179000006989], [-118.84062700005967, 37.65170500019215], [-118.84079500028915, 37.6515759998488], [-118.84099199993264, 37.65141700015924], [-118.84132500001859, 37.651204000283265], [-118.84140100018656, 37.65105999979056], [-118.84147800017946, 37.65084400030605], [-118.84153199970781, 37.65075400003908], [-118.8416920004397, 37.65069599980925], [-118.84178000030325, 37.650645000280946], [-118.84186300014392, 37.6504840000062], [-118.84198899964231, 37.65038399992936], [-118.84210599981816, 37.65026200020795], [-118.84213500013048, 37.65006500007154], [-118.84206900000824, 37.649893999811056], [-118.8419250000682, 37.649855999936804], [-118.84164899988369, 37.64983799965267], [-118.84154599995152, 37.6498170000269], [-118.84140000036166, 37.64968599992428], [-118.84132400019367, 37.64955899966939], [-118.8412499996755, 37.64947300006227], [-118.84117400040583, 37.64944400016406], [-118.84102200006987, 37.64946699993712], [-118.8409040000691, 37.649497999867336], [-118.84081500038064, 37.64946899997889], [-118.8408270000762, 37.64937900017932], [-118.84098699990977, 37.64931200009176], [-118.84121600023863, 37.6492959997222], [-118.84128900003358, 37.64927299989618], [-118.84138100009508, 37.64913700012996], [-118.84140000036166, 37.648923000087706], [-118.84133300041451, 37.64885100015425], [-118.84125499969836, 37.64878599965052], [-118.841269999767, 37.64871999977025], [-118.84154500012663, 37.64860100025813], [-118.84177500028035, 37.648533000146486], [-118.84195299965728, 37.64846900011008], [-118.84205099956658, 37.64840199991285], [-118.84208999992464, 37.6483480001239], [-118.84209800032056, 37.64829000014881], [-118.84212400025984, 37.64804900014736], [-118.84219600022986, 37.64793699985105], [-118.84216600009265, 37.64789799964466], [-118.84205599958945, 37.64785800008654], [-118.84180600024251, 37.64790099977071], [-118.84171199963285, 37.64793299968489], [-118.84163600036321, 37.64793399972647], [-118.84159299980718, 37.647857000044006], [-118.84166099957923, 37.64773699981622], [-118.84170599978508, 37.64761700010589], [-118.84167700037108, 37.64751500034186], [-118.8416430000359, 37.64746800024312], [-118.84168200039394, 37.64741599987215], [-118.84208300025195, 37.64724599996472], [-118.84231699970536, 37.647133999879976], [-118.84242300001058, 37.647049999705615], [-118.84245599962253, 37.64693499987172], [-118.84241299996482, 37.646854999696686], [-118.84233199977398, 37.64679900009193], [-118.84212599990964, 37.646724000059784], [-118.84213000010762, 37.64669399974121], [-118.84249099978261, 37.6466140000179], [-118.84260799995849, 37.646516999891034], [-118.84286599970136, 37.6462509996484], [-118.84299399974789, 37.64621999978544], [-118.84316899965009, 37.64626100028979], [-118.8432769996051, 37.64622999971971], [-118.84364999987399, 37.64607300009851], [-118.84369900027778, 37.64603300026884], [-118.84362300010983, 37.64589899968668], [-118.84347099977384, 37.645729999934765], [-118.84336799984167, 37.645582999989394], [-118.84320800000812, 37.645464999793674], [-118.84311199974863, 37.64544200020391], [-118.84306400006808, 37.64538099986566], [-118.84314000023606, 37.64524199985237], [-118.84318799991664, 37.64511900014047], [-118.84331799961296, 37.64501400025999], [-118.84382499977616, 37.644746000156275], [-118.84411500020441, 37.64459899968615], [-118.8444099997572, 37.64454600006464], [-118.84466699967514, 37.644460999720344], [-118.84482499985889, 37.644333999777885], [-118.84496200012624, 37.64409399983693], [-118.84515600029502, 37.643896999700104], [-118.84548900038091, 37.64369800026634], [-118.84585900027677, 37.64350600029662], [-118.84626799963236, 37.643319000349216], [-118.84634399980037, 37.64329000018208], [-118.84647500021993, 37.64329700019893], [-118.8466199999849, 37.643319000349216], [-118.84684799959051, 37.643319000349216], [-118.84724199977583, 37.64329700019893], [-118.847388000264, 37.643279999852], [-118.84744299961727, 37.643303000111246], [-118.84746899955653, 37.64335300031], [-118.84740099978447, 37.64346400030382], [-118.84742099987598, 37.643499999689425], [-118.84763000011333, 37.643588000011015], [-118.84777499987828, 37.64359299979983], [-118.84790600029785, 37.64357000034169], [-118.8483039997828, 37.643378000041125], [-118.84839400019449, 37.64339599975697], [-118.8484090002631, 37.64347800030406], [-118.84840300041533, 37.643598999688194], [-118.84840300041533, 37.64377999976879], [-118.84847100018737, 37.64381200003578], [-118.84861900032537, 37.64385499992838], [-118.8488800004413, 37.64389999998776], [-118.84935599974406, 37.64392300005504], [-118.84955099973773, 37.643883999874944], [-118.84978300043961, 37.643704000146286], [-118.85001199987016, 37.64362999993371], [-118.85016300038123, 37.643700999850715], [-118.85022600013042, 37.64381400022989], [-118.85025500044273, 37.6438940001237], [-118.85023500035126, 37.6440370001905], [-118.85031599964378, 37.644082000139626], [-118.85044700006335, 37.64412200030862], [-118.85058699980544, 37.64420700032953], [-118.85069499976045, 37.644317999758485], [-118.85076400025577, 37.64431899984873], [-118.85081399958614, 37.64423700023003], [-118.85075900023287, 37.64407400010322], [-118.85077099992846, 37.64401199996985], [-118.85083399967765, 37.64395500026044], [-118.85108300009797, 37.643949999784724], [-118.8513879996965, 37.64387699991341], [-118.85164899981241, 37.64375699965723], [-118.85171300028485, 37.64372799966109], [-118.85193199966965, 37.64350299999311], [-118.85201700005844, 37.64343699968617], [-118.8521400000821, 37.64334099978167], [-118.85240200002292, 37.6431909997715], [-118.85271099981941, 37.6429509996942], [-118.85290800036121, 37.64297600027188], [-118.85298399963088, 37.64298200021013], [-118.85298899965375, 37.64305099982062], [-118.85306499982173, 37.643177999822726], [-118.85316100008122, 37.64325099966964], [-118.85327099968606, 37.64327199972922], [-118.85341899982407, 37.64328200006038], [-118.85345300015923, 37.64330500031901], [-118.8535419998477, 37.64334400009178], [-118.8536330000843, 37.64329100028617], [-118.85372000012293, 37.6432669999188], [-118.85380600033665, 37.64328200006038], [-118.85378299987215, 37.64337200013486], [-118.85379100026805, 37.643501999891875], [-118.85382600042816, 37.64362299994824], [-118.8538309995527, 37.643719000199624], [-118.85395000027671, 37.64378400015856], [-118.85404700036109, 37.643777000187605], [-118.85408900019388, 37.64374999968373], [-118.85410199971436, 37.64362400004784], [-118.85419299995094, 37.64359499999978], [-118.85416299981372, 37.643542999762566], [-118.85411599995804, 37.643486999794725], [-118.85415100011815, 37.64347399989781], [-118.85425400005032, 37.643470000202605], [-118.8543300002183, 37.64348199999878], [-118.85444599967096, 37.643548999655025], [-118.8545760002656, 37.6435919996998], [-118.85471699983259, 37.64362500014738], [-118.85494500033653, 37.643627999734704], [-118.8550549999414, 37.64366800014822], [-118.85508799955335, 37.64373400024987], [-118.85508300042879, 37.64380000029292], [-118.85511600004077, 37.643866000277335], [-118.85531600005729, 37.64388299977883], [-118.8554430002789, 37.64391800028844], [-118.8555400003633, 37.6439189996727], [-118.85559899991452, 37.64389799979602], [-118.8557930000833, 37.64403999976113], [-118.85590299968814, 37.64403399990837], [-118.85605800039716, 37.64393699996878], [-118.85626400026149, 37.64382200029424], [-118.85640900002645, 37.643797000001285], [-118.85657300005796, 37.64373799993085], [-118.85669299970857, 37.64363900011733], [-118.85676300002876, 37.64375999995054], [-118.85681699955711, 37.643813000132845], [-118.85701599974875, 37.643881999682776], [-118.85714600034342, 37.64391100033006], [-118.85748000025426, 37.64383400003356], [-118.85761699962327, 37.643840999999135], [-118.85770700003496, 37.643850000157194], [-118.85781199961694, 37.643797000001285], [-118.85812999963429, 37.64362299994824], [-118.85842500008536, 37.643565999940385], [-118.85877800026277, 37.643548999655025], [-118.85882000009556, 37.643516999986], [-118.85888100019494, 37.643423999780445], [-118.85901400026432, 37.643319000349216], [-118.85920500006004, 37.64329700019893], [-118.85941199974927, 37.64330799991925], [-118.85952899992512, 37.64330400021512], [-118.85955099966644, 37.643257999690164], [-118.85951800005449, 37.64318900027194], [-118.85940000005371, 37.64306600000582], [-118.85944000023669, 37.64297400005526], [-118.85954499981868, 37.64288400020991], [-118.8597010003526, 37.64286799987825], [-118.85982900039912, 37.64289100026502], [-118.85993800017907, 37.64294200013853], [-118.8601249997768, 37.64308800022452], [-118.86025700002128, 37.6432100003491], [-118.86025100017352, 37.64333700007936], [-118.86017300035569, 37.64343199988686], [-118.86011700027922, 37.64344399968916], [-118.86004000028632, 37.64347399989781], [-118.85997300033915, 37.64355500025827], [-118.86000099992826, 37.643665999950244], [-118.86006299985253, 37.64372099968486], [-118.86019300044717, 37.64373699983278], [-118.86031300009778, 37.643785000255946], [-118.86053900005359, 37.64390100008363], [-118.86066499955197, 37.643991000119456], [-118.86072499982645, 37.64405200017653], [-118.8607070002831, 37.6441149996582], [-118.86060099997788, 37.644196000031066], [-118.86066299990215, 37.64437499990066], [-118.86074099971995, 37.644419999645024], [-118.86084500037532, 37.64442999982163], [-118.86102500030042, 37.64440800000038], [-118.86130499978456, 37.64438399999397], [-118.86143100018126, 37.64446800033816], [-118.86149800012842, 37.64455199987604], [-118.86158400034216, 37.644578000001665], [-118.86174699965044, 37.644549000326045], [-118.86185399978055, 37.6445790000884], [-118.86185299995566, 37.64460300003182], [-118.86182500036655, 37.64465199998114], [-118.86173599977978, 37.64474999978277], [-118.86163200002272, 37.64479299984363], [-118.86159000018993, 37.64493999992988], [-118.86170200034292, 37.64504299975407], [-118.86190099963623, 37.64509300020422], [-118.862094999805, 37.64507099986803], [-118.86223899974503, 37.64497100032706], [-118.86242000039333, 37.644756999662036], [-118.86250999990668, 37.64474700024076], [-118.86257699985384, 37.6448169997179], [-118.86254500006679, 37.645039000143356], [-118.86252300032547, 37.64507700034832], [-118.8624189996701, 37.6450920001244], [-118.8624050003247, 37.64513499998728], [-118.86255000008966, 37.645264000137864], [-118.8628270000991, 37.645424000272534], [-118.86303999963611, 37.64546900009271], [-118.86314599994134, 37.64552499998896], [-118.86324200020078, 37.64555099977399], [-118.86344999971493, 37.64552600006295], [-118.86350400014159, 37.645566000165644], [-118.86358199995942, 37.6456409999445], [-118.86355199982218, 37.645749999933905], [-118.86353900030173, 37.64584899977909], [-118.86356100004302, 37.64593700016298], [-118.86366499980011, 37.645960999667615], [-118.86374699981585, 37.64600599987376], [-118.86373900031825, 37.64604100009426], [-118.86363600038611, 37.64614700001115], [-118.86366999982295, 37.646205000237195], [-118.86376600008244, 37.64623099978421], [-118.86387900006034, 37.64628499968975], [-118.86413199978033, 37.64638200011959], [-118.86421600034423, 37.646350000248404], [-118.864334000345, 37.646327000221376], [-118.86438100020065, 37.646361000227934], [-118.86442399985837, 37.64660600025419], [-118.86454000020933, 37.64667900028864], [-118.86480399979997, 37.646751000193866], [-118.86507900015958, 37.64684800001513], [-118.86511500014461, 37.64690899985984], [-118.86506499991587, 37.646991000085215], [-118.86500999966431, 37.647004000077956], [-118.86487800031814, 37.64700800029411], [-118.86482399989146, 37.64709700006892], [-118.86488099979286, 37.64721100031199], [-118.86501300003734, 37.64735000019696], [-118.86503099958068, 37.64745500033159], [-118.86500600036464, 37.64765799983904], [-118.86501800006023, 37.64770699990681], [-118.86510000007597, 37.647754999898346], [-118.86529400024473, 37.64776100016181], [-118.8655650004064, 37.647837999943796], [-118.86576399969971, 37.64788499980845], [-118.86584800026361, 37.647852999873585], [-118.86608199971703, 37.64773300035062], [-118.86621899998437, 37.64777600010715], [-118.86631699989364, 37.64788499980845], [-118.86631000022098, 37.648069000233356], [-118.86640200028246, 37.64812200018612], [-118.86654500039761, 37.64818399973394], [-118.86670299968304, 37.648227999978204], [-118.86693299983682, 37.64827799970687], [-118.86700200033209, 37.648331000221766], [-118.86701700040072, 37.64840800012404], [-118.8670240000734, 37.648551000035695], [-118.86705000001267, 37.648652999799445], [-118.86710400043933, 37.64869999985957], [-118.86723699961041, 37.64877099990917], [-118.86742900012938, 37.64884199989095], [-118.86762999997082, 37.64898300033459], [-118.8677060001388, 37.64898599970554], [-118.86774999962142, 37.64901099967453], [-118.8677909996293, 37.64902900015912], [-118.86788100004097, 37.64901299972859], [-118.86792700007173, 37.648961999755855], [-118.86801099973732, 37.64893000028497], [-118.86826000015765, 37.648920000002995], [-118.8683830001813, 37.64896799992181], [-118.86839599970179, 37.6490119997016], [-118.86849399961109, 37.64909899986837], [-118.86859700044154, 37.64916600014809], [-118.86885500018442, 37.64918900000725], [-118.86905600002586, 37.64919200008115], [-118.86920699963862, 37.64922100007775], [-118.86948399964803, 37.64918099980963], [-118.86961599989252, 37.649157999947995], [-118.86976400003053, 37.6491599999981], [-118.8698689996125, 37.6491090001263], [-118.86994700032862, 37.649034000292964], [-118.87010999963692, 37.64900600025042], [-118.87028899973706, 37.64918099980963], [-118.87050399982223, 37.64916500012311], [-118.87053300013456, 37.649061000298566], [-118.87056099972364, 37.649038999715195], [-118.87063100004383, 37.6490270001055], [-118.87083000023547, 37.6491090001263], [-118.8710439995974, 37.649115000280375], [-118.87111200026779, 37.6489949999514], [-118.87104299977248, 37.64896399981122], [-118.87091999974882, 37.64892400011595], [-118.87082799968731, 37.64884600000809], [-118.87080199974807, 37.648787999710635], [-118.87078099983165, 37.64863299987072], [-118.87068399974727, 37.648511000117985], [-118.87062299964794, 37.64844399995864], [-118.87073599962584, 37.64831999982278], [-118.87074900004463, 37.64821000001077], [-118.87082199983955, 37.64816399967898], [-118.87098699969599, 37.64808099999784], [-118.87102299968099, 37.64799400006107], [-118.87111800011554, 37.6479209998965], [-118.87124199996411, 37.647938999934034], [-118.87127200010134, 37.6479889998572], [-118.87128499962182, 37.648043999947205], [-118.87139099992704, 37.64805400034719], [-118.87143000028509, 37.64801300012135], [-118.8716350003245, 37.64766400011038], [-118.87167700015729, 37.64748899982179], [-118.871619000431, 37.64744399980285], [-118.87149899988205, 37.64740199990284], [-118.87147600031584, 37.64732999991741], [-118.87151899997355, 37.64725399965945], [-118.87181600007446, 37.64712600017232], [-118.87186200010522, 37.6470489996522], [-118.87185100023457, 37.646944999709724], [-118.87182199992225, 37.64685100018359], [-118.87189899991516, 37.64678099977817], [-118.8720210001139, 37.64675799988456], [-118.87210300012964, 37.64677600020395], [-118.87220799971165, 37.64671400019202], [-118.87229499975027, 37.64669000021939], [-118.8724379998654, 37.64663699995605], [-118.8724799996982, 37.646587999893654], [-118.87253800032283, 37.646470999933214], [-118.8725430003457, 37.64641600010091], [-118.8724710003757, 37.646374000330894], [-118.87243100019269, 37.64618699977943], [-118.87250399998764, 37.64599499984166], [-118.87263200003416, 37.64582699966681], [-118.87273499996633, 37.64570200006923], [-118.87274599983698, 37.64552700013687], [-118.87267200021714, 37.64542899993777], [-118.87261799979045, 37.64534099966333], [-118.87271200040011, 37.64531499980479], [-118.87283600024867, 37.645323999784196], [-118.87289700034802, 37.64538600024509], [-118.87291900008934, 37.64547399975491], [-118.87298299966345, 37.64555399999484], [-118.87305200015871, 37.64558800035518], [-118.87316900033458, 37.64542799986252], [-118.87327399991659, 37.64537999978976], [-118.87341100018392, 37.64540699970115], [-118.87346100041263, 37.645347000121866], [-118.87362299989604, 37.64522000027161], [-118.87374400026987, 37.6452080000449], [-118.87382700011054, 37.64522499995058], [-118.87389599970751, 37.645195999816245], [-118.87398500029428, 37.644922999958986], [-118.87418399958759, 37.644834999796366], [-118.8744859997114, 37.644756999662036], [-118.87458799981864, 37.64468700012835], [-118.87462299997873, 37.64466499967191], [-118.87483999971371, 37.644698000354104], [-118.87497500033125, 37.64468900029884], [-118.87518700004337, 37.64463199968636], [-118.8753650003186, 37.64452699982877], [-118.87547699957328, 37.64447699970888], [-118.87573400038954, 37.644417000089696], [-118.87586900010874, 37.64437700007956], [-118.87596500036821, 37.64427600022479], [-118.8760640001024, 37.6441360001849], [-118.87620999969228, 37.64411599975118], [-118.87633400043916, 37.6441149996582], [-118.87642399995251, 37.64410799971844], [-118.87650099994543, 37.64407600029021], [-118.87656799989257, 37.643988999930116], [-118.8765910003571, 37.64390100008363], [-118.87661700029636, 37.64382499987361], [-118.87665999995409, 37.64375699965723], [-118.87672799972614, 37.64366399975215], [-118.87681200029004, 37.643598999688194], [-118.87689599995562, 37.643542999762566], [-118.87698999966695, 37.643499999689425], [-118.87704599974344, 37.64346799999928], [-118.87707500005577, 37.643404999968894], [-118.87708000007864, 37.6433559999083], [-118.87714299982783, 37.64330200000733], [-118.87729000014092, 37.64321899987224], [-118.87757499964796, 37.64314900031186], [-118.8776419995951, 37.64309400015368], [-118.87762900007465, 37.64303400012873], [-118.87757899984594, 37.64296200017703], [-118.87753899966293, 37.642890000155596], [-118.87754399968583, 37.64281300022335], [-118.87759399991454, 37.642730999653516], [-118.87765500001389, 37.642654999669105], [-118.87763499992242, 37.64261600024588], [-118.87755899975444, 37.64260400030982], [-118.87746900024106, 37.64260099996982], [-118.87744900014958, 37.642561999806965], [-118.87746800041614, 37.64252399973807], [-118.87755100025683, 37.642484000131184], [-118.87756600032546, 37.64244499990691], [-118.8775079997008, 37.64240599966217], [-118.87743599973079, 37.64237500032846], [-118.87746300039329, 37.64226500024797], [-118.87757499964796, 37.64205000020229], [-118.87765099981597, 37.64188100022916], [-118.87770100004468, 37.64180199971421], [-118.87776100031911, 37.64175300001892], [-118.8778440001598, 37.641738000279936], [-118.87793299984826, 37.64176899987945], [-118.87803499995552, 37.641819999811936], [-118.87813200003987, 37.641846000182454], [-118.87823599979696, 37.641819999811936], [-118.87838899995783, 37.64174800010626], [-118.87853600027093, 37.641687000291164], [-118.87894600034974, 37.64157699990321], [-118.8791189997038, 37.64157400023307], [-118.8792660000169, 37.64161200007665], [-118.8793589999033, 37.641642999728695], [-118.87946600003345, 37.641649999900785], [-118.87950100019353, 37.641607000154494], [-118.87941699962963, 37.641539000041725], [-118.87936200027636, 37.64150600009009], [-118.87934899985757, 37.64146700006371], [-118.87938900004055, 37.64138500014208], [-118.87938999986544, 37.64133600017174], [-118.87938099964462, 37.641270000073455], [-118.87942699967539, 37.641216000078806], [-118.87946600003345, 37.64116099991215], [-118.87944699976686, 37.64110099974857], [-118.87938800021564, 37.641072000138244], [-118.87928899958311, 37.64105200030226], [-118.87925799962098, 37.64102400009601], [-118.87928699993327, 37.64096899978721], [-118.87945400033786, 37.64077099976106], [-118.87948699994982, 37.64070600001106], [-118.8794359998962, 37.64066100015082], [-118.8794429995689, 37.64062199968084], [-118.87950399966826, 37.64053599968468], [-118.87951500043724, 37.64049199986318], [-118.87947299970612, 37.64036500024853], [-118.8794850003, 37.64029299984399], [-118.87956200029289, 37.64023999999564], [-118.87976399995925, 37.64016300016204], [-118.87981699966271, 37.64010600034462], [-118.87984000012723, 37.64002400034345], [-118.8798729997392, 37.63993600006799], [-118.87989399965561, 37.63991499977665], [-118.87995599957988, 37.63990499970359], [-118.8800560000373, 37.63992499984837], [-118.88016599964217, 37.63997100030319], [-118.88046399956801, 37.6400850001014], [-118.88053999973597, 37.640091000273095], [-118.88072399985899, 37.6400410000128], [-118.88084100003486, 37.640057000242045], [-118.88093700029434, 37.64008000007648], [-118.88100900026434, 37.640107999927174], [-118.88107399966337, 37.64011199980333], [-118.8811170002194, 37.64007399990384], [-118.88111399984635, 37.640019000314425], [-118.88109100028011, 37.63998099965602], [-118.88102900035582, 37.63996900000567], [-118.88095599966258, 37.63997000015442], [-118.88090899980695, 37.63992599999775], [-118.88089000043865, 37.63983200012538], [-118.88092700024858, 37.63972299998825], [-118.8809849999749, 37.63961899974746], [-118.88104400042445, 37.63958400005778], [-118.88111300002143, 37.639595999770314], [-118.88121000010581, 37.63961999990097], [-118.88131999971066, 37.639595999770314], [-118.88144100008448, 37.63960099982781], [-118.88144500028245, 37.639567999726665], [-118.8814219998179, 37.63952600035279], [-118.88139199968069, 37.63948800015358], [-118.88142500019096, 37.63942199983624], [-118.88152899994805, 37.639360000088296], [-118.88167200006316, 37.6393319999557], [-118.8818999996688, 37.63929399965725], [-118.88196699961594, 37.63925700020907], [-118.88197800038492, 37.63919599977129], [-118.88193999985175, 37.639063999981914], [-118.88193800020194, 37.638969999730264], [-118.88200599997403, 37.63887200012828], [-118.8820829999669, 37.63883800025068], [-118.88216900018064, 37.63886599985814], [-118.88228499963328, 37.63891500003487], [-118.88238799956544, 37.63897599999206], [-118.88246999958119, 37.63898299970405], [-118.88253999990138, 37.63894300032462], [-118.8826040003738, 37.638877999686635], [-118.88260500019872, 37.638822999923136], [-118.8825559997949, 37.6387019998734], [-118.88249999971843, 37.63858500029629], [-118.88250100044166, 37.63851899988814], [-118.88253800025156, 37.638432000133584], [-118.88262799976494, 37.638388999947445], [-118.8826899996892, 37.63840899978896], [-118.88272999987221, 37.63845400030189], [-118.882771999705, 37.63859700017022], [-118.88280900041322, 37.63864699997961], [-118.88289800010166, 37.638705999825255], [-118.88293099971364, 37.638761999840376], [-118.88292099966787, 37.638899000271095], [-118.88296199967577, 37.63894300032462], [-118.88303000034618, 37.63897700015417], [-118.88309200027044, 37.63898899996475], [-118.88328700026412, 37.63890099988606], [-118.88340400043997, 37.63891100009426], [-118.8834479999226, 37.63894499993846], [-118.8834479999226, 37.63898299970405], [-118.88342899965602, 37.63903199980368], [-118.88345899979323, 37.63908200003168], [-118.8834970003264, 37.63910500016796], [-118.8835819998169, 37.63914100024325], [-118.88362700002274, 37.639174999982195], [-118.88360799975617, 37.639223999955135], [-118.88357599996911, 37.63927799997504], [-118.88358799966468, 37.639339000345494], [-118.88394599986495, 37.63957500009423], [-118.88404899979712, 37.63961499984476], [-118.88409800020091, 37.63958799996215], [-118.88413099981288, 37.63948699999828], [-118.88423499956995, 37.63948800015358], [-118.88438199988306, 37.63953199985827], [-118.88443100028685, 37.639521000290245], [-118.88446600044696, 37.63949399966212], [-118.88449800023402, 37.6394340002863], [-118.88460500036413, 37.63943300013028], [-118.88469800025057, 37.6394669997356], [-118.88477400041852, 37.639460000069214], [-118.88482399974893, 37.63939999995452], [-118.88483200014485, 37.639322999961614], [-118.88482299992401, 37.63926799981624], [-118.88489999991691, 37.639208999705524], [-118.88499700000129, 37.639223999955135], [-118.88509999993346, 37.63923100035512], [-118.88518399959905, 37.63918500015351], [-118.88524399987352, 37.6391199997272], [-118.88530699962268, 37.63909399982529], [-118.88540299988216, 37.639114000188385], [-118.88550099979146, 37.639220000031166], [-118.88561100029463, 37.63925200012843], [-118.88578000034903, 37.63927000013264], [-118.88589400015184, 37.63925799965609], [-118.8858999999996, 37.63928599981658], [-118.88587499988525, 37.63933499971636], [-118.88588199955797, 37.63935700032864], [-118.88604099956663, 37.639351000097605], [-118.88616899961315, 37.63933599987364], [-118.88624499978113, 37.63930200020843], [-118.88630900025352, 37.639247000047455], [-118.88630400023065, 37.63915400018711], [-118.88631599992623, 37.639076999939256], [-118.8863900004444, 37.639029000030774], [-118.88650900027007, 37.638939999836815], [-118.88658999956262, 37.63885799997138], [-118.88666800027873, 37.63879699991735], [-118.88679200012729, 37.638792999970335], [-118.88689500005945, 37.63880200002862], [-118.88702899995376, 37.63870000025302], [-118.88712500021323, 37.63872000001086], [-118.88726999997817, 37.63874200009389], [-118.88745199955305, 37.63878500007572], [-118.88757999959958, 37.63878200029284], [-118.88768300043004, 37.638791000352455], [-118.88773799978331, 37.63881899997758], [-118.88774500035433, 37.63895699975421], [-118.88779300003489, 37.63897899976705], [-118.88789699979198, 37.638978000316335], [-118.88802900003647, 37.63893000034384], [-118.88803099968628, 37.63884799975605], [-118.88819700026595, 37.638661000176334], [-118.88828400030458, 37.63863699973588], [-118.88840099958212, 37.638661000176334], [-118.88851399956005, 37.638692999803006], [-118.88863800030693, 37.63872200034202], [-118.88876999965309, 37.63870400020504], [-118.88883699960023, 37.638649999767935], [-118.88889400039994, 37.63857200025286], [-118.8889830000884, 37.638561999999034], [-118.88915399979265, 37.638660000009914], [-118.88934299993853, 37.63872000001086], [-118.88950199994717, 37.638712000108384], [-118.88963400019166, 37.638688999850444], [-118.88972999955283, 37.638709000322564], [-118.88981199956856, 37.63873199986294], [-118.88989600013247, 37.63870099970753], [-118.88991500039904, 37.63860200029495], [-118.88990100015533, 37.63844799999798], [-118.88994200016323, 37.63833100002088], [-118.89001800033121, 37.63830899981615], [-118.89006900038484, 37.638382000179455], [-118.8900810000804, 37.63844199969353], [-118.89015100040059, 37.63854499999127], [-118.8902199999976, 37.63857299970909], [-118.89034399984612, 37.63857799983544], [-118.89042699968682, 37.63856800029379], [-118.89049399963396, 37.638508000170084], [-118.89053100034222, 37.638403999651246], [-118.89065299964263, 37.63834800007761], [-118.89090200006298, 37.638327000048825], [-118.89122000008027, 37.63832000027499], [-118.89151800000612, 37.638266999730504], [-118.89177499992405, 37.63820700007509], [-118.89195200037437, 37.63817900021934], [-118.89213200029944, 37.638174000066144], [-118.89228999958488, 37.63818700017921], [-118.89258099983803, 37.638158000142745], [-118.89265600018109, 37.63819399996552], [-118.89269200016612, 37.63826600027015], [-118.89270499968657, 37.63834400010648], [-118.8927900000754, 37.63841100012849], [-118.89289899985535, 37.63844799999798], [-118.89299000009193, 37.638432000133584], [-118.89307399975752, 37.63838399980839], [-118.89316099979615, 37.63834400010648], [-118.89320199980405, 37.638349999707465], [-118.89325299985765, 37.63838700031865], [-118.8932989998884, 37.63848099988524], [-118.89336800038372, 37.63850400020756], [-118.89367200015732, 37.638486000017764], [-118.89374099975427, 37.63851399975783], [-118.89377500008949, 37.63867699999136], [-118.8938470000595, 37.638723999961755], [-118.89394300031897, 37.638739000309286], [-118.89408200023614, 37.63872200034202], [-118.89423399967379, 37.63873000024342], [-118.89428899992537, 37.63874200009389], [-118.89433699960595, 37.63874499987838], [-118.89456299956176, 37.63883099981366], [-118.89469499980623, 37.638821000306066], [-118.89477099997421, 37.63879500029953], [-118.89479299971553, 37.63875699972642], [-118.89483299989851, 37.63864199985791], [-118.89488899997501, 37.63862600003529], [-118.89495699974707, 37.63867400020419], [-118.8951579995885, 37.63878900002316], [-118.89581299988971, 37.63899900016116], [-118.89607700037868, 37.63910900009812], [-118.89640200006868, 37.63926200028938], [-118.89662399982656, 37.6393830001385], [-118.8969650003084, 37.639541999981546], [-118.89714000021057, 37.63960400028896], [-118.89723700029495, 37.63961899974746], [-118.89731299956462, 37.639607000038644], [-118.89738999955752, 37.63956399982121], [-118.89746999992346, 37.63952900010556], [-118.89754899956618, 37.63955499985524], [-118.89761600041163, 37.63966300008599], [-118.89778899976568, 37.639777999796785], [-118.8978740001545, 37.63988900015296], [-118.89791400033747, 37.639917000075634], [-118.89802499976724, 37.639899000228176], [-118.89812600004957, 37.639857000330075], [-118.89823099963158, 37.63982800023409], [-118.89827800038555, 37.63985399987912], [-118.89829400027908, 37.639910999889885], [-118.89827199963945, 37.63999099971885], [-118.89827400018758, 37.640048000335796], [-118.89829299955584, 37.640120000266414], [-118.8983260000661, 37.64020600003278], [-118.8984239999754, 37.640290000122015], [-118.89854000032636, 37.640370999686255], [-118.89863200038786, 37.640420999724526], [-118.89878399982554, 37.64042400015251], [-118.89890199982631, 37.64041699986493], [-118.89897700016937, 37.64043699987187], [-118.89905199961413, 37.64049300000494], [-118.8991830000337, 37.64052799997774], [-118.89934799989013, 37.64053299997251], [-118.89952399961722, 37.640562999934055], [-118.89983199958883, 37.640668999843435], [-118.8999360002442, 37.64068600007654], [-118.90017999974334, 37.64073599990274], [-118.9003529999957, 37.64073300019865], [-118.90048799971493, 37.6407130002714], [-118.90059900004302, 37.64067600010726], [-118.90074600035608, 37.640604000004195], [-118.90089600014393, 37.64052099969997], [-118.90099099968018, 37.64046300001513], [-118.90266299978254, 37.64109699992566], [-118.90312899993785, 37.64127299975587], [-118.90495400020106, 37.64197699988649], [-118.90647200031765, 37.64258599969078], [-118.90725999978991, 37.64288599971762], [-118.90787300025833, 37.6431530000243], [-118.90933799977314, 37.643722999881355], [-118.90961800015562, 37.6437819999637], [-118.90975200004992, 37.64373400024987], [-118.90996600031016, 37.643634000331616], [-118.91039099955928, 37.64338299984407], [-118.91048299962078, 37.643326999755615], [-118.91069699988104, 37.6431960002983], [-118.91092500038498, 37.64307099982977], [-118.91127600001427, 37.642851000144475], [-118.9114760000308, 37.64273799972303], [-118.91162400016881, 37.6426670003082], [-118.91190500037621, 37.64253199994139], [-118.91240800034144, 37.64232899993956], [-118.9126870000007, 37.6422319999075], [-118.9130939997065, 37.64210900019074], [-118.91381000010705, 37.64193400032947], [-118.9147499999153, 37.64172700032714], [-118.91523899963684, 37.64160100010519], [-118.91553099971489, 37.64152599980391], [-118.91581000027246, 37.6414690003209], [-118.9164959996375, 37.64132600028996], [-118.91702600026524, 37.64121200026208], [-118.91768599969102, 37.64105399985929], [-118.91778500032352, 37.6410360002873], [-118.91788300023282, 37.64101699986498], [-118.91863300007024, 37.64087499981188], [-118.92041700032561, 37.64048099972594], [-118.92062499983976, 37.64067600010726], [-118.92070799968042, 37.64073400033716], [-118.92089699982631, 37.6408110002903], [-118.92119399992725, 37.64087099997674], [-118.92146799956362, 37.64090800004376], [-118.92215300000206, 37.640982000122555], [-118.92320199959026, 37.64112600023757], [-118.92351600030791, 37.64118500024853], [-118.92455300020055, 37.64151900033146], [-118.92532399995439, 37.64172700032714], [-118.92632099966404, 37.642027000266424], [-118.92709399996605, 37.642243999903656], [-118.92801500040603, 37.642463999964], [-118.92822999959287, 37.64254399988909], [-118.92915699988065, 37.64297199983859], [-118.92955199989086, 37.64318900027194], [-118.93036899967547, 37.64368900008992], [-118.93043999982055, 37.64374900029714], [-118.93050400029298, 37.64382200029424], [-118.93055699999643, 37.64389999998776], [-118.93058899978348, 37.6439709996467], [-118.93068500004294, 37.64427099977063], [-118.93073299972352, 37.64434600014579], [-118.93128099989461, 37.645052999846804], [-118.9313920002227, 37.64518100006118], [-118.93152699994192, 37.64531699995837], [-118.93234700009957, 37.6460200001062], [-118.93248199981878, 37.646173000289764], [-118.93259499979666, 37.64634299980798], [-118.93265699972095, 37.64641600010091], [-118.93272100019338, 37.646469999872], [-118.93299400000484, 37.646662000004454], [-118.9335470001988, 37.647009000348135], [-118.93402800042274, 37.64735000019696], [-118.93570899984762, 37.64859800016037], [-118.9360119997963, 37.64885100015425], [-118.9365180001346, 37.64920399966413], [-118.93687799998473, 37.649500999928755], [-118.93717000006275, 37.649775000046304], [-118.93705700008485, 37.65494299998094], [-118.9370529998869, 37.65535399988563], [-118.93701199987903, 37.65925700017816], [-118.94533899988048, 37.659235999660204], [-118.94555399996565, 37.65923499977088], [-118.94754800028328, 37.659226999944366], [-118.94856599990932, 37.659239999928644], [-118.95030800033187, 37.65926300022345], [-118.95065599958811, 37.65926699977926], [-118.95249300044522, 37.65929099995435], [-118.95522800037946, 37.659327000202346], [-118.95552499958207, 37.659330999754765], [-118.9656650001512, 37.659330999754765], [-118.96595499968112, 37.659330999754765], [-118.96596700027501, 37.65946700005277], [-118.96585299957387, 37.659592999834686], [-118.96582099978681, 37.65964600009668], [-118.9657210002277, 37.66001899991791], [-118.96568299969455, 37.66011500031033], [-118.96563500001399, 37.660386999918266], [-118.96560400005183, 37.660449999766406], [-118.96556399986888, 37.66050300012774], [-118.96545400026403, 37.66060499983112], [-118.96505500005584, 37.660852000247324], [-118.964713999574, 37.6611280001663], [-118.96438399986111, 37.66131199977922], [-118.96428599995181, 37.66134699989747], [-118.96398499965295, 37.66138399972006], [-118.96370199979572, 37.661449999723025], [-118.96350099995425, 37.661538999968066], [-118.96315299979973, 37.66167499977692], [-118.96302899995116, 37.661741000232304], [-118.9628909998589, 37.66183199983726], [-118.96276299981238, 37.661942999946824], [-118.96265099965937, 37.66205899985831], [-118.9625310000088, 37.662205000053255], [-118.9623700003503, 37.66244899987449], [-118.96211900028015, 37.6629050001067], [-118.96196000027149, 37.6632479998779], [-118.96191199969259, 37.66338400011137], [-118.96187999990553, 37.663538999738954], [-118.96187999990553, 37.66365599983075], [-118.96197899963973, 37.66415499998719], [-118.96203399989133, 37.66468799978236], [-118.96208900014291, 37.664890000010736], [-118.96214199984637, 37.665142000151675], [-118.96219799992285, 37.66530699987351], [-118.96228300031167, 37.665482000125884], [-118.96234500023596, 37.66557499973044], [-118.96241600038107, 37.665774000274425], [-118.96245700038894, 37.66584099973004], [-118.9625100000924, 37.665900999817424], [-118.96259299993305, 37.66603499986111], [-118.96261200019964, 37.66610899979214], [-118.9626020001539, 37.666261999828855], [-118.96257700003953, 37.66636499994545], [-118.96257899968937, 37.66641699984651], [-118.96264499981162, 37.66674500007821], [-118.9626869996444, 37.66688900001695], [-118.96275299976662, 37.66700299974062], [-118.96282999975952, 37.66711300015636], [-118.96294600011048, 37.667234999922506], [-118.96302999977608, 37.66728600014419], [-118.96316000037073, 37.667325999903156], [-118.96331099998348, 37.66735799997919], [-118.96343900003, 37.6673969999199], [-118.96358899981782, 37.66747499973986], [-118.96369900032099, 37.667505999973734], [-118.96392799975152, 37.66754799988002], [-118.96423300024836, 37.66757399977618], [-118.96435700009692, 37.66757200022209], [-118.96446400022704, 37.667581000348406], [-118.96462700043368, 37.667620000171894], [-118.96478300006927, 37.66770000001929], [-118.96481400003142, 37.66772800012329], [-118.96491600013864, 37.66776300006065], [-118.96488199980348, 37.66793599995555], [-118.96479499976485, 37.66807299990268], [-118.96475600030512, 37.66815800024102], [-118.96474200006139, 37.66823899998764], [-118.96474500043445, 37.668345999982726], [-118.96482499990206, 37.668677999982314], [-118.96486199971201, 37.668746999894324], [-118.9649260001844, 37.6689800000713], [-118.96497899988786, 37.669301999697765], [-118.9650309997664, 37.669505999670065], [-118.96503599978927, 37.669709000044435], [-118.96500400000221, 37.66994200004539], [-118.96495100029875, 37.67014799987639], [-118.96494799992573, 37.67021199971434], [-118.96495899979637, 37.67031200010621], [-118.96498300008581, 37.67041199965222], [-118.9650240000937, 37.67049400023179], [-118.96521700043756, 37.67076100011228], [-118.9653129997987, 37.67097100015032], [-118.96537100042333, 37.67107700003186], [-118.96546400030974, 37.67118599965822], [-118.96566400032629, 37.67135100016445], [-118.96585599994692, 37.67145299989314], [-118.96640599976782, 37.67162700015242], [-118.96659200043898, 37.671698000320795], [-118.9668610000525, 37.67182600011224], [-118.96713200021412, 37.672003000071165], [-118.96781799957917, 37.672355000008174], [-118.96803500021248, 37.672443000264835], [-118.96821099993957, 37.672532000127404], [-118.96847000040565, 37.672691000103434], [-118.96859000005625, 37.6727989997856], [-118.96859699972894, 37.672723999706996], [-118.9685309996067, 37.67249599988427], [-118.96851700026133, 37.672397999726506], [-118.96856900013984, 37.67226399979464], [-118.96864799978258, 37.67215399990322], [-118.96871999975258, 37.67209199975036], [-118.96879799957038, 37.672003000071165], [-118.96898800043952, 37.67182600011224], [-118.96905100018871, 37.6717459997352], [-118.96913999987717, 37.671675000323745], [-118.96924600018238, 37.67162700015242], [-118.96945700006955, 37.67150600021965], [-118.96957599989526, 37.671462000259815], [-118.96976400021623, 37.671421999885894], [-118.9698670001484, 37.67136400015863], [-118.96995099981399, 37.67130100032992], [-118.97021899960258, 37.67116600011063], [-118.97053800034311, 37.67101699986261], [-118.97170099973414, 37.66996400012362], [-118.97192300039029, 37.66977400000842], [-118.97228599971513, 37.669759999988145], [-118.97296299975766, 37.669763999689465], [-118.97343899995872, 37.669799000088794], [-118.97353799969294, 37.669813000101705], [-118.97363800015036, 37.66984799976681], [-118.97390000009118, 37.670011999948535], [-118.97441800012503, 37.670299999668096], [-118.97457799995858, 37.670340999675524], [-118.97502900004531, 37.670378999731575], [-118.97529600000901, 37.67041999969541], [-118.97542800025349, 37.67042199988385], [-118.97572899965404, 37.67039799975231], [-118.97581900006573, 37.6703720001344], [-118.97590500027945, 37.67031799996896], [-118.97599099959487, 37.670235999906026], [-118.97606000009014, 37.670141000257374], [-118.97635200016819, 37.66988999976982], [-118.9766269996295, 37.66969100030688], [-118.97691100020994, 37.66943800021568], [-118.97706199982267, 37.66934400000979], [-118.97723900027299, 37.669277999915096], [-118.97745900038103, 37.66921699995858], [-118.9776629996972, 37.66912699991949], [-118.97772700016964, 37.669077999765435], [-118.97785000019327, 37.66895099997011], [-118.97796900001897, 37.668782999822945], [-118.97808000034705, 37.66852400018427], [-118.9781399997232, 37.66828799998461], [-118.97815800016485, 37.66817000031442], [-118.97815300014199, 37.66805900027261], [-118.97817300023345, 37.66779700020744], [-118.97817400005837, 37.66742500013822], [-118.97820599984543, 37.66733100022702], [-118.97827199996767, 37.667248999707994], [-118.978365999679, 37.66718800021702], [-118.97848299985488, 37.66715200022582], [-118.97901599995734, 37.66709799985071], [-118.97988799999351, 37.66688900001695], [-118.98021600005657, 37.666839999807436], [-118.98051300015752, 37.66684299987922], [-118.98065399972451, 37.66687299987952], [-118.98073800028841, 37.66691100028911], [-118.98084200004547, 37.66699299975938], [-118.9808770002056, 37.667038000019865], [-118.98096099987119, 37.667188999999276], [-118.98107999969685, 37.667326999683496], [-118.98119199984984, 37.66743800010899], [-118.98194199968731, 37.66838299987202], [-118.98230200043574, 37.668913999652894], [-118.98250400010208, 37.669111000264536], [-118.9825750002472, 37.66920299983329], [-118.98274900032447, 37.6695249999143], [-118.98278100011153, 37.66969299980394], [-118.98279700000505, 37.66990599996791], [-118.98278500030948, 37.67007399970607], [-118.9827159998142, 37.67035000017706], [-118.9824899998584, 37.670945999753684], [-118.98265700026296, 37.67103400025912], [-118.98278199993645, 37.671127000017314], [-118.98309300028104, 37.671302999783556], [-118.98352400027626, 37.671488000206956], [-118.98362200018556, 37.671522000069324], [-118.98377600017136, 37.671557000350525], [-118.98428499998438, 37.67161900023934], [-118.98438600026672, 37.671660000229096], [-118.98456399964363, 37.67175200019306], [-118.98474799976667, 37.67187299972471], [-118.98479700017046, 37.67191400028518], [-118.9848440000261, 37.67198500017896], [-118.98523599966329, 37.67189400022273], [-118.98540100041804, 37.67184300032347], [-118.98559999971134, 37.67175000004047], [-118.98558399981783, 37.671867999706855], [-118.98544900009861, 37.672133000189824], [-118.9853920001972, 37.672201000019], [-118.98526099977765, 37.67229099988529], [-118.9852089998991, 37.6723370002014], [-118.98518200013494, 37.672379000217845], [-118.98514799979972, 37.67246399989051], [-118.98513600010418, 37.67263399965482], [-118.98514500032499, 37.672851000155845], [-118.98512199986047, 37.67315899996084], [-118.98508699970036, 37.673296999920474], [-118.98508500005055, 37.67344099994475], [-118.98514100012704, 37.673742999848514], [-118.98516100021853, 37.674090999884996], [-118.98518600033289, 37.67419399980138], [-118.98526400015068, 37.67438800013928], [-118.9853140003794, 37.674483999723066], [-118.98540499971769, 37.674579999893616], [-118.98547300038807, 37.67461900030518], [-118.98568099990221, 37.67466400020766], [-118.98603200042979, 37.67467100011102], [-118.98617700019474, 37.67469100013602], [-118.98631199991397, 37.67472400027214], [-118.98644300033355, 37.67474600035474], [-118.98700099965207, 37.67479199985997], [-118.9873610004005, 37.6748060003529], [-118.98758700035627, 37.67480700003254], [-118.98798400001633, 37.67477600000441], [-118.98814499967479, 37.67474400028285], [-118.988395999745, 37.67466000005942], [-118.9886379995943, 37.67454800008759], [-118.98873499967867, 37.67452599994629], [-118.98881800041768, 37.674525000262875], [-118.99032200029055, 37.674374000278455], [-118.99033999983389, 37.674424000175485], [-118.99044299976606, 37.67460499977697], [-118.99054300022347, 37.674749000106914], [-118.99064100013275, 37.67487100011845], [-118.99076300033151, 37.67498899979884], [-118.99116699966422, 37.67519099972004], [-118.99159900038268, 37.67536800018446], [-118.99178900035348, 37.675426000337175], [-118.99198599999697, 37.67546699964551], [-118.9921869998384, 37.67549199994096], [-118.9925850002217, 37.675498999766205], [-118.99280000030684, 37.675478999959005], [-118.9935789995583, 37.675325000054194], [-118.99409199956928, 37.67524900001111], [-118.99424399990524, 37.67520700019713], [-118.99455600007475, 37.67507100029777], [-118.99519100028449, 37.67474700003512], [-118.99573600008253, 37.674431999786165], [-118.99621399993343, 37.67418600016509], [-118.99685599981585, 37.67386200030409], [-118.99704099976375, 37.67376500022198], [-118.99723800030559, 37.67368499980225], [-118.99744499999481, 37.673621000115425], [-118.99775799998925, 37.673560000173666], [-118.99798300012014, 37.6735370000427], [-118.99818200031179, 37.67352700023084], [-118.99835100036618, 37.67353099972913], [-118.99871000039137, 37.6735629999738], [-118.99883699971467, 37.67359000030278], [-118.99896399993627, 37.67364000001707], [-118.99909700000566, 37.67370399968756], [-118.99934300005297, 37.67387099966759], [-118.99943500011447, 37.673952999979996], [-118.99955899996304, 37.67410400011013], [-118.99971499959865, 37.67433199996919], [-118.999739999713, 37.67439399967254], [-118.99974899993381, 37.67447600011799], [-118.99973100039047, 37.675008999738125], [-118.99969700005529, 37.6751630002988], [-118.99964600000165, 37.67527900016842], [-118.99959300029823, 37.67535500018079], [-118.99910000037872, 37.67584399968028], [-118.99867900042923, 37.67619500022173], [-118.99808299967927, 37.67677100031957], [-118.9978319996091, 37.67705399973415], [-118.99763300031577, 37.67730500016323], [-118.9968740002575, 37.678453000037926], [-118.99639300003358, 37.679221999831306], [-118.99615500038219, 37.679711999763356], [-118.99608099986402, 37.679834999757546], [-118.99596600023631, 37.680073000132566], [-118.99588199967238, 37.68019499992126], [-118.99554199991377, 37.68059000004598], [-118.99543200030892, 37.68069100027118], [-118.9953469999201, 37.68079400026771], [-118.99514400042885, 37.681073999770184], [-118.99502999972769, 37.68120400034791], [-118.99491299955183, 37.68131300002785], [-118.99455900044781, 37.68159099981689], [-118.99469300034214, 37.68167500001366], [-118.99471799955816, 37.68170200023442], [-118.99478700005346, 37.681776999769205], [-118.99494500023721, 37.681913000173054], [-118.99503899994855, 37.681944999646376], [-118.9951360000329, 37.681952999867995], [-118.99523300011728, 37.68194400006293], [-118.99537000038465, 37.68190199977326], [-118.99555000030969, 37.68178699989107], [-118.99564400002102, 37.68170499970541], [-118.9958880004185, 37.681455999834654], [-118.99614100013848, 37.681103000110205], [-118.99619999968972, 37.6810459997253], [-118.99633500030723, 37.68095599981414], [-118.99665999999725, 37.68084900022802], [-118.99681099961, 37.6807919996479], [-118.99695399972512, 37.68072700009292], [-118.99715999958944, 37.68059099964763], [-118.99724499997826, 37.680522000084345], [-118.99743900014704, 37.680396000283515], [-118.99781999991355, 37.68022300028734], [-118.99799900001369, 37.68015100013716], [-118.9983179998559, 37.68005800031367], [-118.9985930002155, 37.67996700030479], [-118.99876499974467, 37.679923999996156], [-118.9988869999434, 37.67987899972907], [-118.99938200041103, 37.679731000238185], [-118.9998169997059, 37.67968700017889], [-119.00008200001976, 37.67969400031934], [-119.00037499992273, 37.67972699965215], [-119.00068799991718, 37.67972799997646], [-119.00101900035328, 37.679674000220984], [-119.00129700018762, 37.67967200028195], [-119.00178699973408, 37.67971399970131], [-119.00196300035948, 37.67974499979914], [-119.00203500032951, 37.67977700020765], [-119.00228700022458, 37.67994000016348], [-119.00241000024822, 37.67998000021135], [-119.00254499996744, 37.67999199979491], [-119.00274099978604, 37.67997600034972], [-119.0030210001685, 37.67992700024996], [-119.00324899977413, 37.679896000228126], [-119.00339199988927, 37.67989800016113], [-119.00358699988294, 37.6799369999102], [-119.0038039996179, 37.68000900026807], [-119.00387700031118, 37.680049999887686], [-119.00397299967231, 37.68016200008559], [-119.00401100020547, 37.68029200012867], [-119.00399600013687, 37.680421000340026], [-119.00400500035768, 37.680561999818416], [-119.00406200025911, 37.68074800021788], [-119.00412099981033, 37.68086799970068], [-119.00419500032848, 37.68098300029664], [-119.00428400001694, 37.681089999689526], [-119.00438600012421, 37.68119000035133], [-119.00449400007925, 37.681274999883684], [-119.00462100030083, 37.68135400034864], [-119.00545900000184, 37.6817359996822], [-119.00564700032282, 37.68177899965149], [-119.00562600040641, 37.681848999763154], [-119.00561499963746, 37.68202799985997], [-119.00567900010985, 37.68233400009348], [-119.0056749999119, 37.68250200013103], [-119.00564999979754, 37.6826660000715], [-119.00564999979754, 37.683022999875995], [-119.00563599955383, 37.68312600018924], [-119.0056320002542, 37.683246000090804], [-119.00560700013982, 37.683396000227994], [-119.00553699981964, 37.683573000312485], [-119.00547900009332, 37.68367500030194], [-119.00544700030629, 37.683758000001674], [-119.0054420002834, 37.68384000005063], [-119.00547599972029, 37.684056000213836], [-119.005493000337, 37.684102000345085], [-119.0055400001927, 37.684149000001554], [-119.00581999967686, 37.68427199974809], [-119.00621899988502, 37.68438000034569], [-119.00643599962001, 37.684459999897065], [-119.0066399998345, 37.68459000022818], [-119.00681800010973, 37.684722999680346], [-119.00689099990468, 37.6847619997364], [-119.0070390000427, 37.68480699988495], [-119.00724999992987, 37.684853999805625], [-119.00737100030372, 37.684895000302014], [-119.00769599999369, 37.68487699998282], [-119.00785199962931, 37.684845999896886], [-119.00799100044482, 37.68478900025537], [-119.00810000022474, 37.68469599984828], [-119.00835600031779, 37.68454399968863], [-119.00847099994553, 37.68445900034756], [-119.00896600041318, 37.684182999749595], [-119.00909199991155, 37.68412600030951], [-119.00922499998093, 37.68409300008986], [-119.0098009997411, 37.68407799966201], [-119.01004400031367, 37.684056000213836], [-119.01029000036095, 37.68399899996528], [-119.01083199978595, 37.68384800006787], [-119.0110810002063, 37.683806000145324], [-119.01132600042867, 37.6837950000263], [-119.01157099975276, 37.68380400031773], [-119.01180599992938, 37.6838380002239], [-119.01291499979205, 37.684096999729455], [-119.01298599993716, 37.683841999877295], [-119.0131519996185, 37.68353999984681], [-119.01328700023605, 37.68332699971912], [-119.01336599987873, 37.68319200005251], [-119.0135170003898, 37.68310500002653], [-119.0137070003606, 37.682946000328315], [-119.01381000029274, 37.682827000223874], [-119.01398400037004, 37.68260499974582], [-119.0142220000214, 37.68239199977707], [-119.01454699971143, 37.68217000012995], [-119.01494300044484, 37.68209000024158], [-119.01541299989982, 37.68191800022497], [-119.01571199965056, 37.68177300000451], [-119.01597299976648, 37.68165499973849], [-119.01626599966944, 37.68163099968547], [-119.01679700012208, 37.681535999695804], [-119.01736799985939, 37.681488000216014], [-119.01763700037122, 37.68160700033569], [-119.0177920001819, 37.681776999769205], [-119.01788500006835, 37.681810999893564], [-119.01797799995475, 37.68181900012964], [-119.0180230001606, 37.681810999893564], [-119.0182130001314, 37.68174300034026], [-119.01832399956118, 37.68172899973444], [-119.01851600008008, 37.68174300034026], [-119.01863699955561, 37.68177499988691], [-119.01879999976224, 37.68185199993911], [-119.0189450004255, 37.68190199977326], [-119.01904199961157, 37.68192000010345], [-119.01913899969594, 37.68192800032778], [-119.01982300030947, 37.68192800032778], [-119.02005599993795, 37.68194299976856], [-119.02057800016979, 37.68201700018817], [-119.02064699976677, 37.68203499977951], [-119.02078599968394, 37.68209599986298], [-119.02115800012793, 37.682379999870726], [-119.02127399958057, 37.68248200007877], [-119.02136200034242, 37.68254099993296], [-119.02184199984315, 37.68280400012197], [-119.02241699977839, 37.68315600000506], [-119.02277499997871, 37.683406000131555], [-119.02284399957566, 37.68348100007627], [-119.02290899987301, 37.68356799966125], [-119.02305399963797, 37.68379999995135], [-119.02313200035405, 37.68389300006005], [-119.02322799971525, 37.68398100013958], [-119.02334200041635, 37.68407099993526], [-119.02344600017344, 37.68417900011458], [-119.02346799991476, 37.68423800004086], [-119.02345500039426, 37.684293000291284], [-119.02338599989896, 37.684412999726774], [-119.02337900022629, 37.684439999661855], [-119.02338599989896, 37.684516999791406], [-119.02341799968602, 37.684584999645445], [-119.02359500013635, 37.68488199983493], [-119.02365100021282, 37.684993000304225], [-119.02366200008349, 37.685097000266495], [-119.02364500036506, 37.6852219996523], [-119.0235850000906, 37.6853399999313], [-119.02350300007481, 37.685458000022585], [-119.0234930000291, 37.685497999938676], [-119.02346299989186, 37.68590299982868], [-119.02340799964028, 37.68611800014428], [-119.02333300019554, 37.68628999966369], [-119.02327700011901, 37.68646200020599], [-119.02322299969235, 37.68674299987017], [-119.02321400036985, 37.686969999760024], [-119.02323600011114, 37.68721999982758], [-119.02323600011114, 37.6875159999099], [-119.02317099981381, 37.68780500014737], [-119.0230500003383, 37.68817699970054], [-119.02303299972154, 37.688319999781385], [-119.0230510001632, 37.68846499999937], [-119.02310999971445, 37.68866099968169], [-119.02316699961587, 37.68877699977194], [-119.02322299969235, 37.688843999784275], [-119.02329600038559, 37.68891000024656], [-119.02357699969468, 37.68911700021677], [-119.02366799993128, 37.689207000178186], [-119.0237199998098, 37.68932400032008], [-119.0237259996576, 37.689404999708714], [-119.02367600032721, 37.689579999999054], [-119.02367799997701, 37.68962500006786], [-119.02371099958899, 37.68970400017005], [-119.02388899986421, 37.68992799967827], [-119.02416500004873, 37.69021299973735], [-119.02445399975375, 37.69047199972908], [-119.02453999996747, 37.690522000150274], [-119.02463799987676, 37.69055599982028], [-119.02478799966457, 37.69057499964999], [-119.02489700034283, 37.69055800017675], [-119.0252260002308, 37.690397999925295], [-119.02536599997289, 37.69035200014453], [-119.02554000005017, 37.69033200007641], [-119.0257109997544, 37.69034100028547], [-119.02591900016685, 37.690393999914555], [-119.02622899978824, 37.69049000011203], [-119.02627999984189, 37.69049599976484], [-119.02656199987419, 37.69047000008118], [-119.02697799980078, 37.69045699988048], [-119.02730699968875, 37.69046899990174], [-119.0273579997424, 37.690478000094174], [-119.02740999962091, 37.69050200012799], [-119.02744399995613, 37.69054600016985], [-119.02743800010833, 37.69059800018565], [-119.02741200016905, 37.69062299964713], [-119.02726999987883, 37.69071699990691], [-119.02712000009103, 37.69086299987756], [-119.02656600007214, 37.69157699989774], [-119.02648900007927, 37.691675999763994], [-119.02625999975038, 37.692016999871484], [-119.02609700044208, 37.692234999989886], [-119.02596199982455, 37.69247899987745], [-119.02583399977803, 37.69279300011874], [-119.02584200017395, 37.693022000262125], [-119.02580000034116, 37.69312299990817], [-119.02566300007382, 37.69329199981762], [-119.02560100014955, 37.69338399996811], [-119.02555900031675, 37.6934749998656], [-119.02554199969998, 37.693535000354], [-119.0255350000273, 37.69365400033794], [-119.02554699972286, 37.69370900000312], [-119.02561600021815, 37.693828999841884], [-119.02591499996889, 37.69414099979327], [-119.0262170000927, 37.694491999768665], [-119.02633599991839, 37.694746999966355], [-119.02641200008634, 37.69483000007012], [-119.02667099965413, 37.694957000348715], [-119.02668900009579, 37.69497900011746], [-119.0267049999893, 37.69505300032546], [-119.02668300024801, 37.695222000100905], [-119.0267459999972, 37.6954239996594], [-119.02673299957839, 37.69550799982757], [-119.02669300029376, 37.69558999967991], [-119.02661999960051, 37.69570099976029], [-119.02658399961548, 37.695805999741026], [-119.02637899957608, 37.69603100011296], [-119.02636000020782, 37.696127000120704], [-119.02632099984976, 37.696175000077936], [-119.02624600040501, 37.69619299978736], [-119.02620899969678, 37.69643299976005], [-119.02620299984899, 37.69658499971997], [-119.0261760000848, 37.696675999953726], [-119.02611699963526, 37.69674400003206], [-119.02607599962737, 37.69683600016418], [-119.02606899995469, 37.69695100016879], [-119.02613699972675, 37.697181000353645], [-119.02622299994046, 37.6972789997583], [-119.02629800028352, 37.69731700023237], [-119.02669599976849, 37.697417999714304], [-119.02720399975658, 37.69760700002909], [-119.02745200035204, 37.69772900011926], [-119.02790199971551, 37.69806499972598], [-119.02803300013507, 37.69825299973853], [-119.02809500005937, 37.6983789997674], [-119.02814000026521, 37.698509999937045], [-119.02816700002937, 37.69864500015186], [-119.02817700007513, 37.69878900001526], [-119.02803099958693, 37.700828000212255], [-119.02804999985351, 37.70091199994378], [-119.02808400018873, 37.701002999841634], [-119.0283019997486, 37.7012869999449], [-119.02837000041899, 37.70140200015272], [-119.0284130000767, 37.701494000190515], [-119.02847699965078, 37.701724999813095], [-119.0284850000467, 37.70199200029836], [-119.02847199962791, 37.70210700012323], [-119.02844700041186, 37.702214000313006], [-119.02839499963501, 37.70235999967848], [-119.02833299971074, 37.7024630001434], [-119.02819600034171, 37.7026139998073], [-119.02755199991114, 37.70355799997768], [-119.02744099958305, 37.70379400027401], [-119.0272740000768, 37.7042640000472], [-119.02718799986309, 37.70465599994673], [-119.0271760001675, 37.70475000018379], [-119.0271760001675, 37.70485700011189], [-119.02720999960438, 37.70523100007533], [-119.02733799965091, 37.70602100018347], [-119.0273939997274, 37.70629000005101], [-119.02738100020692, 37.70642600027559], [-119.02733799965091, 37.706532999916305], [-119.02713099996166, 37.70680200005764], [-119.02710900022036, 37.70684099987295], [-119.02709900017463, 37.70692299998256], [-119.02712000009103, 37.70698300024791], [-119.0272049995815, 37.707063000289345], [-119.02744499978103, 37.7072019996673], [-119.02760999963746, 37.70732500026457], [-119.0277040002471, 37.70741700005786], [-119.02778600026289, 37.7075160000941], [-119.02785499985984, 37.70762200034523], [-119.02790900028653, 37.70773300017754], [-119.0279639996398, 37.70789499986491], [-119.0279989997999, 37.70795899982807], [-119.02807800034091, 37.70803499975692], [-119.02815500033381, 37.70807800011235], [-119.02826499993866, 37.708108999725], [-119.02842999979512, 37.70811500008414], [-119.02852799970442, 37.708140000035435], [-119.0286049996973, 37.70819399967402], [-119.0286470004284, 37.70826900013332], [-119.02869199973595, 37.70868300013727], [-119.02868199969019, 37.708847999674546], [-119.02862999981166, 37.709083000254914], [-119.02856399968942, 37.70922499988758], [-119.02852199985662, 37.7094329999193], [-119.02838999961214, 37.70989099974889], [-119.02838299993945, 37.7100050001944], [-119.02843599964291, 37.710158999869456], [-119.02854100012321, 37.71037899976377], [-119.02857700010821, 37.71048600009329], [-119.0285700004355, 37.710695000045575], [-119.02848000002383, 37.710832999813356], [-119.02835500035036, 37.711095999864305], [-119.02799600032517, 37.71194699968243], [-119.02778100024003, 37.712721999657724], [-119.02748300031418, 37.71331000020224], [-119.02674299962416, 37.71422600027204], [-119.02652900026222, 37.714560999860545], [-119.02639000034503, 37.71483599981201], [-119.02632800042076, 37.71513300034706], [-119.02634199976615, 37.71578599967235], [-119.02625899992549, 37.716197999941976], [-119.02607200032774, 37.716626000120826], [-119.02589200040268, 37.716901000224404], [-119.0256839999902, 37.71739499986994], [-119.02543499956988, 37.71780199995552], [-119.02520000029155, 37.718087000157944], [-119.02482000034993, 37.71843300000985], [-119.02468800010548, 37.71859799986511], [-119.02450599963225, 37.71896400033828], [-119.02443200001244, 37.718938999775204], [-119.02370300009139, 37.71856299975427], [-119.02343600012767, 37.71844499976623], [-119.02266100017589, 37.718168000097705], [-119.02256999993928, 37.71814900023383], [-119.0223180000442, 37.718123000300025], [-119.02220699971615, 37.718123000300025], [-119.022135999571, 37.71809800016374], [-119.0219509996231, 37.717981999762124], [-119.02181500007896, 37.71792299968424], [-119.02174999978163, 37.71790299994823], [-119.02156900003168, 37.71789299972295], [-119.0211420002344, 37.71788899977452], [-119.0208679996997, 37.717906000086636], [-119.02038300017611, 37.71795700028891], [-119.02019599968004, 37.717968000313945], [-119.01977300008075, 37.71802999977882], [-119.01949799972115, 37.7181179998471], [-119.0190290000911, 37.718303999841226], [-119.01849500016371, 37.71862400034282], [-119.0179529998404, 37.718986999882446], [-119.01791600003048, 37.7190020003537], [-119.01778299996109, 37.71899399986588], [-119.01762599960226, 37.718948000064124], [-119.01749699973082, 37.71893000019578], [-119.01743499980655, 37.71894000028108], [-119.01730599993512, 37.718979999898345], [-119.01706300026088, 37.71908500030086], [-119.01626900004247, 37.71953799980341], [-119.01564999972629, 37.719928000351366], [-119.01511699962381, 37.720309000144795], [-119.01494599991959, 37.72044500022124], [-119.01487700032261, 37.72051500006921], [-119.014601999963, 37.720930000347124], [-119.01440500031951, 37.72119200032185], [-119.01418699986132, 37.721424000127975], [-119.01402000035505, 37.721569000259564], [-119.01385799997333, 37.721690999988695], [-119.01364100023835, 37.72175500011569], [-119.01339299964292, 37.72180700026699], [-119.01301500024947, 37.7218619996494], [-119.01246100023062, 37.72191099974949], [-119.01188100027247, 37.7219180001672], [-119.01150299998068, 37.72191399972557], [-119.01126000030645, 37.7219290003147], [-119.01077999990741, 37.7219610002823], [-119.01017900003286, 37.721982000098066], [-119.00794299986592, 37.722059000319085], [-119.00451699964546, 37.722212000059365], [-119.00399799978668, 37.722241999692706], [-119.00108399975228, 37.72236500019415], [-119.00063699986354, 37.72237700002416], [-119.00031999967112, 37.72239400001686], [-118.99957800022959, 37.72242500003535], [-118.99879499988188, 37.722467999856065], [-118.99859999988821, 37.72249700034908], [-118.99828600006887, 37.72259600013323], [-118.99780599966981, 37.72283500013633], [-118.99768799966907, 37.722924999664144], [-118.99708900034265, 37.72345299985445], [-118.99634700000281, 37.7241950001313], [-118.99592500022841, 37.72457899987229], [-118.99578600031124, 37.72472099964976], [-118.99456000027273, 37.725845999873044], [-118.99435600005825, 37.72605900005655], [-118.99410400016315, 37.726284000245634], [-118.99306700027054, 37.72732099977526], [-118.99303200011043, 37.727364000306174], [-118.99305800004967, 37.72774900034545], [-118.99306899992033, 37.727802000227335], [-118.99314199971528, 37.72793300025525], [-118.99325800006623, 37.72805900026963], [-118.99350599976336, 37.728290000212766], [-118.99376500022943, 37.72855300010751], [-118.99429800033192, 37.72905599997388], [-118.99437299977666, 37.72909399978541], [-118.9944589999904, 37.72911200002589], [-118.99462999969462, 37.729107999972825], [-118.99496199995563, 37.72912000013138], [-118.99512400033736, 37.729136000339714], [-118.9953750004075, 37.7291900003069], [-118.99546400009598, 37.72923000007302], [-118.99554000026396, 37.72928399997167], [-118.99559999964009, 37.72934999995217], [-118.99563200032547, 37.729401999744724], [-118.99585999993108, 37.729687000076886], [-118.99603099963534, 37.72988100017414], [-118.99615299983405, 37.73004600010596], [-118.99618499962111, 37.73011099976284], [-118.99619999968972, 37.73020699967642], [-118.99623499984982, 37.73068500023534], [-118.99627000000993, 37.731321999857165], [-118.99640200025439, 37.73181700028455], [-118.99644699956193, 37.73206699972356], [-118.99670900040107, 37.73299200018411], [-118.99683599972434, 37.73347400034384], [-118.9968890003261, 37.73375199991424], [-118.99700599960367, 37.73418200014813], [-118.99706000003033, 37.73432900005348], [-118.99708599996963, 37.73449500031583], [-118.99708400031979, 37.73465999991244], [-118.99703800028904, 37.7349249997868], [-118.99573899955726, 37.73581299973529], [-118.99525200038386, 37.73613499973343], [-118.99420500044549, 37.736867999870064], [-118.99144299984874, 37.738701999721506], [-118.99001299959573, 37.73969999984843], [-118.98756899991464, 37.74129400033604], [-118.98659399994628, 37.74197299998784], [-118.98608500013324, 37.742317000109445], [-118.98553699996215, 37.742673000146056], [-118.98329099974943, 37.74421200004258], [-118.98140500028516, 37.7454710003451], [-118.98012300017018, 37.746351999990885], [-118.97994700044309, 37.7464679999966], [-118.97980400032795, 37.74657700031387], [-118.97950800005192, 37.74629199964714], [-118.97942500021125, 37.74622200001336], [-118.97873399992505, 37.745642999935505], [-118.977892999851, 37.744924000064294], [-118.97750799988651, 37.74456400027087], [-118.97715899990706, 37.74420299998252], [-118.9766390002234, 37.743627000254556], [-118.9760769998086, 37.742917000195916], [-118.97600300018874, 37.74282400026305], [-118.97551299974397, 37.74217600016825], [-118.97365099967084, 37.739774000154874], [-118.9732339999193, 37.739207000018055], [-118.97230699963153, 37.737999000337965], [-118.97044899975634, 37.735546999916046], [-118.96791499966355, 37.73698899971037], [-118.96781599992936, 37.7370439998953], [-118.96599999988696, 37.738053999772546], [-118.96436299994471, 37.73897799979284], [-118.96375899969712, 37.73931200016058], [-118.96066999976055, 37.74105900035218], [-118.95922399961403, 37.74186699987185], [-118.95875099978599, 37.74214000035182], [-118.95847799997452, 37.742317000109445], [-118.95818900026953, 37.74252699994707], [-118.95792599960548, 37.74273699989926], [-118.95742900038631, 37.743256000015975], [-118.95709899977513, 37.74366099971427], [-118.95689299991079, 37.74394800019344], [-118.95592700016329, 37.745523000180796], [-118.95561699964358, 37.74588899971233], [-118.95548100009945, 37.74600700001385], [-118.95522199963337, 37.74618399975822], [-118.95509199993701, 37.74626299994896], [-118.95493399975327, 37.746342000055336], [-118.95478300014054, 37.74639600025938], [-118.95436200019107, 37.74651600001926], [-118.9541660003725, 37.7465550002367], [-118.95407400031098, 37.7465640000108], [-118.95384699963195, 37.746586000085294], [-118.95292299971722, 37.746608000153245], [-118.95185900006041, 37.746609000285325], [-118.95064499971745, 37.74662699981924], [-118.94875800042826, 37.746609999707054], [-118.94759900033688, 37.74662400013398], [-118.94643600004757, 37.74662400013398], [-118.94590399977, 37.74661099983916], [-118.94571999964701, 37.74658800035003], [-118.94552100035368, 37.74655099970539], [-118.94495399991604, 37.746398999953875], [-118.94461300033248, 37.746290000084734], [-118.94427600004859, 37.74619599999045], [-118.94394399978756, 37.746128999971276], [-118.94374799996899, 37.746101999776776], [-118.9433980001646, 37.74608000026874], [-118.94274000038868, 37.74607799999027], [-118.94254100019704, 37.74607799999027], [-118.94171799966638, 37.74614000007402], [-118.94150699977915, 37.746167000254665], [-118.94128900021927, 37.74621400033515], [-118.94106400008837, 37.74628000014081], [-118.94095699995825, 37.74631999990831], [-118.94074299969802, 37.74642800030909], [-118.93938899961297, 37.74727899979482], [-118.93882399972345, 37.74761300035286], [-118.93847599956891, 37.74781200022817], [-118.93772300025671, 37.74824199976971], [-118.93738699979772, 37.748403000258506], [-118.93725200007853, 37.74844300029912], [-118.93704799986403, 37.74848700003473], [-118.9367659998317, 37.74851899989062], [-118.93623299972924, 37.748488000141414], [-118.93569299995407, 37.748441000084526], [-118.93544299970881, 37.74843199982842], [-118.9351869996158, 37.74844300029912], [-118.93496400003302, 37.74847099974646], [-118.93482299956771, 37.74850399971574], [-118.93470000044239, 37.74854300030616], [-118.93346900038098, 37.74903200006364], [-118.93251799980378, 37.74944199987701], [-118.93187099989848, 37.74966100020473], [-118.93175799992059, 37.749686000340446], [-118.93157100032285, 37.749700000185435], [-118.93147599988829, 37.74969699991443], [-118.93129000011545, 37.74966599994844], [-118.93116700009182, 37.74962599985858], [-118.93098499961859, 37.74954600032426], [-118.92953400034749, 37.748479999997826], [-118.92876299969532, 37.747935000165484], [-118.92848300021117, 37.747798000025995], [-118.92834299957077, 37.74774300001788], [-118.92795500013156, 37.74765400022817], [-118.92759500028146, 37.74760799976017], [-118.9264780000229, 37.74749499977074], [-118.92597000003478, 37.747509000030234], [-118.9255909999181, 37.74755100008246], [-118.92539000007663, 37.747590999873324], [-118.922558000058, 37.74785600033895], [-118.92116700016304, 37.748005000309966], [-118.91903599957807, 37.74820100022016], [-118.9188470003305, 37.74821699985648], [-118.91804200024147, 37.74828300000681], [-118.9177280004221, 37.74831100022501], [-118.9147830004256, 37.74864300017801], [-118.91425000032311, 37.74874199981155], [-118.91369700012915, 37.74890000032983], [-118.9133899999825, 37.74900300001854], [-118.91320500003457, 37.74904900032971], [-118.91303500015526, 37.749079999843865], [-118.91265000019078, 37.7491079997605], [-118.91070600010185, 37.74867499996644], [-118.91041300019891, 37.74860300024549], [-118.90455800036595, 37.74722400011132], [-118.90316599974776, 37.7469159997077], [-118.89989000021343, 37.746159999998305], [-118.8987539996883, 37.74591999983989], [-118.89667400005526, 37.74553399966327], [-118.89558299973596, 37.7453210000951], [-118.8939469996186, 37.745044000079865], [-118.89053399981694, 37.744426000122566], [-118.89022400019554, 37.74436199969877], [-118.88875100028483, 37.74411699998467], [-118.88817299997652, 37.74405099967078], [-118.88723900001604, 37.74399100030304], [-118.88629699965965, 37.74394199989531], [-118.88562800001307, 37.74391199981814], [-118.88423899976792, 37.7438640002377], [-118.88298299959217, 37.743818000255374], [-118.8820899996396, 37.74378400015737], [-118.88127100020517, 37.74373199981017], [-118.87478700001026, 37.74345800005481], [-118.87147700014076, 37.74329499982024], [-118.86893899985002, 37.743134999763875], [-118.86548699969026, 37.742959000012675], [-118.86461700020223, 37.742925999701974], [-118.86376000023463, 37.742860999929526], [-118.86213599981286, 37.74276100005882], [-118.86100900040687, 37.742727000185646], [-118.86024899962538, 37.742693999771504], [-118.86007600027132, 37.74268699989703], [-118.85917800029586, 37.74261799988112], [-118.85824400033539, 37.742479999656275], [-118.85637499969123, 37.742084999690846], [-118.85489299955968, 37.741761999801604], [-118.85424200035476, 37.741589000227066], [-118.85356799978697, 37.741349000164114], [-118.84783599997766, 37.738947000309714], [-118.84651700005273, 37.738374999726105], [-118.84587699982012, 37.7381059998462], [-118.84567199978073, 37.73803999985574], [-118.84557499969634, 37.73801600029673], [-118.84544699964982, 37.737984999700345], [-118.84522200041724, 37.73794299990289], [-118.84487799956231, 37.73789600025358], [-118.84470400038336, 37.73789099971475], [-118.84396299986844, 37.73789399975394], [-118.841305999752, 37.73793999986573], [-118.83605099996868, 37.737979999877936], [-118.83299999966692, 37.73802700018439], [-118.83158899968048, 37.73803500003705], [-118.82988200031633, 37.738032000003614], [-118.8271819996439, 37.73805600026786], [-118.82685000028115, 37.73805999983755], [-118.82689999961158, 37.73810100003197], [-118.82693399994677, 37.73815000004395], [-118.82695300021332, 37.73823100006515], [-118.82696400008398, 37.739673999665584], [-118.82698900019835, 37.740305000212516], [-118.82699099984816, 37.740344000150905], [-118.82698800037346, 37.74122300003263], [-118.8269980004192, 37.741463999995375], [-118.82702000016049, 37.74164500003504], [-118.82709399978033, 37.741847999694286], [-118.82724899959103, 37.74215999993631], [-118.82730300001772, 37.742233999914596], [-118.82733700035288, 37.74253900006186], [-118.82735300024643, 37.74358900008775], [-118.82740000010209, 37.745008999681076], [-118.82740500012495, 37.74522899978194], [-118.82739900027717, 37.74535500019734], [-118.82743100006422, 37.74614100021243], [-118.82756499995853, 37.75071300020433], [-118.82761600001214, 37.752398000017756], [-118.82762500023298, 37.752716000119186], [-118.82769899985283, 37.7539949998685], [-118.82769899985283, 37.7549179997334], [-118.82779699976213, 37.75782400013673], [-118.82781199983073, 37.75826900006324], [-118.8279869997329, 37.763716000000954], [-118.82809499968796, 37.7670829999882], [-118.82868899988979, 37.77546300004134], [-118.828174000229, 37.7909800002029], [-118.82855400017057, 37.79090900002102], [-118.82868600041508, 37.79089099990408], [-118.82891300019578, 37.79089099990408], [-118.82904700009009, 37.79090900002102], [-118.82921199994651, 37.79096500012013], [-118.82934199964286, 37.79103999979347], [-118.82970099966808, 37.7913350000889], [-118.8302399996183, 37.791855000232346], [-118.8303440002737, 37.79197600030197], [-118.83070199957568, 37.79246199975278], [-118.83091599983592, 37.792845000013806], [-118.83157299978696, 37.79384799982108], [-118.83164999977986, 37.7939849998504], [-118.83175500026015, 37.79421000009344], [-118.8317950004431, 37.79433399973577], [-118.83182899987999, 37.79450400031539], [-118.83184099957555, 37.79465899975132], [-118.83183599955268, 37.79477799981666], [-118.83181999965917, 37.794863000354376], [-118.83171199970411, 37.79518100029624], [-118.83167499989422, 37.79536399988342], [-118.83166499984846, 37.79556500012943], [-118.831716999727, 37.795983999816464], [-118.8318010002909, 37.79645000006879], [-118.83187999993363, 37.79673800033006], [-118.83192299959134, 37.796852999945735], [-118.83210900026249, 37.797235000001216], [-118.83226200042334, 37.79747599991193], [-118.83246099971667, 37.79776099998159], [-118.83339300002731, 37.79897899973881], [-118.83372100009036, 37.79946800035165], [-118.8345680000122, 37.79921599982607], [-118.83543000000265, 37.79894500015206], [-118.8362860001453, 37.79868599971782], [-118.83678800028562, 37.798511000253235], [-118.83686799975328, 37.798461999761], [-118.83692800002771, 37.79839299995437], [-118.83703500015785, 37.79806900018553], [-118.83709600025722, 37.79778399988446], [-118.83726299976347, 37.79718300031795], [-118.83758599980368, 37.79608100033363], [-118.83761000009311, 37.795930999787394], [-118.83763600003239, 37.79579399981748], [-118.83764699990303, 37.795562000299284], [-118.83761099991803, 37.79521699985519], [-118.8376040002453, 37.79488800011815], [-118.8376159999409, 37.79472500034214], [-118.83766799981942, 37.794486999849106], [-118.83782600000318, 37.79395500019216], [-118.83798699966165, 37.79346799970565], [-118.83805399960879, 37.79331199969016], [-118.83815700043927, 37.79316499983827], [-118.83836900015139, 37.792939999962165], [-118.83874400007014, 37.792564999829075], [-118.83911300014105, 37.79221799984677], [-118.8393139999825, 37.7920880002602], [-118.83953099971748, 37.79197600030197], [-118.84039199988301, 37.79160199976915], [-118.84055099989169, 37.79152299972762], [-118.84081799985536, 37.79141499985771], [-118.84144499966916, 37.79121099967264], [-118.84167399999802, 37.791107000308024], [-118.8420740000311, 37.79095799984388], [-118.84257699999635, 37.79075200003651], [-118.84287400009727, 37.79062099975345], [-118.84324399999315, 37.790499000055945], [-118.84376899969968, 37.79029500018151], [-118.84449599997092, 37.790031000092604], [-118.84470199983522, 37.78995600010503], [-118.84486800041489, 37.78987399966233], [-118.84500999980682, 37.78977900003132], [-118.84507000008128, 37.78976000009047], [-118.84513500037859, 37.78976800002881], [-118.84518499970899, 37.78979999977349], [-118.84535200011359, 37.790110000309504], [-118.8455649996506, 37.7904529999664], [-118.8456140000544, 37.79051299998489], [-118.84574899977359, 37.79064399974952], [-118.84581999991873, 37.790730999855036], [-118.84593100024681, 37.790924000115105], [-118.84602599978305, 37.79105499986097], [-118.84611799984457, 37.79113999971271], [-118.8462619997846, 37.7912979998204], [-118.84629600011979, 37.79135700033561], [-118.84631500038637, 37.791453999828946], [-118.8462890004471, 37.79163799965227], [-118.84636499971677, 37.79211399976989], [-118.84641800031854, 37.792229999709676], [-118.84666199981768, 37.79252400000198], [-118.84676700029797, 37.792693999777256], [-118.84678300019151, 37.79274599978071], [-118.84676999977272, 37.79303100035106], [-118.84679400006216, 37.79312000020179], [-118.84712100030029, 37.79370199982114], [-118.84736899999741, 37.79410099969215], [-118.84743400029477, 37.79416999995836], [-118.84753300002896, 37.79423999964813], [-118.84766000025057, 37.794297000259284], [-118.84771600032705, 37.79433300024899], [-118.8477680002056, 37.794403999980034], [-118.84783799962747, 37.795052999908336], [-118.84788899968112, 37.79515899976844], [-118.84809399972052, 37.79534200011993], [-118.84816400004071, 37.795374000289996], [-118.8482800003917, 37.795398999880796], [-118.84841099991291, 37.79537199992483], [-118.8484440004232, 37.79537199992483], [-118.84853200028674, 37.795397000226174], [-118.84858099979225, 37.79542500035488], [-118.84862400034825, 37.79546700017317], [-118.84866700000596, 37.795562000299284], [-118.84867399967867, 37.79560999969639], [-118.84870399981588, 37.79567099996478], [-118.8487680002883, 37.79571300035302], [-118.84884100008324, 37.79571600017702], [-118.84897800035056, 37.79565799977216], [-118.84906600021415, 37.79563499991718], [-118.84921299962889, 37.795629000262515], [-118.84931200026143, 37.79566699996034], [-118.84938000003349, 37.795720999646825], [-118.84942400041442, 37.795788000175655], [-118.8494799995926, 37.79606899967648], [-118.84953200036945, 37.796166000082046], [-118.84959599994356, 37.79623600001019], [-118.84988100034892, 37.79641799965494], [-118.84995999999164, 37.79647899996602], [-118.85007799999241, 37.79660700001278], [-118.85012499984806, 37.7966810001826], [-118.8502470000468, 37.7968389997984], [-118.85033999993321, 37.7969290001922], [-118.85056099986615, 37.79710799978199], [-118.8508110001114, 37.79737099998269], [-118.8509149998685, 37.797447999850746], [-118.85114199964922, 37.79757699979091], [-118.85172099978244, 37.79810499975684], [-118.85262799997872, 37.799031000287265], [-118.8528870004448, 37.799240000115965], [-118.85338299983904, 37.79950500007759], [-118.85367200044234, 37.79962599968499], [-118.85378600024518, 37.79966300004155], [-118.85406900010238, 37.79972899971083], [-118.85424499982948, 37.79975100029729], [-118.85431599997459, 37.79976899967522], [-118.85463900001479, 37.79991599987308], [-118.85476500041149, 37.79995199996385], [-118.85483700038151, 37.79995400020495], [-118.85511600004077, 37.79993700028306], [-118.8553389996235, 37.79990499996015], [-118.855843000312, 37.79978600034565], [-118.85605000000123, 37.79975100029729], [-118.85935099964989, 37.79962900005987], [-118.8615330002885, 37.799480999873786], [-118.86385700031902, 37.79954199978499], [-118.86424800013125, 37.7995230002253], [-118.86433599999484, 37.79953500032135], [-118.86439700009421, 37.79957499968103], [-118.86444200030003, 37.799631000309766], [-118.86445900001848, 37.79966900007848], [-118.8644680002393, 37.799722000264914], [-118.86448699960756, 37.799837000203866], [-118.8645329996383, 37.79989600028824], [-118.86469800039308, 37.79997899966546], [-118.86473900040097, 37.8000260003319], [-118.8647560001194, 37.80006700025456], [-118.86475000027163, 37.800129999918155], [-118.86467999995139, 37.80035100014985], [-118.86465400001215, 37.80049199992963], [-118.86463399992066, 37.800860000236554], [-118.86473199982994, 37.80140900015083], [-118.86481800004367, 37.80170300011441], [-118.86486300024951, 37.80180700017862], [-118.86488499999082, 37.801886999964594], [-118.86486400007443, 37.80196600028037], [-118.86474500024873, 37.80210799990781], [-118.86469500002002, 37.80218699998721], [-118.86465599966196, 37.8022690002498], [-118.86457700001922, 37.80248600012461], [-118.86455799975268, 37.80258700025123], [-118.86455100007998, 37.80269199986399], [-118.86458399969196, 37.80356899972905], [-118.86463300009575, 37.80408800028886], [-118.86468999999715, 37.804874000018216], [-118.86470699971561, 37.80491999964574], [-118.86477600021087, 37.805042999712576], [-118.86513699988589, 37.80547999969532], [-118.86549500008618, 37.8058819999491], [-118.86588099987556, 37.80635100031846], [-118.86595600021865, 37.80643000011782], [-118.86600200024938, 37.80651099989625], [-118.8660249998156, 37.806597999769586], [-118.8660249998156, 37.806752000060925], [-118.86605300030301, 37.80683500025072], [-118.86611299967916, 37.80690800008395], [-118.86674600023906, 37.80733400016055], [-118.86682800025484, 37.80737999967529], [-118.86693299983682, 37.80741599967669], [-118.86704599981472, 37.8074350000449], [-118.86715999961754, 37.8074350000449], [-118.8676080002295, 37.80737200022462], [-118.86814899982957, 37.80730700030859], [-118.86857899999991, 37.80728999994987], [-118.86870399967334, 37.80729400003466], [-118.868826999697, 37.807309999661754], [-118.86894700024591, 37.80733500018116], [-118.86906400042179, 37.80737000018437], [-118.8698040002135, 37.807679000080945], [-118.86993599955967, 37.8077189999983], [-118.87007500037515, 37.807749999759686], [-118.87015999986563, 37.80774899974469], [-118.87023699985853, 37.80772200004447], [-118.87029399975995, 37.80767199996899], [-118.87038499999655, 37.807450000332146], [-118.87055700042397, 37.80711300024096], [-118.87077400015896, 37.80684299975955], [-118.87091399990105, 37.80674799994684], [-118.87107399973462, 37.80666499965927], [-118.87141900041443, 37.806531999850606], [-118.87160500018726, 37.80650100028766], [-118.8717979996328, 37.806492000000006], [-118.87199000015174, 37.80650200031956], [-118.87215199963515, 37.80648999993592], [-118.87225600029052, 37.8064649998402], [-118.87227999968165, 37.80646599987259], [-118.87233400010832, 37.80648999993592], [-118.87235900022269, 37.80653499994495], [-118.8723249998875, 37.806677000014474], [-118.8723099998189, 37.80678700034046], [-118.87231300019195, 37.80689199965999], [-118.87233900013119, 37.80705899965589], [-118.87233900013119, 37.80716500003105], [-118.87226100031339, 37.807530999701534], [-118.8722620001383, 37.80764000015843], [-118.87235000000184, 37.80800400029052], [-118.87235699967454, 37.808099999917125], [-118.87234800035203, 37.80822000033956], [-118.87227999968165, 37.808535000254366], [-118.87293499998286, 37.80826600001208], [-118.8732749997415, 37.808102999947835], [-118.8791840000011, 37.80807499965672], [-118.88005299966424, 37.80811300004923], [-118.88298500014031, 37.808056000162935], [-118.88810199983139, 37.80803199989881], [-118.88989600013247, 37.80802299979774], [-118.89144900040915, 37.80801699972977], [-118.89514300041822, 37.80800000024419], [-118.89681600034547, 37.807999000232634], [-118.90201500005233, 37.80799700020936], [-118.90296300025649, 37.80799700020936], [-118.92565899969016, 37.80795599972066], [-118.93063399998931, 37.80798900011579], [-118.9349759997286, 37.80798900011579], [-118.93494300011665, 37.80701900009073], [-118.93492999969783, 37.80692399979469], [-118.93486799977356, 37.806786000312414], [-118.93428699999049, 37.806299999989825], [-118.93406900043061, 37.806079999852415], [-118.93366199982653, 37.80558600020772], [-118.93354899984863, 37.8054110000567], [-118.93346000016017, 37.80522999990636], [-118.9333780001444, 37.80496800005973], [-118.93335800005292, 37.804550000287115], [-118.9333699997485, 37.8040740000932], [-118.93341400012943, 37.80349099978093], [-118.93360999994799, 37.80280800022931], [-118.93374399984229, 37.80252100029659], [-118.93388899960725, 37.80229200016862], [-118.93403500009545, 37.801893999915116], [-118.93407100008045, 37.80173400027172], [-118.93417400001259, 37.801025000174306], [-118.9343010002342, 37.80038100005001], [-118.93432600034855, 37.800179000013735], [-118.93431799995265, 37.800057999892566], [-118.93416499979178, 37.79928599970338], [-118.93410100021767, 37.798496000279826], [-118.93400099976023, 37.798016000232685], [-118.93390299985094, 37.79746000028389], [-118.93386100001814, 37.79714200021424], [-118.93387899956149, 37.79679499972369], [-118.93398499986671, 37.79627000013392], [-118.93399999993534, 37.7960880001245], [-118.93398499986671, 37.79557999998812], [-118.93402800042274, 37.79368399967474], [-118.93405799966166, 37.792853999834776], [-118.9341160002863, 37.792016999723266], [-118.93413800002762, 37.791877999844296], [-118.93457400004567, 37.79077800001631], [-118.93488899968996, 37.7902599998959], [-118.9350469998737, 37.78990700032762], [-118.93534899999749, 37.789179000212634], [-118.9356879999312, 37.78847500026212], [-118.93583799971903, 37.788222999863855], [-118.93603000023796, 37.787901000076374], [-118.93644000031678, 37.787358000202325], [-118.93673200039485, 37.78703300001896], [-118.93741799975987, 37.78635099981943], [-118.93760199988289, 37.78623100007427], [-118.93768499972356, 37.78612799968789], [-118.93786700019676, 37.785793999804916], [-118.93804399974877, 37.78510300018644], [-118.9381650001226, 37.78475999983496], [-118.93827599955236, 37.7845839997135], [-118.93847499974399, 37.784364000214666], [-118.93902200009018, 37.784030000169075], [-118.93917400042614, 37.783914000135944], [-118.93936199984881, 37.783753000259544], [-118.93945999975809, 37.783690999750576], [-118.93958799980462, 37.78366199980381], [-118.93992400026359, 37.783699999976506], [-118.94002899984557, 37.783680999892624], [-118.94013299960262, 37.78364600002417], [-118.9402430001058, 37.78359200003237], [-118.94052199976505, 37.783398000157085], [-118.94071500010894, 37.78322099999499], [-118.94113400040857, 37.782695999800566], [-118.94137899973263, 37.782408000183096], [-118.94147099979415, 37.7823560000044], [-118.94156200003076, 37.78233599992591], [-118.9417779999408, 37.782325999884634], [-118.94190799963715, 37.78230700015747], [-118.941996000399, 37.78227399964824], [-118.94210199980593, 37.782222000085206], [-118.94237200014265, 37.78206399974126], [-118.94256999961107, 37.781927000328956], [-118.94275600028222, 37.78181099983512], [-118.9428170003816, 37.78179300034199], [-118.9429300003595, 37.78177999983757], [-118.94306900027664, 37.781798999700186], [-118.94319999979791, 37.78189200033989], [-118.94330699992801, 37.7819919998589], [-118.9433749997001, 37.78207700019568], [-118.94347000013464, 37.782171000136934], [-118.94364000001396, 37.78231799985063], [-118.94377599955808, 37.782470000348425], [-118.94397399992481, 37.78277100005665], [-118.94400700043506, 37.782878000138815], [-118.94403900022212, 37.78290800003453], [-118.94410199997131, 37.782947000235694], [-118.94422199962193, 37.78298700005661], [-118.94446400036955, 37.783093999826015], [-118.94474300002881, 37.78318999987882], [-118.94502199968807, 37.78329700006434], [-118.9452910001999, 37.78337899999552], [-118.94562900030871, 37.78346499979097], [-118.94615700038831, 37.783640000105905], [-118.94630200015327, 37.78365700022803], [-118.94658199963744, 37.783663000144905], [-118.94666899967608, 37.78365199994194], [-118.94713300018158, 37.78350399969828], [-118.9478250002927, 37.783273999911486], [-118.94808899988334, 37.78321199971067], [-118.94835800039517, 37.783124000344046], [-118.94860199989432, 37.783020000247504], [-118.94884200009385, 37.782880999773944], [-118.94908800014115, 37.78272700012393], [-118.94927100043927, 37.78264100017974], [-118.9494089996332, 37.78259599981405], [-118.94952900018211, 37.78256999979543], [-118.94963799996204, 37.78255799978373], [-118.94978899957478, 37.78256999979543], [-118.94991400014658, 37.782569000149515], [-118.95026099957789, 37.782547999772476], [-118.95044200022618, 37.78250700006724], [-118.95051900021907, 37.782477000008825], [-118.95064999974032, 37.782362999675605], [-118.9511279995912, 37.78178100020414], [-118.95122399985067, 37.78168499974124], [-118.95136000029314, 37.781571000316404], [-118.95146900007306, 37.78149899995386], [-118.95157000035542, 37.781448999877746], [-118.95193400040347, 37.78134199985686], [-118.95200399982537, 37.78133100001846], [-118.95223599962895, 37.78133700012416], [-118.95233500026147, 37.781326000285], [-118.95266699962417, 37.78122100012433], [-118.95294199998379, 37.78116299970121], [-118.95313399960442, 37.78114900013086], [-118.9532730004199, 37.78114799975573], [-118.95344599977395, 37.781157999956385], [-118.95423199959639, 37.78123800009285], [-118.95437899990948, 37.7812670002807], [-118.95477700029275, 37.78137199966602], [-118.95496899991338, 37.78141399966234], [-118.95503900023355, 37.78143800005527], [-118.9552519997706, 37.78154099987807], [-118.95530700002216, 37.78155999980208], [-118.95544699976428, 37.7815909998919], [-118.95572899979658, 37.78163600015947], [-118.95612999965458, 37.78172799992699], [-118.9562579997011, 37.78176700004085], [-118.95648299983198, 37.781872999791176], [-118.95663900036591, 37.78197999975336], [-118.95674399994786, 37.78203099983347], [-118.95681099989503, 37.782053999663184], [-118.9569699999037, 37.78205900005739], [-118.95722000014895, 37.78204099991466], [-118.95732300008109, 37.78201400004734], [-118.95742099999042, 37.781971000027916], [-118.95751100040208, 37.781917999887064], [-118.957584000197, 37.78184399984109], [-118.95776199957395, 37.781571000316404], [-118.95780199975692, 37.78148699976828], [-118.95781199980266, 37.781440000087656], [-118.95781099997774, 37.78132099984121], [-118.95776699959681, 37.78082099990403], [-118.95776499994699, 37.78058300006641], [-118.95780699977979, 37.78012199966886], [-118.95784699996277, 37.77994199971733], [-118.95792899997853, 37.77971299989096], [-118.95798099985706, 37.779599999950875], [-118.95841400040041, 37.77894699970971], [-118.95852900002815, 37.77875600022542], [-118.95864600020401, 37.77864199983335], [-118.95877599990035, 37.77857799989745], [-118.95892999988614, 37.77851899982975], [-118.95908300004702, 37.77847099998066], [-118.95925799994919, 37.7784329999597], [-118.95945700014083, 37.77839999985085], [-118.959960999931, 37.77827999997652], [-118.96025499965886, 37.77822499990979], [-118.96063899979842, 37.77830800020129], [-118.96069599969981, 37.778323000013046], [-118.96089599971636, 37.778375999891566], [-118.96101999956491, 37.778385999757205], [-118.96114699978654, 37.77837500018893], [-118.96121999958149, 37.778349000105564], [-118.96130499997028, 37.77829400009023], [-118.96155799969027, 37.77798299998223], [-118.9616380000562, 37.77792499985845], [-118.96171400022418, 37.77790200016397], [-118.96179600023994, 37.777897999907665], [-118.96187300023284, 37.77791400022152], [-118.9620799999221, 37.77798899964966], [-118.96219000042524, 37.7780450003091], [-118.96241600038107, 37.778191999708135], [-118.9625310000088, 37.778250000332456], [-118.96274199989598, 37.77832700024634], [-118.96279700014755, 37.77833400029908], [-118.96294799976029, 37.77833299988586], [-118.96338499960329, 37.77824800021375], [-118.96347099981705, 37.778243999976176], [-118.96364499989431, 37.778258000096706], [-118.96382700036752, 37.77830600008416], [-118.96391100003308, 37.77834999980854], [-118.96398800002598, 37.778380000122], [-118.96410900039983, 37.77841399994189], [-118.96421200033198, 37.77840999971329], [-118.96435899974674, 37.778387000169715], [-118.96452600015132, 37.77837199966092], [-118.96468400033508, 37.77838500005471], [-118.96482099970412, 37.778416000056104], [-118.96492299981138, 37.77846899986794], [-118.96499999980423, 37.77854400015299], [-118.96508500019306, 37.778709999926406], [-118.96515200014022, 37.77881300000049], [-118.96523099978293, 37.778908999933435], [-118.96538399994381, 37.77904599996936], [-118.96546000011179, 37.779094000155105], [-118.96562800034128, 37.779170999899875], [-118.96603000002418, 37.77926799976842], [-118.96623300041377, 37.779351999998255], [-118.96632799995001, 37.77937200017414], [-118.96652499959353, 37.779388000168964], [-118.96668199995236, 37.77937700003978], [-118.9668760001211, 37.77932699994828], [-118.96704299962738, 37.77924999965604], [-118.96776200040101, 37.778765000342304], [-118.9679799999609, 37.77861099992679], [-118.96823100003105, 37.778408000308886], [-118.96848899977391, 37.77822200008571], [-118.96860400029995, 37.77815200013242], [-118.96867500044506, 37.77812899979859], [-118.96920500017448, 37.77805399980252], [-118.96950300010032, 37.77802600019152], [-118.96967600035268, 37.77798799994179], [-118.96971599963734, 37.77797899973031], [-118.97020899955685, 37.77789000010446], [-118.97042199999218, 37.777831000197736], [-118.97159699997708, 37.777418000241944], [-118.97181999955981, 37.77735499967282], [-118.97207400000303, 37.77732699979707], [-118.97226599962366, 37.77733300022778], [-118.97283300006133, 37.777383000247966], [-118.97295500026004, 37.77740499967808], [-118.97322999972135, 37.77743800023106], [-118.97395799981749, 37.77746800020464], [-118.97359899979229, 37.77720500016409], [-118.97344900000448, 37.77705999966328], [-118.97339100027813, 37.77697599966909], [-118.97341399984437, 37.776692999823], [-118.9735000000581, 37.77622999984378], [-118.97354500026394, 37.776062999737775], [-118.973577000051, 37.77565499996278], [-118.9735999996172, 37.77552699983386], [-118.97364700037117, 37.775422999699074], [-118.97370000007463, 37.77537200003014], [-118.97375899962587, 37.77533399983625], [-118.97382599957301, 37.775305000161], [-118.97402999978749, 37.77529799982144], [-118.97451699985922, 37.7753250000117], [-118.9747880000209, 37.77528899999246], [-118.9752320004349, 37.7751729997324], [-118.97536399978107, 37.77512600029751], [-118.97561099965327, 37.77507100001443], [-118.97594700011224, 37.77502500026264], [-118.97625799955856, 37.77496000028669], [-118.97670899964527, 37.774923000340415], [-118.97713299996781, 37.774839000048274], [-118.9775420002217, 37.77474200004855], [-118.97784099997246, 37.77471699985966], [-118.97796599964592, 37.774725999758225], [-118.97824799967823, 37.77476500001608], [-118.97839499999131, 37.77475600012228], [-118.97859900020583, 37.77471099992668], [-118.97908100025468, 37.77455400032369], [-118.97923699989028, 37.77452600009712], [-118.97932499975383, 37.77449900032513], [-118.97940599994467, 37.77445600019447], [-118.97946700004405, 37.77444299981975], [-118.97963500027356, 37.774436000108636], [-118.97997599985709, 37.77451400019968], [-118.98022500027741, 37.774535000018986], [-118.98052400002818, 37.774488999933645], [-118.98062799978524, 37.77445099999596], [-118.9808360001977, 37.774354999954305], [-118.98113499994844, 37.77416999994406], [-118.98188200031117, 37.77362600025249], [-118.98201299983242, 37.7736930002231], [-118.9824639999191, 37.77383099974868], [-118.98262799995062, 37.77388799977082], [-118.98281000042384, 37.77396799996449], [-118.98309999995377, 37.77413300031244], [-118.98322700017538, 37.77419300008949], [-118.98362300001048, 37.77433199985927], [-118.98409599983849, 37.774537999992674], [-118.98419700012084, 37.774592999962216], [-118.98441899987867, 37.774718000321826], [-118.98466400010109, 37.77488299970603], [-118.98475299978954, 37.7749389998781], [-118.98487300033844, 37.77499599975607], [-118.98495000033134, 37.775017000148466], [-118.98514399960177, 37.77503799982491], [-118.98565699961277, 37.775113999787386], [-118.98603699955437, 37.775207000317145], [-118.98623200044634, 37.77526799967732], [-118.98632000030989, 37.775305000161], [-118.98640300015056, 37.77535800007311], [-118.98671100012216, 37.775588000350055], [-118.98689199987211, 37.77574100022444], [-118.98701900009371, 37.775861999696644], [-118.98728100003454, 37.77608699973792], [-118.98752899973167, 37.77625099988566], [-118.98776599955814, 37.77638700014783], [-118.98793700016064, 37.77634899976565], [-118.98812700013147, 37.77633299982307], [-118.98826000020085, 37.77629700029472], [-118.98831000042954, 37.77625899986623], [-118.9883699998057, 37.77619200009089], [-118.98868699999812, 37.7757360001129], [-118.98875899996813, 37.77559700014258], [-118.98891899980171, 37.775169000038495], [-118.98898099972598, 37.775028000216444], [-118.98909100022917, 37.77485399985383], [-118.98930799996414, 37.774682999759584], [-118.98936099966757, 37.774627999856996], [-118.9893899999799, 37.77454099996625], [-118.98937099971333, 37.77388799977082], [-118.98943400036083, 37.77401999965345], [-118.98958900017152, 37.77418199989734], [-118.98972499971563, 37.774263000241206], [-118.98984400043965, 37.77435299973021], [-118.98988600027243, 37.77439800014371], [-118.99014599966512, 37.774784000261675], [-118.99043400044353, 37.77527799996337], [-118.9905220003071, 37.7754100002045], [-118.99059099990404, 37.7754650002354], [-118.99067799994269, 37.77549999971737], [-118.99077400020217, 37.77551200016483], [-118.99082600008069, 37.775507999779215], [-118.99102299972418, 37.7754570001689], [-118.99119699980146, 37.77537599971306], [-118.99132999987084, 37.7752830001059], [-118.99155500000175, 37.77514300024762], [-118.99198299962391, 37.774811999680466], [-118.99205799996699, 37.774738000331325], [-118.99212300026431, 37.774658000260764], [-118.99219500023435, 37.774537999992674], [-118.99224600028798, 37.774430000152854], [-118.99228499974772, 37.77431399996509], [-118.99230599966411, 37.77398599994291], [-118.99235500006792, 37.77388499977076], [-118.99243999955841, 37.77380099971936], [-118.99254900023666, 37.7737290003094], [-118.99266899988727, 37.77362000023097], [-118.99299100010253, 37.77325499989921], [-118.99318799974606, 37.77308500014126], [-118.99331699961745, 37.77299400004341], [-118.99342399974759, 37.77293799981825], [-118.99359299980198, 37.77288500030151], [-118.99396900044395, 37.77271199964518], [-118.99419799987449, 37.77252999983939], [-118.9945169997167, 37.77226099985225], [-118.99460799995332, 37.772144999811836], [-118.9946360004407, 37.77204799982811], [-118.99468699959603, 37.771432999715294], [-118.99473900037287, 37.77132799970438], [-118.99494100003923, 37.770985000049784], [-118.99501700020724, 37.770834999688425], [-118.99509199965198, 37.770675000245674], [-118.99516699999506, 37.7705940002316], [-118.99523700031526, 37.77053200004686], [-118.99529800041462, 37.7704779997062], [-118.99537399968429, 37.770368999805804], [-118.99545700042327, 37.77018500028685], [-118.99550900030182, 37.77001300022984], [-118.99551099995165, 37.76993699999466], [-118.99554199991377, 37.76974599995574], [-118.99559100031757, 37.76905299978033], [-118.99558899976944, 37.768809999822444], [-118.9955429997387, 37.76849399969393], [-118.99543300013381, 37.76795199982593], [-118.99539700014881, 37.76764899973293], [-118.99533299967639, 37.76730699990828], [-118.99522100042172, 37.76686699967624], [-118.99495799975767, 37.766000000321405], [-118.99483899993199, 37.76548199981991], [-118.99476000028929, 37.76498500035228], [-118.99471699973327, 37.76482899986786], [-118.99446300018836, 37.764153000120935], [-118.99423800005745, 37.76359200011902], [-118.99416500026251, 37.76334100001382], [-118.99412500007953, 37.763103000007234], [-118.99413500012528, 37.763026999772165], [-118.99416400043762, 37.76295000025804], [-118.9943479996623, 37.76260800000839], [-118.9943819999975, 37.76255299964621], [-118.99441899980744, 37.762491999738984], [-118.99447900008188, 37.76236400025912], [-118.99473400035001, 37.76253600035239], [-118.9951569999493, 37.76274800016473], [-118.99554500028682, 37.76288500031984], [-118.99644599973702, 37.76313100029841], [-118.9971420000461, 37.763303000028316], [-118.99742699955316, 37.76338400021679], [-118.99812500041035, 37.76364200019953], [-118.9987549996989, 37.763927999981874], [-118.99906600004353, 37.764111000260606], [-118.99954700026746, 37.76443300000096], [-118.99979400013966, 37.76462899971232], [-119.00054700035017, 37.76535200007597], [-119.00126399967735, 37.766026999646236], [-119.00134800024125, 37.76610599995493], [-119.00171499976405, 37.76647299979689], [-119.00245399973086, 37.76714600007866], [-119.00317699980413, 37.7677850001954], [-119.00340899960771, 37.7679730000887], [-119.00402600027408, 37.76840599984925], [-119.00574199985904, 37.769515999967886], [-119.00794000039117, 37.7708790003088], [-119.00953999962519, 37.771902000073865], [-119.01014200022297, 37.77230600011892], [-119.01059099976153, 37.77257700021447], [-119.01204299975585, 37.77349999969822], [-119.0125049997132, 37.77380699972618], [-119.01424200011287, 37.77492100013169], [-119.01510599975315, 37.77546800017135], [-119.01578600016873, 37.77588799994472], [-119.01699700013863, 37.77667300034238], [-119.01791799968031, 37.77729500033187], [-119.01830400036799, 37.777597000236156], [-119.01866599986793, 37.77790200016397], [-119.01904199961157, 37.77826700027422], [-119.01945500006345, 37.7787090002283], [-119.01980999989068, 37.779163000234426], [-119.02010000031888, 37.779584999688225], [-119.02035200021398, 37.78001200010557], [-119.02056300010118, 37.780446999713675], [-119.02063900026916, 37.780633000018334], [-119.02083099988978, 37.78063399969043], [-119.0207339998054, 37.78039500028534], [-119.0205229999182, 37.7799599996612], [-119.02025799960434, 37.779513999918414], [-119.01985000007365, 37.77893200002457], [-119.01960599967619, 37.77862799978554], [-119.01919300012263, 37.77818600005718], [-119.01863200043104, 37.77765499990729], [-119.01841599962268, 37.77748699975556], [-119.01708199962914, 37.776578999799675], [-119.01432099975561, 37.77484100025921], [-119.01349599957508, 37.774293999840886], [-119.01302699994503, 37.774004999678624], [-119.01138900017787, 37.77294699993336], [-119.01068700002098, 37.77248300014447], [-119.0102379995841, 37.772211999704325], [-119.00963000003688, 37.77178600018027], [-119.0089050003138, 37.771343000222245], [-119.00674299976667, 37.769987000046044], [-119.00583300009563, 37.76942600027191], [-119.00440700004059, 37.768503000350016], [-119.00351400008802, 37.76789400035414], [-119.00276500007548, 37.767244999808106], [-119.00184500035871, 37.766386000252496], [-119.00149399983113, 37.766026999646236], [-119.00143500027988, 37.7659670003442], [-119.00093899998735, 37.765492000009274], [-119.000472999832, 37.76499599978225], [-119.00019400017274, 37.76473200022926], [-118.99993999972955, 37.764511999881876], [-118.99968600018465, 37.76430999979361], [-118.99880199955457, 37.763686000128764], [-118.99870100017056, 37.76363799988188], [-118.99849399958299, 37.76351800019354], [-118.9980369996485, 37.763280999953075], [-118.99786299957125, 37.76319999965181], [-118.99761200039937, 37.76311600024519], [-118.99731299975032, 37.763005000325], [-118.99678399984582, 37.76280899986077], [-118.99582800014403, 37.762465999751605], [-118.99537799988224, 37.7622379996893], [-118.99489900020644, 37.76196999982631], [-118.99482300003847, 37.76192499966139], [-118.99472099993122, 37.76184100022711], [-118.99442300000538, 37.76157199970607], [-118.99412699972939, 37.7612840001785], [-118.99373900029018, 37.76092900012782], [-118.99370199958193, 37.76089500007956], [-118.99327899998264, 37.760482999923916], [-118.9930010001483, 37.76026299972144], [-118.99256299958206, 37.75997400011721], [-118.99218500018861, 37.759786999729876], [-118.9916920002691, 37.75957999973728], [-118.99119000012877, 37.75938999989637], [-118.99061799966823, 37.75910099972224], [-118.99013200031972, 37.75889999973658], [-118.98937800028432, 37.758586999787994], [-118.9890250001069, 37.758405000019025], [-118.98870999956434, 37.75821899990173], [-118.988395999745, 37.7580169996723], [-118.98783599987831, 37.75762800014832], [-118.9871379999194, 37.757035999943575], [-118.98676200017577, 37.756678000114924], [-118.98637999968605, 37.7562529998885], [-118.98620399995896, 37.756028999871205], [-118.98595399971369, 37.75566100004453], [-118.98550199980207, 37.754936000087234], [-118.98532900044803, 37.75462499975022], [-118.98512799970825, 37.7542130001865], [-118.98459700015393, 37.75284399995738], [-118.98438799991654, 37.75233800031442], [-118.98420100031879, 37.7519160001977], [-118.98554399963486, 37.75180000020845], [-118.98619899993606, 37.751731000165286], [-118.98633200000548, 37.751733000291004], [-118.98665699969547, 37.751736999831905], [-118.98711000033029, 37.75171499986815], [-118.98736700024826, 37.75169199983455], [-118.98771000037993, 37.751675000175624], [-118.98804400029078, 37.75163699987949], [-118.98896499983245, 37.75149299973896], [-118.98933300007847, 37.75140400019762], [-118.98961099991281, 37.75122199980468], [-118.98979500003585, 37.75110099979128], [-118.9911220003567, 37.75030499978421], [-118.99133800026678, 37.75039800026073], [-118.99163299981954, 37.750500999995225], [-118.9917569996681, 37.75052499976799], [-118.99192599972251, 37.75054199969108], [-118.99203299985263, 37.75054000024345], [-118.99217900034083, 37.75051799992387], [-118.99231700043309, 37.75082199995146], [-118.99250499985574, 37.751179999705016], [-118.99286100040621, 37.75100900027096], [-118.99302700008754, 37.7514609997486], [-118.99327499978466, 37.75163699987949], [-118.99377899957483, 37.751975000183684], [-118.99399299983509, 37.75202200012684], [-118.99426900001957, 37.752032000005094], [-118.99465900000692, 37.75187499984265], [-118.99552500019533, 37.7516180000792], [-118.9965529998671, 37.751431999945176], [-118.99696700014391, 37.75145600012617], [-118.99703400009106, 37.7517080001366], [-118.99695399972512, 37.751949000051205], [-118.99731600012338, 37.75187900008615], [-118.99755200012493, 37.75187299972081], [-118.99787799963984, 37.75182799980611], [-118.99806500013591, 37.751805999869475], [-118.99856899992608, 37.751839999833415], [-118.99891799990554, 37.751876999964416], [-118.99931100026592, 37.75194299969149], [-118.99973499969013, 37.75204700017511], [-119.00016499986043, 37.75213500030619], [-119.00058900018296, 37.75221699999518], [-119.00072399990218, 37.7522300000155], [-119.0009790001703, 37.75228500024001], [-119.00120000010324, 37.75231799992899], [-119.00161500020494, 37.75248300028367], [-119.0017259996347, 37.75251100033315], [-119.00242399959362, 37.75255000023226], [-119.00316400028365, 37.75271500006965], [-119.00342000037669, 37.752759000106174], [-119.0036830001424, 37.75277500017755], [-119.00395299958083, 37.752759000106174], [-119.00428499984186, 37.752704000233955], [-119.00459600018648, 37.75262199966418], [-119.00490800035601, 37.752566999690124], [-119.00512199971794, 37.75253999971375], [-119.00557899965246, 37.75260100001466], [-119.00604900000573, 37.75260600026999], [-119.00700399988258, 37.75252999990415], [-119.00756399974924, 37.75243099965629], [-119.00795799993452, 37.75224999971443], [-119.0081730000197, 37.752184000261195], [-119.00845699970182, 37.752146000226475], [-119.00869199987847, 37.75215199985944], [-119.00897499973567, 37.75211299975055], [-119.00922400015601, 37.752059000166845], [-119.00974300001478, 37.751849999736265], [-119.01003400026791, 37.75175699966414], [-119.01233099963595, 37.751213999956605], [-119.01278099989774, 37.751081999853405], [-119.01316099983933, 37.750895999792576], [-119.0136799996981, 37.75048400006272], [-119.0145309998179, 37.74993499972481], [-119.01472300033683, 37.74972500030791], [-119.01484800001032, 37.74965400027888], [-119.01514500011123, 37.74953299983244], [-119.01542899979336, 37.74946200032949], [-119.01591300039034, 37.74937399986067], [-119.01625200032402, 37.74937399986067], [-119.01672900035003, 37.749429000077164], [-119.01703999979631, 37.74942400031745], [-119.01736600020958, 37.74936300023862], [-119.01764900006678, 37.74924300012307], [-119.0179119998325, 37.749165999757054], [-119.01817499959824, 37.749165999757054], [-119.01881099963289, 37.74934199966419], [-119.01906699972591, 37.74939699990452], [-119.01923999997827, 37.74941899984714], [-119.01972399967696, 37.749374999955364], [-119.02019499985515, 37.749392000142635], [-119.02057499979674, 37.74934800023481], [-119.0210939996555, 37.74921099987], [-119.02155099959002, 37.74905199991669], [-119.02173700026115, 37.74895299998756], [-119.02200699969957, 37.74876600015476], [-119.02211800002766, 37.74864499967689], [-119.02225799976975, 37.748459999990246], [-119.02247799987776, 37.74816800011577], [-119.02259500005364, 37.74791500001056], [-119.02301799965294, 37.74738200031909], [-119.02327999959377, 37.74714099973671], [-119.02393800026803, 37.746739999713355], [-119.02418699979005, 37.74650399983893], [-119.0243600000424, 37.746279000004286], [-119.02451900005107, 37.7459770000634], [-119.02460199989174, 37.745504999668086], [-119.02463000037913, 37.745384000251356], [-119.02471300021982, 37.745256999734934], [-119.0248029997332, 37.745181000345205], [-119.02566800009669, 37.74482400013948], [-119.02631800037501, 37.744592999924464], [-119.02678100015731, 37.744484000236845], [-119.02725900000817, 37.744274999722116], [-119.02754900043642, 37.744110000244774], [-119.02803300013507, 37.74388500023556], [-119.02866300032196, 37.743743000269184], [-119.02922999986129, 37.743556000057886], [-119.02951400044172, 37.74351200023201], [-119.03010899957016, 37.74347400000617], [-119.03094499962133, 37.74346899984418], [-119.03277800028049, 37.743545999744605], [-119.03318599981118, 37.74359000026063], [-119.0335389999886, 37.74368900026047], [-119.03401600001456, 37.74397400029572], [-119.0342029996123, 37.74405099967078], [-119.03439000010837, 37.74407900006943], [-119.03481799973056, 37.74413399995914], [-119.03507399982361, 37.74413399995914], [-119.03567600042136, 37.744041000134686], [-119.03624999963337, 37.744024000138914], [-119.03694900031553, 37.74381599991572], [-119.03761299993927, 37.74361299997101], [-119.03807599972153, 37.743569000179015], [-119.03838100021838, 37.74357999995188], [-119.0386230000677, 37.74361800012331], [-119.03906499993359, 37.743760999789764], [-119.03918299993435, 37.74378299998711], [-119.03934899961571, 37.74378299998711], [-119.0397219998846, 37.74370600033324], [-119.04001300013775, 37.74363500021241], [-119.0402690002308, 37.74354699991806], [-119.04033100015506, 37.74353600014029], [-119.04077399984587, 37.74336100009795], [-119.04095999961869, 37.743245000194946], [-119.04126500011553, 37.74299799997349], [-119.04142400012418, 37.742910000342484], [-119.0417210002251, 37.74280599980424], [-119.04178300014938, 37.742766999742315], [-119.04203900024243, 37.74248700026069], [-119.0421920004033, 37.74239399978755], [-119.04225400032757, 37.74238900026293], [-119.04229500033547, 37.742349999981286], [-119.0425859996903, 37.74225700004639], [-119.042932000195, 37.74219100020501], [-119.04331200013662, 37.74215800026222], [-119.04434300018147, 37.74214700027808], [-119.04453599962697, 37.742120000051614], [-119.04499299956146, 37.74198800006573], [-119.04509600039194, 37.741927999736], [-119.0452970002334, 37.74171899981782], [-119.04551099959534, 37.74141699974], [-119.04565000041082, 37.741186000257755], [-119.04560799967972, 37.74097200004496], [-119.0456289995961, 37.74086199978782], [-119.04567799999991, 37.74079099978043], [-119.04581600009217, 37.740713999855465], [-119.04601000026094, 37.7406639999075], [-119.04640400044622, 37.74062600035064], [-119.0465440001883, 37.74060099999595], [-119.04626600035397, 37.73362699994778], [-119.04585700010007, 37.723161000101335], [-119.08276100020574, 37.723161000101335], [-119.10870299993482, 37.72319600017136]]]}, "properties": {"ZCTA5": "93546", "GEOID": "93546", "NAME": "ZCTA5 93546", "AREALAND": 609552944, "INTPTLAT": "+37.5491262", "INTPTLON": "-118.8398144", "zcta": "93546", "place": "93546 Mammoth Lakes", "name": "ZCTA5 93546"}}, {"type": "Feature", "geometry": {"type": "Polygon", "coordinates": [[[-119.63717299993911, 38.32792600000432], [-119.63716500044151, 38.32790799971819], [-119.63709599994621, 38.3278169996516], [-119.63700399988471, 38.327737999927095], [-119.63686999999041, 38.3276669999585], [-119.6361589996127, 38.32746000023864], [-119.63603300011432, 38.3274349999533], [-119.63590400024289, 38.32742000020078], [-119.63577399964822, 38.327415000282585], [-119.63564499977682, 38.32742200016795], [-119.6355159999054, 38.32743899988681], [-119.63533500015542, 38.32748299984521], [-119.63440600021781, 38.32774399980217], [-119.63428999986685, 38.327792000194115], [-119.634180000262, 38.32785000033172], [-119.63407899997968, 38.3279160002374], [-119.63398699991818, 38.327989999889354], [-119.63382999955932, 38.328148000112314], [-119.63368800016741, 38.32825100013468], [-119.63352199958774, 38.32832900003364], [-119.63299400040647, 38.328493000035294], [-119.63288499972822, 38.32856499986725], [-119.6328069999104, 38.328607999879594], [-119.63267600038915, 38.32869599975974], [-119.6325449999696, 38.32879699977873], [-119.63242799979372, 38.32888100028043], [-119.6323270004097, 38.32891099988233], [-119.63226799996015, 38.32891199984538], [-119.63217599989865, 38.32888300020729], [-119.63194499991994, 38.328795999814155], [-119.63092700029392, 38.32855300025258], [-119.63057699959124, 38.3284539998322], [-119.63029499955893, 38.32834400030274], [-119.63003000014336, 38.32821099982865], [-119.62940900017733, 38.3278510003094], [-119.62938200041316, 38.327840999827416], [-119.62818899998659, 38.32808700029008], [-119.6260049996982, 38.328449999954756], [-119.62390999999651, 38.32838099991966], [-119.62322399973317, 38.32810499982709], [-119.62298000023402, 38.328049999818354], [-119.62249200033739, 38.32814300024434], [-119.6212450003825, 38.32839300026751], [-119.62106999958196, 38.32840999975856], [-119.62087600031153, 38.328414000342924], [-119.62050499969246, 38.328421000131854], [-119.61978099979427, 38.32841099972852], [-119.61914499975964, 38.328373000156446], [-119.61856200032679, 38.32832400017815], [-119.6179520002314, 38.328236999818635], [-119.6172219995871, 38.328114000298605], [-119.61684099982064, 38.328023999761285], [-119.61639399993186, 38.32790499978751], [-119.61604599977731, 38.327786000323066], [-119.6159599995636, 38.32804499994362], [-119.61587599989801, 38.32822300020465], [-119.61576799994297, 38.32839300026751], [-119.61563900007154, 38.328554000220514], [-119.61549000010864, 38.32870300022609], [-119.61492600004402, 38.32913700033638], [-119.61470500011109, 38.329280000100646], [-119.61458200008744, 38.32932500030809], [-119.61416600016084, 38.32938599979305], [-119.61405499983275, 38.32941699984668], [-119.61388400012852, 38.329523999997946], [-119.61380899978546, 38.32958400006639], [-119.61369099978467, 38.329713000327146], [-119.61350900020979, 38.329992999726045], [-119.61341299995033, 38.330288999967955], [-119.6133979998817, 38.33040800025541], [-119.61340700010254, 38.3304909996533], [-119.61343100039198, 38.330555000091984], [-119.61346300017904, 38.33071999992725], [-119.61345700033128, 38.33085399996119], [-119.61342499964591, 38.3309779996983], [-119.6133610000718, 38.33109399976031], [-119.61316799972795, 38.331297999880725], [-119.61309199955997, 38.33135999974826], [-119.612918000381, 38.33146200021049], [-119.61282200012155, 38.331501000204184], [-119.61259000031792, 38.33162299968766], [-119.61246700029429, 38.331722000007034], [-119.61241299986763, 38.33177600012428], [-119.61235400031639, 38.33188400023794], [-119.61226800010267, 38.3319789998134], [-119.6121579995995, 38.33205799984768], [-119.61200899963657, 38.3321449998482], [-119.61188899998598, 38.33225300011659], [-119.61180299977224, 38.33237100008231], [-119.61166899987793, 38.33259599969944], [-119.61151599971708, 38.332807999798675], [-119.61134300036305, 38.33324199998857], [-119.61123100021004, 38.33370799992231], [-119.6112010000728, 38.33388299997928], [-119.61115500004206, 38.33402299986143], [-119.61109099956964, 38.334158999910805], [-119.61090599962172, 38.33443600008713], [-119.61084500042067, 38.33458800033682], [-119.61082600015409, 38.33474600026763], [-119.61085799994115, 38.33498499998098], [-119.61084500042067, 38.335093000244434], [-119.61080400041277, 38.33519800001347], [-119.6107359997424, 38.335293000176726], [-119.61064399968089, 38.335374999742754], [-119.61054199957364, 38.33543499989922], [-119.61043500034182, 38.335473999868576], [-119.61031999981581, 38.33549400013379], [-119.61020199981502, 38.33549500000595], [-119.61008700018728, 38.33547700019054], [-119.60997900023226, 38.33543999996874], [-119.60985799985843, 38.33536799992091], [-119.60960699978827, 38.33511399978763], [-119.60927600025047, 38.33480899988532], [-119.60905100011956, 38.334614000152904], [-119.6087980003996, 38.33433199980674], [-119.60872300005651, 38.334260000067225], [-119.60863900039092, 38.33419600008212], [-119.60812700020485, 38.33386100018458], [-119.60792100034054, 38.33376999984183], [-119.60756599961498, 38.333666000014865], [-119.60734700023018, 38.33358900012133], [-119.60726799968914, 38.3335859997212], [-119.60719200041949, 38.33360300010806], [-119.60699200040294, 38.333700999939424], [-119.60641800029258, 38.33384200006824], [-119.60633000042903, 38.333884999768095], [-119.6061809995678, 38.33401900029136], [-119.60605599989432, 38.33408400032447], [-119.60596100035808, 38.3341100003214], [-119.60583900015935, 38.33411900004713], [-119.60573299985414, 38.33409599972797], [-119.60559099956392, 38.33405400004542], [-119.60536100030845, 38.33395799977361], [-119.60529000016336, 38.333962000051756], [-119.60523099971381, 38.333993000261785], [-119.60519899992676, 38.33404299982255], [-119.60520399994962, 38.33409900010704], [-119.60523300026195, 38.33413800009083], [-119.60545300036996, 38.33430799966662], [-119.60574700009785, 38.33449000029577], [-119.60587199977131, 38.334546000234795], [-119.60605599989432, 38.33467600000187], [-119.60619800018453, 38.334759000148516], [-119.60628900042113, 38.33482199975485], [-119.60638700033044, 38.33490899996008], [-119.60656200023261, 38.33512399997064], [-119.60663800040062, 38.33523399977849], [-119.60675499967813, 38.335379999816425], [-119.60691500041004, 38.33550199981553], [-119.60710799985556, 38.33561099988362], [-119.60713600034298, 38.335641000222616], [-119.60715499971124, 38.335724999837545], [-119.60714100036584, 38.33579700023522], [-119.60709799980982, 38.33586399981684], [-119.60671000037063, 38.33620400033543], [-119.60642199959224, 38.33635899998018], [-119.60628500022321, 38.33636599970628], [-119.60614799995585, 38.33634099967477], [-119.6060600000923, 38.33629100029048], [-119.605962000183, 38.336257999931085], [-119.60589500023586, 38.33624500031919], [-119.60570899956468, 38.33623200000027], [-119.60554200005843, 38.336191000009165], [-119.60531799975244, 38.3360960003187], [-119.60474100016735, 38.33598800014104], [-119.60445999995997, 38.335945000279956], [-119.60420700023998, 38.33593899967462], [-119.6039279996824, 38.335952999911896], [-119.60358000042616, 38.33599999993387], [-119.60334400042463, 38.3360560001151], [-119.60305200034658, 38.336109999821055], [-119.60280999959892, 38.33618400026615], [-119.60269699962102, 38.3361979997515], [-119.60241799996176, 38.336205000197786], [-119.6022249996179, 38.336252999918], [-119.60215199982295, 38.33630499975517], [-119.60208099967787, 38.336327000217054], [-119.6020060002331, 38.33633099965977], [-119.60190900014872, 38.33630700018177], [-119.6018499996992, 38.336269999679196], [-119.60173300042163, 38.3360949997502], [-119.60161200004781, 38.335966000280855], [-119.60145899988693, 38.33586100021549], [-119.60122799990826, 38.3357469997709], [-119.60102899971663, 38.33566900010508], [-119.60082100020249, 38.335608000271804], [-119.60060600011732, 38.33556500018519], [-119.6003860000093, 38.33553900000571], [-119.5995349998895, 38.33548999994027], [-119.59880299959539, 38.33549900019924], [-119.59860599995191, 38.33551100007301], [-119.59833399996533, 38.33554699968253], [-119.59806799982658, 38.335605999825894], [-119.59777200044887, 38.33569399966382], [-119.59715399995757, 38.335948999743714], [-119.59706199989606, 38.33600199966426], [-119.59701699969024, 38.33605899970837], [-119.59699400012403, 38.33614699970075], [-119.59700800036771, 38.33621299980108], [-119.59706600009406, 38.33629100029048], [-119.59729500042289, 38.33641300016494], [-119.59745000023361, 38.336509999860816], [-119.5975909998006, 38.33661899982167], [-119.59812599955288, 38.33698199973082], [-119.59819400022327, 38.33705400028863], [-119.59824199990383, 38.337135999975594], [-119.5982660001933, 38.3372230002208], [-119.59826799984309, 38.33731200005577], [-119.5981749999567, 38.337591999686566], [-119.59811399985732, 38.337645999656985], [-119.59803100001663, 38.33767599985806], [-119.59793899995512, 38.33767699970011], [-119.5977049996034, 38.33763800021192], [-119.5972100000341, 38.33762000022431], [-119.59625599998213, 38.33761299991474], [-119.59612499956256, 38.337635999822055], [-119.59600300026214, 38.337679999930884], [-119.59589600013203, 38.33774299981595], [-119.59584900027636, 38.33778000027092], [-119.59579200037494, 38.3378520000357], [-119.59564699971169, 38.33798099967018], [-119.59547099998457, 38.338083999808816], [-119.59528900040972, 38.338151000093966], [-119.59469900040584, 38.338434000204884], [-119.5945370000241, 38.33855199996939], [-119.59446800042713, 38.338619999650824], [-119.59439899993187, 38.33870800005568], [-119.5942049997631, 38.33899699975259], [-119.59414500038694, 38.33903100009708], [-119.59407300041693, 38.33904399991371], [-119.59400100044691, 38.339032999743814], [-119.5932609997569, 38.33867000024627], [-119.59311699981684, 38.33861399997165], [-119.59296700002902, 38.33856999972549], [-119.59281200021833, 38.338538000234266], [-119.59236600015448, 38.33849700013886], [-119.59223499973491, 38.33850900022076], [-119.59210900023653, 38.33854300008966], [-119.59197199996916, 38.338609999950336], [-119.5914740000268, 38.3389510000901], [-119.59117399955284, 38.33914399978027], [-119.59086899995432, 38.33930700014757], [-119.59075099995354, 38.339345000327484], [-119.59055900033293, 38.339378999804055], [-119.58935699968555, 38.339436999827534], [-119.58921000027075, 38.33940800017387], [-119.58908200022424, 38.33934299998476], [-119.58868100036624, 38.33898799992814], [-119.58806299987495, 38.33850900022076], [-119.5871289999145, 38.33793299968551], [-119.58678800033097, 38.33774500020285], [-119.58654899995635, 38.33765499964815], [-119.58633200022138, 38.33761100022882], [-119.58609899969457, 38.3375359999879], [-119.58589799985312, 38.33744500003296], [-119.58584699979947, 38.33740899995727], [-119.58581599983732, 38.337367999927565], [-119.58578700042334, 38.337261000084546], [-119.58577700037758, 38.33692300000329], [-119.58577599965437, 38.33638599972527], [-119.58570500040757, 38.336269999679196], [-119.58566699987443, 38.33624799990458], [-119.58562699969144, 38.33623899973864], [-119.5855520002467, 38.3362370000148], [-119.58515999971124, 38.336262999943806], [-119.58487699985402, 38.336258999792754], [-119.58480499988399, 38.336268999817676], [-119.58412700001657, 38.33646200031086], [-119.58269799958843, 38.336943999720745], [-119.58259800002935, 38.336999000025585], [-119.58252400040948, 38.337087000285486], [-119.58250199976986, 38.33714800028286], [-119.58251299964053, 38.33723599965721], [-119.58268400024306, 38.337486000019084], [-119.58270000013658, 38.33754000006846], [-119.58269699976354, 38.3376420002869], [-119.58266999999935, 38.33771900010103], [-119.58257600028803, 38.33785399971498], [-119.5824199997541, 38.338048999887555], [-119.58232299966971, 38.338137000281414], [-119.58211199978253, 38.3382690003194], [-119.58191000011617, 38.33838300031885], [-119.5816459996272, 38.338592000204166], [-119.58150500006022, 38.33874500001783], [-119.58149900021242, 38.338778999775975], [-119.58151500010595, 38.338818999885476], [-119.58194299972811, 38.3392609999773], [-119.58201999972101, 38.33936900020832], [-119.5820330001398, 38.3394719997828], [-119.58202700029204, 38.33957199976319], [-119.58197000039061, 38.33971599988696], [-119.5818149996816, 38.33995800025272], [-119.58178500044271, 38.34003499971919], [-119.58187499995606, 38.3404289996979], [-119.58185700041271, 38.340500999648434], [-119.58181899987957, 38.340548000242954], [-119.58125399999004, 38.34086799973256], [-119.58095400041438, 38.341071999814275], [-119.58030199958792, 38.34145199991309], [-119.58028400004457, 38.341507000318536], [-119.58030300031115, 38.3415610001891], [-119.58035400036476, 38.341599999679254], [-119.58044300005324, 38.34164700026529], [-119.58052099987104, 38.341714000073644], [-119.58057299974956, 38.34178200031006], [-119.58061299993254, 38.341895999713515], [-119.58061399975743, 38.341975999991185], [-119.58057699994754, 38.34226199999724], [-119.58055100000826, 38.34239200001108], [-119.58049199955872, 38.34253399991127], [-119.5804399996802, 38.342617999989166], [-119.58030300031115, 38.34276900021133], [-119.58022100029535, 38.342834999915624], [-119.58013000005877, 38.34289399976049], [-119.57959500030647, 38.34315400010457], [-119.57947599958248, 38.34322799969587], [-119.57942600025208, 38.34327899969393], [-119.57930900007621, 38.34348800025026], [-119.57922100021268, 38.34358500033728], [-119.5791099998846, 38.343665000158765], [-119.57898000018824, 38.343726000253916], [-119.57868399991224, 38.34380899989665], [-119.57857500013229, 38.343872999844834], [-119.5784849997206, 38.343953999808235], [-119.57841799977344, 38.34404800000884], [-119.57838099996354, 38.344159999863784], [-119.57832099968908, 38.344225999709806], [-119.57824600024432, 38.344261999920654], [-119.57815500000773, 38.34427200025005], [-119.57750800010245, 38.34424199996229], [-119.577483999813, 38.344255000252936], [-119.57747399976724, 38.34429699965845], [-119.57750399990448, 38.34435599972162], [-119.5779349998997, 38.34459899983339], [-119.57808999971039, 38.344695000096515], [-119.5782160001071, 38.3447919999763], [-119.57918299967952, 38.34577000004093], [-119.57965300003282, 38.3463440001129], [-119.57977199985851, 38.346514999653806], [-119.57981700006432, 38.34659900004674], [-119.57985200022443, 38.34672100017557], [-119.57985399987425, 38.346846999665516], [-119.57982200008722, 38.34696999979492], [-119.579759000338, 38.34708499990453], [-119.57966100042871, 38.34717999997985], [-119.57940699998551, 38.3473490002434], [-119.57899600008177, 38.34756399997122], [-119.57869700033103, 38.34769200022042], [-119.57817599992413, 38.34785100015991], [-119.57782500029487, 38.347945000234624], [-119.57723600011587, 38.348126000019946], [-119.57679000005206, 38.34823599981245], [-119.57613700029898, 38.348357000307146], [-119.57548600019572, 38.348500000182874], [-119.57532100033929, 38.348514999798724], [-119.57508000031486, 38.34851699988817], [-119.57487799975017, 38.34855300007982], [-119.57469000032754, 38.34861999984092], [-119.57458599967212, 38.34868199968028], [-119.57445500015086, 38.34879899997118], [-119.57440099972422, 38.34886499981703], [-119.57432200008148, 38.349008999784374], [-119.57429799979205, 38.34908499980823], [-119.57428000024869, 38.34920099976503], [-119.57425099993637, 38.34974200026771], [-119.57428600009648, 38.349838000054525], [-119.57435600041667, 38.349920999738295], [-119.57445500015086, 38.349982999872815], [-119.57484900033617, 38.35015300031042], [-119.57489000034404, 38.350188999688825], [-119.57490799988742, 38.35022499975383], [-119.57378700032918, 38.351044999753974], [-119.57282800025438, 38.35143699971776], [-119.57172699988932, 38.351666000008635], [-119.57065499983658, 38.35154999977341], [-119.56823600026985, 38.35161900028795], [-119.56475200032307, 38.35017799980235], [-119.56327600003928, 38.34924299982504], [-119.56138499965382, 38.34818800028221], [-119.56085800029744, 38.34794599993499], [-119.559988999736, 38.34750199987925], [-119.55961100034251, 38.34745599998129], [-119.55923300005075, 38.34754700004219], [-119.55830400011318, 38.34761600014375], [-119.5567640002553, 38.34725000014104], [-119.555272000078, 38.346559000005996], [-119.55497999999996, 38.34634499983536], [-119.55430299995744, 38.34576900031053], [-119.55391700016804, 38.345580000293985], [-119.55290100019181, 38.345328999945735], [-119.5510419995934, 38.34452800018075], [-119.54987900020241, 38.34443699984946], [-119.54836799975854, 38.344071999740734], [-119.54793299956535, 38.34402599977797], [-119.5468870003502, 38.34427699970969], [-119.54639299970746, 38.34430000031958], [-119.54600199989522, 38.34424400016974], [-119.54597400030615, 38.344306000232415], [-119.54584999955927, 38.344450999853656], [-119.54568899990079, 38.344579999714846], [-119.54551300017367, 38.344694000351325], [-119.54522100009562, 38.344844000025425], [-119.54509800007197, 38.34489399984776], [-119.54495199958379, 38.344932999657026], [-119.54548700023443, 38.34537499978554], [-119.54551599964843, 38.346176000047194], [-119.54601100011605, 38.346701999909136], [-119.5463590002706, 38.34727299980685], [-119.54720299981939, 38.34763899969334], [-119.54755099997392, 38.34791399965388], [-119.5478720003643, 38.348440000279226], [-119.54816299971912, 38.34937799980267], [-119.54839600024593, 38.34976699990158], [-119.54906499989254, 38.350270000338284], [-119.54973299971421, 38.35058999985243], [-119.55108500014941, 38.35096599999319], [-119.55121499984577, 38.35100199967194], [-119.55287000022967, 38.35132299983211], [-119.55417800028395, 38.35175899971083], [-119.55533999985005, 38.352032999881295], [-119.55626799996274, 38.35262900007071], [-119.55671300020167, 38.352806000183406], [-119.5566820002395, 38.35288399971364], [-119.55661399956917, 38.35297899993116], [-119.55642100012362, 38.35313400031511], [-119.5563569996512, 38.35320499998476], [-119.55631300016859, 38.353284999747444], [-119.55629200025218, 38.3533699996626], [-119.55628999970403, 38.35343299999114], [-119.55635900019932, 38.35407100000659], [-119.55585799988393, 38.35475599986455], [-119.55569399985238, 38.35494800010583], [-119.55527700010087, 38.35535299978172], [-119.55493399996917, 38.35567100018848], [-119.55486199999916, 38.35572500006564], [-119.5544639996159, 38.355940000286154], [-119.55409200007024, 38.35612200010484], [-119.55384600002296, 38.356321000157166], [-119.55344799963969, 38.35669899998924], [-119.55339199956316, 38.35678099997931], [-119.55334600043074, 38.35689499972532], [-119.55333200018703, 38.35701299970588], [-119.55334999973037, 38.35713100019855], [-119.5533980003093, 38.35724399982142], [-119.5534219997004, 38.357281000177025], [-119.55376700038022, 38.3576260001458], [-119.55469299994479, 38.35850100034053], [-119.55492800012141, 38.35874799980023], [-119.55534900007089, 38.359420000108], [-119.55542600006379, 38.359639999729715], [-119.55543199991155, 38.35973700001974], [-119.55539599992655, 38.35995599984797], [-119.55519699973493, 38.36049799982593], [-119.55499800044163, 38.361228000273314], [-119.55496199955827, 38.36147299985427], [-119.55496099973338, 38.361494000202384], [-119.55495900008354, 38.361549999692166], [-119.55493999981698, 38.361631000311455], [-119.5548439995575, 38.3617659997334], [-119.55471399986115, 38.36188100029466], [-119.55443000017902, 38.362044000207575], [-119.55368299981632, 38.36171099992106], [-119.55283300041975, 38.36144800003561], [-119.55222999999708, 38.361215999729176], [-119.55208500023213, 38.3611740002743], [-119.55193600026921, 38.36114399994434], [-119.55091299972199, 38.36102599965306], [-119.55053799980324, 38.361016999748294], [-119.55035399968023, 38.36104799965033], [-119.55026199961873, 38.361075000054015], [-119.54993199990585, 38.36122100013224], [-119.54978299994292, 38.3612660002224], [-119.54967199961484, 38.361311999800435], [-119.54956600020796, 38.36136800013541], [-119.54944099963616, 38.361450999986154], [-119.54936399964329, 38.36152799984745], [-119.54932099998558, 38.3615999999547], [-119.54890400023405, 38.36216800008995], [-119.54850300037604, 38.362463999882046], [-119.54787400001413, 38.36286499968535], [-119.5472399996293, 38.36324800012665], [-119.54692300033521, 38.363385999925086], [-119.54681700003, 38.36347099995583], [-119.54675000008284, 38.36357799981951], [-119.54620399956158, 38.36540799975398], [-119.54615699970593, 38.36550600022499], [-119.54609800015469, 38.3655999999196], [-119.54602700000957, 38.3656879999427], [-119.54589399994019, 38.36581300007968], [-119.5453669996855, 38.366203000077554], [-119.54528399984481, 38.3662559996947], [-119.54452499978655, 38.36667799987317], [-119.54362199978821, 38.36722400008123], [-119.54335599964944, 38.367488000244755], [-119.54329399972517, 38.367574999951636], [-119.54321000005957, 38.367650000076424], [-119.54316099965575, 38.367682000087264], [-119.54301900026385, 38.367732999767085], [-119.54283699979068, 38.36776099992131], [-119.54274999975202, 38.36775999979018], [-119.54259400011642, 38.36774499993512], [-119.54210500039487, 38.36762599970687], [-119.54198800021902, 38.367621999879304], [-119.54181099976869, 38.36763699975987], [-119.54119300017572, 38.36778699980326], [-119.54002700041167, 38.36815200011269], [-119.53989500016718, 38.36821400013094], [-119.53978100036436, 38.3682959997554], [-119.53928900026979, 38.368704999887655], [-119.53823099956243, 38.369623000300685], [-119.53817500038427, 38.36968800007646], [-119.53807599975175, 38.36975199969026], [-119.53799899975883, 38.369779999767594], [-119.53794000020761, 38.36979100019751], [-119.53785900001677, 38.36982600027365], [-119.53778299984879, 38.36987300014802], [-119.53756399956566, 38.37007100033266], [-119.53736299972424, 38.37031500017072], [-119.53725300011935, 38.37038599989404], [-119.53712099987487, 38.37042700024813], [-119.53702600033863, 38.370435999687174], [-119.53694799962251, 38.37043099992071], [-119.53669699955235, 38.37045899973533], [-119.53654099991675, 38.37049300009938], [-119.536390000304, 38.37054000024487], [-119.53624600036396, 38.37059900005463], [-119.53611099974643, 38.37067000020361], [-119.53598600007297, 38.37075099977266], [-119.53587200027015, 38.37084300022531], [-119.53548899995549, 38.371203000198555], [-119.53525200012905, 38.3714819997207], [-119.53496699972366, 38.371728999959984], [-119.53475599983649, 38.371855999672135], [-119.53459000015513, 38.37194199968896], [-119.53486100031678, 38.372367000015565], [-119.53511400003676, 38.372670000093], [-119.5353130002284, 38.372990999962425], [-119.53538500019843, 38.373068000223995], [-119.53547100041217, 38.37313399977928], [-119.53556599994839, 38.373194000347134], [-119.53566800005564, 38.37324499966392], [-119.53577699983559, 38.37328699986134], [-119.53594800043813, 38.373333000250845], [-119.5362489998387, 38.373399000268705], [-119.53648400001532, 38.373426000290685], [-119.53672199966671, 38.37343400000833], [-119.53703999968403, 38.37341399965614], [-119.53723600040091, 38.37342500023786], [-119.53753199977861, 38.373525999866914], [-119.53797299981959, 38.37371500018161], [-119.53812699980537, 38.373804000244554], [-119.53840700018786, 38.374019000293096], [-119.53900700023748, 38.374454000075225], [-119.53854100008216, 38.374421000202894], [-119.53793000016188, 38.374247000242775], [-119.5369409999498, 38.37376899997963], [-119.53592199960055, 38.37377100007573], [-119.53496199970083, 38.37363599980456], [-119.5345249998578, 38.37349999993405], [-119.53402899956525, 38.37254200033597], [-119.5321659996672, 38.37135700021928], [-119.53132200011842, 38.37026300010103], [-119.52972000033625, 38.36875799978556], [-119.52823499983164, 38.36764100029092], [-119.528147999793, 38.36745899984969], [-119.52826300031907, 38.36650099986589], [-119.52814600014322, 38.36599900035165], [-119.52791799963926, 38.36569699997106], [-119.52774600011011, 38.36595200007435], [-119.52770900030019, 38.36603199983875], [-119.52767699961481, 38.3661300001692], [-119.52765800024657, 38.36622999996709], [-119.52765999989639, 38.36634200002752], [-119.52770500010222, 38.366513000238214], [-119.52770599992716, 38.366642000241036], [-119.52767400014008, 38.36676899972437], [-119.52760800001786, 38.366887999953065], [-119.52751299958331, 38.36699400025839], [-119.52739799995555, 38.36707699999703], [-119.52692199975449, 38.3674629996863], [-119.52652099989652, 38.3678050000411], [-119.52624999973487, 38.3680680000714], [-119.52596900042577, 38.36843299966797], [-119.52559500033198, 38.36880099988679], [-119.52494599987854, 38.36940199992209], [-119.52393400010028, 38.37036899968892], [-119.52372499986289, 38.370596999870855], [-119.52363600017443, 38.370668000021794], [-119.52353800026515, 38.370732000177505], [-119.52343199995995, 38.37078700017805], [-119.52326999957823, 38.370850000140145], [-119.52289100035986, 38.37094099967546], [-119.52272399995529, 38.37142099976563], [-119.52251600044113, 38.37175499982496], [-119.5223170002495, 38.37200399998156], [-119.52224799975421, 38.372115000191094], [-119.52219000002792, 38.37223700028835], [-119.52214900002002, 38.372362999745754], [-119.52208799992064, 38.372691000009546], [-119.5220290003694, 38.37287299996974], [-119.52157400008474, 38.373837999741156], [-119.52130200009819, 38.37446799990985], [-119.52118200044758, 38.37466900030513], [-119.52086100005721, 38.375078999660616], [-119.52062699970548, 38.37545200001036], [-119.52028799977178, 38.375955000169064], [-119.51976200024032, 38.37660999973463], [-119.51940300021514, 38.37697299990108], [-119.51886500008978, 38.377496999978945], [-119.51835799992655, 38.37801999979337], [-119.51829699982721, 38.378094999656085], [-119.51824699959847, 38.378174000094084], [-119.51817999965134, 38.37834199985614], [-119.51810000018372, 38.37889599990364], [-119.51806400019869, 38.379011999981515], [-119.51801899999288, 38.37910699971247], [-119.51796200009144, 38.3791970001579], [-119.51789400031939, 38.37928099995622], [-119.51781399995343, 38.379359999803285], [-119.51774000033362, 38.37944999993397], [-119.51762499980755, 38.379563999891786], [-119.51749599993613, 38.379667000039], [-119.51735299982099, 38.37975999968354], [-119.5171989998352, 38.3798410003442], [-119.51703499980367, 38.379908000022326], [-119.5166849999993, 38.38001700015431], [-119.51609800036847, 38.38015199978654], [-119.51565499977936, 38.38028200008101], [-119.5148949998962, 38.38047300026322], [-119.51466899994037, 38.38051599974061], [-119.51454400026691, 38.38055500007976], [-119.51442399971798, 38.380603999934394], [-119.514311999565, 38.38066299998834], [-119.51420799980791, 38.38073000031357], [-119.51411300027166, 38.38080600013433], [-119.5138479999578, 38.381075999722874], [-119.51339299967314, 38.38147100026554], [-119.5130720001811, 38.38172499977282], [-119.51243799979628, 38.382145000012144], [-119.51235699960543, 38.382215000167044], [-119.51228700018353, 38.38230099984207], [-119.5122289995589, 38.38239299969243], [-119.51218300042648, 38.382489999767635], [-119.51213999987044, 38.382637000228996], [-119.51201900039493, 38.38337799965877], [-119.51197599983891, 38.383488000109196], [-119.5119039998689, 38.38358699994903], [-119.51177900019542, 38.38370799980402], [-119.51124299971991, 38.38236600020006], [-119.51101099991631, 38.38213699984928], [-119.5105459995859, 38.381976999927396], [-119.51016700036753, 38.38172499977282], [-119.50973299999927, 38.380259000338405], [-119.50987899958912, 38.37909100012233], [-119.5097920004488, 38.37881600027578], [-119.5093279999433, 38.3782190002069], [-119.5091249995537, 38.376892000254585], [-119.5090380004134, 38.37677800031159], [-119.50898200033687, 38.37491999965384], [-119.50878300014527, 38.3741039998085], [-119.50802900010986, 38.37236399981322], [-119.50805699969897, 38.37183699966287], [-119.50841200042451, 38.3711460003456], [-119.50939200041572, 38.36971199976215], [-119.50939599971535, 38.369386000298746], [-119.509298999631, 38.369011000145335], [-119.50936800012627, 38.36673199999217], [-119.50957300016567, 38.36602299985205], [-119.50960300030292, 38.3652220000763], [-119.50945799963965, 38.36460499986631], [-119.50928399956237, 38.36442200006551], [-119.50826699976122, 38.36361999999264], [-119.50820900003492, 38.36336900018872], [-119.50829600007356, 38.36323099965345], [-119.50896700026829, 38.362706999808466], [-119.50934499966174, 38.36229499967544], [-119.50972399977843, 38.36110499970818], [-119.51047899963875, 38.360511000016004], [-119.51050899977596, 38.3603049999806], [-119.50995700030526, 38.35977900030833], [-119.50960800032578, 38.359619000252536], [-119.50850500031092, 38.35943599982125], [-119.50766300041198, 38.359045999991544], [-119.50714100018013, 38.35829099987763], [-119.50711199986785, 38.358100000312966], [-119.50679499967542, 38.35808199977481], [-119.50664700043573, 38.358084000304395], [-119.50653100008478, 38.35809599995895], [-119.50645300026697, 38.358103999962346], [-119.50600499965499, 38.358121999790605], [-119.5058499998443, 38.35813799979071], [-119.50545800020714, 38.35824400023063], [-119.50483399986807, 38.358642000098236], [-119.50435500019228, 38.3588839999215], [-119.50368700037059, 38.359160999943036], [-119.50099300044421, 38.360192000204606], [-119.50031100037882, 38.36040999983256], [-119.50017099973844, 38.36047999988402], [-119.49966399957522, 38.3607670003031], [-119.49900499997437, 38.361225999830566], [-119.49883599991998, 38.361376999996516], [-119.49862000000994, 38.361618999834114], [-119.49838999985613, 38.36194000011968], [-119.49820599973314, 38.36213800017194], [-119.49732899967408, 38.362953000216145], [-119.4970430003421, 38.36323700011096], [-119.49672000030192, 38.363495999780156], [-119.4965069998666, 38.36364000023425], [-119.49628799958347, 38.36376999990901], [-119.49609099993998, 38.36386899996525], [-119.49567800038643, 38.36401299967729], [-119.49361799994654, 38.36454700027586], [-119.49206100037024, 38.364922000316064], [-119.4904110000092, 38.36528200016089], [-119.48988499957943, 38.36540799975398], [-119.4894529997593, 38.36552599994547], [-119.4888340003414, 38.365733000073234], [-119.48862400027913, 38.365765999681656], [-119.48847799979093, 38.3657770000173], [-119.48816099959853, 38.36578099994688], [-119.48731700004974, 38.36573099975502], [-119.4856990003741, 38.365652999978344], [-119.48551900044903, 38.365655000298766], [-119.48525900015801, 38.36567700029783], [-119.48498100032367, 38.36573900032333], [-119.4846099997046, 38.36585099973487], [-119.48428599983951, 38.36592200031599], [-119.4840669995564, 38.365949999762144], [-119.48395399957847, 38.36596600014516], [-119.48353500017714, 38.36598199982029], [-119.48204299999983, 38.36591600008106], [-119.48196600000695, 38.36591300031561], [-119.48055500002052, 38.36576900015755], [-119.47852999974073, 38.36567799975339], [-119.4780279996004, 38.36561900015781], [-119.47753700022905, 38.365519000220026], [-119.47707699992152, 38.36540300034451], [-119.47668399956112, 38.365288999909254], [-119.47641800032065, 38.36518400009094], [-119.47557999972136, 38.3647770001271], [-119.47496399977821, 38.36437200034357], [-119.47469000014182, 38.3641520003113], [-119.4742950001316, 38.36377500013565], [-119.47381899993051, 38.3632330000408], [-119.47381100043295, 38.36322399970607], [-119.47367699964032, 38.363021999725134], [-119.4735770000812, 38.36282399997775], [-119.47336100017112, 38.36247500001514], [-119.47290699971137, 38.361647999751646], [-119.47252199974692, 38.36103100006925], [-119.47246200037077, 38.36096800001242], [-119.47230300036209, 38.36074999995168], [-119.47205200029194, 38.36044699997887], [-119.47180100022177, 38.36017499971815], [-119.47160000038033, 38.35999600023716], [-119.47057400035835, 38.359010000085604], [-119.46997599995855, 38.358463999904004], [-119.4694379998332, 38.357972000145686], [-119.46705500025148, 38.35571300001818], [-119.4667339998611, 38.355408000197855], [-119.46599700044244, 38.35470000005049], [-119.4648419996507, 38.353603000078685], [-119.46353199994661, 38.35238499978721], [-119.46311299964698, 38.352070000081966], [-119.46287300034577, 38.35190100026796], [-119.46245800024406, 38.35163700031949], [-119.46201399983005, 38.351395000225686], [-119.46161999964474, 38.351208000111654], [-119.46123800005331, 38.35104600011605], [-119.4611719999311, 38.35101599981614], [-119.460559000361, 38.35082399971602], [-119.45939400042184, 38.35048400018318], [-119.45712499974462, 38.34984899999263], [-119.45697800032981, 38.34980100012243], [-119.45407299961798, 38.34900600002278], [-119.45402499993739, 38.34899299988042], [-119.45287800043988, 38.34866700009902], [-119.45224900007794, 38.34846899983964], [-119.45169300040928, 38.349131000080554], [-119.45122800007884, 38.349657000320924], [-119.44990699960577, 38.35124900005747], [-119.44881799983462, 38.352578000316164], [-119.44865100032837, 38.35275699982138], [-119.44816000005868, 38.353378000188194], [-119.44795300036942, 38.353670999720165], [-119.44711200029539, 38.35466900024805], [-119.44622900038856, 38.3557770000137], [-119.44474300005903, 38.35749700027641], [-119.44444900033116, 38.35785999981366], [-119.44419499988794, 38.35817799977562], [-119.44392000042666, 38.35859699978579], [-119.4436979997705, 38.35906999968412], [-119.44360300023426, 38.35933400000369], [-119.44355200018063, 38.35947500025221], [-119.44347099998976, 38.35984199999113], [-119.44344199967746, 38.360011999823165], [-119.4434319996317, 38.360150999687505], [-119.44344900024846, 38.36053000018125], [-119.44363599984621, 38.36147899975307], [-119.44400300026732, 38.36292999989564], [-119.44407900043532, 38.363352999935984], [-119.44408699993294, 38.36374599966156], [-119.44402599983356, 38.3643699999877], [-119.44394899984066, 38.3656850001678], [-119.44390799983276, 38.366618999684064], [-119.443901999985, 38.366767000139085], [-119.44389799978703, 38.36693300004184], [-119.44394200016797, 38.36728399991487], [-119.44398599965058, 38.36748899967531], [-119.44405799962061, 38.36772799981388], [-119.44437200033826, 38.36856299989014], [-119.4445439998674, 38.369072000019], [-119.4453310004131, 38.371041999954535], [-119.4455630002167, 38.37167800027906], [-119.4458460000739, 38.372242999999216], [-119.44619599987827, 38.3727730001953], [-119.44663600009433, 38.37323100029693], [-119.44708299998307, 38.37359800001146], [-119.44789599956971, 38.37429700018509], [-119.44807100037022, 38.37446799990985], [-119.44826399981574, 38.37469699988843], [-119.44842500037257, 38.37494100032587], [-119.44855300041907, 38.37519700028128], [-119.44901200000336, 38.376458000351974], [-119.44943700015082, 38.3776719998638], [-119.44985499972725, 38.37890299974365], [-119.45022999964596, 38.37994200017156], [-119.45028599972248, 38.38009100009865], [-119.45070699967194, 38.38121000025035], [-119.45093699982571, 38.381859999738445], [-119.45098200003156, 38.381991999649024], [-119.45111000007807, 38.38224700007444], [-119.45139299993531, 38.38273100020453], [-119.45158100025627, 38.3829580002411], [-119.45192900041081, 38.38335400028081], [-119.45258600036183, 38.38397099977425], [-119.45270699983735, 38.38409199969098], [-119.4527870002033, 38.384170999917366], [-119.45289900035628, 38.384303999738016], [-119.45299300006761, 38.38444599982727], [-119.4530680004107, 38.38459500033525], [-119.45312199993906, 38.38474900001788], [-119.45315600027425, 38.38490599975916], [-119.4531679999698, 38.38506600024374], [-119.45313500035783, 38.38547300016702], [-119.45314600022849, 38.38561500007364], [-119.45317600036573, 38.38575599981914], [-119.4532240000463, 38.38589299976798], [-119.45329099999344, 38.38602599994295], [-119.45337499965903, 38.38615200003131], [-119.45347400029156, 38.3862710000697], [-119.45358999974418, 38.386381000345246], [-119.4539420000967, 38.38664799993412], [-119.45409899955722, 38.38679799999858], [-119.45423499999967, 38.3869600002539], [-119.45434899980246, 38.38713200018867], [-119.45444000003909, 38.38731299987071], [-119.45450600016132, 38.38749999965776], [-119.4545470001692, 38.38769200035182], [-119.45462099978907, 38.38916199986436], [-119.4546590003222, 38.38955299988074], [-119.45464199970543, 38.389857000328924], [-119.45458499980404, 38.390158000034674], [-119.4544890004429, 38.39045300028734], [-119.45435300000044, 38.390737999794325], [-119.45424000002254, 38.39092400006745], [-119.45341700039013, 38.391981999977965], [-119.45324400013779, 38.39224299984679], [-119.45302300020485, 38.39263100003631], [-119.4528380002569, 38.3930610002384], [-119.45279899989887, 38.39315199999918], [-119.45275299986811, 38.39329999969047], [-119.4527239995558, 38.39350799969601], [-119.45272299973088, 38.393525999871486], [-119.45270199981448, 38.39395899969059], [-119.45270900038548, 38.39421899969859], [-119.4527300003019, 38.394437000317], [-119.45277299995959, 38.394888000149386], [-119.45292000027268, 38.396207000136556], [-119.45294100018907, 38.396558999940574], [-119.45291500024982, 38.397045000197636], [-119.45288900031055, 38.39724599981396], [-119.45277100030977, 38.39784999995329], [-119.45276200008892, 38.39801799977578], [-119.4527749996094, 38.39818599991187], [-119.45291299970168, 38.3988080002105], [-119.45320800015278, 38.39978199968541], [-119.45322700041936, 38.39984499974099], [-119.4533300003515, 38.40052599988774], [-119.45343999995637, 38.402257999654644], [-119.45342200041303, 38.40302699996111], [-119.45330900043513, 38.40374199992129], [-119.45306900023562, 38.404735999936406], [-119.45287800043988, 38.40533899983119], [-119.45256799992018, 38.405967000258514], [-119.45086099965772, 38.40904100027041], [-119.4506260003794, 38.40952900018603], [-119.45049900015779, 38.40983500020895], [-119.45042600036287, 38.41011099990487], [-119.45036299971537, 38.41042899970132], [-119.45034199979897, 38.4106149999961], [-119.45032199970748, 38.41111199985041], [-119.45055199986125, 38.412762999749674], [-119.45060600028793, 38.41355900001983], [-119.45061299996061, 38.414042000123295], [-119.4505910002193, 38.414424999910935], [-119.45046200034787, 38.41510300009953], [-119.45026800017912, 38.41568200015718], [-119.44994799961364, 38.41632099977964], [-119.44946899993788, 38.41707400003116], [-119.44823600022666, 38.41884199989956], [-119.4478239995997, 38.41941299999469], [-119.44773699956104, 38.419557000341435], [-119.44762699995621, 38.419789000061684], [-119.4475480003135, 38.42002899993475], [-119.44750200028273, 38.42027499966334], [-119.44748800003902, 38.42052200006712], [-119.4475070003056, 38.42076999972824], [-119.44758000010053, 38.42115999971506], [-119.44768800005556, 38.421464000265544], [-119.4478389996683, 38.421764999976034], [-119.4489729996453, 38.42357999991404], [-119.44925700022576, 38.424085999764394], [-119.44949499987715, 38.424567999816205], [-119.44969300024384, 38.42506600014721], [-119.44983999965864, 38.42562499989056], [-119.45021499957736, 38.42722200034812], [-119.45060700011283, 38.42876899972918], [-119.4509920000773, 38.43011000005869], [-119.4511129995528, 38.43044599992047], [-119.45164499983038, 38.431534999722594], [-119.45208699969625, 38.4323900000964], [-119.45255899969933, 38.43328899988282], [-119.45265800033187, 38.433550999692145], [-119.4527100002104, 38.43371499986252], [-119.45276499956367, 38.433942000247356], [-119.45280300009682, 38.43415100001408], [-119.45283700043198, 38.43459199990026], [-119.45279300005106, 38.43697900018272], [-119.4528230001883, 38.43765599989713], [-119.45293000031845, 38.43870500025764], [-119.45316600031998, 38.44046799989542], [-119.45348299961408, 38.442716999948885], [-119.45358700026947, 38.44312699968707], [-119.45372500036171, 38.44352699993283], [-119.45398399992949, 38.44406299974177], [-119.45422599977883, 38.44445599990114], [-119.45459800022283, 38.44493199976178], [-119.45576300016197, 38.44625499990566], [-119.45649499955776, 38.44706399984449], [-119.45681500012323, 38.44746999988084], [-119.45719699971465, 38.44805499981716], [-119.45730999969253, 38.448252999782184], [-119.45740099992913, 38.44843700032866], [-119.45754599969409, 38.44877500015585], [-119.45833599971452, 38.45117799980075], [-119.45883299983198, 38.452822999740704], [-119.45897000009933, 38.45311000020462], [-119.45910499981852, 38.453315000037996], [-119.45926700020024, 38.453507000342064], [-119.46029200039732, 38.45444100016085], [-119.46050699958415, 38.454710999746155], [-119.46057799972927, 38.45481900000081], [-119.46066099956992, 38.455038000314005], [-119.46067700036177, 38.45516100009235], [-119.46067399998874, 38.45535099975541], [-119.460659999745, 38.455497000133946], [-119.46061299988938, 38.45565800012689], [-119.46052400020089, 38.45582399995314], [-119.46039699997928, 38.455982999987974], [-119.46019000029005, 38.45617000005832], [-119.4598770002956, 38.45636399972064], [-119.45974500005113, 38.45646999969282], [-119.45962700005035, 38.45658700009852], [-119.45952499994311, 38.45671300026905], [-119.45943999955429, 38.45684600024942], [-119.45937400033036, 38.456986000000896], [-119.45932699957638, 38.457129999984396], [-119.4592989999873, 38.45727800017591], [-119.45928999976645, 38.45742699965803], [-119.45943000040687, 38.45867399987655], [-119.45943799990447, 38.45889000031727], [-119.4593769998051, 38.45933199986111], [-119.45924700010875, 38.45966099971291], [-119.45918900038242, 38.46007100025666], [-119.45917500013874, 38.46033400018327], [-119.45918900038242, 38.46058299981847], [-119.45923000039029, 38.46079900017022], [-119.45926999967496, 38.460921999974076], [-119.45931900007878, 38.46102099995548], [-119.45938600002592, 38.461127000118886], [-119.45950499985163, 38.461259999698775], [-119.46012900019068, 38.46182700033958], [-119.46076100002736, 38.46236400020495], [-119.461024999618, 38.46259900022187], [-119.4615180004358, 38.4630809998872], [-119.46291400035365, 38.464686999995095], [-119.46303999985203, 38.46487400001015], [-119.46315000035518, 38.465084999918886], [-119.46325300028735, 38.465391999660255], [-119.46328000005154, 38.46551399988657], [-119.46329400029525, 38.46583500033785], [-119.4632850000744, 38.46595200032449], [-119.46324400006654, 38.466169000248186], [-119.46304700042302, 38.46691399981756], [-119.46276899969037, 38.46767800027426], [-119.46266099973533, 38.46791799991437], [-119.46230199971012, 38.46865899983821], [-119.4616010002765, 38.4699400000022], [-119.4614339998719, 38.470378000284626], [-119.46141499960535, 38.470494999933926], [-119.46142499965109, 38.47070000029832], [-119.46146400000914, 38.47086100011759], [-119.46193500018734, 38.47213100022151], [-119.46206800025674, 38.47274400021127], [-119.46208699962499, 38.47306799966669], [-119.46206700043182, 38.47342300002269], [-119.46201200018021, 38.4737929996924], [-119.46197799984505, 38.473930000101504], [-119.46166300020076, 38.47467599972196], [-119.46152699975833, 38.47492100025712], [-119.46132900028992, 38.47535999986839], [-119.46116299971025, 38.47582399998313], [-119.46047599962199, 38.47824799965693], [-119.46021799987916, 38.47926400010582], [-119.4601650001757, 38.47971999979892], [-119.4601800002443, 38.47991700006784], [-119.46022200007711, 38.48011099984939], [-119.46028900002428, 38.480301999870946], [-119.46038100008575, 38.48048500026733], [-119.46049700043673, 38.48065999969304], [-119.46113099992323, 38.48149099978644], [-119.46133199976467, 38.481830000106875], [-119.4617500002394, 38.48264199965782], [-119.46208999999803, 38.4832710000152], [-119.46213299965575, 38.48339400016556], [-119.46216000031822, 38.483519999913355], [-119.46217500038685, 38.48377699981548], [-119.46213400037895, 38.484006000091604], [-119.46205800021097, 38.48416499987687], [-119.46197899966995, 38.4842709997732], [-119.46189199963133, 38.48439099985251], [-119.46180100029304, 38.48447800018938], [-119.46169099978987, 38.48456399979679], [-119.46148900012352, 38.48468500001101], [-119.4612840000841, 38.484772999911286], [-119.46107499984672, 38.48483199999205], [-119.46008700035789, 38.4850429998618], [-119.45871999985408, 38.48536599968209], [-119.45844600021769, 38.485462000131186], [-119.45814800029186, 38.48564500008364], [-119.45797099984152, 38.48578899980027], [-119.4578279997264, 38.4859329999323], [-119.45750399986127, 38.48628499982503], [-119.45711899989682, 38.48673699983474], [-119.45689600031407, 38.48703399992804], [-119.45679300038191, 38.48721199998208], [-119.45562000004682, 38.487225999770196], [-119.45099600027525, 38.48708999990557], [-119.45112000012381, 38.487345999851236], [-119.45113699984226, 38.48742399979677], [-119.45114000021532, 38.48749100026853], [-119.45112699979653, 38.48757400015785], [-119.45107300026818, 38.48767099965324], [-119.45090900023663, 38.4878649996586], [-119.45072900031157, 38.48802400007093], [-119.45011800039129, 38.48853000025125], [-119.4496410003653, 38.488864999658084], [-119.44954799958056, 38.488923000043705], [-119.44939100012006, 38.489004999830335], [-119.44913199965396, 38.48910399992855], [-119.44901799985115, 38.4891699996841], [-119.44892599978962, 38.48925199989281], [-119.4488580000176, 38.489347000232264], [-119.4488160001848, 38.489450999831156], [-119.44875099988745, 38.4900579997216], [-119.44873099979598, 38.49015400024837], [-119.44868399994031, 38.49029700025393], [-119.44861799981808, 38.49043599991356], [-119.44855900026685, 38.49053299977515], [-119.44800799972272, 38.49127600034987], [-119.44775900020068, 38.491565000017886], [-119.4476830000327, 38.49162499998612], [-119.44761699991045, 38.49168999971954], [-119.44751399997828, 38.491834000012695], [-119.44747700016836, 38.49191100020268], [-119.44745100022912, 38.49199099976505], [-119.44731399996175, 38.49264600004798], [-119.44729100039554, 38.49279699989229], [-119.44727700015181, 38.49302700013662], [-119.44728399982453, 38.49415199986222], [-119.44734800029696, 38.495104000061794], [-119.44736500001538, 38.49601399978334], [-119.44741100004615, 38.496988000087626], [-119.44735599979454, 38.49776999981803], [-119.44736699966519, 38.497915000349956], [-119.44739699980244, 38.49805699998195], [-119.4474429998332, 38.49818800017151], [-119.44746799994755, 38.4983240001807], [-119.44748700021412, 38.498568000049815], [-119.44747399979533, 38.49881100007199], [-119.44737699971095, 38.49946800034986], [-119.44736500001538, 38.49964000023972], [-119.44736300036554, 38.4998610002392], [-119.44737699971095, 38.50021199987858], [-119.44735400014473, 38.50034800028457], [-119.4472889998474, 38.500534999896296], [-119.44724100016681, 38.50063400032124], [-119.4470989998766, 38.50086499984634], [-119.4470219998837, 38.50096000033992], [-119.44698699972362, 38.5010680002234], [-119.44696900018027, 38.501278999652286], [-119.44690499970784, 38.5016179996827], [-119.44636999995555, 38.50335700034319], [-119.44626200000053, 38.50358499989633], [-119.44595400002893, 38.50404600001284], [-119.44593999978525, 38.504100999771744], [-119.44591600039412, 38.50442799991258], [-119.44588100023401, 38.50455299979122], [-119.44580699971584, 38.504731999790906], [-119.44520800038946, 38.50585500024488], [-119.44514499974196, 38.50604899979196], [-119.44512600037369, 38.506210999709104], [-119.44512999967333, 38.50630699980042], [-119.44529000040522, 38.507166000340725], [-119.44530100027589, 38.50729199999366], [-119.44527699998642, 38.50741800012905], [-119.44491799996123, 38.50869499990108], [-119.44480499998332, 38.5090960002167], [-119.44473499966311, 38.50922300028928], [-119.44463199973094, 38.509335999728286], [-119.44450200003462, 38.509430000016025], [-119.4440020004424, 38.509717999685094], [-119.44395200021371, 38.50978799992857], [-119.44394299999287, 38.50986699975005], [-119.44397499977993, 38.50994300007485], [-119.44402400018372, 38.509988999918015], [-119.44408799975783, 38.510021000158325], [-119.44450600023256, 38.51010099999397], [-119.4445570002862, 38.51012599970468], [-119.44466000021836, 38.510225000301624], [-119.44470600024911, 38.51030499991056], [-119.44472999964024, 38.51039000005669], [-119.44473100036348, 38.51047800019326], [-119.44469000035558, 38.51060499993711], [-119.44356200022636, 38.512666999817796], [-119.44332600022481, 38.51305500034501], [-119.44324300038416, 38.51312699990847], [-119.44313399970589, 38.51319099969435], [-119.44301099968222, 38.51323499982159], [-119.44288000016097, 38.513258000101104], [-119.44274500044178, 38.513258000101104], [-119.44261300019727, 38.513237000274074], [-119.4420220003685, 38.513021999818136], [-119.44184499991816, 38.51299600018046], [-119.44163499985588, 38.51299799993661], [-119.44153199992371, 38.51301100010771], [-119.44138799998368, 38.51304899967526], [-119.44098600030078, 38.51320399983061], [-119.44084700038358, 38.51328099967034], [-119.44079999962963, 38.51332000002327], [-119.44078700010914, 38.51338499986171], [-119.44079499960674, 38.513450999864716], [-119.44082999976685, 38.51349799979801], [-119.44088599984336, 38.51353100010672], [-119.44095600016354, 38.513557999772964], [-119.44106999996637, 38.51360299989707], [-119.4413589996714, 38.513681000233035], [-119.44149099991584, 38.513732999707166], [-119.44161499976441, 38.51379499992319], [-119.44186800038271, 38.51394899966196], [-119.44195899972098, 38.51403499993872], [-119.44202499984323, 38.51412400005156], [-119.44212299975253, 38.51423400029962], [-119.44223999992838, 38.51440099972232], [-119.44233600018785, 38.514517000095104], [-119.44247299955688, 38.514623000320725], [-119.44262400006792, 38.51471800023787], [-119.44278700027458, 38.51479899997936], [-119.44290199990229, 38.51484599973555], [-119.44304599984235, 38.51492100022509], [-119.44323099979026, 38.51500500034324], [-119.44340700041568, 38.51510200015685], [-119.44353499956387, 38.51520800022407], [-119.44366099996056, 38.515332000170915], [-119.44448199994314, 38.51637600016484], [-119.44313200005607, 38.51638800024641], [-119.44304800039049, 38.52015200020984], [-119.438636000331, 38.52032500002446], [-119.43857400040672, 38.52236699994892], [-119.43840700000214, 38.52784199971959], [-119.44288199981081, 38.52758200022624], [-119.44279700032031, 38.53140200012992], [-119.44743000031272, 38.53111300009462], [-119.44696599980722, 38.538045000029896], [-119.44688700016448, 38.539221999848436], [-119.44728600037266, 38.54606400005011], [-119.45643299963346, 38.54587499971386], [-119.45642599996077, 38.54776699988775], [-119.45640800041744, 38.55341200005737], [-119.4613259999169, 38.55335700004083], [-119.46132900028992, 38.55381000022606], [-119.46139500041217, 38.559284999697475], [-119.46144300009274, 38.562088000272155], [-119.46146499983406, 38.563992000028705], [-119.46150199964399, 38.56459699970121], [-119.46148599975044, 38.56706599985791], [-119.46152199973547, 38.56951799979221], [-119.46150699966685, 38.57086000012169], [-119.46151599988768, 38.57208100004164], [-119.46154600002491, 38.57635000010378], [-119.46154600002491, 38.57852799967107], [-119.46147200040507, 38.579468999693056], [-119.46135799970392, 38.5817080001861], [-119.4613490003814, 38.582496999765276], [-119.4612000004185, 38.585706999834855], [-119.46119799987036, 38.586656999762084], [-119.46119500039562, 38.58756599986754], [-119.46109999996109, 38.58960700002645], [-119.46096699989168, 38.5909940001588], [-119.46094199977735, 38.59167699995697], [-119.46082899979942, 38.592405000254985], [-119.46081799992875, 38.59248200027335], [-119.46068999988225, 38.592925999780604], [-119.46057500025451, 38.593274000283294], [-119.45920899957558, 38.59612599996877], [-119.45866399977757, 38.597410000276604], [-119.45804299981155, 38.5986439997294], [-119.457702000228, 38.5993999997524], [-119.4575409996712, 38.59988799977291], [-119.45750600040944, 38.60005699984957], [-119.45745899965546, 38.6003739998506], [-119.45745299980767, 38.600658000221564], [-119.45749700018862, 38.60124300029196], [-119.45762699988492, 38.602590000209304], [-119.45786799990935, 38.604668000008225], [-119.45883200000706, 38.60468400012995], [-119.46197799984505, 38.60467800008472], [-119.46588299974131, 38.60467099968031], [-119.46647100009538, 38.60467200003898], [-119.46719900019151, 38.60467299969566], [-119.47069300018403, 38.604665000336006], [-119.47222399982108, 38.60466399997719], [-119.4729229996049, 38.60467099968031], [-119.47331400031548, 38.604668000008225], [-119.47343200031625, 38.604666999649496], [-119.47634999965025, 38.60466199996164], [-119.4775110002898, 38.60466399997719], [-119.47989600041964, 38.60470099990446], [-119.48225300006213, 38.60472599973066], [-119.48474799979687, 38.604712000334466], [-119.48663699963419, 38.60472199970286], [-119.49195699971487, 38.60471000032026], [-119.49335400035592, 38.604719999688875], [-119.49379100019893, 38.60471299999058], [-119.49413000013263, 38.60469600021898], [-119.49435100006556, 38.60467099968031], [-119.49457899967119, 38.60462200034025], [-119.49479999960415, 38.60455300008108], [-119.49515899962934, 38.60441599972587], [-119.49530699976735, 38.604340999897175], [-119.49670799970805, 38.60361000018559], [-119.49677399983027, 38.60357800016162], [-119.4971620001678, 38.60338900014569], [-119.49752600021588, 38.60325300005281], [-119.49778399995874, 38.603190000051534], [-119.49805099992241, 38.6031480002539], [-119.49831299986323, 38.60311800008256], [-119.49849100013847, 38.603115000345554], [-119.49863799955325, 38.603120999819495], [-119.49949600024405, 38.6031949998419], [-119.49944799966518, 38.60256699971304], [-119.49929500040258, 38.60102299969084], [-119.49918200042471, 38.599508000008306], [-119.49912399980008, 38.598249999742656], [-119.4990989996857, 38.59791699996694], [-119.49867000023862, 38.597823000166024], [-119.4988440003159, 38.59720600024667], [-119.49901599984504, 38.596643999863666], [-119.4990490003553, 38.595645000229815], [-119.499492999871, 38.59549900025675], [-119.50033899996792, 38.59530099983807], [-119.50064299974153, 38.59506000016954], [-119.50044600009804, 38.594871000189734], [-119.50032899992219, 38.594528000099515], [-119.50041599996082, 38.594322000000666], [-119.50061799962718, 38.594069999900746], [-119.50061799962718, 38.59370399966798], [-119.50029799996003, 38.59327000031936], [-119.5000069997069, 38.593177999683626], [-119.49994800015568, 38.59306400012124], [-119.50000599988198, 38.59251500015567], [-119.50015200037018, 38.592263000031785], [-119.50068999959721, 38.59146200013322], [-119.5006889997723, 38.59061600005884], [-119.50100000011692, 38.59050299979299], [-119.50148800001357, 38.59011599977822], [-119.50223299982812, 38.59011599977822], [-119.50240799973031, 38.58997899995167], [-119.5023800001412, 38.58826299977427], [-119.50197300043544, 38.58769099996391], [-119.50185700008448, 38.586684999977265], [-119.50197500008528, 38.585015000049275], [-119.50171300014445, 38.584693999894824], [-119.50153800024228, 38.584441999706634], [-119.50153900006717, 38.583389999914246], [-119.50165600024302, 38.58229200022659], [-119.50162799975563, 38.58160599970395], [-119.50140400034797, 38.581101999945474], [-119.5013800000585, 38.580789999760555], [-119.50445999977426, 38.580798999663315], [-119.50461700013308, 38.58079099974977], [-119.5047729997687, 38.580770999962084], [-119.50492400027976, 38.58073800030016], [-119.50507099969454, 38.58069200004393], [-119.50521100033494, 38.58063499985348], [-119.50534199985618, 38.58056599971024], [-119.50544700033649, 38.580500000182894], [-119.5064979995745, 38.57992400032918], [-119.50655500037422, 38.58060000014529], [-119.50670000013918, 38.58096699974822], [-119.50667099982687, 38.58119499988695], [-119.50696200008001, 38.58167600022946], [-119.50731199988435, 38.58206500003071], [-119.50763099972662, 38.583050000322785], [-119.50800900001838, 38.58362199988469], [-119.508941000329, 38.58465199980782], [-119.50911500040628, 38.58552100028194], [-119.50943500007344, 38.586710999665776], [-119.50937499979895, 38.587762999959935], [-119.50919999989678, 38.58808399973668], [-119.50835399979988, 38.588769000291286], [-119.50814999958537, 38.589158000290325], [-119.50814999958537, 38.589479000150114], [-119.50873100026672, 38.590394000175834], [-119.50945799963965, 38.59281800015317], [-119.50992399979496, 38.59311599978392], [-119.51079699965608, 38.593437000202925], [-119.51114700035875, 38.593710999737844], [-119.51164199992807, 38.5945809999032], [-119.51202000021983, 38.59613700030902], [-119.51257199969058, 38.59702900026718], [-119.51289300008095, 38.59725799971739], [-119.51359199986479, 38.597647000058295], [-119.51379600007928, 38.597967000124584], [-119.51399899957056, 38.59927199978474], [-119.51423100027246, 38.59966099974164], [-119.51458199990172, 38.59995800002744], [-119.5155440003496, 38.60032399996558], [-119.51580600029043, 38.60048499989208], [-119.51568900011458, 38.601376999874425], [-119.51656299980058, 38.60201800011658], [-119.51676600019017, 38.60224699979643], [-119.51676600019017, 38.60277300001891], [-119.51653199983842, 38.60352799970066], [-119.51658999956474, 38.604143999664956], [-119.5172890002469, 38.60510500029702], [-119.51760800008911, 38.60576899971265], [-119.51760800008911, 38.60684399996456], [-119.5174030000497, 38.607782000010396], [-119.51687699961992, 38.60922299976899], [-119.51702200028319, 38.60979499999244], [-119.51711000014673, 38.60984099985406], [-119.51710900032184, 38.610581000349356], [-119.51748599989037, 38.61063600008149], [-119.51848099995023, 38.61076700025632], [-119.51975800004234, 38.61096399985453], [-119.52007299968663, 38.608948999781845], [-119.5200640003641, 38.60849100034665], [-119.52001499996031, 38.608047000246074], [-119.51991600022609, 38.60759200021912], [-119.51862400006534, 38.60271599980599], [-119.51849199982088, 38.60216400016856], [-119.51846099985872, 38.6019700000635], [-119.51844499996523, 38.60168100007437], [-119.51845300036115, 38.6013909999212], [-119.51847400027751, 38.60115300015944], [-119.51854899972228, 38.60021299967515], [-119.51885199967099, 38.598775999772265], [-119.51889400040207, 38.598506000286626], [-119.51894200008265, 38.597981000134425], [-119.51894499955739, 38.59783499999804], [-119.51893299986183, 38.597718000145704], [-119.51889600005191, 38.59734900028027], [-119.51882099970882, 38.596916000266205], [-119.51876100033269, 38.5967150002411], [-119.5179579998935, 38.5946059997441], [-119.51692699984864, 38.5919559997612], [-119.51621800001908, 38.590099999919616], [-119.51610699969099, 38.58983900027392], [-119.51624899998122, 38.589821999787915], [-119.51758499962457, 38.58982900023635], [-119.51818200019946, 38.589837999708514], [-119.52011200004466, 38.58986500022468], [-119.52105500022597, 38.58981300031375], [-119.52144799968805, 38.589681999804085], [-119.52149500044202, 38.58928199985068], [-119.52164400040495, 38.58906099993006], [-119.52159400017624, 38.58795400017499], [-119.52162299959024, 38.58775400022769], [-119.521564000039, 38.58729299995107], [-119.52105400040107, 38.57592000002967], [-119.52107100011952, 38.57514199988041], [-119.52123099995306, 38.56796999984138], [-119.52127100013605, 38.56618200008299], [-119.521415999901, 38.56057099968472], [-119.51218500007629, 38.560390000331736], [-119.5120949996646, 38.55456099979945], [-119.51138099981215, 38.55472999977262], [-119.51041900026259, 38.55482100013401], [-119.50870000030459, 38.55440800021683], [-119.50846699977778, 38.5544539997399], [-119.50797100038353, 38.5549340003375], [-119.5076459997952, 38.55505399998615], [-119.50765599984096, 38.55307700026216], [-119.50769299965089, 38.54580100034272], [-119.521415999901, 38.54605500001188], [-119.5210779997922, 38.53486399969601], [-119.52109799988368, 38.53387299976565], [-119.5204529996282, 38.53350300013507], [-119.51928900041231, 38.533114000256745], [-119.51759999969319, 38.532839000128746], [-119.51660999965624, 38.53249499973062], [-119.51596899959873, 38.532151999759265], [-119.51594000018473, 38.53206000025914], [-119.51622499969177, 38.531501000278716], [-119.51703599962859, 38.531323000048346], [-119.51811899955196, 38.53098000011148], [-119.51860899999673, 38.530787000264006], [-119.51920900004636, 38.53052900013995], [-119.52086199988213, 38.52975599983569], [-119.52118599974723, 38.529606000178234], [-119.52445299995902, 38.528103999718276], [-119.52534500008672, 38.527673999830014], [-119.52582799996047, 38.527361000269636], [-119.52626499980347, 38.52701000014243], [-119.52654400036104, 38.52674300018453], [-119.52677299979159, 38.52645899992116], [-119.52696299976239, 38.52613899966727], [-119.5271179995731, 38.52578499974904], [-119.5272239998783, 38.52548300032042], [-119.52729300037358, 38.525111999650626], [-119.5273229996125, 38.524778000217076], [-119.52729000000052, 38.52435100034802], [-119.5272239998783, 38.524045000219985], [-119.5271179995731, 38.523744999975165], [-119.52705999984677, 38.523617000136696], [-119.52697199998322, 38.523456000109945], [-119.52660200008737, 38.5229159996908], [-119.52652400026955, 38.52276400034664], [-119.52648999993438, 38.52261699975543], [-119.52642399981212, 38.52217699979634], [-119.52636899956053, 38.52129199967111], [-119.52628999991782, 38.520924999661744], [-119.52623800003929, 38.52075900003297], [-119.52616299969621, 38.52056700030663], [-119.52598799979404, 38.5202210000192], [-119.52565999973098, 38.519754000028556], [-119.52555199977594, 38.51958100024726], [-119.52544999966868, 38.51934500030971], [-119.52542399972944, 38.51921399994789], [-119.52540500036118, 38.5190220003174], [-119.52541200003385, 38.51895699994576], [-119.52547200030831, 38.51869599983035], [-119.52558299973808, 38.51847700030402], [-119.52573400024914, 38.51827100003554], [-119.52591699964893, 38.518045000209206], [-119.5261600002215, 38.51778199997519], [-119.526244999712, 38.51772099984241], [-119.5265970000645, 38.51746999973161], [-119.52680200010391, 38.517286000323715], [-119.52696899961019, 38.517113000233685], [-119.52718200004551, 38.51687199976062], [-119.52728300032784, 38.51674499982545], [-119.5274490000092, 38.51657400020074], [-119.52768199963771, 38.51640399964919], [-119.5280909998916, 38.516145999971904], [-119.52973399968165, 38.51499899983595], [-119.52996899985827, 38.51484599973555], [-119.53022400012642, 38.51471299991239], [-119.53038999980778, 38.51464200003304], [-119.53116499975957, 38.514344999887506], [-119.53317599979563, 38.51310499981524], [-119.53345799982792, 38.512920000266504], [-119.5336579998445, 38.51276699996528], [-119.53409999971036, 38.51232499976781], [-119.53417599987834, 38.51221899967327], [-119.5342150002364, 38.51214200010359], [-119.53423000030503, 38.51205299964935], [-119.53420600001559, 38.51193199970831], [-119.5369180003836, 38.51159200017978], [-119.537412000128, 38.511866999963935], [-119.5384890002036, 38.51291900003587], [-119.53935799986675, 38.514062000118805], [-119.54062200043842, 38.51505000026578], [-119.54059999979879, 38.51510500005484], [-119.54058499973017, 38.515180999770834], [-119.54058499973017, 38.51528200013868], [-119.54071500032484, 38.51551999972824], [-119.54122900016073, 38.51618800003139], [-119.54140900008579, 38.51654099988112], [-119.54171000038465, 38.51707100001095], [-119.54188000026396, 38.51744999989515], [-119.5423599997647, 38.51891199965404], [-119.54248500033647, 38.51916499994445], [-119.54268100015507, 38.519460000307426], [-119.54291600033169, 38.51973799996471], [-119.54314399993734, 38.519959000137206], [-119.54332600041053, 38.5201620001048], [-119.54353499974958, 38.520439999862134], [-119.5440150001486, 38.521343999973034], [-119.54412899995144, 38.52156000028434], [-119.5442689996935, 38.52176000033305], [-119.54432300012019, 38.521812999701105], [-119.54439799956494, 38.5218739998802], [-119.54467499957437, 38.52206400012988], [-119.54486000042063, 38.52217900000029], [-119.54496400017769, 38.52226699978316], [-119.54517800043793, 38.522560999986695], [-119.54535699963976, 38.52293199975108], [-119.54546200012005, 38.523307000056725], [-119.54548800005932, 38.52342799985458], [-119.54552999989211, 38.52354499982002], [-119.54558699979351, 38.52365900005387], [-119.54565899976355, 38.5237670003308], [-119.54574499997726, 38.52386899997495], [-119.54584399971148, 38.5239630002632], [-119.54604600027615, 38.52412100033644], [-119.54616299955369, 38.52423100006704], [-119.54626300001112, 38.524350000276215], [-119.54634800039995, 38.52447800021661], [-119.5464150003471, 38.52461100027038], [-119.54646399985258, 38.524748999707036], [-119.54649499981471, 38.524889999774814], [-119.54650599968537, 38.52503399975329], [-119.5464980001878, 38.52517700008611], [-119.5464720002485, 38.52531900007643], [-119.54632999995827, 38.52577499993254], [-119.54618500019332, 38.52613700027611], [-119.5460780000632, 38.5263070003294], [-119.54575300037318, 38.52665500025248], [-119.54569700029668, 38.52673299979838], [-119.54566299996152, 38.52681800022538], [-119.54565299991576, 38.5269069999944], [-119.54569899994652, 38.52713800027102], [-119.54573999995439, 38.527251999732705], [-119.54579500020598, 38.52736200029961], [-119.54586499962788, 38.52746699985336], [-119.54594900019178, 38.52756599979427], [-119.54604499955295, 38.52765800012122], [-119.54615300040626, 38.52774100010909], [-119.54631400006475, 38.52784399976609], [-119.54679100009074, 38.52808300000572], [-119.54687099955835, 38.528114999933415], [-119.54692900018298, 38.52812700016616], [-119.54703999961275, 38.52816400016848], [-119.54713800042036, 38.52821899977591], [-119.5472189997129, 38.52828900030155], [-119.54731300032253, 38.528412000186755], [-119.54740200001099, 38.52847999979305], [-119.54751400016403, 38.52852399971079], [-119.54763800001255, 38.52853799990258], [-119.5477610000362, 38.528521999683186], [-119.54785499974754, 38.528485999879294], [-119.54811500003854, 38.52832900027015], [-119.5477090001577, 38.52757900014552], [-119.54767700037061, 38.52748999980207], [-119.54765700027914, 38.527398999992506], [-119.54764999970811, 38.52730700003714], [-119.54765499973101, 38.527214999964166], [-119.54767200034775, 38.52712399980684], [-119.54770099976174, 38.52703400027174], [-119.54774199976963, 38.526948000064166], [-119.54785700029568, 38.526786999758876], [-119.5480070000835, 38.52665300017293], [-119.5482239998185, 38.52651800029579], [-119.54836299973564, 38.52640599975784], [-119.54848800030744, 38.52628299995763], [-119.54859500043754, 38.52615100022953], [-119.54868300030111, 38.526009999821305], [-119.54875299972298, 38.525864000288706], [-119.54886499987599, 38.52558899985933], [-119.54887200044699, 38.52548399967369], [-119.54886300022615, 38.52526699983533], [-119.54898600024978, 38.52508400003954], [-119.54906499989254, 38.525006000111915], [-119.54939100030576, 38.524713000123946], [-119.54952900039804, 38.52478600004062], [-119.54975500035384, 38.52523199986814], [-119.55015500038691, 38.52567200012521], [-119.55042400000045, 38.52582200025278], [-119.55074600021571, 38.525873000042246], [-119.55107000008081, 38.52581599994446], [-119.55134100024246, 38.52581000033843], [-119.55155700015253, 38.525855999882204], [-119.55164599984099, 38.5258090002869], [-119.55163800034337, 38.5256600001858], [-119.55165699971164, 38.525024999894825], [-119.55171100013833, 38.524593999812204], [-119.5518080002227, 38.52409200026451], [-119.55197200025424, 38.52385300012304], [-119.55202999998053, 38.52363300004107], [-119.5520760000113, 38.52340700018306], [-119.55200700041432, 38.523239999866256], [-119.55197300007914, 38.52308300005666], [-119.55192600022345, 38.52284600026394], [-119.55191700000263, 38.52266600022011], [-119.55198099957674, 38.522469000171625], [-119.55207099998842, 38.52227800018772], [-119.55232500043167, 38.52192400025349], [-119.55255300003726, 38.52170800033168], [-119.55285900035902, 38.52142399987756], [-119.55295800009324, 38.52132499992113], [-119.55301599981955, 38.52118399989714], [-119.55308699996466, 38.520697000191944], [-119.55313299999541, 38.520653999828774], [-119.55323599992758, 38.52064899991562], [-119.5533000004, 38.520697000191944], [-119.55334999973037, 38.52079899997004], [-119.55341400020279, 38.52095599984215], [-119.55350600026433, 38.52116100004149], [-119.5535470002722, 38.52140700007224], [-119.55366299972484, 38.52187999981441], [-119.55392300001583, 38.52215300015566], [-119.55409500044327, 38.52240199990386], [-119.5542290003376, 38.52270300021903], [-119.55440599988961, 38.522836000039], [-119.55464899956384, 38.522971999886146], [-119.55492200027362, 38.52306499985068], [-119.55506700003858, 38.5230940003365], [-119.55531999975857, 38.52311600018832], [-119.55622699995487, 38.52297500015894], [-119.55641500027583, 38.52299200029673], [-119.55650999981208, 38.5230200000189], [-119.55664399970638, 38.52308300005666], [-119.55674499998872, 38.52329799998234], [-119.55693199958647, 38.52346099982805], [-119.55702299982306, 38.523486999902985], [-119.55714599984672, 38.52349200032175], [-119.55737600000047, 38.52344700005415], [-119.55811699961708, 38.523039000326115], [-119.55845399990098, 38.522930000270826], [-119.55945399998372, 38.52258199990506], [-119.56014600009482, 38.522341000172204], [-119.56066300030378, 38.522079999676734], [-119.56047800035586, 38.52148200005145], [-119.56013900042213, 38.520802000333404], [-119.55962600041114, 38.51977299979232], [-119.55877399956813, 38.51809599988679], [-119.55776400033801, 38.51759699979346], [-119.55762299987268, 38.51752700011358], [-119.55668600043748, 38.51709099995271], [-119.55662500033812, 38.5170299999373], [-119.55654900017014, 38.51695400006465], [-119.55621699990911, 38.516621000203806], [-119.55604799985473, 38.51541500031643], [-119.55617699972616, 38.51404000031128], [-119.55668999973715, 38.51276599973252], [-119.55750099967393, 38.511759999651304], [-119.55809900007374, 38.51078799999326], [-119.55826999977796, 38.50978199968943], [-119.55834400029613, 38.509054000237505], [-119.55840000037263, 38.50850799968461], [-119.55840200002245, 38.50740200013523], [-119.5580599997157, 38.50639600032731], [-119.55840299984737, 38.50602700034789], [-119.55887200037574, 38.505893000074096], [-119.55921399978419, 38.50549099986561], [-119.55874500015413, 38.50512200016992], [-119.55836199983948, 38.50398199983146], [-119.55772300033011, 38.50311000012992], [-119.55750999989478, 38.502137999706065], [-119.55661600011729, 38.501701999854205], [-119.5552090003288, 38.501701999854205], [-119.55316200030772, 38.50156799996932], [-119.55167000013043, 38.5012669998646], [-119.55030599999965, 38.5012669998646], [-119.54971000014797, 38.50106600013593], [-119.5491979999619, 38.50063000012209], [-119.54869800036971, 38.499910000023156], [-119.54725300004812, 38.49953700029777], [-119.54682600025082, 38.499452999710556], [-119.5460920003069, 38.499350000204245], [-119.54530599958612, 38.49938399968218], [-119.54445600018957, 38.49955400034616], [-119.54376999992623, 38.499733999826105], [-119.5432190002804, 38.49975399966242], [-119.54286199990503, 38.49969400013679], [-119.54281699969918, 38.49925800025453], [-119.54287500032382, 38.498790999973814], [-119.5430569998987, 38.49817899976899], [-119.54349799993965, 38.49756100013782], [-119.54368100023774, 38.49730499992528], [-119.54411899990568, 38.496654999988955], [-119.54419900027162, 38.49601800023883], [-119.5441349997992, 38.49547700024304], [-119.54398900020935, 38.49496699982127], [-119.54379199966752, 38.49445700000768], [-119.54373800013917, 38.49393199971647], [-119.54382799965255, 38.4933280002214], [-119.54416400011152, 38.49262099989425], [-119.5443530002574, 38.492227000065895], [-119.54475900013827, 38.491672999924766], [-119.54502000025418, 38.49122400012841], [-119.54526499957825, 38.49054000005005], [-119.5453740002565, 38.49003200023075], [-119.54532900005069, 38.489579999794415], [-119.54511800016346, 38.48933599971831], [-119.54506600028492, 38.48867399982817], [-119.54498500009407, 38.48789099993134], [-119.54494599973602, 38.48743400001808], [-119.54489700023055, 38.48684900020782], [-119.54472200032835, 38.48624299990416], [-119.54430300002869, 38.48550499971225], [-119.54390299999562, 38.484944999725826], [-119.54329100025042, 38.484181000110055], [-119.54307399961715, 38.483605999960744], [-119.54291999963135, 38.48295199972174], [-119.54283500014084, 38.48249899993203], [-119.54259499994133, 38.48211000008816], [-119.5423670003357, 38.48165699992891], [-119.54233200017559, 38.48122099989035], [-119.54245199982621, 38.48064899996267], [-119.54277700041452, 38.4800629999448], [-119.54321400025752, 38.47942099981841], [-119.54332300003747, 38.47889699968127], [-119.54344199986315, 38.478445999735456], [-119.54408899976843, 38.47814500007584], [-119.54474499989456, 38.4779090000712], [-119.54516800039217, 38.477572999649325], [-119.54545500044735, 38.476745000188096], [-119.54542100011219, 38.476276000194034], [-119.54545899974701, 38.47571999970777], [-119.54558900034168, 38.47514000001929], [-119.54577900031248, 38.47471399982222], [-119.54607300004034, 38.4740950000074], [-119.54686700025871, 38.47352099964868], [-119.54775000016556, 38.47310800007155], [-119.54879799992885, 38.472608999832666], [-119.54989699974573, 38.47206099995651], [-119.55106500005795, 38.47168399984245], [-119.55232399970842, 38.47141999970468], [-119.55322500005694, 38.47115299968513], [-119.55424100003314, 38.47072599972994], [-119.55525600018446, 38.47036299991913], [-119.5558629999068, 38.47024200027944], [-119.55623399962755, 38.469734000163434], [-119.55639500018432, 38.46914599976952], [-119.5567009996078, 38.468398000315084], [-119.55709999981596, 38.467538000173896], [-119.55752900016137, 38.46676699987092], [-119.5577219996069, 38.46606600029126], [-119.55786300007217, 38.46551100003338], [-119.55787599959268, 38.46528300027516], [-119.55790200043026, 38.464849000070046], [-119.55794099989, 38.464269000152875], [-119.55798299972278, 38.46341399967606], [-119.55805100039316, 38.462945999705894], [-119.5581090001195, 38.46242200010969], [-119.55823799999091, 38.4619469997958], [-119.55839500034976, 38.461617999819374], [-119.55860399968881, 38.461256999668635], [-119.55883300001769, 38.46090300016105], [-119.5589829998055, 38.46043699988517], [-119.55886700035285, 38.45995200005238], [-119.55874000013124, 38.45949899994345], [-119.5586659996131, 38.458997999943364], [-119.55877399956813, 38.45853899988815], [-119.55874000013124, 38.45806200015679], [-119.5586520002677, 38.45776299969771], [-119.55857299972668, 38.457569000280294], [-119.55810499992154, 38.457443999791884], [-119.55760500032935, 38.45751200028703], [-119.55753599983407, 38.45730200033049], [-119.55773400020077, 38.45698900020866], [-119.55777000018577, 38.45663399984731], [-119.55760299978121, 38.45613300034994], [-119.55725499962665, 38.45548400013628], [-119.55715900026551, 38.45505599993437], [-119.55709800016615, 38.45428899981955], [-119.55720899959589, 38.45358799996536], [-119.55721199996894, 38.452675999918895], [-119.55707700024972, 38.45210200002484], [-119.55685899979152, 38.451624000268524], [-119.55682500035468, 38.451082999813465], [-119.55692599973868, 38.450572000053874], [-119.55695699970084, 38.45042200009001], [-119.55709800016615, 38.44976200034361], [-119.55701600015036, 38.44907500028738], [-119.55682899965431, 38.44860599973663], [-119.5566320000108, 38.44804699991378], [-119.55642600014649, 38.44746499981281], [-119.55671700039962, 38.447071999856895], [-119.55733599981751, 38.44652799980912], [-119.55751300026783, 38.446304000253], [-119.55796799965418, 38.44596000018399], [-119.55799600014159, 38.4459389997381], [-119.55807899998227, 38.44587599977084], [-119.55810800029458, 38.445855999758535], [-119.55812500001304, 38.44584300013454], [-119.55817500024172, 38.445805000300204], [-119.55819299978509, 38.44579299971883], [-119.55869800029845, 38.445402000029254], [-119.55938700003655, 38.44501200009831], [-119.55984200032121, 38.44456400002661], [-119.55993000018478, 38.44406400022462], [-119.56000899982749, 38.44349200035161], [-119.56014500026991, 38.443250999859615], [-119.56071600000722, 38.44298399969449], [-119.56074000029668, 38.442974000343725], [-119.5612859999196, 38.44262299987979], [-119.5612209996223, 38.44211400033611], [-119.56110400034473, 38.44174199965173], [-119.5611520000253, 38.441178000336414], [-119.56120999975163, 38.440654000242084], [-119.5614039999204, 38.43994500011228], [-119.5617780000142, 38.43945599965876], [-119.56214100023738, 38.43907999995521], [-119.56264699967734, 38.438591999829825], [-119.56321400011501, 38.43814499987842], [-119.56380199957074, 38.4376089997489], [-119.5647060002923, 38.43713999997715], [-119.56518999999098, 38.4368050001847], [-119.5662269998836, 38.43632200029748], [-119.56679199977312, 38.43601200031793], [-119.56766299998439, 38.43564799972331], [-119.56834900024775, 38.4354349997691], [-119.56869400002923, 38.43533200026291], [-119.56913800044326, 38.43519999993622], [-119.5697119996553, 38.43493799977778], [-119.57000899975621, 38.43486000005182], [-119.56978899964818, 38.43455999994176], [-119.56939399963797, 38.43435500031064], [-119.56894000007654, 38.433963999880945], [-119.56880500035732, 38.43339799975515], [-119.56881399967985, 38.43273599997096], [-119.56876199980131, 38.43272200015871], [-119.56837500018702, 38.431075000238145], [-119.56816000010187, 38.43063899980849], [-119.56820199993466, 38.43020200029357], [-119.56803200005534, 38.4297599996544], [-119.56781600014527, 38.429193999649165], [-119.56605600017937, 38.42775000013679], [-119.56644000031893, 38.42529599968927], [-119.56579400023857, 38.42257499997066], [-119.56506500031749, 38.42180199970893], [-119.56486799977569, 38.42174300014494], [-119.56185699965691, 38.42084300009348], [-119.5616370004472, 38.420558999732904], [-119.56136200008758, 38.41982999985895], [-119.56172199993769, 38.41880799974168], [-119.56178399986199, 38.41728400020189], [-119.56188599996923, 38.415760000185884], [-119.5620299999093, 38.414178999969984], [-119.56201800021374, 38.41359800013493], [-119.56199300009936, 38.41236300011286], [-119.56199499974919, 38.41073399989571], [-119.56302800034216, 38.40899899971693], [-119.56433800004628, 38.40795300018073], [-119.56602000019437, 38.40642600025661], [-119.56754599980854, 38.4051149999054], [-119.56961000044637, 38.40400199994514], [-119.5723870002134, 38.402975999818715], [-119.5754130004008, 38.40227399975167], [-119.57822600015284, 38.401523000178486], [-119.57837299956762, 38.40146299987694], [-119.58078799983471, 38.400486000079205], [-119.58262800016657, 38.39934700015021], [-119.58338700022485, 38.39823999974696], [-119.58368900034864, 38.39694299988434], [-119.58633899989407, 38.39694899965828], [-119.58901899957674, 38.397753000062366], [-119.59240899981219, 38.398877000024775], [-119.5951620001881, 38.400407999755316], [-119.59599599969111, 38.40128599978841], [-119.59711899979752, 38.40272400032636], [-119.59879500009781, 38.403938999992725], [-119.60121200001473, 38.405354000338825], [-119.60266400000904, 38.40501900022752], [-119.60288300029217, 38.40428500029432], [-119.60308999998139, 38.40359399978242], [-119.60415600018634, 38.402384000322954], [-119.60707900044157, 38.40100299966511], [-119.60983600011713, 38.3998390002074], [-119.61150800021947, 38.39897199971236], [-119.6129119996349, 38.399176999798506], [-119.61377100015062, 38.398966000106306], [-119.61580999977576, 38.39891700001959], [-119.61879199958223, 38.39695599986326], [-119.620852999847, 38.39519599970617], [-119.62209300012923, 38.39387500004058], [-119.62191599967889, 38.39333300010364], [-119.6210229997263, 38.39228500027991], [-119.62035599972954, 38.39101300008191], [-119.62006200000168, 38.38936499993687], [-119.62014900004031, 38.38811499999435], [-119.61918099974464, 38.387220000078976], [-119.61878300025973, 38.38567500014879], [-119.61851799994584, 38.38409199969098], [-119.61880099980307, 38.382739000301704], [-119.61843500010514, 38.38183200011055], [-119.61745699976379, 38.381033999821774], [-119.61582300019455, 38.38054499983233], [-119.61477100023332, 38.37995599964844], [-119.6147000000882, 38.37911600018456], [-119.61478700012685, 38.377906000219376], [-119.61468699966942, 38.3770020000046], [-119.61406999990135, 38.375818999727635], [-119.61349999998897, 38.3749120001005], [-119.61226300007979, 38.37386400025682], [-119.61092200041354, 38.372951999771274], [-119.60998500008003, 38.371827999693764], [-119.6092150001511, 38.37058500017574], [-119.60866699998002, 38.369464999681306], [-119.60810100026558, 38.36867599998025], [-119.60689299977044, 38.368233999807394], [-119.60656499970736, 38.36782700009097], [-119.60661999995894, 38.36718199988643], [-119.60739499991074, 38.36645799980675], [-119.6100310001108, 38.36622399975775], [-119.61156099992293, 38.36603299999369], [-119.61444800019314, 38.365593000201315], [-119.61667000011641, 38.364758999840475], [-119.6170290001416, 38.364624999835705], [-119.61877900006175, 38.363767000054615], [-119.62065100018064, 38.362491999961506], [-119.62141799973655, 38.3620740001645], [-119.62278299969222, 38.3614859998692], [-119.62378299977493, 38.36074800020011], [-119.62486400004848, 38.360011999823165], [-119.6260049996982, 38.359352000230544], [-119.62792200002292, 38.358858999913224], [-119.62834399979731, 38.35859600023245], [-119.63043799967404, 38.35593300033814], [-119.63077900015588, 38.35566100002415], [-119.6313569995659, 38.355109000223926], [-119.63183000029223, 38.354830000282014], [-119.63240299967934, 38.35470599980621], [-119.63303700006418, 38.354565999741], [-119.63557500035492, 38.35390799975334], [-119.63554799969242, 38.353892999845584], [-119.63546999987462, 38.35385000004578], [-119.63544399993536, 38.353835999745016], [-119.63495699986363, 38.35357199980654], [-119.63437299970754, 38.352969999730526], [-119.6338699997423, 38.35240100035065], [-119.6332220000121, 38.35202400026752], [-119.632461000304, 38.351712000050505], [-119.63182000024649, 38.35161799993385], [-119.63099400024106, 38.35161100027249], [-119.63060699972846, 38.3515270000569], [-119.62978900011895, 38.35093900004628], [-119.6293149995677, 38.350516000033224], [-119.62890000036433, 38.35020599970216], [-119.62829500029181, 38.34973299966476], [-119.6279079997792, 38.34805100009762], [-119.628105000321, 38.34778599979703], [-119.62853799996608, 38.34742600030779], [-119.62886699985404, 38.3472760003447], [-119.62910799987844, 38.34673699987692], [-119.62990899976953, 38.34635600030401], [-119.63014899996905, 38.345929999700836], [-119.63206799994362, 38.34420200002894], [-119.63185700005641, 38.34314299985418], [-119.6318910003916, 38.342901000264305], [-119.63212900004295, 38.34263699991778], [-119.63233699955713, 38.34234000031537], [-119.63237799956501, 38.34148400023091], [-119.63233099970934, 38.34121000031057], [-119.63245799993095, 38.340799000248396], [-119.63216000000511, 38.34023100016958], [-119.63168999965183, 38.33951799981909], [-119.63165500039003, 38.339034000271745], [-119.63187600032299, 38.33846300024842], [-119.6319609998135, 38.337445999878184], [-119.6317449999034, 38.33675800019977], [-119.63171399994127, 38.33599900006864], [-119.63185299985844, 38.33474100015021], [-119.63237900028821, 38.33426899977432], [-119.63286600035994, 38.33363600026742], [-119.63318199982913, 38.33288800024666], [-119.63352199958774, 38.33242999999312], [-119.63378699990163, 38.331609999948896], [-119.63421700007193, 38.33141200027819], [-119.63476000022013, 38.33102899986384], [-119.63476799971775, 38.330391999766256], [-119.6348549997564, 38.32990999975779], [-119.63489199956632, 38.32928100005855], [-119.63503899987938, 38.32898499992777], [-119.63543999973739, 38.328672999833394], [-119.6361140003052, 38.32842000016203], [-119.6365250002089, 38.32807699984066], [-119.63716000041865, 38.327930999887265], [-119.63717299993911, 38.32792600000432]]]}, "properties": {"ZCTA5": "96107", "GEOID": "96107", "NAME": "ZCTA5 96107", "AREALAND": 247946750, "INTPTLAT": "+38.4082772", "INTPTLON": "-119.5480747", "zcta": "96107", "place": "96107 Coleville", "name": "ZCTA5 96107"}}]}