place,kind,zcta,city,latitude,longitude,zhvi,zori,date,label_dx,label_dy,note,hudSafmr,blendedRent,rentSource,hudFiscalYear
93546 Mammoth Lakes,zcta,93546,Mammoth Lakes,37.5491262,-118.8398144,649587,,2016-04-30,10,0,Zillow ZIP-level market for Mammoth Lakes; mapped with Census 2020 ZCTA 93546 in Mono County.,,,,
93541 nan,zcta,93541,nan,38.0186456,-119.0597265,255970,,2016-04-30,10,0,Zillow ZIP-level market for nan; mapped with Census 2020 ZCTA 93541 in Mono County.,,,,
96107 Coleville,zcta,96107,Coleville,38.4082772,-119.5480747,228975,,2016-04-30,10,0,Zillow ZIP-level market for Coleville; mapped with Census 2020 ZCTA 96107 in Mono County.,,,,
93517 Bridgeport,zcta,93517,Bridgeport,38.2780771,-119.2748086,274478,,2016-04-30,10,0,Zillow ZIP-level market for Bridgeport; mapped with Census 2020 ZCTA 93517 in Mono County.,,,,
93529 June Lake,zcta,93529,June Lake,37.7777065,-119.1881016,447519,,2016-04-30,10,0,Zillow ZIP-level market for June Lake; mapped with Census 2020 ZCTA 93529 in Mono County.,,,,
93546 Mammoth Lakes,zcta,93546,Mammoth Lakes,37.5491262,-118.8398144,652837,,2016-05-31,10,0,Zillow ZIP-level market for Mammoth Lakes; mapped with Census 2020 ZCTA 93546 in Mono County.,,,,
93541 nan,zcta,93541,nan,38.0186456,-119.0597265,257117,,2016-05-31,10,0,Zillow ZIP-level market for nan; mapped with Census 2020 ZCTA 93541 in Mono County.,,,,
96107 Coleville,zcta,96107,Coleville,38.4082772,-119.5480747,230930,,2016-05-31,10,0,Zillow ZIP-level market for Coleville; mapped with Census 2020 ZCTA 96107 in Mono County.,,,,
93517 Bridgeport,zcta,93517,Bridgeport,38.2780771,-119.2748086,274824,,2016-05-31,10,0,Zillow ZIP-level market for Bridgeport; mapped with Census 2020 ZCTA 93517 in Mono County.,,,,
93529 June Lake,zcta,93529,June Lake,37.7777065,-119.1881016,450342,,2016-05-31,10,0,Zillow ZIP-level market for June Lake; mapped with Census 2020 ZCTA 93529 in Mono County.,,,,
93546 Mammoth Lakes,zcta,93546,Mammoth Lakes,37.5491262,-118.8398144,654657,,2016-06-30,10,0,Zillow ZIP-level market for Mammoth Lakes; mapped with Census 2020 ZCTA 93546 in Mono County.,,,,
93541 nan,zcta,93541,nan,38.0186456,-119.0597265,258084,,2016-06-30,10,0,Zillow ZIP-level market for nan; mapped with Census 2020 ZCTA 93541 in Mono County.,,,,
96107 Coleville,zcta,96107,Coleville,38.4082772,-119.5480747,232155,,2016-06-30,10,0,Zillow ZIP-level market for Coleville; mapped with Census 2020 ZCTA 96107 in Mono County.,,,,
93517 Bridgeport,zcta,93517,Bridgeport,38.2780771,-119.2748086,275630,,2016-06-30,10,0,Zillow ZIP-level market for Bridgeport; mapped with Census 2020 ZCTA 93517 in Mono County.,,,,
93529 June Lake,zcta,93529,June Lake,37.7777065,-119.1881016,452460,,2016-06-30,10,0,Zillow ZIP-level market for June Lake; mapped with Census 2020 ZCTA 93529 in Mono County.,,,,
93546 Mammoth Lakes,zcta,93546,Mammoth Lakes,37.5491262,-118.8398144,654123,,2016-07-31,10,0,Zillow ZIP-level market for Mammoth Lakes; mapped with Census 2020 ZCTA 93546 in Mono County.,,,,
93541 nan,zcta,93541,nan,38.0186456,-119.0597265,259551,,2016-07-31,10,0,Zillow ZIP-level market for nan; mapped with Census 2020 ZCTA 93541 in Mono County.,,,,
96107 Coleville,zcta,96107,Coleville,38.4082772,-119.5480747,232133,,2016-07-31,10,0,Zillow ZIP-level market for Coleville; mapped with Census 2020 ZCTA 96107 in Mono County.,,,,
93517 Bridgeport,zcta,93517,Bridgeport,38.2780771,-119.2748086,277915,,2016-07-31,10,0,Zillow ZIP-level market for Bridgeport; mapped with Census 2020 ZCTA 93517 in Mono County.,,,,
93529 June Lake,zcta,93529,June Lake,37.7777065,-119.1881016,451880,,2016-07-31,10,0,Zillow ZIP-level market for June Lake; mapped with Census 2020 ZCTA 93529 in Mono County.,,,,
93546 Mammoth Lakes,zcta,93546,Mammoth Lakes,37.5491262,-118.8398144,654515,,2016-08-31,10,0,Zillow ZIP-level market for Mammoth Lakes; mapped with Census 2020 ZCTA 93546 in Mono County.,,,,
93541 nan,zcta,93541,nan,38.0186456,-119.0597265,261476,,2016-08-31,10,0,Zillow ZIP-level market for nan; mapped with Census 2020 ZCTA 93541 in Mono County.,,,,
96107 Coleville,zcta,96107,Coleville,38.4082772,-119.5480747,232974,,2016-08-31,10,0,Zillow ZIP-level market for Coleville; mapped with Census 2020 ZCTA 96107 in Mono County.,,,,
93517 Bridgeport,zcta,93517,Bridgeport,38.2780771,-119.2748086,280980,,2016-08-31,10,0,Zillow ZIP-level market for Bridgeport; mapped with Census 2020 ZCTA 93517 in Mono County.,,,,
93529 June Lake,zcta,93529,June Lake,37.7777065,-119.1881016,453317,,2016-08-31,10,0,Zillow ZIP-level market for June Lake; mapped with Census 2020 ZCTA 93529 in Mono County.,,,,
93546 Mammoth Lakes,zcta,93546,Mammoth Lakes,37.5491262,-118.8398144,653433,,2016-09-30,10,0,Zillow ZIP-level market for Mammoth Lakes; mapped with Census 2020 ZCTA 93546 in Mono County.,,,,
93541 nan,zcta,93541,nan,38.0186456,-119.0597265,262784,,2016-09-30,10,0,Zillow ZIP-level market for nan; mapped with Census 2020 ZCTA 93541 in Mono County.,,,,
96107 Coleville,zcta,96107,Coleville,38.4082772,-119.5480747,233349,,2016-09-30,10,0,Zillow ZIP-level market for Coleville; mapped with Census 2020 ZCTA 96107 in Mono County.,,,,
93517 Bridgeport,zcta,93517,Bridgeport,38.2780771,-119.2748086,283333,,2016-09-30,10,0,Zillow ZIP-level market for Bridgeport; mapped with Census 2020 ZCTA 93517 in Mono County.,,,,
93529 June Lake,zcta,93529,June Lake,37.7777065,-119.1881016,454440,,2016-09-30,10,0,Zillow ZIP-level market for June Lake; mapped with Census 2020 ZCTA 93529 in Mono County.,,,,
93546 Mammoth Lakes,zcta,93546,Mammoth Lakes,37.5491262,-118.8398144,654022,,2016-10-31,10,0,Zillow ZIP-level market for Mammoth Lakes; mapped with Census 2020 ZCTA 93546 in Mono County.,,,,
93541 nan,zcta,93541,nan,38.0186456,-119.0597265,264583,,2016-10-31,10,0,Zillow ZIP-level market for nan; mapped with Census 2020 ZCTA 93541 in Mono County.,,,,
96107 Coleville,zcta,96107,Coleville,38.4082772,-119.5480747,233983,,2016-10-31,10,0,Zillow ZIP-level market for Coleville; mapped with Census 2020 ZCTA 96107 in Mono County.,,,,
93517 Bridgeport,zcta,93517,Bridgeport,38.2780771,-119.2748086,285829,,2016-10-31,10,0,Zillow ZIP-level market for Bridgeport; mapped with Census 2020 ZCTA 93517 in Mono County.,,,,
93529 June Lake,zcta,93529,June Lake,37.7777065,-119.1881016,457045,,2016-10-31,10,0,Zillow ZIP-level market for June Lake; mapped with Census 2020 ZCTA 93529 in Mono County.,,,,
93546 Mammoth Lakes,zcta,93546,Mammoth Lakes,37.5491262,-118.8398144,653942,,2016-11-30,10,0,Zillow ZIP-level market for Mammoth Lakes; mapped with Census 2020 ZCTA 93546 in Mono County.,,,,
93541 nan,zcta,93541,nan,38.0186456,-119.0597265,266122,,2016-11-30,10,0,Zillow ZIP-level market for nan; mapped with Census 2020 ZCTA 93541 in Mono County.,,,,
96107 Coleville,zcta,96107,Coleville,38.4082772,-119.5480747,233570,,2016-11-30,10,0,Zillow ZIP-level market for Coleville; mapped with Census 2020 ZCTA 96107 in Mono County.,,,,
93517 Bridgeport,zcta,93517,Bridgeport,38.2780771,-119.2748086,287561,,2016-11-30,10,0,Zillow ZIP-level market for Bridgeport; mapped with Census 2020 ZCTA 93517 in Mono County.,,,,
93529 June Lake,zcta,93529,June Lake,37.7777065,-119.1881016,457236,,2016-11-30,10,0,Zillow ZIP-level market for June Lake; mapped with Census 2020 ZCTA 93529 in Mono County.,,,,
93546 Mammoth Lakes,zcta,93546,Mammoth Lakes,37.5491262,-118.8398144,654426,,2016-12-31,10,0,Zillow ZIP-level market for Mammoth Lakes; mapped with Census 2020 ZCTA 93546 in Mono County.,,,,
93541 nan,zcta,93541,nan,38.0186456,-119.0597265,267663,,2016-12-31,10,0,Zillow ZIP-level market for nan; mapped with Census 2020 ZCTA 93541 in Mono County.,,,,
96107 Coleville,zcta,96107,Coleville,38.4082772,-119.5480747,233428,,2016-12-31,10,0,Zillow ZIP-level market for Coleville; mapped with Census 2020 ZCTA 96107 in Mono County.,,,,
93517 Bridgeport,zcta,93517,Bridgeport,38.2780771,-119.2748086,289552,,2016-12-31,10,0,Zillow ZIP-level market for Bridgeport; mapped with Census 2020 ZCTA 93517 in Mono County.,,,,
93529 June Lake,zcta,93529,June Lake,37.7777065,-119.1881016,459746,,2016-12-31,10,0,Zillow ZIP-level market for June Lake; mapped with Census 2020 ZCTA 93529 in Mono County.,,,,
93546 Mammoth Lakes,zcta,93546,Mammoth Lakes,37.5491262,-118.8398144,655873,,2017-01-31,10,0,Zillow ZIP-level market for Mammoth Lakes; mapped with Census 2020 ZCTA 93546 in Mono County.,,,,
93541 nan,zcta,93541,nan,38.0186456,-119.0597265,267540,,2017-01-31,10,0,Zillow ZIP-level market for nan; mapped with Census 2020 ZCTA 93541 in Mono County.,,,,
96107 Coleville,zcta,96107,Coleville,38.4082772,-119.5480747,233360,,2017-01-31,10,0,Zillow ZIP-level market for Coleville; mapped with Census 2020 ZCTA 96107 in Mono County.,,,,
93517 Bridgeport,zcta,93517,Bridgeport,38.2780771,-119.2748086,290857,,2017-01-31,10,0,Zillow ZIP-level market for Bridgeport; mapped with Census 2020 ZCTA 93517 in Mono County.,,,,
93529 June Lake,zcta,93529,June Lake,37.7777065,-119.1881016,460522,,2017-01-31,10,0,Zillow ZIP-level market for June Lake; mapped with Census 2020 ZCTA 93529 in Mono County.,,,,
93546 Mammoth Lakes,zcta,93546,Mammoth Lakes,37.5491262,-118.8398144,657628,,2017-02-28,10,0,Zillow ZIP-level market for Mammoth Lakes; mapped with Census 2020 ZCTA 93546 in Mono County.,,,,
93541 nan,zcta,93541,nan,38.0186456,-119.0597265,267533,,2017-02-28,10,0,Zillow ZIP-level market for nan; mapped with Census 2020 ZCTA 93541 in Mono County.,,,,
96107 Coleville,zcta,96107,Coleville,38.4082772,-119.5480747,234857,,2017-02-28,10,0,Zillow ZIP-level market for Coleville; mapped with Census 2020 ZCTA 96107 in Mono County.,,,,
93517 Bridgeport,zcta,93517,Bridgeport,38.2780771,-119.2748086,292757,,2017-02-28,10,0,Zillow ZIP-level market for Bridgeport; mapped with Census 2020 ZCTA 93517 in Mono County.,,,,
93529 June Lake,zcta,93529,June Lake,37.7777065,-119.1881016,463203,,2017-02-28,10,0,Zillow ZIP-level market for June Lake; mapped with Census 2020 ZCTA 93529 in Mono County.,,,,
93546 Mammoth Lakes,zcta,93546,Mammoth Lakes,37.5491262,-118.8398144,660557,,2017-03-31,10,0,Zillow ZIP-level market for Mammoth Lakes; mapped with Census 2020 ZCTA 93546 in Mono County.,,,,
93541 nan,zcta,93541,nan,38.0186456,-119.0597265,267710,,2017-03-31,10,0,Zillow ZIP-level market for nan; mapped with Census 2020 ZCTA 93541 in Mono County.,,,,
96107 Coleville,zcta,96107,Coleville,38.4082772,-119.5480747,237240,,2017-03-31,10,0,Zillow ZIP-level market for Coleville; mapped with Census 2020 ZCTA 96107 in Mono County.,,,,
93517 Bridgeport,zcta,93517,Bridgeport,38.2780771,-119.2748086,294444,,2017-03-31,10,0,Zillow ZIP-level market for Bridgeport; mapped with Census 2020 ZCTA 93517 in Mono County.,,,,
93529 June Lake,zcta,93529,June Lake,37.7777065,-119.1881016,466970,,2017-03-31,10,0,Zillow ZIP-level market for June Lake; mapped with Census 2020 ZCTA 93529 in Mono County.,,,,
93546 Mammoth Lakes,zcta,93546,Mammoth Lakes,37.5491262,-118.8398144,662557,,2017-04-30,10,0,Zillow ZIP-level market for Mammoth Lakes; mapped with Census 2020 ZCTA 93546 in Mono County.,,,,
93541 nan,zcta,93541,nan,38.0186456,-119.0597265,267995,,2017-04-30,10,0,Zillow ZIP-level market for nan; mapped with Census 2020 ZCTA 93541 in Mono County.,,,,
96107 Coleville,zcta,96107,Coleville,38.4082772,-119.5480747,240177,,2017-04-30,10,0,Zillow ZIP-level market for Coleville; mapped with Census 2020 ZCTA 96107 in Mono County.,,,,
93517 Bridgeport,zcta,93517,Bridgeport,38.2780771,-119.2748086,297607,,2017-04-30,10,0,Zillow ZIP-level market for Bridgeport; mapped with Census 2020 ZCTA 93517 in Mono County.,,,,
93529 June Lake,zcta,93529,June Lake,37.7777065,-119.1881016,472427,,2017-04-30,10,0,Zillow ZIP-level market for June Lake; mapped with Census 2020 ZCTA 93529 in Mono County.,,,,
93546 Mammoth Lakes,zcta,93546,Mammoth Lakes,37.5491262,-118.8398144,665023,,2017-05-31,10,0,Zillow ZIP-level market for Mammoth Lakes; mapped with Census 2020 ZCTA 93546 in Mono County.,,,,
93541 nan,zcta,93541,nan,38.0186456,-119.0597265,267394,,2017-05-31,10,0,Zillow ZIP-level market for nan; mapped with Census 2020 ZCTA 93541 in Mono County.,,,,
96107 Coleville,zcta,96107,Coleville,38.4082772,-119.5480747,241573,,2017-05-31,10,0,Zillow ZIP-level market for Coleville; mapped with Census 2020 ZCTA 96107 in Mono County.,,,,
93517 Bridgeport,zcta,93517,Bridgeport,38.2780771,-119.2748086,300149,,2017-05-31,10,0,Zillow ZIP-level market for Bridgeport; mapped with Census 2020 ZCTA 93517 in Mono County.,,,,
93529 June Lake,zcta,93529,June Lake,37.7777065,-119.1881016,474935,,2017-05-31,10,0,Zillow ZIP-level market for June Lake; mapped with Census 2020 ZCTA 93529 in Mono County.,,,,
93546 Mammoth Lakes,zcta,93546,Mammoth Lakes,37.5491262,-118.8398144,669273,,2017-06-30,10,0,Zillow ZIP-level market for Mammoth Lakes; mapped with Census 2020 ZCTA 93546 in Mono County.,,,,
93541 nan,zcta,93541,nan,38.0186456,-119.0597265,267154,,2017-06-30,10,0,Zillow ZIP-level market for nan; mapped with Census 2020 ZCTA 93541 in Mono County.,,,,
96107 Coleville,zcta,96107,Coleville,38.4082772,-119.5480747,242508,,2017-06-30,10,0,Zillow ZIP-level market for Coleville; mapped with Census 2020 ZCTA 96107 in Mono County.,,,,
93517 Bridgeport,zcta,93517,Bridgeport,38.2780771,-119.2748086,302882,,2017-06-30,10,0,Zillow ZIP-level market for Bridgeport; mapped with Census 2020 ZCTA 93517 in Mono County.,,,,
93529 June Lake,zcta,93529,June Lake,37.7777065,-119.1881016,476598,,2017-06-30,10,0,Zillow ZIP-level market for June Lake; mapped with Census 2020 ZCTA 93529 in Mono County.,,,,
93546 Mammoth Lakes,zcta,93546,Mammoth Lakes,37.5491262,-118.8398144,675097,,2017-07-31,10,0,Zillow ZIP-level market for Mammoth Lakes; mapped with Census 2020 ZCTA 93546 in Mono County.,,,,
93541 nan,zcta,93541,nan,38.0186456,-119.0597265,268492,,2017-07-31,10,0,Zillow ZIP-level market for nan; mapped with Census 2020 ZCTA 93541 in Mono County.,,,,
96107 Coleville,zcta,96107,Coleville,38.4082772,-119.5480747,243380,,2017-07-31,10,0,Zillow ZIP-level market for Coleville; mapped with Census 2020 ZCTA 96107 in Mono County.,,,,
93517 Bridgeport,zcta,93517,Bridgeport,38.2780771,-119.2748086,304853,,2017-07-31,10,0,Zillow ZIP-level market for Bridgeport; mapped with Census 2020 ZCTA 93517 in Mono County.,,,,
93529 June Lake,zcta,93529,June Lake,37.7777065,-119.1881016,478436,,2017-07-31,10,0,Zillow ZIP-level market for June Lake; mapped with Census 2020 ZCTA 93529 in Mono County.,,,,
93546 Mammoth Lakes,zcta,93546,Mammoth Lakes,37.5491262,-118.8398144,681637,,2017-08-31,10,0,Zillow ZIP-level market for Mammoth Lakes; mapped with Census 2020 ZCTA 93546 in Mono County.,,,,
93541 nan,zcta,93541,nan,38.0186456,-119.0597265,271309,,2017-08-31,10,0,Zillow ZIP-level market for nan; mapped with Census 2020 ZCTA 93541 in Mono County.,,,,
96107 Coleville,zcta,96107,Coleville,38.4082772,-119.5480747,244125,,2017-08-31,10,0,Zillow ZIP-level market for Coleville; mapped with Census 2020 ZCTA 96107 in Mono County.,,,,
93517 Bridgeport,zcta,93517,Bridgeport,38.2780771,-119.2748086,306373,,2017-08-31,10,0,Zillow ZIP-level market for Bridgeport; mapped with Census 2020 ZCTA 93517 in Mono County.,,,,
93529 June Lake,zcta,93529,June Lake,37.7777065,-119.1881016,482264,,2017-08-31,10,0,Zillow ZIP-level market for June Lake; mapped with Census 2020 ZCTA 93529 in Mono County.,,,,
93546 Mammoth Lakes,zcta,93546,Mammoth Lakes,37.5491262,-118.8398144,687992,,2017-09-30,10,0,Zillow ZIP-level market for Mammoth Lakes; mapped with Census 2020 ZCTA 93546 in Mono County.,,,,
93541 nan,zcta,93541,nan,38.0186456,-119.0597265,273737,,2017-09-30,10,0,Zillow ZIP-level market for nan; mapped with Census 2020 ZCTA 93541 in Mono County.,,,,
96107 Coleville,zcta,96107,Coleville,38.4082772,-119.5480747,244037,,2017-09-30,10,0,Zillow ZIP-level market for Coleville; mapped with Census 2020 ZCTA 96107 in Mono County.,,,,
93517 Bridgeport,zcta,93517,Bridgeport,38.2780771,-119.2748086,308216,,2017-09-30,10,0,Zillow ZIP-level market for Bridgeport; mapped with Census 2020 ZCTA 93517 in Mono County.,,,,
93529 June Lake,zcta,93529,June Lake,37.7777065,-119.1881016,484937,,2017-09-30,10,0,Zillow ZIP-level market for June Lake; mapped with Census 2020 ZCTA 93529 in Mono County.,,,,
93546 Mammoth Lakes,zcta,93546,Mammoth Lakes,37.5491262,-118.8398144,697087,,2017-10-31,10,0,Zillow ZIP-level market for Mammoth Lakes; mapped with Census 2020 ZCTA 93546 in Mono County.,,,,
93541 nan,zcta,93541,nan,38.0186456,-119.0597265,275049,,2017-10-31,10,0,Zillow ZIP-level market for nan; mapped with Census 2020 ZCTA 93541 in Mono County.,,,,
96107 Coleville,zcta,96107,Coleville,38.4082772,-119.5480747,244091,,2017-10-31,10,0,Zillow ZIP-level market for Coleville; mapped with Census 2020 ZCTA 96107 in Mono County.,,,,
93517 Bridgeport,zcta,93517,Bridgeport,38.2780771,-119.2748086,309878,,2017-10-31,10,0,Zillow ZIP-level market for Bridgeport; mapped with Census 2020 ZCTA 93517 in Mono County.,,,,
93529 June Lake,zcta,93529,June Lake,37.7777065,-119.1881016,486821,,2017-10-31,10,0,Zillow ZIP-level market for June Lake; mapped with Census 2020 ZCTA 93529 in Mono County.,,,,
93546 Mammoth Lakes,zcta,93546,Mammoth Lakes,37.5491262,-118.8398144,707914,,2017-11-30,10,0,Zillow ZIP-level market for Mammoth Lakes; mapped with Census 2020 ZCTA 93546 in Mono County.,,,,
93541 nan,zcta,93541,nan,38.0186456,-119.0597265,276785,,2017-11-30,10,0,Zillow ZIP-level market for nan; mapped with Census 2020 ZCTA 93541 in Mono County.,,,,
96107 Coleville,zcta,96107,Coleville,38.4082772,-119.5480747,244779,,2017-11-30,10,0,Zillow ZIP-level market for Coleville; mapped with Census 2020 ZCTA 96107 in Mono County.,,,,
93517 Bridgeport,zcta,93517,Bridgeport,38.2780771,-119.2748086,312199,,2017-11-30,10,0,Zillow ZIP-level market for Bridgeport; mapped with Census 2020 ZCTA 93517 in Mono County.,,,,
93529 June Lake,zcta,93529,June Lake,37.7777065,-119.1881016,488150,,2017-11-30,10,0,Zillow ZIP-level market for June Lake; mapped with Census 2020 ZCTA 93529 in Mono County.,,,,
93546 Mammoth Lakes,zcta,93546,Mammoth Lakes,37.5491262,-118.8398144,720126,,2017-12-31,10,0,Zillow ZIP-level market for Mammoth Lakes; mapped with Census 2020 ZCTA 93546 in Mono County.,,,,
93541 nan,zcta,93541,nan,38.0186456,-119.0597265,279859,,2017-12-31,10,0,Zillow ZIP-level market for nan; mapped with Census 2020 ZCTA 93541 in Mono County.,,,,
96107 Coleville,zcta,96107,Coleville,38.4082772,-119.5480747,246470,,2017-12-31,10,0,Zillow ZIP-level market for Coleville; mapped with Census 2020 ZCTA 96107 in Mono County.,,,,
93517 Bridgeport,zcta,93517,Bridgeport,38.2780771,-119.2748086,315948,,2017-12-31,10,0,Zillow ZIP-level market for Bridgeport; mapped with Census 2020 ZCTA 93517 in Mono County.,,,,
93529 June Lake,zcta,93529,June Lake,37.7777065,-119.1881016,489109,,2017-12-31,10,0,Zillow ZIP-level market for June Lake; mapped with Census 2020 ZCTA 93529 in Mono County.,,,,
93546 Mammoth Lakes,zcta,93546,Mammoth Lakes,37.5491262,-118.8398144,728157,,2018-01-31,10,0,Zillow ZIP-level market for Mammoth Lakes; mapped with Census 2020 ZCTA 93546 in Mono County.,,,,
93541 nan,zcta,93541,nan,38.0186456,-119.0597265,282903,,2018-01-31,10,0,Zillow ZIP-level market for nan; mapped with Census 2020 ZCTA 93541 in Mono County.,,,,
96107 Coleville,zcta,96107,Coleville,38.4082772,-119.5480747,248183,,2018-01-31,10,0,Zillow ZIP-level market for Coleville; mapped with Census 2020 ZCTA 96107 in Mono County.,,,,
93517 Bridgeport,zcta,93517,Bridgeport,38.2780771,-119.2748086,318702,,2018-01-31,10,0,Zillow ZIP-level market for Bridgeport; mapped with Census 2020 ZCTA 93517 in Mono County.,,,,
93529 June Lake,zcta,93529,June Lake,37.7777065,-119.1881016,488153,,2018-01-31,10,0,Zillow ZIP-level market for June Lake; mapped with Census 2020 ZCTA 93529 in Mono County.,,,,
93546 Mammoth Lakes,zcta,93546,Mammoth Lakes,37.5491262,-118.8398144,733330,,2018-02-28,10,0,Zillow ZIP-level market for Mammoth Lakes; mapped with Census 2020 ZCTA 93546 in Mono County.,,,,
93541 nan,zcta,93541,nan,38.0186456,-119.0597265,284732,,2018-02-28,10,0,Zillow ZIP-level market for nan; mapped with Census 2020 ZCTA 93541 in Mono County.,,,,
96107 Coleville,zcta,96107,Coleville,38.4082772,-119.5480747,250821,,2018-02-28,10,0,Zillow ZIP-level market for Coleville; mapped with Census 2020 ZCTA 96107 in Mono County.,,,,
93517 Bridgeport,zcta,93517,Bridgeport,38.2780771,-119.2748086,320584,,2018-02-28,10,0,Zillow ZIP-level market for Bridgeport; mapped with Census 2020 ZCTA 93517 in Mono County.,,,,
93529 June Lake,zcta,93529,June Lake,37.7777065,-119.1881016,487981,,2018-02-28,10,0,Zillow ZIP-level market for June Lake; mapped with Census 2020 ZCTA 93529 in Mono County.,,,,
93546 Mammoth Lakes,zcta,93546,Mammoth Lakes,37.5491262,-118.8398144,735752,,2018-03-31,10,0,Zillow ZIP-level market for Mammoth Lakes; mapped with Census 2020 ZCTA 93546 in Mono County.,,,,
93541 nan,zcta,93541,nan,38.0186456,-119.0597265,284443,,2018-03-31,10,0,Zillow ZIP-level market for nan; mapped with Census 2020 ZCTA 93541 in Mono County.,,,,
96107 Coleville,zcta,96107,Coleville,38.4082772,-119.5480747,252920,,2018-03-31,10,0,Zillow ZIP-level market for Coleville; mapped with Census 2020 ZCTA 96107 in Mono County.,,,,
93517 Bridgeport,zcta,93517,Bridgeport,38.2780771,-119.2748086,321450,,2018-03-31,10,0,Zillow ZIP-level market for Bridgeport; mapped with Census 2020 ZCTA 93517 in Mono County.,,,,
93529 June Lake,zcta,93529,June Lake,37.7777065,-119.1881016,488772,,2018-03-31,10,0,Zillow ZIP-level market for June Lake; mapped with Census 2020 ZCTA 93529 in Mono County.,,,,
93546 Mammoth Lakes,zcta,93546,Mammoth Lakes,37.5491262,-118.8398144,740402,,2018-04-30,10,0,Zillow ZIP-level market for Mammoth Lakes; mapped with Census 2020 ZCTA 93546 in Mono County.,,,,
93541 nan,zcta,93541,nan,38.0186456,-119.0597265,284794,,2018-04-30,10,0,Zillow ZIP-level market for nan; mapped with Census 2020 ZCTA 93541 in Mono County.,,,,
96107 Coleville,zcta,96107,Coleville,38.4082772,-119.5480747,254660,,2018-04-30,10,0,Zillow ZIP-level market for Coleville; mapped with Census 2020 ZCTA 96107 in Mono County.,,,,
93517 Bridgeport,zcta,93517,Bridgeport,38.2780771,-119.2748086,324319,,2018-04-30,10,0,Zillow ZIP-level market for Bridgeport; mapped with Census 2020 ZCTA 93517 in Mono County.,,,,
93529 June Lake,zcta,93529,June Lake,37.7777065,-119.1881016,492030,,2018-04-30,10,0,Zillow ZIP-level market for June Lake; mapped with Census 2020 ZCTA 93529 in Mono County.,,,,
93546 Mammoth Lakes,zcta,93546,Mammoth Lakes,37.5491262,-118.8398144,748506,,2018-05-31,10,0,Zillow ZIP-level market for Mammoth Lakes; mapped with Census 2020 ZCTA 93546 in Mono County.,,,,
93541 nan,zcta,93541,nan,38.0186456,-119.0597265,286530,,2018-05-31,10,0,Zillow ZIP-level market for nan; mapped with Census 2020 ZCTA 93541 in Mono County.,,,,
96107 Coleville,zcta,96107,Coleville,38.4082772,-119.5480747,255792,,2018-05-31,10,0,Zillow ZIP-level market for Coleville; mapped with Census 2020 ZCTA 96107 in Mono County.,,,,
93517 Bridgeport,zcta,93517,Bridgeport,38.2780771,-119.2748086,327469,,2018-05-31,10,0,Zillow ZIP-level market for Bridgeport; mapped with Census 2020 ZCTA 93517 in Mono County.,,,,
93529 June Lake,zcta,93529,June Lake,37.7777065,-119.1881016,496760,,2018-05-31,10,0,Zillow ZIP-level market for June Lake; mapped with Census 2020 ZCTA 93529 in Mono County.,,,,
93546 Mammoth Lakes,zcta,93546,Mammoth Lakes,37.5491262,-118.8398144,757769,,2018-06-30,10,0,Zillow ZIP-level market for Mammoth Lakes; mapped with Census 2020 ZCTA 93546 in Mono County.,,,,
93541 nan,zcta,93541,nan,38.0186456,-119.0597265,289842,,2018-06-30,10,0,Zillow ZIP-level market for nan; mapped with Census 2020 ZCTA 93541 in Mono County.,,,,
96107 Coleville,zcta,96107,Coleville,38.4082772,-119.5480747,257419,,2018-06-30,10,0,Zillow ZIP-level market for Coleville; mapped with Census 2020 ZCTA 96107 in Mono County.,,,,
93517 Bridgeport,zcta,93517,Bridgeport,38.2780771,-119.2748086,328695,,2018-06-30,10,0,Zillow ZIP-level market for Bridgeport; mapped with Census 2020 ZCTA 93517 in Mono County.,,,,
93529 June Lake,zcta,93529,June Lake,37.7777065,-119.1881016,501417,,2018-06-30,10,0,Zillow ZIP-level market for June Lake; mapped with Census 2020 ZCTA 93529 in Mono County.,,,,
93546 Mammoth Lakes,zcta,93546,Mammoth Lakes,37.5491262,-118.8398144,764033,,2018-07-31,10,0,Zillow ZIP-level market for Mammoth Lakes; mapped with Census 2020 ZCTA 93546 in Mono County.,,,,
93541 nan,zcta,93541,nan,38.0186456,-119.0597265,294675,,2018-07-31,10,0,Zillow ZIP-level market for nan; mapped with Census 2020 ZCTA 93541 in Mono County.,,,,
96107 Coleville,zcta,96107,Coleville,38.4082772,-119.5480747,260646,,2018-07-31,10,0,Zillow ZIP-level market for Coleville; mapped with Census 2020 ZCTA 96107 in Mono County.,,,,
93517 Bridgeport,zcta,93517,Bridgeport,38.2780771,-119.2748086,327175,,2018-07-31,10,0,Zillow ZIP-level market for Bridgeport; mapped with Census 2020 ZCTA 93517 in Mono County.,,,,
93529 June Lake,zcta,93529,June Lake,37.7777065,-119.1881016,505170,,2018-07-31,10,0,Zillow ZIP-level market for June Lake; mapped with Census 2020 ZCTA 93529 in Mono County.,,,,
93546 Mammoth Lakes,zcta,93546,Mammoth Lakes,37.5491262,-118.8398144,768678,,2018-08-31,10,0,Zillow ZIP-level market for Mammoth Lakes; mapped with Census 2020 ZCTA 93546 in Mono County.,,,,
93541 nan,zcta,93541,nan,38.0186456,-119.0597265,299214,,2018-08-31,10,0,Zillow ZIP-level market for nan; mapped with Census 2020 ZCTA 93541 in Mono County.,,,,
96107 Coleville,zcta,96107,Coleville,38.4082772,-119.5480747,263620,,2018-08-31,10,0,Zillow ZIP-level market for Coleville; mapped with Census 2020 ZCTA 96107 in Mono County.,,,,
93517 Bridgeport,zcta,93517,Bridgeport,38.2780771,-119.2748086,325075,,2018-08-31,10,0,Zillow ZIP-level market for Bridgeport; mapped with Census 2020 ZCTA 93517 in Mono County.,,,,
93529 June Lake,zcta,93529,June Lake,37.7777065,-119.1881016,506365,,2018-08-31,10,0,Zillow ZIP-level market for June Lake; mapped with Census 2020 ZCTA 93529 in Mono County.,,,,
93546 Mammoth Lakes,zcta,93546,Mammoth Lakes,37.5491262,-118.8398144,771715,,2018-09-30,10,0,Zillow ZIP-level market for Mammoth Lakes; mapped with Census 2020 ZCTA 93546 in Mono County.,,,,
93541 nan,zcta,93541,nan,38.0186456,-119.0597265,303848,,2018-09-30,10,0,Zillow ZIP-level market for nan; mapped with Census 2020 ZCTA 93541 in Mono County.,,,,
96107 Coleville,zcta,96107,Coleville,38.4082772,-119.5480747,266206,,2018-09-30,10,0,Zillow ZIP-level market for Coleville; mapped with Census 2020 ZCTA 96107 in Mono County.,,,,
93517 Bridgeport,zcta,93517,Bridgeport,38.2780771,-119.2748086,322982,,2018-09-30,10,0,Zillow ZIP-level market for Bridgeport; mapped with Census 2020 ZCTA 93517 in Mono County.,,,,
93529 June Lake,zcta,93529,June Lake,37.7777065,-119.1881016,505133,,2018-09-30,10,0,Zillow ZIP-level market for June Lake; mapped with Census 2020 ZCTA 93529 in Mono County.,,,,
93546 Mammoth Lakes,zcta,93546,Mammoth Lakes,37.5491262,-118.8398144,776160,,2018-10-31,10,0,Zillow ZIP-level market for Mammoth Lakes; mapped with Census 2020 ZCTA 93546 in Mono County.,,,,
93541 nan,zcta,93541,nan,38.0186456,-119.0597265,307882,,2018-10-31,10,0,Zillow ZIP-level market for nan; mapped with Census 2020 ZCTA 93541 in Mono County.,,,,
96107 Coleville,zcta,96107,Coleville,38.4082772,-119.5480747,267425,,2018-10-31,10,0,Zillow ZIP-level market for Coleville; mapped with Census 2020 ZCTA 96107 in Mono County.,,,,
93517 Bridgeport,zcta,93517,Bridgeport,38.2780771,-119.2748086,323359,,2018-10-31,10,0,Zillow ZIP-level market for Bridgeport; mapped with Census 2020 ZCTA 93517 in Mono County.,,,,
93529 June Lake,zcta,93529,June Lake,37.7777065,-119.1881016,503761,,2018-10-31,10,0,Zillow ZIP-level market for June Lake; mapped with Census 2020 ZCTA 93529 in Mono County.,,,,
93546 Mammoth Lakes,zcta,93546,Mammoth Lakes,37.5491262,-118.8398144,778380,,2018-11-30,10,0,Zillow ZIP-level market for Mammoth Lakes; mapped with Census 2020 ZCTA 93546 in Mono County.,,,,
93541 nan,zcta,93541,nan,38.0186456,-119.0597265,310674,,2018-11-30,10,0,Zillow ZIP-level market for nan; mapped with Census 2020 ZCTA 93541 in Mono County.,,,,
96107 Coleville,zcta,96107,Coleville,38.4082772,-119.5480747,267592,,2018-11-30,10,0,Zillow ZIP-level market for Coleville; mapped with Census 2020 ZCTA 96107 in Mono County.,,,,
93517 Bridgeport,zcta,93517,Bridgeport,38.2780771,-119.2748086,324101,,2018-11-30,10,0,Zillow ZIP-level market for Bridgeport; mapped with Census 2020 ZCTA 93517 in Mono County.,,,,
93529 June Lake,zcta,93529,June Lake,37.7777065,-119.1881016,502356,,2018-11-30,10,0,Zillow ZIP-level market for June Lake; mapped with Census 2020 ZCTA 93529 in Mono County.,,,,
93546 Mammoth Lakes,zcta,93546,Mammoth Lakes,37.5491262,-118.8398144,779650,,2018-12-31,10,0,Zillow ZIP-level market for Mammoth Lakes; mapped with Census 2020 ZCTA 93546 in Mono County.,,,,
93541 nan,zcta,93541,nan,38.0186456,-119.0597265,313020,,2018-12-31,10,0,Zillow ZIP-level market for nan; mapped with Census 2020 ZCTA 93541 in Mono County.,,,,
96107 Coleville,zcta,96107,Coleville,38.4082772,-119.5480747,267793,,2018-12-31,10,0,Zillow ZIP-level market for Coleville; mapped with Census 2020 ZCTA 96107 in Mono County.,,,,
93517 Bridgeport,zcta,93517,Bridgeport,38.2780771,-119.2748086,326984,,2018-12-31,10,0,Zillow ZIP-level market for Bridgeport; mapped with Census 2020 ZCTA 93517 in Mono County.,,,,
93529 June Lake,zcta,93529,June Lake,37.7777065,-119.1881016,501605,,2018-12-31,10,0,Zillow ZIP-level market for June Lake; mapped with Census 2020 ZCTA 93529 in Mono County.,,,,
93546 Mammoth Lakes,zcta,93546,Mammoth Lakes,37.5491262,-118.8398144,781177,,2019-01-31,10,0,Zillow ZIP-level market for Mammoth Lakes; mapped with Census 2020 ZCTA 93546 in Mono County.,,,,
93541 nan,zcta,93541,nan,38.0186456,-119.0597265,312841,,2019-01-31,10,0,Zillow ZIP-level market for nan; mapped with Census 2020 ZCTA 93541 in Mono County.,,,,
96107 Coleville,zcta,96107,Coleville,38.4082772,-119.5480747,266751,,2019-01-31,10,0,Zillow ZIP-level market for Coleville; mapped with Census 2020 ZCTA 96107 in Mono County.,,,,
93517 Bridgeport,zcta,93517,Bridgeport,38.2780771,-119.2748086,329953,,2019-01-31,10,0,Zillow ZIP-level market for Bridgeport; mapped with Census 2020 ZCTA 93517 in Mono County.,,,,
93529 June Lake,zcta,93529,June Lake,37.7777065,-119.1881016,501361,,2019-01-31,10,0,Zillow ZIP-level market for June Lake; mapped with Census 2020 ZCTA 93529 in Mono County.,,,,
93546 Mammoth Lakes,zcta,93546,Mammoth Lakes,37.5491262,-118.8398144,783972,,2019-02-28,10,0,Zillow ZIP-level market for Mammoth Lakes; mapped with Census 2020 ZCTA 93546 in Mono County.,,,,
93541 nan,zcta,93541,nan,38.0186456,-119.0597265,313402,,2019-02-28,10,0,Zillow ZIP-level market for nan; mapped with Census 2020 ZCTA 93541 in Mono County.,,,,
96107 Coleville,zcta,96107,Coleville,38.4082772,-119.5480747,265377,,2019-02-28,10,0,Zillow ZIP-level market for Coleville; mapped with Census 2020 ZCTA 96107 in Mono County.,,,,
93517 Bridgeport,zcta,93517,Bridgeport,38.2780771,-119.2748086,333513,,2019-02-28,10,0,Zillow ZIP-level market for Bridgeport; mapped with Census 2020 ZCTA 93517 in Mono County.,,,,
93529 June Lake,zcta,93529,June Lake,37.7777065,-119.1881016,503036,,2019-02-28,10,0,Zillow ZIP-level market for June Lake; mapped with Census 2020 ZCTA 93529 in Mono County.,,,,
93546 Mammoth Lakes,zcta,93546,Mammoth Lakes,37.5491262,-118.8398144,788461,,2019-03-31,10,0,Zillow ZIP-level market for Mammoth Lakes; mapped with Census 2020 ZCTA 93546 in Mono County.,,,,
93541 nan,zcta,93541,nan,38.0186456,-119.0597265,313459,,2019-03-31,10,0,Zillow ZIP-level market for nan; mapped with Census 2020 ZCTA 93541 in Mono County.,,,,
96107 Coleville,zcta,96107,Coleville,38.4082772,-119.5480747,263273,,2019-03-31,10,0,Zillow ZIP-level market for Coleville; mapped with Census 2020 ZCTA 96107 in Mono County.,,,,
93517 Bridgeport,zcta,93517,Bridgeport,38.2780771,-119.2748086,337117,,2019-03-31,10,0,Zillow ZIP-level market for Bridgeport; mapped with Census 2020 ZCTA 93517 in Mono County.,,,,
93529 June Lake,zcta,93529,June Lake,37.7777065,-119.1881016,508292,,2019-03-31,10,0,Zillow ZIP-level market for June Lake; mapped with Census 2020 ZCTA 93529 in Mono County.,,,,
93546 Mammoth Lakes,zcta,93546,Mammoth Lakes,37.5491262,-118.8398144,791405,,2019-04-30,10,0,Zillow ZIP-level market for Mammoth Lakes; mapped with Census 2020 ZCTA 93546 in Mono County.,,,,
93541 nan,zcta,93541,nan,38.0186456,-119.0597265,314354,,2019-04-30,10,0,Zillow ZIP-level market for nan; mapped with Census 2020 ZCTA 93541 in Mono County.,,,,
96107 Coleville,zcta,96107,Coleville,38.4082772,-119.5480747,263399,,2019-04-30,10,0,Zillow ZIP-level market for Coleville; mapped with Census 2020 ZCTA 96107 in Mono County.,,,,
93517 Bridgeport,zcta,93517,Bridgeport,38.2780771,-119.2748086,340582,,2019-04-30,10,0,Zillow ZIP-level market for Bridgeport; mapped with Census 2020 ZCTA 93517 in Mono County.,,,,
93529 June Lake,zcta,93529,June Lake,37.7777065,-119.1881016,514237,,2019-04-30,10,0,Zillow ZIP-level market for June Lake; mapped with Census 2020 ZCTA 93529 in Mono County.,,,,
93546 Mammoth Lakes,zcta,93546,Mammoth Lakes,37.5491262,-118.8398144,793430,,2019-05-31,10,0,Zillow ZIP-level market for Mammoth Lakes; mapped with Census 2020 ZCTA 93546 in Mono County.,,,,
93541 nan,zcta,93541,nan,38.0186456,-119.0597265,314414,,2019-05-31,10,0,Zillow ZIP-level market for nan; mapped with Census 2020 ZCTA 93541 in Mono County.,,,,
96107 Coleville,zcta,96107,Coleville,38.4082772,-119.5480747,264633,,2019-05-31,10,0,Zillow ZIP-level market for Coleville; mapped with Census 2020 ZCTA 96107 in Mono County.,,,,
93517 Bridgeport,zcta,93517,Bridgeport,38.2780771,-119.2748086,343298,,2019-05-31,10,0,Zillow ZIP-level market for Bridgeport; mapped with Census 2020 ZCTA 93517 in Mono County.,,,,
93529 June Lake,zcta,93529,June Lake,37.7777065,-119.1881016,517975,,2019-05-31,10,0,Zillow ZIP-level market for June Lake; mapped with Census 2020 ZCTA 93529 in Mono County.,,,,
93546 Mammoth Lakes,zcta,93546,Mammoth Lakes,37.5491262,-118.8398144,795761,,2019-06-30,10,0,Zillow ZIP-level market for Mammoth Lakes; mapped with Census 2020 ZCTA 93546 in Mono County.,,,,
93541 nan,zcta,93541,nan,38.0186456,-119.0597265,315773,,2019-06-30,10,0,Zillow ZIP-level market for nan; mapped with Census 2020 ZCTA 93541 in Mono County.,,,,
96107 Coleville,zcta,96107,Coleville,38.4082772,-119.5480747,267206,,2019-06-30,10,0,Zillow ZIP-level market for Coleville; mapped with Census 2020 ZCTA 96107 in Mono County.,,,,
93517 Bridgeport,zcta,93517,Bridgeport,38.2780771,-119.2748086,345664,,2019-06-30,10,0,Zillow ZIP-level market for Bridgeport; mapped with Census 2020 ZCTA 93517 in Mono County.,,,,
93529 June Lake,zcta,93529,June Lake,37.7777065,-119.1881016,519657,,2019-06-30,10,0,Zillow ZIP-level market for June Lake; mapped with Census 2020 ZCTA 93529 in Mono County.,,,,
93546 Mammoth Lakes,zcta,93546,Mammoth Lakes,37.5491262,-118.8398144,799559,,2019-07-31,10,0,Zillow ZIP-level market for Mammoth Lakes; mapped with Census 2020 ZCTA 93546 in Mono County.,,,,
93541 nan,zcta,93541,nan,38.0186456,-119.0597265,318388,,2019-07-31,10,0,Zillow ZIP-level market for nan; mapped with Census 2020 ZCTA 93541 in Mono County.,,,,
96107 Coleville,zcta,96107,Coleville,38.4082772,-119.5480747,269349,,2019-07-31,10,0,Zillow ZIP-level market for Coleville; mapped with Census 2020 ZCTA 96107 in Mono County.,,,,
93517 Bridgeport,zcta,93517,Bridgeport,38.2780771,-119.2748086,346573,,2019-07-31,10,0,Zillow ZIP-level market for Bridgeport; mapped with Census 2020 ZCTA 93517 in Mono County.,,,,
93529 June Lake,zcta,93529,June Lake,37.7777065,-119.1881016,521071,,2019-07-31,10,0,Zillow ZIP-level market for June Lake; mapped with Census 2020 ZCTA 93529 in Mono County.,,,,
93546 Mammoth Lakes,zcta,93546,Mammoth Lakes,37.5491262,-118.8398144,802326,,2019-08-31,10,0,Zillow ZIP-level market for Mammoth Lakes; mapped with Census 2020 ZCTA 93546 in Mono County.,,,,
93541 nan,zcta,93541,nan,38.0186456,-119.0597265,321752,,2019-08-31,10,0,Zillow ZIP-level market for nan; mapped with Census 2020 ZCTA 93541 in Mono County.,,,,
96107 Coleville,zcta,96107,Coleville,38.4082772,-119.5480747,271178,,2019-08-31,10,0,Zillow ZIP-level market for Coleville; mapped with Census 2020 ZCTA 96107 in Mono County.,,,,
93517 Bridgeport,zcta,93517,Bridgeport,38.2780771,-119.2748086,347383,,2019-08-31,10,0,Zillow ZIP-level market for Bridgeport; mapped with Census 2020 ZCTA 93517 in Mono County.,,,,
93529 June Lake,zcta,93529,June Lake,37.7777065,-119.1881016,522421,,2019-08-31,10,0,Zillow ZIP-level market for June Lake; mapped with Census 2020 ZCTA 93529 in Mono County.,,,,
93546 Mammoth Lakes,zcta,93546,Mammoth Lakes,37.5491262,-118.8398144,802218,,2019-09-30,10,0,Zillow ZIP-level market for Mammoth Lakes; mapped with Census 2020 ZCTA 93546 in Mono County.,,,,
93541 nan,zcta,93541,nan,38.0186456,-119.0597265,324107,,2019-09-30,10,0,Zillow ZIP-level market for nan; mapped with Census 2020 ZCTA 93541 in Mono County.,,,,
96107 Coleville,zcta,96107,Coleville,38.4082772,-119.5480747,272343,,2019-09-30,10,0,Zillow ZIP-level market for Coleville; mapped with Census 2020 ZCTA 96107 in Mono County.,,,,
93517 Bridgeport,zcta,93517,Bridgeport,38.2780771,-119.2748086,347479,,2019-09-30,10,0,Zillow ZIP-level market for Bridgeport; mapped with Census 2020 ZCTA 93517 in Mono County.,,,,
93529 June Lake,zcta,93529,June Lake,37.7777065,-119.1881016,525214,,2019-09-30,10,0,Zillow ZIP-level market for June Lake; mapped with Census 2020 ZCTA 93529 in Mono County.,,,,
93546 Mammoth Lakes,zcta,93546,Mammoth Lakes,37.5491262,-118.8398144,802831,,2019-10-31,10,0,Zillow ZIP-level market for Mammoth Lakes; mapped with Census 2020 ZCTA 93546 in Mono County.,,,,
93541 nan,zcta,93541,nan,38.0186456,-119.0597265,325900,,2019-10-31,10,0,Zillow ZIP-level market for nan; mapped with Census 2020 ZCTA 93541 in Mono County.,,,,
96107 Coleville,zcta,96107,Coleville,38.4082772,-119.5480747,274052,,2019-10-31,10,0,Zillow ZIP-level market for Coleville; mapped with Census 2020 ZCTA 96107 in Mono County.,,,,
93517 Bridgeport,zcta,93517,Bridgeport,38.2780771,-119.2748086,348518,,2019-10-31,10,0,Zillow ZIP-level market for Bridgeport; mapped with Census 2020 ZCTA 93517 in Mono County.,,,,
93529 June Lake,zcta,93529,June Lake,37.7777065,-119.1881016,529356,,2019-10-31,10,0,Zillow ZIP-level market for June Lake; mapped with Census 2020 ZCTA 93529 in Mono County.,,,,
93546 Mammoth Lakes,zcta,93546,Mammoth Lakes,37.5491262,-118.8398144,805585,,2019-11-30,10,0,Zillow ZIP-level market for Mammoth Lakes; mapped with Census 2020 ZCTA 93546 in Mono County.,,,,
93541 nan,zcta,93541,nan,38.0186456,-119.0597265,328269,,2019-11-30,10,0,Zillow ZIP-level market for nan; mapped with Census 2020 ZCTA 93541 in Mono County.,,,,
96107 Coleville,zcta,96107,Coleville,38.4082772,-119.5480747,278191,,2019-11-30,10,0,Zillow ZIP-level market for Coleville; mapped with Census 2020 ZCTA 96107 in Mono County.,,,,
93517 Bridgeport,zcta,93517,Bridgeport,38.2780771,-119.2748086,350376,,2019-11-30,10,0,Zillow ZIP-level market for Bridgeport; mapped with Census 2020 ZCTA 93517 in Mono County.,,,,
93529 June Lake,zcta,93529,June Lake,37.7777065,-119.1881016,534603,,2019-11-30,10,0,Zillow ZIP-level market for June Lake; mapped with Census 2020 ZCTA 93529 in Mono County.,,,,
93546 Mammoth Lakes,zcta,93546,Mammoth Lakes,37.5491262,-118.8398144,809095,,2019-12-31,10,0,Zillow ZIP-level market for Mammoth Lakes; mapped with Census 2020 ZCTA 93546 in Mono County.,,,,
93541 nan,zcta,93541,nan,38.0186456,-119.0597265,331120,,2019-12-31,10,0,Zillow ZIP-level market for nan; mapped with Census 2020 ZCTA 93541 in Mono County.,,,,
96107 Coleville,zcta,96107,Coleville,38.4082772,-119.5480747,282467,,2019-12-31,10,0,Zillow ZIP-level market for Coleville; mapped with Census 2020 ZCTA 96107 in Mono County.,,,,
93517 Bridgeport,zcta,93517,Bridgeport,38.2780771,-119.2748086,351098,,2019-12-31,10,0,Zillow ZIP-level market for Bridgeport; mapped with Census 2020 ZCTA 93517 in Mono County.,,,,
93529 June Lake,zcta,93529,June Lake,37.7777065,-119.1881016,537767,,2019-12-31,10,0,Zillow ZIP-level market for June Lake; mapped with Census 2020 ZCTA 93529 in Mono County.,,,,
93546 Mammoth Lakes,zcta,93546,Mammoth Lakes,37.5491262,-118.8398144,803281,,2020-01-31,10,0,Zillow ZIP-level market for Mammoth Lakes; mapped with Census 2020 ZCTA 93546 in Mono County.,,,,
93541 nan,zcta,93541,nan,38.0186456,-119.0597265,332524,,2020-01-31,10,0,Zillow ZIP-level market for nan; mapped with Census 2020 ZCTA 93541 in Mono County.,,,,
96107 Coleville,zcta,96107,Coleville,38.4082772,-119.5480747,285032,,2020-01-31,10,0,Zillow ZIP-level market for Coleville; mapped with Census 2020 ZCTA 96107 in Mono County.,,,,
93517 Bridgeport,zcta,93517,Bridgeport,38.2780771,-119.2748086,351882,,2020-01-31,10,0,Zillow ZIP-level market for Bridgeport; mapped with Census 2020 ZCTA 93517 in Mono County.,,,,
93529 June Lake,zcta,93529,June Lake,37.7777065,-119.1881016,537926,,2020-01-31,10,0,Zillow ZIP-level market for June Lake; mapped with Census 2020 ZCTA 93529 in Mono County.,,,,
93546 Mammoth Lakes,zcta,93546,Mammoth Lakes,37.5491262,-118.8398144,790458,,2020-02-29,10,0,Zillow ZIP-level market for Mammoth Lakes; mapped with Census 2020 ZCTA 93546 in Mono County.,,,,
93541 nan,zcta,93541,nan,38.0186456,-119.0597265,332353,,2020-02-29,10,0,Zillow ZIP-level market for nan; mapped with Census 2020 ZCTA 93541 in Mono County.,,,,
96107 Coleville,zcta,96107,Coleville,38.4082772,-119.5480747,285877,,2020-02-29,10,0,Zillow ZIP-level market for Coleville; mapped with Census 2020 ZCTA 96107 in Mono County.,,,,
93517 Bridgeport,zcta,93517,Bridgeport,38.2780771,-119.2748086,352226,,2020-02-29,10,0,Zillow ZIP-level market for Bridgeport; mapped with Census 2020 ZCTA 93517 in Mono County.,,,,
93529 June Lake,zcta,93529,June Lake,37.7777065,-119.1881016,538734,,2020-02-29,10,0,Zillow ZIP-level market for June Lake; mapped with Census 2020 ZCTA 93529 in Mono County.,,,,
93546 Mammoth Lakes,zcta,93546,Mammoth Lakes,37.5491262,-118.8398144,774409,,2020-03-31,10,0,Zillow ZIP-level market for Mammoth Lakes; mapped with Census 2020 ZCTA 93546 in Mono County.,,,,
93541 nan,zcta,93541,nan,38.0186456,-119.0597265,331812,,2020-03-31,10,0,Zillow ZIP-level market for nan; mapped with Census 2020 ZCTA 93541 in Mono County.,,,,
96107 Coleville,zcta,96107,Coleville,38.4082772,-119.5480747,286203,,2020-03-31,10,0,Zillow ZIP-level market for Coleville; mapped with Census 2020 ZCTA 96107 in Mono County.,,,,
93517 Bridgeport,zcta,93517,Bridgeport,38.2780771,-119.2748086,353785,,2020-03-31,10,0,Zillow ZIP-level market for Bridgeport; mapped with Census 2020 ZCTA 93517 in Mono County.,,,,
93529 June Lake,zcta,93529,June Lake,37.7777065,-119.1881016,539717,,2020-03-31,10,0,Zillow ZIP-level market for June Lake; mapped with Census 2020 ZCTA 93529 in Mono County.,,,,
93546 Mammoth Lakes,zcta,93546,Mammoth Lakes,37.5491262,-118.8398144,764113,,2020-04-30,10,0,Zillow ZIP-level market for Mammoth Lakes; mapped with Census 2020 ZCTA 93546 in Mono County.,,,,
93541 nan,zcta,93541,nan,38.0186456,-119.0597265,331034,,2020-04-30,10,0,Zillow ZIP-level market for nan; mapped with Census 2020 ZCTA 93541 in Mono County.,,,,
96107 Coleville,zcta,96107,Coleville,38.4082772,-119.5480747,287243,,2020-04-30,10,0,Zillow ZIP-level market for Coleville; mapped with Census 2020 ZCTA 96107 in Mono County.,,,,
93517 Bridgeport,zcta,93517,Bridgeport,38.2780771,-119.2748086,354325,,2020-04-30,10,0,Zillow ZIP-level market for Bridgeport; mapped with Census 2020 ZCTA 93517 in Mono County.,,,,
93529 June Lake,zcta,93529,June Lake,37.7777065,-119.1881016,542173,,2020-04-30,10,0,Zillow ZIP-level market for June Lake; mapped with Census 2020 ZCTA 93529 in Mono County.,,,,
93546 Mammoth Lakes,zcta,93546,Mammoth Lakes,37.5491262,-118.8398144,755566,,2020-05-31,10,0,Zillow ZIP-level market for Mammoth Lakes; mapped with Census 2020 ZCTA 93546 in Mono County.,,,,
93541 nan,zcta,93541,nan,38.0186456,-119.0597265,328889,,2020-05-31,10,0,Zillow ZIP-level market for nan; mapped with Census 2020 ZCTA 93541 in Mono County.,,,,
96107 Coleville,zcta,96107,Coleville,38.4082772,-119.5480747,286084,,2020-05-31,10,0,Zillow ZIP-level market for Coleville; mapped with Census 2020 ZCTA 96107 in Mono County.,,,,
93517 Bridgeport,zcta,93517,Bridgeport,38.2780771,-119.2748086,352654,,2020-05-31,10,0,Zillow ZIP-level market for Bridgeport; mapped with Census 2020 ZCTA 93517 in Mono County.,,,,
93529 June Lake,zcta,93529,June Lake,37.7777065,-119.1881016,542169,,2020-05-31,10,0,Zillow ZIP-level market for June Lake; mapped with Census 2020 ZCTA 93529 in Mono County.,,,,
93546 Mammoth Lakes,zcta,93546,Mammoth Lakes,37.5491262,-118.8398144,749082,,2020-06-30,10,0,Zillow ZIP-level market for Mammoth Lakes; mapped with Census 2020 ZCTA 93546 in Mono County.,,,,
93541 nan,zcta,93541,nan,38.0186456,-119.0597265,326051,,2020-06-30,10,0,Zillow ZIP-level market for nan; mapped with Census 2020 ZCTA 93541 in Mono County.,,,,
96107 Coleville,zcta,96107,Coleville,38.4082772,-119.5480747,284987,,2020-06-30,10,0,Zillow ZIP-level market for Coleville; mapped with Census 2020 ZCTA 96107 in Mono County.,,,,
93517 Bridgeport,zcta,93517,Bridgeport,38.2780771,-119.2748086,351561,,2020-06-30,10,0,Zillow ZIP-level market for Bridgeport; mapped with Census 2020 ZCTA 93517 in Mono County.,,,,
93529 June Lake,zcta,93529,June Lake,37.7777065,-119.1881016,542291,,2020-06-30,10,0,Zillow ZIP-level market for June Lake; mapped with Census 2020 ZCTA 93529 in Mono County.,,,,
93546 Mammoth Lakes,zcta,93546,Mammoth Lakes,37.5491262,-118.8398144,743296,,2020-07-31,10,0,Zillow ZIP-level market for Mammoth Lakes; mapped with Census 2020 ZCTA 93546 in Mono County.,,,,
93541 nan,zcta,93541,nan,38.0186456,-119.0597265,324916,,2020-07-31,10,0,Zillow ZIP-level market for nan; mapped with Census 2020 ZCTA 93541 in Mono County.,,,,
96107 Coleville,zcta,96107,Coleville,38.4082772,-119.5480747,284425,,2020-07-31,10,0,Zillow ZIP-level market for Coleville; mapped with Census 2020 ZCTA 96107 in Mono County.,,,,
93517 Bridgeport,zcta,93517,Bridgeport,38.2780771,-119.2748086,352357,,2020-07-31,10,0,Zillow ZIP-level market for Bridgeport; mapped with Census 2020 ZCTA 93517 in Mono County.,,,,
93529 June Lake,zcta,93529,June Lake,37.7777065,-119.1881016,543542,,2020-07-31,10,0,Zillow ZIP-level market for June Lake; mapped with Census 2020 ZCTA 93529 in Mono County.,,,,
93546 Mammoth Lakes,zcta,93546,Mammoth Lakes,37.5491262,-118.8398144,747914,,2020-08-31,10,0,Zillow ZIP-level market for Mammoth Lakes; mapped with Census 2020 ZCTA 93546 in Mono County.,,,,
93541 nan,zcta,93541,nan,38.0186456,-119.0597265,328353,,2020-08-31,10,0,Zillow ZIP-level market for nan; mapped with Census 2020 ZCTA 93541 in Mono County.,,,,
96107 Coleville,zcta,96107,Coleville,38.4082772,-119.5480747,288311,,2020-08-31,10,0,Zillow ZIP-level market for Coleville; mapped with Census 2020 ZCTA 96107 in Mono County.,,,,
93517 Bridgeport,zcta,93517,Bridgeport,38.2780771,-119.2748086,357392,,2020-08-31,10,0,Zillow ZIP-level market for Bridgeport; mapped with Census 2020 ZCTA 93517 in Mono County.,,,,
93529 June Lake,zcta,93529,June Lake,37.7777065,-119.1881016,547171,,2020-08-31,10,0,Zillow ZIP-level market for June Lake; mapped with Census 2020 ZCTA 93529 in Mono County.,,,,
93546 Mammoth Lakes,zcta,93546,Mammoth Lakes,37.5491262,-118.8398144,761182,,2020-09-30,10,0,Zillow ZIP-level market for Mammoth Lakes; mapped with Census 2020 ZCTA 93546 in Mono County.,,,,
93541 nan,zcta,93541,nan,38.0186456,-119.0597265,334380,,2020-09-30,10,0,Zillow ZIP-level market for nan; mapped with Census 2020 ZCTA 93541 in Mono County.,,,,
96107 Coleville,zcta,96107,Coleville,38.4082772,-119.5480747,294106,,2020-09-30,10,0,Zillow ZIP-level market for Coleville; mapped with Census 2020 ZCTA 96107 in Mono County.,,,,
93517 Bridgeport,zcta,93517,Bridgeport,38.2780771,-119.2748086,362832,,2020-09-30,10,0,Zillow ZIP-level market for Bridgeport; mapped with Census 2020 ZCTA 93517 in Mono County.,,,,
93529 June Lake,zcta,93529,June Lake,37.7777065,-119.1881016,551816,,2020-09-30,10,0,Zillow ZIP-level market for June Lake; mapped with Census 2020 ZCTA 93529 in Mono County.,,,,
93546 Mammoth Lakes,zcta,93546,Mammoth Lakes,37.5491262,-118.8398144,782724,,2020-10-31,10,0,Zillow ZIP-level market for Mammoth Lakes; mapped with Census 2020 ZCTA 93546 in Mono County.,,,,
93541 nan,zcta,93541,nan,38.0186456,-119.0597265,341886,,2020-10-31,10,0,Zillow ZIP-level market for nan; mapped with Census 2020 ZCTA 93541 in Mono County.,,,,
96107 Coleville,zcta,96107,Coleville,38.4082772,-119.5480747,301781,,2020-10-31,10,0,Zillow ZIP-level market for Coleville; mapped with Census 2020 ZCTA 96107 in Mono County.,,,,
93517 Bridgeport,zcta,93517,Bridgeport,38.2780771,-119.2748086,369593,,2020-10-31,10,0,Zillow ZIP-level market for Bridgeport; mapped with Census 2020 ZCTA 93517 in Mono County.,,,,
93529 June Lake,zcta,93529,June Lake,37.7777065,-119.1881016,558189,,2020-10-31,10,0,Zillow ZIP-level market for June Lake; mapped with Census 2020 ZCTA 93529 in Mono County.,,,,
93546 Mammoth Lakes,zcta,93546,Mammoth Lakes,37.5491262,-118.8398144,804913,,2020-11-30,10,0,Zillow ZIP-level market for Mammoth Lakes; mapped with Census 2020 ZCTA 93546 in Mono County.,,,,
93541 nan,zcta,93541,nan,38.0186456,-119.0597265,350669,,2020-11-30,10,0,Zillow ZIP-level market for nan; mapped with Census 2020 ZCTA 93541 in Mono County.,,,,
96107 Coleville,zcta,96107,Coleville,38.4082772,-119.5480747,308742,,2020-11-30,10,0,Zillow ZIP-level market for Coleville; mapped with Census 2020 ZCTA 96107 in Mono County.,,,,
93517 Bridgeport,zcta,93517,Bridgeport,38.2780771,-119.2748086,376317,,2020-11-30,10,0,Zillow ZIP-level market for Bridgeport; mapped with Census 2020 ZCTA 93517 in Mono County.,,,,
93529 June Lake,zcta,93529,June Lake,37.7777065,-119.1881016,565970,,2020-11-30,10,0,Zillow ZIP-level market for June Lake; mapped with Census 2020 ZCTA 93529 in Mono County.,,,,
93546 Mammoth Lakes,zcta,93546,Mammoth Lakes,37.5491262,-118.8398144,826724,,2020-12-31,10,0,Zillow ZIP-level market for Mammoth Lakes; mapped with Census 2020 ZCTA 93546 in Mono County.,,,,
93541 nan,zcta,93541,nan,38.0186456,-119.0597265,360027,,2020-12-31,10,0,Zillow ZIP-level market for nan; mapped with Census 2020 ZCTA 93541 in Mono County.,,,,
96107 Coleville,zcta,96107,Coleville,38.4082772,-119.5480747,316519,,2020-12-31,10,0,Zillow ZIP-level market for Coleville; mapped with Census 2020 ZCTA 96107 in Mono County.,,,,
93517 Bridgeport,zcta,93517,Bridgeport,38.2780771,-119.2748086,384992,,2020-12-31,10,0,Zillow ZIP-level market for Bridgeport; mapped with Census 2020 ZCTA 93517 in Mono County.,,,,
93529 June Lake,zcta,93529,June Lake,37.7777065,-119.1881016,577029,,2020-12-31,10,0,Zillow ZIP-level market for June Lake; mapped with Census 2020 ZCTA 93529 in Mono County.,,,,
93546 Mammoth Lakes,zcta,93546,Mammoth Lakes,37.5491262,-118.8398144,847325,,2021-01-31,10,0,Zillow ZIP-level market for Mammoth Lakes; mapped with Census 2020 ZCTA 93546 in Mono County.,,,,
93541 nan,zcta,93541,nan,38.0186456,-119.0597265,369061,,2021-01-31,10,0,Zillow ZIP-level market for nan; mapped with Census 2020 ZCTA 93541 in Mono County.,,,,
96107 Coleville,zcta,96107,Coleville,38.4082772,-119.5480747,322060,,2021-01-31,10,0,Zillow ZIP-level market for Coleville; mapped with Census 2020 ZCTA 96107 in Mono County.,,,,
93517 Bridgeport,zcta,93517,Bridgeport,38.2780771,-119.2748086,392459,,2021-01-31,10,0,Zillow ZIP-level market for Bridgeport; mapped with Census 2020 ZCTA 93517 in Mono County.,,,,
93529 June Lake,zcta,93529,June Lake,37.7777065,-119.1881016,587015,,2021-01-31,10,0,Zillow ZIP-level market for June Lake; mapped with Census 2020 ZCTA 93529 in Mono County.,,,,
93546 Mammoth Lakes,zcta,93546,Mammoth Lakes,37.5491262,-118.8398144,866911,,2021-02-28,10,0,Zillow ZIP-level market for Mammoth Lakes; mapped with Census 2020 ZCTA 93546 in Mono County.,,,,
93541 nan,zcta,93541,nan,38.0186456,-119.0597265,375739,,2021-02-28,10,0,Zillow ZIP-level market for nan; mapped with Census 2020 ZCTA 93541 in Mono County.,,,,
96107 Coleville,zcta,96107,Coleville,38.4082772,-119.5480747,326915,,2021-02-28,10,0,Zillow ZIP-level market for Coleville; mapped with Census 2020 ZCTA 96107 in Mono County.,,,,
93517 Bridgeport,zcta,93517,Bridgeport,38.2780771,-119.2748086,396574,,2021-02-28,10,0,Zillow ZIP-level market for Bridgeport; mapped with Census 2020 ZCTA 93517 in Mono County.,,,,
93529 June Lake,zcta,93529,June Lake,37.7777065,-119.1881016,598372,,2021-02-28,10,0,Zillow ZIP-level market for June Lake; mapped with Census 2020 ZCTA 93529 in Mono County.,,,,
93546 Mammoth Lakes,zcta,93546,Mammoth Lakes,37.5491262,-118.8398144,886797,,2021-03-31,10,0,Zillow ZIP-level market for Mammoth Lakes; mapped with Census 2020 ZCTA 93546 in Mono County.,,,,
93541 nan,zcta,93541,nan,38.0186456,-119.0597265,381045,,2021-03-31,10,0,Zillow ZIP-level market for nan; mapped with Census 2020 ZCTA 93541 in Mono County.,,,,
96107 Coleville,zcta,96107,Coleville,38.4082772,-119.5480747,330527,,2021-03-31,10,0,Zillow ZIP-level market for Coleville; mapped with Census 2020 ZCTA 96107 in Mono County.,,,,
93517 Bridgeport,zcta,93517,Bridgeport,38.2780771,-119.2748086,398323,,2021-03-31,10,0,Zillow ZIP-level market for Bridgeport; mapped with Census 2020 ZCTA 93517 in Mono County.,,,,
93529 June Lake,zcta,93529,June Lake,37.7777065,-119.1881016,611267,,2021-03-31,10,0,Zillow ZIP-level market for June Lake; mapped with Census 2020 ZCTA 93529 in Mono County.,,,,
93546 Mammoth Lakes,zcta,93546,Mammoth Lakes,37.5491262,-118.8398144,913770,,2021-04-30,10,0,Zillow ZIP-level market for Mammoth Lakes; mapped with Census 2020 ZCTA 93546 in Mono County.,,,,
93541 nan,zcta,93541,nan,38.0186456,-119.0597265,386522,,2021-04-30,10,0,Zillow ZIP-level market for nan; mapped with Census 2020 ZCTA 93541 in Mono County.,,,,
96107 Coleville,zcta,96107,Coleville,38.4082772,-119.5480747,337241,,2021-04-30,10,0,Zillow ZIP-level market for Coleville; mapped with Census 2020 ZCTA 96107 in Mono County.,,,,
93517 Bridgeport,zcta,93517,Bridgeport,38.2780771,-119.2748086,401524,,2021-04-30,10,0,Zillow ZIP-level market for Bridgeport; mapped with Census 2020 ZCTA 93517 in Mono County.,,,,
93529 June Lake,zcta,93529,June Lake,37.7777065,-119.1881016,625605,,2021-04-30,10,0,Zillow ZIP-level market for June Lake; mapped with Census 2020 ZCTA 93529 in Mono County.,,,,
93546 Mammoth Lakes,zcta,93546,Mammoth Lakes,37.5491262,-118.8398144,945989,,2021-05-31,10,0,Zillow ZIP-level market for Mammoth Lakes; mapped with Census 2020 ZCTA 93546 in Mono County.,,,,
93541 nan,zcta,93541,nan,38.0186456,-119.0597265,393487,,2021-05-31,10,0,Zillow ZIP-level market for nan; mapped with Census 2020 ZCTA 93541 in Mono County.,,,,
96107 Coleville,zcta,96107,Coleville,38.4082772,-119.5480747,345426,,2021-05-31,10,0,Zillow ZIP-level market for Coleville; mapped with Census 2020 ZCTA 96107 in Mono County.,,,,
93517 Bridgeport,zcta,93517,Bridgeport,38.2780771,-119.2748086,408274,,2021-05-31,10,0,Zillow ZIP-level market for Bridgeport; mapped with Census 2020 ZCTA 93517 in Mono County.,,,,
93529 June Lake,zcta,93529,June Lake,37.7777065,-119.1881016,642300,,2021-05-31,10,0,Zillow ZIP-level market for June Lake; mapped with Census 2020 ZCTA 93529 in Mono County.,,,,
93546 Mammoth Lakes,zcta,93546,Mammoth Lakes,37.5491262,-118.8398144,978638,,2021-06-30,10,0,Zillow ZIP-level market for Mammoth Lakes; mapped with Census 2020 ZCTA 93546 in Mono County.,,,,
93541 nan,zcta,93541,nan,38.0186456,-119.0597265,401164,,2021-06-30,10,0,Zillow ZIP-level market for nan; mapped with Census 2020 ZCTA 93541 in Mono County.,,,,
96107 Coleville,zcta,96107,Coleville,38.4082772,-119.5480747,354287,,2021-06-30,10,0,Zillow ZIP-level market for Coleville; mapped with Census 2020 ZCTA 96107 in Mono County.,,,,
93517 Bridgeport,zcta,93517,Bridgeport,38.2780771,-119.2748086,414823,,2021-06-30,10,0,Zillow ZIP-level market for Bridgeport; mapped with Census 2020 ZCTA 93517 in Mono County.,,,,
93529 June Lake,zcta,93529,June Lake,37.7777065,-119.1881016,655711,,2021-06-30,10,0,Zillow ZIP-level market for June Lake; mapped with Census 2020 ZCTA 93529 in Mono County.,,,,
93546 Mammoth Lakes,zcta,93546,Mammoth Lakes,37.5491262,-118.8398144,1005443,,2021-07-31,10,0,Zillow ZIP-level market for Mammoth Lakes; mapped with Census 2020 ZCTA 93546 in Mono County.,,,,
93541 nan,zcta,93541,nan,38.0186456,-119.0597265,408022,,2021-07-31,10,0,Zillow ZIP-level market for nan; mapped with Census 2020 ZCTA 93541 in Mono County.,,,,
96107 Coleville,zcta,96107,Coleville,38.4082772,-119.5480747,359827,,2021-07-31,10,0,Zillow ZIP-level market for Coleville; mapped with Census 2020 ZCTA 96107 in Mono County.,,,,
93517 Bridgeport,zcta,93517,Bridgeport,38.2780771,-119.2748086,419233,,2021-07-31,10,0,Zillow ZIP-level market for Bridgeport; mapped with Census 2020 ZCTA 93517 in Mono County.,,,,
93529 June Lake,zcta,93529,June Lake,37.7777065,-119.1881016,666036,,2021-07-31,10,0,Zillow ZIP-level market for June Lake; mapped with Census 2020 ZCTA 93529 in Mono County.,,,,
93546 Mammoth Lakes,zcta,93546,Mammoth Lakes,37.5491262,-118.8398144,1022110,,2021-08-31,10,0,Zillow ZIP-level market for Mammoth Lakes; mapped with Census 2020 ZCTA 93546 in Mono County.,,,,
93541 nan,zcta,93541,nan,38.0186456,-119.0597265,413343,,2021-08-31,10,0,Zillow ZIP-level market for nan; mapped with Census 2020 ZCTA 93541 in Mono County.,,,,
96107 Coleville,zcta,96107,Coleville,38.4082772,-119.5480747,362658,,2021-08-31,10,0,Zillow ZIP-level market for Coleville; mapped with Census 2020 ZCTA 96107 in Mono County.,,,,
93517 Bridgeport,zcta,93517,Bridgeport,38.2780771,-119.2748086,420774,,2021-08-31,10,0,Zillow ZIP-level market for Bridgeport; mapped with Census 2020 ZCTA 93517 in Mono County.,,,,
93529 June Lake,zcta,93529,June Lake,37.7777065,-119.1881016,670123,,2021-08-31,10,0,Zillow ZIP-level market for June Lake; mapped with Census 2020 ZCTA 93529 in Mono County.,,,,
93546 Mammoth Lakes,zcta,93546,Mammoth Lakes,37.5491262,-118.8398144,1031256,,2021-09-30,10,0,Zillow ZIP-level market for Mammoth Lakes; mapped with Census 2020 ZCTA 93546 in Mono County.,,,,
93541 nan,zcta,93541,nan,38.0186456,-119.0597265,416418,,2021-09-30,10,0,Zillow ZIP-level market for nan; mapped with Census 2020 ZCTA 93541 in Mono County.,,,,
96107 Coleville,zcta,96107,Coleville,38.4082772,-119.5480747,363965,,2021-09-30,10,0,Zillow ZIP-level market for Coleville; mapped with Census 2020 ZCTA 96107 in Mono County.,,,,
93517 Bridgeport,zcta,93517,Bridgeport,38.2780771,-119.2748086,421565,,2021-09-30,10,0,Zillow ZIP-level market for Bridgeport; mapped with Census 2020 ZCTA 93517 in Mono County.,,,,
93529 June Lake,zcta,93529,June Lake,37.7777065,-119.1881016,670253,,2021-09-30,10,0,Zillow ZIP-level market for June Lake; mapped with Census 2020 ZCTA 93529 in Mono County.,,,,
93546 Mammoth Lakes,zcta,93546,Mammoth Lakes,37.5491262,-118.8398144,1036843,,2021-10-31,10,0,Zillow ZIP-level market for Mammoth Lakes; mapped with Census 2020 ZCTA 93546 in Mono County.,,,,
93541 nan,zcta,93541,nan,38.0186456,-119.0597265,418646,,2021-10-31,10,0,Zillow ZIP-level market for nan; mapped with Census 2020 ZCTA 93541 in Mono County.,,,,
96107 Coleville,zcta,96107,Coleville,38.4082772,-119.5480747,366294,,2021-10-31,10,0,Zillow ZIP-level market for Coleville; mapped with Census 2020 ZCTA 96107 in Mono County.,,,,
93517 Bridgeport,zcta,93517,Bridgeport,38.2780771,-119.2748086,421302,,2021-10-31,10,0,Zillow ZIP-level market for Bridgeport; mapped with Census 2020 ZCTA 93517 in Mono County.,,,,
93529 June Lake,zcta,93529,June Lake,37.7777065,-119.1881016,672034,,2021-10-31,10,0,Zillow ZIP-level market for June Lake; mapped with Census 2020 ZCTA 93529 in Mono County.,,,,
93546 Mammoth Lakes,zcta,93546,Mammoth Lakes,37.5491262,-118.8398144,1044590,,2021-11-30,10,0,Zillow ZIP-level market for Mammoth Lakes; mapped with Census 2020 ZCTA 93546 in Mono County.,,,,
93541 nan,zcta,93541,nan,38.0186456,-119.0597265,420634,,2021-11-30,10,0,Zillow ZIP-level market for nan; mapped with Census 2020 ZCTA 93541 in Mono County.,,,,
96107 Coleville,zcta,96107,Coleville,38.4082772,-119.5480747,369032,,2021-11-30,10,0,Zillow ZIP-level market for Coleville; mapped with Census 2020 ZCTA 96107 in Mono County.,,,,
93517 Bridgeport,zcta,93517,Bridgeport,38.2780771,-119.2748086,422581,,2021-11-30,10,0,Zillow ZIP-level market for Bridgeport; mapped with Census 2020 ZCTA 93517 in Mono County.,,,,
93529 June Lake,zcta,93529,June Lake,37.7777065,-119.1881016,677883,,2021-11-30,10,0,Zillow ZIP-level market for June Lake; mapped with Census 2020 ZCTA 93529 in Mono County.,,,,
93546 Mammoth Lakes,zcta,93546,Mammoth Lakes,37.5491262,-118.8398144,1055150,,2021-12-31,10,0,Zillow ZIP-level market for Mammoth Lakes; mapped with Census 2020 ZCTA 93546 in Mono County.,,,,
93541 nan,zcta,93541,nan,38.0186456,-119.0597265,421826,,2021-12-31,10,0,Zillow ZIP-level market for nan; mapped with Census 2020 ZCTA 93541 in Mono County.,,,,
96107 Coleville,zcta,96107,Coleville,38.4082772,-119.5480747,370519,,2021-12-31,10,0,Zillow ZIP-level market for Coleville; mapped with Census 2020 ZCTA 96107 in Mono County.,,,,
93517 Bridgeport,zcta,93517,Bridgeport,38.2780771,-119.2748086,422249,,2021-12-31,10,0,Zillow ZIP-level market for Bridgeport; mapped with Census 2020 ZCTA 93517 in Mono County.,,,,
93529 June Lake,zcta,93529,June Lake,37.7777065,-119.1881016,686477,,2021-12-31,10,0,Zillow ZIP-level market for June Lake; mapped with Census 2020 ZCTA 93529 in Mono County.,,,,
93546 Mammoth Lakes,zcta,93546,Mammoth Lakes,37.5491262,-118.8398144,1069830,,2022-01-31,10,0,Zillow ZIP-level market for Mammoth Lakes; mapped with Census 2020 ZCTA 93546 in Mono County.,,,,
93541 nan,zcta,93541,nan,38.0186456,-119.0597265,425226,,2022-01-31,10,0,Zillow ZIP-level market for nan; mapped with Census 2020 ZCTA 93541 in Mono County.,,,,
96107 Coleville,zcta,96107,Coleville,38.4082772,-119.5480747,371340,,2022-01-31,10,0,Zillow ZIP-level market for Coleville; mapped with Census 2020 ZCTA 96107 in Mono County.,,,,
93517 Bridgeport,zcta,93517,Bridgeport,38.2780771,-119.2748086,423410,,2022-01-31,10,0,Zillow ZIP-level market for Bridgeport; mapped with Census 2020 ZCTA 93517 in Mono County.,,,,
93529 June Lake,zcta,93529,June Lake,37.7777065,-119.1881016,695744,,2022-01-31,10,0,Zillow ZIP-level market for June Lake; mapped with Census 2020 ZCTA 93529 in Mono County.,,,,
93546 Mammoth Lakes,zcta,93546,Mammoth Lakes,37.5491262,-118.8398144,1089612,,2022-02-28,10,0,Zillow ZIP-level market for Mammoth Lakes; mapped with Census 2020 ZCTA 93546 in Mono County.,,,,
93541 nan,zcta,93541,nan,38.0186456,-119.0597265,429664,,2022-02-28,10,0,Zillow ZIP-level market for nan; mapped with Census 2020 ZCTA 93541 in Mono County.,,,,
96107 Coleville,zcta,96107,Coleville,38.4082772,-119.5480747,372722,,2022-02-28,10,0,Zillow ZIP-level market for Coleville; mapped with Census 2020 ZCTA 96107 in Mono County.,,,,
93517 Bridgeport,zcta,93517,Bridgeport,38.2780771,-119.2748086,425222,,2022-02-28,10,0,Zillow ZIP-level market for Bridgeport; mapped with Census 2020 ZCTA 93517 in Mono County.,,,,
93529 June Lake,zcta,93529,June Lake,37.7777065,-119.1881016,703601,,2022-02-28,10,0,Zillow ZIP-level market for June Lake; mapped with Census 2020 ZCTA 93529 in Mono County.,,,,
93546 Mammoth Lakes,zcta,93546,Mammoth Lakes,37.5491262,-118.8398144,1116220,,2022-03-31,10,0,Zillow ZIP-level market for Mammoth Lakes; mapped with Census 2020 ZCTA 93546 in Mono County.,,,,
93541 nan,zcta,93541,nan,38.0186456,-119.0597265,438022,,2022-03-31,10,0,Zillow ZIP-level market for nan; mapped with Census 2020 ZCTA 93541 in Mono County.,,,,
96107 Coleville,zcta,96107,Coleville,38.4082772,-119.5480747,376467,,2022-03-31,10,0,Zillow ZIP-level market for Coleville; mapped with Census 2020 ZCTA 96107 in Mono County.,,,,
93517 Bridgeport,zcta,93517,Bridgeport,38.2780771,-119.2748086,431871,,2022-03-31,10,0,Zillow ZIP-level market for Bridgeport; mapped with Census 2020 ZCTA 93517 in Mono County.,,,,
93529 June Lake,zcta,93529,June Lake,37.7777065,-119.1881016,716144,,2022-03-31,10,0,Zillow ZIP-level market for June Lake; mapped with Census 2020 ZCTA 93529 in Mono County.,,,,
93546 Mammoth Lakes,zcta,93546,Mammoth Lakes,37.5491262,-118.8398144,1142857,,2022-04-30,10,0,Zillow ZIP-level market for Mammoth Lakes; mapped with Census 2020 ZCTA 93546 in Mono County.,,,,
93541 nan,zcta,93541,nan,38.0186456,-119.0597265,445833,,2022-04-30,10,0,Zillow ZIP-level market for nan; mapped with Census 2020 ZCTA 93541 in Mono County.,,,,
96107 Coleville,zcta,96107,Coleville,38.4082772,-119.5480747,379466,,2022-04-30,10,0,Zillow ZIP-level market for Coleville; mapped with Census 2020 ZCTA 96107 in Mono County.,,,,
93517 Bridgeport,zcta,93517,Bridgeport,38.2780771,-119.2748086,438455,,2022-04-30,10,0,Zillow ZIP-level market for Bridgeport; mapped with Census 2020 ZCTA 93517 in Mono County.,,,,
93529 June Lake,zcta,93529,June Lake,37.7777065,-119.1881016,733058,,2022-04-30,10,0,Zillow ZIP-level market for June Lake; mapped with Census 2020 ZCTA 93529 in Mono County.,,,,
93546 Mammoth Lakes,zcta,93546,Mammoth Lakes,37.5491262,-118.8398144,1167980,,2022-05-31,10,0,Zillow ZIP-level market for Mammoth Lakes; mapped with Census 2020 ZCTA 93546 in Mono County.,,,,
93541 nan,zcta,93541,nan,38.0186456,-119.0597265,453800,,2022-05-31,10,0,Zillow ZIP-level market for nan; mapped with Census 2020 ZCTA 93541 in Mono County.,,,,
96107 Coleville,zcta,96107,Coleville,38.4082772,-119.5480747,381142,,2022-05-31,10,0,Zillow ZIP-level market for Coleville; mapped with Census 2020 ZCTA 96107 in Mono County.,,,,
93517 Bridgeport,zcta,93517,Bridgeport,38.2780771,-119.2748086,444411,,2022-05-31,10,0,Zillow ZIP-level market for Bridgeport; mapped with Census 2020 ZCTA 93517 in Mono County.,,,,
93529 June Lake,zcta,93529,June Lake,37.7777065,-119.1881016,749227,,2022-05-31,10,0,Zillow ZIP-level market for June Lake; mapped with Census 2020 ZCTA 93529 in Mono County.,,,,
93546 Mammoth Lakes,zcta,93546,Mammoth Lakes,37.5491262,-118.8398144,1188795,,2022-06-30,10,0,Zillow ZIP-level market for Mammoth Lakes; mapped with Census 2020 ZCTA 93546 in Mono County.,,,,
93541 nan,zcta,93541,nan,38.0186456,-119.0597265,459908,,2022-06-30,10,0,Zillow ZIP-level market for nan; mapped with Census 2020 ZCTA 93541 in Mono County.,,,,
96107 Coleville,zcta,96107,Coleville,38.4082772,-119.5480747,382268,,2022-06-30,10,0,Zillow ZIP-level market for Coleville; mapped with Census 2020 ZCTA 96107 in Mono County.,,,,
93517 Bridgeport,zcta,93517,Bridgeport,38.2780771,-119.2748086,447822,,2022-06-30,10,0,Zillow ZIP-level market for Bridgeport; mapped with Census 2020 ZCTA 93517 in Mono County.,,,,
93529 June Lake,zcta,93529,June Lake,37.7777065,-119.1881016,760342,,2022-06-30,10,0,Zillow ZIP-level market for June Lake; mapped with Census 2020 ZCTA 93529 in Mono County.,,,,
93546 Mammoth Lakes,zcta,93546,Mammoth Lakes,37.5491262,-118.8398144,1196497,,2022-07-31,10,0,Zillow ZIP-level market for Mammoth Lakes; mapped with Census 2020 ZCTA 93546 in Mono County.,,,,
93541 nan,zcta,93541,nan,38.0186456,-119.0597265,463485,,2022-07-31,10,0,Zillow ZIP-level market for nan; mapped with Census 2020 ZCTA 93541 in Mono County.,,,,
96107 Coleville,zcta,96107,Coleville,38.4082772,-119.5480747,382332,,2022-07-31,10,0,Zillow ZIP-level market for Coleville; mapped with Census 2020 ZCTA 96107 in Mono County.,,,,
93517 Bridgeport,zcta,93517,Bridgeport,38.2780771,-119.2748086,450038,,2022-07-31,10,0,Zillow ZIP-level market for Bridgeport; mapped with Census 2020 ZCTA 93517 in Mono County.,,,,
93529 June Lake,zcta,93529,June Lake,37.7777065,-119.1881016,762446,,2022-07-31,10,0,Zillow ZIP-level market for June Lake; mapped with Census 2020 ZCTA 93529 in Mono County.,,,,
93546 Mammoth Lakes,zcta,93546,Mammoth Lakes,37.5491262,-118.8398144,1185402,,2022-08-31,10,0,Zillow ZIP-level market for Mammoth Lakes; mapped with Census 2020 ZCTA 93546 in Mono County.,,,,
93541 nan,zcta,93541,nan,38.0186456,-119.0597265,462693,,2022-08-31,10,0,Zillow ZIP-level market for nan; mapped with Census 2020 ZCTA 93541 in Mono County.,,,,
96107 Coleville,zcta,96107,Coleville,38.4082772,-119.5480747,381288,,2022-08-31,10,0,Zillow ZIP-level market for Coleville; mapped with Census 2020 ZCTA 96107 in Mono County.,,,,
93517 Bridgeport,zcta,93517,Bridgeport,38.2780771,-119.2748086,449149,,2022-08-31,10,0,Zillow ZIP-level market for Bridgeport; mapped with Census 2020 ZCTA 93517 in Mono County.,,,,
93529 June Lake,zcta,93529,June Lake,37.7777065,-119.1881016,760674,,2022-08-31,10,0,Zillow ZIP-level market for June Lake; mapped with Census 2020 ZCTA 93529 in Mono County.,,,,
93546 Mammoth Lakes,zcta,93546,Mammoth Lakes,37.5491262,-118.8398144,1161362,,2022-09-30,10,0,Zillow ZIP-level market for Mammoth Lakes; mapped with Census 2020 ZCTA 93546 in Mono County.,,,,
93541 nan,zcta,93541,nan,38.0186456,-119.0597265,458891,,2022-09-30,10,0,Zillow ZIP-level market for nan; mapped with Census 2020 ZCTA 93541 in Mono County.,,,,
96107 Coleville,zcta,96107,Coleville,38.4082772,-119.5480747,378397,,2022-09-30,10,0,Zillow ZIP-level market for Coleville; mapped with Census 2020 ZCTA 96107 in Mono County.,,,,
93517 Bridgeport,zcta,93517,Bridgeport,38.2780771,-119.2748086,445578,,2022-09-30,10,0,Zillow ZIP-level market for Bridgeport; mapped with Census 2020 ZCTA 93517 in Mono County.,,,,
93529 June Lake,zcta,93529,June Lake,37.7777065,-119.1881016,756161,,2022-09-30,10,0,Zillow ZIP-level market for June Lake; mapped with Census 2020 ZCTA 93529 in Mono County.,,,,
93546 Mammoth Lakes,zcta,93546,Mammoth Lakes,37.5491262,-118.8398144,1139075,,2022-10-31,10,0,Zillow ZIP-level market for Mammoth Lakes; mapped with Census 2020 ZCTA 93546 in Mono County.,,,,
93541 nan,zcta,93541,nan,38.0186456,-119.0597265,456536,,2022-10-31,10,0,Zillow ZIP-level market for nan; mapped with Census 2020 ZCTA 93541 in Mono County.,,,,
96107 Coleville,zcta,96107,Coleville,38.4082772,-119.5480747,375261,,2022-10-31,10,0,Zillow ZIP-level market for Coleville; mapped with Census 2020 ZCTA 96107 in Mono County.,,,,
93517 Bridgeport,zcta,93517,Bridgeport,38.2780771,-119.2748086,441693,,2022-10-31,10,0,Zillow ZIP-level market for Bridgeport; mapped with Census 2020 ZCTA 93517 in Mono County.,,,,
93529 June Lake,zcta,93529,June Lake,37.7777065,-119.1881016,756302,,2022-10-31,10,0,Zillow ZIP-level market for June Lake; mapped with Census 2020 ZCTA 93529 in Mono County.,,,,
93546 Mammoth Lakes,zcta,93546,Mammoth Lakes,37.5491262,-118.8398144,1123007,,2022-11-30,10,0,Zillow ZIP-level market for Mammoth Lakes; mapped with Census 2020 ZCTA 93546 in Mono County.,,,,
93541 nan,zcta,93541,nan,38.0186456,-119.0597265,454066,,2022-11-30,10,0,Zillow ZIP-level market for nan; mapped with Census 2020 ZCTA 93541 in Mono County.,,,,
96107 Coleville,zcta,96107,Coleville,38.4082772,-119.5480747,370603,,2022-11-30,10,0,Zillow ZIP-level market for Coleville; mapped with Census 2020 ZCTA 96107 in Mono County.,,,,
93517 Bridgeport,zcta,93517,Bridgeport,38.2780771,-119.2748086,437161,,2022-11-30,10,0,Zillow ZIP-level market for Bridgeport; mapped with Census 2020 ZCTA 93517 in Mono County.,,,,
93529 June Lake,zcta,93529,June Lake,37.7777065,-119.1881016,755661,,2022-11-30,10,0,Zillow ZIP-level market for June Lake; mapped with Census 2020 ZCTA 93529 in Mono County.,,,,
93546 Mammoth Lakes,zcta,93546,Mammoth Lakes,37.5491262,-118.8398144,1107886,,2022-12-31,10,0,Zillow ZIP-level market for Mammoth Lakes; mapped with Census 2020 ZCTA 93546 in Mono County.,,,,
93541 nan,zcta,93541,nan,38.0186456,-119.0597265,453009,,2022-12-31,10,0,Zillow ZIP-level market for nan; mapped with Census 2020 ZCTA 93541 in Mono County.,,,,
96107 Coleville,zcta,96107,Coleville,38.4082772,-119.5480747,364710,,2022-12-31,10,0,Zillow ZIP-level market for Coleville; mapped with Census 2020 ZCTA 96107 in Mono County.,,,,
93517 Bridgeport,zcta,93517,Bridgeport,38.2780771,-119.2748086,432296,,2022-12-31,10,0,Zillow ZIP-level market for Bridgeport; mapped with Census 2020 ZCTA 93517 in Mono County.,,,,
93529 June Lake,zcta,93529,June Lake,37.7777065,-119.1881016,750230,,2022-12-31,10,0,Zillow ZIP-level market for June Lake; mapped with Census 2020 ZCTA 93529 in Mono County.,,,,
93546 Mammoth Lakes,zcta,93546,Mammoth Lakes,37.5491262,-118.8398144,1094400,,2023-01-31,10,0,Zillow ZIP-level market for Mammoth Lakes; mapped with Census 2020 ZCTA 93546 in Mono County.,,,,
93541 nan,zcta,93541,nan,38.0186456,-119.0597265,449783,,2023-01-31,10,0,Zillow ZIP-level market for nan; mapped with Census 2020 ZCTA 93541 in Mono County.,,,,
96107 Coleville,zcta,96107,Coleville,38.4082772,-119.5480747,358855,,2023-01-31,10,0,Zillow ZIP-level market for Coleville; mapped with Census 2020 ZCTA 96107 in Mono County.,,,,
93517 Bridgeport,zcta,93517,Bridgeport,38.2780771,-119.2748086,425192,,2023-01-31,10,0,Zillow ZIP-level market for Bridgeport; mapped with Census 2020 ZCTA 93517 in Mono County.,,,,
93529 June Lake,zcta,93529,June Lake,37.7777065,-119.1881016,742462,,2023-01-31,10,0,Zillow ZIP-level market for June Lake; mapped with Census 2020 ZCTA 93529 in Mono County.,,,,
93546 Mammoth Lakes,zcta,93546,Mammoth Lakes,37.5491262,-118.8398144,1086238,,2023-02-28,10,0,Zillow ZIP-level market for Mammoth Lakes; mapped with Census 2020 ZCTA 93546 in Mono County.,,,,
93541 nan,zcta,93541,nan,38.0186456,-119.0597265,447720,,2023-02-28,10,0,Zillow ZIP-level market for nan; mapped with Census 2020 ZCTA 93541 in Mono County.,,,,
96107 Coleville,zcta,96107,Coleville,38.4082772,-119.5480747,354183,,2023-02-28,10,0,Zillow ZIP-level market for Coleville; mapped with Census 2020 ZCTA 96107 in Mono County.,,,,
93517 Bridgeport,zcta,93517,Bridgeport,38.2780771,-119.2748086,418294,,2023-02-28,10,0,Zillow ZIP-level market for Bridgeport; mapped with Census 2020 ZCTA 93517 in Mono County.,,,,
93529 June Lake,zcta,93529,June Lake,37.7777065,-119.1881016,737188,,2023-02-28,10,0,Zillow ZIP-level market for June Lake; mapped with Census 2020 ZCTA 93529 in Mono County.,,,,
93546 Mammoth Lakes,zcta,93546,Mammoth Lakes,37.5491262,-118.8398144,1089341,,2023-03-31,10,0,Zillow ZIP-level market for Mammoth Lakes; mapped with Census 2020 ZCTA 93546 in Mono County.,,,,
93541 nan,zcta,93541,nan,38.0186456,-119.0597265,450092,,2023-03-31,10,0,Zillow ZIP-level market for nan; mapped with Census 2020 ZCTA 93541 in Mono County.,,,,
96107 Coleville,zcta,96107,Coleville,38.4082772,-119.5480747,351629,,2023-03-31,10,0,Zillow ZIP-level market for Coleville; mapped with Census 2020 ZCTA 96107 in Mono County.,,,,
93517 Bridgeport,zcta,93517,Bridgeport,38.2780771,-119.2748086,415614,,2023-03-31,10,0,Zillow ZIP-level market for Bridgeport; mapped with Census 2020 ZCTA 93517 in Mono County.,,,,
93529 June Lake,zcta,93529,June Lake,37.7777065,-119.1881016,741938,,2023-03-31,10,0,Zillow ZIP-level market for June Lake; mapped with Census 2020 ZCTA 93529 in Mono County.,,,,
93546 Mammoth Lakes,zcta,93546,Mammoth Lakes,37.5491262,-118.8398144,1096908,,2023-04-30,10,0,Zillow ZIP-level market for Mammoth Lakes; mapped with Census 2020 ZCTA 93546 in Mono County.,,,,
93541 nan,zcta,93541,nan,38.0186456,-119.0597265,455653,,2023-04-30,10,0,Zillow ZIP-level market for nan; mapped with Census 2020 ZCTA 93541 in Mono County.,,,,
96107 Coleville,zcta,96107,Coleville,38.4082772,-119.5480747,350726,,2023-04-30,10,0,Zillow ZIP-level market for Coleville; mapped with Census 2020 ZCTA 96107 in Mono County.,,,,
93517 Bridgeport,zcta,93517,Bridgeport,38.2780771,-119.2748086,416941,,2023-04-30,10,0,Zillow ZIP-level market for Bridgeport; mapped with Census 2020 ZCTA 93517 in Mono County.,,,,
93529 June Lake,zcta,93529,June Lake,37.7777065,-119.1881016,748201,,2023-04-30,10,0,Zillow ZIP-level market for June Lake; mapped with Census 2020 ZCTA 93529 in Mono County.,,,,
93546 Mammoth Lakes,zcta,93546,Mammoth Lakes,37.5491262,-118.8398144,1102662,,2023-05-31,10,0,Zillow ZIP-level market for Mammoth Lakes; mapped with Census 2020 ZCTA 93546 in Mono County.,,,,
93541 nan,zcta,93541,nan,38.0186456,-119.0597265,462864,,2023-05-31,10,0,Zillow ZIP-level market for nan; mapped with Census 2020 ZCTA 93541 in Mono County.,,,,
96107 Coleville,zcta,96107,Coleville,38.4082772,-119.5480747,350825,,2023-05-31,10,0,Zillow ZIP-level market for Coleville; mapped with Census 2020 ZCTA 96107 in Mono County.,,,,
93517 Bridgeport,zcta,93517,Bridgeport,38.2780771,-119.2748086,420262,,2023-05-31,10,0,Zillow ZIP-level market for Bridgeport; mapped with Census 2020 ZCTA 93517 in Mono County.,,,,
93529 June Lake,zcta,93529,June Lake,37.7777065,-119.1881016,753810,,2023-05-31,10,0,Zillow ZIP-level market for June Lake; mapped with Census 2020 ZCTA 93529 in Mono County.,,,,
93546 Mammoth Lakes,zcta,93546,Mammoth Lakes,37.5491262,-118.8398144,1105145,,2023-06-30,10,0,Zillow ZIP-level market for Mammoth Lakes; mapped with Census 2020 ZCTA 93546 in Mono County.,,,,
93541 nan,zcta,93541,nan,38.0186456,-119.0597265,469146,,2023-06-30,10,0,Zillow ZIP-level market for nan; mapped with Census 2020 ZCTA 93541 in Mono County.,,,,
96107 Coleville,zcta,96107,Coleville,38.4082772,-119.5480747,350933,,2023-06-30,10,0,Zillow ZIP-level market for Coleville; mapped with Census 2020 ZCTA 96107 in Mono County.,,,,
93517 Bridgeport,zcta,93517,Bridgeport,38.2780771,-119.2748086,422275,,2023-06-30,10,0,Zillow ZIP-level market for Bridgeport; mapped with Census 2020 ZCTA 93517 in Mono County.,,,,
93529 June Lake,zcta,93529,June Lake,37.7777065,-119.1881016,756510,,2023-06-30,10,0,Zillow ZIP-level market for June Lake; mapped with Census 2020 ZCTA 93529 in Mono County.,,,,
93546 Mammoth Lakes,zcta,93546,Mammoth Lakes,37.5491262,-118.8398144,1107116,,2023-07-31,10,0,Zillow ZIP-level market for Mammoth Lakes; mapped with Census 2020 ZCTA 93546 in Mono County.,,,,
93541 nan,zcta,93541,nan,38.0186456,-119.0597265,474446,,2023-07-31,10,0,Zillow ZIP-level market for nan; mapped with Census 2020 ZCTA 93541 in Mono County.,,,,
96107 Coleville,zcta,96107,Coleville,38.4082772,-119.5480747,351463,,2023-07-31,10,0,Zillow ZIP-level market for Coleville; mapped with Census 2020 ZCTA 96107 in Mono County.,,,,
93517 Bridgeport,zcta,93517,Bridgeport,38.2780771,-119.2748086,422763,,2023-07-31,10,0,Zillow ZIP-level market for Bridgeport; mapped with Census 2020 ZCTA 93517 in Mono County.,,,,
93529 June Lake,zcta,93529,June Lake,37.7777065,-119.1881016,757232,,2023-07-31,10,0,Zillow ZIP-level market for June Lake; mapped with Census 2020 ZCTA 93529 in Mono County.,,,,
93546 Mammoth Lakes,zcta,93546,Mammoth Lakes,37.5491262,-118.8398144,1110170,,2023-08-31,10,0,Zillow ZIP-level market for Mammoth Lakes; mapped with Census 2020 ZCTA 93546 in Mono County.,,,,
93541 nan,zcta,93541,nan,38.0186456,-119.0597265,478424,,2023-08-31,10,0,Zillow ZIP-level market for nan; mapped with Census 2020 ZCTA 93541 in Mono County.,,,,
96107 Coleville,zcta,96107,Coleville,38.4082772,-119.5480747,350733,,2023-08-31,10,0,Zillow ZIP-level market for Coleville; mapped with Census 2020 ZCTA 96107 in Mono County.,,,,
93517 Bridgeport,zcta,93517,Bridgeport,38.2780771,-119.2748086,420743,,2023-08-31,10,0,Zillow ZIP-level market for Bridgeport; mapped with Census 2020 ZCTA 93517 in Mono County.,,,,
93529 June Lake,zcta,93529,June Lake,37.7777065,-119.1881016,753083,,2023-08-31,10,0,Zillow ZIP-level market for June Lake; mapped with Census 2020 ZCTA 93529 in Mono County.,,,,
93546 Mammoth Lakes,zcta,93546,Mammoth Lakes,37.5491262,-118.8398144,1109310,,2023-09-30,10,0,Zillow ZIP-level market for Mammoth Lakes; mapped with Census 2020 ZCTA 93546 in Mono County.,,,,
93541 nan,zcta,93541,nan,38.0186456,-119.0597265,479026,,2023-09-30,10,0,Zillow ZIP-level market for nan; mapped with Census 2020 ZCTA 93541 in Mono County.,,,,
96107 Coleville,zcta,96107,Coleville,38.4082772,-119.5480747,348424,,2023-09-30,10,0,Zillow ZIP-level market for Coleville; mapped with Census 2020 ZCTA 96107 in Mono County.,,,,
93517 Bridgeport,zcta,93517,Bridgeport,38.2780771,-119.2748086,417582,,2023-09-30,10,0,Zillow ZIP-level market for Bridgeport; mapped with Census 2020 ZCTA 93517 in Mono County.,,,,
93529 June Lake,zcta,93529,June Lake,37.7777065,-119.1881016,745643,,2023-09-30,10,0,Zillow ZIP-level market for June Lake; mapped with Census 2020 ZCTA 93529 in Mono County.,,,,
93546 Mammoth Lakes,zcta,93546,Mammoth Lakes,37.5491262,-118.8398144,1105388,,2023-10-31,10,0,Zillow ZIP-level market for Mammoth Lakes; mapped with Census 2020 ZCTA 93546 in Mono County.,,,,
93541 nan,zcta,93541,nan,38.0186456,-119.0597265,479011,,2023-10-31,10,0,Zillow ZIP-level market for nan; mapped with Census 2020 ZCTA 93541 in Mono County.,,,,
96107 Coleville,zcta,96107,Coleville,38.4082772,-119.5480747,345830,,2023-10-31,10,0,Zillow ZIP-level market for Coleville; mapped with Census 2020 ZCTA 96107 in Mono County.,,,,
93517 Bridgeport,zcta,93517,Bridgeport,38.2780771,-119.2748086,414715,,2023-10-31,10,0,Zillow ZIP-level market for Bridgeport; mapped with Census 2020 ZCTA 93517 in Mono County.,,,,
93529 June Lake,zcta,93529,June Lake,37.7777065,-119.1881016,736698,,2023-10-31,10,0,Zillow ZIP-level market for June Lake; mapped with Census 2020 ZCTA 93529 in Mono County.,,,,
93546 Mammoth Lakes,zcta,93546,Mammoth Lakes,37.5491262,-118.8398144,1099458,,2023-11-30,10,0,Zillow ZIP-level market for Mammoth Lakes; mapped with Census 2020 ZCTA 93546 in Mono County.,,,,
93541 nan,zcta,93541,nan,38.0186456,-119.0597265,478688,,2023-11-30,10,0,Zillow ZIP-level market for nan; mapped with Census 2020 ZCTA 93541 in Mono County.,,,,
96107 Coleville,zcta,96107,Coleville,38.4082772,-119.5480747,344946,,2023-11-30,10,0,Zillow ZIP-level market for Coleville; mapped with Census 2020 ZCTA 96107 in Mono County.,,,,
93517 Bridgeport,zcta,93517,Bridgeport,38.2780771,-119.2748086,413664,,2023-11-30,10,0,Zillow ZIP-level market for Bridgeport; mapped with Census 2020 ZCTA 93517 in Mono County.,,,,
93529 June Lake,zcta,93529,June Lake,37.7777065,-119.1881016,729254,,2023-11-30,10,0,Zillow ZIP-level market for June Lake; mapped with Census 2020 ZCTA 93529 in Mono County.,,,,
93546 Mammoth Lakes,zcta,93546,Mammoth Lakes,37.5491262,-118.8398144,1094832,,2023-12-31,10,0,Zillow ZIP-level market for Mammoth Lakes; mapped with Census 2020 ZCTA 93546 in Mono County.,,,,
93541 nan,zcta,93541,nan,38.0186456,-119.0597265,478972,,2023-12-31,10,0,Zillow ZIP-level market for nan; mapped with Census 2020 ZCTA 93541 in Mono County.,,,,
96107 Coleville,zcta,96107,Coleville,38.4082772,-119.5480747,344060,,2023-12-31,10,0,Zillow ZIP-level market for Coleville; mapped with Census 2020 ZCTA 96107 in Mono County.,,,,
93517 Bridgeport,zcta,93517,Bridgeport,38.2780771,-119.2748086,412204,,2023-12-31,10,0,Zillow ZIP-level market for Bridgeport; mapped with Census 2020 ZCTA 93517 in Mono County.,,,,
93529 June Lake,zcta,93529,June Lake,37.7777065,-119.1881016,723627,,2023-12-31,10,0,Zillow ZIP-level market for June Lake; mapped with Census 2020 ZCTA 93529 in Mono County.,,,,
93546 Mammoth Lakes,zcta,93546,Mammoth Lakes,37.5491262,-118.8398144,1092689,,2024-01-31,10,0,Zillow ZIP-level market for Mammoth Lakes; mapped with Census 2020 ZCTA 93546 in Mono County.,,,,
93541 nan,zcta,93541,nan,38.0186456,-119.0597265,478851,,2024-01-31,10,0,Zillow ZIP-level market for nan; mapped with Census 2020 ZCTA 93541 in Mono County.,,,,
96107 Coleville,zcta,96107,Coleville,38.4082772,-119.5480747,341472,,2024-01-31,10,0,Zillow ZIP-level market for Coleville; mapped with Census 2020 ZCTA 96107 in Mono County.,,,,
93517 Bridgeport,zcta,93517,Bridgeport,38.2780771,-119.2748086,410476,,2024-01-31,10,0,Zillow ZIP-level market for Bridgeport; mapped with Census 2020 ZCTA 93517 in Mono County.,,,,
93529 June Lake,zcta,93529,June Lake,37.7777065,-119.1881016,718512,,2024-01-31,10,0,Zillow ZIP-level market for June Lake; mapped with Census 2020 ZCTA 93529 in Mono County.,,,,
93546 Mammoth Lakes,zcta,93546,Mammoth Lakes,37.5491262,-118.8398144,1094205,,2024-02-29,10,0,Zillow ZIP-level market for Mammoth Lakes; mapped with Census 2020 ZCTA 93546 in Mono County.,,,,
93541 nan,zcta,93541,nan,38.0186456,-119.0597265,480684,,2024-02-29,10,0,Zillow ZIP-level market for nan; mapped with Census 2020 ZCTA 93541 in Mono County.,,,,
96107 Coleville,zcta,96107,Coleville,38.4082772,-119.5480747,338671,,2024-02-29,10,0,Zillow ZIP-level market for Coleville; mapped with Census 2020 ZCTA 96107 in Mono County.,,,,
93517 Bridgeport,zcta,93517,Bridgeport,38.2780771,-119.2748086,407464,,2024-02-29,10,0,Zillow ZIP-level market for Bridgeport; mapped with Census 2020 ZCTA 93517 in Mono County.,,,,
93529 June Lake,zcta,93529,June Lake,37.7777065,-119.1881016,714320,,2024-02-29,10,0,Zillow ZIP-level market for June Lake; mapped with Census 2020 ZCTA 93529 in Mono County.,,,,
93546 Mammoth Lakes,zcta,93546,Mammoth Lakes,37.5491262,-118.8398144,1099124,,2024-03-31,10,0,Zillow ZIP-level market for Mammoth Lakes; mapped with Census 2020 ZCTA 93546 in Mono County.,,,,
93541 nan,zcta,93541,nan,38.0186456,-119.0597265,483040,,2024-03-31,10,0,Zillow ZIP-level market for nan; mapped with Census 2020 ZCTA 93541 in Mono County.,,,,
96107 Coleville,zcta,96107,Coleville,38.4082772,-119.5480747,338019,,2024-03-31,10,0,Zillow ZIP-level market for Coleville; mapped with Census 2020 ZCTA 96107 in Mono County.,,,,
93517 Bridgeport,zcta,93517,Bridgeport,38.2780771,-119.2748086,405731,,2024-03-31,10,0,Zillow ZIP-level market for Bridgeport; mapped with Census 2020 ZCTA 93517 in Mono County.,,,,
93529 June Lake,zcta,93529,June Lake,37.7777065,-119.1881016,710980,,2024-03-31,10,0,Zillow ZIP-level market for June Lake; mapped with Census 2020 ZCTA 93529 in Mono County.,,,,
93546 Mammoth Lakes,zcta,93546,Mammoth Lakes,37.5491262,-118.8398144,1105458,,2024-04-30,10,0,Zillow ZIP-level market for Mammoth Lakes; mapped with Census 2020 ZCTA 93546 in Mono County.,,,,
93541 nan,zcta,93541,nan,38.0186456,-119.0597265,485689,,2024-04-30,10,0,Zillow ZIP-level market for nan; mapped with Census 2020 ZCTA 93541 in Mono County.,,,,
96107 Coleville,zcta,96107,Coleville,38.4082772,-119.5480747,339825,,2024-04-30,10,0,Zillow ZIP-level market for Coleville; mapped with Census 2020 ZCTA 96107 in Mono County.,,,,
93517 Bridgeport,zcta,93517,Bridgeport,38.2780771,-119.2748086,404305,,2024-04-30,10,0,Zillow ZIP-level market for Bridgeport; mapped with Census 2020 ZCTA 93517 in Mono County.,,,,
93529 June Lake,zcta,93529,June Lake,37.7777065,-119.1881016,709775,,2024-04-30,10,0,Zillow ZIP-level market for June Lake; mapped with Census 2020 ZCTA 93529 in Mono County.,,,,
93546 Mammoth Lakes,zcta,93546,Mammoth Lakes,37.5491262,-118.8398144,1109845,,2024-05-31,10,0,Zillow ZIP-level market for Mammoth Lakes; mapped with Census 2020 ZCTA 93546 in Mono County.,,,,
93541 nan,zcta,93541,nan,38.0186456,-119.0597265,487882,,2024-05-31,10,0,Zillow ZIP-level market for nan; mapped with Census 2020 ZCTA 93541 in Mono County.,,,,
96107 Coleville,zcta,96107,Coleville,38.4082772,-119.5480747,342813,,2024-05-31,10,0,Zillow ZIP-level market for Coleville; mapped with Census 2020 ZCTA 96107 in Mono County.,,,,
93517 Bridgeport,zcta,93517,Bridgeport,38.2780771,-119.2748086,405479,,2024-05-31,10,0,Zillow ZIP-level market for Bridgeport; mapped with Census 2020 ZCTA 93517 in Mono County.,,,,
93529 June Lake,zcta,93529,June Lake,37.7777065,-119.1881016,712735,,2024-05-31,10,0,Zillow ZIP-level market for June Lake; mapped with Census 2020 ZCTA 93529 in Mono County.,,,,
93546 Mammoth Lakes,zcta,93546,Mammoth Lakes,37.5491262,-118.8398144,1107477,,2024-06-30,10,0,Zillow ZIP-level market for Mammoth Lakes; mapped with Census 2020 ZCTA 93546 in Mono County.,,,,
93541 nan,zcta,93541,nan,38.0186456,-119.0597265,487570,,2024-06-30,10,0,Zillow ZIP-level market for nan; mapped with Census 2020 ZCTA 93541 in Mono County.,,,,
96107 Coleville,zcta,96107,Coleville,38.4082772,-119.5480747,343909,,2024-06-30,10,0,Zillow ZIP-level market for Coleville; mapped with Census 2020 ZCTA 96107 in Mono County.,,,,
93517 Bridgeport,zcta,93517,Bridgeport,38.2780771,-119.2748086,406761,,2024-06-30,10,0,Zillow ZIP-level market for Bridgeport; mapped with Census 2020 ZCTA 93517 in Mono County.,,,,
93529 June Lake,zcta,93529,June Lake,37.7777065,-119.1881016,714742,,2024-06-30,10,0,Zillow ZIP-level market for June Lake; mapped with Census 2020 ZCTA 93529 in Mono County.,,,,
93546 Mammoth Lakes,zcta,93546,Mammoth Lakes,37.5491262,-118.8398144,1101518,,2024-07-31,10,0,Zillow ZIP-level market for Mammoth Lakes; mapped with Census 2020 ZCTA 93546 in Mono County.,,,,
93541 nan,zcta,93541,nan,38.0186456,-119.0597265,485424,,2024-07-31,10,0,Zillow ZIP-level market for nan; mapped with Census 2020 ZCTA 93541 in Mono County.,,,,
96107 Coleville,zcta,96107,Coleville,38.4082772,-119.5480747,343670,,2024-07-31,10,0,Zillow ZIP-level market for Coleville; mapped with Census 2020 ZCTA 96107 in Mono County.,,,,
93517 Bridgeport,zcta,93517,Bridgeport,38.2780771,-119.2748086,407225,,2024-07-31,10,0,Zillow ZIP-level market for Bridgeport; mapped with Census 2020 ZCTA 93517 in Mono County.,,,,
93529 June Lake,zcta,93529,June Lake,37.7777065,-119.1881016,714187,,2024-07-31,10,0,Zillow ZIP-level market for June Lake; mapped with Census 2020 ZCTA 93529 in Mono County.,,,,
93546 Mammoth Lakes,zcta,93546,Mammoth Lakes,37.5491262,-118.8398144,1095936,,2024-08-31,10,0,Zillow ZIP-level market for Mammoth Lakes; mapped with Census 2020 ZCTA 93546 in Mono County.,,,,
93541 nan,zcta,93541,nan,38.0186456,-119.0597265,481544,,2024-08-31,10,0,Zillow ZIP-level market for nan; mapped with Census 2020 ZCTA 93541 in Mono County.,,,,
96107 Coleville,zcta,96107,Coleville,38.4082772,-119.5480747,343247,,2024-08-31,10,0,Zillow ZIP-level market for Coleville; mapped with Census 2020 ZCTA 96107 in Mono County.,,,,
93517 Bridgeport,zcta,93517,Bridgeport,38.2780771,-119.2748086,407485,,2024-08-31,10,0,Zillow ZIP-level market for Bridgeport; mapped with Census 2020 ZCTA 93517 in Mono County.,,,,
93529 June Lake,zcta,93529,June Lake,37.7777065,-119.1881016,713837,,2024-08-31,10,0,Zillow ZIP-level market for June Lake; mapped with Census 2020 ZCTA 93529 in Mono County.,,,,
93546 Mammoth Lakes,zcta,93546,Mammoth Lakes,37.5491262,-118.8398144,1093828,,2024-09-30,10,0,Zillow ZIP-level market for Mammoth Lakes; mapped with Census 2020 ZCTA 93546 in Mono County.,,,,
93541 nan,zcta,93541,nan,38.0186456,-119.0597265,478460,,2024-09-30,10,0,Zillow ZIP-level market for nan; mapped with Census 2020 ZCTA 93541 in Mono County.,,,,
96107 Coleville,zcta,96107,Coleville,38.4082772,-119.5480747,343904,,2024-09-30,10,0,Zillow ZIP-level market for Coleville; mapped with Census 2020 ZCTA 96107 in Mono County.,,,,
93517 Bridgeport,zcta,93517,Bridgeport,38.2780771,-119.2748086,407085,,2024-09-30,10,0,Zillow ZIP-level market for Bridgeport; mapped with Census 2020 ZCTA 93517 in Mono County.,,,,
93529 June Lake,zcta,93529,June Lake,37.7777065,-119.1881016,712885,,2024-09-30,10,0,Zillow ZIP-level market for June Lake; mapped with Census 2020 ZCTA 93529 in Mono County.,,,,
93546 Mammoth Lakes,zcta,93546,Mammoth Lakes,37.5491262,-118.8398144,1092320,,2024-10-31,10,0,Zillow ZIP-level market for Mammoth Lakes; mapped with Census 2020 ZCTA 93546 in Mono County.,,,,
93541 nan,zcta,93541,nan,38.0186456,-119.0597265,479575,,2024-10-31,10,0,Zillow ZIP-level market for nan; mapped with Census 2020 ZCTA 93541 in Mono County.,,,,
96107 Coleville,zcta,96107,Coleville,38.4082772,-119.5480747,345183,,2024-10-31,10,0,Zillow ZIP-level market for Coleville; mapped with Census 2020 ZCTA 96107 in Mono County.,,,,
93517 Bridgeport,zcta,93517,Bridgeport,38.2780771,-119.2748086,408360,,2024-10-31,10,0,Zillow ZIP-level market for Bridgeport; mapped with Census 2020 ZCTA 93517 in Mono County.,,,,
93529 June Lake,zcta,93529,June Lake,37.7777065,-119.1881016,713325,,2024-10-31,10,0,Zillow ZIP-level market for June Lake; mapped with Census 2020 ZCTA 93529 in Mono County.,,,,
93546 Mammoth Lakes,zcta,93546,Mammoth Lakes,37.5491262,-118.8398144,1092151,,2024-11-30,10,0,Zillow ZIP-level market for Mammoth Lakes; mapped with Census 2020 ZCTA 93546 in Mono County.,,,,
93541 nan,zcta,93541,nan,38.0186456,-119.0597265,485137,,2024-11-30,10,0,Zillow ZIP-level market for nan; mapped with Census 2020 ZCTA 93541 in Mono County.,,,,
96107 Coleville,zcta,96107,Coleville,38.4082772,-119.5480747,344347,,2024-11-30,10,0,Zillow ZIP-level market for Coleville; mapped with Census 2020 ZCTA 96107 in Mono County.,,,,
93517 Bridgeport,zcta,93517,Bridgeport,38.2780771,-119.2748086,410457,,2024-11-30,10,0,Zillow ZIP-level market for Bridgeport; mapped with Census 2020 ZCTA 93517 in Mono County.,,,,
93529 June Lake,zcta,93529,June Lake,37.7777065,-119.1881016,714538,,2024-11-30,10,0,Zillow ZIP-level market for June Lake; mapped with Census 2020 ZCTA 93529 in Mono County.,,,,
93546 Mammoth Lakes,zcta,93546,Mammoth Lakes,37.5491262,-118.8398144,1093223,,2024-12-31,10,0,Zillow ZIP-level market for Mammoth Lakes; mapped with Census 2020 ZCTA 93546 in Mono County.,,,,
93541 nan,zcta,93541,nan,38.0186456,-119.0597265,494262,,2024-12-31,10,0,Zillow ZIP-level market for nan; mapped with Census 2020 ZCTA 93541 in Mono County.,,,,
96107 Coleville,zcta,96107,Coleville,38.4082772,-119.5480747,343815,,2024-12-31,10,0,Zillow ZIP-level market for Coleville; mapped with Census 2020 ZCTA 96107 in Mono County.,,,,
93517 Bridgeport,zcta,93517,Bridgeport,38.2780771,-119.2748086,414173,,2024-12-31,10,0,Zillow ZIP-level market for Bridgeport; mapped with Census 2020 ZCTA 93517 in Mono County.,,,,
93529 June Lake,zcta,93529,June Lake,37.7777065,-119.1881016,718630,,2024-12-31,10,0,Zillow ZIP-level market for June Lake; mapped with Census 2020 ZCTA 93529 in Mono County.,,,,
93546 Mammoth Lakes,zcta,93546,Mammoth Lakes,37.5491262,-118.8398144,1094548,,2025-01-31,10,0,Zillow ZIP-level market for Mammoth Lakes; mapped with Census 2020 ZCTA 93546 in Mono County.,,,,
93541 nan,zcta,93541,nan,38.0186456,-119.0597265,501200,,2025-01-31,10,0,Zillow ZIP-level market for nan; mapped with Census 2020 ZCTA 93541 in Mono County.,,,,
96107 Coleville,zcta,96107,Coleville,38.4082772,-119.5480747,342381,,2025-01-31,10,0,Zillow ZIP-level market for Coleville; mapped with Census 2020 ZCTA 96107 in Mono County.,,,,
93517 Bridgeport,zcta,93517,Bridgeport,38.2780771,-119.2748086,415527,,2025-01-31,10,0,Zillow ZIP-level market for Bridgeport; mapped with Census 2020 ZCTA 93517 in Mono County.,,,,
93529 June Lake,zcta,93529,June Lake,37.7777065,-119.1881016,721939,,2025-01-31,10,0,Zillow ZIP-level market for June Lake; mapped with Census 2020 ZCTA 93529 in Mono County.,,,,
93546 Mammoth Lakes,zcta,93546,Mammoth Lakes,37.5491262,-118.8398144,1100042,,2025-02-28,10,0,Zillow ZIP-level market for Mammoth Lakes; mapped with Census 2020 ZCTA 93546 in Mono County.,,,,
93541 nan,zcta,93541,nan,38.0186456,-119.0597265,507132,,2025-02-28,10,0,Zillow ZIP-level market for nan; mapped with Census 2020 ZCTA 93541 in Mono County.,,,,
96107 Coleville,zcta,96107,Coleville,38.4082772,-119.5480747,341898,,2025-02-28,10,0,Zillow ZIP-level market for Coleville; mapped with Census 2020 ZCTA 96107 in Mono County.,,,,
93517 Bridgeport,zcta,93517,Bridgeport,38.2780771,-119.2748086,416394,,2025-02-28,10,0,Zillow ZIP-level market for Bridgeport; mapped with Census 2020 ZCTA 93517 in Mono County.,,,,
93529 June Lake,zcta,93529,June Lake,37.7777065,-119.1881016,723234,,2025-02-28,10,0,Zillow ZIP-level market for June Lake; mapped with Census 2020 ZCTA 93529 in Mono County.,,,,
93546 Mammoth Lakes,zcta,93546,Mammoth Lakes,37.5491262,-118.8398144,1107365,,2025-03-31,10,0,Zillow ZIP-level market for Mammoth Lakes; mapped with Census 2020 ZCTA 93546 in Mono County.,,,,
93541 nan,zcta,93541,nan,38.0186456,-119.0597265,510553,,2025-03-31,10,0,Zillow ZIP-level market for nan; mapped with Census 2020 ZCTA 93541 in Mono County.,,,,
96107 Coleville,zcta,96107,Coleville,38.4082772,-119.5480747,340948,,2025-03-31,10,0,Zillow ZIP-level market for Coleville; mapped with Census 2020 ZCTA 96107 in Mono County.,,,,
93517 Bridgeport,zcta,93517,Bridgeport,38.2780771,-119.2748086,414844,,2025-03-31,10,0,Zillow ZIP-level market for Bridgeport; mapped with Census 2020 ZCTA 93517 in Mono County.,,,,
93529 June Lake,zcta,93529,June Lake,37.7777065,-119.1881016,722534,,2025-03-31,10,0,Zillow ZIP-level market for June Lake; mapped with Census 2020 ZCTA 93529 in Mono County.,,,,
93546 Mammoth Lakes,zcta,93546,Mammoth Lakes,37.5491262,-118.8398144,1117571,,2025-04-30,10,0,Zillow ZIP-level market for Mammoth Lakes; mapped with Census 2020 ZCTA 93546 in Mono County.,,,,
93541 nan,zcta,93541,nan,38.0186456,-119.0597265,515928,,2025-04-30,10,0,Zillow ZIP-level market for nan; mapped with Census 2020 ZCTA 93541 in Mono County.,,,,
96107 Coleville,zcta,96107,Coleville,38.4082772,-119.5480747,340667,,2025-04-30,10,0,Zillow ZIP-level market for Coleville; mapped with Census 2020 ZCTA 96107 in Mono County.,,,,
93517 Bridgeport,zcta,93517,Bridgeport,38.2780771,-119.2748086,413397,,2025-04-30,10,0,Zillow ZIP-level market for Bridgeport; mapped with Census 2020 ZCTA 93517 in Mono County.,,,,
93529 June Lake,zcta,93529,June Lake,37.7777065,-119.1881016,724424,,2025-04-30,10,0,Zillow ZIP-level market for June Lake; mapped with Census 2020 ZCTA 93529 in Mono County.,,,,
93546 Mammoth Lakes,zcta,93546,Mammoth Lakes,37.5491262,-118.8398144,1121635,,2025-05-31,10,0,Zillow ZIP-level market for Mammoth Lakes; mapped with Census 2020 ZCTA 93546 in Mono County.,,,,
93541 nan,zcta,93541,nan,38.0186456,-119.0597265,518121,,2025-05-31,10,0,Zillow ZIP-level market for nan; mapped with Census 2020 ZCTA 93541 in Mono County.,,,,
96107 Coleville,zcta,96107,Coleville,38.4082772,-119.5480747,339293,,2025-05-31,10,0,Zillow ZIP-level market for Coleville; mapped with Census 2020 ZCTA 96107 in Mono County.,,,,
93517 Bridgeport,zcta,93517,Bridgeport,38.2780771,-119.2748086,410063,,2025-05-31,10,0,Zillow ZIP-level market for Bridgeport; mapped with Census 2020 ZCTA 93517 in Mono County.,,,,
93529 June Lake,zcta,93529,June Lake,37.7777065,-119.1881016,727384,,2025-05-31,10,0,Zillow ZIP-level market for June Lake; mapped with Census 2020 ZCTA 93529 in Mono County.,,,,
93546 Mammoth Lakes,zcta,93546,Mammoth Lakes,37.5491262,-118.8398144,1119597,,2025-06-30,10,0,Zillow ZIP-level market for Mammoth Lakes; mapped with Census 2020 ZCTA 93546 in Mono County.,,,,
93541 nan,zcta,93541,nan,38.0186456,-119.0597265,518184,,2025-06-30,10,0,Zillow ZIP-level market for nan; mapped with Census 2020 ZCTA 93541 in Mono County.,,,,
96107 Coleville,zcta,96107,Coleville,38.4082772,-119.5480747,336276,,2025-06-30,10,0,Zillow ZIP-level market for Coleville; mapped with Census 2020 ZCTA 96107 in Mono County.,,,,
93517 Bridgeport,zcta,93517,Bridgeport,38.2780771,-119.2748086,406206,,2025-06-30,10,0,Zillow ZIP-level market for Bridgeport; mapped with Census 2020 ZCTA 93517 in Mono County.,,,,
93529 June Lake,zcta,93529,June Lake,37.7777065,-119.1881016,729079,,2025-06-30,10,0,Zillow ZIP-level market for June Lake; mapped with Census 2020 ZCTA 93529 in Mono County.,,,,
93546 Mammoth Lakes,zcta,93546,Mammoth Lakes,37.5491262,-118.8398144,1116771,,2025-07-31,10,0,Zillow ZIP-level market for Mammoth Lakes; mapped with Census 2020 ZCTA 93546 in Mono County.,,,,
93541 nan,zcta,93541,nan,38.0186456,-119.0597265,514348,,2025-07-31,10,0,Zillow ZIP-level market for nan; mapped with Census 2020 ZCTA 93541 in Mono County.,,,,
96107 Coleville,zcta,96107,Coleville,38.4082772,-119.5480747,332387,,2025-07-31,10,0,Zillow ZIP-level market for Coleville; mapped with Census 2020 ZCTA 96107 in Mono County.,,,,
93517 Bridgeport,zcta,93517,Bridgeport,38.2780771,-119.2748086,403147,,2025-07-31,10,0,Zillow ZIP-level market for Bridgeport; mapped with Census 2020 ZCTA 93517 in Mono County.,,,,
93529 June Lake,zcta,93529,June Lake,37.7777065,-119.1881016,730103,,2025-07-31,10,0,Zillow ZIP-level market for June Lake; mapped with Census 2020 ZCTA 93529 in Mono County.,,,,
93546 Mammoth Lakes,zcta,93546,Mammoth Lakes,37.5491262,-118.8398144,1114070,,2025-08-31,10,0,Zillow ZIP-level market for Mammoth Lakes; mapped with Census 2020 ZCTA 93546 in Mono County.,,,,
93541 nan,zcta,93541,nan,38.0186456,-119.0597265,509864,,2025-08-31,10,0,Zillow ZIP-level market for nan; mapped with Census 2020 ZCTA 93541 in Mono County.,,,,
96107 Coleville,zcta,96107,Coleville,38.4082772,-119.5480747,329726,,2025-08-31,10,0,Zillow ZIP-level market for Coleville; mapped with Census 2020 ZCTA 96107 in Mono County.,,,,
93517 Bridgeport,zcta,93517,Bridgeport,38.2780771,-119.2748086,400755,,2025-08-31,10,0,Zillow ZIP-level market for Bridgeport; mapped with Census 2020 ZCTA 93517 in Mono County.,,,,
93529 June Lake,zcta,93529,June Lake,37.7777065,-119.1881016,727417,,2025-08-31,10,0,Zillow ZIP-level market for June Lake; mapped with Census 2020 ZCTA 93529 in Mono County.,,,,
93546 Mammoth Lakes,zcta,93546,Mammoth Lakes,37.5491262,-118.8398144,1115676,,2025-09-30,10,0,Zillow ZIP-level market for Mammoth Lakes; mapped with Census 2020 ZCTA 93546 in Mono County.,,,,
93541 nan,zcta,93541,nan,38.0186456,-119.0597265,506540,,2025-09-30,10,0,Zillow ZIP-level market for nan; mapped with Census 2020 ZCTA 93541 in Mono County.,,,,
96107 Coleville,zcta,96107,Coleville,38.4082772,-119.5480747,329297,,2025-09-30,10,0,Zillow ZIP-level market for Coleville; mapped with Census 2020 ZCTA 96107 in Mono County.,,,,
93517 Bridgeport,zcta,93517,Bridgeport,38.2780771,-119.2748086,400336,,2025-09-30,10,0,Zillow ZIP-level market for Bridgeport; mapped with Census 2020 ZCTA 93517 in Mono County.,,,,
93529 June Lake,zcta,93529,June Lake,37.7777065,-119.1881016,724086,,2025-09-30,10,0,Zillow ZIP-level market for June Lake; mapped with Census 2020 ZCTA 93529 in Mono County.,,,,
93546 Mammoth Lakes,zcta,93546,Mammoth Lakes,37.5491262,-118.8398144,1117650,,2025-10-31,10,0,Zillow ZIP-level market for Mammoth Lakes; mapped with Census 2020 ZCTA 93546 in Mono County.,,,,
93541 nan,zcta,93541,nan,38.0186456,-119.0597265,505035,,2025-10-31,10,0,Zillow ZIP-level market for nan; mapped with Census 2020 ZCTA 93541 in Mono County.,,,,
96107 Coleville,zcta,96107,Coleville,38.4082772,-119.5480747,331893,,2025-10-31,10,0,Zillow ZIP-level market for Coleville; mapped with Census 2020 ZCTA 96107 in Mono County.,,,,
93517 Bridgeport,zcta,93517,Bridgeport,38.2780771,-119.2748086,401594,,2025-10-31,10,0,Zillow ZIP-level market for Bridgeport; mapped with Census 2020 ZCTA 93517 in Mono County.,,,,
93529 June Lake,zcta,93529,June Lake,37.7777065,-119.1881016,717366,,2025-10-31,10,0,Zillow ZIP-level market for June Lake; mapped with Census 2020 ZCTA 93529 in Mono County.,,,,
93546 Mammoth Lakes,zcta,93546,Mammoth Lakes,37.5491262,-118.8398144,1122628,,2025-11-30,10,0,Zillow ZIP-level market for Mammoth Lakes; mapped with Census 2020 ZCTA 93546 in Mono County.,,,,
93541 nan,zcta,93541,nan,38.0186456,-119.0597265,504208,,2025-11-30,10,0,Zillow ZIP-level market for nan; mapped with Census 2020 ZCTA 93541 in Mono County.,,,,
96107 Coleville,zcta,96107,Coleville,38.4082772,-119.5480747,335623,,2025-11-30,10,0,Zillow ZIP-level market for Coleville; mapped with Census 2020 ZCTA 96107 in Mono County.,,,,
93517 Bridgeport,zcta,93517,Bridgeport,38.2780771,-119.2748086,404005,,2025-11-30,10,0,Zillow ZIP-level market for Bridgeport; mapped with Census 2020 ZCTA 93517 in Mono County.,,,,
93529 June Lake,zcta,93529,June Lake,37.7777065,-119.1881016,711793,,2025-11-30,10,0,Zillow ZIP-level market for June Lake; mapped with Census 2020 ZCTA 93529 in Mono County.,,,,
93546 Mammoth Lakes,zcta,93546,Mammoth Lakes,37.5491262,-118.8398144,1128748,,2025-12-31,10,0,Zillow ZIP-level market for Mammoth Lakes; mapped with Census 2020 ZCTA 93546 in Mono County.,,,,
93541 nan,zcta,93541,nan,38.0186456,-119.0597265,504642,,2025-12-31,10,0,Zillow ZIP-level market for nan; mapped with Census 2020 ZCTA 93541 in Mono County.,,,,
96107 Coleville,zcta,96107,Coleville,38.4082772,-119.5480747,339173,,2025-12-31,10,0,Zillow ZIP-level market for Coleville; mapped with Census 2020 ZCTA 96107 in Mono County.,,,,
93517 Bridgeport,zcta,93517,Bridgeport,38.2780771,-119.2748086,407187,,2025-12-31,10,0,Zillow ZIP-level market for Bridgeport; mapped with Census 2020 ZCTA 93517 in Mono County.,,,,
93529 June Lake,zcta,93529,June Lake,37.7777065,-119.1881016,708870,,2025-12-31,10,0,Zillow ZIP-level market for June Lake; mapped with Census 2020 ZCTA 93529 in Mono County.,,,,
93546 Mammoth Lakes,zcta,93546,Mammoth Lakes,37.5491262,-118.8398144,1133384,,2026-01-31,10,0,Zillow ZIP-level market for Mammoth Lakes; mapped with Census 2020 ZCTA 93546 in Mono County.,,,,
93541 nan,zcta,93541,nan,38.0186456,-119.0597265,505218,,2026-01-31,10,0,Zillow ZIP-level market for nan; mapped with Census 2020 ZCTA 93541 in Mono County.,,,,
96107 Coleville,zcta,96107,Coleville,38.4082772,-119.5480747,340904,,2026-01-31,10,0,Zillow ZIP-level market for Coleville; mapped with Census 2020 ZCTA 96107 in Mono County.,,,,
93517 Bridgeport,zcta,93517,Bridgeport,38.2780771,-119.2748086,409781,,2026-01-31,10,0,Zillow ZIP-level market for Bridgeport; mapped with Census 2020 ZCTA 93517 in Mono County.,,,,
93529 June Lake,zcta,93529,June Lake,37.7777065,-119.1881016,708068,,2026-01-31,10,0,Zillow ZIP-level market for June Lake; mapped with Census 2020 ZCTA 93529 in Mono County.,,,,
93546 Mammoth Lakes,zcta,93546,Mammoth Lakes,37.5491262,-118.8398144,1139119,,2026-02-28,10,0,Zillow ZIP-level market for Mammoth Lakes; mapped with Census 2020 ZCTA 93546 in Mono County.,,,,
93541 nan,zcta,93541,nan,38.0186456,-119.0597265,505511,,2026-02-28,10,0,Zillow ZIP-level market for nan; mapped with Census 2020 ZCTA 93541 in Mono County.,,,,
96107 Coleville,zcta,96107,Coleville,38.4082772,-119.5480747,341267,,2026-02-28,10,0,Zillow ZIP-level market for Coleville; mapped with Census 2020 ZCTA 96107 in Mono County.,,,,
93517 Bridgeport,zcta,93517,Bridgeport,38.2780771,-119.2748086,412150,,2026-02-28,10,0,Zillow ZIP-level market for Bridgeport; mapped with Census 2020 ZCTA 93517 in Mono County.,,,,
93529 June Lake,zcta,93529,June Lake,37.7777065,-119.1881016,708670,,2026-02-28,10,0,Zillow ZIP-level market for June Lake; mapped with Census 2020 ZCTA 93529 in Mono County.,,,,
93546 Mammoth Lakes,zcta,93546,Mammoth Lakes,37.5491262,-118.8398144,1142283,3173,2026-03-31,10,0,Zillow ZIP-level market for Mammoth Lakes; mapped with Census 2020 ZCTA 93546 in Mono County.,,3173,Zillow ZORI,
93541 nan,zcta,93541,nan,38.0186456,-119.0597265,505188,,2026-03-31,10,0,Zillow ZIP-level market for nan; mapped with Census 2020 ZCTA 93541 in Mono County.,,,,
96107 Coleville,zcta,96107,Coleville,38.4082772,-119.5480747,342489,,2026-03-31,10,0,Zillow ZIP-level market for Coleville; mapped with Census 2020 ZCTA 96107 in Mono County.,,,,
93517 Bridgeport,zcta,93517,Bridgeport,38.2780771,-119.2748086,413878,,2026-03-31,10,0,Zillow ZIP-level market for Bridgeport; mapped with Census 2020 ZCTA 93517 in Mono County.,,,,
93529 June Lake,zcta,93529,June Lake,37.7777065,-119.1881016,708648,,2026-03-31,10,0,Zillow ZIP-level market for June Lake; mapped with Census 2020 ZCTA 93529 in Mono County.,,,,
93546 Mammoth Lakes,zcta,93546,Mammoth Lakes,37.5491262,-118.8398144,1142542,3294,2026-04-30,10,0,Zillow ZIP-level market for Mammoth Lakes; mapped with Census 2020 ZCTA 93546 in Mono County.,,3294,Zillow ZORI,
93541 nan,zcta,93541,nan,38.0186456,-119.0597265,504784,,2026-04-30,10,0,Zillow ZIP-level market for nan; mapped with Census 2020 ZCTA 93541 in Mono County.,,,,
96107 Coleville,zcta,96107,Coleville,38.4082772,-119.5480747,341955,,2026-04-30,10,0,Zillow ZIP-level market for Coleville; mapped with Census 2020 ZCTA 96107 in Mono County.,,,,
93517 Bridgeport,zcta,93517,Bridgeport,38.2780771,-119.2748086,413722,,2026-04-30,10,0,Zillow ZIP-level market for Bridgeport; mapped with Census 2020 ZCTA 93517 in Mono County.,,,,
93529 June Lake,zcta,93529,June Lake,37.7777065,-119.1881016,709367,,2026-04-30,10,0,Zillow ZIP-level market for June Lake; mapped with Census 2020 ZCTA 93529 in Mono County.,,,,
