{"type": "FeatureCollection", "features": [{"type": "Feature", "geometry": {"type": "Polygon", "coordinates": [[[-121.93990000015542, 36.97846200029926], [-121.93982300016252, 36.97839700024759], [-121.93947300035815, 36.978056000237004], [-121.93924099965625, 36.97823700010459], [-121.93919899982345, 36.97825800016051], [-121.93897700006559, 36.978315000180466], [-121.93851000008534, 36.97837299981699], [-121.93846900007748, 36.97837899992537], [-121.93798299983068, 36.978446000026736], [-121.93765899996558, 36.9784750001594], [-121.93726899997823, 36.97851100003656], [-121.93691900017386, 36.97853499970594], [-121.93661100020229, 36.97854499986498], [-121.93634199969046, 36.97853099964199], [-121.9359779996424, 36.978504000281056], [-121.93552699955568, 36.97840800008356], [-121.93540799973002, 36.97839100014062], [-121.93526100031522, 36.97837000012146], [-121.93496599986412, 36.97833499983741], [-121.93482799977187, 36.978302000293], [-121.93475099977897, 36.978260999860446], [-121.93471700034209, 36.9782549997428], [-121.934682000182, 36.97823399968606], [-121.9346479998468, 36.97822800028394], [-121.93461299968669, 36.978207999881235], [-121.93440000014968, 36.97817700032307], [-121.93434700044622, 36.978169000157266], [-121.9343089999131, 36.97815899994882], [-121.93418199969148, 36.97813900024561], [-121.93415900012526, 36.97813599982322], [-121.9340260000559, 36.97810700027897], [-121.93371300006142, 36.97807899966918], [-121.93352399991554, 36.97807700034287], [-121.93330399980749, 36.978075999962016], [-121.93322500016481, 36.97807500029886], [-121.93298800033834, 36.97807300025479], [-121.9329089997973, 36.97807300025479], [-121.93238099971772, 36.977930999863034], [-121.93236599964908, 36.977928999815184], [-121.93201699966964, 36.9778830001356], [-121.93163599990311, 36.97786199997625], [-121.93140800029751, 36.97782000035775], [-121.93134399982506, 36.97780300028345], [-121.93107400038664, 36.977760999914736], [-121.93092399970051, 36.97773200022757], [-121.93085099990556, 36.97772199996168], [-121.93070199994267, 36.9776859997113], [-121.93047799963665, 36.977633000049195], [-121.93040499984173, 36.9776229997703], [-121.93029699988669, 36.977600000200354], [-121.93015200012174, 36.977578999962844], [-121.92995899977791, 36.977552000264126], [-121.92975799993644, 36.97752699989665], [-121.9296929996391, 36.977520000050625], [-121.92928599993333, 36.97743200029121], [-121.9289510001976, 36.9773869999834], [-121.92857999957852, 36.97736299995196], [-121.92851900037746, 36.97736000021656], [-121.92845099970707, 36.97738099979686], [-121.92841700027022, 36.977402000088944], [-121.92828900022369, 36.97743799975609], [-121.9282549998885, 36.9774590000325], [-121.92820399983488, 36.97745299985158], [-121.92814100008567, 36.977206000246966], [-121.92799799997056, 36.97709300033192], [-121.92757199999821, 36.976922000268516], [-121.92547700029655, 36.97635800018095], [-121.92346500043557, 36.97568200005516], [-121.92082300038774, 36.97461699989623], [-121.91832000025708, 36.97360599997789], [-121.9151450001068, 36.97229099978135], [-121.91293800025214, 36.97140600010971], [-121.91374699964084, 36.97013700002416], [-121.91448399995778, 36.96901199995504], [-121.91422600021494, 36.96887299995157], [-121.91369899996025, 36.96981600006523], [-121.91361100009672, 36.97007299980725], [-121.91277699969534, 36.97136000007575], [-121.90646800030096, 36.968949999793836], [-121.90616700000204, 36.96904899978408], [-121.90556799977735, 36.96874800028422], [-121.90476900043441, 36.96774799986215], [-121.89467800026907, 36.96183699978839], [-121.89357899955387, 36.96093600023608], [-121.88860599980282, 36.956917999892646], [-121.88019500013576, 36.95012100022493], [-121.87610000026869, 36.946339999965], [-121.87260499955293, 36.94311200015892], [-121.86809899978213, 36.93837299967365], [-121.8680889997364, 36.93836199979709], [-121.86806299979713, 36.93830699967237], [-121.86803699985786, 36.938279999688035], [-121.86796900008581, 36.938163000123964], [-121.86785500028299, 36.93802500000226], [-121.86769600027432, 36.93783199988108], [-121.86769600027432, 36.93780499972845], [-121.8675330000677, 36.93763899998918], [-121.86732800002831, 36.93743899966734], [-121.86695399993447, 36.93712800029973], [-121.86677300018451, 36.936978000178776], [-121.86658300021371, 36.93695799970955], [-121.86652299993925, 36.936974000085364], [-121.86634399983912, 36.937022999958856], [-121.86628500028787, 36.937011999887446], [-121.86623000003628, 36.937057999849216], [-121.86606500017986, 36.93719999964981], [-121.86602900019483, 36.93723200029647], [-121.8660119995781, 36.93724900009604], [-121.86597999979105, 36.93727800012545], [-121.86588799972952, 36.93736999970016], [-121.86587000018618, 36.93740999969915], [-121.86591799986677, 36.9374450001298], [-121.86595200020196, 36.93747999982633], [-121.86595999969956, 36.93752099996332], [-121.86598599963882, 36.93754199976223], [-121.8660119995781, 36.93764499971791], [-121.86603699969245, 36.93767400031465], [-121.86605400030919, 36.93770700023754], [-121.86608000024846, 36.937734999899796], [-121.8660900002942, 36.937775999899536], [-121.86611399968535, 36.937879000256956], [-121.8661820003557, 36.938048000039906], [-121.8665189997413, 36.93836100033041], [-121.86661800037382, 36.93849600001301], [-121.86672200013088, 36.93880799972061], [-121.86677599965925, 36.938862000023576], [-121.86695800013244, 36.93904299973625], [-121.86704400034617, 36.93926900034484], [-121.86700300033827, 36.9396719999764], [-121.8670400001482, 36.939938999709426], [-121.86703299957719, 36.94015599980097], [-121.86700800036115, 36.94064500019698], [-121.86664699978782, 36.9412650002544], [-121.86659099971133, 36.94141200011877], [-121.8663720003265, 36.94150899972742], [-121.8661029998147, 36.94168099978097], [-121.86599400003475, 36.941726999796245], [-121.86595899987464, 36.94176899994202], [-121.86593700013331, 36.94182200016137], [-121.8659200004149, 36.94186499967554], [-121.86586900036129, 36.941972000081044], [-121.86584800044488, 36.94209900017945], [-121.86580800026191, 36.94218400017229], [-121.86577099955367, 36.94242300035355], [-121.8657449996144, 36.94245699978671], [-121.86571100017754, 36.94253299964732], [-121.86550600013813, 36.94269800008515], [-121.86548000019884, 36.9427119997186], [-121.8654540002596, 36.9427119997186], [-121.86532600021306, 36.9428010002513], [-121.865258000441, 36.94281499986577], [-121.86512100017366, 36.94290400027815], [-121.86502200043947, 36.942952999928394], [-121.86484699963894, 36.943070000035455], [-121.86482200042289, 36.94306899991255], [-121.86475499957741, 36.943111000036566], [-121.86470199987399, 36.94314499988069], [-121.86440300012323, 36.94329999994914], [-121.86431199988665, 36.943340999826475], [-121.86418399984014, 36.94339900026324], [-121.86392400044745, 36.943632999645814], [-121.86385499995214, 36.94372600027781], [-121.86381200029446, 36.943764000302664], [-121.86373500030156, 36.943846999648606], [-121.86369299957045, 36.94390900014773], [-121.86366699963118, 36.943970999878424], [-121.86364099969191, 36.94400500005669], [-121.86359399983625, 36.94411200032879], [-121.86356399969904, 36.94423899973197], [-121.86357499956968, 36.944348999993714], [-121.86358600033864, 36.944455999782626], [-121.86362399997347, 36.94462500005569], [-121.86360700025504, 36.94483800004424], [-121.8635770001178, 36.94489000018358], [-121.86355100017855, 36.94501699972581], [-121.86352600006417, 36.94506899974298], [-121.8634850000563, 36.945325999734685], [-121.86346999998769, 36.94542300010401], [-121.86344800024638, 36.945520000349866], [-121.86343099962964, 36.945557000107634], [-121.86340100039071, 36.945732999990035], [-121.86335399963673, 36.945839999989], [-121.86334100011626, 36.94591900032122], [-121.86336299985757, 36.94623600019438], [-121.86338399977397, 36.94628399977483], [-121.86351199982049, 36.94640099979206], [-121.86355500037651, 36.946455999817886], [-121.86358899981339, 36.94655200010715], [-121.86360999972977, 36.946954999986666], [-121.86366099978339, 36.94736799983538], [-121.86374299979916, 36.94777800013356], [-121.86371199983702, 36.948111999698035], [-121.86371000018721, 36.94816900003629], [-121.86369900031654, 36.94848199967256], [-121.8636950001186, 36.94860800035575], [-121.86372100005784, 36.949041000032224], [-121.86376299989064, 36.9492580000452], [-121.86380999974632, 36.94935499971543], [-121.86383599968559, 36.949395999923745], [-121.86386199962487, 36.94942400031601], [-121.86387400021871, 36.949454000058175], [-121.86389599996004, 36.949505999918415], [-121.86393799979282, 36.949554000310094], [-121.86397299995294, 36.94966500011289], [-121.8640199998086, 36.94971299968646], [-121.86404099972499, 36.94973999992687], [-121.86407500006018, 36.949801999937485], [-121.86410099999948, 36.94987100013315], [-121.8641479998551, 36.95030899994873], [-121.86417299996948, 36.9504389998682], [-121.86421300015246, 36.95060899981476], [-121.8642370004419, 36.95071100003125], [-121.86434500039694, 36.951016999861324], [-121.86430299966582, 36.95103200013808], [-121.86403499987723, 36.951068000072425], [-121.8640680003875, 36.95143500000738], [-121.86412000026606, 36.95198800019822], [-121.86415899972577, 36.952536999969155], [-121.86418600038827, 36.95290499999852], [-121.86419399988587, 36.95313900033309], [-121.86420899995449, 36.953571000111104], [-121.86425099978727, 36.95477699977343], [-121.86429500016823, 36.95556999992158], [-121.86430100001598, 36.955658999789435], [-121.86429299962006, 36.956115999860245], [-121.86429500016823, 36.95623699965071], [-121.86429500016823, 36.956266000349096], [-121.86429699981804, 36.956355000121434], [-121.86429799964293, 36.95638500000512], [-121.86428400029756, 36.95657799978782], [-121.86427699972657, 36.95667600013001], [-121.86419499971078, 36.95697500010156], [-121.86413199996161, 36.957134999716956], [-121.8640619996414, 36.957315999805374], [-121.86402800020453, 36.957410000177305], [-121.86381099957121, 36.95792000029481], [-121.86380200024871, 36.95794300006906], [-121.86344400004843, 36.95877699973486], [-121.86325599972744, 36.95923800011781], [-121.86317000041204, 36.959449000344584], [-121.86307199960443, 36.95967599990164], [-121.86304999986311, 36.95972899986524], [-121.86280600036399, 36.9603360002845], [-121.8627870000974, 36.96038299969771], [-121.86272900037106, 36.96052499981029], [-121.86271099992942, 36.9605729997177], [-121.86293199986237, 36.960756999919916], [-121.86341599956103, 36.96123599987444], [-121.86484900018708, 36.96265099968719], [-121.86505000002855, 36.96284599982404], [-121.86510799975484, 36.96290100017721], [-121.86614800002054, 36.963897000273], [-121.86646400038802, 36.96420400008243], [-121.86821400030817, 36.96590100016511], [-121.86935199958484, 36.96700499999226], [-121.8704189996147, 36.9680290002384], [-121.87052099972195, 36.96812899978487], [-121.87086999970138, 36.968469999777085], [-121.87110900007599, 36.9686990000026], [-121.87118400041906, 36.9687699998731], [-121.87160199999549, 36.969139999966046], [-121.87182499957828, 36.969319999729585], [-121.87191599981486, 36.96939099973852], [-121.8720170000972, 36.96946799977447], [-121.87217799975566, 36.9695820000202], [-121.87255400039764, 36.96984799992965], [-121.87299299989047, 36.970115999880434], [-121.8732709997248, 36.97028599968145], [-121.87313099998273, 36.970364000011934], [-121.87305499981473, 36.97041200017558], [-121.8729889996925, 36.97045500005724], [-121.8720170000972, 36.96979400006099], [-121.87115799958148, 36.969091999717996], [-121.8697709998845, 36.96776199991565], [-121.86955999999729, 36.967559000323114], [-121.86879599991616, 36.96683500004107], [-121.86830499964647, 36.96733400019171], [-121.86816300025455, 36.96747799986437], [-121.86803000018519, 36.96766500000461], [-121.86799099982713, 36.9678129996787], [-121.86800900026878, 36.96800400033126], [-121.8680119997435, 36.96809699991559], [-121.86798800035238, 36.968212999646944], [-121.86790200013864, 36.96835900010941], [-121.86781599992493, 36.968441999927926], [-121.86773200025934, 36.968496999826975], [-121.86964100018814, 36.97090199987511], [-121.86943500032383, 36.970942999966226], [-121.86954999995156, 36.97120000020919], [-121.86868600031129, 36.97194800019486], [-121.86780599987917, 36.971720999907284], [-121.86774499977979, 36.97200299971371], [-121.86768799987841, 36.97225799976908], [-121.8680889997364, 36.972430999739586], [-121.86782500014574, 36.972726999644145], [-121.8671599997988, 36.97331499996767], [-121.86707399958506, 36.97338899973047], [-121.86683299956064, 36.973974000094366], [-121.86676200031386, 36.97414500032305], [-121.86611200003551, 36.97430999973877], [-121.86621900016566, 36.97451299998625], [-121.86609500031709, 36.97453700019891], [-121.86484199961608, 36.97449800002893], [-121.86419899990874, 36.97515400013705], [-121.86388699973922, 36.974934999870946], [-121.86310199974166, 36.97495999965462], [-121.86086899994774, 36.97563599973496], [-121.85562400021014, 36.977752999705196], [-121.85359800010548, 36.9786679999196], [-121.85173000018455, 36.97853200001681], [-121.85101299995904, 36.979232000109256], [-121.83349299976769, 36.974873000228406], [-121.83337999978978, 36.97402500000135], [-121.83336800009421, 36.973928000177146], [-121.83331299984262, 36.97361100002261], [-121.83328199988048, 36.97343599969764], [-121.83321400010843, 36.97303899981032], [-121.83321599975828, 36.972910999896904], [-121.83322099978112, 36.97273399993102], [-121.8332390002228, 36.97247699984396], [-121.83325199974328, 36.97231100030381], [-121.83317999977325, 36.97207199988896], [-121.8331339997425, 36.97194399978462], [-121.8329439997717, 36.97183199969615], [-121.83272200001385, 36.97170199969437], [-121.83270500029539, 36.97169200007151], [-121.83259200031752, 36.97155299993821], [-121.83248900038535, 36.97142600014698], [-121.8322829996227, 36.97107500005698], [-121.83227199975205, 36.97105199994345], [-121.8321849997134, 36.97087400020283], [-121.83211000026867, 36.97072000002686], [-121.8321060000707, 36.97069399980796], [-121.8321060000707, 36.97056900026014], [-121.83210699989561, 36.970043000292634], [-121.83209699984988, 36.96995000021492], [-121.83207299956042, 36.96987200017792], [-121.83203400010066, 36.96979700009456], [-121.83200800016142, 36.96975699987636], [-121.83191600009991, 36.96965800008916], [-121.83183900010701, 36.96957399966853], [-121.83181800019062, 36.9695660000338], [-121.83163599971742, 36.96953199978235], [-121.83157399979315, 36.969533000275455], [-121.83139100039335, 36.969538999645366], [-121.83133000029397, 36.96954099991372], [-121.83127000001953, 36.969556999905386], [-121.83115299984365, 36.969578999978175], [-121.83103999986575, 36.969591999920276], [-121.83092900043597, 36.969594000187236], [-121.83081700028299, 36.96958599983687], [-121.83070299958187, 36.9695660000338], [-121.83062300011424, 36.96954199968898], [-121.83046300028066, 36.969457999858065], [-121.83040600037928, 36.96943800002141], [-121.83035899962528, 36.96943100014905], [-121.83019600031697, 36.96943100014905], [-121.83010400025547, 36.96943700024473], [-121.82991500010958, 36.969463999951614], [-121.82978600023816, 36.96949099964892], [-121.82958700004652, 36.96953400005088], [-121.82947300024371, 36.9695660000338], [-121.82912500008916, 36.96969500032191], [-121.82898399962383, 36.96973600034546], [-121.82886599962306, 36.96975600010387], [-121.82870800033766, 36.96975600010387], [-121.82864399986524, 36.96976500020875], [-121.82860399968226, 36.9697819999255], [-121.82850099975009, 36.96985199973228], [-121.8284170000845, 36.96987800023884], [-121.82827099959633, 36.96989899973052], [-121.82820899967204, 36.96991300010614], [-121.82815799961843, 36.96993500007603], [-121.82806999975485, 36.969991000101125], [-121.82803399976987, 36.970010000023365], [-121.82797000019576, 36.97002699968541], [-121.82787200028646, 36.97002899994093], [-121.82779100009559, 36.970013999817546], [-121.82771300027783, 36.96997399971338], [-121.82766800007195, 36.96995499978209], [-121.82764499960741, 36.969951999754755], [-121.82758799970603, 36.969959000296875], [-121.82748999979673, 36.969990000331755], [-121.82742600022262, 36.97000199971673], [-121.82738299966661, 36.969994999896294], [-121.82733499998604, 36.96997200017414], [-121.82720199991665, 36.969863999856784], [-121.82715199968791, 36.96983599980262], [-121.82710200035754, 36.96982200013056], [-121.82702500036464, 36.96981099977121], [-121.82694400017377, 36.9698079997382], [-121.82686499963276, 36.969815000293565], [-121.82678000014225, 36.96983299977059], [-121.82669099955548, 36.969863999856784], [-121.82662100013358, 36.969904000018744], [-121.82654699961542, 36.96993899987409], [-121.82641400044436, 36.97001300004847], [-121.8263390001013, 36.970081000106426], [-121.82629600044359, 36.97014000004421], [-121.82626899978108, 36.97020400020478], [-121.82625000041281, 36.970312999804904], [-121.82623699999402, 36.97035199996629], [-121.82620900040492, 36.97039000034354], [-121.82618000009263, 36.97041099969402], [-121.8261080001226, 36.97044300002591], [-121.82594200044124, 36.97052799996757], [-121.82586299990024, 36.97056199977413], [-121.82571499976223, 36.970618000055644], [-121.82555199955561, 36.970666999819656], [-121.82533700036875, 36.97073400025146], [-121.82521199979698, 36.97077600019213], [-121.8251430002, 36.9707869996943], [-121.82485199994687, 36.97081800010962], [-121.82469200011329, 36.97084299981027], [-121.82430100030105, 36.970936000232264], [-121.8240040002001, 36.970975999830934], [-121.82396800021513, 36.97098100004842], [-121.82379999998561, 36.971013999896655], [-121.82349200001404, 36.97110700010976], [-121.82339499992966, 36.971136999922734], [-121.82325500018757, 36.97116800019551], [-121.82304199975225, 36.97118800029536], [-121.82297800017815, 36.97118800029536], [-121.82285500015452, 36.97117799988721], [-121.82262800037377, 36.97113399994194], [-121.82245099992346, 36.971090999726194], [-121.82224300040932, 36.97102700031144], [-121.8220950002713, 36.970972000087315], [-121.82195999965377, 36.97090700009746], [-121.82185699972163, 36.970857999770296], [-121.82176300001028, 36.97082100010287], [-121.82161400004738, 36.970780999705035], [-121.82145800041175, 36.970752000228885], [-121.82136299997723, 36.970768999725145], [-121.82125099982419, 36.97080499965918], [-121.82077600034637, 36.97096099989417], [-121.82064199955376, 36.97101300014072], [-121.82044300026045, 36.971090999726194], [-121.82048000007038, 36.97114700033622], [-121.82052299972808, 36.97125000006901], [-121.82058300000251, 36.97131199979223], [-121.82061700033772, 36.97137400018263], [-121.82064300027696, 36.97140199967098], [-121.8206509997746, 36.97141700023849], [-121.82066800039134, 36.97144999989774], [-121.82072799976747, 36.97154000033104], [-121.82089000014919, 36.971738999651244], [-121.82098399986052, 36.97189800007585], [-121.82098399986052, 36.97191899972793], [-121.82102700041652, 36.97195999998887], [-121.8210530003558, 36.97201500021675], [-121.82111199990705, 36.97206300005687], [-121.8211939999228, 36.972162000304465], [-121.8212490001744, 36.97221500018829], [-121.82132600016728, 36.97230799965159], [-121.82136299997723, 36.972334000036845], [-121.82163400013886, 36.97252500011042], [-121.82168799966719, 36.97255400034645], [-121.82186500011753, 36.97264900029988], [-121.82197100042275, 36.97271100031883], [-121.82223199964034, 36.97288399997735], [-121.82230000031072, 36.9729249997185], [-121.82250100015217, 36.973062999770114], [-121.82259900006147, 36.973138999951736], [-121.82271899971207, 36.973222000299465], [-121.82282199964423, 36.973304000113146], [-121.82288600011665, 36.97333899984042], [-121.8230099999652, 36.973434999973534], [-121.82310000037688, 36.97348400007703], [-121.82371899979476, 36.97389099984906], [-121.82384699984131, 36.97396999979067], [-121.82390700011575, 36.97400100034486], [-121.82393300005502, 36.97400100034486], [-121.82406100010152, 36.9740909999146], [-121.82408700004079, 36.974103999803816], [-121.82414700031526, 36.97411800012364], [-121.82425799974502, 36.974179999663576], [-121.82434300013384, 36.97419399996943], [-121.82438599979153, 36.974229000005046], [-121.82445000026395, 36.97426300031139], [-121.82494999985614, 36.97467700033168], [-121.8250100001306, 36.97474600023573], [-121.82503500024497, 36.97481500007723], [-121.82506100018423, 36.97486999967723], [-121.825171999614, 36.97504199974869], [-121.82523199988846, 36.975103999971225], [-121.82527500044448, 36.97518000026771], [-121.82529999966052, 36.97520700009035], [-121.82531700027728, 36.97524899971572], [-121.8253690001558, 36.97529000033571], [-121.82546200004224, 36.975407000285806], [-121.8257909999302, 36.97573100014722], [-121.82581299967153, 36.97575900018569], [-121.82582100006745, 36.9757830000054], [-121.82584700000669, 36.97580699981754], [-121.82585600022753, 36.97584800013697], [-121.82591499977877, 36.976006999871444], [-121.82594099971803, 36.97603400011834], [-121.82594900011395, 36.976062000045324], [-121.82598599992387, 36.97610899979702], [-121.82520699977408, 36.97629499985818], [-121.82515099969761, 36.97622899970332], [-121.8250949996211, 36.97616199980288], [-121.82482500018268, 36.97580699981754], [-121.82351100028062, 36.97612299974801], [-121.82328399960157, 36.97617799983804], [-121.8234040001505, 36.97652999975992], [-121.82381599987914, 36.97773900005408], [-121.82391700016149, 36.977715999801546], [-121.82412700022377, 36.97828199990974], [-121.82419599982074, 36.97899800030896], [-121.82266299963555, 36.97934400007187], [-121.81958600029289, 36.9800370002561], [-121.81829900015501, 36.98032700004534], [-121.81884499977794, 36.980700000250046], [-121.81905099964224, 36.980839999808744], [-121.82031100001596, 36.9818370001653], [-121.82055100021546, 36.98203100033789], [-121.82103800028717, 36.982334000339115], [-121.82136499962702, 36.98247300015619], [-121.82180700039123, 36.98258999982601], [-121.82201400008046, 36.98264500026489], [-121.82239099964902, 36.982743999663], [-121.8229909996986, 36.98312299995192], [-121.8239520003216, 36.98370600021892], [-121.82154600027532, 36.98433099995944], [-121.82094399967754, 36.985872000286214], [-121.82015799985508, 36.9888579999276], [-121.82218599960957, 36.99051000020168], [-121.82273499960559, 36.99060300026613], [-121.82283099986508, 36.990813999651174], [-121.82305500017104, 36.990955999676345], [-121.82322099985238, 36.99106199977495], [-121.82339999995253, 36.99098500006322], [-121.8236490003729, 36.990900000011344], [-121.82389200004712, 36.990834000327645], [-121.82474099961878, 36.99378600016298], [-121.82331799993679, 36.99742599987127], [-121.82006199959561, 37.00514200017183], [-121.8229620002846, 37.00749500006445], [-121.8240240002916, 37.00739999986452], [-121.83147500005893, 37.00673600016618], [-121.83352299990493, 37.00787099972095], [-121.84364400020748, 37.0134799999622], [-121.8497209997983, 37.02826300004512], [-121.8517059998951, 37.03309100033591], [-121.84799099996964, 37.0356980003499], [-121.84229799962007, 37.039692000000464], [-121.84237899981089, 37.03982599965356], [-121.84282499987474, 37.04014599998736], [-121.84354600029822, 37.040546999859565], [-121.84373600026899, 37.04073999981913], [-121.84383900020116, 37.04105000006103], [-121.84413200010412, 37.041326000048535], [-121.84410000031707, 37.04150800015119], [-121.84395100035414, 37.041654999998364], [-121.84365500007814, 37.04187999968143], [-121.84347299960494, 37.041996000172134], [-121.84336999967277, 37.042103000337775], [-121.84335499960417, 37.04238200012078], [-121.84344800038892, 37.04248699995864], [-121.84346199973429, 37.04279599999093], [-121.84389600010256, 37.04294800000016], [-121.84410199996688, 37.043060000038565], [-121.84418499980758, 37.04326800008136], [-121.8441089996396, 37.04346900004319], [-121.84405099991328, 37.04364999979235], [-121.84426000015063, 37.043941999765536], [-121.84426400034857, 37.044154999968164], [-121.84416399989118, 37.04428699989476], [-121.84402199960093, 37.04428800012146], [-121.8438619997674, 37.04450299980096], [-121.84372200002531, 37.04466799999244], [-121.84345699971142, 37.04467099994045], [-121.84294399970044, 37.044530000104515], [-121.84288400032429, 37.044738999925364], [-121.84289000017209, 37.04476199998029], [-121.84276299995047, 37.04496300028835], [-121.84255000041345, 37.045302999729834], [-121.84241499979592, 37.04577900011795], [-121.84201599958776, 37.046275000100145], [-121.84169500009571, 37.04658900003549], [-121.84157999956965, 37.0470000000499], [-121.84165099971479, 37.04752199971228], [-121.84139799999477, 37.04821200027588], [-121.8413510001391, 37.04836099967593], [-121.84122399991752, 37.048770999965306], [-121.84123599961309, 37.04932300015121], [-121.84120899984889, 37.049617000123604], [-121.84092199979371, 37.049668000200406], [-121.84090000005239, 37.049669999795015], [-121.84034699985845, 37.04973999991314], [-121.8399689995667, 37.04980399975972], [-121.83966099959511, 37.049857000017575], [-121.83954900034043, 37.049997999995725], [-121.83921399970635, 37.050423000084024], [-121.8391030002766, 37.0505649998716], [-121.83884800000845, 37.050623999740544], [-121.83842399968594, 37.050864000034906], [-121.83790400000225, 37.05149200006973], [-121.8378300003824, 37.05188499993557], [-121.83732800024208, 37.05233300012248], [-121.837293000082, 37.05269299970047], [-121.83733999993765, 37.053020000346265], [-121.83705700008042, 37.053387999670704], [-121.83700400037698, 37.053457999944115], [-121.83653400002368, 37.05365100005633], [-121.83637699966488, 37.05398000035661], [-121.8363800000379, 37.054160000037115], [-121.83644399961202, 37.054322999837424], [-121.83663500030605, 37.054712999829896], [-121.83694800030047, 37.05511899988002], [-121.83693800025473, 37.05569099987388], [-121.83716900023343, 37.05601599964395], [-121.83766200015292, 37.05618999981116], [-121.83809399997305, 37.05641400007354], [-121.83819699990522, 37.05760800030679], [-121.8386120000069, 37.05831600025314], [-121.83884800000845, 37.0585980000566], [-121.83931599981359, 37.05852700018452], [-121.83974500015901, 37.05855499983912], [-121.84011599987977, 37.058715000125005], [-121.84030599985059, 37.05908899997904], [-121.84027300023861, 37.059547000187244], [-121.83979500038772, 37.060191000326434], [-121.83998799983324, 37.060712000289186], [-121.84012099990265, 37.061282999694356], [-121.84035400042946, 37.06185599981023], [-121.8405050000422, 37.06222799997052], [-121.84053099998147, 37.06252200012472], [-121.84035500025438, 37.06294900028235], [-121.84015500023783, 37.06323000009213], [-121.84038600021651, 37.06357100010613], [-121.84083899995304, 37.06379400011247], [-121.84109099984813, 37.064151999863824], [-121.84115899962016, 37.06456000021959], [-121.84101999970301, 37.065062999700366], [-121.84134600011623, 37.065609999920106], [-121.84165300026291, 37.06578600019253], [-121.84221200030467, 37.066106999971694], [-121.84295200009635, 37.06637600032594], [-121.84330600009869, 37.06673200021533], [-121.84380900006391, 37.06747900011107], [-121.84375399981234, 37.06760699993254], [-121.84363300033682, 37.067890000238314], [-121.843884000407, 37.068264000017855], [-121.84408799972317, 37.06837699987793], [-121.844173000112, 37.068423999896986], [-121.84429299976262, 37.06802299965253], [-121.84471999955987, 37.0681980001486], [-121.84488600013952, 37.068265999839234], [-121.84538200043208, 37.06822300008412], [-121.84576999987127, 37.06799699973686], [-121.84610399978212, 37.06794699970858], [-121.84681500015985, 37.06827100010928], [-121.84744000032381, 37.06855499999465], [-121.8474889998293, 37.06857799999941], [-121.84783600015892, 37.06860199990346], [-121.84812099966597, 37.068394999675135], [-121.84822100012339, 37.06819499969709], [-121.84836599988836, 37.06790199994171], [-121.84911400007596, 37.067764000012225], [-121.84977000020211, 37.067514000206906], [-121.85010599976275, 37.06848099968274], [-121.85042799997802, 37.068661999988635], [-121.85046499978796, 37.06876099988215], [-121.850424999605, 37.06898800000436], [-121.85060799990312, 37.06908199997292], [-121.85052199968938, 37.069224999861724], [-121.85042200013027, 37.06930399964961], [-121.85016199983927, 37.069370999886125], [-121.8501080003109, 37.06937500018717], [-121.84996299964763, 37.06938699965567], [-121.84966200024705, 37.069404999929965], [-121.84946999972814, 37.069560000084465], [-121.84959399957668, 37.069806999925696], [-121.84971699960035, 37.06996100008703], [-121.84968499981329, 37.070159999823076], [-121.84966899991976, 37.07051200034669], [-121.84980000033933, 37.07064099994621], [-121.84997299969336, 37.07067500013752], [-121.8502260003117, 37.07070699983987], [-121.85056100004743, 37.070660999681145], [-121.85070699963728, 37.07064099994621], [-121.85107400005842, 37.07064099994621], [-121.85124999978551, 37.07053600035545], [-121.85143499973344, 37.07035500022132], [-121.85180200015458, 37.07028599965254], [-121.85192699982804, 37.07030799996535], [-121.8522759998075, 37.0702709999569], [-121.8523119997925, 37.070448999929106], [-121.85228800040137, 37.070603000220366], [-121.85231500016556, 37.07073900024544], [-121.85246499995338, 37.07095500012133], [-121.85260200022071, 37.07109999980903], [-121.85311299968357, 37.071513000118884], [-121.85365800037992, 37.071254000211816], [-121.85384199960463, 37.0711969996431], [-121.854022000428, 37.07119499989902], [-121.85423499996502, 37.07122899984191], [-121.85436499966137, 37.07121699994813], [-121.85452299984512, 37.0713090002799], [-121.85481300027332, 37.07159800030793], [-121.85505400029776, 37.07142500022755], [-121.85520200043577, 37.071149000036286], [-121.85555200024014, 37.070827000216056], [-121.85594899990016, 37.070826000339096], [-121.85640599983465, 37.071206999796274], [-121.85662900031575, 37.07181499975137], [-121.85669600026289, 37.07240100014996], [-121.85689799992926, 37.072703999682055], [-121.8576979999954, 37.07323700000385], [-121.85798400022568, 37.073470999958204], [-121.85854200044251, 37.0739280002219], [-121.85919900039353, 37.07484199965402], [-121.85943700004492, 37.07546800011945], [-121.85996699977433, 37.07602900001991], [-121.86094699976556, 37.07641500030435], [-121.86100299984204, 37.07643700027252], [-121.86122399977498, 37.07642499976942], [-121.86139100017957, 37.07641699991078], [-121.86195799971892, 37.07632100010789], [-121.8619769999855, 37.076218999915305], [-121.86199600025206, 37.07612399966878], [-121.86217700000205, 37.076088999962884], [-121.86378600035519, 37.07624400007357], [-121.86399499969426, 37.07647599974431], [-121.86527299961129, 37.077109000329386], [-121.8657220000482, 37.07699599986289], [-121.86602699964669, 37.07661299978802], [-121.86644099992348, 37.07662699986225], [-121.86666000020661, 37.076666999752945], [-121.86700599981303, 37.076730999820796], [-121.8675199996489, 37.07655000013868], [-121.8684279996701, 37.07652000035552], [-121.86898800043507, 37.07629299984383], [-121.86898000003917, 37.07585999997318], [-121.86854300019614, 37.07523799986897], [-121.86871800009834, 37.074757000234214], [-121.86923299975916, 37.07401399968918], [-121.86887200008411, 37.07311500016398], [-121.86888700015274, 37.07265399989], [-121.86971200033325, 37.07247299979362], [-121.8704620001707, 37.07227600010854], [-121.87111099972583, 37.071990999960384], [-121.87142299989534, 37.071472999659676], [-121.87103100025821, 37.07099199979608], [-121.87099699992301, 37.07047800008229], [-121.87166599956957, 37.070568999996766], [-121.87172099982119, 37.07021200031279], [-121.87182299992843, 37.069706000180695], [-121.87199899965552, 37.06919900035811], [-121.87278700002614, 37.06903100004254], [-121.87344399997716, 37.06845900027354], [-121.87341200019013, 37.06790900006647], [-121.87338899972558, 37.06748999995864], [-121.8735660001759, 37.0670620003481], [-121.87352000014513, 37.06652799970186], [-121.87344900000002, 37.06602399996028], [-121.87388800039119, 37.06573099970326], [-121.87445599975544, 37.0656950002737], [-121.87507099987367, 37.065589000340914], [-121.87533500036264, 37.06514000033546], [-121.87570100006053, 37.06486899998794], [-121.87561200037207, 37.06456300009812], [-121.87550799971667, 37.064209999956866], [-121.87527599991307, 37.063414999924184], [-121.8751989999202, 37.063152999668695], [-121.87509699981295, 37.06280100011714], [-121.87507500007165, 37.062725999942536], [-121.87505499998016, 37.06265700031854], [-121.87513399962286, 37.06251900016548], [-121.87517299998092, 37.06245200032792], [-121.87520800014101, 37.062389999655174], [-121.87520800014101, 37.06194000007527], [-121.87543599974667, 37.06159599990245], [-121.87587900033576, 37.0618940003342], [-121.87592500036652, 37.061863999771234], [-121.87598599956758, 37.061824999953465], [-121.87598599956758, 37.061511999973376], [-121.87581800023638, 37.06142099994528], [-121.87543599974667, 37.060925000023765], [-121.87531400044624, 37.06080299973405], [-121.8752690002404, 37.06062000000691], [-121.8752690002404, 37.06036000016428], [-121.87543599974667, 37.0601390001351], [-121.87598599956758, 37.060406000118604], [-121.876338999745, 37.06015100034786], [-121.87670299979305, 37.05988700024731], [-121.87708399955956, 37.05948299995494], [-121.8773530000714, 37.05916500019553], [-121.87746600004931, 37.05903300033681], [-121.87822900030552, 37.05891800010971], [-121.87854899997268, 37.05891800010971], [-121.87880199969266, 37.05896600028802], [-121.87899199966346, 37.059002000043414], [-121.87921799961926, 37.059415000276246], [-121.87925100012956, 37.05947499974292], [-121.87954999988028, 37.05978100008421], [-121.8798610002249, 37.059795999703745], [-121.88030399991571, 37.05961999987107], [-121.8807469996065, 37.05917000034863], [-121.88122100015772, 37.059258000121034], [-121.8812810004322, 37.05926899972699], [-121.88161699999286, 37.05948299995494], [-121.88193800038322, 37.05947499974292], [-121.88227300011899, 37.05926200023865], [-121.88248700037921, 37.058857000167876], [-121.88282299993989, 37.05870499975862], [-121.88337199993587, 37.058727999882514], [-121.88379899973314, 37.05892599966365], [-121.88413500019212, 37.059140000142186], [-121.88451599995862, 37.058964000221465], [-121.88500499968018, 37.058384000199986], [-121.8854929995768, 37.05873500013706], [-121.88570699983705, 37.05917000034863], [-121.88598100037176, 37.058933999933565], [-121.88625599983304, 37.05909400013715], [-121.88659200029201, 37.05948299995494], [-121.88697300005853, 37.059437000157864], [-121.88701900008928, 37.05914699964178], [-121.88708000018865, 37.057933999798564], [-121.88718599959556, 37.05752200015901], [-121.8872940004489, 37.057109999716054], [-121.88724800041814, 37.056096000355446], [-121.88669799969891, 37.05534800012442], [-121.88620999980229, 37.055218000242654], [-121.88608099993087, 37.05507800001066], [-121.88679399995839, 37.054922000287675], [-121.88700499984559, 37.054776999784224], [-121.8876400000553, 37.0546159997065], [-121.88779900006396, 37.054604000052166], [-121.88792899976029, 37.0546690001884], [-121.88809299979182, 37.05485300001837], [-121.88815899991407, 37.05487000006979], [-121.88826199984624, 37.054856000280736], [-121.88837599964906, 37.054850999843396], [-121.88878499990298, 37.05491799994131], [-121.88886899956857, 37.054981999722756], [-121.88908799985167, 37.05542200034366], [-121.8889849999195, 37.055540999731114], [-121.88915700034696, 37.055614999762135], [-121.88935399999045, 37.05551599991746], [-121.89168700024177, 37.05434800004411], [-121.89208599955164, 37.05432600012074], [-121.89237500015496, 37.05437599980704], [-121.89262200002719, 37.05471099965117], [-121.89330999994034, 37.05481400018129], [-121.89329599969666, 37.05396699978564], [-121.89410599980856, 37.05321799996689], [-121.89563599962067, 37.05352200024002], [-121.89676600029804, 37.053670999969256], [-121.89798999978842, 37.05361999971477], [-121.89896099955881, 37.05309600018932], [-121.89932200013214, 37.05269800028001], [-121.90114700039538, 37.052721000073994], [-121.90146899971234, 37.05258299977159], [-121.90193700041578, 37.05217500024643], [-121.90227299997646, 37.051559000265584], [-121.90254400013809, 37.0512419996944], [-121.9031409998147, 37.05097099988868], [-121.90453099988474, 37.05064499987725], [-121.90520299990436, 37.050317999752195], [-121.90557600017326, 37.05018799985699], [-121.90699499965731, 37.050038000307914], [-121.90808599997663, 37.04958100021744], [-121.90850600010118, 37.04902999992123], [-121.90882400011853, 37.048889999744766], [-121.90907500018868, 37.04872200033926], [-121.90938800018311, 37.04849599997207], [-121.90962599983447, 37.048152999965886], [-121.90986900040704, 37.04779900001053], [-121.90981300033054, 37.04748100004044], [-121.9095139996815, 37.04691100020941], [-121.90932700008375, 37.04668800005398], [-121.90931799986294, 37.04649200028316], [-121.90960699956793, 37.045960000095285], [-121.90963500005532, 37.04556799987287], [-121.90967299969014, 37.045158000206975], [-121.90966299964442, 37.044644999909046], [-121.9097749997974, 37.04443899978661], [-121.91212700031532, 37.044225000153375], [-121.91286399973397, 37.04409400034823], [-121.9132930000794, 37.043925999648756], [-121.91346100030886, 37.04393500029744], [-121.9137600000596, 37.044056999743816], [-121.9143769998277, 37.04420499990216], [-121.91477799968567, 37.04416399987267], [-121.91686800026277, 37.04394799971884], [-121.91776000039044, 37.043108000209365], [-121.9177019997658, 37.04302099987749], [-121.91799499966878, 37.04217300026406], [-121.91708699964758, 37.041896000229414], [-121.91643800009246, 37.041752000195245], [-121.9158780002258, 37.041080000248556], [-121.91563499965324, 37.04037099984029], [-121.9146460003395, 37.0394749997396], [-121.91427300007061, 37.03902699966785], [-121.91408599957454, 37.03839300008434], [-121.91268700018196, 37.03744099978794], [-121.91356400024102, 37.03702999964985], [-121.91343299982147, 37.03665699969259], [-121.91362000031754, 37.03619000032544], [-121.91388100043345, 37.03587300010747], [-121.91362000031754, 37.035239000003976], [-121.91360699989872, 37.03441100020919], [-121.91579899968477, 37.03361700029607], [-121.91681999968387, 37.03281499981554], [-121.91742099955842, 37.031406000080025], [-121.91742800012942, 37.029722999850826], [-121.91685700039211, 37.028375000230305], [-121.91601600031808, 37.027361999693404], [-121.91526300010754, 37.02661799999412], [-121.91494099989228, 37.02554100024418], [-121.91478100005872, 37.024127999864604], [-121.91496000015887, 37.023186999858964], [-121.91555000016272, 37.022651999802505], [-121.91573000008779, 37.021645999777256], [-121.91564899989694, 37.020635000236176], [-121.91574000013352, 37.0200969999379], [-121.91608099971708, 37.01935899983752], [-121.91676100013262, 37.018690999795844], [-121.9177710002611, 37.01815800006304], [-121.91812100006547, 37.01735199971575], [-121.91871000024443, 37.01661500008371], [-121.91930199989812, 37.016281999731234], [-121.91936499964731, 37.01620800009233], [-121.92018300015515, 37.016385000039215], [-121.9206790004477, 37.01626000025324], [-121.92082400021266, 37.01626000025324], [-121.92134800009431, 37.016208999971596], [-121.92134499972123, 37.01556200000953], [-121.92250100033789, 37.01589599981423], [-121.92319199972579, 37.0160959999008], [-121.92574699973497, 37.01683500000504], [-121.92581100020739, 37.016853999704296], [-121.92587499978148, 37.016872000245485], [-121.92637699992183, 37.016431999980185], [-121.92638699996756, 37.016420000028546], [-121.92806800029075, 37.015093000260464], [-121.92571199957486, 37.01326100028819], [-121.92639000034062, 37.01274100022733], [-121.92662499961895, 37.012262000255056], [-121.92685899997068, 37.01196999969534], [-121.92719399970645, 37.011647999840896], [-121.9276420003184, 37.01122100017543], [-121.92766900008259, 37.01118599994356], [-121.92790300043431, 37.010886999908976], [-121.92842399994291, 37.00953399979064], [-121.9288409996944, 37.0092839997129], [-121.92846400012586, 37.0083709997409], [-121.92850799960848, 37.00754499974441], [-121.92871500019605, 37.00750000003391], [-121.92915799988683, 37.007401999854814], [-121.9295429998513, 37.00421800026022], [-121.93033600024475, 37.002423000108834], [-121.93040499984173, 37.00143900006356], [-121.93049100005544, 37.00146000017126], [-121.93081400009565, 37.00100700004531], [-121.93174999970593, 37.00076800009324], [-121.93232800001427, 36.99967900010984], [-121.93229299985416, 36.999207999718294], [-121.93227000028791, 36.99851599994977], [-121.9325699998636, 36.99818400005228], [-121.93290499959936, 36.998179000187505], [-121.93225100002137, 36.99776599974928], [-121.93173499963733, 36.99752799977906], [-121.9317759996452, 36.99740399995763], [-121.93183099989677, 36.99719200007225], [-121.931865000232, 36.997094999650145], [-121.93192499960813, 36.99692199979576], [-121.93189899966885, 36.9967170002343], [-121.93189299982107, 36.996575000203585], [-121.93196700033924, 36.996256000132654], [-121.93198999990545, 36.996178999939794], [-121.93204699980687, 36.99610600024402], [-121.93210000040861, 36.99605100021071], [-121.9321990001428, 36.996011000161516], [-121.93238800028871, 36.99597799967459], [-121.93304500023974, 36.99586199993656], [-121.93299300036121, 36.995791000232224], [-121.93299699966087, 36.99576600011847], [-121.93326799982249, 36.99554700034896], [-121.9332820000662, 36.99553499996993], [-121.93370100036587, 36.99537799973866], [-121.93400799961421, 36.995220999900674], [-121.93427200010316, 36.9950409997014], [-121.93454499991464, 36.99482899968556], [-121.9345569996102, 36.994819999675194], [-121.93488800004631, 36.99460700031475], [-121.93512099967484, 36.9944580002088], [-121.93521000026158, 36.994366000002465], [-121.93529099955414, 36.99420999967887], [-121.93537599994293, 36.994019000226785], [-121.93546200015668, 36.993594999645964], [-121.93553099975365, 36.993341000243866], [-121.93554199962432, 36.993297999662296], [-121.93557500013458, 36.99317199975365], [-121.93558699983014, 36.99312999997683], [-121.9356129997694, 36.99303099974503], [-121.93561399959432, 36.9929489996656], [-121.93558000015744, 36.99282000005289], [-121.93523799985068, 36.99191899990537], [-121.93507200016933, 36.99158599970328], [-121.9350060000471, 36.99139100001341], [-121.93500400039727, 36.99135899988041], [-121.93569899998315, 36.989464999822914], [-121.93581600015902, 36.9890559996456], [-121.93574500001388, 36.98908600027547], [-121.93572099972444, 36.98909999999132], [-121.93564899975443, 36.98899599978551], [-121.93571599970157, 36.98877699989443], [-121.93536400024738, 36.98870300002787], [-121.93479199978687, 36.9885820001783], [-121.9348090004036, 36.98853599976392], [-121.93506499959834, 36.98782800001661], [-121.93499600000135, 36.987812000278595], [-121.93502199994062, 36.987589999799305], [-121.93507200016933, 36.987600999741346], [-121.93504399968191, 36.98732599999556], [-121.9352250003302, 36.9866499997244], [-121.93527800003363, 36.986465000131695], [-121.93520199986568, 36.986449999660195], [-121.93525899976706, 36.98625700026572], [-121.9352870002545, 36.9861440001588], [-121.93541600012591, 36.9860740002687], [-121.93553900014955, 36.98572899981806], [-121.93622600023784, 36.98586199965503], [-121.93637199982768, 36.98586400021192], [-121.93634300041369, 36.98583500002525], [-121.93633099981982, 36.985808999947466], [-121.9363299999949, 36.98575100023875], [-121.93637299965262, 36.98550100017157], [-121.93646499971412, 36.98497000006432], [-121.93647300011004, 36.984850000309095], [-121.93647200028512, 36.984800000056204], [-121.93645800004141, 36.98472099987676], [-121.93643499957687, 36.98466999996251], [-121.93640100014001, 36.984622999758095], [-121.93635199973622, 36.984578000115285], [-121.93625600037505, 36.984511999969115], [-121.93619799975042, 36.984482999984635], [-121.93613400017634, 36.984460999914816], [-121.93600100010693, 36.98443599966463], [-121.93591300024337, 36.98442600027984], [-121.93578799967159, 36.98441900035095], [-121.93546200015668, 36.984392999789215], [-121.93483299979474, 36.984342999953554], [-121.9346600004407, 36.98432900007981], [-121.9341409996836, 36.98428800002461], [-121.93396800032954, 36.98427499972252], [-121.9333950000441, 36.9842279999916], [-121.93245900043382, 36.98415299970431], [-121.93185400036134, 36.984093000282414], [-121.93167899956082, 36.984074000288125], [-121.93133499960425, 36.984038999757566], [-121.93110899964844, 36.98400799970477], [-121.93117399994576, 36.98395399983717], [-121.931240000068, 36.983899999931246], [-121.93127100003014, 36.983872000018145], [-121.93134899984793, 36.98380000029665], [-121.93136399991656, 36.983785000017235], [-121.93142699966575, 36.98372900009596], [-121.93165900036766, 36.983758999956414], [-121.93168000028403, 36.98376099985102], [-121.93184900033846, 36.983776999723474], [-121.93186900042994, 36.98360500002116], [-121.93187600010263, 36.98354599975839], [-121.9318889996231, 36.983445000065814], [-121.93189500036921, 36.983401000037084], [-121.93198300023276, 36.98265499988377], [-121.93213999969328, 36.98265400028071], [-121.93274800013882, 36.982482999797675], [-121.93331100037852, 36.98227299987457], [-121.93358400019, 36.982228000276976], [-121.93389700018443, 36.982223000080836], [-121.93420099995807, 36.98223900027674], [-121.93459699979319, 36.98228399986788], [-121.93501100006996, 36.98236799989449], [-121.93539900040749, 36.98240499968884], [-121.93568700028756, 36.98242299977625], [-121.9359059996724, 36.98242600002959], [-121.93610999988685, 36.98240999987301], [-121.93633199964474, 36.98236900021886], [-121.93658000024016, 36.98229699979263], [-121.93682299991438, 36.982201000075094], [-121.93703600034974, 36.98208700007374], [-121.93725700028266, 36.9819060000355], [-121.93735299964382, 36.98180000009467], [-121.93747700039069, 36.981647999732246], [-121.93757699994981, 36.981499000073676], [-121.93770199962329, 36.98129700014283], [-121.93772199971477, 36.98123899986468], [-121.93778199998921, 36.981067000165446], [-121.93780299990561, 36.98101000005421], [-121.93791800043167, 36.980702000225016], [-121.9379550002416, 36.980603999952685], [-121.93820600031175, 36.980171000350516], [-121.93844099959009, 36.97987000034366], [-121.93864399997967, 36.97961200031274], [-121.93868199961449, 36.979584000256764], [-121.93879700014053, 36.97950200003353], [-121.93883599960029, 36.97947500029949], [-121.93906400010422, 36.9792110003222], [-121.9392669995955, 36.97900500001903], [-121.93944499987076, 36.978844000066125], [-121.93960899990228, 36.97869800034033], [-121.93990000015542, 36.97846200029926]]]}, "properties": {"ZCTA5": "95003", "GEOID": "95003", "NAME": "ZCTA5 95003", "AREALAND": 83980570, "INTPTLAT": "+37.0067000", "INTPTLON": "-121.8782065", "zcta": "95003", "place": "95003 Aptos", "name": "ZCTA5 95003"}}, {"type": "Feature", "geometry": {"type": "Polygon", "coordinates": [[[-122.13644499999404, 37.103958999866], [-122.13641499985681, 37.10329099993315], [-122.13247700034857, 37.101687999740456], [-122.13245600043217, 37.10169000011315], [-122.13225899989037, 37.10163700024981], [-122.13214799956228, 37.101550999878974], [-122.13209900005681, 37.10139499974017], [-122.13205200020114, 37.10113300031827], [-122.13202299988883, 37.10082400002423], [-122.13195699976659, 37.100421999702895], [-122.13192300032972, 37.10021199975616], [-122.13185300000953, 37.099921999691595], [-122.13173099981078, 37.09959099978316], [-122.13165899984075, 37.098918999847825], [-122.1315219995734, 37.09820600020054], [-122.13145200015153, 37.097901999897346], [-122.13144200010578, 37.09767599988547], [-122.13148399993858, 37.09751900012399], [-122.13156699977924, 37.097369999834974], [-122.13174400022957, 37.09721300015594], [-122.1322110002098, 37.09701500002385], [-122.13227999980677, 37.0969380002308], [-122.13229300022559, 37.09685700007554], [-122.13224499964666, 37.096755999822584], [-122.13212300034625, 37.09668799988863], [-122.13208099961514, 37.09660599992918], [-122.13212400017115, 37.096498999962286], [-122.13212900019404, 37.09648800002409], [-122.13225300004258, 37.09625700023645], [-122.1322749997839, 37.09614999977669], [-122.13224899984463, 37.09606300008169], [-122.13188899999453, 37.09573199979363], [-122.13182000039755, 37.09563999972085], [-122.13182000039755, 37.09543099968559], [-122.13183600029107, 37.095412999857835], [-122.13190999991092, 37.09547300022234], [-122.13194400024611, 37.09549100003584], [-122.13197600003316, 37.09550099985075], [-122.13200500034549, 37.09550399993829], [-122.13202999956151, 37.09549900003117], [-122.13205200020114, 37.09548499985962], [-122.13207599959227, 37.09546000031459], [-122.13210800027765, 37.09541499967969], [-122.13215299958514, 37.09535499998578], [-122.13218100007258, 37.095290999877804], [-122.1321969999661, 37.09520800028419], [-122.13221399968452, 37.09501699969992], [-122.1322329999511, 37.09493899975056], [-122.13226800011121, 37.09488100023218], [-122.13231900016483, 37.09483999964405], [-122.13242299992191, 37.094795000074015], [-122.13252900022712, 37.09477099986247], [-122.13260299984697, 37.09477399997886], [-122.13275799965767, 37.09480499998077], [-122.13282499960481, 37.09481199977138], [-122.13294099995576, 37.09480399970353], [-122.13296699989505, 37.09479399979665], [-122.13298699998653, 37.09477700009517], [-122.13300500042818, 37.09474999976066], [-122.13302399979645, 37.09468700013701], [-122.13301999959847, 37.09466200032868], [-122.1329939996592, 37.09461599965668], [-122.13291099981855, 37.09452300009752], [-122.13288300022947, 37.09448300031366], [-122.1328639999629, 37.094427999859874], [-122.13285499974202, 37.0943569998534], [-122.13285800011509, 37.09427099981701], [-122.1328740000086, 37.09417900011992], [-122.13290499997076, 37.094084000167555], [-122.13294699980355, 37.09398900009602], [-122.13298899963634, 37.093920999828434], [-122.13304600043605, 37.0938480002003], [-122.133119000231, 37.0937699997641], [-122.13322600036112, 37.093666999827555], [-122.13331400022466, 37.0935989999875], [-122.13353799963234, 37.09345400033554], [-122.13362899986895, 37.09337699978991], [-122.13365900000616, 37.09334200016738], [-122.13368199957237, 37.09330100017958], [-122.1337460000448, 37.09312800017908], [-122.1337810002049, 37.09306400033969], [-122.13380499959604, 37.093035999810816], [-122.13383300008343, 37.09301300005955], [-122.13392099994697, 37.092971999893784], [-122.13394900043441, 37.09144800027683], [-122.129204000289, 37.091483999662], [-122.12922400038049, 37.090169000293564], [-122.12925899964226, 37.08790499999338], [-122.12894800019595, 37.087735999905675], [-122.1286400002244, 37.08753800009108], [-122.12851200017786, 37.08742500012065], [-122.12623900020098, 37.08735699969576], [-122.12476499956703, 37.08731300035786], [-122.12345099966497, 37.08727499967138], [-122.12345900006089, 37.08378399973094], [-122.1234609997107, 37.083245000023204], [-122.12346999993154, 37.08097200017667], [-122.12323300010507, 37.08076500003081], [-122.12302700024075, 37.0806549999553], [-122.12276600012484, 37.08056199974739], [-122.1223750003126, 37.08047899978914], [-122.12219700003737, 37.080463000209825], [-122.12159299978978, 37.08050199976074], [-122.12131199958239, 37.080529000154804], [-122.12073599982222, 37.080606000137394], [-122.12016000006201, 37.08070599995148], [-122.11964600022614, 37.08085400029436], [-122.11957000005813, 37.08084300023522], [-122.11821900034616, 37.080244999961614], [-122.11738199957176, 37.079700999941885], [-122.11714899994327, 37.079454000076424], [-122.11675099956, 37.07894299969494], [-122.11614700021072, 37.078294999829005], [-122.11605199977619, 37.078213999814686], [-122.11586500017843, 37.0780539998064], [-122.11541900011458, 37.07760899964291], [-122.1143150002748, 37.076730000021726], [-122.11363499985924, 37.076295999975], [-122.11227699957625, 37.07535699970863], [-122.11192699977187, 37.07503300019506], [-122.11174199982395, 37.074802000234044], [-122.1115839996402, 37.07453900006401], [-122.11111699965996, 37.073917999710794], [-122.11078799977199, 37.07353899993816], [-122.10971099969639, 37.07274300035707], [-122.10965600034314, 37.07272100003389], [-122.10910700034712, 37.07223199990154], [-122.10846899976434, 37.07153400020822], [-122.10794099968479, 37.071062000313106], [-122.10738500001605, 37.070671999783954], [-122.10728200008388, 37.07063900018746], [-122.10716599973294, 37.07060099974384], [-122.10676099967701, 37.07053600035545], [-122.10025899993875, 37.076412999981144], [-122.10018699996871, 37.076383000143785], [-122.09939899959814, 37.075916000094026], [-122.09887700026465, 37.07566400029965], [-122.0987199999058, 37.07561999990837], [-122.09847600040665, 37.07557399986295], [-122.09830800017713, 37.07554299987891], [-122.09796500004548, 37.07549400034071], [-122.09745100020957, 37.07547200009894], [-122.09671700026564, 37.07533500014384], [-122.09649100030984, 37.075252000197075], [-122.09557200041799, 37.07475800005929], [-122.09529000038567, 37.0745819998217], [-122.09505699985887, 37.07448400018836], [-122.09483099990307, 37.074434000136485], [-122.09446699985499, 37.074396000161016], [-122.09411100020283, 37.074406999722065], [-122.09389100009481, 37.07436799990285], [-122.09270500023925, 37.074006000292854], [-122.09254000038281, 37.07397299999696], [-122.09234799986388, 37.07396199965622], [-122.09163499983636, 37.07388500009334], [-122.09137500044368, 37.07390200018041], [-122.0912509996968, 37.07388599992992], [-122.09101800006829, 37.07379200018194], [-122.09089400021975, 37.07370400006822], [-122.09036899961487, 37.07318500015487], [-122.09002999968116, 37.072759000132024], [-122.08986499982473, 37.07264999976187], [-122.08974199980108, 37.07259999993416], [-122.08960500043202, 37.07257300030023], [-122.089125000033, 37.07241299985639], [-122.08837000017267, 37.07224899964249], [-122.08812999997318, 37.072165999901635], [-122.08784899976578, 37.07204000032865], [-122.08781899962855, 37.07202500026317], [-122.08748600044095, 37.07186400023342], [-122.08737599993775, 37.071859000200305], [-122.08679299960659, 37.071929999779435], [-122.08670399991813, 37.071940999698185], [-122.08631300010586, 37.071924999750685], [-122.08575800026209, 37.07195200033209], [-122.08547000038202, 37.07194700030479], [-122.08523699985518, 37.07183700033743], [-122.08507199999872, 37.07166699968307], [-122.08475599963124, 37.071447000209936], [-122.08467399961548, 37.07133200016626], [-122.0846259999349, 37.071233000045], [-122.08467399961548, 37.071085000274365], [-122.08484500021802, 37.0708980000446], [-122.084913999815, 37.07078200000763], [-122.08493499973137, 37.07068299988517], [-122.08491600036312, 37.07058600011044], [-122.08489299989857, 37.07046899971463], [-122.08478599976848, 37.07020700017077], [-122.08472899986704, 37.070068000247716], [-122.08461199969119, 37.06956799994972], [-122.08476999987494, 37.06946400020187], [-122.0851189998544, 37.069237999968564], [-122.08518800034967, 37.06911700004578], [-122.08518800034967, 37.06910300001857], [-122.08519500002238, 37.06901299967949], [-122.08515999986228, 37.06892100014634], [-122.0851330000981, 37.06884800009454], [-122.08502299959493, 37.06873299969367], [-122.08485299971562, 37.06865400002781], [-122.08468000036156, 37.068611999682005], [-122.08435099957529, 37.06856800021637], [-122.08407699993889, 37.068552000274], [-122.0835920004153, 37.068541999770744], [-122.08352100027021, 37.06854099986371], [-122.08316999974261, 37.06850999987171], [-122.08276700023478, 37.06847500023548], [-122.08238999976791, 37.06840899983303], [-122.0812380002476, 37.068052000016564], [-122.08071000016798, 37.06789800027972], [-122.08034699994482, 37.06784900010235], [-122.07981200019255, 37.06768899972709], [-122.07846800015324, 37.067172999998405], [-122.07833199971081, 37.06716100017963], [-122.07745499965174, 37.06705300029186], [-122.07693599979297, 37.06693600018014], [-122.07667600040028, 37.06708999971985], [-122.07646299996496, 37.06685500021761], [-122.0763960000178, 37.066768999799905], [-122.07634400013927, 37.06668200006995], [-122.07632099967473, 37.06658999985972], [-122.07633599974335, 37.06646900001328], [-122.07638699979695, 37.066368000123944], [-122.0767769997843, 37.06593199966878], [-122.07699799971726, 37.06575599973511], [-122.0773059996888, 37.0655220003476], [-122.07754699971325, 37.065327999658614], [-122.07772900018645, 37.06510599981333], [-122.0741859997901, 37.065145000094766], [-122.07311100026264, 37.06515700023243], [-122.07105099982277, 37.06404399999265], [-122.0710590002187, 37.063927000257394], [-122.07137600041109, 37.06381400021923], [-122.07151799980302, 37.06352399994723], [-122.07144699965788, 37.063246999700304], [-122.07099899994425, 37.063073999925734], [-122.0708979996619, 37.06286900034513], [-122.07051600007047, 37.062502999664034], [-122.0706099997818, 37.06178700011179], [-122.07022900001532, 37.06131299977027], [-122.06991600002085, 37.06122400022737], [-122.06958299993494, 37.06077200016389], [-122.06914400044211, 37.0607259997146], [-122.06914600009192, 37.06062300004123], [-122.06810400017643, 37.05933100008293], [-122.06751400017254, 37.05922399983004], [-122.06449899985583, 37.05879700021249], [-122.06324199985515, 37.058609999796204], [-122.06336800025184, 37.059021999979755], [-122.06356499989533, 37.0595730001318], [-122.06376200043714, 37.05962399996954], [-122.06375099966819, 37.05965099991195], [-122.06371800005621, 37.0597339997278], [-122.06370800001048, 37.059761999653844], [-122.06366500035278, 37.05986999988622], [-122.06364299971315, 37.05992699964814], [-122.06362699981963, 37.05998600012384], [-122.06359300038275, 37.06020999993249], [-122.06357599976599, 37.06032599965026], [-122.06350100032125, 37.060323000321056], [-122.06327799984018, 37.06031600021302], [-122.06320400022034, 37.06031400018206], [-122.06321599991588, 37.060231000283856], [-122.06188500029539, 37.0602240001674], [-122.06190600021179, 37.05971099990886], [-122.06157800014871, 37.05924100033588], [-122.06099499981754, 37.05949600029774], [-122.0606399999903, 37.05950099971209], [-122.06045900024031, 37.05988700024731], [-122.06060900002817, 37.06020999993249], [-122.0606049998302, 37.06232599967062], [-122.06114399978044, 37.06234700015312], [-122.06112399968897, 37.06334200030781], [-122.0612240001464, 37.0637759999402], [-122.06132000040586, 37.06425399980011], [-122.06133100027651, 37.06433800027709], [-122.06132899972839, 37.0644079997673], [-122.06131799985772, 37.06521099975331], [-122.06387600023996, 37.06522299988059], [-122.0639709997762, 37.06510299995628], [-122.06404500029437, 37.065111000291644], [-122.06411999973913, 37.06511300019614], [-122.06610400001102, 37.065103999908644], [-122.06718899958423, 37.06510000009911], [-122.06726899995016, 37.0650929997151], [-122.06732599985156, 37.06506700022867], [-122.06734400029325, 37.06502699995383], [-122.06735099996592, 37.06497900002622], [-122.06734400029325, 37.064909000346155], [-122.0672990000874, 37.06442499982826], [-122.06728499984368, 37.064264000151894], [-122.06741600026325, 37.0642850000979], [-122.06766899998324, 37.06432699997247], [-122.06776100004474, 37.06434999982565], [-122.06780399970246, 37.06436899982377], [-122.0679259999012, 37.06442499982826], [-122.06794500016778, 37.06443300023518], [-122.06802299998556, 37.06447799990969], [-122.06805599959753, 37.06449999975678], [-122.06810599982624, 37.064533999833706], [-122.06841999964561, 37.06476800011863], [-122.06854100001944, 37.0648589997159], [-122.06845099960775, 37.06515900013572], [-122.06839399970634, 37.065204000096365], [-122.06830199964482, 37.06522800035119], [-122.06766099958732, 37.065135999811005], [-122.06756000020331, 37.06514999985368], [-122.06754599995958, 37.06515199975715], [-122.06745399989806, 37.065190000063666], [-122.06731099978295, 37.06525900025093], [-122.06724100036108, 37.06529299998771], [-122.06716199982002, 37.065343000331886], [-122.06711499996439, 37.065393999874814], [-122.06705700023807, 37.06543200006009], [-122.0667159997562, 37.0655289999752], [-122.06677100000778, 37.06753200020897], [-122.06681000036583, 37.06837699987793], [-122.06682999955902, 37.0715350000758], [-122.06229600019914, 37.071636000252035], [-122.06231100026771, 37.07416499969289], [-122.0638860002857, 37.07416499969289], [-122.06163599987507, 37.07620799990044], [-122.06140300024654, 37.07612399966878], [-122.06101900010697, 37.07605500004881], [-122.06064800038622, 37.076092999909605], [-122.06033000036891, 37.076196999883926], [-122.0600540001844, 37.076383000143785], [-122.05948799957162, 37.07699400027172], [-122.0589009999408, 37.077630999981295], [-122.05858600029653, 37.07790800001487], [-122.05871000014508, 37.07805099974478], [-122.05883499981857, 37.07818000013679], [-122.05894899962136, 37.07828400011527], [-122.05907199964503, 37.07837700025085], [-122.0592440000725, 37.07848600027222], [-122.05944599973883, 37.07859999972583], [-122.06026300042176, 37.07911599982403], [-122.06059200030973, 37.07933899999217], [-122.06073700007468, 37.07943800028079], [-122.06092600022056, 37.07954400020762], [-122.06113100025998, 37.07964699998779], [-122.06132899972839, 37.07973399989487], [-122.06183099986873, 37.07991499985942], [-122.06206000019756, 37.08002000008033], [-122.0623070000698, 37.08016600010487], [-122.06244500016204, 37.08027300019952], [-122.06255899996484, 37.08039899970886], [-122.06264600000351, 37.08051400033522], [-122.06274100043807, 37.080668000252665], [-122.06281500005788, 37.08080799984104], [-122.0628929998757, 37.0809750001227], [-122.0630119997014, 37.08119100022459], [-122.06314499977077, 37.081373000031775], [-122.06326600014461, 37.08152399971343], [-122.06346799981095, 37.08169399976871], [-122.06358099978887, 37.0818050002188], [-122.06368200007121, 37.08192000014568], [-122.06379000002624, 37.08205699966882], [-122.06387200004201, 37.08218700013823], [-122.0639780003472, 37.08237500020222], [-122.06406299983772, 37.082536000130396], [-122.064160999747, 37.08276799989732], [-122.06421799964843, 37.082950000218354], [-122.06426799987712, 37.08314599968955], [-122.06442500023597, 37.083948000078166], [-122.06451599957424, 37.08444800015285], [-122.06454999990943, 37.08458200032054], [-122.06459400029036, 37.08469800002836], [-122.06466700008531, 37.08481599966023], [-122.06475999997174, 37.08491299986381], [-122.06479099993388, 37.084935000232555], [-122.06494900011762, 37.08504499983066], [-122.06513599971534, 37.085154999985704], [-122.06539400035655, 37.08529799966199], [-122.06551200035732, 37.08535699975047], [-122.06570800017589, 37.08543700033154], [-122.06591499986514, 37.08551599971176], [-122.0664210002034, 37.08569999996276], [-122.0667380003958, 37.0858059997332], [-122.06683499958189, 37.08583100031325], [-122.06689900005432, 37.08584099996962], [-122.066981999895, 37.08584799987166], [-122.06706999975852, 37.08584900026712], [-122.06713300040602, 37.08584999994593], [-122.06723899981294, 37.08583699982061], [-122.06728099964573, 37.085827999842756], [-122.06730400011027, 37.08582399969301], [-122.0673979998216, 37.08579399999652], [-122.06768999989964, 37.085645000300616], [-122.06748400003531, 37.09088600021261], [-122.05834899957175, 37.09088499988364], [-122.05756799977219, 37.09088600021261], [-122.05766499985654, 37.09855699996909], [-122.05767800027533, 37.098688000307014], [-122.0581760002177, 37.098714999954694], [-122.05900399987297, 37.098760000062654], [-122.05927099983666, 37.09876400024607], [-122.05926199961584, 37.098573000027955], [-122.05911900039901, 37.09788200018346], [-122.05912900044474, 37.09769699989278], [-122.05920600043763, 37.09748300002334], [-122.05942800019548, 37.0970719998109], [-122.05956999958738, 37.096734000019204], [-122.05961499979325, 37.096500000217155], [-122.05956899976246, 37.096307999766275], [-122.05947500005117, 37.096188999854654], [-122.05943099967024, 37.09605599969005], [-122.05951299968599, 37.09598900010596], [-122.05974700003772, 37.09605200008019], [-122.06000399995565, 37.09602899981134], [-122.06030100005657, 37.09587799964864], [-122.06054000043119, 37.09580799983178], [-122.0610979997497, 37.09579399971732], [-122.06134600034514, 37.0957509998103], [-122.06173700015738, 37.09573199979363], [-122.06216999980245, 37.09576699974525], [-122.06268199998851, 37.09579800005739], [-122.06344000022187, 37.096009000319526], [-122.06370899983537, 37.096152000295625], [-122.06400500011142, 37.096394999896496], [-122.06433499982428, 37.096636999898045], [-122.06451200027462, 37.09675500028761], [-122.06465600021465, 37.09689899982183], [-122.06471800013894, 37.09709199973861], [-122.06472099961366, 37.09723199980123], [-122.06473300020753, 37.097398000195405], [-122.06473599968228, 37.09760699982045], [-122.06470700026829, 37.097816000302004], [-122.06463899959789, 37.09807799973132], [-122.06452200032035, 37.098206999716346], [-122.06436099976355, 37.09826200029307], [-122.06405899963977, 37.098352000303834], [-122.06395400005776, 37.09845400009127], [-122.06392399992055, 37.09858300015261], [-122.06388000043793, 37.09870099966093], [-122.06391600042294, 37.09882299988222], [-122.0640040002865, 37.09887500005781], [-122.06424000028804, 37.098885000142594], [-122.06448799998516, 37.098914999672544], [-122.06453800021387, 37.09892199979997], [-122.06523299979975, 37.09870799980813], [-122.06578199979576, 37.09860299968144], [-122.06697600004719, 37.09820799994867], [-122.06800500044221, 37.09784500001814], [-122.06814199981125, 37.097779000104495], [-122.06891000009036, 37.09751499987484], [-122.06909500003832, 37.09749900030902], [-122.06921899988686, 37.097510000100435], [-122.06950000009424, 37.09745499969432], [-122.07035100021405, 37.09752099989025], [-122.0710829996098, 37.097686000128505], [-122.07141300022101, 37.097681999888174], [-122.07166500011611, 37.097648000344336], [-122.07181300025412, 37.09754699971284], [-122.07194200012553, 37.097330999648435], [-122.07214700016496, 37.097135000317635], [-122.07241599977846, 37.09697099984461], [-122.07270000035889, 37.09687099999358], [-122.07283099988014, 37.096774000047816], [-122.07293100033759, 37.0965829998285], [-122.07298599969086, 37.096478999878066], [-122.07300699960723, 37.096595000006516], [-122.07302800042194, 37.09671099995738], [-122.0730810001254, 37.096746000173304], [-122.073172000362, 37.096774000047816], [-122.07334100041642, 37.09682799998123], [-122.07344400034859, 37.09688300012597], [-122.07357200039509, 37.09701500002385], [-122.07368399964979, 37.09712999980168], [-122.07380099982564, 37.09726199998576], [-122.07423299964577, 37.0976360003331], [-122.07452100042416, 37.09792200032246], [-122.07472800011341, 37.09808399970215], [-122.07482299964965, 37.09815799978124], [-122.07515200043595, 37.09839999988372], [-122.0752419999493, 37.098510000000445], [-122.07538599988935, 37.09881200028143], [-122.07542000022454, 37.09894399968452], [-122.07540000013304, 37.099125000348536], [-122.07537199964567, 37.09919099980614], [-122.0751869996977, 37.09950399974039], [-122.07516599978133, 37.09966300011363], [-122.0744460000811, 37.10075700035763], [-122.0740800003832, 37.10171300009642], [-122.07357499986983, 37.10303699982003], [-122.07415099963, 37.10344900007591], [-122.07408299985795, 37.10352599969957], [-122.07384299965842, 37.10365300011743], [-122.07358200044082, 37.10386699975312], [-122.07331499957884, 37.1041859999157], [-122.07325299965457, 37.10429000003316], [-122.07317099963878, 37.1043399997357], [-122.07299200043697, 37.10435600000609], [-122.07291700009388, 37.10438899997099], [-122.07282800040544, 37.104459999890196], [-122.07274499966643, 37.104482000315805], [-122.07271100022956, 37.10452599971495], [-122.07267000022168, 37.104657999908504], [-122.07255999971852, 37.10476800025227], [-122.07243000002217, 37.10510300031515], [-122.07240900010576, 37.10525199972376], [-122.07243000002217, 37.105526000140706], [-122.0725530000458, 37.10603699968745], [-122.07248500027374, 37.106219000008494], [-122.07249799979425, 37.10634000017672], [-122.07236100042519, 37.10666399984124], [-122.07237499977059, 37.10678999989366], [-122.07220300024144, 37.10711999975399], [-122.07223099983055, 37.107196999944335], [-122.07236800009787, 37.10730700018284], [-122.0723890000143, 37.107399999810504], [-122.07238200034158, 37.107569999851506], [-122.07249199994644, 37.10793899965572], [-122.07232000041732, 37.108003999928144], [-122.07223099983055, 37.10807000024688], [-122.07216899990625, 37.10818599982102], [-122.07214899981476, 37.10828499968141], [-122.07205900030141, 37.10834499988115], [-122.07191500036136, 37.1082519999811], [-122.07173700008612, 37.107954999882274], [-122.07162699958297, 37.10785099978217], [-122.07151100013031, 37.10778999980166], [-122.07132500035748, 37.10773499969494], [-122.07116799999862, 37.10775200007089], [-122.07082499986697, 37.10783400014487], [-122.07069400034572, 37.10783400014487], [-122.07027599987099, 37.107889000179746], [-122.07003599967143, 37.107954999882274], [-122.06954199992704, 37.10813100000182], [-122.06897200001465, 37.10840600013107], [-122.06882800007462, 37.108504999703875], [-122.0688420003183, 37.10863600003238], [-122.06886900008249, 37.10868599973162], [-122.06892400033406, 37.10888400016505], [-122.0688559996637, 37.108943999890286], [-122.0687839996937, 37.10891700030635], [-122.06857399963138, 37.108839999715514], [-122.06837500033805, 37.108839999715514], [-122.06821100030655, 37.10890600002206], [-122.06794299961963, 37.109131000113955], [-122.06765499973953, 37.10933399981109], [-122.06764800006684, 37.109450000314794], [-122.06762100030265, 37.109504999892465], [-122.06744899987523, 37.109679999911165], [-122.06741500043834, 37.109784999728234], [-122.06743499963152, 37.109856000320356], [-122.06747700036262, 37.109917000069586], [-122.0674969995558, 37.1100100000742], [-122.06740100019462, 37.110234999751675], [-122.0672570002546, 37.110383999810146], [-122.06719500033032, 37.11051599982382], [-122.06718199991153, 37.11071900010672], [-122.06712699965993, 37.11081800023786], [-122.0669829997199, 37.11096599980181], [-122.06692800036663, 37.111076000297125], [-122.06690699955192, 37.11126799985407], [-122.06687300011505, 37.111356000055466], [-122.06678400042657, 37.11142200031849], [-122.06668099959612, 37.11146599998428], [-122.06653699965608, 37.11156000029182], [-122.06648899997549, 37.11162599966067], [-122.06646100038638, 37.11178999992725], [-122.06641299980748, 37.11189999994202], [-122.0658300003746, 37.11244999976813], [-122.06579600003944, 37.11256000025692], [-122.0658710003825, 37.1126199999352], [-122.06596699974367, 37.11265900013035], [-122.06612499992741, 37.11266999986955], [-122.06626200019474, 37.11265900013035], [-122.06639299971602, 37.112614999725054], [-122.06661199999914, 37.11252100001073], [-122.06672900017499, 37.112505000032534], [-122.06683200010715, 37.11256499975433], [-122.06703100029877, 37.112603999977864], [-122.06711300031454, 37.11266400033765], [-122.06699600013869, 37.11275200034948], [-122.06688700035873, 37.11276300007511], [-122.06678400042657, 37.112795999958855], [-122.06669400001488, 37.112844999737966], [-122.06665300000701, 37.112938999766406], [-122.06670800025859, 37.11305399972635], [-122.06679000027435, 37.11313699982563], [-122.06697600004719, 37.11326299985419], [-122.0669619998035, 37.113312000047465], [-122.06681100019075, 37.11337800003843], [-122.06661899967182, 37.11342800018864], [-122.06645399981538, 37.11323599966107], [-122.06637199979961, 37.11317499971984], [-122.06607700024684, 37.11314800021171], [-122.06596000007099, 37.113104000090495], [-122.0658639998115, 37.11313699982563], [-122.06576099987933, 37.11323599966107], [-122.06575900022952, 37.113247000032764], [-122.06574099978786, 37.11337800003843], [-122.06578199979576, 37.113438999816076], [-122.0659120003904, 37.11353199979355], [-122.06645399981538, 37.11385100008088], [-122.06652999998336, 37.11391700031835], [-122.06668099959612, 37.114120000080405], [-122.06667399992341, 37.11416999974066], [-122.06650200039427, 37.114334000228375], [-122.06639299971602, 37.11449899966172], [-122.06633800036275, 37.114653000002335], [-122.06636500012691, 37.11469699993982], [-122.06633099979175, 37.114752000004785], [-122.06624799995106, 37.114778999657325], [-122.0661319996001, 37.11475800008754], [-122.06585700013882, 37.11460399996049], [-122.06574099978786, 37.11459799986546], [-122.0656169999393, 37.114659000093], [-122.06556199968772, 37.11475700007382], [-122.06552800025085, 37.115031999781166], [-122.06563100018302, 37.11523600014306], [-122.06550099958834, 37.11542199986764], [-122.06552099967982, 37.11549900021299], [-122.0656789998636, 37.11569700002508], [-122.06572700044246, 37.11580700009492], [-122.06565200009938, 37.11587300006014], [-122.06552099967982, 37.11592799998716], [-122.06535599982338, 37.115943999958475], [-122.065074999616, 37.115938999967824], [-122.06492400000327, 37.11587300006014], [-122.06451300009951, 37.11559799982558], [-122.06441600001513, 37.115570999748726], [-122.06427899974778, 37.11559799982558], [-122.0640119997841, 37.1157300000628], [-122.06342799962798, 37.11590000002929], [-122.0626329995847, 37.11598799986203], [-122.06247500029926, 37.116031999740066], [-122.06235099955238, 37.11611500015663], [-122.06228299978035, 37.116230000307304], [-122.06225500019124, 37.116394999906966], [-122.06229000035135, 37.11658700030385], [-122.06242000004767, 37.11681199978003], [-122.06257099966042, 37.11694400004977], [-122.06274200026296, 37.11700999974015], [-122.06295499979997, 37.1170320001017], [-122.06332600041905, 37.116998999915126], [-122.0634829998796, 37.11703800000384], [-122.06459500011528, 37.117092999800974], [-122.06470499972015, 37.117125999946566], [-122.06473900005531, 37.11715900007779], [-122.06487600032267, 37.11723600008925], [-122.06500600001903, 37.11729099974254], [-122.06531499981551, 37.1173790001075], [-122.0653499999756, 37.11741100014971], [-122.06548700024295, 37.11770299982074], [-122.06541400044802, 37.11766100014835], [-122.06518500011916, 37.11752699974175], [-122.06491700033054, 37.1174440001567], [-122.06471800013894, 37.11743299967842], [-122.06443699993156, 37.11736199974378], [-122.0642450003109, 37.117355999867314], [-122.06384000025496, 37.11740600025593], [-122.06347000035912, 37.11752699974175], [-122.06335999985595, 37.11761499983239], [-122.06331899984805, 37.11769200009642], [-122.06332499969582, 37.11779600029149], [-122.06342199978022, 37.11804299982412], [-122.06340099986382, 37.11811999965285], [-122.06324299968007, 37.11842800033359], [-122.06321599991588, 37.11860900028166], [-122.06311999965641, 37.11885600002709], [-122.06306500030314, 37.11923600021071], [-122.06305100005946, 37.11944399979758], [-122.06307100015093, 37.11968599994072], [-122.06321599991588, 37.12009799987879], [-122.06321599991588, 37.12017000005505], [-122.06305799973214, 37.12049400000091], [-122.06298199956416, 37.12081300032379], [-122.06300300037887, 37.120998999956846], [-122.06306399957991, 37.12138900010662], [-122.06313300007523, 37.12160900002099], [-122.06322199976366, 37.121823999694], [-122.06312600040252, 37.12194499999769], [-122.06306500030314, 37.12207099969402], [-122.06305799973214, 37.12216399981281], [-122.06308500039464, 37.122224999674664], [-122.0632360000074, 37.12237299986321], [-122.06325699992378, 37.12247700007423], [-122.06324299968007, 37.12253799968386], [-122.0631949999995, 37.12262599967987], [-122.06315999983939, 37.12279599991973], [-122.06320199967217, 37.12304899975515], [-122.06318800032678, 37.12317000024953], [-122.06313300007523, 37.12329600005554], [-122.06294800012729, 37.123488000141144], [-122.06281699970772, 37.123670000063655], [-122.06263900033079, 37.12397699975991], [-122.06258400007921, 37.124027000073106], [-122.06240599980399, 37.12411999993756], [-122.06234399987969, 37.12418599981823], [-122.0621380000154, 37.124532000096046], [-122.06212399977167, 37.124686000083656], [-122.0621399996652, 37.12494400016068], [-122.06214700023621, 37.125142000339586], [-122.06200300029617, 37.12509800002624], [-122.06190700003668, 37.12513100026363], [-122.0618519997851, 37.12520800004537], [-122.0618519997851, 37.12545600033545], [-122.06188600012031, 37.125586999987384], [-122.061900000364, 37.12579099984139], [-122.06197599963369, 37.12600499994696], [-122.06207199989312, 37.1261200001152], [-122.06208500031191, 37.126246999886234], [-122.06217700037342, 37.12638599991584], [-122.0622019995895, 37.12642299974673], [-122.06230500041995, 37.126564999742854], [-122.06236700034425, 37.12673600030256], [-122.06245600003268, 37.12693400009099], [-122.0626960002322, 37.1270650000497], [-122.06296400002081, 37.127262999693656], [-122.06355400002468, 37.127647999866106], [-122.06380099989688, 37.12778499978801], [-122.06380799956959, 37.127895000199274], [-122.06372499972892, 37.127895000199274], [-122.06360199970528, 37.12783499973435], [-122.0635189998646, 37.12783499973435], [-122.06332700024397, 37.127747000064545], [-122.0632169997408, 37.127647999866106], [-122.06312100037964, 37.12758700007723], [-122.06305299970927, 37.127532000025894], [-122.0629699998686, 37.1275210002973], [-122.06272999966909, 37.127394999646], [-122.06262699973692, 37.127368000195375], [-122.06259300030005, 37.12734000017132], [-122.06251100028429, 37.127295999703335], [-122.06249700004058, 37.12722999966959], [-122.06242800044359, 37.12718099988949], [-122.06228399960524, 37.12701600016277], [-122.06218800024408, 37.126840000248755], [-122.06192100028039, 37.12669700019633], [-122.06178300018816, 37.12649399977809], [-122.06164599992077, 37.12626899971215], [-122.06156399990503, 37.12616999972906], [-122.06148799973705, 37.126087000309], [-122.06132999955331, 37.125956000090014], [-122.06123400019214, 37.125950000178435], [-122.06069900043984, 37.12614799987441], [-122.06034899973717, 37.12629100024787], [-122.05940899992892, 37.12657100032188], [-122.05925099974517, 37.126582000188556], [-122.05908000004095, 37.12665300007076], [-122.05901100044395, 37.12669200019962], [-122.05901100044395, 37.12685100007633], [-122.05869500007648, 37.12702100013807], [-122.05855100013645, 37.126998999814504], [-122.0584280001128, 37.127049000280095], [-122.05834500027211, 37.127138999745746], [-122.05829699969321, 37.12719199966745], [-122.05821499967745, 37.12721399993487], [-122.05809800039988, 37.1272030001601], [-122.05765900000877, 37.12724699996591], [-122.0575150000687, 37.12727400017594], [-122.05734299964128, 37.12735099992617], [-122.05717199993703, 37.12750499990791], [-122.05698000031643, 37.127659000292425], [-122.05683600037636, 37.12778499978801], [-122.05666399994891, 37.127878000048504], [-122.05655400034408, 37.12792799993339], [-122.05649099969658, 37.127954000061], [-122.05832299963251, 37.12800899980571], [-122.05830900028708, 37.12974000022843], [-122.05828900019561, 37.132063000198805], [-122.08368600012665, 37.139520999908854], [-122.08572999977468, 37.13903300016418], [-122.09048900016377, 37.13215900028331], [-122.09616700044474, 37.12044300028043], [-122.09766299992167, 37.11815400003606], [-122.09749600041542, 37.117969999802526], [-122.09715699958339, 37.11501700034383], [-122.09709600038234, 37.1143829997286], [-122.09664699994546, 37.113071999660654], [-122.10098500038507, 37.10895299998821], [-122.1062810001763, 37.10980000020194], [-122.10594100041766, 37.10971299970562], [-122.10589000036406, 37.109701000172805], [-122.10537499980491, 37.10948699982669], [-122.10509399959751, 37.10931099999271], [-122.10492200006837, 37.109158000337956], [-122.10469600011257, 37.108871999784476], [-122.10459099963228, 37.108669000281786], [-122.10444800041545, 37.10838799980403], [-122.10433799991227, 37.10804800014702], [-122.10418700029956, 37.10743299988199], [-122.10410199991074, 37.107180000160234], [-122.10389199984846, 37.106552999979556], [-122.10382300025148, 37.106141000129185], [-122.10381999987843, 37.10610800021114], [-122.10369900040291, 37.10475700008182], [-122.10374600025858, 37.10326799971259], [-122.10372500034218, 37.1027679998576], [-122.10382099970334, 37.102757000113115], [-122.10434200011024, 37.10276900002969], [-122.10448299967724, 37.10276900002969], [-122.10479700039492, 37.10270899971147], [-122.10481900013623, 37.102705999909226], [-122.1052130003215, 37.10251999975971], [-122.10541900018583, 37.10236800017662], [-122.10560900015663, 37.10213799986938], [-122.10595099956511, 37.101519000299206], [-122.10659599982057, 37.10080700024272], [-122.1075490000476, 37.099878999977854], [-122.1077599999348, 37.09970700016244], [-122.10847299996232, 37.09927800020834], [-122.10865500043552, 37.09919499996685], [-122.10874800032194, 37.09917300015518], [-122.10883299981242, 37.09915499978345], [-122.10911400001982, 37.099128999796235], [-122.10972199956704, 37.099134999683834], [-122.10977599999373, 37.09912800029258], [-122.11081700008434, 37.09926500023698], [-122.1112239997901, 37.09934899990254], [-122.11172799958027, 37.099386000049805], [-122.11202399985626, 37.09945199999659], [-122.11271900034045, 37.0997459998424], [-122.11283499979307, 37.099761999650205], [-122.11335200000202, 37.099809000275094], [-122.11347599985058, 37.099839999649866], [-122.11361899996572, 37.099911000250366], [-122.11378499964708, 37.09994599970447], [-122.11392000026459, 37.0999520002439], [-122.11462400007129, 37.09988700022637], [-122.11496700020295, 37.09983399981811], [-122.11591600023205, 37.09975299989304], [-122.1162159998077, 37.099759999943096], [-122.11644299958843, 37.099754000104944], [-122.1164750002738, 37.0997470000544], [-122.1153210002053, 37.10046000024519], [-122.1151029997471, 37.10049399996002], [-122.11383499987579, 37.100707999922314], [-122.11351799968337, 37.10085100034364], [-122.11347900022363, 37.10078800006104], [-122.11335399965186, 37.10058299998432], [-122.11328800042793, 37.10053599983962], [-122.11323999984903, 37.100503000345604], [-122.11298600030412, 37.100464999824865], [-122.11234500024663, 37.10038299965444], [-122.11227999994928, 37.10037500017481], [-122.1120260004044, 37.10035400019329], [-122.11203899992486, 37.10047199980914], [-122.11205599964332, 37.10061699964395], [-122.11205399999348, 37.10071799976515], [-122.112033999902, 37.10082699990094], [-122.11202499968115, 37.10088300020552], [-122.11200700013781, 37.10091099998405], [-122.11198600022145, 37.100931999811166], [-122.11198899969615, 37.10095399982852], [-122.11200100029002, 37.10102100003733], [-122.11200499958969, 37.1010440002237], [-122.11203800009994, 37.10129699966325], [-122.11216899962122, 37.10227699974294], [-122.11271199976942, 37.10258000022764], [-122.11294500029625, 37.10254099985721], [-122.11332100003989, 37.10262299984117], [-122.11382800020309, 37.10273399973041], [-122.11436200013048, 37.102934999754936], [-122.11481700041514, 37.102832000097706], [-122.11499300014225, 37.10287000014756], [-122.11525500008308, 37.10298900031227], [-122.11531000033463, 37.103014000238815], [-122.11555899985667, 37.10304800024031], [-122.11570799981958, 37.1031330001773], [-122.1159699997604, 37.103509999970306], [-122.11620699958685, 37.103556999702775], [-122.11650000038814, 37.103781999923314], [-122.11671600029821, 37.10380299967102], [-122.11692499963725, 37.103846000023225], [-122.11719599979892, 37.10374899969401], [-122.11780800044242, 37.10341199976371], [-122.11805000029176, 37.10347500001341], [-122.11835200041554, 37.103322000032534], [-122.1185259995945, 37.10326700026354], [-122.11865799983902, 37.103275000154255], [-122.11867799993048, 37.10327600031966], [-122.11911200029876, 37.10337600031392], [-122.1197139999982, 37.10336600010549], [-122.11985700011333, 37.10339800033792], [-122.12010499981044, 37.103601999800325], [-122.12013300029786, 37.103614000299494], [-122.12035000003281, 37.10370600000321], [-122.12047100040664, 37.103879000210306], [-122.12054900022446, 37.10401200025407], [-122.12068399994365, 37.10403100034364], [-122.12089200035612, 37.10394700013795], [-122.1211650001676, 37.10378900031748], [-122.12147200031427, 37.10363000000678], [-122.12166200028507, 37.10360100035569], [-122.12206599961779, 37.10360999965566], [-122.1222050004333, 37.10359399994415], [-122.12233299958146, 37.103578000229255], [-122.12206300014307, 37.103952000204], [-122.12160600020857, 37.104309000052986], [-122.12137699987971, 37.10452199983579], [-122.12111099974092, 37.1045780002746], [-122.1209400000367, 37.104670000240326], [-122.1208189996629, 37.10473400030634], [-122.12066899987505, 37.10481600006563], [-122.12040899958403, 37.10481700021069], [-122.12009899996264, 37.10486799970974], [-122.1193690002167, 37.104797000173036], [-122.11891300010711, 37.10485299969208], [-122.11804100007092, 37.105032999708015], [-122.117820000138, 37.10505399982529], [-122.11752899988485, 37.10505200025788], [-122.11725299970033, 37.10503799970234], [-122.11696099962228, 37.10499899988105], [-122.11689100020038, 37.104985000032165], [-122.11684699981946, 37.10544800026413], [-122.11684099997167, 37.10562800029899], [-122.12199500037099, 37.10471099980748], [-122.12220799990803, 37.10477099997284], [-122.12266800021554, 37.10496399989577], [-122.12298299985983, 37.105123000272], [-122.1241429997761, 37.10556200000157], [-122.12473299977998, 37.105813999981144], [-122.12547400029493, 37.10605599998549], [-122.12568000015924, 37.106082999872875], [-122.12607799964415, 37.10599499999216], [-122.12638099959287, 37.105976999808554], [-122.1266009997009, 37.10600999978367], [-122.12690199999979, 37.106137000335245], [-122.12726600004785, 37.10621400009213], [-122.1277120001117, 37.10622000013502], [-122.12811700016765, 37.10614899971636], [-122.12852800007138, 37.10613799974642], [-122.12897400013523, 37.10620900017544], [-122.12919300041833, 37.10626999999643], [-122.13018799957985, 37.10667699997573], [-122.13060600005461, 37.10694699978507], [-122.13081199991892, 37.10705099969366], [-122.13148399993858, 37.10714499974991], [-122.13220399963879, 37.10730999980287], [-122.1330279999944, 37.10745299994009], [-122.13318500035322, 37.10748599998849], [-122.13391199972615, 37.10776100031047], [-122.13413900040518, 37.107877000357874], [-122.13461200023322, 37.10821200028171], [-122.13485900010541, 37.10834999965689], [-122.13503700038062, 37.10847100000268], [-122.1351600004043, 37.108580999823616], [-122.13548900029227, 37.10900400028435], [-122.13604499996096, 37.1094709999238], [-122.13612100012894, 37.109519000338686], [-122.13640399998614, 37.105703000306654], [-122.13644499999404, 37.103958999866]]]}, "properties": {"ZCTA5": "95005", "GEOID": "95005", "NAME": "ZCTA5 95005", "AREALAND": 30590404, "INTPTLAT": "+37.0983626", "INTPTLON": "-122.0892953", "zcta": "95005", "place": "95005 Ben Lomond", "name": "ZCTA5 95005"}}, {"type": "Feature", "geometry": {"type": "Polygon", "coordinates": [[[-122.24409099994074, 37.189966000354794], [-122.24390000014503, 37.17323699972821], [-122.243756000205, 37.160563999899985], [-122.24237899965543, 37.16094499979797], [-122.24167700039685, 37.161084999911225], [-122.2408780001556, 37.161248999673255], [-122.23957799959894, 37.16255700031777], [-122.23933400009979, 37.16273200008735], [-122.23817699965825, 37.16356399996619], [-122.23927499965022, 37.1650730003159], [-122.2385750000415, 37.16637899983468], [-122.2367740000677, 37.16748799993535], [-122.23527199984467, 37.167294999806174], [-122.23481699956001, 37.167439999778665], [-122.2333720001367, 37.16790300022764], [-122.23377100034487, 37.168605999672955], [-122.23317100029523, 37.16880900018681], [-122.23309699977709, 37.16878999989383], [-122.23285599975266, 37.16875500005751], [-122.23276799988909, 37.16873399971841], [-122.23264700041358, 37.168706999989716], [-122.23246999996326, 37.168645999665706], [-122.23229099986314, 37.1686030003348], [-122.23211599996094, 37.16856200030071], [-122.231895000028, 37.16849099966531], [-122.23168300031591, 37.16841300025143], [-122.23159399972914, 37.16837200011426], [-122.2314220002, 37.16829199981754], [-122.23124300009985, 37.16816499976302], [-122.23111800042636, 37.16807599973858], [-122.230985000357, 37.16801500033693], [-122.23084499971658, 37.167931000270514], [-122.23076900044693, 37.167865999925], [-122.23072300041616, 37.167827000263514], [-122.23059399964643, 37.16767600013623], [-122.23056400040751, 37.167432000226825], [-122.23059199999659, 37.16735000029746], [-122.23062600033178, 37.167276999883974], [-122.23071400019533, 37.16718900028217], [-122.23098100015905, 37.16682599967835], [-122.23103899988536, 37.1667530001904], [-122.231125999924, 37.1665169998139], [-122.23115100003834, 37.16642499985573], [-122.23116799975679, 37.166365999932594], [-122.2311540004114, 37.16618100020243], [-122.23107800024341, 37.166020999896546], [-122.23105099958092, 37.165885999889454], [-122.2311479996653, 37.16576200025378], [-122.2313290003136, 37.16567899988752], [-122.23144700031433, 37.165639999813315], [-122.23161100034588, 37.16559400003029], [-122.23171900030091, 37.16554900027772], [-122.23175500028594, 37.165503999782494], [-122.23177200000437, 37.16543099973348], [-122.23177100017944, 37.16538699994447], [-122.23173199982139, 37.16530700006717], [-122.23168499996572, 37.16525599977015], [-122.23160200012506, 37.16520600021748], [-122.23158500040661, 37.16519799971329], [-122.23138899968973, 37.1651140000952], [-122.23128699958247, 37.1650569999944], [-122.2312039997418, 37.164999999850544], [-122.23088900009753, 37.16484400017906], [-122.23071300037041, 37.164751000263], [-122.23053799956993, 37.16466600007799], [-122.23034299957627, 37.164558999658624], [-122.23022200010075, 37.164458000241126], [-122.22999899961968, 37.16430100009189], [-122.22974900027272, 37.16419399987167], [-122.22968399997542, 37.16415100015532], [-122.22965499966308, 37.16404900011433], [-122.22968899999826, 37.16396100033333], [-122.22978799973248, 37.16387900021741], [-122.22982299989259, 37.16381299988483], [-122.22985700022778, 37.16371000002087], [-122.2298739999462, 37.16364400025662], [-122.22990300025855, 37.16347300007875], [-122.23006399991701, 37.16307100027192], [-122.23008400000847, 37.16292499969884], [-122.2300920004044, 37.162794999647495], [-122.23009099968118, 37.16278299993984], [-122.23008700038156, 37.16257900032334], [-122.23005899989413, 37.162454000173994], [-122.23003399977979, 37.16231000004353], [-122.22996099998484, 37.162154999934536], [-122.22993400022068, 37.16201300016081], [-122.22985200020489, 37.1618330003365], [-122.22982299989259, 37.16173699996856], [-122.22980000032638, 37.161612999969094], [-122.22980399962601, 37.16154099985295], [-122.2298170000448, 37.1614810003004], [-122.22985899987759, 37.16142200009732], [-122.22989800023565, 37.16138000034938], [-122.22993199967254, 37.161350999913246], [-122.2299669998326, 37.161322000181855], [-122.23006599956685, 37.16127700003359], [-122.23017100004714, 37.16121899978704], [-122.23045200025453, 37.16110399999354], [-122.23060299986726, 37.16094700003663], [-122.23069499992876, 37.16087700024255], [-122.23070699962433, 37.160870000116425], [-122.23073400028682, 37.16085499974161], [-122.23082700017324, 37.16082300017305], [-122.23096799974026, 37.16079800000849], [-122.23100299990034, 37.16078999975363], [-122.2310620003499, 37.16077600020042], [-122.23120600028993, 37.16073199984926], [-122.23133699981118, 37.16064999980988], [-122.23156100011717, 37.16054499968194], [-122.23162399986636, 37.16053100008341], [-122.23186400006587, 37.160498000252375], [-122.23199700013525, 37.16045200020361], [-122.23208699964864, 37.16040999991674], [-122.23215899961865, 37.160345000261984], [-122.23224800020543, 37.16029699986426], [-122.23243300015336, 37.16021899986891], [-122.23259700018487, 37.16016299978588], [-122.23302700035522, 37.16012300031482], [-122.23378499969024, 37.16008099984519], [-122.23400399997337, 37.16006499989874], [-122.234195999594, 37.16002599979142], [-122.23453600025093, 37.159969000149076], [-122.23464800040392, 37.15993700020547], [-122.2347370000924, 37.15989699989889], [-122.23478999979582, 37.15983699975736], [-122.23483400017678, 37.159773999879604], [-122.23485799956791, 37.15971200008503], [-122.23487400035972, 37.1595620003486], [-122.23497499974376, 37.159215999897874], [-122.23497200026901, 37.15892400004407], [-122.23454399974854, 37.15892699976634], [-122.2255020000697, 37.15898500033962], [-122.22535099955866, 37.14706800033011], [-122.22529600020539, 37.14705800016439], [-122.22528500033474, 37.14412399998481], [-122.22528299978657, 37.143369999829936], [-122.22491000041599, 37.13886200017947], [-122.22465299959974, 37.13784699969314], [-122.2243959996818, 37.13683199991178], [-122.22436700026779, 37.13672000015369], [-122.22400700041767, 37.13529500028579], [-122.22376600039325, 37.13014300014817], [-122.22374899977649, 37.129768000080716], [-122.2237060001188, 37.12885200025419], [-122.223664000286, 37.12793699992348], [-122.22351500032308, 37.12651299995678], [-122.22336700018506, 37.12508799982128], [-122.22320300015353, 37.125105999759576], [-122.22294100021271, 37.12520100019871], [-122.22268900031764, 37.12531799990464], [-122.22218700017733, 37.12553500024563], [-122.22198600033586, 37.125441000098384], [-122.22187099980982, 37.12532999982754], [-122.22172799969468, 37.1252420001101], [-122.22138000043847, 37.124839999757945], [-122.2212620004377, 37.12463799997229], [-122.22105800022318, 37.124369999984836], [-122.22083999976499, 37.1243329998666], [-122.2206020001136, 37.12446099965672], [-122.22028599974611, 37.124624000172844], [-122.21983700020755, 37.124896000212935], [-122.21975600001667, 37.12498699996864], [-122.21967800019888, 37.12507300022753], [-122.21966300013027, 37.1250910001694], [-122.21942299993077, 37.12521300014012], [-122.21924700020367, 37.12549299990472], [-122.2190460003622, 37.1257390002398], [-122.21881500038353, 37.12593699977151], [-122.21862500041271, 37.12605899981108], [-122.21844200011462, 37.126225999916265], [-122.21829499980154, 37.12642299974673], [-122.21825899981651, 37.126497000070486], [-122.21820500028817, 37.12676299997864], [-122.21807600041673, 37.12694599975764], [-122.2178629999814, 37.12715600006252], [-122.21759500019277, 37.1273379997599], [-122.2172920002441, 37.12756800016821], [-122.21699099994521, 37.12800200021804], [-122.21680799964709, 37.12817400023241], [-122.21655099972915, 37.12850599967099], [-122.21655699957694, 37.1286949999434], [-122.21650999972128, 37.12882400006294], [-122.21644699997209, 37.1288909999661], [-122.21622199984118, 37.12894000007152], [-122.21565799977655, 37.128948000114946], [-122.21543000017095, 37.1288610001344], [-122.21520400021512, 37.12886400033296], [-122.21498099973405, 37.12898100010613], [-122.21490000044153, 37.129162999712044], [-122.21493300005348, 37.129342999954275], [-122.21501000004638, 37.12952699975938], [-122.2149409995511, 37.12970500021942], [-122.21487399960395, 37.12998400002565], [-122.21489500041866, 37.13017600033443], [-122.21492999968045, 37.130332999721354], [-122.21490499956607, 37.130586999951106], [-122.21484099999196, 37.13093800004695], [-122.21480800038002, 37.131177999658846], [-122.21481800042577, 37.13123800033815], [-122.21488399964966, 37.131295000151624], [-122.21483799961895, 37.131336000342685], [-122.21481699970252, 37.13142400013627], [-122.21480300035715, 37.13151899980675], [-122.21479599978615, 37.13174400002055], [-122.21481000002984, 37.13182200002447], [-122.21482699974828, 37.1318820001931], [-122.21505899955186, 37.13215300014729], [-122.21522400030663, 37.13223900014134], [-122.215273999637, 37.132295999916934], [-122.2152870000558, 37.13239399998367], [-122.21525299972063, 37.13248299975884], [-122.21519900019226, 37.13255699988653], [-122.21514099956762, 37.132617999966456], [-122.21508399966622, 37.132695000008795], [-122.21503000013786, 37.13278100010298], [-122.21498499993203, 37.13288300007133], [-122.21495899999275, 37.13297299976075], [-122.214948999947, 37.13305799976696], [-122.21498999995488, 37.13312399973122], [-122.21507899964332, 37.13320600025769], [-122.215245000223, 37.133327000269574], [-122.21531800001796, 37.13341799991432], [-122.21535499982788, 37.13350000012217], [-122.21538099976713, 37.1335790002296], [-122.21523500017729, 37.1341449998201], [-122.21521199971274, 37.13442399972797], [-122.21506600012287, 37.134840999828604], [-122.21492499965755, 37.135139000196155], [-122.21482500009844, 37.13525799977948], [-122.21464699982319, 37.135415999821696], [-122.2144479996316, 37.135558999870085], [-122.21435200027044, 37.135645000289855], [-122.21430299986665, 37.13573600001139], [-122.2142450001403, 37.1358660000375], [-122.21410700004805, 37.13608100003127], [-122.21397499980357, 37.13634600018226], [-122.21359700041012, 37.13698300005851], [-122.21345699976972, 37.13711500024338], [-122.21322099976817, 37.13731500023662], [-122.21275600033606, 37.137695000127806], [-122.21253700005296, 37.13790499996498], [-122.21240999983135, 37.138107000144956], [-122.21159399987165, 37.13897200024328], [-122.21106800034018, 37.13916699973551], [-122.2106389999948, 37.1393020001912], [-122.20991799957135, 37.13947200021024], [-122.20980999961631, 37.13959199982511], [-122.20965300015578, 37.139872999777914], [-122.20943499969758, 37.14010900026207], [-122.2092459995517, 37.140291000314754], [-122.20904800008331, 37.14056999975776], [-122.20899000035696, 37.140652999763056], [-122.20895900039483, 37.140776999765286], [-122.20889800029546, 37.1408540000975], [-122.20869800027891, 37.14083600032447], [-122.2085350000723, 37.140808000271186], [-122.2081479995597, 37.14071900026311], [-122.2075700001497, 37.140654999822495], [-122.20713499995651, 37.1407419998488], [-122.20687700021365, 37.14081199966564], [-122.20650899996762, 37.140797000324135], [-122.20577199965065, 37.14069599995432], [-122.20529799999773, 37.140724000049104], [-122.20458099977222, 37.140693000224886], [-122.20389799988193, 37.140693000224886], [-122.20328799978658, 37.140641000121704], [-122.20199899999888, 37.14066199967191], [-122.20199399997598, 37.14071500014764], [-122.20198700030329, 37.140797000324135], [-122.20195999964082, 37.140871000197464], [-122.20194200009745, 37.14092199975838], [-122.20190699993736, 37.14117400020125], [-122.20176100034749, 37.14170799976352], [-122.20174399973072, 37.14177400005914], [-122.20165300039245, 37.14196300013146], [-122.20150000023158, 37.14224500023667], [-122.20139800012433, 37.14235200001411], [-122.20131199991059, 37.14241799974786], [-122.201220999674, 37.14247299972066], [-122.20113700000842, 37.14251600030953], [-122.20095500043354, 37.14259300030371], [-122.20075200004395, 37.142654000169095], [-122.20056799992093, 37.14267200022562], [-122.2004669996386, 37.14266699985229], [-122.2003670000795, 37.142652999807765], [-122.20018899980427, 37.14260100033583], [-122.20003999984134, 37.14254199972117], [-122.19994699995492, 37.142510999925875], [-122.19985800026646, 37.1425029998843], [-122.19981800008351, 37.14250099987373], [-122.19958499955668, 37.14249400019448], [-122.19937799986742, 37.1425259996436], [-122.19919000044477, 37.14257999989172], [-122.19902499969002, 37.14262000005067], [-122.19886400003155, 37.142658999827205], [-122.19753300041103, 37.143015000126134], [-122.19743299995359, 37.143031999740444], [-122.19723700013503, 37.143051000063096], [-122.19711999995918, 37.14303999972613], [-122.1969950002857, 37.143019000119985], [-122.19689400000334, 37.14298900016105], [-122.196692000337, 37.142921000209995], [-122.19662700003967, 37.1428930002124], [-122.19619100002156, 37.14270699996522], [-122.19603700003579, 37.14265499981432], [-122.19582899962332, 37.14261099965867], [-122.19362400031679, 37.14253999971163], [-122.19325199987281, 37.14253100002627], [-122.1926379995795, 37.14253999971163], [-122.19249899966232, 37.14257100021106], [-122.19218400001806, 37.14265000015594], [-122.19203699970497, 37.14271200033586], [-122.19186099997788, 37.142759000080375], [-122.19171299983987, 37.14279100013348], [-122.1915739999227, 37.14280100014729], [-122.19137800010411, 37.14280399979313], [-122.19116399984385, 37.14278399976498], [-122.19066000005371, 37.142725000009136], [-122.19035200008213, 37.14268400026089], [-122.19009099996622, 37.14266600020722], [-122.18948500006883, 37.142577999883194], [-122.1893079996185, 37.142555000139694], [-122.18926999998367, 37.14255100012131], [-122.18912000019586, 37.14249400019448], [-122.18899799999711, 37.14243599986056], [-122.18878000043723, 37.14226800007443], [-122.18865700041356, 37.142165000217126], [-122.18842999973454, 37.14199699982912], [-122.1881390003797, 37.141903999735256], [-122.1879989997393, 37.14188299981373], [-122.18783200023303, 37.14188699986738], [-122.18774199982137, 37.14189099992088], [-122.18731900022208, 37.14191199984018], [-122.18702499959586, 37.14189999968244], [-122.18691900018896, 37.14184099995314], [-122.1866670002939, 37.14179900006928], [-122.18626100041301, 37.141709999795], [-122.18621799985699, 37.14170100001083], [-122.18546100034688, 37.14154799993616], [-122.18502299978064, 37.14146799989563], [-122.18483799983272, 37.14142599980461], [-122.18476900023573, 37.14140099967119], [-122.1847099997862, 37.14137400020529], [-122.1845490001277, 37.141283999767644], [-122.1844980000741, 37.14125100012936], [-122.18444899967028, 37.141208999917914], [-122.18440600001257, 37.141159999880394], [-122.18435800033198, 37.14106700018966], [-122.1843080001033, 37.140953999872515], [-122.18424500035411, 37.14078400031953], [-122.18417900023184, 37.14066300005957], [-122.18405000036043, 37.140486999661384], [-122.18387600028316, 37.14029299966758], [-122.18375099971136, 37.140169999982284], [-122.18367700009154, 37.14011400008839], [-122.18362500021298, 37.14008599976787], [-122.18354700039517, 37.14005100024774], [-122.18337800034078, 37.13999899970324], [-122.18331999971615, 37.1399860002776], [-122.18325299976898, 37.139982000123375], [-122.18298499998039, 37.13999399986931], [-122.18284000021542, 37.14000499993314], [-122.18261099988659, 37.14004299994598], [-122.18233399987716, 37.14010900026207], [-122.1821559996019, 37.1401520000465], [-122.18193300001914, 37.140194999806425], [-122.18177900003334, 37.140216999874], [-122.18161699965165, 37.14023200004661], [-122.18138700039619, 37.14022900029878], [-122.18117300013596, 37.14021600019655], [-122.18053999957606, 37.140127000208146], [-122.18028600003116, 37.14010199964542], [-122.18007900034193, 37.14006999988695], [-122.17984499999018, 37.140022000223894], [-122.17967299956275, 37.13997399981427], [-122.17941599964479, 37.13987800033589], [-122.17931299971262, 37.13983100023356], [-122.17923200042011, 37.13977799985461], [-122.17917799999343, 37.1397349998576], [-122.17905400014486, 37.13962300010051], [-122.1789450003649, 37.13950400022162], [-122.17888099989248, 37.1394290000393], [-122.17883800023479, 37.13936999981498], [-122.17879800005181, 37.13929599990554], [-122.1787050001654, 37.139064999645136], [-122.17866400015751, 37.13898299973958], [-122.1785920001875, 37.138869000194816], [-122.17852500024034, 37.13878799977313], [-122.17846599979079, 37.13871600012116], [-122.17830799960704, 37.138564999852704], [-122.1782540000787, 37.13853300016026], [-122.17819200015441, 37.138512000019006], [-122.17801300005428, 37.13848399982166], [-122.17768900018916, 37.13847800018721], [-122.17740100030909, 37.138480000304135], [-122.17728199958508, 37.13847600007028], [-122.17716399958431, 37.13847300025282], [-122.17709499998732, 37.138471000135695], [-122.17689199959776, 37.138464999784134], [-122.17682399982567, 37.13846299966681], [-122.1766639999921, 37.13845799973142], [-122.17630099976896, 37.138471000135695], [-122.17620299985965, 37.13848500023807], [-122.17606700031554, 37.13853199974444], [-122.17576099999378, 37.138664000091204], [-122.17536199978562, 37.13881099994584], [-122.1751579995711, 37.13887800031585], [-122.17499799973757, 37.138918999978635], [-122.17472199955301, 37.138963999827425], [-122.17438799964218, 37.139057999647946], [-122.17434300033464, 37.13907099994917], [-122.1742420000523, 37.13910300013017], [-122.174144000143, 37.13912699989902], [-122.1740150002716, 37.139145999770285], [-122.17393999992852, 37.13915299975933], [-122.17381799972979, 37.13915200006784], [-122.17365799989621, 37.13913500029764], [-122.17357699970536, 37.139119999907564], [-122.17351200030633, 37.13910100002976], [-122.17340699982603, 37.1390509996501], [-122.17335699959732, 37.139017999753825], [-122.17328800000035, 37.13894099970116], [-122.17319799958867, 37.138780000053885], [-122.17307600028826, 37.138502999854424], [-122.17292999980008, 37.13814499967894], [-122.1727709997914, 37.13780199989602], [-122.17263100004934, 37.13745399998856], [-122.17256800030013, 37.13720200004405], [-122.172537000338, 37.137026999906986], [-122.17249600033011, 37.13683699995467], [-122.17238300035221, 37.13658399966184], [-122.1721990002292, 37.13620199974248], [-122.17201299955804, 37.1358660000375], [-122.17194499978598, 37.135751000356336], [-122.17184199985381, 37.13561099988573], [-122.17173200024897, 37.13547200032858], [-122.17154099955495, 37.13525600029352], [-122.17133200021588, 37.13505099970986], [-122.17111799995563, 37.13485100017718], [-122.17092200013705, 37.13465700005377], [-122.17058499985316, 37.13436400014265], [-122.16991700003149, 37.133738999723185], [-122.16972200003781, 37.133556999664066], [-122.16937200023344, 37.13322999974865], [-122.16911899961514, 37.13295299999814], [-122.16908500017824, 37.132908999928944], [-122.16876299996298, 37.13231299979145], [-122.16852699996143, 37.13189300000403], [-122.16827599989126, 37.131880999689386], [-122.16393800034997, 37.12878200011482], [-122.16099699965307, 37.12871900014887], [-122.15631000013228, 37.12868299983783], [-122.15128700015255, 37.128644999849065], [-122.15218400030308, 37.12078200022114], [-122.14821800030745, 37.12074599971632], [-122.14836300007241, 37.116876000330286], [-122.14421600032682, 37.116780000200976], [-122.1447939997368, 37.11369100009128], [-122.14387599966987, 37.11335299995095], [-122.14403200020381, 37.11245499998923], [-122.14404200024954, 37.11239300009023], [-122.14016099974442, 37.11286199968315], [-122.13581499980718, 37.11332000030995], [-122.13568400028593, 37.11333400005086], [-122.1274789995849, 37.11363700000058], [-122.12607699981926, 37.1133469997568], [-122.12543900013479, 37.11335800011237], [-122.12537700021052, 37.11337499994238], [-122.12514399968371, 37.113489999956535], [-122.12469099994719, 37.11374900025195], [-122.12424499988335, 37.11408399998939], [-122.12369699971225, 37.11441400030245], [-122.12358700010739, 37.114492000257464], [-122.12344999984006, 37.114589999738065], [-122.12254299964377, 37.11533800011792], [-122.12248999994031, 37.115381999657345], [-122.12220200006021, 37.1155959998202], [-122.12185100043095, 37.11578900009442], [-122.12182399976848, 37.11575000007869], [-122.12178100011076, 37.11568700001083], [-122.1217200000114, 37.11567899999844], [-122.12167499980555, 37.1156729999886], [-122.1214759996139, 37.1156960000237], [-122.12127200029772, 37.11572100005396], [-122.12112199961159, 37.1157650000871], [-122.12093400018891, 37.11584300008308], [-122.12090099967865, 37.11585300007673], [-122.12082600023388, 37.11587800005515], [-122.12070900005803, 37.11590800001834], [-122.12062899969207, 37.11590200002665], [-122.12039000021579, 37.115886000046515], [-122.1203359997891, 37.115883000049834], [-122.120312000398, 37.1158750000582], [-122.12030200035225, 37.1158290000897], [-122.12026200016929, 37.11570700003802], [-122.12020899956752, 37.11558799979825], [-122.1201659999098, 37.115515000274904], [-122.12014300034359, 37.11547400010944], [-122.12006499962747, 37.11536400027216], [-122.12004700008414, 37.115343000148265], [-122.11997500011411, 37.1152610003252], [-122.11987399983175, 37.11516400028877], [-122.11976300040199, 37.11507400019558], [-122.11968600040909, 37.115020999668786], [-122.1191809998957, 37.114695999925225], [-122.11903000028299, 37.114613000102146], [-122.11890800008423, 37.11453900033849], [-122.11881199982479, 37.11445100025435], [-122.11873200035714, 37.1143549999157], [-122.11867000043286, 37.11426700033412], [-122.11865799983902, 37.11423699972074], [-122.1185880004171, 37.11405400001987], [-122.11856900015053, 37.11395099972361], [-122.11851300007405, 37.11375999983276], [-122.11847700008903, 37.11366800016349], [-122.11845000032484, 37.1135950002218], [-122.118405000119, 37.11350599972661], [-122.11834300019473, 37.11342500009457], [-122.11826399965369, 37.1133570000801], [-122.1181580002468, 37.113287999971384], [-122.11806100016241, 37.11325000013383], [-122.11802799965213, 37.11323799972873], [-122.11789399975783, 37.11319399965981], [-122.11767000035015, 37.11313399972003], [-122.1175520003494, 37.11311299969403], [-122.1173620003786, 37.11309999994793], [-122.11702000007182, 37.1130959998052], [-122.11689799987309, 37.113094999769466], [-122.11650299986287, 37.11304700018851], [-122.11624299957188, 37.11300700015625], [-122.11586699982823, 37.11295100021889], [-122.11564000004752, 37.11289800035513], [-122.11551000035118, 37.11286499979952], [-122.11547099999312, 37.112849999932926], [-122.11529600009092, 37.112787000317596], [-122.11510600012015, 37.11269700026448], [-122.11499399996717, 37.11262900031264], [-122.11493399969268, 37.112593000229126], [-122.11484699965405, 37.112534999899374], [-122.11439800011549, 37.11282300030887], [-122.1141329998016, 37.112993999675574], [-122.11411199988521, 37.11300400004556], [-122.11407099987733, 37.11301299966097], [-122.1140199998237, 37.11300800019313], [-122.1139839998387, 37.11299200031783], [-122.11392199991442, 37.112930000142136], [-122.11387400023385, 37.11290099975371], [-122.11381700033242, 37.11288699993273], [-122.11375799988289, 37.112890000048125], [-122.11371600005009, 37.112902999830276], [-122.11366099979851, 37.11293500033155], [-122.11332000021498, 37.11315000028169], [-122.11329199972756, 37.11316400005405], [-122.11323499982616, 37.11317799982381], [-122.11317499955169, 37.1131739996852], [-122.11298200010614, 37.11310900026836], [-122.11284499983883, 37.11306300005219], [-122.11275699997526, 37.11305199965376], [-122.11266800028683, 37.11305999994371], [-122.11258399972291, 37.1130860001638], [-122.11251199975288, 37.11312900026019], [-122.11248400016379, 37.1131549997402], [-122.11247300029316, 37.11316500008887], [-122.112442000331, 37.113206000071884], [-122.112358999592, 37.113373999910344], [-122.11234799972136, 37.113412999717205], [-122.1123500002695, 37.11345300025137], [-122.11237100018589, 37.113502000321695], [-122.11241300001869, 37.11354300012225], [-122.11270000007386, 37.11368099981208], [-122.11281700024972, 37.11372300025952], [-122.11287999999892, 37.11373799995319], [-122.11308500003831, 37.113765999994186], [-122.11311299962742, 37.11377300018192], [-122.11315700000834, 37.11378499978587], [-122.11321899993261, 37.113817999940586], [-122.11326800033643, 37.11386299967246], [-122.11333100008565, 37.11395999994285], [-122.11350099996496, 37.1141290002796], [-122.11352299970623, 37.114146999958365], [-122.11357999960767, 37.11419400025354], [-122.11367599986713, 37.11429200011984], [-122.11406500002954, 37.11474099985166], [-122.11424099975663, 37.11494500028129], [-122.11445800038994, 37.115258000303754], [-122.11455200010127, 37.11538699968479], [-122.11453500038282, 37.11546500007011], [-122.11456200014703, 37.115645999938494], [-122.11462400007129, 37.1158680000648], [-122.11464499998769, 37.11598099987907], [-122.11464900018564, 37.116060999645676], [-122.11464400016277, 37.11614100004405], [-122.11462999991909, 37.1162210003579], [-122.11460800017777, 37.11629899988406], [-122.11457800004052, 37.11637500006145], [-122.1144979996746, 37.116520000254255], [-122.11446300041281, 37.11660500011464], [-122.11444999999402, 37.11668099998488], [-122.11445400019197, 37.11675699977882], [-122.11447400028347, 37.116832000226395], [-122.11451100009339, 37.11690299994178], [-122.11454200005552, 37.11694200007994], [-122.11446300041281, 37.1169730003224], [-122.1139689997701, 37.117285999840796], [-122.11381200030955, 37.11733600027564], [-122.11331799966683, 37.1173859999612], [-122.11290599993819, 37.11752299983284], [-122.11276899967085, 37.11760000019044], [-122.11251500012592, 37.11777100023011], [-122.1115140002183, 37.11825399972626], [-122.11096500022232, 37.11839799993633], [-122.11077899955117, 37.118387000312914], [-122.11058000025787, 37.118336999855906], [-122.11051199958747, 37.11830300027119], [-122.11035500012696, 37.118224999944296], [-122.10874199957584, 37.11899100018825], [-122.10750899986462, 37.1195769997263], [-122.10661199971408, 37.119444999749454], [-122.10661000006426, 37.119459999742126], [-122.10661099988916, 37.11951100012478], [-122.1064999995611, 37.11982100005438], [-122.10649500043654, 37.119907999681736], [-122.10651800000275, 37.11999200009157], [-122.10660699969121, 37.12014999977419], [-122.10662599995779, 37.120191000272634], [-122.10664299967621, 37.120256000056486], [-122.1066460000493, 37.12032099978453], [-122.10658599977481, 37.12061199975605], [-122.10651200015499, 37.120608000010186], [-122.10552100029311, 37.12069700003635], [-122.10546100001862, 37.120697999971675], [-122.10540300029233, 37.12069099970788], [-122.10534600039091, 37.120675999959126], [-122.10529399961406, 37.12065300000428], [-122.105225999842, 37.12060700007367], [-122.1051759996133, 37.12054700027787], [-122.10515399987197, 37.120503000158664], [-122.10513999962829, 37.120433000176725], [-122.10514399982624, 37.12038500023357], [-122.10525599997922, 37.119969999873845], [-122.10526199982701, 37.11990299995287], [-122.10524599993347, 37.11982599978866], [-122.10511899971186, 37.119568000174766], [-122.10490399962671, 37.119657999940046], [-122.10467400037128, 37.11975599989703], [-122.10456800006607, 37.11978900031449], [-122.10437600044544, 37.11982699973549], [-122.10423499998014, 37.119846000155114], [-122.10400499982636, 37.1198779998709], [-122.10396600036663, 37.11970700029252], [-122.10394499955191, 37.11961400002039], [-122.10391899961262, 37.119568000174766], [-122.10377700022072, 37.119433000326204], [-122.10372899964185, 37.11936300007119], [-122.10368699980904, 37.11927899967975], [-122.10360899999122, 37.11912400019649], [-122.10340399995182, 37.11871299993338], [-122.10332600013402, 37.118557000044035], [-122.10326099983668, 37.11847200022621], [-122.10317899982093, 37.11839799993633], [-122.10308500010959, 37.11830500020502], [-122.10301700033753, 37.1182239999763], [-122.10297200013169, 37.11813899978462], [-122.10295600023818, 37.11808599997069], [-122.10294600019242, 37.11802800026696], [-122.10294399964428, 37.11791899981436], [-122.10294500036753, 37.117872999655155], [-122.10302300018532, 37.11752199985559], [-122.10302599966005, 37.11750000035274], [-122.1030509997744, 37.117347000051744], [-122.10305999999524, 37.11716999987956], [-122.10305400014745, 37.11704399990551], [-122.10305199959932, 37.11700599980397], [-122.10302400001024, 37.11683100024006], [-122.10297700015455, 37.11665800024899], [-122.10294700001731, 37.11658200035566], [-122.10284599973498, 37.11632899968044], [-122.10280200025235, 37.11618099985336], [-122.10278399981073, 37.11609100025265], [-122.10266699963485, 37.11528199975548], [-122.10266599980993, 37.11522400005271], [-122.10267099983281, 37.115191999802505], [-122.10267900022872, 37.115143000109455], [-122.10270900036595, 37.11509100035669], [-122.10274899965061, 37.115041999881925], [-122.1029589997129, 37.11482500026369], [-122.10271000019085, 37.11465800007792], [-122.10258100031945, 37.114605999992065], [-122.10238200012779, 37.114588999722066], [-122.10226300030213, 37.1145949998178], [-122.10214799977607, 37.11462200024269], [-122.10206199956235, 37.1146469999112], [-122.10199899981316, 37.114678999675434], [-122.10191799962232, 37.11474599992149], [-122.10189099985813, 37.11479299984485], [-122.10174500026828, 37.11505400000112], [-122.10139499956557, 37.11520899993712], [-122.10118500040163, 37.115460000047825], [-122.10105599963185, 37.115827000090476], [-122.10103899991344, 37.116337000340486], [-122.10103499971547, 37.11647499995244], [-122.10144200031957, 37.118319999707296], [-122.10083600042216, 37.11903599971095], [-122.10004999970138, 37.118868000258054], [-122.0997919999585, 37.11832900012352], [-122.09938500025274, 37.118108999989104], [-122.09899600009028, 37.11789799968285], [-122.0978339996259, 37.1179959997692], [-122.09776599985383, 37.117989999942985], [-122.09756300036257, 37.11797499965906], [-122.09749600041542, 37.117969999802526], [-122.09766299992167, 37.11815400003606], [-122.09616700044474, 37.12044300028043], [-122.09048900016377, 37.13215900028331], [-122.08572999977468, 37.13903300016418], [-122.08368600012665, 37.139520999908854], [-122.05828900019561, 37.132063000198805], [-122.05830900028708, 37.12974000022843], [-122.05832299963251, 37.12800899980571], [-122.05649099969658, 37.127954000061], [-122.056330999863, 37.128025000088535], [-122.0563960001603, 37.12809799972461], [-122.05656100001677, 37.12831800019365], [-122.05664200020759, 37.1284720003563], [-122.0567049999568, 37.12859300005964], [-122.05671300035273, 37.12863900015064], [-122.05663200016188, 37.12873900031425], [-122.056667000322, 37.12890700006251], [-122.05653300042766, 37.12879800023422], [-122.05656500021475, 37.128865999987816], [-122.05658500030621, 37.128907999889336], [-122.05662100029122, 37.1289989998348], [-122.0566410003827, 37.12912199977603], [-122.05662399976596, 37.12927899991716], [-122.05655000014612, 37.12953899973112], [-122.05651300033618, 37.12972400030814], [-122.05654299957511, 37.12987799975834], [-122.05665200025335, 37.13006499984603], [-122.05680299986611, 37.13026599966248], [-122.05689699957743, 37.13043800026085], [-122.05691099982114, 37.13054299993851], [-122.05692400023993, 37.13080700034645], [-122.05691099982114, 37.13091099971172], [-122.05673199972097, 37.13134000023786], [-122.05673199972097, 37.13138399978705], [-122.05682100030776, 37.13163700027924], [-122.05682799998044, 37.13180199995764], [-122.05680799988897, 37.13201600025476], [-122.05667700036773, 37.13248299975884], [-122.05664300003251, 37.13280699999565], [-122.05667700036773, 37.132911999967014], [-122.05682799998044, 37.133125999989645], [-122.05713000010424, 37.133368000075826], [-122.05724700028011, 37.13348800006237], [-122.05735000021228, 37.13364199973042], [-122.05747999990861, 37.13387300007716], [-122.05753500016021, 37.13406499982871], [-122.05755500025168, 37.13426299977831], [-122.05754199983286, 37.13471400015643], [-122.05752799958918, 37.13492299992661], [-122.05739700006794, 37.13542300015587], [-122.05739700006794, 37.135659000199034], [-122.05736299973275, 37.13577999986892], [-122.05728099971698, 37.13597800034369], [-122.05712300043155, 37.136208000273534], [-122.0569860001642, 37.136339999662155], [-122.05669699956088, 37.13652700025187], [-122.05647099960508, 37.13671899971389], [-122.05632699966505, 37.13687299996717], [-122.05595599994427, 37.137548999965745], [-122.05564700014779, 37.13794999970078], [-122.05550999988043, 37.13816399979683], [-122.05539299970458, 37.138411000179076], [-122.055345000024, 37.13858199975099], [-122.05531800025982, 37.138801999816835], [-122.05533800035128, 37.13929599990554], [-122.05528999977241, 37.13958200010319], [-122.05513900015967, 37.13991200025461], [-122.05504299990021, 37.1400490001724], [-122.05486399980005, 37.14023600018762], [-122.05443199997993, 37.140564999961626], [-122.05471300018732, 37.140839999717436], [-122.05496000005952, 37.1410489997512], [-122.0553170004349, 37.14129600002312], [-122.05565999966826, 37.14164800022594], [-122.05594900027157, 37.14207599965738], [-122.05602399971633, 37.14225799999016], [-122.05620899966425, 37.14252700000661], [-122.05671699965237, 37.14303799972981], [-122.05709499994416, 37.14333499968103], [-122.05754799968068, 37.14363100026594], [-122.05797299982811, 37.14389500011993], [-122.0581610001491, 37.143999000113226], [-122.05836399964038, 37.144110000209956], [-122.05915399966078, 37.14444500019802], [-122.05960700029563, 37.144669999923465], [-122.06038200024744, 37.14514299991035], [-122.06049900042332, 37.14523100011442], [-122.06076100036412, 37.14546900028358], [-122.06090399958093, 37.14559900005375], [-122.06194700021966, 37.14635700000309], [-122.06235200027561, 37.14674699979255], [-122.06263400030792, 37.146917000264814], [-122.06281199968485, 37.14695599997386], [-122.06336099968084, 37.1470049998369], [-122.0635049996209, 37.147049000300555], [-122.06364899956094, 37.14711500023203], [-122.06377999998051, 37.1472579996473], [-122.06406799986058, 37.14765400014204], [-122.06449399983293, 37.148120999782286], [-122.06489899988888, 37.148769000254354], [-122.06491899998038, 37.148823999905076], [-122.06500900039207, 37.14897200034183], [-122.06553699957335, 37.15002700030333], [-122.06554400014437, 37.150588000138214], [-122.06552300022798, 37.15092799990029], [-122.06596300044401, 37.15125799995533], [-122.06623700008039, 37.15168699966387], [-122.06617599998103, 37.151815999961435], [-122.06609999981305, 37.15198299978114], [-122.06609999981305, 37.15227999968972], [-122.06629200033198, 37.15274199969498], [-122.06638100002046, 37.15312600030351], [-122.06623000040771, 37.15337400001808], [-122.06591499986514, 37.153505000021134], [-122.0653929996333, 37.15379700004185], [-122.06510300010339, 37.15407199965805], [-122.06506799994328, 37.154534999657685], [-122.0650400003542, 37.15492299983214], [-122.06415200042451, 37.15539399974311], [-122.06374200034567, 37.15561300012065], [-122.06358199961379, 37.1557329999016], [-122.06310200011306, 37.156094999900546], [-122.06302799959492, 37.15615200031596], [-122.06292200018802, 37.15616499982693], [-122.06274200026296, 37.156637000052484], [-122.06220499996253, 37.158055999987866], [-122.0620259998624, 37.15852900001366], [-122.06172700011165, 37.15952900009461], [-122.06082999996109, 37.16252899971566], [-122.06055999962435, 37.16342999995223], [-122.06053100021035, 37.16352899985724], [-122.06068900039409, 37.16344900016099], [-122.0608230002884, 37.16338200008176], [-122.06119400000917, 37.16342999995223], [-122.06148699991213, 37.16347600033641], [-122.0618519997851, 37.16340700010755], [-122.06192999960292, 37.163287999710214], [-122.06217900002326, 37.16291099982519], [-122.06237499984182, 37.1624410003127], [-122.06274700028582, 37.16232600023066], [-122.06292399983784, 37.16264400020476], [-122.06310299993798, 37.16281500011047], [-122.06328600023608, 37.1629269998851], [-122.06346799981095, 37.16301600024603], [-122.06352700026052, 37.16308400002487], [-122.06348799990246, 37.1631800001138], [-122.06328299986302, 37.16336299985615], [-122.06329100025894, 37.163545999871296], [-122.0633010003047, 37.1636510001259], [-122.06353999978099, 37.163737000103055], [-122.06389499960822, 37.16383699968708], [-122.06422100002146, 37.16396800017326], [-122.06445200000013, 37.16406199969912], [-122.0645959999402, 37.164156999900804], [-122.0647010004205, 37.16422600016082], [-122.0650329997832, 37.16440199971917], [-122.0650620000955, 37.16481300021977], [-122.06502100008763, 37.16504099966949], [-122.06498599992754, 37.16528099989196], [-122.06509800008052, 37.16533500035598], [-122.06525600026427, 37.16528400007785], [-122.06567600038883, 37.164832000080885], [-122.06615800043768, 37.16455999973017], [-122.06641000033275, 37.164461999816645], [-122.06652499996049, 37.16430799990032], [-122.0694759998048, 37.16474299971065], [-122.06986099976926, 37.16886500030666], [-122.06409399979987, 37.16775100022296], [-122.06412899995995, 37.17162200015465], [-122.0675469997845, 37.17249400033533], [-122.06772900025769, 37.1725410001791], [-122.06786899999977, 37.17205000029247], [-122.06792500007629, 37.17207800023041], [-122.06816000025293, 37.172150000329836], [-122.06824499974341, 37.17214199984501], [-122.06832199973631, 37.17212600030432], [-122.06840100027735, 37.17210300024285], [-122.06852299957778, 37.17207500031424], [-122.068672000439, 37.17204199979701], [-122.06873000016532, 37.17204800034766], [-122.06882399987664, 37.1721060001579], [-122.06888699962586, 37.17215300024302], [-122.06901100037273, 37.17224700032557], [-122.0690459996345, 37.17229199966881], [-122.06906200042634, 37.17234200025968], [-122.06906300025123, 37.17239400003743], [-122.06906599972598, 37.17245100033079], [-122.06908199961953, 37.17250499996629], [-122.06912500017553, 37.17254699997427], [-122.06935799980403, 37.17258999992418], [-122.06946099973618, 37.17259599971545], [-122.06950900031508, 37.172600000291844], [-122.06954699994992, 37.17260400015227], [-122.06961899991994, 37.172624000166856], [-122.0696800000193, 37.17264999996315], [-122.06986800034029, 37.17272700005077], [-122.06989699975429, 37.172728999977615], [-122.06992600006659, 37.1727260000873], [-122.07004300024246, 37.17268200025078], [-122.07010500016676, 37.17265099992762], [-122.07011699986231, 37.17279700032259], [-122.06989400027956, 37.17291999990686], [-122.0697500003395, 37.173009999912296], [-122.06969699973776, 37.17306899965887], [-122.06957799991206, 37.17328799964979], [-122.06955100014788, 37.17335400029721], [-122.06953199988129, 37.17342799980491], [-122.06950099991914, 37.17361900011457], [-122.06949400024648, 37.173743999692306], [-122.06903300011402, 37.17360699997817], [-122.06880200013535, 37.17437499985536], [-122.0687019996779, 37.174665000267005], [-122.06795600003842, 37.1744359998493], [-122.06786899999977, 37.174389999694164], [-122.06764800006684, 37.174246000116746], [-122.06758600014257, 37.17422799970287], [-122.06751400017254, 37.174214999719474], [-122.06738100010314, 37.17423699991036], [-122.0671030002688, 37.17432899966309], [-122.0670239997278, 37.174347999994865], [-122.06695500013079, 37.174359000071775], [-122.06681500038873, 37.17436099995543], [-122.06664499961109, 37.17435500030425], [-122.0658849997279, 37.17427499989962], [-122.06566399979496, 37.17427000018467], [-122.06540100002923, 37.174312999869755], [-122.0652510002414, 37.17436800026361], [-122.06518000009629, 37.17439999982365], [-122.06510499975322, 37.17446800009627], [-122.06506999959313, 37.17452400031698], [-122.06505600024774, 37.17458400025174], [-122.06505600024774, 37.174696999701254], [-122.06507999963887, 37.17475600027781], [-122.0651259996696, 37.17481400015672], [-122.06518599994408, 37.174914000114846], [-122.06520699986045, 37.17495700014921], [-122.06522799977688, 37.174984999725616], [-122.06536599986913, 37.17507200033721], [-122.06543100016647, 37.17512199980425], [-122.06550899998426, 37.17519299993532], [-122.06556300041093, 37.175277999732295], [-122.06562399961199, 37.17541100028379], [-122.0656789998636, 37.175581999933044], [-122.06573400011516, 37.1757539998344], [-122.06576599990221, 37.175816999991625], [-122.06580500026026, 37.17586599975943], [-122.06585799996371, 37.1759160001325], [-122.06598500018532, 37.176016999983474], [-122.06602799984304, 37.176066000337336], [-122.06606399982805, 37.176116999780874], [-122.0660970003383, 37.17619200007887], [-122.06609800016322, 37.1762719998852], [-122.0660820002697, 37.176344000282654], [-122.06604999958435, 37.17641400006646], [-122.0660050002768, 37.17646400007685], [-122.06593999997948, 37.17652200007604], [-122.06587899988011, 37.17656399999831], [-122.06561299974133, 37.176722000348875], [-122.06551300018221, 37.17683600008851], [-122.065483000045, 37.17686099995822], [-122.06537599991486, 37.17692399990805], [-122.06532599968617, 37.17695699972447], [-122.06520900040859, 37.17698699980534], [-122.06510399992828, 37.17699299996322], [-122.06504500037707, 37.17699200005625], [-122.06491099958446, 37.17697500020387], [-122.06477199966729, 37.17693399970212], [-122.06466600026039, 37.17688200018592], [-122.06456199960502, 37.17684499998533], [-122.06452099959714, 37.17683099982731], [-122.0641800000136, 37.17667700006523], [-122.06400299956326, 37.17661000026134], [-122.06391899989768, 37.176578000205794], [-122.06373999979753, 37.17650300029099], [-122.06366299980466, 37.17647900021668], [-122.06352899991033, 37.17645999970505], [-122.06339599984095, 37.176451999676544], [-122.06332700024397, 37.176455000134695], [-122.06326299977155, 37.17647000027626], [-122.06317200043328, 37.17652499981565], [-122.06309600026528, 37.17658500030856], [-122.06307100015093, 37.176620000096975], [-122.0630350001659, 37.176751999807294], [-122.06296800021876, 37.17693600023338], [-122.06290200009653, 37.177076999976464], [-122.06278499992067, 37.17721200003214], [-122.06258999992697, 37.17740100027743], [-122.06248799981975, 37.17745100035036], [-122.06234499970462, 37.17750300019062], [-122.06229600019914, 37.17751399980818], [-122.06220699961234, 37.17752400023986], [-122.06215800010686, 37.17752500013984], [-122.06212100029694, 37.177519000024205], [-122.06207000024332, 37.177497000073245], [-122.0620130003419, 37.177491999855754], [-122.06193799999882, 37.17746800009558], [-122.06186799967863, 37.17742200035502], [-122.06181300032536, 37.17736500023311], [-122.06179400005878, 37.17732200013775], [-122.06177999981507, 37.177247000245785], [-122.06175300005091, 37.17668899971403], [-122.06178800021102, 37.17643000013063], [-122.06185699980797, 37.17621299977676], [-122.06187299970152, 37.17616699998777], [-122.06188000027252, 37.176087000070254], [-122.06187000022679, 37.17600600014796], [-122.06184299956429, 37.17592799990217], [-122.06179900008165, 37.175854999901986], [-122.06173999963212, 37.175789000007725], [-122.06166799966209, 37.175732000085226], [-122.06162400017948, 37.175705999917994], [-122.0611179998412, 37.17544400004531], [-122.06077800008258, 37.175231000159535], [-122.06065599988383, 37.17513299976841], [-122.06056600037046, 37.17506799989171], [-122.06027299956918, 37.17475800015095], [-122.05988299958186, 37.17429899995834], [-122.05964199955741, 37.17391800009448], [-122.05957399978536, 37.17383400014782], [-122.05947900024911, 37.17375000010779], [-122.05933000028621, 37.17364500028427], [-122.0588380001916, 37.17319999988987], [-122.0587319998864, 37.17310399964449], [-122.05861499971056, 37.17304999972126], [-122.05854399956542, 37.173055000232736], [-122.05846900012067, 37.17307600008676], [-122.05830500008913, 37.173145000077376], [-122.05807400011047, 37.1732019998042], [-122.05796799980524, 37.17325399970589], [-122.0578530001775, 37.1732969999692], [-122.05775600009312, 37.17333900025274], [-122.05764999978793, 37.17339699978781], [-122.05751000004584, 37.17348500003409], [-122.05749599980216, 37.173502999909125], [-122.0574640000151, 37.17354999984107], [-122.05745499979426, 37.1735570002244], [-122.05743899990073, 37.17357200022555], [-122.05783499973586, 37.17490999966099], [-122.05801999968378, 37.175532999981044], [-122.05802300005682, 37.17643999999009], [-122.05810300042278, 37.18018900011226], [-122.0581460000805, 37.18213199992015], [-122.0578580002004, 37.182179000209494], [-122.05750699967281, 37.18214000006283], [-122.05728499991493, 37.182092999749166], [-122.05656699986453, 37.18213100008117], [-122.05622899975575, 37.18218700034724], [-122.05577099999634, 37.18239299966506], [-122.0551900002133, 37.182752999709024], [-122.05463899966915, 37.18309700010409], [-122.054431000155, 37.18330400034201], [-122.05428600039005, 37.183503000015115], [-122.0545290000643, 37.183593000295716], [-122.05471499983713, 37.18367700012686], [-122.05495400021174, 37.18378600030524], [-122.05541500034418, 37.184088000279836], [-122.05546899987256, 37.18411900020416], [-122.0558880001722, 37.1843570003305], [-122.05591999995926, 37.18436699985627], [-122.0561769998772, 37.18445100025801], [-122.05636900039615, 37.18447800008609], [-122.05630699957356, 37.18498399995666], [-122.05627999980936, 37.18552199987413], [-122.0562110002124, 37.18574699972732], [-122.05602500043955, 37.18603300027491], [-122.05560600013989, 37.18648899996388], [-122.0548300003632, 37.18701600023166], [-122.05472700043103, 37.18712599965794], [-122.05465200008794, 37.18725800033247], [-122.0545490001558, 37.18754899971955], [-122.05443899965262, 37.1879450002641], [-122.05437000005564, 37.18854900009555], [-122.05411599961243, 37.189285999843776], [-122.05413900007696, 37.189307000195356], [-122.05417800043502, 37.18934100007064], [-122.05417800043502, 37.18943899992015], [-122.05430800013137, 37.18970300010877], [-122.05450700032301, 37.19000500003844], [-122.0547819997843, 37.190334000073015], [-122.0548539997543, 37.190320999998825], [-122.05493999996804, 37.19028499967148], [-122.05502600018177, 37.19023800013276], [-122.05509700032688, 37.19017900019833], [-122.05525399978738, 37.190083999794695], [-122.05539799972742, 37.19004800007001], [-122.05549800018488, 37.18999999993336], [-122.05561399963752, 37.18998699980162], [-122.05575799957755, 37.1899619999824], [-122.05591599976128, 37.18992499974815], [-122.05617600005229, 37.189921999825046], [-122.05636299965005, 37.18988500028683], [-122.05637000022107, 37.18987500006038], [-122.05647599962795, 37.18974400012031], [-122.05659399962872, 37.18962999982364], [-122.05656199984166, 37.18959800027438], [-122.05655199979593, 37.18952100020764], [-122.05655900036696, 37.18946999979495], [-122.05660399967446, 37.189397999743015], [-122.05659500035196, 37.18934600021936], [-122.05660100019972, 37.189288000047895], [-122.05666599959875, 37.18926399974184], [-122.05671699965237, 37.18924000014375], [-122.05672199967526, 37.18915900001268], [-122.05680799988897, 37.189099999950855], [-122.05685800011769, 37.189076000300695], [-122.05693000008772, 37.189051000179866], [-122.05708200042368, 37.18902000013307], [-122.05716899956397, 37.18900800029618], [-122.05736500028088, 37.1890050003367], [-122.05740799993858, 37.18898699986145], [-122.05745800016732, 37.188952000078125], [-122.057500999825, 37.18893400030595], [-122.05752299956632, 37.18890999988732], [-122.05755799972643, 37.18888099999755], [-122.05766599968146, 37.18883800001711], [-122.0577240003061, 37.188809000099624], [-122.05776699996377, 37.18880800034908], [-122.0578239998652, 37.18876699982933], [-122.05782100039046, 37.18859800019232], [-122.05784700032973, 37.18844100010598], [-122.0579159999267, 37.18827799971658], [-122.05793600001819, 37.18824499983637], [-122.0579860002469, 37.188166000303184], [-122.0579999995923, 37.18812599991013], [-122.05801899985887, 37.18798599979886], [-122.05801700020903, 37.18791600000374], [-122.05802300005682, 37.187858000165264], [-122.05805800021693, 37.18779400026708], [-122.05807900013333, 37.18776499994873], [-122.05816500034705, 37.187676000111374], [-122.05825800023348, 37.187633999926554], [-122.05859700016718, 37.18754899971955], [-122.05861800008358, 37.18750799994754], [-122.05859499961905, 37.18745599983816], [-122.05855100013645, 37.18740399969291], [-122.0585059999306, 37.18736400032758], [-122.05844800020428, 37.18733000027784], [-122.05841800006704, 37.18729000015763], [-122.058346000097, 37.18725099978746], [-122.05824900001264, 37.18722599977807], [-122.05814400043064, 37.18722599977807], [-122.05804399997325, 37.18727700027502], [-122.0579500002619, 37.187355000252744], [-122.05785499982734, 37.18740699971605], [-122.05774100002452, 37.1874339999187], [-122.05762300002374, 37.18748000000317], [-122.05750000000008, 37.18749200008287], [-122.05735799970988, 37.18749400033452], [-122.05727099967125, 37.18748399979143], [-122.05718799983056, 37.18744900002712], [-122.05708599972331, 37.18739200031496], [-122.05701299992839, 37.18729499972654], [-122.05698299979115, 37.1872229997478], [-122.05699600020994, 37.187177000222405], [-122.05704800008849, 37.18714200031587], [-122.0571190002336, 37.18711800004339], [-122.05721399976984, 37.18710500013117], [-122.05735299968701, 37.18709999983406], [-122.05740499956555, 37.18708000007351], [-122.05744200027378, 37.18703399974539], [-122.05748400010657, 37.186963999783494], [-122.05751099987073, 37.18690599992948], [-122.05750000000008, 37.18681500024149], [-122.05746499984002, 37.1867499996816], [-122.05745399996937, 37.186674000068045], [-122.05738899967201, 37.18654499986141], [-122.05738600019728, 37.186410999807386], [-122.05741299996147, 37.18634600033108], [-122.05746900003794, 37.18628000029913], [-122.05754000018308, 37.18620599978262], [-122.05760499958208, 37.18612499997558], [-122.05764099956711, 37.18604799994593], [-122.05777600018462, 37.18584800003189], [-122.05783200026113, 37.185809000348364], [-122.05806099969168, 37.185786999949165], [-122.05816600017197, 37.18576200017082], [-122.05832199980759, 37.185714000172474], [-122.05847499996844, 37.18569300025308], [-122.05854699993847, 37.18570000022689], [-122.05864800022081, 37.1857639997526], [-122.05869199970343, 37.18576699984089], [-122.05880600040457, 37.18575399969611], [-122.05891500018453, 37.18573299978785], [-122.05899600037537, 37.18570899978328], [-122.05908199969075, 37.18569300025308], [-122.05913799976727, 37.185657999658794], [-122.05924599972228, 37.18555299992549], [-122.05935899970021, 37.185455999837714], [-122.05938700018761, 37.18542499974653], [-122.05977799999985, 37.18540799964494], [-122.06099099961959, 37.18542000005381], [-122.06100599968818, 37.18545400024777], [-122.06101900010697, 37.1855550002285], [-122.06105900028997, 37.18562699965047], [-122.06125599993344, 37.18574900002518], [-122.06130299978912, 37.18577399980783], [-122.06137200028441, 37.18577999998343], [-122.0614149999421, 37.18577699989566], [-122.06145799959981, 37.185769999929], [-122.06151399967632, 37.18577099971982], [-122.06158700036956, 37.18576600005002], [-122.06165199976856, 37.18576200017082], [-122.06180300027962, 37.185759999873305], [-122.06193999964866, 37.18579200033321], [-122.06256099961469, 37.18602000017592], [-122.06279300031659, 37.18613700027054], [-122.0628590004388, 37.186174999999295], [-122.06289600024876, 37.18619700028545], [-122.06304299966354, 37.186291000069915], [-122.06337300027474, 37.186586000156254], [-122.06349700012328, 37.18672200017186], [-122.06370899983537, 37.18687600020962], [-122.06392200027072, 37.18701600023166], [-122.06407000040872, 37.18709200021671], [-122.06437300035742, 37.18721999971736], [-122.06450700025172, 37.18727700027502], [-122.06460599998594, 37.187349000202275], [-122.06478799956082, 37.18748099977135], [-122.06514800030924, 37.18767500034577], [-122.06529200024927, 37.18779700027473], [-122.06540299967905, 37.18789100021455], [-122.06552800025085, 37.18797099979711], [-122.06560100004577, 37.18805499976853], [-122.06579900041247, 37.188179999791636], [-122.06584299989511, 37.18821799992368], [-122.06596199972077, 37.18832000025884], [-122.06605700015535, 37.188479000106696], [-122.06619199987455, 37.18852600002457], [-122.06623799990531, 37.18850399970122], [-122.06633900018764, 37.18845500025912], [-122.06638699986823, 37.18830000010578], [-122.06659799975543, 37.1881979997436], [-122.0667719998327, 37.18799700003682], [-122.0669269996434, 37.18775299991242], [-122.06708300017733, 37.18756699982186], [-122.06738199992806, 37.18743499968749], [-122.06761200008184, 37.18743199966547], [-122.06798700000057, 37.18748399979143], [-122.06864300012668, 37.18744600000571], [-122.0688349997473, 37.187287999900576], [-122.06867099971576, 37.187090999727765], [-122.06840200010227, 37.18696699982406], [-122.06779799985468, 37.18694600025307], [-122.06778399961095, 37.18694300021163], [-122.06749400008107, 37.18688000002982], [-122.0670820003524, 37.18667199979468], [-122.06709300022307, 37.18636000015692], [-122.06724200018597, 37.18626700024266], [-122.06737299970725, 37.186185000000044], [-122.06763700019619, 37.186054000099766], [-122.06805599959753, 37.18596399988909], [-122.06891099991527, 37.1867020003112], [-122.069109000282, 37.18691599983344], [-122.06920100034351, 37.18715699976662], [-122.06945200041366, 37.18760999981043], [-122.06947300033008, 37.18781000006777], [-122.06950500011713, 37.18788099972404], [-122.06948500002564, 37.18810599970563], [-122.06944599966758, 37.18819699998491], [-122.0693920001392, 37.188406999825474], [-122.06938100026858, 37.1884120000361], [-122.06926699956743, 37.1884120000361], [-122.06905400003042, 37.1884120000361], [-122.06873199981513, 37.18841700024633], [-122.06848099974498, 37.18848800004757], [-122.0683920000565, 37.18856799971335], [-122.06843200023951, 37.188636000114016], [-122.06877299982303, 37.18884199973338], [-122.06909300038848, 37.18912599980185], [-122.0693000000777, 37.189307000195356], [-122.0693920001392, 37.18951999975088], [-122.06938600029142, 37.189689000187016], [-122.06936299982692, 37.189880000173794], [-122.06931000012347, 37.18999499982789], [-122.0691300001984, 37.19009300025993], [-122.06889599984667, 37.19018599975632], [-122.06884099959508, 37.19027300003567], [-122.06899399975595, 37.190382999727156], [-122.06899399975595, 37.190634000173205], [-122.06908099979461, 37.190795000322325], [-122.06899399975595, 37.19104300023592], [-122.06921800006195, 37.1912229998939], [-122.06947199960685, 37.19157300006793], [-122.07011699986231, 37.19176200016003], [-122.07076299994267, 37.19168899971862], [-122.07158099955218, 37.191530000189175], [-122.07224699972407, 37.191513000030675], [-122.07253100030451, 37.191415000010366], [-122.07268500029029, 37.19139499996134], [-122.07294999970586, 37.19133799964956], [-122.07286400039044, 37.19104300023592], [-122.07289199997952, 37.19073800027319], [-122.0729460004062, 37.19057400010539], [-122.07333899986828, 37.19053499999997], [-122.07372600038089, 37.19068300034826], [-122.07393899991789, 37.19093899984038], [-122.07397200042817, 37.191069999854165], [-122.07407000033747, 37.191179000096675], [-122.07438699963157, 37.19112500021284], [-122.07530300004866, 37.19122400032816], [-122.07551499976078, 37.19125800005589], [-122.07553800022534, 37.192680999915424], [-122.07564700000526, 37.19911700011765], [-122.08604000029439, 37.19923500028254], [-122.0873499999985, 37.199338999983816], [-122.09416499973118, 37.19957199989541], [-122.09397300011058, 37.20450599990799], [-122.09389500029276, 37.20650299974122], [-122.09476700032896, 37.206567999751734], [-122.10093699980617, 37.20663599968078], [-122.10570500041612, 37.20668999991748], [-122.11662800043467, 37.206969999915856], [-122.1164409999386, 37.20957200034229], [-122.1162939996255, 37.21189899984064], [-122.11611299987555, 37.214792000109064], [-122.12344499981718, 37.21491999986147], [-122.12502599968292, 37.21494799964425], [-122.13166399986365, 37.21505699974716], [-122.13512299969605, 37.215182000130724], [-122.13512299969605, 37.22275500014693], [-122.13518200014559, 37.22906799977323], [-122.1356259996613, 37.22911999982637], [-122.13589299962497, 37.22925399988066], [-122.13616299996173, 37.2292039997815], [-122.1363999997882, 37.22926499982645], [-122.13643099975036, 37.22927399991103], [-122.13675899981338, 37.22927800034561], [-122.13731299983226, 37.22928499985396], [-122.13845799967993, 37.22929900029913], [-122.1445729998039, 37.22935900033853], [-122.1477699996955, 37.22930000022868], [-122.15029100026781, 37.229343000046626], [-122.15083000021806, 37.22934599983339], [-122.15080900030166, 37.23004100014882], [-122.15129499965015, 37.230026999841414], [-122.15145700003185, 37.230023000161786], [-122.15145000035916, 37.22995200009146], [-122.15148299997114, 37.22962700007475], [-122.15160599999479, 37.228439000210095], [-122.15164700000268, 37.228044000333725], [-122.15165000037572, 37.228001999721755], [-122.15166299989617, 37.22787899973647], [-122.15166799991907, 37.227837999696824], [-122.15180000016353, 37.22724699968379], [-122.15220000019661, 37.225474999730814], [-122.15227499964138, 37.225143999823786], [-122.15234199958854, 37.2248869997607], [-122.15239099999233, 37.22469699964921], [-122.15258900035906, 37.22392800013269], [-122.15297400032351, 37.22244400015841], [-122.15291400004907, 37.22100900011667], [-122.15287899988898, 37.22014999996485], [-122.15287399986609, 37.22004400022404], [-122.15287399986609, 37.22001999968169], [-122.15287300004118, 37.21923099986454], [-122.15287399986609, 37.21686500035159], [-122.15287399986609, 37.21624399998538], [-122.15285700014766, 37.21610200030212], [-122.15285299994969, 37.216077999936275], [-122.15285200012477, 37.21606800031814], [-122.15278500017763, 37.21553499972365], [-122.15277400030698, 37.2154440002055], [-122.15432300038569, 37.2154440002055], [-122.15486999983355, 37.2154440002055], [-122.15490499999365, 37.2154440002055], [-122.15497600013873, 37.2154440002055], [-122.15500299990295, 37.2154440002055], [-122.15508800029174, 37.2154440002055], [-122.15547099970809, 37.2154440002055], [-122.15687500002183, 37.2154440002055], [-122.15734399965189, 37.2154440002055], [-122.15817499968018, 37.2154440002055], [-122.15933399977155, 37.2154260003114], [-122.16049399968783, 37.2154089998113], [-122.16479299976938, 37.215344999661625], [-122.16488300018106, 37.215344999661625], [-122.17147500033101, 37.21524900005078], [-122.17275300024806, 37.21519400009942], [-122.17284899960923, 37.21519000034857], [-122.17345799987969, 37.21516500029103], [-122.17382399957756, 37.21518699999867], [-122.1747130002305, 37.21524199995514], [-122.17492499994262, 37.21525500003001], [-122.17529200036371, 37.215277999826874], [-122.17545399984712, 37.2152810001731], [-122.17609900010257, 37.215269000218235], [-122.17851799966935, 37.215226000245075], [-122.18041499990257, 37.2152810001731], [-122.18092799991358, 37.215261000008816], [-122.1809439998071, 37.215263000240114], [-122.18096800009656, 37.21526400035572], [-122.18098200034024, 37.21526400035572], [-122.18100400008156, 37.21527400008042], [-122.1810779997014, 37.215268000102704], [-122.18130100018247, 37.21525999989313], [-122.18137599962722, 37.215244000186935], [-122.18422400043768, 37.215244000186935], [-122.18647599959988, 37.215244000186935], [-122.19157700029572, 37.215244000186935], [-122.19276999982397, 37.215244000186935], [-122.19359800037755, 37.215244000186935], [-122.19561899956105, 37.215244000186935], [-122.19795000016255, 37.215244000186935], [-122.2049449998203, 37.215244000186935], [-122.20727700024676, 37.215244000186935], [-122.20808099961256, 37.21524199995514], [-122.20886899998314, 37.21523999972328], [-122.2136459999156, 37.215228999878015], [-122.21523900037523, 37.215226000245075], [-122.21546600015596, 37.215228999878015], [-122.2161470003964, 37.21524099983924], [-122.21627799991768, 37.215244000186935], [-122.21637400017715, 37.21523499985884], [-122.21640099994133, 37.21523200022619], [-122.21648299995712, 37.21522500012897], [-122.21651100044448, 37.21522299989666], [-122.21668399979855, 37.215207000182616], [-122.21682799973858, 37.21519400009942], [-122.217072999961, 37.21517199967842], [-122.21726299993178, 37.215154999836486], [-122.2173779995595, 37.21514399997883], [-122.21787899987493, 37.215141999744375], [-122.21877799967528, 37.215244000186935], [-122.21917900043158, 37.21518699999867], [-122.21955600000015, 37.215136999873444], [-122.21992900026905, 37.21508699971501], [-122.2202210003471, 37.21507599984744], [-122.22032199973113, 37.21506899973575], [-122.2214459996624, 37.21509600006077], [-122.22235899970647, 37.21516500029103], [-122.22249000012603, 37.21517500002886], [-122.222530000309, 37.21517799966383], [-122.22265900018043, 37.215182000130724], [-122.22269199979239, 37.21519000034857], [-122.22280599959521, 37.21519799985011], [-122.2231499995518, 37.21522500012897], [-122.22326500007782, 37.21523399974285], [-122.2234319995841, 37.21521099993257], [-122.22393600027259, 37.215141999744375], [-122.22410399960373, 37.21512000002361], [-122.22445099993338, 37.2151619999402], [-122.225495000397, 37.21528899966499], [-122.22584299965325, 37.21533200031766], [-122.22586500029288, 37.21533200031766], [-122.22593200024002, 37.21533100020295], [-122.22595499980623, 37.21533100020295], [-122.22613200025656, 37.21532899997346], [-122.23086300015825, 37.215196999733635], [-122.23129099978043, 37.215172999795286], [-122.23174000021731, 37.21518499976541], [-122.23213199985447, 37.215196999733635], [-122.23345800035041, 37.21523399974285], [-122.23475600035894, 37.21512399977823], [-122.23486500013891, 37.21512399977823], [-122.235076999851, 37.215122000258646], [-122.23528899956312, 37.21512000002361], [-122.23574200019797, 37.215129999767406], [-122.23599699956777, 37.215136999873444], [-122.23759599987518, 37.215141000342506], [-122.23779099986885, 37.21513900010802], [-122.2399769998071, 37.215116000268786], [-122.24045800003103, 37.215110999680725], [-122.24247300026506, 37.215133000119515], [-122.24257299982418, 37.215134000236894], [-122.2425739996491, 37.215048000112155], [-122.24257899967196, 37.21340799973766], [-122.24257700002212, 37.212088999996], [-122.2426790001294, 37.21074799980953], [-122.24267499993142, 37.21060599979793], [-122.24258399969483, 37.20769700012799], [-122.24262399987781, 37.20700399970692], [-122.24275100009943, 37.2048370002225], [-122.2427489995513, 37.204738000070904], [-122.24274600007654, 37.204565000094156], [-122.24270199969561, 37.20244199968037], [-122.24265900003792, 37.200318999654876], [-122.24265900003792, 37.20014499996611], [-122.24265999986281, 37.200035999788206], [-122.24265499983994, 37.199626000177595], [-122.24265300019013, 37.19945299993216], [-122.2426380001215, 37.198236999717075], [-122.24259700011362, 37.19458900033232], [-122.24258399969483, 37.19337299976883], [-122.24258299986991, 37.19328899998835], [-122.24258200004502, 37.19321000000727], [-122.24258000039518, 37.193037000086136], [-122.24258000039518, 37.19295400034313], [-122.24257899967196, 37.19288699994946], [-122.24257899967196, 37.19285399993664], [-122.24257899967196, 37.19280400004156], [-122.24258200004502, 37.19268899965627], [-122.24258500041805, 37.19262300015873], [-122.24259899976344, 37.192104999887434], [-122.24264499979421, 37.19055199966307], [-122.24265999986281, 37.190034999946576], [-122.24324800021685, 37.1900059997732], [-122.24409099994074, 37.189966000354794]]]}, "properties": {"ZCTA5": "95006", "GEOID": "95006", "NAME": "ZCTA5 95006", "AREALAND": 142887682, "INTPTLAT": "+37.1712670", "INTPTLON": "-122.1495236", "zcta": "95006", "place": "95006 Boulder Creek", "name": "ZCTA5 95006"}}, {"type": "Feature", "geometry": {"type": "Polygon", "coordinates": [[[-122.13581499980718, 37.11332000030995], [-122.13604499996096, 37.1094709999238], [-122.13548900029227, 37.10900400028435], [-122.1351600004043, 37.108580999823616], [-122.13503700038062, 37.10847100000268], [-122.13485900010541, 37.10834999965689], [-122.13461200023322, 37.10821200028171], [-122.13413900040518, 37.107877000357874], [-122.13391199972615, 37.10776100031047], [-122.13318500035322, 37.10748599998849], [-122.1330279999944, 37.10745299994009], [-122.13220399963879, 37.10730999980287], [-122.13148399993858, 37.10714499974991], [-122.13081199991892, 37.10705099969366], [-122.13060600005461, 37.10694699978507], [-122.13018799957985, 37.10667699997573], [-122.12919300041833, 37.10626999999643], [-122.12897400013523, 37.10620900017544], [-122.12852800007138, 37.10613799974642], [-122.12811700016765, 37.10614899971636], [-122.1277120001117, 37.10622000013502], [-122.12726600004785, 37.10621400009213], [-122.12690199999979, 37.106137000335245], [-122.1266009997009, 37.10600999978367], [-122.12638099959287, 37.105976999808554], [-122.12607799964415, 37.10599499999216], [-122.12568000015924, 37.106082999872875], [-122.12547400029493, 37.10605599998549], [-122.12473299977998, 37.105813999981144], [-122.1241429997761, 37.10556200000157], [-122.12298299985983, 37.105123000272], [-122.12266800021554, 37.10496399989577], [-122.12220799990803, 37.10477099997284], [-122.12199500037099, 37.10471099980748], [-122.11684099997167, 37.10562800029899], [-122.11684699981946, 37.10544800026413], [-122.11689100020038, 37.104985000032165], [-122.11696099962228, 37.10499899988105], [-122.11725299970033, 37.10503799970234], [-122.11752899988485, 37.10505200025788], [-122.117820000138, 37.10505399982529], [-122.11804100007092, 37.105032999708015], [-122.11891300010711, 37.10485299969208], [-122.1193690002167, 37.104797000173036], [-122.12009899996264, 37.10486799970974], [-122.12040899958403, 37.10481700021069], [-122.12066899987505, 37.10481600006563], [-122.1208189996629, 37.10473400030634], [-122.1209400000367, 37.104670000240326], [-122.12111099974092, 37.1045780002746], [-122.12137699987971, 37.10452199983579], [-122.12160600020857, 37.104309000052986], [-122.12206300014307, 37.103952000204], [-122.12233299958146, 37.103578000229255], [-122.1222050004333, 37.10359399994415], [-122.12206599961779, 37.10360999965566], [-122.12166200028507, 37.10360100035569], [-122.12147200031427, 37.10363000000678], [-122.1211650001676, 37.10378900031748], [-122.12089200035612, 37.10394700013795], [-122.12068399994365, 37.10403100034364], [-122.12054900022446, 37.10401200025407], [-122.12047100040664, 37.103879000210306], [-122.12035000003281, 37.10370600000321], [-122.12013300029786, 37.103614000299494], [-122.12010499981044, 37.103601999800325], [-122.11985700011333, 37.10339800033792], [-122.1197139999982, 37.10336600010549], [-122.11911200029876, 37.10337600031392], [-122.11867799993048, 37.10327600031966], [-122.11865799983902, 37.103275000154255], [-122.1185259995945, 37.10326700026354], [-122.11835200041554, 37.103322000032534], [-122.11805000029176, 37.10347500001341], [-122.11780800044242, 37.10341199976371], [-122.11719599979892, 37.10374899969401], [-122.11692499963725, 37.103846000023225], [-122.11671600029821, 37.10380299967102], [-122.11650000038814, 37.103781999923314], [-122.11620699958685, 37.103556999702775], [-122.1159699997604, 37.103509999970306], [-122.11570799981958, 37.1031330001773], [-122.11555899985667, 37.10304800024031], [-122.11531000033463, 37.103014000238815], [-122.11525500008308, 37.10298900031227], [-122.11499300014225, 37.10287000014756], [-122.11481700041514, 37.102832000097706], [-122.11436200013048, 37.102934999754936], [-122.11382800020309, 37.10273399973041], [-122.11332100003989, 37.10262299984117], [-122.11294500029625, 37.10254099985721], [-122.11271199976942, 37.10258000022764], [-122.11216899962122, 37.10227699974294], [-122.11203800009994, 37.10129699966325], [-122.11200499958969, 37.1010440002237], [-122.11200100029002, 37.10102100003733], [-122.11198899969615, 37.10095399982852], [-122.11198600022145, 37.100931999811166], [-122.11200700013781, 37.10091099998405], [-122.11202499968115, 37.10088300020552], [-122.112033999902, 37.10082699990094], [-122.11205399999348, 37.10071799976515], [-122.11205599964332, 37.10061699964395], [-122.11203899992486, 37.10047199980914], [-122.1120260004044, 37.10035400019329], [-122.11227999994928, 37.10037500017481], [-122.11234500024663, 37.10038299965444], [-122.11298600030412, 37.100464999824865], [-122.11323999984903, 37.100503000345604], [-122.11328800042793, 37.10053599983962], [-122.11335399965186, 37.10058299998432], [-122.11347900022363, 37.10078800006104], [-122.11351799968337, 37.10085100034364], [-122.11383499987579, 37.100707999922314], [-122.1151029997471, 37.10049399996002], [-122.1153210002053, 37.10046000024519], [-122.1164750002738, 37.0997470000544], [-122.11644299958843, 37.099754000104944], [-122.1162159998077, 37.099759999943096], [-122.11591600023205, 37.09975299989304], [-122.11496700020295, 37.09983399981811], [-122.11462400007129, 37.09988700022637], [-122.11392000026459, 37.0999520002439], [-122.11378499964708, 37.09994599970447], [-122.11361899996572, 37.099911000250366], [-122.11347599985058, 37.099839999649866], [-122.11335200000202, 37.099809000275094], [-122.11283499979307, 37.099761999650205], [-122.11271900034045, 37.0997459998424], [-122.11202399985626, 37.09945199999659], [-122.11172799958027, 37.099386000049805], [-122.1112239997901, 37.09934899990254], [-122.11081700008434, 37.09926500023698], [-122.10977599999373, 37.09912800029258], [-122.10972199956704, 37.099134999683834], [-122.10911400001982, 37.099128999796235], [-122.10883299981242, 37.09915499978345], [-122.10874800032194, 37.09917300015518], [-122.10865500043552, 37.09919499996685], [-122.10847299996232, 37.09927800020834], [-122.1077599999348, 37.09970700016244], [-122.1075490000476, 37.099878999977854], [-122.10659599982057, 37.10080700024272], [-122.10595099956511, 37.101519000299206], [-122.10560900015663, 37.10213799986938], [-122.10541900018583, 37.10236800017662], [-122.1052130003215, 37.10251999975971], [-122.10481900013623, 37.102705999909226], [-122.10479700039492, 37.10270899971147], [-122.10448299967724, 37.10276900002969], [-122.10434200011024, 37.10276900002969], [-122.10382099970334, 37.102757000113115], [-122.10372500034218, 37.1027679998576], [-122.10374600025858, 37.10326799971259], [-122.10369900040291, 37.10475700008182], [-122.10381999987843, 37.10610800021114], [-122.10382300025148, 37.106141000129185], [-122.10389199984846, 37.106552999979556], [-122.10410199991074, 37.107180000160234], [-122.10418700029956, 37.10743299988199], [-122.10433799991227, 37.10804800014702], [-122.10444800041545, 37.10838799980403], [-122.10459099963228, 37.108669000281786], [-122.10469600011257, 37.108871999784476], [-122.10492200006837, 37.109158000337956], [-122.10509399959751, 37.10931099999271], [-122.10537499980491, 37.10948699982669], [-122.10589000036406, 37.109701000172805], [-122.10594100041766, 37.10971299970562], [-122.1062810001763, 37.10980000020194], [-122.10098500038507, 37.10895299998821], [-122.09664699994546, 37.113071999660654], [-122.09709600038234, 37.1143829997286], [-122.09715699958339, 37.11501700034383], [-122.09749600041542, 37.117969999802526], [-122.09756300036257, 37.11797499965906], [-122.09776599985383, 37.117989999942985], [-122.0978339996259, 37.1179959997692], [-122.09899600009028, 37.11789799968285], [-122.09938500025274, 37.118108999989104], [-122.0997919999585, 37.11832900012352], [-122.10004999970138, 37.118868000258054], [-122.10083600042216, 37.11903599971095], [-122.10144200031957, 37.118319999707296], [-122.10103499971547, 37.11647499995244], [-122.10103899991344, 37.116337000340486], [-122.10105599963185, 37.115827000090476], [-122.10118500040163, 37.115460000047825], [-122.10139499956557, 37.11520899993712], [-122.10174500026828, 37.11505400000112], [-122.10189099985813, 37.11479299984485], [-122.10191799962232, 37.11474599992149], [-122.10199899981316, 37.114678999675434], [-122.10206199956235, 37.1146469999112], [-122.10214799977607, 37.11462200024269], [-122.10226300030213, 37.1145949998178], [-122.10238200012779, 37.114588999722066], [-122.10258100031945, 37.114605999992065], [-122.10271000019085, 37.11465800007792], [-122.1029589997129, 37.11482500026369], [-122.10274899965061, 37.115041999881925], [-122.10270900036595, 37.11509100035669], [-122.10267900022872, 37.115143000109455], [-122.10267099983281, 37.115191999802505], [-122.10266599980993, 37.11522400005271], [-122.10266699963485, 37.11528199975548], [-122.10278399981073, 37.11609100025265], [-122.10280200025235, 37.11618099985336], [-122.10284599973498, 37.11632899968044], [-122.10294700001731, 37.11658200035566], [-122.10297700015455, 37.11665800024899], [-122.10302400001024, 37.11683100024006], [-122.10305199959932, 37.11700599980397], [-122.10305400014745, 37.11704399990551], [-122.10305999999524, 37.11716999987956], [-122.1030509997744, 37.117347000051744], [-122.10302599966005, 37.11750000035274], [-122.10302300018532, 37.11752199985559], [-122.10294500036753, 37.117872999655155], [-122.10294399964428, 37.11791899981436], [-122.10294600019242, 37.11802800026696], [-122.10295600023818, 37.11808599997069], [-122.10297200013169, 37.11813899978462], [-122.10301700033753, 37.1182239999763], [-122.10308500010959, 37.11830500020502], [-122.10317899982093, 37.11839799993633], [-122.10326099983668, 37.11847200022621], [-122.10332600013402, 37.118557000044035], [-122.10340399995182, 37.11871299993338], [-122.10360899999122, 37.11912400019649], [-122.10368699980904, 37.11927899967975], [-122.10372899964185, 37.11936300007119], [-122.10377700022072, 37.119433000326204], [-122.10391899961262, 37.119568000174766], [-122.10394499955191, 37.11961400002039], [-122.10396600036663, 37.11970700029252], [-122.10400499982636, 37.1198779998709], [-122.10423499998014, 37.119846000155114], [-122.10437600044544, 37.11982699973549], [-122.10456800006607, 37.11978900031449], [-122.10467400037128, 37.11975599989703], [-122.10490399962671, 37.119657999940046], [-122.10511899971186, 37.119568000174766], [-122.10524599993347, 37.11982599978866], [-122.10526199982701, 37.11990299995287], [-122.10525599997922, 37.119969999873845], [-122.10514399982624, 37.12038500023357], [-122.10513999962829, 37.120433000176725], [-122.10515399987197, 37.120503000158664], [-122.1051759996133, 37.12054700027787], [-122.105225999842, 37.12060700007367], [-122.10529399961406, 37.12065300000428], [-122.10534600039091, 37.120675999959126], [-122.10540300029233, 37.12069099970788], [-122.10546100001862, 37.120697999971675], [-122.10552100029311, 37.12069700003635], [-122.10651200015499, 37.120608000010186], [-122.10658599977481, 37.12061199975605], [-122.1066460000493, 37.12032099978453], [-122.10664299967621, 37.120256000056486], [-122.10662599995779, 37.120191000272634], [-122.10660699969121, 37.12014999977419], [-122.10651800000275, 37.11999200009157], [-122.10649500043654, 37.119907999681736], [-122.1064999995611, 37.11982100005438], [-122.10661099988916, 37.11951100012478], [-122.10661000006426, 37.119459999742126], [-122.10661199971408, 37.119444999749454], [-122.10750899986462, 37.1195769997263], [-122.10874199957584, 37.11899100018825], [-122.11035500012696, 37.118224999944296], [-122.11051199958747, 37.11830300027119], [-122.11058000025787, 37.118336999855906], [-122.11077899955117, 37.118387000312914], [-122.11096500022232, 37.11839799993633], [-122.1115140002183, 37.11825399972626], [-122.11251500012592, 37.11777100023011], [-122.11276899967085, 37.11760000019044], [-122.11290599993819, 37.11752299983284], [-122.11331799966683, 37.1173859999612], [-122.11381200030955, 37.11733600027564], [-122.1139689997701, 37.117285999840796], [-122.11446300041281, 37.1169730003224], [-122.11454200005552, 37.11694200007994], [-122.11451100009339, 37.11690299994178], [-122.11447400028347, 37.116832000226395], [-122.11445400019197, 37.11675699977882], [-122.11444999999402, 37.11668099998488], [-122.11446300041281, 37.11660500011464], [-122.1144979996746, 37.116520000254255], [-122.11457800004052, 37.11637500006145], [-122.11460800017777, 37.11629899988406], [-122.11462999991909, 37.1162210003579], [-122.11464400016277, 37.11614100004405], [-122.11464900018564, 37.116060999645676], [-122.11464499998769, 37.11598099987907], [-122.11462400007129, 37.1158680000648], [-122.11456200014703, 37.115645999938494], [-122.11453500038282, 37.11546500007011], [-122.11455200010127, 37.11538699968479], [-122.11445800038994, 37.115258000303754], [-122.11424099975663, 37.11494500028129], [-122.11406500002954, 37.11474099985166], [-122.11367599986713, 37.11429200011984], [-122.11357999960767, 37.11419400025354], [-122.11352299970623, 37.114146999958365], [-122.11350099996496, 37.1141290002796], [-122.11333100008565, 37.11395999994285], [-122.11326800033643, 37.11386299967246], [-122.11321899993261, 37.113817999940586], [-122.11315700000834, 37.11378499978587], [-122.11311299962742, 37.11377300018192], [-122.11308500003831, 37.113765999994186], [-122.11287999999892, 37.11373799995319], [-122.11281700024972, 37.11372300025952], [-122.11270000007386, 37.11368099981208], [-122.11241300001869, 37.11354300012225], [-122.11237100018589, 37.113502000321695], [-122.1123500002695, 37.11345300025137], [-122.11234799972136, 37.113412999717205], [-122.112358999592, 37.113373999910344], [-122.112442000331, 37.113206000071884], [-122.11247300029316, 37.11316500008887], [-122.11248400016379, 37.1131549997402], [-122.11251199975288, 37.11312900026019], [-122.11258399972291, 37.1130860001638], [-122.11266800028683, 37.11305999994371], [-122.11275699997526, 37.11305199965376], [-122.11284499983883, 37.11306300005219], [-122.11298200010614, 37.11310900026836], [-122.11317499955169, 37.1131739996852], [-122.11323499982616, 37.11317799982381], [-122.11329199972756, 37.11316400005405], [-122.11332000021498, 37.11315000028169], [-122.11366099979851, 37.11293500033155], [-122.11371600005009, 37.112902999830276], [-122.11375799988289, 37.112890000048125], [-122.11381700033242, 37.11288699993273], [-122.11387400023385, 37.11290099975371], [-122.11392199991442, 37.112930000142136], [-122.1139839998387, 37.11299200031783], [-122.1140199998237, 37.11300800019313], [-122.11407099987733, 37.11301299966097], [-122.11411199988521, 37.11300400004556], [-122.1141329998016, 37.112993999675574], [-122.11439800011549, 37.11282300030887], [-122.11484699965405, 37.112534999899374], [-122.11493399969268, 37.112593000229126], [-122.11499399996717, 37.11262900031264], [-122.11510600012015, 37.11269700026448], [-122.11529600009092, 37.112787000317596], [-122.11547099999312, 37.112849999932926], [-122.11551000035118, 37.11286499979952], [-122.11564000004752, 37.11289800035513], [-122.11586699982823, 37.11295100021889], [-122.11624299957188, 37.11300700015625], [-122.11650299986287, 37.11304700018851], [-122.11689799987309, 37.113094999769466], [-122.11702000007182, 37.1130959998052], [-122.1173620003786, 37.11309999994793], [-122.1175520003494, 37.11311299969403], [-122.11767000035015, 37.11313399972003], [-122.11789399975783, 37.11319399965981], [-122.11802799965213, 37.11323799972873], [-122.11806100016241, 37.11325000013383], [-122.1181580002468, 37.113287999971384], [-122.11826399965369, 37.1133570000801], [-122.11834300019473, 37.11342500009457], [-122.118405000119, 37.11350599972661], [-122.11845000032484, 37.1135950002218], [-122.11847700008903, 37.11366800016349], [-122.11851300007405, 37.11375999983276], [-122.11856900015053, 37.11395099972361], [-122.1185880004171, 37.11405400001987], [-122.11865799983902, 37.11423699972074], [-122.11867000043286, 37.11426700033412], [-122.11873200035714, 37.1143549999157], [-122.11881199982479, 37.11445100025435], [-122.11890800008423, 37.11453900033849], [-122.11903000028299, 37.114613000102146], [-122.1191809998957, 37.114695999925225], [-122.11968600040909, 37.115020999668786], [-122.11976300040199, 37.11507400019558], [-122.11987399983175, 37.11516400028877], [-122.11997500011411, 37.1152610003252], [-122.12004700008414, 37.115343000148265], [-122.12006499962747, 37.11536400027216], [-122.12014300034359, 37.11547400010944], [-122.1201659999098, 37.115515000274904], [-122.12020899956752, 37.11558799979825], [-122.12026200016929, 37.11570700003802], [-122.12030200035225, 37.1158290000897], [-122.120312000398, 37.1158750000582], [-122.1203359997891, 37.115883000049834], [-122.12039000021579, 37.115886000046515], [-122.12062899969207, 37.11590200002665], [-122.12070900005803, 37.11590800001834], [-122.12082600023388, 37.11587800005515], [-122.12090099967865, 37.11585300007673], [-122.12093400018891, 37.11584300008308], [-122.12112199961159, 37.1157650000871], [-122.12127200029772, 37.11572100005396], [-122.1214759996139, 37.1156960000237], [-122.12167499980555, 37.1156729999886], [-122.1217200000114, 37.11567899999844], [-122.12178100011076, 37.11568700001083], [-122.12182399976848, 37.11575000007869], [-122.12185100043095, 37.11578900009442], [-122.12220200006021, 37.1155959998202], [-122.12248999994031, 37.115381999657345], [-122.12254299964377, 37.11533800011792], [-122.12344999984006, 37.114589999738065], [-122.12358700010739, 37.114492000257464], [-122.12369699971225, 37.11441400030245], [-122.12424499988335, 37.11408399998939], [-122.12469099994719, 37.11374900025195], [-122.12514399968371, 37.113489999956535], [-122.12537700021052, 37.11337499994238], [-122.12543900013479, 37.11335800011237], [-122.12607699981926, 37.1133469997568], [-122.1274789995849, 37.11363700000058], [-122.13568400028593, 37.11333400005086], [-122.13581499980718, 37.11332000030995]]]}, "properties": {"ZCTA5": "95007", "GEOID": "95007", "NAME": "ZCTA5 95007", "AREALAND": 4107423, "INTPTLAT": "+37.1101249", "INTPTLON": "-122.1143447", "zcta": "95007", "place": "95007 Boulder Creek", "name": "ZCTA5 95007"}}, {"type": "Feature", "geometry": {"type": "Polygon", "coordinates": [[[-121.97084999979563, 36.97786600007542], [-121.97085999984137, 36.97746500021291], [-121.97082499968126, 36.977279000140896], [-121.9707359999928, 36.97729099981202], [-121.97058700002987, 36.97676699973207], [-121.97057699998416, 36.97639400034193], [-121.97061799999203, 36.9761170001794], [-121.97051800043292, 36.97610800010802], [-121.970221000332, 36.97608099988737], [-121.97012199969947, 36.97607199981169], [-121.96961500043459, 36.976025999727234], [-121.96962399975709, 36.97598500022137], [-121.96992000003311, 36.974623000300724], [-121.96995799966793, 36.97462600014399], [-121.97012500007251, 36.97464300021035], [-121.97042299999833, 36.974670000223504], [-121.97045300013558, 36.97453700019891], [-121.97048800029567, 36.97436999969864], [-121.97059600025074, 36.973870000023396], [-121.97063200023571, 36.97370399993311], [-121.97042200017344, 36.97370399993311], [-121.97040899975465, 36.97370399993311], [-121.97021299993608, 36.97370499965374], [-121.97004999972944, 36.97370399993311], [-121.96988800024606, 36.97370300021251], [-121.96974000010805, 36.973701999774214], [-121.96970300029815, 36.973701999774214], [-121.96951800035022, 36.97370100005354], [-121.96945100040305, 36.97370100005354], [-121.9692499996633, 36.973701999774214], [-121.96918400043937, 36.97370300021251], [-121.96882600023909, 36.97370499965374], [-121.96855799955215, 36.97370800025084], [-121.96793099973833, 36.973714000009366], [-121.96775300036145, 36.973713000288846], [-121.96766299994974, 36.973713000288846], [-121.96739599998605, 36.973711999850686], [-121.96739599998605, 36.97352899982205], [-121.96739500016113, 36.97334600007103], [-121.96739599998605, 36.9731360000499], [-121.9673979996359, 36.97301999992649], [-121.96740000018403, 36.972693999820905], [-121.96740000018403, 36.97246700032287], [-121.96739900035911, 36.972240999887674], [-121.9673979996359, 36.97208899980817], [-121.9673979996359, 36.97193799988661], [-121.9673979996359, 36.97182400029872], [-121.96739699981097, 36.97170999982239], [-121.96739599998605, 36.9715640000458], [-121.96739599998605, 36.97141899973983], [-121.96739599998605, 36.971408000329], [-121.96739599998605, 36.97137199996245], [-121.96739599998605, 36.97131000028813], [-121.96739500016113, 36.971247000092724], [-121.96739400033624, 36.971086000233605], [-121.96739400033624, 36.97092500003397], [-121.96730800012253, 36.970925999791056], [-121.96730800012253, 36.97082799984735], [-121.96643199988836, 36.970838000301434], [-121.96634999987259, 36.97083600006717], [-121.96634599967464, 36.970555999767186], [-121.96533100042164, 36.97056199977413], [-121.96532999969841, 36.970277000355885], [-121.96533600044451, 36.970189999882685], [-121.9653020001093, 36.97019099964948], [-121.9649000004264, 36.97020100018726], [-121.9649000004264, 36.97003800001353], [-121.9649000004264, 36.9698739997198], [-121.9649000004264, 36.96969000001995], [-121.9649000004264, 36.96950500009958], [-121.9649000004264, 36.96934599970009], [-121.9649000004264, 36.969185999906266], [-121.9649000004264, 36.969172000114604], [-121.9649000004264, 36.96903899981268], [-121.9649000004264, 36.96898899993587], [-121.9649000004264, 36.96880600003484], [-121.9649000004264, 36.968655999846675], [-121.9649000004264, 36.96863999966562], [-121.9649000004264, 36.968506999869575], [-121.96502400027497, 36.968506999869575], [-121.96540599986639, 36.968506000080716], [-121.96540500004147, 36.96843499996398], [-121.96565000026385, 36.968431999876735], [-121.96564199986793, 36.96806899992923], [-121.965088999674, 36.968114999798864], [-121.96489899970317, 36.96813100009027], [-121.96489899970317, 36.96805199982991], [-121.96489899970317, 36.96797400000117], [-121.96489899970317, 36.96791199971226], [-121.96489899970317, 36.96785000009053], [-121.96489899970317, 36.96770599968614], [-121.96489899970317, 36.96756099992575], [-121.96489899970317, 36.96752300028937], [-121.96489899970317, 36.967466000081465], [-121.96489899970317, 36.967371999922435], [-121.96489899970317, 36.967321999668414], [-121.96489899970317, 36.967245000332596], [-121.96480599981676, 36.967246000138076], [-121.96479199957308, 36.967213999897545], [-121.96475599958805, 36.967194999995144], [-121.96462900026478, 36.96719199985904], [-121.96462900026478, 36.96737400024774], [-121.96462900026478, 36.96749699969614], [-121.96377700032008, 36.967498000216054], [-121.96362300033428, 36.96749900001815], [-121.96354399979325, 36.967132999789456], [-121.96349600011267, 36.967140999679934], [-121.96341999994466, 36.96716299973325], [-121.96335100034771, 36.96719599980123], [-121.96328900042344, 36.96723699973535], [-121.96323800036981, 36.96728700004522], [-121.9632109997073, 36.96732399999501], [-121.96319800018686, 36.96734299986522], [-121.9631699996994, 36.96740400009654], [-121.96315600035403, 36.96746799968654], [-121.96314899978304, 36.967577000333605], [-121.96312899969153, 36.96764700001493], [-121.96311699999599, 36.96766800012213], [-121.96309299970653, 36.96771299971707], [-121.96304400020105, 36.967772999853366], [-121.96298300010169, 36.967825000124606], [-121.96310299975227, 36.96794299986305], [-121.96331100016474, 36.968148000171944], [-121.96343199964025, 36.96826900022122], [-121.96196799995037, 36.9684089996823], [-121.96123599965627, 36.968479000034016], [-121.96067999998756, 36.96852699995089], [-121.95901299990808, 36.968672000024426], [-121.9584580000643, 36.96872100032337], [-121.95841299985845, 36.96872399968155], [-121.95827899996415, 36.968735000197924], [-121.95823499958323, 36.968739000059095], [-121.95823499958323, 36.96869999978898], [-121.95821399966684, 36.968556000274795], [-121.9581340001992, 36.96858799995111], [-121.95810400006197, 36.96860100006252], [-121.95798900043424, 36.96863899987851], [-121.9578660004106, 36.96866599986845], [-121.95777599999892, 36.96867800017987], [-121.95766800004388, 36.968685000121425], [-121.95750900003523, 36.96869699971217], [-121.9575349999745, 36.96856300022756], [-121.9575559998909, 36.96853399990633], [-121.95780500031123, 36.968315999761415], [-121.95783299990033, 36.96829300024962], [-121.95792400013693, 36.96822199993427], [-121.95784100029626, 36.96815299985746], [-121.95751599970792, 36.9678689998295], [-121.95734699965351, 36.96772500017874], [-121.95703700003212, 36.96746100035082], [-121.95615499995019, 36.96782100021541], [-121.95582199986427, 36.96795799967676], [-121.9550079995544, 36.96797799990233], [-121.95256600042143, 36.96804199972754], [-121.95241300026055, 36.9680460003428], [-121.95181599968566, 36.968329999710456], [-121.95154500042233, 36.968458000150605], [-121.95073199993737, 36.968845000250646], [-121.95046199960062, 36.968974000325254], [-121.95008500003206, 36.9692850003073], [-121.9475169996041, 36.971561000081884], [-121.94808599969157, 36.972375999812314], [-121.94804899988165, 36.97239499985697], [-121.9479540003454, 36.972443999912336], [-121.94780600020742, 36.972541000192535], [-121.94776299965139, 36.97255599981787], [-121.94743299993853, 36.97278900031729], [-121.94737799968692, 36.972814000088206], [-121.94736500016644, 36.9728229998315], [-121.94720399960964, 36.97293999998584], [-121.9471450000584, 36.97296100006812], [-121.94669599962155, 36.97328899991754], [-121.94645899979508, 36.97341499974644], [-121.94639900041892, 36.9734370001395], [-121.94637400030457, 36.97345699964307], [-121.9463059996342, 36.97347199980562], [-121.94627200019734, 36.97349299974105], [-121.9462289996413, 36.97349999995748], [-121.9461440001508, 36.97354900001913], [-121.94598699979194, 36.973626000154745], [-121.94585200007275, 36.97371699988842], [-121.94571200033066, 36.97382199988752], [-121.94528600035831, 36.97405099980005], [-121.94512599962644, 36.97413800016594], [-121.94507999959566, 36.97415899991766], [-121.94495699957203, 36.97424199987069], [-121.94490200021876, 36.97427100017015], [-121.94461400033866, 36.97449700031876], [-121.9445320003229, 36.974559999976975], [-121.94445799980473, 36.974619000031126], [-121.94426899965885, 36.97471799982455], [-121.94417800032058, 36.974766000113], [-121.94404199987814, 36.97483700006552], [-121.94398199960366, 36.97485800034204], [-121.94390600033401, 36.97491700016511], [-121.9437570003711, 36.97504800011972], [-121.94362699977646, 36.97516400002272], [-121.9433999999957, 36.97542799968736], [-121.94324900038298, 36.975618999890415], [-121.94305500021423, 36.97579600032321], [-121.94305500021423, 36.975817000335084], [-121.9426800002955, 36.97612499984332], [-121.94257300016535, 36.976214000084184], [-121.9423789999966, 36.97635400000251], [-121.94230200000374, 36.97639599971246], [-121.94225900034604, 36.97641100001336], [-121.94211600023087, 36.976511000029966], [-121.94203500004002, 36.97654999988606], [-121.94192899973483, 36.97662699985594], [-121.94170399960392, 36.976748999741936], [-121.941378000089, 36.97692799977361], [-121.94104199963, 36.977082999982066], [-121.94092799982721, 36.97716000013033], [-121.94074899972706, 36.97724400007268], [-121.94057899984773, 36.977286999682676], [-121.94053399964191, 36.97731000006488], [-121.9405119999006, 36.977314000193076], [-121.94044300030362, 36.97735100029219], [-121.94038399985409, 36.97737199987491], [-121.9403500004172, 36.977400000027245], [-121.94028199974682, 36.97743500002371], [-121.94015000040065, 36.97752600022627], [-121.93998600036915, 36.9776540002718], [-121.93947300035815, 36.978056000237004], [-121.93982300016252, 36.97839700024759], [-121.93990000015542, 36.97846200029926], [-121.93960899990228, 36.97869800034033], [-121.93944499987076, 36.978844000066125], [-121.9392669995955, 36.97900500001903], [-121.93906400010422, 36.9792110003222], [-121.93883599960029, 36.97947500029949], [-121.93879700014053, 36.97950200003353], [-121.93868199961449, 36.979584000256764], [-121.93864399997967, 36.97961200031274], [-121.93844099959009, 36.97987000034366], [-121.93820600031175, 36.980171000350516], [-121.9379550002416, 36.980603999952685], [-121.93791800043167, 36.980702000225016], [-121.93780299990561, 36.98101000005421], [-121.93778199998921, 36.981067000165446], [-121.93772199971477, 36.98123899986468], [-121.93770199962329, 36.98129700014283], [-121.93757699994981, 36.981499000073676], [-121.93747700039069, 36.981647999732246], [-121.93735299964382, 36.98180000009467], [-121.93725700028266, 36.9819060000355], [-121.93703600034974, 36.98208700007374], [-121.93682299991438, 36.982201000075094], [-121.93658000024016, 36.98229699979263], [-121.93633199964474, 36.98236900021886], [-121.93610999988685, 36.98240999987301], [-121.9359059996724, 36.98242600002959], [-121.93568700028756, 36.98242299977625], [-121.93539900040749, 36.98240499968884], [-121.93501100006996, 36.98236799989449], [-121.93459699979319, 36.98228399986788], [-121.93420099995807, 36.98223900027674], [-121.93389700018443, 36.982223000080836], [-121.93358400019, 36.982228000276976], [-121.93331100037852, 36.98227299987457], [-121.93274800013882, 36.982482999797675], [-121.93213999969328, 36.98265400028071], [-121.93198300023276, 36.98265499988377], [-121.93189500036921, 36.983401000037084], [-121.9318889996231, 36.983445000065814], [-121.93187600010263, 36.98354599975839], [-121.93186900042994, 36.98360500002116], [-121.93184900033846, 36.983776999723474], [-121.93208699998982, 36.98380000029665], [-121.93244400036522, 36.983825000038244], [-121.93269899973502, 36.98384400009466], [-121.93275200033678, 36.98385600016566], [-121.93336499990687, 36.983872000018145], [-121.93356599974832, 36.983873999909775], [-121.9340429997743, 36.9838800003019], [-121.93617000016134, 36.98388599997598], [-121.93703799999956, 36.98388900017164], [-121.93729499991753, 36.98389299995396], [-121.93813699981645, 36.98389400025828], [-121.93978999965223, 36.983901999822145], [-121.94053199999207, 36.983901999822145], [-121.94113600023964, 36.98390500001717], [-121.94145300043206, 36.98390600032138], [-121.94153500044786, 36.98390600032138], [-121.9417799997719, 36.983906999907944], [-121.9418629996126, 36.98390800021207], [-121.9420550001315, 36.98390800021207], [-121.94263300043983, 36.98391099968932], [-121.94282599988537, 36.9839119999934], [-121.94308799982618, 36.98391300029747], [-121.94387700002169, 36.98391599977452], [-121.94413999978744, 36.983917000078534], [-121.94418599981819, 36.983917000078534], [-121.94432700028351, 36.983917000078534], [-121.94437400013915, 36.98391799966495], [-121.94490800006655, 36.98392000027297], [-121.94651200039682, 36.98392599994388], [-121.9469530004378, 36.9839279998341], [-121.94704700014913, 36.98392700024782], [-121.94747099957334, 36.98392400005366], [-121.94764899984857, 36.98392400005366], [-121.94815699983668, 36.98391000010276], [-121.94874400036583, 36.98388599997598], [-121.94885999981847, 36.98388200019333], [-121.94916799979005, 36.9838589996449], [-121.94945700039335, 36.983837999699695], [-121.9497410000755, 36.983814000267785], [-121.95146300040655, 36.983673000133514], [-121.9520369996186, 36.98362700033857], [-121.95213299987805, 36.98361799972021], [-121.9524240001312, 36.983592999910634], [-121.95252100021558, 36.98358500031428], [-121.95257300009413, 36.983580000207326], [-121.95272899972973, 36.983566000193115], [-121.9527820003315, 36.983561999676056], [-121.95281199957039, 36.983559000185096], [-121.95290600018005, 36.983550000276296], [-121.95293700014219, 36.9835479996586], [-121.95309799980068, 36.98354700006727], [-121.95370700007112, 36.98347899984229], [-121.95375999977456, 36.98347399972837], [-121.95513399995109, 36.98334499983315], [-121.95549700017425, 36.983309999684806], [-121.95622799974511, 36.98324000005735], [-121.95705100027583, 36.98316300032098], [-121.95735400022454, 36.98313300022557], [-121.95820500034431, 36.98304999992378], [-121.95826600044369, 36.98304400018378], [-121.95857000021728, 36.98301700027149], [-121.95859500033168, 36.98301400004145], [-121.95867300014945, 36.983006999982585], [-121.95869900008874, 36.98300500006816], [-121.95885200024962, 36.9829909999482], [-121.95931099983392, 36.9829490002904], [-121.9594639999948, 36.98293500016008], [-121.95954699983547, 36.982926999776936], [-121.95963999972189, 36.98291900011054], [-121.95979899973055, 36.982915999876646], [-121.95981700017222, 36.98290300005765], [-121.95988400011936, 36.98289700030606], [-121.95993400034807, 36.98289099983634], [-121.96008499996081, 36.9828769996954], [-121.96013600001444, 36.98287200025952], [-121.96054400044345, 36.982831999737456], [-121.96088900022495, 36.982802999830184], [-121.96098399976117, 36.98279199991191], [-121.961289000258, 36.98276100006856], [-121.96211199989041, 36.98269800002391], [-121.96244699962617, 36.98268199992454], [-121.9626940003967, 36.98266500021889], [-121.96273600022948, 36.982661999974965], [-121.9634140000969, 36.98264799979188], [-121.96354399979325, 36.98264999971569], [-121.96400300027587, 36.98265699980739], [-121.96438800024033, 36.98266900006556], [-121.96452499960938, 36.98267499983513], [-121.96493600041143, 36.98269499978128], [-121.96507399960537, 36.982701999868844], [-121.96520300037511, 36.98270800035342], [-121.9655180000194, 36.982721999807914], [-121.96551299999652, 36.98237100015001], [-121.96550399977568, 36.98190200014876], [-121.96549100025521, 36.98110900014459], [-121.96555200035456, 36.98110900014459], [-121.96556700042319, 36.97960699994468], [-121.96601699978667, 36.9795800002479], [-121.96684799981496, 36.979584000256764], [-121.96764899970606, 36.9795889999087], [-121.96779000017138, 36.97958699990443], [-121.96786399979119, 36.97958600026106], [-121.96800199988347, 36.9795849999001], [-121.96802199997495, 36.9795849999001], [-121.96804200006642, 36.98041300006235], [-121.96847200023674, 36.98040900009707], [-121.97005399992742, 36.98039700020002], [-121.97004499970659, 36.98000800000112], [-121.96971900019167, 36.9800110003497], [-121.96971900019167, 36.97969399969974], [-121.9696160002595, 36.97969399969974], [-121.9696160002595, 36.979643999646484], [-121.96961500043459, 36.978986999840636], [-121.9705669999384, 36.978978999759946], [-121.97068599976409, 36.978490999708235], [-121.97076399958188, 36.97817100019881], [-121.97081499963552, 36.97804899972205], [-121.97084999979563, 36.97786600007542]]]}, "properties": {"ZCTA5": "95010", "GEOID": "95010", "NAME": "ZCTA5 95010", "AREALAND": 3581425, "INTPTLAT": "+36.9763550", "INTPTLON": "-121.9547232", "zcta": "95010", "place": "95010 Capitola", "name": "ZCTA5 95010"}}, {"type": "Feature", "geometry": {"type": "Polygon", "coordinates": [[[-122.31768200041715, 37.18694499976215], [-122.31728300020897, 37.18426599971822], [-122.3172220001096, 37.18386000033013], [-122.31706300010093, 37.18279499974552], [-122.31704100035964, 37.182643000354744], [-122.31699699997871, 37.18234600022454], [-122.31698100008518, 37.18223799995273], [-122.31679699996216, 37.180895000048174], [-122.31624600031634, 37.176868000034766], [-122.31606300001822, 37.175525999780795], [-122.31592499992597, 37.17451700002325], [-122.3155109996492, 37.17149200003084], [-122.31538199977776, 37.17054500035297], [-122.31536699970914, 37.170485000074116], [-122.31536099986135, 37.17046200022897], [-122.31534300031801, 37.17038999995272], [-122.3153130001808, 37.17026899982111], [-122.3153080001579, 37.17024899989901], [-122.31528899989135, 37.17017500014118], [-122.31528200021866, 37.17014500021874], [-122.31527499964764, 37.17010300030729], [-122.31456400016825, 37.16551300031323], [-122.31346600017625, 37.158418999755625], [-122.3127520003238, 37.15380899974401], [-122.31247500031438, 37.15201899974544], [-122.31243299958327, 37.151749000311646], [-122.31178200037833, 37.14754500011143], [-122.31156899994299, 37.14722200028066], [-122.3114359998736, 37.14702000009547], [-122.31103699966543, 37.14641399988299], [-122.3109050003193, 37.14621300000209], [-122.31074600031062, 37.14597199978981], [-122.31027199975938, 37.14525199982251], [-122.31011500029884, 37.14501199974236], [-122.30995999958982, 37.144776000233705], [-122.30949500015774, 37.14407000012294], [-122.30934100017197, 37.143835000168956], [-122.30928199972242, 37.14374600014199], [-122.30866199958132, 37.14279799978525], [-122.30662899980393, 37.139689000066966], [-122.30595199976143, 37.138652999832395], [-122.30590400008084, 37.13858000035288], [-122.30588200033954, 37.13854599983552], [-122.30582600026305, 37.13846299966681], [-122.30576000014078, 37.13836500029945], [-122.30571199956191, 37.138293999947756], [-122.30509899999178, 37.13738399992901], [-122.30326000038318, 37.13465400008489], [-122.30264799973969, 37.13374499973345], [-122.30258199961742, 37.133646000219876], [-122.30203400034468, 37.132800999911005], [-122.30067299968864, 37.13070099979957], [-122.3006159997872, 37.130613999685735], [-122.30055999971073, 37.130527000188046], [-122.30019700038588, 37.12996599981505], [-122.2995849997424, 37.12902200011852], [-122.29924400015884, 37.12849699974856], [-122.29754799976705, 37.12599599972712], [-122.29648999995803, 37.12438600032076], [-122.29325100023361, 37.11945400003193], [-122.2932369999899, 37.119457999838765], [-122.29102400028749, 37.11610600019356], [-122.2909480001195, 37.1158930000382], [-122.28938200032235, 37.1134720001216], [-122.28977599960933, 37.11277499983912], [-122.29174399998772, 37.10909300033955], [-122.2920870001194, 37.108529999959046], [-122.29234400003733, 37.108107999818095], [-122.29253200035832, 37.10779900003678], [-122.29258199968872, 37.10774700025568], [-122.29265700003178, 37.1076660001949], [-122.29280799964452, 37.10750399981348], [-122.29287999961453, 37.10742800004578], [-122.29295199958456, 37.10735200020181], [-122.292903999904, 37.107340000294904], [-122.29285600022342, 37.10728499986135], [-122.29285600022342, 37.10715299994749], [-122.29280199979674, 37.107060000016595], [-122.29260299960511, 37.10685099996314], [-122.29208100027158, 37.10639499986365], [-122.29182099998062, 37.10621299996552], [-122.29163600003268, 37.10614200025669], [-122.291004000196, 37.105751000243956], [-122.290743999905, 37.10561399984993], [-122.29038700042793, 37.105344999725375], [-122.29003099987747, 37.10502600014527], [-122.28989299978521, 37.10489899988013], [-122.2898290002111, 37.104858999842776], [-122.2897360003247, 37.104801000037675], [-122.28961199957782, 37.10466299992757], [-122.28940599971348, 37.10452599971495], [-122.28924199968198, 37.104487000346495], [-122.28914600032081, 37.104520000254325], [-122.28884400019703, 37.104695999758725], [-122.28867199976956, 37.10471199995392], [-122.28856899983742, 37.104679000129735], [-122.28812799979644, 37.10446499992234], [-122.28803200043528, 37.10441300000157], [-122.28793600017583, 37.1043470000783], [-122.28780099955829, 37.104245000344335], [-122.28742399998977, 37.10389300026361], [-122.28736899973818, 37.103766999690585], [-122.28725300028552, 37.10361899967102], [-122.28710199977448, 37.10335999983652], [-122.28696500040544, 37.10321699985274], [-122.2867310000537, 37.10301999981872], [-122.28616199996623, 37.102716999661105], [-122.28559299987873, 37.10239799976027], [-122.28507200037015, 37.10200799994747], [-122.28503100036227, 37.101959000321365], [-122.28499600020217, 37.101865000277265], [-122.28483200017062, 37.10166700012296], [-122.28470099975107, 37.101442000068424], [-122.28441299987097, 37.10110700029341], [-122.28436500019038, 37.10101299990857], [-122.28428300017464, 37.1009310003313], [-122.28414599990727, 37.10063400018453], [-122.28407099956421, 37.100541000130775], [-122.28403600030244, 37.10044699976011], [-122.2838720002709, 37.1002269999764], [-122.28365200016286, 37.099903000004396], [-122.28349499980403, 37.099721999766174], [-122.28307600040269, 37.09933700016072], [-122.282809000439, 37.09904600010795], [-122.28265100025526, 37.09888099996557], [-122.28246600030732, 37.098710999768684], [-122.28233599971266, 37.098583999663454], [-122.28162299968513, 37.098022999737545], [-122.28138300038393, 37.097683000127425], [-122.28115700042812, 37.09746300019886], [-122.28108399973488, 37.09736600029448], [-122.28099199967338, 37.097243000347945], [-122.28081400029646, 37.097033999718796], [-122.28056700042424, 37.09675400003618], [-122.2804019996695, 37.09655600013759], [-122.28003900034464, 37.09618800031222], [-122.2796409999614, 37.09586900014669], [-122.2793120000734, 37.09562699984175], [-122.27898999985815, 37.0953580000791], [-122.2786130002896, 37.095082999869994], [-122.2780989995554, 37.09468099989712], [-122.27765300038986, 37.09424700015605], [-122.27762499990247, 37.094220000349225], [-122.27756399980309, 37.0940599997308], [-122.27746800044193, 37.09352200030571], [-122.27741999986306, 37.09301600024559], [-122.2773110000831, 37.09277999981831], [-122.27720800015094, 37.09266499988727], [-122.27700899995929, 37.09259899976073], [-122.27663800023853, 37.09262699973456], [-122.27652199988758, 37.09263699992748], [-122.27631600002327, 37.09280700013822], [-122.27612400040265, 37.09277999981831], [-122.27602099957217, 37.09237799980898], [-122.27594600012742, 37.091950000232245], [-122.27579499961637, 37.091586999699516], [-122.27567199959272, 37.091350999837864], [-122.27564499982853, 37.0910929999497], [-122.2754599998806, 37.09057099983938], [-122.27535699994846, 37.090175000174135], [-122.27531599994056, 37.08969099968406], [-122.27524099959749, 37.08912500022987], [-122.27513799966532, 37.08851500005837], [-122.27480899977736, 37.088048000214215], [-122.27433599994933, 37.087586000071894], [-122.27390199958107, 37.08722199975693], [-122.2738909997104, 37.08721299994358], [-122.27356799967022, 37.08713600022261], [-122.27280000028944, 37.086674000253964], [-122.27238900038569, 37.08644799971822], [-122.2718610003061, 37.086300000264245], [-122.2718129997272, 37.08620100033746], [-122.27168999970357, 37.086052000008436], [-122.27140199982347, 37.08580000022338], [-122.27126499955611, 37.08570600019707], [-122.27109999969967, 37.0856619999008], [-122.27090800007906, 37.08558000019245], [-122.27059300043477, 37.08538700033661], [-122.27025000030312, 37.08526599966764], [-122.27001699977629, 37.085139999648234], [-122.26989999960043, 37.08504600023665], [-122.26976300023139, 37.084870000232165], [-122.2697499998126, 37.084810000072046], [-122.26958499995617, 37.08452999965251], [-122.26939300033553, 37.08431000023531], [-122.26937300024406, 37.08425500028124], [-122.26898200043182, 37.08367799999943], [-122.26875599957769, 37.08338100030697], [-122.2687220001408, 37.083297999851894], [-122.26866000021653, 37.08274299974033], [-122.26862599988134, 37.08262300030536], [-122.26846799969759, 37.08235299980713], [-122.26827000022918, 37.08212199993139], [-122.26805500014403, 37.081782999658294], [-122.26800200044059, 37.081698999869964], [-122.26776999973868, 37.08099599974154], [-122.26762599979864, 37.08073699997462], [-122.26757100044537, 37.080529000154804], [-122.26756399987434, 37.080331000147545], [-122.26765400028603, 37.08005599987686], [-122.26764699971503, 37.079842000357324], [-122.26759200036176, 37.079682000201295], [-122.2674619997671, 37.07941899975761], [-122.26733200007077, 37.07919299980835], [-122.26722199956758, 37.07908899964343], [-122.26697600041861, 37.078945999721256], [-122.26697499969538, 37.07889100017553], [-122.26713299987912, 37.078665999859254], [-122.26727699981919, 37.07857200030344], [-122.26759999985937, 37.07842399980586], [-122.267722999883, 37.07833600005098], [-122.26797700032624, 37.07800099989496], [-122.26798399999892, 37.07790199987998], [-122.26796399990745, 37.07776999965894], [-122.26798399999892, 37.07773199992188], [-122.26797800015113, 37.077562000299345], [-122.26798499982382, 37.077441000040714], [-122.26794299999102, 37.07739099978858], [-122.26789500031045, 37.077375000274294], [-122.26771000036254, 37.077375000274294], [-122.26755899985147, 37.07750100029972], [-122.26755899985147, 37.0777429997157], [-122.26753899975999, 37.07781400023594], [-122.26748400040672, 37.077874000199756], [-122.2675179998436, 37.07802799974632], [-122.2674559999193, 37.07818199969673], [-122.26743500000293, 37.07838000029956], [-122.267250000055, 37.078478999690354], [-122.266921000167, 37.07855000023805], [-122.2667360002191, 37.07864900012361], [-122.26639999976013, 37.07861599969831], [-122.26607000004724, 37.07862700008057], [-122.26569299958037, 37.078445000131346], [-122.26533699992821, 37.07828599967241], [-122.26509000005603, 37.07813199993325], [-122.26480899984861, 37.07792799998331], [-122.26454899955762, 37.077681000075174], [-122.26440499961755, 37.07759300017463], [-122.26411699973748, 37.077356999741625], [-122.2638220001847, 37.076906000290535], [-122.26375400041265, 37.076736000249376], [-122.26373299959793, 37.07651000018632], [-122.26360299990158, 37.076262999958985], [-122.26353500012952, 37.07606500027808], [-122.26350699964212, 37.075911000328084], [-122.26343899987006, 37.07575200028885], [-122.26325399992213, 37.07553700027358], [-122.2631240002258, 37.07535100008858], [-122.26283600034569, 37.07507000003035], [-122.26276699985041, 37.07492699969529], [-122.26272599984254, 37.07490000017314], [-122.26257500022979, 37.07488899996687], [-122.26237000019039, 37.07496000029274], [-122.2622739999309, 37.07490500000574], [-122.26226700025822, 37.07485600005525], [-122.26230800026612, 37.07479000018892], [-122.26239000028185, 37.07467399965478], [-122.26245200020612, 37.07453199983444], [-122.26253500004681, 37.07443300030713], [-122.26265100039777, 37.07419600024028], [-122.26270599975103, 37.07394399974679], [-122.26268599965957, 37.07367399987581], [-122.26261100021479, 37.07355399970418], [-122.26250099971163, 37.073481999653424], [-122.2623430004262, 37.07339399989671], [-122.26213099981578, 37.073338999907335], [-122.2620349995563, 37.073240000255936], [-122.26193900019517, 37.073180000208865], [-122.2618570001794, 37.07309200010169], [-122.26188399994356, 37.07287199974541], [-122.2618570001794, 37.07274500006033], [-122.2617879996841, 37.07264700020319], [-122.26179500025513, 37.07248199992346], [-122.26176099991991, 37.072431999985035], [-122.26164499956896, 37.072405000291226], [-122.26154800038293, 37.07249799975343], [-122.2615409998119, 37.072564000181195], [-122.26145899979613, 37.07264600035022], [-122.2612949997646, 37.072722999737735], [-122.26125999960452, 37.072722999737735], [-122.26114400015187, 37.07285500014412], [-122.26097199972442, 37.072881999677705], [-122.26073900009592, 37.072822000064086], [-122.26043000029942, 37.072788999969674], [-122.26040299963692, 37.07273400025821], [-122.26039299959119, 37.072598000227075], [-122.26039000011647, 37.07254099995179], [-122.26031399994847, 37.07242100013746], [-122.26011499975685, 37.07220599999532], [-122.26015699958964, 37.0719309996418], [-122.26012300015277, 37.071634999669016], [-122.26008799999266, 37.07161299974117], [-122.26008200014488, 37.07156899986626], [-122.26005399965747, 37.07149200002378], [-122.25988999962594, 37.071277000114854], [-122.25982799970167, 37.071244000064844], [-122.25964299975374, 37.071244000064844], [-122.25945100013311, 37.07133800010428], [-122.25933399995724, 37.07136500017792], [-122.25929999962206, 37.07133200016626], [-122.25919099984212, 37.07105200014081], [-122.25923900042102, 37.0708980000446], [-122.2592800004289, 37.07084899965516], [-122.25941699979793, 37.070782999885125], [-122.25953399997378, 37.070656000285496], [-122.2595199997301, 37.07051300022774], [-122.25946500037684, 37.070424999892765], [-122.2592670000101, 37.070250000234594], [-122.25925299976639, 37.07022799990497], [-122.25931499969066, 37.07020000025809], [-122.25951300005741, 37.07020000025809], [-122.25969200015753, 37.07016699973949], [-122.2597669996023, 37.07011800031125], [-122.2597950000897, 37.06984900032653], [-122.25967200006606, 37.069491000225895], [-122.2595420003697, 37.0691230001591], [-122.25948700011813, 37.069067999939215], [-122.2593089998429, 37.068986000202024], [-122.25927399968282, 37.06888699988548], [-122.2592260000022, 37.06882600007495], [-122.25920799956057, 37.068759000073825], [-122.25917199957554, 37.06862900023436], [-122.25908899973486, 37.068508000056774], [-122.2590000000464, 37.068430999973586], [-122.25886199995415, 37.06825300028259], [-122.25870600031854, 37.06805700030066], [-122.25858999996758, 37.06772199989036], [-122.258534999716, 37.06765000003694], [-122.25842500011115, 37.067556999647216], [-122.25836300018688, 37.06753499996996], [-122.25820599982802, 37.06753499996996], [-122.25815099957644, 37.067595000182486], [-122.25814399990377, 37.06766099985966], [-122.25817099966793, 37.06773800000778], [-122.25824900038405, 37.067846000353775], [-122.25835599961586, 37.06799599982263], [-122.25836300018688, 37.06804000033689], [-122.25832899985167, 37.06807300034745], [-122.25826000025471, 37.06808400010883], [-122.25809600022318, 37.06799599982263], [-122.25797900004733, 37.06802899985234], [-122.25780800034308, 37.068044999904984], [-122.25777999985569, 37.06812199966326], [-122.2576979998399, 37.06819900006021], [-122.25756700031866, 37.068209999803315], [-122.25701900014758, 37.06800100011043], [-122.25685500011603, 37.067978999845145], [-122.25679999986446, 37.067935000012305], [-122.25675200018387, 37.0677479999003], [-122.2566829996886, 37.067626999750765], [-122.25644300038739, 37.06745699969443], [-122.25630600012005, 37.067318999672054], [-122.25630699994494, 37.067154999911146], [-122.25633399970916, 37.06703400024921], [-122.25633399970916, 37.066814000239034], [-122.25628600002857, 37.06667100010525], [-122.25628000018078, 37.06657799994876], [-122.25628699985347, 37.066428999760944], [-122.2561970003401, 37.066395999751876], [-122.25617700024861, 37.06584099992509], [-122.25608799966184, 37.065550000287814], [-122.2557670001698, 37.06514899990192], [-122.25557499965086, 37.06500600021324], [-122.25542400003812, 37.06481900004816], [-122.25540999979441, 37.06475300004848], [-122.25537600035753, 37.06472499981406], [-122.25528000009808, 37.064539000349725], [-122.255212000326, 37.064473000106425], [-122.25500599956337, 37.06438999974071], [-122.25498600037018, 37.06424200023637], [-122.25462899999482, 37.063944999677005], [-122.25444400004689, 37.063763000330816], [-122.25436899970383, 37.063626000011105], [-122.25430699977956, 37.063553999853774], [-122.25422899996174, 37.06340000030333], [-122.2541360000753, 37.06321399974059], [-122.25394500027961, 37.0626260000723], [-122.25379399976855, 37.06236699992452], [-122.25370500008012, 37.06218599965067], [-122.25364300015583, 37.0620380001474], [-122.25352699980488, 37.06192200017992], [-122.25326599968896, 37.06186099978593], [-122.25325999984119, 37.06179600007604], [-122.25334900042793, 37.06171900034758], [-122.25343800011642, 37.06159799989962], [-122.2534449997891, 37.061465999972846], [-122.25341800002494, 37.06130099974132], [-122.25333600000914, 37.0610430000938], [-122.25334900042793, 37.06089999983345], [-122.25341800002494, 37.06070800024808], [-122.25345900003282, 37.060668999836096], [-122.25354199987348, 37.06061399993783], [-122.25361700021654, 37.060521000240804], [-122.25367900014083, 37.060318000243946], [-122.25369300038454, 37.06014700027716], [-122.25366499989711, 37.06008099979702], [-122.25355600011716, 37.06005400000763], [-122.25350099986561, 37.06007599970402], [-122.25333000016138, 37.0600869999082], [-122.25318600022132, 37.06005400000763], [-122.25308999996186, 37.05997699994487], [-122.25291800043271, 37.059761999653844], [-122.25267900005812, 37.05957000005595], [-122.25247300019382, 37.059487000060635], [-122.25203399980266, 37.05940500000207], [-122.25155400030197, 37.05918500008896], [-122.25132199960005, 37.058921000211356], [-122.25125999967575, 37.05879400010595], [-122.25125999967575, 37.058674000048086], [-122.25122600023889, 37.05860200020901], [-122.25082000035805, 37.05811999968593], [-122.25068300009069, 37.05803700025505], [-122.25038799963956, 37.05798800015971], [-122.25025100027055, 37.05793299975169], [-122.24994199957574, 37.05772399970152], [-122.24970899994723, 37.05754299982061], [-122.24956500000718, 37.05749400012319], [-122.24940000015076, 37.057471999678135], [-122.2490369999276, 37.0574339998068], [-122.24850899984799, 37.05719799972707], [-122.24824100005938, 37.057158999661446], [-122.24801500010358, 37.05710500014409], [-122.24780199966824, 37.057022000319805], [-122.24744600001611, 37.056824999932836], [-122.2471229999759, 37.05652799972911], [-122.24678700041525, 37.056094000213236], [-122.24674600040737, 37.056049999938686], [-122.24645799962896, 37.05567099977637], [-122.24634800002411, 37.05547899986269], [-122.24613499958878, 37.055264999811996], [-122.2460249999839, 37.05510500013695], [-122.24595700021185, 37.055016999849265], [-122.24591500037906, 37.054934999978116], [-122.245840000036, 37.05478699995146], [-122.24568900042324, 37.054616999797084], [-122.24531199995637, 37.05435299979773], [-122.24493500038783, 37.054117000172155], [-122.2447770002041, 37.053991000010775], [-122.2442209996371, 37.053369999897185], [-122.24354199994475, 37.05276000026985], [-122.24324700039196, 37.05246899992479], [-122.24306200044406, 37.05223300017559], [-122.24292400035178, 37.052019000291104], [-122.24274600007654, 37.05159600008083], [-122.24240899979266, 37.051140000187985], [-122.2423550002643, 37.051095999908696], [-122.24214900039996, 37.05095300025885], [-122.24168200041971, 37.05067300028949], [-122.24129800028017, 37.05027800030448], [-122.24105800008067, 37.05010199990321], [-122.24085300004124, 37.050003000035865], [-122.24052300032837, 37.049799999860525], [-122.2404339997416, 37.049705999658975], [-122.23985799998142, 37.04892599997869], [-122.23965899978978, 37.0487229997906], [-122.23943899968177, 37.04855799980981], [-122.23875999998943, 37.04811899971778], [-122.23814999989403, 37.047646999676985], [-122.23802600004551, 37.04738900020643], [-122.23795800027345, 37.047305999792904], [-122.23782799967879, 37.04720699986344], [-122.23773800016541, 37.04710899999439], [-122.23770399983022, 37.046900000246005], [-122.23762199981445, 37.046767999844306], [-122.23731999969067, 37.046444000101204], [-122.2372169997585, 37.04625800027438], [-122.23714800016153, 37.04613099976846], [-122.23712100039735, 37.04608099966905], [-122.23688299984765, 37.045873000163986], [-122.23651700014976, 37.04555399980186], [-122.236435000134, 37.045494000082975], [-122.23638699955512, 37.04546100028905], [-122.23609200000232, 37.04525699994091], [-122.2358660000465, 37.045125999765645], [-122.23566900040302, 37.045013999907276], [-122.23548899957966, 37.044911999918135], [-122.23472100019887, 37.04447200002481], [-122.2345489997714, 37.04429100008448], [-122.23395200009483, 37.043857000137244], [-122.23336299991585, 37.043170000146], [-122.23332799975577, 37.04313200028336], [-122.23319800005942, 37.042972999651724], [-122.23316999957201, 37.042873999807256], [-122.23336200009095, 37.042812999875025], [-122.23338300000735, 37.04273600024317], [-122.2332730004025, 37.04270299996734], [-122.23314299980782, 37.04271399982185], [-122.23307400021085, 37.04269299964192], [-122.23301300011151, 37.04263800033808], [-122.23300600043879, 37.042594000149286], [-122.23306699963985, 37.04252200011129], [-122.23295100018721, 37.042466999966564], [-122.23283400001134, 37.04232999991515], [-122.23288900026294, 37.042286000264895], [-122.23283400001134, 37.04224799995976], [-122.23264900006343, 37.042109999974784], [-122.23248400020697, 37.04202199967672], [-122.23200399980796, 37.04169799975352], [-122.23175799976065, 37.041593999803645], [-122.23138700003989, 37.04130800028256], [-122.23120200009198, 37.041209999968146], [-122.23114000016768, 37.04113300014454], [-122.2311130004035, 37.04104500014811], [-122.23096199989246, 37.040934999829865], [-122.23065300009597, 37.0406329998836], [-122.23044100038388, 37.040442000206795], [-122.23028300020012, 37.04023199974856], [-122.23009800025221, 37.04008399973223], [-122.22991300030425, 37.03984199991738], [-122.2298029998011, 37.03962800023257], [-122.22960399960947, 37.0393310001329], [-122.22946700024043, 37.039029000259895], [-122.22936400030827, 37.03867699994614], [-122.2292129997972, 37.03837500034008], [-122.22910400001727, 37.038126000093825], [-122.22905499961348, 37.03801200004549], [-122.22897900034378, 37.03772700025149], [-122.22888999975702, 37.037490000242165], [-122.22884200007644, 37.037264999739435], [-122.22880100006857, 37.03709999995093], [-122.22862199996842, 37.03657300012419], [-122.2284510002642, 37.036149999886824], [-122.2283960000126, 37.03583700013702], [-122.22825899974526, 37.03543599977055], [-122.2281349998967, 37.03512200031567], [-122.22797000004024, 37.03458400007237], [-122.22780600000871, 37.0340730000399], [-122.22754499989281, 37.03337000024768], [-122.22746200005216, 37.03300699969131], [-122.2273530002722, 37.032985000036426], [-122.22724299976903, 37.03292499970667], [-122.22718099984476, 37.03284199997308], [-122.22714700040787, 37.03275999981029], [-122.22709899982897, 37.03255700013697], [-122.22708499958529, 37.03253500035174], [-122.2267900000325, 37.03219399999724], [-122.22658400016817, 37.03180900027831], [-122.22651600039612, 37.03162800026874], [-122.22652899991661, 37.03146899992816], [-122.22658400016817, 37.031264999991436], [-122.22660500008456, 37.03101300032549], [-122.2265359995893, 37.03052900019279], [-122.2265020001524, 37.030446999684], [-122.22644000022814, 37.0302929996436], [-122.22638499997655, 37.03022699973561], [-122.22635800021236, 37.0301889998495], [-122.22615200034804, 37.030018000126624], [-122.22589100023214, 37.029799000070334], [-122.22533600038834, 37.02926600009777], [-122.22515100044043, 37.029101000140635], [-122.22486299966202, 37.02900200013771], [-122.22478700039235, 37.02894700023967], [-122.22475300005716, 37.028848000036014], [-122.22482199965414, 37.02879899974261], [-122.22487600008081, 37.02871599980282], [-122.22470500037659, 37.02856800028994], [-122.22465500014788, 37.02844799977544], [-122.224650000125, 37.028436000287314], [-122.224642999554, 37.02833700013479], [-122.22463599988131, 37.02828199975521], [-122.22462300036082, 37.02810099994616], [-122.2246090001171, 37.02791999970574], [-122.22451299985765, 37.02776600027897], [-122.22409500028122, 37.02733699992208], [-122.22397800010538, 37.027145000055775], [-122.22378599958641, 37.02694699984219], [-122.22367599998157, 37.0267769997324], [-122.22359399996581, 37.026534999822644], [-122.22342200043667, 37.02624999998637], [-122.22322300024503, 37.025644999947815], [-122.22294899971035, 37.02525499978707], [-122.22288699978606, 37.02509599973176], [-122.22266800040126, 37.02499199999367], [-122.22214699999435, 37.02497000016872], [-122.22135199995105, 37.02471199966014], [-122.22127699960797, 37.024722999969335], [-122.2212289999274, 37.02475600017023], [-122.22118100024683, 37.02481599978152], [-122.22105099965216, 37.02515700027043], [-122.22096899963641, 37.02524500003248], [-122.22067400008363, 37.02525600026449], [-122.22031099986047, 37.02522300028081], [-122.2199540003834, 37.02515700027043], [-122.21954299958136, 37.02513000024969], [-122.2194270001287, 37.02508599995623], [-122.219200000348, 37.02492700026434], [-122.21910400008852, 37.02490499970342], [-122.21890599972181, 37.024894000137785], [-122.21869300018477, 37.02486099999683], [-122.21808999976213, 37.02466900032686], [-122.21784999956262, 37.02466300028455], [-122.21732200038132, 37.02471300014471], [-122.21691800015029, 37.02477299978995], [-122.21670600043817, 37.02472399973656], [-122.21644500032225, 37.02464699969123], [-122.2163420003901, 37.02459200022579], [-122.21593800015906, 37.02414699989176], [-122.2155540000195, 37.023685999741254], [-122.2152860002309, 37.023190999725905], [-122.21521799956052, 37.02299900013848], [-122.21520400021512, 37.022548000304624], [-122.21513600044307, 37.02236100023557], [-122.21507399962049, 37.02224599967304], [-122.21503299961259, 37.0222190000521], [-122.21492999968045, 37.02210300019016], [-122.21474499973252, 37.02192200000228], [-122.21465600004406, 37.021849999728396], [-122.21442300041555, 37.02173000007659], [-122.21430600023967, 37.02167499993377], [-122.2141959997365, 37.021619999751145], [-122.21414800005591, 37.021592000099304], [-122.21412100029175, 37.021581000053914], [-122.21402500003228, 37.02152599980324], [-122.21377800016008, 37.02142799977949], [-122.21353200011276, 37.021384000210745], [-122.21327799966957, 37.02127899988178], [-122.21302400012465, 37.02109799988247], [-122.21293500043623, 37.020983000277056], [-122.21281200041258, 37.020899999686605], [-122.21261999989362, 37.020873000304505], [-122.21244199961838, 37.020873000304505], [-122.21233899968621, 37.02081800025852], [-122.21216100030932, 37.02075699982187], [-122.21185300033773, 37.02080700010113], [-122.21169500015398, 37.020747000192436], [-122.21147599987088, 37.020747000192436], [-122.21120800008227, 37.020641999700324], [-122.21098899979917, 37.020443999750526], [-122.21095500036229, 37.02040599999098], [-122.21087900019428, 37.02037899971612], [-122.21079700017854, 37.0202410001538], [-122.21065300023848, 37.02011499971084], [-122.21048199963595, 37.020026999744324], [-122.2103579997874, 37.01993899967589], [-122.21026900009893, 37.01979600015419], [-122.21017299983947, 37.01966399997061], [-122.20999499956424, 37.01957100030668], [-122.20992699979216, 37.01944500018712], [-122.20983100043102, 37.01935700016186], [-122.20972799960055, 37.01934000004743], [-122.20957000031511, 37.0192190001778], [-122.20942600037507, 37.019004999758785], [-122.20926800019133, 37.018725000311285], [-122.2090830002434, 37.01854399996569], [-122.20895299964873, 37.01847200007687], [-122.20891199964085, 37.01832899994593], [-122.2087819999445, 37.01832399997161], [-122.20852800039961, 37.01822500026855], [-122.20826800010862, 37.017971999803784], [-122.20812400016858, 37.017747000293014], [-122.20791099973323, 37.0172580002256], [-122.20787700029636, 37.01702200004701], [-122.20788399996907, 37.01690100007241], [-122.20791800030426, 37.01682399998822], [-122.20784299996117, 37.016740999875324], [-122.2078150003721, 37.01668100034216], [-122.20783600028848, 37.016587999896274], [-122.20780799980106, 37.01653300033482], [-122.20772599978532, 37.016511000212205], [-122.20766399986103, 37.01649400017829], [-122.20756199975378, 37.016516000305835], [-122.20747899991309, 37.01649400017829], [-122.2072739998737, 37.016302000164096], [-122.20666399977833, 37.01523600002576], [-122.20663600018923, 37.01513699988585], [-122.20661600009774, 37.0150769998035], [-122.20660900042506, 37.01498899974054], [-122.20660900042506, 37.01484100002418], [-122.20656800041716, 37.01479700022742], [-122.2064649995867, 37.0147750003195], [-122.20638299957093, 37.01471400005236], [-122.20630700030124, 37.01453300019455], [-122.20625899972237, 37.01439500005686], [-122.2062179997145, 37.01429700016037], [-122.20611499978233, 37.0141479999073], [-122.20621100004182, 37.01403299982513], [-122.20619099995031, 37.01397799984905], [-122.20614900011752, 37.01393400026987], [-122.20608800001814, 37.01391200011213], [-122.20601900042116, 37.01391200011213], [-122.20584100014595, 37.013989000277796], [-122.20562900043383, 37.01401099969599], [-122.20549899983918, 37.013989000277796], [-122.20537499999062, 37.01392299983317], [-122.20519699971537, 37.01379699967283], [-122.20509399978323, 37.01370300008885], [-122.20498500000328, 37.013571000080084], [-122.2049089998353, 37.013482999707705], [-122.20488899974383, 37.01346700034638], [-122.20481299957582, 37.013422999754084], [-122.20467600020679, 37.01340100016567], [-122.20447700001516, 37.013395999867086], [-122.20377900005624, 37.01353899995643], [-122.20332600031973, 37.01352800017987], [-122.20323000006026, 37.013495000123136], [-122.20306600002871, 37.01336299975304], [-122.20299700043176, 37.01345100026437], [-122.20290799984497, 37.01346200005213], [-122.20286000016439, 37.013411999960674], [-122.20272299989706, 37.013445000053395], [-122.20261400011711, 37.013395999867086], [-122.20255100036792, 37.01346700034638], [-122.20251799985762, 37.01350599990453], [-122.2023460003285, 37.01348400034014], [-122.20200400002174, 37.01338999965177], [-122.20181900007381, 37.01330299970467], [-122.20153100019371, 37.0130879999194], [-122.20141400001786, 37.01305000006758], [-122.20116799997055, 37.013032999976666], [-122.20090100000688, 37.0129950000974], [-122.20073600015044, 37.01294000008737], [-122.2005369999588, 37.01284700008425], [-122.20026999999511, 37.01274799970138], [-122.20004400003931, 37.01267600005921], [-122.1998039998398, 37.01257199981804], [-122.19948900019554, 37.01245700022025], [-122.19919399974444, 37.012203999918725], [-122.19865999981705, 37.01167099987574], [-122.19846099962541, 37.01146200014546], [-122.19812500006475, 37.011061000213736], [-122.19803600037629, 37.01097900021042], [-122.19794000011682, 37.01089099970607], [-122.19789200043624, 37.01086900010206], [-122.19745399986999, 37.01059399985189], [-122.19741299986212, 37.01056099995584], [-122.19737100002934, 37.01051699983312], [-122.19728200034088, 37.01049000034835], [-122.19713199965473, 37.01049000034835], [-122.19691900011772, 37.01047299968487], [-122.19679600009408, 37.0103630002788], [-122.19676799960665, 37.01027499977852], [-122.19678900042136, 37.010132000003644], [-122.19681600018555, 37.0100170003005], [-122.19681600018555, 37.009968000055956], [-122.19678199985036, 37.009808000325904], [-122.19675799956092, 37.0097259996881], [-122.19671999992607, 37.00959399994522], [-122.19663100023762, 37.00947900014537], [-122.19661799981883, 37.00945700013265], [-122.19650800021398, 37.009385000242176], [-122.19637799961932, 37.00939599990107], [-122.19633699961143, 37.009407000275736], [-122.19622700000659, 37.00944599976523], [-122.19616500008232, 37.00950100015172], [-122.19597400028657, 37.00970900028837], [-122.19587800002714, 37.00975899994667], [-122.19576099985126, 37.0097750000886], [-122.19524100016757, 37.0097700002688], [-122.19506200006745, 37.009719999900376], [-122.19469899984426, 37.00953399979064], [-122.19423299968896, 37.00934699997354], [-122.193651000081, 37.00910499978047], [-122.19322599993355, 37.00881399998048], [-122.19255499973882, 37.00828599975437], [-122.19242400021754, 37.008093999806185], [-122.19234899987448, 37.007917999905914], [-122.19228000027753, 37.007802999722415], [-122.19223900026964, 37.007643999731094], [-122.19230100019391, 37.007395999883705], [-122.19227500025467, 37.00713499996303], [-122.19227400042975, 37.00711599998605], [-122.19230100019391, 37.00697900001133], [-122.19230100019391, 37.006873999863565], [-122.19230799986661, 37.00675300023081], [-122.19235600044551, 37.00657200006483], [-122.1923420002018, 37.006495000275756], [-122.19221199960717, 37.006495000275756], [-122.19203400023022, 37.00656700003433], [-122.19189699996288, 37.00657200006483], [-122.19162900017427, 37.00652299975157], [-122.19143099980755, 37.00643999986628], [-122.191306999959, 37.00630800015584], [-122.19119099960804, 37.00626399972316], [-122.19060200032739, 37.00621999998244], [-122.19033500036369, 37.00616000003401], [-122.19019800009636, 37.006093999964335], [-122.19006699967677, 37.00601200034144], [-122.18985499996468, 37.005814000292425], [-122.18971100002464, 37.00563200002431], [-122.18956700008458, 37.00533000031301], [-122.18951199983299, 37.00510499995954], [-122.18955299984088, 37.005022999987226], [-122.18969699978092, 37.00478599980603], [-122.18971100002464, 37.004714999825914], [-122.18962200033616, 37.004576999796], [-122.18957399975729, 37.004550000353476], [-122.18947099982512, 37.004538999993315], [-122.18936200004516, 37.004576999796], [-122.18925200044032, 37.00466000028065], [-122.18916299985355, 37.00480799973594], [-122.18905300024869, 37.00485200029393], [-122.1889639996619, 37.004758999720345], [-122.18890299956256, 37.00459400034345], [-122.18884099963826, 37.004510999786746], [-122.18866999993404, 37.004346999906865], [-122.18858700009335, 37.00430299977398], [-122.18849199965881, 37.004319000346975], [-122.18816299977084, 37.00440699985146], [-122.18797100015023, 37.00440199967857], [-122.18778600020231, 37.00433000002156], [-122.18753199975906, 37.0041489998255], [-122.18732699971964, 37.003983999842006], [-122.18719700002332, 37.00390200009527], [-122.18704600041058, 37.00379700000173], [-122.18701200007538, 37.003715000053305], [-122.18696400039481, 37.0036870002606], [-122.18690199957223, 37.00369800002669], [-122.18683399980017, 37.00367100027193], [-122.18683999964793, 37.00349999968977], [-122.18675799963219, 37.00349999968977], [-122.18670300027892, 37.00353299978175], [-122.18662799993584, 37.003605000193524], [-122.18660700001944, 37.00363199997166], [-122.18653900024738, 37.003665000006336], [-122.18636799964484, 37.00369800002669], [-122.18625800003998, 37.003764000024354], [-122.18617600002419, 37.003857999704785], [-122.18611400009993, 37.004054999787485], [-122.18607300009204, 37.00409900006397], [-122.18587399990044, 37.004050000308844], [-122.18582200002189, 37.00402700012005], [-122.18562799985312, 37.0039449997023], [-122.18543600023251, 37.00381400000622], [-122.18534699964572, 37.003758999809165], [-122.18531900005664, 37.00372899994577], [-122.18527100037608, 37.00367599977556], [-122.18523000036821, 37.00364299974566], [-122.18520299970571, 37.00356599985934], [-122.18516199969781, 37.00328600020231], [-122.18514800035241, 37.00318999971352], [-122.18513400010873, 37.00309399982091], [-122.18515500002512, 37.00298399978002], [-122.18522299979718, 37.0029179998226], [-122.18571700043992, 37.002555000108494], [-122.18582600021985, 37.002379000297175], [-122.18586800005265, 37.0020109998316], [-122.18583299989254, 37.00163199967367], [-122.18589900001479, 37.00145499980453], [-122.18590900006052, 37.001429000044396], [-122.18590900006052, 37.00140599978009], [-122.18590900006052, 37.001335000230355], [-122.18586100037996, 37.001290999788985], [-122.18584700013625, 37.00129400001555], [-122.18579899955735, 37.00130800035383], [-122.18568899995248, 37.00145599987789], [-122.18562100018045, 37.00145599987789], [-122.18544999957788, 37.001395999756575], [-122.18501100008508, 37.00138499965743], [-122.18453999990689, 37.00131400008808], [-122.18449700024918, 37.00130800035383], [-122.18426399972235, 37.001335000230355], [-122.1841480002697, 37.00137400027416], [-122.18403100009385, 37.001478000054014], [-122.1839559997508, 37.001505999942815], [-122.18386700006232, 37.001500000223714], [-122.18378500004656, 37.001472999688424], [-122.18370300003077, 37.001423000319214], [-122.1836889997871, 37.00136300017182], [-122.18370300003077, 37.00120300026476], [-122.18384000029813, 37.000973000212], [-122.18379900029026, 37.00093999972627], [-122.1837099997035, 37.00094500012691], [-122.18344899958758, 37.001021999798134], [-122.18333999980764, 37.00104400009979], [-122.18297599975956, 37.00118699975334], [-122.18280500005534, 37.001220000131866], [-122.18255900000804, 37.00123100025489], [-122.18244900040318, 37.001192000137735], [-122.18238699958057, 37.001142999943795], [-122.18236700038742, 37.00106599967769], [-122.18244199983216, 37.00098900005104], [-122.18257900009954, 37.00089000000656], [-122.18251800000017, 37.00080200001822], [-122.1823940001516, 37.0007530002903], [-122.18217499986848, 37.00088500031973], [-122.18202400025574, 37.000922999796565], [-122.18194899991268, 37.000922999796565], [-122.18191999960035, 37.00090900010482], [-122.18181199964532, 37.00085700020223], [-122.18172999962955, 37.0007530002903], [-122.18152399976525, 37.000191999940306], [-122.18151700009254, 37.000142999819325], [-122.18162699969739, 37.00001599968085], [-122.1816540003599, 36.99995000001663], [-122.18163799956805, 36.999741000343136], [-122.18129299978655, 36.99973800005529], [-122.18049000024565, 36.99973399967133], [-122.18062999998774, 36.99991699980427], [-122.18083900022512, 37.000191999940306], [-122.18092100024087, 37.00029699999075], [-122.18101900015016, 37.00036799979235], [-122.18123599988515, 37.00052699993615], [-122.18126400037255, 37.00058800011063], [-122.18125699980155, 37.0006320002414], [-122.18116100044038, 37.00071999970908], [-122.18097599959415, 37.00077499995241], [-122.1809150003931, 37.00077999964648], [-122.18068100004137, 37.00080200001822], [-122.1806619997748, 37.00080600034599], [-122.18059800020069, 37.00081899997497], [-122.18040900005481, 37.000860999809674], [-122.18034600030562, 37.000875000227694], [-122.18037100041998, 37.000900000096614], [-122.18044900023777, 37.00097799989306], [-122.18047500017704, 37.00100399980741], [-122.17997499968654, 37.00132199997217], [-122.17956499960772, 37.001571000336796], [-122.17885499995324, 37.00190599999597], [-122.17867500002818, 37.00202600010377], [-122.17854699998166, 37.00219999988773], [-122.1785059999738, 37.00226699981378], [-122.17838899979792, 37.00246399971481], [-122.17824599968277, 37.00262499989574], [-122.17812299965914, 37.00270799964195], [-122.17795600015286, 37.0028200001931], [-122.17784800019783, 37.00294900005974], [-122.17778000042577, 37.00308800022714], [-122.17769500003695, 37.003323999913896], [-122.17760299997543, 37.0035059999684], [-122.17750300041635, 37.003644999834854], [-122.1773829998674, 37.003778999950654], [-122.17723200025468, 37.00390200009527], [-122.17685099958986, 37.00416300035545], [-122.17649199956465, 37.004357000259624], [-122.17616799969957, 37.004606000010234], [-122.17588499984234, 37.00489199999655], [-122.17581600024539, 37.00500900033301], [-122.17577199986444, 37.00516800009697], [-122.17578799975794, 37.00568400024785], [-122.17574199972722, 37.00585700025269], [-122.17558100006872, 37.00619599972181], [-122.17558199989364, 37.00637200002232], [-122.17564499964283, 37.006589000166144], [-122.17567200030533, 37.00689199989919], [-122.17559199993937, 37.00735300007663], [-122.17558199989364, 37.007693000039055], [-122.17554699973356, 37.00787399968784], [-122.17550099970279, 37.008010000214405], [-122.17542500043312, 37.00813099999836], [-122.1753760000293, 37.00825800021059], [-122.17523200008927, 37.008876999913326], [-122.17517500018786, 37.00916300032974], [-122.17511599973831, 37.00938700018025], [-122.17509499982191, 37.00963400002194], [-122.17516000011923, 37.009845999646664], [-122.17552699964205, 37.010560000002265], [-122.1757049999173, 37.01078300008902], [-122.17587599962152, 37.01097599964879], [-122.17593000004818, 37.0110740002411], [-122.17602399975951, 37.011302999917596], [-122.17617500027058, 37.01158999975333], [-122.17623299999687, 37.011605000287254], [-122.17635000017275, 37.011598999930584], [-122.17649400011278, 37.01165999982876], [-122.17658299980125, 37.01175800025647], [-122.17666499981704, 37.01194000020316], [-122.17666499981704, 37.01219299994888], [-122.17661700013642, 37.0123790000073], [-122.17650699963328, 37.01254800012844], [-122.17628099967747, 37.01289599990727], [-122.17585600042834, 37.013747999713424], [-122.1756570002367, 37.014054999947845], [-122.17553400021305, 37.01419299998563], [-122.17534199969411, 37.01448399999245], [-122.17510200039294, 37.01488499979547], [-122.1749440002092, 37.01509900034133], [-122.17448499972656, 37.01561000034668], [-122.17436199970288, 37.015697999690566], [-122.17388899987488, 37.01581900014619], [-122.17329999969591, 37.01595599996717], [-122.1730799995879, 37.01603900022026], [-122.1728059999515, 37.01618699975517], [-122.17262799967628, 37.01636799997711], [-122.17215499984827, 37.0169230000821], [-122.1719459996109, 37.0172580002256], [-122.171832999633, 37.01743999991137], [-122.17150399974503, 37.01795000009779], [-122.17098999990911, 37.018538000156894], [-122.17055800008897, 37.018901000289404], [-122.16971500036513, 37.019642999871344], [-122.16956100037933, 37.01979600015419], [-122.16946799959459, 37.0198900000908], [-122.16898800009389, 37.02057100018701], [-122.16862499987073, 37.02115299972579], [-122.16816499956317, 37.022175000224266], [-122.16804900011053, 37.02244499974441], [-122.16800100042995, 37.02263099981196], [-122.167925000262, 37.02313200005372], [-122.16777399975093, 37.02348900033595], [-122.16772000022256, 37.0236810001194], [-122.16767800038977, 37.024225000217676], [-122.16767099981877, 37.02439500030117], [-122.16755500036612, 37.0252300000395], [-122.1674039998551, 37.025632000261574], [-122.1673419999308, 37.02577999975764], [-122.16708800038589, 37.02619200028632], [-122.16645099962804, 37.0269560003521], [-122.16623800009103, 37.02721899980027], [-122.1660740000595, 37.027323999808274], [-122.16568300024723, 37.027483000220236], [-122.16543300000197, 37.027645000202966], [-122.16535400035926, 37.02769699970801], [-122.16516900041135, 37.027868000353344], [-122.16492900021183, 37.028054000051945], [-122.16448300014798, 37.02850800005642], [-122.16432599978916, 37.028670000004496], [-122.1641400000163, 37.028994000298425], [-122.16392800030421, 37.02943299982419], [-122.16376300044777, 37.02968600013161], [-122.16357799960153, 37.02986199981722], [-122.16317400026881, 37.030053999987054], [-122.16274200044867, 37.03015300005306], [-122.1621590001175, 37.030219000025355], [-122.16211100043691, 37.030245999671514], [-122.16191899991799, 37.030312000280134], [-122.16180299956703, 37.0303640001108], [-122.16210200021607, 37.03049499994006], [-122.16240199979173, 37.030626000260575], [-122.1625619996253, 37.03069600001072], [-122.16272200035716, 37.030765000008614], [-122.16300000019153, 37.03088600013429], [-122.1632780000259, 37.031007999751644], [-122.16496799967157, 37.03174599999508], [-122.16518199993182, 37.03184000020501], [-122.16708699966267, 37.032670999769486], [-122.16766400014609, 37.032922999670916], [-122.16824199955607, 37.03317500017041], [-122.172938000196, 37.035225000179494], [-122.17446700018321, 37.035892999685274], [-122.1776339999376, 37.0372759996648], [-122.17726999988952, 37.03768899981568], [-122.17719500044475, 37.037826000354], [-122.17698899968214, 37.038013000354866], [-122.17685200031309, 37.038150000308605], [-122.17675600005362, 37.03831499996665], [-122.17662600035729, 37.03845799976268], [-122.17596799968302, 37.038804000015276], [-122.17574199972722, 37.038874999696], [-122.17555000010658, 37.039029000259895], [-122.17528200031798, 37.039133000138044], [-122.17515199972334, 37.039304000131416], [-122.17454900019898, 37.039650000114044], [-122.17445999961218, 37.039738000293326], [-122.17435099983223, 37.0398280002245], [-122.17422699998369, 37.03996799990537], [-122.1740870002416, 37.04019699997424], [-122.17392499985988, 37.04046300029238], [-122.17389399989774, 37.040556999750656], [-122.17385600026293, 37.040671999837336], [-122.17384899969193, 37.04085899999923], [-122.17386299993561, 37.04090400003076], [-122.1739039999435, 37.04104000023486], [-122.174136999572, 37.04144699983841], [-122.17351800015412, 37.04330500035331], [-122.17619399963881, 37.046806000037776], [-122.17971600011875, 37.04734899993207], [-122.1800929996873, 37.04762899997577], [-122.18044199966678, 37.04796999984268], [-122.18061400009421, 37.04819500016694], [-122.18104599991435, 37.049019000264956], [-122.1811549996943, 37.04940900027072], [-122.18132000044905, 37.04988200026158], [-122.18145000014538, 37.05029899982002], [-122.18147699990956, 37.05060700017186], [-122.18175800011699, 37.05138199983401], [-122.18179900012485, 37.051574000076585], [-122.1819160003007, 37.051882000272684], [-122.18230000044028, 37.05249699966402], [-122.18234100044815, 37.05260699971756], [-122.18234800012084, 37.05270099991063], [-122.18226500028017, 37.05292599983133], [-122.18238900012871, 37.05380000024919], [-122.18236099964132, 37.05411800026932], [-122.18232800002934, 37.054165999899645], [-122.1821759996934, 37.05439299996527], [-122.1819570003086, 37.05485500019329], [-122.18182599988904, 37.055338000031114], [-122.18168199994898, 37.05558500030075], [-122.18106500018092, 37.05616799970496], [-122.18073600029295, 37.056404000120715], [-122.18051000033715, 37.056595999844575], [-122.18024199965024, 37.05687099987976], [-122.17996800001384, 37.057168000174705], [-122.17968699980646, 37.0575630001416], [-122.17961200036169, 37.05770099999016], [-122.17961800020946, 37.057826999726196], [-122.17966599989003, 37.05803600020948], [-122.17972100014163, 37.058118000313904], [-122.1801189996266, 37.05854700024607], [-122.18013899971807, 37.05866799982511], [-122.1800500000296, 37.058772000037834], [-122.17987199975437, 37.05884899988979], [-122.17960499979067, 37.058915000007964], [-122.17935799991847, 37.05900300007619], [-122.17926900023001, 37.05906299986867], [-122.17852100004238, 37.06001399995688], [-122.17847300036182, 37.06012899995641], [-122.1784800000345, 37.06023400033358], [-122.17852799971509, 37.06036000016428], [-122.17869799959439, 37.06064200025597], [-122.17874699999818, 37.060722999684344], [-122.17882900001398, 37.06098099970324], [-122.17884999993035, 37.06119000010056], [-122.17878800000608, 37.06145399996809], [-122.17861700030186, 37.061837999894955], [-122.17841100043752, 37.062079999832335], [-122.17828800041389, 37.06214000005877], [-122.17812299965914, 37.0621180002441], [-122.1779650003737, 37.062052000044986], [-122.17776700000698, 37.06191500021943], [-122.17747199955588, 37.06169499969941], [-122.17724599960007, 37.06149699997625], [-122.17713000014743, 37.06141999994436], [-122.17700600029887, 37.06133799982443], [-122.17674500018296, 37.06122800024127], [-122.17663499967979, 37.06121700020247], [-122.17653900031866, 37.06123900027847], [-122.17640899972399, 37.06132699980164], [-122.17625100043855, 37.06167299975571], [-122.1761760000955, 37.0617390002846], [-122.1760659995923, 37.06176100020917], [-122.17559299976429, 37.06172300033544], [-122.17542899973276, 37.0617390002846], [-122.17535299956478, 37.06176600019112], [-122.17527100044732, 37.06168399972838], [-122.1750930001721, 37.061403999927926], [-122.17496199975254, 37.06124400029483], [-122.17469499978883, 37.06101399991745], [-122.17407800002078, 37.060589999656955], [-122.17379000014068, 37.0604750003562], [-122.17351599960598, 37.06041400023246], [-122.17298800042471, 37.0603269996656], [-122.17266600020942, 37.06030500004205], [-122.1722000000541, 37.060359000149376], [-122.17204900044138, 37.06039199991727], [-122.1711919995755, 37.06063900022239], [-122.17051299988313, 37.06059499971608], [-122.17019700041395, 37.060562000036484], [-122.16983400019079, 37.06047400034282], [-122.16952600021925, 37.06048499977248], [-122.16896999965223, 37.06066699981438], [-122.16890299970507, 37.060672999879266], [-122.1687920002753, 37.060682999986255], [-122.16859300008367, 37.060665999803525], [-122.16833199996776, 37.06062800009819], [-122.168249999952, 37.06063900022239], [-122.16809199976825, 37.060726999724665], [-122.16803800023987, 37.06080799977914], [-122.1679760003156, 37.060902999856715], [-122.16790000014763, 37.0610450001056], [-122.16787599985818, 37.06112199980124], [-122.16781800013186, 37.06131999978626], [-122.1677290004434, 37.061435999957425], [-122.16752299968076, 37.06157299993114], [-122.16743800019027, 37.06160799988474], [-122.16726300028807, 37.061682999730934], [-122.16709800043165, 37.06173200030723], [-122.16672799963746, 37.06189100035013], [-122.16624800013678, 37.062040000132924], [-122.16542499960605, 37.06236899990142], [-122.16527399999333, 37.062408000156275], [-122.16454000004941, 37.0624299998869], [-122.1642730000857, 37.0624899998365], [-122.16405999965038, 37.06255599965456], [-122.16389599961886, 37.062666000179576], [-122.16351800022538, 37.0631709999888], [-122.16352499989807, 37.06326999988094], [-122.16357299957865, 37.06335799991552], [-122.16384700011336, 37.06351700013462], [-122.16390900003762, 37.06362699998294], [-122.1639979997261, 37.06399500019289], [-122.16409399998558, 37.064269999932236], [-122.16414900023715, 37.06436899982377], [-122.16433400018508, 37.06458300000213], [-122.16435400027655, 37.064687999949285], [-122.16436099994927, 37.06530300020253], [-122.16429900002497, 37.065457000190484], [-122.1640110001449, 37.06587500011777], [-122.16400399957386, 37.06601100001932], [-122.16399699990119, 37.066138000229024], [-122.16407899991692, 37.06630900031091], [-122.16405899982546, 37.066396999687186], [-122.1639900002285, 37.06647900007305], [-122.16375000002898, 37.06662700023037], [-122.1636749996859, 37.066769999730305], [-122.16358500017255, 37.06721499970747], [-122.16341399956998, 37.06740199970002], [-122.16311900001722, 37.067550000206715], [-122.16281699989341, 37.06773700009014], [-122.1626250002728, 37.06795100008478], [-122.16252200034063, 37.0681160001876], [-122.16246100024128, 37.068401999754414], [-122.16237800040062, 37.06853900004959], [-122.16222699988953, 37.06869299991851], [-122.16203500026893, 37.06882500017166], [-122.1618710002374, 37.068901999854845], [-122.16179300041958, 37.06892900007901], [-122.16118499997405, 37.06914300029429], [-122.16104799970668, 37.06923099996646], [-122.16100000002612, 37.06930299975262], [-122.16095800019333, 37.06940200024294], [-122.16086199993386, 37.06952199981693], [-122.16062199973433, 37.069736999683855], [-122.1604989997107, 37.069797000304696], [-122.15988899961533, 37.06992900006996], [-122.15962800039773, 37.070006000065824], [-122.15949799980307, 37.070088000133765], [-122.1594359998788, 37.07019199974272], [-122.15942199963509, 37.070280000348056], [-122.15940800028972, 37.07044499968466], [-122.1593730001296, 37.0706069997397], [-122.15936700028182, 37.07063699971189], [-122.15925699977865, 37.07083499994767], [-122.15904500006656, 37.071048999802166], [-122.15894899980708, 37.071233000045], [-122.1588519997227, 37.07142299977271], [-122.15874999961544, 37.071510999666366], [-122.15822099971092, 37.07182399995929], [-122.15789199982295, 37.072104000001396], [-122.15784099976933, 37.0721790002211], [-122.15771400044606, 37.072367999872355], [-122.15752199992711, 37.072482999778536], [-122.15733600015427, 37.072555000061094], [-122.15685599975524, 37.072802000182335], [-122.1567810003105, 37.07286800034547], [-122.15661599955575, 37.07305999997225], [-122.1561979999793, 37.073344999686576], [-122.15599200011499, 37.07355399970418], [-122.15549599982243, 37.07421000004405], [-122.15532000009534, 37.07444399986281], [-122.15525099960004, 37.074823000129264], [-122.15510699966, 37.075142000006764], [-122.15507200039822, 37.07535599989144], [-122.15515400041399, 37.07595000007042], [-122.15513299959927, 37.076317999977704], [-122.15491400021448, 37.07682900013359], [-122.15487900005436, 37.077124999899794], [-122.1548380000465, 37.07721300034351], [-122.15472800044164, 37.077362000128915], [-122.15441299989907, 37.077647000158265], [-122.15433699973109, 37.077834000229174], [-122.15423399979892, 37.07855400005496], [-122.15422700012621, 37.07890000026025], [-122.15442499959462, 37.08037299973623], [-122.15439100015774, 37.08062499964636], [-122.15437699991404, 37.08079000012342], [-122.15441100024923, 37.08091699995069], [-122.15448700041723, 37.081031999791286], [-122.15463700020506, 37.081197000099195], [-122.15463700020506, 37.08133400021225], [-122.15455500018929, 37.0815049997131], [-122.15443100034072, 37.08163100004141], [-122.15429400007338, 37.0817410001341], [-122.15406800011756, 37.081888999889685], [-122.15390300026114, 37.08202600018551], [-122.15353900021306, 37.08224599978155], [-122.15333400017364, 37.08244899985558], [-122.15291499987399, 37.08299899995452], [-122.15275699969023, 37.08316900028532], [-122.15260600007748, 37.083488000163804], [-122.15253699958221, 37.083712999785156], [-122.15249599957431, 37.08413100013414], [-122.15244100022105, 37.08478400017903], [-122.15238599996947, 37.08508100010742], [-122.15230300012878, 37.08535600006516], [-122.15235800038036, 37.08555899969356], [-122.15244700006885, 37.08570699987782], [-122.15262600016896, 37.08587800026346], [-122.15289999980534, 37.086175000204946], [-122.15299600006483, 37.08652599980804], [-122.1531400000049, 37.08676300002947], [-122.15319400043153, 37.087004000314145], [-122.15321500034796, 37.08722399979494], [-122.15330300021148, 37.0879769999629], [-122.15342000038736, 37.08873500016938], [-122.15342000038736, 37.08875599978829], [-122.15342000038736, 37.08882900002211], [-122.15337799965626, 37.08892800009922], [-122.15334400021938, 37.089274000250484], [-122.15319299970832, 37.08958700030643], [-122.15298699984402, 37.089745999993156], [-122.15289800015553, 37.089840000025085], [-122.15282199998755, 37.08997200001034], [-122.1527330002991, 37.090175000174135], [-122.15261600012322, 37.09033999992782], [-122.15252099968866, 37.090420999883925], [-122.15210899996002, 37.090779000050674], [-122.15193700043089, 37.09090500001128], [-122.15181400040724, 37.0910040002428], [-122.15180699983624, 37.091109000151626], [-122.15175099975974, 37.091548000119225], [-122.15173099966826, 37.0917129997498], [-122.15129899984812, 37.09217999994027], [-122.15118900024325, 37.092284000058825], [-122.15094900004375, 37.09241099997563], [-122.14862599983817, 37.09551300020013], [-122.14683499991011, 37.09788200018346], [-122.14675399971927, 37.0981350001517], [-122.146699000366, 37.09823400025201], [-122.14657299996928, 37.09840500031591], [-122.14647300041017, 37.098540999906795], [-122.14628699973902, 37.098744000043226], [-122.14612299970752, 37.098985999706926], [-122.14601499975248, 37.09919900012729], [-122.14598499961524, 37.09926100007996], [-122.14593699993466, 37.099414999881496], [-122.14586800033767, 37.099732999951335], [-122.1457789997509, 37.09990400021432], [-122.14559399980297, 37.10011799969376], [-122.14542200027385, 37.10028300000802], [-122.14527099976279, 37.10054599970516], [-122.14423700024322, 37.10142000019278], [-122.14406999983862, 37.10156199979857], [-122.14393400029451, 37.10165500003182], [-122.14377500028587, 37.10176499972125], [-122.14369200044517, 37.10185300021754], [-122.14350300029929, 37.10205600007689], [-122.14334299956741, 37.1022259999323], [-122.14302700009823, 37.102567000106376], [-122.14258000020946, 37.10307300014738], [-122.1425459998743, 37.103314000146725], [-122.1425259997828, 37.10338800013244], [-122.14250700041454, 37.103456999947404], [-122.14243600026943, 37.103726999771915], [-122.14233300033729, 37.104198999759106], [-122.14243500044451, 37.10445200012458], [-122.1424899997978, 37.10452900016157], [-122.14369599974484, 37.106513000099305], [-122.14397000027951, 37.10715000032124], [-122.14411400021957, 37.10724900010305], [-122.14442999968873, 37.107469000269255], [-122.14453299962089, 37.10755200004221], [-122.14469199962957, 37.10762199975408], [-122.1448070001556, 37.1076730002301], [-122.14508099979199, 37.10774999985828], [-122.14556899968863, 37.107743999936595], [-122.14578799997173, 37.107809999765486], [-122.1459460001555, 37.10788699997075], [-122.14606900017914, 37.10798099970586], [-122.14623400003558, 37.10815099987554], [-122.14560499967364, 37.10839300029328], [-122.14568500003956, 37.10840399993572], [-122.14592100004113, 37.1084730001962], [-122.14608400024777, 37.10854000020211], [-122.14625800032502, 37.10864400007245], [-122.14638299999851, 37.10874099986418], [-122.14668199974923, 37.10903899983557], [-122.14696600032968, 37.10938100022803], [-122.14720099960802, 37.10974500012211], [-122.14722900009541, 37.109786999887106], [-122.14771199996916, 37.110392999736995], [-122.14781699955117, 37.11048200030905], [-122.1479549996434, 37.11055899994679], [-122.14810600015447, 37.110619999846165], [-122.14894800005342, 37.110822999850335], [-122.14920800034444, 37.1109060002458], [-122.14945100001867, 37.110998999752276], [-122.1496989997158, 37.111112999731006], [-122.14977599970868, 37.11115800035404], [-122.14994800013613, 37.11125799997127], [-122.15014800015267, 37.11138100008588], [-122.15039400019998, 37.111564999855254], [-122.15064100007216, 37.11178300027257], [-122.15090499966283, 37.11203799976064], [-122.1512059999617, 37.11236899972287], [-122.15142199987177, 37.112595000313775], [-122.15159799959889, 37.112767000235436], [-122.15177500004918, 37.1129379997286], [-122.15180900038438, 37.11297100025245], [-122.15202500029444, 37.11318400003135], [-122.15214599976996, 37.113294000170214], [-122.15245200009171, 37.113523000239766], [-122.15263899968946, 37.1136390000577], [-122.15323799991417, 37.11397100020937], [-122.15370700044254, 37.11423799974139], [-122.15394699974371, 37.11439399993366], [-122.15410099972954, 37.11452200005345], [-122.15423700017197, 37.1146449998807], [-122.15437899956387, 37.11479599988467], [-122.15510400018528, 37.115850000078794], [-122.15532400029329, 37.11615099999835], [-122.15550699969309, 37.11643500029844], [-122.15587099974114, 37.116995999962604], [-122.15617500041309, 37.11749299979329], [-122.15634500029242, 37.117785999838134], [-122.15661899992878, 37.118235000339666], [-122.15730400036722, 37.11925999983408], [-122.15859900000271, 37.12096400020326], [-122.15909299974712, 37.121606000251134], [-122.15920599972502, 37.121781000238], [-122.15930899965718, 37.12202900029606], [-122.15933499959645, 37.12226499985095], [-122.1593079998323, 37.123040999804466], [-122.1593510003883, 37.12329699995653], [-122.15943699970371, 37.12348700024273], [-122.1595909996895, 37.123645999689636], [-122.1603859997328, 37.12432400016421], [-122.16076999987234, 37.124625999939674], [-122.16096700041415, 37.124759000075244], [-122.16129200010417, 37.124939999927456], [-122.16223899958511, 37.125400000294775], [-122.16245600021838, 37.12555800014958], [-122.16264199999124, 37.12574199984587], [-122.16279099995417, 37.1259259998111], [-122.16302500030588, 37.12627000029006], [-122.16306600031378, 37.12633700030556], [-122.16342299979082, 37.12691800029369], [-122.16395800044144, 37.12780699988306], [-122.16404899977971, 37.12793100016893], [-122.16417799965117, 37.12807999978165], [-122.16437600001787, 37.128227999981405], [-122.16489700042477, 37.12852199984874], [-122.16529900010768, 37.128749000036855], [-122.16842400002928, 37.12740000031245], [-122.16880499979577, 37.12733399965321], [-122.16978099958902, 37.12861300025836], [-122.17075200025774, 37.129884000074746], [-122.17075899993041, 37.12989299983224], [-122.17078099967173, 37.12992200015759], [-122.17078900006766, 37.129931999723894], [-122.17206299978675, 37.131639999651554], [-122.17226100015347, 37.131905000316785], [-122.17217699958957, 37.13194799975076], [-122.17154399992798, 37.132256999811275], [-122.17188299986171, 37.13275800024562], [-122.17095499974903, 37.1333020003244], [-122.17080400013629, 37.13336500005584], [-122.17158900013382, 37.13393500028893], [-122.17572400018388, 37.136543999891906], [-122.1758880002154, 37.13676400015512], [-122.17716399958431, 37.13847300025282], [-122.17728199958508, 37.13847600007028], [-122.17740100030909, 37.138480000304135], [-122.17768900018916, 37.13847800018721], [-122.17801300005428, 37.13848399982166], [-122.17819200015441, 37.138512000019006], [-122.1782540000787, 37.13853300016026], [-122.17830799960704, 37.138564999852704], [-122.17846599979079, 37.13871600012116], [-122.17852500024034, 37.13878799977313], [-122.1785920001875, 37.138869000194816], [-122.17866400015751, 37.13898299973958], [-122.1787050001654, 37.139064999645136], [-122.17879800005181, 37.13929599990554], [-122.17883800023479, 37.13936999981498], [-122.17888099989248, 37.1394290000393], [-122.1789450003649, 37.13950400022162], [-122.17905400014486, 37.13962300010051], [-122.17917799999343, 37.1397349998576], [-122.17923200042011, 37.13977799985461], [-122.17931299971262, 37.13983100023356], [-122.17941599964479, 37.13987800033589], [-122.17967299956275, 37.13997399981427], [-122.17984499999018, 37.140022000223894], [-122.18007900034193, 37.14006999988695], [-122.18028600003116, 37.14010199964542], [-122.18053999957606, 37.140127000208146], [-122.18117300013596, 37.14021600019655], [-122.18138700039619, 37.14022900029878], [-122.18161699965165, 37.14023200004661], [-122.18177900003334, 37.140216999874], [-122.18193300001914, 37.140194999806425], [-122.1821559996019, 37.1401520000465], [-122.18233399987716, 37.14010900026207], [-122.18261099988659, 37.14004299994598], [-122.18284000021542, 37.14000499993314], [-122.18298499998039, 37.13999399986931], [-122.18325299976898, 37.139982000123375], [-122.18331999971615, 37.1399860002776], [-122.18337800034078, 37.13999899970324], [-122.18354700039517, 37.14005100024774], [-122.18362500021298, 37.14008599976787], [-122.18367700009154, 37.14011400008839], [-122.18375099971136, 37.140169999982284], [-122.18387600028316, 37.14029299966758], [-122.18405000036043, 37.140486999661384], [-122.18417900023184, 37.14066300005957], [-122.18424500035411, 37.14078400031953], [-122.1843080001033, 37.140953999872515], [-122.18435800033198, 37.14106700018966], [-122.18440600001257, 37.141159999880394], [-122.18444899967028, 37.141208999917914], [-122.1844980000741, 37.14125100012936], [-122.1845490001277, 37.141283999767644], [-122.1847099997862, 37.14137400020529], [-122.18476900023573, 37.14140099967119], [-122.18483799983272, 37.14142599980461], [-122.18502299978064, 37.14146799989563], [-122.18546100034688, 37.14154799993616], [-122.18621799985699, 37.14170100001083], [-122.18626100041301, 37.141709999795], [-122.1866670002939, 37.14179900006928], [-122.18691900018896, 37.14184099995314], [-122.18702499959586, 37.14189999968244], [-122.18731900022208, 37.14191199984018], [-122.18774199982137, 37.14189099992088], [-122.18783200023303, 37.14188699986738], [-122.1879989997393, 37.14188299981373], [-122.1881390003797, 37.141903999735256], [-122.18842999973454, 37.14199699982912], [-122.18865700041356, 37.142165000217126], [-122.18878000043723, 37.14226800007443], [-122.18899799999711, 37.14243599986056], [-122.18912000019586, 37.14249400019448], [-122.18926999998367, 37.14255100012131], [-122.1893079996185, 37.142555000139694], [-122.18948500006883, 37.142577999883194], [-122.19009099996622, 37.14266600020722], [-122.19035200008213, 37.14268400026089], [-122.19066000005371, 37.142725000009136], [-122.19116399984385, 37.14278399976498], [-122.19137800010411, 37.14280399979313], [-122.1915739999227, 37.14280100014729], [-122.19171299983987, 37.14279100013348], [-122.19186099997788, 37.142759000080375], [-122.19203699970497, 37.14271200033586], [-122.19218400001806, 37.14265000015594], [-122.19249899966232, 37.14257100021106], [-122.1926379995795, 37.14253999971163], [-122.19325199987281, 37.14253100002627], [-122.19362400031679, 37.14253999971163], [-122.19582899962332, 37.14261099965867], [-122.19603700003579, 37.14265499981432], [-122.19619100002156, 37.14270699996522], [-122.19662700003967, 37.1428930002124], [-122.196692000337, 37.142921000209995], [-122.19689400000334, 37.14298900016105], [-122.1969950002857, 37.143019000119985], [-122.19711999995918, 37.14303999972613], [-122.19723700013503, 37.143051000063096], [-122.19743299995359, 37.143031999740444], [-122.19753300041103, 37.143015000126134], [-122.19886400003155, 37.142658999827205], [-122.19902499969002, 37.14262000005067], [-122.19919000044477, 37.14257999989172], [-122.19937799986742, 37.1425259996436], [-122.19958499955668, 37.14249400019448], [-122.19981800008351, 37.14250099987373], [-122.19985800026646, 37.1425029998843], [-122.19994699995492, 37.142510999925875], [-122.20003999984134, 37.14254199972117], [-122.20018899980427, 37.14260100033583], [-122.2003670000795, 37.142652999807765], [-122.2004669996386, 37.14266699985229], [-122.20056799992093, 37.14267200022562], [-122.20075200004395, 37.142654000169095], [-122.20095500043354, 37.14259300030371], [-122.20113700000842, 37.14251600030953], [-122.201220999674, 37.14247299972066], [-122.20131199991059, 37.14241799974786], [-122.20139800012433, 37.14235200001411], [-122.20150000023158, 37.14224500023667], [-122.20165300039245, 37.14196300013146], [-122.20174399973072, 37.14177400005914], [-122.20176100034749, 37.14170799976352], [-122.20190699993736, 37.14117400020125], [-122.20194200009745, 37.14092199975838], [-122.20195999964082, 37.140871000197464], [-122.20198700030329, 37.140797000324135], [-122.20199399997598, 37.14071500014764], [-122.20199899999888, 37.14066199967191], [-122.20328799978658, 37.140641000121704], [-122.20389799988193, 37.140693000224886], [-122.20458099977222, 37.140693000224886], [-122.20529799999773, 37.140724000049104], [-122.20577199965065, 37.14069599995432], [-122.20650899996762, 37.140797000324135], [-122.20687700021365, 37.14081199966564], [-122.20713499995651, 37.1407419998488], [-122.2075700001497, 37.140654999822495], [-122.2081479995597, 37.14071900026311], [-122.2085350000723, 37.140808000271186], [-122.20869800027891, 37.14083600032447], [-122.20889800029546, 37.1408540000975], [-122.20895900039483, 37.140776999765286], [-122.20899000035696, 37.140652999763056], [-122.20904800008331, 37.14056999975776], [-122.2092459995517, 37.140291000314754], [-122.20943499969758, 37.14010900026207], [-122.20965300015578, 37.139872999777914], [-122.20980999961631, 37.13959199982511], [-122.20991799957135, 37.13947200021024], [-122.2106389999948, 37.1393020001912], [-122.21106800034018, 37.13916699973551], [-122.21159399987165, 37.13897200024328], [-122.21240999983135, 37.138107000144956], [-122.21253700005296, 37.13790499996498], [-122.21275600033606, 37.137695000127806], [-122.21322099976817, 37.13731500023662], [-122.21345699976972, 37.13711500024338], [-122.21359700041012, 37.13698300005851], [-122.21397499980357, 37.13634600018226], [-122.21410700004805, 37.13608100003127], [-122.2142450001403, 37.1358660000375], [-122.21430299986665, 37.13573600001139], [-122.21435200027044, 37.135645000289855], [-122.2144479996316, 37.135558999870085], [-122.21464699982319, 37.135415999821696], [-122.21482500009844, 37.13525799977948], [-122.21492499965755, 37.135139000196155], [-122.21506600012287, 37.134840999828604], [-122.21521199971274, 37.13442399972797], [-122.21523500017729, 37.1341449998201], [-122.21538099976713, 37.1335790002296], [-122.21535499982788, 37.13350000012217], [-122.21531800001796, 37.13341799991432], [-122.215245000223, 37.133327000269574], [-122.21507899964332, 37.13320600025769], [-122.21498999995488, 37.13312399973122], [-122.214948999947, 37.13305799976696], [-122.21495899999275, 37.13297299976075], [-122.21498499993203, 37.13288300007133], [-122.21503000013786, 37.13278100010298], [-122.21508399966622, 37.132695000008795], [-122.21514099956762, 37.132617999966456], [-122.21519900019226, 37.13255699988653], [-122.21525299972063, 37.13248299975884], [-122.2152870000558, 37.13239399998367], [-122.215273999637, 37.132295999916934], [-122.21522400030663, 37.13223900014134], [-122.21505899955186, 37.13215300014729], [-122.21482699974828, 37.1318820001931], [-122.21481000002984, 37.13182200002447], [-122.21479599978615, 37.13174400002055], [-122.21480300035715, 37.13151899980675], [-122.21481699970252, 37.13142400013627], [-122.21483799961895, 37.131336000342685], [-122.21488399964966, 37.131295000151624], [-122.21481800042577, 37.13123800033815], [-122.21480800038002, 37.131177999658846], [-122.21484099999196, 37.13093800004695], [-122.21490499956607, 37.130586999951106], [-122.21492999968045, 37.130332999721354], [-122.21489500041866, 37.13017600033443], [-122.21487399960395, 37.12998400002565], [-122.2149409995511, 37.12970500021942], [-122.21501000004638, 37.12952699975938], [-122.21493300005348, 37.129342999954275], [-122.21490000044153, 37.129162999712044], [-122.21498099973405, 37.12898100010613], [-122.21520400021512, 37.12886400033296], [-122.21543000017095, 37.1288610001344], [-122.21565799977655, 37.128948000114946], [-122.21622199984118, 37.12894000007152], [-122.21644699997209, 37.1288909999661], [-122.21650999972128, 37.12882400006294], [-122.21655699957694, 37.1286949999434], [-122.21655099972915, 37.12850599967099], [-122.21680799964709, 37.12817400023241], [-122.21699099994521, 37.12800200021804], [-122.2172920002441, 37.12756800016821], [-122.21759500019277, 37.1273379997599], [-122.2178629999814, 37.12715600006252], [-122.21807600041673, 37.12694599975764], [-122.21820500028817, 37.12676299997864], [-122.21825899981651, 37.126497000070486], [-122.21829499980154, 37.12642299974673], [-122.21844200011462, 37.126225999916265], [-122.21862500041271, 37.12605899981108], [-122.21881500038353, 37.12593699977151], [-122.2190460003622, 37.1257390002398], [-122.21924700020367, 37.12549299990472], [-122.21942299993077, 37.12521300014012], [-122.21966300013027, 37.1250910001694], [-122.21967800019888, 37.12507300022753], [-122.21975600001667, 37.12498699996864], [-122.21983700020755, 37.124896000212935], [-122.22028599974611, 37.124624000172844], [-122.2206020001136, 37.12446099965672], [-122.22083999976499, 37.1243329998666], [-122.22105800022318, 37.124369999984836], [-122.2212620004377, 37.12463799997229], [-122.22138000043847, 37.124839999757945], [-122.22172799969468, 37.1252420001101], [-122.22187099980982, 37.12532999982754], [-122.22198600033586, 37.125441000098384], [-122.22218700017733, 37.12553500024563], [-122.22268900031764, 37.12531799990464], [-122.22294100021271, 37.12520100019871], [-122.22320300015353, 37.125105999759576], [-122.22336700018506, 37.12508799982128], [-122.22351500032308, 37.12651299995678], [-122.223664000286, 37.12793699992348], [-122.2237060001188, 37.12885200025419], [-122.22374899977649, 37.129768000080716], [-122.22376600039325, 37.13014300014817], [-122.22400700041767, 37.13529500028579], [-122.22436700026779, 37.13672000015369], [-122.2243959996818, 37.13683199991178], [-122.22465299959974, 37.13784699969314], [-122.22491000041599, 37.13886200017947], [-122.22528299978657, 37.143369999829936], [-122.22528500033474, 37.14412399998481], [-122.22529600020539, 37.14705800016439], [-122.22535099955866, 37.14706800033011], [-122.2255020000697, 37.15898500033962], [-122.23454399974854, 37.15892699976634], [-122.23497200026901, 37.15892400004407], [-122.23497499974376, 37.159215999897874], [-122.23487400035972, 37.1595620003486], [-122.23485799956791, 37.15971200008503], [-122.23483400017678, 37.159773999879604], [-122.23478999979582, 37.15983699975736], [-122.2347370000924, 37.15989699989889], [-122.23464800040392, 37.15993700020547], [-122.23453600025093, 37.159969000149076], [-122.234195999594, 37.16002599979142], [-122.23400399997337, 37.16006499989874], [-122.23378499969024, 37.16008099984519], [-122.23302700035522, 37.16012300031482], [-122.23259700018487, 37.16016299978588], [-122.23243300015336, 37.16021899986891], [-122.23224800020543, 37.16029699986426], [-122.23215899961865, 37.160345000261984], [-122.23208699964864, 37.16040999991674], [-122.23199700013525, 37.16045200020361], [-122.23186400006587, 37.160498000252375], [-122.23162399986636, 37.16053100008341], [-122.23156100011717, 37.16054499968194], [-122.23133699981118, 37.16064999980988], [-122.23120600028993, 37.16073199984926], [-122.2310620003499, 37.16077600020042], [-122.23100299990034, 37.16078999975363], [-122.23096799974026, 37.16079800000849], [-122.23082700017324, 37.16082300017305], [-122.23073400028682, 37.16085499974161], [-122.23070699962433, 37.160870000116425], [-122.23069499992876, 37.16087700024255], [-122.23060299986726, 37.16094700003663], [-122.23045200025453, 37.16110399999354], [-122.23017100004714, 37.16121899978704], [-122.23006599956685, 37.16127700003359], [-122.2299669998326, 37.161322000181855], [-122.22993199967254, 37.161350999913246], [-122.22989800023565, 37.16138000034938], [-122.22985899987759, 37.16142200009732], [-122.2298170000448, 37.1614810003004], [-122.22980399962601, 37.16154099985295], [-122.22980000032638, 37.161612999969094], [-122.22982299989259, 37.16173699996856], [-122.22985200020489, 37.1618330003365], [-122.22993400022068, 37.16201300016081], [-122.22996099998484, 37.162154999934536], [-122.23003399977979, 37.16231000004353], [-122.23005899989413, 37.162454000173994], [-122.23008700038156, 37.16257900032334], [-122.23009099968118, 37.16278299993984], [-122.2300920004044, 37.162794999647495], [-122.23008400000847, 37.16292499969884], [-122.23006399991701, 37.16307100027192], [-122.22990300025855, 37.16347300007875], [-122.2298739999462, 37.16364400025662], [-122.22985700022778, 37.16371000002087], [-122.22982299989259, 37.16381299988483], [-122.22978799973248, 37.16387900021741], [-122.22968899999826, 37.16396100033333], [-122.22965499966308, 37.16404900011433], [-122.22968399997542, 37.16415100015532], [-122.22974900027272, 37.16419399987167], [-122.22999899961968, 37.16430100009189], [-122.23022200010075, 37.164458000241126], [-122.23034299957627, 37.164558999658624], [-122.23053799956993, 37.16466600007799], [-122.23071300037041, 37.164751000263], [-122.23088900009753, 37.16484400017906], [-122.2312039997418, 37.164999999850544], [-122.23128699958247, 37.1650569999944], [-122.23138899968973, 37.1651140000952], [-122.23158500040661, 37.16519799971329], [-122.23160200012506, 37.16520600021748], [-122.23168499996572, 37.16525599977015], [-122.23173199982139, 37.16530700006717], [-122.23177100017944, 37.16538699994447], [-122.23177200000437, 37.16543099973348], [-122.23175500028594, 37.165503999782494], [-122.23171900030091, 37.16554900027772], [-122.23161100034588, 37.16559400003029], [-122.23144700031433, 37.165639999813315], [-122.2313290003136, 37.16567899988752], [-122.2311479996653, 37.16576200025378], [-122.23105099958092, 37.165885999889454], [-122.23107800024341, 37.166020999896546], [-122.2311540004114, 37.16618100020243], [-122.23116799975679, 37.166365999932594], [-122.23115100003834, 37.16642499985573], [-122.231125999924, 37.1665169998139], [-122.23103899988536, 37.1667530001904], [-122.23098100015905, 37.16682599967835], [-122.23071400019533, 37.16718900028217], [-122.23062600033178, 37.167276999883974], [-122.23059199999659, 37.16735000029746], [-122.23056400040751, 37.167432000226825], [-122.23059399964643, 37.16767600013623], [-122.23072300041616, 37.167827000263514], [-122.23076900044693, 37.167865999925], [-122.23084499971658, 37.167931000270514], [-122.230985000357, 37.16801500033693], [-122.23111800042636, 37.16807599973858], [-122.23124300009985, 37.16816499976302], [-122.2314220002, 37.16829199981754], [-122.23159399972914, 37.16837200011426], [-122.23168300031591, 37.16841300025143], [-122.231895000028, 37.16849099966531], [-122.23211599996094, 37.16856200030071], [-122.23229099986314, 37.1686030003348], [-122.23246999996326, 37.168645999665706], [-122.23264700041358, 37.168706999989716], [-122.23276799988909, 37.16873399971841], [-122.23285599975266, 37.16875500005751], [-122.23309699977709, 37.16878999989383], [-122.23317100029523, 37.16880900018681], [-122.23377100034487, 37.168605999672955], [-122.2333720001367, 37.16790300022764], [-122.23481699956001, 37.167439999778665], [-122.23527199984467, 37.167294999806174], [-122.2367740000677, 37.16748799993535], [-122.2385750000415, 37.16637899983468], [-122.23927499965022, 37.1650730003159], [-122.23817699965825, 37.16356399996619], [-122.23933400009979, 37.16273200008735], [-122.23957799959894, 37.16255700031777], [-122.2408780001556, 37.161248999673255], [-122.24167700039685, 37.161084999911225], [-122.24237899965543, 37.16094499979797], [-122.243756000205, 37.160563999899985], [-122.24390000014503, 37.17323699972821], [-122.24409099994074, 37.189966000354794], [-122.24501200038073, 37.18992300027653], [-122.24560099966138, 37.18989499979631], [-122.24571199998945, 37.18988999968394], [-122.2460459999003, 37.189881999646545], [-122.24738400009181, 37.18985300013005], [-122.24777900010203, 37.18984500008869], [-122.24783000015566, 37.18984500008869], [-122.2479819995933, 37.18984400035185], [-122.24844100007591, 37.18984400035185], [-122.2485940002368, 37.18984400035185], [-122.25092099974205, 37.189842999899305], [-122.2579020000544, 37.189842999899305], [-122.26023000028289, 37.189842999899305], [-122.26253500004681, 37.189842999899305], [-122.26478100025953, 37.189842999899305], [-122.26888100014946, 37.189842999899305], [-122.26944500021408, 37.18975399964845], [-122.27172400003874, 37.18939999994418], [-122.2731719998351, 37.18917399977847], [-122.27751899959725, 37.18849699998733], [-122.2785510003653, 37.18833699970499], [-122.27896899994175, 37.1882719997394], [-122.2804159999132, 37.18804599977611], [-122.2842809996265, 37.18744500023706], [-122.28475799965247, 37.1873670003523], [-122.28606400005692, 37.18715500022172], [-122.28620499962393, 37.187131999726176], [-122.28669699971853, 37.18705100019663], [-122.28817399982718, 37.18681099970219], [-122.2885810004313, 37.186745000076606], [-122.28866799957159, 37.18674599985452], [-122.29501200002443, 37.18679300013536], [-122.29580200004484, 37.18679799973711], [-122.3018810001838, 37.18684499998559], [-122.30618199991518, 37.18684499998559], [-122.31404600013438, 37.1869129997908], [-122.31768200041715, 37.18694499976215]]]}, "properties": {"ZCTA5": "95017", "GEOID": "95017", "NAME": "ZCTA5 95017", "AREALAND": 161727896, "INTPTLAT": "+37.0946843", "INTPTLON": "-122.2374662", "zcta": "95017", "place": "95017 Davenport", "name": "ZCTA5 95017"}}, {"type": "Feature", "geometry": {"type": "Polygon", "coordinates": [[[-122.11010200040697, 37.03258500004999], [-122.11007200026972, 37.032388000058624], [-122.10999500027685, 37.03215599966106], [-122.10983200007023, 37.031789000342066], [-122.10966300001583, 37.03144400007432], [-122.1095349999693, 37.03126599967254], [-122.10939000020433, 37.03110400024151], [-122.10914699963179, 37.03097300002844], [-122.10890999980532, 37.030794000269694], [-122.10882100011688, 37.030571999794525], [-122.10881799974382, 37.03007299996628], [-122.10874800032194, 37.02990800032795], [-122.10862199992522, 37.02977000014654], [-122.10809600039379, 37.02938699974298], [-122.10793800021001, 37.02929099995137], [-122.10772899997266, 37.02919500003847], [-122.10748799994822, 37.029157000353194], [-122.1072169997866, 37.029187000219515], [-122.10699800040179, 37.02925199988935], [-122.10659400017073, 37.02946499970837], [-122.1064019996518, 37.029534999811446], [-122.10620099981037, 37.029563999824965], [-122.10574499970078, 37.02954899996772], [-122.10564400031674, 37.029546000139376], [-122.10543799955413, 37.02960100032077], [-122.10521400014642, 37.02972799979211], [-122.10509399959751, 37.02987500021385], [-122.10496700027423, 37.030011999789664], [-122.10487299966458, 37.030138000312135], [-122.10481699958808, 37.0302739997194], [-122.10480700044066, 37.030408999907955], [-122.10477200028055, 37.030590999644126], [-122.10470500033341, 37.0307640003209], [-122.10460300022615, 37.03087900017965], [-122.10446900033185, 37.03097000025629], [-122.10430199992727, 37.03104500026112], [-122.10407500014655, 37.03108200003543], [-122.10387599995494, 37.031102000157865], [-122.10376700017498, 37.03107599978253], [-122.10366400024282, 37.031050000115386], [-122.10343400008904, 37.030995000266145], [-122.10335899974598, 37.03096399999453], [-122.10326099983668, 37.030925000074426], [-122.10234100011992, 37.03048500015819], [-122.10206199956235, 37.030352000208225], [-122.10120899979273, 37.02970199966351], [-122.10048300024474, 37.02876099985922], [-122.10021100025818, 37.02835599982631], [-122.09964299999562, 37.027510999852396], [-122.09947800013916, 37.02722699982645], [-122.09934699971957, 37.027000000279585], [-122.09913699965732, 37.02672699979645], [-122.0990439997709, 37.02662099993815], [-122.09886499967075, 37.026469000235], [-122.09882399966286, 37.026433999854504], [-122.09868499974569, 37.02633599970735], [-122.09859400040739, 37.02628799969165], [-122.0985440001787, 37.02626199981983], [-122.09839100001783, 37.02620600034164], [-122.09823200000915, 37.02615999974044], [-122.09806899980254, 37.02612599968352], [-122.09790300012118, 37.02610299972075], [-122.0977349998917, 37.02609200032858], [-122.09756599983731, 37.026093000077786], [-122.09739799960781, 37.02610599968513], [-122.09728899982785, 37.02611999975628], [-122.0965020001805, 37.02628999990206], [-122.09644399955586, 37.02630300019289], [-122.09622400034614, 37.02635499989945], [-122.09609200010165, 37.02638200020202], [-122.09599500001728, 37.02639699996751], [-122.09586600014585, 37.0264059998254], [-122.09580500004647, 37.026407000287655], [-122.09564400038802, 37.02639999992022], [-122.09548500037934, 37.02638200020202], [-122.09532800002052, 37.02635299969074], [-122.09517499985964, 37.02631299980821], [-122.09502699972163, 37.02626199981983], [-122.09488500032973, 37.02620199991627], [-122.09474999971219, 37.02613099986159], [-122.09460499994724, 37.02603899997484], [-122.09441099977848, 37.02589799996333], [-122.09427699988417, 37.02577000007215], [-122.09401199957031, 37.025571999860404], [-122.0936380003748, 37.025329999697625], [-122.09322999994582, 37.025128999770615], [-122.09280200032363, 37.02495599988567], [-122.09238800004685, 37.024824000060825], [-122.09060999963928, 37.02439800033295], [-122.09055600011094, 37.024386000205034], [-122.09033900037595, 37.024339999936075], [-122.0900759997119, 37.02426399999201], [-122.08982200016702, 37.0241699997295], [-122.08957899959444, 37.02405799979901], [-122.089349000339, 37.023929999676234], [-122.0891030002917, 37.02376300004344], [-122.08894099990998, 37.02362900001678], [-122.08881700006144, 37.02352699998793], [-122.08867599959613, 37.02342499982218], [-122.0861110004395, 37.02353699996874], [-122.08568100026919, 37.02355600014371], [-122.07970400023748, 37.0238189998882], [-122.07837600009174, 37.02380100027559], [-122.07699199986948, 37.02379500016471], [-122.07381699971916, 37.023746999977725], [-122.07006900018173, 37.02372799985052], [-122.06975100016442, 37.02372799985052], [-122.06881399983091, 37.024741999847684], [-122.06834799967558, 37.025248000030686], [-122.06664799998414, 37.02711299991136], [-122.06590900001734, 37.02791800025542], [-122.0643289999765, 37.029657000164676], [-122.0636679998275, 37.03038099990979], [-122.06320500004523, 37.03091100017174], [-122.06293899990648, 37.03114799991757], [-122.06237700038999, 37.031651999668796], [-122.05989299962759, 37.03387699996974], [-122.05906599979724, 37.03461900028271], [-122.05827900014987, 37.035435000144275], [-122.05811000009547, 37.03560199993055], [-122.05794199986597, 37.03576900006661], [-122.05680700006405, 37.03689200021948], [-122.05443299980485, 37.039246999937376], [-122.05239400017967, 37.041265999855995], [-122.0509239997437, 37.04272499967481], [-122.05103199969871, 37.042748999869886], [-122.0512479996088, 37.042812999875025], [-122.05144400032569, 37.04289099967383], [-122.05161300038007, 37.04297500013975], [-122.05172899983273, 37.0430490002342], [-122.05186199990212, 37.043125000023544], [-122.0519730002302, 37.043195999965604], [-122.05228100020177, 37.04339299988119], [-122.05038099959548, 37.04519599977248], [-122.05039999986204, 37.046122000097164], [-122.05040499988493, 37.046339000000565], [-122.05047299965699, 37.048990999959486], [-122.05049000027375, 37.04962799969319], [-122.05050399961912, 37.05015200022165], [-122.05050799981707, 37.050336000249544], [-122.0505229998857, 37.05089100022667], [-122.05052799990857, 37.051076000034044], [-122.05056899991644, 37.05139500013087], [-122.05069199994008, 37.052352999665885], [-122.05070399963566, 37.05244399981596], [-122.05084500010096, 37.05262699990569], [-122.0508400000781, 37.052528999865494], [-122.05085000012383, 37.05248400027287], [-122.05088500028396, 37.05244299969674], [-122.05090700002525, 37.052429000176915], [-122.05093700016249, 37.05241899969895], [-122.05106100001106, 37.05240199981544], [-122.05110500039198, 37.05238999981096], [-122.05113700017901, 37.05236900015711], [-122.051177000362, 37.05232100010715], [-122.05121300034702, 37.05225100021878], [-122.05124699978388, 37.052123000296945], [-122.05129899966241, 37.051963999858145], [-122.05130299986038, 37.05195500016151], [-122.05132899979965, 37.051912999890305], [-122.05136399995976, 37.051887000188714], [-122.05141699966319, 37.051869000059234], [-122.05148100013561, 37.05185599984357], [-122.05156599962612, 37.051848999671336], [-122.05162000005281, 37.051853000179484], [-122.05171700013716, 37.051880000019395], [-122.05194200026807, 37.05197499980453], [-122.05200300036743, 37.05199000025026], [-122.0520579997207, 37.05199500015922], [-122.05216499985082, 37.05198699987458], [-122.05224500021674, 37.05196899976877], [-122.05233100043048, 37.05193100000941], [-122.05240099985237, 37.051882999682356], [-122.05245000025619, 37.051830000122436], [-122.052487999891, 37.05176800008976], [-122.05250899980743, 37.05171400032069], [-122.052523999876, 37.05163500013788], [-122.05251800002824, 37.05155300019693], [-122.05246299977664, 37.05135599995049], [-122.05246199995173, 37.051305999708305], [-122.0524729998224, 37.05126200024226], [-122.05255400001325, 37.05112199988128], [-122.05264100005188, 37.051004000154855], [-122.05272700026559, 37.05091799969187], [-122.05281799960389, 37.050856000348], [-122.05291100038863, 37.050818000031285], [-122.05303400041228, 37.05078999967259], [-122.0531209995526, 37.0507799996956], [-122.05316800030657, 37.05077499970659], [-122.0532980000029, 37.05077499970659], [-122.05336400012514, 37.050783000119], [-122.05360900034754, 37.05083799997393], [-122.05400400035774, 37.05095300025885], [-122.05400900038063, 37.05086699973802], [-122.05401299968027, 37.050846999803014], [-122.05407999962743, 37.05058899973874], [-122.05409399987111, 37.05054099999683], [-122.05412599965817, 37.05043999969392], [-122.05419599997839, 37.05024300014316], [-122.05440699986556, 37.04965500032468], [-122.05447800001068, 37.04945900032878], [-122.05451900001857, 37.04941899971143], [-122.05456599987423, 37.049390000110975], [-122.05461699992784, 37.04937200010623], [-122.05467499965415, 37.04936400026206], [-122.05472700043103, 37.04936300010225], [-122.05477900030954, 37.04936900034398], [-122.05499500021963, 37.04941899971143], [-122.05509099958077, 37.049430000026696], [-122.0552119999546, 37.049427000266725], [-122.05533099978028, 37.049417000110154], [-122.055345000024, 37.04941400034972], [-122.05544999960598, 37.049400000271106], [-122.05556799960675, 37.04937499986833], [-122.05571300027003, 37.04935500025712], [-122.0561479995649, 37.04929499995789], [-122.05626700028891, 37.0493000000444], [-122.05629400005307, 37.04930699973476], [-122.056479000001, 37.04935599970007], [-122.05658600013112, 37.04939400003182], [-122.0570709996547, 37.04956800032675], [-122.05719899970121, 37.04960599983539], [-122.05734699983923, 37.04963100016214], [-122.05746599966491, 37.049622000188855], [-122.05755699990152, 37.0495969998592], [-122.057648999963, 37.04954800004943], [-122.05772099993304, 37.0494680003214], [-122.05777100016175, 37.04942799970878], [-122.05782700023826, 37.04939500019123], [-122.05807099973741, 37.04929200019264], [-122.05816500034705, 37.04924800027591], [-122.05822999974608, 37.04921899989319], [-122.058346000097, 37.04915999964901], [-122.05851000012855, 37.04906499992501], [-122.05856899967979, 37.04901199983105], [-122.0586199997334, 37.04894199975849], [-122.05866099974129, 37.04885900032626], [-122.0586819996577, 37.04878100020699], [-122.0586890002287, 37.0486589997494], [-122.0586830003809, 37.048599999786816], [-122.0586699999621, 37.048544000290335], [-122.05862099955831, 37.048423999796206], [-122.05853900044086, 37.04829000026295], [-122.05845800025001, 37.048190000007686], [-122.05837799988406, 37.04811199991785], [-122.0583360000513, 37.04807099984766], [-122.05817299984466, 37.047929999874555], [-122.05799399974451, 37.0477960001861], [-122.05816399962382, 37.047811000023884], [-122.05832199980759, 37.047841999870414], [-122.05869199970343, 37.047980000189895], [-122.05883399999365, 37.048041000271965], [-122.05894600014666, 37.04811099974153], [-122.05903700038324, 37.04818200003893], [-122.05914600016317, 37.048323000260886], [-122.05918700017104, 37.0483770002918], [-122.05932199989029, 37.048599000333915], [-122.05940399990602, 37.04851300001353], [-122.05943099967024, 37.04848599969282], [-122.05950199981532, 37.04844899979526], [-122.05961800016628, 37.04843100028429], [-122.05973600016705, 37.048445999996574], [-122.05985400016785, 37.0484619998776], [-122.0600059996055, 37.04848199972412], [-122.060253000376, 37.04851500035561], [-122.06036399980579, 37.04849800031454], [-122.06043900014885, 37.048473000331576], [-122.06045699969219, 37.04845799990763], [-122.06057899989094, 37.04836400019495], [-122.06063900016538, 37.0483209999138], [-122.06072000035623, 37.04826400003718], [-122.06082800031129, 37.048203000134336], [-122.06089299971029, 37.04816799973306], [-122.06097399990115, 37.04813300003263], [-122.0610480004193, 37.04810299976445], [-122.0612299999942, 37.04807399966122], [-122.06131799985772, 37.04806100022942], [-122.0613220000557, 37.0478099998436], [-122.06132299988059, 37.04779500000562], [-122.06133600029938, 37.04771899987291], [-122.06136600043662, 37.04765700006677], [-122.06146099997287, 37.047576000313065], [-122.06150199998076, 37.04751899987696], [-122.0615480000115, 37.047420000225266], [-122.06157700032382, 37.04730299994904], [-122.0615899998443, 37.047197000131355], [-122.06158800019448, 37.04713899993846], [-122.06158700036956, 37.0471009999117], [-122.06156700027806, 37.04699799966795], [-122.06153200011798, 37.04689699966911], [-122.0614149999421, 37.04684499968829], [-122.06119200035934, 37.04675500018882], [-122.06100599968818, 37.04667999992697], [-122.06074700012041, 37.046613999921995], [-122.06052100016461, 37.04656299994404], [-122.06034899973717, 37.04653200029214], [-122.06025199965278, 37.046477000184716], [-122.0601689998121, 37.04639300000897], [-122.05991000024433, 37.046133000173256], [-122.0599350003587, 37.046108000128335], [-122.06000999980347, 37.04603299994415], [-122.06003499991782, 37.0460079998663], [-122.06014799989569, 37.0458949996698], [-122.06016799998719, 37.04587700027013], [-122.06024599980502, 37.045811999773626], [-122.060321999973, 37.045772000102225], [-122.06039399994302, 37.04573999991973], [-122.06055999962435, 37.04569799979419], [-122.06067799962513, 37.04567600023128], [-122.06086199974817, 37.045644000008316], [-122.06142199961481, 37.045597000216546], [-122.06165500014164, 37.04558799976492], [-122.06178900003594, 37.045594999797615], [-122.06190600021179, 37.04560700015946], [-122.06201800036477, 37.04562400013101], [-122.06213499964234, 37.045651000035846], [-122.06224199977245, 37.045684999955455], [-122.06234800007766, 37.045728000295924], [-122.06244500016204, 37.04577900011795], [-122.06253800004848, 37.045838000122316], [-122.06268100016358, 37.045947000301425], [-122.06319400017458, 37.046380999771436], [-122.06335200035832, 37.04652899970068], [-122.06359000000971, 37.04680099978701], [-122.06360500007831, 37.04682299974082], [-122.0636750003985, 37.04692399983813], [-122.0640119997841, 37.04750800000172], [-122.06405199996705, 37.04799499999132], [-122.064132000333, 37.048938999979285], [-122.06413300015792, 37.04913099994964], [-122.06411200024151, 37.04932300015121], [-122.06408200010429, 37.04945700001164], [-122.06407000040872, 37.04951200011053], [-122.06400199973834, 37.04967800032391], [-122.0638939997833, 37.049752999774306], [-122.06377699960746, 37.04978900031586], [-122.06383900043004, 37.04982000007144], [-122.06390100035433, 37.04985199996775], [-122.06403100005066, 37.049901999733976], [-122.064096000348, 37.049928000115564], [-122.0640190003551, 37.050062000341704], [-122.06378800037643, 37.05046700003653], [-122.06371200020845, 37.0506020001715], [-122.06363000019267, 37.05077199999984], [-122.0633869996201, 37.05128499975449], [-122.06330600032757, 37.05145600033604], [-122.0630900004175, 37.05137900015119], [-122.06307399962567, 37.05133399987667], [-122.0631609996643, 37.05117200024469], [-122.06316300021244, 37.051160000045776], [-122.06316599968717, 37.051146000289236], [-122.06315200034177, 37.051119000188194], [-122.06294800012729, 37.05087899998332], [-122.0628519998678, 37.050742000057795], [-122.06273399986704, 37.05055600000908], [-122.06270200008001, 37.05049300022455], [-122.06268199998851, 37.050395000296504], [-122.06265600004924, 37.050361999765535], [-122.06262699973692, 37.05033799982661], [-122.06259900014784, 37.05032399991844], [-122.06256300016281, 37.050312999732746], [-122.06246299970539, 37.05029799967252], [-122.06240499997907, 37.05030100011497], [-122.06228199995543, 37.050322000341055], [-122.06222900025197, 37.05032699964295], [-122.0622150000083, 37.05032600021273], [-122.06213700019046, 37.050322000341055], [-122.06203799955796, 37.05030700028255], [-122.06184599993732, 37.050254000338995], [-122.06178400001305, 37.05023199994573], [-122.06175999972359, 37.05021699986944], [-122.06172399973859, 37.05024499972263], [-122.06165099994367, 37.05035199973214], [-122.06163500005015, 37.05037699981315], [-122.06155300003437, 37.05054099999683], [-122.06149799978279, 37.05077800013017], [-122.06149500030806, 37.05084599966274], [-122.06148799973705, 37.05102100035158], [-122.06148299971419, 37.05111400022157], [-122.06147699986639, 37.05127200015574], [-122.06151200002647, 37.051391000315476], [-122.06153899979066, 37.051481000053336], [-122.06150100015584, 37.0515279997864], [-122.0614640003459, 37.051574000076585], [-122.06141400011721, 37.051642999742675], [-122.06120300023001, 37.051941999960576], [-122.06106000011486, 37.05214400001887], [-122.0609420001141, 37.05231100033188], [-122.06077100040987, 37.05255199971075], [-122.06058599956361, 37.05268400009029], [-122.06035999960781, 37.05272300030511], [-122.06019499975137, 37.052711999750194], [-122.05980499976404, 37.0525630002888], [-122.05957799998333, 37.05251400024325], [-122.05922200033118, 37.05251900011764], [-122.0590569995764, 37.0525690002776], [-122.05891900038245, 37.05264499985538], [-122.05890000011588, 37.05265699981948], [-122.05861899990848, 37.05292099998375], [-122.05854299974052, 37.05295300000643], [-122.05837899970898, 37.053063000115884], [-122.05830300043932, 37.053168000234535], [-122.0581250001641, 37.05346999977971], [-122.05791900029976, 37.05372800008663], [-122.05770699968933, 37.05389900018186], [-122.05753500016021, 37.05396400020505], [-122.05739100022015, 37.053970000083076], [-122.05683600037636, 37.05383300000214], [-122.05650699959008, 37.053821000224], [-122.05628800020527, 37.05376699976497], [-122.05584899981415, 37.05370100018732], [-122.05543100023772, 37.05359600008922], [-122.05461500027802, 37.05349699976121], [-122.05386799991531, 37.053393000204444], [-122.0536279997158, 37.05340399994376], [-122.05317499997926, 37.05352499983808], [-122.05303100003923, 37.05359000018161], [-122.05285299976397, 37.05372200018952], [-122.05276400007553, 37.05376599966318], [-122.05264000022696, 37.05378299995807], [-122.05174899992421, 37.05370599998351], [-122.0515229999684, 37.0536559998558], [-122.05114600039985, 37.05360699979906], [-122.05094700020823, 37.05359600008922], [-122.05085299959859, 37.054802999929485], [-122.05105000014039, 37.05486100000087], [-122.05096099955362, 37.054948999752554], [-122.05089000030681, 37.05508200034859], [-122.05087799971294, 37.055158999643844], [-122.05078700037467, 37.05516999984403], [-122.05018300012706, 37.05525699987214], [-122.05003400016416, 37.0552809996893], [-122.04982400010188, 37.05531400023199], [-122.04953399967363, 37.05536199982265], [-122.0491420000365, 37.05544700018828], [-122.0489389996469, 37.05549599977382], [-122.04845199957518, 37.05561200024665], [-122.04724800017628, 37.055911999955015], [-122.04602700016063, 37.05623500007379], [-122.04570199957232, 37.05632800000619], [-122.04507300010867, 37.05794799973658], [-122.0447729996347, 37.059748000050554], [-122.04377299955199, 37.06164799981193], [-122.04529999988942, 37.06488100016932], [-122.04547300014178, 37.06524800007987], [-122.04497299965124, 37.068047999645685], [-122.04507200028378, 37.06831800019402], [-122.0460730001914, 37.07104700005417], [-122.04504999964416, 37.0730160002202], [-122.04337300041726, 37.076247000206685], [-122.04327299995983, 37.07724699973832], [-122.04297300038415, 37.07784700029361], [-122.04297300038415, 37.08014699976413], [-122.04347299997637, 37.080846999931154], [-122.04277300036763, 37.081746999965176], [-122.04287299992671, 37.08264700006421], [-122.0411730002353, 37.08374699984824], [-122.0407730002022, 37.08484700015253], [-122.0392860000478, 37.08558999988199], [-122.0391730000699, 37.08564699966362], [-122.03789699980264, 37.085616000215175], [-122.03787300041154, 37.085645000300616], [-122.03678999958983, 37.08713600022261], [-122.03570599984154, 37.08862599983593], [-122.03570599984154, 37.09130399969869], [-122.03570599984154, 37.09166700015386], [-122.03478600012478, 37.09166700015386], [-122.03470900013187, 37.09224700002613], [-122.03549300030453, 37.092243000215156], [-122.03539899969489, 37.09270600021913], [-122.0351829997848, 37.09304900013444], [-122.03502799997412, 37.09324500000315], [-122.03515799967045, 37.093922000117324], [-122.03484800004905, 37.094886000180075], [-122.03460299982667, 37.094982999676745], [-122.03403999958697, 37.09627300006455], [-122.03240799966758, 37.09690999970037], [-122.03231800015422, 37.09701600027185], [-122.031959000129, 37.0975870000287], [-122.03135499988143, 37.098003000055606], [-122.0309020001449, 37.09817500015711], [-122.0308810002285, 37.09826599978633], [-122.0286569997571, 37.09835100007343], [-122.02198099994159, 37.0986050001356], [-122.02197900029178, 37.09901199974321], [-122.02196900024603, 37.10125200034578], [-122.02195599982723, 37.104522999984724], [-122.02195099980435, 37.10601499971349], [-122.02188100038245, 37.10605999978365], [-122.02183700000153, 37.1060939998508], [-122.02168399984065, 37.10595200014348], [-122.0215530003194, 37.10589999981073], [-122.02145100021215, 37.10585900017072], [-122.02071700026823, 37.105748999978545], [-122.01995599966182, 37.105528999831265], [-122.01954399993318, 37.10549000026279], [-122.01883699975345, 37.10545099995778], [-122.01855600044435, 37.10538000025111], [-122.01813100029692, 37.10523099966139], [-122.01713000038929, 37.104797000173036], [-122.01664300031757, 37.10471400024676], [-122.01513400042182, 37.104278999793294], [-122.01385800015463, 37.10399899966217], [-122.01343300000718, 37.103794999836055], [-122.01324100038653, 37.103757000250226], [-122.0125340002068, 37.10378900031748], [-122.0103730003829, 37.10368400006862], [-122.0098310000596, 37.103760000010844], [-122.00920000004784, 37.103793000235406], [-122.0088159999083, 37.103781999923314], [-122.0083360004076, 37.103694000235066], [-122.00785600000856, 37.10333100008206], [-122.00777999984058, 37.10329200009834], [-122.00729299976886, 37.10322099980086], [-122.00706699981306, 37.10324799998235], [-122.00679900002443, 37.10321000012217], [-122.00661400007652, 37.10315400010486], [-122.00650500029657, 37.1030719999793], [-122.00616800001268, 37.102929000168295], [-122.00594200005688, 37.1029229998647], [-122.00580499978952, 37.1029510003221], [-122.00568099994095, 37.1029510003221], [-122.0051190004245, 37.10300000002305], [-122.00496799991343, 37.102977999883414], [-122.00466599978962, 37.10300500015157], [-122.0045360000933, 37.10300000002305], [-122.00416500037255, 37.10293300013157], [-122.00409000002946, 37.10290000024883], [-122.0040080000137, 37.10289500011338], [-122.0037750003852, 37.10280099979785], [-122.00369900021721, 37.102784999915464], [-122.00358899971404, 37.102817999848305], [-122.00352099994198, 37.1028780000802], [-122.00355500027717, 37.10294399985049], [-122.00364399996562, 37.10304300011463], [-122.00373299965408, 37.10320200022459], [-122.0037190003087, 37.10337299982169], [-122.00369900021721, 37.10342199996607], [-122.0034720004365, 37.10365300011743], [-122.00344399994908, 37.10367500006097], [-122.00342399985757, 37.103861999681506], [-122.00331400025273, 37.10429600022851], [-122.00316899958948, 37.104664000074656], [-122.00310699966519, 37.10499899988105], [-122.00290800037186, 37.105730000319916], [-122.00292799956505, 37.10598199974055], [-122.00290699964864, 37.10612000031323], [-122.00277699995232, 37.10628999964514], [-122.00271500002803, 37.10633400014334], [-122.00233099988847, 37.106444000202416], [-122.00175400030341, 37.10649799969098], [-122.00106899986496, 37.106527999788234], [-122.00083500041156, 37.10672500001221], [-122.00067100038001, 37.10693399969691], [-122.00057500012053, 37.1070170000561], [-122.00046499961736, 37.10700600021227], [-122.0000880000488, 37.10693499981401], [-121.9999030001009, 37.10693499981401], [-121.99971099958196, 37.106978999937496], [-121.99952499980911, 37.107067000107804], [-121.9993680003486, 37.10717699981869], [-121.99922400040853, 37.10741299981866], [-121.99917599982966, 37.107528000289825], [-121.99915499991327, 37.10764899979969], [-121.99914900006549, 37.107930000153665], [-121.9991149997303, 37.10812700031303], [-121.999060000377, 37.108342000302166], [-121.99897800036126, 37.10853400034302], [-121.99880599993382, 37.10879200030303], [-121.99877199959862, 37.10891899977173], [-121.99878599984233, 37.10913900010174], [-121.99880699975871, 37.109182999661215], [-121.9988200001775, 37.10925500018771], [-121.9988889997745, 37.10925600027415], [-122.0018329999461, 37.10926200007605], [-122.0038950000358, 37.109264000248736], [-122.0039090002795, 37.11084399979495], [-122.00393299967062, 37.11218899994883], [-122.00281100028751, 37.1121999997563], [-122.00213099987194, 37.11221399970424], [-122.00191800033492, 37.11235499980354], [-122.00096699975772, 37.11222999974398], [-122.00035599983744, 37.11223600002664], [-122.00034800033983, 37.11281499999393], [-122.00484300023994, 37.11279099976033], [-122.00621900006628, 37.112787000317596], [-122.00797200035952, 37.11278000003871], [-122.01045200002562, 37.11277099967922], [-122.01286499974461, 37.11275399971361], [-122.0128730001405, 37.114973999886885], [-122.01287499979036, 37.11625600015523], [-122.01287700033848, 37.11680199991304], [-122.01333300044807, 37.11662399991028], [-122.01363200019883, 37.11674499992954], [-122.01396699993455, 37.11748399999397], [-122.01397600015538, 37.1178240002645], [-122.01398700002603, 37.11823399965548], [-122.01383499969008, 37.11846699968619], [-122.01381200012383, 37.11806799979568], [-122.01380100025321, 37.11788500004194], [-122.01368599972717, 37.11759800023799], [-122.01359500038888, 37.117369000315385], [-122.01354900035814, 37.11729800032067], [-122.01343600038021, 37.117165999951844], [-122.01338399960336, 37.11713899971775], [-122.0133429995955, 37.11712799991149], [-122.01328499986917, 37.11711900006882], [-122.01325499973193, 37.11711400015577], [-122.01297900044572, 37.117113000173106], [-122.01265600040554, 37.11719500013939], [-122.0125269996358, 37.11730300022158], [-122.01234500006092, 37.11745699987335], [-122.01222600023524, 37.11748799990488], [-122.01209599964058, 37.11747800012717], [-122.012011999975, 37.11744100022181], [-122.01143200001685, 37.117061000340634], [-122.01140299970453, 37.11704899982318], [-122.01138900035913, 37.117042999921914], [-122.0113430003284, 37.11704199993837], [-122.01112700041833, 37.117140999682384], [-122.01102899961072, 37.11715400016738], [-122.01093200042466, 37.11712799991149], [-122.01087600034815, 37.11708499993714], [-122.01077500006582, 37.116949999958884], [-122.01067200013367, 37.116757999766186], [-122.01062399955477, 37.11670999964191], [-122.01023899959031, 37.116511000339315], [-122.0098660002197, 37.11661699998612], [-122.01027899977326, 37.11705499972398], [-122.01046799991914, 37.11725499972655], [-122.01055599978271, 37.117577000017455], [-122.0105480002851, 37.117623000356495], [-122.01044199997988, 37.117684000295874], [-122.01040299962185, 37.1176860002461], [-122.01042400043654, 37.11770599974531], [-122.01085600025668, 37.11815000016027], [-122.0110550004483, 37.118354999966904], [-122.01126799998531, 37.11855300018959], [-122.01166499964536, 37.118970000354096], [-122.01221899966423, 37.11954100008105], [-122.0123850002439, 37.1197120000344], [-122.01259699995602, 37.12006399965233], [-122.01267999979667, 37.12020200035018], [-122.01283100030771, 37.12039900010078], [-122.0128799998132, 37.12043400011554], [-122.01287700033848, 37.12107499971387], [-122.01283899980533, 37.12437199975843], [-122.01292400019415, 37.12588199995351], [-122.01286300009477, 37.126167000139894], [-122.01286899994255, 37.12665999978315], [-122.01298500029348, 37.12671499975198], [-122.01313900027931, 37.127288000201474], [-122.01283999963024, 37.1275469998485], [-122.0128379999804, 37.127738000051856], [-122.01283100030771, 37.1283010001379], [-122.01491400031381, 37.12822099969782], [-122.01528400020966, 37.128192999989345], [-122.01579399984762, 37.1282350002644], [-122.01574899964177, 37.12838099977719], [-122.01571400037997, 37.128431000045985], [-122.01552500023409, 37.128572999855685], [-122.01514299974436, 37.128761000132016], [-122.01504999985795, 37.128811999977835], [-122.01499600032959, 37.12885300008178], [-122.0149209999865, 37.129068999773466], [-122.01488300035167, 37.129160000241505], [-122.01475199993212, 37.12936200013388], [-122.01471799959691, 37.12943800008855], [-122.01464899999995, 37.12979100013072], [-122.01465700039587, 37.13023300023162], [-122.01445900002915, 37.13095100031102], [-122.01454699989269, 37.131062000215984], [-122.01455000026573, 37.131080999964055], [-122.0180459999081, 37.13391299982685], [-122.0185820003836, 37.134347000012745], [-122.01878700042302, 37.134501999833965], [-122.01973399990398, 37.135173000096174], [-122.02022699982346, 37.13576099986847], [-122.02048799993938, 37.13611300004474], [-122.02083100007106, 37.13649199980135], [-122.02102299969168, 37.136723000040654], [-122.02115300028635, 37.13688800008669], [-122.02130399989908, 37.13702499975169], [-122.02148899984698, 37.137288999744634], [-122.02185999956774, 37.13783800016552], [-122.02195599982723, 37.13799799996241], [-122.02223000036196, 37.13879999970842], [-122.0223120003777, 37.13950299981864], [-122.0222560003012, 37.14063499994221], [-122.02205000043689, 37.1409369997912], [-122.02172700039668, 37.14155299966737], [-122.0216649995741, 37.141728000076164], [-122.02157599988564, 37.14205299976125], [-122.02145000038726, 37.1423119997135], [-122.02155800034227, 37.1422390001844], [-122.02159799962693, 37.14220000019131], [-122.02165000040378, 37.142159000158564], [-122.0217009995591, 37.14213499991949], [-122.02177199970423, 37.14212000012423], [-122.0218260001309, 37.14191199984018], [-122.02187299998656, 37.14169400025755], [-122.02193599973575, 37.1415750000561], [-122.02200199985799, 37.141450000268634], [-122.02211300018608, 37.14120800025358], [-122.02216699971444, 37.141024000209285], [-122.0222019998745, 37.14097999982102], [-122.02226799999677, 37.14093100035129], [-122.02230499980666, 37.14091200021228], [-122.02237500012689, 37.14089799984295], [-122.02302100020728, 37.140880999749044], [-122.02305499964415, 37.14086299998239], [-122.02311300026878, 37.14082100027163], [-122.02315299955345, 37.14077299965288], [-122.02315900029951, 37.14075000007667], [-122.02313599983499, 37.14069500028326], [-122.02310800024591, 37.140667000177736], [-122.02283799990919, 37.14052300008536], [-122.02278100000773, 37.140479999795765], [-122.02274400019783, 37.14044400006743], [-122.02273499997702, 37.140409999671704], [-122.02273599980191, 37.140373000234696], [-122.02275500006849, 37.140269000268695], [-122.0229600001079, 37.139716999818305], [-122.02296400030585, 37.1396430002483], [-122.02291200042731, 37.139172000340146], [-122.02283299988629, 37.13865799975489], [-122.02272999995412, 37.13808399975816], [-122.02253599978538, 37.137583000215045], [-122.02253999998334, 37.137546000111534], [-122.02256300044785, 37.137501999848695], [-122.02259299968676, 37.137478999994094], [-122.02263399969463, 37.13745699984642], [-122.02267600042578, 37.137453000274604], [-122.0235109997537, 37.13746399999175], [-122.0235590003326, 37.137458999990294], [-122.02359000029473, 37.137446999842304], [-122.02360399964016, 37.1374369998368], [-122.02361700005892, 37.13742699983003], [-122.0236570002419, 37.13737800020736], [-122.02366800011255, 37.13734500029742], [-122.02366200026476, 37.13728099986688], [-122.02364899984597, 37.13725399964662], [-122.02362000043198, 37.137224000265874], [-122.02304299994856, 37.13681699978115], [-122.02300600013864, 37.13677599969541], [-122.02298600004717, 37.136740000352845], [-122.02297199980347, 37.1366799997395], [-122.02295199971198, 37.13641500004228], [-122.02295000006217, 37.13639499975721], [-122.0229390001915, 37.1363380002048], [-122.02290099965835, 37.136291000051635], [-122.02285700017573, 37.136261000289004], [-122.02280799977194, 37.136237000327114], [-122.02275000004559, 37.136224000255105], [-122.02263200004485, 37.136224000255105], [-122.02219600002674, 37.136261000289004], [-122.02202699997233, 37.13625699993781], [-122.02192200039035, 37.136237000327114], [-122.02180900041245, 37.13620000028148], [-122.02161000022083, 37.13611099986528], [-122.02145799988484, 37.135998999756026], [-122.02128499963251, 37.13582399970092], [-122.02118900027135, 37.13571699999983], [-122.02115099973818, 37.135659999936685], [-122.02113300019485, 37.13557599972761], [-122.02113200036993, 37.13553800033563], [-122.02114099969245, 37.135487000009704], [-122.02126500043933, 37.13516799994337], [-122.02129700022638, 37.13506399998347], [-122.02130399989908, 37.13496100034368], [-122.02128800000554, 37.1348669997296], [-122.02127499958675, 37.13482699976808], [-122.02126100024135, 37.13480099985335], [-122.02122299970821, 37.134763000072134], [-122.02119799959385, 37.1347499997468], [-122.0211659998068, 37.13474300006653], [-122.02072800013889, 37.13473599966939], [-122.0206589996436, 37.13472999973777], [-122.02055900008449, 37.134709999723434], [-122.02047100022095, 37.13467199989647], [-122.02042699984003, 37.13464099974083], [-122.02040699974853, 37.134616000229805], [-122.0203420003495, 37.134329999879085], [-122.02034599964915, 37.134255000296776], [-122.02035999989286, 37.13410899994187], [-122.02033899997645, 37.1340130001828], [-122.0203210004331, 37.133957000028396], [-122.02029100029588, 37.133897999833685], [-122.02026100015865, 37.133858000076074], [-122.02022000015077, 37.13383700006952], [-122.02013300011214, 37.133828999826775], [-122.02008899973119, 37.13383199982836], [-122.01989000043788, 37.13386400007685], [-122.01978300030777, 37.13387099983849], [-122.01972600040638, 37.13386499983822], [-122.01964799969024, 37.13383199982836], [-122.01958199956799, 37.13379200003587], [-122.01952100036696, 37.133749000217406], [-122.01941099986378, 37.13365800025461], [-122.01934599956645, 37.13358399977131], [-122.01928799984013, 37.13353199979488], [-122.01919900015167, 37.133429000218094], [-122.01915800014378, 37.13336899984376], [-122.01915300012091, 37.133340999891516], [-122.01915499977075, 37.13331699971959], [-122.01918800028102, 37.13320900028398], [-122.01919800032678, 37.133156000279115], [-122.01920400017455, 37.13306000002712], [-122.01918900010591, 37.13300000007638], [-122.01915099957279, 37.132904000342656], [-122.0190049999829, 37.132628999670345], [-122.01893800003576, 37.13252600029676], [-122.01891899976918, 37.13250499992052], [-122.01888899963194, 37.13249899981194], [-122.0184760000784, 37.13257099965094], [-122.01844799959099, 37.13256600004231], [-122.01842000000191, 37.13255399983439], [-122.01839300023772, 37.13253399996108], [-122.01827100003898, 37.132381999748475], [-122.01809799978662, 37.1322009997896], [-122.01805000010604, 37.13214900029509], [-122.01802900018967, 37.13208600026742], [-122.01801900014391, 37.13197700000478], [-122.01802699964153, 37.13191399983391], [-122.01802099979375, 37.13184399966209], [-122.01795800004453, 37.13169799966837], [-122.01790299979295, 37.131617999954585], [-122.01779599966284, 37.13152899987817], [-122.01763300035454, 37.13142199983286], [-122.01760400004223, 37.131378000305766], [-122.01760300021732, 37.13131600014746], [-122.01761699956269, 37.13124900024265], [-122.01762499995861, 37.13116299983972], [-122.01791700003666, 37.13130999994459], [-122.0181799998024, 37.13152499999299], [-122.01832700011548, 37.13167699977854], [-122.01837300014623, 37.131746000315495], [-122.01849100014702, 37.131949000253584], [-122.01852299993408, 37.13199300016486], [-122.01855399989621, 37.132019000328235], [-122.01858700040647, 37.13203900033771], [-122.01861800036863, 37.132050000125766], [-122.01865500017854, 37.1320530001979], [-122.01869100016356, 37.13204499976653], [-122.01884599997426, 37.131974999715936], [-122.0189890000894, 37.131943999887724], [-122.0191029998922, 37.131933000084196], [-122.0193139997794, 37.131923000066166], [-122.01939599979517, 37.1319209997759], [-122.01947699998604, 37.13192600014333], [-122.01955800017689, 37.13193900023767], [-122.01968299985035, 37.131966000206056], [-122.01974300012479, 37.13198600022949], [-122.0198069996989, 37.13201300018117], [-122.01985299972965, 37.13204499976653], [-122.0200539995711, 37.132273999694554], [-122.02013700031011, 37.132348999807974], [-122.02025899961052, 37.13242200028634], [-122.02044399955845, 37.132507999974614], [-122.02111599957809, 37.13266900007765], [-122.02128999965538, 37.13272700002194], [-122.02145899970976, 37.132800999911005], [-122.02170399993216, 37.132918999816724], [-122.0218000001916, 37.132959999844054], [-122.02189899992582, 37.13301600002015], [-122.02207100035328, 37.13319000035409], [-122.0221089999881, 37.13321300008015], [-122.02218199978303, 37.13324799989904], [-122.02242199998254, 37.13330399986199], [-122.02254199963313, 37.13334699993329], [-122.02266200018207, 37.13342000016496], [-122.02279600007637, 37.1335099999318], [-122.02292499994779, 37.1336139998792], [-122.02309999984999, 37.13371699992028], [-122.02322100022381, 37.133798000041864], [-122.02342100024033, 37.13395400003176], [-122.02350499990591, 37.13404399987961], [-122.02374500010544, 37.13427199973117], [-122.02391400015983, 37.134379999797986], [-122.02406499977259, 37.13445899970287], [-122.02417799975049, 37.134509000252706], [-122.02430300032226, 37.134532000294], [-122.02443499966843, 37.13453899999385], [-122.02460500044607, 37.13454100021486], [-122.0248170001582, 37.13451699970739], [-122.02510000001537, 37.13446499965599], [-122.02532799962103, 37.1343979996748], [-122.02545900004058, 37.13437699981812], [-122.02553500020856, 37.13437399983814], [-122.02587499996719, 37.13448300022869], [-122.02593699989148, 37.1345249998774], [-122.026028999953, 37.13460800006942], [-122.02607400015884, 37.13466200024041], [-122.02610500012098, 37.1347129996901], [-122.02622800014461, 37.13486399976899], [-122.02629699974159, 37.13491000034499], [-122.02636399968875, 37.134942999884636], [-122.02647500001682, 37.13496299983738], [-122.02659999969029, 37.13497300016987], [-122.02740599960423, 37.13498400024758], [-122.02747199972649, 37.13499300011468], [-122.02753799984873, 37.13501800021726], [-122.02765500002458, 37.13507100035021], [-122.02782800027694, 37.135162999790175], [-122.02802699957024, 37.135304999858235], [-122.02806699975322, 37.135348000224695], [-122.02810899958601, 37.135382999772126], [-122.02811500033212, 37.135415999821696], [-122.02811699998196, 37.13542999977323], [-122.02811600015704, 37.135467000195476], [-122.02809500024064, 37.13551600033964], [-122.02805900025561, 37.135553999742726], [-122.0279599996231, 37.13563599978416], [-122.02766699972014, 37.13582200022998], [-122.02757499965865, 37.13586999969327], [-122.02752199995518, 37.13589200030242], [-122.02739499973356, 37.13593300015106], [-122.02735399972569, 37.13596099986028], [-122.02732600013661, 37.13598700009255], [-122.02730199984717, 37.136021000327666], [-122.02726199966419, 37.13612499968822], [-122.02726199966419, 37.136216999995035], [-122.02727000006011, 37.13631799989942], [-122.02729000015161, 37.1364230000116], [-122.02728900032669, 37.13646599974267], [-122.02727500008298, 37.136514999956], [-122.02725400016658, 37.136561999970056], [-122.02718800004433, 37.13668900012101], [-122.02711699989923, 37.13683199991178], [-122.02708099991423, 37.136886999649164], [-122.02704199955615, 37.136927999674754], [-122.02699300005067, 37.136968999678125], [-122.02696100026364, 37.13702999978184], [-122.02695600024077, 37.137074000319124], [-122.02695700006566, 37.13712899988059], [-122.02697499960901, 37.137210999647266], [-122.02700200027151, 37.137258999661626], [-122.02704199955615, 37.13728800002849], [-122.02708699976202, 37.13730200034979], [-122.02719700026518, 37.13731500023662], [-122.0279599996231, 37.13729300004126], [-122.0281630000127, 37.1373139998047], [-122.02831500034866, 37.1373530001684], [-122.02837600044803, 37.13737399991523], [-122.02850000029659, 37.137429999688976], [-122.0285589998478, 37.13747499970731], [-122.02861199955126, 37.1375249996963], [-122.02867400037387, 37.13762000030047], [-122.0286910000923, 37.137678000030256], [-122.02869199991721, 37.13772099976419], [-122.02868699989432, 37.13776799974513], [-122.02865500010729, 37.1378870002064], [-122.02861499992432, 37.13796500032289], [-122.02854700015226, 37.13805499969641], [-122.02849600009864, 37.138110999682205], [-122.02836600040227, 37.13820499984652], [-122.02829600008208, 37.138238000097424], [-122.0282269995868, 37.13829199982597], [-122.02820700039362, 37.13831599985204], [-122.02819499979975, 37.13834499981379], [-122.02818800012705, 37.138377000301894], [-122.02820200037075, 37.13856600026809], [-122.02820300019567, 37.138895999838695], [-122.02829400043227, 37.13890499995652], [-122.02839900001425, 37.138895999838695], [-122.02851100016723, 37.138685000190215], [-122.02916200027049, 37.13799200028941], [-122.02935100041637, 37.13793900005429], [-122.02954700023496, 37.1379589999312], [-122.02974800007642, 37.1379610000618], [-122.02986400042738, 37.13799700025565], [-122.0298939996663, 37.138073999836905], [-122.02994800009293, 37.13818400033035], [-122.0300500002002, 37.138545000136], [-122.03015200030745, 37.13876800011536], [-122.03022199972932, 37.13889099993188], [-122.03032200018677, 37.139029999652685], [-122.03040699967725, 37.139140000188334], [-122.03052499967804, 37.13924700006114], [-122.03062000011262, 37.13930299988072], [-122.03071499964884, 37.13933099977499], [-122.0308379996725, 37.13930000009605], [-122.03092999973401, 37.139242000177575], [-122.03098900018354, 37.13918999979305], [-122.03104400043512, 37.13912899999874], [-122.0311339999485, 37.13895100022393], [-122.03119300039805, 37.13889000023691], [-122.03140299956202, 37.13870999978903], [-122.03146399966138, 37.138675000348414], [-122.03167000042401, 37.13855599969443], [-122.03179300044765, 37.13850700008686], [-122.03216599981826, 37.13840600024021], [-122.03233599969758, 37.13831599985204], [-122.03241400041367, 37.138257999895295], [-122.03246899976696, 37.13820699997061], [-122.03250499975196, 37.13814600009982], [-122.03248499966047, 37.13807699967019], [-122.03247600033797, 37.13798700032285], [-122.03249700025435, 37.13791200006885], [-122.0326539997149, 37.13754100011549], [-122.03217300038925, 37.13554700013683], [-122.03637500038646, 37.137151999841585], [-122.03651599995344, 37.13692900011179], [-122.03697200006303, 37.13624600004517], [-122.0378719996883, 37.13614599977591], [-122.03932700005568, 37.13400100020435], [-122.0397720002946, 37.13334600016506], [-122.04317199967748, 37.13484600000309], [-122.04487200026723, 37.133646000219876], [-122.0446720002507, 37.13294600015163], [-122.04537199985943, 37.13224600005326], [-122.04437199977673, 37.131246000138646], [-122.04487200026723, 37.13074600023909], [-122.04707199955087, 37.131045999859055], [-122.04713199982534, 37.1307449997203], [-122.0471720000083, 37.13054600007039], [-122.0476719996005, 37.13064599986271], [-122.0476719996005, 37.12934600013372], [-122.04907199971628, 37.1286459996794], [-122.04885900017926, 37.12793699992348], [-122.04878100036144, 37.12764600017906], [-122.04950100006168, 37.12704400030664], [-122.05043800039519, 37.12683199998251], [-122.05100499993455, 37.12670399990469], [-122.05125400035489, 37.126329999847016], [-122.05160099978623, 37.12581299979982], [-122.05278599981683, 37.125237999892626], [-122.0529880003815, 37.12513999987013], [-122.05464200004221, 37.12683600011574], [-122.05396599982461, 37.127634999750846], [-122.05580600015642, 37.12693199966884], [-122.05652000000887, 37.12673100030843], [-122.05663600035983, 37.126131000047415], [-122.05732900029588, 37.12574899964255], [-122.05827499995192, 37.125229000297836], [-122.05839200012777, 37.12521699964272], [-122.06041700040753, 37.12502600023975], [-122.06038999974506, 37.12532399986633], [-122.06034200006447, 37.12541700028591], [-122.06023199956128, 37.125603999936565], [-122.05998499968909, 37.125697000012096], [-122.0597319999691, 37.1258179998546], [-122.05969199978612, 37.12582200004142], [-122.05940899992892, 37.12585099977807], [-122.05922399998099, 37.1259880000879], [-122.05905199955353, 37.1259880000879], [-122.05893600010089, 37.12595500022415], [-122.05879100033593, 37.12601599989589], [-122.05870900032019, 37.12606499971398], [-122.05866099974129, 37.12619200029356], [-122.05863999982489, 37.126284999646586], [-122.05866099974129, 37.126356999667976], [-122.05853100004497, 37.126466000146934], [-122.05835500031785, 37.12672100031917], [-122.05826300025635, 37.12685699991645], [-122.05817399966958, 37.12693300023804], [-122.05805700039204, 37.126960999696436], [-122.05794000021616, 37.126960999696436], [-122.05759000041179, 37.12693900007165], [-122.05740499956555, 37.126983000031004], [-122.05721999961762, 37.12705400025322], [-122.05700000040791, 37.12730700018083], [-122.05687099963816, 37.12742500005882], [-122.05680799988897, 37.12748299972503], [-122.05666399994891, 37.12763099965984], [-122.05656100001677, 37.12772999988052], [-122.0562110002124, 37.1278230002086], [-122.05607399994503, 37.127828999971705], [-122.0559640003402, 37.12788399980725], [-122.05590900008859, 37.127944000233335], [-122.05585600038515, 37.12798299969699], [-122.05598199988354, 37.1279710001947], [-122.05602600026447, 37.127967999960745], [-122.05619500031888, 37.12795300022153], [-122.05627700033462, 37.127945999912505], [-122.05636299965005, 37.12794900014734], [-122.05649099969658, 37.127954000061], [-122.05655400034408, 37.12792799993339], [-122.05666399994891, 37.127878000048504], [-122.05683600037636, 37.12778499978801], [-122.05698000031643, 37.127659000292425], [-122.05717199993703, 37.12750499990791], [-122.05734299964128, 37.12735099992617], [-122.0575150000687, 37.12727400017594], [-122.05765900000877, 37.12724699996591], [-122.05809800039988, 37.1272030001601], [-122.05821499967745, 37.12721399993487], [-122.05829699969321, 37.12719199966745], [-122.05834500027211, 37.127138999745746], [-122.0584280001128, 37.127049000280095], [-122.05855100013645, 37.126998999814504], [-122.05869500007648, 37.12702100013807], [-122.05901100044395, 37.12685100007633], [-122.05901100044395, 37.12669200019962], [-122.05908000004095, 37.12665300007076], [-122.05925099974517, 37.126582000188556], [-122.05940899992892, 37.12657100032188], [-122.06034899973717, 37.12629100024787], [-122.06069900043984, 37.12614799987441], [-122.06123400019214, 37.125950000178435], [-122.06132999955331, 37.125956000090014], [-122.06148799973705, 37.126087000309], [-122.06156399990503, 37.12616999972906], [-122.06164599992077, 37.12626899971215], [-122.06178300018816, 37.12649399977809], [-122.06192100028039, 37.12669700019633], [-122.06218800024408, 37.126840000248755], [-122.06228399960524, 37.12701600016277], [-122.06242800044359, 37.12718099988949], [-122.06249700004058, 37.12722999966959], [-122.06251100028429, 37.127295999703335], [-122.06259300030005, 37.12734000017132], [-122.06262699973692, 37.127368000195375], [-122.06272999966909, 37.127394999646], [-122.0629699998686, 37.1275210002973], [-122.06305299970927, 37.127532000025894], [-122.06312100037964, 37.12758700007723], [-122.0632169997408, 37.127647999866106], [-122.06332700024397, 37.127747000064545], [-122.0635189998646, 37.12783499973435], [-122.06360199970528, 37.12783499973435], [-122.06372499972892, 37.127895000199274], [-122.06380799956959, 37.127895000199274], [-122.06380099989688, 37.12778499978801], [-122.06355400002468, 37.127647999866106], [-122.06296400002081, 37.127262999693656], [-122.0626960002322, 37.1270650000497], [-122.06245600003268, 37.12693400009099], [-122.06236700034425, 37.12673600030256], [-122.06230500041995, 37.126564999742854], [-122.0622019995895, 37.12642299974673], [-122.06217700037342, 37.12638599991584], [-122.06208500031191, 37.126246999886234], [-122.06207199989312, 37.1261200001152], [-122.06197599963369, 37.12600499994696], [-122.061900000364, 37.12579099984139], [-122.06188600012031, 37.125586999987384], [-122.0618519997851, 37.12545600033545], [-122.0618519997851, 37.12520800004537], [-122.06190700003668, 37.12513100026363], [-122.06200300029617, 37.12509800002624], [-122.06214700023621, 37.125142000339586], [-122.0621399996652, 37.12494400016068], [-122.06212399977167, 37.124686000083656], [-122.0621380000154, 37.124532000096046], [-122.06234399987969, 37.12418599981823], [-122.06240599980399, 37.12411999993756], [-122.06258400007921, 37.124027000073106], [-122.06263900033079, 37.12397699975991], [-122.06281699970772, 37.123670000063655], [-122.06294800012729, 37.123488000141144], [-122.06313300007523, 37.12329600005554], [-122.06318800032678, 37.12317000024953], [-122.06320199967217, 37.12304899975515], [-122.06315999983939, 37.12279599991973], [-122.0631949999995, 37.12262599967987], [-122.06324299968007, 37.12253799968386], [-122.06325699992378, 37.12247700007423], [-122.0632360000074, 37.12237299986321], [-122.06308500039464, 37.122224999674664], [-122.06305799973214, 37.12216399981281], [-122.06306500030314, 37.12207099969402], [-122.06312600040252, 37.12194499999769], [-122.06322199976366, 37.121823999694], [-122.06313300007523, 37.12160900002099], [-122.06306399957991, 37.12138900010662], [-122.06300300037887, 37.120998999956846], [-122.06298199956416, 37.12081300032379], [-122.06305799973214, 37.12049400000091], [-122.06321599991588, 37.12017000005505], [-122.06321599991588, 37.12009799987879], [-122.06307100015093, 37.11968599994072], [-122.06305100005946, 37.11944399979758], [-122.06306500030314, 37.11923600021071], [-122.06311999965641, 37.11885600002709], [-122.06321599991588, 37.11860900028166], [-122.06324299968007, 37.11842800033359], [-122.06340099986382, 37.11811999965285], [-122.06342199978022, 37.11804299982412], [-122.06332499969582, 37.11779600029149], [-122.06331899984805, 37.11769200009642], [-122.06335999985595, 37.11761499983239], [-122.06347000035912, 37.11752699974175], [-122.06384000025496, 37.11740600025593], [-122.0642450003109, 37.117355999867314], [-122.06443699993156, 37.11736199974378], [-122.06471800013894, 37.11743299967842], [-122.06491700033054, 37.1174440001567], [-122.06518500011916, 37.11752699974175], [-122.06541400044802, 37.11766100014835], [-122.06548700024295, 37.11770299982074], [-122.0653499999756, 37.11741100014971], [-122.06531499981551, 37.1173790001075], [-122.06500600001903, 37.11729099974254], [-122.06487600032267, 37.11723600008925], [-122.06473900005531, 37.11715900007779], [-122.06470499972015, 37.117125999946566], [-122.06459500011528, 37.117092999800974], [-122.0634829998796, 37.11703800000384], [-122.06332600041905, 37.116998999915126], [-122.06295499979997, 37.1170320001017], [-122.06274200026296, 37.11700999974015], [-122.06257099966042, 37.11694400004977], [-122.06242000004767, 37.11681199978003], [-122.06229000035135, 37.11658700030385], [-122.06225500019124, 37.116394999906966], [-122.06228299978035, 37.116230000307304], [-122.06235099955238, 37.11611500015663], [-122.06247500029926, 37.116031999740066], [-122.0626329995847, 37.11598799986203], [-122.06342799962798, 37.11590000002929], [-122.0640119997841, 37.1157300000628], [-122.06427899974778, 37.11559799982558], [-122.06441600001513, 37.115570999748726], [-122.06451300009951, 37.11559799982558], [-122.06492400000327, 37.11587300006014], [-122.065074999616, 37.115938999967824], [-122.06535599982338, 37.115943999958475], [-122.06552099967982, 37.11592799998716], [-122.06565200009938, 37.11587300006014], [-122.06572700044246, 37.11580700009492], [-122.0656789998636, 37.11569700002508], [-122.06552099967982, 37.11549900021299], [-122.06550099958834, 37.11542199986764], [-122.06563100018302, 37.11523600014306], [-122.06552800025085, 37.115031999781166], [-122.06556199968772, 37.11475700007382], [-122.0656169999393, 37.114659000093], [-122.06574099978786, 37.11459799986546], [-122.06585700013882, 37.11460399996049], [-122.0661319996001, 37.11475800008754], [-122.06624799995106, 37.114778999657325], [-122.06633099979175, 37.114752000004785], [-122.06636500012691, 37.11469699993982], [-122.06633800036275, 37.114653000002335], [-122.06639299971602, 37.11449899966172], [-122.06650200039427, 37.114334000228375], [-122.06667399992341, 37.11416999974066], [-122.06668099959612, 37.114120000080405], [-122.06652999998336, 37.11391700031835], [-122.06645399981538, 37.11385100008088], [-122.0659120003904, 37.11353199979355], [-122.06578199979576, 37.113438999816076], [-122.06574099978786, 37.11337800003843], [-122.06575900022952, 37.113247000032764], [-122.06576099987933, 37.11323599966107], [-122.0658639998115, 37.11313699982563], [-122.06596000007099, 37.113104000090495], [-122.06607700024684, 37.11314800021171], [-122.06637199979961, 37.11317499971984], [-122.06645399981538, 37.11323599966107], [-122.06661899967182, 37.11342800018864], [-122.06681100019075, 37.11337800003843], [-122.0669619998035, 37.113312000047465], [-122.06697600004719, 37.11326299985419], [-122.06679000027435, 37.11313699982563], [-122.06670800025859, 37.11305399972635], [-122.06665300000701, 37.112938999766406], [-122.06669400001488, 37.112844999737966], [-122.06678400042657, 37.112795999958855], [-122.06688700035873, 37.11276300007511], [-122.06699600013869, 37.11275200034948], [-122.06711300031454, 37.11266400033765], [-122.06703100029877, 37.112603999977864], [-122.06683200010715, 37.11256499975433], [-122.06672900017499, 37.112505000032534], [-122.06661199999914, 37.11252100001073], [-122.06639299971602, 37.112614999725054], [-122.06626200019474, 37.11265900013035], [-122.06612499992741, 37.11266999986955], [-122.06596699974367, 37.11265900013035], [-122.0658710003825, 37.1126199999352], [-122.06579600003944, 37.11256000025692], [-122.0658300003746, 37.11244999976813], [-122.06641299980748, 37.11189999994202], [-122.06646100038638, 37.11178999992725], [-122.06648899997549, 37.11162599966067], [-122.06653699965608, 37.11156000029182], [-122.06668099959612, 37.11146599998428], [-122.06678400042657, 37.11142200031849], [-122.06687300011505, 37.111356000055466], [-122.06690699955192, 37.11126799985407], [-122.06692800036663, 37.111076000297125], [-122.0669829997199, 37.11096599980181], [-122.06712699965993, 37.11081800023786], [-122.06718199991153, 37.11071900010672], [-122.06719500033032, 37.11051599982382], [-122.0672570002546, 37.110383999810146], [-122.06740100019462, 37.110234999751675], [-122.0674969995558, 37.1100100000742], [-122.06747700036262, 37.109917000069586], [-122.06743499963152, 37.109856000320356], [-122.06741500043834, 37.109784999728234], [-122.06744899987523, 37.109679999911165], [-122.06762100030265, 37.109504999892465], [-122.06764800006684, 37.109450000314794], [-122.06765499973953, 37.10933399981109], [-122.06794299961963, 37.109131000113955], [-122.06821100030655, 37.10890600002206], [-122.06837500033805, 37.108839999715514], [-122.06857399963138, 37.108839999715514], [-122.0687839996937, 37.10891700030635], [-122.0688559996637, 37.108943999890286], [-122.06892400033406, 37.10888400016505], [-122.06886900008249, 37.10868599973162], [-122.0688420003183, 37.10863600003238], [-122.06882800007462, 37.108504999703875], [-122.06897200001465, 37.10840600013107], [-122.06954199992704, 37.10813100000182], [-122.07003599967143, 37.107954999882274], [-122.07027599987099, 37.107889000179746], [-122.07069400034572, 37.10783400014487], [-122.07082499986697, 37.10783400014487], [-122.07116799999862, 37.10775200007089], [-122.07132500035748, 37.10773499969494], [-122.07151100013031, 37.10778999980166], [-122.07162699958297, 37.10785099978217], [-122.07173700008612, 37.107954999882274], [-122.07191500036136, 37.1082519999811], [-122.07205900030141, 37.10834499988115], [-122.07214899981476, 37.10828499968141], [-122.07216899990625, 37.10818599982102], [-122.07223099983055, 37.10807000024688], [-122.07232000041732, 37.108003999928144], [-122.07249199994644, 37.10793899965572], [-122.07238200034158, 37.107569999851506], [-122.0723890000143, 37.107399999810504], [-122.07236800009787, 37.10730700018284], [-122.07223099983055, 37.107196999944335], [-122.07220300024144, 37.10711999975399], [-122.07237499977059, 37.10678999989366], [-122.07236100042519, 37.10666399984124], [-122.07249799979425, 37.10634000017672], [-122.07248500027374, 37.106219000008494], [-122.0725530000458, 37.10603699968745], [-122.07243000002217, 37.105526000140706], [-122.07240900010576, 37.10525199972376], [-122.07243000002217, 37.10510300031515], [-122.07255999971852, 37.10476800025227], [-122.07267000022168, 37.104657999908504], [-122.07271100022956, 37.10452599971495], [-122.07274499966643, 37.104482000315805], [-122.07282800040544, 37.104459999890196], [-122.07291700009388, 37.10438899997099], [-122.07299200043697, 37.10435600000609], [-122.07317099963878, 37.1043399997357], [-122.07325299965457, 37.10429000003316], [-122.07331499957884, 37.1041859999157], [-122.07358200044082, 37.10386699975312], [-122.07384299965842, 37.10365300011743], [-122.07408299985795, 37.10352599969957], [-122.07415099963, 37.10344900007591], [-122.07357499986983, 37.10303699982003], [-122.0740800003832, 37.10171300009642], [-122.0744460000811, 37.10075700035763], [-122.07516599978133, 37.09966300011363], [-122.0751869996977, 37.09950399974039], [-122.07537199964567, 37.09919099980614], [-122.07540000013304, 37.099125000348536], [-122.07542000022454, 37.09894399968452], [-122.07538599988935, 37.09881200028143], [-122.0752419999493, 37.098510000000445], [-122.07515200043595, 37.09839999988372], [-122.07482299964965, 37.09815799978124], [-122.07472800011341, 37.09808399970215], [-122.07452100042416, 37.09792200032246], [-122.07423299964577, 37.0976360003331], [-122.07380099982564, 37.09726199998576], [-122.07368399964979, 37.09712999980168], [-122.07357200039509, 37.09701500002385], [-122.07344400034859, 37.09688300012597], [-122.07334100041642, 37.09682799998123], [-122.073172000362, 37.096774000047816], [-122.0730810001254, 37.096746000173304], [-122.07302800042194, 37.09671099995738], [-122.07300699960723, 37.096595000006516], [-122.07298599969086, 37.096478999878066], [-122.07293100033759, 37.0965829998285], [-122.07283099988014, 37.096774000047816], [-122.07270000035889, 37.09687099999358], [-122.07241599977846, 37.09697099984461], [-122.07214700016496, 37.097135000317635], [-122.07194200012553, 37.097330999648435], [-122.07181300025412, 37.09754699971284], [-122.07166500011611, 37.097648000344336], [-122.07141300022101, 37.097681999888174], [-122.0710829996098, 37.097686000128505], [-122.07035100021405, 37.09752099989025], [-122.06950000009424, 37.09745499969432], [-122.06921899988686, 37.097510000100435], [-122.06909500003832, 37.09749900030902], [-122.06891000009036, 37.09751499987484], [-122.06814199981125, 37.097779000104495], [-122.06800500044221, 37.09784500001814], [-122.06697600004719, 37.09820799994867], [-122.06578199979576, 37.09860299968144], [-122.06523299979975, 37.09870799980813], [-122.06453800021387, 37.09892199979997], [-122.06448799998516, 37.098914999672544], [-122.06424000028804, 37.098885000142594], [-122.0640040002865, 37.09887500005781], [-122.06391600042294, 37.09882299988222], [-122.06388000043793, 37.09870099966093], [-122.06392399992055, 37.09858300015261], [-122.06395400005776, 37.09845400009127], [-122.06405899963977, 37.098352000303834], [-122.06436099976355, 37.09826200029307], [-122.06452200032035, 37.098206999716346], [-122.06463899959789, 37.09807799973132], [-122.06470700026829, 37.097816000302004], [-122.06473599968228, 37.09760699982045], [-122.06473300020753, 37.097398000195405], [-122.06472099961366, 37.09723199980123], [-122.06471800013894, 37.09709199973861], [-122.06465600021465, 37.09689899982183], [-122.06451200027462, 37.09675500028761], [-122.06433499982428, 37.096636999898045], [-122.06400500011142, 37.096394999896496], [-122.06370899983537, 37.096152000295625], [-122.06344000022187, 37.096009000319526], [-122.06268199998851, 37.09579800005739], [-122.06216999980245, 37.09576699974525], [-122.06173700015738, 37.09573199979363], [-122.06134600034514, 37.0957509998103], [-122.0610979997497, 37.09579399971732], [-122.06054000043119, 37.09580799983178], [-122.06030100005657, 37.09587799964864], [-122.06000399995565, 37.09602899981134], [-122.05974700003772, 37.09605200008019], [-122.05951299968599, 37.09598900010596], [-122.05943099967024, 37.09605599969005], [-122.05947500005117, 37.096188999854654], [-122.05956899976246, 37.096307999766275], [-122.05961499979325, 37.096500000217155], [-122.05956999958738, 37.096734000019204], [-122.05942800019548, 37.0970719998109], [-122.05920600043763, 37.09748300002334], [-122.05912900044474, 37.09769699989278], [-122.05911900039901, 37.09788200018346], [-122.05926199961584, 37.098573000027955], [-122.05927099983666, 37.09876400024607], [-122.05900399987297, 37.098760000062654], [-122.0581760002177, 37.098714999954694], [-122.05767800027533, 37.098688000307014], [-122.05766499985654, 37.09855699996909], [-122.05756799977219, 37.09088600021261], [-122.05834899957175, 37.09088499988364], [-122.06748400003531, 37.09088600021261], [-122.06768999989964, 37.085645000300616], [-122.0673979998216, 37.08579399999652], [-122.06730400011027, 37.08582399969301], [-122.06728099964573, 37.085827999842756], [-122.06723899981294, 37.08583699982061], [-122.06713300040602, 37.08584999994593], [-122.06706999975852, 37.08584900026712], [-122.066981999895, 37.08584799987166], [-122.06689900005432, 37.08584099996962], [-122.06683499958189, 37.08583100031325], [-122.0667380003958, 37.0858059997332], [-122.0664210002034, 37.08569999996276], [-122.06591499986514, 37.08551599971176], [-122.06570800017589, 37.08543700033154], [-122.06551200035732, 37.08535699975047], [-122.06539400035655, 37.08529799966199], [-122.06513599971534, 37.085154999985704], [-122.06494900011762, 37.08504499983066], [-122.06479099993388, 37.084935000232555], [-122.06475999997174, 37.08491299986381], [-122.06466700008531, 37.08481599966023], [-122.06459400029036, 37.08469800002836], [-122.06454999990943, 37.08458200032054], [-122.06451599957424, 37.08444800015285], [-122.06442500023597, 37.083948000078166], [-122.06426799987712, 37.08314599968955], [-122.06421799964843, 37.082950000218354], [-122.064160999747, 37.08276799989732], [-122.06406299983772, 37.082536000130396], [-122.0639780003472, 37.08237500020222], [-122.06387200004201, 37.08218700013823], [-122.06379000002624, 37.08205699966882], [-122.06368200007121, 37.08192000014568], [-122.06358099978887, 37.0818050002188], [-122.06346799981095, 37.08169399976871], [-122.06326600014461, 37.08152399971343], [-122.06314499977077, 37.081373000031775], [-122.0630119997014, 37.08119100022459], [-122.0628929998757, 37.0809750001227], [-122.06281500005788, 37.08080799984104], [-122.06274100043807, 37.080668000252665], [-122.06264600000351, 37.08051400033522], [-122.06255899996484, 37.08039899970886], [-122.06244500016204, 37.08027300019952], [-122.0623070000698, 37.08016600010487], [-122.06206000019756, 37.08002000008033], [-122.06183099986873, 37.07991499985942], [-122.06132899972839, 37.07973399989487], [-122.06113100025998, 37.07964699998779], [-122.06092600022056, 37.07954400020762], [-122.06073700007468, 37.07943800028079], [-122.06059200030973, 37.07933899999217], [-122.06026300042176, 37.07911599982403], [-122.05944599973883, 37.07859999972583], [-122.0592440000725, 37.07848600027222], [-122.05907199964503, 37.07837700025085], [-122.05894899962136, 37.07828400011527], [-122.05883499981857, 37.07818000013679], [-122.05871000014508, 37.07805099974478], [-122.05858600029653, 37.07790800001487], [-122.0589009999408, 37.077630999981295], [-122.05948799957162, 37.07699400027172], [-122.0600540001844, 37.076383000143785], [-122.06033000036891, 37.076196999883926], [-122.06064800038622, 37.076092999909605], [-122.06101900010697, 37.07605500004881], [-122.06140300024654, 37.07612399966878], [-122.06163599987507, 37.07620799990044], [-122.0638860002857, 37.07416499969289], [-122.06231100026771, 37.07416499969289], [-122.06229600019914, 37.071636000252035], [-122.06682999955902, 37.0715350000758], [-122.06681000036583, 37.06837699987793], [-122.06677100000778, 37.06753200020897], [-122.0667159997562, 37.0655289999752], [-122.06705700023807, 37.06543200006009], [-122.06711499996439, 37.065393999874814], [-122.06716199982002, 37.065343000331886], [-122.06724100036108, 37.06529299998771], [-122.06731099978295, 37.06525900025093], [-122.06745399989806, 37.065190000063666], [-122.06754599995958, 37.06515199975715], [-122.06756000020331, 37.06514999985368], [-122.06766099958732, 37.065135999811005], [-122.06830199964482, 37.06522800035119], [-122.06839399970634, 37.065204000096365], [-122.06845099960775, 37.06515900013572], [-122.06854100001944, 37.0648589997159], [-122.06841999964561, 37.06476800011863], [-122.06810599982624, 37.064533999833706], [-122.06805599959753, 37.06449999975678], [-122.06802299998556, 37.06447799990969], [-122.06794500016778, 37.06443300023518], [-122.0679259999012, 37.06442499982826], [-122.06780399970246, 37.06436899982377], [-122.06776100004474, 37.06434999982565], [-122.06766899998324, 37.06432699997247], [-122.06741600026325, 37.0642850000979], [-122.06728499984368, 37.064264000151894], [-122.0672990000874, 37.06442499982826], [-122.06734400029325, 37.064909000346155], [-122.06735099996592, 37.06497900002622], [-122.06734400029325, 37.06502699995383], [-122.06732599985156, 37.06506700022867], [-122.06726899995016, 37.0650929997151], [-122.06718899958423, 37.06510000009911], [-122.06610400001102, 37.065103999908644], [-122.06411999973913, 37.06511300019614], [-122.06404500029437, 37.065111000291644], [-122.0639709997762, 37.06510299995628], [-122.06387600023996, 37.06522299988059], [-122.06131799985772, 37.06521099975331], [-122.06132899972839, 37.0644079997673], [-122.06133100027651, 37.06433800027709], [-122.06132000040586, 37.06425399980011], [-122.0612240001464, 37.0637759999402], [-122.06112399968897, 37.06334200030781], [-122.06114399978044, 37.06234700015312], [-122.0606049998302, 37.06232599967062], [-122.06060900002817, 37.06020999993249], [-122.06045900024031, 37.05988700024731], [-122.0606399999903, 37.05950099971209], [-122.06099499981754, 37.05949600029774], [-122.06157800014871, 37.05924100033588], [-122.06190600021179, 37.05971099990886], [-122.06188500029539, 37.0602240001674], [-122.06321599991588, 37.060231000283856], [-122.06320400022034, 37.06031400018206], [-122.06327799984018, 37.06031600021302], [-122.06350100032125, 37.060323000321056], [-122.06357599976599, 37.06032599965026], [-122.06359300038275, 37.06020999993249], [-122.06362699981963, 37.05998600012384], [-122.06364299971315, 37.05992699964814], [-122.06366500035278, 37.05986999988622], [-122.06370800001048, 37.059761999653844], [-122.06371800005621, 37.0597339997278], [-122.06375099966819, 37.05965099991195], [-122.06376200043714, 37.05962399996954], [-122.06356499989533, 37.0595730001318], [-122.06336800025184, 37.059021999979755], [-122.06324199985515, 37.058609999796204], [-122.06449899985583, 37.05879700021249], [-122.06751400017254, 37.05922399983004], [-122.06810400017643, 37.05933100008293], [-122.06914600009192, 37.06062300004123], [-122.06914400044211, 37.0607259997146], [-122.06958299993494, 37.06077200016389], [-122.06991600002085, 37.06122400022737], [-122.07022900001532, 37.06131299977027], [-122.0706099997818, 37.06178700011179], [-122.07051600007047, 37.062502999664034], [-122.0708979996619, 37.06286900034513], [-122.07099899994425, 37.063073999925734], [-122.07144699965788, 37.063246999700304], [-122.07151799980302, 37.06352399994723], [-122.07137600041109, 37.06381400021923], [-122.0710590002187, 37.063927000257394], [-122.07105099982277, 37.06404399999265], [-122.07311100026264, 37.06515700023243], [-122.0741859997901, 37.065145000094766], [-122.07772900018645, 37.06510599981333], [-122.07754699971325, 37.065327999658614], [-122.0773059996888, 37.0655220003476], [-122.07699799971726, 37.06575599973511], [-122.0767769997843, 37.06593199966878], [-122.07638699979695, 37.066368000123944], [-122.07633599974335, 37.06646900001328], [-122.07632099967473, 37.06658999985972], [-122.07634400013927, 37.06668200006995], [-122.0763960000178, 37.066768999799905], [-122.07646299996496, 37.06685500021761], [-122.07667600040028, 37.06708999971985], [-122.07693599979297, 37.06693600018014], [-122.07745499965174, 37.06705300029186], [-122.07833199971081, 37.06716100017963], [-122.07846800015324, 37.067172999998405], [-122.07981200019255, 37.06768899972709], [-122.08034699994482, 37.06784900010235], [-122.08071000016798, 37.06789800027972], [-122.0812380002476, 37.068052000016564], [-122.08238999976791, 37.06840899983303], [-122.08276700023478, 37.06847500023548], [-122.08316999974261, 37.06850999987171], [-122.08352100027021, 37.06854099986371], [-122.0835920004153, 37.068541999770744], [-122.08407699993889, 37.068552000274], [-122.08435099957529, 37.06856800021637], [-122.08468000036156, 37.068611999682005], [-122.08485299971562, 37.06865400002781], [-122.08502299959493, 37.06873299969367], [-122.0851330000981, 37.06884800009454], [-122.08515999986228, 37.06892100014634], [-122.08519500002238, 37.06901299967949], [-122.08518800034967, 37.06910300001857], [-122.08518800034967, 37.06911700004578], [-122.0851189998544, 37.069237999968564], [-122.08476999987494, 37.06946400020187], [-122.08461199969119, 37.06956799994972], [-122.08472899986704, 37.070068000247716], [-122.08478599976848, 37.07020700017077], [-122.08489299989857, 37.07046899971463], [-122.08491600036312, 37.07058600011044], [-122.08493499973137, 37.07068299988517], [-122.084913999815, 37.07078200000763], [-122.08484500021802, 37.0708980000446], [-122.08467399961548, 37.071085000274365], [-122.0846259999349, 37.071233000045], [-122.08467399961548, 37.07133200016626], [-122.08475599963124, 37.071447000209936], [-122.08507199999872, 37.07166699968307], [-122.08523699985518, 37.07183700033743], [-122.08547000038202, 37.07194700030479], [-122.08575800026209, 37.07195200033209], [-122.08631300010586, 37.071924999750685], [-122.08670399991813, 37.071940999698185], [-122.08679299960659, 37.071929999779435], [-122.08737599993775, 37.071859000200305], [-122.08748600044095, 37.07186400023342], [-122.08781899962855, 37.07202500026317], [-122.08784899976578, 37.07204000032865], [-122.08812999997318, 37.072165999901635], [-122.08837000017267, 37.07224899964249], [-122.089125000033, 37.07241299985639], [-122.08960500043202, 37.07257300030023], [-122.08974199980108, 37.07259999993416], [-122.08986499982473, 37.07264999976187], [-122.09002999968116, 37.072759000132024], [-122.09036899961487, 37.07318500015487], [-122.09089400021975, 37.07370400006822], [-122.09101800006829, 37.07379200018194], [-122.0912509996968, 37.07388599992992], [-122.09137500044368, 37.07390200018041], [-122.09163499983636, 37.07388500009334], [-122.09234799986388, 37.07396199965622], [-122.09254000038281, 37.07397299999696], [-122.09270500023925, 37.074006000292854], [-122.09389100009481, 37.07436799990285], [-122.09411100020283, 37.074406999722065], [-122.09446699985499, 37.074396000161016], [-122.09483099990307, 37.074434000136485], [-122.09505699985887, 37.07448400018836], [-122.09529000038567, 37.0745819998217], [-122.09557200041799, 37.07475800005929], [-122.09649100030984, 37.075252000197075], [-122.09671700026564, 37.07533500014384], [-122.09745100020957, 37.07547200009894], [-122.09796500004548, 37.07549400034071], [-122.09830800017713, 37.07554299987891], [-122.09847600040665, 37.07557399986295], [-122.0987199999058, 37.07561999990837], [-122.09887700026465, 37.07566400029965], [-122.09939899959814, 37.075916000094026], [-122.10018699996871, 37.076383000143785], [-122.10025899993875, 37.076412999981144], [-122.10676099967701, 37.07053600035545], [-122.10634300010057, 37.07046899971463], [-122.10433299988941, 37.07033800005586], [-122.10327000005752, 37.07006399998318], [-122.10190599992674, 37.06959099964729], [-122.10090400019422, 37.068751000123186], [-122.10073400031492, 37.06865499993337], [-122.10027999985515, 37.06839900002771], [-122.1001219996714, 37.068289999842], [-122.09979299978342, 37.068036999879084], [-122.09926499970383, 37.06757600027561], [-122.09916199977167, 37.067509999807655], [-122.09903799992311, 37.06741099971485], [-122.09884600030249, 37.06727899986797], [-122.09870900003513, 37.06721900012228], [-122.09840699991135, 37.06705400021851], [-122.09803700001548, 37.066767999869484], [-122.09778299957227, 37.06654300013776], [-122.09752900002736, 37.06617500010335], [-122.09718599989569, 37.06541700012129], [-122.096918999932, 37.064994000051634], [-122.0963900000275, 37.06431800030848], [-122.09593599956774, 37.063849999824605], [-122.09576599968842, 37.063675000049216], [-122.09553999973261, 37.0633619998169], [-122.09503199974449, 37.0627470003143], [-122.09478499987229, 37.06229100004826], [-122.09470299985652, 37.062110000309936], [-122.09452399975638, 37.06179600007604], [-122.09445599998432, 37.0616099998816], [-122.09427100003639, 37.06129099971579], [-122.09407799969256, 37.06101099989858], [-122.09377700029198, 37.06038999988831], [-122.09362599978093, 37.05992799966874], [-122.09344000000809, 37.05944000023898], [-122.0931859995649, 37.058494000322256], [-122.09256200012413, 37.056955999988766], [-122.09232899959733, 37.05640099991956], [-122.0923079996809, 37.056214000050126], [-122.09241800018407, 37.05631900011019], [-122.09302800027943, 37.0567360001434], [-122.0933499995964, 37.05687400006233], [-122.09404300043077, 37.057356999952624], [-122.0942009997162, 37.05748899985964], [-122.09481800038256, 37.05781299976586], [-122.09492700016251, 37.05788799977924], [-122.09516800018696, 37.05805400030997], [-122.09537300022635, 37.058164000193784], [-122.09607899968286, 37.05845000000572], [-122.09690899988627, 37.05865299998257], [-122.09738900028528, 37.05878499978557], [-122.09753999989802, 37.05877400010945], [-122.09760199982232, 37.05875200003559], [-122.09828700026075, 37.05827299987579], [-122.09886999969362, 37.05791599966965], [-122.09898600004458, 37.05786700021313], [-122.09923299991675, 37.057707000289554], [-122.09935000009263, 37.057674000070705], [-122.09945200019988, 37.057619000151966], [-122.10017899957282, 37.057420999827585], [-122.10067300021554, 37.05735499984366], [-122.10102200019499, 37.05734900023327], [-122.10109800036297, 37.05735499984366], [-122.10131699974777, 37.0573659997255], [-122.10177000038261, 37.05754199976858], [-122.10194100008684, 37.05758000030273], [-122.10217399971533, 37.05768399985615], [-122.10262700035018, 37.05801900015053], [-122.10274299980283, 37.05809600004983], [-122.10353899967104, 37.05828499966679], [-122.10380599963472, 37.05834900019276], [-122.1042180002617, 37.05833200020394], [-122.10446400030898, 37.05829900025692], [-122.10488899955811, 37.05820499982947], [-122.10529399961406, 37.05808400022894], [-122.10619199958953, 37.05796899999722], [-122.10626699993259, 37.05794699968988], [-122.10643199978904, 37.05779300022766], [-122.10653399989629, 37.0577279999], [-122.10642000009348, 37.05772699985042], [-122.10579999995237, 37.05780900028874], [-122.10467600002107, 37.057976000321744], [-122.10423699962993, 37.05801499996743], [-122.10388600000067, 37.057995999811695], [-122.10357300000622, 37.057855000356014], [-122.10339100043134, 37.057697999840286], [-122.10329099997392, 37.05746199986475], [-122.10307099986589, 37.05718999999096], [-122.10275799987143, 37.05701800008415], [-122.10240600041725, 37.05691899991926], [-122.10222499976896, 37.05684200025931], [-122.10211199979106, 37.05669100017795], [-122.10210299957025, 37.056291000347365], [-122.10202599957732, 37.05615300008505], [-122.1019650003763, 37.05609699970962], [-122.10192199982026, 37.056057999794994], [-122.10175000029112, 37.056026999719904], [-122.10149900022094, 37.05600500028331], [-122.10100999960112, 37.056057999794994], [-122.10048300024474, 37.05615999986025], [-122.10015500018169, 37.05623800028151], [-122.10001899973923, 37.05622700023614], [-122.09990499993643, 37.056217000258684], [-122.09947300011629, 37.05612699968549], [-122.0992079998024, 37.056128999826825], [-122.09874300037035, 37.056272999828685], [-122.0985380003309, 37.056268000201584], [-122.09745799988228, 37.05577800002157], [-122.09719000009366, 37.05563000020526], [-122.0971020002301, 37.0554900000165], [-122.09711700029872, 37.05508399980061], [-122.0971149997506, 37.054634999991734], [-122.0970789997656, 37.054376999900796], [-122.09700000012285, 37.05423299988545], [-122.09697500000851, 37.054187999869406], [-122.09682299967255, 37.0540150002284], [-122.09660199973959, 37.05384300029372], [-122.09634399999675, 37.05369500028802], [-122.096193000384, 37.05359700019326], [-122.0960519999187, 37.05349400016205], [-122.09589700010801, 37.05338899977747], [-122.09570499958905, 37.05330600019007], [-122.09563799964191, 37.05328600018088], [-122.09541599988405, 37.053221000293895], [-122.09499800030765, 37.053188999667285], [-122.09469100016095, 37.053123000303884], [-122.09380599970599, 37.053117999752345], [-122.09372299986532, 37.05309399996798], [-122.09367299963658, 37.0530690000651], [-122.09362900015397, 37.05303700009133], [-122.09357800010036, 37.05297799994752], [-122.09355499963581, 37.05293500012974], [-122.09344800040401, 37.05267499976211], [-122.09340800022103, 37.05255399994632], [-122.09344900022892, 37.05249099966959], [-122.09348600003885, 37.05245400029064], [-122.09362599978093, 37.052338000008795], [-122.09372100021548, 37.05228000015988], [-122.09379800020838, 37.05225100021878], [-122.09407799969256, 37.05218399991696], [-122.09426299964046, 37.05214799979458], [-122.09448199992359, 37.05212700007371], [-122.09485799966723, 37.05211999992653], [-122.09493200018538, 37.05213199997365], [-122.094983000239, 37.05213099985031], [-122.09505600003395, 37.052116000149354], [-122.0951220001562, 37.052086000021696], [-122.09517700040777, 37.052043999822985], [-122.09521500004261, 37.05199299990892], [-122.09529200003549, 37.051818000027566], [-122.09530299990615, 37.051751000060364], [-122.0952929998604, 37.05168400003407], [-122.09528199998975, 37.05165999979626], [-122.09591200017661, 37.05145500020379], [-122.09615200037611, 37.05138400010041], [-122.09641900033981, 37.051366999985], [-122.09744799983652, 37.051444000181974], [-122.09764000035545, 37.05149300020149], [-122.09781799973236, 37.05150900015714], [-122.09813999994765, 37.051504000216156], [-122.09833199956826, 37.05153100018023], [-122.09848999975202, 37.051592000276074], [-122.09868200027097, 37.051630000205236], [-122.09902500040263, 37.051624000142205], [-122.0996070000106, 37.05142700008006], [-122.1003960002061, 37.05132699965629], [-122.10066300016977, 37.051321999703376], [-122.1011500002415, 37.05122299999353], [-122.10130000002935, 37.05122299999353], [-122.10214399957812, 37.0514039998939], [-122.10252799971768, 37.051441999917145], [-122.10279499968138, 37.051441999917145], [-122.10302800020818, 37.05140899984143], [-122.10331600008828, 37.05132699965629], [-122.10374100023571, 37.0511180000515], [-122.10419999982001, 37.05093300034651], [-122.10424800039893, 37.05091399985134], [-122.10448799970011, 37.05088699966775], [-122.10474899981602, 37.050891999649394], [-122.10524900030653, 37.05105100018333], [-122.1053310003223, 37.05108100000322], [-122.1052540003294, 37.047928000234045], [-122.10526400037516, 37.045880999659104], [-122.10237000043224, 37.04593300030031], [-122.10060000042061, 37.04587099975234], [-122.10053500012327, 37.040747000298865], [-122.106147000282, 37.03994699968287], [-122.106147000282, 37.038429000277084], [-122.1060569998703, 37.03800899983436], [-122.10636800021493, 37.038099999972076], [-122.10653600044442, 37.03813699989441], [-122.10672700024011, 37.038164000310886], [-122.10655200033794, 37.03811399998357], [-122.10641300042074, 37.03805900023081], [-122.10627899962816, 37.037996999705605], [-122.10614200025913, 37.03790499985073], [-122.10604000015185, 37.037789999875365], [-122.10598200042553, 37.03766300026137], [-122.10595099956511, 37.0375179997705], [-122.10595800013611, 37.03739099970156], [-122.10598999992314, 37.03725399981248], [-122.10605799969522, 37.037119999922645], [-122.10634899994835, 37.036674999844124], [-122.10665100007213, 37.036226000128536], [-122.10680000003507, 37.03600599971086], [-122.1068669999822, 37.035928000009434], [-122.10694200032526, 37.035854999765824], [-122.10702500016595, 37.035788000050225], [-122.1070779998694, 37.03575200003947], [-122.10711600040256, 37.03572599982192], [-122.10721299958863, 37.03567099977364], [-122.10731499969587, 37.03562400026144], [-122.10742100000108, 37.03558400024176], [-122.10756300029128, 37.03554400020098], [-122.1077750000034, 37.035502999796726], [-122.10812399998288, 37.03544399964833], [-122.10823000028809, 37.0354169996988], [-122.10833400004515, 37.035383000200284], [-122.10843299977934, 37.0353410000816], [-122.10852700038899, 37.035293000019955], [-122.10861600007743, 37.035239000003976], [-122.10869899991813, 37.035177999674154], [-122.10877500008611, 37.03511199970881], [-122.10884299985818, 37.03504100009492], [-122.10890300013264, 37.03496599973382], [-122.10896800042997, 37.034861999884924], [-122.10906799998908, 37.03464100018134], [-122.10929200029506, 37.034309000316604], [-122.10989499981942, 37.033200999827194], [-122.11005100035335, 37.03294500006088], [-122.11010200040697, 37.03258500004999]]]}, "properties": {"ZCTA5": "95018", "GEOID": "95018", "NAME": "ZCTA5 95018", "AREALAND": 45182530, "INTPTLAT": "+37.0838741", "INTPTLON": "-122.0598984", "zcta": "95018", "place": "95018 Ben Lomond", "name": "ZCTA5 95018"}}, {"type": "Feature", "geometry": {"type": "MultiPolygon", "coordinates": [[[[-121.79931299972559, 36.92633200026905], [-121.79928799961125, 36.9263190001236], [-121.79923900010574, 36.926294999794], [-121.79904599976192, 36.926225999791775], [-121.79886300036212, 36.92616599995765], [-121.79796600021157, 36.9259550001779], [-121.79734500024556, 36.92580999992265], [-121.79697500034969, 36.92572500033816], [-121.79679600024957, 36.925680000350866], [-121.79671199968564, 36.92565799980476], [-121.79646200033872, 36.925594999903296], [-121.79637899959974, 36.92557399968519], [-121.79633900031509, 36.92565799980476], [-121.79622100031429, 36.925910999956265], [-121.79618299978115, 36.92599600005152], [-121.7961660000627, 36.92603200032517], [-121.79591699964237, 36.92654200010185], [-121.79586099956586, 36.92665900027071], [-121.7957519997859, 36.926855000249454], [-121.79553199967789, 36.92716500027156], [-121.79484999961251, 36.92801399989203], [-121.79466999968746, 36.92823899985586], [-121.79445399977739, 36.92847400014638], [-121.79404399969854, 36.929001000306], [-121.79392800024594, 36.92915199991591], [-121.79384500040524, 36.92926100010956], [-121.79343799980116, 36.929791000028466], [-121.79324100015765, 36.93000500012749], [-121.79309800004253, 36.93013899995742], [-121.79294200040691, 36.93026500009702], [-121.79270300003232, 36.930421000083946], [-121.79249200014512, 36.9305340003308], [-121.79227299986199, 36.93062400029317], [-121.79203199983759, 36.93070400017057], [-121.79196700043858, 36.93071700028628], [-121.7916729998124, 36.93078099982959], [-121.79112299999147, 36.93086399967337], [-121.79103799960268, 36.930876000197], [-121.79078300023284, 36.93091400016721], [-121.79069899966896, 36.93092700024712], [-121.79048899960667, 36.93095700009171], [-121.78986199979285, 36.93105099995919], [-121.78965299955549, 36.93108300031541], [-121.7896679996241, 36.931393999936084], [-121.78968199986781, 36.931704999724026], [-121.78972299987568, 36.932583000143744], [-121.78973600029447, 36.93284299993661], [-121.78970500033233, 36.93298499969205], [-121.78965699975345, 36.93311799977421], [-121.78959999985204, 36.93321799992612], [-121.78944000001847, 36.93345100016603], [-121.78927000013917, 36.93360599984784], [-121.78908799966595, 36.933716999908086], [-121.78892700000749, 36.93375000010833], [-121.78864499997516, 36.93376399994959], [-121.78769299957304, 36.93379100009782], [-121.78597399961504, 36.93383900033771], [-121.78519000034072, 36.93386099995885], [-121.78509900010411, 36.93386399997199], [-121.78492099982888, 36.93386299972825], [-121.78485800007967, 36.9338479996613], [-121.78480000035337, 36.93382199977749], [-121.7847469997516, 36.93378600031044], [-121.78457199984942, 36.9335999998012], [-121.7847810000868, 36.933486999791306], [-121.78541100027365, 36.93314999998072], [-121.78562100033594, 36.9330389998128], [-121.78598700003383, 36.932838000087045], [-121.78708599985073, 36.93223699969573], [-121.78745300027184, 36.932037000276864], [-121.78737399973083, 36.93196400008902], [-121.78735899966219, 36.931941999920326], [-121.78720999969929, 36.93171299974571], [-121.78715199997296, 36.9315999998105], [-121.78712699985863, 36.93155100004074], [-121.78710599994223, 36.93147600027349], [-121.78668599981766, 36.93155400014479], [-121.78542700016719, 36.93179199964536], [-121.78534000012854, 36.93180899994029], [-121.78501000041565, 36.931879999737134], [-121.78489499988962, 36.93179700028157], [-121.78455000010813, 36.93154799993656], [-121.78443600030529, 36.93146500011948], [-121.78430800025879, 36.93135300009331], [-121.78392599976902, 36.93101699974547], [-121.78379900044575, 36.93090600006166], [-121.78376599993548, 36.93085699984573], [-121.7836760004221, 36.93071999970507], [-121.78366899985109, 36.930712000297255], [-121.78363200004118, 36.93066900023451], [-121.78360299972884, 36.93064199969843], [-121.7835149998653, 36.93056699975487], [-121.783485999553, 36.93054199975729], [-121.78404200011998, 36.93045799999262], [-121.7846549996901, 36.9303659999731], [-121.78469300022324, 36.93035400008727], [-121.7847600001704, 36.930318999990554], [-121.78500299984462, 36.93014900001031], [-121.78501000041565, 36.930128000328565], [-121.78500399966954, 36.93010600034806], [-121.78457500022249, 36.92966900030049], [-121.78451800032104, 36.92961100018474], [-121.78449900005448, 36.92957599974688], [-121.78449900005448, 36.92954999984204], [-121.78451800032104, 36.92951500009421], [-121.7846909996751, 36.92938499965935], [-121.78475099994958, 36.92933299971052], [-121.78481100022404, 36.92928099972628], [-121.78460399963649, 36.929167999776226], [-121.78428899999221, 36.92885499978996], [-121.78306799997654, 36.927644000342696], [-121.78147200004219, 36.92885699969071], [-121.78141900033873, 36.92890599975607], [-121.78148100026303, 36.928956999688054], [-121.77973800001556, 36.929888000067265], [-121.78086299977173, 36.93125299964882], [-121.78082799961165, 36.9312559997646], [-121.78023400030813, 36.931310999951314], [-121.77928699992887, 36.93142799998159], [-121.77911600022462, 36.93144799974784], [-121.77860400003856, 36.931510000282415], [-121.77843400015922, 36.931531000301504], [-121.77819700033277, 36.931250000251], [-121.7778960000339, 36.93089199969546], [-121.77779599957647, 36.930782000113716], [-121.77767699975078, 36.93067900021786], [-121.77755000042751, 36.930584000323016], [-121.77740499976423, 36.93049800002889], [-121.77708900029502, 36.93031200011291], [-121.77679399984395, 36.93082699996178], [-121.77618399974858, 36.931895000191446], [-121.77599700015084, 36.93222999999416], [-121.77591199976202, 36.932373999982076], [-121.77561399983618, 36.932886999747524], [-121.77542300004048, 36.932791000192594], [-121.77541200016982, 36.93278399982389], [-121.77534600004758, 36.932741999752324], [-121.7753119997124, 36.932741999752324], [-121.77522300002394, 36.932680000219875], [-121.7751159998938, 36.93262500030292], [-121.77483600040962, 36.932435999763435], [-121.77475699986861, 36.93234200016786], [-121.77469699959417, 36.93228000031004], [-121.77468999992145, 36.9322660001962], [-121.77467200037812, 36.93223199980641], [-121.77460299988282, 36.932163000151405], [-121.77452699971484, 36.93202499993602], [-121.77447599966123, 36.93196899999591], [-121.77445800011786, 36.93192100001446], [-121.77441200008712, 36.93183799988552], [-121.77434799961469, 36.93169300004899], [-121.77427999984263, 36.93147999993739], [-121.77425800010131, 36.931296999659494], [-121.77426800014707, 36.93111399966034], [-121.77368499981588, 36.93150900000784], [-121.77302500039012, 36.93091400016721], [-121.77283700006913, 36.93073999965709], [-121.77265600031917, 36.9308660002395], [-121.77242399961726, 36.93065199968533], [-121.77262100015906, 36.93051499989432], [-121.77229499974584, 36.930209000300074], [-121.7726999998018, 36.92992599981191], [-121.77233400010388, 36.929594000117646], [-121.77136400015843, 36.93027099968816], [-121.77069700016163, 36.930735999954365], [-121.76987299980603, 36.931310999951314], [-121.77014700034073, 36.931564000012045], [-121.77018300032576, 36.931623000351046], [-121.76989999957021, 36.931823000138074], [-121.76980599985886, 36.9318900002797], [-121.77001400027133, 36.932085999734255], [-121.77041000010648, 36.93245799978954], [-121.77064699993292, 36.93266699972088], [-121.77086299984299, 36.93285699994446], [-121.77111499973809, 36.93307899993073], [-121.77187399979636, 36.93374500031826], [-121.77212700041466, 36.93396699987221], [-121.77236699971586, 36.93417799973518], [-121.77271200039566, 36.93448200015774], [-121.77309099961404, 36.93480699992029], [-121.77333500001151, 36.93501499964414], [-121.7732210002087, 36.93516399981198], [-121.77316500013221, 36.93523900025852], [-121.77287100040432, 36.935603999893985], [-121.77275400022845, 36.93575099990847], [-121.77268399990825, 36.935838000237744], [-121.77247499967089, 36.93609799969731], [-121.77240600007391, 36.93618599984372], [-121.77236900026399, 36.93623400001131], [-121.77225999958573, 36.936377000121894], [-121.77222399960073, 36.93642599966127], [-121.77215599982867, 36.936515000355854], [-121.7721020003003, 36.936586000077085], [-121.77195199961417, 36.93678299986734], [-121.77188499966701, 36.936873000349266], [-121.7718629999257, 36.9368970002205], [-121.77178199973484, 36.93700300021948], [-121.77159900033507, 36.93724799989672], [-121.77148299998412, 36.93740100007818], [-121.771383000425, 36.93753400035237], [-121.77124899963239, 36.937711999767686], [-121.77098599986664, 36.93806800022306], [-121.7708620000181, 36.93825699972042], [-121.77073999981936, 36.93844399981785], [-121.77068299991792, 36.93854299997931], [-121.77051399986354, 36.93884300022719], [-121.77045899961196, 36.93894300004731], [-121.77044199989354, 36.93897700031526], [-121.77039000001498, 36.93908099994261], [-121.77037400012145, 36.9391160003238], [-121.77046500035804, 36.93919899970694], [-121.77064500028311, 36.93934400034146], [-121.77119099990607, 36.9397649996992], [-121.77126399970099, 36.93980600004275], [-121.77154099971041, 36.940026999728424], [-121.77156699964969, 36.9400619996751], [-121.77181400042022, 36.940295999972165], [-121.77190800013155, 36.94041400000897], [-121.77191700035239, 36.94043800020095], [-121.77197699972852, 36.94049999988416], [-121.7723270004312, 36.94080000032531], [-121.77238599998245, 36.94087199979591], [-121.77270200034994, 36.94113099988189], [-121.77288200027498, 36.94124199975181], [-121.77292400010778, 36.941251999783866], [-121.77301000032149, 36.94128300001858], [-121.7730529999792, 36.941308000082884], [-121.77332599979067, 36.94142899970384], [-121.7734820003246, 36.941425999988496], [-121.77386999976382, 36.94158700010035], [-121.77390999994677, 36.94159099995167], [-121.7746919995713, 36.94167699993437], [-121.77499799989303, 36.94165999968669], [-121.77544999980464, 36.94149700016001], [-121.7756709997376, 36.941358000186895], [-121.775699000225, 36.94133999972244], [-121.7760440000065, 36.941123000130794], [-121.7765379997509, 36.94103899982185], [-121.7767129996531, 36.94100900035582], [-121.77677499957737, 36.941019999850276], [-121.77684499989756, 36.9410329996424], [-121.77741300016015, 36.94113900035009], [-121.77769699984225, 36.94122899999529], [-121.77775000044404, 36.94124600033919], [-121.77823400014269, 36.94139999981809], [-121.77849299971047, 36.94148200015964], [-121.77932299991384, 36.94112199998238], [-121.77935200022618, 36.94110900020539], [-121.77976099958177, 36.94093600014578], [-121.78024600000367, 36.940724000172075], [-121.78046399956357, 36.940627999719055], [-121.78079099980171, 36.94048599984429], [-121.7812479997362, 36.9402880001334], [-121.78131800005642, 36.94022399995726], [-121.78135200039158, 36.940248999651075], [-121.78147000039237, 36.94033700003001], [-121.7815990002638, 36.94043300013169], [-121.7817609997472, 36.940553999706076], [-121.78182000019673, 36.94059800009116], [-121.78188899979372, 36.94064900009771], [-121.78209700020618, 36.94080499965254], [-121.78216699962805, 36.94085799982439], [-121.7828160000815, 36.94134200001358], [-121.78339199984167, 36.941771000221905], [-121.78403299989917, 36.94222399979823], [-121.78480700002606, 36.94273700003197], [-121.7848170000718, 36.942744000204414], [-121.78547800022079, 36.94319400009392], [-121.78593099995733, 36.94350100008248], [-121.7867040002593, 36.94402500011226], [-121.78679799997066, 36.94408400013787], [-121.78727199962358, 36.944420000313244], [-121.78728699969218, 36.944432000138285], [-121.78770599999186, 36.944786999969764], [-121.78787800041928, 36.94495700032464], [-121.7879419999934, 36.944889000084615], [-121.78829199979776, 36.94455199972033], [-121.78837800001148, 36.94460799974776], [-121.78851199990578, 36.944695000016516], [-121.78901599969592, 36.94420400026808], [-121.78962499996639, 36.94461300026106], [-121.7897310002716, 36.94451199988063], [-121.7906379995696, 36.94364699982543], [-121.79017200031258, 36.94333300030747], [-121.7906119996303, 36.94291299996718], [-121.79037200032913, 36.942750999658244], [-121.7904629996674, 36.94266500016978], [-121.79046000019265, 36.94264200008974], [-121.79039099969737, 36.942595999908896], [-121.79033899981883, 36.9425609996902], [-121.79034700021478, 36.94251899998099], [-121.7901539998709, 36.94238800005544], [-121.79033200014612, 36.94221700029599], [-121.79036999978099, 36.94218099976874], [-121.79047100006332, 36.942041000189036], [-121.79064099994262, 36.94180499994601], [-121.7906889996232, 36.94186199997736], [-121.7917869996152, 36.942346999665226], [-121.79226799983913, 36.942455000242816], [-121.79226799983913, 36.94234299985364], [-121.7922670000142, 36.94210500027495], [-121.79265500035176, 36.94227500015242], [-121.79287299991165, 36.94236999983432], [-121.79299099991239, 36.94188400015439], [-121.79303600011824, 36.94169800002396], [-121.79309800004253, 36.94144200014417], [-121.7924069997563, 36.941447000147264], [-121.7924340004188, 36.94108199977787], [-121.7925189999093, 36.9399869996671], [-121.79254700039671, 36.939622999652215], [-121.79316099979172, 36.9396239998203], [-121.79355599980194, 36.93962499998843], [-121.79394599978927, 36.93962899994269], [-121.79452300027266, 36.9396449997577], [-121.79484399976471, 36.939661999736984], [-121.79500399959831, 36.939677000095635], [-121.79521399966056, 36.93969800001843], [-121.79538799973786, 36.93973000033411], [-121.79560700002098, 36.93979300004125], [-121.79574400028831, 36.939858000026454], [-121.79584300002253, 36.93991799985311], [-121.79588499985532, 36.93909199971544], [-121.79591699964237, 36.93846699972904], [-121.79590800031984, 36.937649999970105], [-121.7959269996881, 36.937470000017235], [-121.79597000024411, 36.9373459999779], [-121.79598899961238, 36.93727800012545], [-121.79600700005403, 36.93699399983235], [-121.79610699961317, 36.936573000244294], [-121.79619299982689, 36.936133000012475], [-121.79624300005561, 36.935749000188615], [-121.7962799998655, 36.935674999745885], [-121.79663899989072, 36.93532800018517], [-121.79668800029454, 36.935223000236434], [-121.79673199977714, 36.93503699964389], [-121.79671300040887, 36.93490100006604], [-121.79663300004292, 36.93436300003282], [-121.79658899966199, 36.93410899968775], [-121.7966020000808, 36.933995000190556], [-121.79667999989861, 36.93395199982573], [-121.79674699984575, 36.93389700010854], [-121.79679899972427, 36.933833999835414], [-121.79680999959494, 36.93381399997716], [-121.79683200023457, 36.93377700026153], [-121.79690000000663, 36.933620999962486], [-121.79692400029607, 36.93352900017041], [-121.7969200000981, 36.93347599992757], [-121.79689900018172, 36.93342399989735], [-121.79683800008236, 36.9333300000841], [-121.79680700012022, 36.933262999772175], [-121.79679399970144, 36.93323499990304], [-121.79676799976214, 36.93313600002668], [-121.79676100008946, 36.93303399997609], [-121.7967700003103, 36.93295799997636], [-121.79678799985365, 36.93290800010526], [-121.79683700025744, 36.932833999776335], [-121.79690000000663, 36.93276699974643], [-121.79693699981655, 36.932736999896136], [-121.79693199979369, 36.93269999965762], [-121.79693699981655, 36.93266399966063], [-121.79699100024324, 36.93259499967867], [-121.79716699997033, 36.932459000051665], [-121.79724899998607, 36.93237200017361], [-121.79727499992536, 36.93234500024078], [-121.79731299956018, 36.932293000157], [-121.79741700021559, 36.93208000028597], [-121.79758100024712, 36.931588000118936], [-121.79766499991271, 36.93107000026206], [-121.79767499995842, 36.93094200017089], [-121.7977140003165, 36.93045900028098], [-121.7977219998141, 36.930441999684966], [-121.7977290003851, 36.930424999803265], [-121.79773699988272, 36.930409999777744], [-121.79776100017216, 36.930381000007266], [-121.79777299986775, 36.930367999834246], [-121.79697799982445, 36.93037799985709], [-121.79698799987018, 36.93019299994016], [-121.79698100019748, 36.93000300025682], [-121.79695299971007, 36.929974999908225], [-121.79719399973452, 36.92958799975518], [-121.79788400019581, 36.928591000222546], [-121.79781999972337, 36.92857200001988], [-121.7978559997084, 36.928486000328164], [-121.79793900044739, 36.9282870000016], [-121.79802499976282, 36.92806600002248], [-121.79848599989526, 36.92696200018642], [-121.7985379997738, 36.926911999972816], [-121.79905099978478, 36.92642600009472], [-121.79921599964122, 36.92636700004199], [-121.79931299972559, 36.92633200026905]]], [[[-121.77017099973186, 36.93566299997782], [-121.77033700031153, 36.935450000190116], [-121.77012899989907, 36.93535799973367], [-121.77005799975396, 36.935337000051], [-121.7700109998983, 36.935331000140565], [-121.76997300026345, 36.9353269999607], [-121.76992999970744, 36.935328999691635], [-121.76984699986676, 36.93534199973663], [-121.76899900012003, 36.935571999999766], [-121.76866400038428, 36.93566400019794], [-121.76793299991509, 36.93586100021745], [-121.76749699989698, 36.935980000157485], [-121.76742199955392, 36.93600899995182], [-121.76738899994194, 36.93602899995205], [-121.76733100021565, 36.936077000218525], [-121.76729100003266, 36.93613499972227], [-121.76726799956815, 36.936198999742466], [-121.76726500009342, 36.93623299979867], [-121.76727199976607, 36.936299000160105], [-121.76728400035996, 36.93633099974907], [-121.76792799989222, 36.93739299993549], [-121.76796700025028, 36.937435999794936], [-121.7680049998851, 36.937470000017235], [-121.76803300037253, 36.93749499989654], [-121.76809000027392, 36.93752399983233], [-121.76812600025892, 36.93753499982991], [-121.76819900005385, 36.93754800021657], [-121.76874399985192, 36.937542999957635], [-121.76873800000412, 36.93741799984005], [-121.76872899978328, 36.93721499977507], [-121.76875999974541, 36.937046999782844], [-121.76876399994339, 36.9370320003425], [-121.76880599977618, 36.93693200016871], [-121.76883699973831, 36.93689099971484], [-121.76891799992916, 36.93681799986792], [-121.76929200002299, 36.93654399994655], [-121.7693050004418, 36.93653400001469], [-121.76943699978794, 36.936443000358615], [-121.76963299960653, 36.936306999699596], [-121.76965699989599, 36.93628699977224], [-121.76969399970588, 36.93625800008372], [-121.76974899995749, 36.936205999797515], [-121.76979599981316, 36.936151000270925], [-121.77017099973186, 36.93566299997782]]]]}, "properties": {"ZCTA5": "95019", "GEOID": "95019", "NAME": "ZCTA5 95019", "AREALAND": 2840834, "INTPTLAT": "+36.9358526", "INTPTLON": "-121.7844761", "zcta": "95019", "place": "95019 Freedom", "name": "ZCTA5 95019"}}, {"type": "Feature", "geometry": {"type": "Polygon", "coordinates": [[[-122.06413300015792, 37.04913099994964], [-122.064132000333, 37.048938999979285], [-122.06405199996705, 37.04799499999132], [-122.0640119997841, 37.04750800000172], [-122.0636750003985, 37.04692399983813], [-122.06360500007831, 37.04682299974082], [-122.06359000000971, 37.04680099978701], [-122.06335200035832, 37.04652899970068], [-122.06319400017458, 37.046380999771436], [-122.06268100016358, 37.045947000301425], [-122.06253800004848, 37.045838000122316], [-122.06244500016204, 37.04577900011795], [-122.06234800007766, 37.045728000295924], [-122.06224199977245, 37.045684999955455], [-122.06213499964234, 37.045651000035846], [-122.06201800036477, 37.04562400013101], [-122.06190600021179, 37.04560700015946], [-122.06178900003594, 37.045594999797615], [-122.06165500014164, 37.04558799976492], [-122.06142199961481, 37.045597000216546], [-122.06086199974817, 37.045644000008316], [-122.06067799962513, 37.04567600023128], [-122.06055999962435, 37.04569799979419], [-122.06039399994302, 37.04573999991973], [-122.060321999973, 37.045772000102225], [-122.06024599980502, 37.045811999773626], [-122.06016799998719, 37.04587700027013], [-122.06014799989569, 37.0458949996698], [-122.06003499991782, 37.0460079998663], [-122.06000999980347, 37.04603299994415], [-122.0599350003587, 37.046108000128335], [-122.05991000024433, 37.046133000173256], [-122.0601689998121, 37.04639300000897], [-122.06025199965278, 37.046477000184716], [-122.06034899973717, 37.04653200029214], [-122.06052100016461, 37.04656299994404], [-122.06074700012041, 37.046613999921995], [-122.06100599968818, 37.04667999992697], [-122.06119200035934, 37.04675500018882], [-122.0614149999421, 37.04684499968829], [-122.06153200011798, 37.04689699966911], [-122.06156700027806, 37.04699799966795], [-122.06158700036956, 37.0471009999117], [-122.06158800019448, 37.04713899993846], [-122.0615899998443, 37.047197000131355], [-122.06157700032382, 37.04730299994904], [-122.0615480000115, 37.047420000225266], [-122.06150199998076, 37.04751899987696], [-122.06146099997287, 37.047576000313065], [-122.06136600043662, 37.04765700006677], [-122.06133600029938, 37.04771899987291], [-122.06132299988059, 37.04779500000562], [-122.0613220000557, 37.0478099998436], [-122.06131799985772, 37.04806100022942], [-122.0612299999942, 37.04807399966122], [-122.0610480004193, 37.04810299976445], [-122.06097399990115, 37.04813300003263], [-122.06089299971029, 37.04816799973306], [-122.06082800031129, 37.048203000134336], [-122.06072000035623, 37.04826400003718], [-122.06063900016538, 37.0483209999138], [-122.06057899989094, 37.04836400019495], [-122.06045699969219, 37.04845799990763], [-122.06043900014885, 37.048473000331576], [-122.06036399980579, 37.04849800031454], [-122.060253000376, 37.04851500035561], [-122.0600059996055, 37.04848199972412], [-122.05985400016785, 37.0484619998776], [-122.05973600016705, 37.048445999996574], [-122.05961800016628, 37.04843100028429], [-122.05950199981532, 37.04844899979526], [-122.05943099967024, 37.04848599969282], [-122.05940399990602, 37.04851300001353], [-122.05932199989029, 37.048599000333915], [-122.05918700017104, 37.0483770002918], [-122.05914600016317, 37.048323000260886], [-122.05903700038324, 37.04818200003893], [-122.05894600014666, 37.04811099974153], [-122.05883399999365, 37.048041000271965], [-122.05869199970343, 37.047980000189895], [-122.05832199980759, 37.047841999870414], [-122.05816399962382, 37.047811000023884], [-122.05799399974451, 37.0477960001861], [-122.05817299984466, 37.047929999874555], [-122.0583360000513, 37.04807099984766], [-122.05837799988406, 37.04811199991785], [-122.05845800025001, 37.048190000007686], [-122.05853900044086, 37.04829000026295], [-122.05862099955831, 37.048423999796206], [-122.0586699999621, 37.048544000290335], [-122.0586830003809, 37.048599999786816], [-122.0586890002287, 37.0486589997494], [-122.0586819996577, 37.04878100020699], [-122.05866099974129, 37.04885900032626], [-122.0586199997334, 37.04894199975849], [-122.05856899967979, 37.04901199983105], [-122.05851000012855, 37.04906499992501], [-122.058346000097, 37.04915999964901], [-122.05822999974608, 37.04921899989319], [-122.05816500034705, 37.04924800027591], [-122.05807099973741, 37.04929200019264], [-122.05782700023826, 37.04939500019123], [-122.05777100016175, 37.04942799970878], [-122.05772099993304, 37.0494680003214], [-122.057648999963, 37.04954800004943], [-122.05755699990152, 37.0495969998592], [-122.05746599966491, 37.049622000188855], [-122.05734699983923, 37.04963100016214], [-122.05719899970121, 37.04960599983539], [-122.0570709996547, 37.04956800032675], [-122.05658600013112, 37.04939400003182], [-122.056479000001, 37.04935599970007], [-122.05629400005307, 37.04930699973476], [-122.05626700028891, 37.0493000000444], [-122.0561479995649, 37.04929499995789], [-122.05571300027003, 37.04935500025712], [-122.05556799960675, 37.04937499986833], [-122.05544999960598, 37.049400000271106], [-122.055345000024, 37.04941400034972], [-122.05533099978028, 37.049417000110154], [-122.0552119999546, 37.049427000266725], [-122.05509099958077, 37.049430000026696], [-122.05499500021963, 37.04941899971143], [-122.05477900030954, 37.04936900034398], [-122.05472700043103, 37.04936300010225], [-122.05467499965415, 37.04936400026206], [-122.05461699992784, 37.04937200010623], [-122.05456599987423, 37.049390000110975], [-122.05451900001857, 37.04941899971143], [-122.05447800001068, 37.04945900032878], [-122.05440699986556, 37.04965500032468], [-122.05419599997839, 37.05024300014316], [-122.05412599965817, 37.05043999969392], [-122.05409399987111, 37.05054099999683], [-122.05407999962743, 37.05058899973874], [-122.05401299968027, 37.050846999803014], [-122.05400900038063, 37.05086699973802], [-122.05400400035774, 37.05095300025885], [-122.05360900034754, 37.05083799997393], [-122.05336400012514, 37.050783000119], [-122.0532980000029, 37.05077499970659], [-122.05316800030657, 37.05077499970659], [-122.0531209995526, 37.0507799996956], [-122.05303400041228, 37.05078999967259], [-122.05291100038863, 37.050818000031285], [-122.05281799960389, 37.050856000348], [-122.05272700026559, 37.05091799969187], [-122.05264100005188, 37.051004000154855], [-122.05255400001325, 37.05112199988128], [-122.0524729998224, 37.05126200024226], [-122.05246199995173, 37.051305999708305], [-122.05246299977664, 37.05135599995049], [-122.05251800002824, 37.05155300019693], [-122.052523999876, 37.05163500013788], [-122.05250899980743, 37.05171400032069], [-122.052487999891, 37.05176800008976], [-122.05245000025619, 37.051830000122436], [-122.05240099985237, 37.051882999682356], [-122.05233100043048, 37.05193100000941], [-122.05224500021674, 37.05196899976877], [-122.05216499985082, 37.05198699987458], [-122.0520579997207, 37.05199500015922], [-122.05200300036743, 37.05199000025026], [-122.05194200026807, 37.05197499980453], [-122.05171700013716, 37.051880000019395], [-122.05162000005281, 37.051853000179484], [-122.05156599962612, 37.051848999671336], [-122.05148100013561, 37.05185599984357], [-122.05141699966319, 37.051869000059234], [-122.05136399995976, 37.051887000188714], [-122.05132899979965, 37.051912999890305], [-122.05130299986038, 37.05195500016151], [-122.05129899966241, 37.051963999858145], [-122.05124699978388, 37.052123000296945], [-122.05121300034702, 37.05225100021878], [-122.051177000362, 37.05232100010715], [-122.05113700017901, 37.05236900015711], [-122.05110500039198, 37.05238999981096], [-122.05106100001106, 37.05240199981544], [-122.05093700016249, 37.05241899969895], [-122.05090700002525, 37.052429000176915], [-122.05088500028396, 37.05244299969674], [-122.05085000012383, 37.05248400027287], [-122.0508400000781, 37.052528999865494], [-122.05084500010096, 37.05262699990569], [-122.05092100026897, 37.052767000357996], [-122.0508979998044, 37.052948000160576], [-122.05094700020823, 37.05359600008922], [-122.05114600039985, 37.05360699979906], [-122.0515229999684, 37.0536559998558], [-122.05174899992421, 37.05370599998351], [-122.05264000022696, 37.05378299995807], [-122.05276400007553, 37.05376599966318], [-122.05285299976397, 37.05372200018952], [-122.05303100003923, 37.05359000018161], [-122.05317499997926, 37.05352499983808], [-122.0536279997158, 37.05340399994376], [-122.05386799991531, 37.053393000204444], [-122.05461500027802, 37.05349699976121], [-122.05543100023772, 37.05359600008922], [-122.05584899981415, 37.05370100018732], [-122.05628800020527, 37.05376699976497], [-122.05650699959008, 37.053821000224], [-122.05683600037636, 37.05383300000214], [-122.05739100022015, 37.053970000083076], [-122.05753500016021, 37.05396400020505], [-122.05770699968933, 37.05389900018186], [-122.05791900029976, 37.05372800008663], [-122.0581250001641, 37.05346999977971], [-122.05830300043932, 37.053168000234535], [-122.05837899970898, 37.053063000115884], [-122.05854299974052, 37.05295300000643], [-122.05861899990848, 37.05292099998375], [-122.05890000011588, 37.05265699981948], [-122.05891900038245, 37.05264499985538], [-122.0590569995764, 37.0525690002776], [-122.05922200033118, 37.05251900011764], [-122.05957799998333, 37.05251400024325], [-122.05980499976404, 37.0525630002888], [-122.06019499975137, 37.052711999750194], [-122.06035999960781, 37.05272300030511], [-122.06058599956361, 37.05268400009029], [-122.06077100040987, 37.05255199971075], [-122.0609420001141, 37.05231100033188], [-122.06106000011486, 37.05214400001887], [-122.06120300023001, 37.051941999960576], [-122.06141400011721, 37.051642999742675], [-122.0614640003459, 37.051574000076585], [-122.06150100015584, 37.0515279997864], [-122.06153899979066, 37.051481000053336], [-122.06151200002647, 37.051391000315476], [-122.06147699986639, 37.05127200015574], [-122.06148299971419, 37.05111400022157], [-122.06148799973705, 37.05102100035158], [-122.06149500030806, 37.05084599966274], [-122.06149799978279, 37.05077800013017], [-122.06155300003437, 37.05054099999683], [-122.06163500005015, 37.05037699981315], [-122.06165099994367, 37.05035199973214], [-122.06172399973859, 37.05024499972263], [-122.06175999972359, 37.05021699986944], [-122.06178400001305, 37.05023199994573], [-122.06184599993732, 37.050254000338995], [-122.06203799955796, 37.05030700028255], [-122.06213700019046, 37.050322000341055], [-122.0622150000083, 37.05032600021273], [-122.06222900025197, 37.05032699964295], [-122.06228199995543, 37.050322000341055], [-122.06240499997907, 37.05030100011497], [-122.06246299970539, 37.05029799967252], [-122.06256300016281, 37.050312999732746], [-122.06259900014784, 37.05032399991844], [-122.06262699973692, 37.05033799982661], [-122.06265600004924, 37.050361999765535], [-122.06268199998851, 37.050395000296504], [-122.06270200008001, 37.05049300022455], [-122.06273399986704, 37.05055600000908], [-122.0628519998678, 37.050742000057795], [-122.06294800012729, 37.05087899998332], [-122.06315200034177, 37.051119000188194], [-122.06316599968717, 37.051146000289236], [-122.06316300021244, 37.051160000045776], [-122.0631609996643, 37.05117200024469], [-122.06307399962567, 37.05133399987667], [-122.0630900004175, 37.05137900015119], [-122.06330600032757, 37.05145600033604], [-122.0633869996201, 37.05128499975449], [-122.06363000019267, 37.05077199999984], [-122.06371200020845, 37.0506020001715], [-122.06378800037643, 37.05046700003653], [-122.0640190003551, 37.050062000341704], [-122.064096000348, 37.049928000115564], [-122.06403100005066, 37.049901999733976], [-122.06390100035433, 37.04985199996775], [-122.06383900043004, 37.04982000007144], [-122.06377699960746, 37.04978900031586], [-122.0638939997833, 37.049752999774306], [-122.06400199973834, 37.04967800032391], [-122.06407000040872, 37.04951200011053], [-122.06408200010429, 37.04945700001164], [-122.06411200024151, 37.04932300015121], [-122.06413300015792, 37.04913099994964]]]}, "properties": {"ZCTA5": "95041", "GEOID": "95041", "NAME": "ZCTA5 95041", "AREALAND": 501195, "INTPTLAT": "+37.0505337", "INTPTLON": "-122.0582794", "zcta": "95041", "place": "95041 Felton", "name": "ZCTA5 95041"}}, {"type": "Feature", "geometry": {"type": "Polygon", "coordinates": [[[-122.18457699971681, 36.99975899991542], [-122.18462799977043, 36.99975899991542], [-122.18352899995351, 36.99843500015816], [-122.18339900025718, 36.99833300003216], [-122.18332800011207, 36.99830099995032], [-122.18325299976898, 36.998285999660744], [-122.18319300039285, 36.99824800030087], [-122.18311100037711, 36.998211000320694], [-122.18302900036132, 36.998149999674084], [-122.18302000014049, 36.99809499968429], [-122.18299800039918, 36.99807099972843], [-122.18297599975956, 36.99797900030578], [-122.18292499970593, 36.99792400019231], [-122.18282099994885, 36.997841999649154], [-122.18279500000958, 36.99782900022865], [-122.18273499973513, 36.99781499996722], [-122.182675000359, 36.997794999691706], [-122.18234800012084, 36.997638999945295], [-122.18229799989213, 36.99763400004469], [-122.18223599996786, 36.997673999957634], [-122.18227199995286, 36.99788599993408], [-122.1822550002344, 36.99790700030569], [-122.1822119996784, 36.99794100007508], [-122.18214599955617, 36.99793000019359], [-122.1820920000278, 36.99790100030259], [-122.18198800027074, 36.997808999956874], [-122.18189299983618, 36.997717000217236], [-122.18173800002548, 36.99759400011071], [-122.18168000029915, 36.9975890002072], [-122.18157499981886, 36.997608999819384], [-122.18151100024475, 36.99764299972202], [-122.18142099983308, 36.99770600030329], [-122.18142099983308, 36.99774700030054], [-122.18143000005391, 36.997794999691706], [-122.18137900000029, 36.99783600035839], [-122.18132700012174, 36.997794999691706], [-122.18132700012174, 36.99776799999304], [-122.1812750002432, 36.99771999986737], [-122.18119599970217, 36.99766400016074], [-122.18117300013596, 36.99765999966766], [-122.18111200003659, 36.99761800021712], [-122.1811279999301, 36.997467000019455], [-122.18114899984651, 36.997422000083134], [-122.18116999976291, 36.99728800024247], [-122.18115200021957, 36.99724699999778], [-122.18110000034103, 36.997199999672574], [-122.1809859996399, 36.997116000240204], [-122.18076499970697, 36.9971119997183], [-122.18061499991913, 36.99712200030524], [-122.18043099979612, 36.99713499984661], [-122.18037899991756, 36.99717600015169], [-122.18038800013841, 36.997203000060566], [-122.18032799986395, 36.99724300020022], [-122.18030699994756, 36.99723600001588], [-122.18020800021334, 36.99717000009092], [-122.18010500028117, 36.99714999964581], [-122.18007400031904, 36.997139999780025], [-122.17980399998231, 36.99711100030522], [-122.17975200010376, 36.99709699991159], [-122.17968799963135, 36.99706299976483], [-122.17965800039245, 36.997043000008986], [-122.17951100007937, 36.996888999704176], [-122.17944199958404, 36.996824000329845], [-122.17933799982698, 36.9967420000354], [-122.1792890003215, 36.99673800021128], [-122.17923499989482, 36.99677000023337], [-122.17920099955964, 36.996812000152275], [-122.17919300006203, 36.99685299991404], [-122.1791420000084, 36.996893999653764], [-122.17909000012986, 36.996860000133694], [-122.17897799997688, 36.996750999818296], [-122.17892600009833, 36.996710000001535], [-122.17877999961016, 36.996732000115955], [-122.17873699995245, 36.99674599985931], [-122.17869500011965, 36.99678699965671], [-122.17869500011965, 36.996828000149435], [-122.17870400034049, 36.99684900009577], [-122.17867000000531, 36.99688300033822], [-122.17861800012678, 36.996925000194715], [-122.17835199998797, 36.99691199989998], [-122.17819299997933, 36.99687600012075], [-122.1780430001915, 36.996866000218866], [-122.17794000025933, 36.99688700015471], [-122.17776000033429, 36.996949999927445], [-122.17763200028776, 36.996985000256906], [-122.17747699957874, 36.997006000159885], [-122.17741700020261, 36.99700700029177], [-122.17719399972151, 36.99698699980379], [-122.17692799958276, 36.99692000024717], [-122.17688900012301, 36.99689999973631], [-122.17683300004651, 36.99685899999982], [-122.17685099958986, 36.996333999670846], [-122.17684200026733, 36.99621000005476], [-122.17680999958196, 36.99603500005008], [-122.1767839996427, 36.996001000145895], [-122.17675000020583, 36.99596700022656], [-122.17674099998501, 36.99591200009272], [-122.17668900010645, 36.99585099975427], [-122.17668900010645, 36.99582299993539], [-122.17665399994637, 36.99578899993647], [-122.17665399994637, 36.99576200024302], [-122.17659399967192, 36.99570000035261], [-122.17659399967192, 36.9956800002383], [-122.17655900041012, 36.99564600017544], [-122.17655000018928, 36.995598000145215], [-122.17655000018928, 36.99557000023319], [-122.17660899974052, 36.995446000088805], [-122.17658299980125, 36.99542599990769], [-122.17658299980125, 36.99539799993234], [-122.17656600008281, 36.99538100019848], [-122.17647999986909, 36.99532000015156], [-122.17644100040933, 36.99533400015493], [-122.1763099999898, 36.99533999964307], [-122.17626499978395, 36.99536600005039], [-122.17625700028631, 36.99540699987429], [-122.17620600023271, 36.99544899982852], [-122.17618000029344, 36.99544899982852], [-122.17610300030054, 36.99539400003752], [-122.17608499985889, 36.995353000206556], [-122.17605899991962, 36.995318999997494], [-122.17604200020119, 36.995237000232635], [-122.17599799982024, 36.99519600031701], [-122.17592900022326, 36.99511399970204], [-122.17583399978874, 36.99501099998545], [-122.17580000035183, 36.99496700018944], [-122.17569599969643, 36.994882000283], [-122.1755850002667, 36.9948959996495], [-122.17551599977142, 36.99484799986337], [-122.1755149999465, 36.99482800024247], [-122.17542899973276, 36.9947600000572], [-122.17529200036371, 36.994747000109776], [-122.17518100003564, 36.99482999984606], [-122.17513800037791, 36.99480199965126], [-122.17509700037004, 36.994756000128774], [-122.17506800005773, 36.99469299997338], [-122.17503299989762, 36.99450100013454], [-122.17498100001912, 36.99443299965683], [-122.1749030002013, 36.994371000117894], [-122.17487800008695, 36.994371000117894], [-122.17484299992684, 36.99439899975394], [-122.17476699975886, 36.99447500014898], [-122.17471499988031, 36.994515999735825], [-122.17474199964452, 36.994604999987864], [-122.17478500020053, 36.994652999927375], [-122.17481100013978, 36.99473500032194], [-122.17476000008618, 36.9947679999133], [-122.17472499992607, 36.994756000128774], [-122.17458699983379, 36.99457200032577], [-122.17437099992372, 36.99439499980653], [-122.17433699958855, 36.9943259997844], [-122.17431800022031, 36.994154999709295], [-122.17431800022031, 36.99405899988878], [-122.1742139995649, 36.993977000200296], [-122.17410300013513, 36.99394999986351], [-122.17398000011147, 36.993879999982084], [-122.17395699964696, 36.993877000180476], [-122.17388700022506, 36.99388299978357], [-122.17381899955468, 36.99395100003559], [-122.17378599994274, 36.99408200022304], [-122.1737690002243, 36.994103000210195], [-122.17372599966829, 36.994137000245466], [-122.17360600001767, 36.99412400019155], [-122.17355400013912, 36.99412499964389], [-122.17351099958312, 36.99411799988997], [-122.17345100020695, 36.994070000330275], [-122.17344199998614, 36.9939669999172], [-122.17340699982603, 36.99391299994445], [-122.17338500008474, 36.99382300014383], [-122.17335499994752, 36.99376200028214], [-122.17333700040416, 36.99374100020082], [-122.17325100019043, 36.99367299976106], [-122.17318300041835, 36.993728000079216], [-122.1731490000832, 36.993777000029176], [-122.17307200009029, 36.993839000052375], [-122.17302299968648, 36.99383399990192], [-122.17295200043968, 36.99388100015508], [-122.17295200043968, 36.993922000062156], [-122.17296999998305, 36.994086000186854], [-122.1728679998758, 36.99418300014232], [-122.17283100006586, 36.99444400004423], [-122.17279500008088, 36.994511000347366], [-122.17269899982139, 36.99458900024042], [-122.17265600016368, 36.99455499968978], [-122.17267999955482, 36.994349000037914], [-122.17265399961555, 36.994279999974054], [-122.17261099995784, 36.994229000011394], [-122.17248999958402, 36.99412999977516], [-122.17245799979696, 36.994125999813654], [-122.17236999993342, 36.99411699972009], [-122.17233099957537, 36.99409699990696], [-122.17228399971968, 36.99406299985385], [-122.17219699968108, 36.99398799993611], [-122.17218900018344, 36.99396000014879], [-122.1721459996274, 36.993898999679494], [-122.17214499980251, 36.99380300025337], [-122.17220900027492, 36.99373399969412], [-122.17223000019133, 36.993703000004764], [-122.1722560001306, 36.9936779999221], [-122.17224899955957, 36.99364600003384], [-122.17216099969605, 36.993569000068206], [-122.17207000035778, 36.9935149998128], [-122.17202299960377, 36.99348100021702], [-122.17200500006042, 36.99341200008306], [-122.17200500006042, 36.993364000077776], [-122.17201299955804, 36.993342999886565], [-122.17203900039561, 36.9933160000422], [-122.17205600011405, 36.99326100014353], [-122.1720250001519, 36.99318200014122], [-122.17202799962666, 36.99294499964193], [-122.17200199968737, 36.99288399979352], [-122.17196700042561, 36.99284300004436], [-122.17186399959513, 36.992760999762226], [-122.17182900033333, 36.992760999762226], [-122.17179499999814, 36.99278899999103], [-122.1717780002797, 36.992809000148085], [-122.17178699960223, 36.99287100024297], [-122.17181300043981, 36.99289800024532], [-122.17182199976233, 36.99292599970617], [-122.17174499976943, 36.99298799970563], [-122.17171899983016, 36.99300200013823], [-122.1716850003933, 36.99300899999487], [-122.17163400033967, 36.99303700013232], [-122.1715310004075, 36.99303000027831], [-122.17146199991222, 36.99307899996049], [-122.17147199995797, 36.99327099980191], [-122.17140400018589, 36.99332599969334], [-122.17137800024665, 36.993340000063775], [-122.17118900010074, 36.993309999676875], [-122.1711509995676, 36.99329700019909], [-122.17099999995486, 36.99327999999558], [-122.17096599961967, 36.99325999996238], [-122.17082000002979, 36.99321899969842], [-122.17076399995331, 36.99318499997024], [-122.17070799987681, 36.99314399966584], [-122.1706729997167, 36.99310999990414], [-122.17065599999827, 36.99306199970825], [-122.17061199961732, 36.993007999810416], [-122.17043099986736, 36.99283699964171], [-122.17042199964655, 36.99281000033522], [-122.17038800020966, 36.99276899982866], [-122.17036999976798, 36.99273399971124], [-122.17031000039185, 36.992652000029096], [-122.1701720002996, 36.99252299991263], [-122.17016300007876, 36.99247500006378], [-122.17018900001806, 36.992461000251616], [-122.17035100039975, 36.99233000014196], [-122.17029000030038, 36.992282000171244], [-122.17005900032169, 36.99226300006987], [-122.16998999982641, 36.99224200029215], [-122.1698989995898, 36.9921809998799], [-122.1698690003509, 36.99215400034048], [-122.16981699957405, 36.992084999720156], [-122.16966099993844, 36.99189699983361], [-122.16963599982407, 36.99187400027351], [-122.16962699960325, 36.991845999707905], [-122.16959200034147, 36.99179800014924], [-122.1695660004022, 36.99177099975638], [-122.16954899978546, 36.9917370000984], [-122.16941099969318, 36.991556000059475], [-122.16938499975392, 36.99153200019244], [-122.1693760004314, 36.99150400021839], [-122.1693499995938, 36.99146999972353], [-122.16934100027129, 36.99144299993175], [-122.16925500005756, 36.99131299971047], [-122.1692290001183, 36.99128599986291], [-122.16921099967664, 36.991250999780554], [-122.1691510003005, 36.991168999934494], [-122.16909799969874, 36.99106000007229], [-122.16900300016249, 36.99088899982886], [-122.16898600044405, 36.990847999721765], [-122.1689680000024, 36.99082700027089], [-122.16894200006313, 36.99077200000726], [-122.16891600012386, 36.99075200003201], [-122.16890799972794, 36.990723999770864], [-122.16884699962857, 36.990636000215346], [-122.1688209996893, 36.99060799991149], [-122.16880399997085, 36.99057399973361], [-122.16875999958992, 36.99051199991881], [-122.1687350003739, 36.99048499978691], [-122.16871600010732, 36.990313999685796], [-122.16876299996298, 36.99027199976579], [-122.16885300037467, 36.99022399993132], [-122.1689129997508, 36.99020300030816], [-122.16895200010886, 36.99018199996167], [-122.16908400035335, 36.9900849999259], [-122.16918599956227, 36.99000200003385], [-122.16920300017904, 36.98998199985613], [-122.16920999985172, 36.98994699989119], [-122.16913399968374, 36.98988599979088], [-122.1690740003076, 36.989852000007794], [-122.16897100037544, 36.98983199979064], [-122.16894500043618, 36.98983199979064], [-122.16885900022244, 36.98981899971839], [-122.16869500019092, 36.989682000146814], [-122.16870299968852, 36.98960700021402], [-122.1687279998029, 36.98949700003522], [-122.16877100035893, 36.98940100007539], [-122.16879599957493, 36.989380000225005], [-122.1687999997729, 36.989349000196064], [-122.16876200013806, 36.98931099995815], [-122.16864999998508, 36.989339000021985], [-122.16859899993145, 36.98930499999439], [-122.16858999971062, 36.9892709999516], [-122.16859700028162, 36.98925600003343], [-122.16861499982497, 36.989223000202976], [-122.16867500009944, 36.9891539997937], [-122.16869099999298, 36.989023999965305], [-122.1687079997114, 36.98898900027709], [-122.16877600038177, 36.98893400011948], [-122.1688280002603, 36.98892699988785], [-122.1688619996972, 36.988905999906564], [-122.16893899969007, 36.98887799968334], [-122.16907199975948, 36.98880200015305], [-122.1692299999432, 36.988677999736694], [-122.16924199963877, 36.9886470001392], [-122.16923800033912, 36.988602000006594], [-122.1691510003005, 36.98852000017481], [-122.16913799988168, 36.98848899979538], [-122.16913399968374, 36.98845800012085], [-122.16911699996533, 36.9884380002547], [-122.16902200042908, 36.9883629998128], [-122.16870400041174, 36.98837199986973], [-122.16866099985573, 36.988358000019886], [-122.16857299999218, 36.988309000166375], [-122.16855100025089, 36.98830499989873], [-122.16837899982343, 36.98842099968266], [-122.16832299974692, 36.988449000074105], [-122.1682929996097, 36.98847000018153], [-122.16824599975405, 36.988453000334175], [-122.16790699982032, 36.98843700001013], [-122.16776999955299, 36.9885269997264], [-122.16771000017683, 36.98851400014866], [-122.16762399996311, 36.98845999989194], [-122.16760600041974, 36.98835699977427], [-122.1676089998945, 36.98822299974679], [-122.16758700015318, 36.988129999642545], [-122.167552999818, 36.98809599979204], [-122.16751799965789, 36.988069000237616], [-122.1673989998322, 36.98813800019603], [-122.16721100040955, 36.98826900035045], [-122.16704800020294, 36.98830499989873], [-122.16697899970764, 36.98834599994156], [-122.16694500027077, 36.988353000226645], [-122.16686499990482, 36.98828999979007], [-122.16686099970684, 36.9882719996557], [-122.16688199962326, 36.98816299994718], [-122.16690099988985, 36.988106000129534], [-122.16692199980622, 36.988069000237616], [-122.16691599995845, 36.98785200033488], [-122.16692500017926, 36.98783200030934], [-122.166855999684, 36.98777700003276], [-122.16677000036857, 36.98779099998952], [-122.16653900038989, 36.98797100012674], [-122.16646200039702, 36.98797799972885], [-122.16641100034339, 36.9879719996599], [-122.16636799978735, 36.98795799973643], [-122.16617000031894, 36.987821999935875], [-122.16609199960284, 36.987809000237654], [-122.16589099976137, 36.987812999813876], [-122.16582600036237, 36.98780300015542], [-122.16568900009501, 36.98776300007336], [-122.1656029998813, 36.987769999694606], [-122.16556900044444, 36.98779099998952], [-122.16549199955321, 36.987812000278595], [-122.16543200017705, 36.987846000256035], [-122.16525200025201, 36.987874999676016], [-122.16514900031987, 36.98790300026845], [-122.16504700021261, 36.9879719996599], [-122.16464800000445, 36.987997999715944], [-122.1645409998743, 36.9880159999151], [-122.16447999977493, 36.98802999982787], [-122.16435199972842, 36.98812000002575], [-122.16432699961405, 36.98820200028873], [-122.16429300017718, 36.98823700033902], [-122.16425899984202, 36.988263999833805], [-122.16419500026791, 36.988298999855616], [-122.16403600025924, 36.98839700026146], [-122.16389099959596, 36.98838999998042], [-122.1638560003342, 36.98836899985087], [-122.16374500000612, 36.98835600024613], [-122.16368399990674, 36.988321999779146], [-122.16361600013468, 36.988309000166375], [-122.1635039999817, 36.98829599983389], [-122.16340900044543, 36.98826500008065], [-122.16322899962208, 36.988214999919734], [-122.16320299968281, 36.988193999741924], [-122.16317699974351, 36.988193999741924], [-122.16312599968991, 36.98815999992008], [-122.16308300003222, 36.98815999992008], [-122.16304799987212, 36.988139999975516], [-122.16298799959763, 36.988127000331644], [-122.16296199965838, 36.988106000129534], [-122.1629280002215, 36.988098999821666], [-122.16285000040371, 36.98805899989531], [-122.16271300013635, 36.98802500001312], [-122.16264399964106, 36.987991000115684], [-122.16257500004409, 36.98797799972885], [-122.16250600044712, 36.98793700020522], [-122.16242899955591, 36.987911999662295], [-122.16237699967738, 36.98787599992803], [-122.16235199956301, 36.98787599992803], [-122.16232599962375, 36.987869000316536], [-122.16229100036196, 36.98784900029551], [-122.16220099995029, 36.98780799998482], [-122.16205899966006, 36.98771999992587], [-122.16202400039828, 36.98768500035521], [-122.16197199962143, 36.98752799970483], [-122.16190200019953, 36.987363999790006], [-122.16178099982571, 36.98720999997691], [-122.16175499988644, 36.98718600017364], [-122.1617370003431, 36.98705599985204], [-122.16164299973343, 36.98698700034723], [-122.16159099985492, 36.98699500030343], [-122.16155700041803, 36.987022000239044], [-122.16148899974766, 36.98705700011477], [-122.1614500002879, 36.98703600033477], [-122.16141099992984, 36.98700899968655], [-122.16139400021142, 36.98698900015698], [-122.16137599976976, 36.98691300017444], [-122.16139199966328, 36.98665200026052], [-122.1613570004015, 36.986617999749456], [-122.16126899963965, 36.98655500002851], [-122.1612460000734, 36.98655099966863], [-122.16117199955524, 36.986505999731136], [-122.16117599975321, 36.98645400002539], [-122.16121900030922, 36.98641299968036], [-122.16123600002767, 36.98636500028091], [-122.16121400028635, 36.986341000211056], [-122.16120900026351, 36.98630999966117], [-122.16115800020987, 36.98624900023191], [-122.16111399982893, 36.98610500019719], [-122.16107100017123, 36.98604300032752], [-122.16105299972958, 36.98600199976097], [-122.16103600001112, 36.98598199996666], [-122.16097900010973, 36.98586900016876], [-122.1609480001476, 36.985700999860484], [-122.16091399981238, 36.985666000078446], [-122.16086199993386, 36.98563199984426], [-122.16075499980374, 36.98569500032954], [-122.16070799994807, 36.98565400029302], [-122.16070799994807, 36.98563300012571], [-122.16069000040473, 36.98561300023433], [-122.16063000013028, 36.985565000330105], [-122.16054499974146, 36.98562000005341], [-122.16049700006087, 36.98560000015867], [-122.16033800005223, 36.98549800003949], [-122.16014499970835, 36.98551600011263], [-122.16009299982984, 36.985499000322704], [-122.16004599997416, 36.98546500001382], [-122.16001900020997, 36.985252000286856], [-122.16000199959323, 36.985232000295305], [-122.15994100039218, 36.985184000150696], [-122.15991600027783, 36.98519100000924], [-122.1598729997218, 36.98519100000924], [-122.15973600035277, 36.985274000127916], [-122.15969299979673, 36.98528499968728], [-122.15967100005543, 36.98527900012353], [-122.15961099978097, 36.985247999858395], [-122.15953799998604, 36.98518600000784], [-122.15946699984093, 36.985134999687794], [-122.15945199977233, 36.9851249996773], [-122.15938300017535, 36.9850959999265], [-122.1592889995657, 36.98510499965242], [-122.159245999908, 36.98511900010094], [-122.15918599963355, 36.98508500033981], [-122.1591759995878, 36.98488600004029], [-122.15907299965563, 36.984803999790635], [-122.15902099977711, 36.98481800029456], [-122.15895200018014, 36.98477100018151], [-122.15898099959414, 36.98452700010523], [-122.15899999986068, 36.984460000335496], [-122.15901800030237, 36.984344999832814], [-122.15898300014227, 36.9842279999916], [-122.1589089996241, 36.98405399998693], [-122.15889199990568, 36.98397799994251], [-122.15888699988278, 36.98393299991818], [-122.15873200007209, 36.98381100006918], [-122.15870600013285, 36.98381100006918], [-122.1586120004215, 36.98379799968552], [-122.15851799981186, 36.9838800003019], [-122.15850100009341, 36.98393499980821], [-122.15851000031425, 36.984024999827874], [-122.1586400000106, 36.98416099995853], [-122.15869199988914, 36.98426400001708], [-122.15870100010996, 36.984291000204415], [-122.15863199961468, 36.98434699971202], [-122.15858899995698, 36.98435399964753], [-122.15845199968962, 36.98435399964753], [-122.15842599975036, 36.984334000137544], [-122.15823699960447, 36.98430100032454], [-122.15815999961156, 36.98426000025431], [-122.15807400029617, 36.98424000000197], [-122.15803900013607, 36.98421900016193], [-122.1577339996392, 36.98406299983608], [-122.15761300016369, 36.98398800010377], [-122.15738899985773, 36.98383099971665], [-122.1572039999098, 36.98367399972318], [-122.15706599981752, 36.98353800015708], [-122.15702300015981, 36.98348299964617], [-122.15681300009756, 36.98329899983988], [-122.1565910003397, 36.983103999715425], [-122.15646400011808, 36.9829859998022], [-122.15636700003373, 36.98289599998858], [-122.1563319998736, 36.98284799980529], [-122.1560990002451, 36.98256799992634], [-122.15602100042732, 36.98248600004866], [-122.1560130000314, 36.98245899993828], [-122.15584800017493, 36.98225000027491], [-122.15582300006056, 36.982226000342074], [-122.15581399983975, 36.98219900013948], [-122.15572699980113, 36.98209299988926], [-122.15552900033272, 36.9819119998653], [-122.15550300039344, 36.98187400021788], [-122.15545599963946, 36.98182800005278], [-122.15539500043843, 36.98176899984712], [-122.15535600008035, 36.9817169997739], [-122.15526999986663, 36.981645999782096], [-122.15512299955354, 36.9814579999286], [-122.15509699961424, 36.981433999745924], [-122.15508800029174, 36.98140599964282], [-122.15504499973574, 36.981344999869464], [-122.15489800032094, 36.98116000029311], [-122.15484600044243, 36.98107800033312], [-122.1547900003659, 36.98095099993184], [-122.15477199992425, 36.98087600000218], [-122.15476699990138, 36.98080400031584], [-122.15483600039667, 36.98074899998136], [-122.15486999983355, 36.98074199971411], [-122.15494699982645, 36.98071400007396], [-122.15512699975149, 36.98069200034946], [-122.15517799980512, 36.980650999769516], [-122.15521200014031, 36.98061599981709], [-122.15522899985875, 36.9805479998429], [-122.15520600029252, 36.98029700026687], [-122.15517500033039, 36.980142999782615], [-122.1551619999116, 36.9801120002952], [-122.1551479996679, 36.97992299988288], [-122.15516399956141, 36.97988699995618], [-122.15517799980512, 36.979857999643976], [-122.1552129999652, 36.979277999690986], [-122.15514900039112, 36.979230000095654], [-122.15505899997943, 36.97929199977654], [-122.15503300004016, 36.9792930001414], [-122.15481799995499, 36.97911500029909], [-122.15475699985562, 36.979081000007675], [-122.15466300014432, 36.97905400012424], [-122.15461999958829, 36.97901999980562], [-122.15459399964902, 36.97898600018939], [-122.15451599983123, 36.978930999975994], [-122.15439199998264, 36.97900099997973], [-122.1542410003699, 36.97888500018454], [-122.15419000031629, 36.978829999898146], [-122.15416799967667, 36.97877900034076], [-122.15420799985962, 36.97837299981699], [-122.15424600039279, 36.97821899974453], [-122.15416000017908, 36.97815099978112], [-122.15402299991172, 36.97813799986563], [-122.1539879997516, 36.9781169997766], [-122.15391099975871, 36.97809700006237], [-122.15382000042044, 36.97803599978908], [-122.15367800013023, 36.97792600010215], [-122.15366100041177, 36.97787200022373], [-122.15363899977217, 36.97784800034518], [-122.15360799981003, 36.977652000216665], [-122.15360699998512, 36.977563000222304], [-122.15361500038104, 36.97740499982269], [-122.15358100004585, 36.977371000202496], [-122.15355900030453, 36.97730599993649], [-122.15356199977927, 36.97719899965376], [-122.15360100013731, 36.977113000310084], [-122.15361399965782, 36.97692599969939], [-122.15358600006871, 36.97680800025194], [-122.15356799962703, 36.97676699973207], [-122.15349099963416, 36.976664000289084], [-122.15338699987707, 36.976569000323884], [-122.15337799965626, 36.97654099986583], [-122.15332699960261, 36.976472999838215], [-122.15329200034085, 36.976397999800604], [-122.1532050003022, 36.97630199981688], [-122.15317900036295, 36.97621299967889], [-122.15314500002773, 36.97617900024379], [-122.1530930001492, 36.97613800010271], [-122.15306700020994, 36.976145000075846], [-122.15284399972884, 36.97613899979137], [-122.15264799991027, 36.976276999756344], [-122.15258799963583, 36.976312000269374], [-122.15251900003888, 36.976326000182965], [-122.15245899976439, 36.976326000182965], [-122.15231300017454, 36.976312999955695], [-122.15226999961851, 36.976299999726216], [-122.15224399967924, 36.97627899984762], [-122.15217599990719, 36.97626600032999], [-122.15205999955623, 36.97619800005664], [-122.15179699979048, 36.97602099984119], [-122.1517199997976, 36.97602099984119], [-122.15162600008628, 36.97610699970128], [-122.15156199961386, 36.976172999961996], [-122.15148100032133, 36.97628000025209], [-122.15141299965093, 36.9763449999591], [-122.15127600028191, 36.97645600018065], [-122.15103699990729, 36.976628999938], [-122.15096800031034, 36.976642999793334], [-122.15092999977718, 36.976622000009385], [-122.1508820000966, 36.97658800003936], [-122.15086399965493, 36.97634799973451], [-122.15080299955557, 36.976299999726216], [-122.15076099972278, 36.97633500022861], [-122.15071899988997, 36.976579999706495], [-122.15069299995072, 36.97656799992326], [-122.15066799983637, 36.97653399992911], [-122.15052100042158, 36.97641799996138], [-122.15043600003277, 36.9764670002972], [-122.15035800021498, 36.97644700014931], [-122.15028100022208, 36.97645400009403], [-122.15025500028281, 36.97644700014931], [-122.15021199972678, 36.97642000004895], [-122.15015200035064, 36.97636500013386], [-122.14997900009827, 36.97616399989718], [-122.149953000159, 36.976140000197624], [-122.14992700021973, 36.97602299993919], [-122.14986699994529, 36.975974999725906], [-122.14981500006675, 36.97601699964503], [-122.14979099977731, 36.97622300014307], [-122.14975700034043, 36.976285000121116], [-122.14974800011959, 36.976312000269374], [-122.14964600001235, 36.97639500002723], [-122.14907600009994, 36.976477000010405], [-122.14881400015913, 36.97650899994485], [-122.148522999906, 36.97653800009809], [-122.14830899964575, 36.97660100021964], [-122.1480869998879, 36.97678699979593], [-122.1480529995527, 36.97678699979593], [-122.14800099967418, 36.976824999830875], [-122.14794200012294, 36.97688400028195], [-122.14793299990212, 36.97691199989619], [-122.14787299962767, 36.976980999926724], [-122.14789100006932, 36.97712500000738], [-122.14792200003146, 36.97720999966291], [-122.14795299999359, 36.97735100029219], [-122.1479189996584, 36.977384999921306], [-122.1478760000007, 36.97741999992467], [-122.147833000343, 36.97744699967022], [-122.14765300041795, 36.977469000332945], [-122.14758499974756, 36.97748999988311], [-122.1475510003107, 36.97751100014517], [-122.14749100003624, 36.977524999838174], [-122.14739200030202, 36.977555999661945], [-122.14695399973581, 36.97754499970281], [-122.14684900015382, 36.97753799985844], [-122.14656000044883, 36.97751899966251], [-122.14632799974692, 36.977500000179475], [-122.14621599959392, 36.97748599976422], [-122.14581700028407, 36.97742299965765], [-122.14549900026675, 36.97734199964904], [-122.14546499993155, 36.97732199973112], [-122.14540499965709, 36.97730800000071], [-122.14536199999938, 36.977281000205835], [-122.14533600006014, 36.977281000205835], [-122.14528400018159, 36.97724699981259], [-122.14518999957194, 36.97720000004608], [-122.1449960003015, 36.977118000124385], [-122.14484499979045, 36.97700900022288], [-122.14477399964534, 36.97694599972145], [-122.14477500036857, 36.976631999702164], [-122.14470599987328, 36.9765769999403], [-122.14461100033704, 36.976597999736605], [-122.14458600022269, 36.97659900013688], [-122.1445169997274, 36.97658500027347], [-122.14445200032839, 36.97655100028691], [-122.14442200019116, 36.976531000161096], [-122.14433599997743, 36.97651700028517], [-122.14426800020536, 36.97657299977337], [-122.14424300009101, 36.97670300006671], [-122.14418399964146, 36.97684099972663], [-122.14415799970222, 36.97687500030122], [-122.14415000020458, 36.97690299991878], [-122.14407300021168, 36.9769650000604], [-122.14400600026454, 36.97695300033788], [-122.14395699986072, 36.97693100024363], [-122.14386700034737, 36.97686999975336], [-122.14379799985208, 36.976801000339776], [-122.1437280004302, 36.97671600022735], [-122.14370300031584, 36.97669199998427], [-122.14370199959262, 36.97665100011957], [-122.14371099981344, 36.97661599976251], [-122.14364200021649, 36.97656199967213], [-122.14356500022356, 36.97657600025739], [-122.14348800023069, 36.97661799984481], [-122.14336699985687, 36.97659099980513], [-122.14331599980324, 36.97659099980513], [-122.1432639999247, 36.97654999988606], [-122.14310099971809, 36.97651000034624], [-122.14301500040266, 36.97648300026824], [-122.14296299962581, 36.97644900023611], [-122.14276599998232, 36.97634599964505], [-122.14263200008801, 36.976285000121116], [-122.14223200005493, 36.975999000195166], [-122.14147499964646, 36.97561100017336], [-122.1414269999659, 36.97559099980044], [-122.14138000011022, 36.97555700008745], [-122.14121600007871, 36.97546799979584], [-122.1410269999328, 36.975372999772944], [-122.14098400027511, 36.975360000100494], [-122.14032099957798, 36.974830999677856], [-122.14028200011825, 36.97481399965349], [-122.14015700044476, 36.97471799982455], [-122.14006200001023, 36.97460600022989], [-122.13993300013877, 36.97450000016696], [-122.13986399964351, 36.974465999966554], [-122.13980400026735, 36.974411000074575], [-122.13978599982568, 36.974343000296685], [-122.1397170002287, 36.97427400002725], [-122.13969999961196, 36.97417800023483], [-122.13972499972634, 36.97411599997558], [-122.13968200006862, 36.974082000321296], [-122.13957900013645, 36.97409699964293], [-122.13953599958045, 36.97411699969075], [-122.13950200014355, 36.97411800012364], [-122.1394419998691, 36.974103999803816], [-122.13916200038496, 36.973905999926075], [-122.139046000034, 36.97381800029346], [-122.13886399956077, 36.973647000047734], [-122.13883900034475, 36.973616000066976], [-122.13864900037395, 36.97342799975112], [-122.13861400021386, 36.97338399967118], [-122.13849700003799, 36.97328899991754], [-122.13839900012871, 36.973209999986786], [-122.13834700025015, 36.973202999743684], [-122.138308999717, 36.97318300017331], [-122.13827000025725, 36.97315600035025], [-122.13827000025725, 36.97309399997612], [-122.13825199981562, 36.9730110002065], [-122.13786400037641, 36.97262899986624], [-122.13783800043711, 36.97259800018853], [-122.13747600003889, 36.972246000022054], [-122.13692399966985, 36.97167200010409], [-122.13679399997349, 36.9715150001416], [-122.13676800003422, 36.97146000027011], [-122.13674200009496, 36.97143299983587], [-122.13672500037652, 36.9713850003161], [-122.13669900043725, 36.971363999798974], [-122.13665500005632, 36.97121400034551], [-122.136589999759, 36.971118000281756], [-122.13652500036, 36.97097400031801], [-122.13648199980396, 36.97091200031948], [-122.13646400026062, 36.97074799975579], [-122.13643800032133, 36.97071400003232], [-122.13643800032133, 36.97067899981562], [-122.1363860004428, 36.970630999820344], [-122.1363860004428, 36.9706039998097], [-122.13634299988678, 36.97056300025375], [-122.13625599984816, 36.970457000301465], [-122.13596299994519, 36.970193999667394], [-122.13584699959424, 36.97007100027061], [-122.13577299997439, 36.96998200002296], [-122.13577299997439, 36.96995499978209], [-122.13574700003512, 36.969926999761455], [-122.13573000031667, 36.96988599984079], [-122.13569599998151, 36.96985199973228], [-122.13568699976067, 36.96982500016302], [-122.13564400010296, 36.96977700034692], [-122.13559200022443, 36.969705000207185], [-122.13557499960767, 36.96968799975552], [-122.13557399978276, 36.9696190002899], [-122.13558300000359, 36.96959899977778], [-122.13574000036243, 36.969440000292366], [-122.13576200010372, 36.96941200008228], [-122.13577899982218, 36.96937099988421], [-122.13587199970861, 36.96926099987394], [-122.13590199984581, 36.96919500007854], [-122.13591899956427, 36.969133999847024], [-122.13595600027249, 36.96889699978959], [-122.13598100038685, 36.96866299979031], [-122.13608299959579, 36.96856000014536], [-122.13614000039551, 36.96841700015637], [-122.13615100026618, 36.96837399984114], [-122.13613299982453, 36.96835299992876], [-122.13588400030248, 36.968155000162234], [-122.13578899986791, 36.96814199997466], [-122.13576299992864, 36.968114999798864], [-122.13588299957927, 36.96800400033126], [-122.13586500003589, 36.96798400011254], [-122.13580499976145, 36.96793599985321], [-122.13566800039241, 36.967930000357015], [-122.13559899989711, 36.96795099966835], [-122.1355610002623, 36.9679719996917], [-122.13542800019292, 36.96807500013222], [-122.1353429998041, 36.968117000104634], [-122.13530000014639, 36.96813100009027], [-122.13526099978833, 36.96812099999826], [-122.13508599988616, 36.96809699991559], [-122.13494899961877, 36.96822899991776], [-122.13489799956517, 36.9683660000803], [-122.13483900001393, 36.96842100003425], [-122.13481300007466, 36.96842100003425], [-122.13477799991455, 36.96839399995741], [-122.134794999633, 36.96831800006185], [-122.13485499990746, 36.96820199977281], [-122.13488000002182, 36.968166999836484], [-122.13488800041772, 36.96812599968557], [-122.13516100022922, 36.96785000009053], [-122.13516999955174, 36.967815999790346], [-122.13516100022922, 36.96777399965184], [-122.13517799994763, 36.96770599968614], [-122.13519899986403, 36.96766100008706], [-122.13515100018346, 36.96760300018176], [-122.13508199968815, 36.96753500006324], [-122.13506499996973, 36.96748000018688], [-122.13504700042638, 36.967273999709406], [-122.13499499964955, 36.9672120002858], [-122.13479700018114, 36.96703499998649], [-122.13477899973945, 36.966952000069355], [-122.13476200002103, 36.966918000085776], [-122.13466699958647, 36.96684299996287], [-122.13462399992878, 36.96687399983125], [-122.13456500037753, 36.96693300010152], [-122.1345350002403, 36.966990999799535], [-122.13454899958569, 36.96715300023177], [-122.13450599992801, 36.96720399968508], [-122.1342880003681, 36.96740099996861], [-122.13413100000928, 36.96763900017768], [-122.13401999968121, 36.967732000207924], [-122.13390800042652, 36.96771199991773], [-122.13357399961735, 36.96774799986215], [-122.13322700018603, 36.967732000207924], [-122.13315400039109, 36.96772200006351], [-122.13302499962134, 36.96768799970615], [-122.13299000035956, 36.96766800012213], [-122.1328999999479, 36.96762699970245], [-122.13283600037379, 36.96757899993576], [-122.13281000043452, 36.967579999736856], [-122.13273199971837, 36.967538999987475], [-122.1326549997255, 36.96751799984473], [-122.13260399967187, 36.967491000165346], [-122.13256100001418, 36.96747799986437], [-122.13250900013563, 36.96745100017081], [-122.13243200014276, 36.96743000000374], [-122.13240600020346, 36.96741000035194], [-122.13234599992903, 36.96737599985523], [-122.13217400039986, 36.96729400011468], [-122.13208800018614, 36.967280999780115], [-122.13201899969086, 36.96724699994348], [-122.13193300037545, 36.96718499978014], [-122.13193400020037, 36.967083000096196], [-122.13181200000163, 36.96697999974883], [-122.13178600006236, 36.96696600026926], [-122.13170900006946, 36.96695299987863], [-122.13166600041177, 36.96694000020353], [-122.13161399963491, 36.966904999686996], [-122.13154099983997, 36.96687099968243], [-122.13147600044097, 36.966831000079864], [-122.13142500038734, 36.966865000102246], [-122.13139199987707, 36.967064000161045], [-122.13129800016574, 36.96713999987308], [-122.13113900015705, 36.96711700000603], [-122.13085999959951, 36.967087999851664], [-122.13082100013976, 36.96706700030221], [-122.1306620001311, 36.966951000260025], [-122.1305850001382, 36.96693099976463], [-122.13053300025966, 36.966903999877054], [-122.13048999970366, 36.96689699977172], [-122.13043000032752, 36.966860000332126], [-122.13039099996945, 36.96684299996287], [-122.13022799976282, 36.9667130000532], [-122.13010399991427, 36.966809999741805], [-122.12988100033151, 36.966748999752255], [-122.1297259996225, 36.96670199996232], [-122.12969200018563, 36.96668100030638], [-122.12961400036784, 36.96666099974011], [-122.12956300031419, 36.96663399975671], [-122.1295280001541, 36.9666270003443], [-122.12948499959806, 36.96661300008206], [-122.1292269998552, 36.96648400031281], [-122.12914599966436, 36.96645000012026], [-122.12906399964861, 36.966384999857645], [-122.12902900038682, 36.966348000169205], [-122.1290209999909, 36.96632000025723], [-122.1289950000516, 36.96630000031381], [-122.1289950000516, 36.96627899982928], [-122.12898599983079, 36.96625899987509], [-122.12895999989152, 36.96623800009694], [-122.12894200034818, 36.96613500004184], [-122.12891700023381, 36.96611500004977], [-122.12888899974641, 36.96577199990717], [-122.12886299980715, 36.96575099999468], [-122.12886299980715, 36.96572399968859], [-122.12876800027091, 36.965635000100434], [-122.12874200033164, 36.96554599969053], [-122.1287330001108, 36.96549099981261], [-122.12875499985212, 36.965384999974916], [-122.12875800022515, 36.96537399969214], [-122.12865500029298, 36.96529199994842], [-122.12861199973698, 36.9652860002438], [-122.12842699978904, 36.96515599982859], [-122.12811200014478, 36.96490300005702], [-122.12783799961008, 36.96491100018179], [-122.12780800037115, 36.96492199981375], [-122.12766699990586, 36.964939999729985], [-122.1274309999043, 36.96492400020336], [-122.12728899961407, 36.96490700011954], [-122.12725000015432, 36.96488699980485], [-122.12698800021352, 36.9646649999073], [-122.12684099990042, 36.964532000343944], [-122.12685799961885, 36.96437999994327], [-122.12680599974031, 36.96432599978459], [-122.12670199998325, 36.96424400034758], [-122.12658499980738, 36.9642429997849], [-122.1264800002254, 36.96433099972112], [-122.1264030002325, 36.96440299991952], [-122.12637800011815, 36.96445100025321], [-122.12635200017888, 36.96447900013483], [-122.12633499956212, 36.96451299977217], [-122.12630100012525, 36.964555000274274], [-122.12629299972936, 36.96458200027719], [-122.12621599973643, 36.96464399968946], [-122.12611700000224, 36.96469299971015], [-122.12607699981926, 36.964718999825536], [-122.12599900000147, 36.96480600009182], [-122.12593899972701, 36.96486399997488], [-122.12588799967338, 36.9649879997251], [-122.12584599984059, 36.96520699990197], [-122.12571799979405, 36.96533099981131], [-122.1257050002736, 36.96536600033379], [-122.12567500013637, 36.965421000302015], [-122.1256280002807, 36.96553400032082], [-122.12558999974755, 36.96568800022254], [-122.12555600031067, 36.96572299986313], [-122.1254879996403, 36.965778000291195], [-122.12540800017265, 36.9658139997147], [-122.12538499970813, 36.965817999729346], [-122.12531600011116, 36.96585399985163], [-122.12496100028392, 36.96594699990935], [-122.12488799959067, 36.965958000109325], [-122.1245799996191, 36.966040999674746], [-122.12434899964042, 36.96611699969033], [-122.12416899971537, 36.96618600017714], [-122.1238690001397, 36.966207999788686], [-122.12357700006166, 36.966209000325485], [-122.12329000000648, 36.966179000005745], [-122.12325999986926, 36.96616200020216], [-122.12306300022578, 36.96609999987291], [-122.12293000015637, 36.96608399987232], [-122.12290000001913, 36.966067000047516], [-122.12266800021554, 36.96599899999245], [-122.12255699988748, 36.96597199977432], [-122.12250500000894, 36.96594399972405], [-122.1224189997952, 36.96592399968185], [-122.12235900041907, 36.96588999995689], [-122.12229099974867, 36.96587600027688], [-122.12221299993088, 36.965828999947966], [-122.12214500015882, 36.96581500025667], [-122.12211900021956, 36.965795000180584], [-122.12209300028029, 36.965795000180584], [-122.1220589999451, 36.96577400027451], [-122.12199899967065, 36.96576099968031], [-122.12188700041598, 36.96570599995773], [-122.12182700014151, 36.96569300006968], [-122.12144100035214, 36.965494999844225], [-122.12140700001694, 36.96546800016505], [-122.12138100007768, 36.96546800016505], [-122.12118400043417, 36.96537600006994], [-122.12101200000671, 36.96526299981659], [-122.12096000012818, 36.965222000254855], [-122.12085299999806, 36.96510799993939], [-122.12059000023234, 36.964784000075134], [-122.12056500011799, 36.964735999951394], [-122.12052199956196, 36.96468900035417], [-122.12048700030017, 36.96462700026082], [-122.12044399974414, 36.96457900003809], [-122.120340999812, 36.964407999851], [-122.12029800015429, 36.96436000020797], [-122.11980400040989, 36.96395900024311], [-122.11973099971664, 36.96386099994307], [-122.11957199970797, 36.96366999966224], [-122.11950700030897, 36.963600999766165], [-122.11948100036967, 36.96356000002716], [-122.11942399956996, 36.96310399998846], [-122.11940299965356, 36.96304600020017], [-122.11936800039177, 36.9629230000203], [-122.11934999995012, 36.96270999964139], [-122.11936699966856, 36.962642000176764], [-122.11940199982867, 36.96260699983755], [-122.11943600016383, 36.96257999985195], [-122.11959000014963, 36.96255899977684], [-122.1196670001425, 36.96249700010218], [-122.11965799992169, 36.96237999968729], [-122.11960600004316, 36.9623249996755], [-122.11942600011811, 36.96218200017673], [-122.1193569996228, 36.96218200017673], [-122.11933200040677, 36.96220300035582], [-122.11931899998798, 36.96226799988237], [-122.1192720001323, 36.962381000274405], [-122.11918699974349, 36.96246400015062], [-122.11906700009291, 36.96255999964381], [-122.11898199970409, 36.962607999703934], [-122.11886000040366, 36.962621000118695], [-122.11875900012133, 36.962595000004626], [-122.11853599964026, 36.96249000030942], [-122.11842400038557, 36.96241799973749], [-122.11839000005038, 36.96239099968488], [-122.11819199968366, 36.96227499969554], [-122.11803600004806, 36.962190999741495], [-122.11790499962848, 36.962189999869636], [-122.1177930003738, 36.96220400022752], [-122.11713800007261, 36.962381000274405], [-122.11691600031475, 36.962457000354824], [-122.11665000017597, 36.9625259998521], [-122.11661599984077, 36.9625259998521], [-122.11658599970357, 36.96250600034756], [-122.1164700002509, 36.96244399991201], [-122.1163079998692, 36.962574999800424], [-122.11620300028723, 36.962653000136484], [-122.11607199986766, 36.96266800027478], [-122.11521900009805, 36.962687999736815], [-122.11498800011937, 36.96266800027478], [-122.11486799957045, 36.96264800008974], [-122.11484400017932, 36.962631000215445], [-122.11479099957756, 36.96259300027155], [-122.11469600004132, 36.96251800019444], [-122.11467900032288, 36.96248399966619], [-122.11456700016987, 36.96236100001399], [-122.11452399961387, 36.962320000324965], [-122.11450699989544, 36.96227899989613], [-122.11442999990251, 36.962189999869636], [-122.11418700022828, 36.96200299991866], [-122.11416399976376, 36.96199899970356], [-122.11411199988521, 36.96197100034542], [-122.114081999748, 36.96196800000344], [-122.11405199961075, 36.961950999977304], [-122.11396600029535, 36.96192999972865], [-122.1139060000209, 36.96189599965562], [-122.11369199976065, 36.961841999888435], [-122.11365699960054, 36.96182200020418], [-122.11358899982848, 36.961807999776106], [-122.11351100001066, 36.961766999789305], [-122.11342599962187, 36.9617470000854], [-122.1133660002457, 36.96171299993064], [-122.11330599997127, 36.96169900020027], [-122.11327099981116, 36.9616789997607], [-122.1132030000391, 36.96166500002408], [-122.1131169998254, 36.961617000087266], [-122.11307400016769, 36.96161100009307], [-122.11305200042639, 36.96159700034395], [-122.11286800030335, 36.96150800023805], [-122.11254199989011, 36.9612690003583], [-122.11242999973713, 36.96117399984033], [-122.11241300001869, 36.96113200034423], [-122.112370000361, 36.96109099999348], [-122.11235199991931, 36.96094800033046], [-122.11235199991931, 36.96089300000206], [-122.11261700023317, 36.96066599976628], [-122.11261700023317, 36.96061099995193], [-122.11239799995008, 36.96043300020225], [-122.1123169997592, 36.96039499987919], [-122.11214900042803, 36.96028300002564], [-122.11184899995406, 36.96006400004101], [-122.11170300036422, 36.95996900017304], [-122.11155299967807, 36.95988700035031], [-122.1114499997459, 36.95982499993557], [-122.11126899999594, 36.95972999976937], [-122.11121799994231, 36.959715999674394], [-122.11111500001017, 36.95966899984954], [-122.11103800001725, 36.959628000146594], [-122.11100399968208, 36.959621000090074], [-122.11068599966474, 36.959477999819754], [-122.11037699986825, 36.95932799991525], [-122.11007700029259, 36.959164000236626], [-122.10998199985806, 36.95910199995097], [-122.10994000002526, 36.959095999758546], [-122.10963100022877, 36.95892500017754], [-122.10943700006003, 36.95878800025296], [-122.10926200015783, 36.95865499975506], [-122.10912400006558, 36.958494999744154], [-122.10908100040787, 36.958433000349444], [-122.10899500019414, 36.95824100016699], [-122.10897699975249, 36.95807000010159], [-122.10898500014841, 36.95788400001012], [-122.10896800042997, 36.95786400000408], [-122.10877900028407, 36.95771399979153], [-122.10867600035192, 36.95768600029338], [-122.1086250002983, 36.957658999998465], [-122.1085480003054, 36.957635000206814], [-122.10845399969574, 36.9576120003396], [-122.10842799975647, 36.95759100032994], [-122.1084019998172, 36.95759100032994], [-122.10818699973206, 36.957441000297415], [-122.10815300029516, 36.957441000297415], [-122.10810999973916, 36.95743400003986], [-122.10789600037722, 36.95728399969809], [-122.10752700030628, 36.95725799991512], [-122.10739900025976, 36.95723699980778], [-122.10737699962013, 36.957223999909395], [-122.10710700018171, 36.95710799994453], [-122.1069439999751, 36.95699900010116], [-122.1069010003174, 36.956961000217916], [-122.10686600015731, 36.95691600001048], [-122.10682400032451, 36.956875000260894], [-122.10682400032451, 36.956854999989915], [-122.10665199989705, 36.95669100001009], [-122.10642900031431, 36.95651299971105], [-122.10633399987974, 36.95645799976844], [-122.10611100029699, 36.95639700009886], [-122.10600800036482, 36.95633599966258], [-122.10597400002963, 36.956304999810484], [-122.10596499980879, 36.95624000021852], [-122.10593100037192, 36.95620599975833], [-122.10582800043976, 36.95612400019049], [-122.10558800024025, 36.95613800022801], [-122.10553700018663, 36.95617899965648], [-122.10553700018663, 36.95624799981789], [-122.105486000133, 36.956288999905034], [-122.10543400025446, 36.956288999905034], [-122.10540800031518, 36.95628300020882], [-122.10534800004072, 36.95624799981789], [-122.10529500033729, 36.95624000021852], [-122.1051770003365, 36.95624899976777], [-122.10495399985543, 36.95630399986133], [-122.1048810000605, 36.95630799965777], [-122.10454299995169, 36.956312000171835], [-122.10438200029323, 36.9562840001582], [-122.10423400015522, 36.95624499996825], [-122.10386500008427, 36.95596399988663], [-122.1038399999699, 36.95596499984019], [-122.10381800022859, 36.95595099977087], [-122.10377100037294, 36.95593000002101], [-122.10354799989186, 36.95587600032993], [-122.10335899974598, 36.95574600035825], [-122.10326500003465, 36.95574700031474], [-122.10313699998814, 36.9558429996624], [-122.103029999858, 36.955860000334354], [-122.10288000007017, 36.95589200032216], [-122.10284599973498, 36.955912000128244], [-122.10281099957488, 36.95591899980786], [-122.10268300042668, 36.95598800020484], [-122.10263099964985, 36.95602299999742], [-122.10232299967826, 36.95610600034357], [-122.10204099964595, 36.95611999966655], [-122.10195500033053, 36.95612100033591], [-122.10175799978873, 36.95609999991508], [-122.10165499985656, 36.95608000015837], [-122.10162899991732, 36.95606700006247], [-122.10157799986368, 36.9560259998558], [-122.1015860002596, 36.955935999745044], [-122.10163700031322, 36.95581999997176], [-122.1015510000995, 36.95575100014042], [-122.10148300032745, 36.95573799998835], [-122.10143100044891, 36.95570999976367], [-122.10119999957189, 36.95553999971683], [-122.1010239998448, 36.955417000333114], [-122.1005860001769, 36.95513000028068], [-122.10033299955859, 36.9549929999893], [-122.10022999962644, 36.9549450001538], [-122.10015299963352, 36.954904000061], [-122.10010300030314, 36.954888999828896], [-122.10001600026452, 36.95484999964242], [-122.0999810001044, 36.95482299977768], [-122.09988700039307, 36.95481599999734], [-122.09984600038518, 36.9548209998405], [-122.0997069995697, 36.954851000328475], [-122.09956199980475, 36.95496100034162], [-122.09948499981185, 36.95497499987507], [-122.09942500043572, 36.95502299969167], [-122.09940799981895, 36.95511899995197], [-122.09937400038207, 36.955154000143914], [-122.09926200022909, 36.95524299978007], [-122.09923700011473, 36.95524299978007], [-122.09918500023619, 36.95527699995239], [-122.09909099962655, 36.95529799988236], [-122.09906499968729, 36.95531899980649], [-122.09892800031825, 36.95535399990652], [-122.09873099977645, 36.95536800008554], [-122.09861100012584, 36.95529999980702], [-122.09856000007223, 36.95525500005376], [-122.09851700041452, 36.955203999774874], [-122.09838799964477, 36.95510099986751], [-122.09830200032934, 36.955115000093095], [-122.09818299960536, 36.95520499973843], [-122.09816599988692, 36.955279999840215], [-122.09813199955175, 36.95531499995811], [-122.09808899989403, 36.955349000098295], [-122.09801799974892, 36.95539199987377], [-122.0979180001898, 36.95541099985034], [-122.09780000018904, 36.955403000163045], [-122.09762600011175, 36.95537799969917], [-122.09754900011886, 36.95533699983942], [-122.09748899984442, 36.95532299965465], [-122.09737699969143, 36.95525500005376], [-122.0973690001938, 36.955234000111986], [-122.0973690001938, 36.9551449997474], [-122.09740299963067, 36.95509700000769], [-122.09732599963777, 36.95503599996584], [-122.09712399997142, 36.9550389998631], [-122.09704699997852, 36.95505300010008], [-122.0970169998413, 36.95506399972046], [-122.09693599965043, 36.95511899995197], [-122.09683699991623, 36.955208000346936], [-122.09683699991623, 36.95522900029588], [-122.09680299958104, 36.95526299975659], [-122.09670899986972, 36.95533899976306], [-122.09664899959527, 36.95538000033953], [-122.09652899994465, 36.95540799996768], [-122.09641799961658, 36.95540799996768], [-122.09590399978069, 36.95538899999042], [-122.09551399979335, 36.95535199998328], [-122.09539800034071, 36.955335999877605], [-122.09536400000552, 36.955335999877605], [-122.09530399973107, 36.955301999731624], [-122.09521800041567, 36.95528099980275], [-122.095123999806, 36.9552269996515], [-122.09509000036914, 36.95519899995681], [-122.0950379995923, 36.95507600002236], [-122.095011999653, 36.95496600017532], [-122.09493499966013, 36.9548770002154], [-122.09488299978159, 36.95483600008599], [-122.09483199972799, 36.9548429998645], [-122.09479800029109, 36.954863999914146], [-122.09476300013098, 36.95487099969008], [-122.09456599958918, 36.95497399990851], [-122.09430100017363, 36.95510499972712], [-122.09425000012, 36.9551399999255], [-122.09421499995989, 36.95513300017424], [-122.09414700018783, 36.955092000182646], [-122.09407000019493, 36.95503000017091], [-122.0939839999812, 36.954934999765506], [-122.09384599988897, 36.95482499971481], [-122.09380300023125, 36.95480500034114], [-122.09364099984955, 36.954764000172965], [-122.09355499963581, 36.954764000172965], [-122.09336600038824, 36.954777999742625], [-122.09328699984721, 36.954793999965524], [-122.0931649996485, 36.95481000018507], [-122.09302400008148, 36.954807000278734], [-122.09296399980703, 36.954779999680945], [-122.09288699981413, 36.95473900021712], [-122.09238899987177, 36.95436299992057], [-122.09218300000745, 36.95419800034035], [-122.09217399978661, 36.95417800008415], [-122.09217399978661, 36.954122999890885], [-122.09225099977951, 36.954047000106705], [-122.09226000000032, 36.95401999995729], [-122.09213100012892, 36.95391699988439], [-122.09208799957288, 36.95388999968894], [-122.09202800019675, 36.95387000006967], [-122.09199399986154, 36.95384899974601], [-122.09192500026458, 36.95382900011602], [-122.09187400021098, 36.953822000244266], [-122.09183999987576, 36.95384899974601], [-122.09182300015732, 36.95392499972777], [-122.09172799972278, 36.95400100035156], [-122.09167699966915, 36.954008000206876], [-122.09157399973698, 36.95408300005171], [-122.09155700001855, 36.95415199995859], [-122.09155700001855, 36.95419299973836], [-122.09159200017864, 36.95435100022419], [-122.09159200017864, 36.95437099971709], [-122.09148099985056, 36.954461000241636], [-122.09129199970467, 36.95450899966432], [-122.09124999987188, 36.954537000330554], [-122.09120700021417, 36.9545440001366], [-122.09115500033563, 36.954568000184494], [-122.09107800034276, 36.95461300034364], [-122.09101200022052, 36.95462200008516], [-122.09097600023549, 36.95460599982612], [-122.09075299975443, 36.95444899984283], [-122.09031599991141, 36.954415999992634], [-122.09025499981205, 36.954388999974086], [-122.09022100037517, 36.95438100017944], [-122.09019500043591, 36.95436799979347], [-122.08999799989411, 36.954232000261335], [-122.08987800024352, 36.954211000037425], [-122.08974099997616, 36.95414300016153], [-122.08970699964095, 36.95411600004615], [-122.08967200037918, 36.95411600004615], [-122.08960399970879, 36.954082000073385], [-122.08950900017254, 36.95406799965791], [-122.08946899998959, 36.954055999915056], [-122.08938899962367, 36.954020999936425], [-122.08924399985871, 36.953917999864885], [-122.0891750002617, 36.95387699993703], [-122.08908099965207, 36.95387699993703], [-122.08895699980353, 36.953970000266885], [-122.08890999994784, 36.95395999975056], [-122.0888840000086, 36.95393900016953], [-122.08885399987136, 36.95393600022894], [-122.08882399973412, 36.953918999845314], [-122.08863499958824, 36.95390600009841], [-122.08858400043292, 36.9539470000106], [-122.08858400043292, 36.95397500016559], [-122.08859299975545, 36.954022999894626], [-122.08869599968762, 36.95414600009402], [-122.0888589998942, 36.954317000356276], [-122.08887200031302, 36.9543609999713], [-122.08882499955902, 36.954391999896835], [-122.08836599997473, 36.95405699989373], [-122.08825800001969, 36.953988999880345], [-122.0882239996845, 36.953988999880345], [-122.08816400030834, 36.95395499985082], [-122.08805299998028, 36.95392099980618], [-122.08785999963645, 36.953904000137136], [-122.0878300003975, 36.953894000330024], [-122.08769700032812, 36.95387699993703], [-122.0876670001909, 36.95386700012637], [-122.08757900032735, 36.95385199969007], [-122.08745700012861, 36.95384399983898], [-122.0873929996562, 36.95388799972725], [-122.08728999972404, 36.95397800010469], [-122.08726499960967, 36.95404000025498], [-122.0872520000892, 36.95409799972469], [-122.08727399983049, 36.95467100009479], [-122.08718000011919, 36.954746000004604], [-122.08712900006556, 36.95471900010299], [-122.08708600040784, 36.954684999681554], [-122.08706399976823, 36.95453800030286], [-122.08704200002691, 36.954218999849914], [-122.08705000042283, 36.954087999943], [-122.08707999966175, 36.95390000021445], [-122.08710099957815, 36.953862000220525], [-122.08711399999694, 36.95379000010456], [-122.08713099971537, 36.953758999933996], [-122.08715900020276, 36.95352400008293], [-122.08716099985261, 36.95351200025437], [-122.08714400013416, 36.95345700029803], [-122.08709200025562, 36.953354000181626], [-122.08677400023832, 36.95295699965639], [-122.08664600019178, 36.95280599983385], [-122.08658500009243, 36.952745000110575], [-122.08655999997806, 36.95270400026915], [-122.08649499968074, 36.95264399974358], [-122.08646999956638, 36.952607999836275], [-122.0863790002281, 36.95251899999234], [-122.08625100018156, 36.9524160000432], [-122.08608799997498, 36.952396000036885], [-122.08550499964377, 36.95240400004007], [-122.08542799965088, 36.95247300003228], [-122.08548000042775, 36.952651999720665], [-122.08548000042775, 36.95267199965971], [-122.08544600009253, 36.95270700025832], [-122.0853520003812, 36.952774999980605], [-122.08531800004603, 36.952781999948535], [-122.08525799977157, 36.9528169997787], [-122.08519800039544, 36.95283099970626], [-122.08513800012099, 36.952865000237495], [-122.08507799984653, 36.95287900015628], [-122.08497499991437, 36.952933999812124], [-122.08492399986073, 36.952940999765445], [-122.08489799992147, 36.95296200033953], [-122.08485500026376, 36.95297600024043], [-122.08472200019438, 36.95299300011667], [-122.08462400028507, 36.95298300018989], [-122.08459800034582, 36.952969000290274], [-122.08451200013208, 36.95290100002337], [-122.08438400008556, 36.95281899976852], [-122.08431499959026, 36.952804999838754], [-122.08418700044207, 36.95280599983385], [-122.08391299990737, 36.95295699965639], [-122.08387000024966, 36.95296400032554], [-122.08384400031039, 36.952985000175346], [-122.08362199965424, 36.952999000072076], [-122.08358499984432, 36.95297700023324], [-122.08356200027808, 36.952973000261856], [-122.083527000118, 36.952957999649485], [-122.08339900007147, 36.95286900021454], [-122.08332799992635, 36.95279899986807], [-122.08331299985775, 36.95267800035828], [-122.08345799962271, 36.9525399999649], [-122.08354300001153, 36.952444000043144], [-122.08356099955488, 36.9523610000133], [-122.08355999972996, 36.952326999974915], [-122.0833930002237, 36.952196999688326], [-122.08332899975127, 36.95216300029462], [-122.08327699987275, 36.95212900016791], [-122.08315700022213, 36.95209500002601], [-122.08274999961804, 36.95205099981979], [-122.0827119999832, 36.952040999769395], [-122.08263499999033, 36.95202799970188], [-122.08245500006527, 36.95194599994293], [-122.0823520001331, 36.951884000241655], [-122.08216299998722, 36.951871000147406], [-122.08209500021516, 36.951885000248836], [-122.08200099960553, 36.9519469999493], [-122.08190600006925, 36.95203999976431], [-122.08179499974119, 36.952167000308535], [-122.08173500036506, 36.95224199981265], [-122.08160700031851, 36.95234599999822], [-122.08149599999044, 36.952360000012355], [-122.08133299978384, 36.952374000023916], [-122.08121300013323, 36.952463000037284], [-122.0811960004148, 36.952641999749176], [-122.08123900007249, 36.952683000341864], [-122.08126500001175, 36.95273100016721], [-122.08123099967656, 36.95276500002525], [-122.08115399968366, 36.95281999976343], [-122.08110000015532, 36.952828999716765], [-122.08094799981936, 36.952813999793925], [-122.08072500023658, 36.952656999705944], [-122.08066499996214, 36.95264299974641], [-122.08060499968768, 36.95264999972647], [-122.08056200002997, 36.95267800035828], [-122.08046800031862, 36.952760000047064], [-122.08045099970191, 36.952856000288406], [-122.08045999992272, 36.95290400000473], [-122.080529000418, 36.952969000290274], [-122.08055899965692, 36.95300700001187], [-122.08047699964115, 36.95308300011596], [-122.08043499980836, 36.953090000055646], [-122.08040899986912, 36.95310999987967], [-122.08027199960173, 36.953145000277], [-122.0802380001649, 36.953172000018675], [-122.08017799989041, 36.953185999881036], [-122.08010900029343, 36.95322800017038], [-122.08006599973743, 36.953235000096676], [-122.07998899974453, 36.95328300029208], [-122.07994600008685, 36.95329700013398], [-122.0797839997051, 36.9533379996562], [-122.0797410000474, 36.953366000035075], [-122.07960799997801, 36.95338299982421], [-122.07919700007429, 36.953364000059636], [-122.07903800006562, 36.95331899988034], [-122.07892699973753, 36.953292000190714], [-122.07846800015324, 36.9532489999474], [-122.07843800001599, 36.95323200012835], [-122.07819799981651, 36.95316400009621], [-122.07790699956335, 36.953129999698454], [-122.07787700032446, 36.953125999735114], [-122.07784700018722, 36.9531229997625], [-122.07779600013359, 36.953096000003406], [-122.07776699982126, 36.953093000029554], [-122.07764600034575, 36.953079000150154], [-122.07757299965252, 36.95306200029317], [-122.0774010001234, 36.95304199973866], [-122.07735000006973, 36.95301499995083], [-122.07683600023385, 36.95287600017388], [-122.07675900024095, 36.9528379996691], [-122.07672400008084, 36.95283099970626], [-122.07662100014868, 36.95278299994393], [-122.0763979996676, 36.952625999792055], [-122.07633800029147, 36.95257799990048], [-122.07632999989555, 36.95255099994823], [-122.07630399995631, 36.95252299998756], [-122.0762699996211, 36.95244800004231], [-122.07624799987978, 36.95231399995627], [-122.07621699991765, 36.95164500030734], [-122.07620900042005, 36.95157300024921], [-122.07619500017634, 36.951428999928766], [-122.07612700040427, 36.951092999797446], [-122.07604500038853, 36.95085000016977], [-122.07594199955805, 36.95061700000559], [-122.07588200018189, 36.95050000000247], [-122.07583899962589, 36.950446000050874], [-122.07570999975445, 36.950343000170015], [-122.07566700009674, 36.95033599997788], [-122.07544399961567, 36.950337000005334], [-122.07541900039962, 36.95031600014335], [-122.07536699962277, 36.95030299978143], [-122.07525600019301, 36.95028900010712], [-122.0752000001165, 36.950286000022714], [-122.0750589996512, 36.95026200006131], [-122.07472399991543, 36.950009000336976], [-122.07465600014338, 36.94999599992265], [-122.07455300021121, 36.95000300014603], [-122.07444199988315, 36.950099000272786], [-122.07435599966941, 36.95029799964162], [-122.07428799989735, 36.95036700010589], [-122.07423699984372, 36.95040799976949], [-122.07419400018603, 36.95042200013989], [-122.07413399991155, 36.95038099976586], [-122.07412499969074, 36.95031900022652], [-122.07408200003304, 36.95011400001245], [-122.07405600009376, 36.95001799990462], [-122.0740300001545, 36.94996999980532], [-122.07400500004015, 36.94994200033166], [-122.07397900010088, 36.94988099975053], [-122.07390999960559, 36.94979200030973], [-122.07383299961269, 36.94971599979338], [-122.07365299968765, 36.949573000307225], [-122.07354999975549, 36.94955899978078], [-122.07351200012064, 36.94956299993144], [-122.07347299976259, 36.949573000307225], [-122.07337499985329, 36.94964199999241], [-122.07329299983752, 36.94971799986462], [-122.0732419997839, 36.94983400031694], [-122.07321599984462, 36.94991700022887], [-122.0731570002934, 36.950060999818284], [-122.0730879997981, 36.95012999977934], [-122.07299400008678, 36.950205999882556], [-122.07290000037544, 36.95026700020343], [-122.07242900019725, 36.95032399964705], [-122.07237700031871, 36.95029600030352], [-122.07235200020438, 36.95027599974058], [-122.07233499958761, 36.9502410001786], [-122.07231700004427, 36.94992599980737], [-122.07228299970907, 36.949794999695676], [-122.07224800044729, 36.9497609999477], [-122.07215999968541, 36.94969799986782], [-122.07208100004272, 36.94969000029839], [-122.07164000000176, 36.94970099997539], [-122.07149400041189, 36.949729000255495], [-122.07143400013743, 36.949770000262504], [-122.07135700014453, 36.949763000017754], [-122.07128900037247, 36.94972200000693], [-122.0710740002873, 36.94961000025021], [-122.07089400036226, 36.94951700033985], [-122.07062900004837, 36.94936700019892], [-122.0703260000997, 36.94920800010034], [-122.07030400035838, 36.949203999931036], [-122.07017399976371, 36.94912800026386], [-122.07014000032684, 36.94911399965569], [-122.07007099983154, 36.949073000013456], [-122.06997700012022, 36.94898400034647], [-122.06997700012022, 36.94895000023651], [-122.06995100018096, 36.94891600011141], [-122.06984900007372, 36.94883399987389], [-122.06982300013442, 36.94881999992954], [-122.06958499958475, 36.948790999985434], [-122.06939399978904, 36.948739000355076], [-122.06931699979614, 36.948691000167706], [-122.06926599974251, 36.94867700019713], [-122.06908599981745, 36.948691000167706], [-122.06890599989241, 36.94878100022496], [-122.06884599961796, 36.94881499969243], [-122.06881499965583, 36.94882500016637], [-122.06877799984589, 36.948835999968274], [-122.06852099992793, 36.948823000071684], [-122.0682509995912, 36.948793000080954], [-122.06810099980338, 36.948755999741124], [-122.06800700009205, 36.94869400031493], [-122.06796400043434, 36.94866000007552], [-122.06795900041148, 36.948643999999874], [-122.06794699981758, 36.948605000205134], [-122.0679119996575, 36.94855699993338], [-122.0678859997182, 36.94850199998862], [-122.06780899972533, 36.948412999654494], [-122.06768900007474, 36.94831700027457], [-122.06760399968591, 36.948323999934324], [-122.0675180003705, 36.9483790000076], [-122.06742399976085, 36.94846200006912], [-122.06739000032398, 36.948503000040155], [-122.06736400038471, 36.948557999984196], [-122.06734699976798, 36.948743999879255], [-122.06733000004952, 36.94883299982665], [-122.06720200000302, 36.94893600031352], [-122.06715900034531, 36.94895000023651], [-122.06708599965206, 36.94895999997484], [-122.06690200042735, 36.94895000023651], [-122.06687599958975, 36.94893000003807], [-122.06683299993205, 36.94892299971608], [-122.06672999999991, 36.948861999754754], [-122.06665300000701, 36.948738000306584], [-122.0666100003493, 36.948690000118646], [-122.06650700041715, 36.94860800035575], [-122.06646499968605, 36.94860800035575], [-122.06641299980748, 36.94865299972878], [-122.0663700001498, 36.94870500013575], [-122.0663490002334, 36.948718000052494], [-122.06630999987533, 36.948691000167706], [-122.06630999987533, 36.948622000339], [-122.06631900009617, 36.94856100013665], [-122.0662930001569, 36.9484510002132], [-122.0662599996466, 36.948377999954445], [-122.06624999960087, 36.94835500016324], [-122.06619000022474, 36.948286000030194], [-122.06593300030677, 36.948081000088166], [-122.06573599976497, 36.94807499974536], [-122.06547399982416, 36.94809800033898], [-122.06534199957967, 36.948123999659465], [-122.06528999970115, 36.948150999745174], [-122.06496900020909, 36.94835099994914], [-122.06484500036053, 36.94842000002336], [-122.0647940003069, 36.94845399965195], [-122.06464000032112, 36.948503000040155], [-122.0644679998937, 36.94851700004276], [-122.06434900006798, 36.94859999995392], [-122.06427200007509, 36.94865499982792], [-122.06416900014293, 36.948737000258134], [-122.06406600021077, 36.94876500017467], [-122.06399300041583, 36.94877499993729], [-122.06371499968316, 36.9489579998837], [-122.06366399962955, 36.94897800007478], [-122.06355200037486, 36.94900599990278], [-122.06352700026052, 36.94899900030569], [-122.06327000034257, 36.9490069999477], [-122.06324400040329, 36.948985999719], [-122.06309799991512, 36.94894600005365], [-122.06290100027161, 36.94893200012994], [-122.0628219997306, 36.9489480001451], [-122.06272999966909, 36.948973999893404], [-122.06247299975112, 36.949001999722874], [-122.06243400029139, 36.94901200017225], [-122.06238300023774, 36.94901899976814], [-122.062225000054, 36.94906400033417], [-122.06210000038057, 36.94908199969168], [-122.0619499996944, 36.94912700022048], [-122.06155600040739, 36.94915499999371], [-122.06143599985852, 36.949182999756644], [-122.06114499960538, 36.949327000015714], [-122.06091399962666, 36.949430999874046], [-122.06080900004471, 36.949482999749925], [-122.06063199959438, 36.949572000269676], [-122.06051199994377, 36.9496379998459], [-122.06048600000453, 36.94965799985844], [-122.06048600000453, 36.94967899990188], [-122.06041800023245, 36.94973399971474], [-122.06037499967644, 36.949761999982705], [-122.05966400019705, 36.94981799976996], [-122.05965199960315, 36.94982099987275], [-122.05956100026488, 36.94984600000705], [-122.05929099992812, 36.95003200034663], [-122.05923599967657, 36.95005899975605], [-122.05893600010089, 36.9500389998488], [-122.05878999961273, 36.95001899993624], [-122.0586699999621, 36.949991999794726], [-122.05798500042201, 36.949814999667], [-122.05792500014753, 36.94978099992795], [-122.05786499987308, 36.949767000157706], [-122.0577529997201, 36.94971299968646], [-122.05762499967356, 36.949685000118336], [-122.05729099976271, 36.94963100030689], [-122.05719600022647, 36.94957699973923], [-122.05719600022647, 36.949529000079956], [-122.05723100038658, 36.94949800032876], [-122.05731599987709, 36.94943900018859], [-122.05734199981636, 36.94943900018859], [-122.05742700020515, 36.94939099972445], [-122.05754699985576, 36.94936300003797], [-122.05759899973432, 36.94933500034119], [-122.05768400012312, 36.94928000024024], [-122.0577529997201, 36.94922500009964], [-122.05778700005528, 36.949191000097244], [-122.05777000033683, 36.94907400005755], [-122.05772699978083, 36.94902600008126], [-122.05764999978793, 36.94896500020243], [-122.05762399984866, 36.94896500020243], [-122.0575130004189, 36.9490679997929], [-122.05750900022095, 36.94909200013055], [-122.05746999986286, 36.94913000035054], [-122.05745300014443, 36.94917800026123], [-122.05733299959552, 36.94927399999189], [-122.05728999993782, 36.94930199971108], [-122.05721299994492, 36.94932900009717], [-122.05717899960973, 36.949350000231306], [-122.05712300043155, 36.94936099995741], [-122.05698199996623, 36.94933699970452], [-122.05693099991261, 36.94930899999824], [-122.05687099963816, 36.94926200021167], [-122.0568449996989, 36.949199999761525], [-122.05682799998044, 36.94911799982971], [-122.05673300044421, 36.949042000076744], [-122.0565490003212, 36.9490600001573], [-122.05639100013744, 36.94911499969918], [-122.05632199964215, 36.94913199971924], [-122.05629200040325, 36.949152999907696], [-122.05623700015167, 36.949177000218505], [-122.05619399959564, 36.94920099980389], [-122.05612499999866, 36.949214999678226], [-122.05603999960987, 36.949283999687694], [-122.05603999960987, 36.94932499993422], [-122.05602299989141, 36.94934600006946], [-122.05597100001289, 36.94938700028261], [-122.0559369996777, 36.94938000000268], [-122.05591599976128, 36.94936700019892], [-122.05584700016432, 36.949306999916274], [-122.05581700002709, 36.94927099986756], [-122.05581700002709, 36.949249999711625], [-122.0557829996919, 36.949215999720394], [-122.05562799988121, 36.949093000174344], [-122.05554699969035, 36.94909000004289], [-122.05531599971168, 36.949111000242915], [-122.05504600027324, 36.949182999756644], [-122.05496900028037, 36.94922500009964], [-122.05489200028747, 36.9492389999695], [-122.05484000040892, 36.94921100022715], [-122.05481500029457, 36.949191000097244], [-122.05480600007375, 36.94912200000353], [-122.0547890003553, 36.9490600001573], [-122.05475400019519, 36.94901200017225], [-122.05462600014869, 36.948909999834385], [-122.05450599959978, 36.948903000228476], [-122.05402600009906, 36.94894500000793], [-122.05391499977097, 36.948966000247935], [-122.0538949996795, 36.9489749999388], [-122.05385500039483, 36.94900099967784], [-122.05378599989955, 36.94906300029], [-122.05376900018112, 36.949111000242915], [-122.0537270003483, 36.94915900016559], [-122.0537270003483, 36.94917900030389], [-122.05362400041616, 36.94926200021167], [-122.05358099986013, 36.94928999993527], [-122.05349499964642, 36.94927600007472], [-122.05333300016301, 36.94916000020854], [-122.0532129996141, 36.94914600032411], [-122.05314400001713, 36.94914600032411], [-122.05299000003136, 36.949290999976455], [-122.0529730003129, 36.94932499993422], [-122.05293899997771, 36.94936600015867], [-122.05287000038074, 36.94950399984162], [-122.05287000038074, 36.949573000307225], [-122.0529730003129, 36.949668000221706], [-122.05298199963543, 36.94969599979607], [-122.05293899997771, 36.94973000029097], [-122.05291300003846, 36.94974400006802], [-122.05286199998484, 36.949716999829036], [-122.05273300011339, 36.949662000003904], [-122.05251899985316, 36.94949100005902], [-122.052415999921, 36.94939499988393], [-122.052415999921, 36.949353999675026], [-122.05227000033112, 36.949182999756644], [-122.0521849999423, 36.94911399965569], [-122.05212499966787, 36.94912099996007], [-122.0518590004274, 36.949300000346845], [-122.05171799996208, 36.949409999762224], [-122.05163599994631, 36.949451999980006], [-122.05161099983194, 36.94945900025339], [-122.05158499989267, 36.94945900025339], [-122.05153399983907, 36.94942500035543], [-122.05152499961822, 36.9493419999074], [-122.05142199968606, 36.949260000128454], [-122.05122500004256, 36.94928100028162], [-122.0511139997145, 36.94932199981189], [-122.05092100026897, 36.949292000017685], [-122.05076300008521, 36.94930299975217], [-122.05068600009231, 36.94934399998846], [-122.05059999987857, 36.94936500011847], [-122.05053999960413, 36.94939900004321], [-122.05048600007578, 36.94940799968291], [-122.05021900011207, 36.9493969999636], [-122.05005199970748, 36.94934500002894], [-122.0500090000498, 36.94931799964853], [-122.0499660003921, 36.94930399979319], [-122.0498629995616, 36.949283999687694], [-122.0498120004063, 36.94925700000352], [-122.049742999911, 36.94920199984631], [-122.04976499965233, 36.94904700029893], [-122.04992299983607, 36.948665999654324], [-122.0498629995616, 36.948618000138936], [-122.04979399996465, 36.948632000120355], [-122.04956700018391, 36.94876999969718], [-122.04933600020524, 36.94892100034188], [-122.04915600028018, 36.94904500021009], [-122.0491010000286, 36.94906899983707], [-122.0490580003709, 36.949094000218174], [-122.04898899987562, 36.94911399965569], [-122.04873600015563, 36.94910499998124], [-122.04857799997187, 36.94907400005755], [-122.04852699991827, 36.94911499969918], [-122.04852699991827, 36.94933500034119], [-122.04851000019981, 36.94938999968452], [-122.04841499976526, 36.949465999808204], [-122.04837299993247, 36.949493000136165], [-122.047807000218, 36.94964500010213], [-122.04773699989781, 36.949660999967584], [-122.04766199955475, 36.94968400008232], [-122.0474900000256, 36.949673999721114], [-122.04742999975119, 36.94963899988252], [-122.04738700009347, 36.94963299966244], [-122.04726800026778, 36.949556999705365], [-122.04717299983322, 36.94953699966631], [-122.04710500006114, 36.94950299980317], [-122.04706599970311, 36.94947500015786], [-122.047002000129, 36.9494410002671], [-122.0466589999973, 36.949187999969595], [-122.04652199972996, 36.94916799983365], [-122.04644499973709, 36.94923699988569], [-122.0464189997978, 36.94935300035258], [-122.0464189997978, 36.94949100005902], [-122.04642399982069, 36.94952800004184], [-122.04641100030018, 36.94955899978078], [-122.04631699969055, 36.94963499973585], [-122.04621399975838, 36.94969699983193], [-122.04615400038224, 36.94971799986462], [-122.04612000004704, 36.94973799985621], [-122.0460940001078, 36.94973799985621], [-122.04600799989406, 36.94978700013637], [-122.04598299977971, 36.94978700013637], [-122.04595299964247, 36.94980700010985], [-122.04581100025057, 36.94986599996504], [-122.04575099997612, 36.94984199987125], [-122.04571699964093, 36.949814999667], [-122.04568300020405, 36.94983500035098], [-122.04564899986887, 36.94984800007487], [-122.0456229999296, 36.94983500035098], [-122.04551999999744, 36.94980800014425], [-122.04533199967645, 36.94978800017109], [-122.04527200030032, 36.949822999941226], [-122.0451860000866, 36.949898000317546], [-122.04516900036815, 36.949952999972275], [-122.04513500003297, 36.9500290002521], [-122.04513500003297, 36.95004900016204], [-122.0451169995913, 36.95007000009769], [-122.04499799976561, 36.950166000139994], [-122.04495500010792, 36.95019400024916], [-122.04479199990128, 36.9502420002073], [-122.04460799977826, 36.95021900026104], [-122.04442399965525, 36.9501880000728], [-122.04438500019552, 36.95021600017393], [-122.0442780000654, 36.950315000115566], [-122.04416699973731, 36.95046299977389], [-122.04406399980515, 36.95055299989118], [-122.04395199965217, 36.95056700023487], [-122.04388399988008, 36.95056700023487], [-122.04363600018296, 36.95054000028761], [-122.04355800036517, 36.95054000028761], [-122.04351599963405, 36.9505809998581], [-122.04348999969478, 36.950719000211365], [-122.04343600016645, 36.95075100020558], [-122.04330999976975, 36.9507329998067], [-122.04328399983049, 36.9507329998067], [-122.04326299991406, 36.9507470001173], [-122.04319900033998, 36.95080900002618], [-122.04316400017987, 36.95090499985501], [-122.04312999984468, 36.95093899981021], [-122.04300199979818, 36.95104200032094], [-122.04270200022252, 36.951119000249356], [-122.04259900029035, 36.95118699995358], [-122.04252200029745, 36.95125600033044], [-122.04247100024382, 36.95131099972246], [-122.04245299980217, 36.951358999694605], [-122.04243600008371, 36.951379999987], [-122.04233399997648, 36.95146299965007], [-122.04230800003721, 36.95146299965007], [-122.04228200009794, 36.95148299990138], [-122.04222199982348, 36.951504000159524], [-122.04213700033299, 36.95159299975369], [-122.04211100039372, 36.95161399998157], [-122.04204199989844, 36.95180000031116], [-122.04178499998048, 36.95203999976431], [-122.04176800026204, 36.95207499993539], [-122.04174300014769, 36.952190999669746], [-122.04171700020842, 36.95227399988486], [-122.04169100026915, 36.952297999930195], [-122.0415110003441, 36.95252799998131], [-122.04149399972735, 36.95257599990434], [-122.04146000029048, 36.952610999829176], [-122.04146000029048, 36.95263099977899], [-122.04137400007674, 36.952700000283436], [-122.04129700008384, 36.95268000035175], [-122.04126299974868, 36.952658999699956], [-122.04120300037255, 36.9526389997575], [-122.04097999989145, 36.952631999776365], [-122.04086000024087, 36.95265999969691], [-122.04083400030157, 36.95267399965333], [-122.04079999996641, 36.95270100027991], [-122.0407659996312, 36.95273600014731], [-122.04074899991275, 36.952804999838754], [-122.04071499957759, 36.95283199970101], [-122.0406800003158, 36.95283899966371], [-122.04065500020145, 36.95281799977364], [-122.0406030003229, 36.952804999838754], [-122.040482999774, 36.95279099990642], [-122.04037200034422, 36.95279799987288], [-122.04027799973458, 36.95279199990164], [-122.0401530000611, 36.95280899981895], [-122.04004599993098, 36.95283999965836], [-122.03986600000592, 36.95278599992994], [-122.03971200002015, 36.952771999994106], [-122.03966900036244, 36.952771999994106], [-122.03950699998072, 36.9527929998969], [-122.03940400004855, 36.952855000293965], [-122.03928799969762, 36.95287300019137], [-122.03922400012351, 36.95289000009059], [-122.03913799990978, 36.95288300013258], [-122.03907000013773, 36.95284900032722], [-122.03890699993111, 36.95271900021371], [-122.03878300008253, 36.95263699976291], [-122.03871799978523, 36.95260299984778], [-122.0386669997316, 36.95258899987831], [-122.03832399959991, 36.952596999861186], [-122.03827300044462, 36.95257599990434], [-122.03816100029161, 36.95254199996199], [-122.03801599962834, 36.9525219999888], [-122.0379639997498, 36.95256999991562], [-122.0379639997498, 36.952597999859], [-122.03789599997775, 36.952645999737925], [-122.03781899998485, 36.95265299971777], [-122.03778200017493, 36.95267499965014], [-122.03774199999195, 36.95268000035175], [-122.03758299998329, 36.9527739999851], [-122.03749299957161, 36.95275700006004], [-122.03746699963236, 36.95274300011882], [-122.03738600033982, 36.952681000348484], [-122.03729199973019, 36.95261999980727], [-122.03710799960714, 36.952469000034434], [-122.03698799995655, 36.952387000032374], [-122.03687599980354, 36.952360000012355], [-122.03673100003859, 36.95234599999822], [-122.03667900016006, 36.952374000023916], [-122.03666200044164, 36.952395000036454], [-122.03663599960403, 36.95241500004298], [-122.0366189998856, 36.95251799999353], [-122.03658500044874, 36.95254599995599], [-122.03655899961113, 36.95255899993508], [-122.03614000020981, 36.952444000043144], [-122.0361050000497, 36.9524370000441], [-122.03602800005683, 36.952396000036885], [-122.03587800026898, 36.952260999857174], [-122.03579700007812, 36.95216300029462], [-122.03568499992514, 36.95207399993076], [-122.03564300009235, 36.952059999864055], [-122.03551400022091, 36.952032999728125], [-122.03548800028163, 36.95201300033918], [-122.0354280000072, 36.951992000221324], [-122.0353080003566, 36.95188900027735], [-122.0352229999678, 36.951825999803894], [-122.03489699955453, 36.95180100031944], [-122.03480299984321, 36.95174599984545], [-122.03480299984321, 36.9517190003161], [-122.03478600012478, 36.95169800011718], [-122.0347169996295, 36.95164300028671], [-122.03457199986454, 36.95163000015127], [-122.0345009997194, 36.951694000078646], [-122.0344770003283, 36.95176700003113], [-122.0344429999931, 36.951802000327675], [-122.0344089996579, 36.95182899982759], [-122.03407499974705, 36.9515690002041], [-122.03360399956885, 36.951632000172246], [-122.03354400019272, 36.95168700001067], [-122.03352699957598, 36.9517900002278], [-122.03342399964382, 36.95186800012531], [-122.03326899983313, 36.951859000058406], [-122.03318400034262, 36.95184599995983], [-122.03303799985444, 36.95174999988126], [-122.0330000002196, 36.95175299990795], [-122.03291800020384, 36.95177800012604], [-122.03283199999012, 36.95179200024457], [-122.03254599975983, 36.95175399991686], [-122.03227600032142, 36.95173099970926], [-122.03218099988686, 36.95171100024102], [-122.03209600039638, 36.95166299977281], [-122.03205299984035, 36.95162500009862], [-122.0320360001219, 36.95160099984117], [-122.03202699990109, 36.95157400026042], [-122.0319669996266, 36.95150500017171], [-122.03189899985455, 36.95145000020186], [-122.03184699997603, 36.95145000020186], [-122.03168499959432, 36.95156100011327], [-122.03161599999733, 36.95158100033879], [-122.03156499994371, 36.95156800019277], [-122.03151300006517, 36.951532999788654], [-122.03151300006517, 36.95147799983903], [-122.03154700040037, 36.95127899996357], [-122.0315299997836, 36.95125899965869], [-122.03138500001867, 36.951141999923856], [-122.03133300014014, 36.95113599982217], [-122.03129100030735, 36.951169999674306], [-122.03126500036805, 36.9513010002928], [-122.03115599968982, 36.951379999987], [-122.03093899995483, 36.951514000280426], [-122.03082799962674, 36.9515000001108], [-122.03074200031134, 36.951501000123024], [-122.0304510000582, 36.951528999741456], [-122.03035200032399, 36.95151900034041], [-122.0302540004147, 36.95149500004962], [-122.03014200026172, 36.951480999876495], [-122.02991100028301, 36.95164000025563], [-122.0298250000693, 36.95166699981298], [-122.02951700009773, 36.95174999988126], [-122.02941400016556, 36.95178500018566], [-122.02921300032412, 36.951802000327675], [-122.02884000005523, 36.95181999975608], [-122.02849299972557, 36.9517760001089], [-122.02841599973269, 36.95176299999616], [-122.02817200023351, 36.95169800011718], [-122.02811199995907, 36.951663999782895], [-122.0278809999804, 36.951602999862914], [-122.02743499991657, 36.95158299964316], [-122.02734100020523, 36.951563000136055], [-122.02726400021231, 36.951520999646405], [-122.02718700021944, 36.95148699995101], [-122.02703300023364, 36.95136399976471], [-122.0269729999592, 36.951151000075534], [-122.02691299968474, 36.95108300033912], [-122.0268530003086, 36.951035000193095], [-122.0268530003086, 36.95096600033395], [-122.02694700001993, 36.950877000007154], [-122.02695100021788, 36.9508130001112], [-122.02695600024077, 36.95075999968555], [-122.02693000030148, 36.950735999873444], [-122.02688900029361, 36.950687000203764], [-122.02687000002703, 36.95066399967397], [-122.02680999975257, 36.95062500019558], [-122.0267839998133, 36.950651000089344], [-122.0267839998133, 36.95082200030174], [-122.02673299975967, 36.95085700031467], [-122.02669000010196, 36.950828999731264], [-122.02667300038354, 36.9507739999912], [-122.02660399988824, 36.95067199985902], [-122.02657899977388, 36.95060299967109], [-122.02656200005545, 36.95045899967049], [-122.02653600011618, 36.95039000000745], [-122.02647599984174, 36.9503289997851], [-122.0264249997881, 36.950298999669634], [-122.02636500041196, 36.95034900033417], [-122.02631799965799, 36.95045899967049], [-122.02632199985594, 36.95082300032282], [-122.0262959999167, 36.95100899971246], [-122.0262189999238, 36.95107100012597], [-122.02619299998453, 36.95108400035682], [-122.0259879999451, 36.95105699987492], [-122.02591900034811, 36.95107100012597], [-122.02587999999007, 36.95109899990252], [-122.02576500036234, 36.95120900030939], [-122.02572199980631, 36.951318999839565], [-122.02573900042307, 36.95139400017868], [-122.0258590000737, 36.951504000159524], [-122.02588500001293, 36.95155200001004], [-122.02589300040886, 36.951846999967515], [-122.0258759997921, 36.95192899983306], [-122.02584999985285, 36.952005000294925], [-122.02582399991356, 36.9520259996913], [-122.02580700019513, 36.952059999864055], [-122.02577299985995, 36.95217700034239], [-122.02569599986705, 36.95237600002535], [-122.02565300020936, 36.95243100004443], [-122.02558399971406, 36.95248600002378], [-122.02554100005635, 36.95250700000544], [-122.02542999972826, 36.95249300001833], [-122.02538700007055, 36.95252799998131], [-122.02532299959815, 36.95267900035505], [-122.02527999994047, 36.95280299984857], [-122.02525900002404, 36.952905999992254], [-122.02519899974959, 36.95295399967712], [-122.02516399958951, 36.95295399967712], [-122.02509599981742, 36.95300899999669], [-122.02502700022045, 36.953173999999166], [-122.02500100028121, 36.95325599987182], [-122.02495900044842, 36.95330400005394], [-122.02493299961081, 36.95337299994869], [-122.02494100000673, 36.95376399984656], [-122.02490699967154, 36.95395699981074], [-122.02481299996022, 36.9541839999462], [-122.02475299968575, 36.95425900033553], [-122.02472699974648, 36.95427999982834], [-122.02468400008878, 36.95440300033055], [-122.02465800014953, 36.95442399978359], [-122.02464100043107, 36.954471999947465], [-122.02458100015663, 36.95454100021979], [-122.02454699982144, 36.95462300005635], [-122.02453000010298, 36.95481599999734], [-122.02448700044528, 36.954863999914146], [-122.02436699989637, 36.955117999987294], [-122.0243409999571, 36.95518699967429], [-122.02431500001784, 36.955214000127846], [-122.02422999962901, 36.95540000028007], [-122.02421200008567, 36.95548199990961], [-122.02422499960618, 36.9555539998617], [-122.02431500001784, 36.95578400012996], [-122.02437100009435, 36.95602100009174], [-122.02443499966843, 36.956216999929985], [-122.02447800022446, 36.95631300012083], [-122.0244949999429, 36.95636099981198], [-122.02451199966133, 36.9563779996505], [-122.02487200040974, 36.9566620001914], [-122.02490599984665, 36.95669599973015], [-122.02494900040266, 36.956784999717804], [-122.02497500034191, 36.95681300026508], [-122.02499999955796, 36.956880999910524], [-122.025043000114, 36.956936000265436], [-122.02505999983242, 36.95696999968191], [-122.02509400016761, 36.957012000038006], [-122.02513699982529, 36.957163000135544], [-122.02520600032062, 36.95735500016468], [-122.02522300003902, 36.957375000304395], [-122.02526599969673, 36.95740900024271], [-122.02530800042784, 36.95742300004394], [-122.02536000030639, 36.95744999970474], [-122.02543099955318, 36.95746600008412], [-122.02555699994988, 36.95748400032736], [-122.02558299988914, 36.95748400032736], [-122.02567699960046, 36.957553000024205], [-122.02567699960046, 36.95766999996024], [-122.02554000023143, 36.958233000059145], [-122.02551400029216, 36.95828800015542], [-122.0253469998876, 36.958508000143404], [-122.02513699982529, 36.95872100007436], [-122.02506800022834, 36.95889300002861], [-122.02500399975592, 36.959164000236626], [-122.02499100023545, 36.959194999642705], [-122.02497399961871, 36.95925699985264], [-122.02494799967944, 36.959284000298716], [-122.02492099991525, 36.95941699969804], [-122.02487900008246, 36.959621000090074], [-122.02490500002173, 36.95964200025774], [-122.02495600007533, 36.95984099981585], [-122.02500799995389, 36.95989500028439], [-122.0250160003498, 36.95991599965867], [-122.02501200015186, 36.95998099970195], [-122.02472500009667, 36.96060300009314], [-122.02444999973706, 36.96092599991672], [-122.02437299974416, 36.96100899994349], [-122.02430400014718, 36.96114600017886], [-122.0239190001827, 36.961606999857395], [-122.02374699975528, 36.96180699989921], [-122.02373000003682, 36.961841000011994], [-122.0236360003255, 36.96195799981962], [-122.02361899970873, 36.96199199986496], [-122.0235590003326, 36.96206800033369], [-122.02340899964648, 36.962184999792484], [-122.02330099969143, 36.96223999990541], [-122.02327599957708, 36.96224699972115], [-122.02317299964491, 36.96223999990541], [-122.0229240001229, 36.96204200003077], [-122.02257299959527, 36.96179499994027], [-122.02254699965603, 36.961795999817255], [-122.0223330002941, 36.96164500029338], [-122.022221999966, 36.961576999877586], [-122.02219600002674, 36.961576999877586], [-122.02165600025157, 36.96122100017183], [-122.02165600025157, 36.96117299995511], [-122.02181899955987, 36.96102100002631], [-122.02181899955987, 36.96100100012645], [-122.02176800040458, 36.96095299977103], [-122.02149399986988, 36.96077500010305], [-122.02129700022638, 36.96092599991672], [-122.02124500034785, 36.96092599991672], [-122.02091999975951, 36.960707000345884], [-122.02089399982025, 36.960707000345884], [-122.02062000018384, 36.960502000098145], [-122.02079099988808, 36.960378000219656], [-122.02044000025882, 36.96011100033992], [-122.02040599992361, 36.96011100033992], [-122.01981500009482, 36.95968700028987], [-122.01977999993473, 36.95968700028987], [-122.0187010002093, 36.958946999733776], [-122.01856399994195, 36.958947999648174], [-122.01847799972823, 36.95892700000694], [-122.0182640003663, 36.95877000031789], [-122.01821300031268, 36.95877000031789], [-122.01796399989233, 36.95859199985368], [-122.01776700024884, 36.95807000010159], [-122.01775899985292, 36.95802900025553], [-122.01773299991362, 36.95800200008223], [-122.0176519997228, 36.957992000095366], [-122.01763099980639, 36.957967999690894], [-122.01733999955326, 36.95722699972052], [-122.01732500038297, 36.95719900004331], [-122.01729699989556, 36.95717899985736], [-122.01726099991053, 36.95718700007595], [-122.01710899957457, 36.95700700033864], [-122.01688500016691, 36.957130999963965], [-122.01753700009506, 36.958727000296285], [-122.02173700044244, 36.96183400015892], [-122.01565699958026, 36.96296400010234], [-122.01327800019648, 36.963416999976864], [-122.01275099994179, 36.9634910000314], [-122.01257400038978, 36.96386500006033], [-122.01257199984164, 36.96389899997182], [-122.01258199988737, 36.96411299974195], [-122.01257400038978, 36.96468399972336], [-122.0125889995601, 36.965184000168634], [-122.01250200041977, 36.96549700021879], [-122.01249599967363, 36.96553199994719], [-122.01249700039688, 36.96560399972752], [-122.01251800031329, 36.96567299996155], [-122.01255000010032, 36.965738999939596], [-122.01260700000175, 36.96594900027208], [-122.01262299989526, 36.96598200014863], [-122.01215599991504, 36.966201000337065], [-122.01222799988504, 36.966239999734285], [-122.01228599961138, 36.96628200000137], [-122.01232499996944, 36.96633200022078], [-122.01235799958141, 36.966392999826674], [-122.01239000026676, 36.96646200006333], [-122.01247599958216, 36.96660999992296], [-122.01257600003959, 36.96678999992712], [-122.01275199976668, 36.967011000279165], [-122.01278500027698, 36.96705300012088], [-122.01293599988972, 36.967245000332596], [-122.01301999955531, 36.96735799979721], [-122.01311199961681, 36.96748899984313], [-122.01315099997487, 36.96755399988083], [-122.01321799992203, 36.96769000002313], [-122.01337600010578, 36.968034999726854], [-122.01343300000718, 36.968162999945314], [-122.01347599966486, 36.96823500010818], [-122.01350499997719, 36.96826799971144], [-122.01356699990147, 36.968332999801724], [-122.01362800000085, 36.968380999810705], [-122.01368499990225, 36.96841599964859], [-122.01380799992592, 36.968475000159195], [-122.01388499991879, 36.968500999700645], [-122.01405599962301, 36.968848000321614], [-122.01434600005125, 36.96927499964917], [-122.01458200005278, 36.96964500015828], [-122.01464399997708, 36.96986900014732], [-122.01472500016793, 36.97000399997292], [-122.01484399999363, 36.970167999986494], [-122.01549500009688, 36.97105299969887], [-122.01550900034057, 36.97107200007373], [-122.01555299982317, 36.97113099996106], [-122.01567800039497, 36.97137100021123], [-122.01577299993122, 36.97132899988118], [-122.01624400010941, 36.9724199997573], [-122.01570000013626, 36.97273300019769], [-122.01587500003846, 36.9735430002476], [-122.01588699973402, 36.97367599985629], [-122.01595299985625, 36.97380500035545], [-122.01600599955971, 36.97378399978837], [-122.01607099985705, 36.973910999951066], [-122.0162299998657, 36.973847999755556], [-122.01635899973712, 36.9740959999275], [-122.0164409997529, 36.9741460000379], [-122.01632600012515, 36.97419100010912], [-122.01683900013616, 36.97467599990619], [-122.01742699959189, 36.97445300013918], [-122.01758599960054, 36.97470500004028], [-122.01869000033864, 36.97414100002828], [-122.01871299990485, 36.97406200026423], [-122.0186540003536, 36.973933999918266], [-122.01924699983226, 36.97376000005594], [-122.01919800032678, 36.97364799976912], [-122.01975200034563, 36.97348999985316], [-122.01985100007983, 36.97368399977675], [-122.02062799968147, 36.973401999739586], [-122.02069399980371, 36.97354100008448], [-122.02107299992039, 36.97342499986066], [-122.02111099955522, 36.97321299988571], [-122.02142299972476, 36.97328300012551], [-122.02149499969477, 36.97327399971898], [-122.02138699973973, 36.97376599981036], [-122.02140699983123, 36.97388599982275], [-122.02147299995347, 36.974073999724936], [-122.0215380002508, 36.97428100017186], [-122.0215530003194, 36.974418000206576], [-122.02155800034227, 36.974458000128244], [-122.02155900016719, 36.974480999930186], [-122.02157500006072, 36.97467300006488], [-122.02030100034163, 36.975257000188506], [-122.02016599972409, 36.97537400018928], [-122.02005500029435, 36.97552800027803], [-122.02002400033219, 36.975712999912034], [-122.01999300037005, 36.97595399975763], [-122.01989499956244, 36.97613300022402], [-122.01974999979751, 36.97626000005499], [-122.01969100024627, 36.976175000055946], [-122.0196500002384, 36.97611200029934], [-122.01947699998604, 36.97584800013697], [-122.01946399956722, 36.97582400033776], [-122.01929399968792, 36.97549199970732], [-122.01916700036462, 36.97518300008899], [-122.01903599994503, 36.974883000151], [-122.01891499957124, 36.97457200007685], [-122.01879099972267, 36.974596999979816], [-122.01871799992774, 36.974619999739694], [-122.01868100011782, 36.9746319998301], [-122.0185909997061, 36.97467800003949], [-122.01852499958389, 36.9747199999568], [-122.01823400022909, 36.97498000019331], [-122.01808299971802, 36.97511599998531], [-122.01818900002321, 36.97514400025006], [-122.01828699993251, 36.975367000145205], [-122.01859300025427, 36.97527900004903], [-122.01901300037882, 36.97620900021049], [-122.01912800000657, 36.976415000188794], [-122.0188340002787, 36.97642900008348], [-122.01869399963827, 36.97646899966582], [-122.01847699990331, 36.976581000106954], [-122.01835499970457, 36.97664499987493], [-122.01824199972665, 36.976723000147324], [-122.01816200025905, 36.97680299969962], [-122.01808799974089, 36.976933000317715], [-122.01802699964153, 36.97708700012219], [-122.01791899968649, 36.977400000027245], [-122.01777999976932, 36.97798699974597], [-122.01762599978353, 36.978498999840184], [-122.01747799964552, 36.9790070000386], [-122.01742199956902, 36.9792689999934], [-122.01740999987344, 36.97938600028447], [-122.01743499998781, 36.97954000014794], [-122.01752700004931, 36.979675999684346], [-122.01771799984505, 36.97982399968461], [-122.01812500044913, 36.98000900035652], [-122.0184269996746, 36.98008300006875], [-122.01861800036863, 36.98023699995681], [-122.01876899998136, 36.98046199997848], [-122.01869600018644, 36.9804919996919], [-122.01864299958467, 36.980510999863064], [-122.01856099956889, 36.980541999905604], [-122.01842400019989, 36.98059200008639], [-122.01830299982603, 36.98062999965646], [-122.01814999966518, 36.98066999990102], [-122.01785500011238, 36.98073399981798], [-122.01750299975987, 36.98079500008119], [-122.01723499997127, 36.980843000124516], [-122.01694999956594, 36.9808899997937], [-122.01662099967797, 36.98094599965178], [-122.01609699979632, 36.98103399965306], [-122.01600700028294, 36.981050000099], [-122.01645599982153, 36.98176800023248], [-122.0173429999263, 36.98163400008019], [-122.01747500017079, 36.98161399985513], [-122.01757100043024, 36.98173199974348], [-122.01766099994362, 36.981852999724765], [-122.01774899980718, 36.9819839999383], [-122.01782400015024, 36.982107000174466], [-122.01785500011238, 36.9821680000545], [-122.01788699989943, 36.98222899988558], [-122.01793100028037, 36.982327000217694], [-122.01796100041759, 36.9824169999868], [-122.01798399998383, 36.982515000076766], [-122.01812200007608, 36.98250099986657], [-122.0183289997653, 36.98248200019236], [-122.01832399974244, 36.98242299977625], [-122.01829399960522, 36.982237000342124], [-122.0188409999514, 36.982151000234], [-122.01888199995926, 36.98219500026809], [-122.0189129999214, 36.98228799973453], [-122.01893100036308, 36.98242299977625], [-122.01887600011149, 36.98262700023], [-122.01880199959334, 36.98271900028379], [-122.01868500031577, 36.98279300023076], [-122.01851799991118, 36.98288599968383], [-122.01819800024406, 36.982971999678746], [-122.0179139996636, 36.98304000035682], [-122.01769199990575, 36.98308900001633], [-122.01741499989633, 36.98313899995854], [-122.01705699969605, 36.983169000051646], [-122.01684699963377, 36.983213000214604], [-122.01650100002735, 36.98330900009035], [-122.01634100019379, 36.98343600014356], [-122.01613500032946, 36.98357500010004], [-122.01588699973402, 36.983781000229236], [-122.01565800030347, 36.98394600027877], [-122.01540499968516, 36.98413699991094], [-122.01509199969075, 36.984339000194936], [-122.01504999985795, 36.98437099969337], [-122.01495600014661, 36.98445700016236], [-122.01494699992578, 36.984484999860214], [-122.01489500004723, 36.98454700028207], [-122.01487800032878, 36.98459500011102], [-122.01485300021444, 36.984622000180885], [-122.01480100033591, 36.984690999678065], [-122.01478399971914, 36.98473900013374], [-122.01474500025941, 36.98477699978537], [-122.01474100006146, 36.984801000348654], [-122.01470699972627, 36.98483599981106], [-122.01467199956616, 36.984911000142546], [-122.01462899990845, 36.984966000338666], [-122.01462100041084, 36.98499399984914], [-122.01458799990058, 36.985032999662735], [-122.014568999634, 36.98505599985617], [-122.01454299969474, 36.985110999947466], [-122.01450900025786, 36.98516599999899], [-122.0143850004093, 36.98532400006927], [-122.01428599977677, 36.985461000314196], [-122.0142389999211, 36.985575000282765], [-122.01425499981464, 36.985890999831405], [-122.0142720004314, 36.986116999911545], [-122.01426700040852, 36.98618999986698], [-122.01403200023188, 36.98635700025847], [-122.0139560000639, 36.986418999872235], [-122.01394699984306, 36.986428000159215], [-122.0138990001625, 36.98648400024635], [-122.01384800010887, 36.98655899967068], [-122.0137739995907, 36.98670999999984], [-122.01369199957496, 36.98694099968586], [-122.0136609996128, 36.98704700035691], [-122.0135960002138, 36.987315000013744], [-122.01355299965776, 36.98754600001524], [-122.01348099968773, 36.98793899998995], [-122.01344700025086, 36.988061999926394], [-122.01341100026586, 36.98819499998969], [-122.01336199986207, 36.98834100014752], [-122.01332699970196, 36.988427999960855], [-122.01331400018148, 36.98846199966296], [-122.01327499982341, 36.98854600004357], [-122.01324800005925, 36.988603999773886], [-122.01322100029506, 36.98867100019906], [-122.01312400021068, 36.98888199992089], [-122.01310400011921, 36.9889289996466], [-122.01299399961601, 36.989156000264025], [-122.01264700018473, 36.98988100009807], [-122.0126260002683, 36.989926999699], [-122.01247399993234, 36.990206999758456], [-122.01239699993944, 36.990333000274106], [-122.01216500013588, 36.99071399977756], [-122.01208899996787, 36.99084199987925], [-122.0120270000436, 36.99093299983175], [-122.01199299970841, 36.99098500006322], [-122.0119700001422, 36.99102199997171], [-122.01168899993482, 36.99148900002306], [-122.01163600023136, 36.99157800022993], [-122.01157599995689, 36.99167899988706], [-122.01153199957596, 36.99176799987159], [-122.0114920002913, 36.991849000307134], [-122.01147899987251, 36.991878000353516], [-122.01143600021483, 36.99198500008259], [-122.01140899955232, 36.99209400005419], [-122.01139100000897, 36.99223000010901], [-122.01138500016118, 36.99235399975717], [-122.01138299961306, 36.992390000242125], [-122.01138299961306, 36.992688999844084], [-122.01138299961306, 36.99297299980299], [-122.01138199978813, 36.9931540000571], [-122.01140100005469, 36.993593000009945], [-122.01141199992534, 36.99369399986114], [-122.01141699994824, 36.99372900025426], [-122.01143299984177, 36.9937929999474], [-122.01146200015407, 36.993877000180476], [-122.01152400007835, 36.994008999949216], [-122.01164299990405, 36.99424099987907], [-122.01166399982044, 36.99428799988065], [-122.01169200030785, 36.994349000037914], [-122.01171300022423, 36.994416999873245], [-122.01173900016353, 36.994550999750636], [-122.01173400014063, 36.99472799990673], [-122.01171900007203, 36.994831000006556], [-122.01169899998052, 36.994905999810435], [-122.0116670001935, 36.994994000165136], [-122.0116260001856, 36.99507899994634], [-122.01157599995689, 36.99516099988157], [-122.0115619997132, 36.99517799966461], [-122.01151700040565, 36.9952399999806], [-122.01135699967377, 36.995414000227], [-122.01110700032685, 36.99568599969921], [-122.01103899965645, 36.99575600007068], [-122.01080600002796, 36.996001000145895], [-122.01041600004062, 36.99639699990167], [-122.01034300024568, 36.99647999998953], [-122.01023299974253, 36.99662300033455], [-122.01011599956665, 36.996802000242035], [-122.01010499969601, 36.99682099992689], [-122.00998900024335, 36.99701899972109], [-122.00988200011324, 36.99720599973097], [-122.00975099969368, 36.99742900025035], [-122.00970800003596, 36.99750099998558], [-122.00940799956199, 36.99802100027439], [-122.00934999983568, 36.99809300016654], [-122.00932800009438, 36.99812099986705], [-122.00917699958329, 36.998285000263095], [-122.00910100031365, 36.99833799988674], [-122.00892700023638, 36.99843099970565], [-122.00881900028135, 36.99847799998742], [-122.00870100028057, 36.99852300001626], [-122.00860300037128, 36.9985450003236], [-122.00848899967013, 36.9985649996844], [-122.00842099989808, 36.99857399996899], [-122.0083809997151, 36.99857899980773], [-122.00829899969933, 36.99858399964619], [-122.00825799969147, 36.99858800009066], [-122.00812799999514, 36.99859199981747], [-122.0078240002215, 36.99859299992854], [-122.00737700033274, 36.99856800001853], [-122.00724900028622, 36.998551000275874], [-122.00712299988956, 36.99852400012824], [-122.00700099969082, 36.99848799967726], [-122.00669699991718, 36.99838199988466], [-122.0065780000915, 36.99834399985535], [-122.00648900040304, 36.99832200020732], [-122.00639700034154, 36.99830499969227], [-122.0063029997319, 36.99829600009329], [-122.00611299976109, 36.99829100023588], [-122.00597100036919, 36.998304000294866], [-122.00578499969802, 36.998330999803215], [-122.00561599964364, 36.9983730002948], [-122.00554500039684, 36.998396000041744], [-122.00552799978007, 36.99840200000578], [-122.00547699972647, 36.99842400034812], [-122.005347999855, 36.99849100001443], [-122.0052819997328, 36.99853700014739], [-122.00514199999071, 36.998636999778896], [-122.00505099975409, 36.99872000029148], [-122.00496700008851, 36.99880699971156], [-122.00490699981405, 36.99888500022023], [-122.00486099978329, 36.99895300030412], [-122.00482800017137, 36.99900700028519], [-122.00477600029281, 36.99908999967644], [-122.00462200030704, 36.99934199976258], [-122.0045710002534, 36.999426000323105], [-122.0044730003441, 36.999593000350515], [-122.00438299993245, 36.999726000337596], [-122.0043319998788, 36.99978699971988], [-122.0042759998023, 36.999844000109874], [-122.00421300005311, 36.999897000081695], [-122.00414500028106, 36.99994500026799], [-122.00407199958781, 36.999987999960766], [-122.00370699971481, 37.000163000194625], [-122.00360100030791, 37.00022199976456], [-122.0035009998505, 37.000286999821384], [-122.00341200016203, 37.00035500008626], [-122.00332500012338, 37.00043800015836], [-122.00324999978034, 37.0005220002255], [-122.00294500018181, 37.0008979999352], [-122.00280700008953, 37.001109000171304], [-122.00243100034591, 37.00182099995455], [-122.00215799963613, 37.00242999981569], [-122.00211699962824, 37.002535999704214], [-122.00207499979545, 37.002675999966655], [-122.00205700025208, 37.00276499999434], [-122.00203200013775, 37.0029179998226], [-122.00198500028208, 37.00337400018513], [-122.00194699974892, 37.00355600011994], [-122.00188700037279, 37.00372200035856], [-122.00180899965665, 37.00389000031738], [-122.00167599958726, 37.004155000052954], [-122.00316799976456, 37.00415199993929], [-122.00596100032345, 37.00414699974962], [-122.00596700017124, 37.00611500022097], [-122.00567799956792, 37.00682399974223], [-122.00562999988732, 37.00743299969821], [-122.00585900021618, 37.009107999698664], [-122.00598899991253, 37.01341000012847], [-122.00597800004189, 37.01602700020656], [-122.00603800031635, 37.016921000342336], [-122.00604699963885, 37.01809699964258], [-122.0060700001034, 37.02142500034761], [-122.0060919998447, 37.02449200031332], [-122.00628600001345, 37.02449200031332], [-122.00620599964749, 37.02792699993308], [-122.00702699963009, 37.02788799988782], [-122.00705699976729, 37.028085999799984], [-122.00707600003388, 37.029303999728576], [-122.00712200006464, 37.03223099992891], [-122.0071250004377, 37.032446999712825], [-122.0071250004377, 37.033200000171554], [-122.00714999965372, 37.0354109997884], [-122.00752700012059, 37.03540499987753], [-122.0084009998066, 37.0353959996518], [-122.0078240002215, 37.03714399973837], [-122.00704099987377, 37.03963000009167], [-122.00633200004421, 37.041849000268186], [-122.0089499998026, 37.04275900018792], [-122.00902299959752, 37.04273600024317], [-122.00907899967402, 37.042713000291435], [-122.00960500010379, 37.0424970003112], [-122.0102179996739, 37.04199999976553], [-122.01024699998624, 37.04179499989545], [-122.01027100027567, 37.041625000038], [-122.01030300006272, 37.041424999760586], [-122.01033099965181, 37.04125400024201], [-122.01043600013212, 37.0411239998807], [-122.0107590001723, 37.04072899967856], [-122.01142699999399, 37.039906000221954], [-122.01144299988748, 37.03986199988392], [-122.01145799995614, 37.03977800027592], [-122.01158199980468, 37.03911999989216], [-122.01172300026998, 37.03876499981902], [-122.01198600003573, 37.03833400003028], [-122.01208499976993, 37.03817300020858], [-122.0120680000515, 37.037959999715], [-122.01205100033305, 37.03775400009668], [-122.01214500004437, 37.03749700030448], [-122.01217900037956, 37.037240999961966], [-122.01220699996867, 37.037029000044605], [-122.01222200003727, 37.0369109999221], [-122.01234500006092, 37.03667899971782], [-122.01237299965, 37.03654799979934], [-122.01246300006171, 37.03612500013979], [-122.01264100033694, 37.03529399964805], [-122.01347499983997, 37.03433999993989], [-122.01350499997719, 37.0339410002824], [-122.01381299994875, 37.03285899993454], [-122.01384499973581, 37.032572999781195], [-122.01434500022636, 37.03252199969335], [-122.01562099959523, 37.03239299982447], [-122.01599600041229, 37.03232300020414], [-122.01712399964319, 37.03211599996595], [-122.01750000028515, 37.0320469997612], [-122.01749299971414, 37.032161999828645], [-122.017497999737, 37.03228099982731], [-122.01751100015582, 37.03240700017104], [-122.01758399995074, 37.03306200023485], [-122.01762999998148, 37.03348400009403], [-122.01767000016446, 37.03384400014596], [-122.01771299982215, 37.034163999874956], [-122.01772299986791, 37.0342339999496], [-122.01777599957134, 37.034625000255694], [-122.01783199964787, 37.035126000271234], [-122.01784099986868, 37.035206999684256], [-122.01785299956424, 37.03530800017691], [-122.01787299965574, 37.035446999960804], [-122.01789299974725, 37.03558299990039], [-122.01793100028037, 37.03574400019415], [-122.01795200019674, 37.03584300001376], [-122.01797200028825, 37.03594199970431], [-122.01837499979607, 37.03592600005284], [-122.01847100005554, 37.035928000009434], [-122.01855399989621, 37.03593599983539], [-122.018631999714, 37.03594800028986], [-122.01871000043015, 37.03596900018426], [-122.0187709996312, 37.03599299964668], [-122.01882599988278, 37.0360240000167], [-122.0188989996777, 37.036080999761886], [-122.01895800012727, 37.03614000013239], [-122.01902300042458, 37.036220999898], [-122.01907100010517, 37.03630299990905], [-122.01910500044036, 37.03637599972198], [-122.01912700018164, 37.03643899974967], [-122.01919999997658, 37.03672400007557], [-122.01921699969502, 37.036792000007864], [-122.01923500013667, 37.03685499969042], [-122.01927899961929, 37.036823999659646], [-122.01943099995525, 37.03672400007557], [-122.01953899991031, 37.03666300022158], [-122.01961000005542, 37.036621000093824], [-122.0198479997068, 37.036508000266394], [-122.02024299971701, 37.036334999766915], [-122.02040799957345, 37.03626199991457], [-122.02074499985731, 37.036059999898505], [-122.02107000044566, 37.035844000351716], [-122.02121600003551, 37.035750999700305], [-122.02133300021138, 37.03594899990938], [-122.02152999985488, 37.03628200010701], [-122.02186100029098, 37.03677300027546], [-122.02193599973575, 37.03688300016999], [-122.02198099994159, 37.03696900004167], [-122.0220260001474, 37.03705499981601], [-122.02209200026968, 37.037197000230734], [-122.02229200028621, 37.03762299988162], [-122.02235900023335, 37.03776600026384], [-122.02251200039423, 37.037724000029094], [-122.02297299962838, 37.03759700030471], [-122.02312699961415, 37.03755600029183], [-122.02320399960705, 37.03753500011929], [-122.02328200032319, 37.03751399994094], [-122.02335299956998, 37.03749799990356], [-122.02330300023958, 37.037426000052285], [-122.02322200004873, 37.037193999987394], [-122.02324899981289, 37.03718899982054], [-122.02323999959208, 37.03716199977445], [-122.02323799994224, 37.03712300016897], [-122.02338699990517, 37.0370639998451], [-122.02411900019925, 37.036775999818396], [-122.02406999979546, 37.03671100013431], [-122.02403600035858, 37.03666700009597], [-122.02394400029708, 37.0365840001498], [-122.02389499989326, 37.036554000337], [-122.02381799990039, 37.036506999937195], [-122.02367899998322, 37.0364499997947], [-122.02323100026955, 37.03630800013424], [-122.02300600013864, 37.03623700020441], [-122.02303399972774, 37.036174000009126], [-122.02307800010867, 37.03603999964753], [-122.02310300022302, 37.03589200006506], [-122.02310800024591, 37.03582099974632], [-122.02310700042099, 37.03576100022306], [-122.02308700032951, 37.035668999810255], [-122.02307399991072, 37.03560599986083], [-122.02302399968201, 37.03543700011386], [-122.02287600044231, 37.035058999912415], [-122.02281199996989, 37.03484499965479], [-122.02279500025146, 37.03476799983005], [-122.02278100000773, 37.034611000318016], [-122.02277900035794, 37.034337999941464], [-122.02279299970331, 37.0340799997001], [-122.02280500029721, 37.03396400002304], [-122.02287600044231, 37.03332799973276], [-122.0229760000014, 37.03333599983261], [-122.0230300004281, 37.033022000299866], [-122.02303600027588, 37.032983999660814], [-122.02304899979636, 37.032962999658054], [-122.02306899988785, 37.032947000096], [-122.0231090000708, 37.03293600026067], [-122.02303700010077, 37.0329289997779], [-122.02304799997144, 37.0328449996713], [-122.02306800006293, 37.032723999798264], [-122.02310599969778, 37.03263800013879], [-122.02418899962115, 37.032774000089205], [-122.02516000028984, 37.03289600025931], [-122.02547999995699, 37.0328630000093], [-122.03171599955645, 37.02970399978408], [-122.03279199980715, 37.029182999951196], [-122.03473099987318, 37.0309619999072], [-122.03967000018736, 37.028877000311894], [-122.03923599981908, 37.02788400026821], [-122.03881400004468, 37.026963999688846], [-122.03852000031682, 37.02625500015628], [-122.03835299991223, 37.025868000232315], [-122.038138999652, 37.0253750003256], [-122.03750000014261, 37.02389600005558], [-122.03728699970729, 37.02340400004525], [-122.03723800020181, 37.02329300020589], [-122.03721499973726, 37.02323900026414], [-122.03710000010953, 37.022957000343304], [-122.03705499990372, 37.0228450000589], [-122.03698600030671, 37.02263200032394], [-122.03685400006225, 37.02222200016985], [-122.0368010003588, 37.02199100008116], [-122.0367529997799, 37.021774000162196], [-122.03665800024366, 37.02135700028346], [-122.03652500017428, 37.02076700016729], [-122.03637000036359, 37.020109999854036], [-122.03635899959461, 37.02005999983339], [-122.03625700038566, 37.019698999884056], [-122.03619700011123, 37.019486999772035], [-122.03616600014908, 37.0193740002725], [-122.03596899960726, 37.018869000258476], [-122.03593599999532, 37.018782999974185], [-122.03588499994169, 37.0186669998869], [-122.0356830002753, 37.018207000047816], [-122.03507999985263, 37.01682700031901], [-122.03487900001119, 37.01636799997711], [-122.03483899982824, 37.0162770003395], [-122.03473800044421, 37.01604600010779], [-122.03472099982744, 37.01600300017348], [-122.03468499984244, 37.015911000215524], [-122.03458600010822, 37.01566599974532], [-122.03453199968156, 37.0155309998952], [-122.0344070000081, 37.015101000129036], [-122.03435699977936, 37.01490900018165], [-122.03429099965714, 37.014654000353325], [-122.03610000002683, 37.014445000218885], [-122.03629300037066, 37.01442200030625], [-122.03791000022144, 37.01423600022689], [-122.04230100036452, 37.01372899995489], [-122.0427719996444, 37.013674999671416], [-122.04405100028467, 37.013138000223975], [-122.04412200042978, 37.01310799975826], [-122.04419400039981, 37.013077999997975], [-122.04423299985956, 37.0130850001583], [-122.04429200030908, 37.013096999919256], [-122.04435199968522, 37.013110000315685], [-122.04439199986822, 37.01311900031293], [-122.04446700021128, 37.01309400015851], [-122.04454199965605, 37.01306999991644], [-122.04550199955578, 37.01275599981681], [-122.04830400033549, 37.011840000136594], [-122.04877499961536, 37.011544000344934], [-122.04976499965233, 37.01092400017612], [-122.05025300044728, 37.01134399975553], [-122.05086099999448, 37.011561999992], [-122.05253899994463, 37.0121629998274], [-122.05455400017865, 37.01271300017272], [-122.05458000011794, 37.012719999649356], [-122.05583399974553, 37.01288300019155], [-122.05589700039305, 37.01294399977642], [-122.05593599985278, 37.01298199968125], [-122.0560010001501, 37.01303200005561], [-122.05602100024157, 37.01304700030497], [-122.05611099975495, 37.01309599999904], [-122.05617100002942, 37.0131200002329], [-122.05619399959564, 37.013126999672046], [-122.05628200035748, 37.01315099989612], [-122.05640600020605, 37.01317300027417], [-122.05690999999622, 37.01324099977228], [-122.05707999987554, 37.01325599998039], [-122.05720000042444, 37.01324699999936], [-122.0572959997856, 37.013230999870984], [-122.05736500028088, 37.01323299970791], [-122.05742399983212, 37.01323999985396], [-122.05748999995437, 37.01325300022592], [-122.05759399971143, 37.013288000223156], [-122.05778200003242, 37.013370999803726], [-122.05784099958363, 37.01338999965177], [-122.05799600029266, 37.01343099979846], [-122.05819799995902, 37.0134710000077], [-122.05830500008913, 37.0134799999622], [-122.05886999997865, 37.013437000010484], [-122.05923499985165, 37.01345100026437], [-122.05962999986184, 37.01351300002544], [-122.0601549995684, 37.013639999852415], [-122.06027099991935, 37.01368400031907], [-122.06032500034603, 37.01371200001593], [-122.06037600039966, 37.01374400006669], [-122.06049000020245, 37.01382899968779], [-122.06056600037046, 37.01387599977501], [-122.06064599983807, 37.013918000286175], [-122.06078300010542, 37.01397600003173], [-122.06084099983174, 37.01400600015484], [-122.06094700013696, 37.01407700006424], [-122.06099300016773, 37.014116999933464], [-122.06127000017716, 37.01438500030747], [-122.06131799985772, 37.014417999977674], [-122.06137999978202, 37.01444899982873], [-122.06144500007933, 37.01447600005893], [-122.0615129998514, 37.014498000053386], [-122.06158300017161, 37.01451499981653], [-122.06165500014164, 37.014527000069], [-122.06167100003515, 37.01452799997044], [-122.06179400005878, 37.014540000220855], [-122.06186799967863, 37.014556999974594], [-122.06193700017393, 37.01458300026571], [-122.0619990000982, 37.014619000267956], [-122.06205199980164, 37.014663000167786], [-122.06209600018256, 37.014713000153414], [-122.06212700014473, 37.014769000213064], [-122.06214600041129, 37.0148289998213], [-122.06217300017549, 37.01503200024863], [-122.0621740000004, 37.01521500013729], [-122.06221400018337, 37.01535200032989], [-122.06226699988679, 37.01547999984164], [-122.06235499975035, 37.01560400030617], [-122.06245799968252, 37.015714999902556], [-122.0625969995997, 37.01590199983164], [-122.06267100011785, 37.01606199964344], [-122.06272899984417, 37.0162099998509], [-122.0627670003773, 37.016354000260684], [-122.06281000003501, 37.01647800001631], [-122.0628369997992, 37.01660300016102], [-122.06287199995931, 37.01671899981293], [-122.06289399970062, 37.01683699974706], [-122.06292999968561, 37.01698400001054], [-122.0629859997621, 37.01710700030523], [-122.06311600035677, 37.01729299981283], [-122.06319300034967, 37.01745300028211], [-122.06325400044902, 37.017624000317085], [-122.06329700010673, 37.01779900011803], [-122.06332100039619, 37.017975999945264], [-122.06332499969582, 37.01815399993114], [-122.0633420003126, 37.018453999914705], [-122.06330200012961, 37.01904400006104], [-122.0633079999774, 37.01909599971567], [-122.06330499960434, 37.01917900012514], [-122.06328299986302, 37.01926099988765], [-122.06324299968007, 37.01933799965401], [-122.06318800032678, 37.01940900031952], [-122.0631180000066, 37.01946999968668], [-122.06303599999082, 37.01952199976701], [-122.06298900013519, 37.0195439997351], [-122.06291700016516, 37.01959099987384], [-122.06285299969272, 37.019642000037265], [-122.06279499996641, 37.019697000217285], [-122.06254499972115, 37.01998499974071], [-122.06238999991047, 37.020154999987994], [-122.06222199968097, 37.02038000025776], [-122.0621329999925, 37.02052899976686], [-122.06208199993888, 37.02064099987938], [-122.06196999978587, 37.02084499966012], [-122.06190200001382, 37.020942999718635], [-122.06179999990657, 37.02104399981502], [-122.06152899974492, 37.02124499979194], [-122.06144799955408, 37.021342000240026], [-122.06141199956905, 37.021393999756384], [-122.06138900000283, 37.02144900010263], [-122.06137800013218, 37.02150600002819], [-122.0613789999571, 37.02156399971985], [-122.06135399984275, 37.02185100025065], [-122.0613580000407, 37.022048000317376], [-122.06135499966767, 37.0222919997755], [-122.06134799999494, 37.02235899992169], [-122.06135100036802, 37.02242200010159], [-122.0613429999721, 37.02248800033646], [-122.06134200014718, 37.02255300000103], [-122.06134899981986, 37.02261900012209], [-122.06136200023865, 37.02268399967454], [-122.06138200033016, 37.02274800009538], [-122.06141300029228, 37.02281899972594], [-122.06143400020868, 37.0229249998691], [-122.06143599985852, 37.022978000243796], [-122.06142300033802, 37.023084999953895], [-122.06140700044452, 37.02313699971171], [-122.06135999969051, 37.023236999973385], [-122.06117999976547, 37.023483999983966], [-122.06102999997762, 37.02364899995017], [-122.0609200003728, 37.02380699966877], [-122.06087099996898, 37.02386399997685], [-122.0608230002884, 37.023912000089915], [-122.06076499966379, 37.02395400007428], [-122.06067799962513, 37.02399999985971], [-122.06053200003525, 37.02405700002298], [-122.06033100019381, 37.02412300027185], [-122.06013700002505, 37.02417100022126], [-122.05979300006848, 37.0242380001447], [-122.05963499988474, 37.02428800028453], [-122.05952399955665, 37.02435299984341], [-122.05944300026408, 37.02444799965032], [-122.05940999975383, 37.024545000312], [-122.05937700014186, 37.0248929996556], [-122.05935799987529, 37.02515700027043], [-122.05930599999677, 37.02547000028884], [-122.05924300024758, 37.02566800004926], [-122.0592020002397, 37.02577399980308], [-122.05915399966078, 37.025863000036935], [-122.05908599988872, 37.02595299991756], [-122.05897299991082, 37.02607399982014], [-122.05896000039034, 37.02609900000715], [-122.0589429997736, 37.026116999792464], [-122.0589009999408, 37.026176999763166], [-122.05888099984931, 37.02624300032166], [-122.05888300039744, 37.02634699978144], [-122.05890299959063, 37.026458000178636], [-122.05897399973574, 37.02680300014513], [-122.0589920001774, 37.02731400032604], [-122.05897299991082, 37.027813000351344], [-122.05902499978937, 37.02799100023976], [-122.05910099995732, 37.02822600033187], [-122.05912100004883, 37.028312999687174], [-122.05908000004095, 37.0284659997213], [-122.05893699992582, 37.02864400023089], [-122.05881200025236, 37.028755000140066], [-122.05878499958986, 37.02898700016946], [-122.05879800000865, 37.02961999969616], [-122.0587960003588, 37.02983900026859], [-122.05885599973494, 37.03007299996628], [-122.05892900042821, 37.03016299987871], [-122.05910099995732, 37.030305000272655], [-122.05926400016396, 37.03039799970503], [-122.05954799984609, 37.03049200014908], [-122.06046400026321, 37.03067200030852], [-122.06123400019214, 37.03081099997244], [-122.06157399995077, 37.030843999679846], [-122.06184400028752, 37.03085899999849], [-122.0621039996802, 37.03084599977029], [-122.06228899962811, 37.030799000140476], [-122.06255099956894, 37.03069100013316], [-122.0627439999128, 37.030622000067986], [-122.06283599997431, 37.03061500008907], [-122.06297999991435, 37.03063500033448], [-122.06311299998372, 37.0307169999232], [-122.06317099971004, 37.03080199991933], [-122.06320500004523, 37.03091100017174], [-122.0636679998275, 37.03038099990979], [-122.0643289999765, 37.029657000164676], [-122.06590900001734, 37.02791800025542], [-122.06664799998414, 37.02711299991136], [-122.06834799967558, 37.025248000030686], [-122.06881399983091, 37.024741999847684], [-122.06975100016442, 37.02372799985052], [-122.07006900018173, 37.02372799985052], [-122.07381699971916, 37.023746999977725], [-122.07699199986948, 37.02379500016471], [-122.07837600009174, 37.02380100027559], [-122.07970400023748, 37.0238189998882], [-122.08568100026919, 37.02355600014371], [-122.0861110004395, 37.02353699996874], [-122.08867599959613, 37.02342499982218], [-122.08881700006144, 37.02352699998793], [-122.08894099990998, 37.02362900001678], [-122.0891030002917, 37.02376300004344], [-122.089349000339, 37.023929999676234], [-122.08957899959444, 37.02405799979901], [-122.08982200016702, 37.0241699997295], [-122.0900759997119, 37.02426399999201], [-122.09033900037595, 37.024339999936075], [-122.09055600011094, 37.024386000205034], [-122.09060999963928, 37.02439800033295], [-122.09238800004685, 37.024824000060825], [-122.09280200032363, 37.02495599988567], [-122.09322999994582, 37.025128999770615], [-122.0936380003748, 37.025329999697625], [-122.09401199957031, 37.025571999860404], [-122.09427699988417, 37.02577000007215], [-122.09441099977848, 37.02589799996333], [-122.09460499994724, 37.02603899997484], [-122.09474999971219, 37.02613099986159], [-122.09488500032973, 37.02620199991627], [-122.09502699972163, 37.02626199981983], [-122.09517499985964, 37.02631299980821], [-122.09532800002052, 37.02635299969074], [-122.09548500037934, 37.02638200020202], [-122.09564400038802, 37.02639999992022], [-122.09580500004647, 37.026407000287655], [-122.09586600014585, 37.0264059998254], [-122.09599500001728, 37.02639699996751], [-122.09609200010165, 37.02638200020202], [-122.09622400034614, 37.02635499989945], [-122.09644399955586, 37.02630300019289], [-122.0965020001805, 37.02628999990206], [-122.09728899982785, 37.02611999975628], [-122.09739799960781, 37.02610599968513], [-122.09756599983731, 37.026093000077786], [-122.0977349998917, 37.02609200032858], [-122.09790300012118, 37.02610299972075], [-122.09806899980254, 37.02612599968352], [-122.09823200000915, 37.02615999974044], [-122.09839100001783, 37.02620600034164], [-122.0985440001787, 37.02626199981983], [-122.09859400040739, 37.02628799969165], [-122.09868499974569, 37.02633599970735], [-122.09882399966286, 37.026433999854504], [-122.09886499967075, 37.026469000235], [-122.0990439997709, 37.02662099993815], [-122.09913699965732, 37.02672699979645], [-122.09934699971957, 37.027000000279585], [-122.09947800013916, 37.02722699982645], [-122.09964299999562, 37.027510999852396], [-122.10021100025818, 37.02835599982631], [-122.10048300024474, 37.02876099985922], [-122.10120899979273, 37.02970199966351], [-122.10206199956235, 37.030352000208225], [-122.10234100011992, 37.03048500015819], [-122.10326099983668, 37.030925000074426], [-122.10335899974598, 37.03096399999453], [-122.10343400008904, 37.030995000266145], [-122.10366400024282, 37.031050000115386], [-122.10376700017498, 37.03107599978253], [-122.10387599995494, 37.031102000157865], [-122.10407500014655, 37.03108200003543], [-122.10430199992727, 37.03104500026112], [-122.10446900033185, 37.03097000025629], [-122.10460300022615, 37.03087900017965], [-122.10470500033341, 37.0307640003209], [-122.10477200028055, 37.030590999644126], [-122.10480700044066, 37.030408999907955], [-122.10481699958808, 37.0302739997194], [-122.10487299966458, 37.030138000312135], [-122.10496700027423, 37.030011999789664], [-122.10509399959751, 37.02987500021385], [-122.10521400014642, 37.02972799979211], [-122.10543799955413, 37.02960100032077], [-122.10564400031674, 37.029546000139376], [-122.10574499970078, 37.02954899996772], [-122.10620099981037, 37.029563999824965], [-122.1064019996518, 37.029534999811446], [-122.10659400017073, 37.02946499970837], [-122.10699800040179, 37.02925199988935], [-122.1072169997866, 37.029187000219515], [-122.10748799994822, 37.029157000353194], [-122.10772899997266, 37.02919500003847], [-122.10793800021001, 37.02929099995137], [-122.10809600039379, 37.02938699974298], [-122.10862199992522, 37.02977000014654], [-122.10874800032194, 37.02990800032795], [-122.10881799974382, 37.03007299996628], [-122.10882100011688, 37.030571999794525], [-122.10890999980532, 37.030794000269694], [-122.10914699963179, 37.03097300002844], [-122.10939000020433, 37.03110400024151], [-122.1095349999693, 37.03126599967254], [-122.10966300001583, 37.03144400007432], [-122.10983200007023, 37.031789000342066], [-122.10999500027685, 37.03215599966106], [-122.11007200026972, 37.032388000058624], [-122.11010200040697, 37.03258500004999], [-122.11005100035335, 37.03294500006088], [-122.10989499981942, 37.033200999827194], [-122.10929200029506, 37.034309000316604], [-122.10906799998908, 37.03464100018134], [-122.10896800042997, 37.034861999884924], [-122.10890300013264, 37.03496599973382], [-122.10884299985818, 37.03504100009492], [-122.10877500008611, 37.03511199970881], [-122.10869899991813, 37.035177999674154], [-122.10861600007743, 37.035239000003976], [-122.10852700038899, 37.035293000019955], [-122.10843299977934, 37.0353410000816], [-122.10833400004515, 37.035383000200284], [-122.10823000028809, 37.0354169996988], [-122.10812399998288, 37.03544399964833], [-122.1077750000034, 37.035502999796726], [-122.10756300029128, 37.03554400020098], [-122.10742100000108, 37.03558400024176], [-122.10731499969587, 37.03562400026144], [-122.10721299958863, 37.03567099977364], [-122.10711600040256, 37.03572599982192], [-122.1070779998694, 37.03575200003947], [-122.10702500016595, 37.035788000050225], [-122.10694200032526, 37.035854999765824], [-122.1068669999822, 37.035928000009434], [-122.10680000003507, 37.03600599971086], [-122.10665100007213, 37.036226000128536], [-122.10634899994835, 37.036674999844124], [-122.10605799969522, 37.037119999922645], [-122.10598999992314, 37.03725399981248], [-122.10595800013611, 37.03739099970156], [-122.10595099956511, 37.0375179997705], [-122.10598200042553, 37.03766300026137], [-122.10604000015185, 37.037789999875365], [-122.10614200025913, 37.03790499985073], [-122.10627899962816, 37.037996999705605], [-122.10641300042074, 37.03805900023081], [-122.10655200033794, 37.03811399998357], [-122.10672700024011, 37.038164000310886], [-122.10653600044442, 37.03813699989441], [-122.10636800021493, 37.038099999972076], [-122.1060569998703, 37.03800899983436], [-122.106147000282, 37.038429000277084], [-122.106147000282, 37.03994699968287], [-122.10053500012327, 37.040747000298865], [-122.10060000042061, 37.04587099975234], [-122.10237000043224, 37.04593300030031], [-122.10526400037516, 37.045880999659104], [-122.1052540003294, 37.047928000234045], [-122.1053310003223, 37.05108100000322], [-122.10524900030653, 37.05105100018333], [-122.10474899981602, 37.050891999649394], [-122.10448799970011, 37.05088699966775], [-122.10424800039893, 37.05091399985134], [-122.10419999982001, 37.05093300034651], [-122.10374100023571, 37.0511180000515], [-122.10331600008828, 37.05132699965629], [-122.10302800020818, 37.05140899984143], [-122.10279499968138, 37.051441999917145], [-122.10252799971768, 37.051441999917145], [-122.10214399957812, 37.0514039998939], [-122.10130000002935, 37.05122299999353], [-122.1011500002415, 37.05122299999353], [-122.10066300016977, 37.051321999703376], [-122.1003960002061, 37.05132699965629], [-122.0996070000106, 37.05142700008006], [-122.09902500040263, 37.051624000142205], [-122.09868200027097, 37.051630000205236], [-122.09848999975202, 37.051592000276074], [-122.09833199956826, 37.05153100018023], [-122.09813999994765, 37.051504000216156], [-122.09781799973236, 37.05150900015714], [-122.09764000035545, 37.05149300020149], [-122.09744799983652, 37.051444000181974], [-122.09641900033981, 37.051366999985], [-122.09615200037611, 37.05138400010041], [-122.09591200017661, 37.05145500020379], [-122.09528199998975, 37.05165999979626], [-122.0952929998604, 37.05168400003407], [-122.09530299990615, 37.051751000060364], [-122.09529200003549, 37.051818000027566], [-122.09521500004261, 37.05199299990892], [-122.09517700040777, 37.052043999822985], [-122.0951220001562, 37.052086000021696], [-122.09505600003395, 37.052116000149354], [-122.094983000239, 37.05213099985031], [-122.09493200018538, 37.05213199997365], [-122.09485799966723, 37.05211999992653], [-122.09448199992359, 37.05212700007371], [-122.09426299964046, 37.05214799979458], [-122.09407799969256, 37.05218399991696], [-122.09379800020838, 37.05225100021878], [-122.09372100021548, 37.05228000015988], [-122.09362599978093, 37.052338000008795], [-122.09348600003885, 37.05245400029064], [-122.09344900022892, 37.05249099966959], [-122.09340800022103, 37.05255399994632], [-122.09344800040401, 37.05267499976211], [-122.09355499963581, 37.05293500012974], [-122.09357800010036, 37.05297799994752], [-122.09362900015397, 37.05303700009133], [-122.09367299963658, 37.0530690000651], [-122.09372299986532, 37.05309399996798], [-122.09380599970599, 37.053117999752345], [-122.09469100016095, 37.053123000303884], [-122.09499800030765, 37.053188999667285], [-122.09541599988405, 37.053221000293895], [-122.09563799964191, 37.05328600018088], [-122.09570499958905, 37.05330600019007], [-122.09589700010801, 37.05338899977747], [-122.0960519999187, 37.05349400016205], [-122.096193000384, 37.05359700019326], [-122.09634399999675, 37.05369500028802], [-122.09660199973959, 37.05384300029372], [-122.09682299967255, 37.0540150002284], [-122.09697500000851, 37.054187999869406], [-122.09700000012285, 37.05423299988545], [-122.0970789997656, 37.054376999900796], [-122.0971149997506, 37.054634999991734], [-122.09711700029872, 37.05508399980061], [-122.0971020002301, 37.0554900000165], [-122.09719000009366, 37.05563000020526], [-122.09745799988228, 37.05577800002157], [-122.0985380003309, 37.056268000201584], [-122.09874300037035, 37.056272999828685], [-122.0992079998024, 37.056128999826825], [-122.09947300011629, 37.05612699968549], [-122.09990499993643, 37.056217000258684], [-122.10001899973923, 37.05622700023614], [-122.10015500018169, 37.05623800028151], [-122.10048300024474, 37.05615999986025], [-122.10100999960112, 37.056057999794994], [-122.10149900022094, 37.05600500028331], [-122.10175000029112, 37.056026999719904], [-122.10192199982026, 37.056057999794994], [-122.1019650003763, 37.05609699970962], [-122.10202599957732, 37.05615300008505], [-122.10210299957025, 37.056291000347365], [-122.10211199979106, 37.05669100017795], [-122.10222499976896, 37.05684200025931], [-122.10240600041725, 37.05691899991926], [-122.10275799987143, 37.05701800008415], [-122.10307099986589, 37.05718999999096], [-122.10329099997392, 37.05746199986475], [-122.10339100043134, 37.057697999840286], [-122.10357300000622, 37.057855000356014], [-122.10388600000067, 37.057995999811695], [-122.10423699962993, 37.05801499996743], [-122.10467600002107, 37.057976000321744], [-122.10579999995237, 37.05780900028874], [-122.10642000009348, 37.05772699985042], [-122.10653399989629, 37.0577279999], [-122.10643199978904, 37.05779300022766], [-122.10626699993259, 37.05794699968988], [-122.10619199958953, 37.05796899999722], [-122.10529399961406, 37.05808400022894], [-122.10488899955811, 37.05820499982947], [-122.10446400030898, 37.05829900025692], [-122.1042180002617, 37.05833200020394], [-122.10380599963472, 37.05834900019276], [-122.10353899967104, 37.05828499966679], [-122.10274299980283, 37.05809600004983], [-122.10262700035018, 37.05801900015053], [-122.10217399971533, 37.05768399985615], [-122.10194100008684, 37.05758000030273], [-122.10177000038261, 37.05754199976858], [-122.10131699974777, 37.0573659997255], [-122.10109800036297, 37.05735499984366], [-122.10102200019499, 37.05734900023327], [-122.10067300021554, 37.05735499984366], [-122.10017899957282, 37.057420999827585], [-122.09945200019988, 37.057619000151966], [-122.09935000009263, 37.057674000070705], [-122.09923299991675, 37.057707000289554], [-122.09898600004458, 37.05786700021313], [-122.09886999969362, 37.05791599966965], [-122.09828700026075, 37.05827299987579], [-122.09760199982232, 37.05875200003559], [-122.09753999989802, 37.05877400010945], [-122.09738900028528, 37.05878499978557], [-122.09690899988627, 37.05865299998257], [-122.09607899968286, 37.05845000000572], [-122.09537300022635, 37.058164000193784], [-122.09516800018696, 37.05805400030997], [-122.09492700016251, 37.05788799977924], [-122.09481800038256, 37.05781299976586], [-122.0942009997162, 37.05748899985964], [-122.09404300043077, 37.057356999952624], [-122.0933499995964, 37.05687400006233], [-122.09302800027943, 37.0567360001434], [-122.09241800018407, 37.05631900011019], [-122.0923079996809, 37.056214000050126], [-122.09232899959733, 37.05640099991956], [-122.09256200012413, 37.056955999988766], [-122.0931859995649, 37.058494000322256], [-122.09344000000809, 37.05944000023898], [-122.09362599978093, 37.05992799966874], [-122.09377700029198, 37.06038999988831], [-122.09407799969256, 37.06101099989858], [-122.09427100003639, 37.06129099971579], [-122.09445599998432, 37.0616099998816], [-122.09452399975638, 37.06179600007604], [-122.09470299985652, 37.062110000309936], [-122.09478499987229, 37.06229100004826], [-122.09503199974449, 37.0627470003143], [-122.09553999973261, 37.0633619998169], [-122.09576599968842, 37.063675000049216], [-122.09593599956774, 37.063849999824605], [-122.0963900000275, 37.06431800030848], [-122.096918999932, 37.064994000051634], [-122.09718599989569, 37.06541700012129], [-122.09752900002736, 37.06617500010335], [-122.09778299957227, 37.06654300013776], [-122.09803700001548, 37.066767999869484], [-122.09840699991135, 37.06705400021851], [-122.09870900003513, 37.06721900012228], [-122.09884600030249, 37.06727899986797], [-122.09903799992311, 37.06741099971485], [-122.09916199977167, 37.067509999807655], [-122.09926499970383, 37.06757600027561], [-122.09979299978342, 37.068036999879084], [-122.1001219996714, 37.068289999842], [-122.10027999985515, 37.06839900002771], [-122.10073400031492, 37.06865499993337], [-122.10090400019422, 37.068751000123186], [-122.10190599992674, 37.06959099964729], [-122.10327000005752, 37.07006399998318], [-122.10433299988941, 37.07033800005586], [-122.10634300010057, 37.07046899971463], [-122.10676099967701, 37.07053600035545], [-122.10716599973294, 37.07060099974384], [-122.10728200008388, 37.07063900018746], [-122.10738500001605, 37.070671999783954], [-122.10794099968479, 37.071062000313106], [-122.10846899976434, 37.07153400020822], [-122.10910700034712, 37.07223199990154], [-122.10965600034314, 37.07272100003389], [-122.10971099969639, 37.07274300035707], [-122.11078799977199, 37.07353899993816], [-122.11111699965996, 37.073917999710794], [-122.1115839996402, 37.07453900006401], [-122.11174199982395, 37.074802000234044], [-122.11192699977187, 37.07503300019506], [-122.11227699957625, 37.07535699970863], [-122.11363499985924, 37.076295999975], [-122.1143150002748, 37.076730000021726], [-122.11541900011458, 37.07760899964291], [-122.11586500017843, 37.0780539998064], [-122.11605199977619, 37.078213999814686], [-122.11614700021072, 37.078294999829005], [-122.11675099956, 37.07894299969494], [-122.11714899994327, 37.079454000076424], [-122.11738199957176, 37.079700999941885], [-122.11821900034616, 37.080244999961614], [-122.11957000005813, 37.08084300023522], [-122.11964600022614, 37.08085400029436], [-122.12016000006201, 37.08070599995148], [-122.12073599982222, 37.080606000137394], [-122.12131199958239, 37.080529000154804], [-122.12159299978978, 37.08050199976074], [-122.12219700003737, 37.080463000209825], [-122.1223750003126, 37.08047899978914], [-122.12276600012484, 37.08056199974739], [-122.12302700024075, 37.0806549999553], [-122.12323300010507, 37.08076500003081], [-122.12346999993154, 37.08097200017667], [-122.1234609997107, 37.083245000023204], [-122.12345900006089, 37.08378399973094], [-122.12345099966497, 37.08727499967138], [-122.12476499956703, 37.08731300035786], [-122.12623900020098, 37.08735699969576], [-122.12851200017786, 37.08742500012065], [-122.1286400002244, 37.08753800009108], [-122.12894800019595, 37.087735999905675], [-122.12925899964226, 37.08790499999338], [-122.12922400038049, 37.090169000293564], [-122.129204000289, 37.091483999662], [-122.13394900043441, 37.09144800027683], [-122.13392099994697, 37.092971999893784], [-122.13383300008343, 37.09301300005955], [-122.13380499959604, 37.093035999810816], [-122.1337810002049, 37.09306400033969], [-122.1337460000448, 37.09312800017908], [-122.13368199957237, 37.09330100017958], [-122.13365900000616, 37.09334200016738], [-122.13362899986895, 37.09337699978991], [-122.13353799963234, 37.09345400033554], [-122.13331400022466, 37.0935989999875], [-122.13322600036112, 37.093666999827555], [-122.133119000231, 37.0937699997641], [-122.13304600043605, 37.0938480002003], [-122.13298899963634, 37.093920999828434], [-122.13294699980355, 37.09398900009602], [-122.13290499997076, 37.094084000167555], [-122.1328740000086, 37.09417900011992], [-122.13285800011509, 37.09427099981701], [-122.13285499974202, 37.0943569998534], [-122.1328639999629, 37.094427999859874], [-122.13288300022947, 37.09448300031366], [-122.13291099981855, 37.09452300009752], [-122.1329939996592, 37.09461599965668], [-122.13301999959847, 37.09466200032868], [-122.13302399979645, 37.09468700013701], [-122.13300500042818, 37.09474999976066], [-122.13298699998653, 37.09477700009517], [-122.13296699989505, 37.09479399979665], [-122.13294099995576, 37.09480399970353], [-122.13282499960481, 37.09481199977138], [-122.13275799965767, 37.09480499998077], [-122.13260299984697, 37.09477399997886], [-122.13252900022712, 37.09477099986247], [-122.13242299992191, 37.094795000074015], [-122.13231900016483, 37.09483999964405], [-122.13226800011121, 37.09488100023218], [-122.1322329999511, 37.09493899975056], [-122.13221399968452, 37.09501699969992], [-122.1321969999661, 37.09520800028419], [-122.13218100007258, 37.095290999877804], [-122.13215299958514, 37.09535499998578], [-122.13210800027765, 37.09541499967969], [-122.13207599959227, 37.09546000031459], [-122.13205200020114, 37.09548499985962], [-122.13202999956151, 37.09549900003117], [-122.13200500034549, 37.09550399993829], [-122.13197600003316, 37.09550099985075], [-122.13194400024611, 37.09549100003584], [-122.13190999991092, 37.09547300022234], [-122.13183600029107, 37.095412999857835], [-122.13182000039755, 37.09543099968559], [-122.13182000039755, 37.09563999972085], [-122.13188899999453, 37.09573199979363], [-122.13224899984463, 37.09606300008169], [-122.1322749997839, 37.09614999977669], [-122.13225300004258, 37.09625700023645], [-122.13212900019404, 37.09648800002409], [-122.13212400017115, 37.096498999962286], [-122.13208099961514, 37.09660599992918], [-122.13212300034625, 37.09668799988863], [-122.13224499964666, 37.096755999822584], [-122.13229300022559, 37.09685700007554], [-122.13227999980677, 37.0969380002308], [-122.1322110002098, 37.09701500002385], [-122.13174400022957, 37.09721300015594], [-122.13156699977924, 37.097369999834974], [-122.13148399993858, 37.09751900012399], [-122.13144200010578, 37.09767599988547], [-122.13145200015153, 37.097901999897346], [-122.1315219995734, 37.09820600020054], [-122.13165899984075, 37.098918999847825], [-122.13173099981078, 37.09959099978316], [-122.13185300000953, 37.099921999691595], [-122.13192300032972, 37.10021199975616], [-122.13195699976659, 37.100421999702895], [-122.13202299988883, 37.10082400002423], [-122.13205200020114, 37.10113300031827], [-122.13209900005681, 37.10139499974017], [-122.13214799956228, 37.101550999878974], [-122.13225899989037, 37.10163700024981], [-122.13245600043217, 37.10169000011315], [-122.13247700034857, 37.101687999740456], [-122.13641499985681, 37.10329099993315], [-122.13644499999404, 37.103958999866], [-122.13640399998614, 37.105703000306654], [-122.13612100012894, 37.109519000338686], [-122.13604499996096, 37.1094709999238], [-122.13581499980718, 37.11332000030995], [-122.14016099974442, 37.11286199968315], [-122.14404200024954, 37.11239300009023], [-122.14403200020381, 37.11245499998923], [-122.14387599966987, 37.11335299995095], [-122.1447939997368, 37.11369100009128], [-122.14421600032682, 37.116780000200976], [-122.14836300007241, 37.116876000330286], [-122.14821800030745, 37.12074599971632], [-122.15218400030308, 37.12078200022114], [-122.15128700015255, 37.128644999849065], [-122.15631000013228, 37.12868299983783], [-122.16099699965307, 37.12871900014887], [-122.16393800034997, 37.12878200011482], [-122.16827599989126, 37.131880999689386], [-122.16852699996143, 37.13189300000403], [-122.16876299996298, 37.13231299979145], [-122.16908500017824, 37.132908999928944], [-122.16911899961514, 37.13295299999814], [-122.16937200023344, 37.13322999974865], [-122.16972200003781, 37.133556999664066], [-122.16991700003149, 37.133738999723185], [-122.17058499985316, 37.13436400014265], [-122.17092200013705, 37.13465700005377], [-122.17111799995563, 37.13485100017718], [-122.17133200021588, 37.13505099970986], [-122.17154099955495, 37.13525600029352], [-122.17173200024897, 37.13547200032858], [-122.17184199985381, 37.13561099988573], [-122.17194499978598, 37.135751000356336], [-122.17201299955804, 37.1358660000375], [-122.1721990002292, 37.13620199974248], [-122.17238300035221, 37.13658399966184], [-122.17249600033011, 37.13683699995467], [-122.172537000338, 37.137026999906986], [-122.17256800030013, 37.13720200004405], [-122.17263100004934, 37.13745399998856], [-122.1727709997914, 37.13780199989602], [-122.17292999980008, 37.13814499967894], [-122.17307600028826, 37.138502999854424], [-122.17319799958867, 37.138780000053885], [-122.17328800000035, 37.13894099970116], [-122.17335699959732, 37.139017999753825], [-122.17340699982603, 37.1390509996501], [-122.17351200030633, 37.13910100002976], [-122.17357699970536, 37.139119999907564], [-122.17365799989621, 37.13913500029764], [-122.17381799972979, 37.13915200006784], [-122.17393999992852, 37.13915299975933], [-122.1740150002716, 37.139145999770285], [-122.174144000143, 37.13912699989902], [-122.1742420000523, 37.13910300013017], [-122.17434300033464, 37.13907099994917], [-122.17438799964218, 37.139057999647946], [-122.17472199955301, 37.138963999827425], [-122.17499799973757, 37.138918999978635], [-122.1751579995711, 37.13887800031585], [-122.17536199978562, 37.13881099994584], [-122.17576099999378, 37.138664000091204], [-122.17606700031554, 37.13853199974444], [-122.17620299985965, 37.13848500023807], [-122.17630099976896, 37.138471000135695], [-122.1766639999921, 37.13845799973142], [-122.17682399982567, 37.13846299966681], [-122.17689199959776, 37.138464999784134], [-122.17709499998732, 37.138471000135695], [-122.17716399958431, 37.13847300025282], [-122.1758880002154, 37.13676400015512], [-122.17572400018388, 37.136543999891906], [-122.17158900013382, 37.13393500028893], [-122.17080400013629, 37.13336500005584], [-122.17095499974903, 37.1333020003244], [-122.17188299986171, 37.13275800024562], [-122.17154399992798, 37.132256999811275], [-122.17217699958957, 37.13194799975076], [-122.17226100015347, 37.131905000316785], [-122.17206299978675, 37.131639999651554], [-122.17078900006766, 37.129931999723894], [-122.17078099967173, 37.12992200015759], [-122.17075899993041, 37.12989299983224], [-122.17075200025774, 37.129884000074746], [-122.16978099958902, 37.12861300025836], [-122.16880499979577, 37.12733399965321], [-122.16842400002928, 37.12740000031245], [-122.16529900010768, 37.128749000036855], [-122.16489700042477, 37.12852199984874], [-122.16437600001787, 37.128227999981405], [-122.16417799965117, 37.12807999978165], [-122.16404899977971, 37.12793100016893], [-122.16395800044144, 37.12780699988306], [-122.16342299979082, 37.12691800029369], [-122.16306600031378, 37.12633700030556], [-122.16302500030588, 37.12627000029006], [-122.16279099995417, 37.1259259998111], [-122.16264199999124, 37.12574199984587], [-122.16245600021838, 37.12555800014958], [-122.16223899958511, 37.125400000294775], [-122.16129200010417, 37.124939999927456], [-122.16096700041415, 37.124759000075244], [-122.16076999987234, 37.124625999939674], [-122.1603859997328, 37.12432400016421], [-122.1595909996895, 37.123645999689636], [-122.15943699970371, 37.12348700024273], [-122.1593510003883, 37.12329699995653], [-122.1593079998323, 37.123040999804466], [-122.15933499959645, 37.12226499985095], [-122.15930899965718, 37.12202900029606], [-122.15920599972502, 37.121781000238], [-122.15909299974712, 37.121606000251134], [-122.15859900000271, 37.12096400020326], [-122.15730400036722, 37.11925999983408], [-122.15661899992878, 37.118235000339666], [-122.15634500029242, 37.117785999838134], [-122.15617500041309, 37.11749299979329], [-122.15587099974114, 37.116995999962604], [-122.15550699969309, 37.11643500029844], [-122.15532400029329, 37.11615099999835], [-122.15510400018528, 37.115850000078794], [-122.15437899956387, 37.11479599988467], [-122.15423700017197, 37.1146449998807], [-122.15410099972954, 37.11452200005345], [-122.15394699974371, 37.11439399993366], [-122.15370700044254, 37.11423799974139], [-122.15323799991417, 37.11397100020937], [-122.15263899968946, 37.1136390000577], [-122.15245200009171, 37.113523000239766], [-122.15214599976996, 37.113294000170214], [-122.15202500029444, 37.11318400003135], [-122.15180900038438, 37.11297100025245], [-122.15177500004918, 37.1129379997286], [-122.15159799959889, 37.112767000235436], [-122.15142199987177, 37.112595000313775], [-122.1512059999617, 37.11236899972287], [-122.15090499966283, 37.11203799976064], [-122.15064100007216, 37.11178300027257], [-122.15039400019998, 37.111564999855254], [-122.15014800015267, 37.11138100008588], [-122.14994800013613, 37.11125799997127], [-122.14977599970868, 37.11115800035404], [-122.1496989997158, 37.111112999731006], [-122.14945100001867, 37.110998999752276], [-122.14920800034444, 37.1109060002458], [-122.14894800005342, 37.110822999850335], [-122.14810600015447, 37.110619999846165], [-122.1479549996434, 37.11055899994679], [-122.14781699955117, 37.11048200030905], [-122.14771199996916, 37.110392999736995], [-122.14722900009541, 37.109786999887106], [-122.14720099960802, 37.10974500012211], [-122.14696600032968, 37.10938100022803], [-122.14668199974923, 37.10903899983557], [-122.14638299999851, 37.10874099986418], [-122.14625800032502, 37.10864400007245], [-122.14608400024777, 37.10854000020211], [-122.14592100004113, 37.1084730001962], [-122.14568500003956, 37.10840399993572], [-122.14560499967364, 37.10839300029328], [-122.14623400003558, 37.10815099987554], [-122.14606900017914, 37.10798099970586], [-122.1459460001555, 37.10788699997075], [-122.14578799997173, 37.107809999765486], [-122.14556899968863, 37.107743999936595], [-122.14508099979199, 37.10774999985828], [-122.1448070001556, 37.1076730002301], [-122.14469199962957, 37.10762199975408], [-122.14453299962089, 37.10755200004221], [-122.14442999968873, 37.107469000269255], [-122.14411400021957, 37.10724900010305], [-122.14397000027951, 37.10715000032124], [-122.14369599974484, 37.106513000099305], [-122.1424899997978, 37.10452900016157], [-122.14243500044451, 37.10445200012458], [-122.14233300033729, 37.104198999759106], [-122.14243600026943, 37.103726999771915], [-122.14250700041454, 37.103456999947404], [-122.1425259997828, 37.10338800013244], [-122.1425459998743, 37.103314000146725], [-122.14258000020946, 37.10307300014738], [-122.14302700009823, 37.102567000106376], [-122.14334299956741, 37.1022259999323], [-122.14350300029929, 37.10205600007689], [-122.14369200044517, 37.10185300021754], [-122.14377500028587, 37.10176499972125], [-122.14393400029451, 37.10165500003182], [-122.14406999983862, 37.10156199979857], [-122.14423700024322, 37.10142000019278], [-122.14527099976279, 37.10054599970516], [-122.14542200027385, 37.10028300000802], [-122.14559399980297, 37.10011799969376], [-122.1457789997509, 37.09990400021432], [-122.14586800033767, 37.099732999951335], [-122.14593699993466, 37.099414999881496], [-122.14598499961524, 37.09926100007996], [-122.14601499975248, 37.09919900012729], [-122.14612299970752, 37.098985999706926], [-122.14628699973902, 37.098744000043226], [-122.14647300041017, 37.098540999906795], [-122.14657299996928, 37.09840500031591], [-122.146699000366, 37.09823400025201], [-122.14675399971927, 37.0981350001517], [-122.14683499991011, 37.09788200018346], [-122.14862599983817, 37.09551300020013], [-122.15094900004375, 37.09241099997563], [-122.15118900024325, 37.092284000058825], [-122.15129899984812, 37.09217999994027], [-122.15173099966826, 37.0917129997498], [-122.15175099975974, 37.091548000119225], [-122.15180699983624, 37.091109000151626], [-122.15181400040724, 37.0910040002428], [-122.15193700043089, 37.09090500001128], [-122.15210899996002, 37.090779000050674], [-122.15252099968866, 37.090420999883925], [-122.15261600012322, 37.09033999992782], [-122.1527330002991, 37.090175000174135], [-122.15282199998755, 37.08997200001034], [-122.15289800015553, 37.089840000025085], [-122.15298699984402, 37.089745999993156], [-122.15319299970832, 37.08958700030643], [-122.15334400021938, 37.089274000250484], [-122.15337799965626, 37.08892800009922], [-122.15342000038736, 37.08882900002211], [-122.15342000038736, 37.08875599978829], [-122.15342000038736, 37.08873500016938], [-122.15330300021148, 37.0879769999629], [-122.15321500034796, 37.08722399979494], [-122.15319400043153, 37.087004000314145], [-122.1531400000049, 37.08676300002947], [-122.15299600006483, 37.08652599980804], [-122.15289999980534, 37.086175000204946], [-122.15262600016896, 37.08587800026346], [-122.15244700006885, 37.08570699987782], [-122.15235800038036, 37.08555899969356], [-122.15230300012878, 37.08535600006516], [-122.15238599996947, 37.08508100010742], [-122.15244100022105, 37.08478400017903], [-122.15249599957431, 37.08413100013414], [-122.15253699958221, 37.083712999785156], [-122.15260600007748, 37.083488000163804], [-122.15275699969023, 37.08316900028532], [-122.15291499987399, 37.08299899995452], [-122.15333400017364, 37.08244899985558], [-122.15353900021306, 37.08224599978155], [-122.15390300026114, 37.08202600018551], [-122.15406800011756, 37.081888999889685], [-122.15429400007338, 37.0817410001341], [-122.15443100034072, 37.08163100004141], [-122.15455500018929, 37.0815049997131], [-122.15463700020506, 37.08133400021225], [-122.15463700020506, 37.081197000099195], [-122.15448700041723, 37.081031999791286], [-122.15441100024923, 37.08091699995069], [-122.15437699991404, 37.08079000012342], [-122.15439100015774, 37.08062499964636], [-122.15442499959462, 37.08037299973623], [-122.15422700012621, 37.07890000026025], [-122.15423399979892, 37.07855400005496], [-122.15433699973109, 37.077834000229174], [-122.15441299989907, 37.077647000158265], [-122.15472800044164, 37.077362000128915], [-122.1548380000465, 37.07721300034351], [-122.15487900005436, 37.077124999899794], [-122.15491400021448, 37.07682900013359], [-122.15513299959927, 37.076317999977704], [-122.15515400041399, 37.07595000007042], [-122.15507200039822, 37.07535599989144], [-122.15510699966, 37.075142000006764], [-122.15525099960004, 37.074823000129264], [-122.15532000009534, 37.07444399986281], [-122.15549599982243, 37.07421000004405], [-122.15599200011499, 37.07355399970418], [-122.1561979999793, 37.073344999686576], [-122.15661599955575, 37.07305999997225], [-122.1567810003105, 37.07286800034547], [-122.15685599975524, 37.072802000182335], [-122.15733600015427, 37.072555000061094], [-122.15752199992711, 37.072482999778536], [-122.15771400044606, 37.072367999872355], [-122.15784099976933, 37.0721790002211], [-122.15789199982295, 37.072104000001396], [-122.15822099971092, 37.07182399995929], [-122.15874999961544, 37.071510999666366], [-122.1588519997227, 37.07142299977271], [-122.15894899980708, 37.071233000045], [-122.15904500006656, 37.071048999802166], [-122.15925699977865, 37.07083499994767], [-122.15936700028182, 37.07063699971189], [-122.1593730001296, 37.0706069997397], [-122.15940800028972, 37.07044499968466], [-122.15942199963509, 37.070280000348056], [-122.1594359998788, 37.07019199974272], [-122.15949799980307, 37.070088000133765], [-122.15962800039773, 37.070006000065824], [-122.15988899961533, 37.06992900006996], [-122.1604989997107, 37.069797000304696], [-122.16062199973433, 37.069736999683855], [-122.16086199993386, 37.06952199981693], [-122.16095800019333, 37.06940200024294], [-122.16100000002612, 37.06930299975262], [-122.16104799970668, 37.06923099996646], [-122.16118499997405, 37.06914300029429], [-122.16179300041958, 37.06892900007901], [-122.1618710002374, 37.068901999854845], [-122.16203500026893, 37.06882500017166], [-122.16222699988953, 37.06869299991851], [-122.16237800040062, 37.06853900004959], [-122.16246100024128, 37.068401999754414], [-122.16252200034063, 37.0681160001876], [-122.1626250002728, 37.06795100008478], [-122.16281699989341, 37.06773700009014], [-122.16311900001722, 37.067550000206715], [-122.16341399956998, 37.06740199970002], [-122.16358500017255, 37.06721499970747], [-122.1636749996859, 37.066769999730305], [-122.16375000002898, 37.06662700023037], [-122.1639900002285, 37.06647900007305], [-122.16405899982546, 37.066396999687186], [-122.16407899991692, 37.06630900031091], [-122.16399699990119, 37.066138000229024], [-122.16400399957386, 37.06601100001932], [-122.1640110001449, 37.06587500011777], [-122.16429900002497, 37.065457000190484], [-122.16436099994927, 37.06530300020253], [-122.16435400027655, 37.064687999949285], [-122.16433400018508, 37.06458300000213], [-122.16414900023715, 37.06436899982377], [-122.16409399998558, 37.064269999932236], [-122.1639979997261, 37.06399500019289], [-122.16390900003762, 37.06362699998294], [-122.16384700011336, 37.06351700013462], [-122.16357299957865, 37.06335799991552], [-122.16352499989807, 37.06326999988094], [-122.16351800022538, 37.0631709999888], [-122.16389599961886, 37.062666000179576], [-122.16405999965038, 37.06255599965456], [-122.1642730000857, 37.0624899998365], [-122.16454000004941, 37.0624299998869], [-122.16527399999333, 37.062408000156275], [-122.16542499960605, 37.06236899990142], [-122.16624800013678, 37.062040000132924], [-122.16672799963746, 37.06189100035013], [-122.16709800043165, 37.06173200030723], [-122.16726300028807, 37.061682999730934], [-122.16743800019027, 37.06160799988474], [-122.16752299968076, 37.06157299993114], [-122.1677290004434, 37.061435999957425], [-122.16781800013186, 37.06131999978626], [-122.16787599985818, 37.06112199980124], [-122.16790000014763, 37.0610450001056], [-122.1679760003156, 37.060902999856715], [-122.16803800023987, 37.06080799977914], [-122.16809199976825, 37.060726999724665], [-122.168249999952, 37.06063900022239], [-122.16833199996776, 37.06062800009819], [-122.16859300008367, 37.060665999803525], [-122.1687920002753, 37.060682999986255], [-122.16890299970507, 37.060672999879266], [-122.16896999965223, 37.06066699981438], [-122.16952600021925, 37.06048499977248], [-122.16983400019079, 37.06047400034282], [-122.17019700041395, 37.060562000036484], [-122.17051299988313, 37.06059499971608], [-122.1711919995755, 37.06063900022239], [-122.17204900044138, 37.06039199991727], [-122.1722000000541, 37.060359000149376], [-122.17266600020942, 37.06030500004205], [-122.17298800042471, 37.0603269996656], [-122.17351599960598, 37.06041400023246], [-122.17379000014068, 37.0604750003562], [-122.17407800002078, 37.060589999656955], [-122.17469499978883, 37.06101399991745], [-122.17496199975254, 37.06124400029483], [-122.1750930001721, 37.061403999927926], [-122.17527100044732, 37.06168399972838], [-122.17535299956478, 37.06176600019112], [-122.17542899973276, 37.0617390002846], [-122.17559299976429, 37.06172300033544], [-122.1760659995923, 37.06176100020917], [-122.1761760000955, 37.0617390002846], [-122.17625100043855, 37.06167299975571], [-122.17640899972399, 37.06132699980164], [-122.17653900031866, 37.06123900027847], [-122.17663499967979, 37.06121700020247], [-122.17674500018296, 37.06122800024127], [-122.17700600029887, 37.06133799982443], [-122.17713000014743, 37.06141999994436], [-122.17724599960007, 37.06149699997625], [-122.17747199955588, 37.06169499969941], [-122.17776700000698, 37.06191500021943], [-122.1779650003737, 37.062052000044986], [-122.17812299965914, 37.0621180002441], [-122.17828800041389, 37.06214000005877], [-122.17841100043752, 37.062079999832335], [-122.17861700030186, 37.061837999894955], [-122.17878800000608, 37.06145399996809], [-122.17884999993035, 37.06119000010056], [-122.17882900001398, 37.06098099970324], [-122.17874699999818, 37.060722999684344], [-122.17869799959439, 37.06064200025597], [-122.17852799971509, 37.06036000016428], [-122.1784800000345, 37.06023400033358], [-122.17847300036182, 37.06012899995641], [-122.17852100004238, 37.06001399995688], [-122.17926900023001, 37.05906299986867], [-122.17935799991847, 37.05900300007619], [-122.17960499979067, 37.058915000007964], [-122.17987199975437, 37.05884899988979], [-122.1800500000296, 37.058772000037834], [-122.18013899971807, 37.05866799982511], [-122.1801189996266, 37.05854700024607], [-122.17972100014163, 37.058118000313904], [-122.17966599989003, 37.05803600020948], [-122.17961800020946, 37.057826999726196], [-122.17961200036169, 37.05770099999016], [-122.17968699980646, 37.0575630001416], [-122.17996800001384, 37.057168000174705], [-122.18024199965024, 37.05687099987976], [-122.18051000033715, 37.056595999844575], [-122.18073600029295, 37.056404000120715], [-122.18106500018092, 37.05616799970496], [-122.18168199994898, 37.05558500030075], [-122.18182599988904, 37.055338000031114], [-122.1819570003086, 37.05485500019329], [-122.1821759996934, 37.05439299996527], [-122.18232800002934, 37.054165999899645], [-122.18236099964132, 37.05411800026932], [-122.18238900012871, 37.05380000024919], [-122.18226500028017, 37.05292599983133], [-122.18234800012084, 37.05270099991063], [-122.18234100044815, 37.05260699971756], [-122.18230000044028, 37.05249699966402], [-122.1819160003007, 37.051882000272684], [-122.18179900012485, 37.051574000076585], [-122.18175800011699, 37.05138199983401], [-122.18147699990956, 37.05060700017186], [-122.18145000014538, 37.05029899982002], [-122.18132000044905, 37.04988200026158], [-122.1811549996943, 37.04940900027072], [-122.18104599991435, 37.049019000264956], [-122.18061400009421, 37.04819500016694], [-122.18044199966678, 37.04796999984268], [-122.1800929996873, 37.04762899997577], [-122.17971600011875, 37.04734899993207], [-122.17619399963881, 37.046806000037776], [-122.17351800015412, 37.04330500035331], [-122.174136999572, 37.04144699983841], [-122.1739039999435, 37.04104000023486], [-122.17386299993561, 37.04090400003076], [-122.17384899969193, 37.04085899999923], [-122.17385600026293, 37.040671999837336], [-122.17389399989774, 37.040556999750656], [-122.17392499985988, 37.04046300029238], [-122.1740870002416, 37.04019699997424], [-122.17422699998369, 37.03996799990537], [-122.17435099983223, 37.0398280002245], [-122.17445999961218, 37.039738000293326], [-122.17454900019898, 37.039650000114044], [-122.17515199972334, 37.039304000131416], [-122.17528200031798, 37.039133000138044], [-122.17555000010658, 37.039029000259895], [-122.17574199972722, 37.038874999696], [-122.17596799968302, 37.038804000015276], [-122.17662600035729, 37.03845799976268], [-122.17675600005362, 37.03831499996665], [-122.17685200031309, 37.038150000308605], [-122.17698899968214, 37.038013000354866], [-122.17719500044475, 37.037826000354], [-122.17726999988952, 37.03768899981568], [-122.1776339999376, 37.0372759996648], [-122.17446700018321, 37.035892999685274], [-122.172938000196, 37.035225000179494], [-122.16824199955607, 37.03317500017041], [-122.16766400014609, 37.032922999670916], [-122.16708699966267, 37.032670999769486], [-122.16518199993182, 37.03184000020501], [-122.16496799967157, 37.03174599999508], [-122.1632780000259, 37.031007999751644], [-122.16300000019153, 37.03088600013429], [-122.16272200035716, 37.030765000008614], [-122.1625619996253, 37.03069600001072], [-122.16240199979173, 37.030626000260575], [-122.16210200021607, 37.03049499994006], [-122.16180299956703, 37.0303640001108], [-122.16191899991799, 37.030312000280134], [-122.16211100043691, 37.030245999671514], [-122.1621590001175, 37.030219000025355], [-122.16274200044867, 37.03015300005306], [-122.16317400026881, 37.030053999987054], [-122.16357799960153, 37.02986199981722], [-122.16376300044777, 37.02968600013161], [-122.16392800030421, 37.02943299982419], [-122.1641400000163, 37.028994000298425], [-122.16432599978916, 37.028670000004496], [-122.16448300014798, 37.02850800005642], [-122.16492900021183, 37.028054000051945], [-122.16516900041135, 37.027868000353344], [-122.16535400035926, 37.02769699970801], [-122.16543300000197, 37.027645000202966], [-122.16568300024723, 37.027483000220236], [-122.1660740000595, 37.027323999808274], [-122.16623800009103, 37.02721899980027], [-122.16645099962804, 37.0269560003521], [-122.16708800038589, 37.02619200028632], [-122.1673419999308, 37.02577999975764], [-122.1674039998551, 37.025632000261574], [-122.16755500036612, 37.0252300000395], [-122.16767099981877, 37.02439500030117], [-122.16767800038977, 37.024225000217676], [-122.16772000022256, 37.0236810001194], [-122.16777399975093, 37.02348900033595], [-122.167925000262, 37.02313200005372], [-122.16800100042995, 37.02263099981196], [-122.16804900011053, 37.02244499974441], [-122.16816499956317, 37.022175000224266], [-122.16862499987073, 37.02115299972579], [-122.16898800009389, 37.02057100018701], [-122.16946799959459, 37.0198900000908], [-122.16956100037933, 37.01979600015419], [-122.16971500036513, 37.019642999871344], [-122.17055800008897, 37.018901000289404], [-122.17098999990911, 37.018538000156894], [-122.17150399974503, 37.01795000009779], [-122.171832999633, 37.01743999991137], [-122.1719459996109, 37.0172580002256], [-122.17215499984827, 37.0169230000821], [-122.17262799967628, 37.01636799997711], [-122.1728059999515, 37.01618699975517], [-122.1730799995879, 37.01603900022026], [-122.17329999969591, 37.01595599996717], [-122.17388899987488, 37.01581900014619], [-122.17436199970288, 37.015697999690566], [-122.17448499972656, 37.01561000034668], [-122.1749440002092, 37.01509900034133], [-122.17510200039294, 37.01488499979547], [-122.17534199969411, 37.01448399999245], [-122.17553400021305, 37.01419299998563], [-122.1756570002367, 37.014054999947845], [-122.17585600042834, 37.013747999713424], [-122.17628099967747, 37.01289599990727], [-122.17650699963328, 37.01254800012844], [-122.17661700013642, 37.0123790000073], [-122.17666499981704, 37.01219299994888], [-122.17666499981704, 37.01194000020316], [-122.17658299980125, 37.01175800025647], [-122.17649400011278, 37.01165999982876], [-122.17635000017275, 37.011598999930584], [-122.17623299999687, 37.011605000287254], [-122.17617500027058, 37.01158999975333], [-122.17602399975951, 37.011302999917596], [-122.17593000004818, 37.0110740002411], [-122.17587599962152, 37.01097599964879], [-122.1757049999173, 37.01078300008902], [-122.17552699964205, 37.010560000002265], [-122.17516000011923, 37.009845999646664], [-122.17509499982191, 37.00963400002194], [-122.17511599973831, 37.00938700018025], [-122.17517500018786, 37.00916300032974], [-122.17523200008927, 37.008876999913326], [-122.1753760000293, 37.00825800021059], [-122.17542500043312, 37.00813099999836], [-122.17550099970279, 37.008010000214405], [-122.17554699973356, 37.00787399968784], [-122.17558199989364, 37.007693000039055], [-122.17559199993937, 37.00735300007663], [-122.17567200030533, 37.00689199989919], [-122.17564499964283, 37.006589000166144], [-122.17558199989364, 37.00637200002232], [-122.17558100006872, 37.00619599972181], [-122.17574199972722, 37.00585700025269], [-122.17578799975794, 37.00568400024785], [-122.17577199986444, 37.00516800009697], [-122.17581600024539, 37.00500900033301], [-122.17588499984234, 37.00489199999655], [-122.17616799969957, 37.004606000010234], [-122.17649199956465, 37.004357000259624], [-122.17685099958986, 37.00416300035545], [-122.17723200025468, 37.00390200009527], [-122.1773829998674, 37.003778999950654], [-122.17750300041635, 37.003644999834854], [-122.17760299997543, 37.0035059999684], [-122.17769500003695, 37.003323999913896], [-122.17778000042577, 37.00308800022714], [-122.17784800019783, 37.00294900005974], [-122.17795600015286, 37.0028200001931], [-122.17812299965914, 37.00270799964195], [-122.17824599968277, 37.00262499989574], [-122.17838899979792, 37.00246399971481], [-122.1785059999738, 37.00226699981378], [-122.17854699998166, 37.00219999988773], [-122.17867500002818, 37.00202600010377], [-122.17885499995324, 37.00190599999597], [-122.17956499960772, 37.001571000336796], [-122.17997499968654, 37.00132199997217], [-122.18047500017704, 37.00100399980741], [-122.18044900023777, 37.00097799989306], [-122.18037100041998, 37.000900000096614], [-122.18034600030562, 37.000875000227694], [-122.18040900005481, 37.000860999809674], [-122.18059800020069, 37.00081899997497], [-122.1806619997748, 37.00080600034599], [-122.18068100004137, 37.00080200001822], [-122.1809150003931, 37.00077999964648], [-122.18097599959415, 37.00077499995241], [-122.18116100044038, 37.00071999970908], [-122.18125699980155, 37.0006320002414], [-122.18126400037255, 37.00058800011063], [-122.18123599988515, 37.00052699993615], [-122.18101900015016, 37.00036799979235], [-122.18092100024087, 37.00029699999075], [-122.18083900022512, 37.000191999940306], [-122.18062999998774, 36.99991699980427], [-122.18049000024565, 36.99973399967133], [-122.18129299978655, 36.99973800005529], [-122.18163799956805, 36.999741000343136], [-122.18222500009719, 36.99974399991343], [-122.18398900026106, 36.99975500025], [-122.18457699971681, 36.99975899991542]], [[-122.07300999998031, 37.003057000046674], [-122.07309000034624, 37.00324799975427], [-122.07200400004982, 37.00327799980747], [-122.07169000023048, 37.00328600020231], [-122.07091799975338, 37.00330799984883], [-122.06850400020951, 37.00337400018513], [-122.0674890000582, 37.00340200009308], [-122.06608999976731, 37.00344099979399], [-122.06528600040151, 37.00346700030088], [-122.06287699998218, 37.00354599966182], [-122.06207400044126, 37.003573000178314], [-122.06181699962502, 37.00357600031483], [-122.06104900024421, 37.0035890001876], [-122.06079300015118, 37.00359399969662], [-122.05981300015995, 37.00354599966182], [-122.05976600030426, 37.00354400028747], [-122.05873799973419, 37.003494000128036], [-122.0569359999355, 37.00340600028406], [-122.05687499983614, 37.003388000140404], [-122.05593199965483, 37.0031189996776], [-122.05528700029768, 37.00296500020036], [-122.05335300025449, 37.00250600007557], [-122.05270899982393, 37.00235400019715], [-122.05258099977743, 37.00229800031637], [-122.05219800036112, 37.002131999838134], [-122.05207100013949, 37.00207699985902], [-122.05185799970417, 37.001975999663394], [-122.0512200000197, 37.0016739997767], [-122.0510080003076, 37.00157399983488], [-122.05094999968297, 37.001505999942815], [-122.05094700020823, 37.00145800002463], [-122.0506840004425, 37.000960999971845], [-122.05049000027375, 36.999823000273224], [-122.05043400019724, 36.99901900011635], [-122.05044400024298, 36.99852300001626], [-122.05036499970196, 36.998479000099934], [-122.05027699983839, 36.99839999977865], [-122.05020800024144, 36.998290000120896], [-122.05018399995198, 36.99821600018331], [-122.05017300008133, 36.99811900034998], [-122.05015399981475, 36.997826999986444], [-122.0501370000963, 36.99754200009338], [-122.05014299994409, 36.997345000353484], [-122.05015800001273, 36.99724599986905], [-122.0501990000206, 36.997107999913595], [-122.05026599996773, 36.99693299982307], [-122.05052100023589, 36.99650800028397], [-122.05057700031236, 36.996400999743784], [-122.05066699982574, 36.996186999646675], [-122.05069799978787, 36.99608699966304], [-122.05072000042753, 36.99596499993543], [-122.05073399977287, 36.995834000121675], [-122.05073999962066, 36.99570300008231], [-122.05073399977287, 36.995574000118744], [-122.05070899965853, 36.99542200001435], [-122.05062300034312, 36.99506799965084], [-122.05052999955838, 36.99468500010939], [-122.05039900003713, 36.99396000014879], [-122.05037399992277, 36.99377300004911], [-122.05028500023431, 36.99321199986111], [-122.0502550000971, 36.99305399967263], [-122.0501990000206, 36.99283699964171], [-122.0501420001192, 36.99266899965547], [-122.05006199975324, 36.99246900034961], [-122.04940700035036, 36.99116499981725], [-122.04932299978645, 36.99096600035531], [-122.04927500010587, 36.99082199992241], [-122.04921999985429, 36.990596999686765], [-122.04869799962246, 36.98794300027689], [-122.0486159996067, 36.987533000269856], [-122.0483829999782, 36.98636799966129], [-122.04823800021325, 36.98564300006943], [-122.04818299996165, 36.985322000215746], [-122.04817499956575, 36.98520200029817], [-122.0481789997637, 36.98496000003214], [-122.048208000076, 36.98473799984054], [-122.04825999995457, 36.98449899970526], [-122.04833799977236, 36.98427099996028], [-122.04839499967376, 36.984147000051294], [-122.04844200042776, 36.984050000213074], [-122.04856799992614, 36.98383700011218], [-122.04871799971394, 36.9836330000326], [-122.0488890003165, 36.98344100025999], [-122.0490800001122, 36.9832619997627], [-122.04929000017451, 36.98309600006765], [-122.0495169999552, 36.98294600005763], [-122.05006400030138, 36.98262099973905], [-122.0498740003306, 36.982349999794074], [-122.04790400030241, 36.98006900012874], [-122.04759700015575, 36.979713000070234], [-122.05049899959624, 36.97901100007753], [-122.05050799981707, 36.97885899988446], [-122.05051700003791, 36.97872399997774], [-122.05048100005291, 36.97727999981458], [-122.05070799983363, 36.977231000002256], [-122.05088199991089, 36.97720400018006], [-122.05107000023187, 36.97718000009084], [-122.05130000038565, 36.97715800006221], [-122.05194399991788, 36.97711100024073], [-122.05214999978222, 36.97710200028686], [-122.05236099966939, 36.97710200028686], [-122.05257499992963, 36.977113000310084], [-122.05276400007553, 36.97713199988974], [-122.05292800010706, 36.977155000318795], [-122.05310300000923, 36.97716999975241], [-122.05352399995873, 36.97719700030432], [-122.05363100008884, 36.97720000004608], [-122.05375099973946, 36.97720400018006], [-122.05398099989321, 36.9772170002551], [-122.05418299955957, 36.97723599980879], [-122.05438900032222, 36.97726400001112], [-122.05461799975276, 36.977286999682676], [-122.05509499977875, 36.97730399987226], [-122.05529499979527, 36.97732300012182], [-122.05561899966037, 36.97738799965566], [-122.05579000026293, 36.97744300026668], [-122.0558880001722, 36.977483999704674], [-122.05594500007362, 36.977504999968346], [-122.05617600005229, 36.977617999989185], [-122.05632800038828, 36.97771100002654], [-122.05775899956785, 36.978638999860436], [-122.05812699981391, 36.978864999954524], [-122.05818700008837, 36.97892000021562], [-122.05832699983043, 36.97903199991983], [-122.05853100004497, 36.979207999942076], [-122.05865099969556, 36.97932399996249], [-122.05875799982567, 36.97943999980606], [-122.0588659997807, 36.97956699985892], [-122.05892100003229, 36.97964100000101], [-122.0589510001695, 36.97967900004601], [-122.05918399979801, 36.97997000012042], [-122.05925900014107, 36.98004799985505], [-122.05928799955508, 36.9800779997317], [-122.05934100015686, 36.98013299983359], [-122.05950900038633, 36.980284000000395], [-122.05982099965756, 36.98052600007039], [-122.05989299962759, 36.980582999826666], [-122.0599720001686, 36.98064800016379], [-122.06017899985785, 36.98081099985977], [-122.06037600039966, 36.98096499970963], [-122.060794999801, 36.981308999897934], [-122.0609999998404, 36.98147699985858], [-122.06118999981122, 36.981632999746104], [-122.06148199988927, 36.9818599998898], [-122.06178300018816, 36.98207799999085], [-122.06209500035767, 36.98228799973453], [-122.06243400029139, 36.982498999938905], [-122.06268100016358, 36.98263899977535], [-122.06281900025586, 36.982716999644246], [-122.06317499990801, 36.98289900022328], [-122.06442900043392, 36.98348500026558], [-122.06489700023906, 36.98373200029786], [-122.06531800018854, 36.9839760000536], [-122.065807999735, 36.98429699984613], [-122.06607999972157, 36.98449699983005], [-122.06639799973888, 36.984749000194974], [-122.06668099959612, 36.984991999986946], [-122.0670110002073, 36.985294000108375], [-122.06718100008659, 36.985466999863576], [-122.06746800014177, 36.98578299986084], [-122.0676229999525, 36.98596799967695], [-122.06769900012046, 36.98606399966407], [-122.06778600015909, 36.98617300022762], [-122.06794599999267, 36.98638999989719], [-122.06812799956757, 36.98665099999246], [-122.06830300036805, 36.986930999912815], [-122.0684330000644, 36.987172000105524], [-122.0685460000423, 36.987404000081874], [-122.06860200011879, 36.98753099975685], [-122.06871599992161, 36.987829999804255], [-122.06894900044844, 36.98836899985087], [-122.06902300006828, 36.98856299987013], [-122.06905499985531, 36.98864599989738], [-122.06911699977961, 36.98884100016698], [-122.06918499955167, 36.98910499973546], [-122.0692359996053, 36.98938399971858], [-122.06927699961317, 36.98964599981521], [-122.06930299955243, 36.98993200010632], [-122.06931799962106, 36.99040400005131], [-122.0693200001692, 36.990915999817354], [-122.06932199981901, 36.99108899970198], [-122.0693489995832, 36.99131900023336], [-122.06937200004774, 36.99143599993098], [-122.0694110004058, 36.991549000069156], [-122.06945499988842, 36.991631999708105], [-122.06948500002564, 36.99168299997725], [-122.06951400033795, 36.991731999809744], [-122.06963800018652, 36.991878000353516], [-122.0697369999207, 36.99197800013171], [-122.0697779999286, 36.992029000168905], [-122.06985300027166, 36.992165000340016], [-122.0698769996628, 36.992250999890096], [-122.0698830004089, 36.99230599980166], [-122.06987400018805, 36.99239300010239], [-122.069842000401, 36.9925130001559], [-122.06983599965493, 36.992539000094716], [-122.06982399995934, 36.99265899991789], [-122.06982800015732, 36.992696999918095], [-122.06983999985287, 36.992760999762226], [-122.06986699961706, 36.992829999769306], [-122.06995000035603, 36.992952999689], [-122.06999200018886, 36.99303199992918], [-122.07002800017386, 36.99312400031433], [-122.0700530002882, 36.99322399988925], [-122.07006800035681, 36.99330500020914], [-122.07006599980868, 36.9933829999041], [-122.07004999991516, 36.993497999658096], [-122.07002599962573, 36.99357000024529], [-122.06995500037893, 36.993692000227675], [-122.0699119998229, 36.99375099979609], [-122.06971299963125, 36.993994000247945], [-122.06951799963758, 36.99419399984839], [-122.06936799984976, 36.99437900001496], [-122.0693000000777, 36.99448300003512], [-122.06920399981824, 36.99467600008199], [-122.06912000015267, 36.99490499965087], [-122.06908300034274, 36.99505200000081], [-122.06897000036483, 36.99551300022664], [-122.06894100005249, 36.99559599984438], [-122.06891799958798, 36.99567900008898], [-122.06890199969443, 36.995757999649825], [-122.06889400019685, 36.995869000247374], [-122.06891699976306, 36.995992999702025], [-122.06892500015898, 36.996030000044], [-122.06894500025047, 36.99614699966896], [-122.06902999974098, 36.99661600009314], [-122.06908499999255, 36.99683099983463], [-122.0691150001298, 36.996990000200185], [-122.06912699982534, 36.99713300030361], [-122.06910500008402, 36.99726600028891], [-122.06905900005329, 36.997377000120125], [-122.06899200010615, 36.997498000326814], [-122.06889699967157, 36.99763600029196], [-122.06880700015819, 36.99779699993475], [-122.0687850004169, 36.99784899977775], [-122.06870599987587, 36.99804799988318], [-122.0686380001038, 36.99835900013353], [-122.06865300017242, 36.99870500008452], [-122.06872799961718, 36.99898000029942], [-122.06887199955722, 36.999297000218434], [-122.06910500008402, 36.99971499999688], [-122.06954100010213, 37.0007330000702], [-122.06967800036946, 37.000999000128076], [-122.06974799979136, 37.00109599987448], [-122.06985900011945, 37.00122299964386], [-122.06991500019593, 37.00126499997276], [-122.06994399960993, 37.001277000165], [-122.07027300039624, 37.00134999991841], [-122.07067099988117, 37.00142200024538], [-122.07083999993557, 37.00144499978747], [-122.0710180002108, 37.00145699995124], [-122.07123199957273, 37.00145800002463], [-122.07129900041821, 37.001453999731105], [-122.07145400022891, 37.001434999769096], [-122.07152399965081, 37.00143200026552], [-122.07159200032116, 37.00144000013713], [-122.0716729996137, 37.00146499982028], [-122.07175200015475, 37.001501999651865], [-122.07183300034559, 37.001551000331865], [-122.07190699996545, 37.00160499990268], [-122.07196300004195, 37.00165800008182], [-122.07204099985974, 37.001731000186844], [-122.07210000030928, 37.00179400025062], [-122.07219400002062, 37.00188399994374], [-122.07228199988415, 37.001987999743356], [-122.07239200038735, 37.002116000239624], [-122.0724950003195, 37.00224399980298], [-122.07271500042752, 37.00255600016739], [-122.07287500026109, 37.002804000021975], [-122.07300999998031, 37.003057000046674]]]}, "properties": {"ZCTA5": "95060", "GEOID": "95060", "NAME": "ZCTA5 95060", "AREALAND": 141277746, "INTPTLAT": "+36.9932001", "INTPTLON": "-122.0984003", "zcta": "95060", "place": "95060 Santa Cruz", "name": "ZCTA5 95060"}}, {"type": "Feature", "geometry": {"type": "Polygon", "coordinates": [[[-122.02157500006072, 36.97467300006488], [-122.02155900016719, 36.974480999930186], [-122.02155800034227, 36.974458000128244], [-122.0215530003194, 36.974418000206576], [-122.0215380002508, 36.97428100017186], [-122.02147299995347, 36.974073999724936], [-122.02140699983123, 36.97388599982275], [-122.02138699973973, 36.97376599981036], [-122.02149499969477, 36.97327399971898], [-122.02142299972476, 36.97328300012551], [-122.02111099955522, 36.97321299988571], [-122.02107299992039, 36.97342499986066], [-122.02069399980371, 36.97354100008448], [-122.02062799968147, 36.973401999739586], [-122.01985100007983, 36.97368399977675], [-122.01975200034563, 36.97348999985316], [-122.01919800032678, 36.97364799976912], [-122.01924699983226, 36.97376000005594], [-122.0186540003536, 36.973933999918266], [-122.01871299990485, 36.97406200026423], [-122.01869000033864, 36.97414100002828], [-122.01758599960054, 36.97470500004028], [-122.01742699959189, 36.97445300013918], [-122.01683900013616, 36.97467599990619], [-122.01632600012515, 36.97419100010912], [-122.0164409997529, 36.9741460000379], [-122.01635899973712, 36.9740959999275], [-122.0162299998657, 36.973847999755556], [-122.01607099985705, 36.973910999951066], [-122.01600599955971, 36.97378399978837], [-122.01595299985625, 36.97380500035545], [-122.01588699973402, 36.97367599985629], [-122.01587500003846, 36.9735430002476], [-122.01570000013626, 36.97273300019769], [-122.01624400010941, 36.9724199997573], [-122.01577299993122, 36.97132899988118], [-122.01567800039497, 36.97137100021123], [-122.01555299982317, 36.97113099996106], [-122.01550900034057, 36.97107200007373], [-122.01549500009688, 36.97105299969887], [-122.01484399999363, 36.970167999986494], [-122.01472500016793, 36.97000399997292], [-122.01464399997708, 36.96986900014732], [-122.01458200005278, 36.96964500015828], [-122.01434600005125, 36.96927499964917], [-122.01405599962301, 36.968848000321614], [-122.01388499991879, 36.968500999700645], [-122.01380799992592, 36.968475000159195], [-122.01368499990225, 36.96841599964859], [-122.01362800000085, 36.968380999810705], [-122.01356699990147, 36.968332999801724], [-122.01350499997719, 36.96826799971144], [-122.01347599966486, 36.96823500010818], [-122.01343300000718, 36.968162999945314], [-122.01337600010578, 36.968034999726854], [-122.01321799992203, 36.96769000002313], [-122.01315099997487, 36.96755399988083], [-122.01311199961681, 36.96748899984313], [-122.01301999955531, 36.96735799979721], [-122.01293599988972, 36.967245000332596], [-122.01278500027698, 36.96705300012088], [-122.01275199976668, 36.967011000279165], [-122.01257600003959, 36.96678999992712], [-122.01247599958216, 36.96660999992296], [-122.01239000026676, 36.96646200006333], [-122.01235799958141, 36.966392999826674], [-122.01232499996944, 36.96633200022078], [-122.01228599961138, 36.96628200000137], [-122.01222799988504, 36.966239999734285], [-122.01215599991504, 36.966201000337065], [-122.01262299989526, 36.96598200014863], [-122.01260700000175, 36.96594900027208], [-122.01255000010032, 36.965738999939596], [-122.01251800031329, 36.96567299996155], [-122.01249700039688, 36.96560399972752], [-122.01249599967363, 36.96553199994719], [-122.01250200041977, 36.96549700021879], [-122.0125889995601, 36.965184000168634], [-122.01257400038978, 36.96468399972336], [-122.01258199988737, 36.96411299974195], [-122.01257199984164, 36.96389899997182], [-122.01257400038978, 36.96386500006033], [-122.01275099994179, 36.9634910000314], [-122.01241600020603, 36.96349799973213], [-122.01208200029518, 36.963506000004585], [-122.01206499967842, 36.963197999675295], [-122.01200500030228, 36.96315599986009], [-122.01200500030228, 36.963088000076056], [-122.01195400024868, 36.96304000031854], [-122.01186800003494, 36.963109000005254], [-122.01186800003494, 36.96326000021463], [-122.0118420000957, 36.96343799981537], [-122.01178199982121, 36.96348000019273], [-122.01140500025267, 36.96348000019273], [-122.01101899956498, 36.96345399965423], [-122.01099400034892, 36.96343299982013], [-122.01000799961162, 36.96333199999031], [-122.00998199967235, 36.963318999696895], [-122.00988399976305, 36.96329500025366], [-122.00896200039647, 36.96323799975119], [-122.00894499977971, 36.963217999715845], [-122.00891499964249, 36.963206999837745], [-122.0086839996638, 36.963174000193916], [-122.00852499965514, 36.96316400016849], [-122.00847399960153, 36.96312200033453], [-122.00821699968358, 36.963095999673754], [-122.00812299997224, 36.96305399980234], [-122.00775399990131, 36.963021000092134], [-122.0077199995661, 36.96300000013867], [-122.0076340002507, 36.962986999788555], [-122.00709000027759, 36.96286799968296], [-122.00693999959144, 36.962865000094105], [-122.00688900043612, 36.96282300009521], [-122.00683800038252, 36.96281800005964], [-122.0067759995599, 36.96281200016005], [-122.00659099961197, 36.96279600018622], [-122.00653000041092, 36.96279100014887], [-122.0063660003794, 36.962776000034815], [-122.006337999892, 36.96277199986033], [-122.00627199976977, 36.962762999646465], [-122.0061350004007, 36.962693999646184], [-122.00605800040782, 36.96268099996162], [-122.00578700024617, 36.96261299975329], [-122.00577100035265, 36.96260900028804], [-122.00559700027537, 36.96258499990321], [-122.00517200012791, 36.9625259998521], [-122.00511500022652, 36.96251800019444], [-122.00492699990554, 36.962388000077176], [-122.0048669996311, 36.962388000077176], [-122.0047899996382, 36.962339999878424], [-122.00424099964219, 36.96221699999352], [-122.00385599967771, 36.96211500011334], [-122.0036420003158, 36.96199899970356], [-122.00339299989545, 36.96193100032168], [-122.00336699995621, 36.961950999977304], [-122.00315299969596, 36.961910999943036], [-122.00299899971016, 36.96183500003541], [-122.00287900005956, 36.96181500034936], [-122.00279299984585, 36.96179499994027], [-122.00274199979219, 36.96175300006892], [-122.00272900027174, 36.96107600026225], [-122.00247700037667, 36.96108800033457], [-122.0024940000951, 36.9613140001467], [-122.00126800005658, 36.96134400023012], [-122.00121700000297, 36.96129600009099], [-122.0011569997285, 36.96129600009099], [-122.00109599962911, 36.96135299989398], [-122.00109900000217, 36.96165800015483], [-122.0010730000629, 36.961846999988104], [-122.0009040000085, 36.961880000207096], [-122.00087399987129, 36.96188700005599], [-122.00055400020416, 36.96188600018013], [-122.0003530003627, 36.96188600018013], [-121.99991200032171, 36.961873000357606], [-121.99987399978856, 36.96188399971069], [-121.99983100013087, 36.96190499997198], [-121.99956099979414, 36.96192500035223], [-121.99930999972396, 36.961944000134345], [-121.99921600001262, 36.961966000253895], [-121.99912300012622, 36.961994000331615], [-121.99890999969088, 36.96210300020288], [-121.99874099963648, 36.96219800027953], [-121.99864699992516, 36.96223300008902], [-121.99853800014522, 36.962338000138644], [-121.99829299992281, 36.96253900028092], [-121.9982500002651, 36.96256700014792], [-121.99814399995991, 36.96258599976983], [-121.99806199994416, 36.96257599966723], [-121.99803199980693, 36.962556000175766], [-121.9979670004079, 36.9625259998521], [-121.99763900034485, 36.962311999927934], [-121.997517999971, 36.96221699999352], [-121.99750000042768, 36.96216899968695], [-121.99737800022893, 36.96202599989513], [-121.99706000021162, 36.96175399994647], [-121.99701400018085, 36.961713999808715], [-121.99690200002787, 36.96162499983958], [-121.99673899982125, 36.96161299985193], [-121.99668699994272, 36.961586000231655], [-121.99665299960753, 36.961558999884005], [-121.99663500006416, 36.961517999763174], [-121.99659999990408, 36.96119899983702], [-121.99658700038358, 36.96116799981118], [-121.99654300000266, 36.96110700032555], [-121.99649899962174, 36.96107399977153], [-121.99645199976605, 36.96103800026008], [-121.99631100019906, 36.96093100007659], [-121.99628600008472, 36.96091299993029], [-121.99626199979527, 36.96089999994164], [-121.99621300028979, 36.960873999957684], [-121.99618999982523, 36.96087100029023], [-121.99610899963439, 36.96083400007539], [-121.99608600006817, 36.960829999798925], [-121.99601699957289, 36.96079599995245], [-121.99594899980083, 36.960774000212645], [-121.99593100025749, 36.96076900004251], [-121.9958969999223, 36.960749000076405], [-121.99587099998303, 36.960743999904636], [-121.99580200038602, 36.96071500019381], [-121.99576700022594, 36.96069500021352], [-121.99574899978428, 36.96068900014663], [-121.99569899955557, 36.960675000228036], [-121.9956640002938, 36.96066900015956], [-121.9955870003009, 36.960628000277254], [-121.99553500042235, 36.96061500023995], [-121.99550899958477, 36.96060100030769], [-121.99541499987345, 36.96057500022163], [-121.99537999971334, 36.960555000204636], [-121.9953200003372, 36.96053500018232], [-121.9952509998419, 36.96050100020417], [-121.99503699958166, 36.96044100007896], [-121.99493600019764, 36.96043400009719], [-121.99484800033409, 36.96042899990473], [-121.99477999966372, 36.960443999763356], [-121.99461900000523, 36.9605560000979], [-121.99450100000446, 36.96063199984656], [-121.99442400001156, 36.96067400033626], [-121.99436899975997, 36.96068499986256], [-121.99428699974423, 36.96066900015956], [-121.99417499959122, 36.96060800027416], [-121.99409699977343, 36.96054399994175], [-121.99408300042803, 36.96052999999649], [-121.99402800017644, 36.96047199968297], [-121.99383700038072, 36.960323000197334], [-121.99375199999193, 36.960324000093664], [-121.99360700022697, 36.960334999670515], [-121.99330299955503, 36.96035900004677], [-121.99319600032322, 36.96035000026548], [-121.99305800023099, 36.960262000034746], [-121.9930449998122, 36.96014700028959], [-121.99304399998726, 36.960135000068966], [-121.99305800023099, 36.95998400012228], [-121.99308599982007, 36.95992400030751], [-121.993166000186, 36.95975199981086], [-121.99318200007951, 36.95968700028987], [-121.99316700001091, 36.95950500018752], [-121.99314899956926, 36.95948699970411], [-121.99314000024673, 36.95946299977082], [-121.99295000027595, 36.959289999758504], [-121.99292299961344, 36.959258999673324], [-121.99290500007011, 36.95915000003759], [-121.99290800044315, 36.95910499968806], [-121.9929619999715, 36.95897700003197], [-121.99298100023809, 36.95882200027817], [-121.9929619999715, 36.95871100018192], [-121.99295799977352, 36.958687999921864], [-121.99292299961344, 36.95865399983677], [-121.9928280000772, 36.95858000010583], [-121.99271699974912, 36.95859399969184], [-121.99264099958114, 36.95865000016356], [-121.99249300034144, 36.95876899968333], [-121.99231900026416, 36.958874000203], [-121.99225899998972, 36.958887999734905], [-121.9921240002705, 36.9589859999756], [-121.9920899999353, 36.95901999991241], [-121.99209199958513, 36.959117000071004], [-121.99199899969872, 36.95919299982033], [-121.99197299975945, 36.95920700001141], [-121.99191300038329, 36.9591939997315], [-121.99184399988802, 36.95915999987238], [-121.99181799994874, 36.95914000020148], [-121.99175799967428, 36.9591410001134], [-121.99157199990145, 36.959272999852274], [-121.99151300035024, 36.959287999938624], [-121.99148700041094, 36.95930900019819], [-121.99140200002215, 36.959343999899964], [-121.99136900041017, 36.95937200022413], [-121.9913009997398, 36.959396000186096], [-121.99120700002848, 36.9594149998815], [-121.99103700014918, 36.95951300016173], [-121.99101100020988, 36.959506000094585], [-121.99091699960024, 36.9595070000017], [-121.99080600017048, 36.959493999772995], [-121.99059699993312, 36.95952700029397], [-121.99048200030538, 36.959560000082874], [-121.99025999964923, 36.9595960002931], [-121.99018400037954, 36.95964499997357], [-121.99015000004435, 36.959680000238784], [-121.99010900003648, 36.959782999695385], [-121.9900820002723, 36.959958999726666], [-121.9900610003559, 36.96001800033129], [-121.98992599973836, 36.960159999688976], [-121.98977799960035, 36.96030699970047], [-121.98974900018635, 36.96033700018071], [-121.98965399975181, 36.9605239999166], [-121.98960699989615, 36.960650000059296], [-121.98957599993402, 36.96075199974867], [-121.98956599988826, 36.961233000221306], [-121.98958500015483, 36.96133599973053], [-121.98952599970531, 36.961384999726896], [-121.98947399982674, 36.96135100012829], [-121.98944600023766, 36.96122100017183], [-121.98940299968166, 36.96117299995511], [-121.98935800037411, 36.96107000022543], [-121.98933499990957, 36.961041999807854], [-121.98932400003892, 36.96102899984123], [-121.98930300012252, 36.9608159999062], [-121.98934599978024, 36.960536999969435], [-121.989363000397, 36.96050599967408], [-121.98937400026766, 36.960420000131656], [-121.98940400040487, 36.96021100023782], [-121.9894210001233, 36.960085999986006], [-121.98930800014541, 36.95999800016793], [-121.9892649995894, 36.959992000046164], [-121.98925200006892, 36.959992000046164], [-121.9892310001525, 36.959992000046164], [-121.9891879995965, 36.95999900006858], [-121.98908600038753, 36.96002800005209], [-121.98902600011309, 36.95999399984755], [-121.98901600006735, 36.9599320002377], [-121.98893400005157, 36.959870999761876], [-121.9888789998, 36.95990599992315], [-121.98887100030238, 36.959934000040654], [-121.9887950001344, 36.96000299967093], [-121.98876900019515, 36.960004000289274], [-121.98872599963912, 36.959970000074016], [-121.98871700031661, 36.95993499994209], [-121.98862199988206, 36.95986100002046], [-121.98848600033794, 36.95988300002405], [-121.98840900034504, 36.95989700008831], [-121.98833200035214, 36.95994600029295], [-121.98822199984897, 36.95998500002307], [-121.98818400021413, 36.95999000024473], [-121.98800000009112, 36.96001499991235], [-121.9879830003727, 36.96001800033129], [-121.98788899976303, 36.96004000028958], [-121.98770299999019, 36.96016599979755], [-121.98760900027888, 36.9601939998194], [-121.98748999955487, 36.96020099982329], [-121.98736099968343, 36.96021000034001], [-121.98730499960693, 36.96021100023782], [-121.98712999970473, 36.96021200013567], [-121.98699400016065, 36.960213999931284], [-121.98674100044066, 36.96019299992137], [-121.98661199967088, 36.96015199978275], [-121.98658200043198, 36.96014299997699], [-121.98643900031685, 36.96013400017016], [-121.98639199956287, 36.960127000160114], [-121.9862800003082, 36.960131999654635], [-121.98626299969143, 36.96013300027128], [-121.98623900030033, 36.9601490000869], [-121.98617800020095, 36.96015500019634], [-121.98615300008659, 36.96017100000728], [-121.986069000421, 36.960182000324004], [-121.98602199966702, 36.96020199972123], [-121.98595999974273, 36.96021499982904], [-121.98581800035082, 36.96019800012932], [-121.9856600001671, 36.960182000324004], [-121.98547100002122, 36.96019600033329], [-121.98544599990684, 36.960199000027345], [-121.98542599981535, 36.96020899972437], [-121.98538300015764, 36.96022299972866], [-121.985336000302, 36.96024999983225], [-121.98531299983745, 36.96024700014027], [-121.98525599993604, 36.96027400023535], [-121.98492500039826, 36.96022600013945], [-121.98476600038958, 36.96020600003072], [-121.984739999552, 36.960213000033455], [-121.98466500010724, 36.960175000318415], [-121.98423199956389, 36.96015600009488], [-121.98421999986832, 36.96015099988416], [-121.98408199977607, 36.96011900025041], [-121.98380499976662, 36.96004100018963], [-121.9835920002296, 36.95995099979931], [-121.98348199972644, 36.95988700035031], [-121.98344699956634, 36.95985900021558], [-121.98339399986291, 36.95978899983361], [-121.98333899961132, 36.959630999863016], [-121.98334000033454, 36.95959700019896], [-121.98338499964204, 36.959530999921114], [-121.98345699961207, 36.95945100016023], [-121.9836759998952, 36.95927900003075], [-121.98369199978875, 36.9592680003014], [-121.98380599959154, 36.95912999964624], [-121.98382900005608, 36.959084000090115], [-121.98374899969012, 36.958899000237025], [-121.98370400038259, 36.95882099964429], [-121.98369699981158, 36.95880999984879], [-121.98367099987233, 36.95878299995241], [-121.98367099987233, 36.95876200026562], [-121.98364400010816, 36.95872800021362], [-121.98361800016887, 36.95870699979388], [-121.98354899967357, 36.95865000016356], [-121.98328699973277, 36.95841199984835], [-121.9832540001208, 36.95838200004535], [-121.98317399975487, 36.95831899991817], [-121.98307300037087, 36.958239000319566], [-121.98303900003565, 36.958215999916895], [-121.98292100003488, 36.95813700013519], [-121.98289099989763, 36.9581239996726], [-121.98281399990476, 36.95807599965702], [-121.98277899974465, 36.95807700030073], [-121.98275799982825, 36.95806299990185], [-121.98258899977385, 36.95799100016842], [-121.98243300013826, 36.957925999862056], [-121.98228400017533, 36.9578630000754], [-121.98226300025894, 36.957854999927896], [-121.98208199961063, 36.95777100012247], [-121.98198700007441, 36.95771299986087], [-121.98196100013514, 36.95771399979153], [-121.98189199963986, 36.9576729997538], [-121.98185800020298, 36.95766700016661], [-121.98177199998923, 36.95762600010357], [-121.98171000006496, 36.957582000221436], [-121.98150400020064, 36.95743599990843], [-121.98146800021564, 36.95732699981674], [-121.98140700011626, 36.95725799991512], [-121.98119500040417, 36.957095999962824], [-121.98110499999251, 36.95704800001716], [-121.98098399961866, 36.95696699986072], [-121.98095799967939, 36.95696000027738], [-121.98085100044759, 36.95696499997983], [-121.98075400036322, 36.95703799990502], [-121.98070199958637, 36.95701100009814], [-121.98065899992865, 36.95697699998218], [-121.98065300008086, 36.95689100004323], [-121.98063700018734, 36.956870999776456], [-121.98062299994363, 36.95685400004799], [-121.98053599990499, 36.95678599966064], [-121.98034000008643, 36.95677400034604], [-121.9802620002686, 36.95676099965076], [-121.98014599991765, 36.956687000233764], [-121.97998600008408, 36.95655700021086], [-121.97969700037909, 36.95656900027749], [-121.97966100039406, 36.95655399965553], [-121.979622000036, 36.95652699967707], [-121.97925399979, 36.95623499975066], [-121.9792279998507, 36.956220999730974], [-121.97906100034446, 36.95621300012877], [-121.97897199975769, 36.95623800031855], [-121.97884399971116, 36.956266000349096], [-121.97879299965753, 36.95630100001385], [-121.97852099967098, 36.95638000026458], [-121.97843700000539, 36.956357999966784], [-121.97817599988947, 36.956203999857465], [-121.97804600019313, 36.95610199981868], [-121.97789899988004, 36.9559659997938], [-121.97789800005513, 36.95593199992907], [-121.97787200011588, 36.955912000128244], [-121.97784199997864, 36.95562299987153], [-121.97783100010798, 36.95542400005822], [-121.97772700035091, 36.955341999648425], [-121.97752399996132, 36.95524099985391], [-121.97732999979257, 36.955092000182646], [-121.97727299989114, 36.95503599996584], [-121.97726000037068, 36.955023999657634], [-121.97723400043141, 36.9549929999893], [-121.97691399986596, 36.95473800024747], [-121.97687799988094, 36.95462799991223], [-121.97678300034471, 36.95455399985836], [-121.97664600007734, 36.9545690001564], [-121.97655200036601, 36.95454200019203], [-121.97646500032738, 36.954480999705645], [-121.97645600010654, 36.95443300026532], [-121.97647200000009, 36.95435000024938], [-121.9765220002288, 36.95429500018033], [-121.97654700034315, 36.95421200001405], [-121.97657599975715, 36.95414600009402], [-121.97658099978001, 36.954105000288905], [-121.97658699962781, 36.954059999829546], [-121.97651800003084, 36.95400600024829], [-121.97647600019803, 36.95401999995729], [-121.97622199975483, 36.95420900008416], [-121.97620099983844, 36.954216999896865], [-121.97594899994334, 36.954251999785484], [-121.97588899966888, 36.954286999658], [-121.97585100003407, 36.95429800010683], [-121.97580800037636, 36.95428099980406], [-121.97577800023915, 36.954261000287474], [-121.97577599969098, 36.95413700029625], [-121.975707000094, 36.95408300005171], [-121.9756560000404, 36.95409699974656], [-121.97556300015397, 36.95415999977728], [-121.97549399965868, 36.95417400017585], [-121.9753320001753, 36.95419299973836], [-121.97528299977151, 36.95420900008416], [-121.97517900001442, 36.954233000237636], [-121.9748540003244, 36.95427000007059], [-121.97472700010277, 36.95431299973747], [-121.97463699969111, 36.95432800008296], [-121.97461699959962, 36.954341999732776], [-121.97459099966035, 36.95436199994591], [-121.97456499972108, 36.95439699976788], [-121.9744889995531, 36.95446000026827], [-121.97442099978105, 36.95446000026827], [-121.97426000012256, 36.95457899987488], [-121.97376399983, 36.95455699977462], [-121.97312899962029, 36.95439799974202], [-121.97304199958165, 36.95435000024938], [-121.97299899992395, 36.954336999858164], [-121.97291299971022, 36.95426900009472], [-121.9729119998853, 36.95421399996724], [-121.97285199961085, 36.95417400017585], [-121.97271699989163, 36.954292000253766], [-121.97268299955647, 36.954343999682536], [-121.97262400000523, 36.95439599979367], [-121.97251500022527, 36.95452799986118], [-121.9723970002245, 36.95469100022154], [-121.97217000044378, 36.95489600032046], [-121.97207800038227, 36.954971000008626], [-121.97197499955179, 36.955055999996716], [-121.97188199966536, 36.955115000093095], [-121.97181399989333, 36.95514699967608], [-121.97170299956524, 36.95517600007173], [-121.97160999967882, 36.955244999706174], [-121.97161100040202, 36.955294000032886], [-121.97161999972455, 36.955341999648425], [-121.97168099982392, 36.955403000163045], [-121.97165700043278, 36.955527000246605], [-121.97164099964095, 36.95556100029208], [-121.97160700020407, 36.95559600028089], [-121.97137000037762, 36.955790999821396], [-121.97134600008816, 36.9558950001857], [-121.97132199979872, 36.95595700021109], [-121.97117399966073, 36.95612999989924], [-121.9711369998508, 36.95618899988141], [-121.97068099974122, 36.95659600024102], [-121.97034299963241, 36.95686799995131], [-121.97021399976097, 36.95693399966595], [-121.97012699972237, 36.95698700010234], [-121.96997000026182, 36.95709899977899], [-121.96992800042904, 36.95711300035506], [-121.9698339998194, 36.957162000197656], [-121.96976600004734, 36.95717600004435], [-121.96954500011438, 36.95729599965017], [-121.96940799984705, 36.957357999970654], [-121.96939299977842, 36.95736600017042], [-121.96929099967117, 36.957422000109524], [-121.96919699995985, 36.95745699996083], [-121.96917199984547, 36.95747800000746], [-121.96902000040784, 36.957499000048344], [-121.96900000031636, 36.9575080001666], [-121.96895099991256, 36.95756300006872], [-121.96893400019412, 36.957596999923105], [-121.96886600042205, 36.95765299969234], [-121.96882399969095, 36.95768099992047], [-121.96874699969803, 36.957689000086305], [-121.96867999975089, 36.9577310000458], [-121.96865399981162, 36.95775200001686], [-121.96863000042052, 36.95782799969291], [-121.96855400025251, 36.95789000029803], [-121.96852800031324, 36.957904000010885], [-121.96850300019891, 36.957904000010885], [-121.96847700025964, 36.95792499993424], [-121.9683550000609, 36.958044999795405], [-121.96823200003722, 36.95815500021989], [-121.9681440001737, 36.95821100029662], [-121.96807999970129, 36.9582459997853], [-121.9680460002644, 36.95825299996821], [-121.9680119999292, 36.958273999795374], [-121.96773900011775, 36.958352000230526], [-121.96770599960745, 36.958373000030385], [-121.96767100034566, 36.958373999952315], [-121.96758699978179, 36.95842600018302], [-121.9675190000097, 36.95845799981042], [-121.96747999965164, 36.95846400005311], [-121.96744200001683, 36.95848599974254], [-121.96736500002392, 36.958508000143404], [-121.96733099968874, 36.958528999900246], [-121.96722100008388, 36.958556999806206], [-121.96712700037254, 36.95858600033891], [-121.96708499964143, 36.958614000223974], [-121.96701600004448, 36.95862799980373], [-121.96696599981577, 36.95866299981858], [-121.96692300015805, 36.95867700010709], [-121.96688899982286, 36.958697999817275], [-121.96681299965488, 36.958725999661155], [-121.96677900021801, 36.95874700007565], [-121.96670200022511, 36.958775999818165], [-121.96666799988992, 36.95879700021887], [-121.96660199976769, 36.95880899993253], [-121.96650700023145, 36.95885999995064], [-121.96646399967541, 36.958874000203], [-121.96643000023855, 36.958894999858856], [-121.96636199956816, 36.95891000001968], [-121.96625199996329, 36.958966000259], [-121.96620099990969, 36.958979999774044], [-121.9661669995745, 36.959001000118484], [-121.96602199980957, 36.95904000033265], [-121.9659840001747, 36.95905499974707], [-121.96588500044051, 36.95905900011683], [-121.96581699977013, 36.95904599981165], [-121.96571300001307, 36.95898500006165], [-121.96566199995944, 36.9589859999756], [-121.96562799962425, 36.9590129998], [-121.96561199973071, 36.959102999863326], [-121.96557900011877, 36.95913100027611], [-121.96549399972994, 36.95918700035291], [-121.96537900010223, 36.9592429996707], [-121.9652650002994, 36.95932700000579], [-121.96514499975049, 36.959446999811064], [-121.96514099955253, 36.95946500030393], [-121.96508799984908, 36.959535000265866], [-121.96503099994767, 36.95968700028987], [-121.96493800006125, 36.95976300018811], [-121.9648700002892, 36.959802000012], [-121.96474700026555, 36.959854999887845], [-121.96399900007789, 36.96046100012597], [-121.96389699997064, 36.96050999996761], [-121.96387100003138, 36.96050999996761], [-121.96381199958185, 36.96054499983523], [-121.96376899992414, 36.960559999671005], [-121.96349000026488, 36.96076200009084], [-121.96336700024123, 36.96082500035023], [-121.96304099982801, 36.96104799984693], [-121.96296499966003, 36.961110999869696], [-121.96296600038323, 36.96114500029327], [-121.9629839999266, 36.9612349999901], [-121.96302699958429, 36.96127600026332], [-121.9630619997444, 36.9613169997967], [-121.96307099996521, 36.96133700033136], [-121.96308799968367, 36.96135800002576], [-121.96311600017107, 36.96149500035099], [-121.96309100005672, 36.96155000024454], [-121.96295700016242, 36.961710000296236], [-121.96281300022238, 36.961841999888435], [-121.96282900011589, 36.962357999687306], [-121.9628149998722, 36.96250200015889], [-121.96276499964348, 36.9626059999712], [-121.96270600009224, 36.96270999964139], [-121.96267299958198, 36.96275800032474], [-121.96248699980912, 36.962918999853535], [-121.96241099964116, 36.96295400004932], [-121.9622669997011, 36.963037999879376], [-121.96223699956387, 36.96305200008132], [-121.96209699982178, 36.96315599986009], [-121.96206699968457, 36.96316400016849], [-121.96196200010259, 36.96324000018505], [-121.96191900044487, 36.9632550002077], [-121.96188500010969, 36.96327500023333], [-121.96178300000244, 36.963317999839894], [-121.96174000034472, 36.96332500027432], [-121.9616390000624, 36.9633810001377], [-121.96159600040468, 36.96338899970467], [-121.96157100029032, 36.96340899969505], [-121.96151100001589, 36.9634239996844], [-121.96148599990153, 36.96344500023876], [-121.96137499957344, 36.96348000019273], [-121.96129000008293, 36.96352199982921], [-121.96122999980848, 36.96353699979629], [-121.9611960003716, 36.96355800031943], [-121.96112000020362, 36.96357900011905], [-121.96101800009639, 36.96364899988777], [-121.96099299998201, 36.96368700002233], [-121.96096799986765, 36.96371100005979], [-121.96096000037004, 36.96373900021356], [-121.96091799963892, 36.963793999921684], [-121.9608420003693, 36.96387099987689], [-121.96083399997335, 36.963904999785754], [-121.96085800026279, 36.9640739999729], [-121.960880999829, 36.964172999844585], [-121.96089400024779, 36.96420400008243], [-121.96092100001201, 36.96434100031099], [-121.96089400024779, 36.96451699985517], [-121.96085300023992, 36.96461400018854], [-121.96081100040713, 36.96465599991714], [-121.96072699984323, 36.964762999890176], [-121.96048199962084, 36.96497499971446], [-121.96046499990243, 36.96500999968285], [-121.96043999978805, 36.96503800007663], [-121.96040899982592, 36.96510799993939], [-121.96042999974229, 36.965233999673664], [-121.96041999969657, 36.96526299981659], [-121.96030800044188, 36.965362000295386], [-121.96022300005306, 36.96541099985396], [-121.96016399960354, 36.96543299968946], [-121.96013000016666, 36.965453999689664], [-121.9600780002881, 36.96546099992768], [-121.96000200012016, 36.96550299990678], [-121.95993400034807, 36.965518000201335], [-121.95990900023372, 36.96553800035019], [-121.95979799990563, 36.965601000246465], [-121.95975600007284, 36.96561599980394], [-121.95961200013281, 36.965719999669005], [-121.95951000002553, 36.965770000257535], [-121.95919500038127, 36.96585499967538], [-121.95912199968804, 36.965880000288266], [-121.95907499983237, 36.96588699976936], [-121.95901600028114, 36.965897999978004], [-121.95883700018099, 36.965951999739474], [-121.95867499979929, 36.96601199982824], [-121.95844999966837, 36.96608600023144], [-121.95836000015501, 36.966098000231895], [-121.9582320001085, 36.966132999683985], [-121.9581340001992, 36.96616499966111], [-121.95801100017556, 36.96617000019463], [-121.95796000012193, 36.96620500033138], [-121.95793500000758, 36.966235999741805], [-121.95785800001468, 36.966301999949515], [-121.95778799969449, 36.96634100001275], [-121.95769700035619, 36.9663999999784], [-121.95768099956437, 36.9664209997118], [-121.95763799990667, 36.96645599973316], [-121.95762200001313, 36.96651799977248], [-121.95762299983804, 36.9665799997613], [-121.95769300015824, 36.96669599965106], [-121.95769399998316, 36.966717000020616], [-121.95770200037906, 36.966736999854476], [-121.95767700026472, 36.966765000330774], [-121.95767800008962, 36.96681299989298], [-121.95768700031046, 36.9668469999234], [-121.9578949998246, 36.96701699984785], [-121.95791300026629, 36.967120000145094], [-121.95787200025839, 36.9672099999563], [-121.95782200002968, 36.96727299990435], [-121.95782200002968, 36.96729300030989], [-121.95778000019688, 36.96733499999603], [-121.95772099974732, 36.967415000085985], [-121.9574010000802, 36.96768200019035], [-121.95734699965351, 36.96772500017874], [-121.95751599970792, 36.9678689998295], [-121.95784100029626, 36.96815299985746], [-121.95792400013693, 36.96822199993427], [-121.95783299990033, 36.96829300024962], [-121.95780500031123, 36.968315999761415], [-121.9575559998909, 36.96853399990633], [-121.9575349999745, 36.96856300022756], [-121.95750900003523, 36.96869699971217], [-121.95766800004388, 36.968685000121425], [-121.95777599999892, 36.96867800017987], [-121.9578660004106, 36.96866599986845], [-121.95798900043424, 36.96863899987851], [-121.95810400006197, 36.96860100006252], [-121.9581340001992, 36.96858799995111], [-121.95821399966684, 36.968556000274795], [-121.95823499958323, 36.96869999978898], [-121.95823499958323, 36.968739000059095], [-121.95827899996415, 36.968735000197924], [-121.95841299985845, 36.96872399968155], [-121.9584580000643, 36.96872100032337], [-121.95901299990808, 36.968672000024426], [-121.96067999998756, 36.96852699995089], [-121.96123599965627, 36.968479000034016], [-121.96196799995037, 36.9684089996823], [-121.96343199964025, 36.96826900022122], [-121.96331100016474, 36.968148000171944], [-121.96310299975227, 36.96794299986305], [-121.96298300010169, 36.967825000124606], [-121.96304400020105, 36.967772999853366], [-121.96309299970653, 36.96771299971707], [-121.96311699999599, 36.96766800012213], [-121.96312899969153, 36.96764700001493], [-121.96314899978304, 36.967577000333605], [-121.96315600035403, 36.96746799968654], [-121.9631699996994, 36.96740400009654], [-121.96319800018686, 36.96734299986522], [-121.9632109997073, 36.96732399999501], [-121.96323800036981, 36.96728700004522], [-121.96328900042344, 36.96723699973535], [-121.96335100034771, 36.96719599980123], [-121.96341999994466, 36.96716299973325], [-121.96349600011267, 36.967140999679934], [-121.96354399979325, 36.967132999789456], [-121.96362300033428, 36.96749900001815], [-121.96377700032008, 36.967498000216054], [-121.96462900026478, 36.96749699969614], [-121.96462900026478, 36.96737400024774], [-121.96462900026478, 36.96719199985904], [-121.96475599958805, 36.967194999995144], [-121.96479199957308, 36.967213999897545], [-121.96480599981676, 36.967246000138076], [-121.96489899970317, 36.967245000332596], [-121.96489899970317, 36.967321999668414], [-121.96489899970317, 36.967371999922435], [-121.96489899970317, 36.967466000081465], [-121.96489899970317, 36.96752300028937], [-121.96489899970317, 36.96756099992575], [-121.96489899970317, 36.96770599968614], [-121.96489899970317, 36.96785000009053], [-121.96489899970317, 36.96791199971226], [-121.96489899970317, 36.96797400000117], [-121.96489899970317, 36.96805199982991], [-121.96489899970317, 36.96813100009027], [-121.965088999674, 36.968114999798864], [-121.96564199986793, 36.96806899992923], [-121.96565000026385, 36.968431999876735], [-121.96540500004147, 36.96843499996398], [-121.96540599986639, 36.968506000080716], [-121.96502400027497, 36.968506999869575], [-121.9649000004264, 36.968506999869575], [-121.9649000004264, 36.96863999966562], [-121.9649000004264, 36.968655999846675], [-121.9649000004264, 36.96880600003484], [-121.9649000004264, 36.96898899993587], [-121.9649000004264, 36.96903899981268], [-121.9649000004264, 36.969172000114604], [-121.9649000004264, 36.969185999906266], [-121.9649000004264, 36.96934599970009], [-121.9649000004264, 36.96950500009958], [-121.9649000004264, 36.96969000001995], [-121.9649000004264, 36.9698739997198], [-121.9649000004264, 36.97003800001353], [-121.9649000004264, 36.97020100018726], [-121.9653020001093, 36.97019099964948], [-121.96533600044451, 36.970189999882685], [-121.96532999969841, 36.970277000355885], [-121.96533100042164, 36.97056199977413], [-121.96634599967464, 36.970555999767186], [-121.96634999987259, 36.97083600006717], [-121.96643199988836, 36.970838000301434], [-121.96730800012253, 36.97082799984735], [-121.96730800012253, 36.970925999791056], [-121.96739400033624, 36.97092500003397], [-121.96739400033624, 36.971086000233605], [-121.96739500016113, 36.971247000092724], [-121.96739599998605, 36.97131000028813], [-121.96739599998605, 36.97137199996245], [-121.96739599998605, 36.971408000329], [-121.96739599998605, 36.97141899973983], [-121.96739599998605, 36.9715640000458], [-121.96739699981097, 36.97170999982239], [-121.9673979996359, 36.97182400029872], [-121.9673979996359, 36.97193799988661], [-121.9673979996359, 36.97208899980817], [-121.96739900035911, 36.972240999887674], [-121.96740000018403, 36.97246700032287], [-121.96740000018403, 36.972693999820905], [-121.9673979996359, 36.97301999992649], [-121.96739599998605, 36.9731360000499], [-121.96739500016113, 36.97334600007103], [-121.96739599998605, 36.97352899982205], [-121.96739599998605, 36.973711999850686], [-121.96766299994974, 36.973713000288846], [-121.96775300036145, 36.973713000288846], [-121.96793099973833, 36.973714000009366], [-121.96855799955215, 36.97370800025084], [-121.96882600023909, 36.97370499965374], [-121.96918400043937, 36.97370300021251], [-121.9692499996633, 36.973701999774214], [-121.96945100040305, 36.97370100005354], [-121.96951800035022, 36.97370100005354], [-121.96970300029815, 36.973701999774214], [-121.96974000010805, 36.973701999774214], [-121.96988800024606, 36.97370300021251], [-121.97004999972944, 36.97370399993311], [-121.97021299993608, 36.97370499965374], [-121.97040899975465, 36.97370399993311], [-121.97042200017344, 36.97370399993311], [-121.97063200023571, 36.97370399993311], [-121.97059600025074, 36.973870000023396], [-121.97048800029567, 36.97436999969864], [-121.97045300013558, 36.97453700019891], [-121.97042299999833, 36.974670000223504], [-121.97012500007251, 36.97464300021035], [-121.96995799966793, 36.97462600014399], [-121.96992000003311, 36.974623000300724], [-121.96962399975709, 36.97598500022137], [-121.96961500043459, 36.976025999727234], [-121.97012199969947, 36.97607199981169], [-121.970221000332, 36.97608099988737], [-121.97051800043292, 36.97610800010802], [-121.97061799999203, 36.9761170001794], [-121.97057699998416, 36.97639400034193], [-121.97058700002987, 36.97676699973207], [-121.9707359999928, 36.97729099981202], [-121.97082499968126, 36.977279000140896], [-121.97085999984137, 36.97746500021291], [-121.97084999979563, 36.97786600007542], [-121.97081499963552, 36.97804899972205], [-121.97076399958188, 36.97817100019881], [-121.97068599976409, 36.978490999708235], [-121.9705669999384, 36.978978999759946], [-121.96961500043459, 36.978986999840636], [-121.9696160002595, 36.979643999646484], [-121.9696160002595, 36.97969399969974], [-121.96971900019167, 36.97969399969974], [-121.96971900019167, 36.9800110003497], [-121.97004499970659, 36.98000800000112], [-121.97005399992742, 36.98039700020002], [-121.96847200023674, 36.98040900009707], [-121.96804200006642, 36.98041300006235], [-121.96802199997495, 36.9795849999001], [-121.96800199988347, 36.9795849999001], [-121.96786399979119, 36.97958600026106], [-121.96779000017138, 36.97958699990443], [-121.96764899970606, 36.9795889999087], [-121.96684799981496, 36.979584000256764], [-121.96601699978667, 36.9795800002479], [-121.96556700042319, 36.97960699994468], [-121.96555200035456, 36.98110900014459], [-121.96549100025521, 36.98110900014459], [-121.96550399977568, 36.98190200014876], [-121.96551299999652, 36.98237100015001], [-121.9655180000194, 36.982721999807914], [-121.96559300036246, 36.982725999651535], [-121.9657230000588, 36.98273299973625], [-121.96647600026931, 36.982768999751606], [-121.96810700036377, 36.98284799980529], [-121.96868800014681, 36.98288199984856], [-121.96873699965231, 36.98288599968383], [-121.96935699979342, 36.98295100020624], [-121.969488000213, 36.9829629997005], [-121.96950599975632, 36.98296500033363], [-121.96956299965771, 36.98297299999518], [-121.9695819999243, 36.98297600022683], [-121.96971300034389, 36.982992999863], [-121.96987900002524, 36.98301700027149], [-121.97014699981384, 36.983058000293994], [-121.97061999964184, 36.98314400009448], [-121.97076500030512, 36.98317600009559], [-121.97105900003301, 36.98324099965271], [-121.97146200043912, 36.98332899986984], [-121.9716649999304, 36.98337899965432], [-121.97295600026622, 36.98369600002058], [-121.97347900032298, 36.983826000343456], [-121.97408299967226, 36.98397799994251], [-121.97429299973452, 36.98402999990559], [-121.97502400020372, 36.98420799973085], [-121.97624400039444, 36.984506000344425], [-121.9767349997658, 36.98463099996289], [-121.97784799982642, 36.98490400025823], [-121.97815300032326, 36.98497899980516], [-121.97879000018281, 36.985137999834194], [-121.97881600012208, 36.98514400012664], [-121.97889599958968, 36.98516400014131], [-121.9789230002522, 36.98517100000166], [-121.97945800000448, 36.98530299981088], [-121.9800019999776, 36.985438999809624], [-121.9810630001597, 36.98570399998455], [-121.98159799991198, 36.98583800014405], [-121.98161499963044, 36.985841999823904], [-121.98197100018089, 36.985934999855175], [-121.98294100012635, 36.98618800003623], [-121.9830919997391, 36.9862250001255], [-121.98346699965784, 36.986317000133674], [-121.9835079996657, 36.986326999987426], [-121.98351900043468, 36.98633000008681], [-121.98401200035418, 36.986452000201574], [-121.9851050003233, 36.98672299988588], [-121.9854919999376, 36.986819999903666], [-121.98598599968201, 36.986943000214374], [-121.98604799960628, 36.98695799987116], [-121.98612799997224, 36.98697800012644], [-121.98623500010235, 36.98700699987738], [-121.98629799985154, 36.98702500031103], [-121.98686000026635, 36.98715800003483], [-121.98693999973396, 36.9871769999764], [-121.98738099977491, 36.98726800000834], [-121.98776900011244, 36.987333999916096], [-121.98829800001695, 36.98740700013879], [-121.98857900022433, 36.98744699969049], [-121.98914499993877, 36.98751399969966], [-121.98946399978104, 36.987547999810246], [-121.9899349999592, 36.98760000020327], [-121.99087700031559, 36.987702999910915], [-121.99230500002045, 36.987861999986855], [-121.9930389999644, 36.98794399981041], [-121.99309500004091, 36.987949999881515], [-121.99341700025619, 36.98798500004781], [-121.99392000022141, 36.98802699979554], [-121.99397399974976, 36.988032000327756], [-121.99411500021506, 36.988040999706286], [-121.99463400007386, 36.988057999645754], [-121.99640599973533, 36.98808900020085], [-121.99723599993871, 36.98810400034915], [-121.9974329995822, 36.988106999660914], [-121.99756599965157, 36.98810799990987], [-121.99855900006159, 36.9881210002745], [-121.99889100032262, 36.988126000082985], [-121.99911399990538, 36.98812900011142], [-121.99918699970033, 36.988129999642545], [-121.99978299955197, 36.98813899972703], [-122.00000699985796, 36.988143000003404], [-122.0000379998201, 36.988143000003404], [-122.00013300025468, 36.98813399991939], [-122.0001650000417, 36.98814499978276], [-122.00018000011032, 36.98814499978276], [-122.00022600014108, 36.98814600003117], [-122.00024200003462, 36.98814700027962], [-122.00025799992811, 36.98814700027962], [-122.0003059996087, 36.98814700027962], [-122.00032300022546, 36.98814799981045], [-122.00093499997067, 36.98815800014112], [-122.00277399957928, 36.9881889999379], [-122.00338700004768, 36.98819999979332], [-122.00342499968251, 36.98819999979332], [-122.00354199985838, 36.98820200028873], [-122.00358100021643, 36.988202999818846], [-122.00438600030547, 36.98822700001879], [-122.00564599978085, 36.988266999856805], [-122.00680099967427, 36.98830799992011], [-122.00714299998104, 36.9883210002506], [-122.0076069995882, 36.98833800012745], [-122.0076969999999, 36.98834100014752], [-122.00796700033662, 36.98835000020704], [-122.00805699985, 36.98835399975482], [-122.00863599998323, 36.98837399964306], [-122.01037400020782, 36.98843700001013], [-122.01095400016597, 36.98845800012085], [-122.01141799977314, 36.98847499996708], [-122.01234500006092, 36.98850899964818], [-122.01281000039131, 36.9885269997264], [-122.01327499982341, 36.98854600004357], [-122.01331400018148, 36.98846199966296], [-122.01332699970196, 36.988427999960855], [-122.01336199986207, 36.98834100014752], [-122.01341100026586, 36.98819499998969], [-122.01344700025086, 36.988061999926394], [-122.01348099968773, 36.98793899998995], [-122.01355299965776, 36.98754600001524], [-122.0135960002138, 36.987315000013744], [-122.0136609996128, 36.98704700035691], [-122.01369199957496, 36.98694099968586], [-122.0137739995907, 36.98670999999984], [-122.01384800010887, 36.98655899967068], [-122.0138990001625, 36.98648400024635], [-122.01394699984306, 36.986428000159215], [-122.0139560000639, 36.986418999872235], [-122.01403200023188, 36.98635700025847], [-122.01426700040852, 36.98618999986698], [-122.0142720004314, 36.986116999911545], [-122.01425499981464, 36.985890999831405], [-122.0142389999211, 36.985575000282765], [-122.01428599977677, 36.985461000314196], [-122.0143850004093, 36.98532400006927], [-122.01450900025786, 36.98516599999899], [-122.01454299969474, 36.985110999947466], [-122.014568999634, 36.98505599985617], [-122.01458799990058, 36.985032999662735], [-122.01462100041084, 36.98499399984914], [-122.01462899990845, 36.984966000338666], [-122.01467199956616, 36.984911000142546], [-122.01470699972627, 36.98483599981106], [-122.01474100006146, 36.984801000348654], [-122.01474500025941, 36.98477699978537], [-122.01478399971914, 36.98473900013374], [-122.01480100033591, 36.984690999678065], [-122.01485300021444, 36.984622000180885], [-122.01487800032878, 36.98459500011102], [-122.01489500004723, 36.98454700028207], [-122.01494699992578, 36.984484999860214], [-122.01495600014661, 36.98445700016236], [-122.01504999985795, 36.98437099969337], [-122.01509199969075, 36.984339000194936], [-122.01540499968516, 36.98413699991094], [-122.01565800030347, 36.98394600027877], [-122.01588699973402, 36.983781000229236], [-122.01613500032946, 36.98357500010004], [-122.01634100019379, 36.98343600014356], [-122.01650100002735, 36.98330900009035], [-122.01684699963377, 36.983213000214604], [-122.01705699969605, 36.983169000051646], [-122.01741499989633, 36.98313899995854], [-122.01769199990575, 36.98308900001633], [-122.0179139996636, 36.98304000035682], [-122.01819800024406, 36.982971999678746], [-122.01851799991118, 36.98288599968383], [-122.01868500031577, 36.98279300023076], [-122.01880199959334, 36.98271900028379], [-122.01887600011149, 36.98262700023], [-122.01893100036308, 36.98242299977625], [-122.0189129999214, 36.98228799973453], [-122.01888199995926, 36.98219500026809], [-122.0188409999514, 36.982151000234], [-122.01829399960522, 36.982237000342124], [-122.01832399974244, 36.98242299977625], [-122.0183289997653, 36.98248200019236], [-122.01812200007608, 36.98250099986657], [-122.01798399998383, 36.982515000076766], [-122.01796100041759, 36.9824169999868], [-122.01793100028037, 36.982327000217694], [-122.01788699989943, 36.98222899988558], [-122.01785500011238, 36.9821680000545], [-122.01782400015024, 36.982107000174466], [-122.01774899980718, 36.9819839999383], [-122.01766099994362, 36.981852999724765], [-122.01757100043024, 36.98173199974348], [-122.01747500017079, 36.98161399985513], [-122.0173429999263, 36.98163400008019], [-122.01645599982153, 36.98176800023248], [-122.01600700028294, 36.981050000099], [-122.01609699979632, 36.98103399965306], [-122.01662099967797, 36.98094599965178], [-122.01694999956594, 36.9808899997937], [-122.01723499997127, 36.980843000124516], [-122.01750299975987, 36.98079500008119], [-122.01785500011238, 36.98073399981798], [-122.01814999966518, 36.98066999990102], [-122.01830299982603, 36.98062999965646], [-122.01842400019989, 36.98059200008639], [-122.01856099956889, 36.980541999905604], [-122.01864299958467, 36.980510999863064], [-122.01869600018644, 36.9804919996919], [-122.01876899998136, 36.98046199997848], [-122.01861800036863, 36.98023699995681], [-122.0184269996746, 36.98008300006875], [-122.01812500044913, 36.98000900035652], [-122.01771799984505, 36.97982399968461], [-122.01752700004931, 36.979675999684346], [-122.01743499998781, 36.97954000014794], [-122.01740999987344, 36.97938600028447], [-122.01742199956902, 36.9792689999934], [-122.01747799964552, 36.9790070000386], [-122.01762599978353, 36.978498999840184], [-122.01777999976932, 36.97798699974597], [-122.01791899968649, 36.977400000027245], [-122.01802699964153, 36.97708700012219], [-122.01808799974089, 36.976933000317715], [-122.01816200025905, 36.97680299969962], [-122.01824199972665, 36.976723000147324], [-122.01835499970457, 36.97664499987493], [-122.01847699990331, 36.976581000106954], [-122.01869399963827, 36.97646899966582], [-122.0188340002787, 36.97642900008348], [-122.01912800000657, 36.976415000188794], [-122.01901300037882, 36.97620900021049], [-122.01859300025427, 36.97527900004903], [-122.01828699993251, 36.975367000145205], [-122.01818900002321, 36.97514400025006], [-122.01808299971802, 36.97511599998531], [-122.01823400022909, 36.97498000019331], [-122.01852499958389, 36.9747199999568], [-122.0185909997061, 36.97467800003949], [-122.01868100011782, 36.9746319998301], [-122.01871799992774, 36.974619999739694], [-122.01879099972267, 36.974596999979816], [-122.01891499957124, 36.97457200007685], [-122.01903599994503, 36.974883000151], [-122.01916700036462, 36.97518300008899], [-122.01929399968792, 36.97549199970732], [-122.01946399956722, 36.97582400033776], [-122.01947699998604, 36.97584800013697], [-122.0196500002384, 36.97611200029934], [-122.01969100024627, 36.976175000055946], [-122.01974999979751, 36.97626000005499], [-122.01989499956244, 36.97613300022402], [-122.01999300037005, 36.97595399975763], [-122.02002400033219, 36.975712999912034], [-122.02005500029435, 36.97552800027803], [-122.02016599972409, 36.97537400018928], [-122.02030100034163, 36.975257000188506], [-122.02157500006072, 36.97467300006488]]]}, "properties": {"ZCTA5": "95062", "GEOID": "95062", "NAME": "ZCTA5 95062", "AREALAND": 13086263, "INTPTLAT": "+36.9739691", "INTPTLON": "-121.9898464", "zcta": "95062", "place": "95062 Santa Cruz", "name": "ZCTA5 95062"}}, {"type": "Feature", "geometry": {"type": "Polygon", "coordinates": [[[-122.01324800005925, 36.988603999773886], [-122.01327499982341, 36.98854600004357], [-122.01281000039131, 36.9885269997264], [-122.01234500006092, 36.98850899964818], [-122.01141799977314, 36.98847499996708], [-122.01095400016597, 36.98845800012085], [-122.01037400020782, 36.98843700001013], [-122.00863599998323, 36.98837399964306], [-122.00805699985, 36.98835399975482], [-122.00796700033662, 36.98835000020704], [-122.0076969999999, 36.98834100014752], [-122.0076069995882, 36.98833800012745], [-122.00714299998104, 36.9883210002506], [-122.00680099967427, 36.98830799992011], [-122.00564599978085, 36.988266999856805], [-122.00438600030547, 36.98822700001879], [-122.00358100021643, 36.988202999818846], [-122.00354199985838, 36.98820200028873], [-122.00342499968251, 36.98819999979332], [-122.00338700004768, 36.98819999979332], [-122.00277399957928, 36.9881889999379], [-122.00093499997067, 36.98815800014112], [-122.00032300022546, 36.98814799981045], [-122.0003059996087, 36.98814700027962], [-122.00025799992811, 36.98814700027962], [-122.00024200003462, 36.98814700027962], [-122.00022600014108, 36.98814600003117], [-122.00018000011032, 36.98814499978276], [-122.0001650000417, 36.98814499978276], [-122.00013300025468, 36.98813399991939], [-122.0000379998201, 36.988143000003404], [-122.00000699985796, 36.988143000003404], [-121.99978299955197, 36.98813899972703], [-121.99918699970033, 36.988129999642545], [-121.99911399990538, 36.98812900011142], [-121.99889100032262, 36.988126000082985], [-121.99855900006159, 36.9881210002745], [-121.99756599965157, 36.98810799990987], [-121.9974329995822, 36.988106999660914], [-121.99723599993871, 36.98810400034915], [-121.99640599973533, 36.98808900020085], [-121.99463400007386, 36.988057999645754], [-121.99411500021506, 36.988040999706286], [-121.99397399974976, 36.988032000327756], [-121.99392000022141, 36.98802699979554], [-121.99341700025619, 36.98798500004781], [-121.99309500004091, 36.987949999881515], [-121.9930389999644, 36.98794399981041], [-121.99230500002045, 36.987861999986855], [-121.99087700031559, 36.987702999910915], [-121.9899349999592, 36.98760000020327], [-121.98946399978104, 36.987547999810246], [-121.98914499993877, 36.98751399969966], [-121.98857900022433, 36.98744699969049], [-121.98829800001695, 36.98740700013879], [-121.98776900011244, 36.987333999916096], [-121.98738099977491, 36.98726800000834], [-121.98693999973396, 36.9871769999764], [-121.98686000026635, 36.98715800003483], [-121.98629799985154, 36.98702500031103], [-121.98623500010235, 36.98700699987738], [-121.98612799997224, 36.98697800012644], [-121.98604799960628, 36.98695799987116], [-121.98598599968201, 36.986943000214374], [-121.9854919999376, 36.986819999903666], [-121.9851050003233, 36.98672299988588], [-121.98401200035418, 36.986452000201574], [-121.98351900043468, 36.98633000008681], [-121.9835079996657, 36.986326999987426], [-121.98346699965784, 36.986317000133674], [-121.9830919997391, 36.9862250001255], [-121.98294100012635, 36.98618800003623], [-121.98197100018089, 36.985934999855175], [-121.98161499963044, 36.985841999823904], [-121.98159799991198, 36.98583800014405], [-121.9810630001597, 36.98570399998455], [-121.9800019999776, 36.985438999809624], [-121.97945800000448, 36.98530299981088], [-121.9789230002522, 36.98517100000166], [-121.97889599958968, 36.98516400014131], [-121.97881600012208, 36.98514400012664], [-121.97879000018281, 36.985137999834194], [-121.97815300032326, 36.98497899980516], [-121.97784799982642, 36.98490400025823], [-121.9767349997658, 36.98463099996289], [-121.97624400039444, 36.984506000344425], [-121.97502400020372, 36.98420799973085], [-121.97429299973452, 36.98402999990559], [-121.97408299967226, 36.98397799994251], [-121.97347900032298, 36.983826000343456], [-121.97295600026622, 36.98369600002058], [-121.9716649999304, 36.98337899965432], [-121.97146200043912, 36.98332899986984], [-121.97105900003301, 36.98324099965271], [-121.97107999994938, 36.98333399999329], [-121.9711019996907, 36.983425999909734], [-121.97111900030744, 36.983501000196135], [-121.97114500024672, 36.983690999920924], [-121.97119999959997, 36.98408800020885], [-121.97122899991231, 36.98457300007359], [-121.97121700021675, 36.98464499978106], [-121.97119200010239, 36.98467600029192], [-121.97108999999514, 36.98476299999143], [-121.97096299977353, 36.984857000198375], [-121.9709030003974, 36.98491999989031], [-121.97084499977275, 36.9849719999271], [-121.9708129999857, 36.98506200015513], [-121.97076699995493, 36.98516200028359], [-121.97075100006141, 36.9853370001921], [-121.97074500021363, 36.985395999783556], [-121.97076799977985, 36.985522999940635], [-121.97082999970412, 36.98564699975949], [-121.97087300026016, 36.985700999860484], [-121.97088199958269, 36.985735000063876], [-121.97090000002434, 36.985756000203025], [-121.97092599996361, 36.98581800030661], [-121.97096899962129, 36.985885000315456], [-121.97100499960632, 36.98594100008475], [-121.97104899998725, 36.98598800019253], [-121.97108400014736, 36.986050000107035], [-121.97111000008663, 36.9860769996605], [-121.97113600002588, 36.986139000220035], [-121.97124999982869, 36.98630299990557], [-121.97128599981372, 36.98642600033472], [-121.97127999996592, 36.986564000299396], [-121.97126300024748, 36.98658800029885], [-121.97111900030744, 36.98670999999984], [-121.97101800002511, 36.98678000002227], [-121.97086599968912, 36.986926000025775], [-121.97071400025149, 36.987050999973206], [-121.97062899986267, 36.98710700031929], [-121.97050599983902, 36.98716299990662], [-121.97045800015846, 36.987198999978325], [-121.97042499964817, 36.98722599984155], [-121.97028200043135, 36.98736500004873], [-121.97026599963954, 36.98740700013879], [-121.970249999746, 36.98751000010771], [-121.97024399989822, 36.987702999910915], [-121.97024700027124, 36.98772400022428], [-121.9695800002745, 36.987601999996905], [-121.969552999612, 36.9875949996427], [-121.96954099991643, 36.98763900011593], [-121.96951199960411, 36.987749000111435], [-121.96950800030447, 36.98784800004315], [-121.96952199964984, 36.98794600031255], [-121.9695400000915, 36.98800999984918], [-121.96968099965852, 36.98827499967838], [-121.96969499990223, 36.988300000102], [-121.96970300029815, 36.9883210002506], [-121.96974799960567, 36.98844700030274], [-121.96975500017668, 36.98846700016653], [-121.96981499955281, 36.98860999979294], [-121.96989900011671, 36.98885900016664], [-121.96992199968292, 36.98895800008879], [-121.96993699975155, 36.98907000008452], [-121.96994299959935, 36.98916100000448], [-121.96993099990377, 36.98926000025106], [-121.96992400023106, 36.98930799997633], [-121.96992099985803, 36.989327000098406], [-121.96990999998738, 36.98942799987456], [-121.96990400013958, 36.98950199975327], [-121.96990699961432, 36.98955599998786], [-121.96990800033753, 36.989579999760856], [-121.96992900025393, 36.989679999690374], [-121.96994099994951, 36.989716000005885], [-121.96997399956149, 36.98977000008854], [-121.9700530001025, 36.9898680000342], [-121.97011300037694, 36.989975999945294], [-121.97013900031624, 36.99004199965597], [-121.97016799973024, 36.99015199976408], [-121.97018100014903, 36.99029199986725], [-121.97017500030124, 36.990379000319216], [-121.97016000023262, 36.990455999926915], [-121.97012699972237, 36.990570999801605], [-121.9700310003612, 36.99082199992241], [-121.96999600020109, 36.990963999932646], [-121.96998600015536, 36.99104000017277], [-121.9699829997823, 36.991103999976254], [-121.96998199995741, 36.99117799965945], [-121.96999399965296, 36.99124099985654], [-121.97003600038407, 36.99136299998744], [-121.97006499979807, 36.991419000029005], [-121.97010400015613, 36.991463999930076], [-121.97015400038484, 36.99152699989032], [-121.97020600026337, 36.99158100012222], [-121.97026900001256, 36.991630000020415], [-121.9705250001056, 36.991795999748454], [-121.97069199961187, 36.991928000259044], [-121.97078600022152, 36.99202200022212], [-121.97083800010004, 36.992088000309906], [-121.9708980003745, 36.99220400006462], [-121.97094199985713, 36.99232899994857], [-121.97095100007795, 36.99240500025975], [-121.97095000025305, 36.992516000011314], [-121.97094000020729, 36.99257400030187], [-121.97092299959056, 36.99263000016931], [-121.97085300016867, 36.99275900010423], [-121.97081100033589, 36.992853999944245], [-121.97076600013004, 36.99307300029396], [-121.9707569999092, 36.99312199994843], [-121.97075199988633, 36.993304000028516], [-121.97077399962762, 36.99348299985597], [-121.9707779998256, 36.993668999775515], [-121.97077100015291, 36.99379800010055], [-121.97075600008428, 36.9939209998897], [-121.97073000014504, 36.9940310001276], [-121.97068800031225, 36.99416300034653], [-121.97058200000703, 36.9943980003052], [-121.9705669999384, 36.994437999767904], [-121.97046700037929, 36.99469800006736], [-121.97041100030278, 36.99491800028872], [-121.97038700001336, 36.995050999843215], [-121.97037600014269, 36.99517200016367], [-121.9703560000512, 36.99539600034367], [-121.97036600009696, 36.99552499989171], [-121.97038899966317, 36.99562600004698], [-121.97045499978542, 36.9958480000304], [-121.97066300019787, 36.99638300009407], [-121.97077700000068, 36.996621000060685], [-121.97086300021442, 36.99683599978804], [-121.97089599982637, 36.996933999955964], [-121.97091500009294, 36.99704099974616], [-121.97091400026805, 36.997073000358206], [-121.9707929998942, 36.99733200013055], [-121.97076899960477, 36.99738599982788], [-121.97065399997703, 36.997572999652704], [-121.97062899986267, 36.997623000118786], [-121.97057500033432, 36.99783500023741], [-121.970510000037, 36.99803499978043], [-121.97044200026491, 36.99824000009341], [-121.97040899975465, 36.99838199988466], [-121.97039600023417, 36.99845699977351], [-121.97039600023417, 36.99848999990208], [-121.97045599961031, 36.998878000187055], [-121.97046499983115, 36.998961999825326], [-121.97046300018134, 36.99901300020101], [-121.97041499960244, 36.99919200022187], [-121.97027499986035, 36.999539000068175], [-121.97023100037774, 36.999675999819544], [-121.97151299959444, 36.99986499994067], [-121.97122399988945, 37.003656000324376], [-121.9710809997743, 37.005534000306504], [-121.97094600005508, 37.00629500003065], [-121.97440700043565, 37.007086000012684], [-121.97454200015487, 37.010292999726104], [-121.97582500009477, 37.010990000355974], [-121.97636700041808, 37.01078300008902], [-121.97731899992192, 37.0104209998681], [-121.97799299959138, 37.01016500008594], [-121.97853599973958, 37.009958999685566], [-121.97869399992335, 37.009713000147464], [-121.97881399957394, 37.00952400011899], [-121.9788389996883, 37.009493999661345], [-121.97888200024431, 37.00944199989208], [-121.9790000002451, 37.00934000018626], [-121.97904700010078, 37.009298999984644], [-121.9791149998728, 37.00920000000149], [-121.97912200044384, 37.008989999958125], [-121.9791280002916, 37.00879299975213], [-121.97919699988857, 37.00862799980573], [-121.97923899972137, 37.00856900030311], [-121.97934800039964, 37.00841700035228], [-121.97945700017956, 37.00826600008127], [-121.97956699978442, 37.00816100027661], [-121.97958699987592, 37.0081170001992], [-121.97968800015828, 37.00800500027845], [-121.97992300033489, 37.007744000296796], [-121.9800019999776, 37.007674000201554], [-121.98011400013061, 37.007573000268145], [-121.98025100039794, 37.00742999971392], [-121.98035400033011, 37.00730400026681], [-121.98049099969914, 37.00716599991531], [-121.98052500003436, 37.00710599999624], [-121.98071599983005, 37.006928999959065], [-121.98111000001535, 37.00670000001678], [-121.9813329995981, 37.006699000012354], [-121.98176500031656, 37.00647700014613], [-121.98241100039694, 37.00610500009953], [-121.98266099974389, 37.006061000266726], [-121.9827109999726, 37.006090999927245], [-121.98276899969892, 37.00611000016041], [-121.98283099962319, 37.006116000233085], [-121.9828930004458, 37.006108000136074], [-121.98293199990553, 37.00609599998905], [-121.98297399973832, 37.006099000026], [-121.9828880004229, 37.00668299994029], [-121.98289500009561, 37.00693099996176], [-121.9829150001871, 37.007011000027525], [-121.98314600016579, 37.007551999696986], [-121.98331299967204, 37.00787699965462], [-121.98365599980372, 37.00844199989314], [-121.98386699969092, 37.008788999844626], [-121.98423599976184, 37.00927000012611], [-121.98443099975552, 37.00957099999919], [-121.98449100002999, 37.009650000190184], [-121.98454299990851, 37.00972800033454], [-121.9845139995962, 37.009848000290006], [-121.98448600000712, 37.00999399976513], [-121.98447500013646, 37.01015299986205], [-121.98448000015934, 37.010273999821166], [-121.98448299963407, 37.01033699997856], [-121.98447699978628, 37.01055600018775], [-121.98450400044878, 37.01125700033556], [-121.98452500036515, 37.01133900003894], [-121.98456600037305, 37.01141499999993], [-121.9847119999629, 37.01163699979058], [-121.98479999982648, 37.01179500009959], [-121.98480800022239, 37.011851000157534], [-121.9847949998036, 37.01189700009739], [-121.9847670002145, 37.011922999863955], [-121.9847119999629, 37.01195499995073], [-121.98463800034308, 37.01198700002397], [-121.98446599991561, 37.012051000130086], [-121.98442400008283, 37.01207400004297], [-121.98440399999136, 37.01211099973229], [-121.98438300007496, 37.012405000326254], [-121.98438999974763, 37.012439000067836], [-121.98440999983912, 37.01247000000884], [-121.98475100032095, 37.01278100008243], [-121.98476899986433, 37.01282900002426], [-121.98485799955277, 37.013068999995866], [-121.98487400034462, 37.013126999672046], [-121.98486799959852, 37.01317300027417], [-121.9848440002074, 37.01321599965799], [-121.98479700035172, 37.01325500006227], [-121.98475899981858, 37.01328100008152], [-121.98470500029025, 37.01330400033948], [-121.9843720002043, 37.013370999803726], [-121.98427099992197, 37.01337799993707], [-121.98417899986046, 37.01337400027085], [-121.98405300036207, 37.013353999784684], [-121.98372799977372, 37.0132569998985], [-121.98361499979582, 37.01323600018048], [-121.98349599997016, 37.013237000098854], [-121.98340499973354, 37.01325099967226], [-121.9833079996492, 37.01329999995206], [-121.9832370004024, 37.013353999784684], [-121.98316500043236, 37.01342000000621], [-121.98315399966339, 37.0134590003058], [-121.98316999955689, 37.013536000213186], [-121.98317399975487, 37.013579000108884], [-121.98316299988423, 37.01386200031674], [-121.98314899964049, 37.01395800023909], [-121.98312699989921, 37.01401500004599], [-121.98303200036297, 37.014145000188044], [-121.9829290004308, 37.014305000112735], [-121.98289500009561, 37.01438899992048], [-121.98289199972255, 37.01444099989152], [-121.98290500014134, 37.014492999826984], [-121.9829729999134, 37.01460999973099], [-121.98300100040083, 37.014641000221026], [-121.98305499992918, 37.01467800009517], [-121.9831190004016, 37.01470299972856], [-121.98318999964839, 37.01471400005236], [-121.9832609997935, 37.01470999973921], [-121.98335500040314, 37.014683000309454], [-121.9837110000553, 37.014564999899584], [-121.98398499969169, 37.01447699996098], [-121.9840559998368, 37.01447400025471], [-121.9841250003321, 37.01448499989441], [-121.98418800008129, 37.01451000030854], [-121.98421599967037, 37.01452999977318], [-121.98423999995981, 37.014548000147634], [-121.98427900031787, 37.014594999790184], [-121.98430100005919, 37.01464900013719], [-121.98430500025714, 37.014705000244], [-121.98429799968613, 37.014742000087026], [-121.98393899966092, 37.01588000024357], [-121.98393100016334, 37.016131000023194], [-121.98392000029268, 37.01617100024583], [-121.98381999983526, 37.01636500034549], [-121.98380599959154, 37.016420000028546], [-121.98378999969802, 37.01681200009848], [-121.98382200038338, 37.01747599999459], [-121.98382800023117, 37.01760799967576], [-121.98379999974375, 37.017813000285514], [-121.9837820002004, 37.01790099994722], [-121.98377800000246, 37.017990999935954], [-121.98383400007894, 37.01839699985115], [-121.98395200007971, 37.01908300034329], [-121.98395299990463, 37.019157000051365], [-121.98393199998824, 37.01936100023043], [-121.98393100016334, 37.0193740002725], [-121.98393700001111, 37.01954299989971], [-121.98393500036127, 37.01980500007684], [-121.983942000034, 37.01985100022278], [-121.98397200017122, 37.019921999691675], [-121.98401700037707, 37.019991999981976], [-121.98417999968537, 37.02020199974871], [-121.98421599967037, 37.02027199978105], [-121.98426500007419, 37.02041199965226], [-121.98429199983835, 37.02051999992997], [-121.98429299966327, 37.0205470001547], [-121.98428299961752, 37.020628000054096], [-121.98426099987621, 37.020716999861705], [-121.98426500007419, 37.02076700016729], [-121.98428599999055, 37.020799999934894], [-121.9843250003486, 37.02083000023285], [-121.9843799997019, 37.020858000165525], [-121.98456600037305, 37.02087099995145], [-121.98474600029812, 37.02089499988146], [-121.9849019999337, 37.02092599995911], [-121.98492000037537, 37.02092999994502], [-121.98508799970656, 37.020977999760134], [-121.98526299960875, 37.02104099965074], [-121.9854290001884, 37.0211150003208], [-121.98558099962604, 37.021197999959185], [-121.98571600024358, 37.02128699981633], [-121.98580499993206, 37.02135800009497], [-121.98588299974985, 37.02143199973903], [-121.98594200019939, 37.02150200007261], [-121.9859990001008, 37.021584000196874], [-121.98607000024592, 37.02171100016217], [-121.98612700014732, 37.02182799971078], [-121.98622699970643, 37.02202899976525], [-121.9863520002782, 37.02230599983233], [-121.98637999986731, 37.02236800025798], [-121.98639900013387, 37.02243399982258], [-121.98641000000453, 37.02250399995011], [-121.98641199965436, 37.022574999808654], [-121.98640499998166, 37.02264400001169], [-121.98639099973796, 37.02271200035838], [-121.98636999982158, 37.02277100035673], [-121.9863360003847, 37.02284199996579], [-121.98629299982868, 37.02291499980773], [-121.98623500010235, 37.02298900008686], [-121.98596499976563, 37.02325600022339], [-121.98577899999277, 37.0234630002234], [-121.98569500032718, 37.02356900018515], [-121.98563199967968, 37.02367599978006], [-121.98555100038715, 37.023877999743995], [-121.98551500040215, 37.02395300029688], [-121.9854779996939, 37.02401100027207], [-121.98540999992184, 37.02409299983984], [-121.98537300011189, 37.0241520002001], [-121.98536600043921, 37.02417500003632], [-121.98537300011189, 37.024194999825966], [-121.9853930002034, 37.02421699987529], [-121.98542099979251, 37.02423699965387], [-121.98545199975464, 37.02424899980532], [-121.98549000028777, 37.024257000144345], [-121.98553100029565, 37.02426000018157], [-121.9855709995803, 37.024255999653775], [-121.98561099976328, 37.02424499999411], [-121.98564300044865, 37.02422999980367], [-121.98567199986266, 37.02420399994473], [-121.98573499961185, 37.024124999822114], [-121.98581499997778, 37.0239519998023], [-121.98584699976485, 37.02389800032904], [-121.98589100014577, 37.02385600031371], [-121.9859430000243, 37.02383299966363], [-121.98603699973563, 37.02382199994272], [-121.98610500040603, 37.023827000272455], [-121.98617400000298, 37.02384400010013], [-121.98633300001163, 37.023896999833674], [-121.98640900017963, 37.02391299986781], [-121.9865120001118, 37.02392500007044], [-121.98655899996746, 37.02391399964569], [-121.98658800027978, 37.02390299993655], [-121.98662300043988, 37.02388200029175], [-121.98668600018904, 37.02383400015979], [-121.98673999971741, 37.02378200016189], [-121.98678499992326, 37.02372000017306], [-121.98689299987826, 37.02354399988273], [-121.98698300028998, 37.02343099996227], [-121.98702500012278, 37.023387999903974], [-121.98708799987197, 37.02334700010925], [-121.9872440004059, 37.02327700004123], [-121.98728500041378, 37.023266000239815], [-121.98733200026943, 37.023264999736185], [-121.98740400023947, 37.02328099990342], [-121.98746500033882, 37.023310999938865], [-121.98751700021737, 37.023357999898884], [-121.98753200028598, 37.02338300026251], [-121.98753800013377, 37.02340499982982], [-121.98750999964636, 37.023580999724956], [-121.98743900039958, 37.02383400015979], [-121.98741799958486, 37.02393800004879], [-121.98740900026233, 37.02409400033256], [-121.98741299956197, 37.0241509997081], [-121.98742299960773, 37.02419600031734], [-121.98745299974495, 37.02426000018157], [-121.98748500043031, 37.02429100032059], [-121.98751300001939, 37.02431799992237], [-121.98759599986009, 37.02437499984703], [-121.98769299994446, 37.02440899997046], [-121.9854149999447, 37.024408000199095], [-121.98494499959142, 37.024409999741806], [-121.98184800015724, 37.02443399998822], [-121.97756099977124, 37.024470000343634], [-121.97662799963571, 37.02447799994212], [-121.97481900016429, 37.02598199986435], [-121.97455399985043, 37.0265000001897], [-121.97452899973608, 37.0267349998745], [-121.97403499999164, 37.02780800028399], [-121.97391199996801, 37.028505000186904], [-121.97394899977793, 37.029782000141076], [-121.97414499959652, 37.02978799977905], [-121.97429399955944, 37.02986800016603], [-121.97415299999244, 37.03013400009385], [-121.97449799977394, 37.03025699989646], [-121.97430100013042, 37.030725999986316], [-121.97427600001609, 37.03211399990896], [-121.97414600031976, 37.03212000007986], [-121.9740790003726, 37.03522700015457], [-121.97412799987808, 37.035793000309326], [-121.96957500025161, 37.0357719996492], [-121.96952000000003, 37.03770299990296], [-121.96950599975632, 37.03843100016777], [-121.96949499988568, 37.03897399973579], [-121.96942700011363, 37.04047899970496], [-121.96955699980995, 37.04194099964629], [-121.96952000000003, 37.04296499985016], [-121.96950300028158, 37.043217000006386], [-121.96537699955407, 37.04323500003679], [-121.96520500002495, 37.043223000017], [-121.96507299978047, 37.04319899997178], [-121.96505900043508, 37.04330500035331], [-121.9650259999248, 37.04341200010805], [-121.9649709996732, 37.04347000028067], [-121.96491600031996, 37.043501999986034], [-121.96473399984673, 37.04358700001181], [-121.96465500020405, 37.043654000015685], [-121.9646040001504, 37.043725000179975], [-121.96458999990669, 37.043792000062055], [-121.96459900012754, 37.04384299975068], [-121.96461199964801, 37.04387799999523], [-121.96463900031048, 37.043913999738244], [-121.96469700003684, 37.04394299999679], [-121.96483400030417, 37.04398899986499], [-121.9649339998633, 37.044035999935346], [-121.9650629997347, 37.044081000234804], [-121.965168000215, 37.04414000012494], [-121.96519499997922, 37.04415600019661], [-121.96529500043661, 37.04423100008426], [-121.96532399985063, 37.04426199995883], [-121.96536800023156, 37.04430800035075], [-121.96541199971418, 37.044387999781314], [-121.96543099998075, 37.0445210002434], [-121.9654279996077, 37.044565000032314], [-121.96539099979778, 37.04467399988837], [-121.96531999965266, 37.0448050001266], [-121.96524199983484, 37.0449520000427], [-121.96522500011643, 37.04498099990469], [-121.96507699997842, 37.04523599974739], [-121.96496800019847, 37.04539499994117], [-121.96481199966455, 37.04562299992192], [-121.96478900009834, 37.04568399974716], [-121.96479800031916, 37.0457350003157], [-121.96499999998554, 37.04593399978833], [-121.96503500014562, 37.04596999999033], [-121.96524600003282, 37.04619000021623], [-121.9653940001708, 37.04634400028181], [-121.96549399972994, 37.04644699997901], [-121.96554399995865, 37.04652899970068], [-121.96554200030882, 37.04659899984767], [-121.96552399986719, 37.04666899993009], [-121.96550299995076, 37.04672900015422], [-121.96546600014084, 37.04678699994342], [-121.96539599982064, 37.04689500000144], [-121.96528100019293, 37.047076000185584], [-121.96518999995632, 37.04721799978229], [-121.96513800007779, 37.04731900007101], [-121.96514200027576, 37.04744600002322], [-121.965168000215, 37.04774000009643], [-121.96516400001708, 37.04788599988524], [-121.96515700034435, 37.048203000134336], [-121.96505000021426, 37.0484619998776], [-121.96501900025213, 37.04853000005124], [-121.9649969996125, 37.048594999654235], [-121.96491999961958, 37.04891400014157], [-121.96488100015985, 37.04905099978201], [-121.96469700003684, 37.04939199971297], [-121.96468600016618, 37.04947399983791], [-121.96470700008257, 37.04954599973463], [-121.96473999969453, 37.04961300021451], [-121.96481300038779, 37.049715999777476], [-121.96483500012909, 37.04983900012354], [-121.96482199971032, 37.049989000065956], [-121.96473999969453, 37.05028200017853], [-121.96473300002184, 37.050294999946864], [-121.9646660000747, 37.05044099983955], [-121.96458400005893, 37.05053700013647], [-121.96455999976948, 37.05059999988442], [-121.96455100044696, 37.050667000150796], [-121.96455800011964, 37.05070800025251], [-121.96458800025688, 37.05075200003979], [-121.96466900044773, 37.05081599974996], [-121.96486500026631, 37.05093800032507], [-121.96487899961168, 37.050946000003336], [-121.96492200016772, 37.050969999750045], [-121.96493700023633, 37.050979000280385], [-121.96497300022133, 37.05100000031891], [-121.96501300040433, 37.05103799982748], [-121.96503000012275, 37.05107899972883], [-121.96504000016849, 37.051123000017924], [-121.96502000007702, 37.05142800021268], [-121.96503799962036, 37.05148200018523], [-121.9651099995904, 37.051571999815174], [-121.96514999977335, 37.05161499968831], [-121.96518900013142, 37.0516659998564], [-121.96520699967476, 37.05175700011337], [-121.96524400038301, 37.051833999914635], [-121.96541900028518, 37.05205599988213], [-121.96544000020157, 37.0521050002234], [-121.96538599977488, 37.05213699987321], [-121.96532399985063, 37.05211899980303], [-121.96527199997209, 37.05206900006353], [-121.9649690000234, 37.051775000269465], [-121.96491999961958, 37.05174999993201], [-121.964835999954, 37.05173299989864], [-121.96473300002184, 37.051736999695954], [-121.96460499997532, 37.05178000019254], [-121.96435300008024, 37.05190400018764], [-121.9638640003587, 37.05227699979567], [-121.96383900024435, 37.05233400024316], [-121.96388399955188, 37.05265699981948], [-121.96388199990204, 37.052716000212904], [-121.96377300012209, 37.05288500021093], [-121.96373899978693, 37.052961000189185], [-121.96373700013709, 37.05302799980507], [-121.9637599997033, 37.053090000242186], [-121.96395399987207, 37.05328299985645], [-121.96402199964413, 37.05342000021339], [-121.96404900030663, 37.05351500022147], [-121.9640479995834, 37.05363100013807], [-121.96400800029876, 37.05371199988194], [-121.96394200017652, 37.053786999647386], [-121.96384000006924, 37.05385899975391], [-121.9637799997948, 37.05390799964794], [-121.96374499963471, 37.053963000105846], [-121.96372999956608, 37.0540150002284], [-121.963737999962, 37.05406899979396], [-121.96380999993201, 37.05430799985285], [-121.96380699955898, 37.05447599979763], [-121.9637870003658, 37.05461099997026], [-121.96383099984843, 37.054716000097784], [-121.96382400017572, 37.054776999784224], [-121.96380200043443, 37.05498100035389], [-121.96371299984766, 37.055294000035154], [-121.96367400038791, 37.05538799976747], [-121.96361699958818, 37.0554509997899], [-121.96353600029565, 37.05551000016167], [-121.963265000134, 37.055502000247635], [-121.96311100014819, 37.05553000030161], [-121.96298599957639, 37.05557799975564], [-121.96288000016952, 37.055637000028725], [-121.96310799977515, 37.05566500003289], [-121.9631189996458, 37.0556670001864], [-121.96353600029565, 37.05573500035655], [-121.96372600026642, 37.05573200012894], [-121.9637940000385, 37.05572300016227], [-121.9639200004352, 37.05570799973752], [-121.96402400019225, 37.0557040001495], [-121.96406199982711, 37.05583299984095], [-121.96512200018428, 37.05596099995714], [-121.96525799972838, 37.05704700035419], [-121.96532600039875, 37.057633000148094], [-121.96497999989404, 37.057645000040324], [-121.96492499964246, 37.06226600030815], [-121.9649000004264, 37.06715799968704], [-121.9649000004264, 37.0688910002121], [-121.96333899975384, 37.06892800017707], [-121.96211199989041, 37.06897100024927], [-121.96011799957276, 37.06903199994312], [-121.95974100000424, 37.06903100004254], [-121.95952400026925, 37.06904899968459], [-121.95935500021484, 37.0690559997035], [-121.95849700042235, 37.06908199997292], [-121.95775699973233, 37.06905800022077], [-121.95746200017958, 37.06904599998348], [-121.95202699957284, 37.068827999881506], [-121.94986599974894, 37.06880100033823], [-121.94680100010184, 37.06874300017174], [-121.94678299966016, 37.06925299986856], [-121.94667100040547, 37.07239799986468], [-121.94657199977296, 37.075666999739], [-121.95101999981748, 37.07566100014348], [-121.95101800016762, 37.07613700002642], [-121.95352100029828, 37.07623499967352], [-121.95481400028396, 37.07627700009785], [-121.95869400006585, 37.07640299979778], [-121.95998799987645, 37.07644599993187], [-121.96002999970923, 37.07651099998829], [-121.96026900008383, 37.077282000343075], [-121.96035699994736, 37.07732100009694], [-121.96073100004118, 37.07748899996502], [-121.96077500042213, 37.07821500031088], [-121.96108900024147, 37.07848799982403], [-121.96193699998824, 37.07925799965983], [-121.96203599972243, 37.0794630000943], [-121.96205400016409, 37.07946699986304], [-121.96295499961427, 37.07970699993441], [-121.96299999982011, 37.07972899966401], [-121.9634140000969, 37.07993299978477], [-121.96372799991626, 37.08002699980322], [-121.96447500027895, 37.07998899976407], [-121.96470999955729, 37.080084999939466], [-121.96472200015118, 37.08009000014683], [-121.96492200016772, 37.080256000107525], [-121.96498999993977, 37.080337999841724], [-121.96529100023866, 37.08070599995148], [-121.96531899982774, 37.08075000025793], [-121.9657299997315, 37.0814020003072], [-121.96585500030329, 37.081770000268754], [-121.96588399971729, 37.08261300022441], [-121.96616999994755, 37.08336700004666], [-121.96674200040806, 37.083770000261644], [-121.96743000032127, 37.083899999943306], [-121.96807600040164, 37.08416900024698], [-121.96852099974222, 37.084700000132976], [-121.96861000032902, 37.08518499993516], [-121.96897600002691, 37.0854150001085], [-121.96960100019088, 37.08564199982277], [-121.96986700032966, 37.0857110000337], [-121.97049300031857, 37.08577100019725], [-121.97073799964262, 37.085794999676054], [-121.97115000026959, 37.08578999984497], [-121.97132400034684, 37.08574699999421], [-121.97158000043989, 37.08558099987481], [-121.97174299974819, 37.085557000328244], [-121.97239200020164, 37.0855620001747], [-121.9726449999216, 37.08553199965783], [-121.97287400025048, 37.085467999853236], [-121.97308900033563, 37.08534099976747], [-121.97318399987188, 37.085278999890946], [-121.97363900015654, 37.0846830003171], [-121.97369500023305, 37.08461399988696], [-121.97392200001374, 37.084337999688444], [-121.9742130002669, 37.08405299972962], [-121.97432200004685, 37.083957000279185], [-121.97456499972108, 37.08357099969419], [-121.97461800032285, 37.08353200028879], [-121.97481800033938, 37.083434999751304], [-121.97523400026597, 37.083379000167554], [-121.97527899957353, 37.0833599999155], [-121.97535599956643, 37.08332700010757], [-121.97564099997176, 37.083215000022605], [-121.97598300027853, 37.08303499976969], [-121.97625600008999, 37.08289299984192], [-121.97659500002374, 37.08244000019212], [-121.97667500038966, 37.08233300028934], [-121.97669999960571, 37.082073000345005], [-121.97672600044329, 37.0819159997897], [-121.97673700031395, 37.081805999950944], [-121.9767470003597, 37.08175400024528], [-121.97679900023822, 37.0815699997323], [-121.9768390004212, 37.08146800015137], [-121.97684500026898, 37.08145200006411], [-121.97688100025398, 37.081375000224114], [-121.97701299960015, 37.081139000097025], [-121.97708399974526, 37.08103799967847], [-121.97723699990614, 37.080849999882126], [-121.97739599991479, 37.0806790003372], [-121.9775440000528, 37.080535999830694], [-121.9781840002854, 37.08001199988432], [-121.97873300028138, 37.07955300021487], [-121.97879900040365, 37.07948899966234], [-121.97901600013861, 37.07927700022336], [-121.9792260002009, 37.07907299977082], [-121.9793819998365, 37.078907000086545], [-121.98003999961246, 37.078371999930496], [-121.98065399990578, 37.077911000082146], [-121.98094500015888, 37.07771899983773], [-121.98120100025193, 37.0775600000064], [-121.98145200032211, 37.077433000289275], [-121.98171300043802, 37.077313000332836], [-121.98197500037885, 37.077208999739156], [-121.98234899957433, 37.07707500015597], [-121.98275199998047, 37.07695200024455], [-121.98317399975487, 37.07685499988817], [-121.98358700020674, 37.07678300010496], [-121.9839429998589, 37.07674000016197], [-121.98409699984467, 37.07672099967936], [-121.98469100004652, 37.07666400035311], [-121.98479599962852, 37.076648999768906], [-121.9849010001088, 37.0766339998984], [-121.98516700024759, 37.076575999988926], [-121.9853940000283, 37.07651499991276], [-121.98558800019707, 37.0764590002343], [-121.98585299961265, 37.07636900002455], [-121.98611600027667, 37.07627000002874], [-121.98638499989018, 37.076148999858376], [-121.98661699969378, 37.07602999982822], [-121.98684199982466, 37.07589600031158], [-121.9870050000313, 37.07579100011296], [-121.98734300014009, 37.07555899977977], [-121.98747399966133, 37.075460999975654], [-121.98749100027808, 37.075449999850825], [-121.98762699982221, 37.07534700010271], [-121.98772100043186, 37.07526300035068], [-121.98776800028755, 37.075220000262426], [-121.9878369998845, 37.075160000348546], [-121.98781099994522, 37.07514600000345], [-121.98680500001477, 37.07461800005014], [-121.98629399965357, 37.07431200007217], [-121.98592999960549, 37.07421000004405], [-121.98571500041866, 37.07418800014648], [-121.98563699970255, 37.074174000338644], [-121.98555100038715, 37.07416300002706], [-121.98528199987531, 37.074129999799496], [-121.98521499992817, 37.074128000132745], [-121.98522900017186, 37.0739869998419], [-121.98533399975383, 37.072852999727054], [-121.98541599976961, 37.07211700033148], [-121.98547600004406, 37.071776999897004], [-121.9858860001229, 37.0718430002355], [-121.98605500017729, 37.071870999992505], [-121.98613899984288, 37.07140900017119], [-121.98628600015599, 37.07120300030857], [-121.9863160002932, 37.07120099984788], [-121.98654600044698, 37.07118700020533], [-121.98661099984598, 37.07090699964458], [-121.98679999999187, 37.06999300009063], [-121.98706000028287, 37.069653000168444], [-121.9875819996164, 37.06896500012399], [-121.98714099957539, 37.06887899994839], [-121.98580400010714, 37.06861999964726], [-121.98587100005427, 37.0685479999295], [-121.98909800008312, 37.06498900028244], [-121.98897400023455, 37.064988000328555], [-121.98740300041455, 37.064997999866804], [-121.98740800043744, 37.064893000348754], [-121.9876250001724, 37.06104600011146], [-121.98492200002521, 37.06103300003426], [-121.9834070002817, 37.06102599999174], [-121.98337899979428, 37.06031600021302], [-121.98337600031954, 37.06019000030925], [-121.98335000038027, 37.05865299998257], [-121.9833090003724, 37.05764399998964], [-121.98381200033762, 37.05763700035133], [-121.98541800031776, 37.05763799968521], [-121.9855349995953, 37.05763899973598], [-121.98777099976226, 37.05764099983745], [-121.98775999989162, 37.05754599997667], [-121.98773999980013, 37.057271000237186], [-121.98769899979224, 37.05608300014699], [-121.98769200011954, 37.05607200007915], [-121.98767299985299, 37.05603899986611], [-121.9876870000967, 37.056013000144304], [-121.98767899970075, 37.05565800021202], [-121.98767100020314, 37.05524799984912], [-121.9876820000738, 37.053770000070266], [-121.98769899979224, 37.0505510000053], [-121.98796499993104, 37.050546000001255], [-121.98795999990814, 37.050186000276014], [-121.98937099989459, 37.050186000276014], [-121.99222700020266, 37.05017100019064], [-121.99369900028847, 37.05013999986146], [-121.99705900038673, 37.05014600004182], [-121.99711100026522, 37.0489509998124], [-121.9972080003496, 37.04660199971935], [-121.99810799997488, 37.04657900022194], [-121.99845699995436, 37.04657600034934], [-121.99961799969552, 37.0465399997178], [-122.0009810000014, 37.046503000305634], [-122.00424999986303, 37.04642300023607], [-122.00490900036222, 37.04638700024896], [-122.00539399988578, 37.044887000188034], [-122.00617399986047, 37.04234599965132], [-122.00633200004421, 37.041849000268186], [-122.00704099987377, 37.03963000009167], [-122.0078240002215, 37.03714399973837], [-122.0084009998066, 37.0353959996518], [-122.00752700012059, 37.03540499987753], [-122.00714999965372, 37.0354109997884], [-122.0071250004377, 37.033200000171554], [-122.0071250004377, 37.032446999712825], [-122.00712200006464, 37.03223099992891], [-122.00707600003388, 37.029303999728576], [-122.00705699976729, 37.028085999799984], [-122.00702699963009, 37.02788799988782], [-122.00620599964749, 37.02792699993308], [-122.00628600001345, 37.02449200031332], [-122.0060919998447, 37.02449200031332], [-122.0060700001034, 37.02142500034761], [-122.00604699963885, 37.01809699964258], [-122.00603800031635, 37.016921000342336], [-122.00597800004189, 37.01602700020656], [-122.00598899991253, 37.01341000012847], [-122.00585900021618, 37.009107999698664], [-122.00562999988732, 37.00743299969821], [-122.00567799956792, 37.00682399974223], [-122.00596700017124, 37.00611500022097], [-122.00596100032345, 37.00414699974962], [-122.00316799976456, 37.00415199993929], [-122.00167599958726, 37.004155000052954], [-122.00180899965665, 37.00389000031738], [-122.00188700037279, 37.00372200035856], [-122.00194699974892, 37.00355600011994], [-122.00198500028208, 37.00337400018513], [-122.00203200013775, 37.0029179998226], [-122.00205700025208, 37.00276499999434], [-122.00207499979545, 37.002675999966655], [-122.00211699962824, 37.002535999704214], [-122.00215799963613, 37.00242999981569], [-122.00243100034591, 37.00182099995455], [-122.00280700008953, 37.001109000171304], [-122.00294500018181, 37.0008979999352], [-122.00324999978034, 37.0005220002255], [-122.00332500012338, 37.00043800015836], [-122.00341200016203, 37.00035500008626], [-122.0035009998505, 37.000286999821384], [-122.00360100030791, 37.00022199976456], [-122.00370699971481, 37.000163000194625], [-122.00407199958781, 36.999987999960766], [-122.00414500028106, 36.99994500026799], [-122.00421300005311, 36.999897000081695], [-122.0042759998023, 36.999844000109874], [-122.0043319998788, 36.99978699971988], [-122.00438299993245, 36.999726000337596], [-122.0044730003441, 36.999593000350515], [-122.0045710002534, 36.999426000323105], [-122.00462200030704, 36.99934199976258], [-122.00477600029281, 36.99908999967644], [-122.00482800017137, 36.99900700028519], [-122.00486099978329, 36.99895300030412], [-122.00490699981405, 36.99888500022023], [-122.00496700008851, 36.99880699971156], [-122.00505099975409, 36.99872000029148], [-122.00514199999071, 36.998636999778896], [-122.0052819997328, 36.99853700014739], [-122.005347999855, 36.99849100001443], [-122.00547699972647, 36.99842400034812], [-122.00552799978007, 36.99840200000578], [-122.00554500039684, 36.998396000041744], [-122.00561599964364, 36.9983730002948], [-122.00578499969802, 36.998330999803215], [-122.00597100036919, 36.998304000294866], [-122.00611299976109, 36.99829100023588], [-122.0063029997319, 36.99829600009329], [-122.00639700034154, 36.99830499969227], [-122.00648900040304, 36.99832200020732], [-122.0065780000915, 36.99834399985535], [-122.00669699991718, 36.99838199988466], [-122.00700099969082, 36.99848799967726], [-122.00712299988956, 36.99852400012824], [-122.00724900028622, 36.998551000275874], [-122.00737700033274, 36.99856800001853], [-122.0078240002215, 36.99859299992854], [-122.00812799999514, 36.99859199981747], [-122.00825799969147, 36.99858800009066], [-122.00829899969933, 36.99858399964619], [-122.0083809997151, 36.99857899980773], [-122.00842099989808, 36.99857399996899], [-122.00848899967013, 36.9985649996844], [-122.00860300037128, 36.9985450003236], [-122.00870100028057, 36.99852300001626], [-122.00881900028135, 36.99847799998742], [-122.00892700023638, 36.99843099970565], [-122.00910100031365, 36.99833799988674], [-122.00917699958329, 36.998285000263095], [-122.00932800009438, 36.99812099986705], [-122.00934999983568, 36.99809300016654], [-122.00940799956199, 36.99802100027439], [-122.00970800003596, 36.99750099998558], [-122.00975099969368, 36.99742900025035], [-122.00988200011324, 36.99720599973097], [-122.00998900024335, 36.99701899972109], [-122.01010499969601, 36.99682099992689], [-122.01011599956665, 36.996802000242035], [-122.01023299974253, 36.99662300033455], [-122.01034300024568, 36.99647999998953], [-122.01041600004062, 36.99639699990167], [-122.01080600002796, 36.996001000145895], [-122.01103899965645, 36.99575600007068], [-122.01110700032685, 36.99568599969921], [-122.01135699967377, 36.995414000227], [-122.01151700040565, 36.9952399999806], [-122.0115619997132, 36.99517799966461], [-122.01157599995689, 36.99516099988157], [-122.0116260001856, 36.99507899994634], [-122.0116670001935, 36.994994000165136], [-122.01169899998052, 36.994905999810435], [-122.01171900007203, 36.994831000006556], [-122.01173400014063, 36.99472799990673], [-122.01173900016353, 36.994550999750636], [-122.01171300022423, 36.994416999873245], [-122.01169200030785, 36.994349000037914], [-122.01166399982044, 36.99428799988065], [-122.01164299990405, 36.99424099987907], [-122.01152400007835, 36.994008999949216], [-122.01146200015407, 36.993877000180476], [-122.01143299984177, 36.9937929999474], [-122.01141699994824, 36.99372900025426], [-122.01141199992534, 36.99369399986114], [-122.01140100005469, 36.993593000009945], [-122.01138199978813, 36.9931540000571], [-122.01138299961306, 36.99297299980299], [-122.01138299961306, 36.992688999844084], [-122.01138299961306, 36.992390000242125], [-122.01138500016118, 36.99235399975717], [-122.01139100000897, 36.99223000010901], [-122.01140899955232, 36.99209400005419], [-122.01143600021483, 36.99198500008259], [-122.01147899987251, 36.991878000353516], [-122.0114920002913, 36.991849000307134], [-122.01153199957596, 36.99176799987159], [-122.01157599995689, 36.99167899988706], [-122.01163600023136, 36.99157800022993], [-122.01168899993482, 36.99148900002306], [-122.0119700001422, 36.99102199997171], [-122.01199299970841, 36.99098500006322], [-122.0120270000436, 36.99093299983175], [-122.01208899996787, 36.99084199987925], [-122.01216500013588, 36.99071399977756], [-122.01239699993944, 36.990333000274106], [-122.01247399993234, 36.990206999758456], [-122.0126260002683, 36.989926999699], [-122.01264700018473, 36.98988100009807], [-122.01299399961601, 36.989156000264025], [-122.01310400011921, 36.9889289996466], [-122.01312400021068, 36.98888199992089], [-122.01322100029506, 36.98867100019906], [-122.01324800005925, 36.988603999773886]]]}, "properties": {"ZCTA5": "95065", "GEOID": "95065", "NAME": "ZCTA5 95065", "AREALAND": 28342877, "INTPTLAT": "+37.0322419", "INTPTLON": "-121.9844016", "zcta": "95065", "place": "95065 Santa Cruz", "name": "ZCTA5 95065"}}, {"type": "Feature", "geometry": {"type": "Polygon", "coordinates": [[[-122.0633420003126, 37.018453999914705], [-122.06332499969582, 37.01815399993114], [-122.06332100039619, 37.017975999945264], [-122.06329700010673, 37.01779900011803], [-122.06325400044902, 37.017624000317085], [-122.06319300034967, 37.01745300028211], [-122.06311600035677, 37.01729299981283], [-122.0629859997621, 37.01710700030523], [-122.06292999968561, 37.01698400001054], [-122.06289399970062, 37.01683699974706], [-122.06287199995931, 37.01671899981293], [-122.0628369997992, 37.01660300016102], [-122.06281000003501, 37.01647800001631], [-122.0627670003773, 37.016354000260684], [-122.06272899984417, 37.0162099998509], [-122.06267100011785, 37.01606199964344], [-122.0625969995997, 37.01590199983164], [-122.06245799968252, 37.015714999902556], [-122.06235499975035, 37.01560400030617], [-122.06226699988679, 37.01547999984164], [-122.06221400018337, 37.01535200032989], [-122.0621740000004, 37.01521500013729], [-122.06217300017549, 37.01503200024863], [-122.06214600041129, 37.0148289998213], [-122.06212700014473, 37.014769000213064], [-122.06209600018256, 37.014713000153414], [-122.06205199980164, 37.014663000167786], [-122.0619990000982, 37.014619000267956], [-122.06193700017393, 37.01458300026571], [-122.06186799967863, 37.014556999974594], [-122.06179400005878, 37.014540000220855], [-122.06167100003515, 37.01452799997044], [-122.06165500014164, 37.014527000069], [-122.06158300017161, 37.01451499981653], [-122.0615129998514, 37.014498000053386], [-122.06144500007933, 37.01447600005893], [-122.06137999978202, 37.01444899982873], [-122.06131799985772, 37.014417999977674], [-122.06127000017716, 37.01438500030747], [-122.06099300016773, 37.014116999933464], [-122.06094700013696, 37.01407700006424], [-122.06084099983174, 37.01400600015484], [-122.06078300010542, 37.01397600003173], [-122.06064599983807, 37.013918000286175], [-122.06056600037046, 37.01387599977501], [-122.06049000020245, 37.01382899968779], [-122.06037600039966, 37.01374400006669], [-122.06032500034603, 37.01371200001593], [-122.06027099991935, 37.01368400031907], [-122.0601549995684, 37.013639999852415], [-122.05962999986184, 37.01351300002544], [-122.05923499985165, 37.01345100026437], [-122.05886999997865, 37.013437000010484], [-122.05830500008913, 37.0134799999622], [-122.05819799995902, 37.0134710000077], [-122.05799600029266, 37.01343099979846], [-122.05784099958363, 37.01338999965177], [-122.05778200003242, 37.013370999803726], [-122.05759399971143, 37.013288000223156], [-122.05748999995437, 37.01325300022592], [-122.05742399983212, 37.01323999985396], [-122.05736500028088, 37.01323299970791], [-122.0572959997856, 37.013230999870984], [-122.05720000042444, 37.01324699999936], [-122.05707999987554, 37.01325599998039], [-122.05690999999622, 37.01324099977228], [-122.05640600020605, 37.01317300027417], [-122.05628200035748, 37.01315099989612], [-122.05619399959564, 37.013126999672046], [-122.05617100002942, 37.0131200002329], [-122.05611099975495, 37.01309599999904], [-122.05602100024157, 37.01304700030497], [-122.0560010001501, 37.01303200005561], [-122.05593599985278, 37.01298199968125], [-122.05589700039305, 37.01294399977642], [-122.05583399974553, 37.01288300019155], [-122.05458000011794, 37.012719999649356], [-122.05455400017865, 37.01271300017272], [-122.05253899994463, 37.0121629998274], [-122.05086099999448, 37.011561999992], [-122.05025300044728, 37.01134399975553], [-122.04976499965233, 37.01092400017612], [-122.04877499961536, 37.011544000344934], [-122.04830400033549, 37.011840000136594], [-122.04550199955578, 37.01275599981681], [-122.04454199965605, 37.01306999991644], [-122.04446700021128, 37.01309400015851], [-122.04439199986822, 37.01311900031293], [-122.04435199968522, 37.013110000315685], [-122.04429200030908, 37.013096999919256], [-122.04423299985956, 37.0130850001583], [-122.04419400039981, 37.013077999997975], [-122.04412200042978, 37.01310799975826], [-122.04405100028467, 37.013138000223975], [-122.0427719996444, 37.013674999671416], [-122.04230100036452, 37.01372899995489], [-122.03791000022144, 37.01423600022689], [-122.03629300037066, 37.01442200030625], [-122.03610000002683, 37.014445000218885], [-122.03429099965714, 37.014654000353325], [-122.03435699977936, 37.01490900018165], [-122.0344070000081, 37.015101000129036], [-122.03453199968156, 37.0155309998952], [-122.03458600010822, 37.01566599974532], [-122.03468499984244, 37.015911000215524], [-122.03472099982744, 37.01600300017348], [-122.03473800044421, 37.01604600010779], [-122.03483899982824, 37.0162770003395], [-122.03487900001119, 37.01636799997711], [-122.03507999985263, 37.01682700031901], [-122.0356830002753, 37.018207000047816], [-122.03588499994169, 37.0186669998869], [-122.03593599999532, 37.018782999974185], [-122.03596899960726, 37.018869000258476], [-122.03616600014908, 37.0193740002725], [-122.03619700011123, 37.019486999772035], [-122.03625700038566, 37.019698999884056], [-122.03635899959461, 37.02005999983339], [-122.03637000036359, 37.020109999854036], [-122.03652500017428, 37.02076700016729], [-122.03665800024366, 37.02135700028346], [-122.0367529997799, 37.021774000162196], [-122.0368010003588, 37.02199100008116], [-122.03685400006225, 37.02222200016985], [-122.03698600030671, 37.02263200032394], [-122.03705499990372, 37.0228450000589], [-122.03710000010953, 37.022957000343304], [-122.03721499973726, 37.02323900026414], [-122.03723800020181, 37.02329300020589], [-122.03728699970729, 37.02340400004525], [-122.03750000014261, 37.02389600005558], [-122.038138999652, 37.0253750003256], [-122.03835299991223, 37.025868000232315], [-122.03852000031682, 37.02625500015628], [-122.03881400004468, 37.026963999688846], [-122.03923599981908, 37.02788400026821], [-122.03967000018736, 37.028877000311894], [-122.03473099987318, 37.0309619999072], [-122.03279199980715, 37.029182999951196], [-122.03171599955645, 37.02970399978408], [-122.02547999995699, 37.0328630000093], [-122.02516000028984, 37.03289600025931], [-122.02418899962115, 37.032774000089205], [-122.02310599969778, 37.03263800013879], [-122.02306800006293, 37.032723999798264], [-122.02304799997144, 37.0328449996713], [-122.02303700010077, 37.0329289997779], [-122.0231090000708, 37.03293600026067], [-122.02306899988785, 37.032947000096], [-122.02304899979636, 37.032962999658054], [-122.02303600027588, 37.032983999660814], [-122.0230300004281, 37.033022000299866], [-122.0229760000014, 37.03333599983261], [-122.02287600044231, 37.03332799973276], [-122.02280500029721, 37.03396400002304], [-122.02279299970331, 37.0340799997001], [-122.02277900035794, 37.034337999941464], [-122.02278100000773, 37.034611000318016], [-122.02279500025146, 37.03476799983005], [-122.02281199996989, 37.03484499965479], [-122.02287600044231, 37.035058999912415], [-122.02302399968201, 37.03543700011386], [-122.02307399991072, 37.03560599986083], [-122.02308700032951, 37.035668999810255], [-122.02310700042099, 37.03576100022306], [-122.02310800024591, 37.03582099974632], [-122.02310300022302, 37.03589200006506], [-122.02307800010867, 37.03603999964753], [-122.02303399972774, 37.036174000009126], [-122.02300600013864, 37.03623700020441], [-122.02323100026955, 37.03630800013424], [-122.02367899998322, 37.0364499997947], [-122.02381799990039, 37.036506999937195], [-122.02389499989326, 37.036554000337], [-122.02394400029708, 37.0365840001498], [-122.02403600035858, 37.03666700009597], [-122.02406999979546, 37.03671100013431], [-122.02411900019925, 37.036775999818396], [-122.02338699990517, 37.0370639998451], [-122.02323799994224, 37.03712300016897], [-122.02323999959208, 37.03716199977445], [-122.02324899981289, 37.03718899982054], [-122.02322200004873, 37.037193999987394], [-122.02330300023958, 37.037426000052285], [-122.02335299956998, 37.03749799990356], [-122.02328200032319, 37.03751399994094], [-122.02320399960705, 37.03753500011929], [-122.02312699961415, 37.03755600029183], [-122.02297299962838, 37.03759700030471], [-122.02251200039423, 37.037724000029094], [-122.02235900023335, 37.03776600026384], [-122.02229200028621, 37.03762299988162], [-122.02209200026968, 37.037197000230734], [-122.0220260001474, 37.03705499981601], [-122.02198099994159, 37.03696900004167], [-122.02193599973575, 37.03688300016999], [-122.02186100029098, 37.03677300027546], [-122.02152999985488, 37.03628200010701], [-122.02133300021138, 37.03594899990938], [-122.02121600003551, 37.035750999700305], [-122.02107000044566, 37.035844000351716], [-122.02074499985731, 37.036059999898505], [-122.02040799957345, 37.03626199991457], [-122.02024299971701, 37.036334999766915], [-122.0198479997068, 37.036508000266394], [-122.01961000005542, 37.036621000093824], [-122.01953899991031, 37.03666300022158], [-122.01943099995525, 37.03672400007557], [-122.01927899961929, 37.036823999659646], [-122.01923500013667, 37.03685499969042], [-122.01921699969502, 37.036792000007864], [-122.01919999997658, 37.03672400007557], [-122.01912700018164, 37.03643899974967], [-122.01910500044036, 37.03637599972198], [-122.01907100010517, 37.03630299990905], [-122.01902300042458, 37.036220999898], [-122.01895800012727, 37.03614000013239], [-122.0188989996777, 37.036080999761886], [-122.01882599988278, 37.0360240000167], [-122.0187709996312, 37.03599299964668], [-122.01871000043015, 37.03596900018426], [-122.018631999714, 37.03594800028986], [-122.01855399989621, 37.03593599983539], [-122.01847100005554, 37.035928000009434], [-122.01837499979607, 37.03592600005284], [-122.01797200028825, 37.03594199970431], [-122.01795200019674, 37.03584300001376], [-122.01793100028037, 37.03574400019415], [-122.01789299974725, 37.03558299990039], [-122.01787299965574, 37.035446999960804], [-122.01785299956424, 37.03530800017691], [-122.01784099986868, 37.035206999684256], [-122.01783199964787, 37.035126000271234], [-122.01777599957134, 37.034625000255694], [-122.01772299986791, 37.0342339999496], [-122.01771299982215, 37.034163999874956], [-122.01767000016446, 37.03384400014596], [-122.01762999998148, 37.03348400009403], [-122.01758399995074, 37.03306200023485], [-122.01751100015582, 37.03240700017104], [-122.017497999737, 37.03228099982731], [-122.01749299971414, 37.032161999828645], [-122.01750000028515, 37.0320469997612], [-122.01712399964319, 37.03211599996595], [-122.01599600041229, 37.03232300020414], [-122.01562099959523, 37.03239299982447], [-122.01434500022636, 37.03252199969335], [-122.01384499973581, 37.032572999781195], [-122.01381299994875, 37.03285899993454], [-122.01350499997719, 37.0339410002824], [-122.01347499983997, 37.03433999993989], [-122.01264100033694, 37.03529399964805], [-122.01246300006171, 37.03612500013979], [-122.01237299965, 37.03654799979934], [-122.01234500006092, 37.03667899971782], [-122.01222200003727, 37.0369109999221], [-122.01220699996867, 37.037029000044605], [-122.01217900037956, 37.037240999961966], [-122.01214500004437, 37.03749700030448], [-122.01205100033305, 37.03775400009668], [-122.0120680000515, 37.037959999715], [-122.01208499976993, 37.03817300020858], [-122.01198600003573, 37.03833400003028], [-122.01172300026998, 37.03876499981902], [-122.01158199980468, 37.03911999989216], [-122.01145799995614, 37.03977800027592], [-122.01144299988748, 37.03986199988392], [-122.01142699999399, 37.039906000221954], [-122.0107590001723, 37.04072899967856], [-122.01043600013212, 37.0411239998807], [-122.01033099965181, 37.04125400024201], [-122.01030300006272, 37.041424999760586], [-122.01027100027567, 37.041625000038], [-122.01024699998624, 37.04179499989545], [-122.0102179996739, 37.04199999976553], [-122.00960500010379, 37.0424970003112], [-122.00907899967402, 37.042713000291435], [-122.00902299959752, 37.04273600024317], [-122.0089499998026, 37.04275900018792], [-122.00633200004421, 37.041849000268186], [-122.00617399986047, 37.04234599965132], [-122.00539399988578, 37.044887000188034], [-122.00490900036222, 37.04638700024896], [-122.00424999986303, 37.04642300023607], [-122.0009810000014, 37.046503000305634], [-121.99961799969552, 37.0465399997178], [-121.99845699995436, 37.04657600034934], [-121.99810799997488, 37.04657900022194], [-121.9972080003496, 37.04660199971935], [-121.99711100026522, 37.0489509998124], [-121.99705900038673, 37.05014600004182], [-121.99369900028847, 37.05013999986146], [-121.99222700020266, 37.05017100019064], [-121.98937099989459, 37.050186000276014], [-121.98795999990814, 37.050186000276014], [-121.98796499993104, 37.050546000001255], [-121.98769899979224, 37.0505510000053], [-121.9876820000738, 37.053770000070266], [-121.98767100020314, 37.05524799984912], [-121.98767899970075, 37.05565800021202], [-121.9876870000967, 37.056013000144304], [-121.98767299985299, 37.05603899986611], [-121.98769200011954, 37.05607200007915], [-121.98769899979224, 37.05608300014699], [-121.98773999980013, 37.057271000237186], [-121.98775999989162, 37.05754599997667], [-121.98777099976226, 37.05764099983745], [-121.9855349995953, 37.05763899973598], [-121.98541800031776, 37.05763799968521], [-121.98381200033762, 37.05763700035133], [-121.9833090003724, 37.05764399998964], [-121.98335000038027, 37.05865299998257], [-121.98337600031954, 37.06019000030925], [-121.98337899979428, 37.06031600021302], [-121.9834070002817, 37.06102599999174], [-121.98492200002521, 37.06103300003426], [-121.9876250001724, 37.06104600011146], [-121.98740800043744, 37.064893000348754], [-121.98740300041455, 37.064997999866804], [-121.98897400023455, 37.064988000328555], [-121.98909800008312, 37.06498900028244], [-121.98587100005427, 37.0685479999295], [-121.98580400010714, 37.06861999964726], [-121.98714099957539, 37.06887899994839], [-121.9875819996164, 37.06896500012399], [-121.98706000028287, 37.069653000168444], [-121.98679999999187, 37.06999300009063], [-121.98661099984598, 37.07090699964458], [-121.98654600044698, 37.07118700020533], [-121.9863160002932, 37.07120099984788], [-121.98628600015599, 37.07120300030857], [-121.98613899984288, 37.07140900017119], [-121.98605500017729, 37.071870999992505], [-121.9858860001229, 37.0718430002355], [-121.98547600004406, 37.071776999897004], [-121.98541599976961, 37.07211700033148], [-121.98533399975383, 37.072852999727054], [-121.98522900017186, 37.0739869998419], [-121.98521499992817, 37.074128000132745], [-121.98528199987531, 37.074129999799496], [-121.98555100038715, 37.07416300002706], [-121.98563699970255, 37.074174000338644], [-121.98571500041866, 37.07418800014648], [-121.98592999960549, 37.07421000004405], [-121.98629399965357, 37.07431200007217], [-121.98680500001477, 37.07461800005014], [-121.98781099994522, 37.07514600000345], [-121.9878369998845, 37.075160000348546], [-121.98776800028755, 37.075220000262426], [-121.98772100043186, 37.07526300035068], [-121.98762699982221, 37.07534700010271], [-121.98749100027808, 37.075449999850825], [-121.98747399966133, 37.075460999975654], [-121.98734300014009, 37.07555899977977], [-121.9870050000313, 37.07579100011296], [-121.98684199982466, 37.07589600031158], [-121.98661699969378, 37.07602999982822], [-121.98638499989018, 37.076148999858376], [-121.98611600027667, 37.07627000002874], [-121.98585299961265, 37.07636900002455], [-121.98558800019707, 37.0764590002343], [-121.9853940000283, 37.07651499991276], [-121.98516700024759, 37.076575999988926], [-121.9849010001088, 37.0766339998984], [-121.98479599962852, 37.076648999768906], [-121.98469100004652, 37.07666400035311], [-121.98409699984467, 37.07672099967936], [-121.9839429998589, 37.07674000016197], [-121.98358700020674, 37.07678300010496], [-121.98317399975487, 37.07685499988817], [-121.98275199998047, 37.07695200024455], [-121.98234899957433, 37.07707500015597], [-121.98197500037885, 37.077208999739156], [-121.98171300043802, 37.077313000332836], [-121.98145200032211, 37.077433000289275], [-121.98120100025193, 37.0775600000064], [-121.98094500015888, 37.07771899983773], [-121.98065399990578, 37.077911000082146], [-121.98003999961246, 37.078371999930496], [-121.9793819998365, 37.078907000086545], [-121.9792260002009, 37.07907299977082], [-121.97901600013861, 37.07927700022336], [-121.97879900040365, 37.07948899966234], [-121.97873300028138, 37.07955300021487], [-121.9781840002854, 37.08001199988432], [-121.9775440000528, 37.080535999830694], [-121.97739599991479, 37.0806790003372], [-121.97723699990614, 37.080849999882126], [-121.97708399974526, 37.08103799967847], [-121.97701299960015, 37.081139000097025], [-121.97688100025398, 37.081375000224114], [-121.97684500026898, 37.08145200006411], [-121.9768390004212, 37.08146800015137], [-121.97679900023822, 37.0815699997323], [-121.9767470003597, 37.08175400024528], [-121.97673700031395, 37.081805999950944], [-121.97672600044329, 37.0819159997897], [-121.97669999960571, 37.082073000345005], [-121.97667500038966, 37.08233300028934], [-121.97659500002374, 37.08244000019212], [-121.97625600008999, 37.08289299984192], [-121.97598300027853, 37.08303499976969], [-121.97564099997176, 37.083215000022605], [-121.97535599956643, 37.08332700010757], [-121.97527899957353, 37.0833599999155], [-121.97523400026597, 37.083379000167554], [-121.97481800033938, 37.083434999751304], [-121.97461800032285, 37.08353200028879], [-121.97456499972108, 37.08357099969419], [-121.97432200004685, 37.083957000279185], [-121.9742130002669, 37.08405299972962], [-121.97392200001374, 37.084337999688444], [-121.97369500023305, 37.08461399988696], [-121.97363900015654, 37.0846830003171], [-121.97318399987188, 37.085278999890946], [-121.97308900033563, 37.08534099976747], [-121.97287400025048, 37.085467999853236], [-121.9726449999216, 37.08553199965783], [-121.97239200020164, 37.0855620001747], [-121.97174299974819, 37.085557000328244], [-121.97158000043989, 37.08558099987481], [-121.97132400034684, 37.08574699999421], [-121.97115000026959, 37.08578999984497], [-121.97073799964262, 37.085794999676054], [-121.97049300031857, 37.08577100019725], [-121.96986700032966, 37.0857110000337], [-121.96960100019088, 37.08564199982277], [-121.96897600002691, 37.0854150001085], [-121.96861000032902, 37.08518499993516], [-121.96852099974222, 37.084700000132976], [-121.96807600040164, 37.08416900024698], [-121.96743000032127, 37.083899999943306], [-121.96674200040806, 37.083770000261644], [-121.96616999994755, 37.08336700004666], [-121.96588399971729, 37.08261300022441], [-121.96585500030329, 37.081770000268754], [-121.9657299997315, 37.0814020003072], [-121.96531899982774, 37.08075000025793], [-121.96529100023866, 37.08070599995148], [-121.96498999993977, 37.080337999841724], [-121.96492200016772, 37.080256000107525], [-121.96472200015118, 37.08009000014683], [-121.96470999955729, 37.080084999939466], [-121.96447500027895, 37.07998899976407], [-121.96372799991626, 37.08002699980322], [-121.9634140000969, 37.07993299978477], [-121.96299999982011, 37.07972899966401], [-121.96295499961427, 37.07970699993441], [-121.96205400016409, 37.07946699986304], [-121.96203599972243, 37.0794630000943], [-121.96193699998824, 37.07925799965983], [-121.96108900024147, 37.07848799982403], [-121.96077500042213, 37.07821500031088], [-121.96073100004118, 37.07748899996502], [-121.96035699994736, 37.07732100009694], [-121.96026900008383, 37.077282000343075], [-121.96002999970923, 37.07651099998829], [-121.95998799987645, 37.07644599993187], [-121.95869400006585, 37.07640299979778], [-121.95481400028396, 37.07627700009785], [-121.95352100029828, 37.07623499967352], [-121.95346699987162, 37.07635499990268], [-121.95343300043476, 37.076409999854604], [-121.95338499985583, 37.07655300025969], [-121.95339900009957, 37.07667900021768], [-121.95344000010743, 37.076789000328354], [-121.9535430000396, 37.07687200002611], [-121.95365900039056, 37.07693200001866], [-121.95422199973194, 37.077141000183495], [-121.95435200032661, 37.07725100034063], [-121.95438599976347, 37.07730599964266], [-121.95437900009077, 37.07736600000849], [-121.95424199982341, 37.077553000055744], [-121.95406400044651, 37.07774500000382], [-121.95398200043074, 37.077871999915104], [-121.95391299993544, 37.078069000112684], [-121.95389299984397, 37.0782339997024], [-121.95394100042284, 37.07837700025085], [-121.95403299958606, 37.07852800016628], [-121.9541049995561, 37.07864600008554], [-121.95424299964832, 37.078993000356924], [-121.95455800019091, 37.079695999708846], [-121.95466100012308, 37.079997999718486], [-121.95470200013095, 37.08027799967786], [-121.95470899980366, 37.08089900025901], [-121.95461300044249, 37.0811740003384], [-121.95451700018305, 37.08137200029392], [-121.95448299984783, 37.08147100007778], [-121.95449000041886, 37.08159699974593], [-121.95455800019091, 37.08173999968442], [-121.95472999972003, 37.08195400029629], [-121.95499099983597, 37.082151999647884], [-121.95521699979174, 37.08228900018507], [-121.955395000067, 37.082415999651076], [-121.95562799969552, 37.082531000084344], [-121.95574499987137, 37.08262999978791], [-121.95581400036666, 37.08272900007885], [-121.95592300014661, 37.083003000253306], [-121.95601299965996, 37.08314599968955], [-121.95621799969938, 37.08337100032607], [-121.95681500027426, 37.08384899994593], [-121.95698000013071, 37.08408599993808], [-121.95708300006288, 37.084310999934424], [-121.95713800031444, 37.0844810001894], [-121.95722000033024, 37.08511300017988], [-121.95729499977497, 37.08534900011768], [-121.95745299995873, 37.08552499972665], [-121.95769300015824, 37.08573399985117], [-121.95780299976309, 37.08586000031642], [-121.95808399997048, 37.08608500006325], [-121.95813199965107, 37.08611399996931], [-121.95846200026227, 37.0863110002481], [-121.95853699970702, 37.08637700011789], [-121.9585919999586, 37.086492000274895], [-121.95860600020231, 37.08663500029524], [-121.95868800021807, 37.086694999727314], [-121.95876400038604, 37.08672800021879], [-121.95897600009816, 37.08670599965384], [-121.9591340002819, 37.08666800009623], [-121.9594079999183, 37.08666800009623], [-121.95959299986623, 37.0867390001406], [-121.95974400037727, 37.0868599998913], [-121.95986800022585, 37.087030000162294], [-121.96004599960273, 37.087157000284506], [-121.96032099996236, 37.08723899971999], [-121.96072199982036, 37.087261000130226], [-121.96081399988186, 37.08726599986428], [-121.96100399985266, 37.087335999689216], [-121.96117100025727, 37.08739800003301], [-121.96151400038892, 37.087563000099784], [-121.96165800032898, 37.08767799989049], [-121.96171299968222, 37.08779900029198], [-121.96171100003241, 37.087808999688725], [-121.96170600000954, 37.08785999988809], [-121.96157999961285, 37.08806999967302], [-121.96152799973432, 37.087972000275755], [-121.96123599965627, 37.08830100005425], [-121.96148199970355, 37.088924999751335], [-121.96176799993383, 37.089121000254174], [-121.96198700021695, 37.08918499984059], [-121.9623570001128, 37.08937299974635], [-121.96281099967422, 37.089348000334624], [-121.9626940003967, 37.089551999650105], [-121.96253000036515, 37.08978299981377], [-121.96251600012147, 37.08980999976837], [-121.96223499991405, 37.090029999703134], [-121.96211100006549, 37.09018899989358], [-121.96202900004974, 37.09040399991801], [-121.96202900004974, 37.09074399994486], [-121.96205699963883, 37.09094199998264], [-121.96202900004974, 37.09103500035386], [-121.96196799995037, 37.09117799968495], [-121.9618299998581, 37.09132100017929], [-121.9615629998944, 37.09151900014268], [-121.96123400000643, 37.09166700015386], [-121.96091799963892, 37.09182100034278], [-121.96046599972732, 37.09209100007682], [-121.96010900025024, 37.092331999900075], [-121.95991699973133, 37.092640000128355], [-121.95986900005074, 37.092788999687144], [-121.95978000036229, 37.092964000348175], [-121.95973900035439, 37.093102000273255], [-121.95973900035439, 37.09316799996165], [-121.95973900035439, 37.09329999988248], [-121.95984200028656, 37.093612999790956], [-121.95982800004285, 37.093821999824975], [-121.95976000027079, 37.09390399993111], [-121.95962200017854, 37.09393099985053], [-121.95905999976374, 37.093959000048734], [-121.9587380004468, 37.09401400012639], [-121.95858000026304, 37.09411799987757], [-121.95855199977565, 37.09421700021085], [-121.95862100027092, 37.09444299979219], [-121.95867599962419, 37.09455200035755], [-121.95870400011161, 37.0946460001604], [-121.95872400020309, 37.09467299981543], [-121.95879299980007, 37.09491500030118], [-121.95877899955636, 37.095266999823366], [-121.9587380004468, 37.09537700018955], [-121.95860299982925, 37.095615000226964], [-121.96445400036258, 37.09878099976952], [-121.97265800034039, 37.10321900018506], [-121.97263099967792, 37.10354600007287], [-121.97273100013531, 37.103933000094635], [-121.97293100015189, 37.104077000314426], [-121.97313000034353, 37.104350999966755], [-121.97329400037505, 37.10430100027148], [-121.97353399967625, 37.10431299994346], [-121.97378300009657, 37.10434400034098], [-121.97415200016752, 37.10431699983366], [-121.97500999996001, 37.10423100035609], [-121.9751720003417, 37.10425199997925], [-121.97500900013509, 37.10438399993384], [-121.97486099999708, 37.10458700017495], [-121.97477399995846, 37.10478999987197], [-121.9747129998591, 37.10503700027665], [-121.97473499960041, 37.10527200035777], [-121.97478900002707, 37.105522999733644], [-121.97483800043086, 37.105688999871454], [-121.9748950003323, 37.10579099981023], [-121.97496300010435, 37.10588200032098], [-121.97508699995291, 37.10601800010112], [-121.97515499972496, 37.106097000235245], [-121.97528000029676, 37.10619900034103], [-121.97542699971152, 37.106312999664524], [-121.97555200028332, 37.1063810002728], [-121.97572200016262, 37.10648299999612], [-121.9764250001444, 37.10691300010083], [-121.97659500002374, 37.10703800033978], [-121.97676400007813, 37.10720799976047], [-121.97694599965301, 37.107469000269255], [-121.97703600006469, 37.10766099965763], [-121.97708200009545, 37.10780800027082], [-121.97708200009545, 37.10807999983422], [-121.97705899963093, 37.10828400029857], [-121.9770019997295, 37.10847699986677], [-121.9767759997737, 37.10914600000079], [-121.97662900035891, 37.10967799974947], [-121.97652700025168, 37.11004100028919], [-121.97616400002849, 37.111299000270435], [-121.97608500038577, 37.111603999877424], [-121.9760169997154, 37.11180800016201], [-121.97593700024778, 37.111955999940285], [-121.97586899957741, 37.11209200027525], [-121.97572200016262, 37.11229599996163], [-121.97526900042611, 37.11280600035492], [-121.9748829997384, 37.11323599966107], [-121.9747699997605, 37.11339499986396], [-121.97461199957674, 37.11358699998838], [-121.97454399980468, 37.113734999871404], [-121.97446400033708, 37.11394999969919], [-121.97446400033708, 37.1141429998709], [-121.97446400033708, 37.114290000079954], [-121.97446400033708, 37.11438099969112], [-121.97449000027632, 37.114512999900974], [-121.97454299997976, 37.11464999995685], [-121.97460200042931, 37.11473799980967], [-121.97472899975261, 37.11491399992483], [-121.9749239997463, 37.11511899989737], [-121.97531399973363, 37.115519000289844], [-121.9755870004434, 37.11588000005308], [-121.97563599994889, 37.11604599969586], [-121.97569500039846, 37.11626000013102], [-121.97569500039846, 37.11646500004093], [-121.97566500026122, 37.11669899977331], [-121.9755580001311, 37.116913999780735], [-121.97525600000729, 37.11743099972156], [-121.97511899973996, 37.117743000237496], [-121.97506000018872, 37.11805600015417], [-121.9751089996942, 37.118348000202836], [-121.9752069996035, 37.11858299980918], [-121.97536300013743, 37.11889499987553], [-121.97550000040478, 37.11909000024891], [-121.97559699959083, 37.11924599975628], [-121.97581199967598, 37.119548999685314], [-121.97594800011845, 37.11981199981553], [-121.97597800025567, 37.120084999899326], [-121.97593899989761, 37.12033900014012], [-121.97581199967598, 37.12067100028097], [-121.97564599999464, 37.12089499986408], [-121.97540199959717, 37.1211390002418], [-121.97507000023447, 37.12135399981711], [-121.97481699961615, 37.12147099973921], [-121.97430899962806, 37.12165599998169], [-121.97393799990729, 37.12177300015331], [-121.9736650000958, 37.12190999996525], [-121.97346199970623, 37.12204199994164], [-121.9732690002607, 37.12218199973022], [-121.97308000011482, 37.12236100018779], [-121.97289599999178, 37.12259700014017], [-121.97277499961795, 37.12289699983088], [-121.9727429998309, 37.123180999894196], [-121.97277999964085, 37.123559999958196], [-121.97285300033407, 37.12386100002335], [-121.97302200038847, 37.124452999855215], [-121.9732159996589, 37.12510200025117], [-121.97329400037505, 37.125377000342816], [-121.9733549995761, 37.1256429998897], [-121.97342999991916, 37.1258179998546], [-121.9735379998742, 37.125982000178844], [-121.97366300044597, 37.12617200017129], [-121.97385099986866, 37.12633599972848], [-121.97416800006106, 37.126553999873714], [-121.97442900017697, 37.12671600032405], [-121.97471899970688, 37.12687100001912], [-121.97504000009725, 37.12707599984457], [-121.97532200012955, 37.127298000115815], [-121.97548000031331, 37.12743300026239], [-121.97564699981956, 37.127538999656984], [-121.97551399975015, 37.12738100035649], [-121.97534499969576, 37.127197000347365], [-121.97528899961927, 37.12715600006252], [-121.97507500025733, 37.12699200013347], [-121.97473899979836, 37.12678299994468], [-121.97432799989461, 37.12654800000952], [-121.97416999971087, 37.126438999648656], [-121.97399200033394, 37.12629999971638], [-121.97382800030242, 37.12612299970622], [-121.97369100003507, 37.125946999864354], [-121.97360999984423, 37.1258160001192], [-121.97356700018653, 37.12570299994374], [-121.97352700000353, 37.12559499966903], [-121.97345000001066, 37.12533699966229], [-121.97334299988051, 37.124909999962085], [-121.97315999958242, 37.12439200035634], [-121.97300899996968, 37.12396700012301], [-121.97297600035773, 37.12387499996393], [-121.97289199979383, 37.12356799985403], [-121.97286599985456, 37.12342400016672], [-121.9728609998317, 37.123289999933135], [-121.97287000005251, 37.123145999716975], [-121.972890000144, 37.122980999789064], [-121.9729400003727, 37.122779999963974], [-121.97300700031987, 37.122647999841995], [-121.97310100003119, 37.12252500012342], [-121.97321999985688, 37.12238500025296], [-121.97340099960687, 37.12221599972163], [-121.97355100029299, 37.122113999701526], [-121.97373600024092, 37.12200699995405], [-121.97385699971642, 37.12194400007883], [-121.97402900014389, 37.12187499991662], [-121.9743620002298, 37.12175300029596], [-121.97461699959962, 37.12166599992383], [-121.97475999971475, 37.12161800004619], [-121.97506100001364, 37.12149899978561], [-121.97524400031173, 37.121401999862144], [-121.97539599974938, 37.1213010001051], [-121.97559800031405, 37.1211390002418], [-121.97570200007114, 37.121040999926265], [-121.97580099980536, 37.12093599995902], [-121.97581000002617, 37.12092699985275], [-121.97592600037713, 37.12074499978167], [-121.97599099977613, 37.120630000042496], [-121.97603500015708, 37.12051999981707], [-121.97607600016495, 37.12038300035469], [-121.97609799990627, 37.12025200029182], [-121.97610999960183, 37.12012399983095], [-121.97611299997487, 37.12011099985597], [-121.97610999960183, 37.1199790000939], [-121.97610200010422, 37.11986499985372], [-121.97609899973119, 37.1198279996823], [-121.97607799981478, 37.119717999724145], [-121.9760169997154, 37.119583000143066], [-121.97596400001197, 37.119504999702315], [-121.97587600014842, 37.11939100018097], [-121.97561699968232, 37.119091000205465], [-121.97554399988739, 37.11900600027088], [-121.9754040001453, 37.11878899983647], [-121.97531899975651, 37.118615000058824], [-121.97521800037246, 37.118348000202836], [-121.97518700041034, 37.1182239999763], [-121.97518300021237, 37.11810800001958], [-121.97519699955775, 37.11793799999658], [-121.97523799956565, 37.117715000234526], [-121.97528299977151, 37.11759800023799], [-121.97537999985585, 37.11741800000046], [-121.97572399981246, 37.11687299965649], [-121.97579499995757, 37.11669199985609], [-121.97579800033061, 37.11667100010058], [-121.97583599996544, 37.11648499986262], [-121.97584299963815, 37.11630699983094], [-121.97582300044496, 37.116157999965594], [-121.97578099971385, 37.11601299979587], [-121.97573100038346, 37.115892000039466], [-121.97569000037556, 37.11580900009473], [-121.97567600013187, 37.11579900009526], [-121.97558499989526, 37.115644999936436], [-121.97549899968155, 37.11553800035801], [-121.97548799981088, 37.11552700031914], [-121.97538200040401, 37.11541999985761], [-121.97496499975416, 37.115039999861864], [-121.9748049999206, 37.11487400016252], [-121.9747489998441, 37.11479599988467], [-121.97472100025502, 37.114755000046216], [-121.9746650001785, 37.11464899994166], [-121.97463300039145, 37.11456099998534], [-121.97460900010203, 37.114481000066625], [-121.97459200038358, 37.11442299975029], [-121.97456999974395, 37.114290000079954], [-121.97456200024635, 37.11419100018982], [-121.97458300016274, 37.11395399979679], [-121.97463800041433, 37.11377500023541], [-121.97464699973685, 37.11375100030607], [-121.97466699982833, 37.11370000034146], [-121.97471500040723, 37.11360699985396], [-121.97486000017219, 37.11340800027578], [-121.97501300033306, 37.11323400030967], [-121.97515999974783, 37.11307699984063], [-121.9754960002068, 37.11273599970365], [-121.97571100029198, 37.11249699968394], [-121.97586500027775, 37.11229499991534], [-121.97596300018705, 37.11214800013153], [-121.9760369998069, 37.11201099984705], [-121.97611100032503, 37.111848000111245], [-121.97620599986128, 37.111599000316566], [-121.97629299989994, 37.11130199973235], [-121.97654999981789, 37.11039000023907], [-121.97659400019882, 37.110240000118985], [-121.97661199974215, 37.11304400007934], [-121.98153400033787, 37.11303200035797], [-121.98284400004198, 37.11302800021164], [-121.98315700003644, 37.113027000175016], [-121.9835439996507, 37.113026000138376], [-121.9837889998731, 37.113383000198205], [-121.9839939999125, 37.11368099981208], [-121.9840359997453, 37.11376700002105], [-121.98417899986046, 37.11377300018192], [-121.98429100001344, 37.1138429998745], [-121.9846059996577, 37.11385200010662], [-121.98461700042665, 37.11358800001761], [-121.98462599974918, 37.11339199976864], [-121.98478999978072, 37.11339299980038], [-121.98512799988954, 37.11338000010235], [-121.98577499979481, 37.113476000244454], [-121.98591700008504, 37.11351199990816], [-121.98600999997144, 37.11360699985396], [-121.98603699973563, 37.11386399969805], [-121.9868490003957, 37.11399400004517], [-121.98640099978371, 37.11294199987972], [-121.98645100001242, 37.1129379997286], [-121.98650100024113, 37.11293599965301], [-121.98657700040911, 37.11293200021794], [-121.98660099980025, 37.112930000142136], [-121.98665199985389, 37.112927000028385], [-121.98655700031765, 37.11277399979915], [-121.9865480000968, 37.11275200034948], [-121.98653100037838, 37.112707999998165], [-121.9865120001118, 37.11264000005614], [-121.98650100024113, 37.11257100001045], [-121.98646500025613, 37.11224000021479], [-121.98643699976871, 37.112073000058764], [-121.98644699981445, 37.11206000013412], [-121.9864429996165, 37.11188000034196], [-121.98645900040835, 37.111691000350426], [-121.986506000264, 37.111280999914676], [-121.98651299993669, 37.11121899977091], [-121.986542000249, 37.110977999850576], [-121.98651999960937, 37.110888999861494], [-121.98648899964724, 37.110840000249446], [-121.98642800044621, 37.11077300012918], [-121.98650899973872, 37.11057200012911], [-121.98662300043988, 37.110449000133244], [-121.98709999956752, 37.110155000277274], [-121.9872960002844, 37.10997600033225], [-121.98745799976781, 37.10966700029208], [-121.98751499966922, 37.10940799964651], [-121.98759699968498, 37.109190999643445], [-121.98760099988296, 37.10914600000079], [-121.98758300033961, 37.1088360000641], [-121.98754900000442, 37.10861099981221], [-121.98752100041531, 37.10842399973735], [-121.98753399993579, 37.108270000340454], [-121.98760300043111, 37.10807199973458], [-121.98762299962426, 37.10797300031217], [-121.98760199970788, 37.1075610003056], [-121.98754700035458, 37.10732999989339], [-121.98753399993579, 37.10724200002866], [-121.98749899977571, 37.10717699981869], [-121.98745699994292, 37.10703800033978], [-121.98743000017873, 37.10694599966814], [-121.98737499992714, 37.106818999756634], [-121.98732700024657, 37.10667699997573], [-121.98729700010932, 37.10660700010684], [-121.98726600014719, 37.10653700017326], [-121.98730200013222, 37.106359999807005], [-121.9873299997213, 37.10609000005438], [-121.98733300009435, 37.105985000129486], [-121.9873659997063, 37.10505399982529], [-121.98738499997289, 37.104495000108365], [-121.98739400019373, 37.10431500024678], [-121.98739699966843, 37.10427200016087], [-121.98742199978281, 37.104141000165086], [-121.98746199996579, 37.103980000281034], [-121.98753099956274, 37.10377699984608], [-121.98754200033174, 37.1037430001718], [-121.98763600004304, 37.103565000279275], [-121.9879709997788, 37.10293800026457], [-121.9880829999318, 37.10272900030043], [-121.98841699984264, 37.10224700011137], [-121.98845000035294, 37.1022259999323], [-121.98847200009423, 37.10219600028059], [-121.98991099966975, 37.09889699995601], [-121.99039799974148, 37.098296000277834], [-121.99088599963808, 37.09802999994739], [-121.99170900016881, 37.09791099987434], [-121.99299700013161, 37.09804099966172], [-121.99384099968039, 37.09791099987434], [-121.99467400025681, 37.0977379996515], [-121.99592899970935, 37.097629000086854], [-121.9964269996517, 37.09774900012469], [-121.9973690000081, 37.09806200028438], [-121.99774499975175, 37.09801300025549], [-121.997994999997, 37.09797399968343], [-121.99809999957898, 37.09796599994943], [-121.99820199968623, 37.097943000261594], [-121.99840099987784, 37.097876000196585], [-121.99862900038181, 37.09778099986384], [-121.99884500029188, 37.097671999644604], [-121.99911599955522, 37.097519999648874], [-121.99957000001496, 37.09726699977649], [-121.99968999966555, 37.09721099966503], [-121.99974499991716, 37.09719000023952], [-121.99981500023735, 37.09716300004839], [-121.99987100031385, 37.097146000161906], [-121.9999459997586, 37.097123999755254], [-122.00002199992657, 37.09710900035373], [-122.00007200015531, 37.097100000281465], [-122.00020199985164, 37.097094999763144], [-122.00026700014898, 37.09710099981187], [-122.00040100004328, 37.09711400015455], [-122.00070700036501, 37.09714300013944], [-122.00073699960393, 37.097146000161906], [-122.00084000043442, 37.09716100027268], [-122.00094300036656, 37.09716100027268], [-122.00104399975059, 37.097146000161906], [-122.0011280003145, 37.0971280000251], [-122.00117599999507, 37.09712199997856], [-122.00127399990434, 37.09712000020177], [-122.00149099963933, 37.097140999646676], [-122.00162500043194, 37.097140999646676], [-122.00182600027341, 37.097140999646676], [-122.00193300040353, 37.09712999980168], [-122.00184899983965, 37.097284999880266], [-122.0017040000747, 37.097327000105835], [-122.0012899997979, 37.09728600012475], [-122.00106899986496, 37.09728999966953], [-122.00099799971986, 37.097301000207814], [-122.00085600032791, 37.09730700024017], [-122.00079299968041, 37.097301000207814], [-122.0007340001292, 37.09729599970275], [-122.00025999957795, 37.09734599972259], [-121.99982000026021, 37.0974619999567], [-121.99938000004416, 37.097666000357606], [-121.99934300023426, 37.09771499989446], [-121.99929499965533, 37.09787799995343], [-121.99920000011912, 37.09805300032532], [-121.99901500017118, 37.09821500014142], [-121.99816999989918, 37.09855699996909], [-121.99790799995834, 37.09872600028607], [-121.99777099969101, 37.09877400034551], [-121.99757099967444, 37.09879200009126], [-121.99728699999231, 37.09881800019418], [-121.99688100011147, 37.09906900017744], [-121.9967639999356, 37.0991430000109], [-121.9966169996225, 37.099354999772764], [-121.99654800002553, 37.09939700028376], [-121.99605799958078, 37.099697000186154], [-121.9954109996755, 37.099801000018296], [-121.99516100032854, 37.09981800002556], [-121.99510699990185, 37.09978299979578], [-121.9950249998861, 37.099666000036315], [-121.99501900003834, 37.0996570002678], [-121.99508699981037, 37.09948499994836], [-121.99525000001701, 37.09927699999016], [-121.9952509998419, 37.09914799967755], [-121.99538700028434, 37.09877700030345], [-121.99542900011713, 37.09846400023164], [-121.99542999994205, 37.09843099983508], [-121.9954120003987, 37.098408999801556], [-121.99537399986555, 37.0984080002884], [-121.99532199998704, 37.09841700020535], [-121.99525400021496, 37.09846599997295], [-121.99505500002334, 37.09866999982004], [-121.99494200004541, 37.09882500033057], [-121.99488699979382, 37.099008999794634], [-121.99467699973157, 37.09931000001821], [-121.99445599979862, 37.099560000306454], [-121.99438700020166, 37.09959799984818], [-121.99400300006208, 37.09971599992502], [-121.99395200000846, 37.09974199971083], [-121.99364999988465, 37.09974800026637], [-121.99340399983737, 37.09975299989304], [-121.9933290003926, 37.099775000252784], [-121.99327599979087, 37.09983600023976], [-121.99318100025462, 37.099880000188094], [-121.99304200033745, 37.099915999866276], [-121.99283800012294, 37.09994500021159], [-121.99264399995418, 37.09992599981366], [-121.99248099974754, 37.09985900006937], [-121.99239999955672, 37.09983600023976], [-121.99224899994398, 37.09979299976071], [-121.99201600031546, 37.0997499999738], [-121.99163899984862, 37.09963300016338], [-121.99141799991568, 37.099614999900936], [-121.99124600038654, 37.099626000101644], [-121.99116299964756, 37.09965499984147], [-121.99111900016491, 37.099700000107546], [-121.99111999998983, 37.099772999829526], [-121.99113900025642, 37.099789999843054], [-121.99136600003712, 37.09990499970773], [-121.99189599976656, 37.10042800020457], [-121.99203399985883, 37.1005649999476], [-121.99209300030836, 37.100687000033105], [-121.99208900011041, 37.10074800000224], [-121.9920749998667, 37.10077999990763], [-121.99202999966086, 37.100803999648726], [-121.99170199959778, 37.10085499970017], [-121.99166399996297, 37.100873999865094], [-121.99086300007187, 37.101811000351624], [-121.99081899969094, 37.10192000034771], [-121.99081700004113, 37.10195500030661], [-121.99081299984316, 37.10203700020842], [-121.99105899989047, 37.10265300004025], [-121.99117799971616, 37.1029510003221], [-121.99122399974692, 37.10310899974117], [-121.99124700021143, 37.10318500026031], [-121.99126399992988, 37.10345300001179], [-121.991222999922, 37.10355600025755], [-121.99111199959393, 37.10363299977238], [-121.99100000033926, 37.10365599988217], [-121.99081100019337, 37.10367399990084], [-121.99059399956003, 37.10367100013687], [-121.99040199993945, 37.103672999740745], [-121.99024999960349, 37.103686999832114], [-121.99001000030226, 37.103744999773774], [-121.98989499977623, 37.103778000004866], [-121.98981000028571, 37.10382599972913], [-121.98979600004203, 37.103842000108095], [-121.98975599985906, 37.10388900035097], [-121.98972999991979, 37.10395399980046], [-121.98972700044506, 37.10402799987735], [-121.98977599995055, 37.10409699982579], [-121.98985100029361, 37.10415299986236], [-121.99006600037876, 37.104240999733875], [-121.99027399989293, 37.10434200003837], [-121.99060100013106, 37.10445099997476], [-121.99079699994967, 37.10454199994605], [-121.99095500013338, 37.10461600016496], [-121.99152000002292, 37.10491600017618], [-121.99192500007888, 37.105144999788656], [-121.99219100021763, 37.10541000007473], [-121.99218199999682, 37.105548999675634], [-121.99214400036199, 37.10567400001637], [-121.992068000194, 37.10573599968472], [-121.99171300036677, 37.10589399974249], [-121.99167599965854, 37.10593000014484], [-121.99164999971927, 37.10598100032732], [-121.99164999971927, 37.1060389999453], [-121.99167300018378, 37.10608500012952], [-121.99180600025318, 37.106231000093054], [-121.99217699997395, 37.10646899970509], [-121.99251300043292, 37.10665600030845], [-121.99264599960401, 37.106745000257206], [-121.99273299964264, 37.10682599987012], [-121.99274299968837, 37.10689400001782], [-121.99270900025151, 37.106965999854786], [-121.99254299967184, 37.10719599983071], [-121.99248800031857, 37.10729900000155], [-121.99247599972468, 37.107742999830194], [-121.99247400007489, 37.10782399980863], [-121.99245999983117, 37.107925999737844], [-121.99239200005911, 37.1080299997349], [-121.9922439999211, 37.10814899967352], [-121.99191500003313, 37.10876999969655], [-121.99186499980442, 37.108871999784476], [-121.99181999959858, 37.10913800001375], [-121.99181299992587, 37.1091810002028], [-121.99181600029894, 37.109205000147725], [-121.99182700016958, 37.109275999850794], [-121.99186599962931, 37.10935299999839], [-121.99192400025396, 37.10930400010891], [-121.99209999998105, 37.10924600012562], [-121.99207099966875, 37.10919700016691], [-121.99345800026404, 37.1091890001853], [-121.9946800001046, 37.109174999678075], [-121.99469000015037, 37.10924800029873], [-121.99601599974798, 37.10924800029873], [-121.9988200001775, 37.10925500018771], [-121.99880699975871, 37.109182999661215], [-121.99878599984233, 37.10913900010174], [-121.99877199959862, 37.10891899977173], [-121.99880599993382, 37.10879200030303], [-121.99897800036126, 37.10853400034302], [-121.999060000377, 37.108342000302166], [-121.9991149997303, 37.10812700031303], [-121.99914900006549, 37.107930000153665], [-121.99915499991327, 37.10764899979969], [-121.99917599982966, 37.107528000289825], [-121.99922400040853, 37.10741299981866], [-121.9993680003486, 37.10717699981869], [-121.99952499980911, 37.107067000107804], [-121.99971099958196, 37.106978999937496], [-121.9999030001009, 37.10693499981401], [-122.0000880000488, 37.10693499981401], [-122.00046499961736, 37.10700600021227], [-122.00057500012053, 37.1070170000561], [-122.00067100038001, 37.10693399969691], [-122.00083500041156, 37.10672500001221], [-122.00106899986496, 37.106527999788234], [-122.00175400030341, 37.10649799969098], [-122.00233099988847, 37.106444000202416], [-122.00271500002803, 37.10633400014334], [-122.00277699995232, 37.10628999964514], [-122.00290699964864, 37.10612000031323], [-122.00292799956505, 37.10598199974055], [-122.00290800037186, 37.105730000319916], [-122.00310699966519, 37.10499899988105], [-122.00316899958948, 37.104664000074656], [-122.00331400025273, 37.10429600022851], [-122.00342399985757, 37.103861999681506], [-122.00344399994908, 37.10367500006097], [-122.0034720004365, 37.10365300011743], [-122.00369900021721, 37.10342199996607], [-122.0037190003087, 37.10337299982169], [-122.00373299965408, 37.10320200022459], [-122.00364399996562, 37.10304300011463], [-122.00355500027717, 37.10294399985049], [-122.00352099994198, 37.1028780000802], [-122.00358899971404, 37.102817999848305], [-122.00369900021721, 37.102784999915464], [-122.0037750003852, 37.10280099979785], [-122.0040080000137, 37.10289500011338], [-122.00409000002946, 37.10290000024883], [-122.00416500037255, 37.10293300013157], [-122.0045360000933, 37.10300000002305], [-122.00466599978962, 37.10300500015157], [-122.00496799991343, 37.102977999883414], [-122.0051190004245, 37.10300000002305], [-122.00568099994095, 37.1029510003221], [-122.00580499978952, 37.1029510003221], [-122.00594200005688, 37.1029229998647], [-122.00616800001268, 37.102929000168295], [-122.00650500029657, 37.1030719999793], [-122.00661400007652, 37.10315400010486], [-122.00679900002443, 37.10321000012217], [-122.00706699981306, 37.10324799998235], [-122.00729299976886, 37.10322099980086], [-122.00777999984058, 37.10329200009834], [-122.00785600000856, 37.10333100008206], [-122.0083360004076, 37.103694000235066], [-122.0088159999083, 37.103781999923314], [-122.00920000004784, 37.103793000235406], [-122.0098310000596, 37.103760000010844], [-122.0103730003829, 37.10368400006862], [-122.0125340002068, 37.10378900031748], [-122.01324100038653, 37.103757000250226], [-122.01343300000718, 37.103794999836055], [-122.01385800015463, 37.10399899966217], [-122.01513400042182, 37.104278999793294], [-122.01664300031757, 37.10471400024676], [-122.01713000038929, 37.104797000173036], [-122.01813100029692, 37.10523099966139], [-122.01855600044435, 37.10538000025111], [-122.01883699975345, 37.10545099995778], [-122.01954399993318, 37.10549000026279], [-122.01995599966182, 37.105528999831265], [-122.02071700026823, 37.105748999978545], [-122.02145100021215, 37.10585900017072], [-122.0215530003194, 37.10589999981073], [-122.02168399984065, 37.10595200014348], [-122.02183700000153, 37.1060939998508], [-122.02188100038245, 37.10605999978365], [-122.02195099980435, 37.10601499971349], [-122.02195599982723, 37.104522999984724], [-122.02196900024603, 37.10125200034578], [-122.02197900029178, 37.09901199974321], [-122.02198099994159, 37.0986050001356], [-122.0286569997571, 37.09835100007343], [-122.0308810002285, 37.09826599978633], [-122.0309020001449, 37.09817500015711], [-122.03135499988143, 37.098003000055606], [-122.031959000129, 37.0975870000287], [-122.03231800015422, 37.09701600027185], [-122.03240799966758, 37.09690999970037], [-122.03403999958697, 37.09627300006455], [-122.03460299982667, 37.094982999676745], [-122.03484800004905, 37.094886000180075], [-122.03515799967045, 37.093922000117324], [-122.03502799997412, 37.09324500000315], [-122.0351829997848, 37.09304900013444], [-122.03539899969489, 37.09270600021913], [-122.03549300030453, 37.092243000215156], [-122.03470900013187, 37.09224700002613], [-122.03478600012478, 37.09166700015386], [-122.03570599984154, 37.09166700015386], [-122.03570599984154, 37.09130399969869], [-122.03570599984154, 37.08862599983593], [-122.03678999958983, 37.08713600022261], [-122.03787300041154, 37.085645000300616], [-122.03789699980264, 37.085616000215175], [-122.0391730000699, 37.08564699966362], [-122.0392860000478, 37.08558999988199], [-122.0407730002022, 37.08484700015253], [-122.0411730002353, 37.08374699984824], [-122.04287299992671, 37.08264700006421], [-122.04277300036763, 37.081746999965176], [-122.04347299997637, 37.080846999931154], [-122.04297300038415, 37.08014699976413], [-122.04297300038415, 37.07784700029361], [-122.04327299995983, 37.07724699973832], [-122.04337300041726, 37.076247000206685], [-122.04504999964416, 37.0730160002202], [-122.0460730001914, 37.07104700005417], [-122.04507200028378, 37.06831800019402], [-122.04497299965124, 37.068047999645685], [-122.04547300014178, 37.06524800007987], [-122.04529999988942, 37.06488100016932], [-122.04377299955199, 37.06164799981193], [-122.0447729996347, 37.059748000050554], [-122.04507300010867, 37.05794799973658], [-122.04570199957232, 37.05632800000619], [-122.04602700016063, 37.05623500007379], [-122.04724800017628, 37.055911999955015], [-122.04845199957518, 37.05561200024665], [-122.0489389996469, 37.05549599977382], [-122.0491420000365, 37.05544700018828], [-122.04953399967363, 37.05536199982265], [-122.04982400010188, 37.05531400023199], [-122.05003400016416, 37.0552809996893], [-122.05018300012706, 37.05525699987214], [-122.05078700037467, 37.05516999984403], [-122.05087799971294, 37.055158999643844], [-122.05089000030681, 37.05508200034859], [-122.05096099955362, 37.054948999752554], [-122.05105000014039, 37.05486100000087], [-122.05085299959859, 37.054802999929485], [-122.05094700020823, 37.05359600008922], [-122.0508979998044, 37.052948000160576], [-122.05092100026897, 37.052767000357996], [-122.05084500010096, 37.05262699990569], [-122.05070399963566, 37.05244399981596], [-122.05069199994008, 37.052352999665885], [-122.05056899991644, 37.05139500013087], [-122.05052799990857, 37.051076000034044], [-122.0505229998857, 37.05089100022667], [-122.05050799981707, 37.050336000249544], [-122.05050399961912, 37.05015200022165], [-122.05049000027375, 37.04962799969319], [-122.05047299965699, 37.048990999959486], [-122.05040499988493, 37.046339000000565], [-122.05039999986204, 37.046122000097164], [-122.05038099959548, 37.04519599977248], [-122.05228100020177, 37.04339299988119], [-122.0519730002302, 37.043195999965604], [-122.05186199990212, 37.043125000023544], [-122.05172899983273, 37.0430490002342], [-122.05161300038007, 37.04297500013975], [-122.05144400032569, 37.04289099967383], [-122.0512479996088, 37.042812999875025], [-122.05103199969871, 37.042748999869886], [-122.0509239997437, 37.04272499967481], [-122.05239400017967, 37.041265999855995], [-122.05443299980485, 37.039246999937376], [-122.05680700006405, 37.03689200021948], [-122.05794199986597, 37.03576900006661], [-122.05811000009547, 37.03560199993055], [-122.05827900014987, 37.035435000144275], [-122.05906599979724, 37.03461900028271], [-122.05989299962759, 37.03387699996974], [-122.06237700038999, 37.031651999668796], [-122.06293899990648, 37.03114799991757], [-122.06320500004523, 37.03091100017174], [-122.06317099971004, 37.03080199991933], [-122.06311299998372, 37.0307169999232], [-122.06297999991435, 37.03063500033448], [-122.06283599997431, 37.03061500008907], [-122.0627439999128, 37.030622000067986], [-122.06255099956894, 37.03069100013316], [-122.06228899962811, 37.030799000140476], [-122.0621039996802, 37.03084599977029], [-122.06184400028752, 37.03085899999849], [-122.06157399995077, 37.030843999679846], [-122.06123400019214, 37.03081099997244], [-122.06046400026321, 37.03067200030852], [-122.05954799984609, 37.03049200014908], [-122.05926400016396, 37.03039799970503], [-122.05910099995732, 37.030305000272655], [-122.05892900042821, 37.03016299987871], [-122.05885599973494, 37.03007299996628], [-122.0587960003588, 37.02983900026859], [-122.05879800000865, 37.02961999969616], [-122.05878499958986, 37.02898700016946], [-122.05881200025236, 37.028755000140066], [-122.05893699992582, 37.02864400023089], [-122.05908000004095, 37.0284659997213], [-122.05912100004883, 37.028312999687174], [-122.05910099995732, 37.02822600033187], [-122.05902499978937, 37.02799100023976], [-122.05897299991082, 37.027813000351344], [-122.0589920001774, 37.02731400032604], [-122.05897399973574, 37.02680300014513], [-122.05890299959063, 37.026458000178636], [-122.05888300039744, 37.02634699978144], [-122.05888099984931, 37.02624300032166], [-122.0589009999408, 37.026176999763166], [-122.0589429997736, 37.026116999792464], [-122.05896000039034, 37.02609900000715], [-122.05897299991082, 37.02607399982014], [-122.05908599988872, 37.02595299991756], [-122.05915399966078, 37.025863000036935], [-122.0592020002397, 37.02577399980308], [-122.05924300024758, 37.02566800004926], [-122.05930599999677, 37.02547000028884], [-122.05935799987529, 37.02515700027043], [-122.05937700014186, 37.0248929996556], [-122.05940999975383, 37.024545000312], [-122.05944300026408, 37.02444799965032], [-122.05952399955665, 37.02435299984341], [-122.05963499988474, 37.02428800028453], [-122.05979300006848, 37.0242380001447], [-122.06013700002505, 37.02417100022126], [-122.06033100019381, 37.02412300027185], [-122.06053200003525, 37.02405700002298], [-122.06067799962513, 37.02399999985971], [-122.06076499966379, 37.02395400007428], [-122.0608230002884, 37.023912000089915], [-122.06087099996898, 37.02386399997685], [-122.0609200003728, 37.02380699966877], [-122.06102999997762, 37.02364899995017], [-122.06117999976547, 37.023483999983966], [-122.06135999969051, 37.023236999973385], [-122.06140700044452, 37.02313699971171], [-122.06142300033802, 37.023084999953895], [-122.06143599985852, 37.022978000243796], [-122.06143400020868, 37.0229249998691], [-122.06141300029228, 37.02281899972594], [-122.06138200033016, 37.02274800009538], [-122.06136200023865, 37.02268399967454], [-122.06134899981986, 37.02261900012209], [-122.06134200014718, 37.02255300000103], [-122.0613429999721, 37.02248800033646], [-122.06135100036802, 37.02242200010159], [-122.06134799999494, 37.02235899992169], [-122.06135499966767, 37.0222919997755], [-122.0613580000407, 37.022048000317376], [-122.06135399984275, 37.02185100025065], [-122.0613789999571, 37.02156399971985], [-122.06137800013218, 37.02150600002819], [-122.06138900000283, 37.02144900010263], [-122.06141199956905, 37.021393999756384], [-122.06144799955408, 37.021342000240026], [-122.06152899974492, 37.02124499979194], [-122.06179999990657, 37.02104399981502], [-122.06190200001382, 37.020942999718635], [-122.06196999978587, 37.02084499966012], [-122.06208199993888, 37.02064099987938], [-122.0621329999925, 37.02052899976686], [-122.06222199968097, 37.02038000025776], [-122.06238999991047, 37.020154999987994], [-122.06254499972115, 37.01998499974071], [-122.06279499996641, 37.019697000217285], [-122.06285299969272, 37.019642000037265], [-122.06291700016516, 37.01959099987384], [-122.06298900013519, 37.0195439997351], [-122.06303599999082, 37.01952199976701], [-122.0631180000066, 37.01946999968668], [-122.06318800032678, 37.01940900031952], [-122.06324299968007, 37.01933799965401], [-122.06328299986302, 37.01926099988765], [-122.06330499960434, 37.01917900012514], [-122.0633079999774, 37.01909599971567], [-122.06330200012961, 37.01904400006104], [-122.0633420003126, 37.018453999914705]]]}, "properties": {"ZCTA5": "95066", "GEOID": "95066", "NAME": "ZCTA5 95066", "AREALAND": 48495941, "INTPTLAT": "+37.0671978", "INTPTLON": "-122.0145209", "zcta": "95066", "place": "95066 Scotts Valley", "name": "ZCTA5 95066"}}, {"type": "Feature", "geometry": {"type": "Polygon", "coordinates": [[[-121.98769299994446, 37.02440899997046], [-121.98759599986009, 37.02437499984703], [-121.98751300001939, 37.02431799992237], [-121.98748500043031, 37.02429100032059], [-121.98745299974495, 37.02426000018157], [-121.98742299960773, 37.02419600031734], [-121.98741299956197, 37.0241509997081], [-121.98740900026233, 37.02409400033256], [-121.98741799958486, 37.02393800004879], [-121.98743900039958, 37.02383400015979], [-121.98750999964636, 37.023580999724956], [-121.98753800013377, 37.02340499982982], [-121.98753200028598, 37.02338300026251], [-121.98751700021737, 37.023357999898884], [-121.98746500033882, 37.023310999938865], [-121.98740400023947, 37.02328099990342], [-121.98733200026943, 37.023264999736185], [-121.98728500041378, 37.023266000239815], [-121.9872440004059, 37.02327700004123], [-121.98708799987197, 37.02334700010925], [-121.98702500012278, 37.023387999903974], [-121.98698300028998, 37.02343099996227], [-121.98689299987826, 37.02354399988273], [-121.98678499992326, 37.02372000017306], [-121.98673999971741, 37.02378200016189], [-121.98668600018904, 37.02383400015979], [-121.98662300043988, 37.02388200029175], [-121.98658800027978, 37.02390299993655], [-121.98655899996746, 37.02391399964569], [-121.9865120001118, 37.02392500007044], [-121.98640900017963, 37.02391299986781], [-121.98633300001163, 37.023896999833674], [-121.98617400000298, 37.02384400010013], [-121.98610500040603, 37.023827000272455], [-121.98603699973563, 37.02382199994272], [-121.9859430000243, 37.02383299966363], [-121.98589100014577, 37.02385600031371], [-121.98584699976485, 37.02389800032904], [-121.98581499997778, 37.0239519998023], [-121.98573499961185, 37.024124999822114], [-121.98567199986266, 37.02420399994473], [-121.98564300044865, 37.02422999980367], [-121.98561099976328, 37.02424499999411], [-121.9855709995803, 37.024255999653775], [-121.98553100029565, 37.02426000018157], [-121.98549000028777, 37.024257000144345], [-121.98545199975464, 37.02424899980532], [-121.98542099979251, 37.02423699965387], [-121.9853930002034, 37.02421699987529], [-121.98537300011189, 37.024194999825966], [-121.98536600043921, 37.02417500003632], [-121.98537300011189, 37.0241520002001], [-121.98540999992184, 37.02409299983984], [-121.9854779996939, 37.02401100027207], [-121.98551500040215, 37.02395300029688], [-121.98555100038715, 37.023877999743995], [-121.98563199967968, 37.02367599978006], [-121.98569500032718, 37.02356900018515], [-121.98577899999277, 37.0234630002234], [-121.98596499976563, 37.02325600022339], [-121.98623500010235, 37.02298900008686], [-121.98629299982868, 37.02291499980773], [-121.9863360003847, 37.02284199996579], [-121.98636999982158, 37.02277100035673], [-121.98639099973796, 37.02271200035838], [-121.98640499998166, 37.02264400001169], [-121.98641199965436, 37.022574999808654], [-121.98641000000453, 37.02250399995011], [-121.98639900013387, 37.02243399982258], [-121.98637999986731, 37.02236800025798], [-121.9863520002782, 37.02230599983233], [-121.98622699970643, 37.02202899976525], [-121.98612700014732, 37.02182799971078], [-121.98607000024592, 37.02171100016217], [-121.9859990001008, 37.021584000196874], [-121.98594200019939, 37.02150200007261], [-121.98588299974985, 37.02143199973903], [-121.98580499993206, 37.02135800009497], [-121.98571600024358, 37.02128699981633], [-121.98558099962604, 37.021197999959185], [-121.9854290001884, 37.0211150003208], [-121.98526299960875, 37.02104099965074], [-121.98508799970656, 37.020977999760134], [-121.98492000037537, 37.02092999994502], [-121.9849019999337, 37.02092599995911], [-121.98474600029812, 37.02089499988146], [-121.98456600037305, 37.02087099995145], [-121.9843799997019, 37.020858000165525], [-121.9843250003486, 37.02083000023285], [-121.98428599999055, 37.020799999934894], [-121.98426500007419, 37.02076700016729], [-121.98426099987621, 37.020716999861705], [-121.98428299961752, 37.020628000054096], [-121.98429299966327, 37.0205470001547], [-121.98429199983835, 37.02051999992997], [-121.98426500007419, 37.02041199965226], [-121.98421599967037, 37.02027199978105], [-121.98417999968537, 37.02020199974871], [-121.98401700037707, 37.019991999981976], [-121.98397200017122, 37.019921999691675], [-121.983942000034, 37.01985100022278], [-121.98393500036127, 37.01980500007684], [-121.98393700001111, 37.01954299989971], [-121.98393100016334, 37.0193740002725], [-121.98393199998824, 37.01936100023043], [-121.98395299990463, 37.019157000051365], [-121.98395200007971, 37.01908300034329], [-121.98383400007894, 37.01839699985115], [-121.98377800000246, 37.017990999935954], [-121.9837820002004, 37.01790099994722], [-121.98379999974375, 37.017813000285514], [-121.98382800023117, 37.01760799967576], [-121.98382200038338, 37.01747599999459], [-121.98378999969802, 37.01681200009848], [-121.98380599959154, 37.016420000028546], [-121.98381999983526, 37.01636500034549], [-121.98392000029268, 37.01617100024583], [-121.98393100016334, 37.016131000023194], [-121.98393899966092, 37.01588000024357], [-121.98429799968613, 37.014742000087026], [-121.98430500025714, 37.014705000244], [-121.98430100005919, 37.01464900013719], [-121.98427900031787, 37.014594999790184], [-121.98423999995981, 37.014548000147634], [-121.98421599967037, 37.01452999977318], [-121.98418800008129, 37.01451000030854], [-121.9841250003321, 37.01448499989441], [-121.9840559998368, 37.01447400025471], [-121.98398499969169, 37.01447699996098], [-121.9837110000553, 37.014564999899584], [-121.98335500040314, 37.014683000309454], [-121.9832609997935, 37.01470999973921], [-121.98318999964839, 37.01471400005236], [-121.9831190004016, 37.01470299972856], [-121.98305499992918, 37.01467800009517], [-121.98300100040083, 37.014641000221026], [-121.9829729999134, 37.01460999973099], [-121.98290500014134, 37.014492999826984], [-121.98289199972255, 37.01444099989152], [-121.98289500009561, 37.01438899992048], [-121.9829290004308, 37.014305000112735], [-121.98303200036297, 37.014145000188044], [-121.98312699989921, 37.01401500004599], [-121.98314899964049, 37.01395800023909], [-121.98316299988423, 37.01386200031674], [-121.98317399975487, 37.013579000108884], [-121.98316999955689, 37.013536000213186], [-121.98315399966339, 37.0134590003058], [-121.98316500043236, 37.01342000000621], [-121.9832370004024, 37.013353999784684], [-121.9833079996492, 37.01329999995206], [-121.98340499973354, 37.01325099967226], [-121.98349599997016, 37.013237000098854], [-121.98361499979582, 37.01323600018048], [-121.98372799977372, 37.0132569998985], [-121.98405300036207, 37.013353999784684], [-121.98417899986046, 37.01337400027085], [-121.98427099992197, 37.01337799993707], [-121.9843720002043, 37.013370999803726], [-121.98470500029025, 37.01330400033948], [-121.98475899981858, 37.01328100008152], [-121.98479700035172, 37.01325500006227], [-121.9848440002074, 37.01321599965799], [-121.98486799959852, 37.01317300027417], [-121.98487400034462, 37.013126999672046], [-121.98485799955277, 37.013068999995866], [-121.98476899986433, 37.01282900002426], [-121.98475100032095, 37.01278100008243], [-121.98440999983912, 37.01247000000884], [-121.98438999974763, 37.012439000067836], [-121.98438300007496, 37.012405000326254], [-121.98440399999136, 37.01211099973229], [-121.98442400008283, 37.01207400004297], [-121.98446599991561, 37.012051000130086], [-121.98463800034308, 37.01198700002397], [-121.9847119999629, 37.01195499995073], [-121.9847670002145, 37.011922999863955], [-121.9847949998036, 37.01189700009739], [-121.98480800022239, 37.011851000157534], [-121.98479999982648, 37.01179500009959], [-121.9847119999629, 37.01163699979058], [-121.98456600037305, 37.01141499999993], [-121.98452500036515, 37.01133900003894], [-121.98450400044878, 37.01125700033556], [-121.98447699978628, 37.01055600018775], [-121.98448299963407, 37.01033699997856], [-121.98448000015934, 37.010273999821166], [-121.98447500013646, 37.01015299986205], [-121.98448600000712, 37.00999399976513], [-121.9845139995962, 37.009848000290006], [-121.98454299990851, 37.00972800033454], [-121.98449100002999, 37.009650000190184], [-121.98443099975552, 37.00957099999919], [-121.98423599976184, 37.00927000012611], [-121.98386699969092, 37.008788999844626], [-121.98365599980372, 37.00844199989314], [-121.98331299967204, 37.00787699965462], [-121.98314600016579, 37.007551999696986], [-121.9829150001871, 37.007011000027525], [-121.98289500009561, 37.00693099996176], [-121.9828880004229, 37.00668299994029], [-121.98297399973832, 37.006099000026], [-121.98293199990553, 37.00609599998905], [-121.9828930004458, 37.006108000136074], [-121.98283099962319, 37.006116000233085], [-121.98276899969892, 37.00611000016041], [-121.9827109999726, 37.006090999927245], [-121.98266099974389, 37.006061000266726], [-121.98241100039694, 37.00610500009953], [-121.98176500031656, 37.00647700014613], [-121.9813329995981, 37.006699000012354], [-121.98111000001535, 37.00670000001678], [-121.98071599983005, 37.006928999959065], [-121.98052500003436, 37.00710599999624], [-121.98049099969914, 37.00716599991531], [-121.98035400033011, 37.00730400026681], [-121.98025100039794, 37.00742999971392], [-121.98011400013061, 37.007573000268145], [-121.9800019999776, 37.007674000201554], [-121.97992300033489, 37.007744000296796], [-121.97968800015828, 37.00800500027845], [-121.97958699987592, 37.0081170001992], [-121.97956699978442, 37.00816100027661], [-121.97945700017956, 37.00826600008127], [-121.97934800039964, 37.00841700035228], [-121.97923899972137, 37.00856900030311], [-121.97919699988857, 37.00862799980573], [-121.9791280002916, 37.00879299975213], [-121.97912200044384, 37.008989999958125], [-121.9791149998728, 37.00920000000149], [-121.97904700010078, 37.009298999984644], [-121.9790000002451, 37.00934000018626], [-121.97888200024431, 37.00944199989208], [-121.9788389996883, 37.009493999661345], [-121.97881399957394, 37.00952400011899], [-121.97869399992335, 37.009713000147464], [-121.97853599973958, 37.009958999685566], [-121.97799299959138, 37.01016500008594], [-121.97731899992192, 37.0104209998681], [-121.97636700041808, 37.01078300008902], [-121.97582500009477, 37.010990000355974], [-121.97454200015487, 37.010292999726104], [-121.97440700043565, 37.007086000012684], [-121.97094600005508, 37.00629500003065], [-121.9710809997743, 37.005534000306504], [-121.97122399988945, 37.003656000324376], [-121.97151299959444, 36.99986499994067], [-121.97023100037774, 36.999675999819544], [-121.97027499986035, 36.999539000068175], [-121.97041499960244, 36.99919200022187], [-121.97046300018134, 36.99901300020101], [-121.97046499983115, 36.998961999825326], [-121.97045599961031, 36.998878000187055], [-121.97039600023417, 36.99848999990208], [-121.97039600023417, 36.99845699977351], [-121.97040899975465, 36.99838199988466], [-121.97044200026491, 36.99824000009341], [-121.970510000037, 36.99803499978043], [-121.97057500033432, 36.99783500023741], [-121.97062899986267, 36.997623000118786], [-121.97065399997703, 36.997572999652704], [-121.97076899960477, 36.99738599982788], [-121.9707929998942, 36.99733200013055], [-121.97091400026805, 36.997073000358206], [-121.97091500009294, 36.99704099974616], [-121.97089599982637, 36.996933999955964], [-121.97086300021442, 36.99683599978804], [-121.97077700000068, 36.996621000060685], [-121.97066300019787, 36.99638300009407], [-121.97045499978542, 36.9958480000304], [-121.97038899966317, 36.99562600004698], [-121.97036600009696, 36.99552499989171], [-121.9703560000512, 36.99539600034367], [-121.97037600014269, 36.99517200016367], [-121.97038700001336, 36.995050999843215], [-121.97041100030278, 36.99491800028872], [-121.97046700037929, 36.99469800006736], [-121.9705669999384, 36.994437999767904], [-121.97058200000703, 36.9943980003052], [-121.97068800031225, 36.99416300034653], [-121.97073000014504, 36.9940310001276], [-121.97075600008428, 36.9939209998897], [-121.97077100015291, 36.99379800010055], [-121.9707779998256, 36.993668999775515], [-121.97077399962762, 36.99348299985597], [-121.97075199988633, 36.993304000028516], [-121.9707569999092, 36.99312199994843], [-121.97076600013004, 36.99307300029396], [-121.97081100033589, 36.992853999944245], [-121.97085300016867, 36.99275900010423], [-121.97092299959056, 36.99263000016931], [-121.97094000020729, 36.99257400030187], [-121.97095000025305, 36.992516000011314], [-121.97095100007795, 36.99240500025975], [-121.97094199985713, 36.99232899994857], [-121.9708980003745, 36.99220400006462], [-121.97083800010004, 36.992088000309906], [-121.97078600022152, 36.99202200022212], [-121.97069199961187, 36.991928000259044], [-121.9705250001056, 36.991795999748454], [-121.97026900001256, 36.991630000020415], [-121.97020600026337, 36.99158100012222], [-121.97015400038484, 36.99152699989032], [-121.97010400015613, 36.991463999930076], [-121.97006499979807, 36.991419000029005], [-121.97003600038407, 36.99136299998744], [-121.96999399965296, 36.99124099985654], [-121.96998199995741, 36.99117799965945], [-121.9699829997823, 36.991103999976254], [-121.96998600015536, 36.99104000017277], [-121.96999600020109, 36.990963999932646], [-121.9700310003612, 36.99082199992241], [-121.97012699972237, 36.990570999801605], [-121.97016000023262, 36.990455999926915], [-121.97017500030124, 36.990379000319216], [-121.97018100014903, 36.99029199986725], [-121.97016799973024, 36.99015199976408], [-121.97013900031624, 36.99004199965597], [-121.97011300037694, 36.989975999945294], [-121.9700530001025, 36.9898680000342], [-121.96997399956149, 36.98977000008854], [-121.96994099994951, 36.989716000005885], [-121.96992900025393, 36.989679999690374], [-121.96990800033753, 36.989579999760856], [-121.96990699961432, 36.98955599998786], [-121.96990400013958, 36.98950199975327], [-121.96990999998738, 36.98942799987456], [-121.96992099985803, 36.989327000098406], [-121.96992400023106, 36.98930799997633], [-121.96993099990377, 36.98926000025106], [-121.96994299959935, 36.98916100000448], [-121.96993699975155, 36.98907000008452], [-121.96992199968292, 36.98895800008879], [-121.96989900011671, 36.98885900016664], [-121.96981499955281, 36.98860999979294], [-121.96975500017668, 36.98846700016653], [-121.96974799960567, 36.98844700030274], [-121.96970300029815, 36.9883210002506], [-121.96969499990223, 36.988300000102], [-121.96968099965852, 36.98827499967838], [-121.9695400000915, 36.98800999984918], [-121.96952199964984, 36.98794600031255], [-121.96950800030447, 36.98784800004315], [-121.96951199960411, 36.987749000111435], [-121.96954099991643, 36.98763900011593], [-121.969552999612, 36.9875949996427], [-121.9695800002745, 36.987601999996905], [-121.97024700027124, 36.98772400022428], [-121.97024399989822, 36.987702999910915], [-121.970249999746, 36.98751000010771], [-121.97026599963954, 36.98740700013879], [-121.97028200043135, 36.98736500004873], [-121.97042499964817, 36.98722599984155], [-121.97045800015846, 36.987198999978325], [-121.97050599983902, 36.98716299990662], [-121.97062899986267, 36.98710700031929], [-121.97071400025149, 36.987050999973206], [-121.97086599968912, 36.986926000025775], [-121.97101800002511, 36.98678000002227], [-121.97111900030744, 36.98670999999984], [-121.97126300024748, 36.98658800029885], [-121.97127999996592, 36.986564000299396], [-121.97128599981372, 36.98642600033472], [-121.97124999982869, 36.98630299990557], [-121.97113600002588, 36.986139000220035], [-121.97111000008663, 36.9860769996605], [-121.97108400014736, 36.986050000107035], [-121.97104899998725, 36.98598800019253], [-121.97100499960632, 36.98594100008475], [-121.97096899962129, 36.985885000315456], [-121.97092599996361, 36.98581800030661], [-121.97090000002434, 36.985756000203025], [-121.97088199958269, 36.985735000063876], [-121.97087300026016, 36.985700999860484], [-121.97082999970412, 36.98564699975949], [-121.97076799977985, 36.985522999940635], [-121.97074500021363, 36.985395999783556], [-121.97075100006141, 36.9853370001921], [-121.97076699995493, 36.98516200028359], [-121.9708129999857, 36.98506200015513], [-121.97084499977275, 36.9849719999271], [-121.9709030003974, 36.98491999989031], [-121.97096299977353, 36.984857000198375], [-121.97108999999514, 36.98476299999143], [-121.97119200010239, 36.98467600029192], [-121.97121700021675, 36.98464499978106], [-121.97122899991231, 36.98457300007359], [-121.97119999959997, 36.98408800020885], [-121.97114500024672, 36.983690999920924], [-121.97111900030744, 36.983501000196135], [-121.9711019996907, 36.983425999909734], [-121.97107999994938, 36.98333399999329], [-121.97105900003301, 36.98324099965271], [-121.97076500030512, 36.98317600009559], [-121.97061999964184, 36.98314400009448], [-121.97014699981384, 36.983058000293994], [-121.96987900002524, 36.98301700027149], [-121.96971300034389, 36.982992999863], [-121.9695819999243, 36.98297600022683], [-121.96956299965771, 36.98297299999518], [-121.96950599975632, 36.98296500033363], [-121.969488000213, 36.9829629997005], [-121.96935699979342, 36.98295100020624], [-121.96873699965231, 36.98288599968383], [-121.96868800014681, 36.98288199984856], [-121.96810700036377, 36.98284799980529], [-121.96647600026931, 36.982768999751606], [-121.9657230000588, 36.98273299973625], [-121.96559300036246, 36.982725999651535], [-121.9655180000194, 36.982721999807914], [-121.96520300037511, 36.98270800035342], [-121.96507399960537, 36.982701999868844], [-121.96493600041143, 36.98269499978128], [-121.96452499960938, 36.98267499983513], [-121.96438800024033, 36.98266900006556], [-121.96400300027587, 36.98265699980739], [-121.96354399979325, 36.98264999971569], [-121.9634140000969, 36.98264799979188], [-121.96273600022948, 36.982661999974965], [-121.9626940003967, 36.98266500021889], [-121.96244699962617, 36.98268199992454], [-121.96211199989041, 36.98269800002391], [-121.961289000258, 36.98276100006856], [-121.96098399976117, 36.98279199991191], [-121.96088900022495, 36.982802999830184], [-121.96054400044345, 36.982831999737456], [-121.96013600001444, 36.98287200025952], [-121.96008499996081, 36.9828769996954], [-121.95993400034807, 36.98289099983634], [-121.95988400011936, 36.98289700030606], [-121.95981700017222, 36.98290300005765], [-121.95979899973055, 36.982915999876646], [-121.95963999972189, 36.98291900011054], [-121.95954699983547, 36.982926999776936], [-121.9594639999948, 36.98293500016008], [-121.95931099983392, 36.9829490002904], [-121.95885200024962, 36.9829909999482], [-121.95869900008874, 36.98300500006816], [-121.95867300014945, 36.983006999982585], [-121.95859500033168, 36.98301400004145], [-121.95857000021728, 36.98301700027149], [-121.95826600044369, 36.98304400018378], [-121.95820500034431, 36.98304999992378], [-121.95735400022454, 36.98313300022557], [-121.95705100027583, 36.98316300032098], [-121.95622799974511, 36.98324000005735], [-121.95549700017425, 36.983309999684806], [-121.95513399995109, 36.98334499983315], [-121.95375999977456, 36.98347399972837], [-121.95370700007112, 36.98347899984229], [-121.95309799980068, 36.98354700006727], [-121.95293700014219, 36.9835479996586], [-121.95290600018005, 36.983550000276296], [-121.95281199957039, 36.983559000185096], [-121.9527820003315, 36.983561999676056], [-121.95272899972973, 36.983566000193115], [-121.95257300009413, 36.983580000207326], [-121.95252100021558, 36.98358500031428], [-121.9524240001312, 36.983592999910634], [-121.95213299987805, 36.98361799972021], [-121.9520369996186, 36.98362700033857], [-121.95146300040655, 36.983673000133514], [-121.9497410000755, 36.983814000267785], [-121.94945700039335, 36.983837999699695], [-121.94916799979005, 36.9838589996449], [-121.94885999981847, 36.98388200019333], [-121.94874400036583, 36.98388599997598], [-121.94815699983668, 36.98391000010276], [-121.94764899984857, 36.98392400005366], [-121.94747099957334, 36.98392400005366], [-121.94704700014913, 36.98392700024782], [-121.9469530004378, 36.9839279998341], [-121.94651200039682, 36.98392599994388], [-121.94490800006655, 36.98392000027297], [-121.94437400013915, 36.98391799966495], [-121.94432700028351, 36.983917000078534], [-121.94418599981819, 36.983917000078534], [-121.94413999978744, 36.983917000078534], [-121.94387700002169, 36.98391599977452], [-121.94308799982618, 36.98391300029747], [-121.94282599988537, 36.9839119999934], [-121.94263300043983, 36.98391099968932], [-121.9420550001315, 36.98390800021207], [-121.9418629996126, 36.98390800021207], [-121.9417799997719, 36.983906999907944], [-121.94153500044786, 36.98390600032138], [-121.94145300043206, 36.98390600032138], [-121.94113600023964, 36.98390500001717], [-121.94053199999207, 36.983901999822145], [-121.93978999965223, 36.983901999822145], [-121.93813699981645, 36.98389400025828], [-121.93729499991753, 36.98389299995396], [-121.93703799999956, 36.98388900017164], [-121.93617000016134, 36.98388599997598], [-121.9340429997743, 36.9838800003019], [-121.93356599974832, 36.983873999909775], [-121.93336499990687, 36.983872000018145], [-121.93275200033678, 36.98385600016566], [-121.93269899973502, 36.98384400009466], [-121.93244400036522, 36.983825000038244], [-121.93208699998982, 36.98380000029665], [-121.93184900033846, 36.983776999723474], [-121.93168000028403, 36.98376099985102], [-121.93165900036766, 36.983758999956414], [-121.93142699966575, 36.98372900009596], [-121.93136399991656, 36.983785000017235], [-121.93134899984793, 36.98380000029665], [-121.93127100003014, 36.983872000018145], [-121.931240000068, 36.983899999931246], [-121.93117399994576, 36.98395399983717], [-121.93110899964844, 36.98400799970477], [-121.93133499960425, 36.984038999757566], [-121.93167899956082, 36.984074000288125], [-121.93185400036134, 36.984093000282414], [-121.93245900043382, 36.98415299970431], [-121.9333950000441, 36.9842279999916], [-121.93396800032954, 36.98427499972252], [-121.9341409996836, 36.98428800002461], [-121.9346600004407, 36.98432900007981], [-121.93483299979474, 36.984342999953554], [-121.93546200015668, 36.984392999789215], [-121.93578799967159, 36.98441900035095], [-121.93591300024337, 36.98442600027984], [-121.93600100010693, 36.98443599966463], [-121.93613400017634, 36.984460999914816], [-121.93619799975042, 36.984482999984635], [-121.93625600037505, 36.984511999969115], [-121.93635199973622, 36.984578000115285], [-121.93640100014001, 36.984622999758095], [-121.93643499957687, 36.98466999996251], [-121.93645800004141, 36.98472099987676], [-121.93647200028512, 36.984800000056204], [-121.93647300011004, 36.984850000309095], [-121.93646499971412, 36.98497000006432], [-121.93637299965262, 36.98550100017157], [-121.9363299999949, 36.98575100023875], [-121.93633099981982, 36.985808999947466], [-121.93634300041369, 36.98583500002525], [-121.93637199982768, 36.98586400021192], [-121.93622600023784, 36.98586199965503], [-121.93553900014955, 36.98572899981806], [-121.93541600012591, 36.9860740002687], [-121.9352870002545, 36.9861440001588], [-121.93525899976706, 36.98625700026572], [-121.93520199986568, 36.986449999660195], [-121.93527800003363, 36.986465000131695], [-121.9352250003302, 36.9866499997244], [-121.93504399968191, 36.98732599999556], [-121.93507200016933, 36.987600999741346], [-121.93502199994062, 36.987589999799305], [-121.93499600000135, 36.987812000278595], [-121.93506499959834, 36.98782800001661], [-121.9348090004036, 36.98853599976392], [-121.93479199978687, 36.9885820001783], [-121.93536400024738, 36.98870300002787], [-121.93571599970157, 36.98877699989443], [-121.93564899975443, 36.98899599978551], [-121.93572099972444, 36.98909999999132], [-121.93574500001388, 36.98908600027547], [-121.93581600015902, 36.9890559996456], [-121.93569899998315, 36.989464999822914], [-121.93500400039727, 36.99135899988041], [-121.9350060000471, 36.99139100001341], [-121.93507200016933, 36.99158599970328], [-121.93523799985068, 36.99191899990537], [-121.93558000015744, 36.99282000005289], [-121.93561399959432, 36.9929489996656], [-121.9356129997694, 36.99303099974503], [-121.93558699983014, 36.99312999997683], [-121.93557500013458, 36.99317199975365], [-121.93554199962432, 36.993297999662296], [-121.93553099975365, 36.993341000243866], [-121.93546200015668, 36.993594999645964], [-121.93537599994293, 36.994019000226785], [-121.93529099955414, 36.99420999967887], [-121.93521000026158, 36.994366000002465], [-121.93512099967484, 36.9944580002088], [-121.93488800004631, 36.99460700031475], [-121.9345569996102, 36.994819999675194], [-121.93454499991464, 36.99482899968556], [-121.93427200010316, 36.9950409997014], [-121.93400799961421, 36.995220999900674], [-121.93370100036587, 36.99537799973866], [-121.9332820000662, 36.99553499996993], [-121.93326799982249, 36.99554700034896], [-121.93299699966087, 36.99576600011847], [-121.93299300036121, 36.995791000232224], [-121.93304500023974, 36.99586199993656], [-121.93238800028871, 36.99597799967459], [-121.9321990001428, 36.996011000161516], [-121.93210000040861, 36.99605100021071], [-121.93204699980687, 36.99610600024402], [-121.93198999990545, 36.996178999939794], [-121.93196700033924, 36.996256000132654], [-121.93189299982107, 36.996575000203585], [-121.93189899966885, 36.9967170002343], [-121.93192499960813, 36.99692199979576], [-121.931865000232, 36.997094999650145], [-121.93183099989677, 36.99719200007225], [-121.9317759996452, 36.99740399995763], [-121.93173499963733, 36.99752799977906], [-121.93225100002137, 36.99776599974928], [-121.93290499959936, 36.998179000187505], [-121.9325699998636, 36.99818400005228], [-121.93227000028791, 36.99851599994977], [-121.93229299985416, 36.999207999718294], [-121.93232800001427, 36.99967900010984], [-121.93174999970593, 37.00076800009324], [-121.93081400009565, 37.00100700004531], [-121.93049100005544, 37.00146000017126], [-121.93040499984173, 37.00143900006356], [-121.93033600024475, 37.002423000108834], [-121.9295429998513, 37.00421800026022], [-121.92915799988683, 37.007401999854814], [-121.92871500019605, 37.00750000003391], [-121.92850799960848, 37.00754499974441], [-121.92846400012586, 37.0083709997409], [-121.9288409996944, 37.0092839997129], [-121.92842399994291, 37.00953399979064], [-121.92790300043431, 37.010886999908976], [-121.92766900008259, 37.01118599994356], [-121.9276420003184, 37.01122100017543], [-121.92719399970645, 37.011647999840896], [-121.92685899997068, 37.01196999969534], [-121.92662499961895, 37.012262000255056], [-121.92639000034062, 37.01274100022733], [-121.92571199957486, 37.01326100028819], [-121.92806800029075, 37.015093000260464], [-121.92638699996756, 37.016420000028546], [-121.92637699992183, 37.016431999980185], [-121.92587499978148, 37.016872000245485], [-121.92581100020739, 37.016853999704296], [-121.92574699973497, 37.01683500000504], [-121.92319199972579, 37.0160959999008], [-121.92250100033789, 37.01589599981423], [-121.92134499972123, 37.01556200000953], [-121.92134800009431, 37.016208999971596], [-121.92082400021266, 37.01626000025324], [-121.9206790004477, 37.01626000025324], [-121.92018300015515, 37.016385000039215], [-121.91936499964731, 37.01620800009233], [-121.91930199989812, 37.016281999731234], [-121.91871000024443, 37.01661500008371], [-121.91812100006547, 37.01735199971575], [-121.9177710002611, 37.01815800006304], [-121.91676100013262, 37.018690999795844], [-121.91608099971708, 37.01935899983752], [-121.91574000013352, 37.0200969999379], [-121.91564899989694, 37.020635000236176], [-121.91573000008779, 37.021645999777256], [-121.91555000016272, 37.022651999802505], [-121.91496000015887, 37.023186999858964], [-121.91478100005872, 37.024127999864604], [-121.91494099989228, 37.02554100024418], [-121.91526300010754, 37.02661799999412], [-121.91601600031808, 37.027361999693404], [-121.91685700039211, 37.028375000230305], [-121.91742800012942, 37.029722999850826], [-121.91742099955842, 37.031406000080025], [-121.91681999968387, 37.03281499981554], [-121.91579899968477, 37.03361700029607], [-121.91360699989872, 37.03441100020919], [-121.91362000031754, 37.035239000003976], [-121.91388100043345, 37.03587300010747], [-121.91362000031754, 37.03619000032544], [-121.91343299982147, 37.03665699969259], [-121.91356400024102, 37.03702999964985], [-121.91268700018196, 37.03744099978794], [-121.91408599957454, 37.03839300008434], [-121.91427300007061, 37.03902699966785], [-121.9146460003395, 37.0394749997396], [-121.91563499965324, 37.04037099984029], [-121.9158780002258, 37.041080000248556], [-121.91643800009246, 37.041752000195245], [-121.91708699964758, 37.041896000229414], [-121.91799499966878, 37.04217300026406], [-121.9177019997658, 37.04302099987749], [-121.91776000039044, 37.043108000209365], [-121.91686800026277, 37.04394799971884], [-121.91477799968567, 37.04416399987267], [-121.9143769998277, 37.04420499990216], [-121.9137600000596, 37.044056999743816], [-121.91346100030886, 37.04393500029744], [-121.9132930000794, 37.043925999648756], [-121.91286399973397, 37.04409400034823], [-121.91212700031532, 37.044225000153375], [-121.9097749997974, 37.04443899978661], [-121.90966299964442, 37.044644999909046], [-121.90967299969014, 37.045158000206975], [-121.90963500005532, 37.04556799987287], [-121.90960699956793, 37.045960000095285], [-121.90931799986294, 37.04649200028316], [-121.90932700008375, 37.04668800005398], [-121.9095139996815, 37.04691100020941], [-121.90981300033054, 37.04748100004044], [-121.90986900040704, 37.04779900001053], [-121.90962599983447, 37.048152999965886], [-121.90938800018311, 37.04849599997207], [-121.90907500018868, 37.04872200033926], [-121.90882400011853, 37.048889999744766], [-121.90850600010118, 37.04902999992123], [-121.90808599997663, 37.04958100021744], [-121.90699499965731, 37.050038000307914], [-121.90557600017326, 37.05018799985699], [-121.90520299990436, 37.050317999752195], [-121.90453099988474, 37.05064499987725], [-121.9031409998147, 37.05097099988868], [-121.90254400013809, 37.0512419996944], [-121.90227299997646, 37.051559000265584], [-121.90193700041578, 37.05217500024643], [-121.90146899971234, 37.05258299977159], [-121.90114700039538, 37.052721000073994], [-121.89932200013214, 37.05269800028001], [-121.89896099955881, 37.05309600018932], [-121.89798999978842, 37.05361999971477], [-121.89676600029804, 37.053670999969256], [-121.89563599962067, 37.05352200024002], [-121.89410599980856, 37.05321799996689], [-121.89329599969666, 37.05396699978564], [-121.89330999994034, 37.05481400018129], [-121.89262200002719, 37.05471099965117], [-121.89237500015496, 37.05437599980704], [-121.89208599955164, 37.05432600012074], [-121.89168700024177, 37.05434800004411], [-121.88935399999045, 37.05551599991746], [-121.88915700034696, 37.055614999762135], [-121.8889849999195, 37.055540999731114], [-121.88908799985167, 37.05542200034366], [-121.88886899956857, 37.054981999722756], [-121.88878499990298, 37.05491799994131], [-121.88837599964906, 37.054850999843396], [-121.88826199984624, 37.054856000280736], [-121.88815899991407, 37.05487000006979], [-121.88809299979182, 37.05485300001837], [-121.88792899976029, 37.0546690001884], [-121.88779900006396, 37.054604000052166], [-121.8876400000553, 37.0546159997065], [-121.88700499984559, 37.054776999784224], [-121.88679399995839, 37.054922000287675], [-121.88608099993087, 37.05507800001066], [-121.88620999980229, 37.055218000242654], [-121.88669799969891, 37.05534800012442], [-121.88724800041814, 37.056096000355446], [-121.8872940004489, 37.057109999716054], [-121.88718599959556, 37.05752200015901], [-121.88708000018865, 37.057933999798564], [-121.88701900008928, 37.05914699964178], [-121.88697300005853, 37.059437000157864], [-121.88659200029201, 37.05948299995494], [-121.88625599983304, 37.05909400013715], [-121.88598100037176, 37.058933999933565], [-121.88570699983705, 37.05917000034863], [-121.8854929995768, 37.05873500013706], [-121.88500499968018, 37.058384000199986], [-121.88451599995862, 37.058964000221465], [-121.88413500019212, 37.059140000142186], [-121.88379899973314, 37.05892599966365], [-121.88337199993587, 37.058727999882514], [-121.88282299993989, 37.05870499975862], [-121.88248700037921, 37.058857000167876], [-121.88227300011899, 37.05926200023865], [-121.88193800038322, 37.05947499974292], [-121.88161699999286, 37.05948299995494], [-121.8812810004322, 37.05926899972699], [-121.88122100015772, 37.059258000121034], [-121.8807469996065, 37.05917000034863], [-121.88030399991571, 37.05961999987107], [-121.8798610002249, 37.059795999703745], [-121.87954999988028, 37.05978100008421], [-121.87925100012956, 37.05947499974292], [-121.87921799961926, 37.059415000276246], [-121.87899199966346, 37.059002000043414], [-121.87880199969266, 37.05896600028802], [-121.87854899997268, 37.05891800010971], [-121.87822900030552, 37.05891800010971], [-121.87746600004931, 37.05903300033681], [-121.8773530000714, 37.05916500019553], [-121.87708399955956, 37.05948299995494], [-121.87670299979305, 37.05988700024731], [-121.876338999745, 37.06015100034786], [-121.87598599956758, 37.060406000118604], [-121.87543599974667, 37.0601390001351], [-121.8752690002404, 37.06036000016428], [-121.8752690002404, 37.06062000000691], [-121.87531400044624, 37.06080299973405], [-121.87543599974667, 37.060925000023765], [-121.87581800023638, 37.06142099994528], [-121.87598599956758, 37.061511999973376], [-121.87598599956758, 37.061824999953465], [-121.87592500036652, 37.061863999771234], [-121.87587900033576, 37.0618940003342], [-121.87543599974667, 37.06159599990245], [-121.87520800014101, 37.06194000007527], [-121.87520800014101, 37.062389999655174], [-121.87517299998092, 37.06245200032792], [-121.87513399962286, 37.06251900016548], [-121.87505499998016, 37.06265700031854], [-121.87507500007165, 37.062725999942536], [-121.87509699981295, 37.06280100011714], [-121.8751989999202, 37.063152999668695], [-121.87527599991307, 37.063414999924184], [-121.87550799971667, 37.064209999956866], [-121.87561200037207, 37.06456300009812], [-121.87570100006053, 37.06486899998794], [-121.87533500036264, 37.06514000033546], [-121.87507099987367, 37.065589000340914], [-121.87445599975544, 37.0656950002737], [-121.87388800039119, 37.06573099970326], [-121.87344900000002, 37.06602399996028], [-121.87352000014513, 37.06652799970186], [-121.8735660001759, 37.0670620003481], [-121.87338899972558, 37.06748999995864], [-121.87341200019013, 37.06790900006647], [-121.87344399997716, 37.06845900027354], [-121.87278700002614, 37.06903100004254], [-121.87199899965552, 37.06919900035811], [-121.87182299992843, 37.069706000180695], [-121.87172099982119, 37.07021200031279], [-121.87166599956957, 37.070568999996766], [-121.87099699992301, 37.07047800008229], [-121.87103100025821, 37.07099199979608], [-121.87142299989534, 37.071472999659676], [-121.87111099972583, 37.071990999960384], [-121.8704620001707, 37.07227600010854], [-121.86971200033325, 37.07247299979362], [-121.86888700015274, 37.07265399989], [-121.86887200008411, 37.07311500016398], [-121.86923299975916, 37.07401399968918], [-121.86871800009834, 37.074757000234214], [-121.86854300019614, 37.07523799986897], [-121.86898000003917, 37.07585999997318], [-121.86898800043507, 37.07629299984383], [-121.8684279996701, 37.07652000035552], [-121.8675199996489, 37.07655000013868], [-121.86700599981303, 37.076730999820796], [-121.86666000020661, 37.076666999752945], [-121.86644099992348, 37.07662699986225], [-121.86602699964669, 37.07661299978802], [-121.8657220000482, 37.07699599986289], [-121.86527299961129, 37.077109000329386], [-121.86399499969426, 37.07647599974431], [-121.86378600035519, 37.07624400007357], [-121.86217700000205, 37.076088999962884], [-121.86199600025206, 37.07612399966878], [-121.8619769999855, 37.076218999915305], [-121.86195799971892, 37.07632100010789], [-121.86139100017957, 37.07641699991078], [-121.86122399977498, 37.07642499976942], [-121.86100299984204, 37.07643700027252], [-121.86094699976556, 37.07641500030435], [-121.86113300043671, 37.07661299978802], [-121.86212099992554, 37.076680000017426], [-121.86212099992554, 37.07704099996733], [-121.86213599999415, 37.08487099992389], [-121.8621400001921, 37.086681999746865], [-121.86282999975509, 37.086917999815846], [-121.86321399989464, 37.08690699992003], [-121.86358499961541, 37.086917999815846], [-121.86391400040172, 37.08701599985932], [-121.86416799994662, 37.08707099995981], [-121.8645110000783, 37.08720800020603], [-121.86484699963894, 37.08739500034117], [-121.86501099967046, 37.08745499988822], [-121.86514200009005, 37.08748800004881], [-121.8654569997343, 37.087521000195025], [-121.86564300040548, 37.087582000014926], [-121.86584800044488, 37.08769099970011], [-121.86602699964669, 37.08781800014796], [-121.8662529996025, 37.08791599974431], [-121.86637700034937, 37.08798799970344], [-121.86669199999366, 37.08825099979879], [-121.86698700044477, 37.08837800002488], [-121.86763900037292, 37.08844899990055], [-121.86791999968199, 37.08838299968525], [-121.86807799986573, 37.08837699966281], [-121.86837999998954, 37.08843200020889], [-121.86885299981753, 37.08859100016894], [-121.8690450003365, 37.088705999833], [-121.86916199961402, 37.08875599978829], [-121.86928499963767, 37.08876100014032], [-121.86948399982931, 37.08868999984034], [-121.86972400002882, 37.08855799977201], [-121.87000500023622, 37.08847499996956], [-121.87017000009266, 37.088464000299766], [-121.87043000038368, 37.08850799968604], [-121.87083500043963, 37.08866199984507], [-121.87101299981653, 37.088689000198976], [-121.8711159997487, 37.088689000198976], [-121.87144600035991, 37.08877100012675], [-121.87174099991266, 37.088886000234275], [-121.87184999969261, 37.08890800016643], [-121.87213199972493, 37.08890299982416], [-121.87235799968073, 37.08893000009221], [-121.87244600044261, 37.08895599999621], [-121.87281100031558, 37.08906699984448], [-121.87334600006788, 37.08928099983547], [-121.87399100032336, 37.08946199993547], [-121.87414799978386, 37.089566999831014], [-121.87425099971603, 37.08969799994713], [-121.8743610002192, 37.089813999707765], [-121.87455299983979, 37.08992400010746], [-121.87489000012371, 37.0900109996851], [-121.87556200014336, 37.09007699991584], [-121.87606799958333, 37.0901790000942], [-121.87721400015423, 37.09038300003913], [-121.87737800018573, 37.090394000147], [-121.87786500025746, 37.090296000171946], [-121.87811200012968, 37.09027399992612], [-121.87832499966669, 37.09031199982556], [-121.87884600007358, 37.09048299985375], [-121.87938099982588, 37.090587999767834], [-121.87947700008536, 37.09063700029902], [-121.87985399965392, 37.09074199999974], [-121.8801830004402, 37.09074199999974], [-121.8804439996578, 37.09081299981045], [-121.8806079996893, 37.09093400022278], [-121.88075900020037, 37.09111600028371], [-121.8809030001404, 37.09126399964878], [-121.88139600005992, 37.09149000015504], [-121.88164299993213, 37.09156699975192], [-121.88182799988006, 37.091571999918436], [-121.88219899960079, 37.09153999970676], [-121.88239799979245, 37.09154499987506], [-121.88267200032715, 37.09165499991191], [-121.88281600026718, 37.0916990003119], [-121.88293300044303, 37.0916990003119], [-121.88333699977578, 37.091589999942016], [-121.8834770004162, 37.09153200000999], [-121.88417100017715, 37.09163499998226], [-121.88461399986794, 37.09158400017347], [-121.88496899969515, 37.09142199979459], [-121.8854070002614, 37.09122299996978], [-121.88592699994507, 37.09115899995473], [-121.88633899967373, 37.0912799998146], [-121.88679499978332, 37.091692000233714], [-121.88723300034953, 37.09163499998226], [-121.88732799988577, 37.09178099984919], [-121.88737899993941, 37.0920530003529], [-121.88765099992595, 37.09222400003542], [-121.89161400044685, 37.09264900001387], [-121.89290700043252, 37.092668000087045], [-121.89333199968166, 37.09240799976568], [-121.8937379995625, 37.09209100007682], [-121.89471400025407, 37.09157100031509], [-121.89502499970038, 37.09153999970676], [-121.8953059999078, 37.091286999930844], [-121.89546400009155, 37.0910179998091], [-121.8955739996964, 37.090853000098406], [-121.89577999956073, 37.09069399986795], [-121.89599299999607, 37.09058900010073], [-121.89655500041084, 37.09043599989283], [-121.89717200017891, 37.090320999987505], [-121.8974469996402, 37.09021100016403], [-121.89768000016703, 37.09003499997112], [-121.89785199969614, 37.08985399980641], [-121.89806400030658, 37.089556999949565], [-121.89813999957622, 37.08940300017605], [-121.89829100008731, 37.08924999972352], [-121.8985039996243, 37.08915100006703], [-121.89878499983172, 37.08908499974646], [-121.89915499972756, 37.08901900008501], [-121.89966299971567, 37.08900300015843], [-121.89975200030247, 37.08898599987443], [-121.89992399983159, 37.08892099976508], [-121.90008799986312, 37.08880500007078], [-121.90023900037416, 37.08861799983155], [-121.90029399972742, 37.088476000330346], [-121.90036300022273, 37.08835500029312], [-121.90049299991908, 37.08822300035788], [-121.90065100010283, 37.088140999837215], [-121.9009459996556, 37.08804200016526], [-121.90140599996315, 37.087861000256986], [-121.90152899998681, 37.087783999761164], [-121.90163199991895, 37.08769600012234], [-121.90167999959952, 37.087563999755986], [-121.90164600016266, 37.087398999691395], [-121.90159799958376, 37.08731100032218], [-121.90159799958376, 37.08714599970681], [-121.90167999959952, 37.08701500019588], [-121.90183799978328, 37.08684999965269], [-121.90225000041023, 37.0865810002641], [-121.9025309997193, 37.08645399989337], [-121.90271599966724, 37.08641600020937], [-121.90287399985098, 37.086405000240745], [-121.9031409998147, 37.08652599980804], [-121.90335400024999, 37.08665799983234], [-121.90360100012222, 37.086778999712365], [-121.90377199982645, 37.08682300007683], [-121.90431400014975, 37.08676799979637], [-121.9047190002057, 37.08661400008866], [-121.90539100022535, 37.08648800016019], [-121.90561700018115, 37.08640599991222], [-121.9057889997103, 37.08629100034137], [-121.90595399956673, 37.0861369996645], [-121.9060020001456, 37.08608200031944], [-121.90635199995, 37.08580200029892], [-121.90645400005725, 37.0856860001307], [-121.90655100014159, 37.08553300005745], [-121.9065849995785, 37.0855050003291], [-121.90664700040108, 37.085406000080596], [-121.90677000042471, 37.08526299989142], [-121.90707199965021, 37.08505500030736], [-121.90733299976613, 37.084938999712584], [-121.90742900002559, 37.08490099998575], [-121.9079360001888, 37.08480799997034], [-121.9081760003883, 37.084730999956086], [-121.90836800000893, 37.08460999967319], [-121.90868400037641, 37.08428600028627], [-121.90886299957823, 37.084061000215776], [-121.90904099985349, 37.08389000003087], [-121.90921900012872, 37.08377500022598], [-121.90942499999304, 37.083704000271815], [-121.90993899982895, 37.0836650002182], [-121.91013100034786, 37.08365399985034], [-121.91068700001658, 37.08360499982091], [-121.91104400039195, 37.083594000161], [-121.91158499999202, 37.08364899987804], [-121.91239299955579, 37.08370900024043], [-121.91260699981603, 37.08372600027481], [-121.91286100025924, 37.08373800033888], [-121.91317599990353, 37.083655000274696], [-121.91361500029467, 37.08344600015093], [-121.91415000004696, 37.08307799972566], [-121.914582999692, 37.0828419998837], [-121.9151450001068, 37.08262800034534], [-121.91532300038203, 37.082507000288764], [-121.91546099957596, 37.0823039996534], [-121.91557000025422, 37.08216699985997], [-121.91570800034647, 37.0820900000296], [-121.91607800024234, 37.08197999972666], [-121.9167229995995, 37.081902999706294], [-121.91709300039365, 37.081826000324384], [-121.91736100018228, 37.081706000154504], [-121.91758700013808, 37.08153000027835], [-121.91775799984231, 37.08133700014396], [-121.917848000254, 37.0811729998813], [-121.91788900026187, 37.08106799982393], [-121.91788900026187, 37.08044199972668], [-121.91792299969875, 37.08035400016411], [-121.91797799995032, 37.08026599978272], [-121.91816999957095, 37.080155999699805], [-121.91847900026573, 37.079946999962665], [-121.91894500042108, 37.07974400035559], [-121.91913100019391, 37.079688999955394], [-121.91939800015759, 37.079562999982734], [-121.91960400002192, 37.07941499998634], [-121.91972700004555, 37.079254999645855], [-121.91982999997772, 37.079168999672724], [-121.91985799956683, 37.07914500024614], [-121.92013899977422, 37.07900799976074], [-121.92037899997374, 37.07888200008969], [-121.92054300000527, 37.078750000141454], [-121.92071500043271, 37.07851399972642], [-121.92085900037274, 37.07835999973366], [-121.92111299991765, 37.078036000151634], [-121.9215179999736, 37.07772299969847], [-121.92164099999728, 37.07766799998226], [-121.92181900027249, 37.07761799987988], [-121.92204900042626, 37.07760300020106], [-121.92245899960676, 37.07738200024138], [-121.92264299972979, 37.07724200006016], [-121.92291600043959, 37.07670299970815], [-121.92321400036542, 37.076361000160006], [-121.92326100022107, 37.07611999972369], [-121.92347999960589, 37.075733000275434], [-121.92398699976907, 37.07530199970958], [-121.9244689998179, 37.07503000001391], [-121.92489999981315, 37.074718999703876], [-121.92489399996535, 37.07431299990312], [-121.92482399964517, 37.07393200028262], [-121.92453199956712, 37.073704999907186], [-121.92425299990786, 37.07362800008334], [-121.92394900013426, 37.073526999693165], [-121.92381000021706, 37.073380999785535], [-121.92381600006486, 37.07314700027026], [-121.92408899987632, 37.07206899987351], [-121.92393599971547, 37.07154299973273], [-121.92398699976907, 37.07148500022971], [-121.92413300025727, 37.07149200002378], [-121.92422199994573, 37.071535999943364], [-121.9247990004291, 37.0720119999173], [-121.92502700003476, 37.071909999662445], [-121.92492499992748, 37.071631000203894], [-121.924684999728, 37.071321000159124], [-121.92452599971935, 37.07091500008452], [-121.92442500033532, 37.07077500014803], [-121.9243550000151, 37.07050899998667], [-121.92450700035106, 37.07038899982408], [-121.92507800008836, 37.07012199985622], [-121.92500199992041, 37.06988099966062], [-121.92483700006396, 37.069653000168444], [-121.92432900007584, 37.06936100020759], [-121.92451999987153, 37.06903199994312], [-121.92483899971377, 37.06887299981582], [-121.92484499956156, 37.068855000132004], [-121.92489999981315, 37.06874499998049], [-121.9250029997453, 37.06869000020332], [-121.92516799960174, 37.06864600006615], [-121.92570900010016, 37.068618999741254], [-121.92611400015608, 37.06854700002254], [-121.92623700017974, 37.068448999757976], [-121.92691500004719, 37.06847500023548], [-121.92846099975283, 37.0684920001018], [-121.93140699957428, 37.06850099998728], [-121.93458599992253, 37.06847500023548], [-121.93465399969459, 37.068474000327555], [-121.93467700015913, 37.06870199978015], [-121.93472099964173, 37.06911799994528], [-121.93480699985547, 37.069493000014916], [-121.93494499994775, 37.06991099991998], [-121.93512400004786, 37.070181000287064], [-121.93773000011069, 37.06983800010435], [-121.9379920000515, 37.06923600017282], [-121.93805999982355, 37.06907900027307], [-121.93821899983222, 37.06901199977866], [-121.93907099977694, 37.068660000177715], [-121.93909400024147, 37.06864600006615], [-121.9391660002115, 37.0686130003049], [-121.9391949996255, 37.06860899996362], [-121.93918399975485, 37.06863100004611], [-121.93915000031795, 37.0686440002548], [-121.9391400002722, 37.06865400002781], [-121.93938299994646, 37.068647999877456], [-121.9401749996167, 37.06888400017796], [-121.94056200012932, 37.06862300008201], [-121.94068900035093, 37.06861999964726], [-121.94170600015205, 37.06936300000004], [-121.94184599989414, 37.069293000065166], [-121.94146599995256, 37.06873500021946], [-121.9425179999138, 37.068709999735916], [-121.94609200027224, 37.06874599988484], [-121.9464169999623, 37.068749000314604], [-121.94680100010184, 37.06874300017174], [-121.94986599974894, 37.06880100033823], [-121.95202699957284, 37.068827999881506], [-121.95746200017958, 37.06904599998348], [-121.95775699973233, 37.06905800022077], [-121.95849700042235, 37.06908199997292], [-121.95935500021484, 37.0690559997035], [-121.95952400026925, 37.06904899968459], [-121.95974100000424, 37.06903100004254], [-121.96011799957276, 37.06903199994312], [-121.96211199989041, 37.06897100024927], [-121.96333899975384, 37.06892800017707], [-121.9649000004264, 37.0688910002121], [-121.9649000004264, 37.06715799968704], [-121.96492499964246, 37.06226600030815], [-121.96497999989404, 37.057645000040324], [-121.96532600039875, 37.057633000148094], [-121.96525799972838, 37.05704700035419], [-121.96512200018428, 37.05596099995714], [-121.96406199982711, 37.05583299984095], [-121.96402400019225, 37.0557040001495], [-121.9639200004352, 37.05570799973752], [-121.9637940000385, 37.05572300016227], [-121.96372600026642, 37.05573200012894], [-121.96353600029565, 37.05573500035655], [-121.9631189996458, 37.0556670001864], [-121.96310799977515, 37.05566500003289], [-121.96288000016952, 37.055637000028725], [-121.96298599957639, 37.05557799975564], [-121.96311100014819, 37.05553000030161], [-121.963265000134, 37.055502000247635], [-121.96353600029565, 37.05551000016167], [-121.96361699958818, 37.0554509997899], [-121.96367400038791, 37.05538799976747], [-121.96371299984766, 37.055294000035154], [-121.96380200043443, 37.05498100035389], [-121.96382400017572, 37.054776999784224], [-121.96383099984843, 37.054716000097784], [-121.9637870003658, 37.05461099997026], [-121.96380699955898, 37.05447599979763], [-121.96380999993201, 37.05430799985285], [-121.963737999962, 37.05406899979396], [-121.96372999956608, 37.0540150002284], [-121.96374499963471, 37.053963000105846], [-121.9637799997948, 37.05390799964794], [-121.96384000006924, 37.05385899975391], [-121.96394200017652, 37.053786999647386], [-121.96400800029876, 37.05371199988194], [-121.9640479995834, 37.05363100013807], [-121.96404900030663, 37.05351500022147], [-121.96402199964413, 37.05342000021339], [-121.96395399987207, 37.05328299985645], [-121.9637599997033, 37.053090000242186], [-121.96373700013709, 37.05302799980507], [-121.96373899978693, 37.052961000189185], [-121.96377300012209, 37.05288500021093], [-121.96388199990204, 37.052716000212904], [-121.96388399955188, 37.05265699981948], [-121.96383900024435, 37.05233400024316], [-121.9638640003587, 37.05227699979567], [-121.96435300008024, 37.05190400018764], [-121.96460499997532, 37.05178000019254], [-121.96473300002184, 37.051736999695954], [-121.964835999954, 37.05173299989864], [-121.96491999961958, 37.05174999993201], [-121.9649690000234, 37.051775000269465], [-121.96527199997209, 37.05206900006353], [-121.96532399985063, 37.05211899980303], [-121.96538599977488, 37.05213699987321], [-121.96544000020157, 37.0521050002234], [-121.96541900028518, 37.05205599988213], [-121.96524400038301, 37.051833999914635], [-121.96520699967476, 37.05175700011337], [-121.96518900013142, 37.0516659998564], [-121.96514999977335, 37.05161499968831], [-121.9651099995904, 37.051571999815174], [-121.96503799962036, 37.05148200018523], [-121.96502000007702, 37.05142800021268], [-121.96504000016849, 37.051123000017924], [-121.96503000012275, 37.05107899972883], [-121.96501300040433, 37.05103799982748], [-121.96497300022133, 37.05100000031891], [-121.96493700023633, 37.050979000280385], [-121.96492200016772, 37.050969999750045], [-121.96487899961168, 37.050946000003336], [-121.96486500026631, 37.05093800032507], [-121.96466900044773, 37.05081599974996], [-121.96458800025688, 37.05075200003979], [-121.96455800011964, 37.05070800025251], [-121.96455100044696, 37.050667000150796], [-121.96455999976948, 37.05059999988442], [-121.96458400005893, 37.05053700013647], [-121.9646660000747, 37.05044099983955], [-121.96473300002184, 37.050294999946864], [-121.96473999969453, 37.05028200017853], [-121.96482199971032, 37.049989000065956], [-121.96483500012909, 37.04983900012354], [-121.96481300038779, 37.049715999777476], [-121.96473999969453, 37.04961300021451], [-121.96470700008257, 37.04954599973463], [-121.96468600016618, 37.04947399983791], [-121.96469700003684, 37.04939199971297], [-121.96488100015985, 37.04905099978201], [-121.96491999961958, 37.04891400014157], [-121.9649969996125, 37.048594999654235], [-121.96501900025213, 37.04853000005124], [-121.96505000021426, 37.0484619998776], [-121.96515700034435, 37.048203000134336], [-121.96516400001708, 37.04788599988524], [-121.965168000215, 37.04774000009643], [-121.96514200027576, 37.04744600002322], [-121.96513800007779, 37.04731900007101], [-121.96518999995632, 37.04721799978229], [-121.96528100019293, 37.047076000185584], [-121.96539599982064, 37.04689500000144], [-121.96546600014084, 37.04678699994342], [-121.96550299995076, 37.04672900015422], [-121.96552399986719, 37.04666899993009], [-121.96554200030882, 37.04659899984767], [-121.96554399995865, 37.04652899970068], [-121.96549399972994, 37.04644699997901], [-121.9653940001708, 37.04634400028181], [-121.96524600003282, 37.04619000021623], [-121.96503500014562, 37.04596999999033], [-121.96499999998554, 37.04593399978833], [-121.96479800031916, 37.0457350003157], [-121.96478900009834, 37.04568399974716], [-121.96481199966455, 37.04562299992192], [-121.96496800019847, 37.04539499994117], [-121.96507699997842, 37.04523599974739], [-121.96522500011643, 37.04498099990469], [-121.96524199983484, 37.0449520000427], [-121.96531999965266, 37.0448050001266], [-121.96539099979778, 37.04467399988837], [-121.9654279996077, 37.044565000032314], [-121.96543099998075, 37.0445210002434], [-121.96541199971418, 37.044387999781314], [-121.96536800023156, 37.04430800035075], [-121.96532399985063, 37.04426199995883], [-121.96529500043661, 37.04423100008426], [-121.96519499997922, 37.04415600019661], [-121.965168000215, 37.04414000012494], [-121.9650629997347, 37.044081000234804], [-121.9649339998633, 37.044035999935346], [-121.96483400030417, 37.04398899986499], [-121.96469700003684, 37.04394299999679], [-121.96463900031048, 37.043913999738244], [-121.96461199964801, 37.04387799999523], [-121.96459900012754, 37.04384299975068], [-121.96458999990669, 37.043792000062055], [-121.9646040001504, 37.043725000179975], [-121.96465500020405, 37.043654000015685], [-121.96473399984673, 37.04358700001181], [-121.96491600031996, 37.043501999986034], [-121.9649709996732, 37.04347000028067], [-121.9650259999248, 37.04341200010805], [-121.96505900043508, 37.04330500035331], [-121.96507299978047, 37.04319899997178], [-121.96520500002495, 37.043223000017], [-121.96537699955407, 37.04323500003679], [-121.96950300028158, 37.043217000006386], [-121.96952000000003, 37.04296499985016], [-121.96955699980995, 37.04194099964629], [-121.96942700011363, 37.04047899970496], [-121.96949499988568, 37.03897399973579], [-121.96950599975632, 37.03843100016777], [-121.96952000000003, 37.03770299990296], [-121.96957500025161, 37.0357719996492], [-121.97412799987808, 37.035793000309326], [-121.9740790003726, 37.03522700015457], [-121.97414600031976, 37.03212000007986], [-121.97427600001609, 37.03211399990896], [-121.97430100013042, 37.030725999986316], [-121.97449799977394, 37.03025699989646], [-121.97415299999244, 37.03013400009385], [-121.97429399955944, 37.02986800016603], [-121.97414499959652, 37.02978799977905], [-121.97394899977793, 37.029782000141076], [-121.97391199996801, 37.028505000186904], [-121.97403499999164, 37.02780800028399], [-121.97452899973608, 37.0267349998745], [-121.97455399985043, 37.0265000001897], [-121.97481900016429, 37.02598199986435], [-121.97662799963571, 37.02447799994212], [-121.97756099977124, 37.024470000343634], [-121.98184800015724, 37.02443399998822], [-121.98494499959142, 37.024409999741806], [-121.9854149999447, 37.024408000199095], [-121.98769299994446, 37.02440899997046]]]}, "properties": {"ZCTA5": "95073", "GEOID": "95073", "NAME": "ZCTA5 95073", "AREALAND": 59310300, "INTPTLAT": "+37.0406799", "INTPTLON": "-121.9317399", "zcta": "95073", "place": "95073 Soquel", "name": "ZCTA5 95073"}}, {"type": "Feature", "geometry": {"type": "Polygon", "coordinates": [[[-121.87313099998273, 36.970364000011934], [-121.8732709997248, 36.97028599968145], [-121.87299299989047, 36.970115999880434], [-121.87255400039764, 36.96984799992965], [-121.87217799975566, 36.9695820000202], [-121.8720170000972, 36.96946799977447], [-121.87191599981486, 36.96939099973852], [-121.87182499957828, 36.969319999729585], [-121.87160199999549, 36.969139999966046], [-121.87118400041906, 36.9687699998731], [-121.87110900007599, 36.9686990000026], [-121.87086999970138, 36.968469999777085], [-121.87052099972195, 36.96812899978487], [-121.8704189996147, 36.9680290002384], [-121.86935199958484, 36.96700499999226], [-121.86821400030817, 36.96590100016511], [-121.86646400038802, 36.96420400008243], [-121.86614800002054, 36.963897000273], [-121.86510799975484, 36.96290100017721], [-121.86505000002855, 36.96284599982404], [-121.86484900018708, 36.96265099968719], [-121.86341599956103, 36.96123599987444], [-121.86293199986237, 36.960756999919916], [-121.86271099992942, 36.9605729997177], [-121.86272900037106, 36.96052499981029], [-121.8627870000974, 36.96038299969771], [-121.86280600036399, 36.9603360002845], [-121.86304999986311, 36.95972899986524], [-121.86307199960443, 36.95967599990164], [-121.86317000041204, 36.959449000344584], [-121.86325599972744, 36.95923800011781], [-121.86344400004843, 36.95877699973486], [-121.86380200024871, 36.95794300006906], [-121.86381099957121, 36.95792000029481], [-121.86402800020453, 36.957410000177305], [-121.8640619996414, 36.957315999805374], [-121.86413199996161, 36.957134999716956], [-121.86419499971078, 36.95697500010156], [-121.86427699972657, 36.95667600013001], [-121.86428400029756, 36.95657799978782], [-121.86429799964293, 36.95638500000512], [-121.86429699981804, 36.956355000121434], [-121.86429500016823, 36.956266000349096], [-121.86429500016823, 36.95623699965071], [-121.86429299962006, 36.956115999860245], [-121.86430100001598, 36.955658999789435], [-121.86429500016823, 36.95556999992158], [-121.86425099978727, 36.95477699977343], [-121.86420899995449, 36.953571000111104], [-121.86419399988587, 36.95313900033309], [-121.86418600038827, 36.95290499999852], [-121.86415899972577, 36.952536999969155], [-121.86412000026606, 36.95198800019822], [-121.8640680003875, 36.95143500000738], [-121.86403499987723, 36.951068000072425], [-121.86430299966582, 36.95103200013808], [-121.86434500039694, 36.951016999861324], [-121.8642370004419, 36.95071100003125], [-121.86421300015246, 36.95060899981476], [-121.86417299996948, 36.9504389998682], [-121.8641479998551, 36.95030899994873], [-121.86410099999948, 36.94987100013315], [-121.86407500006018, 36.949801999937485], [-121.86404099972499, 36.94973999992687], [-121.8640199998086, 36.94971299968646], [-121.86397299995294, 36.94966500011289], [-121.86393799979282, 36.949554000310094], [-121.86389599996004, 36.949505999918415], [-121.86387400021871, 36.949454000058175], [-121.86386199962487, 36.94942400031601], [-121.86383599968559, 36.949395999923745], [-121.86380999974632, 36.94935499971543], [-121.86376299989064, 36.9492580000452], [-121.86372100005784, 36.949041000032224], [-121.8636950001186, 36.94860800035575], [-121.86369900031654, 36.94848199967256], [-121.86371000018721, 36.94816900003629], [-121.86371199983702, 36.948111999698035], [-121.86374299979916, 36.94777800013356], [-121.86366099978339, 36.94736799983538], [-121.86360999972977, 36.946954999986666], [-121.86358899981339, 36.94655200010715], [-121.86355500037651, 36.946455999817886], [-121.86351199982049, 36.94640099979206], [-121.86338399977397, 36.94628399977483], [-121.86336299985757, 36.94623600019438], [-121.86334100011626, 36.94591900032122], [-121.86335399963673, 36.945839999989], [-121.86340100039071, 36.945732999990035], [-121.86343099962964, 36.945557000107634], [-121.86344800024638, 36.945520000349866], [-121.86346999998769, 36.94542300010401], [-121.8634850000563, 36.945325999734685], [-121.86352600006417, 36.94506899974298], [-121.86355100017855, 36.94501699972581], [-121.8635770001178, 36.94489000018358], [-121.86360700025504, 36.94483800004424], [-121.86362399997347, 36.94462500005569], [-121.86358600033864, 36.944455999782626], [-121.86357499956968, 36.944348999993714], [-121.86356399969904, 36.94423899973197], [-121.86359399983625, 36.94411200032879], [-121.86364099969191, 36.94400500005669], [-121.86366699963118, 36.943970999878424], [-121.86369299957045, 36.94390900014773], [-121.86373500030156, 36.943846999648606], [-121.86381200029446, 36.943764000302664], [-121.86385499995214, 36.94372600027781], [-121.86392400044745, 36.943632999645814], [-121.86418399984014, 36.94339900026324], [-121.86431199988665, 36.943340999826475], [-121.86440300012323, 36.94329999994914], [-121.86470199987399, 36.94314499988069], [-121.86475499957741, 36.943111000036566], [-121.86482200042289, 36.94306899991255], [-121.86484699963894, 36.943070000035455], [-121.86502200043947, 36.942952999928394], [-121.86512100017366, 36.94290400027815], [-121.865258000441, 36.94281499986577], [-121.86532600021306, 36.9428010002513], [-121.8654540002596, 36.9427119997186], [-121.86548000019884, 36.9427119997186], [-121.86550600013813, 36.94269800008515], [-121.86571100017754, 36.94253299964732], [-121.8657449996144, 36.94245699978671], [-121.86577099955367, 36.94242300035355], [-121.86580800026191, 36.94218400017229], [-121.86584800044488, 36.94209900017945], [-121.86586900036129, 36.941972000081044], [-121.8659200004149, 36.94186499967554], [-121.86593700013331, 36.94182200016137], [-121.86595899987464, 36.94176899994202], [-121.86599400003475, 36.941726999796245], [-121.8661029998147, 36.94168099978097], [-121.8663720003265, 36.94150899972742], [-121.86659099971133, 36.94141200011877], [-121.86664699978782, 36.9412650002544], [-121.86700800036115, 36.94064500019698], [-121.86703299957719, 36.94015599980097], [-121.8670400001482, 36.939938999709426], [-121.86700300033827, 36.9396719999764], [-121.86704400034617, 36.93926900034484], [-121.86695800013244, 36.93904299973625], [-121.86677599965925, 36.938862000023576], [-121.86672200013088, 36.93880799972061], [-121.86661800037382, 36.93849600001301], [-121.8665189997413, 36.93836100033041], [-121.8661820003557, 36.938048000039906], [-121.86611399968535, 36.937879000256956], [-121.8660900002942, 36.937775999899536], [-121.86608000024846, 36.937734999899796], [-121.86605400030919, 36.93770700023754], [-121.86603699969245, 36.93767400031465], [-121.8660119995781, 36.93764499971791], [-121.86598599963882, 36.93754199976223], [-121.86595999969956, 36.93752099996332], [-121.86595200020196, 36.93747999982633], [-121.86591799986677, 36.9374450001298], [-121.86587000018618, 36.93740999969915], [-121.86588799972952, 36.93736999970016], [-121.86597999979105, 36.93727800012545], [-121.8660119995781, 36.93724900009604], [-121.86602900019483, 36.93723200029647], [-121.86606500017986, 36.93719999964981], [-121.86623000003628, 36.937057999849216], [-121.86628500028787, 36.937011999887446], [-121.86626000017353, 36.93699099994248], [-121.86619200040147, 36.93691500029843], [-121.86621699961749, 36.93668099967136], [-121.86619200040147, 36.93654999976148], [-121.86616599956389, 36.93648199991681], [-121.86611500040857, 36.9363849996532], [-121.86607199985254, 36.93633700029876], [-121.86606299963172, 36.93629600024281], [-121.86603800041567, 36.93627099997024], [-121.86602900019483, 36.936246999901876], [-121.86593499958519, 36.93612300002663], [-121.86589299975239, 36.93607499978918], [-121.86588400042987, 36.93603400031033], [-121.86585799959231, 36.93601000016733], [-121.86585000009471, 36.93598600001677], [-121.86578999982022, 36.935910000088526], [-121.86571600020041, 36.93583400008449], [-121.86569600010891, 36.93581299981492], [-121.86567900039049, 36.93575800000467], [-121.86566199977372, 36.9357239997366], [-121.86563599983445, 36.935696000053476], [-121.86561900011603, 36.93564100015878], [-121.86559400000166, 36.93561399994794], [-121.86551700000877, 36.93547600023655], [-121.8654480004118, 36.93538600025897], [-121.8653289996878, 36.935248999642305], [-121.86523499997648, 36.93513100022401], [-121.86519200031876, 36.93509000023732], [-121.86508099999068, 36.93484900028999], [-121.86504699965549, 36.93474600014561], [-121.86502099971622, 36.93469799975889], [-121.86491000028646, 36.934553000336884], [-121.86488400034719, 36.93452500022354], [-121.8647730000191, 36.93442500035041], [-121.86467900030777, 36.93432899986046], [-121.86463699957667, 36.93427699969415], [-121.86446099984958, 36.934106999924815], [-121.86438899987955, 36.93400899998681], [-121.86430299966582, 36.933912000165904], [-121.8642519996122, 36.93382300002177], [-121.86419200023606, 36.93375399965291], [-121.86415000040327, 36.93367799965309], [-121.86410699984724, 36.933622999738176], [-121.86378200015722, 36.933344000002556], [-121.8636540001107, 36.933216000139794], [-121.86356399969904, 36.93309899998185], [-121.86350900034574, 36.93303700002178], [-121.86340200021563, 36.93289899995266], [-121.86326099975034, 36.932741000211934], [-121.86317399971168, 36.932633999769806], [-121.86308199965016, 36.9325200002206], [-121.86295299977873, 36.932383000196666], [-121.8628509996715, 36.93226499993148], [-121.86274000024171, 36.93217600001833], [-121.86263700030955, 36.93207200030281], [-121.86234699988134, 36.93183799988552], [-121.86231199972124, 36.931831000147376], [-121.86224399994919, 36.931789999821575], [-121.86215899956036, 36.931720999766505], [-121.86216699995629, 36.93168699985169], [-121.86214400039007, 36.93149400019564], [-121.86212500012348, 36.931473000166356], [-121.86210800040504, 36.93133500013791], [-121.86202200019132, 36.93123200027122], [-121.86182600037276, 36.93104599999208], [-121.86181100030413, 36.93100999993193], [-121.86178299981673, 36.930838999773194], [-121.86174000015903, 36.930798000349995], [-121.86172300044059, 36.930773999994365], [-121.86157799977731, 36.930632999996355], [-121.86152699972368, 36.93056400033006], [-121.86151900022608, 36.93055100018826], [-121.86136400041538, 36.93028800032231], [-121.86130400014093, 36.930219000343776], [-121.86129599974501, 36.93019199964831], [-121.86125300008732, 36.930130000195916], [-121.8612110002545, 36.9300819997745], [-121.8612110002545, 36.93005400017297], [-121.8611679996985, 36.929984999982615], [-121.86110800032236, 36.929915999729765], [-121.86110800032236, 36.92988899964506], [-121.86108200038309, 36.929840999789995], [-121.86105700026873, 36.929820000023405], [-121.86104800004789, 36.92979200032564], [-121.86098799977343, 36.929710000330886], [-121.86097100005499, 36.92967499993848], [-121.8609369997198, 36.92962699994866], [-121.86080899967328, 36.929475000260226], [-121.86080899967328, 36.9294549999763], [-121.86079199995484, 36.929420000184905], [-121.8607660000156, 36.92939999988656], [-121.86064700018989, 36.92926199969553], [-121.86045899986894, 36.92907600035412], [-121.86035599993679, 36.92895200030169], [-121.86034800043915, 36.928924000285114], [-121.86031300027906, 36.9288829998319], [-121.8602880001647, 36.928821000032954], [-121.86026200022543, 36.92879999998537], [-121.86025399982951, 36.92876199967943], [-121.86022799989024, 36.92873800011898], [-121.86021100017182, 36.92867600020212], [-121.86019399955505, 36.928635000333635], [-121.86016000011819, 36.928593000130206], [-121.86016000011819, 36.92857300033299], [-121.86014300039975, 36.92853800013665], [-121.86007399990447, 36.92846300027727], [-121.86007399990447, 36.928442000131064], [-121.86003200007168, 36.928351999746766], [-121.85996299957635, 36.92824900015799], [-121.85992900013952, 36.928208000059854], [-121.85992099974357, 36.928166000339345], [-121.85987800008587, 36.92810399995726], [-121.8596810004424, 36.927883999769776], [-121.8594930001214, 36.927657000262194], [-121.8594930001214, 36.927635999893965], [-121.85946800000706, 36.92761500023806], [-121.85945899978621, 36.92758800005649], [-121.85938199979334, 36.92747099987714], [-121.85937000009775, 36.92743599989296], [-121.85931400002126, 36.92734700008642], [-121.85930599962533, 36.927304999891504], [-121.85927100036355, 36.92727100016132], [-121.85925899976968, 36.92720899976946], [-121.85920799971603, 36.92712299997637], [-121.85913499992111, 36.927001999902835], [-121.85910899998184, 36.926981000072296], [-121.85910099958592, 36.92695399966612], [-121.85905799992821, 36.926898999926266], [-121.85902399959302, 36.92682300027268], [-121.85895499999607, 36.9267270002618], [-121.85888700022399, 36.926602999979025], [-121.85886100028472, 36.92657499981779], [-121.85881899955362, 36.92649899984119], [-121.85874999995666, 36.92641600027158], [-121.85859699979578, 36.92616200001493], [-121.8585709998565, 36.92613399969167], [-121.85851999980288, 36.926065000261914], [-121.85843399958914, 36.92596199973754], [-121.85842600009155, 36.92593400005896], [-121.85838300043385, 36.92587200001604], [-121.85833999987781, 36.925823999786], [-121.85833999987781, 36.92579000011346], [-121.85831499976348, 36.9257410001996], [-121.85828899982418, 36.925720999654175], [-121.85825500038733, 36.92563099964817], [-121.85822900044805, 36.925606999820126], [-121.85821199983131, 36.925582999984535], [-121.85819500011289, 36.92554199988887], [-121.85806700006636, 36.92538999995475], [-121.85806700006636, 36.92535600008867], [-121.85804100012709, 36.92533499980474], [-121.85802400040863, 36.92528699995474], [-121.85797300035503, 36.925231999730414], [-121.85794700041576, 36.92518300017607], [-121.85792200030139, 36.925155999851256], [-121.85787100024778, 36.925083000255135], [-121.85785299980613, 36.92506599989643], [-121.85785399963102, 36.92503900024834], [-121.85779400025488, 36.92493500013137], [-121.85776800031562, 36.924915000092646], [-121.85775999991967, 36.92488700002954], [-121.85767399970595, 36.92478400006813], [-121.85734900001596, 36.92435699976879], [-121.85726399962714, 36.92425300015783], [-121.85726399962714, 36.924232999940145], [-121.85723000019026, 36.92417700002094], [-121.85710999964135, 36.924033000347556], [-121.85703299964845, 36.9239259998905], [-121.85701599993001, 36.92390899999197], [-121.85701599993001, 36.92388100027763], [-121.85699099981566, 36.923860999962365], [-121.85696099967842, 36.92375699967484], [-121.85693100043953, 36.92369500001598], [-121.85690499960192, 36.923673999992694], [-121.8568879998835, 36.923612999926384], [-121.85685400044663, 36.9235640000497], [-121.85682799960905, 36.923502000233896], [-121.85678599977625, 36.92345399994805], [-121.85676900005781, 36.9233989998377], [-121.85674300011854, 36.923377999732885], [-121.8567260004001, 36.92331599976583], [-121.85669999956254, 36.923296000020514], [-121.85667500034648, 36.92321299983653], [-121.85658099973685, 36.92310299994661], [-121.8565640000184, 36.92302700009973], [-121.8564870000255, 36.922855000317725], [-121.8564359999719, 36.922805999953916], [-121.85642099990328, 36.92274400023991], [-121.8563930003142, 36.92271699976953], [-121.856358999979, 36.92262699980826], [-121.85633300003973, 36.92260699988221], [-121.85629100020694, 36.922461999723005], [-121.85626500026767, 36.92241400021878], [-121.85623900032837, 36.92239299984263], [-121.85622199971164, 36.92231700000623], [-121.85619699959729, 36.92229699999887], [-121.85618200042697, 36.922261999793875], [-121.85615399993958, 36.92223499987098], [-121.85613700022115, 36.92217299969268], [-121.8560860001675, 36.92211100018208], [-121.85607699994668, 36.922082999807415], [-121.85596599961862, 36.92194500001645], [-121.85595700029609, 36.92191799998131], [-121.85591499956499, 36.921856000263425], [-121.85582900024956, 36.921752000113685], [-121.85566699986786, 36.921580000328255], [-121.85563300043098, 36.92153500004894], [-121.8556069995934, 36.92151099964975], [-121.85559900009578, 36.92147000023696], [-121.85556499976062, 36.921429000084025], [-121.85556499976062, 36.921408000154806], [-121.85554700021727, 36.92138000024016], [-121.85541099977482, 36.921215000329134], [-121.85538499983555, 36.921146000038505], [-121.85525699978902, 36.92098800035559], [-121.8552400000706, 36.92093200020757], [-121.85519700041287, 36.92086999968791], [-121.85512000042, 36.920684999679565], [-121.85507799968889, 36.92062199997796], [-121.85503500003118, 36.9205740000336], [-121.85501800031275, 36.920478000054274], [-121.85495800003828, 36.920394999675416], [-121.85488600006825, 36.920163999876046], [-121.85484900025835, 36.92001499983319], [-121.8548390002126, 36.919975000042086], [-121.85479599965659, 36.919933999803426], [-121.85476200021971, 36.91988899998911], [-121.85473600028045, 36.91986499979003], [-121.85473600028045, 36.919837000026945], [-121.85469299972442, 36.91979599971415], [-121.85461699955641, 36.91970300004395], [-121.85441200041532, 36.91950599992007], [-121.85434299992005, 36.91941700019299], [-121.85431799980569, 36.91935499987792], [-121.85430899958486, 36.919319999758855], [-121.8542840003688, 36.91929999968362], [-121.85426599992715, 36.91925099990803], [-121.8541980001551, 36.919182999712945], [-121.8541980001551, 36.91915499969949], [-121.85418100043664, 36.91912099992582], [-121.85415499959909, 36.9190929998896], [-121.85407000010856, 36.918941000026514], [-121.85402699955256, 36.91889299974222], [-121.85402699955256, 36.91886600006282], [-121.85400200033652, 36.918845000145915], [-121.85398499971976, 36.91879000030199], [-121.8539589997805, 36.91876899964601], [-121.85394999955967, 36.91874199992265], [-121.85387400028999, 36.918652000296994], [-121.85387400028999, 36.91862499981406], [-121.85383099973396, 36.9185829998418], [-121.85383099973396, 36.91856199984697], [-121.85382200041145, 36.91854200029113], [-121.85379700029709, 36.91852100028502], [-121.85377999968036, 36.91846600020741], [-121.85373700002263, 36.91841800034234], [-121.85372000030422, 36.91836300019045], [-121.85367699974819, 36.91831399981279], [-121.85356600031842, 36.918038999718114], [-121.85337799999745, 36.917810999890555], [-121.85336499957866, 36.91774899970613], [-121.853241999555, 36.91745999976856], [-121.85319899989729, 36.91741900033235], [-121.85313100012526, 36.917336000215016], [-121.85313100012526, 36.91731499987686], [-121.8530790002467, 36.91723300010829], [-121.85301099957633, 36.91714999978858], [-121.85300300007871, 36.917129000117356], [-121.85300300007871, 36.91710199981336], [-121.85297700013945, 36.91707800017353], [-121.85296000042104, 36.91705399980793], [-121.85295100020019, 36.917025999730996], [-121.85292600008582, 36.91700500002564], [-121.85290900036739, 36.91695000029112], [-121.85288300042814, 36.91693000031254], [-121.85286599981139, 36.91688099973235], [-121.85281499975773, 36.91683300030605], [-121.85281499975773, 36.91679900021536], [-121.85280600043522, 36.91677799972926], [-121.85273799976486, 36.91670899973305], [-121.85273799976486, 36.91668199999864], [-121.85272100004643, 36.91664700008923], [-121.85269500010715, 36.9166260002795], [-121.8525929999999, 36.91651600022411], [-121.8525929999999, 36.91649499966008], [-121.85258399977906, 36.9164750002804], [-121.85252400040292, 36.916412999728074], [-121.85250699978619, 36.91633699967732], [-121.85246400012846, 36.91629600035562], [-121.85246499995338, 36.916274999731016], [-121.85245599973254, 36.91625399981886], [-121.85242999979329, 36.91623399965776], [-121.85242200029568, 36.91617900008546], [-121.85238799996048, 36.91612999974092], [-121.85231900036351, 36.91604800013469], [-121.85231099996759, 36.916006000179586], [-121.85208900020976, 36.91574400017701], [-121.85206300027046, 36.91568900025128], [-121.85202899993527, 36.91564799986299], [-121.85198200007962, 36.91547200017053], [-121.8519519999424, 36.91533099988316], [-121.85181600039826, 36.91500700017575], [-121.85175600012381, 36.91492500008035], [-121.851746999903, 36.91489699993996], [-121.85149099980995, 36.91458700031541], [-121.85124300011283, 36.91429799988737], [-121.85122600039438, 36.91421499996466], [-121.85120100028003, 36.91416700029692], [-121.85115799972401, 36.914118000096266], [-121.85113699980764, 36.9140289998271], [-121.85094500018698, 36.91369099968271], [-121.85088499991254, 36.91362899974011], [-121.85087200039206, 36.913594999657526], [-121.85084200025483, 36.91354700031791], [-121.85077399958445, 36.91346400029616], [-121.85074000014758, 36.91341600015585], [-121.85072300042913, 36.913381000184096], [-121.85062899981949, 36.913270999757955], [-121.85062899981949, 36.91324299972862], [-121.85060299988022, 36.91321900031095], [-121.8505860001618, 36.913195000167484], [-121.85051800038974, 36.91307100014385], [-121.85049199955213, 36.91304399983969], [-121.850432000176, 36.91294699991859], [-121.85041499955923, 36.91290600021101], [-121.85033799956636, 36.91282300020999], [-121.85033799956636, 36.912795000016196], [-121.85023600035744, 36.9126230001394], [-121.85021000041814, 36.91256100004694], [-121.8501850003038, 36.91254100035394], [-121.85017600008298, 36.91251300005663], [-121.85006499975489, 36.91238200027342], [-121.84977500022498, 36.91205800024906], [-121.84968900001127, 36.911940999941955], [-121.84968099961534, 36.911913000142654], [-121.84963799995764, 36.911871999879274], [-121.84954400024631, 36.91174799985963], [-121.84953500002547, 36.91171999998949], [-121.84948399997182, 36.91166500003502], [-121.84936500014614, 36.911495999939966], [-121.84934800042771, 36.91147900014347], [-121.84934800042771, 36.91145199999404], [-121.84933900020687, 36.91143100019049], [-121.8493130002676, 36.91140999966288], [-121.84929599965086, 36.91136199966647], [-121.84927100043481, 36.91134099983814], [-121.849262000214, 36.91131400035814], [-121.84916799960433, 36.91116900027393], [-121.84909999983228, 36.91108599981936], [-121.84905700017458, 36.9110039998181], [-121.84898000018165, 36.91091399968022], [-121.84873300030947, 36.91058999988473], [-121.84871599969271, 36.91055599988407], [-121.84845100027715, 36.910210999865136], [-121.84842500033791, 36.91015600025922], [-121.84840000022353, 36.9101250002941], [-121.84836599988836, 36.91009400031634], [-121.84835699966752, 36.91003899990783], [-121.84829700029137, 36.909935000163074], [-121.84826299995619, 36.90990800018548], [-121.84824600023776, 36.909783999846205], [-121.84820299968173, 36.909736000263216], [-121.84820299968173, 36.90971499998725], [-121.8481779995674, 36.90960500002053], [-121.84814400013049, 36.90954999997768], [-121.84804100019835, 36.909302000088694], [-121.84787899981663, 36.90897100022894], [-121.8478190004405, 36.90886800031814], [-121.84779400032613, 36.90884699980322], [-121.8477850001053, 36.90881900030477], [-121.84775099977013, 36.90877799981498], [-121.84772499983083, 36.90872299989419], [-121.84768299999804, 36.90868200007106], [-121.84745200001936, 36.90838499994126], [-121.8473330001937, 36.90824000003582], [-121.84731800012507, 36.90820599970605], [-121.84728999963767, 36.90817799997233], [-121.84728100031515, 36.90815100009111], [-121.84724699997999, 36.90810999996062], [-121.84723000026153, 36.90807499970914], [-121.84715300026863, 36.907984999707004], [-121.84714499987271, 36.90795799975748], [-121.84699099988694, 36.90777200016491], [-121.84699099988694, 36.90775100006654], [-121.84691399989404, 36.90762699981265], [-121.84687100023632, 36.907571999780345], [-121.84685399961955, 36.907531000056935], [-121.84647899970085, 36.906952000068756], [-121.84641000010387, 36.906869000053995], [-121.84619699966854, 36.90658599985272], [-121.84617999995011, 36.90655200022238], [-121.84594899997141, 36.906248999657485], [-121.8456929998784, 36.905932000122995], [-121.84568500038078, 36.905904000273], [-121.84564199982476, 36.90585599968533], [-121.8456159998855, 36.90580099981292], [-121.84559099977115, 36.90577299991485], [-121.84555599961104, 36.905717999982556], [-121.84552200017414, 36.90564900003755], [-121.84526199988318, 36.9052489998245], [-121.84523199974593, 36.905187000203554], [-121.84515099955509, 36.905063000092234], [-121.84512100031617, 36.90500100032014], [-121.84507799976014, 36.904959999933396], [-121.84507000026254, 36.90491900024296], [-121.8450269997065, 36.90487699990648], [-121.84500199959216, 36.904838999889975], [-121.84498400004881, 36.90482200004661], [-121.84498400004881, 36.904794999696016], [-121.84497599965289, 36.90477400021488], [-121.84494999971363, 36.90475300000966], [-121.84492499959926, 36.904683999910276], [-121.84488199994155, 36.9046219998302], [-121.84487299972074, 36.90459500012717], [-121.84483900028386, 36.904553000330665], [-121.84479699955276, 36.90446399967642], [-121.84459999990926, 36.90417399977031], [-121.84436999975549, 36.90387799996793], [-121.84436100043298, 36.90385000008249], [-121.84431799987695, 36.90380200035761], [-121.84431000037935, 36.903778000124674], [-121.84428400044008, 36.903753999884195], [-121.84428400044008, 36.90373300011653], [-121.84425900032574, 36.90368500031805], [-121.84423300038645, 36.90366399981305], [-121.84422499999054, 36.903636999771024], [-121.84418200033284, 36.903575000276795], [-121.84415600039357, 36.90354700028017], [-121.84399400001185, 36.90334000011463], [-121.84399400001185, 36.90332000015906], [-121.84398499979103, 36.903299000271964], [-121.8439339997374, 36.903251000200456], [-121.8439339997374, 36.90323000029436], [-121.84388299968379, 36.903141000251885], [-121.84384000002608, 36.903098999655064], [-121.84374600031472, 36.902981999974166], [-121.84374600031472, 36.90296099999404], [-121.84373799991883, 36.90294099993915], [-121.84371199997955, 36.90291999994773], [-121.84367000014674, 36.90285100034575], [-121.8436530004283, 36.90281000024032], [-121.84357600043542, 36.902719999774064], [-121.84343900016808, 36.902534000341745], [-121.8433909995892, 36.902475999699924], [-121.84313200002141, 36.90216200011682], [-121.84282400004982, 36.9017620003001], [-121.84280300013344, 36.90170000000077], [-121.84277299999621, 36.90164500000586], [-121.84273000033852, 36.90160399997084], [-121.84262800023124, 36.901473000131695], [-121.84261900001043, 36.90144500008208], [-121.84246599984955, 36.9012660000865], [-121.84241399997103, 36.901196999707174], [-121.8424059995751, 36.901169000274606], [-121.84233799980302, 36.90108699967097], [-121.84226900020606, 36.900963000080054], [-121.84222700037327, 36.900914000018176], [-121.84222700037327, 36.90089400014511], [-121.8422099997565, 36.90085900017511], [-121.84218399981724, 36.900838000329074], [-121.8421670000988, 36.90078299971285], [-121.8421240004411, 36.900735000213686], [-121.84210699982437, 36.9006800002416], [-121.84202200033387, 36.90054900025294], [-121.84198799999865, 36.90050800034736], [-121.84198799999865, 36.90048699968635], [-121.84174899962406, 36.90006700033831], [-121.84170599996636, 36.89998400001744], [-121.8416800000271, 36.89996299993056], [-121.84166300030866, 36.8999149999156], [-121.84163800019431, 36.899893999809784], [-121.84162899997347, 36.89986699987046], [-121.84159499963827, 36.899817999823206], [-121.84158600031576, 36.89979099985698], [-121.84153500026214, 36.89971499976782], [-121.84152699986619, 36.899687999765156], [-121.8414749999877, 36.89961900011412], [-121.84145800026924, 36.899584000277656], [-121.84141600043645, 36.899529000194384], [-121.84139899981969, 36.89949500029285], [-121.84125300022981, 36.899321999904366], [-121.84125300022981, 36.89930200033244], [-121.84124499983392, 36.89928100005794], [-121.84121899989465, 36.899256999839714], [-121.8412020001762, 36.89923300033239], [-121.84117700006185, 36.89915699968746], [-121.84114299972664, 36.89908099968527], [-121.84110799956656, 36.89903299983388], [-121.84103200029689, 36.89889500000328], [-121.84100600035764, 36.89886699972612], [-121.84098899974087, 36.89883300024804], [-121.8409629998016, 36.89880499994808], [-121.84094600008318, 36.89877099972404], [-121.84091599994593, 36.89873500023088], [-121.84089500002955, 36.89870199996222], [-121.8408859998087, 36.89867400033258], [-121.84084399997592, 36.898633000138005], [-121.84080999964073, 36.898585000004886], [-121.84080100031822, 36.898557000332325], [-121.8405619999436, 36.89828200012892], [-121.84039500043735, 36.898108999864135], [-121.84027999991129, 36.89795699985181], [-121.84027999991129, 36.897936999922216], [-121.84012699975044, 36.897681999641534], [-121.84010099981114, 36.897661000357985], [-121.84009199959033, 36.897627000342624], [-121.83988699955091, 36.897364999716125], [-121.83988800027413, 36.89733700031435], [-121.83986200033489, 36.89731300020317], [-121.8398449997181, 36.89728900008444], [-121.83981899977886, 36.89723399978396], [-121.83969099973233, 36.897075000129036], [-121.83969099973233, 36.897054999968255], [-121.8396740000139, 36.89701999967432], [-121.83964800007463, 36.89699900020862], [-121.83963999967871, 36.896971999963455], [-121.83957199990664, 36.89687499972224], [-121.83955500018818, 36.89684100007512], [-121.83951199963218, 36.89677900008796], [-121.83943499963931, 36.89668000029369], [-121.83936699986722, 36.89659299982427], [-121.83936699986722, 36.89657200024107], [-121.8393500001488, 36.896543999830016], [-121.83921299988143, 36.896379000072464], [-121.83921299988143, 36.89635100030896], [-121.83917000022373, 36.89631000030322], [-121.83916199982781, 36.89626900027539], [-121.83912800039094, 36.89622100009224], [-121.83910199955336, 36.89617199985911], [-121.83897400040517, 36.89600700001573], [-121.83888900001635, 36.895875999907865], [-121.83883700013781, 36.89580699968386], [-121.8386749997561, 36.895610000346004], [-121.83864999964175, 36.89558599969179], [-121.83863499957312, 36.89555200018881], [-121.83860699998404, 36.8955240001219], [-121.8385979997632, 36.89549700007334], [-121.83855599993042, 36.89543499971278], [-121.83852599979319, 36.89540000011274], [-121.83836799960945, 36.89516900005081], [-121.83835099989102, 36.895152000208334], [-121.83835099989102, 36.89512500002817], [-121.8383169995558, 36.89506900028921], [-121.83826499967728, 36.89500700029942], [-121.83824799995885, 36.894972999820084], [-121.83822299984448, 36.8949450002592], [-121.83817199979087, 36.89486999969137], [-121.83804299991941, 36.89469700031323], [-121.83793300031456, 36.89455899982635], [-121.83793300031456, 36.89453899972467], [-121.83792400009375, 36.894518000294774], [-121.83787300004012, 36.89446999972877], [-121.83787300004012, 36.89444900027989], [-121.83785600032166, 36.89441500027047], [-121.8378219999865, 36.89438699978645], [-121.83763399966551, 36.89415200006604], [-121.83763399966551, 36.89413199985771], [-121.83758299961191, 36.89404900026628], [-121.83753999995419, 36.89399399978611], [-121.83752300023575, 36.89395299995103], [-121.83746299996129, 36.89388400014382], [-121.83745399974045, 36.89385600018345], [-121.83741199990766, 36.89381500027424], [-121.8372670001427, 36.89360800029124], [-121.83713900009619, 36.89344199987844], [-121.83713900009619, 36.8934149998118], [-121.8371130001569, 36.8933909999042], [-121.83709600043848, 36.89336699998899], [-121.83708700021766, 36.89333899983897], [-121.83706200010329, 36.89331800007891], [-121.83705299988245, 36.8932909999684], [-121.83701900044561, 36.89324899969766], [-121.83699599998106, 36.89320800018085], [-121.83696800039195, 36.89318100003144], [-121.83695900017112, 36.89315299981318], [-121.83691700033833, 36.89309800012427], [-121.8368999997216, 36.89306300017101], [-121.83676300035256, 36.89284999992453], [-121.83671999979653, 36.89280800012957], [-121.83671999979653, 36.89278800028754], [-121.83666299989513, 36.892677000278596], [-121.83663500030605, 36.89264999994136], [-121.83660099997084, 36.89255999970612], [-121.83657500003157, 36.89253999979904], [-121.83656699963565, 36.892512000064094], [-121.83648999964275, 36.89242199966614], [-121.83634900007577, 36.89223600027954], [-121.83625899966408, 36.89210500016535], [-121.83615699955683, 36.891967000021246], [-121.83603699990624, 36.89182299988598], [-121.83602900040862, 36.89179499988803], [-121.83585799980607, 36.89152600023096], [-121.83579000003401, 36.891442999961065], [-121.83579000003401, 36.891422999761375], [-121.8357730003156, 36.8913879997585], [-121.83574700037633, 36.89136800026286], [-121.83572999975956, 36.891306000140595], [-121.83567899970595, 36.89124399996792], [-121.83566199998751, 36.89120899988302], [-121.83563199985026, 36.89117499986725], [-121.83558499999461, 36.891105999704166], [-121.83557699959869, 36.89107800016163], [-121.83552499972018, 36.89102299969607], [-121.83552499972018, 36.891002000017316], [-121.83549100028328, 36.89094000031625], [-121.83543100000882, 36.890877999846296], [-121.83543199983373, 36.890858000217044], [-121.8354229996129, 36.89083699977443], [-121.83537999995522, 36.89079500030881], [-121.83537999995522, 36.89077499993929], [-121.83536300023677, 36.89074000035777], [-121.83517499991578, 36.89052000015755], [-121.83516700041818, 36.89049199968159], [-121.83513300008299, 36.890458000064946], [-121.83511600036455, 36.89040299987115], [-121.83505699991501, 36.89032899996588], [-121.83485100005068, 36.89006499995241], [-121.83459499995766, 36.88975500001215], [-121.83450999956884, 36.8896579999391], [-121.83438999991823, 36.8895060003397], [-121.83438999991823, 36.88948600035094], [-121.8343730001998, 36.88945800021425], [-121.83428799981098, 36.889347999782984], [-121.83427100009256, 36.889293000226374], [-121.83421099981811, 36.889223999799135], [-121.83420199959727, 36.88918900022499], [-121.8341420002211, 36.889119999703745], [-121.83411700010676, 36.88905799991107], [-121.83406600005316, 36.888981999911095], [-121.83402300039543, 36.888879000319776], [-121.83397999983941, 36.88883799989271], [-121.83397999983941, 36.88881000023683], [-121.8339289997858, 36.88871999978497], [-121.83388600012806, 36.888678999990994], [-121.8338519997929, 36.888631000064045], [-121.83382699967855, 36.88857599999086], [-121.8335709995855, 36.88826500034708], [-121.8334169995997, 36.88806599997269], [-121.83340900010211, 36.888038000033625], [-121.83332299988838, 36.88793499988718], [-121.83329699994913, 36.88788600008259], [-121.83327199983475, 36.88785900020617], [-121.83323800039788, 36.88779700010789], [-121.8332119995603, 36.887769000070165], [-121.8330840004121, 36.88758599980174], [-121.83306699979535, 36.88756899970743], [-121.83306699979535, 36.887547999796986], [-121.83305900029774, 36.887528000013816], [-121.8330070004192, 36.88748000008164], [-121.8330070004192, 36.88745900014676], [-121.83298999980244, 36.88742399976344], [-121.83294799996965, 36.887390000217344], [-121.83293899974883, 36.88736200003034], [-121.83289600009113, 36.88731399999385], [-121.8328790003727, 36.88727999968026], [-121.83285400025832, 36.88725200017143], [-121.83282800031907, 36.88720400006577], [-121.83280300020472, 36.88717599981056], [-121.83260599966289, 36.88691399995291], [-121.83240999984432, 36.88660400015023], [-121.83224800036092, 36.88636599973501], [-121.83223099974417, 36.886349000087556], [-121.83223099974417, 36.88632100023728], [-121.83222200042165, 36.88630100013263], [-121.83219599958407, 36.88627999987341], [-121.83217899986562, 36.886217999929855], [-121.83215399975127, 36.8861969996478], [-121.83213700003283, 36.8861350003553], [-121.83198300004705, 36.885900999813906], [-121.83191500027499, 36.88581799989473], [-121.83172699995401, 36.88556999975464], [-121.8317189995581, 36.88554200033719], [-121.83168400029629, 36.885507999952985], [-121.8316759999004, 36.88547999979429], [-121.83160800012831, 36.885376999789344], [-121.83156499957231, 36.885328999941855], [-121.83155600024979, 36.88527399964544], [-121.83151400041699, 36.8852110001586], [-121.8311980000495, 36.884818000338626], [-121.83118899982868, 36.88479100009575], [-121.83113000027744, 36.88472899966153], [-121.83113000027744, 36.8847079996885], [-121.83110400033817, 36.884666999895494], [-121.83100200023092, 36.88454300021239], [-121.83080499968912, 36.884328999729284], [-121.83079700019152, 36.88428700027589], [-121.83075399963549, 36.88423899974317], [-121.83073899956689, 36.884177000297775], [-121.83071099997778, 36.884149999828175], [-121.83069699973409, 36.884115000083504], [-121.83066900014498, 36.88408800031051], [-121.83065999992417, 36.8840600003496], [-121.83059200015208, 36.8839769998662], [-121.83058299993127, 36.883943000222146], [-121.83050699976329, 36.88384599994985], [-121.83049800044078, 36.883819000081736], [-121.83044700038715, 36.88376999979116], [-121.83044700038715, 36.88374299989618], [-121.83043800016631, 36.883721999651904], [-121.83041300005196, 36.88370100012045], [-121.8303870001127, 36.883619000149494], [-121.83032699983822, 36.88352900004505], [-121.83029300040135, 36.883445999702964], [-121.8301910002941, 36.883246999701306], [-121.83014799973807, 36.883204999652754], [-121.83013100001965, 36.88316399977123], [-121.83010599990529, 36.88314300008626], [-121.83010599990529, 36.883122999867695], [-121.83008800036194, 36.88308799965221], [-121.83006300024759, 36.883066999946344], [-121.82998600025469, 36.882978000102355], [-121.8298320002689, 36.88277800012293], [-121.8297469998801, 36.88262599975941], [-121.82970400022239, 36.88257099967152], [-121.82969599982647, 36.88254299987287], [-121.82962800005441, 36.88246699985431], [-121.82962800005441, 36.88244700017722], [-121.82960200011514, 36.88239899992484], [-121.82960200011514, 36.88237800002954], [-121.82955100006151, 36.88232999973378], [-121.82955100006151, 36.88230199984676], [-121.82952500012225, 36.882280999924724], [-121.82950800040379, 36.88221900032653], [-121.82945700035019, 36.882156999959435], [-121.82943999973342, 36.88209500026062], [-121.82938899967981, 36.88203999979026], [-121.82938899967981, 36.882006000002214], [-121.82932000008283, 36.88193700017458], [-121.82930300036439, 36.88186800028455], [-121.82926099963328, 36.88181999966826], [-121.82923100039437, 36.88172300029173], [-121.82918399964038, 36.881627000283736], [-121.82914099998268, 36.881585000062636], [-121.82897100010337, 36.88133999974963], [-121.82895400038494, 36.88132299970166], [-121.82893900031632, 36.8812610000442], [-121.8289109998289, 36.881233999980594], [-121.82890199960809, 36.881205999691694], [-121.8288599997753, 36.881143999939226], [-121.82885099955446, 36.88111600033583], [-121.82880000039916, 36.88104099983356], [-121.82878699998035, 36.88100600010089], [-121.82874900034552, 36.88094400018605], [-121.82874000012468, 36.88089599970745], [-121.82872300040624, 36.880860999908336], [-121.82868099967516, 36.880820000205354], [-121.82852699968936, 36.880648000107385], [-121.82827899999224, 36.88035100009144], [-121.82824499965704, 36.88030299995871], [-121.82823700015943, 36.88027500004695], [-121.82812599983137, 36.88014400024651], [-121.82812599983137, 36.88012399996101], [-121.82811699961053, 36.880103000158584], [-121.82809200039448, 36.88007899965871], [-121.82807499977774, 36.88005499986992], [-121.82803999961763, 36.87998599971648], [-121.82796400034798, 36.879895999641356], [-121.82795500012713, 36.87986800029894], [-121.82785300001989, 36.879717000126746], [-121.82783600030146, 36.879681999787266], [-121.82781000036216, 36.87966200009934], [-121.82779299974543, 36.87961300001538], [-121.82755400026913, 36.8792410001711], [-121.82753599982749, 36.87919900007485], [-121.82750300021551, 36.87915800019814], [-121.82748599959878, 36.879102999768094], [-121.82745999965948, 36.87907899967257], [-121.82744299994107, 36.879055000288034], [-121.82738299966661, 36.878944999958534], [-121.8272980001761, 36.87884799980437], [-121.8272980001761, 36.87882000007772], [-121.82727300006174, 36.878795999893256], [-121.82725499962008, 36.87877199970121], [-121.82723799990166, 36.87873799989536], [-121.82715300041114, 36.87862700029684], [-121.82702500036464, 36.87841400001339], [-121.826974000311, 36.87835200014987], [-121.82682899964773, 36.87813800028063], [-121.8268119999293, 36.878068999832315], [-121.82675199965486, 36.877978999653706], [-121.82662399960832, 36.87782099967451], [-121.82647499964541, 36.87762599971794], [-121.82635099979686, 36.877462000293946], [-121.82623100014624, 36.87731699983952], [-121.82623100014624, 36.87729700025078], [-121.82622299975034, 36.87726200023934], [-121.82619699981107, 36.877241999917665], [-121.82618000009263, 36.87717999982127], [-121.82616300037421, 36.87709000003224], [-121.82612099964307, 36.87702799981247], [-121.82611999981818, 36.877000000137144], [-121.82607799998539, 36.87695899979844], [-121.82606899976454, 36.876924999904], [-121.82599299959656, 36.876828000058545], [-121.82598400027403, 36.8768000003099], [-121.82595800033477, 36.87677999986724], [-121.82594099971803, 36.8767310000899], [-121.82581299967153, 36.87655200034293], [-121.82578799955715, 36.876525000051586], [-121.82577099983872, 36.87645600030174], [-121.82572800018102, 36.87641400011108], [-121.82572800018102, 36.876386999771], [-121.82566799990657, 36.876283000155], [-121.8256429997922, 36.8762630002955], [-121.82562600007377, 36.87620699965508], [-121.82549800002724, 36.87604900032155], [-121.82549800002724, 36.87602800011721], [-121.82548899980642, 36.876006999907034], [-121.82544699997362, 36.875965999753916], [-121.82542900043026, 36.87590400005886], [-121.82540400031588, 36.87588299981465], [-121.82538699969918, 36.87582100005221], [-121.82525000033012, 36.87560799984758], [-121.82524199993422, 36.875579999651684], [-121.82517300033722, 36.87547000006592], [-121.82513900000205, 36.875200999660144], [-121.82510499966683, 36.875159999792935], [-121.82508799994842, 36.87511800032678], [-121.82504600011562, 36.87506999977936], [-121.82501099995552, 36.87500800007565], [-121.8249680002978, 36.8749559997058], [-121.82480500009119, 36.874823999824045], [-121.82464100005967, 36.87456599975578], [-121.82457300028761, 36.87438500007348], [-121.82440900025608, 36.87405499998957], [-121.82438099976868, 36.87401699971849], [-121.82433999976078, 36.873928999698954], [-121.82423799965355, 36.87376999965162], [-121.82418300030028, 36.87369299993009], [-121.8240529997056, 36.87354399967916], [-121.82395099959837, 36.87343400003571], [-121.8238889996741, 36.87336299973097], [-121.8238269997498, 36.87328600031774], [-121.82379999998561, 36.873247999664095], [-121.82375899997774, 36.873115999705135], [-121.82361500003768, 36.87288999995352], [-121.82334200022622, 36.87245600008189], [-121.82326000021044, 36.87232499980508], [-121.82325199981452, 36.87230700029258], [-121.82322500005036, 36.872272000150375], [-121.82321099980665, 36.87224699973101], [-121.82319800028617, 36.87223100014824], [-121.82317099962367, 36.872182000327086], [-121.82315700027827, 36.87216499967784], [-121.82312299994312, 36.872098999869124], [-121.82311000042264, 36.87208399987195], [-121.8231020000267, 36.87206600030267], [-121.8230889996079, 36.87204999996329], [-121.82306699986661, 36.872019000329324], [-121.82303400025464, 36.87195599996806], [-121.82302099983585, 36.8719409999428], [-121.82301300033824, 36.87192300033983], [-121.82299999991945, 36.8719069999705], [-121.82299200042185, 36.871888999640866], [-121.82297900000306, 36.87187400032116], [-121.82296599958427, 36.87184099993886], [-121.82295200023887, 36.871825000271], [-121.82294399984298, 36.87180699992205], [-121.82293100032247, 36.87179199986754], [-121.82291799990368, 36.87175900016847], [-121.82290399966, 36.87174200014373], [-121.82289600016236, 36.87172500011522], [-121.8228829997436, 36.87170899970441], [-121.8228700002231, 36.871675999969476], [-121.82285599997941, 36.87166000026711], [-121.82284199973573, 36.871626999792376], [-121.82282199964423, 36.871594000022014], [-121.82281400014662, 36.871576000337285], [-121.82280099972783, 36.87156100023741], [-121.82278099963635, 36.87151099964375], [-121.82276700029097, 36.87149499990677], [-121.82273999962845, 36.87142900023777], [-121.82272600028307, 36.871412000139586], [-121.82268500027519, 36.87131400013385], [-121.82266500018372, 36.87127500030926], [-121.82261699960482, 36.87115999997352], [-121.82260300025942, 36.871142999815426], [-121.82256899992423, 36.87105500007817], [-121.82255499968052, 36.87103900024569], [-121.82250699999994, 36.87092299992283], [-121.82249399958117, 36.8709070000627], [-121.8224249999842, 36.8707369999048], [-121.82241099974048, 36.87071999965257], [-121.8223839999763, 36.870648999699796], [-121.8223709995575, 36.87063400013655], [-121.82234200014351, 36.8705870000008], [-121.82232899972472, 36.87057199970679], [-121.82232200005203, 36.87055399978119], [-121.82230899963322, 36.870539000199294], [-121.82230100013564, 36.870521000265974], [-121.82228100004413, 36.87048899965536], [-121.82226799962534, 36.87047299970438], [-121.82226000012774, 36.87045499975545], [-121.8222340001885, 36.87042899982179], [-121.82222599979255, 36.87041099986256], [-121.82221300027207, 36.870396000252576], [-121.8221930001806, 36.87036299995045], [-121.82217999976181, 36.870348000331056], [-121.8221720002642, 36.87033000035273], [-121.82215100034782, 36.870301000019346], [-121.8221239996853, 36.87026999967563], [-121.8221160001877, 36.87025199967892], [-121.82205599991325, 36.87017599964599], [-121.82204800041565, 36.87015899998758], [-121.82203499999686, 36.870142999967484], [-121.82202699960094, 36.87012600030173], [-121.82200099966167, 36.87009899989483], [-121.82198099957019, 36.870066000183066], [-121.8219670002248, 36.870050000143436], [-121.82195899982888, 36.87003200009489], [-121.82193299988958, 36.87000600001727], [-121.821925000392, 36.86998799995837], [-121.82191199997321, 36.86997300026534], [-121.82190399957729, 36.8699550001986], [-121.82185699972163, 36.86989600030957], [-121.82185000004894, 36.869878000224745], [-121.82182400010966, 36.86984800007389], [-121.82181599971373, 36.869829999977746], [-121.82180300019326, 36.8698139998887], [-121.82179499979733, 36.86979599978454], [-121.82176899985807, 36.86977000034527], [-121.82176100036047, 36.8697520002307], [-121.82174100026896, 36.86972000001662], [-121.8217279998502, 36.86970399990454], [-121.82172000035257, 36.86968599977447], [-121.82169400041333, 36.86966099994611], [-121.82168600001741, 36.869642999805855], [-121.82167299959862, 36.86962699967769], [-121.82166500010098, 36.8696090002481], [-121.82165199968219, 36.869593999762046], [-121.82159800015384, 36.86951700014294], [-121.82155600032105, 36.8694510002023], [-121.82154899975004, 36.86943300001261], [-121.82153600022956, 36.86941800021063], [-121.82152199998586, 36.86938500020468], [-121.82150899956707, 36.86936900002244], [-121.82150100006945, 36.869350999813435], [-121.82148099997796, 36.86931900015], [-121.82146799955918, 36.86930299995398], [-121.82144599981788, 36.8692719999239], [-121.82143300029742, 36.869242000253784], [-121.8214199998786, 36.869226000041586], [-121.82141200038102, 36.869207999798896], [-121.8213989999622, 36.86919299995271], [-121.82138499971852, 36.86915999984959], [-121.82135100028165, 36.86910999984038], [-121.82134399971065, 36.86909200028897], [-121.82133100019014, 36.869076999701406], [-121.82131699994643, 36.8690440002668], [-121.82130299970275, 36.869028000013124], [-121.82129600003006, 36.86900999972378], [-121.82128299961127, 36.868994999838726], [-121.82126900026587, 36.86896199965007], [-121.8212490001744, 36.86892900016584], [-121.82124099977848, 36.86891200022995], [-121.82122800025797, 36.86889599994863], [-121.8211939999228, 36.86883000019022], [-121.8211599995876, 36.868786000080014], [-121.82114600024224, 36.86875299980108], [-121.82113199999853, 36.86873700020515], [-121.82111899957974, 36.86870399990505], [-121.82110500023434, 36.868686999919085], [-121.82107099989915, 36.86862099998013], [-121.82105800037868, 36.8686060000187], [-121.82104999998276, 36.868588000348545], [-121.82103699956397, 36.868571999999425], [-121.8210230002186, 36.86853900034668], [-121.82100899997488, 36.868522000324056], [-121.82100200030217, 36.86850399991543], [-121.82098899988338, 36.86848899993104], [-121.82097499963967, 36.868456000242496], [-121.8209610002943, 36.86843999986568], [-121.8209539997233, 36.86842200015647], [-121.82094100020281, 36.868407000155976], [-121.82093299980689, 36.86839000010392], [-121.82092000028643, 36.868373999713334], [-121.82090699986765, 36.86834099997506], [-121.820891999799, 36.86832700034314], [-121.82086599985975, 36.868280999891844], [-121.82085199961602, 36.86826399981175], [-121.82081800017916, 36.86819800022598], [-121.82080499976037, 36.86818300018151], [-121.82079700026276, 36.86816499969307], [-121.820783999844, 36.868148999974], [-121.82077600034637, 36.86813100019622], [-121.82076299992758, 36.868116000138585], [-121.82075500042997, 36.868098000352994], [-121.82072199991971, 36.86805500020925], [-121.82069500015552, 36.86800599986554], [-121.82068199973673, 36.86799000011315], [-121.82067400023912, 36.867972999968366], [-121.82066099982033, 36.867957999879714], [-121.82065400014763, 36.8679400000569], [-121.82063999990393, 36.86792400029075], [-121.82063200040633, 36.867905999741225], [-121.82060599956876, 36.86787999965874], [-121.82059200022336, 36.867863000208104], [-121.82058399982743, 36.86784600003506], [-121.8204349998645, 36.867687000262265], [-121.82040700027542, 36.86765999971203], [-121.82033199993236, 36.86757200027466], [-121.82027099983299, 36.86749500005498], [-121.82026300033539, 36.867477000123074], [-121.8202499999166, 36.867461999937106], [-121.82024200041899, 36.86744399999741], [-121.82020200023601, 36.86737999977838], [-121.82014100013666, 36.86728599978618], [-121.82012699989295, 36.86725300029666], [-121.82011299964924, 36.867236999667895], [-121.82010000012876, 36.867204000157265], [-121.82008599988505, 36.86718699983753], [-121.82007199964137, 36.86715400030529], [-121.82005900012089, 36.867137999655796], [-121.82004499987718, 36.86710500010234], [-121.82003099963347, 36.86708799976063], [-121.82001800011302, 36.86705500018559], [-121.82000399986929, 36.867039000234044], [-121.81998999962558, 36.8670059999192], [-121.81997700010513, 36.866989999957404], [-121.81995600018872, 36.86693999996539], [-121.81994199994502, 36.86692399998976], [-121.81992900042454, 36.866891000343884], [-121.81991500018086, 36.86687399995455], [-121.81990099993715, 36.866841000287074], [-121.81988800041664, 36.866825000290724], [-121.81987400017296, 36.86679199988344], [-121.81985999992925, 36.86677500019072], [-121.81985300025656, 36.866757000089194], [-121.81983999983777, 36.86674199976179], [-121.81982599959406, 36.86670900003736], [-121.81981200024869, 36.86669300001337], [-121.81980499967767, 36.86667499989252], [-121.8197920001572, 36.866660000267714], [-121.8197779999135, 36.86662699978916], [-121.81972500021003, 36.86654500017166], [-121.81971699981413, 36.86652799970529], [-121.8197019997455, 36.86651399974116], [-121.81967599980626, 36.866466999945445], [-121.81964800021716, 36.86643400010218], [-121.81962099955466, 36.86638500015622], [-121.81960600038435, 36.86637100016589], [-121.81958700011778, 36.86634100007529], [-121.81957399969899, 36.86632599966621], [-121.81956600020139, 36.8663080001776], [-121.81955299978259, 36.86629200006963], [-121.81954500028499, 36.86627399985435], [-121.81951199977472, 36.86623100012137], [-121.81950400027709, 36.866214000303884], [-121.81947699961461, 36.866182000045214], [-121.81946999994193, 36.86616399980397], [-121.81945700042142, 36.866149000078856], [-121.81940800001763, 36.86607100016708], [-121.81939499959884, 36.86605500000953], [-121.81936799983465, 36.86600599982046], [-121.81935399959097, 36.86598899995285], [-121.81934100007048, 36.86595599990319], [-121.81932699982679, 36.8659399997215], [-121.81931900032919, 36.86592299983922], [-121.8193059999104, 36.86590699965062], [-121.81929300038992, 36.86587400028419], [-121.81927900014621, 36.86585800008533], [-121.8192649999025, 36.86582499997909], [-121.81924499981102, 36.86579199985853], [-121.8192370003134, 36.86577400024412], [-121.81922399989462, 36.86575899972373], [-121.81921100037415, 36.86572600029343], [-121.81919700013043, 36.86570899964482], [-121.81917600021404, 36.86565999995256], [-121.81915600012256, 36.86562699976079], [-121.81914199987885, 36.86559400027343], [-121.81912199978738, 36.86556100005311], [-121.81910800044199, 36.86552799981854], [-121.81909400019828, 36.865510999844645], [-121.8190740001068, 36.865462000025396], [-121.81905999986309, 36.86544500003676], [-121.81904700034261, 36.86541300017472], [-121.81903300009893, 36.86539600017518], [-121.81901200018252, 36.86534700028223], [-121.81899200009103, 36.865313999955234], [-121.8189839996951, 36.86529600022822], [-121.81897100017463, 36.865281000332686], [-121.81895799975584, 36.865247999977186], [-121.81894400041044, 36.86523099994099], [-121.81893000016676, 36.86519800028259], [-121.81891699974794, 36.86518199994218], [-121.81890900025036, 36.865164000184045], [-121.81888900015886, 36.86513200020433], [-121.81887599974007, 36.865115999850104], [-121.81886800024246, 36.86509800007643], [-121.81885499982367, 36.865083000142036], [-121.81884700032607, 36.865064999641945], [-121.81883399990728, 36.86504999970107], [-121.81882700023459, 36.86503199991186], [-121.81876600013523, 36.864957000145594], [-121.8187579997393, 36.86493900033454], [-121.81873199980004, 36.864912999961014], [-121.81872400030242, 36.86489500013953], [-121.81869800036316, 36.86486300004716], [-121.81868300029456, 36.86484899977794], [-121.81866400002798, 36.86481899980844], [-121.81864999978427, 36.86480300010737], [-121.81864200028669, 36.86478500025997], [-121.81861600034736, 36.86475899983411], [-121.81860200010368, 36.86474199968906], [-121.81859399970776, 36.864725000258936], [-121.81858100018731, 36.86470899981948], [-121.81857299979137, 36.8646919996633], [-121.8185469998521, 36.86466500021074], [-121.81851300041522, 36.86459899967215], [-121.81849900017151, 36.864582999925005], [-121.81848599975272, 36.86454999998676], [-121.81847200040735, 36.8645329997952], [-121.81845200031586, 36.864484000067485], [-121.81843800007215, 36.86446699986124], [-121.81839700006427, 36.86436599969953], [-121.81836299972909, 36.864280999936696], [-121.81834900038369, 36.8642639996853], [-121.81830800037582, 36.864160000094344], [-121.81829400013211, 36.86414299981602], [-121.81828099971334, 36.864109999687784], [-121.81826700036795, 36.864093999838204], [-121.81825300012423, 36.86406099968881], [-121.81823300003273, 36.86402800024378], [-121.81820500044365, 36.86400099983793], [-121.81816400043579, 36.86395600009852], [-121.81811599985689, 36.8639179998348], [-121.8180890000927, 36.86389100010874], [-121.81804100041214, 36.86385200008834], [-121.81801399974964, 36.863818999834386], [-121.81799899968101, 36.86380500009261], [-121.81797299974174, 36.86375899979353], [-121.81795900039637, 36.86374200014471], [-121.81792500006117, 36.86367600024625], [-121.81791099981747, 36.863660000305785], [-121.81789099972598, 36.863610000290784], [-121.8178770003806, 36.8635940003365], [-121.8178499997181, 36.863528000310204], [-121.81783600037271, 36.86351099989131], [-121.81780200003752, 36.86342899980456], [-121.81778100012113, 36.86339099999743], [-121.81774000011325, 36.86329200003295], [-121.81772000002175, 36.863259000255866], [-121.81770599977804, 36.8632259997458], [-121.81768599968656, 36.863192999940225], [-121.81767200034116, 36.863160000120374], [-121.81765800009748, 36.86314300033831], [-121.81764499967869, 36.86310999977814], [-121.8176310003333, 36.86309399971922], [-121.81762299993737, 36.86307600018797], [-121.8176100004169, 36.86306099985662], [-121.8176029998459, 36.863043000317596], [-121.81756600003598, 36.86300199967474], [-121.81754900031753, 36.862984000121806], [-121.81750099973866, 36.86294600009338], [-121.81748700039326, 36.86292900026369], [-121.81746700030179, 36.862918000287365], [-121.81742600029389, 36.86287399964731], [-121.81741799989797, 36.86285699980161], [-121.8173710000423, 36.86279699972405], [-121.8173559999737, 36.862768999863384], [-121.81734400027811, 36.86274800032056], [-121.8173300000344, 36.86273099972809], [-121.81730300027024, 36.86268200028222], [-121.81728900002653, 36.86266499967512], [-121.81728099963061, 36.86264799978292], [-121.81726800011013, 36.86263200034594], [-121.81725499969134, 36.86259900028383], [-121.81724100034596, 36.862583000117915], [-121.81722100025448, 36.86253300011686], [-121.81720700001077, 36.86251699993712], [-121.8171660000029, 36.86241800027772], [-121.81715199975918, 36.86240200007391], [-121.81704299997922, 36.86212699973055], [-121.81704299997922, 36.8621089999715], [-121.81691999995559, 36.861796999880866], [-121.8169059997119, 36.86178100026576], [-121.81686499970401, 36.861681999652845], [-121.81685100035864, 36.8616650002607], [-121.81683799993982, 36.86163199978099], [-121.81682399969611, 36.86161600013128], [-121.81681000035074, 36.86158300034916], [-121.81679000025926, 36.86154999983404], [-121.81678199986334, 36.86153199993909], [-121.81676199977184, 36.86149999987576], [-121.81674900025139, 36.86148400019847], [-121.81674099985547, 36.861466000287976], [-121.81672800033496, 36.861451000359345], [-121.81671999993904, 36.86143299972232], [-121.8166739999083, 36.86137399972094], [-121.8166660004107, 36.861357000260234], [-121.81663899974819, 36.86132500012368], [-121.81663200007551, 36.86130700017573], [-121.81660500031133, 36.861281000003856], [-121.8165979997403, 36.86126399980377], [-121.81658500021985, 36.86124800007706], [-121.81657699982392, 36.86123000011098], [-121.81655000005975, 36.86120399991291], [-121.81654300038706, 36.86118599993646], [-121.81651599972456, 36.86115399972824], [-121.81648899996037, 36.861104999989955], [-121.81646200019621, 36.86107700022807], [-121.81645399980026, 36.861059999982594], [-121.8164410002798, 36.86104400021313], [-121.81641399961731, 36.86099499968557], [-121.81640000027191, 36.86097899990256], [-121.81638000018042, 36.860945000082914], [-121.81635900026404, 36.86091800002514], [-121.81634500002033, 36.8608849999416], [-121.81633199960154, 36.860869000135544], [-121.81631800025615, 36.86083600003078], [-121.81630400001247, 36.86081899973169], [-121.81628399992096, 36.86076399975282], [-121.81626999967725, 36.860747999921436], [-121.81625600033188, 36.86071499976448], [-121.81623600024038, 36.860682000311975], [-121.81622199999667, 36.860649000126514], [-121.81620199990519, 36.86061599992676], [-121.81618799966151, 36.8605829997128], [-121.81617400031608, 36.860566000076176], [-121.81615400022461, 36.86051699996083], [-121.81613999998092, 36.86050000030952], [-121.81611300021673, 36.86043500025494], [-121.81609899997302, 36.86041799986664], [-121.81607899988155, 36.860368999656394], [-121.81606499963786, 36.860351999972174], [-121.81603799987366, 36.86028099972804], [-121.81602399962996, 36.86026400002419], [-121.81599699986579, 36.86019799999677], [-121.81598299962207, 36.860182000046834], [-121.8159559998579, 36.86011599994855], [-121.8159419996142, 36.860099000208045], [-121.81591400002512, 36.86003300003808], [-121.81590099960633, 36.860017000053645], [-121.81586700016943, 36.85992899971991], [-121.81585299992574, 36.85991299971369], [-121.81582600016156, 36.85984700010186], [-121.81581199991784, 36.859830000301514], [-121.81577799958269, 36.859747999858435], [-121.81574999999359, 36.85969299982752], [-121.8157369995748, 36.85965999993375], [-121.8157230002294, 36.859643000091765], [-121.8156889998942, 36.85956100016683], [-121.81567499965053, 36.859544000302876], [-121.81564100021365, 36.85945600014325], [-121.81562699996994, 36.85944000003801], [-121.81559299963473, 36.859357999895224], [-121.81557900028936, 36.8593409999861], [-121.81555199962685, 36.85927499988028], [-121.81553800028148, 36.85925899973709], [-121.81551099961898, 36.8591930002792], [-121.8154910004258, 36.85915400001734], [-121.81546999961108, 36.859104999715406], [-121.81545600026571, 36.85908799975], [-121.81543600017422, 36.859039000124525], [-121.81542199993054, 36.859022000144456], [-121.81539500016635, 36.858955999763126], [-121.81538099992264, 36.858940000271936], [-121.81536099983116, 36.85889099983279], [-121.81534699958745, 36.85887399981979], [-121.81532599967105, 36.8588250000571], [-121.81531300015057, 36.85880800002943], [-121.81529200023418, 36.858753000040736], [-121.81527899981539, 36.85873699978833], [-121.81525799989899, 36.858687000145885], [-121.81524399965528, 36.85867099987959], [-121.8152239995638, 36.85862100019396], [-121.81521000021841, 36.85860499991392], [-121.81519699979962, 36.85857200026907], [-121.8151829995559, 36.85855500018511], [-121.81516900021052, 36.858521999799954], [-121.81515599979174, 36.8585060002179], [-121.81513499987535, 36.858455999705555], [-121.81512099963165, 36.85844000010973], [-121.81510800011114, 36.85840699967486], [-121.81509399986746, 36.858391000068785], [-121.81508600036985, 36.8583730001485], [-121.81507299995108, 36.85835800033153], [-121.81506000043058, 36.85832499986125], [-121.81504600018687, 36.858307999722356], [-121.81503199994319, 36.858274999949266], [-121.81501900042271, 36.85825900031555], [-121.815005000179, 36.85822599980252], [-121.81499099993529, 36.85820899964162], [-121.81497800041481, 36.858175999825775], [-121.81496400017113, 36.858160000171274], [-121.81494999992742, 36.85812700033434], [-121.81490899991954, 36.85806099989882], [-121.81490200024683, 36.85804299990086], [-121.81488200015534, 36.85801099981412], [-121.81486700008675, 36.85799699972708], [-121.81485500039118, 36.85796699994251], [-121.81484100014747, 36.85795100024432], [-121.81483299975154, 36.85793400002223], [-121.81482000023107, 36.857918000317085], [-121.81480699981228, 36.85788499965687], [-121.81479400029183, 36.85786999974408], [-121.81478599989588, 36.85785199970114], [-121.8147730003754, 36.85783599997882], [-121.81475900013169, 36.85780300000192], [-121.814744999888, 36.85778599974691], [-121.81471099955282, 36.85771999973575], [-121.81469700020742, 36.857703999985794], [-121.81468999963643, 36.85768599990375], [-121.81467700011595, 36.857670999951914], [-121.81466899972003, 36.8576529998621], [-121.81465600019955, 36.85763799990384], [-121.81464299978073, 36.85760499984144], [-121.8146300002603, 36.857589000067414], [-121.81462199986437, 36.85757199976481], [-121.81460799962065, 36.857556999790596], [-121.81459500010018, 36.857528000359245], [-121.81458099985647, 36.85751100004307], [-121.81455400009229, 36.85746200012524], [-121.81453999984858, 36.85744499979439], [-121.81452700032813, 36.85741300017604], [-121.81451300008442, 36.85739599983429], [-121.8145049996885, 36.85737900020747], [-121.81449200016802, 36.85736299966741], [-121.81447899974923, 36.85733000020507], [-121.81446500040383, 36.85731399965475], [-121.8144570000079, 36.857296000199575], [-121.81444399958912, 36.85728100017125], [-121.81443100006864, 36.857247999954716], [-121.81441699982493, 36.857231000294995], [-121.81438300038806, 36.85716499980456], [-121.81436999996927, 36.85714999975046], [-121.81436199957335, 36.85713200025672], [-121.8143490000529, 36.8571159996649], [-121.8142799995576, 36.85696700014749], [-121.8142670000371, 36.85695100023996], [-121.81425299979342, 36.85691799988095], [-121.81423900044803, 36.85690199996311], [-121.81421900035652, 36.85685199983896], [-121.81420500011284, 36.85683599990735], [-121.81418500002135, 36.856785999739984], [-121.81417099977764, 36.85676999979456], [-121.81414999986126, 36.8567200003028], [-121.81413700034078, 36.856704000343555], [-121.81412300009707, 36.85667099987789], [-121.81410899985337, 36.85665400008989], [-121.81408899976188, 36.85660500034142], [-121.81407500041648, 36.85658799981992], [-121.81406199999769, 36.85655500002298], [-121.81404799975401, 36.85653900002914], [-121.81403400040861, 36.85650600021103], [-121.81401400031712, 36.85647299965987], [-121.81400599992122, 36.85645500000671], [-121.81399300040071, 36.85643999981326], [-121.81396599973824, 36.856390000105684], [-121.81395200039285, 36.8563740000773], [-121.81392499973035, 36.856325000149376], [-121.81387700004976, 36.85626400015112], [-121.81386899965386, 36.85624700027258], [-121.81379500003402, 36.85615400006664], [-121.8137869996381, 36.856137000163635], [-121.8137609996988, 36.856109999844755], [-121.81375300020122, 36.85609299993197], [-121.81372800008688, 36.85606200029264], [-121.81369799994964, 36.856015999645294], [-121.81368500042916, 36.856000000257424], [-121.81367799985814, 36.855981999774066], [-121.81366500033766, 36.8559670002066], [-121.81365100009396, 36.855934000141524], [-121.81363799967517, 36.855918000017745], [-121.81363000017755, 36.85590000023383], [-121.81361699975879, 36.85588499993151], [-121.81358300032193, 36.855818999716305], [-121.81356999990311, 36.85580400011684], [-121.8135620004055, 36.85578600030607], [-121.81354899998671, 36.85577000015132], [-121.81354099959078, 36.85575200033254], [-121.8135280000703, 36.85573700000118], [-121.81351600037476, 36.85570700004834], [-121.81350100030613, 36.85569300025805], [-121.81349299991021, 36.85567499970233], [-121.81348000038976, 36.85566000007467], [-121.81346699997094, 36.855626999876996], [-121.81345299972726, 36.85560999985678], [-121.81344500022965, 36.855592999832794], [-121.81343199981083, 36.85557700035638], [-121.81341900029038, 36.85554400012291], [-121.81340599987159, 36.85552899975068], [-121.81339800037397, 36.85551099987521], [-121.81338499995519, 36.855494999662824], [-121.81337099971147, 36.855462000112766], [-121.81335700036611, 36.8554450000558], [-121.81334399994729, 36.85541199976536], [-121.81332999970358, 36.855396000251105], [-121.81332200020599, 36.855378000344245], [-121.8133089997872, 36.85536299993951], [-121.81329600026675, 36.855330000332394], [-121.81328299984796, 36.85531499991822], [-121.81327500035032, 36.855296999992305], [-121.81326199993153, 36.85528099973518], [-121.81324799968782, 36.85524800009272], [-121.81323400034245, 36.85523099998816], [-121.81322099992366, 36.85519800032413], [-121.81320699967995, 36.85518200004623], [-121.81319900018234, 36.855164000089026], [-121.81318599976355, 36.85514899964223], [-121.81317300024308, 36.85511599994278], [-121.81315899999936, 36.85509899980892], [-121.81312499966418, 36.85503900010948], [-121.81311100031878, 36.85502199995843], [-121.8130979999, 36.85498900020416], [-121.8130839996563, 36.854972999882506], [-121.81307000031092, 36.85494000010709], [-121.8130560000672, 36.85492299993407], [-121.81304900039451, 36.85490499991584], [-121.81303599997572, 36.85489000013701], [-121.81302199973204, 36.854858000167766], [-121.81298099972415, 36.85479300034624], [-121.81297400005145, 36.85477500029739], [-121.81296099963266, 36.854758999931], [-121.81295300013505, 36.854740999874146], [-121.81293999971626, 36.85472600006313], [-121.81292700019577, 36.854693000181065], [-121.81291299995209, 36.854675999953116], [-121.81290499955617, 36.85465899972134], [-121.81289200003569, 36.854643000049414], [-121.8128789996169, 36.85461000013152], [-121.8128650002715, 36.85459399973058], [-121.81285699987558, 36.854576000353674], [-121.8128440003551, 36.85456099979148], [-121.81283099993631, 36.85453299978849], [-121.81281800041585, 36.85451799993665], [-121.81281000001992, 36.85449999982304], [-121.81279699960113, 36.854484000117886], [-121.81278900010352, 36.85446599999627], [-121.81277599968473, 36.85445100013129], [-121.81276200033933, 36.8544180001305], [-121.81270799991265, 36.85433600035], [-121.81270000041506, 36.85431800019354], [-121.81268699999627, 36.85430300029957], [-121.81267399957748, 36.85427000023483], [-121.812661000057, 36.854253999762726], [-121.8126319997447, 36.85420800018371], [-121.81260499998048, 36.854175999928906], [-121.81258499988901, 36.8541429998094], [-121.81253700020845, 36.85408300007834], [-121.81250899972105, 36.85405499990019], [-121.81249600020055, 36.85403900010184], [-121.81248799980463, 36.85402099987548], [-121.81246199986536, 36.85399500010007], [-121.8123870004206, 36.85390299988381], [-121.8123580001083, 36.85385600023839], [-121.81234499968951, 36.853841000253766], [-121.81233200016904, 36.85380799998958], [-121.81231799992533, 36.85379200013957], [-121.81229799983386, 36.853742000137366], [-121.81228399959014, 36.8537260002735], [-121.81222199966585, 36.8535719998852], [-121.81220199957437, 36.85353900022375], [-121.81218099965798, 36.853484000037454], [-121.81216099956647, 36.85345100033801], [-121.81215300006889, 36.85343299997314], [-121.81213999965009, 36.85341799990545], [-121.81212799995453, 36.853387999761296], [-121.81211299988593, 36.85337400026503], [-121.81210500038831, 36.85335599988202], [-121.81209199996952, 36.853340999799286], [-121.81208500029683, 36.853323000127325], [-121.81207199987804, 36.85330800003805], [-121.81206400038042, 36.85329000035833], [-121.81205099996163, 36.85327500026263], [-121.81204400028894, 36.8532569998563], [-121.81203099987015, 36.85324199975408], [-121.81202300037255, 36.85322499992225], [-121.81196300009809, 36.85314900020481], [-121.81195499970217, 36.853130999768815], [-121.8118939996028, 36.853054999957926], [-121.81188600010519, 36.853038000084446], [-121.81179200039387, 36.852940000232806], [-121.811751000386, 36.8528960003172], [-121.81172999957128, 36.85288500033437], [-121.81160700044593, 36.852757999764215], [-121.81046900027096, 36.8506709999906], [-121.81002999987982, 36.850790999730044], [-121.8099799996511, 36.850804999699356], [-121.80997700017637, 36.85083099984098], [-121.80995600025997, 36.85086399995262], [-121.80970600001471, 36.85127099967948], [-121.80934600016461, 36.85146400028318], [-121.80930900035469, 36.85148500005134], [-121.80872799967334, 36.85195000031918], [-121.80810400023258, 36.8525610000641], [-121.8079500002468, 36.85271299987378], [-121.807135000112, 36.853199999739786], [-121.80709499992905, 36.853224000058866], [-121.80665399988807, 36.85352300031738], [-121.80652500001665, 36.853610000261895], [-121.80639399959708, 36.853696000250174], [-121.80634000006872, 36.8537260002735], [-121.80629999988575, 36.85375999971061], [-121.80591800029434, 36.8540230003002], [-121.80521699996237, 36.85450700018722], [-121.80437800043646, 36.85508700030403], [-121.80369499964783, 36.85542399993797], [-121.80284199987824, 36.85584900034394], [-121.8026789996716, 36.85597299989021], [-121.80254200030257, 36.85606600031634], [-121.8024679997844, 36.85610699964904], [-121.80231299997371, 36.85618099965118], [-121.8022769999887, 36.856203000104244], [-121.80205100003289, 36.85632100013918], [-121.8018689995597, 36.85642699997867], [-121.80176399997772, 36.856495000028886], [-121.80170200005345, 36.85654600020652], [-121.80147699992254, 36.85676999979456], [-121.8013189997388, 36.85694400009967], [-121.80093799997229, 36.857387000116915], [-121.80084199971282, 36.85754800009218], [-121.80073999960557, 36.8577459996816], [-121.80065099991711, 36.85794899992242], [-121.80062199960479, 36.85805300005999], [-121.80057099955116, 36.85829999990938], [-121.80050600015215, 36.85868899972971], [-121.8004890004337, 36.85883100023507], [-121.80048000021289, 36.859116000240654], [-121.80048400041083, 36.859310000226635], [-121.80048400041083, 36.859330000212005], [-121.8004530004487, 36.859614000014396], [-121.80051399964975, 36.860398000166], [-121.80072600026017, 36.861092000230116], [-121.80077300011585, 36.86123000011098], [-121.8008130002988, 36.8613319998627], [-121.80117899999672, 36.86208099985874], [-121.80131700008897, 36.86238299991734], [-121.80175200028216, 36.863206000061325], [-121.80180800035865, 36.86330399968702], [-121.80189899969693, 36.86342700034475], [-121.80201199967485, 36.863660000305785], [-121.8021070001094, 36.863935999886436], [-121.80243900037043, 36.864713000109305], [-121.80252600040906, 36.864878000024746], [-121.8026219997702, 36.865078000163265], [-121.80282199978674, 36.86543700025217], [-121.80290600035065, 36.86560200004158], [-121.8030710002071, 36.86604700028882], [-121.80314800019998, 36.8662899999661], [-121.80316499991842, 36.86635999996631], [-121.80330499966048, 36.866640000044725], [-121.80334900004144, 36.866741000075244], [-121.803396999722, 36.86695100008141], [-121.80349899982926, 36.86744399999741], [-121.80349100033163, 36.86762199985313], [-121.80347899973779, 36.86772799982855], [-121.80346100019442, 36.867833999656916], [-121.80345000032376, 36.8680120000413], [-121.8034310000572, 36.868118000194364], [-121.80336300028513, 36.86839800029799], [-121.8033189999042, 36.86853599992024], [-121.80324500028435, 36.86866599984668], [-121.80319400023075, 36.86876500003483], [-121.80317300031435, 36.8687969999303], [-121.80310100034431, 36.8688870001483], [-121.80276300023553, 36.869221999988035], [-121.80264699988457, 36.86933100029489], [-121.802523000036, 36.869435000033924], [-121.80190600026793, 36.869945999804365], [-121.8015239997782, 36.870249999679004], [-121.8011639999281, 36.870521000265974], [-121.80076600044318, 36.87081100011305], [-121.80012600021057, 36.87126299975115], [-121.79953100018379, 36.87170000023547], [-121.79926099984706, 36.8718899999787], [-121.79906500002846, 36.87203800024557], [-121.79884699957027, 36.87221800012543], [-121.79839200018392, 36.872613999661574], [-121.79793600007433, 36.8730570001016], [-121.79761700023212, 36.873401999926756], [-121.79735799976604, 36.87369400024429], [-121.79726200040487, 36.87381500007827], [-121.79715000025188, 36.873968999916414], [-121.79690000000663, 36.87426600031865], [-121.79679399970144, 36.87438100029007], [-121.79659799988283, 36.8746630003182], [-121.7965109998442, 36.87474499984556], [-121.7964599997906, 36.87480400030112], [-121.79640299988917, 36.874900999842666], [-121.79638199997277, 36.874970000278694], [-121.79636299970619, 36.87500199973075], [-121.79627300019284, 36.875125999816255], [-121.79621799994123, 36.87518199981209], [-121.79615400036712, 36.875276000149], [-121.79612699970465, 36.87530500003089], [-121.79603600036639, 36.87544499997463], [-121.79602399977249, 36.875461999893865], [-121.79597400044209, 36.87552099979556], [-121.79595699982532, 36.87555400002518], [-121.79583799999965, 36.87570400023599], [-121.79580100018973, 36.87576799994889], [-121.79569499988452, 36.87592400001237], [-121.79562700011246, 36.87605400030091], [-121.79558500027966, 36.876117000156626], [-121.79555299959429, 36.87618300008665], [-121.79552800037824, 36.87621200034271], [-121.79550099971576, 36.876278000190574], [-121.79533099983644, 36.87664399987991], [-121.79526100041456, 36.876811999998125], [-121.79523899977492, 36.876881000144955], [-121.79519699994214, 36.876982000289104], [-121.79516000013221, 36.877046999919955], [-121.79510499988062, 36.87718100008982], [-121.79508800016218, 36.8772140003208], [-121.79500699997133, 36.87741600031339], [-121.79491999993272, 36.877579999836165], [-121.79490900006206, 36.87761299989474], [-121.79478100001552, 36.877839000043345], [-121.79470499984754, 36.878006999688694], [-121.79468800012913, 36.87807499993626], [-121.7946720002356, 36.878107999780966], [-121.7946449995731, 36.878137000024616], [-121.79462799985467, 36.87816999984252], [-121.79459900044067, 36.8782730002277], [-121.79457299960306, 36.878341000238365], [-121.79438199980737, 36.87873900014343], [-121.79431300021038, 36.878868999951905], [-121.79415699967647, 36.87908299992853], [-121.79407499966068, 36.87920900033938], [-121.7939550000101, 36.879358999838935], [-121.79392800024594, 36.87938800032613], [-121.79390200030664, 36.87941599984454], [-121.79383500035951, 36.879508999762386], [-121.79380799969701, 36.87953699995495], [-121.79371700035874, 36.87961499977015], [-121.79366299993205, 36.879671000067326], [-121.79350599957323, 36.87979899997654], [-121.79325399967814, 36.87998699994827], [-121.7932160000433, 36.88001699970981], [-121.79317599986032, 36.88003999999809], [-121.79313999987532, 36.880060999817836], [-121.79302600007253, 36.880119999759515], [-121.79259900027523, 36.880323000197336], [-121.79237999999214, 36.880450000225075], [-121.79230399982413, 36.88048999990157], [-121.79218499999847, 36.880542000096355], [-121.79208000041646, 36.880610000242356], [-121.79200400024851, 36.88064900033044], [-121.7917940001862, 36.88078700009542], [-121.79160599986524, 36.88088699988383], [-121.79148899968936, 36.88094000002752], [-121.7914130004197, 36.880980000165906], [-121.7913780002596, 36.88100300016409], [-121.79122400027381, 36.88107799998518], [-121.79114300008297, 36.88110999975229], [-121.79110700009794, 36.881130999996316], [-121.79082699971548, 36.881246999905976], [-121.79068000030067, 36.88133099997834], [-121.7905260003149, 36.88140600019579], [-121.7904219996595, 36.881474000290986], [-121.79031299987956, 36.88153699998694], [-121.79017300013747, 36.88163000019597], [-121.79010000034255, 36.8816710001826], [-121.78993399976288, 36.881792000312736], [-121.78981199956414, 36.88189800002574], [-121.78976100040882, 36.88195800019122], [-121.78971700002789, 36.88202000000133], [-121.78954399977553, 36.882184999899685], [-121.78936100037576, 36.882390000278356], [-121.78931100014705, 36.88245000005724], [-121.78929400042863, 36.882483000167056], [-121.78922599975823, 36.88257599994243], [-121.78919300014626, 36.88264200003885], [-121.78910299973458, 36.88276700013041], [-121.78907299959735, 36.882834000256175], [-121.78901099967308, 36.882928999990575], [-121.78896100034268, 36.88298900006448], [-121.78889500022044, 36.88308300013336], [-121.78881900005246, 36.883173000045026], [-121.78863199955637, 36.883376000270616], [-121.78848799961635, 36.88351299995148], [-121.78833899965342, 36.88364700027219], [-121.78829900036877, 36.88367899968122], [-121.78811600007064, 36.88382499973391], [-121.78805999999416, 36.883880000355624], [-121.7880280002071, 36.88390499984126], [-121.7879439996432, 36.88399000004307], [-121.7878929995896, 36.88404899982323], [-121.78782700036568, 36.88413799985595], [-121.7878020002513, 36.8841720001317], [-121.78778200015984, 36.88420400003925], [-121.78776999956597, 36.8842380002856], [-121.78775100019767, 36.88425999984524], [-121.78771900041065, 36.88429699987413], [-121.78770000014406, 36.884328999729284], [-121.7875910003641, 36.88447600014914], [-121.78756600024977, 36.88450500013011], [-121.7874509997237, 36.884614000183056], [-121.78738799997454, 36.8846820002955], [-121.78737100025609, 36.884699999765644], [-121.7873019997608, 36.884745000218814], [-121.78701399988073, 36.88496999993118], [-121.78685599969695, 36.88503799972656], [-121.7867689996583, 36.885055999831316], [-121.78646999990758, 36.88513300031134], [-121.78565399994788, 36.88553799970107], [-121.78507999983755, 36.88570100030566], [-121.78499500034705, 36.88572400031886], [-121.7849509999661, 36.88572899966479], [-121.78436900035815, 36.88576800001246], [-121.7841559999228, 36.885742999699765], [-121.78389700035503, 36.88564699971634], [-121.78326999964295, 36.88530300004184], [-121.7835490002005, 36.88584300018288], [-121.78346399981167, 36.88582000020552], [-121.78338400034406, 36.885787000100926], [-121.78334099978804, 36.88577499966747], [-121.78326200014531, 36.885742000261935], [-121.78310700033462, 36.88565500025844], [-121.7830420000373, 36.885618000169124], [-121.78301100007516, 36.885591999649], [-121.7827900001422, 36.885470000350985], [-121.78272200037014, 36.88542599976719], [-121.78269100040801, 36.88539999990015], [-121.78254800029289, 36.88531599999295], [-121.7825149997826, 36.88529199969456], [-121.78244199998768, 36.88525000005236], [-121.78237099984257, 36.88520799966853], [-121.78232800018485, 36.885197000026075], [-121.78220799963593, 36.88514900006543], [-121.7818670000524, 36.88505900032736], [-121.7818260000445, 36.88504400000142], [-121.78179000005953, 36.885023000115034], [-121.78175900009737, 36.884997000110765], [-121.78165399961706, 36.88493099989441], [-121.78155700043101, 36.884859000050554], [-121.78145500032373, 36.8847920002646], [-121.78141699979061, 36.88477199975944], [-121.78139099985134, 36.884744000049345], [-121.78132100042944, 36.88470099993568], [-121.7812109999263, 36.884640999770056], [-121.78111300001697, 36.88457099999617], [-121.78108700007773, 36.88454300021239], [-121.7809590000312, 36.88444899978533], [-121.78093499974175, 36.884419000327895], [-121.78087299981749, 36.884369999703786], [-121.78070600031121, 36.88420699985029], [-121.78039699961643, 36.883955999686286], [-121.78029600023238, 36.88388499982229], [-121.78022400026236, 36.88384199994339], [-121.7801489999193, 36.88380400023073], [-121.7800300000936, 36.8837539997481], [-121.77986400041225, 36.8837050001343], [-121.77982000003132, 36.88369800028953], [-121.77969700000769, 36.88365699995423], [-121.7795730001591, 36.883623000167646], [-121.77953399980107, 36.88360700009383], [-121.77936100044701, 36.88357799977179], [-121.77927799970803, 36.88355399964561], [-121.77923699970013, 36.883535999905256], [-121.77910500035397, 36.883515999789616], [-121.77901900014024, 36.88349699985456], [-121.7787980002073, 36.883464000183025], [-121.77830799976256, 36.88340399976383], [-121.77817899989113, 36.883372999708435], [-121.77814000043139, 36.88335700030072], [-121.77797200020188, 36.883307000243875], [-121.77781200036831, 36.883242000192865], [-121.77768000012384, 36.88322499984985], [-121.77745599981786, 36.88321200026121], [-121.77732299974846, 36.88322899988863], [-121.77723999990778, 36.88325700015427], [-121.77720399992278, 36.88327700033775], [-121.77716000044016, 36.88328300003251], [-121.7771140004094, 36.88328400022106], [-121.77701099957893, 36.88333199991712], [-121.77659600037553, 36.883307000243875], [-121.77633199988658, 36.88328599987968], [-121.77611400032669, 36.88330200002083], [-121.776023999915, 36.88332600022621], [-121.7758480001879, 36.88334299982825], [-121.77554900043715, 36.88333599995029], [-121.77456100005003, 36.88335899995739], [-121.77418500030639, 36.88337900011415], [-121.77388200035769, 36.88340899998019], [-121.77383899980168, 36.88343000031054], [-121.77366700027254, 36.88344999973017], [-121.7733979997607, 36.883522000184136], [-121.77327399991213, 36.88353899974254], [-121.77297500016141, 36.883620999799355], [-121.77294900022211, 36.88363699987029], [-121.77289800016851, 36.883620999799355], [-121.77288099955177, 36.8836420000714], [-121.77282100017561, 36.88367599984949], [-121.7726589997939, 36.88371700017456], [-121.77249999978527, 36.883766999962944], [-121.7723969998531, 36.883799000040284], [-121.77236400024113, 36.88382000026331], [-121.77230700033972, 36.88383299974845], [-121.77227100035469, 36.883852999781055], [-121.77155199958106, 36.8795339999605], [-121.7708980000031, 36.87654600011933], [-121.77066799984935, 36.875411000124814], [-121.77040699973341, 36.87412599965108], [-121.77030200015145, 36.87360799976469], [-121.77025500029576, 36.87340799967871], [-121.77021000008992, 36.87306299988066], [-121.7701439999677, 36.87255099979103], [-121.76999800037783, 36.87178700032783], [-121.76996400004263, 36.87113600025653], [-121.76997900011126, 36.8699060003549], [-121.76998599978396, 36.86984699970931], [-121.77003699983756, 36.86942299990537], [-121.77011399983046, 36.86891699995782], [-121.77022599998344, 36.86846300004696], [-121.77037999996925, 36.86785400028604], [-121.7704489995662, 36.86743400034851], [-121.77055999989429, 36.86707399989911], [-121.77069100031387, 36.866478999819606], [-121.77070600038248, 36.86641300012919], [-121.77094599968368, 36.86538400013098], [-121.77107200008038, 36.864214000065516], [-121.77106899970732, 36.85845700021927], [-121.7710879999739, 36.85381100027558], [-121.77112899998177, 36.84590399982937], [-121.77096900014821, 36.83827099989127], [-121.76167899987395, 36.838214000105154], [-121.75070899999973, 36.838227000160984], [-121.74318600026237, 36.838326000237444], [-121.74258000036498, 36.838290000289796], [-121.74214900036976, 36.83767800002588], [-121.74172199967418, 36.83674699984872], [-121.74146200028147, 36.83561800025376], [-121.74134000008276, 36.834473000233054], [-121.74140100018214, 36.83322200009884], [-121.7415839995819, 36.83195599967388], [-121.7418439998729, 36.830803999826365], [-121.74201799995018, 36.83036099964787], [-121.74205999978297, 36.830255000339875], [-121.74176699988003, 36.8301700000357], [-121.74156900041162, 36.83005599985174], [-121.74147700035012, 36.82978100034872], [-121.74146200028147, 36.82952199975605], [-121.74126399991478, 36.82927800021674], [-121.74096000014117, 36.82915499997713], [-121.74086100040697, 36.829069999888915], [-121.74024000044092, 36.82892999983386], [-121.7392379998101, 36.82890000014824], [-121.73918400028174, 36.828927000009635], [-121.73852899998053, 36.82886299989666], [-121.73745899957764, 36.82872199999808], [-121.73624299958483, 36.82873299986182], [-121.73479099959054, 36.82877000017632], [-121.73377899981226, 36.828896000141334], [-121.7331339995568, 36.82914900034622], [-121.73297700009628, 36.82892899965279], [-121.73292100001977, 36.82869100004672], [-121.73282899995827, 36.82842599967161], [-121.73270299956158, 36.82817199976109], [-121.73262599956868, 36.82805000009315], [-121.73254000025328, 36.827932000288186], [-121.73234400043468, 36.82770800034057], [-121.73223499975644, 36.82760399991084], [-121.73189099979983, 36.827319999842565], [-121.7318449997691, 36.827083999956145], [-121.73198299986134, 36.82687300023043], [-121.73206999989998, 36.82666199992289], [-121.7320930003645, 36.82586100023989], [-121.73206900007509, 36.82561699981129], [-121.73188699960188, 36.82542100016473], [-121.73111199965007, 36.82514400007964], [-121.73080100020375, 36.82513899964576], [-121.7306279999514, 36.82514299984908], [-121.73045999972192, 36.82512799998442], [-121.73033300039862, 36.825095999783876], [-121.73013800040495, 36.82504699994522], [-121.72985200017469, 36.82490000024096], [-121.72962500039395, 36.82469899973336], [-121.72945600033955, 36.82452000035734], [-121.72916699973624, 36.824363000110004], [-121.72906899982696, 36.82434500008853], [-121.72888200022919, 36.824310000274345], [-121.72871999984753, 36.82428000021545], [-121.72851599963298, 36.82414300003666], [-121.72844899968585, 36.82393699990457], [-121.72846999960224, 36.8238240000294], [-121.72859199980098, 36.82317299988513], [-121.72867399981673, 36.823052999953255], [-121.72873800028916, 36.82295799984372], [-121.72967800009741, 36.8221879999408], [-121.72984899980163, 36.82200300025267], [-121.7300720002827, 36.82149800020718], [-121.73000500033557, 36.821289000022226], [-121.72990300022832, 36.821257999935895], [-121.72958500021097, 36.8211609999093], [-121.72940799976068, 36.821137999877514], [-121.72922799983562, 36.82112900020715], [-121.72872999989323, 36.821147999829655], [-121.7286839998625, 36.821144999700344], [-121.72849100041695, 36.821147000265974], [-121.72830800011886, 36.82111199970825], [-121.72818900029317, 36.821063999759716], [-121.72802600008656, 36.821060000062296], [-121.72791099956052, 36.8210300001675], [-121.72783500029082, 36.82097799974675], [-121.72780799962835, 36.82091900016689], [-121.72780000013074, 36.820901000054434], [-121.72781100000138, 36.820822999997674], [-121.72786500042807, 36.82075699972156], [-121.72824500036965, 36.82057500032151], [-121.72848399984595, 36.82047199983704], [-121.72874900015981, 36.82032600026729], [-121.72901100010063, 36.820152000051785], [-121.72927200021654, 36.82004699984195], [-121.7299020004034, 36.819964999879225], [-121.73016199979608, 36.81983999988983], [-121.7302980002385, 36.8196319997943], [-121.73026800010129, 36.819407999999655], [-121.73004700016835, 36.819282999819656], [-121.72987200026616, 36.81926500004157], [-121.72962399967072, 36.819165999748044], [-121.72943399969995, 36.81900700012008], [-121.7293059996534, 36.81881400030427], [-121.72910399998707, 36.81858100030294], [-121.72899400038217, 36.818470000346075], [-121.72833700043118, 36.81763399978145], [-121.72821600005736, 36.817480000062986], [-121.72797099983497, 36.81716300027892], [-121.72769700019857, 36.816809000293254], [-121.72738300037922, 36.81652999999193], [-121.72713999980664, 36.81637200026724], [-121.72686500034536, 36.81623500031481], [-121.72661900029806, 36.81608800022437], [-121.7262059998462, 36.815911000107796], [-121.7259110002934, 36.81582900002878], [-121.72560599979656, 36.81577499968323], [-121.72529399962704, 36.81575200019042], [-121.72498700037868, 36.815758999786624], [-121.72468000023201, 36.8157320003131], [-121.72278800002164, 36.81543600007971], [-121.72240899990496, 36.81543499972224], [-121.72196399966603, 36.815422999746794], [-121.72163999980093, 36.815382000176086], [-121.721166000148, 36.815274999894925], [-121.72081499962042, 36.81514699979226], [-121.72079200005419, 36.8151049997119], [-121.72066700038073, 36.81487900032238], [-121.72008700042258, 36.81474900026306], [-121.71972500002431, 36.815045999919754], [-121.71857900035175, 36.815687999845494], [-121.71811300019644, 36.81589300025582], [-121.7183640002666, 36.81644900020113], [-121.72068400009917, 36.81878200033994], [-121.71822600017434, 36.819217999961786], [-121.71736699965864, 36.819472000110615], [-121.71885800001101, 36.820972999759704], [-121.71908700033987, 36.8212030002621], [-121.71759099996463, 36.821858999836], [-121.71715099974857, 36.822051000331314], [-121.71664600013351, 36.82227299976416], [-121.71640000008621, 36.822336000088406], [-121.71556400003503, 36.82142100031899], [-121.71509600022989, 36.82090799989895], [-121.71493999969597, 36.82088699964448], [-121.71467100008245, 36.82090700033213], [-121.71438499985216, 36.8209520002422], [-121.7136040000526, 36.82112900020715], [-121.71324900022535, 36.821198000289755], [-121.71283599977347, 36.8212490002796], [-121.7125350003729, 36.82125499981088], [-121.71232899961028, 36.82127200027798], [-121.71209199978381, 36.82142999995506], [-121.71184699956144, 36.82163800019769], [-121.71171600004018, 36.82162099981184], [-121.71250299968753, 36.82100700009637], [-121.71580400023453, 36.81853199988833], [-121.71790200030927, 36.81700400008567], [-121.71769600044493, 36.81659499997516], [-121.71745500042049, 36.81679400023333], [-121.71730300008453, 36.81688700012602], [-121.71713700040318, 36.81696600021671], [-121.71696099977777, 36.81702899987562], [-121.71677800037797, 36.81707500024444], [-121.71599099983229, 36.817247999930146], [-121.7154410000114, 36.81734699982796], [-121.71470100021969, 36.817448999872056], [-121.71414100035304, 36.817502999755774], [-121.71328299966224, 36.817605999921064], [-121.71308400036891, 36.81766400028828], [-121.71277899987207, 36.817844999812586], [-121.71158600034383, 36.81851200001828], [-121.70997000031797, 36.81940200032363], [-121.70947099965238, 36.81969199994902], [-121.70918299977228, 36.81981900006138], [-121.7086560004159, 36.81994200020713], [-121.70765200013525, 36.82002999982182], [-121.70586500040517, 36.820264000020934], [-121.7041430000741, 36.82060700025529], [-121.70400300033204, 36.82063600002644], [-121.70315800006003, 36.82075800000946], [-121.70256100038343, 36.82083400027788], [-121.70195100028808, 36.82104000013375], [-121.70133000032206, 36.821223000148045], [-121.70065199955631, 36.82138200020598], [-121.6997789996952, 36.82166200035524], [-121.69894099999422, 36.82184400004673], [-121.69825100043123, 36.82190399990546], [-121.697376000022, 36.82205499997695], [-121.69674800038327, 36.822291000273026], [-121.69598099992908, 36.822487000026655], [-121.69532399997806, 36.82241700012087], [-121.69453399995761, 36.82240400025465], [-121.6937239998457, 36.82241500030756], [-121.69294600041918, 36.822528999651716], [-121.69216100042162, 36.82270300021562], [-121.69117800005736, 36.822849000284336], [-121.69049599999197, 36.822935000352054], [-121.68970599997155, 36.823076999667045], [-121.68856699997167, 36.823341999871616], [-121.68837500035103, 36.82346699989377], [-121.68728099965868, 36.8229730001338], [-121.68694699974785, 36.82287100026069], [-121.68361099993908, 36.82338999982949], [-121.68295300016314, 36.82395300024882], [-121.68252399981773, 36.8252299997254], [-121.68301000006453, 36.82685799998584], [-121.68300800041472, 36.82710200005232], [-121.68297499990445, 36.827620999686566], [-121.68307500036188, 36.82803100002719], [-121.68318800033978, 36.828284999686694], [-121.6831129999967, 36.82849000015015], [-121.6828240002917, 36.82857500016368], [-121.68247199993918, 36.8284799997194], [-121.68222300041715, 36.82831400014339], [-121.68190000037698, 36.82805299995175], [-121.68152700010808, 36.82805999986111], [-121.68114600034156, 36.82820999981833], [-121.68109600011284, 36.82824300034471], [-121.67987400027228, 36.82586000001869], [-121.678233999957, 36.8266630001336], [-121.6781569999641, 36.82658599968999], [-121.67806499990259, 36.826387999939854], [-121.67803499976537, 36.8263209999338], [-121.67806800027564, 36.82611900006486], [-121.67803800013843, 36.82591300021888], [-121.67780799998465, 36.82577300013965], [-121.67746200037823, 36.8257719999173], [-121.67712900029231, 36.825712000215056], [-121.67683999968898, 36.82560499999408], [-121.67660100021273, 36.82541200027899], [-121.67641700008969, 36.82523999986186], [-121.67638399957941, 36.82502799985258], [-121.67633400024901, 36.82487500014577], [-121.67606499973718, 36.82485300002646], [-121.67602899975218, 36.82503200006169], [-121.67579299975061, 36.82517399979979], [-121.67550700041868, 36.8246430001383], [-121.67532800031854, 36.82431099979676], [-121.67436699969556, 36.82471399968218], [-121.67373999988175, 36.82509299980929], [-121.67158599973054, 36.826285000088724], [-121.66990799978045, 36.82592300026607], [-121.66867099987125, 36.8265319997436], [-121.66795600019391, 36.82656699997953], [-121.6677650003982, 36.82559700035463], [-121.6667729998131, 36.82433199983067], [-121.666745000224, 36.82434099984349], [-121.6663019996349, 36.824465999671965], [-121.66515299958928, 36.82479000033627], [-121.666997999944, 36.8291390000016], [-121.66708800035569, 36.829450000185076], [-121.66713799968609, 36.82976599995521], [-121.66715000027996, 36.829925000237935], [-121.6671519999298, 36.83008400019021], [-121.66710300042432, 36.83033800022426], [-121.66706700043929, 36.830525000214244], [-121.66699499957095, 36.83083599979677], [-121.66697799985252, 36.83097499980477], [-121.66697600020268, 36.83125399993281], [-121.66698899972317, 36.83139299990038], [-121.66705700039353, 36.83180700001438], [-121.66733900042587, 36.83350900019199], [-121.66735899961903, 36.83374400027311], [-121.66746800029729, 36.83408599964597], [-121.66759899981854, 36.83431299994533], [-121.66726699955751, 36.83439699985052], [-121.66696399960881, 36.834388000301615], [-121.66060300033587, 36.834345999996124], [-121.6580349999079, 36.83422500021964], [-121.65768299955538, 36.83426099992356], [-121.6572909999182, 36.83441599977348], [-121.65696600022821, 36.83443499969172], [-121.65499200000207, 36.83437500031224], [-121.65017099968867, 36.83434399977558], [-121.6518190003999, 36.83781599975881], [-121.6524529998864, 36.83796000033996], [-121.65299699985952, 36.83796599999882], [-121.65383299991072, 36.83792300015662], [-121.65477899956673, 36.83827500012694], [-121.65513699976702, 36.838481999814555], [-121.65522999965343, 36.83863300024053], [-121.65544399991369, 36.83898100033934], [-121.6557410000146, 36.839581999782965], [-121.65584899996966, 36.839881000193216], [-121.65636100015573, 36.84056299998635], [-121.65666499992935, 36.84097600005209], [-121.65740499972104, 36.84124600018794], [-121.65817899984793, 36.841817000152645], [-121.65882699957814, 36.842389000172425], [-121.65984299955437, 36.84307299987773], [-121.66106399956999, 36.84371999968057], [-121.66192700028368, 36.84436899971866], [-121.66234599968503, 36.84486000015041], [-121.66267799994603, 36.84572399978616], [-121.66310399991838, 36.84685900011914], [-121.6632880000414, 36.847472000173916], [-121.66449900001129, 36.84822699970462], [-121.66484600034094, 36.84852600009896], [-121.66517500022891, 36.84928800012727], [-121.66521500041189, 36.850173000173285], [-121.66547200032983, 36.8514460001693], [-121.66603200019648, 36.85195600031809], [-121.66695000026344, 36.85267899997098], [-121.66751599997788, 36.853606999968], [-121.66763599962846, 36.854620000021015], [-121.66765800026808, 36.854808000144054], [-121.66755100013796, 36.85611499969157], [-121.66735899961903, 36.857488000158895], [-121.66729099984697, 36.858089999846705], [-121.66737500041087, 36.8586789996538], [-121.66734400044871, 36.85941000010116], [-121.66715000027996, 36.86001600027911], [-121.66739499960403, 36.8602299998865], [-121.66939499976944, 36.860827999763664], [-121.67115300008551, 36.86117799970599], [-121.67292800012004, 36.861814999713395], [-121.67402500028714, 36.86204500031476], [-121.67667200035781, 36.86054299967388], [-121.6774590000052, 36.860551999738355], [-121.67669699957386, 36.864917999950585], [-121.67626300010389, 36.865404999668094], [-121.67585800004795, 36.86730100000677], [-121.67385100020984, 36.86681400015656], [-121.67299800044022, 36.86613000013536], [-121.67174399991431, 36.86610400016713], [-121.66940099961722, 36.86718800023692], [-121.6687710003287, 36.86751299998265], [-121.6687729999785, 36.86771200001795], [-121.66875100023721, 36.86810999997099], [-121.66901200035309, 36.86804999970629], [-121.6693710003783, 36.86794499984842], [-121.66987699981831, 36.86783000024917], [-121.67015300000283, 36.867811000004956], [-121.67043199966209, 36.86782199999563], [-121.67070500037184, 36.867863000208104], [-121.6709689999625, 36.867933000204516], [-121.67121900020777, 36.86803100023553], [-121.67147299975267, 36.86815599980658], [-121.67162900028657, 36.86822000009425], [-121.67195800017454, 36.86832500029284], [-121.6722989997581, 36.868396999914424], [-121.67262699982115, 36.868433999723514], [-121.67291100040161, 36.86844300029595], [-121.67536500012845, 36.86835899970341], [-121.67531900009769, 36.86905399970498], [-121.67524299992972, 36.86937300006834], [-121.67524299992972, 36.869525999869055], [-121.67533499999121, 36.86967100002215], [-121.67603600032318, 36.869868999821385], [-121.6763559999903, 36.869961000221295], [-121.67640200002107, 36.870060000168614], [-121.67638600012755, 36.870150999977916], [-121.67627999982233, 36.87035600032008], [-121.67606499973718, 36.87081399973149], [-121.6759889995692, 36.87121900032359], [-121.67598600009447, 36.8712959996645], [-121.67422199993061, 36.87150800005263], [-121.67377099984388, 36.87236500014385], [-121.67353200036763, 36.872816999929064], [-121.67224400040483, 36.87526400021945], [-121.67144099996561, 36.87678600007246], [-121.67334999989443, 36.87625899989183], [-121.67373800023194, 36.87615199997418], [-121.67383199994326, 36.87669200015669], [-121.67416300037937, 36.87859699998921], [-121.67422299975553, 36.88949999969698], [-121.67419299961828, 36.88999400002163], [-121.67428100038016, 36.891317999704654], [-121.67421000023505, 36.89405000031379], [-121.6748339996758, 36.894578999922786], [-121.67494099980591, 36.89476800018025], [-121.67391499978395, 36.89457599980091], [-121.67560100012999, 36.89607199997487], [-121.67582500043598, 36.896248999903435], [-121.67608200035394, 36.896409999875615], [-121.67604100034605, 36.89710000032267], [-121.67608499982866, 36.89709900031507], [-121.67615500014887, 36.9030669997663], [-121.67619100013388, 36.90509200015369], [-121.67634299957155, 36.905362999922936], [-121.67642999961016, 36.90547899964658], [-121.67633599989884, 36.905545999951535], [-121.67627200032474, 36.90560100000782], [-121.67612199963858, 36.90574099971091], [-121.67606800011023, 36.90580099981292], [-121.67597699987365, 36.90592899972909], [-121.67594799956133, 36.9059580001797], [-121.67582100023803, 36.90611099994725], [-121.67573900022226, 36.90620100000519], [-121.6754100003343, 36.906511999835075], [-121.67524100027988, 36.90663999999502], [-121.67518500020338, 36.906671999821846], [-121.67516699976173, 36.90668299996127], [-121.67506200017974, 36.906756999813055], [-121.67497500014113, 36.9068440001876], [-121.67492599973731, 36.906905999898655], [-121.67478199979725, 36.90704000009833], [-121.67466100032173, 36.90709499979586], [-121.67458400032886, 36.907138000223966], [-121.67444399968846, 36.9072339997559], [-121.67438299958908, 36.90728900003189], [-121.67419699981626, 36.907499999743415], [-121.67413900008994, 36.90755700028703], [-121.67408499966328, 36.90761699967912], [-121.67404700002844, 36.90768400026143], [-121.67386899975318, 36.90785200031561], [-121.67368200015545, 36.90801300022981], [-121.67346100022249, 36.90817200007937], [-121.67337500000878, 36.90823400014774], [-121.673221000023, 36.90831700011402], [-121.67308499958054, 36.90841699975446], [-121.6730100001358, 36.908459000297], [-121.67290100035585, 36.908527999855465], [-121.67267299985191, 36.908656000224376], [-121.67258900018632, 36.90868700006821], [-121.6725110003685, 36.908726000178206], [-121.67233800011617, 36.90877799981498], [-121.67216099966585, 36.90881900030477], [-121.67198099974075, 36.90884699980322], [-121.67189200005232, 36.908854000214895], [-121.67153300002711, 36.90890499991159], [-121.67144500016356, 36.9089280001157], [-121.67135399992698, 36.908943000057754], [-121.6712710000863, 36.90897200008096], [-121.67118200039785, 36.90899000028794], [-121.67113600036708, 36.90899500026491], [-121.6709609995666, 36.90904400016523], [-121.67066000016602, 36.90914000017185], [-121.67062099980797, 36.90916099988782], [-121.67053499959422, 36.90918899997904], [-121.6701589998506, 36.90940599997809], [-121.67009199990346, 36.909457000024], [-121.66996899987981, 36.909567000204135], [-121.66976800003836, 36.90977099975268], [-121.66971399961167, 36.90983100027659], [-121.66964400018976, 36.90992399977433], [-121.6696109996795, 36.90995399998198], [-121.66958399991535, 36.909983000339146], [-121.66956399982384, 36.91001699987697], [-121.6693429998909, 36.910252000303025], [-121.66924499998163, 36.91037500004787], [-121.66916299996583, 36.910464000271006], [-121.66913000035389, 36.91049100005182], [-121.66905199963774, 36.91058199980145], [-121.66900999980496, 36.910647000274395], [-121.6689269999643, 36.91073600018017], [-121.66885099979632, 36.91082800018346], [-121.66876399975767, 36.91091500022499], [-121.66869599998562, 36.910965000154434], [-121.6686590001757, 36.91098699991189], [-121.66857999963466, 36.911026000282575], [-121.66852000025852, 36.91108300034644], [-121.66849400031924, 36.91111399992223], [-121.66843099967173, 36.91121199984224], [-121.66834000033346, 36.91138099984823], [-121.66825199957161, 36.91146700015801], [-121.66812000022544, 36.91161700019909], [-121.66774600013163, 36.91194800006971], [-121.66769099988005, 36.912005999975115], [-121.667659000093, 36.91203299992839], [-121.66762300010797, 36.91205500009609], [-121.6673860002815, 36.91217200022834], [-121.66731000011355, 36.91221400013999], [-121.66710000005124, 36.91228999998965], [-121.66664200029184, 36.91234699982724], [-121.66655000023033, 36.91235399991774], [-121.6665069996743, 36.912365999763644], [-121.66646700038964, 36.91238499969526], [-121.6663789996278, 36.91240800028669], [-121.66592900026431, 36.91249499996268], [-121.66583999967757, 36.91251499966775], [-121.66570400013343, 36.91253800021997], [-121.66558199993469, 36.91258900032663], [-121.665386999941, 36.912689000112955], [-121.66528800020681, 36.9127650002076], [-121.6650339997636, 36.912978999972864], [-121.66486999973205, 36.91310899965118], [-121.66478699989142, 36.913161999688526], [-121.66476199977704, 36.913177000234484], [-121.66451800027787, 36.9132839999733], [-121.66447399989694, 36.91329700018644], [-121.66438500020848, 36.91331400029602], [-121.66370399996802, 36.91340500026904], [-121.66357199972353, 36.91343899971807], [-121.66353400008872, 36.91345999968706], [-121.66347200016442, 36.913469999772886], [-121.66330800013291, 36.913541000128994], [-121.66319000013212, 36.913597999749925], [-121.66315199959895, 36.91362099997558], [-121.66302500027568, 36.91366500010678], [-121.66294400008483, 36.91369900015816], [-121.66286100024413, 36.91373000010731], [-121.66282600008404, 36.91375499987177], [-121.66270999973308, 36.91381500013489], [-121.66205399960698, 36.914088000089784], [-121.66178400016854, 36.91413800009402], [-121.66164899955103, 36.9141550000162], [-121.66151300000689, 36.9141640002269], [-121.6614219997703, 36.9141640002269], [-121.66124100002031, 36.91417700029005], [-121.66114899995881, 36.91417500000425], [-121.66082799956844, 36.91414599980439], [-121.66073800005509, 36.914132999735955], [-121.66056499980272, 36.914091000162784], [-121.6603389998469, 36.91406400021975], [-121.66029600018922, 36.91405299970814], [-121.6601820003864, 36.91403599976327], [-121.66011700008907, 36.914027000255665], [-121.66003099987533, 36.9140049999385], [-121.65989699998103, 36.91398499990588], [-121.65975999971369, 36.9139819998287], [-121.65962199962144, 36.91397199981001], [-121.65944400024449, 36.91394600032986], [-121.65935300000791, 36.913940999959216], [-121.6592619997713, 36.913930000148184], [-121.65913000042514, 36.913901999642505], [-121.65904000001346, 36.91389000003829], [-121.65899900000556, 36.91387699992623], [-121.65890799976899, 36.9138620002362], [-121.658727000019, 36.91386600010596], [-121.65790400038665, 36.91381400034635], [-121.65772899958614, 36.913774000175636], [-121.65747400021633, 36.91369900015816], [-121.65735200001758, 36.913651999956365], [-121.657156000199, 36.913562000069895], [-121.6570089998859, 36.91347900006447], [-121.65693000024318, 36.913445999708394], [-121.65667300032524, 36.91337499998212], [-121.65641999970694, 36.91329799998171], [-121.65637500039944, 36.91329099997785], [-121.65620799999483, 36.91323499992358], [-121.65607800029849, 36.91319999986882], [-121.65603499974246, 36.913192000059226], [-121.65590699969594, 36.9131530000778], [-121.65586700041132, 36.913135000134886], [-121.6557820000225, 36.91310899965118], [-121.6554599998072, 36.91297400025703], [-121.65522700017871, 36.912863000161174], [-121.65519399966843, 36.91283800010435], [-121.65512400024654, 36.912795999818094], [-121.65488999989479, 36.912633000334964], [-121.65481799992479, 36.91259199974034], [-121.65455299961093, 36.91240299981521], [-121.65448999986174, 36.91235200030239], [-121.6542549996851, 36.912188000060596], [-121.65416599999661, 36.91210700033663], [-121.6539659999801, 36.91191200032918], [-121.65388499978923, 36.91182499998822], [-121.65380199994856, 36.91169799972516], [-121.65374900024513, 36.911641000120845], [-121.65363100024433, 36.91148799995171], [-121.6535290001371, 36.911369999668], [-121.65332400009768, 36.91109200020141], [-121.653269999671, 36.91103400031929], [-121.65322500036346, 36.910971999653526], [-121.65310099961658, 36.91082300032664], [-121.65308600044632, 36.91078899971154], [-121.65306499963161, 36.91075700017506], [-121.65295900022471, 36.91064199968747], [-121.65294099978303, 36.91060900025878], [-121.65289399992736, 36.910547999797174], [-121.65286299996522, 36.91052199986824], [-121.65282399960718, 36.910457000007014], [-121.65280900043686, 36.910422999947066], [-121.65276900025391, 36.9103610002212], [-121.65271700037535, 36.91030199994875], [-121.65267800001729, 36.91023699990007], [-121.65258400030596, 36.91011499976974], [-121.6525020002902, 36.909949000067925], [-121.65246399975707, 36.909885000276795], [-121.65236800039591, 36.909684999685545], [-121.6523330002358, 36.90962099967292], [-121.652291000403, 36.909518999766306], [-121.65220500018928, 36.9092020001718], [-121.65216099980836, 36.90891400002352], [-121.65213300021925, 36.908485000210824], [-121.65212499982333, 36.90841300031726], [-121.65214699956465, 36.908162999879906], [-121.65214400008992, 36.90812699978966], [-121.65215900015852, 36.908055000276526], [-121.65218799957255, 36.907984999707004], [-121.65226499956542, 36.907738000344814], [-121.65233499988561, 36.90756400009882], [-121.65241600007649, 36.90731899983922], [-121.65243500034306, 36.90728499981729], [-121.6526150002681, 36.906797999952374], [-121.65262000029098, 36.90676199993632], [-121.65269399991082, 36.90655200022238], [-121.65279600001807, 36.90623499979195], [-121.65280799971364, 36.906162000040965], [-121.65282000030751, 36.90612700033243], [-121.65283899967578, 36.906093999668975], [-121.65286600033828, 36.906025000064005], [-121.65291099964578, 36.90584699993095], [-121.65295199965368, 36.90570499991442], [-121.65300699990526, 36.90545400004304], [-121.65303299984453, 36.90527300031306], [-121.65306800000464, 36.90516700001386], [-121.6530939999439, 36.905021999738814], [-121.65312499990604, 36.90495499969203], [-121.65320799974673, 36.90470899976606], [-121.653277000242, 36.904543999704266], [-121.65330800020413, 36.90446899994997], [-121.65332999994544, 36.90439699985793], [-121.65335699970963, 36.9043290000678], [-121.6533979997175, 36.90426200013076], [-121.65354800040367, 36.90407899989575], [-121.65360299975694, 36.904020999710056], [-121.65362299984841, 36.903988000290646], [-121.65365600035868, 36.90391900021777], [-121.65369499981844, 36.90381500003166], [-121.65369900001639, 36.90377999996476], [-121.65367300007713, 36.903529000225596], [-121.65365999965834, 36.90345899981343], [-121.65365999965834, 36.90342199973376], [-121.65363899974194, 36.903316999662444], [-121.65359100006138, 36.90318100025154], [-121.65356400029718, 36.90307799970709], [-121.65355900027433, 36.90304200009081], [-121.6534930001521, 36.902799000260906], [-121.65347999973329, 36.9027299998311], [-121.65345700016708, 36.90266100005731], [-121.65341500033426, 36.90256100005573], [-121.65340500028853, 36.902525000195475], [-121.65333800034136, 36.90239499972067], [-121.65332099972463, 36.902325999643885], [-121.6532760004171, 36.902214999858025], [-121.65325499960238, 36.90218500019879], [-121.65323100021125, 36.902116999873975], [-121.65320299972383, 36.90208900006067], [-121.65314599982246, 36.90199299980178], [-121.65312999992891, 36.90195499978567], [-121.65305100028618, 36.90187799975166], [-121.65302799982166, 36.901846000069206], [-121.65296500007247, 36.90179599990993], [-121.65290800017107, 36.90172799995682], [-121.65275099981223, 36.901599000227854], [-121.65266100029888, 36.9015170000863], [-121.65235099977915, 36.90125399993129], [-121.65190600043856, 36.90089799997647], [-121.65183799976815, 36.900851999748156], [-121.65180900035415, 36.90082400018905], [-121.65161600001032, 36.900672999798225], [-121.6515099997051, 36.90060700020437], [-121.65123500024382, 36.90048599972319], [-121.65116099972566, 36.90044900035703], [-121.65092300007427, 36.90034699968164], [-121.6508059998984, 36.900292000148276], [-121.65063299964604, 36.900246000272986], [-121.65054499978251, 36.90023000009126], [-121.65036599968234, 36.900207000138394], [-121.65018300028255, 36.900207000138394], [-121.65004600001521, 36.90021799977314], [-121.65000199963428, 36.90023200002434], [-121.64996499982436, 36.90025300003715], [-121.64988000033385, 36.90028099980582], [-121.6497780002266, 36.90035700004967], [-121.64968899963984, 36.90044199989247], [-121.64944199976763, 36.90070899981385], [-121.64931000042147, 36.900862000050004], [-121.64924000010126, 36.900955999662635], [-121.64921599981183, 36.90102700017218], [-121.64898200035842, 36.90134100011569], [-121.6488960001447, 36.90147000028081], [-121.64885799961154, 36.90153599984662], [-121.64876200025037, 36.901660999890936], [-121.64870399962574, 36.90175999968876], [-121.64867600003666, 36.9017890002873], [-121.64861099973932, 36.90188600002937], [-121.64854100031744, 36.901978999873656], [-121.64852200005086, 36.90201200016194], [-121.64833899975277, 36.90226299986289], [-121.64824000001855, 36.90238600027636], [-121.64818300011716, 36.90244400026824], [-121.64802800030645, 36.902581000210176], [-121.64793000039715, 36.902659000187846], [-121.6478550000541, 36.90269999965604], [-121.64777100038852, 36.9027330003508], [-121.64772799983248, 36.90274500027341], [-121.64751899959512, 36.90282200015082], [-121.64743099973154, 36.90284699989841], [-121.64738600042404, 36.90285500007452], [-121.64710299966852, 36.90286600004592], [-121.64697200014727, 36.902869999773905], [-121.64688099991066, 36.90286300024974], [-121.64674700001636, 36.90284599996612], [-121.64656500044148, 36.9028320001945], [-121.6464120002806, 36.90275800012754], [-121.64630400032557, 36.902693000116344], [-121.6462060004163, 36.9026179999793], [-121.64617700010395, 36.90259000034984], [-121.64615500036265, 36.902559000183686], [-121.6460959999131, 36.90246199986042], [-121.64603399998883, 36.90232700030136], [-121.64600800004958, 36.90222100021945], [-121.64599200015604, 36.902114999990296], [-121.64599499963076, 36.90204299983196], [-121.64598100028539, 36.90164799984986], [-121.64597399971436, 36.90157599996924], [-121.64597399971436, 36.9012140003582], [-121.64596500039185, 36.9009980000024], [-121.64588000000303, 36.9005340000973], [-121.64587499998017, 36.90046199988395], [-121.64586199956138, 36.90039100028551], [-121.64584099964497, 36.90032099986798], [-121.64581399988082, 36.90010599982606], [-121.64581200023098, 36.9000349998964], [-121.64578499956848, 36.899819999767075], [-121.64569800042815, 36.89946700023584], [-121.64568099981142, 36.89932499983969], [-121.64565700042029, 36.89918399987799], [-121.64565400004723, 36.89911199982762], [-121.64564099962844, 36.89907599977698], [-121.64563399995575, 36.899005000325744], [-121.6455100001072, 36.8983279997513], [-121.64544900000782, 36.89793399993227], [-121.64550400025941, 36.89742999995545], [-121.64552699982562, 36.897325000259706], [-121.64555899961267, 36.89721999970115], [-121.64559200012296, 36.897151999980686], [-121.64565400004723, 36.897053999960114], [-121.64566300026807, 36.89701799965702], [-121.64572799966707, 36.89692100019267], [-121.64577899972072, 36.89686000028125], [-121.6460549999052, 36.89647600022566], [-121.64606699960079, 36.89644199968238], [-121.64607499999671, 36.896367999884376], [-121.64607099979875, 36.89626100012722], [-121.64607499999671, 36.896224000149466], [-121.64607099979875, 36.89604600014152], [-121.6460549999052, 36.89590599989208], [-121.64604200038475, 36.89580000023027], [-121.64602599959291, 36.89569399970282], [-121.64599700017891, 36.895555000272324], [-121.64588800039895, 36.89513799974361], [-121.64587300033035, 36.8951050000748], [-121.64584400001803, 36.895001000089124], [-121.64583800017024, 36.8949670003256], [-121.64581700025384, 36.89489799999821], [-121.6458130000559, 36.89486200011498], [-121.645736000063, 36.894621000180074], [-121.64571799962134, 36.89455200025835], [-121.64569400023021, 36.89448400031608], [-121.6456440000015, 36.89430899997475], [-121.64562899993285, 36.89423799968082], [-121.64559799997073, 36.89417000017724], [-121.64557100020654, 36.89414100027542], [-121.64546999992422, 36.89406899977791], [-121.64538999955826, 36.894035000317615], [-121.64513000016558, 36.89396900001195], [-121.64468800029971, 36.8938779998453], [-121.64455000020746, 36.89387399964601], [-121.64450500000159, 36.89387899989511], [-121.64441299994012, 36.89387499969587], [-121.64436699990935, 36.89387699979549], [-121.64423200019016, 36.89390100026872], [-121.64412900025799, 36.89393499978872], [-121.64400100021145, 36.89399599988267], [-121.64399700001347, 36.8940140000306], [-121.64279699991422, 36.89463099986163], [-121.6418729999995, 36.89539499996327], [-121.63973399991693, 36.89707400012111], [-121.63859499991706, 36.897998999686976], [-121.63810299982246, 36.898326999759846], [-121.63783699968371, 36.89950799998234], [-121.63643400009316, 36.90127399970995], [-121.63314500014005, 36.90665399978625], [-121.63072400002517, 36.909683000000236], [-121.62948899976581, 36.91168099997362], [-121.62945699997876, 36.91168800012529], [-121.62841900026123, 36.91182000019674], [-121.62776200031021, 36.91146499980115], [-121.62699099965802, 36.91143100019049], [-121.62630100009505, 36.91139399966744], [-121.62605500004774, 36.91080800003602], [-121.62501499978207, 36.910275000100995], [-121.6236799999636, 36.91001500020031], [-121.62295000021766, 36.90953100005815], [-121.62135900030614, 36.90862200008002], [-121.61976099982365, 36.9089109997469], [-121.61569699991873, 36.90499299965075], [-121.6073540000237, 36.89945199986752], [-121.60730299997009, 36.89945599977446], [-121.59863700003491, 36.900345999716585], [-121.59748999963908, 36.900463999811], [-121.59744500033158, 36.900478000017074], [-121.59741400036943, 36.90048099990695], [-121.59476099955262, 36.901088000344686], [-121.59084099958773, 36.90114699984101], [-121.58885399984113, 36.90125200002495], [-121.58639000006853, 36.900997000045884], [-121.58595400005045, 36.90095199983437], [-121.58135399966999, 36.899151999784195], [-121.58145499995236, 36.900252000070914], [-121.58145300030252, 36.9004009999294], [-121.58144900010457, 36.90055400006472], [-121.58143800023392, 36.90122699975479], [-121.58142599964002, 36.901976000042666], [-121.58124300024025, 36.913610999909544], [-121.58116000039955, 36.918889999858116], [-121.58115399965347, 36.9192520003435], [-121.5835289997376, 36.9192520003435], [-121.59015400039782, 36.9192520003435], [-121.5903209999041, 36.92502199987988], [-121.59035400041435, 36.92615099981222], [-121.59641900030958, 36.92611399996746], [-121.60715499983208, 36.92605099972468], [-121.60991800025373, 36.92831099970403], [-121.61535600033518, 36.93276100035175], [-121.61555100032885, 36.93292000030708], [-121.62111999993155, 36.937476999955535], [-121.62475500038938, 36.940451000092416], [-121.62473799977262, 36.9402070001034], [-121.62473000027505, 36.94009399983792], [-121.62441100043279, 36.939614999742794], [-121.6242349998074, 36.93907199980097], [-121.62404800020965, 36.938493999647164], [-121.6246859998941, 36.93892700008491], [-121.62605500004774, 36.93984500003381], [-121.62605500004774, 36.93979699998669], [-121.62692399971087, 36.93994399981114], [-121.62953200032182, 36.94038499973698], [-121.63040199980988, 36.94053199986303], [-121.63046000043454, 36.94054400030041], [-121.63170099964334, 36.93946100024626], [-121.63185600035236, 36.939252999732865], [-121.63705500005918, 36.93905300005696], [-121.63775600039115, 36.93855100000127], [-121.63807000021052, 36.93829299994761], [-121.63885600003297, 36.93765100016413], [-121.63905500022462, 36.93768400009698], [-121.63945600008259, 36.93775100011248], [-121.63965600009914, 36.93785099992959], [-121.64035599970786, 36.937551000084575], [-121.64225600031416, 36.93635099966481], [-121.64185600028108, 36.934951000065766], [-121.64196800043409, 36.93493399975358], [-121.64134400009502, 36.9331409998567], [-121.64102500025278, 36.932223999839195], [-121.64141400041521, 36.93223199980641], [-121.64287599955695, 36.93226399966681], [-121.64574399956058, 36.932328000065404], [-121.64579100031459, 36.93232999987502], [-121.64680899994063, 36.933876000023304], [-121.64721800019456, 36.93455099986753], [-121.64844599988288, 36.93657600015068], [-121.6488559999617, 36.93725099977653], [-121.64999800033462, 36.93847400029377], [-121.65305600030908, 36.941751000292655], [-121.65322600018838, 36.942262999987726], [-121.65375599991782, 36.9438510000992], [-121.65405600039179, 36.94475099993884], [-121.65285600029254, 36.94575100013455], [-121.65227100031153, 36.94762800015789], [-121.65367499972697, 36.94771699997329], [-121.6540379999501, 36.95058399993088], [-121.65511900022368, 36.95104999974845], [-121.657557000057, 36.950651000089344], [-121.65835700012316, 36.95055099984187], [-121.65895700017278, 36.950651000089344], [-121.66009500034775, 36.95113199975411], [-121.66155700038783, 36.95175099989015], [-121.66325700007926, 36.95185099999802], [-121.66326899977483, 36.952270999878685], [-121.663307000308, 36.95350700032522], [-121.66376300041755, 36.95423400021398], [-121.6643299999569, 36.9551399999255], [-121.6636460002417, 36.95648499977132], [-121.66325700007926, 36.95725100035854], [-121.66299599996336, 36.958486999662995], [-121.66285700004617, 36.95915099994932], [-121.66395699968801, 36.960650999951326], [-121.66410599965091, 36.96189599965562], [-121.66425700016198, 36.963150999846384], [-121.66436299956885, 36.96326299978792], [-121.6646809995862, 36.963600999766165], [-121.66478699989142, 36.96371400033314], [-121.66611800041022, 36.96433399996999], [-121.66613000010578, 36.96433999974964], [-121.66993000042005, 36.963641000348126], [-121.67041400011874, 36.96385500012567], [-121.6717570003331, 36.96445100025321], [-121.67196200037252, 36.96440899969373], [-121.6722569999253, 36.964351000181814], [-121.67237900012405, 36.96465599991714], [-121.67245699994184, 36.96485099994306], [-121.67257900014056, 36.96521800020888], [-121.67265699995838, 36.96545100020264], [-121.67357000000244, 36.965380000107594], [-121.67395699961673, 36.96535100000929], [-121.67441100007649, 36.96535100000929], [-121.6747569996829, 36.96535100000929], [-121.67567999977274, 36.96577699974873], [-121.67609300022458, 36.965967999767756], [-121.67649300025766, 36.96582000009542], [-121.6772349996992, 36.96554700023602], [-121.67719500041453, 36.966035000029144], [-121.67716199990426, 36.966461000247556], [-121.67725499979066, 36.96650400020794], [-121.67735699989794, 36.96655100012012], [-121.67735699989794, 36.96674799994031], [-121.67735699989794, 36.96685099988377], [-121.67806200042786, 36.96763299994028], [-121.67825800024644, 36.96785000009053], [-121.68111000035655, 36.967557999804065], [-121.68215800011984, 36.96745100017081], [-121.68284600003302, 36.96726700035585], [-121.68365799979473, 36.967050999787155], [-121.6849490001306, 36.96718000003104], [-121.68565799996014, 36.967250999882836], [-121.6864560003765, 36.96741000035194], [-121.68665800004285, 36.96745100017081], [-121.68775799968466, 36.966951000260025], [-121.68876199996532, 36.96717399975751], [-121.68955799983354, 36.967350999733625], [-121.68971500019236, 36.967350999733625], [-121.69015799988316, 36.967350999733625], [-121.69017799997467, 36.96737100011867], [-121.69029000012765, 36.967483000311645], [-121.69177399990902, 36.96784300007219], [-121.69235300004225, 36.967998000122634], [-121.69330299989623, 36.96822999971025], [-121.69357800025585, 36.96850399978517], [-121.69403199981731, 36.96895699971038], [-121.69472099955536, 36.96943700024473], [-121.69521100000013, 36.969916999905394], [-121.69583100014125, 36.970449999805155], [-121.69659000019955, 36.97112400024445], [-121.69714900024127, 36.97148799972682], [-121.69782899975851, 36.97209800035485], [-121.69812900023248, 36.97260499976959], [-121.6982580001039, 36.97338500011371], [-121.69830800033264, 36.9740479999341], [-121.69842799998324, 36.974983999726305], [-121.69811900018676, 36.97594800017575], [-121.69789900007872, 36.976755999658884], [-121.69788499983501, 36.97681799992028], [-121.69767899997068, 36.977745000212465], [-121.69728899998336, 36.978488000017315], [-121.69691999991241, 36.97909999981358], [-121.69619699983913, 36.979777999715374], [-121.69620100003709, 36.97993400021589], [-121.69621600010571, 36.980403000148804], [-121.6962219999535, 36.980559999716135], [-121.69553900006318, 36.98078900016336], [-121.69507700010584, 36.981033000028695], [-121.69502299967917, 36.98104400020124], [-121.69381099988435, 36.98130699993887], [-121.69362199973847, 36.98126300010886], [-121.69340400017857, 36.98117499965488], [-121.69239999989793, 36.98133199978204], [-121.69203599984985, 36.98141899971759], [-121.6917310002513, 36.98146900003968], [-121.6912299999359, 36.9813169997336], [-121.69114999956994, 36.98129300022407], [-121.6899410001482, 36.98139900015362], [-121.68990299961503, 36.981499999691906], [-121.68986900017816, 36.98153400033758], [-121.68983099964503, 36.98163099979561], [-121.68975500037534, 36.981792999924174], [-121.68964900007015, 36.98242099984652], [-121.68950500013008, 36.98321800034568], [-121.68945400007648, 36.98327700014523], [-121.689393999802, 36.983335999899076], [-121.68931799963401, 36.983432999930045], [-121.68930900031151, 36.983459999694716], [-121.68928400019718, 36.98348099974426], [-121.6892590000828, 36.9835430002668], [-121.68924200036437, 36.98361900002819], [-121.68927900017428, 36.983998000263725], [-121.68922899994557, 36.984116000042455], [-121.6892030000063, 36.98413699991094], [-121.68918600028785, 36.98419199994903], [-121.68916100017351, 36.984212999796526], [-121.68914399955675, 36.98426799977969], [-121.68911900034071, 36.9842890003238], [-121.68910199972395, 36.984337000315534], [-121.68904200034781, 36.984406000071196], [-121.689025999556, 36.98445500028604], [-121.6889920001191, 36.98449600025124], [-121.68895799978391, 36.984578999693014], [-121.68893299966955, 36.984661999761876], [-121.6888869996388, 36.98476900031351], [-121.68884200033128, 36.98504200011363], [-121.68880100032338, 36.98537299969284], [-121.68875100009465, 36.98552499978887], [-121.68866300023116, 36.98574899967888], [-121.68864999981234, 36.98583500002525], [-121.68855399955285, 36.9860810000453], [-121.6885329996365, 36.98619400024585], [-121.68848699960571, 36.98630799983356], [-121.68845800019172, 36.98648400024635], [-121.68842499968146, 36.98658099985133], [-121.68835299971143, 36.98676400006383], [-121.68834100001587, 36.986837000115955], [-121.6883159999015, 36.98689900005607], [-121.68828999996224, 36.9869199998739], [-121.68827300024381, 36.98696800035821], [-121.68818899967988, 36.98707199974901], [-121.68811199968701, 36.98717899978115], [-121.68795100002852, 36.98730700009121], [-121.68795100002852, 36.9873279997964], [-121.68792500008927, 36.98735899993143], [-121.6876620003235, 36.987611999681796], [-121.68764499970676, 36.987647000003555], [-121.68753500010192, 36.98779899986116], [-121.68749699956875, 36.987906000305685], [-121.68746800015475, 36.988040000174045], [-121.68745999975883, 36.98811599974817], [-121.68748599969813, 36.988767999885425], [-121.6875130003606, 36.988932999881435], [-121.68755199982034, 36.98908800002998], [-121.68763100036136, 36.989328999846634], [-121.6877090001792, 36.989479999699924], [-121.6877529996618, 36.98954200035589], [-121.68790800037084, 36.989730999833405], [-121.6880630001815, 36.98985799992841], [-121.68815299969488, 36.98990499976858], [-121.68831699972642, 36.99002200020631], [-121.68863100044408, 36.990255000321184], [-121.68905300021848, 36.99059000032566], [-121.68924200036437, 36.990754999956884], [-121.68926800030361, 36.99078199999294], [-121.6893369999006, 36.99087100030959], [-121.68936299983986, 36.990919999947685], [-121.68940600039589, 36.990953999970884], [-121.68960499968922, 36.99118700010081], [-121.68975200000231, 36.99137299989536], [-121.68978600033748, 36.9914480002394], [-121.68981800012453, 36.99161000027078], [-121.68989799959216, 36.99159500009636], [-121.6937659996785, 36.99086599996401], [-121.69584799985968, 36.9883670000774], [-121.69956600015821, 36.98906899984825], [-121.70389200000395, 36.99068200007725], [-121.7068389996503, 36.991126999769136], [-121.70776400028826, 36.993176999947565], [-121.71234600022701, 36.99389800022424], [-121.71470100021969, 36.9940679999892], [-121.71543099996563, 36.996011000161516], [-121.71451500044685, 36.99730500026748], [-121.71455999975436, 36.997329999875284], [-121.71472999963369, 36.997329999875284], [-121.7148500001826, 36.997279999934], [-121.71510999957526, 36.99711000017471], [-121.7154000000035, 36.996879999937605], [-121.71554999979135, 36.99670000007783], [-121.71570999962489, 36.99647000003557], [-121.71578999999085, 36.99641000028451], [-121.71605000028184, 36.996249999999286], [-121.71624000025264, 36.996190000074584], [-121.71655999991977, 36.996130000102596], [-121.71695999995285, 36.996040000055764], [-121.71714999992365, 36.995989999983756], [-121.7171099997407, 36.996110000101375], [-121.71706999955772, 36.99616000009453], [-121.71671999975335, 36.996400000321344], [-121.71626000034412, 36.99676000031761], [-121.7157599998536, 36.99717000009092], [-121.7155899999743, 36.99733999971608], [-121.71531999963757, 36.997590000331414], [-121.71510999957526, 36.99774000016255], [-121.71482000004538, 36.99784999989854], [-121.7143999999208, 36.99802999990592], [-121.71392999956753, 36.99824000009341], [-121.71312000035391, 36.99864999977871], [-121.71293000038314, 36.99877000000334], [-121.71279999978847, 36.99889999967422], [-121.7127100002751, 36.999040000175], [-121.71256999963468, 36.9993699997206], [-121.7124700000756, 36.999469999691435], [-121.71232000028775, 36.99957000024825], [-121.71187000002595, 36.9999099998661], [-121.7115400003131, 37.0002299997635], [-121.71074000024693, 37.000850000350546], [-121.71059999960652, 37.00100000020749], [-121.71053000018465, 37.00114999976845], [-121.71047999995594, 37.00131999982185], [-121.71042999972721, 37.001470000186345], [-121.71035000025958, 37.00161000025954], [-121.7098799999063, 37.00217000012657], [-121.70964999975253, 37.00239000025246], [-121.70956000023918, 37.00255999968551], [-121.70939000035985, 37.00295000011346], [-121.70921000043478, 37.00330999994684], [-121.70918000029755, 37.00349999968977], [-121.70918000029755, 37.00359999996782], [-121.70919000034331, 37.00365999978458], [-121.70924999971945, 37.00397999968144], [-121.70932000003964, 37.004540000026104], [-121.70940000040557, 37.00478999992418], [-121.70940000040557, 37.005110000086255], [-121.70946999982746, 37.00529000012346], [-121.70951000001044, 37.00537999998223], [-121.70957000028488, 37.005450000037904], [-121.70965999979826, 37.005490000143205], [-121.70981899980693, 37.005535000326205], [-121.70992299956401, 37.00555199994205], [-121.71008800031876, 37.005533000286796], [-121.71018899970278, 37.00552500012842], [-121.7102890001602, 37.00552200006882], [-121.71039000044256, 37.00552400010858], [-121.71131199980915, 37.00556700023289], [-121.71138100030444, 37.00557699970777], [-121.711428999985, 37.005604000220316], [-121.71151100000077, 37.00562799995046], [-121.71163300019948, 37.0056689999801], [-121.71166599981146, 37.00569000035415], [-121.71170500016952, 37.00571600009186], [-121.71225300034061, 37.006140999813326], [-121.71227000005906, 37.00615800001103], [-121.71229900037135, 37.00618700033948], [-121.71235999957241, 37.00626199970292], [-121.71239899993047, 37.006343999773506], [-121.71241499982402, 37.00638400012578], [-121.71248599996913, 37.00655899998478], [-121.71250699988552, 37.00661900033561], [-121.71250699988552, 37.00668099993103], [-121.71250000021281, 37.00678100032896], [-121.71249699983976, 37.00680399968448], [-121.71246900025068, 37.00689799991014], [-121.71240599960318, 37.00701300002805], [-121.71236499959531, 37.00706600002385], [-121.71234899970175, 37.007085000013376], [-121.71209500015686, 37.00735600006392], [-121.7119649995622, 37.00748600011853], [-121.71186199963003, 37.00758000021815], [-121.71171900041323, 37.00769799999555], [-121.71160300006225, 37.007785999892604], [-121.71143400000787, 37.007900000113246], [-121.71132000020506, 37.007970000000405], [-121.71117000041721, 37.00805400035375], [-121.71101600043144, 37.00813099999836], [-121.71048900017675, 37.00838300024619], [-121.71038100022172, 37.00845499965116], [-121.71034100003874, 37.00848899972503], [-121.71019000042601, 37.00864200022807], [-121.71019299990076, 37.008666999694924], [-121.71021600036528, 37.00869799973978], [-121.71026099967281, 37.00873800028803], [-121.71028499996225, 37.0087519999728], [-121.71052699981159, 37.008823999745594], [-121.710583999713, 37.008868000131095], [-121.71061100037547, 37.00890100004484], [-121.71064399998744, 37.00897399965095], [-121.7106470003605, 37.00898600006098], [-121.71075000029266, 37.009432000208335], [-121.71075500031553, 37.00949299969367], [-121.7107529997674, 37.009534999757776], [-121.71074899956942, 37.00957499986555], [-121.71072699982813, 37.009675000042854], [-121.7107040002619, 37.00973400012163], [-121.71037399965071, 37.01047299968487], [-121.71035699993229, 37.01054899979449], [-121.71026800024381, 37.0106279996863], [-121.71019100025092, 37.01067600027057], [-121.71012500012867, 37.01071799968098], [-121.71002600039448, 37.01074900032395], [-121.70994000018077, 37.01077800033547], [-121.7098720004087, 37.010804999717934], [-121.70973000011848, 37.01088500001032], [-121.70967499986689, 37.01092700002251], [-121.7096759996918, 37.01094499981569], [-121.70936799972021, 37.01119400022342], [-121.70932699971235, 37.01122000023048], [-121.70927700038192, 37.01123100034115], [-121.70924800006964, 37.01123500012015], [-121.7088310003181, 37.01125599967381], [-121.70876000017299, 37.01126100011319], [-121.70868599965482, 37.011288000041354], [-121.70866700028657, 37.01131100018519], [-121.70853900024005, 37.0114120001728], [-121.70850900010281, 37.01148999994358], [-121.70850699955469, 37.0115629999324], [-121.7084150003915, 37.01179300022488], [-121.70860199998924, 37.011934999808396], [-121.70873000003577, 37.01204000013809], [-121.70894500012092, 37.01216700027467], [-121.70907499981725, 37.01223699981871], [-121.70929199955224, 37.01233400028944], [-121.70947999987322, 37.01239600024444], [-121.70960999956955, 37.012429999990054], [-121.7097180004229, 37.01245099993079], [-121.70978500037006, 37.01246099993473], [-121.70992500011215, 37.01247499965109], [-121.71000200010502, 37.012501999865286], [-121.71035799975718, 37.01249499965127], [-121.71060399980449, 37.01250099993719], [-121.71068199962227, 37.01249399972313], [-121.71080399982101, 37.01246900008037], [-121.71091699979894, 37.01244099992561], [-121.71204699957796, 37.012286999965895], [-121.71215500043131, 37.012265000048636], [-121.71224099974671, 37.01223899968174], [-121.71233500035638, 37.012199000258654], [-121.71236200012056, 37.0121870003559], [-121.71242999989259, 37.01214600025546], [-121.71249299964181, 37.01209999974898], [-121.71257399983266, 37.01202299982132], [-121.71263800030506, 37.011950000274275], [-121.71270899955185, 37.01190700017421], [-121.71281099965913, 37.011785999945545], [-121.71287000010868, 37.011739999938506], [-121.71292500036024, 37.01171400010933], [-121.71302800029241, 37.01164200020491], [-121.71312899967644, 37.01159400023071], [-121.71334799995957, 37.011521000271664], [-121.71349400044775, 37.01149299976763], [-121.71373700012198, 37.01146400002888], [-121.71419999990425, 37.01140000014579], [-121.71453899983798, 37.011362000167296], [-121.71480999999962, 37.011369999711285], [-121.71497999987895, 37.01138600023141], [-121.71504099997831, 37.01140000014579], [-121.71517599969751, 37.01143800010529], [-121.71527000030717, 37.01147999981189], [-121.71530999959184, 37.011514999908364], [-121.71552700022511, 37.011703000068565], [-121.71570999962489, 37.01183900019984], [-121.71594599962646, 37.012028000210236], [-121.716109999658, 37.01216000002978], [-121.71627799988745, 37.012331999711535], [-121.71645100013984, 37.01252099993058], [-121.71662199984407, 37.01266700000949], [-121.716814000363, 37.01283600020747], [-121.71691800012006, 37.012913999951444], [-121.71713999987792, 37.01307999983892], [-121.7174839998345, 37.01327000026756], [-121.71779699982896, 37.013370999803726], [-121.7176739998053, 37.01399000018626], [-121.71733200039685, 37.014102999802276], [-121.71718900028173, 37.01476800031485], [-121.71705100018946, 37.01523099984791], [-121.71681000016503, 37.01553500016519], [-121.71657699963822, 37.015814000006706], [-121.71658400020922, 37.0158599996997], [-121.71696199960269, 37.0161379999023], [-121.71691800012006, 37.01660300016102], [-121.71684000030226, 37.01678400010936], [-121.71703600012083, 37.01719799966616], [-121.71701699985428, 37.01729399967782], [-121.71688600033303, 37.017624000317085], [-121.7170250002502, 37.01793500009896], [-121.7170260000751, 37.0181159997435], [-121.71728299999303, 37.01846100029703], [-121.71782199994331, 37.01886799969695], [-121.71856799958279, 37.01897799970333], [-121.71861199996373, 37.019378000340176], [-121.71910900008119, 37.01984300013703], [-121.71921200001336, 37.02019399969997], [-121.71920399961743, 37.020237000131566], [-121.71916699980751, 37.020319000186696], [-121.71908899998971, 37.02044799976187], [-121.71901299982171, 37.02050300007574], [-121.7181669997248, 37.021062000080846], [-121.71808700025717, 37.02114399996281], [-121.71800299969327, 37.02133999989927], [-121.71792599970037, 37.02140099986784], [-121.71763100014758, 37.02145300006105], [-121.71732599965074, 37.021577999910896], [-121.7172389996121, 37.02163200031598], [-121.71636199955304, 37.02217600002501], [-121.71623400040488, 37.022323999799156], [-121.71620599991745, 37.022379999987486], [-121.71617599978022, 37.02249900025053], [-121.7162090002905, 37.02259000032592], [-121.71619099984885, 37.022696000071356], [-121.71619300039698, 37.02277399973546], [-121.71617900015326, 37.022883999824494], [-121.71612999974947, 37.02303499973944], [-121.71602099996952, 37.02321200027893], [-121.71590999964145, 37.02334600032385], [-121.71578099977003, 37.02357399981437], [-121.71567700001295, 37.02378399972108], [-121.7156949995563, 37.02390500020977], [-121.71573700028739, 37.0240069997311], [-121.71582000012808, 37.02405799979901], [-121.71592200023532, 37.02407300002341], [-121.71600199970294, 37.02406399988912], [-121.7177509997982, 37.02385199976458], [-121.7178429998597, 37.0238790002396], [-121.71786799997405, 37.023942999653684], [-121.7178500004307, 37.02398099979579], [-121.717243999635, 37.024490000055565], [-121.71721000019811, 37.024545000312], [-121.71716499999229, 37.02466300028455], [-121.71715400012162, 37.0247860003404], [-121.71716099979432, 37.02484800017643], [-121.71719199975645, 37.02495899989529], [-121.71731300013028, 37.025459999845346], [-121.7172949996886, 37.025566999645534], [-121.71729100038895, 37.02567999997466], [-121.71716900019024, 37.02580899977049], [-121.71715099974857, 37.025886000072376], [-121.71709899987005, 37.02603800022492], [-121.71717000001516, 37.02610799990034], [-121.71719900032744, 37.026141000216754], [-121.71724000033534, 37.02625500015628], [-121.7172389996121, 37.0262940003228], [-121.71718699973357, 37.02640500008026], [-121.71711899996151, 37.02646300033486], [-121.71676400013428, 37.026673000144214], [-121.71670499968472, 37.026783000324926], [-121.7167499998906, 37.026855999965754], [-121.71686299986847, 37.026927999798225], [-121.71701000018156, 37.027044999918246], [-121.71714300025097, 37.02709699983405], [-121.71730999975725, 37.027204000197095], [-121.71712999983218, 37.02729999975776], [-121.7169199997699, 37.027499999946926], [-121.71687999958692, 37.02760000020257], [-121.71686000039374, 37.027719999905315], [-121.71684000030226, 37.02775999976411], [-121.71673999984483, 37.027800000319004], [-121.71647999955384, 37.027809999737265], [-121.71576999989936, 37.0278799999312], [-121.71557999992856, 37.02792999982537], [-121.71548000036945, 37.02797999968662], [-121.71543000014074, 37.028049999723954], [-121.71543000014074, 37.02811999969671], [-121.71545000023221, 37.02818000023679], [-121.71549000041519, 37.02822999993348], [-121.71555999983707, 37.02828000031436], [-121.71565000024876, 37.02831999987825], [-121.71605000028184, 37.0284800000746], [-121.71615999988671, 37.028619999880334], [-121.71609999961224, 37.02871000008017], [-121.71585000026532, 37.02891000014244], [-121.71568000038599, 37.02899000001994], [-121.71542000009498, 37.029089999748265], [-121.71530999959184, 37.029089999748265], [-121.71518999994122, 37.02905999984357], [-121.71491999960446, 37.02898000003986], [-121.71468000030329, 37.02890000015183], [-121.7145899998916, 37.028840000180566], [-121.71452999961713, 37.02875000013477], [-121.71446000019525, 37.02862999990776], [-121.7142300000415, 37.028419999771565], [-121.71399999988772, 37.02821999985334], [-121.71391000037434, 37.02816000006204], [-121.71384000005415, 37.02813999988201], [-121.71374999964246, 37.028129999790025], [-121.71369000026633, 37.02816000006204], [-121.71359400000684, 37.02823200009276], [-121.71363800038779, 37.030875000000435], [-121.72254299979926, 37.030686999943995], [-121.7267130000094, 37.030601000129245], [-121.72673599957561, 37.03406900002888], [-121.73065800008864, 37.03406100000625], [-121.73072400021088, 37.037574999828315], [-121.73711200014633, 37.03756599985979], [-121.73936699968151, 37.03756099971743], [-121.74070099967508, 37.036336999712745], [-121.74171099980353, 37.035410000161846], [-121.74275699991699, 37.034802999955595], [-121.74283899993274, 37.037442999704645], [-121.74240200008973, 37.037458000153975], [-121.74250400019697, 37.040741000092574], [-121.74373400043346, 37.04070899994041], [-121.74387699965028, 37.044554999952176], [-121.7441949996676, 37.04457699983992], [-121.74500999980236, 37.044806000346476], [-121.74570299973841, 37.04507899965319], [-121.74582599976206, 37.04512100012123], [-121.74665799961531, 37.04520800019735], [-121.74720599978637, 37.045228000184295], [-121.7474030003282, 37.04527900034221], [-121.74774399991172, 37.04543799972891], [-121.74798699958596, 37.04551100007984], [-121.74813399989904, 37.045571999995076], [-121.7482150000899, 37.05122199985821], [-121.74834499978627, 37.060552999925896], [-121.74903900044553, 37.06062400005265], [-121.75383499974622, 37.06110499971688], [-121.75375000025572, 37.06101999995483], [-121.75356000028493, 37.060770000144885], [-121.75343999973602, 37.06059999977489], [-121.75339000040562, 37.06052000022803], [-121.75337000031413, 37.06047000028916], [-121.75337000031413, 37.06033999986377], [-121.75339000040562, 37.06023000026727], [-121.75338000035987, 37.06018000013727], [-121.75334000017689, 37.06011000033006], [-121.75328999994821, 37.05999000020302], [-121.75329999999394, 37.059890000310624], [-121.75332000008542, 37.059820000235796], [-121.75338000035987, 37.05976000032514], [-121.75345999982751, 37.05970999988541], [-121.75358000037642, 37.059669999653245], [-121.7536699998898, 37.05966000012955], [-121.75378000039295, 37.05961999987107], [-121.75387999995209, 37.059559999802204], [-121.75409000001434, 37.05934000033854], [-121.75429000003089, 37.05910999992388], [-121.7545300002304, 37.05886000027193], [-121.75459999965229, 37.05876999996617], [-121.75463999983526, 37.058709999941975], [-121.75465999992676, 37.05862000017517], [-121.754690000064, 37.05853999997423], [-121.75475000033845, 37.05845000000572], [-121.75481999976031, 37.05837000034243], [-121.75494000030922, 37.05816000001834], [-121.75503999986833, 37.05802000019627], [-121.75509000009706, 37.05791000010369], [-121.75522999983914, 37.05778000030995], [-121.7553100002051, 37.057669999869425], [-121.75538999967273, 37.05752000005438], [-121.75544999994719, 37.057360000115985], [-121.75548000008439, 37.05724999978341], [-121.7555000001759, 37.05708000012883], [-121.7555000001759, 37.05703000007364], [-121.75547000003866, 37.05691999997949], [-121.75542999985568, 37.05663999980246], [-121.75538499964983, 37.056567000119074], [-121.75525999997636, 37.05636000002598], [-121.75495000035497, 37.05593999985771], [-121.75483999985182, 37.05584999967283], [-121.75474000029271, 37.05579000020716], [-121.7545300002304, 37.05569999984436], [-121.75441999972723, 37.05563000020526], [-121.75439999963574, 37.05560000003296], [-121.75439999963574, 37.055539999652694], [-121.7544099996815, 37.05545999978878], [-121.75443999981874, 37.05507000005104], [-121.75445999991021, 37.05474000008605], [-121.75449000004745, 37.05453999995191], [-121.75443999981874, 37.05426999983084], [-121.75438999959003, 37.054130000000555], [-121.7543400002596, 37.05403999981963], [-121.75430000007663, 37.05398999991194], [-121.7542199997107, 37.05393999997136], [-121.75409000001434, 37.05387999971239], [-121.7539100000893, 37.05382000012286], [-121.75371000007277, 37.05375999976901], [-121.75357000033068, 37.05370000008465], [-121.75351000005622, 37.0536600002687], [-121.75348999996476, 37.05361999971477], [-121.75347999991898, 37.05357000024728], [-121.75347999991898, 37.05352000002997], [-121.75351000005622, 37.05348999974035], [-121.75359000042218, 37.05344999981374], [-121.75361999966107, 37.05350999969577], [-121.75375000025572, 37.053630000034474], [-121.7539100000893, 37.05370000008465], [-121.75405999987711, 37.05375000018337], [-121.75430000007663, 37.05380000024919], [-121.75449000004745, 37.05385000028202], [-121.7545799995608, 37.053920000129274], [-121.75462999978951, 37.05398000035661], [-121.754690000064, 37.05408000015217], [-121.75480999971458, 37.05435999973898], [-121.75497000044646, 37.05460999987959], [-121.75503999986833, 37.05488000022471], [-121.75505999995984, 37.05499999983083], [-121.75507000000557, 37.05514000020672], [-121.75509000009706, 37.05523999990742], [-121.75512000023429, 37.05528999970835], [-121.75518999965617, 37.05533000009895], [-121.75536999958123, 37.055379999840575], [-121.75545999999292, 37.05538999992834], [-121.75555000040461, 37.05536999975149], [-121.75564999996372, 37.055309999906285], [-121.75577999966005, 37.05517999995942], [-121.75588000011747, 37.05509000030696], [-121.75621999987611, 37.05492000011452], [-121.75645000002989, 37.054790000216435], [-121.75649000021284, 37.05474000008605], [-121.75652000035008, 37.05464999991167], [-121.75652000035008, 37.05452000026795], [-121.75655399978695, 37.0544820003521], [-121.75660900003854, 37.054386000027115], [-121.75664000000069, 37.054320999648475], [-121.75669400042736, 37.05426899973567], [-121.75686599995647, 37.05412600032932], [-121.75690799978929, 37.05409199988936], [-121.75705199972933, 37.0540070001567], [-121.75711500037683, 37.05397100018218], [-121.75717499975296, 37.053893999681456], [-121.7571970003926, 37.05383099980028], [-121.75720700043834, 37.05370700008609], [-121.75720800026326, 37.05366799966004], [-121.75722300033186, 37.05357100035166], [-121.75711299982869, 37.05343900008115], [-121.75705799957711, 37.05333100001487], [-121.75705799957711, 37.05326199973277], [-121.7571069999809, 37.053168000234535], [-121.7571689999052, 37.053119999973006], [-121.7577170000763, 37.05281400001157], [-121.75775600043433, 37.05279199964347], [-121.75781900018355, 37.05274399986101], [-121.7578509999706, 37.05270400025813], [-121.75787799973476, 37.05262900013929], [-121.75787400043512, 37.052551000309826], [-121.75780800031288, 37.05241399981797], [-121.75776399993192, 37.05230500032269], [-121.7577530000613, 37.05223499970268], [-121.75776599958178, 37.05214099964928], [-121.75778400002343, 37.0520959998266], [-121.75787500026004, 37.05197599992993], [-121.75819900012512, 37.05168600029253], [-121.75825500020163, 37.05163100033519], [-121.7583039997071, 37.051571999815174], [-121.7583249996235, 37.05152100030087], [-121.75836999982934, 37.05146000014795], [-121.75848000033251, 37.05110999967446], [-121.75850999957143, 37.05086000019158], [-121.75851999961716, 37.050759999737664], [-121.75854999975441, 37.05059999988442], [-121.75859999998312, 37.05051999983134], [-121.75866000025758, 37.05044999971571], [-121.75874999977096, 37.05038000025248], [-121.7588100000454, 37.050340000120535], [-121.75891999965025, 37.050320000046646], [-121.75904000019918, 37.050320000046646], [-121.75914999980401, 37.0503500001555], [-121.759189999987, 37.050320000046646], [-121.75924000021573, 37.050320000046646], [-121.7593099996376, 37.050331000231324], [-121.7594300001865, 37.0503500001555], [-121.75952999974564, 37.0503500001555], [-121.75968999957921, 37.050320000046646], [-121.7597900000366, 37.05027999988308], [-121.75988999959574, 37.050190000154856], [-121.76007999956651, 37.05003999989279], [-121.76022000020693, 37.04992000032998], [-121.76038000004048, 37.04984000027709], [-121.76053999987408, 37.04975000002716], [-121.7606400003315, 37.049710000280086], [-121.76072999984488, 37.04965000026154], [-121.7607800000736, 37.04958000006047], [-121.76085000039379, 37.049509999794786], [-121.76095999999863, 37.04946999992128], [-121.76103000031885, 37.0494500003351], [-121.76112999987797, 37.04936000033963], [-121.76117000006091, 37.049340000007504], [-121.76123000033539, 37.0493000000444], [-121.76127999966576, 37.04923999970173], [-121.76131999984877, 37.04911000011093], [-121.76137000007748, 37.04905000033504], [-121.76142000030617, 37.04900000000758], [-121.76152999991102, 37.04895999986525], [-121.76165999960737, 37.048949999647135], [-121.76186999966966, 37.048949999647135], [-121.76192999994413, 37.04898000029751], [-121.76197000012708, 37.049019999712336], [-121.76198000017284, 37.04905000033504], [-121.76188999976112, 37.049139999981136], [-121.76186999966966, 37.04919000021637], [-121.76185999962391, 37.049230000237436], [-121.76186999966966, 37.049270000237485], [-121.76189999980689, 37.0493000000444], [-121.76193999998986, 37.0493199996701], [-121.76201000031006, 37.0493199996701], [-121.76225999965699, 37.049400000271106], [-121.762479999765, 37.04951999993911], [-121.7625900002682, 37.04960999974486], [-121.76275000010176, 37.0498699998587], [-121.7628299995694, 37.049910000238356], [-121.76290999993533, 37.04997000005142], [-121.76302999958594, 37.05003999989279], [-121.7630699997689, 37.05008000018285], [-121.76321999955675, 37.05039000028218], [-121.76326999978544, 37.05047999977317], [-121.76328999987693, 37.05057999987906], [-121.76339000033437, 37.05059999988442], [-121.76332000001415, 37.0506599998689], [-121.76327999983117, 37.05071999980599], [-121.76324999969397, 37.050959999796774], [-121.76321999955675, 37.051770000345996], [-121.76322999960249, 37.051839999961075], [-121.76327999983117, 37.05188999985145], [-121.76339000033437, 37.05196000007279], [-121.7638299996521, 37.05214000024301], [-121.76414000017182, 37.052259999880306], [-121.76432000009686, 37.05235999979161], [-121.76447999993042, 37.05244000005591], [-121.7647090002593, 37.05245900016904], [-121.7648499998263, 37.05247000004368], [-121.76518999958492, 37.052520000235866], [-121.76537999955572, 37.05255999993578], [-121.7654420003783, 37.052576999783945], [-121.76562999980098, 37.052630000256066], [-121.76580999972602, 37.05271000023573], [-121.76593000027495, 37.05279000013111], [-121.76627000003356, 37.05303000002809], [-121.76655000041605, 37.053149999691954], [-121.76695999959655, 37.053280000248776], [-121.76722999993328, 37.05332000026504], [-121.76734000043648, 37.05332000026504], [-121.76746000008706, 37.05328999989635], [-121.76764000001212, 37.053200000153055], [-121.76786000012014, 37.05311000030303], [-121.7679200003946, 37.05307999985132], [-121.7687299996082, 37.053059999782576], [-121.76891000043156, 37.05307000017608], [-121.76939999997802, 37.05322999984038], [-121.76962000008606, 37.05326000023274], [-121.77004000021061, 37.05328999989635], [-121.77032999974053, 37.053280000248776], [-121.77046000033518, 37.05326000023274], [-121.77054999984854, 37.05322000018491], [-121.77078000000233, 37.05300999994617], [-121.77096999997313, 37.05291000017448], [-121.77131099955668, 37.05282200020898], [-121.77151999979404, 37.05276000026985], [-121.77170999976481, 37.05274000011676], [-121.77228999972296, 37.05271999995841], [-121.77247999969377, 37.05266000016872], [-121.77265999961881, 37.052619999804584], [-121.77295000004703, 37.052619999804584], [-121.77310999988063, 37.05266000016872], [-121.77342000040034, 37.05274999983549], [-121.77379000029617, 37.052869999942104], [-121.77406999978035, 37.052949999668776], [-121.77421999956819, 37.05296999976651], [-121.77438000030007, 37.053000000261704], [-121.7745800003166, 37.05300999994617], [-121.77487999989226, 37.05296999976651], [-121.77504999977158, 37.05296000007677], [-121.77517000032049, 37.05296000007677], [-121.77525999983384, 37.05298000017188], [-121.77533000015406, 37.053020000346265], [-121.77544999980464, 37.05307999985132], [-121.7755090002542, 37.05312700002794], [-121.77563999977545, 37.05322999984038], [-121.77569000000416, 37.05326000023274], [-121.77576000032437, 37.053369999897185], [-121.77580999965477, 37.053500000077186], [-121.7759100001122, 37.05380000024919], [-121.77597000038665, 37.05408999969432], [-121.77600999967129, 37.054450000257255], [-121.77602999976278, 37.054580000020884], [-121.77604200035665, 37.05475299980767], [-121.7760499998543, 37.054859999913496], [-121.77609000003724, 37.05492000011452], [-121.77617000040317, 37.05497000012631], [-121.77628000000804, 37.05503000024036], [-121.77639999965865, 37.055049999789894], [-121.77656000039052, 37.05507000005104], [-121.7767200002241, 37.05508000017965], [-121.77682399998119, 37.05509800026447], [-121.77695000037785, 37.05511999996398], [-121.77720999977053, 37.05517999995942], [-121.77749000015302, 37.05525000001363], [-121.77767000007809, 37.05534000019325], [-121.77775999959147, 37.05542000018367], [-121.77783099973658, 37.05551299968119], [-121.7778900001861, 37.05558999997286], [-121.77806000006544, 37.05584999967283], [-121.7782569997089, 37.056065000295874], [-121.77915800005741, 37.05605899986658], [-121.78101799958245, 37.05673700020606], [-121.78154999985998, 37.05699099992166], [-121.78159300041601, 37.05704200006117], [-121.78161799963206, 37.05710899965831], [-121.78163000022593, 37.05714000000825], [-121.78166000036317, 37.05752999986007], [-121.78176999996802, 37.05776000004622], [-121.78187999957288, 37.0580299999361], [-121.78193999984732, 37.05820000032971], [-121.78201000016755, 37.0583599999305], [-121.78210999972666, 37.0584799997681], [-121.78239000010915, 37.05874199967402], [-121.78242000024636, 37.05876999996617], [-121.78267999963906, 37.05903999984628], [-121.78292999988432, 37.059319999769144], [-121.78299000015878, 37.059369999749016], [-121.78307999967213, 37.05946000005992], [-121.78324999955144, 37.05957000005595], [-121.78345999961373, 37.059720000119334], [-121.78363000039134, 37.059820000235796], [-121.783929999967, 37.06003000026648], [-121.78412999998356, 37.06023000026727], [-121.78429999986287, 37.06042999974082], [-121.78450999992515, 37.06065999973815], [-121.78468999985022, 37.060770000144885], [-121.78479000030764, 37.06081999988603], [-121.78488999986675, 37.06085000014503], [-121.78498000027841, 37.060870000311084], [-121.78510999997476, 37.060909999910585], [-121.78513000006625, 37.060925000023765], [-121.78521999957961, 37.06098999976305], [-121.78532000003705, 37.061080000302745], [-121.78541999959616, 37.06123000024814], [-121.78558000032807, 37.061489999976594], [-121.78580000043608, 37.06180000005978], [-121.78594000017817, 37.061930000133906], [-121.78603999973728, 37.061989999762126], [-121.78616000028619, 37.062040000132924], [-121.78629199963235, 37.0620869997776], [-121.78646999990758, 37.06214999997244], [-121.78656000031927, 37.0621599998848], [-121.78674000024431, 37.0621599998848], [-121.78706999995723, 37.06208999975392], [-121.78726999997374, 37.06206999990949], [-121.78740999971583, 37.062059999985266], [-121.78755000035623, 37.06206999990949], [-121.78772000023554, 37.06209999967414], [-121.7878800000691, 37.06214999997244], [-121.78800999976545, 37.06221000014351], [-121.78812000026862, 37.06227000026711], [-121.78817999964475, 37.06231999973652], [-121.78821999982773, 37.062389999655174], [-121.78821999982773, 37.062450000353266], [-121.78824999996498, 37.06266000027232], [-121.78828000010218, 37.06272999987724], [-121.78832000028518, 37.062769999929685], [-121.78844999998151, 37.06280999996105], [-121.78876999964864, 37.062840000149954], [-121.78882999992311, 37.06285999979139], [-121.7889000002433, 37.062889999960476], [-121.78897999971095, 37.062960000070014], [-121.78915999963598, 37.06319000028225], [-121.78922999995618, 37.0632600001149], [-121.78930000027638, 37.06329000012585], [-121.78935999965252, 37.06329999988788], [-121.78971000035521, 37.06330999964865], [-121.7897599996856, 37.06332999988302], [-121.78986000014304, 37.06340000030333], [-121.79004000006807, 37.06359000029937], [-121.79013999962721, 37.06362999989835], [-121.79019999990166, 37.06362999989835], [-121.79047000023841, 37.063600000021914], [-121.79061599982828, 37.06366500033661], [-121.79065000016347, 37.06367999990507], [-121.79071000043791, 37.06370000004184], [-121.7908300000885, 37.06370000004184], [-121.79098999992209, 37.063690000332535], [-121.7910400001508, 37.063690000332535], [-121.79108000033378, 37.063709999749875], [-121.7912300001216, 37.06382999972739], [-121.79131999963498, 37.0638600002297], [-121.79141000004665, 37.06388000031906], [-121.79211300002844, 37.06388000031906], [-121.79214999983836, 37.06388000031906], [-121.792244000448, 37.063895999813305], [-121.79232999976342, 37.063910000084775], [-121.79252999977996, 37.06395999990688], [-121.79262000019163, 37.06395999990688], [-121.79283000025393, 37.06397999996988], [-121.79287999958433, 37.06399000035784], [-121.792969999996, 37.06404000012723], [-121.79319000010403, 37.064189999954515], [-121.79338000007485, 37.064269999932236], [-121.79354999995415, 37.064309999889495], [-121.79368999969624, 37.064300000260594], [-121.79383000033664, 37.064269999932236], [-121.79394999998723, 37.06422999995395], [-121.79406999963784, 37.06414999993399], [-121.79413999995803, 37.064080000205756], [-121.79422000032399, 37.06397000029749], [-121.79426999965436, 37.063869999916605], [-121.79429999979159, 37.06382999972739], [-121.79437000011181, 37.063770000120776], [-121.79452999994537, 37.06375000000242], [-121.79466999968746, 37.06375000000242], [-121.79496000011567, 37.06377999981954], [-121.79502000039012, 37.06377999981954], [-121.79518000022371, 37.063709999749875], [-121.79519600011724, 37.06370599986684], [-121.79526999973709, 37.063690000332535], [-121.79544999966213, 37.06365999976298], [-121.79563999963293, 37.063609999743086], [-121.79573000004461, 37.06357999985874], [-121.79576000018186, 37.06357999985874], [-121.79581999955799, 37.06355999969028], [-121.79588999987818, 37.06355999969028], [-121.79595000015263, 37.06357000013355], [-121.79608999989472, 37.06362999989835], [-121.79637000027722, 37.063740000299646], [-121.7964899999278, 37.06375999970382], [-121.79667999989861, 37.06377999981954], [-121.79676000026457, 37.063799999929984], [-121.79694000018961, 37.06389000000332], [-121.79742999973605, 37.064180000309754], [-121.79749000001051, 37.06422999995395], [-121.797770000393, 37.06456000021959], [-121.79782999976914, 37.06460000002392], [-121.79814000028885, 37.0647599997471], [-121.79842999981877, 37.0649300001136], [-121.7986099997438, 37.06502000027985], [-121.79910000018857, 37.06522000002816], [-121.79941999985573, 37.06533999976739], [-121.79954999955206, 37.06537999987717], [-121.79969000019246, 37.0654000002826], [-121.7999599996309, 37.06540999976649], [-121.80017999973892, 37.065419999965926], [-121.80022999996763, 37.06543000016399], [-121.80031000033358, 37.06547000022639], [-121.80033000042506, 37.0655000000801], [-121.80047000016712, 37.065689999833886], [-121.80084000006299, 37.06603999971911], [-121.80086000015447, 37.06610999978905], [-121.80087000020023, 37.06622000017807], [-121.80090000033746, 37.06629000008195], [-121.80094999966785, 37.066380000068186], [-121.8011999999131, 37.06671000029878], [-121.8013699997924, 37.06688999988459], [-121.8013899998839, 37.06695999988694], [-121.80142000002111, 37.06711999964965], [-121.80145000015835, 37.06737000003682], [-121.80147000024985, 37.06741999972866], [-121.80151000043283, 37.06748999995864], [-121.80166600006845, 37.06762900030573], [-121.80170000040361, 37.06765999994101], [-121.80199999997929, 37.06786999977265], [-121.80212999967561, 37.06792999972016], [-121.80225000022452, 37.06796000003452], [-121.8023399997379, 37.06796999989772], [-121.8024800003783, 37.06796000003452], [-121.8028899995588, 37.067879999647765], [-121.80301199975754, 37.06787099968854], [-121.80302400035141, 37.06788100028026], [-121.80357099979929, 37.06835999998584], [-121.80396300033478, 37.06851799984772], [-121.8043669996675, 37.06857099993639], [-121.8052889999324, 37.068524999915645], [-121.80587800011136, 37.068305999839644], [-121.8059440002336, 37.068280999931474], [-121.80648999985654, 37.06857000002974], [-121.80672000001032, 37.068660000177715], [-121.80681000042198, 37.06869000020332], [-121.8069300000726, 37.06869000020332], [-121.80732000005995, 37.06867999971826], [-121.80743999971052, 37.06866999994862], [-121.80762399983354, 37.068657999649936], [-121.80765399997078, 37.06870500021166], [-121.80785499981222, 37.068855000132004], [-121.80801600036904, 37.06893700001083], [-121.80851000011344, 37.0691279996558], [-121.8087479997648, 37.06920599964645], [-121.80903700036812, 37.06928600006809], [-121.80907599982788, 37.06930099995859], [-121.80921499974505, 37.06922900017052], [-121.80927300036969, 37.069173000128856], [-121.8092120002703, 37.06907499995636], [-121.80919899985152, 37.06898299978164], [-121.80932100005028, 37.068900999952554], [-121.80944300024899, 37.06881700022803], [-121.80957499959516, 37.068734000314976], [-121.80969500014406, 37.06869200001346], [-121.80974799984752, 37.06867400028669], [-121.80993000032073, 37.06864699997181], [-121.81027099990426, 37.068564999779454], [-121.81057100037823, 37.06850899996425], [-121.8107510003033, 37.06843199988207], [-121.8108430003648, 37.06836700006834], [-121.81088199982455, 37.06829899975146], [-121.81088099999963, 37.06821699989966], [-121.81087599997673, 37.06813799969635], [-121.81084800038765, 37.06806399969438], [-121.81079300013609, 37.06799699973686], [-121.81073399968653, 37.06792400022931], [-121.81072000034114, 37.067895999731846], [-121.81072799983875, 37.06785299976697], [-121.810725000364, 37.06781999966069], [-121.81074899975513, 37.067754000121866], [-121.81075700015106, 37.06770900024043], [-121.81076600037187, 37.06768099966364], [-121.8107460002804, 37.06762499991254], [-121.8106979997015, 37.067544999889186], [-121.81061400003591, 37.06745100016612], [-121.81061400003591, 37.06740400026092], [-121.81063900015026, 37.06734399989731], [-121.81083400014396, 37.0672560001861], [-121.81097300006113, 37.067134000042884], [-121.81106599994756, 37.06711300016887], [-121.81118099957527, 37.06708699994127], [-121.81126500013917, 37.06707999974063], [-121.81136999972118, 37.06708699994127], [-121.81151600020932, 37.0671259999209], [-121.8116330003852, 37.06717900026547], [-121.81172200007366, 37.067191000081344], [-121.81185199977, 37.067146999791376], [-121.81189000030317, 37.06711500002059], [-121.81190799984651, 37.067074000182494], [-121.81191000039465, 37.06702799997069], [-121.8118939996028, 37.06695899995905], [-121.81186900038675, 37.066911999748925], [-121.81181999998294, 37.06687299965926], [-121.81177200030237, 37.06680300029341], [-121.81170700000504, 37.066752000264266], [-121.81162499998928, 37.066639000133634], [-121.81155899986703, 37.06655799985395], [-121.8115770003087, 37.06651200004596], [-121.81159499985206, 37.06641899969453], [-121.81168100006579, 37.0663729998023], [-121.81174399981496, 37.066352999653425], [-121.81183300040175, 37.06633699996061], [-121.81192200009019, 37.06631699980231], [-121.8119780001667, 37.06629700035548], [-121.81207100005312, 37.06624500004875], [-121.81214600039621, 37.066165999941866], [-121.81221199962012, 37.06609300010567], [-121.81226299967372, 37.06604700001573], [-121.81240199959092, 37.06590499981131], [-121.81245500019268, 37.06577899987183], [-121.81255899994977, 37.06564700005203], [-121.81261199965321, 37.06553800021228], [-121.81266199988194, 37.06540799986981], [-121.81272600035433, 37.06525499973275], [-121.81277200038507, 37.0651420002392], [-121.81282000006566, 37.06505000031159], [-121.81287699996707, 37.06500400030592], [-121.81296900002856, 37.06497700011819], [-121.8130560000672, 37.06496699986034], [-121.81316599967208, 37.06494999992085], [-121.81326899960425, 37.064952999783955], [-121.81337800028248, 37.06496999972283], [-121.81352600042047, 37.06504499982926], [-121.81368700007899, 37.06514100028734], [-121.81378900018623, 37.06517200022269], [-121.81388000042281, 37.065168999651426], [-121.8139509996696, 37.06510499986099], [-121.81398500000482, 37.06504100001656], [-121.81400900029426, 37.06500099972801], [-121.81402199981471, 37.064954999692624], [-121.81403699988336, 37.06487599967585], [-121.81406500037075, 37.064851000070746], [-121.81410800002845, 37.064840999796345], [-121.81415499988412, 37.06484700024787], [-121.81419400024218, 37.064864000210505], [-121.81427299988489, 37.0649300001136], [-121.8144429997642, 37.06508300018937], [-121.81458500005444, 37.065176999979826], [-121.81464299978073, 37.06520699994942], [-121.81471599957567, 37.06523400005528], [-121.81477699967503, 37.065238999808386], [-121.8148510001932, 37.06526000020124], [-121.81491800014037, 37.06524600017893], [-121.81497900023973, 37.0652559996831], [-121.81509600041558, 37.065296999787066], [-121.81515499996682, 37.06534900002688], [-121.81521699989109, 37.06538900013192], [-121.81532700039426, 37.065461999928836], [-121.81542399958035, 37.0655000000801], [-121.8155740002665, 37.065554000073625], [-121.81563600019075, 37.06554499983845], [-121.81567999967339, 37.06551899979018], [-121.81571099963553, 37.06547300006892], [-121.8157159996584, 37.0653870002347], [-121.81569899993994, 37.06530100030304], [-121.81569499974199, 37.06527700007131], [-121.8156939999171, 37.06523699990715], [-121.8156529999092, 37.065131000051174], [-121.81562399959687, 37.065069000134386], [-121.81562399959687, 37.065015999749065], [-121.81562699996994, 37.064988000328555], [-121.81564200003855, 37.06495599964693], [-121.81568399987134, 37.0649300001136], [-121.81596300042891, 37.06491200021088], [-121.81610399999589, 37.06490499980952], [-121.81632099973089, 37.06488200012461], [-121.81652300029559, 37.06485699980472], [-121.8167729996425, 37.06476500024822], [-121.8169130002829, 37.06475699987636], [-121.81700799981914, 37.06476199966085], [-121.81709400003287, 37.0648010001191], [-121.81733300040746, 37.065072999945556], [-121.81738799976075, 37.065131000051174], [-121.81749400006595, 37.06523000025261], [-121.81759299980014, 37.065296999787066], [-121.8176589999224, 37.06533899981813], [-121.81773500009038, 37.06536300003019], [-121.81779100016686, 37.06535900023432], [-121.81784800006825, 37.06534400028109], [-121.81803499966601, 37.06529499988742], [-121.81818799982689, 37.06525399978238], [-121.81831599987342, 37.065266999853065], [-121.81837500032299, 37.065290000138006], [-121.81844499974486, 37.065330000274216], [-121.81849800034662, 37.06538199977459], [-121.81855000022516, 37.06543899969605], [-121.81860700012655, 37.06552099968393], [-121.81865900000508, 37.06563000026488], [-121.8187159999065, 37.065746000296784], [-121.81879500044754, 37.06589800021841], [-121.81886400004448, 37.06610899984994], [-121.81892000012103, 37.06621100002192], [-121.81895299973297, 37.06625799994954], [-121.81898700006816, 37.06627900006034], [-121.81903899994668, 37.06628700027166], [-121.81908499997745, 37.06628399974451], [-121.81912799963517, 37.066273999659025], [-121.81918899973454, 37.066241000299385], [-121.81926699955234, 37.06620499967829], [-121.81935600013911, 37.06618500020194], [-121.81941200021558, 37.06618500020194], [-121.81946499991903, 37.06620600033288], [-121.81952500019351, 37.06623599989557], [-121.81957399969899, 37.06627099984817], [-121.81963399997345, 37.066326999882115], [-121.81968699967689, 37.06636299972849], [-121.81976299984487, 37.066400000209875], [-121.81985499990638, 37.06643300021721], [-121.81991000015796, 37.06644099969548], [-121.82003700037957, 37.06645899995218], [-121.82012299969497, 37.06645199969354], [-121.82019200019027, 37.06644600008578], [-121.8202549999395, 37.06643600002166], [-121.82030400034326, 37.06641899969453], [-121.82036399971942, 37.066395999751876], [-121.82041999979592, 37.06636700018824], [-121.82046900019971, 37.066329999690765], [-121.82052799975095, 37.066269999911185], [-121.82059800007114, 37.06617799991806], [-121.82068400028486, 37.066066000305554], [-121.82075999955453, 37.06600299977888], [-121.8208120003314, 37.06598700001224], [-121.82085900018706, 37.06598300024927], [-121.82089500017206, 37.06600299977888], [-121.82092199993622, 37.0660460000758], [-121.82093199998198, 37.06608900034828], [-121.82093500035504, 37.06613900016775], [-121.8209689997919, 37.06619700017508], [-121.8210180001957, 37.066244000111425], [-121.82109000016574, 37.06629100001866], [-121.82119499974772, 37.066331000343766], [-121.82140700035815, 37.06643600002166], [-121.82153399968142, 37.0665389996873], [-121.82158300008524, 37.06659099979248], [-121.82163699961359, 37.06664499972612], [-121.82174299991881, 37.06671300009227], [-121.82183099978236, 37.066716999816805], [-121.82191799982098, 37.066693000033105], [-121.82209400044638, 37.066649000171], [-121.82217599956384, 37.066640000065746], [-121.8222709999984, 37.06666100007079], [-121.82243099983197, 37.06669699975864], [-121.82262599982563, 37.06670799971957], [-121.82276899994078, 37.06667900027522], [-121.82293200014739, 37.066612999743555], [-121.82321800037765, 37.066480000007274], [-121.82337700038632, 37.066394999816545], [-121.82353600039497, 37.06634099970492], [-121.82358400007554, 37.06635400030613], [-121.8236230004336, 37.06639299994584], [-121.82362699973326, 37.066438999826], [-121.82365600004557, 37.066567999901984], [-121.82366299971827, 37.066630999959436], [-121.82372999966543, 37.066737999800466], [-121.82378200044226, 37.06681600009863], [-121.82380400018359, 37.06687600016311], [-121.82380099981053, 37.066902999674895], [-121.82379499996274, 37.06694999989053], [-121.8237770004194, 37.067001999713945], [-121.82377900006922, 37.067051999648385], [-121.82378200044226, 37.06710100034059], [-121.82379999998561, 37.06718100011544], [-121.82382500009999, 37.0672390000428], [-121.8238479996662, 37.06729600000236], [-121.8238839996512, 37.067386000228474], [-121.82391700016149, 37.067442000156035], [-121.82395999981918, 37.0674829997952], [-121.82400699967484, 37.067506000125], [-121.82406899959913, 37.06752799981067], [-121.82415499981285, 37.06754100020838], [-121.82420800041464, 37.0675690001201], [-121.82424799969928, 37.067598999860444], [-121.82426399959277, 37.06763800029362], [-121.8242999995778, 37.067711999994415], [-121.82433700028605, 37.06774699998274], [-121.82437800029395, 37.06776699976404], [-121.82442099995163, 37.06777399990127], [-121.82447899967795, 37.06777399990127], [-121.82453300010461, 37.06777399990127], [-121.82458800035623, 37.06776499992951], [-121.82463199983886, 37.067752000286994], [-121.82471700022765, 37.067719000136776], [-121.82479300039563, 37.06769900034282], [-121.82485199994687, 37.06769100028042], [-121.82489700015269, 37.06769100028042], [-121.82494099963533, 37.06769799970787], [-121.82500099990978, 37.06771700030093], [-121.82509600034435, 37.06776499992951], [-121.82521000014717, 37.067805000194085], [-121.8252849995919, 37.06783000025914], [-121.82535099971415, 37.067835999757435], [-121.82539699974488, 37.067835999757435], [-121.82544500032378, 37.067831000175566], [-121.82548100030881, 37.067817999827554], [-121.82554900008084, 37.06778000012078], [-121.82566100023385, 37.06771700030093], [-121.82574999992231, 37.06765800010366], [-121.82582000024253, 37.067607999851894], [-121.82586600027327, 37.067559000204035], [-121.8259039999081, 37.06750099980457], [-121.82594699956583, 37.06742999966306], [-121.82600099999249, 37.06735900017189], [-121.82606399974168, 37.067311000286374], [-121.82611200032058, 37.067285000126645], [-121.82616599984893, 37.06727799994428], [-121.82622299975034, 37.06727999979165], [-121.82625899973534, 37.067289999744496], [-121.82630499976608, 37.06732799969678], [-121.82636500004054, 37.067370999959294], [-121.82645999957681, 37.06741999972866], [-121.82660199986701, 37.067486000274876], [-121.82677900031733, 37.06760200033558], [-121.82683000037095, 37.06760999969057], [-121.82687200020376, 37.06760999969057], [-121.82691599968636, 37.06760699993254], [-121.82695599986934, 37.06759199970707], [-121.82702199999159, 37.06756199996395], [-121.82708499974078, 37.06752799981067], [-121.82714099981727, 37.06748999995864], [-121.82718699984802, 37.06744699976355], [-121.82722200000812, 37.06741200035359], [-121.82729399997815, 37.06731300013287], [-121.82735900027548, 37.067251999773234], [-121.82739299971234, 37.0672319998562], [-121.82743799991819, 37.06722700023446], [-121.82751699956091, 37.06723000000751], [-121.82758000020841, 37.06722199989565], [-121.82762600023916, 37.06720100004599], [-121.8276920003614, 37.067124999995194], [-121.82780600016422, 37.067007000067264], [-121.82786499971546, 37.066779999750445], [-121.82803499959479, 37.066739999662076], [-121.82820500037238, 37.06675999970889], [-121.82836199983292, 37.066818999887936], [-121.82855400035186, 37.067001999713945], [-121.82874900034552, 37.06699999985925], [-121.82898699999691, 37.06702500018965], [-121.82911900024138, 37.067015000201806], [-121.82928200044799, 37.066971999737476], [-121.82945300015221, 37.066960999814825], [-121.82975600010091, 37.06708200031002], [-121.82989400019319, 37.067058999851604], [-121.83004800017896, 37.06697600016509], [-121.8301910002941, 37.066881999736864], [-121.83022399990605, 37.066775000098914], [-121.83017299985245, 37.06664399979408], [-121.8299920001025, 37.06653699982041], [-121.82991500010958, 37.066447999955095], [-121.8298530001853, 37.06619500029915], [-121.82973799965926, 37.06614199998383], [-121.82969300035172, 37.06605700013114], [-121.8297829998651, 37.06584299981035], [-121.82976399959853, 37.06573199964735], [-121.8296270002295, 37.06546699966691], [-121.82962800005441, 37.06528099987151], [-121.8296849999558, 37.06521099975331], [-121.8297829998651, 37.06517300017414], [-121.82989099982011, 37.06515500032909], [-121.83005999987455, 37.06514899990192], [-121.83023300012687, 37.06523699990715], [-121.83039399978539, 37.06537300023583], [-121.83080100038947, 37.06561299975711], [-121.83093500028377, 37.06567499994612], [-121.83124999992802, 37.065711000101935], [-121.83138899984519, 37.065743999692145], [-121.83153299978525, 37.065826000067126], [-121.83178300003051, 37.06599299965636], [-121.83208599997921, 37.06615499990233], [-121.83242800028599, 37.06626600016314], [-121.83279599963369, 37.06629000008195], [-121.83338300016284, 37.06628900014516], [-121.83410100021324, 37.06671400002342], [-121.83423699975735, 37.066888000026935], [-121.83444199979678, 37.067038999883614], [-121.8347749998827, 37.06706799990713], [-121.83497499989925, 37.0669729996652], [-121.8355430001618, 37.06722499966889], [-121.83591899990545, 37.06744699976355], [-121.83623299972481, 37.067735000254814], [-121.83658199970425, 37.0681160001876], [-121.83767800004644, 37.06909600000401], [-121.83855599993042, 37.0692640001756], [-121.8398919995738, 37.0695339999789], [-121.8404830003009, 37.06985000021632], [-121.84160800005706, 37.070745000230374], [-121.84177000043877, 37.070715000300915], [-121.84179499965482, 37.07059000034745], [-121.84161700027789, 37.07031300010071], [-121.84153799973686, 37.07002900034735], [-121.84152100001843, 37.0695889998608], [-121.84132600002476, 37.06891099969174], [-121.84130500010836, 37.06836299971408], [-121.84130199973531, 37.0682930002898], [-121.84122899994036, 37.06785299976697], [-121.84140700021561, 37.06768899972709], [-121.84157200007206, 37.067650999955724], [-121.84209000010593, 37.06753499996996], [-121.84202499980857, 37.06728200035576], [-121.84171400036229, 37.06705699999841], [-121.84144200037572, 37.06668300000149], [-121.840991000289, 37.06655799985395], [-121.84084399997592, 37.066329999690765], [-121.8407369998458, 37.06605299965504], [-121.84075000026459, 37.06594399968194], [-121.84078000040182, 37.06569700016281], [-121.84100200015966, 37.0651120002439], [-121.84101999970301, 37.065062999700366], [-121.84115899962016, 37.06456000021959], [-121.84109099984813, 37.064151999863824], [-121.84083899995304, 37.06379400011247], [-121.84038600021651, 37.06357100010613], [-121.84015500023783, 37.06323000009213], [-121.84035500025438, 37.06294900028235], [-121.84053099998147, 37.06252200012472], [-121.8405050000422, 37.06222799997052], [-121.84035400042946, 37.06185599981023], [-121.84012099990265, 37.061282999694356], [-121.83998799983324, 37.060712000289186], [-121.83979500038772, 37.060191000326434], [-121.84027300023861, 37.059547000187244], [-121.84030599985059, 37.05908899997904], [-121.84011599987977, 37.058715000125005], [-121.83974500015901, 37.05855499983912], [-121.83931599981359, 37.05852700018452], [-121.83884800000845, 37.0585980000566], [-121.8386120000069, 37.05831600025314], [-121.83819699990522, 37.05760800030679], [-121.83809399997305, 37.05641400007354], [-121.83766200015292, 37.05618999981116], [-121.83716900023343, 37.05601599964395], [-121.83693800025473, 37.05569099987388], [-121.83694800030047, 37.05511899988002], [-121.83663500030605, 37.054712999829896], [-121.83644399961202, 37.054322999837424], [-121.8363800000379, 37.054160000037115], [-121.83637699966488, 37.05398000035661], [-121.83653400002368, 37.05365100005633], [-121.83700400037698, 37.053457999944115], [-121.83705700008042, 37.053387999670704], [-121.83733999993765, 37.053020000346265], [-121.837293000082, 37.05269299970047], [-121.83732800024208, 37.05233300012248], [-121.8378300003824, 37.05188499993557], [-121.83790400000225, 37.05149200006973], [-121.83842399968594, 37.050864000034906], [-121.83884800000845, 37.050623999740544], [-121.8391030002766, 37.0505649998716], [-121.83921399970635, 37.050423000084024], [-121.83954900034043, 37.049997999995725], [-121.83966099959511, 37.049857000017575], [-121.8399689995667, 37.04980399975972], [-121.84034699985845, 37.04973999991314], [-121.84090000005239, 37.049669999795015], [-121.84092199979371, 37.049668000200406], [-121.84120899984889, 37.049617000123604], [-121.84123599961309, 37.04932300015121], [-121.84122399991752, 37.048770999965306], [-121.8413510001391, 37.04836099967593], [-121.84139799999477, 37.04821200027588], [-121.84165099971479, 37.04752199971228], [-121.84157999956965, 37.0470000000499], [-121.84169500009571, 37.04658900003549], [-121.84201599958776, 37.046275000100145], [-121.84241499979592, 37.04577900011795], [-121.84255000041345, 37.045302999729834], [-121.84276299995047, 37.04496300028835], [-121.84289000017209, 37.04476199998029], [-121.84288400032429, 37.044738999925364], [-121.84294399970044, 37.044530000104515], [-121.84345699971142, 37.04467099994045], [-121.84372200002531, 37.04466799999244], [-121.8438619997674, 37.04450299980096], [-121.84402199960093, 37.04428800012146], [-121.84416399989118, 37.04428699989476], [-121.84426400034857, 37.044154999968164], [-121.84426000015063, 37.043941999765536], [-121.84405099991328, 37.04364999979235], [-121.8441089996396, 37.04346900004319], [-121.84418499980758, 37.04326800008136], [-121.84410199996688, 37.043060000038565], [-121.84389600010256, 37.04294800000016], [-121.84346199973429, 37.04279599999093], [-121.84344800038892, 37.04248699995864], [-121.84335499960417, 37.04238200012078], [-121.84336999967277, 37.042103000337775], [-121.84347299960494, 37.041996000172134], [-121.84365500007814, 37.04187999968143], [-121.84395100035414, 37.041654999998364], [-121.84410000031707, 37.04150800015119], [-121.84413200010412, 37.041326000048535], [-121.84383900020116, 37.04105000006103], [-121.84373600026899, 37.04073999981913], [-121.84354600029822, 37.040546999859565], [-121.84282499987474, 37.04014599998736], [-121.84237899981089, 37.03982599965356], [-121.84229799962007, 37.039692000000464], [-121.84799099996964, 37.0356980003499], [-121.8517059998951, 37.03309100033591], [-121.8497209997983, 37.02826300004512], [-121.84364400020748, 37.0134799999622], [-121.83352299990493, 37.00787099972095], [-121.83147500005893, 37.00673600016618], [-121.8240240002916, 37.00739999986452], [-121.8229620002846, 37.00749500006445], [-121.82006199959561, 37.00514200017183], [-121.82331799993679, 36.99742599987127], [-121.82474099961878, 36.99378600016298], [-121.82389200004712, 36.990834000327645], [-121.8236490003729, 36.990900000011344], [-121.82339999995253, 36.99098500006322], [-121.82322099985238, 36.99106199977495], [-121.82305500017104, 36.990955999676345], [-121.82283099986508, 36.990813999651174], [-121.82273499960559, 36.99060300026613], [-121.82218599960957, 36.99051000020168], [-121.82015799985508, 36.9888579999276], [-121.82094399967754, 36.985872000286214], [-121.82154600027532, 36.98433099995944], [-121.8239520003216, 36.98370600021892], [-121.8229909996986, 36.98312299995192], [-121.82239099964902, 36.982743999663], [-121.82201400008046, 36.98264500026489], [-121.82180700039123, 36.98258999982601], [-121.82136499962702, 36.98247300015619], [-121.82103800028717, 36.982334000339115], [-121.82055100021546, 36.98203100033789], [-121.82031100001596, 36.9818370001653], [-121.81905099964224, 36.980839999808744], [-121.81884499977794, 36.980700000250046], [-121.81829900015501, 36.98032700004534], [-121.81958600029289, 36.9800370002561], [-121.82266299963555, 36.97934400007187], [-121.82419599982074, 36.97899800030896], [-121.82412700022377, 36.97828199990974], [-121.82391700016149, 36.977715999801546], [-121.82381599987914, 36.97773900005408], [-121.8234040001505, 36.97652999975992], [-121.82328399960157, 36.97617799983804], [-121.82351100028062, 36.97612299974801], [-121.82482500018268, 36.97580699981754], [-121.8250949996211, 36.97616199980288], [-121.82515099969761, 36.97622899970332], [-121.82520699977408, 36.97629499985818], [-121.82598599992387, 36.97610899979702], [-121.82594900011395, 36.976062000045324], [-121.82594099971803, 36.97603400011834], [-121.82591499977877, 36.976006999871444], [-121.82585600022753, 36.97584800013697], [-121.82584700000669, 36.97580699981754], [-121.82582100006745, 36.9757830000054], [-121.82581299967153, 36.97575900018569], [-121.8257909999302, 36.97573100014722], [-121.82546200004224, 36.975407000285806], [-121.8253690001558, 36.97529000033571], [-121.82531700027728, 36.97524899971572], [-121.82529999966052, 36.97520700009035], [-121.82527500044448, 36.97518000026771], [-121.82523199988846, 36.975103999971225], [-121.825171999614, 36.97504199974869], [-121.82506100018423, 36.97486999967723], [-121.82503500024497, 36.97481500007723], [-121.8250100001306, 36.97474600023573], [-121.82494999985614, 36.97467700033168], [-121.82445000026395, 36.97426300031139], [-121.82438599979153, 36.974229000005046], [-121.82434300013384, 36.97419399996943], [-121.82425799974502, 36.974179999663576], [-121.82414700031526, 36.97411800012364], [-121.82408700004079, 36.974103999803816], [-121.82406100010152, 36.9740909999146], [-121.82393300005502, 36.97400100034486], [-121.82390700011575, 36.97400100034486], [-121.82384699984131, 36.97396999979067], [-121.82371899979476, 36.97389099984906], [-121.82310000037688, 36.97348400007703], [-121.8230099999652, 36.973434999973534], [-121.82288600011665, 36.97333899984042], [-121.82282199964423, 36.973304000113146], [-121.82271899971207, 36.973222000299465], [-121.82259900006147, 36.973138999951736], [-121.82250100015217, 36.973062999770114], [-121.82230000031072, 36.9729249997185], [-121.82223199964034, 36.97288399997735], [-121.82197100042275, 36.97271100031883], [-121.82186500011753, 36.97264900029988], [-121.82168799966719, 36.97255400034645], [-121.82163400013886, 36.97252500011042], [-121.82136299997723, 36.972334000036845], [-121.82132600016728, 36.97230799965159], [-121.8212490001744, 36.97221500018829], [-121.8211939999228, 36.972162000304465], [-121.82111199990705, 36.97206300005687], [-121.8210530003558, 36.97201500021675], [-121.82102700041652, 36.97195999998887], [-121.82098399986052, 36.97191899972793], [-121.82098399986052, 36.97189800007585], [-121.82089000014919, 36.971738999651244], [-121.82072799976747, 36.97154000033104], [-121.82066800039134, 36.97144999989774], [-121.8206509997746, 36.97141700023849], [-121.82064300027696, 36.97140199967098], [-121.82061700033772, 36.97137400018263], [-121.82058300000251, 36.97131199979223], [-121.82052299972808, 36.97125000006901], [-121.82048000007038, 36.97114700033622], [-121.82044300026045, 36.971090999726194], [-121.82064199955376, 36.97101300014072], [-121.82077600034637, 36.97096099989417], [-121.82125099982419, 36.97080499965918], [-121.82136299997723, 36.970768999725145], [-121.82145800041175, 36.970752000228885], [-121.82161400004738, 36.970780999705035], [-121.82176300001028, 36.97082100010287], [-121.82185699972163, 36.970857999770296], [-121.82195999965377, 36.97090700009746], [-121.8220950002713, 36.970972000087315], [-121.82224300040932, 36.97102700031144], [-121.82245099992346, 36.971090999726194], [-121.82262800037377, 36.97113399994194], [-121.82285500015452, 36.97117799988721], [-121.82297800017815, 36.97118800029536], [-121.82304199975225, 36.97118800029536], [-121.82325500018757, 36.97116800019551], [-121.82339499992966, 36.971136999922734], [-121.82349200001404, 36.97110700010976], [-121.82379999998561, 36.971013999896655], [-121.82396800021513, 36.97098100004842], [-121.8240040002001, 36.970975999830934], [-121.82430100030105, 36.970936000232264], [-121.82469200011329, 36.97084299981027], [-121.82485199994687, 36.97081800010962], [-121.8251430002, 36.9707869996943], [-121.82521199979698, 36.97077600019213], [-121.82533700036875, 36.97073400025146], [-121.82555199955561, 36.970666999819656], [-121.82571499976223, 36.970618000055644], [-121.82586299990024, 36.97056199977413], [-121.82594200044124, 36.97052799996757], [-121.8261080001226, 36.97044300002591], [-121.82618000009263, 36.97041099969402], [-121.82620900040492, 36.97039000034354], [-121.82623699999402, 36.97035199996629], [-121.82625000041281, 36.970312999804904], [-121.82626899978108, 36.97020400020478], [-121.82629600044359, 36.97014000004421], [-121.8263390001013, 36.970081000106426], [-121.82641400044436, 36.97001300004847], [-121.82654699961542, 36.96993899987409], [-121.82662100013358, 36.969904000018744], [-121.82669099955548, 36.969863999856784], [-121.82678000014225, 36.96983299977059], [-121.82686499963276, 36.969815000293565], [-121.82694400017377, 36.9698079997382], [-121.82702500036464, 36.96981099977121], [-121.82710200035754, 36.96982200013056], [-121.82715199968791, 36.96983599980262], [-121.82720199991665, 36.969863999856784], [-121.82733499998604, 36.96997200017414], [-121.82738299966661, 36.969994999896294], [-121.82742600022262, 36.97000199971673], [-121.82748999979673, 36.969990000331755], [-121.82758799970603, 36.969959000296875], [-121.82764499960741, 36.969951999754755], [-121.82766800007195, 36.96995499978209], [-121.82771300027783, 36.96997399971338], [-121.82779100009559, 36.970013999817546], [-121.82787200028646, 36.97002899994093], [-121.82797000019576, 36.97002699968541], [-121.82803399976987, 36.970010000023365], [-121.82806999975485, 36.969991000101125], [-121.82815799961843, 36.96993500007603], [-121.82820899967204, 36.96991300010614], [-121.82827099959633, 36.96989899973052], [-121.8284170000845, 36.96987800023884], [-121.82850099975009, 36.96985199973228], [-121.82860399968226, 36.9697819999255], [-121.82864399986524, 36.96976500020875], [-121.82870800033766, 36.96975600010387], [-121.82886599962306, 36.96975600010387], [-121.82898399962383, 36.96973600034546], [-121.82912500008916, 36.96969500032191], [-121.82947300024371, 36.9695660000338], [-121.82958700004652, 36.96953400005088], [-121.82978600023816, 36.96949099964892], [-121.82991500010958, 36.969463999951614], [-121.83010400025547, 36.96943700024473], [-121.83019600031697, 36.96943100014905], [-121.83035899962528, 36.96943100014905], [-121.83040600037928, 36.96943800002141], [-121.83046300028066, 36.969457999858065], [-121.83062300011424, 36.96954199968898], [-121.83070299958187, 36.9695660000338], [-121.83081700028299, 36.96958599983687], [-121.83092900043597, 36.969594000187236], [-121.83103999986575, 36.969591999920276], [-121.83115299984365, 36.969578999978175], [-121.83127000001953, 36.969556999905386], [-121.83133000029397, 36.96954099991372], [-121.83139100039335, 36.969538999645366], [-121.83157399979315, 36.969533000275455], [-121.83163599971742, 36.96953199978235], [-121.83181800019062, 36.9695660000338], [-121.83183900010701, 36.96957399966853], [-121.83191600009991, 36.96965800008916], [-121.83200800016142, 36.96975699987636], [-121.83203400010066, 36.96979700009456], [-121.83207299956042, 36.96987200017792], [-121.83209699984988, 36.96995000021492], [-121.83210699989561, 36.970043000292634], [-121.8321060000707, 36.97056900026014], [-121.8321060000707, 36.97069399980796], [-121.83211000026867, 36.97072000002686], [-121.8321849997134, 36.97087400020283], [-121.83227199975205, 36.97105199994345], [-121.8322829996227, 36.97107500005698], [-121.83248900038535, 36.97142600014698], [-121.83259200031752, 36.97155299993821], [-121.83270500029539, 36.97169200007151], [-121.83272200001385, 36.97170199969437], [-121.8329439997717, 36.97183199969615], [-121.8331339997425, 36.97194399978462], [-121.83317999977325, 36.97207199988896], [-121.83325199974328, 36.97231100030381], [-121.8332390002228, 36.97247699984396], [-121.83322099978112, 36.97273399993102], [-121.83321599975828, 36.972910999896904], [-121.83321400010843, 36.97303899981032], [-121.83328199988048, 36.97343599969764], [-121.83331299984262, 36.97361100002261], [-121.83336800009421, 36.973928000177146], [-121.83337999978978, 36.97402500000135], [-121.83349299976769, 36.974873000228406], [-121.85101299995904, 36.979232000109256], [-121.85173000018455, 36.97853200001681], [-121.85359800010548, 36.9786679999196], [-121.85562400021014, 36.977752999705196], [-121.86086899994774, 36.97563599973496], [-121.86310199974166, 36.97495999965462], [-121.86388699973922, 36.974934999870946], [-121.86419899990874, 36.97515400013705], [-121.86484199961608, 36.97449800002893], [-121.86609500031709, 36.97453700019891], [-121.86621900016566, 36.97451299998625], [-121.86611200003551, 36.97430999973877], [-121.86676200031386, 36.97414500032305], [-121.86683299956064, 36.973974000094366], [-121.86707399958506, 36.97338899973047], [-121.8671599997988, 36.97331499996767], [-121.86782500014574, 36.972726999644145], [-121.8680889997364, 36.972430999739586], [-121.86768799987841, 36.97225799976908], [-121.86774499977979, 36.97200299971371], [-121.86780599987917, 36.971720999907284], [-121.86868600031129, 36.97194800019486], [-121.86954999995156, 36.97120000020919], [-121.86943500032383, 36.970942999966226], [-121.86964100018814, 36.97090199987511], [-121.86773200025934, 36.968496999826975], [-121.86781599992493, 36.968441999927926], [-121.86790200013864, 36.96835900010941], [-121.86798800035238, 36.968212999646944], [-121.8680119997435, 36.96809699991559], [-121.86800900026878, 36.96800400033126], [-121.86799099982713, 36.9678129996787], [-121.86803000018519, 36.96766500000461], [-121.86816300025455, 36.96747799986437], [-121.86830499964647, 36.96733400019171], [-121.86879599991616, 36.96683500004107], [-121.86955999999729, 36.967559000323114], [-121.8697709998845, 36.96776199991565], [-121.87115799958148, 36.969091999717996], [-121.8720170000972, 36.96979400006099], [-121.8729889996925, 36.97045500005724], [-121.87305499981473, 36.97041200017558], [-121.87313099998273, 36.970364000011934]], [[-121.79928799961125, 36.9263190001236], [-121.79931299972559, 36.92633200026905], [-121.79921599964122, 36.92636700004199], [-121.79905099978478, 36.92642600009472], [-121.7985379997738, 36.926911999972816], [-121.79848599989526, 36.92696200018642], [-121.79802499976282, 36.92806600002248], [-121.79793900044739, 36.9282870000016], [-121.7978559997084, 36.928486000328164], [-121.79781999972337, 36.92857200001988], [-121.79788400019581, 36.928591000222546], [-121.79719399973452, 36.92958799975518], [-121.79695299971007, 36.929974999908225], [-121.79698100019748, 36.93000300025682], [-121.79698799987018, 36.93019299994016], [-121.79697799982445, 36.93037799985709], [-121.79777299986775, 36.930367999834246], [-121.79776100017216, 36.930381000007266], [-121.79773699988272, 36.930409999777744], [-121.7977290003851, 36.930424999803265], [-121.7977219998141, 36.930441999684966], [-121.7977140003165, 36.93045900028098], [-121.79767499995842, 36.93094200017089], [-121.79766499991271, 36.93107000026206], [-121.79758100024712, 36.931588000118936], [-121.79741700021559, 36.93208000028597], [-121.79731299956018, 36.932293000157], [-121.79727499992536, 36.93234500024078], [-121.79724899998607, 36.93237200017361], [-121.79716699997033, 36.932459000051665], [-121.79699100024324, 36.93259499967867], [-121.79693699981655, 36.93266399966063], [-121.79693199979369, 36.93269999965762], [-121.79693699981655, 36.932736999896136], [-121.79690000000663, 36.93276699974643], [-121.79683700025744, 36.932833999776335], [-121.79678799985365, 36.93290800010526], [-121.7967700003103, 36.93295799997636], [-121.79676100008946, 36.93303399997609], [-121.79676799976214, 36.93313600002668], [-121.79679399970144, 36.93323499990304], [-121.79680700012022, 36.933262999772175], [-121.79683800008236, 36.9333300000841], [-121.79689900018172, 36.93342399989735], [-121.7969200000981, 36.93347599992757], [-121.79692400029607, 36.93352900017041], [-121.79690000000663, 36.933620999962486], [-121.79683200023457, 36.93377700026153], [-121.79680999959494, 36.93381399997716], [-121.79679899972427, 36.933833999835414], [-121.79674699984575, 36.93389700010854], [-121.79667999989861, 36.93395199982573], [-121.7966020000808, 36.933995000190556], [-121.79658899966199, 36.93410899968775], [-121.79663300004292, 36.93436300003282], [-121.79671300040887, 36.93490100006604], [-121.79673199977714, 36.93503699964389], [-121.79668800029454, 36.935223000236434], [-121.79663899989072, 36.93532800018517], [-121.7962799998655, 36.935674999745885], [-121.79624300005561, 36.935749000188615], [-121.79619299982689, 36.936133000012475], [-121.79610699961317, 36.936573000244294], [-121.79600700005403, 36.93699399983235], [-121.79598899961238, 36.93727800012545], [-121.79597000024411, 36.9373459999779], [-121.7959269996881, 36.937470000017235], [-121.79590800031984, 36.937649999970105], [-121.79591699964237, 36.93846699972904], [-121.79588499985532, 36.93909199971544], [-121.79584300002253, 36.93991799985311], [-121.79574400028831, 36.939858000026454], [-121.79560700002098, 36.93979300004125], [-121.79538799973786, 36.93973000033411], [-121.79521399966056, 36.93969800001843], [-121.79500399959831, 36.939677000095635], [-121.79484399976471, 36.939661999736984], [-121.79452300027266, 36.9396449997577], [-121.79394599978927, 36.93962899994269], [-121.79355599980194, 36.93962499998843], [-121.79316099979172, 36.9396239998203], [-121.79254700039671, 36.939622999652215], [-121.7925189999093, 36.9399869996671], [-121.7924340004188, 36.94108199977787], [-121.7924069997563, 36.941447000147264], [-121.79309800004253, 36.94144200014417], [-121.79303600011824, 36.94169800002396], [-121.79299099991239, 36.94188400015439], [-121.79287299991165, 36.94236999983432], [-121.79265500035176, 36.94227500015242], [-121.7922670000142, 36.94210500027495], [-121.79226799983913, 36.94234299985364], [-121.79226799983913, 36.942455000242816], [-121.7917869996152, 36.942346999665226], [-121.7906889996232, 36.94186199997736], [-121.79064099994262, 36.94180499994601], [-121.79047100006332, 36.942041000189036], [-121.79036999978099, 36.94218099976874], [-121.79033200014612, 36.94221700029599], [-121.7901539998709, 36.94238800005544], [-121.79034700021478, 36.94251899998099], [-121.79033899981883, 36.9425609996902], [-121.79039099969737, 36.942595999908896], [-121.79046000019265, 36.94264200008974], [-121.7904629996674, 36.94266500016978], [-121.79037200032913, 36.942750999658244], [-121.7906119996303, 36.94291299996718], [-121.79017200031258, 36.94333300030747], [-121.7906379995696, 36.94364699982543], [-121.7897310002716, 36.94451199988063], [-121.78962499996639, 36.94461300026106], [-121.78901599969592, 36.94420400026808], [-121.78851199990578, 36.944695000016516], [-121.78837800001148, 36.94460799974776], [-121.78829199979776, 36.94455199972033], [-121.7879419999934, 36.944889000084615], [-121.78787800041928, 36.94495700032464], [-121.78770599999186, 36.944786999969764], [-121.78728699969218, 36.944432000138285], [-121.78727199962358, 36.944420000313244], [-121.78679799997066, 36.94408400013787], [-121.7867040002593, 36.94402500011226], [-121.78593099995733, 36.94350100008248], [-121.78547800022079, 36.94319400009392], [-121.7848170000718, 36.942744000204414], [-121.78480700002606, 36.94273700003197], [-121.78403299989917, 36.94222399979823], [-121.78339199984167, 36.941771000221905], [-121.7828160000815, 36.94134200001358], [-121.78216699962805, 36.94085799982439], [-121.78209700020618, 36.94080499965254], [-121.78188899979372, 36.94064900009771], [-121.78182000019673, 36.94059800009116], [-121.7817609997472, 36.940553999706076], [-121.7815990002638, 36.94043300013169], [-121.78147000039237, 36.94033700003001], [-121.78135200039158, 36.940248999651075], [-121.78131800005642, 36.94022399995726], [-121.7812479997362, 36.9402880001334], [-121.78079099980171, 36.94048599984429], [-121.78046399956357, 36.940627999719055], [-121.78024600000367, 36.940724000172075], [-121.77976099958177, 36.94093600014578], [-121.77935200022618, 36.94110900020539], [-121.77932299991384, 36.94112199998238], [-121.77849299971047, 36.94148200015964], [-121.77823400014269, 36.94139999981809], [-121.77775000044404, 36.94124600033919], [-121.77769699984225, 36.94122899999529], [-121.77741300016015, 36.94113900035009], [-121.77684499989756, 36.9410329996424], [-121.77677499957737, 36.941019999850276], [-121.7767129996531, 36.94100900035582], [-121.7765379997509, 36.94103899982185], [-121.7760440000065, 36.941123000130794], [-121.775699000225, 36.94133999972244], [-121.7756709997376, 36.941358000186895], [-121.77544999980464, 36.94149700016001], [-121.77499799989303, 36.94165999968669], [-121.7746919995713, 36.94167699993437], [-121.77390999994677, 36.94159099995167], [-121.77386999976382, 36.94158700010035], [-121.7734820003246, 36.941425999988496], [-121.77332599979067, 36.94142899970384], [-121.7730529999792, 36.941308000082884], [-121.77301000032149, 36.94128300001858], [-121.77292400010778, 36.941251999783866], [-121.77288200027498, 36.94124199975181], [-121.77270200034994, 36.94113099988189], [-121.77238599998245, 36.94087199979591], [-121.7723270004312, 36.94080000032531], [-121.77197699972852, 36.94049999988416], [-121.77191700035239, 36.94043800020095], [-121.77190800013155, 36.94041400000897], [-121.77181400042022, 36.940295999972165], [-121.77156699964969, 36.9400619996751], [-121.77154099971041, 36.940026999728424], [-121.77126399970099, 36.93980600004275], [-121.77119099990607, 36.9397649996992], [-121.77064500028311, 36.93934400034146], [-121.77046500035804, 36.93919899970694], [-121.77037400012145, 36.9391160003238], [-121.77039000001498, 36.93908099994261], [-121.77044199989354, 36.93897700031526], [-121.77045899961196, 36.93894300004731], [-121.77051399986354, 36.93884300022719], [-121.77068299991792, 36.93854299997931], [-121.77073999981936, 36.93844399981785], [-121.7708620000181, 36.93825699972042], [-121.77098599986664, 36.93806800022306], [-121.77124899963239, 36.937711999767686], [-121.771383000425, 36.93753400035237], [-121.77148299998412, 36.93740100007818], [-121.77159900033507, 36.93724799989672], [-121.77178199973484, 36.93700300021948], [-121.7718629999257, 36.9368970002205], [-121.77188499966701, 36.936873000349266], [-121.77195199961417, 36.93678299986734], [-121.7721020003003, 36.936586000077085], [-121.77215599982867, 36.936515000355854], [-121.77222399960073, 36.93642599966127], [-121.77225999958573, 36.936377000121894], [-121.77236900026399, 36.93623400001131], [-121.77240600007391, 36.93618599984372], [-121.77247499967089, 36.93609799969731], [-121.77268399990825, 36.935838000237744], [-121.77275400022845, 36.93575099990847], [-121.77287100040432, 36.935603999893985], [-121.77316500013221, 36.93523900025852], [-121.7732210002087, 36.93516399981198], [-121.77333500001151, 36.93501499964414], [-121.77309099961404, 36.93480699992029], [-121.77271200039566, 36.93448200015774], [-121.77236699971586, 36.93417799973518], [-121.77212700041466, 36.93396699987221], [-121.77187399979636, 36.93374500031826], [-121.77111499973809, 36.93307899993073], [-121.77086299984299, 36.93285699994446], [-121.77064699993292, 36.93266699972088], [-121.77041000010648, 36.93245799978954], [-121.77001400027133, 36.932085999734255], [-121.76980599985886, 36.9318900002797], [-121.76989999957021, 36.931823000138074], [-121.77018300032576, 36.931623000351046], [-121.77014700034073, 36.931564000012045], [-121.76987299980603, 36.931310999951314], [-121.77069700016163, 36.930735999954365], [-121.77136400015843, 36.93027099968816], [-121.77233400010388, 36.929594000117646], [-121.7726999998018, 36.92992599981191], [-121.77229499974584, 36.930209000300074], [-121.77262100015906, 36.93051499989432], [-121.77242399961726, 36.93065199968533], [-121.77265600031917, 36.9308660002395], [-121.77283700006913, 36.93073999965709], [-121.77302500039012, 36.93091400016721], [-121.77368499981588, 36.93150900000784], [-121.77426800014707, 36.93111399966034], [-121.77425800010131, 36.931296999659494], [-121.77427999984263, 36.93147999993739], [-121.77434799961469, 36.93169300004899], [-121.77441200008712, 36.93183799988552], [-121.77445800011786, 36.93192100001446], [-121.77447599966123, 36.93196899999591], [-121.77452699971484, 36.93202499993602], [-121.77460299988282, 36.932163000151405], [-121.77467200037812, 36.93223199980641], [-121.77468999992145, 36.9322660001962], [-121.77469699959417, 36.93228000031004], [-121.77475699986861, 36.93234200016786], [-121.77483600040962, 36.932435999763435], [-121.7751159998938, 36.93262500030292], [-121.77522300002394, 36.932680000219875], [-121.7753119997124, 36.932741999752324], [-121.77534600004758, 36.932741999752324], [-121.77541200016982, 36.93278399982389], [-121.77542300004048, 36.932791000192594], [-121.77561399983618, 36.932886999747524], [-121.77591199976202, 36.932373999982076], [-121.77599700015084, 36.93222999999416], [-121.77618399974858, 36.931895000191446], [-121.77679399984395, 36.93082699996178], [-121.77708900029502, 36.93031200011291], [-121.77740499976423, 36.93049800002889], [-121.77755000042751, 36.930584000323016], [-121.77767699975078, 36.93067900021786], [-121.77779599957647, 36.930782000113716], [-121.7778960000339, 36.93089199969546], [-121.77819700033277, 36.931250000251], [-121.77843400015922, 36.931531000301504], [-121.77860400003856, 36.931510000282415], [-121.77911600022462, 36.93144799974784], [-121.77928699992887, 36.93142799998159], [-121.78023400030813, 36.931310999951314], [-121.78082799961165, 36.9312559997646], [-121.78086299977173, 36.93125299964882], [-121.77973800001556, 36.929888000067265], [-121.78148100026303, 36.928956999688054], [-121.78141900033873, 36.92890599975607], [-121.78147200004219, 36.92885699969071], [-121.78306799997654, 36.927644000342696], [-121.78428899999221, 36.92885499978996], [-121.78460399963649, 36.929167999776226], [-121.78481100022404, 36.92928099972628], [-121.78475099994958, 36.92933299971052], [-121.7846909996751, 36.92938499965935], [-121.78451800032104, 36.92951500009421], [-121.78449900005448, 36.92954999984204], [-121.78449900005448, 36.92957599974688], [-121.78451800032104, 36.92961100018474], [-121.78457500022249, 36.92966900030049], [-121.78500399966954, 36.93010600034806], [-121.78501000041565, 36.930128000328565], [-121.78500299984462, 36.93014900001031], [-121.7847600001704, 36.930318999990554], [-121.78469300022324, 36.93035400008727], [-121.7846549996901, 36.9303659999731], [-121.78404200011998, 36.93045799999262], [-121.783485999553, 36.93054199975729], [-121.7835149998653, 36.93056699975487], [-121.78360299972884, 36.93064199969843], [-121.78363200004118, 36.93066900023451], [-121.78366899985109, 36.930712000297255], [-121.7836760004221, 36.93071999970507], [-121.78376599993548, 36.93085699984573], [-121.78379900044575, 36.93090600006166], [-121.78392599976902, 36.93101699974547], [-121.78430800025879, 36.93135300009331], [-121.78443600030529, 36.93146500011948], [-121.78455000010813, 36.93154799993656], [-121.78489499988962, 36.93179700028157], [-121.78501000041565, 36.931879999737134], [-121.78534000012854, 36.93180899994029], [-121.78542700016719, 36.93179199964536], [-121.78668599981766, 36.93155400014479], [-121.78710599994223, 36.93147600027349], [-121.78712699985863, 36.93155100004074], [-121.78715199997296, 36.9315999998105], [-121.78720999969929, 36.93171299974571], [-121.78735899966219, 36.931941999920326], [-121.78737399973083, 36.93196400008902], [-121.78745300027184, 36.932037000276864], [-121.78708599985073, 36.93223699969573], [-121.78598700003383, 36.932838000087045], [-121.78562100033594, 36.9330389998128], [-121.78541100027365, 36.93314999998072], [-121.7847810000868, 36.933486999791306], [-121.78457199984942, 36.9335999998012], [-121.7847469997516, 36.93378600031044], [-121.78480000035337, 36.93382199977749], [-121.78485800007967, 36.9338479996613], [-121.78492099982888, 36.93386299972825], [-121.78509900010411, 36.93386399997199], [-121.78519000034072, 36.93386099995885], [-121.78597399961504, 36.93383900033771], [-121.78769299957304, 36.93379100009782], [-121.78864499997516, 36.93376399994959], [-121.78892700000749, 36.93375000010833], [-121.78908799966595, 36.933716999908086], [-121.78927000013917, 36.93360599984784], [-121.78944000001847, 36.93345100016603], [-121.78959999985204, 36.93321799992612], [-121.78965699975345, 36.93311799977421], [-121.78970500033233, 36.93298499969205], [-121.78973600029447, 36.93284299993661], [-121.78972299987568, 36.932583000143744], [-121.78968199986781, 36.931704999724026], [-121.7896679996241, 36.931393999936084], [-121.78965299955549, 36.93108300031541], [-121.78986199979285, 36.93105099995919], [-121.79048899960667, 36.93095700009171], [-121.79069899966896, 36.93092700024712], [-121.79078300023284, 36.93091400016721], [-121.79103799960268, 36.930876000197], [-121.79112299999147, 36.93086399967337], [-121.7916729998124, 36.93078099982959], [-121.79196700043858, 36.93071700028628], [-121.79203199983759, 36.93070400017057], [-121.79227299986199, 36.93062400029317], [-121.79249200014512, 36.9305340003308], [-121.79270300003232, 36.930421000083946], [-121.79294200040691, 36.93026500009702], [-121.79309800004253, 36.93013899995742], [-121.79324100015765, 36.93000500012749], [-121.79343799980116, 36.929791000028466], [-121.79384500040524, 36.92926100010956], [-121.79392800024594, 36.92915199991591], [-121.79404399969854, 36.929001000306], [-121.79445399977739, 36.92847400014638], [-121.79466999968746, 36.92823899985586], [-121.79484999961251, 36.92801399989203], [-121.79553199967789, 36.92716500027156], [-121.7957519997859, 36.926855000249454], [-121.79586099956586, 36.92665900027071], [-121.79591699964237, 36.92654200010185], [-121.7961660000627, 36.92603200032517], [-121.79618299978115, 36.92599600005152], [-121.79622100031429, 36.925910999956265], [-121.79633900031509, 36.92565799980476], [-121.79637899959974, 36.92557399968519], [-121.79646200033872, 36.925594999903296], [-121.79671199968564, 36.92565799980476], [-121.79679600024957, 36.925680000350866], [-121.79697500034969, 36.92572500033816], [-121.79734500024556, 36.92580999992265], [-121.79796600021157, 36.9259550001779], [-121.79886300036212, 36.92616599995765], [-121.79904599976192, 36.926225999791775], [-121.79923900010574, 36.926294999794], [-121.79928799961125, 36.9263190001236]], [[-121.77033700031153, 36.935450000190116], [-121.77017099973186, 36.93566299997782], [-121.76979599981316, 36.936151000270925], [-121.76974899995749, 36.936205999797515], [-121.76969399970588, 36.93625800008372], [-121.76965699989599, 36.93628699977224], [-121.76963299960653, 36.936306999699596], [-121.76943699978794, 36.936443000358615], [-121.7693050004418, 36.93653400001469], [-121.76929200002299, 36.93654399994655], [-121.76891799992916, 36.93681799986792], [-121.76883699973831, 36.93689099971484], [-121.76880599977618, 36.93693200016871], [-121.76876399994339, 36.9370320003425], [-121.76875999974541, 36.937046999782844], [-121.76872899978328, 36.93721499977507], [-121.76873800000412, 36.93741799984005], [-121.76874399985192, 36.937542999957635], [-121.76819900005385, 36.93754800021657], [-121.76812600025892, 36.93753499982991], [-121.76809000027392, 36.93752399983233], [-121.76803300037253, 36.93749499989654], [-121.7680049998851, 36.937470000017235], [-121.76796700025028, 36.937435999794936], [-121.76792799989222, 36.93739299993549], [-121.76728400035996, 36.93633099974907], [-121.76727199976607, 36.936299000160105], [-121.76726500009342, 36.93623299979867], [-121.76726799956815, 36.936198999742466], [-121.76729100003266, 36.93613499972227], [-121.76733100021565, 36.936077000218525], [-121.76738899994194, 36.93602899995205], [-121.76742199955392, 36.93600899995182], [-121.76749699989698, 36.935980000157485], [-121.76793299991509, 36.93586100021745], [-121.76866400038428, 36.93566400019794], [-121.76899900012003, 36.935571999999766], [-121.76984699986676, 36.93534199973663], [-121.76992999970744, 36.935328999691635], [-121.76997300026345, 36.9353269999607], [-121.7700109998983, 36.935331000140565], [-121.77005799975396, 36.935337000051], [-121.77012899989907, 36.93535799973367], [-121.77033700031153, 36.935450000190116]]]}, "properties": {"ZCTA5": "95076", "GEOID": "95076", "NAME": "ZCTA5 95076", "AREALAND": 349890939, "INTPTLAT": "+36.9457806", "INTPTLON": "-121.7560577", "zcta": "95076", "place": "95076 Watsonville", "name": "ZCTA5 95076"}}]}