place,kind,zcta,city,latitude,longitude,zhvi,zori,date,label_dx,label_dy,note,hudSafmr,blendedRent,rentSource,hudFiscalYear
94901 San Rafael,zcta,94901,San Rafael,37.980709,-122.5006058,1082447,,2016-04-30,10,0,Zillow ZIP-level market for San Rafael; mapped with Census 2020 ZCTA 94901 in Marin County.,,,,
94941 Mill Valley,zcta,94941,Mill Valley,37.9247747,-122.6001828,1593717,,2016-04-30,10,0,Zillow ZIP-level market for Mill Valley; mapped with Census 2020 ZCTA 94941 in Marin County.,,,,
94903 San Rafael,zcta,94903,San Rafael,38.0221295,-122.55881,891896,,2016-04-30,10,0,Zillow ZIP-level market for San Rafael; mapped with Census 2020 ZCTA 94903 in Marin County.,,,,
94947 Novato,zcta,94947,Novato,38.1061995,-122.6249851,746096,,2016-04-30,10,0,Zillow ZIP-level market for Novato; mapped with Census 2020 ZCTA 94947 in Marin County.,,,,
94949 Novato,zcta,94949,Novato,38.0600944,-122.5064097,865432,,2016-04-30,10,0,Zillow ZIP-level market for Novato; mapped with Census 2020 ZCTA 94949 in Marin County.,,,,
94945 Novato,zcta,94945,Novato,38.1226869,-122.5531417,799575,,2016-04-30,10,0,Zillow ZIP-level market for Novato; mapped with Census 2020 ZCTA 94945 in Marin County.,,,,
94960 San Anselmo,zcta,94960,San Anselmo,37.9970232,-122.5783384,1179087,,2016-04-30,10,0,Zillow ZIP-level market for San Anselmo; mapped with Census 2020 ZCTA 94960 in Marin County.,,,,
94904 Kentfield,zcta,94904,Kentfield,37.9472249,-122.5517753,1870225,,2016-04-30,10,0,Zillow ZIP-level market for Kentfield; mapped with Census 2020 ZCTA 94904 in Marin County.,,,,
94920 Tiburon,zcta,94920,Tiburon,37.8867683,-122.4626194,2678000,,2016-04-30,10,0,Zillow ZIP-level market for Tiburon; mapped with Census 2020 ZCTA 94920 in Marin County.,,,,
94965 Sausalito,zcta,94965,Sausalito,37.8373471,-122.5274824,1588624,,2016-04-30,10,0,Zillow ZIP-level market for Sausalito; mapped with Census 2020 ZCTA 94965 in Marin County.,,,,
94925 Corte Madera,zcta,94925,Corte Madera,37.9318458,-122.5077378,1339201,,2016-04-30,10,0,Zillow ZIP-level market for Corte Madera; mapped with Census 2020 ZCTA 94925 in Marin County.,,,,
94930 Fairfax,zcta,94930,Fairfax,37.9697928,-122.61533,934459,,2016-04-30,10,0,Zillow ZIP-level market for Fairfax; mapped with Census 2020 ZCTA 94930 in Marin County.,,,,
94939 Larkspur,zcta,94939,Larkspur,37.9382519,-122.5359478,1781236,,2016-04-30,10,0,Zillow ZIP-level market for Larkspur; mapped with Census 2020 ZCTA 94939 in Marin County.,,,,
94957 Ross,zcta,94957,Ross,37.9634213,-122.5618079,3024470,,2016-04-30,10,0,Zillow ZIP-level market for Ross; mapped with Census 2020 ZCTA 94957 in Marin County.,,,,
94937 Point Reyes Station,zcta,94937,Point Reyes Station,38.1164824,-122.930353,1064280,,2016-04-30,10,0,Zillow ZIP-level market for Point Reyes Station; mapped with Census 2020 ZCTA 94937 in Marin County.,,,,
94924 Bolinas,zcta,94924,Bolinas,37.9669044,-122.7388158,1403114,,2016-04-30,10,0,Zillow ZIP-level market for Bolinas; mapped with Census 2020 ZCTA 94924 in Marin County.,,,,
94963 Lagunitas,zcta,94963,Lagunitas,38.00761,-122.6647483,955030,,2016-04-30,10,0,Zillow ZIP-level market for Lagunitas; mapped with Census 2020 ZCTA 94963 in Marin County.,,,,
94973 Woodacre,zcta,94973,Woodacre,38.0125906,-122.6394,787373,,2016-04-30,10,0,Zillow ZIP-level market for Woodacre; mapped with Census 2020 ZCTA 94973 in Marin County.,,,,
94946 Nicasio,zcta,94946,Nicasio,38.0747338,-122.6952645,1523452,,2016-04-30,10,0,Zillow ZIP-level market for Nicasio; mapped with Census 2020 ZCTA 94946 in Marin County.,,,,
94938 Bolinas,zcta,94938,Bolinas,38.0302365,-122.7295132,776838,,2016-04-30,10,0,Zillow ZIP-level market for Bolinas; mapped with Census 2020 ZCTA 94938 in Marin County.,,,,
94970 Stinson Beach,zcta,94970,Stinson Beach,37.9258817,-122.6598334,1905340,,2016-04-30,10,0,Zillow ZIP-level market for Stinson Beach; mapped with Census 2020 ZCTA 94970 in Marin County.,,,,
94956 Point Reyes Station,zcta,94956,Point Reyes Station,38.0214541,-122.81817,992259,,2016-04-30,10,0,Zillow ZIP-level market for Point Reyes Station; mapped with Census 2020 ZCTA 94956 in Marin County.,,,,
94940 Marshall,zcta,94940,Marshall,38.2039708,-122.8914816,1204987,,2016-04-30,10,0,Zillow ZIP-level market for Marshall; mapped with Census 2020 ZCTA 94940 in Marin County.,,,,
94933 Lagunitas,zcta,94933,Lagunitas,38.0175021,-122.688148,653196,,2016-04-30,10,0,Zillow ZIP-level market for Lagunitas; mapped with Census 2020 ZCTA 94933 in Marin County.,,,,
94971 Tomales,zcta,94971,Tomales,38.2330285,-122.8969589,816128,,2016-04-30,10,0,Zillow ZIP-level market for Tomales; mapped with Census 2020 ZCTA 94971 in Marin County.,,,,
94929 nan,zcta,94929,nan,38.2545284,-122.9623709,940442,,2016-04-30,10,0,Zillow ZIP-level market for nan; mapped with Census 2020 ZCTA 94929 in Marin County.,,,,
94901 San Rafael,zcta,94901,San Rafael,37.980709,-122.5006058,1080633,,2016-05-31,10,0,Zillow ZIP-level market for San Rafael; mapped with Census 2020 ZCTA 94901 in Marin County.,,,,
94941 Mill Valley,zcta,94941,Mill Valley,37.9247747,-122.6001828,1581980,,2016-05-31,10,0,Zillow ZIP-level market for Mill Valley; mapped with Census 2020 ZCTA 94941 in Marin County.,,,,
94903 San Rafael,zcta,94903,San Rafael,38.0221295,-122.55881,890971,,2016-05-31,10,0,Zillow ZIP-level market for San Rafael; mapped with Census 2020 ZCTA 94903 in Marin County.,,,,
94947 Novato,zcta,94947,Novato,38.1061995,-122.6249851,745767,,2016-05-31,10,0,Zillow ZIP-level market for Novato; mapped with Census 2020 ZCTA 94947 in Marin County.,,,,
94949 Novato,zcta,94949,Novato,38.0600944,-122.5064097,865235,,2016-05-31,10,0,Zillow ZIP-level market for Novato; mapped with Census 2020 ZCTA 94949 in Marin County.,,,,
94945 Novato,zcta,94945,Novato,38.1226869,-122.5531417,799508,,2016-05-31,10,0,Zillow ZIP-level market for Novato; mapped with Census 2020 ZCTA 94945 in Marin County.,,,,
94960 San Anselmo,zcta,94960,San Anselmo,37.9970232,-122.5783384,1171809,,2016-05-31,10,0,Zillow ZIP-level market for San Anselmo; mapped with Census 2020 ZCTA 94960 in Marin County.,,,,
94904 Kentfield,zcta,94904,Kentfield,37.9472249,-122.5517753,1867738,,2016-05-31,10,0,Zillow ZIP-level market for Kentfield; mapped with Census 2020 ZCTA 94904 in Marin County.,,,,
94920 Tiburon,zcta,94920,Tiburon,37.8867683,-122.4626194,2677464,,2016-05-31,10,0,Zillow ZIP-level market for Tiburon; mapped with Census 2020 ZCTA 94920 in Marin County.,,,,
94965 Sausalito,zcta,94965,Sausalito,37.8373471,-122.5274824,1575913,,2016-05-31,10,0,Zillow ZIP-level market for Sausalito; mapped with Census 2020 ZCTA 94965 in Marin County.,,,,
94925 Corte Madera,zcta,94925,Corte Madera,37.9318458,-122.5077378,1333584,,2016-05-31,10,0,Zillow ZIP-level market for Corte Madera; mapped with Census 2020 ZCTA 94925 in Marin County.,,,,
94930 Fairfax,zcta,94930,Fairfax,37.9697928,-122.61533,930107,,2016-05-31,10,0,Zillow ZIP-level market for Fairfax; mapped with Census 2020 ZCTA 94930 in Marin County.,,,,
94939 Larkspur,zcta,94939,Larkspur,37.9382519,-122.5359478,1772779,,2016-05-31,10,0,Zillow ZIP-level market for Larkspur; mapped with Census 2020 ZCTA 94939 in Marin County.,,,,
94957 Ross,zcta,94957,Ross,37.9634213,-122.5618079,3038615,,2016-05-31,10,0,Zillow ZIP-level market for Ross; mapped with Census 2020 ZCTA 94957 in Marin County.,,,,
94937 Point Reyes Station,zcta,94937,Point Reyes Station,38.1164824,-122.930353,1066061,,2016-05-31,10,0,Zillow ZIP-level market for Point Reyes Station; mapped with Census 2020 ZCTA 94937 in Marin County.,,,,
94924 Bolinas,zcta,94924,Bolinas,37.9669044,-122.7388158,1395958,,2016-05-31,10,0,Zillow ZIP-level market for Bolinas; mapped with Census 2020 ZCTA 94924 in Marin County.,,,,
94963 Lagunitas,zcta,94963,Lagunitas,38.00761,-122.6647483,953757,,2016-05-31,10,0,Zillow ZIP-level market for Lagunitas; mapped with Census 2020 ZCTA 94963 in Marin County.,,,,
94973 Woodacre,zcta,94973,Woodacre,38.0125906,-122.6394,789411,,2016-05-31,10,0,Zillow ZIP-level market for Woodacre; mapped with Census 2020 ZCTA 94973 in Marin County.,,,,
94946 Nicasio,zcta,94946,Nicasio,38.0747338,-122.6952645,1520409,,2016-05-31,10,0,Zillow ZIP-level market for Nicasio; mapped with Census 2020 ZCTA 94946 in Marin County.,,,,
94938 Bolinas,zcta,94938,Bolinas,38.0302365,-122.7295132,772542,,2016-05-31,10,0,Zillow ZIP-level market for Bolinas; mapped with Census 2020 ZCTA 94938 in Marin County.,,,,
94970 Stinson Beach,zcta,94970,Stinson Beach,37.9258817,-122.6598334,1920996,,2016-05-31,10,0,Zillow ZIP-level market for Stinson Beach; mapped with Census 2020 ZCTA 94970 in Marin County.,,,,
94956 Point Reyes Station,zcta,94956,Point Reyes Station,38.0214541,-122.81817,990355,,2016-05-31,10,0,Zillow ZIP-level market for Point Reyes Station; mapped with Census 2020 ZCTA 94956 in Marin County.,,,,
94940 Marshall,zcta,94940,Marshall,38.2039708,-122.8914816,1194824,,2016-05-31,10,0,Zillow ZIP-level market for Marshall; mapped with Census 2020 ZCTA 94940 in Marin County.,,,,
94933 Lagunitas,zcta,94933,Lagunitas,38.0175021,-122.688148,652979,,2016-05-31,10,0,Zillow ZIP-level market for Lagunitas; mapped with Census 2020 ZCTA 94933 in Marin County.,,,,
94971 Tomales,zcta,94971,Tomales,38.2330285,-122.8969589,816158,,2016-05-31,10,0,Zillow ZIP-level market for Tomales; mapped with Census 2020 ZCTA 94971 in Marin County.,,,,
94929 nan,zcta,94929,nan,38.2545284,-122.9623709,940360,,2016-05-31,10,0,Zillow ZIP-level market for nan; mapped with Census 2020 ZCTA 94929 in Marin County.,,,,
94901 San Rafael,zcta,94901,San Rafael,37.980709,-122.5006058,1075593,,2016-06-30,10,0,Zillow ZIP-level market for San Rafael; mapped with Census 2020 ZCTA 94901 in Marin County.,,,,
94941 Mill Valley,zcta,94941,Mill Valley,37.9247747,-122.6001828,1569862,,2016-06-30,10,0,Zillow ZIP-level market for Mill Valley; mapped with Census 2020 ZCTA 94941 in Marin County.,,,,
94903 San Rafael,zcta,94903,San Rafael,38.0221295,-122.55881,887445,,2016-06-30,10,0,Zillow ZIP-level market for San Rafael; mapped with Census 2020 ZCTA 94903 in Marin County.,,,,
94947 Novato,zcta,94947,Novato,38.1061995,-122.6249851,743335,,2016-06-30,10,0,Zillow ZIP-level market for Novato; mapped with Census 2020 ZCTA 94947 in Marin County.,,,,
94949 Novato,zcta,94949,Novato,38.0600944,-122.5064097,864371,,2016-06-30,10,0,Zillow ZIP-level market for Novato; mapped with Census 2020 ZCTA 94949 in Marin County.,,,,
94945 Novato,zcta,94945,Novato,38.1226869,-122.5531417,798106,,2016-06-30,10,0,Zillow ZIP-level market for Novato; mapped with Census 2020 ZCTA 94945 in Marin County.,,,,
94960 San Anselmo,zcta,94960,San Anselmo,37.9970232,-122.5783384,1161484,,2016-06-30,10,0,Zillow ZIP-level market for San Anselmo; mapped with Census 2020 ZCTA 94960 in Marin County.,,,,
94904 Kentfield,zcta,94904,Kentfield,37.9472249,-122.5517753,1858809,,2016-06-30,10,0,Zillow ZIP-level market for Kentfield; mapped with Census 2020 ZCTA 94904 in Marin County.,,,,
94920 Tiburon,zcta,94920,Tiburon,37.8867683,-122.4626194,2666317,,2016-06-30,10,0,Zillow ZIP-level market for Tiburon; mapped with Census 2020 ZCTA 94920 in Marin County.,,,,
94965 Sausalito,zcta,94965,Sausalito,37.8373471,-122.5274824,1562625,,2016-06-30,10,0,Zillow ZIP-level market for Sausalito; mapped with Census 2020 ZCTA 94965 in Marin County.,,,,
94925 Corte Madera,zcta,94925,Corte Madera,37.9318458,-122.5077378,1326845,,2016-06-30,10,0,Zillow ZIP-level market for Corte Madera; mapped with Census 2020 ZCTA 94925 in Marin County.,,,,
94930 Fairfax,zcta,94930,Fairfax,37.9697928,-122.61533,925535,,2016-06-30,10,0,Zillow ZIP-level market for Fairfax; mapped with Census 2020 ZCTA 94930 in Marin County.,,,,
94939 Larkspur,zcta,94939,Larkspur,37.9382519,-122.5359478,1761621,,2016-06-30,10,0,Zillow ZIP-level market for Larkspur; mapped with Census 2020 ZCTA 94939 in Marin County.,,,,
94957 Ross,zcta,94957,Ross,37.9634213,-122.5618079,3034938,,2016-06-30,10,0,Zillow ZIP-level market for Ross; mapped with Census 2020 ZCTA 94957 in Marin County.,,,,
94937 Point Reyes Station,zcta,94937,Point Reyes Station,38.1164824,-122.930353,1067638,,2016-06-30,10,0,Zillow ZIP-level market for Point Reyes Station; mapped with Census 2020 ZCTA 94937 in Marin County.,,,,
94924 Bolinas,zcta,94924,Bolinas,37.9669044,-122.7388158,1391172,,2016-06-30,10,0,Zillow ZIP-level market for Bolinas; mapped with Census 2020 ZCTA 94924 in Marin County.,,,,
94963 Lagunitas,zcta,94963,Lagunitas,38.00761,-122.6647483,947948,,2016-06-30,10,0,Zillow ZIP-level market for Lagunitas; mapped with Census 2020 ZCTA 94963 in Marin County.,,,,
94973 Woodacre,zcta,94973,Woodacre,38.0125906,-122.6394,786993,,2016-06-30,10,0,Zillow ZIP-level market for Woodacre; mapped with Census 2020 ZCTA 94973 in Marin County.,,,,
94946 Nicasio,zcta,94946,Nicasio,38.0747338,-122.6952645,1517324,,2016-06-30,10,0,Zillow ZIP-level market for Nicasio; mapped with Census 2020 ZCTA 94946 in Marin County.,,,,
94938 Bolinas,zcta,94938,Bolinas,38.0302365,-122.7295132,766846,,2016-06-30,10,0,Zillow ZIP-level market for Bolinas; mapped with Census 2020 ZCTA 94938 in Marin County.,,,,
94970 Stinson Beach,zcta,94970,Stinson Beach,37.9258817,-122.6598334,1933837,,2016-06-30,10,0,Zillow ZIP-level market for Stinson Beach; mapped with Census 2020 ZCTA 94970 in Marin County.,,,,
94956 Point Reyes Station,zcta,94956,Point Reyes Station,38.0214541,-122.81817,985795,,2016-06-30,10,0,Zillow ZIP-level market for Point Reyes Station; mapped with Census 2020 ZCTA 94956 in Marin County.,,,,
94940 Marshall,zcta,94940,Marshall,38.2039708,-122.8914816,1190556,,2016-06-30,10,0,Zillow ZIP-level market for Marshall; mapped with Census 2020 ZCTA 94940 in Marin County.,,,,
94933 Lagunitas,zcta,94933,Lagunitas,38.0175021,-122.688148,652139,,2016-06-30,10,0,Zillow ZIP-level market for Lagunitas; mapped with Census 2020 ZCTA 94933 in Marin County.,,,,
94971 Tomales,zcta,94971,Tomales,38.2330285,-122.8969589,813108,,2016-06-30,10,0,Zillow ZIP-level market for Tomales; mapped with Census 2020 ZCTA 94971 in Marin County.,,,,
94929 nan,zcta,94929,nan,38.2545284,-122.9623709,939183,,2016-06-30,10,0,Zillow ZIP-level market for nan; mapped with Census 2020 ZCTA 94929 in Marin County.,,,,
94901 San Rafael,zcta,94901,San Rafael,37.980709,-122.5006058,1069359,,2016-07-31,10,0,Zillow ZIP-level market for San Rafael; mapped with Census 2020 ZCTA 94901 in Marin County.,,,,
94941 Mill Valley,zcta,94941,Mill Valley,37.9247747,-122.6001828,1552286,,2016-07-31,10,0,Zillow ZIP-level market for Mill Valley; mapped with Census 2020 ZCTA 94941 in Marin County.,,,,
94903 San Rafael,zcta,94903,San Rafael,38.0221295,-122.55881,883288,,2016-07-31,10,0,Zillow ZIP-level market for San Rafael; mapped with Census 2020 ZCTA 94903 in Marin County.,,,,
94947 Novato,zcta,94947,Novato,38.1061995,-122.6249851,740383,,2016-07-31,10,0,Zillow ZIP-level market for Novato; mapped with Census 2020 ZCTA 94947 in Marin County.,,,,
94949 Novato,zcta,94949,Novato,38.0600944,-122.5064097,863249,,2016-07-31,10,0,Zillow ZIP-level market for Novato; mapped with Census 2020 ZCTA 94949 in Marin County.,,,,
94945 Novato,zcta,94945,Novato,38.1226869,-122.5531417,796149,,2016-07-31,10,0,Zillow ZIP-level market for Novato; mapped with Census 2020 ZCTA 94945 in Marin County.,,,,
94960 San Anselmo,zcta,94960,San Anselmo,37.9970232,-122.5783384,1148587,,2016-07-31,10,0,Zillow ZIP-level market for San Anselmo; mapped with Census 2020 ZCTA 94960 in Marin County.,,,,
94904 Kentfield,zcta,94904,Kentfield,37.9472249,-122.5517753,1838239,,2016-07-31,10,0,Zillow ZIP-level market for Kentfield; mapped with Census 2020 ZCTA 94904 in Marin County.,,,,
94920 Tiburon,zcta,94920,Tiburon,37.8867683,-122.4626194,2625052,,2016-07-31,10,0,Zillow ZIP-level market for Tiburon; mapped with Census 2020 ZCTA 94920 in Marin County.,,,,
94965 Sausalito,zcta,94965,Sausalito,37.8373471,-122.5274824,1546108,,2016-07-31,10,0,Zillow ZIP-level market for Sausalito; mapped with Census 2020 ZCTA 94965 in Marin County.,,,,
94925 Corte Madera,zcta,94925,Corte Madera,37.9318458,-122.5077378,1313168,,2016-07-31,10,0,Zillow ZIP-level market for Corte Madera; mapped with Census 2020 ZCTA 94925 in Marin County.,,,,
94930 Fairfax,zcta,94930,Fairfax,37.9697928,-122.61533,919321,,2016-07-31,10,0,Zillow ZIP-level market for Fairfax; mapped with Census 2020 ZCTA 94930 in Marin County.,,,,
94939 Larkspur,zcta,94939,Larkspur,37.9382519,-122.5359478,1747146,,2016-07-31,10,0,Zillow ZIP-level market for Larkspur; mapped with Census 2020 ZCTA 94939 in Marin County.,,,,
94957 Ross,zcta,94957,Ross,37.9634213,-122.5618079,2985924,,2016-07-31,10,0,Zillow ZIP-level market for Ross; mapped with Census 2020 ZCTA 94957 in Marin County.,,,,
94937 Point Reyes Station,zcta,94937,Point Reyes Station,38.1164824,-122.930353,1063894,,2016-07-31,10,0,Zillow ZIP-level market for Point Reyes Station; mapped with Census 2020 ZCTA 94937 in Marin County.,,,,
94924 Bolinas,zcta,94924,Bolinas,37.9669044,-122.7388158,1387429,,2016-07-31,10,0,Zillow ZIP-level market for Bolinas; mapped with Census 2020 ZCTA 94924 in Marin County.,,,,
94963 Lagunitas,zcta,94963,Lagunitas,38.00761,-122.6647483,939032,,2016-07-31,10,0,Zillow ZIP-level market for Lagunitas; mapped with Census 2020 ZCTA 94963 in Marin County.,,,,
94973 Woodacre,zcta,94973,Woodacre,38.0125906,-122.6394,781821,,2016-07-31,10,0,Zillow ZIP-level market for Woodacre; mapped with Census 2020 ZCTA 94973 in Marin County.,,,,
94946 Nicasio,zcta,94946,Nicasio,38.0747338,-122.6952645,1508208,,2016-07-31,10,0,Zillow ZIP-level market for Nicasio; mapped with Census 2020 ZCTA 94946 in Marin County.,,,,
94938 Bolinas,zcta,94938,Bolinas,38.0302365,-122.7295132,760820,,2016-07-31,10,0,Zillow ZIP-level market for Bolinas; mapped with Census 2020 ZCTA 94938 in Marin County.,,,,
94970 Stinson Beach,zcta,94970,Stinson Beach,37.9258817,-122.6598334,1927727,,2016-07-31,10,0,Zillow ZIP-level market for Stinson Beach; mapped with Census 2020 ZCTA 94970 in Marin County.,,,,
94956 Point Reyes Station,zcta,94956,Point Reyes Station,38.0214541,-122.81817,979087,,2016-07-31,10,0,Zillow ZIP-level market for Point Reyes Station; mapped with Census 2020 ZCTA 94956 in Marin County.,,,,
94940 Marshall,zcta,94940,Marshall,38.2039708,-122.8914816,1184530,,2016-07-31,10,0,Zillow ZIP-level market for Marshall; mapped with Census 2020 ZCTA 94940 in Marin County.,,,,
94933 Lagunitas,zcta,94933,Lagunitas,38.0175021,-122.688148,650146,,2016-07-31,10,0,Zillow ZIP-level market for Lagunitas; mapped with Census 2020 ZCTA 94933 in Marin County.,,,,
94971 Tomales,zcta,94971,Tomales,38.2330285,-122.8969589,808157,,2016-07-31,10,0,Zillow ZIP-level market for Tomales; mapped with Census 2020 ZCTA 94971 in Marin County.,,,,
94929 nan,zcta,94929,nan,38.2545284,-122.9623709,933218,,2016-07-31,10,0,Zillow ZIP-level market for nan; mapped with Census 2020 ZCTA 94929 in Marin County.,,,,
94901 San Rafael,zcta,94901,San Rafael,37.980709,-122.5006058,1065825,,2016-08-31,10,0,Zillow ZIP-level market for San Rafael; mapped with Census 2020 ZCTA 94901 in Marin County.,,,,
94941 Mill Valley,zcta,94941,Mill Valley,37.9247747,-122.6001828,1539020,,2016-08-31,10,0,Zillow ZIP-level market for Mill Valley; mapped with Census 2020 ZCTA 94941 in Marin County.,,,,
94903 San Rafael,zcta,94903,San Rafael,38.0221295,-122.55881,880753,,2016-08-31,10,0,Zillow ZIP-level market for San Rafael; mapped with Census 2020 ZCTA 94903 in Marin County.,,,,
94947 Novato,zcta,94947,Novato,38.1061995,-122.6249851,738862,,2016-08-31,10,0,Zillow ZIP-level market for Novato; mapped with Census 2020 ZCTA 94947 in Marin County.,,,,
94949 Novato,zcta,94949,Novato,38.0600944,-122.5064097,863498,,2016-08-31,10,0,Zillow ZIP-level market for Novato; mapped with Census 2020 ZCTA 94949 in Marin County.,,,,
94945 Novato,zcta,94945,Novato,38.1226869,-122.5531417,796347,,2016-08-31,10,0,Zillow ZIP-level market for Novato; mapped with Census 2020 ZCTA 94945 in Marin County.,,,,
94960 San Anselmo,zcta,94960,San Anselmo,37.9970232,-122.5783384,1140180,,2016-08-31,10,0,Zillow ZIP-level market for San Anselmo; mapped with Census 2020 ZCTA 94960 in Marin County.,,,,
94904 Kentfield,zcta,94904,Kentfield,37.9472249,-122.5517753,1819839,,2016-08-31,10,0,Zillow ZIP-level market for Kentfield; mapped with Census 2020 ZCTA 94904 in Marin County.,,,,
94920 Tiburon,zcta,94920,Tiburon,37.8867683,-122.4626194,2581635,,2016-08-31,10,0,Zillow ZIP-level market for Tiburon; mapped with Census 2020 ZCTA 94920 in Marin County.,,,,
94965 Sausalito,zcta,94965,Sausalito,37.8373471,-122.5274824,1536883,,2016-08-31,10,0,Zillow ZIP-level market for Sausalito; mapped with Census 2020 ZCTA 94965 in Marin County.,,,,
94925 Corte Madera,zcta,94925,Corte Madera,37.9318458,-122.5077378,1303881,,2016-08-31,10,0,Zillow ZIP-level market for Corte Madera; mapped with Census 2020 ZCTA 94925 in Marin County.,,,,
94930 Fairfax,zcta,94930,Fairfax,37.9697928,-122.61533,916995,,2016-08-31,10,0,Zillow ZIP-level market for Fairfax; mapped with Census 2020 ZCTA 94930 in Marin County.,,,,
94939 Larkspur,zcta,94939,Larkspur,37.9382519,-122.5359478,1734527,,2016-08-31,10,0,Zillow ZIP-level market for Larkspur; mapped with Census 2020 ZCTA 94939 in Marin County.,,,,
94957 Ross,zcta,94957,Ross,37.9634213,-122.5618079,2929589,,2016-08-31,10,0,Zillow ZIP-level market for Ross; mapped with Census 2020 ZCTA 94957 in Marin County.,,,,
94937 Point Reyes Station,zcta,94937,Point Reyes Station,38.1164824,-122.930353,1062925,,2016-08-31,10,0,Zillow ZIP-level market for Point Reyes Station; mapped with Census 2020 ZCTA 94937 in Marin County.,,,,
94924 Bolinas,zcta,94924,Bolinas,37.9669044,-122.7388158,1387475,,2016-08-31,10,0,Zillow ZIP-level market for Bolinas; mapped with Census 2020 ZCTA 94924 in Marin County.,,,,
94963 Lagunitas,zcta,94963,Lagunitas,38.00761,-122.6647483,933158,,2016-08-31,10,0,Zillow ZIP-level market for Lagunitas; mapped with Census 2020 ZCTA 94963 in Marin County.,,,,
94973 Woodacre,zcta,94973,Woodacre,38.0125906,-122.6394,775869,,2016-08-31,10,0,Zillow ZIP-level market for Woodacre; mapped with Census 2020 ZCTA 94973 in Marin County.,,,,
94946 Nicasio,zcta,94946,Nicasio,38.0747338,-122.6952645,1494260,,2016-08-31,10,0,Zillow ZIP-level market for Nicasio; mapped with Census 2020 ZCTA 94946 in Marin County.,,,,
94938 Bolinas,zcta,94938,Bolinas,38.0302365,-122.7295132,757212,,2016-08-31,10,0,Zillow ZIP-level market for Bolinas; mapped with Census 2020 ZCTA 94938 in Marin County.,,,,
94970 Stinson Beach,zcta,94970,Stinson Beach,37.9258817,-122.6598334,1909398,,2016-08-31,10,0,Zillow ZIP-level market for Stinson Beach; mapped with Census 2020 ZCTA 94970 in Marin County.,,,,
94956 Point Reyes Station,zcta,94956,Point Reyes Station,38.0214541,-122.81817,970941,,2016-08-31,10,0,Zillow ZIP-level market for Point Reyes Station; mapped with Census 2020 ZCTA 94956 in Marin County.,,,,
94940 Marshall,zcta,94940,Marshall,38.2039708,-122.8914816,1176871,,2016-08-31,10,0,Zillow ZIP-level market for Marshall; mapped with Census 2020 ZCTA 94940 in Marin County.,,,,
94933 Lagunitas,zcta,94933,Lagunitas,38.0175021,-122.688148,651160,,2016-08-31,10,0,Zillow ZIP-level market for Lagunitas; mapped with Census 2020 ZCTA 94933 in Marin County.,,,,
94971 Tomales,zcta,94971,Tomales,38.2330285,-122.8969589,803873,,2016-08-31,10,0,Zillow ZIP-level market for Tomales; mapped with Census 2020 ZCTA 94971 in Marin County.,,,,
94929 nan,zcta,94929,nan,38.2545284,-122.9623709,929703,,2016-08-31,10,0,Zillow ZIP-level market for nan; mapped with Census 2020 ZCTA 94929 in Marin County.,,,,
94901 San Rafael,zcta,94901,San Rafael,37.980709,-122.5006058,1065926,,2016-09-30,10,0,Zillow ZIP-level market for San Rafael; mapped with Census 2020 ZCTA 94901 in Marin County.,,,,
94941 Mill Valley,zcta,94941,Mill Valley,37.9247747,-122.6001828,1531601,,2016-09-30,10,0,Zillow ZIP-level market for Mill Valley; mapped with Census 2020 ZCTA 94941 in Marin County.,,,,
94903 San Rafael,zcta,94903,San Rafael,38.0221295,-122.55881,879939,,2016-09-30,10,0,Zillow ZIP-level market for San Rafael; mapped with Census 2020 ZCTA 94903 in Marin County.,,,,
94947 Novato,zcta,94947,Novato,38.1061995,-122.6249851,738974,,2016-09-30,10,0,Zillow ZIP-level market for Novato; mapped with Census 2020 ZCTA 94947 in Marin County.,,,,
94949 Novato,zcta,94949,Novato,38.0600944,-122.5064097,864726,,2016-09-30,10,0,Zillow ZIP-level market for Novato; mapped with Census 2020 ZCTA 94949 in Marin County.,,,,
94945 Novato,zcta,94945,Novato,38.1226869,-122.5531417,796862,,2016-09-30,10,0,Zillow ZIP-level market for Novato; mapped with Census 2020 ZCTA 94945 in Marin County.,,,,
94960 San Anselmo,zcta,94960,San Anselmo,37.9970232,-122.5783384,1138779,,2016-09-30,10,0,Zillow ZIP-level market for San Anselmo; mapped with Census 2020 ZCTA 94960 in Marin County.,,,,
94904 Kentfield,zcta,94904,Kentfield,37.9472249,-122.5517753,1810195,,2016-09-30,10,0,Zillow ZIP-level market for Kentfield; mapped with Census 2020 ZCTA 94904 in Marin County.,,,,
94920 Tiburon,zcta,94920,Tiburon,37.8867683,-122.4626194,2546957,,2016-09-30,10,0,Zillow ZIP-level market for Tiburon; mapped with Census 2020 ZCTA 94920 in Marin County.,,,,
94965 Sausalito,zcta,94965,Sausalito,37.8373471,-122.5274824,1531024,,2016-09-30,10,0,Zillow ZIP-level market for Sausalito; mapped with Census 2020 ZCTA 94965 in Marin County.,,,,
94925 Corte Madera,zcta,94925,Corte Madera,37.9318458,-122.5077378,1298133,,2016-09-30,10,0,Zillow ZIP-level market for Corte Madera; mapped with Census 2020 ZCTA 94925 in Marin County.,,,,
94930 Fairfax,zcta,94930,Fairfax,37.9697928,-122.61533,916821,,2016-09-30,10,0,Zillow ZIP-level market for Fairfax; mapped with Census 2020 ZCTA 94930 in Marin County.,,,,
94939 Larkspur,zcta,94939,Larkspur,37.9382519,-122.5359478,1728196,,2016-09-30,10,0,Zillow ZIP-level market for Larkspur; mapped with Census 2020 ZCTA 94939 in Marin County.,,,,
94957 Ross,zcta,94957,Ross,37.9634213,-122.5618079,2888251,,2016-09-30,10,0,Zillow ZIP-level market for Ross; mapped with Census 2020 ZCTA 94957 in Marin County.,,,,
94937 Point Reyes Station,zcta,94937,Point Reyes Station,38.1164824,-122.930353,1065922,,2016-09-30,10,0,Zillow ZIP-level market for Point Reyes Station; mapped with Census 2020 ZCTA 94937 in Marin County.,,,,
94924 Bolinas,zcta,94924,Bolinas,37.9669044,-122.7388158,1394617,,2016-09-30,10,0,Zillow ZIP-level market for Bolinas; mapped with Census 2020 ZCTA 94924 in Marin County.,,,,
94963 Lagunitas,zcta,94963,Lagunitas,38.00761,-122.6647483,931368,,2016-09-30,10,0,Zillow ZIP-level market for Lagunitas; mapped with Census 2020 ZCTA 94963 in Marin County.,,,,
94973 Woodacre,zcta,94973,Woodacre,38.0125906,-122.6394,773134,,2016-09-30,10,0,Zillow ZIP-level market for Woodacre; mapped with Census 2020 ZCTA 94973 in Marin County.,,,,
94946 Nicasio,zcta,94946,Nicasio,38.0747338,-122.6952645,1480058,,2016-09-30,10,0,Zillow ZIP-level market for Nicasio; mapped with Census 2020 ZCTA 94946 in Marin County.,,,,
94938 Bolinas,zcta,94938,Bolinas,38.0302365,-122.7295132,755548,,2016-09-30,10,0,Zillow ZIP-level market for Bolinas; mapped with Census 2020 ZCTA 94938 in Marin County.,,,,
94970 Stinson Beach,zcta,94970,Stinson Beach,37.9258817,-122.6598334,1903571,,2016-09-30,10,0,Zillow ZIP-level market for Stinson Beach; mapped with Census 2020 ZCTA 94970 in Marin County.,,,,
94956 Point Reyes Station,zcta,94956,Point Reyes Station,38.0214541,-122.81817,969585,,2016-09-30,10,0,Zillow ZIP-level market for Point Reyes Station; mapped with Census 2020 ZCTA 94956 in Marin County.,,,,
94940 Marshall,zcta,94940,Marshall,38.2039708,-122.8914816,1166848,,2016-09-30,10,0,Zillow ZIP-level market for Marshall; mapped with Census 2020 ZCTA 94940 in Marin County.,,,,
94933 Lagunitas,zcta,94933,Lagunitas,38.0175021,-122.688148,650925,,2016-09-30,10,0,Zillow ZIP-level market for Lagunitas; mapped with Census 2020 ZCTA 94933 in Marin County.,,,,
94971 Tomales,zcta,94971,Tomales,38.2330285,-122.8969589,802992,,2016-09-30,10,0,Zillow ZIP-level market for Tomales; mapped with Census 2020 ZCTA 94971 in Marin County.,,,,
94929 nan,zcta,94929,nan,38.2545284,-122.9623709,926369,,2016-09-30,10,0,Zillow ZIP-level market for nan; mapped with Census 2020 ZCTA 94929 in Marin County.,,,,
94901 San Rafael,zcta,94901,San Rafael,37.980709,-122.5006058,1070753,,2016-10-31,10,0,Zillow ZIP-level market for San Rafael; mapped with Census 2020 ZCTA 94901 in Marin County.,,,,
94941 Mill Valley,zcta,94941,Mill Valley,37.9247747,-122.6001828,1533605,,2016-10-31,10,0,Zillow ZIP-level market for Mill Valley; mapped with Census 2020 ZCTA 94941 in Marin County.,,,,
94903 San Rafael,zcta,94903,San Rafael,38.0221295,-122.55881,882959,,2016-10-31,10,0,Zillow ZIP-level market for San Rafael; mapped with Census 2020 ZCTA 94903 in Marin County.,,,,
94947 Novato,zcta,94947,Novato,38.1061995,-122.6249851,741674,,2016-10-31,10,0,Zillow ZIP-level market for Novato; mapped with Census 2020 ZCTA 94947 in Marin County.,,,,
94949 Novato,zcta,94949,Novato,38.0600944,-122.5064097,866679,,2016-10-31,10,0,Zillow ZIP-level market for Novato; mapped with Census 2020 ZCTA 94949 in Marin County.,,,,
94945 Novato,zcta,94945,Novato,38.1226869,-122.5531417,799196,,2016-10-31,10,0,Zillow ZIP-level market for Novato; mapped with Census 2020 ZCTA 94945 in Marin County.,,,,
94960 San Anselmo,zcta,94960,San Anselmo,37.9970232,-122.5783384,1148783,,2016-10-31,10,0,Zillow ZIP-level market for San Anselmo; mapped with Census 2020 ZCTA 94960 in Marin County.,,,,
94904 Kentfield,zcta,94904,Kentfield,37.9472249,-122.5517753,1811636,,2016-10-31,10,0,Zillow ZIP-level market for Kentfield; mapped with Census 2020 ZCTA 94904 in Marin County.,,,,
94920 Tiburon,zcta,94920,Tiburon,37.8867683,-122.4626194,2540476,,2016-10-31,10,0,Zillow ZIP-level market for Tiburon; mapped with Census 2020 ZCTA 94920 in Marin County.,,,,
94965 Sausalito,zcta,94965,Sausalito,37.8373471,-122.5274824,1537195,,2016-10-31,10,0,Zillow ZIP-level market for Sausalito; mapped with Census 2020 ZCTA 94965 in Marin County.,,,,
94925 Corte Madera,zcta,94925,Corte Madera,37.9318458,-122.5077378,1303217,,2016-10-31,10,0,Zillow ZIP-level market for Corte Madera; mapped with Census 2020 ZCTA 94925 in Marin County.,,,,
94930 Fairfax,zcta,94930,Fairfax,37.9697928,-122.61533,921826,,2016-10-31,10,0,Zillow ZIP-level market for Fairfax; mapped with Census 2020 ZCTA 94930 in Marin County.,,,,
94939 Larkspur,zcta,94939,Larkspur,37.9382519,-122.5359478,1730193,,2016-10-31,10,0,Zillow ZIP-level market for Larkspur; mapped with Census 2020 ZCTA 94939 in Marin County.,,,,
94957 Ross,zcta,94957,Ross,37.9634213,-122.5618079,2885298,,2016-10-31,10,0,Zillow ZIP-level market for Ross; mapped with Census 2020 ZCTA 94957 in Marin County.,,,,
94937 Point Reyes Station,zcta,94937,Point Reyes Station,38.1164824,-122.930353,1078447,,2016-10-31,10,0,Zillow ZIP-level market for Point Reyes Station; mapped with Census 2020 ZCTA 94937 in Marin County.,,,,
94924 Bolinas,zcta,94924,Bolinas,37.9669044,-122.7388158,1407770,,2016-10-31,10,0,Zillow ZIP-level market for Bolinas; mapped with Census 2020 ZCTA 94924 in Marin County.,,,,
94963 Lagunitas,zcta,94963,Lagunitas,38.00761,-122.6647483,933108,,2016-10-31,10,0,Zillow ZIP-level market for Lagunitas; mapped with Census 2020 ZCTA 94963 in Marin County.,,,,
94973 Woodacre,zcta,94973,Woodacre,38.0125906,-122.6394,774720,,2016-10-31,10,0,Zillow ZIP-level market for Woodacre; mapped with Census 2020 ZCTA 94973 in Marin County.,,,,
94946 Nicasio,zcta,94946,Nicasio,38.0747338,-122.6952645,1474949,,2016-10-31,10,0,Zillow ZIP-level market for Nicasio; mapped with Census 2020 ZCTA 94946 in Marin County.,,,,
94938 Bolinas,zcta,94938,Bolinas,38.0302365,-122.7295132,758053,,2016-10-31,10,0,Zillow ZIP-level market for Bolinas; mapped with Census 2020 ZCTA 94938 in Marin County.,,,,
94970 Stinson Beach,zcta,94970,Stinson Beach,37.9258817,-122.6598334,1917100,,2016-10-31,10,0,Zillow ZIP-level market for Stinson Beach; mapped with Census 2020 ZCTA 94970 in Marin County.,,,,
94956 Point Reyes Station,zcta,94956,Point Reyes Station,38.0214541,-122.81817,977687,,2016-10-31,10,0,Zillow ZIP-level market for Point Reyes Station; mapped with Census 2020 ZCTA 94956 in Marin County.,,,,
94940 Marshall,zcta,94940,Marshall,38.2039708,-122.8914816,1160546,,2016-10-31,10,0,Zillow ZIP-level market for Marshall; mapped with Census 2020 ZCTA 94940 in Marin County.,,,,
94933 Lagunitas,zcta,94933,Lagunitas,38.0175021,-122.688148,652250,,2016-10-31,10,0,Zillow ZIP-level market for Lagunitas; mapped with Census 2020 ZCTA 94933 in Marin County.,,,,
94971 Tomales,zcta,94971,Tomales,38.2330285,-122.8969589,803792,,2016-10-31,10,0,Zillow ZIP-level market for Tomales; mapped with Census 2020 ZCTA 94971 in Marin County.,,,,
94929 nan,zcta,94929,nan,38.2545284,-122.9623709,928009,,2016-10-31,10,0,Zillow ZIP-level market for nan; mapped with Census 2020 ZCTA 94929 in Marin County.,,,,
94901 San Rafael,zcta,94901,San Rafael,37.980709,-122.5006058,1077424,,2016-11-30,10,0,Zillow ZIP-level market for San Rafael; mapped with Census 2020 ZCTA 94901 in Marin County.,,,,
94941 Mill Valley,zcta,94941,Mill Valley,37.9247747,-122.6001828,1537715,,2016-11-30,10,0,Zillow ZIP-level market for Mill Valley; mapped with Census 2020 ZCTA 94941 in Marin County.,,,,
94903 San Rafael,zcta,94903,San Rafael,38.0221295,-122.55881,887525,,2016-11-30,10,0,Zillow ZIP-level market for San Rafael; mapped with Census 2020 ZCTA 94903 in Marin County.,,,,
94947 Novato,zcta,94947,Novato,38.1061995,-122.6249851,746691,,2016-11-30,10,0,Zillow ZIP-level market for Novato; mapped with Census 2020 ZCTA 94947 in Marin County.,,,,
94949 Novato,zcta,94949,Novato,38.0600944,-122.5064097,869674,,2016-11-30,10,0,Zillow ZIP-level market for Novato; mapped with Census 2020 ZCTA 94949 in Marin County.,,,,
94945 Novato,zcta,94945,Novato,38.1226869,-122.5531417,802627,,2016-11-30,10,0,Zillow ZIP-level market for Novato; mapped with Census 2020 ZCTA 94945 in Marin County.,,,,
94960 San Anselmo,zcta,94960,San Anselmo,37.9970232,-122.5783384,1161223,,2016-11-30,10,0,Zillow ZIP-level market for San Anselmo; mapped with Census 2020 ZCTA 94960 in Marin County.,,,,
94904 Kentfield,zcta,94904,Kentfield,37.9472249,-122.5517753,1814577,,2016-11-30,10,0,Zillow ZIP-level market for Kentfield; mapped with Census 2020 ZCTA 94904 in Marin County.,,,,
94920 Tiburon,zcta,94920,Tiburon,37.8867683,-122.4626194,2539551,,2016-11-30,10,0,Zillow ZIP-level market for Tiburon; mapped with Census 2020 ZCTA 94920 in Marin County.,,,,
94965 Sausalito,zcta,94965,Sausalito,37.8373471,-122.5274824,1546159,,2016-11-30,10,0,Zillow ZIP-level market for Sausalito; mapped with Census 2020 ZCTA 94965 in Marin County.,,,,
94925 Corte Madera,zcta,94925,Corte Madera,37.9318458,-122.5077378,1311870,,2016-11-30,10,0,Zillow ZIP-level market for Corte Madera; mapped with Census 2020 ZCTA 94925 in Marin County.,,,,
94930 Fairfax,zcta,94930,Fairfax,37.9697928,-122.61533,928077,,2016-11-30,10,0,Zillow ZIP-level market for Fairfax; mapped with Census 2020 ZCTA 94930 in Marin County.,,,,
94939 Larkspur,zcta,94939,Larkspur,37.9382519,-122.5359478,1736482,,2016-11-30,10,0,Zillow ZIP-level market for Larkspur; mapped with Census 2020 ZCTA 94939 in Marin County.,,,,
94957 Ross,zcta,94957,Ross,37.9634213,-122.5618079,2890472,,2016-11-30,10,0,Zillow ZIP-level market for Ross; mapped with Census 2020 ZCTA 94957 in Marin County.,,,,
94937 Point Reyes Station,zcta,94937,Point Reyes Station,38.1164824,-122.930353,1090524,,2016-11-30,10,0,Zillow ZIP-level market for Point Reyes Station; mapped with Census 2020 ZCTA 94937 in Marin County.,,,,
94924 Bolinas,zcta,94924,Bolinas,37.9669044,-122.7388158,1423729,,2016-11-30,10,0,Zillow ZIP-level market for Bolinas; mapped with Census 2020 ZCTA 94924 in Marin County.,,,,
94963 Lagunitas,zcta,94963,Lagunitas,38.00761,-122.6647483,934808,,2016-11-30,10,0,Zillow ZIP-level market for Lagunitas; mapped with Census 2020 ZCTA 94963 in Marin County.,,,,
94973 Woodacre,zcta,94973,Woodacre,38.0125906,-122.6394,778246,,2016-11-30,10,0,Zillow ZIP-level market for Woodacre; mapped with Census 2020 ZCTA 94973 in Marin County.,,,,
94946 Nicasio,zcta,94946,Nicasio,38.0747338,-122.6952645,1473143,,2016-11-30,10,0,Zillow ZIP-level market for Nicasio; mapped with Census 2020 ZCTA 94946 in Marin County.,,,,
94938 Bolinas,zcta,94938,Bolinas,38.0302365,-122.7295132,764108,,2016-11-30,10,0,Zillow ZIP-level market for Bolinas; mapped with Census 2020 ZCTA 94938 in Marin County.,,,,
94970 Stinson Beach,zcta,94970,Stinson Beach,37.9258817,-122.6598334,1943021,,2016-11-30,10,0,Zillow ZIP-level market for Stinson Beach; mapped with Census 2020 ZCTA 94970 in Marin County.,,,,
94956 Point Reyes Station,zcta,94956,Point Reyes Station,38.0214541,-122.81817,989748,,2016-11-30,10,0,Zillow ZIP-level market for Point Reyes Station; mapped with Census 2020 ZCTA 94956 in Marin County.,,,,
94940 Marshall,zcta,94940,Marshall,38.2039708,-122.8914816,1159303,,2016-11-30,10,0,Zillow ZIP-level market for Marshall; mapped with Census 2020 ZCTA 94940 in Marin County.,,,,
94933 Lagunitas,zcta,94933,Lagunitas,38.0175021,-122.688148,653824,,2016-11-30,10,0,Zillow ZIP-level market for Lagunitas; mapped with Census 2020 ZCTA 94933 in Marin County.,,,,
94971 Tomales,zcta,94971,Tomales,38.2330285,-122.8969589,806692,,2016-11-30,10,0,Zillow ZIP-level market for Tomales; mapped with Census 2020 ZCTA 94971 in Marin County.,,,,
94929 nan,zcta,94929,nan,38.2545284,-122.9623709,932224,,2016-11-30,10,0,Zillow ZIP-level market for nan; mapped with Census 2020 ZCTA 94929 in Marin County.,,,,
94901 San Rafael,zcta,94901,San Rafael,37.980709,-122.5006058,1087679,,2016-12-31,10,0,Zillow ZIP-level market for San Rafael; mapped with Census 2020 ZCTA 94901 in Marin County.,,,,
94941 Mill Valley,zcta,94941,Mill Valley,37.9247747,-122.6001828,1544942,,2016-12-31,10,0,Zillow ZIP-level market for Mill Valley; mapped with Census 2020 ZCTA 94941 in Marin County.,,,,
94903 San Rafael,zcta,94903,San Rafael,38.0221295,-122.55881,895347,,2016-12-31,10,0,Zillow ZIP-level market for San Rafael; mapped with Census 2020 ZCTA 94903 in Marin County.,,,,
94947 Novato,zcta,94947,Novato,38.1061995,-122.6249851,754689,,2016-12-31,10,0,Zillow ZIP-level market for Novato; mapped with Census 2020 ZCTA 94947 in Marin County.,,,,
94949 Novato,zcta,94949,Novato,38.0600944,-122.5064097,876938,,2016-12-31,10,0,Zillow ZIP-level market for Novato; mapped with Census 2020 ZCTA 94949 in Marin County.,,,,
94945 Novato,zcta,94945,Novato,38.1226869,-122.5531417,809198,,2016-12-31,10,0,Zillow ZIP-level market for Novato; mapped with Census 2020 ZCTA 94945 in Marin County.,,,,
94960 San Anselmo,zcta,94960,San Anselmo,37.9970232,-122.5783384,1176518,,2016-12-31,10,0,Zillow ZIP-level market for San Anselmo; mapped with Census 2020 ZCTA 94960 in Marin County.,,,,
94904 Kentfield,zcta,94904,Kentfield,37.9472249,-122.5517753,1823804,,2016-12-31,10,0,Zillow ZIP-level market for Kentfield; mapped with Census 2020 ZCTA 94904 in Marin County.,,,,
94920 Tiburon,zcta,94920,Tiburon,37.8867683,-122.4626194,2547919,,2016-12-31,10,0,Zillow ZIP-level market for Tiburon; mapped with Census 2020 ZCTA 94920 in Marin County.,,,,
94965 Sausalito,zcta,94965,Sausalito,37.8373471,-122.5274824,1561582,,2016-12-31,10,0,Zillow ZIP-level market for Sausalito; mapped with Census 2020 ZCTA 94965 in Marin County.,,,,
94925 Corte Madera,zcta,94925,Corte Madera,37.9318458,-122.5077378,1326996,,2016-12-31,10,0,Zillow ZIP-level market for Corte Madera; mapped with Census 2020 ZCTA 94925 in Marin County.,,,,
94930 Fairfax,zcta,94930,Fairfax,37.9697928,-122.61533,937947,,2016-12-31,10,0,Zillow ZIP-level market for Fairfax; mapped with Census 2020 ZCTA 94930 in Marin County.,,,,
94939 Larkspur,zcta,94939,Larkspur,37.9382519,-122.5359478,1751080,,2016-12-31,10,0,Zillow ZIP-level market for Larkspur; mapped with Census 2020 ZCTA 94939 in Marin County.,,,,
94957 Ross,zcta,94957,Ross,37.9634213,-122.5618079,2908788,,2016-12-31,10,0,Zillow ZIP-level market for Ross; mapped with Census 2020 ZCTA 94957 in Marin County.,,,,
94937 Point Reyes Station,zcta,94937,Point Reyes Station,38.1164824,-122.930353,1105892,,2016-12-31,10,0,Zillow ZIP-level market for Point Reyes Station; mapped with Census 2020 ZCTA 94937 in Marin County.,,,,
94924 Bolinas,zcta,94924,Bolinas,37.9669044,-122.7388158,1443436,,2016-12-31,10,0,Zillow ZIP-level market for Bolinas; mapped with Census 2020 ZCTA 94924 in Marin County.,,,,
94963 Lagunitas,zcta,94963,Lagunitas,38.00761,-122.6647483,942772,,2016-12-31,10,0,Zillow ZIP-level market for Lagunitas; mapped with Census 2020 ZCTA 94963 in Marin County.,,,,
94973 Woodacre,zcta,94973,Woodacre,38.0125906,-122.6394,784995,,2016-12-31,10,0,Zillow ZIP-level market for Woodacre; mapped with Census 2020 ZCTA 94973 in Marin County.,,,,
94946 Nicasio,zcta,94946,Nicasio,38.0747338,-122.6952645,1477770,,2016-12-31,10,0,Zillow ZIP-level market for Nicasio; mapped with Census 2020 ZCTA 94946 in Marin County.,,,,
94938 Bolinas,zcta,94938,Bolinas,38.0302365,-122.7295132,773865,,2016-12-31,10,0,Zillow ZIP-level market for Bolinas; mapped with Census 2020 ZCTA 94938 in Marin County.,,,,
94970 Stinson Beach,zcta,94970,Stinson Beach,37.9258817,-122.6598334,1978400,,2016-12-31,10,0,Zillow ZIP-level market for Stinson Beach; mapped with Census 2020 ZCTA 94970 in Marin County.,,,,
94956 Point Reyes Station,zcta,94956,Point Reyes Station,38.0214541,-122.81817,1004062,,2016-12-31,10,0,Zillow ZIP-level market for Point Reyes Station; mapped with Census 2020 ZCTA 94956 in Marin County.,,,,
94940 Marshall,zcta,94940,Marshall,38.2039708,-122.8914816,1165835,,2016-12-31,10,0,Zillow ZIP-level market for Marshall; mapped with Census 2020 ZCTA 94940 in Marin County.,,,,
94933 Lagunitas,zcta,94933,Lagunitas,38.0175021,-122.688148,659697,,2016-12-31,10,0,Zillow ZIP-level market for Lagunitas; mapped with Census 2020 ZCTA 94933 in Marin County.,,,,
94971 Tomales,zcta,94971,Tomales,38.2330285,-122.8969589,811976,,2016-12-31,10,0,Zillow ZIP-level market for Tomales; mapped with Census 2020 ZCTA 94971 in Marin County.,,,,
94929 nan,zcta,94929,nan,38.2545284,-122.9623709,942964,,2016-12-31,10,0,Zillow ZIP-level market for nan; mapped with Census 2020 ZCTA 94929 in Marin County.,,,,
94901 San Rafael,zcta,94901,San Rafael,37.980709,-122.5006058,1098136,,2017-01-31,10,0,Zillow ZIP-level market for San Rafael; mapped with Census 2020 ZCTA 94901 in Marin County.,,,,
94941 Mill Valley,zcta,94941,Mill Valley,37.9247747,-122.6001828,1556860,,2017-01-31,10,0,Zillow ZIP-level market for Mill Valley; mapped with Census 2020 ZCTA 94941 in Marin County.,,,,
94903 San Rafael,zcta,94903,San Rafael,38.0221295,-122.55881,903407,,2017-01-31,10,0,Zillow ZIP-level market for San Rafael; mapped with Census 2020 ZCTA 94903 in Marin County.,,,,
94947 Novato,zcta,94947,Novato,38.1061995,-122.6249851,762798,,2017-01-31,10,0,Zillow ZIP-level market for Novato; mapped with Census 2020 ZCTA 94947 in Marin County.,,,,
94949 Novato,zcta,94949,Novato,38.0600944,-122.5064097,885850,,2017-01-31,10,0,Zillow ZIP-level market for Novato; mapped with Census 2020 ZCTA 94949 in Marin County.,,,,
94945 Novato,zcta,94945,Novato,38.1226869,-122.5531417,816358,,2017-01-31,10,0,Zillow ZIP-level market for Novato; mapped with Census 2020 ZCTA 94945 in Marin County.,,,,
94960 San Anselmo,zcta,94960,San Anselmo,37.9970232,-122.5783384,1188759,,2017-01-31,10,0,Zillow ZIP-level market for San Anselmo; mapped with Census 2020 ZCTA 94960 in Marin County.,,,,
94904 Kentfield,zcta,94904,Kentfield,37.9472249,-122.5517753,1834281,,2017-01-31,10,0,Zillow ZIP-level market for Kentfield; mapped with Census 2020 ZCTA 94904 in Marin County.,,,,
94920 Tiburon,zcta,94920,Tiburon,37.8867683,-122.4626194,2565474,,2017-01-31,10,0,Zillow ZIP-level market for Tiburon; mapped with Census 2020 ZCTA 94920 in Marin County.,,,,
94965 Sausalito,zcta,94965,Sausalito,37.8373471,-122.5274824,1575642,,2017-01-31,10,0,Zillow ZIP-level market for Sausalito; mapped with Census 2020 ZCTA 94965 in Marin County.,,,,
94925 Corte Madera,zcta,94925,Corte Madera,37.9318458,-122.5077378,1344182,,2017-01-31,10,0,Zillow ZIP-level market for Corte Madera; mapped with Census 2020 ZCTA 94925 in Marin County.,,,,
94930 Fairfax,zcta,94930,Fairfax,37.9697928,-122.61533,949034,,2017-01-31,10,0,Zillow ZIP-level market for Fairfax; mapped with Census 2020 ZCTA 94930 in Marin County.,,,,
94939 Larkspur,zcta,94939,Larkspur,37.9382519,-122.5359478,1771143,,2017-01-31,10,0,Zillow ZIP-level market for Larkspur; mapped with Census 2020 ZCTA 94939 in Marin County.,,,,
94957 Ross,zcta,94957,Ross,37.9634213,-122.5618079,2935742,,2017-01-31,10,0,Zillow ZIP-level market for Ross; mapped with Census 2020 ZCTA 94957 in Marin County.,,,,
94937 Point Reyes Station,zcta,94937,Point Reyes Station,38.1164824,-122.930353,1119232,,2017-01-31,10,0,Zillow ZIP-level market for Point Reyes Station; mapped with Census 2020 ZCTA 94937 in Marin County.,,,,
94924 Bolinas,zcta,94924,Bolinas,37.9669044,-122.7388158,1464157,,2017-01-31,10,0,Zillow ZIP-level market for Bolinas; mapped with Census 2020 ZCTA 94924 in Marin County.,,,,
94963 Lagunitas,zcta,94963,Lagunitas,38.00761,-122.6647483,954832,,2017-01-31,10,0,Zillow ZIP-level market for Lagunitas; mapped with Census 2020 ZCTA 94963 in Marin County.,,,,
94973 Woodacre,zcta,94973,Woodacre,38.0125906,-122.6394,793244,,2017-01-31,10,0,Zillow ZIP-level market for Woodacre; mapped with Census 2020 ZCTA 94973 in Marin County.,,,,
94946 Nicasio,zcta,94946,Nicasio,38.0747338,-122.6952645,1485373,,2017-01-31,10,0,Zillow ZIP-level market for Nicasio; mapped with Census 2020 ZCTA 94946 in Marin County.,,,,
94938 Bolinas,zcta,94938,Bolinas,38.0302365,-122.7295132,786534,,2017-01-31,10,0,Zillow ZIP-level market for Bolinas; mapped with Census 2020 ZCTA 94938 in Marin County.,,,,
94970 Stinson Beach,zcta,94970,Stinson Beach,37.9258817,-122.6598334,2010806,,2017-01-31,10,0,Zillow ZIP-level market for Stinson Beach; mapped with Census 2020 ZCTA 94970 in Marin County.,,,,
94956 Point Reyes Station,zcta,94956,Point Reyes Station,38.0214541,-122.81817,1018197,,2017-01-31,10,0,Zillow ZIP-level market for Point Reyes Station; mapped with Census 2020 ZCTA 94956 in Marin County.,,,,
94940 Marshall,zcta,94940,Marshall,38.2039708,-122.8914816,1179645,,2017-01-31,10,0,Zillow ZIP-level market for Marshall; mapped with Census 2020 ZCTA 94940 in Marin County.,,,,
94933 Lagunitas,zcta,94933,Lagunitas,38.0175021,-122.688148,669511,,2017-01-31,10,0,Zillow ZIP-level market for Lagunitas; mapped with Census 2020 ZCTA 94933 in Marin County.,,,,
94971 Tomales,zcta,94971,Tomales,38.2330285,-122.8969589,818959,,2017-01-31,10,0,Zillow ZIP-level market for Tomales; mapped with Census 2020 ZCTA 94971 in Marin County.,,,,
94929 nan,zcta,94929,nan,38.2545284,-122.9623709,957829,,2017-01-31,10,0,Zillow ZIP-level market for nan; mapped with Census 2020 ZCTA 94929 in Marin County.,,,,
94901 San Rafael,zcta,94901,San Rafael,37.980709,-122.5006058,1109552,,2017-02-28,10,0,Zillow ZIP-level market for San Rafael; mapped with Census 2020 ZCTA 94901 in Marin County.,,,,
94941 Mill Valley,zcta,94941,Mill Valley,37.9247747,-122.6001828,1573444,,2017-02-28,10,0,Zillow ZIP-level market for Mill Valley; mapped with Census 2020 ZCTA 94941 in Marin County.,,,,
94903 San Rafael,zcta,94903,San Rafael,38.0221295,-122.55881,911732,,2017-02-28,10,0,Zillow ZIP-level market for San Rafael; mapped with Census 2020 ZCTA 94903 in Marin County.,,,,
94947 Novato,zcta,94947,Novato,38.1061995,-122.6249851,769449,,2017-02-28,10,0,Zillow ZIP-level market for Novato; mapped with Census 2020 ZCTA 94947 in Marin County.,,,,
94949 Novato,zcta,94949,Novato,38.0600944,-122.5064097,895161,,2017-02-28,10,0,Zillow ZIP-level market for Novato; mapped with Census 2020 ZCTA 94949 in Marin County.,,,,
94945 Novato,zcta,94945,Novato,38.1226869,-122.5531417,823729,,2017-02-28,10,0,Zillow ZIP-level market for Novato; mapped with Census 2020 ZCTA 94945 in Marin County.,,,,
94960 San Anselmo,zcta,94960,San Anselmo,37.9970232,-122.5783384,1201732,,2017-02-28,10,0,Zillow ZIP-level market for San Anselmo; mapped with Census 2020 ZCTA 94960 in Marin County.,,,,
94904 Kentfield,zcta,94904,Kentfield,37.9472249,-122.5517753,1849455,,2017-02-28,10,0,Zillow ZIP-level market for Kentfield; mapped with Census 2020 ZCTA 94904 in Marin County.,,,,
94920 Tiburon,zcta,94920,Tiburon,37.8867683,-122.4626194,2593440,,2017-02-28,10,0,Zillow ZIP-level market for Tiburon; mapped with Census 2020 ZCTA 94920 in Marin County.,,,,
94965 Sausalito,zcta,94965,Sausalito,37.8373471,-122.5274824,1587266,,2017-02-28,10,0,Zillow ZIP-level market for Sausalito; mapped with Census 2020 ZCTA 94965 in Marin County.,,,,
94925 Corte Madera,zcta,94925,Corte Madera,37.9318458,-122.5077378,1360307,,2017-02-28,10,0,Zillow ZIP-level market for Corte Madera; mapped with Census 2020 ZCTA 94925 in Marin County.,,,,
94930 Fairfax,zcta,94930,Fairfax,37.9697928,-122.61533,961012,,2017-02-28,10,0,Zillow ZIP-level market for Fairfax; mapped with Census 2020 ZCTA 94930 in Marin County.,,,,
94939 Larkspur,zcta,94939,Larkspur,37.9382519,-122.5359478,1793988,,2017-02-28,10,0,Zillow ZIP-level market for Larkspur; mapped with Census 2020 ZCTA 94939 in Marin County.,,,,
94957 Ross,zcta,94957,Ross,37.9634213,-122.5618079,2972917,,2017-02-28,10,0,Zillow ZIP-level market for Ross; mapped with Census 2020 ZCTA 94957 in Marin County.,,,,
94937 Point Reyes Station,zcta,94937,Point Reyes Station,38.1164824,-122.930353,1131868,,2017-02-28,10,0,Zillow ZIP-level market for Point Reyes Station; mapped with Census 2020 ZCTA 94937 in Marin County.,,,,
94924 Bolinas,zcta,94924,Bolinas,37.9669044,-122.7388158,1483238,,2017-02-28,10,0,Zillow ZIP-level market for Bolinas; mapped with Census 2020 ZCTA 94924 in Marin County.,,,,
94963 Lagunitas,zcta,94963,Lagunitas,38.00761,-122.6647483,967458,,2017-02-28,10,0,Zillow ZIP-level market for Lagunitas; mapped with Census 2020 ZCTA 94963 in Marin County.,,,,
94973 Woodacre,zcta,94973,Woodacre,38.0125906,-122.6394,803789,,2017-02-28,10,0,Zillow ZIP-level market for Woodacre; mapped with Census 2020 ZCTA 94973 in Marin County.,,,,
94946 Nicasio,zcta,94946,Nicasio,38.0747338,-122.6952645,1498354,,2017-02-28,10,0,Zillow ZIP-level market for Nicasio; mapped with Census 2020 ZCTA 94946 in Marin County.,,,,
94938 Bolinas,zcta,94938,Bolinas,38.0302365,-122.7295132,796840,,2017-02-28,10,0,Zillow ZIP-level market for Bolinas; mapped with Census 2020 ZCTA 94938 in Marin County.,,,,
94970 Stinson Beach,zcta,94970,Stinson Beach,37.9258817,-122.6598334,2043360,,2017-02-28,10,0,Zillow ZIP-level market for Stinson Beach; mapped with Census 2020 ZCTA 94970 in Marin County.,,,,
94956 Point Reyes Station,zcta,94956,Point Reyes Station,38.0214541,-122.81817,1030923,,2017-02-28,10,0,Zillow ZIP-level market for Point Reyes Station; mapped with Census 2020 ZCTA 94956 in Marin County.,,,,
94940 Marshall,zcta,94940,Marshall,38.2039708,-122.8914816,1195118,,2017-02-28,10,0,Zillow ZIP-level market for Marshall; mapped with Census 2020 ZCTA 94940 in Marin County.,,,,
94933 Lagunitas,zcta,94933,Lagunitas,38.0175021,-122.688148,679414,,2017-02-28,10,0,Zillow ZIP-level market for Lagunitas; mapped with Census 2020 ZCTA 94933 in Marin County.,,,,
94971 Tomales,zcta,94971,Tomales,38.2330285,-122.8969589,830861,,2017-02-28,10,0,Zillow ZIP-level market for Tomales; mapped with Census 2020 ZCTA 94971 in Marin County.,,,,
94929 nan,zcta,94929,nan,38.2545284,-122.9623709,973257,,2017-02-28,10,0,Zillow ZIP-level market for nan; mapped with Census 2020 ZCTA 94929 in Marin County.,,,,
94901 San Rafael,zcta,94901,San Rafael,37.980709,-122.5006058,1116489,,2017-03-31,10,0,Zillow ZIP-level market for San Rafael; mapped with Census 2020 ZCTA 94901 in Marin County.,,,,
94941 Mill Valley,zcta,94941,Mill Valley,37.9247747,-122.6001828,1587875,,2017-03-31,10,0,Zillow ZIP-level market for Mill Valley; mapped with Census 2020 ZCTA 94941 in Marin County.,,,,
94903 San Rafael,zcta,94903,San Rafael,38.0221295,-122.55881,917440,,2017-03-31,10,0,Zillow ZIP-level market for San Rafael; mapped with Census 2020 ZCTA 94903 in Marin County.,,,,
94947 Novato,zcta,94947,Novato,38.1061995,-122.6249851,773042,,2017-03-31,10,0,Zillow ZIP-level market for Novato; mapped with Census 2020 ZCTA 94947 in Marin County.,,,,
94949 Novato,zcta,94949,Novato,38.0600944,-122.5064097,901192,,2017-03-31,10,0,Zillow ZIP-level market for Novato; mapped with Census 2020 ZCTA 94949 in Marin County.,,,,
94945 Novato,zcta,94945,Novato,38.1226869,-122.5531417,828694,,2017-03-31,10,0,Zillow ZIP-level market for Novato; mapped with Census 2020 ZCTA 94945 in Marin County.,,,,
94960 San Anselmo,zcta,94960,San Anselmo,37.9970232,-122.5783384,1210190,,2017-03-31,10,0,Zillow ZIP-level market for San Anselmo; mapped with Census 2020 ZCTA 94960 in Marin County.,,,,
94904 Kentfield,zcta,94904,Kentfield,37.9472249,-122.5517753,1858169,,2017-03-31,10,0,Zillow ZIP-level market for Kentfield; mapped with Census 2020 ZCTA 94904 in Marin County.,,,,
94920 Tiburon,zcta,94920,Tiburon,37.8867683,-122.4626194,2621388,,2017-03-31,10,0,Zillow ZIP-level market for Tiburon; mapped with Census 2020 ZCTA 94920 in Marin County.,,,,
94965 Sausalito,zcta,94965,Sausalito,37.8373471,-122.5274824,1593219,,2017-03-31,10,0,Zillow ZIP-level market for Sausalito; mapped with Census 2020 ZCTA 94965 in Marin County.,,,,
94925 Corte Madera,zcta,94925,Corte Madera,37.9318458,-122.5077378,1369179,,2017-03-31,10,0,Zillow ZIP-level market for Corte Madera; mapped with Census 2020 ZCTA 94925 in Marin County.,,,,
94930 Fairfax,zcta,94930,Fairfax,37.9697928,-122.61533,968920,,2017-03-31,10,0,Zillow ZIP-level market for Fairfax; mapped with Census 2020 ZCTA 94930 in Marin County.,,,,
94939 Larkspur,zcta,94939,Larkspur,37.9382519,-122.5359478,1813666,,2017-03-31,10,0,Zillow ZIP-level market for Larkspur; mapped with Census 2020 ZCTA 94939 in Marin County.,,,,
94957 Ross,zcta,94957,Ross,37.9634213,-122.5618079,2999843,,2017-03-31,10,0,Zillow ZIP-level market for Ross; mapped with Census 2020 ZCTA 94957 in Marin County.,,,,
94937 Point Reyes Station,zcta,94937,Point Reyes Station,38.1164824,-122.930353,1135953,,2017-03-31,10,0,Zillow ZIP-level market for Point Reyes Station; mapped with Census 2020 ZCTA 94937 in Marin County.,,,,
94924 Bolinas,zcta,94924,Bolinas,37.9669044,-122.7388158,1487844,,2017-03-31,10,0,Zillow ZIP-level market for Bolinas; mapped with Census 2020 ZCTA 94924 in Marin County.,,,,
94963 Lagunitas,zcta,94963,Lagunitas,38.00761,-122.6647483,971419,,2017-03-31,10,0,Zillow ZIP-level market for Lagunitas; mapped with Census 2020 ZCTA 94963 in Marin County.,,,,
94973 Woodacre,zcta,94973,Woodacre,38.0125906,-122.6394,812892,,2017-03-31,10,0,Zillow ZIP-level market for Woodacre; mapped with Census 2020 ZCTA 94973 in Marin County.,,,,
94946 Nicasio,zcta,94946,Nicasio,38.0747338,-122.6952645,1508418,,2017-03-31,10,0,Zillow ZIP-level market for Nicasio; mapped with Census 2020 ZCTA 94946 in Marin County.,,,,
94938 Bolinas,zcta,94938,Bolinas,38.0302365,-122.7295132,804238,,2017-03-31,10,0,Zillow ZIP-level market for Bolinas; mapped with Census 2020 ZCTA 94938 in Marin County.,,,,
94970 Stinson Beach,zcta,94970,Stinson Beach,37.9258817,-122.6598334,2055987,,2017-03-31,10,0,Zillow ZIP-level market for Stinson Beach; mapped with Census 2020 ZCTA 94970 in Marin County.,,,,
94956 Point Reyes Station,zcta,94956,Point Reyes Station,38.0214541,-122.81817,1039248,,2017-03-31,10,0,Zillow ZIP-level market for Point Reyes Station; mapped with Census 2020 ZCTA 94956 in Marin County.,,,,
94940 Marshall,zcta,94940,Marshall,38.2039708,-122.8914816,1205322,,2017-03-31,10,0,Zillow ZIP-level market for Marshall; mapped with Census 2020 ZCTA 94940 in Marin County.,,,,
94933 Lagunitas,zcta,94933,Lagunitas,38.0175021,-122.688148,686640,,2017-03-31,10,0,Zillow ZIP-level market for Lagunitas; mapped with Census 2020 ZCTA 94933 in Marin County.,,,,
94971 Tomales,zcta,94971,Tomales,38.2330285,-122.8969589,840937,,2017-03-31,10,0,Zillow ZIP-level market for Tomales; mapped with Census 2020 ZCTA 94971 in Marin County.,,,,
94929 nan,zcta,94929,nan,38.2545284,-122.9623709,983230,,2017-03-31,10,0,Zillow ZIP-level market for nan; mapped with Census 2020 ZCTA 94929 in Marin County.,,,,
94901 San Rafael,zcta,94901,San Rafael,37.980709,-122.5006058,1122596,,2017-04-30,10,0,Zillow ZIP-level market for San Rafael; mapped with Census 2020 ZCTA 94901 in Marin County.,,,,
94941 Mill Valley,zcta,94941,Mill Valley,37.9247747,-122.6001828,1595713,,2017-04-30,10,0,Zillow ZIP-level market for Mill Valley; mapped with Census 2020 ZCTA 94941 in Marin County.,,,,
94903 San Rafael,zcta,94903,San Rafael,38.0221295,-122.55881,920661,,2017-04-30,10,0,Zillow ZIP-level market for San Rafael; mapped with Census 2020 ZCTA 94903 in Marin County.,,,,
94947 Novato,zcta,94947,Novato,38.1061995,-122.6249851,774204,,2017-04-30,10,0,Zillow ZIP-level market for Novato; mapped with Census 2020 ZCTA 94947 in Marin County.,,,,
94949 Novato,zcta,94949,Novato,38.0600944,-122.5064097,902940,,2017-04-30,10,0,Zillow ZIP-level market for Novato; mapped with Census 2020 ZCTA 94949 in Marin County.,,,,
94945 Novato,zcta,94945,Novato,38.1226869,-122.5531417,831432,,2017-04-30,10,0,Zillow ZIP-level market for Novato; mapped with Census 2020 ZCTA 94945 in Marin County.,,,,
94960 San Anselmo,zcta,94960,San Anselmo,37.9970232,-122.5783384,1217672,,2017-04-30,10,0,Zillow ZIP-level market for San Anselmo; mapped with Census 2020 ZCTA 94960 in Marin County.,,,,
94904 Kentfield,zcta,94904,Kentfield,37.9472249,-122.5517753,1865541,,2017-04-30,10,0,Zillow ZIP-level market for Kentfield; mapped with Census 2020 ZCTA 94904 in Marin County.,,,,
94920 Tiburon,zcta,94920,Tiburon,37.8867683,-122.4626194,2644933,,2017-04-30,10,0,Zillow ZIP-level market for Tiburon; mapped with Census 2020 ZCTA 94920 in Marin County.,,,,
94965 Sausalito,zcta,94965,Sausalito,37.8373471,-122.5274824,1600869,,2017-04-30,10,0,Zillow ZIP-level market for Sausalito; mapped with Census 2020 ZCTA 94965 in Marin County.,,,,
94925 Corte Madera,zcta,94925,Corte Madera,37.9318458,-122.5077378,1372883,,2017-04-30,10,0,Zillow ZIP-level market for Corte Madera; mapped with Census 2020 ZCTA 94925 in Marin County.,,,,
94930 Fairfax,zcta,94930,Fairfax,37.9697928,-122.61533,973929,,2017-04-30,10,0,Zillow ZIP-level market for Fairfax; mapped with Census 2020 ZCTA 94930 in Marin County.,,,,
94939 Larkspur,zcta,94939,Larkspur,37.9382519,-122.5359478,1824019,,2017-04-30,10,0,Zillow ZIP-level market for Larkspur; mapped with Census 2020 ZCTA 94939 in Marin County.,,,,
94957 Ross,zcta,94957,Ross,37.9634213,-122.5618079,3019648,,2017-04-30,10,0,Zillow ZIP-level market for Ross; mapped with Census 2020 ZCTA 94957 in Marin County.,,,,
94937 Point Reyes Station,zcta,94937,Point Reyes Station,38.1164824,-122.930353,1134947,,2017-04-30,10,0,Zillow ZIP-level market for Point Reyes Station; mapped with Census 2020 ZCTA 94937 in Marin County.,,,,
94924 Bolinas,zcta,94924,Bolinas,37.9669044,-122.7388158,1486352,,2017-04-30,10,0,Zillow ZIP-level market for Bolinas; mapped with Census 2020 ZCTA 94924 in Marin County.,,,,
94963 Lagunitas,zcta,94963,Lagunitas,38.00761,-122.6647483,972327,,2017-04-30,10,0,Zillow ZIP-level market for Lagunitas; mapped with Census 2020 ZCTA 94963 in Marin County.,,,,
94973 Woodacre,zcta,94973,Woodacre,38.0125906,-122.6394,819426,,2017-04-30,10,0,Zillow ZIP-level market for Woodacre; mapped with Census 2020 ZCTA 94973 in Marin County.,,,,
94946 Nicasio,zcta,94946,Nicasio,38.0747338,-122.6952645,1516619,,2017-04-30,10,0,Zillow ZIP-level market for Nicasio; mapped with Census 2020 ZCTA 94946 in Marin County.,,,,
94938 Bolinas,zcta,94938,Bolinas,38.0302365,-122.7295132,805195,,2017-04-30,10,0,Zillow ZIP-level market for Bolinas; mapped with Census 2020 ZCTA 94938 in Marin County.,,,,
94970 Stinson Beach,zcta,94970,Stinson Beach,37.9258817,-122.6598334,2065496,,2017-04-30,10,0,Zillow ZIP-level market for Stinson Beach; mapped with Census 2020 ZCTA 94970 in Marin County.,,,,
94956 Point Reyes Station,zcta,94956,Point Reyes Station,38.0214541,-122.81817,1044370,,2017-04-30,10,0,Zillow ZIP-level market for Point Reyes Station; mapped with Census 2020 ZCTA 94956 in Marin County.,,,,
94940 Marshall,zcta,94940,Marshall,38.2039708,-122.8914816,1210912,,2017-04-30,10,0,Zillow ZIP-level market for Marshall; mapped with Census 2020 ZCTA 94940 in Marin County.,,,,
94933 Lagunitas,zcta,94933,Lagunitas,38.0175021,-122.688148,688864,,2017-04-30,10,0,Zillow ZIP-level market for Lagunitas; mapped with Census 2020 ZCTA 94933 in Marin County.,,,,
94971 Tomales,zcta,94971,Tomales,38.2330285,-122.8969589,850495,,2017-04-30,10,0,Zillow ZIP-level market for Tomales; mapped with Census 2020 ZCTA 94971 in Marin County.,,,,
94929 nan,zcta,94929,nan,38.2545284,-122.9623709,986882,,2017-04-30,10,0,Zillow ZIP-level market for nan; mapped with Census 2020 ZCTA 94929 in Marin County.,,,,
94901 San Rafael,zcta,94901,San Rafael,37.980709,-122.5006058,1125429,,2017-05-31,10,0,Zillow ZIP-level market for San Rafael; mapped with Census 2020 ZCTA 94901 in Marin County.,,,,
94941 Mill Valley,zcta,94941,Mill Valley,37.9247747,-122.6001828,1592570,,2017-05-31,10,0,Zillow ZIP-level market for Mill Valley; mapped with Census 2020 ZCTA 94941 in Marin County.,,,,
94903 San Rafael,zcta,94903,San Rafael,38.0221295,-122.55881,922963,,2017-05-31,10,0,Zillow ZIP-level market for San Rafael; mapped with Census 2020 ZCTA 94903 in Marin County.,,,,
94947 Novato,zcta,94947,Novato,38.1061995,-122.6249851,773341,,2017-05-31,10,0,Zillow ZIP-level market for Novato; mapped with Census 2020 ZCTA 94947 in Marin County.,,,,
94949 Novato,zcta,94949,Novato,38.0600944,-122.5064097,901100,,2017-05-31,10,0,Zillow ZIP-level market for Novato; mapped with Census 2020 ZCTA 94949 in Marin County.,,,,
94945 Novato,zcta,94945,Novato,38.1226869,-122.5531417,831561,,2017-05-31,10,0,Zillow ZIP-level market for Novato; mapped with Census 2020 ZCTA 94945 in Marin County.,,,,
94960 San Anselmo,zcta,94960,San Anselmo,37.9970232,-122.5783384,1220338,,2017-05-31,10,0,Zillow ZIP-level market for San Anselmo; mapped with Census 2020 ZCTA 94960 in Marin County.,,,,
94904 Kentfield,zcta,94904,Kentfield,37.9472249,-122.5517753,1867173,,2017-05-31,10,0,Zillow ZIP-level market for Kentfield; mapped with Census 2020 ZCTA 94904 in Marin County.,,,,
94920 Tiburon,zcta,94920,Tiburon,37.8867683,-122.4626194,2655707,,2017-05-31,10,0,Zillow ZIP-level market for Tiburon; mapped with Census 2020 ZCTA 94920 in Marin County.,,,,
94965 Sausalito,zcta,94965,Sausalito,37.8373471,-122.5274824,1605060,,2017-05-31,10,0,Zillow ZIP-level market for Sausalito; mapped with Census 2020 ZCTA 94965 in Marin County.,,,,
94925 Corte Madera,zcta,94925,Corte Madera,37.9318458,-122.5077378,1371508,,2017-05-31,10,0,Zillow ZIP-level market for Corte Madera; mapped with Census 2020 ZCTA 94925 in Marin County.,,,,
94930 Fairfax,zcta,94930,Fairfax,37.9697928,-122.61533,976357,,2017-05-31,10,0,Zillow ZIP-level market for Fairfax; mapped with Census 2020 ZCTA 94930 in Marin County.,,,,
94939 Larkspur,zcta,94939,Larkspur,37.9382519,-122.5359478,1826232,,2017-05-31,10,0,Zillow ZIP-level market for Larkspur; mapped with Census 2020 ZCTA 94939 in Marin County.,,,,
94957 Ross,zcta,94957,Ross,37.9634213,-122.5618079,3029593,,2017-05-31,10,0,Zillow ZIP-level market for Ross; mapped with Census 2020 ZCTA 94957 in Marin County.,,,,
94937 Point Reyes Station,zcta,94937,Point Reyes Station,38.1164824,-122.930353,1131602,,2017-05-31,10,0,Zillow ZIP-level market for Point Reyes Station; mapped with Census 2020 ZCTA 94937 in Marin County.,,,,
94924 Bolinas,zcta,94924,Bolinas,37.9669044,-122.7388158,1478982,,2017-05-31,10,0,Zillow ZIP-level market for Bolinas; mapped with Census 2020 ZCTA 94924 in Marin County.,,,,
94963 Lagunitas,zcta,94963,Lagunitas,38.00761,-122.6647483,969672,,2017-05-31,10,0,Zillow ZIP-level market for Lagunitas; mapped with Census 2020 ZCTA 94963 in Marin County.,,,,
94973 Woodacre,zcta,94973,Woodacre,38.0125906,-122.6394,822696,,2017-05-31,10,0,Zillow ZIP-level market for Woodacre; mapped with Census 2020 ZCTA 94973 in Marin County.,,,,
94946 Nicasio,zcta,94946,Nicasio,38.0747338,-122.6952645,1522571,,2017-05-31,10,0,Zillow ZIP-level market for Nicasio; mapped with Census 2020 ZCTA 94946 in Marin County.,,,,
94938 Bolinas,zcta,94938,Bolinas,38.0302365,-122.7295132,804904,,2017-05-31,10,0,Zillow ZIP-level market for Bolinas; mapped with Census 2020 ZCTA 94938 in Marin County.,,,,
94970 Stinson Beach,zcta,94970,Stinson Beach,37.9258817,-122.6598334,2069098,,2017-05-31,10,0,Zillow ZIP-level market for Stinson Beach; mapped with Census 2020 ZCTA 94970 in Marin County.,,,,
94956 Point Reyes Station,zcta,94956,Point Reyes Station,38.0214541,-122.81817,1047349,,2017-05-31,10,0,Zillow ZIP-level market for Point Reyes Station; mapped with Census 2020 ZCTA 94956 in Marin County.,,,,
94940 Marshall,zcta,94940,Marshall,38.2039708,-122.8914816,1210779,,2017-05-31,10,0,Zillow ZIP-level market for Marshall; mapped with Census 2020 ZCTA 94940 in Marin County.,,,,
94933 Lagunitas,zcta,94933,Lagunitas,38.0175021,-122.688148,689858,,2017-05-31,10,0,Zillow ZIP-level market for Lagunitas; mapped with Census 2020 ZCTA 94933 in Marin County.,,,,
94971 Tomales,zcta,94971,Tomales,38.2330285,-122.8969589,854242,,2017-05-31,10,0,Zillow ZIP-level market for Tomales; mapped with Census 2020 ZCTA 94971 in Marin County.,,,,
94929 nan,zcta,94929,nan,38.2545284,-122.9623709,987948,,2017-05-31,10,0,Zillow ZIP-level market for nan; mapped with Census 2020 ZCTA 94929 in Marin County.,,,,
94901 San Rafael,zcta,94901,San Rafael,37.980709,-122.5006058,1130726,,2017-06-30,10,0,Zillow ZIP-level market for San Rafael; mapped with Census 2020 ZCTA 94901 in Marin County.,,,,
94941 Mill Valley,zcta,94941,Mill Valley,37.9247747,-122.6001828,1588986,,2017-06-30,10,0,Zillow ZIP-level market for Mill Valley; mapped with Census 2020 ZCTA 94941 in Marin County.,,,,
94903 San Rafael,zcta,94903,San Rafael,38.0221295,-122.55881,926666,,2017-06-30,10,0,Zillow ZIP-level market for San Rafael; mapped with Census 2020 ZCTA 94903 in Marin County.,,,,
94947 Novato,zcta,94947,Novato,38.1061995,-122.6249851,773007,,2017-06-30,10,0,Zillow ZIP-level market for Novato; mapped with Census 2020 ZCTA 94947 in Marin County.,,,,
94949 Novato,zcta,94949,Novato,38.0600944,-122.5064097,899019,,2017-06-30,10,0,Zillow ZIP-level market for Novato; mapped with Census 2020 ZCTA 94949 in Marin County.,,,,
94945 Novato,zcta,94945,Novato,38.1226869,-122.5531417,832196,,2017-06-30,10,0,Zillow ZIP-level market for Novato; mapped with Census 2020 ZCTA 94945 in Marin County.,,,,
94960 San Anselmo,zcta,94960,San Anselmo,37.9970232,-122.5783384,1223091,,2017-06-30,10,0,Zillow ZIP-level market for San Anselmo; mapped with Census 2020 ZCTA 94960 in Marin County.,,,,
94904 Kentfield,zcta,94904,Kentfield,37.9472249,-122.5517753,1873436,,2017-06-30,10,0,Zillow ZIP-level market for Kentfield; mapped with Census 2020 ZCTA 94904 in Marin County.,,,,
94920 Tiburon,zcta,94920,Tiburon,37.8867683,-122.4626194,2669905,,2017-06-30,10,0,Zillow ZIP-level market for Tiburon; mapped with Census 2020 ZCTA 94920 in Marin County.,,,,
94965 Sausalito,zcta,94965,Sausalito,37.8373471,-122.5274824,1616360,,2017-06-30,10,0,Zillow ZIP-level market for Sausalito; mapped with Census 2020 ZCTA 94965 in Marin County.,,,,
94925 Corte Madera,zcta,94925,Corte Madera,37.9318458,-122.5077378,1371016,,2017-06-30,10,0,Zillow ZIP-level market for Corte Madera; mapped with Census 2020 ZCTA 94925 in Marin County.,,,,
94930 Fairfax,zcta,94930,Fairfax,37.9697928,-122.61533,979969,,2017-06-30,10,0,Zillow ZIP-level market for Fairfax; mapped with Census 2020 ZCTA 94930 in Marin County.,,,,
94939 Larkspur,zcta,94939,Larkspur,37.9382519,-122.5359478,1829142,,2017-06-30,10,0,Zillow ZIP-level market for Larkspur; mapped with Census 2020 ZCTA 94939 in Marin County.,,,,
94957 Ross,zcta,94957,Ross,37.9634213,-122.5618079,3036280,,2017-06-30,10,0,Zillow ZIP-level market for Ross; mapped with Census 2020 ZCTA 94957 in Marin County.,,,,
94937 Point Reyes Station,zcta,94937,Point Reyes Station,38.1164824,-122.930353,1130961,,2017-06-30,10,0,Zillow ZIP-level market for Point Reyes Station; mapped with Census 2020 ZCTA 94937 in Marin County.,,,,
94924 Bolinas,zcta,94924,Bolinas,37.9669044,-122.7388158,1487086,,2017-06-30,10,0,Zillow ZIP-level market for Bolinas; mapped with Census 2020 ZCTA 94924 in Marin County.,,,,
94963 Lagunitas,zcta,94963,Lagunitas,38.00761,-122.6647483,972611,,2017-06-30,10,0,Zillow ZIP-level market for Lagunitas; mapped with Census 2020 ZCTA 94963 in Marin County.,,,,
94973 Woodacre,zcta,94973,Woodacre,38.0125906,-122.6394,824908,,2017-06-30,10,0,Zillow ZIP-level market for Woodacre; mapped with Census 2020 ZCTA 94973 in Marin County.,,,,
94946 Nicasio,zcta,94946,Nicasio,38.0747338,-122.6952645,1534949,,2017-06-30,10,0,Zillow ZIP-level market for Nicasio; mapped with Census 2020 ZCTA 94946 in Marin County.,,,,
94938 Bolinas,zcta,94938,Bolinas,38.0302365,-122.7295132,807335,,2017-06-30,10,0,Zillow ZIP-level market for Bolinas; mapped with Census 2020 ZCTA 94938 in Marin County.,,,,
94970 Stinson Beach,zcta,94970,Stinson Beach,37.9258817,-122.6598334,2075104,,2017-06-30,10,0,Zillow ZIP-level market for Stinson Beach; mapped with Census 2020 ZCTA 94970 in Marin County.,,,,
94956 Point Reyes Station,zcta,94956,Point Reyes Station,38.0214541,-122.81817,1051866,,2017-06-30,10,0,Zillow ZIP-level market for Point Reyes Station; mapped with Census 2020 ZCTA 94956 in Marin County.,,,,
94940 Marshall,zcta,94940,Marshall,38.2039708,-122.8914816,1214722,,2017-06-30,10,0,Zillow ZIP-level market for Marshall; mapped with Census 2020 ZCTA 94940 in Marin County.,,,,
94933 Lagunitas,zcta,94933,Lagunitas,38.0175021,-122.688148,694186,,2017-06-30,10,0,Zillow ZIP-level market for Lagunitas; mapped with Census 2020 ZCTA 94933 in Marin County.,,,,
94971 Tomales,zcta,94971,Tomales,38.2330285,-122.8969589,861772,,2017-06-30,10,0,Zillow ZIP-level market for Tomales; mapped with Census 2020 ZCTA 94971 in Marin County.,,,,
94929 nan,zcta,94929,nan,38.2545284,-122.9623709,992699,,2017-06-30,10,0,Zillow ZIP-level market for nan; mapped with Census 2020 ZCTA 94929 in Marin County.,,,,
94901 San Rafael,zcta,94901,San Rafael,37.980709,-122.5006058,1133530,,2017-07-31,10,0,Zillow ZIP-level market for San Rafael; mapped with Census 2020 ZCTA 94901 in Marin County.,,,,
94941 Mill Valley,zcta,94941,Mill Valley,37.9247747,-122.6001828,1586674,,2017-07-31,10,0,Zillow ZIP-level market for Mill Valley; mapped with Census 2020 ZCTA 94941 in Marin County.,,,,
94903 San Rafael,zcta,94903,San Rafael,38.0221295,-122.55881,929368,,2017-07-31,10,0,Zillow ZIP-level market for San Rafael; mapped with Census 2020 ZCTA 94903 in Marin County.,,,,
94947 Novato,zcta,94947,Novato,38.1061995,-122.6249851,772648,,2017-07-31,10,0,Zillow ZIP-level market for Novato; mapped with Census 2020 ZCTA 94947 in Marin County.,,,,
94949 Novato,zcta,94949,Novato,38.0600944,-122.5064097,897512,,2017-07-31,10,0,Zillow ZIP-level market for Novato; mapped with Census 2020 ZCTA 94949 in Marin County.,,,,
94945 Novato,zcta,94945,Novato,38.1226869,-122.5531417,831935,,2017-07-31,10,0,Zillow ZIP-level market for Novato; mapped with Census 2020 ZCTA 94945 in Marin County.,,,,
94960 San Anselmo,zcta,94960,San Anselmo,37.9970232,-122.5783384,1223297,,2017-07-31,10,0,Zillow ZIP-level market for San Anselmo; mapped with Census 2020 ZCTA 94960 in Marin County.,,,,
94904 Kentfield,zcta,94904,Kentfield,37.9472249,-122.5517753,1876013,,2017-07-31,10,0,Zillow ZIP-level market for Kentfield; mapped with Census 2020 ZCTA 94904 in Marin County.,,,,
94920 Tiburon,zcta,94920,Tiburon,37.8867683,-122.4626194,2666561,,2017-07-31,10,0,Zillow ZIP-level market for Tiburon; mapped with Census 2020 ZCTA 94920 in Marin County.,,,,
94965 Sausalito,zcta,94965,Sausalito,37.8373471,-122.5274824,1618668,,2017-07-31,10,0,Zillow ZIP-level market for Sausalito; mapped with Census 2020 ZCTA 94965 in Marin County.,,,,
94925 Corte Madera,zcta,94925,Corte Madera,37.9318458,-122.5077378,1371165,,2017-07-31,10,0,Zillow ZIP-level market for Corte Madera; mapped with Census 2020 ZCTA 94925 in Marin County.,,,,
94930 Fairfax,zcta,94930,Fairfax,37.9697928,-122.61533,981958,,2017-07-31,10,0,Zillow ZIP-level market for Fairfax; mapped with Census 2020 ZCTA 94930 in Marin County.,,,,
94939 Larkspur,zcta,94939,Larkspur,37.9382519,-122.5359478,1834318,,2017-07-31,10,0,Zillow ZIP-level market for Larkspur; mapped with Census 2020 ZCTA 94939 in Marin County.,,,,
94957 Ross,zcta,94957,Ross,37.9634213,-122.5618079,3026988,,2017-07-31,10,0,Zillow ZIP-level market for Ross; mapped with Census 2020 ZCTA 94957 in Marin County.,,,,
94937 Point Reyes Station,zcta,94937,Point Reyes Station,38.1164824,-122.930353,1128914,,2017-07-31,10,0,Zillow ZIP-level market for Point Reyes Station; mapped with Census 2020 ZCTA 94937 in Marin County.,,,,
94924 Bolinas,zcta,94924,Bolinas,37.9669044,-122.7388158,1502730,,2017-07-31,10,0,Zillow ZIP-level market for Bolinas; mapped with Census 2020 ZCTA 94924 in Marin County.,,,,
94963 Lagunitas,zcta,94963,Lagunitas,38.00761,-122.6647483,973188,,2017-07-31,10,0,Zillow ZIP-level market for Lagunitas; mapped with Census 2020 ZCTA 94963 in Marin County.,,,,
94973 Woodacre,zcta,94973,Woodacre,38.0125906,-122.6394,825586,,2017-07-31,10,0,Zillow ZIP-level market for Woodacre; mapped with Census 2020 ZCTA 94973 in Marin County.,,,,
94946 Nicasio,zcta,94946,Nicasio,38.0747338,-122.6952645,1534539,,2017-07-31,10,0,Zillow ZIP-level market for Nicasio; mapped with Census 2020 ZCTA 94946 in Marin County.,,,,
94938 Bolinas,zcta,94938,Bolinas,38.0302365,-122.7295132,813063,,2017-07-31,10,0,Zillow ZIP-level market for Bolinas; mapped with Census 2020 ZCTA 94938 in Marin County.,,,,
94970 Stinson Beach,zcta,94970,Stinson Beach,37.9258817,-122.6598334,2081395,,2017-07-31,10,0,Zillow ZIP-level market for Stinson Beach; mapped with Census 2020 ZCTA 94970 in Marin County.,,,,
94956 Point Reyes Station,zcta,94956,Point Reyes Station,38.0214541,-122.81817,1051470,,2017-07-31,10,0,Zillow ZIP-level market for Point Reyes Station; mapped with Census 2020 ZCTA 94956 in Marin County.,,,,
94940 Marshall,zcta,94940,Marshall,38.2039708,-122.8914816,1212563,,2017-07-31,10,0,Zillow ZIP-level market for Marshall; mapped with Census 2020 ZCTA 94940 in Marin County.,,,,
94933 Lagunitas,zcta,94933,Lagunitas,38.0175021,-122.688148,699812,,2017-07-31,10,0,Zillow ZIP-level market for Lagunitas; mapped with Census 2020 ZCTA 94933 in Marin County.,,,,
94971 Tomales,zcta,94971,Tomales,38.2330285,-122.8969589,864156,,2017-07-31,10,0,Zillow ZIP-level market for Tomales; mapped with Census 2020 ZCTA 94971 in Marin County.,,,,
94929 nan,zcta,94929,nan,38.2545284,-122.9623709,995177,,2017-07-31,10,0,Zillow ZIP-level market for nan; mapped with Census 2020 ZCTA 94929 in Marin County.,,,,
94901 San Rafael,zcta,94901,San Rafael,37.980709,-122.5006058,1136978,,2017-08-31,10,0,Zillow ZIP-level market for San Rafael; mapped with Census 2020 ZCTA 94901 in Marin County.,,,,
94941 Mill Valley,zcta,94941,Mill Valley,37.9247747,-122.6001828,1594139,,2017-08-31,10,0,Zillow ZIP-level market for Mill Valley; mapped with Census 2020 ZCTA 94941 in Marin County.,,,,
94903 San Rafael,zcta,94903,San Rafael,38.0221295,-122.55881,931833,,2017-08-31,10,0,Zillow ZIP-level market for San Rafael; mapped with Census 2020 ZCTA 94903 in Marin County.,,,,
94947 Novato,zcta,94947,Novato,38.1061995,-122.6249851,774019,,2017-08-31,10,0,Zillow ZIP-level market for Novato; mapped with Census 2020 ZCTA 94947 in Marin County.,,,,
94949 Novato,zcta,94949,Novato,38.0600944,-122.5064097,898868,,2017-08-31,10,0,Zillow ZIP-level market for Novato; mapped with Census 2020 ZCTA 94949 in Marin County.,,,,
94945 Novato,zcta,94945,Novato,38.1226869,-122.5531417,832737,,2017-08-31,10,0,Zillow ZIP-level market for Novato; mapped with Census 2020 ZCTA 94945 in Marin County.,,,,
94960 San Anselmo,zcta,94960,San Anselmo,37.9970232,-122.5783384,1228054,,2017-08-31,10,0,Zillow ZIP-level market for San Anselmo; mapped with Census 2020 ZCTA 94960 in Marin County.,,,,
94904 Kentfield,zcta,94904,Kentfield,37.9472249,-122.5517753,1883420,,2017-08-31,10,0,Zillow ZIP-level market for Kentfield; mapped with Census 2020 ZCTA 94904 in Marin County.,,,,
94920 Tiburon,zcta,94920,Tiburon,37.8867683,-122.4626194,2668590,,2017-08-31,10,0,Zillow ZIP-level market for Tiburon; mapped with Census 2020 ZCTA 94920 in Marin County.,,,,
94965 Sausalito,zcta,94965,Sausalito,37.8373471,-122.5274824,1623754,,2017-08-31,10,0,Zillow ZIP-level market for Sausalito; mapped with Census 2020 ZCTA 94965 in Marin County.,,,,
94925 Corte Madera,zcta,94925,Corte Madera,37.9318458,-122.5077378,1374672,,2017-08-31,10,0,Zillow ZIP-level market for Corte Madera; mapped with Census 2020 ZCTA 94925 in Marin County.,,,,
94930 Fairfax,zcta,94930,Fairfax,37.9697928,-122.61533,984503,,2017-08-31,10,0,Zillow ZIP-level market for Fairfax; mapped with Census 2020 ZCTA 94930 in Marin County.,,,,
94939 Larkspur,zcta,94939,Larkspur,37.9382519,-122.5359478,1845752,,2017-08-31,10,0,Zillow ZIP-level market for Larkspur; mapped with Census 2020 ZCTA 94939 in Marin County.,,,,
94957 Ross,zcta,94957,Ross,37.9634213,-122.5618079,3010243,,2017-08-31,10,0,Zillow ZIP-level market for Ross; mapped with Census 2020 ZCTA 94957 in Marin County.,,,,
94937 Point Reyes Station,zcta,94937,Point Reyes Station,38.1164824,-122.930353,1125704,,2017-08-31,10,0,Zillow ZIP-level market for Point Reyes Station; mapped with Census 2020 ZCTA 94937 in Marin County.,,,,
94924 Bolinas,zcta,94924,Bolinas,37.9669044,-122.7388158,1528261,,2017-08-31,10,0,Zillow ZIP-level market for Bolinas; mapped with Census 2020 ZCTA 94924 in Marin County.,,,,
94963 Lagunitas,zcta,94963,Lagunitas,38.00761,-122.6647483,974177,,2017-08-31,10,0,Zillow ZIP-level market for Lagunitas; mapped with Census 2020 ZCTA 94963 in Marin County.,,,,
94973 Woodacre,zcta,94973,Woodacre,38.0125906,-122.6394,827140,,2017-08-31,10,0,Zillow ZIP-level market for Woodacre; mapped with Census 2020 ZCTA 94973 in Marin County.,,,,
94946 Nicasio,zcta,94946,Nicasio,38.0747338,-122.6952645,1532108,,2017-08-31,10,0,Zillow ZIP-level market for Nicasio; mapped with Census 2020 ZCTA 94946 in Marin County.,,,,
94938 Bolinas,zcta,94938,Bolinas,38.0302365,-122.7295132,820477,,2017-08-31,10,0,Zillow ZIP-level market for Bolinas; mapped with Census 2020 ZCTA 94938 in Marin County.,,,,
94970 Stinson Beach,zcta,94970,Stinson Beach,37.9258817,-122.6598334,2082424,,2017-08-31,10,0,Zillow ZIP-level market for Stinson Beach; mapped with Census 2020 ZCTA 94970 in Marin County.,,,,
94956 Point Reyes Station,zcta,94956,Point Reyes Station,38.0214541,-122.81817,1051212,,2017-08-31,10,0,Zillow ZIP-level market for Point Reyes Station; mapped with Census 2020 ZCTA 94956 in Marin County.,,,,
94940 Marshall,zcta,94940,Marshall,38.2039708,-122.8914816,1211489,,2017-08-31,10,0,Zillow ZIP-level market for Marshall; mapped with Census 2020 ZCTA 94940 in Marin County.,,,,
94933 Lagunitas,zcta,94933,Lagunitas,38.0175021,-122.688148,706176,,2017-08-31,10,0,Zillow ZIP-level market for Lagunitas; mapped with Census 2020 ZCTA 94933 in Marin County.,,,,
94971 Tomales,zcta,94971,Tomales,38.2330285,-122.8969589,866112,,2017-08-31,10,0,Zillow ZIP-level market for Tomales; mapped with Census 2020 ZCTA 94971 in Marin County.,,,,
94929 nan,zcta,94929,nan,38.2545284,-122.9623709,998077,,2017-08-31,10,0,Zillow ZIP-level market for nan; mapped with Census 2020 ZCTA 94929 in Marin County.,,,,
94901 San Rafael,zcta,94901,San Rafael,37.980709,-122.5006058,1141228,,2017-09-30,10,0,Zillow ZIP-level market for San Rafael; mapped with Census 2020 ZCTA 94901 in Marin County.,,,,
94941 Mill Valley,zcta,94941,Mill Valley,37.9247747,-122.6001828,1602472,,2017-09-30,10,0,Zillow ZIP-level market for Mill Valley; mapped with Census 2020 ZCTA 94941 in Marin County.,,,,
94903 San Rafael,zcta,94903,San Rafael,38.0221295,-122.55881,935901,,2017-09-30,10,0,Zillow ZIP-level market for San Rafael; mapped with Census 2020 ZCTA 94903 in Marin County.,,,,
94947 Novato,zcta,94947,Novato,38.1061995,-122.6249851,777269,,2017-09-30,10,0,Zillow ZIP-level market for Novato; mapped with Census 2020 ZCTA 94947 in Marin County.,,,,
94949 Novato,zcta,94949,Novato,38.0600944,-122.5064097,902470,,2017-09-30,10,0,Zillow ZIP-level market for Novato; mapped with Census 2020 ZCTA 94949 in Marin County.,,,,
94945 Novato,zcta,94945,Novato,38.1226869,-122.5531417,835884,,2017-09-30,10,0,Zillow ZIP-level market for Novato; mapped with Census 2020 ZCTA 94945 in Marin County.,,,,
94960 San Anselmo,zcta,94960,San Anselmo,37.9970232,-122.5783384,1233219,,2017-09-30,10,0,Zillow ZIP-level market for San Anselmo; mapped with Census 2020 ZCTA 94960 in Marin County.,,,,
94904 Kentfield,zcta,94904,Kentfield,37.9472249,-122.5517753,1889333,,2017-09-30,10,0,Zillow ZIP-level market for Kentfield; mapped with Census 2020 ZCTA 94904 in Marin County.,,,,
94920 Tiburon,zcta,94920,Tiburon,37.8867683,-122.4626194,2664697,,2017-09-30,10,0,Zillow ZIP-level market for Tiburon; mapped with Census 2020 ZCTA 94920 in Marin County.,,,,
94965 Sausalito,zcta,94965,Sausalito,37.8373471,-122.5274824,1625209,,2017-09-30,10,0,Zillow ZIP-level market for Sausalito; mapped with Census 2020 ZCTA 94965 in Marin County.,,,,
94925 Corte Madera,zcta,94925,Corte Madera,37.9318458,-122.5077378,1381828,,2017-09-30,10,0,Zillow ZIP-level market for Corte Madera; mapped with Census 2020 ZCTA 94925 in Marin County.,,,,
94930 Fairfax,zcta,94930,Fairfax,37.9697928,-122.61533,986722,,2017-09-30,10,0,Zillow ZIP-level market for Fairfax; mapped with Census 2020 ZCTA 94930 in Marin County.,,,,
94939 Larkspur,zcta,94939,Larkspur,37.9382519,-122.5359478,1857042,,2017-09-30,10,0,Zillow ZIP-level market for Larkspur; mapped with Census 2020 ZCTA 94939 in Marin County.,,,,
94957 Ross,zcta,94957,Ross,37.9634213,-122.5618079,2989408,,2017-09-30,10,0,Zillow ZIP-level market for Ross; mapped with Census 2020 ZCTA 94957 in Marin County.,,,,
94937 Point Reyes Station,zcta,94937,Point Reyes Station,38.1164824,-122.930353,1125781,,2017-09-30,10,0,Zillow ZIP-level market for Point Reyes Station; mapped with Census 2020 ZCTA 94937 in Marin County.,,,,
94924 Bolinas,zcta,94924,Bolinas,37.9669044,-122.7388158,1543574,,2017-09-30,10,0,Zillow ZIP-level market for Bolinas; mapped with Census 2020 ZCTA 94924 in Marin County.,,,,
94963 Lagunitas,zcta,94963,Lagunitas,38.00761,-122.6647483,973254,,2017-09-30,10,0,Zillow ZIP-level market for Lagunitas; mapped with Census 2020 ZCTA 94963 in Marin County.,,,,
94973 Woodacre,zcta,94973,Woodacre,38.0125906,-122.6394,828864,,2017-09-30,10,0,Zillow ZIP-level market for Woodacre; mapped with Census 2020 ZCTA 94973 in Marin County.,,,,
94946 Nicasio,zcta,94946,Nicasio,38.0747338,-122.6952645,1518976,,2017-09-30,10,0,Zillow ZIP-level market for Nicasio; mapped with Census 2020 ZCTA 94946 in Marin County.,,,,
94938 Bolinas,zcta,94938,Bolinas,38.0302365,-122.7295132,824415,,2017-09-30,10,0,Zillow ZIP-level market for Bolinas; mapped with Census 2020 ZCTA 94938 in Marin County.,,,,
94970 Stinson Beach,zcta,94970,Stinson Beach,37.9258817,-122.6598334,2085209,,2017-09-30,10,0,Zillow ZIP-level market for Stinson Beach; mapped with Census 2020 ZCTA 94970 in Marin County.,,,,
94956 Point Reyes Station,zcta,94956,Point Reyes Station,38.0214541,-122.81817,1052442,,2017-09-30,10,0,Zillow ZIP-level market for Point Reyes Station; mapped with Census 2020 ZCTA 94956 in Marin County.,,,,
94940 Marshall,zcta,94940,Marshall,38.2039708,-122.8914816,1204789,,2017-09-30,10,0,Zillow ZIP-level market for Marshall; mapped with Census 2020 ZCTA 94940 in Marin County.,,,,
94933 Lagunitas,zcta,94933,Lagunitas,38.0175021,-122.688148,708449,,2017-09-30,10,0,Zillow ZIP-level market for Lagunitas; mapped with Census 2020 ZCTA 94933 in Marin County.,,,,
94971 Tomales,zcta,94971,Tomales,38.2330285,-122.8969589,863364,,2017-09-30,10,0,Zillow ZIP-level market for Tomales; mapped with Census 2020 ZCTA 94971 in Marin County.,,,,
94929 nan,zcta,94929,nan,38.2545284,-122.9623709,996692,,2017-09-30,10,0,Zillow ZIP-level market for nan; mapped with Census 2020 ZCTA 94929 in Marin County.,,,,
94901 San Rafael,zcta,94901,San Rafael,37.980709,-122.5006058,1147472,,2017-10-31,10,0,Zillow ZIP-level market for San Rafael; mapped with Census 2020 ZCTA 94901 in Marin County.,,,,
94941 Mill Valley,zcta,94941,Mill Valley,37.9247747,-122.6001828,1612613,,2017-10-31,10,0,Zillow ZIP-level market for Mill Valley; mapped with Census 2020 ZCTA 94941 in Marin County.,,,,
94903 San Rafael,zcta,94903,San Rafael,38.0221295,-122.55881,943748,,2017-10-31,10,0,Zillow ZIP-level market for San Rafael; mapped with Census 2020 ZCTA 94903 in Marin County.,,,,
94947 Novato,zcta,94947,Novato,38.1061995,-122.6249851,783062,,2017-10-31,10,0,Zillow ZIP-level market for Novato; mapped with Census 2020 ZCTA 94947 in Marin County.,,,,
94949 Novato,zcta,94949,Novato,38.0600944,-122.5064097,910210,,2017-10-31,10,0,Zillow ZIP-level market for Novato; mapped with Census 2020 ZCTA 94949 in Marin County.,,,,
94945 Novato,zcta,94945,Novato,38.1226869,-122.5531417,842289,,2017-10-31,10,0,Zillow ZIP-level market for Novato; mapped with Census 2020 ZCTA 94945 in Marin County.,,,,
94960 San Anselmo,zcta,94960,San Anselmo,37.9970232,-122.5783384,1242974,,2017-10-31,10,0,Zillow ZIP-level market for San Anselmo; mapped with Census 2020 ZCTA 94960 in Marin County.,,,,
94904 Kentfield,zcta,94904,Kentfield,37.9472249,-122.5517753,1906208,,2017-10-31,10,0,Zillow ZIP-level market for Kentfield; mapped with Census 2020 ZCTA 94904 in Marin County.,,,,
94920 Tiburon,zcta,94920,Tiburon,37.8867683,-122.4626194,2678446,,2017-10-31,10,0,Zillow ZIP-level market for Tiburon; mapped with Census 2020 ZCTA 94920 in Marin County.,,,,
94965 Sausalito,zcta,94965,Sausalito,37.8373471,-122.5274824,1632044,,2017-10-31,10,0,Zillow ZIP-level market for Sausalito; mapped with Census 2020 ZCTA 94965 in Marin County.,,,,
94925 Corte Madera,zcta,94925,Corte Madera,37.9318458,-122.5077378,1392898,,2017-10-31,10,0,Zillow ZIP-level market for Corte Madera; mapped with Census 2020 ZCTA 94925 in Marin County.,,,,
94930 Fairfax,zcta,94930,Fairfax,37.9697928,-122.61533,990790,,2017-10-31,10,0,Zillow ZIP-level market for Fairfax; mapped with Census 2020 ZCTA 94930 in Marin County.,,,,
94939 Larkspur,zcta,94939,Larkspur,37.9382519,-122.5359478,1872940,,2017-10-31,10,0,Zillow ZIP-level market for Larkspur; mapped with Census 2020 ZCTA 94939 in Marin County.,,,,
94957 Ross,zcta,94957,Ross,37.9634213,-122.5618079,2981594,,2017-10-31,10,0,Zillow ZIP-level market for Ross; mapped with Census 2020 ZCTA 94957 in Marin County.,,,,
94937 Point Reyes Station,zcta,94937,Point Reyes Station,38.1164824,-122.930353,1133974,,2017-10-31,10,0,Zillow ZIP-level market for Point Reyes Station; mapped with Census 2020 ZCTA 94937 in Marin County.,,,,
94924 Bolinas,zcta,94924,Bolinas,37.9669044,-122.7388158,1559035,,2017-10-31,10,0,Zillow ZIP-level market for Bolinas; mapped with Census 2020 ZCTA 94924 in Marin County.,,,,
94963 Lagunitas,zcta,94963,Lagunitas,38.00761,-122.6647483,976962,,2017-10-31,10,0,Zillow ZIP-level market for Lagunitas; mapped with Census 2020 ZCTA 94963 in Marin County.,,,,
94973 Woodacre,zcta,94973,Woodacre,38.0125906,-122.6394,832464,,2017-10-31,10,0,Zillow ZIP-level market for Woodacre; mapped with Census 2020 ZCTA 94973 in Marin County.,,,,
94946 Nicasio,zcta,94946,Nicasio,38.0747338,-122.6952645,1517589,,2017-10-31,10,0,Zillow ZIP-level market for Nicasio; mapped with Census 2020 ZCTA 94946 in Marin County.,,,,
94938 Bolinas,zcta,94938,Bolinas,38.0302365,-122.7295132,828193,,2017-10-31,10,0,Zillow ZIP-level market for Bolinas; mapped with Census 2020 ZCTA 94938 in Marin County.,,,,
94970 Stinson Beach,zcta,94970,Stinson Beach,37.9258817,-122.6598334,2082218,,2017-10-31,10,0,Zillow ZIP-level market for Stinson Beach; mapped with Census 2020 ZCTA 94970 in Marin County.,,,,
94956 Point Reyes Station,zcta,94956,Point Reyes Station,38.0214541,-122.81817,1062263,,2017-10-31,10,0,Zillow ZIP-level market for Point Reyes Station; mapped with Census 2020 ZCTA 94956 in Marin County.,,,,
94940 Marshall,zcta,94940,Marshall,38.2039708,-122.8914816,1206989,,2017-10-31,10,0,Zillow ZIP-level market for Marshall; mapped with Census 2020 ZCTA 94940 in Marin County.,,,,
94933 Lagunitas,zcta,94933,Lagunitas,38.0175021,-122.688148,711798,,2017-10-31,10,0,Zillow ZIP-level market for Lagunitas; mapped with Census 2020 ZCTA 94933 in Marin County.,,,,
94971 Tomales,zcta,94971,Tomales,38.2330285,-122.8969589,865724,,2017-10-31,10,0,Zillow ZIP-level market for Tomales; mapped with Census 2020 ZCTA 94971 in Marin County.,,,,
94929 nan,zcta,94929,nan,38.2545284,-122.9623709,997942,,2017-10-31,10,0,Zillow ZIP-level market for nan; mapped with Census 2020 ZCTA 94929 in Marin County.,,,,
94901 San Rafael,zcta,94901,San Rafael,37.980709,-122.5006058,1157259,,2017-11-30,10,0,Zillow ZIP-level market for San Rafael; mapped with Census 2020 ZCTA 94901 in Marin County.,,,,
94941 Mill Valley,zcta,94941,Mill Valley,37.9247747,-122.6001828,1621941,,2017-11-30,10,0,Zillow ZIP-level market for Mill Valley; mapped with Census 2020 ZCTA 94941 in Marin County.,,,,
94903 San Rafael,zcta,94903,San Rafael,38.0221295,-122.55881,955100,,2017-11-30,10,0,Zillow ZIP-level market for San Rafael; mapped with Census 2020 ZCTA 94903 in Marin County.,,,,
94947 Novato,zcta,94947,Novato,38.1061995,-122.6249851,791215,,2017-11-30,10,0,Zillow ZIP-level market for Novato; mapped with Census 2020 ZCTA 94947 in Marin County.,,,,
94949 Novato,zcta,94949,Novato,38.0600944,-122.5064097,919646,,2017-11-30,10,0,Zillow ZIP-level market for Novato; mapped with Census 2020 ZCTA 94949 in Marin County.,,,,
94945 Novato,zcta,94945,Novato,38.1226869,-122.5531417,851096,,2017-11-30,10,0,Zillow ZIP-level market for Novato; mapped with Census 2020 ZCTA 94945 in Marin County.,,,,
94960 San Anselmo,zcta,94960,San Anselmo,37.9970232,-122.5783384,1255287,,2017-11-30,10,0,Zillow ZIP-level market for San Anselmo; mapped with Census 2020 ZCTA 94960 in Marin County.,,,,
94904 Kentfield,zcta,94904,Kentfield,37.9472249,-122.5517753,1927942,,2017-11-30,10,0,Zillow ZIP-level market for Kentfield; mapped with Census 2020 ZCTA 94904 in Marin County.,,,,
94920 Tiburon,zcta,94920,Tiburon,37.8867683,-122.4626194,2698412,,2017-11-30,10,0,Zillow ZIP-level market for Tiburon; mapped with Census 2020 ZCTA 94920 in Marin County.,,,,
94965 Sausalito,zcta,94965,Sausalito,37.8373471,-122.5274824,1641648,,2017-11-30,10,0,Zillow ZIP-level market for Sausalito; mapped with Census 2020 ZCTA 94965 in Marin County.,,,,
94925 Corte Madera,zcta,94925,Corte Madera,37.9318458,-122.5077378,1409792,,2017-11-30,10,0,Zillow ZIP-level market for Corte Madera; mapped with Census 2020 ZCTA 94925 in Marin County.,,,,
94930 Fairfax,zcta,94930,Fairfax,37.9697928,-122.61533,997264,,2017-11-30,10,0,Zillow ZIP-level market for Fairfax; mapped with Census 2020 ZCTA 94930 in Marin County.,,,,
94939 Larkspur,zcta,94939,Larkspur,37.9382519,-122.5359478,1894692,,2017-11-30,10,0,Zillow ZIP-level market for Larkspur; mapped with Census 2020 ZCTA 94939 in Marin County.,,,,
94957 Ross,zcta,94957,Ross,37.9634213,-122.5618079,2989344,,2017-11-30,10,0,Zillow ZIP-level market for Ross; mapped with Census 2020 ZCTA 94957 in Marin County.,,,,
94937 Point Reyes Station,zcta,94937,Point Reyes Station,38.1164824,-122.930353,1149385,,2017-11-30,10,0,Zillow ZIP-level market for Point Reyes Station; mapped with Census 2020 ZCTA 94937 in Marin County.,,,,
94924 Bolinas,zcta,94924,Bolinas,37.9669044,-122.7388158,1569282,,2017-11-30,10,0,Zillow ZIP-level market for Bolinas; mapped with Census 2020 ZCTA 94924 in Marin County.,,,,
94963 Lagunitas,zcta,94963,Lagunitas,38.00761,-122.6647483,986133,,2017-11-30,10,0,Zillow ZIP-level market for Lagunitas; mapped with Census 2020 ZCTA 94963 in Marin County.,,,,
94973 Woodacre,zcta,94973,Woodacre,38.0125906,-122.6394,838735,,2017-11-30,10,0,Zillow ZIP-level market for Woodacre; mapped with Census 2020 ZCTA 94973 in Marin County.,,,,
94946 Nicasio,zcta,94946,Nicasio,38.0747338,-122.6952645,1519147,,2017-11-30,10,0,Zillow ZIP-level market for Nicasio; mapped with Census 2020 ZCTA 94946 in Marin County.,,,,
94938 Bolinas,zcta,94938,Bolinas,38.0302365,-122.7295132,836056,,2017-11-30,10,0,Zillow ZIP-level market for Bolinas; mapped with Census 2020 ZCTA 94938 in Marin County.,,,,
94970 Stinson Beach,zcta,94970,Stinson Beach,37.9258817,-122.6598334,2102257,,2017-11-30,10,0,Zillow ZIP-level market for Stinson Beach; mapped with Census 2020 ZCTA 94970 in Marin County.,,,,
94956 Point Reyes Station,zcta,94956,Point Reyes Station,38.0214541,-122.81817,1076887,,2017-11-30,10,0,Zillow ZIP-level market for Point Reyes Station; mapped with Census 2020 ZCTA 94956 in Marin County.,,,,
94940 Marshall,zcta,94940,Marshall,38.2039708,-122.8914816,1219213,,2017-11-30,10,0,Zillow ZIP-level market for Marshall; mapped with Census 2020 ZCTA 94940 in Marin County.,,,,
94933 Lagunitas,zcta,94933,Lagunitas,38.0175021,-122.688148,719617,,2017-11-30,10,0,Zillow ZIP-level market for Lagunitas; mapped with Census 2020 ZCTA 94933 in Marin County.,,,,
94971 Tomales,zcta,94971,Tomales,38.2330285,-122.8969589,872862,,2017-11-30,10,0,Zillow ZIP-level market for Tomales; mapped with Census 2020 ZCTA 94971 in Marin County.,,,,
94929 nan,zcta,94929,nan,38.2545284,-122.9623709,1000088,,2017-11-30,10,0,Zillow ZIP-level market for nan; mapped with Census 2020 ZCTA 94929 in Marin County.,,,,
94901 San Rafael,zcta,94901,San Rafael,37.980709,-122.5006058,1168588,,2017-12-31,10,0,Zillow ZIP-level market for San Rafael; mapped with Census 2020 ZCTA 94901 in Marin County.,,,,
94941 Mill Valley,zcta,94941,Mill Valley,37.9247747,-122.6001828,1635551,,2017-12-31,10,0,Zillow ZIP-level market for Mill Valley; mapped with Census 2020 ZCTA 94941 in Marin County.,,,,
94903 San Rafael,zcta,94903,San Rafael,38.0221295,-122.55881,969500,,2017-12-31,10,0,Zillow ZIP-level market for San Rafael; mapped with Census 2020 ZCTA 94903 in Marin County.,,,,
94947 Novato,zcta,94947,Novato,38.1061995,-122.6249851,801428,,2017-12-31,10,0,Zillow ZIP-level market for Novato; mapped with Census 2020 ZCTA 94947 in Marin County.,,,,
94949 Novato,zcta,94949,Novato,38.0600944,-122.5064097,931640,,2017-12-31,10,0,Zillow ZIP-level market for Novato; mapped with Census 2020 ZCTA 94949 in Marin County.,,,,
94945 Novato,zcta,94945,Novato,38.1226869,-122.5531417,860527,,2017-12-31,10,0,Zillow ZIP-level market for Novato; mapped with Census 2020 ZCTA 94945 in Marin County.,,,,
94960 San Anselmo,zcta,94960,San Anselmo,37.9970232,-122.5783384,1275240,,2017-12-31,10,0,Zillow ZIP-level market for San Anselmo; mapped with Census 2020 ZCTA 94960 in Marin County.,,,,
94904 Kentfield,zcta,94904,Kentfield,37.9472249,-122.5517753,1959143,,2017-12-31,10,0,Zillow ZIP-level market for Kentfield; mapped with Census 2020 ZCTA 94904 in Marin County.,,,,
94920 Tiburon,zcta,94920,Tiburon,37.8867683,-122.4626194,2730841,,2017-12-31,10,0,Zillow ZIP-level market for Tiburon; mapped with Census 2020 ZCTA 94920 in Marin County.,,,,
94965 Sausalito,zcta,94965,Sausalito,37.8373471,-122.5274824,1656271,,2017-12-31,10,0,Zillow ZIP-level market for Sausalito; mapped with Census 2020 ZCTA 94965 in Marin County.,,,,
94925 Corte Madera,zcta,94925,Corte Madera,37.9318458,-122.5077378,1430687,,2017-12-31,10,0,Zillow ZIP-level market for Corte Madera; mapped with Census 2020 ZCTA 94925 in Marin County.,,,,
94930 Fairfax,zcta,94930,Fairfax,37.9697928,-122.61533,1007570,,2017-12-31,10,0,Zillow ZIP-level market for Fairfax; mapped with Census 2020 ZCTA 94930 in Marin County.,,,,
94939 Larkspur,zcta,94939,Larkspur,37.9382519,-122.5359478,1921095,,2017-12-31,10,0,Zillow ZIP-level market for Larkspur; mapped with Census 2020 ZCTA 94939 in Marin County.,,,,
94957 Ross,zcta,94957,Ross,37.9634213,-122.5618079,3018590,,2017-12-31,10,0,Zillow ZIP-level market for Ross; mapped with Census 2020 ZCTA 94957 in Marin County.,,,,
94937 Point Reyes Station,zcta,94937,Point Reyes Station,38.1164824,-122.930353,1163957,,2017-12-31,10,0,Zillow ZIP-level market for Point Reyes Station; mapped with Census 2020 ZCTA 94937 in Marin County.,,,,
94924 Bolinas,zcta,94924,Bolinas,37.9669044,-122.7388158,1590134,,2017-12-31,10,0,Zillow ZIP-level market for Bolinas; mapped with Census 2020 ZCTA 94924 in Marin County.,,,,
94963 Lagunitas,zcta,94963,Lagunitas,38.00761,-122.6647483,1000736,,2017-12-31,10,0,Zillow ZIP-level market for Lagunitas; mapped with Census 2020 ZCTA 94963 in Marin County.,,,,
94973 Woodacre,zcta,94973,Woodacre,38.0125906,-122.6394,851141,,2017-12-31,10,0,Zillow ZIP-level market for Woodacre; mapped with Census 2020 ZCTA 94973 in Marin County.,,,,
94946 Nicasio,zcta,94946,Nicasio,38.0747338,-122.6952645,1524058,,2017-12-31,10,0,Zillow ZIP-level market for Nicasio; mapped with Census 2020 ZCTA 94946 in Marin County.,,,,
94938 Bolinas,zcta,94938,Bolinas,38.0302365,-122.7295132,848176,,2017-12-31,10,0,Zillow ZIP-level market for Bolinas; mapped with Census 2020 ZCTA 94938 in Marin County.,,,,
94970 Stinson Beach,zcta,94970,Stinson Beach,37.9258817,-122.6598334,2132054,,2017-12-31,10,0,Zillow ZIP-level market for Stinson Beach; mapped with Census 2020 ZCTA 94970 in Marin County.,,,,
94956 Point Reyes Station,zcta,94956,Point Reyes Station,38.0214541,-122.81817,1090052,,2017-12-31,10,0,Zillow ZIP-level market for Point Reyes Station; mapped with Census 2020 ZCTA 94956 in Marin County.,,,,
94940 Marshall,zcta,94940,Marshall,38.2039708,-122.8914816,1237806,,2017-12-31,10,0,Zillow ZIP-level market for Marshall; mapped with Census 2020 ZCTA 94940 in Marin County.,,,,
94933 Lagunitas,zcta,94933,Lagunitas,38.0175021,-122.688148,732259,,2017-12-31,10,0,Zillow ZIP-level market for Lagunitas; mapped with Census 2020 ZCTA 94933 in Marin County.,,,,
94971 Tomales,zcta,94971,Tomales,38.2330285,-122.8969589,885529,,2017-12-31,10,0,Zillow ZIP-level market for Tomales; mapped with Census 2020 ZCTA 94971 in Marin County.,,,,
94929 nan,zcta,94929,nan,38.2545284,-122.9623709,1004873,,2017-12-31,10,0,Zillow ZIP-level market for nan; mapped with Census 2020 ZCTA 94929 in Marin County.,,,,
94901 San Rafael,zcta,94901,San Rafael,37.980709,-122.5006058,1182072,,2018-01-31,10,0,Zillow ZIP-level market for San Rafael; mapped with Census 2020 ZCTA 94901 in Marin County.,,,,
94941 Mill Valley,zcta,94941,Mill Valley,37.9247747,-122.6001828,1656889,,2018-01-31,10,0,Zillow ZIP-level market for Mill Valley; mapped with Census 2020 ZCTA 94941 in Marin County.,,,,
94903 San Rafael,zcta,94903,San Rafael,38.0221295,-122.55881,985378,,2018-01-31,10,0,Zillow ZIP-level market for San Rafael; mapped with Census 2020 ZCTA 94903 in Marin County.,,,,
94947 Novato,zcta,94947,Novato,38.1061995,-122.6249851,811641,,2018-01-31,10,0,Zillow ZIP-level market for Novato; mapped with Census 2020 ZCTA 94947 in Marin County.,,,,
94949 Novato,zcta,94949,Novato,38.0600944,-122.5064097,944217,,2018-01-31,10,0,Zillow ZIP-level market for Novato; mapped with Census 2020 ZCTA 94949 in Marin County.,,,,
94945 Novato,zcta,94945,Novato,38.1226869,-122.5531417,870022,,2018-01-31,10,0,Zillow ZIP-level market for Novato; mapped with Census 2020 ZCTA 94945 in Marin County.,,,,
94960 San Anselmo,zcta,94960,San Anselmo,37.9970232,-122.5783384,1297859,,2018-01-31,10,0,Zillow ZIP-level market for San Anselmo; mapped with Census 2020 ZCTA 94960 in Marin County.,,,,
94904 Kentfield,zcta,94904,Kentfield,37.9472249,-122.5517753,1990697,,2018-01-31,10,0,Zillow ZIP-level market for Kentfield; mapped with Census 2020 ZCTA 94904 in Marin County.,,,,
94920 Tiburon,zcta,94920,Tiburon,37.8867683,-122.4626194,2775804,,2018-01-31,10,0,Zillow ZIP-level market for Tiburon; mapped with Census 2020 ZCTA 94920 in Marin County.,,,,
94965 Sausalito,zcta,94965,Sausalito,37.8373471,-122.5274824,1677131,,2018-01-31,10,0,Zillow ZIP-level market for Sausalito; mapped with Census 2020 ZCTA 94965 in Marin County.,,,,
94925 Corte Madera,zcta,94925,Corte Madera,37.9318458,-122.5077378,1454503,,2018-01-31,10,0,Zillow ZIP-level market for Corte Madera; mapped with Census 2020 ZCTA 94925 in Marin County.,,,,
94930 Fairfax,zcta,94930,Fairfax,37.9697928,-122.61533,1021786,,2018-01-31,10,0,Zillow ZIP-level market for Fairfax; mapped with Census 2020 ZCTA 94930 in Marin County.,,,,
94939 Larkspur,zcta,94939,Larkspur,37.9382519,-122.5359478,1953781,,2018-01-31,10,0,Zillow ZIP-level market for Larkspur; mapped with Census 2020 ZCTA 94939 in Marin County.,,,,
94957 Ross,zcta,94957,Ross,37.9634213,-122.5618079,3062639,,2018-01-31,10,0,Zillow ZIP-level market for Ross; mapped with Census 2020 ZCTA 94957 in Marin County.,,,,
94937 Point Reyes Station,zcta,94937,Point Reyes Station,38.1164824,-122.930353,1179773,,2018-01-31,10,0,Zillow ZIP-level market for Point Reyes Station; mapped with Census 2020 ZCTA 94937 in Marin County.,,,,
94924 Bolinas,zcta,94924,Bolinas,37.9669044,-122.7388158,1611710,,2018-01-31,10,0,Zillow ZIP-level market for Bolinas; mapped with Census 2020 ZCTA 94924 in Marin County.,,,,
94963 Lagunitas,zcta,94963,Lagunitas,38.00761,-122.6647483,1017456,,2018-01-31,10,0,Zillow ZIP-level market for Lagunitas; mapped with Census 2020 ZCTA 94963 in Marin County.,,,,
94973 Woodacre,zcta,94973,Woodacre,38.0125906,-122.6394,866814,,2018-01-31,10,0,Zillow ZIP-level market for Woodacre; mapped with Census 2020 ZCTA 94973 in Marin County.,,,,
94946 Nicasio,zcta,94946,Nicasio,38.0747338,-122.6952645,1531589,,2018-01-31,10,0,Zillow ZIP-level market for Nicasio; mapped with Census 2020 ZCTA 94946 in Marin County.,,,,
94938 Bolinas,zcta,94938,Bolinas,38.0302365,-122.7295132,862550,,2018-01-31,10,0,Zillow ZIP-level market for Bolinas; mapped with Census 2020 ZCTA 94938 in Marin County.,,,,
94970 Stinson Beach,zcta,94970,Stinson Beach,37.9258817,-122.6598334,2175678,,2018-01-31,10,0,Zillow ZIP-level market for Stinson Beach; mapped with Census 2020 ZCTA 94970 in Marin County.,,,,
94956 Point Reyes Station,zcta,94956,Point Reyes Station,38.0214541,-122.81817,1104147,,2018-01-31,10,0,Zillow ZIP-level market for Point Reyes Station; mapped with Census 2020 ZCTA 94956 in Marin County.,,,,
94940 Marshall,zcta,94940,Marshall,38.2039708,-122.8914816,1260705,,2018-01-31,10,0,Zillow ZIP-level market for Marshall; mapped with Census 2020 ZCTA 94940 in Marin County.,,,,
94933 Lagunitas,zcta,94933,Lagunitas,38.0175021,-122.688148,745575,,2018-01-31,10,0,Zillow ZIP-level market for Lagunitas; mapped with Census 2020 ZCTA 94933 in Marin County.,,,,
94971 Tomales,zcta,94971,Tomales,38.2330285,-122.8969589,898007,,2018-01-31,10,0,Zillow ZIP-level market for Tomales; mapped with Census 2020 ZCTA 94971 in Marin County.,,,,
94929 nan,zcta,94929,nan,38.2545284,-122.9623709,1014695,,2018-01-31,10,0,Zillow ZIP-level market for nan; mapped with Census 2020 ZCTA 94929 in Marin County.,,,,
94901 San Rafael,zcta,94901,San Rafael,37.980709,-122.5006058,1191785,2179,2018-02-28,10,0,Zillow ZIP-level market for San Rafael; mapped with Census 2020 ZCTA 94901 in Marin County.,,2179,Zillow ZORI,
94941 Mill Valley,zcta,94941,Mill Valley,37.9247747,-122.6001828,1675506,,2018-02-28,10,0,Zillow ZIP-level market for Mill Valley; mapped with Census 2020 ZCTA 94941 in Marin County.,,,,
94903 San Rafael,zcta,94903,San Rafael,38.0221295,-122.55881,999392,,2018-02-28,10,0,Zillow ZIP-level market for San Rafael; mapped with Census 2020 ZCTA 94903 in Marin County.,,,,
94947 Novato,zcta,94947,Novato,38.1061995,-122.6249851,819844,,2018-02-28,10,0,Zillow ZIP-level market for Novato; mapped with Census 2020 ZCTA 94947 in Marin County.,,,,
94949 Novato,zcta,94949,Novato,38.0600944,-122.5064097,954846,,2018-02-28,10,0,Zillow ZIP-level market for Novato; mapped with Census 2020 ZCTA 94949 in Marin County.,,,,
94945 Novato,zcta,94945,Novato,38.1226869,-122.5531417,877303,,2018-02-28,10,0,Zillow ZIP-level market for Novato; mapped with Census 2020 ZCTA 94945 in Marin County.,,,,
94960 San Anselmo,zcta,94960,San Anselmo,37.9970232,-122.5783384,1314981,,2018-02-28,10,0,Zillow ZIP-level market for San Anselmo; mapped with Census 2020 ZCTA 94960 in Marin County.,,,,
94904 Kentfield,zcta,94904,Kentfield,37.9472249,-122.5517753,2016601,,2018-02-28,10,0,Zillow ZIP-level market for Kentfield; mapped with Census 2020 ZCTA 94904 in Marin County.,,,,
94920 Tiburon,zcta,94920,Tiburon,37.8867683,-122.4626194,2819825,,2018-02-28,10,0,Zillow ZIP-level market for Tiburon; mapped with Census 2020 ZCTA 94920 in Marin County.,,,,
94965 Sausalito,zcta,94965,Sausalito,37.8373471,-122.5274824,1695379,,2018-02-28,10,0,Zillow ZIP-level market for Sausalito; mapped with Census 2020 ZCTA 94965 in Marin County.,,,,
94925 Corte Madera,zcta,94925,Corte Madera,37.9318458,-122.5077378,1475031,,2018-02-28,10,0,Zillow ZIP-level market for Corte Madera; mapped with Census 2020 ZCTA 94925 in Marin County.,,,,
94930 Fairfax,zcta,94930,Fairfax,37.9697928,-122.61533,1035386,,2018-02-28,10,0,Zillow ZIP-level market for Fairfax; mapped with Census 2020 ZCTA 94930 in Marin County.,,,,
94939 Larkspur,zcta,94939,Larkspur,37.9382519,-122.5359478,1978707,,2018-02-28,10,0,Zillow ZIP-level market for Larkspur; mapped with Census 2020 ZCTA 94939 in Marin County.,,,,
94957 Ross,zcta,94957,Ross,37.9634213,-122.5618079,3111656,,2018-02-28,10,0,Zillow ZIP-level market for Ross; mapped with Census 2020 ZCTA 94957 in Marin County.,,,,
94937 Point Reyes Station,zcta,94937,Point Reyes Station,38.1164824,-122.930353,1194804,,2018-02-28,10,0,Zillow ZIP-level market for Point Reyes Station; mapped with Census 2020 ZCTA 94937 in Marin County.,,,,
94924 Bolinas,zcta,94924,Bolinas,37.9669044,-122.7388158,1628694,,2018-02-28,10,0,Zillow ZIP-level market for Bolinas; mapped with Census 2020 ZCTA 94924 in Marin County.,,,,
94963 Lagunitas,zcta,94963,Lagunitas,38.00761,-122.6647483,1031726,,2018-02-28,10,0,Zillow ZIP-level market for Lagunitas; mapped with Census 2020 ZCTA 94963 in Marin County.,,,,
94973 Woodacre,zcta,94973,Woodacre,38.0125906,-122.6394,882285,,2018-02-28,10,0,Zillow ZIP-level market for Woodacre; mapped with Census 2020 ZCTA 94973 in Marin County.,,,,
94946 Nicasio,zcta,94946,Nicasio,38.0747338,-122.6952645,1542363,,2018-02-28,10,0,Zillow ZIP-level market for Nicasio; mapped with Census 2020 ZCTA 94946 in Marin County.,,,,
94938 Bolinas,zcta,94938,Bolinas,38.0302365,-122.7295132,875240,,2018-02-28,10,0,Zillow ZIP-level market for Bolinas; mapped with Census 2020 ZCTA 94938 in Marin County.,,,,
94970 Stinson Beach,zcta,94970,Stinson Beach,37.9258817,-122.6598334,2201291,,2018-02-28,10,0,Zillow ZIP-level market for Stinson Beach; mapped with Census 2020 ZCTA 94970 in Marin County.,,,,
94956 Point Reyes Station,zcta,94956,Point Reyes Station,38.0214541,-122.81817,1115102,,2018-02-28,10,0,Zillow ZIP-level market for Point Reyes Station; mapped with Census 2020 ZCTA 94956 in Marin County.,,,,
94940 Marshall,zcta,94940,Marshall,38.2039708,-122.8914816,1280776,,2018-02-28,10,0,Zillow ZIP-level market for Marshall; mapped with Census 2020 ZCTA 94940 in Marin County.,,,,
94933 Lagunitas,zcta,94933,Lagunitas,38.0175021,-122.688148,754274,,2018-02-28,10,0,Zillow ZIP-level market for Lagunitas; mapped with Census 2020 ZCTA 94933 in Marin County.,,,,
94971 Tomales,zcta,94971,Tomales,38.2330285,-122.8969589,906770,,2018-02-28,10,0,Zillow ZIP-level market for Tomales; mapped with Census 2020 ZCTA 94971 in Marin County.,,,,
94929 nan,zcta,94929,nan,38.2545284,-122.9623709,1025869,,2018-02-28,10,0,Zillow ZIP-level market for nan; mapped with Census 2020 ZCTA 94929 in Marin County.,,,,
94901 San Rafael,zcta,94901,San Rafael,37.980709,-122.5006058,1196159,2185,2018-03-31,10,0,Zillow ZIP-level market for San Rafael; mapped with Census 2020 ZCTA 94901 in Marin County.,,2185,Zillow ZORI,
94941 Mill Valley,zcta,94941,Mill Valley,37.9247747,-122.6001828,1687608,,2018-03-31,10,0,Zillow ZIP-level market for Mill Valley; mapped with Census 2020 ZCTA 94941 in Marin County.,,,,
94903 San Rafael,zcta,94903,San Rafael,38.0221295,-122.55881,1006893,,2018-03-31,10,0,Zillow ZIP-level market for San Rafael; mapped with Census 2020 ZCTA 94903 in Marin County.,,,,
94947 Novato,zcta,94947,Novato,38.1061995,-122.6249851,823063,,2018-03-31,10,0,Zillow ZIP-level market for Novato; mapped with Census 2020 ZCTA 94947 in Marin County.,,,,
94949 Novato,zcta,94949,Novato,38.0600944,-122.5064097,960774,,2018-03-31,10,0,Zillow ZIP-level market for Novato; mapped with Census 2020 ZCTA 94949 in Marin County.,,,,
94945 Novato,zcta,94945,Novato,38.1226869,-122.5531417,880515,,2018-03-31,10,0,Zillow ZIP-level market for Novato; mapped with Census 2020 ZCTA 94945 in Marin County.,,,,
94960 San Anselmo,zcta,94960,San Anselmo,37.9970232,-122.5783384,1320856,,2018-03-31,10,0,Zillow ZIP-level market for San Anselmo; mapped with Census 2020 ZCTA 94960 in Marin County.,,,,
94904 Kentfield,zcta,94904,Kentfield,37.9472249,-122.5517753,2022651,,2018-03-31,10,0,Zillow ZIP-level market for Kentfield; mapped with Census 2020 ZCTA 94904 in Marin County.,,,,
94920 Tiburon,zcta,94920,Tiburon,37.8867683,-122.4626194,2846368,,2018-03-31,10,0,Zillow ZIP-level market for Tiburon; mapped with Census 2020 ZCTA 94920 in Marin County.,,,,
94965 Sausalito,zcta,94965,Sausalito,37.8373471,-122.5274824,1707925,,2018-03-31,10,0,Zillow ZIP-level market for Sausalito; mapped with Census 2020 ZCTA 94965 in Marin County.,,,,
94925 Corte Madera,zcta,94925,Corte Madera,37.9318458,-122.5077378,1486428,,2018-03-31,10,0,Zillow ZIP-level market for Corte Madera; mapped with Census 2020 ZCTA 94925 in Marin County.,,,,
94930 Fairfax,zcta,94930,Fairfax,37.9697928,-122.61533,1043797,,2018-03-31,10,0,Zillow ZIP-level market for Fairfax; mapped with Census 2020 ZCTA 94930 in Marin County.,,,,
94939 Larkspur,zcta,94939,Larkspur,37.9382519,-122.5359478,1992788,,2018-03-31,10,0,Zillow ZIP-level market for Larkspur; mapped with Census 2020 ZCTA 94939 in Marin County.,,,,
94957 Ross,zcta,94957,Ross,37.9634213,-122.5618079,3137253,,2018-03-31,10,0,Zillow ZIP-level market for Ross; mapped with Census 2020 ZCTA 94957 in Marin County.,,,,
94937 Point Reyes Station,zcta,94937,Point Reyes Station,38.1164824,-122.930353,1202954,,2018-03-31,10,0,Zillow ZIP-level market for Point Reyes Station; mapped with Census 2020 ZCTA 94937 in Marin County.,,,,
94924 Bolinas,zcta,94924,Bolinas,37.9669044,-122.7388158,1642262,,2018-03-31,10,0,Zillow ZIP-level market for Bolinas; mapped with Census 2020 ZCTA 94924 in Marin County.,,,,
94963 Lagunitas,zcta,94963,Lagunitas,38.00761,-122.6647483,1040475,,2018-03-31,10,0,Zillow ZIP-level market for Lagunitas; mapped with Census 2020 ZCTA 94963 in Marin County.,,,,
94973 Woodacre,zcta,94973,Woodacre,38.0125906,-122.6394,892323,,2018-03-31,10,0,Zillow ZIP-level market for Woodacre; mapped with Census 2020 ZCTA 94973 in Marin County.,,,,
94946 Nicasio,zcta,94946,Nicasio,38.0747338,-122.6952645,1555054,,2018-03-31,10,0,Zillow ZIP-level market for Nicasio; mapped with Census 2020 ZCTA 94946 in Marin County.,,,,
94938 Bolinas,zcta,94938,Bolinas,38.0302365,-122.7295132,882580,,2018-03-31,10,0,Zillow ZIP-level market for Bolinas; mapped with Census 2020 ZCTA 94938 in Marin County.,,,,
94970 Stinson Beach,zcta,94970,Stinson Beach,37.9258817,-122.6598334,2216829,,2018-03-31,10,0,Zillow ZIP-level market for Stinson Beach; mapped with Census 2020 ZCTA 94970 in Marin County.,,,,
94956 Point Reyes Station,zcta,94956,Point Reyes Station,38.0214541,-122.81817,1121080,,2018-03-31,10,0,Zillow ZIP-level market for Point Reyes Station; mapped with Census 2020 ZCTA 94956 in Marin County.,,,,
94940 Marshall,zcta,94940,Marshall,38.2039708,-122.8914816,1295269,,2018-03-31,10,0,Zillow ZIP-level market for Marshall; mapped with Census 2020 ZCTA 94940 in Marin County.,,,,
94933 Lagunitas,zcta,94933,Lagunitas,38.0175021,-122.688148,759484,,2018-03-31,10,0,Zillow ZIP-level market for Lagunitas; mapped with Census 2020 ZCTA 94933 in Marin County.,,,,
94971 Tomales,zcta,94971,Tomales,38.2330285,-122.8969589,909375,,2018-03-31,10,0,Zillow ZIP-level market for Tomales; mapped with Census 2020 ZCTA 94971 in Marin County.,,,,
94929 nan,zcta,94929,nan,38.2545284,-122.9623709,1034747,,2018-03-31,10,0,Zillow ZIP-level market for nan; mapped with Census 2020 ZCTA 94929 in Marin County.,,,,
94901 San Rafael,zcta,94901,San Rafael,37.980709,-122.5006058,1198489,2215,2018-04-30,10,0,Zillow ZIP-level market for San Rafael; mapped with Census 2020 ZCTA 94901 in Marin County.,,2215,Zillow ZORI,
94941 Mill Valley,zcta,94941,Mill Valley,37.9247747,-122.6001828,1694540,,2018-04-30,10,0,Zillow ZIP-level market for Mill Valley; mapped with Census 2020 ZCTA 94941 in Marin County.,,,,
94903 San Rafael,zcta,94903,San Rafael,38.0221295,-122.55881,1012480,,2018-04-30,10,0,Zillow ZIP-level market for San Rafael; mapped with Census 2020 ZCTA 94903 in Marin County.,,,,
94947 Novato,zcta,94947,Novato,38.1061995,-122.6249851,825702,,2018-04-30,10,0,Zillow ZIP-level market for Novato; mapped with Census 2020 ZCTA 94947 in Marin County.,,,,
94949 Novato,zcta,94949,Novato,38.0600944,-122.5064097,965206,,2018-04-30,10,0,Zillow ZIP-level market for Novato; mapped with Census 2020 ZCTA 94949 in Marin County.,,,,
94945 Novato,zcta,94945,Novato,38.1226869,-122.5531417,883293,,2018-04-30,10,0,Zillow ZIP-level market for Novato; mapped with Census 2020 ZCTA 94945 in Marin County.,,,,
94960 San Anselmo,zcta,94960,San Anselmo,37.9970232,-122.5783384,1323490,,2018-04-30,10,0,Zillow ZIP-level market for San Anselmo; mapped with Census 2020 ZCTA 94960 in Marin County.,,,,
94904 Kentfield,zcta,94904,Kentfield,37.9472249,-122.5517753,2022319,,2018-04-30,10,0,Zillow ZIP-level market for Kentfield; mapped with Census 2020 ZCTA 94904 in Marin County.,,,,
94920 Tiburon,zcta,94920,Tiburon,37.8867683,-122.4626194,2858298,,2018-04-30,10,0,Zillow ZIP-level market for Tiburon; mapped with Census 2020 ZCTA 94920 in Marin County.,,,,
94965 Sausalito,zcta,94965,Sausalito,37.8373471,-122.5274824,1714350,,2018-04-30,10,0,Zillow ZIP-level market for Sausalito; mapped with Census 2020 ZCTA 94965 in Marin County.,,,,
94925 Corte Madera,zcta,94925,Corte Madera,37.9318458,-122.5077378,1494209,,2018-04-30,10,0,Zillow ZIP-level market for Corte Madera; mapped with Census 2020 ZCTA 94925 in Marin County.,,,,
94930 Fairfax,zcta,94930,Fairfax,37.9697928,-122.61533,1049784,,2018-04-30,10,0,Zillow ZIP-level market for Fairfax; mapped with Census 2020 ZCTA 94930 in Marin County.,,,,
94939 Larkspur,zcta,94939,Larkspur,37.9382519,-122.5359478,1999335,,2018-04-30,10,0,Zillow ZIP-level market for Larkspur; mapped with Census 2020 ZCTA 94939 in Marin County.,,,,
94957 Ross,zcta,94957,Ross,37.9634213,-122.5618079,3156294,,2018-04-30,10,0,Zillow ZIP-level market for Ross; mapped with Census 2020 ZCTA 94957 in Marin County.,,,,
94937 Point Reyes Station,zcta,94937,Point Reyes Station,38.1164824,-122.930353,1207484,,2018-04-30,10,0,Zillow ZIP-level market for Point Reyes Station; mapped with Census 2020 ZCTA 94937 in Marin County.,,,,
94924 Bolinas,zcta,94924,Bolinas,37.9669044,-122.7388158,1657548,,2018-04-30,10,0,Zillow ZIP-level market for Bolinas; mapped with Census 2020 ZCTA 94924 in Marin County.,,,,
94963 Lagunitas,zcta,94963,Lagunitas,38.00761,-122.6647483,1044715,,2018-04-30,10,0,Zillow ZIP-level market for Lagunitas; mapped with Census 2020 ZCTA 94963 in Marin County.,,,,
94973 Woodacre,zcta,94973,Woodacre,38.0125906,-122.6394,897978,,2018-04-30,10,0,Zillow ZIP-level market for Woodacre; mapped with Census 2020 ZCTA 94973 in Marin County.,,,,
94946 Nicasio,zcta,94946,Nicasio,38.0747338,-122.6952645,1564098,,2018-04-30,10,0,Zillow ZIP-level market for Nicasio; mapped with Census 2020 ZCTA 94946 in Marin County.,,,,
94938 Bolinas,zcta,94938,Bolinas,38.0302365,-122.7295132,887815,,2018-04-30,10,0,Zillow ZIP-level market for Bolinas; mapped with Census 2020 ZCTA 94938 in Marin County.,,,,
94970 Stinson Beach,zcta,94970,Stinson Beach,37.9258817,-122.6598334,2214534,,2018-04-30,10,0,Zillow ZIP-level market for Stinson Beach; mapped with Census 2020 ZCTA 94970 in Marin County.,,,,
94956 Point Reyes Station,zcta,94956,Point Reyes Station,38.0214541,-122.81817,1120927,,2018-04-30,10,0,Zillow ZIP-level market for Point Reyes Station; mapped with Census 2020 ZCTA 94956 in Marin County.,,,,
94940 Marshall,zcta,94940,Marshall,38.2039708,-122.8914816,1302257,,2018-04-30,10,0,Zillow ZIP-level market for Marshall; mapped with Census 2020 ZCTA 94940 in Marin County.,,,,
94933 Lagunitas,zcta,94933,Lagunitas,38.0175021,-122.688148,761819,,2018-04-30,10,0,Zillow ZIP-level market for Lagunitas; mapped with Census 2020 ZCTA 94933 in Marin County.,,,,
94971 Tomales,zcta,94971,Tomales,38.2330285,-122.8969589,910280,,2018-04-30,10,0,Zillow ZIP-level market for Tomales; mapped with Census 2020 ZCTA 94971 in Marin County.,,,,
94929 nan,zcta,94929,nan,38.2545284,-122.9623709,1041573,,2018-04-30,10,0,Zillow ZIP-level market for nan; mapped with Census 2020 ZCTA 94929 in Marin County.,,,,
94901 San Rafael,zcta,94901,San Rafael,37.980709,-122.5006058,1201960,2203,2018-05-31,10,0,Zillow ZIP-level market for San Rafael; mapped with Census 2020 ZCTA 94901 in Marin County.,,2203,Zillow ZORI,
94941 Mill Valley,zcta,94941,Mill Valley,37.9247747,-122.6001828,1702704,,2018-05-31,10,0,Zillow ZIP-level market for Mill Valley; mapped with Census 2020 ZCTA 94941 in Marin County.,,,,
94903 San Rafael,zcta,94903,San Rafael,38.0221295,-122.55881,1018250,,2018-05-31,10,0,Zillow ZIP-level market for San Rafael; mapped with Census 2020 ZCTA 94903 in Marin County.,,,,
94947 Novato,zcta,94947,Novato,38.1061995,-122.6249851,829767,,2018-05-31,10,0,Zillow ZIP-level market for Novato; mapped with Census 2020 ZCTA 94947 in Marin County.,,,,
94949 Novato,zcta,94949,Novato,38.0600944,-122.5064097,970564,,2018-05-31,10,0,Zillow ZIP-level market for Novato; mapped with Census 2020 ZCTA 94949 in Marin County.,,,,
94945 Novato,zcta,94945,Novato,38.1226869,-122.5531417,886934,,2018-05-31,10,0,Zillow ZIP-level market for Novato; mapped with Census 2020 ZCTA 94945 in Marin County.,,,,
94960 San Anselmo,zcta,94960,San Anselmo,37.9970232,-122.5783384,1328116,,2018-05-31,10,0,Zillow ZIP-level market for San Anselmo; mapped with Census 2020 ZCTA 94960 in Marin County.,,,,
94904 Kentfield,zcta,94904,Kentfield,37.9472249,-122.5517753,2014882,,2018-05-31,10,0,Zillow ZIP-level market for Kentfield; mapped with Census 2020 ZCTA 94904 in Marin County.,,,,
94920 Tiburon,zcta,94920,Tiburon,37.8867683,-122.4626194,2859674,,2018-05-31,10,0,Zillow ZIP-level market for Tiburon; mapped with Census 2020 ZCTA 94920 in Marin County.,,,,
94965 Sausalito,zcta,94965,Sausalito,37.8373471,-122.5274824,1719917,,2018-05-31,10,0,Zillow ZIP-level market for Sausalito; mapped with Census 2020 ZCTA 94965 in Marin County.,,,,
94925 Corte Madera,zcta,94925,Corte Madera,37.9318458,-122.5077378,1496519,,2018-05-31,10,0,Zillow ZIP-level market for Corte Madera; mapped with Census 2020 ZCTA 94925 in Marin County.,,,,
94930 Fairfax,zcta,94930,Fairfax,37.9697928,-122.61533,1053941,,2018-05-31,10,0,Zillow ZIP-level market for Fairfax; mapped with Census 2020 ZCTA 94930 in Marin County.,,,,
94939 Larkspur,zcta,94939,Larkspur,37.9382519,-122.5359478,2006521,,2018-05-31,10,0,Zillow ZIP-level market for Larkspur; mapped with Census 2020 ZCTA 94939 in Marin County.,,,,
94957 Ross,zcta,94957,Ross,37.9634213,-122.5618079,3162050,,2018-05-31,10,0,Zillow ZIP-level market for Ross; mapped with Census 2020 ZCTA 94957 in Marin County.,,,,
94937 Point Reyes Station,zcta,94937,Point Reyes Station,38.1164824,-122.930353,1210525,,2018-05-31,10,0,Zillow ZIP-level market for Point Reyes Station; mapped with Census 2020 ZCTA 94937 in Marin County.,,,,
94924 Bolinas,zcta,94924,Bolinas,37.9669044,-122.7388158,1677197,,2018-05-31,10,0,Zillow ZIP-level market for Bolinas; mapped with Census 2020 ZCTA 94924 in Marin County.,,,,
94963 Lagunitas,zcta,94963,Lagunitas,38.00761,-122.6647483,1046532,,2018-05-31,10,0,Zillow ZIP-level market for Lagunitas; mapped with Census 2020 ZCTA 94963 in Marin County.,,,,
94973 Woodacre,zcta,94973,Woodacre,38.0125906,-122.6394,901748,,2018-05-31,10,0,Zillow ZIP-level market for Woodacre; mapped with Census 2020 ZCTA 94973 in Marin County.,,,,
94946 Nicasio,zcta,94946,Nicasio,38.0747338,-122.6952645,1569502,,2018-05-31,10,0,Zillow ZIP-level market for Nicasio; mapped with Census 2020 ZCTA 94946 in Marin County.,,,,
94938 Bolinas,zcta,94938,Bolinas,38.0302365,-122.7295132,887354,,2018-05-31,10,0,Zillow ZIP-level market for Bolinas; mapped with Census 2020 ZCTA 94938 in Marin County.,,,,
94970 Stinson Beach,zcta,94970,Stinson Beach,37.9258817,-122.6598334,2202952,,2018-05-31,10,0,Zillow ZIP-level market for Stinson Beach; mapped with Census 2020 ZCTA 94970 in Marin County.,,,,
94956 Point Reyes Station,zcta,94956,Point Reyes Station,38.0214541,-122.81817,1122584,,2018-05-31,10,0,Zillow ZIP-level market for Point Reyes Station; mapped with Census 2020 ZCTA 94956 in Marin County.,,,,
94940 Marshall,zcta,94940,Marshall,38.2039708,-122.8914816,1306972,,2018-05-31,10,0,Zillow ZIP-level market for Marshall; mapped with Census 2020 ZCTA 94940 in Marin County.,,,,
94933 Lagunitas,zcta,94933,Lagunitas,38.0175021,-122.688148,763258,,2018-05-31,10,0,Zillow ZIP-level market for Lagunitas; mapped with Census 2020 ZCTA 94933 in Marin County.,,,,
94971 Tomales,zcta,94971,Tomales,38.2330285,-122.8969589,910630,,2018-05-31,10,0,Zillow ZIP-level market for Tomales; mapped with Census 2020 ZCTA 94971 in Marin County.,,,,
94929 nan,zcta,94929,nan,38.2545284,-122.9623709,1046228,,2018-05-31,10,0,Zillow ZIP-level market for nan; mapped with Census 2020 ZCTA 94929 in Marin County.,,,,
94901 San Rafael,zcta,94901,San Rafael,37.980709,-122.5006058,1205095,2254,2018-06-30,10,0,Zillow ZIP-level market for San Rafael; mapped with Census 2020 ZCTA 94901 in Marin County.,,2254,Zillow ZORI,
94941 Mill Valley,zcta,94941,Mill Valley,37.9247747,-122.6001828,1709033,,2018-06-30,10,0,Zillow ZIP-level market for Mill Valley; mapped with Census 2020 ZCTA 94941 in Marin County.,,,,
94903 San Rafael,zcta,94903,San Rafael,38.0221295,-122.55881,1024195,,2018-06-30,10,0,Zillow ZIP-level market for San Rafael; mapped with Census 2020 ZCTA 94903 in Marin County.,,,,
94947 Novato,zcta,94947,Novato,38.1061995,-122.6249851,834440,,2018-06-30,10,0,Zillow ZIP-level market for Novato; mapped with Census 2020 ZCTA 94947 in Marin County.,,,,
94949 Novato,zcta,94949,Novato,38.0600944,-122.5064097,976115,,2018-06-30,10,0,Zillow ZIP-level market for Novato; mapped with Census 2020 ZCTA 94949 in Marin County.,,,,
94945 Novato,zcta,94945,Novato,38.1226869,-122.5531417,890216,,2018-06-30,10,0,Zillow ZIP-level market for Novato; mapped with Census 2020 ZCTA 94945 in Marin County.,,,,
94960 San Anselmo,zcta,94960,San Anselmo,37.9970232,-122.5783384,1333968,,2018-06-30,10,0,Zillow ZIP-level market for San Anselmo; mapped with Census 2020 ZCTA 94960 in Marin County.,,,,
94904 Kentfield,zcta,94904,Kentfield,37.9472249,-122.5517753,2006702,,2018-06-30,10,0,Zillow ZIP-level market for Kentfield; mapped with Census 2020 ZCTA 94904 in Marin County.,,,,
94920 Tiburon,zcta,94920,Tiburon,37.8867683,-122.4626194,2858026,,2018-06-30,10,0,Zillow ZIP-level market for Tiburon; mapped with Census 2020 ZCTA 94920 in Marin County.,,,,
94965 Sausalito,zcta,94965,Sausalito,37.8373471,-122.5274824,1723007,,2018-06-30,10,0,Zillow ZIP-level market for Sausalito; mapped with Census 2020 ZCTA 94965 in Marin County.,,,,
94925 Corte Madera,zcta,94925,Corte Madera,37.9318458,-122.5077378,1496555,,2018-06-30,10,0,Zillow ZIP-level market for Corte Madera; mapped with Census 2020 ZCTA 94925 in Marin County.,,,,
94930 Fairfax,zcta,94930,Fairfax,37.9697928,-122.61533,1054544,,2018-06-30,10,0,Zillow ZIP-level market for Fairfax; mapped with Census 2020 ZCTA 94930 in Marin County.,,,,
94939 Larkspur,zcta,94939,Larkspur,37.9382519,-122.5359478,2013246,,2018-06-30,10,0,Zillow ZIP-level market for Larkspur; mapped with Census 2020 ZCTA 94939 in Marin County.,,,,
94957 Ross,zcta,94957,Ross,37.9634213,-122.5618079,3161144,,2018-06-30,10,0,Zillow ZIP-level market for Ross; mapped with Census 2020 ZCTA 94957 in Marin County.,,,,
94937 Point Reyes Station,zcta,94937,Point Reyes Station,38.1164824,-122.930353,1215461,,2018-06-30,10,0,Zillow ZIP-level market for Point Reyes Station; mapped with Census 2020 ZCTA 94937 in Marin County.,,,,
94924 Bolinas,zcta,94924,Bolinas,37.9669044,-122.7388158,1678354,,2018-06-30,10,0,Zillow ZIP-level market for Bolinas; mapped with Census 2020 ZCTA 94924 in Marin County.,,,,
94963 Lagunitas,zcta,94963,Lagunitas,38.00761,-122.6647483,1045423,,2018-06-30,10,0,Zillow ZIP-level market for Lagunitas; mapped with Census 2020 ZCTA 94963 in Marin County.,,,,
94973 Woodacre,zcta,94973,Woodacre,38.0125906,-122.6394,901651,,2018-06-30,10,0,Zillow ZIP-level market for Woodacre; mapped with Census 2020 ZCTA 94973 in Marin County.,,,,
94946 Nicasio,zcta,94946,Nicasio,38.0747338,-122.6952645,1575545,,2018-06-30,10,0,Zillow ZIP-level market for Nicasio; mapped with Census 2020 ZCTA 94946 in Marin County.,,,,
94938 Bolinas,zcta,94938,Bolinas,38.0302365,-122.7295132,885959,,2018-06-30,10,0,Zillow ZIP-level market for Bolinas; mapped with Census 2020 ZCTA 94938 in Marin County.,,,,
94970 Stinson Beach,zcta,94970,Stinson Beach,37.9258817,-122.6598334,2190147,,2018-06-30,10,0,Zillow ZIP-level market for Stinson Beach; mapped with Census 2020 ZCTA 94970 in Marin County.,,,,
94956 Point Reyes Station,zcta,94956,Point Reyes Station,38.0214541,-122.81817,1127407,,2018-06-30,10,0,Zillow ZIP-level market for Point Reyes Station; mapped with Census 2020 ZCTA 94956 in Marin County.,,,,
94940 Marshall,zcta,94940,Marshall,38.2039708,-122.8914816,1312429,,2018-06-30,10,0,Zillow ZIP-level market for Marshall; mapped with Census 2020 ZCTA 94940 in Marin County.,,,,
94933 Lagunitas,zcta,94933,Lagunitas,38.0175021,-122.688148,763059,,2018-06-30,10,0,Zillow ZIP-level market for Lagunitas; mapped with Census 2020 ZCTA 94933 in Marin County.,,,,
94971 Tomales,zcta,94971,Tomales,38.2330285,-122.8969589,910810,,2018-06-30,10,0,Zillow ZIP-level market for Tomales; mapped with Census 2020 ZCTA 94971 in Marin County.,,,,
94929 nan,zcta,94929,nan,38.2545284,-122.9623709,1049891,,2018-06-30,10,0,Zillow ZIP-level market for nan; mapped with Census 2020 ZCTA 94929 in Marin County.,,,,
94901 San Rafael,zcta,94901,San Rafael,37.980709,-122.5006058,1203606,2310,2018-07-31,10,0,Zillow ZIP-level market for San Rafael; mapped with Census 2020 ZCTA 94901 in Marin County.,,2310,Zillow ZORI,
94941 Mill Valley,zcta,94941,Mill Valley,37.9247747,-122.6001828,1702648,,2018-07-31,10,0,Zillow ZIP-level market for Mill Valley; mapped with Census 2020 ZCTA 94941 in Marin County.,,,,
94903 San Rafael,zcta,94903,San Rafael,38.0221295,-122.55881,1025190,,2018-07-31,10,0,Zillow ZIP-level market for San Rafael; mapped with Census 2020 ZCTA 94903 in Marin County.,,,,
94947 Novato,zcta,94947,Novato,38.1061995,-122.6249851,836515,,2018-07-31,10,0,Zillow ZIP-level market for Novato; mapped with Census 2020 ZCTA 94947 in Marin County.,,,,
94949 Novato,zcta,94949,Novato,38.0600944,-122.5064097,979420,,2018-07-31,10,0,Zillow ZIP-level market for Novato; mapped with Census 2020 ZCTA 94949 in Marin County.,,,,
94945 Novato,zcta,94945,Novato,38.1226869,-122.5531417,890218,,2018-07-31,10,0,Zillow ZIP-level market for Novato; mapped with Census 2020 ZCTA 94945 in Marin County.,,,,
94960 San Anselmo,zcta,94960,San Anselmo,37.9970232,-122.5783384,1333145,,2018-07-31,10,0,Zillow ZIP-level market for San Anselmo; mapped with Census 2020 ZCTA 94960 in Marin County.,,,,
94904 Kentfield,zcta,94904,Kentfield,37.9472249,-122.5517753,1990359,,2018-07-31,10,0,Zillow ZIP-level market for Kentfield; mapped with Census 2020 ZCTA 94904 in Marin County.,,,,
94920 Tiburon,zcta,94920,Tiburon,37.8867683,-122.4626194,2831675,,2018-07-31,10,0,Zillow ZIP-level market for Tiburon; mapped with Census 2020 ZCTA 94920 in Marin County.,,,,
94965 Sausalito,zcta,94965,Sausalito,37.8373471,-122.5274824,1720662,,2018-07-31,10,0,Zillow ZIP-level market for Sausalito; mapped with Census 2020 ZCTA 94965 in Marin County.,,,,
94925 Corte Madera,zcta,94925,Corte Madera,37.9318458,-122.5077378,1485671,,2018-07-31,10,0,Zillow ZIP-level market for Corte Madera; mapped with Census 2020 ZCTA 94925 in Marin County.,,,,
94930 Fairfax,zcta,94930,Fairfax,37.9697928,-122.61533,1049472,,2018-07-31,10,0,Zillow ZIP-level market for Fairfax; mapped with Census 2020 ZCTA 94930 in Marin County.,,,,
94939 Larkspur,zcta,94939,Larkspur,37.9382519,-122.5359478,2005182,,2018-07-31,10,0,Zillow ZIP-level market for Larkspur; mapped with Census 2020 ZCTA 94939 in Marin County.,,,,
94957 Ross,zcta,94957,Ross,37.9634213,-122.5618079,3125194,,2018-07-31,10,0,Zillow ZIP-level market for Ross; mapped with Census 2020 ZCTA 94957 in Marin County.,,,,
94937 Point Reyes Station,zcta,94937,Point Reyes Station,38.1164824,-122.930353,1213846,,2018-07-31,10,0,Zillow ZIP-level market for Point Reyes Station; mapped with Census 2020 ZCTA 94937 in Marin County.,,,,
94924 Bolinas,zcta,94924,Bolinas,37.9669044,-122.7388158,1663838,,2018-07-31,10,0,Zillow ZIP-level market for Bolinas; mapped with Census 2020 ZCTA 94924 in Marin County.,,,,
94963 Lagunitas,zcta,94963,Lagunitas,38.00761,-122.6647483,1039541,,2018-07-31,10,0,Zillow ZIP-level market for Lagunitas; mapped with Census 2020 ZCTA 94963 in Marin County.,,,,
94973 Woodacre,zcta,94973,Woodacre,38.0125906,-122.6394,897572,,2018-07-31,10,0,Zillow ZIP-level market for Woodacre; mapped with Census 2020 ZCTA 94973 in Marin County.,,,,
94946 Nicasio,zcta,94946,Nicasio,38.0747338,-122.6952645,1577706,,2018-07-31,10,0,Zillow ZIP-level market for Nicasio; mapped with Census 2020 ZCTA 94946 in Marin County.,,,,
94938 Bolinas,zcta,94938,Bolinas,38.0302365,-122.7295132,881536,,2018-07-31,10,0,Zillow ZIP-level market for Bolinas; mapped with Census 2020 ZCTA 94938 in Marin County.,,,,
94970 Stinson Beach,zcta,94970,Stinson Beach,37.9258817,-122.6598334,2166179,,2018-07-31,10,0,Zillow ZIP-level market for Stinson Beach; mapped with Census 2020 ZCTA 94970 in Marin County.,,,,
94956 Point Reyes Station,zcta,94956,Point Reyes Station,38.0214541,-122.81817,1126329,,2018-07-31,10,0,Zillow ZIP-level market for Point Reyes Station; mapped with Census 2020 ZCTA 94956 in Marin County.,,,,
94940 Marshall,zcta,94940,Marshall,38.2039708,-122.8914816,1310807,,2018-07-31,10,0,Zillow ZIP-level market for Marshall; mapped with Census 2020 ZCTA 94940 in Marin County.,,,,
94933 Lagunitas,zcta,94933,Lagunitas,38.0175021,-122.688148,764796,,2018-07-31,10,0,Zillow ZIP-level market for Lagunitas; mapped with Census 2020 ZCTA 94933 in Marin County.,,,,
94971 Tomales,zcta,94971,Tomales,38.2330285,-122.8969589,908947,,2018-07-31,10,0,Zillow ZIP-level market for Tomales; mapped with Census 2020 ZCTA 94971 in Marin County.,,,,
94929 nan,zcta,94929,nan,38.2545284,-122.9623709,1048499,,2018-07-31,10,0,Zillow ZIP-level market for nan; mapped with Census 2020 ZCTA 94929 in Marin County.,,,,
94901 San Rafael,zcta,94901,San Rafael,37.980709,-122.5006058,1202007,2307,2018-08-31,10,0,Zillow ZIP-level market for San Rafael; mapped with Census 2020 ZCTA 94901 in Marin County.,,2307,Zillow ZORI,
94941 Mill Valley,zcta,94941,Mill Valley,37.9247747,-122.6001828,1693634,,2018-08-31,10,0,Zillow ZIP-level market for Mill Valley; mapped with Census 2020 ZCTA 94941 in Marin County.,,,,
94903 San Rafael,zcta,94903,San Rafael,38.0221295,-122.55881,1024693,,2018-08-31,10,0,Zillow ZIP-level market for San Rafael; mapped with Census 2020 ZCTA 94903 in Marin County.,,,,
94947 Novato,zcta,94947,Novato,38.1061995,-122.6249851,837178,,2018-08-31,10,0,Zillow ZIP-level market for Novato; mapped with Census 2020 ZCTA 94947 in Marin County.,,,,
94949 Novato,zcta,94949,Novato,38.0600944,-122.5064097,982003,,2018-08-31,10,0,Zillow ZIP-level market for Novato; mapped with Census 2020 ZCTA 94949 in Marin County.,,,,
94945 Novato,zcta,94945,Novato,38.1226869,-122.5531417,888891,,2018-08-31,10,0,Zillow ZIP-level market for Novato; mapped with Census 2020 ZCTA 94945 in Marin County.,,,,
94960 San Anselmo,zcta,94960,San Anselmo,37.9970232,-122.5783384,1330396,,2018-08-31,10,0,Zillow ZIP-level market for San Anselmo; mapped with Census 2020 ZCTA 94960 in Marin County.,,,,
94904 Kentfield,zcta,94904,Kentfield,37.9472249,-122.5517753,1981560,,2018-08-31,10,0,Zillow ZIP-level market for Kentfield; mapped with Census 2020 ZCTA 94904 in Marin County.,,,,
94920 Tiburon,zcta,94920,Tiburon,37.8867683,-122.4626194,2810861,,2018-08-31,10,0,Zillow ZIP-level market for Tiburon; mapped with Census 2020 ZCTA 94920 in Marin County.,,,,
94965 Sausalito,zcta,94965,Sausalito,37.8373471,-122.5274824,1721172,,2018-08-31,10,0,Zillow ZIP-level market for Sausalito; mapped with Census 2020 ZCTA 94965 in Marin County.,,,,
94925 Corte Madera,zcta,94925,Corte Madera,37.9318458,-122.5077378,1477445,,2018-08-31,10,0,Zillow ZIP-level market for Corte Madera; mapped with Census 2020 ZCTA 94925 in Marin County.,,,,
94930 Fairfax,zcta,94930,Fairfax,37.9697928,-122.61533,1044870,,2018-08-31,10,0,Zillow ZIP-level market for Fairfax; mapped with Census 2020 ZCTA 94930 in Marin County.,,,,
94939 Larkspur,zcta,94939,Larkspur,37.9382519,-122.5359478,1998022,,2018-08-31,10,0,Zillow ZIP-level market for Larkspur; mapped with Census 2020 ZCTA 94939 in Marin County.,,,,
94957 Ross,zcta,94957,Ross,37.9634213,-122.5618079,3093966,,2018-08-31,10,0,Zillow ZIP-level market for Ross; mapped with Census 2020 ZCTA 94957 in Marin County.,,,,
94937 Point Reyes Station,zcta,94937,Point Reyes Station,38.1164824,-122.930353,1209830,,2018-08-31,10,0,Zillow ZIP-level market for Point Reyes Station; mapped with Census 2020 ZCTA 94937 in Marin County.,,,,
94924 Bolinas,zcta,94924,Bolinas,37.9669044,-122.7388158,1660470,,2018-08-31,10,0,Zillow ZIP-level market for Bolinas; mapped with Census 2020 ZCTA 94924 in Marin County.,,,,
94963 Lagunitas,zcta,94963,Lagunitas,38.00761,-122.6647483,1034751,,2018-08-31,10,0,Zillow ZIP-level market for Lagunitas; mapped with Census 2020 ZCTA 94963 in Marin County.,,,,
94973 Woodacre,zcta,94973,Woodacre,38.0125906,-122.6394,891675,,2018-08-31,10,0,Zillow ZIP-level market for Woodacre; mapped with Census 2020 ZCTA 94973 in Marin County.,,,,
94946 Nicasio,zcta,94946,Nicasio,38.0747338,-122.6952645,1579976,,2018-08-31,10,0,Zillow ZIP-level market for Nicasio; mapped with Census 2020 ZCTA 94946 in Marin County.,,,,
94938 Bolinas,zcta,94938,Bolinas,38.0302365,-122.7295132,879297,,2018-08-31,10,0,Zillow ZIP-level market for Bolinas; mapped with Census 2020 ZCTA 94938 in Marin County.,,,,
94970 Stinson Beach,zcta,94970,Stinson Beach,37.9258817,-122.6598334,2171639,,2018-08-31,10,0,Zillow ZIP-level market for Stinson Beach; mapped with Census 2020 ZCTA 94970 in Marin County.,,,,
94956 Point Reyes Station,zcta,94956,Point Reyes Station,38.0214541,-122.81817,1121814,,2018-08-31,10,0,Zillow ZIP-level market for Point Reyes Station; mapped with Census 2020 ZCTA 94956 in Marin County.,,,,
94940 Marshall,zcta,94940,Marshall,38.2039708,-122.8914816,1302101,,2018-08-31,10,0,Zillow ZIP-level market for Marshall; mapped with Census 2020 ZCTA 94940 in Marin County.,,,,
94933 Lagunitas,zcta,94933,Lagunitas,38.0175021,-122.688148,767547,,2018-08-31,10,0,Zillow ZIP-level market for Lagunitas; mapped with Census 2020 ZCTA 94933 in Marin County.,,,,
94971 Tomales,zcta,94971,Tomales,38.2330285,-122.8969589,908143,,2018-08-31,10,0,Zillow ZIP-level market for Tomales; mapped with Census 2020 ZCTA 94971 in Marin County.,,,,
94929 nan,zcta,94929,nan,38.2545284,-122.9623709,1045958,,2018-08-31,10,0,Zillow ZIP-level market for nan; mapped with Census 2020 ZCTA 94929 in Marin County.,,,,
94901 San Rafael,zcta,94901,San Rafael,37.980709,-122.5006058,1201857,2261,2018-09-30,10,0,Zillow ZIP-level market for San Rafael; mapped with Census 2020 ZCTA 94901 in Marin County.,,2261,Zillow ZORI,
94941 Mill Valley,zcta,94941,Mill Valley,37.9247747,-122.6001828,1684405,,2018-09-30,10,0,Zillow ZIP-level market for Mill Valley; mapped with Census 2020 ZCTA 94941 in Marin County.,,,,
94903 San Rafael,zcta,94903,San Rafael,38.0221295,-122.55881,1023390,,2018-09-30,10,0,Zillow ZIP-level market for San Rafael; mapped with Census 2020 ZCTA 94903 in Marin County.,,,,
94947 Novato,zcta,94947,Novato,38.1061995,-122.6249851,837202,,2018-09-30,10,0,Zillow ZIP-level market for Novato; mapped with Census 2020 ZCTA 94947 in Marin County.,,,,
94949 Novato,zcta,94949,Novato,38.0600944,-122.5064097,984627,,2018-09-30,10,0,Zillow ZIP-level market for Novato; mapped with Census 2020 ZCTA 94949 in Marin County.,,,,
94945 Novato,zcta,94945,Novato,38.1226869,-122.5531417,886865,,2018-09-30,10,0,Zillow ZIP-level market for Novato; mapped with Census 2020 ZCTA 94945 in Marin County.,,,,
94960 San Anselmo,zcta,94960,San Anselmo,37.9970232,-122.5783384,1325862,,2018-09-30,10,0,Zillow ZIP-level market for San Anselmo; mapped with Census 2020 ZCTA 94960 in Marin County.,,,,
94904 Kentfield,zcta,94904,Kentfield,37.9472249,-122.5517753,1979291,,2018-09-30,10,0,Zillow ZIP-level market for Kentfield; mapped with Census 2020 ZCTA 94904 in Marin County.,,,,
94920 Tiburon,zcta,94920,Tiburon,37.8867683,-122.4626194,2795603,,2018-09-30,10,0,Zillow ZIP-level market for Tiburon; mapped with Census 2020 ZCTA 94920 in Marin County.,,,,
94965 Sausalito,zcta,94965,Sausalito,37.8373471,-122.5274824,1724055,,2018-09-30,10,0,Zillow ZIP-level market for Sausalito; mapped with Census 2020 ZCTA 94965 in Marin County.,,,,
94925 Corte Madera,zcta,94925,Corte Madera,37.9318458,-122.5077378,1471831,,2018-09-30,10,0,Zillow ZIP-level market for Corte Madera; mapped with Census 2020 ZCTA 94925 in Marin County.,,,,
94930 Fairfax,zcta,94930,Fairfax,37.9697928,-122.61533,1045123,,2018-09-30,10,0,Zillow ZIP-level market for Fairfax; mapped with Census 2020 ZCTA 94930 in Marin County.,,,,
94939 Larkspur,zcta,94939,Larkspur,37.9382519,-122.5359478,1992382,,2018-09-30,10,0,Zillow ZIP-level market for Larkspur; mapped with Census 2020 ZCTA 94939 in Marin County.,,,,
94957 Ross,zcta,94957,Ross,37.9634213,-122.5618079,3093316,,2018-09-30,10,0,Zillow ZIP-level market for Ross; mapped with Census 2020 ZCTA 94957 in Marin County.,,,,
94937 Point Reyes Station,zcta,94937,Point Reyes Station,38.1164824,-122.930353,1206632,,2018-09-30,10,0,Zillow ZIP-level market for Point Reyes Station; mapped with Census 2020 ZCTA 94937 in Marin County.,,,,
94924 Bolinas,zcta,94924,Bolinas,37.9669044,-122.7388158,1678202,,2018-09-30,10,0,Zillow ZIP-level market for Bolinas; mapped with Census 2020 ZCTA 94924 in Marin County.,,,,
94963 Lagunitas,zcta,94963,Lagunitas,38.00761,-122.6647483,1031026,,2018-09-30,10,0,Zillow ZIP-level market for Lagunitas; mapped with Census 2020 ZCTA 94963 in Marin County.,,,,
94973 Woodacre,zcta,94973,Woodacre,38.0125906,-122.6394,889003,,2018-09-30,10,0,Zillow ZIP-level market for Woodacre; mapped with Census 2020 ZCTA 94973 in Marin County.,,,,
94946 Nicasio,zcta,94946,Nicasio,38.0747338,-122.6952645,1580743,,2018-09-30,10,0,Zillow ZIP-level market for Nicasio; mapped with Census 2020 ZCTA 94946 in Marin County.,,,,
94938 Bolinas,zcta,94938,Bolinas,38.0302365,-122.7295132,878372,,2018-09-30,10,0,Zillow ZIP-level market for Bolinas; mapped with Census 2020 ZCTA 94938 in Marin County.,,,,
94970 Stinson Beach,zcta,94970,Stinson Beach,37.9258817,-122.6598334,2172681,,2018-09-30,10,0,Zillow ZIP-level market for Stinson Beach; mapped with Census 2020 ZCTA 94970 in Marin County.,,,,
94956 Point Reyes Station,zcta,94956,Point Reyes Station,38.0214541,-122.81817,1116219,,2018-09-30,10,0,Zillow ZIP-level market for Point Reyes Station; mapped with Census 2020 ZCTA 94956 in Marin County.,,,,
94940 Marshall,zcta,94940,Marshall,38.2039708,-122.8914816,1286931,,2018-09-30,10,0,Zillow ZIP-level market for Marshall; mapped with Census 2020 ZCTA 94940 in Marin County.,,,,
94933 Lagunitas,zcta,94933,Lagunitas,38.0175021,-122.688148,770577,,2018-09-30,10,0,Zillow ZIP-level market for Lagunitas; mapped with Census 2020 ZCTA 94933 in Marin County.,,,,
94971 Tomales,zcta,94971,Tomales,38.2330285,-122.8969589,905350,,2018-09-30,10,0,Zillow ZIP-level market for Tomales; mapped with Census 2020 ZCTA 94971 in Marin County.,,,,
94929 nan,zcta,94929,nan,38.2545284,-122.9623709,1042246,,2018-09-30,10,0,Zillow ZIP-level market for nan; mapped with Census 2020 ZCTA 94929 in Marin County.,,,,
94901 San Rafael,zcta,94901,San Rafael,37.980709,-122.5006058,1206642,2237,2018-10-31,10,0,Zillow ZIP-level market for San Rafael; mapped with Census 2020 ZCTA 94901 in Marin County.,,2237,Zillow ZORI,
94941 Mill Valley,zcta,94941,Mill Valley,37.9247747,-122.6001828,1688111,,2018-10-31,10,0,Zillow ZIP-level market for Mill Valley; mapped with Census 2020 ZCTA 94941 in Marin County.,,,,
94903 San Rafael,zcta,94903,San Rafael,38.0221295,-122.55881,1025526,,2018-10-31,10,0,Zillow ZIP-level market for San Rafael; mapped with Census 2020 ZCTA 94903 in Marin County.,,,,
94947 Novato,zcta,94947,Novato,38.1061995,-122.6249851,838871,,2018-10-31,10,0,Zillow ZIP-level market for Novato; mapped with Census 2020 ZCTA 94947 in Marin County.,,,,
94949 Novato,zcta,94949,Novato,38.0600944,-122.5064097,988631,,2018-10-31,10,0,Zillow ZIP-level market for Novato; mapped with Census 2020 ZCTA 94949 in Marin County.,,,,
94945 Novato,zcta,94945,Novato,38.1226869,-122.5531417,887266,,2018-10-31,10,0,Zillow ZIP-level market for Novato; mapped with Census 2020 ZCTA 94945 in Marin County.,,,,
94960 San Anselmo,zcta,94960,San Anselmo,37.9970232,-122.5783384,1326149,,2018-10-31,10,0,Zillow ZIP-level market for San Anselmo; mapped with Census 2020 ZCTA 94960 in Marin County.,,,,
94904 Kentfield,zcta,94904,Kentfield,37.9472249,-122.5517753,1983526,,2018-10-31,10,0,Zillow ZIP-level market for Kentfield; mapped with Census 2020 ZCTA 94904 in Marin County.,,,,
94920 Tiburon,zcta,94920,Tiburon,37.8867683,-122.4626194,2803109,,2018-10-31,10,0,Zillow ZIP-level market for Tiburon; mapped with Census 2020 ZCTA 94920 in Marin County.,,,,
94965 Sausalito,zcta,94965,Sausalito,37.8373471,-122.5274824,1734651,,2018-10-31,10,0,Zillow ZIP-level market for Sausalito; mapped with Census 2020 ZCTA 94965 in Marin County.,,,,
94925 Corte Madera,zcta,94925,Corte Madera,37.9318458,-122.5077378,1474450,,2018-10-31,10,0,Zillow ZIP-level market for Corte Madera; mapped with Census 2020 ZCTA 94925 in Marin County.,,,,
94930 Fairfax,zcta,94930,Fairfax,37.9697928,-122.61533,1049510,,2018-10-31,10,0,Zillow ZIP-level market for Fairfax; mapped with Census 2020 ZCTA 94930 in Marin County.,,,,
94939 Larkspur,zcta,94939,Larkspur,37.9382519,-122.5359478,2000707,,2018-10-31,10,0,Zillow ZIP-level market for Larkspur; mapped with Census 2020 ZCTA 94939 in Marin County.,,,,
94957 Ross,zcta,94957,Ross,37.9634213,-122.5618079,3128502,,2018-10-31,10,0,Zillow ZIP-level market for Ross; mapped with Census 2020 ZCTA 94957 in Marin County.,,,,
94937 Point Reyes Station,zcta,94937,Point Reyes Station,38.1164824,-122.930353,1207716,,2018-10-31,10,0,Zillow ZIP-level market for Point Reyes Station; mapped with Census 2020 ZCTA 94937 in Marin County.,,,,
94924 Bolinas,zcta,94924,Bolinas,37.9669044,-122.7388158,1708004,,2018-10-31,10,0,Zillow ZIP-level market for Bolinas; mapped with Census 2020 ZCTA 94924 in Marin County.,,,,
94963 Lagunitas,zcta,94963,Lagunitas,38.00761,-122.6647483,1030956,,2018-10-31,10,0,Zillow ZIP-level market for Lagunitas; mapped with Census 2020 ZCTA 94963 in Marin County.,,,,
94973 Woodacre,zcta,94973,Woodacre,38.0125906,-122.6394,889480,,2018-10-31,10,0,Zillow ZIP-level market for Woodacre; mapped with Census 2020 ZCTA 94973 in Marin County.,,,,
94946 Nicasio,zcta,94946,Nicasio,38.0747338,-122.6952645,1589916,,2018-10-31,10,0,Zillow ZIP-level market for Nicasio; mapped with Census 2020 ZCTA 94946 in Marin County.,,,,
94938 Bolinas,zcta,94938,Bolinas,38.0302365,-122.7295132,879432,,2018-10-31,10,0,Zillow ZIP-level market for Bolinas; mapped with Census 2020 ZCTA 94938 in Marin County.,,,,
94970 Stinson Beach,zcta,94970,Stinson Beach,37.9258817,-122.6598334,2193524,,2018-10-31,10,0,Zillow ZIP-level market for Stinson Beach; mapped with Census 2020 ZCTA 94970 in Marin County.,,,,
94956 Point Reyes Station,zcta,94956,Point Reyes Station,38.0214541,-122.81817,1119311,,2018-10-31,10,0,Zillow ZIP-level market for Point Reyes Station; mapped with Census 2020 ZCTA 94956 in Marin County.,,,,
94940 Marshall,zcta,94940,Marshall,38.2039708,-122.8914816,1279138,,2018-10-31,10,0,Zillow ZIP-level market for Marshall; mapped with Census 2020 ZCTA 94940 in Marin County.,,,,
94933 Lagunitas,zcta,94933,Lagunitas,38.0175021,-122.688148,771851,,2018-10-31,10,0,Zillow ZIP-level market for Lagunitas; mapped with Census 2020 ZCTA 94933 in Marin County.,,,,
94971 Tomales,zcta,94971,Tomales,38.2330285,-122.8969589,904973,,2018-10-31,10,0,Zillow ZIP-level market for Tomales; mapped with Census 2020 ZCTA 94971 in Marin County.,,,,
94929 nan,zcta,94929,nan,38.2545284,-122.9623709,1039948,,2018-10-31,10,0,Zillow ZIP-level market for nan; mapped with Census 2020 ZCTA 94929 in Marin County.,,,,
94901 San Rafael,zcta,94901,San Rafael,37.980709,-122.5006058,1212301,2222,2018-11-30,10,0,Zillow ZIP-level market for San Rafael; mapped with Census 2020 ZCTA 94901 in Marin County.,,2222,Zillow ZORI,
94941 Mill Valley,zcta,94941,Mill Valley,37.9247747,-122.6001828,1690783,,2018-11-30,10,0,Zillow ZIP-level market for Mill Valley; mapped with Census 2020 ZCTA 94941 in Marin County.,,,,
94903 San Rafael,zcta,94903,San Rafael,38.0221295,-122.55881,1026992,,2018-11-30,10,0,Zillow ZIP-level market for San Rafael; mapped with Census 2020 ZCTA 94903 in Marin County.,,,,
94947 Novato,zcta,94947,Novato,38.1061995,-122.6249851,839609,,2018-11-30,10,0,Zillow ZIP-level market for Novato; mapped with Census 2020 ZCTA 94947 in Marin County.,,,,
94949 Novato,zcta,94949,Novato,38.0600944,-122.5064097,992070,,2018-11-30,10,0,Zillow ZIP-level market for Novato; mapped with Census 2020 ZCTA 94949 in Marin County.,,,,
94945 Novato,zcta,94945,Novato,38.1226869,-122.5531417,886896,,2018-11-30,10,0,Zillow ZIP-level market for Novato; mapped with Census 2020 ZCTA 94945 in Marin County.,,,,
94960 San Anselmo,zcta,94960,San Anselmo,37.9970232,-122.5783384,1326590,,2018-11-30,10,0,Zillow ZIP-level market for San Anselmo; mapped with Census 2020 ZCTA 94960 in Marin County.,,,,
94904 Kentfield,zcta,94904,Kentfield,37.9472249,-122.5517753,1983416,,2018-11-30,10,0,Zillow ZIP-level market for Kentfield; mapped with Census 2020 ZCTA 94904 in Marin County.,,,,
94920 Tiburon,zcta,94920,Tiburon,37.8867683,-122.4626194,2805919,,2018-11-30,10,0,Zillow ZIP-level market for Tiburon; mapped with Census 2020 ZCTA 94920 in Marin County.,,,,
94965 Sausalito,zcta,94965,Sausalito,37.8373471,-122.5274824,1742619,,2018-11-30,10,0,Zillow ZIP-level market for Sausalito; mapped with Census 2020 ZCTA 94965 in Marin County.,,,,
94925 Corte Madera,zcta,94925,Corte Madera,37.9318458,-122.5077378,1475153,,2018-11-30,10,0,Zillow ZIP-level market for Corte Madera; mapped with Census 2020 ZCTA 94925 in Marin County.,,,,
94930 Fairfax,zcta,94930,Fairfax,37.9697928,-122.61533,1053712,,2018-11-30,10,0,Zillow ZIP-level market for Fairfax; mapped with Census 2020 ZCTA 94930 in Marin County.,,,,
94939 Larkspur,zcta,94939,Larkspur,37.9382519,-122.5359478,2005140,,2018-11-30,10,0,Zillow ZIP-level market for Larkspur; mapped with Census 2020 ZCTA 94939 in Marin County.,,,,
94957 Ross,zcta,94957,Ross,37.9634213,-122.5618079,3156144,,2018-11-30,10,0,Zillow ZIP-level market for Ross; mapped with Census 2020 ZCTA 94957 in Marin County.,,,,
94937 Point Reyes Station,zcta,94937,Point Reyes Station,38.1164824,-122.930353,1204847,,2018-11-30,10,0,Zillow ZIP-level market for Point Reyes Station; mapped with Census 2020 ZCTA 94937 in Marin County.,,,,
94924 Bolinas,zcta,94924,Bolinas,37.9669044,-122.7388158,1725591,,2018-11-30,10,0,Zillow ZIP-level market for Bolinas; mapped with Census 2020 ZCTA 94924 in Marin County.,,,,
94963 Lagunitas,zcta,94963,Lagunitas,38.00761,-122.6647483,1028440,,2018-11-30,10,0,Zillow ZIP-level market for Lagunitas; mapped with Census 2020 ZCTA 94963 in Marin County.,,,,
94973 Woodacre,zcta,94973,Woodacre,38.0125906,-122.6394,888509,,2018-11-30,10,0,Zillow ZIP-level market for Woodacre; mapped with Census 2020 ZCTA 94973 in Marin County.,,,,
94946 Nicasio,zcta,94946,Nicasio,38.0747338,-122.6952645,1600560,,2018-11-30,10,0,Zillow ZIP-level market for Nicasio; mapped with Census 2020 ZCTA 94946 in Marin County.,,,,
94938 Bolinas,zcta,94938,Bolinas,38.0302365,-122.7295132,879284,,2018-11-30,10,0,Zillow ZIP-level market for Bolinas; mapped with Census 2020 ZCTA 94938 in Marin County.,,,,
94970 Stinson Beach,zcta,94970,Stinson Beach,37.9258817,-122.6598334,2187636,,2018-11-30,10,0,Zillow ZIP-level market for Stinson Beach; mapped with Census 2020 ZCTA 94970 in Marin County.,,,,
94956 Point Reyes Station,zcta,94956,Point Reyes Station,38.0214541,-122.81817,1120877,,2018-11-30,10,0,Zillow ZIP-level market for Point Reyes Station; mapped with Census 2020 ZCTA 94956 in Marin County.,,,,
94940 Marshall,zcta,94940,Marshall,38.2039708,-122.8914816,1274772,,2018-11-30,10,0,Zillow ZIP-level market for Marshall; mapped with Census 2020 ZCTA 94940 in Marin County.,,,,
94933 Lagunitas,zcta,94933,Lagunitas,38.0175021,-122.688148,771358,,2018-11-30,10,0,Zillow ZIP-level market for Lagunitas; mapped with Census 2020 ZCTA 94933 in Marin County.,,,,
94971 Tomales,zcta,94971,Tomales,38.2330285,-122.8969589,904449,,2018-11-30,10,0,Zillow ZIP-level market for Tomales; mapped with Census 2020 ZCTA 94971 in Marin County.,,,,
94929 nan,zcta,94929,nan,38.2545284,-122.9623709,1039816,,2018-11-30,10,0,Zillow ZIP-level market for nan; mapped with Census 2020 ZCTA 94929 in Marin County.,,,,
94901 San Rafael,zcta,94901,San Rafael,37.980709,-122.5006058,1216556,2219,2018-12-31,10,0,Zillow ZIP-level market for San Rafael; mapped with Census 2020 ZCTA 94901 in Marin County.,,2219,Zillow ZORI,
94941 Mill Valley,zcta,94941,Mill Valley,37.9247747,-122.6001828,1694826,,2018-12-31,10,0,Zillow ZIP-level market for Mill Valley; mapped with Census 2020 ZCTA 94941 in Marin County.,,,,
94903 San Rafael,zcta,94903,San Rafael,38.0221295,-122.55881,1028525,,2018-12-31,10,0,Zillow ZIP-level market for San Rafael; mapped with Census 2020 ZCTA 94903 in Marin County.,,,,
94947 Novato,zcta,94947,Novato,38.1061995,-122.6249851,839545,,2018-12-31,10,0,Zillow ZIP-level market for Novato; mapped with Census 2020 ZCTA 94947 in Marin County.,,,,
94949 Novato,zcta,94949,Novato,38.0600944,-122.5064097,993916,,2018-12-31,10,0,Zillow ZIP-level market for Novato; mapped with Census 2020 ZCTA 94949 in Marin County.,,,,
94945 Novato,zcta,94945,Novato,38.1226869,-122.5531417,886754,,2018-12-31,10,0,Zillow ZIP-level market for Novato; mapped with Census 2020 ZCTA 94945 in Marin County.,,,,
94960 San Anselmo,zcta,94960,San Anselmo,37.9970232,-122.5783384,1327076,,2018-12-31,10,0,Zillow ZIP-level market for San Anselmo; mapped with Census 2020 ZCTA 94960 in Marin County.,,,,
94904 Kentfield,zcta,94904,Kentfield,37.9472249,-122.5517753,1983066,,2018-12-31,10,0,Zillow ZIP-level market for Kentfield; mapped with Census 2020 ZCTA 94904 in Marin County.,,,,
94920 Tiburon,zcta,94920,Tiburon,37.8867683,-122.4626194,2809052,,2018-12-31,10,0,Zillow ZIP-level market for Tiburon; mapped with Census 2020 ZCTA 94920 in Marin County.,,,,
94965 Sausalito,zcta,94965,Sausalito,37.8373471,-122.5274824,1749102,2775,2018-12-31,10,0,Zillow ZIP-level market for Sausalito; mapped with Census 2020 ZCTA 94965 in Marin County.,,2775,Zillow ZORI,
94925 Corte Madera,zcta,94925,Corte Madera,37.9318458,-122.5077378,1474608,,2018-12-31,10,0,Zillow ZIP-level market for Corte Madera; mapped with Census 2020 ZCTA 94925 in Marin County.,,,,
94930 Fairfax,zcta,94930,Fairfax,37.9697928,-122.61533,1056111,,2018-12-31,10,0,Zillow ZIP-level market for Fairfax; mapped with Census 2020 ZCTA 94930 in Marin County.,,,,
94939 Larkspur,zcta,94939,Larkspur,37.9382519,-122.5359478,2010111,,2018-12-31,10,0,Zillow ZIP-level market for Larkspur; mapped with Census 2020 ZCTA 94939 in Marin County.,,,,
94957 Ross,zcta,94957,Ross,37.9634213,-122.5618079,3167215,,2018-12-31,10,0,Zillow ZIP-level market for Ross; mapped with Census 2020 ZCTA 94957 in Marin County.,,,,
94937 Point Reyes Station,zcta,94937,Point Reyes Station,38.1164824,-122.930353,1200872,,2018-12-31,10,0,Zillow ZIP-level market for Point Reyes Station; mapped with Census 2020 ZCTA 94937 in Marin County.,,,,
94924 Bolinas,zcta,94924,Bolinas,37.9669044,-122.7388158,1736424,,2018-12-31,10,0,Zillow ZIP-level market for Bolinas; mapped with Census 2020 ZCTA 94924 in Marin County.,,,,
94963 Lagunitas,zcta,94963,Lagunitas,38.00761,-122.6647483,1025671,,2018-12-31,10,0,Zillow ZIP-level market for Lagunitas; mapped with Census 2020 ZCTA 94963 in Marin County.,,,,
94973 Woodacre,zcta,94973,Woodacre,38.0125906,-122.6394,886798,,2018-12-31,10,0,Zillow ZIP-level market for Woodacre; mapped with Census 2020 ZCTA 94973 in Marin County.,,,,
94946 Nicasio,zcta,94946,Nicasio,38.0747338,-122.6952645,1609485,,2018-12-31,10,0,Zillow ZIP-level market for Nicasio; mapped with Census 2020 ZCTA 94946 in Marin County.,,,,
94938 Bolinas,zcta,94938,Bolinas,38.0302365,-122.7295132,877769,,2018-12-31,10,0,Zillow ZIP-level market for Bolinas; mapped with Census 2020 ZCTA 94938 in Marin County.,,,,
94970 Stinson Beach,zcta,94970,Stinson Beach,37.9258817,-122.6598334,2185598,,2018-12-31,10,0,Zillow ZIP-level market for Stinson Beach; mapped with Census 2020 ZCTA 94970 in Marin County.,,,,
94956 Point Reyes Station,zcta,94956,Point Reyes Station,38.0214541,-122.81817,1123182,,2018-12-31,10,0,Zillow ZIP-level market for Point Reyes Station; mapped with Census 2020 ZCTA 94956 in Marin County.,,,,
94940 Marshall,zcta,94940,Marshall,38.2039708,-122.8914816,1277036,,2018-12-31,10,0,Zillow ZIP-level market for Marshall; mapped with Census 2020 ZCTA 94940 in Marin County.,,,,
94933 Lagunitas,zcta,94933,Lagunitas,38.0175021,-122.688148,769086,,2018-12-31,10,0,Zillow ZIP-level market for Lagunitas; mapped with Census 2020 ZCTA 94933 in Marin County.,,,,
94971 Tomales,zcta,94971,Tomales,38.2330285,-122.8969589,905202,,2018-12-31,10,0,Zillow ZIP-level market for Tomales; mapped with Census 2020 ZCTA 94971 in Marin County.,,,,
94929 nan,zcta,94929,nan,38.2545284,-122.9623709,1040500,,2018-12-31,10,0,Zillow ZIP-level market for nan; mapped with Census 2020 ZCTA 94929 in Marin County.,,,,
94901 San Rafael,zcta,94901,San Rafael,37.980709,-122.5006058,1216954,2198,2019-01-31,10,0,Zillow ZIP-level market for San Rafael; mapped with Census 2020 ZCTA 94901 in Marin County.,,2198,Zillow ZORI,
94941 Mill Valley,zcta,94941,Mill Valley,37.9247747,-122.6001828,1692658,3012,2019-01-31,10,0,Zillow ZIP-level market for Mill Valley; mapped with Census 2020 ZCTA 94941 in Marin County.,,3012,Zillow ZORI,
94903 San Rafael,zcta,94903,San Rafael,38.0221295,-122.55881,1026913,,2019-01-31,10,0,Zillow ZIP-level market for San Rafael; mapped with Census 2020 ZCTA 94903 in Marin County.,,,,
94947 Novato,zcta,94947,Novato,38.1061995,-122.6249851,838171,,2019-01-31,10,0,Zillow ZIP-level market for Novato; mapped with Census 2020 ZCTA 94947 in Marin County.,,,,
94949 Novato,zcta,94949,Novato,38.0600944,-122.5064097,994305,,2019-01-31,10,0,Zillow ZIP-level market for Novato; mapped with Census 2020 ZCTA 94949 in Marin County.,,,,
94945 Novato,zcta,94945,Novato,38.1226869,-122.5531417,885795,,2019-01-31,10,0,Zillow ZIP-level market for Novato; mapped with Census 2020 ZCTA 94945 in Marin County.,,,,
94960 San Anselmo,zcta,94960,San Anselmo,37.9970232,-122.5783384,1322491,,2019-01-31,10,0,Zillow ZIP-level market for San Anselmo; mapped with Census 2020 ZCTA 94960 in Marin County.,,,,
94904 Kentfield,zcta,94904,Kentfield,37.9472249,-122.5517753,1980863,,2019-01-31,10,0,Zillow ZIP-level market for Kentfield; mapped with Census 2020 ZCTA 94904 in Marin County.,,,,
94920 Tiburon,zcta,94920,Tiburon,37.8867683,-122.4626194,2810125,,2019-01-31,10,0,Zillow ZIP-level market for Tiburon; mapped with Census 2020 ZCTA 94920 in Marin County.,,,,
94965 Sausalito,zcta,94965,Sausalito,37.8373471,-122.5274824,1748897,2868,2019-01-31,10,0,Zillow ZIP-level market for Sausalito; mapped with Census 2020 ZCTA 94965 in Marin County.,,2868,Zillow ZORI,
94925 Corte Madera,zcta,94925,Corte Madera,37.9318458,-122.5077378,1471322,,2019-01-31,10,0,Zillow ZIP-level market for Corte Madera; mapped with Census 2020 ZCTA 94925 in Marin County.,,,,
94930 Fairfax,zcta,94930,Fairfax,37.9697928,-122.61533,1055677,,2019-01-31,10,0,Zillow ZIP-level market for Fairfax; mapped with Census 2020 ZCTA 94930 in Marin County.,,,,
94939 Larkspur,zcta,94939,Larkspur,37.9382519,-122.5359478,2013605,,2019-01-31,10,0,Zillow ZIP-level market for Larkspur; mapped with Census 2020 ZCTA 94939 in Marin County.,,,,
94957 Ross,zcta,94957,Ross,37.9634213,-122.5618079,3167429,,2019-01-31,10,0,Zillow ZIP-level market for Ross; mapped with Census 2020 ZCTA 94957 in Marin County.,,,,
94937 Point Reyes Station,zcta,94937,Point Reyes Station,38.1164824,-122.930353,1193827,,2019-01-31,10,0,Zillow ZIP-level market for Point Reyes Station; mapped with Census 2020 ZCTA 94937 in Marin County.,,,,
94924 Bolinas,zcta,94924,Bolinas,37.9669044,-122.7388158,1727166,,2019-01-31,10,0,Zillow ZIP-level market for Bolinas; mapped with Census 2020 ZCTA 94924 in Marin County.,,,,
94963 Lagunitas,zcta,94963,Lagunitas,38.00761,-122.6647483,1022604,,2019-01-31,10,0,Zillow ZIP-level market for Lagunitas; mapped with Census 2020 ZCTA 94963 in Marin County.,,,,
94973 Woodacre,zcta,94973,Woodacre,38.0125906,-122.6394,882087,,2019-01-31,10,0,Zillow ZIP-level market for Woodacre; mapped with Census 2020 ZCTA 94973 in Marin County.,,,,
94946 Nicasio,zcta,94946,Nicasio,38.0747338,-122.6952645,1612078,,2019-01-31,10,0,Zillow ZIP-level market for Nicasio; mapped with Census 2020 ZCTA 94946 in Marin County.,,,,
94938 Bolinas,zcta,94938,Bolinas,38.0302365,-122.7295132,873479,,2019-01-31,10,0,Zillow ZIP-level market for Bolinas; mapped with Census 2020 ZCTA 94938 in Marin County.,,,,
94970 Stinson Beach,zcta,94970,Stinson Beach,37.9258817,-122.6598334,2161133,,2019-01-31,10,0,Zillow ZIP-level market for Stinson Beach; mapped with Census 2020 ZCTA 94970 in Marin County.,,,,
94956 Point Reyes Station,zcta,94956,Point Reyes Station,38.0214541,-122.81817,1122666,,2019-01-31,10,0,Zillow ZIP-level market for Point Reyes Station; mapped with Census 2020 ZCTA 94956 in Marin County.,,,,
94940 Marshall,zcta,94940,Marshall,38.2039708,-122.8914816,1275530,,2019-01-31,10,0,Zillow ZIP-level market for Marshall; mapped with Census 2020 ZCTA 94940 in Marin County.,,,,
94933 Lagunitas,zcta,94933,Lagunitas,38.0175021,-122.688148,766379,,2019-01-31,10,0,Zillow ZIP-level market for Lagunitas; mapped with Census 2020 ZCTA 94933 in Marin County.,,,,
94971 Tomales,zcta,94971,Tomales,38.2330285,-122.8969589,903572,,2019-01-31,10,0,Zillow ZIP-level market for Tomales; mapped with Census 2020 ZCTA 94971 in Marin County.,,,,
94929 nan,zcta,94929,nan,38.2545284,-122.9623709,1042393,,2019-01-31,10,0,Zillow ZIP-level market for nan; mapped with Census 2020 ZCTA 94929 in Marin County.,,,,
94901 San Rafael,zcta,94901,San Rafael,37.980709,-122.5006058,1213003,2215,2019-02-28,10,0,Zillow ZIP-level market for San Rafael; mapped with Census 2020 ZCTA 94901 in Marin County.,,2215,Zillow ZORI,
94941 Mill Valley,zcta,94941,Mill Valley,37.9247747,-122.6001828,1687208,3188,2019-02-28,10,0,Zillow ZIP-level market for Mill Valley; mapped with Census 2020 ZCTA 94941 in Marin County.,,3188,Zillow ZORI,
94903 San Rafael,zcta,94903,San Rafael,38.0221295,-122.55881,1022775,,2019-02-28,10,0,Zillow ZIP-level market for San Rafael; mapped with Census 2020 ZCTA 94903 in Marin County.,,,,
94947 Novato,zcta,94947,Novato,38.1061995,-122.6249851,835731,,2019-02-28,10,0,Zillow ZIP-level market for Novato; mapped with Census 2020 ZCTA 94947 in Marin County.,,,,
94949 Novato,zcta,94949,Novato,38.0600944,-122.5064097,992526,,2019-02-28,10,0,Zillow ZIP-level market for Novato; mapped with Census 2020 ZCTA 94949 in Marin County.,,,,
94945 Novato,zcta,94945,Novato,38.1226869,-122.5531417,885333,,2019-02-28,10,0,Zillow ZIP-level market for Novato; mapped with Census 2020 ZCTA 94945 in Marin County.,,,,
94960 San Anselmo,zcta,94960,San Anselmo,37.9970232,-122.5783384,1312141,,2019-02-28,10,0,Zillow ZIP-level market for San Anselmo; mapped with Census 2020 ZCTA 94960 in Marin County.,,,,
94904 Kentfield,zcta,94904,Kentfield,37.9472249,-122.5517753,1974779,,2019-02-28,10,0,Zillow ZIP-level market for Kentfield; mapped with Census 2020 ZCTA 94904 in Marin County.,,,,
94920 Tiburon,zcta,94920,Tiburon,37.8867683,-122.4626194,2806626,,2019-02-28,10,0,Zillow ZIP-level market for Tiburon; mapped with Census 2020 ZCTA 94920 in Marin County.,,,,
94965 Sausalito,zcta,94965,Sausalito,37.8373471,-122.5274824,1740204,2836,2019-02-28,10,0,Zillow ZIP-level market for Sausalito; mapped with Census 2020 ZCTA 94965 in Marin County.,,2836,Zillow ZORI,
94925 Corte Madera,zcta,94925,Corte Madera,37.9318458,-122.5077378,1466284,,2019-02-28,10,0,Zillow ZIP-level market for Corte Madera; mapped with Census 2020 ZCTA 94925 in Marin County.,,,,
94930 Fairfax,zcta,94930,Fairfax,37.9697928,-122.61533,1052525,,2019-02-28,10,0,Zillow ZIP-level market for Fairfax; mapped with Census 2020 ZCTA 94930 in Marin County.,,,,
94939 Larkspur,zcta,94939,Larkspur,37.9382519,-122.5359478,2016225,,2019-02-28,10,0,Zillow ZIP-level market for Larkspur; mapped with Census 2020 ZCTA 94939 in Marin County.,,,,
94957 Ross,zcta,94957,Ross,37.9634213,-122.5618079,3155631,,2019-02-28,10,0,Zillow ZIP-level market for Ross; mapped with Census 2020 ZCTA 94957 in Marin County.,,,,
94937 Point Reyes Station,zcta,94937,Point Reyes Station,38.1164824,-122.930353,1185519,,2019-02-28,10,0,Zillow ZIP-level market for Point Reyes Station; mapped with Census 2020 ZCTA 94937 in Marin County.,,,,
94924 Bolinas,zcta,94924,Bolinas,37.9669044,-122.7388158,1704465,,2019-02-28,10,0,Zillow ZIP-level market for Bolinas; mapped with Census 2020 ZCTA 94924 in Marin County.,,,,
94963 Lagunitas,zcta,94963,Lagunitas,38.00761,-122.6647483,1021950,,2019-02-28,10,0,Zillow ZIP-level market for Lagunitas; mapped with Census 2020 ZCTA 94963 in Marin County.,,,,
94973 Woodacre,zcta,94973,Woodacre,38.0125906,-122.6394,877755,,2019-02-28,10,0,Zillow ZIP-level market for Woodacre; mapped with Census 2020 ZCTA 94973 in Marin County.,,,,
94946 Nicasio,zcta,94946,Nicasio,38.0747338,-122.6952645,1608473,,2019-02-28,10,0,Zillow ZIP-level market for Nicasio; mapped with Census 2020 ZCTA 94946 in Marin County.,,,,
94938 Bolinas,zcta,94938,Bolinas,38.0302365,-122.7295132,869589,,2019-02-28,10,0,Zillow ZIP-level market for Bolinas; mapped with Census 2020 ZCTA 94938 in Marin County.,,,,
94970 Stinson Beach,zcta,94970,Stinson Beach,37.9258817,-122.6598334,2125974,,2019-02-28,10,0,Zillow ZIP-level market for Stinson Beach; mapped with Census 2020 ZCTA 94970 in Marin County.,,,,
94956 Point Reyes Station,zcta,94956,Point Reyes Station,38.0214541,-122.81817,1117313,,2019-02-28,10,0,Zillow ZIP-level market for Point Reyes Station; mapped with Census 2020 ZCTA 94956 in Marin County.,,,,
94940 Marshall,zcta,94940,Marshall,38.2039708,-122.8914816,1277093,,2019-02-28,10,0,Zillow ZIP-level market for Marshall; mapped with Census 2020 ZCTA 94940 in Marin County.,,,,
94933 Lagunitas,zcta,94933,Lagunitas,38.0175021,-122.688148,763061,,2019-02-28,10,0,Zillow ZIP-level market for Lagunitas; mapped with Census 2020 ZCTA 94933 in Marin County.,,,,
94971 Tomales,zcta,94971,Tomales,38.2330285,-122.8969589,901423,,2019-02-28,10,0,Zillow ZIP-level market for Tomales; mapped with Census 2020 ZCTA 94971 in Marin County.,,,,
94929 nan,zcta,94929,nan,38.2545284,-122.9623709,1042470,,2019-02-28,10,0,Zillow ZIP-level market for nan; mapped with Census 2020 ZCTA 94929 in Marin County.,,,,
94901 San Rafael,zcta,94901,San Rafael,37.980709,-122.5006058,1208019,2239,2019-03-31,10,0,Zillow ZIP-level market for San Rafael; mapped with Census 2020 ZCTA 94901 in Marin County.,,2239,Zillow ZORI,
94941 Mill Valley,zcta,94941,Mill Valley,37.9247747,-122.6001828,1679365,3235,2019-03-31,10,0,Zillow ZIP-level market for Mill Valley; mapped with Census 2020 ZCTA 94941 in Marin County.,,3235,Zillow ZORI,
94903 San Rafael,zcta,94903,San Rafael,38.0221295,-122.55881,1017754,,2019-03-31,10,0,Zillow ZIP-level market for San Rafael; mapped with Census 2020 ZCTA 94903 in Marin County.,,,,
94947 Novato,zcta,94947,Novato,38.1061995,-122.6249851,834046,,2019-03-31,10,0,Zillow ZIP-level market for Novato; mapped with Census 2020 ZCTA 94947 in Marin County.,,,,
94949 Novato,zcta,94949,Novato,38.0600944,-122.5064097,990596,,2019-03-31,10,0,Zillow ZIP-level market for Novato; mapped with Census 2020 ZCTA 94949 in Marin County.,,,,
94945 Novato,zcta,94945,Novato,38.1226869,-122.5531417,886278,,2019-03-31,10,0,Zillow ZIP-level market for Novato; mapped with Census 2020 ZCTA 94945 in Marin County.,,,,
94960 San Anselmo,zcta,94960,San Anselmo,37.9970232,-122.5783384,1303311,,2019-03-31,10,0,Zillow ZIP-level market for San Anselmo; mapped with Census 2020 ZCTA 94960 in Marin County.,,,,
94904 Kentfield,zcta,94904,Kentfield,37.9472249,-122.5517753,1968359,,2019-03-31,10,0,Zillow ZIP-level market for Kentfield; mapped with Census 2020 ZCTA 94904 in Marin County.,,,,
94920 Tiburon,zcta,94920,Tiburon,37.8867683,-122.4626194,2799424,,2019-03-31,10,0,Zillow ZIP-level market for Tiburon; mapped with Census 2020 ZCTA 94920 in Marin County.,,,,
94965 Sausalito,zcta,94965,Sausalito,37.8373471,-122.5274824,1728264,2905,2019-03-31,10,0,Zillow ZIP-level market for Sausalito; mapped with Census 2020 ZCTA 94965 in Marin County.,,2905,Zillow ZORI,
94925 Corte Madera,zcta,94925,Corte Madera,37.9318458,-122.5077378,1460475,,2019-03-31,10,0,Zillow ZIP-level market for Corte Madera; mapped with Census 2020 ZCTA 94925 in Marin County.,,,,
94930 Fairfax,zcta,94930,Fairfax,37.9697928,-122.61533,1048769,,2019-03-31,10,0,Zillow ZIP-level market for Fairfax; mapped with Census 2020 ZCTA 94930 in Marin County.,,,,
94939 Larkspur,zcta,94939,Larkspur,37.9382519,-122.5359478,2011258,,2019-03-31,10,0,Zillow ZIP-level market for Larkspur; mapped with Census 2020 ZCTA 94939 in Marin County.,,,,
94957 Ross,zcta,94957,Ross,37.9634213,-122.5618079,3141342,,2019-03-31,10,0,Zillow ZIP-level market for Ross; mapped with Census 2020 ZCTA 94957 in Marin County.,,,,
94937 Point Reyes Station,zcta,94937,Point Reyes Station,38.1164824,-122.930353,1178264,,2019-03-31,10,0,Zillow ZIP-level market for Point Reyes Station; mapped with Census 2020 ZCTA 94937 in Marin County.,,,,
94924 Bolinas,zcta,94924,Bolinas,37.9669044,-122.7388158,1666134,,2019-03-31,10,0,Zillow ZIP-level market for Bolinas; mapped with Census 2020 ZCTA 94924 in Marin County.,,,,
94963 Lagunitas,zcta,94963,Lagunitas,38.00761,-122.6647483,1021111,,2019-03-31,10,0,Zillow ZIP-level market for Lagunitas; mapped with Census 2020 ZCTA 94963 in Marin County.,,,,
94973 Woodacre,zcta,94973,Woodacre,38.0125906,-122.6394,873990,,2019-03-31,10,0,Zillow ZIP-level market for Woodacre; mapped with Census 2020 ZCTA 94973 in Marin County.,,,,
94946 Nicasio,zcta,94946,Nicasio,38.0747338,-122.6952645,1604676,,2019-03-31,10,0,Zillow ZIP-level market for Nicasio; mapped with Census 2020 ZCTA 94946 in Marin County.,,,,
94938 Bolinas,zcta,94938,Bolinas,38.0302365,-122.7295132,865923,,2019-03-31,10,0,Zillow ZIP-level market for Bolinas; mapped with Census 2020 ZCTA 94938 in Marin County.,,,,
94970 Stinson Beach,zcta,94970,Stinson Beach,37.9258817,-122.6598334,2088742,,2019-03-31,10,0,Zillow ZIP-level market for Stinson Beach; mapped with Census 2020 ZCTA 94970 in Marin County.,,,,
94956 Point Reyes Station,zcta,94956,Point Reyes Station,38.0214541,-122.81817,1110709,,2019-03-31,10,0,Zillow ZIP-level market for Point Reyes Station; mapped with Census 2020 ZCTA 94956 in Marin County.,,,,
94940 Marshall,zcta,94940,Marshall,38.2039708,-122.8914816,1276431,,2019-03-31,10,0,Zillow ZIP-level market for Marshall; mapped with Census 2020 ZCTA 94940 in Marin County.,,,,
94933 Lagunitas,zcta,94933,Lagunitas,38.0175021,-122.688148,761765,,2019-03-31,10,0,Zillow ZIP-level market for Lagunitas; mapped with Census 2020 ZCTA 94933 in Marin County.,,,,
94971 Tomales,zcta,94971,Tomales,38.2330285,-122.8969589,899740,,2019-03-31,10,0,Zillow ZIP-level market for Tomales; mapped with Census 2020 ZCTA 94971 in Marin County.,,,,
94929 nan,zcta,94929,nan,38.2545284,-122.9623709,1042739,,2019-03-31,10,0,Zillow ZIP-level market for nan; mapped with Census 2020 ZCTA 94929 in Marin County.,,,,
94901 San Rafael,zcta,94901,San Rafael,37.980709,-122.5006058,1204182,2245,2019-04-30,10,0,Zillow ZIP-level market for San Rafael; mapped with Census 2020 ZCTA 94901 in Marin County.,,2245,Zillow ZORI,
94941 Mill Valley,zcta,94941,Mill Valley,37.9247747,-122.6001828,1675051,3284,2019-04-30,10,0,Zillow ZIP-level market for Mill Valley; mapped with Census 2020 ZCTA 94941 in Marin County.,,3284,Zillow ZORI,
94903 San Rafael,zcta,94903,San Rafael,38.0221295,-122.55881,1014521,,2019-04-30,10,0,Zillow ZIP-level market for San Rafael; mapped with Census 2020 ZCTA 94903 in Marin County.,,,,
94947 Novato,zcta,94947,Novato,38.1061995,-122.6249851,833183,,2019-04-30,10,0,Zillow ZIP-level market for Novato; mapped with Census 2020 ZCTA 94947 in Marin County.,,,,
94949 Novato,zcta,94949,Novato,38.0600944,-122.5064097,988189,,2019-04-30,10,0,Zillow ZIP-level market for Novato; mapped with Census 2020 ZCTA 94949 in Marin County.,,,,
94945 Novato,zcta,94945,Novato,38.1226869,-122.5531417,887519,,2019-04-30,10,0,Zillow ZIP-level market for Novato; mapped with Census 2020 ZCTA 94945 in Marin County.,,,,
94960 San Anselmo,zcta,94960,San Anselmo,37.9970232,-122.5783384,1300268,,2019-04-30,10,0,Zillow ZIP-level market for San Anselmo; mapped with Census 2020 ZCTA 94960 in Marin County.,,,,
94904 Kentfield,zcta,94904,Kentfield,37.9472249,-122.5517753,1966183,,2019-04-30,10,0,Zillow ZIP-level market for Kentfield; mapped with Census 2020 ZCTA 94904 in Marin County.,,,,
94920 Tiburon,zcta,94920,Tiburon,37.8867683,-122.4626194,2799248,,2019-04-30,10,0,Zillow ZIP-level market for Tiburon; mapped with Census 2020 ZCTA 94920 in Marin County.,,,,
94965 Sausalito,zcta,94965,Sausalito,37.8373471,-122.5274824,1722990,2899,2019-04-30,10,0,Zillow ZIP-level market for Sausalito; mapped with Census 2020 ZCTA 94965 in Marin County.,,2899,Zillow ZORI,
94925 Corte Madera,zcta,94925,Corte Madera,37.9318458,-122.5077378,1458762,,2019-04-30,10,0,Zillow ZIP-level market for Corte Madera; mapped with Census 2020 ZCTA 94925 in Marin County.,,,,
94930 Fairfax,zcta,94930,Fairfax,37.9697928,-122.61533,1047447,,2019-04-30,10,0,Zillow ZIP-level market for Fairfax; mapped with Census 2020 ZCTA 94930 in Marin County.,,,,
94939 Larkspur,zcta,94939,Larkspur,37.9382519,-122.5359478,2004455,,2019-04-30,10,0,Zillow ZIP-level market for Larkspur; mapped with Census 2020 ZCTA 94939 in Marin County.,,,,
94957 Ross,zcta,94957,Ross,37.9634213,-122.5618079,3123121,,2019-04-30,10,0,Zillow ZIP-level market for Ross; mapped with Census 2020 ZCTA 94957 in Marin County.,,,,
94937 Point Reyes Station,zcta,94937,Point Reyes Station,38.1164824,-122.930353,1177630,,2019-04-30,10,0,Zillow ZIP-level market for Point Reyes Station; mapped with Census 2020 ZCTA 94937 in Marin County.,,,,
94924 Bolinas,zcta,94924,Bolinas,37.9669044,-122.7388158,1646350,,2019-04-30,10,0,Zillow ZIP-level market for Bolinas; mapped with Census 2020 ZCTA 94924 in Marin County.,,,,
94963 Lagunitas,zcta,94963,Lagunitas,38.00761,-122.6647483,1021124,,2019-04-30,10,0,Zillow ZIP-level market for Lagunitas; mapped with Census 2020 ZCTA 94963 in Marin County.,,,,
94973 Woodacre,zcta,94973,Woodacre,38.0125906,-122.6394,873722,,2019-04-30,10,0,Zillow ZIP-level market for Woodacre; mapped with Census 2020 ZCTA 94973 in Marin County.,,,,
94946 Nicasio,zcta,94946,Nicasio,38.0747338,-122.6952645,1601017,,2019-04-30,10,0,Zillow ZIP-level market for Nicasio; mapped with Census 2020 ZCTA 94946 in Marin County.,,,,
94938 Bolinas,zcta,94938,Bolinas,38.0302365,-122.7295132,863279,,2019-04-30,10,0,Zillow ZIP-level market for Bolinas; mapped with Census 2020 ZCTA 94938 in Marin County.,,,,
94970 Stinson Beach,zcta,94970,Stinson Beach,37.9258817,-122.6598334,2077987,,2019-04-30,10,0,Zillow ZIP-level market for Stinson Beach; mapped with Census 2020 ZCTA 94970 in Marin County.,,,,
94956 Point Reyes Station,zcta,94956,Point Reyes Station,38.0214541,-122.81817,1108944,,2019-04-30,10,0,Zillow ZIP-level market for Point Reyes Station; mapped with Census 2020 ZCTA 94956 in Marin County.,,,,
94940 Marshall,zcta,94940,Marshall,38.2039708,-122.8914816,1276252,,2019-04-30,10,0,Zillow ZIP-level market for Marshall; mapped with Census 2020 ZCTA 94940 in Marin County.,,,,
94933 Lagunitas,zcta,94933,Lagunitas,38.0175021,-122.688148,760462,,2019-04-30,10,0,Zillow ZIP-level market for Lagunitas; mapped with Census 2020 ZCTA 94933 in Marin County.,,,,
94971 Tomales,zcta,94971,Tomales,38.2330285,-122.8969589,898431,,2019-04-30,10,0,Zillow ZIP-level market for Tomales; mapped with Census 2020 ZCTA 94971 in Marin County.,,,,
94929 nan,zcta,94929,nan,38.2545284,-122.9623709,1041069,,2019-04-30,10,0,Zillow ZIP-level market for nan; mapped with Census 2020 ZCTA 94929 in Marin County.,,,,
94901 San Rafael,zcta,94901,San Rafael,37.980709,-122.5006058,1203702,2275,2019-05-31,10,0,Zillow ZIP-level market for San Rafael; mapped with Census 2020 ZCTA 94901 in Marin County.,,2275,Zillow ZORI,
94941 Mill Valley,zcta,94941,Mill Valley,37.9247747,-122.6001828,1676745,3213,2019-05-31,10,0,Zillow ZIP-level market for Mill Valley; mapped with Census 2020 ZCTA 94941 in Marin County.,,3213,Zillow ZORI,
94903 San Rafael,zcta,94903,San Rafael,38.0221295,-122.55881,1013958,,2019-05-31,10,0,Zillow ZIP-level market for San Rafael; mapped with Census 2020 ZCTA 94903 in Marin County.,,,,
94947 Novato,zcta,94947,Novato,38.1061995,-122.6249851,833525,,2019-05-31,10,0,Zillow ZIP-level market for Novato; mapped with Census 2020 ZCTA 94947 in Marin County.,,,,
94949 Novato,zcta,94949,Novato,38.0600944,-122.5064097,986796,,2019-05-31,10,0,Zillow ZIP-level market for Novato; mapped with Census 2020 ZCTA 94949 in Marin County.,,,,
94945 Novato,zcta,94945,Novato,38.1226869,-122.5531417,889091,,2019-05-31,10,0,Zillow ZIP-level market for Novato; mapped with Census 2020 ZCTA 94945 in Marin County.,,,,
94960 San Anselmo,zcta,94960,San Anselmo,37.9970232,-122.5783384,1302698,,2019-05-31,10,0,Zillow ZIP-level market for San Anselmo; mapped with Census 2020 ZCTA 94960 in Marin County.,,,,
94904 Kentfield,zcta,94904,Kentfield,37.9472249,-122.5517753,1971310,,2019-05-31,10,0,Zillow ZIP-level market for Kentfield; mapped with Census 2020 ZCTA 94904 in Marin County.,,,,
94920 Tiburon,zcta,94920,Tiburon,37.8867683,-122.4626194,2803298,,2019-05-31,10,0,Zillow ZIP-level market for Tiburon; mapped with Census 2020 ZCTA 94920 in Marin County.,,,,
94965 Sausalito,zcta,94965,Sausalito,37.8373471,-122.5274824,1726263,2926,2019-05-31,10,0,Zillow ZIP-level market for Sausalito; mapped with Census 2020 ZCTA 94965 in Marin County.,,2926,Zillow ZORI,
94925 Corte Madera,zcta,94925,Corte Madera,37.9318458,-122.5077378,1459751,,2019-05-31,10,0,Zillow ZIP-level market for Corte Madera; mapped with Census 2020 ZCTA 94925 in Marin County.,,,,
94930 Fairfax,zcta,94930,Fairfax,37.9697928,-122.61533,1047710,,2019-05-31,10,0,Zillow ZIP-level market for Fairfax; mapped with Census 2020 ZCTA 94930 in Marin County.,,,,
94939 Larkspur,zcta,94939,Larkspur,37.9382519,-122.5359478,2000469,,2019-05-31,10,0,Zillow ZIP-level market for Larkspur; mapped with Census 2020 ZCTA 94939 in Marin County.,,,,
94957 Ross,zcta,94957,Ross,37.9634213,-122.5618079,3109458,,2019-05-31,10,0,Zillow ZIP-level market for Ross; mapped with Census 2020 ZCTA 94957 in Marin County.,,,,
94937 Point Reyes Station,zcta,94937,Point Reyes Station,38.1164824,-122.930353,1181803,,2019-05-31,10,0,Zillow ZIP-level market for Point Reyes Station; mapped with Census 2020 ZCTA 94937 in Marin County.,,,,
94924 Bolinas,zcta,94924,Bolinas,37.9669044,-122.7388158,1636172,,2019-05-31,10,0,Zillow ZIP-level market for Bolinas; mapped with Census 2020 ZCTA 94924 in Marin County.,,,,
94963 Lagunitas,zcta,94963,Lagunitas,38.00761,-122.6647483,1020956,,2019-05-31,10,0,Zillow ZIP-level market for Lagunitas; mapped with Census 2020 ZCTA 94963 in Marin County.,,,,
94973 Woodacre,zcta,94973,Woodacre,38.0125906,-122.6394,875853,,2019-05-31,10,0,Zillow ZIP-level market for Woodacre; mapped with Census 2020 ZCTA 94973 in Marin County.,,,,
94946 Nicasio,zcta,94946,Nicasio,38.0747338,-122.6952645,1600509,,2019-05-31,10,0,Zillow ZIP-level market for Nicasio; mapped with Census 2020 ZCTA 94946 in Marin County.,,,,
94938 Bolinas,zcta,94938,Bolinas,38.0302365,-122.7295132,863418,,2019-05-31,10,0,Zillow ZIP-level market for Bolinas; mapped with Census 2020 ZCTA 94938 in Marin County.,,,,
94970 Stinson Beach,zcta,94970,Stinson Beach,37.9258817,-122.6598334,2087540,,2019-05-31,10,0,Zillow ZIP-level market for Stinson Beach; mapped with Census 2020 ZCTA 94970 in Marin County.,,,,
94956 Point Reyes Station,zcta,94956,Point Reyes Station,38.0214541,-122.81817,1114119,,2019-05-31,10,0,Zillow ZIP-level market for Point Reyes Station; mapped with Census 2020 ZCTA 94956 in Marin County.,,,,
94940 Marshall,zcta,94940,Marshall,38.2039708,-122.8914816,1275087,,2019-05-31,10,0,Zillow ZIP-level market for Marshall; mapped with Census 2020 ZCTA 94940 in Marin County.,,,,
94933 Lagunitas,zcta,94933,Lagunitas,38.0175021,-122.688148,762892,,2019-05-31,10,0,Zillow ZIP-level market for Lagunitas; mapped with Census 2020 ZCTA 94933 in Marin County.,,,,
94971 Tomales,zcta,94971,Tomales,38.2330285,-122.8969589,900144,,2019-05-31,10,0,Zillow ZIP-level market for Tomales; mapped with Census 2020 ZCTA 94971 in Marin County.,,,,
94929 nan,zcta,94929,nan,38.2545284,-122.9623709,1040744,,2019-05-31,10,0,Zillow ZIP-level market for nan; mapped with Census 2020 ZCTA 94929 in Marin County.,,,,
94901 San Rafael,zcta,94901,San Rafael,37.980709,-122.5006058,1204538,2286,2019-06-30,10,0,Zillow ZIP-level market for San Rafael; mapped with Census 2020 ZCTA 94901 in Marin County.,,2286,Zillow ZORI,
94941 Mill Valley,zcta,94941,Mill Valley,37.9247747,-122.6001828,1682110,3208,2019-06-30,10,0,Zillow ZIP-level market for Mill Valley; mapped with Census 2020 ZCTA 94941 in Marin County.,,3208,Zillow ZORI,
94903 San Rafael,zcta,94903,San Rafael,38.0221295,-122.55881,1014997,,2019-06-30,10,0,Zillow ZIP-level market for San Rafael; mapped with Census 2020 ZCTA 94903 in Marin County.,,,,
94947 Novato,zcta,94947,Novato,38.1061995,-122.6249851,834672,,2019-06-30,10,0,Zillow ZIP-level market for Novato; mapped with Census 2020 ZCTA 94947 in Marin County.,,,,
94949 Novato,zcta,94949,Novato,38.0600944,-122.5064097,986491,,2019-06-30,10,0,Zillow ZIP-level market for Novato; mapped with Census 2020 ZCTA 94949 in Marin County.,,,,
94945 Novato,zcta,94945,Novato,38.1226869,-122.5531417,890895,,2019-06-30,10,0,Zillow ZIP-level market for Novato; mapped with Census 2020 ZCTA 94945 in Marin County.,,,,
94960 San Anselmo,zcta,94960,San Anselmo,37.9970232,-122.5783384,1305566,,2019-06-30,10,0,Zillow ZIP-level market for San Anselmo; mapped with Census 2020 ZCTA 94960 in Marin County.,,,,
94904 Kentfield,zcta,94904,Kentfield,37.9472249,-122.5517753,1978723,,2019-06-30,10,0,Zillow ZIP-level market for Kentfield; mapped with Census 2020 ZCTA 94904 in Marin County.,,,,
94920 Tiburon,zcta,94920,Tiburon,37.8867683,-122.4626194,2808699,,2019-06-30,10,0,Zillow ZIP-level market for Tiburon; mapped with Census 2020 ZCTA 94920 in Marin County.,,,,
94965 Sausalito,zcta,94965,Sausalito,37.8373471,-122.5274824,1729959,2937,2019-06-30,10,0,Zillow ZIP-level market for Sausalito; mapped with Census 2020 ZCTA 94965 in Marin County.,,2937,Zillow ZORI,
94925 Corte Madera,zcta,94925,Corte Madera,37.9318458,-122.5077378,1463560,,2019-06-30,10,0,Zillow ZIP-level market for Corte Madera; mapped with Census 2020 ZCTA 94925 in Marin County.,,,,
94930 Fairfax,zcta,94930,Fairfax,37.9697928,-122.61533,1048128,,2019-06-30,10,0,Zillow ZIP-level market for Fairfax; mapped with Census 2020 ZCTA 94930 in Marin County.,,,,
94939 Larkspur,zcta,94939,Larkspur,37.9382519,-122.5359478,2006055,,2019-06-30,10,0,Zillow ZIP-level market for Larkspur; mapped with Census 2020 ZCTA 94939 in Marin County.,,,,
94957 Ross,zcta,94957,Ross,37.9634213,-122.5618079,3096652,,2019-06-30,10,0,Zillow ZIP-level market for Ross; mapped with Census 2020 ZCTA 94957 in Marin County.,,,,
94937 Point Reyes Station,zcta,94937,Point Reyes Station,38.1164824,-122.930353,1186980,,2019-06-30,10,0,Zillow ZIP-level market for Point Reyes Station; mapped with Census 2020 ZCTA 94937 in Marin County.,,,,
94924 Bolinas,zcta,94924,Bolinas,37.9669044,-122.7388158,1647381,,2019-06-30,10,0,Zillow ZIP-level market for Bolinas; mapped with Census 2020 ZCTA 94924 in Marin County.,,,,
94963 Lagunitas,zcta,94963,Lagunitas,38.00761,-122.6647483,1024074,,2019-06-30,10,0,Zillow ZIP-level market for Lagunitas; mapped with Census 2020 ZCTA 94963 in Marin County.,,,,
94973 Woodacre,zcta,94973,Woodacre,38.0125906,-122.6394,879373,,2019-06-30,10,0,Zillow ZIP-level market for Woodacre; mapped with Census 2020 ZCTA 94973 in Marin County.,,,,
94946 Nicasio,zcta,94946,Nicasio,38.0747338,-122.6952645,1606545,,2019-06-30,10,0,Zillow ZIP-level market for Nicasio; mapped with Census 2020 ZCTA 94946 in Marin County.,,,,
94938 Bolinas,zcta,94938,Bolinas,38.0302365,-122.7295132,864512,,2019-06-30,10,0,Zillow ZIP-level market for Bolinas; mapped with Census 2020 ZCTA 94938 in Marin County.,,,,
94970 Stinson Beach,zcta,94970,Stinson Beach,37.9258817,-122.6598334,2102547,,2019-06-30,10,0,Zillow ZIP-level market for Stinson Beach; mapped with Census 2020 ZCTA 94970 in Marin County.,,,,
94956 Point Reyes Station,zcta,94956,Point Reyes Station,38.0214541,-122.81817,1120789,,2019-06-30,10,0,Zillow ZIP-level market for Point Reyes Station; mapped with Census 2020 ZCTA 94956 in Marin County.,,,,
94940 Marshall,zcta,94940,Marshall,38.2039708,-122.8914816,1277013,,2019-06-30,10,0,Zillow ZIP-level market for Marshall; mapped with Census 2020 ZCTA 94940 in Marin County.,,,,
94933 Lagunitas,zcta,94933,Lagunitas,38.0175021,-122.688148,765773,,2019-06-30,10,0,Zillow ZIP-level market for Lagunitas; mapped with Census 2020 ZCTA 94933 in Marin County.,,,,
94971 Tomales,zcta,94971,Tomales,38.2330285,-122.8969589,902431,,2019-06-30,10,0,Zillow ZIP-level market for Tomales; mapped with Census 2020 ZCTA 94971 in Marin County.,,,,
94929 nan,zcta,94929,nan,38.2545284,-122.9623709,1040391,,2019-06-30,10,0,Zillow ZIP-level market for nan; mapped with Census 2020 ZCTA 94929 in Marin County.,,,,
94901 San Rafael,zcta,94901,San Rafael,37.980709,-122.5006058,1205989,2331,2019-07-31,10,0,Zillow ZIP-level market for San Rafael; mapped with Census 2020 ZCTA 94901 in Marin County.,,2331,Zillow ZORI,
94941 Mill Valley,zcta,94941,Mill Valley,37.9247747,-122.6001828,1687974,3212,2019-07-31,10,0,Zillow ZIP-level market for Mill Valley; mapped with Census 2020 ZCTA 94941 in Marin County.,,3212,Zillow ZORI,
94903 San Rafael,zcta,94903,San Rafael,38.0221295,-122.55881,1016845,,2019-07-31,10,0,Zillow ZIP-level market for San Rafael; mapped with Census 2020 ZCTA 94903 in Marin County.,,,,
94947 Novato,zcta,94947,Novato,38.1061995,-122.6249851,835833,,2019-07-31,10,0,Zillow ZIP-level market for Novato; mapped with Census 2020 ZCTA 94947 in Marin County.,,,,
94949 Novato,zcta,94949,Novato,38.0600944,-122.5064097,986671,,2019-07-31,10,0,Zillow ZIP-level market for Novato; mapped with Census 2020 ZCTA 94949 in Marin County.,,,,
94945 Novato,zcta,94945,Novato,38.1226869,-122.5531417,892016,,2019-07-31,10,0,Zillow ZIP-level market for Novato; mapped with Census 2020 ZCTA 94945 in Marin County.,,,,
94960 San Anselmo,zcta,94960,San Anselmo,37.9970232,-122.5783384,1306487,,2019-07-31,10,0,Zillow ZIP-level market for San Anselmo; mapped with Census 2020 ZCTA 94960 in Marin County.,,,,
94904 Kentfield,zcta,94904,Kentfield,37.9472249,-122.5517753,1984717,,2019-07-31,10,0,Zillow ZIP-level market for Kentfield; mapped with Census 2020 ZCTA 94904 in Marin County.,,,,
94920 Tiburon,zcta,94920,Tiburon,37.8867683,-122.4626194,2804998,,2019-07-31,10,0,Zillow ZIP-level market for Tiburon; mapped with Census 2020 ZCTA 94920 in Marin County.,,,,
94965 Sausalito,zcta,94965,Sausalito,37.8373471,-122.5274824,1728839,2992,2019-07-31,10,0,Zillow ZIP-level market for Sausalito; mapped with Census 2020 ZCTA 94965 in Marin County.,,2992,Zillow ZORI,
94925 Corte Madera,zcta,94925,Corte Madera,37.9318458,-122.5077378,1465785,,2019-07-31,10,0,Zillow ZIP-level market for Corte Madera; mapped with Census 2020 ZCTA 94925 in Marin County.,,,,
94930 Fairfax,zcta,94930,Fairfax,37.9697928,-122.61533,1049878,,2019-07-31,10,0,Zillow ZIP-level market for Fairfax; mapped with Census 2020 ZCTA 94930 in Marin County.,,,,
94939 Larkspur,zcta,94939,Larkspur,37.9382519,-122.5359478,2012675,,2019-07-31,10,0,Zillow ZIP-level market for Larkspur; mapped with Census 2020 ZCTA 94939 in Marin County.,,,,
94957 Ross,zcta,94957,Ross,37.9634213,-122.5618079,3087425,,2019-07-31,10,0,Zillow ZIP-level market for Ross; mapped with Census 2020 ZCTA 94957 in Marin County.,,,,
94937 Point Reyes Station,zcta,94937,Point Reyes Station,38.1164824,-122.930353,1194210,,2019-07-31,10,0,Zillow ZIP-level market for Point Reyes Station; mapped with Census 2020 ZCTA 94937 in Marin County.,,,,
94924 Bolinas,zcta,94924,Bolinas,37.9669044,-122.7388158,1659322,,2019-07-31,10,0,Zillow ZIP-level market for Bolinas; mapped with Census 2020 ZCTA 94924 in Marin County.,,,,
94963 Lagunitas,zcta,94963,Lagunitas,38.00761,-122.6647483,1025842,,2019-07-31,10,0,Zillow ZIP-level market for Lagunitas; mapped with Census 2020 ZCTA 94963 in Marin County.,,,,
94973 Woodacre,zcta,94973,Woodacre,38.0125906,-122.6394,883995,,2019-07-31,10,0,Zillow ZIP-level market for Woodacre; mapped with Census 2020 ZCTA 94973 in Marin County.,,,,
94946 Nicasio,zcta,94946,Nicasio,38.0747338,-122.6952645,1609357,,2019-07-31,10,0,Zillow ZIP-level market for Nicasio; mapped with Census 2020 ZCTA 94946 in Marin County.,,,,
94938 Bolinas,zcta,94938,Bolinas,38.0302365,-122.7295132,868159,,2019-07-31,10,0,Zillow ZIP-level market for Bolinas; mapped with Census 2020 ZCTA 94938 in Marin County.,,,,
94970 Stinson Beach,zcta,94970,Stinson Beach,37.9258817,-122.6598334,2112810,,2019-07-31,10,0,Zillow ZIP-level market for Stinson Beach; mapped with Census 2020 ZCTA 94970 in Marin County.,,,,
94956 Point Reyes Station,zcta,94956,Point Reyes Station,38.0214541,-122.81817,1122947,,2019-07-31,10,0,Zillow ZIP-level market for Point Reyes Station; mapped with Census 2020 ZCTA 94956 in Marin County.,,,,
94940 Marshall,zcta,94940,Marshall,38.2039708,-122.8914816,1278643,,2019-07-31,10,0,Zillow ZIP-level market for Marshall; mapped with Census 2020 ZCTA 94940 in Marin County.,,,,
94933 Lagunitas,zcta,94933,Lagunitas,38.0175021,-122.688148,770680,,2019-07-31,10,0,Zillow ZIP-level market for Lagunitas; mapped with Census 2020 ZCTA 94933 in Marin County.,,,,
94971 Tomales,zcta,94971,Tomales,38.2330285,-122.8969589,908099,,2019-07-31,10,0,Zillow ZIP-level market for Tomales; mapped with Census 2020 ZCTA 94971 in Marin County.,,,,
94929 nan,zcta,94929,nan,38.2545284,-122.9623709,1042074,,2019-07-31,10,0,Zillow ZIP-level market for nan; mapped with Census 2020 ZCTA 94929 in Marin County.,,,,
94901 San Rafael,zcta,94901,San Rafael,37.980709,-122.5006058,1206316,2322,2019-08-31,10,0,Zillow ZIP-level market for San Rafael; mapped with Census 2020 ZCTA 94901 in Marin County.,,2322,Zillow ZORI,
94941 Mill Valley,zcta,94941,Mill Valley,37.9247747,-122.6001828,1694044,3234,2019-08-31,10,0,Zillow ZIP-level market for Mill Valley; mapped with Census 2020 ZCTA 94941 in Marin County.,,3234,Zillow ZORI,
94903 San Rafael,zcta,94903,San Rafael,38.0221295,-122.55881,1019924,,2019-08-31,10,0,Zillow ZIP-level market for San Rafael; mapped with Census 2020 ZCTA 94903 in Marin County.,,,,
94947 Novato,zcta,94947,Novato,38.1061995,-122.6249851,836478,,2019-08-31,10,0,Zillow ZIP-level market for Novato; mapped with Census 2020 ZCTA 94947 in Marin County.,,,,
94949 Novato,zcta,94949,Novato,38.0600944,-122.5064097,986987,,2019-08-31,10,0,Zillow ZIP-level market for Novato; mapped with Census 2020 ZCTA 94949 in Marin County.,,,,
94945 Novato,zcta,94945,Novato,38.1226869,-122.5531417,892213,,2019-08-31,10,0,Zillow ZIP-level market for Novato; mapped with Census 2020 ZCTA 94945 in Marin County.,,,,
94960 San Anselmo,zcta,94960,San Anselmo,37.9970232,-122.5783384,1307546,,2019-08-31,10,0,Zillow ZIP-level market for San Anselmo; mapped with Census 2020 ZCTA 94960 in Marin County.,,,,
94904 Kentfield,zcta,94904,Kentfield,37.9472249,-122.5517753,1989769,,2019-08-31,10,0,Zillow ZIP-level market for Kentfield; mapped with Census 2020 ZCTA 94904 in Marin County.,,,,
94920 Tiburon,zcta,94920,Tiburon,37.8867683,-122.4626194,2799331,,2019-08-31,10,0,Zillow ZIP-level market for Tiburon; mapped with Census 2020 ZCTA 94920 in Marin County.,,,,
94965 Sausalito,zcta,94965,Sausalito,37.8373471,-122.5274824,1722931,2969,2019-08-31,10,0,Zillow ZIP-level market for Sausalito; mapped with Census 2020 ZCTA 94965 in Marin County.,,2969,Zillow ZORI,
94925 Corte Madera,zcta,94925,Corte Madera,37.9318458,-122.5077378,1468464,,2019-08-31,10,0,Zillow ZIP-level market for Corte Madera; mapped with Census 2020 ZCTA 94925 in Marin County.,,,,
94930 Fairfax,zcta,94930,Fairfax,37.9697928,-122.61533,1049707,,2019-08-31,10,0,Zillow ZIP-level market for Fairfax; mapped with Census 2020 ZCTA 94930 in Marin County.,,,,
94939 Larkspur,zcta,94939,Larkspur,37.9382519,-122.5359478,2018833,,2019-08-31,10,0,Zillow ZIP-level market for Larkspur; mapped with Census 2020 ZCTA 94939 in Marin County.,,,,
94957 Ross,zcta,94957,Ross,37.9634213,-122.5618079,3085065,,2019-08-31,10,0,Zillow ZIP-level market for Ross; mapped with Census 2020 ZCTA 94957 in Marin County.,,,,
94937 Point Reyes Station,zcta,94937,Point Reyes Station,38.1164824,-122.930353,1203299,,2019-08-31,10,0,Zillow ZIP-level market for Point Reyes Station; mapped with Census 2020 ZCTA 94937 in Marin County.,,,,
94924 Bolinas,zcta,94924,Bolinas,37.9669044,-122.7388158,1674163,,2019-08-31,10,0,Zillow ZIP-level market for Bolinas; mapped with Census 2020 ZCTA 94924 in Marin County.,,,,
94963 Lagunitas,zcta,94963,Lagunitas,38.00761,-122.6647483,1026546,,2019-08-31,10,0,Zillow ZIP-level market for Lagunitas; mapped with Census 2020 ZCTA 94963 in Marin County.,,,,
94973 Woodacre,zcta,94973,Woodacre,38.0125906,-122.6394,888178,,2019-08-31,10,0,Zillow ZIP-level market for Woodacre; mapped with Census 2020 ZCTA 94973 in Marin County.,,,,
94946 Nicasio,zcta,94946,Nicasio,38.0747338,-122.6952645,1613664,,2019-08-31,10,0,Zillow ZIP-level market for Nicasio; mapped with Census 2020 ZCTA 94946 in Marin County.,,,,
94938 Bolinas,zcta,94938,Bolinas,38.0302365,-122.7295132,871399,,2019-08-31,10,0,Zillow ZIP-level market for Bolinas; mapped with Census 2020 ZCTA 94938 in Marin County.,,,,
94970 Stinson Beach,zcta,94970,Stinson Beach,37.9258817,-122.6598334,2134016,,2019-08-31,10,0,Zillow ZIP-level market for Stinson Beach; mapped with Census 2020 ZCTA 94970 in Marin County.,,,,
94956 Point Reyes Station,zcta,94956,Point Reyes Station,38.0214541,-122.81817,1124907,,2019-08-31,10,0,Zillow ZIP-level market for Point Reyes Station; mapped with Census 2020 ZCTA 94956 in Marin County.,,,,
94940 Marshall,zcta,94940,Marshall,38.2039708,-122.8914816,1278782,,2019-08-31,10,0,Zillow ZIP-level market for Marshall; mapped with Census 2020 ZCTA 94940 in Marin County.,,,,
94933 Lagunitas,zcta,94933,Lagunitas,38.0175021,-122.688148,774480,,2019-08-31,10,0,Zillow ZIP-level market for Lagunitas; mapped with Census 2020 ZCTA 94933 in Marin County.,,,,
94971 Tomales,zcta,94971,Tomales,38.2330285,-122.8969589,911941,,2019-08-31,10,0,Zillow ZIP-level market for Tomales; mapped with Census 2020 ZCTA 94971 in Marin County.,,,,
94929 nan,zcta,94929,nan,38.2545284,-122.9623709,1042106,,2019-08-31,10,0,Zillow ZIP-level market for nan; mapped with Census 2020 ZCTA 94929 in Marin County.,,,,
94901 San Rafael,zcta,94901,San Rafael,37.980709,-122.5006058,1205868,2344,2019-09-30,10,0,Zillow ZIP-level market for San Rafael; mapped with Census 2020 ZCTA 94901 in Marin County.,,2344,Zillow ZORI,
94941 Mill Valley,zcta,94941,Mill Valley,37.9247747,-122.6001828,1700145,3298,2019-09-30,10,0,Zillow ZIP-level market for Mill Valley; mapped with Census 2020 ZCTA 94941 in Marin County.,,3298,Zillow ZORI,
94903 San Rafael,zcta,94903,San Rafael,38.0221295,-122.55881,1021925,,2019-09-30,10,0,Zillow ZIP-level market for San Rafael; mapped with Census 2020 ZCTA 94903 in Marin County.,,,,
94947 Novato,zcta,94947,Novato,38.1061995,-122.6249851,835774,,2019-09-30,10,0,Zillow ZIP-level market for Novato; mapped with Census 2020 ZCTA 94947 in Marin County.,,,,
94949 Novato,zcta,94949,Novato,38.0600944,-122.5064097,986272,,2019-09-30,10,0,Zillow ZIP-level market for Novato; mapped with Census 2020 ZCTA 94949 in Marin County.,,,,
94945 Novato,zcta,94945,Novato,38.1226869,-122.5531417,891087,,2019-09-30,10,0,Zillow ZIP-level market for Novato; mapped with Census 2020 ZCTA 94945 in Marin County.,,,,
94960 San Anselmo,zcta,94960,San Anselmo,37.9970232,-122.5783384,1308724,,2019-09-30,10,0,Zillow ZIP-level market for San Anselmo; mapped with Census 2020 ZCTA 94960 in Marin County.,,,,
94904 Kentfield,zcta,94904,Kentfield,37.9472249,-122.5517753,1993083,,2019-09-30,10,0,Zillow ZIP-level market for Kentfield; mapped with Census 2020 ZCTA 94904 in Marin County.,,,,
94920 Tiburon,zcta,94920,Tiburon,37.8867683,-122.4626194,2790750,,2019-09-30,10,0,Zillow ZIP-level market for Tiburon; mapped with Census 2020 ZCTA 94920 in Marin County.,,,,
94965 Sausalito,zcta,94965,Sausalito,37.8373471,-122.5274824,1719074,2933,2019-09-30,10,0,Zillow ZIP-level market for Sausalito; mapped with Census 2020 ZCTA 94965 in Marin County.,,2933,Zillow ZORI,
94925 Corte Madera,zcta,94925,Corte Madera,37.9318458,-122.5077378,1472507,,2019-09-30,10,0,Zillow ZIP-level market for Corte Madera; mapped with Census 2020 ZCTA 94925 in Marin County.,,,,
94930 Fairfax,zcta,94930,Fairfax,37.9697928,-122.61533,1049169,,2019-09-30,10,0,Zillow ZIP-level market for Fairfax; mapped with Census 2020 ZCTA 94930 in Marin County.,,,,
94939 Larkspur,zcta,94939,Larkspur,37.9382519,-122.5359478,2019950,,2019-09-30,10,0,Zillow ZIP-level market for Larkspur; mapped with Census 2020 ZCTA 94939 in Marin County.,,,,
94957 Ross,zcta,94957,Ross,37.9634213,-122.5618079,3083279,,2019-09-30,10,0,Zillow ZIP-level market for Ross; mapped with Census 2020 ZCTA 94957 in Marin County.,,,,
94937 Point Reyes Station,zcta,94937,Point Reyes Station,38.1164824,-122.930353,1209409,,2019-09-30,10,0,Zillow ZIP-level market for Point Reyes Station; mapped with Census 2020 ZCTA 94937 in Marin County.,,,,
94924 Bolinas,zcta,94924,Bolinas,37.9669044,-122.7388158,1676242,,2019-09-30,10,0,Zillow ZIP-level market for Bolinas; mapped with Census 2020 ZCTA 94924 in Marin County.,,,,
94963 Lagunitas,zcta,94963,Lagunitas,38.00761,-122.6647483,1022007,,2019-09-30,10,0,Zillow ZIP-level market for Lagunitas; mapped with Census 2020 ZCTA 94963 in Marin County.,,,,
94973 Woodacre,zcta,94973,Woodacre,38.0125906,-122.6394,891116,,2019-09-30,10,0,Zillow ZIP-level market for Woodacre; mapped with Census 2020 ZCTA 94973 in Marin County.,,,,
94946 Nicasio,zcta,94946,Nicasio,38.0747338,-122.6952645,1612652,,2019-09-30,10,0,Zillow ZIP-level market for Nicasio; mapped with Census 2020 ZCTA 94946 in Marin County.,,,,
94938 Bolinas,zcta,94938,Bolinas,38.0302365,-122.7295132,870338,,2019-09-30,10,0,Zillow ZIP-level market for Bolinas; mapped with Census 2020 ZCTA 94938 in Marin County.,,,,
94970 Stinson Beach,zcta,94970,Stinson Beach,37.9258817,-122.6598334,2155626,,2019-09-30,10,0,Zillow ZIP-level market for Stinson Beach; mapped with Census 2020 ZCTA 94970 in Marin County.,,,,
94956 Point Reyes Station,zcta,94956,Point Reyes Station,38.0214541,-122.81817,1122439,,2019-09-30,10,0,Zillow ZIP-level market for Point Reyes Station; mapped with Census 2020 ZCTA 94956 in Marin County.,,,,
94940 Marshall,zcta,94940,Marshall,38.2039708,-122.8914816,1273848,,2019-09-30,10,0,Zillow ZIP-level market for Marshall; mapped with Census 2020 ZCTA 94940 in Marin County.,,,,
94933 Lagunitas,zcta,94933,Lagunitas,38.0175021,-122.688148,774861,,2019-09-30,10,0,Zillow ZIP-level market for Lagunitas; mapped with Census 2020 ZCTA 94933 in Marin County.,,,,
94971 Tomales,zcta,94971,Tomales,38.2330285,-122.8969589,914761,,2019-09-30,10,0,Zillow ZIP-level market for Tomales; mapped with Census 2020 ZCTA 94971 in Marin County.,,,,
94929 nan,zcta,94929,nan,38.2545284,-122.9623709,1040689,,2019-09-30,10,0,Zillow ZIP-level market for nan; mapped with Census 2020 ZCTA 94929 in Marin County.,,,,
94901 San Rafael,zcta,94901,San Rafael,37.980709,-122.5006058,1206461,2365,2019-10-31,10,0,Zillow ZIP-level market for San Rafael; mapped with Census 2020 ZCTA 94901 in Marin County.,,2365,Zillow ZORI,
94941 Mill Valley,zcta,94941,Mill Valley,37.9247747,-122.6001828,1706568,3320,2019-10-31,10,0,Zillow ZIP-level market for Mill Valley; mapped with Census 2020 ZCTA 94941 in Marin County.,,3320,Zillow ZORI,
94903 San Rafael,zcta,94903,San Rafael,38.0221295,-122.55881,1023578,,2019-10-31,10,0,Zillow ZIP-level market for San Rafael; mapped with Census 2020 ZCTA 94903 in Marin County.,,,,
94947 Novato,zcta,94947,Novato,38.1061995,-122.6249851,834943,,2019-10-31,10,0,Zillow ZIP-level market for Novato; mapped with Census 2020 ZCTA 94947 in Marin County.,,,,
94949 Novato,zcta,94949,Novato,38.0600944,-122.5064097,986271,,2019-10-31,10,0,Zillow ZIP-level market for Novato; mapped with Census 2020 ZCTA 94949 in Marin County.,,,,
94945 Novato,zcta,94945,Novato,38.1226869,-122.5531417,890801,,2019-10-31,10,0,Zillow ZIP-level market for Novato; mapped with Census 2020 ZCTA 94945 in Marin County.,,,,
94960 San Anselmo,zcta,94960,San Anselmo,37.9970232,-122.5783384,1310498,,2019-10-31,10,0,Zillow ZIP-level market for San Anselmo; mapped with Census 2020 ZCTA 94960 in Marin County.,,,,
94904 Kentfield,zcta,94904,Kentfield,37.9472249,-122.5517753,1999012,,2019-10-31,10,0,Zillow ZIP-level market for Kentfield; mapped with Census 2020 ZCTA 94904 in Marin County.,,,,
94920 Tiburon,zcta,94920,Tiburon,37.8867683,-122.4626194,2782299,,2019-10-31,10,0,Zillow ZIP-level market for Tiburon; mapped with Census 2020 ZCTA 94920 in Marin County.,,,,
94965 Sausalito,zcta,94965,Sausalito,37.8373471,-122.5274824,1719152,2790,2019-10-31,10,0,Zillow ZIP-level market for Sausalito; mapped with Census 2020 ZCTA 94965 in Marin County.,,2790,Zillow ZORI,
94925 Corte Madera,zcta,94925,Corte Madera,37.9318458,-122.5077378,1475946,,2019-10-31,10,0,Zillow ZIP-level market for Corte Madera; mapped with Census 2020 ZCTA 94925 in Marin County.,,,,
94930 Fairfax,zcta,94930,Fairfax,37.9697928,-122.61533,1047037,,2019-10-31,10,0,Zillow ZIP-level market for Fairfax; mapped with Census 2020 ZCTA 94930 in Marin County.,,,,
94939 Larkspur,zcta,94939,Larkspur,37.9382519,-122.5359478,2021095,,2019-10-31,10,0,Zillow ZIP-level market for Larkspur; mapped with Census 2020 ZCTA 94939 in Marin County.,,,,
94957 Ross,zcta,94957,Ross,37.9634213,-122.5618079,3083609,,2019-10-31,10,0,Zillow ZIP-level market for Ross; mapped with Census 2020 ZCTA 94957 in Marin County.,,,,
94937 Point Reyes Station,zcta,94937,Point Reyes Station,38.1164824,-122.930353,1210664,,2019-10-31,10,0,Zillow ZIP-level market for Point Reyes Station; mapped with Census 2020 ZCTA 94937 in Marin County.,,,,
94924 Bolinas,zcta,94924,Bolinas,37.9669044,-122.7388158,1671607,,2019-10-31,10,0,Zillow ZIP-level market for Bolinas; mapped with Census 2020 ZCTA 94924 in Marin County.,,,,
94963 Lagunitas,zcta,94963,Lagunitas,38.00761,-122.6647483,1017395,,2019-10-31,10,0,Zillow ZIP-level market for Lagunitas; mapped with Census 2020 ZCTA 94963 in Marin County.,,,,
94973 Woodacre,zcta,94973,Woodacre,38.0125906,-122.6394,891847,,2019-10-31,10,0,Zillow ZIP-level market for Woodacre; mapped with Census 2020 ZCTA 94973 in Marin County.,,,,
94946 Nicasio,zcta,94946,Nicasio,38.0747338,-122.6952645,1613415,,2019-10-31,10,0,Zillow ZIP-level market for Nicasio; mapped with Census 2020 ZCTA 94946 in Marin County.,,,,
94938 Bolinas,zcta,94938,Bolinas,38.0302365,-122.7295132,865812,,2019-10-31,10,0,Zillow ZIP-level market for Bolinas; mapped with Census 2020 ZCTA 94938 in Marin County.,,,,
94970 Stinson Beach,zcta,94970,Stinson Beach,37.9258817,-122.6598334,2183172,,2019-10-31,10,0,Zillow ZIP-level market for Stinson Beach; mapped with Census 2020 ZCTA 94970 in Marin County.,,,,
94956 Point Reyes Station,zcta,94956,Point Reyes Station,38.0214541,-122.81817,1118904,,2019-10-31,10,0,Zillow ZIP-level market for Point Reyes Station; mapped with Census 2020 ZCTA 94956 in Marin County.,,,,
94940 Marshall,zcta,94940,Marshall,38.2039708,-122.8914816,1268486,,2019-10-31,10,0,Zillow ZIP-level market for Marshall; mapped with Census 2020 ZCTA 94940 in Marin County.,,,,
94933 Lagunitas,zcta,94933,Lagunitas,38.0175021,-122.688148,772753,,2019-10-31,10,0,Zillow ZIP-level market for Lagunitas; mapped with Census 2020 ZCTA 94933 in Marin County.,,,,
94971 Tomales,zcta,94971,Tomales,38.2330285,-122.8969589,915195,,2019-10-31,10,0,Zillow ZIP-level market for Tomales; mapped with Census 2020 ZCTA 94971 in Marin County.,,,,
94929 nan,zcta,94929,nan,38.2545284,-122.9623709,1040294,,2019-10-31,10,0,Zillow ZIP-level market for nan; mapped with Census 2020 ZCTA 94929 in Marin County.,,,,
94901 San Rafael,zcta,94901,San Rafael,37.980709,-122.5006058,1208703,2361,2019-11-30,10,0,Zillow ZIP-level market for San Rafael; mapped with Census 2020 ZCTA 94901 in Marin County.,,2361,Zillow ZORI,
94941 Mill Valley,zcta,94941,Mill Valley,37.9247747,-122.6001828,1711176,3249,2019-11-30,10,0,Zillow ZIP-level market for Mill Valley; mapped with Census 2020 ZCTA 94941 in Marin County.,,3249,Zillow ZORI,
94903 San Rafael,zcta,94903,San Rafael,38.0221295,-122.55881,1024795,,2019-11-30,10,0,Zillow ZIP-level market for San Rafael; mapped with Census 2020 ZCTA 94903 in Marin County.,,,,
94947 Novato,zcta,94947,Novato,38.1061995,-122.6249851,834963,,2019-11-30,10,0,Zillow ZIP-level market for Novato; mapped with Census 2020 ZCTA 94947 in Marin County.,,,,
94949 Novato,zcta,94949,Novato,38.0600944,-122.5064097,987604,,2019-11-30,10,0,Zillow ZIP-level market for Novato; mapped with Census 2020 ZCTA 94949 in Marin County.,,,,
94945 Novato,zcta,94945,Novato,38.1226869,-122.5531417,890994,,2019-11-30,10,0,Zillow ZIP-level market for Novato; mapped with Census 2020 ZCTA 94945 in Marin County.,,,,
94960 San Anselmo,zcta,94960,San Anselmo,37.9970232,-122.5783384,1313995,,2019-11-30,10,0,Zillow ZIP-level market for San Anselmo; mapped with Census 2020 ZCTA 94960 in Marin County.,,,,
94904 Kentfield,zcta,94904,Kentfield,37.9472249,-122.5517753,2004008,,2019-11-30,10,0,Zillow ZIP-level market for Kentfield; mapped with Census 2020 ZCTA 94904 in Marin County.,,,,
94920 Tiburon,zcta,94920,Tiburon,37.8867683,-122.4626194,2774420,,2019-11-30,10,0,Zillow ZIP-level market for Tiburon; mapped with Census 2020 ZCTA 94920 in Marin County.,,,,
94965 Sausalito,zcta,94965,Sausalito,37.8373471,-122.5274824,1723835,2854,2019-11-30,10,0,Zillow ZIP-level market for Sausalito; mapped with Census 2020 ZCTA 94965 in Marin County.,,2854,Zillow ZORI,
94925 Corte Madera,zcta,94925,Corte Madera,37.9318458,-122.5077378,1478415,,2019-11-30,10,0,Zillow ZIP-level market for Corte Madera; mapped with Census 2020 ZCTA 94925 in Marin County.,,,,
94930 Fairfax,zcta,94930,Fairfax,37.9697928,-122.61533,1046729,,2019-11-30,10,0,Zillow ZIP-level market for Fairfax; mapped with Census 2020 ZCTA 94930 in Marin County.,,,,
94939 Larkspur,zcta,94939,Larkspur,37.9382519,-122.5359478,2025271,,2019-11-30,10,0,Zillow ZIP-level market for Larkspur; mapped with Census 2020 ZCTA 94939 in Marin County.,,,,
94957 Ross,zcta,94957,Ross,37.9634213,-122.5618079,3091862,,2019-11-30,10,0,Zillow ZIP-level market for Ross; mapped with Census 2020 ZCTA 94957 in Marin County.,,,,
94937 Point Reyes Station,zcta,94937,Point Reyes Station,38.1164824,-122.930353,1211614,,2019-11-30,10,0,Zillow ZIP-level market for Point Reyes Station; mapped with Census 2020 ZCTA 94937 in Marin County.,,,,
94924 Bolinas,zcta,94924,Bolinas,37.9669044,-122.7388158,1668674,,2019-11-30,10,0,Zillow ZIP-level market for Bolinas; mapped with Census 2020 ZCTA 94924 in Marin County.,,,,
94963 Lagunitas,zcta,94963,Lagunitas,38.00761,-122.6647483,1015086,,2019-11-30,10,0,Zillow ZIP-level market for Lagunitas; mapped with Census 2020 ZCTA 94963 in Marin County.,,,,
94973 Woodacre,zcta,94973,Woodacre,38.0125906,-122.6394,892502,,2019-11-30,10,0,Zillow ZIP-level market for Woodacre; mapped with Census 2020 ZCTA 94973 in Marin County.,,,,
94946 Nicasio,zcta,94946,Nicasio,38.0747338,-122.6952645,1609916,,2019-11-30,10,0,Zillow ZIP-level market for Nicasio; mapped with Census 2020 ZCTA 94946 in Marin County.,,,,
94938 Bolinas,zcta,94938,Bolinas,38.0302365,-122.7295132,860494,,2019-11-30,10,0,Zillow ZIP-level market for Bolinas; mapped with Census 2020 ZCTA 94938 in Marin County.,,,,
94970 Stinson Beach,zcta,94970,Stinson Beach,37.9258817,-122.6598334,2198234,,2019-11-30,10,0,Zillow ZIP-level market for Stinson Beach; mapped with Census 2020 ZCTA 94970 in Marin County.,,,,
94956 Point Reyes Station,zcta,94956,Point Reyes Station,38.0214541,-122.81817,1115856,,2019-11-30,10,0,Zillow ZIP-level market for Point Reyes Station; mapped with Census 2020 ZCTA 94956 in Marin County.,,,,
94940 Marshall,zcta,94940,Marshall,38.2039708,-122.8914816,1266317,,2019-11-30,10,0,Zillow ZIP-level market for Marshall; mapped with Census 2020 ZCTA 94940 in Marin County.,,,,
94933 Lagunitas,zcta,94933,Lagunitas,38.0175021,-122.688148,770021,,2019-11-30,10,0,Zillow ZIP-level market for Lagunitas; mapped with Census 2020 ZCTA 94933 in Marin County.,,,,
94971 Tomales,zcta,94971,Tomales,38.2330285,-122.8969589,916042,,2019-11-30,10,0,Zillow ZIP-level market for Tomales; mapped with Census 2020 ZCTA 94971 in Marin County.,,,,
94929 nan,zcta,94929,nan,38.2545284,-122.9623709,1043459,,2019-11-30,10,0,Zillow ZIP-level market for nan; mapped with Census 2020 ZCTA 94929 in Marin County.,,,,
94901 San Rafael,zcta,94901,San Rafael,37.980709,-122.5006058,1210926,2322,2019-12-31,10,0,Zillow ZIP-level market for San Rafael; mapped with Census 2020 ZCTA 94901 in Marin County.,,2322,Zillow ZORI,
94941 Mill Valley,zcta,94941,Mill Valley,37.9247747,-122.6001828,1713694,3269,2019-12-31,10,0,Zillow ZIP-level market for Mill Valley; mapped with Census 2020 ZCTA 94941 in Marin County.,,3269,Zillow ZORI,
94903 San Rafael,zcta,94903,San Rafael,38.0221295,-122.55881,1026925,,2019-12-31,10,0,Zillow ZIP-level market for San Rafael; mapped with Census 2020 ZCTA 94903 in Marin County.,,,,
94947 Novato,zcta,94947,Novato,38.1061995,-122.6249851,835598,,2019-12-31,10,0,Zillow ZIP-level market for Novato; mapped with Census 2020 ZCTA 94947 in Marin County.,,,,
94949 Novato,zcta,94949,Novato,38.0600944,-122.5064097,990024,,2019-12-31,10,0,Zillow ZIP-level market for Novato; mapped with Census 2020 ZCTA 94949 in Marin County.,,,,
94945 Novato,zcta,94945,Novato,38.1226869,-122.5531417,891083,,2019-12-31,10,0,Zillow ZIP-level market for Novato; mapped with Census 2020 ZCTA 94945 in Marin County.,,,,
94960 San Anselmo,zcta,94960,San Anselmo,37.9970232,-122.5783384,1316695,,2019-12-31,10,0,Zillow ZIP-level market for San Anselmo; mapped with Census 2020 ZCTA 94960 in Marin County.,,,,
94904 Kentfield,zcta,94904,Kentfield,37.9472249,-122.5517753,2007805,,2019-12-31,10,0,Zillow ZIP-level market for Kentfield; mapped with Census 2020 ZCTA 94904 in Marin County.,,,,
94920 Tiburon,zcta,94920,Tiburon,37.8867683,-122.4626194,2764851,,2019-12-31,10,0,Zillow ZIP-level market for Tiburon; mapped with Census 2020 ZCTA 94920 in Marin County.,,,,
94965 Sausalito,zcta,94965,Sausalito,37.8373471,-122.5274824,1725538,2931,2019-12-31,10,0,Zillow ZIP-level market for Sausalito; mapped with Census 2020 ZCTA 94965 in Marin County.,,2931,Zillow ZORI,
94925 Corte Madera,zcta,94925,Corte Madera,37.9318458,-122.5077378,1477515,,2019-12-31,10,0,Zillow ZIP-level market for Corte Madera; mapped with Census 2020 ZCTA 94925 in Marin County.,,,,
94930 Fairfax,zcta,94930,Fairfax,37.9697928,-122.61533,1046257,,2019-12-31,10,0,Zillow ZIP-level market for Fairfax; mapped with Census 2020 ZCTA 94930 in Marin County.,,,,
94939 Larkspur,zcta,94939,Larkspur,37.9382519,-122.5359478,2027956,,2019-12-31,10,0,Zillow ZIP-level market for Larkspur; mapped with Census 2020 ZCTA 94939 in Marin County.,,,,
94957 Ross,zcta,94957,Ross,37.9634213,-122.5618079,3098742,,2019-12-31,10,0,Zillow ZIP-level market for Ross; mapped with Census 2020 ZCTA 94957 in Marin County.,,,,
94937 Point Reyes Station,zcta,94937,Point Reyes Station,38.1164824,-122.930353,1215540,,2019-12-31,10,0,Zillow ZIP-level market for Point Reyes Station; mapped with Census 2020 ZCTA 94937 in Marin County.,,,,
94924 Bolinas,zcta,94924,Bolinas,37.9669044,-122.7388158,1675143,,2019-12-31,10,0,Zillow ZIP-level market for Bolinas; mapped with Census 2020 ZCTA 94924 in Marin County.,,,,
94963 Lagunitas,zcta,94963,Lagunitas,38.00761,-122.6647483,1013901,,2019-12-31,10,0,Zillow ZIP-level market for Lagunitas; mapped with Census 2020 ZCTA 94963 in Marin County.,,,,
94973 Woodacre,zcta,94973,Woodacre,38.0125906,-122.6394,891204,,2019-12-31,10,0,Zillow ZIP-level market for Woodacre; mapped with Census 2020 ZCTA 94973 in Marin County.,,,,
94946 Nicasio,zcta,94946,Nicasio,38.0747338,-122.6952645,1608911,,2019-12-31,10,0,Zillow ZIP-level market for Nicasio; mapped with Census 2020 ZCTA 94946 in Marin County.,,,,
94938 Bolinas,zcta,94938,Bolinas,38.0302365,-122.7295132,858592,,2019-12-31,10,0,Zillow ZIP-level market for Bolinas; mapped with Census 2020 ZCTA 94938 in Marin County.,,,,
94970 Stinson Beach,zcta,94970,Stinson Beach,37.9258817,-122.6598334,2208392,,2019-12-31,10,0,Zillow ZIP-level market for Stinson Beach; mapped with Census 2020 ZCTA 94970 in Marin County.,,,,
94956 Point Reyes Station,zcta,94956,Point Reyes Station,38.0214541,-122.81817,1115881,,2019-12-31,10,0,Zillow ZIP-level market for Point Reyes Station; mapped with Census 2020 ZCTA 94956 in Marin County.,,,,
94940 Marshall,zcta,94940,Marshall,38.2039708,-122.8914816,1265198,,2019-12-31,10,0,Zillow ZIP-level market for Marshall; mapped with Census 2020 ZCTA 94940 in Marin County.,,,,
94933 Lagunitas,zcta,94933,Lagunitas,38.0175021,-122.688148,769481,,2019-12-31,10,0,Zillow ZIP-level market for Lagunitas; mapped with Census 2020 ZCTA 94933 in Marin County.,,,,
94971 Tomales,zcta,94971,Tomales,38.2330285,-122.8969589,919768,,2019-12-31,10,0,Zillow ZIP-level market for Tomales; mapped with Census 2020 ZCTA 94971 in Marin County.,,,,
94929 nan,zcta,94929,nan,38.2545284,-122.9623709,1048915,,2019-12-31,10,0,Zillow ZIP-level market for nan; mapped with Census 2020 ZCTA 94929 in Marin County.,,,,
94901 San Rafael,zcta,94901,San Rafael,37.980709,-122.5006058,1214075,2318,2020-01-31,10,0,Zillow ZIP-level market for San Rafael; mapped with Census 2020 ZCTA 94901 in Marin County.,,2318,Zillow ZORI,
94941 Mill Valley,zcta,94941,Mill Valley,37.9247747,-122.6001828,1716549,3240,2020-01-31,10,0,Zillow ZIP-level market for Mill Valley; mapped with Census 2020 ZCTA 94941 in Marin County.,,3240,Zillow ZORI,
94903 San Rafael,zcta,94903,San Rafael,38.0221295,-122.55881,1030619,,2020-01-31,10,0,Zillow ZIP-level market for San Rafael; mapped with Census 2020 ZCTA 94903 in Marin County.,,,,
94947 Novato,zcta,94947,Novato,38.1061995,-122.6249851,838028,,2020-01-31,10,0,Zillow ZIP-level market for Novato; mapped with Census 2020 ZCTA 94947 in Marin County.,,,,
94949 Novato,zcta,94949,Novato,38.0600944,-122.5064097,994630,,2020-01-31,10,0,Zillow ZIP-level market for Novato; mapped with Census 2020 ZCTA 94949 in Marin County.,,,,
94945 Novato,zcta,94945,Novato,38.1226869,-122.5531417,889281,,2020-01-31,10,0,Zillow ZIP-level market for Novato; mapped with Census 2020 ZCTA 94945 in Marin County.,,,,
94960 San Anselmo,zcta,94960,San Anselmo,37.9970232,-122.5783384,1320900,,2020-01-31,10,0,Zillow ZIP-level market for San Anselmo; mapped with Census 2020 ZCTA 94960 in Marin County.,,,,
94904 Kentfield,zcta,94904,Kentfield,37.9472249,-122.5517753,2011443,,2020-01-31,10,0,Zillow ZIP-level market for Kentfield; mapped with Census 2020 ZCTA 94904 in Marin County.,,,,
94920 Tiburon,zcta,94920,Tiburon,37.8867683,-122.4626194,2763386,,2020-01-31,10,0,Zillow ZIP-level market for Tiburon; mapped with Census 2020 ZCTA 94920 in Marin County.,,,,
94965 Sausalito,zcta,94965,Sausalito,37.8373471,-122.5274824,1734754,3050,2020-01-31,10,0,Zillow ZIP-level market for Sausalito; mapped with Census 2020 ZCTA 94965 in Marin County.,,3050,Zillow ZORI,
94925 Corte Madera,zcta,94925,Corte Madera,37.9318458,-122.5077378,1481554,,2020-01-31,10,0,Zillow ZIP-level market for Corte Madera; mapped with Census 2020 ZCTA 94925 in Marin County.,,,,
94930 Fairfax,zcta,94930,Fairfax,37.9697928,-122.61533,1046076,,2020-01-31,10,0,Zillow ZIP-level market for Fairfax; mapped with Census 2020 ZCTA 94930 in Marin County.,,,,
94939 Larkspur,zcta,94939,Larkspur,37.9382519,-122.5359478,2028798,,2020-01-31,10,0,Zillow ZIP-level market for Larkspur; mapped with Census 2020 ZCTA 94939 in Marin County.,,,,
94957 Ross,zcta,94957,Ross,37.9634213,-122.5618079,3111746,,2020-01-31,10,0,Zillow ZIP-level market for Ross; mapped with Census 2020 ZCTA 94957 in Marin County.,,,,
94937 Point Reyes Station,zcta,94937,Point Reyes Station,38.1164824,-122.930353,1222684,,2020-01-31,10,0,Zillow ZIP-level market for Point Reyes Station; mapped with Census 2020 ZCTA 94937 in Marin County.,,,,
94924 Bolinas,zcta,94924,Bolinas,37.9669044,-122.7388158,1702949,,2020-01-31,10,0,Zillow ZIP-level market for Bolinas; mapped with Census 2020 ZCTA 94924 in Marin County.,,,,
94963 Lagunitas,zcta,94963,Lagunitas,38.00761,-122.6647483,1015781,,2020-01-31,10,0,Zillow ZIP-level market for Lagunitas; mapped with Census 2020 ZCTA 94963 in Marin County.,,,,
94973 Woodacre,zcta,94973,Woodacre,38.0125906,-122.6394,894610,,2020-01-31,10,0,Zillow ZIP-level market for Woodacre; mapped with Census 2020 ZCTA 94973 in Marin County.,,,,
94946 Nicasio,zcta,94946,Nicasio,38.0747338,-122.6952645,1610762,,2020-01-31,10,0,Zillow ZIP-level market for Nicasio; mapped with Census 2020 ZCTA 94946 in Marin County.,,,,
94938 Bolinas,zcta,94938,Bolinas,38.0302365,-122.7295132,857992,,2020-01-31,10,0,Zillow ZIP-level market for Bolinas; mapped with Census 2020 ZCTA 94938 in Marin County.,,,,
94970 Stinson Beach,zcta,94970,Stinson Beach,37.9258817,-122.6598334,2223395,,2020-01-31,10,0,Zillow ZIP-level market for Stinson Beach; mapped with Census 2020 ZCTA 94970 in Marin County.,,,,
94956 Point Reyes Station,zcta,94956,Point Reyes Station,38.0214541,-122.81817,1119727,,2020-01-31,10,0,Zillow ZIP-level market for Point Reyes Station; mapped with Census 2020 ZCTA 94956 in Marin County.,,,,
94940 Marshall,zcta,94940,Marshall,38.2039708,-122.8914816,1276404,,2020-01-31,10,0,Zillow ZIP-level market for Marshall; mapped with Census 2020 ZCTA 94940 in Marin County.,,,,
94933 Lagunitas,zcta,94933,Lagunitas,38.0175021,-122.688148,774468,,2020-01-31,10,0,Zillow ZIP-level market for Lagunitas; mapped with Census 2020 ZCTA 94933 in Marin County.,,,,
94971 Tomales,zcta,94971,Tomales,38.2330285,-122.8969589,919421,,2020-01-31,10,0,Zillow ZIP-level market for Tomales; mapped with Census 2020 ZCTA 94971 in Marin County.,,,,
94929 nan,zcta,94929,nan,38.2545284,-122.9623709,1052298,,2020-01-31,10,0,Zillow ZIP-level market for nan; mapped with Census 2020 ZCTA 94929 in Marin County.,,,,
94901 San Rafael,zcta,94901,San Rafael,37.980709,-122.5006058,1220679,2339,2020-02-29,10,0,Zillow ZIP-level market for San Rafael; mapped with Census 2020 ZCTA 94901 in Marin County.,,2339,Zillow ZORI,
94941 Mill Valley,zcta,94941,Mill Valley,37.9247747,-122.6001828,1727584,3319,2020-02-29,10,0,Zillow ZIP-level market for Mill Valley; mapped with Census 2020 ZCTA 94941 in Marin County.,,3319,Zillow ZORI,
94903 San Rafael,zcta,94903,San Rafael,38.0221295,-122.55881,1039311,,2020-02-29,10,0,Zillow ZIP-level market for San Rafael; mapped with Census 2020 ZCTA 94903 in Marin County.,,,,
94947 Novato,zcta,94947,Novato,38.1061995,-122.6249851,845278,,2020-02-29,10,0,Zillow ZIP-level market for Novato; mapped with Census 2020 ZCTA 94947 in Marin County.,,,,
94949 Novato,zcta,94949,Novato,38.0600944,-122.5064097,1003177,,2020-02-29,10,0,Zillow ZIP-level market for Novato; mapped with Census 2020 ZCTA 94949 in Marin County.,,,,
94945 Novato,zcta,94945,Novato,38.1226869,-122.5531417,888433,,2020-02-29,10,0,Zillow ZIP-level market for Novato; mapped with Census 2020 ZCTA 94945 in Marin County.,,,,
94960 San Anselmo,zcta,94960,San Anselmo,37.9970232,-122.5783384,1328603,,2020-02-29,10,0,Zillow ZIP-level market for San Anselmo; mapped with Census 2020 ZCTA 94960 in Marin County.,,,,
94904 Kentfield,zcta,94904,Kentfield,37.9472249,-122.5517753,2023673,,2020-02-29,10,0,Zillow ZIP-level market for Kentfield; mapped with Census 2020 ZCTA 94904 in Marin County.,,,,
94920 Tiburon,zcta,94920,Tiburon,37.8867683,-122.4626194,2768465,,2020-02-29,10,0,Zillow ZIP-level market for Tiburon; mapped with Census 2020 ZCTA 94920 in Marin County.,,,,
94965 Sausalito,zcta,94965,Sausalito,37.8373471,-122.5274824,1751088,3050,2020-02-29,10,0,Zillow ZIP-level market for Sausalito; mapped with Census 2020 ZCTA 94965 in Marin County.,,3050,Zillow ZORI,
94925 Corte Madera,zcta,94925,Corte Madera,37.9318458,-122.5077378,1491991,,2020-02-29,10,0,Zillow ZIP-level market for Corte Madera; mapped with Census 2020 ZCTA 94925 in Marin County.,,,,
94930 Fairfax,zcta,94930,Fairfax,37.9697928,-122.61533,1049019,,2020-02-29,10,0,Zillow ZIP-level market for Fairfax; mapped with Census 2020 ZCTA 94930 in Marin County.,,,,
94939 Larkspur,zcta,94939,Larkspur,37.9382519,-122.5359478,2035594,,2020-02-29,10,0,Zillow ZIP-level market for Larkspur; mapped with Census 2020 ZCTA 94939 in Marin County.,,,,
94957 Ross,zcta,94957,Ross,37.9634213,-122.5618079,3133227,,2020-02-29,10,0,Zillow ZIP-level market for Ross; mapped with Census 2020 ZCTA 94957 in Marin County.,,,,
94937 Point Reyes Station,zcta,94937,Point Reyes Station,38.1164824,-122.930353,1234477,,2020-02-29,10,0,Zillow ZIP-level market for Point Reyes Station; mapped with Census 2020 ZCTA 94937 in Marin County.,,,,
94924 Bolinas,zcta,94924,Bolinas,37.9669044,-122.7388158,1751463,,2020-02-29,10,0,Zillow ZIP-level market for Bolinas; mapped with Census 2020 ZCTA 94924 in Marin County.,,,,
94963 Lagunitas,zcta,94963,Lagunitas,38.00761,-122.6647483,1018163,,2020-02-29,10,0,Zillow ZIP-level market for Lagunitas; mapped with Census 2020 ZCTA 94963 in Marin County.,,,,
94973 Woodacre,zcta,94973,Woodacre,38.0125906,-122.6394,902737,,2020-02-29,10,0,Zillow ZIP-level market for Woodacre; mapped with Census 2020 ZCTA 94973 in Marin County.,,,,
94946 Nicasio,zcta,94946,Nicasio,38.0747338,-122.6952645,1613808,,2020-02-29,10,0,Zillow ZIP-level market for Nicasio; mapped with Census 2020 ZCTA 94946 in Marin County.,,,,
94938 Bolinas,zcta,94938,Bolinas,38.0302365,-122.7295132,859079,,2020-02-29,10,0,Zillow ZIP-level market for Bolinas; mapped with Census 2020 ZCTA 94938 in Marin County.,,,,
94970 Stinson Beach,zcta,94970,Stinson Beach,37.9258817,-122.6598334,2255685,,2020-02-29,10,0,Zillow ZIP-level market for Stinson Beach; mapped with Census 2020 ZCTA 94970 in Marin County.,,,,
94956 Point Reyes Station,zcta,94956,Point Reyes Station,38.0214541,-122.81817,1125391,,2020-02-29,10,0,Zillow ZIP-level market for Point Reyes Station; mapped with Census 2020 ZCTA 94956 in Marin County.,,,,
94940 Marshall,zcta,94940,Marshall,38.2039708,-122.8914816,1298512,,2020-02-29,10,0,Zillow ZIP-level market for Marshall; mapped with Census 2020 ZCTA 94940 in Marin County.,,,,
94933 Lagunitas,zcta,94933,Lagunitas,38.0175021,-122.688148,783418,,2020-02-29,10,0,Zillow ZIP-level market for Lagunitas; mapped with Census 2020 ZCTA 94933 in Marin County.,,,,
94971 Tomales,zcta,94971,Tomales,38.2330285,-122.8969589,915156,,2020-02-29,10,0,Zillow ZIP-level market for Tomales; mapped with Census 2020 ZCTA 94971 in Marin County.,,,,
94929 nan,zcta,94929,nan,38.2545284,-122.9623709,1052544,,2020-02-29,10,0,Zillow ZIP-level market for nan; mapped with Census 2020 ZCTA 94929 in Marin County.,,,,
94901 San Rafael,zcta,94901,San Rafael,37.980709,-122.5006058,1229402,2356,2020-03-31,10,0,Zillow ZIP-level market for San Rafael; mapped with Census 2020 ZCTA 94901 in Marin County.,,2356,Zillow ZORI,
94941 Mill Valley,zcta,94941,Mill Valley,37.9247747,-122.6001828,1741612,3216,2020-03-31,10,0,Zillow ZIP-level market for Mill Valley; mapped with Census 2020 ZCTA 94941 in Marin County.,,3216,Zillow ZORI,
94903 San Rafael,zcta,94903,San Rafael,38.0221295,-122.55881,1049484,,2020-03-31,10,0,Zillow ZIP-level market for San Rafael; mapped with Census 2020 ZCTA 94903 in Marin County.,,,,
94947 Novato,zcta,94947,Novato,38.1061995,-122.6249851,853707,,2020-03-31,10,0,Zillow ZIP-level market for Novato; mapped with Census 2020 ZCTA 94947 in Marin County.,,,,
94949 Novato,zcta,94949,Novato,38.0600944,-122.5064097,1014618,,2020-03-31,10,0,Zillow ZIP-level market for Novato; mapped with Census 2020 ZCTA 94949 in Marin County.,,,,
94945 Novato,zcta,94945,Novato,38.1226869,-122.5531417,886989,,2020-03-31,10,0,Zillow ZIP-level market for Novato; mapped with Census 2020 ZCTA 94945 in Marin County.,,,,
94960 San Anselmo,zcta,94960,San Anselmo,37.9970232,-122.5783384,1339809,,2020-03-31,10,0,Zillow ZIP-level market for San Anselmo; mapped with Census 2020 ZCTA 94960 in Marin County.,,,,
94904 Kentfield,zcta,94904,Kentfield,37.9472249,-122.5517753,2040661,,2020-03-31,10,0,Zillow ZIP-level market for Kentfield; mapped with Census 2020 ZCTA 94904 in Marin County.,,,,
94920 Tiburon,zcta,94920,Tiburon,37.8867683,-122.4626194,2783550,,2020-03-31,10,0,Zillow ZIP-level market for Tiburon; mapped with Census 2020 ZCTA 94920 in Marin County.,,,,
94965 Sausalito,zcta,94965,Sausalito,37.8373471,-122.5274824,1771854,3056,2020-03-31,10,0,Zillow ZIP-level market for Sausalito; mapped with Census 2020 ZCTA 94965 in Marin County.,,3056,Zillow ZORI,
94925 Corte Madera,zcta,94925,Corte Madera,37.9318458,-122.5077378,1506621,,2020-03-31,10,0,Zillow ZIP-level market for Corte Madera; mapped with Census 2020 ZCTA 94925 in Marin County.,,,,
94930 Fairfax,zcta,94930,Fairfax,37.9697928,-122.61533,1053625,,2020-03-31,10,0,Zillow ZIP-level market for Fairfax; mapped with Census 2020 ZCTA 94930 in Marin County.,,,,
94939 Larkspur,zcta,94939,Larkspur,37.9382519,-122.5359478,2050253,,2020-03-31,10,0,Zillow ZIP-level market for Larkspur; mapped with Census 2020 ZCTA 94939 in Marin County.,,,,
94957 Ross,zcta,94957,Ross,37.9634213,-122.5618079,3161939,,2020-03-31,10,0,Zillow ZIP-level market for Ross; mapped with Census 2020 ZCTA 94957 in Marin County.,,,,
94937 Point Reyes Station,zcta,94937,Point Reyes Station,38.1164824,-122.930353,1250193,,2020-03-31,10,0,Zillow ZIP-level market for Point Reyes Station; mapped with Census 2020 ZCTA 94937 in Marin County.,,,,
94924 Bolinas,zcta,94924,Bolinas,37.9669044,-122.7388158,1802453,,2020-03-31,10,0,Zillow ZIP-level market for Bolinas; mapped with Census 2020 ZCTA 94924 in Marin County.,,,,
94963 Lagunitas,zcta,94963,Lagunitas,38.00761,-122.6647483,1022943,,2020-03-31,10,0,Zillow ZIP-level market for Lagunitas; mapped with Census 2020 ZCTA 94963 in Marin County.,,,,
94973 Woodacre,zcta,94973,Woodacre,38.0125906,-122.6394,914364,,2020-03-31,10,0,Zillow ZIP-level market for Woodacre; mapped with Census 2020 ZCTA 94973 in Marin County.,,,,
94946 Nicasio,zcta,94946,Nicasio,38.0747338,-122.6952645,1613394,,2020-03-31,10,0,Zillow ZIP-level market for Nicasio; mapped with Census 2020 ZCTA 94946 in Marin County.,,,,
94938 Bolinas,zcta,94938,Bolinas,38.0302365,-122.7295132,859205,,2020-03-31,10,0,Zillow ZIP-level market for Bolinas; mapped with Census 2020 ZCTA 94938 in Marin County.,,,,
94970 Stinson Beach,zcta,94970,Stinson Beach,37.9258817,-122.6598334,2292149,,2020-03-31,10,0,Zillow ZIP-level market for Stinson Beach; mapped with Census 2020 ZCTA 94970 in Marin County.,,,,
94956 Point Reyes Station,zcta,94956,Point Reyes Station,38.0214541,-122.81817,1136842,,2020-03-31,10,0,Zillow ZIP-level market for Point Reyes Station; mapped with Census 2020 ZCTA 94956 in Marin County.,,,,
94940 Marshall,zcta,94940,Marshall,38.2039708,-122.8914816,1334036,,2020-03-31,10,0,Zillow ZIP-level market for Marshall; mapped with Census 2020 ZCTA 94940 in Marin County.,,,,
94933 Lagunitas,zcta,94933,Lagunitas,38.0175021,-122.688148,794260,,2020-03-31,10,0,Zillow ZIP-level market for Lagunitas; mapped with Census 2020 ZCTA 94933 in Marin County.,,,,
94971 Tomales,zcta,94971,Tomales,38.2330285,-122.8969589,908357,,2020-03-31,10,0,Zillow ZIP-level market for Tomales; mapped with Census 2020 ZCTA 94971 in Marin County.,,,,
94929 nan,zcta,94929,nan,38.2545284,-122.9623709,1052792,,2020-03-31,10,0,Zillow ZIP-level market for nan; mapped with Census 2020 ZCTA 94929 in Marin County.,,,,
94901 San Rafael,zcta,94901,San Rafael,37.980709,-122.5006058,1234831,2329,2020-04-30,10,0,Zillow ZIP-level market for San Rafael; mapped with Census 2020 ZCTA 94901 in Marin County.,,2329,Zillow ZORI,
94941 Mill Valley,zcta,94941,Mill Valley,37.9247747,-122.6001828,1753645,3216,2020-04-30,10,0,Zillow ZIP-level market for Mill Valley; mapped with Census 2020 ZCTA 94941 in Marin County.,,3216,Zillow ZORI,
94903 San Rafael,zcta,94903,San Rafael,38.0221295,-122.55881,1057277,2487,2020-04-30,10,0,Zillow ZIP-level market for San Rafael; mapped with Census 2020 ZCTA 94903 in Marin County.,,2487,Zillow ZORI,
94947 Novato,zcta,94947,Novato,38.1061995,-122.6249851,859606,,2020-04-30,10,0,Zillow ZIP-level market for Novato; mapped with Census 2020 ZCTA 94947 in Marin County.,,,,
94949 Novato,zcta,94949,Novato,38.0600944,-122.5064097,1022964,,2020-04-30,10,0,Zillow ZIP-level market for Novato; mapped with Census 2020 ZCTA 94949 in Marin County.,,,,
94945 Novato,zcta,94945,Novato,38.1226869,-122.5531417,885771,,2020-04-30,10,0,Zillow ZIP-level market for Novato; mapped with Census 2020 ZCTA 94945 in Marin County.,,,,
94960 San Anselmo,zcta,94960,San Anselmo,37.9970232,-122.5783384,1349060,,2020-04-30,10,0,Zillow ZIP-level market for San Anselmo; mapped with Census 2020 ZCTA 94960 in Marin County.,,,,
94904 Kentfield,zcta,94904,Kentfield,37.9472249,-122.5517753,2054474,,2020-04-30,10,0,Zillow ZIP-level market for Kentfield; mapped with Census 2020 ZCTA 94904 in Marin County.,,,,
94920 Tiburon,zcta,94920,Tiburon,37.8867683,-122.4626194,2801137,,2020-04-30,10,0,Zillow ZIP-level market for Tiburon; mapped with Census 2020 ZCTA 94920 in Marin County.,,,,
94965 Sausalito,zcta,94965,Sausalito,37.8373471,-122.5274824,1783350,3026,2020-04-30,10,0,Zillow ZIP-level market for Sausalito; mapped with Census 2020 ZCTA 94965 in Marin County.,,3026,Zillow ZORI,
94925 Corte Madera,zcta,94925,Corte Madera,37.9318458,-122.5077378,1519219,,2020-04-30,10,0,Zillow ZIP-level market for Corte Madera; mapped with Census 2020 ZCTA 94925 in Marin County.,,,,
94930 Fairfax,zcta,94930,Fairfax,37.9697928,-122.61533,1055268,,2020-04-30,10,0,Zillow ZIP-level market for Fairfax; mapped with Census 2020 ZCTA 94930 in Marin County.,,,,
94939 Larkspur,zcta,94939,Larkspur,37.9382519,-122.5359478,2070864,,2020-04-30,10,0,Zillow ZIP-level market for Larkspur; mapped with Census 2020 ZCTA 94939 in Marin County.,,,,
94957 Ross,zcta,94957,Ross,37.9634213,-122.5618079,3181473,,2020-04-30,10,0,Zillow ZIP-level market for Ross; mapped with Census 2020 ZCTA 94957 in Marin County.,,,,
94937 Point Reyes Station,zcta,94937,Point Reyes Station,38.1164824,-122.930353,1267714,,2020-04-30,10,0,Zillow ZIP-level market for Point Reyes Station; mapped with Census 2020 ZCTA 94937 in Marin County.,,,,
94924 Bolinas,zcta,94924,Bolinas,37.9669044,-122.7388158,1834652,,2020-04-30,10,0,Zillow ZIP-level market for Bolinas; mapped with Census 2020 ZCTA 94924 in Marin County.,,,,
94963 Lagunitas,zcta,94963,Lagunitas,38.00761,-122.6647483,1027906,,2020-04-30,10,0,Zillow ZIP-level market for Lagunitas; mapped with Census 2020 ZCTA 94963 in Marin County.,,,,
94973 Woodacre,zcta,94973,Woodacre,38.0125906,-122.6394,921282,,2020-04-30,10,0,Zillow ZIP-level market for Woodacre; mapped with Census 2020 ZCTA 94973 in Marin County.,,,,
94946 Nicasio,zcta,94946,Nicasio,38.0747338,-122.6952645,1612727,,2020-04-30,10,0,Zillow ZIP-level market for Nicasio; mapped with Census 2020 ZCTA 94946 in Marin County.,,,,
94938 Bolinas,zcta,94938,Bolinas,38.0302365,-122.7295132,859891,,2020-04-30,10,0,Zillow ZIP-level market for Bolinas; mapped with Census 2020 ZCTA 94938 in Marin County.,,,,
94970 Stinson Beach,zcta,94970,Stinson Beach,37.9258817,-122.6598334,2320719,,2020-04-30,10,0,Zillow ZIP-level market for Stinson Beach; mapped with Census 2020 ZCTA 94970 in Marin County.,,,,
94956 Point Reyes Station,zcta,94956,Point Reyes Station,38.0214541,-122.81817,1151350,,2020-04-30,10,0,Zillow ZIP-level market for Point Reyes Station; mapped with Census 2020 ZCTA 94956 in Marin County.,,,,
94940 Marshall,zcta,94940,Marshall,38.2039708,-122.8914816,1372704,,2020-04-30,10,0,Zillow ZIP-level market for Marshall; mapped with Census 2020 ZCTA 94940 in Marin County.,,,,
94933 Lagunitas,zcta,94933,Lagunitas,38.0175021,-122.688148,802098,,2020-04-30,10,0,Zillow ZIP-level market for Lagunitas; mapped with Census 2020 ZCTA 94933 in Marin County.,,,,
94971 Tomales,zcta,94971,Tomales,38.2330285,-122.8969589,903372,,2020-04-30,10,0,Zillow ZIP-level market for Tomales; mapped with Census 2020 ZCTA 94971 in Marin County.,,,,
94929 nan,zcta,94929,nan,38.2545284,-122.9623709,1054404,,2020-04-30,10,0,Zillow ZIP-level market for nan; mapped with Census 2020 ZCTA 94929 in Marin County.,,,,
94901 San Rafael,zcta,94901,San Rafael,37.980709,-122.5006058,1230861,2317,2020-05-31,10,0,Zillow ZIP-level market for San Rafael; mapped with Census 2020 ZCTA 94901 in Marin County.,,2317,Zillow ZORI,
94941 Mill Valley,zcta,94941,Mill Valley,37.9247747,-122.6001828,1750458,3202,2020-05-31,10,0,Zillow ZIP-level market for Mill Valley; mapped with Census 2020 ZCTA 94941 in Marin County.,,3202,Zillow ZORI,
94903 San Rafael,zcta,94903,San Rafael,38.0221295,-122.55881,1056120,2579,2020-05-31,10,0,Zillow ZIP-level market for San Rafael; mapped with Census 2020 ZCTA 94903 in Marin County.,,2579,Zillow ZORI,
94947 Novato,zcta,94947,Novato,38.1061995,-122.6249851,856856,,2020-05-31,10,0,Zillow ZIP-level market for Novato; mapped with Census 2020 ZCTA 94947 in Marin County.,,,,
94949 Novato,zcta,94949,Novato,38.0600944,-122.5064097,1022298,,2020-05-31,10,0,Zillow ZIP-level market for Novato; mapped with Census 2020 ZCTA 94949 in Marin County.,,,,
94945 Novato,zcta,94945,Novato,38.1226869,-122.5531417,879931,,2020-05-31,10,0,Zillow ZIP-level market for Novato; mapped with Census 2020 ZCTA 94945 in Marin County.,,,,
94960 San Anselmo,zcta,94960,San Anselmo,37.9970232,-122.5783384,1347242,,2020-05-31,10,0,Zillow ZIP-level market for San Anselmo; mapped with Census 2020 ZCTA 94960 in Marin County.,,,,
94904 Kentfield,zcta,94904,Kentfield,37.9472249,-122.5517753,2054413,,2020-05-31,10,0,Zillow ZIP-level market for Kentfield; mapped with Census 2020 ZCTA 94904 in Marin County.,,,,
94920 Tiburon,zcta,94920,Tiburon,37.8867683,-122.4626194,2808773,,2020-05-31,10,0,Zillow ZIP-level market for Tiburon; mapped with Census 2020 ZCTA 94920 in Marin County.,,,,
94965 Sausalito,zcta,94965,Sausalito,37.8373471,-122.5274824,1785585,2952,2020-05-31,10,0,Zillow ZIP-level market for Sausalito; mapped with Census 2020 ZCTA 94965 in Marin County.,,2952,Zillow ZORI,
94925 Corte Madera,zcta,94925,Corte Madera,37.9318458,-122.5077378,1519949,,2020-05-31,10,0,Zillow ZIP-level market for Corte Madera; mapped with Census 2020 ZCTA 94925 in Marin County.,,,,
94930 Fairfax,zcta,94930,Fairfax,37.9697928,-122.61533,1049425,,2020-05-31,10,0,Zillow ZIP-level market for Fairfax; mapped with Census 2020 ZCTA 94930 in Marin County.,,,,
94939 Larkspur,zcta,94939,Larkspur,37.9382519,-122.5359478,2079689,,2020-05-31,10,0,Zillow ZIP-level market for Larkspur; mapped with Census 2020 ZCTA 94939 in Marin County.,,,,
94957 Ross,zcta,94957,Ross,37.9634213,-122.5618079,3182689,,2020-05-31,10,0,Zillow ZIP-level market for Ross; mapped with Census 2020 ZCTA 94957 in Marin County.,,,,
94937 Point Reyes Station,zcta,94937,Point Reyes Station,38.1164824,-122.930353,1274985,,2020-05-31,10,0,Zillow ZIP-level market for Point Reyes Station; mapped with Census 2020 ZCTA 94937 in Marin County.,,,,
94924 Bolinas,zcta,94924,Bolinas,37.9669044,-122.7388158,1830840,,2020-05-31,10,0,Zillow ZIP-level market for Bolinas; mapped with Census 2020 ZCTA 94924 in Marin County.,,,,
94963 Lagunitas,zcta,94963,Lagunitas,38.00761,-122.6647483,1025272,,2020-05-31,10,0,Zillow ZIP-level market for Lagunitas; mapped with Census 2020 ZCTA 94963 in Marin County.,,,,
94973 Woodacre,zcta,94973,Woodacre,38.0125906,-122.6394,918257,,2020-05-31,10,0,Zillow ZIP-level market for Woodacre; mapped with Census 2020 ZCTA 94973 in Marin County.,,,,
94946 Nicasio,zcta,94946,Nicasio,38.0747338,-122.6952645,1609511,,2020-05-31,10,0,Zillow ZIP-level market for Nicasio; mapped with Census 2020 ZCTA 94946 in Marin County.,,,,
94938 Bolinas,zcta,94938,Bolinas,38.0302365,-122.7295132,853602,,2020-05-31,10,0,Zillow ZIP-level market for Bolinas; mapped with Census 2020 ZCTA 94938 in Marin County.,,,,
94970 Stinson Beach,zcta,94970,Stinson Beach,37.9258817,-122.6598334,2330992,,2020-05-31,10,0,Zillow ZIP-level market for Stinson Beach; mapped with Census 2020 ZCTA 94970 in Marin County.,,,,
94956 Point Reyes Station,zcta,94956,Point Reyes Station,38.0214541,-122.81817,1159882,,2020-05-31,10,0,Zillow ZIP-level market for Point Reyes Station; mapped with Census 2020 ZCTA 94956 in Marin County.,,,,
94940 Marshall,zcta,94940,Marshall,38.2039708,-122.8914816,1393067,,2020-05-31,10,0,Zillow ZIP-level market for Marshall; mapped with Census 2020 ZCTA 94940 in Marin County.,,,,
94933 Lagunitas,zcta,94933,Lagunitas,38.0175021,-122.688148,802179,,2020-05-31,10,0,Zillow ZIP-level market for Lagunitas; mapped with Census 2020 ZCTA 94933 in Marin County.,,,,
94971 Tomales,zcta,94971,Tomales,38.2330285,-122.8969589,894576,,2020-05-31,10,0,Zillow ZIP-level market for Tomales; mapped with Census 2020 ZCTA 94971 in Marin County.,,,,
94929 nan,zcta,94929,nan,38.2545284,-122.9623709,1054427,,2020-05-31,10,0,Zillow ZIP-level market for nan; mapped with Census 2020 ZCTA 94929 in Marin County.,,,,
94901 San Rafael,zcta,94901,San Rafael,37.980709,-122.5006058,1222151,2308,2020-06-30,10,0,Zillow ZIP-level market for San Rafael; mapped with Census 2020 ZCTA 94901 in Marin County.,,2308,Zillow ZORI,
94941 Mill Valley,zcta,94941,Mill Valley,37.9247747,-122.6001828,1741508,3286,2020-06-30,10,0,Zillow ZIP-level market for Mill Valley; mapped with Census 2020 ZCTA 94941 in Marin County.,,3286,Zillow ZORI,
94903 San Rafael,zcta,94903,San Rafael,38.0221295,-122.55881,1049056,2577,2020-06-30,10,0,Zillow ZIP-level market for San Rafael; mapped with Census 2020 ZCTA 94903 in Marin County.,,2577,Zillow ZORI,
94947 Novato,zcta,94947,Novato,38.1061995,-122.6249851,850541,,2020-06-30,10,0,Zillow ZIP-level market for Novato; mapped with Census 2020 ZCTA 94947 in Marin County.,,,,
94949 Novato,zcta,94949,Novato,38.0600944,-122.5064097,1017553,,2020-06-30,10,0,Zillow ZIP-level market for Novato; mapped with Census 2020 ZCTA 94949 in Marin County.,,,,
94945 Novato,zcta,94945,Novato,38.1226869,-122.5531417,871769,,2020-06-30,10,0,Zillow ZIP-level market for Novato; mapped with Census 2020 ZCTA 94945 in Marin County.,,,,
94960 San Anselmo,zcta,94960,San Anselmo,37.9970232,-122.5783384,1340472,,2020-06-30,10,0,Zillow ZIP-level market for San Anselmo; mapped with Census 2020 ZCTA 94960 in Marin County.,,,,
94904 Kentfield,zcta,94904,Kentfield,37.9472249,-122.5517753,2042320,,2020-06-30,10,0,Zillow ZIP-level market for Kentfield; mapped with Census 2020 ZCTA 94904 in Marin County.,,,,
94920 Tiburon,zcta,94920,Tiburon,37.8867683,-122.4626194,2796399,,2020-06-30,10,0,Zillow ZIP-level market for Tiburon; mapped with Census 2020 ZCTA 94920 in Marin County.,,,,
94965 Sausalito,zcta,94965,Sausalito,37.8373471,-122.5274824,1778478,2909,2020-06-30,10,0,Zillow ZIP-level market for Sausalito; mapped with Census 2020 ZCTA 94965 in Marin County.,,2909,Zillow ZORI,
94925 Corte Madera,zcta,94925,Corte Madera,37.9318458,-122.5077378,1510835,,2020-06-30,10,0,Zillow ZIP-level market for Corte Madera; mapped with Census 2020 ZCTA 94925 in Marin County.,,,,
94930 Fairfax,zcta,94930,Fairfax,37.9697928,-122.61533,1038699,,2020-06-30,10,0,Zillow ZIP-level market for Fairfax; mapped with Census 2020 ZCTA 94930 in Marin County.,,,,
94939 Larkspur,zcta,94939,Larkspur,37.9382519,-122.5359478,2076374,,2020-06-30,10,0,Zillow ZIP-level market for Larkspur; mapped with Census 2020 ZCTA 94939 in Marin County.,,,,
94957 Ross,zcta,94957,Ross,37.9634213,-122.5618079,3168801,,2020-06-30,10,0,Zillow ZIP-level market for Ross; mapped with Census 2020 ZCTA 94957 in Marin County.,,,,
94937 Point Reyes Station,zcta,94937,Point Reyes Station,38.1164824,-122.930353,1270432,,2020-06-30,10,0,Zillow ZIP-level market for Point Reyes Station; mapped with Census 2020 ZCTA 94937 in Marin County.,,,,
94924 Bolinas,zcta,94924,Bolinas,37.9669044,-122.7388158,1805651,,2020-06-30,10,0,Zillow ZIP-level market for Bolinas; mapped with Census 2020 ZCTA 94924 in Marin County.,,,,
94963 Lagunitas,zcta,94963,Lagunitas,38.00761,-122.6647483,1018574,,2020-06-30,10,0,Zillow ZIP-level market for Lagunitas; mapped with Census 2020 ZCTA 94963 in Marin County.,,,,
94973 Woodacre,zcta,94973,Woodacre,38.0125906,-122.6394,909128,,2020-06-30,10,0,Zillow ZIP-level market for Woodacre; mapped with Census 2020 ZCTA 94973 in Marin County.,,,,
94946 Nicasio,zcta,94946,Nicasio,38.0747338,-122.6952645,1602537,,2020-06-30,10,0,Zillow ZIP-level market for Nicasio; mapped with Census 2020 ZCTA 94946 in Marin County.,,,,
94938 Bolinas,zcta,94938,Bolinas,38.0302365,-122.7295132,844794,,2020-06-30,10,0,Zillow ZIP-level market for Bolinas; mapped with Census 2020 ZCTA 94938 in Marin County.,,,,
94970 Stinson Beach,zcta,94970,Stinson Beach,37.9258817,-122.6598334,2350562,,2020-06-30,10,0,Zillow ZIP-level market for Stinson Beach; mapped with Census 2020 ZCTA 94970 in Marin County.,,,,
94956 Point Reyes Station,zcta,94956,Point Reyes Station,38.0214541,-122.81817,1161355,,2020-06-30,10,0,Zillow ZIP-level market for Point Reyes Station; mapped with Census 2020 ZCTA 94956 in Marin County.,,,,
94940 Marshall,zcta,94940,Marshall,38.2039708,-122.8914816,1399011,,2020-06-30,10,0,Zillow ZIP-level market for Marshall; mapped with Census 2020 ZCTA 94940 in Marin County.,,,,
94933 Lagunitas,zcta,94933,Lagunitas,38.0175021,-122.688148,798750,,2020-06-30,10,0,Zillow ZIP-level market for Lagunitas; mapped with Census 2020 ZCTA 94933 in Marin County.,,,,
94971 Tomales,zcta,94971,Tomales,38.2330285,-122.8969589,885207,,2020-06-30,10,0,Zillow ZIP-level market for Tomales; mapped with Census 2020 ZCTA 94971 in Marin County.,,,,
94929 nan,zcta,94929,nan,38.2545284,-122.9623709,1052804,,2020-06-30,10,0,Zillow ZIP-level market for nan; mapped with Census 2020 ZCTA 94929 in Marin County.,,,,
94901 San Rafael,zcta,94901,San Rafael,37.980709,-122.5006058,1217206,2326,2020-07-31,10,0,Zillow ZIP-level market for San Rafael; mapped with Census 2020 ZCTA 94901 in Marin County.,,2326,Zillow ZORI,
94941 Mill Valley,zcta,94941,Mill Valley,37.9247747,-122.6001828,1731420,3316,2020-07-31,10,0,Zillow ZIP-level market for Mill Valley; mapped with Census 2020 ZCTA 94941 in Marin County.,,3316,Zillow ZORI,
94903 San Rafael,zcta,94903,San Rafael,38.0221295,-122.55881,1045264,2610,2020-07-31,10,0,Zillow ZIP-level market for San Rafael; mapped with Census 2020 ZCTA 94903 in Marin County.,,2610,Zillow ZORI,
94947 Novato,zcta,94947,Novato,38.1061995,-122.6249851,846990,,2020-07-31,10,0,Zillow ZIP-level market for Novato; mapped with Census 2020 ZCTA 94947 in Marin County.,,,,
94949 Novato,zcta,94949,Novato,38.0600944,-122.5064097,1014779,,2020-07-31,10,0,Zillow ZIP-level market for Novato; mapped with Census 2020 ZCTA 94949 in Marin County.,,,,
94945 Novato,zcta,94945,Novato,38.1226869,-122.5531417,864599,,2020-07-31,10,0,Zillow ZIP-level market for Novato; mapped with Census 2020 ZCTA 94945 in Marin County.,,,,
94960 San Anselmo,zcta,94960,San Anselmo,37.9970232,-122.5783384,1337934,,2020-07-31,10,0,Zillow ZIP-level market for San Anselmo; mapped with Census 2020 ZCTA 94960 in Marin County.,,,,
94904 Kentfield,zcta,94904,Kentfield,37.9472249,-122.5517753,2033050,,2020-07-31,10,0,Zillow ZIP-level market for Kentfield; mapped with Census 2020 ZCTA 94904 in Marin County.,,,,
94920 Tiburon,zcta,94920,Tiburon,37.8867683,-122.4626194,2778352,,2020-07-31,10,0,Zillow ZIP-level market for Tiburon; mapped with Census 2020 ZCTA 94920 in Marin County.,,,,
94965 Sausalito,zcta,94965,Sausalito,37.8373471,-122.5274824,1772756,2955,2020-07-31,10,0,Zillow ZIP-level market for Sausalito; mapped with Census 2020 ZCTA 94965 in Marin County.,,2955,Zillow ZORI,
94925 Corte Madera,zcta,94925,Corte Madera,37.9318458,-122.5077378,1498660,,2020-07-31,10,0,Zillow ZIP-level market for Corte Madera; mapped with Census 2020 ZCTA 94925 in Marin County.,,,,
94930 Fairfax,zcta,94930,Fairfax,37.9697928,-122.61533,1031713,,2020-07-31,10,0,Zillow ZIP-level market for Fairfax; mapped with Census 2020 ZCTA 94930 in Marin County.,,,,
94939 Larkspur,zcta,94939,Larkspur,37.9382519,-122.5359478,2064855,,2020-07-31,10,0,Zillow ZIP-level market for Larkspur; mapped with Census 2020 ZCTA 94939 in Marin County.,,,,
94957 Ross,zcta,94957,Ross,37.9634213,-122.5618079,3163461,,2020-07-31,10,0,Zillow ZIP-level market for Ross; mapped with Census 2020 ZCTA 94957 in Marin County.,,,,
94937 Point Reyes Station,zcta,94937,Point Reyes Station,38.1164824,-122.930353,1261459,,2020-07-31,10,0,Zillow ZIP-level market for Point Reyes Station; mapped with Census 2020 ZCTA 94937 in Marin County.,,,,
94924 Bolinas,zcta,94924,Bolinas,37.9669044,-122.7388158,1773981,,2020-07-31,10,0,Zillow ZIP-level market for Bolinas; mapped with Census 2020 ZCTA 94924 in Marin County.,,,,
94963 Lagunitas,zcta,94963,Lagunitas,38.00761,-122.6647483,1010956,,2020-07-31,10,0,Zillow ZIP-level market for Lagunitas; mapped with Census 2020 ZCTA 94963 in Marin County.,,,,
94973 Woodacre,zcta,94973,Woodacre,38.0125906,-122.6394,905211,,2020-07-31,10,0,Zillow ZIP-level market for Woodacre; mapped with Census 2020 ZCTA 94973 in Marin County.,,,,
94946 Nicasio,zcta,94946,Nicasio,38.0747338,-122.6952645,1594762,,2020-07-31,10,0,Zillow ZIP-level market for Nicasio; mapped with Census 2020 ZCTA 94946 in Marin County.,,,,
94938 Bolinas,zcta,94938,Bolinas,38.0302365,-122.7295132,837695,,2020-07-31,10,0,Zillow ZIP-level market for Bolinas; mapped with Census 2020 ZCTA 94938 in Marin County.,,,,
94970 Stinson Beach,zcta,94970,Stinson Beach,37.9258817,-122.6598334,2387099,,2020-07-31,10,0,Zillow ZIP-level market for Stinson Beach; mapped with Census 2020 ZCTA 94970 in Marin County.,,,,
94956 Point Reyes Station,zcta,94956,Point Reyes Station,38.0214541,-122.81817,1160863,,2020-07-31,10,0,Zillow ZIP-level market for Point Reyes Station; mapped with Census 2020 ZCTA 94956 in Marin County.,,,,
94940 Marshall,zcta,94940,Marshall,38.2039708,-122.8914816,1396391,,2020-07-31,10,0,Zillow ZIP-level market for Marshall; mapped with Census 2020 ZCTA 94940 in Marin County.,,,,
94933 Lagunitas,zcta,94933,Lagunitas,38.0175021,-122.688148,793895,,2020-07-31,10,0,Zillow ZIP-level market for Lagunitas; mapped with Census 2020 ZCTA 94933 in Marin County.,,,,
94971 Tomales,zcta,94971,Tomales,38.2330285,-122.8969589,880631,,2020-07-31,10,0,Zillow ZIP-level market for Tomales; mapped with Census 2020 ZCTA 94971 in Marin County.,,,,
94929 nan,zcta,94929,nan,38.2545284,-122.9623709,1053507,,2020-07-31,10,0,Zillow ZIP-level market for nan; mapped with Census 2020 ZCTA 94929 in Marin County.,,,,
94901 San Rafael,zcta,94901,San Rafael,37.980709,-122.5006058,1221374,2353,2020-08-31,10,0,Zillow ZIP-level market for San Rafael; mapped with Census 2020 ZCTA 94901 in Marin County.,,2353,Zillow ZORI,
94941 Mill Valley,zcta,94941,Mill Valley,37.9247747,-122.6001828,1733537,3317,2020-08-31,10,0,Zillow ZIP-level market for Mill Valley; mapped with Census 2020 ZCTA 94941 in Marin County.,,3317,Zillow ZORI,
94903 San Rafael,zcta,94903,San Rafael,38.0221295,-122.55881,1052514,2631,2020-08-31,10,0,Zillow ZIP-level market for San Rafael; mapped with Census 2020 ZCTA 94903 in Marin County.,,2631,Zillow ZORI,
94947 Novato,zcta,94947,Novato,38.1061995,-122.6249851,850848,,2020-08-31,10,0,Zillow ZIP-level market for Novato; mapped with Census 2020 ZCTA 94947 in Marin County.,,,,
94949 Novato,zcta,94949,Novato,38.0600944,-122.5064097,1019793,,2020-08-31,10,0,Zillow ZIP-level market for Novato; mapped with Census 2020 ZCTA 94949 in Marin County.,,,,
94945 Novato,zcta,94945,Novato,38.1226869,-122.5531417,865255,,2020-08-31,10,0,Zillow ZIP-level market for Novato; mapped with Census 2020 ZCTA 94945 in Marin County.,,,,
94960 San Anselmo,zcta,94960,San Anselmo,37.9970232,-122.5783384,1343449,,2020-08-31,10,0,Zillow ZIP-level market for San Anselmo; mapped with Census 2020 ZCTA 94960 in Marin County.,,,,
94904 Kentfield,zcta,94904,Kentfield,37.9472249,-122.5517753,2034756,,2020-08-31,10,0,Zillow ZIP-level market for Kentfield; mapped with Census 2020 ZCTA 94904 in Marin County.,,,,
94920 Tiburon,zcta,94920,Tiburon,37.8867683,-122.4626194,2780781,,2020-08-31,10,0,Zillow ZIP-level market for Tiburon; mapped with Census 2020 ZCTA 94920 in Marin County.,,,,
94965 Sausalito,zcta,94965,Sausalito,37.8373471,-122.5274824,1768278,2990,2020-08-31,10,0,Zillow ZIP-level market for Sausalito; mapped with Census 2020 ZCTA 94965 in Marin County.,,2990,Zillow ZORI,
94925 Corte Madera,zcta,94925,Corte Madera,37.9318458,-122.5077378,1496199,,2020-08-31,10,0,Zillow ZIP-level market for Corte Madera; mapped with Census 2020 ZCTA 94925 in Marin County.,,,,
94930 Fairfax,zcta,94930,Fairfax,37.9697928,-122.61533,1031687,,2020-08-31,10,0,Zillow ZIP-level market for Fairfax; mapped with Census 2020 ZCTA 94930 in Marin County.,,,,
94939 Larkspur,zcta,94939,Larkspur,37.9382519,-122.5359478,2062054,,2020-08-31,10,0,Zillow ZIP-level market for Larkspur; mapped with Census 2020 ZCTA 94939 in Marin County.,,,,
94957 Ross,zcta,94957,Ross,37.9634213,-122.5618079,3163296,,2020-08-31,10,0,Zillow ZIP-level market for Ross; mapped with Census 2020 ZCTA 94957 in Marin County.,,,,
94937 Point Reyes Station,zcta,94937,Point Reyes Station,38.1164824,-122.930353,1256969,,2020-08-31,10,0,Zillow ZIP-level market for Point Reyes Station; mapped with Census 2020 ZCTA 94937 in Marin County.,,,,
94924 Bolinas,zcta,94924,Bolinas,37.9669044,-122.7388158,1751432,,2020-08-31,10,0,Zillow ZIP-level market for Bolinas; mapped with Census 2020 ZCTA 94924 in Marin County.,,,,
94963 Lagunitas,zcta,94963,Lagunitas,38.00761,-122.6647483,1012474,,2020-08-31,10,0,Zillow ZIP-level market for Lagunitas; mapped with Census 2020 ZCTA 94963 in Marin County.,,,,
94973 Woodacre,zcta,94973,Woodacre,38.0125906,-122.6394,908259,,2020-08-31,10,0,Zillow ZIP-level market for Woodacre; mapped with Census 2020 ZCTA 94973 in Marin County.,,,,
94946 Nicasio,zcta,94946,Nicasio,38.0747338,-122.6952645,1603502,,2020-08-31,10,0,Zillow ZIP-level market for Nicasio; mapped with Census 2020 ZCTA 94946 in Marin County.,,,,
94938 Bolinas,zcta,94938,Bolinas,38.0302365,-122.7295132,839531,,2020-08-31,10,0,Zillow ZIP-level market for Bolinas; mapped with Census 2020 ZCTA 94938 in Marin County.,,,,
94970 Stinson Beach,zcta,94970,Stinson Beach,37.9258817,-122.6598334,2430443,,2020-08-31,10,0,Zillow ZIP-level market for Stinson Beach; mapped with Census 2020 ZCTA 94970 in Marin County.,,,,
94956 Point Reyes Station,zcta,94956,Point Reyes Station,38.0214541,-122.81817,1165668,,2020-08-31,10,0,Zillow ZIP-level market for Point Reyes Station; mapped with Census 2020 ZCTA 94956 in Marin County.,,,,
94940 Marshall,zcta,94940,Marshall,38.2039708,-122.8914816,1396650,,2020-08-31,10,0,Zillow ZIP-level market for Marshall; mapped with Census 2020 ZCTA 94940 in Marin County.,,,,
94933 Lagunitas,zcta,94933,Lagunitas,38.0175021,-122.688148,791002,,2020-08-31,10,0,Zillow ZIP-level market for Lagunitas; mapped with Census 2020 ZCTA 94933 in Marin County.,,,,
94971 Tomales,zcta,94971,Tomales,38.2330285,-122.8969589,887634,,2020-08-31,10,0,Zillow ZIP-level market for Tomales; mapped with Census 2020 ZCTA 94971 in Marin County.,,,,
94929 nan,zcta,94929,nan,38.2545284,-122.9623709,1059531,,2020-08-31,10,0,Zillow ZIP-level market for nan; mapped with Census 2020 ZCTA 94929 in Marin County.,,,,
94901 San Rafael,zcta,94901,San Rafael,37.980709,-122.5006058,1236216,2367,2020-09-30,10,0,Zillow ZIP-level market for San Rafael; mapped with Census 2020 ZCTA 94901 in Marin County.,,2367,Zillow ZORI,
94941 Mill Valley,zcta,94941,Mill Valley,37.9247747,-122.6001828,1750527,3326,2020-09-30,10,0,Zillow ZIP-level market for Mill Valley; mapped with Census 2020 ZCTA 94941 in Marin County.,,3326,Zillow ZORI,
94903 San Rafael,zcta,94903,San Rafael,38.0221295,-122.55881,1072688,2648,2020-09-30,10,0,Zillow ZIP-level market for San Rafael; mapped with Census 2020 ZCTA 94903 in Marin County.,,2648,Zillow ZORI,
94947 Novato,zcta,94947,Novato,38.1061995,-122.6249851,862428,,2020-09-30,10,0,Zillow ZIP-level market for Novato; mapped with Census 2020 ZCTA 94947 in Marin County.,,,,
94949 Novato,zcta,94949,Novato,38.0600944,-122.5064097,1032183,,2020-09-30,10,0,Zillow ZIP-level market for Novato; mapped with Census 2020 ZCTA 94949 in Marin County.,,,,
94945 Novato,zcta,94945,Novato,38.1226869,-122.5531417,874226,,2020-09-30,10,0,Zillow ZIP-level market for Novato; mapped with Census 2020 ZCTA 94945 in Marin County.,,,,
94960 San Anselmo,zcta,94960,San Anselmo,37.9970232,-122.5783384,1357039,,2020-09-30,10,0,Zillow ZIP-level market for San Anselmo; mapped with Census 2020 ZCTA 94960 in Marin County.,,,,
94904 Kentfield,zcta,94904,Kentfield,37.9472249,-122.5517753,2057966,,2020-09-30,10,0,Zillow ZIP-level market for Kentfield; mapped with Census 2020 ZCTA 94904 in Marin County.,,,,
94920 Tiburon,zcta,94920,Tiburon,37.8867683,-122.4626194,2819026,,2020-09-30,10,0,Zillow ZIP-level market for Tiburon; mapped with Census 2020 ZCTA 94920 in Marin County.,,,,
94965 Sausalito,zcta,94965,Sausalito,37.8373471,-122.5274824,1778750,3053,2020-09-30,10,0,Zillow ZIP-level market for Sausalito; mapped with Census 2020 ZCTA 94965 in Marin County.,,3053,Zillow ZORI,
94925 Corte Madera,zcta,94925,Corte Madera,37.9318458,-122.5077378,1508550,,2020-09-30,10,0,Zillow ZIP-level market for Corte Madera; mapped with Census 2020 ZCTA 94925 in Marin County.,,,,
94930 Fairfax,zcta,94930,Fairfax,37.9697928,-122.61533,1041206,,2020-09-30,10,0,Zillow ZIP-level market for Fairfax; mapped with Census 2020 ZCTA 94930 in Marin County.,,,,
94939 Larkspur,zcta,94939,Larkspur,37.9382519,-122.5359478,2077971,,2020-09-30,10,0,Zillow ZIP-level market for Larkspur; mapped with Census 2020 ZCTA 94939 in Marin County.,,,,
94957 Ross,zcta,94957,Ross,37.9634213,-122.5618079,3184910,,2020-09-30,10,0,Zillow ZIP-level market for Ross; mapped with Census 2020 ZCTA 94957 in Marin County.,,,,
94937 Point Reyes Station,zcta,94937,Point Reyes Station,38.1164824,-122.930353,1262814,,2020-09-30,10,0,Zillow ZIP-level market for Point Reyes Station; mapped with Census 2020 ZCTA 94937 in Marin County.,,,,
94924 Bolinas,zcta,94924,Bolinas,37.9669044,-122.7388158,1748790,,2020-09-30,10,0,Zillow ZIP-level market for Bolinas; mapped with Census 2020 ZCTA 94924 in Marin County.,,,,
94963 Lagunitas,zcta,94963,Lagunitas,38.00761,-122.6647483,1023213,,2020-09-30,10,0,Zillow ZIP-level market for Lagunitas; mapped with Census 2020 ZCTA 94963 in Marin County.,,,,
94973 Woodacre,zcta,94973,Woodacre,38.0125906,-122.6394,919696,,2020-09-30,10,0,Zillow ZIP-level market for Woodacre; mapped with Census 2020 ZCTA 94973 in Marin County.,,,,
94946 Nicasio,zcta,94946,Nicasio,38.0747338,-122.6952645,1633084,,2020-09-30,10,0,Zillow ZIP-level market for Nicasio; mapped with Census 2020 ZCTA 94946 in Marin County.,,,,
94938 Bolinas,zcta,94938,Bolinas,38.0302365,-122.7295132,849716,,2020-09-30,10,0,Zillow ZIP-level market for Bolinas; mapped with Census 2020 ZCTA 94938 in Marin County.,,,,
94970 Stinson Beach,zcta,94970,Stinson Beach,37.9258817,-122.6598334,2470507,,2020-09-30,10,0,Zillow ZIP-level market for Stinson Beach; mapped with Census 2020 ZCTA 94970 in Marin County.,,,,
94956 Point Reyes Station,zcta,94956,Point Reyes Station,38.0214541,-122.81817,1182117,,2020-09-30,10,0,Zillow ZIP-level market for Point Reyes Station; mapped with Census 2020 ZCTA 94956 in Marin County.,,,,
94940 Marshall,zcta,94940,Marshall,38.2039708,-122.8914816,1401998,,2020-09-30,10,0,Zillow ZIP-level market for Marshall; mapped with Census 2020 ZCTA 94940 in Marin County.,,,,
94933 Lagunitas,zcta,94933,Lagunitas,38.0175021,-122.688148,791864,,2020-09-30,10,0,Zillow ZIP-level market for Lagunitas; mapped with Census 2020 ZCTA 94933 in Marin County.,,,,
94971 Tomales,zcta,94971,Tomales,38.2330285,-122.8969589,903390,,2020-09-30,10,0,Zillow ZIP-level market for Tomales; mapped with Census 2020 ZCTA 94971 in Marin County.,,,,
94929 nan,zcta,94929,nan,38.2545284,-122.9623709,1071018,,2020-09-30,10,0,Zillow ZIP-level market for nan; mapped with Census 2020 ZCTA 94929 in Marin County.,,,,
94901 San Rafael,zcta,94901,San Rafael,37.980709,-122.5006058,1256209,2370,2020-10-31,10,0,Zillow ZIP-level market for San Rafael; mapped with Census 2020 ZCTA 94901 in Marin County.,,2370,Zillow ZORI,
94941 Mill Valley,zcta,94941,Mill Valley,37.9247747,-122.6001828,1778099,3353,2020-10-31,10,0,Zillow ZIP-level market for Mill Valley; mapped with Census 2020 ZCTA 94941 in Marin County.,,3353,Zillow ZORI,
94903 San Rafael,zcta,94903,San Rafael,38.0221295,-122.55881,1099447,2604,2020-10-31,10,0,Zillow ZIP-level market for San Rafael; mapped with Census 2020 ZCTA 94903 in Marin County.,,2604,Zillow ZORI,
94947 Novato,zcta,94947,Novato,38.1061995,-122.6249851,876766,,2020-10-31,10,0,Zillow ZIP-level market for Novato; mapped with Census 2020 ZCTA 94947 in Marin County.,,,,
94949 Novato,zcta,94949,Novato,38.0600944,-122.5064097,1049146,,2020-10-31,10,0,Zillow ZIP-level market for Novato; mapped with Census 2020 ZCTA 94949 in Marin County.,,,,
94945 Novato,zcta,94945,Novato,38.1226869,-122.5531417,888758,,2020-10-31,10,0,Zillow ZIP-level market for Novato; mapped with Census 2020 ZCTA 94945 in Marin County.,,,,
94960 San Anselmo,zcta,94960,San Anselmo,37.9970232,-122.5783384,1376110,,2020-10-31,10,0,Zillow ZIP-level market for San Anselmo; mapped with Census 2020 ZCTA 94960 in Marin County.,,,,
94904 Kentfield,zcta,94904,Kentfield,37.9472249,-122.5517753,2092745,,2020-10-31,10,0,Zillow ZIP-level market for Kentfield; mapped with Census 2020 ZCTA 94904 in Marin County.,,,,
94920 Tiburon,zcta,94920,Tiburon,37.8867683,-122.4626194,2874627,,2020-10-31,10,0,Zillow ZIP-level market for Tiburon; mapped with Census 2020 ZCTA 94920 in Marin County.,,,,
94965 Sausalito,zcta,94965,Sausalito,37.8373471,-122.5274824,1794863,3016,2020-10-31,10,0,Zillow ZIP-level market for Sausalito; mapped with Census 2020 ZCTA 94965 in Marin County.,,3016,Zillow ZORI,
94925 Corte Madera,zcta,94925,Corte Madera,37.9318458,-122.5077378,1531388,,2020-10-31,10,0,Zillow ZIP-level market for Corte Madera; mapped with Census 2020 ZCTA 94925 in Marin County.,,,,
94930 Fairfax,zcta,94930,Fairfax,37.9697928,-122.61533,1056067,,2020-10-31,10,0,Zillow ZIP-level market for Fairfax; mapped with Census 2020 ZCTA 94930 in Marin County.,,,,
94939 Larkspur,zcta,94939,Larkspur,37.9382519,-122.5359478,2108613,,2020-10-31,10,0,Zillow ZIP-level market for Larkspur; mapped with Census 2020 ZCTA 94939 in Marin County.,,,,
94957 Ross,zcta,94957,Ross,37.9634213,-122.5618079,3224438,,2020-10-31,10,0,Zillow ZIP-level market for Ross; mapped with Census 2020 ZCTA 94957 in Marin County.,,,,
94937 Point Reyes Station,zcta,94937,Point Reyes Station,38.1164824,-122.930353,1275040,,2020-10-31,10,0,Zillow ZIP-level market for Point Reyes Station; mapped with Census 2020 ZCTA 94937 in Marin County.,,,,
94924 Bolinas,zcta,94924,Bolinas,37.9669044,-122.7388158,1750611,,2020-10-31,10,0,Zillow ZIP-level market for Bolinas; mapped with Census 2020 ZCTA 94924 in Marin County.,,,,
94963 Lagunitas,zcta,94963,Lagunitas,38.00761,-122.6647483,1041662,,2020-10-31,10,0,Zillow ZIP-level market for Lagunitas; mapped with Census 2020 ZCTA 94963 in Marin County.,,,,
94973 Woodacre,zcta,94973,Woodacre,38.0125906,-122.6394,930845,,2020-10-31,10,0,Zillow ZIP-level market for Woodacre; mapped with Census 2020 ZCTA 94973 in Marin County.,,,,
94946 Nicasio,zcta,94946,Nicasio,38.0747338,-122.6952645,1678856,,2020-10-31,10,0,Zillow ZIP-level market for Nicasio; mapped with Census 2020 ZCTA 94946 in Marin County.,,,,
94938 Bolinas,zcta,94938,Bolinas,38.0302365,-122.7295132,864804,,2020-10-31,10,0,Zillow ZIP-level market for Bolinas; mapped with Census 2020 ZCTA 94938 in Marin County.,,,,
94970 Stinson Beach,zcta,94970,Stinson Beach,37.9258817,-122.6598334,2504325,,2020-10-31,10,0,Zillow ZIP-level market for Stinson Beach; mapped with Census 2020 ZCTA 94970 in Marin County.,,,,
94956 Point Reyes Station,zcta,94956,Point Reyes Station,38.0214541,-122.81817,1206213,,2020-10-31,10,0,Zillow ZIP-level market for Point Reyes Station; mapped with Census 2020 ZCTA 94956 in Marin County.,,,,
94940 Marshall,zcta,94940,Marshall,38.2039708,-122.8914816,1406871,,2020-10-31,10,0,Zillow ZIP-level market for Marshall; mapped with Census 2020 ZCTA 94940 in Marin County.,,,,
94933 Lagunitas,zcta,94933,Lagunitas,38.0175021,-122.688148,796748,,2020-10-31,10,0,Zillow ZIP-level market for Lagunitas; mapped with Census 2020 ZCTA 94933 in Marin County.,,,,
94971 Tomales,zcta,94971,Tomales,38.2330285,-122.8969589,924815,,2020-10-31,10,0,Zillow ZIP-level market for Tomales; mapped with Census 2020 ZCTA 94971 in Marin County.,,,,
94929 nan,zcta,94929,nan,38.2545284,-122.9623709,1085464,,2020-10-31,10,0,Zillow ZIP-level market for nan; mapped with Census 2020 ZCTA 94929 in Marin County.,,,,
94901 San Rafael,zcta,94901,San Rafael,37.980709,-122.5006058,1283337,2317,2020-11-30,10,0,Zillow ZIP-level market for San Rafael; mapped with Census 2020 ZCTA 94901 in Marin County.,,2317,Zillow ZORI,
94941 Mill Valley,zcta,94941,Mill Valley,37.9247747,-122.6001828,1815188,3411,2020-11-30,10,0,Zillow ZIP-level market for Mill Valley; mapped with Census 2020 ZCTA 94941 in Marin County.,,3411,Zillow ZORI,
94903 San Rafael,zcta,94903,San Rafael,38.0221295,-122.55881,1130417,2611,2020-11-30,10,0,Zillow ZIP-level market for San Rafael; mapped with Census 2020 ZCTA 94903 in Marin County.,,2611,Zillow ZORI,
94947 Novato,zcta,94947,Novato,38.1061995,-122.6249851,894333,,2020-11-30,10,0,Zillow ZIP-level market for Novato; mapped with Census 2020 ZCTA 94947 in Marin County.,,,,
94949 Novato,zcta,94949,Novato,38.0600944,-122.5064097,1070521,,2020-11-30,10,0,Zillow ZIP-level market for Novato; mapped with Census 2020 ZCTA 94949 in Marin County.,,,,
94945 Novato,zcta,94945,Novato,38.1226869,-122.5531417,906142,,2020-11-30,10,0,Zillow ZIP-level market for Novato; mapped with Census 2020 ZCTA 94945 in Marin County.,,,,
94960 San Anselmo,zcta,94960,San Anselmo,37.9970232,-122.5783384,1404909,,2020-11-30,10,0,Zillow ZIP-level market for San Anselmo; mapped with Census 2020 ZCTA 94960 in Marin County.,,,,
94904 Kentfield,zcta,94904,Kentfield,37.9472249,-122.5517753,2137697,,2020-11-30,10,0,Zillow ZIP-level market for Kentfield; mapped with Census 2020 ZCTA 94904 in Marin County.,,,,
94920 Tiburon,zcta,94920,Tiburon,37.8867683,-122.4626194,2941651,,2020-11-30,10,0,Zillow ZIP-level market for Tiburon; mapped with Census 2020 ZCTA 94920 in Marin County.,,,,
94965 Sausalito,zcta,94965,Sausalito,37.8373471,-122.5274824,1822550,3076,2020-11-30,10,0,Zillow ZIP-level market for Sausalito; mapped with Census 2020 ZCTA 94965 in Marin County.,,3076,Zillow ZORI,
94925 Corte Madera,zcta,94925,Corte Madera,37.9318458,-122.5077378,1562354,,2020-11-30,10,0,Zillow ZIP-level market for Corte Madera; mapped with Census 2020 ZCTA 94925 in Marin County.,,,,
94930 Fairfax,zcta,94930,Fairfax,37.9697928,-122.61533,1076826,,2020-11-30,10,0,Zillow ZIP-level market for Fairfax; mapped with Census 2020 ZCTA 94930 in Marin County.,,,,
94939 Larkspur,zcta,94939,Larkspur,37.9382519,-122.5359478,2151044,,2020-11-30,10,0,Zillow ZIP-level market for Larkspur; mapped with Census 2020 ZCTA 94939 in Marin County.,,,,
94957 Ross,zcta,94957,Ross,37.9634213,-122.5618079,3289187,,2020-11-30,10,0,Zillow ZIP-level market for Ross; mapped with Census 2020 ZCTA 94957 in Marin County.,,,,
94937 Point Reyes Station,zcta,94937,Point Reyes Station,38.1164824,-122.930353,1294140,,2020-11-30,10,0,Zillow ZIP-level market for Point Reyes Station; mapped with Census 2020 ZCTA 94937 in Marin County.,,,,
94924 Bolinas,zcta,94924,Bolinas,37.9669044,-122.7388158,1763876,,2020-11-30,10,0,Zillow ZIP-level market for Bolinas; mapped with Census 2020 ZCTA 94924 in Marin County.,,,,
94963 Lagunitas,zcta,94963,Lagunitas,38.00761,-122.6647483,1065723,,2020-11-30,10,0,Zillow ZIP-level market for Lagunitas; mapped with Census 2020 ZCTA 94963 in Marin County.,,,,
94973 Woodacre,zcta,94973,Woodacre,38.0125906,-122.6394,943543,,2020-11-30,10,0,Zillow ZIP-level market for Woodacre; mapped with Census 2020 ZCTA 94973 in Marin County.,,,,
94946 Nicasio,zcta,94946,Nicasio,38.0747338,-122.6952645,1730115,,2020-11-30,10,0,Zillow ZIP-level market for Nicasio; mapped with Census 2020 ZCTA 94946 in Marin County.,,,,
94938 Bolinas,zcta,94938,Bolinas,38.0302365,-122.7295132,880929,,2020-11-30,10,0,Zillow ZIP-level market for Bolinas; mapped with Census 2020 ZCTA 94938 in Marin County.,,,,
94970 Stinson Beach,zcta,94970,Stinson Beach,37.9258817,-122.6598334,2545490,,2020-11-30,10,0,Zillow ZIP-level market for Stinson Beach; mapped with Census 2020 ZCTA 94970 in Marin County.,,,,
94956 Point Reyes Station,zcta,94956,Point Reyes Station,38.0214541,-122.81817,1234090,,2020-11-30,10,0,Zillow ZIP-level market for Point Reyes Station; mapped with Census 2020 ZCTA 94956 in Marin County.,,,,
94940 Marshall,zcta,94940,Marshall,38.2039708,-122.8914816,1421350,,2020-11-30,10,0,Zillow ZIP-level market for Marshall; mapped with Census 2020 ZCTA 94940 in Marin County.,,,,
94933 Lagunitas,zcta,94933,Lagunitas,38.0175021,-122.688148,807176,,2020-11-30,10,0,Zillow ZIP-level market for Lagunitas; mapped with Census 2020 ZCTA 94933 in Marin County.,,,,
94971 Tomales,zcta,94971,Tomales,38.2330285,-122.8969589,949442,,2020-11-30,10,0,Zillow ZIP-level market for Tomales; mapped with Census 2020 ZCTA 94971 in Marin County.,,,,
94929 nan,zcta,94929,nan,38.2545284,-122.9623709,1107010,,2020-11-30,10,0,Zillow ZIP-level market for nan; mapped with Census 2020 ZCTA 94929 in Marin County.,,,,
94901 San Rafael,zcta,94901,San Rafael,37.980709,-122.5006058,1310084,2330,2020-12-31,10,0,Zillow ZIP-level market for San Rafael; mapped with Census 2020 ZCTA 94901 in Marin County.,,2330,Zillow ZORI,
94941 Mill Valley,zcta,94941,Mill Valley,37.9247747,-122.6001828,1850301,,2020-12-31,10,0,Zillow ZIP-level market for Mill Valley; mapped with Census 2020 ZCTA 94941 in Marin County.,,,,
94903 San Rafael,zcta,94903,San Rafael,38.0221295,-122.55881,1160188,2620,2020-12-31,10,0,Zillow ZIP-level market for San Rafael; mapped with Census 2020 ZCTA 94903 in Marin County.,,2620,Zillow ZORI,
94947 Novato,zcta,94947,Novato,38.1061995,-122.6249851,912087,,2020-12-31,10,0,Zillow ZIP-level market for Novato; mapped with Census 2020 ZCTA 94947 in Marin County.,,,,
94949 Novato,zcta,94949,Novato,38.0600944,-122.5064097,1092894,,2020-12-31,10,0,Zillow ZIP-level market for Novato; mapped with Census 2020 ZCTA 94949 in Marin County.,,,,
94945 Novato,zcta,94945,Novato,38.1226869,-122.5531417,924120,,2020-12-31,10,0,Zillow ZIP-level market for Novato; mapped with Census 2020 ZCTA 94945 in Marin County.,,,,
94960 San Anselmo,zcta,94960,San Anselmo,37.9970232,-122.5783384,1437085,,2020-12-31,10,0,Zillow ZIP-level market for San Anselmo; mapped with Census 2020 ZCTA 94960 in Marin County.,,,,
94904 Kentfield,zcta,94904,Kentfield,37.9472249,-122.5517753,2182290,,2020-12-31,10,0,Zillow ZIP-level market for Kentfield; mapped with Census 2020 ZCTA 94904 in Marin County.,,,,
94920 Tiburon,zcta,94920,Tiburon,37.8867683,-122.4626194,3007635,,2020-12-31,10,0,Zillow ZIP-level market for Tiburon; mapped with Census 2020 ZCTA 94920 in Marin County.,,,,
94965 Sausalito,zcta,94965,Sausalito,37.8373471,-122.5274824,1849623,3032,2020-12-31,10,0,Zillow ZIP-level market for Sausalito; mapped with Census 2020 ZCTA 94965 in Marin County.,,3032,Zillow ZORI,
94925 Corte Madera,zcta,94925,Corte Madera,37.9318458,-122.5077378,1590121,,2020-12-31,10,0,Zillow ZIP-level market for Corte Madera; mapped with Census 2020 ZCTA 94925 in Marin County.,,,,
94930 Fairfax,zcta,94930,Fairfax,37.9697928,-122.61533,1098522,,2020-12-31,10,0,Zillow ZIP-level market for Fairfax; mapped with Census 2020 ZCTA 94930 in Marin County.,,,,
94939 Larkspur,zcta,94939,Larkspur,37.9382519,-122.5359478,2193843,,2020-12-31,10,0,Zillow ZIP-level market for Larkspur; mapped with Census 2020 ZCTA 94939 in Marin County.,,,,
94957 Ross,zcta,94957,Ross,37.9634213,-122.5618079,3360069,,2020-12-31,10,0,Zillow ZIP-level market for Ross; mapped with Census 2020 ZCTA 94957 in Marin County.,,,,
94937 Point Reyes Station,zcta,94937,Point Reyes Station,38.1164824,-122.930353,1314615,,2020-12-31,10,0,Zillow ZIP-level market for Point Reyes Station; mapped with Census 2020 ZCTA 94937 in Marin County.,,,,
94924 Bolinas,zcta,94924,Bolinas,37.9669044,-122.7388158,1784545,,2020-12-31,10,0,Zillow ZIP-level market for Bolinas; mapped with Census 2020 ZCTA 94924 in Marin County.,,,,
94963 Lagunitas,zcta,94963,Lagunitas,38.00761,-122.6647483,1092454,,2020-12-31,10,0,Zillow ZIP-level market for Lagunitas; mapped with Census 2020 ZCTA 94963 in Marin County.,,,,
94973 Woodacre,zcta,94973,Woodacre,38.0125906,-122.6394,955534,,2020-12-31,10,0,Zillow ZIP-level market for Woodacre; mapped with Census 2020 ZCTA 94973 in Marin County.,,,,
94946 Nicasio,zcta,94946,Nicasio,38.0747338,-122.6952645,1780607,,2020-12-31,10,0,Zillow ZIP-level market for Nicasio; mapped with Census 2020 ZCTA 94946 in Marin County.,,,,
94938 Bolinas,zcta,94938,Bolinas,38.0302365,-122.7295132,896816,,2020-12-31,10,0,Zillow ZIP-level market for Bolinas; mapped with Census 2020 ZCTA 94938 in Marin County.,,,,
94970 Stinson Beach,zcta,94970,Stinson Beach,37.9258817,-122.6598334,2603033,,2020-12-31,10,0,Zillow ZIP-level market for Stinson Beach; mapped with Census 2020 ZCTA 94970 in Marin County.,,,,
94956 Point Reyes Station,zcta,94956,Point Reyes Station,38.0214541,-122.81817,1261197,,2020-12-31,10,0,Zillow ZIP-level market for Point Reyes Station; mapped with Census 2020 ZCTA 94956 in Marin County.,,,,
94940 Marshall,zcta,94940,Marshall,38.2039708,-122.8914816,1443285,,2020-12-31,10,0,Zillow ZIP-level market for Marshall; mapped with Census 2020 ZCTA 94940 in Marin County.,,,,
94933 Lagunitas,zcta,94933,Lagunitas,38.0175021,-122.688148,819316,,2020-12-31,10,0,Zillow ZIP-level market for Lagunitas; mapped with Census 2020 ZCTA 94933 in Marin County.,,,,
94971 Tomales,zcta,94971,Tomales,38.2330285,-122.8969589,976199,,2020-12-31,10,0,Zillow ZIP-level market for Tomales; mapped with Census 2020 ZCTA 94971 in Marin County.,,,,
94929 nan,zcta,94929,nan,38.2545284,-122.9623709,1131658,,2020-12-31,10,0,Zillow ZIP-level market for nan; mapped with Census 2020 ZCTA 94929 in Marin County.,,,,
94901 San Rafael,zcta,94901,San Rafael,37.980709,-122.5006058,1337561,2298,2021-01-31,10,0,Zillow ZIP-level market for San Rafael; mapped with Census 2020 ZCTA 94901 in Marin County.,,2298,Zillow ZORI,
94941 Mill Valley,zcta,94941,Mill Valley,37.9247747,-122.6001828,1882415,3454,2021-01-31,10,0,Zillow ZIP-level market for Mill Valley; mapped with Census 2020 ZCTA 94941 in Marin County.,,3454,Zillow ZORI,
94903 San Rafael,zcta,94903,San Rafael,38.0221295,-122.55881,1187693,2647,2021-01-31,10,0,Zillow ZIP-level market for San Rafael; mapped with Census 2020 ZCTA 94903 in Marin County.,,2647,Zillow ZORI,
94947 Novato,zcta,94947,Novato,38.1061995,-122.6249851,930550,,2021-01-31,10,0,Zillow ZIP-level market for Novato; mapped with Census 2020 ZCTA 94947 in Marin County.,,,,
94949 Novato,zcta,94949,Novato,38.0600944,-122.5064097,1116066,,2021-01-31,10,0,Zillow ZIP-level market for Novato; mapped with Census 2020 ZCTA 94949 in Marin County.,,,,
94945 Novato,zcta,94945,Novato,38.1226869,-122.5531417,942406,,2021-01-31,10,0,Zillow ZIP-level market for Novato; mapped with Census 2020 ZCTA 94945 in Marin County.,,,,
94960 San Anselmo,zcta,94960,San Anselmo,37.9970232,-122.5783384,1470229,,2021-01-31,10,0,Zillow ZIP-level market for San Anselmo; mapped with Census 2020 ZCTA 94960 in Marin County.,,,,
94904 Kentfield,zcta,94904,Kentfield,37.9472249,-122.5517753,2227878,,2021-01-31,10,0,Zillow ZIP-level market for Kentfield; mapped with Census 2020 ZCTA 94904 in Marin County.,,,,
94920 Tiburon,zcta,94920,Tiburon,37.8867683,-122.4626194,3075148,,2021-01-31,10,0,Zillow ZIP-level market for Tiburon; mapped with Census 2020 ZCTA 94920 in Marin County.,,,,
94965 Sausalito,zcta,94965,Sausalito,37.8373471,-122.5274824,1874362,3035,2021-01-31,10,0,Zillow ZIP-level market for Sausalito; mapped with Census 2020 ZCTA 94965 in Marin County.,,3035,Zillow ZORI,
94925 Corte Madera,zcta,94925,Corte Madera,37.9318458,-122.5077378,1613398,,2021-01-31,10,0,Zillow ZIP-level market for Corte Madera; mapped with Census 2020 ZCTA 94925 in Marin County.,,,,
94930 Fairfax,zcta,94930,Fairfax,37.9697928,-122.61533,1119774,,2021-01-31,10,0,Zillow ZIP-level market for Fairfax; mapped with Census 2020 ZCTA 94930 in Marin County.,,,,
94939 Larkspur,zcta,94939,Larkspur,37.9382519,-122.5359478,2236421,,2021-01-31,10,0,Zillow ZIP-level market for Larkspur; mapped with Census 2020 ZCTA 94939 in Marin County.,,,,
94957 Ross,zcta,94957,Ross,37.9634213,-122.5618079,3429705,,2021-01-31,10,0,Zillow ZIP-level market for Ross; mapped with Census 2020 ZCTA 94957 in Marin County.,,,,
94937 Point Reyes Station,zcta,94937,Point Reyes Station,38.1164824,-122.930353,1334142,,2021-01-31,10,0,Zillow ZIP-level market for Point Reyes Station; mapped with Census 2020 ZCTA 94937 in Marin County.,,,,
94924 Bolinas,zcta,94924,Bolinas,37.9669044,-122.7388158,1820551,,2021-01-31,10,0,Zillow ZIP-level market for Bolinas; mapped with Census 2020 ZCTA 94924 in Marin County.,,,,
94963 Lagunitas,zcta,94963,Lagunitas,38.00761,-122.6647483,1118696,,2021-01-31,10,0,Zillow ZIP-level market for Lagunitas; mapped with Census 2020 ZCTA 94963 in Marin County.,,,,
94973 Woodacre,zcta,94973,Woodacre,38.0125906,-122.6394,969589,,2021-01-31,10,0,Zillow ZIP-level market for Woodacre; mapped with Census 2020 ZCTA 94973 in Marin County.,,,,
94946 Nicasio,zcta,94946,Nicasio,38.0747338,-122.6952645,1829894,,2021-01-31,10,0,Zillow ZIP-level market for Nicasio; mapped with Census 2020 ZCTA 94946 in Marin County.,,,,
94938 Bolinas,zcta,94938,Bolinas,38.0302365,-122.7295132,913551,,2021-01-31,10,0,Zillow ZIP-level market for Bolinas; mapped with Census 2020 ZCTA 94938 in Marin County.,,,,
94970 Stinson Beach,zcta,94970,Stinson Beach,37.9258817,-122.6598334,2666063,,2021-01-31,10,0,Zillow ZIP-level market for Stinson Beach; mapped with Census 2020 ZCTA 94970 in Marin County.,,,,
94956 Point Reyes Station,zcta,94956,Point Reyes Station,38.0214541,-122.81817,1282752,,2021-01-31,10,0,Zillow ZIP-level market for Point Reyes Station; mapped with Census 2020 ZCTA 94956 in Marin County.,,,,
94940 Marshall,zcta,94940,Marshall,38.2039708,-122.8914816,1470921,,2021-01-31,10,0,Zillow ZIP-level market for Marshall; mapped with Census 2020 ZCTA 94940 in Marin County.,,,,
94933 Lagunitas,zcta,94933,Lagunitas,38.0175021,-122.688148,832545,,2021-01-31,10,0,Zillow ZIP-level market for Lagunitas; mapped with Census 2020 ZCTA 94933 in Marin County.,,,,
94971 Tomales,zcta,94971,Tomales,38.2330285,-122.8969589,1003591,,2021-01-31,10,0,Zillow ZIP-level market for Tomales; mapped with Census 2020 ZCTA 94971 in Marin County.,,,,
94929 nan,zcta,94929,nan,38.2545284,-122.9623709,1157997,,2021-01-31,10,0,Zillow ZIP-level market for nan; mapped with Census 2020 ZCTA 94929 in Marin County.,,,,
94901 San Rafael,zcta,94901,San Rafael,37.980709,-122.5006058,1362728,2321,2021-02-28,10,0,Zillow ZIP-level market for San Rafael; mapped with Census 2020 ZCTA 94901 in Marin County.,,2321,Zillow ZORI,
94941 Mill Valley,zcta,94941,Mill Valley,37.9247747,-122.6001828,1909181,3439,2021-02-28,10,0,Zillow ZIP-level market for Mill Valley; mapped with Census 2020 ZCTA 94941 in Marin County.,,3439,Zillow ZORI,
94903 San Rafael,zcta,94903,San Rafael,38.0221295,-122.55881,1210966,2622,2021-02-28,10,0,Zillow ZIP-level market for San Rafael; mapped with Census 2020 ZCTA 94903 in Marin County.,,2622,Zillow ZORI,
94947 Novato,zcta,94947,Novato,38.1061995,-122.6249851,947030,,2021-02-28,10,0,Zillow ZIP-level market for Novato; mapped with Census 2020 ZCTA 94947 in Marin County.,,,,
94949 Novato,zcta,94949,Novato,38.0600944,-122.5064097,1136685,,2021-02-28,10,0,Zillow ZIP-level market for Novato; mapped with Census 2020 ZCTA 94949 in Marin County.,,,,
94945 Novato,zcta,94945,Novato,38.1226869,-122.5531417,959732,,2021-02-28,10,0,Zillow ZIP-level market for Novato; mapped with Census 2020 ZCTA 94945 in Marin County.,,,,
94960 San Anselmo,zcta,94960,San Anselmo,37.9970232,-122.5783384,1503075,,2021-02-28,10,0,Zillow ZIP-level market for San Anselmo; mapped with Census 2020 ZCTA 94960 in Marin County.,,,,
94904 Kentfield,zcta,94904,Kentfield,37.9472249,-122.5517753,2268976,,2021-02-28,10,0,Zillow ZIP-level market for Kentfield; mapped with Census 2020 ZCTA 94904 in Marin County.,,,,
94920 Tiburon,zcta,94920,Tiburon,37.8867683,-122.4626194,3133899,,2021-02-28,10,0,Zillow ZIP-level market for Tiburon; mapped with Census 2020 ZCTA 94920 in Marin County.,,,,
94965 Sausalito,zcta,94965,Sausalito,37.8373471,-122.5274824,1894491,2984,2021-02-28,10,0,Zillow ZIP-level market for Sausalito; mapped with Census 2020 ZCTA 94965 in Marin County.,,2984,Zillow ZORI,
94925 Corte Madera,zcta,94925,Corte Madera,37.9318458,-122.5077378,1631672,,2021-02-28,10,0,Zillow ZIP-level market for Corte Madera; mapped with Census 2020 ZCTA 94925 in Marin County.,,,,
94930 Fairfax,zcta,94930,Fairfax,37.9697928,-122.61533,1140832,,2021-02-28,10,0,Zillow ZIP-level market for Fairfax; mapped with Census 2020 ZCTA 94930 in Marin County.,,,,
94939 Larkspur,zcta,94939,Larkspur,37.9382519,-122.5359478,2272139,,2021-02-28,10,0,Zillow ZIP-level market for Larkspur; mapped with Census 2020 ZCTA 94939 in Marin County.,,,,
94957 Ross,zcta,94957,Ross,37.9634213,-122.5618079,3503934,,2021-02-28,10,0,Zillow ZIP-level market for Ross; mapped with Census 2020 ZCTA 94957 in Marin County.,,,,
94937 Point Reyes Station,zcta,94937,Point Reyes Station,38.1164824,-122.930353,1357301,,2021-02-28,10,0,Zillow ZIP-level market for Point Reyes Station; mapped with Census 2020 ZCTA 94937 in Marin County.,,,,
94924 Bolinas,zcta,94924,Bolinas,37.9669044,-122.7388158,1864666,,2021-02-28,10,0,Zillow ZIP-level market for Bolinas; mapped with Census 2020 ZCTA 94924 in Marin County.,,,,
94963 Lagunitas,zcta,94963,Lagunitas,38.00761,-122.6647483,1142375,,2021-02-28,10,0,Zillow ZIP-level market for Lagunitas; mapped with Census 2020 ZCTA 94963 in Marin County.,,,,
94973 Woodacre,zcta,94973,Woodacre,38.0125906,-122.6394,986308,,2021-02-28,10,0,Zillow ZIP-level market for Woodacre; mapped with Census 2020 ZCTA 94973 in Marin County.,,,,
94946 Nicasio,zcta,94946,Nicasio,38.0747338,-122.6952645,1879359,,2021-02-28,10,0,Zillow ZIP-level market for Nicasio; mapped with Census 2020 ZCTA 94946 in Marin County.,,,,
94938 Bolinas,zcta,94938,Bolinas,38.0302365,-122.7295132,931189,,2021-02-28,10,0,Zillow ZIP-level market for Bolinas; mapped with Census 2020 ZCTA 94938 in Marin County.,,,,
94970 Stinson Beach,zcta,94970,Stinson Beach,37.9258817,-122.6598334,2729781,,2021-02-28,10,0,Zillow ZIP-level market for Stinson Beach; mapped with Census 2020 ZCTA 94970 in Marin County.,,,,
94956 Point Reyes Station,zcta,94956,Point Reyes Station,38.0214541,-122.81817,1308991,,2021-02-28,10,0,Zillow ZIP-level market for Point Reyes Station; mapped with Census 2020 ZCTA 94956 in Marin County.,,,,
94940 Marshall,zcta,94940,Marshall,38.2039708,-122.8914816,1496229,,2021-02-28,10,0,Zillow ZIP-level market for Marshall; mapped with Census 2020 ZCTA 94940 in Marin County.,,,,
94933 Lagunitas,zcta,94933,Lagunitas,38.0175021,-122.688148,845716,,2021-02-28,10,0,Zillow ZIP-level market for Lagunitas; mapped with Census 2020 ZCTA 94933 in Marin County.,,,,
94971 Tomales,zcta,94971,Tomales,38.2330285,-122.8969589,1031660,,2021-02-28,10,0,Zillow ZIP-level market for Tomales; mapped with Census 2020 ZCTA 94971 in Marin County.,,,,
94929 nan,zcta,94929,nan,38.2545284,-122.9623709,1181969,,2021-02-28,10,0,Zillow ZIP-level market for nan; mapped with Census 2020 ZCTA 94929 in Marin County.,,,,
94901 San Rafael,zcta,94901,San Rafael,37.980709,-122.5006058,1391059,2282,2021-03-31,10,0,Zillow ZIP-level market for San Rafael; mapped with Census 2020 ZCTA 94901 in Marin County.,,2282,Zillow ZORI,
94941 Mill Valley,zcta,94941,Mill Valley,37.9247747,-122.6001828,1938834,3410,2021-03-31,10,0,Zillow ZIP-level market for Mill Valley; mapped with Census 2020 ZCTA 94941 in Marin County.,,3410,Zillow ZORI,
94903 San Rafael,zcta,94903,San Rafael,38.0221295,-122.55881,1235133,2625,2021-03-31,10,0,Zillow ZIP-level market for San Rafael; mapped with Census 2020 ZCTA 94903 in Marin County.,,2625,Zillow ZORI,
94947 Novato,zcta,94947,Novato,38.1061995,-122.6249851,964338,,2021-03-31,10,0,Zillow ZIP-level market for Novato; mapped with Census 2020 ZCTA 94947 in Marin County.,,,,
94949 Novato,zcta,94949,Novato,38.0600944,-122.5064097,1156866,,2021-03-31,10,0,Zillow ZIP-level market for Novato; mapped with Census 2020 ZCTA 94949 in Marin County.,,,,
94945 Novato,zcta,94945,Novato,38.1226869,-122.5531417,977186,,2021-03-31,10,0,Zillow ZIP-level market for Novato; mapped with Census 2020 ZCTA 94945 in Marin County.,,,,
94960 San Anselmo,zcta,94960,San Anselmo,37.9970232,-122.5783384,1537690,,2021-03-31,10,0,Zillow ZIP-level market for San Anselmo; mapped with Census 2020 ZCTA 94960 in Marin County.,,,,
94904 Kentfield,zcta,94904,Kentfield,37.9472249,-122.5517753,2307269,,2021-03-31,10,0,Zillow ZIP-level market for Kentfield; mapped with Census 2020 ZCTA 94904 in Marin County.,,,,
94920 Tiburon,zcta,94920,Tiburon,37.8867683,-122.4626194,3186292,,2021-03-31,10,0,Zillow ZIP-level market for Tiburon; mapped with Census 2020 ZCTA 94920 in Marin County.,,,,
94965 Sausalito,zcta,94965,Sausalito,37.8373471,-122.5274824,1920532,2877,2021-03-31,10,0,Zillow ZIP-level market for Sausalito; mapped with Census 2020 ZCTA 94965 in Marin County.,,2877,Zillow ZORI,
94925 Corte Madera,zcta,94925,Corte Madera,37.9318458,-122.5077378,1654267,,2021-03-31,10,0,Zillow ZIP-level market for Corte Madera; mapped with Census 2020 ZCTA 94925 in Marin County.,,,,
94930 Fairfax,zcta,94930,Fairfax,37.9697928,-122.61533,1164016,,2021-03-31,10,0,Zillow ZIP-level market for Fairfax; mapped with Census 2020 ZCTA 94930 in Marin County.,,,,
94939 Larkspur,zcta,94939,Larkspur,37.9382519,-122.5359478,2308189,,2021-03-31,10,0,Zillow ZIP-level market for Larkspur; mapped with Census 2020 ZCTA 94939 in Marin County.,,,,
94957 Ross,zcta,94957,Ross,37.9634213,-122.5618079,3567416,,2021-03-31,10,0,Zillow ZIP-level market for Ross; mapped with Census 2020 ZCTA 94957 in Marin County.,,,,
94937 Point Reyes Station,zcta,94937,Point Reyes Station,38.1164824,-122.930353,1388268,,2021-03-31,10,0,Zillow ZIP-level market for Point Reyes Station; mapped with Census 2020 ZCTA 94937 in Marin County.,,,,
94924 Bolinas,zcta,94924,Bolinas,37.9669044,-122.7388158,1913103,,2021-03-31,10,0,Zillow ZIP-level market for Bolinas; mapped with Census 2020 ZCTA 94924 in Marin County.,,,,
94963 Lagunitas,zcta,94963,Lagunitas,38.00761,-122.6647483,1168192,,2021-03-31,10,0,Zillow ZIP-level market for Lagunitas; mapped with Census 2020 ZCTA 94963 in Marin County.,,,,
94973 Woodacre,zcta,94973,Woodacre,38.0125906,-122.6394,1006547,,2021-03-31,10,0,Zillow ZIP-level market for Woodacre; mapped with Census 2020 ZCTA 94973 in Marin County.,,,,
94946 Nicasio,zcta,94946,Nicasio,38.0747338,-122.6952645,1923325,,2021-03-31,10,0,Zillow ZIP-level market for Nicasio; mapped with Census 2020 ZCTA 94946 in Marin County.,,,,
94938 Bolinas,zcta,94938,Bolinas,38.0302365,-122.7295132,952295,,2021-03-31,10,0,Zillow ZIP-level market for Bolinas; mapped with Census 2020 ZCTA 94938 in Marin County.,,,,
94970 Stinson Beach,zcta,94970,Stinson Beach,37.9258817,-122.6598334,2789408,,2021-03-31,10,0,Zillow ZIP-level market for Stinson Beach; mapped with Census 2020 ZCTA 94970 in Marin County.,,,,
94956 Point Reyes Station,zcta,94956,Point Reyes Station,38.0214541,-122.81817,1336987,,2021-03-31,10,0,Zillow ZIP-level market for Point Reyes Station; mapped with Census 2020 ZCTA 94956 in Marin County.,,,,
94940 Marshall,zcta,94940,Marshall,38.2039708,-122.8914816,1522571,,2021-03-31,10,0,Zillow ZIP-level market for Marshall; mapped with Census 2020 ZCTA 94940 in Marin County.,,,,
94933 Lagunitas,zcta,94933,Lagunitas,38.0175021,-122.688148,859478,,2021-03-31,10,0,Zillow ZIP-level market for Lagunitas; mapped with Census 2020 ZCTA 94933 in Marin County.,,,,
94971 Tomales,zcta,94971,Tomales,38.2330285,-122.8969589,1055880,,2021-03-31,10,0,Zillow ZIP-level market for Tomales; mapped with Census 2020 ZCTA 94971 in Marin County.,,,,
94929 nan,zcta,94929,nan,38.2545284,-122.9623709,1209903,,2021-03-31,10,0,Zillow ZIP-level market for nan; mapped with Census 2020 ZCTA 94929 in Marin County.,,,,
94901 San Rafael,zcta,94901,San Rafael,37.980709,-122.5006058,1419263,2289,2021-04-30,10,0,Zillow ZIP-level market for San Rafael; mapped with Census 2020 ZCTA 94901 in Marin County.,,2289,Zillow ZORI,
94941 Mill Valley,zcta,94941,Mill Valley,37.9247747,-122.6001828,1974255,3443,2021-04-30,10,0,Zillow ZIP-level market for Mill Valley; mapped with Census 2020 ZCTA 94941 in Marin County.,,3443,Zillow ZORI,
94903 San Rafael,zcta,94903,San Rafael,38.0221295,-122.55881,1261125,2614,2021-04-30,10,0,Zillow ZIP-level market for San Rafael; mapped with Census 2020 ZCTA 94903 in Marin County.,,2614,Zillow ZORI,
94947 Novato,zcta,94947,Novato,38.1061995,-122.6249851,984487,,2021-04-30,10,0,Zillow ZIP-level market for Novato; mapped with Census 2020 ZCTA 94947 in Marin County.,,,,
94949 Novato,zcta,94949,Novato,38.0600944,-122.5064097,1180373,,2021-04-30,10,0,Zillow ZIP-level market for Novato; mapped with Census 2020 ZCTA 94949 in Marin County.,,,,
94945 Novato,zcta,94945,Novato,38.1226869,-122.5531417,999022,,2021-04-30,10,0,Zillow ZIP-level market for Novato; mapped with Census 2020 ZCTA 94945 in Marin County.,,,,
94960 San Anselmo,zcta,94960,San Anselmo,37.9970232,-122.5783384,1572654,,2021-04-30,10,0,Zillow ZIP-level market for San Anselmo; mapped with Census 2020 ZCTA 94960 in Marin County.,,,,
94904 Kentfield,zcta,94904,Kentfield,37.9472249,-122.5517753,2343792,,2021-04-30,10,0,Zillow ZIP-level market for Kentfield; mapped with Census 2020 ZCTA 94904 in Marin County.,,,,
94920 Tiburon,zcta,94920,Tiburon,37.8867683,-122.4626194,3239502,,2021-04-30,10,0,Zillow ZIP-level market for Tiburon; mapped with Census 2020 ZCTA 94920 in Marin County.,,,,
94965 Sausalito,zcta,94965,Sausalito,37.8373471,-122.5274824,1946723,2933,2021-04-30,10,0,Zillow ZIP-level market for Sausalito; mapped with Census 2020 ZCTA 94965 in Marin County.,,2933,Zillow ZORI,
94925 Corte Madera,zcta,94925,Corte Madera,37.9318458,-122.5077378,1684208,,2021-04-30,10,0,Zillow ZIP-level market for Corte Madera; mapped with Census 2020 ZCTA 94925 in Marin County.,,,,
94930 Fairfax,zcta,94930,Fairfax,37.9697928,-122.61533,1189200,,2021-04-30,10,0,Zillow ZIP-level market for Fairfax; mapped with Census 2020 ZCTA 94930 in Marin County.,,,,
94939 Larkspur,zcta,94939,Larkspur,37.9382519,-122.5359478,2352572,,2021-04-30,10,0,Zillow ZIP-level market for Larkspur; mapped with Census 2020 ZCTA 94939 in Marin County.,,,,
94957 Ross,zcta,94957,Ross,37.9634213,-122.5618079,3621272,,2021-04-30,10,0,Zillow ZIP-level market for Ross; mapped with Census 2020 ZCTA 94957 in Marin County.,,,,
94937 Point Reyes Station,zcta,94937,Point Reyes Station,38.1164824,-122.930353,1420662,,2021-04-30,10,0,Zillow ZIP-level market for Point Reyes Station; mapped with Census 2020 ZCTA 94937 in Marin County.,,,,
94924 Bolinas,zcta,94924,Bolinas,37.9669044,-122.7388158,1955383,,2021-04-30,10,0,Zillow ZIP-level market for Bolinas; mapped with Census 2020 ZCTA 94924 in Marin County.,,,,
94963 Lagunitas,zcta,94963,Lagunitas,38.00761,-122.6647483,1196395,,2021-04-30,10,0,Zillow ZIP-level market for Lagunitas; mapped with Census 2020 ZCTA 94963 in Marin County.,,,,
94973 Woodacre,zcta,94973,Woodacre,38.0125906,-122.6394,1026181,,2021-04-30,10,0,Zillow ZIP-level market for Woodacre; mapped with Census 2020 ZCTA 94973 in Marin County.,,,,
94946 Nicasio,zcta,94946,Nicasio,38.0747338,-122.6952645,1970817,,2021-04-30,10,0,Zillow ZIP-level market for Nicasio; mapped with Census 2020 ZCTA 94946 in Marin County.,,,,
94938 Bolinas,zcta,94938,Bolinas,38.0302365,-122.7295132,974084,,2021-04-30,10,0,Zillow ZIP-level market for Bolinas; mapped with Census 2020 ZCTA 94938 in Marin County.,,,,
94970 Stinson Beach,zcta,94970,Stinson Beach,37.9258817,-122.6598334,2850889,,2021-04-30,10,0,Zillow ZIP-level market for Stinson Beach; mapped with Census 2020 ZCTA 94970 in Marin County.,,,,
94956 Point Reyes Station,zcta,94956,Point Reyes Station,38.0214541,-122.81817,1369645,,2021-04-30,10,0,Zillow ZIP-level market for Point Reyes Station; mapped with Census 2020 ZCTA 94956 in Marin County.,,,,
94940 Marshall,zcta,94940,Marshall,38.2039708,-122.8914816,1545631,,2021-04-30,10,0,Zillow ZIP-level market for Marshall; mapped with Census 2020 ZCTA 94940 in Marin County.,,,,
94933 Lagunitas,zcta,94933,Lagunitas,38.0175021,-122.688148,873531,,2021-04-30,10,0,Zillow ZIP-level market for Lagunitas; mapped with Census 2020 ZCTA 94933 in Marin County.,,,,
94971 Tomales,zcta,94971,Tomales,38.2330285,-122.8969589,1078417,,2021-04-30,10,0,Zillow ZIP-level market for Tomales; mapped with Census 2020 ZCTA 94971 in Marin County.,,,,
94929 nan,zcta,94929,nan,38.2545284,-122.9623709,1242348,,2021-04-30,10,0,Zillow ZIP-level market for nan; mapped with Census 2020 ZCTA 94929 in Marin County.,,,,
94901 San Rafael,zcta,94901,San Rafael,37.980709,-122.5006058,1445468,2283,2021-05-31,10,0,Zillow ZIP-level market for San Rafael; mapped with Census 2020 ZCTA 94901 in Marin County.,,2283,Zillow ZORI,
94941 Mill Valley,zcta,94941,Mill Valley,37.9247747,-122.6001828,2014991,3478,2021-05-31,10,0,Zillow ZIP-level market for Mill Valley; mapped with Census 2020 ZCTA 94941 in Marin County.,,3478,Zillow ZORI,
94903 San Rafael,zcta,94903,San Rafael,38.0221295,-122.55881,1286167,2682,2021-05-31,10,0,Zillow ZIP-level market for San Rafael; mapped with Census 2020 ZCTA 94903 in Marin County.,,2682,Zillow ZORI,
94947 Novato,zcta,94947,Novato,38.1061995,-122.6249851,1006948,,2021-05-31,10,0,Zillow ZIP-level market for Novato; mapped with Census 2020 ZCTA 94947 in Marin County.,,,,
94949 Novato,zcta,94949,Novato,38.0600944,-122.5064097,1209320,,2021-05-31,10,0,Zillow ZIP-level market for Novato; mapped with Census 2020 ZCTA 94949 in Marin County.,,,,
94945 Novato,zcta,94945,Novato,38.1226869,-122.5531417,1023933,,2021-05-31,10,0,Zillow ZIP-level market for Novato; mapped with Census 2020 ZCTA 94945 in Marin County.,,,,
94960 San Anselmo,zcta,94960,San Anselmo,37.9970232,-122.5783384,1604425,,2021-05-31,10,0,Zillow ZIP-level market for San Anselmo; mapped with Census 2020 ZCTA 94960 in Marin County.,,,,
94904 Kentfield,zcta,94904,Kentfield,37.9472249,-122.5517753,2381786,,2021-05-31,10,0,Zillow ZIP-level market for Kentfield; mapped with Census 2020 ZCTA 94904 in Marin County.,,,,
94920 Tiburon,zcta,94920,Tiburon,37.8867683,-122.4626194,3299292,,2021-05-31,10,0,Zillow ZIP-level market for Tiburon; mapped with Census 2020 ZCTA 94920 in Marin County.,,,,
94965 Sausalito,zcta,94965,Sausalito,37.8373471,-122.5274824,1972236,3022,2021-05-31,10,0,Zillow ZIP-level market for Sausalito; mapped with Census 2020 ZCTA 94965 in Marin County.,,3022,Zillow ZORI,
94925 Corte Madera,zcta,94925,Corte Madera,37.9318458,-122.5077378,1720087,,2021-05-31,10,0,Zillow ZIP-level market for Corte Madera; mapped with Census 2020 ZCTA 94925 in Marin County.,,,,
94930 Fairfax,zcta,94930,Fairfax,37.9697928,-122.61533,1214194,,2021-05-31,10,0,Zillow ZIP-level market for Fairfax; mapped with Census 2020 ZCTA 94930 in Marin County.,,,,
94939 Larkspur,zcta,94939,Larkspur,37.9382519,-122.5359478,2400424,,2021-05-31,10,0,Zillow ZIP-level market for Larkspur; mapped with Census 2020 ZCTA 94939 in Marin County.,,,,
94957 Ross,zcta,94957,Ross,37.9634213,-122.5618079,3673125,,2021-05-31,10,0,Zillow ZIP-level market for Ross; mapped with Census 2020 ZCTA 94957 in Marin County.,,,,
94937 Point Reyes Station,zcta,94937,Point Reyes Station,38.1164824,-122.930353,1447823,,2021-05-31,10,0,Zillow ZIP-level market for Point Reyes Station; mapped with Census 2020 ZCTA 94937 in Marin County.,,,,
94924 Bolinas,zcta,94924,Bolinas,37.9669044,-122.7388158,1989813,,2021-05-31,10,0,Zillow ZIP-level market for Bolinas; mapped with Census 2020 ZCTA 94924 in Marin County.,,,,
94963 Lagunitas,zcta,94963,Lagunitas,38.00761,-122.6647483,1226735,,2021-05-31,10,0,Zillow ZIP-level market for Lagunitas; mapped with Census 2020 ZCTA 94963 in Marin County.,,,,
94973 Woodacre,zcta,94973,Woodacre,38.0125906,-122.6394,1045426,,2021-05-31,10,0,Zillow ZIP-level market for Woodacre; mapped with Census 2020 ZCTA 94973 in Marin County.,,,,
94946 Nicasio,zcta,94946,Nicasio,38.0747338,-122.6952645,2016233,,2021-05-31,10,0,Zillow ZIP-level market for Nicasio; mapped with Census 2020 ZCTA 94946 in Marin County.,,,,
94938 Bolinas,zcta,94938,Bolinas,38.0302365,-122.7295132,992880,,2021-05-31,10,0,Zillow ZIP-level market for Bolinas; mapped with Census 2020 ZCTA 94938 in Marin County.,,,,
94970 Stinson Beach,zcta,94970,Stinson Beach,37.9258817,-122.6598334,2922304,,2021-05-31,10,0,Zillow ZIP-level market for Stinson Beach; mapped with Census 2020 ZCTA 94970 in Marin County.,,,,
94956 Point Reyes Station,zcta,94956,Point Reyes Station,38.0214541,-122.81817,1399641,,2021-05-31,10,0,Zillow ZIP-level market for Point Reyes Station; mapped with Census 2020 ZCTA 94956 in Marin County.,,,,
94940 Marshall,zcta,94940,Marshall,38.2039708,-122.8914816,1575067,,2021-05-31,10,0,Zillow ZIP-level market for Marshall; mapped with Census 2020 ZCTA 94940 in Marin County.,,,,
94933 Lagunitas,zcta,94933,Lagunitas,38.0175021,-122.688148,887187,,2021-05-31,10,0,Zillow ZIP-level market for Lagunitas; mapped with Census 2020 ZCTA 94933 in Marin County.,,,,
94971 Tomales,zcta,94971,Tomales,38.2330285,-122.8969589,1098976,,2021-05-31,10,0,Zillow ZIP-level market for Tomales; mapped with Census 2020 ZCTA 94971 in Marin County.,,,,
94929 nan,zcta,94929,nan,38.2545284,-122.9623709,1275824,,2021-05-31,10,0,Zillow ZIP-level market for nan; mapped with Census 2020 ZCTA 94929 in Marin County.,,,,
94901 San Rafael,zcta,94901,San Rafael,37.980709,-122.5006058,1466586,2348,2021-06-30,10,0,Zillow ZIP-level market for San Rafael; mapped with Census 2020 ZCTA 94901 in Marin County.,,2348,Zillow ZORI,
94941 Mill Valley,zcta,94941,Mill Valley,37.9247747,-122.6001828,2050881,3487,2021-06-30,10,0,Zillow ZIP-level market for Mill Valley; mapped with Census 2020 ZCTA 94941 in Marin County.,,3487,Zillow ZORI,
94903 San Rafael,zcta,94903,San Rafael,38.0221295,-122.55881,1309869,2694,2021-06-30,10,0,Zillow ZIP-level market for San Rafael; mapped with Census 2020 ZCTA 94903 in Marin County.,,2694,Zillow ZORI,
94947 Novato,zcta,94947,Novato,38.1061995,-122.6249851,1027592,,2021-06-30,10,0,Zillow ZIP-level market for Novato; mapped with Census 2020 ZCTA 94947 in Marin County.,,,,
94949 Novato,zcta,94949,Novato,38.0600944,-122.5064097,1237251,,2021-06-30,10,0,Zillow ZIP-level market for Novato; mapped with Census 2020 ZCTA 94949 in Marin County.,,,,
94945 Novato,zcta,94945,Novato,38.1226869,-122.5531417,1047843,,2021-06-30,10,0,Zillow ZIP-level market for Novato; mapped with Census 2020 ZCTA 94945 in Marin County.,,,,
94960 San Anselmo,zcta,94960,San Anselmo,37.9970232,-122.5783384,1630935,,2021-06-30,10,0,Zillow ZIP-level market for San Anselmo; mapped with Census 2020 ZCTA 94960 in Marin County.,,,,
94904 Kentfield,zcta,94904,Kentfield,37.9472249,-122.5517753,2418451,,2021-06-30,10,0,Zillow ZIP-level market for Kentfield; mapped with Census 2020 ZCTA 94904 in Marin County.,,,,
94920 Tiburon,zcta,94920,Tiburon,37.8867683,-122.4626194,3358654,,2021-06-30,10,0,Zillow ZIP-level market for Tiburon; mapped with Census 2020 ZCTA 94920 in Marin County.,,,,
94965 Sausalito,zcta,94965,Sausalito,37.8373471,-122.5274824,1991663,3169,2021-06-30,10,0,Zillow ZIP-level market for Sausalito; mapped with Census 2020 ZCTA 94965 in Marin County.,,3169,Zillow ZORI,
94925 Corte Madera,zcta,94925,Corte Madera,37.9318458,-122.5077378,1752612,,2021-06-30,10,0,Zillow ZIP-level market for Corte Madera; mapped with Census 2020 ZCTA 94925 in Marin County.,,,,
94930 Fairfax,zcta,94930,Fairfax,37.9697928,-122.61533,1237022,,2021-06-30,10,0,Zillow ZIP-level market for Fairfax; mapped with Census 2020 ZCTA 94930 in Marin County.,,,,
94939 Larkspur,zcta,94939,Larkspur,37.9382519,-122.5359478,2440850,,2021-06-30,10,0,Zillow ZIP-level market for Larkspur; mapped with Census 2020 ZCTA 94939 in Marin County.,,,,
94957 Ross,zcta,94957,Ross,37.9634213,-122.5618079,3740752,,2021-06-30,10,0,Zillow ZIP-level market for Ross; mapped with Census 2020 ZCTA 94957 in Marin County.,,,,
94937 Point Reyes Station,zcta,94937,Point Reyes Station,38.1164824,-122.930353,1469690,,2021-06-30,10,0,Zillow ZIP-level market for Point Reyes Station; mapped with Census 2020 ZCTA 94937 in Marin County.,,,,
94924 Bolinas,zcta,94924,Bolinas,37.9669044,-122.7388158,2017197,,2021-06-30,10,0,Zillow ZIP-level market for Bolinas; mapped with Census 2020 ZCTA 94924 in Marin County.,,,,
94963 Lagunitas,zcta,94963,Lagunitas,38.00761,-122.6647483,1254376,,2021-06-30,10,0,Zillow ZIP-level market for Lagunitas; mapped with Census 2020 ZCTA 94963 in Marin County.,,,,
94973 Woodacre,zcta,94973,Woodacre,38.0125906,-122.6394,1065775,,2021-06-30,10,0,Zillow ZIP-level market for Woodacre; mapped with Census 2020 ZCTA 94973 in Marin County.,,,,
94946 Nicasio,zcta,94946,Nicasio,38.0747338,-122.6952645,2058453,,2021-06-30,10,0,Zillow ZIP-level market for Nicasio; mapped with Census 2020 ZCTA 94946 in Marin County.,,,,
94938 Bolinas,zcta,94938,Bolinas,38.0302365,-122.7295132,1008940,,2021-06-30,10,0,Zillow ZIP-level market for Bolinas; mapped with Census 2020 ZCTA 94938 in Marin County.,,,,
94970 Stinson Beach,zcta,94970,Stinson Beach,37.9258817,-122.6598334,2990299,,2021-06-30,10,0,Zillow ZIP-level market for Stinson Beach; mapped with Census 2020 ZCTA 94970 in Marin County.,,,,
94956 Point Reyes Station,zcta,94956,Point Reyes Station,38.0214541,-122.81817,1423454,,2021-06-30,10,0,Zillow ZIP-level market for Point Reyes Station; mapped with Census 2020 ZCTA 94956 in Marin County.,,,,
94940 Marshall,zcta,94940,Marshall,38.2039708,-122.8914816,1594084,,2021-06-30,10,0,Zillow ZIP-level market for Marshall; mapped with Census 2020 ZCTA 94940 in Marin County.,,,,
94933 Lagunitas,zcta,94933,Lagunitas,38.0175021,-122.688148,899349,,2021-06-30,10,0,Zillow ZIP-level market for Lagunitas; mapped with Census 2020 ZCTA 94933 in Marin County.,,,,
94971 Tomales,zcta,94971,Tomales,38.2330285,-122.8969589,1117974,,2021-06-30,10,0,Zillow ZIP-level market for Tomales; mapped with Census 2020 ZCTA 94971 in Marin County.,,,,
94929 nan,zcta,94929,nan,38.2545284,-122.9623709,1302859,,2021-06-30,10,0,Zillow ZIP-level market for nan; mapped with Census 2020 ZCTA 94929 in Marin County.,,,,
94901 San Rafael,zcta,94901,San Rafael,37.980709,-122.5006058,1481540,2412,2021-07-31,10,0,Zillow ZIP-level market for San Rafael; mapped with Census 2020 ZCTA 94901 in Marin County.,,2412,Zillow ZORI,
94941 Mill Valley,zcta,94941,Mill Valley,37.9247747,-122.6001828,2078736,3489,2021-07-31,10,0,Zillow ZIP-level market for Mill Valley; mapped with Census 2020 ZCTA 94941 in Marin County.,,3489,Zillow ZORI,
94903 San Rafael,zcta,94903,San Rafael,38.0221295,-122.55881,1327114,2739,2021-07-31,10,0,Zillow ZIP-level market for San Rafael; mapped with Census 2020 ZCTA 94903 in Marin County.,,2739,Zillow ZORI,
94947 Novato,zcta,94947,Novato,38.1061995,-122.6249851,1041565,,2021-07-31,10,0,Zillow ZIP-level market for Novato; mapped with Census 2020 ZCTA 94947 in Marin County.,,,,
94949 Novato,zcta,94949,Novato,38.0600944,-122.5064097,1258432,,2021-07-31,10,0,Zillow ZIP-level market for Novato; mapped with Census 2020 ZCTA 94949 in Marin County.,,,,
94945 Novato,zcta,94945,Novato,38.1226869,-122.5531417,1063346,,2021-07-31,10,0,Zillow ZIP-level market for Novato; mapped with Census 2020 ZCTA 94945 in Marin County.,,,,
94960 San Anselmo,zcta,94960,San Anselmo,37.9970232,-122.5783384,1647333,,2021-07-31,10,0,Zillow ZIP-level market for San Anselmo; mapped with Census 2020 ZCTA 94960 in Marin County.,,,,
94904 Kentfield,zcta,94904,Kentfield,37.9472249,-122.5517753,2449608,,2021-07-31,10,0,Zillow ZIP-level market for Kentfield; mapped with Census 2020 ZCTA 94904 in Marin County.,,,,
94920 Tiburon,zcta,94920,Tiburon,37.8867683,-122.4626194,3407169,,2021-07-31,10,0,Zillow ZIP-level market for Tiburon; mapped with Census 2020 ZCTA 94920 in Marin County.,,,,
94965 Sausalito,zcta,94965,Sausalito,37.8373471,-122.5274824,2015925,3186,2021-07-31,10,0,Zillow ZIP-level market for Sausalito; mapped with Census 2020 ZCTA 94965 in Marin County.,,3186,Zillow ZORI,
94925 Corte Madera,zcta,94925,Corte Madera,37.9318458,-122.5077378,1776449,,2021-07-31,10,0,Zillow ZIP-level market for Corte Madera; mapped with Census 2020 ZCTA 94925 in Marin County.,,,,
94930 Fairfax,zcta,94930,Fairfax,37.9697928,-122.61533,1251829,,2021-07-31,10,0,Zillow ZIP-level market for Fairfax; mapped with Census 2020 ZCTA 94930 in Marin County.,,,,
94939 Larkspur,zcta,94939,Larkspur,37.9382519,-122.5359478,2466167,,2021-07-31,10,0,Zillow ZIP-level market for Larkspur; mapped with Census 2020 ZCTA 94939 in Marin County.,,,,
94957 Ross,zcta,94957,Ross,37.9634213,-122.5618079,3830351,,2021-07-31,10,0,Zillow ZIP-level market for Ross; mapped with Census 2020 ZCTA 94957 in Marin County.,,,,
94937 Point Reyes Station,zcta,94937,Point Reyes Station,38.1164824,-122.930353,1490928,,2021-07-31,10,0,Zillow ZIP-level market for Point Reyes Station; mapped with Census 2020 ZCTA 94937 in Marin County.,,,,
94924 Bolinas,zcta,94924,Bolinas,37.9669044,-122.7388158,2044566,,2021-07-31,10,0,Zillow ZIP-level market for Bolinas; mapped with Census 2020 ZCTA 94924 in Marin County.,,,,
94963 Lagunitas,zcta,94963,Lagunitas,38.00761,-122.6647483,1280121,,2021-07-31,10,0,Zillow ZIP-level market for Lagunitas; mapped with Census 2020 ZCTA 94963 in Marin County.,,,,
94973 Woodacre,zcta,94973,Woodacre,38.0125906,-122.6394,1084624,,2021-07-31,10,0,Zillow ZIP-level market for Woodacre; mapped with Census 2020 ZCTA 94973 in Marin County.,,,,
94946 Nicasio,zcta,94946,Nicasio,38.0747338,-122.6952645,2088356,,2021-07-31,10,0,Zillow ZIP-level market for Nicasio; mapped with Census 2020 ZCTA 94946 in Marin County.,,,,
94938 Bolinas,zcta,94938,Bolinas,38.0302365,-122.7295132,1023619,,2021-07-31,10,0,Zillow ZIP-level market for Bolinas; mapped with Census 2020 ZCTA 94938 in Marin County.,,,,
94970 Stinson Beach,zcta,94970,Stinson Beach,37.9258817,-122.6598334,3056479,,2021-07-31,10,0,Zillow ZIP-level market for Stinson Beach; mapped with Census 2020 ZCTA 94970 in Marin County.,,,,
94956 Point Reyes Station,zcta,94956,Point Reyes Station,38.0214541,-122.81817,1445304,,2021-07-31,10,0,Zillow ZIP-level market for Point Reyes Station; mapped with Census 2020 ZCTA 94956 in Marin County.,,,,
94940 Marshall,zcta,94940,Marshall,38.2039708,-122.8914816,1618647,,2021-07-31,10,0,Zillow ZIP-level market for Marshall; mapped with Census 2020 ZCTA 94940 in Marin County.,,,,
94933 Lagunitas,zcta,94933,Lagunitas,38.0175021,-122.688148,909706,,2021-07-31,10,0,Zillow ZIP-level market for Lagunitas; mapped with Census 2020 ZCTA 94933 in Marin County.,,,,
94971 Tomales,zcta,94971,Tomales,38.2330285,-122.8969589,1131695,,2021-07-31,10,0,Zillow ZIP-level market for Tomales; mapped with Census 2020 ZCTA 94971 in Marin County.,,,,
94929 nan,zcta,94929,nan,38.2545284,-122.9623709,1323580,,2021-07-31,10,0,Zillow ZIP-level market for nan; mapped with Census 2020 ZCTA 94929 in Marin County.,,,,
94901 San Rafael,zcta,94901,San Rafael,37.980709,-122.5006058,1486244,2476,2021-08-31,10,0,Zillow ZIP-level market for San Rafael; mapped with Census 2020 ZCTA 94901 in Marin County.,,2476,Zillow ZORI,
94941 Mill Valley,zcta,94941,Mill Valley,37.9247747,-122.6001828,2089563,3483,2021-08-31,10,0,Zillow ZIP-level market for Mill Valley; mapped with Census 2020 ZCTA 94941 in Marin County.,,3483,Zillow ZORI,
94903 San Rafael,zcta,94903,San Rafael,38.0221295,-122.55881,1332381,2711,2021-08-31,10,0,Zillow ZIP-level market for San Rafael; mapped with Census 2020 ZCTA 94903 in Marin County.,,2711,Zillow ZORI,
94947 Novato,zcta,94947,Novato,38.1061995,-122.6249851,1044682,,2021-08-31,10,0,Zillow ZIP-level market for Novato; mapped with Census 2020 ZCTA 94947 in Marin County.,,,,
94949 Novato,zcta,94949,Novato,38.0600944,-122.5064097,1269118,,2021-08-31,10,0,Zillow ZIP-level market for Novato; mapped with Census 2020 ZCTA 94949 in Marin County.,,,,
94945 Novato,zcta,94945,Novato,38.1226869,-122.5531417,1066674,,2021-08-31,10,0,Zillow ZIP-level market for Novato; mapped with Census 2020 ZCTA 94945 in Marin County.,,,,
94960 San Anselmo,zcta,94960,San Anselmo,37.9970232,-122.5783384,1652200,,2021-08-31,10,0,Zillow ZIP-level market for San Anselmo; mapped with Census 2020 ZCTA 94960 in Marin County.,,,,
94904 Kentfield,zcta,94904,Kentfield,37.9472249,-122.5517753,2468415,,2021-08-31,10,0,Zillow ZIP-level market for Kentfield; mapped with Census 2020 ZCTA 94904 in Marin County.,,,,
94920 Tiburon,zcta,94920,Tiburon,37.8867683,-122.4626194,3430511,,2021-08-31,10,0,Zillow ZIP-level market for Tiburon; mapped with Census 2020 ZCTA 94920 in Marin County.,,,,
94965 Sausalito,zcta,94965,Sausalito,37.8373471,-122.5274824,2034135,3207,2021-08-31,10,0,Zillow ZIP-level market for Sausalito; mapped with Census 2020 ZCTA 94965 in Marin County.,,3207,Zillow ZORI,
94925 Corte Madera,zcta,94925,Corte Madera,37.9318458,-122.5077378,1783930,,2021-08-31,10,0,Zillow ZIP-level market for Corte Madera; mapped with Census 2020 ZCTA 94925 in Marin County.,,,,
94930 Fairfax,zcta,94930,Fairfax,37.9697928,-122.61533,1253160,,2021-08-31,10,0,Zillow ZIP-level market for Fairfax; mapped with Census 2020 ZCTA 94930 in Marin County.,,,,
94939 Larkspur,zcta,94939,Larkspur,37.9382519,-122.5359478,2473907,,2021-08-31,10,0,Zillow ZIP-level market for Larkspur; mapped with Census 2020 ZCTA 94939 in Marin County.,,,,
94957 Ross,zcta,94957,Ross,37.9634213,-122.5618079,3908495,,2021-08-31,10,0,Zillow ZIP-level market for Ross; mapped with Census 2020 ZCTA 94957 in Marin County.,,,,
94937 Point Reyes Station,zcta,94937,Point Reyes Station,38.1164824,-122.930353,1504436,,2021-08-31,10,0,Zillow ZIP-level market for Point Reyes Station; mapped with Census 2020 ZCTA 94937 in Marin County.,,,,
94924 Bolinas,zcta,94924,Bolinas,37.9669044,-122.7388158,2053585,,2021-08-31,10,0,Zillow ZIP-level market for Bolinas; mapped with Census 2020 ZCTA 94924 in Marin County.,,,,
94963 Lagunitas,zcta,94963,Lagunitas,38.00761,-122.6647483,1295766,,2021-08-31,10,0,Zillow ZIP-level market for Lagunitas; mapped with Census 2020 ZCTA 94963 in Marin County.,,,,
94973 Woodacre,zcta,94973,Woodacre,38.0125906,-122.6394,1093115,,2021-08-31,10,0,Zillow ZIP-level market for Woodacre; mapped with Census 2020 ZCTA 94973 in Marin County.,,,,
94946 Nicasio,zcta,94946,Nicasio,38.0747338,-122.6952645,2101497,,2021-08-31,10,0,Zillow ZIP-level market for Nicasio; mapped with Census 2020 ZCTA 94946 in Marin County.,,,,
94938 Bolinas,zcta,94938,Bolinas,38.0302365,-122.7295132,1032672,,2021-08-31,10,0,Zillow ZIP-level market for Bolinas; mapped with Census 2020 ZCTA 94938 in Marin County.,,,,
94970 Stinson Beach,zcta,94970,Stinson Beach,37.9258817,-122.6598334,3095647,,2021-08-31,10,0,Zillow ZIP-level market for Stinson Beach; mapped with Census 2020 ZCTA 94970 in Marin County.,,,,
94956 Point Reyes Station,zcta,94956,Point Reyes Station,38.0214541,-122.81817,1463630,,2021-08-31,10,0,Zillow ZIP-level market for Point Reyes Station; mapped with Census 2020 ZCTA 94956 in Marin County.,,,,
94940 Marshall,zcta,94940,Marshall,38.2039708,-122.8914816,1639621,,2021-08-31,10,0,Zillow ZIP-level market for Marshall; mapped with Census 2020 ZCTA 94940 in Marin County.,,,,
94933 Lagunitas,zcta,94933,Lagunitas,38.0175021,-122.688148,913230,,2021-08-31,10,0,Zillow ZIP-level market for Lagunitas; mapped with Census 2020 ZCTA 94933 in Marin County.,,,,
94971 Tomales,zcta,94971,Tomales,38.2330285,-122.8969589,1134590,,2021-08-31,10,0,Zillow ZIP-level market for Tomales; mapped with Census 2020 ZCTA 94971 in Marin County.,,,,
94929 nan,zcta,94929,nan,38.2545284,-122.9623709,1332205,,2021-08-31,10,0,Zillow ZIP-level market for nan; mapped with Census 2020 ZCTA 94929 in Marin County.,,,,
94901 San Rafael,zcta,94901,San Rafael,37.980709,-122.5006058,1483439,2497,2021-09-30,10,0,Zillow ZIP-level market for San Rafael; mapped with Census 2020 ZCTA 94901 in Marin County.,,2497,Zillow ZORI,
94941 Mill Valley,zcta,94941,Mill Valley,37.9247747,-122.6001828,2090930,3572,2021-09-30,10,0,Zillow ZIP-level market for Mill Valley; mapped with Census 2020 ZCTA 94941 in Marin County.,,3572,Zillow ZORI,
94903 San Rafael,zcta,94903,San Rafael,38.0221295,-122.55881,1324608,2717,2021-09-30,10,0,Zillow ZIP-level market for San Rafael; mapped with Census 2020 ZCTA 94903 in Marin County.,,2717,Zillow ZORI,
94947 Novato,zcta,94947,Novato,38.1061995,-122.6249851,1039942,,2021-09-30,10,0,Zillow ZIP-level market for Novato; mapped with Census 2020 ZCTA 94947 in Marin County.,,,,
94949 Novato,zcta,94949,Novato,38.0600944,-122.5064097,1274895,,2021-09-30,10,0,Zillow ZIP-level market for Novato; mapped with Census 2020 ZCTA 94949 in Marin County.,,,,
94945 Novato,zcta,94945,Novato,38.1226869,-122.5531417,1062862,,2021-09-30,10,0,Zillow ZIP-level market for Novato; mapped with Census 2020 ZCTA 94945 in Marin County.,,,,
94960 San Anselmo,zcta,94960,San Anselmo,37.9970232,-122.5783384,1647849,,2021-09-30,10,0,Zillow ZIP-level market for San Anselmo; mapped with Census 2020 ZCTA 94960 in Marin County.,,,,
94904 Kentfield,zcta,94904,Kentfield,37.9472249,-122.5517753,2476399,,2021-09-30,10,0,Zillow ZIP-level market for Kentfield; mapped with Census 2020 ZCTA 94904 in Marin County.,,,,
94920 Tiburon,zcta,94920,Tiburon,37.8867683,-122.4626194,3433971,,2021-09-30,10,0,Zillow ZIP-level market for Tiburon; mapped with Census 2020 ZCTA 94920 in Marin County.,,,,
94965 Sausalito,zcta,94965,Sausalito,37.8373471,-122.5274824,2045382,3257,2021-09-30,10,0,Zillow ZIP-level market for Sausalito; mapped with Census 2020 ZCTA 94965 in Marin County.,,3257,Zillow ZORI,
94925 Corte Madera,zcta,94925,Corte Madera,37.9318458,-122.5077378,1780238,,2021-09-30,10,0,Zillow ZIP-level market for Corte Madera; mapped with Census 2020 ZCTA 94925 in Marin County.,,,,
94930 Fairfax,zcta,94930,Fairfax,37.9697928,-122.61533,1244354,,2021-09-30,10,0,Zillow ZIP-level market for Fairfax; mapped with Census 2020 ZCTA 94930 in Marin County.,,,,
94939 Larkspur,zcta,94939,Larkspur,37.9382519,-122.5359478,2471931,,2021-09-30,10,0,Zillow ZIP-level market for Larkspur; mapped with Census 2020 ZCTA 94939 in Marin County.,,,,
94957 Ross,zcta,94957,Ross,37.9634213,-122.5618079,3970308,,2021-09-30,10,0,Zillow ZIP-level market for Ross; mapped with Census 2020 ZCTA 94957 in Marin County.,,,,
94937 Point Reyes Station,zcta,94937,Point Reyes Station,38.1164824,-122.930353,1507758,,2021-09-30,10,0,Zillow ZIP-level market for Point Reyes Station; mapped with Census 2020 ZCTA 94937 in Marin County.,,,,
94924 Bolinas,zcta,94924,Bolinas,37.9669044,-122.7388158,2046238,,2021-09-30,10,0,Zillow ZIP-level market for Bolinas; mapped with Census 2020 ZCTA 94924 in Marin County.,,,,
94963 Lagunitas,zcta,94963,Lagunitas,38.00761,-122.6647483,1298194,,2021-09-30,10,0,Zillow ZIP-level market for Lagunitas; mapped with Census 2020 ZCTA 94963 in Marin County.,,,,
94973 Woodacre,zcta,94973,Woodacre,38.0125906,-122.6394,1088917,,2021-09-30,10,0,Zillow ZIP-level market for Woodacre; mapped with Census 2020 ZCTA 94973 in Marin County.,,,,
94946 Nicasio,zcta,94946,Nicasio,38.0747338,-122.6952645,2105110,,2021-09-30,10,0,Zillow ZIP-level market for Nicasio; mapped with Census 2020 ZCTA 94946 in Marin County.,,,,
94938 Bolinas,zcta,94938,Bolinas,38.0302365,-122.7295132,1033771,,2021-09-30,10,0,Zillow ZIP-level market for Bolinas; mapped with Census 2020 ZCTA 94938 in Marin County.,,,,
94970 Stinson Beach,zcta,94970,Stinson Beach,37.9258817,-122.6598334,3116819,,2021-09-30,10,0,Zillow ZIP-level market for Stinson Beach; mapped with Census 2020 ZCTA 94970 in Marin County.,,,,
94956 Point Reyes Station,zcta,94956,Point Reyes Station,38.0214541,-122.81817,1479560,,2021-09-30,10,0,Zillow ZIP-level market for Point Reyes Station; mapped with Census 2020 ZCTA 94956 in Marin County.,,,,
94940 Marshall,zcta,94940,Marshall,38.2039708,-122.8914816,1663742,,2021-09-30,10,0,Zillow ZIP-level market for Marshall; mapped with Census 2020 ZCTA 94940 in Marin County.,,,,
94933 Lagunitas,zcta,94933,Lagunitas,38.0175021,-122.688148,911965,,2021-09-30,10,0,Zillow ZIP-level market for Lagunitas; mapped with Census 2020 ZCTA 94933 in Marin County.,,,,
94971 Tomales,zcta,94971,Tomales,38.2330285,-122.8969589,1129901,,2021-09-30,10,0,Zillow ZIP-level market for Tomales; mapped with Census 2020 ZCTA 94971 in Marin County.,,,,
94929 nan,zcta,94929,nan,38.2545284,-122.9623709,1333134,,2021-09-30,10,0,Zillow ZIP-level market for nan; mapped with Census 2020 ZCTA 94929 in Marin County.,,,,
94901 San Rafael,zcta,94901,San Rafael,37.980709,-122.5006058,1478011,2508,2021-10-31,10,0,Zillow ZIP-level market for San Rafael; mapped with Census 2020 ZCTA 94901 in Marin County.,,2508,Zillow ZORI,
94941 Mill Valley,zcta,94941,Mill Valley,37.9247747,-122.6001828,2086461,3608,2021-10-31,10,0,Zillow ZIP-level market for Mill Valley; mapped with Census 2020 ZCTA 94941 in Marin County.,,3608,Zillow ZORI,
94903 San Rafael,zcta,94903,San Rafael,38.0221295,-122.55881,1311373,,2021-10-31,10,0,Zillow ZIP-level market for San Rafael; mapped with Census 2020 ZCTA 94903 in Marin County.,,,,
94947 Novato,zcta,94947,Novato,38.1061995,-122.6249851,1031188,,2021-10-31,10,0,Zillow ZIP-level market for Novato; mapped with Census 2020 ZCTA 94947 in Marin County.,,,,
94949 Novato,zcta,94949,Novato,38.0600944,-122.5064097,1276417,,2021-10-31,10,0,Zillow ZIP-level market for Novato; mapped with Census 2020 ZCTA 94949 in Marin County.,,,,
94945 Novato,zcta,94945,Novato,38.1226869,-122.5531417,1055409,,2021-10-31,10,0,Zillow ZIP-level market for Novato; mapped with Census 2020 ZCTA 94945 in Marin County.,,,,
94960 San Anselmo,zcta,94960,San Anselmo,37.9970232,-122.5783384,1645350,,2021-10-31,10,0,Zillow ZIP-level market for San Anselmo; mapped with Census 2020 ZCTA 94960 in Marin County.,,,,
94904 Kentfield,zcta,94904,Kentfield,37.9472249,-122.5517753,2480588,,2021-10-31,10,0,Zillow ZIP-level market for Kentfield; mapped with Census 2020 ZCTA 94904 in Marin County.,,,,
94920 Tiburon,zcta,94920,Tiburon,37.8867683,-122.4626194,3433000,,2021-10-31,10,0,Zillow ZIP-level market for Tiburon; mapped with Census 2020 ZCTA 94920 in Marin County.,,,,
94965 Sausalito,zcta,94965,Sausalito,37.8373471,-122.5274824,2051933,3273,2021-10-31,10,0,Zillow ZIP-level market for Sausalito; mapped with Census 2020 ZCTA 94965 in Marin County.,,3273,Zillow ZORI,
94925 Corte Madera,zcta,94925,Corte Madera,37.9318458,-122.5077378,1772031,,2021-10-31,10,0,Zillow ZIP-level market for Corte Madera; mapped with Census 2020 ZCTA 94925 in Marin County.,,,,
94930 Fairfax,zcta,94930,Fairfax,37.9697928,-122.61533,1235039,,2021-10-31,10,0,Zillow ZIP-level market for Fairfax; mapped with Census 2020 ZCTA 94930 in Marin County.,,,,
94939 Larkspur,zcta,94939,Larkspur,37.9382519,-122.5359478,2466226,,2021-10-31,10,0,Zillow ZIP-level market for Larkspur; mapped with Census 2020 ZCTA 94939 in Marin County.,,,,
94957 Ross,zcta,94957,Ross,37.9634213,-122.5618079,4006418,,2021-10-31,10,0,Zillow ZIP-level market for Ross; mapped with Census 2020 ZCTA 94957 in Marin County.,,,,
94937 Point Reyes Station,zcta,94937,Point Reyes Station,38.1164824,-122.930353,1505953,,2021-10-31,10,0,Zillow ZIP-level market for Point Reyes Station; mapped with Census 2020 ZCTA 94937 in Marin County.,,,,
94924 Bolinas,zcta,94924,Bolinas,37.9669044,-122.7388158,2041119,,2021-10-31,10,0,Zillow ZIP-level market for Bolinas; mapped with Census 2020 ZCTA 94924 in Marin County.,,,,
94963 Lagunitas,zcta,94963,Lagunitas,38.00761,-122.6647483,1290995,,2021-10-31,10,0,Zillow ZIP-level market for Lagunitas; mapped with Census 2020 ZCTA 94963 in Marin County.,,,,
94973 Woodacre,zcta,94973,Woodacre,38.0125906,-122.6394,1078683,,2021-10-31,10,0,Zillow ZIP-level market for Woodacre; mapped with Census 2020 ZCTA 94973 in Marin County.,,,,
94946 Nicasio,zcta,94946,Nicasio,38.0747338,-122.6952645,2100772,,2021-10-31,10,0,Zillow ZIP-level market for Nicasio; mapped with Census 2020 ZCTA 94946 in Marin County.,,,,
94938 Bolinas,zcta,94938,Bolinas,38.0302365,-122.7295132,1027243,,2021-10-31,10,0,Zillow ZIP-level market for Bolinas; mapped with Census 2020 ZCTA 94938 in Marin County.,,,,
94970 Stinson Beach,zcta,94970,Stinson Beach,37.9258817,-122.6598334,3135113,,2021-10-31,10,0,Zillow ZIP-level market for Stinson Beach; mapped with Census 2020 ZCTA 94970 in Marin County.,,,,
94956 Point Reyes Station,zcta,94956,Point Reyes Station,38.0214541,-122.81817,1488278,,2021-10-31,10,0,Zillow ZIP-level market for Point Reyes Station; mapped with Census 2020 ZCTA 94956 in Marin County.,,,,
94940 Marshall,zcta,94940,Marshall,38.2039708,-122.8914816,1674893,,2021-10-31,10,0,Zillow ZIP-level market for Marshall; mapped with Census 2020 ZCTA 94940 in Marin County.,,,,
94933 Lagunitas,zcta,94933,Lagunitas,38.0175021,-122.688148,904549,,2021-10-31,10,0,Zillow ZIP-level market for Lagunitas; mapped with Census 2020 ZCTA 94933 in Marin County.,,,,
94971 Tomales,zcta,94971,Tomales,38.2330285,-122.8969589,1121280,,2021-10-31,10,0,Zillow ZIP-level market for Tomales; mapped with Census 2020 ZCTA 94971 in Marin County.,,,,
94929 nan,zcta,94929,nan,38.2545284,-122.9623709,1326774,,2021-10-31,10,0,Zillow ZIP-level market for nan; mapped with Census 2020 ZCTA 94929 in Marin County.,,,,
94901 San Rafael,zcta,94901,San Rafael,37.980709,-122.5006058,1480462,2563,2021-11-30,10,0,Zillow ZIP-level market for San Rafael; mapped with Census 2020 ZCTA 94901 in Marin County.,,2563,Zillow ZORI,
94941 Mill Valley,zcta,94941,Mill Valley,37.9247747,-122.6001828,2088026,3628,2021-11-30,10,0,Zillow ZIP-level market for Mill Valley; mapped with Census 2020 ZCTA 94941 in Marin County.,,3628,Zillow ZORI,
94903 San Rafael,zcta,94903,San Rafael,38.0221295,-122.55881,1305476,2751,2021-11-30,10,0,Zillow ZIP-level market for San Rafael; mapped with Census 2020 ZCTA 94903 in Marin County.,,2751,Zillow ZORI,
94947 Novato,zcta,94947,Novato,38.1061995,-122.6249851,1026440,,2021-11-30,10,0,Zillow ZIP-level market for Novato; mapped with Census 2020 ZCTA 94947 in Marin County.,,,,
94949 Novato,zcta,94949,Novato,38.0600944,-122.5064097,1281593,,2021-11-30,10,0,Zillow ZIP-level market for Novato; mapped with Census 2020 ZCTA 94949 in Marin County.,,,,
94945 Novato,zcta,94945,Novato,38.1226869,-122.5531417,1052298,,2021-11-30,10,0,Zillow ZIP-level market for Novato; mapped with Census 2020 ZCTA 94945 in Marin County.,,,,
94960 San Anselmo,zcta,94960,San Anselmo,37.9970232,-122.5783384,1649039,,2021-11-30,10,0,Zillow ZIP-level market for San Anselmo; mapped with Census 2020 ZCTA 94960 in Marin County.,,,,
94904 Kentfield,zcta,94904,Kentfield,37.9472249,-122.5517753,2491789,,2021-11-30,10,0,Zillow ZIP-level market for Kentfield; mapped with Census 2020 ZCTA 94904 in Marin County.,,,,
94920 Tiburon,zcta,94920,Tiburon,37.8867683,-122.4626194,3444032,,2021-11-30,10,0,Zillow ZIP-level market for Tiburon; mapped with Census 2020 ZCTA 94920 in Marin County.,,,,
94965 Sausalito,zcta,94965,Sausalito,37.8373471,-122.5274824,2062951,3298,2021-11-30,10,0,Zillow ZIP-level market for Sausalito; mapped with Census 2020 ZCTA 94965 in Marin County.,,3298,Zillow ZORI,
94925 Corte Madera,zcta,94925,Corte Madera,37.9318458,-122.5077378,1768761,,2021-11-30,10,0,Zillow ZIP-level market for Corte Madera; mapped with Census 2020 ZCTA 94925 in Marin County.,,,,
94930 Fairfax,zcta,94930,Fairfax,37.9697928,-122.61533,1232704,,2021-11-30,10,0,Zillow ZIP-level market for Fairfax; mapped with Census 2020 ZCTA 94930 in Marin County.,,,,
94939 Larkspur,zcta,94939,Larkspur,37.9382519,-122.5359478,2468284,,2021-11-30,10,0,Zillow ZIP-level market for Larkspur; mapped with Census 2020 ZCTA 94939 in Marin County.,,,,
94957 Ross,zcta,94957,Ross,37.9634213,-122.5618079,4054574,,2021-11-30,10,0,Zillow ZIP-level market for Ross; mapped with Census 2020 ZCTA 94957 in Marin County.,,,,
94937 Point Reyes Station,zcta,94937,Point Reyes Station,38.1164824,-122.930353,1505949,,2021-11-30,10,0,Zillow ZIP-level market for Point Reyes Station; mapped with Census 2020 ZCTA 94937 in Marin County.,,,,
94924 Bolinas,zcta,94924,Bolinas,37.9669044,-122.7388158,2056131,,2021-11-30,10,0,Zillow ZIP-level market for Bolinas; mapped with Census 2020 ZCTA 94924 in Marin County.,,,,
94963 Lagunitas,zcta,94963,Lagunitas,38.00761,-122.6647483,1287151,,2021-11-30,10,0,Zillow ZIP-level market for Lagunitas; mapped with Census 2020 ZCTA 94963 in Marin County.,,,,
94973 Woodacre,zcta,94973,Woodacre,38.0125906,-122.6394,1072973,,2021-11-30,10,0,Zillow ZIP-level market for Woodacre; mapped with Census 2020 ZCTA 94973 in Marin County.,,,,
94946 Nicasio,zcta,94946,Nicasio,38.0747338,-122.6952645,2102282,,2021-11-30,10,0,Zillow ZIP-level market for Nicasio; mapped with Census 2020 ZCTA 94946 in Marin County.,,,,
94938 Bolinas,zcta,94938,Bolinas,38.0302365,-122.7295132,1020028,,2021-11-30,10,0,Zillow ZIP-level market for Bolinas; mapped with Census 2020 ZCTA 94938 in Marin County.,,,,
94970 Stinson Beach,zcta,94970,Stinson Beach,37.9258817,-122.6598334,3172725,,2021-11-30,10,0,Zillow ZIP-level market for Stinson Beach; mapped with Census 2020 ZCTA 94970 in Marin County.,,,,
94956 Point Reyes Station,zcta,94956,Point Reyes Station,38.0214541,-122.81817,1493909,,2021-11-30,10,0,Zillow ZIP-level market for Point Reyes Station; mapped with Census 2020 ZCTA 94956 in Marin County.,,,,
94940 Marshall,zcta,94940,Marshall,38.2039708,-122.8914816,1685523,,2021-11-30,10,0,Zillow ZIP-level market for Marshall; mapped with Census 2020 ZCTA 94940 in Marin County.,,,,
94933 Lagunitas,zcta,94933,Lagunitas,38.0175021,-122.688148,898997,,2021-11-30,10,0,Zillow ZIP-level market for Lagunitas; mapped with Census 2020 ZCTA 94933 in Marin County.,,,,
94971 Tomales,zcta,94971,Tomales,38.2330285,-122.8969589,1117306,,2021-11-30,10,0,Zillow ZIP-level market for Tomales; mapped with Census 2020 ZCTA 94971 in Marin County.,,,,
94929 nan,zcta,94929,nan,38.2545284,-122.9623709,1329206,,2021-11-30,10,0,Zillow ZIP-level market for nan; mapped with Census 2020 ZCTA 94929 in Marin County.,,,,
94901 San Rafael,zcta,94901,San Rafael,37.980709,-122.5006058,1488135,2549,2021-12-31,10,0,Zillow ZIP-level market for San Rafael; mapped with Census 2020 ZCTA 94901 in Marin County.,,2549,Zillow ZORI,
94941 Mill Valley,zcta,94941,Mill Valley,37.9247747,-122.6001828,2096982,3672,2021-12-31,10,0,Zillow ZIP-level market for Mill Valley; mapped with Census 2020 ZCTA 94941 in Marin County.,,3672,Zillow ZORI,
94903 San Rafael,zcta,94903,San Rafael,38.0221295,-122.55881,1305699,2777,2021-12-31,10,0,Zillow ZIP-level market for San Rafael; mapped with Census 2020 ZCTA 94903 in Marin County.,,2777,Zillow ZORI,
94947 Novato,zcta,94947,Novato,38.1061995,-122.6249851,1027077,,2021-12-31,10,0,Zillow ZIP-level market for Novato; mapped with Census 2020 ZCTA 94947 in Marin County.,,,,
94949 Novato,zcta,94949,Novato,38.0600944,-122.5064097,1289141,,2021-12-31,10,0,Zillow ZIP-level market for Novato; mapped with Census 2020 ZCTA 94949 in Marin County.,,,,
94945 Novato,zcta,94945,Novato,38.1226869,-122.5531417,1053720,,2021-12-31,10,0,Zillow ZIP-level market for Novato; mapped with Census 2020 ZCTA 94945 in Marin County.,,,,
94960 San Anselmo,zcta,94960,San Anselmo,37.9970232,-122.5783384,1659892,,2021-12-31,10,0,Zillow ZIP-level market for San Anselmo; mapped with Census 2020 ZCTA 94960 in Marin County.,,,,
94904 Kentfield,zcta,94904,Kentfield,37.9472249,-122.5517753,2510591,,2021-12-31,10,0,Zillow ZIP-level market for Kentfield; mapped with Census 2020 ZCTA 94904 in Marin County.,,,,
94920 Tiburon,zcta,94920,Tiburon,37.8867683,-122.4626194,3476054,,2021-12-31,10,0,Zillow ZIP-level market for Tiburon; mapped with Census 2020 ZCTA 94920 in Marin County.,,,,
94965 Sausalito,zcta,94965,Sausalito,37.8373471,-122.5274824,2078472,3272,2021-12-31,10,0,Zillow ZIP-level market for Sausalito; mapped with Census 2020 ZCTA 94965 in Marin County.,,3272,Zillow ZORI,
94925 Corte Madera,zcta,94925,Corte Madera,37.9318458,-122.5077378,1775264,,2021-12-31,10,0,Zillow ZIP-level market for Corte Madera; mapped with Census 2020 ZCTA 94925 in Marin County.,,,,
94930 Fairfax,zcta,94930,Fairfax,37.9697928,-122.61533,1234149,,2021-12-31,10,0,Zillow ZIP-level market for Fairfax; mapped with Census 2020 ZCTA 94930 in Marin County.,,,,
94939 Larkspur,zcta,94939,Larkspur,37.9382519,-122.5359478,2483096,,2021-12-31,10,0,Zillow ZIP-level market for Larkspur; mapped with Census 2020 ZCTA 94939 in Marin County.,,,,
94957 Ross,zcta,94957,Ross,37.9634213,-122.5618079,4110733,,2021-12-31,10,0,Zillow ZIP-level market for Ross; mapped with Census 2020 ZCTA 94957 in Marin County.,,,,
94937 Point Reyes Station,zcta,94937,Point Reyes Station,38.1164824,-122.930353,1508902,,2021-12-31,10,0,Zillow ZIP-level market for Point Reyes Station; mapped with Census 2020 ZCTA 94937 in Marin County.,,,,
94924 Bolinas,zcta,94924,Bolinas,37.9669044,-122.7388158,2071782,,2021-12-31,10,0,Zillow ZIP-level market for Bolinas; mapped with Census 2020 ZCTA 94924 in Marin County.,,,,
94963 Lagunitas,zcta,94963,Lagunitas,38.00761,-122.6647483,1289618,,2021-12-31,10,0,Zillow ZIP-level market for Lagunitas; mapped with Census 2020 ZCTA 94963 in Marin County.,,,,
94973 Woodacre,zcta,94973,Woodacre,38.0125906,-122.6394,1071569,,2021-12-31,10,0,Zillow ZIP-level market for Woodacre; mapped with Census 2020 ZCTA 94973 in Marin County.,,,,
94946 Nicasio,zcta,94946,Nicasio,38.0747338,-122.6952645,2107833,,2021-12-31,10,0,Zillow ZIP-level market for Nicasio; mapped with Census 2020 ZCTA 94946 in Marin County.,,,,
94938 Bolinas,zcta,94938,Bolinas,38.0302365,-122.7295132,1015440,,2021-12-31,10,0,Zillow ZIP-level market for Bolinas; mapped with Census 2020 ZCTA 94938 in Marin County.,,,,
94970 Stinson Beach,zcta,94970,Stinson Beach,37.9258817,-122.6598334,3213722,,2021-12-31,10,0,Zillow ZIP-level market for Stinson Beach; mapped with Census 2020 ZCTA 94970 in Marin County.,,,,
94956 Point Reyes Station,zcta,94956,Point Reyes Station,38.0214541,-122.81817,1499940,,2021-12-31,10,0,Zillow ZIP-level market for Point Reyes Station; mapped with Census 2020 ZCTA 94956 in Marin County.,,,,
94940 Marshall,zcta,94940,Marshall,38.2039708,-122.8914816,1693522,,2021-12-31,10,0,Zillow ZIP-level market for Marshall; mapped with Census 2020 ZCTA 94940 in Marin County.,,,,
94933 Lagunitas,zcta,94933,Lagunitas,38.0175021,-122.688148,893209,,2021-12-31,10,0,Zillow ZIP-level market for Lagunitas; mapped with Census 2020 ZCTA 94933 in Marin County.,,,,
94971 Tomales,zcta,94971,Tomales,38.2330285,-122.8969589,1114656,,2021-12-31,10,0,Zillow ZIP-level market for Tomales; mapped with Census 2020 ZCTA 94971 in Marin County.,,,,
94929 nan,zcta,94929,nan,38.2545284,-122.9623709,1334928,,2021-12-31,10,0,Zillow ZIP-level market for nan; mapped with Census 2020 ZCTA 94929 in Marin County.,,,,
94901 San Rafael,zcta,94901,San Rafael,37.980709,-122.5006058,1516283,2554,2022-01-31,10,0,Zillow ZIP-level market for San Rafael; mapped with Census 2020 ZCTA 94901 in Marin County.,,2554,Zillow ZORI,
94941 Mill Valley,zcta,94941,Mill Valley,37.9247747,-122.6001828,2136362,3705,2022-01-31,10,0,Zillow ZIP-level market for Mill Valley; mapped with Census 2020 ZCTA 94941 in Marin County.,,3705,Zillow ZORI,
94903 San Rafael,zcta,94903,San Rafael,38.0221295,-122.55881,1328779,2850,2022-01-31,10,0,Zillow ZIP-level market for San Rafael; mapped with Census 2020 ZCTA 94903 in Marin County.,,2850,Zillow ZORI,
94947 Novato,zcta,94947,Novato,38.1061995,-122.6249851,1041601,,2022-01-31,10,0,Zillow ZIP-level market for Novato; mapped with Census 2020 ZCTA 94947 in Marin County.,,,,
94949 Novato,zcta,94949,Novato,38.0600944,-122.5064097,1310777,,2022-01-31,10,0,Zillow ZIP-level market for Novato; mapped with Census 2020 ZCTA 94949 in Marin County.,,,,
94945 Novato,zcta,94945,Novato,38.1226869,-122.5531417,1067807,,2022-01-31,10,0,Zillow ZIP-level market for Novato; mapped with Census 2020 ZCTA 94945 in Marin County.,,,,
94960 San Anselmo,zcta,94960,San Anselmo,37.9970232,-122.5783384,1689774,,2022-01-31,10,0,Zillow ZIP-level market for San Anselmo; mapped with Census 2020 ZCTA 94960 in Marin County.,,,,
94904 Kentfield,zcta,94904,Kentfield,37.9472249,-122.5517753,2555531,,2022-01-31,10,0,Zillow ZIP-level market for Kentfield; mapped with Census 2020 ZCTA 94904 in Marin County.,,,,
94920 Tiburon,zcta,94920,Tiburon,37.8867683,-122.4626194,3551752,,2022-01-31,10,0,Zillow ZIP-level market for Tiburon; mapped with Census 2020 ZCTA 94920 in Marin County.,,,,
94965 Sausalito,zcta,94965,Sausalito,37.8373471,-122.5274824,2105296,3288,2022-01-31,10,0,Zillow ZIP-level market for Sausalito; mapped with Census 2020 ZCTA 94965 in Marin County.,,3288,Zillow ZORI,
94925 Corte Madera,zcta,94925,Corte Madera,37.9318458,-122.5077378,1806628,,2022-01-31,10,0,Zillow ZIP-level market for Corte Madera; mapped with Census 2020 ZCTA 94925 in Marin County.,,,,
94930 Fairfax,zcta,94930,Fairfax,37.9697928,-122.61533,1252784,,2022-01-31,10,0,Zillow ZIP-level market for Fairfax; mapped with Census 2020 ZCTA 94930 in Marin County.,,,,
94939 Larkspur,zcta,94939,Larkspur,37.9382519,-122.5359478,2532339,,2022-01-31,10,0,Zillow ZIP-level market for Larkspur; mapped with Census 2020 ZCTA 94939 in Marin County.,,,,
94957 Ross,zcta,94957,Ross,37.9634213,-122.5618079,4203885,,2022-01-31,10,0,Zillow ZIP-level market for Ross; mapped with Census 2020 ZCTA 94957 in Marin County.,,,,
94937 Point Reyes Station,zcta,94937,Point Reyes Station,38.1164824,-122.930353,1534090,,2022-01-31,10,0,Zillow ZIP-level market for Point Reyes Station; mapped with Census 2020 ZCTA 94937 in Marin County.,,,,
94924 Bolinas,zcta,94924,Bolinas,37.9669044,-122.7388158,2101801,,2022-01-31,10,0,Zillow ZIP-level market for Bolinas; mapped with Census 2020 ZCTA 94924 in Marin County.,,,,
94963 Lagunitas,zcta,94963,Lagunitas,38.00761,-122.6647483,1305898,,2022-01-31,10,0,Zillow ZIP-level market for Lagunitas; mapped with Census 2020 ZCTA 94963 in Marin County.,,,,
94973 Woodacre,zcta,94973,Woodacre,38.0125906,-122.6394,1089269,,2022-01-31,10,0,Zillow ZIP-level market for Woodacre; mapped with Census 2020 ZCTA 94973 in Marin County.,,,,
94946 Nicasio,zcta,94946,Nicasio,38.0747338,-122.6952645,2141377,,2022-01-31,10,0,Zillow ZIP-level market for Nicasio; mapped with Census 2020 ZCTA 94946 in Marin County.,,,,
94938 Bolinas,zcta,94938,Bolinas,38.0302365,-122.7295132,1022546,,2022-01-31,10,0,Zillow ZIP-level market for Bolinas; mapped with Census 2020 ZCTA 94938 in Marin County.,,,,
94970 Stinson Beach,zcta,94970,Stinson Beach,37.9258817,-122.6598334,3251315,,2022-01-31,10,0,Zillow ZIP-level market for Stinson Beach; mapped with Census 2020 ZCTA 94970 in Marin County.,,,,
94956 Point Reyes Station,zcta,94956,Point Reyes Station,38.0214541,-122.81817,1521954,,2022-01-31,10,0,Zillow ZIP-level market for Point Reyes Station; mapped with Census 2020 ZCTA 94956 in Marin County.,,,,
94940 Marshall,zcta,94940,Marshall,38.2039708,-122.8914816,1713706,,2022-01-31,10,0,Zillow ZIP-level market for Marshall; mapped with Census 2020 ZCTA 94940 in Marin County.,,,,
94933 Lagunitas,zcta,94933,Lagunitas,38.0175021,-122.688148,900703,,2022-01-31,10,0,Zillow ZIP-level market for Lagunitas; mapped with Census 2020 ZCTA 94933 in Marin County.,,,,
94971 Tomales,zcta,94971,Tomales,38.2330285,-122.8969589,1123459,,2022-01-31,10,0,Zillow ZIP-level market for Tomales; mapped with Census 2020 ZCTA 94971 in Marin County.,,,,
94929 nan,zcta,94929,nan,38.2545284,-122.9623709,1356253,,2022-01-31,10,0,Zillow ZIP-level market for nan; mapped with Census 2020 ZCTA 94929 in Marin County.,,,,
94901 San Rafael,zcta,94901,San Rafael,37.980709,-122.5006058,1556235,2552,2022-02-28,10,0,Zillow ZIP-level market for San Rafael; mapped with Census 2020 ZCTA 94901 in Marin County.,,2552,Zillow ZORI,
94941 Mill Valley,zcta,94941,Mill Valley,37.9247747,-122.6001828,2196413,3730,2022-02-28,10,0,Zillow ZIP-level market for Mill Valley; mapped with Census 2020 ZCTA 94941 in Marin County.,,3730,Zillow ZORI,
94903 San Rafael,zcta,94903,San Rafael,38.0221295,-122.55881,1370054,2914,2022-02-28,10,0,Zillow ZIP-level market for San Rafael; mapped with Census 2020 ZCTA 94903 in Marin County.,,2914,Zillow ZORI,
94947 Novato,zcta,94947,Novato,38.1061995,-122.6249851,1067608,,2022-02-28,10,0,Zillow ZIP-level market for Novato; mapped with Census 2020 ZCTA 94947 in Marin County.,,,,
94949 Novato,zcta,94949,Novato,38.0600944,-122.5064097,1342028,,2022-02-28,10,0,Zillow ZIP-level market for Novato; mapped with Census 2020 ZCTA 94949 in Marin County.,,,,
94945 Novato,zcta,94945,Novato,38.1226869,-122.5531417,1091595,,2022-02-28,10,0,Zillow ZIP-level market for Novato; mapped with Census 2020 ZCTA 94945 in Marin County.,,,,
94960 San Anselmo,zcta,94960,San Anselmo,37.9970232,-122.5783384,1729605,,2022-02-28,10,0,Zillow ZIP-level market for San Anselmo; mapped with Census 2020 ZCTA 94960 in Marin County.,,,,
94904 Kentfield,zcta,94904,Kentfield,37.9472249,-122.5517753,2614302,,2022-02-28,10,0,Zillow ZIP-level market for Kentfield; mapped with Census 2020 ZCTA 94904 in Marin County.,,,,
94920 Tiburon,zcta,94920,Tiburon,37.8867683,-122.4626194,3644009,,2022-02-28,10,0,Zillow ZIP-level market for Tiburon; mapped with Census 2020 ZCTA 94920 in Marin County.,,,,
94965 Sausalito,zcta,94965,Sausalito,37.8373471,-122.5274824,2139825,3229,2022-02-28,10,0,Zillow ZIP-level market for Sausalito; mapped with Census 2020 ZCTA 94965 in Marin County.,,3229,Zillow ZORI,
94925 Corte Madera,zcta,94925,Corte Madera,37.9318458,-122.5077378,1861512,,2022-02-28,10,0,Zillow ZIP-level market for Corte Madera; mapped with Census 2020 ZCTA 94925 in Marin County.,,,,
94930 Fairfax,zcta,94930,Fairfax,37.9697928,-122.61533,1282773,,2022-02-28,10,0,Zillow ZIP-level market for Fairfax; mapped with Census 2020 ZCTA 94930 in Marin County.,,,,
94939 Larkspur,zcta,94939,Larkspur,37.9382519,-122.5359478,2597875,,2022-02-28,10,0,Zillow ZIP-level market for Larkspur; mapped with Census 2020 ZCTA 94939 in Marin County.,,,,
94957 Ross,zcta,94957,Ross,37.9634213,-122.5618079,4281620,,2022-02-28,10,0,Zillow ZIP-level market for Ross; mapped with Census 2020 ZCTA 94957 in Marin County.,,,,
94937 Point Reyes Station,zcta,94937,Point Reyes Station,38.1164824,-122.930353,1577451,,2022-02-28,10,0,Zillow ZIP-level market for Point Reyes Station; mapped with Census 2020 ZCTA 94937 in Marin County.,,,,
94924 Bolinas,zcta,94924,Bolinas,37.9669044,-122.7388158,2118596,,2022-02-28,10,0,Zillow ZIP-level market for Bolinas; mapped with Census 2020 ZCTA 94924 in Marin County.,,,,
94963 Lagunitas,zcta,94963,Lagunitas,38.00761,-122.6647483,1333972,,2022-02-28,10,0,Zillow ZIP-level market for Lagunitas; mapped with Census 2020 ZCTA 94963 in Marin County.,,,,
94973 Woodacre,zcta,94973,Woodacre,38.0125906,-122.6394,1117865,,2022-02-28,10,0,Zillow ZIP-level market for Woodacre; mapped with Census 2020 ZCTA 94973 in Marin County.,,,,
94946 Nicasio,zcta,94946,Nicasio,38.0747338,-122.6952645,2184303,,2022-02-28,10,0,Zillow ZIP-level market for Nicasio; mapped with Census 2020 ZCTA 94946 in Marin County.,,,,
94938 Bolinas,zcta,94938,Bolinas,38.0302365,-122.7295132,1041837,,2022-02-28,10,0,Zillow ZIP-level market for Bolinas; mapped with Census 2020 ZCTA 94938 in Marin County.,,,,
94970 Stinson Beach,zcta,94970,Stinson Beach,37.9258817,-122.6598334,3292847,,2022-02-28,10,0,Zillow ZIP-level market for Stinson Beach; mapped with Census 2020 ZCTA 94970 in Marin County.,,,,
94956 Point Reyes Station,zcta,94956,Point Reyes Station,38.0214541,-122.81817,1555733,,2022-02-28,10,0,Zillow ZIP-level market for Point Reyes Station; mapped with Census 2020 ZCTA 94956 in Marin County.,,,,
94940 Marshall,zcta,94940,Marshall,38.2039708,-122.8914816,1730714,,2022-02-28,10,0,Zillow ZIP-level market for Marshall; mapped with Census 2020 ZCTA 94940 in Marin County.,,,,
94933 Lagunitas,zcta,94933,Lagunitas,38.0175021,-122.688148,919775,,2022-02-28,10,0,Zillow ZIP-level market for Lagunitas; mapped with Census 2020 ZCTA 94933 in Marin County.,,,,
94971 Tomales,zcta,94971,Tomales,38.2330285,-122.8969589,1136734,,2022-02-28,10,0,Zillow ZIP-level market for Tomales; mapped with Census 2020 ZCTA 94971 in Marin County.,,,,
94929 nan,zcta,94929,nan,38.2545284,-122.9623709,1384982,,2022-02-28,10,0,Zillow ZIP-level market for nan; mapped with Census 2020 ZCTA 94929 in Marin County.,,,,
94901 San Rafael,zcta,94901,San Rafael,37.980709,-122.5006058,1608741,2590,2022-03-31,10,0,Zillow ZIP-level market for San Rafael; mapped with Census 2020 ZCTA 94901 in Marin County.,,2590,Zillow ZORI,
94941 Mill Valley,zcta,94941,Mill Valley,37.9247747,-122.6001828,2275735,3659,2022-03-31,10,0,Zillow ZIP-level market for Mill Valley; mapped with Census 2020 ZCTA 94941 in Marin County.,,3659,Zillow ZORI,
94903 San Rafael,zcta,94903,San Rafael,38.0221295,-122.55881,1427088,2966,2022-03-31,10,0,Zillow ZIP-level market for San Rafael; mapped with Census 2020 ZCTA 94903 in Marin County.,,2966,Zillow ZORI,
94947 Novato,zcta,94947,Novato,38.1061995,-122.6249851,1101381,,2022-03-31,10,0,Zillow ZIP-level market for Novato; mapped with Census 2020 ZCTA 94947 in Marin County.,,,,
94949 Novato,zcta,94949,Novato,38.0600944,-122.5064097,1382334,,2022-03-31,10,0,Zillow ZIP-level market for Novato; mapped with Census 2020 ZCTA 94949 in Marin County.,,,,
94945 Novato,zcta,94945,Novato,38.1226869,-122.5531417,1123383,,2022-03-31,10,0,Zillow ZIP-level market for Novato; mapped with Census 2020 ZCTA 94945 in Marin County.,,,,
94960 San Anselmo,zcta,94960,San Anselmo,37.9970232,-122.5783384,1780875,,2022-03-31,10,0,Zillow ZIP-level market for San Anselmo; mapped with Census 2020 ZCTA 94960 in Marin County.,,,,
94904 Kentfield,zcta,94904,Kentfield,37.9472249,-122.5517753,2686838,,2022-03-31,10,0,Zillow ZIP-level market for Kentfield; mapped with Census 2020 ZCTA 94904 in Marin County.,,,,
94920 Tiburon,zcta,94920,Tiburon,37.8867683,-122.4626194,3747371,,2022-03-31,10,0,Zillow ZIP-level market for Tiburon; mapped with Census 2020 ZCTA 94920 in Marin County.,,,,
94965 Sausalito,zcta,94965,Sausalito,37.8373471,-122.5274824,2182577,3268,2022-03-31,10,0,Zillow ZIP-level market for Sausalito; mapped with Census 2020 ZCTA 94965 in Marin County.,,3268,Zillow ZORI,
94925 Corte Madera,zcta,94925,Corte Madera,37.9318458,-122.5077378,1935127,,2022-03-31,10,0,Zillow ZIP-level market for Corte Madera; mapped with Census 2020 ZCTA 94925 in Marin County.,,,,
94930 Fairfax,zcta,94930,Fairfax,37.9697928,-122.61533,1326974,,2022-03-31,10,0,Zillow ZIP-level market for Fairfax; mapped with Census 2020 ZCTA 94930 in Marin County.,,,,
94939 Larkspur,zcta,94939,Larkspur,37.9382519,-122.5359478,2678650,,2022-03-31,10,0,Zillow ZIP-level market for Larkspur; mapped with Census 2020 ZCTA 94939 in Marin County.,,,,
94957 Ross,zcta,94957,Ross,37.9634213,-122.5618079,4370751,,2022-03-31,10,0,Zillow ZIP-level market for Ross; mapped with Census 2020 ZCTA 94957 in Marin County.,,,,
94937 Point Reyes Station,zcta,94937,Point Reyes Station,38.1164824,-122.930353,1637097,,2022-03-31,10,0,Zillow ZIP-level market for Point Reyes Station; mapped with Census 2020 ZCTA 94937 in Marin County.,,,,
94924 Bolinas,zcta,94924,Bolinas,37.9669044,-122.7388158,2157847,,2022-03-31,10,0,Zillow ZIP-level market for Bolinas; mapped with Census 2020 ZCTA 94924 in Marin County.,,,,
94963 Lagunitas,zcta,94963,Lagunitas,38.00761,-122.6647483,1371503,,2022-03-31,10,0,Zillow ZIP-level market for Lagunitas; mapped with Census 2020 ZCTA 94963 in Marin County.,,,,
94973 Woodacre,zcta,94973,Woodacre,38.0125906,-122.6394,1158136,,2022-03-31,10,0,Zillow ZIP-level market for Woodacre; mapped with Census 2020 ZCTA 94973 in Marin County.,,,,
94946 Nicasio,zcta,94946,Nicasio,38.0747338,-122.6952645,2242629,,2022-03-31,10,0,Zillow ZIP-level market for Nicasio; mapped with Census 2020 ZCTA 94946 in Marin County.,,,,
94938 Bolinas,zcta,94938,Bolinas,38.0302365,-122.7295132,1068680,,2022-03-31,10,0,Zillow ZIP-level market for Bolinas; mapped with Census 2020 ZCTA 94938 in Marin County.,,,,
94970 Stinson Beach,zcta,94970,Stinson Beach,37.9258817,-122.6598334,3354747,,2022-03-31,10,0,Zillow ZIP-level market for Stinson Beach; mapped with Census 2020 ZCTA 94970 in Marin County.,,,,
94956 Point Reyes Station,zcta,94956,Point Reyes Station,38.0214541,-122.81817,1599724,,2022-03-31,10,0,Zillow ZIP-level market for Point Reyes Station; mapped with Census 2020 ZCTA 94956 in Marin County.,,,,
94940 Marshall,zcta,94940,Marshall,38.2039708,-122.8914816,1760036,,2022-03-31,10,0,Zillow ZIP-level market for Marshall; mapped with Census 2020 ZCTA 94940 in Marin County.,,,,
94933 Lagunitas,zcta,94933,Lagunitas,38.0175021,-122.688148,946204,,2022-03-31,10,0,Zillow ZIP-level market for Lagunitas; mapped with Census 2020 ZCTA 94933 in Marin County.,,,,
94971 Tomales,zcta,94971,Tomales,38.2330285,-122.8969589,1160806,,2022-03-31,10,0,Zillow ZIP-level market for Tomales; mapped with Census 2020 ZCTA 94971 in Marin County.,,,,
94929 nan,zcta,94929,nan,38.2545284,-122.9623709,1430087,,2022-03-31,10,0,Zillow ZIP-level market for nan; mapped with Census 2020 ZCTA 94929 in Marin County.,,,,
94901 San Rafael,zcta,94901,San Rafael,37.980709,-122.5006058,1650191,2600,2022-04-30,10,0,Zillow ZIP-level market for San Rafael; mapped with Census 2020 ZCTA 94901 in Marin County.,,2600,Zillow ZORI,
94941 Mill Valley,zcta,94941,Mill Valley,37.9247747,-122.6001828,2335986,3681,2022-04-30,10,0,Zillow ZIP-level market for Mill Valley; mapped with Census 2020 ZCTA 94941 in Marin County.,,3681,Zillow ZORI,
94903 San Rafael,zcta,94903,San Rafael,38.0221295,-122.55881,1471880,2971,2022-04-30,10,0,Zillow ZIP-level market for San Rafael; mapped with Census 2020 ZCTA 94903 in Marin County.,,2971,Zillow ZORI,
94947 Novato,zcta,94947,Novato,38.1061995,-122.6249851,1128925,,2022-04-30,10,0,Zillow ZIP-level market for Novato; mapped with Census 2020 ZCTA 94947 in Marin County.,,,,
94949 Novato,zcta,94949,Novato,38.0600944,-122.5064097,1415325,,2022-04-30,10,0,Zillow ZIP-level market for Novato; mapped with Census 2020 ZCTA 94949 in Marin County.,,,,
94945 Novato,zcta,94945,Novato,38.1226869,-122.5531417,1150618,,2022-04-30,10,0,Zillow ZIP-level market for Novato; mapped with Census 2020 ZCTA 94945 in Marin County.,,,,
94960 San Anselmo,zcta,94960,San Anselmo,37.9970232,-122.5783384,1822433,,2022-04-30,10,0,Zillow ZIP-level market for San Anselmo; mapped with Census 2020 ZCTA 94960 in Marin County.,,,,
94904 Kentfield,zcta,94904,Kentfield,37.9472249,-122.5517753,2737789,,2022-04-30,10,0,Zillow ZIP-level market for Kentfield; mapped with Census 2020 ZCTA 94904 in Marin County.,,,,
94920 Tiburon,zcta,94920,Tiburon,37.8867683,-122.4626194,3812934,,2022-04-30,10,0,Zillow ZIP-level market for Tiburon; mapped with Census 2020 ZCTA 94920 in Marin County.,,,,
94965 Sausalito,zcta,94965,Sausalito,37.8373471,-122.5274824,2218199,3286,2022-04-30,10,0,Zillow ZIP-level market for Sausalito; mapped with Census 2020 ZCTA 94965 in Marin County.,,3286,Zillow ZORI,
94925 Corte Madera,zcta,94925,Corte Madera,37.9318458,-122.5077378,1993680,,2022-04-30,10,0,Zillow ZIP-level market for Corte Madera; mapped with Census 2020 ZCTA 94925 in Marin County.,,,,
94930 Fairfax,zcta,94930,Fairfax,37.9697928,-122.61533,1360896,,2022-04-30,10,0,Zillow ZIP-level market for Fairfax; mapped with Census 2020 ZCTA 94930 in Marin County.,,,,
94939 Larkspur,zcta,94939,Larkspur,37.9382519,-122.5359478,2736032,,2022-04-30,10,0,Zillow ZIP-level market for Larkspur; mapped with Census 2020 ZCTA 94939 in Marin County.,,,,
94957 Ross,zcta,94957,Ross,37.9634213,-122.5618079,4426966,,2022-04-30,10,0,Zillow ZIP-level market for Ross; mapped with Census 2020 ZCTA 94957 in Marin County.,,,,
94937 Point Reyes Station,zcta,94937,Point Reyes Station,38.1164824,-122.930353,1683199,,2022-04-30,10,0,Zillow ZIP-level market for Point Reyes Station; mapped with Census 2020 ZCTA 94937 in Marin County.,,,,
94924 Bolinas,zcta,94924,Bolinas,37.9669044,-122.7388158,2183161,,2022-04-30,10,0,Zillow ZIP-level market for Bolinas; mapped with Census 2020 ZCTA 94924 in Marin County.,,,,
94963 Lagunitas,zcta,94963,Lagunitas,38.00761,-122.6647483,1407949,,2022-04-30,10,0,Zillow ZIP-level market for Lagunitas; mapped with Census 2020 ZCTA 94963 in Marin County.,,,,
94973 Woodacre,zcta,94973,Woodacre,38.0125906,-122.6394,1189145,,2022-04-30,10,0,Zillow ZIP-level market for Woodacre; mapped with Census 2020 ZCTA 94973 in Marin County.,,,,
94946 Nicasio,zcta,94946,Nicasio,38.0747338,-122.6952645,2290444,,2022-04-30,10,0,Zillow ZIP-level market for Nicasio; mapped with Census 2020 ZCTA 94946 in Marin County.,,,,
94938 Bolinas,zcta,94938,Bolinas,38.0302365,-122.7295132,1091972,,2022-04-30,10,0,Zillow ZIP-level market for Bolinas; mapped with Census 2020 ZCTA 94938 in Marin County.,,,,
94970 Stinson Beach,zcta,94970,Stinson Beach,37.9258817,-122.6598334,3407472,,2022-04-30,10,0,Zillow ZIP-level market for Stinson Beach; mapped with Census 2020 ZCTA 94970 in Marin County.,,,,
94956 Point Reyes Station,zcta,94956,Point Reyes Station,38.0214541,-122.81817,1634805,,2022-04-30,10,0,Zillow ZIP-level market for Point Reyes Station; mapped with Census 2020 ZCTA 94956 in Marin County.,,,,
94940 Marshall,zcta,94940,Marshall,38.2039708,-122.8914816,1783887,,2022-04-30,10,0,Zillow ZIP-level market for Marshall; mapped with Census 2020 ZCTA 94940 in Marin County.,,,,
94933 Lagunitas,zcta,94933,Lagunitas,38.0175021,-122.688148,968293,,2022-04-30,10,0,Zillow ZIP-level market for Lagunitas; mapped with Census 2020 ZCTA 94933 in Marin County.,,,,
94971 Tomales,zcta,94971,Tomales,38.2330285,-122.8969589,1178326,,2022-04-30,10,0,Zillow ZIP-level market for Tomales; mapped with Census 2020 ZCTA 94971 in Marin County.,,,,
94929 nan,zcta,94929,nan,38.2545284,-122.9623709,1473069,,2022-04-30,10,0,Zillow ZIP-level market for nan; mapped with Census 2020 ZCTA 94929 in Marin County.,,,,
94901 San Rafael,zcta,94901,San Rafael,37.980709,-122.5006058,1682653,2601,2022-05-31,10,0,Zillow ZIP-level market for San Rafael; mapped with Census 2020 ZCTA 94901 in Marin County.,,2601,Zillow ZORI,
94941 Mill Valley,zcta,94941,Mill Valley,37.9247747,-122.6001828,2382595,3702,2022-05-31,10,0,Zillow ZIP-level market for Mill Valley; mapped with Census 2020 ZCTA 94941 in Marin County.,,3702,Zillow ZORI,
94903 San Rafael,zcta,94903,San Rafael,38.0221295,-122.55881,1501897,2903,2022-05-31,10,0,Zillow ZIP-level market for San Rafael; mapped with Census 2020 ZCTA 94903 in Marin County.,,2903,Zillow ZORI,
94947 Novato,zcta,94947,Novato,38.1061995,-122.6249851,1147957,,2022-05-31,10,0,Zillow ZIP-level market for Novato; mapped with Census 2020 ZCTA 94947 in Marin County.,,,,
94949 Novato,zcta,94949,Novato,38.0600944,-122.5064097,1440445,,2022-05-31,10,0,Zillow ZIP-level market for Novato; mapped with Census 2020 ZCTA 94949 in Marin County.,,,,
94945 Novato,zcta,94945,Novato,38.1226869,-122.5531417,1171560,,2022-05-31,10,0,Zillow ZIP-level market for Novato; mapped with Census 2020 ZCTA 94945 in Marin County.,,,,
94960 San Anselmo,zcta,94960,San Anselmo,37.9970232,-122.5783384,1857281,,2022-05-31,10,0,Zillow ZIP-level market for San Anselmo; mapped with Census 2020 ZCTA 94960 in Marin County.,,,,
94904 Kentfield,zcta,94904,Kentfield,37.9472249,-122.5517753,2782654,,2022-05-31,10,0,Zillow ZIP-level market for Kentfield; mapped with Census 2020 ZCTA 94904 in Marin County.,,,,
94920 Tiburon,zcta,94920,Tiburon,37.8867683,-122.4626194,3867725,,2022-05-31,10,0,Zillow ZIP-level market for Tiburon; mapped with Census 2020 ZCTA 94920 in Marin County.,,,,
94965 Sausalito,zcta,94965,Sausalito,37.8373471,-122.5274824,2249948,3320,2022-05-31,10,0,Zillow ZIP-level market for Sausalito; mapped with Census 2020 ZCTA 94965 in Marin County.,,3320,Zillow ZORI,
94925 Corte Madera,zcta,94925,Corte Madera,37.9318458,-122.5077378,2034314,,2022-05-31,10,0,Zillow ZIP-level market for Corte Madera; mapped with Census 2020 ZCTA 94925 in Marin County.,,,,
94930 Fairfax,zcta,94930,Fairfax,37.9697928,-122.61533,1388681,,2022-05-31,10,0,Zillow ZIP-level market for Fairfax; mapped with Census 2020 ZCTA 94930 in Marin County.,,,,
94939 Larkspur,zcta,94939,Larkspur,37.9382519,-122.5359478,2781669,,2022-05-31,10,0,Zillow ZIP-level market for Larkspur; mapped with Census 2020 ZCTA 94939 in Marin County.,,,,
94957 Ross,zcta,94957,Ross,37.9634213,-122.5618079,4490409,,2022-05-31,10,0,Zillow ZIP-level market for Ross; mapped with Census 2020 ZCTA 94957 in Marin County.,,,,
94937 Point Reyes Station,zcta,94937,Point Reyes Station,38.1164824,-122.930353,1712185,,2022-05-31,10,0,Zillow ZIP-level market for Point Reyes Station; mapped with Census 2020 ZCTA 94937 in Marin County.,,,,
94924 Bolinas,zcta,94924,Bolinas,37.9669044,-122.7388158,2220248,,2022-05-31,10,0,Zillow ZIP-level market for Bolinas; mapped with Census 2020 ZCTA 94924 in Marin County.,,,,
94963 Lagunitas,zcta,94963,Lagunitas,38.00761,-122.6647483,1434104,,2022-05-31,10,0,Zillow ZIP-level market for Lagunitas; mapped with Census 2020 ZCTA 94963 in Marin County.,,,,
94973 Woodacre,zcta,94973,Woodacre,38.0125906,-122.6394,1211860,,2022-05-31,10,0,Zillow ZIP-level market for Woodacre; mapped with Census 2020 ZCTA 94973 in Marin County.,,,,
94946 Nicasio,zcta,94946,Nicasio,38.0747338,-122.6952645,2327156,,2022-05-31,10,0,Zillow ZIP-level market for Nicasio; mapped with Census 2020 ZCTA 94946 in Marin County.,,,,
94938 Bolinas,zcta,94938,Bolinas,38.0302365,-122.7295132,1108317,,2022-05-31,10,0,Zillow ZIP-level market for Bolinas; mapped with Census 2020 ZCTA 94938 in Marin County.,,,,
94970 Stinson Beach,zcta,94970,Stinson Beach,37.9258817,-122.6598334,3443480,,2022-05-31,10,0,Zillow ZIP-level market for Stinson Beach; mapped with Census 2020 ZCTA 94970 in Marin County.,,,,
94956 Point Reyes Station,zcta,94956,Point Reyes Station,38.0214541,-122.81817,1663818,,2022-05-31,10,0,Zillow ZIP-level market for Point Reyes Station; mapped with Census 2020 ZCTA 94956 in Marin County.,,,,
94940 Marshall,zcta,94940,Marshall,38.2039708,-122.8914816,1805404,,2022-05-31,10,0,Zillow ZIP-level market for Marshall; mapped with Census 2020 ZCTA 94940 in Marin County.,,,,
94933 Lagunitas,zcta,94933,Lagunitas,38.0175021,-122.688148,981854,,2022-05-31,10,0,Zillow ZIP-level market for Lagunitas; mapped with Census 2020 ZCTA 94933 in Marin County.,,,,
94971 Tomales,zcta,94971,Tomales,38.2330285,-122.8969589,1190717,,2022-05-31,10,0,Zillow ZIP-level market for Tomales; mapped with Census 2020 ZCTA 94971 in Marin County.,,,,
94929 nan,zcta,94929,nan,38.2545284,-122.9623709,1505361,,2022-05-31,10,0,Zillow ZIP-level market for nan; mapped with Census 2020 ZCTA 94929 in Marin County.,,,,
94901 San Rafael,zcta,94901,San Rafael,37.980709,-122.5006058,1700845,2603,2022-06-30,10,0,Zillow ZIP-level market for San Rafael; mapped with Census 2020 ZCTA 94901 in Marin County.,,2603,Zillow ZORI,
94941 Mill Valley,zcta,94941,Mill Valley,37.9247747,-122.6001828,2409846,3769,2022-06-30,10,0,Zillow ZIP-level market for Mill Valley; mapped with Census 2020 ZCTA 94941 in Marin County.,,3769,Zillow ZORI,
94903 San Rafael,zcta,94903,San Rafael,38.0221295,-122.55881,1512963,2877,2022-06-30,10,0,Zillow ZIP-level market for San Rafael; mapped with Census 2020 ZCTA 94903 in Marin County.,,2877,Zillow ZORI,
94947 Novato,zcta,94947,Novato,38.1061995,-122.6249851,1157373,,2022-06-30,10,0,Zillow ZIP-level market for Novato; mapped with Census 2020 ZCTA 94947 in Marin County.,,,,
94949 Novato,zcta,94949,Novato,38.0600944,-122.5064097,1452847,,2022-06-30,10,0,Zillow ZIP-level market for Novato; mapped with Census 2020 ZCTA 94949 in Marin County.,,,,
94945 Novato,zcta,94945,Novato,38.1226869,-122.5531417,1182712,,2022-06-30,10,0,Zillow ZIP-level market for Novato; mapped with Census 2020 ZCTA 94945 in Marin County.,,,,
94960 San Anselmo,zcta,94960,San Anselmo,37.9970232,-122.5783384,1874614,,2022-06-30,10,0,Zillow ZIP-level market for San Anselmo; mapped with Census 2020 ZCTA 94960 in Marin County.,,,,
94904 Kentfield,zcta,94904,Kentfield,37.9472249,-122.5517753,2810817,,2022-06-30,10,0,Zillow ZIP-level market for Kentfield; mapped with Census 2020 ZCTA 94904 in Marin County.,,,,
94920 Tiburon,zcta,94920,Tiburon,37.8867683,-122.4626194,3903302,,2022-06-30,10,0,Zillow ZIP-level market for Tiburon; mapped with Census 2020 ZCTA 94920 in Marin County.,,,,
94965 Sausalito,zcta,94965,Sausalito,37.8373471,-122.5274824,2270694,3279,2022-06-30,10,0,Zillow ZIP-level market for Sausalito; mapped with Census 2020 ZCTA 94965 in Marin County.,,3279,Zillow ZORI,
94925 Corte Madera,zcta,94925,Corte Madera,37.9318458,-122.5077378,2050187,,2022-06-30,10,0,Zillow ZIP-level market for Corte Madera; mapped with Census 2020 ZCTA 94925 in Marin County.,,,,
94930 Fairfax,zcta,94930,Fairfax,37.9697928,-122.61533,1401379,,2022-06-30,10,0,Zillow ZIP-level market for Fairfax; mapped with Census 2020 ZCTA 94930 in Marin County.,,,,
94939 Larkspur,zcta,94939,Larkspur,37.9382519,-122.5359478,2807061,,2022-06-30,10,0,Zillow ZIP-level market for Larkspur; mapped with Census 2020 ZCTA 94939 in Marin County.,,,,
94957 Ross,zcta,94957,Ross,37.9634213,-122.5618079,4546005,,2022-06-30,10,0,Zillow ZIP-level market for Ross; mapped with Census 2020 ZCTA 94957 in Marin County.,,,,
94937 Point Reyes Station,zcta,94937,Point Reyes Station,38.1164824,-122.930353,1715816,,2022-06-30,10,0,Zillow ZIP-level market for Point Reyes Station; mapped with Census 2020 ZCTA 94937 in Marin County.,,,,
94924 Bolinas,zcta,94924,Bolinas,37.9669044,-122.7388158,2231200,,2022-06-30,10,0,Zillow ZIP-level market for Bolinas; mapped with Census 2020 ZCTA 94924 in Marin County.,,,,
94963 Lagunitas,zcta,94963,Lagunitas,38.00761,-122.6647483,1449959,,2022-06-30,10,0,Zillow ZIP-level market for Lagunitas; mapped with Census 2020 ZCTA 94963 in Marin County.,,,,
94973 Woodacre,zcta,94973,Woodacre,38.0125906,-122.6394,1222760,,2022-06-30,10,0,Zillow ZIP-level market for Woodacre; mapped with Census 2020 ZCTA 94973 in Marin County.,,,,
94946 Nicasio,zcta,94946,Nicasio,38.0747338,-122.6952645,2347290,,2022-06-30,10,0,Zillow ZIP-level market for Nicasio; mapped with Census 2020 ZCTA 94946 in Marin County.,,,,
94938 Bolinas,zcta,94938,Bolinas,38.0302365,-122.7295132,1117248,,2022-06-30,10,0,Zillow ZIP-level market for Bolinas; mapped with Census 2020 ZCTA 94938 in Marin County.,,,,
94970 Stinson Beach,zcta,94970,Stinson Beach,37.9258817,-122.6598334,3448479,,2022-06-30,10,0,Zillow ZIP-level market for Stinson Beach; mapped with Census 2020 ZCTA 94970 in Marin County.,,,,
94956 Point Reyes Station,zcta,94956,Point Reyes Station,38.0214541,-122.81817,1679554,,2022-06-30,10,0,Zillow ZIP-level market for Point Reyes Station; mapped with Census 2020 ZCTA 94956 in Marin County.,,,,
94940 Marshall,zcta,94940,Marshall,38.2039708,-122.8914816,1809830,,2022-06-30,10,0,Zillow ZIP-level market for Marshall; mapped with Census 2020 ZCTA 94940 in Marin County.,,,,
94933 Lagunitas,zcta,94933,Lagunitas,38.0175021,-122.688148,990521,,2022-06-30,10,0,Zillow ZIP-level market for Lagunitas; mapped with Census 2020 ZCTA 94933 in Marin County.,,,,
94971 Tomales,zcta,94971,Tomales,38.2330285,-122.8969589,1194463,,2022-06-30,10,0,Zillow ZIP-level market for Tomales; mapped with Census 2020 ZCTA 94971 in Marin County.,,,,
94929 nan,zcta,94929,nan,38.2545284,-122.9623709,1516896,,2022-06-30,10,0,Zillow ZIP-level market for nan; mapped with Census 2020 ZCTA 94929 in Marin County.,,,,
94901 San Rafael,zcta,94901,San Rafael,37.980709,-122.5006058,1698917,2665,2022-07-31,10,0,Zillow ZIP-level market for San Rafael; mapped with Census 2020 ZCTA 94901 in Marin County.,,2665,Zillow ZORI,
94941 Mill Valley,zcta,94941,Mill Valley,37.9247747,-122.6001828,2408153,3724,2022-07-31,10,0,Zillow ZIP-level market for Mill Valley; mapped with Census 2020 ZCTA 94941 in Marin County.,,3724,Zillow ZORI,
94903 San Rafael,zcta,94903,San Rafael,38.0221295,-122.55881,1506716,2889,2022-07-31,10,0,Zillow ZIP-level market for San Rafael; mapped with Census 2020 ZCTA 94903 in Marin County.,,2889,Zillow ZORI,
94947 Novato,zcta,94947,Novato,38.1061995,-122.6249851,1155284,,2022-07-31,10,0,Zillow ZIP-level market for Novato; mapped with Census 2020 ZCTA 94947 in Marin County.,,,,
94949 Novato,zcta,94949,Novato,38.0600944,-122.5064097,1447769,,2022-07-31,10,0,Zillow ZIP-level market for Novato; mapped with Census 2020 ZCTA 94949 in Marin County.,,,,
94945 Novato,zcta,94945,Novato,38.1226869,-122.5531417,1181915,,2022-07-31,10,0,Zillow ZIP-level market for Novato; mapped with Census 2020 ZCTA 94945 in Marin County.,,,,
94960 San Anselmo,zcta,94960,San Anselmo,37.9970232,-122.5783384,1869794,,2022-07-31,10,0,Zillow ZIP-level market for San Anselmo; mapped with Census 2020 ZCTA 94960 in Marin County.,,,,
94904 Kentfield,zcta,94904,Kentfield,37.9472249,-122.5517753,2811958,,2022-07-31,10,0,Zillow ZIP-level market for Kentfield; mapped with Census 2020 ZCTA 94904 in Marin County.,,,,
94920 Tiburon,zcta,94920,Tiburon,37.8867683,-122.4626194,3905388,,2022-07-31,10,0,Zillow ZIP-level market for Tiburon; mapped with Census 2020 ZCTA 94920 in Marin County.,,,,
94965 Sausalito,zcta,94965,Sausalito,37.8373471,-122.5274824,2270017,3214,2022-07-31,10,0,Zillow ZIP-level market for Sausalito; mapped with Census 2020 ZCTA 94965 in Marin County.,,3214,Zillow ZORI,
94925 Corte Madera,zcta,94925,Corte Madera,37.9318458,-122.5077378,2041698,,2022-07-31,10,0,Zillow ZIP-level market for Corte Madera; mapped with Census 2020 ZCTA 94925 in Marin County.,,,,
94930 Fairfax,zcta,94930,Fairfax,37.9697928,-122.61533,1397997,,2022-07-31,10,0,Zillow ZIP-level market for Fairfax; mapped with Census 2020 ZCTA 94930 in Marin County.,,,,
94939 Larkspur,zcta,94939,Larkspur,37.9382519,-122.5359478,2799826,,2022-07-31,10,0,Zillow ZIP-level market for Larkspur; mapped with Census 2020 ZCTA 94939 in Marin County.,,,,
94957 Ross,zcta,94957,Ross,37.9634213,-122.5618079,4564716,,2022-07-31,10,0,Zillow ZIP-level market for Ross; mapped with Census 2020 ZCTA 94957 in Marin County.,,,,
94937 Point Reyes Station,zcta,94937,Point Reyes Station,38.1164824,-122.930353,1694972,,2022-07-31,10,0,Zillow ZIP-level market for Point Reyes Station; mapped with Census 2020 ZCTA 94937 in Marin County.,,,,
94924 Bolinas,zcta,94924,Bolinas,37.9669044,-122.7388158,2225330,,2022-07-31,10,0,Zillow ZIP-level market for Bolinas; mapped with Census 2020 ZCTA 94924 in Marin County.,,,,
94963 Lagunitas,zcta,94963,Lagunitas,38.00761,-122.6647483,1444255,,2022-07-31,10,0,Zillow ZIP-level market for Lagunitas; mapped with Census 2020 ZCTA 94963 in Marin County.,,,,
94973 Woodacre,zcta,94973,Woodacre,38.0125906,-122.6394,1215663,,2022-07-31,10,0,Zillow ZIP-level market for Woodacre; mapped with Census 2020 ZCTA 94973 in Marin County.,,,,
94946 Nicasio,zcta,94946,Nicasio,38.0747338,-122.6952645,2338057,,2022-07-31,10,0,Zillow ZIP-level market for Nicasio; mapped with Census 2020 ZCTA 94946 in Marin County.,,,,
94938 Bolinas,zcta,94938,Bolinas,38.0302365,-122.7295132,1113159,,2022-07-31,10,0,Zillow ZIP-level market for Bolinas; mapped with Census 2020 ZCTA 94938 in Marin County.,,,,
94970 Stinson Beach,zcta,94970,Stinson Beach,37.9258817,-122.6598334,3427617,,2022-07-31,10,0,Zillow ZIP-level market for Stinson Beach; mapped with Census 2020 ZCTA 94970 in Marin County.,,,,
94956 Point Reyes Station,zcta,94956,Point Reyes Station,38.0214541,-122.81817,1669634,,2022-07-31,10,0,Zillow ZIP-level market for Point Reyes Station; mapped with Census 2020 ZCTA 94956 in Marin County.,,,,
94940 Marshall,zcta,94940,Marshall,38.2039708,-122.8914816,1792972,,2022-07-31,10,0,Zillow ZIP-level market for Marshall; mapped with Census 2020 ZCTA 94940 in Marin County.,,,,
94933 Lagunitas,zcta,94933,Lagunitas,38.0175021,-122.688148,985558,,2022-07-31,10,0,Zillow ZIP-level market for Lagunitas; mapped with Census 2020 ZCTA 94933 in Marin County.,,,,
94971 Tomales,zcta,94971,Tomales,38.2330285,-122.8969589,1188497,,2022-07-31,10,0,Zillow ZIP-level market for Tomales; mapped with Census 2020 ZCTA 94971 in Marin County.,,,,
94929 nan,zcta,94929,nan,38.2545284,-122.9623709,1503235,,2022-07-31,10,0,Zillow ZIP-level market for nan; mapped with Census 2020 ZCTA 94929 in Marin County.,,,,
94901 San Rafael,zcta,94901,San Rafael,37.980709,-122.5006058,1677991,2675,2022-08-31,10,0,Zillow ZIP-level market for San Rafael; mapped with Census 2020 ZCTA 94901 in Marin County.,,2675,Zillow ZORI,
94941 Mill Valley,zcta,94941,Mill Valley,37.9247747,-122.6001828,2371992,3743,2022-08-31,10,0,Zillow ZIP-level market for Mill Valley; mapped with Census 2020 ZCTA 94941 in Marin County.,,3743,Zillow ZORI,
94903 San Rafael,zcta,94903,San Rafael,38.0221295,-122.55881,1484184,2887,2022-08-31,10,0,Zillow ZIP-level market for San Rafael; mapped with Census 2020 ZCTA 94903 in Marin County.,,2887,Zillow ZORI,
94947 Novato,zcta,94947,Novato,38.1061995,-122.6249851,1142161,,2022-08-31,10,0,Zillow ZIP-level market for Novato; mapped with Census 2020 ZCTA 94947 in Marin County.,,,,
94949 Novato,zcta,94949,Novato,38.0600944,-122.5064097,1427411,,2022-08-31,10,0,Zillow ZIP-level market for Novato; mapped with Census 2020 ZCTA 94949 in Marin County.,,,,
94945 Novato,zcta,94945,Novato,38.1226869,-122.5531417,1169151,,2022-08-31,10,0,Zillow ZIP-level market for Novato; mapped with Census 2020 ZCTA 94945 in Marin County.,,,,
94960 San Anselmo,zcta,94960,San Anselmo,37.9970232,-122.5783384,1842024,,2022-08-31,10,0,Zillow ZIP-level market for San Anselmo; mapped with Census 2020 ZCTA 94960 in Marin County.,,,,
94904 Kentfield,zcta,94904,Kentfield,37.9472249,-122.5517753,2774587,,2022-08-31,10,0,Zillow ZIP-level market for Kentfield; mapped with Census 2020 ZCTA 94904 in Marin County.,,,,
94920 Tiburon,zcta,94920,Tiburon,37.8867683,-122.4626194,3862874,,2022-08-31,10,0,Zillow ZIP-level market for Tiburon; mapped with Census 2020 ZCTA 94920 in Marin County.,,,,
94965 Sausalito,zcta,94965,Sausalito,37.8373471,-122.5274824,2243878,3231,2022-08-31,10,0,Zillow ZIP-level market for Sausalito; mapped with Census 2020 ZCTA 94965 in Marin County.,,3231,Zillow ZORI,
94925 Corte Madera,zcta,94925,Corte Madera,37.9318458,-122.5077378,2009770,,2022-08-31,10,0,Zillow ZIP-level market for Corte Madera; mapped with Census 2020 ZCTA 94925 in Marin County.,,,,
94930 Fairfax,zcta,94930,Fairfax,37.9697928,-122.61533,1377639,,2022-08-31,10,0,Zillow ZIP-level market for Fairfax; mapped with Census 2020 ZCTA 94930 in Marin County.,,,,
94939 Larkspur,zcta,94939,Larkspur,37.9382519,-122.5359478,2756615,,2022-08-31,10,0,Zillow ZIP-level market for Larkspur; mapped with Census 2020 ZCTA 94939 in Marin County.,,,,
94957 Ross,zcta,94957,Ross,37.9634213,-122.5618079,4532517,,2022-08-31,10,0,Zillow ZIP-level market for Ross; mapped with Census 2020 ZCTA 94957 in Marin County.,,,,
94937 Point Reyes Station,zcta,94937,Point Reyes Station,38.1164824,-122.930353,1663186,,2022-08-31,10,0,Zillow ZIP-level market for Point Reyes Station; mapped with Census 2020 ZCTA 94937 in Marin County.,,,,
94924 Bolinas,zcta,94924,Bolinas,37.9669044,-122.7388158,2186355,,2022-08-31,10,0,Zillow ZIP-level market for Bolinas; mapped with Census 2020 ZCTA 94924 in Marin County.,,,,
94963 Lagunitas,zcta,94963,Lagunitas,38.00761,-122.6647483,1421407,,2022-08-31,10,0,Zillow ZIP-level market for Lagunitas; mapped with Census 2020 ZCTA 94963 in Marin County.,,,,
94973 Woodacre,zcta,94973,Woodacre,38.0125906,-122.6394,1195042,,2022-08-31,10,0,Zillow ZIP-level market for Woodacre; mapped with Census 2020 ZCTA 94973 in Marin County.,,,,
94946 Nicasio,zcta,94946,Nicasio,38.0747338,-122.6952645,2309819,,2022-08-31,10,0,Zillow ZIP-level market for Nicasio; mapped with Census 2020 ZCTA 94946 in Marin County.,,,,
94938 Bolinas,zcta,94938,Bolinas,38.0302365,-122.7295132,1100478,,2022-08-31,10,0,Zillow ZIP-level market for Bolinas; mapped with Census 2020 ZCTA 94938 in Marin County.,,,,
94970 Stinson Beach,zcta,94970,Stinson Beach,37.9258817,-122.6598334,3382521,,2022-08-31,10,0,Zillow ZIP-level market for Stinson Beach; mapped with Census 2020 ZCTA 94970 in Marin County.,,,,
94956 Point Reyes Station,zcta,94956,Point Reyes Station,38.0214541,-122.81817,1642400,,2022-08-31,10,0,Zillow ZIP-level market for Point Reyes Station; mapped with Census 2020 ZCTA 94956 in Marin County.,,,,
94940 Marshall,zcta,94940,Marshall,38.2039708,-122.8914816,1751026,,2022-08-31,10,0,Zillow ZIP-level market for Marshall; mapped with Census 2020 ZCTA 94940 in Marin County.,,,,
94933 Lagunitas,zcta,94933,Lagunitas,38.0175021,-122.688148,972342,,2022-08-31,10,0,Zillow ZIP-level market for Lagunitas; mapped with Census 2020 ZCTA 94933 in Marin County.,,,,
94971 Tomales,zcta,94971,Tomales,38.2330285,-122.8969589,1172208,,2022-08-31,10,0,Zillow ZIP-level market for Tomales; mapped with Census 2020 ZCTA 94971 in Marin County.,,,,
94929 nan,zcta,94929,nan,38.2545284,-122.9623709,1475128,,2022-08-31,10,0,Zillow ZIP-level market for nan; mapped with Census 2020 ZCTA 94929 in Marin County.,,,,
94901 San Rafael,zcta,94901,San Rafael,37.980709,-122.5006058,1648012,2661,2022-09-30,10,0,Zillow ZIP-level market for San Rafael; mapped with Census 2020 ZCTA 94901 in Marin County.,,2661,Zillow ZORI,
94941 Mill Valley,zcta,94941,Mill Valley,37.9247747,-122.6001828,2315438,3726,2022-09-30,10,0,Zillow ZIP-level market for Mill Valley; mapped with Census 2020 ZCTA 94941 in Marin County.,,3726,Zillow ZORI,
94903 San Rafael,zcta,94903,San Rafael,38.0221295,-122.55881,1454534,2956,2022-09-30,10,0,Zillow ZIP-level market for San Rafael; mapped with Census 2020 ZCTA 94903 in Marin County.,,2956,Zillow ZORI,
94947 Novato,zcta,94947,Novato,38.1061995,-122.6249851,1122895,,2022-09-30,10,0,Zillow ZIP-level market for Novato; mapped with Census 2020 ZCTA 94947 in Marin County.,,,,
94949 Novato,zcta,94949,Novato,38.0600944,-122.5064097,1401062,,2022-09-30,10,0,Zillow ZIP-level market for Novato; mapped with Census 2020 ZCTA 94949 in Marin County.,,,,
94945 Novato,zcta,94945,Novato,38.1226869,-122.5531417,1151172,,2022-09-30,10,0,Zillow ZIP-level market for Novato; mapped with Census 2020 ZCTA 94945 in Marin County.,,,,
94960 San Anselmo,zcta,94960,San Anselmo,37.9970232,-122.5783384,1804104,,2022-09-30,10,0,Zillow ZIP-level market for San Anselmo; mapped with Census 2020 ZCTA 94960 in Marin County.,,,,
94904 Kentfield,zcta,94904,Kentfield,37.9472249,-122.5517753,2717137,,2022-09-30,10,0,Zillow ZIP-level market for Kentfield; mapped with Census 2020 ZCTA 94904 in Marin County.,,,,
94920 Tiburon,zcta,94920,Tiburon,37.8867683,-122.4626194,3789343,,2022-09-30,10,0,Zillow ZIP-level market for Tiburon; mapped with Census 2020 ZCTA 94920 in Marin County.,,,,
94965 Sausalito,zcta,94965,Sausalito,37.8373471,-122.5274824,2206378,3251,2022-09-30,10,0,Zillow ZIP-level market for Sausalito; mapped with Census 2020 ZCTA 94965 in Marin County.,,3251,Zillow ZORI,
94925 Corte Madera,zcta,94925,Corte Madera,37.9318458,-122.5077378,1964952,,2022-09-30,10,0,Zillow ZIP-level market for Corte Madera; mapped with Census 2020 ZCTA 94925 in Marin County.,,,,
94930 Fairfax,zcta,94930,Fairfax,37.9697928,-122.61533,1350881,,2022-09-30,10,0,Zillow ZIP-level market for Fairfax; mapped with Census 2020 ZCTA 94930 in Marin County.,,,,
94939 Larkspur,zcta,94939,Larkspur,37.9382519,-122.5359478,2693799,,2022-09-30,10,0,Zillow ZIP-level market for Larkspur; mapped with Census 2020 ZCTA 94939 in Marin County.,,,,
94957 Ross,zcta,94957,Ross,37.9634213,-122.5618079,4443151,,2022-09-30,10,0,Zillow ZIP-level market for Ross; mapped with Census 2020 ZCTA 94957 in Marin County.,,,,
94937 Point Reyes Station,zcta,94937,Point Reyes Station,38.1164824,-122.930353,1625107,,2022-09-30,10,0,Zillow ZIP-level market for Point Reyes Station; mapped with Census 2020 ZCTA 94937 in Marin County.,,,,
94924 Bolinas,zcta,94924,Bolinas,37.9669044,-122.7388158,2143276,,2022-09-30,10,0,Zillow ZIP-level market for Bolinas; mapped with Census 2020 ZCTA 94924 in Marin County.,,,,
94963 Lagunitas,zcta,94963,Lagunitas,38.00761,-122.6647483,1390728,,2022-09-30,10,0,Zillow ZIP-level market for Lagunitas; mapped with Census 2020 ZCTA 94963 in Marin County.,,,,
94973 Woodacre,zcta,94973,Woodacre,38.0125906,-122.6394,1167085,,2022-09-30,10,0,Zillow ZIP-level market for Woodacre; mapped with Census 2020 ZCTA 94973 in Marin County.,,,,
94946 Nicasio,zcta,94946,Nicasio,38.0747338,-122.6952645,2264285,,2022-09-30,10,0,Zillow ZIP-level market for Nicasio; mapped with Census 2020 ZCTA 94946 in Marin County.,,,,
94938 Bolinas,zcta,94938,Bolinas,38.0302365,-122.7295132,1081758,,2022-09-30,10,0,Zillow ZIP-level market for Bolinas; mapped with Census 2020 ZCTA 94938 in Marin County.,,,,
94970 Stinson Beach,zcta,94970,Stinson Beach,37.9258817,-122.6598334,3320271,,2022-09-30,10,0,Zillow ZIP-level market for Stinson Beach; mapped with Census 2020 ZCTA 94970 in Marin County.,,,,
94956 Point Reyes Station,zcta,94956,Point Reyes Station,38.0214541,-122.81817,1604340,,2022-09-30,10,0,Zillow ZIP-level market for Point Reyes Station; mapped with Census 2020 ZCTA 94956 in Marin County.,,,,
94940 Marshall,zcta,94940,Marshall,38.2039708,-122.8914816,1703145,,2022-09-30,10,0,Zillow ZIP-level market for Marshall; mapped with Census 2020 ZCTA 94940 in Marin County.,,,,
94933 Lagunitas,zcta,94933,Lagunitas,38.0175021,-122.688148,954742,,2022-09-30,10,0,Zillow ZIP-level market for Lagunitas; mapped with Census 2020 ZCTA 94933 in Marin County.,,,,
94971 Tomales,zcta,94971,Tomales,38.2330285,-122.8969589,1151379,,2022-09-30,10,0,Zillow ZIP-level market for Tomales; mapped with Census 2020 ZCTA 94971 in Marin County.,,,,
94929 nan,zcta,94929,nan,38.2545284,-122.9623709,1441294,,2022-09-30,10,0,Zillow ZIP-level market for nan; mapped with Census 2020 ZCTA 94929 in Marin County.,,,,
94901 San Rafael,zcta,94901,San Rafael,37.980709,-122.5006058,1624761,2607,2022-10-31,10,0,Zillow ZIP-level market for San Rafael; mapped with Census 2020 ZCTA 94901 in Marin County.,,2607,Zillow ZORI,
94941 Mill Valley,zcta,94941,Mill Valley,37.9247747,-122.6001828,2269449,3717,2022-10-31,10,0,Zillow ZIP-level market for Mill Valley; mapped with Census 2020 ZCTA 94941 in Marin County.,,3717,Zillow ZORI,
94903 San Rafael,zcta,94903,San Rafael,38.0221295,-122.55881,1431770,2940,2022-10-31,10,0,Zillow ZIP-level market for San Rafael; mapped with Census 2020 ZCTA 94903 in Marin County.,,2940,Zillow ZORI,
94947 Novato,zcta,94947,Novato,38.1061995,-122.6249851,1105792,,2022-10-31,10,0,Zillow ZIP-level market for Novato; mapped with Census 2020 ZCTA 94947 in Marin County.,,,,
94949 Novato,zcta,94949,Novato,38.0600944,-122.5064097,1383547,,2022-10-31,10,0,Zillow ZIP-level market for Novato; mapped with Census 2020 ZCTA 94949 in Marin County.,,,,
94945 Novato,zcta,94945,Novato,38.1226869,-122.5531417,1134257,,2022-10-31,10,0,Zillow ZIP-level market for Novato; mapped with Census 2020 ZCTA 94945 in Marin County.,,,,
94960 San Anselmo,zcta,94960,San Anselmo,37.9970232,-122.5783384,1770551,,2022-10-31,10,0,Zillow ZIP-level market for San Anselmo; mapped with Census 2020 ZCTA 94960 in Marin County.,,,,
94904 Kentfield,zcta,94904,Kentfield,37.9472249,-122.5517753,2668288,,2022-10-31,10,0,Zillow ZIP-level market for Kentfield; mapped with Census 2020 ZCTA 94904 in Marin County.,,,,
94920 Tiburon,zcta,94920,Tiburon,37.8867683,-122.4626194,3729959,,2022-10-31,10,0,Zillow ZIP-level market for Tiburon; mapped with Census 2020 ZCTA 94920 in Marin County.,,,,
94965 Sausalito,zcta,94965,Sausalito,37.8373471,-122.5274824,2178033,3335,2022-10-31,10,0,Zillow ZIP-level market for Sausalito; mapped with Census 2020 ZCTA 94965 in Marin County.,,3335,Zillow ZORI,
94925 Corte Madera,zcta,94925,Corte Madera,37.9318458,-122.5077378,1929832,,2022-10-31,10,0,Zillow ZIP-level market for Corte Madera; mapped with Census 2020 ZCTA 94925 in Marin County.,,,,
94930 Fairfax,zcta,94930,Fairfax,37.9697928,-122.61533,1330790,,2022-10-31,10,0,Zillow ZIP-level market for Fairfax; mapped with Census 2020 ZCTA 94930 in Marin County.,,,,
94939 Larkspur,zcta,94939,Larkspur,37.9382519,-122.5359478,2645101,,2022-10-31,10,0,Zillow ZIP-level market for Larkspur; mapped with Census 2020 ZCTA 94939 in Marin County.,,,,
94957 Ross,zcta,94957,Ross,37.9634213,-122.5618079,4359770,,2022-10-31,10,0,Zillow ZIP-level market for Ross; mapped with Census 2020 ZCTA 94957 in Marin County.,,,,
94937 Point Reyes Station,zcta,94937,Point Reyes Station,38.1164824,-122.930353,1595527,,2022-10-31,10,0,Zillow ZIP-level market for Point Reyes Station; mapped with Census 2020 ZCTA 94937 in Marin County.,,,,
94924 Bolinas,zcta,94924,Bolinas,37.9669044,-122.7388158,2099124,,2022-10-31,10,0,Zillow ZIP-level market for Bolinas; mapped with Census 2020 ZCTA 94924 in Marin County.,,,,
94963 Lagunitas,zcta,94963,Lagunitas,38.00761,-122.6647483,1366786,,2022-10-31,10,0,Zillow ZIP-level market for Lagunitas; mapped with Census 2020 ZCTA 94963 in Marin County.,,,,
94973 Woodacre,zcta,94973,Woodacre,38.0125906,-122.6394,1147259,,2022-10-31,10,0,Zillow ZIP-level market for Woodacre; mapped with Census 2020 ZCTA 94973 in Marin County.,,,,
94946 Nicasio,zcta,94946,Nicasio,38.0747338,-122.6952645,2220116,,2022-10-31,10,0,Zillow ZIP-level market for Nicasio; mapped with Census 2020 ZCTA 94946 in Marin County.,,,,
94938 Bolinas,zcta,94938,Bolinas,38.0302365,-122.7295132,1068895,,2022-10-31,10,0,Zillow ZIP-level market for Bolinas; mapped with Census 2020 ZCTA 94938 in Marin County.,,,,
94970 Stinson Beach,zcta,94970,Stinson Beach,37.9258817,-122.6598334,3273575,,2022-10-31,10,0,Zillow ZIP-level market for Stinson Beach; mapped with Census 2020 ZCTA 94970 in Marin County.,,,,
94956 Point Reyes Station,zcta,94956,Point Reyes Station,38.0214541,-122.81817,1573891,,2022-10-31,10,0,Zillow ZIP-level market for Point Reyes Station; mapped with Census 2020 ZCTA 94956 in Marin County.,,,,
94940 Marshall,zcta,94940,Marshall,38.2039708,-122.8914816,1665153,,2022-10-31,10,0,Zillow ZIP-level market for Marshall; mapped with Census 2020 ZCTA 94940 in Marin County.,,,,
94933 Lagunitas,zcta,94933,Lagunitas,38.0175021,-122.688148,944376,,2022-10-31,10,0,Zillow ZIP-level market for Lagunitas; mapped with Census 2020 ZCTA 94933 in Marin County.,,,,
94971 Tomales,zcta,94971,Tomales,38.2330285,-122.8969589,1132905,,2022-10-31,10,0,Zillow ZIP-level market for Tomales; mapped with Census 2020 ZCTA 94971 in Marin County.,,,,
94929 nan,zcta,94929,nan,38.2545284,-122.9623709,1413135,,2022-10-31,10,0,Zillow ZIP-level market for nan; mapped with Census 2020 ZCTA 94929 in Marin County.,,,,
94901 San Rafael,zcta,94901,San Rafael,37.980709,-122.5006058,1604628,2593,2022-11-30,10,0,Zillow ZIP-level market for San Rafael; mapped with Census 2020 ZCTA 94901 in Marin County.,,2593,Zillow ZORI,
94941 Mill Valley,zcta,94941,Mill Valley,37.9247747,-122.6001828,2237480,3660,2022-11-30,10,0,Zillow ZIP-level market for Mill Valley; mapped with Census 2020 ZCTA 94941 in Marin County.,,3660,Zillow ZORI,
94903 San Rafael,zcta,94903,San Rafael,38.0221295,-122.55881,1412145,2981,2022-11-30,10,0,Zillow ZIP-level market for San Rafael; mapped with Census 2020 ZCTA 94903 in Marin County.,,2981,Zillow ZORI,
94947 Novato,zcta,94947,Novato,38.1061995,-122.6249851,1091202,,2022-11-30,10,0,Zillow ZIP-level market for Novato; mapped with Census 2020 ZCTA 94947 in Marin County.,,,,
94949 Novato,zcta,94949,Novato,38.0600944,-122.5064097,1370203,,2022-11-30,10,0,Zillow ZIP-level market for Novato; mapped with Census 2020 ZCTA 94949 in Marin County.,,,,
94945 Novato,zcta,94945,Novato,38.1226869,-122.5531417,1118888,,2022-11-30,10,0,Zillow ZIP-level market for Novato; mapped with Census 2020 ZCTA 94945 in Marin County.,,,,
94960 San Anselmo,zcta,94960,San Anselmo,37.9970232,-122.5783384,1742705,,2022-11-30,10,0,Zillow ZIP-level market for San Anselmo; mapped with Census 2020 ZCTA 94960 in Marin County.,,,,
94904 Kentfield,zcta,94904,Kentfield,37.9472249,-122.5517753,2627370,,2022-11-30,10,0,Zillow ZIP-level market for Kentfield; mapped with Census 2020 ZCTA 94904 in Marin County.,,,,
94920 Tiburon,zcta,94920,Tiburon,37.8867683,-122.4626194,3687531,,2022-11-30,10,0,Zillow ZIP-level market for Tiburon; mapped with Census 2020 ZCTA 94920 in Marin County.,,,,
94965 Sausalito,zcta,94965,Sausalito,37.8373471,-122.5274824,2153947,3341,2022-11-30,10,0,Zillow ZIP-level market for Sausalito; mapped with Census 2020 ZCTA 94965 in Marin County.,,3341,Zillow ZORI,
94925 Corte Madera,zcta,94925,Corte Madera,37.9318458,-122.5077378,1905768,,2022-11-30,10,0,Zillow ZIP-level market for Corte Madera; mapped with Census 2020 ZCTA 94925 in Marin County.,,,,
94930 Fairfax,zcta,94930,Fairfax,37.9697928,-122.61533,1311699,,2022-11-30,10,0,Zillow ZIP-level market for Fairfax; mapped with Census 2020 ZCTA 94930 in Marin County.,,,,
94939 Larkspur,zcta,94939,Larkspur,37.9382519,-122.5359478,2616419,,2022-11-30,10,0,Zillow ZIP-level market for Larkspur; mapped with Census 2020 ZCTA 94939 in Marin County.,,,,
94957 Ross,zcta,94957,Ross,37.9634213,-122.5618079,4275095,,2022-11-30,10,0,Zillow ZIP-level market for Ross; mapped with Census 2020 ZCTA 94957 in Marin County.,,,,
94937 Point Reyes Station,zcta,94937,Point Reyes Station,38.1164824,-122.930353,1566715,,2022-11-30,10,0,Zillow ZIP-level market for Point Reyes Station; mapped with Census 2020 ZCTA 94937 in Marin County.,,,,
94924 Bolinas,zcta,94924,Bolinas,37.9669044,-122.7388158,2070808,,2022-11-30,10,0,Zillow ZIP-level market for Bolinas; mapped with Census 2020 ZCTA 94924 in Marin County.,,,,
94963 Lagunitas,zcta,94963,Lagunitas,38.00761,-122.6647483,1346592,,2022-11-30,10,0,Zillow ZIP-level market for Lagunitas; mapped with Census 2020 ZCTA 94963 in Marin County.,,,,
94973 Woodacre,zcta,94973,Woodacre,38.0125906,-122.6394,1130786,,2022-11-30,10,0,Zillow ZIP-level market for Woodacre; mapped with Census 2020 ZCTA 94973 in Marin County.,,,,
94946 Nicasio,zcta,94946,Nicasio,38.0747338,-122.6952645,2178972,,2022-11-30,10,0,Zillow ZIP-level market for Nicasio; mapped with Census 2020 ZCTA 94946 in Marin County.,,,,
94938 Bolinas,zcta,94938,Bolinas,38.0302365,-122.7295132,1056844,,2022-11-30,10,0,Zillow ZIP-level market for Bolinas; mapped with Census 2020 ZCTA 94938 in Marin County.,,,,
94970 Stinson Beach,zcta,94970,Stinson Beach,37.9258817,-122.6598334,3227462,,2022-11-30,10,0,Zillow ZIP-level market for Stinson Beach; mapped with Census 2020 ZCTA 94970 in Marin County.,,,,
94956 Point Reyes Station,zcta,94956,Point Reyes Station,38.0214541,-122.81817,1541896,,2022-11-30,10,0,Zillow ZIP-level market for Point Reyes Station; mapped with Census 2020 ZCTA 94956 in Marin County.,,,,
94940 Marshall,zcta,94940,Marshall,38.2039708,-122.8914816,1645157,,2022-11-30,10,0,Zillow ZIP-level market for Marshall; mapped with Census 2020 ZCTA 94940 in Marin County.,,,,
94933 Lagunitas,zcta,94933,Lagunitas,38.0175021,-122.688148,936036,,2022-11-30,10,0,Zillow ZIP-level market for Lagunitas; mapped with Census 2020 ZCTA 94933 in Marin County.,,,,
94971 Tomales,zcta,94971,Tomales,38.2330285,-122.8969589,1117159,,2022-11-30,10,0,Zillow ZIP-level market for Tomales; mapped with Census 2020 ZCTA 94971 in Marin County.,,,,
94929 nan,zcta,94929,nan,38.2545284,-122.9623709,1386532,,2022-11-30,10,0,Zillow ZIP-level market for nan; mapped with Census 2020 ZCTA 94929 in Marin County.,,,,
94901 San Rafael,zcta,94901,San Rafael,37.980709,-122.5006058,1583919,2604,2022-12-31,10,0,Zillow ZIP-level market for San Rafael; mapped with Census 2020 ZCTA 94901 in Marin County.,,2604,Zillow ZORI,
94941 Mill Valley,zcta,94941,Mill Valley,37.9247747,-122.6001828,2204624,3649,2022-12-31,10,0,Zillow ZIP-level market for Mill Valley; mapped with Census 2020 ZCTA 94941 in Marin County.,,3649,Zillow ZORI,
94903 San Rafael,zcta,94903,San Rafael,38.0221295,-122.55881,1392650,2923,2022-12-31,10,0,Zillow ZIP-level market for San Rafael; mapped with Census 2020 ZCTA 94903 in Marin County.,,2923,Zillow ZORI,
94947 Novato,zcta,94947,Novato,38.1061995,-122.6249851,1076535,,2022-12-31,10,0,Zillow ZIP-level market for Novato; mapped with Census 2020 ZCTA 94947 in Marin County.,,,,
94949 Novato,zcta,94949,Novato,38.0600944,-122.5064097,1357416,,2022-12-31,10,0,Zillow ZIP-level market for Novato; mapped with Census 2020 ZCTA 94949 in Marin County.,,,,
94945 Novato,zcta,94945,Novato,38.1226869,-122.5531417,1102478,,2022-12-31,10,0,Zillow ZIP-level market for Novato; mapped with Census 2020 ZCTA 94945 in Marin County.,,,,
94960 San Anselmo,zcta,94960,San Anselmo,37.9970232,-122.5783384,1714989,,2022-12-31,10,0,Zillow ZIP-level market for San Anselmo; mapped with Census 2020 ZCTA 94960 in Marin County.,,,,
94904 Kentfield,zcta,94904,Kentfield,37.9472249,-122.5517753,2586775,,2022-12-31,10,0,Zillow ZIP-level market for Kentfield; mapped with Census 2020 ZCTA 94904 in Marin County.,,,,
94920 Tiburon,zcta,94920,Tiburon,37.8867683,-122.4626194,3648255,,2022-12-31,10,0,Zillow ZIP-level market for Tiburon; mapped with Census 2020 ZCTA 94920 in Marin County.,,,,
94965 Sausalito,zcta,94965,Sausalito,37.8373471,-122.5274824,2124290,3348,2022-12-31,10,0,Zillow ZIP-level market for Sausalito; mapped with Census 2020 ZCTA 94965 in Marin County.,,3348,Zillow ZORI,
94925 Corte Madera,zcta,94925,Corte Madera,37.9318458,-122.5077378,1886876,,2022-12-31,10,0,Zillow ZIP-level market for Corte Madera; mapped with Census 2020 ZCTA 94925 in Marin County.,,,,
94930 Fairfax,zcta,94930,Fairfax,37.9697928,-122.61533,1288187,,2022-12-31,10,0,Zillow ZIP-level market for Fairfax; mapped with Census 2020 ZCTA 94930 in Marin County.,,,,
94939 Larkspur,zcta,94939,Larkspur,37.9382519,-122.5359478,2594025,,2022-12-31,10,0,Zillow ZIP-level market for Larkspur; mapped with Census 2020 ZCTA 94939 in Marin County.,,,,
94957 Ross,zcta,94957,Ross,37.9634213,-122.5618079,4194337,,2022-12-31,10,0,Zillow ZIP-level market for Ross; mapped with Census 2020 ZCTA 94957 in Marin County.,,,,
94937 Point Reyes Station,zcta,94937,Point Reyes Station,38.1164824,-122.930353,1544622,,2022-12-31,10,0,Zillow ZIP-level market for Point Reyes Station; mapped with Census 2020 ZCTA 94937 in Marin County.,,,,
94924 Bolinas,zcta,94924,Bolinas,37.9669044,-122.7388158,2044515,,2022-12-31,10,0,Zillow ZIP-level market for Bolinas; mapped with Census 2020 ZCTA 94924 in Marin County.,,,,
94963 Lagunitas,zcta,94963,Lagunitas,38.00761,-122.6647483,1325966,,2022-12-31,10,0,Zillow ZIP-level market for Lagunitas; mapped with Census 2020 ZCTA 94963 in Marin County.,,,,
94973 Woodacre,zcta,94973,Woodacre,38.0125906,-122.6394,1112632,,2022-12-31,10,0,Zillow ZIP-level market for Woodacre; mapped with Census 2020 ZCTA 94973 in Marin County.,,,,
94946 Nicasio,zcta,94946,Nicasio,38.0747338,-122.6952645,2144347,,2022-12-31,10,0,Zillow ZIP-level market for Nicasio; mapped with Census 2020 ZCTA 94946 in Marin County.,,,,
94938 Bolinas,zcta,94938,Bolinas,38.0302365,-122.7295132,1045033,,2022-12-31,10,0,Zillow ZIP-level market for Bolinas; mapped with Census 2020 ZCTA 94938 in Marin County.,,,,
94970 Stinson Beach,zcta,94970,Stinson Beach,37.9258817,-122.6598334,3183170,,2022-12-31,10,0,Zillow ZIP-level market for Stinson Beach; mapped with Census 2020 ZCTA 94970 in Marin County.,,,,
94956 Point Reyes Station,zcta,94956,Point Reyes Station,38.0214541,-122.81817,1509271,,2022-12-31,10,0,Zillow ZIP-level market for Point Reyes Station; mapped with Census 2020 ZCTA 94956 in Marin County.,,,,
94940 Marshall,zcta,94940,Marshall,38.2039708,-122.8914816,1625955,,2022-12-31,10,0,Zillow ZIP-level market for Marshall; mapped with Census 2020 ZCTA 94940 in Marin County.,,,,
94933 Lagunitas,zcta,94933,Lagunitas,38.0175021,-122.688148,925724,,2022-12-31,10,0,Zillow ZIP-level market for Lagunitas; mapped with Census 2020 ZCTA 94933 in Marin County.,,,,
94971 Tomales,zcta,94971,Tomales,38.2330285,-122.8969589,1100669,,2022-12-31,10,0,Zillow ZIP-level market for Tomales; mapped with Census 2020 ZCTA 94971 in Marin County.,,,,
94929 nan,zcta,94929,nan,38.2545284,-122.9623709,1355808,,2022-12-31,10,0,Zillow ZIP-level market for nan; mapped with Census 2020 ZCTA 94929 in Marin County.,,,,
94901 San Rafael,zcta,94901,San Rafael,37.980709,-122.5006058,1554246,2604,2023-01-31,10,0,Zillow ZIP-level market for San Rafael; mapped with Census 2020 ZCTA 94901 in Marin County.,,2604,Zillow ZORI,
94941 Mill Valley,zcta,94941,Mill Valley,37.9247747,-122.6001828,2161257,3633,2023-01-31,10,0,Zillow ZIP-level market for Mill Valley; mapped with Census 2020 ZCTA 94941 in Marin County.,,3633,Zillow ZORI,
94903 San Rafael,zcta,94903,San Rafael,38.0221295,-122.55881,1364027,2872,2023-01-31,10,0,Zillow ZIP-level market for San Rafael; mapped with Census 2020 ZCTA 94903 in Marin County.,,2872,Zillow ZORI,
94947 Novato,zcta,94947,Novato,38.1061995,-122.6249851,1058381,,2023-01-31,10,0,Zillow ZIP-level market for Novato; mapped with Census 2020 ZCTA 94947 in Marin County.,,,,
94949 Novato,zcta,94949,Novato,38.0600944,-122.5064097,1337783,,2023-01-31,10,0,Zillow ZIP-level market for Novato; mapped with Census 2020 ZCTA 94949 in Marin County.,,,,
94945 Novato,zcta,94945,Novato,38.1226869,-122.5531417,1083734,,2023-01-31,10,0,Zillow ZIP-level market for Novato; mapped with Census 2020 ZCTA 94945 in Marin County.,,,,
94960 San Anselmo,zcta,94960,San Anselmo,37.9970232,-122.5783384,1679021,,2023-01-31,10,0,Zillow ZIP-level market for San Anselmo; mapped with Census 2020 ZCTA 94960 in Marin County.,,,,
94904 Kentfield,zcta,94904,Kentfield,37.9472249,-122.5517753,2532528,,2023-01-31,10,0,Zillow ZIP-level market for Kentfield; mapped with Census 2020 ZCTA 94904 in Marin County.,,,,
94920 Tiburon,zcta,94920,Tiburon,37.8867683,-122.4626194,3585803,,2023-01-31,10,0,Zillow ZIP-level market for Tiburon; mapped with Census 2020 ZCTA 94920 in Marin County.,,,,
94965 Sausalito,zcta,94965,Sausalito,37.8373471,-122.5274824,2079324,3325,2023-01-31,10,0,Zillow ZIP-level market for Sausalito; mapped with Census 2020 ZCTA 94965 in Marin County.,,3325,Zillow ZORI,
94925 Corte Madera,zcta,94925,Corte Madera,37.9318458,-122.5077378,1858778,,2023-01-31,10,0,Zillow ZIP-level market for Corte Madera; mapped with Census 2020 ZCTA 94925 in Marin County.,,,,
94930 Fairfax,zcta,94930,Fairfax,37.9697928,-122.61533,1257986,,2023-01-31,10,0,Zillow ZIP-level market for Fairfax; mapped with Census 2020 ZCTA 94930 in Marin County.,,,,
94939 Larkspur,zcta,94939,Larkspur,37.9382519,-122.5359478,2562826,,2023-01-31,10,0,Zillow ZIP-level market for Larkspur; mapped with Census 2020 ZCTA 94939 in Marin County.,,,,
94957 Ross,zcta,94957,Ross,37.9634213,-122.5618079,4090851,,2023-01-31,10,0,Zillow ZIP-level market for Ross; mapped with Census 2020 ZCTA 94957 in Marin County.,,,,
94937 Point Reyes Station,zcta,94937,Point Reyes Station,38.1164824,-122.930353,1515455,,2023-01-31,10,0,Zillow ZIP-level market for Point Reyes Station; mapped with Census 2020 ZCTA 94937 in Marin County.,,,,
94924 Bolinas,zcta,94924,Bolinas,37.9669044,-122.7388158,2009806,,2023-01-31,10,0,Zillow ZIP-level market for Bolinas; mapped with Census 2020 ZCTA 94924 in Marin County.,,,,
94963 Lagunitas,zcta,94963,Lagunitas,38.00761,-122.6647483,1296999,,2023-01-31,10,0,Zillow ZIP-level market for Lagunitas; mapped with Census 2020 ZCTA 94963 in Marin County.,,,,
94973 Woodacre,zcta,94973,Woodacre,38.0125906,-122.6394,1087357,,2023-01-31,10,0,Zillow ZIP-level market for Woodacre; mapped with Census 2020 ZCTA 94973 in Marin County.,,,,
94946 Nicasio,zcta,94946,Nicasio,38.0747338,-122.6952645,2109004,,2023-01-31,10,0,Zillow ZIP-level market for Nicasio; mapped with Census 2020 ZCTA 94946 in Marin County.,,,,
94938 Bolinas,zcta,94938,Bolinas,38.0302365,-122.7295132,1028998,,2023-01-31,10,0,Zillow ZIP-level market for Bolinas; mapped with Census 2020 ZCTA 94938 in Marin County.,,,,
94970 Stinson Beach,zcta,94970,Stinson Beach,37.9258817,-122.6598334,3113157,,2023-01-31,10,0,Zillow ZIP-level market for Stinson Beach; mapped with Census 2020 ZCTA 94970 in Marin County.,,,,
94956 Point Reyes Station,zcta,94956,Point Reyes Station,38.0214541,-122.81817,1472186,,2023-01-31,10,0,Zillow ZIP-level market for Point Reyes Station; mapped with Census 2020 ZCTA 94956 in Marin County.,,,,
94940 Marshall,zcta,94940,Marshall,38.2039708,-122.8914816,1604467,,2023-01-31,10,0,Zillow ZIP-level market for Marshall; mapped with Census 2020 ZCTA 94940 in Marin County.,,,,
94933 Lagunitas,zcta,94933,Lagunitas,38.0175021,-122.688148,908051,,2023-01-31,10,0,Zillow ZIP-level market for Lagunitas; mapped with Census 2020 ZCTA 94933 in Marin County.,,,,
94971 Tomales,zcta,94971,Tomales,38.2330285,-122.8969589,1084524,,2023-01-31,10,0,Zillow ZIP-level market for Tomales; mapped with Census 2020 ZCTA 94971 in Marin County.,,,,
94929 nan,zcta,94929,nan,38.2545284,-122.9623709,1322490,,2023-01-31,10,0,Zillow ZIP-level market for nan; mapped with Census 2020 ZCTA 94929 in Marin County.,,,,
94901 San Rafael,zcta,94901,San Rafael,37.980709,-122.5006058,1528507,2604,2023-02-28,10,0,Zillow ZIP-level market for San Rafael; mapped with Census 2020 ZCTA 94901 in Marin County.,,2604,Zillow ZORI,
94941 Mill Valley,zcta,94941,Mill Valley,37.9247747,-122.6001828,2124028,3672,2023-02-28,10,0,Zillow ZIP-level market for Mill Valley; mapped with Census 2020 ZCTA 94941 in Marin County.,,3672,Zillow ZORI,
94903 San Rafael,zcta,94903,San Rafael,38.0221295,-122.55881,1340243,2828,2023-02-28,10,0,Zillow ZIP-level market for San Rafael; mapped with Census 2020 ZCTA 94903 in Marin County.,,2828,Zillow ZORI,
94947 Novato,zcta,94947,Novato,38.1061995,-122.6249851,1044638,,2023-02-28,10,0,Zillow ZIP-level market for Novato; mapped with Census 2020 ZCTA 94947 in Marin County.,,,,
94949 Novato,zcta,94949,Novato,38.0600944,-122.5064097,1321383,,2023-02-28,10,0,Zillow ZIP-level market for Novato; mapped with Census 2020 ZCTA 94949 in Marin County.,,,,
94945 Novato,zcta,94945,Novato,38.1226869,-122.5531417,1070614,,2023-02-28,10,0,Zillow ZIP-level market for Novato; mapped with Census 2020 ZCTA 94945 in Marin County.,,,,
94960 San Anselmo,zcta,94960,San Anselmo,37.9970232,-122.5783384,1647849,,2023-02-28,10,0,Zillow ZIP-level market for San Anselmo; mapped with Census 2020 ZCTA 94960 in Marin County.,,,,
94904 Kentfield,zcta,94904,Kentfield,37.9472249,-122.5517753,2487702,,2023-02-28,10,0,Zillow ZIP-level market for Kentfield; mapped with Census 2020 ZCTA 94904 in Marin County.,,,,
94920 Tiburon,zcta,94920,Tiburon,37.8867683,-122.4626194,3536099,,2023-02-28,10,0,Zillow ZIP-level market for Tiburon; mapped with Census 2020 ZCTA 94920 in Marin County.,,,,
94965 Sausalito,zcta,94965,Sausalito,37.8373471,-122.5274824,2043176,,2023-02-28,10,0,Zillow ZIP-level market for Sausalito; mapped with Census 2020 ZCTA 94965 in Marin County.,,,,
94925 Corte Madera,zcta,94925,Corte Madera,37.9318458,-122.5077378,1831366,,2023-02-28,10,0,Zillow ZIP-level market for Corte Madera; mapped with Census 2020 ZCTA 94925 in Marin County.,,,,
94930 Fairfax,zcta,94930,Fairfax,37.9697928,-122.61533,1233446,,2023-02-28,10,0,Zillow ZIP-level market for Fairfax; mapped with Census 2020 ZCTA 94930 in Marin County.,,,,
94939 Larkspur,zcta,94939,Larkspur,37.9382519,-122.5359478,2532531,,2023-02-28,10,0,Zillow ZIP-level market for Larkspur; mapped with Census 2020 ZCTA 94939 in Marin County.,,,,
94957 Ross,zcta,94957,Ross,37.9634213,-122.5618079,4006493,,2023-02-28,10,0,Zillow ZIP-level market for Ross; mapped with Census 2020 ZCTA 94957 in Marin County.,,,,
94937 Point Reyes Station,zcta,94937,Point Reyes Station,38.1164824,-122.930353,1491299,,2023-02-28,10,0,Zillow ZIP-level market for Point Reyes Station; mapped with Census 2020 ZCTA 94937 in Marin County.,,,,
94924 Bolinas,zcta,94924,Bolinas,37.9669044,-122.7388158,1976431,,2023-02-28,10,0,Zillow ZIP-level market for Bolinas; mapped with Census 2020 ZCTA 94924 in Marin County.,,,,
94963 Lagunitas,zcta,94963,Lagunitas,38.00761,-122.6647483,1272692,,2023-02-28,10,0,Zillow ZIP-level market for Lagunitas; mapped with Census 2020 ZCTA 94963 in Marin County.,,,,
94973 Woodacre,zcta,94973,Woodacre,38.0125906,-122.6394,1065961,,2023-02-28,10,0,Zillow ZIP-level market for Woodacre; mapped with Census 2020 ZCTA 94973 in Marin County.,,,,
94946 Nicasio,zcta,94946,Nicasio,38.0747338,-122.6952645,2080834,,2023-02-28,10,0,Zillow ZIP-level market for Nicasio; mapped with Census 2020 ZCTA 94946 in Marin County.,,,,
94938 Bolinas,zcta,94938,Bolinas,38.0302365,-122.7295132,1012779,,2023-02-28,10,0,Zillow ZIP-level market for Bolinas; mapped with Census 2020 ZCTA 94938 in Marin County.,,,,
94970 Stinson Beach,zcta,94970,Stinson Beach,37.9258817,-122.6598334,3050495,,2023-02-28,10,0,Zillow ZIP-level market for Stinson Beach; mapped with Census 2020 ZCTA 94970 in Marin County.,,,,
94956 Point Reyes Station,zcta,94956,Point Reyes Station,38.0214541,-122.81817,1446547,,2023-02-28,10,0,Zillow ZIP-level market for Point Reyes Station; mapped with Census 2020 ZCTA 94956 in Marin County.,,,,
94940 Marshall,zcta,94940,Marshall,38.2039708,-122.8914816,1580427,,2023-02-28,10,0,Zillow ZIP-level market for Marshall; mapped with Census 2020 ZCTA 94940 in Marin County.,,,,
94933 Lagunitas,zcta,94933,Lagunitas,38.0175021,-122.688148,890781,,2023-02-28,10,0,Zillow ZIP-level market for Lagunitas; mapped with Census 2020 ZCTA 94933 in Marin County.,,,,
94971 Tomales,zcta,94971,Tomales,38.2330285,-122.8969589,1071058,,2023-02-28,10,0,Zillow ZIP-level market for Tomales; mapped with Census 2020 ZCTA 94971 in Marin County.,,,,
94929 nan,zcta,94929,nan,38.2545284,-122.9623709,1292883,,2023-02-28,10,0,Zillow ZIP-level market for nan; mapped with Census 2020 ZCTA 94929 in Marin County.,,,,
94901 San Rafael,zcta,94901,San Rafael,37.980709,-122.5006058,1507968,2634,2023-03-31,10,0,Zillow ZIP-level market for San Rafael; mapped with Census 2020 ZCTA 94901 in Marin County.,,2634,Zillow ZORI,
94941 Mill Valley,zcta,94941,Mill Valley,37.9247747,-122.6001828,2100575,3709,2023-03-31,10,0,Zillow ZIP-level market for Mill Valley; mapped with Census 2020 ZCTA 94941 in Marin County.,,3709,Zillow ZORI,
94903 San Rafael,zcta,94903,San Rafael,38.0221295,-122.55881,1323786,2829,2023-03-31,10,0,Zillow ZIP-level market for San Rafael; mapped with Census 2020 ZCTA 94903 in Marin County.,,2829,Zillow ZORI,
94947 Novato,zcta,94947,Novato,38.1061995,-122.6249851,1036154,,2023-03-31,10,0,Zillow ZIP-level market for Novato; mapped with Census 2020 ZCTA 94947 in Marin County.,,,,
94949 Novato,zcta,94949,Novato,38.0600944,-122.5064097,1309582,,2023-03-31,10,0,Zillow ZIP-level market for Novato; mapped with Census 2020 ZCTA 94949 in Marin County.,,,,
94945 Novato,zcta,94945,Novato,38.1226869,-122.5531417,1063043,,2023-03-31,10,0,Zillow ZIP-level market for Novato; mapped with Census 2020 ZCTA 94945 in Marin County.,,,,
94960 San Anselmo,zcta,94960,San Anselmo,37.9970232,-122.5783384,1624314,,2023-03-31,10,0,Zillow ZIP-level market for San Anselmo; mapped with Census 2020 ZCTA 94960 in Marin County.,,,,
94904 Kentfield,zcta,94904,Kentfield,37.9472249,-122.5517753,2457074,,2023-03-31,10,0,Zillow ZIP-level market for Kentfield; mapped with Census 2020 ZCTA 94904 in Marin County.,,,,
94920 Tiburon,zcta,94920,Tiburon,37.8867683,-122.4626194,3508252,,2023-03-31,10,0,Zillow ZIP-level market for Tiburon; mapped with Census 2020 ZCTA 94920 in Marin County.,,,,
94965 Sausalito,zcta,94965,Sausalito,37.8373471,-122.5274824,2024612,3410,2023-03-31,10,0,Zillow ZIP-level market for Sausalito; mapped with Census 2020 ZCTA 94965 in Marin County.,,3410,Zillow ZORI,
94925 Corte Madera,zcta,94925,Corte Madera,37.9318458,-122.5077378,1810430,,2023-03-31,10,0,Zillow ZIP-level market for Corte Madera; mapped with Census 2020 ZCTA 94925 in Marin County.,,,,
94930 Fairfax,zcta,94930,Fairfax,37.9697928,-122.61533,1218901,,2023-03-31,10,0,Zillow ZIP-level market for Fairfax; mapped with Census 2020 ZCTA 94930 in Marin County.,,,,
94939 Larkspur,zcta,94939,Larkspur,37.9382519,-122.5359478,2503523,,2023-03-31,10,0,Zillow ZIP-level market for Larkspur; mapped with Census 2020 ZCTA 94939 in Marin County.,,,,
94957 Ross,zcta,94957,Ross,37.9634213,-122.5618079,3960192,,2023-03-31,10,0,Zillow ZIP-level market for Ross; mapped with Census 2020 ZCTA 94957 in Marin County.,,,,
94937 Point Reyes Station,zcta,94937,Point Reyes Station,38.1164824,-122.930353,1467106,,2023-03-31,10,0,Zillow ZIP-level market for Point Reyes Station; mapped with Census 2020 ZCTA 94937 in Marin County.,,,,
94924 Bolinas,zcta,94924,Bolinas,37.9669044,-122.7388158,1956136,,2023-03-31,10,0,Zillow ZIP-level market for Bolinas; mapped with Census 2020 ZCTA 94924 in Marin County.,,,,
94963 Lagunitas,zcta,94963,Lagunitas,38.00761,-122.6647483,1252812,,2023-03-31,10,0,Zillow ZIP-level market for Lagunitas; mapped with Census 2020 ZCTA 94963 in Marin County.,,,,
94973 Woodacre,zcta,94973,Woodacre,38.0125906,-122.6394,1051709,,2023-03-31,10,0,Zillow ZIP-level market for Woodacre; mapped with Census 2020 ZCTA 94973 in Marin County.,,,,
94946 Nicasio,zcta,94946,Nicasio,38.0747338,-122.6952645,2058841,,2023-03-31,10,0,Zillow ZIP-level market for Nicasio; mapped with Census 2020 ZCTA 94946 in Marin County.,,,,
94938 Bolinas,zcta,94938,Bolinas,38.0302365,-122.7295132,1003707,,2023-03-31,10,0,Zillow ZIP-level market for Bolinas; mapped with Census 2020 ZCTA 94938 in Marin County.,,,,
94970 Stinson Beach,zcta,94970,Stinson Beach,37.9258817,-122.6598334,3004449,,2023-03-31,10,0,Zillow ZIP-level market for Stinson Beach; mapped with Census 2020 ZCTA 94970 in Marin County.,,,,
94956 Point Reyes Station,zcta,94956,Point Reyes Station,38.0214541,-122.81817,1428388,,2023-03-31,10,0,Zillow ZIP-level market for Point Reyes Station; mapped with Census 2020 ZCTA 94956 in Marin County.,,,,
94940 Marshall,zcta,94940,Marshall,38.2039708,-122.8914816,1556690,,2023-03-31,10,0,Zillow ZIP-level market for Marshall; mapped with Census 2020 ZCTA 94940 in Marin County.,,,,
94933 Lagunitas,zcta,94933,Lagunitas,38.0175021,-122.688148,878782,,2023-03-31,10,0,Zillow ZIP-level market for Lagunitas; mapped with Census 2020 ZCTA 94933 in Marin County.,,,,
94971 Tomales,zcta,94971,Tomales,38.2330285,-122.8969589,1060896,,2023-03-31,10,0,Zillow ZIP-level market for Tomales; mapped with Census 2020 ZCTA 94971 in Marin County.,,,,
94929 nan,zcta,94929,nan,38.2545284,-122.9623709,1273711,,2023-03-31,10,0,Zillow ZIP-level market for nan; mapped with Census 2020 ZCTA 94929 in Marin County.,,,,
94901 San Rafael,zcta,94901,San Rafael,37.980709,-122.5006058,1505381,2660,2023-04-30,10,0,Zillow ZIP-level market for San Rafael; mapped with Census 2020 ZCTA 94901 in Marin County.,,2660,Zillow ZORI,
94941 Mill Valley,zcta,94941,Mill Valley,37.9247747,-122.6001828,2098249,3780,2023-04-30,10,0,Zillow ZIP-level market for Mill Valley; mapped with Census 2020 ZCTA 94941 in Marin County.,,3780,Zillow ZORI,
94903 San Rafael,zcta,94903,San Rafael,38.0221295,-122.55881,1322536,2861,2023-04-30,10,0,Zillow ZIP-level market for San Rafael; mapped with Census 2020 ZCTA 94903 in Marin County.,,2861,Zillow ZORI,
94947 Novato,zcta,94947,Novato,38.1061995,-122.6249851,1036393,,2023-04-30,10,0,Zillow ZIP-level market for Novato; mapped with Census 2020 ZCTA 94947 in Marin County.,,,,
94949 Novato,zcta,94949,Novato,38.0600944,-122.5064097,1309626,,2023-04-30,10,0,Zillow ZIP-level market for Novato; mapped with Census 2020 ZCTA 94949 in Marin County.,,,,
94945 Novato,zcta,94945,Novato,38.1226869,-122.5531417,1063848,,2023-04-30,10,0,Zillow ZIP-level market for Novato; mapped with Census 2020 ZCTA 94945 in Marin County.,,,,
94960 San Anselmo,zcta,94960,San Anselmo,37.9970232,-122.5783384,1617339,,2023-04-30,10,0,Zillow ZIP-level market for San Anselmo; mapped with Census 2020 ZCTA 94960 in Marin County.,,,,
94904 Kentfield,zcta,94904,Kentfield,37.9472249,-122.5517753,2455254,,2023-04-30,10,0,Zillow ZIP-level market for Kentfield; mapped with Census 2020 ZCTA 94904 in Marin County.,,,,
94920 Tiburon,zcta,94920,Tiburon,37.8867683,-122.4626194,3518966,,2023-04-30,10,0,Zillow ZIP-level market for Tiburon; mapped with Census 2020 ZCTA 94920 in Marin County.,,,,
94965 Sausalito,zcta,94965,Sausalito,37.8373471,-122.5274824,2025837,3429,2023-04-30,10,0,Zillow ZIP-level market for Sausalito; mapped with Census 2020 ZCTA 94965 in Marin County.,,3429,Zillow ZORI,
94925 Corte Madera,zcta,94925,Corte Madera,37.9318458,-122.5077378,1805232,,2023-04-30,10,0,Zillow ZIP-level market for Corte Madera; mapped with Census 2020 ZCTA 94925 in Marin County.,,,,
94930 Fairfax,zcta,94930,Fairfax,37.9697928,-122.61533,1215639,,2023-04-30,10,0,Zillow ZIP-level market for Fairfax; mapped with Census 2020 ZCTA 94930 in Marin County.,,,,
94939 Larkspur,zcta,94939,Larkspur,37.9382519,-122.5359478,2495453,,2023-04-30,10,0,Zillow ZIP-level market for Larkspur; mapped with Census 2020 ZCTA 94939 in Marin County.,,,,
94957 Ross,zcta,94957,Ross,37.9634213,-122.5618079,3973040,,2023-04-30,10,0,Zillow ZIP-level market for Ross; mapped with Census 2020 ZCTA 94957 in Marin County.,,,,
94937 Point Reyes Station,zcta,94937,Point Reyes Station,38.1164824,-122.930353,1457645,,2023-04-30,10,0,Zillow ZIP-level market for Point Reyes Station; mapped with Census 2020 ZCTA 94937 in Marin County.,,,,
94924 Bolinas,zcta,94924,Bolinas,37.9669044,-122.7388158,1966678,,2023-04-30,10,0,Zillow ZIP-level market for Bolinas; mapped with Census 2020 ZCTA 94924 in Marin County.,,,,
94963 Lagunitas,zcta,94963,Lagunitas,38.00761,-122.6647483,1245230,,2023-04-30,10,0,Zillow ZIP-level market for Lagunitas; mapped with Census 2020 ZCTA 94963 in Marin County.,,,,
94973 Woodacre,zcta,94973,Woodacre,38.0125906,-122.6394,1047142,,2023-04-30,10,0,Zillow ZIP-level market for Woodacre; mapped with Census 2020 ZCTA 94973 in Marin County.,,,,
94946 Nicasio,zcta,94946,Nicasio,38.0747338,-122.6952645,2052388,,2023-04-30,10,0,Zillow ZIP-level market for Nicasio; mapped with Census 2020 ZCTA 94946 in Marin County.,,,,
94938 Bolinas,zcta,94938,Bolinas,38.0302365,-122.7295132,1001314,,2023-04-30,10,0,Zillow ZIP-level market for Bolinas; mapped with Census 2020 ZCTA 94938 in Marin County.,,,,
94970 Stinson Beach,zcta,94970,Stinson Beach,37.9258817,-122.6598334,2991716,,2023-04-30,10,0,Zillow ZIP-level market for Stinson Beach; mapped with Census 2020 ZCTA 94970 in Marin County.,,,,
94956 Point Reyes Station,zcta,94956,Point Reyes Station,38.0214541,-122.81817,1425883,,2023-04-30,10,0,Zillow ZIP-level market for Point Reyes Station; mapped with Census 2020 ZCTA 94956 in Marin County.,,,,
94940 Marshall,zcta,94940,Marshall,38.2039708,-122.8914816,1538532,,2023-04-30,10,0,Zillow ZIP-level market for Marshall; mapped with Census 2020 ZCTA 94940 in Marin County.,,,,
94933 Lagunitas,zcta,94933,Lagunitas,38.0175021,-122.688148,876502,,2023-04-30,10,0,Zillow ZIP-level market for Lagunitas; mapped with Census 2020 ZCTA 94933 in Marin County.,,,,
94971 Tomales,zcta,94971,Tomales,38.2330285,-122.8969589,1053061,,2023-04-30,10,0,Zillow ZIP-level market for Tomales; mapped with Census 2020 ZCTA 94971 in Marin County.,,,,
94929 nan,zcta,94929,nan,38.2545284,-122.9623709,1263020,,2023-04-30,10,0,Zillow ZIP-level market for nan; mapped with Census 2020 ZCTA 94929 in Marin County.,,,,
94901 San Rafael,zcta,94901,San Rafael,37.980709,-122.5006058,1511489,2676,2023-05-31,10,0,Zillow ZIP-level market for San Rafael; mapped with Census 2020 ZCTA 94901 in Marin County.,,2676,Zillow ZORI,
94941 Mill Valley,zcta,94941,Mill Valley,37.9247747,-122.6001828,2104873,3805,2023-05-31,10,0,Zillow ZIP-level market for Mill Valley; mapped with Census 2020 ZCTA 94941 in Marin County.,,3805,Zillow ZORI,
94903 San Rafael,zcta,94903,San Rafael,38.0221295,-122.55881,1329333,2894,2023-05-31,10,0,Zillow ZIP-level market for San Rafael; mapped with Census 2020 ZCTA 94903 in Marin County.,,2894,Zillow ZORI,
94947 Novato,zcta,94947,Novato,38.1061995,-122.6249851,1040150,,2023-05-31,10,0,Zillow ZIP-level market for Novato; mapped with Census 2020 ZCTA 94947 in Marin County.,,,,
94949 Novato,zcta,94949,Novato,38.0600944,-122.5064097,1315590,,2023-05-31,10,0,Zillow ZIP-level market for Novato; mapped with Census 2020 ZCTA 94949 in Marin County.,,,,
94945 Novato,zcta,94945,Novato,38.1226869,-122.5531417,1069850,,2023-05-31,10,0,Zillow ZIP-level market for Novato; mapped with Census 2020 ZCTA 94945 in Marin County.,,,,
94960 San Anselmo,zcta,94960,San Anselmo,37.9970232,-122.5783384,1623272,,2023-05-31,10,0,Zillow ZIP-level market for San Anselmo; mapped with Census 2020 ZCTA 94960 in Marin County.,,,,
94904 Kentfield,zcta,94904,Kentfield,37.9472249,-122.5517753,2467003,,2023-05-31,10,0,Zillow ZIP-level market for Kentfield; mapped with Census 2020 ZCTA 94904 in Marin County.,,,,
94920 Tiburon,zcta,94920,Tiburon,37.8867683,-122.4626194,3537619,,2023-05-31,10,0,Zillow ZIP-level market for Tiburon; mapped with Census 2020 ZCTA 94920 in Marin County.,,,,
94965 Sausalito,zcta,94965,Sausalito,37.8373471,-122.5274824,2030736,3392,2023-05-31,10,0,Zillow ZIP-level market for Sausalito; mapped with Census 2020 ZCTA 94965 in Marin County.,,3392,Zillow ZORI,
94925 Corte Madera,zcta,94925,Corte Madera,37.9318458,-122.5077378,1808203,,2023-05-31,10,0,Zillow ZIP-level market for Corte Madera; mapped with Census 2020 ZCTA 94925 in Marin County.,,,,
94930 Fairfax,zcta,94930,Fairfax,37.9697928,-122.61533,1221907,,2023-05-31,10,0,Zillow ZIP-level market for Fairfax; mapped with Census 2020 ZCTA 94930 in Marin County.,,,,
94939 Larkspur,zcta,94939,Larkspur,37.9382519,-122.5359478,2500497,,2023-05-31,10,0,Zillow ZIP-level market for Larkspur; mapped with Census 2020 ZCTA 94939 in Marin County.,,,,
94957 Ross,zcta,94957,Ross,37.9634213,-122.5618079,4003504,,2023-05-31,10,0,Zillow ZIP-level market for Ross; mapped with Census 2020 ZCTA 94957 in Marin County.,,,,
94937 Point Reyes Station,zcta,94937,Point Reyes Station,38.1164824,-122.930353,1458744,,2023-05-31,10,0,Zillow ZIP-level market for Point Reyes Station; mapped with Census 2020 ZCTA 94937 in Marin County.,,,,
94924 Bolinas,zcta,94924,Bolinas,37.9669044,-122.7388158,1990171,,2023-05-31,10,0,Zillow ZIP-level market for Bolinas; mapped with Census 2020 ZCTA 94924 in Marin County.,,,,
94963 Lagunitas,zcta,94963,Lagunitas,38.00761,-122.6647483,1247385,,2023-05-31,10,0,Zillow ZIP-level market for Lagunitas; mapped with Census 2020 ZCTA 94963 in Marin County.,,,,
94973 Woodacre,zcta,94973,Woodacre,38.0125906,-122.6394,1049759,,2023-05-31,10,0,Zillow ZIP-level market for Woodacre; mapped with Census 2020 ZCTA 94973 in Marin County.,,,,
94946 Nicasio,zcta,94946,Nicasio,38.0747338,-122.6952645,2058793,,2023-05-31,10,0,Zillow ZIP-level market for Nicasio; mapped with Census 2020 ZCTA 94946 in Marin County.,,,,
94938 Bolinas,zcta,94938,Bolinas,38.0302365,-122.7295132,1009407,,2023-05-31,10,0,Zillow ZIP-level market for Bolinas; mapped with Census 2020 ZCTA 94938 in Marin County.,,,,
94970 Stinson Beach,zcta,94970,Stinson Beach,37.9258817,-122.6598334,2998069,,2023-05-31,10,0,Zillow ZIP-level market for Stinson Beach; mapped with Census 2020 ZCTA 94970 in Marin County.,,,,
94956 Point Reyes Station,zcta,94956,Point Reyes Station,38.0214541,-122.81817,1434187,,2023-05-31,10,0,Zillow ZIP-level market for Point Reyes Station; mapped with Census 2020 ZCTA 94956 in Marin County.,,,,
94940 Marshall,zcta,94940,Marshall,38.2039708,-122.8914816,1532651,,2023-05-31,10,0,Zillow ZIP-level market for Marshall; mapped with Census 2020 ZCTA 94940 in Marin County.,,,,
94933 Lagunitas,zcta,94933,Lagunitas,38.0175021,-122.688148,881707,,2023-05-31,10,0,Zillow ZIP-level market for Lagunitas; mapped with Census 2020 ZCTA 94933 in Marin County.,,,,
94971 Tomales,zcta,94971,Tomales,38.2330285,-122.8969589,1054870,,2023-05-31,10,0,Zillow ZIP-level market for Tomales; mapped with Census 2020 ZCTA 94971 in Marin County.,,,,
94929 nan,zcta,94929,nan,38.2545284,-122.9623709,1267476,,2023-05-31,10,0,Zillow ZIP-level market for nan; mapped with Census 2020 ZCTA 94929 in Marin County.,,,,
94901 San Rafael,zcta,94901,San Rafael,37.980709,-122.5006058,1524858,2689,2023-06-30,10,0,Zillow ZIP-level market for San Rafael; mapped with Census 2020 ZCTA 94901 in Marin County.,,2689,Zillow ZORI,
94941 Mill Valley,zcta,94941,Mill Valley,37.9247747,-122.6001828,2118741,3810,2023-06-30,10,0,Zillow ZIP-level market for Mill Valley; mapped with Census 2020 ZCTA 94941 in Marin County.,,3810,Zillow ZORI,
94903 San Rafael,zcta,94903,San Rafael,38.0221295,-122.55881,1342994,2900,2023-06-30,10,0,Zillow ZIP-level market for San Rafael; mapped with Census 2020 ZCTA 94903 in Marin County.,,2900,Zillow ZORI,
94947 Novato,zcta,94947,Novato,38.1061995,-122.6249851,1047458,,2023-06-30,10,0,Zillow ZIP-level market for Novato; mapped with Census 2020 ZCTA 94947 in Marin County.,,,,
94949 Novato,zcta,94949,Novato,38.0600944,-122.5064097,1326793,,2023-06-30,10,0,Zillow ZIP-level market for Novato; mapped with Census 2020 ZCTA 94949 in Marin County.,,,,
94945 Novato,zcta,94945,Novato,38.1226869,-122.5531417,1079347,,2023-06-30,10,0,Zillow ZIP-level market for Novato; mapped with Census 2020 ZCTA 94945 in Marin County.,,,,
94960 San Anselmo,zcta,94960,San Anselmo,37.9970232,-122.5783384,1639458,,2023-06-30,10,0,Zillow ZIP-level market for San Anselmo; mapped with Census 2020 ZCTA 94960 in Marin County.,,,,
94904 Kentfield,zcta,94904,Kentfield,37.9472249,-122.5517753,2486878,,2023-06-30,10,0,Zillow ZIP-level market for Kentfield; mapped with Census 2020 ZCTA 94904 in Marin County.,,,,
94920 Tiburon,zcta,94920,Tiburon,37.8867683,-122.4626194,3566732,,2023-06-30,10,0,Zillow ZIP-level market for Tiburon; mapped with Census 2020 ZCTA 94920 in Marin County.,,,,
94965 Sausalito,zcta,94965,Sausalito,37.8373471,-122.5274824,2041830,3406,2023-06-30,10,0,Zillow ZIP-level market for Sausalito; mapped with Census 2020 ZCTA 94965 in Marin County.,,3406,Zillow ZORI,
94925 Corte Madera,zcta,94925,Corte Madera,37.9318458,-122.5077378,1820021,,2023-06-30,10,0,Zillow ZIP-level market for Corte Madera; mapped with Census 2020 ZCTA 94925 in Marin County.,,,,
94930 Fairfax,zcta,94930,Fairfax,37.9697928,-122.61533,1235613,,2023-06-30,10,0,Zillow ZIP-level market for Fairfax; mapped with Census 2020 ZCTA 94930 in Marin County.,,,,
94939 Larkspur,zcta,94939,Larkspur,37.9382519,-122.5359478,2521993,,2023-06-30,10,0,Zillow ZIP-level market for Larkspur; mapped with Census 2020 ZCTA 94939 in Marin County.,,,,
94957 Ross,zcta,94957,Ross,37.9634213,-122.5618079,4037252,,2023-06-30,10,0,Zillow ZIP-level market for Ross; mapped with Census 2020 ZCTA 94957 in Marin County.,,,,
94937 Point Reyes Station,zcta,94937,Point Reyes Station,38.1164824,-122.930353,1472665,,2023-06-30,10,0,Zillow ZIP-level market for Point Reyes Station; mapped with Census 2020 ZCTA 94937 in Marin County.,,,,
94924 Bolinas,zcta,94924,Bolinas,37.9669044,-122.7388158,2016900,,2023-06-30,10,0,Zillow ZIP-level market for Bolinas; mapped with Census 2020 ZCTA 94924 in Marin County.,,,,
94963 Lagunitas,zcta,94963,Lagunitas,38.00761,-122.6647483,1254979,,2023-06-30,10,0,Zillow ZIP-level market for Lagunitas; mapped with Census 2020 ZCTA 94963 in Marin County.,,,,
94973 Woodacre,zcta,94973,Woodacre,38.0125906,-122.6394,1061307,,2023-06-30,10,0,Zillow ZIP-level market for Woodacre; mapped with Census 2020 ZCTA 94973 in Marin County.,,,,
94946 Nicasio,zcta,94946,Nicasio,38.0747338,-122.6952645,2072887,,2023-06-30,10,0,Zillow ZIP-level market for Nicasio; mapped with Census 2020 ZCTA 94946 in Marin County.,,,,
94938 Bolinas,zcta,94938,Bolinas,38.0302365,-122.7295132,1016605,,2023-06-30,10,0,Zillow ZIP-level market for Bolinas; mapped with Census 2020 ZCTA 94938 in Marin County.,,,,
94970 Stinson Beach,zcta,94970,Stinson Beach,37.9258817,-122.6598334,3030297,,2023-06-30,10,0,Zillow ZIP-level market for Stinson Beach; mapped with Census 2020 ZCTA 94970 in Marin County.,,,,
94956 Point Reyes Station,zcta,94956,Point Reyes Station,38.0214541,-122.81817,1446693,,2023-06-30,10,0,Zillow ZIP-level market for Point Reyes Station; mapped with Census 2020 ZCTA 94956 in Marin County.,,,,
94940 Marshall,zcta,94940,Marshall,38.2039708,-122.8914816,1535560,,2023-06-30,10,0,Zillow ZIP-level market for Marshall; mapped with Census 2020 ZCTA 94940 in Marin County.,,,,
94933 Lagunitas,zcta,94933,Lagunitas,38.0175021,-122.688148,888220,,2023-06-30,10,0,Zillow ZIP-level market for Lagunitas; mapped with Census 2020 ZCTA 94933 in Marin County.,,,,
94971 Tomales,zcta,94971,Tomales,38.2330285,-122.8969589,1061576,,2023-06-30,10,0,Zillow ZIP-level market for Tomales; mapped with Census 2020 ZCTA 94971 in Marin County.,,,,
94929 nan,zcta,94929,nan,38.2545284,-122.9623709,1281114,,2023-06-30,10,0,Zillow ZIP-level market for nan; mapped with Census 2020 ZCTA 94929 in Marin County.,,,,
94901 San Rafael,zcta,94901,San Rafael,37.980709,-122.5006058,1541806,2676,2023-07-31,10,0,Zillow ZIP-level market for San Rafael; mapped with Census 2020 ZCTA 94901 in Marin County.,,2676,Zillow ZORI,
94941 Mill Valley,zcta,94941,Mill Valley,37.9247747,-122.6001828,2141470,3773,2023-07-31,10,0,Zillow ZIP-level market for Mill Valley; mapped with Census 2020 ZCTA 94941 in Marin County.,,3773,Zillow ZORI,
94903 San Rafael,zcta,94903,San Rafael,38.0221295,-122.55881,1362278,2925,2023-07-31,10,0,Zillow ZIP-level market for San Rafael; mapped with Census 2020 ZCTA 94903 in Marin County.,,2925,Zillow ZORI,
94947 Novato,zcta,94947,Novato,38.1061995,-122.6249851,1058525,,2023-07-31,10,0,Zillow ZIP-level market for Novato; mapped with Census 2020 ZCTA 94947 in Marin County.,,,,
94949 Novato,zcta,94949,Novato,38.0600944,-122.5064097,1343337,,2023-07-31,10,0,Zillow ZIP-level market for Novato; mapped with Census 2020 ZCTA 94949 in Marin County.,,,,
94945 Novato,zcta,94945,Novato,38.1226869,-122.5531417,1093180,,2023-07-31,10,0,Zillow ZIP-level market for Novato; mapped with Census 2020 ZCTA 94945 in Marin County.,,,,
94960 San Anselmo,zcta,94960,San Anselmo,37.9970232,-122.5783384,1665804,,2023-07-31,10,0,Zillow ZIP-level market for San Anselmo; mapped with Census 2020 ZCTA 94960 in Marin County.,,,,
94904 Kentfield,zcta,94904,Kentfield,37.9472249,-122.5517753,2515935,,2023-07-31,10,0,Zillow ZIP-level market for Kentfield; mapped with Census 2020 ZCTA 94904 in Marin County.,,,,
94920 Tiburon,zcta,94920,Tiburon,37.8867683,-122.4626194,3613614,,2023-07-31,10,0,Zillow ZIP-level market for Tiburon; mapped with Census 2020 ZCTA 94920 in Marin County.,,,,
94965 Sausalito,zcta,94965,Sausalito,37.8373471,-122.5274824,2059410,3428,2023-07-31,10,0,Zillow ZIP-level market for Sausalito; mapped with Census 2020 ZCTA 94965 in Marin County.,,3428,Zillow ZORI,
94925 Corte Madera,zcta,94925,Corte Madera,37.9318458,-122.5077378,1839951,,2023-07-31,10,0,Zillow ZIP-level market for Corte Madera; mapped with Census 2020 ZCTA 94925 in Marin County.,,,,
94930 Fairfax,zcta,94930,Fairfax,37.9697928,-122.61533,1255201,,2023-07-31,10,0,Zillow ZIP-level market for Fairfax; mapped with Census 2020 ZCTA 94930 in Marin County.,,,,
94939 Larkspur,zcta,94939,Larkspur,37.9382519,-122.5359478,2555190,,2023-07-31,10,0,Zillow ZIP-level market for Larkspur; mapped with Census 2020 ZCTA 94939 in Marin County.,,,,
94957 Ross,zcta,94957,Ross,37.9634213,-122.5618079,4074763,,2023-07-31,10,0,Zillow ZIP-level market for Ross; mapped with Census 2020 ZCTA 94957 in Marin County.,,,,
94937 Point Reyes Station,zcta,94937,Point Reyes Station,38.1164824,-122.930353,1496550,,2023-07-31,10,0,Zillow ZIP-level market for Point Reyes Station; mapped with Census 2020 ZCTA 94937 in Marin County.,,,,
94924 Bolinas,zcta,94924,Bolinas,37.9669044,-122.7388158,2039450,,2023-07-31,10,0,Zillow ZIP-level market for Bolinas; mapped with Census 2020 ZCTA 94924 in Marin County.,,,,
94963 Lagunitas,zcta,94963,Lagunitas,38.00761,-122.6647483,1270394,,2023-07-31,10,0,Zillow ZIP-level market for Lagunitas; mapped with Census 2020 ZCTA 94963 in Marin County.,,,,
94973 Woodacre,zcta,94973,Woodacre,38.0125906,-122.6394,1077689,,2023-07-31,10,0,Zillow ZIP-level market for Woodacre; mapped with Census 2020 ZCTA 94973 in Marin County.,,,,
94946 Nicasio,zcta,94946,Nicasio,38.0747338,-122.6952645,2101824,,2023-07-31,10,0,Zillow ZIP-level market for Nicasio; mapped with Census 2020 ZCTA 94946 in Marin County.,,,,
94938 Bolinas,zcta,94938,Bolinas,38.0302365,-122.7295132,1027676,,2023-07-31,10,0,Zillow ZIP-level market for Bolinas; mapped with Census 2020 ZCTA 94938 in Marin County.,,,,
94970 Stinson Beach,zcta,94970,Stinson Beach,37.9258817,-122.6598334,3091918,,2023-07-31,10,0,Zillow ZIP-level market for Stinson Beach; mapped with Census 2020 ZCTA 94970 in Marin County.,,,,
94956 Point Reyes Station,zcta,94956,Point Reyes Station,38.0214541,-122.81817,1466741,,2023-07-31,10,0,Zillow ZIP-level market for Point Reyes Station; mapped with Census 2020 ZCTA 94956 in Marin County.,,,,
94940 Marshall,zcta,94940,Marshall,38.2039708,-122.8914816,1546276,,2023-07-31,10,0,Zillow ZIP-level market for Marshall; mapped with Census 2020 ZCTA 94940 in Marin County.,,,,
94933 Lagunitas,zcta,94933,Lagunitas,38.0175021,-122.688148,895459,,2023-07-31,10,0,Zillow ZIP-level market for Lagunitas; mapped with Census 2020 ZCTA 94933 in Marin County.,,,,
94971 Tomales,zcta,94971,Tomales,38.2330285,-122.8969589,1075828,,2023-07-31,10,0,Zillow ZIP-level market for Tomales; mapped with Census 2020 ZCTA 94971 in Marin County.,,,,
94929 nan,zcta,94929,nan,38.2545284,-122.9623709,1304215,,2023-07-31,10,0,Zillow ZIP-level market for nan; mapped with Census 2020 ZCTA 94929 in Marin County.,,,,
94901 San Rafael,zcta,94901,San Rafael,37.980709,-122.5006058,1558720,2692,2023-08-31,10,0,Zillow ZIP-level market for San Rafael; mapped with Census 2020 ZCTA 94901 in Marin County.,,2692,Zillow ZORI,
94941 Mill Valley,zcta,94941,Mill Valley,37.9247747,-122.6001828,2166341,3787,2023-08-31,10,0,Zillow ZIP-level market for Mill Valley; mapped with Census 2020 ZCTA 94941 in Marin County.,,3787,Zillow ZORI,
94903 San Rafael,zcta,94903,San Rafael,38.0221295,-122.55881,1382636,2940,2023-08-31,10,0,Zillow ZIP-level market for San Rafael; mapped with Census 2020 ZCTA 94903 in Marin County.,,2940,Zillow ZORI,
94947 Novato,zcta,94947,Novato,38.1061995,-122.6249851,1072556,,2023-08-31,10,0,Zillow ZIP-level market for Novato; mapped with Census 2020 ZCTA 94947 in Marin County.,,,,
94949 Novato,zcta,94949,Novato,38.0600944,-122.5064097,1360516,,2023-08-31,10,0,Zillow ZIP-level market for Novato; mapped with Census 2020 ZCTA 94949 in Marin County.,,,,
94945 Novato,zcta,94945,Novato,38.1226869,-122.5531417,1107580,,2023-08-31,10,0,Zillow ZIP-level market for Novato; mapped with Census 2020 ZCTA 94945 in Marin County.,,,,
94960 San Anselmo,zcta,94960,San Anselmo,37.9970232,-122.5783384,1693530,,2023-08-31,10,0,Zillow ZIP-level market for San Anselmo; mapped with Census 2020 ZCTA 94960 in Marin County.,,,,
94904 Kentfield,zcta,94904,Kentfield,37.9472249,-122.5517753,2542273,,2023-08-31,10,0,Zillow ZIP-level market for Kentfield; mapped with Census 2020 ZCTA 94904 in Marin County.,,,,
94920 Tiburon,zcta,94920,Tiburon,37.8867683,-122.4626194,3656229,,2023-08-31,10,0,Zillow ZIP-level market for Tiburon; mapped with Census 2020 ZCTA 94920 in Marin County.,,,,
94965 Sausalito,zcta,94965,Sausalito,37.8373471,-122.5274824,2076097,3447,2023-08-31,10,0,Zillow ZIP-level market for Sausalito; mapped with Census 2020 ZCTA 94965 in Marin County.,,3447,Zillow ZORI,
94925 Corte Madera,zcta,94925,Corte Madera,37.9318458,-122.5077378,1864766,,2023-08-31,10,0,Zillow ZIP-level market for Corte Madera; mapped with Census 2020 ZCTA 94925 in Marin County.,,,,
94930 Fairfax,zcta,94930,Fairfax,37.9697928,-122.61533,1271954,,2023-08-31,10,0,Zillow ZIP-level market for Fairfax; mapped with Census 2020 ZCTA 94930 in Marin County.,,,,
94939 Larkspur,zcta,94939,Larkspur,37.9382519,-122.5359478,2584633,,2023-08-31,10,0,Zillow ZIP-level market for Larkspur; mapped with Census 2020 ZCTA 94939 in Marin County.,,,,
94957 Ross,zcta,94957,Ross,37.9634213,-122.5618079,4105070,,2023-08-31,10,0,Zillow ZIP-level market for Ross; mapped with Census 2020 ZCTA 94957 in Marin County.,,,,
94937 Point Reyes Station,zcta,94937,Point Reyes Station,38.1164824,-122.930353,1517565,,2023-08-31,10,0,Zillow ZIP-level market for Point Reyes Station; mapped with Census 2020 ZCTA 94937 in Marin County.,,,,
94924 Bolinas,zcta,94924,Bolinas,37.9669044,-122.7388158,2064969,,2023-08-31,10,0,Zillow ZIP-level market for Bolinas; mapped with Census 2020 ZCTA 94924 in Marin County.,,,,
94963 Lagunitas,zcta,94963,Lagunitas,38.00761,-122.6647483,1287267,,2023-08-31,10,0,Zillow ZIP-level market for Lagunitas; mapped with Census 2020 ZCTA 94963 in Marin County.,,,,
94973 Woodacre,zcta,94973,Woodacre,38.0125906,-122.6394,1092287,,2023-08-31,10,0,Zillow ZIP-level market for Woodacre; mapped with Census 2020 ZCTA 94973 in Marin County.,,,,
94946 Nicasio,zcta,94946,Nicasio,38.0747338,-122.6952645,2125157,,2023-08-31,10,0,Zillow ZIP-level market for Nicasio; mapped with Census 2020 ZCTA 94946 in Marin County.,,,,
94938 Bolinas,zcta,94938,Bolinas,38.0302365,-122.7295132,1036042,,2023-08-31,10,0,Zillow ZIP-level market for Bolinas; mapped with Census 2020 ZCTA 94938 in Marin County.,,,,
94970 Stinson Beach,zcta,94970,Stinson Beach,37.9258817,-122.6598334,3145549,,2023-08-31,10,0,Zillow ZIP-level market for Stinson Beach; mapped with Census 2020 ZCTA 94970 in Marin County.,,,,
94956 Point Reyes Station,zcta,94956,Point Reyes Station,38.0214541,-122.81817,1480112,,2023-08-31,10,0,Zillow ZIP-level market for Point Reyes Station; mapped with Census 2020 ZCTA 94956 in Marin County.,,,,
94940 Marshall,zcta,94940,Marshall,38.2039708,-122.8914816,1553171,,2023-08-31,10,0,Zillow ZIP-level market for Marshall; mapped with Census 2020 ZCTA 94940 in Marin County.,,,,
94933 Lagunitas,zcta,94933,Lagunitas,38.0175021,-122.688148,899342,,2023-08-31,10,0,Zillow ZIP-level market for Lagunitas; mapped with Census 2020 ZCTA 94933 in Marin County.,,,,
94971 Tomales,zcta,94971,Tomales,38.2330285,-122.8969589,1085736,,2023-08-31,10,0,Zillow ZIP-level market for Tomales; mapped with Census 2020 ZCTA 94971 in Marin County.,,,,
94929 nan,zcta,94929,nan,38.2545284,-122.9623709,1318984,,2023-08-31,10,0,Zillow ZIP-level market for nan; mapped with Census 2020 ZCTA 94929 in Marin County.,,,,
94901 San Rafael,zcta,94901,San Rafael,37.980709,-122.5006058,1573317,2670,2023-09-30,10,0,Zillow ZIP-level market for San Rafael; mapped with Census 2020 ZCTA 94901 in Marin County.,,2670,Zillow ZORI,
94941 Mill Valley,zcta,94941,Mill Valley,37.9247747,-122.6001828,2191843,3760,2023-09-30,10,0,Zillow ZIP-level market for Mill Valley; mapped with Census 2020 ZCTA 94941 in Marin County.,,3760,Zillow ZORI,
94903 San Rafael,zcta,94903,San Rafael,38.0221295,-122.55881,1401482,2980,2023-09-30,10,0,Zillow ZIP-level market for San Rafael; mapped with Census 2020 ZCTA 94903 in Marin County.,,2980,Zillow ZORI,
94947 Novato,zcta,94947,Novato,38.1061995,-122.6249851,1085240,,2023-09-30,10,0,Zillow ZIP-level market for Novato; mapped with Census 2020 ZCTA 94947 in Marin County.,,,,
94949 Novato,zcta,94949,Novato,38.0600944,-122.5064097,1375958,,2023-09-30,10,0,Zillow ZIP-level market for Novato; mapped with Census 2020 ZCTA 94949 in Marin County.,,,,
94945 Novato,zcta,94945,Novato,38.1226869,-122.5531417,1120653,,2023-09-30,10,0,Zillow ZIP-level market for Novato; mapped with Census 2020 ZCTA 94945 in Marin County.,,,,
94960 San Anselmo,zcta,94960,San Anselmo,37.9970232,-122.5783384,1722362,,2023-09-30,10,0,Zillow ZIP-level market for San Anselmo; mapped with Census 2020 ZCTA 94960 in Marin County.,,,,
94904 Kentfield,zcta,94904,Kentfield,37.9472249,-122.5517753,2567652,,2023-09-30,10,0,Zillow ZIP-level market for Kentfield; mapped with Census 2020 ZCTA 94904 in Marin County.,,,,
94920 Tiburon,zcta,94920,Tiburon,37.8867683,-122.4626194,3690705,,2023-09-30,10,0,Zillow ZIP-level market for Tiburon; mapped with Census 2020 ZCTA 94920 in Marin County.,,,,
94965 Sausalito,zcta,94965,Sausalito,37.8373471,-122.5274824,2081962,3423,2023-09-30,10,0,Zillow ZIP-level market for Sausalito; mapped with Census 2020 ZCTA 94965 in Marin County.,,3423,Zillow ZORI,
94925 Corte Madera,zcta,94925,Corte Madera,37.9318458,-122.5077378,1885900,,2023-09-30,10,0,Zillow ZIP-level market for Corte Madera; mapped with Census 2020 ZCTA 94925 in Marin County.,,,,
94930 Fairfax,zcta,94930,Fairfax,37.9697928,-122.61533,1283596,,2023-09-30,10,0,Zillow ZIP-level market for Fairfax; mapped with Census 2020 ZCTA 94930 in Marin County.,,,,
94939 Larkspur,zcta,94939,Larkspur,37.9382519,-122.5359478,2607998,,2023-09-30,10,0,Zillow ZIP-level market for Larkspur; mapped with Census 2020 ZCTA 94939 in Marin County.,,,,
94957 Ross,zcta,94957,Ross,37.9634213,-122.5618079,4137400,,2023-09-30,10,0,Zillow ZIP-level market for Ross; mapped with Census 2020 ZCTA 94957 in Marin County.,,,,
94937 Point Reyes Station,zcta,94937,Point Reyes Station,38.1164824,-122.930353,1536270,,2023-09-30,10,0,Zillow ZIP-level market for Point Reyes Station; mapped with Census 2020 ZCTA 94937 in Marin County.,,,,
94924 Bolinas,zcta,94924,Bolinas,37.9669044,-122.7388158,2093126,,2023-09-30,10,0,Zillow ZIP-level market for Bolinas; mapped with Census 2020 ZCTA 94924 in Marin County.,,,,
94963 Lagunitas,zcta,94963,Lagunitas,38.00761,-122.6647483,1306922,,2023-09-30,10,0,Zillow ZIP-level market for Lagunitas; mapped with Census 2020 ZCTA 94963 in Marin County.,,,,
94973 Woodacre,zcta,94973,Woodacre,38.0125906,-122.6394,1100022,,2023-09-30,10,0,Zillow ZIP-level market for Woodacre; mapped with Census 2020 ZCTA 94973 in Marin County.,,,,
94946 Nicasio,zcta,94946,Nicasio,38.0747338,-122.6952645,2156902,,2023-09-30,10,0,Zillow ZIP-level market for Nicasio; mapped with Census 2020 ZCTA 94946 in Marin County.,,,,
94938 Bolinas,zcta,94938,Bolinas,38.0302365,-122.7295132,1045663,,2023-09-30,10,0,Zillow ZIP-level market for Bolinas; mapped with Census 2020 ZCTA 94938 in Marin County.,,,,
94970 Stinson Beach,zcta,94970,Stinson Beach,37.9258817,-122.6598334,3192760,,2023-09-30,10,0,Zillow ZIP-level market for Stinson Beach; mapped with Census 2020 ZCTA 94970 in Marin County.,,,,
94956 Point Reyes Station,zcta,94956,Point Reyes Station,38.0214541,-122.81817,1500891,,2023-09-30,10,0,Zillow ZIP-level market for Point Reyes Station; mapped with Census 2020 ZCTA 94956 in Marin County.,,,,
94940 Marshall,zcta,94940,Marshall,38.2039708,-122.8914816,1559106,,2023-09-30,10,0,Zillow ZIP-level market for Marshall; mapped with Census 2020 ZCTA 94940 in Marin County.,,,,
94933 Lagunitas,zcta,94933,Lagunitas,38.0175021,-122.688148,902314,,2023-09-30,10,0,Zillow ZIP-level market for Lagunitas; mapped with Census 2020 ZCTA 94933 in Marin County.,,,,
94971 Tomales,zcta,94971,Tomales,38.2330285,-122.8969589,1091491,,2023-09-30,10,0,Zillow ZIP-level market for Tomales; mapped with Census 2020 ZCTA 94971 in Marin County.,,,,
94929 nan,zcta,94929,nan,38.2545284,-122.9623709,1331165,,2023-09-30,10,0,Zillow ZIP-level market for nan; mapped with Census 2020 ZCTA 94929 in Marin County.,,,,
94901 San Rafael,zcta,94901,San Rafael,37.980709,-122.5006058,1582962,2694,2023-10-31,10,0,Zillow ZIP-level market for San Rafael; mapped with Census 2020 ZCTA 94901 in Marin County.,,2694,Zillow ZORI,
94941 Mill Valley,zcta,94941,Mill Valley,37.9247747,-122.6001828,2210775,3852,2023-10-31,10,0,Zillow ZIP-level market for Mill Valley; mapped with Census 2020 ZCTA 94941 in Marin County.,,3852,Zillow ZORI,
94903 San Rafael,zcta,94903,San Rafael,38.0221295,-122.55881,1413835,3015,2023-10-31,10,0,Zillow ZIP-level market for San Rafael; mapped with Census 2020 ZCTA 94903 in Marin County.,,3015,Zillow ZORI,
94947 Novato,zcta,94947,Novato,38.1061995,-122.6249851,1092345,,2023-10-31,10,0,Zillow ZIP-level market for Novato; mapped with Census 2020 ZCTA 94947 in Marin County.,,,,
94949 Novato,zcta,94949,Novato,38.0600944,-122.5064097,1385233,,2023-10-31,10,0,Zillow ZIP-level market for Novato; mapped with Census 2020 ZCTA 94949 in Marin County.,,,,
94945 Novato,zcta,94945,Novato,38.1226869,-122.5531417,1128129,,2023-10-31,10,0,Zillow ZIP-level market for Novato; mapped with Census 2020 ZCTA 94945 in Marin County.,,,,
94960 San Anselmo,zcta,94960,San Anselmo,37.9970232,-122.5783384,1740440,,2023-10-31,10,0,Zillow ZIP-level market for San Anselmo; mapped with Census 2020 ZCTA 94960 in Marin County.,,,,
94904 Kentfield,zcta,94904,Kentfield,37.9472249,-122.5517753,2575104,,2023-10-31,10,0,Zillow ZIP-level market for Kentfield; mapped with Census 2020 ZCTA 94904 in Marin County.,,,,
94920 Tiburon,zcta,94920,Tiburon,37.8867683,-122.4626194,3700294,,2023-10-31,10,0,Zillow ZIP-level market for Tiburon; mapped with Census 2020 ZCTA 94920 in Marin County.,,,,
94965 Sausalito,zcta,94965,Sausalito,37.8373471,-122.5274824,2077808,3387,2023-10-31,10,0,Zillow ZIP-level market for Sausalito; mapped with Census 2020 ZCTA 94965 in Marin County.,,3387,Zillow ZORI,
94925 Corte Madera,zcta,94925,Corte Madera,37.9318458,-122.5077378,1898499,,2023-10-31,10,0,Zillow ZIP-level market for Corte Madera; mapped with Census 2020 ZCTA 94925 in Marin County.,,,,
94930 Fairfax,zcta,94930,Fairfax,37.9697928,-122.61533,1288574,,2023-10-31,10,0,Zillow ZIP-level market for Fairfax; mapped with Census 2020 ZCTA 94930 in Marin County.,,,,
94939 Larkspur,zcta,94939,Larkspur,37.9382519,-122.5359478,2609391,,2023-10-31,10,0,Zillow ZIP-level market for Larkspur; mapped with Census 2020 ZCTA 94939 in Marin County.,,,,
94957 Ross,zcta,94957,Ross,37.9634213,-122.5618079,4147419,,2023-10-31,10,0,Zillow ZIP-level market for Ross; mapped with Census 2020 ZCTA 94957 in Marin County.,,,,
94937 Point Reyes Station,zcta,94937,Point Reyes Station,38.1164824,-122.930353,1545477,,2023-10-31,10,0,Zillow ZIP-level market for Point Reyes Station; mapped with Census 2020 ZCTA 94937 in Marin County.,,,,
94924 Bolinas,zcta,94924,Bolinas,37.9669044,-122.7388158,2111116,,2023-10-31,10,0,Zillow ZIP-level market for Bolinas; mapped with Census 2020 ZCTA 94924 in Marin County.,,,,
94963 Lagunitas,zcta,94963,Lagunitas,38.00761,-122.6647483,1319119,,2023-10-31,10,0,Zillow ZIP-level market for Lagunitas; mapped with Census 2020 ZCTA 94963 in Marin County.,,,,
94973 Woodacre,zcta,94973,Woodacre,38.0125906,-122.6394,1100860,,2023-10-31,10,0,Zillow ZIP-level market for Woodacre; mapped with Census 2020 ZCTA 94973 in Marin County.,,,,
94946 Nicasio,zcta,94946,Nicasio,38.0747338,-122.6952645,2171945,,2023-10-31,10,0,Zillow ZIP-level market for Nicasio; mapped with Census 2020 ZCTA 94946 in Marin County.,,,,
94938 Bolinas,zcta,94938,Bolinas,38.0302365,-122.7295132,1049591,,2023-10-31,10,0,Zillow ZIP-level market for Bolinas; mapped with Census 2020 ZCTA 94938 in Marin County.,,,,
94970 Stinson Beach,zcta,94970,Stinson Beach,37.9258817,-122.6598334,3221213,,2023-10-31,10,0,Zillow ZIP-level market for Stinson Beach; mapped with Census 2020 ZCTA 94970 in Marin County.,,,,
94956 Point Reyes Station,zcta,94956,Point Reyes Station,38.0214541,-122.81817,1515622,,2023-10-31,10,0,Zillow ZIP-level market for Point Reyes Station; mapped with Census 2020 ZCTA 94956 in Marin County.,,,,
94940 Marshall,zcta,94940,Marshall,38.2039708,-122.8914816,1553460,,2023-10-31,10,0,Zillow ZIP-level market for Marshall; mapped with Census 2020 ZCTA 94940 in Marin County.,,,,
94933 Lagunitas,zcta,94933,Lagunitas,38.0175021,-122.688148,901635,,2023-10-31,10,0,Zillow ZIP-level market for Lagunitas; mapped with Census 2020 ZCTA 94933 in Marin County.,,,,
94971 Tomales,zcta,94971,Tomales,38.2330285,-122.8969589,1093511,,2023-10-31,10,0,Zillow ZIP-level market for Tomales; mapped with Census 2020 ZCTA 94971 in Marin County.,,,,
94929 nan,zcta,94929,nan,38.2545284,-122.9623709,1337223,,2023-10-31,10,0,Zillow ZIP-level market for nan; mapped with Census 2020 ZCTA 94929 in Marin County.,,,,
94901 San Rafael,zcta,94901,San Rafael,37.980709,-122.5006058,1582068,2658,2023-11-30,10,0,Zillow ZIP-level market for San Rafael; mapped with Census 2020 ZCTA 94901 in Marin County.,,2658,Zillow ZORI,
94941 Mill Valley,zcta,94941,Mill Valley,37.9247747,-122.6001828,2214363,3768,2023-11-30,10,0,Zillow ZIP-level market for Mill Valley; mapped with Census 2020 ZCTA 94941 in Marin County.,,3768,Zillow ZORI,
94903 San Rafael,zcta,94903,San Rafael,38.0221295,-122.55881,1417283,2981,2023-11-30,10,0,Zillow ZIP-level market for San Rafael; mapped with Census 2020 ZCTA 94903 in Marin County.,,2981,Zillow ZORI,
94947 Novato,zcta,94947,Novato,38.1061995,-122.6249851,1092376,,2023-11-30,10,0,Zillow ZIP-level market for Novato; mapped with Census 2020 ZCTA 94947 in Marin County.,,,,
94949 Novato,zcta,94949,Novato,38.0600944,-122.5064097,1387610,,2023-11-30,10,0,Zillow ZIP-level market for Novato; mapped with Census 2020 ZCTA 94949 in Marin County.,,,,
94945 Novato,zcta,94945,Novato,38.1226869,-122.5531417,1128635,,2023-11-30,10,0,Zillow ZIP-level market for Novato; mapped with Census 2020 ZCTA 94945 in Marin County.,,,,
94960 San Anselmo,zcta,94960,San Anselmo,37.9970232,-122.5783384,1742479,,2023-11-30,10,0,Zillow ZIP-level market for San Anselmo; mapped with Census 2020 ZCTA 94960 in Marin County.,,,,
94904 Kentfield,zcta,94904,Kentfield,37.9472249,-122.5517753,2562838,,2023-11-30,10,0,Zillow ZIP-level market for Kentfield; mapped with Census 2020 ZCTA 94904 in Marin County.,,,,
94920 Tiburon,zcta,94920,Tiburon,37.8867683,-122.4626194,3695424,,2023-11-30,10,0,Zillow ZIP-level market for Tiburon; mapped with Census 2020 ZCTA 94920 in Marin County.,,,,
94965 Sausalito,zcta,94965,Sausalito,37.8373471,-122.5274824,2061318,3404,2023-11-30,10,0,Zillow ZIP-level market for Sausalito; mapped with Census 2020 ZCTA 94965 in Marin County.,,3404,Zillow ZORI,
94925 Corte Madera,zcta,94925,Corte Madera,37.9318458,-122.5077378,1899271,,2023-11-30,10,0,Zillow ZIP-level market for Corte Madera; mapped with Census 2020 ZCTA 94925 in Marin County.,,,,
94930 Fairfax,zcta,94930,Fairfax,37.9697928,-122.61533,1286802,,2023-11-30,10,0,Zillow ZIP-level market for Fairfax; mapped with Census 2020 ZCTA 94930 in Marin County.,,,,
94939 Larkspur,zcta,94939,Larkspur,37.9382519,-122.5359478,2598530,,2023-11-30,10,0,Zillow ZIP-level market for Larkspur; mapped with Census 2020 ZCTA 94939 in Marin County.,,,,
94957 Ross,zcta,94957,Ross,37.9634213,-122.5618079,4139731,,2023-11-30,10,0,Zillow ZIP-level market for Ross; mapped with Census 2020 ZCTA 94957 in Marin County.,,,,
94937 Point Reyes Station,zcta,94937,Point Reyes Station,38.1164824,-122.930353,1546700,,2023-11-30,10,0,Zillow ZIP-level market for Point Reyes Station; mapped with Census 2020 ZCTA 94937 in Marin County.,,,,
94924 Bolinas,zcta,94924,Bolinas,37.9669044,-122.7388158,2110987,,2023-11-30,10,0,Zillow ZIP-level market for Bolinas; mapped with Census 2020 ZCTA 94924 in Marin County.,,,,
94963 Lagunitas,zcta,94963,Lagunitas,38.00761,-122.6647483,1325470,,2023-11-30,10,0,Zillow ZIP-level market for Lagunitas; mapped with Census 2020 ZCTA 94963 in Marin County.,,,,
94973 Woodacre,zcta,94973,Woodacre,38.0125906,-122.6394,1094915,,2023-11-30,10,0,Zillow ZIP-level market for Woodacre; mapped with Census 2020 ZCTA 94973 in Marin County.,,,,
94946 Nicasio,zcta,94946,Nicasio,38.0747338,-122.6952645,2169573,,2023-11-30,10,0,Zillow ZIP-level market for Nicasio; mapped with Census 2020 ZCTA 94946 in Marin County.,,,,
94938 Bolinas,zcta,94938,Bolinas,38.0302365,-122.7295132,1049048,,2023-11-30,10,0,Zillow ZIP-level market for Bolinas; mapped with Census 2020 ZCTA 94938 in Marin County.,,,,
94970 Stinson Beach,zcta,94970,Stinson Beach,37.9258817,-122.6598334,3244811,,2023-11-30,10,0,Zillow ZIP-level market for Stinson Beach; mapped with Census 2020 ZCTA 94970 in Marin County.,,,,
94956 Point Reyes Station,zcta,94956,Point Reyes Station,38.0214541,-122.81817,1529438,,2023-11-30,10,0,Zillow ZIP-level market for Point Reyes Station; mapped with Census 2020 ZCTA 94956 in Marin County.,,,,
94940 Marshall,zcta,94940,Marshall,38.2039708,-122.8914816,1544937,,2023-11-30,10,0,Zillow ZIP-level market for Marshall; mapped with Census 2020 ZCTA 94940 in Marin County.,,,,
94933 Lagunitas,zcta,94933,Lagunitas,38.0175021,-122.688148,898975,,2023-11-30,10,0,Zillow ZIP-level market for Lagunitas; mapped with Census 2020 ZCTA 94933 in Marin County.,,,,
94971 Tomales,zcta,94971,Tomales,38.2330285,-122.8969589,1092003,,2023-11-30,10,0,Zillow ZIP-level market for Tomales; mapped with Census 2020 ZCTA 94971 in Marin County.,,,,
94929 nan,zcta,94929,nan,38.2545284,-122.9623709,1340951,,2023-11-30,10,0,Zillow ZIP-level market for nan; mapped with Census 2020 ZCTA 94929 in Marin County.,,,,
94901 San Rafael,zcta,94901,San Rafael,37.980709,-122.5006058,1570770,2669,2023-12-31,10,0,Zillow ZIP-level market for San Rafael; mapped with Census 2020 ZCTA 94901 in Marin County.,,2669,Zillow ZORI,
94941 Mill Valley,zcta,94941,Mill Valley,37.9247747,-122.6001828,2199981,3836,2023-12-31,10,0,Zillow ZIP-level market for Mill Valley; mapped with Census 2020 ZCTA 94941 in Marin County.,,3836,Zillow ZORI,
94903 San Rafael,zcta,94903,San Rafael,38.0221295,-122.55881,1411200,2929,2023-12-31,10,0,Zillow ZIP-level market for San Rafael; mapped with Census 2020 ZCTA 94903 in Marin County.,,2929,Zillow ZORI,
94947 Novato,zcta,94947,Novato,38.1061995,-122.6249851,1088844,,2023-12-31,10,0,Zillow ZIP-level market for Novato; mapped with Census 2020 ZCTA 94947 in Marin County.,,,,
94949 Novato,zcta,94949,Novato,38.0600944,-122.5064097,1383988,,2023-12-31,10,0,Zillow ZIP-level market for Novato; mapped with Census 2020 ZCTA 94949 in Marin County.,,,,
94945 Novato,zcta,94945,Novato,38.1226869,-122.5531417,1123670,,2023-12-31,10,0,Zillow ZIP-level market for Novato; mapped with Census 2020 ZCTA 94945 in Marin County.,,,,
94960 San Anselmo,zcta,94960,San Anselmo,37.9970232,-122.5783384,1728188,,2023-12-31,10,0,Zillow ZIP-level market for San Anselmo; mapped with Census 2020 ZCTA 94960 in Marin County.,,,,
94904 Kentfield,zcta,94904,Kentfield,37.9472249,-122.5517753,2537744,,2023-12-31,10,0,Zillow ZIP-level market for Kentfield; mapped with Census 2020 ZCTA 94904 in Marin County.,,,,
94920 Tiburon,zcta,94920,Tiburon,37.8867683,-122.4626194,3665640,,2023-12-31,10,0,Zillow ZIP-level market for Tiburon; mapped with Census 2020 ZCTA 94920 in Marin County.,,,,
94965 Sausalito,zcta,94965,Sausalito,37.8373471,-122.5274824,2033530,3410,2023-12-31,10,0,Zillow ZIP-level market for Sausalito; mapped with Census 2020 ZCTA 94965 in Marin County.,,3410,Zillow ZORI,
94925 Corte Madera,zcta,94925,Corte Madera,37.9318458,-122.5077378,1887652,,2023-12-31,10,0,Zillow ZIP-level market for Corte Madera; mapped with Census 2020 ZCTA 94925 in Marin County.,,,,
94930 Fairfax,zcta,94930,Fairfax,37.9697928,-122.61533,1277223,,2023-12-31,10,0,Zillow ZIP-level market for Fairfax; mapped with Census 2020 ZCTA 94930 in Marin County.,,,,
94939 Larkspur,zcta,94939,Larkspur,37.9382519,-122.5359478,2571591,,2023-12-31,10,0,Zillow ZIP-level market for Larkspur; mapped with Census 2020 ZCTA 94939 in Marin County.,,,,
94957 Ross,zcta,94957,Ross,37.9634213,-122.5618079,4104827,,2023-12-31,10,0,Zillow ZIP-level market for Ross; mapped with Census 2020 ZCTA 94957 in Marin County.,,,,
94937 Point Reyes Station,zcta,94937,Point Reyes Station,38.1164824,-122.930353,1532002,,2023-12-31,10,0,Zillow ZIP-level market for Point Reyes Station; mapped with Census 2020 ZCTA 94937 in Marin County.,,,,
94924 Bolinas,zcta,94924,Bolinas,37.9669044,-122.7388158,2076985,,2023-12-31,10,0,Zillow ZIP-level market for Bolinas; mapped with Census 2020 ZCTA 94924 in Marin County.,,,,
94963 Lagunitas,zcta,94963,Lagunitas,38.00761,-122.6647483,1320388,,2023-12-31,10,0,Zillow ZIP-level market for Lagunitas; mapped with Census 2020 ZCTA 94963 in Marin County.,,,,
94973 Woodacre,zcta,94973,Woodacre,38.0125906,-122.6394,1085828,,2023-12-31,10,0,Zillow ZIP-level market for Woodacre; mapped with Census 2020 ZCTA 94973 in Marin County.,,,,
94946 Nicasio,zcta,94946,Nicasio,38.0747338,-122.6952645,2138769,,2023-12-31,10,0,Zillow ZIP-level market for Nicasio; mapped with Census 2020 ZCTA 94946 in Marin County.,,,,
94938 Bolinas,zcta,94938,Bolinas,38.0302365,-122.7295132,1042098,,2023-12-31,10,0,Zillow ZIP-level market for Bolinas; mapped with Census 2020 ZCTA 94938 in Marin County.,,,,
94970 Stinson Beach,zcta,94970,Stinson Beach,37.9258817,-122.6598334,3239626,,2023-12-31,10,0,Zillow ZIP-level market for Stinson Beach; mapped with Census 2020 ZCTA 94970 in Marin County.,,,,
94956 Point Reyes Station,zcta,94956,Point Reyes Station,38.0214541,-122.81817,1528339,,2023-12-31,10,0,Zillow ZIP-level market for Point Reyes Station; mapped with Census 2020 ZCTA 94956 in Marin County.,,,,
94940 Marshall,zcta,94940,Marshall,38.2039708,-122.8914816,1531746,,2023-12-31,10,0,Zillow ZIP-level market for Marshall; mapped with Census 2020 ZCTA 94940 in Marin County.,,,,
94933 Lagunitas,zcta,94933,Lagunitas,38.0175021,-122.688148,892600,,2023-12-31,10,0,Zillow ZIP-level market for Lagunitas; mapped with Census 2020 ZCTA 94933 in Marin County.,,,,
94971 Tomales,zcta,94971,Tomales,38.2330285,-122.8969589,1083405,,2023-12-31,10,0,Zillow ZIP-level market for Tomales; mapped with Census 2020 ZCTA 94971 in Marin County.,,,,
94929 nan,zcta,94929,nan,38.2545284,-122.9623709,1334813,,2023-12-31,10,0,Zillow ZIP-level market for nan; mapped with Census 2020 ZCTA 94929 in Marin County.,,,,
94901 San Rafael,zcta,94901,San Rafael,37.980709,-122.5006058,1549136,2648,2024-01-31,10,0,Zillow ZIP-level market for San Rafael; mapped with Census 2020 ZCTA 94901 in Marin County.,,2648,Zillow ZORI,
94941 Mill Valley,zcta,94941,Mill Valley,37.9247747,-122.6001828,2172051,3783,2024-01-31,10,0,Zillow ZIP-level market for Mill Valley; mapped with Census 2020 ZCTA 94941 in Marin County.,,3783,Zillow ZORI,
94903 San Rafael,zcta,94903,San Rafael,38.0221295,-122.55881,1397041,2902,2024-01-31,10,0,Zillow ZIP-level market for San Rafael; mapped with Census 2020 ZCTA 94903 in Marin County.,,2902,Zillow ZORI,
94947 Novato,zcta,94947,Novato,38.1061995,-122.6249851,1083633,,2024-01-31,10,0,Zillow ZIP-level market for Novato; mapped with Census 2020 ZCTA 94947 in Marin County.,,,,
94949 Novato,zcta,94949,Novato,38.0600944,-122.5064097,1375729,,2024-01-31,10,0,Zillow ZIP-level market for Novato; mapped with Census 2020 ZCTA 94949 in Marin County.,,,,
94945 Novato,zcta,94945,Novato,38.1226869,-122.5531417,1116749,,2024-01-31,10,0,Zillow ZIP-level market for Novato; mapped with Census 2020 ZCTA 94945 in Marin County.,,,,
94960 San Anselmo,zcta,94960,San Anselmo,37.9970232,-122.5783384,1705919,,2024-01-31,10,0,Zillow ZIP-level market for San Anselmo; mapped with Census 2020 ZCTA 94960 in Marin County.,,,,
94904 Kentfield,zcta,94904,Kentfield,37.9472249,-122.5517753,2510537,,2024-01-31,10,0,Zillow ZIP-level market for Kentfield; mapped with Census 2020 ZCTA 94904 in Marin County.,,,,
94920 Tiburon,zcta,94920,Tiburon,37.8867683,-122.4626194,3620779,4009,2024-01-31,10,0,Zillow ZIP-level market for Tiburon; mapped with Census 2020 ZCTA 94920 in Marin County.,,4009,Zillow ZORI,
94965 Sausalito,zcta,94965,Sausalito,37.8373471,-122.5274824,1996733,3428,2024-01-31,10,0,Zillow ZIP-level market for Sausalito; mapped with Census 2020 ZCTA 94965 in Marin County.,,3428,Zillow ZORI,
94925 Corte Madera,zcta,94925,Corte Madera,37.9318458,-122.5077378,1866332,,2024-01-31,10,0,Zillow ZIP-level market for Corte Madera; mapped with Census 2020 ZCTA 94925 in Marin County.,,,,
94930 Fairfax,zcta,94930,Fairfax,37.9697928,-122.61533,1262076,,2024-01-31,10,0,Zillow ZIP-level market for Fairfax; mapped with Census 2020 ZCTA 94930 in Marin County.,,,,
94939 Larkspur,zcta,94939,Larkspur,37.9382519,-122.5359478,2536937,,2024-01-31,10,0,Zillow ZIP-level market for Larkspur; mapped with Census 2020 ZCTA 94939 in Marin County.,,,,
94957 Ross,zcta,94957,Ross,37.9634213,-122.5618079,4054798,,2024-01-31,10,0,Zillow ZIP-level market for Ross; mapped with Census 2020 ZCTA 94957 in Marin County.,,,,
94937 Point Reyes Station,zcta,94937,Point Reyes Station,38.1164824,-122.930353,1513591,,2024-01-31,10,0,Zillow ZIP-level market for Point Reyes Station; mapped with Census 2020 ZCTA 94937 in Marin County.,,,,
94924 Bolinas,zcta,94924,Bolinas,37.9669044,-122.7388158,2029676,,2024-01-31,10,0,Zillow ZIP-level market for Bolinas; mapped with Census 2020 ZCTA 94924 in Marin County.,,,,
94963 Lagunitas,zcta,94963,Lagunitas,38.00761,-122.6647483,1311417,,2024-01-31,10,0,Zillow ZIP-level market for Lagunitas; mapped with Census 2020 ZCTA 94963 in Marin County.,,,,
94973 Woodacre,zcta,94973,Woodacre,38.0125906,-122.6394,1075669,,2024-01-31,10,0,Zillow ZIP-level market for Woodacre; mapped with Census 2020 ZCTA 94973 in Marin County.,,,,
94946 Nicasio,zcta,94946,Nicasio,38.0747338,-122.6952645,2101891,,2024-01-31,10,0,Zillow ZIP-level market for Nicasio; mapped with Census 2020 ZCTA 94946 in Marin County.,,,,
94938 Bolinas,zcta,94938,Bolinas,38.0302365,-122.7295132,1032066,,2024-01-31,10,0,Zillow ZIP-level market for Bolinas; mapped with Census 2020 ZCTA 94938 in Marin County.,,,,
94970 Stinson Beach,zcta,94970,Stinson Beach,37.9258817,-122.6598334,3220080,,2024-01-31,10,0,Zillow ZIP-level market for Stinson Beach; mapped with Census 2020 ZCTA 94970 in Marin County.,,,,
94956 Point Reyes Station,zcta,94956,Point Reyes Station,38.0214541,-122.81817,1527749,,2024-01-31,10,0,Zillow ZIP-level market for Point Reyes Station; mapped with Census 2020 ZCTA 94956 in Marin County.,,,,
94940 Marshall,zcta,94940,Marshall,38.2039708,-122.8914816,1518941,,2024-01-31,10,0,Zillow ZIP-level market for Marshall; mapped with Census 2020 ZCTA 94940 in Marin County.,,,,
94933 Lagunitas,zcta,94933,Lagunitas,38.0175021,-122.688148,883355,,2024-01-31,10,0,Zillow ZIP-level market for Lagunitas; mapped with Census 2020 ZCTA 94933 in Marin County.,,,,
94971 Tomales,zcta,94971,Tomales,38.2330285,-122.8969589,1069626,,2024-01-31,10,0,Zillow ZIP-level market for Tomales; mapped with Census 2020 ZCTA 94971 in Marin County.,,,,
94929 nan,zcta,94929,nan,38.2545284,-122.9623709,1325712,,2024-01-31,10,0,Zillow ZIP-level market for nan; mapped with Census 2020 ZCTA 94929 in Marin County.,,,,
94901 San Rafael,zcta,94901,San Rafael,37.980709,-122.5006058,1534228,2690,2024-02-29,10,0,Zillow ZIP-level market for San Rafael; mapped with Census 2020 ZCTA 94901 in Marin County.,,2690,Zillow ZORI,
94941 Mill Valley,zcta,94941,Mill Valley,37.9247747,-122.6001828,2147171,3889,2024-02-29,10,0,Zillow ZIP-level market for Mill Valley; mapped with Census 2020 ZCTA 94941 in Marin County.,,3889,Zillow ZORI,
94903 San Rafael,zcta,94903,San Rafael,38.0221295,-122.55881,1384676,2925,2024-02-29,10,0,Zillow ZIP-level market for San Rafael; mapped with Census 2020 ZCTA 94903 in Marin County.,,2925,Zillow ZORI,
94947 Novato,zcta,94947,Novato,38.1061995,-122.6249851,1078914,,2024-02-29,10,0,Zillow ZIP-level market for Novato; mapped with Census 2020 ZCTA 94947 in Marin County.,,,,
94949 Novato,zcta,94949,Novato,38.0600944,-122.5064097,1371880,,2024-02-29,10,0,Zillow ZIP-level market for Novato; mapped with Census 2020 ZCTA 94949 in Marin County.,,,,
94945 Novato,zcta,94945,Novato,38.1226869,-122.5531417,1112623,,2024-02-29,10,0,Zillow ZIP-level market for Novato; mapped with Census 2020 ZCTA 94945 in Marin County.,,,,
94960 San Anselmo,zcta,94960,San Anselmo,37.9970232,-122.5783384,1693135,,2024-02-29,10,0,Zillow ZIP-level market for San Anselmo; mapped with Census 2020 ZCTA 94960 in Marin County.,,,,
94904 Kentfield,zcta,94904,Kentfield,37.9472249,-122.5517753,2493525,,2024-02-29,10,0,Zillow ZIP-level market for Kentfield; mapped with Census 2020 ZCTA 94904 in Marin County.,,,,
94920 Tiburon,zcta,94920,Tiburon,37.8867683,-122.4626194,3577252,4002,2024-02-29,10,0,Zillow ZIP-level market for Tiburon; mapped with Census 2020 ZCTA 94920 in Marin County.,,4002,Zillow ZORI,
94965 Sausalito,zcta,94965,Sausalito,37.8373471,-122.5274824,1970478,3401,2024-02-29,10,0,Zillow ZIP-level market for Sausalito; mapped with Census 2020 ZCTA 94965 in Marin County.,,3401,Zillow ZORI,
94925 Corte Madera,zcta,94925,Corte Madera,37.9318458,-122.5077378,1846105,,2024-02-29,10,0,Zillow ZIP-level market for Corte Madera; mapped with Census 2020 ZCTA 94925 in Marin County.,,,,
94930 Fairfax,zcta,94930,Fairfax,37.9697928,-122.61533,1251468,,2024-02-29,10,0,Zillow ZIP-level market for Fairfax; mapped with Census 2020 ZCTA 94930 in Marin County.,,,,
94939 Larkspur,zcta,94939,Larkspur,37.9382519,-122.5359478,2511785,3366,2024-02-29,10,0,Zillow ZIP-level market for Larkspur; mapped with Census 2020 ZCTA 94939 in Marin County.,,3366,Zillow ZORI,
94957 Ross,zcta,94957,Ross,37.9634213,-122.5618079,4019337,,2024-02-29,10,0,Zillow ZIP-level market for Ross; mapped with Census 2020 ZCTA 94957 in Marin County.,,,,
94937 Point Reyes Station,zcta,94937,Point Reyes Station,38.1164824,-122.930353,1504776,,2024-02-29,10,0,Zillow ZIP-level market for Point Reyes Station; mapped with Census 2020 ZCTA 94937 in Marin County.,,,,
94924 Bolinas,zcta,94924,Bolinas,37.9669044,-122.7388158,1999968,,2024-02-29,10,0,Zillow ZIP-level market for Bolinas; mapped with Census 2020 ZCTA 94924 in Marin County.,,,,
94963 Lagunitas,zcta,94963,Lagunitas,38.00761,-122.6647483,1302198,,2024-02-29,10,0,Zillow ZIP-level market for Lagunitas; mapped with Census 2020 ZCTA 94963 in Marin County.,,,,
94973 Woodacre,zcta,94973,Woodacre,38.0125906,-122.6394,1071559,,2024-02-29,10,0,Zillow ZIP-level market for Woodacre; mapped with Census 2020 ZCTA 94973 in Marin County.,,,,
94946 Nicasio,zcta,94946,Nicasio,38.0747338,-122.6952645,2080471,,2024-02-29,10,0,Zillow ZIP-level market for Nicasio; mapped with Census 2020 ZCTA 94946 in Marin County.,,,,
94938 Bolinas,zcta,94938,Bolinas,38.0302365,-122.7295132,1024677,,2024-02-29,10,0,Zillow ZIP-level market for Bolinas; mapped with Census 2020 ZCTA 94938 in Marin County.,,,,
94970 Stinson Beach,zcta,94970,Stinson Beach,37.9258817,-122.6598334,3221048,,2024-02-29,10,0,Zillow ZIP-level market for Stinson Beach; mapped with Census 2020 ZCTA 94970 in Marin County.,,,,
94956 Point Reyes Station,zcta,94956,Point Reyes Station,38.0214541,-122.81817,1532728,,2024-02-29,10,0,Zillow ZIP-level market for Point Reyes Station; mapped with Census 2020 ZCTA 94956 in Marin County.,,,,
94940 Marshall,zcta,94940,Marshall,38.2039708,-122.8914816,1512249,,2024-02-29,10,0,Zillow ZIP-level market for Marshall; mapped with Census 2020 ZCTA 94940 in Marin County.,,,,
94933 Lagunitas,zcta,94933,Lagunitas,38.0175021,-122.688148,877277,,2024-02-29,10,0,Zillow ZIP-level market for Lagunitas; mapped with Census 2020 ZCTA 94933 in Marin County.,,,,
94971 Tomales,zcta,94971,Tomales,38.2330285,-122.8969589,1062657,,2024-02-29,10,0,Zillow ZIP-level market for Tomales; mapped with Census 2020 ZCTA 94971 in Marin County.,,,,
94929 nan,zcta,94929,nan,38.2545284,-122.9623709,1317862,,2024-02-29,10,0,Zillow ZIP-level market for nan; mapped with Census 2020 ZCTA 94929 in Marin County.,,,,
94901 San Rafael,zcta,94901,San Rafael,37.980709,-122.5006058,1537834,2713,2024-03-31,10,0,Zillow ZIP-level market for San Rafael; mapped with Census 2020 ZCTA 94901 in Marin County.,,2713,Zillow ZORI,
94941 Mill Valley,zcta,94941,Mill Valley,37.9247747,-122.6001828,2146973,3906,2024-03-31,10,0,Zillow ZIP-level market for Mill Valley; mapped with Census 2020 ZCTA 94941 in Marin County.,,3906,Zillow ZORI,
94903 San Rafael,zcta,94903,San Rafael,38.0221295,-122.55881,1387945,2978,2024-03-31,10,0,Zillow ZIP-level market for San Rafael; mapped with Census 2020 ZCTA 94903 in Marin County.,,2978,Zillow ZORI,
94947 Novato,zcta,94947,Novato,38.1061995,-122.6249851,1083176,,2024-03-31,10,0,Zillow ZIP-level market for Novato; mapped with Census 2020 ZCTA 94947 in Marin County.,,,,
94949 Novato,zcta,94949,Novato,38.0600944,-122.5064097,1379192,,2024-03-31,10,0,Zillow ZIP-level market for Novato; mapped with Census 2020 ZCTA 94949 in Marin County.,,,,
94945 Novato,zcta,94945,Novato,38.1226869,-122.5531417,1118690,,2024-03-31,10,0,Zillow ZIP-level market for Novato; mapped with Census 2020 ZCTA 94945 in Marin County.,,,,
94960 San Anselmo,zcta,94960,San Anselmo,37.9970232,-122.5783384,1697740,,2024-03-31,10,0,Zillow ZIP-level market for San Anselmo; mapped with Census 2020 ZCTA 94960 in Marin County.,,,,
94904 Kentfield,zcta,94904,Kentfield,37.9472249,-122.5517753,2498309,,2024-03-31,10,0,Zillow ZIP-level market for Kentfield; mapped with Census 2020 ZCTA 94904 in Marin County.,,,,
94920 Tiburon,zcta,94920,Tiburon,37.8867683,-122.4626194,3572708,4087,2024-03-31,10,0,Zillow ZIP-level market for Tiburon; mapped with Census 2020 ZCTA 94920 in Marin County.,,4087,Zillow ZORI,
94965 Sausalito,zcta,94965,Sausalito,37.8373471,-122.5274824,1964818,3435,2024-03-31,10,0,Zillow ZIP-level market for Sausalito; mapped with Census 2020 ZCTA 94965 in Marin County.,,3435,Zillow ZORI,
94925 Corte Madera,zcta,94925,Corte Madera,37.9318458,-122.5077378,1849014,,2024-03-31,10,0,Zillow ZIP-level market for Corte Madera; mapped with Census 2020 ZCTA 94925 in Marin County.,,,,
94930 Fairfax,zcta,94930,Fairfax,37.9697928,-122.61533,1256353,,2024-03-31,10,0,Zillow ZIP-level market for Fairfax; mapped with Census 2020 ZCTA 94930 in Marin County.,,,,
94939 Larkspur,zcta,94939,Larkspur,37.9382519,-122.5359478,2519911,3418,2024-03-31,10,0,Zillow ZIP-level market for Larkspur; mapped with Census 2020 ZCTA 94939 in Marin County.,,3418,Zillow ZORI,
94957 Ross,zcta,94957,Ross,37.9634213,-122.5618079,4009271,,2024-03-31,10,0,Zillow ZIP-level market for Ross; mapped with Census 2020 ZCTA 94957 in Marin County.,,,,
94937 Point Reyes Station,zcta,94937,Point Reyes Station,38.1164824,-122.930353,1518346,,2024-03-31,10,0,Zillow ZIP-level market for Point Reyes Station; mapped with Census 2020 ZCTA 94937 in Marin County.,,,,
94924 Bolinas,zcta,94924,Bolinas,37.9669044,-122.7388158,2008683,,2024-03-31,10,0,Zillow ZIP-level market for Bolinas; mapped with Census 2020 ZCTA 94924 in Marin County.,,,,
94963 Lagunitas,zcta,94963,Lagunitas,38.00761,-122.6647483,1307163,,2024-03-31,10,0,Zillow ZIP-level market for Lagunitas; mapped with Census 2020 ZCTA 94963 in Marin County.,,,,
94973 Woodacre,zcta,94973,Woodacre,38.0125906,-122.6394,1075926,,2024-03-31,10,0,Zillow ZIP-level market for Woodacre; mapped with Census 2020 ZCTA 94973 in Marin County.,,,,
94946 Nicasio,zcta,94946,Nicasio,38.0747338,-122.6952645,2080681,,2024-03-31,10,0,Zillow ZIP-level market for Nicasio; mapped with Census 2020 ZCTA 94946 in Marin County.,,,,
94938 Bolinas,zcta,94938,Bolinas,38.0302365,-122.7295132,1028549,,2024-03-31,10,0,Zillow ZIP-level market for Bolinas; mapped with Census 2020 ZCTA 94938 in Marin County.,,,,
94970 Stinson Beach,zcta,94970,Stinson Beach,37.9258817,-122.6598334,3263980,,2024-03-31,10,0,Zillow ZIP-level market for Stinson Beach; mapped with Census 2020 ZCTA 94970 in Marin County.,,,,
94956 Point Reyes Station,zcta,94956,Point Reyes Station,38.0214541,-122.81817,1560109,,2024-03-31,10,0,Zillow ZIP-level market for Point Reyes Station; mapped with Census 2020 ZCTA 94956 in Marin County.,,,,
94940 Marshall,zcta,94940,Marshall,38.2039708,-122.8914816,1519341,,2024-03-31,10,0,Zillow ZIP-level market for Marshall; mapped with Census 2020 ZCTA 94940 in Marin County.,,,,
94933 Lagunitas,zcta,94933,Lagunitas,38.0175021,-122.688148,880526,,2024-03-31,10,0,Zillow ZIP-level market for Lagunitas; mapped with Census 2020 ZCTA 94933 in Marin County.,,,,
94971 Tomales,zcta,94971,Tomales,38.2330285,-122.8969589,1067302,,2024-03-31,10,0,Zillow ZIP-level market for Tomales; mapped with Census 2020 ZCTA 94971 in Marin County.,,,,
94929 nan,zcta,94929,nan,38.2545284,-122.9623709,1324999,,2024-03-31,10,0,Zillow ZIP-level market for nan; mapped with Census 2020 ZCTA 94929 in Marin County.,,,,
94901 San Rafael,zcta,94901,San Rafael,37.980709,-122.5006058,1557835,2747,2024-04-30,10,0,Zillow ZIP-level market for San Rafael; mapped with Census 2020 ZCTA 94901 in Marin County.,,2747,Zillow ZORI,
94941 Mill Valley,zcta,94941,Mill Valley,37.9247747,-122.6001828,2164305,3962,2024-04-30,10,0,Zillow ZIP-level market for Mill Valley; mapped with Census 2020 ZCTA 94941 in Marin County.,,3962,Zillow ZORI,
94903 San Rafael,zcta,94903,San Rafael,38.0221295,-122.55881,1403219,3012,2024-04-30,10,0,Zillow ZIP-level market for San Rafael; mapped with Census 2020 ZCTA 94903 in Marin County.,,3012,Zillow ZORI,
94947 Novato,zcta,94947,Novato,38.1061995,-122.6249851,1094273,,2024-04-30,10,0,Zillow ZIP-level market for Novato; mapped with Census 2020 ZCTA 94947 in Marin County.,,,,
94949 Novato,zcta,94949,Novato,38.0600944,-122.5064097,1395429,,2024-04-30,10,0,Zillow ZIP-level market for Novato; mapped with Census 2020 ZCTA 94949 in Marin County.,,,,
94945 Novato,zcta,94945,Novato,38.1226869,-122.5531417,1131190,,2024-04-30,10,0,Zillow ZIP-level market for Novato; mapped with Census 2020 ZCTA 94945 in Marin County.,,,,
94960 San Anselmo,zcta,94960,San Anselmo,37.9970232,-122.5783384,1716679,,2024-04-30,10,0,Zillow ZIP-level market for San Anselmo; mapped with Census 2020 ZCTA 94960 in Marin County.,,,,
94904 Kentfield,zcta,94904,Kentfield,37.9472249,-122.5517753,2518821,,2024-04-30,10,0,Zillow ZIP-level market for Kentfield; mapped with Census 2020 ZCTA 94904 in Marin County.,,,,
94920 Tiburon,zcta,94920,Tiburon,37.8867683,-122.4626194,3592858,4091,2024-04-30,10,0,Zillow ZIP-level market for Tiburon; mapped with Census 2020 ZCTA 94920 in Marin County.,,4091,Zillow ZORI,
94965 Sausalito,zcta,94965,Sausalito,37.8373471,-122.5274824,1972275,3441,2024-04-30,10,0,Zillow ZIP-level market for Sausalito; mapped with Census 2020 ZCTA 94965 in Marin County.,,3441,Zillow ZORI,
94925 Corte Madera,zcta,94925,Corte Madera,37.9318458,-122.5077378,1873216,,2024-04-30,10,0,Zillow ZIP-level market for Corte Madera; mapped with Census 2020 ZCTA 94925 in Marin County.,,,,
94930 Fairfax,zcta,94930,Fairfax,37.9697928,-122.61533,1269811,,2024-04-30,10,0,Zillow ZIP-level market for Fairfax; mapped with Census 2020 ZCTA 94930 in Marin County.,,,,
94939 Larkspur,zcta,94939,Larkspur,37.9382519,-122.5359478,2556446,3397,2024-04-30,10,0,Zillow ZIP-level market for Larkspur; mapped with Census 2020 ZCTA 94939 in Marin County.,,3397,Zillow ZORI,
94957 Ross,zcta,94957,Ross,37.9634213,-122.5618079,4026813,,2024-04-30,10,0,Zillow ZIP-level market for Ross; mapped with Census 2020 ZCTA 94957 in Marin County.,,,,
94937 Point Reyes Station,zcta,94937,Point Reyes Station,38.1164824,-122.930353,1539646,,2024-04-30,10,0,Zillow ZIP-level market for Point Reyes Station; mapped with Census 2020 ZCTA 94937 in Marin County.,,,,
94924 Bolinas,zcta,94924,Bolinas,37.9669044,-122.7388158,2040982,,2024-04-30,10,0,Zillow ZIP-level market for Bolinas; mapped with Census 2020 ZCTA 94924 in Marin County.,,,,
94963 Lagunitas,zcta,94963,Lagunitas,38.00761,-122.6647483,1321739,,2024-04-30,10,0,Zillow ZIP-level market for Lagunitas; mapped with Census 2020 ZCTA 94963 in Marin County.,,,,
94973 Woodacre,zcta,94973,Woodacre,38.0125906,-122.6394,1087906,,2024-04-30,10,0,Zillow ZIP-level market for Woodacre; mapped with Census 2020 ZCTA 94973 in Marin County.,,,,
94946 Nicasio,zcta,94946,Nicasio,38.0747338,-122.6952645,2097056,,2024-04-30,10,0,Zillow ZIP-level market for Nicasio; mapped with Census 2020 ZCTA 94946 in Marin County.,,,,
94938 Bolinas,zcta,94938,Bolinas,38.0302365,-122.7295132,1041277,,2024-04-30,10,0,Zillow ZIP-level market for Bolinas; mapped with Census 2020 ZCTA 94938 in Marin County.,,,,
94970 Stinson Beach,zcta,94970,Stinson Beach,37.9258817,-122.6598334,3317092,,2024-04-30,10,0,Zillow ZIP-level market for Stinson Beach; mapped with Census 2020 ZCTA 94970 in Marin County.,,,,
94956 Point Reyes Station,zcta,94956,Point Reyes Station,38.0214541,-122.81817,1591626,,2024-04-30,10,0,Zillow ZIP-level market for Point Reyes Station; mapped with Census 2020 ZCTA 94956 in Marin County.,,,,
94940 Marshall,zcta,94940,Marshall,38.2039708,-122.8914816,1536053,,2024-04-30,10,0,Zillow ZIP-level market for Marshall; mapped with Census 2020 ZCTA 94940 in Marin County.,,,,
94933 Lagunitas,zcta,94933,Lagunitas,38.0175021,-122.688148,890770,,2024-04-30,10,0,Zillow ZIP-level market for Lagunitas; mapped with Census 2020 ZCTA 94933 in Marin County.,,,,
94971 Tomales,zcta,94971,Tomales,38.2330285,-122.8969589,1080675,,2024-04-30,10,0,Zillow ZIP-level market for Tomales; mapped with Census 2020 ZCTA 94971 in Marin County.,,,,
94929 nan,zcta,94929,nan,38.2545284,-122.9623709,1342298,,2024-04-30,10,0,Zillow ZIP-level market for nan; mapped with Census 2020 ZCTA 94929 in Marin County.,,,,
94901 San Rafael,zcta,94901,San Rafael,37.980709,-122.5006058,1578044,2722,2024-05-31,10,0,Zillow ZIP-level market for San Rafael; mapped with Census 2020 ZCTA 94901 in Marin County.,,2722,Zillow ZORI,
94941 Mill Valley,zcta,94941,Mill Valley,37.9247747,-122.6001828,2187949,4013,2024-05-31,10,0,Zillow ZIP-level market for Mill Valley; mapped with Census 2020 ZCTA 94941 in Marin County.,,4013,Zillow ZORI,
94903 San Rafael,zcta,94903,San Rafael,38.0221295,-122.55881,1421485,3045,2024-05-31,10,0,Zillow ZIP-level market for San Rafael; mapped with Census 2020 ZCTA 94903 in Marin County.,,3045,Zillow ZORI,
94947 Novato,zcta,94947,Novato,38.1061995,-122.6249851,1107040,,2024-05-31,10,0,Zillow ZIP-level market for Novato; mapped with Census 2020 ZCTA 94947 in Marin County.,,,,
94949 Novato,zcta,94949,Novato,38.0600944,-122.5064097,1410235,,2024-05-31,10,0,Zillow ZIP-level market for Novato; mapped with Census 2020 ZCTA 94949 in Marin County.,,,,
94945 Novato,zcta,94945,Novato,38.1226869,-122.5531417,1144307,,2024-05-31,10,0,Zillow ZIP-level market for Novato; mapped with Census 2020 ZCTA 94945 in Marin County.,,,,
94960 San Anselmo,zcta,94960,San Anselmo,37.9970232,-122.5783384,1736203,,2024-05-31,10,0,Zillow ZIP-level market for San Anselmo; mapped with Census 2020 ZCTA 94960 in Marin County.,,,,
94904 Kentfield,zcta,94904,Kentfield,37.9472249,-122.5517753,2548574,,2024-05-31,10,0,Zillow ZIP-level market for Kentfield; mapped with Census 2020 ZCTA 94904 in Marin County.,,,,
94920 Tiburon,zcta,94920,Tiburon,37.8867683,-122.4626194,3616333,4335,2024-05-31,10,0,Zillow ZIP-level market for Tiburon; mapped with Census 2020 ZCTA 94920 in Marin County.,,4335,Zillow ZORI,
94965 Sausalito,zcta,94965,Sausalito,37.8373471,-122.5274824,1982953,3450,2024-05-31,10,0,Zillow ZIP-level market for Sausalito; mapped with Census 2020 ZCTA 94965 in Marin County.,,3450,Zillow ZORI,
94925 Corte Madera,zcta,94925,Corte Madera,37.9318458,-122.5077378,1901834,,2024-05-31,10,0,Zillow ZIP-level market for Corte Madera; mapped with Census 2020 ZCTA 94925 in Marin County.,,,,
94930 Fairfax,zcta,94930,Fairfax,37.9697928,-122.61533,1282970,,2024-05-31,10,0,Zillow ZIP-level market for Fairfax; mapped with Census 2020 ZCTA 94930 in Marin County.,,,,
94939 Larkspur,zcta,94939,Larkspur,37.9382519,-122.5359478,2591860,3444,2024-05-31,10,0,Zillow ZIP-level market for Larkspur; mapped with Census 2020 ZCTA 94939 in Marin County.,,3444,Zillow ZORI,
94957 Ross,zcta,94957,Ross,37.9634213,-122.5618079,4047550,,2024-05-31,10,0,Zillow ZIP-level market for Ross; mapped with Census 2020 ZCTA 94957 in Marin County.,,,,
94937 Point Reyes Station,zcta,94937,Point Reyes Station,38.1164824,-122.930353,1557364,,2024-05-31,10,0,Zillow ZIP-level market for Point Reyes Station; mapped with Census 2020 ZCTA 94937 in Marin County.,,,,
94924 Bolinas,zcta,94924,Bolinas,37.9669044,-122.7388158,2058887,,2024-05-31,10,0,Zillow ZIP-level market for Bolinas; mapped with Census 2020 ZCTA 94924 in Marin County.,,,,
94963 Lagunitas,zcta,94963,Lagunitas,38.00761,-122.6647483,1336240,,2024-05-31,10,0,Zillow ZIP-level market for Lagunitas; mapped with Census 2020 ZCTA 94963 in Marin County.,,,,
94973 Woodacre,zcta,94973,Woodacre,38.0125906,-122.6394,1099306,,2024-05-31,10,0,Zillow ZIP-level market for Woodacre; mapped with Census 2020 ZCTA 94973 in Marin County.,,,,
94946 Nicasio,zcta,94946,Nicasio,38.0747338,-122.6952645,2124279,,2024-05-31,10,0,Zillow ZIP-level market for Nicasio; mapped with Census 2020 ZCTA 94946 in Marin County.,,,,
94938 Bolinas,zcta,94938,Bolinas,38.0302365,-122.7295132,1055270,,2024-05-31,10,0,Zillow ZIP-level market for Bolinas; mapped with Census 2020 ZCTA 94938 in Marin County.,,,,
94970 Stinson Beach,zcta,94970,Stinson Beach,37.9258817,-122.6598334,3345810,,2024-05-31,10,0,Zillow ZIP-level market for Stinson Beach; mapped with Census 2020 ZCTA 94970 in Marin County.,,,,
94956 Point Reyes Station,zcta,94956,Point Reyes Station,38.0214541,-122.81817,1617722,,2024-05-31,10,0,Zillow ZIP-level market for Point Reyes Station; mapped with Census 2020 ZCTA 94956 in Marin County.,,,,
94940 Marshall,zcta,94940,Marshall,38.2039708,-122.8914816,1548874,,2024-05-31,10,0,Zillow ZIP-level market for Marshall; mapped with Census 2020 ZCTA 94940 in Marin County.,,,,
94933 Lagunitas,zcta,94933,Lagunitas,38.0175021,-122.688148,899493,,2024-05-31,10,0,Zillow ZIP-level market for Lagunitas; mapped with Census 2020 ZCTA 94933 in Marin County.,,,,
94971 Tomales,zcta,94971,Tomales,38.2330285,-122.8969589,1092173,,2024-05-31,10,0,Zillow ZIP-level market for Tomales; mapped with Census 2020 ZCTA 94971 in Marin County.,,,,
94929 nan,zcta,94929,nan,38.2545284,-122.9623709,1365968,,2024-05-31,10,0,Zillow ZIP-level market for nan; mapped with Census 2020 ZCTA 94929 in Marin County.,,,,
94901 San Rafael,zcta,94901,San Rafael,37.980709,-122.5006058,1588064,2711,2024-06-30,10,0,Zillow ZIP-level market for San Rafael; mapped with Census 2020 ZCTA 94901 in Marin County.,,2711,Zillow ZORI,
94941 Mill Valley,zcta,94941,Mill Valley,37.9247747,-122.6001828,2193307,4043,2024-06-30,10,0,Zillow ZIP-level market for Mill Valley; mapped with Census 2020 ZCTA 94941 in Marin County.,,4043,Zillow ZORI,
94903 San Rafael,zcta,94903,San Rafael,38.0221295,-122.55881,1429645,3044,2024-06-30,10,0,Zillow ZIP-level market for San Rafael; mapped with Census 2020 ZCTA 94903 in Marin County.,,3044,Zillow ZORI,
94947 Novato,zcta,94947,Novato,38.1061995,-122.6249851,1113220,,2024-06-30,10,0,Zillow ZIP-level market for Novato; mapped with Census 2020 ZCTA 94947 in Marin County.,,,,
94949 Novato,zcta,94949,Novato,38.0600944,-122.5064097,1418490,,2024-06-30,10,0,Zillow ZIP-level market for Novato; mapped with Census 2020 ZCTA 94949 in Marin County.,,,,
94945 Novato,zcta,94945,Novato,38.1226869,-122.5531417,1151734,,2024-06-30,10,0,Zillow ZIP-level market for Novato; mapped with Census 2020 ZCTA 94945 in Marin County.,,,,
94960 San Anselmo,zcta,94960,San Anselmo,37.9970232,-122.5783384,1744519,,2024-06-30,10,0,Zillow ZIP-level market for San Anselmo; mapped with Census 2020 ZCTA 94960 in Marin County.,,,,
94904 Kentfield,zcta,94904,Kentfield,37.9472249,-122.5517753,2561334,,2024-06-30,10,0,Zillow ZIP-level market for Kentfield; mapped with Census 2020 ZCTA 94904 in Marin County.,,,,
94920 Tiburon,zcta,94920,Tiburon,37.8867683,-122.4626194,3611702,4404,2024-06-30,10,0,Zillow ZIP-level market for Tiburon; mapped with Census 2020 ZCTA 94920 in Marin County.,,4404,Zillow ZORI,
94965 Sausalito,zcta,94965,Sausalito,37.8373471,-122.5274824,1981810,3441,2024-06-30,10,0,Zillow ZIP-level market for Sausalito; mapped with Census 2020 ZCTA 94965 in Marin County.,,3441,Zillow ZORI,
94925 Corte Madera,zcta,94925,Corte Madera,37.9318458,-122.5077378,1912987,,2024-06-30,10,0,Zillow ZIP-level market for Corte Madera; mapped with Census 2020 ZCTA 94925 in Marin County.,,,,
94930 Fairfax,zcta,94930,Fairfax,37.9697928,-122.61533,1286088,,2024-06-30,10,0,Zillow ZIP-level market for Fairfax; mapped with Census 2020 ZCTA 94930 in Marin County.,,,,
94939 Larkspur,zcta,94939,Larkspur,37.9382519,-122.5359478,2602194,3453,2024-06-30,10,0,Zillow ZIP-level market for Larkspur; mapped with Census 2020 ZCTA 94939 in Marin County.,,3453,Zillow ZORI,
94957 Ross,zcta,94957,Ross,37.9634213,-122.5618079,4047920,,2024-06-30,10,0,Zillow ZIP-level market for Ross; mapped with Census 2020 ZCTA 94957 in Marin County.,,,,
94937 Point Reyes Station,zcta,94937,Point Reyes Station,38.1164824,-122.930353,1562219,,2024-06-30,10,0,Zillow ZIP-level market for Point Reyes Station; mapped with Census 2020 ZCTA 94937 in Marin County.,,,,
94924 Bolinas,zcta,94924,Bolinas,37.9669044,-122.7388158,2058932,,2024-06-30,10,0,Zillow ZIP-level market for Bolinas; mapped with Census 2020 ZCTA 94924 in Marin County.,,,,
94963 Lagunitas,zcta,94963,Lagunitas,38.00761,-122.6647483,1342092,,2024-06-30,10,0,Zillow ZIP-level market for Lagunitas; mapped with Census 2020 ZCTA 94963 in Marin County.,,,,
94973 Woodacre,zcta,94973,Woodacre,38.0125906,-122.6394,1105543,,2024-06-30,10,0,Zillow ZIP-level market for Woodacre; mapped with Census 2020 ZCTA 94973 in Marin County.,,,,
94946 Nicasio,zcta,94946,Nicasio,38.0747338,-122.6952645,2145541,,2024-06-30,10,0,Zillow ZIP-level market for Nicasio; mapped with Census 2020 ZCTA 94946 in Marin County.,,,,
94938 Bolinas,zcta,94938,Bolinas,38.0302365,-122.7295132,1061453,,2024-06-30,10,0,Zillow ZIP-level market for Bolinas; mapped with Census 2020 ZCTA 94938 in Marin County.,,,,
94970 Stinson Beach,zcta,94970,Stinson Beach,37.9258817,-122.6598334,3348141,,2024-06-30,10,0,Zillow ZIP-level market for Stinson Beach; mapped with Census 2020 ZCTA 94970 in Marin County.,,,,
94956 Point Reyes Station,zcta,94956,Point Reyes Station,38.0214541,-122.81817,1630399,,2024-06-30,10,0,Zillow ZIP-level market for Point Reyes Station; mapped with Census 2020 ZCTA 94956 in Marin County.,,,,
94940 Marshall,zcta,94940,Marshall,38.2039708,-122.8914816,1551450,,2024-06-30,10,0,Zillow ZIP-level market for Marshall; mapped with Census 2020 ZCTA 94940 in Marin County.,,,,
94933 Lagunitas,zcta,94933,Lagunitas,38.0175021,-122.688148,900443,,2024-06-30,10,0,Zillow ZIP-level market for Lagunitas; mapped with Census 2020 ZCTA 94933 in Marin County.,,,,
94971 Tomales,zcta,94971,Tomales,38.2330285,-122.8969589,1097137,,2024-06-30,10,0,Zillow ZIP-level market for Tomales; mapped with Census 2020 ZCTA 94971 in Marin County.,,,,
94929 nan,zcta,94929,nan,38.2545284,-122.9623709,1382968,,2024-06-30,10,0,Zillow ZIP-level market for nan; mapped with Census 2020 ZCTA 94929 in Marin County.,,,,
94901 San Rafael,zcta,94901,San Rafael,37.980709,-122.5006058,1587450,2699,2024-07-31,10,0,Zillow ZIP-level market for San Rafael; mapped with Census 2020 ZCTA 94901 in Marin County.,,2699,Zillow ZORI,
94941 Mill Valley,zcta,94941,Mill Valley,37.9247747,-122.6001828,2191320,4093,2024-07-31,10,0,Zillow ZIP-level market for Mill Valley; mapped with Census 2020 ZCTA 94941 in Marin County.,,4093,Zillow ZORI,
94903 San Rafael,zcta,94903,San Rafael,38.0221295,-122.55881,1433780,3066,2024-07-31,10,0,Zillow ZIP-level market for San Rafael; mapped with Census 2020 ZCTA 94903 in Marin County.,,3066,Zillow ZORI,
94947 Novato,zcta,94947,Novato,38.1061995,-122.6249851,1115369,3323,2024-07-31,10,0,Zillow ZIP-level market for Novato; mapped with Census 2020 ZCTA 94947 in Marin County.,,3323,Zillow ZORI,
94949 Novato,zcta,94949,Novato,38.0600944,-122.5064097,1419035,,2024-07-31,10,0,Zillow ZIP-level market for Novato; mapped with Census 2020 ZCTA 94949 in Marin County.,,,,
94945 Novato,zcta,94945,Novato,38.1226869,-122.5531417,1155472,,2024-07-31,10,0,Zillow ZIP-level market for Novato; mapped with Census 2020 ZCTA 94945 in Marin County.,,,,
94960 San Anselmo,zcta,94960,San Anselmo,37.9970232,-122.5783384,1741977,,2024-07-31,10,0,Zillow ZIP-level market for San Anselmo; mapped with Census 2020 ZCTA 94960 in Marin County.,,,,
94904 Kentfield,zcta,94904,Kentfield,37.9472249,-122.5517753,2566669,,2024-07-31,10,0,Zillow ZIP-level market for Kentfield; mapped with Census 2020 ZCTA 94904 in Marin County.,,,,
94920 Tiburon,zcta,94920,Tiburon,37.8867683,-122.4626194,3605488,4317,2024-07-31,10,0,Zillow ZIP-level market for Tiburon; mapped with Census 2020 ZCTA 94920 in Marin County.,,4317,Zillow ZORI,
94965 Sausalito,zcta,94965,Sausalito,37.8373471,-122.5274824,1982155,3491,2024-07-31,10,0,Zillow ZIP-level market for Sausalito; mapped with Census 2020 ZCTA 94965 in Marin County.,,3491,Zillow ZORI,
94925 Corte Madera,zcta,94925,Corte Madera,37.9318458,-122.5077378,1915362,,2024-07-31,10,0,Zillow ZIP-level market for Corte Madera; mapped with Census 2020 ZCTA 94925 in Marin County.,,,,
94930 Fairfax,zcta,94930,Fairfax,37.9697928,-122.61533,1287020,,2024-07-31,10,0,Zillow ZIP-level market for Fairfax; mapped with Census 2020 ZCTA 94930 in Marin County.,,,,
94939 Larkspur,zcta,94939,Larkspur,37.9382519,-122.5359478,2600859,3460,2024-07-31,10,0,Zillow ZIP-level market for Larkspur; mapped with Census 2020 ZCTA 94939 in Marin County.,,3460,Zillow ZORI,
94957 Ross,zcta,94957,Ross,37.9634213,-122.5618079,4029287,,2024-07-31,10,0,Zillow ZIP-level market for Ross; mapped with Census 2020 ZCTA 94957 in Marin County.,,,,
94937 Point Reyes Station,zcta,94937,Point Reyes Station,38.1164824,-122.930353,1563806,,2024-07-31,10,0,Zillow ZIP-level market for Point Reyes Station; mapped with Census 2020 ZCTA 94937 in Marin County.,,,,
94924 Bolinas,zcta,94924,Bolinas,37.9669044,-122.7388158,2047617,,2024-07-31,10,0,Zillow ZIP-level market for Bolinas; mapped with Census 2020 ZCTA 94924 in Marin County.,,,,
94963 Lagunitas,zcta,94963,Lagunitas,38.00761,-122.6647483,1344616,,2024-07-31,10,0,Zillow ZIP-level market for Lagunitas; mapped with Census 2020 ZCTA 94963 in Marin County.,,,,
94973 Woodacre,zcta,94973,Woodacre,38.0125906,-122.6394,1107384,,2024-07-31,10,0,Zillow ZIP-level market for Woodacre; mapped with Census 2020 ZCTA 94973 in Marin County.,,,,
94946 Nicasio,zcta,94946,Nicasio,38.0747338,-122.6952645,2156895,,2024-07-31,10,0,Zillow ZIP-level market for Nicasio; mapped with Census 2020 ZCTA 94946 in Marin County.,,,,
94938 Bolinas,zcta,94938,Bolinas,38.0302365,-122.7295132,1062666,,2024-07-31,10,0,Zillow ZIP-level market for Bolinas; mapped with Census 2020 ZCTA 94938 in Marin County.,,,,
94970 Stinson Beach,zcta,94970,Stinson Beach,37.9258817,-122.6598334,3361073,,2024-07-31,10,0,Zillow ZIP-level market for Stinson Beach; mapped with Census 2020 ZCTA 94970 in Marin County.,,,,
94956 Point Reyes Station,zcta,94956,Point Reyes Station,38.0214541,-122.81817,1637594,,2024-07-31,10,0,Zillow ZIP-level market for Point Reyes Station; mapped with Census 2020 ZCTA 94956 in Marin County.,,,,
94940 Marshall,zcta,94940,Marshall,38.2039708,-122.8914816,1550548,,2024-07-31,10,0,Zillow ZIP-level market for Marshall; mapped with Census 2020 ZCTA 94940 in Marin County.,,,,
94933 Lagunitas,zcta,94933,Lagunitas,38.0175021,-122.688148,898862,,2024-07-31,10,0,Zillow ZIP-level market for Lagunitas; mapped with Census 2020 ZCTA 94933 in Marin County.,,,,
94971 Tomales,zcta,94971,Tomales,38.2330285,-122.8969589,1097024,,2024-07-31,10,0,Zillow ZIP-level market for Tomales; mapped with Census 2020 ZCTA 94971 in Marin County.,,,,
94929 nan,zcta,94929,nan,38.2545284,-122.9623709,1391080,,2024-07-31,10,0,Zillow ZIP-level market for nan; mapped with Census 2020 ZCTA 94929 in Marin County.,,,,
94901 San Rafael,zcta,94901,San Rafael,37.980709,-122.5006058,1583138,2712,2024-08-31,10,0,Zillow ZIP-level market for San Rafael; mapped with Census 2020 ZCTA 94901 in Marin County.,,2712,Zillow ZORI,
94941 Mill Valley,zcta,94941,Mill Valley,37.9247747,-122.6001828,2188623,4067,2024-08-31,10,0,Zillow ZIP-level market for Mill Valley; mapped with Census 2020 ZCTA 94941 in Marin County.,,4067,Zillow ZORI,
94903 San Rafael,zcta,94903,San Rafael,38.0221295,-122.55881,1431123,3062,2024-08-31,10,0,Zillow ZIP-level market for San Rafael; mapped with Census 2020 ZCTA 94903 in Marin County.,,3062,Zillow ZORI,
94947 Novato,zcta,94947,Novato,38.1061995,-122.6249851,1115324,3310,2024-08-31,10,0,Zillow ZIP-level market for Novato; mapped with Census 2020 ZCTA 94947 in Marin County.,,3310,Zillow ZORI,
94949 Novato,zcta,94949,Novato,38.0600944,-122.5064097,1418536,,2024-08-31,10,0,Zillow ZIP-level market for Novato; mapped with Census 2020 ZCTA 94949 in Marin County.,,,,
94945 Novato,zcta,94945,Novato,38.1226869,-122.5531417,1156301,,2024-08-31,10,0,Zillow ZIP-level market for Novato; mapped with Census 2020 ZCTA 94945 in Marin County.,,,,
94960 San Anselmo,zcta,94960,San Anselmo,37.9970232,-122.5783384,1733845,,2024-08-31,10,0,Zillow ZIP-level market for San Anselmo; mapped with Census 2020 ZCTA 94960 in Marin County.,,,,
94904 Kentfield,zcta,94904,Kentfield,37.9472249,-122.5517753,2564552,,2024-08-31,10,0,Zillow ZIP-level market for Kentfield; mapped with Census 2020 ZCTA 94904 in Marin County.,,,,
94920 Tiburon,zcta,94920,Tiburon,37.8867683,-122.4626194,3608889,4321,2024-08-31,10,0,Zillow ZIP-level market for Tiburon; mapped with Census 2020 ZCTA 94920 in Marin County.,,4321,Zillow ZORI,
94965 Sausalito,zcta,94965,Sausalito,37.8373471,-122.5274824,1982282,3571,2024-08-31,10,0,Zillow ZIP-level market for Sausalito; mapped with Census 2020 ZCTA 94965 in Marin County.,,3571,Zillow ZORI,
94925 Corte Madera,zcta,94925,Corte Madera,37.9318458,-122.5077378,1913944,,2024-08-31,10,0,Zillow ZIP-level market for Corte Madera; mapped with Census 2020 ZCTA 94925 in Marin County.,,,,
94930 Fairfax,zcta,94930,Fairfax,37.9697928,-122.61533,1285953,,2024-08-31,10,0,Zillow ZIP-level market for Fairfax; mapped with Census 2020 ZCTA 94930 in Marin County.,,,,
94939 Larkspur,zcta,94939,Larkspur,37.9382519,-122.5359478,2596991,3371,2024-08-31,10,0,Zillow ZIP-level market for Larkspur; mapped with Census 2020 ZCTA 94939 in Marin County.,,3371,Zillow ZORI,
94957 Ross,zcta,94957,Ross,37.9634213,-122.5618079,4012251,,2024-08-31,10,0,Zillow ZIP-level market for Ross; mapped with Census 2020 ZCTA 94957 in Marin County.,,,,
94937 Point Reyes Station,zcta,94937,Point Reyes Station,38.1164824,-122.930353,1567575,,2024-08-31,10,0,Zillow ZIP-level market for Point Reyes Station; mapped with Census 2020 ZCTA 94937 in Marin County.,,,,
94924 Bolinas,zcta,94924,Bolinas,37.9669044,-122.7388158,2042958,,2024-08-31,10,0,Zillow ZIP-level market for Bolinas; mapped with Census 2020 ZCTA 94924 in Marin County.,,,,
94963 Lagunitas,zcta,94963,Lagunitas,38.00761,-122.6647483,1349421,,2024-08-31,10,0,Zillow ZIP-level market for Lagunitas; mapped with Census 2020 ZCTA 94963 in Marin County.,,,,
94973 Woodacre,zcta,94973,Woodacre,38.0125906,-122.6394,1105443,,2024-08-31,10,0,Zillow ZIP-level market for Woodacre; mapped with Census 2020 ZCTA 94973 in Marin County.,,,,
94946 Nicasio,zcta,94946,Nicasio,38.0747338,-122.6952645,2158890,,2024-08-31,10,0,Zillow ZIP-level market for Nicasio; mapped with Census 2020 ZCTA 94946 in Marin County.,,,,
94938 Bolinas,zcta,94938,Bolinas,38.0302365,-122.7295132,1063093,,2024-08-31,10,0,Zillow ZIP-level market for Bolinas; mapped with Census 2020 ZCTA 94938 in Marin County.,,,,
94970 Stinson Beach,zcta,94970,Stinson Beach,37.9258817,-122.6598334,3397210,,2024-08-31,10,0,Zillow ZIP-level market for Stinson Beach; mapped with Census 2020 ZCTA 94970 in Marin County.,,,,
94956 Point Reyes Station,zcta,94956,Point Reyes Station,38.0214541,-122.81817,1637464,,2024-08-31,10,0,Zillow ZIP-level market for Point Reyes Station; mapped with Census 2020 ZCTA 94956 in Marin County.,,,,
94940 Marshall,zcta,94940,Marshall,38.2039708,-122.8914816,1547377,,2024-08-31,10,0,Zillow ZIP-level market for Marshall; mapped with Census 2020 ZCTA 94940 in Marin County.,,,,
94933 Lagunitas,zcta,94933,Lagunitas,38.0175021,-122.688148,896632,,2024-08-31,10,0,Zillow ZIP-level market for Lagunitas; mapped with Census 2020 ZCTA 94933 in Marin County.,,,,
94971 Tomales,zcta,94971,Tomales,38.2330285,-122.8969589,1092462,,2024-08-31,10,0,Zillow ZIP-level market for Tomales; mapped with Census 2020 ZCTA 94971 in Marin County.,,,,
94929 nan,zcta,94929,nan,38.2545284,-122.9623709,1395048,,2024-08-31,10,0,Zillow ZIP-level market for nan; mapped with Census 2020 ZCTA 94929 in Marin County.,,,,
94901 San Rafael,zcta,94901,San Rafael,37.980709,-122.5006058,1579119,2743,2024-09-30,10,0,Zillow ZIP-level market for San Rafael; mapped with Census 2020 ZCTA 94901 in Marin County.,,2743,Zillow ZORI,
94941 Mill Valley,zcta,94941,Mill Valley,37.9247747,-122.6001828,2190912,4032,2024-09-30,10,0,Zillow ZIP-level market for Mill Valley; mapped with Census 2020 ZCTA 94941 in Marin County.,,4032,Zillow ZORI,
94903 San Rafael,zcta,94903,San Rafael,38.0221295,-122.55881,1427816,3041,2024-09-30,10,0,Zillow ZIP-level market for San Rafael; mapped with Census 2020 ZCTA 94903 in Marin County.,,3041,Zillow ZORI,
94947 Novato,zcta,94947,Novato,38.1061995,-122.6249851,1114045,3264,2024-09-30,10,0,Zillow ZIP-level market for Novato; mapped with Census 2020 ZCTA 94947 in Marin County.,,3264,Zillow ZORI,
94949 Novato,zcta,94949,Novato,38.0600944,-122.5064097,1417022,,2024-09-30,10,0,Zillow ZIP-level market for Novato; mapped with Census 2020 ZCTA 94949 in Marin County.,,,,
94945 Novato,zcta,94945,Novato,38.1226869,-122.5531417,1155219,,2024-09-30,10,0,Zillow ZIP-level market for Novato; mapped with Census 2020 ZCTA 94945 in Marin County.,,,,
94960 San Anselmo,zcta,94960,San Anselmo,37.9970232,-122.5783384,1726627,,2024-09-30,10,0,Zillow ZIP-level market for San Anselmo; mapped with Census 2020 ZCTA 94960 in Marin County.,,,,
94904 Kentfield,zcta,94904,Kentfield,37.9472249,-122.5517753,2568242,,2024-09-30,10,0,Zillow ZIP-level market for Kentfield; mapped with Census 2020 ZCTA 94904 in Marin County.,,,,
94920 Tiburon,zcta,94920,Tiburon,37.8867683,-122.4626194,3624359,4269,2024-09-30,10,0,Zillow ZIP-level market for Tiburon; mapped with Census 2020 ZCTA 94920 in Marin County.,,4269,Zillow ZORI,
94965 Sausalito,zcta,94965,Sausalito,37.8373471,-122.5274824,1985304,3608,2024-09-30,10,0,Zillow ZIP-level market for Sausalito; mapped with Census 2020 ZCTA 94965 in Marin County.,,3608,Zillow ZORI,
94925 Corte Madera,zcta,94925,Corte Madera,37.9318458,-122.5077378,1913932,,2024-09-30,10,0,Zillow ZIP-level market for Corte Madera; mapped with Census 2020 ZCTA 94925 in Marin County.,,,,
94930 Fairfax,zcta,94930,Fairfax,37.9697928,-122.61533,1285032,,2024-09-30,10,0,Zillow ZIP-level market for Fairfax; mapped with Census 2020 ZCTA 94930 in Marin County.,,,,
94939 Larkspur,zcta,94939,Larkspur,37.9382519,-122.5359478,2597235,3341,2024-09-30,10,0,Zillow ZIP-level market for Larkspur; mapped with Census 2020 ZCTA 94939 in Marin County.,,3341,Zillow ZORI,
94957 Ross,zcta,94957,Ross,37.9634213,-122.5618079,4020506,,2024-09-30,10,0,Zillow ZIP-level market for Ross; mapped with Census 2020 ZCTA 94957 in Marin County.,,,,
94937 Point Reyes Station,zcta,94937,Point Reyes Station,38.1164824,-122.930353,1570946,,2024-09-30,10,0,Zillow ZIP-level market for Point Reyes Station; mapped with Census 2020 ZCTA 94937 in Marin County.,,,,
94924 Bolinas,zcta,94924,Bolinas,37.9669044,-122.7388158,2043268,,2024-09-30,10,0,Zillow ZIP-level market for Bolinas; mapped with Census 2020 ZCTA 94924 in Marin County.,,,,
94963 Lagunitas,zcta,94963,Lagunitas,38.00761,-122.6647483,1352876,,2024-09-30,10,0,Zillow ZIP-level market for Lagunitas; mapped with Census 2020 ZCTA 94963 in Marin County.,,,,
94973 Woodacre,zcta,94973,Woodacre,38.0125906,-122.6394,1098932,,2024-09-30,10,0,Zillow ZIP-level market for Woodacre; mapped with Census 2020 ZCTA 94973 in Marin County.,,,,
94946 Nicasio,zcta,94946,Nicasio,38.0747338,-122.6952645,2162188,,2024-09-30,10,0,Zillow ZIP-level market for Nicasio; mapped with Census 2020 ZCTA 94946 in Marin County.,,,,
94938 Bolinas,zcta,94938,Bolinas,38.0302365,-122.7295132,1064437,,2024-09-30,10,0,Zillow ZIP-level market for Bolinas; mapped with Census 2020 ZCTA 94938 in Marin County.,,,,
94970 Stinson Beach,zcta,94970,Stinson Beach,37.9258817,-122.6598334,3441943,,2024-09-30,10,0,Zillow ZIP-level market for Stinson Beach; mapped with Census 2020 ZCTA 94970 in Marin County.,,,,
94956 Point Reyes Station,zcta,94956,Point Reyes Station,38.0214541,-122.81817,1629982,,2024-09-30,10,0,Zillow ZIP-level market for Point Reyes Station; mapped with Census 2020 ZCTA 94956 in Marin County.,,,,
94940 Marshall,zcta,94940,Marshall,38.2039708,-122.8914816,1542325,,2024-09-30,10,0,Zillow ZIP-level market for Marshall; mapped with Census 2020 ZCTA 94940 in Marin County.,,,,
94933 Lagunitas,zcta,94933,Lagunitas,38.0175021,-122.688148,896788,,2024-09-30,10,0,Zillow ZIP-level market for Lagunitas; mapped with Census 2020 ZCTA 94933 in Marin County.,,,,
94971 Tomales,zcta,94971,Tomales,38.2330285,-122.8969589,1084899,,2024-09-30,10,0,Zillow ZIP-level market for Tomales; mapped with Census 2020 ZCTA 94971 in Marin County.,,,,
94929 nan,zcta,94929,nan,38.2545284,-122.9623709,1393243,,2024-09-30,10,0,Zillow ZIP-level market for nan; mapped with Census 2020 ZCTA 94929 in Marin County.,,,,
94901 San Rafael,zcta,94901,San Rafael,37.980709,-122.5006058,1574715,2760,2024-10-31,10,0,Zillow ZIP-level market for San Rafael; mapped with Census 2020 ZCTA 94901 in Marin County.,,2760,Zillow ZORI,
94941 Mill Valley,zcta,94941,Mill Valley,37.9247747,-122.6001828,2187797,3951,2024-10-31,10,0,Zillow ZIP-level market for Mill Valley; mapped with Census 2020 ZCTA 94941 in Marin County.,,3951,Zillow ZORI,
94903 San Rafael,zcta,94903,San Rafael,38.0221295,-122.55881,1420102,3027,2024-10-31,10,0,Zillow ZIP-level market for San Rafael; mapped with Census 2020 ZCTA 94903 in Marin County.,,3027,Zillow ZORI,
94947 Novato,zcta,94947,Novato,38.1061995,-122.6249851,1111084,3229,2024-10-31,10,0,Zillow ZIP-level market for Novato; mapped with Census 2020 ZCTA 94947 in Marin County.,,3229,Zillow ZORI,
94949 Novato,zcta,94949,Novato,38.0600944,-122.5064097,1417253,,2024-10-31,10,0,Zillow ZIP-level market for Novato; mapped with Census 2020 ZCTA 94949 in Marin County.,,,,
94945 Novato,zcta,94945,Novato,38.1226869,-122.5531417,1152341,,2024-10-31,10,0,Zillow ZIP-level market for Novato; mapped with Census 2020 ZCTA 94945 in Marin County.,,,,
94960 San Anselmo,zcta,94960,San Anselmo,37.9970232,-122.5783384,1718547,,2024-10-31,10,0,Zillow ZIP-level market for San Anselmo; mapped with Census 2020 ZCTA 94960 in Marin County.,,,,
94904 Kentfield,zcta,94904,Kentfield,37.9472249,-122.5517753,2567023,,2024-10-31,10,0,Zillow ZIP-level market for Kentfield; mapped with Census 2020 ZCTA 94904 in Marin County.,,,,
94920 Tiburon,zcta,94920,Tiburon,37.8867683,-122.4626194,3627373,4244,2024-10-31,10,0,Zillow ZIP-level market for Tiburon; mapped with Census 2020 ZCTA 94920 in Marin County.,,4244,Zillow ZORI,
94965 Sausalito,zcta,94965,Sausalito,37.8373471,-122.5274824,1982007,3589,2024-10-31,10,0,Zillow ZIP-level market for Sausalito; mapped with Census 2020 ZCTA 94965 in Marin County.,,3589,Zillow ZORI,
94925 Corte Madera,zcta,94925,Corte Madera,37.9318458,-122.5077378,1908615,,2024-10-31,10,0,Zillow ZIP-level market for Corte Madera; mapped with Census 2020 ZCTA 94925 in Marin County.,,,,
94930 Fairfax,zcta,94930,Fairfax,37.9697928,-122.61533,1280384,,2024-10-31,10,0,Zillow ZIP-level market for Fairfax; mapped with Census 2020 ZCTA 94930 in Marin County.,,,,
94939 Larkspur,zcta,94939,Larkspur,37.9382519,-122.5359478,2583012,3322,2024-10-31,10,0,Zillow ZIP-level market for Larkspur; mapped with Census 2020 ZCTA 94939 in Marin County.,,3322,Zillow ZORI,
94957 Ross,zcta,94957,Ross,37.9634213,-122.5618079,4035878,,2024-10-31,10,0,Zillow ZIP-level market for Ross; mapped with Census 2020 ZCTA 94957 in Marin County.,,,,
94937 Point Reyes Station,zcta,94937,Point Reyes Station,38.1164824,-122.930353,1569550,,2024-10-31,10,0,Zillow ZIP-level market for Point Reyes Station; mapped with Census 2020 ZCTA 94937 in Marin County.,,,,
94924 Bolinas,zcta,94924,Bolinas,37.9669044,-122.7388158,2034429,,2024-10-31,10,0,Zillow ZIP-level market for Bolinas; mapped with Census 2020 ZCTA 94924 in Marin County.,,,,
94963 Lagunitas,zcta,94963,Lagunitas,38.00761,-122.6647483,1350505,,2024-10-31,10,0,Zillow ZIP-level market for Lagunitas; mapped with Census 2020 ZCTA 94963 in Marin County.,,,,
94973 Woodacre,zcta,94973,Woodacre,38.0125906,-122.6394,1090885,,2024-10-31,10,0,Zillow ZIP-level market for Woodacre; mapped with Census 2020 ZCTA 94973 in Marin County.,,,,
94946 Nicasio,zcta,94946,Nicasio,38.0747338,-122.6952645,2161318,,2024-10-31,10,0,Zillow ZIP-level market for Nicasio; mapped with Census 2020 ZCTA 94946 in Marin County.,,,,
94938 Bolinas,zcta,94938,Bolinas,38.0302365,-122.7295132,1062202,,2024-10-31,10,0,Zillow ZIP-level market for Bolinas; mapped with Census 2020 ZCTA 94938 in Marin County.,,,,
94970 Stinson Beach,zcta,94970,Stinson Beach,37.9258817,-122.6598334,3452339,,2024-10-31,10,0,Zillow ZIP-level market for Stinson Beach; mapped with Census 2020 ZCTA 94970 in Marin County.,,,,
94956 Point Reyes Station,zcta,94956,Point Reyes Station,38.0214541,-122.81817,1616805,,2024-10-31,10,0,Zillow ZIP-level market for Point Reyes Station; mapped with Census 2020 ZCTA 94956 in Marin County.,,,,
94940 Marshall,zcta,94940,Marshall,38.2039708,-122.8914816,1535217,,2024-10-31,10,0,Zillow ZIP-level market for Marshall; mapped with Census 2020 ZCTA 94940 in Marin County.,,,,
94933 Lagunitas,zcta,94933,Lagunitas,38.0175021,-122.688148,893876,,2024-10-31,10,0,Zillow ZIP-level market for Lagunitas; mapped with Census 2020 ZCTA 94933 in Marin County.,,,,
94971 Tomales,zcta,94971,Tomales,38.2330285,-122.8969589,1073467,,2024-10-31,10,0,Zillow ZIP-level market for Tomales; mapped with Census 2020 ZCTA 94971 in Marin County.,,,,
94929 nan,zcta,94929,nan,38.2545284,-122.9623709,1390611,,2024-10-31,10,0,Zillow ZIP-level market for nan; mapped with Census 2020 ZCTA 94929 in Marin County.,,,,
94901 San Rafael,zcta,94901,San Rafael,37.980709,-122.5006058,1572161,2770,2024-11-30,10,0,Zillow ZIP-level market for San Rafael; mapped with Census 2020 ZCTA 94901 in Marin County.,,2770,Zillow ZORI,
94941 Mill Valley,zcta,94941,Mill Valley,37.9247747,-122.6001828,2183596,3899,2024-11-30,10,0,Zillow ZIP-level market for Mill Valley; mapped with Census 2020 ZCTA 94941 in Marin County.,,3899,Zillow ZORI,
94903 San Rafael,zcta,94903,San Rafael,38.0221295,-122.55881,1412277,3038,2024-11-30,10,0,Zillow ZIP-level market for San Rafael; mapped with Census 2020 ZCTA 94903 in Marin County.,,3038,Zillow ZORI,
94947 Novato,zcta,94947,Novato,38.1061995,-122.6249851,1110955,3228,2024-11-30,10,0,Zillow ZIP-level market for Novato; mapped with Census 2020 ZCTA 94947 in Marin County.,,3228,Zillow ZORI,
94949 Novato,zcta,94949,Novato,38.0600944,-122.5064097,1418784,,2024-11-30,10,0,Zillow ZIP-level market for Novato; mapped with Census 2020 ZCTA 94949 in Marin County.,,,,
94945 Novato,zcta,94945,Novato,38.1226869,-122.5531417,1152852,,2024-11-30,10,0,Zillow ZIP-level market for Novato; mapped with Census 2020 ZCTA 94945 in Marin County.,,,,
94960 San Anselmo,zcta,94960,San Anselmo,37.9970232,-122.5783384,1708107,,2024-11-30,10,0,Zillow ZIP-level market for San Anselmo; mapped with Census 2020 ZCTA 94960 in Marin County.,,,,
94904 Kentfield,zcta,94904,Kentfield,37.9472249,-122.5517753,2562768,,2024-11-30,10,0,Zillow ZIP-level market for Kentfield; mapped with Census 2020 ZCTA 94904 in Marin County.,,,,
94920 Tiburon,zcta,94920,Tiburon,37.8867683,-122.4626194,3621481,4311,2024-11-30,10,0,Zillow ZIP-level market for Tiburon; mapped with Census 2020 ZCTA 94920 in Marin County.,,4311,Zillow ZORI,
94965 Sausalito,zcta,94965,Sausalito,37.8373471,-122.5274824,1977779,3608,2024-11-30,10,0,Zillow ZIP-level market for Sausalito; mapped with Census 2020 ZCTA 94965 in Marin County.,,3608,Zillow ZORI,
94925 Corte Madera,zcta,94925,Corte Madera,37.9318458,-122.5077378,1901771,,2024-11-30,10,0,Zillow ZIP-level market for Corte Madera; mapped with Census 2020 ZCTA 94925 in Marin County.,,,,
94930 Fairfax,zcta,94930,Fairfax,37.9697928,-122.61533,1274929,,2024-11-30,10,0,Zillow ZIP-level market for Fairfax; mapped with Census 2020 ZCTA 94930 in Marin County.,,,,
94939 Larkspur,zcta,94939,Larkspur,37.9382519,-122.5359478,2564955,3320,2024-11-30,10,0,Zillow ZIP-level market for Larkspur; mapped with Census 2020 ZCTA 94939 in Marin County.,,3320,Zillow ZORI,
94957 Ross,zcta,94957,Ross,37.9634213,-122.5618079,4041556,,2024-11-30,10,0,Zillow ZIP-level market for Ross; mapped with Census 2020 ZCTA 94957 in Marin County.,,,,
94937 Point Reyes Station,zcta,94937,Point Reyes Station,38.1164824,-122.930353,1564210,,2024-11-30,10,0,Zillow ZIP-level market for Point Reyes Station; mapped with Census 2020 ZCTA 94937 in Marin County.,,,,
94924 Bolinas,zcta,94924,Bolinas,37.9669044,-122.7388158,2018299,,2024-11-30,10,0,Zillow ZIP-level market for Bolinas; mapped with Census 2020 ZCTA 94924 in Marin County.,,,,
94963 Lagunitas,zcta,94963,Lagunitas,38.00761,-122.6647483,1345067,,2024-11-30,10,0,Zillow ZIP-level market for Lagunitas; mapped with Census 2020 ZCTA 94963 in Marin County.,,,,
94973 Woodacre,zcta,94973,Woodacre,38.0125906,-122.6394,1085259,,2024-11-30,10,0,Zillow ZIP-level market for Woodacre; mapped with Census 2020 ZCTA 94973 in Marin County.,,,,
94946 Nicasio,zcta,94946,Nicasio,38.0747338,-122.6952645,2150436,,2024-11-30,10,0,Zillow ZIP-level market for Nicasio; mapped with Census 2020 ZCTA 94946 in Marin County.,,,,
94938 Bolinas,zcta,94938,Bolinas,38.0302365,-122.7295132,1060427,,2024-11-30,10,0,Zillow ZIP-level market for Bolinas; mapped with Census 2020 ZCTA 94938 in Marin County.,,,,
94970 Stinson Beach,zcta,94970,Stinson Beach,37.9258817,-122.6598334,3423709,,2024-11-30,10,0,Zillow ZIP-level market for Stinson Beach; mapped with Census 2020 ZCTA 94970 in Marin County.,,,,
94956 Point Reyes Station,zcta,94956,Point Reyes Station,38.0214541,-122.81817,1610211,,2024-11-30,10,0,Zillow ZIP-level market for Point Reyes Station; mapped with Census 2020 ZCTA 94956 in Marin County.,,,,
94940 Marshall,zcta,94940,Marshall,38.2039708,-122.8914816,1521525,,2024-11-30,10,0,Zillow ZIP-level market for Marshall; mapped with Census 2020 ZCTA 94940 in Marin County.,,,,
94933 Lagunitas,zcta,94933,Lagunitas,38.0175021,-122.688148,892243,,2024-11-30,10,0,Zillow ZIP-level market for Lagunitas; mapped with Census 2020 ZCTA 94933 in Marin County.,,,,
94971 Tomales,zcta,94971,Tomales,38.2330285,-122.8969589,1061951,,2024-11-30,10,0,Zillow ZIP-level market for Tomales; mapped with Census 2020 ZCTA 94971 in Marin County.,,,,
94929 nan,zcta,94929,nan,38.2545284,-122.9623709,1389780,,2024-11-30,10,0,Zillow ZIP-level market for nan; mapped with Census 2020 ZCTA 94929 in Marin County.,,,,
94901 San Rafael,zcta,94901,San Rafael,37.980709,-122.5006058,1567343,2721,2024-12-31,10,0,Zillow ZIP-level market for San Rafael; mapped with Census 2020 ZCTA 94901 in Marin County.,,2721,Zillow ZORI,
94941 Mill Valley,zcta,94941,Mill Valley,37.9247747,-122.6001828,2178178,3848,2024-12-31,10,0,Zillow ZIP-level market for Mill Valley; mapped with Census 2020 ZCTA 94941 in Marin County.,,3848,Zillow ZORI,
94903 San Rafael,zcta,94903,San Rafael,38.0221295,-122.55881,1405381,3050,2024-12-31,10,0,Zillow ZIP-level market for San Rafael; mapped with Census 2020 ZCTA 94903 in Marin County.,,3050,Zillow ZORI,
94947 Novato,zcta,94947,Novato,38.1061995,-122.6249851,1111784,3259,2024-12-31,10,0,Zillow ZIP-level market for Novato; mapped with Census 2020 ZCTA 94947 in Marin County.,,3259,Zillow ZORI,
94949 Novato,zcta,94949,Novato,38.0600944,-122.5064097,1419199,,2024-12-31,10,0,Zillow ZIP-level market for Novato; mapped with Census 2020 ZCTA 94949 in Marin County.,,,,
94945 Novato,zcta,94945,Novato,38.1226869,-122.5531417,1155145,,2024-12-31,10,0,Zillow ZIP-level market for Novato; mapped with Census 2020 ZCTA 94945 in Marin County.,,,,
94960 San Anselmo,zcta,94960,San Anselmo,37.9970232,-122.5783384,1697724,,2024-12-31,10,0,Zillow ZIP-level market for San Anselmo; mapped with Census 2020 ZCTA 94960 in Marin County.,,,,
94904 Kentfield,zcta,94904,Kentfield,37.9472249,-122.5517753,2549610,,2024-12-31,10,0,Zillow ZIP-level market for Kentfield; mapped with Census 2020 ZCTA 94904 in Marin County.,,,,
94920 Tiburon,zcta,94920,Tiburon,37.8867683,-122.4626194,3603651,4401,2024-12-31,10,0,Zillow ZIP-level market for Tiburon; mapped with Census 2020 ZCTA 94920 in Marin County.,,4401,Zillow ZORI,
94965 Sausalito,zcta,94965,Sausalito,37.8373471,-122.5274824,1973305,3613,2024-12-31,10,0,Zillow ZIP-level market for Sausalito; mapped with Census 2020 ZCTA 94965 in Marin County.,,3613,Zillow ZORI,
94925 Corte Madera,zcta,94925,Corte Madera,37.9318458,-122.5077378,1896109,,2024-12-31,10,0,Zillow ZIP-level market for Corte Madera; mapped with Census 2020 ZCTA 94925 in Marin County.,,,,
94930 Fairfax,zcta,94930,Fairfax,37.9697928,-122.61533,1270629,,2024-12-31,10,0,Zillow ZIP-level market for Fairfax; mapped with Census 2020 ZCTA 94930 in Marin County.,,,,
94939 Larkspur,zcta,94939,Larkspur,37.9382519,-122.5359478,2546688,3326,2024-12-31,10,0,Zillow ZIP-level market for Larkspur; mapped with Census 2020 ZCTA 94939 in Marin County.,,3326,Zillow ZORI,
94957 Ross,zcta,94957,Ross,37.9634213,-122.5618079,4028223,,2024-12-31,10,0,Zillow ZIP-level market for Ross; mapped with Census 2020 ZCTA 94957 in Marin County.,,,,
94937 Point Reyes Station,zcta,94937,Point Reyes Station,38.1164824,-122.930353,1564248,,2024-12-31,10,0,Zillow ZIP-level market for Point Reyes Station; mapped with Census 2020 ZCTA 94937 in Marin County.,,,,
94924 Bolinas,zcta,94924,Bolinas,37.9669044,-122.7388158,1991840,,2024-12-31,10,0,Zillow ZIP-level market for Bolinas; mapped with Census 2020 ZCTA 94924 in Marin County.,,,,
94963 Lagunitas,zcta,94963,Lagunitas,38.00761,-122.6647483,1339715,,2024-12-31,10,0,Zillow ZIP-level market for Lagunitas; mapped with Census 2020 ZCTA 94963 in Marin County.,,,,
94973 Woodacre,zcta,94973,Woodacre,38.0125906,-122.6394,1087272,,2024-12-31,10,0,Zillow ZIP-level market for Woodacre; mapped with Census 2020 ZCTA 94973 in Marin County.,,,,
94946 Nicasio,zcta,94946,Nicasio,38.0747338,-122.6952645,2139411,,2024-12-31,10,0,Zillow ZIP-level market for Nicasio; mapped with Census 2020 ZCTA 94946 in Marin County.,,,,
94938 Bolinas,zcta,94938,Bolinas,38.0302365,-122.7295132,1057173,,2024-12-31,10,0,Zillow ZIP-level market for Bolinas; mapped with Census 2020 ZCTA 94938 in Marin County.,,,,
94970 Stinson Beach,zcta,94970,Stinson Beach,37.9258817,-122.6598334,3366967,,2024-12-31,10,0,Zillow ZIP-level market for Stinson Beach; mapped with Census 2020 ZCTA 94970 in Marin County.,,,,
94956 Point Reyes Station,zcta,94956,Point Reyes Station,38.0214541,-122.81817,1608357,,2024-12-31,10,0,Zillow ZIP-level market for Point Reyes Station; mapped with Census 2020 ZCTA 94956 in Marin County.,,,,
94940 Marshall,zcta,94940,Marshall,38.2039708,-122.8914816,1507808,,2024-12-31,10,0,Zillow ZIP-level market for Marshall; mapped with Census 2020 ZCTA 94940 in Marin County.,,,,
94933 Lagunitas,zcta,94933,Lagunitas,38.0175021,-122.688148,891946,,2024-12-31,10,0,Zillow ZIP-level market for Lagunitas; mapped with Census 2020 ZCTA 94933 in Marin County.,,,,
94971 Tomales,zcta,94971,Tomales,38.2330285,-122.8969589,1052789,,2024-12-31,10,0,Zillow ZIP-level market for Tomales; mapped with Census 2020 ZCTA 94971 in Marin County.,,,,
94929 nan,zcta,94929,nan,38.2545284,-122.9623709,1394122,,2024-12-31,10,0,Zillow ZIP-level market for nan; mapped with Census 2020 ZCTA 94929 in Marin County.,,,,
94901 San Rafael,zcta,94901,San Rafael,37.980709,-122.5006058,1563666,2729,2025-01-31,10,0,Zillow ZIP-level market for San Rafael; mapped with Census 2020 ZCTA 94901 in Marin County.,,2729,Zillow ZORI,
94941 Mill Valley,zcta,94941,Mill Valley,37.9247747,-122.6001828,2175532,3970,2025-01-31,10,0,Zillow ZIP-level market for Mill Valley; mapped with Census 2020 ZCTA 94941 in Marin County.,,3970,Zillow ZORI,
94903 San Rafael,zcta,94903,San Rafael,38.0221295,-122.55881,1398373,3020,2025-01-31,10,0,Zillow ZIP-level market for San Rafael; mapped with Census 2020 ZCTA 94903 in Marin County.,,3020,Zillow ZORI,
94947 Novato,zcta,94947,Novato,38.1061995,-122.6249851,1113327,3301,2025-01-31,10,0,Zillow ZIP-level market for Novato; mapped with Census 2020 ZCTA 94947 in Marin County.,,3301,Zillow ZORI,
94949 Novato,zcta,94949,Novato,38.0600944,-122.5064097,1417791,,2025-01-31,10,0,Zillow ZIP-level market for Novato; mapped with Census 2020 ZCTA 94949 in Marin County.,,,,
94945 Novato,zcta,94945,Novato,38.1226869,-122.5531417,1158739,,2025-01-31,10,0,Zillow ZIP-level market for Novato; mapped with Census 2020 ZCTA 94945 in Marin County.,,,,
94960 San Anselmo,zcta,94960,San Anselmo,37.9970232,-122.5783384,1686832,,2025-01-31,10,0,Zillow ZIP-level market for San Anselmo; mapped with Census 2020 ZCTA 94960 in Marin County.,,,,
94904 Kentfield,zcta,94904,Kentfield,37.9472249,-122.5517753,2537847,,2025-01-31,10,0,Zillow ZIP-level market for Kentfield; mapped with Census 2020 ZCTA 94904 in Marin County.,,,,
94920 Tiburon,zcta,94920,Tiburon,37.8867683,-122.4626194,3580926,4607,2025-01-31,10,0,Zillow ZIP-level market for Tiburon; mapped with Census 2020 ZCTA 94920 in Marin County.,,4607,Zillow ZORI,
94965 Sausalito,zcta,94965,Sausalito,37.8373471,-122.5274824,1965945,3640,2025-01-31,10,0,Zillow ZIP-level market for Sausalito; mapped with Census 2020 ZCTA 94965 in Marin County.,,3640,Zillow ZORI,
94925 Corte Madera,zcta,94925,Corte Madera,37.9318458,-122.5077378,1890546,,2025-01-31,10,0,Zillow ZIP-level market for Corte Madera; mapped with Census 2020 ZCTA 94925 in Marin County.,,,,
94930 Fairfax,zcta,94930,Fairfax,37.9697928,-122.61533,1266076,,2025-01-31,10,0,Zillow ZIP-level market for Fairfax; mapped with Census 2020 ZCTA 94930 in Marin County.,,,,
94939 Larkspur,zcta,94939,Larkspur,37.9382519,-122.5359478,2531172,3335,2025-01-31,10,0,Zillow ZIP-level market for Larkspur; mapped with Census 2020 ZCTA 94939 in Marin County.,,3335,Zillow ZORI,
94957 Ross,zcta,94957,Ross,37.9634213,-122.5618079,4015897,,2025-01-31,10,0,Zillow ZIP-level market for Ross; mapped with Census 2020 ZCTA 94957 in Marin County.,,,,
94937 Point Reyes Station,zcta,94937,Point Reyes Station,38.1164824,-122.930353,1556715,,2025-01-31,10,0,Zillow ZIP-level market for Point Reyes Station; mapped with Census 2020 ZCTA 94937 in Marin County.,,,,
94924 Bolinas,zcta,94924,Bolinas,37.9669044,-122.7388158,1967205,,2025-01-31,10,0,Zillow ZIP-level market for Bolinas; mapped with Census 2020 ZCTA 94924 in Marin County.,,,,
94963 Lagunitas,zcta,94963,Lagunitas,38.00761,-122.6647483,1338469,,2025-01-31,10,0,Zillow ZIP-level market for Lagunitas; mapped with Census 2020 ZCTA 94963 in Marin County.,,,,
94973 Woodacre,zcta,94973,Woodacre,38.0125906,-122.6394,1089960,,2025-01-31,10,0,Zillow ZIP-level market for Woodacre; mapped with Census 2020 ZCTA 94973 in Marin County.,,,,
94946 Nicasio,zcta,94946,Nicasio,38.0747338,-122.6952645,2132660,,2025-01-31,10,0,Zillow ZIP-level market for Nicasio; mapped with Census 2020 ZCTA 94946 in Marin County.,,,,
94938 Bolinas,zcta,94938,Bolinas,38.0302365,-122.7295132,1058207,,2025-01-31,10,0,Zillow ZIP-level market for Bolinas; mapped with Census 2020 ZCTA 94938 in Marin County.,,,,
94970 Stinson Beach,zcta,94970,Stinson Beach,37.9258817,-122.6598334,3326180,,2025-01-31,10,0,Zillow ZIP-level market for Stinson Beach; mapped with Census 2020 ZCTA 94970 in Marin County.,,,,
94956 Point Reyes Station,zcta,94956,Point Reyes Station,38.0214541,-122.81817,1602753,,2025-01-31,10,0,Zillow ZIP-level market for Point Reyes Station; mapped with Census 2020 ZCTA 94956 in Marin County.,,,,
94940 Marshall,zcta,94940,Marshall,38.2039708,-122.8914816,1492758,,2025-01-31,10,0,Zillow ZIP-level market for Marshall; mapped with Census 2020 ZCTA 94940 in Marin County.,,,,
94933 Lagunitas,zcta,94933,Lagunitas,38.0175021,-122.688148,894187,,2025-01-31,10,0,Zillow ZIP-level market for Lagunitas; mapped with Census 2020 ZCTA 94933 in Marin County.,,,,
94971 Tomales,zcta,94971,Tomales,38.2330285,-122.8969589,1045890,,2025-01-31,10,0,Zillow ZIP-level market for Tomales; mapped with Census 2020 ZCTA 94971 in Marin County.,,,,
94929 nan,zcta,94929,nan,38.2545284,-122.9623709,1396924,,2025-01-31,10,0,Zillow ZIP-level market for nan; mapped with Census 2020 ZCTA 94929 in Marin County.,,,,
94901 San Rafael,zcta,94901,San Rafael,37.980709,-122.5006058,1560666,2708,2025-02-28,10,0,Zillow ZIP-level market for San Rafael; mapped with Census 2020 ZCTA 94901 in Marin County.,,2708,Zillow ZORI,
94941 Mill Valley,zcta,94941,Mill Valley,37.9247747,-122.6001828,2170969,3976,2025-02-28,10,0,Zillow ZIP-level market for Mill Valley; mapped with Census 2020 ZCTA 94941 in Marin County.,,3976,Zillow ZORI,
94903 San Rafael,zcta,94903,San Rafael,38.0221295,-122.55881,1393903,3005,2025-02-28,10,0,Zillow ZIP-level market for San Rafael; mapped with Census 2020 ZCTA 94903 in Marin County.,,3005,Zillow ZORI,
94947 Novato,zcta,94947,Novato,38.1061995,-122.6249851,1112768,3307,2025-02-28,10,0,Zillow ZIP-level market for Novato; mapped with Census 2020 ZCTA 94947 in Marin County.,,3307,Zillow ZORI,
94949 Novato,zcta,94949,Novato,38.0600944,-122.5064097,1415177,,2025-02-28,10,0,Zillow ZIP-level market for Novato; mapped with Census 2020 ZCTA 94949 in Marin County.,,,,
94945 Novato,zcta,94945,Novato,38.1226869,-122.5531417,1160913,,2025-02-28,10,0,Zillow ZIP-level market for Novato; mapped with Census 2020 ZCTA 94945 in Marin County.,,,,
94960 San Anselmo,zcta,94960,San Anselmo,37.9970232,-122.5783384,1677827,,2025-02-28,10,0,Zillow ZIP-level market for San Anselmo; mapped with Census 2020 ZCTA 94960 in Marin County.,,,,
94904 Kentfield,zcta,94904,Kentfield,37.9472249,-122.5517753,2527152,,2025-02-28,10,0,Zillow ZIP-level market for Kentfield; mapped with Census 2020 ZCTA 94904 in Marin County.,,,,
94920 Tiburon,zcta,94920,Tiburon,37.8867683,-122.4626194,3557573,4540,2025-02-28,10,0,Zillow ZIP-level market for Tiburon; mapped with Census 2020 ZCTA 94920 in Marin County.,,4540,Zillow ZORI,
94965 Sausalito,zcta,94965,Sausalito,37.8373471,-122.5274824,1952433,3698,2025-02-28,10,0,Zillow ZIP-level market for Sausalito; mapped with Census 2020 ZCTA 94965 in Marin County.,,3698,Zillow ZORI,
94925 Corte Madera,zcta,94925,Corte Madera,37.9318458,-122.5077378,1887477,,2025-02-28,10,0,Zillow ZIP-level market for Corte Madera; mapped with Census 2020 ZCTA 94925 in Marin County.,,,,
94930 Fairfax,zcta,94930,Fairfax,37.9697928,-122.61533,1260529,,2025-02-28,10,0,Zillow ZIP-level market for Fairfax; mapped with Census 2020 ZCTA 94930 in Marin County.,,,,
94939 Larkspur,zcta,94939,Larkspur,37.9382519,-122.5359478,2516300,3387,2025-02-28,10,0,Zillow ZIP-level market for Larkspur; mapped with Census 2020 ZCTA 94939 in Marin County.,,3387,Zillow ZORI,
94957 Ross,zcta,94957,Ross,37.9634213,-122.5618079,4004458,,2025-02-28,10,0,Zillow ZIP-level market for Ross; mapped with Census 2020 ZCTA 94957 in Marin County.,,,,
94937 Point Reyes Station,zcta,94937,Point Reyes Station,38.1164824,-122.930353,1548822,,2025-02-28,10,0,Zillow ZIP-level market for Point Reyes Station; mapped with Census 2020 ZCTA 94937 in Marin County.,,,,
94924 Bolinas,zcta,94924,Bolinas,37.9669044,-122.7388158,1933832,,2025-02-28,10,0,Zillow ZIP-level market for Bolinas; mapped with Census 2020 ZCTA 94924 in Marin County.,,,,
94963 Lagunitas,zcta,94963,Lagunitas,38.00761,-122.6647483,1339403,,2025-02-28,10,0,Zillow ZIP-level market for Lagunitas; mapped with Census 2020 ZCTA 94963 in Marin County.,,,,
94973 Woodacre,zcta,94973,Woodacre,38.0125906,-122.6394,1094799,,2025-02-28,10,0,Zillow ZIP-level market for Woodacre; mapped with Census 2020 ZCTA 94973 in Marin County.,,,,
94946 Nicasio,zcta,94946,Nicasio,38.0747338,-122.6952645,2138605,,2025-02-28,10,0,Zillow ZIP-level market for Nicasio; mapped with Census 2020 ZCTA 94946 in Marin County.,,,,
94938 Bolinas,zcta,94938,Bolinas,38.0302365,-122.7295132,1059122,,2025-02-28,10,0,Zillow ZIP-level market for Bolinas; mapped with Census 2020 ZCTA 94938 in Marin County.,,,,
94970 Stinson Beach,zcta,94970,Stinson Beach,37.9258817,-122.6598334,3285017,,2025-02-28,10,0,Zillow ZIP-level market for Stinson Beach; mapped with Census 2020 ZCTA 94970 in Marin County.,,,,
94956 Point Reyes Station,zcta,94956,Point Reyes Station,38.0214541,-122.81817,1595069,,2025-02-28,10,0,Zillow ZIP-level market for Point Reyes Station; mapped with Census 2020 ZCTA 94956 in Marin County.,,,,
94940 Marshall,zcta,94940,Marshall,38.2039708,-122.8914816,1484832,,2025-02-28,10,0,Zillow ZIP-level market for Marshall; mapped with Census 2020 ZCTA 94940 in Marin County.,,,,
94933 Lagunitas,zcta,94933,Lagunitas,38.0175021,-122.688148,895955,,2025-02-28,10,0,Zillow ZIP-level market for Lagunitas; mapped with Census 2020 ZCTA 94933 in Marin County.,,,,
94971 Tomales,zcta,94971,Tomales,38.2330285,-122.8969589,1044595,,2025-02-28,10,0,Zillow ZIP-level market for Tomales; mapped with Census 2020 ZCTA 94971 in Marin County.,,,,
94929 nan,zcta,94929,nan,38.2545284,-122.9623709,1397096,,2025-02-28,10,0,Zillow ZIP-level market for nan; mapped with Census 2020 ZCTA 94929 in Marin County.,,,,
94901 San Rafael,zcta,94901,San Rafael,37.980709,-122.5006058,1559391,2738,2025-03-31,10,0,Zillow ZIP-level market for San Rafael; mapped with Census 2020 ZCTA 94901 in Marin County.,,2738,Zillow ZORI,
94941 Mill Valley,zcta,94941,Mill Valley,37.9247747,-122.6001828,2161153,4083,2025-03-31,10,0,Zillow ZIP-level market for Mill Valley; mapped with Census 2020 ZCTA 94941 in Marin County.,,4083,Zillow ZORI,
94903 San Rafael,zcta,94903,San Rafael,38.0221295,-122.55881,1388679,3020,2025-03-31,10,0,Zillow ZIP-level market for San Rafael; mapped with Census 2020 ZCTA 94903 in Marin County.,,3020,Zillow ZORI,
94947 Novato,zcta,94947,Novato,38.1061995,-122.6249851,1110169,3353,2025-03-31,10,0,Zillow ZIP-level market for Novato; mapped with Census 2020 ZCTA 94947 in Marin County.,,3353,Zillow ZORI,
94949 Novato,zcta,94949,Novato,38.0600944,-122.5064097,1413281,3161,2025-03-31,10,0,Zillow ZIP-level market for Novato; mapped with Census 2020 ZCTA 94949 in Marin County.,,3161,Zillow ZORI,
94945 Novato,zcta,94945,Novato,38.1226869,-122.5531417,1161588,,2025-03-31,10,0,Zillow ZIP-level market for Novato; mapped with Census 2020 ZCTA 94945 in Marin County.,,,,
94960 San Anselmo,zcta,94960,San Anselmo,37.9970232,-122.5783384,1668184,,2025-03-31,10,0,Zillow ZIP-level market for San Anselmo; mapped with Census 2020 ZCTA 94960 in Marin County.,,,,
94904 Kentfield,zcta,94904,Kentfield,37.9472249,-122.5517753,2515667,,2025-03-31,10,0,Zillow ZIP-level market for Kentfield; mapped with Census 2020 ZCTA 94904 in Marin County.,,,,
94920 Tiburon,zcta,94920,Tiburon,37.8867683,-122.4626194,3534423,4562,2025-03-31,10,0,Zillow ZIP-level market for Tiburon; mapped with Census 2020 ZCTA 94920 in Marin County.,,4562,Zillow ZORI,
94965 Sausalito,zcta,94965,Sausalito,37.8373471,-122.5274824,1936984,3713,2025-03-31,10,0,Zillow ZIP-level market for Sausalito; mapped with Census 2020 ZCTA 94965 in Marin County.,,3713,Zillow ZORI,
94925 Corte Madera,zcta,94925,Corte Madera,37.9318458,-122.5077378,1881749,,2025-03-31,10,0,Zillow ZIP-level market for Corte Madera; mapped with Census 2020 ZCTA 94925 in Marin County.,,,,
94930 Fairfax,zcta,94930,Fairfax,37.9697928,-122.61533,1253225,,2025-03-31,10,0,Zillow ZIP-level market for Fairfax; mapped with Census 2020 ZCTA 94930 in Marin County.,,,,
94939 Larkspur,zcta,94939,Larkspur,37.9382519,-122.5359478,2496764,3455,2025-03-31,10,0,Zillow ZIP-level market for Larkspur; mapped with Census 2020 ZCTA 94939 in Marin County.,,3455,Zillow ZORI,
94957 Ross,zcta,94957,Ross,37.9634213,-122.5618079,3991976,,2025-03-31,10,0,Zillow ZIP-level market for Ross; mapped with Census 2020 ZCTA 94957 in Marin County.,,,,
94937 Point Reyes Station,zcta,94937,Point Reyes Station,38.1164824,-122.930353,1535182,,2025-03-31,10,0,Zillow ZIP-level market for Point Reyes Station; mapped with Census 2020 ZCTA 94937 in Marin County.,,,,
94924 Bolinas,zcta,94924,Bolinas,37.9669044,-122.7388158,1898703,,2025-03-31,10,0,Zillow ZIP-level market for Bolinas; mapped with Census 2020 ZCTA 94924 in Marin County.,,,,
94963 Lagunitas,zcta,94963,Lagunitas,38.00761,-122.6647483,1340825,,2025-03-31,10,0,Zillow ZIP-level market for Lagunitas; mapped with Census 2020 ZCTA 94963 in Marin County.,,,,
94973 Woodacre,zcta,94973,Woodacre,38.0125906,-122.6394,1095455,,2025-03-31,10,0,Zillow ZIP-level market for Woodacre; mapped with Census 2020 ZCTA 94973 in Marin County.,,,,
94946 Nicasio,zcta,94946,Nicasio,38.0747338,-122.6952645,2138033,,2025-03-31,10,0,Zillow ZIP-level market for Nicasio; mapped with Census 2020 ZCTA 94946 in Marin County.,,,,
94938 Bolinas,zcta,94938,Bolinas,38.0302365,-122.7295132,1058719,,2025-03-31,10,0,Zillow ZIP-level market for Bolinas; mapped with Census 2020 ZCTA 94938 in Marin County.,,,,
94970 Stinson Beach,zcta,94970,Stinson Beach,37.9258817,-122.6598334,3255066,,2025-03-31,10,0,Zillow ZIP-level market for Stinson Beach; mapped with Census 2020 ZCTA 94970 in Marin County.,,,,
94956 Point Reyes Station,zcta,94956,Point Reyes Station,38.0214541,-122.81817,1583972,,2025-03-31,10,0,Zillow ZIP-level market for Point Reyes Station; mapped with Census 2020 ZCTA 94956 in Marin County.,,,,
94940 Marshall,zcta,94940,Marshall,38.2039708,-122.8914816,1474435,,2025-03-31,10,0,Zillow ZIP-level market for Marshall; mapped with Census 2020 ZCTA 94940 in Marin County.,,,,
94933 Lagunitas,zcta,94933,Lagunitas,38.0175021,-122.688148,892039,,2025-03-31,10,0,Zillow ZIP-level market for Lagunitas; mapped with Census 2020 ZCTA 94933 in Marin County.,,,,
94971 Tomales,zcta,94971,Tomales,38.2330285,-122.8969589,1043686,,2025-03-31,10,0,Zillow ZIP-level market for Tomales; mapped with Census 2020 ZCTA 94971 in Marin County.,,,,
94929 nan,zcta,94929,nan,38.2545284,-122.9623709,1393430,,2025-03-31,10,0,Zillow ZIP-level market for nan; mapped with Census 2020 ZCTA 94929 in Marin County.,,,,
94901 San Rafael,zcta,94901,San Rafael,37.980709,-122.5006058,1555779,2765,2025-04-30,10,0,Zillow ZIP-level market for San Rafael; mapped with Census 2020 ZCTA 94901 in Marin County.,,2765,Zillow ZORI,
94941 Mill Valley,zcta,94941,Mill Valley,37.9247747,-122.6001828,2148132,4099,2025-04-30,10,0,Zillow ZIP-level market for Mill Valley; mapped with Census 2020 ZCTA 94941 in Marin County.,,4099,Zillow ZORI,
94903 San Rafael,zcta,94903,San Rafael,38.0221295,-122.55881,1384362,3050,2025-04-30,10,0,Zillow ZIP-level market for San Rafael; mapped with Census 2020 ZCTA 94903 in Marin County.,,3050,Zillow ZORI,
94947 Novato,zcta,94947,Novato,38.1061995,-122.6249851,1104256,3320,2025-04-30,10,0,Zillow ZIP-level market for Novato; mapped with Census 2020 ZCTA 94947 in Marin County.,,3320,Zillow ZORI,
94949 Novato,zcta,94949,Novato,38.0600944,-122.5064097,1413402,3194,2025-04-30,10,0,Zillow ZIP-level market for Novato; mapped with Census 2020 ZCTA 94949 in Marin County.,,3194,Zillow ZORI,
94945 Novato,zcta,94945,Novato,38.1226869,-122.5531417,1159560,,2025-04-30,10,0,Zillow ZIP-level market for Novato; mapped with Census 2020 ZCTA 94945 in Marin County.,,,,
94960 San Anselmo,zcta,94960,San Anselmo,37.9970232,-122.5783384,1662000,,2025-04-30,10,0,Zillow ZIP-level market for San Anselmo; mapped with Census 2020 ZCTA 94960 in Marin County.,,,,
94904 Kentfield,zcta,94904,Kentfield,37.9472249,-122.5517753,2503014,,2025-04-30,10,0,Zillow ZIP-level market for Kentfield; mapped with Census 2020 ZCTA 94904 in Marin County.,,,,
94920 Tiburon,zcta,94920,Tiburon,37.8867683,-122.4626194,3514699,4370,2025-04-30,10,0,Zillow ZIP-level market for Tiburon; mapped with Census 2020 ZCTA 94920 in Marin County.,,4370,Zillow ZORI,
94965 Sausalito,zcta,94965,Sausalito,37.8373471,-122.5274824,1926550,3725,2025-04-30,10,0,Zillow ZIP-level market for Sausalito; mapped with Census 2020 ZCTA 94965 in Marin County.,,3725,Zillow ZORI,
94925 Corte Madera,zcta,94925,Corte Madera,37.9318458,-122.5077378,1872700,,2025-04-30,10,0,Zillow ZIP-level market for Corte Madera; mapped with Census 2020 ZCTA 94925 in Marin County.,,,,
94930 Fairfax,zcta,94930,Fairfax,37.9697928,-122.61533,1246793,,2025-04-30,10,0,Zillow ZIP-level market for Fairfax; mapped with Census 2020 ZCTA 94930 in Marin County.,,,,
94939 Larkspur,zcta,94939,Larkspur,37.9382519,-122.5359478,2479216,3557,2025-04-30,10,0,Zillow ZIP-level market for Larkspur; mapped with Census 2020 ZCTA 94939 in Marin County.,,3557,Zillow ZORI,
94957 Ross,zcta,94957,Ross,37.9634213,-122.5618079,3983392,,2025-04-30,10,0,Zillow ZIP-level market for Ross; mapped with Census 2020 ZCTA 94957 in Marin County.,,,,
94937 Point Reyes Station,zcta,94937,Point Reyes Station,38.1164824,-122.930353,1525038,,2025-04-30,10,0,Zillow ZIP-level market for Point Reyes Station; mapped with Census 2020 ZCTA 94937 in Marin County.,,,,
94924 Bolinas,zcta,94924,Bolinas,37.9669044,-122.7388158,1862532,,2025-04-30,10,0,Zillow ZIP-level market for Bolinas; mapped with Census 2020 ZCTA 94924 in Marin County.,,,,
94963 Lagunitas,zcta,94963,Lagunitas,38.00761,-122.6647483,1333491,,2025-04-30,10,0,Zillow ZIP-level market for Lagunitas; mapped with Census 2020 ZCTA 94963 in Marin County.,,,,
94973 Woodacre,zcta,94973,Woodacre,38.0125906,-122.6394,1093671,,2025-04-30,10,0,Zillow ZIP-level market for Woodacre; mapped with Census 2020 ZCTA 94973 in Marin County.,,,,
94946 Nicasio,zcta,94946,Nicasio,38.0747338,-122.6952645,2122879,,2025-04-30,10,0,Zillow ZIP-level market for Nicasio; mapped with Census 2020 ZCTA 94946 in Marin County.,,,,
94938 Bolinas,zcta,94938,Bolinas,38.0302365,-122.7295132,1049620,,2025-04-30,10,0,Zillow ZIP-level market for Bolinas; mapped with Census 2020 ZCTA 94938 in Marin County.,,,,
94970 Stinson Beach,zcta,94970,Stinson Beach,37.9258817,-122.6598334,3221996,,2025-04-30,10,0,Zillow ZIP-level market for Stinson Beach; mapped with Census 2020 ZCTA 94970 in Marin County.,,,,
94956 Point Reyes Station,zcta,94956,Point Reyes Station,38.0214541,-122.81817,1571778,,2025-04-30,10,0,Zillow ZIP-level market for Point Reyes Station; mapped with Census 2020 ZCTA 94956 in Marin County.,,,,
94940 Marshall,zcta,94940,Marshall,38.2039708,-122.8914816,1460274,,2025-04-30,10,0,Zillow ZIP-level market for Marshall; mapped with Census 2020 ZCTA 94940 in Marin County.,,,,
94933 Lagunitas,zcta,94933,Lagunitas,38.0175021,-122.688148,880466,,2025-04-30,10,0,Zillow ZIP-level market for Lagunitas; mapped with Census 2020 ZCTA 94933 in Marin County.,,,,
94971 Tomales,zcta,94971,Tomales,38.2330285,-122.8969589,1040199,,2025-04-30,10,0,Zillow ZIP-level market for Tomales; mapped with Census 2020 ZCTA 94971 in Marin County.,,,,
94929 nan,zcta,94929,nan,38.2545284,-122.9623709,1390485,,2025-04-30,10,0,Zillow ZIP-level market for nan; mapped with Census 2020 ZCTA 94929 in Marin County.,,,,
94901 San Rafael,zcta,94901,San Rafael,37.980709,-122.5006058,1552586,2852,2025-05-31,10,0,Zillow ZIP-level market for San Rafael; mapped with Census 2020 ZCTA 94901 in Marin County.,,2852,Zillow ZORI,
94941 Mill Valley,zcta,94941,Mill Valley,37.9247747,-122.6001828,2132911,4248,2025-05-31,10,0,Zillow ZIP-level market for Mill Valley; mapped with Census 2020 ZCTA 94941 in Marin County.,,4248,Zillow ZORI,
94903 San Rafael,zcta,94903,San Rafael,38.0221295,-122.55881,1380878,3089,2025-05-31,10,0,Zillow ZIP-level market for San Rafael; mapped with Census 2020 ZCTA 94903 in Marin County.,,3089,Zillow ZORI,
94947 Novato,zcta,94947,Novato,38.1061995,-122.6249851,1096324,3367,2025-05-31,10,0,Zillow ZIP-level market for Novato; mapped with Census 2020 ZCTA 94947 in Marin County.,,3367,Zillow ZORI,
94949 Novato,zcta,94949,Novato,38.0600944,-122.5064097,1412116,3185,2025-05-31,10,0,Zillow ZIP-level market for Novato; mapped with Census 2020 ZCTA 94949 in Marin County.,,3185,Zillow ZORI,
94945 Novato,zcta,94945,Novato,38.1226869,-122.5531417,1153705,,2025-05-31,10,0,Zillow ZIP-level market for Novato; mapped with Census 2020 ZCTA 94945 in Marin County.,,,,
94960 San Anselmo,zcta,94960,San Anselmo,37.9970232,-122.5783384,1657864,,2025-05-31,10,0,Zillow ZIP-level market for San Anselmo; mapped with Census 2020 ZCTA 94960 in Marin County.,,,,
94904 Kentfield,zcta,94904,Kentfield,37.9472249,-122.5517753,2487932,,2025-05-31,10,0,Zillow ZIP-level market for Kentfield; mapped with Census 2020 ZCTA 94904 in Marin County.,,,,
94920 Tiburon,zcta,94920,Tiburon,37.8867683,-122.4626194,3494583,4572,2025-05-31,10,0,Zillow ZIP-level market for Tiburon; mapped with Census 2020 ZCTA 94920 in Marin County.,,4572,Zillow ZORI,
94965 Sausalito,zcta,94965,Sausalito,37.8373471,-122.5274824,1919095,3636,2025-05-31,10,0,Zillow ZIP-level market for Sausalito; mapped with Census 2020 ZCTA 94965 in Marin County.,,3636,Zillow ZORI,
94925 Corte Madera,zcta,94925,Corte Madera,37.9318458,-122.5077378,1863439,,2025-05-31,10,0,Zillow ZIP-level market for Corte Madera; mapped with Census 2020 ZCTA 94925 in Marin County.,,,,
94930 Fairfax,zcta,94930,Fairfax,37.9697928,-122.61533,1240981,,2025-05-31,10,0,Zillow ZIP-level market for Fairfax; mapped with Census 2020 ZCTA 94930 in Marin County.,,,,
94939 Larkspur,zcta,94939,Larkspur,37.9382519,-122.5359478,2462230,3623,2025-05-31,10,0,Zillow ZIP-level market for Larkspur; mapped with Census 2020 ZCTA 94939 in Marin County.,,3623,Zillow ZORI,
94957 Ross,zcta,94957,Ross,37.9634213,-122.5618079,3974201,,2025-05-31,10,0,Zillow ZIP-level market for Ross; mapped with Census 2020 ZCTA 94957 in Marin County.,,,,
94937 Point Reyes Station,zcta,94937,Point Reyes Station,38.1164824,-122.930353,1514804,,2025-05-31,10,0,Zillow ZIP-level market for Point Reyes Station; mapped with Census 2020 ZCTA 94937 in Marin County.,,,,
94924 Bolinas,zcta,94924,Bolinas,37.9669044,-122.7388158,1830079,,2025-05-31,10,0,Zillow ZIP-level market for Bolinas; mapped with Census 2020 ZCTA 94924 in Marin County.,,,,
94963 Lagunitas,zcta,94963,Lagunitas,38.00761,-122.6647483,1322501,,2025-05-31,10,0,Zillow ZIP-level market for Lagunitas; mapped with Census 2020 ZCTA 94963 in Marin County.,,,,
94973 Woodacre,zcta,94973,Woodacre,38.0125906,-122.6394,1087963,,2025-05-31,10,0,Zillow ZIP-level market for Woodacre; mapped with Census 2020 ZCTA 94973 in Marin County.,,,,
94946 Nicasio,zcta,94946,Nicasio,38.0747338,-122.6952645,2092109,,2025-05-31,10,0,Zillow ZIP-level market for Nicasio; mapped with Census 2020 ZCTA 94946 in Marin County.,,,,
94938 Bolinas,zcta,94938,Bolinas,38.0302365,-122.7295132,1040349,,2025-05-31,10,0,Zillow ZIP-level market for Bolinas; mapped with Census 2020 ZCTA 94938 in Marin County.,,,,
94970 Stinson Beach,zcta,94970,Stinson Beach,37.9258817,-122.6598334,3204645,,2025-05-31,10,0,Zillow ZIP-level market for Stinson Beach; mapped with Census 2020 ZCTA 94970 in Marin County.,,,,
94956 Point Reyes Station,zcta,94956,Point Reyes Station,38.0214541,-122.81817,1556308,,2025-05-31,10,0,Zillow ZIP-level market for Point Reyes Station; mapped with Census 2020 ZCTA 94956 in Marin County.,,,,
94940 Marshall,zcta,94940,Marshall,38.2039708,-122.8914816,1446660,,2025-05-31,10,0,Zillow ZIP-level market for Marshall; mapped with Census 2020 ZCTA 94940 in Marin County.,,,,
94933 Lagunitas,zcta,94933,Lagunitas,38.0175021,-122.688148,866301,,2025-05-31,10,0,Zillow ZIP-level market for Lagunitas; mapped with Census 2020 ZCTA 94933 in Marin County.,,,,
94971 Tomales,zcta,94971,Tomales,38.2330285,-122.8969589,1031717,,2025-05-31,10,0,Zillow ZIP-level market for Tomales; mapped with Census 2020 ZCTA 94971 in Marin County.,,,,
94929 nan,zcta,94929,nan,38.2545284,-122.9623709,1388268,,2025-05-31,10,0,Zillow ZIP-level market for nan; mapped with Census 2020 ZCTA 94929 in Marin County.,,,,
94901 San Rafael,zcta,94901,San Rafael,37.980709,-122.5006058,1547387,2895,2025-06-30,10,0,Zillow ZIP-level market for San Rafael; mapped with Census 2020 ZCTA 94901 in Marin County.,,2895,Zillow ZORI,
94941 Mill Valley,zcta,94941,Mill Valley,37.9247747,-122.6001828,2118964,4290,2025-06-30,10,0,Zillow ZIP-level market for Mill Valley; mapped with Census 2020 ZCTA 94941 in Marin County.,,4290,Zillow ZORI,
94903 San Rafael,zcta,94903,San Rafael,38.0221295,-122.55881,1377102,3093,2025-06-30,10,0,Zillow ZIP-level market for San Rafael; mapped with Census 2020 ZCTA 94903 in Marin County.,,3093,Zillow ZORI,
94947 Novato,zcta,94947,Novato,38.1061995,-122.6249851,1087324,3274,2025-06-30,10,0,Zillow ZIP-level market for Novato; mapped with Census 2020 ZCTA 94947 in Marin County.,,3274,Zillow ZORI,
94949 Novato,zcta,94949,Novato,38.0600944,-122.5064097,1411010,3163,2025-06-30,10,0,Zillow ZIP-level market for Novato; mapped with Census 2020 ZCTA 94949 in Marin County.,,3163,Zillow ZORI,
94945 Novato,zcta,94945,Novato,38.1226869,-122.5531417,1145907,,2025-06-30,10,0,Zillow ZIP-level market for Novato; mapped with Census 2020 ZCTA 94945 in Marin County.,,,,
94960 San Anselmo,zcta,94960,San Anselmo,37.9970232,-122.5783384,1654811,,2025-06-30,10,0,Zillow ZIP-level market for San Anselmo; mapped with Census 2020 ZCTA 94960 in Marin County.,,,,
94904 Kentfield,zcta,94904,Kentfield,37.9472249,-122.5517753,2473436,,2025-06-30,10,0,Zillow ZIP-level market for Kentfield; mapped with Census 2020 ZCTA 94904 in Marin County.,,,,
94920 Tiburon,zcta,94920,Tiburon,37.8867683,-122.4626194,3477617,4608,2025-06-30,10,0,Zillow ZIP-level market for Tiburon; mapped with Census 2020 ZCTA 94920 in Marin County.,,4608,Zillow ZORI,
94965 Sausalito,zcta,94965,Sausalito,37.8373471,-122.5274824,1912569,3631,2025-06-30,10,0,Zillow ZIP-level market for Sausalito; mapped with Census 2020 ZCTA 94965 in Marin County.,,3631,Zillow ZORI,
94925 Corte Madera,zcta,94925,Corte Madera,37.9318458,-122.5077378,1853075,,2025-06-30,10,0,Zillow ZIP-level market for Corte Madera; mapped with Census 2020 ZCTA 94925 in Marin County.,,,,
94930 Fairfax,zcta,94930,Fairfax,37.9697928,-122.61533,1235228,,2025-06-30,10,0,Zillow ZIP-level market for Fairfax; mapped with Census 2020 ZCTA 94930 in Marin County.,,,,
94939 Larkspur,zcta,94939,Larkspur,37.9382519,-122.5359478,2446051,3664,2025-06-30,10,0,Zillow ZIP-level market for Larkspur; mapped with Census 2020 ZCTA 94939 in Marin County.,,3664,Zillow ZORI,
94957 Ross,zcta,94957,Ross,37.9634213,-122.5618079,3969825,,2025-06-30,10,0,Zillow ZIP-level market for Ross; mapped with Census 2020 ZCTA 94957 in Marin County.,,,,
94937 Point Reyes Station,zcta,94937,Point Reyes Station,38.1164824,-122.930353,1505273,,2025-06-30,10,0,Zillow ZIP-level market for Point Reyes Station; mapped with Census 2020 ZCTA 94937 in Marin County.,,,,
94924 Bolinas,zcta,94924,Bolinas,37.9669044,-122.7388158,1806054,,2025-06-30,10,0,Zillow ZIP-level market for Bolinas; mapped with Census 2020 ZCTA 94924 in Marin County.,,,,
94963 Lagunitas,zcta,94963,Lagunitas,38.00761,-122.6647483,1309936,,2025-06-30,10,0,Zillow ZIP-level market for Lagunitas; mapped with Census 2020 ZCTA 94963 in Marin County.,,,,
94973 Woodacre,zcta,94973,Woodacre,38.0125906,-122.6394,1083692,,2025-06-30,10,0,Zillow ZIP-level market for Woodacre; mapped with Census 2020 ZCTA 94973 in Marin County.,,,,
94946 Nicasio,zcta,94946,Nicasio,38.0747338,-122.6952645,2063443,,2025-06-30,10,0,Zillow ZIP-level market for Nicasio; mapped with Census 2020 ZCTA 94946 in Marin County.,,,,
94938 Bolinas,zcta,94938,Bolinas,38.0302365,-122.7295132,1030341,,2025-06-30,10,0,Zillow ZIP-level market for Bolinas; mapped with Census 2020 ZCTA 94938 in Marin County.,,,,
94970 Stinson Beach,zcta,94970,Stinson Beach,37.9258817,-122.6598334,3177119,,2025-06-30,10,0,Zillow ZIP-level market for Stinson Beach; mapped with Census 2020 ZCTA 94970 in Marin County.,,,,
94956 Point Reyes Station,zcta,94956,Point Reyes Station,38.0214541,-122.81817,1544235,,2025-06-30,10,0,Zillow ZIP-level market for Point Reyes Station; mapped with Census 2020 ZCTA 94956 in Marin County.,,,,
94940 Marshall,zcta,94940,Marshall,38.2039708,-122.8914816,1434714,,2025-06-30,10,0,Zillow ZIP-level market for Marshall; mapped with Census 2020 ZCTA 94940 in Marin County.,,,,
94933 Lagunitas,zcta,94933,Lagunitas,38.0175021,-122.688148,853742,,2025-06-30,10,0,Zillow ZIP-level market for Lagunitas; mapped with Census 2020 ZCTA 94933 in Marin County.,,,,
94971 Tomales,zcta,94971,Tomales,38.2330285,-122.8969589,1025823,,2025-06-30,10,0,Zillow ZIP-level market for Tomales; mapped with Census 2020 ZCTA 94971 in Marin County.,,,,
94929 nan,zcta,94929,nan,38.2545284,-122.9623709,1388664,,2025-06-30,10,0,Zillow ZIP-level market for nan; mapped with Census 2020 ZCTA 94929 in Marin County.,,,,
94901 San Rafael,zcta,94901,San Rafael,37.980709,-122.5006058,1543854,2877,2025-07-31,10,0,Zillow ZIP-level market for San Rafael; mapped with Census 2020 ZCTA 94901 in Marin County.,,2877,Zillow ZORI,
94941 Mill Valley,zcta,94941,Mill Valley,37.9247747,-122.6001828,2112800,4283,2025-07-31,10,0,Zillow ZIP-level market for Mill Valley; mapped with Census 2020 ZCTA 94941 in Marin County.,,4283,Zillow ZORI,
94903 San Rafael,zcta,94903,San Rafael,38.0221295,-122.55881,1374560,3125,2025-07-31,10,0,Zillow ZIP-level market for San Rafael; mapped with Census 2020 ZCTA 94903 in Marin County.,,3125,Zillow ZORI,
94947 Novato,zcta,94947,Novato,38.1061995,-122.6249851,1080974,3305,2025-07-31,10,0,Zillow ZIP-level market for Novato; mapped with Census 2020 ZCTA 94947 in Marin County.,,3305,Zillow ZORI,
94949 Novato,zcta,94949,Novato,38.0600944,-122.5064097,1410483,3183,2025-07-31,10,0,Zillow ZIP-level market for Novato; mapped with Census 2020 ZCTA 94949 in Marin County.,,3183,Zillow ZORI,
94945 Novato,zcta,94945,Novato,38.1226869,-122.5531417,1139917,,2025-07-31,10,0,Zillow ZIP-level market for Novato; mapped with Census 2020 ZCTA 94945 in Marin County.,,,,
94960 San Anselmo,zcta,94960,San Anselmo,37.9970232,-122.5783384,1657238,,2025-07-31,10,0,Zillow ZIP-level market for San Anselmo; mapped with Census 2020 ZCTA 94960 in Marin County.,,,,
94904 Kentfield,zcta,94904,Kentfield,37.9472249,-122.5517753,2462209,,2025-07-31,10,0,Zillow ZIP-level market for Kentfield; mapped with Census 2020 ZCTA 94904 in Marin County.,,,,
94920 Tiburon,zcta,94920,Tiburon,37.8867683,-122.4626194,3472285,4725,2025-07-31,10,0,Zillow ZIP-level market for Tiburon; mapped with Census 2020 ZCTA 94920 in Marin County.,,4725,Zillow ZORI,
94965 Sausalito,zcta,94965,Sausalito,37.8373471,-122.5274824,1909021,3635,2025-07-31,10,0,Zillow ZIP-level market for Sausalito; mapped with Census 2020 ZCTA 94965 in Marin County.,,3635,Zillow ZORI,
94925 Corte Madera,zcta,94925,Corte Madera,37.9318458,-122.5077378,1849024,,2025-07-31,10,0,Zillow ZIP-level market for Corte Madera; mapped with Census 2020 ZCTA 94925 in Marin County.,,,,
94930 Fairfax,zcta,94930,Fairfax,37.9697928,-122.61533,1232387,,2025-07-31,10,0,Zillow ZIP-level market for Fairfax; mapped with Census 2020 ZCTA 94930 in Marin County.,,,,
94939 Larkspur,zcta,94939,Larkspur,37.9382519,-122.5359478,2438969,3641,2025-07-31,10,0,Zillow ZIP-level market for Larkspur; mapped with Census 2020 ZCTA 94939 in Marin County.,,3641,Zillow ZORI,
94957 Ross,zcta,94957,Ross,37.9634213,-122.5618079,3975922,,2025-07-31,10,0,Zillow ZIP-level market for Ross; mapped with Census 2020 ZCTA 94957 in Marin County.,,,,
94937 Point Reyes Station,zcta,94937,Point Reyes Station,38.1164824,-122.930353,1494250,,2025-07-31,10,0,Zillow ZIP-level market for Point Reyes Station; mapped with Census 2020 ZCTA 94937 in Marin County.,,,,
94924 Bolinas,zcta,94924,Bolinas,37.9669044,-122.7388158,1796265,,2025-07-31,10,0,Zillow ZIP-level market for Bolinas; mapped with Census 2020 ZCTA 94924 in Marin County.,,,,
94963 Lagunitas,zcta,94963,Lagunitas,38.00761,-122.6647483,1306369,,2025-07-31,10,0,Zillow ZIP-level market for Lagunitas; mapped with Census 2020 ZCTA 94963 in Marin County.,,,,
94973 Woodacre,zcta,94973,Woodacre,38.0125906,-122.6394,1084924,,2025-07-31,10,0,Zillow ZIP-level market for Woodacre; mapped with Census 2020 ZCTA 94973 in Marin County.,,,,
94946 Nicasio,zcta,94946,Nicasio,38.0747338,-122.6952645,2049082,,2025-07-31,10,0,Zillow ZIP-level market for Nicasio; mapped with Census 2020 ZCTA 94946 in Marin County.,,,,
94938 Bolinas,zcta,94938,Bolinas,38.0302365,-122.7295132,1027027,,2025-07-31,10,0,Zillow ZIP-level market for Bolinas; mapped with Census 2020 ZCTA 94938 in Marin County.,,,,
94970 Stinson Beach,zcta,94970,Stinson Beach,37.9258817,-122.6598334,3161424,,2025-07-31,10,0,Zillow ZIP-level market for Stinson Beach; mapped with Census 2020 ZCTA 94970 in Marin County.,,,,
94956 Point Reyes Station,zcta,94956,Point Reyes Station,38.0214541,-122.81817,1537271,,2025-07-31,10,0,Zillow ZIP-level market for Point Reyes Station; mapped with Census 2020 ZCTA 94956 in Marin County.,,,,
94940 Marshall,zcta,94940,Marshall,38.2039708,-122.8914816,1428928,,2025-07-31,10,0,Zillow ZIP-level market for Marshall; mapped with Census 2020 ZCTA 94940 in Marin County.,,,,
94933 Lagunitas,zcta,94933,Lagunitas,38.0175021,-122.688148,848356,,2025-07-31,10,0,Zillow ZIP-level market for Lagunitas; mapped with Census 2020 ZCTA 94933 in Marin County.,,,,
94971 Tomales,zcta,94971,Tomales,38.2330285,-122.8969589,1026492,,2025-07-31,10,0,Zillow ZIP-level market for Tomales; mapped with Census 2020 ZCTA 94971 in Marin County.,,,,
94929 nan,zcta,94929,nan,38.2545284,-122.9623709,1393534,,2025-07-31,10,0,Zillow ZIP-level market for nan; mapped with Census 2020 ZCTA 94929 in Marin County.,,,,
94901 San Rafael,zcta,94901,San Rafael,37.980709,-122.5006058,1540277,2882,2025-08-31,10,0,Zillow ZIP-level market for San Rafael; mapped with Census 2020 ZCTA 94901 in Marin County.,,2882,Zillow ZORI,
94941 Mill Valley,zcta,94941,Mill Valley,37.9247747,-122.6001828,2112654,4303,2025-08-31,10,0,Zillow ZIP-level market for Mill Valley; mapped with Census 2020 ZCTA 94941 in Marin County.,,4303,Zillow ZORI,
94903 San Rafael,zcta,94903,San Rafael,38.0221295,-122.55881,1373734,3153,2025-08-31,10,0,Zillow ZIP-level market for San Rafael; mapped with Census 2020 ZCTA 94903 in Marin County.,,3153,Zillow ZORI,
94947 Novato,zcta,94947,Novato,38.1061995,-122.6249851,1076876,3278,2025-08-31,10,0,Zillow ZIP-level market for Novato; mapped with Census 2020 ZCTA 94947 in Marin County.,,3278,Zillow ZORI,
94949 Novato,zcta,94949,Novato,38.0600944,-122.5064097,1412117,3262,2025-08-31,10,0,Zillow ZIP-level market for Novato; mapped with Census 2020 ZCTA 94949 in Marin County.,,3262,Zillow ZORI,
94945 Novato,zcta,94945,Novato,38.1226869,-122.5531417,1137183,,2025-08-31,10,0,Zillow ZIP-level market for Novato; mapped with Census 2020 ZCTA 94945 in Marin County.,,,,
94960 San Anselmo,zcta,94960,San Anselmo,37.9970232,-122.5783384,1660874,,2025-08-31,10,0,Zillow ZIP-level market for San Anselmo; mapped with Census 2020 ZCTA 94960 in Marin County.,,,,
94904 Kentfield,zcta,94904,Kentfield,37.9472249,-122.5517753,2456231,,2025-08-31,10,0,Zillow ZIP-level market for Kentfield; mapped with Census 2020 ZCTA 94904 in Marin County.,,,,
94920 Tiburon,zcta,94920,Tiburon,37.8867683,-122.4626194,3474409,4283,2025-08-31,10,0,Zillow ZIP-level market for Tiburon; mapped with Census 2020 ZCTA 94920 in Marin County.,,4283,Zillow ZORI,
94965 Sausalito,zcta,94965,Sausalito,37.8373471,-122.5274824,1907620,3625,2025-08-31,10,0,Zillow ZIP-level market for Sausalito; mapped with Census 2020 ZCTA 94965 in Marin County.,,3625,Zillow ZORI,
94925 Corte Madera,zcta,94925,Corte Madera,37.9318458,-122.5077378,1843545,,2025-08-31,10,0,Zillow ZIP-level market for Corte Madera; mapped with Census 2020 ZCTA 94925 in Marin County.,,,,
94930 Fairfax,zcta,94930,Fairfax,37.9697928,-122.61533,1231356,,2025-08-31,10,0,Zillow ZIP-level market for Fairfax; mapped with Census 2020 ZCTA 94930 in Marin County.,,,,
94939 Larkspur,zcta,94939,Larkspur,37.9382519,-122.5359478,2435507,3587,2025-08-31,10,0,Zillow ZIP-level market for Larkspur; mapped with Census 2020 ZCTA 94939 in Marin County.,,3587,Zillow ZORI,
94957 Ross,zcta,94957,Ross,37.9634213,-122.5618079,4002626,,2025-08-31,10,0,Zillow ZIP-level market for Ross; mapped with Census 2020 ZCTA 94957 in Marin County.,,,,
94937 Point Reyes Station,zcta,94937,Point Reyes Station,38.1164824,-122.930353,1488499,,2025-08-31,10,0,Zillow ZIP-level market for Point Reyes Station; mapped with Census 2020 ZCTA 94937 in Marin County.,,,,
94924 Bolinas,zcta,94924,Bolinas,37.9669044,-122.7388158,1804969,,2025-08-31,10,0,Zillow ZIP-level market for Bolinas; mapped with Census 2020 ZCTA 94924 in Marin County.,,,,
94963 Lagunitas,zcta,94963,Lagunitas,38.00761,-122.6647483,1301900,,2025-08-31,10,0,Zillow ZIP-level market for Lagunitas; mapped with Census 2020 ZCTA 94963 in Marin County.,,,,
94973 Woodacre,zcta,94973,Woodacre,38.0125906,-122.6394,1092635,,2025-08-31,10,0,Zillow ZIP-level market for Woodacre; mapped with Census 2020 ZCTA 94973 in Marin County.,,,,
94946 Nicasio,zcta,94946,Nicasio,38.0747338,-122.6952645,2051567,,2025-08-31,10,0,Zillow ZIP-level market for Nicasio; mapped with Census 2020 ZCTA 94946 in Marin County.,,,,
94938 Bolinas,zcta,94938,Bolinas,38.0302365,-122.7295132,1020592,,2025-08-31,10,0,Zillow ZIP-level market for Bolinas; mapped with Census 2020 ZCTA 94938 in Marin County.,,,,
94970 Stinson Beach,zcta,94970,Stinson Beach,37.9258817,-122.6598334,3164586,,2025-08-31,10,0,Zillow ZIP-level market for Stinson Beach; mapped with Census 2020 ZCTA 94970 in Marin County.,,,,
94956 Point Reyes Station,zcta,94956,Point Reyes Station,38.0214541,-122.81817,1537897,,2025-08-31,10,0,Zillow ZIP-level market for Point Reyes Station; mapped with Census 2020 ZCTA 94956 in Marin County.,,,,
94940 Marshall,zcta,94940,Marshall,38.2039708,-122.8914816,1426261,,2025-08-31,10,0,Zillow ZIP-level market for Marshall; mapped with Census 2020 ZCTA 94940 in Marin County.,,,,
94933 Lagunitas,zcta,94933,Lagunitas,38.0175021,-122.688148,845603,,2025-08-31,10,0,Zillow ZIP-level market for Lagunitas; mapped with Census 2020 ZCTA 94933 in Marin County.,,,,
94971 Tomales,zcta,94971,Tomales,38.2330285,-122.8969589,1030252,,2025-08-31,10,0,Zillow ZIP-level market for Tomales; mapped with Census 2020 ZCTA 94971 in Marin County.,,,,
94929 nan,zcta,94929,nan,38.2545284,-122.9623709,1398805,,2025-08-31,10,0,Zillow ZIP-level market for nan; mapped with Census 2020 ZCTA 94929 in Marin County.,,,,
94901 San Rafael,zcta,94901,San Rafael,37.980709,-122.5006058,1538669,2873,2025-09-30,10,0,Zillow ZIP-level market for San Rafael; mapped with Census 2020 ZCTA 94901 in Marin County.,,2873,Zillow ZORI,
94941 Mill Valley,zcta,94941,Mill Valley,37.9247747,-122.6001828,2123079,4263,2025-09-30,10,0,Zillow ZIP-level market for Mill Valley; mapped with Census 2020 ZCTA 94941 in Marin County.,,4263,Zillow ZORI,
94903 San Rafael,zcta,94903,San Rafael,38.0221295,-122.55881,1376105,3186,2025-09-30,10,0,Zillow ZIP-level market for San Rafael; mapped with Census 2020 ZCTA 94903 in Marin County.,,3186,Zillow ZORI,
94947 Novato,zcta,94947,Novato,38.1061995,-122.6249851,1076094,3362,2025-09-30,10,0,Zillow ZIP-level market for Novato; mapped with Census 2020 ZCTA 94947 in Marin County.,,3362,Zillow ZORI,
94949 Novato,zcta,94949,Novato,38.0600944,-122.5064097,1413338,3336,2025-09-30,10,0,Zillow ZIP-level market for Novato; mapped with Census 2020 ZCTA 94949 in Marin County.,,3336,Zillow ZORI,
94945 Novato,zcta,94945,Novato,38.1226869,-122.5531417,1136364,,2025-09-30,10,0,Zillow ZIP-level market for Novato; mapped with Census 2020 ZCTA 94945 in Marin County.,,,,
94960 San Anselmo,zcta,94960,San Anselmo,37.9970232,-122.5783384,1670561,,2025-09-30,10,0,Zillow ZIP-level market for San Anselmo; mapped with Census 2020 ZCTA 94960 in Marin County.,,,,
94904 Kentfield,zcta,94904,Kentfield,37.9472249,-122.5517753,2461018,,2025-09-30,10,0,Zillow ZIP-level market for Kentfield; mapped with Census 2020 ZCTA 94904 in Marin County.,,,,
94920 Tiburon,zcta,94920,Tiburon,37.8867683,-122.4626194,3492146,4096,2025-09-30,10,0,Zillow ZIP-level market for Tiburon; mapped with Census 2020 ZCTA 94920 in Marin County.,,4096,Zillow ZORI,
94965 Sausalito,zcta,94965,Sausalito,37.8373471,-122.5274824,1908798,3695,2025-09-30,10,0,Zillow ZIP-level market for Sausalito; mapped with Census 2020 ZCTA 94965 in Marin County.,,3695,Zillow ZORI,
94925 Corte Madera,zcta,94925,Corte Madera,37.9318458,-122.5077378,1848786,,2025-09-30,10,0,Zillow ZIP-level market for Corte Madera; mapped with Census 2020 ZCTA 94925 in Marin County.,,,,
94930 Fairfax,zcta,94930,Fairfax,37.9697928,-122.61533,1235030,,2025-09-30,10,0,Zillow ZIP-level market for Fairfax; mapped with Census 2020 ZCTA 94930 in Marin County.,,,,
94939 Larkspur,zcta,94939,Larkspur,37.9382519,-122.5359478,2441818,3515,2025-09-30,10,0,Zillow ZIP-level market for Larkspur; mapped with Census 2020 ZCTA 94939 in Marin County.,,3515,Zillow ZORI,
94957 Ross,zcta,94957,Ross,37.9634213,-122.5618079,4050421,,2025-09-30,10,0,Zillow ZIP-level market for Ross; mapped with Census 2020 ZCTA 94957 in Marin County.,,,,
94937 Point Reyes Station,zcta,94937,Point Reyes Station,38.1164824,-122.930353,1487088,,2025-09-30,10,0,Zillow ZIP-level market for Point Reyes Station; mapped with Census 2020 ZCTA 94937 in Marin County.,,,,
94924 Bolinas,zcta,94924,Bolinas,37.9669044,-122.7388158,1819073,,2025-09-30,10,0,Zillow ZIP-level market for Bolinas; mapped with Census 2020 ZCTA 94924 in Marin County.,,,,
94963 Lagunitas,zcta,94963,Lagunitas,38.00761,-122.6647483,1299940,,2025-09-30,10,0,Zillow ZIP-level market for Lagunitas; mapped with Census 2020 ZCTA 94963 in Marin County.,,,,
94973 Woodacre,zcta,94973,Woodacre,38.0125906,-122.6394,1102892,,2025-09-30,10,0,Zillow ZIP-level market for Woodacre; mapped with Census 2020 ZCTA 94973 in Marin County.,,,,
94946 Nicasio,zcta,94946,Nicasio,38.0747338,-122.6952645,2059116,,2025-09-30,10,0,Zillow ZIP-level market for Nicasio; mapped with Census 2020 ZCTA 94946 in Marin County.,,,,
94938 Bolinas,zcta,94938,Bolinas,38.0302365,-122.7295132,1019946,,2025-09-30,10,0,Zillow ZIP-level market for Bolinas; mapped with Census 2020 ZCTA 94938 in Marin County.,,,,
94970 Stinson Beach,zcta,94970,Stinson Beach,37.9258817,-122.6598334,3190679,,2025-09-30,10,0,Zillow ZIP-level market for Stinson Beach; mapped with Census 2020 ZCTA 94970 in Marin County.,,,,
94956 Point Reyes Station,zcta,94956,Point Reyes Station,38.0214541,-122.81817,1540329,,2025-09-30,10,0,Zillow ZIP-level market for Point Reyes Station; mapped with Census 2020 ZCTA 94956 in Marin County.,,,,
94940 Marshall,zcta,94940,Marshall,38.2039708,-122.8914816,1432488,,2025-09-30,10,0,Zillow ZIP-level market for Marshall; mapped with Census 2020 ZCTA 94940 in Marin County.,,,,
94933 Lagunitas,zcta,94933,Lagunitas,38.0175021,-122.688148,848396,,2025-09-30,10,0,Zillow ZIP-level market for Lagunitas; mapped with Census 2020 ZCTA 94933 in Marin County.,,,,
94971 Tomales,zcta,94971,Tomales,38.2330285,-122.8969589,1034626,,2025-09-30,10,0,Zillow ZIP-level market for Tomales; mapped with Census 2020 ZCTA 94971 in Marin County.,,,,
94929 nan,zcta,94929,nan,38.2545284,-122.9623709,1403875,,2025-09-30,10,0,Zillow ZIP-level market for nan; mapped with Census 2020 ZCTA 94929 in Marin County.,,,,
94901 San Rafael,zcta,94901,San Rafael,37.980709,-122.5006058,1537126,2861,2025-10-31,10,0,Zillow ZIP-level market for San Rafael; mapped with Census 2020 ZCTA 94901 in Marin County.,,2861,Zillow ZORI,
94941 Mill Valley,zcta,94941,Mill Valley,37.9247747,-122.6001828,2135263,4199,2025-10-31,10,0,Zillow ZIP-level market for Mill Valley; mapped with Census 2020 ZCTA 94941 in Marin County.,,4199,Zillow ZORI,
94903 San Rafael,zcta,94903,San Rafael,38.0221295,-122.55881,1380169,3189,2025-10-31,10,0,Zillow ZIP-level market for San Rafael; mapped with Census 2020 ZCTA 94903 in Marin County.,,3189,Zillow ZORI,
94947 Novato,zcta,94947,Novato,38.1061995,-122.6249851,1077588,3327,2025-10-31,10,0,Zillow ZIP-level market for Novato; mapped with Census 2020 ZCTA 94947 in Marin County.,,3327,Zillow ZORI,
94949 Novato,zcta,94949,Novato,38.0600944,-122.5064097,1414256,3327,2025-10-31,10,0,Zillow ZIP-level market for Novato; mapped with Census 2020 ZCTA 94949 in Marin County.,,3327,Zillow ZORI,
94945 Novato,zcta,94945,Novato,38.1226869,-122.5531417,1136097,,2025-10-31,10,0,Zillow ZIP-level market for Novato; mapped with Census 2020 ZCTA 94945 in Marin County.,,,,
94960 San Anselmo,zcta,94960,San Anselmo,37.9970232,-122.5783384,1676522,,2025-10-31,10,0,Zillow ZIP-level market for San Anselmo; mapped with Census 2020 ZCTA 94960 in Marin County.,,,,
94904 Kentfield,zcta,94904,Kentfield,37.9472249,-122.5517753,2464155,,2025-10-31,10,0,Zillow ZIP-level market for Kentfield; mapped with Census 2020 ZCTA 94904 in Marin County.,,,,
94920 Tiburon,zcta,94920,Tiburon,37.8867683,-122.4626194,3512009,4097,2025-10-31,10,0,Zillow ZIP-level market for Tiburon; mapped with Census 2020 ZCTA 94920 in Marin County.,,4097,Zillow ZORI,
94965 Sausalito,zcta,94965,Sausalito,37.8373471,-122.5274824,1909375,3693,2025-10-31,10,0,Zillow ZIP-level market for Sausalito; mapped with Census 2020 ZCTA 94965 in Marin County.,,3693,Zillow ZORI,
94925 Corte Madera,zcta,94925,Corte Madera,37.9318458,-122.5077378,1860605,5220,2025-10-31,10,0,Zillow ZIP-level market for Corte Madera; mapped with Census 2020 ZCTA 94925 in Marin County.,,5220,Zillow ZORI,
94930 Fairfax,zcta,94930,Fairfax,37.9697928,-122.61533,1239988,,2025-10-31,10,0,Zillow ZIP-level market for Fairfax; mapped with Census 2020 ZCTA 94930 in Marin County.,,,,
94939 Larkspur,zcta,94939,Larkspur,37.9382519,-122.5359478,2448306,3474,2025-10-31,10,0,Zillow ZIP-level market for Larkspur; mapped with Census 2020 ZCTA 94939 in Marin County.,,3474,Zillow ZORI,
94957 Ross,zcta,94957,Ross,37.9634213,-122.5618079,4083494,,2025-10-31,10,0,Zillow ZIP-level market for Ross; mapped with Census 2020 ZCTA 94957 in Marin County.,,,,
94937 Point Reyes Station,zcta,94937,Point Reyes Station,38.1164824,-122.930353,1492727,,2025-10-31,10,0,Zillow ZIP-level market for Point Reyes Station; mapped with Census 2020 ZCTA 94937 in Marin County.,,,,
94924 Bolinas,zcta,94924,Bolinas,37.9669044,-122.7388158,1826342,,2025-10-31,10,0,Zillow ZIP-level market for Bolinas; mapped with Census 2020 ZCTA 94924 in Marin County.,,,,
94963 Lagunitas,zcta,94963,Lagunitas,38.00761,-122.6647483,1298311,,2025-10-31,10,0,Zillow ZIP-level market for Lagunitas; mapped with Census 2020 ZCTA 94963 in Marin County.,,,,
94973 Woodacre,zcta,94973,Woodacre,38.0125906,-122.6394,1113127,,2025-10-31,10,0,Zillow ZIP-level market for Woodacre; mapped with Census 2020 ZCTA 94973 in Marin County.,,,,
94946 Nicasio,zcta,94946,Nicasio,38.0747338,-122.6952645,2065758,,2025-10-31,10,0,Zillow ZIP-level market for Nicasio; mapped with Census 2020 ZCTA 94946 in Marin County.,,,,
94938 Bolinas,zcta,94938,Bolinas,38.0302365,-122.7295132,1024877,,2025-10-31,10,0,Zillow ZIP-level market for Bolinas; mapped with Census 2020 ZCTA 94938 in Marin County.,,,,
94970 Stinson Beach,zcta,94970,Stinson Beach,37.9258817,-122.6598334,3215432,,2025-10-31,10,0,Zillow ZIP-level market for Stinson Beach; mapped with Census 2020 ZCTA 94970 in Marin County.,,,,
94956 Point Reyes Station,zcta,94956,Point Reyes Station,38.0214541,-122.81817,1546042,,2025-10-31,10,0,Zillow ZIP-level market for Point Reyes Station; mapped with Census 2020 ZCTA 94956 in Marin County.,,,,
94940 Marshall,zcta,94940,Marshall,38.2039708,-122.8914816,1445324,,2025-10-31,10,0,Zillow ZIP-level market for Marshall; mapped with Census 2020 ZCTA 94940 in Marin County.,,,,
94933 Lagunitas,zcta,94933,Lagunitas,38.0175021,-122.688148,855649,,2025-10-31,10,0,Zillow ZIP-level market for Lagunitas; mapped with Census 2020 ZCTA 94933 in Marin County.,,,,
94971 Tomales,zcta,94971,Tomales,38.2330285,-122.8969589,1041940,,2025-10-31,10,0,Zillow ZIP-level market for Tomales; mapped with Census 2020 ZCTA 94971 in Marin County.,,,,
94929 nan,zcta,94929,nan,38.2545284,-122.9623709,1402826,,2025-10-31,10,0,Zillow ZIP-level market for nan; mapped with Census 2020 ZCTA 94929 in Marin County.,,,,
94901 San Rafael,zcta,94901,San Rafael,37.980709,-122.5006058,1533507,2790,2025-11-30,10,0,Zillow ZIP-level market for San Rafael; mapped with Census 2020 ZCTA 94901 in Marin County.,,2790,Zillow ZORI,
94941 Mill Valley,zcta,94941,Mill Valley,37.9247747,-122.6001828,2152357,4156,2025-11-30,10,0,Zillow ZIP-level market for Mill Valley; mapped with Census 2020 ZCTA 94941 in Marin County.,,4156,Zillow ZORI,
94903 San Rafael,zcta,94903,San Rafael,38.0221295,-122.55881,1383673,3184,2025-11-30,10,0,Zillow ZIP-level market for San Rafael; mapped with Census 2020 ZCTA 94903 in Marin County.,,3184,Zillow ZORI,
94947 Novato,zcta,94947,Novato,38.1061995,-122.6249851,1079827,3338,2025-11-30,10,0,Zillow ZIP-level market for Novato; mapped with Census 2020 ZCTA 94947 in Marin County.,,3338,Zillow ZORI,
94949 Novato,zcta,94949,Novato,38.0600944,-122.5064097,1415628,3304,2025-11-30,10,0,Zillow ZIP-level market for Novato; mapped with Census 2020 ZCTA 94949 in Marin County.,,3304,Zillow ZORI,
94945 Novato,zcta,94945,Novato,38.1226869,-122.5531417,1134967,,2025-11-30,10,0,Zillow ZIP-level market for Novato; mapped with Census 2020 ZCTA 94945 in Marin County.,,,,
94960 San Anselmo,zcta,94960,San Anselmo,37.9970232,-122.5783384,1684098,,2025-11-30,10,0,Zillow ZIP-level market for San Anselmo; mapped with Census 2020 ZCTA 94960 in Marin County.,,,,
94904 Kentfield,zcta,94904,Kentfield,37.9472249,-122.5517753,2467935,,2025-11-30,10,0,Zillow ZIP-level market for Kentfield; mapped with Census 2020 ZCTA 94904 in Marin County.,,,,
94920 Tiburon,zcta,94920,Tiburon,37.8867683,-122.4626194,3541458,4341,2025-11-30,10,0,Zillow ZIP-level market for Tiburon; mapped with Census 2020 ZCTA 94920 in Marin County.,,4341,Zillow ZORI,
94965 Sausalito,zcta,94965,Sausalito,37.8373471,-122.5274824,1913826,3730,2025-11-30,10,0,Zillow ZIP-level market for Sausalito; mapped with Census 2020 ZCTA 94965 in Marin County.,,3730,Zillow ZORI,
94925 Corte Madera,zcta,94925,Corte Madera,37.9318458,-122.5077378,1881601,5318,2025-11-30,10,0,Zillow ZIP-level market for Corte Madera; mapped with Census 2020 ZCTA 94925 in Marin County.,,5318,Zillow ZORI,
94930 Fairfax,zcta,94930,Fairfax,37.9697928,-122.61533,1246625,,2025-11-30,10,0,Zillow ZIP-level market for Fairfax; mapped with Census 2020 ZCTA 94930 in Marin County.,,,,
94939 Larkspur,zcta,94939,Larkspur,37.9382519,-122.5359478,2462170,3547,2025-11-30,10,0,Zillow ZIP-level market for Larkspur; mapped with Census 2020 ZCTA 94939 in Marin County.,,3547,Zillow ZORI,
94957 Ross,zcta,94957,Ross,37.9634213,-122.5618079,4104125,,2025-11-30,10,0,Zillow ZIP-level market for Ross; mapped with Census 2020 ZCTA 94957 in Marin County.,,,,
94937 Point Reyes Station,zcta,94937,Point Reyes Station,38.1164824,-122.930353,1496292,,2025-11-30,10,0,Zillow ZIP-level market for Point Reyes Station; mapped with Census 2020 ZCTA 94937 in Marin County.,,,,
94924 Bolinas,zcta,94924,Bolinas,37.9669044,-122.7388158,1831947,,2025-11-30,10,0,Zillow ZIP-level market for Bolinas; mapped with Census 2020 ZCTA 94924 in Marin County.,,,,
94963 Lagunitas,zcta,94963,Lagunitas,38.00761,-122.6647483,1304629,,2025-11-30,10,0,Zillow ZIP-level market for Lagunitas; mapped with Census 2020 ZCTA 94963 in Marin County.,,,,
94973 Woodacre,zcta,94973,Woodacre,38.0125906,-122.6394,1120010,,2025-11-30,10,0,Zillow ZIP-level market for Woodacre; mapped with Census 2020 ZCTA 94973 in Marin County.,,,,
94946 Nicasio,zcta,94946,Nicasio,38.0747338,-122.6952645,2070376,,2025-11-30,10,0,Zillow ZIP-level market for Nicasio; mapped with Census 2020 ZCTA 94946 in Marin County.,,,,
94938 Bolinas,zcta,94938,Bolinas,38.0302365,-122.7295132,1038689,,2025-11-30,10,0,Zillow ZIP-level market for Bolinas; mapped with Census 2020 ZCTA 94938 in Marin County.,,,,
94970 Stinson Beach,zcta,94970,Stinson Beach,37.9258817,-122.6598334,3252509,,2025-11-30,10,0,Zillow ZIP-level market for Stinson Beach; mapped with Census 2020 ZCTA 94970 in Marin County.,,,,
94956 Point Reyes Station,zcta,94956,Point Reyes Station,38.0214541,-122.81817,1544526,,2025-11-30,10,0,Zillow ZIP-level market for Point Reyes Station; mapped with Census 2020 ZCTA 94956 in Marin County.,,,,
94940 Marshall,zcta,94940,Marshall,38.2039708,-122.8914816,1459985,,2025-11-30,10,0,Zillow ZIP-level market for Marshall; mapped with Census 2020 ZCTA 94940 in Marin County.,,,,
94933 Lagunitas,zcta,94933,Lagunitas,38.0175021,-122.688148,863732,,2025-11-30,10,0,Zillow ZIP-level market for Lagunitas; mapped with Census 2020 ZCTA 94933 in Marin County.,,,,
94971 Tomales,zcta,94971,Tomales,38.2330285,-122.8969589,1052966,,2025-11-30,10,0,Zillow ZIP-level market for Tomales; mapped with Census 2020 ZCTA 94971 in Marin County.,,,,
94929 nan,zcta,94929,nan,38.2545284,-122.9623709,1400431,,2025-11-30,10,0,Zillow ZIP-level market for nan; mapped with Census 2020 ZCTA 94929 in Marin County.,,,,
94901 San Rafael,zcta,94901,San Rafael,37.980709,-122.5006058,1532061,2773,2025-12-31,10,0,Zillow ZIP-level market for San Rafael; mapped with Census 2020 ZCTA 94901 in Marin County.,,2773,Zillow ZORI,
94941 Mill Valley,zcta,94941,Mill Valley,37.9247747,-122.6001828,2172343,4151,2025-12-31,10,0,Zillow ZIP-level market for Mill Valley; mapped with Census 2020 ZCTA 94941 in Marin County.,,4151,Zillow ZORI,
94903 San Rafael,zcta,94903,San Rafael,38.0221295,-122.55881,1385324,3149,2025-12-31,10,0,Zillow ZIP-level market for San Rafael; mapped with Census 2020 ZCTA 94903 in Marin County.,,3149,Zillow ZORI,
94947 Novato,zcta,94947,Novato,38.1061995,-122.6249851,1081553,3306,2025-12-31,10,0,Zillow ZIP-level market for Novato; mapped with Census 2020 ZCTA 94947 in Marin County.,,3306,Zillow ZORI,
94949 Novato,zcta,94949,Novato,38.0600944,-122.5064097,1418633,3290,2025-12-31,10,0,Zillow ZIP-level market for Novato; mapped with Census 2020 ZCTA 94949 in Marin County.,,3290,Zillow ZORI,
94945 Novato,zcta,94945,Novato,38.1226869,-122.5531417,1134839,,2025-12-31,10,0,Zillow ZIP-level market for Novato; mapped with Census 2020 ZCTA 94945 in Marin County.,,,,
94960 San Anselmo,zcta,94960,San Anselmo,37.9970232,-122.5783384,1690557,,2025-12-31,10,0,Zillow ZIP-level market for San Anselmo; mapped with Census 2020 ZCTA 94960 in Marin County.,,,,
94904 Kentfield,zcta,94904,Kentfield,37.9472249,-122.5517753,2472080,,2025-12-31,10,0,Zillow ZIP-level market for Kentfield; mapped with Census 2020 ZCTA 94904 in Marin County.,,,,
94920 Tiburon,zcta,94920,Tiburon,37.8867683,-122.4626194,3577187,4573,2025-12-31,10,0,Zillow ZIP-level market for Tiburon; mapped with Census 2020 ZCTA 94920 in Marin County.,,4573,Zillow ZORI,
94965 Sausalito,zcta,94965,Sausalito,37.8373471,-122.5274824,1924253,3618,2025-12-31,10,0,Zillow ZIP-level market for Sausalito; mapped with Census 2020 ZCTA 94965 in Marin County.,,3618,Zillow ZORI,
94925 Corte Madera,zcta,94925,Corte Madera,37.9318458,-122.5077378,1902609,5307,2025-12-31,10,0,Zillow ZIP-level market for Corte Madera; mapped with Census 2020 ZCTA 94925 in Marin County.,,5307,Zillow ZORI,
94930 Fairfax,zcta,94930,Fairfax,37.9697928,-122.61533,1252057,,2025-12-31,10,0,Zillow ZIP-level market for Fairfax; mapped with Census 2020 ZCTA 94930 in Marin County.,,,,
94939 Larkspur,zcta,94939,Larkspur,37.9382519,-122.5359478,2480606,3618,2025-12-31,10,0,Zillow ZIP-level market for Larkspur; mapped with Census 2020 ZCTA 94939 in Marin County.,,3618,Zillow ZORI,
94957 Ross,zcta,94957,Ross,37.9634213,-122.5618079,4107241,,2025-12-31,10,0,Zillow ZIP-level market for Ross; mapped with Census 2020 ZCTA 94957 in Marin County.,,,,
94937 Point Reyes Station,zcta,94937,Point Reyes Station,38.1164824,-122.930353,1500273,,2025-12-31,10,0,Zillow ZIP-level market for Point Reyes Station; mapped with Census 2020 ZCTA 94937 in Marin County.,,,,
94924 Bolinas,zcta,94924,Bolinas,37.9669044,-122.7388158,1839122,,2025-12-31,10,0,Zillow ZIP-level market for Bolinas; mapped with Census 2020 ZCTA 94924 in Marin County.,,,,
94963 Lagunitas,zcta,94963,Lagunitas,38.00761,-122.6647483,1311924,,2025-12-31,10,0,Zillow ZIP-level market for Lagunitas; mapped with Census 2020 ZCTA 94963 in Marin County.,,,,
94973 Woodacre,zcta,94973,Woodacre,38.0125906,-122.6394,1122994,,2025-12-31,10,0,Zillow ZIP-level market for Woodacre; mapped with Census 2020 ZCTA 94973 in Marin County.,,,,
94946 Nicasio,zcta,94946,Nicasio,38.0747338,-122.6952645,2074761,,2025-12-31,10,0,Zillow ZIP-level market for Nicasio; mapped with Census 2020 ZCTA 94946 in Marin County.,,,,
94938 Bolinas,zcta,94938,Bolinas,38.0302365,-122.7295132,1050962,,2025-12-31,10,0,Zillow ZIP-level market for Bolinas; mapped with Census 2020 ZCTA 94938 in Marin County.,,,,
94970 Stinson Beach,zcta,94970,Stinson Beach,37.9258817,-122.6598334,3296032,,2025-12-31,10,0,Zillow ZIP-level market for Stinson Beach; mapped with Census 2020 ZCTA 94970 in Marin County.,,,,
94956 Point Reyes Station,zcta,94956,Point Reyes Station,38.0214541,-122.81817,1541828,,2025-12-31,10,0,Zillow ZIP-level market for Point Reyes Station; mapped with Census 2020 ZCTA 94956 in Marin County.,,,,
94940 Marshall,zcta,94940,Marshall,38.2039708,-122.8914816,1475086,,2025-12-31,10,0,Zillow ZIP-level market for Marshall; mapped with Census 2020 ZCTA 94940 in Marin County.,,,,
94933 Lagunitas,zcta,94933,Lagunitas,38.0175021,-122.688148,869162,,2025-12-31,10,0,Zillow ZIP-level market for Lagunitas; mapped with Census 2020 ZCTA 94933 in Marin County.,,,,
94971 Tomales,zcta,94971,Tomales,38.2330285,-122.8969589,1067373,,2025-12-31,10,0,Zillow ZIP-level market for Tomales; mapped with Census 2020 ZCTA 94971 in Marin County.,,,,
94929 nan,zcta,94929,nan,38.2545284,-122.9623709,1398321,,2025-12-31,10,0,Zillow ZIP-level market for nan; mapped with Census 2020 ZCTA 94929 in Marin County.,,,,
94901 San Rafael,zcta,94901,San Rafael,37.980709,-122.5006058,1533856,2773,2026-01-31,10,0,Zillow ZIP-level market for San Rafael; mapped with Census 2020 ZCTA 94901 in Marin County.,,2773,Zillow ZORI,
94941 Mill Valley,zcta,94941,Mill Valley,37.9247747,-122.6001828,2192737,4215,2026-01-31,10,0,Zillow ZIP-level market for Mill Valley; mapped with Census 2020 ZCTA 94941 in Marin County.,,4215,Zillow ZORI,
94903 San Rafael,zcta,94903,San Rafael,38.0221295,-122.55881,1386510,3079,2026-01-31,10,0,Zillow ZIP-level market for San Rafael; mapped with Census 2020 ZCTA 94903 in Marin County.,,3079,Zillow ZORI,
94947 Novato,zcta,94947,Novato,38.1061995,-122.6249851,1083077,3377,2026-01-31,10,0,Zillow ZIP-level market for Novato; mapped with Census 2020 ZCTA 94947 in Marin County.,,3377,Zillow ZORI,
94949 Novato,zcta,94949,Novato,38.0600944,-122.5064097,1422696,3258,2026-01-31,10,0,Zillow ZIP-level market for Novato; mapped with Census 2020 ZCTA 94949 in Marin County.,,3258,Zillow ZORI,
94945 Novato,zcta,94945,Novato,38.1226869,-122.5531417,1135214,,2026-01-31,10,0,Zillow ZIP-level market for Novato; mapped with Census 2020 ZCTA 94945 in Marin County.,,,,
94960 San Anselmo,zcta,94960,San Anselmo,37.9970232,-122.5783384,1697120,3616,2026-01-31,10,0,Zillow ZIP-level market for San Anselmo; mapped with Census 2020 ZCTA 94960 in Marin County.,,3616,Zillow ZORI,
94904 Kentfield,zcta,94904,Kentfield,37.9472249,-122.5517753,2484853,,2026-01-31,10,0,Zillow ZIP-level market for Kentfield; mapped with Census 2020 ZCTA 94904 in Marin County.,,,,
94920 Tiburon,zcta,94920,Tiburon,37.8867683,-122.4626194,3612168,4755,2026-01-31,10,0,Zillow ZIP-level market for Tiburon; mapped with Census 2020 ZCTA 94920 in Marin County.,,4755,Zillow ZORI,
94965 Sausalito,zcta,94965,Sausalito,37.8373471,-122.5274824,1933279,3730,2026-01-31,10,0,Zillow ZIP-level market for Sausalito; mapped with Census 2020 ZCTA 94965 in Marin County.,,3730,Zillow ZORI,
94925 Corte Madera,zcta,94925,Corte Madera,37.9318458,-122.5077378,1920568,5328,2026-01-31,10,0,Zillow ZIP-level market for Corte Madera; mapped with Census 2020 ZCTA 94925 in Marin County.,,5328,Zillow ZORI,
94930 Fairfax,zcta,94930,Fairfax,37.9697928,-122.61533,1255807,,2026-01-31,10,0,Zillow ZIP-level market for Fairfax; mapped with Census 2020 ZCTA 94930 in Marin County.,,,,
94939 Larkspur,zcta,94939,Larkspur,37.9382519,-122.5359478,2501238,3664,2026-01-31,10,0,Zillow ZIP-level market for Larkspur; mapped with Census 2020 ZCTA 94939 in Marin County.,,3664,Zillow ZORI,
94957 Ross,zcta,94957,Ross,37.9634213,-122.5618079,4108593,,2026-01-31,10,0,Zillow ZIP-level market for Ross; mapped with Census 2020 ZCTA 94957 in Marin County.,,,,
94937 Point Reyes Station,zcta,94937,Point Reyes Station,38.1164824,-122.930353,1507942,,2026-01-31,10,0,Zillow ZIP-level market for Point Reyes Station; mapped with Census 2020 ZCTA 94937 in Marin County.,,,,
94924 Bolinas,zcta,94924,Bolinas,37.9669044,-122.7388158,1855973,,2026-01-31,10,0,Zillow ZIP-level market for Bolinas; mapped with Census 2020 ZCTA 94924 in Marin County.,,,,
94963 Lagunitas,zcta,94963,Lagunitas,38.00761,-122.6647483,1315958,,2026-01-31,10,0,Zillow ZIP-level market for Lagunitas; mapped with Census 2020 ZCTA 94963 in Marin County.,,,,
94973 Woodacre,zcta,94973,Woodacre,38.0125906,-122.6394,1124817,,2026-01-31,10,0,Zillow ZIP-level market for Woodacre; mapped with Census 2020 ZCTA 94973 in Marin County.,,,,
94946 Nicasio,zcta,94946,Nicasio,38.0747338,-122.6952645,2083207,,2026-01-31,10,0,Zillow ZIP-level market for Nicasio; mapped with Census 2020 ZCTA 94946 in Marin County.,,,,
94938 Bolinas,zcta,94938,Bolinas,38.0302365,-122.7295132,1059446,,2026-01-31,10,0,Zillow ZIP-level market for Bolinas; mapped with Census 2020 ZCTA 94938 in Marin County.,,,,
94970 Stinson Beach,zcta,94970,Stinson Beach,37.9258817,-122.6598334,3338866,,2026-01-31,10,0,Zillow ZIP-level market for Stinson Beach; mapped with Census 2020 ZCTA 94970 in Marin County.,,,,
94956 Point Reyes Station,zcta,94956,Point Reyes Station,38.0214541,-122.81817,1539388,,2026-01-31,10,0,Zillow ZIP-level market for Point Reyes Station; mapped with Census 2020 ZCTA 94956 in Marin County.,,,,
94940 Marshall,zcta,94940,Marshall,38.2039708,-122.8914816,1491155,,2026-01-31,10,0,Zillow ZIP-level market for Marshall; mapped with Census 2020 ZCTA 94940 in Marin County.,,,,
94933 Lagunitas,zcta,94933,Lagunitas,38.0175021,-122.688148,870660,,2026-01-31,10,0,Zillow ZIP-level market for Lagunitas; mapped with Census 2020 ZCTA 94933 in Marin County.,,,,
94971 Tomales,zcta,94971,Tomales,38.2330285,-122.8969589,1080154,,2026-01-31,10,0,Zillow ZIP-level market for Tomales; mapped with Census 2020 ZCTA 94971 in Marin County.,,,,
94929 nan,zcta,94929,nan,38.2545284,-122.9623709,1401050,,2026-01-31,10,0,Zillow ZIP-level market for nan; mapped with Census 2020 ZCTA 94929 in Marin County.,,,,
94901 San Rafael,zcta,94901,San Rafael,37.980709,-122.5006058,1539363,2819,2026-02-28,10,0,Zillow ZIP-level market for San Rafael; mapped with Census 2020 ZCTA 94901 in Marin County.,,2819,Zillow ZORI,
94941 Mill Valley,zcta,94941,Mill Valley,37.9247747,-122.6001828,2211184,4245,2026-02-28,10,0,Zillow ZIP-level market for Mill Valley; mapped with Census 2020 ZCTA 94941 in Marin County.,,4245,Zillow ZORI,
94903 San Rafael,zcta,94903,San Rafael,38.0221295,-122.55881,1388692,3059,2026-02-28,10,0,Zillow ZIP-level market for San Rafael; mapped with Census 2020 ZCTA 94903 in Marin County.,,3059,Zillow ZORI,
94947 Novato,zcta,94947,Novato,38.1061995,-122.6249851,1086116,3422,2026-02-28,10,0,Zillow ZIP-level market for Novato; mapped with Census 2020 ZCTA 94947 in Marin County.,,3422,Zillow ZORI,
94949 Novato,zcta,94949,Novato,38.0600944,-122.5064097,1427654,3228,2026-02-28,10,0,Zillow ZIP-level market for Novato; mapped with Census 2020 ZCTA 94949 in Marin County.,,3228,Zillow ZORI,
94945 Novato,zcta,94945,Novato,38.1226869,-122.5531417,1138751,,2026-02-28,10,0,Zillow ZIP-level market for Novato; mapped with Census 2020 ZCTA 94945 in Marin County.,,,,
94960 San Anselmo,zcta,94960,San Anselmo,37.9970232,-122.5783384,1705346,3731,2026-02-28,10,0,Zillow ZIP-level market for San Anselmo; mapped with Census 2020 ZCTA 94960 in Marin County.,,3731,Zillow ZORI,
94904 Kentfield,zcta,94904,Kentfield,37.9472249,-122.5517753,2502235,,2026-02-28,10,0,Zillow ZIP-level market for Kentfield; mapped with Census 2020 ZCTA 94904 in Marin County.,,,,
94920 Tiburon,zcta,94920,Tiburon,37.8867683,-122.4626194,3642948,4622,2026-02-28,10,0,Zillow ZIP-level market for Tiburon; mapped with Census 2020 ZCTA 94920 in Marin County.,,4622,Zillow ZORI,
94965 Sausalito,zcta,94965,Sausalito,37.8373471,-122.5274824,1939025,3745,2026-02-28,10,0,Zillow ZIP-level market for Sausalito; mapped with Census 2020 ZCTA 94965 in Marin County.,,3745,Zillow ZORI,
94925 Corte Madera,zcta,94925,Corte Madera,37.9318458,-122.5077378,1935026,5459,2026-02-28,10,0,Zillow ZIP-level market for Corte Madera; mapped with Census 2020 ZCTA 94925 in Marin County.,,5459,Zillow ZORI,
94930 Fairfax,zcta,94930,Fairfax,37.9697928,-122.61533,1261208,,2026-02-28,10,0,Zillow ZIP-level market for Fairfax; mapped with Census 2020 ZCTA 94930 in Marin County.,,,,
94939 Larkspur,zcta,94939,Larkspur,37.9382519,-122.5359478,2520399,3666,2026-02-28,10,0,Zillow ZIP-level market for Larkspur; mapped with Census 2020 ZCTA 94939 in Marin County.,,3666,Zillow ZORI,
94957 Ross,zcta,94957,Ross,37.9634213,-122.5618079,4113724,,2026-02-28,10,0,Zillow ZIP-level market for Ross; mapped with Census 2020 ZCTA 94957 in Marin County.,,,,
94937 Point Reyes Station,zcta,94937,Point Reyes Station,38.1164824,-122.930353,1515792,,2026-02-28,10,0,Zillow ZIP-level market for Point Reyes Station; mapped with Census 2020 ZCTA 94937 in Marin County.,,,,
94924 Bolinas,zcta,94924,Bolinas,37.9669044,-122.7388158,1878500,,2026-02-28,10,0,Zillow ZIP-level market for Bolinas; mapped with Census 2020 ZCTA 94924 in Marin County.,,,,
94963 Lagunitas,zcta,94963,Lagunitas,38.00761,-122.6647483,1316635,,2026-02-28,10,0,Zillow ZIP-level market for Lagunitas; mapped with Census 2020 ZCTA 94963 in Marin County.,,,,
94973 Woodacre,zcta,94973,Woodacre,38.0125906,-122.6394,1124358,,2026-02-28,10,0,Zillow ZIP-level market for Woodacre; mapped with Census 2020 ZCTA 94973 in Marin County.,,,,
94946 Nicasio,zcta,94946,Nicasio,38.0747338,-122.6952645,2084246,,2026-02-28,10,0,Zillow ZIP-level market for Nicasio; mapped with Census 2020 ZCTA 94946 in Marin County.,,,,
94938 Bolinas,zcta,94938,Bolinas,38.0302365,-122.7295132,1063052,,2026-02-28,10,0,Zillow ZIP-level market for Bolinas; mapped with Census 2020 ZCTA 94938 in Marin County.,,,,
94970 Stinson Beach,zcta,94970,Stinson Beach,37.9258817,-122.6598334,3374130,,2026-02-28,10,0,Zillow ZIP-level market for Stinson Beach; mapped with Census 2020 ZCTA 94970 in Marin County.,,,,
94956 Point Reyes Station,zcta,94956,Point Reyes Station,38.0214541,-122.81817,1540709,,2026-02-28,10,0,Zillow ZIP-level market for Point Reyes Station; mapped with Census 2020 ZCTA 94956 in Marin County.,,,,
94940 Marshall,zcta,94940,Marshall,38.2039708,-122.8914816,1510896,,2026-02-28,10,0,Zillow ZIP-level market for Marshall; mapped with Census 2020 ZCTA 94940 in Marin County.,,,,
94933 Lagunitas,zcta,94933,Lagunitas,38.0175021,-122.688148,873854,,2026-02-28,10,0,Zillow ZIP-level market for Lagunitas; mapped with Census 2020 ZCTA 94933 in Marin County.,,,,
94971 Tomales,zcta,94971,Tomales,38.2330285,-122.8969589,1091668,,2026-02-28,10,0,Zillow ZIP-level market for Tomales; mapped with Census 2020 ZCTA 94971 in Marin County.,,,,
94929 nan,zcta,94929,nan,38.2545284,-122.9623709,1407516,,2026-02-28,10,0,Zillow ZIP-level market for nan; mapped with Census 2020 ZCTA 94929 in Marin County.,,,,
94901 San Rafael,zcta,94901,San Rafael,37.980709,-122.5006058,1544908,2851,2026-03-31,10,0,Zillow ZIP-level market for San Rafael; mapped with Census 2020 ZCTA 94901 in Marin County.,,2851,Zillow ZORI,
94941 Mill Valley,zcta,94941,Mill Valley,37.9247747,-122.6001828,2224568,4381,2026-03-31,10,0,Zillow ZIP-level market for Mill Valley; mapped with Census 2020 ZCTA 94941 in Marin County.,,4381,Zillow ZORI,
94903 San Rafael,zcta,94903,San Rafael,38.0221295,-122.55881,1394023,3078,2026-03-31,10,0,Zillow ZIP-level market for San Rafael; mapped with Census 2020 ZCTA 94903 in Marin County.,,3078,Zillow ZORI,
94947 Novato,zcta,94947,Novato,38.1061995,-122.6249851,1091883,3433,2026-03-31,10,0,Zillow ZIP-level market for Novato; mapped with Census 2020 ZCTA 94947 in Marin County.,,3433,Zillow ZORI,
94949 Novato,zcta,94949,Novato,38.0600944,-122.5064097,1433402,3206,2026-03-31,10,0,Zillow ZIP-level market for Novato; mapped with Census 2020 ZCTA 94949 in Marin County.,,3206,Zillow ZORI,
94945 Novato,zcta,94945,Novato,38.1226869,-122.5531417,1144123,4357,2026-03-31,10,0,Zillow ZIP-level market for Novato; mapped with Census 2020 ZCTA 94945 in Marin County.,,4357,Zillow ZORI,
94960 San Anselmo,zcta,94960,San Anselmo,37.9970232,-122.5783384,1710821,3671,2026-03-31,10,0,Zillow ZIP-level market for San Anselmo; mapped with Census 2020 ZCTA 94960 in Marin County.,,3671,Zillow ZORI,
94904 Kentfield,zcta,94904,Kentfield,37.9472249,-122.5517753,2520152,,2026-03-31,10,0,Zillow ZIP-level market for Kentfield; mapped with Census 2020 ZCTA 94904 in Marin County.,,,,
94920 Tiburon,zcta,94920,Tiburon,37.8867683,-122.4626194,3665124,4811,2026-03-31,10,0,Zillow ZIP-level market for Tiburon; mapped with Census 2020 ZCTA 94920 in Marin County.,,4811,Zillow ZORI,
94965 Sausalito,zcta,94965,Sausalito,37.8373471,-122.5274824,1938883,3874,2026-03-31,10,0,Zillow ZIP-level market for Sausalito; mapped with Census 2020 ZCTA 94965 in Marin County.,,3874,Zillow ZORI,
94925 Corte Madera,zcta,94925,Corte Madera,37.9318458,-122.5077378,1947805,5453,2026-03-31,10,0,Zillow ZIP-level market for Corte Madera; mapped with Census 2020 ZCTA 94925 in Marin County.,,5453,Zillow ZORI,
94930 Fairfax,zcta,94930,Fairfax,37.9697928,-122.61533,1266277,,2026-03-31,10,0,Zillow ZIP-level market for Fairfax; mapped with Census 2020 ZCTA 94930 in Marin County.,,,,
94939 Larkspur,zcta,94939,Larkspur,37.9382519,-122.5359478,2535933,3688,2026-03-31,10,0,Zillow ZIP-level market for Larkspur; mapped with Census 2020 ZCTA 94939 in Marin County.,,3688,Zillow ZORI,
94957 Ross,zcta,94957,Ross,37.9634213,-122.5618079,4120966,,2026-03-31,10,0,Zillow ZIP-level market for Ross; mapped with Census 2020 ZCTA 94957 in Marin County.,,,,
94937 Point Reyes Station,zcta,94937,Point Reyes Station,38.1164824,-122.930353,1523087,,2026-03-31,10,0,Zillow ZIP-level market for Point Reyes Station; mapped with Census 2020 ZCTA 94937 in Marin County.,,,,
94924 Bolinas,zcta,94924,Bolinas,37.9669044,-122.7388158,1900930,,2026-03-31,10,0,Zillow ZIP-level market for Bolinas; mapped with Census 2020 ZCTA 94924 in Marin County.,,,,
94963 Lagunitas,zcta,94963,Lagunitas,38.00761,-122.6647483,1320409,,2026-03-31,10,0,Zillow ZIP-level market for Lagunitas; mapped with Census 2020 ZCTA 94963 in Marin County.,,,,
94973 Woodacre,zcta,94973,Woodacre,38.0125906,-122.6394,1123779,,2026-03-31,10,0,Zillow ZIP-level market for Woodacre; mapped with Census 2020 ZCTA 94973 in Marin County.,,,,
94946 Nicasio,zcta,94946,Nicasio,38.0747338,-122.6952645,2088600,,2026-03-31,10,0,Zillow ZIP-level market for Nicasio; mapped with Census 2020 ZCTA 94946 in Marin County.,,,,
94938 Bolinas,zcta,94938,Bolinas,38.0302365,-122.7295132,1068861,,2026-03-31,10,0,Zillow ZIP-level market for Bolinas; mapped with Census 2020 ZCTA 94938 in Marin County.,,,,
94970 Stinson Beach,zcta,94970,Stinson Beach,37.9258817,-122.6598334,3396259,,2026-03-31,10,0,Zillow ZIP-level market for Stinson Beach; mapped with Census 2020 ZCTA 94970 in Marin County.,,,,
94956 Point Reyes Station,zcta,94956,Point Reyes Station,38.0214541,-122.81817,1544363,,2026-03-31,10,0,Zillow ZIP-level market for Point Reyes Station; mapped with Census 2020 ZCTA 94956 in Marin County.,,,,
94940 Marshall,zcta,94940,Marshall,38.2039708,-122.8914816,1528768,,2026-03-31,10,0,Zillow ZIP-level market for Marshall; mapped with Census 2020 ZCTA 94940 in Marin County.,,,,
94933 Lagunitas,zcta,94933,Lagunitas,38.0175021,-122.688148,880201,,2026-03-31,10,0,Zillow ZIP-level market for Lagunitas; mapped with Census 2020 ZCTA 94933 in Marin County.,,,,
94971 Tomales,zcta,94971,Tomales,38.2330285,-122.8969589,1103509,,2026-03-31,10,0,Zillow ZIP-level market for Tomales; mapped with Census 2020 ZCTA 94971 in Marin County.,,,,
94929 nan,zcta,94929,nan,38.2545284,-122.9623709,1413627,,2026-03-31,10,0,Zillow ZIP-level market for nan; mapped with Census 2020 ZCTA 94929 in Marin County.,,,,
94901 San Rafael,zcta,94901,San Rafael,37.980709,-122.5006058,1549424,2875,2026-04-30,10,0,Zillow ZIP-level market for San Rafael; mapped with Census 2020 ZCTA 94901 in Marin County.,,2875,Zillow ZORI,
94941 Mill Valley,zcta,94941,Mill Valley,37.9247747,-122.6001828,2235783,4394,2026-04-30,10,0,Zillow ZIP-level market for Mill Valley; mapped with Census 2020 ZCTA 94941 in Marin County.,,4394,Zillow ZORI,
94903 San Rafael,zcta,94903,San Rafael,38.0221295,-122.55881,1399990,3142,2026-04-30,10,0,Zillow ZIP-level market for San Rafael; mapped with Census 2020 ZCTA 94903 in Marin County.,,3142,Zillow ZORI,
94947 Novato,zcta,94947,Novato,38.1061995,-122.6249851,1095469,3495,2026-04-30,10,0,Zillow ZIP-level market for Novato; mapped with Census 2020 ZCTA 94947 in Marin County.,,3495,Zillow ZORI,
94949 Novato,zcta,94949,Novato,38.0600944,-122.5064097,1438767,3240,2026-04-30,10,0,Zillow ZIP-level market for Novato; mapped with Census 2020 ZCTA 94949 in Marin County.,,3240,Zillow ZORI,
94945 Novato,zcta,94945,Novato,38.1226869,-122.5531417,1148023,4487,2026-04-30,10,0,Zillow ZIP-level market for Novato; mapped with Census 2020 ZCTA 94945 in Marin County.,,4487,Zillow ZORI,
94960 San Anselmo,zcta,94960,San Anselmo,37.9970232,-122.5783384,1717594,3695,2026-04-30,10,0,Zillow ZIP-level market for San Anselmo; mapped with Census 2020 ZCTA 94960 in Marin County.,,3695,Zillow ZORI,
94904 Kentfield,zcta,94904,Kentfield,37.9472249,-122.5517753,2535123,,2026-04-30,10,0,Zillow ZIP-level market for Kentfield; mapped with Census 2020 ZCTA 94904 in Marin County.,,,,
94920 Tiburon,zcta,94920,Tiburon,37.8867683,-122.4626194,3685126,4878,2026-04-30,10,0,Zillow ZIP-level market for Tiburon; mapped with Census 2020 ZCTA 94920 in Marin County.,,4878,Zillow ZORI,
94965 Sausalito,zcta,94965,Sausalito,37.8373471,-122.5274824,1941328,3746,2026-04-30,10,0,Zillow ZIP-level market for Sausalito; mapped with Census 2020 ZCTA 94965 in Marin County.,,3746,Zillow ZORI,
94925 Corte Madera,zcta,94925,Corte Madera,37.9318458,-122.5077378,1956158,5685,2026-04-30,10,0,Zillow ZIP-level market for Corte Madera; mapped with Census 2020 ZCTA 94925 in Marin County.,,5685,Zillow ZORI,
94930 Fairfax,zcta,94930,Fairfax,37.9697928,-122.61533,1271494,,2026-04-30,10,0,Zillow ZIP-level market for Fairfax; mapped with Census 2020 ZCTA 94930 in Marin County.,,,,
94939 Larkspur,zcta,94939,Larkspur,37.9382519,-122.5359478,2549594,3697,2026-04-30,10,0,Zillow ZIP-level market for Larkspur; mapped with Census 2020 ZCTA 94939 in Marin County.,,3697,Zillow ZORI,
94957 Ross,zcta,94957,Ross,37.9634213,-122.5618079,4146406,,2026-04-30,10,0,Zillow ZIP-level market for Ross; mapped with Census 2020 ZCTA 94957 in Marin County.,,,,
94937 Point Reyes Station,zcta,94937,Point Reyes Station,38.1164824,-122.930353,1530678,,2026-04-30,10,0,Zillow ZIP-level market for Point Reyes Station; mapped with Census 2020 ZCTA 94937 in Marin County.,,,,
94924 Bolinas,zcta,94924,Bolinas,37.9669044,-122.7388158,1918423,,2026-04-30,10,0,Zillow ZIP-level market for Bolinas; mapped with Census 2020 ZCTA 94924 in Marin County.,,,,
94963 Lagunitas,zcta,94963,Lagunitas,38.00761,-122.6647483,1327974,,2026-04-30,10,0,Zillow ZIP-level market for Lagunitas; mapped with Census 2020 ZCTA 94963 in Marin County.,,,,
94973 Woodacre,zcta,94973,Woodacre,38.0125906,-122.6394,1122685,,2026-04-30,10,0,Zillow ZIP-level market for Woodacre; mapped with Census 2020 ZCTA 94973 in Marin County.,,,,
94946 Nicasio,zcta,94946,Nicasio,38.0747338,-122.6952645,2090614,,2026-04-30,10,0,Zillow ZIP-level market for Nicasio; mapped with Census 2020 ZCTA 94946 in Marin County.,,,,
94938 Bolinas,zcta,94938,Bolinas,38.0302365,-122.7295132,1075078,,2026-04-30,10,0,Zillow ZIP-level market for Bolinas; mapped with Census 2020 ZCTA 94938 in Marin County.,,,,
94970 Stinson Beach,zcta,94970,Stinson Beach,37.9258817,-122.6598334,3414657,,2026-04-30,10,0,Zillow ZIP-level market for Stinson Beach; mapped with Census 2020 ZCTA 94970 in Marin County.,,,,
94956 Point Reyes Station,zcta,94956,Point Reyes Station,38.0214541,-122.81817,1548771,,2026-04-30,10,0,Zillow ZIP-level market for Point Reyes Station; mapped with Census 2020 ZCTA 94956 in Marin County.,,,,
94940 Marshall,zcta,94940,Marshall,38.2039708,-122.8914816,1542225,,2026-04-30,10,0,Zillow ZIP-level market for Marshall; mapped with Census 2020 ZCTA 94940 in Marin County.,,,,
94933 Lagunitas,zcta,94933,Lagunitas,38.0175021,-122.688148,887970,,2026-04-30,10,0,Zillow ZIP-level market for Lagunitas; mapped with Census 2020 ZCTA 94933 in Marin County.,,,,
94971 Tomales,zcta,94971,Tomales,38.2330285,-122.8969589,1111561,,2026-04-30,10,0,Zillow ZIP-level market for Tomales; mapped with Census 2020 ZCTA 94971 in Marin County.,,,,
94929 nan,zcta,94929,nan,38.2545284,-122.9623709,1418294,,2026-04-30,10,0,Zillow ZIP-level market for nan; mapped with Census 2020 ZCTA 94929 in Marin County.,,,,
