{"type": "FeatureCollection", "features": [{"type": "Feature", "geometry": {"type": "Polygon", "coordinates": [[[-120.63179500019254, 38.34602700004025], [-120.63180100004033, 38.34556599980346], [-120.63057199962878, 38.343727000012514], [-120.630565999781, 38.34225299987388], [-120.63093300020213, 38.34109999971163], [-120.63104700000493, 38.34074099990611], [-120.63108600036298, 38.34060299992556], [-120.63128999967918, 38.34026300032216], [-120.63178299959867, 38.3399470002216], [-120.63227399986836, 38.3398120002802], [-120.63337199986036, 38.33983800033544], [-120.63668799957763, 38.34069100003542], [-120.637085000136, 38.34075100001706], [-120.63775799998055, 38.34085399974039], [-120.6385069999931, 38.34083500004872], [-120.63946100004502, 38.3404289996979], [-120.63989600023824, 38.3399759996595], [-120.64024500021767, 38.33938500012448], [-120.64073700031227, 38.339000999752486], [-120.64226899977422, 38.3385060000243], [-120.64383100027173, 38.33762400030023], [-120.644582999759, 38.33696699984049], [-120.64626599973198, 38.33481200023481], [-120.64661300006165, 38.33458599986275], [-120.64753799980126, 38.33454399975957], [-120.6485189996174, 38.33466100033874], [-120.65155499985053, 38.333988999985394], [-120.65268200015485, 38.33342399977196], [-120.65395500004902, 38.33258799969683], [-120.65589400011505, 38.3311159996904], [-120.65650000001247, 38.33091199976233], [-120.65739499961488, 38.3308490002799], [-120.65898300005162, 38.331559000192186], [-120.66013700012013, 38.331743999746465], [-120.66331200027044, 38.33184599966821], [-120.6652759995525, 38.33169300008412], [-120.66692300043881, 38.33149400000811], [-120.66830900031091, 38.33115699973445], [-120.6692950001499, 38.33076200013286], [-120.66958499967981, 38.330492000299195], [-120.67002999991874, 38.3303080003112], [-120.67035600033198, 38.33005100021628], [-120.67065099988477, 38.32955899980901], [-120.67094700016077, 38.329301999876705], [-120.67219199956753, 38.32913399975191], [-120.67260800039246, 38.329249999946796], [-120.67317199955876, 38.32964599999091], [-120.67359099985842, 38.330580000005774], [-120.67400599996012, 38.33081199980895], [-120.67445100019904, 38.33081199980895], [-120.67492499985197, 38.330693000184894], [-120.67572499991813, 38.330175999863535], [-120.67610900005769, 38.32982599974411], [-120.67634400023434, 38.329146999934835], [-120.67645999968698, 38.328561999963746], [-120.67684499965142, 38.32821199980136], [-120.67800100026807, 38.32767099987916], [-120.67939100033811, 38.3265699999914], [-120.67989400030336, 38.326335000002715], [-120.68158300012414, 38.325910000067324], [-120.68288699998047, 38.325183000242355], [-120.6830939996697, 38.32513600025183], [-120.68356900004586, 38.32466700010169], [-120.68440900029498, 38.32334999987751], [-120.68512700034537, 38.32180700033878], [-120.68584600022069, 38.32030899983861], [-120.6864520001181, 38.31972000006395], [-120.68720299978044, 38.31929000033308], [-120.68818399959659, 38.318882999682465], [-120.69239599963952, 38.317940000143906], [-120.69415499978051, 38.31783100028015], [-120.6983350000364, 38.318114000104124], [-120.69899899966012, 38.318002000161414], [-120.70003700027596, 38.31764199997928], [-120.70012599996444, 38.31778100010678], [-120.70142599962277, 38.31698000026864], [-120.70301999990734, 38.31631400030973], [-120.70677300036596, 38.31573200010558], [-120.71085099961626, 38.31544500025661], [-120.71262700037401, 38.31521299989959], [-120.71358300007579, 38.3149000002802], [-120.71401099969795, 38.31409199986513], [-120.71441699957883, 38.313564999915215], [-120.71473499959612, 38.3133820001308], [-120.71560599980741, 38.313312999849494], [-120.71607199996274, 38.31338099995351], [-120.7171749999776, 38.313403000325906], [-120.71781400038529, 38.31328800032384], [-120.71797500004377, 38.313296000342184], [-120.71899600004286, 38.31298700022732], [-120.7203500001279, 38.31267700001851], [-120.72072699969644, 38.312566000324104], [-120.72082399978082, 38.31254000035209], [-120.72084999972009, 38.31252899968337], [-120.721110999836, 38.31239000006032], [-120.7219209999479, 38.31158700017669], [-120.72235399959295, 38.31128799977573], [-120.72380599958727, 38.311006999809926], [-120.72490799977724, 38.310498999892594], [-120.72870499971847, 38.30897399969868], [-120.73099600013701, 38.30795800024979], [-120.73186599962504, 38.307702000119725], [-120.7328819996013, 38.30769799980216], [-120.7346290000467, 38.30833199980677], [-120.7374729997609, 38.30800000025094], [-120.73828600024588, 38.30776800004144], [-120.73932700033643, 38.306826000019775], [-120.74091900007284, 38.30590300014313], [-120.74177500021553, 38.305225000006466], [-120.74206499974542, 38.30496000027877], [-120.74213900026358, 38.304768000083996], [-120.74227599963262, 38.30466100004864], [-120.74233900028013, 38.304619000228776], [-120.74245599955769, 38.304414000154885], [-120.74592299978602, 38.30061100020042], [-120.74932600044029, 38.29825000020197], [-120.74944299971783, 38.29809000031505], [-120.74951300003802, 38.29803500009618], [-120.7500829999504, 38.297652999989275], [-120.75018599988256, 38.297602000313745], [-120.7502720000963, 38.2977560003306], [-120.75034300024141, 38.29756299970829], [-120.75038599989911, 38.297505999707546], [-120.75042799973193, 38.29745000005903], [-120.75104500039828, 38.296631000260994], [-120.75131599966161, 38.296484999728975], [-120.75169399995342, 38.29594199981751], [-120.75191400006143, 38.295265000072604], [-120.75205999965128, 38.294816999822906], [-120.75238500023961, 38.293650999931494], [-120.7524549996615, 38.293442000192385], [-120.75271999997535, 38.292655000297536], [-120.75289099967961, 38.291555000080784], [-120.75321799991774, 38.29035700034181], [-120.75323600035942, 38.29029199988162], [-120.75399299986955, 38.28917399977572], [-120.75444200030643, 38.288468999872016], [-120.75491400030954, 38.288266000337124], [-120.755664000147, 38.28819899977552], [-120.75633299979359, 38.288383000159186], [-120.75661099962792, 38.28860400024869], [-120.75697200020127, 38.28889000002914], [-120.7577549996507, 38.28958400015579], [-120.75859800027287, 38.28984799984531], [-120.75874999971053, 38.28987400019547], [-120.7596779998232, 38.290030999779646], [-120.76073599963223, 38.29000399969118], [-120.76186499958636, 38.2898470000486], [-120.76333400019745, 38.2899799996825], [-120.76539999958678, 38.29024799991667], [-120.76632500022471, 38.29034299975951], [-120.76729099997223, 38.290315999787126], [-120.76847000015508, 38.28985899972338], [-120.76984500015652, 38.289264999690324], [-120.77149700016739, 38.28878200003247], [-120.77226700009633, 38.28874800009166], [-120.77347999971605, 38.28881699976826], [-120.77484499967173, 38.288658999860075], [-120.77648699963684, 38.28809599997025], [-120.77764599972822, 38.28770400004543], [-120.77900200036137, 38.28761899995868], [-120.78048299976972, 38.2879379999027], [-120.78124100000309, 38.288064999877015], [-120.7818600003193, 38.288167999726326], [-120.7823189999036, 38.28827299977135], [-120.78385499956352, 38.28862300023451], [-120.78531400012884, 38.288924999712854], [-120.7866699998637, 38.28888900021922], [-120.78712199977531, 38.288830999939904], [-120.78815899966797, 38.28873799985717], [-120.78912500031377, 38.28876799985137], [-120.79054200014801, 38.28859300018036], [-120.79256400005471, 38.28802099997215], [-120.79563100025001, 38.28686999986002], [-120.79782600040906, 38.285949000337716], [-120.79821200019843, 38.285737999864466], [-120.79848199963688, 38.285591000124604], [-120.79927300038054, 38.285636999801774], [-120.79992199993563, 38.286039000215936], [-120.800243000326, 38.286547999926306], [-120.80069699988744, 38.287128999674515], [-120.80152100024304, 38.28772499991879], [-120.80203900027689, 38.288169000251216], [-120.80213999966094, 38.28825600003621], [-120.80277800024372, 38.28865000013163], [-120.80336499987455, 38.28886700016734], [-120.80400099990918, 38.2887189999014], [-120.80406399965837, 38.28866699977443], [-120.80467700012677, 38.288166999906466], [-120.80504600019772, 38.28798800020224], [-120.80538400030653, 38.287929999907995], [-120.80576500007304, 38.28804199975378], [-120.8060949997859, 38.288299999798625], [-120.80639400043495, 38.2885740001867], [-120.80676500015572, 38.28884699972981], [-120.80728900003739, 38.28888600008436], [-120.80774000012407, 38.28872299985539], [-120.80807700040798, 38.288204000282626], [-120.80832099990714, 38.287693999667084], [-120.80846099964921, 38.28661800012541], [-120.80840600029596, 38.28588199975259], [-120.80861999965788, 38.28539599986647], [-120.80915100011052, 38.28460099979303], [-120.80916899965386, 38.28388999991663], [-120.8094740001507, 38.28324999993748], [-120.81012600007885, 38.282009999698865], [-120.81054600020344, 38.281604999806284], [-120.81128500017023, 38.28144100023779], [-120.81214799998558, 38.281542999703376], [-120.81287799973155, 38.2817829998302], [-120.81342500007773, 38.28237100034854], [-120.81377700043025, 38.28298399973619], [-120.81431300000744, 38.28350800009229], [-120.81492099955467, 38.2838050002994], [-120.8157330002147, 38.28402100013553], [-120.8168520001231, 38.28391999979927], [-120.81769300019714, 38.28354500002288], [-120.81812099981933, 38.282766999740744], [-120.81853000007324, 38.28218399982592], [-120.81922800003215, 38.28206799978759], [-120.81945200033815, 38.28170400002], [-120.81968499996663, 38.28098400000169], [-120.81997899969453, 38.280101000048205], [-120.82005300021268, 38.27998600013992], [-120.82060200020867, 38.2791360003196], [-120.82066999998074, 38.27902699996791], [-120.8209279997236, 38.2786090002851], [-120.82088400024098, 38.27803499975841], [-120.82119999971016, 38.277420000253414], [-120.82173799983549, 38.27596999990472], [-120.82193399965409, 38.27563799965245], [-120.82204400015725, 38.275451000122914], [-120.82214200006655, 38.275415000293954], [-120.8227010001083, 38.27520600022919], [-120.82369600016814, 38.274993000262974], [-120.82468500038016, 38.27462300024685], [-120.82487500035099, 38.27455199975749], [-120.82560400027201, 38.27413699973978], [-120.82637199965284, 38.27362499969226], [-120.82694300028845, 38.27283800002378], [-120.8280589998238, 38.27188800034177], [-120.82968700044354, 38.27089499986739], [-120.82983899988116, 38.27078499977991], [-120.83067999995522, 38.270180000199716], [-120.83204200043616, 38.2691479999926], [-120.83305000001647, 38.268559000205855], [-120.83331100013238, 38.26840300011847], [-120.83423800042017, 38.26795200022371], [-120.83482900024894, 38.267665999768305], [-120.83535800015346, 38.26744199980402], [-120.835995000013, 38.26744500011979], [-120.8366140003292, 38.26747499974452], [-120.8369080000571, 38.267382999915746], [-120.83737900023526, 38.26721500023429], [-120.83852499990785, 38.26652800008816], [-120.83915000007184, 38.266163999999286], [-120.84069300030275, 38.26538000028588], [-120.8416120001946, 38.265101999972806], [-120.84317399979379, 38.26443900029276], [-120.84379999978268, 38.26426700025955], [-120.84433600025822, 38.264250999989706], [-120.84444699968796, 38.26424800024729], [-120.84517599960901, 38.26430199982364], [-120.84613200020911, 38.26437799978626], [-120.84678900016013, 38.264272999742644], [-120.84719800041404, 38.26381600007563], [-120.84763699990688, 38.263312999964505], [-120.84762600003623, 38.26304700007957], [-120.84734599965373, 38.262415999930454], [-120.8478779999313, 38.26198500033022], [-120.84798199968839, 38.26187999964914], [-120.8483780004218, 38.261482000237415], [-120.848653999708, 38.261117000063614], [-120.84879400034843, 38.260420000181625], [-120.84876000001323, 38.259538000087126], [-120.84896300040282, 38.25878500001744], [-120.84949499978207, 38.25803499990198], [-120.85002700005964, 38.25728499980401], [-120.8500529999989, 38.25725399995785], [-120.85011300027335, 38.25718300012378], [-120.85252099996944, 38.255650999900304], [-120.85379899988651, 38.2537520001683], [-120.85420599959228, 38.25288299999871], [-120.85420700031551, 38.25063999990367], [-120.85441800020268, 38.24992000019421], [-120.85511600016162, 38.24879999995114], [-120.85566699980744, 38.24829599992539], [-120.85647899956916, 38.24777000012728], [-120.85737900009275, 38.247357999920446], [-120.85903299975345, 38.24694699988225], [-120.86045600033377, 38.24642199988798], [-120.86057299961132, 38.24633000020806], [-120.86129099966172, 38.24621400004691], [-120.86362899993594, 38.24605099997596], [-120.86685699978968, 38.24520400002907], [-120.86832800005057, 38.2451100000987], [-120.86997099984062, 38.24440200006522], [-120.87051800018679, 38.24399199996815], [-120.87175599992085, 38.24276100017374], [-120.87230400009194, 38.24244200002666], [-120.87365800017696, 38.24237099983224], [-120.8739760001943, 38.24223400008586], [-120.87446499991584, 38.241961000274706], [-120.87484099965947, 38.24143600025296], [-120.87489699973598, 38.24075400001427], [-120.87489500008616, 38.2407329999633], [-120.87510900034638, 38.2401260003377], [-120.8754199997927, 38.239771999843796], [-120.87611799975161, 38.2397009998641], [-120.87706299958273, 38.23968000021455], [-120.8789680002119, 38.24083699968592], [-120.87932200021424, 38.24089299996332], [-120.88006000035614, 38.24061000024865], [-120.88096199963121, 38.23887199981969], [-120.88107399978422, 38.23677999993628], [-120.88084399963046, 38.23501799985762], [-120.8808839998134, 38.234386999761455], [-120.88076699963753, 38.23360999988606], [-120.88102899957836, 38.23322099972229], [-120.88213099976832, 38.23274100023493], [-120.88233400015791, 38.23246600029925], [-120.88259500027382, 38.23178000033297], [-120.88262399968782, 38.23125400028786], [-120.88294300042837, 38.23070400012699], [-120.88398799981861, 38.22965199972127], [-120.88482899989265, 38.229034000119405], [-120.88581499973164, 38.228645000177785], [-120.88691699992161, 38.22857599978765], [-120.88770100009425, 38.228347000304524], [-120.88877399997187, 38.22756900016628], [-120.88885799963747, 38.227456000265946], [-120.88895800009489, 38.22732199979433], [-120.88905699982911, 38.22718799978161], [-120.88909700001206, 38.22713400014903], [-120.88967299977226, 38.22635699970409], [-120.89057199957261, 38.2250300001144], [-120.89074700037312, 38.22464099993068], [-120.89141400036989, 38.223451000196214], [-120.89158800044716, 38.22310699978329], [-120.8924579999352, 38.221917999682546], [-120.89286399981607, 38.22157399978389], [-120.89329900000926, 38.221391000270586], [-120.89379199992875, 38.22127699991298], [-120.89457500027649, 38.22134500013541], [-120.89551799955947, 38.221494000099575], [-120.89573500019276, 38.221527999764426], [-120.89602499972267, 38.22145999971308], [-120.89611199976132, 38.22120800029692], [-120.89878099957332, 38.22168799967613], [-120.89973799999834, 38.22198600001161], [-120.90153599959905, 38.221984999986475], [-120.90252300016128, 38.22228299981112], [-120.9030739998071, 38.22255700012156], [-120.9035090000003, 38.22296899972256], [-120.90374099980387, 38.22356399996669], [-120.9047569997801, 38.22452499974539], [-120.90577199993143, 38.22502800014781], [-120.90603300004734, 38.22489100018785], [-120.90652599996683, 38.22491299985882], [-120.90707800033587, 38.22516499984976], [-120.90731000013947, 38.225439999868705], [-120.90812199990121, 38.22649199979951], [-120.90931199995472, 38.22747599996759], [-120.9111980003173, 38.228482000234976], [-120.91273599962705, 38.229466000297556], [-120.9135769997011, 38.22971700012098], [-120.91494000000695, 38.230037000264744], [-120.91772500016991, 38.22999099995145], [-120.91905999998838, 38.229692999947574], [-120.92152499958587, 38.22882300013531], [-120.92416400015897, 38.22815899978007], [-120.92552800028975, 38.22763199970979], [-120.92721000043784, 38.226623999760335], [-120.92822399986593, 38.2258230001799], [-120.93002200036497, 38.22499899992023], [-120.93118200028127, 38.22401400012172], [-120.93208100008162, 38.223052999944095], [-120.93338499993794, 38.22195399990621], [-120.93483500028245, 38.22115299971737], [-120.93550200027921, 38.22092300011548], [-120.93674900023414, 38.220739999670414], [-120.93715500011501, 38.220761999890975], [-120.93742100025376, 38.22089100024828], [-120.93843200020713, 38.22137999990336], [-120.93907099971649, 38.221973999709064], [-120.9400859998678, 38.22249999982006], [-120.94220400003401, 38.22334600030216], [-120.9462660002891, 38.22448800009758], [-120.9471950002267, 38.224671000289206], [-120.94835500014298, 38.22515100010839], [-120.94884899988739, 38.22549400005314], [-120.95032900036911, 38.22597300011705], [-120.9514890002854, 38.22622399999753], [-120.95241800022299, 38.22633799966008], [-120.953404000062, 38.22631499974875], [-120.95415800009741, 38.225971000176386], [-120.95482400026927, 38.225535999776795], [-120.95534599960276, 38.22482599970961], [-120.9561859998519, 38.223979000209496], [-120.95708499965225, 38.22329199993468], [-120.95781000027368, 38.222856999746774], [-120.96140600037347, 38.22203099971699], [-120.96207300037022, 38.22168700035265], [-120.9624780004262, 38.22129799993653], [-120.9625360001525, 38.22100000031175], [-120.96282599968241, 38.22063400005442], [-120.96294100020847, 38.22033699987492], [-120.96334700008931, 38.219901999662255], [-120.96401400008611, 38.2196720003402], [-120.96473899980919, 38.2196720003402], [-120.96566699992188, 38.21990000026046], [-120.96633499974357, 38.220495000197396], [-120.96749499965983, 38.22047099980422], [-120.96831800019055, 38.22020299969888], [-120.97010499992061, 38.2196220002993], [-120.97062700015243, 38.21925600016759], [-120.97149599981557, 38.218225000255856], [-120.97172699979427, 38.217995999947235], [-120.97210400026111, 38.21795099986353], [-120.97547100003204, 38.21950399975603], [-120.97683500016281, 38.22007500029034], [-120.97741500012096, 38.22041800017244], [-120.97866299990078, 38.2209889998854], [-120.98001000031311, 38.22143600034399], [-120.98107200032008, 38.22178799970692], [-120.9822899999627, 38.221810000316275], [-120.9837689997212, 38.22119099968595], [-120.98458100038124, 38.22116700022813], [-120.98562900014453, 38.221393999664684], [-120.98573700009956, 38.22141400032724], [-120.98656599957972, 38.22175000005015], [-120.98811399983352, 38.22253999982582], [-120.98869299996674, 38.223040999817556], [-120.98930499971195, 38.223739999653034], [-120.9895349998657, 38.22389099965006], [-120.99112300030245, 38.22405400000078], [-120.99160799982603, 38.22422299995275], [-120.99184399982761, 38.224552000182264], [-120.99191099977475, 38.22499499998528], [-120.99234099994504, 38.22525400025969], [-120.99359499957265, 38.225582000084806], [-120.99503900006937, 38.225524000059835], [-120.99549699982877, 38.22540200000241], [-120.99550000020182, 38.225389000285006], [-120.99162600026771, 38.21660799992568], [-120.98775200033357, 38.20781800016187], [-120.98760199964742, 38.20745600014713], [-120.98711399975082, 38.20626800007032], [-120.98652299992203, 38.20483400014814], [-120.9864459999291, 38.204646999836605], [-120.98635200021779, 38.20441799986148], [-120.98253299963693, 38.1958689996664], [-120.98218100018275, 38.19508099990144], [-120.98183499967803, 38.194305999706216], [-120.98175100001245, 38.19411800018583], [-120.98174299961653, 38.194094000272244], [-120.98172000005029, 38.19402500030004], [-120.98165099955501, 38.19381799999116], [-120.98149699956922, 38.19341700021549], [-120.98133799956055, 38.193004999929805], [-120.98124999969701, 38.19277500032973], [-120.98119399962054, 38.19262999976343], [-120.98115099996282, 38.192517999693216], [-120.9753420001606, 38.178219999950905], [-120.97530299980254, 38.1781229998527], [-120.97525400029706, 38.178002999981985], [-120.97520599971816, 38.177885999688336], [-120.973383999828, 38.17339599964902], [-120.97126700038503, 38.16817699997827], [-120.97118600019418, 38.16797900021839], [-120.96917500015812, 38.16302300017116], [-120.96858099995627, 38.16155899965772], [-120.96595599962687, 38.15509100017902], [-120.96173799973614, 38.144697999728585], [-120.96079899975281, 38.14238399978123], [-120.9562980000049, 38.13129299972725], [-120.95563100000813, 38.12964900033292], [-120.95511299997428, 38.12837299982032], [-120.95427000025039, 38.126295999904855], [-120.95371200003356, 38.12492000010043], [-120.95158899984452, 38.11968800017395], [-120.95070799958751, 38.11751799985446], [-120.95067199960248, 38.11742899995151], [-120.94506299981683, 38.10360700007353], [-120.94503299967958, 38.103531999975644], [-120.9421129997974, 38.09632799980891], [-120.93884999978356, 38.088321000063445], [-120.93564700004417, 38.08562000002632], [-120.93554999995979, 38.08553199992657], [-120.92871699978542, 38.07938199987363], [-120.9286490000134, 38.07932099985049], [-120.9283770000268, 38.079085000290135], [-120.92831599992745, 38.07903300022465], [-120.92644899983142, 38.07742099965496], [-120.92633199965556, 38.07732100021252], [-120.91883499985747, 38.070896000295406], [-120.91881800013901, 38.07088099993356], [-120.91878600035199, 38.07085399984015], [-120.91874899964375, 38.07082199984749], [-120.9186809998717, 38.0707559998627], [-120.91863599966585, 38.07071200007548], [-120.91858999963507, 38.0706670002818], [-120.9163590003893, 38.068475999958544], [-120.91418699979647, 38.066341999916865], [-120.9129309996207, 38.06510899998167], [-120.90207299989949, 38.05444800003972], [-120.89882199958122, 38.05125599966616], [-120.89868100001421, 38.05111800034571], [-120.89833899970745, 38.050780999737924], [-120.89783900011525, 38.050289999667044], [-120.89735799989133, 38.0498179999246], [-120.89731100003563, 38.04977199974799], [-120.89729599996703, 38.04975800027285], [-120.8972790002486, 38.04974099999709], [-120.8972669996547, 38.049729000341024], [-120.89722099962397, 38.04968399966792], [-120.89710799964607, 38.049572999681274], [-120.89705900014056, 38.049525000227604], [-120.89701599958455, 38.0494830002377], [-120.8969910003685, 38.04945799986176], [-120.89697999959954, 38.049446999721916], [-120.89685900012405, 38.049326999761135], [-120.89041599993702, 38.04300299997021], [-120.88895800009489, 38.041571000274736], [-120.8888679996832, 38.041483000241705], [-120.8887880002156, 38.0414039999853], [-120.88877200032206, 38.04138800027225], [-120.88869699997898, 38.04131399969682], [-120.88843400021325, 38.04105599995467], [-120.88760499983476, 38.040241999970895], [-120.88650500019295, 38.03916199966301], [-120.88643499987276, 38.03909300031069], [-120.88536600019307, 38.03804300008366], [-120.87690199992426, 38.02973300022936], [-120.8760469996065, 38.028894000027016], [-120.8751389995853, 38.02813999974729], [-120.87506699961527, 38.02808000002237], [-120.87448699965715, 38.02759800002452], [-120.8743989997936, 38.027525000237226], [-120.8743560001359, 38.027490000109864], [-120.87422300006651, 38.02738000030825], [-120.8740740001036, 38.027256000102334], [-120.87392000011779, 38.02712800021745], [-120.8731240002496, 38.026467000038906], [-120.87238699993263, 38.02585500029169], [-120.87132499992563, 38.0249729997597], [-120.86992599963477, 38.02381100018225], [-120.86973499983904, 38.023651999759245], [-120.86928200010254, 38.02327700034595], [-120.8685199996712, 38.02264400022615], [-120.8671329999742, 38.02149199995581], [-120.86705699980622, 38.02142899990524], [-120.86684599991902, 38.02125400010967], [-120.86670199997899, 38.02113399994764], [-120.86661400011542, 38.021061000089055], [-120.86465599978281, 38.01943500022135], [-120.86274299965604, 38.01784600015472], [-120.86127099957022, 38.01662400018071], [-120.86012800027069, 38.015675000224604], [-120.86008399988977, 38.015638000050515], [-120.86002799981328, 38.015592000343624], [-120.8600010000491, 38.015569999796654], [-120.85997000008693, 38.01554399984945], [-120.85922199989933, 38.01492299986631], [-120.8589030000571, 38.01465800032785], [-120.85880299959967, 38.01457500000296], [-120.85874999989622, 38.01453099970733], [-120.85866000038284, 38.014456000268474], [-120.85778499997362, 38.013728999985], [-120.8570870000147, 38.013148999755295], [-120.85532899969863, 38.01169000034239], [-120.8527300002068, 38.009531999955094], [-120.85251000009879, 38.00934400005066], [-120.85238899972497, 38.0092399998663], [-120.85187700043721, 38.00880300014701], [-120.85130300032687, 38.00831200034631], [-120.85109200043966, 38.00813100032258], [-120.84993300034832, 38.007139999912674], [-120.84597900004823, 38.00411800005081], [-120.84531000040162, 38.003607999985796], [-120.84524000008142, 38.00355399971296], [-120.84474100031414, 38.003172999646374], [-120.84195699997609, 38.00132000015909], [-120.84184599964802, 38.00124600016647], [-120.84114600003927, 38.000781000254605], [-120.83503900031126, 37.99577000020992], [-120.83481800037832, 37.99558899966694], [-120.83466100001947, 37.995456000320864], [-120.83379999985392, 37.994723999806084], [-120.83278100040297, 37.99383999992227], [-120.825524999731, 37.9873540000376], [-120.82523299965293, 37.9871220001614], [-120.82198800008078, 37.984167999962565], [-120.82058799996496, 37.982991999799665], [-120.80894600007112, 37.972737000050834], [-120.80880999962868, 37.97265999984377], [-120.80688599963125, 37.97086500005063], [-120.80612900012112, 37.9701229998503], [-120.79681799993044, 37.961880000216205], [-120.79680399968673, 37.96186700028804], [-120.79678600014338, 37.96185100020976], [-120.7961169995985, 37.961243000319556], [-120.79390100042133, 37.95922799979253], [-120.79321299960984, 37.95860299997228], [-120.78899800009216, 37.95477300029056], [-120.78803099962143, 37.95404300013174], [-120.78801300007808, 37.954030000232976], [-120.78712099995039, 37.95339099992099], [-120.78710699970671, 37.953380999692385], [-120.78399600002882, 37.950960999962575], [-120.78394400015026, 37.950909999786994], [-120.78336599984196, 37.95034100024661], [-120.78153700027909, 37.9486870000645], [-120.78150100029409, 37.94865499982916], [-120.7814879998753, 37.94864299991442], [-120.78147199998176, 37.948629999768386], [-120.78104299963637, 37.948250000206066], [-120.78045099998266, 37.9477269996917], [-120.78042800041645, 37.947703999798996], [-120.77928900041658, 37.94655999965344], [-120.77922400011923, 37.94649400034126], [-120.77920900005063, 37.94647900000633], [-120.77853299983303, 37.94579999982049], [-120.77793500033154, 37.94520000032791], [-120.77690799958633, 37.9441669998498], [-120.7768359996163, 37.944095000184504], [-120.77578700002815, 37.943040999724104], [-120.7720050001555, 37.94025900008363], [-120.77193700038345, 37.94020899990799], [-120.7703940001525, 37.93882299972017], [-120.77038300028185, 37.93881300034256], [-120.7690130003033, 37.93757299966697], [-120.76775999960229, 37.93642699971112], [-120.76773000036337, 37.936398999970805], [-120.76769900040124, 37.936371000219836], [-120.76769000018042, 37.93636299988419], [-120.76767799958652, 37.936351999775454], [-120.76763300027899, 37.936310999806615], [-120.76744499995803, 37.936139000051014], [-120.76742200039182, 37.936118000164484], [-120.76140600000207, 37.93115399997095], [-120.76130100042006, 37.93106699966437], [-120.7602050000779, 37.93001900019595], [-120.75689299966024, 37.927108000189286], [-120.75658200021392, 37.92687599983863], [-120.752694999861, 37.92333400017165], [-120.75164399972469, 37.92171599965006], [-120.75131700038486, 37.92121300023436], [-120.75099699981939, 37.92072099982753], [-120.7473439998182, 37.916054000222246], [-120.74726099997754, 37.91594399985712], [-120.74462399995258, 37.91258200033993], [-120.74453000024123, 37.912418999765244], [-120.72867499958123, 37.89767099999423], [-120.7193790003575, 37.89030400024445], [-120.71574100042493, 37.88712700007407], [-120.70927599959829, 37.88149000002418], [-120.70741299970024, 37.87986499997736], [-120.70699699977362, 37.87950200029426], [-120.70663199990062, 37.879183000148636], [-120.70651700027291, 37.879082999674075], [-120.70616599974532, 37.878777000285666], [-120.70604799974453, 37.87867399997157], [-120.70603900042202, 37.87866599974148], [-120.70600300043701, 37.87863499999398], [-120.70578699962864, 37.87844599981024], [-120.70489799987399, 37.877670999894114], [-120.70485100001834, 37.87762999983153], [-120.70483099992686, 37.87761200029842], [-120.70480300033776, 37.877587999968625], [-120.7043399996572, 37.87718400009789], [-120.70071000012054, 37.87401899979053], [-120.69702299978414, 37.870804999676075], [-120.6966539997132, 37.8704829998291], [-120.69663399962171, 37.87046499996789], [-120.69658799959097, 37.87042500002418], [-120.69657900026844, 37.870417000316486], [-120.6964279997574, 37.87028600028154], [-120.69636199963516, 37.87022900019898], [-120.69603799977004, 37.869946000305674], [-120.69602400042467, 37.86993099995776], [-120.6959830004168, 37.86988800007809], [-120.69593999986077, 37.86984299969888], [-120.69593099963996, 37.869833000162444], [-120.69589600037816, 37.86979600023473], [-120.69538900021493, 37.86925999984968], [-120.69455499981362, 37.86845900017532], [-120.69233600026337, 37.86671700021735], [-120.68556199964024, 37.860793000259235], [-120.68486700005438, 37.86018500010206], [-120.68428799992115, 37.85967799991545], [-120.67735099998973, 37.853612999982616], [-120.67696400037543, 37.853273999792975], [-120.67473900007911, 37.85132799974225], [-120.66976499960488, 37.84688999981273], [-120.66913600014126, 37.84632900017394], [-120.66721600034178, 37.84461700034655], [-120.6669779997921, 37.84440499989127], [-120.66152399981712, 37.83953900009442], [-120.66098400004195, 37.83905700022709], [-120.660839000277, 37.83892799968415], [-120.65993799992852, 37.83822799988226], [-120.65913700003742, 37.837386999825526], [-120.6578049996937, 37.83598899977895], [-120.65758899978363, 37.835761999856786], [-120.65564700024285, 37.833724000076636], [-120.65531800035488, 37.83337899984068], [-120.65530199956304, 37.83336199980997], [-120.65520500037698, 37.833260000252906], [-120.65508700037621, 37.83317299987238], [-120.6550399996222, 37.83313899971211], [-120.65375400020758, 37.83220700027687], [-120.65343000034245, 37.83197100004994], [-120.65327399980852, 37.831857999869435], [-120.65326999961057, 37.83205000010472], [-120.65323699999863, 37.8328199996571], [-120.65298599992845, 37.83303699984678], [-120.65255099973525, 37.83346300026879], [-120.6522920001675, 37.83381400021218], [-120.65201299960994, 37.83422699990708], [-120.6517139998592, 37.83465400020307], [-120.65118099975669, 37.83511100013458], [-120.65064799965425, 37.835566999725316], [-120.65019300026788, 37.836023000044655], [-120.64948199989017, 37.83669300016454], [-120.64865000003695, 37.837560999767724], [-120.64763200041091, 37.83788899990446], [-120.64659299997014, 37.838277999835014], [-120.64572699978174, 37.83885399999681], [-120.6449579996777, 37.839431000212514], [-120.64454500012415, 37.83970299984922], [-120.64407200029615, 37.840052000034376], [-120.64344200010927, 37.84047700010334], [-120.64316400027495, 37.84078099978546], [-120.6430210001598, 37.84125700024315], [-120.6428720001969, 37.84157299990554], [-120.64271499983806, 37.84225299971503], [-120.64300699991611, 37.84252299978877], [-120.64319400041215, 37.842956999906306], [-120.64330800021499, 37.843285000167384], [-120.64331599971261, 37.843300000263405], [-120.64351499990421, 37.843678000256894], [-120.64363999957769, 37.84388299973958], [-120.64369200035453, 37.84405500020858], [-120.6435409998435, 37.8442570000822], [-120.64334199965185, 37.844522000201145], [-120.64261199990591, 37.845175999806045], [-120.64203899962044, 37.845692999685326], [-120.64150700024119, 37.84602600015685], [-120.6409590000701, 37.84618900018029], [-120.64039099980754, 37.84641400024305], [-120.6399010002611, 37.8465789998055], [-120.63915800009633, 37.846725000236844], [-120.63872399972807, 37.847058999786675], [-120.63833000044109, 37.847377999978924], [-120.637894000423, 37.847818999751055], [-120.63763499995692, 37.848231999769496], [-120.63737600038912, 37.848699000265356], [-120.6374449999861, 37.849046000111265], [-120.63749000019195, 37.84927200013035], [-120.63776999967612, 37.84959200012763], [-120.63790500029367, 37.849903000195155], [-120.6379360002558, 37.850558999890396], [-120.63771799979757, 37.85101700001085], [-120.63774899975971, 37.851344999888205], [-120.63784300036937, 37.85177100026247], [-120.63791500033938, 37.85207400007962], [-120.63796700021793, 37.85237700007015], [-120.63793899973051, 37.852666000033835], [-120.63766099989617, 37.85303200034024], [-120.63747799959808, 37.85355300016929], [-120.63714799988519, 37.854138000344655], [-120.6368879995942, 37.8547529999249], [-120.63663400004928, 37.85520599982886], [-120.63643599968259, 37.85543500035095], [-120.63584800022683, 37.85568999998056], [-120.63570900030966, 37.85585800028095], [-120.63568599984511, 37.85604299997033], [-120.63564400001232, 37.85655199975235], [-120.63573699989874, 37.85713700024411], [-120.63566599975364, 37.85742700003974], [-120.63548300035386, 37.857902000101646], [-120.63522600043592, 37.85813000000871], [-120.63504800016067, 37.858344000088636], [-120.63492400031211, 37.85878899965101], [-120.63452599992884, 37.859354000332495], [-120.6345789996323, 37.85973899972797], [-120.63406599962131, 37.86014900030873], [-120.63390699961263, 37.86037799965948], [-120.63378600013714, 37.8606079997251], [-120.63321899969948, 37.86070899975226], [-120.63239199986913, 37.86122399993642], [-120.63188499970592, 37.861279999893746], [-120.63098099988268, 37.86177899976246], [-120.63057500000181, 37.861941999710936], [-120.62986299979922, 37.862227999806656], [-120.62917700043417, 37.862569999897325], [-120.62899400013607, 37.86266100027213], [-120.62862800043817, 37.86284299997532], [-120.62768299970874, 37.8633130000291], [-120.62660700035637, 37.86428599969686], [-120.6259749996214, 37.865069000294014], [-120.62570000016007, 37.86520500011311], [-120.62511400035416, 37.865447999968005], [-120.62449000001509, 37.86579199988381], [-120.62438899973276, 37.86584799991602], [-120.62417199999777, 37.86596700010915], [-120.62379899972888, 37.86619599982086], [-120.62350800037403, 37.8666010003063], [-120.62332500007595, 37.86685600031047], [-120.62271400015567, 37.86747000023752], [-120.62200799980083, 37.8678050000317], [-120.62130300016922, 37.8681239998087], [-120.62085299990743, 37.86830600020316], [-120.6197170002806, 37.86883800014244], [-120.61822900030126, 37.86943000019822], [-120.61697399995043, 37.8700540001677], [-120.61615399979279, 37.87024899987216], [-120.61486199963204, 37.87071800033185], [-120.61386300027254, 37.871128000108385], [-120.61343300010225, 37.87123300006471], [-120.61241499957788, 37.87162699995099], [-120.61136000014189, 37.871927999986795], [-120.61093599981939, 37.87201599988274], [-120.61063700006862, 37.872077999971935], [-120.61001000025482, 37.87232000000382], [-120.60952700038106, 37.8725150000929], [-120.60903100008854, 37.8727150003027], [-120.60830700019035, 37.87286400026205], [-120.60767199998062, 37.87289699999338], [-120.60752700021565, 37.872905000140854], [-120.60689399965575, 37.87301100024076], [-120.60682400023387, 37.87302299973402], [-120.6063549997055, 37.873112000287655], [-120.60540700039964, 37.87310500000102], [-120.60520499983497, 37.8731040001626], [-120.60473600020491, 37.873240000042834], [-120.60457800002116, 37.87343899986879], [-120.6045539997317, 37.87358100024974], [-120.60453600018836, 37.87368399988538], [-120.60451899957162, 37.873787000086125], [-120.60451500027197, 37.87380999969823], [-120.6045739998232, 37.873919999932674], [-120.60464900016626, 37.87405800008477], [-120.60491699995487, 37.874584999818175], [-120.60498100042729, 37.87472099980078], [-120.60507799961337, 37.874926000181134], [-120.60515399978134, 37.87498099984026], [-120.60521300023089, 37.8750240002929], [-120.60530500029239, 37.87519700024426], [-120.60544199966144, 37.875409999884646], [-120.60546500012596, 37.87564999999979], [-120.6054469996843, 37.87586899997213], [-120.60529799972139, 37.876048000275446], [-120.6050819998113, 37.87610500011037], [-120.60506699974272, 37.87611900011282], [-120.60479300010633, 37.876249999703084], [-120.60475100027354, 37.87627699985493], [-120.60472500033424, 37.87629399991919], [-120.60465900021201, 37.87633700031447], [-120.6046020003106, 37.87637399979353], [-120.6045670001505, 37.876397000016055], [-120.6045090004242, 37.87643499996723], [-120.6041019998201, 37.876699999996056], [-120.60358200013643, 37.87707600005193], [-120.60353500028077, 37.87710999980773], [-120.60285999988805, 37.8775970000932], [-120.6009829997463, 37.879006999648055], [-120.6007710000342, 37.879162000308405], [-120.6007240001785, 37.879195999810406], [-120.60020000029687, 37.879580000019594], [-120.60013599982446, 37.8796270003324], [-120.59928899990264, 37.88036900031542], [-120.59768700012047, 37.8818010002146], [-120.59733300011816, 37.8821169997993], [-120.59721000009449, 37.88222599996758], [-120.59708700007084, 37.8823359996876], [-120.59644799966317, 37.882907000273846], [-120.59629799987535, 37.883358999708214], [-120.59632200016479, 37.88351500012391], [-120.59639599978463, 37.88360400005395], [-120.59643500014269, 37.88365099992581], [-120.5965280000291, 37.88379999974369], [-120.59655999981618, 37.88385099967871], [-120.59659099977831, 37.88390000019466], [-120.59673700026649, 37.88419700025152], [-120.5969430001308, 37.884518999709464], [-120.5971609996907, 37.884953999696194], [-120.59719300037607, 37.88501699991642], [-120.59732100042258, 37.88554100022239], [-120.59734800018676, 37.88578900010633], [-120.59736699955502, 37.885967999697996], [-120.59734900001168, 37.88607800020951], [-120.59727200001878, 37.88655800032529], [-120.59718400015525, 37.88685700030913], [-120.59704799971279, 37.88739900026472], [-120.59687000033588, 37.88782000035101], [-120.59668100018997, 37.888144000250165], [-120.5963289998375, 37.88849300010016], [-120.59587500027605, 37.888875999709704], [-120.59540300027294, 37.8890930001055], [-120.59524699973903, 37.889164999749205], [-120.59493100026985, 37.88930900024333], [-120.59458999978798, 37.8894659997226], [-120.59346599985672, 37.88987000027999], [-120.59220100035847, 37.8905010001355], [-120.59139700009433, 37.89094399983649], [-120.59118000035936, 37.8910649997986], [-120.59024200020096, 37.89172599967293], [-120.59000700002429, 37.89198000032205], [-120.58945800002829, 37.89257899998488], [-120.5885640002508, 37.89353699969191], [-120.58832900007418, 37.89394599979058], [-120.58805999956235, 37.894412999845876], [-120.58799500016332, 37.89452599985281], [-120.58791700034553, 37.894809000300924], [-120.58775199959075, 37.894981999856185], [-120.58752499981004, 37.895223000239], [-120.586867999859, 37.895542999907356], [-120.58611700019665, 37.89574199972839], [-120.58510200004534, 37.89593499971423], [-120.58460400010296, 37.89597900022046], [-120.5842989996061, 37.8960139999922], [-120.5840790003964, 37.896022999991544], [-120.58331100011729, 37.896054999744095], [-120.58314899973557, 37.896061999976126], [-120.58238600037764, 37.89609999970491], [-120.5812859998375, 37.896018999755654], [-120.581193999776, 37.89600099975489], [-120.58096399962226, 37.8959550002054], [-120.58013799961682, 37.895791000128995], [-120.58011300040077, 37.89578600034999], [-120.57941999956643, 37.895662000335214], [-120.57933800044897, 37.895646000020804], [-120.57818299965726, 37.895194999696734], [-120.57770399998147, 37.89502800001371], [-120.57751599966048, 37.89496199980955], [-120.57739299963683, 37.894918999655474], [-120.5773159996439, 37.894891999958006], [-120.57727299998622, 37.894876999728], [-120.57723299980324, 37.89486299974685], [-120.57593800016778, 37.89459799985457], [-120.5745320002042, 37.8943739996966], [-120.57298200030057, 37.894134999893545], [-120.57257600041972, 37.894153999903324], [-120.57234899974067, 37.89416399968263], [-120.57221200037166, 37.894169999833125], [-120.57214799989922, 37.89417299990816], [-120.57207799957902, 37.89419600024331], [-120.57134799983305, 37.894436999654864], [-120.57079100033945, 37.89481799973874], [-120.5707519999814, 37.89484500017221], [-120.57033000020701, 37.89534799982085], [-120.57004099960369, 37.895801999925126], [-120.56968800032459, 37.89608700019163], [-120.56935500023867, 37.89637200006358], [-120.56883200018191, 37.89690800022634], [-120.56815799961413, 37.89755900006835], [-120.56802299989494, 37.89776500018025], [-120.567909999917, 37.897937999876966], [-120.56779799976403, 37.89810999966818], [-120.56765100034926, 37.89831399995452], [-120.56731200041554, 37.898783000341645], [-120.56717699979801, 37.898969999683835], [-120.56703899970576, 37.89942299994174], [-120.56699100002515, 37.89973300005118], [-120.56698299962926, 37.89979400001504], [-120.56696300043608, 37.89987600024698], [-120.56689499976572, 37.90014999977153], [-120.56677799958985, 37.90061899980092], [-120.56657699974839, 37.90109600030641], [-120.56654999998423, 37.90116099980606], [-120.56602799975238, 37.90176200021385], [-120.56562500024458, 37.90212799978079], [-120.56559099990939, 37.90215300006247], [-120.5652820001129, 37.90237999967956], [-120.56512999977694, 37.90244100028477], [-120.5648670000112, 37.90254500010776], [-120.56436400004596, 37.9030489997306], [-120.56407399961773, 37.903614999920585], [-120.56402699976206, 37.90385500025975], [-120.56394999976916, 37.90424600032917], [-120.56388399964693, 37.90476299975286], [-120.56385500023292, 37.904847999758765], [-120.56364799964538, 37.90544999993395], [-120.5635770003986, 37.905684000038626], [-120.56349100018487, 37.905968000214074], [-120.5634159998418, 37.90611600013061], [-120.56330200003899, 37.906339999993605], [-120.56318400003819, 37.906753000190456], [-120.56297599962573, 37.90726299984517], [-120.56296300010528, 37.907403000049236], [-120.56293999964073, 37.90765799983776], [-120.56285400032533, 37.908175000096136], [-120.56275999971567, 37.908821999964196], [-120.56273200012657, 37.909023000147414], [-120.56272600027881, 37.909435000114804], [-120.56269899961632, 37.90974199971721], [-120.56252500043735, 37.91052599978954], [-120.56258099961552, 37.91098499998547], [-120.56276200026382, 37.91167800033102], [-120.56287199986866, 37.91243599998992], [-120.56287699989154, 37.91285500003244], [-120.56279900007374, 37.913210999680224], [-120.56264900028592, 37.91339799992189], [-120.56258399998858, 37.91352099982164], [-120.56244000004853, 37.9137940002819], [-120.56242300033011, 37.91381300017757], [-120.56225400027567, 37.914006000257096], [-120.5621980001992, 37.914069999701674], [-120.56176399983093, 37.914386999673205], [-120.56148099997372, 37.91451799992426], [-120.56130299969847, 37.91461599978644], [-120.56110699987988, 37.91472300006538], [-120.56004099967494, 37.91504499994606], [-120.55848699957338, 37.91539499978908], [-120.55663100024634, 37.915907999676115], [-120.55607300002949, 37.9161569999769], [-120.55602299980077, 37.916178999857635], [-120.55515499996255, 37.91683099997196], [-120.55474400005882, 37.91736600000003], [-120.5546160000123, 37.91762199992447], [-120.5545249997757, 37.9178029999424], [-120.55419500006282, 37.918346000158365], [-120.55396400008415, 37.91868000032679], [-120.55388700009125, 37.9187910000703], [-120.55373399993037, 37.91901099991608], [-120.55348700005817, 37.9195089999257], [-120.55337599973008, 37.91973200020015], [-120.55302699975063, 37.92012400013373], [-120.5528130003887, 37.920364999675876], [-120.55248100012767, 37.92073100024883], [-120.55201599979728, 37.92104999965182], [-120.55189699997158, 37.92113099968646], [-120.55146099995349, 37.921399000083866], [-120.55110799977608, 37.92167599990981], [-120.55011299971623, 37.92191700003523], [-120.54975700006408, 37.921919999687766], [-120.54936999955147, 37.92193099983008], [-120.54897500043958, 37.92196500013059], [-120.54849199966749, 37.921892999975825], [-120.5484130000248, 37.921880999943156], [-120.54784099956426, 37.92177199967511], [-120.54770400019524, 37.921749000163516], [-120.5473939996755, 37.921698000265685], [-120.54735900041372, 37.92169200023371], [-120.5472809996976, 37.92167900028083], [-120.54700399968817, 37.9215030000385], [-120.54670699958726, 37.921320000129036], [-120.54642000043039, 37.921135999869406], [-120.54607999977344, 37.92081600023163], [-120.54545399978456, 37.920471000191824], [-120.54524000042265, 37.92035400000798], [-120.54506899982007, 37.92029800032053], [-120.54478299958983, 37.920203999863496], [-120.54457400025076, 37.92013499983601], [-120.54449700025788, 37.92010900008613], [-120.54447399979335, 37.92010100010675], [-120.54401500020903, 37.91999100012471], [-120.54344500029661, 37.91997899978175], [-120.54318500000562, 37.92002900025308], [-120.54292700026276, 37.9200789999818], [-120.54264299968236, 37.920178000138], [-120.54254300012322, 37.92026900019989], [-120.5424920000696, 37.92031600004755], [-120.54235099960428, 37.920445999756296], [-120.54214300009014, 37.92081500033248], [-120.5420910002116, 37.92090800011067], [-120.54181800040013, 37.92130999978787], [-120.54174300005705, 37.921419999923025], [-120.54171100027, 37.92146699974377], [-120.54142000001687, 37.92184900008276], [-120.54108100008315, 37.92250499975288], [-120.54060200040733, 37.92334699983198], [-120.5401909996053, 37.92399500004738], [-120.5399360002355, 37.924329999923025], [-120.53985000002177, 37.92444200020103], [-120.53975600031043, 37.924547999800865], [-120.5390159996204, 37.92538300030381], [-120.53898399983338, 37.92541099998832], [-120.53884200044145, 37.92553299980533], [-120.53879999971033, 37.92556000030669], [-120.53841999976875, 37.925895999968766], [-120.538121000018, 37.92623899970835], [-120.53798799994861, 37.92639099994482], [-120.53761600040296, 37.92686200027663], [-120.53745400002121, 37.92715300029164], [-120.53730300040849, 37.927425999755464], [-120.53725700037775, 37.927509999986114], [-120.53710199966874, 37.92822099973955], [-120.53702700022397, 37.9288430000215], [-120.53705399998816, 37.92901199977114], [-120.53712000011039, 37.92942200016977], [-120.53714199985168, 37.92955800017718], [-120.53715799974522, 37.92965700032658], [-120.5371619999432, 37.92967599966723], [-120.53725499982961, 37.930107999871275], [-120.53731199973102, 37.93020499973701], [-120.53746200041716, 37.9304610003168], [-120.53749500002911, 37.93051700005912], [-120.53751199974755, 37.930545999681144], [-120.53756600017424, 37.93063800014105], [-120.53789800043525, 37.93118500027522], [-120.53800999968993, 37.93131799987795], [-120.53825800028535, 37.9316099997227], [-120.53870299962598, 37.932139000047314], [-120.53910600003212, 37.932684999903515], [-120.5392330002537, 37.93289699998229], [-120.53944800033888, 37.9332560002956], [-120.53949299964638, 37.93339599991697], [-120.53953799985223, 37.93353699970644], [-120.53976399980803, 37.93424599984004], [-120.53988299963373, 37.934810000064324], [-120.53993799988531, 37.93520500020873], [-120.5400159997031, 37.93580999972266], [-120.53994899975595, 37.93623000019841], [-120.53972100015032, 37.93681200001825], [-120.53957499966215, 37.93711499999943], [-120.53944300031598, 37.93738700034725], [-120.539295000178, 37.937531999670725], [-120.53928099993429, 37.93754600003488], [-120.53900899994771, 37.93781800020471], [-120.53864599972457, 37.93818099993379], [-120.53859600039416, 37.93823100007214], [-120.53858700017332, 37.93823999986673], [-120.53847900021829, 37.93835000017967], [-120.53824300021674, 37.93858999984017], [-120.53773000020576, 37.939101999802794], [-120.5374799999605, 37.939323000165196], [-120.53733600002046, 37.93945100027634], [-120.53719899975312, 37.939579000164564], [-120.53708400012536, 37.9396869998969], [-120.5370220002011, 37.93975200001347], [-120.5367419998186, 37.940043999653774], [-120.53664599955916, 37.940253000149355], [-120.53655299967272, 37.940456999765], [-120.53655699987067, 37.940787999801465], [-120.53660399972635, 37.94138500032946], [-120.5366000004267, 37.94191699998871], [-120.53643300002213, 37.94243499990876], [-120.5363960002122, 37.94251599976309], [-120.53635799967905, 37.94259700023659], [-120.53634699980842, 37.94262099991367], [-120.53620399969326, 37.94292900015105], [-120.53618600014994, 37.942954000026305], [-120.53607999984472, 37.943107000012446], [-120.53597299971457, 37.94326099998247], [-120.5357550001547, 37.94371499983753], [-120.53554400026749, 37.944022999740184], [-120.53524200014371, 37.94440400019803], [-120.53482899969184, 37.94474599972978], [-120.53470499984327, 37.94478300024239], [-120.53444299990247, 37.94486100020897], [-120.53426100032758, 37.94493900009274], [-120.53414699962644, 37.94498800031344], [-120.53398699979287, 37.945057999964824], [-120.5336069998513, 37.94511200007535], [-120.53339799961391, 37.94514199988351], [-120.53330399990259, 37.94515499993822], [-120.53315300028984, 37.9451770003526], [-120.53302100004537, 37.945197999775964], [-120.53274800023387, 37.9452410002969], [-120.532446999935, 37.94528900004142], [-120.5321840001693, 37.945329999960755], [-120.53157200042409, 37.94541999978978], [-120.53094300006215, 37.945512000052084], [-120.5305449996789, 37.94570499981993], [-120.52988400042821, 37.946025999782975], [-120.52961499991638, 37.94615700034259], [-120.52915799998189, 37.94637900029266], [-120.52824800031085, 37.94682200005182], [-120.52737200007674, 37.947248000008344], [-120.52492900022054, 37.94843500013598], [-120.52430499988147, 37.948775999804624], [-120.52379600006843, 37.949054000129166], [-120.52221000017981, 37.949920000156496], [-120.52002800043952, 37.95066599988763], [-120.51827799962105, 37.9512649998858], [-120.51674500033417, 37.95197300023631], [-120.51538600022629, 37.952932999669606], [-120.5150869995772, 37.95324800034709], [-120.51495199985801, 37.95338999975653], [-120.51469499994005, 37.9538950003309], [-120.51421600026428, 37.95481000000356], [-120.5138379999725, 37.95565199980563], [-120.51362299988735, 37.956078000268356], [-120.51343899976433, 37.95644400011919], [-120.5133530004489, 37.95794499995925], [-120.51357400038184, 37.958614000291654], [-120.5141979998226, 37.959867999689266], [-120.5145850003352, 37.96081000033188], [-120.51501399978228, 37.96194900001457], [-120.51508800030045, 37.962145999985296], [-120.51579299993205, 37.96335200003084], [-120.5167329997403, 37.96453099976064], [-120.51721700033728, 37.96496699978342], [-120.5175970002789, 37.96530799990399], [-120.51802099970311, 37.96553800004643], [-120.51830399956032, 37.96569099974211], [-120.5197870004151, 37.96629399968785], [-120.52033899988584, 37.96643800005224], [-120.52111399983765, 37.96663999993993], [-120.5227220003659, 37.96743599992146], [-120.52281699990212, 37.96746999971069], [-120.52391800026717, 37.96786399995257], [-120.5247440002726, 37.96822799992189], [-120.52476699983883, 37.968238000253585], [-120.52586400000591, 37.96887600032747], [-120.52640799997904, 37.9692919996718], [-120.5269960003331, 37.96996499978212], [-120.52766800035273, 37.97091300004779], [-120.52776899973676, 37.97137900012925], [-120.5278280001863, 37.97165400013736], [-120.52782999983614, 37.971664999917984], [-120.52792500027067, 37.972104999705124], [-120.5279699995782, 37.97244400014689], [-120.52792600009559, 37.97306600002579], [-120.5278280001863, 37.97343700035306], [-120.52771100001043, 37.973946999880276], [-120.52757499956799, 37.97454499990836], [-120.52757999959088, 37.975029000084525], [-120.52773699994971, 37.97540700016496], [-120.52799499969257, 37.97569600012918], [-120.52816799994493, 37.97581200016475], [-120.5282919997935, 37.97589499975414], [-120.52861900003163, 37.97598999965529], [-120.5290590002477, 37.976148000209996], [-120.52954899979413, 37.976233999687686], [-120.53007000020104, 37.97636699989198], [-120.53052799996047, 37.976339999646385], [-120.53112800001009, 37.9763120002467], [-120.5317990002048, 37.97612999999364], [-120.53251999972993, 37.97593100029769], [-120.53260400029386, 37.97590600031551], [-120.53331099957528, 37.97569199997816], [-120.53397099989935, 37.97547699986134], [-120.53459100004045, 37.97535199980032], [-120.53482100019423, 37.97530899991143], [-120.53545499968072, 37.97519199992145], [-120.53594299957736, 37.975100999879], [-120.53695899955359, 37.97479499973364], [-120.53758899974045, 37.97464600009892], [-120.53868699973243, 37.97445299989431], [-120.5398669997402, 37.9743479999221], [-120.54093700014309, 37.97433199973108], [-120.54187500030153, 37.97444699992017], [-120.5423239998401, 37.974540999694646], [-120.54263199981169, 37.974772999692554], [-120.54307500040078, 37.97523700032097], [-120.54314399999775, 37.9754039998629], [-120.54327399969408, 37.97572000032248], [-120.5432679998463, 37.97585499975898], [-120.54324100008213, 37.97644700001053], [-120.54308299989839, 37.9768830000802], [-120.5430489995632, 37.97693600031817], [-120.54285299974461, 37.97724799978072], [-120.54252999970443, 37.97755699982718], [-120.542076000143, 37.97788299994864], [-120.54177200036936, 37.97810299994645], [-120.54146900042066, 37.97831499997697], [-120.5411489998552, 37.978475000128945], [-120.54096300008239, 37.978567999879914], [-120.54011199996259, 37.979050000097104], [-120.53945300036172, 37.979337000256464], [-120.53888500009916, 37.97951900034592], [-120.53782800011506, 37.97975999985153], [-120.53707699955437, 37.97999899966966], [-120.53635500020434, 37.980172999720224], [-120.53459500023845, 37.98038699973751], [-120.53352700038366, 37.980516000316726], [-120.53181699974817, 37.98067200003907], [-120.53146399957075, 37.98075600029684], [-120.53101500003218, 37.980863999677815], [-120.53007100002596, 37.98119300004466], [-120.52954399977126, 37.981422000202045], [-120.52900700036915, 37.98169199980041], [-120.5286020003132, 37.98191300019305], [-120.52811600006639, 37.98223900008263], [-120.52773399957665, 37.982685000218], [-120.52758399978883, 37.98294399991285], [-120.52754699997891, 37.98326700019792], [-120.52761200027625, 37.98366199966179], [-120.52774699999544, 37.983935999924796], [-120.52811900043945, 37.98437700023838], [-120.5285110000766, 37.984898999871746], [-120.52923199960175, 37.985604000342505], [-120.52994200015453, 37.986237000284234], [-120.53069199999199, 37.986829000334474], [-120.53151399979946, 37.987460999919435], [-120.53238599983563, 37.98809200003252], [-120.53248000044528, 37.98816199966573], [-120.53354699957681, 37.988964000103934], [-120.53392599969351, 37.98921299998626], [-120.53427600039619, 37.98944300027548], [-120.53481199997341, 37.99009300033399], [-120.53497000015713, 37.9905439998724], [-120.53498299967764, 37.99089500019407], [-120.53498500022576, 37.99093899980735], [-120.53481399962322, 37.99117400001419], [-120.53457199977389, 37.99138500015801], [-120.53433900014541, 37.99155599976225], [-120.53392400004368, 37.991785000143835], [-120.53345799988837, 37.99199799993133], [-120.5329590001211, 37.99211799964894], [-120.53276699960216, 37.99216399992518], [-120.53221000010853, 37.99222900032795], [-120.53149500043119, 37.99223599989956], [-120.53054899987687, 37.99241999982762], [-120.53021800033905, 37.992485000003484], [-120.52993899978148, 37.992538999931625], [-120.52786499999623, 37.993012999875596], [-120.5278280001863, 37.99302299966221], [-120.52654500024639, 37.99336800031441], [-120.52519299981118, 37.99366799965496], [-120.52491199960379, 37.99375199990176], [-120.52416699978919, 37.99397399968636], [-120.52316300040685, 37.99434299987956], [-120.52265500041874, 37.9946060000181], [-120.52234200042426, 37.99476799995437], [-120.5216529997879, 37.99516000030388], [-120.52156099972636, 37.99523400006612], [-120.52123900040942, 37.99549399965299], [-120.52087700001118, 37.99589200000708], [-120.52051499961293, 37.99635400032432], [-120.5204290002975, 37.99687899982307], [-120.52037099967289, 37.99722700015429], [-120.5203790000688, 37.99731599981926], [-120.52041699970363, 37.99770999983056], [-120.52040400018315, 37.99835599992594], [-120.52029700005303, 37.99887199980888], [-120.52014899991502, 37.99933300022113], [-120.5199559995712, 37.99993100007899], [-120.5198019995854, 38.00026599987957], [-120.51944699975816, 38.00103600029738], [-120.51886000012733, 38.00222099977081], [-120.51867799965413, 38.00243399969055], [-120.51837800007847, 38.00278599994322], [-120.51828000016918, 38.002869000166825], [-120.51808600000042, 38.00303199974411], [-120.51789199983168, 38.00319400018096], [-120.51786800044054, 38.00320299980146], [-120.51765099980724, 38.00339600012815], [-120.51684800026634, 38.00380399980314], [-120.51668099986178, 38.003886000105766], [-120.51617799989653, 38.004132999936594], [-120.51541200016555, 38.00425099996903], [-120.51493699978941, 38.00424400012833], [-120.51472500007729, 38.00424100029755], [-120.51462799999291, 38.00423899993838], [-120.5135209997801, 38.00405399974876], [-120.51258199979677, 38.003709999999465], [-120.51181900043882, 38.003264000267706], [-120.51161500022432, 38.00307299998462], [-120.51109100034269, 38.00258499993352], [-120.51051300003438, 38.00161700030595], [-120.50991200015983, 38.0007539997901], [-120.50980599985462, 38.00066900025539], [-120.50954200026396, 38.0004590001497], [-120.50928500034603, 37.99992800007175], [-120.50923900031526, 37.99962300034688], [-120.5092560000337, 37.99929300026024], [-120.50933499967643, 37.99903400023332], [-120.50939300030106, 37.998774999999625], [-120.50951299995165, 37.998499999682274], [-120.50969200005179, 37.99815999970492], [-120.50992499968028, 37.99795699993513], [-120.51021900030649, 37.99780299997905], [-120.51029999959901, 37.99776100006362], [-120.51078699967074, 37.99763599973474], [-120.51131499975035, 37.99743999971329], [-120.51163000029293, 37.9973410002943], [-120.5117409997227, 37.99730599991004], [-120.51214800032679, 37.997176000257824], [-120.5124529999253, 37.997109999714574], [-120.5128389997147, 37.997066999832754], [-120.51318600004433, 37.9970810001757], [-120.51352199960499, 37.99702200007766], [-120.5138050003605, 37.996867000001885], [-120.51400600020197, 37.99663200033554], [-120.5139729996917, 37.996366000229386], [-120.51382700010183, 37.996019999935925], [-120.51354699971934, 37.9956109998389], [-120.51312699959477, 37.9953310003111], [-120.5127979997068, 37.99509099986512], [-120.51194599976212, 37.99446800015718], [-120.51125700002403, 37.993874999836706], [-120.5107830003711, 37.99338599984222], [-120.51051200020946, 37.99276699974033], [-120.5104319998435, 37.992611000245844], [-120.51031399984274, 37.9923809999776], [-120.50996300021345, 37.99195499988447], [-120.50947100011885, 37.99165200027202], [-120.50919499993434, 37.99150799981422], [-120.5087349996268, 37.99136599978404], [-120.50814200014818, 37.991232999860536], [-120.5075000002658, 37.991099999695855], [-120.50694899972164, 37.99098300010216], [-120.5063060000143, 37.990913999982], [-120.50576600023913, 37.99090199989297], [-120.50511500013587, 37.990995000177996], [-120.50451599991118, 37.9911439998941], [-120.50442100037493, 37.99121200014864], [-120.50376699989864, 37.991680999833456], [-120.50354599996571, 37.991893000282914], [-120.50280899964874, 37.9925989997264], [-120.50241700001155, 37.993061999878805], [-120.50172999992328, 37.99367200024199], [-120.50143799984527, 37.993933000022274], [-120.5010319999644, 37.99421800009687], [-120.50057500002988, 37.99465999980061], [-120.49981699979652, 37.99543700029348], [-120.49937400010572, 37.99618799990173], [-120.49918599978476, 37.99717199986191], [-120.49915200034792, 37.99821199988686], [-120.49928399969406, 37.9999250000644], [-120.49966399963564, 38.0006429999783], [-120.49986200000237, 38.00136500010847], [-120.50006299984382, 38.003133999851144], [-120.50016099975312, 38.00412399972238], [-120.50025500036276, 38.00509899999084], [-120.5004410001356, 38.0066300003407], [-120.50043799976254, 38.006648000152865], [-120.50032300013481, 38.00722800014889], [-120.50013700036199, 38.00749200022373], [-120.49982199981942, 38.00793700029757], [-120.49903900036999, 38.00825400020749], [-120.49866699992599, 38.008154999815666], [-120.4985969996058, 38.00813699966571], [-120.49852800000882, 38.008119000219175], [-120.49818999990003, 38.00803000021673], [-120.49804900033303, 38.00799299972267], [-120.49789699999707, 38.00799499997941], [-120.49785599998918, 38.008002000169775], [-120.4967160001644, 38.008197000148336], [-120.49515299984196, 38.00906499998527], [-120.49413799969065, 38.00996499987758], [-120.49342399983821, 38.010701000095665], [-120.4927739995599, 38.01112899976335], [-120.49224999967825, 38.011183000119395], [-120.4920560004078, 38.01120299969067], [-120.49203600031632, 38.01119400034433], [-120.49165899984945, 38.011023999900935], [-120.49115500005931, 38.01079600022777], [-120.49047299999391, 38.010240999763646], [-120.49035400016822, 38.0101039996962], [-120.48972499980628, 38.00937999975343], [-120.48892599956504, 38.00906800032649], [-120.48827100016214, 38.009069999846155], [-120.48824900042084, 38.009076999933875], [-120.48819599981908, 38.00907800004741], [-120.4879029999161, 38.009164999968455], [-120.48688699993987, 38.00946700002383], [-120.485234999929, 38.01078499994311], [-120.4836790001776, 38.01210599973932], [-120.48277199998132, 38.012385000263144], [-120.48171800037025, 38.01239899980483], [-120.48136799966757, 38.0123269998079], [-120.4799459998105, 38.01203600030886], [-120.47940000018752, 38.01192499988182], [-120.47920299964572, 38.011884999712215], [-120.47906499955346, 38.01187100007237], [-120.47795300021608, 38.011755999795206], [-120.47701400023276, 38.011914999841466], [-120.47655800012316, 38.01199299997844], [-120.47527699983307, 38.01228399964818], [-120.47443800030717, 38.01241600025582], [-120.47377999963288, 38.01244099982934], [-120.47300300003124, 38.012161000154904], [-120.47279799999187, 38.01199199990461], [-120.47195000024512, 38.011295999713326], [-120.47160100026566, 38.01109699984816], [-120.47102700015532, 38.01076899991219], [-120.46993099981313, 38.01025900010479], [-120.46850899995603, 38.00964899968616], [-120.46693200028822, 38.009411999710316], [-120.46653200025517, 38.00945000030454], [-120.46503000003212, 38.00959099989723], [-120.46374899974202, 38.01039000001644], [-120.46299100040696, 38.01161500011999], [-120.4627980000631, 38.011927000031285], [-120.4632320004314, 38.012774999740785], [-120.46374100024441, 38.01325199999941], [-120.46385199967419, 38.01335600015409], [-120.46443599983029, 38.01348800024671], [-120.46472899973323, 38.01355400020391], [-120.4665630002173, 38.013498000072474], [-120.46661300044602, 38.01349599996588], [-120.46691899986943, 38.01353599996414], [-120.46734499984179, 38.01359200006654], [-120.46842600011536, 38.01433500025715], [-120.46927100038737, 38.01546900003165], [-120.46967800009314, 38.01644800022135], [-120.46962500038968, 38.017280999974915], [-120.4694920003203, 38.01859600027848], [-120.46898500015709, 38.01941799998298], [-120.46884000039215, 38.019647999668294], [-120.4678029996012, 38.02013500011806], [-120.46742500020774, 38.02031199967583], [-120.46632600039084, 38.02072499981216], [-120.46453299991465, 38.02109199995065], [-120.46288500010175, 38.0217800003059], [-120.46213299971616, 38.022374999862244], [-120.46181499969884, 38.02287800010261], [-120.4616430001697, 38.023382000346786], [-120.46164499981953, 38.024388999729936], [-120.46176100017048, 38.024617000285744], [-120.46167499995676, 38.02594499976344], [-120.46147499994022, 38.026906000329056], [-120.46103999974706, 38.02784400006145], [-120.45962600028585, 38.02960700009358], [-120.4583550000415, 38.03086599966628], [-120.4577490001441, 38.03155199990943], [-120.45717000001088, 38.03253699980548], [-120.45662299966469, 38.033864000287025], [-120.4563060003706, 38.03500799969679], [-120.45595700039114, 38.03569400006382], [-120.45546799977129, 38.03665599983428], [-120.45531299996058, 38.03690199987673], [-120.45507500030922, 38.03727899975919], [-120.4549189997753, 38.037526000264556], [-120.45467399955291, 38.03761499982425], [-120.45437499980218, 38.03786499977376], [-120.4541000003409, 38.03809500027535], [-120.45396499972335, 38.03820800011567], [-120.45373399974468, 38.03841800032631], [-120.45374399979042, 38.03874600032643], [-120.45375499966106, 38.039137999711095], [-120.45376499970682, 38.03947099993326], [-120.45391000037009, 38.04018000016803], [-120.45394100033222, 38.041347000239924], [-120.45362300031489, 38.041804000164994], [-120.4531310002203, 38.04230799967166], [-120.45217799999325, 38.04292700030868], [-120.45108000000128, 38.044093999756704], [-120.44966200034214, 38.045170000292366], [-120.44908599968363, 38.045708000289906], [-120.44845300002206, 38.046299999816085], [-120.44834300041721, 38.04640199983897], [-120.4482160001956, 38.04652100003972], [-120.44703199998987, 38.047207999682264], [-120.4462799996043, 38.0477800003265], [-120.44555700042932, 38.04862700007799], [-120.44431499959897, 38.050687000059945], [-120.44424000015422, 38.050769999796906], [-120.44406600007696, 38.050963000065735], [-120.44395300009903, 38.05108799999765], [-120.44388699997681, 38.05116100035153], [-120.44379999993816, 38.0512589996946], [-120.44368699996026, 38.05138600031557], [-120.44360599976942, 38.05147600024904], [-120.44356399993663, 38.0515230003039], [-120.44344500011093, 38.05165500025149], [-120.4433940000573, 38.0517649996723], [-120.4433599997221, 38.05190299989512], [-120.44323500004866, 38.052403999932125], [-120.44313200011649, 38.05354700022252], [-120.4433940000573, 38.054668000224396], [-120.44346000017954, 38.0554709997429], [-120.44348100009594, 38.05572100026542], [-120.4433089996685, 38.05684200021496], [-120.44252899969382, 38.05874100008213], [-120.44115600024053, 38.059922000312426], [-120.4408519995686, 38.06018399984233], [-120.44047500000003, 38.060480999786726], [-120.44024400002135, 38.06050399969641], [-120.44006999994411, 38.06059599997013], [-120.43908699957983, 38.06082499968025], [-120.43807499980154, 38.06089399977056], [-120.43729300017704, 38.060733999810246], [-120.43616300039801, 38.06032299987348], [-120.43578799958095, 38.060025999995126], [-120.43509200017019, 38.05975100034276], [-120.4337620003746, 38.05943200015865], [-120.4333559995954, 38.05943200015865], [-120.43299200044567, 38.05952999974459], [-120.43182400013346, 38.05984400027656], [-120.43124500000023, 38.06050900029088], [-120.43104300033387, 38.06126399984183], [-120.43104499998368, 38.06279600013732], [-120.43113200002234, 38.063940000167534], [-120.43110299971, 38.065083999992325], [-120.43095899976997, 38.06556500004228], [-120.43081700037807, 38.06683199976817], [-120.43072899961622, 38.06762399994966], [-120.43055700008705, 38.06970599974538], [-120.43058700022429, 38.07105599995675], [-120.43064599977552, 38.07146699971464], [-120.43122400008386, 38.07219900028516], [-120.43125400022107, 38.07284000023105], [-120.43081900002788, 38.073388999880144], [-120.43024099971957, 38.07350300034171], [-120.42925800025364, 38.07348100021683], [-120.42827300023951, 38.07329800007898], [-120.42673800040453, 38.07270399979188], [-120.42612999995896, 38.07261299984567], [-120.42520500021934, 38.072727000102326], [-120.42465600022335, 38.072911000203824], [-120.424370999818, 38.07319999984006], [-120.42425000034248, 38.07332300009004], [-120.42407600026523, 38.07377999980477], [-120.42416400012874, 38.074351999976535], [-120.4242799995814, 38.07481000025685], [-120.4242510001674, 38.075702000006345], [-120.42415699955777, 38.075836999911665], [-120.42411800009802, 38.07589299976255], [-120.42381799962405, 38.07631999977933], [-120.42225699984975, 38.07805900016185], [-120.42153299995158, 38.078746000041306], [-120.42054299991463, 38.0794879998972], [-120.42043300030979, 38.079570000343686], [-120.41953799980905, 38.08016499987189], [-120.41950799967182, 38.08023400010639], [-120.41898700016323, 38.080485000010746], [-120.41863900000868, 38.0805999998622], [-120.41690400015713, 38.08053199981815], [-120.41684399988267, 38.08053999999297], [-120.41617100003813, 38.08063500005779], [-120.41532199956818, 38.08110599988846], [-120.41463000035533, 38.08191100023471], [-120.41460199986794, 38.0823510002531], [-120.41459600002014, 38.0824410002842], [-120.41456400023309, 38.08292699981071], [-120.41455900021025, 38.083002999654056], [-120.41458900034746, 38.08396400012519], [-120.41430099956906, 38.084153999719035], [-120.41424200001784, 38.084193000222115], [-120.41189799989584, 38.08602400015319], [-120.41091500042988, 38.087373999650616], [-120.41059599968933, 38.08787700022818], [-120.4104240001602, 38.089341999686624], [-120.41051100019885, 38.0905309998842], [-120.41022099977062, 38.09156099982528], [-120.41039599967279, 38.0924299997957], [-120.41037899995436, 38.092815000238694], [-120.41036700025879, 38.093094000127934], [-120.41025099990783, 38.093391000071264], [-120.41013499955687, 38.093940999921635], [-120.40958700028409, 38.09487899971992], [-120.40944199962085, 38.095198000146766], [-120.40947099993313, 38.09609099966356], [-120.40999200034007, 38.09853900032179], [-120.41051399967358, 38.099934000038786], [-120.41051600022172, 38.10106000031734], [-120.41051600022172, 38.10121499978806], [-120.41042800035815, 38.101535999949526], [-120.41000800023357, 38.10239899996941], [-120.4095710003906, 38.102979000176], [-120.40836999956811, 38.103904999937505], [-120.4057579996575, 38.10562700013871], [-120.40418500018768, 38.10653800015216], [-120.4037929996522, 38.106764999826005], [-120.40372599970506, 38.10685999973864], [-120.40369599956783, 38.10687199991971], [-120.40329200023508, 38.10697499980238], [-120.40192300008144, 38.107825999878195], [-120.39998900003826, 38.1086440000722], [-120.398540000417, 38.10908099984729], [-120.39812600014021, 38.109155999903344], [-120.39586700040704, 38.10988900003461], [-120.39473900027781, 38.11069000020397], [-120.3942739999474, 38.11091799983482], [-120.3931750001305, 38.111857000234366], [-120.39108899975135, 38.11300100034738], [-120.39025299970018, 38.113545999815194], [-120.3899320002081, 38.113754999989986], [-120.38981599985715, 38.113754999989986], [-120.38967100009219, 38.11391599995689], [-120.38796300000486, 38.11524299982759], [-120.38720899996945, 38.11601999976616], [-120.38657299993481, 38.117302000211886], [-120.38622499978027, 38.1182399997749], [-120.38602300011391, 38.12002399990661], [-120.385761999998, 38.120938999865196], [-120.38442999965426, 38.12361599995935], [-120.38431500002655, 38.12421099991588], [-120.3841560000179, 38.12485400019547], [-120.38414000012435, 38.12492000010043], [-120.38402600032155, 38.12565199967108], [-120.38364899985469, 38.12647599973995], [-120.38335799960156, 38.12686499994456], [-120.38251900007565, 38.12757399979392], [-120.38023100003014, 38.12869400005874], [-120.37947799981964, 38.129174999946486], [-120.37883500011233, 38.12972399975873], [-120.37878300023377, 38.129768999942506], [-120.37875999976924, 38.1298140000986], [-120.37823199968963, 38.13084500011032], [-120.3781170000619, 38.13137099985898], [-120.3780879997496, 38.13207999975249], [-120.37823199968963, 38.132332000204414], [-120.37826100000194, 38.13276600004227], [-120.37846299966833, 38.13317800030409], [-120.37849199998064, 38.13347600034406], [-120.37869500037021, 38.13391100026657], [-120.37866600005789, 38.13482599999814], [-120.37803000002327, 38.13555700006245], [-120.37759900002806, 38.13566999985686], [-120.37724699967553, 38.135763000025314], [-120.3769139995896, 38.13578799986804], [-120.37610699985076, 38.13584900009848], [-120.37602999985786, 38.135855000280515], [-120.37567900022857, 38.13590499989443], [-120.37490199972865, 38.136014999772264], [-120.37478999957567, 38.13604000023524], [-120.3735679997351, 38.136311999744734], [-120.37266999975964, 38.13674699972093], [-120.37139600004055, 38.137868000309574], [-120.37137799959886, 38.13791700019086], [-120.37101799974876, 38.13887400011396], [-120.37104100021328, 38.13936800027536], [-120.37105399973379, 38.1396629998338], [-120.37107700019831, 38.14017799970119], [-120.37111499983314, 38.14024399988102], [-120.37124999955235, 38.14047499968707], [-120.37174300037017, 38.14081899976778], [-120.3723509999174, 38.14113899994778], [-120.37342299997015, 38.141459999855314], [-120.37550900034924, 38.141711999711035], [-120.37568599990128, 38.14178099976367], [-120.3760039999186, 38.14190599988735], [-120.37603099968278, 38.14191700024975], [-120.37611299969855, 38.14204700010335], [-120.37614700003371, 38.14210000025442], [-120.37616299992723, 38.142251999700804], [-120.37620300011021, 38.142649000340406], [-120.37603099968278, 38.14283300032773], [-120.37599499969775, 38.14289099981285], [-120.37594700001719, 38.14296999996317], [-120.3756540001142, 38.14345000003924], [-120.37548699970964, 38.14359100009734], [-120.37400200010337, 38.144845000350024], [-120.37264100034561, 38.146629999903176], [-120.37243700013113, 38.14713300012553], [-120.37235000009251, 38.1477960002098], [-120.37217699984014, 38.14864300008908], [-120.37150999984337, 38.149924000248504], [-120.37092999988522, 38.15045000023039], [-120.37084299984656, 38.15061000021384], [-120.36881500009207, 38.15223400010605], [-120.36756899996209, 38.15280600005229], [-120.36449900029207, 38.15328599969213], [-120.36186200026712, 38.15339999983992], [-120.36165700022771, 38.15343799984959], [-120.36156199979315, 38.153456000293424], [-120.3615090000897, 38.1534660000671], [-120.35890499967671, 38.15394800010813], [-120.35754399991899, 38.153879000260964], [-120.35755300013983, 38.15403800024056], [-120.35756599966031, 38.1542610002944], [-120.3575730002313, 38.15438099969589], [-120.35760099982039, 38.15486300004708], [-120.35789100024861, 38.15580100010731], [-120.35791999966261, 38.15808900022346], [-120.35812300005222, 38.158386000044565], [-120.35980299965215, 38.15920999992578], [-120.36020799970812, 38.159529999954735], [-120.36032300023416, 38.15991899984033], [-120.36032400005905, 38.160354000328525], [-120.36009200025549, 38.16069699974252], [-120.35954200043457, 38.16129199968444], [-120.35938400025083, 38.16134499997915], [-120.35933800022006, 38.16136000013552], [-120.35678700040883, 38.16298400008269], [-120.35562800031748, 38.16348699982222], [-120.35525199967553, 38.16357800031007], [-120.35400499972062, 38.16353199966627], [-120.35357200007559, 38.16378400025752], [-120.35246999988561, 38.166276999783626], [-120.35165599957574, 38.167649999959536], [-120.35144700023667, 38.16834599970822], [-120.35139500035814, 38.168518999966146], [-120.35049700038269, 38.16982299999071], [-120.34991700042455, 38.17018900005311], [-120.3493369995681, 38.170507999891726], [-120.34835300027724, 38.17071400003077], [-120.34704900042091, 38.17053099978186], [-120.34588899960632, 38.17018699999219], [-120.3448159997287, 38.17011799997435], [-120.34426599990778, 38.17023299996773], [-120.34284599970049, 38.170734999809966], [-120.34093299957372, 38.17162700001177], [-120.34052699969287, 38.17194699991905], [-120.34020799985065, 38.172381999967584], [-120.34020799985065, 38.17293000023107], [-120.34081600029619, 38.17434900028928], [-120.34096100006114, 38.17482900005717], [-120.34093099992393, 38.17553899986079], [-120.3404659995935, 38.17762000012622], [-120.3402039996527, 38.17798599987253], [-120.33994500008491, 38.17819200005953], [-120.3394220000282, 38.1783060001047], [-120.33890099962129, 38.178282999843596], [-120.33782799974362, 38.17800800030424], [-120.3372489996104, 38.178054000286586], [-120.3372550003565, 38.17811700032284], [-120.33727799992275, 38.17837400022012], [-120.33736400013646, 38.178419999971474], [-120.33765399966636, 38.17908300017754], [-120.33745000035017, 38.18050099987388], [-120.33759400029021, 38.1808220002437], [-120.3383890003335, 38.18146799977415], [-120.33855099981692, 38.18160000019331], [-120.338549999992, 38.18180600004871], [-120.33970900008337, 38.18311100015081], [-120.33965100035702, 38.18363600024551], [-120.33950599969377, 38.18391099972672], [-120.33889599959842, 38.18420800025998], [-120.33820000018763, 38.18434499983874], [-120.33625899957343, 38.184390000221406], [-120.33553399985033, 38.18496199996452], [-120.33541800039771, 38.185258999743496], [-120.33547600012403, 38.18617399999535], [-120.33562000006407, 38.1867690002661], [-120.33570700010273, 38.1868149996598], [-120.33588000035509, 38.187271999671964], [-120.33585199986767, 38.18756999970991], [-120.33564699982826, 38.18793499981782], [-120.33524099994739, 38.18818700005726], [-120.33466199981416, 38.18832399991972], [-120.33413999958236, 38.188278000066795], [-120.3332130001929, 38.188003000125235], [-120.33271900044849, 38.18804900015178], [-120.33228599990512, 38.18823099969589], [-120.33199399982708, 38.18855199989769], [-120.3318490000621, 38.18889500006548], [-120.33173699990913, 38.19026100017575], [-120.33173299971115, 38.190313000126565], [-120.3315879999462, 38.19035900010639], [-120.33150000008267, 38.19083900031163], [-120.33133900042418, 38.19216399980119], [-120.33132500018047, 38.19228000003114], [-120.33080299994865, 38.19317199983815], [-120.33028099971683, 38.193629000208205], [-120.33013599995188, 38.1938809998098], [-120.33019299985328, 38.1941779999353], [-120.33039600024287, 38.19459100034056], [-120.33042399983195, 38.194978999797804], [-120.33030900020424, 38.195162000068905], [-120.32964200020747, 38.195458999912084], [-120.32868499978247, 38.19564199968296], [-120.32807700023523, 38.19569400002781], [-120.32683000028035, 38.19580100034894], [-120.32636699959974, 38.195938000009384], [-120.32598900020629, 38.19655500006797], [-120.3258710002055, 38.198065000089045], [-120.32566799981592, 38.1987280001157], [-120.32511600034518, 38.19941500003887], [-120.32444900034841, 38.19987200005788], [-120.32403199969856, 38.20007700015404], [-120.32362400016788, 38.20027799979116], [-120.32282499992664, 38.20067199979861], [-120.32189599998904, 38.201333999779855], [-120.32128599989366, 38.202408999926874], [-120.32053199985826, 38.204238999928016], [-120.31966099964698, 38.20524500031126], [-120.31850099973072, 38.20588499988175], [-120.31777500018272, 38.206570999799894], [-120.3172529999509, 38.20725600008449], [-120.31722199998876, 38.20881200013937], [-120.31681600010788, 38.209498000001396], [-120.3164779999991, 38.20992800004683], [-120.31641199987685, 38.210011999795206], [-120.31582799972074, 38.21075500001198], [-120.31576999999442, 38.211167000092125], [-120.31591499975937, 38.21210499969228], [-120.31556599977992, 38.2126999998459], [-120.31414499974774, 38.21381999997546], [-120.31211199997036, 38.21580899968287], [-120.31132799979773, 38.21750199969963], [-120.31019600036888, 38.21841599985724], [-120.30973900043436, 38.21920599984082], [-120.30963200030425, 38.21939200009208], [-120.30946900009764, 38.219673999748274], [-120.30891799955349, 38.220840000298466], [-120.30819100018057, 38.22207400005244], [-120.3075790004354, 38.2244309998976], [-120.30734599990856, 38.22472800030114], [-120.30563500034648, 38.2254349999803], [-120.30363299963292, 38.227011999969086], [-120.30313899988852, 38.227584000096165], [-120.30197700032241, 38.22943599979963], [-120.30154100030433, 38.22973400015082], [-120.2999489996696, 38.230345999989154], [-120.29762299998927, 38.231240000307146], [-120.29724700024562, 38.231514999939264], [-120.295661000357, 38.2319850001748], [-120.29417199965444, 38.23242699998809], [-120.29227600014444, 38.233336000283046], [-120.29218400008293, 38.23338000015498], [-120.29193499966257, 38.23349999979866], [-120.29179099972251, 38.23356899975107], [-120.29170299985897, 38.2336380003436], [-120.2912400000767, 38.234003000231304], [-120.29077399992138, 38.23482600024799], [-120.29060099966902, 38.23528300018768], [-120.29048299966826, 38.23619900028312], [-120.29042400011704, 38.23736499984673], [-120.29024800038992, 38.238051000047], [-120.29056600040724, 38.2395150000357], [-120.29047099997267, 38.24047600002444], [-120.29044800040646, 38.24070500012115], [-120.29050699995767, 38.240774000292305], [-120.29021599970454, 38.24150600019265], [-120.29027199978106, 38.24265000007789], [-120.29038800013201, 38.242831999987274], [-120.29035700016985, 38.24388499994266], [-120.2901780000697, 38.24449499978441], [-120.29014299990962, 38.244613000000314], [-120.29009699987886, 38.244770000086234], [-120.29005199967304, 38.24492199987336], [-120.28977300001378, 38.24587499995637], [-120.28922099964471, 38.24655999989505], [-120.28713199979084, 38.24726800007481], [-120.2867839996363, 38.24749600026697], [-120.28655199983271, 38.247815999776], [-120.28643399983193, 38.24893700002168], [-120.28614199975388, 38.249760999952336], [-120.2859400000875, 38.24992000019421], [-120.28509200034078, 38.25100099988434], [-120.2842219999544, 38.25159499973697], [-120.282770999785, 38.25186899966455], [-120.28219000000196, 38.25211999975488], [-120.28096899998633, 38.25337699979323], [-120.27972000038157, 38.254932000029044], [-120.27847199970343, 38.255936999692246], [-120.27768699970589, 38.25632500009178], [-120.27733899955135, 38.25669099990415], [-120.27661200017843, 38.25806300012251], [-120.27635000023758, 38.25840600000879], [-120.2759140002195, 38.258817000139835], [-120.27566800017223, 38.258913999939764], [-120.27550699961543, 38.25897699983502], [-120.274688000181, 38.25899599981508], [-120.27356400024973, 38.259020999707076], [-120.27307100033022, 38.25915800026018], [-120.27243199992257, 38.25977499965787], [-120.2723149997467, 38.26032399977414], [-120.27230200022619, 38.26090399968688], [-120.27228499960945, 38.26167399998125], [-120.27242799972457, 38.26217700015537], [-120.27283399960547, 38.26267999966818], [-120.2734999997773, 38.263367999691944], [-120.27379000020557, 38.263733999997854], [-120.2739919998719, 38.2643739999016], [-120.27378799965743, 38.26542600007271], [-120.27368300007542, 38.265583000337095], [-120.27349599957935, 38.26586100021991], [-120.27218900024832, 38.26718700001451], [-120.27189899982005, 38.267643000235154], [-120.27105299972315, 38.270204999769305], [-120.27100900024054, 38.27028099990304], [-120.27076200036832, 38.27070800011327], [-120.27066199991091, 38.270779000129394], [-120.27018099968696, 38.27111899976121], [-120.26931000037402, 38.27141599987112], [-120.26853600024712, 38.27149699969033], [-120.26843999998765, 38.27150700018413], [-120.26724900010925, 38.27187200034021], [-120.2664370003475, 38.272237000072266], [-120.2662130000415, 38.27241299971643], [-120.26604499981202, 38.27254400019248], [-120.26599999960621, 38.27258000003431], [-120.2648940001166, 38.27424799969814], [-120.26422700011982, 38.27488800004973], [-120.26221500025885, 38.27627999970871], [-120.26208800003724, 38.27636800032642], [-120.26204799985426, 38.27639599982743], [-120.26047899968407, 38.27806399998602], [-120.26044699989701, 38.278138999694114], [-120.26030299995698, 38.27847600026597], [-120.25905299962902, 38.280579000026634], [-120.25902199966688, 38.28067499975494], [-120.25899300025287, 38.280762000060136], [-120.25878999986328, 38.28158500018833], [-120.25858399999895, 38.2821570003442], [-120.25812000039176, 38.28304899968982], [-120.25806000011731, 38.28323199984329], [-120.25792799987285, 38.283387999806386], [-120.25718899990603, 38.28426099982644], [-120.25637399977127, 38.28574699995398], [-120.25605400010411, 38.28613499977503], [-120.25541399987154, 38.28649999973065], [-120.25451400024626, 38.28677399986286], [-120.25259899957133, 38.286795000005284], [-120.25187200019842, 38.28702199971343], [-120.25119599998081, 38.28760699991349], [-120.25103399959912, 38.28774700031683], [-120.25100699983493, 38.28776800017774], [-120.24984400044391, 38.288685999743805], [-120.24862599990301, 38.2893740001817], [-120.24748899955296, 38.28988899995931], [-120.24746599998672, 38.28989999983121], [-120.24730600015316, 38.28999699971885], [-120.24697300006724, 38.29019900026089], [-120.2453799996076, 38.29157300022619], [-120.24277000024514, 38.29317699972517], [-120.2408110000876, 38.2949300000476], [-120.2406699996223, 38.29505699977188], [-120.24059600000243, 38.295122999918334], [-120.24056699969015, 38.295214999851375], [-120.24033400006162, 38.29528399972461], [-120.24028700020597, 38.29533500032445], [-120.23986999955612, 38.29578699976068], [-120.23917699962008, 38.296839999980115], [-120.23906000034256, 38.296839999980115], [-120.23876599971635, 38.29727300008005], [-120.23798800028982, 38.29841899966409], [-120.23766900044758, 38.298488999693056], [-120.23708899959112, 38.29846600005359], [-120.23671200002256, 38.29869499997077], [-120.23668100006043, 38.29895100016467], [-120.23665400029627, 38.29917599987843], [-120.23706100000204, 38.299542000178064], [-120.2371499996905, 38.30041000009422], [-120.23729600017866, 38.300981999937], [-120.2372679996913, 38.30155400020453], [-120.23700599975047, 38.30203500019111], [-120.23657099955727, 38.30244600013987], [-120.23605900026952, 38.302751000164406], [-120.23594299991856, 38.30281999992044], [-120.23456999956697, 38.30363800003694], [-120.23430900034937, 38.303958999966945], [-120.23432299969474, 38.304393999772785], [-120.23434100013642, 38.30496500033577], [-120.23439899986272, 38.30574300021641], [-120.23422499978547, 38.3060629997169], [-120.2340089998754, 38.30625800013008], [-120.23381999972949, 38.30643000008464], [-120.23228999991738, 38.30683899997387], [-120.23210699961926, 38.30688799967147], [-120.23206800015952, 38.30692799975968], [-120.23197699992294, 38.30702300032144], [-120.23155599997345, 38.307461000151825], [-120.23083000042543, 38.3093930002535], [-120.23079600009027, 38.309484999713106], [-120.23051599970778, 38.31023000022426], [-120.2297630003956, 38.31160299988287], [-120.22962699995315, 38.31271399987891], [-120.22962000028045, 38.31276900024606], [-120.22947200014244, 38.31291300006141], [-120.22924199998869, 38.313135999808374], [-120.22906999956122, 38.3134540001704], [-120.22903799977416, 38.313512999973376], [-120.22889499965905, 38.31377699999711], [-120.22874900006917, 38.31439399976726], [-120.2285619995731, 38.31465000023961], [-120.22854800022773, 38.314668999748584], [-120.22836999995249, 38.314691999889426], [-120.22710299990608, 38.3148559997322], [-120.22695099957012, 38.31487600004867], [-120.22605099994485, 38.31519799973251], [-120.22567299965309, 38.315426999690416], [-120.22542999997883, 38.31570599985906], [-120.22535499963574, 38.315792999752745], [-120.22486400026442, 38.317439999724634], [-120.22451600010984, 38.31819499996741], [-120.22350099995855, 38.31897399968859], [-120.22297899972672, 38.31963799969907], [-120.22265900005956, 38.319820999904515], [-120.22252699981512, 38.319837999996444], [-120.22209599981987, 38.31989500006828], [-120.22109200043754, 38.32002800029652], [-120.22088400002507, 38.320097999910594], [-120.22080799985709, 38.32012399999172], [-120.21955199968131, 38.320551000179044], [-120.21947499968844, 38.3205770000977], [-120.21847200013103, 38.32091799982077], [-120.21839199976507, 38.32094499968072], [-120.2179580002951, 38.321013999746945], [-120.21768899978326, 38.32113299975792], [-120.21753200032275, 38.32120200035], [-120.21696999990797, 38.321449000153876], [-120.21680599987643, 38.321568000155565], [-120.2167670004167, 38.32159599983741], [-120.21599900013759, 38.32215300019577], [-120.21592700016758, 38.32220500028413], [-120.21549500034745, 38.32236199967393], [-120.21403999998005, 38.322891999955196], [-120.21293699996521, 38.32362499971761], [-120.2123129996261, 38.323939999790184], [-120.21107900009, 38.32456399991931], [-120.21057600012475, 38.32496100021416], [-120.21023800001595, 38.3252280001747], [-120.20893400015963, 38.32673899971023], [-120.20878900039466, 38.32680799989916], [-120.20844100024011, 38.327173000306], [-120.20739400030175, 38.3277459997604], [-120.20722100004939, 38.3279750002517], [-120.20565400042733, 38.32921200010997], [-120.20516099960953, 38.32964599999091], [-120.20397300010416, 38.33204899986593], [-120.20391600020275, 38.33215000014475], [-120.2038569997532, 38.33225499995039], [-120.20371100016335, 38.332552000026546], [-120.20318999975645, 38.333376000291594], [-120.20275399973833, 38.3338569999009], [-120.2018270003489, 38.334405999953816], [-120.20153600009574, 38.33463599971894], [-120.20115899962887, 38.33532200006822], [-120.20107699961311, 38.336046000060726], [-120.2010559996967, 38.336226999985456], [-120.20098700009976, 38.33683199998305], [-120.20078299988526, 38.33735800005433], [-120.19994299963612, 38.33898200027944], [-120.19993599996342, 38.33901100010362], [-120.19988400008488, 38.33923399989444], [-120.19837600001404, 38.34056200029425], [-120.19808099956296, 38.34100100022747], [-120.19788800011742, 38.341286999855484], [-120.19785299995733, 38.34133900030707], [-120.19779600005592, 38.34170599966863], [-120.19759400038956, 38.342162999987465], [-120.19693300024056, 38.34231699978769], [-120.1966060000024, 38.34239299978804], [-120.19616999998432, 38.34285000000011], [-120.1960849995955, 38.34332999965607], [-120.19617199963415, 38.3445890002537], [-120.19608600031874, 38.34477099971555], [-120.1947799999143, 38.346349999856464], [-120.19446100007204, 38.347585999832], [-120.19414300005472, 38.34834100025916], [-120.19373499962572, 38.34900399994684], [-120.1933010001558, 38.3493709999248], [-120.19234299990586, 38.34966899996307], [-120.19123900006608, 38.3498530000978], [-120.19092000022385, 38.35014999989171], [-120.19080499969783, 38.351521999688764], [-120.19071699983427, 38.3517049996938], [-120.19034000026572, 38.35218600018868], [-120.19013699987612, 38.352758000159795], [-120.18996399962377, 38.3539699999966], [-120.18996000032413, 38.354056999748565], [-120.18995100010329, 38.354270000060346], [-120.1899450002555, 38.35439900004376], [-120.18993699985958, 38.35458899990113], [-120.18989400020186, 38.35557799987508], [-120.18988599980597, 38.355763999677976], [-120.18987699958515, 38.35595999983186], [-120.1897839996987, 38.35617600035013], [-120.18971299955362, 38.356340000013205], [-120.18953099997873, 38.356760999955945], [-120.18948900014594, 38.356792000271575], [-120.18937199997006, 38.35687900015488], [-120.18903700023431, 38.35712800006898], [-120.18900500044725, 38.35714600013994], [-120.18885899995908, 38.35722800032817], [-120.18855000016258, 38.35740200035124], [-120.18842799996386, 38.35747100022029], [-120.18822299992445, 38.357585999855914], [-120.1878899998385, 38.35767800013735], [-120.18780000032514, 38.357702999849025], [-120.18706200018326, 38.35790600014709], [-120.1865099998142, 38.35822599972828], [-120.1857840002662, 38.35838700030571], [-120.18572599964156, 38.35845599994043], [-120.18479699970396, 38.35882199965966], [-120.18467299985544, 38.35910500001397], [-120.18463100002263, 38.35920200031642], [-120.18457499994614, 38.35933099996541], [-120.18453300011335, 38.35942699971883], [-120.18447700003684, 38.35955699991574], [-120.18444799972453, 38.359622999817994], [-120.18444500024978, 38.35963499992186], [-120.18441299956442, 38.359787999662586], [-120.18431100035548, 38.36027199999568], [-120.1842920000889, 38.36036199991913], [-120.18426600014963, 38.36048599986516], [-120.1842410000353, 38.36060600008788], [-120.1841990002025, 38.36080700024417], [-120.18418800033184, 38.360857999837606], [-120.1841640000424, 38.360907999873774], [-120.18404000019383, 38.36116599990575], [-120.18398999996512, 38.361270999917615], [-120.18387000031453, 38.36152099973538], [-120.18361699969623, 38.36183299994788], [-120.18354999974906, 38.36191599996985], [-120.18320199959453, 38.36234500012776], [-120.18250500035883, 38.36374100013724], [-120.18241900014512, 38.36554799998375], [-120.18224500006784, 38.366143000052105], [-120.18117100036528, 38.36749300021455], [-120.1810039999607, 38.36792100029282], [-120.1809389996634, 38.3680879997882], [-120.17995100017454, 38.368865999696546], [-120.1791379996896, 38.36973500004047], [-120.17844200027882, 38.37021599977564], [-120.17730900012671, 38.37078800026728], [-120.1765819998555, 38.37106300034354], [-120.17646600040285, 38.371246000255596], [-120.17664200012996, 38.37261899966672], [-120.17661299981764, 38.373509999746815], [-120.17646700022776, 38.3737850000425], [-120.17617699979955, 38.37401400006993], [-120.17591499985872, 38.373990999743164], [-120.17581600012453, 38.373955000227504], [-120.17452099959071, 38.373488000016046], [-120.17414400002217, 38.37351099979843], [-120.17402699984632, 38.37362600000921], [-120.17382400035504, 38.374403000202136], [-120.17382400035504, 38.374482999779936], [-120.17382400035504, 38.374929999974626], [-120.1738079995632, 38.374976000023864], [-120.17362099996544, 38.37550199982423], [-120.17275099957907, 38.37584500023565], [-120.17089000022914, 38.37580000005466], [-120.17051299976227, 38.3759140001302], [-120.16963999990121, 38.37671499987683], [-120.16942900001398, 38.376900000293254], [-120.16937899978527, 38.37694399978593], [-120.16937899978527, 38.37705800017159], [-120.16929099992173, 38.377132000325794], [-120.16844900002278, 38.37783700011194], [-120.16801399982958, 38.37840900021833], [-120.1672890001065, 38.379071999900226], [-120.16676600004979, 38.37975799975301], [-120.16502299980232, 38.380352999883144], [-120.16266899963456, 38.380925999762894], [-120.16121599981533, 38.38090300022509], [-120.1611430000204, 38.380970000327984], [-120.16104099991315, 38.38106399965303], [-120.16078099962213, 38.381521000144794], [-120.16076399990372, 38.381678999789585], [-120.16075200020813, 38.381796000271244], [-120.1606340002074, 38.381887000123875], [-120.16034499960405, 38.38257300004088], [-120.15854299980536, 38.3852949997713], [-120.15796299984723, 38.38577600028016], [-120.15647999989078, 38.386279999650476], [-120.15625099956192, 38.386461000056485], [-120.15610400014714, 38.3865769999735], [-120.15531900014958, 38.38689700023685], [-120.15482399968194, 38.38687500035205], [-120.15398199978299, 38.386715000348715], [-120.15348800003855, 38.3867829998653], [-120.15321699987693, 38.3868899997621], [-120.15308100033279, 38.38694400028827], [-120.15223799971062, 38.38769800018927], [-120.15002900020615, 38.388545000294414], [-120.14895499960528, 38.38886500029939], [-120.14750099996114, 38.38968899985011], [-120.14657200002353, 38.39037499970031], [-120.14617700001334, 38.391031999983795], [-120.14598200001966, 38.39135699997814], [-120.14581600033831, 38.391632999825134], [-120.14548099970423, 38.39191900011131], [-120.14546700035886, 38.39193099978835], [-120.14518000030365, 38.39207299968849], [-120.14444899983447, 38.39243499991768], [-120.14383999956404, 38.39250299968853], [-120.14293900011384, 38.39307499999244], [-120.14253400005789, 38.393254999806906], [-120.14226899974402, 38.39337199986843], [-120.14224399962966, 38.39339999995742], [-120.14215599976609, 38.39349600028067], [-120.14189200017545, 38.393783999781604], [-120.14161699981587, 38.39385399993684], [-120.14137099976854, 38.39391700022981], [-120.14099099982695, 38.39401299986665], [-120.13918800020335, 38.39373799972315], [-120.1387270000709, 38.393594000024436], [-120.13735799991724, 38.39316599973556], [-120.13717200014442, 38.39322699966177], [-120.13700999976272, 38.393280999680435], [-120.1367770001342, 38.393485999710215], [-120.13666099978327, 38.39396699995389], [-120.13663200036927, 38.39485900017608], [-120.13627800036693, 38.395523999940316], [-120.13625400007749, 38.39556800007318], [-120.13575899960983, 38.39611699973555], [-120.1356719995712, 38.39611699973555], [-120.13491599988596, 38.39652900020013], [-120.13386999977249, 38.3968029998551], [-120.13273800034365, 38.39682599996905], [-120.13032499972634, 38.39607099975331], [-120.12884199976989, 38.39575099995448], [-120.12820300026053, 38.39581900012705], [-120.12695299993257, 38.396391000247924], [-120.12614100017085, 38.39689099994534], [-120.12602399999497, 38.39696300006756], [-120.1252089998602, 38.397535000289906], [-120.12247599957577, 38.39886200028502], [-120.12163299985188, 38.399478999824574], [-120.121371999736, 38.399432999869404], [-120.12064399963984, 38.399478000131914], [-120.1186979999011, 38.40041600000902], [-120.11785500017724, 38.4007360002794], [-120.11738900002192, 38.40082799991016], [-120.11631100012143, 38.40078499983712], [-120.11622800028073, 38.400782000109444], [-120.115853000362, 38.40102199975788], [-120.11566300039122, 38.4011439996785], [-120.11558600039831, 38.40119299966366], [-120.11515000038023, 38.40114700009515], [-120.114859999952, 38.40101000018155], [-120.11474399960105, 38.40075800017115], [-120.11466099976036, 38.40068000014075], [-120.11459800001117, 38.400621000224305], [-120.11452799969098, 38.4006230002819], [-120.11363999976128, 38.40064399982755], [-120.1125650002338, 38.4007809997308], [-120.11213599988841, 38.40091699970171], [-120.11196199981113, 38.40097199998481], [-120.11181000037348, 38.40101999971128], [-120.11164399979381, 38.401072999870884], [-120.11079799969689, 38.40134099979071], [-120.11063899968825, 38.40139100001255], [-120.10910499967814, 38.40187799982895], [-120.10820300040307, 38.40206099992955], [-120.1074479996444, 38.401352000349355], [-120.10744699981952, 38.40125100014911], [-120.10744699981952, 38.40116899986182], [-120.10596600041117, 38.40125999997754], [-120.10515299992622, 38.40087099995762], [-120.10259299989416, 38.40121300007907], [-120.0994980001098, 38.4014359997602], [-120.0994699996224, 38.401437999795235], [-120.09943299981245, 38.40144100019975], [-120.09901900043398, 38.40153199997305], [-120.09875699959488, 38.40182999996822], [-120.09840699979048, 38.4025840002288], [-120.0982040002992, 38.402766999949954], [-120.09805699998611, 38.40280600025763], [-120.09776900010604, 38.40288200011085], [-120.09764299970935, 38.40288499975143], [-120.09590700003288, 38.40292700033822], [-120.09553100028924, 38.4032849997571], [-120.09550000032712, 38.40331500021389], [-120.09533600029557, 38.403317000196935], [-120.09495499963076, 38.40332300014586], [-120.09481099969072, 38.40332500012869], [-120.09384400011828, 38.40333799966395], [-120.09297200008209, 38.40365700003554], [-120.09221600039687, 38.403451000345], [-120.09018100007135, 38.40374799983493], [-120.0898610004042, 38.40372499981135], [-120.08943200005884, 38.40353900008644], [-120.08927899989796, 38.403473000114424], [-120.08791399994227, 38.40338100033018], [-120.08742000019784, 38.4036100002877], [-120.08680799955432, 38.40450100017591], [-120.0853539999102, 38.40591799998983], [-120.08523300043468, 38.40593399998064], [-120.08500400010583, 38.405965000348736], [-120.0842779996595, 38.40605499975246], [-120.084045000031, 38.40619300026296], [-120.0839880001296, 38.406787999717324], [-120.0838120004025, 38.40701599985097], [-120.0831150002685, 38.40774800034595], [-120.08215500036877, 38.408456000267975], [-120.0819760002686, 38.408726999664204], [-120.08189599990267, 38.40884899995418], [-120.08128699963221, 38.40977299996394], [-120.08128199960936, 38.409782000139046], [-120.08084599959126, 38.41010300002033], [-120.08059399969619, 38.410183999778255], [-120.07921600022, 38.41062700008951], [-120.07863600026188, 38.41064200020345], [-120.07837000012307, 38.41064899978631], [-120.07818299962703, 38.41065400029238], [-120.07808800009079, 38.4106560000724], [-120.07741500024622, 38.41067299995981], [-120.07691999977858, 38.410923999654536], [-120.0767659997928, 38.411057999776844], [-120.07672099958698, 38.41109699983399], [-120.07610600036705, 38.411632000136], [-120.07603000019907, 38.411716999793015], [-120.07569899976296, 38.412089000312044], [-120.07546699995936, 38.41213499995555], [-120.0753099996005, 38.41192299985539], [-120.075145999569, 38.41170000015116], [-120.07470999955089, 38.41140300025611], [-120.07452999962585, 38.41141399998719], [-120.0739840000029, 38.41144800010537], [-120.07354799998478, 38.41172299974845], [-120.07325599990675, 38.41201999973602], [-120.07337200025769, 38.412295000017735], [-120.07361800030502, 38.41263600006795], [-120.07384199971267, 38.412946999951174], [-120.07386699982703, 38.41298100005185], [-120.07380699955256, 38.413369999651316], [-120.07369199992485, 38.413472000012185], [-120.07357499974898, 38.413575999928206], [-120.07180100043767, 38.41323200017604], [-120.07026200040472, 38.413298999887914], [-120.06973699979987, 38.41348099972657], [-120.06883600034968, 38.41448699968379], [-120.06836900036946, 38.41521899981415], [-120.06790300021413, 38.41549299971122], [-120.06752699957218, 38.415379000085764], [-120.0673809999823, 38.4150129999985], [-120.06720699990503, 38.414921000123435], [-120.06703200000283, 38.414944000103155], [-120.06639299959518, 38.4154009997435], [-120.06618900027898, 38.41537799990921], [-120.06569600035947, 38.414875000141954], [-120.06540500010634, 38.41476000006015], [-120.06432800003074, 38.41480499993037], [-120.06392100032497, 38.414941999737984], [-120.06275899986055, 38.41617700002097], [-120.06261200044577, 38.416519000210926], [-120.062262999568, 38.416678999715096], [-120.06171100009726, 38.416793000104654], [-120.06060600043257, 38.41686100018958], [-120.06040200021808, 38.416952000254945], [-120.06013899955401, 38.41729499974157], [-120.05982100043504, 38.417158000172684], [-120.0570880001506, 38.41710999990268], [-120.05668100044484, 38.417270000209484], [-120.05624500042673, 38.41756699991887], [-120.05574800030926, 38.41859600021781], [-120.0553700000175, 38.41877900021536], [-120.05374300012099, 38.41921200008644], [-120.05289899967387, 38.41930300000568], [-120.05260800031907, 38.41923399998465], [-120.0515899997947, 38.41934799986146], [-120.0510960000503, 38.4191649998977], [-120.0495989998501, 38.41925900024465], [-120.0493369999093, 38.41927500009685], [-120.0492940002516, 38.419277999760844], [-120.04903200031077, 38.41936900030071], [-120.04830300038972, 38.42062599968813], [-120.04780799992209, 38.42103799980109], [-120.04682000043327, 38.421426000266685], [-120.04644100031656, 38.42172299978076], [-120.04620799978976, 38.42211200016921], [-120.04603100023775, 38.42221300007037], [-120.04588800012263, 38.42229400032813], [-120.04484200000915, 38.42238499988373], [-120.04344600009132, 38.4229100003325], [-120.04277499989661, 38.42297800028981], [-120.04257200040533, 38.42316099974308], [-120.04233999970342, 38.42368700024331], [-120.0410290001744, 38.4254920000795], [-120.04056300001908, 38.42592699988558], [-120.03948599994348, 38.42594799981961], [-120.03931299969112, 38.42599399978784], [-120.03867500000665, 38.42597599995674], [-120.03849799955633, 38.42597099980742], [-120.0383829999286, 38.425696000208035], [-120.03777200000835, 38.42544399971712], [-120.03643499964173, 38.42461900020293], [-120.03585399985869, 38.42461900020293], [-120.03547700029013, 38.42471000034816], [-120.03463299984304, 38.42480099967497], [-120.03399299961045, 38.42463999981355], [-120.03163900034102, 38.4246610001218], [-120.03079499989394, 38.424613999959604], [-120.03074200019047, 38.4246180001543], [-120.02992299985776, 38.42468199972021], [-120.02925400021115, 38.42504800008483], [-120.02797200009614, 38.426396000007585], [-120.02701200019641, 38.42712699979379], [-120.02570099976906, 38.42794900020841], [-120.02584600043235, 38.428247000344015], [-120.02578899963264, 38.42845199972342], [-120.02506100043479, 38.42852000009276], [-120.02468300014303, 38.42865699992831], [-120.02386899983316, 38.42931899981195], [-120.02363399965651, 38.429914000238306], [-120.02337199971569, 38.4305999997451], [-120.02310999977489, 38.430873999708645], [-120.02107199997464, 38.4318329998377], [-120.02104400038553, 38.43188000022766], [-120.02081099985872, 38.4322670002093], [-120.02040300032803, 38.43267800012802], [-120.02019599974047, 38.43306500005476], [-120.01995100041643, 38.43352099982663], [-120.01997599963245, 38.43353600011278], [-120.022780000062, 38.4352260002009], [-120.026695000004, 38.437768999679136], [-120.02682100040069, 38.4378500000803], [-120.03521299980119, 38.44330300020901], [-120.03531599973336, 38.443368999678505], [-120.03638899961099, 38.44406899982471], [-120.04216599962615, 38.447936000195085], [-120.04574500000749, 38.450324999722206], [-120.04576599992389, 38.45033900034183], [-120.05357800026455, 38.45555400031233], [-120.0535959998079, 38.455565999973885], [-120.05365000023457, 38.45560699985774], [-120.05422500016984, 38.455258000290165], [-120.05457400014929, 38.455014000109735], [-120.05513700038898, 38.45505599993437], [-120.05562899958527, 38.45399799985088], [-120.05597699973984, 38.45371300010011], [-120.05637099992511, 38.45342999992978], [-120.05863100038151, 38.4526110001798], [-120.05993600006276, 38.45236700019285], [-120.06094000034341, 38.45182700005591], [-120.0619959996043, 38.45151899988753], [-120.06218899994816, 38.45136399998389], [-120.06230600012401, 38.451120999682665], [-120.06276399988342, 38.45091100011809], [-120.06300200043312, 38.45066299985188], [-120.06410500044798, 38.45085500017785], [-120.06475400000308, 38.45045600013731], [-120.06493300010322, 38.450207999714365], [-120.06531200021992, 38.44951599975721], [-120.06534900002984, 38.449288000095024], [-120.06534800020493, 38.4491140002199], [-120.06545299978693, 38.44900000019555], [-120.06572700032163, 38.448866999822215], [-120.06620199979945, 38.448433000046485], [-120.06622899956363, 38.44840800003659], [-120.06625600022612, 38.44839000016485], [-120.0666689997797, 38.44812700031505], [-120.0668300003365, 38.448099000325385], [-120.06799199990259, 38.448082000100236], [-120.06926999981965, 38.44802999967637], [-120.07067199958523, 38.44790099993782], [-120.07096299983837, 38.44780899974347], [-120.07112500022008, 38.44772200018586], [-120.07138299996296, 38.447582000046886], [-120.07160899991877, 38.44745900001218], [-120.0716609997973, 38.44743200019957], [-120.07232600014424, 38.44717399976107], [-120.07256600034376, 38.447081000309446], [-120.07257100036662, 38.44743000003066], [-120.07258899990997, 38.44847800004236], [-120.07259499975775, 38.448827999756205], [-120.07259300010794, 38.448891999673094], [-120.0725909995598, 38.449083999786595], [-120.07258999973489, 38.449148999888855], [-120.07258800008505, 38.449196999970084], [-120.07258600043524, 38.44934199972836], [-120.07258499971199, 38.44939100009024], [-120.07258300006221, 38.44942099969238], [-120.07258100041237, 38.44951099983099], [-120.07258100041237, 38.44954199979016], [-120.07257399984137, 38.449831000040014], [-120.07256799999358, 38.450167000280004], [-120.07256100032089, 38.4507009999423], [-120.07255799994783, 38.45099199984161], [-120.07255700012291, 38.45103800003498], [-120.072556000298, 38.45117700011997], [-120.072556000298, 38.45122399987554], [-120.072556000298, 38.451559999960686], [-120.07257600038949, 38.45160599979195], [-120.07256200014578, 38.45162900004834], [-120.07255100027515, 38.453443000297504], [-120.07255100027515, 38.4550999996909], [-120.07255100027515, 38.45517899968205], [-120.07254200005431, 38.45901999967806], [-120.0725429998792, 38.45904599980347], [-120.07252500033586, 38.4695100002103], [-120.07251899958978, 38.47304399983509], [-120.07251799976486, 38.47324499967237], [-120.07251699993996, 38.47385200032142], [-120.07251699993996, 38.47405400008308], [-120.07251500029012, 38.47487299970977], [-120.07251100009218, 38.47732999973086], [-120.07251000026729, 38.478150000127194], [-120.07251000026729, 38.47818199974432], [-120.07250500024439, 38.48079699971049], [-120.0724919998256, 38.48864399967638], [-120.07248799962764, 38.49126000028572], [-120.07250299969625, 38.49482499972304], [-120.07252500033586, 38.499910999731455], [-120.07248500015291, 38.50552199966251], [-120.07246099986347, 38.5090880000552], [-120.07246000003855, 38.509156000345314], [-120.07246199968836, 38.50924399988115], [-120.0724779995819, 38.509712000143054], [-120.07248400032799, 38.50986900029605], [-120.07323900018831, 38.50981000033245], [-120.07348799971035, 38.5097300001735], [-120.07395499969057, 38.50970799974517], [-120.07677800038667, 38.50900599993001], [-120.07685200000654, 38.50899500030906], [-120.07849200032182, 38.508732000051815], [-120.07869499981312, 38.50857200006144], [-120.07927700031938, 38.50777299999993], [-120.08002999963156, 38.50743000029779], [-120.08040799992332, 38.507430999901715], [-120.08165599970316, 38.507932000059796], [-120.08276200009108, 38.50829799993769], [-120.08351500030159, 38.50820499987421], [-120.08441599975176, 38.50783999982479], [-120.08505500015946, 38.507222999742396], [-120.08662400032965, 38.50704100007672], [-120.08941000031751, 38.50640000020623], [-120.09025200021647, 38.50672000034481], [-120.09077100007525, 38.50717200009488], [-120.0907970000145, 38.50715999988314], [-120.09111599985674, 38.50741100008824], [-120.09152199973761, 38.50750300016836], [-120.09222100041974, 38.50750300016836], [-120.09265800026274, 38.50729700013156], [-120.09361800016248, 38.507093000128535], [-120.09396799996685, 38.50690999982024], [-120.09525000008186, 38.50663700001707], [-120.09644400033332, 38.50608799984436], [-120.09657099965662, 38.505962999818045], [-120.09699499997915, 38.50553600011065], [-120.09768500044044, 38.50463700005463], [-120.09811899991041, 38.50435899972913], [-120.10029900000089, 38.50399700023056], [-120.10073800039203, 38.50410800013431], [-120.10076799963092, 38.50420000021616], [-120.10102999957175, 38.50440300033256], [-120.10115099994557, 38.50476800022801], [-120.10141600025943, 38.50506299983175], [-120.1027870000629, 38.505509999878754], [-120.10336899967088, 38.50543700009683], [-120.10417899978277, 38.50504100008647], [-120.10468299957294, 38.50491199968751], [-120.10473399962655, 38.50489999980211], [-120.10555100030948, 38.50419499986323], [-120.10604500005388, 38.50392299996537], [-120.1079959998155, 38.503839999928964], [-120.10831499965774, 38.503660000165034], [-120.10826000030447, 38.503225000049945], [-120.1089909998753, 38.50242900014114], [-120.10954900009216, 38.50133400011819], [-120.11080299971975, 38.50047199981066], [-120.11089300013144, 38.49986699989889], [-120.11118799968423, 38.49881100007199], [-120.11150999989952, 38.49851699989772], [-120.11273299956498, 38.498017999798975], [-120.11413100003095, 38.4975679997299], [-120.11538300000872, 38.49741400011049], [-120.11715600039341, 38.497468000270196], [-120.11744799957316, 38.49733299979512], [-120.11785699982705, 38.496671000261124], [-120.11829399967007, 38.496605000345845], [-120.11977699962654, 38.496542000338266], [-120.12161000028567, 38.49625400000402], [-120.12178600001276, 38.4961860001867], [-120.12207700026589, 38.496210000046865], [-120.12344499969633, 38.49595799971056], [-120.12519100031686, 38.49584399990498], [-120.12603499986562, 38.49598200034971], [-120.12637600034748, 38.49610299967134], [-120.12692899964311, 38.49630300013239], [-120.12790299978656, 38.49687600000668], [-120.1285940000728, 38.49706199974426], [-120.12882400022654, 38.497086999763106], [-120.12884099994497, 38.497205000100486], [-120.13017999996138, 38.4971380002246], [-120.13671600003484, 38.497400999935856], [-120.13677100028642, 38.497814000228445], [-120.13691600005137, 38.49795199971165], [-120.13816800002917, 38.49805400007676], [-120.13909799979166, 38.49831499979511], [-120.13938999986973, 38.49834099981226], [-120.1402960002411, 38.4979829999413], [-120.14099599984985, 38.497942999982655], [-120.14210100041282, 38.49811299982918], [-120.14248200017933, 38.4980250000497], [-120.14268800004366, 38.497820999795934], [-120.1429230002203, 38.49745700029299], [-120.14301500028182, 38.49744600031416], [-120.14376199974622, 38.496794999789394], [-120.14386600040162, 38.49671799989766], [-120.14450900010893, 38.49631599980216], [-120.14452199962942, 38.49630900008843], [-120.14483600034708, 38.496137999739396], [-120.14515000016644, 38.4959680001536], [-120.14555400039748, 38.495799999697354], [-120.14595899955513, 38.49563099978474], [-120.14670799956767, 38.495318999878], [-120.14854700007459, 38.49549900009725], [-120.14995200021325, 38.495247000086216], [-120.15076300015006, 38.495237000246135], [-120.15213099958048, 38.495355999869936], [-120.15269399982019, 38.49500000018528], [-120.152891000362, 38.494875999676644], [-120.15352300019869, 38.49443099999492], [-120.15471200042727, 38.49408100009955], [-120.15582200011482, 38.49410100009919], [-120.1566099995871, 38.49446499968522], [-120.157243000147, 38.49475699996307], [-120.15869599996626, 38.494874000120284], [-120.15967400030763, 38.494660999944514], [-120.16065299957563, 38.49451400032737], [-120.16168199997065, 38.49441499992834], [-120.1626560001141, 38.49432200021783], [-120.1643189999956, 38.494234999813], [-120.16447800000428, 38.49429300009459], [-120.16474999999085, 38.49439400023101], [-120.1650219999774, 38.494493999739284], [-120.16590999990709, 38.494820999904334], [-120.16631599978797, 38.49507900005783], [-120.16720500044092, 38.49564599981384], [-120.16845099967261, 38.496045999905824], [-120.16876799986501, 38.49614800015745], [-120.16908500005742, 38.496248999802525], [-120.16922399997458, 38.49629400019738], [-120.1713150003766, 38.49626899990334], [-120.17281099985354, 38.49638499995703], [-120.17485500039987, 38.49612500003752], [-120.1769550001244, 38.4964699996596], [-120.17789300028281, 38.4964250000777], [-120.17899299992465, 38.49587399987129], [-120.17983499982358, 38.49562300023667], [-120.18005400010671, 38.495557999833046], [-120.18060999977543, 38.49561899975923], [-120.1807229997533, 38.495681999870854], [-120.18203300035574, 38.496407999994], [-120.18340699963392, 38.49682800001907], [-120.1849170002529, 38.49689699968354], [-120.18631300017071, 38.49696099983293], [-120.18664600025666, 38.49708500026811], [-120.18859100017048, 38.49780699995726], [-120.1936469997622, 38.49878800009919], [-120.19465600006572, 38.498871000333125], [-120.19578500001987, 38.49896300007411], [-120.19822200002827, 38.49920199989138], [-120.19974699981753, 38.4995069997478], [-120.20127199960677, 38.49981199971882], [-120.20152000020221, 38.4998610002392], [-120.20176799989933, 38.499910999731455], [-120.20190900036464, 38.49996599983593], [-120.20204999993165, 38.50002099989837], [-120.20345400024539, 38.50056900022092], [-120.20570200010792, 38.501039000003736], [-120.20686899969687, 38.501039000003736], [-120.20772400001464, 38.501039000003736], [-120.20940500033781, 38.500756999658435], [-120.21071300039209, 38.50009900018338], [-120.21247199963477, 38.499336999675954], [-120.21422199955492, 38.49857599997392], [-120.2154939996242, 38.49838700003587], [-120.21683299964062, 38.49800199982598], [-120.21741699979671, 38.49770599968432], [-120.21791200026436, 38.49727199991406], [-120.2182029996192, 38.496814999738625], [-120.21922500034151, 38.49599500007739], [-120.22053800041866, 38.494418999769536], [-120.22120899971507, 38.49394000015537], [-120.22155900041776, 38.49381599993154], [-120.22214100002572, 38.493482000138236], [-120.22244399997443, 38.49337300033156], [-120.22276500036479, 38.49310500026062], [-120.22565099991179, 38.4911460000774], [-120.22603000002844, 38.49074200015675], [-120.22762199976485, 38.49046799970112], [-120.23039600005715, 38.49030200016538], [-120.23365900007103, 38.49034399982992], [-120.23493399961502, 38.490068000280516], [-120.2349319999652, 38.489998999700624], [-120.23554600025854, 38.48988500030973], [-120.23578100043515, 38.48965599973005], [-120.23660400006753, 38.48851600001336], [-120.23689500032069, 38.488116000304075], [-120.23692200008487, 38.488078000237266], [-120.23719300024652, 38.48787900002296], [-120.23744599996651, 38.487691999903724], [-120.23834999978975, 38.48730800008156], [-120.23905299977153, 38.48678899977847], [-120.23975599975331, 38.48601600020975], [-120.24001900041736, 38.48597400013211], [-120.23999900032588, 38.485947999870895], [-120.24008700018942, 38.48576400008007], [-120.24087100036206, 38.48535100032555], [-120.24168800014667, 38.485190999728374], [-120.24322999965436, 38.48537199984579], [-120.24462800012033, 38.48573699983811], [-120.24687000013508, 38.48655800012015], [-120.24727699984084, 38.486853999655395], [-120.24806299966332, 38.48689900029304], [-120.24876300017037, 38.48669299969077], [-120.24937200044081, 38.48669199979905], [-120.2510040003602, 38.48685099998689], [-120.25238100001145, 38.48678899977847], [-120.25275799958, 38.4869729997649], [-120.25327999981181, 38.48736200008133], [-120.2532510003978, 38.48745299987215], [-120.25420399972653, 38.48765400031655], [-120.25463700026991, 38.487709999812225], [-120.25532500018306, 38.48758000013766], [-120.25686800041399, 38.48706699970658], [-120.25698399986662, 38.48699500010632], [-120.25710000021758, 38.48692899976503], [-120.25873100031204, 38.48688299996015], [-120.25992600038845, 38.48671699990046], [-120.26077499996006, 38.48631799994654], [-120.26139299955305, 38.485868999831006], [-120.2620160000672, 38.48505400032796], [-120.2624939999181, 38.48425999989077], [-120.26300699992909, 38.48298599990618], [-120.26342000038093, 38.48262599978617], [-120.26391599977518, 38.48256500011119], [-120.26444100038005, 38.482733999729724], [-120.26456799970333, 38.48275799985143], [-120.26488999991862, 38.482703999917916], [-120.26506900001877, 38.48248499992886], [-120.2651900003926, 38.48227800011743], [-120.26602499972054, 38.481336000295315], [-120.2662549998743, 38.48118800024781], [-120.2662749999658, 38.480972999756204], [-120.26653699990663, 38.480972999756204], [-120.26714799982689, 38.480517000254366], [-120.26752699994358, 38.48012800026212], [-120.26849000021636, 38.47882499965463], [-120.2688109997084, 38.478162000248986], [-120.26913200009878, 38.4777730002063], [-120.26953799997965, 38.47770199977671], [-120.27189499962213, 38.477577999740305], [-120.27282600010786, 38.477757999972795], [-120.27331900002734, 38.477413000070044], [-120.27517600007764, 38.476147000327884], [-120.27619299987876, 38.475799999662385], [-120.27764700042124, 38.47561199980406], [-120.28203900038922, 38.475547000337514], [-120.28331800013117, 38.47540399989829], [-120.2837850001114, 38.47544699985367], [-120.28527100044093, 38.47624199965747], [-120.28614400030202, 38.476512999951595], [-120.28864900008249, 38.477074000073905], [-120.29187699993622, 38.477357000309226], [-120.2937399998343, 38.477349000138936], [-120.29478500012286, 38.477161000100516], [-120.29588899996263, 38.476677000244635], [-120.29710800032845, 38.47589400011098], [-120.29716799970461, 38.475884999736685], [-120.29742700017069, 38.47585099971899], [-120.29748800027005, 38.47576100009123], [-120.29798600021243, 38.47544899994905], [-120.30113600024838, 38.474309999914865], [-120.30260400013621, 38.47312399994595], [-120.3036600002954, 38.47247700017144], [-120.30456400011865, 38.4721259997527], [-120.30554800030785, 38.47218599972895], [-120.30612599971784, 38.472422000182675], [-120.30656199973592, 38.47245300014312], [-120.31015399963773, 38.4722089997535], [-120.31362300041422, 38.47171700031917], [-120.31719400039965, 38.47135199966183], [-120.3173040000045, 38.47133100027689], [-120.31911400019914, 38.4710260000137], [-120.31986999988438, 38.47075899994185], [-120.32033799968951, 38.47049100017146], [-120.32171600006397, 38.469089999917294], [-120.32227199973268, 38.46861600005451], [-120.32370100016078, 38.46792299997166], [-120.3267299998229, 38.466926999865414], [-120.3269060004483, 38.46683699964844], [-120.3271099997645, 38.466837999815596], [-120.3280400004253, 38.46654000003465], [-120.32926399991568, 38.466038000229766], [-120.33022399981542, 38.46548999965083], [-120.3310399997751, 38.46519199992671], [-120.33319099955328, 38.46541599992866], [-120.3345580000571, 38.465890999904275], [-120.33656800026824, 38.46700600026803], [-120.33747000044166, 38.467300999751345], [-120.33813900008826, 38.46743699967654], [-120.34264599968398, 38.46714899977965], [-120.34733700030101, 38.46665499994495], [-120.34921899956733, 38.466439000249615], [-120.3506170000333, 38.46640299965136], [-120.35157699993303, 38.466202999908006], [-120.35295000028465, 38.46557099988697], [-120.35364900006844, 38.4654829997564], [-120.3558559999231, 38.46588699988645], [-120.35597800012185, 38.465881999687994], [-120.35634899984261, 38.465862999774785], [-120.35867399969804, 38.46606299975766], [-120.36210099974339, 38.4666699996751], [-120.36311900026779, 38.46669000024822], [-120.36492000024155, 38.46657099971047], [-120.36671799984228, 38.466086000328566], [-120.36793700020812, 38.46571699997866], [-120.36999599992474, 38.46518600019341], [-120.37092599968724, 38.4648420001134], [-120.37185299997503, 38.4643140001193], [-120.37202600022738, 38.464168000000896], [-120.37309699955688, 38.463305000115106], [-120.37427599973974, 38.46273400034926], [-120.37488800038322, 38.462734999869895], [-120.37602300018517, 38.46257499971946], [-120.37718700029939, 38.46188799997673], [-120.37928200000104, 38.46106500029439], [-120.3807070002312, 38.46104200023249], [-120.38169600044324, 38.46124800028092], [-120.3841979998507, 38.46186500017726], [-120.38454699983014, 38.461979999804704], [-120.38480999959587, 38.46227800013907], [-120.38495400043422, 38.46280399982086], [-120.3855650003545, 38.46408499988853], [-120.38579899980792, 38.46509099966059], [-120.3864089999033, 38.46596099982866], [-120.38670000015642, 38.46623499990425], [-120.38806799958682, 38.46673799991307], [-120.38972700016873, 38.467195999680186], [-120.39231599961478, 38.46737900028803], [-120.39551699970436, 38.467195999680186], [-120.39618600024924, 38.46710400017542], [-120.3984270004391, 38.46682099978566], [-120.39921300026155, 38.46671900022543], [-120.39931299982067, 38.466719999690845], [-120.40026100002487, 38.46678299974568], [-120.40354099975713, 38.46747100014529], [-120.40452900014425, 38.467860000209306], [-120.40676500031124, 38.46891200012344], [-120.40743200030799, 38.469072999714946], [-120.4083339995831, 38.46911999976816], [-120.41025199973275, 38.469006999842875], [-120.41242900034848, 38.46866600012771], [-120.41283600005426, 38.46878100016443], [-120.41327299989726, 38.46916900006044], [-120.41330100038466, 38.469580000138556], [-120.41289399978058, 38.47024200027944], [-120.41283500022934, 38.4708129996805], [-120.41367799995321, 38.47213800017391], [-120.41466399979221, 38.47307500023142], [-120.41556400031583, 38.47341899971934], [-120.41663899984327, 38.47357999979698], [-120.41664499969106, 38.47362400020998], [-120.41748699959001, 38.47349599989309], [-120.41820899983838, 38.473188000111335], [-120.41969400034297, 38.47312000032932], [-120.42321500009967, 38.47332200003193], [-120.42385299978413, 38.4731530001488], [-120.42405100015087, 38.472828999668785], [-120.4241890002431, 38.47223199977072], [-120.42435999994733, 38.472022999864585], [-120.42611599971528, 38.47071900034375], [-120.42649200035723, 38.470597999894785], [-120.42658600006855, 38.47052000002668], [-120.42813900034521, 38.469295000056135], [-120.42909599987192, 38.46868000000129], [-120.42923499978909, 38.46868299972266], [-120.43158999978172, 38.467178000275595], [-120.43342099989276, 38.46636100010295], [-120.43534200041545, 38.465269999930996], [-120.43544500034761, 38.46520500028498], [-120.43635800039168, 38.464655000015384], [-120.43702799986318, 38.4643840001676], [-120.44154000038009, 38.46310599973674], [-120.44276499969536, 38.46254300020949], [-120.44352299992873, 38.461948000030766], [-120.44398800025913, 38.46147000009106], [-120.44553999981258, 38.457974000009216], [-120.44600799961772, 38.457540999733844], [-120.44652999984956, 38.4573139997013], [-120.44749300012234, 38.45672200022255], [-120.44784299992668, 38.4561269998631], [-120.44781799981233, 38.45459500015233], [-120.44773300032183, 38.45354300034219], [-120.44814400022557, 38.45283600021779], [-120.44849300020503, 38.45247000001406], [-120.44866800010723, 38.45244700002575], [-120.45046999990592, 38.451553999797014], [-120.45154399960845, 38.45043199981592], [-120.45215600025196, 38.45011099976242], [-120.45360999989612, 38.45001900027499], [-120.45547299979418, 38.44976700025245], [-120.4564610001813, 38.44951400034959], [-120.45727499959287, 38.449056000168305], [-120.45922299987971, 38.44740800027952], [-120.46140399979511, 38.44617099983582], [-120.46218899979267, 38.44617099983582], [-120.46309000014115, 38.44655900034623], [-120.46393500041316, 38.44740499967336], [-120.46480900009918, 38.448067999746264], [-120.46559400009673, 38.44843399976527], [-120.46713700032767, 38.44884400009252], [-120.46774800024792, 38.44884400009252], [-120.46838699975729, 38.4485909997677], [-120.46952099973431, 38.44778999999457], [-120.4702189996932, 38.44749200031662], [-120.47129499994391, 38.44737700010711], [-120.47179000041156, 38.44753700019579], [-120.4728080000376, 38.448107999946366], [-120.47382800021181, 38.44826700010027], [-120.47478800011153, 38.44829000001387], [-120.47571799987402, 38.448105999796134], [-120.47871300009926, 38.446890999975466], [-120.47944100019541, 38.44675299981918], [-120.48069099962504, 38.44668399999384], [-120.48202999964148, 38.44700199989437], [-120.4825810001856, 38.44702500021114], [-120.48322200024312, 38.44679599997267], [-120.48435500039521, 38.44585700021659], [-120.48511100008045, 38.44569600016435], [-120.48595399980432, 38.4456490003261], [-120.48996900020377, 38.44621800003769], [-120.4909299999284, 38.44628599985647], [-120.49098500017998, 38.44628599985647], [-120.49166100039761, 38.44646199971065], [-120.4922549997011, 38.4465850000375], [-120.49309499995024, 38.446809999869856], [-120.49379299990919, 38.44704499989949], [-120.49395899959052, 38.44722800027275], [-120.49399499957552, 38.44761399986139], [-120.49399600029875, 38.44764700009495], [-120.49400799999434, 38.44841200032016], [-120.49400999964415, 38.448525000148855], [-120.49406400007081, 38.44873399990735], [-120.49422100042966, 38.44900599986805], [-120.49447300032473, 38.44921199981298], [-120.494892999551, 38.44955500015492], [-120.49512899955255, 38.4496249997516], [-120.4953639997292, 38.44960700018341], [-120.49577899983088, 38.44938699986094], [-120.49638700027643, 38.44906399995983], [-120.4986739995987, 38.448120999865864], [-120.49885199987395, 38.448048000341466], [-120.49967299985649, 38.44770199998164], [-120.49984500028394, 38.44758700010677], [-120.49985199995663, 38.447566999865124], [-120.49998199965297, 38.44718300020096], [-120.49997499998027, 38.446771999841054], [-120.49989899981232, 38.44645899976866], [-120.49973300013093, 38.44628299990721], [-120.49954200033524, 38.44620300027597], [-120.49884900039919, 38.44591400027137], [-120.4980970000136, 38.44546199972337], [-120.49793100033224, 38.44527899979687], [-120.4978860001264, 38.445021000104255], [-120.49789299979909, 38.44479600032295], [-120.49798200038589, 38.44458500016901], [-120.49810200003647, 38.444430999920726], [-120.49829500038032, 38.44435699970276], [-120.49882500010973, 38.44431100017555], [-120.49912999970829, 38.44431400020684], [-120.4992229995947, 38.44431499998268], [-120.50020500013405, 38.444426000345715], [-120.50055199956536, 38.44443799974722], [-120.50077599987138, 38.4444219998412], [-120.5008079996584, 38.444420000292446], [-120.50103600016234, 38.444430000146475], [-120.5014899997238, 38.444318999789544], [-120.50236900033099, 38.44455499996368], [-120.50308499983326, 38.44467199999047], [-120.50311499997049, 38.444677000251964], [-120.50390900018887, 38.444711000191774], [-120.50446200038283, 38.444452999875764], [-120.50507699960275, 38.444213000259175], [-120.5056020002076, 38.443699000342], [-120.5056309996216, 38.443430000147174], [-120.50567699965237, 38.442999000125226], [-120.50548699968157, 38.442228999785236], [-120.50522700028888, 38.441676999914144], [-120.50506599973208, 38.441510000092656], [-120.50490699972342, 38.44134399970179], [-120.5045679997897, 38.44010099974995], [-120.50463999975972, 38.43937799988873], [-120.50485300019507, 38.43905500022359], [-120.5052139998701, 38.438802999912554], [-120.50685300036048, 38.438290999888295], [-120.50835399986028, 38.43714699980712], [-120.50889299981054, 38.43649699993648], [-120.51006500032071, 38.43503900003743], [-120.51286200017923, 38.43163299996229], [-120.5153390003706, 38.42930200008961], [-120.51592199980348, 38.42891399970982], [-120.51938400000897, 38.42768199974615], [-120.5201120001051, 38.427178999794165], [-120.52081099988892, 38.4264479998306], [-120.52148299990857, 38.42480099967497], [-120.52212300014116, 38.424184000260276], [-120.52282399957483, 38.42308700024305], [-120.52323100017891, 38.422698000178976], [-120.52358000015838, 38.4226530002987], [-120.52578899966284, 38.422975000075716], [-120.52686599973843, 38.42302199989688], [-120.52721499971788, 38.42293099973622], [-120.52788500008772, 38.422427999773035], [-120.52902099971455, 38.42117100007209], [-120.52937100041723, 38.420645000252364], [-120.52983699967423, 38.419456000245596], [-120.5301299995772, 38.4188839996585], [-120.5309730001994, 38.41879299991534], [-120.53463700007124, 38.41872799992807], [-120.5363819999685, 38.418478000027434], [-120.53722499969238, 38.418432000199225], [-120.53760399980906, 38.41852399982636], [-120.53818499959213, 38.4188679997197], [-120.5386780004099, 38.41939499993118], [-120.53891000021352, 38.41989799990055], [-120.5399239996416, 38.422690000280475], [-120.54015600034352, 38.42305600018271], [-120.5407959996778, 38.42307999975384], [-120.54129000032052, 38.42292000035095], [-120.54130399966591, 38.42291099970104], [-120.54181500002709, 38.42257700012447], [-120.54236800022102, 38.42200599970288], [-120.5427749999268, 38.42182300013858], [-120.54565600034923, 38.42116199990805], [-120.54766200036245, 38.42086600029932], [-120.54785499980797, 38.42082499968249], [-120.54923499983225, 38.420531000310916], [-120.5503410002202, 38.42028399993791], [-120.55097999972956, 38.420002999828654], [-120.55141499992273, 38.41969900016769], [-120.55207699989664, 38.4185229996933], [-120.55233800001255, 38.418267999808286], [-120.55277599968046, 38.41826299982914], [-120.55306699993359, 38.41830800033281], [-120.55388600026633, 38.418345999860385], [-120.5542920001472, 38.41813499982302], [-120.55469899985299, 38.417764000310896], [-120.55527299996332, 38.416770000009656], [-120.5558839998836, 38.4165599997525], [-120.55639900044272, 38.41649200008811], [-120.55649399997897, 38.41648000026487], [-120.55815199983763, 38.41628599967896], [-120.55884999979654, 38.41599099996657], [-120.56001399991078, 38.415060000073105], [-120.56088500012206, 38.41501700002103], [-120.56178499974733, 38.41508899968454], [-120.56782100022856, 38.4149969999062], [-120.57002899990812, 38.414572000205496], [-120.57078499959337, 38.41432399967888], [-120.57162700039062, 38.41389299976399], [-120.57200599960899, 38.41357400022905], [-120.57218200023442, 38.41316400019488], [-120.57227099992288, 38.41250200005646], [-120.57120700026607, 38.41003300011296], [-120.5705770000792, 38.40809000030931], [-120.57058100027717, 38.40735900004628], [-120.57066800031582, 38.40708500027761], [-120.57090299959413, 38.406583999691954], [-120.57162999986537, 38.405832999847306], [-120.57177499963032, 38.4056250001039], [-120.57276899986523, 38.40421700034142], [-120.573588000198, 38.40257499986122], [-120.5743160002941, 38.40184800018374], [-120.57555999987599, 38.401388000309964], [-120.57645799985143, 38.40134099979071], [-120.57976100004826, 38.401605999727394], [-120.58135199995975, 38.40160199966651], [-120.58262599967884, 38.40130200010059], [-120.58369699990666, 38.400888000034776], [-120.5848819999373, 38.40065800022527], [-120.58693800017919, 38.40051600028967], [-120.58760400035108, 38.40033099973209], [-120.58867399985566, 38.39966799991468], [-120.5893109997152, 38.399393000160096], [-120.59009200041311, 38.39925400034691], [-120.59209000003038, 38.39924800006029], [-120.59391500029362, 38.39949400014032], [-120.59579800028315, 38.39962600025024], [-120.6013569998401, 38.39972400013329], [-120.60422300019393, 38.39937400034324], [-120.60578499979312, 38.39900499964871], [-120.60807100018879, 38.39799500004104], [-120.6087359996374, 38.39753800015237], [-120.60913900004354, 38.39671600009259], [-120.60962500029034, 38.39475500007915], [-120.61002500032345, 38.392567000242785], [-120.61045700014358, 38.39163100022289], [-120.61094800041323, 38.39115099973746], [-120.61175699980191, 38.390692999724514], [-120.6137250001803, 38.39007299966693], [-120.61444599970541, 38.3897509997202], [-120.61488099989859, 38.38940799976116], [-120.61499100040176, 38.38920099976645], [-120.61505300032606, 38.38908800004659], [-120.61508099991516, 38.388700999699196], [-120.61452100004848, 38.387225999955575], [-120.61446800034504, 38.38708500025937], [-120.61405800026621, 38.38544499982526], [-120.61407900018264, 38.38250600001439], [-120.61442099959106, 38.38109300022921], [-120.61473899960839, 38.3806120002668], [-120.61572199997265, 38.379835999819214], [-120.61684799955374, 38.37907999969784], [-120.61702099980609, 38.37878300028031], [-120.6170989996239, 38.37828499999318], [-120.61710700001983, 38.37823699996254], [-120.61705400031636, 38.37796800033121], [-120.61672600025334, 38.37711200029156], [-120.61628600003725, 38.37618799972527], [-120.61505599980076, 38.37491500019719], [-120.6148230001723, 38.37334500019456], [-120.61457600030008, 38.372826999992085], [-120.61409799955088, 38.37248299999752], [-120.61259500040124, 38.37221400010102], [-120.61055199967983, 38.37198099972018], [-120.61005999958522, 38.37134100032387], [-120.61008800007261, 38.37072300007098], [-120.610437999877, 38.37001300019238], [-120.61197699990996, 38.36873299966576], [-120.61325700037513, 38.36825300005839], [-120.61616300001361, 38.36797799986864], [-120.61656899989448, 38.367840999799085], [-120.61709199995123, 38.36745200031118], [-120.61828399965452, 38.36685799987832], [-120.6185470003186, 38.366513999682226], [-120.61874999980985, 38.36605700018717], [-120.61875700038088, 38.36589900023454], [-120.61877900012219, 38.36543899988861], [-120.618632999634, 38.365072999815496], [-120.61764599997008, 38.36363099995012], [-120.61744299958049, 38.362556000303755], [-120.61779199955996, 38.36102299968489], [-120.6188379996734, 38.35871300000218], [-120.6192169997901, 38.35816400031172], [-120.61968200012049, 38.35772899982182], [-120.62049499970716, 38.357432000118635], [-120.62186100038608, 38.35736300021235], [-120.62354500018397, 38.35752300032318], [-120.62438700008295, 38.35752399989127], [-120.62577299995499, 38.35692999969781], [-120.62604199956854, 38.35682200029172], [-120.62757200027899, 38.35613700025527], [-120.62789500031917, 38.35583000022034], [-120.62807500024421, 38.35538299969367], [-120.62827299971262, 38.35540399969509], [-120.62862099986717, 38.353187999970984], [-120.62869000036244, 38.35200299999028], [-120.62918199955874, 38.350362999719785], [-120.6297199996841, 38.34951800003549], [-120.63062600005543, 38.34775900007352], [-120.6306639996903, 38.34770299977997], [-120.63179500019254, 38.34602700004025]]]}, "properties": {"GEOID": "06009", "NAME": "Calaveras County"}}]}