place,kind,zcta,city,latitude,longitude,zhvi,zori,date,label_dx,label_dy,note,hudSafmr,blendedRent,rentSource,hudFiscalYear
95252 Valley Springs,zcta,95252,Valley Springs,38.1586282,-120.8432468,278927,,2016-04-30,10,0,Zillow ZIP-level market for Valley Springs; mapped with Census 2020 ZCTA 95252 in Calaveras County.,,,,
95222 Angels Camp,zcta,95222,Angels Camp,38.0513304,-120.5901733,305399,,2016-04-30,10,0,Zillow ZIP-level market for Angels Camp; mapped with Census 2020 ZCTA 95222 in Calaveras County.,,,,
95249 San Andreas,zcta,95249,San Andreas,38.1899501,-120.6195548,197837,,2016-04-30,10,0,Zillow ZIP-level market for San Andreas; mapped with Census 2020 ZCTA 95249 in Calaveras County.,,,,
95228 Copperopolis,zcta,95228,Copperopolis,37.9072653,-120.6883275,336817,,2016-04-30,10,0,Zillow ZIP-level market for Copperopolis; mapped with Census 2020 ZCTA 95228 in Calaveras County.,,,,
95247 Murphys,zcta,95247,Murphys,38.1360927,-120.4439416,338712,,2016-04-30,10,0,Zillow ZIP-level market for Murphys; mapped with Census 2020 ZCTA 95247 in Calaveras County.,,,,
95223 Avery,zcta,95223,Avery,38.4463225,-119.8129575,273149,,2016-04-30,10,0,Zillow ZIP-level market for Avery; mapped with Census 2020 ZCTA 95223 in Calaveras County.,,,,
95245 Mokelumne Hill,zcta,95245,Mokelumne Hill,38.3027468,-120.6094652,227623,,2016-04-30,10,0,Zillow ZIP-level market for Mokelumne Hill; mapped with Census 2020 ZCTA 95245 in Calaveras County.,,,,
95246 Mountain Ranch,zcta,95246,Mountain Ranch,38.2497077,-120.488857,268899,,2016-04-30,10,0,Zillow ZIP-level market for Mountain Ranch; mapped with Census 2020 ZCTA 95246 in Calaveras County.,,,,
95255 West Point,zcta,95255,West Point,38.4198522,-120.4800231,162911,,2016-04-30,10,0,Zillow ZIP-level market for West Point; mapped with Census 2020 ZCTA 95255 in Calaveras County.,,,,
95254 Wallace,zcta,95254,Wallace,38.1998379,-120.9642416,355257,,2016-04-30,10,0,Zillow ZIP-level market for Wallace; mapped with Census 2020 ZCTA 95254 in Calaveras County.,,,,
95233 Murphys,zcta,95233,Murphys,38.1861875,-120.3685566,214966,,2016-04-30,10,0,Zillow ZIP-level market for Murphys; mapped with Census 2020 ZCTA 95233 in Calaveras County.,,,,
95257 Wilseyville,zcta,95257,Wilseyville,38.3799265,-120.4680167,176947,,2016-04-30,10,0,Zillow ZIP-level market for Wilseyville; mapped with Census 2020 ZCTA 95257 in Calaveras County.,,,,
95224 Murphys,zcta,95224,Murphys,38.2313239,-120.3226879,249302,,2016-04-30,10,0,Zillow ZIP-level market for Murphys; mapped with Census 2020 ZCTA 95224 in Calaveras County.,,,,
95225 Valley Springs,zcta,95225,Valley Springs,38.2025516,-120.8641483,336647,,2016-04-30,10,0,Zillow ZIP-level market for Valley Springs; mapped with Census 2020 ZCTA 95225 in Calaveras County.,,,,
95252 Valley Springs,zcta,95252,Valley Springs,38.1586282,-120.8432468,280950,,2016-05-31,10,0,Zillow ZIP-level market for Valley Springs; mapped with Census 2020 ZCTA 95252 in Calaveras County.,,,,
95222 Angels Camp,zcta,95222,Angels Camp,38.0513304,-120.5901733,307219,,2016-05-31,10,0,Zillow ZIP-level market for Angels Camp; mapped with Census 2020 ZCTA 95222 in Calaveras County.,,,,
95249 San Andreas,zcta,95249,San Andreas,38.1899501,-120.6195548,200998,,2016-05-31,10,0,Zillow ZIP-level market for San Andreas; mapped with Census 2020 ZCTA 95249 in Calaveras County.,,,,
95228 Copperopolis,zcta,95228,Copperopolis,37.9072653,-120.6883275,336708,,2016-05-31,10,0,Zillow ZIP-level market for Copperopolis; mapped with Census 2020 ZCTA 95228 in Calaveras County.,,,,
95247 Murphys,zcta,95247,Murphys,38.1360927,-120.4439416,340726,,2016-05-31,10,0,Zillow ZIP-level market for Murphys; mapped with Census 2020 ZCTA 95247 in Calaveras County.,,,,
95223 Avery,zcta,95223,Avery,38.4463225,-119.8129575,272606,,2016-05-31,10,0,Zillow ZIP-level market for Avery; mapped with Census 2020 ZCTA 95223 in Calaveras County.,,,,
95245 Mokelumne Hill,zcta,95245,Mokelumne Hill,38.3027468,-120.6094652,230463,,2016-05-31,10,0,Zillow ZIP-level market for Mokelumne Hill; mapped with Census 2020 ZCTA 95245 in Calaveras County.,,,,
95246 Mountain Ranch,zcta,95246,Mountain Ranch,38.2497077,-120.488857,273355,,2016-05-31,10,0,Zillow ZIP-level market for Mountain Ranch; mapped with Census 2020 ZCTA 95246 in Calaveras County.,,,,
95255 West Point,zcta,95255,West Point,38.4198522,-120.4800231,166529,,2016-05-31,10,0,Zillow ZIP-level market for West Point; mapped with Census 2020 ZCTA 95255 in Calaveras County.,,,,
95254 Wallace,zcta,95254,Wallace,38.1998379,-120.9642416,357044,,2016-05-31,10,0,Zillow ZIP-level market for Wallace; mapped with Census 2020 ZCTA 95254 in Calaveras County.,,,,
95233 Murphys,zcta,95233,Murphys,38.1861875,-120.3685566,217296,,2016-05-31,10,0,Zillow ZIP-level market for Murphys; mapped with Census 2020 ZCTA 95233 in Calaveras County.,,,,
95257 Wilseyville,zcta,95257,Wilseyville,38.3799265,-120.4680167,180437,,2016-05-31,10,0,Zillow ZIP-level market for Wilseyville; mapped with Census 2020 ZCTA 95257 in Calaveras County.,,,,
95224 Murphys,zcta,95224,Murphys,38.2313239,-120.3226879,251137,,2016-05-31,10,0,Zillow ZIP-level market for Murphys; mapped with Census 2020 ZCTA 95224 in Calaveras County.,,,,
95225 Valley Springs,zcta,95225,Valley Springs,38.2025516,-120.8641483,338934,,2016-05-31,10,0,Zillow ZIP-level market for Valley Springs; mapped with Census 2020 ZCTA 95225 in Calaveras County.,,,,
95252 Valley Springs,zcta,95252,Valley Springs,38.1586282,-120.8432468,283581,,2016-06-30,10,0,Zillow ZIP-level market for Valley Springs; mapped with Census 2020 ZCTA 95252 in Calaveras County.,,,,
95222 Angels Camp,zcta,95222,Angels Camp,38.0513304,-120.5901733,308761,,2016-06-30,10,0,Zillow ZIP-level market for Angels Camp; mapped with Census 2020 ZCTA 95222 in Calaveras County.,,,,
95249 San Andreas,zcta,95249,San Andreas,38.1899501,-120.6195548,204323,,2016-06-30,10,0,Zillow ZIP-level market for San Andreas; mapped with Census 2020 ZCTA 95249 in Calaveras County.,,,,
95228 Copperopolis,zcta,95228,Copperopolis,37.9072653,-120.6883275,337358,,2016-06-30,10,0,Zillow ZIP-level market for Copperopolis; mapped with Census 2020 ZCTA 95228 in Calaveras County.,,,,
95247 Murphys,zcta,95247,Murphys,38.1360927,-120.4439416,341403,,2016-06-30,10,0,Zillow ZIP-level market for Murphys; mapped with Census 2020 ZCTA 95247 in Calaveras County.,,,,
95223 Avery,zcta,95223,Avery,38.4463225,-119.8129575,272353,,2016-06-30,10,0,Zillow ZIP-level market for Avery; mapped with Census 2020 ZCTA 95223 in Calaveras County.,,,,
95245 Mokelumne Hill,zcta,95245,Mokelumne Hill,38.3027468,-120.6094652,232963,,2016-06-30,10,0,Zillow ZIP-level market for Mokelumne Hill; mapped with Census 2020 ZCTA 95245 in Calaveras County.,,,,
95246 Mountain Ranch,zcta,95246,Mountain Ranch,38.2497077,-120.488857,276440,,2016-06-30,10,0,Zillow ZIP-level market for Mountain Ranch; mapped with Census 2020 ZCTA 95246 in Calaveras County.,,,,
95255 West Point,zcta,95255,West Point,38.4198522,-120.4800231,169932,,2016-06-30,10,0,Zillow ZIP-level market for West Point; mapped with Census 2020 ZCTA 95255 in Calaveras County.,,,,
95254 Wallace,zcta,95254,Wallace,38.1998379,-120.9642416,359467,,2016-06-30,10,0,Zillow ZIP-level market for Wallace; mapped with Census 2020 ZCTA 95254 in Calaveras County.,,,,
95233 Murphys,zcta,95233,Murphys,38.1861875,-120.3685566,220063,,2016-06-30,10,0,Zillow ZIP-level market for Murphys; mapped with Census 2020 ZCTA 95233 in Calaveras County.,,,,
95257 Wilseyville,zcta,95257,Wilseyville,38.3799265,-120.4680167,183926,,2016-06-30,10,0,Zillow ZIP-level market for Wilseyville; mapped with Census 2020 ZCTA 95257 in Calaveras County.,,,,
95224 Murphys,zcta,95224,Murphys,38.2313239,-120.3226879,253444,,2016-06-30,10,0,Zillow ZIP-level market for Murphys; mapped with Census 2020 ZCTA 95224 in Calaveras County.,,,,
95225 Valley Springs,zcta,95225,Valley Springs,38.2025516,-120.8641483,341917,,2016-06-30,10,0,Zillow ZIP-level market for Valley Springs; mapped with Census 2020 ZCTA 95225 in Calaveras County.,,,,
95252 Valley Springs,zcta,95252,Valley Springs,38.1586282,-120.8432468,286757,,2016-07-31,10,0,Zillow ZIP-level market for Valley Springs; mapped with Census 2020 ZCTA 95252 in Calaveras County.,,,,
95222 Angels Camp,zcta,95222,Angels Camp,38.0513304,-120.5901733,311010,,2016-07-31,10,0,Zillow ZIP-level market for Angels Camp; mapped with Census 2020 ZCTA 95222 in Calaveras County.,,,,
95249 San Andreas,zcta,95249,San Andreas,38.1899501,-120.6195548,207743,,2016-07-31,10,0,Zillow ZIP-level market for San Andreas; mapped with Census 2020 ZCTA 95249 in Calaveras County.,,,,
95228 Copperopolis,zcta,95228,Copperopolis,37.9072653,-120.6883275,339480,,2016-07-31,10,0,Zillow ZIP-level market for Copperopolis; mapped with Census 2020 ZCTA 95228 in Calaveras County.,,,,
95247 Murphys,zcta,95247,Murphys,38.1360927,-120.4439416,342357,,2016-07-31,10,0,Zillow ZIP-level market for Murphys; mapped with Census 2020 ZCTA 95247 in Calaveras County.,,,,
95223 Avery,zcta,95223,Avery,38.4463225,-119.8129575,273078,,2016-07-31,10,0,Zillow ZIP-level market for Avery; mapped with Census 2020 ZCTA 95223 in Calaveras County.,,,,
95245 Mokelumne Hill,zcta,95245,Mokelumne Hill,38.3027468,-120.6094652,235773,,2016-07-31,10,0,Zillow ZIP-level market for Mokelumne Hill; mapped with Census 2020 ZCTA 95245 in Calaveras County.,,,,
95246 Mountain Ranch,zcta,95246,Mountain Ranch,38.2497077,-120.488857,279286,,2016-07-31,10,0,Zillow ZIP-level market for Mountain Ranch; mapped with Census 2020 ZCTA 95246 in Calaveras County.,,,,
95255 West Point,zcta,95255,West Point,38.4198522,-120.4800231,172839,,2016-07-31,10,0,Zillow ZIP-level market for West Point; mapped with Census 2020 ZCTA 95255 in Calaveras County.,,,,
95254 Wallace,zcta,95254,Wallace,38.1998379,-120.9642416,361836,,2016-07-31,10,0,Zillow ZIP-level market for Wallace; mapped with Census 2020 ZCTA 95254 in Calaveras County.,,,,
95233 Murphys,zcta,95233,Murphys,38.1861875,-120.3685566,223175,,2016-07-31,10,0,Zillow ZIP-level market for Murphys; mapped with Census 2020 ZCTA 95233 in Calaveras County.,,,,
95257 Wilseyville,zcta,95257,Wilseyville,38.3799265,-120.4680167,186926,,2016-07-31,10,0,Zillow ZIP-level market for Wilseyville; mapped with Census 2020 ZCTA 95257 in Calaveras County.,,,,
95224 Murphys,zcta,95224,Murphys,38.2313239,-120.3226879,256325,,2016-07-31,10,0,Zillow ZIP-level market for Murphys; mapped with Census 2020 ZCTA 95224 in Calaveras County.,,,,
95225 Valley Springs,zcta,95225,Valley Springs,38.2025516,-120.8641483,345626,,2016-07-31,10,0,Zillow ZIP-level market for Valley Springs; mapped with Census 2020 ZCTA 95225 in Calaveras County.,,,,
95252 Valley Springs,zcta,95252,Valley Springs,38.1586282,-120.8432468,289859,,2016-08-31,10,0,Zillow ZIP-level market for Valley Springs; mapped with Census 2020 ZCTA 95252 in Calaveras County.,,,,
95222 Angels Camp,zcta,95222,Angels Camp,38.0513304,-120.5901733,314125,,2016-08-31,10,0,Zillow ZIP-level market for Angels Camp; mapped with Census 2020 ZCTA 95222 in Calaveras County.,,,,
95249 San Andreas,zcta,95249,San Andreas,38.1899501,-120.6195548,211295,,2016-08-31,10,0,Zillow ZIP-level market for San Andreas; mapped with Census 2020 ZCTA 95249 in Calaveras County.,,,,
95228 Copperopolis,zcta,95228,Copperopolis,37.9072653,-120.6883275,341444,,2016-08-31,10,0,Zillow ZIP-level market for Copperopolis; mapped with Census 2020 ZCTA 95228 in Calaveras County.,,,,
95247 Murphys,zcta,95247,Murphys,38.1360927,-120.4439416,343030,,2016-08-31,10,0,Zillow ZIP-level market for Murphys; mapped with Census 2020 ZCTA 95247 in Calaveras County.,,,,
95223 Avery,zcta,95223,Avery,38.4463225,-119.8129575,274019,,2016-08-31,10,0,Zillow ZIP-level market for Avery; mapped with Census 2020 ZCTA 95223 in Calaveras County.,,,,
95245 Mokelumne Hill,zcta,95245,Mokelumne Hill,38.3027468,-120.6094652,238181,,2016-08-31,10,0,Zillow ZIP-level market for Mokelumne Hill; mapped with Census 2020 ZCTA 95245 in Calaveras County.,,,,
95246 Mountain Ranch,zcta,95246,Mountain Ranch,38.2497077,-120.488857,281580,,2016-08-31,10,0,Zillow ZIP-level market for Mountain Ranch; mapped with Census 2020 ZCTA 95246 in Calaveras County.,,,,
95255 West Point,zcta,95255,West Point,38.4198522,-120.4800231,175447,,2016-08-31,10,0,Zillow ZIP-level market for West Point; mapped with Census 2020 ZCTA 95255 in Calaveras County.,,,,
95254 Wallace,zcta,95254,Wallace,38.1998379,-120.9642416,364494,,2016-08-31,10,0,Zillow ZIP-level market for Wallace; mapped with Census 2020 ZCTA 95254 in Calaveras County.,,,,
95233 Murphys,zcta,95233,Murphys,38.1861875,-120.3685566,225794,,2016-08-31,10,0,Zillow ZIP-level market for Murphys; mapped with Census 2020 ZCTA 95233 in Calaveras County.,,,,
95257 Wilseyville,zcta,95257,Wilseyville,38.3799265,-120.4680167,189368,,2016-08-31,10,0,Zillow ZIP-level market for Wilseyville; mapped with Census 2020 ZCTA 95257 in Calaveras County.,,,,
95224 Murphys,zcta,95224,Murphys,38.2313239,-120.3226879,258874,,2016-08-31,10,0,Zillow ZIP-level market for Murphys; mapped with Census 2020 ZCTA 95224 in Calaveras County.,,,,
95225 Valley Springs,zcta,95225,Valley Springs,38.2025516,-120.8641483,348974,,2016-08-31,10,0,Zillow ZIP-level market for Valley Springs; mapped with Census 2020 ZCTA 95225 in Calaveras County.,,,,
95252 Valley Springs,zcta,95252,Valley Springs,38.1586282,-120.8432468,291609,,2016-09-30,10,0,Zillow ZIP-level market for Valley Springs; mapped with Census 2020 ZCTA 95252 in Calaveras County.,,,,
95222 Angels Camp,zcta,95222,Angels Camp,38.0513304,-120.5901733,316546,,2016-09-30,10,0,Zillow ZIP-level market for Angels Camp; mapped with Census 2020 ZCTA 95222 in Calaveras County.,,,,
95249 San Andreas,zcta,95249,San Andreas,38.1899501,-120.6195548,214600,,2016-09-30,10,0,Zillow ZIP-level market for San Andreas; mapped with Census 2020 ZCTA 95249 in Calaveras County.,,,,
95228 Copperopolis,zcta,95228,Copperopolis,37.9072653,-120.6883275,342035,,2016-09-30,10,0,Zillow ZIP-level market for Copperopolis; mapped with Census 2020 ZCTA 95228 in Calaveras County.,,,,
95247 Murphys,zcta,95247,Murphys,38.1360927,-120.4439416,344184,,2016-09-30,10,0,Zillow ZIP-level market for Murphys; mapped with Census 2020 ZCTA 95247 in Calaveras County.,,,,
95223 Avery,zcta,95223,Avery,38.4463225,-119.8129575,275819,,2016-09-30,10,0,Zillow ZIP-level market for Avery; mapped with Census 2020 ZCTA 95223 in Calaveras County.,,,,
95245 Mokelumne Hill,zcta,95245,Mokelumne Hill,38.3027468,-120.6094652,241142,,2016-09-30,10,0,Zillow ZIP-level market for Mokelumne Hill; mapped with Census 2020 ZCTA 95245 in Calaveras County.,,,,
95246 Mountain Ranch,zcta,95246,Mountain Ranch,38.2497077,-120.488857,284500,,2016-09-30,10,0,Zillow ZIP-level market for Mountain Ranch; mapped with Census 2020 ZCTA 95246 in Calaveras County.,,,,
95255 West Point,zcta,95255,West Point,38.4198522,-120.4800231,177868,,2016-09-30,10,0,Zillow ZIP-level market for West Point; mapped with Census 2020 ZCTA 95255 in Calaveras County.,,,,
95254 Wallace,zcta,95254,Wallace,38.1998379,-120.9642416,366711,,2016-09-30,10,0,Zillow ZIP-level market for Wallace; mapped with Census 2020 ZCTA 95254 in Calaveras County.,,,,
95233 Murphys,zcta,95233,Murphys,38.1861875,-120.3685566,228416,,2016-09-30,10,0,Zillow ZIP-level market for Murphys; mapped with Census 2020 ZCTA 95233 in Calaveras County.,,,,
95257 Wilseyville,zcta,95257,Wilseyville,38.3799265,-120.4680167,191333,,2016-09-30,10,0,Zillow ZIP-level market for Wilseyville; mapped with Census 2020 ZCTA 95257 in Calaveras County.,,,,
95224 Murphys,zcta,95224,Murphys,38.2313239,-120.3226879,262014,,2016-09-30,10,0,Zillow ZIP-level market for Murphys; mapped with Census 2020 ZCTA 95224 in Calaveras County.,,,,
95225 Valley Springs,zcta,95225,Valley Springs,38.2025516,-120.8641483,352143,,2016-09-30,10,0,Zillow ZIP-level market for Valley Springs; mapped with Census 2020 ZCTA 95225 in Calaveras County.,,,,
95252 Valley Springs,zcta,95252,Valley Springs,38.1586282,-120.8432468,292709,,2016-10-31,10,0,Zillow ZIP-level market for Valley Springs; mapped with Census 2020 ZCTA 95252 in Calaveras County.,,,,
95222 Angels Camp,zcta,95222,Angels Camp,38.0513304,-120.5901733,319469,,2016-10-31,10,0,Zillow ZIP-level market for Angels Camp; mapped with Census 2020 ZCTA 95222 in Calaveras County.,,,,
95249 San Andreas,zcta,95249,San Andreas,38.1899501,-120.6195548,216454,,2016-10-31,10,0,Zillow ZIP-level market for San Andreas; mapped with Census 2020 ZCTA 95249 in Calaveras County.,,,,
95228 Copperopolis,zcta,95228,Copperopolis,37.9072653,-120.6883275,343047,,2016-10-31,10,0,Zillow ZIP-level market for Copperopolis; mapped with Census 2020 ZCTA 95228 in Calaveras County.,,,,
95247 Murphys,zcta,95247,Murphys,38.1360927,-120.4439416,346615,,2016-10-31,10,0,Zillow ZIP-level market for Murphys; mapped with Census 2020 ZCTA 95247 in Calaveras County.,,,,
95223 Avery,zcta,95223,Avery,38.4463225,-119.8129575,278874,,2016-10-31,10,0,Zillow ZIP-level market for Avery; mapped with Census 2020 ZCTA 95223 in Calaveras County.,,,,
95245 Mokelumne Hill,zcta,95245,Mokelumne Hill,38.3027468,-120.6094652,243754,,2016-10-31,10,0,Zillow ZIP-level market for Mokelumne Hill; mapped with Census 2020 ZCTA 95245 in Calaveras County.,,,,
95246 Mountain Ranch,zcta,95246,Mountain Ranch,38.2497077,-120.488857,285819,,2016-10-31,10,0,Zillow ZIP-level market for Mountain Ranch; mapped with Census 2020 ZCTA 95246 in Calaveras County.,,,,
95255 West Point,zcta,95255,West Point,38.4198522,-120.4800231,179960,,2016-10-31,10,0,Zillow ZIP-level market for West Point; mapped with Census 2020 ZCTA 95255 in Calaveras County.,,,,
95254 Wallace,zcta,95254,Wallace,38.1998379,-120.9642416,368729,,2016-10-31,10,0,Zillow ZIP-level market for Wallace; mapped with Census 2020 ZCTA 95254 in Calaveras County.,,,,
95233 Murphys,zcta,95233,Murphys,38.1861875,-120.3685566,230749,,2016-10-31,10,0,Zillow ZIP-level market for Murphys; mapped with Census 2020 ZCTA 95233 in Calaveras County.,,,,
95257 Wilseyville,zcta,95257,Wilseyville,38.3799265,-120.4680167,192311,,2016-10-31,10,0,Zillow ZIP-level market for Wilseyville; mapped with Census 2020 ZCTA 95257 in Calaveras County.,,,,
95224 Murphys,zcta,95224,Murphys,38.2313239,-120.3226879,265098,,2016-10-31,10,0,Zillow ZIP-level market for Murphys; mapped with Census 2020 ZCTA 95224 in Calaveras County.,,,,
95225 Valley Springs,zcta,95225,Valley Springs,38.2025516,-120.8641483,354931,,2016-10-31,10,0,Zillow ZIP-level market for Valley Springs; mapped with Census 2020 ZCTA 95225 in Calaveras County.,,,,
95252 Valley Springs,zcta,95252,Valley Springs,38.1586282,-120.8432468,294169,,2016-11-30,10,0,Zillow ZIP-level market for Valley Springs; mapped with Census 2020 ZCTA 95252 in Calaveras County.,,,,
95222 Angels Camp,zcta,95222,Angels Camp,38.0513304,-120.5901733,322864,,2016-11-30,10,0,Zillow ZIP-level market for Angels Camp; mapped with Census 2020 ZCTA 95222 in Calaveras County.,,,,
95249 San Andreas,zcta,95249,San Andreas,38.1899501,-120.6195548,217802,,2016-11-30,10,0,Zillow ZIP-level market for San Andreas; mapped with Census 2020 ZCTA 95249 in Calaveras County.,,,,
95228 Copperopolis,zcta,95228,Copperopolis,37.9072653,-120.6883275,345419,,2016-11-30,10,0,Zillow ZIP-level market for Copperopolis; mapped with Census 2020 ZCTA 95228 in Calaveras County.,,,,
95247 Murphys,zcta,95247,Murphys,38.1360927,-120.4439416,350766,,2016-11-30,10,0,Zillow ZIP-level market for Murphys; mapped with Census 2020 ZCTA 95247 in Calaveras County.,,,,
95223 Avery,zcta,95223,Avery,38.4463225,-119.8129575,282657,,2016-11-30,10,0,Zillow ZIP-level market for Avery; mapped with Census 2020 ZCTA 95223 in Calaveras County.,,,,
95245 Mokelumne Hill,zcta,95245,Mokelumne Hill,38.3027468,-120.6094652,247588,,2016-11-30,10,0,Zillow ZIP-level market for Mokelumne Hill; mapped with Census 2020 ZCTA 95245 in Calaveras County.,,,,
95246 Mountain Ranch,zcta,95246,Mountain Ranch,38.2497077,-120.488857,286826,,2016-11-30,10,0,Zillow ZIP-level market for Mountain Ranch; mapped with Census 2020 ZCTA 95246 in Calaveras County.,,,,
95255 West Point,zcta,95255,West Point,38.4198522,-120.4800231,181547,,2016-11-30,10,0,Zillow ZIP-level market for West Point; mapped with Census 2020 ZCTA 95255 in Calaveras County.,,,,
95254 Wallace,zcta,95254,Wallace,38.1998379,-120.9642416,371005,,2016-11-30,10,0,Zillow ZIP-level market for Wallace; mapped with Census 2020 ZCTA 95254 in Calaveras County.,,,,
95233 Murphys,zcta,95233,Murphys,38.1861875,-120.3685566,234148,,2016-11-30,10,0,Zillow ZIP-level market for Murphys; mapped with Census 2020 ZCTA 95233 in Calaveras County.,,,,
95257 Wilseyville,zcta,95257,Wilseyville,38.3799265,-120.4680167,192769,,2016-11-30,10,0,Zillow ZIP-level market for Wilseyville; mapped with Census 2020 ZCTA 95257 in Calaveras County.,,,,
95224 Murphys,zcta,95224,Murphys,38.2313239,-120.3226879,268887,,2016-11-30,10,0,Zillow ZIP-level market for Murphys; mapped with Census 2020 ZCTA 95224 in Calaveras County.,,,,
95225 Valley Springs,zcta,95225,Valley Springs,38.2025516,-120.8641483,359190,,2016-11-30,10,0,Zillow ZIP-level market for Valley Springs; mapped with Census 2020 ZCTA 95225 in Calaveras County.,,,,
95252 Valley Springs,zcta,95252,Valley Springs,38.1586282,-120.8432468,296535,,2016-12-31,10,0,Zillow ZIP-level market for Valley Springs; mapped with Census 2020 ZCTA 95252 in Calaveras County.,,,,
95222 Angels Camp,zcta,95222,Angels Camp,38.0513304,-120.5901733,327143,,2016-12-31,10,0,Zillow ZIP-level market for Angels Camp; mapped with Census 2020 ZCTA 95222 in Calaveras County.,,,,
95249 San Andreas,zcta,95249,San Andreas,38.1899501,-120.6195548,219292,,2016-12-31,10,0,Zillow ZIP-level market for San Andreas; mapped with Census 2020 ZCTA 95249 in Calaveras County.,,,,
95228 Copperopolis,zcta,95228,Copperopolis,37.9072653,-120.6883275,349854,,2016-12-31,10,0,Zillow ZIP-level market for Copperopolis; mapped with Census 2020 ZCTA 95228 in Calaveras County.,,,,
95247 Murphys,zcta,95247,Murphys,38.1360927,-120.4439416,356160,,2016-12-31,10,0,Zillow ZIP-level market for Murphys; mapped with Census 2020 ZCTA 95247 in Calaveras County.,,,,
95223 Avery,zcta,95223,Avery,38.4463225,-119.8129575,285759,,2016-12-31,10,0,Zillow ZIP-level market for Avery; mapped with Census 2020 ZCTA 95223 in Calaveras County.,,,,
95245 Mokelumne Hill,zcta,95245,Mokelumne Hill,38.3027468,-120.6094652,251744,,2016-12-31,10,0,Zillow ZIP-level market for Mokelumne Hill; mapped with Census 2020 ZCTA 95245 in Calaveras County.,,,,
95246 Mountain Ranch,zcta,95246,Mountain Ranch,38.2497077,-120.488857,287617,,2016-12-31,10,0,Zillow ZIP-level market for Mountain Ranch; mapped with Census 2020 ZCTA 95246 in Calaveras County.,,,,
95255 West Point,zcta,95255,West Point,38.4198522,-120.4800231,183423,,2016-12-31,10,0,Zillow ZIP-level market for West Point; mapped with Census 2020 ZCTA 95255 in Calaveras County.,,,,
95254 Wallace,zcta,95254,Wallace,38.1998379,-120.9642416,374680,,2016-12-31,10,0,Zillow ZIP-level market for Wallace; mapped with Census 2020 ZCTA 95254 in Calaveras County.,,,,
95233 Murphys,zcta,95233,Murphys,38.1861875,-120.3685566,237274,,2016-12-31,10,0,Zillow ZIP-level market for Murphys; mapped with Census 2020 ZCTA 95233 in Calaveras County.,,,,
95257 Wilseyville,zcta,95257,Wilseyville,38.3799265,-120.4680167,193674,,2016-12-31,10,0,Zillow ZIP-level market for Wilseyville; mapped with Census 2020 ZCTA 95257 in Calaveras County.,,,,
95224 Murphys,zcta,95224,Murphys,38.2313239,-120.3226879,272024,,2016-12-31,10,0,Zillow ZIP-level market for Murphys; mapped with Census 2020 ZCTA 95224 in Calaveras County.,,,,
95225 Valley Springs,zcta,95225,Valley Springs,38.2025516,-120.8641483,364037,,2016-12-31,10,0,Zillow ZIP-level market for Valley Springs; mapped with Census 2020 ZCTA 95225 in Calaveras County.,,,,
95252 Valley Springs,zcta,95252,Valley Springs,38.1586282,-120.8432468,298445,,2017-01-31,10,0,Zillow ZIP-level market for Valley Springs; mapped with Census 2020 ZCTA 95252 in Calaveras County.,,,,
95222 Angels Camp,zcta,95222,Angels Camp,38.0513304,-120.5901733,329570,,2017-01-31,10,0,Zillow ZIP-level market for Angels Camp; mapped with Census 2020 ZCTA 95222 in Calaveras County.,,,,
95249 San Andreas,zcta,95249,San Andreas,38.1899501,-120.6195548,221235,,2017-01-31,10,0,Zillow ZIP-level market for San Andreas; mapped with Census 2020 ZCTA 95249 in Calaveras County.,,,,
95228 Copperopolis,zcta,95228,Copperopolis,37.9072653,-120.6883275,353026,,2017-01-31,10,0,Zillow ZIP-level market for Copperopolis; mapped with Census 2020 ZCTA 95228 in Calaveras County.,,,,
95247 Murphys,zcta,95247,Murphys,38.1360927,-120.4439416,359390,,2017-01-31,10,0,Zillow ZIP-level market for Murphys; mapped with Census 2020 ZCTA 95247 in Calaveras County.,,,,
95223 Avery,zcta,95223,Avery,38.4463225,-119.8129575,286863,,2017-01-31,10,0,Zillow ZIP-level market for Avery; mapped with Census 2020 ZCTA 95223 in Calaveras County.,,,,
95245 Mokelumne Hill,zcta,95245,Mokelumne Hill,38.3027468,-120.6094652,256032,,2017-01-31,10,0,Zillow ZIP-level market for Mokelumne Hill; mapped with Census 2020 ZCTA 95245 in Calaveras County.,,,,
95246 Mountain Ranch,zcta,95246,Mountain Ranch,38.2497077,-120.488857,290490,,2017-01-31,10,0,Zillow ZIP-level market for Mountain Ranch; mapped with Census 2020 ZCTA 95246 in Calaveras County.,,,,
95255 West Point,zcta,95255,West Point,38.4198522,-120.4800231,185048,,2017-01-31,10,0,Zillow ZIP-level market for West Point; mapped with Census 2020 ZCTA 95255 in Calaveras County.,,,,
95254 Wallace,zcta,95254,Wallace,38.1998379,-120.9642416,378500,,2017-01-31,10,0,Zillow ZIP-level market for Wallace; mapped with Census 2020 ZCTA 95254 in Calaveras County.,,,,
95233 Murphys,zcta,95233,Murphys,38.1861875,-120.3685566,239399,,2017-01-31,10,0,Zillow ZIP-level market for Murphys; mapped with Census 2020 ZCTA 95233 in Calaveras County.,,,,
95257 Wilseyville,zcta,95257,Wilseyville,38.3799265,-120.4680167,194791,,2017-01-31,10,0,Zillow ZIP-level market for Wilseyville; mapped with Census 2020 ZCTA 95257 in Calaveras County.,,,,
95224 Murphys,zcta,95224,Murphys,38.2313239,-120.3226879,273464,,2017-01-31,10,0,Zillow ZIP-level market for Murphys; mapped with Census 2020 ZCTA 95224 in Calaveras County.,,,,
95225 Valley Springs,zcta,95225,Valley Springs,38.2025516,-120.8641483,369202,,2017-01-31,10,0,Zillow ZIP-level market for Valley Springs; mapped with Census 2020 ZCTA 95225 in Calaveras County.,,,,
95252 Valley Springs,zcta,95252,Valley Springs,38.1586282,-120.8432468,300487,,2017-02-28,10,0,Zillow ZIP-level market for Valley Springs; mapped with Census 2020 ZCTA 95252 in Calaveras County.,,,,
95222 Angels Camp,zcta,95222,Angels Camp,38.0513304,-120.5901733,331478,,2017-02-28,10,0,Zillow ZIP-level market for Angels Camp; mapped with Census 2020 ZCTA 95222 in Calaveras County.,,,,
95249 San Andreas,zcta,95249,San Andreas,38.1899501,-120.6195548,223437,,2017-02-28,10,0,Zillow ZIP-level market for San Andreas; mapped with Census 2020 ZCTA 95249 in Calaveras County.,,,,
95228 Copperopolis,zcta,95228,Copperopolis,37.9072653,-120.6883275,355530,,2017-02-28,10,0,Zillow ZIP-level market for Copperopolis; mapped with Census 2020 ZCTA 95228 in Calaveras County.,,,,
95247 Murphys,zcta,95247,Murphys,38.1360927,-120.4439416,360861,,2017-02-28,10,0,Zillow ZIP-level market for Murphys; mapped with Census 2020 ZCTA 95247 in Calaveras County.,,,,
95223 Avery,zcta,95223,Avery,38.4463225,-119.8129575,287117,,2017-02-28,10,0,Zillow ZIP-level market for Avery; mapped with Census 2020 ZCTA 95223 in Calaveras County.,,,,
95245 Mokelumne Hill,zcta,95245,Mokelumne Hill,38.3027468,-120.6094652,259738,,2017-02-28,10,0,Zillow ZIP-level market for Mokelumne Hill; mapped with Census 2020 ZCTA 95245 in Calaveras County.,,,,
95246 Mountain Ranch,zcta,95246,Mountain Ranch,38.2497077,-120.488857,293877,,2017-02-28,10,0,Zillow ZIP-level market for Mountain Ranch; mapped with Census 2020 ZCTA 95246 in Calaveras County.,,,,
95255 West Point,zcta,95255,West Point,38.4198522,-120.4800231,186930,,2017-02-28,10,0,Zillow ZIP-level market for West Point; mapped with Census 2020 ZCTA 95255 in Calaveras County.,,,,
95254 Wallace,zcta,95254,Wallace,38.1998379,-120.9642416,381910,,2017-02-28,10,0,Zillow ZIP-level market for Wallace; mapped with Census 2020 ZCTA 95254 in Calaveras County.,,,,
95232 Glencoe,zcta,95232,Glencoe,38.3605261,-120.5772427,252709,,2017-02-28,10,0,Zillow ZIP-level market for Glencoe; mapped with Census 2020 ZCTA 95232 in Calaveras County.,,,,
95233 Murphys,zcta,95233,Murphys,38.1861875,-120.3685566,240230,,2017-02-28,10,0,Zillow ZIP-level market for Murphys; mapped with Census 2020 ZCTA 95233 in Calaveras County.,,,,
95257 Wilseyville,zcta,95257,Wilseyville,38.3799265,-120.4680167,196494,,2017-02-28,10,0,Zillow ZIP-level market for Wilseyville; mapped with Census 2020 ZCTA 95257 in Calaveras County.,,,,
95224 Murphys,zcta,95224,Murphys,38.2313239,-120.3226879,273860,,2017-02-28,10,0,Zillow ZIP-level market for Murphys; mapped with Census 2020 ZCTA 95224 in Calaveras County.,,,,
95225 Valley Springs,zcta,95225,Valley Springs,38.2025516,-120.8641483,373910,,2017-02-28,10,0,Zillow ZIP-level market for Valley Springs; mapped with Census 2020 ZCTA 95225 in Calaveras County.,,,,
95252 Valley Springs,zcta,95252,Valley Springs,38.1586282,-120.8432468,302943,,2017-03-31,10,0,Zillow ZIP-level market for Valley Springs; mapped with Census 2020 ZCTA 95252 in Calaveras County.,,,,
95222 Angels Camp,zcta,95222,Angels Camp,38.0513304,-120.5901733,333198,,2017-03-31,10,0,Zillow ZIP-level market for Angels Camp; mapped with Census 2020 ZCTA 95222 in Calaveras County.,,,,
95249 San Andreas,zcta,95249,San Andreas,38.1899501,-120.6195548,225456,,2017-03-31,10,0,Zillow ZIP-level market for San Andreas; mapped with Census 2020 ZCTA 95249 in Calaveras County.,,,,
95228 Copperopolis,zcta,95228,Copperopolis,37.9072653,-120.6883275,357114,,2017-03-31,10,0,Zillow ZIP-level market for Copperopolis; mapped with Census 2020 ZCTA 95228 in Calaveras County.,,,,
95247 Murphys,zcta,95247,Murphys,38.1360927,-120.4439416,361889,,2017-03-31,10,0,Zillow ZIP-level market for Murphys; mapped with Census 2020 ZCTA 95247 in Calaveras County.,,,,
95223 Avery,zcta,95223,Avery,38.4463225,-119.8129575,287776,,2017-03-31,10,0,Zillow ZIP-level market for Avery; mapped with Census 2020 ZCTA 95223 in Calaveras County.,,,,
95245 Mokelumne Hill,zcta,95245,Mokelumne Hill,38.3027468,-120.6094652,263805,,2017-03-31,10,0,Zillow ZIP-level market for Mokelumne Hill; mapped with Census 2020 ZCTA 95245 in Calaveras County.,,,,
95246 Mountain Ranch,zcta,95246,Mountain Ranch,38.2497077,-120.488857,297593,,2017-03-31,10,0,Zillow ZIP-level market for Mountain Ranch; mapped with Census 2020 ZCTA 95246 in Calaveras County.,,,,
95255 West Point,zcta,95255,West Point,38.4198522,-120.4800231,189031,,2017-03-31,10,0,Zillow ZIP-level market for West Point; mapped with Census 2020 ZCTA 95255 in Calaveras County.,,,,
95254 Wallace,zcta,95254,Wallace,38.1998379,-120.9642416,384251,,2017-03-31,10,0,Zillow ZIP-level market for Wallace; mapped with Census 2020 ZCTA 95254 in Calaveras County.,,,,
95232 Glencoe,zcta,95232,Glencoe,38.3605261,-120.5772427,253167,,2017-03-31,10,0,Zillow ZIP-level market for Glencoe; mapped with Census 2020 ZCTA 95232 in Calaveras County.,,,,
95233 Murphys,zcta,95233,Murphys,38.1861875,-120.3685566,240704,,2017-03-31,10,0,Zillow ZIP-level market for Murphys; mapped with Census 2020 ZCTA 95233 in Calaveras County.,,,,
95257 Wilseyville,zcta,95257,Wilseyville,38.3799265,-120.4680167,198529,,2017-03-31,10,0,Zillow ZIP-level market for Wilseyville; mapped with Census 2020 ZCTA 95257 in Calaveras County.,,,,
95224 Murphys,zcta,95224,Murphys,38.2313239,-120.3226879,273670,,2017-03-31,10,0,Zillow ZIP-level market for Murphys; mapped with Census 2020 ZCTA 95224 in Calaveras County.,,,,
95225 Valley Springs,zcta,95225,Valley Springs,38.2025516,-120.8641483,378999,,2017-03-31,10,0,Zillow ZIP-level market for Valley Springs; mapped with Census 2020 ZCTA 95225 in Calaveras County.,,,,
95252 Valley Springs,zcta,95252,Valley Springs,38.1586282,-120.8432468,305752,,2017-04-30,10,0,Zillow ZIP-level market for Valley Springs; mapped with Census 2020 ZCTA 95252 in Calaveras County.,,,,
95222 Angels Camp,zcta,95222,Angels Camp,38.0513304,-120.5901733,335353,,2017-04-30,10,0,Zillow ZIP-level market for Angels Camp; mapped with Census 2020 ZCTA 95222 in Calaveras County.,,,,
95249 San Andreas,zcta,95249,San Andreas,38.1899501,-120.6195548,228056,,2017-04-30,10,0,Zillow ZIP-level market for San Andreas; mapped with Census 2020 ZCTA 95249 in Calaveras County.,,,,
95228 Copperopolis,zcta,95228,Copperopolis,37.9072653,-120.6883275,358740,,2017-04-30,10,0,Zillow ZIP-level market for Copperopolis; mapped with Census 2020 ZCTA 95228 in Calaveras County.,,,,
95247 Murphys,zcta,95247,Murphys,38.1360927,-120.4439416,363075,,2017-04-30,10,0,Zillow ZIP-level market for Murphys; mapped with Census 2020 ZCTA 95247 in Calaveras County.,,,,
95223 Avery,zcta,95223,Avery,38.4463225,-119.8129575,288804,,2017-04-30,10,0,Zillow ZIP-level market for Avery; mapped with Census 2020 ZCTA 95223 in Calaveras County.,,,,
95245 Mokelumne Hill,zcta,95245,Mokelumne Hill,38.3027468,-120.6094652,267776,,2017-04-30,10,0,Zillow ZIP-level market for Mokelumne Hill; mapped with Census 2020 ZCTA 95245 in Calaveras County.,,,,
95246 Mountain Ranch,zcta,95246,Mountain Ranch,38.2497077,-120.488857,301003,,2017-04-30,10,0,Zillow ZIP-level market for Mountain Ranch; mapped with Census 2020 ZCTA 95246 in Calaveras County.,,,,
95255 West Point,zcta,95255,West Point,38.4198522,-120.4800231,191448,,2017-04-30,10,0,Zillow ZIP-level market for West Point; mapped with Census 2020 ZCTA 95255 in Calaveras County.,,,,
95254 Wallace,zcta,95254,Wallace,38.1998379,-120.9642416,385988,,2017-04-30,10,0,Zillow ZIP-level market for Wallace; mapped with Census 2020 ZCTA 95254 in Calaveras County.,,,,
95232 Glencoe,zcta,95232,Glencoe,38.3605261,-120.5772427,253982,,2017-04-30,10,0,Zillow ZIP-level market for Glencoe; mapped with Census 2020 ZCTA 95232 in Calaveras County.,,,,
95233 Murphys,zcta,95233,Murphys,38.1861875,-120.3685566,241616,,2017-04-30,10,0,Zillow ZIP-level market for Murphys; mapped with Census 2020 ZCTA 95233 in Calaveras County.,,,,
95257 Wilseyville,zcta,95257,Wilseyville,38.3799265,-120.4680167,201159,,2017-04-30,10,0,Zillow ZIP-level market for Wilseyville; mapped with Census 2020 ZCTA 95257 in Calaveras County.,,,,
95224 Murphys,zcta,95224,Murphys,38.2313239,-120.3226879,274084,,2017-04-30,10,0,Zillow ZIP-level market for Murphys; mapped with Census 2020 ZCTA 95224 in Calaveras County.,,,,
95225 Valley Springs,zcta,95225,Valley Springs,38.2025516,-120.8641483,382668,,2017-04-30,10,0,Zillow ZIP-level market for Valley Springs; mapped with Census 2020 ZCTA 95225 in Calaveras County.,,,,
95252 Valley Springs,zcta,95252,Valley Springs,38.1586282,-120.8432468,307710,,2017-05-31,10,0,Zillow ZIP-level market for Valley Springs; mapped with Census 2020 ZCTA 95252 in Calaveras County.,,,,
95222 Angels Camp,zcta,95222,Angels Camp,38.0513304,-120.5901733,337148,,2017-05-31,10,0,Zillow ZIP-level market for Angels Camp; mapped with Census 2020 ZCTA 95222 in Calaveras County.,,,,
95249 San Andreas,zcta,95249,San Andreas,38.1899501,-120.6195548,230227,,2017-05-31,10,0,Zillow ZIP-level market for San Andreas; mapped with Census 2020 ZCTA 95249 in Calaveras County.,,,,
95228 Copperopolis,zcta,95228,Copperopolis,37.9072653,-120.6883275,358967,,2017-05-31,10,0,Zillow ZIP-level market for Copperopolis; mapped with Census 2020 ZCTA 95228 in Calaveras County.,,,,
95247 Murphys,zcta,95247,Murphys,38.1360927,-120.4439416,363606,,2017-05-31,10,0,Zillow ZIP-level market for Murphys; mapped with Census 2020 ZCTA 95247 in Calaveras County.,,,,
95223 Avery,zcta,95223,Avery,38.4463225,-119.8129575,289792,,2017-05-31,10,0,Zillow ZIP-level market for Avery; mapped with Census 2020 ZCTA 95223 in Calaveras County.,,,,
95245 Mokelumne Hill,zcta,95245,Mokelumne Hill,38.3027468,-120.6094652,270937,,2017-05-31,10,0,Zillow ZIP-level market for Mokelumne Hill; mapped with Census 2020 ZCTA 95245 in Calaveras County.,,,,
95246 Mountain Ranch,zcta,95246,Mountain Ranch,38.2497077,-120.488857,303359,,2017-05-31,10,0,Zillow ZIP-level market for Mountain Ranch; mapped with Census 2020 ZCTA 95246 in Calaveras County.,,,,
95255 West Point,zcta,95255,West Point,38.4198522,-120.4800231,193118,,2017-05-31,10,0,Zillow ZIP-level market for West Point; mapped with Census 2020 ZCTA 95255 in Calaveras County.,,,,
95254 Wallace,zcta,95254,Wallace,38.1998379,-120.9642416,387608,,2017-05-31,10,0,Zillow ZIP-level market for Wallace; mapped with Census 2020 ZCTA 95254 in Calaveras County.,,,,
95232 Glencoe,zcta,95232,Glencoe,38.3605261,-120.5772427,254590,,2017-05-31,10,0,Zillow ZIP-level market for Glencoe; mapped with Census 2020 ZCTA 95232 in Calaveras County.,,,,
95233 Murphys,zcta,95233,Murphys,38.1861875,-120.3685566,242576,,2017-05-31,10,0,Zillow ZIP-level market for Murphys; mapped with Census 2020 ZCTA 95233 in Calaveras County.,,,,
95257 Wilseyville,zcta,95257,Wilseyville,38.3799265,-120.4680167,202791,,2017-05-31,10,0,Zillow ZIP-level market for Wilseyville; mapped with Census 2020 ZCTA 95257 in Calaveras County.,,,,
95224 Murphys,zcta,95224,Murphys,38.2313239,-120.3226879,274181,,2017-05-31,10,0,Zillow ZIP-level market for Murphys; mapped with Census 2020 ZCTA 95224 in Calaveras County.,,,,
95225 Valley Springs,zcta,95225,Valley Springs,38.2025516,-120.8641483,385207,,2017-05-31,10,0,Zillow ZIP-level market for Valley Springs; mapped with Census 2020 ZCTA 95225 in Calaveras County.,,,,
95252 Valley Springs,zcta,95252,Valley Springs,38.1586282,-120.8432468,309527,,2017-06-30,10,0,Zillow ZIP-level market for Valley Springs; mapped with Census 2020 ZCTA 95252 in Calaveras County.,,,,
95222 Angels Camp,zcta,95222,Angels Camp,38.0513304,-120.5901733,339862,,2017-06-30,10,0,Zillow ZIP-level market for Angels Camp; mapped with Census 2020 ZCTA 95222 in Calaveras County.,,,,
95249 San Andreas,zcta,95249,San Andreas,38.1899501,-120.6195548,232330,,2017-06-30,10,0,Zillow ZIP-level market for San Andreas; mapped with Census 2020 ZCTA 95249 in Calaveras County.,,,,
95228 Copperopolis,zcta,95228,Copperopolis,37.9072653,-120.6883275,359450,,2017-06-30,10,0,Zillow ZIP-level market for Copperopolis; mapped with Census 2020 ZCTA 95228 in Calaveras County.,,,,
95247 Murphys,zcta,95247,Murphys,38.1360927,-120.4439416,363938,,2017-06-30,10,0,Zillow ZIP-level market for Murphys; mapped with Census 2020 ZCTA 95247 in Calaveras County.,,,,
95223 Avery,zcta,95223,Avery,38.4463225,-119.8129575,289824,,2017-06-30,10,0,Zillow ZIP-level market for Avery; mapped with Census 2020 ZCTA 95223 in Calaveras County.,,,,
95245 Mokelumne Hill,zcta,95245,Mokelumne Hill,38.3027468,-120.6094652,273295,,2017-06-30,10,0,Zillow ZIP-level market for Mokelumne Hill; mapped with Census 2020 ZCTA 95245 in Calaveras County.,,,,
95246 Mountain Ranch,zcta,95246,Mountain Ranch,38.2497077,-120.488857,305836,,2017-06-30,10,0,Zillow ZIP-level market for Mountain Ranch; mapped with Census 2020 ZCTA 95246 in Calaveras County.,,,,
95255 West Point,zcta,95255,West Point,38.4198522,-120.4800231,193937,,2017-06-30,10,0,Zillow ZIP-level market for West Point; mapped with Census 2020 ZCTA 95255 in Calaveras County.,,,,
95254 Wallace,zcta,95254,Wallace,38.1998379,-120.9642416,390613,,2017-06-30,10,0,Zillow ZIP-level market for Wallace; mapped with Census 2020 ZCTA 95254 in Calaveras County.,,,,
95232 Glencoe,zcta,95232,Glencoe,38.3605261,-120.5772427,254382,,2017-06-30,10,0,Zillow ZIP-level market for Glencoe; mapped with Census 2020 ZCTA 95232 in Calaveras County.,,,,
95233 Murphys,zcta,95233,Murphys,38.1861875,-120.3685566,243443,,2017-06-30,10,0,Zillow ZIP-level market for Murphys; mapped with Census 2020 ZCTA 95233 in Calaveras County.,,,,
95257 Wilseyville,zcta,95257,Wilseyville,38.3799265,-120.4680167,203337,,2017-06-30,10,0,Zillow ZIP-level market for Wilseyville; mapped with Census 2020 ZCTA 95257 in Calaveras County.,,,,
95224 Murphys,zcta,95224,Murphys,38.2313239,-120.3226879,274425,,2017-06-30,10,0,Zillow ZIP-level market for Murphys; mapped with Census 2020 ZCTA 95224 in Calaveras County.,,,,
95225 Valley Springs,zcta,95225,Valley Springs,38.2025516,-120.8641483,386680,,2017-06-30,10,0,Zillow ZIP-level market for Valley Springs; mapped with Census 2020 ZCTA 95225 in Calaveras County.,,,,
95252 Valley Springs,zcta,95252,Valley Springs,38.1586282,-120.8432468,311571,,2017-07-31,10,0,Zillow ZIP-level market for Valley Springs; mapped with Census 2020 ZCTA 95252 in Calaveras County.,,,,
95222 Angels Camp,zcta,95222,Angels Camp,38.0513304,-120.5901733,343078,,2017-07-31,10,0,Zillow ZIP-level market for Angels Camp; mapped with Census 2020 ZCTA 95222 in Calaveras County.,,,,
95249 San Andreas,zcta,95249,San Andreas,38.1899501,-120.6195548,233946,,2017-07-31,10,0,Zillow ZIP-level market for San Andreas; mapped with Census 2020 ZCTA 95249 in Calaveras County.,,,,
95228 Copperopolis,zcta,95228,Copperopolis,37.9072653,-120.6883275,360227,,2017-07-31,10,0,Zillow ZIP-level market for Copperopolis; mapped with Census 2020 ZCTA 95228 in Calaveras County.,,,,
95247 Murphys,zcta,95247,Murphys,38.1360927,-120.4439416,364412,,2017-07-31,10,0,Zillow ZIP-level market for Murphys; mapped with Census 2020 ZCTA 95247 in Calaveras County.,,,,
95223 Avery,zcta,95223,Avery,38.4463225,-119.8129575,290062,,2017-07-31,10,0,Zillow ZIP-level market for Avery; mapped with Census 2020 ZCTA 95223 in Calaveras County.,,,,
95245 Mokelumne Hill,zcta,95245,Mokelumne Hill,38.3027468,-120.6094652,275066,,2017-07-31,10,0,Zillow ZIP-level market for Mokelumne Hill; mapped with Census 2020 ZCTA 95245 in Calaveras County.,,,,
95246 Mountain Ranch,zcta,95246,Mountain Ranch,38.2497077,-120.488857,308510,,2017-07-31,10,0,Zillow ZIP-level market for Mountain Ranch; mapped with Census 2020 ZCTA 95246 in Calaveras County.,,,,
95255 West Point,zcta,95255,West Point,38.4198522,-120.4800231,194092,,2017-07-31,10,0,Zillow ZIP-level market for West Point; mapped with Census 2020 ZCTA 95255 in Calaveras County.,,,,
95254 Wallace,zcta,95254,Wallace,38.1998379,-120.9642416,393545,,2017-07-31,10,0,Zillow ZIP-level market for Wallace; mapped with Census 2020 ZCTA 95254 in Calaveras County.,,,,
95232 Glencoe,zcta,95232,Glencoe,38.3605261,-120.5772427,253670,,2017-07-31,10,0,Zillow ZIP-level market for Glencoe; mapped with Census 2020 ZCTA 95232 in Calaveras County.,,,,
95233 Murphys,zcta,95233,Murphys,38.1861875,-120.3685566,244389,,2017-07-31,10,0,Zillow ZIP-level market for Murphys; mapped with Census 2020 ZCTA 95233 in Calaveras County.,,,,
95257 Wilseyville,zcta,95257,Wilseyville,38.3799265,-120.4680167,203362,,2017-07-31,10,0,Zillow ZIP-level market for Wilseyville; mapped with Census 2020 ZCTA 95257 in Calaveras County.,,,,
95224 Murphys,zcta,95224,Murphys,38.2313239,-120.3226879,275284,,2017-07-31,10,0,Zillow ZIP-level market for Murphys; mapped with Census 2020 ZCTA 95224 in Calaveras County.,,,,
95225 Valley Springs,zcta,95225,Valley Springs,38.2025516,-120.8641483,388528,,2017-07-31,10,0,Zillow ZIP-level market for Valley Springs; mapped with Census 2020 ZCTA 95225 in Calaveras County.,,,,
95252 Valley Springs,zcta,95252,Valley Springs,38.1586282,-120.8432468,314090,,2017-08-31,10,0,Zillow ZIP-level market for Valley Springs; mapped with Census 2020 ZCTA 95252 in Calaveras County.,,,,
95222 Angels Camp,zcta,95222,Angels Camp,38.0513304,-120.5901733,346131,,2017-08-31,10,0,Zillow ZIP-level market for Angels Camp; mapped with Census 2020 ZCTA 95222 in Calaveras County.,,,,
95249 San Andreas,zcta,95249,San Andreas,38.1899501,-120.6195548,235876,,2017-08-31,10,0,Zillow ZIP-level market for San Andreas; mapped with Census 2020 ZCTA 95249 in Calaveras County.,,,,
95228 Copperopolis,zcta,95228,Copperopolis,37.9072653,-120.6883275,361993,,2017-08-31,10,0,Zillow ZIP-level market for Copperopolis; mapped with Census 2020 ZCTA 95228 in Calaveras County.,,,,
95247 Murphys,zcta,95247,Murphys,38.1360927,-120.4439416,365307,,2017-08-31,10,0,Zillow ZIP-level market for Murphys; mapped with Census 2020 ZCTA 95247 in Calaveras County.,,,,
95223 Avery,zcta,95223,Avery,38.4463225,-119.8129575,290640,,2017-08-31,10,0,Zillow ZIP-level market for Avery; mapped with Census 2020 ZCTA 95223 in Calaveras County.,,,,
95245 Mokelumne Hill,zcta,95245,Mokelumne Hill,38.3027468,-120.6094652,276591,,2017-08-31,10,0,Zillow ZIP-level market for Mokelumne Hill; mapped with Census 2020 ZCTA 95245 in Calaveras County.,,,,
95246 Mountain Ranch,zcta,95246,Mountain Ranch,38.2497077,-120.488857,312189,,2017-08-31,10,0,Zillow ZIP-level market for Mountain Ranch; mapped with Census 2020 ZCTA 95246 in Calaveras County.,,,,
95255 West Point,zcta,95255,West Point,38.4198522,-120.4800231,194109,,2017-08-31,10,0,Zillow ZIP-level market for West Point; mapped with Census 2020 ZCTA 95255 in Calaveras County.,,,,
95254 Wallace,zcta,95254,Wallace,38.1998379,-120.9642416,396922,,2017-08-31,10,0,Zillow ZIP-level market for Wallace; mapped with Census 2020 ZCTA 95254 in Calaveras County.,,,,
95232 Glencoe,zcta,95232,Glencoe,38.3605261,-120.5772427,253479,,2017-08-31,10,0,Zillow ZIP-level market for Glencoe; mapped with Census 2020 ZCTA 95232 in Calaveras County.,,,,
95233 Murphys,zcta,95233,Murphys,38.1861875,-120.3685566,245724,,2017-08-31,10,0,Zillow ZIP-level market for Murphys; mapped with Census 2020 ZCTA 95233 in Calaveras County.,,,,
95257 Wilseyville,zcta,95257,Wilseyville,38.3799265,-120.4680167,203539,,2017-08-31,10,0,Zillow ZIP-level market for Wilseyville; mapped with Census 2020 ZCTA 95257 in Calaveras County.,,,,
95224 Murphys,zcta,95224,Murphys,38.2313239,-120.3226879,277023,,2017-08-31,10,0,Zillow ZIP-level market for Murphys; mapped with Census 2020 ZCTA 95224 in Calaveras County.,,,,
95225 Valley Springs,zcta,95225,Valley Springs,38.2025516,-120.8641483,391449,,2017-08-31,10,0,Zillow ZIP-level market for Valley Springs; mapped with Census 2020 ZCTA 95225 in Calaveras County.,,,,
95252 Valley Springs,zcta,95252,Valley Springs,38.1586282,-120.8432468,315558,,2017-09-30,10,0,Zillow ZIP-level market for Valley Springs; mapped with Census 2020 ZCTA 95252 in Calaveras County.,,,,
95222 Angels Camp,zcta,95222,Angels Camp,38.0513304,-120.5901733,347127,,2017-09-30,10,0,Zillow ZIP-level market for Angels Camp; mapped with Census 2020 ZCTA 95222 in Calaveras County.,,,,
95249 San Andreas,zcta,95249,San Andreas,38.1899501,-120.6195548,237084,,2017-09-30,10,0,Zillow ZIP-level market for San Andreas; mapped with Census 2020 ZCTA 95249 in Calaveras County.,,,,
95228 Copperopolis,zcta,95228,Copperopolis,37.9072653,-120.6883275,363251,,2017-09-30,10,0,Zillow ZIP-level market for Copperopolis; mapped with Census 2020 ZCTA 95228 in Calaveras County.,,,,
95247 Murphys,zcta,95247,Murphys,38.1360927,-120.4439416,365368,,2017-09-30,10,0,Zillow ZIP-level market for Murphys; mapped with Census 2020 ZCTA 95247 in Calaveras County.,,,,
95223 Avery,zcta,95223,Avery,38.4463225,-119.8129575,292071,,2017-09-30,10,0,Zillow ZIP-level market for Avery; mapped with Census 2020 ZCTA 95223 in Calaveras County.,,,,
95245 Mokelumne Hill,zcta,95245,Mokelumne Hill,38.3027468,-120.6094652,277567,,2017-09-30,10,0,Zillow ZIP-level market for Mokelumne Hill; mapped with Census 2020 ZCTA 95245 in Calaveras County.,,,,
95246 Mountain Ranch,zcta,95246,Mountain Ranch,38.2497077,-120.488857,314923,,2017-09-30,10,0,Zillow ZIP-level market for Mountain Ranch; mapped with Census 2020 ZCTA 95246 in Calaveras County.,,,,
95255 West Point,zcta,95255,West Point,38.4198522,-120.4800231,194826,,2017-09-30,10,0,Zillow ZIP-level market for West Point; mapped with Census 2020 ZCTA 95255 in Calaveras County.,,,,
95254 Wallace,zcta,95254,Wallace,38.1998379,-120.9642416,398428,,2017-09-30,10,0,Zillow ZIP-level market for Wallace; mapped with Census 2020 ZCTA 95254 in Calaveras County.,,,,
95232 Glencoe,zcta,95232,Glencoe,38.3605261,-120.5772427,254387,,2017-09-30,10,0,Zillow ZIP-level market for Glencoe; mapped with Census 2020 ZCTA 95232 in Calaveras County.,,,,
95233 Murphys,zcta,95233,Murphys,38.1861875,-120.3685566,247343,,2017-09-30,10,0,Zillow ZIP-level market for Murphys; mapped with Census 2020 ZCTA 95233 in Calaveras County.,,,,
95257 Wilseyville,zcta,95257,Wilseyville,38.3799265,-120.4680167,204653,,2017-09-30,10,0,Zillow ZIP-level market for Wilseyville; mapped with Census 2020 ZCTA 95257 in Calaveras County.,,,,
95224 Murphys,zcta,95224,Murphys,38.2313239,-120.3226879,279151,,2017-09-30,10,0,Zillow ZIP-level market for Murphys; mapped with Census 2020 ZCTA 95224 in Calaveras County.,,,,
95225 Valley Springs,zcta,95225,Valley Springs,38.2025516,-120.8641483,396108,,2017-09-30,10,0,Zillow ZIP-level market for Valley Springs; mapped with Census 2020 ZCTA 95225 in Calaveras County.,,,,
95252 Valley Springs,zcta,95252,Valley Springs,38.1586282,-120.8432468,317187,,2017-10-31,10,0,Zillow ZIP-level market for Valley Springs; mapped with Census 2020 ZCTA 95252 in Calaveras County.,,,,
95222 Angels Camp,zcta,95222,Angels Camp,38.0513304,-120.5901733,348141,,2017-10-31,10,0,Zillow ZIP-level market for Angels Camp; mapped with Census 2020 ZCTA 95222 in Calaveras County.,,,,
95249 San Andreas,zcta,95249,San Andreas,38.1899501,-120.6195548,238567,,2017-10-31,10,0,Zillow ZIP-level market for San Andreas; mapped with Census 2020 ZCTA 95249 in Calaveras County.,,,,
95228 Copperopolis,zcta,95228,Copperopolis,37.9072653,-120.6883275,364669,,2017-10-31,10,0,Zillow ZIP-level market for Copperopolis; mapped with Census 2020 ZCTA 95228 in Calaveras County.,,,,
95247 Murphys,zcta,95247,Murphys,38.1360927,-120.4439416,365911,,2017-10-31,10,0,Zillow ZIP-level market for Murphys; mapped with Census 2020 ZCTA 95247 in Calaveras County.,,,,
95223 Avery,zcta,95223,Avery,38.4463225,-119.8129575,294509,,2017-10-31,10,0,Zillow ZIP-level market for Avery; mapped with Census 2020 ZCTA 95223 in Calaveras County.,,,,
95245 Mokelumne Hill,zcta,95245,Mokelumne Hill,38.3027468,-120.6094652,278722,,2017-10-31,10,0,Zillow ZIP-level market for Mokelumne Hill; mapped with Census 2020 ZCTA 95245 in Calaveras County.,,,,
95246 Mountain Ranch,zcta,95246,Mountain Ranch,38.2497077,-120.488857,316018,,2017-10-31,10,0,Zillow ZIP-level market for Mountain Ranch; mapped with Census 2020 ZCTA 95246 in Calaveras County.,,,,
95255 West Point,zcta,95255,West Point,38.4198522,-120.4800231,196432,,2017-10-31,10,0,Zillow ZIP-level market for West Point; mapped with Census 2020 ZCTA 95255 in Calaveras County.,,,,
95254 Wallace,zcta,95254,Wallace,38.1998379,-120.9642416,400524,,2017-10-31,10,0,Zillow ZIP-level market for Wallace; mapped with Census 2020 ZCTA 95254 in Calaveras County.,,,,
95232 Glencoe,zcta,95232,Glencoe,38.3605261,-120.5772427,255885,,2017-10-31,10,0,Zillow ZIP-level market for Glencoe; mapped with Census 2020 ZCTA 95232 in Calaveras County.,,,,
95233 Murphys,zcta,95233,Murphys,38.1861875,-120.3685566,249095,,2017-10-31,10,0,Zillow ZIP-level market for Murphys; mapped with Census 2020 ZCTA 95233 in Calaveras County.,,,,
95257 Wilseyville,zcta,95257,Wilseyville,38.3799265,-120.4680167,206245,,2017-10-31,10,0,Zillow ZIP-level market for Wilseyville; mapped with Census 2020 ZCTA 95257 in Calaveras County.,,,,
95224 Murphys,zcta,95224,Murphys,38.2313239,-120.3226879,281359,,2017-10-31,10,0,Zillow ZIP-level market for Murphys; mapped with Census 2020 ZCTA 95224 in Calaveras County.,,,,
95225 Valley Springs,zcta,95225,Valley Springs,38.2025516,-120.8641483,402256,,2017-10-31,10,0,Zillow ZIP-level market for Valley Springs; mapped with Census 2020 ZCTA 95225 in Calaveras County.,,,,
95252 Valley Springs,zcta,95252,Valley Springs,38.1586282,-120.8432468,319208,,2017-11-30,10,0,Zillow ZIP-level market for Valley Springs; mapped with Census 2020 ZCTA 95252 in Calaveras County.,,,,
95222 Angels Camp,zcta,95222,Angels Camp,38.0513304,-120.5901733,349647,,2017-11-30,10,0,Zillow ZIP-level market for Angels Camp; mapped with Census 2020 ZCTA 95222 in Calaveras County.,,,,
95249 San Andreas,zcta,95249,San Andreas,38.1899501,-120.6195548,240441,,2017-11-30,10,0,Zillow ZIP-level market for San Andreas; mapped with Census 2020 ZCTA 95249 in Calaveras County.,,,,
95228 Copperopolis,zcta,95228,Copperopolis,37.9072653,-120.6883275,365557,,2017-11-30,10,0,Zillow ZIP-level market for Copperopolis; mapped with Census 2020 ZCTA 95228 in Calaveras County.,,,,
95247 Murphys,zcta,95247,Murphys,38.1360927,-120.4439416,367818,,2017-11-30,10,0,Zillow ZIP-level market for Murphys; mapped with Census 2020 ZCTA 95247 in Calaveras County.,,,,
95223 Avery,zcta,95223,Avery,38.4463225,-119.8129575,297319,,2017-11-30,10,0,Zillow ZIP-level market for Avery; mapped with Census 2020 ZCTA 95223 in Calaveras County.,,,,
95245 Mokelumne Hill,zcta,95245,Mokelumne Hill,38.3027468,-120.6094652,280803,,2017-11-30,10,0,Zillow ZIP-level market for Mokelumne Hill; mapped with Census 2020 ZCTA 95245 in Calaveras County.,,,,
95246 Mountain Ranch,zcta,95246,Mountain Ranch,38.2497077,-120.488857,317683,,2017-11-30,10,0,Zillow ZIP-level market for Mountain Ranch; mapped with Census 2020 ZCTA 95246 in Calaveras County.,,,,
95255 West Point,zcta,95255,West Point,38.4198522,-120.4800231,198814,,2017-11-30,10,0,Zillow ZIP-level market for West Point; mapped with Census 2020 ZCTA 95255 in Calaveras County.,,,,
95254 Wallace,zcta,95254,Wallace,38.1998379,-120.9642416,402721,,2017-11-30,10,0,Zillow ZIP-level market for Wallace; mapped with Census 2020 ZCTA 95254 in Calaveras County.,,,,
95232 Glencoe,zcta,95232,Glencoe,38.3605261,-120.5772427,258891,,2017-11-30,10,0,Zillow ZIP-level market for Glencoe; mapped with Census 2020 ZCTA 95232 in Calaveras County.,,,,
95233 Murphys,zcta,95233,Murphys,38.1861875,-120.3685566,251488,,2017-11-30,10,0,Zillow ZIP-level market for Murphys; mapped with Census 2020 ZCTA 95233 in Calaveras County.,,,,
95257 Wilseyville,zcta,95257,Wilseyville,38.3799265,-120.4680167,208380,,2017-11-30,10,0,Zillow ZIP-level market for Wilseyville; mapped with Census 2020 ZCTA 95257 in Calaveras County.,,,,
95224 Murphys,zcta,95224,Murphys,38.2313239,-120.3226879,283721,,2017-11-30,10,0,Zillow ZIP-level market for Murphys; mapped with Census 2020 ZCTA 95224 in Calaveras County.,,,,
95225 Valley Springs,zcta,95225,Valley Springs,38.2025516,-120.8641483,408026,,2017-11-30,10,0,Zillow ZIP-level market for Valley Springs; mapped with Census 2020 ZCTA 95225 in Calaveras County.,,,,
95252 Valley Springs,zcta,95252,Valley Springs,38.1586282,-120.8432468,322222,,2017-12-31,10,0,Zillow ZIP-level market for Valley Springs; mapped with Census 2020 ZCTA 95252 in Calaveras County.,,,,
95222 Angels Camp,zcta,95222,Angels Camp,38.0513304,-120.5901733,352635,,2017-12-31,10,0,Zillow ZIP-level market for Angels Camp; mapped with Census 2020 ZCTA 95222 in Calaveras County.,,,,
95249 San Andreas,zcta,95249,San Andreas,38.1899501,-120.6195548,243706,,2017-12-31,10,0,Zillow ZIP-level market for San Andreas; mapped with Census 2020 ZCTA 95249 in Calaveras County.,,,,
95228 Copperopolis,zcta,95228,Copperopolis,37.9072653,-120.6883275,366967,,2017-12-31,10,0,Zillow ZIP-level market for Copperopolis; mapped with Census 2020 ZCTA 95228 in Calaveras County.,,,,
95247 Murphys,zcta,95247,Murphys,38.1360927,-120.4439416,370208,,2017-12-31,10,0,Zillow ZIP-level market for Murphys; mapped with Census 2020 ZCTA 95247 in Calaveras County.,,,,
95223 Avery,zcta,95223,Avery,38.4463225,-119.8129575,300062,,2017-12-31,10,0,Zillow ZIP-level market for Avery; mapped with Census 2020 ZCTA 95223 in Calaveras County.,,,,
95245 Mokelumne Hill,zcta,95245,Mokelumne Hill,38.3027468,-120.6094652,283138,,2017-12-31,10,0,Zillow ZIP-level market for Mokelumne Hill; mapped with Census 2020 ZCTA 95245 in Calaveras County.,,,,
95246 Mountain Ranch,zcta,95246,Mountain Ranch,38.2497077,-120.488857,320616,,2017-12-31,10,0,Zillow ZIP-level market for Mountain Ranch; mapped with Census 2020 ZCTA 95246 in Calaveras County.,,,,
95255 West Point,zcta,95255,West Point,38.4198522,-120.4800231,201316,,2017-12-31,10,0,Zillow ZIP-level market for West Point; mapped with Census 2020 ZCTA 95255 in Calaveras County.,,,,
95254 Wallace,zcta,95254,Wallace,38.1998379,-120.9642416,405901,,2017-12-31,10,0,Zillow ZIP-level market for Wallace; mapped with Census 2020 ZCTA 95254 in Calaveras County.,,,,
95232 Glencoe,zcta,95232,Glencoe,38.3605261,-120.5772427,262290,,2017-12-31,10,0,Zillow ZIP-level market for Glencoe; mapped with Census 2020 ZCTA 95232 in Calaveras County.,,,,
95233 Murphys,zcta,95233,Murphys,38.1861875,-120.3685566,253941,,2017-12-31,10,0,Zillow ZIP-level market for Murphys; mapped with Census 2020 ZCTA 95233 in Calaveras County.,,,,
95257 Wilseyville,zcta,95257,Wilseyville,38.3799265,-120.4680167,210048,,2017-12-31,10,0,Zillow ZIP-level market for Wilseyville; mapped with Census 2020 ZCTA 95257 in Calaveras County.,,,,
95224 Murphys,zcta,95224,Murphys,38.2313239,-120.3226879,286112,,2017-12-31,10,0,Zillow ZIP-level market for Murphys; mapped with Census 2020 ZCTA 95224 in Calaveras County.,,,,
95225 Valley Springs,zcta,95225,Valley Springs,38.2025516,-120.8641483,411780,,2017-12-31,10,0,Zillow ZIP-level market for Valley Springs; mapped with Census 2020 ZCTA 95225 in Calaveras County.,,,,
95252 Valley Springs,zcta,95252,Valley Springs,38.1586282,-120.8432468,325270,,2018-01-31,10,0,Zillow ZIP-level market for Valley Springs; mapped with Census 2020 ZCTA 95252 in Calaveras County.,,,,
95222 Angels Camp,zcta,95222,Angels Camp,38.0513304,-120.5901733,355697,,2018-01-31,10,0,Zillow ZIP-level market for Angels Camp; mapped with Census 2020 ZCTA 95222 in Calaveras County.,,,,
95249 San Andreas,zcta,95249,San Andreas,38.1899501,-120.6195548,248309,,2018-01-31,10,0,Zillow ZIP-level market for San Andreas; mapped with Census 2020 ZCTA 95249 in Calaveras County.,,,,
95228 Copperopolis,zcta,95228,Copperopolis,37.9072653,-120.6883275,368202,,2018-01-31,10,0,Zillow ZIP-level market for Copperopolis; mapped with Census 2020 ZCTA 95228 in Calaveras County.,,,,
95247 Murphys,zcta,95247,Murphys,38.1360927,-120.4439416,373012,,2018-01-31,10,0,Zillow ZIP-level market for Murphys; mapped with Census 2020 ZCTA 95247 in Calaveras County.,,,,
95223 Avery,zcta,95223,Avery,38.4463225,-119.8129575,303074,,2018-01-31,10,0,Zillow ZIP-level market for Avery; mapped with Census 2020 ZCTA 95223 in Calaveras County.,,,,
95245 Mokelumne Hill,zcta,95245,Mokelumne Hill,38.3027468,-120.6094652,285649,,2018-01-31,10,0,Zillow ZIP-level market for Mokelumne Hill; mapped with Census 2020 ZCTA 95245 in Calaveras County.,,,,
95246 Mountain Ranch,zcta,95246,Mountain Ranch,38.2497077,-120.488857,324673,,2018-01-31,10,0,Zillow ZIP-level market for Mountain Ranch; mapped with Census 2020 ZCTA 95246 in Calaveras County.,,,,
95255 West Point,zcta,95255,West Point,38.4198522,-120.4800231,204186,,2018-01-31,10,0,Zillow ZIP-level market for West Point; mapped with Census 2020 ZCTA 95255 in Calaveras County.,,,,
95254 Wallace,zcta,95254,Wallace,38.1998379,-120.9642416,409342,,2018-01-31,10,0,Zillow ZIP-level market for Wallace; mapped with Census 2020 ZCTA 95254 in Calaveras County.,,,,
95232 Glencoe,zcta,95232,Glencoe,38.3605261,-120.5772427,266641,,2018-01-31,10,0,Zillow ZIP-level market for Glencoe; mapped with Census 2020 ZCTA 95232 in Calaveras County.,,,,
95233 Murphys,zcta,95233,Murphys,38.1861875,-120.3685566,257518,,2018-01-31,10,0,Zillow ZIP-level market for Murphys; mapped with Census 2020 ZCTA 95233 in Calaveras County.,,,,
95257 Wilseyville,zcta,95257,Wilseyville,38.3799265,-120.4680167,211733,,2018-01-31,10,0,Zillow ZIP-level market for Wilseyville; mapped with Census 2020 ZCTA 95257 in Calaveras County.,,,,
95224 Murphys,zcta,95224,Murphys,38.2313239,-120.3226879,289134,,2018-01-31,10,0,Zillow ZIP-level market for Murphys; mapped with Census 2020 ZCTA 95224 in Calaveras County.,,,,
95225 Valley Springs,zcta,95225,Valley Springs,38.2025516,-120.8641483,416566,,2018-01-31,10,0,Zillow ZIP-level market for Valley Springs; mapped with Census 2020 ZCTA 95225 in Calaveras County.,,,,
95252 Valley Springs,zcta,95252,Valley Springs,38.1586282,-120.8432468,328420,,2018-02-28,10,0,Zillow ZIP-level market for Valley Springs; mapped with Census 2020 ZCTA 95252 in Calaveras County.,,,,
95222 Angels Camp,zcta,95222,Angels Camp,38.0513304,-120.5901733,358379,,2018-02-28,10,0,Zillow ZIP-level market for Angels Camp; mapped with Census 2020 ZCTA 95222 in Calaveras County.,,,,
95249 San Andreas,zcta,95249,San Andreas,38.1899501,-120.6195548,253004,,2018-02-28,10,0,Zillow ZIP-level market for San Andreas; mapped with Census 2020 ZCTA 95249 in Calaveras County.,,,,
95228 Copperopolis,zcta,95228,Copperopolis,37.9072653,-120.6883275,369438,,2018-02-28,10,0,Zillow ZIP-level market for Copperopolis; mapped with Census 2020 ZCTA 95228 in Calaveras County.,,,,
95247 Murphys,zcta,95247,Murphys,38.1360927,-120.4439416,374978,,2018-02-28,10,0,Zillow ZIP-level market for Murphys; mapped with Census 2020 ZCTA 95247 in Calaveras County.,,,,
95223 Avery,zcta,95223,Avery,38.4463225,-119.8129575,306130,,2018-02-28,10,0,Zillow ZIP-level market for Avery; mapped with Census 2020 ZCTA 95223 in Calaveras County.,,,,
95245 Mokelumne Hill,zcta,95245,Mokelumne Hill,38.3027468,-120.6094652,286759,,2018-02-28,10,0,Zillow ZIP-level market for Mokelumne Hill; mapped with Census 2020 ZCTA 95245 in Calaveras County.,,,,
95246 Mountain Ranch,zcta,95246,Mountain Ranch,38.2497077,-120.488857,325578,,2018-02-28,10,0,Zillow ZIP-level market for Mountain Ranch; mapped with Census 2020 ZCTA 95246 in Calaveras County.,,,,
95255 West Point,zcta,95255,West Point,38.4198522,-120.4800231,207157,,2018-02-28,10,0,Zillow ZIP-level market for West Point; mapped with Census 2020 ZCTA 95255 in Calaveras County.,,,,
95254 Wallace,zcta,95254,Wallace,38.1998379,-120.9642416,412261,,2018-02-28,10,0,Zillow ZIP-level market for Wallace; mapped with Census 2020 ZCTA 95254 in Calaveras County.,,,,
95232 Glencoe,zcta,95232,Glencoe,38.3605261,-120.5772427,270179,,2018-02-28,10,0,Zillow ZIP-level market for Glencoe; mapped with Census 2020 ZCTA 95232 in Calaveras County.,,,,
95233 Murphys,zcta,95233,Murphys,38.1861875,-120.3685566,261344,,2018-02-28,10,0,Zillow ZIP-level market for Murphys; mapped with Census 2020 ZCTA 95233 in Calaveras County.,,,,
95257 Wilseyville,zcta,95257,Wilseyville,38.3799265,-120.4680167,212961,,2018-02-28,10,0,Zillow ZIP-level market for Wilseyville; mapped with Census 2020 ZCTA 95257 in Calaveras County.,,,,
95224 Murphys,zcta,95224,Murphys,38.2313239,-120.3226879,292325,,2018-02-28,10,0,Zillow ZIP-level market for Murphys; mapped with Census 2020 ZCTA 95224 in Calaveras County.,,,,
95225 Valley Springs,zcta,95225,Valley Springs,38.2025516,-120.8641483,420360,,2018-02-28,10,0,Zillow ZIP-level market for Valley Springs; mapped with Census 2020 ZCTA 95225 in Calaveras County.,,,,
95252 Valley Springs,zcta,95252,Valley Springs,38.1586282,-120.8432468,332016,,2018-03-31,10,0,Zillow ZIP-level market for Valley Springs; mapped with Census 2020 ZCTA 95252 in Calaveras County.,,,,
95222 Angels Camp,zcta,95222,Angels Camp,38.0513304,-120.5901733,360822,,2018-03-31,10,0,Zillow ZIP-level market for Angels Camp; mapped with Census 2020 ZCTA 95222 in Calaveras County.,,,,
95249 San Andreas,zcta,95249,San Andreas,38.1899501,-120.6195548,257607,,2018-03-31,10,0,Zillow ZIP-level market for San Andreas; mapped with Census 2020 ZCTA 95249 in Calaveras County.,,,,
95228 Copperopolis,zcta,95228,Copperopolis,37.9072653,-120.6883275,370754,,2018-03-31,10,0,Zillow ZIP-level market for Copperopolis; mapped with Census 2020 ZCTA 95228 in Calaveras County.,,,,
95247 Murphys,zcta,95247,Murphys,38.1360927,-120.4439416,377192,,2018-03-31,10,0,Zillow ZIP-level market for Murphys; mapped with Census 2020 ZCTA 95247 in Calaveras County.,,,,
95223 Avery,zcta,95223,Avery,38.4463225,-119.8129575,309425,,2018-03-31,10,0,Zillow ZIP-level market for Avery; mapped with Census 2020 ZCTA 95223 in Calaveras County.,,,,
95245 Mokelumne Hill,zcta,95245,Mokelumne Hill,38.3027468,-120.6094652,287925,,2018-03-31,10,0,Zillow ZIP-level market for Mokelumne Hill; mapped with Census 2020 ZCTA 95245 in Calaveras County.,,,,
95246 Mountain Ranch,zcta,95246,Mountain Ranch,38.2497077,-120.488857,325156,,2018-03-31,10,0,Zillow ZIP-level market for Mountain Ranch; mapped with Census 2020 ZCTA 95246 in Calaveras County.,,,,
95255 West Point,zcta,95255,West Point,38.4198522,-120.4800231,210249,,2018-03-31,10,0,Zillow ZIP-level market for West Point; mapped with Census 2020 ZCTA 95255 in Calaveras County.,,,,
95254 Wallace,zcta,95254,Wallace,38.1998379,-120.9642416,416100,,2018-03-31,10,0,Zillow ZIP-level market for Wallace; mapped with Census 2020 ZCTA 95254 in Calaveras County.,,,,
95232 Glencoe,zcta,95232,Glencoe,38.3605261,-120.5772427,274069,,2018-03-31,10,0,Zillow ZIP-level market for Glencoe; mapped with Census 2020 ZCTA 95232 in Calaveras County.,,,,
95233 Murphys,zcta,95233,Murphys,38.1861875,-120.3685566,265622,,2018-03-31,10,0,Zillow ZIP-level market for Murphys; mapped with Census 2020 ZCTA 95233 in Calaveras County.,,,,
95257 Wilseyville,zcta,95257,Wilseyville,38.3799265,-120.4680167,214739,,2018-03-31,10,0,Zillow ZIP-level market for Wilseyville; mapped with Census 2020 ZCTA 95257 in Calaveras County.,,,,
95224 Murphys,zcta,95224,Murphys,38.2313239,-120.3226879,295467,,2018-03-31,10,0,Zillow ZIP-level market for Murphys; mapped with Census 2020 ZCTA 95224 in Calaveras County.,,,,
95225 Valley Springs,zcta,95225,Valley Springs,38.2025516,-120.8641483,425535,,2018-03-31,10,0,Zillow ZIP-level market for Valley Springs; mapped with Census 2020 ZCTA 95225 in Calaveras County.,,,,
95252 Valley Springs,zcta,95252,Valley Springs,38.1586282,-120.8432468,335214,,2018-04-30,10,0,Zillow ZIP-level market for Valley Springs; mapped with Census 2020 ZCTA 95252 in Calaveras County.,,,,
95222 Angels Camp,zcta,95222,Angels Camp,38.0513304,-120.5901733,362344,,2018-04-30,10,0,Zillow ZIP-level market for Angels Camp; mapped with Census 2020 ZCTA 95222 in Calaveras County.,,,,
95249 San Andreas,zcta,95249,San Andreas,38.1899501,-120.6195548,261230,,2018-04-30,10,0,Zillow ZIP-level market for San Andreas; mapped with Census 2020 ZCTA 95249 in Calaveras County.,,,,
95228 Copperopolis,zcta,95228,Copperopolis,37.9072653,-120.6883275,371363,,2018-04-30,10,0,Zillow ZIP-level market for Copperopolis; mapped with Census 2020 ZCTA 95228 in Calaveras County.,,,,
95247 Murphys,zcta,95247,Murphys,38.1360927,-120.4439416,378494,,2018-04-30,10,0,Zillow ZIP-level market for Murphys; mapped with Census 2020 ZCTA 95247 in Calaveras County.,,,,
95223 Avery,zcta,95223,Avery,38.4463225,-119.8129575,311060,,2018-04-30,10,0,Zillow ZIP-level market for Avery; mapped with Census 2020 ZCTA 95223 in Calaveras County.,,,,
95245 Mokelumne Hill,zcta,95245,Mokelumne Hill,38.3027468,-120.6094652,288414,,2018-04-30,10,0,Zillow ZIP-level market for Mokelumne Hill; mapped with Census 2020 ZCTA 95245 in Calaveras County.,,,,
95246 Mountain Ranch,zcta,95246,Mountain Ranch,38.2497077,-120.488857,321500,,2018-04-30,10,0,Zillow ZIP-level market for Mountain Ranch; mapped with Census 2020 ZCTA 95246 in Calaveras County.,,,,
95255 West Point,zcta,95255,West Point,38.4198522,-120.4800231,212110,,2018-04-30,10,0,Zillow ZIP-level market for West Point; mapped with Census 2020 ZCTA 95255 in Calaveras County.,,,,
95254 Wallace,zcta,95254,Wallace,38.1998379,-120.9642416,419142,,2018-04-30,10,0,Zillow ZIP-level market for Wallace; mapped with Census 2020 ZCTA 95254 in Calaveras County.,,,,
95232 Glencoe,zcta,95232,Glencoe,38.3605261,-120.5772427,276287,,2018-04-30,10,0,Zillow ZIP-level market for Glencoe; mapped with Census 2020 ZCTA 95232 in Calaveras County.,,,,
95233 Murphys,zcta,95233,Murphys,38.1861875,-120.3685566,268837,,2018-04-30,10,0,Zillow ZIP-level market for Murphys; mapped with Census 2020 ZCTA 95233 in Calaveras County.,,,,
95257 Wilseyville,zcta,95257,Wilseyville,38.3799265,-120.4680167,215591,,2018-04-30,10,0,Zillow ZIP-level market for Wilseyville; mapped with Census 2020 ZCTA 95257 in Calaveras County.,,,,
95224 Murphys,zcta,95224,Murphys,38.2313239,-120.3226879,297473,,2018-04-30,10,0,Zillow ZIP-level market for Murphys; mapped with Census 2020 ZCTA 95224 in Calaveras County.,,,,
95225 Valley Springs,zcta,95225,Valley Springs,38.2025516,-120.8641483,427505,,2018-04-30,10,0,Zillow ZIP-level market for Valley Springs; mapped with Census 2020 ZCTA 95225 in Calaveras County.,,,,
95252 Valley Springs,zcta,95252,Valley Springs,38.1586282,-120.8432468,337778,,2018-05-31,10,0,Zillow ZIP-level market for Valley Springs; mapped with Census 2020 ZCTA 95252 in Calaveras County.,,,,
95222 Angels Camp,zcta,95222,Angels Camp,38.0513304,-120.5901733,363795,,2018-05-31,10,0,Zillow ZIP-level market for Angels Camp; mapped with Census 2020 ZCTA 95222 in Calaveras County.,,,,
95249 San Andreas,zcta,95249,San Andreas,38.1899501,-120.6195548,263772,,2018-05-31,10,0,Zillow ZIP-level market for San Andreas; mapped with Census 2020 ZCTA 95249 in Calaveras County.,,,,
95228 Copperopolis,zcta,95228,Copperopolis,37.9072653,-120.6883275,372316,,2018-05-31,10,0,Zillow ZIP-level market for Copperopolis; mapped with Census 2020 ZCTA 95228 in Calaveras County.,,,,
95247 Murphys,zcta,95247,Murphys,38.1360927,-120.4439416,379948,,2018-05-31,10,0,Zillow ZIP-level market for Murphys; mapped with Census 2020 ZCTA 95247 in Calaveras County.,,,,
95223 Avery,zcta,95223,Avery,38.4463225,-119.8129575,312260,,2018-05-31,10,0,Zillow ZIP-level market for Avery; mapped with Census 2020 ZCTA 95223 in Calaveras County.,,,,
95245 Mokelumne Hill,zcta,95245,Mokelumne Hill,38.3027468,-120.6094652,289636,,2018-05-31,10,0,Zillow ZIP-level market for Mokelumne Hill; mapped with Census 2020 ZCTA 95245 in Calaveras County.,,,,
95246 Mountain Ranch,zcta,95246,Mountain Ranch,38.2497077,-120.488857,318316,,2018-05-31,10,0,Zillow ZIP-level market for Mountain Ranch; mapped with Census 2020 ZCTA 95246 in Calaveras County.,,,,
95255 West Point,zcta,95255,West Point,38.4198522,-120.4800231,213396,,2018-05-31,10,0,Zillow ZIP-level market for West Point; mapped with Census 2020 ZCTA 95255 in Calaveras County.,,,,
95254 Wallace,zcta,95254,Wallace,38.1998379,-120.9642416,422022,,2018-05-31,10,0,Zillow ZIP-level market for Wallace; mapped with Census 2020 ZCTA 95254 in Calaveras County.,,,,
95232 Glencoe,zcta,95232,Glencoe,38.3605261,-120.5772427,277583,,2018-05-31,10,0,Zillow ZIP-level market for Glencoe; mapped with Census 2020 ZCTA 95232 in Calaveras County.,,,,
95233 Murphys,zcta,95233,Murphys,38.1861875,-120.3685566,271148,,2018-05-31,10,0,Zillow ZIP-level market for Murphys; mapped with Census 2020 ZCTA 95233 in Calaveras County.,,,,
95257 Wilseyville,zcta,95257,Wilseyville,38.3799265,-120.4680167,216623,,2018-05-31,10,0,Zillow ZIP-level market for Wilseyville; mapped with Census 2020 ZCTA 95257 in Calaveras County.,,,,
95224 Murphys,zcta,95224,Murphys,38.2313239,-120.3226879,298330,,2018-05-31,10,0,Zillow ZIP-level market for Murphys; mapped with Census 2020 ZCTA 95224 in Calaveras County.,,,,
95225 Valley Springs,zcta,95225,Valley Springs,38.2025516,-120.8641483,428156,,2018-05-31,10,0,Zillow ZIP-level market for Valley Springs; mapped with Census 2020 ZCTA 95225 in Calaveras County.,,,,
95252 Valley Springs,zcta,95252,Valley Springs,38.1586282,-120.8432468,340209,,2018-06-30,10,0,Zillow ZIP-level market for Valley Springs; mapped with Census 2020 ZCTA 95252 in Calaveras County.,,,,
95222 Angels Camp,zcta,95222,Angels Camp,38.0513304,-120.5901733,365046,,2018-06-30,10,0,Zillow ZIP-level market for Angels Camp; mapped with Census 2020 ZCTA 95222 in Calaveras County.,,,,
95249 San Andreas,zcta,95249,San Andreas,38.1899501,-120.6195548,265316,,2018-06-30,10,0,Zillow ZIP-level market for San Andreas; mapped with Census 2020 ZCTA 95249 in Calaveras County.,,,,
95228 Copperopolis,zcta,95228,Copperopolis,37.9072653,-120.6883275,372882,,2018-06-30,10,0,Zillow ZIP-level market for Copperopolis; mapped with Census 2020 ZCTA 95228 in Calaveras County.,,,,
95247 Murphys,zcta,95247,Murphys,38.1360927,-120.4439416,381230,,2018-06-30,10,0,Zillow ZIP-level market for Murphys; mapped with Census 2020 ZCTA 95247 in Calaveras County.,,,,
95223 Avery,zcta,95223,Avery,38.4463225,-119.8129575,312762,,2018-06-30,10,0,Zillow ZIP-level market for Avery; mapped with Census 2020 ZCTA 95223 in Calaveras County.,,,,
95245 Mokelumne Hill,zcta,95245,Mokelumne Hill,38.3027468,-120.6094652,290788,,2018-06-30,10,0,Zillow ZIP-level market for Mokelumne Hill; mapped with Census 2020 ZCTA 95245 in Calaveras County.,,,,
95246 Mountain Ranch,zcta,95246,Mountain Ranch,38.2497077,-120.488857,315656,,2018-06-30,10,0,Zillow ZIP-level market for Mountain Ranch; mapped with Census 2020 ZCTA 95246 in Calaveras County.,,,,
95255 West Point,zcta,95255,West Point,38.4198522,-120.4800231,213868,,2018-06-30,10,0,Zillow ZIP-level market for West Point; mapped with Census 2020 ZCTA 95255 in Calaveras County.,,,,
95254 Wallace,zcta,95254,Wallace,38.1998379,-120.9642416,424167,,2018-06-30,10,0,Zillow ZIP-level market for Wallace; mapped with Census 2020 ZCTA 95254 in Calaveras County.,,,,
95232 Glencoe,zcta,95232,Glencoe,38.3605261,-120.5772427,278156,,2018-06-30,10,0,Zillow ZIP-level market for Glencoe; mapped with Census 2020 ZCTA 95232 in Calaveras County.,,,,
95233 Murphys,zcta,95233,Murphys,38.1861875,-120.3685566,272274,,2018-06-30,10,0,Zillow ZIP-level market for Murphys; mapped with Census 2020 ZCTA 95233 in Calaveras County.,,,,
95257 Wilseyville,zcta,95257,Wilseyville,38.3799265,-120.4680167,216825,,2018-06-30,10,0,Zillow ZIP-level market for Wilseyville; mapped with Census 2020 ZCTA 95257 in Calaveras County.,,,,
95224 Murphys,zcta,95224,Murphys,38.2313239,-120.3226879,298595,,2018-06-30,10,0,Zillow ZIP-level market for Murphys; mapped with Census 2020 ZCTA 95224 in Calaveras County.,,,,
95225 Valley Springs,zcta,95225,Valley Springs,38.2025516,-120.8641483,428435,,2018-06-30,10,0,Zillow ZIP-level market for Valley Springs; mapped with Census 2020 ZCTA 95225 in Calaveras County.,,,,
95252 Valley Springs,zcta,95252,Valley Springs,38.1586282,-120.8432468,342805,,2018-07-31,10,0,Zillow ZIP-level market for Valley Springs; mapped with Census 2020 ZCTA 95252 in Calaveras County.,,,,
95222 Angels Camp,zcta,95222,Angels Camp,38.0513304,-120.5901733,367566,,2018-07-31,10,0,Zillow ZIP-level market for Angels Camp; mapped with Census 2020 ZCTA 95222 in Calaveras County.,,,,
95249 San Andreas,zcta,95249,San Andreas,38.1899501,-120.6195548,266179,,2018-07-31,10,0,Zillow ZIP-level market for San Andreas; mapped with Census 2020 ZCTA 95249 in Calaveras County.,,,,
95228 Copperopolis,zcta,95228,Copperopolis,37.9072653,-120.6883275,374395,,2018-07-31,10,0,Zillow ZIP-level market for Copperopolis; mapped with Census 2020 ZCTA 95228 in Calaveras County.,,,,
95247 Murphys,zcta,95247,Murphys,38.1360927,-120.4439416,383310,,2018-07-31,10,0,Zillow ZIP-level market for Murphys; mapped with Census 2020 ZCTA 95247 in Calaveras County.,,,,
95223 Avery,zcta,95223,Avery,38.4463225,-119.8129575,313673,,2018-07-31,10,0,Zillow ZIP-level market for Avery; mapped with Census 2020 ZCTA 95223 in Calaveras County.,,,,
95245 Mokelumne Hill,zcta,95245,Mokelumne Hill,38.3027468,-120.6094652,292362,,2018-07-31,10,0,Zillow ZIP-level market for Mokelumne Hill; mapped with Census 2020 ZCTA 95245 in Calaveras County.,,,,
95246 Mountain Ranch,zcta,95246,Mountain Ranch,38.2497077,-120.488857,317408,,2018-07-31,10,0,Zillow ZIP-level market for Mountain Ranch; mapped with Census 2020 ZCTA 95246 in Calaveras County.,,,,
95255 West Point,zcta,95255,West Point,38.4198522,-120.4800231,214767,,2018-07-31,10,0,Zillow ZIP-level market for West Point; mapped with Census 2020 ZCTA 95255 in Calaveras County.,,,,
95254 Wallace,zcta,95254,Wallace,38.1998379,-120.9642416,427374,,2018-07-31,10,0,Zillow ZIP-level market for Wallace; mapped with Census 2020 ZCTA 95254 in Calaveras County.,,,,
95232 Glencoe,zcta,95232,Glencoe,38.3605261,-120.5772427,279462,,2018-07-31,10,0,Zillow ZIP-level market for Glencoe; mapped with Census 2020 ZCTA 95232 in Calaveras County.,,,,
95233 Murphys,zcta,95233,Murphys,38.1861875,-120.3685566,273962,,2018-07-31,10,0,Zillow ZIP-level market for Murphys; mapped with Census 2020 ZCTA 95233 in Calaveras County.,,,,
95257 Wilseyville,zcta,95257,Wilseyville,38.3799265,-120.4680167,217775,,2018-07-31,10,0,Zillow ZIP-level market for Wilseyville; mapped with Census 2020 ZCTA 95257 in Calaveras County.,,,,
95224 Murphys,zcta,95224,Murphys,38.2313239,-120.3226879,299219,,2018-07-31,10,0,Zillow ZIP-level market for Murphys; mapped with Census 2020 ZCTA 95224 in Calaveras County.,,,,
95225 Valley Springs,zcta,95225,Valley Springs,38.2025516,-120.8641483,431169,,2018-07-31,10,0,Zillow ZIP-level market for Valley Springs; mapped with Census 2020 ZCTA 95225 in Calaveras County.,,,,
95252 Valley Springs,zcta,95252,Valley Springs,38.1586282,-120.8432468,344739,,2018-08-31,10,0,Zillow ZIP-level market for Valley Springs; mapped with Census 2020 ZCTA 95252 in Calaveras County.,,,,
95222 Angels Camp,zcta,95222,Angels Camp,38.0513304,-120.5901733,369887,,2018-08-31,10,0,Zillow ZIP-level market for Angels Camp; mapped with Census 2020 ZCTA 95222 in Calaveras County.,,,,
95249 San Andreas,zcta,95249,San Andreas,38.1899501,-120.6195548,267054,,2018-08-31,10,0,Zillow ZIP-level market for San Andreas; mapped with Census 2020 ZCTA 95249 in Calaveras County.,,,,
95228 Copperopolis,zcta,95228,Copperopolis,37.9072653,-120.6883275,375803,,2018-08-31,10,0,Zillow ZIP-level market for Copperopolis; mapped with Census 2020 ZCTA 95228 in Calaveras County.,,,,
95247 Murphys,zcta,95247,Murphys,38.1360927,-120.4439416,384894,,2018-08-31,10,0,Zillow ZIP-level market for Murphys; mapped with Census 2020 ZCTA 95247 in Calaveras County.,,,,
95223 Avery,zcta,95223,Avery,38.4463225,-119.8129575,314208,,2018-08-31,10,0,Zillow ZIP-level market for Avery; mapped with Census 2020 ZCTA 95223 in Calaveras County.,,,,
95245 Mokelumne Hill,zcta,95245,Mokelumne Hill,38.3027468,-120.6094652,293553,,2018-08-31,10,0,Zillow ZIP-level market for Mokelumne Hill; mapped with Census 2020 ZCTA 95245 in Calaveras County.,,,,
95246 Mountain Ranch,zcta,95246,Mountain Ranch,38.2497077,-120.488857,319674,,2018-08-31,10,0,Zillow ZIP-level market for Mountain Ranch; mapped with Census 2020 ZCTA 95246 in Calaveras County.,,,,
95255 West Point,zcta,95255,West Point,38.4198522,-120.4800231,215871,,2018-08-31,10,0,Zillow ZIP-level market for West Point; mapped with Census 2020 ZCTA 95255 in Calaveras County.,,,,
95254 Wallace,zcta,95254,Wallace,38.1998379,-120.9642416,431391,,2018-08-31,10,0,Zillow ZIP-level market for Wallace; mapped with Census 2020 ZCTA 95254 in Calaveras County.,,,,
95232 Glencoe,zcta,95232,Glencoe,38.3605261,-120.5772427,280850,,2018-08-31,10,0,Zillow ZIP-level market for Glencoe; mapped with Census 2020 ZCTA 95232 in Calaveras County.,,,,
95233 Murphys,zcta,95233,Murphys,38.1861875,-120.3685566,275947,,2018-08-31,10,0,Zillow ZIP-level market for Murphys; mapped with Census 2020 ZCTA 95233 in Calaveras County.,,,,
95257 Wilseyville,zcta,95257,Wilseyville,38.3799265,-120.4680167,218770,,2018-08-31,10,0,Zillow ZIP-level market for Wilseyville; mapped with Census 2020 ZCTA 95257 in Calaveras County.,,,,
95224 Murphys,zcta,95224,Murphys,38.2313239,-120.3226879,300411,,2018-08-31,10,0,Zillow ZIP-level market for Murphys; mapped with Census 2020 ZCTA 95224 in Calaveras County.,,,,
95225 Valley Springs,zcta,95225,Valley Springs,38.2025516,-120.8641483,434883,,2018-08-31,10,0,Zillow ZIP-level market for Valley Springs; mapped with Census 2020 ZCTA 95225 in Calaveras County.,,,,
95252 Valley Springs,zcta,95252,Valley Springs,38.1586282,-120.8432468,344736,,2018-09-30,10,0,Zillow ZIP-level market for Valley Springs; mapped with Census 2020 ZCTA 95252 in Calaveras County.,,,,
95222 Angels Camp,zcta,95222,Angels Camp,38.0513304,-120.5901733,371135,,2018-09-30,10,0,Zillow ZIP-level market for Angels Camp; mapped with Census 2020 ZCTA 95222 in Calaveras County.,,,,
95249 San Andreas,zcta,95249,San Andreas,38.1899501,-120.6195548,267453,,2018-09-30,10,0,Zillow ZIP-level market for San Andreas; mapped with Census 2020 ZCTA 95249 in Calaveras County.,,,,
95228 Copperopolis,zcta,95228,Copperopolis,37.9072653,-120.6883275,376989,,2018-09-30,10,0,Zillow ZIP-level market for Copperopolis; mapped with Census 2020 ZCTA 95228 in Calaveras County.,,,,
95247 Murphys,zcta,95247,Murphys,38.1360927,-120.4439416,386409,,2018-09-30,10,0,Zillow ZIP-level market for Murphys; mapped with Census 2020 ZCTA 95247 in Calaveras County.,,,,
95223 Avery,zcta,95223,Avery,38.4463225,-119.8129575,314648,,2018-09-30,10,0,Zillow ZIP-level market for Avery; mapped with Census 2020 ZCTA 95223 in Calaveras County.,,,,
95245 Mokelumne Hill,zcta,95245,Mokelumne Hill,38.3027468,-120.6094652,293825,,2018-09-30,10,0,Zillow ZIP-level market for Mokelumne Hill; mapped with Census 2020 ZCTA 95245 in Calaveras County.,,,,
95246 Mountain Ranch,zcta,95246,Mountain Ranch,38.2497077,-120.488857,320099,,2018-09-30,10,0,Zillow ZIP-level market for Mountain Ranch; mapped with Census 2020 ZCTA 95246 in Calaveras County.,,,,
95255 West Point,zcta,95255,West Point,38.4198522,-120.4800231,217093,,2018-09-30,10,0,Zillow ZIP-level market for West Point; mapped with Census 2020 ZCTA 95255 in Calaveras County.,,,,
95254 Wallace,zcta,95254,Wallace,38.1998379,-120.9642416,434787,,2018-09-30,10,0,Zillow ZIP-level market for Wallace; mapped with Census 2020 ZCTA 95254 in Calaveras County.,,,,
95232 Glencoe,zcta,95232,Glencoe,38.3605261,-120.5772427,281821,,2018-09-30,10,0,Zillow ZIP-level market for Glencoe; mapped with Census 2020 ZCTA 95232 in Calaveras County.,,,,
95233 Murphys,zcta,95233,Murphys,38.1861875,-120.3685566,278136,,2018-09-30,10,0,Zillow ZIP-level market for Murphys; mapped with Census 2020 ZCTA 95233 in Calaveras County.,,,,
95257 Wilseyville,zcta,95257,Wilseyville,38.3799265,-120.4680167,219989,,2018-09-30,10,0,Zillow ZIP-level market for Wilseyville; mapped with Census 2020 ZCTA 95257 in Calaveras County.,,,,
95224 Murphys,zcta,95224,Murphys,38.2313239,-120.3226879,301880,,2018-09-30,10,0,Zillow ZIP-level market for Murphys; mapped with Census 2020 ZCTA 95224 in Calaveras County.,,,,
95225 Valley Springs,zcta,95225,Valley Springs,38.2025516,-120.8641483,437656,,2018-09-30,10,0,Zillow ZIP-level market for Valley Springs; mapped with Census 2020 ZCTA 95225 in Calaveras County.,,,,
95252 Valley Springs,zcta,95252,Valley Springs,38.1586282,-120.8432468,343320,,2018-10-31,10,0,Zillow ZIP-level market for Valley Springs; mapped with Census 2020 ZCTA 95252 in Calaveras County.,,,,
95222 Angels Camp,zcta,95222,Angels Camp,38.0513304,-120.5901733,370953,,2018-10-31,10,0,Zillow ZIP-level market for Angels Camp; mapped with Census 2020 ZCTA 95222 in Calaveras County.,,,,
95249 San Andreas,zcta,95249,San Andreas,38.1899501,-120.6195548,266786,,2018-10-31,10,0,Zillow ZIP-level market for San Andreas; mapped with Census 2020 ZCTA 95249 in Calaveras County.,,,,
95228 Copperopolis,zcta,95228,Copperopolis,37.9072653,-120.6883275,378167,,2018-10-31,10,0,Zillow ZIP-level market for Copperopolis; mapped with Census 2020 ZCTA 95228 in Calaveras County.,,,,
95247 Murphys,zcta,95247,Murphys,38.1360927,-120.4439416,387516,,2018-10-31,10,0,Zillow ZIP-level market for Murphys; mapped with Census 2020 ZCTA 95247 in Calaveras County.,,,,
95223 Avery,zcta,95223,Avery,38.4463225,-119.8129575,315407,,2018-10-31,10,0,Zillow ZIP-level market for Avery; mapped with Census 2020 ZCTA 95223 in Calaveras County.,,,,
95245 Mokelumne Hill,zcta,95245,Mokelumne Hill,38.3027468,-120.6094652,293503,,2018-10-31,10,0,Zillow ZIP-level market for Mokelumne Hill; mapped with Census 2020 ZCTA 95245 in Calaveras County.,,,,
95246 Mountain Ranch,zcta,95246,Mountain Ranch,38.2497077,-120.488857,317564,,2018-10-31,10,0,Zillow ZIP-level market for Mountain Ranch; mapped with Census 2020 ZCTA 95246 in Calaveras County.,,,,
95255 West Point,zcta,95255,West Point,38.4198522,-120.4800231,218136,,2018-10-31,10,0,Zillow ZIP-level market for West Point; mapped with Census 2020 ZCTA 95255 in Calaveras County.,,,,
95254 Wallace,zcta,95254,Wallace,38.1998379,-120.9642416,437062,,2018-10-31,10,0,Zillow ZIP-level market for Wallace; mapped with Census 2020 ZCTA 95254 in Calaveras County.,,,,
95232 Glencoe,zcta,95232,Glencoe,38.3605261,-120.5772427,282057,,2018-10-31,10,0,Zillow ZIP-level market for Glencoe; mapped with Census 2020 ZCTA 95232 in Calaveras County.,,,,
95233 Murphys,zcta,95233,Murphys,38.1861875,-120.3685566,279045,,2018-10-31,10,0,Zillow ZIP-level market for Murphys; mapped with Census 2020 ZCTA 95233 in Calaveras County.,,,,
95257 Wilseyville,zcta,95257,Wilseyville,38.3799265,-120.4680167,220935,,2018-10-31,10,0,Zillow ZIP-level market for Wilseyville; mapped with Census 2020 ZCTA 95257 in Calaveras County.,,,,
95224 Murphys,zcta,95224,Murphys,38.2313239,-120.3226879,303095,,2018-10-31,10,0,Zillow ZIP-level market for Murphys; mapped with Census 2020 ZCTA 95224 in Calaveras County.,,,,
95225 Valley Springs,zcta,95225,Valley Springs,38.2025516,-120.8641483,437728,,2018-10-31,10,0,Zillow ZIP-level market for Valley Springs; mapped with Census 2020 ZCTA 95225 in Calaveras County.,,,,
95252 Valley Springs,zcta,95252,Valley Springs,38.1586282,-120.8432468,341612,,2018-11-30,10,0,Zillow ZIP-level market for Valley Springs; mapped with Census 2020 ZCTA 95252 in Calaveras County.,,,,
95222 Angels Camp,zcta,95222,Angels Camp,38.0513304,-120.5901733,370825,,2018-11-30,10,0,Zillow ZIP-level market for Angels Camp; mapped with Census 2020 ZCTA 95222 in Calaveras County.,,,,
95249 San Andreas,zcta,95249,San Andreas,38.1899501,-120.6195548,265453,,2018-11-30,10,0,Zillow ZIP-level market for San Andreas; mapped with Census 2020 ZCTA 95249 in Calaveras County.,,,,
95228 Copperopolis,zcta,95228,Copperopolis,37.9072653,-120.6883275,379445,,2018-11-30,10,0,Zillow ZIP-level market for Copperopolis; mapped with Census 2020 ZCTA 95228 in Calaveras County.,,,,
95247 Murphys,zcta,95247,Murphys,38.1360927,-120.4439416,388653,,2018-11-30,10,0,Zillow ZIP-level market for Murphys; mapped with Census 2020 ZCTA 95247 in Calaveras County.,,,,
95223 Avery,zcta,95223,Avery,38.4463225,-119.8129575,316784,,2018-11-30,10,0,Zillow ZIP-level market for Avery; mapped with Census 2020 ZCTA 95223 in Calaveras County.,,,,
95245 Mokelumne Hill,zcta,95245,Mokelumne Hill,38.3027468,-120.6094652,292870,,2018-11-30,10,0,Zillow ZIP-level market for Mokelumne Hill; mapped with Census 2020 ZCTA 95245 in Calaveras County.,,,,
95246 Mountain Ranch,zcta,95246,Mountain Ranch,38.2497077,-120.488857,316044,,2018-11-30,10,0,Zillow ZIP-level market for Mountain Ranch; mapped with Census 2020 ZCTA 95246 in Calaveras County.,,,,
95255 West Point,zcta,95255,West Point,38.4198522,-120.4800231,218431,,2018-11-30,10,0,Zillow ZIP-level market for West Point; mapped with Census 2020 ZCTA 95255 in Calaveras County.,,,,
95254 Wallace,zcta,95254,Wallace,38.1998379,-120.9642416,438007,,2018-11-30,10,0,Zillow ZIP-level market for Wallace; mapped with Census 2020 ZCTA 95254 in Calaveras County.,,,,
95232 Glencoe,zcta,95232,Glencoe,38.3605261,-120.5772427,283201,,2018-11-30,10,0,Zillow ZIP-level market for Glencoe; mapped with Census 2020 ZCTA 95232 in Calaveras County.,,,,
95233 Murphys,zcta,95233,Murphys,38.1861875,-120.3685566,279268,,2018-11-30,10,0,Zillow ZIP-level market for Murphys; mapped with Census 2020 ZCTA 95233 in Calaveras County.,,,,
95257 Wilseyville,zcta,95257,Wilseyville,38.3799265,-120.4680167,221092,,2018-11-30,10,0,Zillow ZIP-level market for Wilseyville; mapped with Census 2020 ZCTA 95257 in Calaveras County.,,,,
95224 Murphys,zcta,95224,Murphys,38.2313239,-120.3226879,303956,,2018-11-30,10,0,Zillow ZIP-level market for Murphys; mapped with Census 2020 ZCTA 95224 in Calaveras County.,,,,
95225 Valley Springs,zcta,95225,Valley Springs,38.2025516,-120.8641483,438021,,2018-11-30,10,0,Zillow ZIP-level market for Valley Springs; mapped with Census 2020 ZCTA 95225 in Calaveras County.,,,,
95252 Valley Springs,zcta,95252,Valley Springs,38.1586282,-120.8432468,341378,,2018-12-31,10,0,Zillow ZIP-level market for Valley Springs; mapped with Census 2020 ZCTA 95252 in Calaveras County.,,,,
95222 Angels Camp,zcta,95222,Angels Camp,38.0513304,-120.5901733,371467,,2018-12-31,10,0,Zillow ZIP-level market for Angels Camp; mapped with Census 2020 ZCTA 95222 in Calaveras County.,,,,
95249 San Andreas,zcta,95249,San Andreas,38.1899501,-120.6195548,264764,,2018-12-31,10,0,Zillow ZIP-level market for San Andreas; mapped with Census 2020 ZCTA 95249 in Calaveras County.,,,,
95228 Copperopolis,zcta,95228,Copperopolis,37.9072653,-120.6883275,381488,,2018-12-31,10,0,Zillow ZIP-level market for Copperopolis; mapped with Census 2020 ZCTA 95228 in Calaveras County.,,,,
95247 Murphys,zcta,95247,Murphys,38.1360927,-120.4439416,390415,,2018-12-31,10,0,Zillow ZIP-level market for Murphys; mapped with Census 2020 ZCTA 95247 in Calaveras County.,,,,
95223 Avery,zcta,95223,Avery,38.4463225,-119.8129575,319063,,2018-12-31,10,0,Zillow ZIP-level market for Avery; mapped with Census 2020 ZCTA 95223 in Calaveras County.,,,,
95245 Mokelumne Hill,zcta,95245,Mokelumne Hill,38.3027468,-120.6094652,292712,,2018-12-31,10,0,Zillow ZIP-level market for Mokelumne Hill; mapped with Census 2020 ZCTA 95245 in Calaveras County.,,,,
95246 Mountain Ranch,zcta,95246,Mountain Ranch,38.2497077,-120.488857,314599,,2018-12-31,10,0,Zillow ZIP-level market for Mountain Ranch; mapped with Census 2020 ZCTA 95246 in Calaveras County.,,,,
95255 West Point,zcta,95255,West Point,38.4198522,-120.4800231,219388,,2018-12-31,10,0,Zillow ZIP-level market for West Point; mapped with Census 2020 ZCTA 95255 in Calaveras County.,,,,
95254 Wallace,zcta,95254,Wallace,38.1998379,-120.9642416,438662,,2018-12-31,10,0,Zillow ZIP-level market for Wallace; mapped with Census 2020 ZCTA 95254 in Calaveras County.,,,,
95232 Glencoe,zcta,95232,Glencoe,38.3605261,-120.5772427,284405,,2018-12-31,10,0,Zillow ZIP-level market for Glencoe; mapped with Census 2020 ZCTA 95232 in Calaveras County.,,,,
95233 Murphys,zcta,95233,Murphys,38.1861875,-120.3685566,279703,,2018-12-31,10,0,Zillow ZIP-level market for Murphys; mapped with Census 2020 ZCTA 95233 in Calaveras County.,,,,
95257 Wilseyville,zcta,95257,Wilseyville,38.3799265,-120.4680167,221698,,2018-12-31,10,0,Zillow ZIP-level market for Wilseyville; mapped with Census 2020 ZCTA 95257 in Calaveras County.,,,,
95224 Murphys,zcta,95224,Murphys,38.2313239,-120.3226879,304974,,2018-12-31,10,0,Zillow ZIP-level market for Murphys; mapped with Census 2020 ZCTA 95224 in Calaveras County.,,,,
95225 Valley Springs,zcta,95225,Valley Springs,38.2025516,-120.8641483,438810,,2018-12-31,10,0,Zillow ZIP-level market for Valley Springs; mapped with Census 2020 ZCTA 95225 in Calaveras County.,,,,
95252 Valley Springs,zcta,95252,Valley Springs,38.1586282,-120.8432468,342300,,2019-01-31,10,0,Zillow ZIP-level market for Valley Springs; mapped with Census 2020 ZCTA 95252 in Calaveras County.,,,,
95222 Angels Camp,zcta,95222,Angels Camp,38.0513304,-120.5901733,372035,,2019-01-31,10,0,Zillow ZIP-level market for Angels Camp; mapped with Census 2020 ZCTA 95222 in Calaveras County.,,,,
95249 San Andreas,zcta,95249,San Andreas,38.1899501,-120.6195548,264980,,2019-01-31,10,0,Zillow ZIP-level market for San Andreas; mapped with Census 2020 ZCTA 95249 in Calaveras County.,,,,
95228 Copperopolis,zcta,95228,Copperopolis,37.9072653,-120.6883275,382961,,2019-01-31,10,0,Zillow ZIP-level market for Copperopolis; mapped with Census 2020 ZCTA 95228 in Calaveras County.,,,,
95247 Murphys,zcta,95247,Murphys,38.1360927,-120.4439416,392569,,2019-01-31,10,0,Zillow ZIP-level market for Murphys; mapped with Census 2020 ZCTA 95247 in Calaveras County.,,,,
95223 Avery,zcta,95223,Avery,38.4463225,-119.8129575,321465,,2019-01-31,10,0,Zillow ZIP-level market for Avery; mapped with Census 2020 ZCTA 95223 in Calaveras County.,,,,
95245 Mokelumne Hill,zcta,95245,Mokelumne Hill,38.3027468,-120.6094652,294255,,2019-01-31,10,0,Zillow ZIP-level market for Mokelumne Hill; mapped with Census 2020 ZCTA 95245 in Calaveras County.,,,,
95246 Mountain Ranch,zcta,95246,Mountain Ranch,38.2497077,-120.488857,315957,,2019-01-31,10,0,Zillow ZIP-level market for Mountain Ranch; mapped with Census 2020 ZCTA 95246 in Calaveras County.,,,,
95255 West Point,zcta,95255,West Point,38.4198522,-120.4800231,221036,,2019-01-31,10,0,Zillow ZIP-level market for West Point; mapped with Census 2020 ZCTA 95255 in Calaveras County.,,,,
95254 Wallace,zcta,95254,Wallace,38.1998379,-120.9642416,440374,,2019-01-31,10,0,Zillow ZIP-level market for Wallace; mapped with Census 2020 ZCTA 95254 in Calaveras County.,,,,
95232 Glencoe,zcta,95232,Glencoe,38.3605261,-120.5772427,286986,,2019-01-31,10,0,Zillow ZIP-level market for Glencoe; mapped with Census 2020 ZCTA 95232 in Calaveras County.,,,,
95233 Murphys,zcta,95233,Murphys,38.1861875,-120.3685566,281064,,2019-01-31,10,0,Zillow ZIP-level market for Murphys; mapped with Census 2020 ZCTA 95233 in Calaveras County.,,,,
95257 Wilseyville,zcta,95257,Wilseyville,38.3799265,-120.4680167,222650,,2019-01-31,10,0,Zillow ZIP-level market for Wilseyville; mapped with Census 2020 ZCTA 95257 in Calaveras County.,,,,
95224 Murphys,zcta,95224,Murphys,38.2313239,-120.3226879,306469,,2019-01-31,10,0,Zillow ZIP-level market for Murphys; mapped with Census 2020 ZCTA 95224 in Calaveras County.,,,,
95225 Valley Springs,zcta,95225,Valley Springs,38.2025516,-120.8641483,443021,,2019-01-31,10,0,Zillow ZIP-level market for Valley Springs; mapped with Census 2020 ZCTA 95225 in Calaveras County.,,,,
95252 Valley Springs,zcta,95252,Valley Springs,38.1586282,-120.8432468,344278,,2019-02-28,10,0,Zillow ZIP-level market for Valley Springs; mapped with Census 2020 ZCTA 95252 in Calaveras County.,,,,
95222 Angels Camp,zcta,95222,Angels Camp,38.0513304,-120.5901733,372865,,2019-02-28,10,0,Zillow ZIP-level market for Angels Camp; mapped with Census 2020 ZCTA 95222 in Calaveras County.,,,,
95249 San Andreas,zcta,95249,San Andreas,38.1899501,-120.6195548,266076,,2019-02-28,10,0,Zillow ZIP-level market for San Andreas; mapped with Census 2020 ZCTA 95249 in Calaveras County.,,,,
95228 Copperopolis,zcta,95228,Copperopolis,37.9072653,-120.6883275,384950,,2019-02-28,10,0,Zillow ZIP-level market for Copperopolis; mapped with Census 2020 ZCTA 95228 in Calaveras County.,,,,
95247 Murphys,zcta,95247,Murphys,38.1360927,-120.4439416,394836,,2019-02-28,10,0,Zillow ZIP-level market for Murphys; mapped with Census 2020 ZCTA 95247 in Calaveras County.,,,,
95223 Avery,zcta,95223,Avery,38.4463225,-119.8129575,323917,,2019-02-28,10,0,Zillow ZIP-level market for Avery; mapped with Census 2020 ZCTA 95223 in Calaveras County.,,,,
95245 Mokelumne Hill,zcta,95245,Mokelumne Hill,38.3027468,-120.6094652,297473,,2019-02-28,10,0,Zillow ZIP-level market for Mokelumne Hill; mapped with Census 2020 ZCTA 95245 in Calaveras County.,,,,
95246 Mountain Ranch,zcta,95246,Mountain Ranch,38.2497077,-120.488857,318415,,2019-02-28,10,0,Zillow ZIP-level market for Mountain Ranch; mapped with Census 2020 ZCTA 95246 in Calaveras County.,,,,
95255 West Point,zcta,95255,West Point,38.4198522,-120.4800231,223677,,2019-02-28,10,0,Zillow ZIP-level market for West Point; mapped with Census 2020 ZCTA 95255 in Calaveras County.,,,,
95254 Wallace,zcta,95254,Wallace,38.1998379,-120.9642416,443818,,2019-02-28,10,0,Zillow ZIP-level market for Wallace; mapped with Census 2020 ZCTA 95254 in Calaveras County.,,,,
95232 Glencoe,zcta,95232,Glencoe,38.3605261,-120.5772427,289828,,2019-02-28,10,0,Zillow ZIP-level market for Glencoe; mapped with Census 2020 ZCTA 95232 in Calaveras County.,,,,
95233 Murphys,zcta,95233,Murphys,38.1861875,-120.3685566,283325,,2019-02-28,10,0,Zillow ZIP-level market for Murphys; mapped with Census 2020 ZCTA 95233 in Calaveras County.,,,,
95257 Wilseyville,zcta,95257,Wilseyville,38.3799265,-120.4680167,224600,,2019-02-28,10,0,Zillow ZIP-level market for Wilseyville; mapped with Census 2020 ZCTA 95257 in Calaveras County.,,,,
95248 Mokelumne Hill,zcta,95248,Mokelumne Hill,38.3177091,-120.4611116,292399,,2019-02-28,10,0,Zillow ZIP-level market for Mokelumne Hill; mapped with Census 2020 ZCTA 95248 in Calaveras County.,,,,
95224 Murphys,zcta,95224,Murphys,38.2313239,-120.3226879,308626,,2019-02-28,10,0,Zillow ZIP-level market for Murphys; mapped with Census 2020 ZCTA 95224 in Calaveras County.,,,,
95225 Valley Springs,zcta,95225,Valley Springs,38.2025516,-120.8641483,450259,,2019-02-28,10,0,Zillow ZIP-level market for Valley Springs; mapped with Census 2020 ZCTA 95225 in Calaveras County.,,,,
95252 Valley Springs,zcta,95252,Valley Springs,38.1586282,-120.8432468,346489,,2019-03-31,10,0,Zillow ZIP-level market for Valley Springs; mapped with Census 2020 ZCTA 95252 in Calaveras County.,,,,
95222 Angels Camp,zcta,95222,Angels Camp,38.0513304,-120.5901733,374248,,2019-03-31,10,0,Zillow ZIP-level market for Angels Camp; mapped with Census 2020 ZCTA 95222 in Calaveras County.,,,,
95249 San Andreas,zcta,95249,San Andreas,38.1899501,-120.6195548,267055,,2019-03-31,10,0,Zillow ZIP-level market for San Andreas; mapped with Census 2020 ZCTA 95249 in Calaveras County.,,,,
95228 Copperopolis,zcta,95228,Copperopolis,37.9072653,-120.6883275,387723,,2019-03-31,10,0,Zillow ZIP-level market for Copperopolis; mapped with Census 2020 ZCTA 95228 in Calaveras County.,,,,
95247 Murphys,zcta,95247,Murphys,38.1360927,-120.4439416,396491,,2019-03-31,10,0,Zillow ZIP-level market for Murphys; mapped with Census 2020 ZCTA 95247 in Calaveras County.,,,,
95223 Avery,zcta,95223,Avery,38.4463225,-119.8129575,326094,,2019-03-31,10,0,Zillow ZIP-level market for Avery; mapped with Census 2020 ZCTA 95223 in Calaveras County.,,,,
95245 Mokelumne Hill,zcta,95245,Mokelumne Hill,38.3027468,-120.6094652,301858,,2019-03-31,10,0,Zillow ZIP-level market for Mokelumne Hill; mapped with Census 2020 ZCTA 95245 in Calaveras County.,,,,
95246 Mountain Ranch,zcta,95246,Mountain Ranch,38.2497077,-120.488857,323495,,2019-03-31,10,0,Zillow ZIP-level market for Mountain Ranch; mapped with Census 2020 ZCTA 95246 in Calaveras County.,,,,
95255 West Point,zcta,95255,West Point,38.4198522,-120.4800231,226134,,2019-03-31,10,0,Zillow ZIP-level market for West Point; mapped with Census 2020 ZCTA 95255 in Calaveras County.,,,,
95254 Wallace,zcta,95254,Wallace,38.1998379,-120.9642416,448413,,2019-03-31,10,0,Zillow ZIP-level market for Wallace; mapped with Census 2020 ZCTA 95254 in Calaveras County.,,,,
95232 Glencoe,zcta,95232,Glencoe,38.3605261,-120.5772427,293057,,2019-03-31,10,0,Zillow ZIP-level market for Glencoe; mapped with Census 2020 ZCTA 95232 in Calaveras County.,,,,
95233 Murphys,zcta,95233,Murphys,38.1861875,-120.3685566,285963,,2019-03-31,10,0,Zillow ZIP-level market for Murphys; mapped with Census 2020 ZCTA 95233 in Calaveras County.,,,,
95257 Wilseyville,zcta,95257,Wilseyville,38.3799265,-120.4680167,226278,,2019-03-31,10,0,Zillow ZIP-level market for Wilseyville; mapped with Census 2020 ZCTA 95257 in Calaveras County.,,,,
95248 Mokelumne Hill,zcta,95248,Mokelumne Hill,38.3177091,-120.4611116,292818,,2019-03-31,10,0,Zillow ZIP-level market for Mokelumne Hill; mapped with Census 2020 ZCTA 95248 in Calaveras County.,,,,
95224 Murphys,zcta,95224,Murphys,38.2313239,-120.3226879,310339,,2019-03-31,10,0,Zillow ZIP-level market for Murphys; mapped with Census 2020 ZCTA 95224 in Calaveras County.,,,,
95225 Valley Springs,zcta,95225,Valley Springs,38.2025516,-120.8641483,458751,,2019-03-31,10,0,Zillow ZIP-level market for Valley Springs; mapped with Census 2020 ZCTA 95225 in Calaveras County.,,,,
95252 Valley Springs,zcta,95252,Valley Springs,38.1586282,-120.8432468,348401,,2019-04-30,10,0,Zillow ZIP-level market for Valley Springs; mapped with Census 2020 ZCTA 95252 in Calaveras County.,,,,
95222 Angels Camp,zcta,95222,Angels Camp,38.0513304,-120.5901733,376236,,2019-04-30,10,0,Zillow ZIP-level market for Angels Camp; mapped with Census 2020 ZCTA 95222 in Calaveras County.,,,,
95249 San Andreas,zcta,95249,San Andreas,38.1899501,-120.6195548,267836,,2019-04-30,10,0,Zillow ZIP-level market for San Andreas; mapped with Census 2020 ZCTA 95249 in Calaveras County.,,,,
95228 Copperopolis,zcta,95228,Copperopolis,37.9072653,-120.6883275,390788,,2019-04-30,10,0,Zillow ZIP-level market for Copperopolis; mapped with Census 2020 ZCTA 95228 in Calaveras County.,,,,
95247 Murphys,zcta,95247,Murphys,38.1360927,-120.4439416,397609,,2019-04-30,10,0,Zillow ZIP-level market for Murphys; mapped with Census 2020 ZCTA 95247 in Calaveras County.,,,,
95223 Avery,zcta,95223,Avery,38.4463225,-119.8129575,327460,,2019-04-30,10,0,Zillow ZIP-level market for Avery; mapped with Census 2020 ZCTA 95223 in Calaveras County.,,,,
95245 Mokelumne Hill,zcta,95245,Mokelumne Hill,38.3027468,-120.6094652,304718,,2019-04-30,10,0,Zillow ZIP-level market for Mokelumne Hill; mapped with Census 2020 ZCTA 95245 in Calaveras County.,,,,
95246 Mountain Ranch,zcta,95246,Mountain Ranch,38.2497077,-120.488857,327081,,2019-04-30,10,0,Zillow ZIP-level market for Mountain Ranch; mapped with Census 2020 ZCTA 95246 in Calaveras County.,,,,
95255 West Point,zcta,95255,West Point,38.4198522,-120.4800231,227270,,2019-04-30,10,0,Zillow ZIP-level market for West Point; mapped with Census 2020 ZCTA 95255 in Calaveras County.,,,,
95254 Wallace,zcta,95254,Wallace,38.1998379,-120.9642416,451525,,2019-04-30,10,0,Zillow ZIP-level market for Wallace; mapped with Census 2020 ZCTA 95254 in Calaveras County.,,,,
95232 Glencoe,zcta,95232,Glencoe,38.3605261,-120.5772427,294528,,2019-04-30,10,0,Zillow ZIP-level market for Glencoe; mapped with Census 2020 ZCTA 95232 in Calaveras County.,,,,
95233 Murphys,zcta,95233,Murphys,38.1861875,-120.3685566,287738,,2019-04-30,10,0,Zillow ZIP-level market for Murphys; mapped with Census 2020 ZCTA 95233 in Calaveras County.,,,,
95257 Wilseyville,zcta,95257,Wilseyville,38.3799265,-120.4680167,227084,,2019-04-30,10,0,Zillow ZIP-level market for Wilseyville; mapped with Census 2020 ZCTA 95257 in Calaveras County.,,,,
95248 Mokelumne Hill,zcta,95248,Mokelumne Hill,38.3177091,-120.4611116,293542,,2019-04-30,10,0,Zillow ZIP-level market for Mokelumne Hill; mapped with Census 2020 ZCTA 95248 in Calaveras County.,,,,
95224 Murphys,zcta,95224,Murphys,38.2313239,-120.3226879,311152,,2019-04-30,10,0,Zillow ZIP-level market for Murphys; mapped with Census 2020 ZCTA 95224 in Calaveras County.,,,,
95225 Valley Springs,zcta,95225,Valley Springs,38.2025516,-120.8641483,465063,,2019-04-30,10,0,Zillow ZIP-level market for Valley Springs; mapped with Census 2020 ZCTA 95225 in Calaveras County.,,,,
95252 Valley Springs,zcta,95252,Valley Springs,38.1586282,-120.8432468,350002,,2019-05-31,10,0,Zillow ZIP-level market for Valley Springs; mapped with Census 2020 ZCTA 95252 in Calaveras County.,,,,
95222 Angels Camp,zcta,95222,Angels Camp,38.0513304,-120.5901733,378330,,2019-05-31,10,0,Zillow ZIP-level market for Angels Camp; mapped with Census 2020 ZCTA 95222 in Calaveras County.,,,,
95249 San Andreas,zcta,95249,San Andreas,38.1899501,-120.6195548,268449,,2019-05-31,10,0,Zillow ZIP-level market for San Andreas; mapped with Census 2020 ZCTA 95249 in Calaveras County.,,,,
95228 Copperopolis,zcta,95228,Copperopolis,37.9072653,-120.6883275,393632,,2019-05-31,10,0,Zillow ZIP-level market for Copperopolis; mapped with Census 2020 ZCTA 95228 in Calaveras County.,,,,
95247 Murphys,zcta,95247,Murphys,38.1360927,-120.4439416,398750,,2019-05-31,10,0,Zillow ZIP-level market for Murphys; mapped with Census 2020 ZCTA 95247 in Calaveras County.,,,,
95223 Avery,zcta,95223,Avery,38.4463225,-119.8129575,328194,,2019-05-31,10,0,Zillow ZIP-level market for Avery; mapped with Census 2020 ZCTA 95223 in Calaveras County.,,,,
95245 Mokelumne Hill,zcta,95245,Mokelumne Hill,38.3027468,-120.6094652,306689,,2019-05-31,10,0,Zillow ZIP-level market for Mokelumne Hill; mapped with Census 2020 ZCTA 95245 in Calaveras County.,,,,
95246 Mountain Ranch,zcta,95246,Mountain Ranch,38.2497077,-120.488857,329044,,2019-05-31,10,0,Zillow ZIP-level market for Mountain Ranch; mapped with Census 2020 ZCTA 95246 in Calaveras County.,,,,
95255 West Point,zcta,95255,West Point,38.4198522,-120.4800231,228443,,2019-05-31,10,0,Zillow ZIP-level market for West Point; mapped with Census 2020 ZCTA 95255 in Calaveras County.,,,,
95254 Wallace,zcta,95254,Wallace,38.1998379,-120.9642416,453357,,2019-05-31,10,0,Zillow ZIP-level market for Wallace; mapped with Census 2020 ZCTA 95254 in Calaveras County.,,,,
95232 Glencoe,zcta,95232,Glencoe,38.3605261,-120.5772427,295366,,2019-05-31,10,0,Zillow ZIP-level market for Glencoe; mapped with Census 2020 ZCTA 95232 in Calaveras County.,,,,
95233 Murphys,zcta,95233,Murphys,38.1861875,-120.3685566,288137,,2019-05-31,10,0,Zillow ZIP-level market for Murphys; mapped with Census 2020 ZCTA 95233 in Calaveras County.,,,,
95257 Wilseyville,zcta,95257,Wilseyville,38.3799265,-120.4680167,227516,,2019-05-31,10,0,Zillow ZIP-level market for Wilseyville; mapped with Census 2020 ZCTA 95257 in Calaveras County.,,,,
95248 Mokelumne Hill,zcta,95248,Mokelumne Hill,38.3177091,-120.4611116,295703,,2019-05-31,10,0,Zillow ZIP-level market for Mokelumne Hill; mapped with Census 2020 ZCTA 95248 in Calaveras County.,,,,
95224 Murphys,zcta,95224,Murphys,38.2313239,-120.3226879,311162,,2019-05-31,10,0,Zillow ZIP-level market for Murphys; mapped with Census 2020 ZCTA 95224 in Calaveras County.,,,,
95225 Valley Springs,zcta,95225,Valley Springs,38.2025516,-120.8641483,469031,,2019-05-31,10,0,Zillow ZIP-level market for Valley Springs; mapped with Census 2020 ZCTA 95225 in Calaveras County.,,,,
95252 Valley Springs,zcta,95252,Valley Springs,38.1586282,-120.8432468,351445,,2019-06-30,10,0,Zillow ZIP-level market for Valley Springs; mapped with Census 2020 ZCTA 95252 in Calaveras County.,,,,
95222 Angels Camp,zcta,95222,Angels Camp,38.0513304,-120.5901733,380009,,2019-06-30,10,0,Zillow ZIP-level market for Angels Camp; mapped with Census 2020 ZCTA 95222 in Calaveras County.,,,,
95249 San Andreas,zcta,95249,San Andreas,38.1899501,-120.6195548,269270,,2019-06-30,10,0,Zillow ZIP-level market for San Andreas; mapped with Census 2020 ZCTA 95249 in Calaveras County.,,,,
95228 Copperopolis,zcta,95228,Copperopolis,37.9072653,-120.6883275,395242,,2019-06-30,10,0,Zillow ZIP-level market for Copperopolis; mapped with Census 2020 ZCTA 95228 in Calaveras County.,,,,
95247 Murphys,zcta,95247,Murphys,38.1360927,-120.4439416,399888,,2019-06-30,10,0,Zillow ZIP-level market for Murphys; mapped with Census 2020 ZCTA 95247 in Calaveras County.,,,,
95223 Avery,zcta,95223,Avery,38.4463225,-119.8129575,328371,,2019-06-30,10,0,Zillow ZIP-level market for Avery; mapped with Census 2020 ZCTA 95223 in Calaveras County.,,,,
95245 Mokelumne Hill,zcta,95245,Mokelumne Hill,38.3027468,-120.6094652,307598,,2019-06-30,10,0,Zillow ZIP-level market for Mokelumne Hill; mapped with Census 2020 ZCTA 95245 in Calaveras County.,,,,
95246 Mountain Ranch,zcta,95246,Mountain Ranch,38.2497077,-120.488857,330245,,2019-06-30,10,0,Zillow ZIP-level market for Mountain Ranch; mapped with Census 2020 ZCTA 95246 in Calaveras County.,,,,
95255 West Point,zcta,95255,West Point,38.4198522,-120.4800231,229464,,2019-06-30,10,0,Zillow ZIP-level market for West Point; mapped with Census 2020 ZCTA 95255 in Calaveras County.,,,,
95254 Wallace,zcta,95254,Wallace,38.1998379,-120.9642416,454829,,2019-06-30,10,0,Zillow ZIP-level market for Wallace; mapped with Census 2020 ZCTA 95254 in Calaveras County.,,,,
95232 Glencoe,zcta,95232,Glencoe,38.3605261,-120.5772427,296000,,2019-06-30,10,0,Zillow ZIP-level market for Glencoe; mapped with Census 2020 ZCTA 95232 in Calaveras County.,,,,
95233 Murphys,zcta,95233,Murphys,38.1861875,-120.3685566,288509,,2019-06-30,10,0,Zillow ZIP-level market for Murphys; mapped with Census 2020 ZCTA 95233 in Calaveras County.,,,,
95257 Wilseyville,zcta,95257,Wilseyville,38.3799265,-120.4680167,228069,,2019-06-30,10,0,Zillow ZIP-level market for Wilseyville; mapped with Census 2020 ZCTA 95257 in Calaveras County.,,,,
95248 Mokelumne Hill,zcta,95248,Mokelumne Hill,38.3177091,-120.4611116,299110,,2019-06-30,10,0,Zillow ZIP-level market for Mokelumne Hill; mapped with Census 2020 ZCTA 95248 in Calaveras County.,,,,
95224 Murphys,zcta,95224,Murphys,38.2313239,-120.3226879,311558,,2019-06-30,10,0,Zillow ZIP-level market for Murphys; mapped with Census 2020 ZCTA 95224 in Calaveras County.,,,,
95225 Valley Springs,zcta,95225,Valley Springs,38.2025516,-120.8641483,471438,,2019-06-30,10,0,Zillow ZIP-level market for Valley Springs; mapped with Census 2020 ZCTA 95225 in Calaveras County.,,,,
95252 Valley Springs,zcta,95252,Valley Springs,38.1586282,-120.8432468,352808,,2019-07-31,10,0,Zillow ZIP-level market for Valley Springs; mapped with Census 2020 ZCTA 95252 in Calaveras County.,,,,
95222 Angels Camp,zcta,95222,Angels Camp,38.0513304,-120.5901733,381398,,2019-07-31,10,0,Zillow ZIP-level market for Angels Camp; mapped with Census 2020 ZCTA 95222 in Calaveras County.,,,,
95249 San Andreas,zcta,95249,San Andreas,38.1899501,-120.6195548,270170,,2019-07-31,10,0,Zillow ZIP-level market for San Andreas; mapped with Census 2020 ZCTA 95249 in Calaveras County.,,,,
95228 Copperopolis,zcta,95228,Copperopolis,37.9072653,-120.6883275,395421,,2019-07-31,10,0,Zillow ZIP-level market for Copperopolis; mapped with Census 2020 ZCTA 95228 in Calaveras County.,,,,
95247 Murphys,zcta,95247,Murphys,38.1360927,-120.4439416,400495,,2019-07-31,10,0,Zillow ZIP-level market for Murphys; mapped with Census 2020 ZCTA 95247 in Calaveras County.,,,,
95223 Avery,zcta,95223,Avery,38.4463225,-119.8129575,328302,,2019-07-31,10,0,Zillow ZIP-level market for Avery; mapped with Census 2020 ZCTA 95223 in Calaveras County.,,,,
95245 Mokelumne Hill,zcta,95245,Mokelumne Hill,38.3027468,-120.6094652,308308,,2019-07-31,10,0,Zillow ZIP-level market for Mokelumne Hill; mapped with Census 2020 ZCTA 95245 in Calaveras County.,,,,
95246 Mountain Ranch,zcta,95246,Mountain Ranch,38.2497077,-120.488857,330595,,2019-07-31,10,0,Zillow ZIP-level market for Mountain Ranch; mapped with Census 2020 ZCTA 95246 in Calaveras County.,,,,
95255 West Point,zcta,95255,West Point,38.4198522,-120.4800231,231305,,2019-07-31,10,0,Zillow ZIP-level market for West Point; mapped with Census 2020 ZCTA 95255 in Calaveras County.,,,,
95254 Wallace,zcta,95254,Wallace,38.1998379,-120.9642416,456698,,2019-07-31,10,0,Zillow ZIP-level market for Wallace; mapped with Census 2020 ZCTA 95254 in Calaveras County.,,,,
95232 Glencoe,zcta,95232,Glencoe,38.3605261,-120.5772427,297397,,2019-07-31,10,0,Zillow ZIP-level market for Glencoe; mapped with Census 2020 ZCTA 95232 in Calaveras County.,,,,
95233 Murphys,zcta,95233,Murphys,38.1861875,-120.3685566,289160,,2019-07-31,10,0,Zillow ZIP-level market for Murphys; mapped with Census 2020 ZCTA 95233 in Calaveras County.,,,,
95257 Wilseyville,zcta,95257,Wilseyville,38.3799265,-120.4680167,229098,,2019-07-31,10,0,Zillow ZIP-level market for Wilseyville; mapped with Census 2020 ZCTA 95257 in Calaveras County.,,,,
95248 Mokelumne Hill,zcta,95248,Mokelumne Hill,38.3177091,-120.4611116,303052,,2019-07-31,10,0,Zillow ZIP-level market for Mokelumne Hill; mapped with Census 2020 ZCTA 95248 in Calaveras County.,,,,
95224 Murphys,zcta,95224,Murphys,38.2313239,-120.3226879,312019,,2019-07-31,10,0,Zillow ZIP-level market for Murphys; mapped with Census 2020 ZCTA 95224 in Calaveras County.,,,,
95225 Valley Springs,zcta,95225,Valley Springs,38.2025516,-120.8641483,473422,,2019-07-31,10,0,Zillow ZIP-level market for Valley Springs; mapped with Census 2020 ZCTA 95225 in Calaveras County.,,,,
95252 Valley Springs,zcta,95252,Valley Springs,38.1586282,-120.8432468,353823,,2019-08-31,10,0,Zillow ZIP-level market for Valley Springs; mapped with Census 2020 ZCTA 95252 in Calaveras County.,,,,
95222 Angels Camp,zcta,95222,Angels Camp,38.0513304,-120.5901733,382216,,2019-08-31,10,0,Zillow ZIP-level market for Angels Camp; mapped with Census 2020 ZCTA 95222 in Calaveras County.,,,,
95249 San Andreas,zcta,95249,San Andreas,38.1899501,-120.6195548,271544,,2019-08-31,10,0,Zillow ZIP-level market for San Andreas; mapped with Census 2020 ZCTA 95249 in Calaveras County.,,,,
95228 Copperopolis,zcta,95228,Copperopolis,37.9072653,-120.6883275,394278,,2019-08-31,10,0,Zillow ZIP-level market for Copperopolis; mapped with Census 2020 ZCTA 95228 in Calaveras County.,,,,
95247 Murphys,zcta,95247,Murphys,38.1360927,-120.4439416,400129,,2019-08-31,10,0,Zillow ZIP-level market for Murphys; mapped with Census 2020 ZCTA 95247 in Calaveras County.,,,,
95223 Avery,zcta,95223,Avery,38.4463225,-119.8129575,327958,,2019-08-31,10,0,Zillow ZIP-level market for Avery; mapped with Census 2020 ZCTA 95223 in Calaveras County.,,,,
95245 Mokelumne Hill,zcta,95245,Mokelumne Hill,38.3027468,-120.6094652,308306,,2019-08-31,10,0,Zillow ZIP-level market for Mokelumne Hill; mapped with Census 2020 ZCTA 95245 in Calaveras County.,,,,
95246 Mountain Ranch,zcta,95246,Mountain Ranch,38.2497077,-120.488857,330429,,2019-08-31,10,0,Zillow ZIP-level market for Mountain Ranch; mapped with Census 2020 ZCTA 95246 in Calaveras County.,,,,
95255 West Point,zcta,95255,West Point,38.4198522,-120.4800231,232287,,2019-08-31,10,0,Zillow ZIP-level market for West Point; mapped with Census 2020 ZCTA 95255 in Calaveras County.,,,,
95254 Wallace,zcta,95254,Wallace,38.1998379,-120.9642416,458140,,2019-08-31,10,0,Zillow ZIP-level market for Wallace; mapped with Census 2020 ZCTA 95254 in Calaveras County.,,,,
95232 Glencoe,zcta,95232,Glencoe,38.3605261,-120.5772427,297208,,2019-08-31,10,0,Zillow ZIP-level market for Glencoe; mapped with Census 2020 ZCTA 95232 in Calaveras County.,,,,
95233 Murphys,zcta,95233,Murphys,38.1861875,-120.3685566,290020,,2019-08-31,10,0,Zillow ZIP-level market for Murphys; mapped with Census 2020 ZCTA 95233 in Calaveras County.,,,,
95257 Wilseyville,zcta,95257,Wilseyville,38.3799265,-120.4680167,229794,,2019-08-31,10,0,Zillow ZIP-level market for Wilseyville; mapped with Census 2020 ZCTA 95257 in Calaveras County.,,,,
95248 Mokelumne Hill,zcta,95248,Mokelumne Hill,38.3177091,-120.4611116,305915,,2019-08-31,10,0,Zillow ZIP-level market for Mokelumne Hill; mapped with Census 2020 ZCTA 95248 in Calaveras County.,,,,
95224 Murphys,zcta,95224,Murphys,38.2313239,-120.3226879,312393,,2019-08-31,10,0,Zillow ZIP-level market for Murphys; mapped with Census 2020 ZCTA 95224 in Calaveras County.,,,,
95225 Valley Springs,zcta,95225,Valley Springs,38.2025516,-120.8641483,473926,,2019-08-31,10,0,Zillow ZIP-level market for Valley Springs; mapped with Census 2020 ZCTA 95225 in Calaveras County.,,,,
95252 Valley Springs,zcta,95252,Valley Springs,38.1586282,-120.8432468,354055,,2019-09-30,10,0,Zillow ZIP-level market for Valley Springs; mapped with Census 2020 ZCTA 95252 in Calaveras County.,,,,
95222 Angels Camp,zcta,95222,Angels Camp,38.0513304,-120.5901733,382408,,2019-09-30,10,0,Zillow ZIP-level market for Angels Camp; mapped with Census 2020 ZCTA 95222 in Calaveras County.,,,,
95249 San Andreas,zcta,95249,San Andreas,38.1899501,-120.6195548,272238,,2019-09-30,10,0,Zillow ZIP-level market for San Andreas; mapped with Census 2020 ZCTA 95249 in Calaveras County.,,,,
95228 Copperopolis,zcta,95228,Copperopolis,37.9072653,-120.6883275,392927,,2019-09-30,10,0,Zillow ZIP-level market for Copperopolis; mapped with Census 2020 ZCTA 95228 in Calaveras County.,,,,
95247 Murphys,zcta,95247,Murphys,38.1360927,-120.4439416,399212,,2019-09-30,10,0,Zillow ZIP-level market for Murphys; mapped with Census 2020 ZCTA 95247 in Calaveras County.,,,,
95223 Avery,zcta,95223,Avery,38.4463225,-119.8129575,327420,,2019-09-30,10,0,Zillow ZIP-level market for Avery; mapped with Census 2020 ZCTA 95223 in Calaveras County.,,,,
95245 Mokelumne Hill,zcta,95245,Mokelumne Hill,38.3027468,-120.6094652,307913,,2019-09-30,10,0,Zillow ZIP-level market for Mokelumne Hill; mapped with Census 2020 ZCTA 95245 in Calaveras County.,,,,
95246 Mountain Ranch,zcta,95246,Mountain Ranch,38.2497077,-120.488857,328245,,2019-09-30,10,0,Zillow ZIP-level market for Mountain Ranch; mapped with Census 2020 ZCTA 95246 in Calaveras County.,,,,
95255 West Point,zcta,95255,West Point,38.4198522,-120.4800231,232063,,2019-09-30,10,0,Zillow ZIP-level market for West Point; mapped with Census 2020 ZCTA 95255 in Calaveras County.,,,,
95254 Wallace,zcta,95254,Wallace,38.1998379,-120.9642416,458210,,2019-09-30,10,0,Zillow ZIP-level market for Wallace; mapped with Census 2020 ZCTA 95254 in Calaveras County.,,,,
95232 Glencoe,zcta,95232,Glencoe,38.3605261,-120.5772427,296407,,2019-09-30,10,0,Zillow ZIP-level market for Glencoe; mapped with Census 2020 ZCTA 95232 in Calaveras County.,,,,
95233 Murphys,zcta,95233,Murphys,38.1861875,-120.3685566,290193,,2019-09-30,10,0,Zillow ZIP-level market for Murphys; mapped with Census 2020 ZCTA 95233 in Calaveras County.,,,,
95257 Wilseyville,zcta,95257,Wilseyville,38.3799265,-120.4680167,229372,,2019-09-30,10,0,Zillow ZIP-level market for Wilseyville; mapped with Census 2020 ZCTA 95257 in Calaveras County.,,,,
95248 Mokelumne Hill,zcta,95248,Mokelumne Hill,38.3177091,-120.4611116,307454,,2019-09-30,10,0,Zillow ZIP-level market for Mokelumne Hill; mapped with Census 2020 ZCTA 95248 in Calaveras County.,,,,
95224 Murphys,zcta,95224,Murphys,38.2313239,-120.3226879,311964,,2019-09-30,10,0,Zillow ZIP-level market for Murphys; mapped with Census 2020 ZCTA 95224 in Calaveras County.,,,,
95225 Valley Springs,zcta,95225,Valley Springs,38.2025516,-120.8641483,473520,,2019-09-30,10,0,Zillow ZIP-level market for Valley Springs; mapped with Census 2020 ZCTA 95225 in Calaveras County.,,,,
95252 Valley Springs,zcta,95252,Valley Springs,38.1586282,-120.8432468,354339,,2019-10-31,10,0,Zillow ZIP-level market for Valley Springs; mapped with Census 2020 ZCTA 95252 in Calaveras County.,,,,
95222 Angels Camp,zcta,95222,Angels Camp,38.0513304,-120.5901733,382907,,2019-10-31,10,0,Zillow ZIP-level market for Angels Camp; mapped with Census 2020 ZCTA 95222 in Calaveras County.,,,,
95249 San Andreas,zcta,95249,San Andreas,38.1899501,-120.6195548,272605,,2019-10-31,10,0,Zillow ZIP-level market for San Andreas; mapped with Census 2020 ZCTA 95249 in Calaveras County.,,,,
95228 Copperopolis,zcta,95228,Copperopolis,37.9072653,-120.6883275,392603,,2019-10-31,10,0,Zillow ZIP-level market for Copperopolis; mapped with Census 2020 ZCTA 95228 in Calaveras County.,,,,
95247 Murphys,zcta,95247,Murphys,38.1360927,-120.4439416,398547,,2019-10-31,10,0,Zillow ZIP-level market for Murphys; mapped with Census 2020 ZCTA 95247 in Calaveras County.,,,,
95223 Avery,zcta,95223,Avery,38.4463225,-119.8129575,327307,,2019-10-31,10,0,Zillow ZIP-level market for Avery; mapped with Census 2020 ZCTA 95223 in Calaveras County.,,,,
95245 Mokelumne Hill,zcta,95245,Mokelumne Hill,38.3027468,-120.6094652,307722,,2019-10-31,10,0,Zillow ZIP-level market for Mokelumne Hill; mapped with Census 2020 ZCTA 95245 in Calaveras County.,,,,
95246 Mountain Ranch,zcta,95246,Mountain Ranch,38.2497077,-120.488857,325407,,2019-10-31,10,0,Zillow ZIP-level market for Mountain Ranch; mapped with Census 2020 ZCTA 95246 in Calaveras County.,,,,
95255 West Point,zcta,95255,West Point,38.4198522,-120.4800231,231398,,2019-10-31,10,0,Zillow ZIP-level market for West Point; mapped with Census 2020 ZCTA 95255 in Calaveras County.,,,,
95254 Wallace,zcta,95254,Wallace,38.1998379,-120.9642416,457508,,2019-10-31,10,0,Zillow ZIP-level market for Wallace; mapped with Census 2020 ZCTA 95254 in Calaveras County.,,,,
95232 Glencoe,zcta,95232,Glencoe,38.3605261,-120.5772427,295555,,2019-10-31,10,0,Zillow ZIP-level market for Glencoe; mapped with Census 2020 ZCTA 95232 in Calaveras County.,,,,
95233 Murphys,zcta,95233,Murphys,38.1861875,-120.3685566,290009,,2019-10-31,10,0,Zillow ZIP-level market for Murphys; mapped with Census 2020 ZCTA 95233 in Calaveras County.,,,,
95257 Wilseyville,zcta,95257,Wilseyville,38.3799265,-120.4680167,228760,,2019-10-31,10,0,Zillow ZIP-level market for Wilseyville; mapped with Census 2020 ZCTA 95257 in Calaveras County.,,,,
95248 Mokelumne Hill,zcta,95248,Mokelumne Hill,38.3177091,-120.4611116,308012,,2019-10-31,10,0,Zillow ZIP-level market for Mokelumne Hill; mapped with Census 2020 ZCTA 95248 in Calaveras County.,,,,
95224 Murphys,zcta,95224,Murphys,38.2313239,-120.3226879,311455,,2019-10-31,10,0,Zillow ZIP-level market for Murphys; mapped with Census 2020 ZCTA 95224 in Calaveras County.,,,,
95225 Valley Springs,zcta,95225,Valley Springs,38.2025516,-120.8641483,473117,,2019-10-31,10,0,Zillow ZIP-level market for Valley Springs; mapped with Census 2020 ZCTA 95225 in Calaveras County.,,,,
95252 Valley Springs,zcta,95252,Valley Springs,38.1586282,-120.8432468,355226,,2019-11-30,10,0,Zillow ZIP-level market for Valley Springs; mapped with Census 2020 ZCTA 95252 in Calaveras County.,,,,
95222 Angels Camp,zcta,95222,Angels Camp,38.0513304,-120.5901733,383729,,2019-11-30,10,0,Zillow ZIP-level market for Angels Camp; mapped with Census 2020 ZCTA 95222 in Calaveras County.,,,,
95249 San Andreas,zcta,95249,San Andreas,38.1899501,-120.6195548,272438,,2019-11-30,10,0,Zillow ZIP-level market for San Andreas; mapped with Census 2020 ZCTA 95249 in Calaveras County.,,,,
95228 Copperopolis,zcta,95228,Copperopolis,37.9072653,-120.6883275,393370,,2019-11-30,10,0,Zillow ZIP-level market for Copperopolis; mapped with Census 2020 ZCTA 95228 in Calaveras County.,,,,
95247 Murphys,zcta,95247,Murphys,38.1360927,-120.4439416,398794,,2019-11-30,10,0,Zillow ZIP-level market for Murphys; mapped with Census 2020 ZCTA 95247 in Calaveras County.,,,,
95223 Avery,zcta,95223,Avery,38.4463225,-119.8129575,327973,,2019-11-30,10,0,Zillow ZIP-level market for Avery; mapped with Census 2020 ZCTA 95223 in Calaveras County.,,,,
95245 Mokelumne Hill,zcta,95245,Mokelumne Hill,38.3027468,-120.6094652,308040,,2019-11-30,10,0,Zillow ZIP-level market for Mokelumne Hill; mapped with Census 2020 ZCTA 95245 in Calaveras County.,,,,
95246 Mountain Ranch,zcta,95246,Mountain Ranch,38.2497077,-120.488857,323023,,2019-11-30,10,0,Zillow ZIP-level market for Mountain Ranch; mapped with Census 2020 ZCTA 95246 in Calaveras County.,,,,
95255 West Point,zcta,95255,West Point,38.4198522,-120.4800231,230841,,2019-11-30,10,0,Zillow ZIP-level market for West Point; mapped with Census 2020 ZCTA 95255 in Calaveras County.,,,,
95254 Wallace,zcta,95254,Wallace,38.1998379,-120.9642416,457038,,2019-11-30,10,0,Zillow ZIP-level market for Wallace; mapped with Census 2020 ZCTA 95254 in Calaveras County.,,,,
95232 Glencoe,zcta,95232,Glencoe,38.3605261,-120.5772427,296104,,2019-11-30,10,0,Zillow ZIP-level market for Glencoe; mapped with Census 2020 ZCTA 95232 in Calaveras County.,,,,
95233 Murphys,zcta,95233,Murphys,38.1861875,-120.3685566,291298,,2019-11-30,10,0,Zillow ZIP-level market for Murphys; mapped with Census 2020 ZCTA 95233 in Calaveras County.,,,,
95257 Wilseyville,zcta,95257,Wilseyville,38.3799265,-120.4680167,228185,,2019-11-30,10,0,Zillow ZIP-level market for Wilseyville; mapped with Census 2020 ZCTA 95257 in Calaveras County.,,,,
95248 Mokelumne Hill,zcta,95248,Mokelumne Hill,38.3177091,-120.4611116,308160,,2019-11-30,10,0,Zillow ZIP-level market for Mokelumne Hill; mapped with Census 2020 ZCTA 95248 in Calaveras County.,,,,
95224 Murphys,zcta,95224,Murphys,38.2313239,-120.3226879,311916,,2019-11-30,10,0,Zillow ZIP-level market for Murphys; mapped with Census 2020 ZCTA 95224 in Calaveras County.,,,,
95225 Valley Springs,zcta,95225,Valley Springs,38.2025516,-120.8641483,473165,,2019-11-30,10,0,Zillow ZIP-level market for Valley Springs; mapped with Census 2020 ZCTA 95225 in Calaveras County.,,,,
95252 Valley Springs,zcta,95252,Valley Springs,38.1586282,-120.8432468,356886,,2019-12-31,10,0,Zillow ZIP-level market for Valley Springs; mapped with Census 2020 ZCTA 95252 in Calaveras County.,,,,
95222 Angels Camp,zcta,95222,Angels Camp,38.0513304,-120.5901733,385225,,2019-12-31,10,0,Zillow ZIP-level market for Angels Camp; mapped with Census 2020 ZCTA 95222 in Calaveras County.,,,,
95249 San Andreas,zcta,95249,San Andreas,38.1899501,-120.6195548,272562,,2019-12-31,10,0,Zillow ZIP-level market for San Andreas; mapped with Census 2020 ZCTA 95249 in Calaveras County.,,,,
95228 Copperopolis,zcta,95228,Copperopolis,37.9072653,-120.6883275,393842,,2019-12-31,10,0,Zillow ZIP-level market for Copperopolis; mapped with Census 2020 ZCTA 95228 in Calaveras County.,,,,
95247 Murphys,zcta,95247,Murphys,38.1360927,-120.4439416,400171,,2019-12-31,10,0,Zillow ZIP-level market for Murphys; mapped with Census 2020 ZCTA 95247 in Calaveras County.,,,,
95223 Avery,zcta,95223,Avery,38.4463225,-119.8129575,329247,,2019-12-31,10,0,Zillow ZIP-level market for Avery; mapped with Census 2020 ZCTA 95223 in Calaveras County.,,,,
95245 Mokelumne Hill,zcta,95245,Mokelumne Hill,38.3027468,-120.6094652,308319,,2019-12-31,10,0,Zillow ZIP-level market for Mokelumne Hill; mapped with Census 2020 ZCTA 95245 in Calaveras County.,,,,
95246 Mountain Ranch,zcta,95246,Mountain Ranch,38.2497077,-120.488857,321624,,2019-12-31,10,0,Zillow ZIP-level market for Mountain Ranch; mapped with Census 2020 ZCTA 95246 in Calaveras County.,,,,
95255 West Point,zcta,95255,West Point,38.4198522,-120.4800231,231007,,2019-12-31,10,0,Zillow ZIP-level market for West Point; mapped with Census 2020 ZCTA 95255 in Calaveras County.,,,,
95254 Wallace,zcta,95254,Wallace,38.1998379,-120.9642416,457477,,2019-12-31,10,0,Zillow ZIP-level market for Wallace; mapped with Census 2020 ZCTA 95254 in Calaveras County.,,,,
95232 Glencoe,zcta,95232,Glencoe,38.3605261,-120.5772427,296030,,2019-12-31,10,0,Zillow ZIP-level market for Glencoe; mapped with Census 2020 ZCTA 95232 in Calaveras County.,,,,
95233 Murphys,zcta,95233,Murphys,38.1861875,-120.3685566,292689,,2019-12-31,10,0,Zillow ZIP-level market for Murphys; mapped with Census 2020 ZCTA 95233 in Calaveras County.,,,,
95257 Wilseyville,zcta,95257,Wilseyville,38.3799265,-120.4680167,228393,,2019-12-31,10,0,Zillow ZIP-level market for Wilseyville; mapped with Census 2020 ZCTA 95257 in Calaveras County.,,,,
95248 Mokelumne Hill,zcta,95248,Mokelumne Hill,38.3177091,-120.4611116,307435,,2019-12-31,10,0,Zillow ZIP-level market for Mokelumne Hill; mapped with Census 2020 ZCTA 95248 in Calaveras County.,,,,
95224 Murphys,zcta,95224,Murphys,38.2313239,-120.3226879,312477,,2019-12-31,10,0,Zillow ZIP-level market for Murphys; mapped with Census 2020 ZCTA 95224 in Calaveras County.,,,,
95225 Valley Springs,zcta,95225,Valley Springs,38.2025516,-120.8641483,474380,,2019-12-31,10,0,Zillow ZIP-level market for Valley Springs; mapped with Census 2020 ZCTA 95225 in Calaveras County.,,,,
95252 Valley Springs,zcta,95252,Valley Springs,38.1586282,-120.8432468,358583,,2020-01-31,10,0,Zillow ZIP-level market for Valley Springs; mapped with Census 2020 ZCTA 95252 in Calaveras County.,,,,
95222 Angels Camp,zcta,95222,Angels Camp,38.0513304,-120.5901733,385939,,2020-01-31,10,0,Zillow ZIP-level market for Angels Camp; mapped with Census 2020 ZCTA 95222 in Calaveras County.,,,,
95249 San Andreas,zcta,95249,San Andreas,38.1899501,-120.6195548,273310,,2020-01-31,10,0,Zillow ZIP-level market for San Andreas; mapped with Census 2020 ZCTA 95249 in Calaveras County.,,,,
95228 Copperopolis,zcta,95228,Copperopolis,37.9072653,-120.6883275,394397,,2020-01-31,10,0,Zillow ZIP-level market for Copperopolis; mapped with Census 2020 ZCTA 95228 in Calaveras County.,,,,
95247 Murphys,zcta,95247,Murphys,38.1360927,-120.4439416,401413,,2020-01-31,10,0,Zillow ZIP-level market for Murphys; mapped with Census 2020 ZCTA 95247 in Calaveras County.,,,,
95223 Avery,zcta,95223,Avery,38.4463225,-119.8129575,330164,,2020-01-31,10,0,Zillow ZIP-level market for Avery; mapped with Census 2020 ZCTA 95223 in Calaveras County.,,,,
95245 Mokelumne Hill,zcta,95245,Mokelumne Hill,38.3027468,-120.6094652,308099,,2020-01-31,10,0,Zillow ZIP-level market for Mokelumne Hill; mapped with Census 2020 ZCTA 95245 in Calaveras County.,,,,
95246 Mountain Ranch,zcta,95246,Mountain Ranch,38.2497077,-120.488857,319934,,2020-01-31,10,0,Zillow ZIP-level market for Mountain Ranch; mapped with Census 2020 ZCTA 95246 in Calaveras County.,,,,
95255 West Point,zcta,95255,West Point,38.4198522,-120.4800231,231124,,2020-01-31,10,0,Zillow ZIP-level market for West Point; mapped with Census 2020 ZCTA 95255 in Calaveras County.,,,,
95254 Wallace,zcta,95254,Wallace,38.1998379,-120.9642416,458671,,2020-01-31,10,0,Zillow ZIP-level market for Wallace; mapped with Census 2020 ZCTA 95254 in Calaveras County.,,,,
95232 Glencoe,zcta,95232,Glencoe,38.3605261,-120.5772427,292810,,2020-01-31,10,0,Zillow ZIP-level market for Glencoe; mapped with Census 2020 ZCTA 95232 in Calaveras County.,,,,
95233 Murphys,zcta,95233,Murphys,38.1861875,-120.3685566,292295,,2020-01-31,10,0,Zillow ZIP-level market for Murphys; mapped with Census 2020 ZCTA 95233 in Calaveras County.,,,,
95257 Wilseyville,zcta,95257,Wilseyville,38.3799265,-120.4680167,228610,,2020-01-31,10,0,Zillow ZIP-level market for Wilseyville; mapped with Census 2020 ZCTA 95257 in Calaveras County.,,,,
95248 Mokelumne Hill,zcta,95248,Mokelumne Hill,38.3177091,-120.4611116,304923,,2020-01-31,10,0,Zillow ZIP-level market for Mokelumne Hill; mapped with Census 2020 ZCTA 95248 in Calaveras County.,,,,
95224 Murphys,zcta,95224,Murphys,38.2313239,-120.3226879,312865,,2020-01-31,10,0,Zillow ZIP-level market for Murphys; mapped with Census 2020 ZCTA 95224 in Calaveras County.,,,,
95225 Valley Springs,zcta,95225,Valley Springs,38.2025516,-120.8641483,473738,,2020-01-31,10,0,Zillow ZIP-level market for Valley Springs; mapped with Census 2020 ZCTA 95225 in Calaveras County.,,,,
95252 Valley Springs,zcta,95252,Valley Springs,38.1586282,-120.8432468,359790,,2020-02-29,10,0,Zillow ZIP-level market for Valley Springs; mapped with Census 2020 ZCTA 95252 in Calaveras County.,,,,
95222 Angels Camp,zcta,95222,Angels Camp,38.0513304,-120.5901733,386416,,2020-02-29,10,0,Zillow ZIP-level market for Angels Camp; mapped with Census 2020 ZCTA 95222 in Calaveras County.,,,,
95249 San Andreas,zcta,95249,San Andreas,38.1899501,-120.6195548,274247,,2020-02-29,10,0,Zillow ZIP-level market for San Andreas; mapped with Census 2020 ZCTA 95249 in Calaveras County.,,,,
95228 Copperopolis,zcta,95228,Copperopolis,37.9072653,-120.6883275,394691,,2020-02-29,10,0,Zillow ZIP-level market for Copperopolis; mapped with Census 2020 ZCTA 95228 in Calaveras County.,,,,
95247 Murphys,zcta,95247,Murphys,38.1360927,-120.4439416,402605,,2020-02-29,10,0,Zillow ZIP-level market for Murphys; mapped with Census 2020 ZCTA 95247 in Calaveras County.,,,,
95223 Avery,zcta,95223,Avery,38.4463225,-119.8129575,329872,,2020-02-29,10,0,Zillow ZIP-level market for Avery; mapped with Census 2020 ZCTA 95223 in Calaveras County.,,,,
95245 Mokelumne Hill,zcta,95245,Mokelumne Hill,38.3027468,-120.6094652,306911,,2020-02-29,10,0,Zillow ZIP-level market for Mokelumne Hill; mapped with Census 2020 ZCTA 95245 in Calaveras County.,,,,
95246 Mountain Ranch,zcta,95246,Mountain Ranch,38.2497077,-120.488857,317577,,2020-02-29,10,0,Zillow ZIP-level market for Mountain Ranch; mapped with Census 2020 ZCTA 95246 in Calaveras County.,,,,
95255 West Point,zcta,95255,West Point,38.4198522,-120.4800231,230827,,2020-02-29,10,0,Zillow ZIP-level market for West Point; mapped with Census 2020 ZCTA 95255 in Calaveras County.,,,,
95254 Wallace,zcta,95254,Wallace,38.1998379,-120.9642416,459470,,2020-02-29,10,0,Zillow ZIP-level market for Wallace; mapped with Census 2020 ZCTA 95254 in Calaveras County.,,,,
95232 Glencoe,zcta,95232,Glencoe,38.3605261,-120.5772427,286300,,2020-02-29,10,0,Zillow ZIP-level market for Glencoe; mapped with Census 2020 ZCTA 95232 in Calaveras County.,,,,
95233 Murphys,zcta,95233,Murphys,38.1861875,-120.3685566,290169,,2020-02-29,10,0,Zillow ZIP-level market for Murphys; mapped with Census 2020 ZCTA 95233 in Calaveras County.,,,,
95257 Wilseyville,zcta,95257,Wilseyville,38.3799265,-120.4680167,228581,,2020-02-29,10,0,Zillow ZIP-level market for Wilseyville; mapped with Census 2020 ZCTA 95257 in Calaveras County.,,,,
95248 Mokelumne Hill,zcta,95248,Mokelumne Hill,38.3177091,-120.4611116,301009,,2020-02-29,10,0,Zillow ZIP-level market for Mokelumne Hill; mapped with Census 2020 ZCTA 95248 in Calaveras County.,,,,
95224 Murphys,zcta,95224,Murphys,38.2313239,-120.3226879,313230,,2020-02-29,10,0,Zillow ZIP-level market for Murphys; mapped with Census 2020 ZCTA 95224 in Calaveras County.,,,,
95225 Valley Springs,zcta,95225,Valley Springs,38.2025516,-120.8641483,470356,,2020-02-29,10,0,Zillow ZIP-level market for Valley Springs; mapped with Census 2020 ZCTA 95225 in Calaveras County.,,,,
95252 Valley Springs,zcta,95252,Valley Springs,38.1586282,-120.8432468,360524,,2020-03-31,10,0,Zillow ZIP-level market for Valley Springs; mapped with Census 2020 ZCTA 95252 in Calaveras County.,,,,
95222 Angels Camp,zcta,95222,Angels Camp,38.0513304,-120.5901733,386072,,2020-03-31,10,0,Zillow ZIP-level market for Angels Camp; mapped with Census 2020 ZCTA 95222 in Calaveras County.,,,,
95249 San Andreas,zcta,95249,San Andreas,38.1899501,-120.6195548,275204,,2020-03-31,10,0,Zillow ZIP-level market for San Andreas; mapped with Census 2020 ZCTA 95249 in Calaveras County.,,,,
95228 Copperopolis,zcta,95228,Copperopolis,37.9072653,-120.6883275,395932,,2020-03-31,10,0,Zillow ZIP-level market for Copperopolis; mapped with Census 2020 ZCTA 95228 in Calaveras County.,,,,
95247 Murphys,zcta,95247,Murphys,38.1360927,-120.4439416,403423,,2020-03-31,10,0,Zillow ZIP-level market for Murphys; mapped with Census 2020 ZCTA 95247 in Calaveras County.,,,,
95223 Avery,zcta,95223,Avery,38.4463225,-119.8129575,328942,,2020-03-31,10,0,Zillow ZIP-level market for Avery; mapped with Census 2020 ZCTA 95223 in Calaveras County.,,,,
95245 Mokelumne Hill,zcta,95245,Mokelumne Hill,38.3027468,-120.6094652,305252,,2020-03-31,10,0,Zillow ZIP-level market for Mokelumne Hill; mapped with Census 2020 ZCTA 95245 in Calaveras County.,,,,
95246 Mountain Ranch,zcta,95246,Mountain Ranch,38.2497077,-120.488857,314666,,2020-03-31,10,0,Zillow ZIP-level market for Mountain Ranch; mapped with Census 2020 ZCTA 95246 in Calaveras County.,,,,
95255 West Point,zcta,95255,West Point,38.4198522,-120.4800231,230242,,2020-03-31,10,0,Zillow ZIP-level market for West Point; mapped with Census 2020 ZCTA 95255 in Calaveras County.,,,,
95254 Wallace,zcta,95254,Wallace,38.1998379,-120.9642416,459092,,2020-03-31,10,0,Zillow ZIP-level market for Wallace; mapped with Census 2020 ZCTA 95254 in Calaveras County.,,,,
95232 Glencoe,zcta,95232,Glencoe,38.3605261,-120.5772427,279132,,2020-03-31,10,0,Zillow ZIP-level market for Glencoe; mapped with Census 2020 ZCTA 95232 in Calaveras County.,,,,
95233 Murphys,zcta,95233,Murphys,38.1861875,-120.3685566,287608,,2020-03-31,10,0,Zillow ZIP-level market for Murphys; mapped with Census 2020 ZCTA 95233 in Calaveras County.,,,,
95257 Wilseyville,zcta,95257,Wilseyville,38.3799265,-120.4680167,228166,,2020-03-31,10,0,Zillow ZIP-level market for Wilseyville; mapped with Census 2020 ZCTA 95257 in Calaveras County.,,,,
95248 Mokelumne Hill,zcta,95248,Mokelumne Hill,38.3177091,-120.4611116,296900,,2020-03-31,10,0,Zillow ZIP-level market for Mokelumne Hill; mapped with Census 2020 ZCTA 95248 in Calaveras County.,,,,
95224 Murphys,zcta,95224,Murphys,38.2313239,-120.3226879,313909,,2020-03-31,10,0,Zillow ZIP-level market for Murphys; mapped with Census 2020 ZCTA 95224 in Calaveras County.,,,,
95225 Valley Springs,zcta,95225,Valley Springs,38.2025516,-120.8641483,465013,,2020-03-31,10,0,Zillow ZIP-level market for Valley Springs; mapped with Census 2020 ZCTA 95225 in Calaveras County.,,,,
95252 Valley Springs,zcta,95252,Valley Springs,38.1586282,-120.8432468,361031,,2020-04-30,10,0,Zillow ZIP-level market for Valley Springs; mapped with Census 2020 ZCTA 95252 in Calaveras County.,,,,
95222 Angels Camp,zcta,95222,Angels Camp,38.0513304,-120.5901733,385791,,2020-04-30,10,0,Zillow ZIP-level market for Angels Camp; mapped with Census 2020 ZCTA 95222 in Calaveras County.,,,,
95249 San Andreas,zcta,95249,San Andreas,38.1899501,-120.6195548,276294,,2020-04-30,10,0,Zillow ZIP-level market for San Andreas; mapped with Census 2020 ZCTA 95249 in Calaveras County.,,,,
95228 Copperopolis,zcta,95228,Copperopolis,37.9072653,-120.6883275,398113,,2020-04-30,10,0,Zillow ZIP-level market for Copperopolis; mapped with Census 2020 ZCTA 95228 in Calaveras County.,,,,
95247 Murphys,zcta,95247,Murphys,38.1360927,-120.4439416,403762,,2020-04-30,10,0,Zillow ZIP-level market for Murphys; mapped with Census 2020 ZCTA 95247 in Calaveras County.,,,,
95223 Avery,zcta,95223,Avery,38.4463225,-119.8129575,328238,,2020-04-30,10,0,Zillow ZIP-level market for Avery; mapped with Census 2020 ZCTA 95223 in Calaveras County.,,,,
95245 Mokelumne Hill,zcta,95245,Mokelumne Hill,38.3027468,-120.6094652,304084,,2020-04-30,10,0,Zillow ZIP-level market for Mokelumne Hill; mapped with Census 2020 ZCTA 95245 in Calaveras County.,,,,
95246 Mountain Ranch,zcta,95246,Mountain Ranch,38.2497077,-120.488857,313395,,2020-04-30,10,0,Zillow ZIP-level market for Mountain Ranch; mapped with Census 2020 ZCTA 95246 in Calaveras County.,,,,
95255 West Point,zcta,95255,West Point,38.4198522,-120.4800231,229354,,2020-04-30,10,0,Zillow ZIP-level market for West Point; mapped with Census 2020 ZCTA 95255 in Calaveras County.,,,,
95254 Wallace,zcta,95254,Wallace,38.1998379,-120.9642416,457724,,2020-04-30,10,0,Zillow ZIP-level market for Wallace; mapped with Census 2020 ZCTA 95254 in Calaveras County.,,,,
95232 Glencoe,zcta,95232,Glencoe,38.3605261,-120.5772427,274072,,2020-04-30,10,0,Zillow ZIP-level market for Glencoe; mapped with Census 2020 ZCTA 95232 in Calaveras County.,,,,
95233 Murphys,zcta,95233,Murphys,38.1861875,-120.3685566,286367,,2020-04-30,10,0,Zillow ZIP-level market for Murphys; mapped with Census 2020 ZCTA 95233 in Calaveras County.,,,,
95257 Wilseyville,zcta,95257,Wilseyville,38.3799265,-120.4680167,227385,,2020-04-30,10,0,Zillow ZIP-level market for Wilseyville; mapped with Census 2020 ZCTA 95257 in Calaveras County.,,,,
95248 Mokelumne Hill,zcta,95248,Mokelumne Hill,38.3177091,-120.4611116,294585,,2020-04-30,10,0,Zillow ZIP-level market for Mokelumne Hill; mapped with Census 2020 ZCTA 95248 in Calaveras County.,,,,
95224 Murphys,zcta,95224,Murphys,38.2313239,-120.3226879,314698,,2020-04-30,10,0,Zillow ZIP-level market for Murphys; mapped with Census 2020 ZCTA 95224 in Calaveras County.,,,,
95225 Valley Springs,zcta,95225,Valley Springs,38.2025516,-120.8641483,460871,,2020-04-30,10,0,Zillow ZIP-level market for Valley Springs; mapped with Census 2020 ZCTA 95225 in Calaveras County.,,,,
95252 Valley Springs,zcta,95252,Valley Springs,38.1586282,-120.8432468,360510,,2020-05-31,10,0,Zillow ZIP-level market for Valley Springs; mapped with Census 2020 ZCTA 95252 in Calaveras County.,,,,
95222 Angels Camp,zcta,95222,Angels Camp,38.0513304,-120.5901733,384253,,2020-05-31,10,0,Zillow ZIP-level market for Angels Camp; mapped with Census 2020 ZCTA 95222 in Calaveras County.,,,,
95249 San Andreas,zcta,95249,San Andreas,38.1899501,-120.6195548,276563,,2020-05-31,10,0,Zillow ZIP-level market for San Andreas; mapped with Census 2020 ZCTA 95249 in Calaveras County.,,,,
95228 Copperopolis,zcta,95228,Copperopolis,37.9072653,-120.6883275,400458,,2020-05-31,10,0,Zillow ZIP-level market for Copperopolis; mapped with Census 2020 ZCTA 95228 in Calaveras County.,,,,
95247 Murphys,zcta,95247,Murphys,38.1360927,-120.4439416,403149,,2020-05-31,10,0,Zillow ZIP-level market for Murphys; mapped with Census 2020 ZCTA 95247 in Calaveras County.,,,,
95223 Avery,zcta,95223,Avery,38.4463225,-119.8129575,327481,,2020-05-31,10,0,Zillow ZIP-level market for Avery; mapped with Census 2020 ZCTA 95223 in Calaveras County.,,,,
95245 Mokelumne Hill,zcta,95245,Mokelumne Hill,38.3027468,-120.6094652,302626,,2020-05-31,10,0,Zillow ZIP-level market for Mokelumne Hill; mapped with Census 2020 ZCTA 95245 in Calaveras County.,,,,
95246 Mountain Ranch,zcta,95246,Mountain Ranch,38.2497077,-120.488857,311287,,2020-05-31,10,0,Zillow ZIP-level market for Mountain Ranch; mapped with Census 2020 ZCTA 95246 in Calaveras County.,,,,
95255 West Point,zcta,95255,West Point,38.4198522,-120.4800231,227680,,2020-05-31,10,0,Zillow ZIP-level market for West Point; mapped with Census 2020 ZCTA 95255 in Calaveras County.,,,,
95254 Wallace,zcta,95254,Wallace,38.1998379,-120.9642416,455267,,2020-05-31,10,0,Zillow ZIP-level market for Wallace; mapped with Census 2020 ZCTA 95254 in Calaveras County.,,,,
95232 Glencoe,zcta,95232,Glencoe,38.3605261,-120.5772427,270608,,2020-05-31,10,0,Zillow ZIP-level market for Glencoe; mapped with Census 2020 ZCTA 95232 in Calaveras County.,,,,
95233 Murphys,zcta,95233,Murphys,38.1861875,-120.3685566,284679,,2020-05-31,10,0,Zillow ZIP-level market for Murphys; mapped with Census 2020 ZCTA 95233 in Calaveras County.,,,,
95257 Wilseyville,zcta,95257,Wilseyville,38.3799265,-120.4680167,225715,,2020-05-31,10,0,Zillow ZIP-level market for Wilseyville; mapped with Census 2020 ZCTA 95257 in Calaveras County.,,,,
95248 Mokelumne Hill,zcta,95248,Mokelumne Hill,38.3177091,-120.4611116,293381,,2020-05-31,10,0,Zillow ZIP-level market for Mokelumne Hill; mapped with Census 2020 ZCTA 95248 in Calaveras County.,,,,
95224 Murphys,zcta,95224,Murphys,38.2313239,-120.3226879,313965,,2020-05-31,10,0,Zillow ZIP-level market for Murphys; mapped with Census 2020 ZCTA 95224 in Calaveras County.,,,,
95225 Valley Springs,zcta,95225,Valley Springs,38.2025516,-120.8641483,457302,,2020-05-31,10,0,Zillow ZIP-level market for Valley Springs; mapped with Census 2020 ZCTA 95225 in Calaveras County.,,,,
95252 Valley Springs,zcta,95252,Valley Springs,38.1586282,-120.8432468,359941,,2020-06-30,10,0,Zillow ZIP-level market for Valley Springs; mapped with Census 2020 ZCTA 95252 in Calaveras County.,,,,
95222 Angels Camp,zcta,95222,Angels Camp,38.0513304,-120.5901733,383257,,2020-06-30,10,0,Zillow ZIP-level market for Angels Camp; mapped with Census 2020 ZCTA 95222 in Calaveras County.,,,,
95249 San Andreas,zcta,95249,San Andreas,38.1899501,-120.6195548,276682,,2020-06-30,10,0,Zillow ZIP-level market for San Andreas; mapped with Census 2020 ZCTA 95249 in Calaveras County.,,,,
95228 Copperopolis,zcta,95228,Copperopolis,37.9072653,-120.6883275,403939,,2020-06-30,10,0,Zillow ZIP-level market for Copperopolis; mapped with Census 2020 ZCTA 95228 in Calaveras County.,,,,
95247 Murphys,zcta,95247,Murphys,38.1360927,-120.4439416,401323,,2020-06-30,10,0,Zillow ZIP-level market for Murphys; mapped with Census 2020 ZCTA 95247 in Calaveras County.,,,,
95223 Avery,zcta,95223,Avery,38.4463225,-119.8129575,326696,,2020-06-30,10,0,Zillow ZIP-level market for Avery; mapped with Census 2020 ZCTA 95223 in Calaveras County.,,,,
95245 Mokelumne Hill,zcta,95245,Mokelumne Hill,38.3027468,-120.6094652,302151,,2020-06-30,10,0,Zillow ZIP-level market for Mokelumne Hill; mapped with Census 2020 ZCTA 95245 in Calaveras County.,,,,
95246 Mountain Ranch,zcta,95246,Mountain Ranch,38.2497077,-120.488857,308938,,2020-06-30,10,0,Zillow ZIP-level market for Mountain Ranch; mapped with Census 2020 ZCTA 95246 in Calaveras County.,,,,
95255 West Point,zcta,95255,West Point,38.4198522,-120.4800231,226017,,2020-06-30,10,0,Zillow ZIP-level market for West Point; mapped with Census 2020 ZCTA 95255 in Calaveras County.,,,,
95254 Wallace,zcta,95254,Wallace,38.1998379,-120.9642416,453439,,2020-06-30,10,0,Zillow ZIP-level market for Wallace; mapped with Census 2020 ZCTA 95254 in Calaveras County.,,,,
95232 Glencoe,zcta,95232,Glencoe,38.3605261,-120.5772427,268754,,2020-06-30,10,0,Zillow ZIP-level market for Glencoe; mapped with Census 2020 ZCTA 95232 in Calaveras County.,,,,
95233 Murphys,zcta,95233,Murphys,38.1861875,-120.3685566,282860,,2020-06-30,10,0,Zillow ZIP-level market for Murphys; mapped with Census 2020 ZCTA 95233 in Calaveras County.,,,,
95257 Wilseyville,zcta,95257,Wilseyville,38.3799265,-120.4680167,224162,,2020-06-30,10,0,Zillow ZIP-level market for Wilseyville; mapped with Census 2020 ZCTA 95257 in Calaveras County.,,,,
95248 Mokelumne Hill,zcta,95248,Mokelumne Hill,38.3177091,-120.4611116,293714,,2020-06-30,10,0,Zillow ZIP-level market for Mokelumne Hill; mapped with Census 2020 ZCTA 95248 in Calaveras County.,,,,
95224 Murphys,zcta,95224,Murphys,38.2313239,-120.3226879,312941,,2020-06-30,10,0,Zillow ZIP-level market for Murphys; mapped with Census 2020 ZCTA 95224 in Calaveras County.,,,,
95225 Valley Springs,zcta,95225,Valley Springs,38.2025516,-120.8641483,454366,,2020-06-30,10,0,Zillow ZIP-level market for Valley Springs; mapped with Census 2020 ZCTA 95225 in Calaveras County.,,,,
95252 Valley Springs,zcta,95252,Valley Springs,38.1586282,-120.8432468,360080,,2020-07-31,10,0,Zillow ZIP-level market for Valley Springs; mapped with Census 2020 ZCTA 95252 in Calaveras County.,,,,
95222 Angels Camp,zcta,95222,Angels Camp,38.0513304,-120.5901733,382704,,2020-07-31,10,0,Zillow ZIP-level market for Angels Camp; mapped with Census 2020 ZCTA 95222 in Calaveras County.,,,,
95249 San Andreas,zcta,95249,San Andreas,38.1899501,-120.6195548,276500,,2020-07-31,10,0,Zillow ZIP-level market for San Andreas; mapped with Census 2020 ZCTA 95249 in Calaveras County.,,,,
95228 Copperopolis,zcta,95228,Copperopolis,37.9072653,-120.6883275,407773,,2020-07-31,10,0,Zillow ZIP-level market for Copperopolis; mapped with Census 2020 ZCTA 95228 in Calaveras County.,,,,
95247 Murphys,zcta,95247,Murphys,38.1360927,-120.4439416,399693,,2020-07-31,10,0,Zillow ZIP-level market for Murphys; mapped with Census 2020 ZCTA 95247 in Calaveras County.,,,,
95223 Avery,zcta,95223,Avery,38.4463225,-119.8129575,326186,,2020-07-31,10,0,Zillow ZIP-level market for Avery; mapped with Census 2020 ZCTA 95223 in Calaveras County.,,,,
95245 Mokelumne Hill,zcta,95245,Mokelumne Hill,38.3027468,-120.6094652,302396,,2020-07-31,10,0,Zillow ZIP-level market for Mokelumne Hill; mapped with Census 2020 ZCTA 95245 in Calaveras County.,,,,
95246 Mountain Ranch,zcta,95246,Mountain Ranch,38.2497077,-120.488857,306626,,2020-07-31,10,0,Zillow ZIP-level market for Mountain Ranch; mapped with Census 2020 ZCTA 95246 in Calaveras County.,,,,
95255 West Point,zcta,95255,West Point,38.4198522,-120.4800231,225479,,2020-07-31,10,0,Zillow ZIP-level market for West Point; mapped with Census 2020 ZCTA 95255 in Calaveras County.,,,,
95254 Wallace,zcta,95254,Wallace,38.1998379,-120.9642416,453197,,2020-07-31,10,0,Zillow ZIP-level market for Wallace; mapped with Census 2020 ZCTA 95254 in Calaveras County.,,,,
95232 Glencoe,zcta,95232,Glencoe,38.3605261,-120.5772427,268560,,2020-07-31,10,0,Zillow ZIP-level market for Glencoe; mapped with Census 2020 ZCTA 95232 in Calaveras County.,,,,
95233 Murphys,zcta,95233,Murphys,38.1861875,-120.3685566,281777,,2020-07-31,10,0,Zillow ZIP-level market for Murphys; mapped with Census 2020 ZCTA 95233 in Calaveras County.,,,,
95257 Wilseyville,zcta,95257,Wilseyville,38.3799265,-120.4680167,224178,,2020-07-31,10,0,Zillow ZIP-level market for Wilseyville; mapped with Census 2020 ZCTA 95257 in Calaveras County.,,,,
95248 Mokelumne Hill,zcta,95248,Mokelumne Hill,38.3177091,-120.4611116,294887,,2020-07-31,10,0,Zillow ZIP-level market for Mokelumne Hill; mapped with Census 2020 ZCTA 95248 in Calaveras County.,,,,
95224 Murphys,zcta,95224,Murphys,38.2313239,-120.3226879,312271,,2020-07-31,10,0,Zillow ZIP-level market for Murphys; mapped with Census 2020 ZCTA 95224 in Calaveras County.,,,,
95225 Valley Springs,zcta,95225,Valley Springs,38.2025516,-120.8641483,452925,,2020-07-31,10,0,Zillow ZIP-level market for Valley Springs; mapped with Census 2020 ZCTA 95225 in Calaveras County.,,,,
95252 Valley Springs,zcta,95252,Valley Springs,38.1586282,-120.8432468,362845,,2020-08-31,10,0,Zillow ZIP-level market for Valley Springs; mapped with Census 2020 ZCTA 95252 in Calaveras County.,,,,
95222 Angels Camp,zcta,95222,Angels Camp,38.0513304,-120.5901733,384787,,2020-08-31,10,0,Zillow ZIP-level market for Angels Camp; mapped with Census 2020 ZCTA 95222 in Calaveras County.,,,,
95249 San Andreas,zcta,95249,San Andreas,38.1899501,-120.6195548,277775,,2020-08-31,10,0,Zillow ZIP-level market for San Andreas; mapped with Census 2020 ZCTA 95249 in Calaveras County.,,,,
95228 Copperopolis,zcta,95228,Copperopolis,37.9072653,-120.6883275,412845,,2020-08-31,10,0,Zillow ZIP-level market for Copperopolis; mapped with Census 2020 ZCTA 95228 in Calaveras County.,,,,
95247 Murphys,zcta,95247,Murphys,38.1360927,-120.4439416,399465,,2020-08-31,10,0,Zillow ZIP-level market for Murphys; mapped with Census 2020 ZCTA 95247 in Calaveras County.,,,,
95223 Avery,zcta,95223,Avery,38.4463225,-119.8129575,327945,,2020-08-31,10,0,Zillow ZIP-level market for Avery; mapped with Census 2020 ZCTA 95223 in Calaveras County.,,,,
95245 Mokelumne Hill,zcta,95245,Mokelumne Hill,38.3027468,-120.6094652,306109,,2020-08-31,10,0,Zillow ZIP-level market for Mokelumne Hill; mapped with Census 2020 ZCTA 95245 in Calaveras County.,,,,
95246 Mountain Ranch,zcta,95246,Mountain Ranch,38.2497077,-120.488857,308273,,2020-08-31,10,0,Zillow ZIP-level market for Mountain Ranch; mapped with Census 2020 ZCTA 95246 in Calaveras County.,,,,
95255 West Point,zcta,95255,West Point,38.4198522,-120.4800231,227950,,2020-08-31,10,0,Zillow ZIP-level market for West Point; mapped with Census 2020 ZCTA 95255 in Calaveras County.,,,,
95254 Wallace,zcta,95254,Wallace,38.1998379,-120.9642416,456814,,2020-08-31,10,0,Zillow ZIP-level market for Wallace; mapped with Census 2020 ZCTA 95254 in Calaveras County.,,,,
95232 Glencoe,zcta,95232,Glencoe,38.3605261,-120.5772427,273271,,2020-08-31,10,0,Zillow ZIP-level market for Glencoe; mapped with Census 2020 ZCTA 95232 in Calaveras County.,,,,
95233 Murphys,zcta,95233,Murphys,38.1861875,-120.3685566,283072,,2020-08-31,10,0,Zillow ZIP-level market for Murphys; mapped with Census 2020 ZCTA 95233 in Calaveras County.,,,,
95257 Wilseyville,zcta,95257,Wilseyville,38.3799265,-120.4680167,226952,,2020-08-31,10,0,Zillow ZIP-level market for Wilseyville; mapped with Census 2020 ZCTA 95257 in Calaveras County.,,,,
95248 Mokelumne Hill,zcta,95248,Mokelumne Hill,38.3177091,-120.4611116,300297,,2020-08-31,10,0,Zillow ZIP-level market for Mokelumne Hill; mapped with Census 2020 ZCTA 95248 in Calaveras County.,,,,
95224 Murphys,zcta,95224,Murphys,38.2313239,-120.3226879,314081,,2020-08-31,10,0,Zillow ZIP-level market for Murphys; mapped with Census 2020 ZCTA 95224 in Calaveras County.,,,,
95225 Valley Springs,zcta,95225,Valley Springs,38.2025516,-120.8641483,457139,,2020-08-31,10,0,Zillow ZIP-level market for Valley Springs; mapped with Census 2020 ZCTA 95225 in Calaveras County.,,,,
95252 Valley Springs,zcta,95252,Valley Springs,38.1586282,-120.8432468,368254,,2020-09-30,10,0,Zillow ZIP-level market for Valley Springs; mapped with Census 2020 ZCTA 95252 in Calaveras County.,,,,
95222 Angels Camp,zcta,95222,Angels Camp,38.0513304,-120.5901733,389753,,2020-09-30,10,0,Zillow ZIP-level market for Angels Camp; mapped with Census 2020 ZCTA 95222 in Calaveras County.,,,,
95249 San Andreas,zcta,95249,San Andreas,38.1899501,-120.6195548,281413,,2020-09-30,10,0,Zillow ZIP-level market for San Andreas; mapped with Census 2020 ZCTA 95249 in Calaveras County.,,,,
95228 Copperopolis,zcta,95228,Copperopolis,37.9072653,-120.6883275,419036,,2020-09-30,10,0,Zillow ZIP-level market for Copperopolis; mapped with Census 2020 ZCTA 95228 in Calaveras County.,,,,
95247 Murphys,zcta,95247,Murphys,38.1360927,-120.4439416,402768,,2020-09-30,10,0,Zillow ZIP-level market for Murphys; mapped with Census 2020 ZCTA 95247 in Calaveras County.,,,,
95223 Avery,zcta,95223,Avery,38.4463225,-119.8129575,332903,,2020-09-30,10,0,Zillow ZIP-level market for Avery; mapped with Census 2020 ZCTA 95223 in Calaveras County.,,,,
95245 Mokelumne Hill,zcta,95245,Mokelumne Hill,38.3027468,-120.6094652,312853,,2020-09-30,10,0,Zillow ZIP-level market for Mokelumne Hill; mapped with Census 2020 ZCTA 95245 in Calaveras County.,,,,
95246 Mountain Ranch,zcta,95246,Mountain Ranch,38.2497077,-120.488857,314362,,2020-09-30,10,0,Zillow ZIP-level market for Mountain Ranch; mapped with Census 2020 ZCTA 95246 in Calaveras County.,,,,
95255 West Point,zcta,95255,West Point,38.4198522,-120.4800231,233804,,2020-09-30,10,0,Zillow ZIP-level market for West Point; mapped with Census 2020 ZCTA 95255 in Calaveras County.,,,,
95254 Wallace,zcta,95254,Wallace,38.1998379,-120.9642416,464630,,2020-09-30,10,0,Zillow ZIP-level market for Wallace; mapped with Census 2020 ZCTA 95254 in Calaveras County.,,,,
95232 Glencoe,zcta,95232,Glencoe,38.3605261,-120.5772427,282582,,2020-09-30,10,0,Zillow ZIP-level market for Glencoe; mapped with Census 2020 ZCTA 95232 in Calaveras County.,,,,
95233 Murphys,zcta,95233,Murphys,38.1861875,-120.3685566,287075,,2020-09-30,10,0,Zillow ZIP-level market for Murphys; mapped with Census 2020 ZCTA 95233 in Calaveras County.,,,,
95257 Wilseyville,zcta,95257,Wilseyville,38.3799265,-120.4680167,232911,,2020-09-30,10,0,Zillow ZIP-level market for Wilseyville; mapped with Census 2020 ZCTA 95257 in Calaveras County.,,,,
95248 Mokelumne Hill,zcta,95248,Mokelumne Hill,38.3177091,-120.4611116,309456,,2020-09-30,10,0,Zillow ZIP-level market for Mokelumne Hill; mapped with Census 2020 ZCTA 95248 in Calaveras County.,,,,
95224 Murphys,zcta,95224,Murphys,38.2313239,-120.3226879,318663,,2020-09-30,10,0,Zillow ZIP-level market for Murphys; mapped with Census 2020 ZCTA 95224 in Calaveras County.,,,,
95225 Valley Springs,zcta,95225,Valley Springs,38.2025516,-120.8641483,468118,,2020-09-30,10,0,Zillow ZIP-level market for Valley Springs; mapped with Census 2020 ZCTA 95225 in Calaveras County.,,,,
95252 Valley Springs,zcta,95252,Valley Springs,38.1586282,-120.8432468,375860,,2020-10-31,10,0,Zillow ZIP-level market for Valley Springs; mapped with Census 2020 ZCTA 95252 in Calaveras County.,,,,
95222 Angels Camp,zcta,95222,Angels Camp,38.0513304,-120.5901733,397390,,2020-10-31,10,0,Zillow ZIP-level market for Angels Camp; mapped with Census 2020 ZCTA 95222 in Calaveras County.,,,,
95249 San Andreas,zcta,95249,San Andreas,38.1899501,-120.6195548,286664,,2020-10-31,10,0,Zillow ZIP-level market for San Andreas; mapped with Census 2020 ZCTA 95249 in Calaveras County.,,,,
95228 Copperopolis,zcta,95228,Copperopolis,37.9072653,-120.6883275,425429,,2020-10-31,10,0,Zillow ZIP-level market for Copperopolis; mapped with Census 2020 ZCTA 95228 in Calaveras County.,,,,
95247 Murphys,zcta,95247,Murphys,38.1360927,-120.4439416,408944,,2020-10-31,10,0,Zillow ZIP-level market for Murphys; mapped with Census 2020 ZCTA 95247 in Calaveras County.,,,,
95223 Avery,zcta,95223,Avery,38.4463225,-119.8129575,340847,,2020-10-31,10,0,Zillow ZIP-level market for Avery; mapped with Census 2020 ZCTA 95223 in Calaveras County.,,,,
95245 Mokelumne Hill,zcta,95245,Mokelumne Hill,38.3027468,-120.6094652,321663,,2020-10-31,10,0,Zillow ZIP-level market for Mokelumne Hill; mapped with Census 2020 ZCTA 95245 in Calaveras County.,,,,
95246 Mountain Ranch,zcta,95246,Mountain Ranch,38.2497077,-120.488857,322875,,2020-10-31,10,0,Zillow ZIP-level market for Mountain Ranch; mapped with Census 2020 ZCTA 95246 in Calaveras County.,,,,
95255 West Point,zcta,95255,West Point,38.4198522,-120.4800231,241153,,2020-10-31,10,0,Zillow ZIP-level market for West Point; mapped with Census 2020 ZCTA 95255 in Calaveras County.,,,,
95254 Wallace,zcta,95254,Wallace,38.1998379,-120.9642416,475070,,2020-10-31,10,0,Zillow ZIP-level market for Wallace; mapped with Census 2020 ZCTA 95254 in Calaveras County.,,,,
95232 Glencoe,zcta,95232,Glencoe,38.3605261,-120.5772427,293348,,2020-10-31,10,0,Zillow ZIP-level market for Glencoe; mapped with Census 2020 ZCTA 95232 in Calaveras County.,,,,
95233 Murphys,zcta,95233,Murphys,38.1861875,-120.3685566,293383,,2020-10-31,10,0,Zillow ZIP-level market for Murphys; mapped with Census 2020 ZCTA 95233 in Calaveras County.,,,,
95257 Wilseyville,zcta,95257,Wilseyville,38.3799265,-120.4680167,240111,,2020-10-31,10,0,Zillow ZIP-level market for Wilseyville; mapped with Census 2020 ZCTA 95257 in Calaveras County.,,,,
95248 Mokelumne Hill,zcta,95248,Mokelumne Hill,38.3177091,-120.4611116,320533,,2020-10-31,10,0,Zillow ZIP-level market for Mokelumne Hill; mapped with Census 2020 ZCTA 95248 in Calaveras County.,,,,
95224 Murphys,zcta,95224,Murphys,38.2313239,-120.3226879,325613,,2020-10-31,10,0,Zillow ZIP-level market for Murphys; mapped with Census 2020 ZCTA 95224 in Calaveras County.,,,,
95225 Valley Springs,zcta,95225,Valley Springs,38.2025516,-120.8641483,482812,,2020-10-31,10,0,Zillow ZIP-level market for Valley Springs; mapped with Census 2020 ZCTA 95225 in Calaveras County.,,,,
95252 Valley Springs,zcta,95252,Valley Springs,38.1586282,-120.8432468,384756,,2020-11-30,10,0,Zillow ZIP-level market for Valley Springs; mapped with Census 2020 ZCTA 95252 in Calaveras County.,,,,
95222 Angels Camp,zcta,95222,Angels Camp,38.0513304,-120.5901733,406894,,2020-11-30,10,0,Zillow ZIP-level market for Angels Camp; mapped with Census 2020 ZCTA 95222 in Calaveras County.,,,,
95249 San Andreas,zcta,95249,San Andreas,38.1899501,-120.6195548,293229,,2020-11-30,10,0,Zillow ZIP-level market for San Andreas; mapped with Census 2020 ZCTA 95249 in Calaveras County.,,,,
95228 Copperopolis,zcta,95228,Copperopolis,37.9072653,-120.6883275,432737,,2020-11-30,10,0,Zillow ZIP-level market for Copperopolis; mapped with Census 2020 ZCTA 95228 in Calaveras County.,,,,
95247 Murphys,zcta,95247,Murphys,38.1360927,-120.4439416,417860,,2020-11-30,10,0,Zillow ZIP-level market for Murphys; mapped with Census 2020 ZCTA 95247 in Calaveras County.,,,,
95223 Avery,zcta,95223,Avery,38.4463225,-119.8129575,350916,,2020-11-30,10,0,Zillow ZIP-level market for Avery; mapped with Census 2020 ZCTA 95223 in Calaveras County.,,,,
95245 Mokelumne Hill,zcta,95245,Mokelumne Hill,38.3027468,-120.6094652,330772,,2020-11-30,10,0,Zillow ZIP-level market for Mokelumne Hill; mapped with Census 2020 ZCTA 95245 in Calaveras County.,,,,
95246 Mountain Ranch,zcta,95246,Mountain Ranch,38.2497077,-120.488857,332511,,2020-11-30,10,0,Zillow ZIP-level market for Mountain Ranch; mapped with Census 2020 ZCTA 95246 in Calaveras County.,,,,
95255 West Point,zcta,95255,West Point,38.4198522,-120.4800231,248731,,2020-11-30,10,0,Zillow ZIP-level market for West Point; mapped with Census 2020 ZCTA 95255 in Calaveras County.,,,,
95254 Wallace,zcta,95254,Wallace,38.1998379,-120.9642416,486349,,2020-11-30,10,0,Zillow ZIP-level market for Wallace; mapped with Census 2020 ZCTA 95254 in Calaveras County.,,,,
95232 Glencoe,zcta,95232,Glencoe,38.3605261,-120.5772427,304005,,2020-11-30,10,0,Zillow ZIP-level market for Glencoe; mapped with Census 2020 ZCTA 95232 in Calaveras County.,,,,
95233 Murphys,zcta,95233,Murphys,38.1861875,-120.3685566,300891,,2020-11-30,10,0,Zillow ZIP-level market for Murphys; mapped with Census 2020 ZCTA 95233 in Calaveras County.,,,,
95257 Wilseyville,zcta,95257,Wilseyville,38.3799265,-120.4680167,247670,,2020-11-30,10,0,Zillow ZIP-level market for Wilseyville; mapped with Census 2020 ZCTA 95257 in Calaveras County.,,,,
95248 Mokelumne Hill,zcta,95248,Mokelumne Hill,38.3177091,-120.4611116,330241,,2020-11-30,10,0,Zillow ZIP-level market for Mokelumne Hill; mapped with Census 2020 ZCTA 95248 in Calaveras County.,,,,
95224 Murphys,zcta,95224,Murphys,38.2313239,-120.3226879,333923,,2020-11-30,10,0,Zillow ZIP-level market for Murphys; mapped with Census 2020 ZCTA 95224 in Calaveras County.,,,,
95225 Valley Springs,zcta,95225,Valley Springs,38.2025516,-120.8641483,498466,,2020-11-30,10,0,Zillow ZIP-level market for Valley Springs; mapped with Census 2020 ZCTA 95225 in Calaveras County.,,,,
95252 Valley Springs,zcta,95252,Valley Springs,38.1586282,-120.8432468,393969,,2020-12-31,10,0,Zillow ZIP-level market for Valley Springs; mapped with Census 2020 ZCTA 95252 in Calaveras County.,,,,
95222 Angels Camp,zcta,95222,Angels Camp,38.0513304,-120.5901733,415575,,2020-12-31,10,0,Zillow ZIP-level market for Angels Camp; mapped with Census 2020 ZCTA 95222 in Calaveras County.,,,,
95249 San Andreas,zcta,95249,San Andreas,38.1899501,-120.6195548,299316,,2020-12-31,10,0,Zillow ZIP-level market for San Andreas; mapped with Census 2020 ZCTA 95249 in Calaveras County.,,,,
95228 Copperopolis,zcta,95228,Copperopolis,37.9072653,-120.6883275,440541,,2020-12-31,10,0,Zillow ZIP-level market for Copperopolis; mapped with Census 2020 ZCTA 95228 in Calaveras County.,,,,
95247 Murphys,zcta,95247,Murphys,38.1360927,-120.4439416,426559,,2020-12-31,10,0,Zillow ZIP-level market for Murphys; mapped with Census 2020 ZCTA 95247 in Calaveras County.,,,,
95223 Avery,zcta,95223,Avery,38.4463225,-119.8129575,361590,,2020-12-31,10,0,Zillow ZIP-level market for Avery; mapped with Census 2020 ZCTA 95223 in Calaveras County.,,,,
95245 Mokelumne Hill,zcta,95245,Mokelumne Hill,38.3027468,-120.6094652,338831,,2020-12-31,10,0,Zillow ZIP-level market for Mokelumne Hill; mapped with Census 2020 ZCTA 95245 in Calaveras County.,,,,
95246 Mountain Ranch,zcta,95246,Mountain Ranch,38.2497077,-120.488857,342317,,2020-12-31,10,0,Zillow ZIP-level market for Mountain Ranch; mapped with Census 2020 ZCTA 95246 in Calaveras County.,,,,
95255 West Point,zcta,95255,West Point,38.4198522,-120.4800231,255332,,2020-12-31,10,0,Zillow ZIP-level market for West Point; mapped with Census 2020 ZCTA 95255 in Calaveras County.,,,,
95254 Wallace,zcta,95254,Wallace,38.1998379,-120.9642416,496531,,2020-12-31,10,0,Zillow ZIP-level market for Wallace; mapped with Census 2020 ZCTA 95254 in Calaveras County.,,,,
95232 Glencoe,zcta,95232,Glencoe,38.3605261,-120.5772427,312081,,2020-12-31,10,0,Zillow ZIP-level market for Glencoe; mapped with Census 2020 ZCTA 95232 in Calaveras County.,,,,
95233 Murphys,zcta,95233,Murphys,38.1861875,-120.3685566,307891,,2020-12-31,10,0,Zillow ZIP-level market for Murphys; mapped with Census 2020 ZCTA 95233 in Calaveras County.,,,,
95257 Wilseyville,zcta,95257,Wilseyville,38.3799265,-120.4680167,254137,,2020-12-31,10,0,Zillow ZIP-level market for Wilseyville; mapped with Census 2020 ZCTA 95257 in Calaveras County.,,,,
95248 Mokelumne Hill,zcta,95248,Mokelumne Hill,38.3177091,-120.4611116,337792,,2020-12-31,10,0,Zillow ZIP-level market for Mokelumne Hill; mapped with Census 2020 ZCTA 95248 in Calaveras County.,,,,
95224 Murphys,zcta,95224,Murphys,38.2313239,-120.3226879,342327,,2020-12-31,10,0,Zillow ZIP-level market for Murphys; mapped with Census 2020 ZCTA 95224 in Calaveras County.,,,,
95225 Valley Springs,zcta,95225,Valley Springs,38.2025516,-120.8641483,511117,,2020-12-31,10,0,Zillow ZIP-level market for Valley Springs; mapped with Census 2020 ZCTA 95225 in Calaveras County.,,,,
95252 Valley Springs,zcta,95252,Valley Springs,38.1586282,-120.8432468,402205,,2021-01-31,10,0,Zillow ZIP-level market for Valley Springs; mapped with Census 2020 ZCTA 95252 in Calaveras County.,,,,
95222 Angels Camp,zcta,95222,Angels Camp,38.0513304,-120.5901733,423033,,2021-01-31,10,0,Zillow ZIP-level market for Angels Camp; mapped with Census 2020 ZCTA 95222 in Calaveras County.,,,,
95249 San Andreas,zcta,95249,San Andreas,38.1899501,-120.6195548,304977,,2021-01-31,10,0,Zillow ZIP-level market for San Andreas; mapped with Census 2020 ZCTA 95249 in Calaveras County.,,,,
95228 Copperopolis,zcta,95228,Copperopolis,37.9072653,-120.6883275,450534,,2021-01-31,10,0,Zillow ZIP-level market for Copperopolis; mapped with Census 2020 ZCTA 95228 in Calaveras County.,,,,
95247 Murphys,zcta,95247,Murphys,38.1360927,-120.4439416,435325,,2021-01-31,10,0,Zillow ZIP-level market for Murphys; mapped with Census 2020 ZCTA 95247 in Calaveras County.,,,,
95223 Avery,zcta,95223,Avery,38.4463225,-119.8129575,372235,,2021-01-31,10,0,Zillow ZIP-level market for Avery; mapped with Census 2020 ZCTA 95223 in Calaveras County.,,,,
95245 Mokelumne Hill,zcta,95245,Mokelumne Hill,38.3027468,-120.6094652,345794,,2021-01-31,10,0,Zillow ZIP-level market for Mokelumne Hill; mapped with Census 2020 ZCTA 95245 in Calaveras County.,,,,
95246 Mountain Ranch,zcta,95246,Mountain Ranch,38.2497077,-120.488857,350477,,2021-01-31,10,0,Zillow ZIP-level market for Mountain Ranch; mapped with Census 2020 ZCTA 95246 in Calaveras County.,,,,
95255 West Point,zcta,95255,West Point,38.4198522,-120.4800231,260577,,2021-01-31,10,0,Zillow ZIP-level market for West Point; mapped with Census 2020 ZCTA 95255 in Calaveras County.,,,,
95254 Wallace,zcta,95254,Wallace,38.1998379,-120.9642416,505562,,2021-01-31,10,0,Zillow ZIP-level market for Wallace; mapped with Census 2020 ZCTA 95254 in Calaveras County.,,,,
95232 Glencoe,zcta,95232,Glencoe,38.3605261,-120.5772427,319745,,2021-01-31,10,0,Zillow ZIP-level market for Glencoe; mapped with Census 2020 ZCTA 95232 in Calaveras County.,,,,
95233 Murphys,zcta,95233,Murphys,38.1861875,-120.3685566,314379,,2021-01-31,10,0,Zillow ZIP-level market for Murphys; mapped with Census 2020 ZCTA 95233 in Calaveras County.,,,,
95257 Wilseyville,zcta,95257,Wilseyville,38.3799265,-120.4680167,259191,,2021-01-31,10,0,Zillow ZIP-level market for Wilseyville; mapped with Census 2020 ZCTA 95257 in Calaveras County.,,,,
95248 Mokelumne Hill,zcta,95248,Mokelumne Hill,38.3177091,-120.4611116,343197,,2021-01-31,10,0,Zillow ZIP-level market for Mokelumne Hill; mapped with Census 2020 ZCTA 95248 in Calaveras County.,,,,
95224 Murphys,zcta,95224,Murphys,38.2313239,-120.3226879,350166,,2021-01-31,10,0,Zillow ZIP-level market for Murphys; mapped with Census 2020 ZCTA 95224 in Calaveras County.,,,,
95225 Valley Springs,zcta,95225,Valley Springs,38.2025516,-120.8641483,520440,,2021-01-31,10,0,Zillow ZIP-level market for Valley Springs; mapped with Census 2020 ZCTA 95225 in Calaveras County.,,,,
95252 Valley Springs,zcta,95252,Valley Springs,38.1586282,-120.8432468,409973,,2021-02-28,10,0,Zillow ZIP-level market for Valley Springs; mapped with Census 2020 ZCTA 95252 in Calaveras County.,,,,
95222 Angels Camp,zcta,95222,Angels Camp,38.0513304,-120.5901733,428975,,2021-02-28,10,0,Zillow ZIP-level market for Angels Camp; mapped with Census 2020 ZCTA 95222 in Calaveras County.,,,,
95249 San Andreas,zcta,95249,San Andreas,38.1899501,-120.6195548,309651,,2021-02-28,10,0,Zillow ZIP-level market for San Andreas; mapped with Census 2020 ZCTA 95249 in Calaveras County.,,,,
95228 Copperopolis,zcta,95228,Copperopolis,37.9072653,-120.6883275,460641,,2021-02-28,10,0,Zillow ZIP-level market for Copperopolis; mapped with Census 2020 ZCTA 95228 in Calaveras County.,,,,
95247 Murphys,zcta,95247,Murphys,38.1360927,-120.4439416,443644,,2021-02-28,10,0,Zillow ZIP-level market for Murphys; mapped with Census 2020 ZCTA 95247 in Calaveras County.,,,,
95223 Avery,zcta,95223,Avery,38.4463225,-119.8129575,382550,,2021-02-28,10,0,Zillow ZIP-level market for Avery; mapped with Census 2020 ZCTA 95223 in Calaveras County.,,,,
95245 Mokelumne Hill,zcta,95245,Mokelumne Hill,38.3027468,-120.6094652,352123,,2021-02-28,10,0,Zillow ZIP-level market for Mokelumne Hill; mapped with Census 2020 ZCTA 95245 in Calaveras County.,,,,
95246 Mountain Ranch,zcta,95246,Mountain Ranch,38.2497077,-120.488857,356063,,2021-02-28,10,0,Zillow ZIP-level market for Mountain Ranch; mapped with Census 2020 ZCTA 95246 in Calaveras County.,,,,
95255 West Point,zcta,95255,West Point,38.4198522,-120.4800231,264637,,2021-02-28,10,0,Zillow ZIP-level market for West Point; mapped with Census 2020 ZCTA 95255 in Calaveras County.,,,,
95254 Wallace,zcta,95254,Wallace,38.1998379,-120.9642416,514305,,2021-02-28,10,0,Zillow ZIP-level market for Wallace; mapped with Census 2020 ZCTA 95254 in Calaveras County.,,,,
95232 Glencoe,zcta,95232,Glencoe,38.3605261,-120.5772427,326112,,2021-02-28,10,0,Zillow ZIP-level market for Glencoe; mapped with Census 2020 ZCTA 95232 in Calaveras County.,,,,
95233 Murphys,zcta,95233,Murphys,38.1861875,-120.3685566,320112,,2021-02-28,10,0,Zillow ZIP-level market for Murphys; mapped with Census 2020 ZCTA 95233 in Calaveras County.,,,,
95257 Wilseyville,zcta,95257,Wilseyville,38.3799265,-120.4680167,263603,,2021-02-28,10,0,Zillow ZIP-level market for Wilseyville; mapped with Census 2020 ZCTA 95257 in Calaveras County.,,,,
95248 Mokelumne Hill,zcta,95248,Mokelumne Hill,38.3177091,-120.4611116,347183,,2021-02-28,10,0,Zillow ZIP-level market for Mokelumne Hill; mapped with Census 2020 ZCTA 95248 in Calaveras County.,,,,
95224 Murphys,zcta,95224,Murphys,38.2313239,-120.3226879,357521,,2021-02-28,10,0,Zillow ZIP-level market for Murphys; mapped with Census 2020 ZCTA 95224 in Calaveras County.,,,,
95225 Valley Springs,zcta,95225,Valley Springs,38.2025516,-120.8641483,529121,,2021-02-28,10,0,Zillow ZIP-level market for Valley Springs; mapped with Census 2020 ZCTA 95225 in Calaveras County.,,,,
95252 Valley Springs,zcta,95252,Valley Springs,38.1586282,-120.8432468,417327,,2021-03-31,10,0,Zillow ZIP-level market for Valley Springs; mapped with Census 2020 ZCTA 95252 in Calaveras County.,,,,
95222 Angels Camp,zcta,95222,Angels Camp,38.0513304,-120.5901733,434122,,2021-03-31,10,0,Zillow ZIP-level market for Angels Camp; mapped with Census 2020 ZCTA 95222 in Calaveras County.,,,,
95249 San Andreas,zcta,95249,San Andreas,38.1899501,-120.6195548,314085,,2021-03-31,10,0,Zillow ZIP-level market for San Andreas; mapped with Census 2020 ZCTA 95249 in Calaveras County.,,,,
95228 Copperopolis,zcta,95228,Copperopolis,37.9072653,-120.6883275,470460,,2021-03-31,10,0,Zillow ZIP-level market for Copperopolis; mapped with Census 2020 ZCTA 95228 in Calaveras County.,,,,
95247 Murphys,zcta,95247,Murphys,38.1360927,-120.4439416,452093,,2021-03-31,10,0,Zillow ZIP-level market for Murphys; mapped with Census 2020 ZCTA 95247 in Calaveras County.,,,,
95223 Avery,zcta,95223,Avery,38.4463225,-119.8129575,392545,,2021-03-31,10,0,Zillow ZIP-level market for Avery; mapped with Census 2020 ZCTA 95223 in Calaveras County.,,,,
95245 Mokelumne Hill,zcta,95245,Mokelumne Hill,38.3027468,-120.6094652,358378,,2021-03-31,10,0,Zillow ZIP-level market for Mokelumne Hill; mapped with Census 2020 ZCTA 95245 in Calaveras County.,,,,
95246 Mountain Ranch,zcta,95246,Mountain Ranch,38.2497077,-120.488857,360082,,2021-03-31,10,0,Zillow ZIP-level market for Mountain Ranch; mapped with Census 2020 ZCTA 95246 in Calaveras County.,,,,
95255 West Point,zcta,95255,West Point,38.4198522,-120.4800231,267696,,2021-03-31,10,0,Zillow ZIP-level market for West Point; mapped with Census 2020 ZCTA 95255 in Calaveras County.,,,,
95254 Wallace,zcta,95254,Wallace,38.1998379,-120.9642416,523025,,2021-03-31,10,0,Zillow ZIP-level market for Wallace; mapped with Census 2020 ZCTA 95254 in Calaveras County.,,,,
95232 Glencoe,zcta,95232,Glencoe,38.3605261,-120.5772427,332735,,2021-03-31,10,0,Zillow ZIP-level market for Glencoe; mapped with Census 2020 ZCTA 95232 in Calaveras County.,,,,
95233 Murphys,zcta,95233,Murphys,38.1861875,-120.3685566,325492,,2021-03-31,10,0,Zillow ZIP-level market for Murphys; mapped with Census 2020 ZCTA 95233 in Calaveras County.,,,,
95257 Wilseyville,zcta,95257,Wilseyville,38.3799265,-120.4680167,268241,,2021-03-31,10,0,Zillow ZIP-level market for Wilseyville; mapped with Census 2020 ZCTA 95257 in Calaveras County.,,,,
95248 Mokelumne Hill,zcta,95248,Mokelumne Hill,38.3177091,-120.4611116,350914,,2021-03-31,10,0,Zillow ZIP-level market for Mokelumne Hill; mapped with Census 2020 ZCTA 95248 in Calaveras County.,,,,
95224 Murphys,zcta,95224,Murphys,38.2313239,-120.3226879,364184,,2021-03-31,10,0,Zillow ZIP-level market for Murphys; mapped with Census 2020 ZCTA 95224 in Calaveras County.,,,,
95225 Valley Springs,zcta,95225,Valley Springs,38.2025516,-120.8641483,537881,,2021-03-31,10,0,Zillow ZIP-level market for Valley Springs; mapped with Census 2020 ZCTA 95225 in Calaveras County.,,,,
95252 Valley Springs,zcta,95252,Valley Springs,38.1586282,-120.8432468,425615,,2021-04-30,10,0,Zillow ZIP-level market for Valley Springs; mapped with Census 2020 ZCTA 95252 in Calaveras County.,,,,
95222 Angels Camp,zcta,95222,Angels Camp,38.0513304,-120.5901733,439943,,2021-04-30,10,0,Zillow ZIP-level market for Angels Camp; mapped with Census 2020 ZCTA 95222 in Calaveras County.,,,,
95249 San Andreas,zcta,95249,San Andreas,38.1899501,-120.6195548,318705,,2021-04-30,10,0,Zillow ZIP-level market for San Andreas; mapped with Census 2020 ZCTA 95249 in Calaveras County.,,,,
95228 Copperopolis,zcta,95228,Copperopolis,37.9072653,-120.6883275,480107,,2021-04-30,10,0,Zillow ZIP-level market for Copperopolis; mapped with Census 2020 ZCTA 95228 in Calaveras County.,,,,
95247 Murphys,zcta,95247,Murphys,38.1360927,-120.4439416,461005,,2021-04-30,10,0,Zillow ZIP-level market for Murphys; mapped with Census 2020 ZCTA 95247 in Calaveras County.,,,,
95223 Avery,zcta,95223,Avery,38.4463225,-119.8129575,403651,,2021-04-30,10,0,Zillow ZIP-level market for Avery; mapped with Census 2020 ZCTA 95223 in Calaveras County.,,,,
95245 Mokelumne Hill,zcta,95245,Mokelumne Hill,38.3027468,-120.6094652,365530,,2021-04-30,10,0,Zillow ZIP-level market for Mokelumne Hill; mapped with Census 2020 ZCTA 95245 in Calaveras County.,,,,
95246 Mountain Ranch,zcta,95246,Mountain Ranch,38.2497077,-120.488857,365596,,2021-04-30,10,0,Zillow ZIP-level market for Mountain Ranch; mapped with Census 2020 ZCTA 95246 in Calaveras County.,,,,
95255 West Point,zcta,95255,West Point,38.4198522,-120.4800231,270773,,2021-04-30,10,0,Zillow ZIP-level market for West Point; mapped with Census 2020 ZCTA 95255 in Calaveras County.,,,,
95254 Wallace,zcta,95254,Wallace,38.1998379,-120.9642416,532967,,2021-04-30,10,0,Zillow ZIP-level market for Wallace; mapped with Census 2020 ZCTA 95254 in Calaveras County.,,,,
95232 Glencoe,zcta,95232,Glencoe,38.3605261,-120.5772427,339932,,2021-04-30,10,0,Zillow ZIP-level market for Glencoe; mapped with Census 2020 ZCTA 95232 in Calaveras County.,,,,
95233 Murphys,zcta,95233,Murphys,38.1861875,-120.3685566,330610,,2021-04-30,10,0,Zillow ZIP-level market for Murphys; mapped with Census 2020 ZCTA 95233 in Calaveras County.,,,,
95257 Wilseyville,zcta,95257,Wilseyville,38.3799265,-120.4680167,273587,,2021-04-30,10,0,Zillow ZIP-level market for Wilseyville; mapped with Census 2020 ZCTA 95257 in Calaveras County.,,,,
95248 Mokelumne Hill,zcta,95248,Mokelumne Hill,38.3177091,-120.4611116,356665,,2021-04-30,10,0,Zillow ZIP-level market for Mokelumne Hill; mapped with Census 2020 ZCTA 95248 in Calaveras County.,,,,
95224 Murphys,zcta,95224,Murphys,38.2313239,-120.3226879,370994,,2021-04-30,10,0,Zillow ZIP-level market for Murphys; mapped with Census 2020 ZCTA 95224 in Calaveras County.,,,,
95225 Valley Springs,zcta,95225,Valley Springs,38.2025516,-120.8641483,549500,,2021-04-30,10,0,Zillow ZIP-level market for Valley Springs; mapped with Census 2020 ZCTA 95225 in Calaveras County.,,,,
95252 Valley Springs,zcta,95252,Valley Springs,38.1586282,-120.8432468,434520,,2021-05-31,10,0,Zillow ZIP-level market for Valley Springs; mapped with Census 2020 ZCTA 95252 in Calaveras County.,,,,
95222 Angels Camp,zcta,95222,Angels Camp,38.0513304,-120.5901733,446261,,2021-05-31,10,0,Zillow ZIP-level market for Angels Camp; mapped with Census 2020 ZCTA 95222 in Calaveras County.,,,,
95249 San Andreas,zcta,95249,San Andreas,38.1899501,-120.6195548,324113,,2021-05-31,10,0,Zillow ZIP-level market for San Andreas; mapped with Census 2020 ZCTA 95249 in Calaveras County.,,,,
95228 Copperopolis,zcta,95228,Copperopolis,37.9072653,-120.6883275,491725,,2021-05-31,10,0,Zillow ZIP-level market for Copperopolis; mapped with Census 2020 ZCTA 95228 in Calaveras County.,,,,
95247 Murphys,zcta,95247,Murphys,38.1360927,-120.4439416,470102,,2021-05-31,10,0,Zillow ZIP-level market for Murphys; mapped with Census 2020 ZCTA 95247 in Calaveras County.,,,,
95223 Avery,zcta,95223,Avery,38.4463225,-119.8129575,416666,,2021-05-31,10,0,Zillow ZIP-level market for Avery; mapped with Census 2020 ZCTA 95223 in Calaveras County.,,,,
95245 Mokelumne Hill,zcta,95245,Mokelumne Hill,38.3027468,-120.6094652,372809,,2021-05-31,10,0,Zillow ZIP-level market for Mokelumne Hill; mapped with Census 2020 ZCTA 95245 in Calaveras County.,,,,
95246 Mountain Ranch,zcta,95246,Mountain Ranch,38.2497077,-120.488857,372531,,2021-05-31,10,0,Zillow ZIP-level market for Mountain Ranch; mapped with Census 2020 ZCTA 95246 in Calaveras County.,,,,
95255 West Point,zcta,95255,West Point,38.4198522,-120.4800231,275350,,2021-05-31,10,0,Zillow ZIP-level market for West Point; mapped with Census 2020 ZCTA 95255 in Calaveras County.,,,,
95254 Wallace,zcta,95254,Wallace,38.1998379,-120.9642416,545086,,2021-05-31,10,0,Zillow ZIP-level market for Wallace; mapped with Census 2020 ZCTA 95254 in Calaveras County.,,,,
95232 Glencoe,zcta,95232,Glencoe,38.3605261,-120.5772427,347644,,2021-05-31,10,0,Zillow ZIP-level market for Glencoe; mapped with Census 2020 ZCTA 95232 in Calaveras County.,,,,
95233 Murphys,zcta,95233,Murphys,38.1861875,-120.3685566,336118,,2021-05-31,10,0,Zillow ZIP-level market for Murphys; mapped with Census 2020 ZCTA 95233 in Calaveras County.,,,,
95257 Wilseyville,zcta,95257,Wilseyville,38.3799265,-120.4680167,280054,,2021-05-31,10,0,Zillow ZIP-level market for Wilseyville; mapped with Census 2020 ZCTA 95257 in Calaveras County.,,,,
95248 Mokelumne Hill,zcta,95248,Mokelumne Hill,38.3177091,-120.4611116,364254,,2021-05-31,10,0,Zillow ZIP-level market for Mokelumne Hill; mapped with Census 2020 ZCTA 95248 in Calaveras County.,,,,
95224 Murphys,zcta,95224,Murphys,38.2313239,-120.3226879,378087,,2021-05-31,10,0,Zillow ZIP-level market for Murphys; mapped with Census 2020 ZCTA 95224 in Calaveras County.,,,,
95225 Valley Springs,zcta,95225,Valley Springs,38.2025516,-120.8641483,562084,,2021-05-31,10,0,Zillow ZIP-level market for Valley Springs; mapped with Census 2020 ZCTA 95225 in Calaveras County.,,,,
95252 Valley Springs,zcta,95252,Valley Springs,38.1586282,-120.8432468,443194,,2021-06-30,10,0,Zillow ZIP-level market for Valley Springs; mapped with Census 2020 ZCTA 95252 in Calaveras County.,,,,
95222 Angels Camp,zcta,95222,Angels Camp,38.0513304,-120.5901733,453341,,2021-06-30,10,0,Zillow ZIP-level market for Angels Camp; mapped with Census 2020 ZCTA 95222 in Calaveras County.,,,,
95249 San Andreas,zcta,95249,San Andreas,38.1899501,-120.6195548,329820,,2021-06-30,10,0,Zillow ZIP-level market for San Andreas; mapped with Census 2020 ZCTA 95249 in Calaveras County.,,,,
95228 Copperopolis,zcta,95228,Copperopolis,37.9072653,-120.6883275,502272,,2021-06-30,10,0,Zillow ZIP-level market for Copperopolis; mapped with Census 2020 ZCTA 95228 in Calaveras County.,,,,
95247 Murphys,zcta,95247,Murphys,38.1360927,-120.4439416,479377,,2021-06-30,10,0,Zillow ZIP-level market for Murphys; mapped with Census 2020 ZCTA 95247 in Calaveras County.,,,,
95223 Avery,zcta,95223,Avery,38.4463225,-119.8129575,431151,,2021-06-30,10,0,Zillow ZIP-level market for Avery; mapped with Census 2020 ZCTA 95223 in Calaveras County.,,,,
95245 Mokelumne Hill,zcta,95245,Mokelumne Hill,38.3027468,-120.6094652,379030,,2021-06-30,10,0,Zillow ZIP-level market for Mokelumne Hill; mapped with Census 2020 ZCTA 95245 in Calaveras County.,,,,
95246 Mountain Ranch,zcta,95246,Mountain Ranch,38.2497077,-120.488857,379827,,2021-06-30,10,0,Zillow ZIP-level market for Mountain Ranch; mapped with Census 2020 ZCTA 95246 in Calaveras County.,,,,
95255 West Point,zcta,95255,West Point,38.4198522,-120.4800231,281256,,2021-06-30,10,0,Zillow ZIP-level market for West Point; mapped with Census 2020 ZCTA 95255 in Calaveras County.,,,,
95254 Wallace,zcta,95254,Wallace,38.1998379,-120.9642416,557827,,2021-06-30,10,0,Zillow ZIP-level market for Wallace; mapped with Census 2020 ZCTA 95254 in Calaveras County.,,,,
95232 Glencoe,zcta,95232,Glencoe,38.3605261,-120.5772427,354051,,2021-06-30,10,0,Zillow ZIP-level market for Glencoe; mapped with Census 2020 ZCTA 95232 in Calaveras County.,,,,
95233 Murphys,zcta,95233,Murphys,38.1861875,-120.3685566,342611,,2021-06-30,10,0,Zillow ZIP-level market for Murphys; mapped with Census 2020 ZCTA 95233 in Calaveras County.,,,,
95257 Wilseyville,zcta,95257,Wilseyville,38.3799265,-120.4680167,286844,,2021-06-30,10,0,Zillow ZIP-level market for Wilseyville; mapped with Census 2020 ZCTA 95257 in Calaveras County.,,,,
95248 Mokelumne Hill,zcta,95248,Mokelumne Hill,38.3177091,-120.4611116,372512,,2021-06-30,10,0,Zillow ZIP-level market for Mokelumne Hill; mapped with Census 2020 ZCTA 95248 in Calaveras County.,,,,
95224 Murphys,zcta,95224,Murphys,38.2313239,-120.3226879,385996,,2021-06-30,10,0,Zillow ZIP-level market for Murphys; mapped with Census 2020 ZCTA 95224 in Calaveras County.,,,,
95225 Valley Springs,zcta,95225,Valley Springs,38.2025516,-120.8641483,574837,,2021-06-30,10,0,Zillow ZIP-level market for Valley Springs; mapped with Census 2020 ZCTA 95225 in Calaveras County.,,,,
95252 Valley Springs,zcta,95252,Valley Springs,38.1586282,-120.8432468,451575,,2021-07-31,10,0,Zillow ZIP-level market for Valley Springs; mapped with Census 2020 ZCTA 95252 in Calaveras County.,,,,
95222 Angels Camp,zcta,95222,Angels Camp,38.0513304,-120.5901733,460542,,2021-07-31,10,0,Zillow ZIP-level market for Angels Camp; mapped with Census 2020 ZCTA 95222 in Calaveras County.,,,,
95249 San Andreas,zcta,95249,San Andreas,38.1899501,-120.6195548,335806,,2021-07-31,10,0,Zillow ZIP-level market for San Andreas; mapped with Census 2020 ZCTA 95249 in Calaveras County.,,,,
95228 Copperopolis,zcta,95228,Copperopolis,37.9072653,-120.6883275,511435,,2021-07-31,10,0,Zillow ZIP-level market for Copperopolis; mapped with Census 2020 ZCTA 95228 in Calaveras County.,,,,
95247 Murphys,zcta,95247,Murphys,38.1360927,-120.4439416,488902,,2021-07-31,10,0,Zillow ZIP-level market for Murphys; mapped with Census 2020 ZCTA 95247 in Calaveras County.,,,,
95223 Avery,zcta,95223,Avery,38.4463225,-119.8129575,444692,,2021-07-31,10,0,Zillow ZIP-level market for Avery; mapped with Census 2020 ZCTA 95223 in Calaveras County.,,,,
95245 Mokelumne Hill,zcta,95245,Mokelumne Hill,38.3027468,-120.6094652,383783,,2021-07-31,10,0,Zillow ZIP-level market for Mokelumne Hill; mapped with Census 2020 ZCTA 95245 in Calaveras County.,,,,
95246 Mountain Ranch,zcta,95246,Mountain Ranch,38.2497077,-120.488857,384815,,2021-07-31,10,0,Zillow ZIP-level market for Mountain Ranch; mapped with Census 2020 ZCTA 95246 in Calaveras County.,,,,
95255 West Point,zcta,95255,West Point,38.4198522,-120.4800231,288114,,2021-07-31,10,0,Zillow ZIP-level market for West Point; mapped with Census 2020 ZCTA 95255 in Calaveras County.,,,,
95254 Wallace,zcta,95254,Wallace,38.1998379,-120.9642416,570467,,2021-07-31,10,0,Zillow ZIP-level market for Wallace; mapped with Census 2020 ZCTA 95254 in Calaveras County.,,,,
95232 Glencoe,zcta,95232,Glencoe,38.3605261,-120.5772427,358378,,2021-07-31,10,0,Zillow ZIP-level market for Glencoe; mapped with Census 2020 ZCTA 95232 in Calaveras County.,,,,
95233 Murphys,zcta,95233,Murphys,38.1861875,-120.3685566,350134,,2021-07-31,10,0,Zillow ZIP-level market for Murphys; mapped with Census 2020 ZCTA 95233 in Calaveras County.,,,,
95257 Wilseyville,zcta,95257,Wilseyville,38.3799265,-120.4680167,292839,,2021-07-31,10,0,Zillow ZIP-level market for Wilseyville; mapped with Census 2020 ZCTA 95257 in Calaveras County.,,,,
95248 Mokelumne Hill,zcta,95248,Mokelumne Hill,38.3177091,-120.4611116,379384,,2021-07-31,10,0,Zillow ZIP-level market for Mokelumne Hill; mapped with Census 2020 ZCTA 95248 in Calaveras County.,,,,
95224 Murphys,zcta,95224,Murphys,38.2313239,-120.3226879,394590,,2021-07-31,10,0,Zillow ZIP-level market for Murphys; mapped with Census 2020 ZCTA 95224 in Calaveras County.,,,,
95225 Valley Springs,zcta,95225,Valley Springs,38.2025516,-120.8641483,583961,,2021-07-31,10,0,Zillow ZIP-level market for Valley Springs; mapped with Census 2020 ZCTA 95225 in Calaveras County.,,,,
95252 Valley Springs,zcta,95252,Valley Springs,38.1586282,-120.8432468,458673,,2021-08-31,10,0,Zillow ZIP-level market for Valley Springs; mapped with Census 2020 ZCTA 95252 in Calaveras County.,,,,
95222 Angels Camp,zcta,95222,Angels Camp,38.0513304,-120.5901733,467052,,2021-08-31,10,0,Zillow ZIP-level market for Angels Camp; mapped with Census 2020 ZCTA 95222 in Calaveras County.,,,,
95249 San Andreas,zcta,95249,San Andreas,38.1899501,-120.6195548,340702,,2021-08-31,10,0,Zillow ZIP-level market for San Andreas; mapped with Census 2020 ZCTA 95249 in Calaveras County.,,,,
95228 Copperopolis,zcta,95228,Copperopolis,37.9072653,-120.6883275,517564,,2021-08-31,10,0,Zillow ZIP-level market for Copperopolis; mapped with Census 2020 ZCTA 95228 in Calaveras County.,,,,
95247 Murphys,zcta,95247,Murphys,38.1360927,-120.4439416,496199,,2021-08-31,10,0,Zillow ZIP-level market for Murphys; mapped with Census 2020 ZCTA 95247 in Calaveras County.,,,,
95223 Avery,zcta,95223,Avery,38.4463225,-119.8129575,454810,,2021-08-31,10,0,Zillow ZIP-level market for Avery; mapped with Census 2020 ZCTA 95223 in Calaveras County.,,,,
95245 Mokelumne Hill,zcta,95245,Mokelumne Hill,38.3027468,-120.6094652,387473,,2021-08-31,10,0,Zillow ZIP-level market for Mokelumne Hill; mapped with Census 2020 ZCTA 95245 in Calaveras County.,,,,
95246 Mountain Ranch,zcta,95246,Mountain Ranch,38.2497077,-120.488857,387287,,2021-08-31,10,0,Zillow ZIP-level market for Mountain Ranch; mapped with Census 2020 ZCTA 95246 in Calaveras County.,,,,
95255 West Point,zcta,95255,West Point,38.4198522,-120.4800231,293255,,2021-08-31,10,0,Zillow ZIP-level market for West Point; mapped with Census 2020 ZCTA 95255 in Calaveras County.,,,,
95254 Wallace,zcta,95254,Wallace,38.1998379,-120.9642416,579773,,2021-08-31,10,0,Zillow ZIP-level market for Wallace; mapped with Census 2020 ZCTA 95254 in Calaveras County.,,,,
95232 Glencoe,zcta,95232,Glencoe,38.3605261,-120.5772427,361036,,2021-08-31,10,0,Zillow ZIP-level market for Glencoe; mapped with Census 2020 ZCTA 95232 in Calaveras County.,,,,
95233 Murphys,zcta,95233,Murphys,38.1861875,-120.3685566,356844,,2021-08-31,10,0,Zillow ZIP-level market for Murphys; mapped with Census 2020 ZCTA 95233 in Calaveras County.,,,,
95257 Wilseyville,zcta,95257,Wilseyville,38.3799265,-120.4680167,296458,,2021-08-31,10,0,Zillow ZIP-level market for Wilseyville; mapped with Census 2020 ZCTA 95257 in Calaveras County.,,,,
95248 Mokelumne Hill,zcta,95248,Mokelumne Hill,38.3177091,-120.4611116,383681,,2021-08-31,10,0,Zillow ZIP-level market for Mokelumne Hill; mapped with Census 2020 ZCTA 95248 in Calaveras County.,,,,
95224 Murphys,zcta,95224,Murphys,38.2313239,-120.3226879,402215,,2021-08-31,10,0,Zillow ZIP-level market for Murphys; mapped with Census 2020 ZCTA 95224 in Calaveras County.,,,,
95225 Valley Springs,zcta,95225,Valley Springs,38.2025516,-120.8641483,588288,,2021-08-31,10,0,Zillow ZIP-level market for Valley Springs; mapped with Census 2020 ZCTA 95225 in Calaveras County.,,,,
95252 Valley Springs,zcta,95252,Valley Springs,38.1586282,-120.8432468,464098,,2021-09-30,10,0,Zillow ZIP-level market for Valley Springs; mapped with Census 2020 ZCTA 95252 in Calaveras County.,,,,
95222 Angels Camp,zcta,95222,Angels Camp,38.0513304,-120.5901733,471692,,2021-09-30,10,0,Zillow ZIP-level market for Angels Camp; mapped with Census 2020 ZCTA 95222 in Calaveras County.,,,,
95249 San Andreas,zcta,95249,San Andreas,38.1899501,-120.6195548,344316,,2021-09-30,10,0,Zillow ZIP-level market for San Andreas; mapped with Census 2020 ZCTA 95249 in Calaveras County.,,,,
95228 Copperopolis,zcta,95228,Copperopolis,37.9072653,-120.6883275,523012,,2021-09-30,10,0,Zillow ZIP-level market for Copperopolis; mapped with Census 2020 ZCTA 95228 in Calaveras County.,,,,
95247 Murphys,zcta,95247,Murphys,38.1360927,-120.4439416,500490,,2021-09-30,10,0,Zillow ZIP-level market for Murphys; mapped with Census 2020 ZCTA 95247 in Calaveras County.,,,,
95223 Avery,zcta,95223,Avery,38.4463225,-119.8129575,460889,,2021-09-30,10,0,Zillow ZIP-level market for Avery; mapped with Census 2020 ZCTA 95223 in Calaveras County.,,,,
95245 Mokelumne Hill,zcta,95245,Mokelumne Hill,38.3027468,-120.6094652,389549,,2021-09-30,10,0,Zillow ZIP-level market for Mokelumne Hill; mapped with Census 2020 ZCTA 95245 in Calaveras County.,,,,
95246 Mountain Ranch,zcta,95246,Mountain Ranch,38.2497077,-120.488857,386550,,2021-09-30,10,0,Zillow ZIP-level market for Mountain Ranch; mapped with Census 2020 ZCTA 95246 in Calaveras County.,,,,
95255 West Point,zcta,95255,West Point,38.4198522,-120.4800231,295387,,2021-09-30,10,0,Zillow ZIP-level market for West Point; mapped with Census 2020 ZCTA 95255 in Calaveras County.,,,,
95254 Wallace,zcta,95254,Wallace,38.1998379,-120.9642416,585349,,2021-09-30,10,0,Zillow ZIP-level market for Wallace; mapped with Census 2020 ZCTA 95254 in Calaveras County.,,,,
95232 Glencoe,zcta,95232,Glencoe,38.3605261,-120.5772427,363202,,2021-09-30,10,0,Zillow ZIP-level market for Glencoe; mapped with Census 2020 ZCTA 95232 in Calaveras County.,,,,
95233 Murphys,zcta,95233,Murphys,38.1861875,-120.3685566,361392,,2021-09-30,10,0,Zillow ZIP-level market for Murphys; mapped with Census 2020 ZCTA 95233 in Calaveras County.,,,,
95257 Wilseyville,zcta,95257,Wilseyville,38.3799265,-120.4680167,297679,,2021-09-30,10,0,Zillow ZIP-level market for Wilseyville; mapped with Census 2020 ZCTA 95257 in Calaveras County.,,,,
95248 Mokelumne Hill,zcta,95248,Mokelumne Hill,38.3177091,-120.4611116,383345,,2021-09-30,10,0,Zillow ZIP-level market for Mokelumne Hill; mapped with Census 2020 ZCTA 95248 in Calaveras County.,,,,
95224 Murphys,zcta,95224,Murphys,38.2313239,-120.3226879,406610,,2021-09-30,10,0,Zillow ZIP-level market for Murphys; mapped with Census 2020 ZCTA 95224 in Calaveras County.,,,,
95225 Valley Springs,zcta,95225,Valley Springs,38.2025516,-120.8641483,586923,,2021-09-30,10,0,Zillow ZIP-level market for Valley Springs; mapped with Census 2020 ZCTA 95225 in Calaveras County.,,,,
95252 Valley Springs,zcta,95252,Valley Springs,38.1586282,-120.8432468,467181,,2021-10-31,10,0,Zillow ZIP-level market for Valley Springs; mapped with Census 2020 ZCTA 95252 in Calaveras County.,,,,
95222 Angels Camp,zcta,95222,Angels Camp,38.0513304,-120.5901733,473650,,2021-10-31,10,0,Zillow ZIP-level market for Angels Camp; mapped with Census 2020 ZCTA 95222 in Calaveras County.,,,,
95249 San Andreas,zcta,95249,San Andreas,38.1899501,-120.6195548,346541,,2021-10-31,10,0,Zillow ZIP-level market for San Andreas; mapped with Census 2020 ZCTA 95249 in Calaveras County.,,,,
95228 Copperopolis,zcta,95228,Copperopolis,37.9072653,-120.6883275,527168,,2021-10-31,10,0,Zillow ZIP-level market for Copperopolis; mapped with Census 2020 ZCTA 95228 in Calaveras County.,,,,
95247 Murphys,zcta,95247,Murphys,38.1360927,-120.4439416,501600,,2021-10-31,10,0,Zillow ZIP-level market for Murphys; mapped with Census 2020 ZCTA 95247 in Calaveras County.,,,,
95223 Avery,zcta,95223,Avery,38.4463225,-119.8129575,462863,,2021-10-31,10,0,Zillow ZIP-level market for Avery; mapped with Census 2020 ZCTA 95223 in Calaveras County.,,,,
95245 Mokelumne Hill,zcta,95245,Mokelumne Hill,38.3027468,-120.6094652,390176,,2021-10-31,10,0,Zillow ZIP-level market for Mokelumne Hill; mapped with Census 2020 ZCTA 95245 in Calaveras County.,,,,
95246 Mountain Ranch,zcta,95246,Mountain Ranch,38.2497077,-120.488857,384496,,2021-10-31,10,0,Zillow ZIP-level market for Mountain Ranch; mapped with Census 2020 ZCTA 95246 in Calaveras County.,,,,
95255 West Point,zcta,95255,West Point,38.4198522,-120.4800231,295367,,2021-10-31,10,0,Zillow ZIP-level market for West Point; mapped with Census 2020 ZCTA 95255 in Calaveras County.,,,,
95254 Wallace,zcta,95254,Wallace,38.1998379,-120.9642416,586541,,2021-10-31,10,0,Zillow ZIP-level market for Wallace; mapped with Census 2020 ZCTA 95254 in Calaveras County.,,,,
95232 Glencoe,zcta,95232,Glencoe,38.3605261,-120.5772427,364435,,2021-10-31,10,0,Zillow ZIP-level market for Glencoe; mapped with Census 2020 ZCTA 95232 in Calaveras County.,,,,
95233 Murphys,zcta,95233,Murphys,38.1861875,-120.3685566,363431,,2021-10-31,10,0,Zillow ZIP-level market for Murphys; mapped with Census 2020 ZCTA 95233 in Calaveras County.,,,,
95257 Wilseyville,zcta,95257,Wilseyville,38.3799265,-120.4680167,297562,,2021-10-31,10,0,Zillow ZIP-level market for Wilseyville; mapped with Census 2020 ZCTA 95257 in Calaveras County.,,,,
95248 Mokelumne Hill,zcta,95248,Mokelumne Hill,38.3177091,-120.4611116,379658,,2021-10-31,10,0,Zillow ZIP-level market for Mokelumne Hill; mapped with Census 2020 ZCTA 95248 in Calaveras County.,,,,
95224 Murphys,zcta,95224,Murphys,38.2313239,-120.3226879,408170,,2021-10-31,10,0,Zillow ZIP-level market for Murphys; mapped with Census 2020 ZCTA 95224 in Calaveras County.,,,,
95225 Valley Springs,zcta,95225,Valley Springs,38.2025516,-120.8641483,582948,,2021-10-31,10,0,Zillow ZIP-level market for Valley Springs; mapped with Census 2020 ZCTA 95225 in Calaveras County.,,,,
95252 Valley Springs,zcta,95252,Valley Springs,38.1586282,-120.8432468,469328,,2021-11-30,10,0,Zillow ZIP-level market for Valley Springs; mapped with Census 2020 ZCTA 95252 in Calaveras County.,,,,
95222 Angels Camp,zcta,95222,Angels Camp,38.0513304,-120.5901733,475110,,2021-11-30,10,0,Zillow ZIP-level market for Angels Camp; mapped with Census 2020 ZCTA 95222 in Calaveras County.,,,,
95249 San Andreas,zcta,95249,San Andreas,38.1899501,-120.6195548,348380,,2021-11-30,10,0,Zillow ZIP-level market for San Andreas; mapped with Census 2020 ZCTA 95249 in Calaveras County.,,,,
95228 Copperopolis,zcta,95228,Copperopolis,37.9072653,-120.6883275,531239,,2021-11-30,10,0,Zillow ZIP-level market for Copperopolis; mapped with Census 2020 ZCTA 95228 in Calaveras County.,,,,
95247 Murphys,zcta,95247,Murphys,38.1360927,-120.4439416,502372,,2021-11-30,10,0,Zillow ZIP-level market for Murphys; mapped with Census 2020 ZCTA 95247 in Calaveras County.,,,,
95223 Avery,zcta,95223,Avery,38.4463225,-119.8129575,463906,,2021-11-30,10,0,Zillow ZIP-level market for Avery; mapped with Census 2020 ZCTA 95223 in Calaveras County.,,,,
95245 Mokelumne Hill,zcta,95245,Mokelumne Hill,38.3027468,-120.6094652,389375,,2021-11-30,10,0,Zillow ZIP-level market for Mokelumne Hill; mapped with Census 2020 ZCTA 95245 in Calaveras County.,,,,
95246 Mountain Ranch,zcta,95246,Mountain Ranch,38.2497077,-120.488857,381906,,2021-11-30,10,0,Zillow ZIP-level market for Mountain Ranch; mapped with Census 2020 ZCTA 95246 in Calaveras County.,,,,
95255 West Point,zcta,95255,West Point,38.4198522,-120.4800231,294841,,2021-11-30,10,0,Zillow ZIP-level market for West Point; mapped with Census 2020 ZCTA 95255 in Calaveras County.,,,,
95254 Wallace,zcta,95254,Wallace,38.1998379,-120.9642416,586815,,2021-11-30,10,0,Zillow ZIP-level market for Wallace; mapped with Census 2020 ZCTA 95254 in Calaveras County.,,,,
95232 Glencoe,zcta,95232,Glencoe,38.3605261,-120.5772427,364411,,2021-11-30,10,0,Zillow ZIP-level market for Glencoe; mapped with Census 2020 ZCTA 95232 in Calaveras County.,,,,
95233 Murphys,zcta,95233,Murphys,38.1861875,-120.3685566,364915,,2021-11-30,10,0,Zillow ZIP-level market for Murphys; mapped with Census 2020 ZCTA 95233 in Calaveras County.,,,,
95257 Wilseyville,zcta,95257,Wilseyville,38.3799265,-120.4680167,297437,,2021-11-30,10,0,Zillow ZIP-level market for Wilseyville; mapped with Census 2020 ZCTA 95257 in Calaveras County.,,,,
95248 Mokelumne Hill,zcta,95248,Mokelumne Hill,38.3177091,-120.4611116,374469,,2021-11-30,10,0,Zillow ZIP-level market for Mokelumne Hill; mapped with Census 2020 ZCTA 95248 in Calaveras County.,,,,
95224 Murphys,zcta,95224,Murphys,38.2313239,-120.3226879,408313,,2021-11-30,10,0,Zillow ZIP-level market for Murphys; mapped with Census 2020 ZCTA 95224 in Calaveras County.,,,,
95225 Valley Springs,zcta,95225,Valley Springs,38.2025516,-120.8641483,579431,,2021-11-30,10,0,Zillow ZIP-level market for Valley Springs; mapped with Census 2020 ZCTA 95225 in Calaveras County.,,,,
95252 Valley Springs,zcta,95252,Valley Springs,38.1586282,-120.8432468,471844,,2021-12-31,10,0,Zillow ZIP-level market for Valley Springs; mapped with Census 2020 ZCTA 95252 in Calaveras County.,,,,
95222 Angels Camp,zcta,95222,Angels Camp,38.0513304,-120.5901733,476972,,2021-12-31,10,0,Zillow ZIP-level market for Angels Camp; mapped with Census 2020 ZCTA 95222 in Calaveras County.,,,,
95249 San Andreas,zcta,95249,San Andreas,38.1899501,-120.6195548,350654,,2021-12-31,10,0,Zillow ZIP-level market for San Andreas; mapped with Census 2020 ZCTA 95249 in Calaveras County.,,,,
95228 Copperopolis,zcta,95228,Copperopolis,37.9072653,-120.6883275,534711,,2021-12-31,10,0,Zillow ZIP-level market for Copperopolis; mapped with Census 2020 ZCTA 95228 in Calaveras County.,,,,
95247 Murphys,zcta,95247,Murphys,38.1360927,-120.4439416,503916,,2021-12-31,10,0,Zillow ZIP-level market for Murphys; mapped with Census 2020 ZCTA 95247 in Calaveras County.,,,,
95223 Avery,zcta,95223,Avery,38.4463225,-119.8129575,465617,,2021-12-31,10,0,Zillow ZIP-level market for Avery; mapped with Census 2020 ZCTA 95223 in Calaveras County.,,,,
95245 Mokelumne Hill,zcta,95245,Mokelumne Hill,38.3027468,-120.6094652,389514,,2021-12-31,10,0,Zillow ZIP-level market for Mokelumne Hill; mapped with Census 2020 ZCTA 95245 in Calaveras County.,,,,
95246 Mountain Ranch,zcta,95246,Mountain Ranch,38.2497077,-120.488857,380242,,2021-12-31,10,0,Zillow ZIP-level market for Mountain Ranch; mapped with Census 2020 ZCTA 95246 in Calaveras County.,,,,
95255 West Point,zcta,95255,West Point,38.4198522,-120.4800231,295168,,2021-12-31,10,0,Zillow ZIP-level market for West Point; mapped with Census 2020 ZCTA 95255 in Calaveras County.,,,,
95254 Wallace,zcta,95254,Wallace,38.1998379,-120.9642416,588142,,2021-12-31,10,0,Zillow ZIP-level market for Wallace; mapped with Census 2020 ZCTA 95254 in Calaveras County.,,,,
95232 Glencoe,zcta,95232,Glencoe,38.3605261,-120.5772427,363735,,2021-12-31,10,0,Zillow ZIP-level market for Glencoe; mapped with Census 2020 ZCTA 95232 in Calaveras County.,,,,
95233 Murphys,zcta,95233,Murphys,38.1861875,-120.3685566,366652,,2021-12-31,10,0,Zillow ZIP-level market for Murphys; mapped with Census 2020 ZCTA 95233 in Calaveras County.,,,,
95257 Wilseyville,zcta,95257,Wilseyville,38.3799265,-120.4680167,297540,,2021-12-31,10,0,Zillow ZIP-level market for Wilseyville; mapped with Census 2020 ZCTA 95257 in Calaveras County.,,,,
95248 Mokelumne Hill,zcta,95248,Mokelumne Hill,38.3177091,-120.4611116,370201,,2021-12-31,10,0,Zillow ZIP-level market for Mokelumne Hill; mapped with Census 2020 ZCTA 95248 in Calaveras County.,,,,
95224 Murphys,zcta,95224,Murphys,38.2313239,-120.3226879,409057,,2021-12-31,10,0,Zillow ZIP-level market for Murphys; mapped with Census 2020 ZCTA 95224 in Calaveras County.,,,,
95225 Valley Springs,zcta,95225,Valley Springs,38.2025516,-120.8641483,578632,,2021-12-31,10,0,Zillow ZIP-level market for Valley Springs; mapped with Census 2020 ZCTA 95225 in Calaveras County.,,,,
95252 Valley Springs,zcta,95252,Valley Springs,38.1586282,-120.8432468,475698,,2022-01-31,10,0,Zillow ZIP-level market for Valley Springs; mapped with Census 2020 ZCTA 95252 in Calaveras County.,,,,
95222 Angels Camp,zcta,95222,Angels Camp,38.0513304,-120.5901733,481482,,2022-01-31,10,0,Zillow ZIP-level market for Angels Camp; mapped with Census 2020 ZCTA 95222 in Calaveras County.,,,,
95249 San Andreas,zcta,95249,San Andreas,38.1899501,-120.6195548,355022,,2022-01-31,10,0,Zillow ZIP-level market for San Andreas; mapped with Census 2020 ZCTA 95249 in Calaveras County.,,,,
95228 Copperopolis,zcta,95228,Copperopolis,37.9072653,-120.6883275,540089,,2022-01-31,10,0,Zillow ZIP-level market for Copperopolis; mapped with Census 2020 ZCTA 95228 in Calaveras County.,,,,
95247 Murphys,zcta,95247,Murphys,38.1360927,-120.4439416,508435,,2022-01-31,10,0,Zillow ZIP-level market for Murphys; mapped with Census 2020 ZCTA 95247 in Calaveras County.,,,,
95223 Avery,zcta,95223,Avery,38.4463225,-119.8129575,471280,,2022-01-31,10,0,Zillow ZIP-level market for Avery; mapped with Census 2020 ZCTA 95223 in Calaveras County.,,,,
95245 Mokelumne Hill,zcta,95245,Mokelumne Hill,38.3027468,-120.6094652,391274,,2022-01-31,10,0,Zillow ZIP-level market for Mokelumne Hill; mapped with Census 2020 ZCTA 95245 in Calaveras County.,,,,
95246 Mountain Ranch,zcta,95246,Mountain Ranch,38.2497077,-120.488857,382009,,2022-01-31,10,0,Zillow ZIP-level market for Mountain Ranch; mapped with Census 2020 ZCTA 95246 in Calaveras County.,,,,
95255 West Point,zcta,95255,West Point,38.4198522,-120.4800231,297961,,2022-01-31,10,0,Zillow ZIP-level market for West Point; mapped with Census 2020 ZCTA 95255 in Calaveras County.,,,,
95254 Wallace,zcta,95254,Wallace,38.1998379,-120.9642416,593808,,2022-01-31,10,0,Zillow ZIP-level market for Wallace; mapped with Census 2020 ZCTA 95254 in Calaveras County.,,,,
95232 Glencoe,zcta,95232,Glencoe,38.3605261,-120.5772427,365442,,2022-01-31,10,0,Zillow ZIP-level market for Glencoe; mapped with Census 2020 ZCTA 95232 in Calaveras County.,,,,
95233 Murphys,zcta,95233,Murphys,38.1861875,-120.3685566,370137,,2022-01-31,10,0,Zillow ZIP-level market for Murphys; mapped with Census 2020 ZCTA 95233 in Calaveras County.,,,,
95257 Wilseyville,zcta,95257,Wilseyville,38.3799265,-120.4680167,300224,,2022-01-31,10,0,Zillow ZIP-level market for Wilseyville; mapped with Census 2020 ZCTA 95257 in Calaveras County.,,,,
95248 Mokelumne Hill,zcta,95248,Mokelumne Hill,38.3177091,-120.4611116,369172,,2022-01-31,10,0,Zillow ZIP-level market for Mokelumne Hill; mapped with Census 2020 ZCTA 95248 in Calaveras County.,,,,
95224 Murphys,zcta,95224,Murphys,38.2313239,-120.3226879,411743,,2022-01-31,10,0,Zillow ZIP-level market for Murphys; mapped with Census 2020 ZCTA 95224 in Calaveras County.,,,,
95225 Valley Springs,zcta,95225,Valley Springs,38.2025516,-120.8641483,584591,,2022-01-31,10,0,Zillow ZIP-level market for Valley Springs; mapped with Census 2020 ZCTA 95225 in Calaveras County.,,,,
95252 Valley Springs,zcta,95252,Valley Springs,38.1586282,-120.8432468,480451,,2022-02-28,10,0,Zillow ZIP-level market for Valley Springs; mapped with Census 2020 ZCTA 95252 in Calaveras County.,,,,
95222 Angels Camp,zcta,95222,Angels Camp,38.0513304,-120.5901733,487871,,2022-02-28,10,0,Zillow ZIP-level market for Angels Camp; mapped with Census 2020 ZCTA 95222 in Calaveras County.,,,,
95249 San Andreas,zcta,95249,San Andreas,38.1899501,-120.6195548,360596,,2022-02-28,10,0,Zillow ZIP-level market for San Andreas; mapped with Census 2020 ZCTA 95249 in Calaveras County.,,,,
95228 Copperopolis,zcta,95228,Copperopolis,37.9072653,-120.6883275,547529,,2022-02-28,10,0,Zillow ZIP-level market for Copperopolis; mapped with Census 2020 ZCTA 95228 in Calaveras County.,,,,
95247 Murphys,zcta,95247,Murphys,38.1360927,-120.4439416,514352,,2022-02-28,10,0,Zillow ZIP-level market for Murphys; mapped with Census 2020 ZCTA 95247 in Calaveras County.,,,,
95223 Avery,zcta,95223,Avery,38.4463225,-119.8129575,478370,,2022-02-28,10,0,Zillow ZIP-level market for Avery; mapped with Census 2020 ZCTA 95223 in Calaveras County.,,,,
95245 Mokelumne Hill,zcta,95245,Mokelumne Hill,38.3027468,-120.6094652,394737,,2022-02-28,10,0,Zillow ZIP-level market for Mokelumne Hill; mapped with Census 2020 ZCTA 95245 in Calaveras County.,,,,
95246 Mountain Ranch,zcta,95246,Mountain Ranch,38.2497077,-120.488857,386018,,2022-02-28,10,0,Zillow ZIP-level market for Mountain Ranch; mapped with Census 2020 ZCTA 95246 in Calaveras County.,,,,
95255 West Point,zcta,95255,West Point,38.4198522,-120.4800231,302753,,2022-02-28,10,0,Zillow ZIP-level market for West Point; mapped with Census 2020 ZCTA 95255 in Calaveras County.,,,,
95254 Wallace,zcta,95254,Wallace,38.1998379,-120.9642416,601407,,2022-02-28,10,0,Zillow ZIP-level market for Wallace; mapped with Census 2020 ZCTA 95254 in Calaveras County.,,,,
95232 Glencoe,zcta,95232,Glencoe,38.3605261,-120.5772427,369370,,2022-02-28,10,0,Zillow ZIP-level market for Glencoe; mapped with Census 2020 ZCTA 95232 in Calaveras County.,,,,
95233 Murphys,zcta,95233,Murphys,38.1861875,-120.3685566,374722,,2022-02-28,10,0,Zillow ZIP-level market for Murphys; mapped with Census 2020 ZCTA 95233 in Calaveras County.,,,,
95257 Wilseyville,zcta,95257,Wilseyville,38.3799265,-120.4680167,304941,,2022-02-28,10,0,Zillow ZIP-level market for Wilseyville; mapped with Census 2020 ZCTA 95257 in Calaveras County.,,,,
95248 Mokelumne Hill,zcta,95248,Mokelumne Hill,38.3177091,-120.4611116,371007,,2022-02-28,10,0,Zillow ZIP-level market for Mokelumne Hill; mapped with Census 2020 ZCTA 95248 in Calaveras County.,,,,
95224 Murphys,zcta,95224,Murphys,38.2313239,-120.3226879,415530,,2022-02-28,10,0,Zillow ZIP-level market for Murphys; mapped with Census 2020 ZCTA 95224 in Calaveras County.,,,,
95225 Valley Springs,zcta,95225,Valley Springs,38.2025516,-120.8641483,594757,,2022-02-28,10,0,Zillow ZIP-level market for Valley Springs; mapped with Census 2020 ZCTA 95225 in Calaveras County.,,,,
95252 Valley Springs,zcta,95252,Valley Springs,38.1586282,-120.8432468,486159,,2022-03-31,10,0,Zillow ZIP-level market for Valley Springs; mapped with Census 2020 ZCTA 95252 in Calaveras County.,,,,
95222 Angels Camp,zcta,95222,Angels Camp,38.0513304,-120.5901733,496917,,2022-03-31,10,0,Zillow ZIP-level market for Angels Camp; mapped with Census 2020 ZCTA 95222 in Calaveras County.,,,,
95249 San Andreas,zcta,95249,San Andreas,38.1899501,-120.6195548,366341,,2022-03-31,10,0,Zillow ZIP-level market for San Andreas; mapped with Census 2020 ZCTA 95249 in Calaveras County.,,,,
95228 Copperopolis,zcta,95228,Copperopolis,37.9072653,-120.6883275,557229,,2022-03-31,10,0,Zillow ZIP-level market for Copperopolis; mapped with Census 2020 ZCTA 95228 in Calaveras County.,,,,
95247 Murphys,zcta,95247,Murphys,38.1360927,-120.4439416,522590,,2022-03-31,10,0,Zillow ZIP-level market for Murphys; mapped with Census 2020 ZCTA 95247 in Calaveras County.,,,,
95223 Avery,zcta,95223,Avery,38.4463225,-119.8129575,487805,,2022-03-31,10,0,Zillow ZIP-level market for Avery; mapped with Census 2020 ZCTA 95223 in Calaveras County.,,,,
95245 Mokelumne Hill,zcta,95245,Mokelumne Hill,38.3027468,-120.6094652,399356,,2022-03-31,10,0,Zillow ZIP-level market for Mokelumne Hill; mapped with Census 2020 ZCTA 95245 in Calaveras County.,,,,
95246 Mountain Ranch,zcta,95246,Mountain Ranch,38.2497077,-120.488857,391906,,2022-03-31,10,0,Zillow ZIP-level market for Mountain Ranch; mapped with Census 2020 ZCTA 95246 in Calaveras County.,,,,
95255 West Point,zcta,95255,West Point,38.4198522,-120.4800231,308475,,2022-03-31,10,0,Zillow ZIP-level market for West Point; mapped with Census 2020 ZCTA 95255 in Calaveras County.,,,,
95254 Wallace,zcta,95254,Wallace,38.1998379,-120.9642416,611004,,2022-03-31,10,0,Zillow ZIP-level market for Wallace; mapped with Census 2020 ZCTA 95254 in Calaveras County.,,,,
95232 Glencoe,zcta,95232,Glencoe,38.3605261,-120.5772427,374032,,2022-03-31,10,0,Zillow ZIP-level market for Glencoe; mapped with Census 2020 ZCTA 95232 in Calaveras County.,,,,
95233 Murphys,zcta,95233,Murphys,38.1861875,-120.3685566,380970,,2022-03-31,10,0,Zillow ZIP-level market for Murphys; mapped with Census 2020 ZCTA 95233 in Calaveras County.,,,,
95257 Wilseyville,zcta,95257,Wilseyville,38.3799265,-120.4680167,310322,,2022-03-31,10,0,Zillow ZIP-level market for Wilseyville; mapped with Census 2020 ZCTA 95257 in Calaveras County.,,,,
95248 Mokelumne Hill,zcta,95248,Mokelumne Hill,38.3177091,-120.4611116,375202,,2022-03-31,10,0,Zillow ZIP-level market for Mokelumne Hill; mapped with Census 2020 ZCTA 95248 in Calaveras County.,,,,
95224 Murphys,zcta,95224,Murphys,38.2313239,-120.3226879,421571,,2022-03-31,10,0,Zillow ZIP-level market for Murphys; mapped with Census 2020 ZCTA 95224 in Calaveras County.,,,,
95225 Valley Springs,zcta,95225,Valley Springs,38.2025516,-120.8641483,609351,,2022-03-31,10,0,Zillow ZIP-level market for Valley Springs; mapped with Census 2020 ZCTA 95225 in Calaveras County.,,,,
95252 Valley Springs,zcta,95252,Valley Springs,38.1586282,-120.8432468,492021,,2022-04-30,10,0,Zillow ZIP-level market for Valley Springs; mapped with Census 2020 ZCTA 95252 in Calaveras County.,,,,
95222 Angels Camp,zcta,95222,Angels Camp,38.0513304,-120.5901733,506106,,2022-04-30,10,0,Zillow ZIP-level market for Angels Camp; mapped with Census 2020 ZCTA 95222 in Calaveras County.,,,,
95249 San Andreas,zcta,95249,San Andreas,38.1899501,-120.6195548,370987,,2022-04-30,10,0,Zillow ZIP-level market for San Andreas; mapped with Census 2020 ZCTA 95249 in Calaveras County.,,,,
95228 Copperopolis,zcta,95228,Copperopolis,37.9072653,-120.6883275,567039,,2022-04-30,10,0,Zillow ZIP-level market for Copperopolis; mapped with Census 2020 ZCTA 95228 in Calaveras County.,,,,
95247 Murphys,zcta,95247,Murphys,38.1360927,-120.4439416,530069,,2022-04-30,10,0,Zillow ZIP-level market for Murphys; mapped with Census 2020 ZCTA 95247 in Calaveras County.,,,,
95223 Avery,zcta,95223,Avery,38.4463225,-119.8129575,497307,,2022-04-30,10,0,Zillow ZIP-level market for Avery; mapped with Census 2020 ZCTA 95223 in Calaveras County.,,,,
95245 Mokelumne Hill,zcta,95245,Mokelumne Hill,38.3027468,-120.6094652,404442,,2022-04-30,10,0,Zillow ZIP-level market for Mokelumne Hill; mapped with Census 2020 ZCTA 95245 in Calaveras County.,,,,
95246 Mountain Ranch,zcta,95246,Mountain Ranch,38.2497077,-120.488857,398304,,2022-04-30,10,0,Zillow ZIP-level market for Mountain Ranch; mapped with Census 2020 ZCTA 95246 in Calaveras County.,,,,
95255 West Point,zcta,95255,West Point,38.4198522,-120.4800231,313034,,2022-04-30,10,0,Zillow ZIP-level market for West Point; mapped with Census 2020 ZCTA 95255 in Calaveras County.,,,,
95254 Wallace,zcta,95254,Wallace,38.1998379,-120.9642416,619522,,2022-04-30,10,0,Zillow ZIP-level market for Wallace; mapped with Census 2020 ZCTA 95254 in Calaveras County.,,,,
95232 Glencoe,zcta,95232,Glencoe,38.3605261,-120.5772427,378191,,2022-04-30,10,0,Zillow ZIP-level market for Glencoe; mapped with Census 2020 ZCTA 95232 in Calaveras County.,,,,
95233 Murphys,zcta,95233,Murphys,38.1861875,-120.3685566,386767,,2022-04-30,10,0,Zillow ZIP-level market for Murphys; mapped with Census 2020 ZCTA 95233 in Calaveras County.,,,,
95257 Wilseyville,zcta,95257,Wilseyville,38.3799265,-120.4680167,314518,,2022-04-30,10,0,Zillow ZIP-level market for Wilseyville; mapped with Census 2020 ZCTA 95257 in Calaveras County.,,,,
95248 Mokelumne Hill,zcta,95248,Mokelumne Hill,38.3177091,-120.4611116,380109,,2022-04-30,10,0,Zillow ZIP-level market for Mokelumne Hill; mapped with Census 2020 ZCTA 95248 in Calaveras County.,,,,
95224 Murphys,zcta,95224,Murphys,38.2313239,-120.3226879,427195,,2022-04-30,10,0,Zillow ZIP-level market for Murphys; mapped with Census 2020 ZCTA 95224 in Calaveras County.,,,,
95225 Valley Springs,zcta,95225,Valley Springs,38.2025516,-120.8641483,624051,,2022-04-30,10,0,Zillow ZIP-level market for Valley Springs; mapped with Census 2020 ZCTA 95225 in Calaveras County.,,,,
95252 Valley Springs,zcta,95252,Valley Springs,38.1586282,-120.8432468,497471,,2022-05-31,10,0,Zillow ZIP-level market for Valley Springs; mapped with Census 2020 ZCTA 95252 in Calaveras County.,,,,
95222 Angels Camp,zcta,95222,Angels Camp,38.0513304,-120.5901733,512957,,2022-05-31,10,0,Zillow ZIP-level market for Angels Camp; mapped with Census 2020 ZCTA 95222 in Calaveras County.,,,,
95249 San Andreas,zcta,95249,San Andreas,38.1899501,-120.6195548,375259,,2022-05-31,10,0,Zillow ZIP-level market for San Andreas; mapped with Census 2020 ZCTA 95249 in Calaveras County.,,,,
95228 Copperopolis,zcta,95228,Copperopolis,37.9072653,-120.6883275,575879,,2022-05-31,10,0,Zillow ZIP-level market for Copperopolis; mapped with Census 2020 ZCTA 95228 in Calaveras County.,,,,
95247 Murphys,zcta,95247,Murphys,38.1360927,-120.4439416,537264,,2022-05-31,10,0,Zillow ZIP-level market for Murphys; mapped with Census 2020 ZCTA 95247 in Calaveras County.,,,,
95223 Avery,zcta,95223,Avery,38.4463225,-119.8129575,506931,,2022-05-31,10,0,Zillow ZIP-level market for Avery; mapped with Census 2020 ZCTA 95223 in Calaveras County.,,,,
95245 Mokelumne Hill,zcta,95245,Mokelumne Hill,38.3027468,-120.6094652,408660,,2022-05-31,10,0,Zillow ZIP-level market for Mokelumne Hill; mapped with Census 2020 ZCTA 95245 in Calaveras County.,,,,
95246 Mountain Ranch,zcta,95246,Mountain Ranch,38.2497077,-120.488857,404140,,2022-05-31,10,0,Zillow ZIP-level market for Mountain Ranch; mapped with Census 2020 ZCTA 95246 in Calaveras County.,,,,
95255 West Point,zcta,95255,West Point,38.4198522,-120.4800231,315825,,2022-05-31,10,0,Zillow ZIP-level market for West Point; mapped with Census 2020 ZCTA 95255 in Calaveras County.,,,,
95254 Wallace,zcta,95254,Wallace,38.1998379,-120.9642416,626560,,2022-05-31,10,0,Zillow ZIP-level market for Wallace; mapped with Census 2020 ZCTA 95254 in Calaveras County.,,,,
95232 Glencoe,zcta,95232,Glencoe,38.3605261,-120.5772427,380907,,2022-05-31,10,0,Zillow ZIP-level market for Glencoe; mapped with Census 2020 ZCTA 95232 in Calaveras County.,,,,
95233 Murphys,zcta,95233,Murphys,38.1861875,-120.3685566,391470,,2022-05-31,10,0,Zillow ZIP-level market for Murphys; mapped with Census 2020 ZCTA 95233 in Calaveras County.,,,,
95257 Wilseyville,zcta,95257,Wilseyville,38.3799265,-120.4680167,316579,,2022-05-31,10,0,Zillow ZIP-level market for Wilseyville; mapped with Census 2020 ZCTA 95257 in Calaveras County.,,,,
95248 Mokelumne Hill,zcta,95248,Mokelumne Hill,38.3177091,-120.4611116,384065,,2022-05-31,10,0,Zillow ZIP-level market for Mokelumne Hill; mapped with Census 2020 ZCTA 95248 in Calaveras County.,,,,
95224 Murphys,zcta,95224,Murphys,38.2313239,-120.3226879,432617,,2022-05-31,10,0,Zillow ZIP-level market for Murphys; mapped with Census 2020 ZCTA 95224 in Calaveras County.,,,,
95225 Valley Springs,zcta,95225,Valley Springs,38.2025516,-120.8641483,636550,,2022-05-31,10,0,Zillow ZIP-level market for Valley Springs; mapped with Census 2020 ZCTA 95225 in Calaveras County.,,,,
95252 Valley Springs,zcta,95252,Valley Springs,38.1586282,-120.8432468,501268,,2022-06-30,10,0,Zillow ZIP-level market for Valley Springs; mapped with Census 2020 ZCTA 95252 in Calaveras County.,,,,
95222 Angels Camp,zcta,95222,Angels Camp,38.0513304,-120.5901733,515771,,2022-06-30,10,0,Zillow ZIP-level market for Angels Camp; mapped with Census 2020 ZCTA 95222 in Calaveras County.,,,,
95249 San Andreas,zcta,95249,San Andreas,38.1899501,-120.6195548,378852,,2022-06-30,10,0,Zillow ZIP-level market for San Andreas; mapped with Census 2020 ZCTA 95249 in Calaveras County.,,,,
95228 Copperopolis,zcta,95228,Copperopolis,37.9072653,-120.6883275,582905,,2022-06-30,10,0,Zillow ZIP-level market for Copperopolis; mapped with Census 2020 ZCTA 95228 in Calaveras County.,,,,
95247 Murphys,zcta,95247,Murphys,38.1360927,-120.4439416,541751,,2022-06-30,10,0,Zillow ZIP-level market for Murphys; mapped with Census 2020 ZCTA 95247 in Calaveras County.,,,,
95223 Avery,zcta,95223,Avery,38.4463225,-119.8129575,513720,,2022-06-30,10,0,Zillow ZIP-level market for Avery; mapped with Census 2020 ZCTA 95223 in Calaveras County.,,,,
95245 Mokelumne Hill,zcta,95245,Mokelumne Hill,38.3027468,-120.6094652,411684,,2022-06-30,10,0,Zillow ZIP-level market for Mokelumne Hill; mapped with Census 2020 ZCTA 95245 in Calaveras County.,,,,
95246 Mountain Ranch,zcta,95246,Mountain Ranch,38.2497077,-120.488857,408142,,2022-06-30,10,0,Zillow ZIP-level market for Mountain Ranch; mapped with Census 2020 ZCTA 95246 in Calaveras County.,,,,
95255 West Point,zcta,95255,West Point,38.4198522,-120.4800231,317623,,2022-06-30,10,0,Zillow ZIP-level market for West Point; mapped with Census 2020 ZCTA 95255 in Calaveras County.,,,,
95254 Wallace,zcta,95254,Wallace,38.1998379,-120.9642416,630970,,2022-06-30,10,0,Zillow ZIP-level market for Wallace; mapped with Census 2020 ZCTA 95254 in Calaveras County.,,,,
95232 Glencoe,zcta,95232,Glencoe,38.3605261,-120.5772427,383183,,2022-06-30,10,0,Zillow ZIP-level market for Glencoe; mapped with Census 2020 ZCTA 95232 in Calaveras County.,,,,
95233 Murphys,zcta,95233,Murphys,38.1861875,-120.3685566,394207,,2022-06-30,10,0,Zillow ZIP-level market for Murphys; mapped with Census 2020 ZCTA 95233 in Calaveras County.,,,,
95257 Wilseyville,zcta,95257,Wilseyville,38.3799265,-120.4680167,317812,,2022-06-30,10,0,Zillow ZIP-level market for Wilseyville; mapped with Census 2020 ZCTA 95257 in Calaveras County.,,,,
95248 Mokelumne Hill,zcta,95248,Mokelumne Hill,38.3177091,-120.4611116,386576,,2022-06-30,10,0,Zillow ZIP-level market for Mokelumne Hill; mapped with Census 2020 ZCTA 95248 in Calaveras County.,,,,
95224 Murphys,zcta,95224,Murphys,38.2313239,-120.3226879,435518,,2022-06-30,10,0,Zillow ZIP-level market for Murphys; mapped with Census 2020 ZCTA 95224 in Calaveras County.,,,,
95225 Valley Springs,zcta,95225,Valley Springs,38.2025516,-120.8641483,644863,,2022-06-30,10,0,Zillow ZIP-level market for Valley Springs; mapped with Census 2020 ZCTA 95225 in Calaveras County.,,,,
95252 Valley Springs,zcta,95252,Valley Springs,38.1586282,-120.8432468,501577,,2022-07-31,10,0,Zillow ZIP-level market for Valley Springs; mapped with Census 2020 ZCTA 95252 in Calaveras County.,,,,
95222 Angels Camp,zcta,95222,Angels Camp,38.0513304,-120.5901733,513383,,2022-07-31,10,0,Zillow ZIP-level market for Angels Camp; mapped with Census 2020 ZCTA 95222 in Calaveras County.,,,,
95249 San Andreas,zcta,95249,San Andreas,38.1899501,-120.6195548,379833,,2022-07-31,10,0,Zillow ZIP-level market for San Andreas; mapped with Census 2020 ZCTA 95249 in Calaveras County.,,,,
95228 Copperopolis,zcta,95228,Copperopolis,37.9072653,-120.6883275,584205,,2022-07-31,10,0,Zillow ZIP-level market for Copperopolis; mapped with Census 2020 ZCTA 95228 in Calaveras County.,,,,
95247 Murphys,zcta,95247,Murphys,38.1360927,-120.4439416,542472,,2022-07-31,10,0,Zillow ZIP-level market for Murphys; mapped with Census 2020 ZCTA 95247 in Calaveras County.,,,,
95223 Avery,zcta,95223,Avery,38.4463225,-119.8129575,515126,,2022-07-31,10,0,Zillow ZIP-level market for Avery; mapped with Census 2020 ZCTA 95223 in Calaveras County.,,,,
95245 Mokelumne Hill,zcta,95245,Mokelumne Hill,38.3027468,-120.6094652,411133,,2022-07-31,10,0,Zillow ZIP-level market for Mokelumne Hill; mapped with Census 2020 ZCTA 95245 in Calaveras County.,,,,
95246 Mountain Ranch,zcta,95246,Mountain Ranch,38.2497077,-120.488857,406357,,2022-07-31,10,0,Zillow ZIP-level market for Mountain Ranch; mapped with Census 2020 ZCTA 95246 in Calaveras County.,,,,
95255 West Point,zcta,95255,West Point,38.4198522,-120.4800231,317629,,2022-07-31,10,0,Zillow ZIP-level market for West Point; mapped with Census 2020 ZCTA 95255 in Calaveras County.,,,,
95254 Wallace,zcta,95254,Wallace,38.1998379,-120.9642416,629875,,2022-07-31,10,0,Zillow ZIP-level market for Wallace; mapped with Census 2020 ZCTA 95254 in Calaveras County.,,,,
95232 Glencoe,zcta,95232,Glencoe,38.3605261,-120.5772427,381501,,2022-07-31,10,0,Zillow ZIP-level market for Glencoe; mapped with Census 2020 ZCTA 95232 in Calaveras County.,,,,
95233 Murphys,zcta,95233,Murphys,38.1861875,-120.3685566,394865,,2022-07-31,10,0,Zillow ZIP-level market for Murphys; mapped with Census 2020 ZCTA 95233 in Calaveras County.,,,,
95257 Wilseyville,zcta,95257,Wilseyville,38.3799265,-120.4680167,316647,,2022-07-31,10,0,Zillow ZIP-level market for Wilseyville; mapped with Census 2020 ZCTA 95257 in Calaveras County.,,,,
95248 Mokelumne Hill,zcta,95248,Mokelumne Hill,38.3177091,-120.4611116,384743,,2022-07-31,10,0,Zillow ZIP-level market for Mokelumne Hill; mapped with Census 2020 ZCTA 95248 in Calaveras County.,,,,
95224 Murphys,zcta,95224,Murphys,38.2313239,-120.3226879,435535,,2022-07-31,10,0,Zillow ZIP-level market for Murphys; mapped with Census 2020 ZCTA 95224 in Calaveras County.,,,,
95225 Valley Springs,zcta,95225,Valley Springs,38.2025516,-120.8641483,644400,,2022-07-31,10,0,Zillow ZIP-level market for Valley Springs; mapped with Census 2020 ZCTA 95225 in Calaveras County.,,,,
95252 Valley Springs,zcta,95252,Valley Springs,38.1586282,-120.8432468,498235,,2022-08-31,10,0,Zillow ZIP-level market for Valley Springs; mapped with Census 2020 ZCTA 95252 in Calaveras County.,,,,
95222 Angels Camp,zcta,95222,Angels Camp,38.0513304,-120.5901733,506972,,2022-08-31,10,0,Zillow ZIP-level market for Angels Camp; mapped with Census 2020 ZCTA 95222 in Calaveras County.,,,,
95249 San Andreas,zcta,95249,San Andreas,38.1899501,-120.6195548,378194,,2022-08-31,10,0,Zillow ZIP-level market for San Andreas; mapped with Census 2020 ZCTA 95249 in Calaveras County.,,,,
95228 Copperopolis,zcta,95228,Copperopolis,37.9072653,-120.6883275,579845,,2022-08-31,10,0,Zillow ZIP-level market for Copperopolis; mapped with Census 2020 ZCTA 95228 in Calaveras County.,,,,
95247 Murphys,zcta,95247,Murphys,38.1360927,-120.4439416,539238,,2022-08-31,10,0,Zillow ZIP-level market for Murphys; mapped with Census 2020 ZCTA 95247 in Calaveras County.,,,,
95223 Avery,zcta,95223,Avery,38.4463225,-119.8129575,510844,,2022-08-31,10,0,Zillow ZIP-level market for Avery; mapped with Census 2020 ZCTA 95223 in Calaveras County.,,,,
95245 Mokelumne Hill,zcta,95245,Mokelumne Hill,38.3027468,-120.6094652,407971,,2022-08-31,10,0,Zillow ZIP-level market for Mokelumne Hill; mapped with Census 2020 ZCTA 95245 in Calaveras County.,,,,
95246 Mountain Ranch,zcta,95246,Mountain Ranch,38.2497077,-120.488857,401201,,2022-08-31,10,0,Zillow ZIP-level market for Mountain Ranch; mapped with Census 2020 ZCTA 95246 in Calaveras County.,,,,
95255 West Point,zcta,95255,West Point,38.4198522,-120.4800231,316218,,2022-08-31,10,0,Zillow ZIP-level market for West Point; mapped with Census 2020 ZCTA 95255 in Calaveras County.,,,,
95254 Wallace,zcta,95254,Wallace,38.1998379,-120.9642416,624226,,2022-08-31,10,0,Zillow ZIP-level market for Wallace; mapped with Census 2020 ZCTA 95254 in Calaveras County.,,,,
95232 Glencoe,zcta,95232,Glencoe,38.3605261,-120.5772427,377552,,2022-08-31,10,0,Zillow ZIP-level market for Glencoe; mapped with Census 2020 ZCTA 95232 in Calaveras County.,,,,
95233 Murphys,zcta,95233,Murphys,38.1861875,-120.3685566,394074,,2022-08-31,10,0,Zillow ZIP-level market for Murphys; mapped with Census 2020 ZCTA 95233 in Calaveras County.,,,,
95257 Wilseyville,zcta,95257,Wilseyville,38.3799265,-120.4680167,313521,,2022-08-31,10,0,Zillow ZIP-level market for Wilseyville; mapped with Census 2020 ZCTA 95257 in Calaveras County.,,,,
95248 Mokelumne Hill,zcta,95248,Mokelumne Hill,38.3177091,-120.4611116,380980,,2022-08-31,10,0,Zillow ZIP-level market for Mokelumne Hill; mapped with Census 2020 ZCTA 95248 in Calaveras County.,,,,
95224 Murphys,zcta,95224,Murphys,38.2313239,-120.3226879,432410,,2022-08-31,10,0,Zillow ZIP-level market for Murphys; mapped with Census 2020 ZCTA 95224 in Calaveras County.,,,,
95225 Valley Springs,zcta,95225,Valley Springs,38.2025516,-120.8641483,637082,,2022-08-31,10,0,Zillow ZIP-level market for Valley Springs; mapped with Census 2020 ZCTA 95225 in Calaveras County.,,,,
95252 Valley Springs,zcta,95252,Valley Springs,38.1586282,-120.8432468,492087,,2022-09-30,10,0,Zillow ZIP-level market for Valley Springs; mapped with Census 2020 ZCTA 95252 in Calaveras County.,,,,
95222 Angels Camp,zcta,95222,Angels Camp,38.0513304,-120.5901733,498584,,2022-09-30,10,0,Zillow ZIP-level market for Angels Camp; mapped with Census 2020 ZCTA 95222 in Calaveras County.,,,,
95249 San Andreas,zcta,95249,San Andreas,38.1899501,-120.6195548,374756,,2022-09-30,10,0,Zillow ZIP-level market for San Andreas; mapped with Census 2020 ZCTA 95249 in Calaveras County.,,,,
95228 Copperopolis,zcta,95228,Copperopolis,37.9072653,-120.6883275,570389,,2022-09-30,10,0,Zillow ZIP-level market for Copperopolis; mapped with Census 2020 ZCTA 95228 in Calaveras County.,,,,
95247 Murphys,zcta,95247,Murphys,38.1360927,-120.4439416,533021,,2022-09-30,10,0,Zillow ZIP-level market for Murphys; mapped with Census 2020 ZCTA 95247 in Calaveras County.,,,,
95223 Avery,zcta,95223,Avery,38.4463225,-119.8129575,502711,,2022-09-30,10,0,Zillow ZIP-level market for Avery; mapped with Census 2020 ZCTA 95223 in Calaveras County.,,,,
95245 Mokelumne Hill,zcta,95245,Mokelumne Hill,38.3027468,-120.6094652,402108,,2022-09-30,10,0,Zillow ZIP-level market for Mokelumne Hill; mapped with Census 2020 ZCTA 95245 in Calaveras County.,,,,
95246 Mountain Ranch,zcta,95246,Mountain Ranch,38.2497077,-120.488857,393121,,2022-09-30,10,0,Zillow ZIP-level market for Mountain Ranch; mapped with Census 2020 ZCTA 95246 in Calaveras County.,,,,
95255 West Point,zcta,95255,West Point,38.4198522,-120.4800231,313245,,2022-09-30,10,0,Zillow ZIP-level market for West Point; mapped with Census 2020 ZCTA 95255 in Calaveras County.,,,,
95254 Wallace,zcta,95254,Wallace,38.1998379,-120.9642416,614353,,2022-09-30,10,0,Zillow ZIP-level market for Wallace; mapped with Census 2020 ZCTA 95254 in Calaveras County.,,,,
95232 Glencoe,zcta,95232,Glencoe,38.3605261,-120.5772427,371003,,2022-09-30,10,0,Zillow ZIP-level market for Glencoe; mapped with Census 2020 ZCTA 95232 in Calaveras County.,,,,
95233 Murphys,zcta,95233,Murphys,38.1861875,-120.3685566,391645,,2022-09-30,10,0,Zillow ZIP-level market for Murphys; mapped with Census 2020 ZCTA 95233 in Calaveras County.,,,,
95257 Wilseyville,zcta,95257,Wilseyville,38.3799265,-120.4680167,308567,,2022-09-30,10,0,Zillow ZIP-level market for Wilseyville; mapped with Census 2020 ZCTA 95257 in Calaveras County.,,,,
95248 Mokelumne Hill,zcta,95248,Mokelumne Hill,38.3177091,-120.4611116,374641,,2022-09-30,10,0,Zillow ZIP-level market for Mokelumne Hill; mapped with Census 2020 ZCTA 95248 in Calaveras County.,,,,
95224 Murphys,zcta,95224,Murphys,38.2313239,-120.3226879,427006,,2022-09-30,10,0,Zillow ZIP-level market for Murphys; mapped with Census 2020 ZCTA 95224 in Calaveras County.,,,,
95225 Valley Springs,zcta,95225,Valley Springs,38.2025516,-120.8641483,624169,,2022-09-30,10,0,Zillow ZIP-level market for Valley Springs; mapped with Census 2020 ZCTA 95225 in Calaveras County.,,,,
95252 Valley Springs,zcta,95252,Valley Springs,38.1586282,-120.8432468,486090,,2022-10-31,10,0,Zillow ZIP-level market for Valley Springs; mapped with Census 2020 ZCTA 95252 in Calaveras County.,,,,
95222 Angels Camp,zcta,95222,Angels Camp,38.0513304,-120.5901733,491289,,2022-10-31,10,0,Zillow ZIP-level market for Angels Camp; mapped with Census 2020 ZCTA 95222 in Calaveras County.,,,,
95249 San Andreas,zcta,95249,San Andreas,38.1899501,-120.6195548,371188,,2022-10-31,10,0,Zillow ZIP-level market for San Andreas; mapped with Census 2020 ZCTA 95249 in Calaveras County.,,,,
95228 Copperopolis,zcta,95228,Copperopolis,37.9072653,-120.6883275,561787,,2022-10-31,10,0,Zillow ZIP-level market for Copperopolis; mapped with Census 2020 ZCTA 95228 in Calaveras County.,,,,
95247 Murphys,zcta,95247,Murphys,38.1360927,-120.4439416,527990,,2022-10-31,10,0,Zillow ZIP-level market for Murphys; mapped with Census 2020 ZCTA 95247 in Calaveras County.,,,,
95223 Avery,zcta,95223,Avery,38.4463225,-119.8129575,494986,,2022-10-31,10,0,Zillow ZIP-level market for Avery; mapped with Census 2020 ZCTA 95223 in Calaveras County.,,,,
95245 Mokelumne Hill,zcta,95245,Mokelumne Hill,38.3027468,-120.6094652,396470,,2022-10-31,10,0,Zillow ZIP-level market for Mokelumne Hill; mapped with Census 2020 ZCTA 95245 in Calaveras County.,,,,
95246 Mountain Ranch,zcta,95246,Mountain Ranch,38.2497077,-120.488857,385707,,2022-10-31,10,0,Zillow ZIP-level market for Mountain Ranch; mapped with Census 2020 ZCTA 95246 in Calaveras County.,,,,
95255 West Point,zcta,95255,West Point,38.4198522,-120.4800231,310625,,2022-10-31,10,0,Zillow ZIP-level market for West Point; mapped with Census 2020 ZCTA 95255 in Calaveras County.,,,,
95254 Wallace,zcta,95254,Wallace,38.1998379,-120.9642416,604876,,2022-10-31,10,0,Zillow ZIP-level market for Wallace; mapped with Census 2020 ZCTA 95254 in Calaveras County.,,,,
95232 Glencoe,zcta,95232,Glencoe,38.3605261,-120.5772427,365039,,2022-10-31,10,0,Zillow ZIP-level market for Glencoe; mapped with Census 2020 ZCTA 95232 in Calaveras County.,,,,
95233 Murphys,zcta,95233,Murphys,38.1861875,-120.3685566,389135,,2022-10-31,10,0,Zillow ZIP-level market for Murphys; mapped with Census 2020 ZCTA 95233 in Calaveras County.,,,,
95257 Wilseyville,zcta,95257,Wilseyville,38.3799265,-120.4680167,304056,,2022-10-31,10,0,Zillow ZIP-level market for Wilseyville; mapped with Census 2020 ZCTA 95257 in Calaveras County.,,,,
95248 Mokelumne Hill,zcta,95248,Mokelumne Hill,38.3177091,-120.4611116,369334,,2022-10-31,10,0,Zillow ZIP-level market for Mokelumne Hill; mapped with Census 2020 ZCTA 95248 in Calaveras County.,,,,
95224 Murphys,zcta,95224,Murphys,38.2313239,-120.3226879,422246,,2022-10-31,10,0,Zillow ZIP-level market for Murphys; mapped with Census 2020 ZCTA 95224 in Calaveras County.,,,,
95225 Valley Springs,zcta,95225,Valley Springs,38.2025516,-120.8641483,612580,,2022-10-31,10,0,Zillow ZIP-level market for Valley Springs; mapped with Census 2020 ZCTA 95225 in Calaveras County.,,,,
95252 Valley Springs,zcta,95252,Valley Springs,38.1586282,-120.8432468,480240,,2022-11-30,10,0,Zillow ZIP-level market for Valley Springs; mapped with Census 2020 ZCTA 95252 in Calaveras County.,,,,
95222 Angels Camp,zcta,95222,Angels Camp,38.0513304,-120.5901733,484732,,2022-11-30,10,0,Zillow ZIP-level market for Angels Camp; mapped with Census 2020 ZCTA 95222 in Calaveras County.,,,,
95249 San Andreas,zcta,95249,San Andreas,38.1899501,-120.6195548,366821,,2022-11-30,10,0,Zillow ZIP-level market for San Andreas; mapped with Census 2020 ZCTA 95249 in Calaveras County.,,,,
95228 Copperopolis,zcta,95228,Copperopolis,37.9072653,-120.6883275,554927,,2022-11-30,10,0,Zillow ZIP-level market for Copperopolis; mapped with Census 2020 ZCTA 95228 in Calaveras County.,,,,
95247 Murphys,zcta,95247,Murphys,38.1360927,-120.4439416,523169,,2022-11-30,10,0,Zillow ZIP-level market for Murphys; mapped with Census 2020 ZCTA 95247 in Calaveras County.,,,,
95223 Avery,zcta,95223,Avery,38.4463225,-119.8129575,488312,,2022-11-30,10,0,Zillow ZIP-level market for Avery; mapped with Census 2020 ZCTA 95223 in Calaveras County.,,,,
95245 Mokelumne Hill,zcta,95245,Mokelumne Hill,38.3027468,-120.6094652,390120,,2022-11-30,10,0,Zillow ZIP-level market for Mokelumne Hill; mapped with Census 2020 ZCTA 95245 in Calaveras County.,,,,
95246 Mountain Ranch,zcta,95246,Mountain Ranch,38.2497077,-120.488857,378418,,2022-11-30,10,0,Zillow ZIP-level market for Mountain Ranch; mapped with Census 2020 ZCTA 95246 in Calaveras County.,,,,
95255 West Point,zcta,95255,West Point,38.4198522,-120.4800231,307523,,2022-11-30,10,0,Zillow ZIP-level market for West Point; mapped with Census 2020 ZCTA 95255 in Calaveras County.,,,,
95254 Wallace,zcta,95254,Wallace,38.1998379,-120.9642416,596009,,2022-11-30,10,0,Zillow ZIP-level market for Wallace; mapped with Census 2020 ZCTA 95254 in Calaveras County.,,,,
95232 Glencoe,zcta,95232,Glencoe,38.3605261,-120.5772427,358476,,2022-11-30,10,0,Zillow ZIP-level market for Glencoe; mapped with Census 2020 ZCTA 95232 in Calaveras County.,,,,
95233 Murphys,zcta,95233,Murphys,38.1861875,-120.3685566,384601,,2022-11-30,10,0,Zillow ZIP-level market for Murphys; mapped with Census 2020 ZCTA 95233 in Calaveras County.,,,,
95257 Wilseyville,zcta,95257,Wilseyville,38.3799265,-120.4680167,300267,,2022-11-30,10,0,Zillow ZIP-level market for Wilseyville; mapped with Census 2020 ZCTA 95257 in Calaveras County.,,,,
95248 Mokelumne Hill,zcta,95248,Mokelumne Hill,38.3177091,-120.4611116,362833,,2022-11-30,10,0,Zillow ZIP-level market for Mokelumne Hill; mapped with Census 2020 ZCTA 95248 in Calaveras County.,,,,
95224 Murphys,zcta,95224,Murphys,38.2313239,-120.3226879,417607,,2022-11-30,10,0,Zillow ZIP-level market for Murphys; mapped with Census 2020 ZCTA 95224 in Calaveras County.,,,,
95225 Valley Springs,zcta,95225,Valley Springs,38.2025516,-120.8641483,600956,,2022-11-30,10,0,Zillow ZIP-level market for Valley Springs; mapped with Census 2020 ZCTA 95225 in Calaveras County.,,,,
95252 Valley Springs,zcta,95252,Valley Springs,38.1586282,-120.8432468,475349,,2022-12-31,10,0,Zillow ZIP-level market for Valley Springs; mapped with Census 2020 ZCTA 95252 in Calaveras County.,,,,
95222 Angels Camp,zcta,95222,Angels Camp,38.0513304,-120.5901733,478325,,2022-12-31,10,0,Zillow ZIP-level market for Angels Camp; mapped with Census 2020 ZCTA 95222 in Calaveras County.,,,,
95249 San Andreas,zcta,95249,San Andreas,38.1899501,-120.6195548,362476,,2022-12-31,10,0,Zillow ZIP-level market for San Andreas; mapped with Census 2020 ZCTA 95249 in Calaveras County.,,,,
95228 Copperopolis,zcta,95228,Copperopolis,37.9072653,-120.6883275,550746,,2022-12-31,10,0,Zillow ZIP-level market for Copperopolis; mapped with Census 2020 ZCTA 95228 in Calaveras County.,,,,
95247 Murphys,zcta,95247,Murphys,38.1360927,-120.4439416,518879,,2022-12-31,10,0,Zillow ZIP-level market for Murphys; mapped with Census 2020 ZCTA 95247 in Calaveras County.,,,,
95223 Avery,zcta,95223,Avery,38.4463225,-119.8129575,482074,,2022-12-31,10,0,Zillow ZIP-level market for Avery; mapped with Census 2020 ZCTA 95223 in Calaveras County.,,,,
95245 Mokelumne Hill,zcta,95245,Mokelumne Hill,38.3027468,-120.6094652,384075,,2022-12-31,10,0,Zillow ZIP-level market for Mokelumne Hill; mapped with Census 2020 ZCTA 95245 in Calaveras County.,,,,
95246 Mountain Ranch,zcta,95246,Mountain Ranch,38.2497077,-120.488857,373882,,2022-12-31,10,0,Zillow ZIP-level market for Mountain Ranch; mapped with Census 2020 ZCTA 95246 in Calaveras County.,,,,
95255 West Point,zcta,95255,West Point,38.4198522,-120.4800231,304520,,2022-12-31,10,0,Zillow ZIP-level market for West Point; mapped with Census 2020 ZCTA 95255 in Calaveras County.,,,,
95254 Wallace,zcta,95254,Wallace,38.1998379,-120.9642416,588993,,2022-12-31,10,0,Zillow ZIP-level market for Wallace; mapped with Census 2020 ZCTA 95254 in Calaveras County.,,,,
95232 Glencoe,zcta,95232,Glencoe,38.3605261,-120.5772427,352589,,2022-12-31,10,0,Zillow ZIP-level market for Glencoe; mapped with Census 2020 ZCTA 95232 in Calaveras County.,,,,
95233 Murphys,zcta,95233,Murphys,38.1861875,-120.3685566,378948,,2022-12-31,10,0,Zillow ZIP-level market for Murphys; mapped with Census 2020 ZCTA 95233 in Calaveras County.,,,,
95257 Wilseyville,zcta,95257,Wilseyville,38.3799265,-120.4680167,296819,,2022-12-31,10,0,Zillow ZIP-level market for Wilseyville; mapped with Census 2020 ZCTA 95257 in Calaveras County.,,,,
95248 Mokelumne Hill,zcta,95248,Mokelumne Hill,38.3177091,-120.4611116,357453,,2022-12-31,10,0,Zillow ZIP-level market for Mokelumne Hill; mapped with Census 2020 ZCTA 95248 in Calaveras County.,,,,
95224 Murphys,zcta,95224,Murphys,38.2313239,-120.3226879,412834,,2022-12-31,10,0,Zillow ZIP-level market for Murphys; mapped with Census 2020 ZCTA 95224 in Calaveras County.,,,,
95225 Valley Springs,zcta,95225,Valley Springs,38.2025516,-120.8641483,589123,,2022-12-31,10,0,Zillow ZIP-level market for Valley Springs; mapped with Census 2020 ZCTA 95225 in Calaveras County.,,,,
95252 Valley Springs,zcta,95252,Valley Springs,38.1586282,-120.8432468,471069,,2023-01-31,10,0,Zillow ZIP-level market for Valley Springs; mapped with Census 2020 ZCTA 95252 in Calaveras County.,,,,
95222 Angels Camp,zcta,95222,Angels Camp,38.0513304,-120.5901733,472035,,2023-01-31,10,0,Zillow ZIP-level market for Angels Camp; mapped with Census 2020 ZCTA 95222 in Calaveras County.,,,,
95249 San Andreas,zcta,95249,San Andreas,38.1899501,-120.6195548,358486,,2023-01-31,10,0,Zillow ZIP-level market for San Andreas; mapped with Census 2020 ZCTA 95249 in Calaveras County.,,,,
95228 Copperopolis,zcta,95228,Copperopolis,37.9072653,-120.6883275,547171,,2023-01-31,10,0,Zillow ZIP-level market for Copperopolis; mapped with Census 2020 ZCTA 95228 in Calaveras County.,,,,
95247 Murphys,zcta,95247,Murphys,38.1360927,-120.4439416,514038,,2023-01-31,10,0,Zillow ZIP-level market for Murphys; mapped with Census 2020 ZCTA 95247 in Calaveras County.,,,,
95223 Avery,zcta,95223,Avery,38.4463225,-119.8129575,476395,,2023-01-31,10,0,Zillow ZIP-level market for Avery; mapped with Census 2020 ZCTA 95223 in Calaveras County.,,,,
95245 Mokelumne Hill,zcta,95245,Mokelumne Hill,38.3027468,-120.6094652,379125,,2023-01-31,10,0,Zillow ZIP-level market for Mokelumne Hill; mapped with Census 2020 ZCTA 95245 in Calaveras County.,,,,
95246 Mountain Ranch,zcta,95246,Mountain Ranch,38.2497077,-120.488857,372595,,2023-01-31,10,0,Zillow ZIP-level market for Mountain Ranch; mapped with Census 2020 ZCTA 95246 in Calaveras County.,,,,
95255 West Point,zcta,95255,West Point,38.4198522,-120.4800231,301603,,2023-01-31,10,0,Zillow ZIP-level market for West Point; mapped with Census 2020 ZCTA 95255 in Calaveras County.,,,,
95254 Wallace,zcta,95254,Wallace,38.1998379,-120.9642416,583663,,2023-01-31,10,0,Zillow ZIP-level market for Wallace; mapped with Census 2020 ZCTA 95254 in Calaveras County.,,,,
95232 Glencoe,zcta,95232,Glencoe,38.3605261,-120.5772427,349371,,2023-01-31,10,0,Zillow ZIP-level market for Glencoe; mapped with Census 2020 ZCTA 95232 in Calaveras County.,,,,
95233 Murphys,zcta,95233,Murphys,38.1861875,-120.3685566,373203,,2023-01-31,10,0,Zillow ZIP-level market for Murphys; mapped with Census 2020 ZCTA 95233 in Calaveras County.,,,,
95257 Wilseyville,zcta,95257,Wilseyville,38.3799265,-120.4680167,294135,,2023-01-31,10,0,Zillow ZIP-level market for Wilseyville; mapped with Census 2020 ZCTA 95257 in Calaveras County.,,,,
95248 Mokelumne Hill,zcta,95248,Mokelumne Hill,38.3177091,-120.4611116,353349,,2023-01-31,10,0,Zillow ZIP-level market for Mokelumne Hill; mapped with Census 2020 ZCTA 95248 in Calaveras County.,,,,
95224 Murphys,zcta,95224,Murphys,38.2313239,-120.3226879,408366,,2023-01-31,10,0,Zillow ZIP-level market for Murphys; mapped with Census 2020 ZCTA 95224 in Calaveras County.,,,,
95225 Valley Springs,zcta,95225,Valley Springs,38.2025516,-120.8641483,575744,,2023-01-31,10,0,Zillow ZIP-level market for Valley Springs; mapped with Census 2020 ZCTA 95225 in Calaveras County.,,,,
95252 Valley Springs,zcta,95252,Valley Springs,38.1586282,-120.8432468,468237,,2023-02-28,10,0,Zillow ZIP-level market for Valley Springs; mapped with Census 2020 ZCTA 95252 in Calaveras County.,,,,
95222 Angels Camp,zcta,95222,Angels Camp,38.0513304,-120.5901733,466696,,2023-02-28,10,0,Zillow ZIP-level market for Angels Camp; mapped with Census 2020 ZCTA 95222 in Calaveras County.,,,,
95249 San Andreas,zcta,95249,San Andreas,38.1899501,-120.6195548,356084,,2023-02-28,10,0,Zillow ZIP-level market for San Andreas; mapped with Census 2020 ZCTA 95249 in Calaveras County.,,,,
95228 Copperopolis,zcta,95228,Copperopolis,37.9072653,-120.6883275,544649,,2023-02-28,10,0,Zillow ZIP-level market for Copperopolis; mapped with Census 2020 ZCTA 95228 in Calaveras County.,,,,
95247 Murphys,zcta,95247,Murphys,38.1360927,-120.4439416,510402,,2023-02-28,10,0,Zillow ZIP-level market for Murphys; mapped with Census 2020 ZCTA 95247 in Calaveras County.,,,,
95223 Avery,zcta,95223,Avery,38.4463225,-119.8129575,471866,,2023-02-28,10,0,Zillow ZIP-level market for Avery; mapped with Census 2020 ZCTA 95223 in Calaveras County.,,,,
95245 Mokelumne Hill,zcta,95245,Mokelumne Hill,38.3027468,-120.6094652,376443,,2023-02-28,10,0,Zillow ZIP-level market for Mokelumne Hill; mapped with Census 2020 ZCTA 95245 in Calaveras County.,,,,
95246 Mountain Ranch,zcta,95246,Mountain Ranch,38.2497077,-120.488857,373519,,2023-02-28,10,0,Zillow ZIP-level market for Mountain Ranch; mapped with Census 2020 ZCTA 95246 in Calaveras County.,,,,
95255 West Point,zcta,95255,West Point,38.4198522,-120.4800231,300004,,2023-02-28,10,0,Zillow ZIP-level market for West Point; mapped with Census 2020 ZCTA 95255 in Calaveras County.,,,,
95254 Wallace,zcta,95254,Wallace,38.1998379,-120.9642416,579841,,2023-02-28,10,0,Zillow ZIP-level market for Wallace; mapped with Census 2020 ZCTA 95254 in Calaveras County.,,,,
95232 Glencoe,zcta,95232,Glencoe,38.3605261,-120.5772427,348527,,2023-02-28,10,0,Zillow ZIP-level market for Glencoe; mapped with Census 2020 ZCTA 95232 in Calaveras County.,,,,
95233 Murphys,zcta,95233,Murphys,38.1861875,-120.3685566,370152,,2023-02-28,10,0,Zillow ZIP-level market for Murphys; mapped with Census 2020 ZCTA 95233 in Calaveras County.,,,,
95257 Wilseyville,zcta,95257,Wilseyville,38.3799265,-120.4680167,292685,,2023-02-28,10,0,Zillow ZIP-level market for Wilseyville; mapped with Census 2020 ZCTA 95257 in Calaveras County.,,,,
95248 Mokelumne Hill,zcta,95248,Mokelumne Hill,38.3177091,-120.4611116,352096,,2023-02-28,10,0,Zillow ZIP-level market for Mokelumne Hill; mapped with Census 2020 ZCTA 95248 in Calaveras County.,,,,
95224 Murphys,zcta,95224,Murphys,38.2313239,-120.3226879,405414,,2023-02-28,10,0,Zillow ZIP-level market for Murphys; mapped with Census 2020 ZCTA 95224 in Calaveras County.,,,,
95225 Valley Springs,zcta,95225,Valley Springs,38.2025516,-120.8641483,563139,,2023-02-28,10,0,Zillow ZIP-level market for Valley Springs; mapped with Census 2020 ZCTA 95225 in Calaveras County.,,,,
95252 Valley Springs,zcta,95252,Valley Springs,38.1586282,-120.8432468,467179,,2023-03-31,10,0,Zillow ZIP-level market for Valley Springs; mapped with Census 2020 ZCTA 95252 in Calaveras County.,,,,
95222 Angels Camp,zcta,95222,Angels Camp,38.0513304,-120.5901733,463859,,2023-03-31,10,0,Zillow ZIP-level market for Angels Camp; mapped with Census 2020 ZCTA 95222 in Calaveras County.,,,,
95249 San Andreas,zcta,95249,San Andreas,38.1899501,-120.6195548,355300,,2023-03-31,10,0,Zillow ZIP-level market for San Andreas; mapped with Census 2020 ZCTA 95249 in Calaveras County.,,,,
95228 Copperopolis,zcta,95228,Copperopolis,37.9072653,-120.6883275,542967,,2023-03-31,10,0,Zillow ZIP-level market for Copperopolis; mapped with Census 2020 ZCTA 95228 in Calaveras County.,,,,
95247 Murphys,zcta,95247,Murphys,38.1360927,-120.4439416,508742,,2023-03-31,10,0,Zillow ZIP-level market for Murphys; mapped with Census 2020 ZCTA 95247 in Calaveras County.,,,,
95223 Avery,zcta,95223,Avery,38.4463225,-119.8129575,468780,,2023-03-31,10,0,Zillow ZIP-level market for Avery; mapped with Census 2020 ZCTA 95223 in Calaveras County.,,,,
95245 Mokelumne Hill,zcta,95245,Mokelumne Hill,38.3027468,-120.6094652,376789,,2023-03-31,10,0,Zillow ZIP-level market for Mokelumne Hill; mapped with Census 2020 ZCTA 95245 in Calaveras County.,,,,
95246 Mountain Ranch,zcta,95246,Mountain Ranch,38.2497077,-120.488857,375841,,2023-03-31,10,0,Zillow ZIP-level market for Mountain Ranch; mapped with Census 2020 ZCTA 95246 in Calaveras County.,,,,
95255 West Point,zcta,95255,West Point,38.4198522,-120.4800231,299951,,2023-03-31,10,0,Zillow ZIP-level market for West Point; mapped with Census 2020 ZCTA 95255 in Calaveras County.,,,,
95254 Wallace,zcta,95254,Wallace,38.1998379,-120.9642416,578548,,2023-03-31,10,0,Zillow ZIP-level market for Wallace; mapped with Census 2020 ZCTA 95254 in Calaveras County.,,,,
95232 Glencoe,zcta,95232,Glencoe,38.3605261,-120.5772427,350072,,2023-03-31,10,0,Zillow ZIP-level market for Glencoe; mapped with Census 2020 ZCTA 95232 in Calaveras County.,,,,
95233 Murphys,zcta,95233,Murphys,38.1861875,-120.3685566,369357,,2023-03-31,10,0,Zillow ZIP-level market for Murphys; mapped with Census 2020 ZCTA 95233 in Calaveras County.,,,,
95257 Wilseyville,zcta,95257,Wilseyville,38.3799265,-120.4680167,292922,,2023-03-31,10,0,Zillow ZIP-level market for Wilseyville; mapped with Census 2020 ZCTA 95257 in Calaveras County.,,,,
95248 Mokelumne Hill,zcta,95248,Mokelumne Hill,38.3177091,-120.4611116,353488,,2023-03-31,10,0,Zillow ZIP-level market for Mokelumne Hill; mapped with Census 2020 ZCTA 95248 in Calaveras County.,,,,
95224 Murphys,zcta,95224,Murphys,38.2313239,-120.3226879,404411,,2023-03-31,10,0,Zillow ZIP-level market for Murphys; mapped with Census 2020 ZCTA 95224 in Calaveras County.,,,,
95225 Valley Springs,zcta,95225,Valley Springs,38.2025516,-120.8641483,557472,,2023-03-31,10,0,Zillow ZIP-level market for Valley Springs; mapped with Census 2020 ZCTA 95225 in Calaveras County.,,,,
95252 Valley Springs,zcta,95252,Valley Springs,38.1586282,-120.8432468,467657,,2023-04-30,10,0,Zillow ZIP-level market for Valley Springs; mapped with Census 2020 ZCTA 95252 in Calaveras County.,,,,
95222 Angels Camp,zcta,95222,Angels Camp,38.0513304,-120.5901733,463313,,2023-04-30,10,0,Zillow ZIP-level market for Angels Camp; mapped with Census 2020 ZCTA 95222 in Calaveras County.,,,,
95249 San Andreas,zcta,95249,San Andreas,38.1899501,-120.6195548,356228,,2023-04-30,10,0,Zillow ZIP-level market for San Andreas; mapped with Census 2020 ZCTA 95249 in Calaveras County.,,,,
95228 Copperopolis,zcta,95228,Copperopolis,37.9072653,-120.6883275,543145,,2023-04-30,10,0,Zillow ZIP-level market for Copperopolis; mapped with Census 2020 ZCTA 95228 in Calaveras County.,,,,
95247 Murphys,zcta,95247,Murphys,38.1360927,-120.4439416,508026,,2023-04-30,10,0,Zillow ZIP-level market for Murphys; mapped with Census 2020 ZCTA 95247 in Calaveras County.,,,,
95223 Avery,zcta,95223,Avery,38.4463225,-119.8129575,466421,,2023-04-30,10,0,Zillow ZIP-level market for Avery; mapped with Census 2020 ZCTA 95223 in Calaveras County.,,,,
95245 Mokelumne Hill,zcta,95245,Mokelumne Hill,38.3027468,-120.6094652,378979,,2023-04-30,10,0,Zillow ZIP-level market for Mokelumne Hill; mapped with Census 2020 ZCTA 95245 in Calaveras County.,,,,
95246 Mountain Ranch,zcta,95246,Mountain Ranch,38.2497077,-120.488857,380495,,2023-04-30,10,0,Zillow ZIP-level market for Mountain Ranch; mapped with Census 2020 ZCTA 95246 in Calaveras County.,,,,
95255 West Point,zcta,95255,West Point,38.4198522,-120.4800231,301030,,2023-04-30,10,0,Zillow ZIP-level market for West Point; mapped with Census 2020 ZCTA 95255 in Calaveras County.,,,,
95254 Wallace,zcta,95254,Wallace,38.1998379,-120.9642416,580030,,2023-04-30,10,0,Zillow ZIP-level market for Wallace; mapped with Census 2020 ZCTA 95254 in Calaveras County.,,,,
95232 Glencoe,zcta,95232,Glencoe,38.3605261,-120.5772427,352516,,2023-04-30,10,0,Zillow ZIP-level market for Glencoe; mapped with Census 2020 ZCTA 95232 in Calaveras County.,,,,
95233 Murphys,zcta,95233,Murphys,38.1861875,-120.3685566,368694,,2023-04-30,10,0,Zillow ZIP-level market for Murphys; mapped with Census 2020 ZCTA 95233 in Calaveras County.,,,,
95257 Wilseyville,zcta,95257,Wilseyville,38.3799265,-120.4680167,294233,,2023-04-30,10,0,Zillow ZIP-level market for Wilseyville; mapped with Census 2020 ZCTA 95257 in Calaveras County.,,,,
95248 Mokelumne Hill,zcta,95248,Mokelumne Hill,38.3177091,-120.4611116,357316,,2023-04-30,10,0,Zillow ZIP-level market for Mokelumne Hill; mapped with Census 2020 ZCTA 95248 in Calaveras County.,,,,
95224 Murphys,zcta,95224,Murphys,38.2313239,-120.3226879,404467,,2023-04-30,10,0,Zillow ZIP-level market for Murphys; mapped with Census 2020 ZCTA 95224 in Calaveras County.,,,,
95225 Valley Springs,zcta,95225,Valley Springs,38.2025516,-120.8641483,559349,,2023-04-30,10,0,Zillow ZIP-level market for Valley Springs; mapped with Census 2020 ZCTA 95225 in Calaveras County.,,,,
95252 Valley Springs,zcta,95252,Valley Springs,38.1586282,-120.8432468,468916,,2023-05-31,10,0,Zillow ZIP-level market for Valley Springs; mapped with Census 2020 ZCTA 95252 in Calaveras County.,,,,
95222 Angels Camp,zcta,95222,Angels Camp,38.0513304,-120.5901733,464684,,2023-05-31,10,0,Zillow ZIP-level market for Angels Camp; mapped with Census 2020 ZCTA 95222 in Calaveras County.,,,,
95249 San Andreas,zcta,95249,San Andreas,38.1899501,-120.6195548,357726,,2023-05-31,10,0,Zillow ZIP-level market for San Andreas; mapped with Census 2020 ZCTA 95249 in Calaveras County.,,,,
95228 Copperopolis,zcta,95228,Copperopolis,37.9072653,-120.6883275,543931,,2023-05-31,10,0,Zillow ZIP-level market for Copperopolis; mapped with Census 2020 ZCTA 95228 in Calaveras County.,,,,
95247 Murphys,zcta,95247,Murphys,38.1360927,-120.4439416,508052,,2023-05-31,10,0,Zillow ZIP-level market for Murphys; mapped with Census 2020 ZCTA 95247 in Calaveras County.,,,,
95223 Avery,zcta,95223,Avery,38.4463225,-119.8129575,464455,,2023-05-31,10,0,Zillow ZIP-level market for Avery; mapped with Census 2020 ZCTA 95223 in Calaveras County.,,,,
95245 Mokelumne Hill,zcta,95245,Mokelumne Hill,38.3027468,-120.6094652,381840,,2023-05-31,10,0,Zillow ZIP-level market for Mokelumne Hill; mapped with Census 2020 ZCTA 95245 in Calaveras County.,,,,
95246 Mountain Ranch,zcta,95246,Mountain Ranch,38.2497077,-120.488857,386343,,2023-05-31,10,0,Zillow ZIP-level market for Mountain Ranch; mapped with Census 2020 ZCTA 95246 in Calaveras County.,,,,
95255 West Point,zcta,95255,West Point,38.4198522,-120.4800231,302163,,2023-05-31,10,0,Zillow ZIP-level market for West Point; mapped with Census 2020 ZCTA 95255 in Calaveras County.,,,,
95254 Wallace,zcta,95254,Wallace,38.1998379,-120.9642416,583241,,2023-05-31,10,0,Zillow ZIP-level market for Wallace; mapped with Census 2020 ZCTA 95254 in Calaveras County.,,,,
95232 Glencoe,zcta,95232,Glencoe,38.3605261,-120.5772427,355126,,2023-05-31,10,0,Zillow ZIP-level market for Glencoe; mapped with Census 2020 ZCTA 95232 in Calaveras County.,,,,
95233 Murphys,zcta,95233,Murphys,38.1861875,-120.3685566,367803,,2023-05-31,10,0,Zillow ZIP-level market for Murphys; mapped with Census 2020 ZCTA 95233 in Calaveras County.,,,,
95257 Wilseyville,zcta,95257,Wilseyville,38.3799265,-120.4680167,295672,,2023-05-31,10,0,Zillow ZIP-level market for Wilseyville; mapped with Census 2020 ZCTA 95257 in Calaveras County.,,,,
95248 Mokelumne Hill,zcta,95248,Mokelumne Hill,38.3177091,-120.4611116,361053,,2023-05-31,10,0,Zillow ZIP-level market for Mokelumne Hill; mapped with Census 2020 ZCTA 95248 in Calaveras County.,,,,
95224 Murphys,zcta,95224,Murphys,38.2313239,-120.3226879,404695,,2023-05-31,10,0,Zillow ZIP-level market for Murphys; mapped with Census 2020 ZCTA 95224 in Calaveras County.,,,,
95225 Valley Springs,zcta,95225,Valley Springs,38.2025516,-120.8641483,565921,,2023-05-31,10,0,Zillow ZIP-level market for Valley Springs; mapped with Census 2020 ZCTA 95225 in Calaveras County.,,,,
95252 Valley Springs,zcta,95252,Valley Springs,38.1586282,-120.8432468,469877,,2023-06-30,10,0,Zillow ZIP-level market for Valley Springs; mapped with Census 2020 ZCTA 95252 in Calaveras County.,,,,
95222 Angels Camp,zcta,95222,Angels Camp,38.0513304,-120.5901733,466299,,2023-06-30,10,0,Zillow ZIP-level market for Angels Camp; mapped with Census 2020 ZCTA 95222 in Calaveras County.,,,,
95249 San Andreas,zcta,95249,San Andreas,38.1899501,-120.6195548,358831,,2023-06-30,10,0,Zillow ZIP-level market for San Andreas; mapped with Census 2020 ZCTA 95249 in Calaveras County.,,,,
95228 Copperopolis,zcta,95228,Copperopolis,37.9072653,-120.6883275,545120,,2023-06-30,10,0,Zillow ZIP-level market for Copperopolis; mapped with Census 2020 ZCTA 95228 in Calaveras County.,,,,
95247 Murphys,zcta,95247,Murphys,38.1360927,-120.4439416,508567,,2023-06-30,10,0,Zillow ZIP-level market for Murphys; mapped with Census 2020 ZCTA 95247 in Calaveras County.,,,,
95223 Avery,zcta,95223,Avery,38.4463225,-119.8129575,463050,,2023-06-30,10,0,Zillow ZIP-level market for Avery; mapped with Census 2020 ZCTA 95223 in Calaveras County.,,,,
95245 Mokelumne Hill,zcta,95245,Mokelumne Hill,38.3027468,-120.6094652,383361,,2023-06-30,10,0,Zillow ZIP-level market for Mokelumne Hill; mapped with Census 2020 ZCTA 95245 in Calaveras County.,,,,
95246 Mountain Ranch,zcta,95246,Mountain Ranch,38.2497077,-120.488857,390558,,2023-06-30,10,0,Zillow ZIP-level market for Mountain Ranch; mapped with Census 2020 ZCTA 95246 in Calaveras County.,,,,
95255 West Point,zcta,95255,West Point,38.4198522,-120.4800231,302507,,2023-06-30,10,0,Zillow ZIP-level market for West Point; mapped with Census 2020 ZCTA 95255 in Calaveras County.,,,,
95254 Wallace,zcta,95254,Wallace,38.1998379,-120.9642416,585941,,2023-06-30,10,0,Zillow ZIP-level market for Wallace; mapped with Census 2020 ZCTA 95254 in Calaveras County.,,,,
95232 Glencoe,zcta,95232,Glencoe,38.3605261,-120.5772427,356228,,2023-06-30,10,0,Zillow ZIP-level market for Glencoe; mapped with Census 2020 ZCTA 95232 in Calaveras County.,,,,
95233 Murphys,zcta,95233,Murphys,38.1861875,-120.3685566,367494,,2023-06-30,10,0,Zillow ZIP-level market for Murphys; mapped with Census 2020 ZCTA 95233 in Calaveras County.,,,,
95257 Wilseyville,zcta,95257,Wilseyville,38.3799265,-120.4680167,296441,,2023-06-30,10,0,Zillow ZIP-level market for Wilseyville; mapped with Census 2020 ZCTA 95257 in Calaveras County.,,,,
95248 Mokelumne Hill,zcta,95248,Mokelumne Hill,38.3177091,-120.4611116,363030,,2023-06-30,10,0,Zillow ZIP-level market for Mokelumne Hill; mapped with Census 2020 ZCTA 95248 in Calaveras County.,,,,
95224 Murphys,zcta,95224,Murphys,38.2313239,-120.3226879,405460,,2023-06-30,10,0,Zillow ZIP-level market for Murphys; mapped with Census 2020 ZCTA 95224 in Calaveras County.,,,,
95225 Valley Springs,zcta,95225,Valley Springs,38.2025516,-120.8641483,570532,,2023-06-30,10,0,Zillow ZIP-level market for Valley Springs; mapped with Census 2020 ZCTA 95225 in Calaveras County.,,,,
95252 Valley Springs,zcta,95252,Valley Springs,38.1586282,-120.8432468,471060,,2023-07-31,10,0,Zillow ZIP-level market for Valley Springs; mapped with Census 2020 ZCTA 95252 in Calaveras County.,,,,
95222 Angels Camp,zcta,95222,Angels Camp,38.0513304,-120.5901733,467494,,2023-07-31,10,0,Zillow ZIP-level market for Angels Camp; mapped with Census 2020 ZCTA 95222 in Calaveras County.,,,,
95249 San Andreas,zcta,95249,San Andreas,38.1899501,-120.6195548,359436,,2023-07-31,10,0,Zillow ZIP-level market for San Andreas; mapped with Census 2020 ZCTA 95249 in Calaveras County.,,,,
95228 Copperopolis,zcta,95228,Copperopolis,37.9072653,-120.6883275,545549,,2023-07-31,10,0,Zillow ZIP-level market for Copperopolis; mapped with Census 2020 ZCTA 95228 in Calaveras County.,,,,
95247 Murphys,zcta,95247,Murphys,38.1360927,-120.4439416,510154,,2023-07-31,10,0,Zillow ZIP-level market for Murphys; mapped with Census 2020 ZCTA 95247 in Calaveras County.,,,,
95223 Avery,zcta,95223,Avery,38.4463225,-119.8129575,462373,,2023-07-31,10,0,Zillow ZIP-level market for Avery; mapped with Census 2020 ZCTA 95223 in Calaveras County.,,,,
95245 Mokelumne Hill,zcta,95245,Mokelumne Hill,38.3027468,-120.6094652,383900,,2023-07-31,10,0,Zillow ZIP-level market for Mokelumne Hill; mapped with Census 2020 ZCTA 95245 in Calaveras County.,,,,
95246 Mountain Ranch,zcta,95246,Mountain Ranch,38.2497077,-120.488857,391626,,2023-07-31,10,0,Zillow ZIP-level market for Mountain Ranch; mapped with Census 2020 ZCTA 95246 in Calaveras County.,,,,
95255 West Point,zcta,95255,West Point,38.4198522,-120.4800231,302208,,2023-07-31,10,0,Zillow ZIP-level market for West Point; mapped with Census 2020 ZCTA 95255 in Calaveras County.,,,,
95254 Wallace,zcta,95254,Wallace,38.1998379,-120.9642416,587793,,2023-07-31,10,0,Zillow ZIP-level market for Wallace; mapped with Census 2020 ZCTA 95254 in Calaveras County.,,,,
95232 Glencoe,zcta,95232,Glencoe,38.3605261,-120.5772427,355982,,2023-07-31,10,0,Zillow ZIP-level market for Glencoe; mapped with Census 2020 ZCTA 95232 in Calaveras County.,,,,
95233 Murphys,zcta,95233,Murphys,38.1861875,-120.3685566,368286,,2023-07-31,10,0,Zillow ZIP-level market for Murphys; mapped with Census 2020 ZCTA 95233 in Calaveras County.,,,,
95257 Wilseyville,zcta,95257,Wilseyville,38.3799265,-120.4680167,296524,,2023-07-31,10,0,Zillow ZIP-level market for Wilseyville; mapped with Census 2020 ZCTA 95257 in Calaveras County.,,,,
95248 Mokelumne Hill,zcta,95248,Mokelumne Hill,38.3177091,-120.4611116,362505,,2023-07-31,10,0,Zillow ZIP-level market for Mokelumne Hill; mapped with Census 2020 ZCTA 95248 in Calaveras County.,,,,
95224 Murphys,zcta,95224,Murphys,38.2313239,-120.3226879,406062,,2023-07-31,10,0,Zillow ZIP-level market for Murphys; mapped with Census 2020 ZCTA 95224 in Calaveras County.,,,,
95225 Valley Springs,zcta,95225,Valley Springs,38.2025516,-120.8641483,573102,,2023-07-31,10,0,Zillow ZIP-level market for Valley Springs; mapped with Census 2020 ZCTA 95225 in Calaveras County.,,,,
95252 Valley Springs,zcta,95252,Valley Springs,38.1586282,-120.8432468,473193,,2023-08-31,10,0,Zillow ZIP-level market for Valley Springs; mapped with Census 2020 ZCTA 95252 in Calaveras County.,,,,
95222 Angels Camp,zcta,95222,Angels Camp,38.0513304,-120.5901733,468812,,2023-08-31,10,0,Zillow ZIP-level market for Angels Camp; mapped with Census 2020 ZCTA 95222 in Calaveras County.,,,,
95249 San Andreas,zcta,95249,San Andreas,38.1899501,-120.6195548,359701,,2023-08-31,10,0,Zillow ZIP-level market for San Andreas; mapped with Census 2020 ZCTA 95249 in Calaveras County.,,,,
95228 Copperopolis,zcta,95228,Copperopolis,37.9072653,-120.6883275,545719,,2023-08-31,10,0,Zillow ZIP-level market for Copperopolis; mapped with Census 2020 ZCTA 95228 in Calaveras County.,,,,
95247 Murphys,zcta,95247,Murphys,38.1360927,-120.4439416,512436,,2023-08-31,10,0,Zillow ZIP-level market for Murphys; mapped with Census 2020 ZCTA 95247 in Calaveras County.,,,,
95223 Avery,zcta,95223,Avery,38.4463225,-119.8129575,462268,,2023-08-31,10,0,Zillow ZIP-level market for Avery; mapped with Census 2020 ZCTA 95223 in Calaveras County.,,,,
95245 Mokelumne Hill,zcta,95245,Mokelumne Hill,38.3027468,-120.6094652,383089,,2023-08-31,10,0,Zillow ZIP-level market for Mokelumne Hill; mapped with Census 2020 ZCTA 95245 in Calaveras County.,,,,
95246 Mountain Ranch,zcta,95246,Mountain Ranch,38.2497077,-120.488857,389869,,2023-08-31,10,0,Zillow ZIP-level market for Mountain Ranch; mapped with Census 2020 ZCTA 95246 in Calaveras County.,,,,
95255 West Point,zcta,95255,West Point,38.4198522,-120.4800231,301566,,2023-08-31,10,0,Zillow ZIP-level market for West Point; mapped with Census 2020 ZCTA 95255 in Calaveras County.,,,,
95254 Wallace,zcta,95254,Wallace,38.1998379,-120.9642416,588925,,2023-08-31,10,0,Zillow ZIP-level market for Wallace; mapped with Census 2020 ZCTA 95254 in Calaveras County.,,,,
95232 Glencoe,zcta,95232,Glencoe,38.3605261,-120.5772427,354212,,2023-08-31,10,0,Zillow ZIP-level market for Glencoe; mapped with Census 2020 ZCTA 95232 in Calaveras County.,,,,
95233 Murphys,zcta,95233,Murphys,38.1861875,-120.3685566,369897,,2023-08-31,10,0,Zillow ZIP-level market for Murphys; mapped with Census 2020 ZCTA 95233 in Calaveras County.,,,,
95257 Wilseyville,zcta,95257,Wilseyville,38.3799265,-120.4680167,296187,,2023-08-31,10,0,Zillow ZIP-level market for Wilseyville; mapped with Census 2020 ZCTA 95257 in Calaveras County.,,,,
95248 Mokelumne Hill,zcta,95248,Mokelumne Hill,38.3177091,-120.4611116,360855,,2023-08-31,10,0,Zillow ZIP-level market for Mokelumne Hill; mapped with Census 2020 ZCTA 95248 in Calaveras County.,,,,
95224 Murphys,zcta,95224,Murphys,38.2313239,-120.3226879,406068,,2023-08-31,10,0,Zillow ZIP-level market for Murphys; mapped with Census 2020 ZCTA 95224 in Calaveras County.,,,,
95225 Valley Springs,zcta,95225,Valley Springs,38.2025516,-120.8641483,575684,,2023-08-31,10,0,Zillow ZIP-level market for Valley Springs; mapped with Census 2020 ZCTA 95225 in Calaveras County.,,,,
95252 Valley Springs,zcta,95252,Valley Springs,38.1586282,-120.8432468,475679,,2023-09-30,10,0,Zillow ZIP-level market for Valley Springs; mapped with Census 2020 ZCTA 95252 in Calaveras County.,,,,
95222 Angels Camp,zcta,95222,Angels Camp,38.0513304,-120.5901733,470355,,2023-09-30,10,0,Zillow ZIP-level market for Angels Camp; mapped with Census 2020 ZCTA 95222 in Calaveras County.,,,,
95249 San Andreas,zcta,95249,San Andreas,38.1899501,-120.6195548,360284,,2023-09-30,10,0,Zillow ZIP-level market for San Andreas; mapped with Census 2020 ZCTA 95249 in Calaveras County.,,,,
95228 Copperopolis,zcta,95228,Copperopolis,37.9072653,-120.6883275,546415,,2023-09-30,10,0,Zillow ZIP-level market for Copperopolis; mapped with Census 2020 ZCTA 95228 in Calaveras County.,,,,
95247 Murphys,zcta,95247,Murphys,38.1360927,-120.4439416,515130,,2023-09-30,10,0,Zillow ZIP-level market for Murphys; mapped with Census 2020 ZCTA 95247 in Calaveras County.,,,,
95223 Avery,zcta,95223,Avery,38.4463225,-119.8129575,463024,,2023-09-30,10,0,Zillow ZIP-level market for Avery; mapped with Census 2020 ZCTA 95223 in Calaveras County.,,,,
95245 Mokelumne Hill,zcta,95245,Mokelumne Hill,38.3027468,-120.6094652,382188,,2023-09-30,10,0,Zillow ZIP-level market for Mokelumne Hill; mapped with Census 2020 ZCTA 95245 in Calaveras County.,,,,
95246 Mountain Ranch,zcta,95246,Mountain Ranch,38.2497077,-120.488857,388489,,2023-09-30,10,0,Zillow ZIP-level market for Mountain Ranch; mapped with Census 2020 ZCTA 95246 in Calaveras County.,,,,
95255 West Point,zcta,95255,West Point,38.4198522,-120.4800231,301799,,2023-09-30,10,0,Zillow ZIP-level market for West Point; mapped with Census 2020 ZCTA 95255 in Calaveras County.,,,,
95254 Wallace,zcta,95254,Wallace,38.1998379,-120.9642416,589314,,2023-09-30,10,0,Zillow ZIP-level market for Wallace; mapped with Census 2020 ZCTA 95254 in Calaveras County.,,,,
95232 Glencoe,zcta,95232,Glencoe,38.3605261,-120.5772427,353346,,2023-09-30,10,0,Zillow ZIP-level market for Glencoe; mapped with Census 2020 ZCTA 95232 in Calaveras County.,,,,
95233 Murphys,zcta,95233,Murphys,38.1861875,-120.3685566,371660,,2023-09-30,10,0,Zillow ZIP-level market for Murphys; mapped with Census 2020 ZCTA 95233 in Calaveras County.,,,,
95257 Wilseyville,zcta,95257,Wilseyville,38.3799265,-120.4680167,296622,,2023-09-30,10,0,Zillow ZIP-level market for Wilseyville; mapped with Census 2020 ZCTA 95257 in Calaveras County.,,,,
95248 Mokelumne Hill,zcta,95248,Mokelumne Hill,38.3177091,-120.4611116,359902,,2023-09-30,10,0,Zillow ZIP-level market for Mokelumne Hill; mapped with Census 2020 ZCTA 95248 in Calaveras County.,,,,
95224 Murphys,zcta,95224,Murphys,38.2313239,-120.3226879,406162,,2023-09-30,10,0,Zillow ZIP-level market for Murphys; mapped with Census 2020 ZCTA 95224 in Calaveras County.,,,,
95225 Valley Springs,zcta,95225,Valley Springs,38.2025516,-120.8641483,578750,,2023-09-30,10,0,Zillow ZIP-level market for Valley Springs; mapped with Census 2020 ZCTA 95225 in Calaveras County.,,,,
95252 Valley Springs,zcta,95252,Valley Springs,38.1586282,-120.8432468,477439,,2023-10-31,10,0,Zillow ZIP-level market for Valley Springs; mapped with Census 2020 ZCTA 95252 in Calaveras County.,,,,
95222 Angels Camp,zcta,95222,Angels Camp,38.0513304,-120.5901733,470696,,2023-10-31,10,0,Zillow ZIP-level market for Angels Camp; mapped with Census 2020 ZCTA 95222 in Calaveras County.,,,,
95249 San Andreas,zcta,95249,San Andreas,38.1899501,-120.6195548,360456,,2023-10-31,10,0,Zillow ZIP-level market for San Andreas; mapped with Census 2020 ZCTA 95249 in Calaveras County.,,,,
95228 Copperopolis,zcta,95228,Copperopolis,37.9072653,-120.6883275,546970,,2023-10-31,10,0,Zillow ZIP-level market for Copperopolis; mapped with Census 2020 ZCTA 95228 in Calaveras County.,,,,
95247 Murphys,zcta,95247,Murphys,38.1360927,-120.4439416,516599,,2023-10-31,10,0,Zillow ZIP-level market for Murphys; mapped with Census 2020 ZCTA 95247 in Calaveras County.,,,,
95223 Avery,zcta,95223,Avery,38.4463225,-119.8129575,463486,,2023-10-31,10,0,Zillow ZIP-level market for Avery; mapped with Census 2020 ZCTA 95223 in Calaveras County.,,,,
95245 Mokelumne Hill,zcta,95245,Mokelumne Hill,38.3027468,-120.6094652,380195,,2023-10-31,10,0,Zillow ZIP-level market for Mokelumne Hill; mapped with Census 2020 ZCTA 95245 in Calaveras County.,,,,
95246 Mountain Ranch,zcta,95246,Mountain Ranch,38.2497077,-120.488857,385793,,2023-10-31,10,0,Zillow ZIP-level market for Mountain Ranch; mapped with Census 2020 ZCTA 95246 in Calaveras County.,,,,
95255 West Point,zcta,95255,West Point,38.4198522,-120.4800231,301671,,2023-10-31,10,0,Zillow ZIP-level market for West Point; mapped with Census 2020 ZCTA 95255 in Calaveras County.,,,,
95254 Wallace,zcta,95254,Wallace,38.1998379,-120.9642416,588526,,2023-10-31,10,0,Zillow ZIP-level market for Wallace; mapped with Census 2020 ZCTA 95254 in Calaveras County.,,,,
95232 Glencoe,zcta,95232,Glencoe,38.3605261,-120.5772427,351633,,2023-10-31,10,0,Zillow ZIP-level market for Glencoe; mapped with Census 2020 ZCTA 95232 in Calaveras County.,,,,
95233 Murphys,zcta,95233,Murphys,38.1861875,-120.3685566,372740,,2023-10-31,10,0,Zillow ZIP-level market for Murphys; mapped with Census 2020 ZCTA 95233 in Calaveras County.,,,,
95257 Wilseyville,zcta,95257,Wilseyville,38.3799265,-120.4680167,296970,,2023-10-31,10,0,Zillow ZIP-level market for Wilseyville; mapped with Census 2020 ZCTA 95257 in Calaveras County.,,,,
95248 Mokelumne Hill,zcta,95248,Mokelumne Hill,38.3177091,-120.4611116,357911,,2023-10-31,10,0,Zillow ZIP-level market for Mokelumne Hill; mapped with Census 2020 ZCTA 95248 in Calaveras County.,,,,
95224 Murphys,zcta,95224,Murphys,38.2313239,-120.3226879,405211,,2023-10-31,10,0,Zillow ZIP-level market for Murphys; mapped with Census 2020 ZCTA 95224 in Calaveras County.,,,,
95225 Valley Springs,zcta,95225,Valley Springs,38.2025516,-120.8641483,579436,,2023-10-31,10,0,Zillow ZIP-level market for Valley Springs; mapped with Census 2020 ZCTA 95225 in Calaveras County.,,,,
95252 Valley Springs,zcta,95252,Valley Springs,38.1586282,-120.8432468,478040,,2023-11-30,10,0,Zillow ZIP-level market for Valley Springs; mapped with Census 2020 ZCTA 95252 in Calaveras County.,,,,
95222 Angels Camp,zcta,95222,Angels Camp,38.0513304,-120.5901733,469583,,2023-11-30,10,0,Zillow ZIP-level market for Angels Camp; mapped with Census 2020 ZCTA 95222 in Calaveras County.,,,,
95249 San Andreas,zcta,95249,San Andreas,38.1899501,-120.6195548,361055,,2023-11-30,10,0,Zillow ZIP-level market for San Andreas; mapped with Census 2020 ZCTA 95249 in Calaveras County.,,,,
95228 Copperopolis,zcta,95228,Copperopolis,37.9072653,-120.6883275,546901,,2023-11-30,10,0,Zillow ZIP-level market for Copperopolis; mapped with Census 2020 ZCTA 95228 in Calaveras County.,,,,
95247 Murphys,zcta,95247,Murphys,38.1360927,-120.4439416,516966,,2023-11-30,10,0,Zillow ZIP-level market for Murphys; mapped with Census 2020 ZCTA 95247 in Calaveras County.,,,,
95223 Avery,zcta,95223,Avery,38.4463225,-119.8129575,463516,,2023-11-30,10,0,Zillow ZIP-level market for Avery; mapped with Census 2020 ZCTA 95223 in Calaveras County.,,,,
95245 Mokelumne Hill,zcta,95245,Mokelumne Hill,38.3027468,-120.6094652,378614,,2023-11-30,10,0,Zillow ZIP-level market for Mokelumne Hill; mapped with Census 2020 ZCTA 95245 in Calaveras County.,,,,
95246 Mountain Ranch,zcta,95246,Mountain Ranch,38.2497077,-120.488857,384097,,2023-11-30,10,0,Zillow ZIP-level market for Mountain Ranch; mapped with Census 2020 ZCTA 95246 in Calaveras County.,,,,
95255 West Point,zcta,95255,West Point,38.4198522,-120.4800231,301408,,2023-11-30,10,0,Zillow ZIP-level market for West Point; mapped with Census 2020 ZCTA 95255 in Calaveras County.,,,,
95254 Wallace,zcta,95254,Wallace,38.1998379,-120.9642416,586364,,2023-11-30,10,0,Zillow ZIP-level market for Wallace; mapped with Census 2020 ZCTA 95254 in Calaveras County.,,,,
95232 Glencoe,zcta,95232,Glencoe,38.3605261,-120.5772427,350856,,2023-11-30,10,0,Zillow ZIP-level market for Glencoe; mapped with Census 2020 ZCTA 95232 in Calaveras County.,,,,
95233 Murphys,zcta,95233,Murphys,38.1861875,-120.3685566,372959,,2023-11-30,10,0,Zillow ZIP-level market for Murphys; mapped with Census 2020 ZCTA 95233 in Calaveras County.,,,,
95257 Wilseyville,zcta,95257,Wilseyville,38.3799265,-120.4680167,297458,,2023-11-30,10,0,Zillow ZIP-level market for Wilseyville; mapped with Census 2020 ZCTA 95257 in Calaveras County.,,,,
95248 Mokelumne Hill,zcta,95248,Mokelumne Hill,38.3177091,-120.4611116,356245,,2023-11-30,10,0,Zillow ZIP-level market for Mokelumne Hill; mapped with Census 2020 ZCTA 95248 in Calaveras County.,,,,
95224 Murphys,zcta,95224,Murphys,38.2313239,-120.3226879,404097,,2023-11-30,10,0,Zillow ZIP-level market for Murphys; mapped with Census 2020 ZCTA 95224 in Calaveras County.,,,,
95225 Valley Springs,zcta,95225,Valley Springs,38.2025516,-120.8641483,578190,,2023-11-30,10,0,Zillow ZIP-level market for Valley Springs; mapped with Census 2020 ZCTA 95225 in Calaveras County.,,,,
95252 Valley Springs,zcta,95252,Valley Springs,38.1586282,-120.8432468,478277,,2023-12-31,10,0,Zillow ZIP-level market for Valley Springs; mapped with Census 2020 ZCTA 95252 in Calaveras County.,,,,
95222 Angels Camp,zcta,95222,Angels Camp,38.0513304,-120.5901733,467111,,2023-12-31,10,0,Zillow ZIP-level market for Angels Camp; mapped with Census 2020 ZCTA 95222 in Calaveras County.,,,,
95249 San Andreas,zcta,95249,San Andreas,38.1899501,-120.6195548,360957,,2023-12-31,10,0,Zillow ZIP-level market for San Andreas; mapped with Census 2020 ZCTA 95249 in Calaveras County.,,,,
95228 Copperopolis,zcta,95228,Copperopolis,37.9072653,-120.6883275,545406,,2023-12-31,10,0,Zillow ZIP-level market for Copperopolis; mapped with Census 2020 ZCTA 95228 in Calaveras County.,,,,
95247 Murphys,zcta,95247,Murphys,38.1360927,-120.4439416,516303,,2023-12-31,10,0,Zillow ZIP-level market for Murphys; mapped with Census 2020 ZCTA 95247 in Calaveras County.,,,,
95223 Avery,zcta,95223,Avery,38.4463225,-119.8129575,462592,,2023-12-31,10,0,Zillow ZIP-level market for Avery; mapped with Census 2020 ZCTA 95223 in Calaveras County.,,,,
95245 Mokelumne Hill,zcta,95245,Mokelumne Hill,38.3027468,-120.6094652,376161,,2023-12-31,10,0,Zillow ZIP-level market for Mokelumne Hill; mapped with Census 2020 ZCTA 95245 in Calaveras County.,,,,
95246 Mountain Ranch,zcta,95246,Mountain Ranch,38.2497077,-120.488857,380820,,2023-12-31,10,0,Zillow ZIP-level market for Mountain Ranch; mapped with Census 2020 ZCTA 95246 in Calaveras County.,,,,
95255 West Point,zcta,95255,West Point,38.4198522,-120.4800231,299866,,2023-12-31,10,0,Zillow ZIP-level market for West Point; mapped with Census 2020 ZCTA 95255 in Calaveras County.,,,,
95254 Wallace,zcta,95254,Wallace,38.1998379,-120.9642416,584562,,2023-12-31,10,0,Zillow ZIP-level market for Wallace; mapped with Census 2020 ZCTA 95254 in Calaveras County.,,,,
95232 Glencoe,zcta,95232,Glencoe,38.3605261,-120.5772427,348492,,2023-12-31,10,0,Zillow ZIP-level market for Glencoe; mapped with Census 2020 ZCTA 95232 in Calaveras County.,,,,
95233 Murphys,zcta,95233,Murphys,38.1861875,-120.3685566,372115,,2023-12-31,10,0,Zillow ZIP-level market for Murphys; mapped with Census 2020 ZCTA 95233 in Calaveras County.,,,,
95257 Wilseyville,zcta,95257,Wilseyville,38.3799265,-120.4680167,296438,,2023-12-31,10,0,Zillow ZIP-level market for Wilseyville; mapped with Census 2020 ZCTA 95257 in Calaveras County.,,,,
95248 Mokelumne Hill,zcta,95248,Mokelumne Hill,38.3177091,-120.4611116,353020,,2023-12-31,10,0,Zillow ZIP-level market for Mokelumne Hill; mapped with Census 2020 ZCTA 95248 in Calaveras County.,,,,
95224 Murphys,zcta,95224,Murphys,38.2313239,-120.3226879,401797,,2023-12-31,10,0,Zillow ZIP-level market for Murphys; mapped with Census 2020 ZCTA 95224 in Calaveras County.,,,,
95225 Valley Springs,zcta,95225,Valley Springs,38.2025516,-120.8641483,576362,,2023-12-31,10,0,Zillow ZIP-level market for Valley Springs; mapped with Census 2020 ZCTA 95225 in Calaveras County.,,,,
95252 Valley Springs,zcta,95252,Valley Springs,38.1586282,-120.8432468,478902,,2024-01-31,10,0,Zillow ZIP-level market for Valley Springs; mapped with Census 2020 ZCTA 95252 in Calaveras County.,,,,
95222 Angels Camp,zcta,95222,Angels Camp,38.0513304,-120.5901733,465530,,2024-01-31,10,0,Zillow ZIP-level market for Angels Camp; mapped with Census 2020 ZCTA 95222 in Calaveras County.,,,,
95249 San Andreas,zcta,95249,San Andreas,38.1899501,-120.6195548,360431,,2024-01-31,10,0,Zillow ZIP-level market for San Andreas; mapped with Census 2020 ZCTA 95249 in Calaveras County.,,,,
95228 Copperopolis,zcta,95228,Copperopolis,37.9072653,-120.6883275,544083,,2024-01-31,10,0,Zillow ZIP-level market for Copperopolis; mapped with Census 2020 ZCTA 95228 in Calaveras County.,,,,
95247 Murphys,zcta,95247,Murphys,38.1360927,-120.4439416,515275,,2024-01-31,10,0,Zillow ZIP-level market for Murphys; mapped with Census 2020 ZCTA 95247 in Calaveras County.,,,,
95223 Avery,zcta,95223,Avery,38.4463225,-119.8129575,460631,,2024-01-31,10,0,Zillow ZIP-level market for Avery; mapped with Census 2020 ZCTA 95223 in Calaveras County.,,,,
95245 Mokelumne Hill,zcta,95245,Mokelumne Hill,38.3027468,-120.6094652,373520,,2024-01-31,10,0,Zillow ZIP-level market for Mokelumne Hill; mapped with Census 2020 ZCTA 95245 in Calaveras County.,,,,
95246 Mountain Ranch,zcta,95246,Mountain Ranch,38.2497077,-120.488857,377120,,2024-01-31,10,0,Zillow ZIP-level market for Mountain Ranch; mapped with Census 2020 ZCTA 95246 in Calaveras County.,,,,
95255 West Point,zcta,95255,West Point,38.4198522,-120.4800231,298043,,2024-01-31,10,0,Zillow ZIP-level market for West Point; mapped with Census 2020 ZCTA 95255 in Calaveras County.,,,,
95254 Wallace,zcta,95254,Wallace,38.1998379,-120.9642416,582948,,2024-01-31,10,0,Zillow ZIP-level market for Wallace; mapped with Census 2020 ZCTA 95254 in Calaveras County.,,,,
95232 Glencoe,zcta,95232,Glencoe,38.3605261,-120.5772427,345525,,2024-01-31,10,0,Zillow ZIP-level market for Glencoe; mapped with Census 2020 ZCTA 95232 in Calaveras County.,,,,
95233 Murphys,zcta,95233,Murphys,38.1861875,-120.3685566,370886,,2024-01-31,10,0,Zillow ZIP-level market for Murphys; mapped with Census 2020 ZCTA 95233 in Calaveras County.,,,,
95257 Wilseyville,zcta,95257,Wilseyville,38.3799265,-120.4680167,294132,,2024-01-31,10,0,Zillow ZIP-level market for Wilseyville; mapped with Census 2020 ZCTA 95257 in Calaveras County.,,,,
95248 Mokelumne Hill,zcta,95248,Mokelumne Hill,38.3177091,-120.4611116,349400,,2024-01-31,10,0,Zillow ZIP-level market for Mokelumne Hill; mapped with Census 2020 ZCTA 95248 in Calaveras County.,,,,
95224 Murphys,zcta,95224,Murphys,38.2313239,-120.3226879,399578,,2024-01-31,10,0,Zillow ZIP-level market for Murphys; mapped with Census 2020 ZCTA 95224 in Calaveras County.,,,,
95225 Valley Springs,zcta,95225,Valley Springs,38.2025516,-120.8641483,575314,,2024-01-31,10,0,Zillow ZIP-level market for Valley Springs; mapped with Census 2020 ZCTA 95225 in Calaveras County.,,,,
95252 Valley Springs,zcta,95252,Valley Springs,38.1586282,-120.8432468,480160,,2024-02-29,10,0,Zillow ZIP-level market for Valley Springs; mapped with Census 2020 ZCTA 95252 in Calaveras County.,,,,
95222 Angels Camp,zcta,95222,Angels Camp,38.0513304,-120.5901733,465174,,2024-02-29,10,0,Zillow ZIP-level market for Angels Camp; mapped with Census 2020 ZCTA 95222 in Calaveras County.,,,,
95249 San Andreas,zcta,95249,San Andreas,38.1899501,-120.6195548,359775,,2024-02-29,10,0,Zillow ZIP-level market for San Andreas; mapped with Census 2020 ZCTA 95249 in Calaveras County.,,,,
95228 Copperopolis,zcta,95228,Copperopolis,37.9072653,-120.6883275,543655,,2024-02-29,10,0,Zillow ZIP-level market for Copperopolis; mapped with Census 2020 ZCTA 95228 in Calaveras County.,,,,
95247 Murphys,zcta,95247,Murphys,38.1360927,-120.4439416,515131,,2024-02-29,10,0,Zillow ZIP-level market for Murphys; mapped with Census 2020 ZCTA 95247 in Calaveras County.,,,,
95223 Avery,zcta,95223,Avery,38.4463225,-119.8129575,459247,,2024-02-29,10,0,Zillow ZIP-level market for Avery; mapped with Census 2020 ZCTA 95223 in Calaveras County.,,,,
95245 Mokelumne Hill,zcta,95245,Mokelumne Hill,38.3027468,-120.6094652,371261,,2024-02-29,10,0,Zillow ZIP-level market for Mokelumne Hill; mapped with Census 2020 ZCTA 95245 in Calaveras County.,,,,
95246 Mountain Ranch,zcta,95246,Mountain Ranch,38.2497077,-120.488857,374157,,2024-02-29,10,0,Zillow ZIP-level market for Mountain Ranch; mapped with Census 2020 ZCTA 95246 in Calaveras County.,,,,
95255 West Point,zcta,95255,West Point,38.4198522,-120.4800231,297428,,2024-02-29,10,0,Zillow ZIP-level market for West Point; mapped with Census 2020 ZCTA 95255 in Calaveras County.,,,,
95254 Wallace,zcta,95254,Wallace,38.1998379,-120.9642416,583628,,2024-02-29,10,0,Zillow ZIP-level market for Wallace; mapped with Census 2020 ZCTA 95254 in Calaveras County.,,,,
95232 Glencoe,zcta,95232,Glencoe,38.3605261,-120.5772427,343123,,2024-02-29,10,0,Zillow ZIP-level market for Glencoe; mapped with Census 2020 ZCTA 95232 in Calaveras County.,,,,
95233 Murphys,zcta,95233,Murphys,38.1861875,-120.3685566,370447,,2024-02-29,10,0,Zillow ZIP-level market for Murphys; mapped with Census 2020 ZCTA 95233 in Calaveras County.,,,,
95257 Wilseyville,zcta,95257,Wilseyville,38.3799265,-120.4680167,291913,,2024-02-29,10,0,Zillow ZIP-level market for Wilseyville; mapped with Census 2020 ZCTA 95257 in Calaveras County.,,,,
95248 Mokelumne Hill,zcta,95248,Mokelumne Hill,38.3177091,-120.4611116,346000,,2024-02-29,10,0,Zillow ZIP-level market for Mokelumne Hill; mapped with Census 2020 ZCTA 95248 in Calaveras County.,,,,
95224 Murphys,zcta,95224,Murphys,38.2313239,-120.3226879,399235,,2024-02-29,10,0,Zillow ZIP-level market for Murphys; mapped with Census 2020 ZCTA 95224 in Calaveras County.,,,,
95225 Valley Springs,zcta,95225,Valley Springs,38.2025516,-120.8641483,575594,,2024-02-29,10,0,Zillow ZIP-level market for Valley Springs; mapped with Census 2020 ZCTA 95225 in Calaveras County.,,,,
95252 Valley Springs,zcta,95252,Valley Springs,38.1586282,-120.8432468,482458,,2024-03-31,10,0,Zillow ZIP-level market for Valley Springs; mapped with Census 2020 ZCTA 95252 in Calaveras County.,,,,
95222 Angels Camp,zcta,95222,Angels Camp,38.0513304,-120.5901733,466337,,2024-03-31,10,0,Zillow ZIP-level market for Angels Camp; mapped with Census 2020 ZCTA 95222 in Calaveras County.,,,,
95249 San Andreas,zcta,95249,San Andreas,38.1899501,-120.6195548,360193,,2024-03-31,10,0,Zillow ZIP-level market for San Andreas; mapped with Census 2020 ZCTA 95249 in Calaveras County.,,,,
95228 Copperopolis,zcta,95228,Copperopolis,37.9072653,-120.6883275,544385,,2024-03-31,10,0,Zillow ZIP-level market for Copperopolis; mapped with Census 2020 ZCTA 95228 in Calaveras County.,,,,
95247 Murphys,zcta,95247,Murphys,38.1360927,-120.4439416,516369,,2024-03-31,10,0,Zillow ZIP-level market for Murphys; mapped with Census 2020 ZCTA 95247 in Calaveras County.,,,,
95223 Avery,zcta,95223,Avery,38.4463225,-119.8129575,458608,,2024-03-31,10,0,Zillow ZIP-level market for Avery; mapped with Census 2020 ZCTA 95223 in Calaveras County.,,,,
95245 Mokelumne Hill,zcta,95245,Mokelumne Hill,38.3027468,-120.6094652,370490,,2024-03-31,10,0,Zillow ZIP-level market for Mokelumne Hill; mapped with Census 2020 ZCTA 95245 in Calaveras County.,,,,
95246 Mountain Ranch,zcta,95246,Mountain Ranch,38.2497077,-120.488857,373125,,2024-03-31,10,0,Zillow ZIP-level market for Mountain Ranch; mapped with Census 2020 ZCTA 95246 in Calaveras County.,,,,
95255 West Point,zcta,95255,West Point,38.4198522,-120.4800231,297825,,2024-03-31,10,0,Zillow ZIP-level market for West Point; mapped with Census 2020 ZCTA 95255 in Calaveras County.,,,,
95254 Wallace,zcta,95254,Wallace,38.1998379,-120.9642416,585548,,2024-03-31,10,0,Zillow ZIP-level market for Wallace; mapped with Census 2020 ZCTA 95254 in Calaveras County.,,,,
95232 Glencoe,zcta,95232,Glencoe,38.3605261,-120.5772427,342422,,2024-03-31,10,0,Zillow ZIP-level market for Glencoe; mapped with Census 2020 ZCTA 95232 in Calaveras County.,,,,
95233 Murphys,zcta,95233,Murphys,38.1861875,-120.3685566,371178,,2024-03-31,10,0,Zillow ZIP-level market for Murphys; mapped with Census 2020 ZCTA 95233 in Calaveras County.,,,,
95257 Wilseyville,zcta,95257,Wilseyville,38.3799265,-120.4680167,290935,,2024-03-31,10,0,Zillow ZIP-level market for Wilseyville; mapped with Census 2020 ZCTA 95257 in Calaveras County.,,,,
95248 Mokelumne Hill,zcta,95248,Mokelumne Hill,38.3177091,-120.4611116,343679,,2024-03-31,10,0,Zillow ZIP-level market for Mokelumne Hill; mapped with Census 2020 ZCTA 95248 in Calaveras County.,,,,
95224 Murphys,zcta,95224,Murphys,38.2313239,-120.3226879,400611,,2024-03-31,10,0,Zillow ZIP-level market for Murphys; mapped with Census 2020 ZCTA 95224 in Calaveras County.,,,,
95225 Valley Springs,zcta,95225,Valley Springs,38.2025516,-120.8641483,575832,,2024-03-31,10,0,Zillow ZIP-level market for Valley Springs; mapped with Census 2020 ZCTA 95225 in Calaveras County.,,,,
95252 Valley Springs,zcta,95252,Valley Springs,38.1586282,-120.8432468,484903,,2024-04-30,10,0,Zillow ZIP-level market for Valley Springs; mapped with Census 2020 ZCTA 95252 in Calaveras County.,,,,
95222 Angels Camp,zcta,95222,Angels Camp,38.0513304,-120.5901733,467658,,2024-04-30,10,0,Zillow ZIP-level market for Angels Camp; mapped with Census 2020 ZCTA 95222 in Calaveras County.,,,,
95249 San Andreas,zcta,95249,San Andreas,38.1899501,-120.6195548,361810,,2024-04-30,10,0,Zillow ZIP-level market for San Andreas; mapped with Census 2020 ZCTA 95249 in Calaveras County.,,,,
95228 Copperopolis,zcta,95228,Copperopolis,37.9072653,-120.6883275,544363,,2024-04-30,10,0,Zillow ZIP-level market for Copperopolis; mapped with Census 2020 ZCTA 95228 in Calaveras County.,,,,
95247 Murphys,zcta,95247,Murphys,38.1360927,-120.4439416,518788,,2024-04-30,10,0,Zillow ZIP-level market for Murphys; mapped with Census 2020 ZCTA 95247 in Calaveras County.,,,,
95223 Avery,zcta,95223,Avery,38.4463225,-119.8129575,458633,,2024-04-30,10,0,Zillow ZIP-level market for Avery; mapped with Census 2020 ZCTA 95223 in Calaveras County.,,,,
95245 Mokelumne Hill,zcta,95245,Mokelumne Hill,38.3027468,-120.6094652,371400,,2024-04-30,10,0,Zillow ZIP-level market for Mokelumne Hill; mapped with Census 2020 ZCTA 95245 in Calaveras County.,,,,
95246 Mountain Ranch,zcta,95246,Mountain Ranch,38.2497077,-120.488857,375144,,2024-04-30,10,0,Zillow ZIP-level market for Mountain Ranch; mapped with Census 2020 ZCTA 95246 in Calaveras County.,,,,
95255 West Point,zcta,95255,West Point,38.4198522,-120.4800231,299164,,2024-04-30,10,0,Zillow ZIP-level market for West Point; mapped with Census 2020 ZCTA 95255 in Calaveras County.,,,,
95254 Wallace,zcta,95254,Wallace,38.1998379,-120.9642416,588468,,2024-04-30,10,0,Zillow ZIP-level market for Wallace; mapped with Census 2020 ZCTA 95254 in Calaveras County.,,,,
95232 Glencoe,zcta,95232,Glencoe,38.3605261,-120.5772427,343129,,2024-04-30,10,0,Zillow ZIP-level market for Glencoe; mapped with Census 2020 ZCTA 95232 in Calaveras County.,,,,
95233 Murphys,zcta,95233,Murphys,38.1861875,-120.3685566,372948,,2024-04-30,10,0,Zillow ZIP-level market for Murphys; mapped with Census 2020 ZCTA 95233 in Calaveras County.,,,,
95257 Wilseyville,zcta,95257,Wilseyville,38.3799265,-120.4680167,291867,,2024-04-30,10,0,Zillow ZIP-level market for Wilseyville; mapped with Census 2020 ZCTA 95257 in Calaveras County.,,,,
95248 Mokelumne Hill,zcta,95248,Mokelumne Hill,38.3177091,-120.4611116,343829,,2024-04-30,10,0,Zillow ZIP-level market for Mokelumne Hill; mapped with Census 2020 ZCTA 95248 in Calaveras County.,,,,
95224 Murphys,zcta,95224,Murphys,38.2313239,-120.3226879,402428,,2024-04-30,10,0,Zillow ZIP-level market for Murphys; mapped with Census 2020 ZCTA 95224 in Calaveras County.,,,,
95225 Valley Springs,zcta,95225,Valley Springs,38.2025516,-120.8641483,577199,,2024-04-30,10,0,Zillow ZIP-level market for Valley Springs; mapped with Census 2020 ZCTA 95225 in Calaveras County.,,,,
95252 Valley Springs,zcta,95252,Valley Springs,38.1586282,-120.8432468,486624,,2024-05-31,10,0,Zillow ZIP-level market for Valley Springs; mapped with Census 2020 ZCTA 95252 in Calaveras County.,,,,
95222 Angels Camp,zcta,95222,Angels Camp,38.0513304,-120.5901733,468636,,2024-05-31,10,0,Zillow ZIP-level market for Angels Camp; mapped with Census 2020 ZCTA 95222 in Calaveras County.,,,,
95249 San Andreas,zcta,95249,San Andreas,38.1899501,-120.6195548,363921,,2024-05-31,10,0,Zillow ZIP-level market for San Andreas; mapped with Census 2020 ZCTA 95249 in Calaveras County.,,,,
95228 Copperopolis,zcta,95228,Copperopolis,37.9072653,-120.6883275,543613,,2024-05-31,10,0,Zillow ZIP-level market for Copperopolis; mapped with Census 2020 ZCTA 95228 in Calaveras County.,,,,
95247 Murphys,zcta,95247,Murphys,38.1360927,-120.4439416,520664,,2024-05-31,10,0,Zillow ZIP-level market for Murphys; mapped with Census 2020 ZCTA 95247 in Calaveras County.,,,,
95223 Avery,zcta,95223,Avery,38.4463225,-119.8129575,458380,,2024-05-31,10,0,Zillow ZIP-level market for Avery; mapped with Census 2020 ZCTA 95223 in Calaveras County.,,,,
95245 Mokelumne Hill,zcta,95245,Mokelumne Hill,38.3027468,-120.6094652,373025,,2024-05-31,10,0,Zillow ZIP-level market for Mokelumne Hill; mapped with Census 2020 ZCTA 95245 in Calaveras County.,,,,
95246 Mountain Ranch,zcta,95246,Mountain Ranch,38.2497077,-120.488857,378000,,2024-05-31,10,0,Zillow ZIP-level market for Mountain Ranch; mapped with Census 2020 ZCTA 95246 in Calaveras County.,,,,
95255 West Point,zcta,95255,West Point,38.4198522,-120.4800231,300380,,2024-05-31,10,0,Zillow ZIP-level market for West Point; mapped with Census 2020 ZCTA 95255 in Calaveras County.,,,,
95254 Wallace,zcta,95254,Wallace,38.1998379,-120.9642416,590198,,2024-05-31,10,0,Zillow ZIP-level market for Wallace; mapped with Census 2020 ZCTA 95254 in Calaveras County.,,,,
95232 Glencoe,zcta,95232,Glencoe,38.3605261,-120.5772427,344132,,2024-05-31,10,0,Zillow ZIP-level market for Glencoe; mapped with Census 2020 ZCTA 95232 in Calaveras County.,,,,
95233 Murphys,zcta,95233,Murphys,38.1861875,-120.3685566,374919,,2024-05-31,10,0,Zillow ZIP-level market for Murphys; mapped with Census 2020 ZCTA 95233 in Calaveras County.,,,,
95257 Wilseyville,zcta,95257,Wilseyville,38.3799265,-120.4680167,293144,,2024-05-31,10,0,Zillow ZIP-level market for Wilseyville; mapped with Census 2020 ZCTA 95257 in Calaveras County.,,,,
95248 Mokelumne Hill,zcta,95248,Mokelumne Hill,38.3177091,-120.4611116,345077,,2024-05-31,10,0,Zillow ZIP-level market for Mokelumne Hill; mapped with Census 2020 ZCTA 95248 in Calaveras County.,,,,
95224 Murphys,zcta,95224,Murphys,38.2313239,-120.3226879,403254,,2024-05-31,10,0,Zillow ZIP-level market for Murphys; mapped with Census 2020 ZCTA 95224 in Calaveras County.,,,,
95225 Valley Springs,zcta,95225,Valley Springs,38.2025516,-120.8641483,578463,,2024-05-31,10,0,Zillow ZIP-level market for Valley Springs; mapped with Census 2020 ZCTA 95225 in Calaveras County.,,,,
95252 Valley Springs,zcta,95252,Valley Springs,38.1586282,-120.8432468,486597,,2024-06-30,10,0,Zillow ZIP-level market for Valley Springs; mapped with Census 2020 ZCTA 95252 in Calaveras County.,,,,
95222 Angels Camp,zcta,95222,Angels Camp,38.0513304,-120.5901733,468627,,2024-06-30,10,0,Zillow ZIP-level market for Angels Camp; mapped with Census 2020 ZCTA 95222 in Calaveras County.,,,,
95249 San Andreas,zcta,95249,San Andreas,38.1899501,-120.6195548,365261,,2024-06-30,10,0,Zillow ZIP-level market for San Andreas; mapped with Census 2020 ZCTA 95249 in Calaveras County.,,,,
95228 Copperopolis,zcta,95228,Copperopolis,37.9072653,-120.6883275,542496,,2024-06-30,10,0,Zillow ZIP-level market for Copperopolis; mapped with Census 2020 ZCTA 95228 in Calaveras County.,,,,
95247 Murphys,zcta,95247,Murphys,38.1360927,-120.4439416,521142,,2024-06-30,10,0,Zillow ZIP-level market for Murphys; mapped with Census 2020 ZCTA 95247 in Calaveras County.,,,,
95223 Avery,zcta,95223,Avery,38.4463225,-119.8129575,457249,,2024-06-30,10,0,Zillow ZIP-level market for Avery; mapped with Census 2020 ZCTA 95223 in Calaveras County.,,,,
95245 Mokelumne Hill,zcta,95245,Mokelumne Hill,38.3027468,-120.6094652,374911,,2024-06-30,10,0,Zillow ZIP-level market for Mokelumne Hill; mapped with Census 2020 ZCTA 95245 in Calaveras County.,,,,
95246 Mountain Ranch,zcta,95246,Mountain Ranch,38.2497077,-120.488857,380311,,2024-06-30,10,0,Zillow ZIP-level market for Mountain Ranch; mapped with Census 2020 ZCTA 95246 in Calaveras County.,,,,
95255 West Point,zcta,95255,West Point,38.4198522,-120.4800231,301769,,2024-06-30,10,0,Zillow ZIP-level market for West Point; mapped with Census 2020 ZCTA 95255 in Calaveras County.,,,,
95254 Wallace,zcta,95254,Wallace,38.1998379,-120.9642416,590305,,2024-06-30,10,0,Zillow ZIP-level market for Wallace; mapped with Census 2020 ZCTA 95254 in Calaveras County.,,,,
95232 Glencoe,zcta,95232,Glencoe,38.3605261,-120.5772427,344759,,2024-06-30,10,0,Zillow ZIP-level market for Glencoe; mapped with Census 2020 ZCTA 95232 in Calaveras County.,,,,
95233 Murphys,zcta,95233,Murphys,38.1861875,-120.3685566,376504,,2024-06-30,10,0,Zillow ZIP-level market for Murphys; mapped with Census 2020 ZCTA 95233 in Calaveras County.,,,,
95257 Wilseyville,zcta,95257,Wilseyville,38.3799265,-120.4680167,294541,,2024-06-30,10,0,Zillow ZIP-level market for Wilseyville; mapped with Census 2020 ZCTA 95257 in Calaveras County.,,,,
95248 Mokelumne Hill,zcta,95248,Mokelumne Hill,38.3177091,-120.4611116,347393,,2024-06-30,10,0,Zillow ZIP-level market for Mokelumne Hill; mapped with Census 2020 ZCTA 95248 in Calaveras County.,,,,
95224 Murphys,zcta,95224,Murphys,38.2313239,-120.3226879,403082,,2024-06-30,10,0,Zillow ZIP-level market for Murphys; mapped with Census 2020 ZCTA 95224 in Calaveras County.,,,,
95225 Valley Springs,zcta,95225,Valley Springs,38.2025516,-120.8641483,579529,,2024-06-30,10,0,Zillow ZIP-level market for Valley Springs; mapped with Census 2020 ZCTA 95225 in Calaveras County.,,,,
95252 Valley Springs,zcta,95252,Valley Springs,38.1586282,-120.8432468,485653,,2024-07-31,10,0,Zillow ZIP-level market for Valley Springs; mapped with Census 2020 ZCTA 95252 in Calaveras County.,,,,
95222 Angels Camp,zcta,95222,Angels Camp,38.0513304,-120.5901733,467304,,2024-07-31,10,0,Zillow ZIP-level market for Angels Camp; mapped with Census 2020 ZCTA 95222 in Calaveras County.,,,,
95249 San Andreas,zcta,95249,San Andreas,38.1899501,-120.6195548,365189,,2024-07-31,10,0,Zillow ZIP-level market for San Andreas; mapped with Census 2020 ZCTA 95249 in Calaveras County.,,,,
95228 Copperopolis,zcta,95228,Copperopolis,37.9072653,-120.6883275,541549,,2024-07-31,10,0,Zillow ZIP-level market for Copperopolis; mapped with Census 2020 ZCTA 95228 in Calaveras County.,,,,
95247 Murphys,zcta,95247,Murphys,38.1360927,-120.4439416,520654,,2024-07-31,10,0,Zillow ZIP-level market for Murphys; mapped with Census 2020 ZCTA 95247 in Calaveras County.,,,,
95223 Avery,zcta,95223,Avery,38.4463225,-119.8129575,455706,,2024-07-31,10,0,Zillow ZIP-level market for Avery; mapped with Census 2020 ZCTA 95223 in Calaveras County.,,,,
95245 Mokelumne Hill,zcta,95245,Mokelumne Hill,38.3027468,-120.6094652,375023,,2024-07-31,10,0,Zillow ZIP-level market for Mokelumne Hill; mapped with Census 2020 ZCTA 95245 in Calaveras County.,,,,
95246 Mountain Ranch,zcta,95246,Mountain Ranch,38.2497077,-120.488857,380314,,2024-07-31,10,0,Zillow ZIP-level market for Mountain Ranch; mapped with Census 2020 ZCTA 95246 in Calaveras County.,,,,
95255 West Point,zcta,95255,West Point,38.4198522,-120.4800231,302397,,2024-07-31,10,0,Zillow ZIP-level market for West Point; mapped with Census 2020 ZCTA 95255 in Calaveras County.,,,,
95254 Wallace,zcta,95254,Wallace,38.1998379,-120.9642416,588572,,2024-07-31,10,0,Zillow ZIP-level market for Wallace; mapped with Census 2020 ZCTA 95254 in Calaveras County.,,,,
95232 Glencoe,zcta,95232,Glencoe,38.3605261,-120.5772427,344496,,2024-07-31,10,0,Zillow ZIP-level market for Glencoe; mapped with Census 2020 ZCTA 95232 in Calaveras County.,,,,
95233 Murphys,zcta,95233,Murphys,38.1861875,-120.3685566,377261,,2024-07-31,10,0,Zillow ZIP-level market for Murphys; mapped with Census 2020 ZCTA 95233 in Calaveras County.,,,,
95257 Wilseyville,zcta,95257,Wilseyville,38.3799265,-120.4680167,295139,,2024-07-31,10,0,Zillow ZIP-level market for Wilseyville; mapped with Census 2020 ZCTA 95257 in Calaveras County.,,,,
95248 Mokelumne Hill,zcta,95248,Mokelumne Hill,38.3177091,-120.4611116,347260,,2024-07-31,10,0,Zillow ZIP-level market for Mokelumne Hill; mapped with Census 2020 ZCTA 95248 in Calaveras County.,,,,
95224 Murphys,zcta,95224,Murphys,38.2313239,-120.3226879,403000,,2024-07-31,10,0,Zillow ZIP-level market for Murphys; mapped with Census 2020 ZCTA 95224 in Calaveras County.,,,,
95225 Valley Springs,zcta,95225,Valley Springs,38.2025516,-120.8641483,579727,,2024-07-31,10,0,Zillow ZIP-level market for Valley Springs; mapped with Census 2020 ZCTA 95225 in Calaveras County.,,,,
95252 Valley Springs,zcta,95252,Valley Springs,38.1586282,-120.8432468,485356,,2024-08-31,10,0,Zillow ZIP-level market for Valley Springs; mapped with Census 2020 ZCTA 95252 in Calaveras County.,,,,
95222 Angels Camp,zcta,95222,Angels Camp,38.0513304,-120.5901733,466139,,2024-08-31,10,0,Zillow ZIP-level market for Angels Camp; mapped with Census 2020 ZCTA 95222 in Calaveras County.,,,,
95249 San Andreas,zcta,95249,San Andreas,38.1899501,-120.6195548,364418,,2024-08-31,10,0,Zillow ZIP-level market for San Andreas; mapped with Census 2020 ZCTA 95249 in Calaveras County.,,,,
95228 Copperopolis,zcta,95228,Copperopolis,37.9072653,-120.6883275,541490,,2024-08-31,10,0,Zillow ZIP-level market for Copperopolis; mapped with Census 2020 ZCTA 95228 in Calaveras County.,,,,
95247 Murphys,zcta,95247,Murphys,38.1360927,-120.4439416,520035,,2024-08-31,10,0,Zillow ZIP-level market for Murphys; mapped with Census 2020 ZCTA 95247 in Calaveras County.,,,,
95223 Avery,zcta,95223,Avery,38.4463225,-119.8129575,455147,,2024-08-31,10,0,Zillow ZIP-level market for Avery; mapped with Census 2020 ZCTA 95223 in Calaveras County.,,,,
95245 Mokelumne Hill,zcta,95245,Mokelumne Hill,38.3027468,-120.6094652,374074,,2024-08-31,10,0,Zillow ZIP-level market for Mokelumne Hill; mapped with Census 2020 ZCTA 95245 in Calaveras County.,,,,
95246 Mountain Ranch,zcta,95246,Mountain Ranch,38.2497077,-120.488857,379036,,2024-08-31,10,0,Zillow ZIP-level market for Mountain Ranch; mapped with Census 2020 ZCTA 95246 in Calaveras County.,,,,
95255 West Point,zcta,95255,West Point,38.4198522,-120.4800231,302131,,2024-08-31,10,0,Zillow ZIP-level market for West Point; mapped with Census 2020 ZCTA 95255 in Calaveras County.,,,,
95254 Wallace,zcta,95254,Wallace,38.1998379,-120.9642416,586455,,2024-08-31,10,0,Zillow ZIP-level market for Wallace; mapped with Census 2020 ZCTA 95254 in Calaveras County.,,,,
95232 Glencoe,zcta,95232,Glencoe,38.3605261,-120.5772427,343979,,2024-08-31,10,0,Zillow ZIP-level market for Glencoe; mapped with Census 2020 ZCTA 95232 in Calaveras County.,,,,
95233 Murphys,zcta,95233,Murphys,38.1861875,-120.3685566,377617,,2024-08-31,10,0,Zillow ZIP-level market for Murphys; mapped with Census 2020 ZCTA 95233 in Calaveras County.,,,,
95257 Wilseyville,zcta,95257,Wilseyville,38.3799265,-120.4680167,295787,,2024-08-31,10,0,Zillow ZIP-level market for Wilseyville; mapped with Census 2020 ZCTA 95257 in Calaveras County.,,,,
95248 Mokelumne Hill,zcta,95248,Mokelumne Hill,38.3177091,-120.4611116,345336,,2024-08-31,10,0,Zillow ZIP-level market for Mokelumne Hill; mapped with Census 2020 ZCTA 95248 in Calaveras County.,,,,
95224 Murphys,zcta,95224,Murphys,38.2313239,-120.3226879,402737,,2024-08-31,10,0,Zillow ZIP-level market for Murphys; mapped with Census 2020 ZCTA 95224 in Calaveras County.,,,,
95225 Valley Springs,zcta,95225,Valley Springs,38.2025516,-120.8641483,579398,,2024-08-31,10,0,Zillow ZIP-level market for Valley Springs; mapped with Census 2020 ZCTA 95225 in Calaveras County.,,,,
95252 Valley Springs,zcta,95252,Valley Springs,38.1586282,-120.8432468,485620,,2024-09-30,10,0,Zillow ZIP-level market for Valley Springs; mapped with Census 2020 ZCTA 95252 in Calaveras County.,,,,
95222 Angels Camp,zcta,95222,Angels Camp,38.0513304,-120.5901733,465427,,2024-09-30,10,0,Zillow ZIP-level market for Angels Camp; mapped with Census 2020 ZCTA 95222 in Calaveras County.,,,,
95249 San Andreas,zcta,95249,San Andreas,38.1899501,-120.6195548,363523,,2024-09-30,10,0,Zillow ZIP-level market for San Andreas; mapped with Census 2020 ZCTA 95249 in Calaveras County.,,,,
95228 Copperopolis,zcta,95228,Copperopolis,37.9072653,-120.6883275,541749,,2024-09-30,10,0,Zillow ZIP-level market for Copperopolis; mapped with Census 2020 ZCTA 95228 in Calaveras County.,,,,
95247 Murphys,zcta,95247,Murphys,38.1360927,-120.4439416,519470,,2024-09-30,10,0,Zillow ZIP-level market for Murphys; mapped with Census 2020 ZCTA 95247 in Calaveras County.,,,,
95223 Avery,zcta,95223,Avery,38.4463225,-119.8129575,455606,,2024-09-30,10,0,Zillow ZIP-level market for Avery; mapped with Census 2020 ZCTA 95223 in Calaveras County.,,,,
95245 Mokelumne Hill,zcta,95245,Mokelumne Hill,38.3027468,-120.6094652,372006,,2024-09-30,10,0,Zillow ZIP-level market for Mokelumne Hill; mapped with Census 2020 ZCTA 95245 in Calaveras County.,,,,
95246 Mountain Ranch,zcta,95246,Mountain Ranch,38.2497077,-120.488857,377622,,2024-09-30,10,0,Zillow ZIP-level market for Mountain Ranch; mapped with Census 2020 ZCTA 95246 in Calaveras County.,,,,
95255 West Point,zcta,95255,West Point,38.4198522,-120.4800231,300397,,2024-09-30,10,0,Zillow ZIP-level market for West Point; mapped with Census 2020 ZCTA 95255 in Calaveras County.,,,,
95254 Wallace,zcta,95254,Wallace,38.1998379,-120.9642416,584861,,2024-09-30,10,0,Zillow ZIP-level market for Wallace; mapped with Census 2020 ZCTA 95254 in Calaveras County.,,,,
95232 Glencoe,zcta,95232,Glencoe,38.3605261,-120.5772427,342362,,2024-09-30,10,0,Zillow ZIP-level market for Glencoe; mapped with Census 2020 ZCTA 95232 in Calaveras County.,,,,
95233 Murphys,zcta,95233,Murphys,38.1861875,-120.3685566,377561,,2024-09-30,10,0,Zillow ZIP-level market for Murphys; mapped with Census 2020 ZCTA 95233 in Calaveras County.,,,,
95257 Wilseyville,zcta,95257,Wilseyville,38.3799265,-120.4680167,295719,,2024-09-30,10,0,Zillow ZIP-level market for Wilseyville; mapped with Census 2020 ZCTA 95257 in Calaveras County.,,,,
95248 Mokelumne Hill,zcta,95248,Mokelumne Hill,38.3177091,-120.4611116,341729,,2024-09-30,10,0,Zillow ZIP-level market for Mokelumne Hill; mapped with Census 2020 ZCTA 95248 in Calaveras County.,,,,
95224 Murphys,zcta,95224,Murphys,38.2313239,-120.3226879,402822,,2024-09-30,10,0,Zillow ZIP-level market for Murphys; mapped with Census 2020 ZCTA 95224 in Calaveras County.,,,,
95225 Valley Springs,zcta,95225,Valley Springs,38.2025516,-120.8641483,578007,,2024-09-30,10,0,Zillow ZIP-level market for Valley Springs; mapped with Census 2020 ZCTA 95225 in Calaveras County.,,,,
95252 Valley Springs,zcta,95252,Valley Springs,38.1586282,-120.8432468,486125,,2024-10-31,10,0,Zillow ZIP-level market for Valley Springs; mapped with Census 2020 ZCTA 95252 in Calaveras County.,,,,
95222 Angels Camp,zcta,95222,Angels Camp,38.0513304,-120.5901733,466199,,2024-10-31,10,0,Zillow ZIP-level market for Angels Camp; mapped with Census 2020 ZCTA 95222 in Calaveras County.,,,,
95249 San Andreas,zcta,95249,San Andreas,38.1899501,-120.6195548,363311,,2024-10-31,10,0,Zillow ZIP-level market for San Andreas; mapped with Census 2020 ZCTA 95249 in Calaveras County.,,,,
95228 Copperopolis,zcta,95228,Copperopolis,37.9072653,-120.6883275,542922,,2024-10-31,10,0,Zillow ZIP-level market for Copperopolis; mapped with Census 2020 ZCTA 95228 in Calaveras County.,,,,
95247 Murphys,zcta,95247,Murphys,38.1360927,-120.4439416,519225,,2024-10-31,10,0,Zillow ZIP-level market for Murphys; mapped with Census 2020 ZCTA 95247 in Calaveras County.,,,,
95223 Avery,zcta,95223,Avery,38.4463225,-119.8129575,457505,,2024-10-31,10,0,Zillow ZIP-level market for Avery; mapped with Census 2020 ZCTA 95223 in Calaveras County.,,,,
95245 Mokelumne Hill,zcta,95245,Mokelumne Hill,38.3027468,-120.6094652,371051,,2024-10-31,10,0,Zillow ZIP-level market for Mokelumne Hill; mapped with Census 2020 ZCTA 95245 in Calaveras County.,,,,
95246 Mountain Ranch,zcta,95246,Mountain Ranch,38.2497077,-120.488857,376983,,2024-10-31,10,0,Zillow ZIP-level market for Mountain Ranch; mapped with Census 2020 ZCTA 95246 in Calaveras County.,,,,
95255 West Point,zcta,95255,West Point,38.4198522,-120.4800231,299068,,2024-10-31,10,0,Zillow ZIP-level market for West Point; mapped with Census 2020 ZCTA 95255 in Calaveras County.,,,,
95254 Wallace,zcta,95254,Wallace,38.1998379,-120.9642416,585387,,2024-10-31,10,0,Zillow ZIP-level market for Wallace; mapped with Census 2020 ZCTA 95254 in Calaveras County.,,,,
95232 Glencoe,zcta,95232,Glencoe,38.3605261,-120.5772427,340640,,2024-10-31,10,0,Zillow ZIP-level market for Glencoe; mapped with Census 2020 ZCTA 95232 in Calaveras County.,,,,
95233 Murphys,zcta,95233,Murphys,38.1861875,-120.3685566,378379,,2024-10-31,10,0,Zillow ZIP-level market for Murphys; mapped with Census 2020 ZCTA 95233 in Calaveras County.,,,,
95257 Wilseyville,zcta,95257,Wilseyville,38.3799265,-120.4680167,296003,,2024-10-31,10,0,Zillow ZIP-level market for Wilseyville; mapped with Census 2020 ZCTA 95257 in Calaveras County.,,,,
95248 Mokelumne Hill,zcta,95248,Mokelumne Hill,38.3177091,-120.4611116,339827,,2024-10-31,10,0,Zillow ZIP-level market for Mokelumne Hill; mapped with Census 2020 ZCTA 95248 in Calaveras County.,,,,
95224 Murphys,zcta,95224,Murphys,38.2313239,-120.3226879,403047,,2024-10-31,10,0,Zillow ZIP-level market for Murphys; mapped with Census 2020 ZCTA 95224 in Calaveras County.,,,,
95225 Valley Springs,zcta,95225,Valley Springs,38.2025516,-120.8641483,577057,,2024-10-31,10,0,Zillow ZIP-level market for Valley Springs; mapped with Census 2020 ZCTA 95225 in Calaveras County.,,,,
95252 Valley Springs,zcta,95252,Valley Springs,38.1586282,-120.8432468,485787,,2024-11-30,10,0,Zillow ZIP-level market for Valley Springs; mapped with Census 2020 ZCTA 95252 in Calaveras County.,,,,
95222 Angels Camp,zcta,95222,Angels Camp,38.0513304,-120.5901733,466904,,2024-11-30,10,0,Zillow ZIP-level market for Angels Camp; mapped with Census 2020 ZCTA 95222 in Calaveras County.,,,,
95249 San Andreas,zcta,95249,San Andreas,38.1899501,-120.6195548,362595,,2024-11-30,10,0,Zillow ZIP-level market for San Andreas; mapped with Census 2020 ZCTA 95249 in Calaveras County.,,,,
95228 Copperopolis,zcta,95228,Copperopolis,37.9072653,-120.6883275,543384,,2024-11-30,10,0,Zillow ZIP-level market for Copperopolis; mapped with Census 2020 ZCTA 95228 in Calaveras County.,,,,
95247 Murphys,zcta,95247,Murphys,38.1360927,-120.4439416,518871,,2024-11-30,10,0,Zillow ZIP-level market for Murphys; mapped with Census 2020 ZCTA 95247 in Calaveras County.,,,,
95223 Avery,zcta,95223,Avery,38.4463225,-119.8129575,459101,,2024-11-30,10,0,Zillow ZIP-level market for Avery; mapped with Census 2020 ZCTA 95223 in Calaveras County.,,,,
95245 Mokelumne Hill,zcta,95245,Mokelumne Hill,38.3027468,-120.6094652,369513,,2024-11-30,10,0,Zillow ZIP-level market for Mokelumne Hill; mapped with Census 2020 ZCTA 95245 in Calaveras County.,,,,
95246 Mountain Ranch,zcta,95246,Mountain Ranch,38.2497077,-120.488857,375494,,2024-11-30,10,0,Zillow ZIP-level market for Mountain Ranch; mapped with Census 2020 ZCTA 95246 in Calaveras County.,,,,
95255 West Point,zcta,95255,West Point,38.4198522,-120.4800231,297671,,2024-11-30,10,0,Zillow ZIP-level market for West Point; mapped with Census 2020 ZCTA 95255 in Calaveras County.,,,,
95254 Wallace,zcta,95254,Wallace,38.1998379,-120.9642416,586774,,2024-11-30,10,0,Zillow ZIP-level market for Wallace; mapped with Census 2020 ZCTA 95254 in Calaveras County.,,,,
95232 Glencoe,zcta,95232,Glencoe,38.3605261,-120.5772427,337504,,2024-11-30,10,0,Zillow ZIP-level market for Glencoe; mapped with Census 2020 ZCTA 95232 in Calaveras County.,,,,
95233 Murphys,zcta,95233,Murphys,38.1861875,-120.3685566,379081,,2024-11-30,10,0,Zillow ZIP-level market for Murphys; mapped with Census 2020 ZCTA 95233 in Calaveras County.,,,,
95257 Wilseyville,zcta,95257,Wilseyville,38.3799265,-120.4680167,295756,,2024-11-30,10,0,Zillow ZIP-level market for Wilseyville; mapped with Census 2020 ZCTA 95257 in Calaveras County.,,,,
95248 Mokelumne Hill,zcta,95248,Mokelumne Hill,38.3177091,-120.4611116,337902,,2024-11-30,10,0,Zillow ZIP-level market for Mokelumne Hill; mapped with Census 2020 ZCTA 95248 in Calaveras County.,,,,
95224 Murphys,zcta,95224,Murphys,38.2313239,-120.3226879,402912,,2024-11-30,10,0,Zillow ZIP-level market for Murphys; mapped with Census 2020 ZCTA 95224 in Calaveras County.,,,,
95225 Valley Springs,zcta,95225,Valley Springs,38.2025516,-120.8641483,575449,,2024-11-30,10,0,Zillow ZIP-level market for Valley Springs; mapped with Census 2020 ZCTA 95225 in Calaveras County.,,,,
95252 Valley Springs,zcta,95252,Valley Springs,38.1586282,-120.8432468,486131,,2024-12-31,10,0,Zillow ZIP-level market for Valley Springs; mapped with Census 2020 ZCTA 95252 in Calaveras County.,,,,
95222 Angels Camp,zcta,95222,Angels Camp,38.0513304,-120.5901733,468500,,2024-12-31,10,0,Zillow ZIP-level market for Angels Camp; mapped with Census 2020 ZCTA 95222 in Calaveras County.,,,,
95249 San Andreas,zcta,95249,San Andreas,38.1899501,-120.6195548,362882,,2024-12-31,10,0,Zillow ZIP-level market for San Andreas; mapped with Census 2020 ZCTA 95249 in Calaveras County.,,,,
95228 Copperopolis,zcta,95228,Copperopolis,37.9072653,-120.6883275,543566,,2024-12-31,10,0,Zillow ZIP-level market for Copperopolis; mapped with Census 2020 ZCTA 95228 in Calaveras County.,,,,
95247 Murphys,zcta,95247,Murphys,38.1360927,-120.4439416,519248,,2024-12-31,10,0,Zillow ZIP-level market for Murphys; mapped with Census 2020 ZCTA 95247 in Calaveras County.,,,,
95223 Avery,zcta,95223,Avery,38.4463225,-119.8129575,461356,,2024-12-31,10,0,Zillow ZIP-level market for Avery; mapped with Census 2020 ZCTA 95223 in Calaveras County.,,,,
95245 Mokelumne Hill,zcta,95245,Mokelumne Hill,38.3027468,-120.6094652,368941,,2024-12-31,10,0,Zillow ZIP-level market for Mokelumne Hill; mapped with Census 2020 ZCTA 95245 in Calaveras County.,,,,
95246 Mountain Ranch,zcta,95246,Mountain Ranch,38.2497077,-120.488857,374734,,2024-12-31,10,0,Zillow ZIP-level market for Mountain Ranch; mapped with Census 2020 ZCTA 95246 in Calaveras County.,,,,
95255 West Point,zcta,95255,West Point,38.4198522,-120.4800231,298102,,2024-12-31,10,0,Zillow ZIP-level market for West Point; mapped with Census 2020 ZCTA 95255 in Calaveras County.,,,,
95254 Wallace,zcta,95254,Wallace,38.1998379,-120.9642416,589031,,2024-12-31,10,0,Zillow ZIP-level market for Wallace; mapped with Census 2020 ZCTA 95254 in Calaveras County.,,,,
95232 Glencoe,zcta,95232,Glencoe,38.3605261,-120.5772427,335969,,2024-12-31,10,0,Zillow ZIP-level market for Glencoe; mapped with Census 2020 ZCTA 95232 in Calaveras County.,,,,
95233 Murphys,zcta,95233,Murphys,38.1861875,-120.3685566,380633,,2024-12-31,10,0,Zillow ZIP-level market for Murphys; mapped with Census 2020 ZCTA 95233 in Calaveras County.,,,,
95257 Wilseyville,zcta,95257,Wilseyville,38.3799265,-120.4680167,296749,,2024-12-31,10,0,Zillow ZIP-level market for Wilseyville; mapped with Census 2020 ZCTA 95257 in Calaveras County.,,,,
95248 Mokelumne Hill,zcta,95248,Mokelumne Hill,38.3177091,-120.4611116,337904,,2024-12-31,10,0,Zillow ZIP-level market for Mokelumne Hill; mapped with Census 2020 ZCTA 95248 in Calaveras County.,,,,
95224 Murphys,zcta,95224,Murphys,38.2313239,-120.3226879,403380,,2024-12-31,10,0,Zillow ZIP-level market for Murphys; mapped with Census 2020 ZCTA 95224 in Calaveras County.,,,,
95225 Valley Springs,zcta,95225,Valley Springs,38.2025516,-120.8641483,576257,,2024-12-31,10,0,Zillow ZIP-level market for Valley Springs; mapped with Census 2020 ZCTA 95225 in Calaveras County.,,,,
95252 Valley Springs,zcta,95252,Valley Springs,38.1586282,-120.8432468,486690,,2025-01-31,10,0,Zillow ZIP-level market for Valley Springs; mapped with Census 2020 ZCTA 95252 in Calaveras County.,,,,
95222 Angels Camp,zcta,95222,Angels Camp,38.0513304,-120.5901733,469664,,2025-01-31,10,0,Zillow ZIP-level market for Angels Camp; mapped with Census 2020 ZCTA 95222 in Calaveras County.,,,,
95249 San Andreas,zcta,95249,San Andreas,38.1899501,-120.6195548,363132,,2025-01-31,10,0,Zillow ZIP-level market for San Andreas; mapped with Census 2020 ZCTA 95249 in Calaveras County.,,,,
95228 Copperopolis,zcta,95228,Copperopolis,37.9072653,-120.6883275,543726,,2025-01-31,10,0,Zillow ZIP-level market for Copperopolis; mapped with Census 2020 ZCTA 95228 in Calaveras County.,,,,
95247 Murphys,zcta,95247,Murphys,38.1360927,-120.4439416,519061,,2025-01-31,10,0,Zillow ZIP-level market for Murphys; mapped with Census 2020 ZCTA 95247 in Calaveras County.,,,,
95223 Avery,zcta,95223,Avery,38.4463225,-119.8129575,462679,,2025-01-31,10,0,Zillow ZIP-level market for Avery; mapped with Census 2020 ZCTA 95223 in Calaveras County.,,,,
95245 Mokelumne Hill,zcta,95245,Mokelumne Hill,38.3027468,-120.6094652,368259,,2025-01-31,10,0,Zillow ZIP-level market for Mokelumne Hill; mapped with Census 2020 ZCTA 95245 in Calaveras County.,,,,
95246 Mountain Ranch,zcta,95246,Mountain Ranch,38.2497077,-120.488857,373036,,2025-01-31,10,0,Zillow ZIP-level market for Mountain Ranch; mapped with Census 2020 ZCTA 95246 in Calaveras County.,,,,
95255 West Point,zcta,95255,West Point,38.4198522,-120.4800231,298406,,2025-01-31,10,0,Zillow ZIP-level market for West Point; mapped with Census 2020 ZCTA 95255 in Calaveras County.,,,,
95254 Wallace,zcta,95254,Wallace,38.1998379,-120.9642416,589458,,2025-01-31,10,0,Zillow ZIP-level market for Wallace; mapped with Census 2020 ZCTA 95254 in Calaveras County.,,,,
95232 Glencoe,zcta,95232,Glencoe,38.3605261,-120.5772427,334508,,2025-01-31,10,0,Zillow ZIP-level market for Glencoe; mapped with Census 2020 ZCTA 95232 in Calaveras County.,,,,
95233 Murphys,zcta,95233,Murphys,38.1861875,-120.3685566,381215,,2025-01-31,10,0,Zillow ZIP-level market for Murphys; mapped with Census 2020 ZCTA 95233 in Calaveras County.,,,,
95257 Wilseyville,zcta,95257,Wilseyville,38.3799265,-120.4680167,297539,,2025-01-31,10,0,Zillow ZIP-level market for Wilseyville; mapped with Census 2020 ZCTA 95257 in Calaveras County.,,,,
95248 Mokelumne Hill,zcta,95248,Mokelumne Hill,38.3177091,-120.4611116,337599,,2025-01-31,10,0,Zillow ZIP-level market for Mokelumne Hill; mapped with Census 2020 ZCTA 95248 in Calaveras County.,,,,
95224 Murphys,zcta,95224,Murphys,38.2313239,-120.3226879,404238,,2025-01-31,10,0,Zillow ZIP-level market for Murphys; mapped with Census 2020 ZCTA 95224 in Calaveras County.,,,,
95225 Valley Springs,zcta,95225,Valley Springs,38.2025516,-120.8641483,576005,,2025-01-31,10,0,Zillow ZIP-level market for Valley Springs; mapped with Census 2020 ZCTA 95225 in Calaveras County.,,,,
95252 Valley Springs,zcta,95252,Valley Springs,38.1586282,-120.8432468,487459,,2025-02-28,10,0,Zillow ZIP-level market for Valley Springs; mapped with Census 2020 ZCTA 95252 in Calaveras County.,,,,
95222 Angels Camp,zcta,95222,Angels Camp,38.0513304,-120.5901733,470548,,2025-02-28,10,0,Zillow ZIP-level market for Angels Camp; mapped with Census 2020 ZCTA 95222 in Calaveras County.,,,,
95249 San Andreas,zcta,95249,San Andreas,38.1899501,-120.6195548,363257,,2025-02-28,10,0,Zillow ZIP-level market for San Andreas; mapped with Census 2020 ZCTA 95249 in Calaveras County.,,,,
95228 Copperopolis,zcta,95228,Copperopolis,37.9072653,-120.6883275,543792,,2025-02-28,10,0,Zillow ZIP-level market for Copperopolis; mapped with Census 2020 ZCTA 95228 in Calaveras County.,,,,
95247 Murphys,zcta,95247,Murphys,38.1360927,-120.4439416,518811,,2025-02-28,10,0,Zillow ZIP-level market for Murphys; mapped with Census 2020 ZCTA 95247 in Calaveras County.,,,,
95223 Avery,zcta,95223,Avery,38.4463225,-119.8129575,462829,,2025-02-28,10,0,Zillow ZIP-level market for Avery; mapped with Census 2020 ZCTA 95223 in Calaveras County.,,,,
95245 Mokelumne Hill,zcta,95245,Mokelumne Hill,38.3027468,-120.6094652,368838,,2025-02-28,10,0,Zillow ZIP-level market for Mokelumne Hill; mapped with Census 2020 ZCTA 95245 in Calaveras County.,,,,
95246 Mountain Ranch,zcta,95246,Mountain Ranch,38.2497077,-120.488857,371917,,2025-02-28,10,0,Zillow ZIP-level market for Mountain Ranch; mapped with Census 2020 ZCTA 95246 in Calaveras County.,,,,
95255 West Point,zcta,95255,West Point,38.4198522,-120.4800231,299395,,2025-02-28,10,0,Zillow ZIP-level market for West Point; mapped with Census 2020 ZCTA 95255 in Calaveras County.,,,,
95254 Wallace,zcta,95254,Wallace,38.1998379,-120.9642416,589611,,2025-02-28,10,0,Zillow ZIP-level market for Wallace; mapped with Census 2020 ZCTA 95254 in Calaveras County.,,,,
95232 Glencoe,zcta,95232,Glencoe,38.3605261,-120.5772427,334656,,2025-02-28,10,0,Zillow ZIP-level market for Glencoe; mapped with Census 2020 ZCTA 95232 in Calaveras County.,,,,
95233 Murphys,zcta,95233,Murphys,38.1861875,-120.3685566,381654,,2025-02-28,10,0,Zillow ZIP-level market for Murphys; mapped with Census 2020 ZCTA 95233 in Calaveras County.,,,,
95257 Wilseyville,zcta,95257,Wilseyville,38.3799265,-120.4680167,298091,,2025-02-28,10,0,Zillow ZIP-level market for Wilseyville; mapped with Census 2020 ZCTA 95257 in Calaveras County.,,,,
95248 Mokelumne Hill,zcta,95248,Mokelumne Hill,38.3177091,-120.4611116,337963,,2025-02-28,10,0,Zillow ZIP-level market for Mokelumne Hill; mapped with Census 2020 ZCTA 95248 in Calaveras County.,,,,
95224 Murphys,zcta,95224,Murphys,38.2313239,-120.3226879,405405,,2025-02-28,10,0,Zillow ZIP-level market for Murphys; mapped with Census 2020 ZCTA 95224 in Calaveras County.,,,,
95225 Valley Springs,zcta,95225,Valley Springs,38.2025516,-120.8641483,576527,,2025-02-28,10,0,Zillow ZIP-level market for Valley Springs; mapped with Census 2020 ZCTA 95225 in Calaveras County.,,,,
95252 Valley Springs,zcta,95252,Valley Springs,38.1586282,-120.8432468,487225,,2025-03-31,10,0,Zillow ZIP-level market for Valley Springs; mapped with Census 2020 ZCTA 95252 in Calaveras County.,,,,
95222 Angels Camp,zcta,95222,Angels Camp,38.0513304,-120.5901733,469439,,2025-03-31,10,0,Zillow ZIP-level market for Angels Camp; mapped with Census 2020 ZCTA 95222 in Calaveras County.,,,,
95249 San Andreas,zcta,95249,San Andreas,38.1899501,-120.6195548,362796,,2025-03-31,10,0,Zillow ZIP-level market for San Andreas; mapped with Census 2020 ZCTA 95249 in Calaveras County.,,,,
95228 Copperopolis,zcta,95228,Copperopolis,37.9072653,-120.6883275,543506,,2025-03-31,10,0,Zillow ZIP-level market for Copperopolis; mapped with Census 2020 ZCTA 95228 in Calaveras County.,,,,
95247 Murphys,zcta,95247,Murphys,38.1360927,-120.4439416,517457,,2025-03-31,10,0,Zillow ZIP-level market for Murphys; mapped with Census 2020 ZCTA 95247 in Calaveras County.,,,,
95223 Avery,zcta,95223,Avery,38.4463225,-119.8129575,461503,,2025-03-31,10,0,Zillow ZIP-level market for Avery; mapped with Census 2020 ZCTA 95223 in Calaveras County.,,,,
95245 Mokelumne Hill,zcta,95245,Mokelumne Hill,38.3027468,-120.6094652,369077,,2025-03-31,10,0,Zillow ZIP-level market for Mokelumne Hill; mapped with Census 2020 ZCTA 95245 in Calaveras County.,,,,
95246 Mountain Ranch,zcta,95246,Mountain Ranch,38.2497077,-120.488857,369662,,2025-03-31,10,0,Zillow ZIP-level market for Mountain Ranch; mapped with Census 2020 ZCTA 95246 in Calaveras County.,,,,
95255 West Point,zcta,95255,West Point,38.4198522,-120.4800231,299071,,2025-03-31,10,0,Zillow ZIP-level market for West Point; mapped with Census 2020 ZCTA 95255 in Calaveras County.,,,,
95254 Wallace,zcta,95254,Wallace,38.1998379,-120.9642416,588336,,2025-03-31,10,0,Zillow ZIP-level market for Wallace; mapped with Census 2020 ZCTA 95254 in Calaveras County.,,,,
95232 Glencoe,zcta,95232,Glencoe,38.3605261,-120.5772427,334230,,2025-03-31,10,0,Zillow ZIP-level market for Glencoe; mapped with Census 2020 ZCTA 95232 in Calaveras County.,,,,
95233 Murphys,zcta,95233,Murphys,38.1861875,-120.3685566,380786,,2025-03-31,10,0,Zillow ZIP-level market for Murphys; mapped with Census 2020 ZCTA 95233 in Calaveras County.,,,,
95257 Wilseyville,zcta,95257,Wilseyville,38.3799265,-120.4680167,296730,,2025-03-31,10,0,Zillow ZIP-level market for Wilseyville; mapped with Census 2020 ZCTA 95257 in Calaveras County.,,,,
95248 Mokelumne Hill,zcta,95248,Mokelumne Hill,38.3177091,-120.4611116,336940,,2025-03-31,10,0,Zillow ZIP-level market for Mokelumne Hill; mapped with Census 2020 ZCTA 95248 in Calaveras County.,,,,
95224 Murphys,zcta,95224,Murphys,38.2313239,-120.3226879,405714,,2025-03-31,10,0,Zillow ZIP-level market for Murphys; mapped with Census 2020 ZCTA 95224 in Calaveras County.,,,,
95225 Valley Springs,zcta,95225,Valley Springs,38.2025516,-120.8641483,574882,,2025-03-31,10,0,Zillow ZIP-level market for Valley Springs; mapped with Census 2020 ZCTA 95225 in Calaveras County.,,,,
95252 Valley Springs,zcta,95252,Valley Springs,38.1586282,-120.8432468,486827,,2025-04-30,10,0,Zillow ZIP-level market for Valley Springs; mapped with Census 2020 ZCTA 95252 in Calaveras County.,,,,
95222 Angels Camp,zcta,95222,Angels Camp,38.0513304,-120.5901733,468043,,2025-04-30,10,0,Zillow ZIP-level market for Angels Camp; mapped with Census 2020 ZCTA 95222 in Calaveras County.,,,,
95249 San Andreas,zcta,95249,San Andreas,38.1899501,-120.6195548,362536,,2025-04-30,10,0,Zillow ZIP-level market for San Andreas; mapped with Census 2020 ZCTA 95249 in Calaveras County.,,,,
95228 Copperopolis,zcta,95228,Copperopolis,37.9072653,-120.6883275,542685,,2025-04-30,10,0,Zillow ZIP-level market for Copperopolis; mapped with Census 2020 ZCTA 95228 in Calaveras County.,,,,
95247 Murphys,zcta,95247,Murphys,38.1360927,-120.4439416,516909,,2025-04-30,10,0,Zillow ZIP-level market for Murphys; mapped with Census 2020 ZCTA 95247 in Calaveras County.,,,,
95223 Avery,zcta,95223,Avery,38.4463225,-119.8129575,460108,,2025-04-30,10,0,Zillow ZIP-level market for Avery; mapped with Census 2020 ZCTA 95223 in Calaveras County.,,,,
95245 Mokelumne Hill,zcta,95245,Mokelumne Hill,38.3027468,-120.6094652,369243,,2025-04-30,10,0,Zillow ZIP-level market for Mokelumne Hill; mapped with Census 2020 ZCTA 95245 in Calaveras County.,,,,
95246 Mountain Ranch,zcta,95246,Mountain Ranch,38.2497077,-120.488857,367994,,2025-04-30,10,0,Zillow ZIP-level market for Mountain Ranch; mapped with Census 2020 ZCTA 95246 in Calaveras County.,,,,
95255 West Point,zcta,95255,West Point,38.4198522,-120.4800231,298249,,2025-04-30,10,0,Zillow ZIP-level market for West Point; mapped with Census 2020 ZCTA 95255 in Calaveras County.,,,,
95254 Wallace,zcta,95254,Wallace,38.1998379,-120.9642416,587614,,2025-04-30,10,0,Zillow ZIP-level market for Wallace; mapped with Census 2020 ZCTA 95254 in Calaveras County.,,,,
95232 Glencoe,zcta,95232,Glencoe,38.3605261,-120.5772427,333839,,2025-04-30,10,0,Zillow ZIP-level market for Glencoe; mapped with Census 2020 ZCTA 95232 in Calaveras County.,,,,
95233 Murphys,zcta,95233,Murphys,38.1861875,-120.3685566,379628,,2025-04-30,10,0,Zillow ZIP-level market for Murphys; mapped with Census 2020 ZCTA 95233 in Calaveras County.,,,,
95257 Wilseyville,zcta,95257,Wilseyville,38.3799265,-120.4680167,294433,,2025-04-30,10,0,Zillow ZIP-level market for Wilseyville; mapped with Census 2020 ZCTA 95257 in Calaveras County.,,,,
95248 Mokelumne Hill,zcta,95248,Mokelumne Hill,38.3177091,-120.4611116,335310,,2025-04-30,10,0,Zillow ZIP-level market for Mokelumne Hill; mapped with Census 2020 ZCTA 95248 in Calaveras County.,,,,
95224 Murphys,zcta,95224,Murphys,38.2313239,-120.3226879,405181,,2025-04-30,10,0,Zillow ZIP-level market for Murphys; mapped with Census 2020 ZCTA 95224 in Calaveras County.,,,,
95225 Valley Springs,zcta,95225,Valley Springs,38.2025516,-120.8641483,573898,,2025-04-30,10,0,Zillow ZIP-level market for Valley Springs; mapped with Census 2020 ZCTA 95225 in Calaveras County.,,,,
95252 Valley Springs,zcta,95252,Valley Springs,38.1586282,-120.8432468,486093,,2025-05-31,10,0,Zillow ZIP-level market for Valley Springs; mapped with Census 2020 ZCTA 95252 in Calaveras County.,,,,
95222 Angels Camp,zcta,95222,Angels Camp,38.0513304,-120.5901733,466581,,2025-05-31,10,0,Zillow ZIP-level market for Angels Camp; mapped with Census 2020 ZCTA 95222 in Calaveras County.,,,,
95249 San Andreas,zcta,95249,San Andreas,38.1899501,-120.6195548,362844,,2025-05-31,10,0,Zillow ZIP-level market for San Andreas; mapped with Census 2020 ZCTA 95249 in Calaveras County.,,,,
95228 Copperopolis,zcta,95228,Copperopolis,37.9072653,-120.6883275,541567,,2025-05-31,10,0,Zillow ZIP-level market for Copperopolis; mapped with Census 2020 ZCTA 95228 in Calaveras County.,,,,
95247 Murphys,zcta,95247,Murphys,38.1360927,-120.4439416,516383,,2025-05-31,10,0,Zillow ZIP-level market for Murphys; mapped with Census 2020 ZCTA 95247 in Calaveras County.,,,,
95223 Avery,zcta,95223,Avery,38.4463225,-119.8129575,459153,,2025-05-31,10,0,Zillow ZIP-level market for Avery; mapped with Census 2020 ZCTA 95223 in Calaveras County.,,,,
95245 Mokelumne Hill,zcta,95245,Mokelumne Hill,38.3027468,-120.6094652,369059,,2025-05-31,10,0,Zillow ZIP-level market for Mokelumne Hill; mapped with Census 2020 ZCTA 95245 in Calaveras County.,,,,
95246 Mountain Ranch,zcta,95246,Mountain Ranch,38.2497077,-120.488857,366580,,2025-05-31,10,0,Zillow ZIP-level market for Mountain Ranch; mapped with Census 2020 ZCTA 95246 in Calaveras County.,,,,
95255 West Point,zcta,95255,West Point,38.4198522,-120.4800231,296395,,2025-05-31,10,0,Zillow ZIP-level market for West Point; mapped with Census 2020 ZCTA 95255 in Calaveras County.,,,,
95254 Wallace,zcta,95254,Wallace,38.1998379,-120.9642416,586005,,2025-05-31,10,0,Zillow ZIP-level market for Wallace; mapped with Census 2020 ZCTA 95254 in Calaveras County.,,,,
95232 Glencoe,zcta,95232,Glencoe,38.3605261,-120.5772427,333012,,2025-05-31,10,0,Zillow ZIP-level market for Glencoe; mapped with Census 2020 ZCTA 95232 in Calaveras County.,,,,
95233 Murphys,zcta,95233,Murphys,38.1861875,-120.3685566,378402,,2025-05-31,10,0,Zillow ZIP-level market for Murphys; mapped with Census 2020 ZCTA 95233 in Calaveras County.,,,,
95257 Wilseyville,zcta,95257,Wilseyville,38.3799265,-120.4680167,291622,,2025-05-31,10,0,Zillow ZIP-level market for Wilseyville; mapped with Census 2020 ZCTA 95257 in Calaveras County.,,,,
95248 Mokelumne Hill,zcta,95248,Mokelumne Hill,38.3177091,-120.4611116,334290,,2025-05-31,10,0,Zillow ZIP-level market for Mokelumne Hill; mapped with Census 2020 ZCTA 95248 in Calaveras County.,,,,
95224 Murphys,zcta,95224,Murphys,38.2313239,-120.3226879,404610,,2025-05-31,10,0,Zillow ZIP-level market for Murphys; mapped with Census 2020 ZCTA 95224 in Calaveras County.,,,,
95225 Valley Springs,zcta,95225,Valley Springs,38.2025516,-120.8641483,572590,,2025-05-31,10,0,Zillow ZIP-level market for Valley Springs; mapped with Census 2020 ZCTA 95225 in Calaveras County.,,,,
95252 Valley Springs,zcta,95252,Valley Springs,38.1586282,-120.8432468,484763,,2025-06-30,10,0,Zillow ZIP-level market for Valley Springs; mapped with Census 2020 ZCTA 95252 in Calaveras County.,,,,
95222 Angels Camp,zcta,95222,Angels Camp,38.0513304,-120.5901733,464980,,2025-06-30,10,0,Zillow ZIP-level market for Angels Camp; mapped with Census 2020 ZCTA 95222 in Calaveras County.,,,,
95249 San Andreas,zcta,95249,San Andreas,38.1899501,-120.6195548,362317,,2025-06-30,10,0,Zillow ZIP-level market for San Andreas; mapped with Census 2020 ZCTA 95249 in Calaveras County.,,,,
95228 Copperopolis,zcta,95228,Copperopolis,37.9072653,-120.6883275,539544,,2025-06-30,10,0,Zillow ZIP-level market for Copperopolis; mapped with Census 2020 ZCTA 95228 in Calaveras County.,,,,
95247 Murphys,zcta,95247,Murphys,38.1360927,-120.4439416,515453,,2025-06-30,10,0,Zillow ZIP-level market for Murphys; mapped with Census 2020 ZCTA 95247 in Calaveras County.,,,,
95223 Avery,zcta,95223,Avery,38.4463225,-119.8129575,457109,,2025-06-30,10,0,Zillow ZIP-level market for Avery; mapped with Census 2020 ZCTA 95223 in Calaveras County.,,,,
95245 Mokelumne Hill,zcta,95245,Mokelumne Hill,38.3027468,-120.6094652,367411,,2025-06-30,10,0,Zillow ZIP-level market for Mokelumne Hill; mapped with Census 2020 ZCTA 95245 in Calaveras County.,,,,
95246 Mountain Ranch,zcta,95246,Mountain Ranch,38.2497077,-120.488857,363850,,2025-06-30,10,0,Zillow ZIP-level market for Mountain Ranch; mapped with Census 2020 ZCTA 95246 in Calaveras County.,,,,
95255 West Point,zcta,95255,West Point,38.4198522,-120.4800231,293752,,2025-06-30,10,0,Zillow ZIP-level market for West Point; mapped with Census 2020 ZCTA 95255 in Calaveras County.,,,,
95254 Wallace,zcta,95254,Wallace,38.1998379,-120.9642416,583787,,2025-06-30,10,0,Zillow ZIP-level market for Wallace; mapped with Census 2020 ZCTA 95254 in Calaveras County.,,,,
95232 Glencoe,zcta,95232,Glencoe,38.3605261,-120.5772427,331097,,2025-06-30,10,0,Zillow ZIP-level market for Glencoe; mapped with Census 2020 ZCTA 95232 in Calaveras County.,,,,
95233 Murphys,zcta,95233,Murphys,38.1861875,-120.3685566,376683,,2025-06-30,10,0,Zillow ZIP-level market for Murphys; mapped with Census 2020 ZCTA 95233 in Calaveras County.,,,,
95257 Wilseyville,zcta,95257,Wilseyville,38.3799265,-120.4680167,288552,,2025-06-30,10,0,Zillow ZIP-level market for Wilseyville; mapped with Census 2020 ZCTA 95257 in Calaveras County.,,,,
95248 Mokelumne Hill,zcta,95248,Mokelumne Hill,38.3177091,-120.4611116,332520,,2025-06-30,10,0,Zillow ZIP-level market for Mokelumne Hill; mapped with Census 2020 ZCTA 95248 in Calaveras County.,,,,
95224 Murphys,zcta,95224,Murphys,38.2313239,-120.3226879,402670,,2025-06-30,10,0,Zillow ZIP-level market for Murphys; mapped with Census 2020 ZCTA 95224 in Calaveras County.,,,,
95225 Valley Springs,zcta,95225,Valley Springs,38.2025516,-120.8641483,571942,,2025-06-30,10,0,Zillow ZIP-level market for Valley Springs; mapped with Census 2020 ZCTA 95225 in Calaveras County.,,,,
95252 Valley Springs,zcta,95252,Valley Springs,38.1586282,-120.8432468,482942,,2025-07-31,10,0,Zillow ZIP-level market for Valley Springs; mapped with Census 2020 ZCTA 95252 in Calaveras County.,,,,
95222 Angels Camp,zcta,95222,Angels Camp,38.0513304,-120.5901733,462731,,2025-07-31,10,0,Zillow ZIP-level market for Angels Camp; mapped with Census 2020 ZCTA 95222 in Calaveras County.,,,,
95249 San Andreas,zcta,95249,San Andreas,38.1899501,-120.6195548,361194,,2025-07-31,10,0,Zillow ZIP-level market for San Andreas; mapped with Census 2020 ZCTA 95249 in Calaveras County.,,,,
95228 Copperopolis,zcta,95228,Copperopolis,37.9072653,-120.6883275,536754,,2025-07-31,10,0,Zillow ZIP-level market for Copperopolis; mapped with Census 2020 ZCTA 95228 in Calaveras County.,,,,
95247 Murphys,zcta,95247,Murphys,38.1360927,-120.4439416,514315,,2025-07-31,10,0,Zillow ZIP-level market for Murphys; mapped with Census 2020 ZCTA 95247 in Calaveras County.,,,,
95223 Avery,zcta,95223,Avery,38.4463225,-119.8129575,454086,,2025-07-31,10,0,Zillow ZIP-level market for Avery; mapped with Census 2020 ZCTA 95223 in Calaveras County.,,,,
95245 Mokelumne Hill,zcta,95245,Mokelumne Hill,38.3027468,-120.6094652,364503,,2025-07-31,10,0,Zillow ZIP-level market for Mokelumne Hill; mapped with Census 2020 ZCTA 95245 in Calaveras County.,,,,
95246 Mountain Ranch,zcta,95246,Mountain Ranch,38.2497077,-120.488857,359885,,2025-07-31,10,0,Zillow ZIP-level market for Mountain Ranch; mapped with Census 2020 ZCTA 95246 in Calaveras County.,,,,
95255 West Point,zcta,95255,West Point,38.4198522,-120.4800231,290819,,2025-07-31,10,0,Zillow ZIP-level market for West Point; mapped with Census 2020 ZCTA 95255 in Calaveras County.,,,,
95254 Wallace,zcta,95254,Wallace,38.1998379,-120.9642416,580568,,2025-07-31,10,0,Zillow ZIP-level market for Wallace; mapped with Census 2020 ZCTA 95254 in Calaveras County.,,,,
95232 Glencoe,zcta,95232,Glencoe,38.3605261,-120.5772427,328833,,2025-07-31,10,0,Zillow ZIP-level market for Glencoe; mapped with Census 2020 ZCTA 95232 in Calaveras County.,,,,
95233 Murphys,zcta,95233,Murphys,38.1861875,-120.3685566,375996,,2025-07-31,10,0,Zillow ZIP-level market for Murphys; mapped with Census 2020 ZCTA 95233 in Calaveras County.,,,,
95257 Wilseyville,zcta,95257,Wilseyville,38.3799265,-120.4680167,285765,,2025-07-31,10,0,Zillow ZIP-level market for Wilseyville; mapped with Census 2020 ZCTA 95257 in Calaveras County.,,,,
95248 Mokelumne Hill,zcta,95248,Mokelumne Hill,38.3177091,-120.4611116,330215,,2025-07-31,10,0,Zillow ZIP-level market for Mokelumne Hill; mapped with Census 2020 ZCTA 95248 in Calaveras County.,,,,
95224 Murphys,zcta,95224,Murphys,38.2313239,-120.3226879,401118,,2025-07-31,10,0,Zillow ZIP-level market for Murphys; mapped with Census 2020 ZCTA 95224 in Calaveras County.,,,,
95225 Valley Springs,zcta,95225,Valley Springs,38.2025516,-120.8641483,570812,,2025-07-31,10,0,Zillow ZIP-level market for Valley Springs; mapped with Census 2020 ZCTA 95225 in Calaveras County.,,,,
95252 Valley Springs,zcta,95252,Valley Springs,38.1586282,-120.8432468,480535,,2025-08-31,10,0,Zillow ZIP-level market for Valley Springs; mapped with Census 2020 ZCTA 95252 in Calaveras County.,,,,
95222 Angels Camp,zcta,95222,Angels Camp,38.0513304,-120.5901733,459860,,2025-08-31,10,0,Zillow ZIP-level market for Angels Camp; mapped with Census 2020 ZCTA 95222 in Calaveras County.,,,,
95249 San Andreas,zcta,95249,San Andreas,38.1899501,-120.6195548,359291,,2025-08-31,10,0,Zillow ZIP-level market for San Andreas; mapped with Census 2020 ZCTA 95249 in Calaveras County.,,,,
95228 Copperopolis,zcta,95228,Copperopolis,37.9072653,-120.6883275,533251,,2025-08-31,10,0,Zillow ZIP-level market for Copperopolis; mapped with Census 2020 ZCTA 95228 in Calaveras County.,,,,
95247 Murphys,zcta,95247,Murphys,38.1360927,-120.4439416,512915,,2025-08-31,10,0,Zillow ZIP-level market for Murphys; mapped with Census 2020 ZCTA 95247 in Calaveras County.,,,,
95223 Avery,zcta,95223,Avery,38.4463225,-119.8129575,449611,,2025-08-31,10,0,Zillow ZIP-level market for Avery; mapped with Census 2020 ZCTA 95223 in Calaveras County.,,,,
95245 Mokelumne Hill,zcta,95245,Mokelumne Hill,38.3027468,-120.6094652,360278,,2025-08-31,10,0,Zillow ZIP-level market for Mokelumne Hill; mapped with Census 2020 ZCTA 95245 in Calaveras County.,,,,
95246 Mountain Ranch,zcta,95246,Mountain Ranch,38.2497077,-120.488857,354826,,2025-08-31,10,0,Zillow ZIP-level market for Mountain Ranch; mapped with Census 2020 ZCTA 95246 in Calaveras County.,,,,
95255 West Point,zcta,95255,West Point,38.4198522,-120.4800231,287864,,2025-08-31,10,0,Zillow ZIP-level market for West Point; mapped with Census 2020 ZCTA 95255 in Calaveras County.,,,,
95254 Wallace,zcta,95254,Wallace,38.1998379,-120.9642416,576206,,2025-08-31,10,0,Zillow ZIP-level market for Wallace; mapped with Census 2020 ZCTA 95254 in Calaveras County.,,,,
95232 Glencoe,zcta,95232,Glencoe,38.3605261,-120.5772427,324950,,2025-08-31,10,0,Zillow ZIP-level market for Glencoe; mapped with Census 2020 ZCTA 95232 in Calaveras County.,,,,
95233 Murphys,zcta,95233,Murphys,38.1861875,-120.3685566,374122,,2025-08-31,10,0,Zillow ZIP-level market for Murphys; mapped with Census 2020 ZCTA 95233 in Calaveras County.,,,,
95257 Wilseyville,zcta,95257,Wilseyville,38.3799265,-120.4680167,283245,,2025-08-31,10,0,Zillow ZIP-level market for Wilseyville; mapped with Census 2020 ZCTA 95257 in Calaveras County.,,,,
95248 Mokelumne Hill,zcta,95248,Mokelumne Hill,38.3177091,-120.4611116,325906,,2025-08-31,10,0,Zillow ZIP-level market for Mokelumne Hill; mapped with Census 2020 ZCTA 95248 in Calaveras County.,,,,
95224 Murphys,zcta,95224,Murphys,38.2313239,-120.3226879,398886,,2025-08-31,10,0,Zillow ZIP-level market for Murphys; mapped with Census 2020 ZCTA 95224 in Calaveras County.,,,,
95225 Valley Springs,zcta,95225,Valley Springs,38.2025516,-120.8641483,567795,,2025-08-31,10,0,Zillow ZIP-level market for Valley Springs; mapped with Census 2020 ZCTA 95225 in Calaveras County.,,,,
95252 Valley Springs,zcta,95252,Valley Springs,38.1586282,-120.8432468,478540,,2025-09-30,10,0,Zillow ZIP-level market for Valley Springs; mapped with Census 2020 ZCTA 95252 in Calaveras County.,,,,
95222 Angels Camp,zcta,95222,Angels Camp,38.0513304,-120.5901733,457591,,2025-09-30,10,0,Zillow ZIP-level market for Angels Camp; mapped with Census 2020 ZCTA 95222 in Calaveras County.,,,,
95249 San Andreas,zcta,95249,San Andreas,38.1899501,-120.6195548,357100,,2025-09-30,10,0,Zillow ZIP-level market for San Andreas; mapped with Census 2020 ZCTA 95249 in Calaveras County.,,,,
95228 Copperopolis,zcta,95228,Copperopolis,37.9072653,-120.6883275,529859,,2025-09-30,10,0,Zillow ZIP-level market for Copperopolis; mapped with Census 2020 ZCTA 95228 in Calaveras County.,,,,
95247 Murphys,zcta,95247,Murphys,38.1360927,-120.4439416,512336,,2025-09-30,10,0,Zillow ZIP-level market for Murphys; mapped with Census 2020 ZCTA 95247 in Calaveras County.,,,,
95223 Avery,zcta,95223,Avery,38.4463225,-119.8129575,445679,,2025-09-30,10,0,Zillow ZIP-level market for Avery; mapped with Census 2020 ZCTA 95223 in Calaveras County.,,,,
95245 Mokelumne Hill,zcta,95245,Mokelumne Hill,38.3027468,-120.6094652,356120,,2025-09-30,10,0,Zillow ZIP-level market for Mokelumne Hill; mapped with Census 2020 ZCTA 95245 in Calaveras County.,,,,
95246 Mountain Ranch,zcta,95246,Mountain Ranch,38.2497077,-120.488857,351207,,2025-09-30,10,0,Zillow ZIP-level market for Mountain Ranch; mapped with Census 2020 ZCTA 95246 in Calaveras County.,,,,
95255 West Point,zcta,95255,West Point,38.4198522,-120.4800231,285328,,2025-09-30,10,0,Zillow ZIP-level market for West Point; mapped with Census 2020 ZCTA 95255 in Calaveras County.,,,,
95254 Wallace,zcta,95254,Wallace,38.1998379,-120.9642416,572179,,2025-09-30,10,0,Zillow ZIP-level market for Wallace; mapped with Census 2020 ZCTA 95254 in Calaveras County.,,,,
95232 Glencoe,zcta,95232,Glencoe,38.3605261,-120.5772427,320937,,2025-09-30,10,0,Zillow ZIP-level market for Glencoe; mapped with Census 2020 ZCTA 95232 in Calaveras County.,,,,
95233 Murphys,zcta,95233,Murphys,38.1861875,-120.3685566,372644,,2025-09-30,10,0,Zillow ZIP-level market for Murphys; mapped with Census 2020 ZCTA 95233 in Calaveras County.,,,,
95257 Wilseyville,zcta,95257,Wilseyville,38.3799265,-120.4680167,281074,,2025-09-30,10,0,Zillow ZIP-level market for Wilseyville; mapped with Census 2020 ZCTA 95257 in Calaveras County.,,,,
95248 Mokelumne Hill,zcta,95248,Mokelumne Hill,38.3177091,-120.4611116,321502,,2025-09-30,10,0,Zillow ZIP-level market for Mokelumne Hill; mapped with Census 2020 ZCTA 95248 in Calaveras County.,,,,
95224 Murphys,zcta,95224,Murphys,38.2313239,-120.3226879,397631,,2025-09-30,10,0,Zillow ZIP-level market for Murphys; mapped with Census 2020 ZCTA 95224 in Calaveras County.,,,,
95225 Valley Springs,zcta,95225,Valley Springs,38.2025516,-120.8641483,564560,,2025-09-30,10,0,Zillow ZIP-level market for Valley Springs; mapped with Census 2020 ZCTA 95225 in Calaveras County.,,,,
95252 Valley Springs,zcta,95252,Valley Springs,38.1586282,-120.8432468,476788,,2025-10-31,10,0,Zillow ZIP-level market for Valley Springs; mapped with Census 2020 ZCTA 95252 in Calaveras County.,,,,
95222 Angels Camp,zcta,95222,Angels Camp,38.0513304,-120.5901733,455575,,2025-10-31,10,0,Zillow ZIP-level market for Angels Camp; mapped with Census 2020 ZCTA 95222 in Calaveras County.,,,,
95249 San Andreas,zcta,95249,San Andreas,38.1899501,-120.6195548,354830,,2025-10-31,10,0,Zillow ZIP-level market for San Andreas; mapped with Census 2020 ZCTA 95249 in Calaveras County.,,,,
95228 Copperopolis,zcta,95228,Copperopolis,37.9072653,-120.6883275,526777,,2025-10-31,10,0,Zillow ZIP-level market for Copperopolis; mapped with Census 2020 ZCTA 95228 in Calaveras County.,,,,
95247 Murphys,zcta,95247,Murphys,38.1360927,-120.4439416,511397,,2025-10-31,10,0,Zillow ZIP-level market for Murphys; mapped with Census 2020 ZCTA 95247 in Calaveras County.,,,,
95223 Avery,zcta,95223,Avery,38.4463225,-119.8129575,441957,,2025-10-31,10,0,Zillow ZIP-level market for Avery; mapped with Census 2020 ZCTA 95223 in Calaveras County.,,,,
95245 Mokelumne Hill,zcta,95245,Mokelumne Hill,38.3027468,-120.6094652,352200,,2025-10-31,10,0,Zillow ZIP-level market for Mokelumne Hill; mapped with Census 2020 ZCTA 95245 in Calaveras County.,,,,
95246 Mountain Ranch,zcta,95246,Mountain Ranch,38.2497077,-120.488857,348871,,2025-10-31,10,0,Zillow ZIP-level market for Mountain Ranch; mapped with Census 2020 ZCTA 95246 in Calaveras County.,,,,
95255 West Point,zcta,95255,West Point,38.4198522,-120.4800231,283096,,2025-10-31,10,0,Zillow ZIP-level market for West Point; mapped with Census 2020 ZCTA 95255 in Calaveras County.,,,,
95254 Wallace,zcta,95254,Wallace,38.1998379,-120.9642416,568768,,2025-10-31,10,0,Zillow ZIP-level market for Wallace; mapped with Census 2020 ZCTA 95254 in Calaveras County.,,,,
95232 Glencoe,zcta,95232,Glencoe,38.3605261,-120.5772427,317292,,2025-10-31,10,0,Zillow ZIP-level market for Glencoe; mapped with Census 2020 ZCTA 95232 in Calaveras County.,,,,
95233 Murphys,zcta,95233,Murphys,38.1861875,-120.3685566,370520,,2025-10-31,10,0,Zillow ZIP-level market for Murphys; mapped with Census 2020 ZCTA 95233 in Calaveras County.,,,,
95257 Wilseyville,zcta,95257,Wilseyville,38.3799265,-120.4680167,279061,,2025-10-31,10,0,Zillow ZIP-level market for Wilseyville; mapped with Census 2020 ZCTA 95257 in Calaveras County.,,,,
95248 Mokelumne Hill,zcta,95248,Mokelumne Hill,38.3177091,-120.4611116,317803,,2025-10-31,10,0,Zillow ZIP-level market for Mokelumne Hill; mapped with Census 2020 ZCTA 95248 in Calaveras County.,,,,
95224 Murphys,zcta,95224,Murphys,38.2313239,-120.3226879,396114,,2025-10-31,10,0,Zillow ZIP-level market for Murphys; mapped with Census 2020 ZCTA 95224 in Calaveras County.,,,,
95225 Valley Springs,zcta,95225,Valley Springs,38.2025516,-120.8641483,561190,,2025-10-31,10,0,Zillow ZIP-level market for Valley Springs; mapped with Census 2020 ZCTA 95225 in Calaveras County.,,,,
95252 Valley Springs,zcta,95252,Valley Springs,38.1586282,-120.8432468,475109,,2025-11-30,10,0,Zillow ZIP-level market for Valley Springs; mapped with Census 2020 ZCTA 95252 in Calaveras County.,,,,
95222 Angels Camp,zcta,95222,Angels Camp,38.0513304,-120.5901733,452940,,2025-11-30,10,0,Zillow ZIP-level market for Angels Camp; mapped with Census 2020 ZCTA 95222 in Calaveras County.,,,,
95249 San Andreas,zcta,95249,San Andreas,38.1899501,-120.6195548,352125,,2025-11-30,10,0,Zillow ZIP-level market for San Andreas; mapped with Census 2020 ZCTA 95249 in Calaveras County.,,,,
95228 Copperopolis,zcta,95228,Copperopolis,37.9072653,-120.6883275,524916,,2025-11-30,10,0,Zillow ZIP-level market for Copperopolis; mapped with Census 2020 ZCTA 95228 in Calaveras County.,,,,
95247 Murphys,zcta,95247,Murphys,38.1360927,-120.4439416,509696,,2025-11-30,10,0,Zillow ZIP-level market for Murphys; mapped with Census 2020 ZCTA 95247 in Calaveras County.,,,,
95223 Avery,zcta,95223,Avery,38.4463225,-119.8129575,438644,,2025-11-30,10,0,Zillow ZIP-level market for Avery; mapped with Census 2020 ZCTA 95223 in Calaveras County.,,,,
95245 Mokelumne Hill,zcta,95245,Mokelumne Hill,38.3027468,-120.6094652,348704,,2025-11-30,10,0,Zillow ZIP-level market for Mokelumne Hill; mapped with Census 2020 ZCTA 95245 in Calaveras County.,,,,
95246 Mountain Ranch,zcta,95246,Mountain Ranch,38.2497077,-120.488857,347296,,2025-11-30,10,0,Zillow ZIP-level market for Mountain Ranch; mapped with Census 2020 ZCTA 95246 in Calaveras County.,,,,
95255 West Point,zcta,95255,West Point,38.4198522,-120.4800231,281059,,2025-11-30,10,0,Zillow ZIP-level market for West Point; mapped with Census 2020 ZCTA 95255 in Calaveras County.,,,,
95254 Wallace,zcta,95254,Wallace,38.1998379,-120.9642416,566109,,2025-11-30,10,0,Zillow ZIP-level market for Wallace; mapped with Census 2020 ZCTA 95254 in Calaveras County.,,,,
95232 Glencoe,zcta,95232,Glencoe,38.3605261,-120.5772427,314849,,2025-11-30,10,0,Zillow ZIP-level market for Glencoe; mapped with Census 2020 ZCTA 95232 in Calaveras County.,,,,
95233 Murphys,zcta,95233,Murphys,38.1861875,-120.3685566,368881,,2025-11-30,10,0,Zillow ZIP-level market for Murphys; mapped with Census 2020 ZCTA 95233 in Calaveras County.,,,,
95257 Wilseyville,zcta,95257,Wilseyville,38.3799265,-120.4680167,276790,,2025-11-30,10,0,Zillow ZIP-level market for Wilseyville; mapped with Census 2020 ZCTA 95257 in Calaveras County.,,,,
95248 Mokelumne Hill,zcta,95248,Mokelumne Hill,38.3177091,-120.4611116,315285,,2025-11-30,10,0,Zillow ZIP-level market for Mokelumne Hill; mapped with Census 2020 ZCTA 95248 in Calaveras County.,,,,
95224 Murphys,zcta,95224,Murphys,38.2313239,-120.3226879,394755,,2025-11-30,10,0,Zillow ZIP-level market for Murphys; mapped with Census 2020 ZCTA 95224 in Calaveras County.,,,,
95225 Valley Springs,zcta,95225,Valley Springs,38.2025516,-120.8641483,558156,,2025-11-30,10,0,Zillow ZIP-level market for Valley Springs; mapped with Census 2020 ZCTA 95225 in Calaveras County.,,,,
95252 Valley Springs,zcta,95252,Valley Springs,38.1586282,-120.8432468,473890,,2025-12-31,10,0,Zillow ZIP-level market for Valley Springs; mapped with Census 2020 ZCTA 95252 in Calaveras County.,,,,
95222 Angels Camp,zcta,95222,Angels Camp,38.0513304,-120.5901733,450371,,2025-12-31,10,0,Zillow ZIP-level market for Angels Camp; mapped with Census 2020 ZCTA 95222 in Calaveras County.,,,,
95249 San Andreas,zcta,95249,San Andreas,38.1899501,-120.6195548,349330,,2025-12-31,10,0,Zillow ZIP-level market for San Andreas; mapped with Census 2020 ZCTA 95249 in Calaveras County.,,,,
95228 Copperopolis,zcta,95228,Copperopolis,37.9072653,-120.6883275,524157,,2025-12-31,10,0,Zillow ZIP-level market for Copperopolis; mapped with Census 2020 ZCTA 95228 in Calaveras County.,,,,
95247 Murphys,zcta,95247,Murphys,38.1360927,-120.4439416,507786,,2025-12-31,10,0,Zillow ZIP-level market for Murphys; mapped with Census 2020 ZCTA 95247 in Calaveras County.,,,,
95223 Avery,zcta,95223,Avery,38.4463225,-119.8129575,435798,,2025-12-31,10,0,Zillow ZIP-level market for Avery; mapped with Census 2020 ZCTA 95223 in Calaveras County.,,,,
95245 Mokelumne Hill,zcta,95245,Mokelumne Hill,38.3027468,-120.6094652,346106,,2025-12-31,10,0,Zillow ZIP-level market for Mokelumne Hill; mapped with Census 2020 ZCTA 95245 in Calaveras County.,,,,
95246 Mountain Ranch,zcta,95246,Mountain Ranch,38.2497077,-120.488857,345043,,2025-12-31,10,0,Zillow ZIP-level market for Mountain Ranch; mapped with Census 2020 ZCTA 95246 in Calaveras County.,,,,
95255 West Point,zcta,95255,West Point,38.4198522,-120.4800231,279432,,2025-12-31,10,0,Zillow ZIP-level market for West Point; mapped with Census 2020 ZCTA 95255 in Calaveras County.,,,,
95254 Wallace,zcta,95254,Wallace,38.1998379,-120.9642416,564387,,2025-12-31,10,0,Zillow ZIP-level market for Wallace; mapped with Census 2020 ZCTA 95254 in Calaveras County.,,,,
95232 Glencoe,zcta,95232,Glencoe,38.3605261,-120.5772427,311838,,2025-12-31,10,0,Zillow ZIP-level market for Glencoe; mapped with Census 2020 ZCTA 95232 in Calaveras County.,,,,
95233 Murphys,zcta,95233,Murphys,38.1861875,-120.3685566,367916,,2025-12-31,10,0,Zillow ZIP-level market for Murphys; mapped with Census 2020 ZCTA 95233 in Calaveras County.,,,,
95257 Wilseyville,zcta,95257,Wilseyville,38.3799265,-120.4680167,275088,,2025-12-31,10,0,Zillow ZIP-level market for Wilseyville; mapped with Census 2020 ZCTA 95257 in Calaveras County.,,,,
95248 Mokelumne Hill,zcta,95248,Mokelumne Hill,38.3177091,-120.4611116,313584,,2025-12-31,10,0,Zillow ZIP-level market for Mokelumne Hill; mapped with Census 2020 ZCTA 95248 in Calaveras County.,,,,
95224 Murphys,zcta,95224,Murphys,38.2313239,-120.3226879,394091,,2025-12-31,10,0,Zillow ZIP-level market for Murphys; mapped with Census 2020 ZCTA 95224 in Calaveras County.,,,,
95225 Valley Springs,zcta,95225,Valley Springs,38.2025516,-120.8641483,555628,,2025-12-31,10,0,Zillow ZIP-level market for Valley Springs; mapped with Census 2020 ZCTA 95225 in Calaveras County.,,,,
95252 Valley Springs,zcta,95252,Valley Springs,38.1586282,-120.8432468,472763,,2026-01-31,10,0,Zillow ZIP-level market for Valley Springs; mapped with Census 2020 ZCTA 95252 in Calaveras County.,,,,
95222 Angels Camp,zcta,95222,Angels Camp,38.0513304,-120.5901733,448216,,2026-01-31,10,0,Zillow ZIP-level market for Angels Camp; mapped with Census 2020 ZCTA 95222 in Calaveras County.,,,,
95249 San Andreas,zcta,95249,San Andreas,38.1899501,-120.6195548,346774,,2026-01-31,10,0,Zillow ZIP-level market for San Andreas; mapped with Census 2020 ZCTA 95249 in Calaveras County.,,,,
95228 Copperopolis,zcta,95228,Copperopolis,37.9072653,-120.6883275,524147,,2026-01-31,10,0,Zillow ZIP-level market for Copperopolis; mapped with Census 2020 ZCTA 95228 in Calaveras County.,,,,
95247 Murphys,zcta,95247,Murphys,38.1360927,-120.4439416,505731,,2026-01-31,10,0,Zillow ZIP-level market for Murphys; mapped with Census 2020 ZCTA 95247 in Calaveras County.,,,,
95223 Avery,zcta,95223,Avery,38.4463225,-119.8129575,433254,,2026-01-31,10,0,Zillow ZIP-level market for Avery; mapped with Census 2020 ZCTA 95223 in Calaveras County.,,,,
95245 Mokelumne Hill,zcta,95245,Mokelumne Hill,38.3027468,-120.6094652,345011,,2026-01-31,10,0,Zillow ZIP-level market for Mokelumne Hill; mapped with Census 2020 ZCTA 95245 in Calaveras County.,,,,
95246 Mountain Ranch,zcta,95246,Mountain Ranch,38.2497077,-120.488857,342847,,2026-01-31,10,0,Zillow ZIP-level market for Mountain Ranch; mapped with Census 2020 ZCTA 95246 in Calaveras County.,,,,
95255 West Point,zcta,95255,West Point,38.4198522,-120.4800231,278692,,2026-01-31,10,0,Zillow ZIP-level market for West Point; mapped with Census 2020 ZCTA 95255 in Calaveras County.,,,,
95254 Wallace,zcta,95254,Wallace,38.1998379,-120.9642416,563107,,2026-01-31,10,0,Zillow ZIP-level market for Wallace; mapped with Census 2020 ZCTA 95254 in Calaveras County.,,,,
95232 Glencoe,zcta,95232,Glencoe,38.3605261,-120.5772427,309309,,2026-01-31,10,0,Zillow ZIP-level market for Glencoe; mapped with Census 2020 ZCTA 95232 in Calaveras County.,,,,
95233 Murphys,zcta,95233,Murphys,38.1861875,-120.3685566,367339,,2026-01-31,10,0,Zillow ZIP-level market for Murphys; mapped with Census 2020 ZCTA 95233 in Calaveras County.,,,,
95257 Wilseyville,zcta,95257,Wilseyville,38.3799265,-120.4680167,273711,,2026-01-31,10,0,Zillow ZIP-level market for Wilseyville; mapped with Census 2020 ZCTA 95257 in Calaveras County.,,,,
95248 Mokelumne Hill,zcta,95248,Mokelumne Hill,38.3177091,-120.4611116,312652,,2026-01-31,10,0,Zillow ZIP-level market for Mokelumne Hill; mapped with Census 2020 ZCTA 95248 in Calaveras County.,,,,
95224 Murphys,zcta,95224,Murphys,38.2313239,-120.3226879,393807,,2026-01-31,10,0,Zillow ZIP-level market for Murphys; mapped with Census 2020 ZCTA 95224 in Calaveras County.,,,,
95225 Valley Springs,zcta,95225,Valley Springs,38.2025516,-120.8641483,553330,,2026-01-31,10,0,Zillow ZIP-level market for Valley Springs; mapped with Census 2020 ZCTA 95225 in Calaveras County.,,,,
95252 Valley Springs,zcta,95252,Valley Springs,38.1586282,-120.8432468,472609,,2026-02-28,10,0,Zillow ZIP-level market for Valley Springs; mapped with Census 2020 ZCTA 95252 in Calaveras County.,,,,
95222 Angels Camp,zcta,95222,Angels Camp,38.0513304,-120.5901733,448316,,2026-02-28,10,0,Zillow ZIP-level market for Angels Camp; mapped with Census 2020 ZCTA 95222 in Calaveras County.,,,,
95249 San Andreas,zcta,95249,San Andreas,38.1899501,-120.6195548,345527,,2026-02-28,10,0,Zillow ZIP-level market for San Andreas; mapped with Census 2020 ZCTA 95249 in Calaveras County.,,,,
95228 Copperopolis,zcta,95228,Copperopolis,37.9072653,-120.6883275,524231,,2026-02-28,10,0,Zillow ZIP-level market for Copperopolis; mapped with Census 2020 ZCTA 95228 in Calaveras County.,,,,
95247 Murphys,zcta,95247,Murphys,38.1360927,-120.4439416,505049,,2026-02-28,10,0,Zillow ZIP-level market for Murphys; mapped with Census 2020 ZCTA 95247 in Calaveras County.,,,,
95223 Avery,zcta,95223,Avery,38.4463225,-119.8129575,431471,,2026-02-28,10,0,Zillow ZIP-level market for Avery; mapped with Census 2020 ZCTA 95223 in Calaveras County.,,,,
95245 Mokelumne Hill,zcta,95245,Mokelumne Hill,38.3027468,-120.6094652,345644,,2026-02-28,10,0,Zillow ZIP-level market for Mokelumne Hill; mapped with Census 2020 ZCTA 95245 in Calaveras County.,,,,
95246 Mountain Ranch,zcta,95246,Mountain Ranch,38.2497077,-120.488857,341645,,2026-02-28,10,0,Zillow ZIP-level market for Mountain Ranch; mapped with Census 2020 ZCTA 95246 in Calaveras County.,,,,
95255 West Point,zcta,95255,West Point,38.4198522,-120.4800231,279163,,2026-02-28,10,0,Zillow ZIP-level market for West Point; mapped with Census 2020 ZCTA 95255 in Calaveras County.,,,,
95254 Wallace,zcta,95254,Wallace,38.1998379,-120.9642416,562520,,2026-02-28,10,0,Zillow ZIP-level market for Wallace; mapped with Census 2020 ZCTA 95254 in Calaveras County.,,,,
95232 Glencoe,zcta,95232,Glencoe,38.3605261,-120.5772427,308821,,2026-02-28,10,0,Zillow ZIP-level market for Glencoe; mapped with Census 2020 ZCTA 95232 in Calaveras County.,,,,
95233 Murphys,zcta,95233,Murphys,38.1861875,-120.3685566,367628,,2026-02-28,10,0,Zillow ZIP-level market for Murphys; mapped with Census 2020 ZCTA 95233 in Calaveras County.,,,,
95257 Wilseyville,zcta,95257,Wilseyville,38.3799265,-120.4680167,273705,,2026-02-28,10,0,Zillow ZIP-level market for Wilseyville; mapped with Census 2020 ZCTA 95257 in Calaveras County.,,,,
95248 Mokelumne Hill,zcta,95248,Mokelumne Hill,38.3177091,-120.4611116,313216,,2026-02-28,10,0,Zillow ZIP-level market for Mokelumne Hill; mapped with Census 2020 ZCTA 95248 in Calaveras County.,,,,
95224 Murphys,zcta,95224,Murphys,38.2313239,-120.3226879,394684,,2026-02-28,10,0,Zillow ZIP-level market for Murphys; mapped with Census 2020 ZCTA 95224 in Calaveras County.,,,,
95225 Valley Springs,zcta,95225,Valley Springs,38.2025516,-120.8641483,553833,,2026-02-28,10,0,Zillow ZIP-level market for Valley Springs; mapped with Census 2020 ZCTA 95225 in Calaveras County.,,,,
95252 Valley Springs,zcta,95252,Valley Springs,38.1586282,-120.8432468,472668,,2026-03-31,10,0,Zillow ZIP-level market for Valley Springs; mapped with Census 2020 ZCTA 95252 in Calaveras County.,,,,
95222 Angels Camp,zcta,95222,Angels Camp,38.0513304,-120.5901733,449211,,2026-03-31,10,0,Zillow ZIP-level market for Angels Camp; mapped with Census 2020 ZCTA 95222 in Calaveras County.,,,,
95249 San Andreas,zcta,95249,San Andreas,38.1899501,-120.6195548,345891,,2026-03-31,10,0,Zillow ZIP-level market for San Andreas; mapped with Census 2020 ZCTA 95249 in Calaveras County.,,,,
95228 Copperopolis,zcta,95228,Copperopolis,37.9072653,-120.6883275,524992,,2026-03-31,10,0,Zillow ZIP-level market for Copperopolis; mapped with Census 2020 ZCTA 95228 in Calaveras County.,,,,
95247 Murphys,zcta,95247,Murphys,38.1360927,-120.4439416,504530,,2026-03-31,10,0,Zillow ZIP-level market for Murphys; mapped with Census 2020 ZCTA 95247 in Calaveras County.,,,,
95223 Avery,zcta,95223,Avery,38.4463225,-119.8129575,430502,,2026-03-31,10,0,Zillow ZIP-level market for Avery; mapped with Census 2020 ZCTA 95223 in Calaveras County.,,,,
95245 Mokelumne Hill,zcta,95245,Mokelumne Hill,38.3027468,-120.6094652,346793,,2026-03-31,10,0,Zillow ZIP-level market for Mokelumne Hill; mapped with Census 2020 ZCTA 95245 in Calaveras County.,,,,
95246 Mountain Ranch,zcta,95246,Mountain Ranch,38.2497077,-120.488857,341775,,2026-03-31,10,0,Zillow ZIP-level market for Mountain Ranch; mapped with Census 2020 ZCTA 95246 in Calaveras County.,,,,
95255 West Point,zcta,95255,West Point,38.4198522,-120.4800231,280884,,2026-03-31,10,0,Zillow ZIP-level market for West Point; mapped with Census 2020 ZCTA 95255 in Calaveras County.,,,,
95254 Wallace,zcta,95254,Wallace,38.1998379,-120.9642416,562232,,2026-03-31,10,0,Zillow ZIP-level market for Wallace; mapped with Census 2020 ZCTA 95254 in Calaveras County.,,,,
95232 Glencoe,zcta,95232,Glencoe,38.3605261,-120.5772427,311115,,2026-03-31,10,0,Zillow ZIP-level market for Glencoe; mapped with Census 2020 ZCTA 95232 in Calaveras County.,,,,
95233 Murphys,zcta,95233,Murphys,38.1861875,-120.3685566,367632,,2026-03-31,10,0,Zillow ZIP-level market for Murphys; mapped with Census 2020 ZCTA 95233 in Calaveras County.,,,,
95257 Wilseyville,zcta,95257,Wilseyville,38.3799265,-120.4680167,274929,,2026-03-31,10,0,Zillow ZIP-level market for Wilseyville; mapped with Census 2020 ZCTA 95257 in Calaveras County.,,,,
95248 Mokelumne Hill,zcta,95248,Mokelumne Hill,38.3177091,-120.4611116,315143,,2026-03-31,10,0,Zillow ZIP-level market for Mokelumne Hill; mapped with Census 2020 ZCTA 95248 in Calaveras County.,,,,
95224 Murphys,zcta,95224,Murphys,38.2313239,-120.3226879,395515,,2026-03-31,10,0,Zillow ZIP-level market for Murphys; mapped with Census 2020 ZCTA 95224 in Calaveras County.,,,,
95225 Valley Springs,zcta,95225,Valley Springs,38.2025516,-120.8641483,555309,,2026-03-31,10,0,Zillow ZIP-level market for Valley Springs; mapped with Census 2020 ZCTA 95225 in Calaveras County.,,,,
95252 Valley Springs,zcta,95252,Valley Springs,38.1586282,-120.8432468,472996,,2026-04-30,10,0,Zillow ZIP-level market for Valley Springs; mapped with Census 2020 ZCTA 95252 in Calaveras County.,,,,
95222 Angels Camp,zcta,95222,Angels Camp,38.0513304,-120.5901733,450246,,2026-04-30,10,0,Zillow ZIP-level market for Angels Camp; mapped with Census 2020 ZCTA 95222 in Calaveras County.,,,,
95249 San Andreas,zcta,95249,San Andreas,38.1899501,-120.6195548,346654,,2026-04-30,10,0,Zillow ZIP-level market for San Andreas; mapped with Census 2020 ZCTA 95249 in Calaveras County.,,,,
95228 Copperopolis,zcta,95228,Copperopolis,37.9072653,-120.6883275,525580,,2026-04-30,10,0,Zillow ZIP-level market for Copperopolis; mapped with Census 2020 ZCTA 95228 in Calaveras County.,,,,
95247 Murphys,zcta,95247,Murphys,38.1360927,-120.4439416,504278,,2026-04-30,10,0,Zillow ZIP-level market for Murphys; mapped with Census 2020 ZCTA 95247 in Calaveras County.,,,,
95223 Avery,zcta,95223,Avery,38.4463225,-119.8129575,430513,,2026-04-30,10,0,Zillow ZIP-level market for Avery; mapped with Census 2020 ZCTA 95223 in Calaveras County.,,,,
95245 Mokelumne Hill,zcta,95245,Mokelumne Hill,38.3027468,-120.6094652,347188,,2026-04-30,10,0,Zillow ZIP-level market for Mokelumne Hill; mapped with Census 2020 ZCTA 95245 in Calaveras County.,,,,
95246 Mountain Ranch,zcta,95246,Mountain Ranch,38.2497077,-120.488857,342229,,2026-04-30,10,0,Zillow ZIP-level market for Mountain Ranch; mapped with Census 2020 ZCTA 95246 in Calaveras County.,,,,
95255 West Point,zcta,95255,West Point,38.4198522,-120.4800231,282306,,2026-04-30,10,0,Zillow ZIP-level market for West Point; mapped with Census 2020 ZCTA 95255 in Calaveras County.,,,,
95254 Wallace,zcta,95254,Wallace,38.1998379,-120.9642416,562379,,2026-04-30,10,0,Zillow ZIP-level market for Wallace; mapped with Census 2020 ZCTA 95254 in Calaveras County.,,,,
95232 Glencoe,zcta,95232,Glencoe,38.3605261,-120.5772427,313498,,2026-04-30,10,0,Zillow ZIP-level market for Glencoe; mapped with Census 2020 ZCTA 95232 in Calaveras County.,,,,
95233 Murphys,zcta,95233,Murphys,38.1861875,-120.3685566,367503,,2026-04-30,10,0,Zillow ZIP-level market for Murphys; mapped with Census 2020 ZCTA 95233 in Calaveras County.,,,,
95257 Wilseyville,zcta,95257,Wilseyville,38.3799265,-120.4680167,276466,,2026-04-30,10,0,Zillow ZIP-level market for Wilseyville; mapped with Census 2020 ZCTA 95257 in Calaveras County.,,,,
95248 Mokelumne Hill,zcta,95248,Mokelumne Hill,38.3177091,-120.4611116,316795,,2026-04-30,10,0,Zillow ZIP-level market for Mokelumne Hill; mapped with Census 2020 ZCTA 95248 in Calaveras County.,,,,
95224 Murphys,zcta,95224,Murphys,38.2313239,-120.3226879,396375,,2026-04-30,10,0,Zillow ZIP-level market for Murphys; mapped with Census 2020 ZCTA 95224 in Calaveras County.,,,,
95225 Valley Springs,zcta,95225,Valley Springs,38.2025516,-120.8641483,557049,,2026-04-30,10,0,Zillow ZIP-level market for Valley Springs; mapped with Census 2020 ZCTA 95225 in Calaveras County.,,,,
