place,kind,zcta,city,latitude,longitude,zhvi,zori,date,label_dx,label_dy,note,hudSafmr,blendedRent,rentSource,hudFiscalYear
95422 Clearlake,zcta,95422,Clearlake,38.985515,-122.6425345,114343,,2016-04-30,10,0,Zillow ZIP-level market for Clearlake; mapped with Census 2020 ZCTA 95422 in Lake County.,,,,
95453 Lakeport,zcta,95453,Lakeport,39.0459308,-122.941077,250764,,2016-04-30,10,0,Zillow ZIP-level market for Lakeport; mapped with Census 2020 ZCTA 95453 in Lake County.,,,,
95451 Kelseyville,zcta,95451,Kelseyville,38.9221361,-122.7895645,237441,,2016-04-30,10,0,Zillow ZIP-level market for Kelseyville; mapped with Census 2020 ZCTA 95451 in Lake County.,,,,
95467 Hidden Valley Lake,zcta,95467,Hidden Valley Lake,38.8129545,-122.5480991,252927,,2016-04-30,10,0,Zillow ZIP-level market for Hidden Valley Lake; mapped with Census 2020 ZCTA 95467 in Lake County.,,,,
95457 Lower Lake,zcta,95457,Lower Lake,38.9240363,-122.5490825,274908,,2016-04-30,10,0,Zillow ZIP-level market for Lower Lake; mapped with Census 2020 ZCTA 95457 in Lake County.,,,,
95461 Middletown,zcta,95461,Middletown,38.7540062,-122.5521097,234106,,2016-04-30,10,0,Zillow ZIP-level market for Middletown; mapped with Census 2020 ZCTA 95461 in Lake County.,,,,
95423 Clearlake Oaks,zcta,95423,Clearlake Oaks,39.067376,-122.6297201,163673,,2016-04-30,10,0,Zillow ZIP-level market for Clearlake Oaks; mapped with Census 2020 ZCTA 95423 in Lake County.,,,,
95464 Upper Lake,zcta,95464,Upper Lake,39.1262459,-122.8470753,154912,,2016-04-30,10,0,Zillow ZIP-level market for Upper Lake; mapped with Census 2020 ZCTA 95464 in Lake County.,,,,
95469 Upper Lake,zcta,95469,Upper Lake,39.3989363,-123.0752527,385352,,2016-04-30,10,0,Zillow ZIP-level market for Upper Lake; mapped with Census 2020 ZCTA 95469 in Lake County.,,,,
95458 Lucerne,zcta,95458,Lucerne,39.1090084,-122.7776345,148538,,2016-04-30,10,0,Zillow ZIP-level market for Lucerne; mapped with Census 2020 ZCTA 95458 in Lake County.,,,,
95485 Nice,zcta,95485,Nice,39.2084696,-122.92572,248651,,2016-04-30,10,0,Zillow ZIP-level market for Nice; mapped with Census 2020 ZCTA 95485 in Lake County.,,,,
95443 Lucerne,zcta,95443,Lucerne,39.0501313,-122.7396314,180017,,2016-04-30,10,0,Zillow ZIP-level market for Lucerne; mapped with Census 2020 ZCTA 95443 in Lake County.,,,,
95426 Middletown,zcta,95426,Middletown,38.8334248,-122.7340614,217543,,2016-04-30,10,0,Zillow ZIP-level market for Middletown; mapped with Census 2020 ZCTA 95426 in Lake County.,,,,
95424 Clearlake,zcta,95424,Clearlake,0.0,0.0,189981,,2016-04-30,10,0,Zillow ZIP-level market for Clearlake; mapped with Census 2020 ZCTA 95424 in Lake County.,,,,
95422 Clearlake,zcta,95422,Clearlake,38.985515,-122.6425345,115378,,2016-05-31,10,0,Zillow ZIP-level market for Clearlake; mapped with Census 2020 ZCTA 95422 in Lake County.,,,,
95453 Lakeport,zcta,95453,Lakeport,39.0459308,-122.941077,252233,,2016-05-31,10,0,Zillow ZIP-level market for Lakeport; mapped with Census 2020 ZCTA 95453 in Lake County.,,,,
95451 Kelseyville,zcta,95451,Kelseyville,38.9221361,-122.7895645,239303,,2016-05-31,10,0,Zillow ZIP-level market for Kelseyville; mapped with Census 2020 ZCTA 95451 in Lake County.,,,,
95467 Hidden Valley Lake,zcta,95467,Hidden Valley Lake,38.8129545,-122.5480991,254487,,2016-05-31,10,0,Zillow ZIP-level market for Hidden Valley Lake; mapped with Census 2020 ZCTA 95467 in Lake County.,,,,
95457 Lower Lake,zcta,95457,Lower Lake,38.9240363,-122.5490825,276168,,2016-05-31,10,0,Zillow ZIP-level market for Lower Lake; mapped with Census 2020 ZCTA 95457 in Lake County.,,,,
95461 Middletown,zcta,95461,Middletown,38.7540062,-122.5521097,233768,,2016-05-31,10,0,Zillow ZIP-level market for Middletown; mapped with Census 2020 ZCTA 95461 in Lake County.,,,,
95423 Clearlake Oaks,zcta,95423,Clearlake Oaks,39.067376,-122.6297201,164816,,2016-05-31,10,0,Zillow ZIP-level market for Clearlake Oaks; mapped with Census 2020 ZCTA 95423 in Lake County.,,,,
95464 Upper Lake,zcta,95464,Upper Lake,39.1262459,-122.8470753,155511,,2016-05-31,10,0,Zillow ZIP-level market for Upper Lake; mapped with Census 2020 ZCTA 95464 in Lake County.,,,,
95469 Upper Lake,zcta,95469,Upper Lake,39.3989363,-123.0752527,386675,,2016-05-31,10,0,Zillow ZIP-level market for Upper Lake; mapped with Census 2020 ZCTA 95469 in Lake County.,,,,
95458 Lucerne,zcta,95458,Lucerne,39.1090084,-122.7776345,149025,,2016-05-31,10,0,Zillow ZIP-level market for Lucerne; mapped with Census 2020 ZCTA 95458 in Lake County.,,,,
95485 Nice,zcta,95485,Nice,39.2084696,-122.92572,249947,,2016-05-31,10,0,Zillow ZIP-level market for Nice; mapped with Census 2020 ZCTA 95485 in Lake County.,,,,
95443 Lucerne,zcta,95443,Lucerne,39.0501313,-122.7396314,180758,,2016-05-31,10,0,Zillow ZIP-level market for Lucerne; mapped with Census 2020 ZCTA 95443 in Lake County.,,,,
95426 Middletown,zcta,95426,Middletown,38.8334248,-122.7340614,217464,,2016-05-31,10,0,Zillow ZIP-level market for Middletown; mapped with Census 2020 ZCTA 95426 in Lake County.,,,,
95424 Clearlake,zcta,95424,Clearlake,0.0,0.0,191054,,2016-05-31,10,0,Zillow ZIP-level market for Clearlake; mapped with Census 2020 ZCTA 95424 in Lake County.,,,,
95422 Clearlake,zcta,95422,Clearlake,38.985515,-122.6425345,116456,,2016-06-30,10,0,Zillow ZIP-level market for Clearlake; mapped with Census 2020 ZCTA 95422 in Lake County.,,,,
95453 Lakeport,zcta,95453,Lakeport,39.0459308,-122.941077,254330,,2016-06-30,10,0,Zillow ZIP-level market for Lakeport; mapped with Census 2020 ZCTA 95453 in Lake County.,,,,
95451 Kelseyville,zcta,95451,Kelseyville,38.9221361,-122.7895645,240889,,2016-06-30,10,0,Zillow ZIP-level market for Kelseyville; mapped with Census 2020 ZCTA 95451 in Lake County.,,,,
95467 Hidden Valley Lake,zcta,95467,Hidden Valley Lake,38.8129545,-122.5480991,255652,,2016-06-30,10,0,Zillow ZIP-level market for Hidden Valley Lake; mapped with Census 2020 ZCTA 95467 in Lake County.,,,,
95457 Lower Lake,zcta,95457,Lower Lake,38.9240363,-122.5490825,276650,,2016-06-30,10,0,Zillow ZIP-level market for Lower Lake; mapped with Census 2020 ZCTA 95457 in Lake County.,,,,
95461 Middletown,zcta,95461,Middletown,38.7540062,-122.5521097,232316,,2016-06-30,10,0,Zillow ZIP-level market for Middletown; mapped with Census 2020 ZCTA 95461 in Lake County.,,,,
95423 Clearlake Oaks,zcta,95423,Clearlake Oaks,39.067376,-122.6297201,165839,,2016-06-30,10,0,Zillow ZIP-level market for Clearlake Oaks; mapped with Census 2020 ZCTA 95423 in Lake County.,,,,
95464 Upper Lake,zcta,95464,Upper Lake,39.1262459,-122.8470753,156804,,2016-06-30,10,0,Zillow ZIP-level market for Upper Lake; mapped with Census 2020 ZCTA 95464 in Lake County.,,,,
95469 Upper Lake,zcta,95469,Upper Lake,39.3989363,-123.0752527,390335,,2016-06-30,10,0,Zillow ZIP-level market for Upper Lake; mapped with Census 2020 ZCTA 95469 in Lake County.,,,,
95458 Lucerne,zcta,95458,Lucerne,39.1090084,-122.7776345,149382,,2016-06-30,10,0,Zillow ZIP-level market for Lucerne; mapped with Census 2020 ZCTA 95458 in Lake County.,,,,
95485 Nice,zcta,95485,Nice,39.2084696,-122.92572,250874,,2016-06-30,10,0,Zillow ZIP-level market for Nice; mapped with Census 2020 ZCTA 95485 in Lake County.,,,,
95443 Lucerne,zcta,95443,Lucerne,39.0501313,-122.7396314,181361,,2016-06-30,10,0,Zillow ZIP-level market for Lucerne; mapped with Census 2020 ZCTA 95443 in Lake County.,,,,
95426 Middletown,zcta,95426,Middletown,38.8334248,-122.7340614,216961,,2016-06-30,10,0,Zillow ZIP-level market for Middletown; mapped with Census 2020 ZCTA 95426 in Lake County.,,,,
95424 Clearlake,zcta,95424,Clearlake,0.0,0.0,192594,,2016-06-30,10,0,Zillow ZIP-level market for Clearlake; mapped with Census 2020 ZCTA 95424 in Lake County.,,,,
95422 Clearlake,zcta,95422,Clearlake,38.985515,-122.6425345,117372,,2016-07-31,10,0,Zillow ZIP-level market for Clearlake; mapped with Census 2020 ZCTA 95422 in Lake County.,,,,
95453 Lakeport,zcta,95453,Lakeport,39.0459308,-122.941077,255708,,2016-07-31,10,0,Zillow ZIP-level market for Lakeport; mapped with Census 2020 ZCTA 95453 in Lake County.,,,,
95451 Kelseyville,zcta,95451,Kelseyville,38.9221361,-122.7895645,241846,,2016-07-31,10,0,Zillow ZIP-level market for Kelseyville; mapped with Census 2020 ZCTA 95451 in Lake County.,,,,
95467 Hidden Valley Lake,zcta,95467,Hidden Valley Lake,38.8129545,-122.5480991,257102,,2016-07-31,10,0,Zillow ZIP-level market for Hidden Valley Lake; mapped with Census 2020 ZCTA 95467 in Lake County.,,,,
95457 Lower Lake,zcta,95457,Lower Lake,38.9240363,-122.5490825,276722,,2016-07-31,10,0,Zillow ZIP-level market for Lower Lake; mapped with Census 2020 ZCTA 95457 in Lake County.,,,,
95461 Middletown,zcta,95461,Middletown,38.7540062,-122.5521097,230426,,2016-07-31,10,0,Zillow ZIP-level market for Middletown; mapped with Census 2020 ZCTA 95461 in Lake County.,,,,
95423 Clearlake Oaks,zcta,95423,Clearlake Oaks,39.067376,-122.6297201,167066,,2016-07-31,10,0,Zillow ZIP-level market for Clearlake Oaks; mapped with Census 2020 ZCTA 95423 in Lake County.,,,,
95464 Upper Lake,zcta,95464,Upper Lake,39.1262459,-122.8470753,157695,,2016-07-31,10,0,Zillow ZIP-level market for Upper Lake; mapped with Census 2020 ZCTA 95464 in Lake County.,,,,
95469 Upper Lake,zcta,95469,Upper Lake,39.3989363,-123.0752527,393087,,2016-07-31,10,0,Zillow ZIP-level market for Upper Lake; mapped with Census 2020 ZCTA 95469 in Lake County.,,,,
95458 Lucerne,zcta,95458,Lucerne,39.1090084,-122.7776345,149455,,2016-07-31,10,0,Zillow ZIP-level market for Lucerne; mapped with Census 2020 ZCTA 95458 in Lake County.,,,,
95485 Nice,zcta,95485,Nice,39.2084696,-122.92572,250809,,2016-07-31,10,0,Zillow ZIP-level market for Nice; mapped with Census 2020 ZCTA 95485 in Lake County.,,,,
95443 Lucerne,zcta,95443,Lucerne,39.0501313,-122.7396314,181912,,2016-07-31,10,0,Zillow ZIP-level market for Lucerne; mapped with Census 2020 ZCTA 95443 in Lake County.,,,,
95426 Middletown,zcta,95426,Middletown,38.8334248,-122.7340614,215761,,2016-07-31,10,0,Zillow ZIP-level market for Middletown; mapped with Census 2020 ZCTA 95426 in Lake County.,,,,
95424 Clearlake,zcta,95424,Clearlake,0.0,0.0,193461,,2016-07-31,10,0,Zillow ZIP-level market for Clearlake; mapped with Census 2020 ZCTA 95424 in Lake County.,,,,
95422 Clearlake,zcta,95422,Clearlake,38.985515,-122.6425345,118486,,2016-08-31,10,0,Zillow ZIP-level market for Clearlake; mapped with Census 2020 ZCTA 95422 in Lake County.,,,,
95453 Lakeport,zcta,95453,Lakeport,39.0459308,-122.941077,256939,,2016-08-31,10,0,Zillow ZIP-level market for Lakeport; mapped with Census 2020 ZCTA 95453 in Lake County.,,,,
95451 Kelseyville,zcta,95451,Kelseyville,38.9221361,-122.7895645,242996,,2016-08-31,10,0,Zillow ZIP-level market for Kelseyville; mapped with Census 2020 ZCTA 95451 in Lake County.,,,,
95467 Hidden Valley Lake,zcta,95467,Hidden Valley Lake,38.8129545,-122.5480991,258177,,2016-08-31,10,0,Zillow ZIP-level market for Hidden Valley Lake; mapped with Census 2020 ZCTA 95467 in Lake County.,,,,
95457 Lower Lake,zcta,95457,Lower Lake,38.9240363,-122.5490825,277764,,2016-08-31,10,0,Zillow ZIP-level market for Lower Lake; mapped with Census 2020 ZCTA 95457 in Lake County.,,,,
95461 Middletown,zcta,95461,Middletown,38.7540062,-122.5521097,228894,,2016-08-31,10,0,Zillow ZIP-level market for Middletown; mapped with Census 2020 ZCTA 95461 in Lake County.,,,,
95423 Clearlake Oaks,zcta,95423,Clearlake Oaks,39.067376,-122.6297201,168766,,2016-08-31,10,0,Zillow ZIP-level market for Clearlake Oaks; mapped with Census 2020 ZCTA 95423 in Lake County.,,,,
95464 Upper Lake,zcta,95464,Upper Lake,39.1262459,-122.8470753,158647,,2016-08-31,10,0,Zillow ZIP-level market for Upper Lake; mapped with Census 2020 ZCTA 95464 in Lake County.,,,,
95469 Upper Lake,zcta,95469,Upper Lake,39.3989363,-123.0752527,396408,,2016-08-31,10,0,Zillow ZIP-level market for Upper Lake; mapped with Census 2020 ZCTA 95469 in Lake County.,,,,
95458 Lucerne,zcta,95458,Lucerne,39.1090084,-122.7776345,150026,,2016-08-31,10,0,Zillow ZIP-level market for Lucerne; mapped with Census 2020 ZCTA 95458 in Lake County.,,,,
95485 Nice,zcta,95485,Nice,39.2084696,-122.92572,251311,,2016-08-31,10,0,Zillow ZIP-level market for Nice; mapped with Census 2020 ZCTA 95485 in Lake County.,,,,
95443 Lucerne,zcta,95443,Lucerne,39.0501313,-122.7396314,183497,,2016-08-31,10,0,Zillow ZIP-level market for Lucerne; mapped with Census 2020 ZCTA 95443 in Lake County.,,,,
95426 Middletown,zcta,95426,Middletown,38.8334248,-122.7340614,215179,,2016-08-31,10,0,Zillow ZIP-level market for Middletown; mapped with Census 2020 ZCTA 95426 in Lake County.,,,,
95424 Clearlake,zcta,95424,Clearlake,0.0,0.0,195047,,2016-08-31,10,0,Zillow ZIP-level market for Clearlake; mapped with Census 2020 ZCTA 95424 in Lake County.,,,,
95422 Clearlake,zcta,95422,Clearlake,38.985515,-122.6425345,119744,,2016-09-30,10,0,Zillow ZIP-level market for Clearlake; mapped with Census 2020 ZCTA 95422 in Lake County.,,,,
95453 Lakeport,zcta,95453,Lakeport,39.0459308,-122.941077,258204,,2016-09-30,10,0,Zillow ZIP-level market for Lakeport; mapped with Census 2020 ZCTA 95453 in Lake County.,,,,
95451 Kelseyville,zcta,95451,Kelseyville,38.9221361,-122.7895645,245194,,2016-09-30,10,0,Zillow ZIP-level market for Kelseyville; mapped with Census 2020 ZCTA 95451 in Lake County.,,,,
95467 Hidden Valley Lake,zcta,95467,Hidden Valley Lake,38.8129545,-122.5480991,259590,,2016-09-30,10,0,Zillow ZIP-level market for Hidden Valley Lake; mapped with Census 2020 ZCTA 95467 in Lake County.,,,,
95457 Lower Lake,zcta,95457,Lower Lake,38.9240363,-122.5490825,279899,,2016-09-30,10,0,Zillow ZIP-level market for Lower Lake; mapped with Census 2020 ZCTA 95457 in Lake County.,,,,
95461 Middletown,zcta,95461,Middletown,38.7540062,-122.5521097,228917,,2016-09-30,10,0,Zillow ZIP-level market for Middletown; mapped with Census 2020 ZCTA 95461 in Lake County.,,,,
95423 Clearlake Oaks,zcta,95423,Clearlake Oaks,39.067376,-122.6297201,170412,,2016-09-30,10,0,Zillow ZIP-level market for Clearlake Oaks; mapped with Census 2020 ZCTA 95423 in Lake County.,,,,
95464 Upper Lake,zcta,95464,Upper Lake,39.1262459,-122.8470753,159955,,2016-09-30,10,0,Zillow ZIP-level market for Upper Lake; mapped with Census 2020 ZCTA 95464 in Lake County.,,,,
95469 Upper Lake,zcta,95469,Upper Lake,39.3989363,-123.0752527,397924,,2016-09-30,10,0,Zillow ZIP-level market for Upper Lake; mapped with Census 2020 ZCTA 95469 in Lake County.,,,,
95458 Lucerne,zcta,95458,Lucerne,39.1090084,-122.7776345,151256,,2016-09-30,10,0,Zillow ZIP-level market for Lucerne; mapped with Census 2020 ZCTA 95458 in Lake County.,,,,
95485 Nice,zcta,95485,Nice,39.2084696,-122.92572,252176,,2016-09-30,10,0,Zillow ZIP-level market for Nice; mapped with Census 2020 ZCTA 95485 in Lake County.,,,,
95443 Lucerne,zcta,95443,Lucerne,39.0501313,-122.7396314,185785,,2016-09-30,10,0,Zillow ZIP-level market for Lucerne; mapped with Census 2020 ZCTA 95443 in Lake County.,,,,
95426 Middletown,zcta,95426,Middletown,38.8334248,-122.7340614,214760,,2016-09-30,10,0,Zillow ZIP-level market for Middletown; mapped with Census 2020 ZCTA 95426 in Lake County.,,,,
95424 Clearlake,zcta,95424,Clearlake,0.0,0.0,197334,,2016-09-30,10,0,Zillow ZIP-level market for Clearlake; mapped with Census 2020 ZCTA 95424 in Lake County.,,,,
95422 Clearlake,zcta,95422,Clearlake,38.985515,-122.6425345,121733,,2016-10-31,10,0,Zillow ZIP-level market for Clearlake; mapped with Census 2020 ZCTA 95422 in Lake County.,,,,
95453 Lakeport,zcta,95453,Lakeport,39.0459308,-122.941077,260502,,2016-10-31,10,0,Zillow ZIP-level market for Lakeport; mapped with Census 2020 ZCTA 95453 in Lake County.,,,,
95451 Kelseyville,zcta,95451,Kelseyville,38.9221361,-122.7895645,248359,,2016-10-31,10,0,Zillow ZIP-level market for Kelseyville; mapped with Census 2020 ZCTA 95451 in Lake County.,,,,
95467 Hidden Valley Lake,zcta,95467,Hidden Valley Lake,38.8129545,-122.5480991,261457,,2016-10-31,10,0,Zillow ZIP-level market for Hidden Valley Lake; mapped with Census 2020 ZCTA 95467 in Lake County.,,,,
95457 Lower Lake,zcta,95457,Lower Lake,38.9240363,-122.5490825,283016,,2016-10-31,10,0,Zillow ZIP-level market for Lower Lake; mapped with Census 2020 ZCTA 95457 in Lake County.,,,,
95461 Middletown,zcta,95461,Middletown,38.7540062,-122.5521097,230281,,2016-10-31,10,0,Zillow ZIP-level market for Middletown; mapped with Census 2020 ZCTA 95461 in Lake County.,,,,
95423 Clearlake Oaks,zcta,95423,Clearlake Oaks,39.067376,-122.6297201,172436,,2016-10-31,10,0,Zillow ZIP-level market for Clearlake Oaks; mapped with Census 2020 ZCTA 95423 in Lake County.,,,,
95464 Upper Lake,zcta,95464,Upper Lake,39.1262459,-122.8470753,162114,,2016-10-31,10,0,Zillow ZIP-level market for Upper Lake; mapped with Census 2020 ZCTA 95464 in Lake County.,,,,
95469 Upper Lake,zcta,95469,Upper Lake,39.3989363,-123.0752527,398705,,2016-10-31,10,0,Zillow ZIP-level market for Upper Lake; mapped with Census 2020 ZCTA 95469 in Lake County.,,,,
95458 Lucerne,zcta,95458,Lucerne,39.1090084,-122.7776345,153369,,2016-10-31,10,0,Zillow ZIP-level market for Lucerne; mapped with Census 2020 ZCTA 95458 in Lake County.,,,,
95485 Nice,zcta,95485,Nice,39.2084696,-122.92572,254799,,2016-10-31,10,0,Zillow ZIP-level market for Nice; mapped with Census 2020 ZCTA 95485 in Lake County.,,,,
95443 Lucerne,zcta,95443,Lucerne,39.0501313,-122.7396314,189082,,2016-10-31,10,0,Zillow ZIP-level market for Lucerne; mapped with Census 2020 ZCTA 95443 in Lake County.,,,,
95426 Middletown,zcta,95426,Middletown,38.8334248,-122.7340614,215841,,2016-10-31,10,0,Zillow ZIP-level market for Middletown; mapped with Census 2020 ZCTA 95426 in Lake County.,,,,
95424 Clearlake,zcta,95424,Clearlake,0.0,0.0,200445,,2016-10-31,10,0,Zillow ZIP-level market for Clearlake; mapped with Census 2020 ZCTA 95424 in Lake County.,,,,
95422 Clearlake,zcta,95422,Clearlake,38.985515,-122.6425345,124078,,2016-11-30,10,0,Zillow ZIP-level market for Clearlake; mapped with Census 2020 ZCTA 95422 in Lake County.,,,,
95453 Lakeport,zcta,95453,Lakeport,39.0459308,-122.941077,263659,,2016-11-30,10,0,Zillow ZIP-level market for Lakeport; mapped with Census 2020 ZCTA 95453 in Lake County.,,,,
95451 Kelseyville,zcta,95451,Kelseyville,38.9221361,-122.7895645,251553,,2016-11-30,10,0,Zillow ZIP-level market for Kelseyville; mapped with Census 2020 ZCTA 95451 in Lake County.,,,,
95467 Hidden Valley Lake,zcta,95467,Hidden Valley Lake,38.8129545,-122.5480991,263691,,2016-11-30,10,0,Zillow ZIP-level market for Hidden Valley Lake; mapped with Census 2020 ZCTA 95467 in Lake County.,,,,
95457 Lower Lake,zcta,95457,Lower Lake,38.9240363,-122.5490825,286383,,2016-11-30,10,0,Zillow ZIP-level market for Lower Lake; mapped with Census 2020 ZCTA 95457 in Lake County.,,,,
95461 Middletown,zcta,95461,Middletown,38.7540062,-122.5521097,231832,,2016-11-30,10,0,Zillow ZIP-level market for Middletown; mapped with Census 2020 ZCTA 95461 in Lake County.,,,,
95423 Clearlake Oaks,zcta,95423,Clearlake Oaks,39.067376,-122.6297201,174662,,2016-11-30,10,0,Zillow ZIP-level market for Clearlake Oaks; mapped with Census 2020 ZCTA 95423 in Lake County.,,,,
95464 Upper Lake,zcta,95464,Upper Lake,39.1262459,-122.8470753,164470,,2016-11-30,10,0,Zillow ZIP-level market for Upper Lake; mapped with Census 2020 ZCTA 95464 in Lake County.,,,,
95469 Upper Lake,zcta,95469,Upper Lake,39.3989363,-123.0752527,398881,,2016-11-30,10,0,Zillow ZIP-level market for Upper Lake; mapped with Census 2020 ZCTA 95469 in Lake County.,,,,
95458 Lucerne,zcta,95458,Lucerne,39.1090084,-122.7776345,155849,,2016-11-30,10,0,Zillow ZIP-level market for Lucerne; mapped with Census 2020 ZCTA 95458 in Lake County.,,,,
95485 Nice,zcta,95485,Nice,39.2084696,-122.92572,258334,,2016-11-30,10,0,Zillow ZIP-level market for Nice; mapped with Census 2020 ZCTA 95485 in Lake County.,,,,
95443 Lucerne,zcta,95443,Lucerne,39.0501313,-122.7396314,192349,,2016-11-30,10,0,Zillow ZIP-level market for Lucerne; mapped with Census 2020 ZCTA 95443 in Lake County.,,,,
95426 Middletown,zcta,95426,Middletown,38.8334248,-122.7340614,217545,,2016-11-30,10,0,Zillow ZIP-level market for Middletown; mapped with Census 2020 ZCTA 95426 in Lake County.,,,,
95424 Clearlake,zcta,95424,Clearlake,0.0,0.0,203645,,2016-11-30,10,0,Zillow ZIP-level market for Clearlake; mapped with Census 2020 ZCTA 95424 in Lake County.,,,,
95422 Clearlake,zcta,95422,Clearlake,38.985515,-122.6425345,126670,,2016-12-31,10,0,Zillow ZIP-level market for Clearlake; mapped with Census 2020 ZCTA 95422 in Lake County.,,,,
95453 Lakeport,zcta,95453,Lakeport,39.0459308,-122.941077,266674,,2016-12-31,10,0,Zillow ZIP-level market for Lakeport; mapped with Census 2020 ZCTA 95453 in Lake County.,,,,
95451 Kelseyville,zcta,95451,Kelseyville,38.9221361,-122.7895645,254560,,2016-12-31,10,0,Zillow ZIP-level market for Kelseyville; mapped with Census 2020 ZCTA 95451 in Lake County.,,,,
95467 Hidden Valley Lake,zcta,95467,Hidden Valley Lake,38.8129545,-122.5480991,266499,,2016-12-31,10,0,Zillow ZIP-level market for Hidden Valley Lake; mapped with Census 2020 ZCTA 95467 in Lake County.,,,,
95457 Lower Lake,zcta,95457,Lower Lake,38.9240363,-122.5490825,289450,,2016-12-31,10,0,Zillow ZIP-level market for Lower Lake; mapped with Census 2020 ZCTA 95457 in Lake County.,,,,
95461 Middletown,zcta,95461,Middletown,38.7540062,-122.5521097,231975,,2016-12-31,10,0,Zillow ZIP-level market for Middletown; mapped with Census 2020 ZCTA 95461 in Lake County.,,,,
95423 Clearlake Oaks,zcta,95423,Clearlake Oaks,39.067376,-122.6297201,176670,,2016-12-31,10,0,Zillow ZIP-level market for Clearlake Oaks; mapped with Census 2020 ZCTA 95423 in Lake County.,,,,
95464 Upper Lake,zcta,95464,Upper Lake,39.1262459,-122.8470753,166106,,2016-12-31,10,0,Zillow ZIP-level market for Upper Lake; mapped with Census 2020 ZCTA 95464 in Lake County.,,,,
95469 Upper Lake,zcta,95469,Upper Lake,39.3989363,-123.0752527,399700,,2016-12-31,10,0,Zillow ZIP-level market for Upper Lake; mapped with Census 2020 ZCTA 95469 in Lake County.,,,,
95458 Lucerne,zcta,95458,Lucerne,39.1090084,-122.7776345,158029,,2016-12-31,10,0,Zillow ZIP-level market for Lucerne; mapped with Census 2020 ZCTA 95458 in Lake County.,,,,
95485 Nice,zcta,95485,Nice,39.2084696,-122.92572,260914,,2016-12-31,10,0,Zillow ZIP-level market for Nice; mapped with Census 2020 ZCTA 95485 in Lake County.,,,,
95443 Lucerne,zcta,95443,Lucerne,39.0501313,-122.7396314,195283,,2016-12-31,10,0,Zillow ZIP-level market for Lucerne; mapped with Census 2020 ZCTA 95443 in Lake County.,,,,
95426 Middletown,zcta,95426,Middletown,38.8334248,-122.7340614,218947,,2016-12-31,10,0,Zillow ZIP-level market for Middletown; mapped with Census 2020 ZCTA 95426 in Lake County.,,,,
95424 Clearlake,zcta,95424,Clearlake,0.0,0.0,205922,,2016-12-31,10,0,Zillow ZIP-level market for Clearlake; mapped with Census 2020 ZCTA 95424 in Lake County.,,,,
95422 Clearlake,zcta,95422,Clearlake,38.985515,-122.6425345,129098,,2017-01-31,10,0,Zillow ZIP-level market for Clearlake; mapped with Census 2020 ZCTA 95422 in Lake County.,,,,
95453 Lakeport,zcta,95453,Lakeport,39.0459308,-122.941077,268913,,2017-01-31,10,0,Zillow ZIP-level market for Lakeport; mapped with Census 2020 ZCTA 95453 in Lake County.,,,,
95451 Kelseyville,zcta,95451,Kelseyville,38.9221361,-122.7895645,256596,,2017-01-31,10,0,Zillow ZIP-level market for Kelseyville; mapped with Census 2020 ZCTA 95451 in Lake County.,,,,
95467 Hidden Valley Lake,zcta,95467,Hidden Valley Lake,38.8129545,-122.5480991,268953,,2017-01-31,10,0,Zillow ZIP-level market for Hidden Valley Lake; mapped with Census 2020 ZCTA 95467 in Lake County.,,,,
95457 Lower Lake,zcta,95457,Lower Lake,38.9240363,-122.5490825,292163,,2017-01-31,10,0,Zillow ZIP-level market for Lower Lake; mapped with Census 2020 ZCTA 95457 in Lake County.,,,,
95461 Middletown,zcta,95461,Middletown,38.7540062,-122.5521097,232437,,2017-01-31,10,0,Zillow ZIP-level market for Middletown; mapped with Census 2020 ZCTA 95461 in Lake County.,,,,
95423 Clearlake Oaks,zcta,95423,Clearlake Oaks,39.067376,-122.6297201,177980,,2017-01-31,10,0,Zillow ZIP-level market for Clearlake Oaks; mapped with Census 2020 ZCTA 95423 in Lake County.,,,,
95464 Upper Lake,zcta,95464,Upper Lake,39.1262459,-122.8470753,167538,,2017-01-31,10,0,Zillow ZIP-level market for Upper Lake; mapped with Census 2020 ZCTA 95464 in Lake County.,,,,
95469 Upper Lake,zcta,95469,Upper Lake,39.3989363,-123.0752527,402548,,2017-01-31,10,0,Zillow ZIP-level market for Upper Lake; mapped with Census 2020 ZCTA 95469 in Lake County.,,,,
95458 Lucerne,zcta,95458,Lucerne,39.1090084,-122.7776345,159565,,2017-01-31,10,0,Zillow ZIP-level market for Lucerne; mapped with Census 2020 ZCTA 95458 in Lake County.,,,,
95485 Nice,zcta,95485,Nice,39.2084696,-122.92572,262359,,2017-01-31,10,0,Zillow ZIP-level market for Nice; mapped with Census 2020 ZCTA 95485 in Lake County.,,,,
95443 Lucerne,zcta,95443,Lucerne,39.0501313,-122.7396314,197069,,2017-01-31,10,0,Zillow ZIP-level market for Lucerne; mapped with Census 2020 ZCTA 95443 in Lake County.,,,,
95426 Middletown,zcta,95426,Middletown,38.8334248,-122.7340614,219273,,2017-01-31,10,0,Zillow ZIP-level market for Middletown; mapped with Census 2020 ZCTA 95426 in Lake County.,,,,
95424 Clearlake,zcta,95424,Clearlake,0.0,0.0,207156,,2017-01-31,10,0,Zillow ZIP-level market for Clearlake; mapped with Census 2020 ZCTA 95424 in Lake County.,,,,
95422 Clearlake,zcta,95422,Clearlake,38.985515,-122.6425345,131180,,2017-02-28,10,0,Zillow ZIP-level market for Clearlake; mapped with Census 2020 ZCTA 95422 in Lake County.,,,,
95453 Lakeport,zcta,95453,Lakeport,39.0459308,-122.941077,270671,,2017-02-28,10,0,Zillow ZIP-level market for Lakeport; mapped with Census 2020 ZCTA 95453 in Lake County.,,,,
95451 Kelseyville,zcta,95451,Kelseyville,38.9221361,-122.7895645,258742,,2017-02-28,10,0,Zillow ZIP-level market for Kelseyville; mapped with Census 2020 ZCTA 95451 in Lake County.,,,,
95467 Hidden Valley Lake,zcta,95467,Hidden Valley Lake,38.8129545,-122.5480991,271486,,2017-02-28,10,0,Zillow ZIP-level market for Hidden Valley Lake; mapped with Census 2020 ZCTA 95467 in Lake County.,,,,
95457 Lower Lake,zcta,95457,Lower Lake,38.9240363,-122.5490825,294595,,2017-02-28,10,0,Zillow ZIP-level market for Lower Lake; mapped with Census 2020 ZCTA 95457 in Lake County.,,,,
95461 Middletown,zcta,95461,Middletown,38.7540062,-122.5521097,233971,,2017-02-28,10,0,Zillow ZIP-level market for Middletown; mapped with Census 2020 ZCTA 95461 in Lake County.,,,,
95423 Clearlake Oaks,zcta,95423,Clearlake Oaks,39.067376,-122.6297201,179373,,2017-02-28,10,0,Zillow ZIP-level market for Clearlake Oaks; mapped with Census 2020 ZCTA 95423 in Lake County.,,,,
95464 Upper Lake,zcta,95464,Upper Lake,39.1262459,-122.8470753,169131,,2017-02-28,10,0,Zillow ZIP-level market for Upper Lake; mapped with Census 2020 ZCTA 95464 in Lake County.,,,,
95469 Upper Lake,zcta,95469,Upper Lake,39.3989363,-123.0752527,406874,,2017-02-28,10,0,Zillow ZIP-level market for Upper Lake; mapped with Census 2020 ZCTA 95469 in Lake County.,,,,
95458 Lucerne,zcta,95458,Lucerne,39.1090084,-122.7776345,160837,,2017-02-28,10,0,Zillow ZIP-level market for Lucerne; mapped with Census 2020 ZCTA 95458 in Lake County.,,,,
95485 Nice,zcta,95485,Nice,39.2084696,-122.92572,263018,,2017-02-28,10,0,Zillow ZIP-level market for Nice; mapped with Census 2020 ZCTA 95485 in Lake County.,,,,
95443 Lucerne,zcta,95443,Lucerne,39.0501313,-122.7396314,198215,,2017-02-28,10,0,Zillow ZIP-level market for Lucerne; mapped with Census 2020 ZCTA 95443 in Lake County.,,,,
95426 Middletown,zcta,95426,Middletown,38.8334248,-122.7340614,219071,,2017-02-28,10,0,Zillow ZIP-level market for Middletown; mapped with Census 2020 ZCTA 95426 in Lake County.,,,,
95424 Clearlake,zcta,95424,Clearlake,0.0,0.0,208027,,2017-02-28,10,0,Zillow ZIP-level market for Clearlake; mapped with Census 2020 ZCTA 95424 in Lake County.,,,,
95422 Clearlake,zcta,95422,Clearlake,38.985515,-122.6425345,132880,,2017-03-31,10,0,Zillow ZIP-level market for Clearlake; mapped with Census 2020 ZCTA 95422 in Lake County.,,,,
95453 Lakeport,zcta,95453,Lakeport,39.0459308,-122.941077,272972,,2017-03-31,10,0,Zillow ZIP-level market for Lakeport; mapped with Census 2020 ZCTA 95453 in Lake County.,,,,
95451 Kelseyville,zcta,95451,Kelseyville,38.9221361,-122.7895645,260543,,2017-03-31,10,0,Zillow ZIP-level market for Kelseyville; mapped with Census 2020 ZCTA 95451 in Lake County.,,,,
95467 Hidden Valley Lake,zcta,95467,Hidden Valley Lake,38.8129545,-122.5480991,274348,,2017-03-31,10,0,Zillow ZIP-level market for Hidden Valley Lake; mapped with Census 2020 ZCTA 95467 in Lake County.,,,,
95457 Lower Lake,zcta,95457,Lower Lake,38.9240363,-122.5490825,297090,,2017-03-31,10,0,Zillow ZIP-level market for Lower Lake; mapped with Census 2020 ZCTA 95457 in Lake County.,,,,
95461 Middletown,zcta,95461,Middletown,38.7540062,-122.5521097,236310,,2017-03-31,10,0,Zillow ZIP-level market for Middletown; mapped with Census 2020 ZCTA 95461 in Lake County.,,,,
95423 Clearlake Oaks,zcta,95423,Clearlake Oaks,39.067376,-122.6297201,180491,,2017-03-31,10,0,Zillow ZIP-level market for Clearlake Oaks; mapped with Census 2020 ZCTA 95423 in Lake County.,,,,
95464 Upper Lake,zcta,95464,Upper Lake,39.1262459,-122.8470753,170631,,2017-03-31,10,0,Zillow ZIP-level market for Upper Lake; mapped with Census 2020 ZCTA 95464 in Lake County.,,,,
95469 Upper Lake,zcta,95469,Upper Lake,39.3989363,-123.0752527,411307,,2017-03-31,10,0,Zillow ZIP-level market for Upper Lake; mapped with Census 2020 ZCTA 95469 in Lake County.,,,,
95458 Lucerne,zcta,95458,Lucerne,39.1090084,-122.7776345,162193,,2017-03-31,10,0,Zillow ZIP-level market for Lucerne; mapped with Census 2020 ZCTA 95458 in Lake County.,,,,
95485 Nice,zcta,95485,Nice,39.2084696,-122.92572,264693,,2017-03-31,10,0,Zillow ZIP-level market for Nice; mapped with Census 2020 ZCTA 95485 in Lake County.,,,,
95443 Lucerne,zcta,95443,Lucerne,39.0501313,-122.7396314,199466,,2017-03-31,10,0,Zillow ZIP-level market for Lucerne; mapped with Census 2020 ZCTA 95443 in Lake County.,,,,
95426 Middletown,zcta,95426,Middletown,38.8334248,-122.7340614,219033,,2017-03-31,10,0,Zillow ZIP-level market for Middletown; mapped with Census 2020 ZCTA 95426 in Lake County.,,,,
95424 Clearlake,zcta,95424,Clearlake,0.0,0.0,209459,,2017-03-31,10,0,Zillow ZIP-level market for Clearlake; mapped with Census 2020 ZCTA 95424 in Lake County.,,,,
95422 Clearlake,zcta,95422,Clearlake,38.985515,-122.6425345,134217,,2017-04-30,10,0,Zillow ZIP-level market for Clearlake; mapped with Census 2020 ZCTA 95422 in Lake County.,,,,
95453 Lakeport,zcta,95453,Lakeport,39.0459308,-122.941077,275947,,2017-04-30,10,0,Zillow ZIP-level market for Lakeport; mapped with Census 2020 ZCTA 95453 in Lake County.,,,,
95451 Kelseyville,zcta,95451,Kelseyville,38.9221361,-122.7895645,262277,,2017-04-30,10,0,Zillow ZIP-level market for Kelseyville; mapped with Census 2020 ZCTA 95451 in Lake County.,,,,
95467 Hidden Valley Lake,zcta,95467,Hidden Valley Lake,38.8129545,-122.5480991,277129,,2017-04-30,10,0,Zillow ZIP-level market for Hidden Valley Lake; mapped with Census 2020 ZCTA 95467 in Lake County.,,,,
95457 Lower Lake,zcta,95457,Lower Lake,38.9240363,-122.5490825,299644,,2017-04-30,10,0,Zillow ZIP-level market for Lower Lake; mapped with Census 2020 ZCTA 95457 in Lake County.,,,,
95461 Middletown,zcta,95461,Middletown,38.7540062,-122.5521097,238047,,2017-04-30,10,0,Zillow ZIP-level market for Middletown; mapped with Census 2020 ZCTA 95461 in Lake County.,,,,
95423 Clearlake Oaks,zcta,95423,Clearlake Oaks,39.067376,-122.6297201,181776,,2017-04-30,10,0,Zillow ZIP-level market for Clearlake Oaks; mapped with Census 2020 ZCTA 95423 in Lake County.,,,,
95464 Upper Lake,zcta,95464,Upper Lake,39.1262459,-122.8470753,171948,,2017-04-30,10,0,Zillow ZIP-level market for Upper Lake; mapped with Census 2020 ZCTA 95464 in Lake County.,,,,
95469 Upper Lake,zcta,95469,Upper Lake,39.3989363,-123.0752527,415389,,2017-04-30,10,0,Zillow ZIP-level market for Upper Lake; mapped with Census 2020 ZCTA 95469 in Lake County.,,,,
95458 Lucerne,zcta,95458,Lucerne,39.1090084,-122.7776345,163988,,2017-04-30,10,0,Zillow ZIP-level market for Lucerne; mapped with Census 2020 ZCTA 95458 in Lake County.,,,,
95485 Nice,zcta,95485,Nice,39.2084696,-122.92572,267106,,2017-04-30,10,0,Zillow ZIP-level market for Nice; mapped with Census 2020 ZCTA 95485 in Lake County.,,,,
95443 Lucerne,zcta,95443,Lucerne,39.0501313,-122.7396314,200916,,2017-04-30,10,0,Zillow ZIP-level market for Lucerne; mapped with Census 2020 ZCTA 95443 in Lake County.,,,,
95426 Middletown,zcta,95426,Middletown,38.8334248,-122.7340614,218877,,2017-04-30,10,0,Zillow ZIP-level market for Middletown; mapped with Census 2020 ZCTA 95426 in Lake County.,,,,
95424 Clearlake,zcta,95424,Clearlake,0.0,0.0,211572,,2017-04-30,10,0,Zillow ZIP-level market for Clearlake; mapped with Census 2020 ZCTA 95424 in Lake County.,,,,
95422 Clearlake,zcta,95422,Clearlake,38.985515,-122.6425345,135461,,2017-05-31,10,0,Zillow ZIP-level market for Clearlake; mapped with Census 2020 ZCTA 95422 in Lake County.,,,,
95453 Lakeport,zcta,95453,Lakeport,39.0459308,-122.941077,278809,,2017-05-31,10,0,Zillow ZIP-level market for Lakeport; mapped with Census 2020 ZCTA 95453 in Lake County.,,,,
95451 Kelseyville,zcta,95451,Kelseyville,38.9221361,-122.7895645,263887,,2017-05-31,10,0,Zillow ZIP-level market for Kelseyville; mapped with Census 2020 ZCTA 95451 in Lake County.,,,,
95467 Hidden Valley Lake,zcta,95467,Hidden Valley Lake,38.8129545,-122.5480991,279295,,2017-05-31,10,0,Zillow ZIP-level market for Hidden Valley Lake; mapped with Census 2020 ZCTA 95467 in Lake County.,,,,
95457 Lower Lake,zcta,95457,Lower Lake,38.9240363,-122.5490825,301784,,2017-05-31,10,0,Zillow ZIP-level market for Lower Lake; mapped with Census 2020 ZCTA 95457 in Lake County.,,,,
95461 Middletown,zcta,95461,Middletown,38.7540062,-122.5521097,239391,,2017-05-31,10,0,Zillow ZIP-level market for Middletown; mapped with Census 2020 ZCTA 95461 in Lake County.,,,,
95423 Clearlake Oaks,zcta,95423,Clearlake Oaks,39.067376,-122.6297201,182739,,2017-05-31,10,0,Zillow ZIP-level market for Clearlake Oaks; mapped with Census 2020 ZCTA 95423 in Lake County.,,,,
95464 Upper Lake,zcta,95464,Upper Lake,39.1262459,-122.8470753,173193,,2017-05-31,10,0,Zillow ZIP-level market for Upper Lake; mapped with Census 2020 ZCTA 95464 in Lake County.,,,,
95469 Upper Lake,zcta,95469,Upper Lake,39.3989363,-123.0752527,418412,,2017-05-31,10,0,Zillow ZIP-level market for Upper Lake; mapped with Census 2020 ZCTA 95469 in Lake County.,,,,
95458 Lucerne,zcta,95458,Lucerne,39.1090084,-122.7776345,166000,,2017-05-31,10,0,Zillow ZIP-level market for Lucerne; mapped with Census 2020 ZCTA 95458 in Lake County.,,,,
95485 Nice,zcta,95485,Nice,39.2084696,-122.92572,270620,,2017-05-31,10,0,Zillow ZIP-level market for Nice; mapped with Census 2020 ZCTA 95485 in Lake County.,,,,
95443 Lucerne,zcta,95443,Lucerne,39.0501313,-122.7396314,202342,,2017-05-31,10,0,Zillow ZIP-level market for Lucerne; mapped with Census 2020 ZCTA 95443 in Lake County.,,,,
95426 Middletown,zcta,95426,Middletown,38.8334248,-122.7340614,218580,,2017-05-31,10,0,Zillow ZIP-level market for Middletown; mapped with Census 2020 ZCTA 95426 in Lake County.,,,,
95424 Clearlake,zcta,95424,Clearlake,0.0,0.0,213207,,2017-05-31,10,0,Zillow ZIP-level market for Clearlake; mapped with Census 2020 ZCTA 95424 in Lake County.,,,,
95422 Clearlake,zcta,95422,Clearlake,38.985515,-122.6425345,136877,,2017-06-30,10,0,Zillow ZIP-level market for Clearlake; mapped with Census 2020 ZCTA 95422 in Lake County.,,,,
95453 Lakeport,zcta,95453,Lakeport,39.0459308,-122.941077,281608,,2017-06-30,10,0,Zillow ZIP-level market for Lakeport; mapped with Census 2020 ZCTA 95453 in Lake County.,,,,
95451 Kelseyville,zcta,95451,Kelseyville,38.9221361,-122.7895645,265373,,2017-06-30,10,0,Zillow ZIP-level market for Kelseyville; mapped with Census 2020 ZCTA 95451 in Lake County.,,,,
95467 Hidden Valley Lake,zcta,95467,Hidden Valley Lake,38.8129545,-122.5480991,280512,,2017-06-30,10,0,Zillow ZIP-level market for Hidden Valley Lake; mapped with Census 2020 ZCTA 95467 in Lake County.,,,,
95457 Lower Lake,zcta,95457,Lower Lake,38.9240363,-122.5490825,304117,,2017-06-30,10,0,Zillow ZIP-level market for Lower Lake; mapped with Census 2020 ZCTA 95457 in Lake County.,,,,
95461 Middletown,zcta,95461,Middletown,38.7540062,-122.5521097,240676,,2017-06-30,10,0,Zillow ZIP-level market for Middletown; mapped with Census 2020 ZCTA 95461 in Lake County.,,,,
95423 Clearlake Oaks,zcta,95423,Clearlake Oaks,39.067376,-122.6297201,184291,,2017-06-30,10,0,Zillow ZIP-level market for Clearlake Oaks; mapped with Census 2020 ZCTA 95423 in Lake County.,,,,
95464 Upper Lake,zcta,95464,Upper Lake,39.1262459,-122.8470753,175213,,2017-06-30,10,0,Zillow ZIP-level market for Upper Lake; mapped with Census 2020 ZCTA 95464 in Lake County.,,,,
95469 Upper Lake,zcta,95469,Upper Lake,39.3989363,-123.0752527,424031,,2017-06-30,10,0,Zillow ZIP-level market for Upper Lake; mapped with Census 2020 ZCTA 95469 in Lake County.,,,,
95458 Lucerne,zcta,95458,Lucerne,39.1090084,-122.7776345,168170,,2017-06-30,10,0,Zillow ZIP-level market for Lucerne; mapped with Census 2020 ZCTA 95458 in Lake County.,,,,
95485 Nice,zcta,95485,Nice,39.2084696,-122.92572,274475,,2017-06-30,10,0,Zillow ZIP-level market for Nice; mapped with Census 2020 ZCTA 95485 in Lake County.,,,,
95443 Lucerne,zcta,95443,Lucerne,39.0501313,-122.7396314,203483,,2017-06-30,10,0,Zillow ZIP-level market for Lucerne; mapped with Census 2020 ZCTA 95443 in Lake County.,,,,
95426 Middletown,zcta,95426,Middletown,38.8334248,-122.7340614,218068,,2017-06-30,10,0,Zillow ZIP-level market for Middletown; mapped with Census 2020 ZCTA 95426 in Lake County.,,,,
95424 Clearlake,zcta,95424,Clearlake,0.0,0.0,214698,,2017-06-30,10,0,Zillow ZIP-level market for Clearlake; mapped with Census 2020 ZCTA 95424 in Lake County.,,,,
95422 Clearlake,zcta,95422,Clearlake,38.985515,-122.6425345,138151,,2017-07-31,10,0,Zillow ZIP-level market for Clearlake; mapped with Census 2020 ZCTA 95422 in Lake County.,,,,
95453 Lakeport,zcta,95453,Lakeport,39.0459308,-122.941077,283241,,2017-07-31,10,0,Zillow ZIP-level market for Lakeport; mapped with Census 2020 ZCTA 95453 in Lake County.,,,,
95451 Kelseyville,zcta,95451,Kelseyville,38.9221361,-122.7895645,266944,,2017-07-31,10,0,Zillow ZIP-level market for Kelseyville; mapped with Census 2020 ZCTA 95451 in Lake County.,,,,
95467 Hidden Valley Lake,zcta,95467,Hidden Valley Lake,38.8129545,-122.5480991,281865,,2017-07-31,10,0,Zillow ZIP-level market for Hidden Valley Lake; mapped with Census 2020 ZCTA 95467 in Lake County.,,,,
95457 Lower Lake,zcta,95457,Lower Lake,38.9240363,-122.5490825,306430,,2017-07-31,10,0,Zillow ZIP-level market for Lower Lake; mapped with Census 2020 ZCTA 95457 in Lake County.,,,,
95461 Middletown,zcta,95461,Middletown,38.7540062,-122.5521097,242025,,2017-07-31,10,0,Zillow ZIP-level market for Middletown; mapped with Census 2020 ZCTA 95461 in Lake County.,,,,
95423 Clearlake Oaks,zcta,95423,Clearlake Oaks,39.067376,-122.6297201,185806,,2017-07-31,10,0,Zillow ZIP-level market for Clearlake Oaks; mapped with Census 2020 ZCTA 95423 in Lake County.,,,,
95464 Upper Lake,zcta,95464,Upper Lake,39.1262459,-122.8470753,177275,,2017-07-31,10,0,Zillow ZIP-level market for Upper Lake; mapped with Census 2020 ZCTA 95464 in Lake County.,,,,
95469 Upper Lake,zcta,95469,Upper Lake,39.3989363,-123.0752527,431633,,2017-07-31,10,0,Zillow ZIP-level market for Upper Lake; mapped with Census 2020 ZCTA 95469 in Lake County.,,,,
95458 Lucerne,zcta,95458,Lucerne,39.1090084,-122.7776345,169299,,2017-07-31,10,0,Zillow ZIP-level market for Lucerne; mapped with Census 2020 ZCTA 95458 in Lake County.,,,,
95485 Nice,zcta,95485,Nice,39.2084696,-122.92572,277121,,2017-07-31,10,0,Zillow ZIP-level market for Nice; mapped with Census 2020 ZCTA 95485 in Lake County.,,,,
95443 Lucerne,zcta,95443,Lucerne,39.0501313,-122.7396314,204007,,2017-07-31,10,0,Zillow ZIP-level market for Lucerne; mapped with Census 2020 ZCTA 95443 in Lake County.,,,,
95426 Middletown,zcta,95426,Middletown,38.8334248,-122.7340614,217750,,2017-07-31,10,0,Zillow ZIP-level market for Middletown; mapped with Census 2020 ZCTA 95426 in Lake County.,,,,
95424 Clearlake,zcta,95424,Clearlake,0.0,0.0,215763,,2017-07-31,10,0,Zillow ZIP-level market for Clearlake; mapped with Census 2020 ZCTA 95424 in Lake County.,,,,
95422 Clearlake,zcta,95422,Clearlake,38.985515,-122.6425345,139663,,2017-08-31,10,0,Zillow ZIP-level market for Clearlake; mapped with Census 2020 ZCTA 95422 in Lake County.,,,,
95453 Lakeport,zcta,95453,Lakeport,39.0459308,-122.941077,285060,,2017-08-31,10,0,Zillow ZIP-level market for Lakeport; mapped with Census 2020 ZCTA 95453 in Lake County.,,,,
95451 Kelseyville,zcta,95451,Kelseyville,38.9221361,-122.7895645,269005,,2017-08-31,10,0,Zillow ZIP-level market for Kelseyville; mapped with Census 2020 ZCTA 95451 in Lake County.,,,,
95467 Hidden Valley Lake,zcta,95467,Hidden Valley Lake,38.8129545,-122.5480991,283412,,2017-08-31,10,0,Zillow ZIP-level market for Hidden Valley Lake; mapped with Census 2020 ZCTA 95467 in Lake County.,,,,
95457 Lower Lake,zcta,95457,Lower Lake,38.9240363,-122.5490825,309426,,2017-08-31,10,0,Zillow ZIP-level market for Lower Lake; mapped with Census 2020 ZCTA 95457 in Lake County.,,,,
95461 Middletown,zcta,95461,Middletown,38.7540062,-122.5521097,243997,,2017-08-31,10,0,Zillow ZIP-level market for Middletown; mapped with Census 2020 ZCTA 95461 in Lake County.,,,,
95423 Clearlake Oaks,zcta,95423,Clearlake Oaks,39.067376,-122.6297201,187846,,2017-08-31,10,0,Zillow ZIP-level market for Clearlake Oaks; mapped with Census 2020 ZCTA 95423 in Lake County.,,,,
95464 Upper Lake,zcta,95464,Upper Lake,39.1262459,-122.8470753,179052,,2017-08-31,10,0,Zillow ZIP-level market for Upper Lake; mapped with Census 2020 ZCTA 95464 in Lake County.,,,,
95469 Upper Lake,zcta,95469,Upper Lake,39.3989363,-123.0752527,438978,,2017-08-31,10,0,Zillow ZIP-level market for Upper Lake; mapped with Census 2020 ZCTA 95469 in Lake County.,,,,
95458 Lucerne,zcta,95458,Lucerne,39.1090084,-122.7776345,170035,,2017-08-31,10,0,Zillow ZIP-level market for Lucerne; mapped with Census 2020 ZCTA 95458 in Lake County.,,,,
95485 Nice,zcta,95485,Nice,39.2084696,-122.92572,279238,,2017-08-31,10,0,Zillow ZIP-level market for Nice; mapped with Census 2020 ZCTA 95485 in Lake County.,,,,
95443 Lucerne,zcta,95443,Lucerne,39.0501313,-122.7396314,205331,,2017-08-31,10,0,Zillow ZIP-level market for Lucerne; mapped with Census 2020 ZCTA 95443 in Lake County.,,,,
95426 Middletown,zcta,95426,Middletown,38.8334248,-122.7340614,217779,,2017-08-31,10,0,Zillow ZIP-level market for Middletown; mapped with Census 2020 ZCTA 95426 in Lake County.,,,,
95424 Clearlake,zcta,95424,Clearlake,0.0,0.0,217461,,2017-08-31,10,0,Zillow ZIP-level market for Clearlake; mapped with Census 2020 ZCTA 95424 in Lake County.,,,,
95422 Clearlake,zcta,95422,Clearlake,38.985515,-122.6425345,141111,,2017-09-30,10,0,Zillow ZIP-level market for Clearlake; mapped with Census 2020 ZCTA 95422 in Lake County.,,,,
95453 Lakeport,zcta,95453,Lakeport,39.0459308,-122.941077,287108,,2017-09-30,10,0,Zillow ZIP-level market for Lakeport; mapped with Census 2020 ZCTA 95453 in Lake County.,,,,
95451 Kelseyville,zcta,95451,Kelseyville,38.9221361,-122.7895645,271860,,2017-09-30,10,0,Zillow ZIP-level market for Kelseyville; mapped with Census 2020 ZCTA 95451 in Lake County.,,,,
95467 Hidden Valley Lake,zcta,95467,Hidden Valley Lake,38.8129545,-122.5480991,285724,,2017-09-30,10,0,Zillow ZIP-level market for Hidden Valley Lake; mapped with Census 2020 ZCTA 95467 in Lake County.,,,,
95457 Lower Lake,zcta,95457,Lower Lake,38.9240363,-122.5490825,312405,,2017-09-30,10,0,Zillow ZIP-level market for Lower Lake; mapped with Census 2020 ZCTA 95457 in Lake County.,,,,
95461 Middletown,zcta,95461,Middletown,38.7540062,-122.5521097,247099,,2017-09-30,10,0,Zillow ZIP-level market for Middletown; mapped with Census 2020 ZCTA 95461 in Lake County.,,,,
95423 Clearlake Oaks,zcta,95423,Clearlake Oaks,39.067376,-122.6297201,190005,,2017-09-30,10,0,Zillow ZIP-level market for Clearlake Oaks; mapped with Census 2020 ZCTA 95423 in Lake County.,,,,
95464 Upper Lake,zcta,95464,Upper Lake,39.1262459,-122.8470753,180657,,2017-09-30,10,0,Zillow ZIP-level market for Upper Lake; mapped with Census 2020 ZCTA 95464 in Lake County.,,,,
95469 Upper Lake,zcta,95469,Upper Lake,39.3989363,-123.0752527,445047,,2017-09-30,10,0,Zillow ZIP-level market for Upper Lake; mapped with Census 2020 ZCTA 95469 in Lake County.,,,,
95458 Lucerne,zcta,95458,Lucerne,39.1090084,-122.7776345,170912,,2017-09-30,10,0,Zillow ZIP-level market for Lucerne; mapped with Census 2020 ZCTA 95458 in Lake County.,,,,
95485 Nice,zcta,95485,Nice,39.2084696,-122.92572,281288,,2017-09-30,10,0,Zillow ZIP-level market for Nice; mapped with Census 2020 ZCTA 95485 in Lake County.,,,,
95443 Lucerne,zcta,95443,Lucerne,39.0501313,-122.7396314,207512,,2017-09-30,10,0,Zillow ZIP-level market for Lucerne; mapped with Census 2020 ZCTA 95443 in Lake County.,,,,
95426 Middletown,zcta,95426,Middletown,38.8334248,-122.7340614,219208,,2017-09-30,10,0,Zillow ZIP-level market for Middletown; mapped with Census 2020 ZCTA 95426 in Lake County.,,,,
95424 Clearlake,zcta,95424,Clearlake,0.0,0.0,218946,,2017-09-30,10,0,Zillow ZIP-level market for Clearlake; mapped with Census 2020 ZCTA 95424 in Lake County.,,,,
95422 Clearlake,zcta,95422,Clearlake,38.985515,-122.6425345,142743,,2017-10-31,10,0,Zillow ZIP-level market for Clearlake; mapped with Census 2020 ZCTA 95422 in Lake County.,,,,
95453 Lakeport,zcta,95453,Lakeport,39.0459308,-122.941077,289796,,2017-10-31,10,0,Zillow ZIP-level market for Lakeport; mapped with Census 2020 ZCTA 95453 in Lake County.,,,,
95451 Kelseyville,zcta,95451,Kelseyville,38.9221361,-122.7895645,274765,,2017-10-31,10,0,Zillow ZIP-level market for Kelseyville; mapped with Census 2020 ZCTA 95451 in Lake County.,,,,
95467 Hidden Valley Lake,zcta,95467,Hidden Valley Lake,38.8129545,-122.5480991,287356,,2017-10-31,10,0,Zillow ZIP-level market for Hidden Valley Lake; mapped with Census 2020 ZCTA 95467 in Lake County.,,,,
95457 Lower Lake,zcta,95457,Lower Lake,38.9240363,-122.5490825,314255,,2017-10-31,10,0,Zillow ZIP-level market for Lower Lake; mapped with Census 2020 ZCTA 95457 in Lake County.,,,,
95461 Middletown,zcta,95461,Middletown,38.7540062,-122.5521097,249605,,2017-10-31,10,0,Zillow ZIP-level market for Middletown; mapped with Census 2020 ZCTA 95461 in Lake County.,,,,
95423 Clearlake Oaks,zcta,95423,Clearlake Oaks,39.067376,-122.6297201,192369,,2017-10-31,10,0,Zillow ZIP-level market for Clearlake Oaks; mapped with Census 2020 ZCTA 95423 in Lake County.,,,,
95464 Upper Lake,zcta,95464,Upper Lake,39.1262459,-122.8470753,182588,,2017-10-31,10,0,Zillow ZIP-level market for Upper Lake; mapped with Census 2020 ZCTA 95464 in Lake County.,,,,
95469 Upper Lake,zcta,95469,Upper Lake,39.3989363,-123.0752527,450264,,2017-10-31,10,0,Zillow ZIP-level market for Upper Lake; mapped with Census 2020 ZCTA 95469 in Lake County.,,,,
95458 Lucerne,zcta,95458,Lucerne,39.1090084,-122.7776345,172664,,2017-10-31,10,0,Zillow ZIP-level market for Lucerne; mapped with Census 2020 ZCTA 95458 in Lake County.,,,,
95485 Nice,zcta,95485,Nice,39.2084696,-122.92572,284241,,2017-10-31,10,0,Zillow ZIP-level market for Nice; mapped with Census 2020 ZCTA 95485 in Lake County.,,,,
95443 Lucerne,zcta,95443,Lucerne,39.0501313,-122.7396314,209828,,2017-10-31,10,0,Zillow ZIP-level market for Lucerne; mapped with Census 2020 ZCTA 95443 in Lake County.,,,,
95426 Middletown,zcta,95426,Middletown,38.8334248,-122.7340614,220477,,2017-10-31,10,0,Zillow ZIP-level market for Middletown; mapped with Census 2020 ZCTA 95426 in Lake County.,,,,
95424 Clearlake,zcta,95424,Clearlake,0.0,0.0,220292,,2017-10-31,10,0,Zillow ZIP-level market for Clearlake; mapped with Census 2020 ZCTA 95424 in Lake County.,,,,
95422 Clearlake,zcta,95422,Clearlake,38.985515,-122.6425345,144898,,2017-11-30,10,0,Zillow ZIP-level market for Clearlake; mapped with Census 2020 ZCTA 95422 in Lake County.,,,,
95453 Lakeport,zcta,95453,Lakeport,39.0459308,-122.941077,292378,,2017-11-30,10,0,Zillow ZIP-level market for Lakeport; mapped with Census 2020 ZCTA 95453 in Lake County.,,,,
95451 Kelseyville,zcta,95451,Kelseyville,38.9221361,-122.7895645,277472,,2017-11-30,10,0,Zillow ZIP-level market for Kelseyville; mapped with Census 2020 ZCTA 95451 in Lake County.,,,,
95467 Hidden Valley Lake,zcta,95467,Hidden Valley Lake,38.8129545,-122.5480991,289248,,2017-11-30,10,0,Zillow ZIP-level market for Hidden Valley Lake; mapped with Census 2020 ZCTA 95467 in Lake County.,,,,
95457 Lower Lake,zcta,95457,Lower Lake,38.9240363,-122.5490825,315696,,2017-11-30,10,0,Zillow ZIP-level market for Lower Lake; mapped with Census 2020 ZCTA 95457 in Lake County.,,,,
95461 Middletown,zcta,95461,Middletown,38.7540062,-122.5521097,251896,,2017-11-30,10,0,Zillow ZIP-level market for Middletown; mapped with Census 2020 ZCTA 95461 in Lake County.,,,,
95423 Clearlake Oaks,zcta,95423,Clearlake Oaks,39.067376,-122.6297201,194820,,2017-11-30,10,0,Zillow ZIP-level market for Clearlake Oaks; mapped with Census 2020 ZCTA 95423 in Lake County.,,,,
95464 Upper Lake,zcta,95464,Upper Lake,39.1262459,-122.8470753,185007,,2017-11-30,10,0,Zillow ZIP-level market for Upper Lake; mapped with Census 2020 ZCTA 95464 in Lake County.,,,,
95469 Upper Lake,zcta,95469,Upper Lake,39.3989363,-123.0752527,455396,,2017-11-30,10,0,Zillow ZIP-level market for Upper Lake; mapped with Census 2020 ZCTA 95469 in Lake County.,,,,
95458 Lucerne,zcta,95458,Lucerne,39.1090084,-122.7776345,174667,,2017-11-30,10,0,Zillow ZIP-level market for Lucerne; mapped with Census 2020 ZCTA 95458 in Lake County.,,,,
95485 Nice,zcta,95485,Nice,39.2084696,-122.92572,286382,,2017-11-30,10,0,Zillow ZIP-level market for Nice; mapped with Census 2020 ZCTA 95485 in Lake County.,,,,
95443 Lucerne,zcta,95443,Lucerne,39.0501313,-122.7396314,211099,,2017-11-30,10,0,Zillow ZIP-level market for Lucerne; mapped with Census 2020 ZCTA 95443 in Lake County.,,,,
95426 Middletown,zcta,95426,Middletown,38.8334248,-122.7340614,220916,,2017-11-30,10,0,Zillow ZIP-level market for Middletown; mapped with Census 2020 ZCTA 95426 in Lake County.,,,,
95424 Clearlake,zcta,95424,Clearlake,0.0,0.0,222691,,2017-11-30,10,0,Zillow ZIP-level market for Clearlake; mapped with Census 2020 ZCTA 95424 in Lake County.,,,,
95422 Clearlake,zcta,95422,Clearlake,38.985515,-122.6425345,146942,,2017-12-31,10,0,Zillow ZIP-level market for Clearlake; mapped with Census 2020 ZCTA 95422 in Lake County.,,,,
95453 Lakeport,zcta,95453,Lakeport,39.0459308,-122.941077,294687,,2017-12-31,10,0,Zillow ZIP-level market for Lakeport; mapped with Census 2020 ZCTA 95453 in Lake County.,,,,
95451 Kelseyville,zcta,95451,Kelseyville,38.9221361,-122.7895645,279928,,2017-12-31,10,0,Zillow ZIP-level market for Kelseyville; mapped with Census 2020 ZCTA 95451 in Lake County.,,,,
95467 Hidden Valley Lake,zcta,95467,Hidden Valley Lake,38.8129545,-122.5480991,291664,,2017-12-31,10,0,Zillow ZIP-level market for Hidden Valley Lake; mapped with Census 2020 ZCTA 95467 in Lake County.,,,,
95457 Lower Lake,zcta,95457,Lower Lake,38.9240363,-122.5490825,317161,,2017-12-31,10,0,Zillow ZIP-level market for Lower Lake; mapped with Census 2020 ZCTA 95457 in Lake County.,,,,
95461 Middletown,zcta,95461,Middletown,38.7540062,-122.5521097,253543,,2017-12-31,10,0,Zillow ZIP-level market for Middletown; mapped with Census 2020 ZCTA 95461 in Lake County.,,,,
95423 Clearlake Oaks,zcta,95423,Clearlake Oaks,39.067376,-122.6297201,197317,,2017-12-31,10,0,Zillow ZIP-level market for Clearlake Oaks; mapped with Census 2020 ZCTA 95423 in Lake County.,,,,
95464 Upper Lake,zcta,95464,Upper Lake,39.1262459,-122.8470753,187372,,2017-12-31,10,0,Zillow ZIP-level market for Upper Lake; mapped with Census 2020 ZCTA 95464 in Lake County.,,,,
95469 Upper Lake,zcta,95469,Upper Lake,39.3989363,-123.0752527,456932,,2017-12-31,10,0,Zillow ZIP-level market for Upper Lake; mapped with Census 2020 ZCTA 95469 in Lake County.,,,,
95458 Lucerne,zcta,95458,Lucerne,39.1090084,-122.7776345,176223,,2017-12-31,10,0,Zillow ZIP-level market for Lucerne; mapped with Census 2020 ZCTA 95458 in Lake County.,,,,
95485 Nice,zcta,95485,Nice,39.2084696,-122.92572,288520,,2017-12-31,10,0,Zillow ZIP-level market for Nice; mapped with Census 2020 ZCTA 95485 in Lake County.,,,,
95443 Lucerne,zcta,95443,Lucerne,39.0501313,-122.7396314,211214,,2017-12-31,10,0,Zillow ZIP-level market for Lucerne; mapped with Census 2020 ZCTA 95443 in Lake County.,,,,
95426 Middletown,zcta,95426,Middletown,38.8334248,-122.7340614,220800,,2017-12-31,10,0,Zillow ZIP-level market for Middletown; mapped with Census 2020 ZCTA 95426 in Lake County.,,,,
95424 Clearlake,zcta,95424,Clearlake,0.0,0.0,225414,,2017-12-31,10,0,Zillow ZIP-level market for Clearlake; mapped with Census 2020 ZCTA 95424 in Lake County.,,,,
95422 Clearlake,zcta,95422,Clearlake,38.985515,-122.6425345,148967,,2018-01-31,10,0,Zillow ZIP-level market for Clearlake; mapped with Census 2020 ZCTA 95422 in Lake County.,,,,
95453 Lakeport,zcta,95453,Lakeport,39.0459308,-122.941077,298042,,2018-01-31,10,0,Zillow ZIP-level market for Lakeport; mapped with Census 2020 ZCTA 95453 in Lake County.,,,,
95451 Kelseyville,zcta,95451,Kelseyville,38.9221361,-122.7895645,283312,,2018-01-31,10,0,Zillow ZIP-level market for Kelseyville; mapped with Census 2020 ZCTA 95451 in Lake County.,,,,
95467 Hidden Valley Lake,zcta,95467,Hidden Valley Lake,38.8129545,-122.5480991,295363,,2018-01-31,10,0,Zillow ZIP-level market for Hidden Valley Lake; mapped with Census 2020 ZCTA 95467 in Lake County.,,,,
95457 Lower Lake,zcta,95457,Lower Lake,38.9240363,-122.5490825,320129,,2018-01-31,10,0,Zillow ZIP-level market for Lower Lake; mapped with Census 2020 ZCTA 95457 in Lake County.,,,,
95461 Middletown,zcta,95461,Middletown,38.7540062,-122.5521097,256454,,2018-01-31,10,0,Zillow ZIP-level market for Middletown; mapped with Census 2020 ZCTA 95461 in Lake County.,,,,
95423 Clearlake Oaks,zcta,95423,Clearlake Oaks,39.067376,-122.6297201,200194,,2018-01-31,10,0,Zillow ZIP-level market for Clearlake Oaks; mapped with Census 2020 ZCTA 95423 in Lake County.,,,,
95464 Upper Lake,zcta,95464,Upper Lake,39.1262459,-122.8470753,189679,,2018-01-31,10,0,Zillow ZIP-level market for Upper Lake; mapped with Census 2020 ZCTA 95464 in Lake County.,,,,
95469 Upper Lake,zcta,95469,Upper Lake,39.3989363,-123.0752527,457436,,2018-01-31,10,0,Zillow ZIP-level market for Upper Lake; mapped with Census 2020 ZCTA 95469 in Lake County.,,,,
95458 Lucerne,zcta,95458,Lucerne,39.1090084,-122.7776345,177883,,2018-01-31,10,0,Zillow ZIP-level market for Lucerne; mapped with Census 2020 ZCTA 95458 in Lake County.,,,,
95485 Nice,zcta,95485,Nice,39.2084696,-122.92572,291359,,2018-01-31,10,0,Zillow ZIP-level market for Nice; mapped with Census 2020 ZCTA 95485 in Lake County.,,,,
95443 Lucerne,zcta,95443,Lucerne,39.0501313,-122.7396314,212416,,2018-01-31,10,0,Zillow ZIP-level market for Lucerne; mapped with Census 2020 ZCTA 95443 in Lake County.,,,,
95426 Middletown,zcta,95426,Middletown,38.8334248,-122.7340614,221242,,2018-01-31,10,0,Zillow ZIP-level market for Middletown; mapped with Census 2020 ZCTA 95426 in Lake County.,,,,
95424 Clearlake,zcta,95424,Clearlake,0.0,0.0,228961,,2018-01-31,10,0,Zillow ZIP-level market for Clearlake; mapped with Census 2020 ZCTA 95424 in Lake County.,,,,
95422 Clearlake,zcta,95422,Clearlake,38.985515,-122.6425345,150264,,2018-02-28,10,0,Zillow ZIP-level market for Clearlake; mapped with Census 2020 ZCTA 95422 in Lake County.,,,,
95453 Lakeport,zcta,95453,Lakeport,39.0459308,-122.941077,301224,,2018-02-28,10,0,Zillow ZIP-level market for Lakeport; mapped with Census 2020 ZCTA 95453 in Lake County.,,,,
95451 Kelseyville,zcta,95451,Kelseyville,38.9221361,-122.7895645,286083,,2018-02-28,10,0,Zillow ZIP-level market for Kelseyville; mapped with Census 2020 ZCTA 95451 in Lake County.,,,,
95467 Hidden Valley Lake,zcta,95467,Hidden Valley Lake,38.8129545,-122.5480991,298846,,2018-02-28,10,0,Zillow ZIP-level market for Hidden Valley Lake; mapped with Census 2020 ZCTA 95467 in Lake County.,,,,
95457 Lower Lake,zcta,95457,Lower Lake,38.9240363,-122.5490825,321775,,2018-02-28,10,0,Zillow ZIP-level market for Lower Lake; mapped with Census 2020 ZCTA 95457 in Lake County.,,,,
95461 Middletown,zcta,95461,Middletown,38.7540062,-122.5521097,258502,,2018-02-28,10,0,Zillow ZIP-level market for Middletown; mapped with Census 2020 ZCTA 95461 in Lake County.,,,,
95423 Clearlake Oaks,zcta,95423,Clearlake Oaks,39.067376,-122.6297201,202506,,2018-02-28,10,0,Zillow ZIP-level market for Clearlake Oaks; mapped with Census 2020 ZCTA 95423 in Lake County.,,,,
95464 Upper Lake,zcta,95464,Upper Lake,39.1262459,-122.8470753,191539,,2018-02-28,10,0,Zillow ZIP-level market for Upper Lake; mapped with Census 2020 ZCTA 95464 in Lake County.,,,,
95469 Upper Lake,zcta,95469,Upper Lake,39.3989363,-123.0752527,459279,,2018-02-28,10,0,Zillow ZIP-level market for Upper Lake; mapped with Census 2020 ZCTA 95469 in Lake County.,,,,
95458 Lucerne,zcta,95458,Lucerne,39.1090084,-122.7776345,179508,,2018-02-28,10,0,Zillow ZIP-level market for Lucerne; mapped with Census 2020 ZCTA 95458 in Lake County.,,,,
95485 Nice,zcta,95485,Nice,39.2084696,-122.92572,294059,,2018-02-28,10,0,Zillow ZIP-level market for Nice; mapped with Census 2020 ZCTA 95485 in Lake County.,,,,
95443 Lucerne,zcta,95443,Lucerne,39.0501313,-122.7396314,213770,,2018-02-28,10,0,Zillow ZIP-level market for Lucerne; mapped with Census 2020 ZCTA 95443 in Lake County.,,,,
95426 Middletown,zcta,95426,Middletown,38.8334248,-122.7340614,221969,,2018-02-28,10,0,Zillow ZIP-level market for Middletown; mapped with Census 2020 ZCTA 95426 in Lake County.,,,,
95424 Clearlake,zcta,95424,Clearlake,0.0,0.0,231748,,2018-02-28,10,0,Zillow ZIP-level market for Clearlake; mapped with Census 2020 ZCTA 95424 in Lake County.,,,,
95422 Clearlake,zcta,95422,Clearlake,38.985515,-122.6425345,152350,,2018-03-31,10,0,Zillow ZIP-level market for Clearlake; mapped with Census 2020 ZCTA 95422 in Lake County.,,,,
95453 Lakeport,zcta,95453,Lakeport,39.0459308,-122.941077,304055,,2018-03-31,10,0,Zillow ZIP-level market for Lakeport; mapped with Census 2020 ZCTA 95453 in Lake County.,,,,
95451 Kelseyville,zcta,95451,Kelseyville,38.9221361,-122.7895645,288471,,2018-03-31,10,0,Zillow ZIP-level market for Kelseyville; mapped with Census 2020 ZCTA 95451 in Lake County.,,,,
95467 Hidden Valley Lake,zcta,95467,Hidden Valley Lake,38.8129545,-122.5480991,302065,,2018-03-31,10,0,Zillow ZIP-level market for Hidden Valley Lake; mapped with Census 2020 ZCTA 95467 in Lake County.,,,,
95457 Lower Lake,zcta,95457,Lower Lake,38.9240363,-122.5490825,323881,,2018-03-31,10,0,Zillow ZIP-level market for Lower Lake; mapped with Census 2020 ZCTA 95457 in Lake County.,,,,
95461 Middletown,zcta,95461,Middletown,38.7540062,-122.5521097,260509,,2018-03-31,10,0,Zillow ZIP-level market for Middletown; mapped with Census 2020 ZCTA 95461 in Lake County.,,,,
95423 Clearlake Oaks,zcta,95423,Clearlake Oaks,39.067376,-122.6297201,204577,,2018-03-31,10,0,Zillow ZIP-level market for Clearlake Oaks; mapped with Census 2020 ZCTA 95423 in Lake County.,,,,
95464 Upper Lake,zcta,95464,Upper Lake,39.1262459,-122.8470753,192910,,2018-03-31,10,0,Zillow ZIP-level market for Upper Lake; mapped with Census 2020 ZCTA 95464 in Lake County.,,,,
95469 Upper Lake,zcta,95469,Upper Lake,39.3989363,-123.0752527,463230,,2018-03-31,10,0,Zillow ZIP-level market for Upper Lake; mapped with Census 2020 ZCTA 95469 in Lake County.,,,,
95458 Lucerne,zcta,95458,Lucerne,39.1090084,-122.7776345,181873,,2018-03-31,10,0,Zillow ZIP-level market for Lucerne; mapped with Census 2020 ZCTA 95458 in Lake County.,,,,
95485 Nice,zcta,95485,Nice,39.2084696,-122.92572,296251,,2018-03-31,10,0,Zillow ZIP-level market for Nice; mapped with Census 2020 ZCTA 95485 in Lake County.,,,,
95443 Lucerne,zcta,95443,Lucerne,39.0501313,-122.7396314,215004,,2018-03-31,10,0,Zillow ZIP-level market for Lucerne; mapped with Census 2020 ZCTA 95443 in Lake County.,,,,
95426 Middletown,zcta,95426,Middletown,38.8334248,-122.7340614,223495,,2018-03-31,10,0,Zillow ZIP-level market for Middletown; mapped with Census 2020 ZCTA 95426 in Lake County.,,,,
95424 Clearlake,zcta,95424,Clearlake,0.0,0.0,235129,,2018-03-31,10,0,Zillow ZIP-level market for Clearlake; mapped with Census 2020 ZCTA 95424 in Lake County.,,,,
95422 Clearlake,zcta,95422,Clearlake,38.985515,-122.6425345,154125,,2018-04-30,10,0,Zillow ZIP-level market for Clearlake; mapped with Census 2020 ZCTA 95422 in Lake County.,,,,
95453 Lakeport,zcta,95453,Lakeport,39.0459308,-122.941077,306447,,2018-04-30,10,0,Zillow ZIP-level market for Lakeport; mapped with Census 2020 ZCTA 95453 in Lake County.,,,,
95451 Kelseyville,zcta,95451,Kelseyville,38.9221361,-122.7895645,290211,,2018-04-30,10,0,Zillow ZIP-level market for Kelseyville; mapped with Census 2020 ZCTA 95451 in Lake County.,,,,
95467 Hidden Valley Lake,zcta,95467,Hidden Valley Lake,38.8129545,-122.5480991,304807,,2018-04-30,10,0,Zillow ZIP-level market for Hidden Valley Lake; mapped with Census 2020 ZCTA 95467 in Lake County.,,,,
95457 Lower Lake,zcta,95457,Lower Lake,38.9240363,-122.5490825,326082,,2018-04-30,10,0,Zillow ZIP-level market for Lower Lake; mapped with Census 2020 ZCTA 95457 in Lake County.,,,,
95461 Middletown,zcta,95461,Middletown,38.7540062,-122.5521097,262283,,2018-04-30,10,0,Zillow ZIP-level market for Middletown; mapped with Census 2020 ZCTA 95461 in Lake County.,,,,
95423 Clearlake Oaks,zcta,95423,Clearlake Oaks,39.067376,-122.6297201,206064,,2018-04-30,10,0,Zillow ZIP-level market for Clearlake Oaks; mapped with Census 2020 ZCTA 95423 in Lake County.,,,,
95464 Upper Lake,zcta,95464,Upper Lake,39.1262459,-122.8470753,193688,,2018-04-30,10,0,Zillow ZIP-level market for Upper Lake; mapped with Census 2020 ZCTA 95464 in Lake County.,,,,
95469 Upper Lake,zcta,95469,Upper Lake,39.3989363,-123.0752527,465368,,2018-04-30,10,0,Zillow ZIP-level market for Upper Lake; mapped with Census 2020 ZCTA 95469 in Lake County.,,,,
95458 Lucerne,zcta,95458,Lucerne,39.1090084,-122.7776345,183702,,2018-04-30,10,0,Zillow ZIP-level market for Lucerne; mapped with Census 2020 ZCTA 95458 in Lake County.,,,,
95485 Nice,zcta,95485,Nice,39.2084696,-122.92572,296733,,2018-04-30,10,0,Zillow ZIP-level market for Nice; mapped with Census 2020 ZCTA 95485 in Lake County.,,,,
95443 Lucerne,zcta,95443,Lucerne,39.0501313,-122.7396314,215815,,2018-04-30,10,0,Zillow ZIP-level market for Lucerne; mapped with Census 2020 ZCTA 95443 in Lake County.,,,,
95426 Middletown,zcta,95426,Middletown,38.8334248,-122.7340614,225492,,2018-04-30,10,0,Zillow ZIP-level market for Middletown; mapped with Census 2020 ZCTA 95426 in Lake County.,,,,
95424 Clearlake,zcta,95424,Clearlake,0.0,0.0,237748,,2018-04-30,10,0,Zillow ZIP-level market for Clearlake; mapped with Census 2020 ZCTA 95424 in Lake County.,,,,
95422 Clearlake,zcta,95422,Clearlake,38.985515,-122.6425345,156469,,2018-05-31,10,0,Zillow ZIP-level market for Clearlake; mapped with Census 2020 ZCTA 95422 in Lake County.,,,,
95453 Lakeport,zcta,95453,Lakeport,39.0459308,-122.941077,309040,,2018-05-31,10,0,Zillow ZIP-level market for Lakeport; mapped with Census 2020 ZCTA 95453 in Lake County.,,,,
95451 Kelseyville,zcta,95451,Kelseyville,38.9221361,-122.7895645,292119,,2018-05-31,10,0,Zillow ZIP-level market for Kelseyville; mapped with Census 2020 ZCTA 95451 in Lake County.,,,,
95467 Hidden Valley Lake,zcta,95467,Hidden Valley Lake,38.8129545,-122.5480991,307563,,2018-05-31,10,0,Zillow ZIP-level market for Hidden Valley Lake; mapped with Census 2020 ZCTA 95467 in Lake County.,,,,
95457 Lower Lake,zcta,95457,Lower Lake,38.9240363,-122.5490825,329153,,2018-05-31,10,0,Zillow ZIP-level market for Lower Lake; mapped with Census 2020 ZCTA 95457 in Lake County.,,,,
95461 Middletown,zcta,95461,Middletown,38.7540062,-122.5521097,264962,,2018-05-31,10,0,Zillow ZIP-level market for Middletown; mapped with Census 2020 ZCTA 95461 in Lake County.,,,,
95423 Clearlake Oaks,zcta,95423,Clearlake Oaks,39.067376,-122.6297201,207693,,2018-05-31,10,0,Zillow ZIP-level market for Clearlake Oaks; mapped with Census 2020 ZCTA 95423 in Lake County.,,,,
95464 Upper Lake,zcta,95464,Upper Lake,39.1262459,-122.8470753,195223,,2018-05-31,10,0,Zillow ZIP-level market for Upper Lake; mapped with Census 2020 ZCTA 95464 in Lake County.,,,,
95469 Upper Lake,zcta,95469,Upper Lake,39.3989363,-123.0752527,464319,,2018-05-31,10,0,Zillow ZIP-level market for Upper Lake; mapped with Census 2020 ZCTA 95469 in Lake County.,,,,
95458 Lucerne,zcta,95458,Lucerne,39.1090084,-122.7776345,185590,,2018-05-31,10,0,Zillow ZIP-level market for Lucerne; mapped with Census 2020 ZCTA 95458 in Lake County.,,,,
95485 Nice,zcta,95485,Nice,39.2084696,-122.92572,298084,,2018-05-31,10,0,Zillow ZIP-level market for Nice; mapped with Census 2020 ZCTA 95485 in Lake County.,,,,
95443 Lucerne,zcta,95443,Lucerne,39.0501313,-122.7396314,216571,,2018-05-31,10,0,Zillow ZIP-level market for Lucerne; mapped with Census 2020 ZCTA 95443 in Lake County.,,,,
95426 Middletown,zcta,95426,Middletown,38.8334248,-122.7340614,228365,,2018-05-31,10,0,Zillow ZIP-level market for Middletown; mapped with Census 2020 ZCTA 95426 in Lake County.,,,,
95424 Clearlake,zcta,95424,Clearlake,0.0,0.0,240148,,2018-05-31,10,0,Zillow ZIP-level market for Clearlake; mapped with Census 2020 ZCTA 95424 in Lake County.,,,,
95422 Clearlake,zcta,95422,Clearlake,38.985515,-122.6425345,158024,,2018-06-30,10,0,Zillow ZIP-level market for Clearlake; mapped with Census 2020 ZCTA 95422 in Lake County.,,,,
95453 Lakeport,zcta,95453,Lakeport,39.0459308,-122.941077,311234,,2018-06-30,10,0,Zillow ZIP-level market for Lakeport; mapped with Census 2020 ZCTA 95453 in Lake County.,,,,
95451 Kelseyville,zcta,95451,Kelseyville,38.9221361,-122.7895645,293321,,2018-06-30,10,0,Zillow ZIP-level market for Kelseyville; mapped with Census 2020 ZCTA 95451 in Lake County.,,,,
95467 Hidden Valley Lake,zcta,95467,Hidden Valley Lake,38.8129545,-122.5480991,309296,,2018-06-30,10,0,Zillow ZIP-level market for Hidden Valley Lake; mapped with Census 2020 ZCTA 95467 in Lake County.,,,,
95457 Lower Lake,zcta,95457,Lower Lake,38.9240363,-122.5490825,331638,,2018-06-30,10,0,Zillow ZIP-level market for Lower Lake; mapped with Census 2020 ZCTA 95457 in Lake County.,,,,
95461 Middletown,zcta,95461,Middletown,38.7540062,-122.5521097,267849,,2018-06-30,10,0,Zillow ZIP-level market for Middletown; mapped with Census 2020 ZCTA 95461 in Lake County.,,,,
95423 Clearlake Oaks,zcta,95423,Clearlake Oaks,39.067376,-122.6297201,209255,,2018-06-30,10,0,Zillow ZIP-level market for Clearlake Oaks; mapped with Census 2020 ZCTA 95423 in Lake County.,,,,
95464 Upper Lake,zcta,95464,Upper Lake,39.1262459,-122.8470753,196949,,2018-06-30,10,0,Zillow ZIP-level market for Upper Lake; mapped with Census 2020 ZCTA 95464 in Lake County.,,,,
95469 Upper Lake,zcta,95469,Upper Lake,39.3989363,-123.0752527,460394,,2018-06-30,10,0,Zillow ZIP-level market for Upper Lake; mapped with Census 2020 ZCTA 95469 in Lake County.,,,,
95458 Lucerne,zcta,95458,Lucerne,39.1090084,-122.7776345,186574,,2018-06-30,10,0,Zillow ZIP-level market for Lucerne; mapped with Census 2020 ZCTA 95458 in Lake County.,,,,
95485 Nice,zcta,95485,Nice,39.2084696,-122.92572,299629,,2018-06-30,10,0,Zillow ZIP-level market for Nice; mapped with Census 2020 ZCTA 95485 in Lake County.,,,,
95443 Lucerne,zcta,95443,Lucerne,39.0501313,-122.7396314,217778,,2018-06-30,10,0,Zillow ZIP-level market for Lucerne; mapped with Census 2020 ZCTA 95443 in Lake County.,,,,
95426 Middletown,zcta,95426,Middletown,38.8334248,-122.7340614,231162,,2018-06-30,10,0,Zillow ZIP-level market for Middletown; mapped with Census 2020 ZCTA 95426 in Lake County.,,,,
95424 Clearlake,zcta,95424,Clearlake,0.0,0.0,242253,,2018-06-30,10,0,Zillow ZIP-level market for Clearlake; mapped with Census 2020 ZCTA 95424 in Lake County.,,,,
95422 Clearlake,zcta,95422,Clearlake,38.985515,-122.6425345,160125,,2018-07-31,10,0,Zillow ZIP-level market for Clearlake; mapped with Census 2020 ZCTA 95422 in Lake County.,,,,
95453 Lakeport,zcta,95453,Lakeport,39.0459308,-122.941077,313014,,2018-07-31,10,0,Zillow ZIP-level market for Lakeport; mapped with Census 2020 ZCTA 95453 in Lake County.,,,,
95451 Kelseyville,zcta,95451,Kelseyville,38.9221361,-122.7895645,294437,,2018-07-31,10,0,Zillow ZIP-level market for Kelseyville; mapped with Census 2020 ZCTA 95451 in Lake County.,,,,
95467 Hidden Valley Lake,zcta,95467,Hidden Valley Lake,38.8129545,-122.5480991,311216,,2018-07-31,10,0,Zillow ZIP-level market for Hidden Valley Lake; mapped with Census 2020 ZCTA 95467 in Lake County.,,,,
95457 Lower Lake,zcta,95457,Lower Lake,38.9240363,-122.5490825,333268,,2018-07-31,10,0,Zillow ZIP-level market for Lower Lake; mapped with Census 2020 ZCTA 95457 in Lake County.,,,,
95461 Middletown,zcta,95461,Middletown,38.7540062,-122.5521097,271458,,2018-07-31,10,0,Zillow ZIP-level market for Middletown; mapped with Census 2020 ZCTA 95461 in Lake County.,,,,
95423 Clearlake Oaks,zcta,95423,Clearlake Oaks,39.067376,-122.6297201,210617,,2018-07-31,10,0,Zillow ZIP-level market for Clearlake Oaks; mapped with Census 2020 ZCTA 95423 in Lake County.,,,,
95464 Upper Lake,zcta,95464,Upper Lake,39.1262459,-122.8470753,198733,,2018-07-31,10,0,Zillow ZIP-level market for Upper Lake; mapped with Census 2020 ZCTA 95464 in Lake County.,,,,
95469 Upper Lake,zcta,95469,Upper Lake,39.3989363,-123.0752527,456591,,2018-07-31,10,0,Zillow ZIP-level market for Upper Lake; mapped with Census 2020 ZCTA 95469 in Lake County.,,,,
95458 Lucerne,zcta,95458,Lucerne,39.1090084,-122.7776345,187776,,2018-07-31,10,0,Zillow ZIP-level market for Lucerne; mapped with Census 2020 ZCTA 95458 in Lake County.,,,,
95485 Nice,zcta,95485,Nice,39.2084696,-122.92572,301477,,2018-07-31,10,0,Zillow ZIP-level market for Nice; mapped with Census 2020 ZCTA 95485 in Lake County.,,,,
95443 Lucerne,zcta,95443,Lucerne,39.0501313,-122.7396314,218421,,2018-07-31,10,0,Zillow ZIP-level market for Lucerne; mapped with Census 2020 ZCTA 95443 in Lake County.,,,,
95426 Middletown,zcta,95426,Middletown,38.8334248,-122.7340614,235152,,2018-07-31,10,0,Zillow ZIP-level market for Middletown; mapped with Census 2020 ZCTA 95426 in Lake County.,,,,
95424 Clearlake,zcta,95424,Clearlake,0.0,0.0,243280,,2018-07-31,10,0,Zillow ZIP-level market for Clearlake; mapped with Census 2020 ZCTA 95424 in Lake County.,,,,
95422 Clearlake,zcta,95422,Clearlake,38.985515,-122.6425345,161592,,2018-08-31,10,0,Zillow ZIP-level market for Clearlake; mapped with Census 2020 ZCTA 95422 in Lake County.,,,,
95453 Lakeport,zcta,95453,Lakeport,39.0459308,-122.941077,313955,,2018-08-31,10,0,Zillow ZIP-level market for Lakeport; mapped with Census 2020 ZCTA 95453 in Lake County.,,,,
95451 Kelseyville,zcta,95451,Kelseyville,38.9221361,-122.7895645,295140,,2018-08-31,10,0,Zillow ZIP-level market for Kelseyville; mapped with Census 2020 ZCTA 95451 in Lake County.,,,,
95467 Hidden Valley Lake,zcta,95467,Hidden Valley Lake,38.8129545,-122.5480991,313157,,2018-08-31,10,0,Zillow ZIP-level market for Hidden Valley Lake; mapped with Census 2020 ZCTA 95467 in Lake County.,,,,
95457 Lower Lake,zcta,95457,Lower Lake,38.9240363,-122.5490825,333983,,2018-08-31,10,0,Zillow ZIP-level market for Lower Lake; mapped with Census 2020 ZCTA 95457 in Lake County.,,,,
95461 Middletown,zcta,95461,Middletown,38.7540062,-122.5521097,274127,,2018-08-31,10,0,Zillow ZIP-level market for Middletown; mapped with Census 2020 ZCTA 95461 in Lake County.,,,,
95423 Clearlake Oaks,zcta,95423,Clearlake Oaks,39.067376,-122.6297201,211149,,2018-08-31,10,0,Zillow ZIP-level market for Clearlake Oaks; mapped with Census 2020 ZCTA 95423 in Lake County.,,,,
95464 Upper Lake,zcta,95464,Upper Lake,39.1262459,-122.8470753,199884,,2018-08-31,10,0,Zillow ZIP-level market for Upper Lake; mapped with Census 2020 ZCTA 95464 in Lake County.,,,,
95469 Upper Lake,zcta,95469,Upper Lake,39.3989363,-123.0752527,452544,,2018-08-31,10,0,Zillow ZIP-level market for Upper Lake; mapped with Census 2020 ZCTA 95469 in Lake County.,,,,
95458 Lucerne,zcta,95458,Lucerne,39.1090084,-122.7776345,189173,,2018-08-31,10,0,Zillow ZIP-level market for Lucerne; mapped with Census 2020 ZCTA 95458 in Lake County.,,,,
95485 Nice,zcta,95485,Nice,39.2084696,-122.92572,301783,,2018-08-31,10,0,Zillow ZIP-level market for Nice; mapped with Census 2020 ZCTA 95485 in Lake County.,,,,
95443 Lucerne,zcta,95443,Lucerne,39.0501313,-122.7396314,218664,,2018-08-31,10,0,Zillow ZIP-level market for Lucerne; mapped with Census 2020 ZCTA 95443 in Lake County.,,,,
95426 Middletown,zcta,95426,Middletown,38.8334248,-122.7340614,238087,,2018-08-31,10,0,Zillow ZIP-level market for Middletown; mapped with Census 2020 ZCTA 95426 in Lake County.,,,,
95424 Clearlake,zcta,95424,Clearlake,0.0,0.0,242999,,2018-08-31,10,0,Zillow ZIP-level market for Clearlake; mapped with Census 2020 ZCTA 95424 in Lake County.,,,,
95422 Clearlake,zcta,95422,Clearlake,38.985515,-122.6425345,162762,,2018-09-30,10,0,Zillow ZIP-level market for Clearlake; mapped with Census 2020 ZCTA 95422 in Lake County.,,,,
95453 Lakeport,zcta,95453,Lakeport,39.0459308,-122.941077,315440,,2018-09-30,10,0,Zillow ZIP-level market for Lakeport; mapped with Census 2020 ZCTA 95453 in Lake County.,,,,
95451 Kelseyville,zcta,95451,Kelseyville,38.9221361,-122.7895645,296334,,2018-09-30,10,0,Zillow ZIP-level market for Kelseyville; mapped with Census 2020 ZCTA 95451 in Lake County.,,,,
95467 Hidden Valley Lake,zcta,95467,Hidden Valley Lake,38.8129545,-122.5480991,315052,,2018-09-30,10,0,Zillow ZIP-level market for Hidden Valley Lake; mapped with Census 2020 ZCTA 95467 in Lake County.,,,,
95457 Lower Lake,zcta,95457,Lower Lake,38.9240363,-122.5490825,334157,,2018-09-30,10,0,Zillow ZIP-level market for Lower Lake; mapped with Census 2020 ZCTA 95457 in Lake County.,,,,
95461 Middletown,zcta,95461,Middletown,38.7540062,-122.5521097,276107,,2018-09-30,10,0,Zillow ZIP-level market for Middletown; mapped with Census 2020 ZCTA 95461 in Lake County.,,,,
95423 Clearlake Oaks,zcta,95423,Clearlake Oaks,39.067376,-122.6297201,211170,,2018-09-30,10,0,Zillow ZIP-level market for Clearlake Oaks; mapped with Census 2020 ZCTA 95423 in Lake County.,,,,
95464 Upper Lake,zcta,95464,Upper Lake,39.1262459,-122.8470753,200432,,2018-09-30,10,0,Zillow ZIP-level market for Upper Lake; mapped with Census 2020 ZCTA 95464 in Lake County.,,,,
95469 Upper Lake,zcta,95469,Upper Lake,39.3989363,-123.0752527,448538,,2018-09-30,10,0,Zillow ZIP-level market for Upper Lake; mapped with Census 2020 ZCTA 95469 in Lake County.,,,,
95458 Lucerne,zcta,95458,Lucerne,39.1090084,-122.7776345,190834,,2018-09-30,10,0,Zillow ZIP-level market for Lucerne; mapped with Census 2020 ZCTA 95458 in Lake County.,,,,
95485 Nice,zcta,95485,Nice,39.2084696,-122.92572,301781,,2018-09-30,10,0,Zillow ZIP-level market for Nice; mapped with Census 2020 ZCTA 95485 in Lake County.,,,,
95443 Lucerne,zcta,95443,Lucerne,39.0501313,-122.7396314,218266,,2018-09-30,10,0,Zillow ZIP-level market for Lucerne; mapped with Census 2020 ZCTA 95443 in Lake County.,,,,
95426 Middletown,zcta,95426,Middletown,38.8334248,-122.7340614,239738,,2018-09-30,10,0,Zillow ZIP-level market for Middletown; mapped with Census 2020 ZCTA 95426 in Lake County.,,,,
95424 Clearlake,zcta,95424,Clearlake,0.0,0.0,241182,,2018-09-30,10,0,Zillow ZIP-level market for Clearlake; mapped with Census 2020 ZCTA 95424 in Lake County.,,,,
95422 Clearlake,zcta,95422,Clearlake,38.985515,-122.6425345,163187,,2018-10-31,10,0,Zillow ZIP-level market for Clearlake; mapped with Census 2020 ZCTA 95422 in Lake County.,,,,
95453 Lakeport,zcta,95453,Lakeport,39.0459308,-122.941077,316278,,2018-10-31,10,0,Zillow ZIP-level market for Lakeport; mapped with Census 2020 ZCTA 95453 in Lake County.,,,,
95451 Kelseyville,zcta,95451,Kelseyville,38.9221361,-122.7895645,296632,,2018-10-31,10,0,Zillow ZIP-level market for Kelseyville; mapped with Census 2020 ZCTA 95451 in Lake County.,,,,
95467 Hidden Valley Lake,zcta,95467,Hidden Valley Lake,38.8129545,-122.5480991,315948,,2018-10-31,10,0,Zillow ZIP-level market for Hidden Valley Lake; mapped with Census 2020 ZCTA 95467 in Lake County.,,,,
95457 Lower Lake,zcta,95457,Lower Lake,38.9240363,-122.5490825,334076,,2018-10-31,10,0,Zillow ZIP-level market for Lower Lake; mapped with Census 2020 ZCTA 95457 in Lake County.,,,,
95461 Middletown,zcta,95461,Middletown,38.7540062,-122.5521097,276065,,2018-10-31,10,0,Zillow ZIP-level market for Middletown; mapped with Census 2020 ZCTA 95461 in Lake County.,,,,
95423 Clearlake Oaks,zcta,95423,Clearlake Oaks,39.067376,-122.6297201,211263,,2018-10-31,10,0,Zillow ZIP-level market for Clearlake Oaks; mapped with Census 2020 ZCTA 95423 in Lake County.,,,,
95464 Upper Lake,zcta,95464,Upper Lake,39.1262459,-122.8470753,200815,,2018-10-31,10,0,Zillow ZIP-level market for Upper Lake; mapped with Census 2020 ZCTA 95464 in Lake County.,,,,
95469 Upper Lake,zcta,95469,Upper Lake,39.3989363,-123.0752527,445044,,2018-10-31,10,0,Zillow ZIP-level market for Upper Lake; mapped with Census 2020 ZCTA 95469 in Lake County.,,,,
95458 Lucerne,zcta,95458,Lucerne,39.1090084,-122.7776345,192310,,2018-10-31,10,0,Zillow ZIP-level market for Lucerne; mapped with Census 2020 ZCTA 95458 in Lake County.,,,,
95485 Nice,zcta,95485,Nice,39.2084696,-122.92572,302148,,2018-10-31,10,0,Zillow ZIP-level market for Nice; mapped with Census 2020 ZCTA 95485 in Lake County.,,,,
95443 Lucerne,zcta,95443,Lucerne,39.0501313,-122.7396314,217719,,2018-10-31,10,0,Zillow ZIP-level market for Lucerne; mapped with Census 2020 ZCTA 95443 in Lake County.,,,,
95426 Middletown,zcta,95426,Middletown,38.8334248,-122.7340614,238932,,2018-10-31,10,0,Zillow ZIP-level market for Middletown; mapped with Census 2020 ZCTA 95426 in Lake County.,,,,
95424 Clearlake,zcta,95424,Clearlake,0.0,0.0,239918,,2018-10-31,10,0,Zillow ZIP-level market for Clearlake; mapped with Census 2020 ZCTA 95424 in Lake County.,,,,
95422 Clearlake,zcta,95422,Clearlake,38.985515,-122.6425345,163146,,2018-11-30,10,0,Zillow ZIP-level market for Clearlake; mapped with Census 2020 ZCTA 95422 in Lake County.,,,,
95453 Lakeport,zcta,95453,Lakeport,39.0459308,-122.941077,316960,,2018-11-30,10,0,Zillow ZIP-level market for Lakeport; mapped with Census 2020 ZCTA 95453 in Lake County.,,,,
95451 Kelseyville,zcta,95451,Kelseyville,38.9221361,-122.7895645,296890,,2018-11-30,10,0,Zillow ZIP-level market for Kelseyville; mapped with Census 2020 ZCTA 95451 in Lake County.,,,,
95467 Hidden Valley Lake,zcta,95467,Hidden Valley Lake,38.8129545,-122.5480991,315726,,2018-11-30,10,0,Zillow ZIP-level market for Hidden Valley Lake; mapped with Census 2020 ZCTA 95467 in Lake County.,,,,
95457 Lower Lake,zcta,95457,Lower Lake,38.9240363,-122.5490825,334133,,2018-11-30,10,0,Zillow ZIP-level market for Lower Lake; mapped with Census 2020 ZCTA 95457 in Lake County.,,,,
95461 Middletown,zcta,95461,Middletown,38.7540062,-122.5521097,274712,,2018-11-30,10,0,Zillow ZIP-level market for Middletown; mapped with Census 2020 ZCTA 95461 in Lake County.,,,,
95423 Clearlake Oaks,zcta,95423,Clearlake Oaks,39.067376,-122.6297201,211420,,2018-11-30,10,0,Zillow ZIP-level market for Clearlake Oaks; mapped with Census 2020 ZCTA 95423 in Lake County.,,,,
95464 Upper Lake,zcta,95464,Upper Lake,39.1262459,-122.8470753,199645,,2018-11-30,10,0,Zillow ZIP-level market for Upper Lake; mapped with Census 2020 ZCTA 95464 in Lake County.,,,,
95469 Upper Lake,zcta,95469,Upper Lake,39.3989363,-123.0752527,443415,,2018-11-30,10,0,Zillow ZIP-level market for Upper Lake; mapped with Census 2020 ZCTA 95469 in Lake County.,,,,
95458 Lucerne,zcta,95458,Lucerne,39.1090084,-122.7776345,192543,,2018-11-30,10,0,Zillow ZIP-level market for Lucerne; mapped with Census 2020 ZCTA 95458 in Lake County.,,,,
95485 Nice,zcta,95485,Nice,39.2084696,-122.92572,302963,,2018-11-30,10,0,Zillow ZIP-level market for Nice; mapped with Census 2020 ZCTA 95485 in Lake County.,,,,
95443 Lucerne,zcta,95443,Lucerne,39.0501313,-122.7396314,216884,,2018-11-30,10,0,Zillow ZIP-level market for Lucerne; mapped with Census 2020 ZCTA 95443 in Lake County.,,,,
95426 Middletown,zcta,95426,Middletown,38.8334248,-122.7340614,236954,,2018-11-30,10,0,Zillow ZIP-level market for Middletown; mapped with Census 2020 ZCTA 95426 in Lake County.,,,,
95424 Clearlake,zcta,95424,Clearlake,0.0,0.0,238680,,2018-11-30,10,0,Zillow ZIP-level market for Clearlake; mapped with Census 2020 ZCTA 95424 in Lake County.,,,,
95422 Clearlake,zcta,95422,Clearlake,38.985515,-122.6425345,163648,,2018-12-31,10,0,Zillow ZIP-level market for Clearlake; mapped with Census 2020 ZCTA 95422 in Lake County.,,,,
95453 Lakeport,zcta,95453,Lakeport,39.0459308,-122.941077,317182,,2018-12-31,10,0,Zillow ZIP-level market for Lakeport; mapped with Census 2020 ZCTA 95453 in Lake County.,,,,
95451 Kelseyville,zcta,95451,Kelseyville,38.9221361,-122.7895645,297301,,2018-12-31,10,0,Zillow ZIP-level market for Kelseyville; mapped with Census 2020 ZCTA 95451 in Lake County.,,,,
95467 Hidden Valley Lake,zcta,95467,Hidden Valley Lake,38.8129545,-122.5480991,315787,,2018-12-31,10,0,Zillow ZIP-level market for Hidden Valley Lake; mapped with Census 2020 ZCTA 95467 in Lake County.,,,,
95457 Lower Lake,zcta,95457,Lower Lake,38.9240363,-122.5490825,334699,,2018-12-31,10,0,Zillow ZIP-level market for Lower Lake; mapped with Census 2020 ZCTA 95457 in Lake County.,,,,
95461 Middletown,zcta,95461,Middletown,38.7540062,-122.5521097,273773,,2018-12-31,10,0,Zillow ZIP-level market for Middletown; mapped with Census 2020 ZCTA 95461 in Lake County.,,,,
95423 Clearlake Oaks,zcta,95423,Clearlake Oaks,39.067376,-122.6297201,212215,,2018-12-31,10,0,Zillow ZIP-level market for Clearlake Oaks; mapped with Census 2020 ZCTA 95423 in Lake County.,,,,
95464 Upper Lake,zcta,95464,Upper Lake,39.1262459,-122.8470753,199119,,2018-12-31,10,0,Zillow ZIP-level market for Upper Lake; mapped with Census 2020 ZCTA 95464 in Lake County.,,,,
95469 Upper Lake,zcta,95469,Upper Lake,39.3989363,-123.0752527,443423,,2018-12-31,10,0,Zillow ZIP-level market for Upper Lake; mapped with Census 2020 ZCTA 95469 in Lake County.,,,,
95458 Lucerne,zcta,95458,Lucerne,39.1090084,-122.7776345,192783,,2018-12-31,10,0,Zillow ZIP-level market for Lucerne; mapped with Census 2020 ZCTA 95458 in Lake County.,,,,
95485 Nice,zcta,95485,Nice,39.2084696,-122.92572,303960,,2018-12-31,10,0,Zillow ZIP-level market for Nice; mapped with Census 2020 ZCTA 95485 in Lake County.,,,,
95443 Lucerne,zcta,95443,Lucerne,39.0501313,-122.7396314,217005,,2018-12-31,10,0,Zillow ZIP-level market for Lucerne; mapped with Census 2020 ZCTA 95443 in Lake County.,,,,
95426 Middletown,zcta,95426,Middletown,38.8334248,-122.7340614,234687,,2018-12-31,10,0,Zillow ZIP-level market for Middletown; mapped with Census 2020 ZCTA 95426 in Lake County.,,,,
95424 Clearlake,zcta,95424,Clearlake,0.0,0.0,239700,,2018-12-31,10,0,Zillow ZIP-level market for Clearlake; mapped with Census 2020 ZCTA 95424 in Lake County.,,,,
95422 Clearlake,zcta,95422,Clearlake,38.985515,-122.6425345,165443,,2019-01-31,10,0,Zillow ZIP-level market for Clearlake; mapped with Census 2020 ZCTA 95422 in Lake County.,,,,
95453 Lakeport,zcta,95453,Lakeport,39.0459308,-122.941077,318631,,2019-01-31,10,0,Zillow ZIP-level market for Lakeport; mapped with Census 2020 ZCTA 95453 in Lake County.,,,,
95451 Kelseyville,zcta,95451,Kelseyville,38.9221361,-122.7895645,299232,,2019-01-31,10,0,Zillow ZIP-level market for Kelseyville; mapped with Census 2020 ZCTA 95451 in Lake County.,,,,
95467 Hidden Valley Lake,zcta,95467,Hidden Valley Lake,38.8129545,-122.5480991,317223,,2019-01-31,10,0,Zillow ZIP-level market for Hidden Valley Lake; mapped with Census 2020 ZCTA 95467 in Lake County.,,,,
95457 Lower Lake,zcta,95457,Lower Lake,38.9240363,-122.5490825,336639,,2019-01-31,10,0,Zillow ZIP-level market for Lower Lake; mapped with Census 2020 ZCTA 95457 in Lake County.,,,,
95461 Middletown,zcta,95461,Middletown,38.7540062,-122.5521097,275694,,2019-01-31,10,0,Zillow ZIP-level market for Middletown; mapped with Census 2020 ZCTA 95461 in Lake County.,,,,
95423 Clearlake Oaks,zcta,95423,Clearlake Oaks,39.067376,-122.6297201,213847,,2019-01-31,10,0,Zillow ZIP-level market for Clearlake Oaks; mapped with Census 2020 ZCTA 95423 in Lake County.,,,,
95464 Upper Lake,zcta,95464,Upper Lake,39.1262459,-122.8470753,200030,,2019-01-31,10,0,Zillow ZIP-level market for Upper Lake; mapped with Census 2020 ZCTA 95464 in Lake County.,,,,
95469 Upper Lake,zcta,95469,Upper Lake,39.3989363,-123.0752527,444461,,2019-01-31,10,0,Zillow ZIP-level market for Upper Lake; mapped with Census 2020 ZCTA 95469 in Lake County.,,,,
95458 Lucerne,zcta,95458,Lucerne,39.1090084,-122.7776345,194608,,2019-01-31,10,0,Zillow ZIP-level market for Lucerne; mapped with Census 2020 ZCTA 95458 in Lake County.,,,,
95485 Nice,zcta,95485,Nice,39.2084696,-122.92572,306225,,2019-01-31,10,0,Zillow ZIP-level market for Nice; mapped with Census 2020 ZCTA 95485 in Lake County.,,,,
95443 Lucerne,zcta,95443,Lucerne,39.0501313,-122.7396314,218841,,2019-01-31,10,0,Zillow ZIP-level market for Lucerne; mapped with Census 2020 ZCTA 95443 in Lake County.,,,,
95426 Middletown,zcta,95426,Middletown,38.8334248,-122.7340614,235295,,2019-01-31,10,0,Zillow ZIP-level market for Middletown; mapped with Census 2020 ZCTA 95426 in Lake County.,,,,
95424 Clearlake,zcta,95424,Clearlake,0.0,0.0,243447,,2019-01-31,10,0,Zillow ZIP-level market for Clearlake; mapped with Census 2020 ZCTA 95424 in Lake County.,,,,
95422 Clearlake,zcta,95422,Clearlake,38.985515,-122.6425345,168356,,2019-02-28,10,0,Zillow ZIP-level market for Clearlake; mapped with Census 2020 ZCTA 95422 in Lake County.,,,,
95453 Lakeport,zcta,95453,Lakeport,39.0459308,-122.941077,321025,,2019-02-28,10,0,Zillow ZIP-level market for Lakeport; mapped with Census 2020 ZCTA 95453 in Lake County.,,,,
95451 Kelseyville,zcta,95451,Kelseyville,38.9221361,-122.7895645,302262,,2019-02-28,10,0,Zillow ZIP-level market for Kelseyville; mapped with Census 2020 ZCTA 95451 in Lake County.,,,,
95467 Hidden Valley Lake,zcta,95467,Hidden Valley Lake,38.8129545,-122.5480991,320371,,2019-02-28,10,0,Zillow ZIP-level market for Hidden Valley Lake; mapped with Census 2020 ZCTA 95467 in Lake County.,,,,
95457 Lower Lake,zcta,95457,Lower Lake,38.9240363,-122.5490825,340550,,2019-02-28,10,0,Zillow ZIP-level market for Lower Lake; mapped with Census 2020 ZCTA 95457 in Lake County.,,,,
95461 Middletown,zcta,95461,Middletown,38.7540062,-122.5521097,280482,,2019-02-28,10,0,Zillow ZIP-level market for Middletown; mapped with Census 2020 ZCTA 95461 in Lake County.,,,,
95423 Clearlake Oaks,zcta,95423,Clearlake Oaks,39.067376,-122.6297201,216577,,2019-02-28,10,0,Zillow ZIP-level market for Clearlake Oaks; mapped with Census 2020 ZCTA 95423 in Lake County.,,,,
95464 Upper Lake,zcta,95464,Upper Lake,39.1262459,-122.8470753,202992,,2019-02-28,10,0,Zillow ZIP-level market for Upper Lake; mapped with Census 2020 ZCTA 95464 in Lake County.,,,,
95469 Upper Lake,zcta,95469,Upper Lake,39.3989363,-123.0752527,445034,,2019-02-28,10,0,Zillow ZIP-level market for Upper Lake; mapped with Census 2020 ZCTA 95469 in Lake County.,,,,
95458 Lucerne,zcta,95458,Lucerne,39.1090084,-122.7776345,197865,,2019-02-28,10,0,Zillow ZIP-level market for Lucerne; mapped with Census 2020 ZCTA 95458 in Lake County.,,,,
95485 Nice,zcta,95485,Nice,39.2084696,-122.92572,309272,,2019-02-28,10,0,Zillow ZIP-level market for Nice; mapped with Census 2020 ZCTA 95485 in Lake County.,,,,
95443 Lucerne,zcta,95443,Lucerne,39.0501313,-122.7396314,222256,,2019-02-28,10,0,Zillow ZIP-level market for Lucerne; mapped with Census 2020 ZCTA 95443 in Lake County.,,,,
95426 Middletown,zcta,95426,Middletown,38.8334248,-122.7340614,238828,,2019-02-28,10,0,Zillow ZIP-level market for Middletown; mapped with Census 2020 ZCTA 95426 in Lake County.,,,,
95424 Clearlake,zcta,95424,Clearlake,0.0,0.0,250020,,2019-02-28,10,0,Zillow ZIP-level market for Clearlake; mapped with Census 2020 ZCTA 95424 in Lake County.,,,,
95422 Clearlake,zcta,95422,Clearlake,38.985515,-122.6425345,171318,,2019-03-31,10,0,Zillow ZIP-level market for Clearlake; mapped with Census 2020 ZCTA 95422 in Lake County.,,,,
95453 Lakeport,zcta,95453,Lakeport,39.0459308,-122.941077,323732,,2019-03-31,10,0,Zillow ZIP-level market for Lakeport; mapped with Census 2020 ZCTA 95453 in Lake County.,,,,
95451 Kelseyville,zcta,95451,Kelseyville,38.9221361,-122.7895645,305785,,2019-03-31,10,0,Zillow ZIP-level market for Kelseyville; mapped with Census 2020 ZCTA 95451 in Lake County.,,,,
95467 Hidden Valley Lake,zcta,95467,Hidden Valley Lake,38.8129545,-122.5480991,324343,,2019-03-31,10,0,Zillow ZIP-level market for Hidden Valley Lake; mapped with Census 2020 ZCTA 95467 in Lake County.,,,,
95457 Lower Lake,zcta,95457,Lower Lake,38.9240363,-122.5490825,344242,,2019-03-31,10,0,Zillow ZIP-level market for Lower Lake; mapped with Census 2020 ZCTA 95457 in Lake County.,,,,
95461 Middletown,zcta,95461,Middletown,38.7540062,-122.5521097,286077,,2019-03-31,10,0,Zillow ZIP-level market for Middletown; mapped with Census 2020 ZCTA 95461 in Lake County.,,,,
95423 Clearlake Oaks,zcta,95423,Clearlake Oaks,39.067376,-122.6297201,218724,,2019-03-31,10,0,Zillow ZIP-level market for Clearlake Oaks; mapped with Census 2020 ZCTA 95423 in Lake County.,,,,
95464 Upper Lake,zcta,95464,Upper Lake,39.1262459,-122.8470753,206813,,2019-03-31,10,0,Zillow ZIP-level market for Upper Lake; mapped with Census 2020 ZCTA 95464 in Lake County.,,,,
95469 Upper Lake,zcta,95469,Upper Lake,39.3989363,-123.0752527,448496,,2019-03-31,10,0,Zillow ZIP-level market for Upper Lake; mapped with Census 2020 ZCTA 95469 in Lake County.,,,,
95458 Lucerne,zcta,95458,Lucerne,39.1090084,-122.7776345,201727,,2019-03-31,10,0,Zillow ZIP-level market for Lucerne; mapped with Census 2020 ZCTA 95458 in Lake County.,,,,
95485 Nice,zcta,95485,Nice,39.2084696,-122.92572,312124,,2019-03-31,10,0,Zillow ZIP-level market for Nice; mapped with Census 2020 ZCTA 95485 in Lake County.,,,,
95443 Lucerne,zcta,95443,Lucerne,39.0501313,-122.7396314,225400,,2019-03-31,10,0,Zillow ZIP-level market for Lucerne; mapped with Census 2020 ZCTA 95443 in Lake County.,,,,
95426 Middletown,zcta,95426,Middletown,38.8334248,-122.7340614,244188,,2019-03-31,10,0,Zillow ZIP-level market for Middletown; mapped with Census 2020 ZCTA 95426 in Lake County.,,,,
95424 Clearlake,zcta,95424,Clearlake,0.0,0.0,256283,,2019-03-31,10,0,Zillow ZIP-level market for Clearlake; mapped with Census 2020 ZCTA 95424 in Lake County.,,,,
95422 Clearlake,zcta,95422,Clearlake,38.985515,-122.6425345,172621,,2019-04-30,10,0,Zillow ZIP-level market for Clearlake; mapped with Census 2020 ZCTA 95422 in Lake County.,,,,
95453 Lakeport,zcta,95453,Lakeport,39.0459308,-122.941077,325000,,2019-04-30,10,0,Zillow ZIP-level market for Lakeport; mapped with Census 2020 ZCTA 95453 in Lake County.,,,,
95451 Kelseyville,zcta,95451,Kelseyville,38.9221361,-122.7895645,307690,,2019-04-30,10,0,Zillow ZIP-level market for Kelseyville; mapped with Census 2020 ZCTA 95451 in Lake County.,,,,
95467 Hidden Valley Lake,zcta,95467,Hidden Valley Lake,38.8129545,-122.5480991,326903,,2019-04-30,10,0,Zillow ZIP-level market for Hidden Valley Lake; mapped with Census 2020 ZCTA 95467 in Lake County.,,,,
95457 Lower Lake,zcta,95457,Lower Lake,38.9240363,-122.5490825,345716,,2019-04-30,10,0,Zillow ZIP-level market for Lower Lake; mapped with Census 2020 ZCTA 95457 in Lake County.,,,,
95461 Middletown,zcta,95461,Middletown,38.7540062,-122.5521097,289453,,2019-04-30,10,0,Zillow ZIP-level market for Middletown; mapped with Census 2020 ZCTA 95461 in Lake County.,,,,
95423 Clearlake Oaks,zcta,95423,Clearlake Oaks,39.067376,-122.6297201,219232,,2019-04-30,10,0,Zillow ZIP-level market for Clearlake Oaks; mapped with Census 2020 ZCTA 95423 in Lake County.,,,,
95464 Upper Lake,zcta,95464,Upper Lake,39.1262459,-122.8470753,210032,,2019-04-30,10,0,Zillow ZIP-level market for Upper Lake; mapped with Census 2020 ZCTA 95464 in Lake County.,,,,
95469 Upper Lake,zcta,95469,Upper Lake,39.3989363,-123.0752527,452965,,2019-04-30,10,0,Zillow ZIP-level market for Upper Lake; mapped with Census 2020 ZCTA 95469 in Lake County.,,,,
95458 Lucerne,zcta,95458,Lucerne,39.1090084,-122.7776345,204043,,2019-04-30,10,0,Zillow ZIP-level market for Lucerne; mapped with Census 2020 ZCTA 95458 in Lake County.,,,,
95485 Nice,zcta,95485,Nice,39.2084696,-122.92572,312925,,2019-04-30,10,0,Zillow ZIP-level market for Nice; mapped with Census 2020 ZCTA 95485 in Lake County.,,,,
95443 Lucerne,zcta,95443,Lucerne,39.0501313,-122.7396314,226814,,2019-04-30,10,0,Zillow ZIP-level market for Lucerne; mapped with Census 2020 ZCTA 95443 in Lake County.,,,,
95426 Middletown,zcta,95426,Middletown,38.8334248,-122.7340614,247083,,2019-04-30,10,0,Zillow ZIP-level market for Middletown; mapped with Census 2020 ZCTA 95426 in Lake County.,,,,
95424 Clearlake,zcta,95424,Clearlake,0.0,0.0,259970,,2019-04-30,10,0,Zillow ZIP-level market for Clearlake; mapped with Census 2020 ZCTA 95424 in Lake County.,,,,
95422 Clearlake,zcta,95422,Clearlake,38.985515,-122.6425345,173320,,2019-05-31,10,0,Zillow ZIP-level market for Clearlake; mapped with Census 2020 ZCTA 95422 in Lake County.,,,,
95453 Lakeport,zcta,95453,Lakeport,39.0459308,-122.941077,325634,,2019-05-31,10,0,Zillow ZIP-level market for Lakeport; mapped with Census 2020 ZCTA 95453 in Lake County.,,,,
95451 Kelseyville,zcta,95451,Kelseyville,38.9221361,-122.7895645,308250,,2019-05-31,10,0,Zillow ZIP-level market for Kelseyville; mapped with Census 2020 ZCTA 95451 in Lake County.,,,,
95467 Hidden Valley Lake,zcta,95467,Hidden Valley Lake,38.8129545,-122.5480991,328199,,2019-05-31,10,0,Zillow ZIP-level market for Hidden Valley Lake; mapped with Census 2020 ZCTA 95467 in Lake County.,,,,
95457 Lower Lake,zcta,95457,Lower Lake,38.9240363,-122.5490825,345309,,2019-05-31,10,0,Zillow ZIP-level market for Lower Lake; mapped with Census 2020 ZCTA 95457 in Lake County.,,,,
95461 Middletown,zcta,95461,Middletown,38.7540062,-122.5521097,292077,,2019-05-31,10,0,Zillow ZIP-level market for Middletown; mapped with Census 2020 ZCTA 95461 in Lake County.,,,,
95423 Clearlake Oaks,zcta,95423,Clearlake Oaks,39.067376,-122.6297201,218967,,2019-05-31,10,0,Zillow ZIP-level market for Clearlake Oaks; mapped with Census 2020 ZCTA 95423 in Lake County.,,,,
95464 Upper Lake,zcta,95464,Upper Lake,39.1262459,-122.8470753,212642,,2019-05-31,10,0,Zillow ZIP-level market for Upper Lake; mapped with Census 2020 ZCTA 95464 in Lake County.,,,,
95469 Upper Lake,zcta,95469,Upper Lake,39.3989363,-123.0752527,460167,,2019-05-31,10,0,Zillow ZIP-level market for Upper Lake; mapped with Census 2020 ZCTA 95469 in Lake County.,,,,
95458 Lucerne,zcta,95458,Lucerne,39.1090084,-122.7776345,205893,,2019-05-31,10,0,Zillow ZIP-level market for Lucerne; mapped with Census 2020 ZCTA 95458 in Lake County.,,,,
95485 Nice,zcta,95485,Nice,39.2084696,-122.92572,312630,,2019-05-31,10,0,Zillow ZIP-level market for Nice; mapped with Census 2020 ZCTA 95485 in Lake County.,,,,
95443 Lucerne,zcta,95443,Lucerne,39.0501313,-122.7396314,227398,,2019-05-31,10,0,Zillow ZIP-level market for Lucerne; mapped with Census 2020 ZCTA 95443 in Lake County.,,,,
95426 Middletown,zcta,95426,Middletown,38.8334248,-122.7340614,248877,,2019-05-31,10,0,Zillow ZIP-level market for Middletown; mapped with Census 2020 ZCTA 95426 in Lake County.,,,,
95424 Clearlake,zcta,95424,Clearlake,0.0,0.0,262476,,2019-05-31,10,0,Zillow ZIP-level market for Clearlake; mapped with Census 2020 ZCTA 95424 in Lake County.,,,,
95422 Clearlake,zcta,95422,Clearlake,38.985515,-122.6425345,173914,,2019-06-30,10,0,Zillow ZIP-level market for Clearlake; mapped with Census 2020 ZCTA 95422 in Lake County.,,,,
95453 Lakeport,zcta,95453,Lakeport,39.0459308,-122.941077,325607,,2019-06-30,10,0,Zillow ZIP-level market for Lakeport; mapped with Census 2020 ZCTA 95453 in Lake County.,,,,
95451 Kelseyville,zcta,95451,Kelseyville,38.9221361,-122.7895645,307516,,2019-06-30,10,0,Zillow ZIP-level market for Kelseyville; mapped with Census 2020 ZCTA 95451 in Lake County.,,,,
95467 Hidden Valley Lake,zcta,95467,Hidden Valley Lake,38.8129545,-122.5480991,328095,,2019-06-30,10,0,Zillow ZIP-level market for Hidden Valley Lake; mapped with Census 2020 ZCTA 95467 in Lake County.,,,,
95457 Lower Lake,zcta,95457,Lower Lake,38.9240363,-122.5490825,344520,,2019-06-30,10,0,Zillow ZIP-level market for Lower Lake; mapped with Census 2020 ZCTA 95457 in Lake County.,,,,
95461 Middletown,zcta,95461,Middletown,38.7540062,-122.5521097,293720,,2019-06-30,10,0,Zillow ZIP-level market for Middletown; mapped with Census 2020 ZCTA 95461 in Lake County.,,,,
95423 Clearlake Oaks,zcta,95423,Clearlake Oaks,39.067376,-122.6297201,218952,,2019-06-30,10,0,Zillow ZIP-level market for Clearlake Oaks; mapped with Census 2020 ZCTA 95423 in Lake County.,,,,
95464 Upper Lake,zcta,95464,Upper Lake,39.1262459,-122.8470753,213833,,2019-06-30,10,0,Zillow ZIP-level market for Upper Lake; mapped with Census 2020 ZCTA 95464 in Lake County.,,,,
95469 Upper Lake,zcta,95469,Upper Lake,39.3989363,-123.0752527,468594,,2019-06-30,10,0,Zillow ZIP-level market for Upper Lake; mapped with Census 2020 ZCTA 95469 in Lake County.,,,,
95458 Lucerne,zcta,95458,Lucerne,39.1090084,-122.7776345,207060,,2019-06-30,10,0,Zillow ZIP-level market for Lucerne; mapped with Census 2020 ZCTA 95458 in Lake County.,,,,
95485 Nice,zcta,95485,Nice,39.2084696,-122.92572,312512,,2019-06-30,10,0,Zillow ZIP-level market for Nice; mapped with Census 2020 ZCTA 95485 in Lake County.,,,,
95443 Lucerne,zcta,95443,Lucerne,39.0501313,-122.7396314,227608,,2019-06-30,10,0,Zillow ZIP-level market for Lucerne; mapped with Census 2020 ZCTA 95443 in Lake County.,,,,
95426 Middletown,zcta,95426,Middletown,38.8334248,-122.7340614,250391,,2019-06-30,10,0,Zillow ZIP-level market for Middletown; mapped with Census 2020 ZCTA 95426 in Lake County.,,,,
95424 Clearlake,zcta,95424,Clearlake,0.0,0.0,264219,,2019-06-30,10,0,Zillow ZIP-level market for Clearlake; mapped with Census 2020 ZCTA 95424 in Lake County.,,,,
95422 Clearlake,zcta,95422,Clearlake,38.985515,-122.6425345,175319,,2019-07-31,10,0,Zillow ZIP-level market for Clearlake; mapped with Census 2020 ZCTA 95422 in Lake County.,,,,
95453 Lakeport,zcta,95453,Lakeport,39.0459308,-122.941077,325588,,2019-07-31,10,0,Zillow ZIP-level market for Lakeport; mapped with Census 2020 ZCTA 95453 in Lake County.,,,,
95451 Kelseyville,zcta,95451,Kelseyville,38.9221361,-122.7895645,306901,,2019-07-31,10,0,Zillow ZIP-level market for Kelseyville; mapped with Census 2020 ZCTA 95451 in Lake County.,,,,
95467 Hidden Valley Lake,zcta,95467,Hidden Valley Lake,38.8129545,-122.5480991,328173,,2019-07-31,10,0,Zillow ZIP-level market for Hidden Valley Lake; mapped with Census 2020 ZCTA 95467 in Lake County.,,,,
95457 Lower Lake,zcta,95457,Lower Lake,38.9240363,-122.5490825,344592,,2019-07-31,10,0,Zillow ZIP-level market for Lower Lake; mapped with Census 2020 ZCTA 95457 in Lake County.,,,,
95461 Middletown,zcta,95461,Middletown,38.7540062,-122.5521097,295119,,2019-07-31,10,0,Zillow ZIP-level market for Middletown; mapped with Census 2020 ZCTA 95461 in Lake County.,,,,
95423 Clearlake Oaks,zcta,95423,Clearlake Oaks,39.067376,-122.6297201,219738,,2019-07-31,10,0,Zillow ZIP-level market for Clearlake Oaks; mapped with Census 2020 ZCTA 95423 in Lake County.,,,,
95464 Upper Lake,zcta,95464,Upper Lake,39.1262459,-122.8470753,214278,,2019-07-31,10,0,Zillow ZIP-level market for Upper Lake; mapped with Census 2020 ZCTA 95464 in Lake County.,,,,
95469 Upper Lake,zcta,95469,Upper Lake,39.3989363,-123.0752527,476249,,2019-07-31,10,0,Zillow ZIP-level market for Upper Lake; mapped with Census 2020 ZCTA 95469 in Lake County.,,,,
95458 Lucerne,zcta,95458,Lucerne,39.1090084,-122.7776345,208540,,2019-07-31,10,0,Zillow ZIP-level market for Lucerne; mapped with Census 2020 ZCTA 95458 in Lake County.,,,,
95485 Nice,zcta,95485,Nice,39.2084696,-122.92572,312169,,2019-07-31,10,0,Zillow ZIP-level market for Nice; mapped with Census 2020 ZCTA 95485 in Lake County.,,,,
95443 Lucerne,zcta,95443,Lucerne,39.0501313,-122.7396314,227731,,2019-07-31,10,0,Zillow ZIP-level market for Lucerne; mapped with Census 2020 ZCTA 95443 in Lake County.,,,,
95426 Middletown,zcta,95426,Middletown,38.8334248,-122.7340614,252760,,2019-07-31,10,0,Zillow ZIP-level market for Middletown; mapped with Census 2020 ZCTA 95426 in Lake County.,,,,
95424 Clearlake,zcta,95424,Clearlake,0.0,0.0,265948,,2019-07-31,10,0,Zillow ZIP-level market for Clearlake; mapped with Census 2020 ZCTA 95424 in Lake County.,,,,
95422 Clearlake,zcta,95422,Clearlake,38.985515,-122.6425345,176520,,2019-08-31,10,0,Zillow ZIP-level market for Clearlake; mapped with Census 2020 ZCTA 95422 in Lake County.,,,,
95453 Lakeport,zcta,95453,Lakeport,39.0459308,-122.941077,325089,,2019-08-31,10,0,Zillow ZIP-level market for Lakeport; mapped with Census 2020 ZCTA 95453 in Lake County.,,,,
95451 Kelseyville,zcta,95451,Kelseyville,38.9221361,-122.7895645,306363,,2019-08-31,10,0,Zillow ZIP-level market for Kelseyville; mapped with Census 2020 ZCTA 95451 in Lake County.,,,,
95467 Hidden Valley Lake,zcta,95467,Hidden Valley Lake,38.8129545,-122.5480991,327778,,2019-08-31,10,0,Zillow ZIP-level market for Hidden Valley Lake; mapped with Census 2020 ZCTA 95467 in Lake County.,,,,
95457 Lower Lake,zcta,95457,Lower Lake,38.9240363,-122.5490825,344631,,2019-08-31,10,0,Zillow ZIP-level market for Lower Lake; mapped with Census 2020 ZCTA 95457 in Lake County.,,,,
95461 Middletown,zcta,95461,Middletown,38.7540062,-122.5521097,294874,,2019-08-31,10,0,Zillow ZIP-level market for Middletown; mapped with Census 2020 ZCTA 95461 in Lake County.,,,,
95423 Clearlake Oaks,zcta,95423,Clearlake Oaks,39.067376,-122.6297201,220632,,2019-08-31,10,0,Zillow ZIP-level market for Clearlake Oaks; mapped with Census 2020 ZCTA 95423 in Lake County.,,,,
95464 Upper Lake,zcta,95464,Upper Lake,39.1262459,-122.8470753,214670,,2019-08-31,10,0,Zillow ZIP-level market for Upper Lake; mapped with Census 2020 ZCTA 95464 in Lake County.,,,,
95469 Upper Lake,zcta,95469,Upper Lake,39.3989363,-123.0752527,481784,,2019-08-31,10,0,Zillow ZIP-level market for Upper Lake; mapped with Census 2020 ZCTA 95469 in Lake County.,,,,
95458 Lucerne,zcta,95458,Lucerne,39.1090084,-122.7776345,209504,,2019-08-31,10,0,Zillow ZIP-level market for Lucerne; mapped with Census 2020 ZCTA 95458 in Lake County.,,,,
95485 Nice,zcta,95485,Nice,39.2084696,-122.92572,310700,,2019-08-31,10,0,Zillow ZIP-level market for Nice; mapped with Census 2020 ZCTA 95485 in Lake County.,,,,
95443 Lucerne,zcta,95443,Lucerne,39.0501313,-122.7396314,227749,,2019-08-31,10,0,Zillow ZIP-level market for Lucerne; mapped with Census 2020 ZCTA 95443 in Lake County.,,,,
95426 Middletown,zcta,95426,Middletown,38.8334248,-122.7340614,254386,,2019-08-31,10,0,Zillow ZIP-level market for Middletown; mapped with Census 2020 ZCTA 95426 in Lake County.,,,,
95424 Clearlake,zcta,95424,Clearlake,0.0,0.0,265650,,2019-08-31,10,0,Zillow ZIP-level market for Clearlake; mapped with Census 2020 ZCTA 95424 in Lake County.,,,,
95422 Clearlake,zcta,95422,Clearlake,38.985515,-122.6425345,177090,,2019-09-30,10,0,Zillow ZIP-level market for Clearlake; mapped with Census 2020 ZCTA 95422 in Lake County.,,,,
95453 Lakeport,zcta,95453,Lakeport,39.0459308,-122.941077,324305,,2019-09-30,10,0,Zillow ZIP-level market for Lakeport; mapped with Census 2020 ZCTA 95453 in Lake County.,,,,
95451 Kelseyville,zcta,95451,Kelseyville,38.9221361,-122.7895645,306199,,2019-09-30,10,0,Zillow ZIP-level market for Kelseyville; mapped with Census 2020 ZCTA 95451 in Lake County.,,,,
95467 Hidden Valley Lake,zcta,95467,Hidden Valley Lake,38.8129545,-122.5480991,327580,,2019-09-30,10,0,Zillow ZIP-level market for Hidden Valley Lake; mapped with Census 2020 ZCTA 95467 in Lake County.,,,,
95457 Lower Lake,zcta,95457,Lower Lake,38.9240363,-122.5490825,344279,,2019-09-30,10,0,Zillow ZIP-level market for Lower Lake; mapped with Census 2020 ZCTA 95457 in Lake County.,,,,
95461 Middletown,zcta,95461,Middletown,38.7540062,-122.5521097,293753,,2019-09-30,10,0,Zillow ZIP-level market for Middletown; mapped with Census 2020 ZCTA 95461 in Lake County.,,,,
95423 Clearlake Oaks,zcta,95423,Clearlake Oaks,39.067376,-122.6297201,221172,,2019-09-30,10,0,Zillow ZIP-level market for Clearlake Oaks; mapped with Census 2020 ZCTA 95423 in Lake County.,,,,
95464 Upper Lake,zcta,95464,Upper Lake,39.1262459,-122.8470753,215194,,2019-09-30,10,0,Zillow ZIP-level market for Upper Lake; mapped with Census 2020 ZCTA 95464 in Lake County.,,,,
95469 Upper Lake,zcta,95469,Upper Lake,39.3989363,-123.0752527,482794,,2019-09-30,10,0,Zillow ZIP-level market for Upper Lake; mapped with Census 2020 ZCTA 95469 in Lake County.,,,,
95458 Lucerne,zcta,95458,Lucerne,39.1090084,-122.7776345,209715,,2019-09-30,10,0,Zillow ZIP-level market for Lucerne; mapped with Census 2020 ZCTA 95458 in Lake County.,,,,
95485 Nice,zcta,95485,Nice,39.2084696,-122.92572,308243,,2019-09-30,10,0,Zillow ZIP-level market for Nice; mapped with Census 2020 ZCTA 95485 in Lake County.,,,,
95443 Lucerne,zcta,95443,Lucerne,39.0501313,-122.7396314,227234,,2019-09-30,10,0,Zillow ZIP-level market for Lucerne; mapped with Census 2020 ZCTA 95443 in Lake County.,,,,
95426 Middletown,zcta,95426,Middletown,38.8334248,-122.7340614,255065,,2019-09-30,10,0,Zillow ZIP-level market for Middletown; mapped with Census 2020 ZCTA 95426 in Lake County.,,,,
95424 Clearlake,zcta,95424,Clearlake,0.0,0.0,264158,,2019-09-30,10,0,Zillow ZIP-level market for Clearlake; mapped with Census 2020 ZCTA 95424 in Lake County.,,,,
95422 Clearlake,zcta,95422,Clearlake,38.985515,-122.6425345,177087,,2019-10-31,10,0,Zillow ZIP-level market for Clearlake; mapped with Census 2020 ZCTA 95422 in Lake County.,,,,
95453 Lakeport,zcta,95453,Lakeport,39.0459308,-122.941077,323524,,2019-10-31,10,0,Zillow ZIP-level market for Lakeport; mapped with Census 2020 ZCTA 95453 in Lake County.,,,,
95451 Kelseyville,zcta,95451,Kelseyville,38.9221361,-122.7895645,306229,,2019-10-31,10,0,Zillow ZIP-level market for Kelseyville; mapped with Census 2020 ZCTA 95451 in Lake County.,,,,
95467 Hidden Valley Lake,zcta,95467,Hidden Valley Lake,38.8129545,-122.5480991,326732,,2019-10-31,10,0,Zillow ZIP-level market for Hidden Valley Lake; mapped with Census 2020 ZCTA 95467 in Lake County.,,,,
95457 Lower Lake,zcta,95457,Lower Lake,38.9240363,-122.5490825,343825,,2019-10-31,10,0,Zillow ZIP-level market for Lower Lake; mapped with Census 2020 ZCTA 95457 in Lake County.,,,,
95461 Middletown,zcta,95461,Middletown,38.7540062,-122.5521097,292766,,2019-10-31,10,0,Zillow ZIP-level market for Middletown; mapped with Census 2020 ZCTA 95461 in Lake County.,,,,
95423 Clearlake Oaks,zcta,95423,Clearlake Oaks,39.067376,-122.6297201,221014,,2019-10-31,10,0,Zillow ZIP-level market for Clearlake Oaks; mapped with Census 2020 ZCTA 95423 in Lake County.,,,,
95464 Upper Lake,zcta,95464,Upper Lake,39.1262459,-122.8470753,215814,,2019-10-31,10,0,Zillow ZIP-level market for Upper Lake; mapped with Census 2020 ZCTA 95464 in Lake County.,,,,
95469 Upper Lake,zcta,95469,Upper Lake,39.3989363,-123.0752527,484423,,2019-10-31,10,0,Zillow ZIP-level market for Upper Lake; mapped with Census 2020 ZCTA 95469 in Lake County.,,,,
95458 Lucerne,zcta,95458,Lucerne,39.1090084,-122.7776345,208907,,2019-10-31,10,0,Zillow ZIP-level market for Lucerne; mapped with Census 2020 ZCTA 95458 in Lake County.,,,,
95485 Nice,zcta,95485,Nice,39.2084696,-122.92572,306150,,2019-10-31,10,0,Zillow ZIP-level market for Nice; mapped with Census 2020 ZCTA 95485 in Lake County.,,,,
95443 Lucerne,zcta,95443,Lucerne,39.0501313,-122.7396314,226773,,2019-10-31,10,0,Zillow ZIP-level market for Lucerne; mapped with Census 2020 ZCTA 95443 in Lake County.,,,,
95426 Middletown,zcta,95426,Middletown,38.8334248,-122.7340614,254926,,2019-10-31,10,0,Zillow ZIP-level market for Middletown; mapped with Census 2020 ZCTA 95426 in Lake County.,,,,
95424 Clearlake,zcta,95424,Clearlake,0.0,0.0,262657,,2019-10-31,10,0,Zillow ZIP-level market for Clearlake; mapped with Census 2020 ZCTA 95424 in Lake County.,,,,
95422 Clearlake,zcta,95422,Clearlake,38.985515,-122.6425345,177155,,2019-11-30,10,0,Zillow ZIP-level market for Clearlake; mapped with Census 2020 ZCTA 95422 in Lake County.,,,,
95453 Lakeport,zcta,95453,Lakeport,39.0459308,-122.941077,323533,,2019-11-30,10,0,Zillow ZIP-level market for Lakeport; mapped with Census 2020 ZCTA 95453 in Lake County.,,,,
95451 Kelseyville,zcta,95451,Kelseyville,38.9221361,-122.7895645,306606,,2019-11-30,10,0,Zillow ZIP-level market for Kelseyville; mapped with Census 2020 ZCTA 95451 in Lake County.,,,,
95467 Hidden Valley Lake,zcta,95467,Hidden Valley Lake,38.8129545,-122.5480991,326338,,2019-11-30,10,0,Zillow ZIP-level market for Hidden Valley Lake; mapped with Census 2020 ZCTA 95467 in Lake County.,,,,
95457 Lower Lake,zcta,95457,Lower Lake,38.9240363,-122.5490825,344058,,2019-11-30,10,0,Zillow ZIP-level market for Lower Lake; mapped with Census 2020 ZCTA 95457 in Lake County.,,,,
95461 Middletown,zcta,95461,Middletown,38.7540062,-122.5521097,292496,,2019-11-30,10,0,Zillow ZIP-level market for Middletown; mapped with Census 2020 ZCTA 95461 in Lake County.,,,,
95423 Clearlake Oaks,zcta,95423,Clearlake Oaks,39.067376,-122.6297201,220749,,2019-11-30,10,0,Zillow ZIP-level market for Clearlake Oaks; mapped with Census 2020 ZCTA 95423 in Lake County.,,,,
95464 Upper Lake,zcta,95464,Upper Lake,39.1262459,-122.8470753,216015,,2019-11-30,10,0,Zillow ZIP-level market for Upper Lake; mapped with Census 2020 ZCTA 95464 in Lake County.,,,,
95469 Upper Lake,zcta,95469,Upper Lake,39.3989363,-123.0752527,488133,,2019-11-30,10,0,Zillow ZIP-level market for Upper Lake; mapped with Census 2020 ZCTA 95469 in Lake County.,,,,
95458 Lucerne,zcta,95458,Lucerne,39.1090084,-122.7776345,208339,,2019-11-30,10,0,Zillow ZIP-level market for Lucerne; mapped with Census 2020 ZCTA 95458 in Lake County.,,,,
95485 Nice,zcta,95485,Nice,39.2084696,-122.92572,305538,,2019-11-30,10,0,Zillow ZIP-level market for Nice; mapped with Census 2020 ZCTA 95485 in Lake County.,,,,
95443 Lucerne,zcta,95443,Lucerne,39.0501313,-122.7396314,226304,,2019-11-30,10,0,Zillow ZIP-level market for Lucerne; mapped with Census 2020 ZCTA 95443 in Lake County.,,,,
95426 Middletown,zcta,95426,Middletown,38.8334248,-122.7340614,255069,,2019-11-30,10,0,Zillow ZIP-level market for Middletown; mapped with Census 2020 ZCTA 95426 in Lake County.,,,,
95424 Clearlake,zcta,95424,Clearlake,0.0,0.0,261969,,2019-11-30,10,0,Zillow ZIP-level market for Clearlake; mapped with Census 2020 ZCTA 95424 in Lake County.,,,,
95422 Clearlake,zcta,95422,Clearlake,38.985515,-122.6425345,177551,,2019-12-31,10,0,Zillow ZIP-level market for Clearlake; mapped with Census 2020 ZCTA 95422 in Lake County.,,,,
95453 Lakeport,zcta,95453,Lakeport,39.0459308,-122.941077,323590,,2019-12-31,10,0,Zillow ZIP-level market for Lakeport; mapped with Census 2020 ZCTA 95453 in Lake County.,,,,
95451 Kelseyville,zcta,95451,Kelseyville,38.9221361,-122.7895645,306627,,2019-12-31,10,0,Zillow ZIP-level market for Kelseyville; mapped with Census 2020 ZCTA 95451 in Lake County.,,,,
95467 Hidden Valley Lake,zcta,95467,Hidden Valley Lake,38.8129545,-122.5480991,325806,,2019-12-31,10,0,Zillow ZIP-level market for Hidden Valley Lake; mapped with Census 2020 ZCTA 95467 in Lake County.,,,,
95457 Lower Lake,zcta,95457,Lower Lake,38.9240363,-122.5490825,344058,,2019-12-31,10,0,Zillow ZIP-level market for Lower Lake; mapped with Census 2020 ZCTA 95457 in Lake County.,,,,
95461 Middletown,zcta,95461,Middletown,38.7540062,-122.5521097,292304,,2019-12-31,10,0,Zillow ZIP-level market for Middletown; mapped with Census 2020 ZCTA 95461 in Lake County.,,,,
95423 Clearlake Oaks,zcta,95423,Clearlake Oaks,39.067376,-122.6297201,220649,,2019-12-31,10,0,Zillow ZIP-level market for Clearlake Oaks; mapped with Census 2020 ZCTA 95423 in Lake County.,,,,
95464 Upper Lake,zcta,95464,Upper Lake,39.1262459,-122.8470753,215897,,2019-12-31,10,0,Zillow ZIP-level market for Upper Lake; mapped with Census 2020 ZCTA 95464 in Lake County.,,,,
95469 Upper Lake,zcta,95469,Upper Lake,39.3989363,-123.0752527,493306,,2019-12-31,10,0,Zillow ZIP-level market for Upper Lake; mapped with Census 2020 ZCTA 95469 in Lake County.,,,,
95458 Lucerne,zcta,95458,Lucerne,39.1090084,-122.7776345,207790,,2019-12-31,10,0,Zillow ZIP-level market for Lucerne; mapped with Census 2020 ZCTA 95458 in Lake County.,,,,
95485 Nice,zcta,95485,Nice,39.2084696,-122.92572,304915,,2019-12-31,10,0,Zillow ZIP-level market for Nice; mapped with Census 2020 ZCTA 95485 in Lake County.,,,,
95443 Lucerne,zcta,95443,Lucerne,39.0501313,-122.7396314,226353,,2019-12-31,10,0,Zillow ZIP-level market for Lucerne; mapped with Census 2020 ZCTA 95443 in Lake County.,,,,
95426 Middletown,zcta,95426,Middletown,38.8334248,-122.7340614,255218,,2019-12-31,10,0,Zillow ZIP-level market for Middletown; mapped with Census 2020 ZCTA 95426 in Lake County.,,,,
95424 Clearlake,zcta,95424,Clearlake,0.0,0.0,261360,,2019-12-31,10,0,Zillow ZIP-level market for Clearlake; mapped with Census 2020 ZCTA 95424 in Lake County.,,,,
95422 Clearlake,zcta,95422,Clearlake,38.985515,-122.6425345,178606,,2020-01-31,10,0,Zillow ZIP-level market for Clearlake; mapped with Census 2020 ZCTA 95422 in Lake County.,,,,
95453 Lakeport,zcta,95453,Lakeport,39.0459308,-122.941077,324154,,2020-01-31,10,0,Zillow ZIP-level market for Lakeport; mapped with Census 2020 ZCTA 95453 in Lake County.,,,,
95451 Kelseyville,zcta,95451,Kelseyville,38.9221361,-122.7895645,307194,,2020-01-31,10,0,Zillow ZIP-level market for Kelseyville; mapped with Census 2020 ZCTA 95451 in Lake County.,,,,
95467 Hidden Valley Lake,zcta,95467,Hidden Valley Lake,38.8129545,-122.5480991,325591,,2020-01-31,10,0,Zillow ZIP-level market for Hidden Valley Lake; mapped with Census 2020 ZCTA 95467 in Lake County.,,,,
95457 Lower Lake,zcta,95457,Lower Lake,38.9240363,-122.5490825,344047,,2020-01-31,10,0,Zillow ZIP-level market for Lower Lake; mapped with Census 2020 ZCTA 95457 in Lake County.,,,,
95461 Middletown,zcta,95461,Middletown,38.7540062,-122.5521097,292499,,2020-01-31,10,0,Zillow ZIP-level market for Middletown; mapped with Census 2020 ZCTA 95461 in Lake County.,,,,
95423 Clearlake Oaks,zcta,95423,Clearlake Oaks,39.067376,-122.6297201,221966,,2020-01-31,10,0,Zillow ZIP-level market for Clearlake Oaks; mapped with Census 2020 ZCTA 95423 in Lake County.,,,,
95464 Upper Lake,zcta,95464,Upper Lake,39.1262459,-122.8470753,215621,,2020-01-31,10,0,Zillow ZIP-level market for Upper Lake; mapped with Census 2020 ZCTA 95464 in Lake County.,,,,
95469 Upper Lake,zcta,95469,Upper Lake,39.3989363,-123.0752527,494369,,2020-01-31,10,0,Zillow ZIP-level market for Upper Lake; mapped with Census 2020 ZCTA 95469 in Lake County.,,,,
95458 Lucerne,zcta,95458,Lucerne,39.1090084,-122.7776345,207649,,2020-01-31,10,0,Zillow ZIP-level market for Lucerne; mapped with Census 2020 ZCTA 95458 in Lake County.,,,,
95485 Nice,zcta,95485,Nice,39.2084696,-122.92572,304943,,2020-01-31,10,0,Zillow ZIP-level market for Nice; mapped with Census 2020 ZCTA 95485 in Lake County.,,,,
95443 Lucerne,zcta,95443,Lucerne,39.0501313,-122.7396314,227918,,2020-01-31,10,0,Zillow ZIP-level market for Lucerne; mapped with Census 2020 ZCTA 95443 in Lake County.,,,,
95426 Middletown,zcta,95426,Middletown,38.8334248,-122.7340614,255556,,2020-01-31,10,0,Zillow ZIP-level market for Middletown; mapped with Census 2020 ZCTA 95426 in Lake County.,,,,
95424 Clearlake,zcta,95424,Clearlake,0.0,0.0,262311,,2020-01-31,10,0,Zillow ZIP-level market for Clearlake; mapped with Census 2020 ZCTA 95424 in Lake County.,,,,
95422 Clearlake,zcta,95422,Clearlake,38.985515,-122.6425345,179236,,2020-02-29,10,0,Zillow ZIP-level market for Clearlake; mapped with Census 2020 ZCTA 95422 in Lake County.,,,,
95453 Lakeport,zcta,95453,Lakeport,39.0459308,-122.941077,325126,,2020-02-29,10,0,Zillow ZIP-level market for Lakeport; mapped with Census 2020 ZCTA 95453 in Lake County.,,,,
95451 Kelseyville,zcta,95451,Kelseyville,38.9221361,-122.7895645,307784,,2020-02-29,10,0,Zillow ZIP-level market for Kelseyville; mapped with Census 2020 ZCTA 95451 in Lake County.,,,,
95467 Hidden Valley Lake,zcta,95467,Hidden Valley Lake,38.8129545,-122.5480991,325464,,2020-02-29,10,0,Zillow ZIP-level market for Hidden Valley Lake; mapped with Census 2020 ZCTA 95467 in Lake County.,,,,
95457 Lower Lake,zcta,95457,Lower Lake,38.9240363,-122.5490825,344386,,2020-02-29,10,0,Zillow ZIP-level market for Lower Lake; mapped with Census 2020 ZCTA 95457 in Lake County.,,,,
95461 Middletown,zcta,95461,Middletown,38.7540062,-122.5521097,293463,,2020-02-29,10,0,Zillow ZIP-level market for Middletown; mapped with Census 2020 ZCTA 95461 in Lake County.,,,,
95423 Clearlake Oaks,zcta,95423,Clearlake Oaks,39.067376,-122.6297201,223915,,2020-02-29,10,0,Zillow ZIP-level market for Clearlake Oaks; mapped with Census 2020 ZCTA 95423 in Lake County.,,,,
95464 Upper Lake,zcta,95464,Upper Lake,39.1262459,-122.8470753,215542,,2020-02-29,10,0,Zillow ZIP-level market for Upper Lake; mapped with Census 2020 ZCTA 95464 in Lake County.,,,,
95469 Upper Lake,zcta,95469,Upper Lake,39.3989363,-123.0752527,493496,,2020-02-29,10,0,Zillow ZIP-level market for Upper Lake; mapped with Census 2020 ZCTA 95469 in Lake County.,,,,
95458 Lucerne,zcta,95458,Lucerne,39.1090084,-122.7776345,207647,,2020-02-29,10,0,Zillow ZIP-level market for Lucerne; mapped with Census 2020 ZCTA 95458 in Lake County.,,,,
95485 Nice,zcta,95485,Nice,39.2084696,-122.92572,304985,,2020-02-29,10,0,Zillow ZIP-level market for Nice; mapped with Census 2020 ZCTA 95485 in Lake County.,,,,
95443 Lucerne,zcta,95443,Lucerne,39.0501313,-122.7396314,230961,,2020-02-29,10,0,Zillow ZIP-level market for Lucerne; mapped with Census 2020 ZCTA 95443 in Lake County.,,,,
95426 Middletown,zcta,95426,Middletown,38.8334248,-122.7340614,256123,,2020-02-29,10,0,Zillow ZIP-level market for Middletown; mapped with Census 2020 ZCTA 95426 in Lake County.,,,,
95424 Clearlake,zcta,95424,Clearlake,0.0,0.0,266462,,2020-02-29,10,0,Zillow ZIP-level market for Clearlake; mapped with Census 2020 ZCTA 95424 in Lake County.,,,,
95422 Clearlake,zcta,95422,Clearlake,38.985515,-122.6425345,179922,,2020-03-31,10,0,Zillow ZIP-level market for Clearlake; mapped with Census 2020 ZCTA 95422 in Lake County.,,,,
95453 Lakeport,zcta,95453,Lakeport,39.0459308,-122.941077,326960,,2020-03-31,10,0,Zillow ZIP-level market for Lakeport; mapped with Census 2020 ZCTA 95453 in Lake County.,,,,
95451 Kelseyville,zcta,95451,Kelseyville,38.9221361,-122.7895645,309235,,2020-03-31,10,0,Zillow ZIP-level market for Kelseyville; mapped with Census 2020 ZCTA 95451 in Lake County.,,,,
95467 Hidden Valley Lake,zcta,95467,Hidden Valley Lake,38.8129545,-122.5480991,326270,,2020-03-31,10,0,Zillow ZIP-level market for Hidden Valley Lake; mapped with Census 2020 ZCTA 95467 in Lake County.,,,,
95457 Lower Lake,zcta,95457,Lower Lake,38.9240363,-122.5490825,345451,,2020-03-31,10,0,Zillow ZIP-level market for Lower Lake; mapped with Census 2020 ZCTA 95457 in Lake County.,,,,
95461 Middletown,zcta,95461,Middletown,38.7540062,-122.5521097,295775,,2020-03-31,10,0,Zillow ZIP-level market for Middletown; mapped with Census 2020 ZCTA 95461 in Lake County.,,,,
95423 Clearlake Oaks,zcta,95423,Clearlake Oaks,39.067376,-122.6297201,226650,,2020-03-31,10,0,Zillow ZIP-level market for Clearlake Oaks; mapped with Census 2020 ZCTA 95423 in Lake County.,,,,
95464 Upper Lake,zcta,95464,Upper Lake,39.1262459,-122.8470753,215952,,2020-03-31,10,0,Zillow ZIP-level market for Upper Lake; mapped with Census 2020 ZCTA 95464 in Lake County.,,,,
95469 Upper Lake,zcta,95469,Upper Lake,39.3989363,-123.0752527,493164,,2020-03-31,10,0,Zillow ZIP-level market for Upper Lake; mapped with Census 2020 ZCTA 95469 in Lake County.,,,,
95458 Lucerne,zcta,95458,Lucerne,39.1090084,-122.7776345,209030,,2020-03-31,10,0,Zillow ZIP-level market for Lucerne; mapped with Census 2020 ZCTA 95458 in Lake County.,,,,
95485 Nice,zcta,95485,Nice,39.2084696,-122.92572,306771,,2020-03-31,10,0,Zillow ZIP-level market for Nice; mapped with Census 2020 ZCTA 95485 in Lake County.,,,,
95443 Lucerne,zcta,95443,Lucerne,39.0501313,-122.7396314,235220,,2020-03-31,10,0,Zillow ZIP-level market for Lucerne; mapped with Census 2020 ZCTA 95443 in Lake County.,,,,
95426 Middletown,zcta,95426,Middletown,38.8334248,-122.7340614,257800,,2020-03-31,10,0,Zillow ZIP-level market for Middletown; mapped with Census 2020 ZCTA 95426 in Lake County.,,,,
95424 Clearlake,zcta,95424,Clearlake,0.0,0.0,275090,,2020-03-31,10,0,Zillow ZIP-level market for Clearlake; mapped with Census 2020 ZCTA 95424 in Lake County.,,,,
95422 Clearlake,zcta,95422,Clearlake,38.985515,-122.6425345,180125,,2020-04-30,10,0,Zillow ZIP-level market for Clearlake; mapped with Census 2020 ZCTA 95422 in Lake County.,,,,
95453 Lakeport,zcta,95453,Lakeport,39.0459308,-122.941077,329003,,2020-04-30,10,0,Zillow ZIP-level market for Lakeport; mapped with Census 2020 ZCTA 95453 in Lake County.,,,,
95451 Kelseyville,zcta,95451,Kelseyville,38.9221361,-122.7895645,310173,,2020-04-30,10,0,Zillow ZIP-level market for Kelseyville; mapped with Census 2020 ZCTA 95451 in Lake County.,,,,
95467 Hidden Valley Lake,zcta,95467,Hidden Valley Lake,38.8129545,-122.5480991,327310,,2020-04-30,10,0,Zillow ZIP-level market for Hidden Valley Lake; mapped with Census 2020 ZCTA 95467 in Lake County.,,,,
95457 Lower Lake,zcta,95457,Lower Lake,38.9240363,-122.5490825,346665,,2020-04-30,10,0,Zillow ZIP-level market for Lower Lake; mapped with Census 2020 ZCTA 95457 in Lake County.,,,,
95461 Middletown,zcta,95461,Middletown,38.7540062,-122.5521097,298316,,2020-04-30,10,0,Zillow ZIP-level market for Middletown; mapped with Census 2020 ZCTA 95461 in Lake County.,,,,
95423 Clearlake Oaks,zcta,95423,Clearlake Oaks,39.067376,-122.6297201,228206,,2020-04-30,10,0,Zillow ZIP-level market for Clearlake Oaks; mapped with Census 2020 ZCTA 95423 in Lake County.,,,,
95464 Upper Lake,zcta,95464,Upper Lake,39.1262459,-122.8470753,215867,,2020-04-30,10,0,Zillow ZIP-level market for Upper Lake; mapped with Census 2020 ZCTA 95464 in Lake County.,,,,
95469 Upper Lake,zcta,95469,Upper Lake,39.3989363,-123.0752527,495971,,2020-04-30,10,0,Zillow ZIP-level market for Upper Lake; mapped with Census 2020 ZCTA 95469 in Lake County.,,,,
95458 Lucerne,zcta,95458,Lucerne,39.1090084,-122.7776345,210594,,2020-04-30,10,0,Zillow ZIP-level market for Lucerne; mapped with Census 2020 ZCTA 95458 in Lake County.,,,,
95485 Nice,zcta,95485,Nice,39.2084696,-122.92572,308883,,2020-04-30,10,0,Zillow ZIP-level market for Nice; mapped with Census 2020 ZCTA 95485 in Lake County.,,,,
95443 Lucerne,zcta,95443,Lucerne,39.0501313,-122.7396314,238601,,2020-04-30,10,0,Zillow ZIP-level market for Lucerne; mapped with Census 2020 ZCTA 95443 in Lake County.,,,,
95426 Middletown,zcta,95426,Middletown,38.8334248,-122.7340614,259396,,2020-04-30,10,0,Zillow ZIP-level market for Middletown; mapped with Census 2020 ZCTA 95426 in Lake County.,,,,
95424 Clearlake,zcta,95424,Clearlake,0.0,0.0,284096,,2020-04-30,10,0,Zillow ZIP-level market for Clearlake; mapped with Census 2020 ZCTA 95424 in Lake County.,,,,
95422 Clearlake,zcta,95422,Clearlake,38.985515,-122.6425345,180520,,2020-05-31,10,0,Zillow ZIP-level market for Clearlake; mapped with Census 2020 ZCTA 95422 in Lake County.,,,,
95453 Lakeport,zcta,95453,Lakeport,39.0459308,-122.941077,330232,,2020-05-31,10,0,Zillow ZIP-level market for Lakeport; mapped with Census 2020 ZCTA 95453 in Lake County.,,,,
95451 Kelseyville,zcta,95451,Kelseyville,38.9221361,-122.7895645,310441,,2020-05-31,10,0,Zillow ZIP-level market for Kelseyville; mapped with Census 2020 ZCTA 95451 in Lake County.,,,,
95467 Hidden Valley Lake,zcta,95467,Hidden Valley Lake,38.8129545,-122.5480991,326971,,2020-05-31,10,0,Zillow ZIP-level market for Hidden Valley Lake; mapped with Census 2020 ZCTA 95467 in Lake County.,,,,
95457 Lower Lake,zcta,95457,Lower Lake,38.9240363,-122.5490825,346194,,2020-05-31,10,0,Zillow ZIP-level market for Lower Lake; mapped with Census 2020 ZCTA 95457 in Lake County.,,,,
95461 Middletown,zcta,95461,Middletown,38.7540062,-122.5521097,299521,,2020-05-31,10,0,Zillow ZIP-level market for Middletown; mapped with Census 2020 ZCTA 95461 in Lake County.,,,,
95423 Clearlake Oaks,zcta,95423,Clearlake Oaks,39.067376,-122.6297201,228207,,2020-05-31,10,0,Zillow ZIP-level market for Clearlake Oaks; mapped with Census 2020 ZCTA 95423 in Lake County.,,,,
95464 Upper Lake,zcta,95464,Upper Lake,39.1262459,-122.8470753,215325,,2020-05-31,10,0,Zillow ZIP-level market for Upper Lake; mapped with Census 2020 ZCTA 95464 in Lake County.,,,,
95469 Upper Lake,zcta,95469,Upper Lake,39.3989363,-123.0752527,496464,,2020-05-31,10,0,Zillow ZIP-level market for Upper Lake; mapped with Census 2020 ZCTA 95469 in Lake County.,,,,
95458 Lucerne,zcta,95458,Lucerne,39.1090084,-122.7776345,211791,,2020-05-31,10,0,Zillow ZIP-level market for Lucerne; mapped with Census 2020 ZCTA 95458 in Lake County.,,,,
95485 Nice,zcta,95485,Nice,39.2084696,-122.92572,311573,,2020-05-31,10,0,Zillow ZIP-level market for Nice; mapped with Census 2020 ZCTA 95485 in Lake County.,,,,
95443 Lucerne,zcta,95443,Lucerne,39.0501313,-122.7396314,239896,,2020-05-31,10,0,Zillow ZIP-level market for Lucerne; mapped with Census 2020 ZCTA 95443 in Lake County.,,,,
95426 Middletown,zcta,95426,Middletown,38.8334248,-122.7340614,260682,,2020-05-31,10,0,Zillow ZIP-level market for Middletown; mapped with Census 2020 ZCTA 95426 in Lake County.,,,,
95424 Clearlake,zcta,95424,Clearlake,0.0,0.0,289218,,2020-05-31,10,0,Zillow ZIP-level market for Clearlake; mapped with Census 2020 ZCTA 95424 in Lake County.,,,,
95422 Clearlake,zcta,95422,Clearlake,38.985515,-122.6425345,180117,,2020-06-30,10,0,Zillow ZIP-level market for Clearlake; mapped with Census 2020 ZCTA 95422 in Lake County.,,,,
95453 Lakeport,zcta,95453,Lakeport,39.0459308,-122.941077,331078,,2020-06-30,10,0,Zillow ZIP-level market for Lakeport; mapped with Census 2020 ZCTA 95453 in Lake County.,,,,
95451 Kelseyville,zcta,95451,Kelseyville,38.9221361,-122.7895645,310270,,2020-06-30,10,0,Zillow ZIP-level market for Kelseyville; mapped with Census 2020 ZCTA 95451 in Lake County.,,,,
95467 Hidden Valley Lake,zcta,95467,Hidden Valley Lake,38.8129545,-122.5480991,325956,,2020-06-30,10,0,Zillow ZIP-level market for Hidden Valley Lake; mapped with Census 2020 ZCTA 95467 in Lake County.,,,,
95457 Lower Lake,zcta,95457,Lower Lake,38.9240363,-122.5490825,345320,,2020-06-30,10,0,Zillow ZIP-level market for Lower Lake; mapped with Census 2020 ZCTA 95457 in Lake County.,,,,
95461 Middletown,zcta,95461,Middletown,38.7540062,-122.5521097,298465,,2020-06-30,10,0,Zillow ZIP-level market for Middletown; mapped with Census 2020 ZCTA 95461 in Lake County.,,,,
95423 Clearlake Oaks,zcta,95423,Clearlake Oaks,39.067376,-122.6297201,227197,,2020-06-30,10,0,Zillow ZIP-level market for Clearlake Oaks; mapped with Census 2020 ZCTA 95423 in Lake County.,,,,
95464 Upper Lake,zcta,95464,Upper Lake,39.1262459,-122.8470753,214482,,2020-06-30,10,0,Zillow ZIP-level market for Upper Lake; mapped with Census 2020 ZCTA 95464 in Lake County.,,,,
95469 Upper Lake,zcta,95469,Upper Lake,39.3989363,-123.0752527,495680,,2020-06-30,10,0,Zillow ZIP-level market for Upper Lake; mapped with Census 2020 ZCTA 95469 in Lake County.,,,,
95458 Lucerne,zcta,95458,Lucerne,39.1090084,-122.7776345,211388,,2020-06-30,10,0,Zillow ZIP-level market for Lucerne; mapped with Census 2020 ZCTA 95458 in Lake County.,,,,
95485 Nice,zcta,95485,Nice,39.2084696,-122.92572,313210,,2020-06-30,10,0,Zillow ZIP-level market for Nice; mapped with Census 2020 ZCTA 95485 in Lake County.,,,,
95443 Lucerne,zcta,95443,Lucerne,39.0501313,-122.7396314,239447,,2020-06-30,10,0,Zillow ZIP-level market for Lucerne; mapped with Census 2020 ZCTA 95443 in Lake County.,,,,
95426 Middletown,zcta,95426,Middletown,38.8334248,-122.7340614,260175,,2020-06-30,10,0,Zillow ZIP-level market for Middletown; mapped with Census 2020 ZCTA 95426 in Lake County.,,,,
95424 Clearlake,zcta,95424,Clearlake,0.0,0.0,291882,,2020-06-30,10,0,Zillow ZIP-level market for Clearlake; mapped with Census 2020 ZCTA 95424 in Lake County.,,,,
95422 Clearlake,zcta,95422,Clearlake,38.985515,-122.6425345,180089,,2020-07-31,10,0,Zillow ZIP-level market for Clearlake; mapped with Census 2020 ZCTA 95422 in Lake County.,,,,
95453 Lakeport,zcta,95453,Lakeport,39.0459308,-122.941077,332100,,2020-07-31,10,0,Zillow ZIP-level market for Lakeport; mapped with Census 2020 ZCTA 95453 in Lake County.,,,,
95451 Kelseyville,zcta,95451,Kelseyville,38.9221361,-122.7895645,310996,,2020-07-31,10,0,Zillow ZIP-level market for Kelseyville; mapped with Census 2020 ZCTA 95451 in Lake County.,,,,
95467 Hidden Valley Lake,zcta,95467,Hidden Valley Lake,38.8129545,-122.5480991,325456,,2020-07-31,10,0,Zillow ZIP-level market for Hidden Valley Lake; mapped with Census 2020 ZCTA 95467 in Lake County.,,,,
95457 Lower Lake,zcta,95457,Lower Lake,38.9240363,-122.5490825,344882,,2020-07-31,10,0,Zillow ZIP-level market for Lower Lake; mapped with Census 2020 ZCTA 95457 in Lake County.,,,,
95461 Middletown,zcta,95461,Middletown,38.7540062,-122.5521097,296638,,2020-07-31,10,0,Zillow ZIP-level market for Middletown; mapped with Census 2020 ZCTA 95461 in Lake County.,,,,
95423 Clearlake Oaks,zcta,95423,Clearlake Oaks,39.067376,-122.6297201,226849,,2020-07-31,10,0,Zillow ZIP-level market for Clearlake Oaks; mapped with Census 2020 ZCTA 95423 in Lake County.,,,,
95464 Upper Lake,zcta,95464,Upper Lake,39.1262459,-122.8470753,214955,,2020-07-31,10,0,Zillow ZIP-level market for Upper Lake; mapped with Census 2020 ZCTA 95464 in Lake County.,,,,
95469 Upper Lake,zcta,95469,Upper Lake,39.3989363,-123.0752527,498092,,2020-07-31,10,0,Zillow ZIP-level market for Upper Lake; mapped with Census 2020 ZCTA 95469 in Lake County.,,,,
95458 Lucerne,zcta,95458,Lucerne,39.1090084,-122.7776345,211984,,2020-07-31,10,0,Zillow ZIP-level market for Lucerne; mapped with Census 2020 ZCTA 95458 in Lake County.,,,,
95485 Nice,zcta,95485,Nice,39.2084696,-122.92572,314952,,2020-07-31,10,0,Zillow ZIP-level market for Nice; mapped with Census 2020 ZCTA 95485 in Lake County.,,,,
95443 Lucerne,zcta,95443,Lucerne,39.0501313,-122.7396314,239473,,2020-07-31,10,0,Zillow ZIP-level market for Lucerne; mapped with Census 2020 ZCTA 95443 in Lake County.,,,,
95426 Middletown,zcta,95426,Middletown,38.8334248,-122.7340614,259977,,2020-07-31,10,0,Zillow ZIP-level market for Middletown; mapped with Census 2020 ZCTA 95426 in Lake County.,,,,
95424 Clearlake,zcta,95424,Clearlake,0.0,0.0,293312,,2020-07-31,10,0,Zillow ZIP-level market for Clearlake; mapped with Census 2020 ZCTA 95424 in Lake County.,,,,
95422 Clearlake,zcta,95422,Clearlake,38.985515,-122.6425345,180822,,2020-08-31,10,0,Zillow ZIP-level market for Clearlake; mapped with Census 2020 ZCTA 95422 in Lake County.,,,,
95453 Lakeport,zcta,95453,Lakeport,39.0459308,-122.941077,334053,,2020-08-31,10,0,Zillow ZIP-level market for Lakeport; mapped with Census 2020 ZCTA 95453 in Lake County.,,,,
95451 Kelseyville,zcta,95451,Kelseyville,38.9221361,-122.7895645,312461,,2020-08-31,10,0,Zillow ZIP-level market for Kelseyville; mapped with Census 2020 ZCTA 95451 in Lake County.,,,,
95467 Hidden Valley Lake,zcta,95467,Hidden Valley Lake,38.8129545,-122.5480991,326959,,2020-08-31,10,0,Zillow ZIP-level market for Hidden Valley Lake; mapped with Census 2020 ZCTA 95467 in Lake County.,,,,
95457 Lower Lake,zcta,95457,Lower Lake,38.9240363,-122.5490825,347075,,2020-08-31,10,0,Zillow ZIP-level market for Lower Lake; mapped with Census 2020 ZCTA 95457 in Lake County.,,,,
95461 Middletown,zcta,95461,Middletown,38.7540062,-122.5521097,295730,,2020-08-31,10,0,Zillow ZIP-level market for Middletown; mapped with Census 2020 ZCTA 95461 in Lake County.,,,,
95423 Clearlake Oaks,zcta,95423,Clearlake Oaks,39.067376,-122.6297201,227809,,2020-08-31,10,0,Zillow ZIP-level market for Clearlake Oaks; mapped with Census 2020 ZCTA 95423 in Lake County.,,,,
95464 Upper Lake,zcta,95464,Upper Lake,39.1262459,-122.8470753,216688,,2020-08-31,10,0,Zillow ZIP-level market for Upper Lake; mapped with Census 2020 ZCTA 95464 in Lake County.,,,,
95469 Upper Lake,zcta,95469,Upper Lake,39.3989363,-123.0752527,505865,,2020-08-31,10,0,Zillow ZIP-level market for Upper Lake; mapped with Census 2020 ZCTA 95469 in Lake County.,,,,
95458 Lucerne,zcta,95458,Lucerne,39.1090084,-122.7776345,213417,,2020-08-31,10,0,Zillow ZIP-level market for Lucerne; mapped with Census 2020 ZCTA 95458 in Lake County.,,,,
95485 Nice,zcta,95485,Nice,39.2084696,-122.92572,316966,,2020-08-31,10,0,Zillow ZIP-level market for Nice; mapped with Census 2020 ZCTA 95485 in Lake County.,,,,
95443 Lucerne,zcta,95443,Lucerne,39.0501313,-122.7396314,240452,,2020-08-31,10,0,Zillow ZIP-level market for Lucerne; mapped with Census 2020 ZCTA 95443 in Lake County.,,,,
95426 Middletown,zcta,95426,Middletown,38.8334248,-122.7340614,260520,,2020-08-31,10,0,Zillow ZIP-level market for Middletown; mapped with Census 2020 ZCTA 95426 in Lake County.,,,,
95424 Clearlake,zcta,95424,Clearlake,0.0,0.0,293557,,2020-08-31,10,0,Zillow ZIP-level market for Clearlake; mapped with Census 2020 ZCTA 95424 in Lake County.,,,,
95422 Clearlake,zcta,95422,Clearlake,38.985515,-122.6425345,183307,,2020-09-30,10,0,Zillow ZIP-level market for Clearlake; mapped with Census 2020 ZCTA 95422 in Lake County.,,,,
95453 Lakeport,zcta,95453,Lakeport,39.0459308,-122.941077,337446,,2020-09-30,10,0,Zillow ZIP-level market for Lakeport; mapped with Census 2020 ZCTA 95453 in Lake County.,,,,
95451 Kelseyville,zcta,95451,Kelseyville,38.9221361,-122.7895645,314592,,2020-09-30,10,0,Zillow ZIP-level market for Kelseyville; mapped with Census 2020 ZCTA 95451 in Lake County.,,,,
95467 Hidden Valley Lake,zcta,95467,Hidden Valley Lake,38.8129545,-122.5480991,329737,,2020-09-30,10,0,Zillow ZIP-level market for Hidden Valley Lake; mapped with Census 2020 ZCTA 95467 in Lake County.,,,,
95457 Lower Lake,zcta,95457,Lower Lake,38.9240363,-122.5490825,352329,,2020-09-30,10,0,Zillow ZIP-level market for Lower Lake; mapped with Census 2020 ZCTA 95457 in Lake County.,,,,
95461 Middletown,zcta,95461,Middletown,38.7540062,-122.5521097,297932,,2020-09-30,10,0,Zillow ZIP-level market for Middletown; mapped with Census 2020 ZCTA 95461 in Lake County.,,,,
95423 Clearlake Oaks,zcta,95423,Clearlake Oaks,39.067376,-122.6297201,229619,,2020-09-30,10,0,Zillow ZIP-level market for Clearlake Oaks; mapped with Census 2020 ZCTA 95423 in Lake County.,,,,
95464 Upper Lake,zcta,95464,Upper Lake,39.1262459,-122.8470753,219402,,2020-09-30,10,0,Zillow ZIP-level market for Upper Lake; mapped with Census 2020 ZCTA 95464 in Lake County.,,,,
95469 Upper Lake,zcta,95469,Upper Lake,39.3989363,-123.0752527,523250,,2020-09-30,10,0,Zillow ZIP-level market for Upper Lake; mapped with Census 2020 ZCTA 95469 in Lake County.,,,,
95458 Lucerne,zcta,95458,Lucerne,39.1090084,-122.7776345,216498,,2020-09-30,10,0,Zillow ZIP-level market for Lucerne; mapped with Census 2020 ZCTA 95458 in Lake County.,,,,
95485 Nice,zcta,95485,Nice,39.2084696,-122.92572,320332,,2020-09-30,10,0,Zillow ZIP-level market for Nice; mapped with Census 2020 ZCTA 95485 in Lake County.,,,,
95443 Lucerne,zcta,95443,Lucerne,39.0501313,-122.7396314,242245,,2020-09-30,10,0,Zillow ZIP-level market for Lucerne; mapped with Census 2020 ZCTA 95443 in Lake County.,,,,
95426 Middletown,zcta,95426,Middletown,38.8334248,-122.7340614,262578,,2020-09-30,10,0,Zillow ZIP-level market for Middletown; mapped with Census 2020 ZCTA 95426 in Lake County.,,,,
95424 Clearlake,zcta,95424,Clearlake,0.0,0.0,290894,,2020-09-30,10,0,Zillow ZIP-level market for Clearlake; mapped with Census 2020 ZCTA 95424 in Lake County.,,,,
95422 Clearlake,zcta,95422,Clearlake,38.985515,-122.6425345,186648,,2020-10-31,10,0,Zillow ZIP-level market for Clearlake; mapped with Census 2020 ZCTA 95422 in Lake County.,,,,
95453 Lakeport,zcta,95453,Lakeport,39.0459308,-122.941077,342060,,2020-10-31,10,0,Zillow ZIP-level market for Lakeport; mapped with Census 2020 ZCTA 95453 in Lake County.,,,,
95451 Kelseyville,zcta,95451,Kelseyville,38.9221361,-122.7895645,317102,,2020-10-31,10,0,Zillow ZIP-level market for Kelseyville; mapped with Census 2020 ZCTA 95451 in Lake County.,,,,
95467 Hidden Valley Lake,zcta,95467,Hidden Valley Lake,38.8129545,-122.5480991,333238,,2020-10-31,10,0,Zillow ZIP-level market for Hidden Valley Lake; mapped with Census 2020 ZCTA 95467 in Lake County.,,,,
95457 Lower Lake,zcta,95457,Lower Lake,38.9240363,-122.5490825,359429,,2020-10-31,10,0,Zillow ZIP-level market for Lower Lake; mapped with Census 2020 ZCTA 95457 in Lake County.,,,,
95461 Middletown,zcta,95461,Middletown,38.7540062,-122.5521097,301209,,2020-10-31,10,0,Zillow ZIP-level market for Middletown; mapped with Census 2020 ZCTA 95461 in Lake County.,,,,
95423 Clearlake Oaks,zcta,95423,Clearlake Oaks,39.067376,-122.6297201,232236,,2020-10-31,10,0,Zillow ZIP-level market for Clearlake Oaks; mapped with Census 2020 ZCTA 95423 in Lake County.,,,,
95464 Upper Lake,zcta,95464,Upper Lake,39.1262459,-122.8470753,222717,,2020-10-31,10,0,Zillow ZIP-level market for Upper Lake; mapped with Census 2020 ZCTA 95464 in Lake County.,,,,
95469 Upper Lake,zcta,95469,Upper Lake,39.3989363,-123.0752527,539871,,2020-10-31,10,0,Zillow ZIP-level market for Upper Lake; mapped with Census 2020 ZCTA 95469 in Lake County.,,,,
95458 Lucerne,zcta,95458,Lucerne,39.1090084,-122.7776345,219872,,2020-10-31,10,0,Zillow ZIP-level market for Lucerne; mapped with Census 2020 ZCTA 95458 in Lake County.,,,,
95485 Nice,zcta,95485,Nice,39.2084696,-122.92572,324319,,2020-10-31,10,0,Zillow ZIP-level market for Nice; mapped with Census 2020 ZCTA 95485 in Lake County.,,,,
95443 Lucerne,zcta,95443,Lucerne,39.0501313,-122.7396314,244849,,2020-10-31,10,0,Zillow ZIP-level market for Lucerne; mapped with Census 2020 ZCTA 95443 in Lake County.,,,,
95426 Middletown,zcta,95426,Middletown,38.8334248,-122.7340614,265335,,2020-10-31,10,0,Zillow ZIP-level market for Middletown; mapped with Census 2020 ZCTA 95426 in Lake County.,,,,
95424 Clearlake,zcta,95424,Clearlake,0.0,0.0,288221,,2020-10-31,10,0,Zillow ZIP-level market for Clearlake; mapped with Census 2020 ZCTA 95424 in Lake County.,,,,
95422 Clearlake,zcta,95422,Clearlake,38.985515,-122.6425345,190717,,2020-11-30,10,0,Zillow ZIP-level market for Clearlake; mapped with Census 2020 ZCTA 95422 in Lake County.,,,,
95453 Lakeport,zcta,95453,Lakeport,39.0459308,-122.941077,347893,,2020-11-30,10,0,Zillow ZIP-level market for Lakeport; mapped with Census 2020 ZCTA 95453 in Lake County.,,,,
95451 Kelseyville,zcta,95451,Kelseyville,38.9221361,-122.7895645,321362,,2020-11-30,10,0,Zillow ZIP-level market for Kelseyville; mapped with Census 2020 ZCTA 95451 in Lake County.,,,,
95467 Hidden Valley Lake,zcta,95467,Hidden Valley Lake,38.8129545,-122.5480991,337653,,2020-11-30,10,0,Zillow ZIP-level market for Hidden Valley Lake; mapped with Census 2020 ZCTA 95467 in Lake County.,,,,
95457 Lower Lake,zcta,95457,Lower Lake,38.9240363,-122.5490825,368789,,2020-11-30,10,0,Zillow ZIP-level market for Lower Lake; mapped with Census 2020 ZCTA 95457 in Lake County.,,,,
95461 Middletown,zcta,95461,Middletown,38.7540062,-122.5521097,306610,,2020-11-30,10,0,Zillow ZIP-level market for Middletown; mapped with Census 2020 ZCTA 95461 in Lake County.,,,,
95423 Clearlake Oaks,zcta,95423,Clearlake Oaks,39.067376,-122.6297201,235962,,2020-11-30,10,0,Zillow ZIP-level market for Clearlake Oaks; mapped with Census 2020 ZCTA 95423 in Lake County.,,,,
95464 Upper Lake,zcta,95464,Upper Lake,39.1262459,-122.8470753,226316,,2020-11-30,10,0,Zillow ZIP-level market for Upper Lake; mapped with Census 2020 ZCTA 95464 in Lake County.,,,,
95469 Upper Lake,zcta,95469,Upper Lake,39.3989363,-123.0752527,553264,,2020-11-30,10,0,Zillow ZIP-level market for Upper Lake; mapped with Census 2020 ZCTA 95469 in Lake County.,,,,
95458 Lucerne,zcta,95458,Lucerne,39.1090084,-122.7776345,223290,,2020-11-30,10,0,Zillow ZIP-level market for Lucerne; mapped with Census 2020 ZCTA 95458 in Lake County.,,,,
95485 Nice,zcta,95485,Nice,39.2084696,-122.92572,328527,,2020-11-30,10,0,Zillow ZIP-level market for Nice; mapped with Census 2020 ZCTA 95485 in Lake County.,,,,
95443 Lucerne,zcta,95443,Lucerne,39.0501313,-122.7396314,247713,,2020-11-30,10,0,Zillow ZIP-level market for Lucerne; mapped with Census 2020 ZCTA 95443 in Lake County.,,,,
95426 Middletown,zcta,95426,Middletown,38.8334248,-122.7340614,269040,,2020-11-30,10,0,Zillow ZIP-level market for Middletown; mapped with Census 2020 ZCTA 95426 in Lake County.,,,,
95424 Clearlake,zcta,95424,Clearlake,0.0,0.0,289026,,2020-11-30,10,0,Zillow ZIP-level market for Clearlake; mapped with Census 2020 ZCTA 95424 in Lake County.,,,,
95422 Clearlake,zcta,95422,Clearlake,38.985515,-122.6425345,194349,,2020-12-31,10,0,Zillow ZIP-level market for Clearlake; mapped with Census 2020 ZCTA 95422 in Lake County.,,,,
95453 Lakeport,zcta,95453,Lakeport,39.0459308,-122.941077,353552,,2020-12-31,10,0,Zillow ZIP-level market for Lakeport; mapped with Census 2020 ZCTA 95453 in Lake County.,,,,
95451 Kelseyville,zcta,95451,Kelseyville,38.9221361,-122.7895645,326554,,2020-12-31,10,0,Zillow ZIP-level market for Kelseyville; mapped with Census 2020 ZCTA 95451 in Lake County.,,,,
95467 Hidden Valley Lake,zcta,95467,Hidden Valley Lake,38.8129545,-122.5480991,342360,,2020-12-31,10,0,Zillow ZIP-level market for Hidden Valley Lake; mapped with Census 2020 ZCTA 95467 in Lake County.,,,,
95457 Lower Lake,zcta,95457,Lower Lake,38.9240363,-122.5490825,377982,,2020-12-31,10,0,Zillow ZIP-level market for Lower Lake; mapped with Census 2020 ZCTA 95457 in Lake County.,,,,
95461 Middletown,zcta,95461,Middletown,38.7540062,-122.5521097,311955,,2020-12-31,10,0,Zillow ZIP-level market for Middletown; mapped with Census 2020 ZCTA 95461 in Lake County.,,,,
95423 Clearlake Oaks,zcta,95423,Clearlake Oaks,39.067376,-122.6297201,240332,,2020-12-31,10,0,Zillow ZIP-level market for Clearlake Oaks; mapped with Census 2020 ZCTA 95423 in Lake County.,,,,
95464 Upper Lake,zcta,95464,Upper Lake,39.1262459,-122.8470753,229924,,2020-12-31,10,0,Zillow ZIP-level market for Upper Lake; mapped with Census 2020 ZCTA 95464 in Lake County.,,,,
95469 Upper Lake,zcta,95469,Upper Lake,39.3989363,-123.0752527,557791,,2020-12-31,10,0,Zillow ZIP-level market for Upper Lake; mapped with Census 2020 ZCTA 95469 in Lake County.,,,,
95458 Lucerne,zcta,95458,Lucerne,39.1090084,-122.7776345,226545,,2020-12-31,10,0,Zillow ZIP-level market for Lucerne; mapped with Census 2020 ZCTA 95458 in Lake County.,,,,
95485 Nice,zcta,95485,Nice,39.2084696,-122.92572,332253,,2020-12-31,10,0,Zillow ZIP-level market for Nice; mapped with Census 2020 ZCTA 95485 in Lake County.,,,,
95443 Lucerne,zcta,95443,Lucerne,39.0501313,-122.7396314,251141,,2020-12-31,10,0,Zillow ZIP-level market for Lucerne; mapped with Census 2020 ZCTA 95443 in Lake County.,,,,
95426 Middletown,zcta,95426,Middletown,38.8334248,-122.7340614,272861,,2020-12-31,10,0,Zillow ZIP-level market for Middletown; mapped with Census 2020 ZCTA 95426 in Lake County.,,,,
95424 Clearlake,zcta,95424,Clearlake,0.0,0.0,292322,,2020-12-31,10,0,Zillow ZIP-level market for Clearlake; mapped with Census 2020 ZCTA 95424 in Lake County.,,,,
95422 Clearlake,zcta,95422,Clearlake,38.985515,-122.6425345,197607,,2021-01-31,10,0,Zillow ZIP-level market for Clearlake; mapped with Census 2020 ZCTA 95422 in Lake County.,,,,
95453 Lakeport,zcta,95453,Lakeport,39.0459308,-122.941077,358235,,2021-01-31,10,0,Zillow ZIP-level market for Lakeport; mapped with Census 2020 ZCTA 95453 in Lake County.,,,,
95451 Kelseyville,zcta,95451,Kelseyville,38.9221361,-122.7895645,332124,,2021-01-31,10,0,Zillow ZIP-level market for Kelseyville; mapped with Census 2020 ZCTA 95451 in Lake County.,,,,
95467 Hidden Valley Lake,zcta,95467,Hidden Valley Lake,38.8129545,-122.5480991,346654,,2021-01-31,10,0,Zillow ZIP-level market for Hidden Valley Lake; mapped with Census 2020 ZCTA 95467 in Lake County.,,,,
95457 Lower Lake,zcta,95457,Lower Lake,38.9240363,-122.5490825,386876,,2021-01-31,10,0,Zillow ZIP-level market for Lower Lake; mapped with Census 2020 ZCTA 95457 in Lake County.,,,,
95461 Middletown,zcta,95461,Middletown,38.7540062,-122.5521097,317237,,2021-01-31,10,0,Zillow ZIP-level market for Middletown; mapped with Census 2020 ZCTA 95461 in Lake County.,,,,
95423 Clearlake Oaks,zcta,95423,Clearlake Oaks,39.067376,-122.6297201,244264,,2021-01-31,10,0,Zillow ZIP-level market for Clearlake Oaks; mapped with Census 2020 ZCTA 95423 in Lake County.,,,,
95464 Upper Lake,zcta,95464,Upper Lake,39.1262459,-122.8470753,233203,,2021-01-31,10,0,Zillow ZIP-level market for Upper Lake; mapped with Census 2020 ZCTA 95464 in Lake County.,,,,
95469 Upper Lake,zcta,95469,Upper Lake,39.3989363,-123.0752527,558402,,2021-01-31,10,0,Zillow ZIP-level market for Upper Lake; mapped with Census 2020 ZCTA 95469 in Lake County.,,,,
95458 Lucerne,zcta,95458,Lucerne,39.1090084,-122.7776345,229301,,2021-01-31,10,0,Zillow ZIP-level market for Lucerne; mapped with Census 2020 ZCTA 95458 in Lake County.,,,,
95485 Nice,zcta,95485,Nice,39.2084696,-122.92572,335596,,2021-01-31,10,0,Zillow ZIP-level market for Nice; mapped with Census 2020 ZCTA 95485 in Lake County.,,,,
95443 Lucerne,zcta,95443,Lucerne,39.0501313,-122.7396314,253775,,2021-01-31,10,0,Zillow ZIP-level market for Lucerne; mapped with Census 2020 ZCTA 95443 in Lake County.,,,,
95426 Middletown,zcta,95426,Middletown,38.8334248,-122.7340614,276003,,2021-01-31,10,0,Zillow ZIP-level market for Middletown; mapped with Census 2020 ZCTA 95426 in Lake County.,,,,
95424 Clearlake,zcta,95424,Clearlake,0.0,0.0,295673,,2021-01-31,10,0,Zillow ZIP-level market for Clearlake; mapped with Census 2020 ZCTA 95424 in Lake County.,,,,
95422 Clearlake,zcta,95422,Clearlake,38.985515,-122.6425345,200555,,2021-02-28,10,0,Zillow ZIP-level market for Clearlake; mapped with Census 2020 ZCTA 95422 in Lake County.,,,,
95453 Lakeport,zcta,95453,Lakeport,39.0459308,-122.941077,362786,,2021-02-28,10,0,Zillow ZIP-level market for Lakeport; mapped with Census 2020 ZCTA 95453 in Lake County.,,,,
95451 Kelseyville,zcta,95451,Kelseyville,38.9221361,-122.7895645,337374,,2021-02-28,10,0,Zillow ZIP-level market for Kelseyville; mapped with Census 2020 ZCTA 95451 in Lake County.,,,,
95467 Hidden Valley Lake,zcta,95467,Hidden Valley Lake,38.8129545,-122.5480991,350843,,2021-02-28,10,0,Zillow ZIP-level market for Hidden Valley Lake; mapped with Census 2020 ZCTA 95467 in Lake County.,,,,
95457 Lower Lake,zcta,95457,Lower Lake,38.9240363,-122.5490825,393934,,2021-02-28,10,0,Zillow ZIP-level market for Lower Lake; mapped with Census 2020 ZCTA 95457 in Lake County.,,,,
95461 Middletown,zcta,95461,Middletown,38.7540062,-122.5521097,321648,,2021-02-28,10,0,Zillow ZIP-level market for Middletown; mapped with Census 2020 ZCTA 95461 in Lake County.,,,,
95423 Clearlake Oaks,zcta,95423,Clearlake Oaks,39.067376,-122.6297201,247644,,2021-02-28,10,0,Zillow ZIP-level market for Clearlake Oaks; mapped with Census 2020 ZCTA 95423 in Lake County.,,,,
95464 Upper Lake,zcta,95464,Upper Lake,39.1262459,-122.8470753,236473,,2021-02-28,10,0,Zillow ZIP-level market for Upper Lake; mapped with Census 2020 ZCTA 95464 in Lake County.,,,,
95469 Upper Lake,zcta,95469,Upper Lake,39.3989363,-123.0752527,557095,,2021-02-28,10,0,Zillow ZIP-level market for Upper Lake; mapped with Census 2020 ZCTA 95469 in Lake County.,,,,
95458 Lucerne,zcta,95458,Lucerne,39.1090084,-122.7776345,232821,,2021-02-28,10,0,Zillow ZIP-level market for Lucerne; mapped with Census 2020 ZCTA 95458 in Lake County.,,,,
95485 Nice,zcta,95485,Nice,39.2084696,-122.92572,340472,,2021-02-28,10,0,Zillow ZIP-level market for Nice; mapped with Census 2020 ZCTA 95485 in Lake County.,,,,
95443 Lucerne,zcta,95443,Lucerne,39.0501313,-122.7396314,257131,,2021-02-28,10,0,Zillow ZIP-level market for Lucerne; mapped with Census 2020 ZCTA 95443 in Lake County.,,,,
95426 Middletown,zcta,95426,Middletown,38.8334248,-122.7340614,278433,,2021-02-28,10,0,Zillow ZIP-level market for Middletown; mapped with Census 2020 ZCTA 95426 in Lake County.,,,,
95424 Clearlake,zcta,95424,Clearlake,0.0,0.0,298888,,2021-02-28,10,0,Zillow ZIP-level market for Clearlake; mapped with Census 2020 ZCTA 95424 in Lake County.,,,,
95422 Clearlake,zcta,95422,Clearlake,38.985515,-122.6425345,204198,,2021-03-31,10,0,Zillow ZIP-level market for Clearlake; mapped with Census 2020 ZCTA 95422 in Lake County.,,,,
95453 Lakeport,zcta,95453,Lakeport,39.0459308,-122.941077,367522,,2021-03-31,10,0,Zillow ZIP-level market for Lakeport; mapped with Census 2020 ZCTA 95453 in Lake County.,,,,
95451 Kelseyville,zcta,95451,Kelseyville,38.9221361,-122.7895645,342956,,2021-03-31,10,0,Zillow ZIP-level market for Kelseyville; mapped with Census 2020 ZCTA 95451 in Lake County.,,,,
95467 Hidden Valley Lake,zcta,95467,Hidden Valley Lake,38.8129545,-122.5480991,355496,,2021-03-31,10,0,Zillow ZIP-level market for Hidden Valley Lake; mapped with Census 2020 ZCTA 95467 in Lake County.,,,,
95457 Lower Lake,zcta,95457,Lower Lake,38.9240363,-122.5490825,400832,,2021-03-31,10,0,Zillow ZIP-level market for Lower Lake; mapped with Census 2020 ZCTA 95457 in Lake County.,,,,
95461 Middletown,zcta,95461,Middletown,38.7540062,-122.5521097,325822,,2021-03-31,10,0,Zillow ZIP-level market for Middletown; mapped with Census 2020 ZCTA 95461 in Lake County.,,,,
95423 Clearlake Oaks,zcta,95423,Clearlake Oaks,39.067376,-122.6297201,251447,,2021-03-31,10,0,Zillow ZIP-level market for Clearlake Oaks; mapped with Census 2020 ZCTA 95423 in Lake County.,,,,
95464 Upper Lake,zcta,95464,Upper Lake,39.1262459,-122.8470753,240190,,2021-03-31,10,0,Zillow ZIP-level market for Upper Lake; mapped with Census 2020 ZCTA 95464 in Lake County.,,,,
95469 Upper Lake,zcta,95469,Upper Lake,39.3989363,-123.0752527,555933,,2021-03-31,10,0,Zillow ZIP-level market for Upper Lake; mapped with Census 2020 ZCTA 95469 in Lake County.,,,,
95458 Lucerne,zcta,95458,Lucerne,39.1090084,-122.7776345,237762,,2021-03-31,10,0,Zillow ZIP-level market for Lucerne; mapped with Census 2020 ZCTA 95458 in Lake County.,,,,
95485 Nice,zcta,95485,Nice,39.2084696,-122.92572,346373,,2021-03-31,10,0,Zillow ZIP-level market for Nice; mapped with Census 2020 ZCTA 95485 in Lake County.,,,,
95443 Lucerne,zcta,95443,Lucerne,39.0501313,-122.7396314,261679,,2021-03-31,10,0,Zillow ZIP-level market for Lucerne; mapped with Census 2020 ZCTA 95443 in Lake County.,,,,
95426 Middletown,zcta,95426,Middletown,38.8334248,-122.7340614,281144,,2021-03-31,10,0,Zillow ZIP-level market for Middletown; mapped with Census 2020 ZCTA 95426 in Lake County.,,,,
95424 Clearlake,zcta,95424,Clearlake,0.0,0.0,302025,,2021-03-31,10,0,Zillow ZIP-level market for Clearlake; mapped with Census 2020 ZCTA 95424 in Lake County.,,,,
95422 Clearlake,zcta,95422,Clearlake,38.985515,-122.6425345,208502,,2021-04-30,10,0,Zillow ZIP-level market for Clearlake; mapped with Census 2020 ZCTA 95422 in Lake County.,,,,
95453 Lakeport,zcta,95453,Lakeport,39.0459308,-122.941077,372948,,2021-04-30,10,0,Zillow ZIP-level market for Lakeport; mapped with Census 2020 ZCTA 95453 in Lake County.,,,,
95451 Kelseyville,zcta,95451,Kelseyville,38.9221361,-122.7895645,348227,,2021-04-30,10,0,Zillow ZIP-level market for Kelseyville; mapped with Census 2020 ZCTA 95451 in Lake County.,,,,
95467 Hidden Valley Lake,zcta,95467,Hidden Valley Lake,38.8129545,-122.5480991,360658,,2021-04-30,10,0,Zillow ZIP-level market for Hidden Valley Lake; mapped with Census 2020 ZCTA 95467 in Lake County.,,,,
95457 Lower Lake,zcta,95457,Lower Lake,38.9240363,-122.5490825,408130,,2021-04-30,10,0,Zillow ZIP-level market for Lower Lake; mapped with Census 2020 ZCTA 95457 in Lake County.,,,,
95461 Middletown,zcta,95461,Middletown,38.7540062,-122.5521097,331299,,2021-04-30,10,0,Zillow ZIP-level market for Middletown; mapped with Census 2020 ZCTA 95461 in Lake County.,,,,
95423 Clearlake Oaks,zcta,95423,Clearlake Oaks,39.067376,-122.6297201,255787,,2021-04-30,10,0,Zillow ZIP-level market for Clearlake Oaks; mapped with Census 2020 ZCTA 95423 in Lake County.,,,,
95464 Upper Lake,zcta,95464,Upper Lake,39.1262459,-122.8470753,244503,,2021-04-30,10,0,Zillow ZIP-level market for Upper Lake; mapped with Census 2020 ZCTA 95464 in Lake County.,,,,
95469 Upper Lake,zcta,95469,Upper Lake,39.3989363,-123.0752527,557992,,2021-04-30,10,0,Zillow ZIP-level market for Upper Lake; mapped with Census 2020 ZCTA 95469 in Lake County.,,,,
95458 Lucerne,zcta,95458,Lucerne,39.1090084,-122.7776345,243688,,2021-04-30,10,0,Zillow ZIP-level market for Lucerne; mapped with Census 2020 ZCTA 95458 in Lake County.,,,,
95485 Nice,zcta,95485,Nice,39.2084696,-122.92572,353620,,2021-04-30,10,0,Zillow ZIP-level market for Nice; mapped with Census 2020 ZCTA 95485 in Lake County.,,,,
95443 Lucerne,zcta,95443,Lucerne,39.0501313,-122.7396314,267134,,2021-04-30,10,0,Zillow ZIP-level market for Lucerne; mapped with Census 2020 ZCTA 95443 in Lake County.,,,,
95426 Middletown,zcta,95426,Middletown,38.8334248,-122.7340614,285451,,2021-04-30,10,0,Zillow ZIP-level market for Middletown; mapped with Census 2020 ZCTA 95426 in Lake County.,,,,
95424 Clearlake,zcta,95424,Clearlake,0.0,0.0,306379,,2021-04-30,10,0,Zillow ZIP-level market for Clearlake; mapped with Census 2020 ZCTA 95424 in Lake County.,,,,
95422 Clearlake,zcta,95422,Clearlake,38.985515,-122.6425345,213713,,2021-05-31,10,0,Zillow ZIP-level market for Clearlake; mapped with Census 2020 ZCTA 95422 in Lake County.,,,,
95453 Lakeport,zcta,95453,Lakeport,39.0459308,-122.941077,378540,,2021-05-31,10,0,Zillow ZIP-level market for Lakeport; mapped with Census 2020 ZCTA 95453 in Lake County.,,,,
95451 Kelseyville,zcta,95451,Kelseyville,38.9221361,-122.7895645,354402,,2021-05-31,10,0,Zillow ZIP-level market for Kelseyville; mapped with Census 2020 ZCTA 95451 in Lake County.,,,,
95467 Hidden Valley Lake,zcta,95467,Hidden Valley Lake,38.8129545,-122.5480991,366391,,2021-05-31,10,0,Zillow ZIP-level market for Hidden Valley Lake; mapped with Census 2020 ZCTA 95467 in Lake County.,,,,
95457 Lower Lake,zcta,95457,Lower Lake,38.9240363,-122.5490825,417750,,2021-05-31,10,0,Zillow ZIP-level market for Lower Lake; mapped with Census 2020 ZCTA 95457 in Lake County.,,,,
95461 Middletown,zcta,95461,Middletown,38.7540062,-122.5521097,338439,,2021-05-31,10,0,Zillow ZIP-level market for Middletown; mapped with Census 2020 ZCTA 95461 in Lake County.,,,,
95423 Clearlake Oaks,zcta,95423,Clearlake Oaks,39.067376,-122.6297201,260715,,2021-05-31,10,0,Zillow ZIP-level market for Clearlake Oaks; mapped with Census 2020 ZCTA 95423 in Lake County.,,,,
95464 Upper Lake,zcta,95464,Upper Lake,39.1262459,-122.8470753,249489,,2021-05-31,10,0,Zillow ZIP-level market for Upper Lake; mapped with Census 2020 ZCTA 95464 in Lake County.,,,,
95469 Upper Lake,zcta,95469,Upper Lake,39.3989363,-123.0752527,565061,,2021-05-31,10,0,Zillow ZIP-level market for Upper Lake; mapped with Census 2020 ZCTA 95469 in Lake County.,,,,
95458 Lucerne,zcta,95458,Lucerne,39.1090084,-122.7776345,249156,,2021-05-31,10,0,Zillow ZIP-level market for Lucerne; mapped with Census 2020 ZCTA 95458 in Lake County.,,,,
95485 Nice,zcta,95485,Nice,39.2084696,-122.92572,362203,,2021-05-31,10,0,Zillow ZIP-level market for Nice; mapped with Census 2020 ZCTA 95485 in Lake County.,,,,
95443 Lucerne,zcta,95443,Lucerne,39.0501313,-122.7396314,272816,,2021-05-31,10,0,Zillow ZIP-level market for Lucerne; mapped with Census 2020 ZCTA 95443 in Lake County.,,,,
95426 Middletown,zcta,95426,Middletown,38.8334248,-122.7340614,290410,,2021-05-31,10,0,Zillow ZIP-level market for Middletown; mapped with Census 2020 ZCTA 95426 in Lake County.,,,,
95424 Clearlake,zcta,95424,Clearlake,0.0,0.0,311465,,2021-05-31,10,0,Zillow ZIP-level market for Clearlake; mapped with Census 2020 ZCTA 95424 in Lake County.,,,,
95422 Clearlake,zcta,95422,Clearlake,38.985515,-122.6425345,218696,,2021-06-30,10,0,Zillow ZIP-level market for Clearlake; mapped with Census 2020 ZCTA 95422 in Lake County.,,,,
95453 Lakeport,zcta,95453,Lakeport,39.0459308,-122.941077,383580,,2021-06-30,10,0,Zillow ZIP-level market for Lakeport; mapped with Census 2020 ZCTA 95453 in Lake County.,,,,
95451 Kelseyville,zcta,95451,Kelseyville,38.9221361,-122.7895645,360451,,2021-06-30,10,0,Zillow ZIP-level market for Kelseyville; mapped with Census 2020 ZCTA 95451 in Lake County.,,,,
95467 Hidden Valley Lake,zcta,95467,Hidden Valley Lake,38.8129545,-122.5480991,371537,,2021-06-30,10,0,Zillow ZIP-level market for Hidden Valley Lake; mapped with Census 2020 ZCTA 95467 in Lake County.,,,,
95457 Lower Lake,zcta,95457,Lower Lake,38.9240363,-122.5490825,427653,,2021-06-30,10,0,Zillow ZIP-level market for Lower Lake; mapped with Census 2020 ZCTA 95457 in Lake County.,,,,
95461 Middletown,zcta,95461,Middletown,38.7540062,-122.5521097,345709,,2021-06-30,10,0,Zillow ZIP-level market for Middletown; mapped with Census 2020 ZCTA 95461 in Lake County.,,,,
95423 Clearlake Oaks,zcta,95423,Clearlake Oaks,39.067376,-122.6297201,265721,,2021-06-30,10,0,Zillow ZIP-level market for Clearlake Oaks; mapped with Census 2020 ZCTA 95423 in Lake County.,,,,
95464 Upper Lake,zcta,95464,Upper Lake,39.1262459,-122.8470753,254241,,2021-06-30,10,0,Zillow ZIP-level market for Upper Lake; mapped with Census 2020 ZCTA 95464 in Lake County.,,,,
95469 Upper Lake,zcta,95469,Upper Lake,39.3989363,-123.0752527,575769,,2021-06-30,10,0,Zillow ZIP-level market for Upper Lake; mapped with Census 2020 ZCTA 95469 in Lake County.,,,,
95458 Lucerne,zcta,95458,Lucerne,39.1090084,-122.7776345,253836,,2021-06-30,10,0,Zillow ZIP-level market for Lucerne; mapped with Census 2020 ZCTA 95458 in Lake County.,,,,
95485 Nice,zcta,95485,Nice,39.2084696,-122.92572,370387,,2021-06-30,10,0,Zillow ZIP-level market for Nice; mapped with Census 2020 ZCTA 95485 in Lake County.,,,,
95443 Lucerne,zcta,95443,Lucerne,39.0501313,-122.7396314,277617,,2021-06-30,10,0,Zillow ZIP-level market for Lucerne; mapped with Census 2020 ZCTA 95443 in Lake County.,,,,
95426 Middletown,zcta,95426,Middletown,38.8334248,-122.7340614,294826,,2021-06-30,10,0,Zillow ZIP-level market for Middletown; mapped with Census 2020 ZCTA 95426 in Lake County.,,,,
95424 Clearlake,zcta,95424,Clearlake,0.0,0.0,316398,,2021-06-30,10,0,Zillow ZIP-level market for Clearlake; mapped with Census 2020 ZCTA 95424 in Lake County.,,,,
95422 Clearlake,zcta,95422,Clearlake,38.985515,-122.6425345,223049,,2021-07-31,10,0,Zillow ZIP-level market for Clearlake; mapped with Census 2020 ZCTA 95422 in Lake County.,,,,
95453 Lakeport,zcta,95453,Lakeport,39.0459308,-122.941077,389109,,2021-07-31,10,0,Zillow ZIP-level market for Lakeport; mapped with Census 2020 ZCTA 95453 in Lake County.,,,,
95451 Kelseyville,zcta,95451,Kelseyville,38.9221361,-122.7895645,367148,,2021-07-31,10,0,Zillow ZIP-level market for Kelseyville; mapped with Census 2020 ZCTA 95451 in Lake County.,,,,
95467 Hidden Valley Lake,zcta,95467,Hidden Valley Lake,38.8129545,-122.5480991,377164,,2021-07-31,10,0,Zillow ZIP-level market for Hidden Valley Lake; mapped with Census 2020 ZCTA 95467 in Lake County.,,,,
95457 Lower Lake,zcta,95457,Lower Lake,38.9240363,-122.5490825,437935,,2021-07-31,10,0,Zillow ZIP-level market for Lower Lake; mapped with Census 2020 ZCTA 95457 in Lake County.,,,,
95461 Middletown,zcta,95461,Middletown,38.7540062,-122.5521097,351518,,2021-07-31,10,0,Zillow ZIP-level market for Middletown; mapped with Census 2020 ZCTA 95461 in Lake County.,,,,
95423 Clearlake Oaks,zcta,95423,Clearlake Oaks,39.067376,-122.6297201,270970,,2021-07-31,10,0,Zillow ZIP-level market for Clearlake Oaks; mapped with Census 2020 ZCTA 95423 in Lake County.,,,,
95464 Upper Lake,zcta,95464,Upper Lake,39.1262459,-122.8470753,258557,,2021-07-31,10,0,Zillow ZIP-level market for Upper Lake; mapped with Census 2020 ZCTA 95464 in Lake County.,,,,
95469 Upper Lake,zcta,95469,Upper Lake,39.3989363,-123.0752527,584993,,2021-07-31,10,0,Zillow ZIP-level market for Upper Lake; mapped with Census 2020 ZCTA 95469 in Lake County.,,,,
95458 Lucerne,zcta,95458,Lucerne,39.1090084,-122.7776345,257687,,2021-07-31,10,0,Zillow ZIP-level market for Lucerne; mapped with Census 2020 ZCTA 95458 in Lake County.,,,,
95485 Nice,zcta,95485,Nice,39.2084696,-122.92572,378429,,2021-07-31,10,0,Zillow ZIP-level market for Nice; mapped with Census 2020 ZCTA 95485 in Lake County.,,,,
95443 Lucerne,zcta,95443,Lucerne,39.0501313,-122.7396314,282859,,2021-07-31,10,0,Zillow ZIP-level market for Lucerne; mapped with Census 2020 ZCTA 95443 in Lake County.,,,,
95426 Middletown,zcta,95426,Middletown,38.8334248,-122.7340614,298164,,2021-07-31,10,0,Zillow ZIP-level market for Middletown; mapped with Census 2020 ZCTA 95426 in Lake County.,,,,
95424 Clearlake,zcta,95424,Clearlake,0.0,0.0,320408,,2021-07-31,10,0,Zillow ZIP-level market for Clearlake; mapped with Census 2020 ZCTA 95424 in Lake County.,,,,
95422 Clearlake,zcta,95422,Clearlake,38.985515,-122.6425345,225550,,2021-08-31,10,0,Zillow ZIP-level market for Clearlake; mapped with Census 2020 ZCTA 95422 in Lake County.,,,,
95453 Lakeport,zcta,95453,Lakeport,39.0459308,-122.941077,393119,,2021-08-31,10,0,Zillow ZIP-level market for Lakeport; mapped with Census 2020 ZCTA 95453 in Lake County.,,,,
95451 Kelseyville,zcta,95451,Kelseyville,38.9221361,-122.7895645,371752,,2021-08-31,10,0,Zillow ZIP-level market for Kelseyville; mapped with Census 2020 ZCTA 95451 in Lake County.,,,,
95467 Hidden Valley Lake,zcta,95467,Hidden Valley Lake,38.8129545,-122.5480991,381815,,2021-08-31,10,0,Zillow ZIP-level market for Hidden Valley Lake; mapped with Census 2020 ZCTA 95467 in Lake County.,,,,
95457 Lower Lake,zcta,95457,Lower Lake,38.9240363,-122.5490825,445310,,2021-08-31,10,0,Zillow ZIP-level market for Lower Lake; mapped with Census 2020 ZCTA 95457 in Lake County.,,,,
95461 Middletown,zcta,95461,Middletown,38.7540062,-122.5521097,353963,,2021-08-31,10,0,Zillow ZIP-level market for Middletown; mapped with Census 2020 ZCTA 95461 in Lake County.,,,,
95423 Clearlake Oaks,zcta,95423,Clearlake Oaks,39.067376,-122.6297201,275567,,2021-08-31,10,0,Zillow ZIP-level market for Clearlake Oaks; mapped with Census 2020 ZCTA 95423 in Lake County.,,,,
95464 Upper Lake,zcta,95464,Upper Lake,39.1262459,-122.8470753,261598,,2021-08-31,10,0,Zillow ZIP-level market for Upper Lake; mapped with Census 2020 ZCTA 95464 in Lake County.,,,,
95469 Upper Lake,zcta,95469,Upper Lake,39.3989363,-123.0752527,591219,,2021-08-31,10,0,Zillow ZIP-level market for Upper Lake; mapped with Census 2020 ZCTA 95469 in Lake County.,,,,
95458 Lucerne,zcta,95458,Lucerne,39.1090084,-122.7776345,260419,,2021-08-31,10,0,Zillow ZIP-level market for Lucerne; mapped with Census 2020 ZCTA 95458 in Lake County.,,,,
95485 Nice,zcta,95485,Nice,39.2084696,-122.92572,382936,,2021-08-31,10,0,Zillow ZIP-level market for Nice; mapped with Census 2020 ZCTA 95485 in Lake County.,,,,
95443 Lucerne,zcta,95443,Lucerne,39.0501313,-122.7396314,287232,,2021-08-31,10,0,Zillow ZIP-level market for Lucerne; mapped with Census 2020 ZCTA 95443 in Lake County.,,,,
95426 Middletown,zcta,95426,Middletown,38.8334248,-122.7340614,299088,,2021-08-31,10,0,Zillow ZIP-level market for Middletown; mapped with Census 2020 ZCTA 95426 in Lake County.,,,,
95424 Clearlake,zcta,95424,Clearlake,0.0,0.0,323317,,2021-08-31,10,0,Zillow ZIP-level market for Clearlake; mapped with Census 2020 ZCTA 95424 in Lake County.,,,,
95422 Clearlake,zcta,95422,Clearlake,38.985515,-122.6425345,227451,,2021-09-30,10,0,Zillow ZIP-level market for Clearlake; mapped with Census 2020 ZCTA 95422 in Lake County.,,,,
95453 Lakeport,zcta,95453,Lakeport,39.0459308,-122.941077,396883,,2021-09-30,10,0,Zillow ZIP-level market for Lakeport; mapped with Census 2020 ZCTA 95453 in Lake County.,,,,
95451 Kelseyville,zcta,95451,Kelseyville,38.9221361,-122.7895645,375129,,2021-09-30,10,0,Zillow ZIP-level market for Kelseyville; mapped with Census 2020 ZCTA 95451 in Lake County.,,,,
95467 Hidden Valley Lake,zcta,95467,Hidden Valley Lake,38.8129545,-122.5480991,386277,,2021-09-30,10,0,Zillow ZIP-level market for Hidden Valley Lake; mapped with Census 2020 ZCTA 95467 in Lake County.,,,,
95457 Lower Lake,zcta,95457,Lower Lake,38.9240363,-122.5490825,450456,,2021-09-30,10,0,Zillow ZIP-level market for Lower Lake; mapped with Census 2020 ZCTA 95457 in Lake County.,,,,
95461 Middletown,zcta,95461,Middletown,38.7540062,-122.5521097,354611,,2021-09-30,10,0,Zillow ZIP-level market for Middletown; mapped with Census 2020 ZCTA 95461 in Lake County.,,,,
95423 Clearlake Oaks,zcta,95423,Clearlake Oaks,39.067376,-122.6297201,278895,,2021-09-30,10,0,Zillow ZIP-level market for Clearlake Oaks; mapped with Census 2020 ZCTA 95423 in Lake County.,,,,
95464 Upper Lake,zcta,95464,Upper Lake,39.1262459,-122.8470753,263728,,2021-09-30,10,0,Zillow ZIP-level market for Upper Lake; mapped with Census 2020 ZCTA 95464 in Lake County.,,,,
95469 Upper Lake,zcta,95469,Upper Lake,39.3989363,-123.0752527,592845,,2021-09-30,10,0,Zillow ZIP-level market for Upper Lake; mapped with Census 2020 ZCTA 95469 in Lake County.,,,,
95458 Lucerne,zcta,95458,Lucerne,39.1090084,-122.7776345,262205,,2021-09-30,10,0,Zillow ZIP-level market for Lucerne; mapped with Census 2020 ZCTA 95458 in Lake County.,,,,
95485 Nice,zcta,95485,Nice,39.2084696,-122.92572,385432,,2021-09-30,10,0,Zillow ZIP-level market for Nice; mapped with Census 2020 ZCTA 95485 in Lake County.,,,,
95443 Lucerne,zcta,95443,Lucerne,39.0501313,-122.7396314,290858,,2021-09-30,10,0,Zillow ZIP-level market for Lucerne; mapped with Census 2020 ZCTA 95443 in Lake County.,,,,
95426 Middletown,zcta,95426,Middletown,38.8334248,-122.7340614,300065,,2021-09-30,10,0,Zillow ZIP-level market for Middletown; mapped with Census 2020 ZCTA 95426 in Lake County.,,,,
95424 Clearlake,zcta,95424,Clearlake,0.0,0.0,326530,,2021-09-30,10,0,Zillow ZIP-level market for Clearlake; mapped with Census 2020 ZCTA 95424 in Lake County.,,,,
95422 Clearlake,zcta,95422,Clearlake,38.985515,-122.6425345,228388,,2021-10-31,10,0,Zillow ZIP-level market for Clearlake; mapped with Census 2020 ZCTA 95422 in Lake County.,,,,
95453 Lakeport,zcta,95453,Lakeport,39.0459308,-122.941077,398252,,2021-10-31,10,0,Zillow ZIP-level market for Lakeport; mapped with Census 2020 ZCTA 95453 in Lake County.,,,,
95451 Kelseyville,zcta,95451,Kelseyville,38.9221361,-122.7895645,376575,,2021-10-31,10,0,Zillow ZIP-level market for Kelseyville; mapped with Census 2020 ZCTA 95451 in Lake County.,,,,
95467 Hidden Valley Lake,zcta,95467,Hidden Valley Lake,38.8129545,-122.5480991,389324,,2021-10-31,10,0,Zillow ZIP-level market for Hidden Valley Lake; mapped with Census 2020 ZCTA 95467 in Lake County.,,,,
95457 Lower Lake,zcta,95457,Lower Lake,38.9240363,-122.5490825,452158,,2021-10-31,10,0,Zillow ZIP-level market for Lower Lake; mapped with Census 2020 ZCTA 95457 in Lake County.,,,,
95461 Middletown,zcta,95461,Middletown,38.7540062,-122.5521097,352640,,2021-10-31,10,0,Zillow ZIP-level market for Middletown; mapped with Census 2020 ZCTA 95461 in Lake County.,,,,
95423 Clearlake Oaks,zcta,95423,Clearlake Oaks,39.067376,-122.6297201,280465,,2021-10-31,10,0,Zillow ZIP-level market for Clearlake Oaks; mapped with Census 2020 ZCTA 95423 in Lake County.,,,,
95464 Upper Lake,zcta,95464,Upper Lake,39.1262459,-122.8470753,264320,,2021-10-31,10,0,Zillow ZIP-level market for Upper Lake; mapped with Census 2020 ZCTA 95464 in Lake County.,,,,
95469 Upper Lake,zcta,95469,Upper Lake,39.3989363,-123.0752527,592167,,2021-10-31,10,0,Zillow ZIP-level market for Upper Lake; mapped with Census 2020 ZCTA 95469 in Lake County.,,,,
95458 Lucerne,zcta,95458,Lucerne,39.1090084,-122.7776345,262243,,2021-10-31,10,0,Zillow ZIP-level market for Lucerne; mapped with Census 2020 ZCTA 95458 in Lake County.,,,,
95485 Nice,zcta,95485,Nice,39.2084696,-122.92572,384758,,2021-10-31,10,0,Zillow ZIP-level market for Nice; mapped with Census 2020 ZCTA 95485 in Lake County.,,,,
95443 Lucerne,zcta,95443,Lucerne,39.0501313,-122.7396314,291367,,2021-10-31,10,0,Zillow ZIP-level market for Lucerne; mapped with Census 2020 ZCTA 95443 in Lake County.,,,,
95426 Middletown,zcta,95426,Middletown,38.8334248,-122.7340614,299443,,2021-10-31,10,0,Zillow ZIP-level market for Middletown; mapped with Census 2020 ZCTA 95426 in Lake County.,,,,
95424 Clearlake,zcta,95424,Clearlake,0.0,0.0,327799,,2021-10-31,10,0,Zillow ZIP-level market for Clearlake; mapped with Census 2020 ZCTA 95424 in Lake County.,,,,
95422 Clearlake,zcta,95422,Clearlake,38.985515,-122.6425345,229795,,2021-11-30,10,0,Zillow ZIP-level market for Clearlake; mapped with Census 2020 ZCTA 95422 in Lake County.,,,,
95453 Lakeport,zcta,95453,Lakeport,39.0459308,-122.941077,399331,,2021-11-30,10,0,Zillow ZIP-level market for Lakeport; mapped with Census 2020 ZCTA 95453 in Lake County.,,,,
95451 Kelseyville,zcta,95451,Kelseyville,38.9221361,-122.7895645,378234,,2021-11-30,10,0,Zillow ZIP-level market for Kelseyville; mapped with Census 2020 ZCTA 95451 in Lake County.,,,,
95467 Hidden Valley Lake,zcta,95467,Hidden Valley Lake,38.8129545,-122.5480991,391577,,2021-11-30,10,0,Zillow ZIP-level market for Hidden Valley Lake; mapped with Census 2020 ZCTA 95467 in Lake County.,,,,
95457 Lower Lake,zcta,95457,Lower Lake,38.9240363,-122.5490825,453423,,2021-11-30,10,0,Zillow ZIP-level market for Lower Lake; mapped with Census 2020 ZCTA 95457 in Lake County.,,,,
95461 Middletown,zcta,95461,Middletown,38.7540062,-122.5521097,350077,,2021-11-30,10,0,Zillow ZIP-level market for Middletown; mapped with Census 2020 ZCTA 95461 in Lake County.,,,,
95423 Clearlake Oaks,zcta,95423,Clearlake Oaks,39.067376,-122.6297201,281719,,2021-11-30,10,0,Zillow ZIP-level market for Clearlake Oaks; mapped with Census 2020 ZCTA 95423 in Lake County.,,,,
95464 Upper Lake,zcta,95464,Upper Lake,39.1262459,-122.8470753,264454,,2021-11-30,10,0,Zillow ZIP-level market for Upper Lake; mapped with Census 2020 ZCTA 95464 in Lake County.,,,,
95469 Upper Lake,zcta,95469,Upper Lake,39.3989363,-123.0752527,591055,,2021-11-30,10,0,Zillow ZIP-level market for Upper Lake; mapped with Census 2020 ZCTA 95469 in Lake County.,,,,
95458 Lucerne,zcta,95458,Lucerne,39.1090084,-122.7776345,262515,,2021-11-30,10,0,Zillow ZIP-level market for Lucerne; mapped with Census 2020 ZCTA 95458 in Lake County.,,,,
95485 Nice,zcta,95485,Nice,39.2084696,-122.92572,384047,,2021-11-30,10,0,Zillow ZIP-level market for Nice; mapped with Census 2020 ZCTA 95485 in Lake County.,,,,
95443 Lucerne,zcta,95443,Lucerne,39.0501313,-122.7396314,291908,,2021-11-30,10,0,Zillow ZIP-level market for Lucerne; mapped with Census 2020 ZCTA 95443 in Lake County.,,,,
95426 Middletown,zcta,95426,Middletown,38.8334248,-122.7340614,300151,,2021-11-30,10,0,Zillow ZIP-level market for Middletown; mapped with Census 2020 ZCTA 95426 in Lake County.,,,,
95424 Clearlake,zcta,95424,Clearlake,0.0,0.0,329755,,2021-11-30,10,0,Zillow ZIP-level market for Clearlake; mapped with Census 2020 ZCTA 95424 in Lake County.,,,,
95422 Clearlake,zcta,95422,Clearlake,38.985515,-122.6425345,231405,,2021-12-31,10,0,Zillow ZIP-level market for Clearlake; mapped with Census 2020 ZCTA 95422 in Lake County.,,,,
95453 Lakeport,zcta,95453,Lakeport,39.0459308,-122.941077,399891,,2021-12-31,10,0,Zillow ZIP-level market for Lakeport; mapped with Census 2020 ZCTA 95453 in Lake County.,,,,
95451 Kelseyville,zcta,95451,Kelseyville,38.9221361,-122.7895645,379985,,2021-12-31,10,0,Zillow ZIP-level market for Kelseyville; mapped with Census 2020 ZCTA 95451 in Lake County.,,,,
95467 Hidden Valley Lake,zcta,95467,Hidden Valley Lake,38.8129545,-122.5480991,393682,,2021-12-31,10,0,Zillow ZIP-level market for Hidden Valley Lake; mapped with Census 2020 ZCTA 95467 in Lake County.,,,,
95457 Lower Lake,zcta,95457,Lower Lake,38.9240363,-122.5490825,454218,,2021-12-31,10,0,Zillow ZIP-level market for Lower Lake; mapped with Census 2020 ZCTA 95457 in Lake County.,,,,
95461 Middletown,zcta,95461,Middletown,38.7540062,-122.5521097,347819,,2021-12-31,10,0,Zillow ZIP-level market for Middletown; mapped with Census 2020 ZCTA 95461 in Lake County.,,,,
95423 Clearlake Oaks,zcta,95423,Clearlake Oaks,39.067376,-122.6297201,283494,,2021-12-31,10,0,Zillow ZIP-level market for Clearlake Oaks; mapped with Census 2020 ZCTA 95423 in Lake County.,,,,
95464 Upper Lake,zcta,95464,Upper Lake,39.1262459,-122.8470753,265185,,2021-12-31,10,0,Zillow ZIP-level market for Upper Lake; mapped with Census 2020 ZCTA 95464 in Lake County.,,,,
95469 Upper Lake,zcta,95469,Upper Lake,39.3989363,-123.0752527,589159,,2021-12-31,10,0,Zillow ZIP-level market for Upper Lake; mapped with Census 2020 ZCTA 95469 in Lake County.,,,,
95458 Lucerne,zcta,95458,Lucerne,39.1090084,-122.7776345,263195,,2021-12-31,10,0,Zillow ZIP-level market for Lucerne; mapped with Census 2020 ZCTA 95458 in Lake County.,,,,
95485 Nice,zcta,95485,Nice,39.2084696,-122.92572,384391,,2021-12-31,10,0,Zillow ZIP-level market for Nice; mapped with Census 2020 ZCTA 95485 in Lake County.,,,,
95443 Lucerne,zcta,95443,Lucerne,39.0501313,-122.7396314,291945,,2021-12-31,10,0,Zillow ZIP-level market for Lucerne; mapped with Census 2020 ZCTA 95443 in Lake County.,,,,
95426 Middletown,zcta,95426,Middletown,38.8334248,-122.7340614,301003,,2021-12-31,10,0,Zillow ZIP-level market for Middletown; mapped with Census 2020 ZCTA 95426 in Lake County.,,,,
95424 Clearlake,zcta,95424,Clearlake,0.0,0.0,331101,,2021-12-31,10,0,Zillow ZIP-level market for Clearlake; mapped with Census 2020 ZCTA 95424 in Lake County.,,,,
95422 Clearlake,zcta,95422,Clearlake,38.985515,-122.6425345,235447,,2022-01-31,10,0,Zillow ZIP-level market for Clearlake; mapped with Census 2020 ZCTA 95422 in Lake County.,,,,
95453 Lakeport,zcta,95453,Lakeport,39.0459308,-122.941077,402181,,2022-01-31,10,0,Zillow ZIP-level market for Lakeport; mapped with Census 2020 ZCTA 95453 in Lake County.,,,,
95451 Kelseyville,zcta,95451,Kelseyville,38.9221361,-122.7895645,384070,,2022-01-31,10,0,Zillow ZIP-level market for Kelseyville; mapped with Census 2020 ZCTA 95451 in Lake County.,,,,
95467 Hidden Valley Lake,zcta,95467,Hidden Valley Lake,38.8129545,-122.5480991,396236,,2022-01-31,10,0,Zillow ZIP-level market for Hidden Valley Lake; mapped with Census 2020 ZCTA 95467 in Lake County.,,,,
95457 Lower Lake,zcta,95457,Lower Lake,38.9240363,-122.5490825,457098,,2022-01-31,10,0,Zillow ZIP-level market for Lower Lake; mapped with Census 2020 ZCTA 95457 in Lake County.,,,,
95461 Middletown,zcta,95461,Middletown,38.7540062,-122.5521097,350316,,2022-01-31,10,0,Zillow ZIP-level market for Middletown; mapped with Census 2020 ZCTA 95461 in Lake County.,,,,
95423 Clearlake Oaks,zcta,95423,Clearlake Oaks,39.067376,-122.6297201,287065,,2022-01-31,10,0,Zillow ZIP-level market for Clearlake Oaks; mapped with Census 2020 ZCTA 95423 in Lake County.,,,,
95464 Upper Lake,zcta,95464,Upper Lake,39.1262459,-122.8470753,268503,,2022-01-31,10,0,Zillow ZIP-level market for Upper Lake; mapped with Census 2020 ZCTA 95464 in Lake County.,,,,
95469 Upper Lake,zcta,95469,Upper Lake,39.3989363,-123.0752527,586044,,2022-01-31,10,0,Zillow ZIP-level market for Upper Lake; mapped with Census 2020 ZCTA 95469 in Lake County.,,,,
95458 Lucerne,zcta,95458,Lucerne,39.1090084,-122.7776345,267267,,2022-01-31,10,0,Zillow ZIP-level market for Lucerne; mapped with Census 2020 ZCTA 95458 in Lake County.,,,,
95485 Nice,zcta,95485,Nice,39.2084696,-122.92572,388342,,2022-01-31,10,0,Zillow ZIP-level market for Nice; mapped with Census 2020 ZCTA 95485 in Lake County.,,,,
95443 Lucerne,zcta,95443,Lucerne,39.0501313,-122.7396314,293745,,2022-01-31,10,0,Zillow ZIP-level market for Lucerne; mapped with Census 2020 ZCTA 95443 in Lake County.,,,,
95426 Middletown,zcta,95426,Middletown,38.8334248,-122.7340614,305063,,2022-01-31,10,0,Zillow ZIP-level market for Middletown; mapped with Census 2020 ZCTA 95426 in Lake County.,,,,
95424 Clearlake,zcta,95424,Clearlake,0.0,0.0,335063,,2022-01-31,10,0,Zillow ZIP-level market for Clearlake; mapped with Census 2020 ZCTA 95424 in Lake County.,,,,
95422 Clearlake,zcta,95422,Clearlake,38.985515,-122.6425345,240721,,2022-02-28,10,0,Zillow ZIP-level market for Clearlake; mapped with Census 2020 ZCTA 95422 in Lake County.,,,,
95453 Lakeport,zcta,95453,Lakeport,39.0459308,-122.941077,405563,,2022-02-28,10,0,Zillow ZIP-level market for Lakeport; mapped with Census 2020 ZCTA 95453 in Lake County.,,,,
95451 Kelseyville,zcta,95451,Kelseyville,38.9221361,-122.7895645,388941,,2022-02-28,10,0,Zillow ZIP-level market for Kelseyville; mapped with Census 2020 ZCTA 95451 in Lake County.,,,,
95467 Hidden Valley Lake,zcta,95467,Hidden Valley Lake,38.8129545,-122.5480991,399511,,2022-02-28,10,0,Zillow ZIP-level market for Hidden Valley Lake; mapped with Census 2020 ZCTA 95467 in Lake County.,,,,
95457 Lower Lake,zcta,95457,Lower Lake,38.9240363,-122.5490825,459386,,2022-02-28,10,0,Zillow ZIP-level market for Lower Lake; mapped with Census 2020 ZCTA 95457 in Lake County.,,,,
95461 Middletown,zcta,95461,Middletown,38.7540062,-122.5521097,355879,,2022-02-28,10,0,Zillow ZIP-level market for Middletown; mapped with Census 2020 ZCTA 95461 in Lake County.,,,,
95423 Clearlake Oaks,zcta,95423,Clearlake Oaks,39.067376,-122.6297201,291277,,2022-02-28,10,0,Zillow ZIP-level market for Clearlake Oaks; mapped with Census 2020 ZCTA 95423 in Lake County.,,,,
95464 Upper Lake,zcta,95464,Upper Lake,39.1262459,-122.8470753,273996,,2022-02-28,10,0,Zillow ZIP-level market for Upper Lake; mapped with Census 2020 ZCTA 95464 in Lake County.,,,,
95469 Upper Lake,zcta,95469,Upper Lake,39.3989363,-123.0752527,578548,,2022-02-28,10,0,Zillow ZIP-level market for Upper Lake; mapped with Census 2020 ZCTA 95469 in Lake County.,,,,
95458 Lucerne,zcta,95458,Lucerne,39.1090084,-122.7776345,273108,,2022-02-28,10,0,Zillow ZIP-level market for Lucerne; mapped with Census 2020 ZCTA 95458 in Lake County.,,,,
95485 Nice,zcta,95485,Nice,39.2084696,-122.92572,392680,,2022-02-28,10,0,Zillow ZIP-level market for Nice; mapped with Census 2020 ZCTA 95485 in Lake County.,,,,
95443 Lucerne,zcta,95443,Lucerne,39.0501313,-122.7396314,294321,,2022-02-28,10,0,Zillow ZIP-level market for Lucerne; mapped with Census 2020 ZCTA 95443 in Lake County.,,,,
95426 Middletown,zcta,95426,Middletown,38.8334248,-122.7340614,310489,,2022-02-28,10,0,Zillow ZIP-level market for Middletown; mapped with Census 2020 ZCTA 95426 in Lake County.,,,,
95424 Clearlake,zcta,95424,Clearlake,0.0,0.0,336753,,2022-02-28,10,0,Zillow ZIP-level market for Clearlake; mapped with Census 2020 ZCTA 95424 in Lake County.,,,,
95422 Clearlake,zcta,95422,Clearlake,38.985515,-122.6425345,246900,,2022-03-31,10,0,Zillow ZIP-level market for Clearlake; mapped with Census 2020 ZCTA 95422 in Lake County.,,,,
95453 Lakeport,zcta,95453,Lakeport,39.0459308,-122.941077,410557,,2022-03-31,10,0,Zillow ZIP-level market for Lakeport; mapped with Census 2020 ZCTA 95453 in Lake County.,,,,
95451 Kelseyville,zcta,95451,Kelseyville,38.9221361,-122.7895645,394968,,2022-03-31,10,0,Zillow ZIP-level market for Kelseyville; mapped with Census 2020 ZCTA 95451 in Lake County.,,,,
95467 Hidden Valley Lake,zcta,95467,Hidden Valley Lake,38.8129545,-122.5480991,403518,,2022-03-31,10,0,Zillow ZIP-level market for Hidden Valley Lake; mapped with Census 2020 ZCTA 95467 in Lake County.,,,,
95457 Lower Lake,zcta,95457,Lower Lake,38.9240363,-122.5490825,463183,,2022-03-31,10,0,Zillow ZIP-level market for Lower Lake; mapped with Census 2020 ZCTA 95457 in Lake County.,,,,
95461 Middletown,zcta,95461,Middletown,38.7540062,-122.5521097,364070,,2022-03-31,10,0,Zillow ZIP-level market for Middletown; mapped with Census 2020 ZCTA 95461 in Lake County.,,,,
95423 Clearlake Oaks,zcta,95423,Clearlake Oaks,39.067376,-122.6297201,295879,,2022-03-31,10,0,Zillow ZIP-level market for Clearlake Oaks; mapped with Census 2020 ZCTA 95423 in Lake County.,,,,
95464 Upper Lake,zcta,95464,Upper Lake,39.1262459,-122.8470753,280932,,2022-03-31,10,0,Zillow ZIP-level market for Upper Lake; mapped with Census 2020 ZCTA 95464 in Lake County.,,,,
95469 Upper Lake,zcta,95469,Upper Lake,39.3989363,-123.0752527,571989,,2022-03-31,10,0,Zillow ZIP-level market for Upper Lake; mapped with Census 2020 ZCTA 95469 in Lake County.,,,,
95458 Lucerne,zcta,95458,Lucerne,39.1090084,-122.7776345,279438,,2022-03-31,10,0,Zillow ZIP-level market for Lucerne; mapped with Census 2020 ZCTA 95458 in Lake County.,,,,
95485 Nice,zcta,95485,Nice,39.2084696,-122.92572,397498,,2022-03-31,10,0,Zillow ZIP-level market for Nice; mapped with Census 2020 ZCTA 95485 in Lake County.,,,,
95443 Lucerne,zcta,95443,Lucerne,39.0501313,-122.7396314,295872,,2022-03-31,10,0,Zillow ZIP-level market for Lucerne; mapped with Census 2020 ZCTA 95443 in Lake County.,,,,
95426 Middletown,zcta,95426,Middletown,38.8334248,-122.7340614,316825,,2022-03-31,10,0,Zillow ZIP-level market for Middletown; mapped with Census 2020 ZCTA 95426 in Lake County.,,,,
95424 Clearlake,zcta,95424,Clearlake,0.0,0.0,339280,,2022-03-31,10,0,Zillow ZIP-level market for Clearlake; mapped with Census 2020 ZCTA 95424 in Lake County.,,,,
95422 Clearlake,zcta,95422,Clearlake,38.985515,-122.6425345,251040,,2022-04-30,10,0,Zillow ZIP-level market for Clearlake; mapped with Census 2020 ZCTA 95422 in Lake County.,,,,
95453 Lakeport,zcta,95453,Lakeport,39.0459308,-122.941077,415739,,2022-04-30,10,0,Zillow ZIP-level market for Lakeport; mapped with Census 2020 ZCTA 95453 in Lake County.,,,,
95451 Kelseyville,zcta,95451,Kelseyville,38.9221361,-122.7895645,399704,,2022-04-30,10,0,Zillow ZIP-level market for Kelseyville; mapped with Census 2020 ZCTA 95451 in Lake County.,,,,
95467 Hidden Valley Lake,zcta,95467,Hidden Valley Lake,38.8129545,-122.5480991,408130,,2022-04-30,10,0,Zillow ZIP-level market for Hidden Valley Lake; mapped with Census 2020 ZCTA 95467 in Lake County.,,,,
95457 Lower Lake,zcta,95457,Lower Lake,38.9240363,-122.5490825,467815,,2022-04-30,10,0,Zillow ZIP-level market for Lower Lake; mapped with Census 2020 ZCTA 95457 in Lake County.,,,,
95461 Middletown,zcta,95461,Middletown,38.7540062,-122.5521097,370808,,2022-04-30,10,0,Zillow ZIP-level market for Middletown; mapped with Census 2020 ZCTA 95461 in Lake County.,,,,
95423 Clearlake Oaks,zcta,95423,Clearlake Oaks,39.067376,-122.6297201,299439,,2022-04-30,10,0,Zillow ZIP-level market for Clearlake Oaks; mapped with Census 2020 ZCTA 95423 in Lake County.,,,,
95464 Upper Lake,zcta,95464,Upper Lake,39.1262459,-122.8470753,285693,,2022-04-30,10,0,Zillow ZIP-level market for Upper Lake; mapped with Census 2020 ZCTA 95464 in Lake County.,,,,
95469 Upper Lake,zcta,95469,Upper Lake,39.3989363,-123.0752527,565835,,2022-04-30,10,0,Zillow ZIP-level market for Upper Lake; mapped with Census 2020 ZCTA 95469 in Lake County.,,,,
95458 Lucerne,zcta,95458,Lucerne,39.1090084,-122.7776345,282755,,2022-04-30,10,0,Zillow ZIP-level market for Lucerne; mapped with Census 2020 ZCTA 95458 in Lake County.,,,,
95485 Nice,zcta,95485,Nice,39.2084696,-122.92572,401872,,2022-04-30,10,0,Zillow ZIP-level market for Nice; mapped with Census 2020 ZCTA 95485 in Lake County.,,,,
95443 Lucerne,zcta,95443,Lucerne,39.0501313,-122.7396314,297127,,2022-04-30,10,0,Zillow ZIP-level market for Lucerne; mapped with Census 2020 ZCTA 95443 in Lake County.,,,,
95426 Middletown,zcta,95426,Middletown,38.8334248,-122.7340614,321544,,2022-04-30,10,0,Zillow ZIP-level market for Middletown; mapped with Census 2020 ZCTA 95426 in Lake County.,,,,
95424 Clearlake,zcta,95424,Clearlake,0.0,0.0,340908,,2022-04-30,10,0,Zillow ZIP-level market for Clearlake; mapped with Census 2020 ZCTA 95424 in Lake County.,,,,
95422 Clearlake,zcta,95422,Clearlake,38.985515,-122.6425345,253167,,2022-05-31,10,0,Zillow ZIP-level market for Clearlake; mapped with Census 2020 ZCTA 95422 in Lake County.,,,,
95453 Lakeport,zcta,95453,Lakeport,39.0459308,-122.941077,420911,,2022-05-31,10,0,Zillow ZIP-level market for Lakeport; mapped with Census 2020 ZCTA 95453 in Lake County.,,,,
95451 Kelseyville,zcta,95451,Kelseyville,38.9221361,-122.7895645,403748,,2022-05-31,10,0,Zillow ZIP-level market for Kelseyville; mapped with Census 2020 ZCTA 95451 in Lake County.,,,,
95467 Hidden Valley Lake,zcta,95467,Hidden Valley Lake,38.8129545,-122.5480991,412679,,2022-05-31,10,0,Zillow ZIP-level market for Hidden Valley Lake; mapped with Census 2020 ZCTA 95467 in Lake County.,,,,
95457 Lower Lake,zcta,95457,Lower Lake,38.9240363,-122.5490825,472655,,2022-05-31,10,0,Zillow ZIP-level market for Lower Lake; mapped with Census 2020 ZCTA 95457 in Lake County.,,,,
95461 Middletown,zcta,95461,Middletown,38.7540062,-122.5521097,377248,,2022-05-31,10,0,Zillow ZIP-level market for Middletown; mapped with Census 2020 ZCTA 95461 in Lake County.,,,,
95423 Clearlake Oaks,zcta,95423,Clearlake Oaks,39.067376,-122.6297201,302817,,2022-05-31,10,0,Zillow ZIP-level market for Clearlake Oaks; mapped with Census 2020 ZCTA 95423 in Lake County.,,,,
95464 Upper Lake,zcta,95464,Upper Lake,39.1262459,-122.8470753,288412,,2022-05-31,10,0,Zillow ZIP-level market for Upper Lake; mapped with Census 2020 ZCTA 95464 in Lake County.,,,,
95469 Upper Lake,zcta,95469,Upper Lake,39.3989363,-123.0752527,562887,,2022-05-31,10,0,Zillow ZIP-level market for Upper Lake; mapped with Census 2020 ZCTA 95469 in Lake County.,,,,
95458 Lucerne,zcta,95458,Lucerne,39.1090084,-122.7776345,284487,,2022-05-31,10,0,Zillow ZIP-level market for Lucerne; mapped with Census 2020 ZCTA 95458 in Lake County.,,,,
95485 Nice,zcta,95485,Nice,39.2084696,-122.92572,406869,,2022-05-31,10,0,Zillow ZIP-level market for Nice; mapped with Census 2020 ZCTA 95485 in Lake County.,,,,
95443 Lucerne,zcta,95443,Lucerne,39.0501313,-122.7396314,300596,,2022-05-31,10,0,Zillow ZIP-level market for Lucerne; mapped with Census 2020 ZCTA 95443 in Lake County.,,,,
95426 Middletown,zcta,95426,Middletown,38.8334248,-122.7340614,324501,,2022-05-31,10,0,Zillow ZIP-level market for Middletown; mapped with Census 2020 ZCTA 95426 in Lake County.,,,,
95424 Clearlake,zcta,95424,Clearlake,0.0,0.0,344084,,2022-05-31,10,0,Zillow ZIP-level market for Clearlake; mapped with Census 2020 ZCTA 95424 in Lake County.,,,,
95422 Clearlake,zcta,95422,Clearlake,38.985515,-122.6425345,253125,,2022-06-30,10,0,Zillow ZIP-level market for Clearlake; mapped with Census 2020 ZCTA 95422 in Lake County.,,,,
95453 Lakeport,zcta,95453,Lakeport,39.0459308,-122.941077,423881,,2022-06-30,10,0,Zillow ZIP-level market for Lakeport; mapped with Census 2020 ZCTA 95453 in Lake County.,,,,
95451 Kelseyville,zcta,95451,Kelseyville,38.9221361,-122.7895645,405939,,2022-06-30,10,0,Zillow ZIP-level market for Kelseyville; mapped with Census 2020 ZCTA 95451 in Lake County.,,,,
95467 Hidden Valley Lake,zcta,95467,Hidden Valley Lake,38.8129545,-122.5480991,415310,,2022-06-30,10,0,Zillow ZIP-level market for Hidden Valley Lake; mapped with Census 2020 ZCTA 95467 in Lake County.,,,,
95457 Lower Lake,zcta,95457,Lower Lake,38.9240363,-122.5490825,475674,,2022-06-30,10,0,Zillow ZIP-level market for Lower Lake; mapped with Census 2020 ZCTA 95457 in Lake County.,,,,
95461 Middletown,zcta,95461,Middletown,38.7540062,-122.5521097,380975,,2022-06-30,10,0,Zillow ZIP-level market for Middletown; mapped with Census 2020 ZCTA 95461 in Lake County.,,,,
95423 Clearlake Oaks,zcta,95423,Clearlake Oaks,39.067376,-122.6297201,304847,,2022-06-30,10,0,Zillow ZIP-level market for Clearlake Oaks; mapped with Census 2020 ZCTA 95423 in Lake County.,,,,
95464 Upper Lake,zcta,95464,Upper Lake,39.1262459,-122.8470753,287995,,2022-06-30,10,0,Zillow ZIP-level market for Upper Lake; mapped with Census 2020 ZCTA 95464 in Lake County.,,,,
95469 Upper Lake,zcta,95469,Upper Lake,39.3989363,-123.0752527,558268,,2022-06-30,10,0,Zillow ZIP-level market for Upper Lake; mapped with Census 2020 ZCTA 95469 in Lake County.,,,,
95458 Lucerne,zcta,95458,Lucerne,39.1090084,-122.7776345,285030,,2022-06-30,10,0,Zillow ZIP-level market for Lucerne; mapped with Census 2020 ZCTA 95458 in Lake County.,,,,
95485 Nice,zcta,95485,Nice,39.2084696,-122.92572,409876,,2022-06-30,10,0,Zillow ZIP-level market for Nice; mapped with Census 2020 ZCTA 95485 in Lake County.,,,,
95443 Lucerne,zcta,95443,Lucerne,39.0501313,-122.7396314,302905,,2022-06-30,10,0,Zillow ZIP-level market for Lucerne; mapped with Census 2020 ZCTA 95443 in Lake County.,,,,
95426 Middletown,zcta,95426,Middletown,38.8334248,-122.7340614,325286,,2022-06-30,10,0,Zillow ZIP-level market for Middletown; mapped with Census 2020 ZCTA 95426 in Lake County.,,,,
95424 Clearlake,zcta,95424,Clearlake,0.0,0.0,345882,,2022-06-30,10,0,Zillow ZIP-level market for Clearlake; mapped with Census 2020 ZCTA 95424 in Lake County.,,,,
95422 Clearlake,zcta,95422,Clearlake,38.985515,-122.6425345,252138,,2022-07-31,10,0,Zillow ZIP-level market for Clearlake; mapped with Census 2020 ZCTA 95422 in Lake County.,,,,
95453 Lakeport,zcta,95453,Lakeport,39.0459308,-122.941077,423757,,2022-07-31,10,0,Zillow ZIP-level market for Lakeport; mapped with Census 2020 ZCTA 95453 in Lake County.,,,,
95451 Kelseyville,zcta,95451,Kelseyville,38.9221361,-122.7895645,405720,,2022-07-31,10,0,Zillow ZIP-level market for Kelseyville; mapped with Census 2020 ZCTA 95451 in Lake County.,,,,
95467 Hidden Valley Lake,zcta,95467,Hidden Valley Lake,38.8129545,-122.5480991,415370,,2022-07-31,10,0,Zillow ZIP-level market for Hidden Valley Lake; mapped with Census 2020 ZCTA 95467 in Lake County.,,,,
95457 Lower Lake,zcta,95457,Lower Lake,38.9240363,-122.5490825,473748,,2022-07-31,10,0,Zillow ZIP-level market for Lower Lake; mapped with Census 2020 ZCTA 95457 in Lake County.,,,,
95461 Middletown,zcta,95461,Middletown,38.7540062,-122.5521097,382506,,2022-07-31,10,0,Zillow ZIP-level market for Middletown; mapped with Census 2020 ZCTA 95461 in Lake County.,,,,
95423 Clearlake Oaks,zcta,95423,Clearlake Oaks,39.067376,-122.6297201,305828,,2022-07-31,10,0,Zillow ZIP-level market for Clearlake Oaks; mapped with Census 2020 ZCTA 95423 in Lake County.,,,,
95464 Upper Lake,zcta,95464,Upper Lake,39.1262459,-122.8470753,286934,,2022-07-31,10,0,Zillow ZIP-level market for Upper Lake; mapped with Census 2020 ZCTA 95464 in Lake County.,,,,
95469 Upper Lake,zcta,95469,Upper Lake,39.3989363,-123.0752527,553240,,2022-07-31,10,0,Zillow ZIP-level market for Upper Lake; mapped with Census 2020 ZCTA 95469 in Lake County.,,,,
95458 Lucerne,zcta,95458,Lucerne,39.1090084,-122.7776345,285481,,2022-07-31,10,0,Zillow ZIP-level market for Lucerne; mapped with Census 2020 ZCTA 95458 in Lake County.,,,,
95485 Nice,zcta,95485,Nice,39.2084696,-122.92572,409038,,2022-07-31,10,0,Zillow ZIP-level market for Nice; mapped with Census 2020 ZCTA 95485 in Lake County.,,,,
95443 Lucerne,zcta,95443,Lucerne,39.0501313,-122.7396314,302708,,2022-07-31,10,0,Zillow ZIP-level market for Lucerne; mapped with Census 2020 ZCTA 95443 in Lake County.,,,,
95426 Middletown,zcta,95426,Middletown,38.8334248,-122.7340614,324680,,2022-07-31,10,0,Zillow ZIP-level market for Middletown; mapped with Census 2020 ZCTA 95426 in Lake County.,,,,
95424 Clearlake,zcta,95424,Clearlake,0.0,0.0,346253,,2022-07-31,10,0,Zillow ZIP-level market for Clearlake; mapped with Census 2020 ZCTA 95424 in Lake County.,,,,
95422 Clearlake,zcta,95422,Clearlake,38.985515,-122.6425345,249896,,2022-08-31,10,0,Zillow ZIP-level market for Clearlake; mapped with Census 2020 ZCTA 95422 in Lake County.,,,,
95453 Lakeport,zcta,95453,Lakeport,39.0459308,-122.941077,420086,,2022-08-31,10,0,Zillow ZIP-level market for Lakeport; mapped with Census 2020 ZCTA 95453 in Lake County.,,,,
95451 Kelseyville,zcta,95451,Kelseyville,38.9221361,-122.7895645,402624,,2022-08-31,10,0,Zillow ZIP-level market for Kelseyville; mapped with Census 2020 ZCTA 95451 in Lake County.,,,,
95467 Hidden Valley Lake,zcta,95467,Hidden Valley Lake,38.8129545,-122.5480991,412432,,2022-08-31,10,0,Zillow ZIP-level market for Hidden Valley Lake; mapped with Census 2020 ZCTA 95467 in Lake County.,,,,
95457 Lower Lake,zcta,95457,Lower Lake,38.9240363,-122.5490825,467939,,2022-08-31,10,0,Zillow ZIP-level market for Lower Lake; mapped with Census 2020 ZCTA 95457 in Lake County.,,,,
95461 Middletown,zcta,95461,Middletown,38.7540062,-122.5521097,380435,,2022-08-31,10,0,Zillow ZIP-level market for Middletown; mapped with Census 2020 ZCTA 95461 in Lake County.,,,,
95423 Clearlake Oaks,zcta,95423,Clearlake Oaks,39.067376,-122.6297201,304650,,2022-08-31,10,0,Zillow ZIP-level market for Clearlake Oaks; mapped with Census 2020 ZCTA 95423 in Lake County.,,,,
95464 Upper Lake,zcta,95464,Upper Lake,39.1262459,-122.8470753,283912,,2022-08-31,10,0,Zillow ZIP-level market for Upper Lake; mapped with Census 2020 ZCTA 95464 in Lake County.,,,,
95469 Upper Lake,zcta,95469,Upper Lake,39.3989363,-123.0752527,545327,,2022-08-31,10,0,Zillow ZIP-level market for Upper Lake; mapped with Census 2020 ZCTA 95469 in Lake County.,,,,
95458 Lucerne,zcta,95458,Lucerne,39.1090084,-122.7776345,283981,,2022-08-31,10,0,Zillow ZIP-level market for Lucerne; mapped with Census 2020 ZCTA 95458 in Lake County.,,,,
95485 Nice,zcta,95485,Nice,39.2084696,-122.92572,404377,,2022-08-31,10,0,Zillow ZIP-level market for Nice; mapped with Census 2020 ZCTA 95485 in Lake County.,,,,
95443 Lucerne,zcta,95443,Lucerne,39.0501313,-122.7396314,299163,,2022-08-31,10,0,Zillow ZIP-level market for Lucerne; mapped with Census 2020 ZCTA 95443 in Lake County.,,,,
95426 Middletown,zcta,95426,Middletown,38.8334248,-122.7340614,322578,,2022-08-31,10,0,Zillow ZIP-level market for Middletown; mapped with Census 2020 ZCTA 95426 in Lake County.,,,,
95424 Clearlake,zcta,95424,Clearlake,0.0,0.0,344675,,2022-08-31,10,0,Zillow ZIP-level market for Clearlake; mapped with Census 2020 ZCTA 95424 in Lake County.,,,,
95422 Clearlake,zcta,95422,Clearlake,38.985515,-122.6425345,247224,,2022-09-30,10,0,Zillow ZIP-level market for Clearlake; mapped with Census 2020 ZCTA 95422 in Lake County.,,,,
95453 Lakeport,zcta,95453,Lakeport,39.0459308,-122.941077,414941,,2022-09-30,10,0,Zillow ZIP-level market for Lakeport; mapped with Census 2020 ZCTA 95453 in Lake County.,,,,
95451 Kelseyville,zcta,95451,Kelseyville,38.9221361,-122.7895645,397798,,2022-09-30,10,0,Zillow ZIP-level market for Kelseyville; mapped with Census 2020 ZCTA 95451 in Lake County.,,,,
95467 Hidden Valley Lake,zcta,95467,Hidden Valley Lake,38.8129545,-122.5480991,408044,,2022-09-30,10,0,Zillow ZIP-level market for Hidden Valley Lake; mapped with Census 2020 ZCTA 95467 in Lake County.,,,,
95457 Lower Lake,zcta,95457,Lower Lake,38.9240363,-122.5490825,459741,,2022-09-30,10,0,Zillow ZIP-level market for Lower Lake; mapped with Census 2020 ZCTA 95457 in Lake County.,,,,
95461 Middletown,zcta,95461,Middletown,38.7540062,-122.5521097,376856,,2022-09-30,10,0,Zillow ZIP-level market for Middletown; mapped with Census 2020 ZCTA 95461 in Lake County.,,,,
95423 Clearlake Oaks,zcta,95423,Clearlake Oaks,39.067376,-122.6297201,302493,,2022-09-30,10,0,Zillow ZIP-level market for Clearlake Oaks; mapped with Census 2020 ZCTA 95423 in Lake County.,,,,
95464 Upper Lake,zcta,95464,Upper Lake,39.1262459,-122.8470753,280895,,2022-09-30,10,0,Zillow ZIP-level market for Upper Lake; mapped with Census 2020 ZCTA 95464 in Lake County.,,,,
95469 Upper Lake,zcta,95469,Upper Lake,39.3989363,-123.0752527,533091,,2022-09-30,10,0,Zillow ZIP-level market for Upper Lake; mapped with Census 2020 ZCTA 95469 in Lake County.,,,,
95458 Lucerne,zcta,95458,Lucerne,39.1090084,-122.7776345,281381,,2022-09-30,10,0,Zillow ZIP-level market for Lucerne; mapped with Census 2020 ZCTA 95458 in Lake County.,,,,
95485 Nice,zcta,95485,Nice,39.2084696,-122.92572,397976,,2022-09-30,10,0,Zillow ZIP-level market for Nice; mapped with Census 2020 ZCTA 95485 in Lake County.,,,,
95443 Lucerne,zcta,95443,Lucerne,39.0501313,-122.7396314,294728,,2022-09-30,10,0,Zillow ZIP-level market for Lucerne; mapped with Census 2020 ZCTA 95443 in Lake County.,,,,
95426 Middletown,zcta,95426,Middletown,38.8334248,-122.7340614,319751,,2022-09-30,10,0,Zillow ZIP-level market for Middletown; mapped with Census 2020 ZCTA 95426 in Lake County.,,,,
95424 Clearlake,zcta,95424,Clearlake,0.0,0.0,341116,,2022-09-30,10,0,Zillow ZIP-level market for Clearlake; mapped with Census 2020 ZCTA 95424 in Lake County.,,,,
95422 Clearlake,zcta,95422,Clearlake,38.985515,-122.6425345,244295,,2022-10-31,10,0,Zillow ZIP-level market for Clearlake; mapped with Census 2020 ZCTA 95422 in Lake County.,,,,
95453 Lakeport,zcta,95453,Lakeport,39.0459308,-122.941077,409980,,2022-10-31,10,0,Zillow ZIP-level market for Lakeport; mapped with Census 2020 ZCTA 95453 in Lake County.,,,,
95451 Kelseyville,zcta,95451,Kelseyville,38.9221361,-122.7895645,393096,,2022-10-31,10,0,Zillow ZIP-level market for Kelseyville; mapped with Census 2020 ZCTA 95451 in Lake County.,,,,
95467 Hidden Valley Lake,zcta,95467,Hidden Valley Lake,38.8129545,-122.5480991,403454,,2022-10-31,10,0,Zillow ZIP-level market for Hidden Valley Lake; mapped with Census 2020 ZCTA 95467 in Lake County.,,,,
95457 Lower Lake,zcta,95457,Lower Lake,38.9240363,-122.5490825,451579,,2022-10-31,10,0,Zillow ZIP-level market for Lower Lake; mapped with Census 2020 ZCTA 95457 in Lake County.,,,,
95461 Middletown,zcta,95461,Middletown,38.7540062,-122.5521097,373604,,2022-10-31,10,0,Zillow ZIP-level market for Middletown; mapped with Census 2020 ZCTA 95461 in Lake County.,,,,
95423 Clearlake Oaks,zcta,95423,Clearlake Oaks,39.067376,-122.6297201,299434,,2022-10-31,10,0,Zillow ZIP-level market for Clearlake Oaks; mapped with Census 2020 ZCTA 95423 in Lake County.,,,,
95464 Upper Lake,zcta,95464,Upper Lake,39.1262459,-122.8470753,277973,,2022-10-31,10,0,Zillow ZIP-level market for Upper Lake; mapped with Census 2020 ZCTA 95464 in Lake County.,,,,
95469 Upper Lake,zcta,95469,Upper Lake,39.3989363,-123.0752527,519853,,2022-10-31,10,0,Zillow ZIP-level market for Upper Lake; mapped with Census 2020 ZCTA 95469 in Lake County.,,,,
95458 Lucerne,zcta,95458,Lucerne,39.1090084,-122.7776345,278993,,2022-10-31,10,0,Zillow ZIP-level market for Lucerne; mapped with Census 2020 ZCTA 95458 in Lake County.,,,,
95485 Nice,zcta,95485,Nice,39.2084696,-122.92572,390969,,2022-10-31,10,0,Zillow ZIP-level market for Nice; mapped with Census 2020 ZCTA 95485 in Lake County.,,,,
95443 Lucerne,zcta,95443,Lucerne,39.0501313,-122.7396314,291062,,2022-10-31,10,0,Zillow ZIP-level market for Lucerne; mapped with Census 2020 ZCTA 95443 in Lake County.,,,,
95426 Middletown,zcta,95426,Middletown,38.8334248,-122.7340614,316326,,2022-10-31,10,0,Zillow ZIP-level market for Middletown; mapped with Census 2020 ZCTA 95426 in Lake County.,,,,
95424 Clearlake,zcta,95424,Clearlake,0.0,0.0,337018,,2022-10-31,10,0,Zillow ZIP-level market for Clearlake; mapped with Census 2020 ZCTA 95424 in Lake County.,,,,
95422 Clearlake,zcta,95422,Clearlake,38.985515,-122.6425345,241608,,2022-11-30,10,0,Zillow ZIP-level market for Clearlake; mapped with Census 2020 ZCTA 95422 in Lake County.,,,,
95453 Lakeport,zcta,95453,Lakeport,39.0459308,-122.941077,404813,,2022-11-30,10,0,Zillow ZIP-level market for Lakeport; mapped with Census 2020 ZCTA 95453 in Lake County.,,,,
95451 Kelseyville,zcta,95451,Kelseyville,38.9221361,-122.7895645,388686,,2022-11-30,10,0,Zillow ZIP-level market for Kelseyville; mapped with Census 2020 ZCTA 95451 in Lake County.,,,,
95467 Hidden Valley Lake,zcta,95467,Hidden Valley Lake,38.8129545,-122.5480991,399385,,2022-11-30,10,0,Zillow ZIP-level market for Hidden Valley Lake; mapped with Census 2020 ZCTA 95467 in Lake County.,,,,
95457 Lower Lake,zcta,95457,Lower Lake,38.9240363,-122.5490825,443486,,2022-11-30,10,0,Zillow ZIP-level market for Lower Lake; mapped with Census 2020 ZCTA 95457 in Lake County.,,,,
95461 Middletown,zcta,95461,Middletown,38.7540062,-122.5521097,370738,,2022-11-30,10,0,Zillow ZIP-level market for Middletown; mapped with Census 2020 ZCTA 95461 in Lake County.,,,,
95423 Clearlake Oaks,zcta,95423,Clearlake Oaks,39.067376,-122.6297201,295626,,2022-11-30,10,0,Zillow ZIP-level market for Clearlake Oaks; mapped with Census 2020 ZCTA 95423 in Lake County.,,,,
95464 Upper Lake,zcta,95464,Upper Lake,39.1262459,-122.8470753,275787,,2022-11-30,10,0,Zillow ZIP-level market for Upper Lake; mapped with Census 2020 ZCTA 95464 in Lake County.,,,,
95469 Upper Lake,zcta,95469,Upper Lake,39.3989363,-123.0752527,505449,,2022-11-30,10,0,Zillow ZIP-level market for Upper Lake; mapped with Census 2020 ZCTA 95469 in Lake County.,,,,
95458 Lucerne,zcta,95458,Lucerne,39.1090084,-122.7776345,276652,,2022-11-30,10,0,Zillow ZIP-level market for Lucerne; mapped with Census 2020 ZCTA 95458 in Lake County.,,,,
95485 Nice,zcta,95485,Nice,39.2084696,-122.92572,383901,,2022-11-30,10,0,Zillow ZIP-level market for Nice; mapped with Census 2020 ZCTA 95485 in Lake County.,,,,
95443 Lucerne,zcta,95443,Lucerne,39.0501313,-122.7396314,287889,,2022-11-30,10,0,Zillow ZIP-level market for Lucerne; mapped with Census 2020 ZCTA 95443 in Lake County.,,,,
95426 Middletown,zcta,95426,Middletown,38.8334248,-122.7340614,313418,,2022-11-30,10,0,Zillow ZIP-level market for Middletown; mapped with Census 2020 ZCTA 95426 in Lake County.,,,,
95424 Clearlake,zcta,95424,Clearlake,0.0,0.0,331820,,2022-11-30,10,0,Zillow ZIP-level market for Clearlake; mapped with Census 2020 ZCTA 95424 in Lake County.,,,,
95422 Clearlake,zcta,95422,Clearlake,38.985515,-122.6425345,238556,,2022-12-31,10,0,Zillow ZIP-level market for Clearlake; mapped with Census 2020 ZCTA 95422 in Lake County.,,,,
95453 Lakeport,zcta,95453,Lakeport,39.0459308,-122.941077,399777,,2022-12-31,10,0,Zillow ZIP-level market for Lakeport; mapped with Census 2020 ZCTA 95453 in Lake County.,,,,
95451 Kelseyville,zcta,95451,Kelseyville,38.9221361,-122.7895645,384544,,2022-12-31,10,0,Zillow ZIP-level market for Kelseyville; mapped with Census 2020 ZCTA 95451 in Lake County.,,,,
95467 Hidden Valley Lake,zcta,95467,Hidden Valley Lake,38.8129545,-122.5480991,395885,,2022-12-31,10,0,Zillow ZIP-level market for Hidden Valley Lake; mapped with Census 2020 ZCTA 95467 in Lake County.,,,,
95457 Lower Lake,zcta,95457,Lower Lake,38.9240363,-122.5490825,434837,,2022-12-31,10,0,Zillow ZIP-level market for Lower Lake; mapped with Census 2020 ZCTA 95457 in Lake County.,,,,
95461 Middletown,zcta,95461,Middletown,38.7540062,-122.5521097,367879,,2022-12-31,10,0,Zillow ZIP-level market for Middletown; mapped with Census 2020 ZCTA 95461 in Lake County.,,,,
95423 Clearlake Oaks,zcta,95423,Clearlake Oaks,39.067376,-122.6297201,291394,,2022-12-31,10,0,Zillow ZIP-level market for Clearlake Oaks; mapped with Census 2020 ZCTA 95423 in Lake County.,,,,
95464 Upper Lake,zcta,95464,Upper Lake,39.1262459,-122.8470753,273462,,2022-12-31,10,0,Zillow ZIP-level market for Upper Lake; mapped with Census 2020 ZCTA 95464 in Lake County.,,,,
95469 Upper Lake,zcta,95469,Upper Lake,39.3989363,-123.0752527,492951,,2022-12-31,10,0,Zillow ZIP-level market for Upper Lake; mapped with Census 2020 ZCTA 95469 in Lake County.,,,,
95458 Lucerne,zcta,95458,Lucerne,39.1090084,-122.7776345,274467,,2022-12-31,10,0,Zillow ZIP-level market for Lucerne; mapped with Census 2020 ZCTA 95458 in Lake County.,,,,
95485 Nice,zcta,95485,Nice,39.2084696,-122.92572,377469,,2022-12-31,10,0,Zillow ZIP-level market for Nice; mapped with Census 2020 ZCTA 95485 in Lake County.,,,,
95443 Lucerne,zcta,95443,Lucerne,39.0501313,-122.7396314,284820,,2022-12-31,10,0,Zillow ZIP-level market for Lucerne; mapped with Census 2020 ZCTA 95443 in Lake County.,,,,
95426 Middletown,zcta,95426,Middletown,38.8334248,-122.7340614,310751,,2022-12-31,10,0,Zillow ZIP-level market for Middletown; mapped with Census 2020 ZCTA 95426 in Lake County.,,,,
95424 Clearlake,zcta,95424,Clearlake,0.0,0.0,326311,,2022-12-31,10,0,Zillow ZIP-level market for Clearlake; mapped with Census 2020 ZCTA 95424 in Lake County.,,,,
95422 Clearlake,zcta,95422,Clearlake,38.985515,-122.6425345,236403,,2023-01-31,10,0,Zillow ZIP-level market for Clearlake; mapped with Census 2020 ZCTA 95422 in Lake County.,,,,
95453 Lakeport,zcta,95453,Lakeport,39.0459308,-122.941077,394877,,2023-01-31,10,0,Zillow ZIP-level market for Lakeport; mapped with Census 2020 ZCTA 95453 in Lake County.,,,,
95451 Kelseyville,zcta,95451,Kelseyville,38.9221361,-122.7895645,380464,,2023-01-31,10,0,Zillow ZIP-level market for Kelseyville; mapped with Census 2020 ZCTA 95451 in Lake County.,,,,
95467 Hidden Valley Lake,zcta,95467,Hidden Valley Lake,38.8129545,-122.5480991,392752,,2023-01-31,10,0,Zillow ZIP-level market for Hidden Valley Lake; mapped with Census 2020 ZCTA 95467 in Lake County.,,,,
95457 Lower Lake,zcta,95457,Lower Lake,38.9240363,-122.5490825,427495,,2023-01-31,10,0,Zillow ZIP-level market for Lower Lake; mapped with Census 2020 ZCTA 95457 in Lake County.,,,,
95461 Middletown,zcta,95461,Middletown,38.7540062,-122.5521097,364690,,2023-01-31,10,0,Zillow ZIP-level market for Middletown; mapped with Census 2020 ZCTA 95461 in Lake County.,,,,
95423 Clearlake Oaks,zcta,95423,Clearlake Oaks,39.067376,-122.6297201,287819,,2023-01-31,10,0,Zillow ZIP-level market for Clearlake Oaks; mapped with Census 2020 ZCTA 95423 in Lake County.,,,,
95464 Upper Lake,zcta,95464,Upper Lake,39.1262459,-122.8470753,270982,,2023-01-31,10,0,Zillow ZIP-level market for Upper Lake; mapped with Census 2020 ZCTA 95464 in Lake County.,,,,
95469 Upper Lake,zcta,95469,Upper Lake,39.3989363,-123.0752527,484976,,2023-01-31,10,0,Zillow ZIP-level market for Upper Lake; mapped with Census 2020 ZCTA 95469 in Lake County.,,,,
95458 Lucerne,zcta,95458,Lucerne,39.1090084,-122.7776345,271240,,2023-01-31,10,0,Zillow ZIP-level market for Lucerne; mapped with Census 2020 ZCTA 95458 in Lake County.,,,,
95485 Nice,zcta,95485,Nice,39.2084696,-122.92572,372683,,2023-01-31,10,0,Zillow ZIP-level market for Nice; mapped with Census 2020 ZCTA 95485 in Lake County.,,,,
95443 Lucerne,zcta,95443,Lucerne,39.0501313,-122.7396314,281934,,2023-01-31,10,0,Zillow ZIP-level market for Lucerne; mapped with Census 2020 ZCTA 95443 in Lake County.,,,,
95426 Middletown,zcta,95426,Middletown,38.8334248,-122.7340614,308784,,2023-01-31,10,0,Zillow ZIP-level market for Middletown; mapped with Census 2020 ZCTA 95426 in Lake County.,,,,
95424 Clearlake,zcta,95424,Clearlake,0.0,0.0,319829,,2023-01-31,10,0,Zillow ZIP-level market for Clearlake; mapped with Census 2020 ZCTA 95424 in Lake County.,,,,
95422 Clearlake,zcta,95422,Clearlake,38.985515,-122.6425345,235426,,2023-02-28,10,0,Zillow ZIP-level market for Clearlake; mapped with Census 2020 ZCTA 95422 in Lake County.,,,,
95453 Lakeport,zcta,95453,Lakeport,39.0459308,-122.941077,391635,,2023-02-28,10,0,Zillow ZIP-level market for Lakeport; mapped with Census 2020 ZCTA 95453 in Lake County.,,,,
95451 Kelseyville,zcta,95451,Kelseyville,38.9221361,-122.7895645,377034,,2023-02-28,10,0,Zillow ZIP-level market for Kelseyville; mapped with Census 2020 ZCTA 95451 in Lake County.,,,,
95467 Hidden Valley Lake,zcta,95467,Hidden Valley Lake,38.8129545,-122.5480991,389910,,2023-02-28,10,0,Zillow ZIP-level market for Hidden Valley Lake; mapped with Census 2020 ZCTA 95467 in Lake County.,,,,
95457 Lower Lake,zcta,95457,Lower Lake,38.9240363,-122.5490825,421896,,2023-02-28,10,0,Zillow ZIP-level market for Lower Lake; mapped with Census 2020 ZCTA 95457 in Lake County.,,,,
95461 Middletown,zcta,95461,Middletown,38.7540062,-122.5521097,362243,,2023-02-28,10,0,Zillow ZIP-level market for Middletown; mapped with Census 2020 ZCTA 95461 in Lake County.,,,,
95423 Clearlake Oaks,zcta,95423,Clearlake Oaks,39.067376,-122.6297201,285401,,2023-02-28,10,0,Zillow ZIP-level market for Clearlake Oaks; mapped with Census 2020 ZCTA 95423 in Lake County.,,,,
95464 Upper Lake,zcta,95464,Upper Lake,39.1262459,-122.8470753,268741,,2023-02-28,10,0,Zillow ZIP-level market for Upper Lake; mapped with Census 2020 ZCTA 95464 in Lake County.,,,,
95469 Upper Lake,zcta,95469,Upper Lake,39.3989363,-123.0752527,479179,,2023-02-28,10,0,Zillow ZIP-level market for Upper Lake; mapped with Census 2020 ZCTA 95469 in Lake County.,,,,
95458 Lucerne,zcta,95458,Lucerne,39.1090084,-122.7776345,269085,,2023-02-28,10,0,Zillow ZIP-level market for Lucerne; mapped with Census 2020 ZCTA 95458 in Lake County.,,,,
95485 Nice,zcta,95485,Nice,39.2084696,-122.92572,369948,,2023-02-28,10,0,Zillow ZIP-level market for Nice; mapped with Census 2020 ZCTA 95485 in Lake County.,,,,
95443 Lucerne,zcta,95443,Lucerne,39.0501313,-122.7396314,278914,,2023-02-28,10,0,Zillow ZIP-level market for Lucerne; mapped with Census 2020 ZCTA 95443 in Lake County.,,,,
95426 Middletown,zcta,95426,Middletown,38.8334248,-122.7340614,307203,,2023-02-28,10,0,Zillow ZIP-level market for Middletown; mapped with Census 2020 ZCTA 95426 in Lake County.,,,,
95424 Clearlake,zcta,95424,Clearlake,0.0,0.0,313975,,2023-02-28,10,0,Zillow ZIP-level market for Clearlake; mapped with Census 2020 ZCTA 95424 in Lake County.,,,,
95422 Clearlake,zcta,95422,Clearlake,38.985515,-122.6425345,235533,,2023-03-31,10,0,Zillow ZIP-level market for Clearlake; mapped with Census 2020 ZCTA 95422 in Lake County.,,,,
95453 Lakeport,zcta,95453,Lakeport,39.0459308,-122.941077,389125,,2023-03-31,10,0,Zillow ZIP-level market for Lakeport; mapped with Census 2020 ZCTA 95453 in Lake County.,,,,
95451 Kelseyville,zcta,95451,Kelseyville,38.9221361,-122.7895645,374557,,2023-03-31,10,0,Zillow ZIP-level market for Kelseyville; mapped with Census 2020 ZCTA 95451 in Lake County.,,,,
95467 Hidden Valley Lake,zcta,95467,Hidden Valley Lake,38.8129545,-122.5480991,387953,,2023-03-31,10,0,Zillow ZIP-level market for Hidden Valley Lake; mapped with Census 2020 ZCTA 95467 in Lake County.,,,,
95457 Lower Lake,zcta,95457,Lower Lake,38.9240363,-122.5490825,418134,,2023-03-31,10,0,Zillow ZIP-level market for Lower Lake; mapped with Census 2020 ZCTA 95457 in Lake County.,,,,
95461 Middletown,zcta,95461,Middletown,38.7540062,-122.5521097,359531,,2023-03-31,10,0,Zillow ZIP-level market for Middletown; mapped with Census 2020 ZCTA 95461 in Lake County.,,,,
95423 Clearlake Oaks,zcta,95423,Clearlake Oaks,39.067376,-122.6297201,283448,,2023-03-31,10,0,Zillow ZIP-level market for Clearlake Oaks; mapped with Census 2020 ZCTA 95423 in Lake County.,,,,
95464 Upper Lake,zcta,95464,Upper Lake,39.1262459,-122.8470753,267167,,2023-03-31,10,0,Zillow ZIP-level market for Upper Lake; mapped with Census 2020 ZCTA 95464 in Lake County.,,,,
95469 Upper Lake,zcta,95469,Upper Lake,39.3989363,-123.0752527,478530,,2023-03-31,10,0,Zillow ZIP-level market for Upper Lake; mapped with Census 2020 ZCTA 95469 in Lake County.,,,,
95458 Lucerne,zcta,95458,Lucerne,39.1090084,-122.7776345,267261,,2023-03-31,10,0,Zillow ZIP-level market for Lucerne; mapped with Census 2020 ZCTA 95458 in Lake County.,,,,
95485 Nice,zcta,95485,Nice,39.2084696,-122.92572,367889,,2023-03-31,10,0,Zillow ZIP-level market for Nice; mapped with Census 2020 ZCTA 95485 in Lake County.,,,,
95443 Lucerne,zcta,95443,Lucerne,39.0501313,-122.7396314,276651,,2023-03-31,10,0,Zillow ZIP-level market for Lucerne; mapped with Census 2020 ZCTA 95443 in Lake County.,,,,
95426 Middletown,zcta,95426,Middletown,38.8334248,-122.7340614,305198,,2023-03-31,10,0,Zillow ZIP-level market for Middletown; mapped with Census 2020 ZCTA 95426 in Lake County.,,,,
95424 Clearlake,zcta,95424,Clearlake,0.0,0.0,309137,,2023-03-31,10,0,Zillow ZIP-level market for Clearlake; mapped with Census 2020 ZCTA 95424 in Lake County.,,,,
95422 Clearlake,zcta,95422,Clearlake,38.985515,-122.6425345,235535,,2023-04-30,10,0,Zillow ZIP-level market for Clearlake; mapped with Census 2020 ZCTA 95422 in Lake County.,,,,
95453 Lakeport,zcta,95453,Lakeport,39.0459308,-122.941077,387878,,2023-04-30,10,0,Zillow ZIP-level market for Lakeport; mapped with Census 2020 ZCTA 95453 in Lake County.,,,,
95451 Kelseyville,zcta,95451,Kelseyville,38.9221361,-122.7895645,373198,,2023-04-30,10,0,Zillow ZIP-level market for Kelseyville; mapped with Census 2020 ZCTA 95451 in Lake County.,,,,
95467 Hidden Valley Lake,zcta,95467,Hidden Valley Lake,38.8129545,-122.5480991,387401,,2023-04-30,10,0,Zillow ZIP-level market for Hidden Valley Lake; mapped with Census 2020 ZCTA 95467 in Lake County.,,,,
95457 Lower Lake,zcta,95457,Lower Lake,38.9240363,-122.5490825,415536,,2023-04-30,10,0,Zillow ZIP-level market for Lower Lake; mapped with Census 2020 ZCTA 95457 in Lake County.,,,,
95461 Middletown,zcta,95461,Middletown,38.7540062,-122.5521097,357052,,2023-04-30,10,0,Zillow ZIP-level market for Middletown; mapped with Census 2020 ZCTA 95461 in Lake County.,,,,
95423 Clearlake Oaks,zcta,95423,Clearlake Oaks,39.067376,-122.6297201,282659,,2023-04-30,10,0,Zillow ZIP-level market for Clearlake Oaks; mapped with Census 2020 ZCTA 95423 in Lake County.,,,,
95464 Upper Lake,zcta,95464,Upper Lake,39.1262459,-122.8470753,266045,,2023-04-30,10,0,Zillow ZIP-level market for Upper Lake; mapped with Census 2020 ZCTA 95464 in Lake County.,,,,
95469 Upper Lake,zcta,95469,Upper Lake,39.3989363,-123.0752527,479623,,2023-04-30,10,0,Zillow ZIP-level market for Upper Lake; mapped with Census 2020 ZCTA 95469 in Lake County.,,,,
95458 Lucerne,zcta,95458,Lucerne,39.1090084,-122.7776345,266660,,2023-04-30,10,0,Zillow ZIP-level market for Lucerne; mapped with Census 2020 ZCTA 95458 in Lake County.,,,,
95485 Nice,zcta,95485,Nice,39.2084696,-122.92572,365942,,2023-04-30,10,0,Zillow ZIP-level market for Nice; mapped with Census 2020 ZCTA 95485 in Lake County.,,,,
95443 Lucerne,zcta,95443,Lucerne,39.0501313,-122.7396314,275904,,2023-04-30,10,0,Zillow ZIP-level market for Lucerne; mapped with Census 2020 ZCTA 95443 in Lake County.,,,,
95426 Middletown,zcta,95426,Middletown,38.8334248,-122.7340614,303285,,2023-04-30,10,0,Zillow ZIP-level market for Middletown; mapped with Census 2020 ZCTA 95426 in Lake County.,,,,
95424 Clearlake,zcta,95424,Clearlake,0.0,0.0,304867,,2023-04-30,10,0,Zillow ZIP-level market for Clearlake; mapped with Census 2020 ZCTA 95424 in Lake County.,,,,
95422 Clearlake,zcta,95422,Clearlake,38.985515,-122.6425345,235010,,2023-05-31,10,0,Zillow ZIP-level market for Clearlake; mapped with Census 2020 ZCTA 95422 in Lake County.,,,,
95453 Lakeport,zcta,95453,Lakeport,39.0459308,-122.941077,387484,,2023-05-31,10,0,Zillow ZIP-level market for Lakeport; mapped with Census 2020 ZCTA 95453 in Lake County.,,,,
95451 Kelseyville,zcta,95451,Kelseyville,38.9221361,-122.7895645,372733,,2023-05-31,10,0,Zillow ZIP-level market for Kelseyville; mapped with Census 2020 ZCTA 95451 in Lake County.,,,,
95467 Hidden Valley Lake,zcta,95467,Hidden Valley Lake,38.8129545,-122.5480991,388255,,2023-05-31,10,0,Zillow ZIP-level market for Hidden Valley Lake; mapped with Census 2020 ZCTA 95467 in Lake County.,,,,
95457 Lower Lake,zcta,95457,Lower Lake,38.9240363,-122.5490825,413472,,2023-05-31,10,0,Zillow ZIP-level market for Lower Lake; mapped with Census 2020 ZCTA 95457 in Lake County.,,,,
95461 Middletown,zcta,95461,Middletown,38.7540062,-122.5521097,354728,,2023-05-31,10,0,Zillow ZIP-level market for Middletown; mapped with Census 2020 ZCTA 95461 in Lake County.,,,,
95423 Clearlake Oaks,zcta,95423,Clearlake Oaks,39.067376,-122.6297201,282422,,2023-05-31,10,0,Zillow ZIP-level market for Clearlake Oaks; mapped with Census 2020 ZCTA 95423 in Lake County.,,,,
95464 Upper Lake,zcta,95464,Upper Lake,39.1262459,-122.8470753,265323,,2023-05-31,10,0,Zillow ZIP-level market for Upper Lake; mapped with Census 2020 ZCTA 95464 in Lake County.,,,,
95469 Upper Lake,zcta,95469,Upper Lake,39.3989363,-123.0752527,483435,,2023-05-31,10,0,Zillow ZIP-level market for Upper Lake; mapped with Census 2020 ZCTA 95469 in Lake County.,,,,
95458 Lucerne,zcta,95458,Lucerne,39.1090084,-122.7776345,266308,,2023-05-31,10,0,Zillow ZIP-level market for Lucerne; mapped with Census 2020 ZCTA 95458 in Lake County.,,,,
95485 Nice,zcta,95485,Nice,39.2084696,-122.92572,363745,,2023-05-31,10,0,Zillow ZIP-level market for Nice; mapped with Census 2020 ZCTA 95485 in Lake County.,,,,
95443 Lucerne,zcta,95443,Lucerne,39.0501313,-122.7396314,276267,,2023-05-31,10,0,Zillow ZIP-level market for Lucerne; mapped with Census 2020 ZCTA 95443 in Lake County.,,,,
95426 Middletown,zcta,95426,Middletown,38.8334248,-122.7340614,301114,,2023-05-31,10,0,Zillow ZIP-level market for Middletown; mapped with Census 2020 ZCTA 95426 in Lake County.,,,,
95424 Clearlake,zcta,95424,Clearlake,0.0,0.0,301187,,2023-05-31,10,0,Zillow ZIP-level market for Clearlake; mapped with Census 2020 ZCTA 95424 in Lake County.,,,,
95422 Clearlake,zcta,95422,Clearlake,38.985515,-122.6425345,234489,,2023-06-30,10,0,Zillow ZIP-level market for Clearlake; mapped with Census 2020 ZCTA 95422 in Lake County.,,,,
95453 Lakeport,zcta,95453,Lakeport,39.0459308,-122.941077,388060,,2023-06-30,10,0,Zillow ZIP-level market for Lakeport; mapped with Census 2020 ZCTA 95453 in Lake County.,,,,
95451 Kelseyville,zcta,95451,Kelseyville,38.9221361,-122.7895645,372905,,2023-06-30,10,0,Zillow ZIP-level market for Kelseyville; mapped with Census 2020 ZCTA 95451 in Lake County.,,,,
95467 Hidden Valley Lake,zcta,95467,Hidden Valley Lake,38.8129545,-122.5480991,389479,,2023-06-30,10,0,Zillow ZIP-level market for Hidden Valley Lake; mapped with Census 2020 ZCTA 95467 in Lake County.,,,,
95457 Lower Lake,zcta,95457,Lower Lake,38.9240363,-122.5490825,412561,,2023-06-30,10,0,Zillow ZIP-level market for Lower Lake; mapped with Census 2020 ZCTA 95457 in Lake County.,,,,
95461 Middletown,zcta,95461,Middletown,38.7540062,-122.5521097,353293,,2023-06-30,10,0,Zillow ZIP-level market for Middletown; mapped with Census 2020 ZCTA 95461 in Lake County.,,,,
95423 Clearlake Oaks,zcta,95423,Clearlake Oaks,39.067376,-122.6297201,283046,,2023-06-30,10,0,Zillow ZIP-level market for Clearlake Oaks; mapped with Census 2020 ZCTA 95423 in Lake County.,,,,
95464 Upper Lake,zcta,95464,Upper Lake,39.1262459,-122.8470753,264675,,2023-06-30,10,0,Zillow ZIP-level market for Upper Lake; mapped with Census 2020 ZCTA 95464 in Lake County.,,,,
95469 Upper Lake,zcta,95469,Upper Lake,39.3989363,-123.0752527,484556,,2023-06-30,10,0,Zillow ZIP-level market for Upper Lake; mapped with Census 2020 ZCTA 95469 in Lake County.,,,,
95458 Lucerne,zcta,95458,Lucerne,39.1090084,-122.7776345,266168,,2023-06-30,10,0,Zillow ZIP-level market for Lucerne; mapped with Census 2020 ZCTA 95458 in Lake County.,,,,
95485 Nice,zcta,95485,Nice,39.2084696,-122.92572,361796,,2023-06-30,10,0,Zillow ZIP-level market for Nice; mapped with Census 2020 ZCTA 95485 in Lake County.,,,,
95443 Lucerne,zcta,95443,Lucerne,39.0501313,-122.7396314,276781,,2023-06-30,10,0,Zillow ZIP-level market for Lucerne; mapped with Census 2020 ZCTA 95443 in Lake County.,,,,
95426 Middletown,zcta,95426,Middletown,38.8334248,-122.7340614,299865,,2023-06-30,10,0,Zillow ZIP-level market for Middletown; mapped with Census 2020 ZCTA 95426 in Lake County.,,,,
95424 Clearlake,zcta,95424,Clearlake,0.0,0.0,297366,,2023-06-30,10,0,Zillow ZIP-level market for Clearlake; mapped with Census 2020 ZCTA 95424 in Lake County.,,,,
95422 Clearlake,zcta,95422,Clearlake,38.985515,-122.6425345,233843,,2023-07-31,10,0,Zillow ZIP-level market for Clearlake; mapped with Census 2020 ZCTA 95422 in Lake County.,,,,
95453 Lakeport,zcta,95453,Lakeport,39.0459308,-122.941077,388612,,2023-07-31,10,0,Zillow ZIP-level market for Lakeport; mapped with Census 2020 ZCTA 95453 in Lake County.,,,,
95451 Kelseyville,zcta,95451,Kelseyville,38.9221361,-122.7895645,372927,,2023-07-31,10,0,Zillow ZIP-level market for Kelseyville; mapped with Census 2020 ZCTA 95451 in Lake County.,,,,
95467 Hidden Valley Lake,zcta,95467,Hidden Valley Lake,38.8129545,-122.5480991,389791,,2023-07-31,10,0,Zillow ZIP-level market for Hidden Valley Lake; mapped with Census 2020 ZCTA 95467 in Lake County.,,,,
95457 Lower Lake,zcta,95457,Lower Lake,38.9240363,-122.5490825,411164,,2023-07-31,10,0,Zillow ZIP-level market for Lower Lake; mapped with Census 2020 ZCTA 95457 in Lake County.,,,,
95461 Middletown,zcta,95461,Middletown,38.7540062,-122.5521097,351922,,2023-07-31,10,0,Zillow ZIP-level market for Middletown; mapped with Census 2020 ZCTA 95461 in Lake County.,,,,
95423 Clearlake Oaks,zcta,95423,Clearlake Oaks,39.067376,-122.6297201,283016,,2023-07-31,10,0,Zillow ZIP-level market for Clearlake Oaks; mapped with Census 2020 ZCTA 95423 in Lake County.,,,,
95464 Upper Lake,zcta,95464,Upper Lake,39.1262459,-122.8470753,263731,,2023-07-31,10,0,Zillow ZIP-level market for Upper Lake; mapped with Census 2020 ZCTA 95464 in Lake County.,,,,
95469 Upper Lake,zcta,95469,Upper Lake,39.3989363,-123.0752527,481612,,2023-07-31,10,0,Zillow ZIP-level market for Upper Lake; mapped with Census 2020 ZCTA 95469 in Lake County.,,,,
95458 Lucerne,zcta,95458,Lucerne,39.1090084,-122.7776345,265689,,2023-07-31,10,0,Zillow ZIP-level market for Lucerne; mapped with Census 2020 ZCTA 95458 in Lake County.,,,,
95485 Nice,zcta,95485,Nice,39.2084696,-122.92572,360180,,2023-07-31,10,0,Zillow ZIP-level market for Nice; mapped with Census 2020 ZCTA 95485 in Lake County.,,,,
95443 Lucerne,zcta,95443,Lucerne,39.0501313,-122.7396314,276075,,2023-07-31,10,0,Zillow ZIP-level market for Lucerne; mapped with Census 2020 ZCTA 95443 in Lake County.,,,,
95426 Middletown,zcta,95426,Middletown,38.8334248,-122.7340614,299359,,2023-07-31,10,0,Zillow ZIP-level market for Middletown; mapped with Census 2020 ZCTA 95426 in Lake County.,,,,
95424 Clearlake,zcta,95424,Clearlake,0.0,0.0,294191,,2023-07-31,10,0,Zillow ZIP-level market for Clearlake; mapped with Census 2020 ZCTA 95424 in Lake County.,,,,
95422 Clearlake,zcta,95422,Clearlake,38.985515,-122.6425345,233071,,2023-08-31,10,0,Zillow ZIP-level market for Clearlake; mapped with Census 2020 ZCTA 95422 in Lake County.,,,,
95453 Lakeport,zcta,95453,Lakeport,39.0459308,-122.941077,388342,,2023-08-31,10,0,Zillow ZIP-level market for Lakeport; mapped with Census 2020 ZCTA 95453 in Lake County.,,,,
95451 Kelseyville,zcta,95451,Kelseyville,38.9221361,-122.7895645,372700,,2023-08-31,10,0,Zillow ZIP-level market for Kelseyville; mapped with Census 2020 ZCTA 95451 in Lake County.,,,,
95467 Hidden Valley Lake,zcta,95467,Hidden Valley Lake,38.8129545,-122.5480991,389511,,2023-08-31,10,0,Zillow ZIP-level market for Hidden Valley Lake; mapped with Census 2020 ZCTA 95467 in Lake County.,,,,
95457 Lower Lake,zcta,95457,Lower Lake,38.9240363,-122.5490825,409342,,2023-08-31,10,0,Zillow ZIP-level market for Lower Lake; mapped with Census 2020 ZCTA 95457 in Lake County.,,,,
95461 Middletown,zcta,95461,Middletown,38.7540062,-122.5521097,349894,,2023-08-31,10,0,Zillow ZIP-level market for Middletown; mapped with Census 2020 ZCTA 95461 in Lake County.,,,,
95423 Clearlake Oaks,zcta,95423,Clearlake Oaks,39.067376,-122.6297201,282583,,2023-08-31,10,0,Zillow ZIP-level market for Clearlake Oaks; mapped with Census 2020 ZCTA 95423 in Lake County.,,,,
95464 Upper Lake,zcta,95464,Upper Lake,39.1262459,-122.8470753,262046,,2023-08-31,10,0,Zillow ZIP-level market for Upper Lake; mapped with Census 2020 ZCTA 95464 in Lake County.,,,,
95469 Upper Lake,zcta,95469,Upper Lake,39.3989363,-123.0752527,477332,,2023-08-31,10,0,Zillow ZIP-level market for Upper Lake; mapped with Census 2020 ZCTA 95469 in Lake County.,,,,
95458 Lucerne,zcta,95458,Lucerne,39.1090084,-122.7776345,264939,,2023-08-31,10,0,Zillow ZIP-level market for Lucerne; mapped with Census 2020 ZCTA 95458 in Lake County.,,,,
95485 Nice,zcta,95485,Nice,39.2084696,-122.92572,357868,,2023-08-31,10,0,Zillow ZIP-level market for Nice; mapped with Census 2020 ZCTA 95485 in Lake County.,,,,
95443 Lucerne,zcta,95443,Lucerne,39.0501313,-122.7396314,274621,,2023-08-31,10,0,Zillow ZIP-level market for Lucerne; mapped with Census 2020 ZCTA 95443 in Lake County.,,,,
95426 Middletown,zcta,95426,Middletown,38.8334248,-122.7340614,300014,,2023-08-31,10,0,Zillow ZIP-level market for Middletown; mapped with Census 2020 ZCTA 95426 in Lake County.,,,,
95424 Clearlake,zcta,95424,Clearlake,0.0,0.0,291214,,2023-08-31,10,0,Zillow ZIP-level market for Clearlake; mapped with Census 2020 ZCTA 95424 in Lake County.,,,,
95422 Clearlake,zcta,95422,Clearlake,38.985515,-122.6425345,231559,,2023-09-30,10,0,Zillow ZIP-level market for Clearlake; mapped with Census 2020 ZCTA 95422 in Lake County.,,,,
95453 Lakeport,zcta,95453,Lakeport,39.0459308,-122.941077,387069,,2023-09-30,10,0,Zillow ZIP-level market for Lakeport; mapped with Census 2020 ZCTA 95453 in Lake County.,,,,
95451 Kelseyville,zcta,95451,Kelseyville,38.9221361,-122.7895645,371813,,2023-09-30,10,0,Zillow ZIP-level market for Kelseyville; mapped with Census 2020 ZCTA 95451 in Lake County.,,,,
95467 Hidden Valley Lake,zcta,95467,Hidden Valley Lake,38.8129545,-122.5480991,388153,,2023-09-30,10,0,Zillow ZIP-level market for Hidden Valley Lake; mapped with Census 2020 ZCTA 95467 in Lake County.,,,,
95457 Lower Lake,zcta,95457,Lower Lake,38.9240363,-122.5490825,405924,,2023-09-30,10,0,Zillow ZIP-level market for Lower Lake; mapped with Census 2020 ZCTA 95457 in Lake County.,,,,
95461 Middletown,zcta,95461,Middletown,38.7540062,-122.5521097,346659,,2023-09-30,10,0,Zillow ZIP-level market for Middletown; mapped with Census 2020 ZCTA 95461 in Lake County.,,,,
95423 Clearlake Oaks,zcta,95423,Clearlake Oaks,39.067376,-122.6297201,281438,,2023-09-30,10,0,Zillow ZIP-level market for Clearlake Oaks; mapped with Census 2020 ZCTA 95423 in Lake County.,,,,
95464 Upper Lake,zcta,95464,Upper Lake,39.1262459,-122.8470753,259106,,2023-09-30,10,0,Zillow ZIP-level market for Upper Lake; mapped with Census 2020 ZCTA 95464 in Lake County.,,,,
95469 Upper Lake,zcta,95469,Upper Lake,39.3989363,-123.0752527,474176,,2023-09-30,10,0,Zillow ZIP-level market for Upper Lake; mapped with Census 2020 ZCTA 95469 in Lake County.,,,,
95458 Lucerne,zcta,95458,Lucerne,39.1090084,-122.7776345,263750,,2023-09-30,10,0,Zillow ZIP-level market for Lucerne; mapped with Census 2020 ZCTA 95458 in Lake County.,,,,
95485 Nice,zcta,95485,Nice,39.2084696,-122.92572,355048,,2023-09-30,10,0,Zillow ZIP-level market for Nice; mapped with Census 2020 ZCTA 95485 in Lake County.,,,,
95443 Lucerne,zcta,95443,Lucerne,39.0501313,-122.7396314,272846,,2023-09-30,10,0,Zillow ZIP-level market for Lucerne; mapped with Census 2020 ZCTA 95443 in Lake County.,,,,
95426 Middletown,zcta,95426,Middletown,38.8334248,-122.7340614,299867,,2023-09-30,10,0,Zillow ZIP-level market for Middletown; mapped with Census 2020 ZCTA 95426 in Lake County.,,,,
95424 Clearlake,zcta,95424,Clearlake,0.0,0.0,289474,,2023-09-30,10,0,Zillow ZIP-level market for Clearlake; mapped with Census 2020 ZCTA 95424 in Lake County.,,,,
95422 Clearlake,zcta,95422,Clearlake,38.985515,-122.6425345,229204,,2023-10-31,10,0,Zillow ZIP-level market for Clearlake; mapped with Census 2020 ZCTA 95422 in Lake County.,,,,
95453 Lakeport,zcta,95453,Lakeport,39.0459308,-122.941077,384984,,2023-10-31,10,0,Zillow ZIP-level market for Lakeport; mapped with Census 2020 ZCTA 95453 in Lake County.,,,,
95451 Kelseyville,zcta,95451,Kelseyville,38.9221361,-122.7895645,369894,,2023-10-31,10,0,Zillow ZIP-level market for Kelseyville; mapped with Census 2020 ZCTA 95451 in Lake County.,,,,
95467 Hidden Valley Lake,zcta,95467,Hidden Valley Lake,38.8129545,-122.5480991,385945,,2023-10-31,10,0,Zillow ZIP-level market for Hidden Valley Lake; mapped with Census 2020 ZCTA 95467 in Lake County.,,,,
95457 Lower Lake,zcta,95457,Lower Lake,38.9240363,-122.5490825,401670,,2023-10-31,10,0,Zillow ZIP-level market for Lower Lake; mapped with Census 2020 ZCTA 95457 in Lake County.,,,,
95461 Middletown,zcta,95461,Middletown,38.7540062,-122.5521097,341929,,2023-10-31,10,0,Zillow ZIP-level market for Middletown; mapped with Census 2020 ZCTA 95461 in Lake County.,,,,
95423 Clearlake Oaks,zcta,95423,Clearlake Oaks,39.067376,-122.6297201,279997,,2023-10-31,10,0,Zillow ZIP-level market for Clearlake Oaks; mapped with Census 2020 ZCTA 95423 in Lake County.,,,,
95464 Upper Lake,zcta,95464,Upper Lake,39.1262459,-122.8470753,255323,,2023-10-31,10,0,Zillow ZIP-level market for Upper Lake; mapped with Census 2020 ZCTA 95464 in Lake County.,,,,
95469 Upper Lake,zcta,95469,Upper Lake,39.3989363,-123.0752527,471015,,2023-10-31,10,0,Zillow ZIP-level market for Upper Lake; mapped with Census 2020 ZCTA 95469 in Lake County.,,,,
95458 Lucerne,zcta,95458,Lucerne,39.1090084,-122.7776345,262368,,2023-10-31,10,0,Zillow ZIP-level market for Lucerne; mapped with Census 2020 ZCTA 95458 in Lake County.,,,,
95485 Nice,zcta,95485,Nice,39.2084696,-122.92572,350043,,2023-10-31,10,0,Zillow ZIP-level market for Nice; mapped with Census 2020 ZCTA 95485 in Lake County.,,,,
95443 Lucerne,zcta,95443,Lucerne,39.0501313,-122.7396314,270935,,2023-10-31,10,0,Zillow ZIP-level market for Lucerne; mapped with Census 2020 ZCTA 95443 in Lake County.,,,,
95426 Middletown,zcta,95426,Middletown,38.8334248,-122.7340614,297932,,2023-10-31,10,0,Zillow ZIP-level market for Middletown; mapped with Census 2020 ZCTA 95426 in Lake County.,,,,
95424 Clearlake,zcta,95424,Clearlake,0.0,0.0,287362,,2023-10-31,10,0,Zillow ZIP-level market for Clearlake; mapped with Census 2020 ZCTA 95424 in Lake County.,,,,
95422 Clearlake,zcta,95422,Clearlake,38.985515,-122.6425345,227143,,2023-11-30,10,0,Zillow ZIP-level market for Clearlake; mapped with Census 2020 ZCTA 95422 in Lake County.,,,,
95453 Lakeport,zcta,95453,Lakeport,39.0459308,-122.941077,382333,,2023-11-30,10,0,Zillow ZIP-level market for Lakeport; mapped with Census 2020 ZCTA 95453 in Lake County.,,,,
95451 Kelseyville,zcta,95451,Kelseyville,38.9221361,-122.7895645,367553,,2023-11-30,10,0,Zillow ZIP-level market for Kelseyville; mapped with Census 2020 ZCTA 95451 in Lake County.,,,,
95467 Hidden Valley Lake,zcta,95467,Hidden Valley Lake,38.8129545,-122.5480991,383184,,2023-11-30,10,0,Zillow ZIP-level market for Hidden Valley Lake; mapped with Census 2020 ZCTA 95467 in Lake County.,,,,
95457 Lower Lake,zcta,95457,Lower Lake,38.9240363,-122.5490825,398106,,2023-11-30,10,0,Zillow ZIP-level market for Lower Lake; mapped with Census 2020 ZCTA 95457 in Lake County.,,,,
95461 Middletown,zcta,95461,Middletown,38.7540062,-122.5521097,337403,,2023-11-30,10,0,Zillow ZIP-level market for Middletown; mapped with Census 2020 ZCTA 95461 in Lake County.,,,,
95423 Clearlake Oaks,zcta,95423,Clearlake Oaks,39.067376,-122.6297201,278588,,2023-11-30,10,0,Zillow ZIP-level market for Clearlake Oaks; mapped with Census 2020 ZCTA 95423 in Lake County.,,,,
95464 Upper Lake,zcta,95464,Upper Lake,39.1262459,-122.8470753,252310,,2023-11-30,10,0,Zillow ZIP-level market for Upper Lake; mapped with Census 2020 ZCTA 95464 in Lake County.,,,,
95469 Upper Lake,zcta,95469,Upper Lake,39.3989363,-123.0752527,467553,,2023-11-30,10,0,Zillow ZIP-level market for Upper Lake; mapped with Census 2020 ZCTA 95469 in Lake County.,,,,
95458 Lucerne,zcta,95458,Lucerne,39.1090084,-122.7776345,260700,,2023-11-30,10,0,Zillow ZIP-level market for Lucerne; mapped with Census 2020 ZCTA 95458 in Lake County.,,,,
95485 Nice,zcta,95485,Nice,39.2084696,-122.92572,344665,,2023-11-30,10,0,Zillow ZIP-level market for Nice; mapped with Census 2020 ZCTA 95485 in Lake County.,,,,
95443 Lucerne,zcta,95443,Lucerne,39.0501313,-122.7396314,268701,,2023-11-30,10,0,Zillow ZIP-level market for Lucerne; mapped with Census 2020 ZCTA 95443 in Lake County.,,,,
95426 Middletown,zcta,95426,Middletown,38.8334248,-122.7340614,294426,,2023-11-30,10,0,Zillow ZIP-level market for Middletown; mapped with Census 2020 ZCTA 95426 in Lake County.,,,,
95424 Clearlake,zcta,95424,Clearlake,0.0,0.0,284757,,2023-11-30,10,0,Zillow ZIP-level market for Clearlake; mapped with Census 2020 ZCTA 95424 in Lake County.,,,,
95422 Clearlake,zcta,95422,Clearlake,38.985515,-122.6425345,225329,,2023-12-31,10,0,Zillow ZIP-level market for Clearlake; mapped with Census 2020 ZCTA 95422 in Lake County.,,,,
95453 Lakeport,zcta,95453,Lakeport,39.0459308,-122.941077,379381,,2023-12-31,10,0,Zillow ZIP-level market for Lakeport; mapped with Census 2020 ZCTA 95453 in Lake County.,,,,
95451 Kelseyville,zcta,95451,Kelseyville,38.9221361,-122.7895645,365668,,2023-12-31,10,0,Zillow ZIP-level market for Kelseyville; mapped with Census 2020 ZCTA 95451 in Lake County.,,,,
95467 Hidden Valley Lake,zcta,95467,Hidden Valley Lake,38.8129545,-122.5480991,380843,,2023-12-31,10,0,Zillow ZIP-level market for Hidden Valley Lake; mapped with Census 2020 ZCTA 95467 in Lake County.,,,,
95457 Lower Lake,zcta,95457,Lower Lake,38.9240363,-122.5490825,395126,,2023-12-31,10,0,Zillow ZIP-level market for Lower Lake; mapped with Census 2020 ZCTA 95457 in Lake County.,,,,
95461 Middletown,zcta,95461,Middletown,38.7540062,-122.5521097,335181,,2023-12-31,10,0,Zillow ZIP-level market for Middletown; mapped with Census 2020 ZCTA 95461 in Lake County.,,,,
95423 Clearlake Oaks,zcta,95423,Clearlake Oaks,39.067376,-122.6297201,277108,,2023-12-31,10,0,Zillow ZIP-level market for Clearlake Oaks; mapped with Census 2020 ZCTA 95423 in Lake County.,,,,
95464 Upper Lake,zcta,95464,Upper Lake,39.1262459,-122.8470753,249853,,2023-12-31,10,0,Zillow ZIP-level market for Upper Lake; mapped with Census 2020 ZCTA 95464 in Lake County.,,,,
95469 Upper Lake,zcta,95469,Upper Lake,39.3989363,-123.0752527,463050,,2023-12-31,10,0,Zillow ZIP-level market for Upper Lake; mapped with Census 2020 ZCTA 95469 in Lake County.,,,,
95458 Lucerne,zcta,95458,Lucerne,39.1090084,-122.7776345,258773,,2023-12-31,10,0,Zillow ZIP-level market for Lucerne; mapped with Census 2020 ZCTA 95458 in Lake County.,,,,
95485 Nice,zcta,95485,Nice,39.2084696,-122.92572,339076,,2023-12-31,10,0,Zillow ZIP-level market for Nice; mapped with Census 2020 ZCTA 95485 in Lake County.,,,,
95443 Lucerne,zcta,95443,Lucerne,39.0501313,-122.7396314,265947,,2023-12-31,10,0,Zillow ZIP-level market for Lucerne; mapped with Census 2020 ZCTA 95443 in Lake County.,,,,
95426 Middletown,zcta,95426,Middletown,38.8334248,-122.7340614,291637,,2023-12-31,10,0,Zillow ZIP-level market for Middletown; mapped with Census 2020 ZCTA 95426 in Lake County.,,,,
95424 Clearlake,zcta,95424,Clearlake,0.0,0.0,281592,,2023-12-31,10,0,Zillow ZIP-level market for Clearlake; mapped with Census 2020 ZCTA 95424 in Lake County.,,,,
95422 Clearlake,zcta,95422,Clearlake,38.985515,-122.6425345,223940,,2024-01-31,10,0,Zillow ZIP-level market for Clearlake; mapped with Census 2020 ZCTA 95422 in Lake County.,,,,
95453 Lakeport,zcta,95453,Lakeport,39.0459308,-122.941077,376671,,2024-01-31,10,0,Zillow ZIP-level market for Lakeport; mapped with Census 2020 ZCTA 95453 in Lake County.,,,,
95451 Kelseyville,zcta,95451,Kelseyville,38.9221361,-122.7895645,365019,,2024-01-31,10,0,Zillow ZIP-level market for Kelseyville; mapped with Census 2020 ZCTA 95451 in Lake County.,,,,
95467 Hidden Valley Lake,zcta,95467,Hidden Valley Lake,38.8129545,-122.5480991,379315,,2024-01-31,10,0,Zillow ZIP-level market for Hidden Valley Lake; mapped with Census 2020 ZCTA 95467 in Lake County.,,,,
95457 Lower Lake,zcta,95457,Lower Lake,38.9240363,-122.5490825,392537,,2024-01-31,10,0,Zillow ZIP-level market for Lower Lake; mapped with Census 2020 ZCTA 95457 in Lake County.,,,,
95461 Middletown,zcta,95461,Middletown,38.7540062,-122.5521097,334242,,2024-01-31,10,0,Zillow ZIP-level market for Middletown; mapped with Census 2020 ZCTA 95461 in Lake County.,,,,
95423 Clearlake Oaks,zcta,95423,Clearlake Oaks,39.067376,-122.6297201,276179,,2024-01-31,10,0,Zillow ZIP-level market for Clearlake Oaks; mapped with Census 2020 ZCTA 95423 in Lake County.,,,,
95464 Upper Lake,zcta,95464,Upper Lake,39.1262459,-122.8470753,248759,,2024-01-31,10,0,Zillow ZIP-level market for Upper Lake; mapped with Census 2020 ZCTA 95464 in Lake County.,,,,
95469 Upper Lake,zcta,95469,Upper Lake,39.3989363,-123.0752527,456285,,2024-01-31,10,0,Zillow ZIP-level market for Upper Lake; mapped with Census 2020 ZCTA 95469 in Lake County.,,,,
95458 Lucerne,zcta,95458,Lucerne,39.1090084,-122.7776345,257508,,2024-01-31,10,0,Zillow ZIP-level market for Lucerne; mapped with Census 2020 ZCTA 95458 in Lake County.,,,,
95485 Nice,zcta,95485,Nice,39.2084696,-122.92572,334378,,2024-01-31,10,0,Zillow ZIP-level market for Nice; mapped with Census 2020 ZCTA 95485 in Lake County.,,,,
95443 Lucerne,zcta,95443,Lucerne,39.0501313,-122.7396314,264000,,2024-01-31,10,0,Zillow ZIP-level market for Lucerne; mapped with Census 2020 ZCTA 95443 in Lake County.,,,,
95426 Middletown,zcta,95426,Middletown,38.8334248,-122.7340614,290033,,2024-01-31,10,0,Zillow ZIP-level market for Middletown; mapped with Census 2020 ZCTA 95426 in Lake County.,,,,
95424 Clearlake,zcta,95424,Clearlake,0.0,0.0,279013,,2024-01-31,10,0,Zillow ZIP-level market for Clearlake; mapped with Census 2020 ZCTA 95424 in Lake County.,,,,
95422 Clearlake,zcta,95422,Clearlake,38.985515,-122.6425345,222309,,2024-02-29,10,0,Zillow ZIP-level market for Clearlake; mapped with Census 2020 ZCTA 95422 in Lake County.,,,,
95453 Lakeport,zcta,95453,Lakeport,39.0459308,-122.941077,374942,,2024-02-29,10,0,Zillow ZIP-level market for Lakeport; mapped with Census 2020 ZCTA 95453 in Lake County.,,,,
95451 Kelseyville,zcta,95451,Kelseyville,38.9221361,-122.7895645,364834,,2024-02-29,10,0,Zillow ZIP-level market for Kelseyville; mapped with Census 2020 ZCTA 95451 in Lake County.,,,,
95467 Hidden Valley Lake,zcta,95467,Hidden Valley Lake,38.8129545,-122.5480991,378571,,2024-02-29,10,0,Zillow ZIP-level market for Hidden Valley Lake; mapped with Census 2020 ZCTA 95467 in Lake County.,,,,
95457 Lower Lake,zcta,95457,Lower Lake,38.9240363,-122.5490825,390723,,2024-02-29,10,0,Zillow ZIP-level market for Lower Lake; mapped with Census 2020 ZCTA 95457 in Lake County.,,,,
95461 Middletown,zcta,95461,Middletown,38.7540062,-122.5521097,333287,,2024-02-29,10,0,Zillow ZIP-level market for Middletown; mapped with Census 2020 ZCTA 95461 in Lake County.,,,,
95423 Clearlake Oaks,zcta,95423,Clearlake Oaks,39.067376,-122.6297201,275829,,2024-02-29,10,0,Zillow ZIP-level market for Clearlake Oaks; mapped with Census 2020 ZCTA 95423 in Lake County.,,,,
95464 Upper Lake,zcta,95464,Upper Lake,39.1262459,-122.8470753,248445,,2024-02-29,10,0,Zillow ZIP-level market for Upper Lake; mapped with Census 2020 ZCTA 95464 in Lake County.,,,,
95469 Upper Lake,zcta,95469,Upper Lake,39.3989363,-123.0752527,450191,,2024-02-29,10,0,Zillow ZIP-level market for Upper Lake; mapped with Census 2020 ZCTA 95469 in Lake County.,,,,
95458 Lucerne,zcta,95458,Lucerne,39.1090084,-122.7776345,257289,,2024-02-29,10,0,Zillow ZIP-level market for Lucerne; mapped with Census 2020 ZCTA 95458 in Lake County.,,,,
95485 Nice,zcta,95485,Nice,39.2084696,-122.92572,330749,,2024-02-29,10,0,Zillow ZIP-level market for Nice; mapped with Census 2020 ZCTA 95485 in Lake County.,,,,
95443 Lucerne,zcta,95443,Lucerne,39.0501313,-122.7396314,262867,,2024-02-29,10,0,Zillow ZIP-level market for Lucerne; mapped with Census 2020 ZCTA 95443 in Lake County.,,,,
95426 Middletown,zcta,95426,Middletown,38.8334248,-122.7340614,289239,,2024-02-29,10,0,Zillow ZIP-level market for Middletown; mapped with Census 2020 ZCTA 95426 in Lake County.,,,,
95424 Clearlake,zcta,95424,Clearlake,0.0,0.0,277521,,2024-02-29,10,0,Zillow ZIP-level market for Clearlake; mapped with Census 2020 ZCTA 95424 in Lake County.,,,,
95422 Clearlake,zcta,95422,Clearlake,38.985515,-122.6425345,221781,,2024-03-31,10,0,Zillow ZIP-level market for Clearlake; mapped with Census 2020 ZCTA 95422 in Lake County.,,,,
95453 Lakeport,zcta,95453,Lakeport,39.0459308,-122.941077,374685,,2024-03-31,10,0,Zillow ZIP-level market for Lakeport; mapped with Census 2020 ZCTA 95453 in Lake County.,,,,
95451 Kelseyville,zcta,95451,Kelseyville,38.9221361,-122.7895645,364978,,2024-03-31,10,0,Zillow ZIP-level market for Kelseyville; mapped with Census 2020 ZCTA 95451 in Lake County.,,,,
95467 Hidden Valley Lake,zcta,95467,Hidden Valley Lake,38.8129545,-122.5480991,378544,,2024-03-31,10,0,Zillow ZIP-level market for Hidden Valley Lake; mapped with Census 2020 ZCTA 95467 in Lake County.,,,,
95457 Lower Lake,zcta,95457,Lower Lake,38.9240363,-122.5490825,391612,,2024-03-31,10,0,Zillow ZIP-level market for Lower Lake; mapped with Census 2020 ZCTA 95457 in Lake County.,,,,
95461 Middletown,zcta,95461,Middletown,38.7540062,-122.5521097,332750,,2024-03-31,10,0,Zillow ZIP-level market for Middletown; mapped with Census 2020 ZCTA 95461 in Lake County.,,,,
95423 Clearlake Oaks,zcta,95423,Clearlake Oaks,39.067376,-122.6297201,276520,,2024-03-31,10,0,Zillow ZIP-level market for Clearlake Oaks; mapped with Census 2020 ZCTA 95423 in Lake County.,,,,
95464 Upper Lake,zcta,95464,Upper Lake,39.1262459,-122.8470753,250493,,2024-03-31,10,0,Zillow ZIP-level market for Upper Lake; mapped with Census 2020 ZCTA 95464 in Lake County.,,,,
95469 Upper Lake,zcta,95469,Upper Lake,39.3989363,-123.0752527,450241,,2024-03-31,10,0,Zillow ZIP-level market for Upper Lake; mapped with Census 2020 ZCTA 95469 in Lake County.,,,,
95458 Lucerne,zcta,95458,Lucerne,39.1090084,-122.7776345,257895,,2024-03-31,10,0,Zillow ZIP-level market for Lucerne; mapped with Census 2020 ZCTA 95458 in Lake County.,,,,
95485 Nice,zcta,95485,Nice,39.2084696,-122.92572,329547,,2024-03-31,10,0,Zillow ZIP-level market for Nice; mapped with Census 2020 ZCTA 95485 in Lake County.,,,,
95443 Lucerne,zcta,95443,Lucerne,39.0501313,-122.7396314,262809,,2024-03-31,10,0,Zillow ZIP-level market for Lucerne; mapped with Census 2020 ZCTA 95443 in Lake County.,,,,
95426 Middletown,zcta,95426,Middletown,38.8334248,-122.7340614,289306,,2024-03-31,10,0,Zillow ZIP-level market for Middletown; mapped with Census 2020 ZCTA 95426 in Lake County.,,,,
95424 Clearlake,zcta,95424,Clearlake,0.0,0.0,277435,,2024-03-31,10,0,Zillow ZIP-level market for Clearlake; mapped with Census 2020 ZCTA 95424 in Lake County.,,,,
95422 Clearlake,zcta,95422,Clearlake,38.985515,-122.6425345,222748,,2024-04-30,10,0,Zillow ZIP-level market for Clearlake; mapped with Census 2020 ZCTA 95422 in Lake County.,,,,
95453 Lakeport,zcta,95453,Lakeport,39.0459308,-122.941077,375345,,2024-04-30,10,0,Zillow ZIP-level market for Lakeport; mapped with Census 2020 ZCTA 95453 in Lake County.,,,,
95451 Kelseyville,zcta,95451,Kelseyville,38.9221361,-122.7895645,365344,,2024-04-30,10,0,Zillow ZIP-level market for Kelseyville; mapped with Census 2020 ZCTA 95451 in Lake County.,,,,
95467 Hidden Valley Lake,zcta,95467,Hidden Valley Lake,38.8129545,-122.5480991,379770,,2024-04-30,10,0,Zillow ZIP-level market for Hidden Valley Lake; mapped with Census 2020 ZCTA 95467 in Lake County.,,,,
95457 Lower Lake,zcta,95457,Lower Lake,38.9240363,-122.5490825,394217,,2024-04-30,10,0,Zillow ZIP-level market for Lower Lake; mapped with Census 2020 ZCTA 95457 in Lake County.,,,,
95461 Middletown,zcta,95461,Middletown,38.7540062,-122.5521097,333605,,2024-04-30,10,0,Zillow ZIP-level market for Middletown; mapped with Census 2020 ZCTA 95461 in Lake County.,,,,
95423 Clearlake Oaks,zcta,95423,Clearlake Oaks,39.067376,-122.6297201,277493,,2024-04-30,10,0,Zillow ZIP-level market for Clearlake Oaks; mapped with Census 2020 ZCTA 95423 in Lake County.,,,,
95464 Upper Lake,zcta,95464,Upper Lake,39.1262459,-122.8470753,253030,,2024-04-30,10,0,Zillow ZIP-level market for Upper Lake; mapped with Census 2020 ZCTA 95464 in Lake County.,,,,
95469 Upper Lake,zcta,95469,Upper Lake,39.3989363,-123.0752527,454254,,2024-04-30,10,0,Zillow ZIP-level market for Upper Lake; mapped with Census 2020 ZCTA 95469 in Lake County.,,,,
95458 Lucerne,zcta,95458,Lucerne,39.1090084,-122.7776345,258839,,2024-04-30,10,0,Zillow ZIP-level market for Lucerne; mapped with Census 2020 ZCTA 95458 in Lake County.,,,,
95485 Nice,zcta,95485,Nice,39.2084696,-122.92572,330339,,2024-04-30,10,0,Zillow ZIP-level market for Nice; mapped with Census 2020 ZCTA 95485 in Lake County.,,,,
95443 Lucerne,zcta,95443,Lucerne,39.0501313,-122.7396314,263173,,2024-04-30,10,0,Zillow ZIP-level market for Lucerne; mapped with Census 2020 ZCTA 95443 in Lake County.,,,,
95426 Middletown,zcta,95426,Middletown,38.8334248,-122.7340614,290412,,2024-04-30,10,0,Zillow ZIP-level market for Middletown; mapped with Census 2020 ZCTA 95426 in Lake County.,,,,
95424 Clearlake,zcta,95424,Clearlake,0.0,0.0,277992,,2024-04-30,10,0,Zillow ZIP-level market for Clearlake; mapped with Census 2020 ZCTA 95424 in Lake County.,,,,
95422 Clearlake,zcta,95422,Clearlake,38.985515,-122.6425345,224785,,2024-05-31,10,0,Zillow ZIP-level market for Clearlake; mapped with Census 2020 ZCTA 95422 in Lake County.,,,,
95453 Lakeport,zcta,95453,Lakeport,39.0459308,-122.941077,376570,,2024-05-31,10,0,Zillow ZIP-level market for Lakeport; mapped with Census 2020 ZCTA 95453 in Lake County.,,,,
95451 Kelseyville,zcta,95451,Kelseyville,38.9221361,-122.7895645,366407,,2024-05-31,10,0,Zillow ZIP-level market for Kelseyville; mapped with Census 2020 ZCTA 95451 in Lake County.,,,,
95467 Hidden Valley Lake,zcta,95467,Hidden Valley Lake,38.8129545,-122.5480991,381638,,2024-05-31,10,0,Zillow ZIP-level market for Hidden Valley Lake; mapped with Census 2020 ZCTA 95467 in Lake County.,,,,
95457 Lower Lake,zcta,95457,Lower Lake,38.9240363,-122.5490825,396754,,2024-05-31,10,0,Zillow ZIP-level market for Lower Lake; mapped with Census 2020 ZCTA 95457 in Lake County.,,,,
95461 Middletown,zcta,95461,Middletown,38.7540062,-122.5521097,336014,,2024-05-31,10,0,Zillow ZIP-level market for Middletown; mapped with Census 2020 ZCTA 95461 in Lake County.,,,,
95423 Clearlake Oaks,zcta,95423,Clearlake Oaks,39.067376,-122.6297201,278722,,2024-05-31,10,0,Zillow ZIP-level market for Clearlake Oaks; mapped with Census 2020 ZCTA 95423 in Lake County.,,,,
95464 Upper Lake,zcta,95464,Upper Lake,39.1262459,-122.8470753,255556,,2024-05-31,10,0,Zillow ZIP-level market for Upper Lake; mapped with Census 2020 ZCTA 95464 in Lake County.,,,,
95469 Upper Lake,zcta,95469,Upper Lake,39.3989363,-123.0752527,458676,,2024-05-31,10,0,Zillow ZIP-level market for Upper Lake; mapped with Census 2020 ZCTA 95469 in Lake County.,,,,
95458 Lucerne,zcta,95458,Lucerne,39.1090084,-122.7776345,260009,,2024-05-31,10,0,Zillow ZIP-level market for Lucerne; mapped with Census 2020 ZCTA 95458 in Lake County.,,,,
95485 Nice,zcta,95485,Nice,39.2084696,-122.92572,331974,,2024-05-31,10,0,Zillow ZIP-level market for Nice; mapped with Census 2020 ZCTA 95485 in Lake County.,,,,
95443 Lucerne,zcta,95443,Lucerne,39.0501313,-122.7396314,265304,,2024-05-31,10,0,Zillow ZIP-level market for Lucerne; mapped with Census 2020 ZCTA 95443 in Lake County.,,,,
95426 Middletown,zcta,95426,Middletown,38.8334248,-122.7340614,291897,,2024-05-31,10,0,Zillow ZIP-level market for Middletown; mapped with Census 2020 ZCTA 95426 in Lake County.,,,,
95424 Clearlake,zcta,95424,Clearlake,0.0,0.0,279949,,2024-05-31,10,0,Zillow ZIP-level market for Clearlake; mapped with Census 2020 ZCTA 95424 in Lake County.,,,,
95422 Clearlake,zcta,95422,Clearlake,38.985515,-122.6425345,226398,,2024-06-30,10,0,Zillow ZIP-level market for Clearlake; mapped with Census 2020 ZCTA 95422 in Lake County.,,,,
95453 Lakeport,zcta,95453,Lakeport,39.0459308,-122.941077,377140,,2024-06-30,10,0,Zillow ZIP-level market for Lakeport; mapped with Census 2020 ZCTA 95453 in Lake County.,,,,
95451 Kelseyville,zcta,95451,Kelseyville,38.9221361,-122.7895645,367105,,2024-06-30,10,0,Zillow ZIP-level market for Kelseyville; mapped with Census 2020 ZCTA 95451 in Lake County.,,,,
95467 Hidden Valley Lake,zcta,95467,Hidden Valley Lake,38.8129545,-122.5480991,383291,,2024-06-30,10,0,Zillow ZIP-level market for Hidden Valley Lake; mapped with Census 2020 ZCTA 95467 in Lake County.,,,,
95457 Lower Lake,zcta,95457,Lower Lake,38.9240363,-122.5490825,397933,,2024-06-30,10,0,Zillow ZIP-level market for Lower Lake; mapped with Census 2020 ZCTA 95457 in Lake County.,,,,
95461 Middletown,zcta,95461,Middletown,38.7540062,-122.5521097,337855,,2024-06-30,10,0,Zillow ZIP-level market for Middletown; mapped with Census 2020 ZCTA 95461 in Lake County.,,,,
95423 Clearlake Oaks,zcta,95423,Clearlake Oaks,39.067376,-122.6297201,279948,,2024-06-30,10,0,Zillow ZIP-level market for Clearlake Oaks; mapped with Census 2020 ZCTA 95423 in Lake County.,,,,
95464 Upper Lake,zcta,95464,Upper Lake,39.1262459,-122.8470753,256980,,2024-06-30,10,0,Zillow ZIP-level market for Upper Lake; mapped with Census 2020 ZCTA 95464 in Lake County.,,,,
95469 Upper Lake,zcta,95469,Upper Lake,39.3989363,-123.0752527,458835,,2024-06-30,10,0,Zillow ZIP-level market for Upper Lake; mapped with Census 2020 ZCTA 95469 in Lake County.,,,,
95458 Lucerne,zcta,95458,Lucerne,39.1090084,-122.7776345,261585,,2024-06-30,10,0,Zillow ZIP-level market for Lucerne; mapped with Census 2020 ZCTA 95458 in Lake County.,,,,
95485 Nice,zcta,95485,Nice,39.2084696,-122.92572,332198,,2024-06-30,10,0,Zillow ZIP-level market for Nice; mapped with Census 2020 ZCTA 95485 in Lake County.,,,,
95443 Lucerne,zcta,95443,Lucerne,39.0501313,-122.7396314,268325,,2024-06-30,10,0,Zillow ZIP-level market for Lucerne; mapped with Census 2020 ZCTA 95443 in Lake County.,,,,
95426 Middletown,zcta,95426,Middletown,38.8334248,-122.7340614,293285,,2024-06-30,10,0,Zillow ZIP-level market for Middletown; mapped with Census 2020 ZCTA 95426 in Lake County.,,,,
95424 Clearlake,zcta,95424,Clearlake,0.0,0.0,281861,,2024-06-30,10,0,Zillow ZIP-level market for Clearlake; mapped with Census 2020 ZCTA 95424 in Lake County.,,,,
95422 Clearlake,zcta,95422,Clearlake,38.985515,-122.6425345,226261,,2024-07-31,10,0,Zillow ZIP-level market for Clearlake; mapped with Census 2020 ZCTA 95422 in Lake County.,,,,
95453 Lakeport,zcta,95453,Lakeport,39.0459308,-122.941077,376758,,2024-07-31,10,0,Zillow ZIP-level market for Lakeport; mapped with Census 2020 ZCTA 95453 in Lake County.,,,,
95451 Kelseyville,zcta,95451,Kelseyville,38.9221361,-122.7895645,367012,,2024-07-31,10,0,Zillow ZIP-level market for Kelseyville; mapped with Census 2020 ZCTA 95451 in Lake County.,,,,
95467 Hidden Valley Lake,zcta,95467,Hidden Valley Lake,38.8129545,-122.5480991,383390,,2024-07-31,10,0,Zillow ZIP-level market for Hidden Valley Lake; mapped with Census 2020 ZCTA 95467 in Lake County.,,,,
95457 Lower Lake,zcta,95457,Lower Lake,38.9240363,-122.5490825,397326,,2024-07-31,10,0,Zillow ZIP-level market for Lower Lake; mapped with Census 2020 ZCTA 95457 in Lake County.,,,,
95461 Middletown,zcta,95461,Middletown,38.7540062,-122.5521097,338713,,2024-07-31,10,0,Zillow ZIP-level market for Middletown; mapped with Census 2020 ZCTA 95461 in Lake County.,,,,
95423 Clearlake Oaks,zcta,95423,Clearlake Oaks,39.067376,-122.6297201,280282,,2024-07-31,10,0,Zillow ZIP-level market for Clearlake Oaks; mapped with Census 2020 ZCTA 95423 in Lake County.,,,,
95464 Upper Lake,zcta,95464,Upper Lake,39.1262459,-122.8470753,256588,,2024-07-31,10,0,Zillow ZIP-level market for Upper Lake; mapped with Census 2020 ZCTA 95464 in Lake County.,,,,
95469 Upper Lake,zcta,95469,Upper Lake,39.3989363,-123.0752527,458148,,2024-07-31,10,0,Zillow ZIP-level market for Upper Lake; mapped with Census 2020 ZCTA 95469 in Lake County.,,,,
95458 Lucerne,zcta,95458,Lucerne,39.1090084,-122.7776345,262673,,2024-07-31,10,0,Zillow ZIP-level market for Lucerne; mapped with Census 2020 ZCTA 95458 in Lake County.,,,,
95485 Nice,zcta,95485,Nice,39.2084696,-122.92572,330941,,2024-07-31,10,0,Zillow ZIP-level market for Nice; mapped with Census 2020 ZCTA 95485 in Lake County.,,,,
95443 Lucerne,zcta,95443,Lucerne,39.0501313,-122.7396314,270804,,2024-07-31,10,0,Zillow ZIP-level market for Lucerne; mapped with Census 2020 ZCTA 95443 in Lake County.,,,,
95426 Middletown,zcta,95426,Middletown,38.8334248,-122.7340614,293571,,2024-07-31,10,0,Zillow ZIP-level market for Middletown; mapped with Census 2020 ZCTA 95426 in Lake County.,,,,
95424 Clearlake,zcta,95424,Clearlake,0.0,0.0,283713,,2024-07-31,10,0,Zillow ZIP-level market for Clearlake; mapped with Census 2020 ZCTA 95424 in Lake County.,,,,
95422 Clearlake,zcta,95422,Clearlake,38.985515,-122.6425345,225219,,2024-08-31,10,0,Zillow ZIP-level market for Clearlake; mapped with Census 2020 ZCTA 95422 in Lake County.,,,,
95453 Lakeport,zcta,95453,Lakeport,39.0459308,-122.941077,376331,,2024-08-31,10,0,Zillow ZIP-level market for Lakeport; mapped with Census 2020 ZCTA 95453 in Lake County.,,,,
95451 Kelseyville,zcta,95451,Kelseyville,38.9221361,-122.7895645,366780,,2024-08-31,10,0,Zillow ZIP-level market for Kelseyville; mapped with Census 2020 ZCTA 95451 in Lake County.,,,,
95467 Hidden Valley Lake,zcta,95467,Hidden Valley Lake,38.8129545,-122.5480991,382530,,2024-08-31,10,0,Zillow ZIP-level market for Hidden Valley Lake; mapped with Census 2020 ZCTA 95467 in Lake County.,,,,
95457 Lower Lake,zcta,95457,Lower Lake,38.9240363,-122.5490825,396034,,2024-08-31,10,0,Zillow ZIP-level market for Lower Lake; mapped with Census 2020 ZCTA 95457 in Lake County.,,,,
95461 Middletown,zcta,95461,Middletown,38.7540062,-122.5521097,339057,,2024-08-31,10,0,Zillow ZIP-level market for Middletown; mapped with Census 2020 ZCTA 95461 in Lake County.,,,,
95423 Clearlake Oaks,zcta,95423,Clearlake Oaks,39.067376,-122.6297201,280297,,2024-08-31,10,0,Zillow ZIP-level market for Clearlake Oaks; mapped with Census 2020 ZCTA 95423 in Lake County.,,,,
95464 Upper Lake,zcta,95464,Upper Lake,39.1262459,-122.8470753,255558,,2024-08-31,10,0,Zillow ZIP-level market for Upper Lake; mapped with Census 2020 ZCTA 95464 in Lake County.,,,,
95469 Upper Lake,zcta,95469,Upper Lake,39.3989363,-123.0752527,457857,,2024-08-31,10,0,Zillow ZIP-level market for Upper Lake; mapped with Census 2020 ZCTA 95469 in Lake County.,,,,
95458 Lucerne,zcta,95458,Lucerne,39.1090084,-122.7776345,263055,,2024-08-31,10,0,Zillow ZIP-level market for Lucerne; mapped with Census 2020 ZCTA 95458 in Lake County.,,,,
95485 Nice,zcta,95485,Nice,39.2084696,-122.92572,329978,,2024-08-31,10,0,Zillow ZIP-level market for Nice; mapped with Census 2020 ZCTA 95485 in Lake County.,,,,
95443 Lucerne,zcta,95443,Lucerne,39.0501313,-122.7396314,272100,,2024-08-31,10,0,Zillow ZIP-level market for Lucerne; mapped with Census 2020 ZCTA 95443 in Lake County.,,,,
95426 Middletown,zcta,95426,Middletown,38.8334248,-122.7340614,293933,,2024-08-31,10,0,Zillow ZIP-level market for Middletown; mapped with Census 2020 ZCTA 95426 in Lake County.,,,,
95424 Clearlake,zcta,95424,Clearlake,0.0,0.0,284310,,2024-08-31,10,0,Zillow ZIP-level market for Clearlake; mapped with Census 2020 ZCTA 95424 in Lake County.,,,,
95422 Clearlake,zcta,95422,Clearlake,38.985515,-122.6425345,223404,,2024-09-30,10,0,Zillow ZIP-level market for Clearlake; mapped with Census 2020 ZCTA 95422 in Lake County.,,,,
95453 Lakeport,zcta,95453,Lakeport,39.0459308,-122.941077,375929,,2024-09-30,10,0,Zillow ZIP-level market for Lakeport; mapped with Census 2020 ZCTA 95453 in Lake County.,,,,
95451 Kelseyville,zcta,95451,Kelseyville,38.9221361,-122.7895645,366350,,2024-09-30,10,0,Zillow ZIP-level market for Kelseyville; mapped with Census 2020 ZCTA 95451 in Lake County.,,,,
95467 Hidden Valley Lake,zcta,95467,Hidden Valley Lake,38.8129545,-122.5480991,381176,,2024-09-30,10,0,Zillow ZIP-level market for Hidden Valley Lake; mapped with Census 2020 ZCTA 95467 in Lake County.,,,,
95457 Lower Lake,zcta,95457,Lower Lake,38.9240363,-122.5490825,393977,,2024-09-30,10,0,Zillow ZIP-level market for Lower Lake; mapped with Census 2020 ZCTA 95457 in Lake County.,,,,
95461 Middletown,zcta,95461,Middletown,38.7540062,-122.5521097,338539,,2024-09-30,10,0,Zillow ZIP-level market for Middletown; mapped with Census 2020 ZCTA 95461 in Lake County.,,,,
95423 Clearlake Oaks,zcta,95423,Clearlake Oaks,39.067376,-122.6297201,279126,,2024-09-30,10,0,Zillow ZIP-level market for Clearlake Oaks; mapped with Census 2020 ZCTA 95423 in Lake County.,,,,
95464 Upper Lake,zcta,95464,Upper Lake,39.1262459,-122.8470753,253332,,2024-09-30,10,0,Zillow ZIP-level market for Upper Lake; mapped with Census 2020 ZCTA 95464 in Lake County.,,,,
95469 Upper Lake,zcta,95469,Upper Lake,39.3989363,-123.0752527,456644,,2024-09-30,10,0,Zillow ZIP-level market for Upper Lake; mapped with Census 2020 ZCTA 95469 in Lake County.,,,,
95458 Lucerne,zcta,95458,Lucerne,39.1090084,-122.7776345,262467,,2024-09-30,10,0,Zillow ZIP-level market for Lucerne; mapped with Census 2020 ZCTA 95458 in Lake County.,,,,
95485 Nice,zcta,95485,Nice,39.2084696,-122.92572,328779,,2024-09-30,10,0,Zillow ZIP-level market for Nice; mapped with Census 2020 ZCTA 95485 in Lake County.,,,,
95443 Lucerne,zcta,95443,Lucerne,39.0501313,-122.7396314,271973,,2024-09-30,10,0,Zillow ZIP-level market for Lucerne; mapped with Census 2020 ZCTA 95443 in Lake County.,,,,
95426 Middletown,zcta,95426,Middletown,38.8334248,-122.7340614,293351,,2024-09-30,10,0,Zillow ZIP-level market for Middletown; mapped with Census 2020 ZCTA 95426 in Lake County.,,,,
95424 Clearlake,zcta,95424,Clearlake,0.0,0.0,283430,,2024-09-30,10,0,Zillow ZIP-level market for Clearlake; mapped with Census 2020 ZCTA 95424 in Lake County.,,,,
95422 Clearlake,zcta,95422,Clearlake,38.985515,-122.6425345,221904,,2024-10-31,10,0,Zillow ZIP-level market for Clearlake; mapped with Census 2020 ZCTA 95422 in Lake County.,,,,
95453 Lakeport,zcta,95453,Lakeport,39.0459308,-122.941077,376167,,2024-10-31,10,0,Zillow ZIP-level market for Lakeport; mapped with Census 2020 ZCTA 95453 in Lake County.,,,,
95451 Kelseyville,zcta,95451,Kelseyville,38.9221361,-122.7895645,366468,,2024-10-31,10,0,Zillow ZIP-level market for Kelseyville; mapped with Census 2020 ZCTA 95451 in Lake County.,,,,
95467 Hidden Valley Lake,zcta,95467,Hidden Valley Lake,38.8129545,-122.5480991,380501,,2024-10-31,10,0,Zillow ZIP-level market for Hidden Valley Lake; mapped with Census 2020 ZCTA 95467 in Lake County.,,,,
95457 Lower Lake,zcta,95457,Lower Lake,38.9240363,-122.5490825,392920,,2024-10-31,10,0,Zillow ZIP-level market for Lower Lake; mapped with Census 2020 ZCTA 95457 in Lake County.,,,,
95461 Middletown,zcta,95461,Middletown,38.7540062,-122.5521097,338314,,2024-10-31,10,0,Zillow ZIP-level market for Middletown; mapped with Census 2020 ZCTA 95461 in Lake County.,,,,
95423 Clearlake Oaks,zcta,95423,Clearlake Oaks,39.067376,-122.6297201,278094,,2024-10-31,10,0,Zillow ZIP-level market for Clearlake Oaks; mapped with Census 2020 ZCTA 95423 in Lake County.,,,,
95464 Upper Lake,zcta,95464,Upper Lake,39.1262459,-122.8470753,251489,,2024-10-31,10,0,Zillow ZIP-level market for Upper Lake; mapped with Census 2020 ZCTA 95464 in Lake County.,,,,
95469 Upper Lake,zcta,95469,Upper Lake,39.3989363,-123.0752527,453977,,2024-10-31,10,0,Zillow ZIP-level market for Upper Lake; mapped with Census 2020 ZCTA 95469 in Lake County.,,,,
95458 Lucerne,zcta,95458,Lucerne,39.1090084,-122.7776345,261765,,2024-10-31,10,0,Zillow ZIP-level market for Lucerne; mapped with Census 2020 ZCTA 95458 in Lake County.,,,,
95485 Nice,zcta,95485,Nice,39.2084696,-122.92572,328069,,2024-10-31,10,0,Zillow ZIP-level market for Nice; mapped with Census 2020 ZCTA 95485 in Lake County.,,,,
95443 Lucerne,zcta,95443,Lucerne,39.0501313,-122.7396314,272007,,2024-10-31,10,0,Zillow ZIP-level market for Lucerne; mapped with Census 2020 ZCTA 95443 in Lake County.,,,,
95426 Middletown,zcta,95426,Middletown,38.8334248,-122.7340614,292905,,2024-10-31,10,0,Zillow ZIP-level market for Middletown; mapped with Census 2020 ZCTA 95426 in Lake County.,,,,
95424 Clearlake,zcta,95424,Clearlake,0.0,0.0,283034,,2024-10-31,10,0,Zillow ZIP-level market for Clearlake; mapped with Census 2020 ZCTA 95424 in Lake County.,,,,
95422 Clearlake,zcta,95422,Clearlake,38.985515,-122.6425345,220562,,2024-11-30,10,0,Zillow ZIP-level market for Clearlake; mapped with Census 2020 ZCTA 95422 in Lake County.,,,,
95453 Lakeport,zcta,95453,Lakeport,39.0459308,-122.941077,375763,,2024-11-30,10,0,Zillow ZIP-level market for Lakeport; mapped with Census 2020 ZCTA 95453 in Lake County.,,,,
95451 Kelseyville,zcta,95451,Kelseyville,38.9221361,-122.7895645,365996,,2024-11-30,10,0,Zillow ZIP-level market for Kelseyville; mapped with Census 2020 ZCTA 95451 in Lake County.,,,,
95467 Hidden Valley Lake,zcta,95467,Hidden Valley Lake,38.8129545,-122.5480991,380254,,2024-11-30,10,0,Zillow ZIP-level market for Hidden Valley Lake; mapped with Census 2020 ZCTA 95467 in Lake County.,,,,
95457 Lower Lake,zcta,95457,Lower Lake,38.9240363,-122.5490825,391904,,2024-11-30,10,0,Zillow ZIP-level market for Lower Lake; mapped with Census 2020 ZCTA 95457 in Lake County.,,,,
95461 Middletown,zcta,95461,Middletown,38.7540062,-122.5521097,337995,,2024-11-30,10,0,Zillow ZIP-level market for Middletown; mapped with Census 2020 ZCTA 95461 in Lake County.,,,,
95423 Clearlake Oaks,zcta,95423,Clearlake Oaks,39.067376,-122.6297201,276286,,2024-11-30,10,0,Zillow ZIP-level market for Clearlake Oaks; mapped with Census 2020 ZCTA 95423 in Lake County.,,,,
95464 Upper Lake,zcta,95464,Upper Lake,39.1262459,-122.8470753,248860,,2024-11-30,10,0,Zillow ZIP-level market for Upper Lake; mapped with Census 2020 ZCTA 95464 in Lake County.,,,,
95469 Upper Lake,zcta,95469,Upper Lake,39.3989363,-123.0752527,449044,,2024-11-30,10,0,Zillow ZIP-level market for Upper Lake; mapped with Census 2020 ZCTA 95469 in Lake County.,,,,
95458 Lucerne,zcta,95458,Lucerne,39.1090084,-122.7776345,260472,,2024-11-30,10,0,Zillow ZIP-level market for Lucerne; mapped with Census 2020 ZCTA 95458 in Lake County.,,,,
95485 Nice,zcta,95485,Nice,39.2084696,-122.92572,326947,,2024-11-30,10,0,Zillow ZIP-level market for Nice; mapped with Census 2020 ZCTA 95485 in Lake County.,,,,
95443 Lucerne,zcta,95443,Lucerne,39.0501313,-122.7396314,271782,,2024-11-30,10,0,Zillow ZIP-level market for Lucerne; mapped with Census 2020 ZCTA 95443 in Lake County.,,,,
95426 Middletown,zcta,95426,Middletown,38.8334248,-122.7340614,292254,,2024-11-30,10,0,Zillow ZIP-level market for Middletown; mapped with Census 2020 ZCTA 95426 in Lake County.,,,,
95424 Clearlake,zcta,95424,Clearlake,0.0,0.0,282511,,2024-11-30,10,0,Zillow ZIP-level market for Clearlake; mapped with Census 2020 ZCTA 95424 in Lake County.,,,,
95422 Clearlake,zcta,95422,Clearlake,38.985515,-122.6425345,219768,,2024-12-31,10,0,Zillow ZIP-level market for Clearlake; mapped with Census 2020 ZCTA 95422 in Lake County.,,,,
95453 Lakeport,zcta,95453,Lakeport,39.0459308,-122.941077,375613,,2024-12-31,10,0,Zillow ZIP-level market for Lakeport; mapped with Census 2020 ZCTA 95453 in Lake County.,,,,
95451 Kelseyville,zcta,95451,Kelseyville,38.9221361,-122.7895645,365976,,2024-12-31,10,0,Zillow ZIP-level market for Kelseyville; mapped with Census 2020 ZCTA 95451 in Lake County.,,,,
95467 Hidden Valley Lake,zcta,95467,Hidden Valley Lake,38.8129545,-122.5480991,380679,,2024-12-31,10,0,Zillow ZIP-level market for Hidden Valley Lake; mapped with Census 2020 ZCTA 95467 in Lake County.,,,,
95457 Lower Lake,zcta,95457,Lower Lake,38.9240363,-122.5490825,392153,,2024-12-31,10,0,Zillow ZIP-level market for Lower Lake; mapped with Census 2020 ZCTA 95457 in Lake County.,,,,
95461 Middletown,zcta,95461,Middletown,38.7540062,-122.5521097,339300,,2024-12-31,10,0,Zillow ZIP-level market for Middletown; mapped with Census 2020 ZCTA 95461 in Lake County.,,,,
95423 Clearlake Oaks,zcta,95423,Clearlake Oaks,39.067376,-122.6297201,274455,,2024-12-31,10,0,Zillow ZIP-level market for Clearlake Oaks; mapped with Census 2020 ZCTA 95423 in Lake County.,,,,
95464 Upper Lake,zcta,95464,Upper Lake,39.1262459,-122.8470753,246638,,2024-12-31,10,0,Zillow ZIP-level market for Upper Lake; mapped with Census 2020 ZCTA 95464 in Lake County.,,,,
95469 Upper Lake,zcta,95469,Upper Lake,39.3989363,-123.0752527,444948,,2024-12-31,10,0,Zillow ZIP-level market for Upper Lake; mapped with Census 2020 ZCTA 95469 in Lake County.,,,,
95458 Lucerne,zcta,95458,Lucerne,39.1090084,-122.7776345,259712,,2024-12-31,10,0,Zillow ZIP-level market for Lucerne; mapped with Census 2020 ZCTA 95458 in Lake County.,,,,
95485 Nice,zcta,95485,Nice,39.2084696,-122.92572,327054,,2024-12-31,10,0,Zillow ZIP-level market for Nice; mapped with Census 2020 ZCTA 95485 in Lake County.,,,,
95443 Lucerne,zcta,95443,Lucerne,39.0501313,-122.7396314,272584,,2024-12-31,10,0,Zillow ZIP-level market for Lucerne; mapped with Census 2020 ZCTA 95443 in Lake County.,,,,
95426 Middletown,zcta,95426,Middletown,38.8334248,-122.7340614,292712,,2024-12-31,10,0,Zillow ZIP-level market for Middletown; mapped with Census 2020 ZCTA 95426 in Lake County.,,,,
95424 Clearlake,zcta,95424,Clearlake,0.0,0.0,282855,,2024-12-31,10,0,Zillow ZIP-level market for Clearlake; mapped with Census 2020 ZCTA 95424 in Lake County.,,,,
95422 Clearlake,zcta,95422,Clearlake,38.985515,-122.6425345,218908,,2025-01-31,10,0,Zillow ZIP-level market for Clearlake; mapped with Census 2020 ZCTA 95422 in Lake County.,,,,
95453 Lakeport,zcta,95453,Lakeport,39.0459308,-122.941077,375430,,2025-01-31,10,0,Zillow ZIP-level market for Lakeport; mapped with Census 2020 ZCTA 95453 in Lake County.,,,,
95451 Kelseyville,zcta,95451,Kelseyville,38.9221361,-122.7895645,365244,,2025-01-31,10,0,Zillow ZIP-level market for Kelseyville; mapped with Census 2020 ZCTA 95451 in Lake County.,,,,
95467 Hidden Valley Lake,zcta,95467,Hidden Valley Lake,38.8129545,-122.5480991,381109,,2025-01-31,10,0,Zillow ZIP-level market for Hidden Valley Lake; mapped with Census 2020 ZCTA 95467 in Lake County.,,,,
95457 Lower Lake,zcta,95457,Lower Lake,38.9240363,-122.5490825,392109,,2025-01-31,10,0,Zillow ZIP-level market for Lower Lake; mapped with Census 2020 ZCTA 95457 in Lake County.,,,,
95461 Middletown,zcta,95461,Middletown,38.7540062,-122.5521097,340479,,2025-01-31,10,0,Zillow ZIP-level market for Middletown; mapped with Census 2020 ZCTA 95461 in Lake County.,,,,
95423 Clearlake Oaks,zcta,95423,Clearlake Oaks,39.067376,-122.6297201,272120,,2025-01-31,10,0,Zillow ZIP-level market for Clearlake Oaks; mapped with Census 2020 ZCTA 95423 in Lake County.,,,,
95464 Upper Lake,zcta,95464,Upper Lake,39.1262459,-122.8470753,244439,,2025-01-31,10,0,Zillow ZIP-level market for Upper Lake; mapped with Census 2020 ZCTA 95464 in Lake County.,,,,
95469 Upper Lake,zcta,95469,Upper Lake,39.3989363,-123.0752527,442517,,2025-01-31,10,0,Zillow ZIP-level market for Upper Lake; mapped with Census 2020 ZCTA 95469 in Lake County.,,,,
95458 Lucerne,zcta,95458,Lucerne,39.1090084,-122.7776345,258874,,2025-01-31,10,0,Zillow ZIP-level market for Lucerne; mapped with Census 2020 ZCTA 95458 in Lake County.,,,,
95485 Nice,zcta,95485,Nice,39.2084696,-122.92572,326996,,2025-01-31,10,0,Zillow ZIP-level market for Nice; mapped with Census 2020 ZCTA 95485 in Lake County.,,,,
95443 Lucerne,zcta,95443,Lucerne,39.0501313,-122.7396314,273206,,2025-01-31,10,0,Zillow ZIP-level market for Lucerne; mapped with Census 2020 ZCTA 95443 in Lake County.,,,,
95426 Middletown,zcta,95426,Middletown,38.8334248,-122.7340614,293278,,2025-01-31,10,0,Zillow ZIP-level market for Middletown; mapped with Census 2020 ZCTA 95426 in Lake County.,,,,
95424 Clearlake,zcta,95424,Clearlake,0.0,0.0,281610,,2025-01-31,10,0,Zillow ZIP-level market for Clearlake; mapped with Census 2020 ZCTA 95424 in Lake County.,,,,
95422 Clearlake,zcta,95422,Clearlake,38.985515,-122.6425345,217942,,2025-02-28,10,0,Zillow ZIP-level market for Clearlake; mapped with Census 2020 ZCTA 95422 in Lake County.,,,,
95453 Lakeport,zcta,95453,Lakeport,39.0459308,-122.941077,375506,,2025-02-28,10,0,Zillow ZIP-level market for Lakeport; mapped with Census 2020 ZCTA 95453 in Lake County.,,,,
95451 Kelseyville,zcta,95451,Kelseyville,38.9221361,-122.7895645,364332,,2025-02-28,10,0,Zillow ZIP-level market for Kelseyville; mapped with Census 2020 ZCTA 95451 in Lake County.,,,,
95467 Hidden Valley Lake,zcta,95467,Hidden Valley Lake,38.8129545,-122.5480991,381098,,2025-02-28,10,0,Zillow ZIP-level market for Hidden Valley Lake; mapped with Census 2020 ZCTA 95467 in Lake County.,,,,
95457 Lower Lake,zcta,95457,Lower Lake,38.9240363,-122.5490825,392714,,2025-02-28,10,0,Zillow ZIP-level market for Lower Lake; mapped with Census 2020 ZCTA 95457 in Lake County.,,,,
95461 Middletown,zcta,95461,Middletown,38.7540062,-122.5521097,341000,,2025-02-28,10,0,Zillow ZIP-level market for Middletown; mapped with Census 2020 ZCTA 95461 in Lake County.,,,,
95423 Clearlake Oaks,zcta,95423,Clearlake Oaks,39.067376,-122.6297201,270262,,2025-02-28,10,0,Zillow ZIP-level market for Clearlake Oaks; mapped with Census 2020 ZCTA 95423 in Lake County.,,,,
95464 Upper Lake,zcta,95464,Upper Lake,39.1262459,-122.8470753,242202,,2025-02-28,10,0,Zillow ZIP-level market for Upper Lake; mapped with Census 2020 ZCTA 95464 in Lake County.,,,,
95469 Upper Lake,zcta,95469,Upper Lake,39.3989363,-123.0752527,442422,,2025-02-28,10,0,Zillow ZIP-level market for Upper Lake; mapped with Census 2020 ZCTA 95469 in Lake County.,,,,
95458 Lucerne,zcta,95458,Lucerne,39.1090084,-122.7776345,258483,,2025-02-28,10,0,Zillow ZIP-level market for Lucerne; mapped with Census 2020 ZCTA 95458 in Lake County.,,,,
95485 Nice,zcta,95485,Nice,39.2084696,-122.92572,326439,,2025-02-28,10,0,Zillow ZIP-level market for Nice; mapped with Census 2020 ZCTA 95485 in Lake County.,,,,
95443 Lucerne,zcta,95443,Lucerne,39.0501313,-122.7396314,273863,,2025-02-28,10,0,Zillow ZIP-level market for Lucerne; mapped with Census 2020 ZCTA 95443 in Lake County.,,,,
95426 Middletown,zcta,95426,Middletown,38.8334248,-122.7340614,293353,,2025-02-28,10,0,Zillow ZIP-level market for Middletown; mapped with Census 2020 ZCTA 95426 in Lake County.,,,,
95424 Clearlake,zcta,95424,Clearlake,0.0,0.0,279854,,2025-02-28,10,0,Zillow ZIP-level market for Clearlake; mapped with Census 2020 ZCTA 95424 in Lake County.,,,,
95422 Clearlake,zcta,95422,Clearlake,38.985515,-122.6425345,216913,,2025-03-31,10,0,Zillow ZIP-level market for Clearlake; mapped with Census 2020 ZCTA 95422 in Lake County.,,,,
95453 Lakeport,zcta,95453,Lakeport,39.0459308,-122.941077,375891,,2025-03-31,10,0,Zillow ZIP-level market for Lakeport; mapped with Census 2020 ZCTA 95453 in Lake County.,,,,
95451 Kelseyville,zcta,95451,Kelseyville,38.9221361,-122.7895645,362471,,2025-03-31,10,0,Zillow ZIP-level market for Kelseyville; mapped with Census 2020 ZCTA 95451 in Lake County.,,,,
95467 Hidden Valley Lake,zcta,95467,Hidden Valley Lake,38.8129545,-122.5480991,380103,,2025-03-31,10,0,Zillow ZIP-level market for Hidden Valley Lake; mapped with Census 2020 ZCTA 95467 in Lake County.,,,,
95457 Lower Lake,zcta,95457,Lower Lake,38.9240363,-122.5490825,392870,,2025-03-31,10,0,Zillow ZIP-level market for Lower Lake; mapped with Census 2020 ZCTA 95457 in Lake County.,,,,
95461 Middletown,zcta,95461,Middletown,38.7540062,-122.5521097,340012,,2025-03-31,10,0,Zillow ZIP-level market for Middletown; mapped with Census 2020 ZCTA 95461 in Lake County.,,,,
95423 Clearlake Oaks,zcta,95423,Clearlake Oaks,39.067376,-122.6297201,268788,,2025-03-31,10,0,Zillow ZIP-level market for Clearlake Oaks; mapped with Census 2020 ZCTA 95423 in Lake County.,,,,
95464 Upper Lake,zcta,95464,Upper Lake,39.1262459,-122.8470753,239966,,2025-03-31,10,0,Zillow ZIP-level market for Upper Lake; mapped with Census 2020 ZCTA 95464 in Lake County.,,,,
95469 Upper Lake,zcta,95469,Upper Lake,39.3989363,-123.0752527,441169,,2025-03-31,10,0,Zillow ZIP-level market for Upper Lake; mapped with Census 2020 ZCTA 95469 in Lake County.,,,,
95458 Lucerne,zcta,95458,Lucerne,39.1090084,-122.7776345,257860,,2025-03-31,10,0,Zillow ZIP-level market for Lucerne; mapped with Census 2020 ZCTA 95458 in Lake County.,,,,
95485 Nice,zcta,95485,Nice,39.2084696,-122.92572,325436,,2025-03-31,10,0,Zillow ZIP-level market for Nice; mapped with Census 2020 ZCTA 95485 in Lake County.,,,,
95443 Lucerne,zcta,95443,Lucerne,39.0501313,-122.7396314,273440,,2025-03-31,10,0,Zillow ZIP-level market for Lucerne; mapped with Census 2020 ZCTA 95443 in Lake County.,,,,
95426 Middletown,zcta,95426,Middletown,38.8334248,-122.7340614,292286,,2025-03-31,10,0,Zillow ZIP-level market for Middletown; mapped with Census 2020 ZCTA 95426 in Lake County.,,,,
95424 Clearlake,zcta,95424,Clearlake,0.0,0.0,277507,,2025-03-31,10,0,Zillow ZIP-level market for Clearlake; mapped with Census 2020 ZCTA 95424 in Lake County.,,,,
95422 Clearlake,zcta,95422,Clearlake,38.985515,-122.6425345,216145,,2025-04-30,10,0,Zillow ZIP-level market for Clearlake; mapped with Census 2020 ZCTA 95422 in Lake County.,,,,
95453 Lakeport,zcta,95453,Lakeport,39.0459308,-122.941077,376240,,2025-04-30,10,0,Zillow ZIP-level market for Lakeport; mapped with Census 2020 ZCTA 95453 in Lake County.,,,,
95451 Kelseyville,zcta,95451,Kelseyville,38.9221361,-122.7895645,360699,,2025-04-30,10,0,Zillow ZIP-level market for Kelseyville; mapped with Census 2020 ZCTA 95451 in Lake County.,,,,
95467 Hidden Valley Lake,zcta,95467,Hidden Valley Lake,38.8129545,-122.5480991,378706,,2025-04-30,10,0,Zillow ZIP-level market for Hidden Valley Lake; mapped with Census 2020 ZCTA 95467 in Lake County.,,,,
95457 Lower Lake,zcta,95457,Lower Lake,38.9240363,-122.5490825,392758,,2025-04-30,10,0,Zillow ZIP-level market for Lower Lake; mapped with Census 2020 ZCTA 95457 in Lake County.,,,,
95461 Middletown,zcta,95461,Middletown,38.7540062,-122.5521097,338595,,2025-04-30,10,0,Zillow ZIP-level market for Middletown; mapped with Census 2020 ZCTA 95461 in Lake County.,,,,
95423 Clearlake Oaks,zcta,95423,Clearlake Oaks,39.067376,-122.6297201,267767,,2025-04-30,10,0,Zillow ZIP-level market for Clearlake Oaks; mapped with Census 2020 ZCTA 95423 in Lake County.,,,,
95464 Upper Lake,zcta,95464,Upper Lake,39.1262459,-122.8470753,237724,,2025-04-30,10,0,Zillow ZIP-level market for Upper Lake; mapped with Census 2020 ZCTA 95464 in Lake County.,,,,
95469 Upper Lake,zcta,95469,Upper Lake,39.3989363,-123.0752527,439569,,2025-04-30,10,0,Zillow ZIP-level market for Upper Lake; mapped with Census 2020 ZCTA 95469 in Lake County.,,,,
95458 Lucerne,zcta,95458,Lucerne,39.1090084,-122.7776345,256875,,2025-04-30,10,0,Zillow ZIP-level market for Lucerne; mapped with Census 2020 ZCTA 95458 in Lake County.,,,,
95485 Nice,zcta,95485,Nice,39.2084696,-122.92572,324705,,2025-04-30,10,0,Zillow ZIP-level market for Nice; mapped with Census 2020 ZCTA 95485 in Lake County.,,,,
95443 Lucerne,zcta,95443,Lucerne,39.0501313,-122.7396314,272269,,2025-04-30,10,0,Zillow ZIP-level market for Lucerne; mapped with Census 2020 ZCTA 95443 in Lake County.,,,,
95426 Middletown,zcta,95426,Middletown,38.8334248,-122.7340614,291417,,2025-04-30,10,0,Zillow ZIP-level market for Middletown; mapped with Census 2020 ZCTA 95426 in Lake County.,,,,
95424 Clearlake,zcta,95424,Clearlake,0.0,0.0,275593,,2025-04-30,10,0,Zillow ZIP-level market for Clearlake; mapped with Census 2020 ZCTA 95424 in Lake County.,,,,
95422 Clearlake,zcta,95422,Clearlake,38.985515,-122.6425345,215537,,2025-05-31,10,0,Zillow ZIP-level market for Clearlake; mapped with Census 2020 ZCTA 95422 in Lake County.,,,,
95453 Lakeport,zcta,95453,Lakeport,39.0459308,-122.941077,376240,,2025-05-31,10,0,Zillow ZIP-level market for Lakeport; mapped with Census 2020 ZCTA 95453 in Lake County.,,,,
95451 Kelseyville,zcta,95451,Kelseyville,38.9221361,-122.7895645,358924,,2025-05-31,10,0,Zillow ZIP-level market for Kelseyville; mapped with Census 2020 ZCTA 95451 in Lake County.,,,,
95467 Hidden Valley Lake,zcta,95467,Hidden Valley Lake,38.8129545,-122.5480991,377271,,2025-05-31,10,0,Zillow ZIP-level market for Hidden Valley Lake; mapped with Census 2020 ZCTA 95467 in Lake County.,,,,
95457 Lower Lake,zcta,95457,Lower Lake,38.9240363,-122.5490825,391590,,2025-05-31,10,0,Zillow ZIP-level market for Lower Lake; mapped with Census 2020 ZCTA 95457 in Lake County.,,,,
95461 Middletown,zcta,95461,Middletown,38.7540062,-122.5521097,337440,,2025-05-31,10,0,Zillow ZIP-level market for Middletown; mapped with Census 2020 ZCTA 95461 in Lake County.,,,,
95423 Clearlake Oaks,zcta,95423,Clearlake Oaks,39.067376,-122.6297201,266728,,2025-05-31,10,0,Zillow ZIP-level market for Clearlake Oaks; mapped with Census 2020 ZCTA 95423 in Lake County.,,,,
95464 Upper Lake,zcta,95464,Upper Lake,39.1262459,-122.8470753,236358,,2025-05-31,10,0,Zillow ZIP-level market for Upper Lake; mapped with Census 2020 ZCTA 95464 in Lake County.,,,,
95469 Upper Lake,zcta,95469,Upper Lake,39.3989363,-123.0752527,436728,,2025-05-31,10,0,Zillow ZIP-level market for Upper Lake; mapped with Census 2020 ZCTA 95469 in Lake County.,,,,
95458 Lucerne,zcta,95458,Lucerne,39.1090084,-122.7776345,256037,,2025-05-31,10,0,Zillow ZIP-level market for Lucerne; mapped with Census 2020 ZCTA 95458 in Lake County.,,,,
95485 Nice,zcta,95485,Nice,39.2084696,-122.92572,323627,,2025-05-31,10,0,Zillow ZIP-level market for Nice; mapped with Census 2020 ZCTA 95485 in Lake County.,,,,
95443 Lucerne,zcta,95443,Lucerne,39.0501313,-122.7396314,270911,,2025-05-31,10,0,Zillow ZIP-level market for Lucerne; mapped with Census 2020 ZCTA 95443 in Lake County.,,,,
95426 Middletown,zcta,95426,Middletown,38.8334248,-122.7340614,291665,,2025-05-31,10,0,Zillow ZIP-level market for Middletown; mapped with Census 2020 ZCTA 95426 in Lake County.,,,,
95424 Clearlake,zcta,95424,Clearlake,0.0,0.0,272966,,2025-05-31,10,0,Zillow ZIP-level market for Clearlake; mapped with Census 2020 ZCTA 95424 in Lake County.,,,,
95422 Clearlake,zcta,95422,Clearlake,38.985515,-122.6425345,215130,,2025-06-30,10,0,Zillow ZIP-level market for Clearlake; mapped with Census 2020 ZCTA 95422 in Lake County.,,,,
95453 Lakeport,zcta,95453,Lakeport,39.0459308,-122.941077,375214,,2025-06-30,10,0,Zillow ZIP-level market for Lakeport; mapped with Census 2020 ZCTA 95453 in Lake County.,,,,
95451 Kelseyville,zcta,95451,Kelseyville,38.9221361,-122.7895645,357147,,2025-06-30,10,0,Zillow ZIP-level market for Kelseyville; mapped with Census 2020 ZCTA 95451 in Lake County.,,,,
95467 Hidden Valley Lake,zcta,95467,Hidden Valley Lake,38.8129545,-122.5480991,375670,,2025-06-30,10,0,Zillow ZIP-level market for Hidden Valley Lake; mapped with Census 2020 ZCTA 95467 in Lake County.,,,,
95457 Lower Lake,zcta,95457,Lower Lake,38.9240363,-122.5490825,389159,,2025-06-30,10,0,Zillow ZIP-level market for Lower Lake; mapped with Census 2020 ZCTA 95457 in Lake County.,,,,
95461 Middletown,zcta,95461,Middletown,38.7540062,-122.5521097,335902,,2025-06-30,10,0,Zillow ZIP-level market for Middletown; mapped with Census 2020 ZCTA 95461 in Lake County.,,,,
95423 Clearlake Oaks,zcta,95423,Clearlake Oaks,39.067376,-122.6297201,265703,,2025-06-30,10,0,Zillow ZIP-level market for Clearlake Oaks; mapped with Census 2020 ZCTA 95423 in Lake County.,,,,
95464 Upper Lake,zcta,95464,Upper Lake,39.1262459,-122.8470753,235367,,2025-06-30,10,0,Zillow ZIP-level market for Upper Lake; mapped with Census 2020 ZCTA 95464 in Lake County.,,,,
95469 Upper Lake,zcta,95469,Upper Lake,39.3989363,-123.0752527,434565,,2025-06-30,10,0,Zillow ZIP-level market for Upper Lake; mapped with Census 2020 ZCTA 95469 in Lake County.,,,,
95458 Lucerne,zcta,95458,Lucerne,39.1090084,-122.7776345,254631,,2025-06-30,10,0,Zillow ZIP-level market for Lucerne; mapped with Census 2020 ZCTA 95458 in Lake County.,,,,
95485 Nice,zcta,95485,Nice,39.2084696,-122.92572,322071,,2025-06-30,10,0,Zillow ZIP-level market for Nice; mapped with Census 2020 ZCTA 95485 in Lake County.,,,,
95443 Lucerne,zcta,95443,Lucerne,39.0501313,-122.7396314,269828,,2025-06-30,10,0,Zillow ZIP-level market for Lucerne; mapped with Census 2020 ZCTA 95443 in Lake County.,,,,
95426 Middletown,zcta,95426,Middletown,38.8334248,-122.7340614,291841,,2025-06-30,10,0,Zillow ZIP-level market for Middletown; mapped with Census 2020 ZCTA 95426 in Lake County.,,,,
95424 Clearlake,zcta,95424,Clearlake,0.0,0.0,269716,,2025-06-30,10,0,Zillow ZIP-level market for Clearlake; mapped with Census 2020 ZCTA 95424 in Lake County.,,,,
95422 Clearlake,zcta,95422,Clearlake,38.985515,-122.6425345,214835,,2025-07-31,10,0,Zillow ZIP-level market for Clearlake; mapped with Census 2020 ZCTA 95422 in Lake County.,,,,
95453 Lakeport,zcta,95453,Lakeport,39.0459308,-122.941077,373444,,2025-07-31,10,0,Zillow ZIP-level market for Lakeport; mapped with Census 2020 ZCTA 95453 in Lake County.,,,,
95451 Kelseyville,zcta,95451,Kelseyville,38.9221361,-122.7895645,355348,,2025-07-31,10,0,Zillow ZIP-level market for Kelseyville; mapped with Census 2020 ZCTA 95451 in Lake County.,,,,
95467 Hidden Valley Lake,zcta,95467,Hidden Valley Lake,38.8129545,-122.5480991,373598,,2025-07-31,10,0,Zillow ZIP-level market for Hidden Valley Lake; mapped with Census 2020 ZCTA 95467 in Lake County.,,,,
95457 Lower Lake,zcta,95457,Lower Lake,38.9240363,-122.5490825,386466,,2025-07-31,10,0,Zillow ZIP-level market for Lower Lake; mapped with Census 2020 ZCTA 95457 in Lake County.,,,,
95461 Middletown,zcta,95461,Middletown,38.7540062,-122.5521097,333546,,2025-07-31,10,0,Zillow ZIP-level market for Middletown; mapped with Census 2020 ZCTA 95461 in Lake County.,,,,
95423 Clearlake Oaks,zcta,95423,Clearlake Oaks,39.067376,-122.6297201,264835,,2025-07-31,10,0,Zillow ZIP-level market for Clearlake Oaks; mapped with Census 2020 ZCTA 95423 in Lake County.,,,,
95464 Upper Lake,zcta,95464,Upper Lake,39.1262459,-122.8470753,235016,,2025-07-31,10,0,Zillow ZIP-level market for Upper Lake; mapped with Census 2020 ZCTA 95464 in Lake County.,,,,
95469 Upper Lake,zcta,95469,Upper Lake,39.3989363,-123.0752527,431451,,2025-07-31,10,0,Zillow ZIP-level market for Upper Lake; mapped with Census 2020 ZCTA 95469 in Lake County.,,,,
95458 Lucerne,zcta,95458,Lucerne,39.1090084,-122.7776345,253162,,2025-07-31,10,0,Zillow ZIP-level market for Lucerne; mapped with Census 2020 ZCTA 95458 in Lake County.,,,,
95485 Nice,zcta,95485,Nice,39.2084696,-122.92572,320468,,2025-07-31,10,0,Zillow ZIP-level market for Nice; mapped with Census 2020 ZCTA 95485 in Lake County.,,,,
95443 Lucerne,zcta,95443,Lucerne,39.0501313,-122.7396314,269715,,2025-07-31,10,0,Zillow ZIP-level market for Lucerne; mapped with Census 2020 ZCTA 95443 in Lake County.,,,,
95426 Middletown,zcta,95426,Middletown,38.8334248,-122.7340614,290996,,2025-07-31,10,0,Zillow ZIP-level market for Middletown; mapped with Census 2020 ZCTA 95426 in Lake County.,,,,
95424 Clearlake,zcta,95424,Clearlake,0.0,0.0,267480,,2025-07-31,10,0,Zillow ZIP-level market for Clearlake; mapped with Census 2020 ZCTA 95424 in Lake County.,,,,
95422 Clearlake,zcta,95422,Clearlake,38.985515,-122.6425345,214244,,2025-08-31,10,0,Zillow ZIP-level market for Clearlake; mapped with Census 2020 ZCTA 95422 in Lake County.,,,,
95453 Lakeport,zcta,95453,Lakeport,39.0459308,-122.941077,371291,,2025-08-31,10,0,Zillow ZIP-level market for Lakeport; mapped with Census 2020 ZCTA 95453 in Lake County.,,,,
95451 Kelseyville,zcta,95451,Kelseyville,38.9221361,-122.7895645,353861,,2025-08-31,10,0,Zillow ZIP-level market for Kelseyville; mapped with Census 2020 ZCTA 95451 in Lake County.,,,,
95467 Hidden Valley Lake,zcta,95467,Hidden Valley Lake,38.8129545,-122.5480991,371337,,2025-08-31,10,0,Zillow ZIP-level market for Hidden Valley Lake; mapped with Census 2020 ZCTA 95467 in Lake County.,,,,
95457 Lower Lake,zcta,95457,Lower Lake,38.9240363,-122.5490825,383634,,2025-08-31,10,0,Zillow ZIP-level market for Lower Lake; mapped with Census 2020 ZCTA 95457 in Lake County.,,,,
95461 Middletown,zcta,95461,Middletown,38.7540062,-122.5521097,330140,,2025-08-31,10,0,Zillow ZIP-level market for Middletown; mapped with Census 2020 ZCTA 95461 in Lake County.,,,,
95423 Clearlake Oaks,zcta,95423,Clearlake Oaks,39.067376,-122.6297201,263796,,2025-08-31,10,0,Zillow ZIP-level market for Clearlake Oaks; mapped with Census 2020 ZCTA 95423 in Lake County.,,,,
95464 Upper Lake,zcta,95464,Upper Lake,39.1262459,-122.8470753,234279,,2025-08-31,10,0,Zillow ZIP-level market for Upper Lake; mapped with Census 2020 ZCTA 95464 in Lake County.,,,,
95469 Upper Lake,zcta,95469,Upper Lake,39.3989363,-123.0752527,429149,,2025-08-31,10,0,Zillow ZIP-level market for Upper Lake; mapped with Census 2020 ZCTA 95469 in Lake County.,,,,
95458 Lucerne,zcta,95458,Lucerne,39.1090084,-122.7776345,251129,,2025-08-31,10,0,Zillow ZIP-level market for Lucerne; mapped with Census 2020 ZCTA 95458 in Lake County.,,,,
95485 Nice,zcta,95485,Nice,39.2084696,-122.92572,318878,,2025-08-31,10,0,Zillow ZIP-level market for Nice; mapped with Census 2020 ZCTA 95485 in Lake County.,,,,
95443 Lucerne,zcta,95443,Lucerne,39.0501313,-122.7396314,270100,,2025-08-31,10,0,Zillow ZIP-level market for Lucerne; mapped with Census 2020 ZCTA 95443 in Lake County.,,,,
95426 Middletown,zcta,95426,Middletown,38.8334248,-122.7340614,289260,,2025-08-31,10,0,Zillow ZIP-level market for Middletown; mapped with Census 2020 ZCTA 95426 in Lake County.,,,,
95424 Clearlake,zcta,95424,Clearlake,0.0,0.0,266431,,2025-08-31,10,0,Zillow ZIP-level market for Clearlake; mapped with Census 2020 ZCTA 95424 in Lake County.,,,,
95422 Clearlake,zcta,95422,Clearlake,38.985515,-122.6425345,212667,,2025-09-30,10,0,Zillow ZIP-level market for Clearlake; mapped with Census 2020 ZCTA 95422 in Lake County.,,,,
95453 Lakeport,zcta,95453,Lakeport,39.0459308,-122.941077,368619,,2025-09-30,10,0,Zillow ZIP-level market for Lakeport; mapped with Census 2020 ZCTA 95453 in Lake County.,,,,
95451 Kelseyville,zcta,95451,Kelseyville,38.9221361,-122.7895645,353154,,2025-09-30,10,0,Zillow ZIP-level market for Kelseyville; mapped with Census 2020 ZCTA 95451 in Lake County.,,,,
95467 Hidden Valley Lake,zcta,95467,Hidden Valley Lake,38.8129545,-122.5480991,369878,,2025-09-30,10,0,Zillow ZIP-level market for Hidden Valley Lake; mapped with Census 2020 ZCTA 95467 in Lake County.,,,,
95457 Lower Lake,zcta,95457,Lower Lake,38.9240363,-122.5490825,381417,,2025-09-30,10,0,Zillow ZIP-level market for Lower Lake; mapped with Census 2020 ZCTA 95457 in Lake County.,,,,
95461 Middletown,zcta,95461,Middletown,38.7540062,-122.5521097,327245,,2025-09-30,10,0,Zillow ZIP-level market for Middletown; mapped with Census 2020 ZCTA 95461 in Lake County.,,,,
95423 Clearlake Oaks,zcta,95423,Clearlake Oaks,39.067376,-122.6297201,262602,,2025-09-30,10,0,Zillow ZIP-level market for Clearlake Oaks; mapped with Census 2020 ZCTA 95423 in Lake County.,,,,
95464 Upper Lake,zcta,95464,Upper Lake,39.1262459,-122.8470753,233027,,2025-09-30,10,0,Zillow ZIP-level market for Upper Lake; mapped with Census 2020 ZCTA 95464 in Lake County.,,,,
95469 Upper Lake,zcta,95469,Upper Lake,39.3989363,-123.0752527,427096,,2025-09-30,10,0,Zillow ZIP-level market for Upper Lake; mapped with Census 2020 ZCTA 95469 in Lake County.,,,,
95458 Lucerne,zcta,95458,Lucerne,39.1090084,-122.7776345,248840,,2025-09-30,10,0,Zillow ZIP-level market for Lucerne; mapped with Census 2020 ZCTA 95458 in Lake County.,,,,
95485 Nice,zcta,95485,Nice,39.2084696,-122.92572,317903,,2025-09-30,10,0,Zillow ZIP-level market for Nice; mapped with Census 2020 ZCTA 95485 in Lake County.,,,,
95443 Lucerne,zcta,95443,Lucerne,39.0501313,-122.7396314,270773,,2025-09-30,10,0,Zillow ZIP-level market for Lucerne; mapped with Census 2020 ZCTA 95443 in Lake County.,,,,
95426 Middletown,zcta,95426,Middletown,38.8334248,-122.7340614,288141,,2025-09-30,10,0,Zillow ZIP-level market for Middletown; mapped with Census 2020 ZCTA 95426 in Lake County.,,,,
95424 Clearlake,zcta,95424,Clearlake,0.0,0.0,266381,,2025-09-30,10,0,Zillow ZIP-level market for Clearlake; mapped with Census 2020 ZCTA 95424 in Lake County.,,,,
95422 Clearlake,zcta,95422,Clearlake,38.985515,-122.6425345,210257,,2025-10-31,10,0,Zillow ZIP-level market for Clearlake; mapped with Census 2020 ZCTA 95422 in Lake County.,,,,
95453 Lakeport,zcta,95453,Lakeport,39.0459308,-122.941077,366553,,2025-10-31,10,0,Zillow ZIP-level market for Lakeport; mapped with Census 2020 ZCTA 95453 in Lake County.,,,,
95451 Kelseyville,zcta,95451,Kelseyville,38.9221361,-122.7895645,353000,,2025-10-31,10,0,Zillow ZIP-level market for Kelseyville; mapped with Census 2020 ZCTA 95451 in Lake County.,,,,
95467 Hidden Valley Lake,zcta,95467,Hidden Valley Lake,38.8129545,-122.5480991,369529,,2025-10-31,10,0,Zillow ZIP-level market for Hidden Valley Lake; mapped with Census 2020 ZCTA 95467 in Lake County.,,,,
95457 Lower Lake,zcta,95457,Lower Lake,38.9240363,-122.5490825,379545,,2025-10-31,10,0,Zillow ZIP-level market for Lower Lake; mapped with Census 2020 ZCTA 95457 in Lake County.,,,,
95461 Middletown,zcta,95461,Middletown,38.7540062,-122.5521097,325877,,2025-10-31,10,0,Zillow ZIP-level market for Middletown; mapped with Census 2020 ZCTA 95461 in Lake County.,,,,
95423 Clearlake Oaks,zcta,95423,Clearlake Oaks,39.067376,-122.6297201,261571,,2025-10-31,10,0,Zillow ZIP-level market for Clearlake Oaks; mapped with Census 2020 ZCTA 95423 in Lake County.,,,,
95464 Upper Lake,zcta,95464,Upper Lake,39.1262459,-122.8470753,231536,,2025-10-31,10,0,Zillow ZIP-level market for Upper Lake; mapped with Census 2020 ZCTA 95464 in Lake County.,,,,
95469 Upper Lake,zcta,95469,Upper Lake,39.3989363,-123.0752527,428187,,2025-10-31,10,0,Zillow ZIP-level market for Upper Lake; mapped with Census 2020 ZCTA 95469 in Lake County.,,,,
95458 Lucerne,zcta,95458,Lucerne,39.1090084,-122.7776345,246443,,2025-10-31,10,0,Zillow ZIP-level market for Lucerne; mapped with Census 2020 ZCTA 95458 in Lake County.,,,,
95485 Nice,zcta,95485,Nice,39.2084696,-122.92572,318275,,2025-10-31,10,0,Zillow ZIP-level market for Nice; mapped with Census 2020 ZCTA 95485 in Lake County.,,,,
95443 Lucerne,zcta,95443,Lucerne,39.0501313,-122.7396314,271779,,2025-10-31,10,0,Zillow ZIP-level market for Lucerne; mapped with Census 2020 ZCTA 95443 in Lake County.,,,,
95426 Middletown,zcta,95426,Middletown,38.8334248,-122.7340614,287379,,2025-10-31,10,0,Zillow ZIP-level market for Middletown; mapped with Census 2020 ZCTA 95426 in Lake County.,,,,
95424 Clearlake,zcta,95424,Clearlake,0.0,0.0,266231,,2025-10-31,10,0,Zillow ZIP-level market for Clearlake; mapped with Census 2020 ZCTA 95424 in Lake County.,,,,
95422 Clearlake,zcta,95422,Clearlake,38.985515,-122.6425345,207516,,2025-11-30,10,0,Zillow ZIP-level market for Clearlake; mapped with Census 2020 ZCTA 95422 in Lake County.,,,,
95453 Lakeport,zcta,95453,Lakeport,39.0459308,-122.941077,364647,,2025-11-30,10,0,Zillow ZIP-level market for Lakeport; mapped with Census 2020 ZCTA 95453 in Lake County.,,,,
95451 Kelseyville,zcta,95451,Kelseyville,38.9221361,-122.7895645,352791,,2025-11-30,10,0,Zillow ZIP-level market for Kelseyville; mapped with Census 2020 ZCTA 95451 in Lake County.,,,,
95467 Hidden Valley Lake,zcta,95467,Hidden Valley Lake,38.8129545,-122.5480991,369935,,2025-11-30,10,0,Zillow ZIP-level market for Hidden Valley Lake; mapped with Census 2020 ZCTA 95467 in Lake County.,,,,
95457 Lower Lake,zcta,95457,Lower Lake,38.9240363,-122.5490825,377641,,2025-11-30,10,0,Zillow ZIP-level market for Lower Lake; mapped with Census 2020 ZCTA 95457 in Lake County.,,,,
95461 Middletown,zcta,95461,Middletown,38.7540062,-122.5521097,325619,,2025-11-30,10,0,Zillow ZIP-level market for Middletown; mapped with Census 2020 ZCTA 95461 in Lake County.,,,,
95423 Clearlake Oaks,zcta,95423,Clearlake Oaks,39.067376,-122.6297201,260664,,2025-11-30,10,0,Zillow ZIP-level market for Clearlake Oaks; mapped with Census 2020 ZCTA 95423 in Lake County.,,,,
95464 Upper Lake,zcta,95464,Upper Lake,39.1262459,-122.8470753,230944,,2025-11-30,10,0,Zillow ZIP-level market for Upper Lake; mapped with Census 2020 ZCTA 95464 in Lake County.,,,,
95469 Upper Lake,zcta,95469,Upper Lake,39.3989363,-123.0752527,429959,,2025-11-30,10,0,Zillow ZIP-level market for Upper Lake; mapped with Census 2020 ZCTA 95469 in Lake County.,,,,
95458 Lucerne,zcta,95458,Lucerne,39.1090084,-122.7776345,243992,,2025-11-30,10,0,Zillow ZIP-level market for Lucerne; mapped with Census 2020 ZCTA 95458 in Lake County.,,,,
95485 Nice,zcta,95485,Nice,39.2084696,-122.92572,319362,,2025-11-30,10,0,Zillow ZIP-level market for Nice; mapped with Census 2020 ZCTA 95485 in Lake County.,,,,
95443 Lucerne,zcta,95443,Lucerne,39.0501313,-122.7396314,272724,,2025-11-30,10,0,Zillow ZIP-level market for Lucerne; mapped with Census 2020 ZCTA 95443 in Lake County.,,,,
95426 Middletown,zcta,95426,Middletown,38.8334248,-122.7340614,286754,,2025-11-30,10,0,Zillow ZIP-level market for Middletown; mapped with Census 2020 ZCTA 95426 in Lake County.,,,,
95424 Clearlake,zcta,95424,Clearlake,0.0,0.0,266113,,2025-11-30,10,0,Zillow ZIP-level market for Clearlake; mapped with Census 2020 ZCTA 95424 in Lake County.,,,,
95422 Clearlake,zcta,95422,Clearlake,38.985515,-122.6425345,205338,,2025-12-31,10,0,Zillow ZIP-level market for Clearlake; mapped with Census 2020 ZCTA 95422 in Lake County.,,,,
95453 Lakeport,zcta,95453,Lakeport,39.0459308,-122.941077,363983,,2025-12-31,10,0,Zillow ZIP-level market for Lakeport; mapped with Census 2020 ZCTA 95453 in Lake County.,,,,
95451 Kelseyville,zcta,95451,Kelseyville,38.9221361,-122.7895645,352467,,2025-12-31,10,0,Zillow ZIP-level market for Kelseyville; mapped with Census 2020 ZCTA 95451 in Lake County.,,,,
95467 Hidden Valley Lake,zcta,95467,Hidden Valley Lake,38.8129545,-122.5480991,370397,,2025-12-31,10,0,Zillow ZIP-level market for Hidden Valley Lake; mapped with Census 2020 ZCTA 95467 in Lake County.,,,,
95457 Lower Lake,zcta,95457,Lower Lake,38.9240363,-122.5490825,376144,,2025-12-31,10,0,Zillow ZIP-level market for Lower Lake; mapped with Census 2020 ZCTA 95457 in Lake County.,,,,
95461 Middletown,zcta,95461,Middletown,38.7540062,-122.5521097,325521,,2025-12-31,10,0,Zillow ZIP-level market for Middletown; mapped with Census 2020 ZCTA 95461 in Lake County.,,,,
95423 Clearlake Oaks,zcta,95423,Clearlake Oaks,39.067376,-122.6297201,259863,,2025-12-31,10,0,Zillow ZIP-level market for Clearlake Oaks; mapped with Census 2020 ZCTA 95423 in Lake County.,,,,
95464 Upper Lake,zcta,95464,Upper Lake,39.1262459,-122.8470753,231173,,2025-12-31,10,0,Zillow ZIP-level market for Upper Lake; mapped with Census 2020 ZCTA 95464 in Lake County.,,,,
95469 Upper Lake,zcta,95469,Upper Lake,39.3989363,-123.0752527,431658,,2025-12-31,10,0,Zillow ZIP-level market for Upper Lake; mapped with Census 2020 ZCTA 95469 in Lake County.,,,,
95458 Lucerne,zcta,95458,Lucerne,39.1090084,-122.7776345,242260,,2025-12-31,10,0,Zillow ZIP-level market for Lucerne; mapped with Census 2020 ZCTA 95458 in Lake County.,,,,
95485 Nice,zcta,95485,Nice,39.2084696,-122.92572,320706,,2025-12-31,10,0,Zillow ZIP-level market for Nice; mapped with Census 2020 ZCTA 95485 in Lake County.,,,,
95443 Lucerne,zcta,95443,Lucerne,39.0501313,-122.7396314,273615,,2025-12-31,10,0,Zillow ZIP-level market for Lucerne; mapped with Census 2020 ZCTA 95443 in Lake County.,,,,
95426 Middletown,zcta,95426,Middletown,38.8334248,-122.7340614,286266,,2025-12-31,10,0,Zillow ZIP-level market for Middletown; mapped with Census 2020 ZCTA 95426 in Lake County.,,,,
95424 Clearlake,zcta,95424,Clearlake,0.0,0.0,266447,,2025-12-31,10,0,Zillow ZIP-level market for Clearlake; mapped with Census 2020 ZCTA 95424 in Lake County.,,,,
95422 Clearlake,zcta,95422,Clearlake,38.985515,-122.6425345,204142,,2026-01-31,10,0,Zillow ZIP-level market for Clearlake; mapped with Census 2020 ZCTA 95422 in Lake County.,,,,
95453 Lakeport,zcta,95453,Lakeport,39.0459308,-122.941077,363184,,2026-01-31,10,0,Zillow ZIP-level market for Lakeport; mapped with Census 2020 ZCTA 95453 in Lake County.,,,,
95451 Kelseyville,zcta,95451,Kelseyville,38.9221361,-122.7895645,352359,,2026-01-31,10,0,Zillow ZIP-level market for Kelseyville; mapped with Census 2020 ZCTA 95451 in Lake County.,,,,
95467 Hidden Valley Lake,zcta,95467,Hidden Valley Lake,38.8129545,-122.5480991,370805,,2026-01-31,10,0,Zillow ZIP-level market for Hidden Valley Lake; mapped with Census 2020 ZCTA 95467 in Lake County.,,,,
95457 Lower Lake,zcta,95457,Lower Lake,38.9240363,-122.5490825,375545,,2026-01-31,10,0,Zillow ZIP-level market for Lower Lake; mapped with Census 2020 ZCTA 95457 in Lake County.,,,,
95461 Middletown,zcta,95461,Middletown,38.7540062,-122.5521097,324397,,2026-01-31,10,0,Zillow ZIP-level market for Middletown; mapped with Census 2020 ZCTA 95461 in Lake County.,,,,
95423 Clearlake Oaks,zcta,95423,Clearlake Oaks,39.067376,-122.6297201,259022,,2026-01-31,10,0,Zillow ZIP-level market for Clearlake Oaks; mapped with Census 2020 ZCTA 95423 in Lake County.,,,,
95464 Upper Lake,zcta,95464,Upper Lake,39.1262459,-122.8470753,230942,,2026-01-31,10,0,Zillow ZIP-level market for Upper Lake; mapped with Census 2020 ZCTA 95464 in Lake County.,,,,
95469 Upper Lake,zcta,95469,Upper Lake,39.3989363,-123.0752527,431276,,2026-01-31,10,0,Zillow ZIP-level market for Upper Lake; mapped with Census 2020 ZCTA 95469 in Lake County.,,,,
95458 Lucerne,zcta,95458,Lucerne,39.1090084,-122.7776345,240803,,2026-01-31,10,0,Zillow ZIP-level market for Lucerne; mapped with Census 2020 ZCTA 95458 in Lake County.,,,,
95485 Nice,zcta,95485,Nice,39.2084696,-122.92572,321189,,2026-01-31,10,0,Zillow ZIP-level market for Nice; mapped with Census 2020 ZCTA 95485 in Lake County.,,,,
95443 Lucerne,zcta,95443,Lucerne,39.0501313,-122.7396314,274263,,2026-01-31,10,0,Zillow ZIP-level market for Lucerne; mapped with Census 2020 ZCTA 95443 in Lake County.,,,,
95426 Middletown,zcta,95426,Middletown,38.8334248,-122.7340614,285997,,2026-01-31,10,0,Zillow ZIP-level market for Middletown; mapped with Census 2020 ZCTA 95426 in Lake County.,,,,
95424 Clearlake,zcta,95424,Clearlake,0.0,0.0,267190,,2026-01-31,10,0,Zillow ZIP-level market for Clearlake; mapped with Census 2020 ZCTA 95424 in Lake County.,,,,
95422 Clearlake,zcta,95422,Clearlake,38.985515,-122.6425345,203953,,2026-02-28,10,0,Zillow ZIP-level market for Clearlake; mapped with Census 2020 ZCTA 95422 in Lake County.,,,,
95453 Lakeport,zcta,95453,Lakeport,39.0459308,-122.941077,363187,,2026-02-28,10,0,Zillow ZIP-level market for Lakeport; mapped with Census 2020 ZCTA 95453 in Lake County.,,,,
95451 Kelseyville,zcta,95451,Kelseyville,38.9221361,-122.7895645,352748,,2026-02-28,10,0,Zillow ZIP-level market for Kelseyville; mapped with Census 2020 ZCTA 95451 in Lake County.,,,,
95467 Hidden Valley Lake,zcta,95467,Hidden Valley Lake,38.8129545,-122.5480991,371082,,2026-02-28,10,0,Zillow ZIP-level market for Hidden Valley Lake; mapped with Census 2020 ZCTA 95467 in Lake County.,,,,
95457 Lower Lake,zcta,95457,Lower Lake,38.9240363,-122.5490825,376592,,2026-02-28,10,0,Zillow ZIP-level market for Lower Lake; mapped with Census 2020 ZCTA 95457 in Lake County.,,,,
95461 Middletown,zcta,95461,Middletown,38.7540062,-122.5521097,322979,,2026-02-28,10,0,Zillow ZIP-level market for Middletown; mapped with Census 2020 ZCTA 95461 in Lake County.,,,,
95423 Clearlake Oaks,zcta,95423,Clearlake Oaks,39.067376,-122.6297201,258613,,2026-02-28,10,0,Zillow ZIP-level market for Clearlake Oaks; mapped with Census 2020 ZCTA 95423 in Lake County.,,,,
95464 Upper Lake,zcta,95464,Upper Lake,39.1262459,-122.8470753,230032,,2026-02-28,10,0,Zillow ZIP-level market for Upper Lake; mapped with Census 2020 ZCTA 95464 in Lake County.,,,,
95469 Upper Lake,zcta,95469,Upper Lake,39.3989363,-123.0752527,432543,,2026-02-28,10,0,Zillow ZIP-level market for Upper Lake; mapped with Census 2020 ZCTA 95469 in Lake County.,,,,
95458 Lucerne,zcta,95458,Lucerne,39.1090084,-122.7776345,239589,,2026-02-28,10,0,Zillow ZIP-level market for Lucerne; mapped with Census 2020 ZCTA 95458 in Lake County.,,,,
95485 Nice,zcta,95485,Nice,39.2084696,-122.92572,321668,,2026-02-28,10,0,Zillow ZIP-level market for Nice; mapped with Census 2020 ZCTA 95485 in Lake County.,,,,
95443 Lucerne,zcta,95443,Lucerne,39.0501313,-122.7396314,275257,,2026-02-28,10,0,Zillow ZIP-level market for Lucerne; mapped with Census 2020 ZCTA 95443 in Lake County.,,,,
95426 Middletown,zcta,95426,Middletown,38.8334248,-122.7340614,285524,,2026-02-28,10,0,Zillow ZIP-level market for Middletown; mapped with Census 2020 ZCTA 95426 in Lake County.,,,,
95424 Clearlake,zcta,95424,Clearlake,0.0,0.0,268898,,2026-02-28,10,0,Zillow ZIP-level market for Clearlake; mapped with Census 2020 ZCTA 95424 in Lake County.,,,,
95422 Clearlake,zcta,95422,Clearlake,38.985515,-122.6425345,204513,,2026-03-31,10,0,Zillow ZIP-level market for Clearlake; mapped with Census 2020 ZCTA 95422 in Lake County.,,,,
95453 Lakeport,zcta,95453,Lakeport,39.0459308,-122.941077,363127,,2026-03-31,10,0,Zillow ZIP-level market for Lakeport; mapped with Census 2020 ZCTA 95453 in Lake County.,,,,
95451 Kelseyville,zcta,95451,Kelseyville,38.9221361,-122.7895645,353442,1743,2026-03-31,10,0,Zillow ZIP-level market for Kelseyville; mapped with Census 2020 ZCTA 95451 in Lake County.,,1743,Zillow ZORI,
95467 Hidden Valley Lake,zcta,95467,Hidden Valley Lake,38.8129545,-122.5480991,370635,,2026-03-31,10,0,Zillow ZIP-level market for Hidden Valley Lake; mapped with Census 2020 ZCTA 95467 in Lake County.,,,,
95457 Lower Lake,zcta,95457,Lower Lake,38.9240363,-122.5490825,378836,,2026-03-31,10,0,Zillow ZIP-level market for Lower Lake; mapped with Census 2020 ZCTA 95457 in Lake County.,,,,
95461 Middletown,zcta,95461,Middletown,38.7540062,-122.5521097,321739,,2026-03-31,10,0,Zillow ZIP-level market for Middletown; mapped with Census 2020 ZCTA 95461 in Lake County.,,,,
95423 Clearlake Oaks,zcta,95423,Clearlake Oaks,39.067376,-122.6297201,258704,,2026-03-31,10,0,Zillow ZIP-level market for Clearlake Oaks; mapped with Census 2020 ZCTA 95423 in Lake County.,,,,
95464 Upper Lake,zcta,95464,Upper Lake,39.1262459,-122.8470753,229187,,2026-03-31,10,0,Zillow ZIP-level market for Upper Lake; mapped with Census 2020 ZCTA 95464 in Lake County.,,,,
95469 Upper Lake,zcta,95469,Upper Lake,39.3989363,-123.0752527,433045,,2026-03-31,10,0,Zillow ZIP-level market for Upper Lake; mapped with Census 2020 ZCTA 95469 in Lake County.,,,,
95458 Lucerne,zcta,95458,Lucerne,39.1090084,-122.7776345,239152,,2026-03-31,10,0,Zillow ZIP-level market for Lucerne; mapped with Census 2020 ZCTA 95458 in Lake County.,,,,
95485 Nice,zcta,95485,Nice,39.2084696,-122.92572,321505,,2026-03-31,10,0,Zillow ZIP-level market for Nice; mapped with Census 2020 ZCTA 95485 in Lake County.,,,,
95443 Lucerne,zcta,95443,Lucerne,39.0501313,-122.7396314,276851,,2026-03-31,10,0,Zillow ZIP-level market for Lucerne; mapped with Census 2020 ZCTA 95443 in Lake County.,,,,
95426 Middletown,zcta,95426,Middletown,38.8334248,-122.7340614,284887,,2026-03-31,10,0,Zillow ZIP-level market for Middletown; mapped with Census 2020 ZCTA 95426 in Lake County.,,,,
95424 Clearlake,zcta,95424,Clearlake,0.0,0.0,270575,,2026-03-31,10,0,Zillow ZIP-level market for Clearlake; mapped with Census 2020 ZCTA 95424 in Lake County.,,,,
95422 Clearlake,zcta,95422,Clearlake,38.985515,-122.6425345,205549,,2026-04-30,10,0,Zillow ZIP-level market for Clearlake; mapped with Census 2020 ZCTA 95422 in Lake County.,,,,
95453 Lakeport,zcta,95453,Lakeport,39.0459308,-122.941077,363746,,2026-04-30,10,0,Zillow ZIP-level market for Lakeport; mapped with Census 2020 ZCTA 95453 in Lake County.,,,,
95451 Kelseyville,zcta,95451,Kelseyville,38.9221361,-122.7895645,354404,1738,2026-04-30,10,0,Zillow ZIP-level market for Kelseyville; mapped with Census 2020 ZCTA 95451 in Lake County.,,1738,Zillow ZORI,
95467 Hidden Valley Lake,zcta,95467,Hidden Valley Lake,38.8129545,-122.5480991,369645,,2026-04-30,10,0,Zillow ZIP-level market for Hidden Valley Lake; mapped with Census 2020 ZCTA 95467 in Lake County.,,,,
95457 Lower Lake,zcta,95457,Lower Lake,38.9240363,-122.5490825,380753,,2026-04-30,10,0,Zillow ZIP-level market for Lower Lake; mapped with Census 2020 ZCTA 95457 in Lake County.,,,,
95461 Middletown,zcta,95461,Middletown,38.7540062,-122.5521097,321332,,2026-04-30,10,0,Zillow ZIP-level market for Middletown; mapped with Census 2020 ZCTA 95461 in Lake County.,,,,
95423 Clearlake Oaks,zcta,95423,Clearlake Oaks,39.067376,-122.6297201,259189,,2026-04-30,10,0,Zillow ZIP-level market for Clearlake Oaks; mapped with Census 2020 ZCTA 95423 in Lake County.,,,,
95464 Upper Lake,zcta,95464,Upper Lake,39.1262459,-122.8470753,228658,,2026-04-30,10,0,Zillow ZIP-level market for Upper Lake; mapped with Census 2020 ZCTA 95464 in Lake County.,,,,
95469 Upper Lake,zcta,95469,Upper Lake,39.3989363,-123.0752527,433609,,2026-04-30,10,0,Zillow ZIP-level market for Upper Lake; mapped with Census 2020 ZCTA 95469 in Lake County.,,,,
95458 Lucerne,zcta,95458,Lucerne,39.1090084,-122.7776345,239129,,2026-04-30,10,0,Zillow ZIP-level market for Lucerne; mapped with Census 2020 ZCTA 95458 in Lake County.,,,,
95485 Nice,zcta,95485,Nice,39.2084696,-122.92572,320866,,2026-04-30,10,0,Zillow ZIP-level market for Nice; mapped with Census 2020 ZCTA 95485 in Lake County.,,,,
95443 Lucerne,zcta,95443,Lucerne,39.0501313,-122.7396314,279028,,2026-04-30,10,0,Zillow ZIP-level market for Lucerne; mapped with Census 2020 ZCTA 95443 in Lake County.,,,,
95426 Middletown,zcta,95426,Middletown,38.8334248,-122.7340614,284097,,2026-04-30,10,0,Zillow ZIP-level market for Middletown; mapped with Census 2020 ZCTA 95426 in Lake County.,,,,
95424 Clearlake,zcta,95424,Clearlake,0.0,0.0,271635,,2026-04-30,10,0,Zillow ZIP-level market for Clearlake; mapped with Census 2020 ZCTA 95424 in Lake County.,,,,
