{"type": "FeatureCollection", "features": [{"type": "Feature", "geometry": {"type": "Polygon", "coordinates": [[[-120.7171389999926, 39.48896300007745], [-120.7171389999926, 39.48891799976347], [-120.71712300009905, 39.488804999694075], [-120.717055000327, 39.488664000141334], [-120.71700900029623, 39.488608999825296], [-120.71690200016613, 39.48841700030952], [-120.71686399963298, 39.48832199971391], [-120.71681799960221, 39.48808700005475], [-120.71677300029468, 39.48794599973935], [-120.71674200033254, 39.48787799979976], [-120.71663500020243, 39.48775000022238], [-120.71651300000369, 39.48762599997384], [-120.71647500036885, 39.48756699996244], [-120.71640699969849, 39.48748500011025], [-120.71638300030736, 39.487457000324575], [-120.71633800010149, 39.48738399991419], [-120.71631499963696, 39.48731600011824], [-120.71626100010862, 39.487098000018385], [-120.71626899960623, 39.486854999778934], [-120.71625400043591, 39.48675600020824], [-120.71618499994064, 39.48662400033034], [-120.71593399987046, 39.486438999717336], [-120.7157890001055, 39.486382000250046], [-120.71548299978377, 39.48623200022439], [-120.71512399975856, 39.48607199970172], [-120.71504799959058, 39.48602099976541], [-120.71497200032091, 39.48587899967774], [-120.71494899985636, 39.48579799965894], [-120.7149649997499, 39.48573999992135], [-120.71496399992499, 39.48569000018044], [-120.71501800035166, 39.48547499977565], [-120.7150710000551, 39.48536300010117], [-120.71512399975856, 39.48522900015457], [-120.7151549997207, 39.48517600009408], [-120.71517099961422, 39.485035999870874], [-120.7151549997207, 39.48482400018481], [-120.71504799959058, 39.48461100009144], [-120.71504799959058, 39.48456599973436], [-120.71503300042029, 39.48449299975563], [-120.71500199955982, 39.48443000011129], [-120.71496399992499, 39.484365999951905], [-120.71464400025783, 39.483990000079594], [-120.71458800018137, 39.483875999856856], [-120.71456800008986, 39.48383500019324], [-120.7145139996632, 39.483744000058785], [-120.71445299956383, 39.4836929998018], [-120.7143379999361, 39.48362400008794], [-120.71378200026739, 39.483215999747735], [-120.71368199980998, 39.4830610002163], [-120.7136750001373, 39.48292099989529], [-120.7136969998786, 39.482871999993705], [-120.71374399973425, 39.48278799988398], [-120.71380400000871, 39.482689999858856], [-120.71398700030682, 39.48251300028422], [-120.71409500026185, 39.48234399999579], [-120.71422400013329, 39.48210300007205], [-120.71425500009542, 39.48202300030689], [-120.7144230003249, 39.48177400016292], [-120.71456800008986, 39.48160999987354], [-120.71474299999203, 39.48146900029214], [-120.7151549997207, 39.481180000212554], [-120.71554399988312, 39.48109300001103], [-120.71587199994619, 39.480941999857116], [-120.71599400014492, 39.48087700013992], [-120.71604799967328, 39.4808240002296], [-120.71613100041226, 39.48072600021044], [-120.71620800040516, 39.48057499995318], [-120.71629200007075, 39.480473000300975], [-120.71635300017012, 39.48042400006137], [-120.7164290003381, 39.48037200032126], [-120.71649799993509, 39.48030600024841], [-120.7166460000731, 39.480209999841534], [-120.71694800019685, 39.48001700018989], [-120.71728399975756, 39.47983500021103], [-120.71745899965973, 39.479747999713815], [-120.71761099999569, 39.47968300026754], [-120.71768799998858, 39.47964399987721], [-120.71783299975354, 39.47960699982451], [-120.71822899958866, 39.47945199987706], [-120.71853499991042, 39.479363999757666], [-120.71863399964461, 39.47931599996075], [-120.71871800020851, 39.479264000085614], [-120.71903100020295, 39.47900400012688], [-120.71924499956489, 39.478863999959856], [-120.71940500029679, 39.47877199971649], [-120.71951099970367, 39.47872900012628], [-120.71993900022414, 39.478498999883406], [-120.72009099966182, 39.47838899976968], [-120.72022899975407, 39.478280000027596], [-120.72040399965624, 39.47813399997174], [-120.72064100038104, 39.4778820001993], [-120.72082299995593, 39.4777100001716], [-120.72095400037549, 39.47759600005594], [-120.72121999961593, 39.477280999841575], [-120.72135000021059, 39.47713499976916], [-120.72154900040223, 39.47683700016151], [-120.7217090002358, 39.47668200028201], [-120.72196799980355, 39.47647099997154], [-120.72211299956852, 39.47637999990962], [-120.72247199959372, 39.47608899972016], [-120.72267699963314, 39.475894999842126], [-120.72279200015917, 39.47579799970023], [-120.72291400035792, 39.47572000008847], [-120.72320399988783, 39.475513999786635], [-120.72327300038313, 39.47543800033582], [-120.72334100015516, 39.47538600033528], [-120.72378399984595, 39.47513299972473], [-120.72386800040988, 39.475067000228115], [-120.72392899961092, 39.47502800002333], [-120.72415799993978, 39.47476200007061], [-120.72429500020712, 39.47458399983144], [-120.72460800020157, 39.47415800006648], [-120.72476800003516, 39.47391800012442], [-120.72479899999729, 39.47385499991575], [-120.72489799973148, 39.47372700018563], [-120.72508799970228, 39.47346000019103], [-120.72530199996254, 39.4731990001097], [-120.72536300006189, 39.473087000082785], [-120.72550799982685, 39.472905000001134], [-120.72556999975114, 39.47284799984338], [-120.72571399969118, 39.47275599996472], [-120.72580800030082, 39.472726999864655], [-120.72597399998219, 39.47267599985069], [-120.72616399995297, 39.472580000008534], [-120.72637800021322, 39.47243099996948], [-120.72653800004676, 39.472325999657194], [-120.72669799988037, 39.47223000002555], [-120.7270950004387, 39.47204000024844], [-120.72813999982893, 39.47149699991563], [-120.72862900044878, 39.471312999930845], [-120.72874300025161, 39.4712790001593], [-120.72893400004733, 39.47119699982604], [-120.72903299978152, 39.47117200028028], [-120.72923899964583, 39.47107699970543], [-120.72936099984457, 39.47102999969424], [-120.72943000033986, 39.47101299974135], [-120.72946799997472, 39.471001000261644], [-120.72957500010483, 39.47098900008642], [-120.72975800040291, 39.47100200021835], [-120.72983500039584, 39.4710119997848], [-120.72987999970334, 39.471031000343984], [-120.72996400026724, 39.47108200017686], [-120.73002500036662, 39.471105999799754], [-120.73013999999434, 39.47118499968462], [-120.73020799976639, 39.47122699982386], [-120.73033800036106, 39.47125599985573], [-120.73049800019466, 39.47122799977733], [-120.73068800016543, 39.47116000013455], [-120.73076500015833, 39.471125000333274], [-120.73081899968668, 39.47108999982092], [-120.73084899982392, 39.47105899980815], [-120.73109300022138, 39.47065000000161], [-120.73122299991773, 39.470484999872106], [-120.73129900008571, 39.47040599988591], [-120.73136000018506, 39.47032100001127], [-120.73144300002575, 39.47025700004526], [-120.73181799994448, 39.46997399967419], [-120.73195799968657, 39.469908000137664], [-120.73219200003831, 39.469841999845066], [-120.73231400023703, 39.46982600026904], [-120.73255799973617, 39.46981299991733], [-120.73287800030164, 39.469828000216204], [-120.73295399957131, 39.469815999838666], [-120.73316799983154, 39.46979299974494], [-120.73350400029054, 39.46973699978636], [-120.73361899991825, 39.46972100018619], [-120.73376299985831, 39.469720000211026], [-120.73386999998843, 39.46973099993674], [-120.73396899972265, 39.469751000126955], [-120.73406099978412, 39.46977900010622], [-120.73431299967922, 39.46982900018982], [-120.73448900030463, 39.46984599973847], [-120.73464800031327, 39.46984499976516], [-120.73492299977458, 39.46986399994955], [-120.73496899980532, 39.4698780002646], [-120.73508400033138, 39.46988899996528], [-120.73543400013573, 39.4699459997734], [-120.73567799963493, 39.470005000170424], [-120.73593000042831, 39.4700369999299], [-120.7360529995536, 39.47006599976427], [-120.73644900028707, 39.47012300012087], [-120.73679999991636, 39.47015699976389], [-120.7371279999794, 39.47015899970153], [-120.73727299974436, 39.4701799997373], [-120.73736499980586, 39.470199999798446], [-120.73747899960868, 39.470184000304734], [-120.73755599960157, 39.47016300027024], [-120.7376550002341, 39.47011499967215], [-120.73773100040208, 39.470062999853724], [-120.73779199960313, 39.47001000002542], [-120.73811200016858, 39.469682999734104], [-120.73818900016148, 39.4695899998541], [-120.73828000039806, 39.469505999654245], [-120.73837199956125, 39.469394999903386], [-120.73856999992798, 39.46917299987045], [-120.7386689996622, 39.46907600006479], [-120.73878400018823, 39.468979000123845], [-120.73884500028761, 39.46894499990527], [-120.73889799999102, 39.46893200008243], [-120.73898199965662, 39.4689200002438], [-120.739042999756, 39.46892100023046], [-120.73918800041929, 39.468884000022086], [-120.73932599961321, 39.468814000192594], [-120.73944000031433, 39.46870400002104], [-120.73979900033954, 39.46834100002417], [-120.74010399993809, 39.46799200021506], [-120.74035500000824, 39.46779399993856], [-120.74042100013045, 39.46775699982441], [-120.7405690002685, 39.46767600019932], [-120.74069899996482, 39.467624999950395], [-120.74085100030081, 39.467577999687855], [-120.74121000032599, 39.46749499984024], [-120.74156799962796, 39.46742099996781], [-120.74180500035274, 39.46738000031384], [-120.74214799958608, 39.46736900021652], [-120.74238500031089, 39.467374000260975], [-120.74252199967992, 39.46736700019863], [-120.74264499970357, 39.46734299997956], [-120.74281999960574, 39.467283000089154], [-120.74288099970511, 39.46723900032156], [-120.74293400030687, 39.467213000036075], [-120.74301799997247, 39.467161000129366], [-120.74341499963249, 39.46693399982815], [-120.74352199976263, 39.46685499997123], [-120.74360600032651, 39.46681199994994], [-120.74365200035727, 39.46675899972591], [-120.7436890001672, 39.46666900015581], [-120.74368999999209, 39.46650300027361], [-120.74368199959619, 39.466439000263364], [-120.74362100039514, 39.46628500012757], [-120.74342999970112, 39.46602500020563], [-120.74337000032496, 39.465935999715796], [-120.74332400029422, 39.465868999786224], [-120.74325499979892, 39.46579600029668], [-120.74315600006473, 39.46567199974379], [-120.7430330000411, 39.465562000153426], [-120.74297199994172, 39.46549299979201], [-120.7425979998479, 39.46510700012667], [-120.74248400004508, 39.46499700033671], [-120.74235500017365, 39.46489099985763], [-120.74219399961687, 39.46474800027705], [-120.74213300041582, 39.4646659998758], [-120.74209499988265, 39.46459800006178], [-120.7420639999205, 39.4644890002111], [-120.74206499974542, 39.46444800021673], [-120.74210999995127, 39.4642740001579], [-120.74214900030933, 39.46403099993358], [-120.74216400037795, 39.463878000076235], [-120.74216299965471, 39.463797000097195], [-120.74214799958608, 39.463720000269426], [-120.74214799958608, 39.46345899971508], [-120.74213300041582, 39.46331900016763], [-120.74210999995127, 39.46319199984906], [-120.74201799988975, 39.46289799976239], [-120.74200500036929, 39.46282700007894], [-120.74198799975254, 39.46272600014071], [-120.74198100007983, 39.46263999982374], [-120.74198799975254, 39.46246900033738], [-120.74197299968391, 39.46230699977935], [-120.74194199972177, 39.462243000071474], [-120.74191999998047, 39.46217100032979], [-120.74191900015555, 39.46210799988787], [-120.74198799975254, 39.46191999969423], [-120.74217100005063, 39.46169800008805], [-120.742492000441, 39.46127600018401], [-120.74268300023672, 39.46108600031878], [-120.74286499981159, 39.46093699994117], [-120.74296500026901, 39.4608799996891], [-120.74354500022716, 39.46057599986809], [-120.74378100022871, 39.46049099977645], [-120.74390300042745, 39.460433999852704], [-120.74400200016164, 39.460395999877576], [-120.74428400019394, 39.46033799976604], [-120.74438399975307, 39.46031299978679], [-120.74445300024836, 39.46027800007813], [-120.74462399995258, 39.46015699974101], [-120.74486400015209, 39.45998900004764], [-120.74503999987918, 39.459843999870685], [-120.74512400044308, 39.459754999799], [-120.74522999984997, 39.45968100001902], [-120.74535299987363, 39.459610999948545], [-120.7459780000376, 39.45930300032797], [-120.74609299966535, 39.459252000184996], [-120.7462299999327, 39.45920499981616], [-120.74638300009357, 39.45916300004994], [-120.74654299992714, 39.45914300028445], [-120.74673399972284, 39.45913800034218], [-120.74693899976225, 39.45908300026], [-120.747245000084, 39.45904400011236], [-120.74747400041286, 39.45904400011236], [-120.74761900017782, 39.45906000008667], [-120.74782500004216, 39.45910500029809], [-120.74799300027163, 39.45915300016793], [-120.74811499957204, 39.45922300000542], [-120.74818300024245, 39.45927400016966], [-120.74822900027318, 39.45936099991484], [-120.74835899996954, 39.45952100015086], [-120.74848799984096, 39.45959500010089], [-120.74859499997108, 39.45962900003287], [-120.74873300006335, 39.459644999872665], [-120.74884000019347, 39.45964700011249], [-120.74892300003415, 39.459635000059905], [-120.74909899976124, 39.459593999980264], [-120.7492440004245, 39.45955100032753], [-120.74935900005221, 39.45952200027253], [-120.74945000028883, 39.4594920000833], [-120.74956499991654, 39.45943999995597], [-120.74963299968863, 39.45940100000829], [-120.74973200032113, 39.45923199975154], [-120.74975499988734, 39.459174000057175], [-120.74978599984948, 39.45900299968459], [-120.74978500002459, 39.458876999944316], [-120.74973899999385, 39.45872799969286], [-120.74967799989447, 39.45863599987176], [-120.74962500019102, 39.45858100008651], [-120.74957999998517, 39.45849500019648], [-120.74954200035033, 39.458286999942494], [-120.74954200035033, 39.45810200025803], [-120.74959500005379, 39.45789999969994], [-120.74973200032113, 39.45757000031518], [-120.74975499988734, 39.45754799979195], [-120.74978500002459, 39.457529999863084], [-120.7498849995837, 39.45750099965968], [-120.74999199971381, 39.457497999901], [-120.75008999962311, 39.45750500026244], [-120.75017500001191, 39.45752899971279], [-120.75028899981473, 39.457539999978245], [-120.75083799981071, 39.45753300031394], [-120.75105200007097, 39.45757300007071], [-120.75112300021611, 39.45758200003016], [-120.75115900020111, 39.45758800023369], [-120.75143299983749, 39.45765200006036], [-120.75168499973257, 39.45775600017338], [-120.75192199955903, 39.45792700014152], [-120.75215900028381, 39.458130000069396], [-120.75237900039183, 39.45829199994588], [-120.75247899995097, 39.458344000237304], [-120.75258600008105, 39.4583730000895], [-120.75276799965596, 39.45836699995368], [-120.75287499978607, 39.45831499967944], [-120.75292900021273, 39.45822599973345], [-120.75305899990909, 39.458034999722436], [-120.75321100024505, 39.45787100034423], [-120.75336400040592, 39.45772099987262], [-120.75337899957624, 39.45769900009067], [-120.7534330000029, 39.45761399995363], [-120.75346300014012, 39.45753799967793], [-120.75353199973709, 39.45738199965513], [-120.75357000027026, 39.45713900033707], [-120.753616000301, 39.45688800028212], [-120.75365399993585, 39.456736000143245], [-120.75365399993585, 39.456698999698716], [-120.75365399993585, 39.45651500012035], [-120.75366900000445, 39.4563799999244], [-120.75368400007305, 39.45631299981215], [-120.75374500017243, 39.45616099980492], [-120.75382100034041, 39.4560500002699], [-120.75394400036404, 39.4559029998634], [-120.75411900026624, 39.45573999980002], [-120.75448499996413, 39.45557099967167], [-120.7548060003545, 39.45543800008662], [-120.75511099995303, 39.45526799973596], [-120.75527099978662, 39.455105000266514], [-120.75536600022117, 39.45499099987463], [-120.75540899987887, 39.45494000004046], [-120.75548500004685, 39.45477100005089], [-120.75549199971955, 39.45472999988076], [-120.75552299968169, 39.454595999883765], [-120.75554600014623, 39.45443900000946], [-120.75554600014623, 39.4541640000215], [-120.75554199994826, 39.45414899981433], [-120.75553600010048, 39.45412300018752], [-120.75549199971955, 39.45394199995507], [-120.75540100038126, 39.453705999776865], [-120.75527900018251, 39.45351000019634], [-120.75530900031976, 39.45330800018578], [-120.75538600031265, 39.453089000113074], [-120.75551600000898, 39.45293800021914], [-120.75553899957522, 39.452896000139944], [-120.75559200017699, 39.45280400024113], [-120.75568300041357, 39.45269799992056], [-120.7557290004443, 39.45266299985122], [-120.75606400018007, 39.45254800009411], [-120.75623999990717, 39.452474000282685], [-120.75659100043477, 39.45241800026062], [-120.75683499993391, 39.4523870002538], [-120.75704900019417, 39.452372999888155], [-120.75708000015631, 39.452368999684126], [-120.75739200032585, 39.45238400027475], [-120.75785000008526, 39.45238799978433], [-120.75857499980833, 39.452415999813084], [-120.75887199990927, 39.45246199968721], [-120.75920099979722, 39.452567999673455], [-120.75939400014106, 39.452677999684916], [-120.75955899999751, 39.45277299971259], [-120.75979599982398, 39.452916999835885], [-120.75995599965754, 39.453037000057975], [-120.76011600038944, 39.45326500011817], [-120.76032999975136, 39.45361199984165], [-120.7607039998452, 39.45387100015314], [-120.76074800022613, 39.4538829998121], [-120.76092499977811, 39.45393399972701], [-120.76102400041064, 39.45394099975322], [-120.76123000027495, 39.453908000019865], [-120.76156599983561, 39.45383400026669], [-120.761887000226, 39.45377699974707], [-120.76205499955717, 39.45368100019015], [-120.76221399956583, 39.45357199988975], [-120.76241299975746, 39.45347199990945], [-120.7626270000177, 39.453417000205924], [-120.76280199991987, 39.453407000192065], [-120.76344999965008, 39.45341499978708], [-120.76355000010751, 39.453417000205924], [-120.76367899997892, 39.45335199974355], [-120.76391599980538, 39.45331100012496], [-120.76416000020288, 39.45327999982217], [-120.76438100013581, 39.45327100000017], [-120.76454900036529, 39.45324300031528], [-120.76470900019886, 39.45319199989417], [-120.764816000329, 39.45314899975493], [-120.7649300001318, 39.45302899972588], [-120.76502899986602, 39.45289099974893], [-120.76507499989675, 39.45274799979086], [-120.76504499975954, 39.452584999970355], [-120.76502999969091, 39.452399999698955], [-120.76502200019333, 39.452184000226026], [-120.76502200019333, 39.451435999737484], [-120.76508300029268, 39.45122100028938], [-120.76523599955524, 39.451020999674455], [-120.76539600028713, 39.450888999966644], [-120.76559399975552, 39.4508080001324], [-120.7657240003502, 39.450760000057684], [-120.76579299994718, 39.4507389997111], [-120.76588400018376, 39.45072299990526], [-120.76604400001733, 39.45073099980862], [-120.76627300034619, 39.450766999709344], [-120.76647199963949, 39.45083799990212], [-120.76687599987055, 39.45091300031049], [-120.76700599956689, 39.450915999659216], [-120.76715000040525, 39.45091000026794], [-120.76734200002586, 39.4508820003272], [-120.76769199983023, 39.45081600002598], [-120.76808199981758, 39.45070200024118], [-120.76851600018585, 39.45055700014172], [-120.76882199960929, 39.450386999664524], [-120.76931000040422, 39.45007700033722], [-120.769492999804, 39.44998599974681], [-120.76964599996488, 39.4499439999678], [-120.77032399983233, 39.449899000077345], [-120.77051499962802, 39.449887999991795], [-120.77091999968397, 39.44988699973167], [-120.77119300039378, 39.44990700007543], [-120.77166000037403, 39.449942000142855], [-120.77276599986361, 39.44989599999115], [-120.7729490001617, 39.44987199999036], [-120.7731319995615, 39.44975800004732], [-120.77323899969161, 39.44960699986579], [-120.77331499985962, 39.44931999977111], [-120.77337699978389, 39.44905599989876], [-120.77338400035488, 39.448807999968714], [-120.77345999962458, 39.448728000071405], [-120.77358299964821, 39.44864999994425], [-120.77366700021211, 39.44863800007705], [-120.77381100015215, 39.448636000214584], [-120.77399500027516, 39.44864399966409], [-120.77417000017734, 39.44870199980752], [-120.77436099997307, 39.448804000253496], [-120.77450599973803, 39.44890599985642], [-120.77462000043916, 39.44908399988011], [-120.77473500006688, 39.4492889997723], [-120.774842000197, 39.44949399975458], [-120.774918000365, 39.44991099972729], [-120.77492599986257, 39.449950000135935], [-120.77500899970327, 39.450149999665335], [-120.77513199972691, 39.450327999977226], [-120.77515199981839, 39.45035100026104], [-120.77533000009363, 39.45054799996774], [-120.77545999978996, 39.4506809998771], [-120.77559700005732, 39.450741999760986], [-120.77567300022531, 39.450783999752346], [-120.77572599992877, 39.45078499999954], [-120.77583300005885, 39.450760000057684], [-120.77713000024251, 39.45022200004894], [-120.7772070002354, 39.45018299979258], [-120.77742099959731, 39.45006099968559], [-120.77766499999478, 39.44988100025177], [-120.77808400029447, 39.44943399973763], [-120.77854200005385, 39.44887499967331], [-120.77892299982037, 39.44832799989973], [-120.77911799981405, 39.44810799983176], [-120.77939599964837, 39.447796999779534], [-120.77962599980214, 39.44757599982163], [-120.7798690003747, 39.447282999976316], [-120.78006000017042, 39.44701700010266], [-120.78017499979815, 39.446834000212405], [-120.7803199995631, 39.446693000219184], [-120.78049399964038, 39.44656999993286], [-120.78063299955755, 39.44651400001822], [-120.78079999996211, 39.446472000226024], [-120.78096099962062, 39.446470999916876], [-120.78116599966, 39.446492999778464], [-120.78152499968522, 39.44656299985929], [-120.78206700000852, 39.446681000014685], [-120.78241000014017, 39.44678200034165], [-120.78273099963222, 39.44692800028054], [-120.78283000026477, 39.447010999681744], [-120.78299000009835, 39.44718499988552], [-120.78349399988849, 39.447599999920094], [-120.78401299974726, 39.44793000008785], [-120.7842410002512, 39.4480379999166], [-120.78438699984106, 39.448076999987], [-120.7844939999712, 39.44809200011498], [-120.78459199988049, 39.44809399999308], [-120.78470700040653, 39.44806899977867], [-120.78480000029296, 39.448017000136446], [-120.78488999980632, 39.447892999818926], [-120.78493500001215, 39.44773600009037], [-120.78498100004292, 39.44751100014938], [-120.78504200014228, 39.44734599996187], [-120.78515699977001, 39.44724400015492], [-120.78531699960358, 39.447188999693736], [-120.7855919999632, 39.447130999677434], [-120.78598100012562, 39.44701199998313], [-120.78632400025728, 39.44687900000258], [-120.78647700041816, 39.446773999984536], [-120.78661399978719, 39.44664199985614], [-120.78662200018312, 39.44659199976317], [-120.78662200018312, 39.44654699978754], [-120.78659100022098, 39.44620400009698], [-120.78637000028804, 39.44564999998759], [-120.78623999969338, 39.445269999766], [-120.7860570002936, 39.44476599990972], [-120.78599600019423, 39.44456200021924], [-120.7859800003007, 39.44447599966058], [-120.7859729997297, 39.444445000280155], [-120.78598100012562, 39.44433699973499], [-120.78614099995919, 39.44418200030432], [-120.78628599972414, 39.44409900030628], [-120.78647700041816, 39.444034999813965], [-120.7866899999552, 39.44397200030164], [-120.78698000038341, 39.44393700000833], [-120.78736199997483, 39.44391199968899], [-120.78792600003942, 39.44390999969081], [-120.78837600030124, 39.44386900006221], [-120.78877299996127, 39.4437730000252], [-120.78924599978929, 39.4436869998797], [-120.78959700031689, 39.443571999866], [-120.78963599977662, 39.44355199978391], [-120.78998700030422, 39.443380999888184], [-120.79035300000213, 39.44323500014394], [-120.79058200033099, 39.44309500015876], [-120.79073399976862, 39.44296700004491], [-120.79088699992951, 39.4427900000094], [-120.79103199969444, 39.44258600008075], [-120.7911770003577, 39.442282000153], [-120.79149700002486, 39.44173000012339], [-120.79154999972832, 39.44151400015756], [-120.79154999972832, 39.441414999891585], [-120.79158099969045, 39.44132999999239], [-120.79165799968335, 39.44128700015894], [-120.79238199958154, 39.441182999726024], [-120.79266399961385, 39.44115299995919], [-120.79284000023922, 39.44115999988279], [-120.79305299977626, 39.441195999875376], [-120.79323699989928, 39.44129899990538], [-120.79334400002939, 39.441408999681734], [-120.79341199980145, 39.441496000245806], [-120.79348100029675, 39.44156000029639], [-120.79393099966023, 39.44211799974136], [-120.79408299999619, 39.442201999695875], [-120.79420600001986, 39.44223999988978], [-120.79429700025644, 39.44224699970413], [-120.7944649995876, 39.44223599979732], [-120.7946329998171, 39.44217599977033], [-120.794717000381, 39.442110999913986], [-120.79479299965065, 39.44201700028132], [-120.79487700021458, 39.441892999686225], [-120.79493099974293, 39.441839999912766], [-120.79496099988017, 39.44182200008526], [-120.79501399958362, 39.44180099981809], [-120.79517500014042, 39.44177699980235], [-120.79532699957807, 39.441774999742904], [-120.79541500033991, 39.441778000178985], [-120.79552599976971, 39.441782999980504], [-120.79593800039666, 39.44182699988362], [-120.79632699966075, 39.44185299993944], [-120.79661600026408, 39.44185799973562], [-120.79689099972539, 39.44182699988362], [-120.79714299962043, 39.441782999980504], [-120.79734099998716, 39.44171400032876], [-120.79754699985149, 39.441614999653254], [-120.79770800040829, 39.44147299981223], [-120.79785300017325, 39.441314000105876], [-120.79796699997607, 39.44117200034488], [-120.7980049996109, 39.4409749997818], [-120.79815000027416, 39.44045900017352], [-120.79822700026706, 39.44016800032203], [-120.79822600044214, 39.43996999998556], [-120.79828699964321, 39.43981799968168], [-120.79840200016926, 39.43968900007645], [-120.79855399960691, 39.43949400030033], [-120.79876000036953, 39.439177999948804], [-120.79894299976932, 39.43881200011653], [-120.79908099986157, 39.43849900002347], [-120.79923400002245, 39.4381909999709], [-120.79937100028981, 39.43798199967997], [-120.79953100012337, 39.4378770001237], [-120.79975200005632, 39.437768999800504], [-120.79999599955549, 39.437674000116516], [-120.80017899985357, 39.437628999928904], [-120.80025599984648, 39.43761099970697], [-120.80069100003966, 39.437529999691314], [-120.80090399957669, 39.437483999666185], [-120.80114100030144, 39.437483999666185], [-120.80143099983135, 39.43754799993418], [-120.8018049999252, 39.43768599979167], [-120.80206400039127, 39.43783499997935], [-120.80224699979104, 39.43794600010763], [-120.8024610000513, 39.437999999806046], [-120.80267399958834, 39.4380090002142], [-120.80273300003785, 39.438007999783494], [-120.80299499997868, 39.438006000309564], [-120.80324699987378, 39.43803300014075], [-120.80353700030199, 39.43810100023451], [-120.80379599986976, 39.43819699976418], [-120.80389499960395, 39.43823400032808], [-120.80412300010792, 39.438303999691065], [-120.80455099973008, 39.43843599966627], [-120.80501699988538, 39.438624999873205], [-120.80509700025134, 39.43864700013193], [-120.80519199978758, 39.43867299998728], [-120.80537500008569, 39.438690000207664], [-120.80543700000996, 39.43868200030848], [-120.80555099981278, 39.4386759998632], [-120.80575699967712, 39.43862100026691], [-120.80604700010535, 39.43850499979021], [-120.80636699977248, 39.438303999691065], [-120.80640000028274, 39.43828499991061], [-120.80732099982444, 39.437771999715416], [-120.8077710000862, 39.43753300031025], [-120.80807700040798, 39.437403000196596], [-120.80871799956715, 39.43708600032204], [-120.80914500026273, 39.43677900002053], [-120.80917100020203, 39.4367610002727], [-120.80993799975789, 39.436267000291075], [-120.81006800035256, 39.43620600021609], [-120.81025099975234, 39.43616500021525], [-120.81062400002124, 39.43609100033885], [-120.81091399955115, 39.436060000001625], [-120.81100599961266, 39.43607100018997], [-120.81105199964342, 39.43608099991824], [-120.8112049998043, 39.43615100005716], [-120.81152799984449, 39.43637099973848], [-120.81217499974977, 39.43678900034092], [-120.81227699985703, 39.436925999868166], [-120.81231799986492, 39.4370590001238], [-120.81232299988778, 39.43723300021564], [-120.8122700001843, 39.43750600028526], [-120.81225799959046, 39.43754599975325], [-120.81224900026793, 39.43757400019968], [-120.81217200027503, 39.43777899997878], [-120.81206199977187, 39.43803099997374], [-120.81203900020566, 39.43810299970572], [-120.81204599987834, 39.43818000011726], [-120.81209699993197, 39.43832999967445], [-120.812248000443, 39.43853700015635], [-120.81266199982149, 39.43903099999704], [-120.81300999997605, 39.439414000109785], [-120.81345500021497, 39.439886000114235], [-120.81362199972124, 39.44002200008636], [-120.81379599979849, 39.440147999956196], [-120.81407700000588, 39.44026000026585], [-120.81505600017219, 39.44061200016568], [-120.81548299996946, 39.44075399968083], [-120.81580299963662, 39.44080000032155], [-120.81621500026357, 39.44081999980639], [-120.81645000044021, 39.44083700019649], [-120.81660299970275, 39.44083599980639], [-120.81679400039678, 39.44081000006469], [-120.8170400004441, 39.44067799973203], [-120.81720100010256, 39.44054700023729], [-120.8172310002398, 39.44050699971755], [-120.81723299988961, 39.440466999868555], [-120.81723200006469, 39.44036800019566], [-120.81716400029264, 39.44022300008435], [-120.81715599989674, 39.44013699971789], [-120.81721699999608, 39.43996700016532], [-120.81749200035571, 39.43951299975107], [-120.81755000008202, 39.439392000093264], [-120.81758299969398, 39.43932500028408], [-120.81763700012067, 39.43913300003896], [-120.81764399979335, 39.43899800013513], [-120.81763700012067, 39.43876299967837], [-120.81764399979335, 39.43852499993407], [-120.81769800022003, 39.43831800011029], [-120.81775900031941, 39.438120999800574], [-120.81778699990849, 39.43804300028112], [-120.81781200002287, 39.43797399969949], [-120.81781299984776, 39.437962000074016], [-120.81782799991636, 39.437807000331624], [-120.81783200011434, 39.437706000170614], [-120.81783499958908, 39.43764499996809], [-120.81782700009144, 39.43762300008671], [-120.81780399962692, 39.437433000191], [-120.81775900031941, 39.437216000333486], [-120.81764399979335, 39.43688899999711], [-120.81762200005205, 39.43680299967705], [-120.8176670002579, 39.43666899987026], [-120.81771300028865, 39.43655700003077], [-120.81780500035013, 39.43649100002868], [-120.81791099975706, 39.436456999898056], [-120.81813199968997, 39.43641600004495], [-120.81848400004249, 39.43641900001811], [-120.81866099959448, 39.43639899996341], [-120.81885700031138, 39.436412000311826], [-120.81907900006925, 39.436407000124774], [-120.81928400010862, 39.43642899969639], [-120.81946700040675, 39.4364549996858], [-120.81965900002737, 39.436534999805765], [-120.81981800003604, 39.436605999939346], [-120.81997100019692, 39.43666299994537], [-120.82008599982464, 39.43670099969221], [-120.82039899981908, 39.43676499998584], [-120.82064200039164, 39.436751999703304], [-120.82090199978433, 39.4367610002727], [-120.82115399967942, 39.4367879998927], [-120.82145199960526, 39.436857000261504], [-120.82198600043093, 39.4370200001273], [-120.8225880001304, 39.437216000333486], [-120.82300800025496, 39.43733700030225], [-120.8231379999513, 39.43735299971471], [-120.82319800022576, 39.4373400002357], [-120.8232519997541, 39.437313999882846], [-120.82328299971624, 39.43727400028165], [-120.82329799978487, 39.437203000135106], [-120.82329799978487, 39.43706299981977], [-120.8233439998156, 39.436909999663825], [-120.8234269996563, 39.43679899996614], [-120.82356499974854, 39.43667100007637], [-120.82366400038109, 39.43654699967706], [-120.82376300011528, 39.43636900021756], [-120.82387799974299, 39.43620900019824], [-120.82404299959943, 39.436056000248065], [-120.82406900043704, 39.4360320003342], [-120.82438800027927, 39.435852999790846], [-120.82467899963407, 39.4357100002279], [-120.825051999903, 39.43551900019844], [-120.82521299956146, 39.43537800019315], [-120.82549499959377, 39.43520699965612], [-120.8256860002878, 39.435067000186066], [-120.82576199955744, 39.43502300017561], [-120.82583900044868, 39.43501100004175], [-120.82602100002354, 39.435014999855355], [-120.82635699958419, 39.43503900011953], [-120.82657800041545, 39.435133000149676], [-120.8268989999075, 39.43527900022551], [-120.82708200020562, 39.43542599976935], [-120.82721199990198, 39.43571700000467], [-120.82728800006996, 39.43593899989613], [-120.82739500020006, 39.43613000016164], [-120.82747899986565, 39.43621299994301], [-120.82766200016374, 39.43629799984238], [-120.82811200042556, 39.43649100002868], [-120.82846300005482, 39.43659600028648], [-120.82868399998776, 39.43664500016763], [-120.82892800038523, 39.43669999993653], [-120.82998899966901, 39.43686300016968], [-120.83067599975725, 39.43694799996973], [-120.83122499975326, 39.436972000261775], [-120.83150699978557, 39.43699099970661], [-120.83194199997874, 39.43701700018006], [-120.83234700003472, 39.43708799982239], [-120.83308699982639, 39.43715499970189], [-120.83333799989657, 39.43723699990163], [-120.83356800005033, 39.43733599986182], [-120.83366599995962, 39.43743199975202], [-120.83369699992176, 39.43750499984733], [-120.83371199999038, 39.437572999762736], [-120.83368199985316, 39.437698000158484], [-120.83358200029404, 39.4378219998965], [-120.83343800035401, 39.43792299988932], [-120.83313299985717, 39.438070999834046], [-120.83275899976334, 39.43827100017853], [-120.8322480003005, 39.438473000103215], [-120.83191199984152, 39.438715000320094], [-120.83186599981076, 39.438754000061415], [-120.83183599967354, 39.438844000341625], [-120.8318130001073, 39.43899199971707], [-120.83184300024455, 39.43914599987714], [-120.8319729999409, 39.43942300033524], [-120.83206400017748, 39.43955100002456], [-120.8321860003762, 39.439643000089546], [-120.83232399957016, 39.439708999880295], [-120.8325229997618, 39.439735000033025], [-120.83275899976334, 39.439744000217004], [-120.83305599986427, 39.43973599974515], [-120.83365900028694, 39.439761000176], [-120.83421900015358, 39.43984399979367], [-120.83430700001715, 39.439857999903325], [-120.83459800027028, 39.43986799978176], [-120.83494899989957, 39.43994699974178], [-120.8352689995667, 39.44002999983159], [-120.83551299996418, 39.44014200033097], [-120.83586399959344, 39.44032400006463], [-120.83637499995461, 39.440438000189154], [-120.83688700014068, 39.44045599968062], [-120.8370700004388, 39.44041900029702], [-120.83718400024159, 39.440363000292514], [-120.83732900000655, 39.44025699976438], [-120.8374589997029, 39.44015599968696], [-120.83749700023606, 39.44007100033263], [-120.83767200013823, 39.43980400025776], [-120.83786299993396, 39.43958700015493], [-120.83815300036217, 39.43934399978092], [-120.83857299958844, 39.439073000114035], [-120.83909900001821, 39.43883500004131], [-120.83955699977761, 39.43864099968363], [-120.83957600004419, 39.43863400020066], [-120.84016000020029, 39.43842700000701], [-120.84105200032795, 39.43812299996499], [-120.8417539995865, 39.437856999793844], [-120.84219700017562, 39.4376669998426], [-120.84244800024577, 39.4375189997333], [-120.84267000000362, 39.4372569997157], [-120.84271600003439, 39.43709099976656], [-120.84276899973781, 39.43679000009539], [-120.84275399966921, 39.43660099976622], [-120.84272299970708, 39.436387999826856], [-120.84267000000362, 39.43615300027815], [-120.84260899990426, 39.435921999698195], [-120.84259300001072, 39.43571900023812], [-120.84264700043741, 39.43554499983367], [-120.84275299984431, 39.43540300010664], [-120.84282200033958, 39.435335999929684], [-120.84296000043186, 39.43523499965513], [-120.8431040003719, 39.43516100017843], [-120.84326500003037, 39.43511499997661], [-120.84389799969198, 39.435036000086996], [-120.84431799981654, 39.43504899999595], [-120.84459200035124, 39.43507199977553], [-120.84479800021555, 39.43512499984206], [-120.8449429999805, 39.43517700009071], [-120.84501800032359, 39.43523200032479], [-120.84513399977622, 39.43533899994936], [-120.84531000040162, 39.435553999865256], [-120.84559900010663, 39.43581999981103], [-120.84589700003247, 39.436006000186914], [-120.84605000019334, 39.436066999743275], [-120.8461949999583, 39.43610600027326], [-120.84631600033212, 39.43611699976059], [-120.84647000031791, 39.436098000077386], [-120.84669799992355, 39.436048000046384], [-120.84704899955281, 39.435950999870094], [-120.84724799974443, 39.4358730000023], [-120.84750800003545, 39.4358079998145], [-120.84755300024129, 39.43579800004704], [-120.8478419999463, 39.435780999814696], [-120.84802600006931, 39.435788000278194], [-120.8482989998808, 39.43586799977651], [-120.8484839998287, 39.435923000158866], [-120.84855999999668, 39.43592399992575], [-120.84873599972377, 39.43591899970362], [-120.84914699962752, 39.435872000234674], [-120.84951400004863, 39.4358109998138], [-120.84955599988142, 39.43581000004534], [-120.85008599961085, 39.43580400004642], [-120.8504139996739, 39.435792000047144], [-120.85049800023782, 39.435803000277865], [-120.85069599970623, 39.435738999794246], [-120.8509479996013, 39.435707000224205], [-120.85123800002951, 39.435713000231424], [-120.85138299979447, 39.4357239997808], [-120.85148999992461, 39.43574000025754], [-120.85161899979605, 39.43575099980265], [-120.85252699981724, 39.43574499979871], [-120.85255100010669, 39.43575500026754], [-120.8527639996437, 39.435852999790846], [-120.85297000040632, 39.436006000186914], [-120.85314600013342, 39.43611300001031], [-120.85334399960185, 39.436174999929975], [-120.85344300023434, 39.436189999846306], [-120.85384800029031, 39.43626100033158], [-120.85403800026111, 39.43626899981492], [-120.85426000001897, 39.43625499967774], [-120.8544049997839, 39.43621299994301], [-120.85451899958673, 39.43612899970389], [-120.85457999968607, 39.43601800014938], [-120.85463300028786, 39.43585599978825], [-120.85467900031861, 39.43522199978088], [-120.85465599985407, 39.43479400027157], [-120.85469400038724, 39.43433499980319], [-120.85475499958827, 39.43406599966356], [-120.85486900028941, 39.43386499993871], [-120.85498399991712, 39.43372799994235], [-120.85505599988716, 39.43367900009096], [-120.85508299965134, 39.433662000035305], [-120.85517499971284, 39.43364100008334], [-120.85528900041396, 39.43363000020507], [-120.855425999783, 39.43367699979895], [-120.85555700020257, 39.43373800000689], [-120.8556939995716, 39.43383499979543], [-120.85588400044072, 39.43406400007648], [-120.85614399983339, 39.43435300017785], [-120.85668600015673, 39.434998000125695], [-120.85684599999027, 39.43513600017809], [-120.85701400021978, 39.435215999731376], [-120.85716599965741, 39.43525899984351], [-120.8573339998869, 39.43527600020325], [-120.857509999614, 39.43527000015839], [-120.85775300018656, 39.43520200007634], [-120.8580360000438, 39.43510400033107], [-120.85821900034189, 39.434989999802575], [-120.85846299984104, 39.43476900013948], [-120.85881400036861, 39.43430300028208], [-120.85904299979919, 39.43408199982732], [-120.8594090003954, 39.43379099970065], [-120.8596760003591, 39.433642999682554], [-120.859889999721, 39.43360600014928], [-120.8601490001871, 39.43362899971147], [-120.86060000027382, 39.43364199988297], [-120.86093500000956, 39.43366599992637], [-120.86118000023195, 39.433651999959864], [-120.86138500027138, 39.43360200025483], [-120.8616139997019, 39.43349800014285], [-120.8617900003273, 39.43337999985446], [-120.86192699969634, 39.43326500016904], [-120.86199600019164, 39.43319899982339], [-120.86215600002521, 39.432908999981706], [-120.86228499989666, 39.432709000201065], [-120.86245399995104, 39.432590000149325], [-120.86253799961662, 39.432443000172135], [-120.86267499988398, 39.43216199973497], [-120.86291900028144, 39.43187800007741], [-120.8633240003374, 39.431357999668485], [-120.8635910003011, 39.43110199978154], [-120.86366699957075, 39.431015000112644], [-120.86373500024116, 39.430938000107744], [-120.8639029995723, 39.43073400016091], [-120.86409400026635, 39.43053900029624], [-120.8643310000928, 39.43038599968941], [-120.86450599999498, 39.43029399988839], [-120.86476499956277, 39.43020000026793], [-120.86500999978512, 39.43017300017635], [-120.86522300022048, 39.430141000131336], [-120.86546800044285, 39.43015000016716], [-120.86582599974481, 39.43016999993422], [-120.86617700027244, 39.43022999989487], [-120.86642900016749, 39.43028899995606], [-120.86660400006969, 39.43033700026305], [-120.86687900042931, 39.43043200023827], [-120.86702400019426, 39.43050699972545], [-120.86747899958061, 39.43074399996131], [-120.86779400012317, 39.430908999930644], [-120.8681759997146, 39.43114600018681], [-120.86842000011208, 39.431281000042645], [-120.86868700007578, 39.431384999994755], [-120.86884000023663, 39.431413999973735], [-120.86885699995509, 39.431413000142115], [-120.86896900010807, 39.43140800029008], [-120.86913700033757, 39.43138800018451], [-120.86930499966876, 39.431342000266866], [-120.86935599972236, 39.43131199973104], [-120.86948100029416, 39.43123699972258], [-120.86961799966319, 39.43108600032112], [-120.86973999986192, 39.430895000103995], [-120.86977800039507, 39.430751000237095], [-120.86977099982407, 39.43052600023962], [-120.86975499993055, 39.43030100020938], [-120.86979299956539, 39.43007600014647], [-120.86984699999205, 39.429897000259], [-120.86994599972624, 39.429745000179636], [-120.8700760003209, 39.42964400012608], [-120.87024399965208, 39.429547999912046], [-120.87038900031536, 39.42947899993667], [-120.87054900014893, 39.42944099971996], [-120.87068600041627, 39.429425999738285], [-120.87083899967884, 39.42942800015235], [-120.87093800031134, 39.42944800012665], [-120.87123600023718, 39.42959299976865], [-120.87202899973234, 39.429936999932664], [-120.8726389998277, 39.430191000238565], [-120.87358600020696, 39.43062300033685], [-120.87431000010514, 39.430982999760516], [-120.87450900029677, 39.43107699971233], [-120.87473000022972, 39.431143999822055], [-120.87485999992604, 39.431159999963015], [-120.87497399972888, 39.4311620003273], [-120.8750890002549, 39.43115000022226], [-120.87516500042291, 39.431125000170326], [-120.87526400015707, 39.431058999879], [-120.87537899978483, 39.43093000001221], [-120.87545400012789, 39.43078300000195], [-120.87550000015865, 39.43066199975136], [-120.87553100012079, 39.43042900000729], [-120.87561499978636, 39.42994400028951], [-120.87569199977926, 39.42978700034426], [-120.87577499961994, 39.4296490001047], [-120.87592000028323, 39.42952100026169], [-120.87598100038258, 39.42941400002814], [-120.87605800037548, 39.42945200025957], [-120.87632500033915, 39.429551000180965], [-120.87636700017195, 39.42955299989756], [-120.87656899983833, 39.42956500027759], [-120.8767439997405, 39.42956799985189], [-120.87694999960483, 39.429616999819096], [-120.87703400016873, 39.42970399984579], [-120.87704900023734, 39.429727000002195], [-120.87711799983433, 39.429889999897476], [-120.87718700032961, 39.43011200031638], [-120.87722499996444, 39.43039700007984], [-120.87727900039113, 39.430608999758924], [-120.87734700016318, 39.43078200016128], [-120.87757599959372, 39.43100200014483], [-120.8777360003256, 39.43107699971233], [-120.87785000012843, 39.43112400033458], [-120.87804099992412, 39.43116800003209], [-120.87828600014652, 39.431163999997665], [-120.8784690004446, 39.43110800018535], [-120.87866699991301, 39.43103100028323], [-120.87879599978447, 39.43093899994612], [-120.87888000034837, 39.43078700005825], [-120.87889600024187, 39.430647999875085], [-120.87889600024187, 39.43045799969031], [-120.87885000021113, 39.43033599972216], [-120.87876599964723, 39.43021299969151], [-120.87869000037756, 39.430044999908176], [-120.87865900041542, 39.42990899988596], [-120.87858999992014, 39.42972799985796], [-120.8784459999801, 39.4295220001204], [-120.8783770003831, 39.42941300016782], [-120.87833800002507, 39.429277000299834], [-120.87831600028375, 39.42917299997679], [-120.87833899984996, 39.42906099988227], [-120.87843799958418, 39.42894600000684], [-120.87856800017884, 39.42890300016154], [-120.87871600031683, 39.428884999766595], [-120.8788040001804, 39.428876000261255], [-120.87912399984752, 39.42885899972755], [-120.87937599974262, 39.428841000015126], [-120.87952100040586, 39.42882599990429], [-120.87963600003359, 39.42880999992126], [-120.87994099963211, 39.42871200020518], [-120.88023100006033, 39.42863100025093], [-120.88043699992467, 39.428589999955484], [-120.88069600039074, 39.428585999773055], [-120.8810239995555, 39.42858700033908], [-120.88153499991667, 39.42865499993878], [-120.88189399994185, 39.42871599968654], [-120.88250499986214, 39.428749000255785], [-120.8826639998708, 39.42880200027528], [-120.88287099956005, 39.428877999997226], [-120.88311499995751, 39.42899899987649], [-120.88343499962463, 39.429126999984526], [-120.88366399995351, 39.429233999964914], [-120.8842060002768, 39.429397000319575], [-120.88433500014824, 39.42941800016302], [-120.88440499957014, 39.429405999757684], [-120.88449599980673, 39.429379999913046], [-120.88451900027125, 39.42932700033318], [-120.88451099987533, 39.42921800007556], [-120.88448099973809, 39.42905099984033], [-120.88448099973809, 39.42888899993184], [-120.88451199970022, 39.42873199969116], [-120.88458799986823, 39.42864300009591], [-120.88465599964029, 39.42860799973275], [-120.88481600037217, 39.42854799976318], [-120.8850149996655, 39.42849299980354], [-120.8856709997916, 39.42845100024666], [-120.88588400022694, 39.42844999967869], [-120.88616700008416, 39.42843299973495], [-120.88637999962118, 39.428404999777825], [-120.8865710003152, 39.42835499977673], [-120.88670100001154, 39.428290000207475], [-120.88696799997525, 39.427957000320774], [-120.88715100027333, 39.42777500019569], [-120.88725800040348, 39.427632999897625], [-120.88742599973465, 39.427460000003485], [-120.88758599956822, 39.427346000151324], [-120.8877610003687, 39.427254999697226], [-120.88781900009502, 39.42723300000428], [-120.88814999963283, 39.42711299972727], [-120.88835700022038, 39.42703999984515], [-120.88868500028343, 39.42689800013099], [-120.88902000001919, 39.426709999927425], [-120.88924199977701, 39.426600999739556], [-120.88944000014375, 39.426464999934495], [-120.88963099993947, 39.42632000002858], [-120.88971499960505, 39.426158999923096], [-120.8897599998109, 39.42604300020707], [-120.889866999941, 39.42589600029547], [-120.89000500003326, 39.42578199996649], [-120.89022599996622, 39.42565100021638], [-120.89040199969331, 39.4255819998517], [-120.89058400016648, 39.425516999777585], [-120.89072200025876, 39.42550200033901], [-120.89090499965853, 39.42539300034339], [-120.89109600035258, 39.42536000026653], [-120.89127899975236, 39.42529100030766], [-120.89148399979176, 39.4251870002808], [-120.89163799977756, 39.42511800015065], [-120.89234599978222, 39.4246979997554], [-120.8925910000046, 39.42456300032999], [-120.89295000002981, 39.424394000176875], [-120.89355000007941, 39.42421299970217], [-120.89394099989168, 39.42413200006974], [-120.89426200028204, 39.42411100002112], [-120.89503999970857, 39.42410700027552], [-120.89529199960367, 39.42413900031583], [-120.89565800019989, 39.424167999840904], [-120.89608599982205, 39.42414399999552], [-120.8964289999537, 39.42413699974993], [-120.89671099998601, 39.42419099974276], [-120.89700899991185, 39.4242600000968], [-120.89727599987555, 39.424292000066856], [-120.89804599980448, 39.42424199989038], [-120.8983360002327, 39.42420299965839], [-120.8985880001278, 39.42420700009241], [-120.8987710004259, 39.424229000046765], [-120.89904599988718, 39.424282999968355], [-120.89954200017975, 39.42445400025351], [-120.89984699977826, 39.42450899993141], [-120.90054100043753, 39.42451299965399], [-120.90089999956442, 39.424533000345015], [-120.9012350001985, 39.42451600013963], [-120.90149499959118, 39.42450700007006], [-120.9016169997899, 39.42447799999213], [-120.9017850000194, 39.42439600004152], [-120.90207500044761, 39.424242999824834], [-120.90228100031194, 39.42416999971198], [-120.90245700003904, 39.4241280003253], [-120.90264700000984, 39.4241049997087], [-120.90277900025433, 39.424100000026215], [-120.90283799980557, 39.424099000089655], [-120.90292200036946, 39.42412299995052], [-120.9035020003276, 39.42420600015743], [-120.9038909995917, 39.42428900026545], [-120.90419600008856, 39.42432200015551], [-120.90451699958061, 39.42436400011921], [-120.90498199991102, 39.42440400019324], [-120.90561499957258, 39.42451899993128], [-120.90576000023586, 39.42457099976866], [-120.90583600040384, 39.424639999746475], [-120.90620299992665, 39.424790000005636], [-120.9066070001577, 39.42501399986561], [-120.90730900031457, 39.42532399972327], [-120.90746900014814, 39.42539199973151], [-120.90783499984603, 39.425549999780095], [-120.90816299990908, 39.425703999816534], [-120.90852199993427, 39.42587300026238], [-120.90882800025605, 39.42600400028905], [-120.90908699982381, 39.42607200032763], [-120.90927000012191, 39.426115999745825], [-120.90950600012347, 39.4261519998799], [-120.90985000008006, 39.42612600020896], [-120.91029199994593, 39.42606199985674], [-120.91058200037415, 39.42600899983494], [-120.91085699983546, 39.42588800031501], [-120.9110629996998, 39.425747000248016], [-120.91139800033385, 39.4255690002581], [-120.91172700022182, 39.42544799997416], [-120.91203199982034, 39.42530100019531], [-120.91242099998279, 39.42506400018216], [-120.9126960003424, 39.42493900001743], [-120.91285600017595, 39.42483799993712], [-120.9128860003132, 39.42469000033135], [-120.91293200034393, 39.42449700006848], [-120.91297699965146, 39.42433599991496], [-120.91306899971296, 39.42425199992855], [-120.91329800004185, 39.42412499982295], [-120.91339000010333, 39.42401399987986], [-120.91342799973815, 39.42380300020079], [-120.91345100020271, 39.423601000070704], [-120.91345100020271, 39.42341599983295], [-120.91352700037069, 39.42323700018576], [-120.9136419999984, 39.423049999772566], [-120.91374099973262, 39.422812999737715], [-120.9138169999006, 39.42256200017192], [-120.91381900044874, 39.42253699981454], [-120.91384000036513, 39.42234599975831], [-120.91384799986274, 39.42208099968901], [-120.91384000036513, 39.42191800026407], [-120.91380199983199, 39.42176000030865], [-120.91375499997633, 39.421615000328664], [-120.91364100017351, 39.421189999750226], [-120.91361900043219, 39.421036000148405], [-120.91361799970898, 39.420855999957325], [-120.91365600024211, 39.42068099992343], [-120.91371800016638, 39.42052399992752], [-120.91378599993847, 39.420407999853715], [-120.91393900009935, 39.42020400030848], [-120.91404600022946, 39.42016999986356], [-120.91416800042818, 39.42007699976615], [-120.91432800026178, 39.42001300010464], [-120.91449599959294, 39.41997100029478], [-120.91468700028697, 39.41996900030322], [-120.91496099992334, 39.4199880002209], [-120.91536599997929, 39.420039999969006], [-120.91573199967719, 39.420105000293574], [-120.91605200024266, 39.42016999986356], [-120.91647999986482, 39.42024499998609], [-120.9171130004247, 39.42038200012175], [-120.9180210004459, 39.420606000270084], [-120.9183720000752, 39.420707000237776], [-120.91858600033545, 39.42081399996147], [-120.91895899970604, 39.42103700012891], [-120.91917299996628, 39.42121199996296], [-120.91934899969337, 39.421399999731285], [-120.91988299962075, 39.42204900009168], [-120.92030199992041, 39.422290999761344], [-120.92050000028712, 39.422371000184214], [-120.92065300044803, 39.42238700025779], [-120.9209129998407, 39.422351000260576], [-120.92105000010805, 39.422290999761344], [-120.92115700023817, 39.42217999967308], [-120.92124799957644, 39.42198800005957], [-120.92133200014034, 39.42176400018899], [-120.9213709996001, 39.421625000049815], [-120.92143900027047, 39.42144200006795], [-120.92153100033198, 39.42132600013401], [-120.92163799956377, 39.42124299996703], [-120.92179699957245, 39.42116400030996], [-120.92208000032797, 39.42109299970726], [-120.92241599988863, 39.420972999960945], [-120.92271299998957, 39.420941999836735], [-120.92305699994614, 39.42088500015445], [-120.92331600041224, 39.4208539999911], [-120.92360599994215, 39.42081399996147], [-120.92391100043899, 39.42073799977254], [-120.92461299969754, 39.42050700013219], [-120.92492499986707, 39.42041399979045], [-120.92519299965569, 39.42031900003707], [-120.92545200012177, 39.420251999928624], [-120.92569700034416, 39.42021100025514], [-120.9259559999119, 39.42013500010264], [-120.9262920003709, 39.42007299978904], [-120.92661899971073, 39.420069999806046], [-120.9268489998645, 39.42012800014835], [-120.92697899956084, 39.420175999820835], [-120.92722200013343, 39.420234000074934], [-120.92746700035578, 39.42034199982125], [-120.9277409999922, 39.420513000060446], [-120.92790099982574, 39.420637999835954], [-120.92807699955283, 39.4207899996551], [-120.92823700028472, 39.42091400033951], [-120.92845800021765, 39.42102600034275], [-120.92858100024131, 39.421042000031136], [-120.92873299967897, 39.4210400000703], [-120.92891599997706, 39.421015999841764], [-120.92910699977277, 39.42097000001667], [-120.9293279997057, 39.4209069997695], [-120.92955700003456, 39.420811999994086], [-120.92974000033269, 39.42067500000963], [-120.92987800042494, 39.42055600022504], [-120.92999999972535, 39.42038300011164], [-120.93006800039576, 39.42020400030848], [-120.93008400028926, 39.42003300000518], [-120.9300530003271, 39.41987399994334], [-120.92997700015914, 39.419693000221464], [-120.92992299973245, 39.41945799988136], [-120.92980100043205, 39.41920300000398], [-120.92973199993676, 39.419016999880576], [-120.9296790002333, 39.41881799979596], [-120.92964099970015, 39.41865499967999], [-120.92963400002746, 39.41852899980176], [-120.92964800027117, 39.418375999891296], [-120.92971000019544, 39.41819199968575], [-120.92980100043205, 39.418040999776494], [-120.92993899962599, 39.41791300012586], [-120.93013699999271, 39.417821999846296], [-120.93044999998716, 39.417688000316595], [-120.93077100037752, 39.417522000241604], [-120.93105199968662, 39.41740099986675], [-120.93137999974967, 39.417271999700425], [-120.93161699957614, 39.41719000029368], [-120.93179999987423, 39.41712099988032], [-120.93198300017232, 39.417125000026815], [-120.93256300013047, 39.4172660001872], [-120.932791999561, 39.41736400003712], [-120.9332269997542, 39.41752500033422], [-120.93356999988586, 39.417643999741564], [-120.93383000017688, 39.41769799990713], [-120.93406600017842, 39.417734000225614], [-120.9343330001421, 39.41781499965973], [-120.93450100037161, 39.41790799999919], [-120.93469999966491, 39.41803300028233], [-120.93482100003874, 39.41804899996373], [-120.93495900013102, 39.41803799970604], [-120.93511099956865, 39.41796400000939], [-120.93527200012545, 39.41783600021731], [-120.9354169998904, 39.417681000116524], [-120.93547799998979, 39.417600999862515], [-120.93554699958673, 39.417525999671106], [-120.93566899978548, 39.417451000093], [-120.93581299972553, 39.417373000335125], [-120.93602699998577, 39.417317999883956], [-120.93624000042111, 39.41729000031899], [-120.93652999995102, 39.41730500013689], [-120.93679000024201, 39.4173270001879], [-120.9371559999399, 39.41737899983916], [-120.93753699970644, 39.41742599998439], [-120.93768200036969, 39.41745600025245], [-120.93859100021581, 39.41758400004829], [-120.93892699977646, 39.41763500017254], [-120.939499000237, 39.41774899994798], [-120.9396890002078, 39.41779299976274], [-120.94001800009578, 39.41788900020855], [-120.94042999982442, 39.418022000022106], [-120.94069599996317, 39.41813999994696], [-120.94104699959246, 39.418254000284456], [-120.94175700014527, 39.41861299974591], [-120.94200900004034, 39.41878900012677], [-120.94212299984316, 39.418922000305116], [-120.94252799989908, 39.419302999917385], [-120.94274100033445, 39.419481999952446], [-120.94293200013014, 39.41963000020802], [-120.94316899995661, 39.41975100018356], [-120.94334399985878, 39.419799000115646], [-120.9435270001569, 39.41980200011026], [-120.94376399998336, 39.419757000176844], [-120.94394700028145, 39.41970100021911], [-120.94412999968127, 39.41959600017714], [-120.94425899955269, 39.41947199992384], [-120.94439800036817, 39.41936600022637], [-120.94457300027037, 39.4192520003195], [-120.9447740001118, 39.41906899965908], [-120.9449260004478, 39.41893299972933], [-120.94508499955812, 39.41880500032864], [-120.94526899968113, 39.41870000032488], [-120.9454910003373, 39.41860999970007], [-120.94597300038616, 39.41847400026271], [-120.9461940003191, 39.41843300023739], [-120.94642299974964, 39.41840999982333], [-120.94662199994129, 39.4184230000583], [-120.9469890003624, 39.41837899994721], [-120.94729499978581, 39.41842100002227], [-120.94763899974241, 39.41849899999547], [-120.94803600030076, 39.41860999970007], [-120.94847200031884, 39.418760999764686], [-120.94868599968078, 39.41878900012677], [-120.94892300040556, 39.418752000339865], [-120.94913599994257, 39.41873800015283], [-120.94953500015073, 39.4188040003161], [-120.9498709997114, 39.41889500000764], [-120.95012299960649, 39.4189090001632], [-120.95064999986116, 39.41891800026168], [-120.95080300002203, 39.4188929999852], [-120.9509260000457, 39.4188600003005], [-120.95104099967342, 39.41877199990829], [-120.95119999968209, 39.41862599994303], [-120.9513219998808, 39.41844199970334], [-120.95140700026963, 39.418277000056015], [-120.95149099993522, 39.41806200026604], [-120.95158299999672, 39.41785099991779], [-120.95168199973094, 39.41758700013829], [-120.95177399979245, 39.417357999837854], [-120.95201900001483, 39.41696999973312], [-120.95216399977978, 39.41684699970698], [-120.95231399956762, 39.4167610003271], [-120.95232699998638, 39.41675500007594], [-120.95253600022377, 39.41670500004449], [-120.95272600019457, 39.416691000140275], [-120.95299900000603, 39.416695999660234], [-120.95387699989, 39.4167669998838], [-120.95412100028749, 39.41680299998907], [-120.95453200019122, 39.41685299995023], [-120.95470399972035, 39.4168730000635], [-120.95516200037807, 39.416903999915334], [-120.95594099962952, 39.41699399996677], [-120.95612399992763, 39.41699299992831], [-120.9562689996926, 39.41695499984307], [-120.95646700005932, 39.41687700022422], [-120.9565509997249, 39.41677500021726], [-120.95658900025803, 39.41665800010715], [-120.95660400032666, 39.41649699988963], [-120.95657400018943, 39.416360999799835], [-120.95659000008295, 39.41622999969206], [-120.95662000022017, 39.416122999871746], [-120.95667299992363, 39.41607899969687], [-120.95674200041891, 39.416002999897295], [-120.95681799968858, 39.41595500012728], [-120.95702399955292, 39.41583699997388], [-120.95723699998824, 39.41575100004203], [-120.95763500037148, 39.41566800017669], [-120.95797799960488, 39.41564200006477], [-120.95839000023183, 39.415658000294954], [-120.95871800029488, 39.41568200028634], [-120.95899299975619, 39.41572299984768], [-120.95928300018441, 39.41581400009123], [-120.95963299998878, 39.415968000126085], [-120.95982399978448, 39.416089000212274], [-120.96014500017485, 39.41632400011222], [-120.96037299978047, 39.416404999796676], [-120.96064099956907, 39.41647699966855], [-120.96086999989795, 39.416543999935506], [-120.96133500022836, 39.416625000058346], [-120.96179299998775, 39.41669999983117], [-120.96267800044272, 39.416945000145944], [-120.96308199977545, 39.41707400022345], [-120.963578000068, 39.41720400009767], [-120.9643029997911, 39.417366000103485], [-120.9645770003258, 39.41743400024215], [-120.96481400015227, 39.41745600025245], [-120.96508899961357, 39.41744699996515], [-120.96553899987535, 39.41751299996284], [-120.96605699990923, 39.41756300010875], [-120.96664500026327, 39.41763200008461], [-120.9677740002174, 39.41769199973657], [-120.96817900027338, 39.41775300005845], [-120.96882000033088, 39.41782299987291], [-120.96904899976141, 39.41785399999624], [-120.96940000028903, 39.4179279998097], [-120.96968200032133, 39.41801399983182], [-120.96993400021638, 39.41811300004057], [-120.9703219996556, 39.41827299997562], [-120.9705819999466, 39.41841699995014], [-120.97081899977307, 39.418556000241], [-120.97103999970598, 39.418676999998915], [-120.9712380000727, 39.41881099970937], [-120.97148199957188, 39.418882999872096], [-120.97170300040311, 39.41894099981415], [-120.9718790001302, 39.418957999991456], [-120.97205499985732, 39.418933999739956], [-120.97219999962225, 39.41889600001886], [-120.972321999821, 39.41885300021817], [-120.9724289999511, 39.418808999684515], [-120.97257299989117, 39.418681000056125], [-120.97267199962536, 39.41844899982699], [-120.97274899961826, 39.41818000012312], [-120.9728490000757, 39.417933999959956], [-120.97297799994712, 39.41775600014117], [-120.97313799978069, 39.4176229998201], [-120.97332799975149, 39.41753199985596], [-120.97343599970652, 39.41750200031455], [-120.973680000104, 39.41743500027434], [-120.97431299976559, 39.417382999970854], [-120.97470199992799, 39.417397999768745], [-120.97517599958091, 39.41742900008113], [-120.97541199958249, 39.41746899997134], [-120.97585400034667, 39.41750399968296], [-120.97633499967232, 39.417589000198205], [-120.97683799963754, 39.41766499965671], [-120.97722000012728, 39.41775300005845], [-120.97746399962642, 39.41779799989765], [-120.97808200011771, 39.4178670003349], [-120.97833400001281, 39.41787199977057], [-120.97860500017445, 39.41782099981966], [-120.97862400044102, 39.41781799973974], [-120.97892999986448, 39.41773300019772], [-120.97914300029979, 39.41764699982893], [-120.9793409997682, 39.417542000162875], [-120.979502000325, 39.41743700033861], [-120.9796920002958, 39.41724600018674], [-120.97982199999213, 39.417095999653306], [-120.97991400005363, 39.416934999753394], [-120.97995199968848, 39.41683699999432], [-120.98002000035885, 39.41660299978585], [-120.98002000035885, 39.41652899995384], [-120.98002000035885, 39.41628799975954], [-120.97999000022163, 39.415968000126085], [-120.97994400019087, 39.415673999827455], [-120.97992199955127, 39.41558400015385], [-120.9798830000915, 39.415424999659976], [-120.97983299986278, 39.41527999968783], [-120.97979900042591, 39.415181000313765], [-120.97953199956392, 39.41458599965607], [-120.97944100022562, 39.41436299967131], [-120.97919699982816, 39.41381899980641], [-120.97911999983526, 39.41364600032363], [-120.97900600003243, 39.41333800006561], [-120.97891399997093, 39.41306100000767], [-120.97888300000879, 39.412854000182925], [-120.97889800007742, 39.4126599996652], [-120.97899000013894, 39.412301000084696], [-120.97905899973588, 39.412148999800024], [-120.97913499990389, 39.41202899992566], [-120.97934900016412, 39.411839000338404], [-120.97961600012779, 39.41172200027289], [-120.97976799956547, 39.41163500000791], [-120.97995099986358, 39.41158399965855], [-120.98027899992661, 39.41161200012712], [-120.98056199978386, 39.41170300018441], [-120.98076000015057, 39.41186399967442], [-120.98085899988476, 39.412154000339754], [-120.98093500005275, 39.4125239997246], [-120.98098600010637, 39.41289700021384], [-120.9809889995811, 39.41291700007393], [-120.98108800021362, 39.41327000009564], [-120.98120299984136, 39.41357900004753], [-120.98138600013945, 39.41394200031693], [-120.98153799957709, 39.41412499986235], [-120.98174400033976, 39.414231999973204], [-120.98193900033341, 39.414248999910846], [-120.98198799983889, 39.41425400029996], [-120.98227900009203, 39.414227999660696], [-120.98251500009358, 39.41413299980497], [-120.98266499988141, 39.414017000200076], [-120.9828049996235, 39.41383599984476], [-120.98326300028121, 39.41293400033223], [-120.983445999681, 39.412636000021585], [-120.98362899997912, 39.41241300004591], [-120.98380499970621, 39.412263000218125], [-120.98396600026301, 39.41215900018507], [-120.98399499967701, 39.4121410003238], [-120.98423900007447, 39.41196499981568], [-120.98446099983234, 39.41183299966356], [-120.98465900019906, 39.41173699990077], [-120.98486500006337, 39.411668999757424], [-120.98507900032361, 39.411573999885036], [-120.9853460002873, 39.41150199980787], [-120.98561300025099, 39.4114659997414], [-120.98597899994888, 39.41146300008205], [-120.98634499964679, 39.41149599979808], [-120.98661199961046, 39.41155099998413], [-120.98731399976735, 39.411755999979974], [-120.98832100042107, 39.412214999955204], [-120.98919900030502, 39.412577000284124], [-120.9895349998657, 39.41274100013663], [-120.98993900009675, 39.412991000269805], [-120.99032099968815, 39.413199999873626], [-120.99033499993186, 39.41320900001519], [-120.9909989995556, 39.4136399998043], [-120.99124399977796, 39.41384700007149], [-120.99141899968015, 39.41398499967681], [-120.99182299991118, 39.41426699992193], [-120.99199899963827, 39.41435100014362], [-120.99214400030158, 39.41439000033609], [-120.992273000173, 39.414396000096794], [-120.99233500009727, 39.414406000159595], [-120.99240299986933, 39.41441700029639], [-120.99252500006807, 39.414414000069975], [-120.99258699999234, 39.41442899981268], [-120.9927030003433, 39.41439199979371], [-120.9933719999899, 39.41384700007149], [-120.99352900034873, 39.41372099983116], [-120.9938859998258, 39.41348500009034], [-120.99419299997246, 39.4133560003119], [-120.99457000043932, 39.41324700006021], [-120.99502999984855, 39.41314300010691], [-120.9957360002034, 39.41282700031136], [-120.99602599973328, 39.412624000196644], [-120.9963920003295, 39.41236900030565], [-120.99665900029319, 39.4121060000018], [-120.99680999990592, 39.412043000072025], [-120.9970119995723, 39.41187299998844], [-120.99759900010145, 39.41148100011836], [-120.99809100019604, 39.41109400004826], [-120.9984829998332, 39.4108180002248], [-120.99926000033315, 39.4103469998589], [-120.99967999955939, 39.4100709998548], [-120.99985799983463, 39.40995499973821], [-121.00025100019501, 39.40962600027845], [-121.00106299995676, 39.40902600003459], [-121.00250999992818, 39.40814299974397], [-121.00337899959132, 39.4074920000552], [-121.00412500012914, 39.40686399990804], [-121.00493100004309, 39.406276999915626], [-121.00549000008483, 39.405816000018035], [-121.00618899986866, 39.40526200011754], [-121.00670100005472, 39.404871000082025], [-121.00700900002629, 39.40472299972926], [-121.00743599982356, 39.404648000260686], [-121.00804400026911, 39.40461099991008], [-121.00837099960894, 39.40461600029627], [-121.00855999975482, 39.404619999772045], [-121.00919400013963, 39.40474899974829], [-121.01012899992502, 39.40495300009541], [-121.01067200007324, 39.4050569997705], [-121.01178299958572, 39.40531600015606], [-121.0121419996109, 39.40540000005581], [-121.01325899986948, 39.40563099977893], [-121.01422600034022, 39.405752999957905], [-121.01466800020609, 39.40568999984092], [-121.01523899994339, 39.40538199983793], [-121.01545400002854, 39.40511299969151], [-121.01553699986923, 39.405010000310284], [-121.01555100011294, 39.40452799997145], [-121.0155560001358, 39.40382100032844], [-121.01544099960975, 39.40305400006236], [-121.01527099973045, 39.40261599976293], [-121.01517700001912, 39.40254700019716], [-121.01482499966663, 39.402289999745086], [-121.01401899975266, 39.40182899986995], [-121.0133529995808, 39.40150000025056], [-121.0129369996542, 39.40138800011463], [-121.01250900003204, 39.40127299970122], [-121.01162199992723, 39.40101100015787], [-121.00994300015219, 39.400264000245556], [-121.00932600038412, 39.400100000203025], [-121.00876200031949, 39.40016099995064], [-121.00837999982978, 39.40027299997429], [-121.00795300003249, 39.40034799998259], [-121.00769600011455, 39.40031999985008], [-121.00750299977072, 39.40014000031668], [-121.00736499967844, 39.39968999979803], [-121.00740499986142, 39.39934899978077], [-121.00751899966423, 39.399069000187495], [-121.00786299962083, 39.39869799991498], [-121.00830399966178, 39.39839900024271], [-121.00899599977294, 39.39806999971677], [-121.0101130000315, 39.3977470002208], [-121.01118599990912, 39.39736600013072], [-121.01139299959837, 39.39731400013194], [-121.01202699998316, 39.39715599995129], [-121.01330800027328, 39.39694300024411], [-121.01422100031735, 39.39682899977189], [-121.01468099972656, 39.396682999674496], [-121.01505200034565, 39.396442999944014], [-121.01554400044026, 39.396203999724506], [-121.01588099982581, 39.39609200010962], [-121.01658200015778, 39.39598600027127], [-121.01708599994792, 39.3958769999421], [-121.01722800023816, 39.395819000251585], [-121.01759300011115, 39.39567300012306], [-121.01803800035005, 39.39546899970745], [-121.01854299996513, 39.39506600024019], [-121.01879700040834, 39.39468100004081], [-121.01903500005972, 39.39428499995963], [-121.01924500012203, 39.39384099999365], [-121.01947899957541, 39.39362199972506], [-121.01983900032383, 39.393238999951926], [-121.02016599966367, 39.392939000102295], [-121.0204920000769, 39.39266200024116], [-121.02124000026454, 39.39223900029621], [-121.02190800008621, 39.39170900007569], [-121.02208499963824, 39.3915579997436], [-121.0223280002108, 39.391350999961865], [-121.02257000006014, 39.39105299975778], [-121.02278299959715, 39.39079300014756], [-121.02320699991968, 39.39030600012667], [-121.02354900022644, 39.3900060001626], [-121.02407300010809, 39.38958699972722], [-121.02451800034699, 39.3892570002528], [-121.02466700030992, 39.38924900023353], [-121.02483800001414, 39.38923900003458], [-121.02523100037455, 39.38928100030506], [-121.02555500023965, 39.38938000034665], [-121.02563700025541, 39.38940500009647], [-121.0261140002814, 39.389720000065076], [-121.02697100024896, 39.39053499971022], [-121.02747199966605, 39.39125400006075], [-121.0275100001992, 39.39130900024312], [-121.02794799986711, 39.39192899980455], [-121.02798300002722, 39.3920009999564], [-121.02821999985368, 39.392499000072085], [-121.02827699975508, 39.392608000125136], [-121.02849400038838, 39.3930210002587], [-121.02868400035919, 39.3932950003364], [-121.02908400039227, 39.3936080000459], [-121.02963599986299, 39.3939710001418], [-121.02968400044189, 39.39400500017258], [-121.03020099975251, 39.39436899995431], [-121.03023199971464, 39.39439899972957], [-121.03068899964914, 39.394835000236675], [-121.03122900032264, 39.39532700024348], [-121.03182500017431, 39.39570199968793], [-121.03215800026022, 39.3957309999349], [-121.03268999963946, 39.395716999984735], [-121.03278000005118, 39.39570900001193], [-121.03375400019458, 39.3956290002336], [-121.03457699982698, 39.3955249996904], [-121.03529300022754, 39.39539600000936], [-121.03575400035999, 39.395192000172194], [-121.03580600023855, 39.39515299965558], [-121.03612599990568, 39.394915000231286], [-121.03637899962567, 39.394554999880135], [-121.03653000013674, 39.39406299998272], [-121.03651900026607, 39.39335599978668], [-121.03645599961857, 39.392883999816334], [-121.03644999977078, 39.392590000077114], [-121.03647200041041, 39.392331000338366], [-121.03662800004601, 39.3921919998355], [-121.03707599975967, 39.3918819998292], [-121.03796899971226, 39.3914379998443], [-121.03889299962698, 39.39094699990019], [-121.0389560002745, 39.39090200008875], [-121.03955100030124, 39.39048699976581], [-121.03986900031856, 39.3899399998169], [-121.04028500024516, 39.38920499976407], [-121.04049299975931, 39.38880800009627], [-121.04072000043836, 39.38851399984492], [-121.04076100044622, 39.38845999998997], [-121.04108699996114, 39.388244000152405], [-121.04153100037517, 39.38815999972645], [-121.04188000035462, 39.38815600000119], [-121.04224299967946, 39.38821300005658], [-121.04300699976062, 39.388501000282226], [-121.04325000033317, 39.38861000033239], [-121.04372599963591, 39.38882499998314], [-121.04434699960194, 39.3893000002538], [-121.04490099962082, 39.38954899998088], [-121.0452029997446, 39.38959100006473], [-121.04553900020358, 39.38955199988852], [-121.04620399965223, 39.38940299992244], [-121.04672099986117, 39.38941500027164], [-121.04724700029094, 39.38956900028846], [-121.04729699962134, 39.38959900004478], [-121.04752900032327, 39.38974100005873], [-121.0476099996158, 39.39004899970205], [-121.0476940001797, 39.390699000023375], [-121.04765099962367, 39.3910520000415], [-121.04742100036822, 39.391576999766585], [-121.04714500018369, 39.3924900000346], [-121.04710900019869, 39.39309000022257], [-121.04710800037377, 39.39313099987699], [-121.04710900019869, 39.39336800015021], [-121.04711000002358, 39.393514000242995], [-121.04750300038398, 39.39432800033317], [-121.04814600009132, 39.39493400003431], [-121.04893899958648, 39.395285000141314], [-121.04979499972912, 39.39544499970102], [-121.0510040000492, 39.395492000053004], [-121.05120999991354, 39.39556099965564], [-121.05221300036928, 39.39564399985193], [-121.05225600002699, 39.39563799986616], [-121.05244500017287, 39.395607999929474], [-121.05258900011293, 39.39558399997087], [-121.05320400023116, 39.39548600005411], [-121.05359400021851, 39.39545800005263], [-121.0539320003273, 39.395434000042414], [-121.0550739998019, 39.39535300029407], [-121.0559249999217, 39.3953199998811], [-121.05699799979934, 39.3952080002354], [-121.05806099963125, 39.39516699971894], [-121.05873000017614, 39.39513100024455], [-121.05939999964767, 39.39503600005759], [-121.05970799961922, 39.39488799966197], [-121.05998800000171, 39.394633999836685], [-121.06009799960658, 39.39442199973365], [-121.06029299960025, 39.3940500000654], [-121.06051600008132, 39.393392999859714], [-121.06052399957893, 39.393370999893705], [-121.06077800002214, 39.39297500001351], [-121.06084699961912, 39.39290399986222], [-121.06123599978153, 39.39233499982431], [-121.06156100036985, 39.3916940003056], [-121.06206099996207, 39.39123599966348], [-121.06216800009219, 39.39121299999761], [-121.06222300034376, 39.391174999748245], [-121.06268699995096, 39.39101700024336], [-121.06309100018201, 39.39094800031219], [-121.06378800031598, 39.39095300028939], [-121.06422000013612, 39.39098399986222], [-121.06470399983482, 39.39103900025736], [-121.06525600020383, 39.39111899974498], [-121.06602600013278, 39.39125499977414], [-121.06661199993869, 39.39146499966608], [-121.06732199959319, 39.39182999990826], [-121.06854000013409, 39.39266299993437], [-121.06926400003228, 39.393099000182616], [-121.06975199992893, 39.393278000150076], [-121.07013699989336, 39.39334899992077], [-121.0708640001646, 39.39340199978067], [-121.07389899967451, 39.3934580000343], [-121.07405600003334, 39.39346099977388], [-121.07621000018452, 39.39349599973454], [-121.07700000020495, 39.39345100017863], [-121.07701799974829, 39.393449000120526], [-121.07744200007085, 39.39341099970052], [-121.07816199977105, 39.393152000232476], [-121.07898000027888, 39.39293000012157], [-121.07951300038134, 39.392833000332935], [-121.08033000016596, 39.39295200022663], [-121.0813379997463, 39.39324000033111], [-121.08205999999463, 39.39349900016671], [-121.08280499980921, 39.394005999846556], [-121.08304800038175, 39.39421799982528], [-121.08308199981863, 39.39424799966546], [-121.0831849997508, 39.39433700013356], [-121.08339700036123, 39.39452199978392], [-121.08364400023343, 39.39462199969085], [-121.08369699993688, 39.39464399995661], [-121.08382199961036, 39.39463599986077], [-121.08400200043373, 39.39462399971533], [-121.08421699962055, 39.394450999818474], [-121.08439099969783, 39.3942659999799], [-121.08470100021756, 39.39394100018251], [-121.08512299999194, 39.39320599992748], [-121.08521699970328, 39.39276499980665], [-121.08534999977266, 39.392138000049904], [-121.08552399984991, 39.39076399993074], [-121.08564299967563, 39.38977799996603], [-121.0857530001788, 39.388530999803464], [-121.08593499975368, 39.387697999741874], [-121.0861470003641, 39.387136999863834], [-121.08650100036641, 39.38675099987446], [-121.08657099978831, 39.38667500004945], [-121.08689700020153, 39.38638600014184], [-121.08738799957288, 39.38618099986381], [-121.08794099976686, 39.3860609997434], [-121.08804399969901, 39.38603900024281], [-121.08876099992452, 39.38592100015213], [-121.08938400043867, 39.3858720000205], [-121.09012699970509, 39.38590800010639], [-121.090612000127, 39.38591599981436], [-121.09106700041166, 39.38591199996049], [-121.09157799987452, 39.385814000344574], [-121.09204700040289, 39.38585699968998], [-121.09242099959839, 39.38605200026414], [-121.09272899956996, 39.38623599987898], [-121.09310799968665, 39.38646300006363], [-121.09379399995, 39.386921999872335], [-121.09411299979222, 39.38711299976846], [-121.09452500041917, 39.38735799989133], [-121.09455100035844, 39.38736900012887], [-121.09513999963912, 39.38761499981275], [-121.09553200017459, 39.38772699984442], [-121.09575899995532, 39.38775500017138], [-121.09600800037568, 39.38775800015614], [-121.0960469998354, 39.38775899991962], [-121.09636700040086, 39.38769399999015], [-121.0964839996784, 39.38761199982184], [-121.09664600006012, 39.38749800007126], [-121.09691499967363, 39.38707899985069], [-121.09712499973591, 39.38658799978276], [-121.09724899958448, 39.38624299976417], [-121.09727299987392, 39.38617799981125], [-121.09746299984471, 39.385875000086266], [-121.09776199959543, 39.38547999981219], [-121.09808100033598, 39.38519099981601], [-121.09931800024515, 39.384362999911026], [-121.10031099975689, 39.383531999736825], [-121.10067599962986, 39.38299200033313], [-121.10068999987354, 39.38297300005557], [-121.10080799987432, 39.38255100023206], [-121.10072500003365, 39.38167800004717], [-121.10080000037674, 39.38143200026601], [-121.10094199976861, 39.38124600007609], [-121.10153699979537, 39.38102699985541], [-121.10155500023706, 39.381021000001375], [-121.1025800004341, 39.38069600031034], [-121.10337399975418, 39.380508999680494], [-121.10406099984242, 39.380367000323126], [-121.10454899973907, 39.38025700002579], [-121.10491100013729, 39.38026399981629], [-121.1049460002974, 39.3802660002523], [-121.10505099987938, 39.3802739999126], [-121.1050869998644, 39.380277000218946], [-121.10551899968453, 39.38030799967387], [-121.10609100014507, 39.3804470002411], [-121.10688500036345, 39.38083699983015], [-121.10730100029005, 39.3810559999526], [-121.10775999987438, 39.38129800024626], [-121.10836300029705, 39.381448999866706], [-121.10871099955327, 39.381467000011185], [-121.1089509997528, 39.38145899979325], [-121.10938699977086, 39.38144399990289], [-121.10942500030403, 39.38144300004895], [-121.11020000025584, 39.38139699980897], [-121.11100600016977, 39.38131599973538], [-121.11198199996302, 39.38115499985854], [-121.11262399984547, 39.38096500018175], [-121.11328599981935, 39.38061099995989], [-121.11382899996758, 39.380148999994425], [-121.1142809998792, 39.37941400028066], [-121.11484300029397, 39.37884699973685], [-121.1154719997576, 39.37859800001553], [-121.11620200040188, 39.37850400012963], [-121.11716999979922, 39.378637000064], [-121.1179210003599, 39.378920000083546], [-121.1184009998606, 39.37909300029592], [-121.11905899963656, 39.37944500011884], [-121.11968999964833, 39.379690000080174], [-121.12027700017747, 39.379569999908966], [-121.12087800005199, 39.379238999704064], [-121.12140199993364, 39.37891699971883], [-121.1215890004297, 39.37887099989731], [-121.12190599972378, 39.37879599971566], [-121.1223149999777, 39.378825999936865], [-121.12287200036964, 39.37897700004434], [-121.12363999975042, 39.37921299989843], [-121.12434699993017, 39.379423999804374], [-121.12481100043567, 39.37965500013833], [-121.12533500031732, 39.379934999875964], [-121.12575600026679, 39.380059000303596], [-121.12588900033617, 39.38009200029629], [-121.12592399959796, 39.380100999849766], [-121.12602999990318, 39.380127999891805], [-121.12606599988818, 39.380137000134965], [-121.12609900039845, 39.380143000064976], [-121.1262009996074, 39.38016099985188], [-121.12623599976752, 39.38016699977984], [-121.12638499973042, 39.3801929999245], [-121.12683400016729, 39.3802739999126], [-121.12685599990861, 39.3802780000896], [-121.12698599960495, 39.38026999973539], [-121.12719800021537, 39.38025500028388], [-121.1274810000726, 39.38023699982684], [-121.12780199956465, 39.38008399992076], [-121.12788799977837, 39.380044000112385], [-121.12793299998421, 39.379934000000404], [-121.12800699960404, 39.37975200019195], [-121.12777499980047, 39.379246000291076], [-121.12745400030842, 39.378943000329144], [-121.12738399998823, 39.37887699993609], [-121.1270230003132, 39.37861999977851], [-121.12670600012078, 39.37838200020717], [-121.12635700014131, 39.37808199967312], [-121.126151000277, 39.377862000036025], [-121.12606599988818, 39.37768300010378], [-121.12584999997812, 39.37724899988327], [-121.12589900038193, 39.376046999837406], [-121.12592000029831, 39.37555799980861], [-121.12611000026911, 39.375089000117505], [-121.12612600016264, 39.37496000015487], [-121.12612799981248, 39.374892000267], [-121.12639899997413, 39.37443599967553], [-121.12644800037792, 39.37430899980744], [-121.12660400001354, 39.37391500000969], [-121.12681400007581, 39.37321800026021], [-121.1271360002911, 39.3725680003172], [-121.12722699962937, 39.372487999703004], [-121.12756300008834, 39.37219800009352], [-121.12777899999844, 39.372143000127465], [-121.12794899987774, 39.37209999997235], [-121.12904400039498, 39.37201200029905], [-121.13008899978522, 39.372009000331886], [-121.13091499979066, 39.3720069996593], [-121.1324730000902, 39.37188400019749], [-121.13367999986214, 39.37163199996281], [-121.13412900029904, 39.371289000323166], [-121.13429599980529, 39.37093300033042], [-121.13436699995039, 39.370401000087384], [-121.1342530001476, 39.36957699983995], [-121.13431300042203, 39.36902699980752], [-121.13457000033999, 39.36870700001752], [-121.13461600037076, 39.368696000311196], [-121.13582200031776, 39.36842999981388], [-121.13684699961652, 39.36807399982902], [-121.13679999976085, 39.367991000176424], [-121.13693899967801, 39.367432999716605], [-121.13695499957156, 39.3672499999017], [-121.1368459997916, 39.366688000204874], [-121.13650699985789, 39.365895000195856], [-121.13657499962994, 39.36502200007145], [-121.1368049997837, 39.36401099987567], [-121.13692100013469, 39.363706000252165], [-121.13707099992251, 39.36331500000039], [-121.13753600025291, 39.36278099981861], [-121.13803699967004, 39.36227200016038], [-121.13854999968102, 39.361922000145285], [-121.13953200022037, 39.36143000009148], [-121.14027500038515, 39.361039999746424], [-121.14069299996156, 39.36057400023636], [-121.14100099993311, 39.36001900003526], [-121.14135400011054, 39.359464999760526], [-121.14165500040943, 39.35913800009015], [-121.1429369996261, 39.358388000079366], [-121.14344399978931, 39.357959000345325], [-121.14414199974824, 39.357147999699215], [-121.14470099978999, 39.356439999742925], [-121.14513500015826, 39.35578200022785], [-121.14524399993819, 39.35510100031569], [-121.14523499971737, 39.354575999918794], [-121.14491199967719, 39.35395700015418], [-121.14478500035389, 39.353712000199145], [-121.14415799964176, 39.352704999906884], [-121.1437519997609, 39.351875999964236], [-121.14348999982009, 39.35113700018064], [-121.14348599962211, 39.3504380003422], [-121.1436329999352, 39.34996700013608], [-121.14371099975303, 39.349820999958574], [-121.14379899961655, 39.349655000242585], [-121.14432099984839, 39.34950599986875], [-121.14490900020245, 39.349427999858754], [-121.14535000024338, 39.34943400034352], [-121.14574299970546, 39.34944099975069], [-121.14686800035996, 39.34947699986628], [-121.14835499961607, 39.34950000008484], [-121.14977099962542, 39.34962800022639], [-121.15064000018684, 39.34965399993347], [-121.15098699961815, 39.349664999860046], [-121.15209100035626, 39.349664999860046], [-121.15240199980258, 39.349619000218695], [-121.15349300012187, 39.34946000012273], [-121.15416500014149, 39.3491730003138], [-121.15476600001604, 39.348604999799655], [-121.15497799972816, 39.34784700004522], [-121.15501500043639, 39.347717000135646], [-121.15506899996477, 39.34739800031069], [-121.15528200040008, 39.346112000218916], [-121.15532400023287, 39.345394999726025], [-121.15537299973838, 39.344380999845406], [-121.15550300033301, 39.34373600026357], [-121.15562399980853, 39.34340600011452], [-121.15597600016102, 39.342869000065505], [-121.15694299973346, 39.34164200002584], [-121.15748500005677, 39.34074100000247], [-121.15770400033989, 39.34013200024439], [-121.15775899969316, 39.33974799974006], [-121.15768300042349, 39.33922200025354], [-121.15749599992742, 39.33858899966702], [-121.15736899970581, 39.33825799975729], [-121.15717999955993, 39.337761999972855], [-121.1568609997177, 39.33661999971958], [-121.15666499989912, 39.3355149997476], [-121.15663700031001, 39.33490799996934], [-121.15659499957891, 39.334270999891984], [-121.15658799990622, 39.33414899982466], [-121.15672000015071, 39.33341599996738], [-121.1570730003281, 39.332827000205896], [-121.1573539996372, 39.332605999902434], [-121.15753299973734, 39.332467000001365], [-121.15790600000624, 39.33229500019116], [-121.15852500032244, 39.332010999675454], [-121.1591129997782, 39.331914999886195], [-121.1600579996093, 39.331982000057025], [-121.16122500009662, 39.33219099979367], [-121.16155999983235, 39.33225099996171], [-121.16220099988985, 39.332495000253594], [-121.16251899990716, 39.33261599987465], [-121.16286799988663, 39.33305900026658], [-121.16298800043553, 39.33361999967283], [-121.1629859998874, 39.33456499995404], [-121.16322899956165, 39.3356190000644], [-121.16334900011056, 39.336197999775145], [-121.16386799996934, 39.33701099999427], [-121.16462399965455, 39.3382470001196], [-121.165020000388, 39.3386380003265], [-121.16560199999596, 39.33875199995554], [-121.16747400011486, 39.338694999816894], [-121.16851400038051, 39.338553000195716], [-121.16953200000658, 39.33839499971062], [-121.17041200043867, 39.338337999975664], [-121.17123000004821, 39.338337999975664], [-121.17148199994325, 39.338337999975664], [-121.17269399973809, 39.33849699966889], [-121.17473999993423, 39.33868599979074], [-121.17536799957298, 39.33869600028286], [-121.17550800021337, 39.3386979998253], [-121.17564799995546, 39.33870099983363], [-121.17696699988039, 39.33873900015959], [-121.1779820000317, 39.33870200029956], [-121.17897700009154, 39.338559999997884], [-121.1793269998959, 39.338430000183045], [-121.18015999957404, 39.338124000263356], [-121.18092500037842, 39.33779700006747], [-121.18134499960466, 39.337618000272755], [-121.18257099964318, 39.336815000231184], [-121.18344799970224, 39.335971000149236], [-121.18360000003823, 39.33532600008514], [-121.18344199985445, 39.33446600000741], [-121.18328200002088, 39.33372899993558], [-121.18323599999015, 39.3328890002316], [-121.18339300034897, 39.3320509998962], [-121.18386100015411, 39.33139399990365], [-121.18451100043245, 39.330858999758675], [-121.18452800015089, 39.330845000001254], [-121.1851130001319, 39.330606000334846], [-121.1854389996468, 39.3304739998491], [-121.18645600034627, 39.3303320002064], [-121.18760500039191, 39.330333000097234], [-121.18876799978288, 39.33038499995999], [-121.18879200007237, 39.33038599985007], [-121.18887599973795, 39.330389000215085], [-121.18913199983096, 39.33040100028411], [-121.1892180000447, 39.330404999843424], [-121.18942800010699, 39.33041400024075], [-121.18952099999342, 39.330411999766525], [-121.19039700022756, 39.33039399966504], [-121.19042499981664, 39.3303919998851], [-121.19071900044283, 39.3303719999979], [-121.19127000008865, 39.330357000252505], [-121.19166300044904, 39.33034899973843], [-121.19290299983292, 39.330277999826215], [-121.19332499960736, 39.33025500023069], [-121.19382199972478, 39.33013699967918], [-121.19532899997071, 39.32967099974802], [-121.19561900039892, 39.329582000226566], [-121.19586899974588, 39.3293160001932], [-121.19596800037839, 39.32920999972032], [-121.19661899958332, 39.32819699984641], [-121.19669099955334, 39.32798999983355], [-121.19679100001079, 39.32770200018608], [-121.19686600035385, 39.327484000156495], [-121.19690900001153, 39.32735699969852], [-121.19692300025524, 39.327319000134906], [-121.19722700002887, 39.32677899967972], [-121.19744399976383, 39.325665000219345], [-121.19745600035773, 39.32563899992771], [-121.19760299977249, 39.32533400027495], [-121.19780699998702, 39.32490899971422], [-121.19815299959342, 39.32418400011414], [-121.1982699997693, 39.323942999955385], [-121.19922600036936, 39.32269299992013], [-121.2000950000325, 39.32164500033609], [-121.20122499981153, 39.3207979998325], [-121.20166000000472, 39.320628999902745], [-121.20292000037841, 39.320356000329824], [-121.20361499996429, 39.32011800029612], [-121.20410700005887, 39.319374000172004], [-121.20444099996972, 39.3188680000111], [-121.20452800000838, 39.31863299995389], [-121.20461500004701, 39.31839599967931], [-121.20600500011705, 39.31738100008566], [-121.20612999979052, 39.31705300009982], [-121.20631300008861, 39.31657400011445], [-121.2063520004467, 39.31646899987814], [-121.20604699994983, 39.315088000187316], [-121.20562000015259, 39.31296900028864], [-121.20561199975667, 39.3129290002743], [-121.20560199971091, 39.31243499974113], [-121.20559900023616, 39.312301000109485], [-121.20559500003822, 39.31205399979954], [-121.20559000001535, 39.311808000163445], [-121.20557400012183, 39.3109459996712], [-121.2057070001912, 39.309670000261896], [-121.20497700044525, 39.30788899970373], [-121.2048560000714, 39.30778499985336], [-121.20443199974889, 39.30741699967666], [-121.20342300034369, 39.30654400024713], [-121.20224199961268, 39.30564599982573], [-121.2015660002934, 39.30513100030059], [-121.20144300026976, 39.30497100025692], [-121.20083900002219, 39.30418200024473], [-121.20023599959951, 39.303392999679645], [-121.20022899992681, 39.30338299970001], [-121.200187000094, 39.30287399982124], [-121.20014600008614, 39.30237499984177], [-121.20252899966786, 39.30110000017526], [-121.20565100011473, 39.299725999765876], [-121.20588000044356, 39.2995940000946], [-121.20617900019431, 39.29942099975357], [-121.20803299987153, 39.29835000019314], [-121.20870999991405, 39.29742500029436], [-121.20913300041168, 39.29684600008452], [-121.20939399962928, 39.29648699998916], [-121.20955600001098, 39.296266000269874], [-121.20967999985955, 39.29609500011215], [-121.2097750002941, 39.29596699998905], [-121.21000999957243, 39.29555299979162], [-121.21004700028068, 39.29548999965279], [-121.21008099971755, 39.29542999993132], [-121.21011500005274, 39.29537000015837], [-121.21064399995724, 39.29472499969984], [-121.21177200008646, 39.294020999731444], [-121.21261999983321, 39.29371700030605], [-121.21354799994587, 39.29338399993067], [-121.21465299961056, 39.29296999975464], [-121.21489100016024, 39.29288100012087], [-121.21606600014515, 39.29145899983164], [-121.21619400019165, 39.291303000227565], [-121.2164140002997, 39.28996000003317], [-121.21641699977442, 39.28892999999312], [-121.2164209999724, 39.287676000281216], [-121.21664100008041, 39.28629799993522], [-121.21712200030437, 39.285649000007936], [-121.21716300031224, 39.28559300023267], [-121.2179850001197, 39.28463900028659], [-121.21808100037919, 39.28452699977151], [-121.21817699974032, 39.28441600031968], [-121.21837799958179, 39.28418299970181], [-121.21915900027969, 39.283597000111136], [-121.21925999966372, 39.28352199988084], [-121.21936000012111, 39.28344599970461], [-121.21985300004063, 39.283075999772855], [-121.22097899962174, 39.282573000320376], [-121.22387900031073, 39.282441000295634], [-121.22876800039617, 39.282915000207055], [-121.23049900004978, 39.282982999896056], [-121.23271699977504, 39.282893000211764], [-121.23378800000287, 39.28285099994862], [-121.23785299973272, 39.28372700032009], [-121.24014599980109, 39.28399699998313], [-121.24257100011394, 39.28349500005637], [-121.24261299994672, 39.28347800026458], [-121.24460600043943, 39.282689999865696], [-121.24716399992339, 39.28104500027379], [-121.24868100021502, 39.27973600016936], [-121.24897400011798, 39.27949499990562], [-121.24901400030096, 39.27946300030744], [-121.25011300011786, 39.27856099975271], [-121.25103700003258, 39.278147000258194], [-121.25106999964454, 39.27813199974684], [-121.25113400011696, 39.278107999756465], [-121.25119799969107, 39.27808399975782], [-121.25272300037862, 39.27751800030448], [-121.25562099962119, 39.27681299984738], [-121.25964299969331, 39.275739000171505], [-121.26054499986672, 39.275519000318354], [-121.26336299964167, 39.274832999697644], [-121.26547499996006, 39.27321900025592], [-121.26613199991108, 39.27271700028274], [-121.26691100006084, 39.2716089999365], [-121.26680300010581, 39.270920999889995], [-121.26643700040795, 39.26858499980526], [-121.26568500002234, 39.26735000002187], [-121.26527099974557, 39.266670000035475], [-121.26388999989634, 39.26565899988897], [-121.26380200003278, 39.26559399974239], [-121.26237599997773, 39.26455200005712], [-121.26173200044549, 39.26315500022849], [-121.2610350003115, 39.26164300031121], [-121.26033900000239, 39.26013099977464], [-121.26013099958993, 39.259679999977116], [-121.25965000026432, 39.25802899992218], [-121.25942099993546, 39.257242999657265], [-121.2591919996066, 39.256456000067594], [-121.25918199956087, 39.25642100032347], [-121.2596150001042, 39.2556480000498], [-121.26047999956941, 39.2548080000352], [-121.26076199960168, 39.25471899991105], [-121.26204799991467, 39.25431399981876], [-121.26242000035867, 39.25419700019126], [-121.26333500005256, 39.253909999761], [-121.26367999983405, 39.253800999682454], [-121.26406099960056, 39.25383799991957], [-121.26579800000025, 39.25400400025429], [-121.26817599955912, 39.25336600005547], [-121.2693010002136, 39.2521230002183], [-121.26942400023724, 39.251495000033565], [-121.26951799994859, 39.25101400022467], [-121.26945600002429, 39.24989500011831], [-121.26920199958107, 39.24913000030681], [-121.26885400032486, 39.24823599974637], [-121.26879700042346, 39.24794800028566], [-121.26863000001887, 39.247092999658605], [-121.26874600036983, 39.246336000270894], [-121.26892399974676, 39.24569200023213], [-121.2689410003635, 39.24533199983751], [-121.26894499966313, 39.24519299982837], [-121.26894600038636, 39.245076000287895], [-121.26894800003618, 39.244709999787254], [-121.2688020004463, 39.24199699988129], [-121.26879800024838, 39.24182699989811], [-121.26879700042346, 39.24174900019357], [-121.26878700037773, 39.24024999992205], [-121.26907899955742, 39.239867999838744], [-121.26908799977826, 39.239850999899595], [-121.26911200006772, 39.239803000131104], [-121.26914600040291, 39.23973799966747], [-121.26917099961894, 39.23968800023317], [-121.26929000034295, 39.239502999790155], [-121.26932200013, 39.23945300018837], [-121.26940900016864, 39.239322000144405], [-121.26949399965912, 39.23918600015328], [-121.26984500018675, 39.23870800023114], [-121.27022500012832, 39.23833499981407], [-121.2705690000849, 39.23799899974582], [-121.27072899991849, 39.23776999993058], [-121.27080300043666, 39.23769299971236], [-121.27147200008324, 39.23701099975602], [-121.27162900044209, 39.236881999691015], [-121.27192900001774, 39.23663899989517], [-121.27247600036391, 39.23619299990098], [-121.27249999975504, 39.236174000078506], [-121.27317000012486, 39.235538000196165], [-121.27322500037647, 39.23549000025986], [-121.27383700012162, 39.23495700018125], [-121.27400799982587, 39.2347390000829], [-121.27414799956796, 39.23456300000728], [-121.2743400000869, 39.234122000100584], [-121.27444600039209, 39.23395799977217], [-121.27487200036443, 39.23329100006192], [-121.27496699990067, 39.23313000023763], [-121.27540000044405, 39.232404000089005], [-121.27548400010963, 39.23226199981233], [-121.27554400038409, 39.232176000004884], [-121.2755889996916, 39.23211299993337], [-121.27607599976334, 39.23141799976488], [-121.27699999967805, 39.23075100026469], [-121.27730199980185, 39.23059800026576], [-121.2777550004367, 39.23037099980738], [-121.27833000037195, 39.23034299975825], [-121.27841200038772, 39.23035299972739], [-121.27864599984113, 39.230343999685616], [-121.27876600039005, 39.23034099990341], [-121.27931000036317, 39.230480000116096], [-121.27952999957287, 39.230537000018586], [-121.27952799992306, 39.23049000006572], [-121.27952799992306, 39.23038700002929], [-121.27952799992306, 39.23034500030882], [-121.27952999957287, 39.22976900011541], [-121.27953200012104, 39.22957800033028], [-121.27953299994596, 39.22886099985039], [-121.27953600031898, 39.22670999969021], [-121.2795370001439, 39.22599299983235], [-121.27953799996882, 39.22507900010765], [-121.27954200016677, 39.22233899989151], [-121.27954399981661, 39.22142599996298], [-121.27954399981661, 39.22121199981614], [-121.2795449996415, 39.22057299983668], [-121.27954600036475, 39.220359999942865], [-121.27954600036475, 39.22010800003765], [-121.27954700018964, 39.219355000017934], [-121.27954800001453, 39.219104000072406], [-121.27954899983945, 39.217951000344605], [-121.27955499968726, 39.21449200029816], [-121.2795570002354, 39.213340000168216], [-121.2795570002354, 39.21332099972675], [-121.2795570002354, 39.21319199996327], [-121.2795570002354, 39.21306199978926], [-121.2795589998852, 39.211640000246376], [-121.27956800010604, 39.206543000062815], [-121.27957200030399, 39.20485699976874], [-121.27957399995383, 39.204161999816044], [-121.27957399995383, 39.2038579997382], [-121.27957399995383, 39.20370000014902], [-121.27957599960364, 39.203244000020135], [-121.27957599960364, 39.20316900014138], [-121.27957700032688, 39.20299399988081], [-121.27957700032688, 39.20229499967855], [-121.2795809996265, 39.200201000176776], [-121.27958399999956, 39.199500999661595], [-121.27958300017464, 39.19903499986902], [-121.2795859996494, 39.19762899968367], [-121.27958800019753, 39.19716000019744], [-121.27958800019753, 39.197028999881056], [-121.27958900002243, 39.196639000081156], [-121.27958999984733, 39.196508999898846], [-121.27959099967225, 39.1955630003467], [-121.27959700041835, 39.19272699999477], [-121.27959900006819, 39.19177500027287], [-121.27960099971799, 39.19075999990448], [-121.27960200044122, 39.18938099970738], [-121.27960300026614, 39.189232000026244], [-121.27960499991596, 39.18817899997123], [-121.27960599974088, 39.18803600022548], [-121.27960599974088, 39.187891999656756], [-121.27960599974088, 39.1877379997181], [-121.2796149999617, 39.182784999888604], [-121.27961599978661, 39.18218200031858], [-121.27961999998456, 39.17978199986428], [-121.27961900015967, 39.17925200010438], [-121.2796219996344, 39.17766399979394], [-121.2796219996344, 39.17752100024335], [-121.27962300035762, 39.177376999720224], [-121.27962300035762, 39.177277999711755], [-121.27962300035762, 39.17717900026029], [-121.27962300035762, 39.177135000072475], [-121.2796219996344, 39.17703299975272], [-121.27962400018254, 39.17672799998921], [-121.27962599983235, 39.176621999791294], [-121.27962699965728, 39.17552599975502], [-121.27963099985523, 39.17355700010501], [-121.27963199968012, 39.17345500016593], [-121.27963099985523, 39.1733129997586], [-121.27963099985523, 39.17321500034016], [-121.27963199968012, 39.17311700008871], [-121.27963300040335, 39.17222500014799], [-121.2796359998781, 39.171126000298976], [-121.27964000007607, 39.17077699999643], [-121.27963800042625, 39.1701540001418], [-121.27963900025115, 39.1700660000003], [-121.27964400027402, 39.16723799985422], [-121.27964599992386, 39.16626699973305], [-121.27964699974875, 39.16548900024655], [-121.27965199977162, 39.16315800016934], [-121.27965400031975, 39.162380999926455], [-121.27965400031975, 39.161910000248255], [-121.27965699979448, 39.16050099991065], [-121.2796579996194, 39.16003099971844], [-121.27966199981736, 39.15772599980744], [-121.27967500023615, 39.150814000179594], [-121.27968000025905, 39.14850999967107], [-121.27968100008394, 39.147464999821885], [-121.27968799975665, 39.14433200005498], [-121.27969000030478, 39.143516000145254], [-121.27969000030478, 39.143287999955135], [-121.27968699993173, 39.14280799985443], [-121.27967799971091, 39.14136999972059], [-121.27967600006107, 39.14089100028372], [-121.27967299968802, 39.14032600028299], [-121.27967500023615, 39.13913799991761], [-121.27968399955867, 39.13388000022305], [-121.27968699993173, 39.13212800012746], [-121.27970399965015, 39.130019000287774], [-121.27974600038128, 39.12489399965817], [-121.27975899990176, 39.12369200024266], [-121.27978400001611, 39.121584000155856], [-121.27978099964305, 39.12064599974302], [-121.27977200032055, 39.11783299967405], [-121.27976999977241, 39.11697000010858], [-121.27976999977241, 39.11689600034673], [-121.27976499974952, 39.11548400024881], [-121.27975300005397, 39.11125400023304], [-121.279748999856, 39.109845000046725], [-121.27974700020619, 39.10966400021908], [-121.27974600038128, 39.10912100003826], [-121.27974600038128, 39.10895699999673], [-121.27974600038128, 39.10894100000624], [-121.27973600033552, 39.10556999969706], [-121.27971500041913, 39.098595999844925], [-121.27970600019829, 39.095458000296205], [-121.27969699997746, 39.09208799994714], [-121.2796910001297, 39.091772000188655], [-121.27968699993173, 39.09145599971146], [-121.27967900043411, 39.09098299999405], [-121.27967799971091, 39.09083100022647], [-121.27967799971091, 39.09051899971397], [-121.27967600006107, 39.09033299993163], [-121.27967600006107, 39.089777000101606], [-121.279676999886, 39.08959300013058], [-121.27966900038838, 39.08646100016396], [-121.27966199981736, 39.08372000024232], [-121.2796500001218, 39.07908999998364], [-121.27964400027402, 39.07477799993604], [-121.2796359998781, 39.07379400004763], [-121.27963099985523, 39.07222600026258], [-121.2796140001368, 39.06566400015689], [-121.27960800028902, 39.063018000234074], [-121.27960499991596, 39.06150200004249], [-121.27959800024327, 39.05728699977002], [-121.27959700041835, 39.05639699995313], [-121.27958999984733, 39.05444800003115], [-121.27958399999956, 39.052272000086944], [-121.27957200030399, 39.048605000101965], [-121.27957099958077, 39.04813900004118], [-121.27956800010604, 39.04672500009728], [-121.27956700028112, 39.046658000207195], [-121.27955999971012, 39.0443650001114], [-121.27954299999169, 39.037486999680524], [-121.27953899979371, 39.035195999685655], [-121.27953600031898, 39.035079000217614], [-121.27953499959577, 39.034912999846725], [-121.27953200012104, 39.03473300023976], [-121.27953200012104, 39.034630000270035], [-121.27953299994596, 39.03461799984381], [-121.2794180003182, 39.0345880001648], [-121.27924599989078, 39.03456900029172], [-121.27837800005253, 39.03447500007333], [-121.27833600021974, 39.03447099969008], [-121.27808799962432, 39.03447999967981], [-121.27757600033655, 39.03449599981374], [-121.27706300032557, 39.034512999864894], [-121.27693500027905, 39.03451700024572], [-121.27638600028304, 39.03436800003627], [-121.27632699983351, 39.03435199987335], [-121.27582100039352, 39.034214999812754], [-121.27562800004966, 39.034200000238144], [-121.27483200018148, 39.03413799996258], [-121.27421299986527, 39.03400300004092], [-121.2738920003732, 39.03385799986365], [-121.2738279999008, 39.03387400013842], [-121.27343600026364, 39.03402800033015], [-121.27304399972816, 39.03418300011175], [-121.27262199995378, 39.03376500002647], [-121.27233300024876, 39.03352300016918], [-121.27219900035448, 39.03345700025455], [-121.27199500013998, 39.03338499996029], [-121.27191800014708, 39.033325000240445], [-121.27177699968176, 39.033137999798406], [-121.27144600014397, 39.03261599975216], [-121.27139000006747, 39.0325560000773], [-121.27129800000598, 39.03248999995739], [-121.27108700011878, 39.03239699971555], [-121.27096099972206, 39.032314000266794], [-121.27084100007147, 39.03219299970184], [-121.27071399984986, 39.032110999968275], [-121.27053800012277, 39.03205600034042], [-121.27043299964248, 39.032045000130616], [-121.27034800015197, 39.032049999909006], [-121.27028500040281, 39.03208299983323], [-121.26991100030897, 39.03240699992], [-121.26986199990517, 39.03243499992673], [-121.26972800001087, 39.03246699972141], [-121.26969299985076, 39.03248900000799], [-121.26944599997856, 39.03275300012145], [-121.26934800006926, 39.03282399971939], [-121.26920699960397, 39.032845999894775], [-121.26896099955668, 39.0327689999486], [-121.26870000033905, 39.03264299972881], [-121.26853799995736, 39.03253800030443], [-121.26832700007016, 39.032378999902235], [-121.26792600021219, 39.03202199974981], [-121.26753200002689, 39.03170900025523], [-121.26740499980525, 39.031647999849], [-121.26722200040548, 39.031631999768024], [-121.26715899975797, 39.03159900033103], [-121.26696899978717, 39.03143400012381], [-121.26663099967838, 39.031077000082504], [-121.26655399968548, 39.03093999995336], [-121.26641300011848, 39.0308020002832], [-121.26615299982748, 39.03062599987801], [-121.26611000016976, 39.03053299997465], [-121.2659839997731, 39.03037899984301], [-121.2658499998788, 39.03030799988225], [-121.2656740001517, 39.03025800015218], [-121.26541399986068, 39.03024199975653], [-121.26522999973767, 39.03026400003789], [-121.264970000345, 39.03032400026296], [-121.26484999979607, 39.03033500004285], [-121.26468099974169, 39.03027999973073], [-121.26453299960367, 39.03027999973073], [-121.2644280000217, 39.0302520002659], [-121.2642310003782, 39.03015899987036], [-121.26417399957846, 39.030142000167515], [-121.2639280004295, 39.030152999975726], [-121.2638510004366, 39.03013099965981], [-121.26378000029149, 39.03009300030333], [-121.26356900040429, 39.030075999886776], [-121.263323000357, 39.02998299995749], [-121.26275900029239, 39.02969100027718], [-121.26232999994699, 39.02956500015246], [-121.26201299975457, 39.02948200016912], [-121.2616679999731, 39.02930099999355], [-121.26145000041322, 39.029251000248905], [-121.26102100006779, 39.02924000030031], [-121.2609220003336, 39.02922899965222], [-121.26074599970819, 39.029157999931925], [-121.26052099957731, 39.029125000037645], [-121.26028899977368, 39.02913500000722], [-121.2601690001231, 39.029156999935374], [-121.25986600017438, 39.02923400032767], [-121.25979599985419, 39.02924000030031], [-121.25928899969098, 39.02936000034461], [-121.25925299970598, 39.02936000034461], [-121.25914800012399, 39.02939300012917], [-121.25903500014607, 39.029404000053894], [-121.25871100028098, 39.02949700004725], [-121.25855599957198, 39.029518999862674], [-121.25847899957908, 39.02950799995579], [-121.25835200025578, 39.02947500022492], [-121.25826799969188, 39.02943699981791], [-121.2579229999104, 39.029177999860316], [-121.25785199976526, 39.02911200007509], [-121.25772600026689, 39.028898000347404], [-121.2576840004341, 39.0287940002458], [-121.2576979997795, 39.02865099985627], [-121.25774700018331, 39.0284809997146], [-121.25772600026689, 39.02838199973517], [-121.25766299961938, 39.028315999904464], [-121.2575079998087, 39.02819000011994], [-121.2572969999215, 39.02808000030167], [-121.25701499988921, 39.02801400018897], [-121.2565860004421, 39.027964000231755], [-121.25636100031122, 39.027953000082874], [-121.25610699986798, 39.02792000032387], [-121.2560580003625, 39.02792499969622], [-121.25528000003766, 39.02783199972805], [-121.2551350002727, 39.027793999833435], [-121.2547910003161, 39.027755999918384], [-121.25437200001646, 39.02772500010112], [-121.2541579997562, 39.02766399974561], [-121.25386800022632, 39.02764500010458], [-121.25336500026104, 39.02765999967468], [-121.253249999735, 39.02767199988674], [-121.252776999907, 39.027793999833435], [-121.25267800017278, 39.0278019999599], [-121.25106700016983, 39.028621999742], [-121.24967600027486, 39.028922999651186], [-121.24897099974494, 39.02867099992813], [-121.24817999989962, 39.028192000140436], [-121.24829600025055, 39.027711999881014], [-121.24803099993669, 39.026888999923905], [-121.2479129999359, 39.026111999900216], [-121.24676800008825, 39.02485500028842], [-121.24626900032095, 39.02446699996725], [-121.24538999971375, 39.02419300033888], [-121.2449200002588, 39.023942999945014], [-121.24400899986458, 39.02293700018775], [-121.24320200012569, 39.022719000258164], [-121.24282100035917, 39.02267499987709], [-121.24268900011471, 39.022580999891254], [-121.241949000323, 39.02205300015742], [-121.2418360003451, 39.02200799996208], [-121.24175500015423, 39.02197699971778], [-121.24136900036486, 39.02171299983313], [-121.24121899967871, 39.02155599971447], [-121.24112499996738, 39.02145699980717], [-121.24096500013383, 39.021374000074125], [-121.24084799995795, 39.02139799983878], [-121.2406839999264, 39.02143300006255], [-121.24041299976476, 39.02168100005504], [-121.23985600027116, 39.022166999965826], [-121.23941500023021, 39.022522000162944], [-121.23936699965131, 39.022562000279834], [-121.23903100009066, 39.02291900005896], [-121.2385919996995, 39.023455000224494], [-121.2384720000489, 39.02357599969705], [-121.23832399991089, 39.023769000053576], [-121.23813399994012, 39.023899999698834], [-121.23801500011443, 39.02395500009024], [-121.2376700003329, 39.0240490003428], [-121.237261000079, 39.0240990002778], [-121.23683900030463, 39.02413199972698], [-121.23676899998442, 39.02414800010995], [-121.2367329999994, 39.02414800010995], [-121.23648000027941, 39.02417599989907], [-121.23638800021791, 39.02414800010995], [-121.23621599979045, 39.02408500002043], [-121.23595800004759, 39.02407600010275], [-121.23562699961148, 39.02412800015407], [-121.23541900009734, 39.02422200017661], [-121.23511600014864, 39.0243019998598], [-121.23486300042865, 39.02436900001334], [-121.23459700028988, 39.02442099984914], [-121.23378600035306, 39.02458400025421], [-121.23350599997057, 39.02467700030836], [-121.23338600031998, 39.02474300004743], [-121.2332480002277, 39.02474800034237], [-121.23293299968513, 39.02466699970809], [-121.23282999975297, 39.02460999974884], [-121.2328110003847, 39.024598999775954], [-121.23275399958496, 39.02456599984687], [-121.23273500021672, 39.024555999928744], [-121.23269900023172, 39.024511999993166], [-121.23265200037604, 39.024450000291175], [-121.23244599961342, 39.02417699996609], [-121.23239499955977, 39.02414199970504], [-121.23228400013001, 39.02406700018388], [-121.2317839996395, 39.02393400000927], [-121.23125899993296, 39.02381100030721], [-121.23067200030212, 39.02354199991229], [-121.23039600011761, 39.023364000115656], [-121.23006100038185, 39.02314899965382], [-121.22998199984082, 39.02307499985975], [-121.22987399988578, 39.022973999817765], [-121.22975500006008, 39.02286400025737], [-121.22955000002068, 39.0226729997005], [-121.22944299989057, 39.02257299987181], [-121.22935900022497, 39.022494999809545], [-121.22894300029837, 39.02209800032416], [-121.2285039999072, 39.02157500029416], [-121.22842100006655, 39.02147599971555], [-121.22732899992234, 39.02004799971985], [-121.22703400036954, 39.0196619997994], [-121.22666899959826, 39.019092999800485], [-121.22624599999894, 39.018587000267566], [-121.2256159998121, 39.017804000181734], [-121.2251580000527, 39.017045000344964], [-121.22475499964659, 39.01651200026901], [-121.22403699959617, 39.015546000067346], [-121.22337100032262, 39.0145820003366], [-121.22305800032818, 39.014114000220864], [-121.22288800044885, 39.0136069997414], [-121.2225600003858, 39.0129430001155], [-121.22220499966025, 39.012316000160716], [-121.22199799997102, 39.01207400016084], [-121.22178700008382, 39.01196199991521], [-121.2217639996193, 39.01195799965386], [-121.22146400004364, 39.01190699996644], [-121.22098600019274, 39.01177699998106], [-121.22058799980947, 39.011755999773094], [-121.22008700039238, 39.01178499982597], [-121.21945300000758, 39.01201099978271], [-121.21908200028678, 39.0121240001883], [-121.21854900018432, 39.0121869997677], [-121.21837599993196, 39.01220700030938], [-121.21832099968039, 39.01222199966494], [-121.21765299985867, 39.012411000066976], [-121.21743100010085, 39.012475000321324], [-121.21706600022785, 39.01257799976923], [-121.21694800022708, 39.012610999709736], [-121.21633200028393, 39.012768000146345], [-121.21499300026751, 39.01278400030905], [-121.21443800042373, 39.012732000290434], [-121.21406599997974, 39.012777000107434], [-121.21375700018326, 39.01290199991428], [-121.21351600015882, 39.01291999980126], [-121.21322099970773, 39.01286499989957], [-121.21301900004137, 39.01279000028189], [-121.212372999961, 39.012331999727714], [-121.2120420004232, 39.01219599980278], [-121.21094000023324, 39.01199200012304], [-121.20984700026413, 39.011975000239474], [-121.20955199981303, 39.011934000175096], [-121.20929099969712, 39.01199500014309], [-121.20887099957254, 39.0121259999653], [-121.20826800004821, 39.01215300009028], [-121.207656000303, 39.012128999979666], [-121.20738000011848, 39.01207400016084], [-121.20707799999467, 39.011931999694646], [-121.20679099993949, 39.011891999846114], [-121.20644899963273, 39.011879000204566], [-121.20604799977475, 39.01185600024231], [-121.20591499970537, 39.01185099973357], [-121.2058200001691, 39.011909999990166], [-121.20566199998538, 39.01205499982002], [-121.20553099956582, 39.01229899965702], [-121.20539199964863, 39.012568999782815], [-121.20542199978587, 39.012827999865436], [-121.20548399971015, 39.01326500023964], [-121.20548100023542, 39.01348899991652], [-121.20542699980874, 39.013642000331835], [-121.20536599970936, 39.01375999990143], [-121.20535599966362, 39.01385900011603], [-121.205312000181, 39.01396500027675], [-121.2051919996321, 39.01410400022038], [-121.20512100038532, 39.01429800011681], [-121.20511100033956, 39.01441099966013], [-121.20508399967706, 39.0145030003285], [-121.20502299957768, 39.014619000151], [-121.20493300006433, 39.01471799986106], [-121.20491899982062, 39.01482000003069], [-121.20478599975124, 39.015532999701534], [-121.20467199994842, 39.01563299971583], [-121.20433100036486, 39.015743000056816], [-121.20294899979243, 39.0158779999559], [-121.20254399973649, 39.016135000121686], [-121.20241700041318, 39.01619400029405], [-121.20222999991714, 39.016282000022024], [-121.20200099958828, 39.01641899994365], [-121.20185400017347, 39.01650700008954], [-121.20133899961435, 39.0167019998481], [-121.20106900017592, 39.016790000339775], [-121.20083499982421, 39.01686799971642], [-121.20003099956007, 39.017083999903406], [-121.1995450002116, 39.01721600023572], [-121.19935400041587, 39.0172790001647], [-121.19921200012566, 39.01740200006363], [-121.19904200024635, 39.017540000070134], [-121.19887499984176, 39.017549000121875], [-121.19863999966513, 39.01748000016108], [-121.19844899986941, 39.01734700015797], [-121.19815799961628, 39.01705499992957], [-121.19796199979768, 39.01680299977658], [-121.1977440002378, 39.01667500006394], [-121.19769499983398, 39.01664700009594], [-121.19700699992083, 39.016505999913974], [-121.19663399965194, 39.01644599982557], [-121.19649800010782, 39.016437999809924], [-121.19616199964885, 39.016417000288044], [-121.19583000028614, 39.01633000020817], [-121.19527899974199, 39.01615400006427], [-121.19481799960954, 39.015962000042244], [-121.1946240003391, 39.01589999982199], [-121.19444600006388, 39.01584299977414], [-121.19393700025084, 39.015770000196845], [-121.19352799999692, 39.01570399975878], [-121.19307699991023, 39.0156699996783], [-121.19265400031091, 39.015631000038], [-121.19228100004202, 39.01553200021017], [-121.19193899973526, 39.01534299977333], [-121.19159800015173, 39.015076999853726], [-121.19125099982207, 39.01477900021968], [-121.19089000014704, 39.01450799995174], [-121.19050099998465, 39.01422500034055], [-121.19025300028753, 39.01401599987603], [-121.18978399975911, 39.013574000265635], [-121.1895129995975, 39.013398999763886], [-121.18938799992401, 39.013319000307675], [-121.18901999967798, 39.013030999701066], [-121.1885550002459, 39.012741999786904], [-121.18852900030663, 39.012732000290434], [-121.18811400020495, 39.0125730000096], [-121.1877960001876, 39.01250599984563], [-121.18773000006539, 39.012490000317996], [-121.18741899972076, 39.01250500031154], [-121.18737000021525, 39.012508000309836], [-121.18679799975475, 39.01271300012639], [-121.18637000013256, 39.012866999655614], [-121.1863530004141, 39.01288200026715], [-121.18611400003951, 39.01310400001182], [-121.18607700022959, 39.01313999967839], [-121.18466899971787, 39.014665999868456], [-121.18457500000656, 39.014771000015436], [-121.18399699969825, 39.01541500029841], [-121.18338699960289, 39.015881999995514], [-121.18287600014004, 39.016307999777894], [-121.18247100008406, 39.01657900012742], [-121.18192799993587, 39.01694400006424], [-121.18134100030501, 39.017111999698365], [-121.1812559999162, 39.01713900001364], [-121.18108699986183, 39.017281999960474], [-121.18091799980739, 39.017468999776725], [-121.18088299964728, 39.017579000053466], [-121.18089000021831, 39.01765500033507], [-121.18089600006607, 39.01781200004284], [-121.18083400014181, 39.01809300034761], [-121.18069299967651, 39.018443000020035], [-121.1803189995827, 39.01890899981823], [-121.17979899989899, 39.019518999780274], [-121.17962099962378, 39.01972699990281], [-121.1793849996222, 39.01995100004837], [-121.17925199955282, 39.02000399977026], [-121.1790289999701, 39.02002199994328], [-121.17822899990391, 39.02005300034686], [-121.17781899982509, 39.020057000150295], [-121.1773960002258, 39.01999600015716], [-121.17694400031415, 39.019729000162755], [-121.17641299986151, 39.019470999665124], [-121.17615799959339, 39.01936399994541], [-121.1756160001684, 39.01917700025524], [-121.17548300009899, 39.019131000184714], [-121.17504700008094, 39.01905399995422], [-121.1746870002308, 39.01898299978521], [-121.17434199955099, 39.01890200022292], [-121.17419799961095, 39.01883999978872], [-121.17394900008891, 39.01851600032758], [-121.1737499998973, 39.01840499996395], [-121.17330100035873, 39.01841699965322], [-121.17311399986264, 39.01842199969769], [-121.17291700021917, 39.018464999786], [-121.1726240003162, 39.01852799999807], [-121.17221000003941, 39.01870600010544], [-121.17167600011203, 39.01890899981823], [-121.17124299956866, 39.01900000007793], [-121.17068699989998, 39.019153999874746], [-121.17002599975099, 39.01945199991588], [-121.16953299983149, 39.01970499983156], [-121.16906699967619, 39.01996900023489], [-121.16845400010607, 39.02030600020576], [-121.16812500021811, 39.020511999869086], [-121.16797899972993, 39.02077600005089], [-121.16772099998707, 39.0211019998457], [-121.16740999964243, 39.02127100017744], [-121.16695000023321, 39.021588999652764], [-121.1665970000558, 39.021726999862324], [-121.16650800036734, 39.02176099982205], [-121.16625700029716, 39.02179499976536], [-121.16586999978459, 39.02170800002145], [-121.16558799975225, 39.02173000016736], [-121.16550499991159, 39.02175499991243], [-121.16512499996998, 39.021875000101296], [-121.16471800026422, 39.02202600032282], [-121.16420000023034, 39.0221859996834], [-121.16377799955764, 39.02238999996558], [-121.16355199960184, 39.02252800000746], [-121.1634229997304, 39.022661000035626], [-121.16335900015629, 39.02285600027001], [-121.16313499985031, 39.02319399982085], [-121.16292399996313, 39.02353199984937], [-121.16262199983932, 39.023945000085675], [-121.16232899993638, 39.024226999810544], [-121.16196999991116, 39.02442800029385], [-121.16173999975742, 39.024446000038424], [-121.16150399975585, 39.024441999785395], [-121.1612679997543, 39.0244219999127], [-121.16071200008561, 39.02454299982377], [-121.1603820003727, 39.024674000128435], [-121.16007799970079, 39.0248859999686], [-121.15984500007228, 39.02502299996831], [-121.15959999984992, 39.02507299991224], [-121.15901599969379, 39.02506400012035], [-121.15883599976875, 39.025051000108746], [-121.15839499972778, 39.0248859999686], [-121.15816600029723, 39.02488800008259], [-121.15737000042903, 39.02517900001137], [-121.15677500040229, 39.02557699968911], [-121.15652799963178, 39.02600100029629], [-121.15638600023986, 39.02612899987449], [-121.15621100033768, 39.02614799992296], [-121.15561499958771, 39.02608999972224], [-121.15540000040087, 39.026091999802155], [-121.15483200013831, 39.026283000193864], [-121.15442200005944, 39.02638000025], [-121.15406100038443, 39.026396000124166], [-121.15379500024565, 39.026445999794824], [-121.15322100013529, 39.02660500028499], [-121.15248600036645, 39.02678799974816], [-121.15229600039568, 39.02689900020982], [-121.15212499979312, 39.02704299998329], [-121.15203600010469, 39.02726399990817], [-121.1519110004312, 39.02751099966336], [-121.15154200036025, 39.02805399998971], [-121.15146700001719, 39.02816599986968], [-121.15141199976559, 39.028402999890424], [-121.151404000268, 39.02871700007202], [-121.1514489995755, 39.02913000002261], [-121.15156999994936, 39.029538999688924], [-121.15158599984288, 39.02971500000962], [-121.15159199969068, 39.029777999966335], [-121.15157800034525, 39.03004299972327], [-121.1514250001844, 39.03031699970432], [-121.15095400000621, 39.03076499986569], [-121.1507859997767, 39.030946999752466], [-121.15075300016474, 39.03114200015785], [-121.15066199992816, 39.03143300015942], [-121.1504619999116, 39.0316570001982], [-121.15032600036749, 39.03205700029599], [-121.15014100041954, 39.03222700021024], [-121.14976099957964, 39.03239499981409], [-121.14932600028477, 39.032560999819545], [-121.14871199999146, 39.03264900010991], [-121.14812399963739, 39.03278099999104], [-121.14723099968481, 39.0329069999648], [-121.14650199976377, 39.03316700015314], [-121.14637999956503, 39.03318199994695], [-121.1460409996313, 39.03322500012905], [-121.14545200035064, 39.03341099970672], [-121.14483399985937, 39.03366100010859], [-121.14440399968905, 39.03388200027449], [-121.14377100002747, 39.03418599988808], [-121.14306499967263, 39.03458700024503], [-121.14261199993612, 39.034894000061065], [-121.14217500009309, 39.035126000289594], [-121.14179599997644, 39.03528199966613], [-121.14142199988262, 39.0357540002268], [-121.14090700022182, 39.03630900016454], [-121.1399930003528, 39.037215999933046], [-121.13955399996166, 39.0375019999529], [-121.13944199980865, 39.03754500029735], [-121.13892200012502, 39.03774199969107], [-121.13857099959739, 39.03780400029332], [-121.13797899994371, 39.037911000011846], [-121.13739700033575, 39.0378579997607], [-121.13670600004954, 39.03770599999163], [-121.13615899970334, 39.03732899982796], [-121.1360080000906, 39.03723200014526], [-121.13523999981149, 39.03674099970147], [-121.1351340004046, 39.03667300022087], [-121.13503099957413, 39.036564000239665], [-121.13446499985969, 39.03596399982956], [-121.13441700017911, 39.03591300001333], [-121.13437699999614, 39.03571299999569], [-121.13425700034554, 39.0351190002066], [-121.13410599983447, 39.03493500006963], [-121.13390699964283, 39.034690000277436], [-121.13337799973834, 39.03437600011636], [-121.13275000009962, 39.034249000046096], [-121.13212499993566, 39.034239000102296], [-121.13179199984974, 39.0342169996627], [-121.1314310001747, 39.034194999914114], [-121.1309580003467, 39.0342809997172], [-121.13075099975913, 39.034064999737176], [-121.13027299990823, 39.03373200018991], [-121.12993399997454, 39.03341200034089], [-121.12963299967562, 39.033223000250985], [-121.12943500020725, 39.03318399982619], [-121.1290939997254, 39.033116999654446], [-121.12835899995656, 39.033051000058464], [-121.12741599977525, 39.03294899967352], [-121.12674600030375, 39.03278800030563], [-121.12658700029509, 39.03275100023003], [-121.12606099986535, 39.03266200011971], [-121.1258280002368, 39.03265800033163], [-121.12560399993083, 39.032629999715496], [-121.1253200002487, 39.03258200012872], [-121.12515799986699, 39.03248600015959], [-121.12509900031577, 39.03245099982585], [-121.12493600010916, 39.03210300032958], [-121.12498700016276, 39.03193999981778], [-121.12521499976842, 39.031710000215675], [-121.1255600004482, 39.03148600034487], [-121.12584199958222, 39.031304999718834], [-121.12606000004043, 39.031200999669885], [-121.12615399975174, 39.03111700024327], [-121.12629500021704, 39.03103799986905], [-121.12643199958607, 39.03087800030684], [-121.12654799993703, 39.03068499982085], [-121.12668500020439, 39.030474999882905], [-121.12677499971777, 39.03023799983149], [-121.12678399993858, 39.03013800023688], [-121.12679499980923, 39.030011000226715], [-121.12667400033372, 39.029601999802566], [-121.12638499973042, 39.029195999791085], [-121.12605800039057, 39.029038000242515], [-121.12581900001598, 39.02899700030196], [-121.12559899990796, 39.02893800034574], [-121.12543900007438, 39.02893600034635], [-121.12508300042224, 39.02900600029096], [-121.12485900011626, 39.02907100017741], [-121.12470000010758, 39.02905500021089], [-121.12447300032686, 39.02894100034469], [-121.12423999980005, 39.02868799998477], [-121.12396000031588, 39.028358000247906], [-121.12381499965262, 39.02814799967661], [-121.1235119997039, 39.027860000151556], [-121.12342300001544, 39.02756099994102], [-121.12333199977886, 39.02698599984633], [-121.12336699993894, 39.02630799972465], [-121.12334000017478, 39.02583000001833], [-121.12325399996105, 39.025406999830864], [-121.1232790000754, 39.025268999825975], [-121.12327099967948, 39.02517799995853], [-121.12319299986169, 39.02443099978632], [-121.122665999607, 39.02416100028757], [-121.12256000020008, 39.0241510003122], [-121.12211599978608, 39.024143999840064], [-121.12147700027671, 39.02417499983204], [-121.12128099955983, 39.02422000004383], [-121.12095300039508, 39.02422200017661], [-121.12083100019633, 39.02413700006514], [-121.12066200014195, 39.02383000028085], [-121.12046899979806, 39.02339100013717], [-121.12028800004813, 39.0229079998229], [-121.12014999995586, 39.02254199987526], [-121.11991499977921, 39.02204700027264], [-121.11949700020278, 39.0214449999359], [-121.11922299966811, 39.0211480000297], [-121.11905699998673, 39.02096800026183], [-121.11848600024942, 39.02042600006232], [-121.11806799977468, 39.02010700011687], [-121.11767399958936, 39.01996300017326], [-121.11702300038445, 39.01974500014636], [-121.11612100021104, 39.01915700028892], [-121.11541300020637, 39.01877199983534], [-121.1151339996488, 39.018601000217856], [-121.11477299997378, 39.018505000104405], [-121.11409900030431, 39.018493999879524], [-121.11350000007961, 39.018346000240484], [-121.11244700029346, 39.01792800002086], [-121.11184999971857, 39.01772500028338], [-121.11158000028013, 39.01772000018968], [-121.11118000024705, 39.01775500014035], [-121.11064499959646, 39.01785700011706], [-121.11002899965331, 39.0180200003013], [-121.10945700009108, 39.01817699989655], [-121.10908399982218, 39.01821899998258], [-121.10887999960767, 39.01820899986463], [-121.10827399971025, 39.01798499978389], [-121.10814099964088, 39.017898999695205], [-121.107698999775, 39.017615999695686], [-121.10749000043593, 39.017293999840376], [-121.10709600025064, 39.01677600003097], [-121.10677300021047, 39.016597999950704], [-121.10660300033116, 39.016516000272766], [-121.10623900028308, 39.01633999989389], [-121.1061010001908, 39.01618600024995], [-121.1060090001293, 39.01595600033853], [-121.10598999986271, 39.01550600016894], [-121.1059880002129, 39.01544400024686], [-121.105903999649, 39.01475100019893], [-121.10591100022, 39.01448100002786], [-121.10597700034225, 39.01402599988895], [-121.10599200041085, 39.01378400015655], [-121.10592399974048, 39.01334700019741], [-121.10585000012063, 39.01311599990272], [-121.10576800010489, 39.01286000016017], [-121.10549600011832, 39.012427000310495], [-121.10513200007024, 39.01211699992132], [-121.10504800040465, 39.01208699976651], [-121.10471199994565, 39.01196799995778], [-121.10424699961526, 39.01185000019022], [-121.10411299972095, 39.01181699989463], [-121.10401399998676, 39.011801999755214], [-121.1035119998464, 39.01171700006829], [-121.1027839997503, 39.01172600016312], [-121.10244099961862, 39.01174600013721], [-121.10238100024249, 39.011749000167704], [-121.10215799976139, 39.01176400031835], [-121.10199799992785, 39.01179599969855], [-121.10186300020861, 39.01185600024231], [-121.10157500032852, 39.012010000241624], [-121.10136899956588, 39.01209700005219], [-121.10124499971732, 39.01210199984552], [-121.10097100008093, 39.01206300033151], [-121.10077600008728, 39.01207299992257], [-121.10058699994138, 39.01218099974369], [-121.10022100024351, 39.01224399997039], [-121.10000699998324, 39.01231000014765], [-121.09966499967646, 39.0124840003197], [-121.09906299997704, 39.01277899986597], [-121.09862500030913, 39.012937999683665], [-121.09797500003079, 39.01309300034275], [-121.09792399997716, 39.01310599976111], [-121.09758300039361, 39.01324600021885], [-121.09728999959235, 39.01327599988196], [-121.09696200042758, 39.013284000255325], [-121.09682000013737, 39.013261000052], [-121.09667199999939, 39.01316199969827], [-121.09654300012795, 39.01301400006731], [-121.09653499973203, 39.01299799995658], [-121.09650100029516, 39.01279999977022], [-121.09648700005145, 39.01271199989721], [-121.09643900037086, 39.012424999843994], [-121.09640400021078, 39.012219999890654], [-121.0964000000128, 39.012209000084034], [-121.09638099974623, 39.01214599982622], [-121.096362000378, 39.01208300021024], [-121.09634200028648, 39.012019000299176], [-121.09637999992134, 39.01185000019022], [-121.09640300038586, 39.011649000245214], [-121.09636800022575, 39.011620999683174], [-121.09624600002704, 39.01152199982572], [-121.0959559995988, 39.01142799967066], [-121.09566400041908, 39.01140899985432], [-121.09531799991434, 39.01141699974086], [-121.09519700043883, 39.01143099971464], [-121.09501599979055, 39.01145399981515], [-121.09465799959027, 39.011586000186526], [-121.09405099986796, 39.0118739996975], [-121.09343199955175, 39.01216099989267], [-121.09277200012596, 39.01232299970994], [-121.09244900008578, 39.012456000088235], [-121.09210699977902, 39.012650999849626], [-121.09175399960162, 39.01289499972435], [-121.0914709997444, 39.013193999841874], [-121.0910899999779, 39.013526999822425], [-121.09091800044878, 39.013693000164054], [-121.09065300013486, 39.0139489996832], [-121.09027200036836, 39.014266999982006], [-121.08998100011523, 39.01437300022917], [-121.08973099986999, 39.01443199977771], [-121.08951999998278, 39.01443400018745], [-121.08950099971621, 39.01443499969426], [-121.08931800031642, 39.01428599972854], [-121.08919100009481, 39.013765999791474], [-121.08879699990952, 39.013548999721905], [-121.08869200032754, 39.01349199987306], [-121.08855300041034, 39.01341600000316], [-121.08809399992774, 39.01332599975763], [-121.08744100017468, 39.01320399997103], [-121.08693200036164, 39.01302299999709], [-121.08660599994842, 39.01294199988958], [-121.08630899984747, 39.01277800033574], [-121.08582699979864, 39.01241700007147], [-121.08547000032156, 39.01208000019392], [-121.08523000012207, 39.01185399975966], [-121.08468899962367, 39.01120199994497], [-121.08464799961577, 39.01115600027064], [-121.0841990000772, 39.01065400011951], [-121.08401499995419, 39.01056099976846], [-121.08373999959457, 39.010517999759934], [-121.08341499990458, 39.010467999993146], [-121.08300099962779, 39.010364000001985], [-121.08236200011844, 39.01006299995108], [-121.08158399979357, 39.00981499969571], [-121.0810790001785, 39.009807000326], [-121.08092900039065, 39.009763000286185], [-121.08080700019194, 39.00969899967182], [-121.08073000019904, 39.009580000033296], [-121.08067099974947, 39.00933500031134], [-121.0806420003355, 39.009212000341805], [-121.0805290003576, 39.00847699969227], [-121.08052000013676, 39.00819100019791], [-121.08051500011386, 39.008034000071675], [-121.08056699999241, 39.00772399997297], [-121.08060800000031, 39.00760299989905], [-121.08068300034337, 39.00738700007172], [-121.08066999992458, 39.00720700017716], [-121.0806299997416, 39.00706700033031], [-121.08034199986153, 39.00686200020423], [-121.07974500018496, 39.00681799972856], [-121.07945800012979, 39.00686099989226], [-121.07921100025756, 39.006898999869094], [-121.0789889996014, 39.006916000274636], [-121.0788680001259, 39.006880000232265], [-121.0787429995541, 39.006842999859394], [-121.07792599976949, 39.00656000029142], [-121.07776799958576, 39.006489999762344], [-121.07712900007638, 39.00620700017827], [-121.07644299981304, 39.00598900032608], [-121.07582600004497, 39.006012999727915], [-121.07545199995117, 39.00608300003094], [-121.07514800017755, 39.00618199982266], [-121.07483099998515, 39.006425000056716], [-121.07470600031168, 39.006478999762706], [-121.07447699998282, 39.00648700020685], [-121.07445699989134, 39.00648799982599], [-121.07428000033933, 39.006478999762706], [-121.07389299982673, 39.00637500018881], [-121.07348199992298, 39.00616800020606], [-121.07338700038673, 39.00611600020958], [-121.07329199995218, 39.0060649998001], [-121.07300800027005, 39.00591199974705], [-121.07291399966041, 39.00586099988851], [-121.07280900007844, 39.00580400012631], [-121.07178600042948, 39.00544800013132], [-121.07146000001626, 39.00538100019866], [-121.07140399993978, 39.005377999898016], [-121.07115799989249, 39.005368999693445], [-121.07074100014097, 39.0054100000731], [-121.07038499959049, 39.00543199970516], [-121.06943200026177, 39.00529199983565], [-121.06878799983122, 39.005176999710656], [-121.0686110002792, 39.00516000028335], [-121.06839500036914, 39.005268000189254], [-121.06826700032262, 39.00529999971602], [-121.06821700009391, 39.00531299986868], [-121.0679069995742, 39.00530800029352], [-121.06754599989918, 39.00537099966143], [-121.067266000415, 39.00556000022091], [-121.06699400042842, 39.00578399986817], [-121.06684200009246, 39.0058430002992], [-121.06668899993161, 39.005903000308486], [-121.06648100041744, 39.00607300029108], [-121.0660839998591, 39.006307999738], [-121.06586799994903, 39.00644300019599], [-121.06568899984889, 39.00648900014323], [-121.06543600012893, 39.006533000125486], [-121.06536800035684, 39.00654499973512], [-121.06521500019596, 39.00662600018831], [-121.06501600000433, 39.00677500023673], [-121.06467000039794, 39.00744700016746], [-121.06463500023781, 39.00751200033011], [-121.06459900025281, 39.007576999734965], [-121.06355999981204, 39.008651999808386], [-121.06338999993274, 39.00882000029436], [-121.06318800026636, 39.00895800029531], [-121.06287500027192, 39.00907700028226], [-121.06248799975934, 39.00925799988443], [-121.06238200035243, 39.009302999817756], [-121.06221900014582, 39.00937099980231], [-121.06216399989421, 39.00945999991936], [-121.06217899996284, 39.00954299967668], [-121.06222699964343, 39.00973700021809], [-121.06210799981773, 39.009840999735125], [-121.06193200009061, 39.00999900030616], [-121.06165300043135, 39.01013299973635], [-121.06142499992741, 39.01020800007755], [-121.06103999996297, 39.01020499998163], [-121.0600420004284, 39.01014500013134], [-121.05983599966575, 39.01013299973635], [-121.05945999992211, 39.010017000234], [-121.05933900044658, 39.009993000096536], [-121.05908699965319, 39.00994199969027], [-121.05875500029052, 39.00987499982595], [-121.05832900031817, 39.009807000326], [-121.05824399992935, 39.0097940003012], [-121.05807599969984, 39.00976699997364], [-121.05709700043187, 39.01006299995108], [-121.05666399988849, 39.010195000126465], [-121.05553900013233, 39.010237000067185], [-121.05404899960486, 39.01030100019473], [-121.05386899967979, 39.0103090002066], [-121.05361900033284, 39.01032000030872], [-121.0530309999788, 39.01038600018736], [-121.05292999969646, 39.01042100027784], [-121.05217499983614, 39.01068600000185], [-121.05160400009883, 39.01109200021874], [-121.05033799987734, 39.01199599968444], [-121.05009500020309, 39.0121680001553], [-121.04937899980254, 39.012674999783094], [-121.0490969997702, 39.012760999943104], [-121.04861999974422, 39.01290499989579], [-121.04814299971827, 39.01304999977968], [-121.04806900009842, 39.01307199982756], [-121.04802899991545, 39.01307700024991], [-121.04734900039819, 39.01315699997992], [-121.04669599974679, 39.0132349998738], [-121.04574599989283, 39.01325200015245], [-121.0451890003992, 39.01326200027341], [-121.04404399965325, 39.0133739998563], [-121.04369700022191, 39.01340899986406], [-121.04362000022904, 39.013417000222375], [-121.04333499982367, 39.013468999737384], [-121.04160800036806, 39.013791000258486], [-121.04127000025926, 39.01399700005701], [-121.04020900007718, 39.01464499982037], [-121.03980700039426, 39.014889999993564], [-121.0391479998951, 39.015292999927745], [-121.03815799985814, 39.0158980001517], [-121.03805900012392, 39.01595900019042], [-121.03732600000492, 39.0167339997858], [-121.03701700020845, 39.01755000028263], [-121.03702899990401, 39.01765500033507], [-121.03703999977466, 39.01776000023157], [-121.03712199979043, 39.01852099966704], [-121.03761700025808, 39.01963300018493], [-121.03777000041893, 39.02023200022761], [-121.03770599994652, 39.02071399986415], [-121.03769400025095, 39.02080499989442], [-121.03744599965552, 39.02100199988863], [-121.03550800031272, 39.022530000188155], [-121.03338099992568, 39.02516399991485], [-121.0331990003508, 39.025389000330975], [-121.03257699966157, 39.02638999991005], [-121.03106899959076, 39.02794900002829], [-121.03081000002297, 39.02944299977337], [-121.03009299979747, 39.03036600011105], [-121.02998499984247, 39.03079599974533], [-121.0299470002076, 39.03096000007539], [-121.0299110002226, 39.03100900003633], [-121.0299110002226, 39.031031000078954], [-121.0298969999789, 39.03123899982631], [-121.02954399980149, 39.03222600025711], [-121.02945699976284, 39.03257599974197], [-121.02950600016666, 39.032714000135044], [-121.02950399961851, 39.03282399971939], [-121.02943900021951, 39.03297500027817], [-121.02940900008227, 39.03313200015668], [-121.02946500015877, 39.033806999923094], [-121.02966099997737, 39.03470499974798], [-121.02967299967291, 39.034986999808], [-121.02986500019185, 39.03547799987963], [-121.03000300028413, 39.03598200012527], [-121.03009199997256, 39.03633299974291], [-121.03009500034564, 39.03643300034064], [-121.03009799982034, 39.03648499967445], [-121.03003300042134, 39.03662900015267], [-121.0300309998732, 39.03671100022597], [-121.03010000036848, 39.03677400022622], [-121.03030899970754, 39.03692699979353], [-121.03044699979982, 39.03706699983249], [-121.03039099972331, 39.03721099982238], [-121.03012600030776, 39.0374209999794], [-121.0299539998803, 39.03760400004589], [-121.02980800029046, 39.03780299972135], [-121.02957599958854, 39.03797899969659], [-121.0293060001501, 39.03820899982805], [-121.0290099998741, 39.038427000129225], [-121.02868099998614, 39.03851900024654], [-121.02834299987732, 39.03859799993315], [-121.02775200004854, 39.03865999978428], [-121.02753899961321, 39.03868499982145], [-121.02715799984671, 39.03879099974107], [-121.02695299980729, 39.03882300014628], [-121.0266799999958, 39.03881300015206], [-121.0264330001236, 39.03879700029785], [-121.02574799968515, 39.03869200024888], [-121.02539500040605, 39.03866100034412], [-121.0245960001648, 39.03871999985856], [-121.02339000021777, 39.03898200000442], [-121.02199299957672, 39.03908999988832], [-121.02177599984174, 39.03916500021448], [-121.02172599961305, 39.039182999694816], [-121.02142000018961, 39.03944100011517], [-121.02138199965644, 39.03956499967913], [-121.0213220002803, 39.03994900007683], [-121.02131899990725, 39.040802999733415], [-121.02130499966354, 39.0414559999037], [-121.02108299990572, 39.04234799994684], [-121.02092700027009, 39.04301399998945], [-121.02073599957608, 39.044743000183004], [-121.02058999998623, 39.045345999997394], [-121.02040400021338, 39.045743000065286], [-121.02015800016606, 39.046097999754735], [-121.01978800027022, 39.046452000001324], [-121.01927799973394, 39.04676900015713], [-121.01883400021826, 39.046895000303685], [-121.01831500035951, 39.04703399968423], [-121.01793200004485, 39.047173999928134], [-121.01764800036273, 39.04725299970413], [-121.01719700027601, 39.04729599969516], [-121.01646599980683, 39.0473210001647], [-121.01641700030132, 39.047343000012404], [-121.01559700014369, 39.04739699986325], [-121.01500799996472, 39.047423999773194], [-121.014929000322, 39.04743600011745], [-121.01454299963432, 39.04749900032164], [-121.0144770004104, 39.04751000021861], [-121.01388400003346, 39.04768599973292], [-121.01308999981508, 39.048062000016664], [-121.01279199988925, 39.04826799971301], [-121.0125219995525, 39.04865599982615], [-121.01242500036645, 39.04897200014155], [-121.0124019999019, 39.049172000299414], [-121.01244899975758, 39.04937999966745], [-121.0129090000651, 39.05023599982255], [-121.01311800030247, 39.05062599967228], [-121.01315799958714, 39.05077200001008], [-121.01318699989945, 39.050978999861805], [-121.01324600034899, 39.051098000277044], [-121.01354699974956, 39.051412999751776], [-121.01362899976533, 39.05165600010073], [-121.01356000016835, 39.051889999749875], [-121.01332199961865, 39.052160999716236], [-121.01296199976854, 39.05240400028192], [-121.01252400010064, 39.052540999953806], [-121.01188300004314, 39.05250999984761], [-121.01142500028372, 39.052467000240426], [-121.01115300029717, 39.05235899987852], [-121.01101500020489, 39.052219000145406], [-121.0108040003177, 39.05185600033195], [-121.01065000033192, 39.0516809997246], [-121.01040500010954, 39.05157300025351], [-121.01012300007723, 39.051527000338254], [-121.00985799976337, 39.05152300022284], [-121.00904699982655, 39.051708999767214], [-121.00877900003795, 39.051807999853736], [-121.0085279999678, 39.05194200026422], [-121.00830299983689, 39.052055000324295], [-121.00818499983612, 39.05216299975586], [-121.0081070000183, 39.0524239999094], [-121.0080860001019, 39.05266700026776], [-121.00806799966024, 39.05287899984581], [-121.00807799970598, 39.053306999897586], [-121.00810600019337, 39.053548999659036], [-121.00819700042999, 39.053785000005554], [-121.00834800004273, 39.05409800006734], [-121.00836200028641, 39.05413700010928], [-121.00839700044652, 39.0542369999218], [-121.00839200042365, 39.05440999980015], [-121.00828600011843, 39.05502200026261], [-121.00828600011843, 39.05533200014861], [-121.00829600016418, 39.05577400024288], [-121.00826299965391, 39.056305000098824], [-121.00820400010267, 39.05685599991457], [-121.00812399973674, 39.05715799983018], [-121.00797700032197, 39.05734899996006], [-121.00733399971631, 39.05773100006495], [-121.00715200014143, 39.057893999670526], [-121.0069959996075, 39.058147999675306], [-121.00698499973687, 39.058167000182735], [-121.00686199971321, 39.05847499965432], [-121.00684199962173, 39.05886100034279], [-121.00692500036071, 39.0593729998252], [-121.00700300017853, 39.05963000018082], [-121.00707500014853, 39.05986599973495], [-121.00709600006493, 39.06036999967649], [-121.0071210001793, 39.06072199973835], [-121.00710500028578, 39.06098399988953], [-121.0070719997755, 39.06121800001725], [-121.00689900042144, 39.061394999786415], [-121.00663400010758, 39.061489999995786], [-121.00653200000033, 39.06152699966827], [-121.00588199972198, 39.06169500004873], [-121.00520200020473, 39.061786999855144], [-121.00464999983569, 39.06191500017484], [-121.00416899961176, 39.06198999998187], [-121.0038759997088, 39.06204699978197], [-121.00363399985946, 39.062159999714545], [-121.00330199959845, 39.06230599992139], [-121.00288400002202, 39.06268499975127], [-121.00285300005986, 39.06272500015203], [-121.00271900016556, 39.06290299984694], [-121.00256900037776, 39.063204999705505], [-121.00246700027049, 39.06366500025475], [-121.0025450000883, 39.06418399976697], [-121.00259899961665, 39.06446799971783], [-121.00282399974756, 39.06498200006377], [-121.00304200020577, 39.0654209998873], [-121.00334900035242, 39.065826000104366], [-121.00337899959132, 39.066012999809644], [-121.00325999976565, 39.06647999996118], [-121.00309999993206, 39.06679499986728], [-121.00288700039506, 39.06714999974835], [-121.00281899972467, 39.067334999823494], [-121.00273400023418, 39.067534000132156], [-121.00252599982173, 39.06768900032735], [-121.00231199956147, 39.06776800016987], [-121.0018489997792, 39.067856999992514], [-121.00140500026352, 39.067911000198514], [-121.00105399973592, 39.067931000316], [-121.00043699996786, 39.06789899984632], [-120.99973200033627, 39.067863000172416], [-120.99932999975502, 39.06791200034401], [-120.99900599988992, 39.06798700005678], [-120.99841500006114, 39.06812699991191], [-120.99735800007701, 39.06805600022435], [-120.9971320001212, 39.068115999739035], [-120.99694200015043, 39.06821499983811], [-120.9966819998594, 39.06844100000191], [-120.99649899956128, 39.06866600000469], [-120.99639999982712, 39.06897300027116], [-120.99639399997933, 39.06932499998068], [-120.99640800022301, 39.06945100033374], [-120.99648600004085, 39.0696210002322], [-120.99661999993513, 39.069808000345], [-120.99690899964014, 39.07002200029877], [-120.99705299958018, 39.07007799977543], [-120.99734499965822, 39.07018700034805], [-120.99775399991215, 39.07028500022011], [-120.99788100013376, 39.07034600004328], [-120.99802900027174, 39.07048299977412], [-120.99813600040189, 39.07066800017982], [-120.99816300016604, 39.070713000073226], [-120.99833200022044, 39.07117999981494], [-120.99843199977958, 39.07152900009083], [-120.99854399993256, 39.071915999931484], [-120.99855900000118, 39.07204799966751], [-120.99853800008478, 39.07211399979165], [-120.99842500010688, 39.072244999770625], [-120.99820699964867, 39.072387999794856], [-120.99672100021749, 39.073136000027716], [-120.99668699988227, 39.07314900025818], [-120.99583999996045, 39.073488999962876], [-120.99554299985954, 39.073607000035416], [-120.99465400010492, 39.07396199982623], [-120.99452299968536, 39.07401500018403], [-120.99436399967668, 39.07409299986176], [-120.99392500018384, 39.0743070000728], [-120.99328400012634, 39.0744880000087], [-120.99291800042847, 39.07464799982738], [-120.99255199983226, 39.07493899984054], [-120.99215000014937, 39.07540600020999], [-120.99188300018567, 39.075657999899086], [-120.99177699988044, 39.07581199965347], [-120.99169300021485, 39.076014999893914], [-120.99160199997827, 39.07644900001217], [-120.99160100015335, 39.0764629996566], [-120.99158799973456, 39.076878000158516], [-120.99165800005476, 39.07709200029188], [-120.99170099971246, 39.07714699972279], [-120.99189800025427, 39.077305999776264], [-120.99214500012647, 39.07744299994293], [-120.99241999958778, 39.07753100010816], [-120.99294799966736, 39.07765699975746], [-120.99404700038258, 39.07799100004148], [-120.9945269998833, 39.07822700027436], [-120.99486499999212, 39.07845799973786], [-120.99504099971921, 39.078610999663475], [-120.99548599995813, 39.07912700019336], [-120.99566900025626, 39.07936300011322], [-120.99584499998335, 39.07964299973886], [-120.99607799961184, 39.08018099977098], [-120.99611399959684, 39.08036799979476], [-120.99608600000774, 39.080642999790676], [-120.99598700027357, 39.08084000030537], [-120.99585300037924, 39.080999999667306], [-120.99565599983744, 39.08113199984396], [-120.99554299985954, 39.08117000033506], [-120.99526199965214, 39.08123099981437], [-120.99438799996614, 39.08133500011965], [-120.99414199991882, 39.08137900022948], [-120.99393699987942, 39.08145099971615], [-120.99343700028723, 39.0816760000788], [-120.99323300007273, 39.08173699981794], [-120.99293699979671, 39.081770000237846], [-120.99193699971401, 39.081814000076335], [-120.99157900041203, 39.08187299980092], [-120.9914079998095, 39.08190199967109], [-120.99102799986791, 39.082034000252044], [-120.9909009996463, 39.08215499981214], [-120.99078900039162, 39.08254499976539], [-120.9906339996826, 39.082764999753344], [-120.9901969998396, 39.08308900026135], [-120.99001400043981, 39.08330299968618], [-120.9898029996543, 39.083660000048255], [-120.98922600006921, 39.084116000103855], [-120.9889509997096, 39.084494999963674], [-120.98887999956449, 39.08466900020897], [-120.98886700004402, 39.08470399976966], [-120.98861500014893, 39.08516600015277], [-120.9885430001789, 39.085340000137464], [-120.98845100011738, 39.08556099967161], [-120.9884729998587, 39.08561000010551], [-120.9884939997751, 39.08586300019654], [-120.9886700004005, 39.0861869997238], [-120.98872700030194, 39.086456000053474], [-120.98870600038553, 39.0868459999357], [-120.98852999976013, 39.08758699983733], [-120.98850100034612, 39.08774899966237], [-120.98843900042183, 39.088109000110755], [-120.98848899975225, 39.088865999661216], [-120.98844699991946, 39.08932200022746], [-120.98836999992653, 39.0897229998946], [-120.98829899978145, 39.08993200024658], [-120.98797599974125, 39.09049700007263], [-120.98773600044007, 39.09108500023236], [-120.98760300037067, 39.09168900009672], [-120.98758900012697, 39.09220499978975], [-120.98768100018849, 39.0929140002795], [-120.98768100018849, 39.09320500025029], [-120.98761800043927, 39.09385799966901], [-120.98766100009699, 39.09435799971242], [-120.98773899991478, 39.094824999822194], [-120.98772800004413, 39.09507900008372], [-120.98772499967107, 39.095171000293064], [-120.98753499970029, 39.09576900012254], [-120.98722500007891, 39.09635700024694], [-120.9870989996822, 39.09665399977624], [-120.9870989996822, 39.09693399978771], [-120.9872329995765, 39.09731799982794], [-120.98724900036835, 39.09743099975379], [-120.98727500030762, 39.09760899975092], [-120.98724000014751, 39.097713000308936], [-120.9870219996893, 39.09794400010131], [-120.9869589999401, 39.09804800016519], [-120.98690899971137, 39.09816400016271], [-120.9868529996349, 39.09841600012473], [-120.98688000029738, 39.09855699996778], [-120.98690299986362, 39.09866900028987], [-120.98698700042752, 39.09886100002977], [-120.98713600039042, 39.099052999943936], [-120.98754499974604, 39.09936100015197], [-120.98784799969474, 39.09952000033031], [-120.98803799966554, 39.099668000016294], [-120.98820699971995, 39.09984300016729], [-120.98832700026885, 39.10009600009175], [-120.98834099961425, 39.10016700030422], [-120.98828500043605, 39.10048599983638], [-120.98819400019944, 39.10078799989033], [-120.98807399965054, 39.10089199994185], [-120.98790499959614, 39.100974999658426], [-120.98741900024766, 39.101122999775626], [-120.98739900015615, 39.10113099996155], [-120.98719999996453, 39.10121699981125], [-120.98700999999376, 39.10137100023643], [-120.98672799996145, 39.10164500024274], [-120.98653799999062, 39.10189199990052], [-120.98650700002848, 39.10197800021615], [-120.98634800001983, 39.10223399982131], [-120.98634399982187, 39.10228800020746], [-120.98632399973039, 39.10265299999018], [-120.98652000044727, 39.1033280002722], [-120.98653600034082, 39.10337999983781], [-120.98674399985495, 39.10359399973778], [-120.98674999970274, 39.103610000244934], [-120.98676399994642, 39.10362899966608], [-120.9867820003881, 39.10363300031404], [-120.98679300025877, 39.10364900011529], [-120.98699800029817, 39.104034000162116], [-120.98733600040697, 39.10453300021917], [-120.98736999984386, 39.104595999656745], [-120.98768200001338, 39.10516999983907], [-120.9880140002744, 39.105696999757555], [-120.9881270002523, 39.10593899973335], [-120.98815499984138, 39.106102999826504], [-120.988133999925, 39.10619700019242], [-120.9880920000922, 39.1062629997367], [-120.9878870000528, 39.10642199968409], [-120.98777499989978, 39.106570000215925], [-120.98767600016559, 39.10682900005041], [-120.9876900004093, 39.10695999969576], [-120.98775399998341, 39.10710299975437], [-120.9879160003651, 39.10736699974379], [-120.98799099980988, 39.10753799987463], [-120.98802199977202, 39.10760799997972], [-120.98819199965132, 39.10816299974646], [-120.98822699981142, 39.1082559998827], [-120.98828299988793, 39.10832700024142], [-120.98833300011664, 39.108410000265685], [-120.98836800027672, 39.10852499967595], [-120.98837599977433, 39.1085920000944], [-120.98866399965442, 39.10874800027061], [-120.98889800000616, 39.10887500018142], [-120.98908100030427, 39.108933000009664], [-120.98946000042096, 39.10930000005175], [-120.9896960004225, 39.109528999709966], [-120.98969300004943, 39.10980900016809], [-120.98969300004943, 39.109942000344574], [-120.9896899996764, 39.11035399971223], [-120.98969399987435, 39.110502999893725], [-120.98968600037676, 39.11064500019463], [-120.98967700015592, 39.11081400026814], [-120.98968399982861, 39.110931999939034], [-120.98962399955415, 39.110990999700334], [-120.98944600017725, 39.11116900031136], [-120.98938699972769, 39.1112290001027], [-120.98914599970328, 39.11153299988697], [-120.98906600023564, 39.111578000199884], [-120.98871700025619, 39.111776999783146], [-120.98813899994786, 39.111737000006585], [-120.98805799975702, 39.111701999922126], [-120.98797599974125, 39.11166699982029], [-120.98789500044872, 39.11163199970101], [-120.9877189998233, 39.1115549999351], [-120.98767699999051, 39.111537000086315], [-120.98760300037067, 39.11150499987912], [-120.98756400001261, 39.11148800024233], [-120.98743400031626, 39.11132400013258], [-120.98737099966876, 39.11124500027079], [-120.98730000042195, 39.11115600011746], [-120.98716300015461, 39.111133999944755], [-120.98685799965777, 39.11108499982056], [-120.98652999959472, 39.111032999665746], [-120.98619200038422, 39.1109780001707], [-120.98585400027544, 39.1109240001684], [-120.98579499982587, 39.11091500016402], [-120.98521700041589, 39.11072500026756], [-120.9846840003134, 39.110551000184564], [-120.9845920002519, 39.11052100000662], [-120.98443200041832, 39.110469000132696], [-120.98431500024245, 39.11049300029375], [-120.98422200035603, 39.11051300018938], [-120.98396399971487, 39.1105669998095], [-120.98360100039001, 39.110643999957894], [-120.98321600042553, 39.11078899998173], [-120.98297200002808, 39.11090300015635], [-120.98278700008015, 39.110894999685435], [-120.9822349997111, 39.11087199989478], [-120.98208699957308, 39.11086599988757], [-120.98205599961095, 39.11084799986279], [-120.98136699987288, 39.11044900022457], [-120.98118799977274, 39.110345999875996], [-120.98034300039903, 39.110172999797705], [-120.97931499982893, 39.1104020001045], [-120.97914099975165, 39.11059800020527], [-120.97899799963653, 39.1107609996783], [-120.97873999989368, 39.11127800012676], [-120.97869800006086, 39.11135999993438], [-120.97860900037243, 39.111540000061424], [-120.9785320003795, 39.11155099973677], [-120.97844100014292, 39.111566000305096], [-120.97840900035587, 39.111588999869255], [-120.97831499974623, 39.11165699968838], [-120.9782839997841, 39.1116810001419], [-120.97800900032279, 39.11176900010848], [-120.97798000001049, 39.11179100008295], [-120.97781099995608, 39.11183500001126], [-120.97751499968007, 39.11192800018129], [-120.97726899963276, 39.11206000032428], [-120.97709999957834, 39.11219699989966], [-120.97689500043725, 39.1125270002765], [-120.97677999991122, 39.11309299977465], [-120.97676200036787, 39.11317999986829], [-120.97667000030637, 39.113382999901376], [-120.97645199984817, 39.113537000233414], [-120.97618400005958, 39.11360900034559], [-120.97585299962347, 39.11377400020907], [-120.97572600030014, 39.11386100015897], [-120.97558499983484, 39.114048000096275], [-120.97555700024576, 39.114130999655956], [-120.97557099959113, 39.11442700009455], [-120.97578300020157, 39.11505799985996], [-120.97578999987425, 39.11525599989966], [-120.97572700012506, 39.115502999954224], [-120.97555800007068, 39.115898999764255], [-120.97545199976547, 39.11605300017355], [-120.9752719998404, 39.11624200018417], [-120.97511399965666, 39.116409999922894], [-120.97484599986805, 39.116513999925516], [-120.97432399963625, 39.116513999925516], [-120.97423999997064, 39.11656899997877], [-120.97414799990914, 39.11670599984875], [-120.97410600007635, 39.11681600030951], [-120.97399700029638, 39.117526000166094], [-120.97395100026564, 39.11782600012472], [-120.97390199986185, 39.11882400004513], [-120.97383900011266, 39.1189720003199], [-120.97360800013396, 39.11928399967358], [-120.97345999999595, 39.11959199999447], [-120.97336100026176, 39.11969100033436], [-120.97317100029098, 39.11980600015325], [-120.97293199991638, 39.119866999665895], [-120.97249500007338, 39.11993300034727], [-120.97212199980449, 39.120032000207985], [-120.97184800016807, 39.120047999771145], [-120.97121399978326, 39.120026000283744], [-120.97090499998679, 39.12010299985347], [-120.97055299963426, 39.12028999995162], [-120.97021500042379, 39.12064699983779], [-120.97010300027078, 39.120740000225624], [-120.96872999991919, 39.12157999982992], [-120.96821000023552, 39.121948000291425], [-120.96798400027971, 39.12213499967381], [-120.96788600037041, 39.12227099979978], [-120.96760500016302, 39.122913999761316], [-120.96750600042881, 39.12329699968812], [-120.96749200018509, 39.12346199986276], [-120.96753499984281, 39.12375299987504], [-120.96774599973001, 39.12446999979741], [-120.967753000301, 39.12457999998345], [-120.96783199994373, 39.12488800014801], [-120.96764899964563, 39.12518600005709], [-120.96746600024585, 39.125363999653985], [-120.96729800001634, 39.12554300022002], [-120.96720000010704, 39.125711000080535], [-120.96709299997693, 39.12597400002822], [-120.96704699994616, 39.12615999985678], [-120.96704000027349, 39.126281999672436], [-120.96702500020486, 39.12639699988206], [-120.96701699980895, 39.12650699984633], [-120.96697800034921, 39.1266750001951], [-120.96685699997539, 39.12681999998314], [-120.96666700000459, 39.12702499975086], [-120.96643799967573, 39.12722000030195], [-120.96627899966705, 39.12739900033256], [-120.96621000007008, 39.127521000092756], [-120.96614200029802, 39.12783399990469], [-120.96608000037375, 39.127927999854926], [-120.9657609996332, 39.12820699968749], [-120.96557099966243, 39.12834399992253], [-120.96535700030047, 39.128434999936395], [-120.9650979998344, 39.128522999883984], [-120.9647399996341, 39.1285880001389], [-120.96432100023276, 39.128623000197734], [-120.96400800023831, 39.12864199984407], [-120.96364300036534, 39.12868399974103], [-120.96336100033302, 39.12873300016983], [-120.96283499990325, 39.1288819998137], [-120.96255299987095, 39.12895400027226], [-120.96217200010445, 39.12910300014545], [-120.96174500030718, 39.12926300009792], [-120.96137200003828, 39.1294659997845], [-120.96107499993734, 39.12965999988213], [-120.96062600039878, 39.13000000031606], [-120.96044999977337, 39.13015199994636], [-120.96025999980257, 39.1303379998911], [-120.95987200036338, 39.13073100008082], [-120.95920100016865, 39.13127700010342], [-120.9591769998792, 39.13129000006893], [-120.95896400034218, 39.131460999981854], [-120.95789800013723, 39.13231900007334], [-120.95737199970743, 39.13259600008132], [-120.95575800022974, 39.132720999667754], [-120.95543699983938, 39.13288300030117], [-120.95406500021099, 39.13415000034415], [-120.95394800003513, 39.134151000247186], [-120.95376800011007, 39.1340969998885], [-120.953544999629, 39.134865999750616], [-120.95353299993344, 39.134898999691735], [-120.95332600024419, 39.13537900006469], [-120.95326099994688, 39.13548800005201], [-120.95318499977887, 39.135577000127505], [-120.95313399972525, 39.135671000194684], [-120.95302699959514, 39.13574100022249], [-120.95286500011174, 39.135817000154006], [-120.95278300009596, 39.135859999831375], [-120.95248699981997, 39.13619399965582], [-120.95214500041153, 39.13668299975986], [-120.95200999979399, 39.13674999988007], [-120.9517160000661, 39.1368970002532], [-120.95142099961502, 39.13704400031942], [-120.95130000013951, 39.13699199981442], [-120.95104200039663, 39.136873000028395], [-120.95006200040542, 39.13644100015705], [-120.94952400028008, 39.13696400016976], [-120.94905099955378, 39.137581999940174], [-120.94928200043074, 39.13842699996479], [-120.94946300018073, 39.13908700009539], [-120.94817000019505, 39.14064300025479], [-120.9480170000342, 39.14128199980226], [-120.94813199966192, 39.14239399980369], [-120.94748999977948, 39.1433949999988], [-120.94615499996104, 39.14436999992272], [-120.94591700030968, 39.144563000309404], [-120.94576300032385, 39.14468699979848], [-120.94489299993752, 39.145394000257795], [-120.94432700022307, 39.145497000222804], [-120.94396399999991, 39.145346000019714], [-120.94346000020974, 39.14513599981235], [-120.94202699958369, 39.14481399971741], [-120.94052699990881, 39.14526699999199], [-120.93991400033869, 39.14578100019788], [-120.93958100025274, 39.14606100009163], [-120.93960100034423, 39.14712099985042], [-120.93960800001696, 39.14745200005602], [-120.93961399986472, 39.147783000098386], [-120.93961600041288, 39.1478850003428], [-120.93962499973537, 39.14819300029296], [-120.93962800010843, 39.148296000342], [-120.93936199996962, 39.14861299995287], [-120.93872599993502, 39.148991999982684], [-120.93814599997687, 39.149337999937245], [-120.93761100022458, 39.15056999965482], [-120.93690400004483, 39.151394000041385], [-120.93637299959217, 39.151738999679566], [-120.93609800013088, 39.15182200010743], [-120.93568399985409, 39.15194800004104], [-120.93148500022997, 39.15296499995397], [-120.9307989999666, 39.15330399967737], [-120.92993299977822, 39.15397599997938], [-120.93015799990911, 39.15440100012389], [-120.93122300028914, 39.154978000160426], [-120.9314540002678, 39.1551040000158], [-120.93158399996416, 39.155925999671844], [-120.93056200014014, 39.156527000239386], [-120.92983599969382, 39.15593000013649], [-120.9294950001103, 39.155789000163836], [-120.92911599999361, 39.15563200007425], [-120.928736000052, 39.15547500033091], [-120.92824099958436, 39.15526999980156], [-120.92754799964831, 39.15522200002963], [-120.9264420001587, 39.15527499990653], [-120.92623499957116, 39.155706000235554], [-120.92612699961616, 39.15593399990433], [-120.92603499955464, 39.156126999926514], [-120.92526299997589, 39.156846000246915], [-120.92381000015665, 39.15710499983342], [-120.92336800029075, 39.15723100005937], [-120.92324100006915, 39.157636000302276], [-120.92350100036015, 39.15830299974355], [-120.92352399992636, 39.15836700011246], [-120.92383400044609, 39.15877699994128], [-120.9245109995903, 39.15967100026335], [-120.92450999976538, 39.159803000091685], [-120.9245030000927, 39.16084900013719], [-120.92386799988297, 39.16117100000235], [-120.92319199966536, 39.16115799998229], [-120.92283299964015, 39.1611509998633], [-120.92217499986424, 39.16132800026952], [-120.92195399993128, 39.161512000314154], [-120.9216040001269, 39.16180699992651], [-120.92129899963007, 39.16206300014351], [-120.92099400003154, 39.16231799992596], [-120.9197090004418, 39.162712000096775], [-120.91938499967837, 39.16273899975363], [-120.91837700009809, 39.16282400012789], [-120.91726900006033, 39.16308899973396], [-120.91699799989867, 39.163154000115675], [-120.9167879998364, 39.163154000115675], [-120.91620100020556, 39.163155000303206], [-120.91537100000217, 39.16301899973787], [-120.9140560002752, 39.16347000017263], [-120.9137759998927, 39.16352300010487], [-120.91371800016638, 39.1635340000201], [-120.91287100024456, 39.16369399973232], [-120.91218800035428, 39.16368500020221], [-120.9117880003212, 39.16387500002153], [-120.9112429996248, 39.16403499965458], [-120.91047500024405, 39.16391500013806], [-120.91033399977871, 39.16385399977712], [-120.90943300032855, 39.1634660001367], [-120.90854899969848, 39.163751000212294], [-120.90814700001559, 39.16451899982901], [-120.90787000000611, 39.165050000058834], [-120.90729599989578, 39.16529799975435], [-120.90720899985715, 39.16532800028166], [-120.90628900014036, 39.16564099986651], [-120.9060659996593, 39.16597800020774], [-120.90596699992511, 39.16612799987337], [-120.90604999976577, 39.166668000339214], [-120.90611199969007, 39.16719200015025], [-120.90675600012061, 39.16762199978247], [-120.90681399984693, 39.167660000307016], [-120.90864599978285, 39.168484999852915], [-120.90884400014956, 39.16857500010433], [-120.90893500038617, 39.168647999774855], [-120.90899599958719, 39.168735000189535], [-120.90903499994528, 39.16883499979679], [-120.90905000001389, 39.16894900003919], [-120.90905000001389, 39.16913599995726], [-120.90901900005176, 39.169330000076734], [-120.90901900005176, 39.16955499987533], [-120.90905000001389, 39.16975400000427], [-120.90905000001389, 39.16991400019299], [-120.90903499994528, 39.17005499971372], [-120.90899599958719, 39.17017299972263], [-120.90892000031756, 39.17021900026266], [-120.9088049997915, 39.17026899972542], [-120.90869099998868, 39.17029900022176], [-120.9075799995779, 39.17063200020557], [-120.90708900020653, 39.170780000233925], [-120.90657100017268, 39.1709629998524], [-120.90613500015459, 39.17105499986888], [-120.90579200002291, 39.171145999691106], [-120.90558600015858, 39.17122299977014], [-120.90543399982262, 39.17128700022389], [-120.90529599973034, 39.171364000148536], [-120.90518899960024, 39.17145500026731], [-120.9050749997974, 39.17161900033711], [-120.90497600006321, 39.171860000102434], [-120.90493000003245, 39.172039000147784], [-120.90489999989524, 39.17227500027381], [-120.90483100029826, 39.17273699972662], [-120.90478500026752, 39.172862999810356], [-120.90471699959713, 39.17295099993387], [-120.90460899964211, 39.17300399968605], [-120.90444200013584, 39.17305700009472], [-120.90426600040875, 39.17309200032959], [-120.90394500001838, 39.173119000180456], [-120.90368599955228, 39.17312599980483], [-120.90347300001527, 39.173122000317996], [-120.90325899975501, 39.17313799965665], [-120.90309899992148, 39.17319099996432], [-120.90301500025589, 39.173266999849595], [-120.902785999927, 39.17339299968003], [-120.90226000039557, 39.17372899974906], [-120.90206899970153, 39.17377099990597], [-120.90192399993657, 39.17378999990237], [-120.90161099994211, 39.17380899989368], [-120.90127500038145, 39.173816000145735], [-120.90101599991537, 39.17383200002285], [-120.90079499998241, 39.17387400011819], [-120.90056599965358, 39.17396599980837], [-120.90035999978925, 39.174067999702565], [-120.90008500032796, 39.17429000027181], [-120.8999549997333, 39.17442699996281], [-120.89987899956532, 39.174529999910526], [-120.8995890000354, 39.17505300031894], [-120.89949299977593, 39.17517599968486], [-120.89947500023258, 39.175201000095875], [-120.89928400043688, 39.17530799966527], [-120.8991160002074, 39.17536899984153], [-120.89892500041168, 39.17546099966483], [-120.89810100005609, 39.17587300015208], [-120.89784199958999, 39.176051999731506], [-120.89758300002224, 39.17627700030714], [-120.89736899976198, 39.176434000282285], [-120.89723900006562, 39.17649100018651], [-120.8971250002628, 39.17652500010738], [-120.89694199996471, 39.17656699998694], [-120.89673600010038, 39.17658199993789], [-120.89655199997736, 39.17656699998694], [-120.89648699968005, 39.17656499999327], [-120.8961250001801, 39.176556000020916], [-120.8960110003773, 39.17653700007554], [-120.89587300028504, 39.17650600015363], [-120.8957080004286, 39.17640400031414], [-120.89552000010761, 39.176310000331], [-120.89529499997673, 39.17616700011566], [-120.89509199958712, 39.17604699971052], [-120.89485200028592, 39.17587700017879], [-120.89481299992788, 39.17585100000116], [-120.89466099959189, 39.175722999682854], [-120.8944079998719, 39.17558499972061], [-120.89420799985538, 39.17550300017996], [-120.89397100002891, 39.17548399995003], [-120.89378699990588, 39.17548299993778], [-120.89350200039883, 39.17546699973993], [-120.89327100042016, 39.17540500033173], [-120.89314900022144, 39.17539700022439], [-120.89299400041074, 39.1754229998735], [-120.89290999984681, 39.1754269999258], [-120.8928019998918, 39.17540000026473], [-120.89258799963156, 39.17532299988477], [-120.89250300014105, 39.17530600033214], [-120.89239600001093, 39.17529900022843], [-120.89232700041396, 39.175303000287784], [-120.89225100024598, 39.17533700008672], [-120.89223399962924, 39.17539400018386], [-120.89223399962924, 39.17544000009423], [-120.89219699981929, 39.1756250001412], [-120.89218099992578, 39.17570500021784], [-120.89214999996365, 39.1760290003285], [-120.8920210000922, 39.17656000000876], [-120.89192900003069, 39.176686000205834], [-120.89186000043374, 39.17675399984258], [-120.89176800037222, 39.17681900013023], [-120.89139500010333, 39.17700200004949], [-120.89131100043772, 39.17704800030058], [-120.89121900037621, 39.17707799999395], [-120.89109499962936, 39.17710399971784], [-120.89078400018305, 39.17704800030058], [-120.8904789996862, 39.17692999998969], [-120.89023500018703, 39.17685299989249], [-120.8896550002289, 39.17673499995071], [-120.88905199980624, 39.1766239997834], [-120.88799900002009, 39.17649100018651], [-120.88786299957764, 39.17646800023072], [-120.8873889999247, 39.17649100018651], [-120.8871139995651, 39.17652100011754], [-120.88686199967003, 39.17657099997416], [-120.88666400020162, 39.176650999670834], [-120.8864509997663, 39.17679200030731], [-120.88624499990199, 39.17697900026086], [-120.8860690001749, 39.177165999717054], [-120.88592400040993, 39.17744100014388], [-120.8858249997774, 39.17771200026939], [-120.88576399967803, 39.1778570000849], [-120.88566499994384, 39.17802099984718], [-120.88553500024749, 39.17813499982175], [-120.88532900038315, 39.17824599969264], [-120.88521499968203, 39.17829499974301], [-120.88476399959532, 39.178432999957145], [-120.88452799959379, 39.17847100021071], [-120.88423800006386, 39.17849400020765], [-120.88394099996292, 39.17849800008524], [-120.88333000004266, 39.178462999755915], [-120.88303999961444, 39.17848199987718], [-120.88284200014606, 39.178508999747436], [-120.88255900028882, 39.17861599985361], [-120.8817890003599, 39.17897100002198], [-120.88164399969659, 39.17902400011109], [-120.8815519996351, 39.1790469999271], [-120.88143100015958, 39.17905099977323], [-120.88125500043249, 39.17900500013629], [-120.88101900043095, 39.17887100020493], [-120.88077400020856, 39.17869600000878], [-120.88052999981109, 39.178539000210144], [-120.88027799991602, 39.178386999915844], [-120.8801490000446, 39.178299000328295], [-120.88000400027964, 39.178188999818445], [-120.87991999971571, 39.17814300031388], [-120.87980500008798, 39.17812000020217], [-120.87964500025443, 39.178097000082886], [-120.87949999959115, 39.178100999983066], [-120.87935499982619, 39.17813899971977], [-120.87915200033491, 39.178225000257505], [-120.8789890001283, 39.17831099999368], [-120.87866799973793, 39.178517000197054], [-120.87855499976003, 39.17855900027939], [-120.8785310003689, 39.17855900027939], [-120.8768900002287, 39.17893599992812], [-120.87659300012778, 39.17902400011109], [-120.87631799976816, 39.179097000076396], [-120.87618100039911, 39.17913899981225], [-120.87605099980445, 39.17919199977465], [-120.87591400043544, 39.17924900022839], [-120.87582200037393, 39.17928000033355], [-120.87531100001277, 39.17947800014375], [-120.87512799971465, 39.17953199980533], [-120.87493000024624, 39.179585000167826], [-120.87484999988031, 39.179601000124855], [-120.87425800022662, 39.17972599979461], [-120.87401499965404, 39.17977199965617], [-120.87374000019275, 39.17982900033595], [-120.87356399956732, 39.179871000330806], [-120.87335100003031, 39.17988199977818], [-120.87315199983868, 39.17986699983497], [-120.87301499957134, 39.1798330001376], [-120.87277799974487, 39.17976000024016], [-120.87264899987345, 39.17969899969539], [-120.87258699994918, 39.17964200030287], [-120.87247300014634, 39.17957000016124], [-120.87235099994763, 39.17947400032192], [-120.87211400012116, 39.17935200007586], [-120.87193900021897, 39.179303000065815], [-120.87179399955569, 39.179290999873395], [-120.87166399985934, 39.17929900023402], [-120.87129800016147, 39.179393999659325], [-120.87111499986335, 39.179448000081734], [-120.87093900013626, 39.17953499966924], [-120.8707790003027, 39.17963499993449], [-120.87058900033189, 39.17974500027091], [-120.87031399997227, 39.17990899980718], [-120.8701530003138, 39.17997399996335], [-120.86997800041162, 39.18002799994025], [-120.86978000004488, 39.18013399987747], [-120.86955099971603, 39.18024100029577], [-120.8693449998517, 39.180379000171804], [-120.86884899955916, 39.18073700030286], [-120.86874900000005, 39.18087100015919], [-120.86861199973269, 39.18108000031913], [-120.86852100039442, 39.1812209997328], [-120.86845199989914, 39.181382000218846], [-120.868420999937, 39.18143499988297], [-120.86836800023354, 39.181568999801485], [-120.86833800009634, 39.18172900026339], [-120.86833800009634, 39.18205299977009], [-120.86839199962468, 39.18220599971436], [-120.8684140002643, 39.18235399975322], [-120.86845299972406, 39.1825069997387], [-120.86855900002925, 39.182728000212954], [-120.86865799976347, 39.18288499970872], [-120.86880300042674, 39.18308299981018], [-120.8688789996964, 39.18322799968902], [-120.8689709997579, 39.183358000070406], [-120.86909399978155, 39.18351799994194], [-120.86920799958438, 39.183708999690396], [-120.86931499971449, 39.183861000315076], [-120.86951999975389, 39.18419300024332], [-120.86958099985327, 39.184356999847346], [-120.86958900024919, 39.18450600011542], [-120.86958099985327, 39.18457399984774], [-120.86954300021843, 39.18470000030419], [-120.86949700018768, 39.18480700003928], [-120.86945100015691, 39.18489100032229], [-120.86926100018611, 39.185162000277614], [-120.86918500001816, 39.18523500013575], [-120.86896300026028, 39.185356999920245], [-120.86887200002369, 39.18539099973114], [-120.86864299969483, 39.18545599969242], [-120.86829200006557, 39.18551299994111], [-120.86807100013263, 39.185528000072146], [-120.86787299976591, 39.1855590001936], [-120.86770399971151, 39.185574000314816], [-120.86749100017448, 39.18561599966247], [-120.86733899983852, 39.18566199984755], [-120.86728000028728, 39.18571100029917], [-120.86726199984562, 39.18572700025451], [-120.86723900027941, 39.1857380001782], [-120.86720900014218, 39.18578799974624], [-120.86717800018005, 39.18586399994066], [-120.86717800018005, 39.18594400020307], [-120.86723900027941, 39.18611200004005], [-120.86730000037879, 39.18619200002024], [-120.8673380000136, 39.186226999982914], [-120.86742300040243, 39.18632599992229], [-120.86746799970996, 39.18643999965861], [-120.8675139997407, 39.18653899999425], [-120.8675139997407, 39.18665700019098], [-120.86749100017448, 39.18676399973204], [-120.86739200044028, 39.18696699998829], [-120.86733100034093, 39.18704999993105], [-120.8672319997084, 39.18711499975068], [-120.86709399961615, 39.18719099990279], [-120.86678900001759, 39.187324999989016], [-120.8666750002148, 39.1873630003099], [-120.86652999955152, 39.18738200011456], [-120.86627799965645, 39.187400999914026], [-120.86598800012656, 39.187439000193834], [-120.8657510003001, 39.18748899994434], [-120.86550000022991, 39.18756100033033], [-120.86533200000041, 39.18765300021327], [-120.86521800019759, 39.1877409999281], [-120.86516399977093, 39.1878399998237], [-120.86514899970231, 39.187943000312586], [-120.86516399977093, 39.18804599995419], [-120.86519399990816, 39.1881379998986], [-120.86527900029695, 39.18826400023241], [-120.86540800016842, 39.18840800003894], [-120.86556100032927, 39.188496000200935], [-120.86572100016285, 39.18856500007681], [-120.86584300036161, 39.188588000252494], [-120.86598800012656, 39.1885949997293], [-120.86624800041753, 39.188613999897115], [-120.86648400041909, 39.1886370000567], [-120.86671299984964, 39.1886979998079], [-120.8668579996146, 39.188763000192175], [-120.86697999981332, 39.188877999974984], [-120.86703300041509, 39.188976999661506], [-120.8670559999813, 39.18916200029132], [-120.86706799967685, 39.1892479998763], [-120.86707199987482, 39.18927099982846], [-120.86704099991269, 39.18937699975277], [-120.86698800020923, 39.18949199992335], [-120.86693399978255, 39.18957900030879], [-120.86680499991115, 39.189675000272985], [-120.86662900018405, 39.18977000029706], [-120.86643800038833, 39.18983099976112], [-120.86627799965645, 39.189869000119515], [-120.86609500025665, 39.189891999868436], [-120.86591199995856, 39.189908000264495], [-120.86566699973616, 39.1899109996856], [-120.8655839998955, 39.1899230001538], [-120.86540800016842, 39.18996900030497], [-120.86524800033482, 39.19005600009991], [-120.86511799974018, 39.19014400028707], [-120.86498800004384, 39.19024700018424], [-120.86474399964636, 39.19050299991691], [-120.86458399981278, 39.19062099972448], [-120.86440899991061, 39.19070100014216], [-120.86424800025212, 39.190742999907215], [-120.86411099998476, 39.19077300002242], [-120.86389699972455, 39.19077399981718], [-120.86371400032473, 39.190742999907215], [-120.86337899969068, 39.19072400031498], [-120.86314199986423, 39.190742999907215], [-120.86298899970335, 39.19078099977251], [-120.86286700040291, 39.190830999930355], [-120.8627689995953, 39.19090700024143], [-120.86263100040134, 39.19109800010159], [-120.86253199976883, 39.191250000064045], [-120.86244800010326, 39.191422000284625], [-120.86234099997314, 39.19157899985539], [-120.862233999843, 39.19168099995614], [-120.86210499997156, 39.19178500016586], [-120.86201999958274, 39.191838000340695], [-120.86197500027524, 39.19186799998844], [-120.86194900033595, 39.19188099990146], [-120.8618520002516, 39.19193300022568], [-120.86150200044723, 39.192059000021544], [-120.86128800018699, 39.19217399998063], [-120.86099799975875, 39.19231899990291], [-120.86080799978795, 39.19247499978773], [-120.86070099965784, 39.192646999794896], [-120.86063200006086, 39.192825999828855], [-120.8605790003574, 39.19304000015394], [-120.86055800044103, 39.19319599983053], [-120.86076599995515, 39.193525000257985], [-120.8608670002375, 39.193682000003676], [-120.86094199968224, 39.19379900029111], [-120.86118100005685, 39.194089000092276], [-120.86130499990543, 39.19438700012475], [-120.86136799965459, 39.19482199991475], [-120.86127499976818, 39.19506399993803], [-120.86113599985103, 39.19519900006064], [-120.86102700007106, 39.19530599982402], [-120.86062799986291, 39.1954479996683], [-120.86060899959632, 39.19545799973475], [-120.8602270000049, 39.19559900024194], [-120.86005200010273, 39.19565300005018], [-120.8599380002999, 39.19567699971959], [-120.859861000307, 39.195695000336464], [-120.85943399961143, 39.19577799971785], [-120.85919799960988, 39.195859000252554], [-120.85899199974556, 39.19594999999415], [-120.85883100008706, 39.19606100027679], [-120.85872399995695, 39.19617099996997], [-120.85845799981817, 39.19641899989951], [-120.85832800012184, 39.196603000022634], [-120.85817099976299, 39.1968040002875], [-120.85814499982372, 39.19683899983839], [-120.85800699973146, 39.19706800022931], [-120.8579309995635, 39.19720500008503], [-120.85783199982929, 39.19742699999043], [-120.85782699980642, 39.19744300006311], [-120.8577480001637, 39.197678000145515], [-120.8577480001637, 39.197877000036144], [-120.85773999976777, 39.19801700017418], [-120.85777099972991, 39.198246999894714], [-120.85780099986715, 39.19854400001201], [-120.85783199982929, 39.198704000119726], [-120.85787700003513, 39.19886799997382], [-120.85790100032457, 39.19897499971893], [-120.85790899982219, 39.199010000276814], [-120.8579309995635, 39.1991740001127], [-120.85787799986005, 39.199287999891965], [-120.85784699989792, 39.19933800026192], [-120.85770200013296, 39.19944400031596], [-120.85754999979697, 39.19957399994064], [-120.85726799976469, 39.19971899990751], [-120.85710000043349, 39.199860000217264], [-120.85700800037199, 39.19997899998697], [-120.85695399994532, 39.2001159997354], [-120.85693200020401, 39.20026500000713], [-120.85693999970161, 39.20039399984695], [-120.85695399994532, 39.20050100005241], [-120.85699999997608, 39.20060400008326], [-120.85710700010618, 39.20071499997448], [-120.85725199987114, 39.200843999684125], [-120.85738900013848, 39.20092499994737], [-120.85750399976624, 39.201020000076916], [-120.85761900029226, 39.20116899982351], [-120.85768000039164, 39.20132900021802], [-120.85769399973704, 39.20146200015546], [-120.85769399973704, 39.20160299975135], [-120.8576639995998, 39.201729000306095], [-120.85761099989635, 39.201881999880236], [-120.85753399990344, 39.20206199968969], [-120.85742799959823, 39.20223700018381], [-120.85734399993264, 39.2024389999694], [-120.85724500019845, 39.20258800018681], [-120.85719199959668, 39.20278500014795], [-120.85716900003047, 39.20294999984218], [-120.85718300027418, 39.2031140002258], [-120.8571840000991, 39.203262999707555], [-120.85716099963454, 39.20339299992225], [-120.85713800006832, 39.20347999980306], [-120.85706199990035, 39.2035679998849], [-120.85690100024185, 39.203687000334405], [-120.85677200037044, 39.203796999921266], [-120.85666500024033, 39.20389999999212], [-120.85660400014096, 39.20402599990723], [-120.85658800024743, 39.2041100001891], [-120.85660400014096, 39.20412900033834], [-120.85661099981364, 39.20416300011637], [-120.85664199977577, 39.204235999727466], [-120.85668799980654, 39.204385000309735], [-120.8567410004083, 39.204476000145505], [-120.85680199960935, 39.204537000068825], [-120.85697800023478, 39.20463299978379], [-120.85706100007543, 39.20468999979179], [-120.8572979999019, 39.20486899977261], [-120.85745799973546, 39.20497199966371], [-120.85763400036087, 39.20507899985694], [-120.85779400019446, 39.20518900004826], [-120.857954000028, 39.205319000178875], [-120.85808399972439, 39.205472000286754], [-120.85814499982372, 39.20561699991304], [-120.85815999989234, 39.20574300022853], [-120.85812999975509, 39.2058640003298], [-120.85806100015814, 39.20607799992375], [-120.85800799955638, 39.20615800014448], [-120.85790899982219, 39.20623500015779], [-120.85779400019446, 39.20628400018555], [-120.85753499972837, 39.206336999864575], [-120.85735200032856, 39.20635699968052], [-120.85719900016768, 39.206364000171625], [-120.85702400026551, 39.20639099977225], [-120.85681500002813, 39.2064409999591], [-120.8567410004083, 39.20646000017389], [-120.85652700014805, 39.206502000264116], [-120.85629100014648, 39.20657000029068], [-120.85613799998563, 39.20662400001916], [-120.85573399975458, 39.20671499973844], [-120.85542900015605, 39.206841000172446], [-120.85533000042186, 39.20692100022013], [-120.8552840003911, 39.2070090001674], [-120.85519999982719, 39.2071229997611], [-120.85513899972783, 39.2072650000831], [-120.85507000013084, 39.20756599997322], [-120.85503999999364, 39.20774899988635], [-120.85503199959771, 39.20791699979758], [-120.85499399996286, 39.20821400009929], [-120.85496399982563, 39.20853099973403], [-120.8549329998635, 39.20867199975735], [-120.85489500022868, 39.20880199970578], [-120.8548190000607, 39.20889700031905], [-120.85473500039511, 39.208969999882356], [-120.854628000265, 39.209008000330584], [-120.8545439997011, 39.2090230003187], [-120.85441400000474, 39.20903899983841], [-120.85430699987462, 39.209038000303615], [-120.85409400033758, 39.208999999871565], [-120.85391799971218, 39.20899300033927], [-120.85378899984075, 39.20901900009018], [-120.85367400021303, 39.209080000244256], [-120.85358999964913, 39.20917199979457], [-120.85354399961837, 39.20927500033589], [-120.85352900044808, 39.20937000030932], [-120.85354399961837, 39.20947299986424], [-120.8536430002509, 39.20963000016562], [-120.85367400021303, 39.209721000166304], [-120.85368900028166, 39.20980900008545], [-120.85371900041888, 39.20990800021064], [-120.85372799974141, 39.21006500023557], [-120.85372699991649, 39.21019000001333], [-120.85367400021303, 39.210338999797386], [-120.85359800004505, 39.210407999800495], [-120.85351299965623, 39.21046900014024], [-120.85317100024781, 39.21060600031071], [-120.85284999985741, 39.21071300027318], [-120.85249900022814, 39.21089299972512], [-120.85239200009802, 39.21098400017735], [-120.85227800029519, 39.211139999683894], [-120.8521939997313, 39.21126599983544], [-120.85204899996633, 39.211555999921835], [-120.85198799986699, 39.211708999667216], [-120.8519109998741, 39.21183500018991], [-120.8518280000334, 39.21193800030557], [-120.85171300040568, 39.21203300015671], [-120.85158399963593, 39.21210199988742], [-120.85143100037337, 39.21215500004809], [-120.85133199974086, 39.212174000109094], [-120.8511640004097, 39.212197000212676], [-120.85092699968492, 39.21220500030749], [-120.8507440002851, 39.21219300016495], [-120.85068400001066, 39.21219300016495], [-120.8505390002457, 39.21220100026017], [-120.85039299975753, 39.21219300016495], [-120.85021000035772, 39.21220800016876], [-120.85004999962585, 39.21223500030682], [-120.84972900013379, 39.21239200000148], [-120.84959199986645, 39.21244899997669], [-120.84930200033652, 39.21261299975713], [-120.84918799963542, 39.21268900017058], [-120.84881400043992, 39.21290299984891], [-120.8486810003705, 39.21296199975933], [-120.84859299960864, 39.2130019997884], [-120.8483640001781, 39.21308999977213], [-120.84812700035162, 39.213120000089376], [-120.84740199973024, 39.21335300028422], [-120.84723400039906, 39.213424999919205], [-120.84682199977209, 39.21357399979939], [-120.84666199993855, 39.21361999977791], [-120.84634899994407, 39.21369999975959], [-120.84604400034556, 39.21375400026994], [-120.84576200031324, 39.21376499998211], [-120.84556399994652, 39.213757000065016], [-120.84541900018156, 39.213730999980314], [-120.84528899958691, 39.21368500007449], [-120.84519700042372, 39.213635000172914], [-120.84511399968476, 39.21355500011719], [-120.84499900005703, 39.21347899994502], [-120.84486900036066, 39.213410000175315], [-120.84484900026918, 39.21340200021784], [-120.84483099982752, 39.21339499973226], [-120.8447799997739, 39.21337399966336], [-120.8444979997416, 39.21346400021267], [-120.84362599970538, 39.21378000034612], [-120.84347400026773, 39.21383599972807], [-120.84200499965668, 39.21467299995806], [-120.84148599979791, 39.215075000206284], [-120.84058199997466, 39.21509900020022], [-120.84037000026257, 39.21510400022693], [-120.84019199998731, 39.21510900025329], [-120.84008099965925, 39.21514899975526], [-120.83922299986676, 39.21545899982109], [-120.83919000025479, 39.215468999822846], [-120.83909399999534, 39.215497999680814], [-120.8390630000332, 39.215508999815775], [-120.83876400028244, 39.215881999766154], [-120.83854599982425, 39.21625399969483], [-120.83824600024859, 39.216750999670694], [-120.83814900016422, 39.21684700008965], [-120.83781400042845, 39.21718600017087], [-120.83759799962007, 39.217353999777], [-120.8369499998899, 39.21748800010263], [-120.83621599994595, 39.21748800010263], [-120.83522300043427, 39.21775599998654], [-120.83401400011418, 39.21822499975763], [-120.8337060001426, 39.21849100011554], [-120.83327900034536, 39.21886200004881], [-120.8323820001948, 39.219427999844704], [-120.83236799995109, 39.219440000142676], [-120.8323269999432, 39.21947899987889], [-120.83231400042274, 39.21949200025012], [-120.83230299965379, 39.219501999677455], [-120.83227000004182, 39.21953300012029], [-120.83225999999607, 39.21954400031905], [-120.8321350003226, 39.219694999899396], [-120.83191299966644, 39.219967000010826], [-120.83180899990936, 39.21997100031163], [-120.83167300036524, 39.219909999875156], [-120.83150500013573, 39.219834999699444], [-120.83149699973981, 39.21982300016495], [-120.83143599964043, 39.21974200012189], [-120.83139299998275, 39.21968399972431], [-120.83119799998907, 39.2197980003163], [-120.83111299960025, 39.21985000015858], [-120.8309529997667, 39.21998299982083], [-120.83090699973594, 39.220047999794325], [-120.8308690001011, 39.2202009998263], [-120.83082300007037, 39.22041799978193], [-120.83083800013897, 39.22061699996949], [-120.83080100032905, 39.22082600022356], [-120.83073900040475, 39.2209060003459], [-120.83070099987162, 39.22096699991691], [-120.83060899981011, 39.22106999985942], [-120.83054100003802, 39.22117000017249], [-120.83041899983931, 39.22130300011766], [-120.83021299997498, 39.22145199998192], [-120.82999200004204, 39.221581999932106], [-120.82986999984332, 39.22164699981694], [-120.82970900018483, 39.221692000023104], [-120.82958699998609, 39.221703999934064], [-120.82937299972583, 39.221684999668184], [-120.8291369997243, 39.221624000025145], [-120.82905800008157, 39.22156499973817], [-120.82903799999008, 39.221550999698195], [-120.82896199982213, 39.22144400024481], [-120.82877100002639, 39.221272999817145], [-120.82865600039868, 39.22120400005163], [-120.82844999963604, 39.22109299983268], [-120.82829800019839, 39.22105100011788], [-120.82818299967235, 39.22104799993842], [-120.82805399980093, 39.22106300013836], [-120.82794699967079, 39.22108999965507], [-120.82789399996733, 39.221120000033736], [-120.82778600001232, 39.22119600028625], [-120.82777199976861, 39.22124999990286], [-120.82771099966925, 39.221326000014585], [-120.82764899974495, 39.221441000082145], [-120.82761899960774, 39.2215779997231], [-120.82760299971422, 39.22171100028708], [-120.82764200007226, 39.221891000078784], [-120.8276870002781, 39.22198599968606], [-120.82773300030888, 39.22207000005951], [-120.82783200004307, 39.22216500012054], [-120.82790900003597, 39.222225999989334], [-120.82807600044053, 39.22233699980855], [-120.82818400039557, 39.222398000223826], [-120.82844299996334, 39.2225659998842], [-120.82855000009346, 39.22266500011714], [-120.82864899982768, 39.2227790000437], [-120.82871699959973, 39.22290900032004], [-120.82876400035371, 39.22303100010342], [-120.82876299963048, 39.22315699979402], [-120.82874799956187, 39.22325599988935], [-120.82870999992703, 39.22333299994426], [-120.8286730001171, 39.223376999738896], [-120.82864800000276, 39.223408999888555], [-120.8285800002307, 39.22348100034587], [-120.82821399963449, 39.22370300001521], [-120.82807700026542, 39.223759999854664], [-120.82792400010457, 39.2238100002007], [-120.82773300030888, 39.22383600003249], [-120.82760400043742, 39.22383199995193], [-120.82751900004862, 39.22382099972924], [-120.8273979996748, 39.22379399987117], [-120.8273209996819, 39.223759999854664], [-120.8272069998791, 39.223741000145296], [-120.82707700018275, 39.22371400025645], [-120.8269399999154, 39.22369899992707], [-120.82683299978525, 39.223710000168936], [-120.82654300025537, 39.22378300033839], [-120.8263060004289, 39.2238589997954], [-120.82600099993206, 39.22394300001524], [-120.82562699983825, 39.22411500021795], [-120.82525399956933, 39.224252000207336], [-120.82513899994161, 39.2243279998525], [-120.82504000020742, 39.22444299987326], [-120.82500900024529, 39.22452300004895], [-120.82500900024529, 39.22461500024257], [-120.82501699974286, 39.22471699969608], [-120.82501699974286, 39.225053000040376], [-120.82497900010804, 39.225179000276746], [-120.82493300007728, 39.22525500030994], [-120.82490200011515, 39.225343000245566], [-120.82485699990933, 39.22540400013619], [-120.82478800031232, 39.22547299994861], [-120.82468200000713, 39.22552199977418], [-120.82453899989198, 39.22556300029786], [-120.82443699978474, 39.22559900012686], [-120.82419300028559, 39.22559500014677], [-120.82404000012471, 39.225587000185904], [-120.82390299985737, 39.22556400029333], [-120.8235680001216, 39.22549599987096], [-120.823300000333, 39.225454000007026], [-120.8230409998669, 39.225423000091304], [-120.82287299963741, 39.225435000060294], [-120.82276700023051, 39.22545799999514], [-120.8226519997045, 39.22554899966346], [-120.82259099960513, 39.225622000007974], [-120.8224769998023, 39.22577399972861], [-120.82237700024316, 39.22592299984488], [-120.82221700040964, 39.2261169997978], [-120.82191199991277, 39.226549000076425], [-120.82172899961468, 39.22666699987705], [-120.82163699955316, 39.2267429996908], [-120.82153100014627, 39.226842000295306], [-120.82142400001615, 39.226956999676425], [-120.82130900038844, 39.22705599997906], [-120.82120999975591, 39.22715900003324], [-120.82105800031826, 39.227250000279625], [-120.82097299992944, 39.22728100008429], [-120.82083900003514, 39.22729199976472], [-120.82070599996575, 39.2272849999683], [-120.82062999979776, 39.2272730003156], [-120.82043900000205, 39.22720800007353], [-120.82031000013062, 39.22718200009903], [-120.81995899960302, 39.22708299997412], [-120.81953900037678, 39.2270710002869], [-120.8193710001473, 39.227093999685586], [-120.81924099955262, 39.22713999985223], [-120.81909599978769, 39.22721599984962], [-120.819012999947, 39.22732700012831], [-120.81895900041866, 39.22742999978478], [-120.81892799955818, 39.22752099967979], [-120.81892099988549, 39.227604999692254], [-120.81892799955818, 39.227712000192156], [-120.819012999947, 39.2278460002304], [-120.81908099971906, 39.22793700028185], [-120.81917299978056, 39.22804400027558], [-120.81925599962126, 39.2281769997217], [-120.8192869995834, 39.22828400004535], [-120.81927900008579, 39.2284139998679], [-120.81925700034446, 39.22850899969297], [-120.81921899981134, 39.22857799993217], [-120.81918000035157, 39.22862399982197], [-120.81909599978769, 39.228691999997096], [-120.81888300025065, 39.22879199988943], [-120.81876100005194, 39.228817999963354], [-120.81862399978458, 39.22883399984347], [-120.8184630001261, 39.22883699969014], [-120.81828800022393, 39.228848999771294], [-120.81815000013165, 39.22886800018549], [-120.81802100026022, 39.228910000094054], [-120.81792199962771, 39.22898600026228], [-120.81785999970342, 39.22907399969507], [-120.81777699986276, 39.22918100004283], [-120.81760100013564, 39.22929199999707], [-120.81754800043218, 39.22932999988466], [-120.81743299990615, 39.22939500024895], [-120.81730400003472, 39.22943999966295], [-120.81715800044486, 39.229481999925056], [-120.81703700007102, 39.22950899968266], [-120.8169070003747, 39.22956199992397], [-120.81679199984866, 39.2296879997199], [-120.8167609998865, 39.229736000145934], [-120.81673900014518, 39.22977199992206], [-120.81670099961207, 39.22984799985268], [-120.8166470000837, 39.22992800013019], [-120.81657099991573, 39.22996700030198], [-120.81648700025013, 39.22999299994059], [-120.81615199961605, 39.23007399998406], [-120.81577800042055, 39.23010799972527], [-120.81554099969577, 39.23015000028344], [-120.81539599993081, 39.2301800002691], [-120.81524399959486, 39.23022200008827], [-120.8151060004009, 39.23025299997187], [-120.81495400006494, 39.23025299997187], [-120.81476300026925, 39.230230000216665], [-120.81468700010124, 39.230203000040646], [-120.81461000010837, 39.23014599986686], [-120.81448799990964, 39.23007399998406], [-120.81406899960996, 39.22981399998545], [-120.81394599958632, 39.22974600020157], [-120.81381699971492, 39.22971500009405], [-120.81377099968412, 39.22971500009405], [-120.81370999958477, 39.22974900000925], [-120.81368700001853, 39.22978000010174], [-120.81364900038372, 39.22986699999642], [-120.81362599991917, 39.22995499971615], [-120.81362599991917, 39.230065999837876], [-120.81361000002566, 39.23016499992992], [-120.81360300035296, 39.2302449998461], [-120.81354200025358, 39.23036299969511], [-120.81348899965184, 39.2304279997984], [-120.8133659996282, 39.23051999990599], [-120.81323699975677, 39.23058800033154], [-120.81312999962663, 39.23063799998844], [-120.81293899983093, 39.23067200015225], [-120.81257300013303, 39.23071099991063], [-120.81233700013149, 39.23072999982071], [-120.81220700043514, 39.23076000025423], [-120.81204599987834, 39.23081699992928], [-120.81196300003768, 39.23087500017375], [-120.81184800040992, 39.230943000255294], [-120.81174899977742, 39.2310349996877], [-120.81165800043915, 39.23114600018859], [-120.81159599961654, 39.23121000034745], [-120.81152000034687, 39.231325000225326], [-120.81138300007953, 39.23164500031554], [-120.81129900041394, 39.23177899980243], [-120.81122200042104, 39.23187399994313], [-120.81110100004722, 39.23198800022053], [-120.81100200031302, 39.23205300021033], [-120.81046699966241, 39.23229400008601], [-120.81029199976024, 39.23233199973964], [-120.81019999969872, 39.23234700031141], [-120.81004800026106, 39.23236200018411], [-120.80958999960335, 39.232392999818146], [-120.80942999976978, 39.23241999984737], [-120.80929199967751, 39.23246099982037], [-120.80923099957816, 39.23248400023597], [-120.80910900027773, 39.23251499981611], [-120.8089030004134, 39.23259100025512], [-120.80881200017681, 39.23264099987647], [-120.80865900001594, 39.23273600024184], [-120.8083689995877, 39.232878000255084], [-120.80820100025653, 39.23298100011435], [-120.80802499963113, 39.233040999739735], [-120.80769800029128, 39.233140999697135], [-120.80750699959727, 39.23318299983159], [-120.80731599980155, 39.23323199984074], [-120.80723200013595, 39.23324000032176], [-120.80701799987574, 39.23326999968224], [-120.80676699980556, 39.23328900029111], [-120.80654599987263, 39.23328599993892], [-120.80643899974251, 39.23327399992073], [-120.80634800040424, 39.23325500000358], [-120.8062560003427, 39.23322900018195], [-120.8061569997102, 39.23320600001054], [-120.80588200024889, 39.233187000075034], [-120.80570700034671, 39.23318999973562], [-120.80553099972131, 39.23320600001054], [-120.80521799972686, 39.233243999866126], [-120.80492099962595, 39.23325099976406], [-120.80477500003607, 39.2332470002201], [-120.80462299970011, 39.23325099976406], [-120.80451599956997, 39.23324800010609], [-120.80424899960627, 39.23326600013936], [-120.80414300019939, 39.23328900029111], [-120.80402799967335, 39.233331000336975], [-120.80393599961185, 39.233384999663144], [-120.80373800014344, 39.23356000002887], [-120.8036159999447, 39.23368600030018], [-120.8035320002791, 39.23380100029516], [-120.80344100004253, 39.23397200012067], [-120.80337200044555, 39.234204999993395], [-120.80328799988162, 39.23439999988344], [-120.8032490004219, 39.23467000033517], [-120.80321900028467, 39.23480000015634], [-120.80308899969003, 39.235112999995444], [-120.80298300028312, 39.2352160000529], [-120.80285299968845, 39.23531499983722], [-120.80273100038805, 39.23537199998701], [-120.8026090001893, 39.23542199971412], [-120.80248600016564, 39.235452000229074], [-120.80232700015699, 39.23546399987479], [-120.80218900006476, 39.23546799998819], [-120.80203599990386, 39.23546399987479], [-120.80189100013891, 39.235452000229074], [-120.80176200026749, 39.23542199971412], [-120.80137300010506, 39.23534999967833], [-120.80121999994418, 39.23532999977127], [-120.8010819998519, 39.23533399989231], [-120.800976000445, 39.23534200013365], [-120.80084599985034, 39.235368999723946], [-120.80071600015401, 39.23542199971412], [-120.80041099965717, 39.23558600009958], [-120.8002509998236, 39.23566600009759], [-120.8001520000894, 39.23574600000443], [-120.80006000002788, 39.235857000011016], [-120.80003699956336, 39.2359480001111], [-120.80002200039307, 39.23607400026895], [-120.80002200039307, 39.236219000015915], [-120.79999999975344, 39.23645600013755], [-120.79999999975344, 39.23654700015652], [-120.7999760003623, 39.236620000193476], [-120.79996899979128, 39.23673799975894], [-120.79994600022506, 39.236859999855774], [-120.79981700035366, 39.23714599995842], [-120.79973299978973, 39.237288000091986], [-120.79964900012415, 39.23737899972754], [-120.7995110000319, 39.237546999708094], [-120.7993129996652, 39.237821999677756], [-120.79915200000669, 39.238016000133754], [-120.79899299999805, 39.238142000056484], [-120.7988630003017, 39.23825999984516], [-120.79871000014082, 39.2383780001312], [-120.79857299987346, 39.23846199967139], [-120.79835100011563, 39.23854599980678], [-120.79810000004545, 39.238603000114686], [-120.79797000034912, 39.23865700025385], [-120.7978709997166, 39.23872200032754], [-120.79758899968428, 39.238924000215015], [-120.79748099972927, 39.238977000302725], [-120.79738299981996, 39.23900799979723], [-120.79725300012363, 39.23906099982148], [-120.79693299955818, 39.23915700034106], [-120.79672599986895, 39.23919899965736], [-120.79642899976801, 39.23926700002114], [-120.79626100043684, 39.23932100034492], [-120.7961319996671, 39.23937000024201], [-120.79600100014585, 39.23943499965514], [-120.79584100031227, 39.23953099966287], [-120.79571200044086, 39.23961799999129], [-120.79532300027842, 39.23990099991347], [-120.79517699979021, 39.239987999783], [-120.79501799978156, 39.24009500018638], [-120.79474300032028, 39.24027100029978], [-120.7945829995884, 39.2403390003202], [-120.7944219999299, 39.24039700034693], [-120.79413200040001, 39.24048400029708], [-120.79362900043476, 39.240526000210444], [-120.79331600044029, 39.24054099972614], [-120.79291200020926, 39.24054500024579], [-120.79278199961462, 39.24054099972614], [-120.79254599961305, 39.24055299989297], [-120.79244600005396, 39.24058700012262], [-120.79230899978658, 39.240622000116694], [-120.7921270002117, 39.24070599975302], [-120.79199599979214, 39.24076700020438], [-120.79159900013211, 39.24099500020153], [-120.79144699979615, 39.24106799978461], [-120.79136999980325, 39.24113700019752], [-120.79130899970387, 39.24123200019117], [-120.7912180003656, 39.24151799986406], [-120.79115700026624, 39.24168199991424], [-120.7910500001361, 39.241879999879764], [-120.79092100026469, 39.24207899974226], [-120.7907749997765, 39.24225399999039], [-120.79069100011091, 39.242365000136154], [-120.79057700030809, 39.24248700018778], [-120.7904090000786, 39.24263600029943], [-120.7902180002829, 39.24278800004055], [-120.79001300024349, 39.24292900013755], [-120.78982200044777, 39.24302899991611], [-120.78970000024906, 39.24311300014869], [-120.78945599985158, 39.24325799995737], [-120.78927299955346, 39.243341999915714], [-120.78906599986423, 39.243414000098056], [-120.78885999999991, 39.24347500028177], [-120.78860100043212, 39.24357799988979], [-120.78852500026414, 39.243604000050624], [-120.78841800013403, 39.243643000273835], [-120.78813500027681, 39.243749999972025], [-120.78799800000945, 39.24383400003689], [-120.78773100004575, 39.24396299984123], [-120.78760899984702, 39.24405500029021], [-120.78753299967904, 39.24414300030431], [-120.78744900001347, 39.244265000046326], [-120.78737299984549, 39.24439099987649], [-120.78726599971534, 39.244512999882794], [-120.7868459995908, 39.24490899996943], [-120.78671599989447, 39.24502000008796], [-120.78658600019811, 39.24514199969591], [-120.78626599963266, 39.245401999942985], [-120.78612800043871, 39.24554299965522], [-120.78596900043007, 39.245695000053715], [-120.7857629996674, 39.24591300019672], [-120.78554099990956, 39.24609200012669], [-120.78536500018247, 39.24624499973191], [-120.78520500034888, 39.24636699999179], [-120.78504499961703, 39.24650000018733], [-120.78491599974556, 39.24663399982592], [-120.78484700014862, 39.246806000066634], [-120.78480899961548, 39.24696199996873], [-120.78481600018645, 39.247056999725714], [-120.78481700001137, 39.2472100000085], [-120.78486200021723, 39.24731699983059], [-120.78493099981421, 39.24743100005955], [-120.78499199991357, 39.247545000103244], [-120.78507599957916, 39.247866000329154], [-120.78509099964776, 39.24801500014498], [-120.78506899990646, 39.248179000309314], [-120.7850000003095, 39.24826999973026], [-120.78477799965333, 39.24847199994941], [-120.78467200024642, 39.24855300022514], [-120.78454199965178, 39.248635999740735], [-120.78414499999175, 39.24879999984417], [-120.78386999963213, 39.24888400012192], [-120.7836570000951, 39.24896099988232], [-120.78346600029941, 39.2490070003222], [-120.78327600032861, 39.24904800034106], [-120.782932000372, 39.24907500022161], [-120.7826570000124, 39.2490519996799], [-120.78245899964568, 39.24906700015504], [-120.7821149996891, 39.2491439997145], [-120.78193200028933, 39.249247000041045], [-120.78171100035637, 39.249391999690516], [-120.78168799989183, 39.249403000078715], [-120.78163500018839, 39.24942999982258], [-120.78134499976018, 39.249532999729055], [-120.7811930003225, 39.24957899979374], [-120.78079599976417, 39.249730999792995], [-120.7806359999306, 39.24982700031841], [-120.78058200040223, 39.249899000104506], [-120.77895700015553, 39.25106599989301], [-120.77869000019186, 39.251218999777265], [-120.7783780000223, 39.25134900023491], [-120.77796000044587, 39.251584999700775], [-120.77786599983624, 39.251639000280434], [-120.7775679999104, 39.251787999731846], [-120.77730199977165, 39.2519329996924], [-120.7770110004168, 39.25206199990418], [-120.77656100015501, 39.252299000063026], [-120.77640100032144, 39.25247399985405], [-120.7763550002907, 39.25258499982506], [-120.77631699975755, 39.25295100027064], [-120.77634000022208, 39.253148999726776], [-120.77634000022208, 39.25337800011493], [-120.77633299965107, 39.25353500029825], [-120.77628699962031, 39.25369900007449], [-120.77624099958958, 39.2538019999711], [-120.7761949995588, 39.25392800005762], [-120.7760959998246, 39.25407599992526], [-120.77595100005965, 39.254199000061696], [-120.77562999966929, 39.254350999785174], [-120.77548599972926, 39.25437000024914], [-120.77524200023008, 39.254439000096845], [-120.77495900037287, 39.254484000142405], [-120.77485200024273, 39.25450799987664], [-120.77454199972303, 39.25459299985479], [-120.77453599987524, 39.25460099998656], [-120.77442700009529, 39.254766000326775], [-120.7742799997822, 39.25513600020505], [-120.77394500004645, 39.25535400021558], [-120.7739330003509, 39.25536299983134], [-120.77362000035646, 39.25540999981532], [-120.77331700040774, 39.2554560001984], [-120.77314599980521, 39.25533199991342], [-120.77276599986361, 39.255185000183495], [-120.77244899967121, 39.255227999909245], [-120.77207999960027, 39.25552599993703], [-120.77186100021547, 39.25565400023231], [-120.77161000014532, 39.25569199975334], [-120.77104299970763, 39.255657000323374], [-120.77081299955385, 39.255668999990796], [-120.77062000010832, 39.255758000300204], [-120.77028399964935, 39.255937999705324], [-120.77001599986075, 39.256045999683046], [-120.76980999999641, 39.256089000271956], [-120.76939400006984, 39.256111999896675], [-120.7690009997094, 39.25619700001708], [-120.7689620002497, 39.25620999984638], [-120.7687179998522, 39.25629699965851], [-120.76850299976705, 39.256468000293864], [-120.76818999977262, 39.25687800029732], [-120.76807699979472, 39.25698300018404], [-120.76805800042645, 39.25701899989036], [-120.76804400018274, 39.257032999809816], [-120.76800499982468, 39.25707800027722], [-120.76799200030418, 39.25709299973104], [-120.76795499959597, 39.25712100023317], [-120.76788699982389, 39.25717399978673], [-120.7678430003413, 39.25720299980105], [-120.76780499980813, 39.257230000019504], [-120.76766500006605, 39.257327000254776], [-120.76745099980582, 39.257512999828606], [-120.76740599959997, 39.257532999671106], [-120.76726800040602, 39.25764299974633], [-120.76697799997778, 39.25784200009518], [-120.7668719996726, 39.257951999685574], [-120.76676500044077, 39.2580779999655], [-120.76671100001411, 39.25816999998265], [-120.7666199997775, 39.25857000034719], [-120.76658899981537, 39.25874899996595], [-120.76655100018054, 39.258878999678416], [-120.76653600011191, 39.2590010002166], [-120.76649799957876, 39.259115999748495], [-120.7664289999818, 39.2592839998323], [-120.76631500017898, 39.25951999971721], [-120.76614699994948, 39.2597299997661], [-120.76600899985725, 39.25984399998627], [-120.76586499991718, 39.25994699989769], [-120.76573500022086, 39.260024000029716], [-120.76558999955756, 39.26014199986917], [-120.76547599975476, 39.26022599977537], [-120.76539899976186, 39.260317000255704], [-120.7652389999283, 39.26047800028106], [-120.76518600022484, 39.26057699988411], [-120.76513199979819, 39.26065999977377], [-120.76511699972954, 39.260684000176056], [-120.76502499966804, 39.26080900022574], [-120.76491099986524, 39.26101199998181], [-120.76473500013813, 39.26138900015506], [-120.76470500000092, 39.26151899984063], [-120.76465899997015, 39.26167199986796], [-120.76465200029746, 39.2617859997121], [-120.76462899983291, 39.261912000056284], [-120.76462100033532, 39.26202600020566], [-120.76459799987077, 39.2621369996605], [-120.76459799987077, 39.26228599975509], [-120.76457500030456, 39.26245399989274], [-120.76452199970282, 39.2625759997734], [-120.76444499970992, 39.262716999730145], [-120.76439200000644, 39.26284600027084], [-120.76429999994497, 39.26297200010065], [-120.76425499973912, 39.263017999695066], [-120.76410999997415, 39.26311699988398], [-120.76399600017133, 39.26317099992808], [-120.7638809996453, 39.2632320003143], [-120.76353699968872, 39.26334599970789], [-120.76328599961855, 39.26344900003778], [-120.76315599992219, 39.263506999731526], [-120.7628809995626, 39.263613000270915], [-120.76275199969116, 39.26368200006346], [-120.76263000039076, 39.26375800011921], [-120.7625149998647, 39.263850000332745], [-120.76244700009265, 39.263922000324875], [-120.76232400006897, 39.26401400032315], [-120.7622260001597, 39.26407100010271], [-120.76208800006744, 39.26411299980081], [-120.76188200020313, 39.26413600027062], [-120.76174499993574, 39.26413199970563], [-120.76154699956905, 39.26414799987777], [-120.7611490000841, 39.26415500016926], [-120.76098199967953, 39.264174000062695], [-120.76071499971583, 39.26417799992982], [-120.76058500001947, 39.264166000327805], [-120.7605010003539, 39.26414699973669], [-120.76037900015515, 39.26414000013992], [-120.76029499959125, 39.26412799983593], [-120.76021099992569, 39.264102000329416], [-120.75995099963467, 39.264037000129974], [-120.75983000015916, 39.26400999975119], [-120.7597149996331, 39.263994999690816], [-120.7595020000961, 39.26400599987447], [-120.75909700004016, 39.263980000322704], [-120.75881500000783, 39.2639719998702], [-120.75867000024289, 39.263990999813245], [-120.75851700008201, 39.26405200018135], [-120.7583949998833, 39.264078999848444], [-120.75828000025555, 39.26412100023722], [-120.75789899959074, 39.264189000084755], [-120.75780800025247, 39.26418199979666], [-120.75754899978637, 39.26415100030082], [-120.75734999959474, 39.26414400000893], [-120.75712899966179, 39.26415900003742], [-120.75696800000333, 39.26415100030082], [-120.75672399960582, 39.264192999950986], [-120.75659499973443, 39.26423500027149], [-120.75649500017529, 39.26428500028905], [-120.7563960004411, 39.26435400011559], [-120.75628199973995, 39.26445600021858], [-120.75616700011224, 39.2645859997801], [-120.75604499991348, 39.26474299990284], [-120.75596100024791, 39.2648909998914], [-120.7558540001178, 39.26512399999208], [-120.75580899991195, 39.2652620000118], [-120.75577100027711, 39.26541000029546], [-120.75572500024636, 39.26549799994004], [-120.75557999958309, 39.26571500029856], [-120.75545800028269, 39.26585999997134], [-120.75535100015254, 39.26597899983844], [-120.75519100031899, 39.266185000258666], [-120.75501499969357, 39.266363999906], [-120.75485499985999, 39.2665130000564], [-120.75477700004218, 39.266576999939694], [-120.75456500033008, 39.26675299966527], [-120.75451199972832, 39.26680600028241], [-120.75439700010061, 39.26687900012198], [-120.75377199993662, 39.26723700028282], [-120.75300799985548, 39.267706999772926], [-120.75284800002188, 39.26782499989277], [-120.75273699969381, 39.26794900033495], [-120.75269999988387, 39.26804600034289], [-120.75266300007395, 39.26809599972813], [-120.75262600026406, 39.26824799992132], [-120.75261899969303, 39.26835400024525], [-120.75262700008895, 39.268476999672195], [-120.75258199988313, 39.26856899995061], [-120.75252800035476, 39.26863400011984], [-120.75245200018675, 39.26869900022878], [-120.75234500005666, 39.268728999723784], [-120.75214599986502, 39.2687980000435], [-120.7516959996032, 39.26886999982093], [-120.7513070003391, 39.26895799998931], [-120.7512579999353, 39.26896200027884], [-120.75104799987302, 39.26898100026011], [-120.75089600043538, 39.26905299984947], [-120.75076599984071, 39.2691450000672], [-120.75057500004502, 39.2693010003417], [-120.75044500034866, 39.26943099995745], [-120.7502160000198, 39.26970199984154], [-120.74999500008687, 39.269930999709345], [-120.74987999956083, 39.27004099980195], [-120.74968999959003, 39.270151999777234], [-120.74943799969496, 39.270319999837696], [-120.74925500029515, 39.27045700000693], [-120.74917099973125, 39.27052600001614], [-120.74909499956327, 39.270609999996154], [-120.74896499986694, 39.27083899967852], [-120.74891899983618, 39.270994999659194], [-120.74888899969895, 39.271228000329934], [-120.74891899983618, 39.271464000335875], [-120.74893399990479, 39.27168200033653], [-120.74895700036932, 39.271891000079975], [-120.74896499986694, 39.272028999988144], [-120.74891100033858, 39.27235300015578], [-120.74885000023923, 39.27263900016633], [-120.74878999996476, 39.272768999848516], [-120.74875900000262, 39.272872000238536], [-120.74865900044351, 39.27303199992292], [-120.74861500006256, 39.27308800000436], [-120.74835099957362, 39.27341800019595], [-120.74826699990803, 39.273544999802866], [-120.74811200009734, 39.27373700017876], [-120.74797400000506, 39.27397100007772], [-120.74787400044595, 39.27410900006186], [-120.7476879997748, 39.274384999910204], [-120.74763400024644, 39.274414999752594], [-120.7475260002914, 39.27456900013229], [-120.74740300026775, 39.27473400006414], [-120.74729500031272, 39.2748640000318], [-120.74722499999253, 39.274914000115594], [-120.74700300023467, 39.27498699985395], [-120.74684099985298, 39.275021000077686], [-120.74677300008089, 39.275039999806886], [-120.74640400000997, 39.27509199973488], [-120.74624199962825, 39.27513399978227], [-120.7460419996117, 39.27517999973906], [-120.7458499999911, 39.275217999801484], [-120.7456890003326, 39.275263999703114], [-120.74551899955499, 39.27528999993654], [-120.74544999995801, 39.27532000008684], [-120.74532699993436, 39.275361999997564], [-120.74490400033507, 39.275633999869434], [-120.74479600038003, 39.27567600028728], [-120.74464999989185, 39.27571000017665], [-120.74454299976173, 39.27572599979165], [-120.74445800027122, 39.27575199985358], [-120.7443729998824, 39.27581700031392], [-120.74427300032329, 39.275901000209664], [-120.74414199990373, 39.27603899986944], [-120.74411900033752, 39.27606199990225], [-120.74408800037538, 39.276170000166815], [-120.74403300012378, 39.276453999964936], [-120.74401800005516, 39.27662300017747], [-120.7439639996285, 39.276833999706035], [-120.74384800017586, 39.277119000245435], [-120.74379399974917, 39.27718699999783], [-120.74373199982489, 39.27724500014358], [-120.74363899993848, 39.277291000105144], [-120.74317100013334, 39.27742000024428], [-120.74286300016176, 39.277523000055496], [-120.74278600016889, 39.277565000036354], [-120.74245499973276, 39.27772200028805], [-120.74224700021861, 39.27785600005627], [-120.74200100017134, 39.277994000037474], [-120.74174699972811, 39.278150000081936], [-120.74160899963586, 39.27828099990889], [-120.74152400014535, 39.27837299983199], [-120.74140100012168, 39.27856099975271], [-120.74122299984646, 39.278690000334834], [-120.7410630000129, 39.278751999662255], [-120.74086899984415, 39.27879299966962], [-120.74071599968327, 39.27884299973089], [-120.74049300010049, 39.27886199981436], [-120.74010200028825, 39.27891399968708], [-120.73990899994439, 39.2789180001036], [-120.7397170003238, 39.278931999821204], [-120.73954099969836, 39.27896299973239], [-120.73925600019135, 39.27905400022226], [-120.7392400002978, 39.279074000176585], [-120.73910200020555, 39.27912300010999], [-120.73896400011327, 39.2791800001171], [-120.73870200017247, 39.27921800009609], [-120.73846399962277, 39.27927899972645], [-120.7383180000329, 39.27933999999907], [-120.73820199968195, 39.27945500023177], [-120.73804799969618, 39.279634999975116], [-120.73797900009917, 39.27976200013379], [-120.7378250001134, 39.279969000282314], [-120.7376629997317, 39.280103999838], [-120.7374939996773, 39.28021800029547], [-120.73731700012529, 39.280271999678874], [-120.73716300013949, 39.280286999732], [-120.73705600000939, 39.28029000015947], [-120.73701800037452, 39.28030099987142], [-120.73689500035088, 39.28037899980213], [-120.73678599967263, 39.28053099977418], [-120.73673200014429, 39.280634999784624], [-120.73667699989268, 39.28091200024916], [-120.73656100044005, 39.281421999765804], [-120.73649100011986, 39.281568000206335], [-120.73641400012696, 39.281702000266584], [-120.73622099978313, 39.281954999925425], [-120.73612200004891, 39.282032000214606], [-120.73597499973582, 39.28210799983909], [-120.73576700022167, 39.28216500019867], [-120.73555299996144, 39.28221900016715], [-120.73515299992833, 39.282344000050415], [-120.73482999988815, 39.28250399965896], [-120.73473700000176, 39.282569999990706], [-120.73451400041897, 39.282738000175335], [-120.73422800018872, 39.28301900015462], [-120.73398200014144, 39.28328700002979], [-120.73376700005626, 39.28340899979939], [-120.73373600009413, 39.28344300010766], [-120.73358999960595, 39.28356200001368], [-120.73339799998531, 39.28366899997854], [-120.73317399967935, 39.28373400004639], [-120.73285099963914, 39.28385599973274], [-120.73259000042154, 39.283986000156304], [-120.732390000405, 39.284132000119705], [-120.73224300009191, 39.284268999703826], [-120.73215100003041, 39.284347000083216], [-120.73194299961794, 39.2845380002087], [-120.73174299960141, 39.284699000215745], [-120.73149699955412, 39.28487899969468], [-120.73135099996425, 39.28494400003025], [-120.73102700009915, 39.28510399995731], [-120.73062799989098, 39.2852919998913], [-120.73023399970569, 39.285501000057714], [-120.73006600037449, 39.2856089996764], [-120.72986499963474, 39.28577300019526], [-120.7296649996182, 39.28596499973818], [-120.7294339996395, 39.28624800032822], [-120.72899400032178, 39.28683499980532], [-120.72886399972711, 39.28705500027604], [-120.7287559997721, 39.28726899979912], [-120.72865600021296, 39.28743800034112], [-120.72846299986911, 39.287605999973835], [-120.72828499959388, 39.28774400021492], [-120.72815499989757, 39.28787500017705], [-120.72789299995672, 39.28808100018972], [-120.7277630002604, 39.28814600033463], [-120.72758499998515, 39.28821500030474], [-120.72733100044026, 39.288287000291774], [-120.72671600032201, 39.288524000334554], [-120.72654800009252, 39.288578000267265], [-120.7262929998244, 39.28861099966495], [-120.72601699963988, 39.288668000294436], [-120.72572499956183, 39.28875200007635], [-120.72540900009265, 39.288848000001735], [-120.72522499996964, 39.28890099989693], [-120.72504099984663, 39.28892999999312], [-120.72464900020947, 39.28896500018915], [-120.72434100023789, 39.28900599978071], [-120.72370400037835, 39.28908500023177], [-120.72330400034527, 39.28917300003963], [-120.72297999958184, 39.28935599987851], [-120.722717999641, 39.289473999692035], [-120.72205599966712, 39.28982599978093], [-120.72170400021291, 39.28997500009733], [-120.72158799986198, 39.290017000259894], [-120.72129499995901, 39.29011200007117], [-120.72100299988097, 39.29017699972143], [-120.72024299999778, 39.290302000002335], [-120.72004200015631, 39.29037399992942], [-120.71952699959719, 39.290537999718616], [-120.71923600024236, 39.290637999723785], [-120.71890399998134, 39.29074400024077], [-120.71851200034418, 39.290916000016765], [-120.71789700022595, 39.29120700019149], [-120.71739699973544, 39.291393999980926], [-120.71708100026626, 39.2915619998566], [-120.7166200001338, 39.291774999765074], [-120.71649700011017, 39.29184099970318], [-120.71628200002502, 39.29193299989232], [-120.71591999962678, 39.292073999871974], [-120.71562099987602, 39.292165000013796], [-120.71533600036896, 39.29222600018785], [-120.71512799995651, 39.2922519996874], [-120.71484400027441, 39.29224700029245], [-120.71446699980751, 39.2922349999355], [-120.71388299965142, 39.2922299998441], [-120.71339999977766, 39.29218199978273], [-120.71321599965465, 39.292170999850946], [-120.71292299975168, 39.29216599975497], [-120.71235500038743, 39.29214600006274], [-120.71177799990403, 39.2921560002572], [-120.71084899996646, 39.2922299998441], [-120.71070300037658, 39.29225699977722], [-120.710571999957, 39.29232200021732], [-120.71041899979612, 39.29243699999247], [-120.7103180004121, 39.292544000302854], [-120.71007900003748, 39.292901000298386], [-120.70992500005171, 39.2930999999459], [-120.70968499985219, 39.29350199990873], [-120.70955299960774, 39.29369000024067], [-120.70940799984278, 39.293855000323155], [-120.70929999988772, 39.29400099987383], [-120.70914500007704, 39.29415500029854], [-120.70895400028132, 39.29435800008802], [-120.70892900016695, 39.29439999970727], [-120.70882200003686, 39.29450699979864], [-120.70859100005816, 39.294695000212926], [-120.7084599996386, 39.29484800010352], [-120.70835199968357, 39.29500999974596], [-120.70823700005585, 39.295171000010505], [-120.70812099970489, 39.29530800024635], [-120.70803700003931, 39.295400999746214], [-120.70780500023571, 39.29561300010294], [-120.70774400013634, 39.295669000208015], [-120.70747499962451, 39.29581399976301], [-120.70725100021686, 39.29591700033365], [-120.70693599967426, 39.2960159999226], [-120.70670499969555, 39.2960660002025], [-120.70642100001345, 39.29611500006676], [-120.70614499982891, 39.29616800002323], [-120.70585899959865, 39.29625500028449], [-120.70549000042601, 39.29637699970962], [-120.70520599984557, 39.29654999992609], [-120.70498300026281, 39.29666499970882], [-120.70476700035277, 39.29678299971881], [-120.70462900026048, 39.29688699992792], [-120.70443599991665, 39.29706599969218], [-120.70424400029603, 39.29725400018678], [-120.70408199991431, 39.29737700031854], [-120.7039970004238, 39.29743400006893], [-120.70383599986702, 39.297560000267204], [-120.70358999981971, 39.29778199973375], [-120.7034819998647, 39.2979429998804], [-120.70339599965097, 39.298115999702944], [-120.7033349995516, 39.29825499974086], [-120.70329600009185, 39.298635000081326], [-120.70328699987104, 39.29866600030901], [-120.70327199980241, 39.298814999888556], [-120.70324800041128, 39.29893800005835], [-120.7031710004184, 39.29903399992205], [-120.7029400004397, 39.299383000308495], [-120.70280900002014, 39.299552000115405], [-120.70276200016447, 39.29960100032041], [-120.7026319995698, 39.29971200003374], [-120.70250900044448, 39.29978200005678], [-120.70237499965187, 39.29981699969448], [-120.70234700006276, 39.29982399989798], [-120.70214700004624, 39.299842000219456], [-120.70195500042563, 39.29983399969096], [-120.70180100043983, 39.29981000018545], [-120.70138700016305, 39.29973299997848], [-120.70108699968907, 39.299685000194806], [-120.70093299970327, 39.29967799997741], [-120.70082599957317, 39.29969300004515], [-120.70068800037922, 39.29972300017106], [-120.70047300029407, 39.29980299998056], [-120.70021899985085, 39.299929000085946], [-120.70002600040533, 39.3000399999743], [-120.69978799985563, 39.3001940003233], [-120.69957199994556, 39.300300000276415], [-120.69935699986041, 39.3003269998781], [-120.69891199962149, 39.30031500021089], [-120.69888599968219, 39.3003190001002], [-120.6988489998723, 39.30034300012637], [-120.69880500038965, 39.30037600023577], [-120.69876699985653, 39.300398000300106], [-120.69869900008445, 39.30042099998078], [-120.69860200000007, 39.300450000171814], [-120.69852900020514, 39.300470000272604], [-120.69840399963337, 39.30053300010097], [-120.69835099992991, 39.300621000119335], [-120.69799899957742, 39.300956000061845], [-120.69783899974382, 39.30103599985248], [-120.69759500024468, 39.30110099978886], [-120.6973580004182, 39.30115799998281], [-120.69712900008935, 39.30118100010888], [-120.69689300008781, 39.30121899996819], [-120.69648800003186, 39.30123100017559], [-120.69633599969588, 39.30125699980688], [-120.69626000042621, 39.301261000337526], [-120.69612999983157, 39.30128800026369], [-120.6958860003324, 39.30132600006491], [-120.6957030000343, 39.301349000135836], [-120.69559599990419, 39.30140999995482], [-120.69541299960609, 39.30156700028139], [-120.69539000003986, 39.3015819999444], [-120.69532899994049, 39.30159700029931], [-120.69483299964794, 39.301555000131636], [-120.69468799988299, 39.30154699979888], [-120.69419900016143, 39.30163100011872], [-120.69390999955812, 39.30171500033771], [-120.69382599989254, 39.30175299990714], [-120.6936200000282, 39.30180700006465], [-120.69342900023253, 39.3018179998728], [-120.69320800029956, 39.30184900008117], [-120.69301699960553, 39.30192499974903], [-120.69289500030513, 39.302013000102875], [-120.69270399961111, 39.30221099997306], [-120.69264400023498, 39.302288000234775], [-120.69256700024208, 39.30239800026308], [-120.69249899957167, 39.302467000091525], [-120.69235299998182, 39.302566000149646], [-120.69226900031623, 39.3026460001856], [-120.69219300014825, 39.30274899974101], [-120.69215499961513, 39.30285600027943], [-120.69211699998026, 39.30294400015794], [-120.6920480003833, 39.30299699981018], [-120.69201800024607, 39.30302800019146], [-120.69194899975079, 39.30313099987989], [-120.69183400012307, 39.30340200007718], [-120.69179599958991, 39.30345500007776], [-120.69158300005287, 39.30356200023204], [-120.69149900038728, 39.30365300003966], [-120.69147599992276, 39.30371000024079], [-120.69149900038728, 39.30378700024373], [-120.69160599961911, 39.30398100028169], [-120.69157499965698, 39.30406900013598], [-120.69153700002212, 39.30410000004252], [-120.69146900025007, 39.304122000326615], [-120.69135399972402, 39.304140999808105], [-120.69127699973113, 39.30414200007335], [-120.69111000022488, 39.30413400003632], [-120.69088900029192, 39.30410000004252], [-120.69069799959792, 39.30404600026376], [-120.69054500033535, 39.304022999688804], [-120.69029300044028, 39.303965999742566], [-120.6899500003086, 39.30387500034194], [-120.68965300020767, 39.30382099969445], [-120.68937799984805, 39.30382899976725], [-120.68928599978655, 39.30384400033574], [-120.68914900041752, 39.30385900020589], [-120.68899600025662, 39.30388599982505], [-120.6887979998899, 39.303942999836494], [-120.68860000042152, 39.30404600026376], [-120.68846999982685, 39.30409200000065], [-120.6883329995595, 39.30417999971538], [-120.68809599973304, 39.30428700015157], [-120.68784399983797, 39.30438200006393], [-120.68737900040588, 39.30454200006385], [-120.68712699961249, 39.304615000202936], [-120.68659299968509, 39.30468299967367], [-120.6864100002853, 39.30468299967367], [-120.68622699998721, 39.30469499998232], [-120.68608899989495, 39.304675999956096], [-120.68601299972697, 39.30469800005913], [-120.68587600035792, 39.30479000003595], [-120.6858529998934, 39.30480499970341], [-120.68580699986263, 39.30484700000625], [-120.68573800026566, 39.30494300010741], [-120.68568499966389, 39.30506499968395], [-120.68554800029486, 39.305236000173856], [-120.6853800000654, 39.30533199974146], [-120.6852040003383, 39.30542400027511], [-120.68469600035016, 39.30566299979671], [-120.6846779999085, 39.30567499993733], [-120.68451800007493, 39.30573999973634], [-120.68416700044564, 39.30596499969733], [-120.68408299988174, 39.305988000329144], [-120.68367899965071, 39.306120999996345], [-120.68342000008293, 39.306266000145186], [-120.68322900028723, 39.30638800019589], [-120.68281699966026, 39.30663299988888], [-120.68271000042846, 39.30668999974835], [-120.68251899973443, 39.30677799967198], [-120.68248899959721, 39.3068040000232], [-120.68224400027313, 39.306919000337864], [-120.68199200037805, 39.30690699971545], [-120.68176399987411, 39.30683099989644], [-120.68160300021565, 39.30675499999489], [-120.68150399958311, 39.30668999974835], [-120.68135899981814, 39.30655999976932], [-120.68125199968804, 39.30644599979216], [-120.68110699992307, 39.30631199981322], [-120.68107699978584, 39.30628799974841], [-120.68098300007455, 39.306213000187945], [-120.6809549995871, 39.30619000032517], [-120.68084599980716, 39.30612400001209], [-120.6808120003703, 39.30610299989941], [-120.68077899986001, 39.30608300001793], [-120.68070600006507, 39.30605500031329], [-120.68056399977486, 39.306005999760615], [-120.68046599986559, 39.30597300022016], [-120.6802840002907, 39.30593099989789], [-120.68022200036641, 39.30593500016139], [-120.68015399969606, 39.30595699986868], [-120.68006500000759, 39.30599300013308], [-120.67980700026472, 39.30609600032385], [-120.67979499967085, 39.30610199966219], [-120.67956299986726, 39.306201999680276], [-120.67947500000369, 39.306240000289186], [-120.67935100015514, 39.30631600005494], [-120.67929699972848, 39.30635399990685], [-120.67923099960623, 39.30639599997528], [-120.67917299987991, 39.306448999793915], [-120.67905200040438, 39.30655900023373], [-120.67889900024352, 39.306682000002574], [-120.67873799968672, 39.30678199988707], [-120.67848499996673, 39.30689199980344], [-120.67817100014739, 39.30703600021624], [-120.67786499982563, 39.307155000343435], [-120.67774299962691, 39.30716700022823], [-120.67738199995186, 39.3071239997048], [-120.67718299976023, 39.30712499992741], [-120.67702299992665, 39.30717099972595], [-120.6769540003297, 39.30723200003168], [-120.67683899980364, 39.30728300016675], [-120.67674699974214, 39.30730200018028], [-120.67663999961202, 39.307297999994965], [-120.67641700002926, 39.307255999772764], [-120.67618699987548, 39.30724900031252], [-120.67594300037634, 39.30728799987817], [-120.6758350004213, 39.30733400026465], [-120.6757290001161, 39.30742200007355], [-120.67568300008534, 39.30751500016206], [-120.67562899965866, 39.307718000135296], [-120.67559900041975, 39.30781300025604], [-120.67554499999306, 39.30793299996812], [-120.67546899982509, 39.30801700026975], [-120.67537799958848, 39.308086000119374], [-120.67536199969497, 39.308097999844485], [-120.67520199986139, 39.30820400033917], [-120.6751030001272, 39.3083150003113], [-120.67501899956329, 39.30849400004572], [-120.67494199957042, 39.3085630001201], [-120.67485799990483, 39.30868899974795], [-120.67475900017061, 39.308814999844], [-120.67460699983465, 39.30895199979029], [-120.67421799967224, 39.30916599980894], [-120.67411899993802, 39.30920400019851], [-120.67388200011155, 39.30931399978331], [-120.67369899981345, 39.30941400007723], [-120.67340900028354, 39.30953200014292], [-120.67321799958953, 39.309577999749465], [-120.67297400009035, 39.30966900007566], [-120.67288299985377, 39.309696000233686], [-120.67269899973073, 39.30979499979727], [-120.67259300032386, 39.30987200005607], [-120.67222699972764, 39.30999299989437], [-120.67192899980184, 39.31009999978388], [-120.67175300007472, 39.31020000034471], [-120.67157800017254, 39.31030599974052], [-120.67143300040759, 39.31037100010374], [-120.67133399977506, 39.31036000024971], [-120.67128799974431, 39.310340999676306], [-120.67115899987286, 39.3103139997671], [-120.67095300000855, 39.31025700007914], [-120.67077700028146, 39.31020000034471], [-120.67049400042426, 39.31008099983495], [-120.67040300018765, 39.31000900001817], [-120.67036499965451, 39.309939999979456], [-120.67038800011903, 39.30986399997896], [-120.67040300018765, 39.3097839998527], [-120.67043400014977, 39.30970400033], [-120.67046400028701, 39.30960799980893], [-120.67047900035563, 39.30948599981114], [-120.67046400028701, 39.3093869998104], [-120.67045599989109, 39.30926100004917], [-120.67047900035563, 39.30915000018746], [-120.67049500024915, 39.308975000135455], [-120.67048699985322, 39.308849000327534], [-120.67045699971598, 39.30868899974795], [-120.67039599961664, 39.3084300002282], [-120.67032600019473, 39.30835299977287], [-120.67019700032331, 39.30827300000442], [-120.67005199966006, 39.30822000017694], [-120.66981499983358, 39.30816199996568], [-120.66951799973268, 39.3081279998434], [-120.66922800020276, 39.30814300018559], [-120.66904499990464, 39.3081239997053], [-120.66880800007819, 39.30809399970466], [-120.66860200021385, 39.308086000119374], [-120.66846499994652, 39.3081239997053], [-120.66833600007507, 39.30819300014445], [-120.6682590000822, 39.30822000017694], [-120.66817500041661, 39.308257999690106], [-120.66797700004989, 39.30830400013403], [-120.66781700021629, 39.30836500014728], [-120.66775500029203, 39.30839900015435], [-120.66765599965952, 39.30848299989663], [-120.66757199999394, 39.308601000142104], [-120.6675269997881, 39.30875400022301], [-120.66748800032832, 39.308842000331545], [-120.66737399962722, 39.3089260002371], [-120.66732799959644, 39.308971000045766], [-120.6672819995657, 39.3090479998211], [-120.66725200032678, 39.309135000061126], [-120.66719899972504, 39.309208000274936], [-120.66706800020377, 39.30928400029283], [-120.66693900033233, 39.30936799966787], [-120.66683300002714, 39.309489999871396], [-120.66679399966907, 39.30952800008508], [-120.66674799963832, 39.30954700018416], [-120.66669499993488, 39.3095589996588], [-120.66658799980476, 39.30957399969419], [-120.66574900027882, 39.30971900033436], [-120.66555000008721, 39.30972799991839], [-120.66548200031515, 39.30973099977945], [-120.6654570002008, 39.30973300015013], [-120.66518000019134, 39.30976099977339], [-120.66508800012983, 39.30977100023187], [-120.6649519996874, 39.3097839998527], [-120.66487899989248, 39.309791999938945], [-120.66455900022532, 39.309806999924405], [-120.66454300033182, 39.309806999924405], [-120.6644069998894, 39.309809999782125], [-120.66432999989648, 39.309809999782125], [-120.66410200029084, 39.30980299988227], [-120.66407899982632, 39.30980299988227], [-120.66402699994778, 39.30981300033475], [-120.66387799998485, 39.30983900025341], [-120.66382600010633, 39.30984900000568], [-120.66367399977037, 39.30992099998709], [-120.66345700003536, 39.30999599974412], [-120.66334700043052, 39.310038999892924], [-120.66331499974515, 39.31004400010245], [-120.66313200034537, 39.31009299991303], [-120.6629869996821, 39.31010799983401], [-120.66292099955986, 39.3101049999891], [-120.6627959998864, 39.31009999978388], [-120.66255200038722, 39.31006599990818], [-120.66239199965534, 39.31001300004857], [-120.66196499985809, 39.30985599990093], [-120.66177800026033, 39.30976899986227], [-120.6616359999701, 39.30970400033], [-120.66142599990783, 39.30958100031202], [-120.66141500003717, 39.30957399969419], [-120.66130799990705, 39.30950700029877], [-120.66126299970121, 39.30947899987887], [-120.6611559995711, 39.30939099987631], [-120.66106400040788, 39.30930299976313], [-120.6610090001563, 39.30922500007575], [-120.6609730001713, 39.30917399996584], [-120.66094200020916, 39.30910499979882], [-120.66091200007192, 39.30906299996607], [-120.66089799982824, 39.30905099971137], [-120.6608049999418, 39.308975000135455], [-120.6607279999489, 39.308930999831134], [-120.66066799967446, 39.30889700008253], [-120.66064500010825, 39.30888400029692], [-120.66031700004517, 39.308739000011805], [-120.66014899981569, 39.308646999665534], [-120.6599880001572, 39.308547999867955], [-120.65993299990562, 39.30849500024875], [-120.65971399962253, 39.30828100026341], [-120.6596070003907, 39.30819700027867], [-120.65947799962095, 39.308124999913616], [-120.65908799963361, 39.307980000141036], [-120.65883599973853, 39.307907000036394], [-120.65840200026858, 39.307823000297816], [-120.65810400034275, 39.30780000026906], [-120.65799700021263, 39.307803999730645], [-120.65759200015668, 39.307852999719536], [-120.65749400024738, 39.30786500017968], [-120.65691400028923, 39.307980000141036], [-120.65676899962597, 39.30802199992873], [-120.6564599998295, 39.308110000262666], [-120.65642499966938, 39.308121999983655], [-120.65606399999436, 39.30816000024512], [-120.65549200043216, 39.30860400005149], [-120.65497100002526, 39.30916800019577], [-120.65433699964045, 39.309611999862256], [-120.65364299987947, 39.30982499976378], [-120.65292800020212, 39.309958999966675], [-120.65199500006659, 39.310063000061476], [-120.65152899991126, 39.31028199965535], [-120.64970899967089, 39.311134999889795], [-120.64873899972541, 39.31144999981467], [-120.64792500031388, 39.31250400009971], [-120.64721499976108, 39.3130790002102], [-120.64630699973988, 39.314254999823426], [-120.6457949995538, 39.315154999798985], [-120.64075200038087, 39.31519299971622], [-120.63956200032739, 39.31520300009338], [-120.63627400019918, 39.3152269998807], [-120.63618799998547, 39.31522900009427], [-120.6306860003299, 39.31527199980726], [-120.62612600013242, 39.3153369997273], [-120.62495000032264, 39.31541099983009], [-120.62488599985022, 39.315411999934256], [-120.62447599977139, 39.315413000038404], [-120.62302799997502, 39.31541699975988], [-120.6173100004094, 39.315427000105025], [-120.61716599957104, 39.315427000105025], [-120.61701300030849, 39.315427000105025], [-120.61694600036135, 39.31542800020896], [-120.61491100003583, 39.315434000137245], [-120.61482900002007, 39.315434000137245], [-120.60909999968548, 39.31545099981551], [-120.60887799992766, 39.315451999919105], [-120.60749100023065, 39.315456000333306], [-120.59901600009117, 39.31548100013707], [-120.59646799975467, 39.31548800016388], [-120.5929009999672, 39.31545899994886], [-120.58593399989853, 39.31548300034338], [-120.57965300009323, 39.31550300031836], [-120.5796279999789, 39.31550399972619], [-120.57662299970788, 39.31552900020776], [-120.57365099994716, 39.31553899984189], [-120.57344400025794, 39.31553899984189], [-120.57323699967037, 39.31553999994422], [-120.56780000031216, 39.315558999800864], [-120.56370999956968, 39.31557199973636], [-120.5570370001272, 39.31559399988904], [-120.55687499974547, 39.31559899970166], [-120.55668499977469, 39.31559999980314], [-120.55531399997122, 39.31561000012213], [-120.55460000011878, 39.315596000092114], [-120.54916500041038, 39.3156160000348], [-120.54897100024162, 39.3156160000348], [-120.54785900000591, 39.31561900033845], [-120.54673000005181, 39.315621999947005], [-120.54573300034212, 39.3156250002504], [-120.54570800022779, 39.3156250002504], [-120.5456329998847, 39.3156250002504], [-120.54560899959525, 39.3156250002504], [-120.5415849998733, 39.31563900027456], [-120.52951399963405, 39.315680000229946], [-120.52549099973702, 39.315695000343204], [-120.51928500027475, 39.315715999662444], [-120.50103899963707, 39.315780999864955], [-120.50066799991632, 39.31579299966055], [-120.49446599975373, 39.31599700004013], [-120.49324599956299, 39.31600700030236], [-120.48958599988912, 39.31603899988092], [-120.4883670004216, 39.3160500002322], [-120.48818300029859, 39.31605100032722], [-120.48763400030258, 39.31605600010713], [-120.4874519998294, 39.316058000297055], [-120.48715200025376, 39.31605999979186], [-120.48625099990524, 39.31606799985557], [-120.48595200015451, 39.316071000139836], [-120.48486699968298, 39.31608000029684], [-120.48161299988995, 39.31610900025451], [-120.48052900014166, 39.31611899980574], [-120.46470000031924, 39.31613299973104], [-120.46456999972457, 39.31613299973104], [-120.46444000002823, 39.31613299973104], [-120.46436399986025, 39.3161269998627], [-120.4642890004155, 39.316122000087816], [-120.46330199985327, 39.31605299982223], [-120.46189300041496, 39.31609900000685], [-120.46109400017372, 39.316114000030325], [-120.4608899999592, 39.316110999747856], [-120.46021799993957, 39.31608199979107], [-120.4564829999226, 39.31613299973104], [-120.45627899970813, 39.31613600001257], [-120.45573100043535, 39.316141999880124], [-120.453510000337, 39.31612499967481], [-120.45349699991822, 39.31612499967481], [-120.45314299991588, 39.31613800020015], [-120.45204200044914, 39.31617999995628], [-120.45167599985295, 39.31619499996235], [-120.45153899958558, 39.31620300001063], [-120.45132500022366, 39.316218000011766], [-120.45115199997132, 39.316229999732364], [-120.45113100005489, 39.31623099982481], [-120.45099499961246, 39.31623899986897], [-120.45095000030493, 39.31624300023819], [-120.45083700032703, 39.316246999912224], [-120.45044499979154, 39.3162609998119], [-120.45036500032391, 39.31626400008789], [-120.45032599996586, 39.31626600027181], [-120.45020799996512, 39.31626999994453], [-120.45016699995722, 39.31626500017987], [-120.45004399993357, 39.31625199967812], [-120.45000299992567, 39.31624800000443], [-120.4499340003287, 39.3162399999613], [-120.44975600005344, 39.31623699968428], [-120.44941100027198, 39.31623199991725], [-120.44906599959216, 39.316226000057405], [-120.44871900016085, 39.316221000289595], [-120.44837900040221, 39.316214999733795], [-120.44548200008627, 39.316168000227066], [-120.44537800032919, 39.31616600004034], [-120.44527600022194, 39.316161999666726], [-120.44520000005396, 39.316161999666726], [-120.44503900039547, 39.31616299976015], [-120.44372999961799, 39.316168000227066], [-120.44339900008016, 39.31616700013371], [-120.43789300022667, 39.316186999913164], [-120.43713800036635, 39.31618900009928], [-120.4362699996298, 39.316193999869384], [-120.43535900013387, 39.316192999776405], [-120.4299970002204, 39.31618599982008], [-120.4281729997821, 39.316184999726985], [-120.42709300023176, 39.31618900009928], [-120.41813400039362, 39.316214999733795], [-120.41804499980684, 39.316214999733795], [-120.4176270002304, 39.316218000011766], [-120.41720999958058, 39.31621900010439], [-120.40883400007363, 39.31625299977026], [-120.37881900021877, 39.31637800005556], [-120.37791299984742, 39.31638100032654], [-120.37780599971728, 39.31638199972187], [-120.37774100031828, 39.31638100032654], [-120.37770399961003, 39.31638100032654], [-120.3776579995793, 39.31638100032654], [-120.37762599979222, 39.31638299981215], [-120.37761200044685, 39.31638299981215], [-120.37717600042873, 39.316399999954776], [-120.37674899973315, 39.31639899986474], [-120.37632199993591, 39.31639799977469], [-120.37573399958187, 39.31639799977469], [-120.37515000032406, 39.31639899986474], [-120.37418200002841, 39.31639199992908], [-120.37356000023748, 39.31638700017314], [-120.37311400017364, 39.31638499999267], [-120.37266999975964, 39.31638199972187], [-120.36772499959767, 39.31635099969595], [-120.36426900013832, 39.316325000111966], [-120.36027399983037, 39.3162979997319], [-120.35970800011593, 39.31629999991485], [-120.35624500008555, 39.316296000243895], [-120.35529699988138, 39.31629500015237], [-120.35403599968275, 39.316292999969285], [-120.35277500038245, 39.31629199987771], [-120.35201700014909, 39.316290999786126], [-120.3512599997406, 39.31628999969453], [-120.3493640002306, 39.316340000086996], [-120.34925700010048, 39.316340000086996], [-120.34245900008622, 39.31638199972187], [-120.33853599974829, 39.3164069998897], [-120.33747799993925, 39.31638000023622], [-120.33739900029654, 39.31637800005556], [-120.33581300040792, 39.31633799990519], [-120.33564699982826, 39.31633400023636], [-120.33395399980951, 39.31624100005361], [-120.33372899967861, 39.31622900033489], [-120.33148400018914, 39.31622499996489], [-120.33116899964654, 39.31622399987235], [-120.33073900037456, 39.3162420001459], [-120.32993099991248, 39.31627499970879], [-120.32944999968852, 39.316296000243895], [-120.32902100024145, 39.31631499989523], [-120.32900000032507, 39.316318000168906], [-120.32894000005058, 39.316327999690266], [-120.32891999995911, 39.31633200005438], [-120.32886600043076, 39.31634100017788], [-120.32870400004904, 39.31636799984635], [-120.32864999962239, 39.31637699996521], [-120.3285400000175, 39.31638299981215], [-120.32810800019736, 39.31641000015942], [-120.3261590000856, 39.31643599971175], [-120.32607100022203, 39.31643599971175], [-120.3223780000379, 39.316427000295484], [-120.31914400033634, 39.31641900027287], [-120.3166119998934, 39.31641299973401], [-120.31104499994052, 39.31639899986474], [-120.309017000186, 39.316395000199456], [-120.30648599956794, 39.31638999974872], [-120.30555199960749, 39.31638600008291], [-120.30274899990117, 39.31637399969407], [-120.30181599976564, 39.3163710001178], [-120.30159200035796, 39.31637000002735], [-120.30045500000787, 39.31636500026982], [-120.29213800005216, 39.316329999872345], [-120.29205799968621, 39.316329999872345], [-120.28861700029546, 39.31630400028062], [-120.28851900038616, 39.31630400028062], [-120.2876620004186, 39.31629899982338], [-120.28678199998649, 39.316296000243895], [-120.2859459999353, 39.31629199987771], [-120.28533599983993, 39.316290999786126], [-120.28518500022719, 39.316289000297886], [-120.2842639997872, 39.31628600002296], [-120.28222699981188, 39.3162800001677], [-120.28201400027484, 39.3162759998006], [-120.27530300029923, 39.31627799998418], [-120.2752720003371, 39.3162769998924], [-120.2711189998454, 39.31626400008789], [-120.2694159997809, 39.31625700013868], [-120.2664380001724, 39.316246999912224], [-120.25750600009846, 39.31621699991913], [-120.25634500035726, 39.31621300024337], [-120.25452900031485, 39.3162069996869], [-120.25103199994928, 39.316193999869384], [-120.2362259997758, 39.31622299977974], [-120.23617499972214, 39.31622299977974], [-120.23061199996722, 39.31622700014992], [-120.22920500017874, 39.31622700014992], [-120.22908299998001, 39.31622700014992], [-120.22432100011616, 39.31623099982481], [-120.22308699968175, 39.31622800024242], [-120.22291900035059, 39.31622800024242], [-120.22094799959916, 39.31623899986897], [-120.21722600000099, 39.31623799977664], [-120.2169869996264, 39.31623799977664], [-120.21611499959023, 39.31623699968428], [-120.21265199955981, 39.316234000102085], [-120.20429000029657, 39.31622700014992], [-120.20389500028637, 39.31622700014992], [-120.2037710004378, 39.31622700014992], [-120.2033429999173, 39.316226000057405], [-120.20326699974935, 39.316226000057405], [-120.20318599955847, 39.316226000057405], [-120.2031310002052, 39.316226000057405], [-120.2029689998235, 39.316226000057405], [-120.20291500029514, 39.316226000057405], [-120.20283400010429, 39.316226000057405], [-120.20259100043003, 39.316226000057405], [-120.20251000023919, 39.316226000057405], [-120.20241999982748, 39.316226000057405], [-120.20215100021397, 39.316226000057405], [-120.20206199962723, 39.316226000057405], [-120.20171900039384, 39.316226000057405], [-120.20148900024007, 39.316226000057405], [-120.20107699961311, 39.31622499996489], [-120.20050800042392, 39.31620099982491], [-120.20042200021021, 39.31619800024117], [-120.20028599976779, 39.31619800024117], [-120.200167999767, 39.31619999973198], [-120.20004899994132, 39.31620199991778], [-120.19912599985152, 39.31621599982647], [-120.19863799995487, 39.31622399987235], [-120.19838199986182, 39.31622399987235], [-120.19614999989285, 39.316229999732364], [-120.19540699972808, 39.316233000009674], [-120.19520199968868, 39.316233000009674], [-120.19322800036085, 39.31623799977664], [-120.19198700025373, 39.31624100005361], [-120.19103800022464, 39.31624499972771], [-120.18900999957181, 39.31625199967812], [-120.18865499974459, 39.31625299977026], [-120.18857500027696, 39.31625299977026], [-120.1884380000096, 39.31625399986238], [-120.18676400025743, 39.31625700013868], [-120.18656800043885, 39.31625700013868], [-120.18393700026166, 39.316262999995914], [-120.18378099972773, 39.316262999995914], [-120.18160700038337, 39.31626799976073], [-120.18147599996384, 39.31626799976073], [-120.18045099976676, 39.31630799995112], [-120.1803980000633, 39.31630900004246], [-120.17988699970213, 39.316271000036416], [-120.17433599964278, 39.31630400028062], [-120.17420900031948, 39.31630400028062], [-120.17289399969421, 39.316327999690266], [-120.17266500026366, 39.31633200005438], [-120.16947900024269, 39.31635600014942], [-120.16773199979728, 39.316358999726376], [-120.16753500015379, 39.316361999998165], [-120.16562500040007, 39.31636699975585], [-120.16151999958896, 39.31633799990519], [-120.16121599981533, 39.31633599972333], [-120.16042099977203, 39.316329999872345], [-120.1603050003194, 39.316329999872345], [-120.16000200037071, 39.316327999690266], [-120.15987799962383, 39.316327000294194], [-120.15950600007815, 39.316324000020856], [-120.15938300005449, 39.316324000020856], [-120.15815199999311, 39.31631499989523], [-120.15508599962277, 39.316294000060836], [-120.15445899980897, 39.31628999969453], [-120.15377500009373, 39.3162849999313], [-120.15358299957482, 39.31628399983961], [-120.15322899957248, 39.31628199965621], [-120.15320900037929, 39.3162800001677], [-120.15314900010485, 39.31627400031197], [-120.15312900001337, 39.31627300022012], [-120.15296400015694, 39.316259000322844], [-120.15241699981074, 39.31628600002296], [-120.15222900038809, 39.316290999786126], [-120.14939599964623, 39.316347000027854], [-120.14913700007847, 39.31635199978667], [-120.14911600016208, 39.31635199978667], [-120.14905699971251, 39.316353999968065], [-120.14903699962102, 39.31635500005875], [-120.14902199955243, 39.31635500005875], [-120.1489780000698, 39.31635500005875], [-120.1489639998261, 39.31635600014942], [-120.14887500013764, 39.316357000240075], [-120.14816999960772, 39.31637200020824], [-120.14789599997135, 39.31637699996521], [-120.147646999551, 39.31639400010934], [-120.14724200039336, 39.31639099983888], [-120.14712299966935, 39.31639099983888], [-120.14574699984301, 39.31640900006952], [-120.14385100033299, 39.31640799997962], [-120.14364799994338, 39.31640900006952], [-120.1425850001115, 39.316414999913725], [-120.14242500027792, 39.316414999913725], [-120.13953299998485, 39.31641900027287], [-120.13859800019947, 39.31636899993683], [-120.13835899982487, 39.31635600014942], [-120.13631000015398, 39.31624499972771], [-120.13360500035695, 39.31626699966875], [-120.13110700024916, 39.31628800020626], [-120.12625499997365, 39.31643699980131], [-120.12602800019292, 39.31644100015921], [-120.12439000042578, 39.31631299971271], [-120.1238770004148, 39.31627300022012], [-120.11880599985614, 39.3162759998006], [-120.11782500004, 39.3162769998924], [-120.11694399978299, 39.31627799998418], [-120.11653899972704, 39.31627799998418], [-120.11648799967344, 39.31627799998418], [-120.11613500039431, 39.31627799998418], [-120.1154030001002, 39.31627799998418], [-120.11512299971773, 39.31627799998418], [-120.1146690001563, 39.316279000075944], [-120.11337699999552, 39.3162800001677], [-120.11202100026068, 39.3162800001677], [-120.11123500043821, 39.3162800001677], [-120.10093599986043, 39.31628700011462], [-120.09750299996726, 39.31628999969453], [-120.09746100013447, 39.31628999969453], [-120.09733800011082, 39.31628999969453], [-120.09729700010296, 39.31628999969453], [-120.06146900024795, 39.31631499989523], [-120.06128900032289, 39.31631599998647], [-120.05149600008338, 39.31638100032654], [-120.04459500013695, 39.316440000069754], [-120.04404500031605, 39.31644499982187], [-120.04229899969552, 39.316440000069754], [-120.0409670002501, 39.31643699980131], [-120.04087000016574, 39.31643699980131], [-120.04007099992447, 39.316435000317234], [-120.03966500004363, 39.316434000227694], [-120.03886499997746, 39.316435000317234], [-120.03862599960286, 39.3164229999368], [-120.0369030003452, 39.31633200005438], [-120.0367130003744, 39.31633300014538], [-120.03665700029791, 39.31633400023636], [-120.03617299970092, 39.31633300014538], [-120.03302199984009, 39.31633400023636], [-120.02211700026318, 39.31633799990519], [-120.01848299963027, 39.316340000086996], [-120.0174370004151, 39.316340000086996], [-120.01430200044777, 39.31634200026874], [-120.01325700015923, 39.31634299966459], [-120.01250599959853, 39.31634299966459], [-120.01168200014126, 39.316343999755425], [-120.01025299971313, 39.316327999690266], [-120.0095029998757, 39.31631999965628], [-120.00886699984106, 39.31635500005875], [-120.00695799991226, 39.31645999977116], [-120.00632299970253, 39.31649600019226], [-120.00631600002983, 39.31858599998676], [-120.00629400028853, 39.32485799991815], [-120.00628800044075, 39.32694899997677], [-120.00628400024277, 39.32795000006923], [-120.00627599984688, 39.33068299992404], [-120.00627400019702, 39.330952999844186], [-120.00627099982398, 39.33195400029416], [-120.00625800030353, 39.33555699968039], [-120.0062370003871, 39.341497999981414], [-120.00621999977037, 39.34636899983617], [-120.00621200027277, 39.34910599994662], [-120.0062099997246, 39.349972999879945], [-120.00619200018126, 39.35502399983753], [-120.00614000030274, 39.370178999826464], [-120.00612699988395, 39.37410600008533], [-120.00608900024912, 39.375229999852415], [-120.00608500005114, 39.375314999811195], [-120.00607699965522, 39.37557200033135], [-120.00607500000541, 39.37565799981051], [-120.00604800024122, 39.376458000224325], [-120.0059679998753, 39.37885999970904], [-120.005941999936, 39.37966100010978], [-120.00593400043843, 39.37989599985831], [-120.00591000014897, 39.38060300033821], [-120.00590299957797, 39.380839000249736], [-120.00590199975305, 39.38085099998853], [-120.00590099992813, 39.38089000016696], [-120.00590099992813, 39.38090299975867], [-120.00586400011821, 39.38199300017764], [-120.00584800022469, 39.382453999902125], [-120.00569400023888, 39.387108000210404], [-120.00564300018527, 39.38865999968061], [-120.00562599956854, 39.38918400030338], [-120.0055670000173, 39.39094300033463], [-120.00547199958274, 39.39384399971681], [-120.0053579997799, 39.397269999889126], [-120.00534000023657, 39.39779199978248], [-120.00526499989351, 39.400075999707305], [-120.00518100022792, 39.402606000091644], [-120.00492799960962, 39.410196999750745], [-120.00484499976892, 39.412728000230125], [-120.00477399962381, 39.41485500004232], [-120.00469199960807, 39.41735299967138], [-120.00456199991172, 39.42123900005684], [-120.00449199959151, 39.423366999669], [-120.0044680002004, 39.42410399977222], [-120.00435400039757, 39.42753900015684], [-120.00424700026744, 39.43076900014999], [-120.00408099968779, 39.43585599978825], [-120.00394000012078, 39.440057000265796], [-120.00380000037869, 39.444230000057495], [-120.0037939996326, 39.444394999997236], [-120.00377799973909, 39.44489000024569], [-120.00377299971622, 39.44505600033867], [-120.00481700017984, 39.44506699980008], [-120.00795200014718, 39.44510000025515], [-120.00899700043573, 39.44511200003837], [-120.00902099982686, 39.44511200003837], [-120.00909299979689, 39.44511200003837], [-120.00911799991124, 39.44511200003837], [-120.0091570002693, 39.44511200003837], [-120.00921699964543, 39.44511200003837], [-120.00927600009499, 39.44511200003837], [-120.00931600027793, 39.44511299967332], [-120.00935300008786, 39.44511299967332], [-120.00946600006579, 39.44511500033069], [-120.00950399970061, 39.445115999965644], [-120.00958200041674, 39.445114000002036], [-120.0100729997881, 39.445115999965644], [-120.010185999766, 39.44511700029427], [-120.01032300003335, 39.44511700029427], [-120.01035900001835, 39.44511700029427], [-120.01047700001915, 39.44511700029427], [-120.0202669998856, 39.445115999965644], [-120.03244899955462, 39.44511900025779], [-120.03475900023976, 39.4451199998927], [-120.03520199993054, 39.44511900025779], [-120.03653299955103, 39.44511900025779], [-120.03697699996503, 39.44511900025779], [-120.03770099986322, 39.44511900025779], [-120.0398750001059, 39.44512100022126], [-120.04059999982901, 39.445121999856134], [-120.04065500008059, 39.44512100022126], [-120.04082099976195, 39.44511900025779], [-120.04087699983845, 39.44511900025779], [-120.04571300022043, 39.44511900025779], [-120.05176700024504, 39.4451199998927], [-120.0564889999259, 39.445121999856134], [-120.06515700040922, 39.445123999819515], [-120.0652829999076, 39.445123999819515], [-120.0654029995582, 39.445123999819515], [-120.06878100009808, 39.44512300018467], [-120.0706409996231, 39.445121999856134], [-120.07081300005055, 39.445125000148025], [-120.07415700025524, 39.44511900025779], [-120.07481599985613, 39.44512300018467], [-120.07559400018096, 39.44522799991726], [-120.07563600001374, 39.44520399969506], [-120.07566899962572, 39.445195999850384], [-120.07570499961075, 39.445195000216565], [-120.07580599989308, 39.44520500002241], [-120.07585899959652, 39.44521699978754], [-120.07813699959627, 39.44510699978211], [-120.07818500017517, 39.44510699978211], [-120.08540099976585, 39.445083999847256], [-120.09125200029918, 39.4450919997048], [-120.09600699959199, 39.44509800029108], [-120.09871599958699, 39.44510099989033], [-120.10009300013655, 39.44510299985431], [-120.10014800038813, 39.44510299985431], [-120.10017099995434, 39.44510299985431], [-120.10024100027454, 39.44510299985431], [-120.10026499966567, 39.44510299985431], [-120.10388500005492, 39.445108000110864], [-120.10401700029936, 39.445108000110864], [-120.10415000036878, 39.445108000110864], [-120.10423099966133, 39.445108000110864], [-120.1043150002252, 39.445108000110864], [-120.11751500041862, 39.44512700011132], [-120.11804500014802, 39.44512700011132], [-120.11963699988445, 39.445129999709316], [-120.1201680003371, 39.44513100003774], [-120.12021600001768, 39.445131999672476], [-120.12032499979763, 39.44514400014384], [-120.12125700010829, 39.44523300016488], [-120.12128499969737, 39.445235000125074], [-120.12463899994779, 39.4455609998058], [-120.1257570000313, 39.445670000160895], [-120.12600899992634, 39.445694999849145], [-120.13748900033683, 39.44539599985385], [-120.13751799975084, 39.4453950002229], [-120.14055399998395, 39.44531099995721], [-120.14534199978706, 39.4451789998305], [-120.14569499996446, 39.44516900002097], [-120.14595600008037, 39.44516199980652], [-120.14956600042387, 39.44523599975826], [-120.1496380003939, 39.44523700008516], [-120.15043000006415, 39.44524600025194], [-120.15320799965609, 39.44527300005151], [-120.15723899994904, 39.44530300012482], [-120.16105199978381, 39.44533799973161], [-120.17223500009334, 39.44543600034057], [-120.17482100006468, 39.445461999742825], [-120.17840000044603, 39.44549899991594], [-120.18287299970653, 39.44550200019164], [-120.18367699997067, 39.4455040001441], [-120.18608999968964, 39.445511000324124], [-120.18689499977867, 39.44551399990558], [-120.18884899991335, 39.44551900013261], [-120.1947110003173, 39.44553299979527], [-120.19666499955365, 39.44553900034355], [-120.1967380002469, 39.44553299979527], [-120.19696000000475, 39.44551700018058], [-120.1970339996246, 39.445513000276335], [-120.20002300000205, 39.44554700014878], [-120.20194600017456, 39.44555800022643], [-120.20271000025572, 39.4455609998058], [-120.20442400019087, 39.445573000203304], [-120.20928099959094, 39.44561600016542], [-120.21406000007153, 39.445670000160895], [-120.21500900010062, 39.44567600000365], [-120.21687199999867, 39.44566800021319], [-120.21749999963738, 39.44566299999686], [-120.21860100000244, 39.44565100030859], [-120.22922799974498, 39.44566299999686], [-120.23524199958659, 39.445670000160895], [-120.2356910000235, 39.44567200010854], [-120.2357270000085, 39.44567200010854], [-120.2510329997742, 39.44615300006947], [-120.25262899970858, 39.44615100013564], [-120.26906099995367, 39.44614900020181], [-120.26928699990947, 39.446153999689535], [-120.27754399959076, 39.446158000250676], [-120.28058599967166, 39.44615699993697], [-120.28971299973931, 39.44615600031699], [-120.29275599964512, 39.44615600031699], [-120.29440299963312, 39.446158000250676], [-120.29686399993098, 39.44616200011787], [-120.29934500032034, 39.44616099980421], [-120.30099300013323, 39.44616099980421], [-120.3032510000415, 39.44616200011787], [-120.30658400037557, 39.44616499967125], [-120.31002499976631, 39.44616299973776], [-120.31228400039784, 39.44616200011787], [-120.31243099981259, 39.44616200011787], [-120.31287199985357, 39.44616299973776], [-120.31301999999158, 39.44616400005139], [-120.32028599981095, 39.44616599998485], [-120.34208499999241, 39.44617199978488], [-120.34935199963672, 39.44617500003152], [-120.34961199992772, 39.44617300009833], [-120.3549689998183, 39.44616000018431], [-120.35564900023387, 39.44615899987062], [-120.3745400002287, 39.44613300003493], [-120.37673899968743, 39.44612999978647], [-120.38006899964842, 39.44616400005139], [-120.38083699992752, 39.446153999689535], [-120.38157900026737, 39.446138000217516], [-120.38224799991397, 39.446144000019956], [-120.3827629995748, 39.446145999953984], [-120.3885439997879, 39.44617899989775], [-120.3904719999833, 39.446189999875514], [-120.39312300025195, 39.44617800027804], [-120.39333099976609, 39.44617699996466], [-120.39607999994406, 39.44616599998485], [-120.40040699961472, 39.44614900020181], [-120.40191100038588, 39.446145000333864], [-120.40477199981851, 39.446138000217516], [-120.40485100035954, 39.44613699990356], [-120.40497000018523, 39.44613600028325], [-120.40508800018601, 39.446134999969274], [-120.40516799965364, 39.446134999969274], [-120.40735500031512, 39.44612999978647], [-120.4139159996046, 39.44611699986437], [-120.41610400009097, 39.44611299999459], [-120.41667800020134, 39.44610900012457], [-120.41768300030692, 39.446120000113446], [-120.41884400004808, 39.44613300003493], [-120.42242300042943, 39.44612700023154], [-120.42400299957197, 39.446125000296966], [-120.43594300029, 39.44610999974527], [-120.43625200008645, 39.44610300031912], [-120.43663100020315, 39.44610900012457], [-120.43857399956882, 39.44606799970948], [-120.43946099967364, 39.44603499971311], [-120.44087000001025, 39.446006000270984], [-120.44093000028472, 39.44600499995509], [-120.44119800007333, 39.445997000202425], [-120.44743700004582, 39.446249000294216], [-120.44774800039046, 39.446233000150364], [-120.44779500024612, 39.44623100021883], [-120.44829999986118, 39.44620400009698], [-120.44858000024365, 39.44619300012143], [-120.45062899991456, 39.44611100005961], [-120.45133100007143, 39.446111999680284], [-120.45495300011048, 39.44611400030894], [-120.45506400043857, 39.44611400030894], [-120.4575440001047, 39.446125000296966], [-120.46531899973711, 39.44616299973776], [-120.46791099955622, 39.446176000344934], [-120.47098199994947, 39.4461820001441], [-120.47293199988616, 39.44618600000992], [-120.48019699988065, 39.446189999875514], [-120.48326900009879, 39.44619300012143], [-120.48491899956151, 39.44618900025601], [-120.48754100041617, 39.44619199980822], [-120.4921740004086, 39.44619800029972], [-120.49551000021737, 39.44614299970609], [-120.49791700008853, 39.44610900012457], [-120.50035900011981, 39.44606700008818], [-120.50106999959921, 39.446056000090984], [-120.50463200026213, 39.4460700003394], [-120.5046590000263, 39.44608100033438], [-120.50467099972187, 39.446085999826984], [-120.50470699970687, 39.446100999690195], [-120.50472000012566, 39.44610599987508], [-120.50476100013356, 39.44610999974527], [-120.5048840001572, 39.446122999668624], [-120.50492599999, 39.44612799985199], [-120.50502899992216, 39.446125999917435], [-120.50518499955778, 39.446125000296966], [-120.50534100009169, 39.446120000113446], [-120.50544499984878, 39.44611699986437], [-120.50550599994814, 39.44634799993215], [-120.50560499968233, 39.44661600020073], [-120.50568900024624, 39.446873999873205], [-120.50593299974541, 39.447542000246116], [-120.50607099983766, 39.44804900029441], [-120.50607199966258, 39.44805899969043], [-120.50610099997489, 39.44827899991322], [-120.50618499964048, 39.44848400009432], [-120.50628400027298, 39.44867999995012], [-120.50634500037236, 39.44884799988292], [-120.50648299956632, 39.44916599990945], [-120.50671100007025, 39.449778999996056], [-120.50680999980447, 39.44993900005845], [-120.50692500033048, 39.450012999789585], [-120.50710100005757, 39.450142999951645], [-120.50724599982253, 39.450214000087044], [-120.50739099958749, 39.45029799998771], [-120.50754999959616, 39.45040099973586], [-120.50761900009145, 39.4505960001886], [-120.50761900009145, 39.450739999958955], [-120.50760400002285, 39.45087900028335], [-120.50752000035726, 39.45137700024541], [-120.50751299978624, 39.451499000127455], [-120.50752000035726, 39.45169700028845], [-120.50756600038801, 39.45185599987349], [-120.50761900009145, 39.45198799982893], [-120.50771100015297, 39.45213800016822], [-120.50777200025233, 39.45227000028272], [-120.50777200025233, 39.45237400011258], [-120.50766500012222, 39.45264200007861], [-120.50761900009145, 39.45281199990543], [-120.50760400002285, 39.453022999823084], [-120.50760400002285, 39.45321300019452], [-120.50766500012222, 39.453403000047395], [-120.5077639998564, 39.45345199989616], [-120.50782499995576, 39.45348300012241], [-120.5079320000859, 39.453507999780165], [-120.50809299974438, 39.453524999847545], [-120.5083899998453, 39.45352700026323], [-120.50851899971673, 39.45355199990518], [-120.50862599984684, 39.45361300004822], [-120.50869500034214, 39.45365899982512], [-120.5087709996118, 39.453769000193645], [-120.50883199971118, 39.4538829998121], [-120.50891600027508, 39.45409200024624], [-120.50900099976558, 39.45436399993129], [-120.50907600010866, 39.45447399987958], [-120.50921400020091, 39.45456200026791], [-120.5093820004304, 39.454642999896514], [-120.50964099999818, 39.45472899969019], [-120.50989299989325, 39.45489700028723], [-120.51002299958961, 39.45502099992284], [-120.51014499978832, 39.45516299988319], [-120.51028899972836, 39.45524800023861], [-120.51041199975201, 39.455282000213], [-120.51056400008798, 39.4552759998107], [-120.5106639996471, 39.45523799979419], [-120.51070999967784, 39.455211999880405], [-120.51089999964864, 39.45506700015662], [-120.51098400021255, 39.45501900024371], [-120.51110600041129, 39.454971999791184], [-120.51125100017624, 39.45494400009682], [-120.51137300037499, 39.454941999721854], [-120.51157900023932, 39.454945999778104], [-120.51189999973137, 39.45494400009682], [-120.51214400012884, 39.4549129998275], [-120.51271599969107, 39.454889999663536], [-120.51296000008853, 39.4548450001953], [-120.51317400034876, 39.45485399981382], [-120.51326600041028, 39.45486499980841], [-120.51336400031956, 39.45490800027503], [-120.51339399955849, 39.45493000024536], [-120.51342500041893, 39.45495399988985], [-120.51349400001588, 39.45501900024371], [-120.51362399971227, 39.455102999896184], [-120.5140430000119, 39.45525600031565], [-120.51427999983837, 39.4553059997361], [-120.51443299999924, 39.45531399980653], [-120.5145850003352, 39.4552759998107], [-120.5146770003967, 39.45523799979419], [-120.51477600013092, 39.45517699968774], [-120.51487499986511, 39.45513000003545], [-120.51504300009462, 39.45509700017212], [-120.51518000036195, 39.455105000266514], [-120.51540100029489, 39.455100000034214], [-120.51553199981613, 39.45508799989139], [-120.51569099982481, 39.4550750002545], [-120.51589000001646, 39.45504800009391], [-120.51657700010469, 39.45491800007323], [-120.51676000040281, 39.45489499991092], [-120.51717200013144, 39.454898999969856], [-120.51740099956199, 39.45492699968232], [-120.51751500026313, 39.4549520002088], [-120.51766000002809, 39.45499499992806], [-120.51774399969366, 39.455033000077265], [-120.5178440001511, 39.45511600022145], [-120.5179649996266, 39.45543000003043], [-120.51804099979458, 39.45556200014583], [-120.51814100025202, 39.45572200009727], [-120.51819399995546, 39.45591700021275], [-120.51817200021415, 39.45604699975513], [-120.5181620001684, 39.456089000014224], [-120.51811000028985, 39.45632000029274], [-120.51810199989396, 39.45641900017746], [-120.5180419996195, 39.45673299965805], [-120.5180340001219, 39.45686399991722], [-120.51808000015264, 39.45708100028594], [-120.51818700028278, 39.45716400006916], [-120.51819499978038, 39.4571780001649], [-120.51827000012344, 39.45722899974672], [-120.51836200018495, 39.457263000140735], [-120.5185139996226, 39.4572969998246], [-120.51864500004216, 39.45730900028024], [-120.51876600041601, 39.45729799997822], [-120.5189499996407, 39.45724799990776], [-120.51913999961151, 39.45722099989636], [-120.51928500027475, 39.45721000027404], [-120.51945000013122, 39.45721699997083], [-120.51966600004128, 39.45725000021641], [-120.51979599973761, 39.45723899990512], [-120.51992600033228, 39.45721900028042], [-120.5200560000286, 39.45719100010262], [-120.5204910002218, 39.45706499985674], [-120.5207730002541, 39.457007999901805], [-120.52125399957971, 39.45687800007329], [-120.52143699987784, 39.45687299996834], [-120.52160500010731, 39.45688999990756], [-120.52173399997875, 39.4569289998749], [-120.52181099997162, 39.45696699966196], [-120.52186399967508, 39.45699899986815], [-120.52190999970584, 39.45705900030172], [-120.52198599987382, 39.45718200009262], [-120.52201699983596, 39.457295999670905], [-120.52204699997318, 39.45756599971615], [-120.52201699983596, 39.45770500028412], [-120.52193300017036, 39.4580190002061], [-120.52188700013963, 39.45815799986949], [-120.52179599990302, 39.458349000236595], [-120.52173399997875, 39.4584829999453], [-120.52175700044327, 39.45866800000429], [-120.52178000000949, 39.45875900034401], [-120.52183400043617, 39.45884999987118], [-120.52190200020823, 39.45893700014632], [-120.52200099994242, 39.45901599997507], [-120.52214700043062, 39.45908200013203], [-120.52229100037066, 39.45912600020186], [-120.52251300012851, 39.45916599973681], [-120.5226960004266, 39.45916599973681], [-120.5228860003974, 39.45915200004091], [-120.52302399959137, 39.4591449998451], [-120.52314499996517, 39.459138999775824], [-120.52336699972302, 39.45910400017041], [-120.52355000002115, 39.45904900006138], [-120.52364200008265, 39.45898299987313], [-120.5236949997861, 39.45891199966387], [-120.52375599988548, 39.458842000207156], [-120.52381699998485, 39.45878900015557], [-120.52390099965044, 39.45875499981333], [-120.52401500035154, 39.458734999930606], [-120.52416000011651, 39.458728999825986], [-120.52428999981285, 39.458712999775585], [-120.52443100027816, 39.45872399985394], [-120.52445100036965, 39.45872600012022], [-120.52455799960146, 39.45874600000553], [-120.52462600027182, 39.45879299999071], [-120.52488499983959, 39.45894700005936], [-120.52495299961167, 39.458998999861464], [-120.52515799965107, 39.45915499972831], [-120.52522700014634, 39.459208000194806], [-120.52523600036719, 39.459214999690694], [-120.52538299978197, 39.4593570001123], [-120.52540399969836, 39.45937699981629], [-120.52568599973067, 39.45954900008494], [-120.52595000021964, 39.4596700000919], [-120.52600700012103, 39.45969599972775], [-120.52610599985525, 39.459814999937755], [-120.52638100021487, 39.459969999941244], [-120.52646499988046, 39.46006599984183], [-120.52647999994905, 39.46012500029308], [-120.52652699980473, 39.460194999846635], [-120.52653299965249, 39.46020300004872], [-120.52677000037727, 39.460361000210696], [-120.5268919996777, 39.46042599967716], [-120.52707499997582, 39.46044799998433], [-120.52723499980937, 39.46042900000318], [-120.5274110004348, 39.46045100030939], [-120.52767000000254, 39.46045199972414], [-120.52795299985978, 39.46050800021922], [-120.52821300015077, 39.460547000240155], [-120.52840300012157, 39.46057599986809], [-120.52864699962072, 39.46065700012814], [-120.52877600039047, 39.460712999764716], [-120.52884499998746, 39.46074300012119], [-120.5289820002548, 39.46082699980218], [-120.52902099971455, 39.46089100011856], [-120.5290800001641, 39.461099000220216], [-120.52910500027845, 39.46118499966718], [-120.5291730000505, 39.46129000014626], [-120.52929500024925, 39.46138699970831], [-120.5294249999456, 39.46146700031784], [-120.52956300003784, 39.46151000017404], [-120.52987500020737, 39.461539000094255], [-120.53005099993449, 39.461610999796235], [-120.53020300027045, 39.46170399993679], [-120.53029500033195, 39.46183200028495], [-120.53035200023335, 39.46188299992464], [-120.53038700039346, 39.461914999951446], [-120.53053200015842, 39.46195900031103], [-120.53059999993047, 39.46195600005096], [-120.53073700019783, 39.461887000275546], [-120.53079099972616, 39.46187000016959], [-120.53084299960473, 39.46187100025756], [-120.53086699989414, 39.46187100025756], [-120.53094300006215, 39.461886000187846], [-120.5309969995905, 39.461936999787966], [-120.53102699972774, 39.462028000015074], [-120.53105000019227, 39.46212299976708], [-120.53114200025378, 39.462237000269255], [-120.53117700041386, 39.46226300033333], [-120.5312639995542, 39.46233000026688], [-120.53140099982153, 39.46242300014019], [-120.5317830003113, 39.46253000029561], [-120.53197300028208, 39.46256999995502], [-120.53208000041221, 39.46264899982154], [-120.53215700040509, 39.46272700021638], [-120.53224100007067, 39.46291400023782], [-120.53233200030728, 39.4630059999527], [-120.532446999935, 39.46307099972317], [-120.53254200036956, 39.46311399997542], [-120.53256099973783, 39.46312299991197], [-120.53274400003595, 39.4631950000559], [-120.53285100016603, 39.4632329998899], [-120.53303399956586, 39.463372000237484], [-120.53316300033558, 39.4634650001055], [-120.53337699969752, 39.46359600017862], [-120.53359099995777, 39.46376699967004], [-120.53403299982365, 39.4641370003355], [-120.53408700025031, 39.46418300009336], [-120.53418599998453, 39.464208000069604], [-120.53428499971872, 39.464210000178234], [-120.53436199971162, 39.46422899982075], [-120.5344529999482, 39.46429399983605], [-120.5345220004435, 39.464377000034], [-120.53453699961379, 39.464439999809045], [-120.53450700037486, 39.46453000018138], [-120.53446100034412, 39.46458700021822], [-120.53437699978022, 39.46465299994709], [-120.53429300011463, 39.46473200022327], [-120.53420100005313, 39.46488799972392], [-120.53419299965721, 39.464991000078385], [-120.53420100005313, 39.46511299968152], [-120.53428499971872, 39.46535799967099], [-120.53443000038199, 39.465568999703784], [-120.53450599965166, 39.46573699979834], [-120.5346210001777, 39.465933000320696], [-120.53469700034567, 39.466105999672024], [-120.53472800030782, 39.46624599985446], [-120.53472800030782, 39.46639499996211], [-120.53470499984327, 39.466555999999116], [-120.53475099987403, 39.466894999918765], [-120.53483500043794, 39.467118000297155], [-120.53488099957036, 39.467290000159956], [-120.53488899996628, 39.46730999966484], [-120.53495699973837, 39.46746700032883], [-120.53501700001281, 39.467658000115776], [-120.53503299990635, 39.46783400003982], [-120.53501799983775, 39.46795900020813], [-120.53501799983775, 39.46810800011533], [-120.53498699987558, 39.46823399978785], [-120.53494199966974, 39.468484999842616], [-120.53495000006566, 39.46853800013902], [-120.53495699973837, 39.4685889997188], [-120.53499500027151, 39.46871099994885], [-120.53507100043952, 39.46903300002903], [-120.53511200044738, 39.46925099988778], [-120.53514699970917, 39.46943099986077], [-120.53516099995286, 39.469750000152274], [-120.53519399956484, 39.4704920003142], [-120.5351130002723, 39.470690999809186], [-120.53499400044659, 39.47098800012948], [-120.53492300030148, 39.47116399995219], [-120.53479000023209, 39.471293000189625], [-120.53407700020458, 39.47198599990325], [-120.53404299986938, 39.472113000121986], [-120.53394800033314, 39.47247599985668], [-120.53393400008943, 39.47249899975695], [-120.53387999966276, 39.472587000239855], [-120.53370300011075, 39.47290100028358], [-120.53372200037731, 39.47326200021903], [-120.53373099969983, 39.47335099965977], [-120.5337840003016, 39.473850000337016], [-120.53394900015806, 39.47427400008837], [-120.53397599992222, 39.47434300006346], [-120.5340520000902, 39.474535000297266], [-120.53427800004603, 39.47518599981096], [-120.53442100016115, 39.47558200002777], [-120.53434900019111, 39.4758310001497], [-120.53431800022898, 39.47592499989436], [-120.53430999983306, 39.47594999981247], [-120.53427999969583, 39.47603899997492], [-120.53425399975659, 39.47612000026534], [-120.5343550000389, 39.47688600015443], [-120.53438600000106, 39.47693400024139], [-120.53439699987172, 39.47695899979689], [-120.53440199989457, 39.47697100032919], [-120.53441100011541, 39.4769919996956], [-120.5344169999632, 39.477007999703865], [-120.53442299981099, 39.47702100009791], [-120.53457099994897, 39.477366000227086], [-120.53458299964456, 39.47739200018554], [-120.53473699963033, 39.47785099974601], [-120.5347769998133, 39.47844600024114], [-120.53476799959246, 39.47846199991498], [-120.5346210001777, 39.47874399988961], [-120.53459400041352, 39.47879600015349], [-120.53458799966742, 39.47880699983093], [-120.53449499978099, 39.47898600020043], [-120.53446299999393, 39.47925900020223], [-120.5344599996209, 39.47931000024383], [-120.53444200007756, 39.47967699988889], [-120.53430599963511, 39.479936000277156], [-120.5343039999853, 39.48025699989116], [-120.53433499994743, 39.48061099967232], [-120.53442799983385, 39.48087899976946], [-120.5345509998575, 39.481231000232285], [-120.53456500010121, 39.48139899995122], [-120.53459100004045, 39.48171299974109], [-120.53459000021556, 39.482131999730235], [-120.53457400032202, 39.482219000018745], [-120.5344739998646, 39.48277599966195], [-120.53428499971872, 39.483161999757826], [-120.53420299970294, 39.48346000000097], [-120.53423299984019, 39.48368599999473], [-120.53442899965877, 39.4837650001537], [-120.53472099973682, 39.483710000122706], [-120.53501100016503, 39.483612999785606], [-120.53511800029514, 39.48367300015305], [-120.53518699989212, 39.48371099989678], [-120.53570300027619, 39.48424899966002], [-120.5359519997982, 39.4843620002], [-120.53637799977055, 39.484556999798095], [-120.53671000003155, 39.484677000238975], [-120.53684499975077, 39.4847270000149], [-120.53694299966007, 39.48481300007228], [-120.53739299992186, 39.485212000204974], [-120.53759499958825, 39.48540500000022], [-120.53776600019076, 39.485567999912995], [-120.53839800002744, 39.48602899977152], [-120.539331000163, 39.48657899988925], [-120.53957999968502, 39.48674900001616], [-120.53966099987588, 39.4869780002887], [-120.53967199974653, 39.48700699999394], [-120.5395570001188, 39.487201000077576], [-120.5395860004311, 39.48771699988151], [-120.53963900013456, 39.48781300032545], [-120.53988500018185, 39.48825699996141], [-120.53984099980093, 39.48877300024844], [-120.54009000022127, 39.48908000006412], [-120.54035800000987, 39.48953999982756], [-120.5406760000272, 39.4897489999399], [-120.54075200019518, 39.489799000228544], [-120.54099900006739, 39.490218999708674], [-120.54105000012102, 39.49059000010861], [-120.54125599998532, 39.49088900008157], [-120.54182800044588, 39.491019000151006], [-120.5424510000617, 39.49103699973618], [-120.54310600036291, 39.49103800009813], [-120.5438429997816, 39.49122500028587], [-120.54433999989902, 39.491588999772524], [-120.54445299987695, 39.49191199967901], [-120.5445349998927, 39.49252499970418], [-120.54489800011588, 39.492694999852], [-120.54539600005826, 39.49283299992728], [-120.54596299959759, 39.49280900017496], [-120.54631099975212, 39.49279500031566], [-120.54674799959513, 39.49281999971583], [-120.5469130003499, 39.49307099979529], [-120.54726499980409, 39.4934100001433], [-120.54782499967072, 39.49371000009708], [-120.5479419998466, 39.49375300012996], [-120.54848199962177, 39.49395200032268], [-120.54857200003345, 39.49398499978403], [-120.54908000002159, 39.494469999870496], [-120.54937799994742, 39.495179999804975], [-120.54942399997813, 39.495333000144605], [-120.5494909999253, 39.49555299997481], [-120.54954199997893, 39.495895999786306], [-120.54957200011614, 39.496100999738665], [-120.54972100007907, 39.49632599995424], [-120.54988199973756, 39.49656899967405], [-120.55010799969337, 39.49711800002141], [-120.55018899988421, 39.49766599992538], [-120.55017700018867, 39.49799700003372], [-120.55024499996073, 39.49812000024193], [-120.55041499984003, 39.498432999829596], [-120.55085000003321, 39.49882900007868], [-120.5509699996838, 39.498955000251954], [-120.55120200038571, 39.49920000028164], [-120.5512219995789, 39.49937799990586], [-120.55117899992118, 39.49950600025732], [-120.55095999963807, 39.49967499973215], [-120.55057399984867, 39.49990199993869], [-120.55085500005607, 39.50020899982647], [-120.55083400013969, 39.50040299981052], [-120.55072899965938, 39.50073299983284], [-120.55017600036375, 39.50147399990173], [-120.55013299980774, 39.5015640001887], [-120.5501029996705, 39.50162799976732], [-120.55032299977852, 39.502652999761175], [-120.5503649996113, 39.502850999929564], [-120.55045099982503, 39.50324999982591], [-120.5505539997572, 39.50342100026846], [-120.55065900023749, 39.50359500014099], [-120.55067900032898, 39.503629000057224], [-120.55096600038414, 39.50384499995201], [-120.55122800032498, 39.504042000015176], [-120.55191899971287, 39.5045690000426], [-120.55222300038481, 39.50468899990713], [-120.55229500035485, 39.504674999667955], [-120.55285699987131, 39.50457699999377], [-120.55336599968435, 39.504609999956074], [-120.5534059998673, 39.504623000041946], [-120.5540400002521, 39.50482900006484], [-120.55472399996734, 39.50541899975937], [-120.55495199957296, 39.50566200026584], [-120.55559600000353, 39.50569499971291], [-120.5561850001825, 39.50626500029087], [-120.55637299960517, 39.50644699970952], [-120.55664200011701, 39.50680999975419], [-120.55665100033782, 39.50717299998186], [-120.55661399962956, 39.507202999709634], [-120.5563700001304, 39.507407000148746], [-120.55590200032526, 39.50761599991296], [-120.55579699984497, 39.50802700019903], [-120.55577900030163, 39.50824999969945], [-120.55579500019515, 39.50844799986195], [-120.55586700016516, 39.50873600016227], [-120.55613800032684, 39.50974399978305], [-120.55611400003738, 39.509967000010555], [-120.55606800000662, 39.51020099977811], [-120.55606800000662, 39.51065000028837], [-120.55609800014383, 39.51099299975437], [-120.55615099984729, 39.511295000195894], [-120.55615000002238, 39.51152500007385], [-120.55611900006025, 39.51172199984909], [-120.55602000032606, 39.51192600018856], [-120.55600500025743, 39.512083999999085], [-120.55606600035681, 39.512309999814065], [-120.55611900006025, 39.51253700033253], [-120.5560949997708, 39.51286899966053], [-120.55604999956496, 39.5131599997853], [-120.55604999956496, 39.51327799997675], [-120.55604899974007, 39.513368000223], [-120.5560799997022, 39.513516999873815], [-120.55613999997662, 39.513658000300275], [-120.55632499992458, 39.51387000007354], [-120.55649300015408, 39.51403999999317], [-120.55656900032206, 39.51410499989324], [-120.55667499972893, 39.5141430003291], [-120.55688200031649, 39.5141430003291], [-120.5570660004395, 39.51415099987111], [-120.55722600027308, 39.51420500004726], [-120.55741600024388, 39.51424499979137], [-120.55758399957504, 39.51426200026468], [-120.55780600023122, 39.51425800015371], [-120.55809699958603, 39.51423200011964], [-120.55826399999061, 39.51424499979137], [-120.55848699957338, 39.5143769998923], [-120.5586770004425, 39.51441700023036], [-120.55893699983517, 39.51449900019305], [-120.55906700042983, 39.514546999957275], [-120.55918899973024, 39.51464500012365], [-120.55924300015693, 39.51478999972731], [-120.55928900018768, 39.5149889999811], [-120.55932699982252, 39.51521200000607], [-120.55944900002126, 39.51542599991008], [-120.55963899999203, 39.51557399998918], [-120.55982300011505, 39.51565499996449], [-120.56012799971357, 39.51576900005208], [-120.560304000339, 39.51584499977557], [-120.56043400003533, 39.515960000247645], [-120.56059300004401, 39.51615699992096], [-120.56067000003688, 39.51619499992735], [-120.56082300019776, 39.51620699992507], [-120.56099800009996, 39.51616999992548], [-120.56123499992641, 39.516062999815865], [-120.56134899972925, 39.51602399973492], [-120.56145500003443, 39.51600899969798], [-120.56165400022608, 39.51602199973019], [-120.56201200042636, 39.516091999861835], [-120.5622340001842, 39.5161199998948], [-120.56249299975198, 39.51613799990996], [-120.56271500040816, 39.516111999886505], [-120.56303500007529, 39.51605099979328], [-120.56362300042936, 39.51591900010118], [-120.56391299995927, 39.51583899974571], [-120.56455300019185, 39.5156730001002], [-120.56484299972176, 39.51561100030616], [-120.56510300001275, 39.51556299989112], [-120.56549999967281, 39.515530000279554], [-120.56603299977527, 39.51552800026055], [-120.56645299989982, 39.51553200029844], [-120.56682000032096, 39.51555299980045], [-120.56716299955433, 39.51560100022245], [-120.56739899955586, 39.5156469999027], [-120.56775000008346, 39.51574899992866], [-120.56806300007788, 39.51587699992606], [-120.56833800043752, 39.51603599976217], [-120.56851300033969, 39.5162109999238], [-120.56873500009758, 39.516409000268126], [-120.5688870004335, 39.5165740002394], [-120.56903999969606, 39.51676700028392], [-120.56914600000128, 39.51696299975875], [-120.56920799992555, 39.517103000134014], [-120.56925300013143, 39.517294000126604], [-120.56947400006433, 39.51760500002113], [-120.56967300025597, 39.51777099990069], [-120.5701689996502, 39.5181370002958], [-120.57031400031347, 39.51827099987106], [-120.57039799997906, 39.51839400023107], [-120.57053500024641, 39.51879800008371], [-120.570618999912, 39.51901999970222], [-120.57077899974556, 39.51928899999347], [-120.57089400027162, 39.51941299989029], [-120.57104599970927, 39.5195019998586], [-120.57117600030394, 39.51955500008142], [-120.57138899984095, 39.51958200015325], [-120.57158800003256, 39.51964900031179], [-120.57173299979752, 39.51976899977224], [-120.57187000006488, 39.51988899971835], [-120.57192399959325, 39.51998500008034], [-120.57205400018789, 39.52010900012051], [-120.57218300005933, 39.52019699994769], [-120.57229000018944, 39.52024399999081], [-120.57246500009163, 39.52028900012025], [-120.57281599972089, 39.52032300018329], [-120.57327400037862, 39.52034600019613], [-120.57368600010727, 39.520404000164575], [-120.57392999960642, 39.52047699985286], [-120.57416700033123, 39.52057200015824], [-120.5742579996695, 39.52066800026913], [-120.5744040001577, 39.52081099990679], [-120.57461699969468, 39.52093299999484], [-120.57472399982483, 39.520974999884736], [-120.5747229999999, 39.52102100016389], [-120.57483799962762, 39.521085999768346], [-120.57523500018597, 39.52125200033704], [-120.57534899998879, 39.521325999753024], [-120.57551700021827, 39.52134800020098], [-120.57572399990752, 39.521387999989635], [-120.57583799971033, 39.52139999978317], [-120.57593800016778, 39.52139199969008], [-120.57599000004629, 39.521388999914755], [-120.57604399957465, 39.52140400017583], [-120.5760889997805, 39.521423000132266], [-120.57608999960541, 39.52145399986772], [-120.57606700003919, 39.52146700026681], [-120.5760129996125, 39.52147999997051], [-120.57585299977896, 39.52149500021187], [-120.5758000000755, 39.52151099968051], [-120.57577699961098, 39.52152400006888], [-120.57577699961098, 39.521573999674374], [-120.57585299977896, 39.52166099980302], [-120.57595999990907, 39.5217039998662], [-120.57601400033573, 39.52174599998275], [-120.5760889997805, 39.521779000106], [-120.57611999974263, 39.52181499997059], [-120.57612700031366, 39.521874000016346], [-120.576104999674, 39.52192300014541], [-120.57604399957465, 39.521981000182784], [-120.57585299977896, 39.522057999954455], [-120.57575400004474, 39.5220739999863], [-120.57567000037915, 39.522063000224676], [-120.57550999964728, 39.52202799971161], [-120.57530399978297, 39.52196099976913], [-120.5751659996907, 39.52189900004408], [-120.57484600002354, 39.521824999852704], [-120.57467000029645, 39.521771999976174], [-120.5745559995953, 39.52176000024691], [-120.57450999956457, 39.52176800029761], [-120.57446500025704, 39.52181200021358], [-120.57446400043212, 39.52183000013965], [-120.57450999956457, 39.521866999896076], [-120.57461699969468, 39.52191899978259], [-120.57476900003067, 39.52202100029983], [-120.57485299969625, 39.52210400020932], [-120.57496099965128, 39.52217000009993], [-120.57505899956055, 39.522280000240215], [-120.575159000018, 39.52230400020988], [-120.57534899998879, 39.52232200000848], [-120.57545399957077, 39.52230799985756], [-120.57559400021117, 39.52229099996751], [-120.57575400004474, 39.52228499980149], [-120.57602900040436, 39.52231400002159], [-120.57619599991061, 39.522361999929075], [-120.57633400000289, 39.52244600003393], [-120.57652499979858, 39.522598999939014], [-120.57663899960141, 39.5227409998528], [-120.57705799990107, 39.523060000205845], [-120.5771879995974, 39.52314400015935], [-120.57734800032928, 39.52319200018612], [-120.57767700021725, 39.523253000244495], [-120.57781699995934, 39.52326600030684], [-120.57785899979213, 39.523270999797134], [-120.57797400031819, 39.52326399981769], [-120.57815699971796, 39.52322700011257], [-120.57846999971244, 39.523171000221815], [-120.57867599957675, 39.52310300009574], [-120.57895099993634, 39.52301900009264], [-120.5791640003717, 39.52297799995522], [-120.579370000236, 39.5229639999366], [-120.57953799956718, 39.52298099966191], [-120.57971400019261, 39.52301200008778], [-120.57987400002617, 39.52305599990852], [-120.58011000002772, 39.523110000091414], [-120.58029300032584, 39.52316799983044], [-120.58040799995355, 39.52319800027378], [-120.58050699968774, 39.523200000071874], [-120.58058399968064, 39.523170000322345], [-120.58066700041962, 39.52310399999617], [-120.58078899972006, 39.522989000264865], [-120.5809269998123, 39.52289800010758], [-120.58107999997318, 39.52285599999475], [-120.58130000008123, 39.522860000303545], [-120.58148300037932, 39.522908999736956], [-120.5816080000528, 39.522934000085066], [-120.58170500013718, 39.52295400021848], [-120.58180399987137, 39.522964999839026], [-120.58188800043528, 39.52294900001245], [-120.58201800013161, 39.52289299989748], [-120.58221599960002, 39.52279799999518], [-120.58228199972227, 39.522687000075976], [-120.58260499976245, 39.522576999887335], [-120.58278100038785, 39.522462999886045], [-120.58297899985627, 39.522354999858045], [-120.58314700008577, 39.52222299967274], [-120.58330000024664, 39.52206899971691], [-120.58343699961567, 39.52187799968873], [-120.58350600011096, 39.52168100030306], [-120.58357399988301, 39.521560999988324], [-120.58365099987591, 39.52149899990616], [-120.58375800000603, 39.52147900004665], [-120.58386400031122, 39.5214809998943], [-120.58394799997681, 39.5215060000635], [-120.58402400014482, 39.52156999998447], [-120.58418499980327, 39.52172199982026], [-120.58435999970547, 39.521879000299755], [-120.58446699983561, 39.522002999730304], [-120.58460400010296, 39.52209999985698], [-120.5848259998608, 39.52219500002112], [-120.5850159998316, 39.52231200019792], [-120.58532899982605, 39.52262899993526], [-120.585473999591, 39.52278900015816], [-120.58559599978975, 39.52288200026558], [-120.58576400001924, 39.52291699965531], [-120.58600000002077, 39.52297199984862], [-120.58617599974787, 39.52296599974144], [-120.58650399981092, 39.522919000154445], [-120.58671800007117, 39.52291000033312], [-120.5869160004379, 39.52291000033312], [-120.58708399976906, 39.52295400021848], [-120.58717500000566, 39.52301399989124], [-120.58726000039448, 39.52309699999988], [-120.58731999977061, 39.523233000197195], [-120.5873740001973, 39.52333299968324], [-120.58743500029667, 39.52338399996162], [-120.58752599963493, 39.52343600009817], [-120.58766399972721, 39.523496999942225], [-120.58788600038339, 39.523547000206115], [-120.588001999836, 39.523562999894914], [-120.58809300007262, 39.52355599994489], [-120.58823899966247, 39.52349099988041], [-120.58843200000632, 39.523471999796776], [-120.58867800005363, 39.52346800021618], [-120.58933800037768, 39.52343699999381], [-120.58962999955743, 39.52347600007014], [-120.58971499994625, 39.523458999773055], [-120.58979100011423, 39.523437999889424], [-120.58989900006927, 39.52339999968797], [-120.58997600006215, 39.523342000142705], [-120.5900289997656, 39.52318899979566], [-120.59010699958341, 39.52305400010627], [-120.59014500011655, 39.522961000229174], [-120.59019100014731, 39.522901999721014], [-120.59028400003375, 39.522868000227554], [-120.59047499982942, 39.52277699991167], [-120.59064499970874, 39.5227489997905], [-120.590858999969, 39.52267200009201], [-120.59115900044294, 39.52254300023476], [-120.59125999982697, 39.52251699983704], [-120.59137500035304, 39.52252399989178], [-120.59150599987429, 39.52255000028689], [-120.5916819996014, 39.522544000143256], [-120.59181300002093, 39.522506000145576], [-120.59195899961081, 39.52244600003393], [-120.5921200001676, 39.5223590001957], [-120.59221999972672, 39.52228900014318], [-120.5923510001463, 39.52225499965667], [-120.59244700040577, 39.52224200009808], [-120.59263300017861, 39.522216000280615], [-120.59280700025587, 39.522133999726414], [-120.59302800018881, 39.52205899986993], [-120.59324699957362, 39.52201400019438], [-120.59328599993168, 39.52201400019438], [-120.5933999997345, 39.522048000105926], [-120.59345199961301, 39.52209399967446], [-120.593527999781, 39.52213199989757], [-120.59360399994898, 39.522133999726414], [-120.59367300044426, 39.52209899994204], [-120.59377200017848, 39.52202499996376], [-120.59402200042373, 39.52186899973251], [-120.59418899992998, 39.52177399981533], [-120.59434899976357, 39.52171399976425], [-120.59450799977223, 39.521695999808124], [-120.59466699978088, 39.52172600019436], [-120.59508500025562, 39.52186899973251], [-120.59532000043227, 39.5218880002547], [-120.59541900016646, 39.521872000180004], [-120.59551700007576, 39.5218429997754], [-120.59558499984782, 39.52179099983193], [-120.59570700004656, 39.52162699970201], [-120.59588199994873, 39.521433999995295], [-120.59594999972079, 39.52127899974914], [-120.5960259998888, 39.521153999790485], [-120.59618400007254, 39.5209920000969], [-120.59634499973103, 39.52089699967309], [-120.59660199964897, 39.52077299965383], [-120.59689899974988, 39.52066299989852], [-120.5970050000551, 39.520610999764536], [-120.59713499975143, 39.52060400020995], [-120.59731700022462, 39.520626000193644], [-120.59752899993674, 39.52071200018901], [-120.59765799980818, 39.52082600029266], [-120.59781699981683, 39.52099499988932], [-120.59791499972611, 39.52114599966905], [-120.59795300025925, 39.52125799989934], [-120.59804399959755, 39.52144800032235], [-120.59821799967483, 39.52169399996666], [-120.59841600004155, 39.52184099993823], [-120.5986050001874, 39.521922000227974], [-120.59888700021975, 39.522057999954455], [-120.59915400018342, 39.5220859996613], [-120.59939100000989, 39.52209999985698], [-120.59960500027013, 39.52207300007103], [-120.59989399997514, 39.52205199976836], [-120.6000389997401, 39.52201899977482], [-120.60011599973299, 39.52194900007257], [-120.60014599987021, 39.52187699977066], [-120.60019899957365, 39.52165700011811], [-120.6002150003655, 39.52162599978031], [-120.60026800006895, 39.52159999973224], [-120.60036000013045, 39.52157099990697], [-120.60071099975974, 39.521560000065676], [-120.60106200028733, 39.5215580002203], [-120.60121399972496, 39.52155199999102], [-120.60145099955143, 39.52151699991334], [-120.60183899988895, 39.521506999986926], [-120.60251099990862, 39.52158400028416], [-120.60291500013965, 39.52159600004378], [-120.60351099999129, 39.52157700013466], [-120.60386900019161, 39.521567000216834], [-120.60435799991312, 39.52153200014677], [-120.60459399991468, 39.52150400021662], [-120.60462499987682, 39.52150099975317], [-120.60494500044229, 39.52145399986772], [-120.60515100030659, 39.52141699989132], [-120.6054409998365, 39.52134700027527], [-120.60576899989958, 39.52124500015409], [-120.60602099979465, 39.52113299990284], [-120.60612700009987, 39.52110900022148], [-120.60625000012351, 39.52110200002411], [-120.60668399959347, 39.52119199983495], [-120.60703500012107, 39.52127100033506], [-120.60774499977555, 39.52144800032235], [-120.60775800019434, 39.52145100009513], [-120.60863799972812, 39.52165999988181], [-120.6088200002013, 39.52167300024234], [-120.609155999762, 39.52169800034243], [-120.60954499992441, 39.521692000125185], [-120.60994999998036, 39.52166500018069], [-120.61037699977763, 39.521656000196856], [-120.61110900007174, 39.521603000191355], [-120.6114449996324, 39.521564999678745], [-120.61178899958897, 39.52149999982967], [-120.61202600031375, 39.521409999724995], [-120.61215500018521, 39.52134100002771], [-120.61231500001875, 39.52128100029545], [-120.61239799985944, 39.5212419996795], [-120.61284200027345, 39.52103900029501], [-120.6129870000384, 39.520939000277664], [-120.61331400027656, 39.520778999950466], [-120.61349000000365, 39.52070100021163], [-120.61361999969998, 39.52065399978479], [-120.61379600032538, 39.520630999873944], [-120.61406999996177, 39.520672999946456], [-120.61434399959816, 39.52076400024737], [-120.61461200028508, 39.52084600034021], [-120.6153670001454, 39.52112700032974], [-120.61578600044508, 39.52130699977005], [-120.61638899996942, 39.52153100022371], [-120.61677800013186, 39.521656000196856], [-120.61701499995833, 39.52168799974912], [-120.61727500024932, 39.521707000320816], [-120.61754100038807, 39.52170800024135], [-120.61775499975003, 39.52169399996666], [-120.61804500017824, 39.5216370003041], [-120.61862500013636, 39.52154100014667], [-120.61918199962999, 39.52142599990612], [-120.6195559997238, 39.52135299982936], [-120.61980699979398, 39.52130799969633], [-120.62005100019144, 39.52127699989572], [-120.62031099958412, 39.52127400011548], [-120.62064700004312, 39.521325999753024], [-120.62115000000834, 39.52141699989132], [-120.62157000013292, 39.521470999962645], [-120.62203600028825, 39.521488999977144], [-120.62227200028978, 39.52148999990081], [-120.6224549996896, 39.521457000333186], [-120.6228210002858, 39.52134800020098], [-120.62285200024793, 39.52133900017608], [-120.62292500004287, 39.5213000002856], [-120.62298199994426, 39.52126999971528], [-120.6231109998157, 39.52119099990699], [-120.62330199961141, 39.52105100014879], [-120.62347700041191, 39.52082099993343], [-120.62360700010825, 39.520633999682005], [-120.62372099991107, 39.52045200000623], [-120.62388099974464, 39.520167000286875], [-120.62395799973754, 39.51996499978486], [-120.62405800019495, 39.519822999738984], [-120.62427900012791, 39.519625000117635], [-120.62441600039523, 39.51955100027524], [-120.62464499982578, 39.519546999775805], [-120.62530900034783, 39.519627999969096], [-120.62552199988484, 39.5196780002466], [-120.62569000011436, 39.51972200010067], [-120.62583499987929, 39.51976999972066], [-120.62604900013955, 39.51993200018564], [-120.62607199970576, 39.519940999699905], [-120.62623900011035, 39.52009300032896], [-120.62652199996755, 39.52019300017842], [-120.62673500040287, 39.52021600023431], [-120.62691100012997, 39.52027299967719], [-120.62700999986419, 39.5203480000764], [-120.62705599989492, 39.52044299986521], [-120.62706699976559, 39.520537000279674], [-120.62707099996356, 39.520570000284415], [-120.62710100010078, 39.52074099967998], [-120.62713899973562, 39.52089100007961], [-120.62720099965989, 39.52105399993871], [-120.62723900019304, 39.52125300026412], [-120.62724699969066, 39.521387999989635], [-120.62721599972852, 39.52160400011338], [-120.62724699969066, 39.52173500016914], [-120.62731500036102, 39.52184000001956], [-120.62731500036102, 39.52185799993842], [-120.62734600032316, 39.5219179998651], [-120.62734600032316, 39.521935999763706], [-120.62742199959283, 39.522166999665316], [-120.62749799976083, 39.52256500029721], [-120.62760499989092, 39.522824000287706], [-120.62784199971738, 39.5231259998809], [-120.62816999978045, 39.52337999968295], [-120.62853600037667, 39.523546000312066], [-120.62877200037823, 39.52361800026951], [-120.62892499964077, 39.52373400023642], [-120.62903900034192, 39.52385799981957], [-120.62916900003825, 39.52401299985325], [-120.6292000000004, 39.52405499995929], [-120.6294059998647, 39.524297999727615], [-120.62963900039153, 39.52452300011517], [-120.6296579997598, 39.52454100003152], [-120.62981000009576, 39.52464800024645], [-120.62993200029447, 39.52475899980305], [-120.63001599996007, 39.524828000261955], [-120.6301309995878, 39.52488000001019], [-120.6302219998244, 39.5249000002761], [-120.63035999991666, 39.524897999834025], [-120.63048100029049, 39.52486900000009], [-120.63072599961457, 39.52472100032437], [-120.63087799995053, 39.52466100004766], [-120.63109200021077, 39.524615999979304], [-120.63113800024152, 39.52457599997103], [-120.63114499991423, 39.52456300015397], [-120.63119099994496, 39.52451399980877], [-120.63120600001358, 39.52448700026846], [-120.63133599970992, 39.52441800016365], [-120.63154999997018, 39.524367999833935], [-120.63170999980375, 39.52430799994511], [-120.63186299996462, 39.52420799978425], [-120.63201500030058, 39.52399900004327], [-120.63212099970748, 39.523911000182906], [-120.63225899979976, 39.52381100014331], [-120.63236599992987, 39.52375900028755], [-120.63241199996064, 39.52375099977325], [-120.63285899984935, 39.52365499976626], [-120.63292999999449, 39.52363999999137], [-120.633418999716, 39.523555000050976], [-120.63374699977908, 39.52352599965616], [-120.63421299993439, 39.52350300000352], [-120.63434199980583, 39.523520000289835], [-120.63460200009682, 39.52358299984718], [-120.63505200035861, 39.52373699991045], [-120.63512799962828, 39.52376500032621], [-120.63555500032386, 39.52387300024027], [-120.63580700021893, 39.52389599977042], [-120.63600600041057, 39.52398999966896], [-120.63611199981749, 39.524055999846006], [-120.63635600021492, 39.52426799975947], [-120.63653199994201, 39.52438900012922], [-120.63663800024723, 39.52447600019609], [-120.63690500021093, 39.524603000169684], [-120.63718800006816, 39.52461799973657], [-120.63735600029766, 39.52460800025666], [-120.6377909995925, 39.52456699967151], [-120.63795799999708, 39.5245750000918], [-120.6382249999608, 39.524571999761086], [-120.63854600035116, 39.52451100016835], [-120.63863500003961, 39.52447799995739], [-120.63875899988818, 39.52443400034467], [-120.6389580000798, 39.52433899977867], [-120.63917099961681, 39.52422099966782], [-120.63933200017361, 39.524080999781226], [-120.6395000004031, 39.52390400026801], [-120.63965299966566, 39.52379399992824], [-120.64023900036989, 39.52327500008203], [-120.64044600005914, 39.52320700005779], [-120.64072800009146, 39.52309099990356], [-120.64077099974917, 39.52307799980845], [-120.64094099962847, 39.523032000198775], [-120.6411330001474, 39.523008999689544], [-120.6413309996158, 39.52302699999832], [-120.64149100034767, 39.523061000106885], [-120.64160599997541, 39.52312699978099], [-120.64171999977823, 39.523143000259495], [-120.64187299993908, 39.52311899988683], [-120.64207899980342, 39.52313600026714], [-120.64227700017014, 39.52316699993088], [-120.64243700000371, 39.52318600009801], [-120.64245999956992, 39.52318899979566], [-120.64269700029473, 39.52328399985606], [-120.64295599986248, 39.52341500020759], [-120.64317699979541, 39.52348300002817], [-120.64326100035932, 39.52352100018426], [-120.64335300042083, 39.52360399968691], [-120.64340600012427, 39.5236900001523], [-120.64356599995784, 39.52381999984789], [-120.64362799988214, 39.5238389998363], [-120.64365800001937, 39.523867000210934], [-120.64375699975356, 39.52391399984929], [-120.64384100031747, 39.523929000257944], [-120.6440620002504, 39.523942000193685], [-120.6442530000461, 39.523932999812], [-120.6444289997732, 39.52394999999304], [-120.64458100010916, 39.52393500028187], [-120.64480299986701, 39.52389900013034], [-120.64506200033311, 39.52385000000962], [-120.64536000025892, 39.52378799989213], [-120.64551599989454, 39.523774999927504], [-120.64567200042848, 39.52376299985144], [-120.64613000018787, 39.5237410001685], [-120.64638899975563, 39.52374600031754], [-120.64652699984791, 39.52375799970361], [-120.64684700041335, 39.52376000017853], [-120.64707599984389, 39.5237829997461], [-120.64729000010414, 39.52377800029265], [-120.64779300006938, 39.523676000277206], [-120.64792299976571, 39.52366900033858], [-120.648068000429, 39.523677000169386], [-120.64825900022471, 39.52371199985139], [-120.64839599959375, 39.523705999808165], [-120.64852600018841, 39.52368099973795], [-120.64879999982477, 39.52360999973896], [-120.64905199971987, 39.52357900027292], [-120.64947199984444, 39.52348399992313], [-120.64983800044064, 39.523459999668354], [-120.65021199963614, 39.52343600009817], [-120.65043299956908, 39.52341799989541], [-120.65080699966289, 39.52337199981799], [-120.65093700025756, 39.523370000024784], [-120.65101300042554, 39.523384999857996], [-120.65105899955796, 39.5234080002427], [-120.651250000252, 39.523592000274235], [-120.65133300009268, 39.52369799998069], [-120.65147899968252, 39.523808999669875], [-120.65164600008711, 39.523901999797246], [-120.65175999988992, 39.52394900010481], [-120.65208899977792, 39.52405499995929], [-120.65217300034182, 39.52410200016329], [-120.65221900037255, 39.524196999667694], [-120.65222600004526, 39.52421100013069], [-120.65231800010677, 39.52429900030377], [-120.65238599987883, 39.52434999987273], [-120.65251599957517, 39.524406000198645], [-120.65276800036857, 39.52444700018593], [-120.65292800020212, 39.52449099979042], [-120.65304200000496, 39.524587999906664], [-120.65318699976991, 39.52473099978801], [-120.65322699995286, 39.524768999954134], [-120.65336300039529, 39.524896000084766], [-120.65343199999229, 39.52498300020939], [-120.6535609998637, 39.525197999675456], [-120.65359100000094, 39.525405000230876], [-120.65362199996308, 39.52551000007593], [-120.653630000359, 39.52563099966745], [-120.65365299992521, 39.525766999752626], [-120.65368300006244, 39.525898000270665], [-120.65368300006244, 39.52600600033203], [-120.65366100032114, 39.52607299983657], [-120.65368399988735, 39.52614599980228], [-120.65370599962866, 39.526294999759976], [-120.65376000005534, 39.526439999988476], [-120.6538129997588, 39.526553999697434], [-120.65386700018546, 39.526622999758594], [-120.65404200008766, 39.52676999969039], [-120.65417900035501, 39.526840999923074], [-120.65433199961757, 39.52688900016614], [-120.65449999984703, 39.52691899969491], [-120.65456099994641, 39.52692000023329], [-120.65465999968062, 39.526912999928754], [-120.65481200001658, 39.526894000088475], [-120.65502600027683, 39.526844000155755], [-120.65514799957727, 39.52678799971722], [-120.65521700007254, 39.52669900007801], [-120.65523200014117, 39.52668199987701], [-120.65529300024053, 39.52662000020927], [-120.6553619998375, 39.52658499991415], [-120.65550699960245, 39.5265339999079], [-120.65572099986271, 39.526430000078015], [-120.65584200023653, 39.526274999895854], [-120.65594199979564, 39.5261559997537], [-120.65604100042815, 39.52611299967543], [-120.65629300032322, 39.52608600006388], [-120.65652900032477, 39.52607299983657], [-120.65668199958735, 39.52609799973858], [-120.6568270002506, 39.52614199968277], [-120.65698700008419, 39.526149999921614], [-120.65714699991776, 39.52613900011268], [-120.65730000007864, 39.52608399965597], [-120.65739799998791, 39.52603100025811], [-120.65742999977496, 39.52601399989363], [-120.65753600008017, 39.52595800017151], [-120.65761300007307, 39.52589199972337], [-120.65785699957223, 39.52565400000115], [-120.657902999603, 39.52556399973644], [-120.65791099999892, 39.52546099970608], [-120.65796399970235, 39.52541700002326], [-120.65796399970235, 39.52539900033396], [-120.65809299957377, 39.525261999658674], [-120.65823099966605, 39.52499900026027], [-120.65833000029855, 39.5249110002813], [-120.65836799993339, 39.524885000077184], [-120.65845199959898, 39.52485899986333], [-120.65855100023148, 39.524842999780255], [-120.65858899986634, 39.52481300004749], [-120.65858899986634, 39.52477599978184], [-120.65856600030013, 39.52470400033206], [-120.65859700026225, 39.52457799972951], [-120.65868099992784, 39.52444000032501], [-120.65875700009582, 39.5242839999751], [-120.65885699965493, 39.52405200029899], [-120.6590159996636, 39.52379399992824], [-120.65903900012813, 39.523776999709], [-120.65913100018963, 39.52371099995973], [-120.65920700035761, 39.523676000277206], [-120.65933000038126, 39.52365200008873], [-120.65954299991827, 39.52359300016762], [-120.6604660000081, 39.52352999992641], [-120.66071000040557, 39.523522000078664], [-120.66115999976904, 39.52352599965616], [-120.66139699959551, 39.52351300033548], [-120.66167899962782, 39.52348300002817], [-120.6619310004212, 39.523461000256574], [-120.66213700028554, 39.52343299971825], [-120.66237300028708, 39.52338399996162], [-120.66309100033747, 39.5234080002427], [-120.6632129996379, 39.52337400030402], [-120.66328899980589, 39.52328999993576], [-120.66334999990526, 39.52320999975458], [-120.66345700003536, 39.52310900019108], [-120.66357199966312, 39.52302999970284], [-120.66366999957239, 39.522996000272045], [-120.66380000016706, 39.52293499998793], [-120.66395300032794, 39.52284800006938], [-120.66403699999351, 39.52278200013012], [-120.66432700042175, 39.522571999654176], [-120.66454800035466, 39.52248200024572], [-120.66469300011963, 39.52245300009578], [-120.66499000022056, 39.52242300002357], [-120.66513199961247, 39.522422000113345], [-120.66535699974335, 39.522422000113345], [-120.66579100011162, 39.522399000095035], [-120.66596699983874, 39.52237999971264], [-120.6661269996723, 39.522351000213064], [-120.66624899987104, 39.522299999869055], [-120.66643299999403, 39.52220900019482], [-120.66667700039153, 39.52210600003892], [-120.66695199985284, 39.52203900017173], [-120.66720299992299, 39.52195399965768], [-120.66746999988669, 39.52185099981655], [-120.66773699985036, 39.52172199982026], [-120.6680420003472, 39.52155199999102], [-120.66817200004355, 39.52145100009513], [-120.66823300014293, 39.521394000233144], [-120.66834799977065, 39.52127400011548], [-120.66847699964208, 39.521154999718966], [-120.66856100020598, 39.521139000168375], [-120.66878999963653, 39.521157000268865], [-120.66917100030135, 39.52110200002411], [-120.66946099983126, 39.521066999719665], [-120.67019399995029, 39.52100100016678], [-120.67032399964661, 39.5209720000914], [-120.67040700038561, 39.52090599975528], [-120.67046099991398, 39.52082600029266], [-120.67052200001334, 39.52070100021163], [-120.67056800004407, 39.5206390000547], [-120.67064400021205, 39.52062700012973], [-120.67088799971123, 39.520659000156094], [-120.67100200041234, 39.52067900025173], [-120.67127000020096, 39.52081900006682], [-120.67136100043756, 39.520843999781356], [-120.67143000003453, 39.520831999891755], [-120.67152899976873, 39.52077500021472], [-120.6715689999517, 39.52074600004498], [-120.67167400043199, 39.52067399988187], [-120.67184199976317, 39.520609999828224], [-120.67201800038858, 39.52059999977116], [-120.67217800022216, 39.520635000310946], [-120.67236099962194, 39.520665999705145], [-120.67252899985142, 39.520672999946456], [-120.67265900044609, 39.52065399978479], [-120.67328399971177, 39.52038200011056], [-120.67345899961394, 39.520281999840236], [-120.67362000017071, 39.52014999987277], [-120.6736879999428, 39.52008899986079], [-120.67380299957054, 39.519879000250505], [-120.67383299970776, 39.519847999812065], [-120.67390200020306, 39.519791000020426], [-120.67417599983945, 39.51959400025881], [-120.67431399993168, 39.51950599966765], [-120.67439000009966, 39.5194269999318], [-120.67447399976528, 39.519284000216565], [-120.67451999979599, 39.51922200018065], [-120.67462600010121, 39.51913900029189], [-120.6749480003165, 39.519010000109226], [-120.67507700018795, 39.51898599969427], [-120.67525200009013, 39.51894000014624], [-120.6754889999166, 39.51889499983577], [-120.67567999971229, 39.51882699968086], [-120.67589399997254, 39.51872300008974], [-120.67603100023987, 39.51864000029762], [-120.67621299981478, 39.51854899998582], [-120.6763969999378, 39.518485000053005], [-120.67655699977135, 39.518479000251176], [-120.67690800029894, 39.51848600001992], [-120.67699199996451, 39.51844300004338], [-120.67721999957017, 39.518303000289905], [-120.67737299973105, 39.5181940000588], [-120.67750300032569, 39.518056999722816], [-120.6776940001214, 39.517876000199955], [-120.67808300028383, 39.51759100030538], [-120.6781589995535, 39.5173760001582], [-120.67815199988081, 39.51725400005914], [-120.67815199988081, 39.517209000042385], [-120.6781290003146, 39.517176999812506], [-120.67808999995651, 39.5171580000805], [-120.67795299968917, 39.517034000315974], [-120.67783899988636, 39.51688299991261], [-120.67780100025152, 39.51666599966682], [-120.67780799992421, 39.51653999972722], [-120.67795299968917, 39.51620099992647], [-120.67802200018446, 39.51598600032799], [-120.67811400024597, 39.5157850001467], [-120.67822800004879, 39.515603000239295], [-120.67840299995096, 39.51536299988374], [-120.67854799971592, 39.51519899982227], [-120.67863999977743, 39.51506999994555], [-120.67870900027272, 39.514895999700144], [-120.67876199997617, 39.51469399980851], [-120.6787920001134, 39.51424499979137], [-120.67882999974823, 39.51395199998889], [-120.67889199967253, 39.513792000199516], [-120.67899100030503, 39.513676000260396], [-120.67905999990201, 39.51356999981211], [-120.6792430002001, 39.51319900008804], [-120.67930299957624, 39.5131109997115], [-120.67946400013304, 39.51303699985981], [-120.67983700040193, 39.51291899995206], [-120.68038700022286, 39.51278999999973], [-120.68066199968415, 39.51275899986268], [-120.68089000018809, 39.51275499966517], [-120.68127900035051, 39.512765000158566], [-120.68157700027635, 39.51277299985926], [-120.68185900030866, 39.51277399990839], [-120.68210299980784, 39.51276099996141], [-120.68231799989299, 39.5127250002554], [-120.68255399989455, 39.512657000297764], [-120.68278300022338, 39.512576000292015], [-120.68291999959243, 39.51250700013558], [-120.68300400015633, 39.512419000268544], [-120.68305699985977, 39.51233000023453], [-120.68308799982191, 39.512245000313655], [-120.68308799982191, 39.51215399994065], [-120.6830800003243, 39.512064000200816], [-120.6830719999284, 39.51187000019577], [-120.6830729997533, 39.51159599995168], [-120.68302699972253, 39.51123899969454], [-120.68297400001912, 39.51103500011007], [-120.6829809996918, 39.5109360003201], [-120.68300400015633, 39.51090999973579], [-120.68301199965393, 39.510873999763724], [-120.6830800003243, 39.51079399983599], [-120.68316399998992, 39.51078699998522], [-120.68321699969336, 39.51080999969031], [-120.68329399968624, 39.51082099984791], [-120.68336999985422, 39.510848999926175], [-120.68345400041812, 39.51089099967585], [-120.68352999968778, 39.51090199982063], [-120.68371399981079, 39.51089199975209], [-120.68385100007818, 39.510867999997586], [-120.68424699991328, 39.51079000021837], [-120.68440799957176, 39.510717000052445], [-120.68447700006706, 39.51064399980988], [-120.68450700020428, 39.51063300031727], [-120.68450499965614, 39.51061400018159], [-120.68460900031153, 39.51052599999604], [-120.68462400038015, 39.51051399971008], [-120.68541199985242, 39.51020700029491], [-120.68564899967889, 39.510043999932215], [-120.68570399993047, 39.51000499993756], [-120.68578699977115, 39.50990900033723], [-120.68587999965756, 39.509803999777894], [-120.68595300035082, 39.509585000100564], [-120.68595300035082, 39.5093749999231], [-120.68595400017573, 39.509327000050824], [-120.68594699960472, 39.50918200013424], [-120.68594400012998, 39.50912499990736], [-120.6859740002672, 39.50883099989123], [-120.68599299963549, 39.50864999989438], [-120.68605499955976, 39.50782800010275], [-120.68604899971197, 39.507778999733816], [-120.68602899962049, 39.50761300023587], [-120.6860710003516, 39.50743400009063], [-120.68613999994858, 39.507304999657535], [-120.6861480003445, 39.50726000012706], [-120.68627700021592, 39.50707800006539], [-120.6864370000495, 39.50690100019555], [-120.68656699974585, 39.50680900031231], [-120.68674300037125, 39.50669600021365], [-120.68713900020636, 39.50656400007422], [-120.68723899976547, 39.50653900007208], [-120.6873609999642, 39.50650100032881], [-120.68745899987348, 39.50645799986474], [-120.68770400009588, 39.50632300023349], [-120.68787099960215, 39.50624100032433], [-120.68800899969442, 39.50618899979083], [-120.68831400019127, 39.50613699991155], [-120.68839799985685, 39.50611100030387], [-120.68848999991836, 39.50606800029151], [-120.68855000019278, 39.50602000021412], [-120.6886270001857, 39.50594900018316], [-120.68876899957762, 39.50590899982145], [-120.68880999958549, 39.505898999727414], [-120.68903100041673, 39.50590300031965], [-120.68921499964144, 39.50589300022475], [-120.68931300044905, 39.50587300003064], [-120.6894430001454, 39.505817000010985], [-120.68984800020135, 39.50565399974645], [-120.68995500033147, 39.50562000012782], [-120.6901069997691, 39.50559099986915], [-120.69039700019736, 39.505570000128415], [-120.69054199996229, 39.5055729998937], [-120.69070199979586, 39.5055940003267], [-120.69087800042126, 39.50562500019509], [-120.69102300018622, 39.505622999891], [-120.69113000031636, 39.505612000296665], [-120.69127500008132, 39.505577999964366], [-120.69137399981551, 39.50553099970189], [-120.6915339996491, 39.505399000121905], [-120.69161800021298, 39.505320000284854], [-120.69171699994718, 39.50524900023186], [-120.69187699978076, 39.505189999927616], [-120.69203800033753, 39.50517000022429], [-120.692167000209, 39.50516799990711], [-120.69253299990689, 39.50526100004094], [-120.69266299960321, 39.50530399985947], [-120.69277800012927, 39.50535199973837], [-120.69299099966629, 39.50539599965598], [-120.69306699983427, 39.50539799996662], [-120.69317399996439, 39.505386000181254], [-120.69341099979084, 39.50531500019569], [-120.69351000042337, 39.50524900023186], [-120.69366199986099, 39.50512100006041], [-120.69392200015201, 39.50486999982491], [-120.69422699975054, 39.504308000262846], [-120.69430399974344, 39.50417500026625], [-120.6943869995841, 39.50409999973384], [-120.69462400030888, 39.503941999789006], [-120.69480000003597, 39.503684000273815], [-120.69486799980803, 39.50364500017512], [-120.694943999976, 39.50364200032655], [-120.69499800040269, 39.50365700026116], [-120.69502900036483, 39.503680000246916], [-120.69515099966526, 39.50381699982382], [-120.69525699997048, 39.50386900005291], [-120.69547799990339, 39.50388699977659], [-120.69555499989629, 39.50387999992309], [-120.69560799959974, 39.503839999756664], [-120.69568399976772, 39.503750999823566], [-120.69578400022515, 39.5036589999287], [-120.6959289999901, 39.5035399998539], [-120.6961039998923, 39.50349399978206], [-120.69644799984889, 39.503432999700046], [-120.69665299988829, 39.50341499985878], [-120.69681400044509, 39.50339500033777], [-120.69697400027866, 39.50335799975309], [-120.69708800008148, 39.50328799996061], [-120.6971249998914, 39.5032529996914], [-120.6972949997707, 39.50309399971182], [-120.69736300044109, 39.5029959998876], [-120.69745399977937, 39.50294899995824], [-120.69759199987162, 39.50290199999709], [-120.69771400007036, 39.502841000088615], [-120.69788200029986, 39.502727000275215], [-120.69807999976827, 39.50262799973833], [-120.69826300006636, 39.50255900009989], [-120.69875900035892, 39.502475000206516], [-120.69891900019249, 39.502478000105405], [-120.69920200004971, 39.502496999693314], [-120.69969800034225, 39.502614999972415], [-120.70009400017736, 39.50270399997401], [-120.70023200026964, 39.502702000278944], [-120.70030800043762, 39.502698999696584], [-120.70042300006533, 39.50268800033257], [-120.70057399967808, 39.502656000345524], [-120.70080399983186, 39.502582999951755], [-120.70088099982476, 39.502535000239746], [-120.70094899959682, 39.5024680002108], [-120.70120800006289, 39.502266000229284], [-120.70138399978998, 39.502135000195025], [-120.70174600018824, 39.50182300015623], [-120.70190299964878, 39.501690000255984], [-120.70207799955095, 39.50147299968995], [-120.70226099984905, 39.50110199983597], [-120.70246000004069, 39.500539000076714], [-120.70251299974414, 39.50027400018873], [-120.70252100014007, 39.500076000303466], [-120.70254399970628, 39.49990099970429], [-120.70255100027728, 39.49980600024412], [-120.70257399984351, 39.49968999982972], [-120.70265800040738, 39.49942999999044], [-120.70277200021022, 39.499206999913326], [-120.70286400027172, 39.4990420002878], [-120.7029400004397, 39.498930999840475], [-120.70310799977086, 39.49874100021832], [-120.70322999996961, 39.49858100006066], [-120.7033899998032, 39.49842199979045], [-120.7034819998647, 39.49834699998146], [-120.70355100035998, 39.49827599973645], [-120.70365699976688, 39.498197000120605], [-120.70376399989699, 39.49810900015331], [-120.70386299963121, 39.49799399994143], [-120.70412999959488, 39.49774699998237], [-120.70422699967926, 39.49762300023328], [-120.70426000018956, 39.49758299993165], [-120.70453499965085, 39.497299999826076], [-120.70469500038274, 39.49714999978546], [-120.70479400011693, 39.49707100027624], [-120.70489399967605, 39.49700599969147], [-120.70498499991267, 39.496970999724624], [-120.70524400037874, 39.496840999693624], [-120.70572499970434, 39.49646300016315], [-120.70582400033686, 39.496397999703056], [-120.7059609997059, 39.496341999673795], [-120.70609100030056, 39.496303999900604], [-120.70640400029501, 39.49615699996209], [-120.70651100042511, 39.49606400012337], [-120.70654099966404, 39.49602899968223], [-120.70654200038724, 39.49591600007875], [-120.70653399999135, 39.49581299975873], [-120.70647299989199, 39.495591000158534], [-120.70640400029501, 39.49536399973745], [-120.70635800026426, 39.495065999903886], [-120.70634300019563, 39.49484000015534], [-120.70635800026426, 39.494620000148394], [-120.70632700030212, 39.494204999720864], [-120.7063120002335, 39.49413699966344], [-120.70631999973111, 39.49374500031932], [-120.70632800012703, 39.493529000231376], [-120.70634999986834, 39.49344000026627], [-120.70645000032577, 39.49322100031878], [-120.70659500009073, 39.49306099993373], [-120.70664799979417, 39.49302200011334], [-120.70673200035806, 39.49298799986101], [-120.70680799962771, 39.49296200018695], [-120.70702899956068, 39.49292100033455], [-120.70738000008826, 39.49287900012258], [-120.707494999716, 39.492859000342776], [-120.7076780000141, 39.49280799983848], [-120.70799799968125, 39.49265700016496], [-120.70812800027589, 39.49257799970922], [-120.70825799997222, 39.49249099990204], [-120.70847200023248, 39.49233299991009], [-120.70857799963937, 39.49224900013674], [-120.70865499963227, 39.4921379999339], [-120.70869300016541, 39.49207100028159], [-120.70882299986175, 39.4916279997035], [-120.7088689998925, 39.491516000233915], [-120.70899799976395, 39.49127999991915], [-120.70905100036569, 39.49121399979944], [-120.70915099992483, 39.491067000189865], [-120.70918899955966, 39.49095499981657], [-120.7092200004201, 39.4909149998376], [-120.70941799988852, 39.490760999807726], [-120.7095710000494, 39.490696999929014], [-120.70973799955564, 39.49065899984321], [-120.70984499968579, 39.490643999876596], [-120.71027999987895, 39.490639000118115], [-120.710395000405, 39.490654000085804], [-120.71050099981191, 39.490675000173766], [-120.71073000014074, 39.49068800009303], [-120.71084399994356, 39.4906810002968], [-120.71111099990726, 39.490650000002304], [-120.71137100019824, 39.49056499990659], [-120.71153100003183, 39.490496999755166], [-120.71192799969185, 39.490365000046246], [-120.71208000002784, 39.49030499990666], [-120.71216399969342, 39.49026599992679], [-120.71227099982352, 39.490172999833234], [-120.7123250002502, 39.490098000136776], [-120.7124010004182, 39.489896000256216], [-120.71242399998441, 39.4898069998], [-120.71248500008376, 39.48938499983277], [-120.7124879995585, 39.48937099997724], [-120.7125229997186, 39.48923700012804], [-120.71256100025177, 39.48918799982383], [-120.71261499978011, 39.48914800021481], [-120.71268299955217, 39.489132000226135], [-120.71275899972015, 39.48912399988379], [-120.71285099978165, 39.48912599996944], [-120.71308000011052, 39.48913999987429], [-120.7131489997075, 39.489153999776335], [-120.71343800031083, 39.48925000031617], [-120.7138580004354, 39.489330999780265], [-120.71422499995818, 39.489341999871385], [-120.71430799979886, 39.48933499993964], [-120.71441499992898, 39.489318999994005], [-120.71465199975545, 39.48929699980274], [-120.71472799992345, 39.48928500001057], [-120.71497200032091, 39.489271000134906], [-120.71504799959058, 39.48927300021638], [-120.71520900014738, 39.489289999866465], [-120.71539900011815, 39.489328999700504], [-120.71574300007477, 39.48938099967626], [-120.71584900037998, 39.48938299975456], [-120.71591799997694, 39.48937999998374], [-120.71603199977976, 39.489350999881644], [-120.71619300033653, 39.48932199976746], [-120.71636800023873, 39.48931200005995], [-120.7165509996385, 39.48931999968739], [-120.71665799976864, 39.48931800030055], [-120.71684899956435, 39.48925900033829], [-120.71696300026548, 39.489216000298995], [-120.71702400036486, 39.48918599973992], [-120.7170929999618, 39.489078999674], [-120.7171389999926, 39.48896300007745]]]}, "properties": {"GEOID": "06057", "NAME": "Nevada County"}}]}