place,kind,zcta,city,latitude,longitude,zhvi,zori,date,label_dx,label_dy,note,hudSafmr,blendedRent,rentSource,hudFiscalYear
94533 Fairfield,zcta,94533,Fairfield,38.2807448,-122.0063799,331026,1400,2016-04-30,10,0,Zillow ZIP-level market for Fairfield; mapped with Census 2020 ZCTA 94533 in Solano County.,,1400,Zillow ZORI,
95687 Vacaville,zcta,95687,Vacaville,38.3331329,-121.9201507,373771,1552,2016-04-30,10,0,Zillow ZIP-level market for Vacaville; mapped with Census 2020 ZCTA 95687 in Solano County.,,1552,Zillow ZORI,
94591 Vallejo,zcta,94591,Vallejo,38.1271913,-122.196855,374100,1430,2016-04-30,10,0,Zillow ZIP-level market for Vallejo; mapped with Census 2020 ZCTA 94591 in Solano County.,,1430,Zillow ZORI,
95688 Vacaville,zcta,95688,Vacaville,38.4213428,-122.0301235,438328,,2016-04-30,10,0,Zillow ZIP-level market for Vacaville; mapped with Census 2020 ZCTA 95688 in Solano County.,,,,
94590 Vallejo,zcta,94590,Vallejo,38.0957888,-122.2496894,296275,,2016-04-30,10,0,Zillow ZIP-level market for Vallejo; mapped with Census 2020 ZCTA 94590 in Solano County.,,,,
94534 Fairfield,zcta,94534,Fairfield,38.241946,-122.1182724,462317,,2016-04-30,10,0,Zillow ZIP-level market for Fairfield; mapped with Census 2020 ZCTA 94534 in Solano County.,,,,
94589 Vallejo,zcta,94589,Vallejo,38.1414668,-122.2468701,305288,,2016-04-30,10,0,Zillow ZIP-level market for Vallejo; mapped with Census 2020 ZCTA 94589 in Solano County.,,,,
94585 Suisun City,zcta,94585,Suisun City,38.1918321,-121.9382694,329141,,2016-04-30,10,0,Zillow ZIP-level market for Suisun City; mapped with Census 2020 ZCTA 94585 in Solano County.,,,,
94510 Benicia,zcta,94510,Benicia,38.1132046,-122.1197077,545643,,2016-04-30,10,0,Zillow ZIP-level market for Benicia; mapped with Census 2020 ZCTA 94510 in Solano County.,,,,
95620 Dixon,zcta,95620,Dixon,38.4049355,-121.7543792,391411,,2016-04-30,10,0,Zillow ZIP-level market for Dixon; mapped with Census 2020 ZCTA 95620 in Solano County.,,,,
94571 Rio Vista,zcta,94571,Rio Vista,38.1520707,-121.7597729,318410,,2016-04-30,10,0,Zillow ZIP-level market for Rio Vista; mapped with Census 2020 ZCTA 94571 in Solano County.,,,,
94592 Vallejo,zcta,94592,Vallejo,38.090998,-122.2854178,484572,,2016-04-30,10,0,Zillow ZIP-level market for Vallejo; mapped with Census 2020 ZCTA 94592 in Solano County.,,,,
94533 Fairfield,zcta,94533,Fairfield,38.2807448,-122.0063799,333889,1421,2016-05-31,10,0,Zillow ZIP-level market for Fairfield; mapped with Census 2020 ZCTA 94533 in Solano County.,,1421,Zillow ZORI,
95687 Vacaville,zcta,95687,Vacaville,38.3331329,-121.9201507,375706,1571,2016-05-31,10,0,Zillow ZIP-level market for Vacaville; mapped with Census 2020 ZCTA 95687 in Solano County.,,1571,Zillow ZORI,
94591 Vallejo,zcta,94591,Vallejo,38.1271913,-122.196855,376217,1468,2016-05-31,10,0,Zillow ZIP-level market for Vallejo; mapped with Census 2020 ZCTA 94591 in Solano County.,,1468,Zillow ZORI,
95688 Vacaville,zcta,95688,Vacaville,38.4213428,-122.0301235,439545,,2016-05-31,10,0,Zillow ZIP-level market for Vacaville; mapped with Census 2020 ZCTA 95688 in Solano County.,,,,
94590 Vallejo,zcta,94590,Vallejo,38.0957888,-122.2496894,298371,1265,2016-05-31,10,0,Zillow ZIP-level market for Vallejo; mapped with Census 2020 ZCTA 94590 in Solano County.,,1265,Zillow ZORI,
94534 Fairfield,zcta,94534,Fairfield,38.241946,-122.1182724,464338,,2016-05-31,10,0,Zillow ZIP-level market for Fairfield; mapped with Census 2020 ZCTA 94534 in Solano County.,,,,
94589 Vallejo,zcta,94589,Vallejo,38.1414668,-122.2468701,307829,,2016-05-31,10,0,Zillow ZIP-level market for Vallejo; mapped with Census 2020 ZCTA 94589 in Solano County.,,,,
94585 Suisun City,zcta,94585,Suisun City,38.1918321,-121.9382694,331760,,2016-05-31,10,0,Zillow ZIP-level market for Suisun City; mapped with Census 2020 ZCTA 94585 in Solano County.,,,,
94510 Benicia,zcta,94510,Benicia,38.1132046,-122.1197077,547649,,2016-05-31,10,0,Zillow ZIP-level market for Benicia; mapped with Census 2020 ZCTA 94510 in Solano County.,,,,
95620 Dixon,zcta,95620,Dixon,38.4049355,-121.7543792,393274,,2016-05-31,10,0,Zillow ZIP-level market for Dixon; mapped with Census 2020 ZCTA 95620 in Solano County.,,,,
94571 Rio Vista,zcta,94571,Rio Vista,38.1520707,-121.7597729,320042,,2016-05-31,10,0,Zillow ZIP-level market for Rio Vista; mapped with Census 2020 ZCTA 94571 in Solano County.,,,,
94592 Vallejo,zcta,94592,Vallejo,38.090998,-122.2854178,487851,,2016-05-31,10,0,Zillow ZIP-level market for Vallejo; mapped with Census 2020 ZCTA 94592 in Solano County.,,,,
94533 Fairfield,zcta,94533,Fairfield,38.2807448,-122.0063799,337931,1414,2016-06-30,10,0,Zillow ZIP-level market for Fairfield; mapped with Census 2020 ZCTA 94533 in Solano County.,,1414,Zillow ZORI,
95687 Vacaville,zcta,95687,Vacaville,38.3331329,-121.9201507,378517,1581,2016-06-30,10,0,Zillow ZIP-level market for Vacaville; mapped with Census 2020 ZCTA 95687 in Solano County.,,1581,Zillow ZORI,
94591 Vallejo,zcta,94591,Vallejo,38.1271913,-122.196855,379442,1473,2016-06-30,10,0,Zillow ZIP-level market for Vallejo; mapped with Census 2020 ZCTA 94591 in Solano County.,,1473,Zillow ZORI,
95688 Vacaville,zcta,95688,Vacaville,38.4213428,-122.0301235,441858,,2016-06-30,10,0,Zillow ZIP-level market for Vacaville; mapped with Census 2020 ZCTA 95688 in Solano County.,,,,
94590 Vallejo,zcta,94590,Vallejo,38.0957888,-122.2496894,301066,1280,2016-06-30,10,0,Zillow ZIP-level market for Vallejo; mapped with Census 2020 ZCTA 94590 in Solano County.,,1280,Zillow ZORI,
94534 Fairfield,zcta,94534,Fairfield,38.241946,-122.1182724,467101,,2016-06-30,10,0,Zillow ZIP-level market for Fairfield; mapped with Census 2020 ZCTA 94534 in Solano County.,,,,
94589 Vallejo,zcta,94589,Vallejo,38.1414668,-122.2468701,311168,,2016-06-30,10,0,Zillow ZIP-level market for Vallejo; mapped with Census 2020 ZCTA 94589 in Solano County.,,,,
94585 Suisun City,zcta,94585,Suisun City,38.1918321,-121.9382694,335261,,2016-06-30,10,0,Zillow ZIP-level market for Suisun City; mapped with Census 2020 ZCTA 94585 in Solano County.,,,,
94510 Benicia,zcta,94510,Benicia,38.1132046,-122.1197077,551460,,2016-06-30,10,0,Zillow ZIP-level market for Benicia; mapped with Census 2020 ZCTA 94510 in Solano County.,,,,
95620 Dixon,zcta,95620,Dixon,38.4049355,-121.7543792,396281,,2016-06-30,10,0,Zillow ZIP-level market for Dixon; mapped with Census 2020 ZCTA 95620 in Solano County.,,,,
94571 Rio Vista,zcta,94571,Rio Vista,38.1520707,-121.7597729,322084,,2016-06-30,10,0,Zillow ZIP-level market for Rio Vista; mapped with Census 2020 ZCTA 94571 in Solano County.,,,,
94592 Vallejo,zcta,94592,Vallejo,38.090998,-122.2854178,492225,,2016-06-30,10,0,Zillow ZIP-level market for Vallejo; mapped with Census 2020 ZCTA 94592 in Solano County.,,,,
94533 Fairfield,zcta,94533,Fairfield,38.2807448,-122.0063799,342042,1411,2016-07-31,10,0,Zillow ZIP-level market for Fairfield; mapped with Census 2020 ZCTA 94533 in Solano County.,,1411,Zillow ZORI,
95687 Vacaville,zcta,95687,Vacaville,38.3331329,-121.9201507,381671,1596,2016-07-31,10,0,Zillow ZIP-level market for Vacaville; mapped with Census 2020 ZCTA 95687 in Solano County.,,1596,Zillow ZORI,
94591 Vallejo,zcta,94591,Vallejo,38.1271913,-122.196855,382758,1494,2016-07-31,10,0,Zillow ZIP-level market for Vallejo; mapped with Census 2020 ZCTA 94591 in Solano County.,,1494,Zillow ZORI,
95688 Vacaville,zcta,95688,Vacaville,38.4213428,-122.0301235,444220,,2016-07-31,10,0,Zillow ZIP-level market for Vacaville; mapped with Census 2020 ZCTA 95688 in Solano County.,,,,
94590 Vallejo,zcta,94590,Vallejo,38.0957888,-122.2496894,303865,1283,2016-07-31,10,0,Zillow ZIP-level market for Vallejo; mapped with Census 2020 ZCTA 94590 in Solano County.,,1283,Zillow ZORI,
94534 Fairfield,zcta,94534,Fairfield,38.241946,-122.1182724,469608,,2016-07-31,10,0,Zillow ZIP-level market for Fairfield; mapped with Census 2020 ZCTA 94534 in Solano County.,,,,
94589 Vallejo,zcta,94589,Vallejo,38.1414668,-122.2468701,314964,,2016-07-31,10,0,Zillow ZIP-level market for Vallejo; mapped with Census 2020 ZCTA 94589 in Solano County.,,,,
94585 Suisun City,zcta,94585,Suisun City,38.1918321,-121.9382694,339040,,2016-07-31,10,0,Zillow ZIP-level market for Suisun City; mapped with Census 2020 ZCTA 94585 in Solano County.,,,,
94510 Benicia,zcta,94510,Benicia,38.1132046,-122.1197077,554570,,2016-07-31,10,0,Zillow ZIP-level market for Benicia; mapped with Census 2020 ZCTA 94510 in Solano County.,,,,
95620 Dixon,zcta,95620,Dixon,38.4049355,-121.7543792,399024,,2016-07-31,10,0,Zillow ZIP-level market for Dixon; mapped with Census 2020 ZCTA 95620 in Solano County.,,,,
94571 Rio Vista,zcta,94571,Rio Vista,38.1520707,-121.7597729,324592,,2016-07-31,10,0,Zillow ZIP-level market for Rio Vista; mapped with Census 2020 ZCTA 94571 in Solano County.,,,,
94592 Vallejo,zcta,94592,Vallejo,38.090998,-122.2854178,496488,,2016-07-31,10,0,Zillow ZIP-level market for Vallejo; mapped with Census 2020 ZCTA 94592 in Solano County.,,,,
94533 Fairfield,zcta,94533,Fairfield,38.2807448,-122.0063799,346530,1414,2016-08-31,10,0,Zillow ZIP-level market for Fairfield; mapped with Census 2020 ZCTA 94533 in Solano County.,,1414,Zillow ZORI,
95687 Vacaville,zcta,95687,Vacaville,38.3331329,-121.9201507,385267,1598,2016-08-31,10,0,Zillow ZIP-level market for Vacaville; mapped with Census 2020 ZCTA 95687 in Solano County.,,1598,Zillow ZORI,
94591 Vallejo,zcta,94591,Vallejo,38.1271913,-122.196855,386276,1478,2016-08-31,10,0,Zillow ZIP-level market for Vallejo; mapped with Census 2020 ZCTA 94591 in Solano County.,,1478,Zillow ZORI,
95688 Vacaville,zcta,95688,Vacaville,38.4213428,-122.0301235,446680,,2016-08-31,10,0,Zillow ZIP-level market for Vacaville; mapped with Census 2020 ZCTA 95688 in Solano County.,,,,
94590 Vallejo,zcta,94590,Vallejo,38.0957888,-122.2496894,307725,1288,2016-08-31,10,0,Zillow ZIP-level market for Vallejo; mapped with Census 2020 ZCTA 94590 in Solano County.,,1288,Zillow ZORI,
94534 Fairfield,zcta,94534,Fairfield,38.241946,-122.1182724,472016,,2016-08-31,10,0,Zillow ZIP-level market for Fairfield; mapped with Census 2020 ZCTA 94534 in Solano County.,,,,
94589 Vallejo,zcta,94589,Vallejo,38.1414668,-122.2468701,319042,,2016-08-31,10,0,Zillow ZIP-level market for Vallejo; mapped with Census 2020 ZCTA 94589 in Solano County.,,,,
94585 Suisun City,zcta,94585,Suisun City,38.1918321,-121.9382694,343256,,2016-08-31,10,0,Zillow ZIP-level market for Suisun City; mapped with Census 2020 ZCTA 94585 in Solano County.,,,,
94510 Benicia,zcta,94510,Benicia,38.1132046,-122.1197077,558950,,2016-08-31,10,0,Zillow ZIP-level market for Benicia; mapped with Census 2020 ZCTA 94510 in Solano County.,,,,
95620 Dixon,zcta,95620,Dixon,38.4049355,-121.7543792,402095,,2016-08-31,10,0,Zillow ZIP-level market for Dixon; mapped with Census 2020 ZCTA 95620 in Solano County.,,,,
94571 Rio Vista,zcta,94571,Rio Vista,38.1520707,-121.7597729,327650,,2016-08-31,10,0,Zillow ZIP-level market for Rio Vista; mapped with Census 2020 ZCTA 94571 in Solano County.,,,,
94592 Vallejo,zcta,94592,Vallejo,38.090998,-122.2854178,499866,,2016-08-31,10,0,Zillow ZIP-level market for Vallejo; mapped with Census 2020 ZCTA 94592 in Solano County.,,,,
94533 Fairfield,zcta,94533,Fairfield,38.2807448,-122.0063799,350586,1419,2016-09-30,10,0,Zillow ZIP-level market for Fairfield; mapped with Census 2020 ZCTA 94533 in Solano County.,,1419,Zillow ZORI,
95687 Vacaville,zcta,95687,Vacaville,38.3331329,-121.9201507,388679,1593,2016-09-30,10,0,Zillow ZIP-level market for Vacaville; mapped with Census 2020 ZCTA 95687 in Solano County.,,1593,Zillow ZORI,
94591 Vallejo,zcta,94591,Vallejo,38.1271913,-122.196855,389701,1471,2016-09-30,10,0,Zillow ZIP-level market for Vallejo; mapped with Census 2020 ZCTA 94591 in Solano County.,,1471,Zillow ZORI,
95688 Vacaville,zcta,95688,Vacaville,38.4213428,-122.0301235,448839,,2016-09-30,10,0,Zillow ZIP-level market for Vacaville; mapped with Census 2020 ZCTA 95688 in Solano County.,,,,
94590 Vallejo,zcta,94590,Vallejo,38.0957888,-122.2496894,312016,1277,2016-09-30,10,0,Zillow ZIP-level market for Vallejo; mapped with Census 2020 ZCTA 94590 in Solano County.,,1277,Zillow ZORI,
94534 Fairfield,zcta,94534,Fairfield,38.241946,-122.1182724,474274,,2016-09-30,10,0,Zillow ZIP-level market for Fairfield; mapped with Census 2020 ZCTA 94534 in Solano County.,,,,
94589 Vallejo,zcta,94589,Vallejo,38.1414668,-122.2468701,323185,,2016-09-30,10,0,Zillow ZIP-level market for Vallejo; mapped with Census 2020 ZCTA 94589 in Solano County.,,,,
94585 Suisun City,zcta,94585,Suisun City,38.1918321,-121.9382694,347425,,2016-09-30,10,0,Zillow ZIP-level market for Suisun City; mapped with Census 2020 ZCTA 94585 in Solano County.,,,,
94510 Benicia,zcta,94510,Benicia,38.1132046,-122.1197077,562281,,2016-09-30,10,0,Zillow ZIP-level market for Benicia; mapped with Census 2020 ZCTA 94510 in Solano County.,,,,
95620 Dixon,zcta,95620,Dixon,38.4049355,-121.7543792,405237,,2016-09-30,10,0,Zillow ZIP-level market for Dixon; mapped with Census 2020 ZCTA 95620 in Solano County.,,,,
94571 Rio Vista,zcta,94571,Rio Vista,38.1520707,-121.7597729,331020,,2016-09-30,10,0,Zillow ZIP-level market for Rio Vista; mapped with Census 2020 ZCTA 94571 in Solano County.,,,,
94592 Vallejo,zcta,94592,Vallejo,38.090998,-122.2854178,503669,,2016-09-30,10,0,Zillow ZIP-level market for Vallejo; mapped with Census 2020 ZCTA 94592 in Solano County.,,,,
94533 Fairfield,zcta,94533,Fairfield,38.2807448,-122.0063799,353931,1441,2016-10-31,10,0,Zillow ZIP-level market for Fairfield; mapped with Census 2020 ZCTA 94533 in Solano County.,,1441,Zillow ZORI,
95687 Vacaville,zcta,95687,Vacaville,38.3331329,-121.9201507,391428,1580,2016-10-31,10,0,Zillow ZIP-level market for Vacaville; mapped with Census 2020 ZCTA 95687 in Solano County.,,1580,Zillow ZORI,
94591 Vallejo,zcta,94591,Vallejo,38.1271913,-122.196855,392917,1455,2016-10-31,10,0,Zillow ZIP-level market for Vallejo; mapped with Census 2020 ZCTA 94591 in Solano County.,,1455,Zillow ZORI,
95688 Vacaville,zcta,95688,Vacaville,38.4213428,-122.0301235,451026,,2016-10-31,10,0,Zillow ZIP-level market for Vacaville; mapped with Census 2020 ZCTA 95688 in Solano County.,,,,
94590 Vallejo,zcta,94590,Vallejo,38.0957888,-122.2496894,315669,1282,2016-10-31,10,0,Zillow ZIP-level market for Vallejo; mapped with Census 2020 ZCTA 94590 in Solano County.,,1282,Zillow ZORI,
94534 Fairfield,zcta,94534,Fairfield,38.241946,-122.1182724,476564,,2016-10-31,10,0,Zillow ZIP-level market for Fairfield; mapped with Census 2020 ZCTA 94534 in Solano County.,,,,
94589 Vallejo,zcta,94589,Vallejo,38.1414668,-122.2468701,327097,,2016-10-31,10,0,Zillow ZIP-level market for Vallejo; mapped with Census 2020 ZCTA 94589 in Solano County.,,,,
94585 Suisun City,zcta,94585,Suisun City,38.1918321,-121.9382694,350850,,2016-10-31,10,0,Zillow ZIP-level market for Suisun City; mapped with Census 2020 ZCTA 94585 in Solano County.,,,,
94510 Benicia,zcta,94510,Benicia,38.1132046,-122.1197077,565706,,2016-10-31,10,0,Zillow ZIP-level market for Benicia; mapped with Census 2020 ZCTA 94510 in Solano County.,,,,
95620 Dixon,zcta,95620,Dixon,38.4049355,-121.7543792,408432,,2016-10-31,10,0,Zillow ZIP-level market for Dixon; mapped with Census 2020 ZCTA 95620 in Solano County.,,,,
94571 Rio Vista,zcta,94571,Rio Vista,38.1520707,-121.7597729,334221,,2016-10-31,10,0,Zillow ZIP-level market for Rio Vista; mapped with Census 2020 ZCTA 94571 in Solano County.,,,,
94592 Vallejo,zcta,94592,Vallejo,38.090998,-122.2854178,508563,,2016-10-31,10,0,Zillow ZIP-level market for Vallejo; mapped with Census 2020 ZCTA 94592 in Solano County.,,,,
94533 Fairfield,zcta,94533,Fairfield,38.2807448,-122.0063799,356629,1436,2016-11-30,10,0,Zillow ZIP-level market for Fairfield; mapped with Census 2020 ZCTA 94533 in Solano County.,,1436,Zillow ZORI,
95687 Vacaville,zcta,95687,Vacaville,38.3331329,-121.9201507,393941,1602,2016-11-30,10,0,Zillow ZIP-level market for Vacaville; mapped with Census 2020 ZCTA 95687 in Solano County.,,1602,Zillow ZORI,
94591 Vallejo,zcta,94591,Vallejo,38.1271913,-122.196855,395996,1463,2016-11-30,10,0,Zillow ZIP-level market for Vallejo; mapped with Census 2020 ZCTA 94591 in Solano County.,,1463,Zillow ZORI,
95688 Vacaville,zcta,95688,Vacaville,38.4213428,-122.0301235,453380,,2016-11-30,10,0,Zillow ZIP-level market for Vacaville; mapped with Census 2020 ZCTA 95688 in Solano County.,,,,
94590 Vallejo,zcta,94590,Vallejo,38.0957888,-122.2496894,318164,1278,2016-11-30,10,0,Zillow ZIP-level market for Vallejo; mapped with Census 2020 ZCTA 94590 in Solano County.,,1278,Zillow ZORI,
94534 Fairfield,zcta,94534,Fairfield,38.241946,-122.1182724,479084,,2016-11-30,10,0,Zillow ZIP-level market for Fairfield; mapped with Census 2020 ZCTA 94534 in Solano County.,,,,
94589 Vallejo,zcta,94589,Vallejo,38.1414668,-122.2468701,330087,,2016-11-30,10,0,Zillow ZIP-level market for Vallejo; mapped with Census 2020 ZCTA 94589 in Solano County.,,,,
94585 Suisun City,zcta,94585,Suisun City,38.1918321,-121.9382694,353755,,2016-11-30,10,0,Zillow ZIP-level market for Suisun City; mapped with Census 2020 ZCTA 94585 in Solano County.,,,,
94510 Benicia,zcta,94510,Benicia,38.1132046,-122.1197077,567577,,2016-11-30,10,0,Zillow ZIP-level market for Benicia; mapped with Census 2020 ZCTA 94510 in Solano County.,,,,
95620 Dixon,zcta,95620,Dixon,38.4049355,-121.7543792,411315,,2016-11-30,10,0,Zillow ZIP-level market for Dixon; mapped with Census 2020 ZCTA 95620 in Solano County.,,,,
94571 Rio Vista,zcta,94571,Rio Vista,38.1520707,-121.7597729,337349,,2016-11-30,10,0,Zillow ZIP-level market for Rio Vista; mapped with Census 2020 ZCTA 94571 in Solano County.,,,,
94592 Vallejo,zcta,94592,Vallejo,38.090998,-122.2854178,513669,,2016-11-30,10,0,Zillow ZIP-level market for Vallejo; mapped with Census 2020 ZCTA 94592 in Solano County.,,,,
94533 Fairfield,zcta,94533,Fairfield,38.2807448,-122.0063799,359024,1456,2016-12-31,10,0,Zillow ZIP-level market for Fairfield; mapped with Census 2020 ZCTA 94533 in Solano County.,,1456,Zillow ZORI,
95687 Vacaville,zcta,95687,Vacaville,38.3331329,-121.9201507,396291,1601,2016-12-31,10,0,Zillow ZIP-level market for Vacaville; mapped with Census 2020 ZCTA 95687 in Solano County.,,1601,Zillow ZORI,
94591 Vallejo,zcta,94591,Vallejo,38.1271913,-122.196855,398772,1486,2016-12-31,10,0,Zillow ZIP-level market for Vallejo; mapped with Census 2020 ZCTA 94591 in Solano County.,,1486,Zillow ZORI,
95688 Vacaville,zcta,95688,Vacaville,38.4213428,-122.0301235,456142,,2016-12-31,10,0,Zillow ZIP-level market for Vacaville; mapped with Census 2020 ZCTA 95688 in Solano County.,,,,
94590 Vallejo,zcta,94590,Vallejo,38.0957888,-122.2496894,320310,1301,2016-12-31,10,0,Zillow ZIP-level market for Vallejo; mapped with Census 2020 ZCTA 94590 in Solano County.,,1301,Zillow ZORI,
94534 Fairfield,zcta,94534,Fairfield,38.241946,-122.1182724,482073,,2016-12-31,10,0,Zillow ZIP-level market for Fairfield; mapped with Census 2020 ZCTA 94534 in Solano County.,,,,
94589 Vallejo,zcta,94589,Vallejo,38.1414668,-122.2468701,332718,,2016-12-31,10,0,Zillow ZIP-level market for Vallejo; mapped with Census 2020 ZCTA 94589 in Solano County.,,,,
94585 Suisun City,zcta,94585,Suisun City,38.1918321,-121.9382694,356262,,2016-12-31,10,0,Zillow ZIP-level market for Suisun City; mapped with Census 2020 ZCTA 94585 in Solano County.,,,,
94510 Benicia,zcta,94510,Benicia,38.1132046,-122.1197077,569715,,2016-12-31,10,0,Zillow ZIP-level market for Benicia; mapped with Census 2020 ZCTA 94510 in Solano County.,,,,
95620 Dixon,zcta,95620,Dixon,38.4049355,-121.7543792,413653,,2016-12-31,10,0,Zillow ZIP-level market for Dixon; mapped with Census 2020 ZCTA 95620 in Solano County.,,,,
94571 Rio Vista,zcta,94571,Rio Vista,38.1520707,-121.7597729,340459,,2016-12-31,10,0,Zillow ZIP-level market for Rio Vista; mapped with Census 2020 ZCTA 94571 in Solano County.,,,,
94592 Vallejo,zcta,94592,Vallejo,38.090998,-122.2854178,518562,,2016-12-31,10,0,Zillow ZIP-level market for Vallejo; mapped with Census 2020 ZCTA 94592 in Solano County.,,,,
94533 Fairfield,zcta,94533,Fairfield,38.2807448,-122.0063799,361860,1453,2017-01-31,10,0,Zillow ZIP-level market for Fairfield; mapped with Census 2020 ZCTA 94533 in Solano County.,,1453,Zillow ZORI,
95687 Vacaville,zcta,95687,Vacaville,38.3331329,-121.9201507,398471,1628,2017-01-31,10,0,Zillow ZIP-level market for Vacaville; mapped with Census 2020 ZCTA 95687 in Solano County.,,1628,Zillow ZORI,
94591 Vallejo,zcta,94591,Vallejo,38.1271913,-122.196855,401294,1515,2017-01-31,10,0,Zillow ZIP-level market for Vallejo; mapped with Census 2020 ZCTA 94591 in Solano County.,,1515,Zillow ZORI,
95688 Vacaville,zcta,95688,Vacaville,38.4213428,-122.0301235,458590,,2017-01-31,10,0,Zillow ZIP-level market for Vacaville; mapped with Census 2020 ZCTA 95688 in Solano County.,,,,
94590 Vallejo,zcta,94590,Vallejo,38.0957888,-122.2496894,322570,1312,2017-01-31,10,0,Zillow ZIP-level market for Vallejo; mapped with Census 2020 ZCTA 94590 in Solano County.,,1312,Zillow ZORI,
94534 Fairfield,zcta,94534,Fairfield,38.241946,-122.1182724,485052,,2017-01-31,10,0,Zillow ZIP-level market for Fairfield; mapped with Census 2020 ZCTA 94534 in Solano County.,,,,
94589 Vallejo,zcta,94589,Vallejo,38.1414668,-122.2468701,335257,,2017-01-31,10,0,Zillow ZIP-level market for Vallejo; mapped with Census 2020 ZCTA 94589 in Solano County.,,,,
94585 Suisun City,zcta,94585,Suisun City,38.1918321,-121.9382694,358823,,2017-01-31,10,0,Zillow ZIP-level market for Suisun City; mapped with Census 2020 ZCTA 94585 in Solano County.,,,,
94510 Benicia,zcta,94510,Benicia,38.1132046,-122.1197077,571491,1724,2017-01-31,10,0,Zillow ZIP-level market for Benicia; mapped with Census 2020 ZCTA 94510 in Solano County.,,1724,Zillow ZORI,
95620 Dixon,zcta,95620,Dixon,38.4049355,-121.7543792,415732,,2017-01-31,10,0,Zillow ZIP-level market for Dixon; mapped with Census 2020 ZCTA 95620 in Solano County.,,,,
94571 Rio Vista,zcta,94571,Rio Vista,38.1520707,-121.7597729,342578,,2017-01-31,10,0,Zillow ZIP-level market for Rio Vista; mapped with Census 2020 ZCTA 94571 in Solano County.,,,,
94592 Vallejo,zcta,94592,Vallejo,38.090998,-122.2854178,521534,,2017-01-31,10,0,Zillow ZIP-level market for Vallejo; mapped with Census 2020 ZCTA 94592 in Solano County.,,,,
94533 Fairfield,zcta,94533,Fairfield,38.2807448,-122.0063799,364272,1489,2017-02-28,10,0,Zillow ZIP-level market for Fairfield; mapped with Census 2020 ZCTA 94533 in Solano County.,,1489,Zillow ZORI,
95687 Vacaville,zcta,95687,Vacaville,38.3331329,-121.9201507,400411,1630,2017-02-28,10,0,Zillow ZIP-level market for Vacaville; mapped with Census 2020 ZCTA 95687 in Solano County.,,1630,Zillow ZORI,
94591 Vallejo,zcta,94591,Vallejo,38.1271913,-122.196855,403538,1523,2017-02-28,10,0,Zillow ZIP-level market for Vallejo; mapped with Census 2020 ZCTA 94591 in Solano County.,,1523,Zillow ZORI,
95688 Vacaville,zcta,95688,Vacaville,38.4213428,-122.0301235,460842,,2017-02-28,10,0,Zillow ZIP-level market for Vacaville; mapped with Census 2020 ZCTA 95688 in Solano County.,,,,
94590 Vallejo,zcta,94590,Vallejo,38.0957888,-122.2496894,325401,1329,2017-02-28,10,0,Zillow ZIP-level market for Vallejo; mapped with Census 2020 ZCTA 94590 in Solano County.,,1329,Zillow ZORI,
94534 Fairfield,zcta,94534,Fairfield,38.241946,-122.1182724,487178,,2017-02-28,10,0,Zillow ZIP-level market for Fairfield; mapped with Census 2020 ZCTA 94534 in Solano County.,,,,
94589 Vallejo,zcta,94589,Vallejo,38.1414668,-122.2468701,337939,,2017-02-28,10,0,Zillow ZIP-level market for Vallejo; mapped with Census 2020 ZCTA 94589 in Solano County.,,,,
94585 Suisun City,zcta,94585,Suisun City,38.1918321,-121.9382694,361243,,2017-02-28,10,0,Zillow ZIP-level market for Suisun City; mapped with Census 2020 ZCTA 94585 in Solano County.,,,,
94510 Benicia,zcta,94510,Benicia,38.1132046,-122.1197077,573697,1730,2017-02-28,10,0,Zillow ZIP-level market for Benicia; mapped with Census 2020 ZCTA 94510 in Solano County.,,1730,Zillow ZORI,
95620 Dixon,zcta,95620,Dixon,38.4049355,-121.7543792,417587,,2017-02-28,10,0,Zillow ZIP-level market for Dixon; mapped with Census 2020 ZCTA 95620 in Solano County.,,,,
94571 Rio Vista,zcta,94571,Rio Vista,38.1520707,-121.7597729,344225,,2017-02-28,10,0,Zillow ZIP-level market for Rio Vista; mapped with Census 2020 ZCTA 94571 in Solano County.,,,,
94592 Vallejo,zcta,94592,Vallejo,38.090998,-122.2854178,524521,,2017-02-28,10,0,Zillow ZIP-level market for Vallejo; mapped with Census 2020 ZCTA 94592 in Solano County.,,,,
94533 Fairfield,zcta,94533,Fairfield,38.2807448,-122.0063799,367066,1503,2017-03-31,10,0,Zillow ZIP-level market for Fairfield; mapped with Census 2020 ZCTA 94533 in Solano County.,,1503,Zillow ZORI,
95687 Vacaville,zcta,95687,Vacaville,38.3331329,-121.9201507,402404,1630,2017-03-31,10,0,Zillow ZIP-level market for Vacaville; mapped with Census 2020 ZCTA 95687 in Solano County.,,1630,Zillow ZORI,
94591 Vallejo,zcta,94591,Vallejo,38.1271913,-122.196855,405836,1545,2017-03-31,10,0,Zillow ZIP-level market for Vallejo; mapped with Census 2020 ZCTA 94591 in Solano County.,,1545,Zillow ZORI,
95688 Vacaville,zcta,95688,Vacaville,38.4213428,-122.0301235,462942,,2017-03-31,10,0,Zillow ZIP-level market for Vacaville; mapped with Census 2020 ZCTA 95688 in Solano County.,,,,
94590 Vallejo,zcta,94590,Vallejo,38.0957888,-122.2496894,327878,1338,2017-03-31,10,0,Zillow ZIP-level market for Vallejo; mapped with Census 2020 ZCTA 94590 in Solano County.,,1338,Zillow ZORI,
94534 Fairfield,zcta,94534,Fairfield,38.241946,-122.1182724,488905,,2017-03-31,10,0,Zillow ZIP-level market for Fairfield; mapped with Census 2020 ZCTA 94534 in Solano County.,,,,
94589 Vallejo,zcta,94589,Vallejo,38.1414668,-122.2468701,340620,,2017-03-31,10,0,Zillow ZIP-level market for Vallejo; mapped with Census 2020 ZCTA 94589 in Solano County.,,,,
94585 Suisun City,zcta,94585,Suisun City,38.1918321,-121.9382694,363670,,2017-03-31,10,0,Zillow ZIP-level market for Suisun City; mapped with Census 2020 ZCTA 94585 in Solano County.,,,,
94510 Benicia,zcta,94510,Benicia,38.1132046,-122.1197077,575680,1714,2017-03-31,10,0,Zillow ZIP-level market for Benicia; mapped with Census 2020 ZCTA 94510 in Solano County.,,1714,Zillow ZORI,
95620 Dixon,zcta,95620,Dixon,38.4049355,-121.7543792,419527,,2017-03-31,10,0,Zillow ZIP-level market for Dixon; mapped with Census 2020 ZCTA 95620 in Solano County.,,,,
94571 Rio Vista,zcta,94571,Rio Vista,38.1520707,-121.7597729,345417,,2017-03-31,10,0,Zillow ZIP-level market for Rio Vista; mapped with Census 2020 ZCTA 94571 in Solano County.,,,,
94592 Vallejo,zcta,94592,Vallejo,38.090998,-122.2854178,527412,,2017-03-31,10,0,Zillow ZIP-level market for Vallejo; mapped with Census 2020 ZCTA 94592 in Solano County.,,,,
94533 Fairfield,zcta,94533,Fairfield,38.2807448,-122.0063799,369894,1531,2017-04-30,10,0,Zillow ZIP-level market for Fairfield; mapped with Census 2020 ZCTA 94533 in Solano County.,,1531,Zillow ZORI,
95687 Vacaville,zcta,95687,Vacaville,38.3331329,-121.9201507,404790,1622,2017-04-30,10,0,Zillow ZIP-level market for Vacaville; mapped with Census 2020 ZCTA 95687 in Solano County.,,1622,Zillow ZORI,
94591 Vallejo,zcta,94591,Vallejo,38.1271913,-122.196855,408978,1564,2017-04-30,10,0,Zillow ZIP-level market for Vallejo; mapped with Census 2020 ZCTA 94591 in Solano County.,,1564,Zillow ZORI,
95688 Vacaville,zcta,95688,Vacaville,38.4213428,-122.0301235,465307,,2017-04-30,10,0,Zillow ZIP-level market for Vacaville; mapped with Census 2020 ZCTA 95688 in Solano County.,,,,
94590 Vallejo,zcta,94590,Vallejo,38.0957888,-122.2496894,331406,1335,2017-04-30,10,0,Zillow ZIP-level market for Vallejo; mapped with Census 2020 ZCTA 94590 in Solano County.,,1335,Zillow ZORI,
94534 Fairfield,zcta,94534,Fairfield,38.241946,-122.1182724,490962,1861,2017-04-30,10,0,Zillow ZIP-level market for Fairfield; mapped with Census 2020 ZCTA 94534 in Solano County.,,1861,Zillow ZORI,
94589 Vallejo,zcta,94589,Vallejo,38.1414668,-122.2468701,343313,,2017-04-30,10,0,Zillow ZIP-level market for Vallejo; mapped with Census 2020 ZCTA 94589 in Solano County.,,,,
94585 Suisun City,zcta,94585,Suisun City,38.1918321,-121.9382694,366749,,2017-04-30,10,0,Zillow ZIP-level market for Suisun City; mapped with Census 2020 ZCTA 94585 in Solano County.,,,,
94510 Benicia,zcta,94510,Benicia,38.1132046,-122.1197077,579184,1675,2017-04-30,10,0,Zillow ZIP-level market for Benicia; mapped with Census 2020 ZCTA 94510 in Solano County.,,1675,Zillow ZORI,
95620 Dixon,zcta,95620,Dixon,38.4049355,-121.7543792,422129,,2017-04-30,10,0,Zillow ZIP-level market for Dixon; mapped with Census 2020 ZCTA 95620 in Solano County.,,,,
94571 Rio Vista,zcta,94571,Rio Vista,38.1520707,-121.7597729,347595,,2017-04-30,10,0,Zillow ZIP-level market for Rio Vista; mapped with Census 2020 ZCTA 94571 in Solano County.,,,,
94592 Vallejo,zcta,94592,Vallejo,38.090998,-122.2854178,531389,,2017-04-30,10,0,Zillow ZIP-level market for Vallejo; mapped with Census 2020 ZCTA 94592 in Solano County.,,,,
94533 Fairfield,zcta,94533,Fairfield,38.2807448,-122.0063799,372901,1548,2017-05-31,10,0,Zillow ZIP-level market for Fairfield; mapped with Census 2020 ZCTA 94533 in Solano County.,,1548,Zillow ZORI,
95687 Vacaville,zcta,95687,Vacaville,38.3331329,-121.9201507,407183,1639,2017-05-31,10,0,Zillow ZIP-level market for Vacaville; mapped with Census 2020 ZCTA 95687 in Solano County.,,1639,Zillow ZORI,
94591 Vallejo,zcta,94591,Vallejo,38.1271913,-122.196855,411880,1598,2017-05-31,10,0,Zillow ZIP-level market for Vallejo; mapped with Census 2020 ZCTA 94591 in Solano County.,,1598,Zillow ZORI,
95688 Vacaville,zcta,95688,Vacaville,38.4213428,-122.0301235,467292,,2017-05-31,10,0,Zillow ZIP-level market for Vacaville; mapped with Census 2020 ZCTA 95688 in Solano County.,,,,
94590 Vallejo,zcta,94590,Vallejo,38.0957888,-122.2496894,334158,1355,2017-05-31,10,0,Zillow ZIP-level market for Vallejo; mapped with Census 2020 ZCTA 94590 in Solano County.,,1355,Zillow ZORI,
94534 Fairfield,zcta,94534,Fairfield,38.241946,-122.1182724,493044,1921,2017-05-31,10,0,Zillow ZIP-level market for Fairfield; mapped with Census 2020 ZCTA 94534 in Solano County.,,1921,Zillow ZORI,
94589 Vallejo,zcta,94589,Vallejo,38.1414668,-122.2468701,345732,,2017-05-31,10,0,Zillow ZIP-level market for Vallejo; mapped with Census 2020 ZCTA 94589 in Solano County.,,,,
94585 Suisun City,zcta,94585,Suisun City,38.1918321,-121.9382694,369763,,2017-05-31,10,0,Zillow ZIP-level market for Suisun City; mapped with Census 2020 ZCTA 94585 in Solano County.,,,,
94510 Benicia,zcta,94510,Benicia,38.1132046,-122.1197077,582450,1688,2017-05-31,10,0,Zillow ZIP-level market for Benicia; mapped with Census 2020 ZCTA 94510 in Solano County.,,1688,Zillow ZORI,
95620 Dixon,zcta,95620,Dixon,38.4049355,-121.7543792,424388,,2017-05-31,10,0,Zillow ZIP-level market for Dixon; mapped with Census 2020 ZCTA 95620 in Solano County.,,,,
94571 Rio Vista,zcta,94571,Rio Vista,38.1520707,-121.7597729,349652,,2017-05-31,10,0,Zillow ZIP-level market for Rio Vista; mapped with Census 2020 ZCTA 94571 in Solano County.,,,,
94592 Vallejo,zcta,94592,Vallejo,38.090998,-122.2854178,534513,,2017-05-31,10,0,Zillow ZIP-level market for Vallejo; mapped with Census 2020 ZCTA 94592 in Solano County.,,,,
94533 Fairfield,zcta,94533,Fairfield,38.2807448,-122.0063799,375965,1564,2017-06-30,10,0,Zillow ZIP-level market for Fairfield; mapped with Census 2020 ZCTA 94533 in Solano County.,,1564,Zillow ZORI,
95687 Vacaville,zcta,95687,Vacaville,38.3331329,-121.9201507,409911,1662,2017-06-30,10,0,Zillow ZIP-level market for Vacaville; mapped with Census 2020 ZCTA 95687 in Solano County.,,1662,Zillow ZORI,
94591 Vallejo,zcta,94591,Vallejo,38.1271913,-122.196855,415047,1600,2017-06-30,10,0,Zillow ZIP-level market for Vallejo; mapped with Census 2020 ZCTA 94591 in Solano County.,,1600,Zillow ZORI,
95688 Vacaville,zcta,95688,Vacaville,38.4213428,-122.0301235,469250,,2017-06-30,10,0,Zillow ZIP-level market for Vacaville; mapped with Census 2020 ZCTA 95688 in Solano County.,,,,
94590 Vallejo,zcta,94590,Vallejo,38.0957888,-122.2496894,337940,1392,2017-06-30,10,0,Zillow ZIP-level market for Vallejo; mapped with Census 2020 ZCTA 94590 in Solano County.,,1392,Zillow ZORI,
94534 Fairfield,zcta,94534,Fairfield,38.241946,-122.1182724,495558,1953,2017-06-30,10,0,Zillow ZIP-level market for Fairfield; mapped with Census 2020 ZCTA 94534 in Solano County.,,1953,Zillow ZORI,
94589 Vallejo,zcta,94589,Vallejo,38.1414668,-122.2468701,348512,,2017-06-30,10,0,Zillow ZIP-level market for Vallejo; mapped with Census 2020 ZCTA 94589 in Solano County.,,,,
94585 Suisun City,zcta,94585,Suisun City,38.1918321,-121.9382694,373186,,2017-06-30,10,0,Zillow ZIP-level market for Suisun City; mapped with Census 2020 ZCTA 94585 in Solano County.,,,,
94510 Benicia,zcta,94510,Benicia,38.1132046,-122.1197077,586646,1713,2017-06-30,10,0,Zillow ZIP-level market for Benicia; mapped with Census 2020 ZCTA 94510 in Solano County.,,1713,Zillow ZORI,
95620 Dixon,zcta,95620,Dixon,38.4049355,-121.7543792,427376,,2017-06-30,10,0,Zillow ZIP-level market for Dixon; mapped with Census 2020 ZCTA 95620 in Solano County.,,,,
94571 Rio Vista,zcta,94571,Rio Vista,38.1520707,-121.7597729,352183,,2017-06-30,10,0,Zillow ZIP-level market for Rio Vista; mapped with Census 2020 ZCTA 94571 in Solano County.,,,,
94592 Vallejo,zcta,94592,Vallejo,38.090998,-122.2854178,537783,,2017-06-30,10,0,Zillow ZIP-level market for Vallejo; mapped with Census 2020 ZCTA 94592 in Solano County.,,,,
94533 Fairfield,zcta,94533,Fairfield,38.2807448,-122.0063799,378414,1572,2017-07-31,10,0,Zillow ZIP-level market for Fairfield; mapped with Census 2020 ZCTA 94533 in Solano County.,,1572,Zillow ZORI,
95687 Vacaville,zcta,95687,Vacaville,38.3331329,-121.9201507,411794,1693,2017-07-31,10,0,Zillow ZIP-level market for Vacaville; mapped with Census 2020 ZCTA 95687 in Solano County.,,1693,Zillow ZORI,
94591 Vallejo,zcta,94591,Vallejo,38.1271913,-122.196855,416713,1618,2017-07-31,10,0,Zillow ZIP-level market for Vallejo; mapped with Census 2020 ZCTA 94591 in Solano County.,,1618,Zillow ZORI,
95688 Vacaville,zcta,95688,Vacaville,38.4213428,-122.0301235,470046,,2017-07-31,10,0,Zillow ZIP-level market for Vacaville; mapped with Census 2020 ZCTA 95688 in Solano County.,,,,
94590 Vallejo,zcta,94590,Vallejo,38.0957888,-122.2496894,340558,1445,2017-07-31,10,0,Zillow ZIP-level market for Vallejo; mapped with Census 2020 ZCTA 94590 in Solano County.,,1445,Zillow ZORI,
94534 Fairfield,zcta,94534,Fairfield,38.241946,-122.1182724,497009,1972,2017-07-31,10,0,Zillow ZIP-level market for Fairfield; mapped with Census 2020 ZCTA 94534 in Solano County.,,1972,Zillow ZORI,
94589 Vallejo,zcta,94589,Vallejo,38.1414668,-122.2468701,350520,,2017-07-31,10,0,Zillow ZIP-level market for Vallejo; mapped with Census 2020 ZCTA 94589 in Solano County.,,,,
94585 Suisun City,zcta,94585,Suisun City,38.1918321,-121.9382694,375567,,2017-07-31,10,0,Zillow ZIP-level market for Suisun City; mapped with Census 2020 ZCTA 94585 in Solano County.,,,,
94510 Benicia,zcta,94510,Benicia,38.1132046,-122.1197077,587939,1770,2017-07-31,10,0,Zillow ZIP-level market for Benicia; mapped with Census 2020 ZCTA 94510 in Solano County.,,1770,Zillow ZORI,
95620 Dixon,zcta,95620,Dixon,38.4049355,-121.7543792,428936,,2017-07-31,10,0,Zillow ZIP-level market for Dixon; mapped with Census 2020 ZCTA 95620 in Solano County.,,,,
94571 Rio Vista,zcta,94571,Rio Vista,38.1520707,-121.7597729,353925,,2017-07-31,10,0,Zillow ZIP-level market for Rio Vista; mapped with Census 2020 ZCTA 94571 in Solano County.,,,,
94592 Vallejo,zcta,94592,Vallejo,38.090998,-122.2854178,540751,,2017-07-31,10,0,Zillow ZIP-level market for Vallejo; mapped with Census 2020 ZCTA 94592 in Solano County.,,,,
94533 Fairfield,zcta,94533,Fairfield,38.2807448,-122.0063799,381627,1574,2017-08-31,10,0,Zillow ZIP-level market for Fairfield; mapped with Census 2020 ZCTA 94533 in Solano County.,,1574,Zillow ZORI,
95687 Vacaville,zcta,95687,Vacaville,38.3331329,-121.9201507,414129,1693,2017-08-31,10,0,Zillow ZIP-level market for Vacaville; mapped with Census 2020 ZCTA 95687 in Solano County.,,1693,Zillow ZORI,
94591 Vallejo,zcta,94591,Vallejo,38.1271913,-122.196855,419032,1606,2017-08-31,10,0,Zillow ZIP-level market for Vallejo; mapped with Census 2020 ZCTA 94591 in Solano County.,,1606,Zillow ZORI,
95688 Vacaville,zcta,95688,Vacaville,38.4213428,-122.0301235,471297,,2017-08-31,10,0,Zillow ZIP-level market for Vacaville; mapped with Census 2020 ZCTA 95688 in Solano County.,,,,
94590 Vallejo,zcta,94590,Vallejo,38.0957888,-122.2496894,345023,1441,2017-08-31,10,0,Zillow ZIP-level market for Vallejo; mapped with Census 2020 ZCTA 94590 in Solano County.,,1441,Zillow ZORI,
94534 Fairfield,zcta,94534,Fairfield,38.241946,-122.1182724,499223,1949,2017-08-31,10,0,Zillow ZIP-level market for Fairfield; mapped with Census 2020 ZCTA 94534 in Solano County.,,1949,Zillow ZORI,
94589 Vallejo,zcta,94589,Vallejo,38.1414668,-122.2468701,354110,,2017-08-31,10,0,Zillow ZIP-level market for Vallejo; mapped with Census 2020 ZCTA 94589 in Solano County.,,,,
94585 Suisun City,zcta,94585,Suisun City,38.1918321,-121.9382694,378630,,2017-08-31,10,0,Zillow ZIP-level market for Suisun City; mapped with Census 2020 ZCTA 94585 in Solano County.,,,,
94510 Benicia,zcta,94510,Benicia,38.1132046,-122.1197077,590905,1787,2017-08-31,10,0,Zillow ZIP-level market for Benicia; mapped with Census 2020 ZCTA 94510 in Solano County.,,1787,Zillow ZORI,
95620 Dixon,zcta,95620,Dixon,38.4049355,-121.7543792,431382,,2017-08-31,10,0,Zillow ZIP-level market for Dixon; mapped with Census 2020 ZCTA 95620 in Solano County.,,,,
94571 Rio Vista,zcta,94571,Rio Vista,38.1520707,-121.7597729,356000,,2017-08-31,10,0,Zillow ZIP-level market for Rio Vista; mapped with Census 2020 ZCTA 94571 in Solano County.,,,,
94592 Vallejo,zcta,94592,Vallejo,38.090998,-122.2854178,545460,,2017-08-31,10,0,Zillow ZIP-level market for Vallejo; mapped with Census 2020 ZCTA 94592 in Solano County.,,,,
94533 Fairfield,zcta,94533,Fairfield,38.2807448,-122.0063799,384955,1572,2017-09-30,10,0,Zillow ZIP-level market for Fairfield; mapped with Census 2020 ZCTA 94533 in Solano County.,,1572,Zillow ZORI,
95687 Vacaville,zcta,95687,Vacaville,38.3331329,-121.9201507,416472,1715,2017-09-30,10,0,Zillow ZIP-level market for Vacaville; mapped with Census 2020 ZCTA 95687 in Solano County.,,1715,Zillow ZORI,
94591 Vallejo,zcta,94591,Vallejo,38.1271913,-122.196855,421555,1606,2017-09-30,10,0,Zillow ZIP-level market for Vallejo; mapped with Census 2020 ZCTA 94591 in Solano County.,,1606,Zillow ZORI,
95688 Vacaville,zcta,95688,Vacaville,38.4213428,-122.0301235,473166,,2017-09-30,10,0,Zillow ZIP-level market for Vacaville; mapped with Census 2020 ZCTA 95688 in Solano County.,,,,
94590 Vallejo,zcta,94590,Vallejo,38.0957888,-122.2496894,349531,1454,2017-09-30,10,0,Zillow ZIP-level market for Vallejo; mapped with Census 2020 ZCTA 94590 in Solano County.,,1454,Zillow ZORI,
94534 Fairfield,zcta,94534,Fairfield,38.241946,-122.1182724,501780,1973,2017-09-30,10,0,Zillow ZIP-level market for Fairfield; mapped with Census 2020 ZCTA 94534 in Solano County.,,1973,Zillow ZORI,
94589 Vallejo,zcta,94589,Vallejo,38.1414668,-122.2468701,358093,,2017-09-30,10,0,Zillow ZIP-level market for Vallejo; mapped with Census 2020 ZCTA 94589 in Solano County.,,,,
94585 Suisun City,zcta,94585,Suisun City,38.1918321,-121.9382694,381397,,2017-09-30,10,0,Zillow ZIP-level market for Suisun City; mapped with Census 2020 ZCTA 94585 in Solano County.,,,,
94510 Benicia,zcta,94510,Benicia,38.1132046,-122.1197077,594076,,2017-09-30,10,0,Zillow ZIP-level market for Benicia; mapped with Census 2020 ZCTA 94510 in Solano County.,,,,
95620 Dixon,zcta,95620,Dixon,38.4049355,-121.7543792,433335,,2017-09-30,10,0,Zillow ZIP-level market for Dixon; mapped with Census 2020 ZCTA 95620 in Solano County.,,,,
94571 Rio Vista,zcta,94571,Rio Vista,38.1520707,-121.7597729,358047,,2017-09-30,10,0,Zillow ZIP-level market for Rio Vista; mapped with Census 2020 ZCTA 94571 in Solano County.,,,,
94592 Vallejo,zcta,94592,Vallejo,38.090998,-122.2854178,550769,,2017-09-30,10,0,Zillow ZIP-level market for Vallejo; mapped with Census 2020 ZCTA 94592 in Solano County.,,,,
94533 Fairfield,zcta,94533,Fairfield,38.2807448,-122.0063799,389311,1575,2017-10-31,10,0,Zillow ZIP-level market for Fairfield; mapped with Census 2020 ZCTA 94533 in Solano County.,,1575,Zillow ZORI,
95687 Vacaville,zcta,95687,Vacaville,38.3331329,-121.9201507,419899,1714,2017-10-31,10,0,Zillow ZIP-level market for Vacaville; mapped with Census 2020 ZCTA 95687 in Solano County.,,1714,Zillow ZORI,
94591 Vallejo,zcta,94591,Vallejo,38.1271913,-122.196855,425601,1586,2017-10-31,10,0,Zillow ZIP-level market for Vallejo; mapped with Census 2020 ZCTA 94591 in Solano County.,,1586,Zillow ZORI,
95688 Vacaville,zcta,95688,Vacaville,38.4213428,-122.0301235,476731,,2017-10-31,10,0,Zillow ZIP-level market for Vacaville; mapped with Census 2020 ZCTA 95688 in Solano County.,,,,
94590 Vallejo,zcta,94590,Vallejo,38.0957888,-122.2496894,355130,1445,2017-10-31,10,0,Zillow ZIP-level market for Vallejo; mapped with Census 2020 ZCTA 94590 in Solano County.,,1445,Zillow ZORI,
94534 Fairfield,zcta,94534,Fairfield,38.241946,-122.1182724,505900,1974,2017-10-31,10,0,Zillow ZIP-level market for Fairfield; mapped with Census 2020 ZCTA 94534 in Solano County.,,1974,Zillow ZORI,
94589 Vallejo,zcta,94589,Vallejo,38.1414668,-122.2468701,363685,,2017-10-31,10,0,Zillow ZIP-level market for Vallejo; mapped with Census 2020 ZCTA 94589 in Solano County.,,,,
94585 Suisun City,zcta,94585,Suisun City,38.1918321,-121.9382694,384645,,2017-10-31,10,0,Zillow ZIP-level market for Suisun City; mapped with Census 2020 ZCTA 94585 in Solano County.,,,,
94510 Benicia,zcta,94510,Benicia,38.1132046,-122.1197077,599843,1762,2017-10-31,10,0,Zillow ZIP-level market for Benicia; mapped with Census 2020 ZCTA 94510 in Solano County.,,1762,Zillow ZORI,
95620 Dixon,zcta,95620,Dixon,38.4049355,-121.7543792,436147,,2017-10-31,10,0,Zillow ZIP-level market for Dixon; mapped with Census 2020 ZCTA 95620 in Solano County.,,,,
94571 Rio Vista,zcta,94571,Rio Vista,38.1520707,-121.7597729,360726,,2017-10-31,10,0,Zillow ZIP-level market for Rio Vista; mapped with Census 2020 ZCTA 94571 in Solano County.,,,,
94592 Vallejo,zcta,94592,Vallejo,38.090998,-122.2854178,556937,,2017-10-31,10,0,Zillow ZIP-level market for Vallejo; mapped with Census 2020 ZCTA 94592 in Solano County.,,,,
94533 Fairfield,zcta,94533,Fairfield,38.2807448,-122.0063799,393317,1585,2017-11-30,10,0,Zillow ZIP-level market for Fairfield; mapped with Census 2020 ZCTA 94533 in Solano County.,,1585,Zillow ZORI,
95687 Vacaville,zcta,95687,Vacaville,38.3331329,-121.9201507,422931,1725,2017-11-30,10,0,Zillow ZIP-level market for Vacaville; mapped with Census 2020 ZCTA 95687 in Solano County.,,1725,Zillow ZORI,
94591 Vallejo,zcta,94591,Vallejo,38.1271913,-122.196855,429710,1582,2017-11-30,10,0,Zillow ZIP-level market for Vallejo; mapped with Census 2020 ZCTA 94591 in Solano County.,,1582,Zillow ZORI,
95688 Vacaville,zcta,95688,Vacaville,38.4213428,-122.0301235,480274,,2017-11-30,10,0,Zillow ZIP-level market for Vacaville; mapped with Census 2020 ZCTA 95688 in Solano County.,,,,
94590 Vallejo,zcta,94590,Vallejo,38.0957888,-122.2496894,359735,1459,2017-11-30,10,0,Zillow ZIP-level market for Vallejo; mapped with Census 2020 ZCTA 94590 in Solano County.,,1459,Zillow ZORI,
94534 Fairfield,zcta,94534,Fairfield,38.241946,-122.1182724,509890,1979,2017-11-30,10,0,Zillow ZIP-level market for Fairfield; mapped with Census 2020 ZCTA 94534 in Solano County.,,1979,Zillow ZORI,
94589 Vallejo,zcta,94589,Vallejo,38.1414668,-122.2468701,367973,,2017-11-30,10,0,Zillow ZIP-level market for Vallejo; mapped with Census 2020 ZCTA 94589 in Solano County.,,,,
94585 Suisun City,zcta,94585,Suisun City,38.1918321,-121.9382694,387296,,2017-11-30,10,0,Zillow ZIP-level market for Suisun City; mapped with Census 2020 ZCTA 94585 in Solano County.,,,,
94510 Benicia,zcta,94510,Benicia,38.1132046,-122.1197077,604030,1755,2017-11-30,10,0,Zillow ZIP-level market for Benicia; mapped with Census 2020 ZCTA 94510 in Solano County.,,1755,Zillow ZORI,
95620 Dixon,zcta,95620,Dixon,38.4049355,-121.7543792,438398,,2017-11-30,10,0,Zillow ZIP-level market for Dixon; mapped with Census 2020 ZCTA 95620 in Solano County.,,,,
94571 Rio Vista,zcta,94571,Rio Vista,38.1520707,-121.7597729,363374,,2017-11-30,10,0,Zillow ZIP-level market for Rio Vista; mapped with Census 2020 ZCTA 94571 in Solano County.,,,,
94592 Vallejo,zcta,94592,Vallejo,38.090998,-122.2854178,562631,,2017-11-30,10,0,Zillow ZIP-level market for Vallejo; mapped with Census 2020 ZCTA 94592 in Solano County.,,,,
94533 Fairfield,zcta,94533,Fairfield,38.2807448,-122.0063799,397794,1580,2017-12-31,10,0,Zillow ZIP-level market for Fairfield; mapped with Census 2020 ZCTA 94533 in Solano County.,,1580,Zillow ZORI,
95687 Vacaville,zcta,95687,Vacaville,38.3331329,-121.9201507,426531,1725,2017-12-31,10,0,Zillow ZIP-level market for Vacaville; mapped with Census 2020 ZCTA 95687 in Solano County.,,1725,Zillow ZORI,
94591 Vallejo,zcta,94591,Vallejo,38.1271913,-122.196855,434690,1586,2017-12-31,10,0,Zillow ZIP-level market for Vallejo; mapped with Census 2020 ZCTA 94591 in Solano County.,,1586,Zillow ZORI,
95688 Vacaville,zcta,95688,Vacaville,38.4213428,-122.0301235,484085,,2017-12-31,10,0,Zillow ZIP-level market for Vacaville; mapped with Census 2020 ZCTA 95688 in Solano County.,,,,
94590 Vallejo,zcta,94590,Vallejo,38.0957888,-122.2496894,364457,1442,2017-12-31,10,0,Zillow ZIP-level market for Vallejo; mapped with Census 2020 ZCTA 94590 in Solano County.,,1442,Zillow ZORI,
94534 Fairfield,zcta,94534,Fairfield,38.241946,-122.1182724,514216,1961,2017-12-31,10,0,Zillow ZIP-level market for Fairfield; mapped with Census 2020 ZCTA 94534 in Solano County.,,1961,Zillow ZORI,
94589 Vallejo,zcta,94589,Vallejo,38.1414668,-122.2468701,372662,,2017-12-31,10,0,Zillow ZIP-level market for Vallejo; mapped with Census 2020 ZCTA 94589 in Solano County.,,,,
94585 Suisun City,zcta,94585,Suisun City,38.1918321,-121.9382694,390554,,2017-12-31,10,0,Zillow ZIP-level market for Suisun City; mapped with Census 2020 ZCTA 94585 in Solano County.,,,,
94510 Benicia,zcta,94510,Benicia,38.1132046,-122.1197077,609171,1763,2017-12-31,10,0,Zillow ZIP-level market for Benicia; mapped with Census 2020 ZCTA 94510 in Solano County.,,1763,Zillow ZORI,
95620 Dixon,zcta,95620,Dixon,38.4049355,-121.7543792,441133,,2017-12-31,10,0,Zillow ZIP-level market for Dixon; mapped with Census 2020 ZCTA 95620 in Solano County.,,,,
94571 Rio Vista,zcta,94571,Rio Vista,38.1520707,-121.7597729,366697,,2017-12-31,10,0,Zillow ZIP-level market for Rio Vista; mapped with Census 2020 ZCTA 94571 in Solano County.,,,,
94592 Vallejo,zcta,94592,Vallejo,38.090998,-122.2854178,568718,,2017-12-31,10,0,Zillow ZIP-level market for Vallejo; mapped with Census 2020 ZCTA 94592 in Solano County.,,,,
94533 Fairfield,zcta,94533,Fairfield,38.2807448,-122.0063799,402383,1582,2018-01-31,10,0,Zillow ZIP-level market for Fairfield; mapped with Census 2020 ZCTA 94533 in Solano County.,,1582,Zillow ZORI,
95687 Vacaville,zcta,95687,Vacaville,38.3331329,-121.9201507,430359,1742,2018-01-31,10,0,Zillow ZIP-level market for Vacaville; mapped with Census 2020 ZCTA 95687 in Solano County.,,1742,Zillow ZORI,
94591 Vallejo,zcta,94591,Vallejo,38.1271913,-122.196855,440070,1598,2018-01-31,10,0,Zillow ZIP-level market for Vallejo; mapped with Census 2020 ZCTA 94591 in Solano County.,,1598,Zillow ZORI,
95688 Vacaville,zcta,95688,Vacaville,38.4213428,-122.0301235,488291,1639,2018-01-31,10,0,Zillow ZIP-level market for Vacaville; mapped with Census 2020 ZCTA 95688 in Solano County.,,1639,Zillow ZORI,
94590 Vallejo,zcta,94590,Vallejo,38.0957888,-122.2496894,369361,1443,2018-01-31,10,0,Zillow ZIP-level market for Vallejo; mapped with Census 2020 ZCTA 94590 in Solano County.,,1443,Zillow ZORI,
94534 Fairfield,zcta,94534,Fairfield,38.241946,-122.1182724,518875,1954,2018-01-31,10,0,Zillow ZIP-level market for Fairfield; mapped with Census 2020 ZCTA 94534 in Solano County.,,1954,Zillow ZORI,
94589 Vallejo,zcta,94589,Vallejo,38.1414668,-122.2468701,377307,,2018-01-31,10,0,Zillow ZIP-level market for Vallejo; mapped with Census 2020 ZCTA 94589 in Solano County.,,,,
94585 Suisun City,zcta,94585,Suisun City,38.1918321,-121.9382694,394453,,2018-01-31,10,0,Zillow ZIP-level market for Suisun City; mapped with Census 2020 ZCTA 94585 in Solano County.,,,,
94510 Benicia,zcta,94510,Benicia,38.1132046,-122.1197077,614458,1764,2018-01-31,10,0,Zillow ZIP-level market for Benicia; mapped with Census 2020 ZCTA 94510 in Solano County.,,1764,Zillow ZORI,
95620 Dixon,zcta,95620,Dixon,38.4049355,-121.7543792,444284,,2018-01-31,10,0,Zillow ZIP-level market for Dixon; mapped with Census 2020 ZCTA 95620 in Solano County.,,,,
94571 Rio Vista,zcta,94571,Rio Vista,38.1520707,-121.7597729,369641,,2018-01-31,10,0,Zillow ZIP-level market for Rio Vista; mapped with Census 2020 ZCTA 94571 in Solano County.,,,,
94592 Vallejo,zcta,94592,Vallejo,38.090998,-122.2854178,575664,,2018-01-31,10,0,Zillow ZIP-level market for Vallejo; mapped with Census 2020 ZCTA 94592 in Solano County.,,,,
94533 Fairfield,zcta,94533,Fairfield,38.2807448,-122.0063799,406357,1576,2018-02-28,10,0,Zillow ZIP-level market for Fairfield; mapped with Census 2020 ZCTA 94533 in Solano County.,,1576,Zillow ZORI,
95687 Vacaville,zcta,95687,Vacaville,38.3331329,-121.9201507,433982,1755,2018-02-28,10,0,Zillow ZIP-level market for Vacaville; mapped with Census 2020 ZCTA 95687 in Solano County.,,1755,Zillow ZORI,
94591 Vallejo,zcta,94591,Vallejo,38.1271913,-122.196855,445149,1648,2018-02-28,10,0,Zillow ZIP-level market for Vallejo; mapped with Census 2020 ZCTA 94591 in Solano County.,,1648,Zillow ZORI,
95688 Vacaville,zcta,95688,Vacaville,38.4213428,-122.0301235,492367,1641,2018-02-28,10,0,Zillow ZIP-level market for Vacaville; mapped with Census 2020 ZCTA 95688 in Solano County.,,1641,Zillow ZORI,
94590 Vallejo,zcta,94590,Vallejo,38.0957888,-122.2496894,374263,1463,2018-02-28,10,0,Zillow ZIP-level market for Vallejo; mapped with Census 2020 ZCTA 94590 in Solano County.,,1463,Zillow ZORI,
94534 Fairfield,zcta,94534,Fairfield,38.241946,-122.1182724,523091,1952,2018-02-28,10,0,Zillow ZIP-level market for Fairfield; mapped with Census 2020 ZCTA 94534 in Solano County.,,1952,Zillow ZORI,
94589 Vallejo,zcta,94589,Vallejo,38.1414668,-122.2468701,382047,,2018-02-28,10,0,Zillow ZIP-level market for Vallejo; mapped with Census 2020 ZCTA 94589 in Solano County.,,,,
94585 Suisun City,zcta,94585,Suisun City,38.1918321,-121.9382694,398241,,2018-02-28,10,0,Zillow ZIP-level market for Suisun City; mapped with Census 2020 ZCTA 94585 in Solano County.,,,,
94510 Benicia,zcta,94510,Benicia,38.1132046,-122.1197077,619301,1763,2018-02-28,10,0,Zillow ZIP-level market for Benicia; mapped with Census 2020 ZCTA 94510 in Solano County.,,1763,Zillow ZORI,
95620 Dixon,zcta,95620,Dixon,38.4049355,-121.7543792,447439,,2018-02-28,10,0,Zillow ZIP-level market for Dixon; mapped with Census 2020 ZCTA 95620 in Solano County.,,,,
94571 Rio Vista,zcta,94571,Rio Vista,38.1520707,-121.7597729,372492,,2018-02-28,10,0,Zillow ZIP-level market for Rio Vista; mapped with Census 2020 ZCTA 94571 in Solano County.,,,,
94592 Vallejo,zcta,94592,Vallejo,38.090998,-122.2854178,582249,,2018-02-28,10,0,Zillow ZIP-level market for Vallejo; mapped with Census 2020 ZCTA 94592 in Solano County.,,,,
94533 Fairfield,zcta,94533,Fairfield,38.2807448,-122.0063799,409526,1611,2018-03-31,10,0,Zillow ZIP-level market for Fairfield; mapped with Census 2020 ZCTA 94533 in Solano County.,,1611,Zillow ZORI,
95687 Vacaville,zcta,95687,Vacaville,38.3331329,-121.9201507,436648,1776,2018-03-31,10,0,Zillow ZIP-level market for Vacaville; mapped with Census 2020 ZCTA 95687 in Solano County.,,1776,Zillow ZORI,
94591 Vallejo,zcta,94591,Vallejo,38.1271913,-122.196855,448974,1673,2018-03-31,10,0,Zillow ZIP-level market for Vallejo; mapped with Census 2020 ZCTA 94591 in Solano County.,,1673,Zillow ZORI,
95688 Vacaville,zcta,95688,Vacaville,38.4213428,-122.0301235,495252,1664,2018-03-31,10,0,Zillow ZIP-level market for Vacaville; mapped with Census 2020 ZCTA 95688 in Solano County.,,1664,Zillow ZORI,
94590 Vallejo,zcta,94590,Vallejo,38.0957888,-122.2496894,378770,1462,2018-03-31,10,0,Zillow ZIP-level market for Vallejo; mapped with Census 2020 ZCTA 94590 in Solano County.,,1462,Zillow ZORI,
94534 Fairfield,zcta,94534,Fairfield,38.241946,-122.1182724,526359,1973,2018-03-31,10,0,Zillow ZIP-level market for Fairfield; mapped with Census 2020 ZCTA 94534 in Solano County.,,1973,Zillow ZORI,
94589 Vallejo,zcta,94589,Vallejo,38.1414668,-122.2468701,385686,,2018-03-31,10,0,Zillow ZIP-level market for Vallejo; mapped with Census 2020 ZCTA 94589 in Solano County.,,,,
94585 Suisun City,zcta,94585,Suisun City,38.1918321,-121.9382694,401161,,2018-03-31,10,0,Zillow ZIP-level market for Suisun City; mapped with Census 2020 ZCTA 94585 in Solano County.,,,,
94510 Benicia,zcta,94510,Benicia,38.1132046,-122.1197077,621898,1771,2018-03-31,10,0,Zillow ZIP-level market for Benicia; mapped with Census 2020 ZCTA 94510 in Solano County.,,1771,Zillow ZORI,
95620 Dixon,zcta,95620,Dixon,38.4049355,-121.7543792,449753,,2018-03-31,10,0,Zillow ZIP-level market for Dixon; mapped with Census 2020 ZCTA 95620 in Solano County.,,,,
94571 Rio Vista,zcta,94571,Rio Vista,38.1520707,-121.7597729,374621,,2018-03-31,10,0,Zillow ZIP-level market for Rio Vista; mapped with Census 2020 ZCTA 94571 in Solano County.,,,,
94592 Vallejo,zcta,94592,Vallejo,38.090998,-122.2854178,587332,,2018-03-31,10,0,Zillow ZIP-level market for Vallejo; mapped with Census 2020 ZCTA 94592 in Solano County.,,,,
94533 Fairfield,zcta,94533,Fairfield,38.2807448,-122.0063799,411830,1638,2018-04-30,10,0,Zillow ZIP-level market for Fairfield; mapped with Census 2020 ZCTA 94533 in Solano County.,,1638,Zillow ZORI,
95687 Vacaville,zcta,95687,Vacaville,38.3331329,-121.9201507,438825,1791,2018-04-30,10,0,Zillow ZIP-level market for Vacaville; mapped with Census 2020 ZCTA 95687 in Solano County.,,1791,Zillow ZORI,
94591 Vallejo,zcta,94591,Vallejo,38.1271913,-122.196855,451972,1699,2018-04-30,10,0,Zillow ZIP-level market for Vallejo; mapped with Census 2020 ZCTA 94591 in Solano County.,,1699,Zillow ZORI,
95688 Vacaville,zcta,95688,Vacaville,38.4213428,-122.0301235,497320,1691,2018-04-30,10,0,Zillow ZIP-level market for Vacaville; mapped with Census 2020 ZCTA 95688 in Solano County.,,1691,Zillow ZORI,
94590 Vallejo,zcta,94590,Vallejo,38.0957888,-122.2496894,382077,1488,2018-04-30,10,0,Zillow ZIP-level market for Vallejo; mapped with Census 2020 ZCTA 94590 in Solano County.,,1488,Zillow ZORI,
94534 Fairfield,zcta,94534,Fairfield,38.241946,-122.1182724,528940,1997,2018-04-30,10,0,Zillow ZIP-level market for Fairfield; mapped with Census 2020 ZCTA 94534 in Solano County.,,1997,Zillow ZORI,
94589 Vallejo,zcta,94589,Vallejo,38.1414668,-122.2468701,388453,,2018-04-30,10,0,Zillow ZIP-level market for Vallejo; mapped with Census 2020 ZCTA 94589 in Solano County.,,,,
94585 Suisun City,zcta,94585,Suisun City,38.1918321,-121.9382694,403739,,2018-04-30,10,0,Zillow ZIP-level market for Suisun City; mapped with Census 2020 ZCTA 94585 in Solano County.,,,,
94510 Benicia,zcta,94510,Benicia,38.1132046,-122.1197077,623771,1799,2018-04-30,10,0,Zillow ZIP-level market for Benicia; mapped with Census 2020 ZCTA 94510 in Solano County.,,1799,Zillow ZORI,
95620 Dixon,zcta,95620,Dixon,38.4049355,-121.7543792,452113,,2018-04-30,10,0,Zillow ZIP-level market for Dixon; mapped with Census 2020 ZCTA 95620 in Solano County.,,,,
94571 Rio Vista,zcta,94571,Rio Vista,38.1520707,-121.7597729,377055,,2018-04-30,10,0,Zillow ZIP-level market for Rio Vista; mapped with Census 2020 ZCTA 94571 in Solano County.,,,,
94592 Vallejo,zcta,94592,Vallejo,38.090998,-122.2854178,591094,,2018-04-30,10,0,Zillow ZIP-level market for Vallejo; mapped with Census 2020 ZCTA 94592 in Solano County.,,,,
94533 Fairfield,zcta,94533,Fairfield,38.2807448,-122.0063799,414682,1661,2018-05-31,10,0,Zillow ZIP-level market for Fairfield; mapped with Census 2020 ZCTA 94533 in Solano County.,,1661,Zillow ZORI,
95687 Vacaville,zcta,95687,Vacaville,38.3331329,-121.9201507,441386,1787,2018-05-31,10,0,Zillow ZIP-level market for Vacaville; mapped with Census 2020 ZCTA 95687 in Solano County.,,1787,Zillow ZORI,
94591 Vallejo,zcta,94591,Vallejo,38.1271913,-122.196855,455188,1686,2018-05-31,10,0,Zillow ZIP-level market for Vallejo; mapped with Census 2020 ZCTA 94591 in Solano County.,,1686,Zillow ZORI,
95688 Vacaville,zcta,95688,Vacaville,38.4213428,-122.0301235,500243,,2018-05-31,10,0,Zillow ZIP-level market for Vacaville; mapped with Census 2020 ZCTA 95688 in Solano County.,,,,
94590 Vallejo,zcta,94590,Vallejo,38.0957888,-122.2496894,385758,1493,2018-05-31,10,0,Zillow ZIP-level market for Vallejo; mapped with Census 2020 ZCTA 94590 in Solano County.,,1493,Zillow ZORI,
94534 Fairfield,zcta,94534,Fairfield,38.241946,-122.1182724,532195,2040,2018-05-31,10,0,Zillow ZIP-level market for Fairfield; mapped with Census 2020 ZCTA 94534 in Solano County.,,2040,Zillow ZORI,
94589 Vallejo,zcta,94589,Vallejo,38.1414668,-122.2468701,391519,,2018-05-31,10,0,Zillow ZIP-level market for Vallejo; mapped with Census 2020 ZCTA 94589 in Solano County.,,,,
94585 Suisun City,zcta,94585,Suisun City,38.1918321,-121.9382694,406702,,2018-05-31,10,0,Zillow ZIP-level market for Suisun City; mapped with Census 2020 ZCTA 94585 in Solano County.,,,,
94510 Benicia,zcta,94510,Benicia,38.1132046,-122.1197077,626754,1821,2018-05-31,10,0,Zillow ZIP-level market for Benicia; mapped with Census 2020 ZCTA 94510 in Solano County.,,1821,Zillow ZORI,
95620 Dixon,zcta,95620,Dixon,38.4049355,-121.7543792,454909,,2018-05-31,10,0,Zillow ZIP-level market for Dixon; mapped with Census 2020 ZCTA 95620 in Solano County.,,,,
94571 Rio Vista,zcta,94571,Rio Vista,38.1520707,-121.7597729,379798,,2018-05-31,10,0,Zillow ZIP-level market for Rio Vista; mapped with Census 2020 ZCTA 94571 in Solano County.,,,,
94592 Vallejo,zcta,94592,Vallejo,38.090998,-122.2854178,596088,,2018-05-31,10,0,Zillow ZIP-level market for Vallejo; mapped with Census 2020 ZCTA 94592 in Solano County.,,,,
94533 Fairfield,zcta,94533,Fairfield,38.2807448,-122.0063799,417534,1685,2018-06-30,10,0,Zillow ZIP-level market for Fairfield; mapped with Census 2020 ZCTA 94533 in Solano County.,,1685,Zillow ZORI,
95687 Vacaville,zcta,95687,Vacaville,38.3331329,-121.9201507,444113,1801,2018-06-30,10,0,Zillow ZIP-level market for Vacaville; mapped with Census 2020 ZCTA 95687 in Solano County.,,1801,Zillow ZORI,
94591 Vallejo,zcta,94591,Vallejo,38.1271913,-122.196855,458408,1689,2018-06-30,10,0,Zillow ZIP-level market for Vallejo; mapped with Census 2020 ZCTA 94591 in Solano County.,,1689,Zillow ZORI,
95688 Vacaville,zcta,95688,Vacaville,38.4213428,-122.0301235,503744,1755,2018-06-30,10,0,Zillow ZIP-level market for Vacaville; mapped with Census 2020 ZCTA 95688 in Solano County.,,1755,Zillow ZORI,
94590 Vallejo,zcta,94590,Vallejo,38.0957888,-122.2496894,389002,1513,2018-06-30,10,0,Zillow ZIP-level market for Vallejo; mapped with Census 2020 ZCTA 94590 in Solano County.,,1513,Zillow ZORI,
94534 Fairfield,zcta,94534,Fairfield,38.241946,-122.1182724,535326,2054,2018-06-30,10,0,Zillow ZIP-level market for Fairfield; mapped with Census 2020 ZCTA 94534 in Solano County.,,2054,Zillow ZORI,
94589 Vallejo,zcta,94589,Vallejo,38.1414668,-122.2468701,394477,,2018-06-30,10,0,Zillow ZIP-level market for Vallejo; mapped with Census 2020 ZCTA 94589 in Solano County.,,,,
94585 Suisun City,zcta,94585,Suisun City,38.1918321,-121.9382694,409527,,2018-06-30,10,0,Zillow ZIP-level market for Suisun City; mapped with Census 2020 ZCTA 94585 in Solano County.,,,,
94510 Benicia,zcta,94510,Benicia,38.1132046,-122.1197077,630222,1827,2018-06-30,10,0,Zillow ZIP-level market for Benicia; mapped with Census 2020 ZCTA 94510 in Solano County.,,1827,Zillow ZORI,
95620 Dixon,zcta,95620,Dixon,38.4049355,-121.7543792,458006,,2018-06-30,10,0,Zillow ZIP-level market for Dixon; mapped with Census 2020 ZCTA 95620 in Solano County.,,,,
94571 Rio Vista,zcta,94571,Rio Vista,38.1520707,-121.7597729,382293,,2018-06-30,10,0,Zillow ZIP-level market for Rio Vista; mapped with Census 2020 ZCTA 94571 in Solano County.,,,,
94592 Vallejo,zcta,94592,Vallejo,38.090998,-122.2854178,602223,,2018-06-30,10,0,Zillow ZIP-level market for Vallejo; mapped with Census 2020 ZCTA 94592 in Solano County.,,,,
94533 Fairfield,zcta,94533,Fairfield,38.2807448,-122.0063799,419898,1701,2018-07-31,10,0,Zillow ZIP-level market for Fairfield; mapped with Census 2020 ZCTA 94533 in Solano County.,,1701,Zillow ZORI,
95687 Vacaville,zcta,95687,Vacaville,38.3331329,-121.9201507,446474,1811,2018-07-31,10,0,Zillow ZIP-level market for Vacaville; mapped with Census 2020 ZCTA 95687 in Solano County.,,1811,Zillow ZORI,
94591 Vallejo,zcta,94591,Vallejo,38.1271913,-122.196855,460669,1689,2018-07-31,10,0,Zillow ZIP-level market for Vallejo; mapped with Census 2020 ZCTA 94591 in Solano County.,,1689,Zillow ZORI,
95688 Vacaville,zcta,95688,Vacaville,38.4213428,-122.0301235,506609,1792,2018-07-31,10,0,Zillow ZIP-level market for Vacaville; mapped with Census 2020 ZCTA 95688 in Solano County.,,1792,Zillow ZORI,
94590 Vallejo,zcta,94590,Vallejo,38.0957888,-122.2496894,392085,1510,2018-07-31,10,0,Zillow ZIP-level market for Vallejo; mapped with Census 2020 ZCTA 94590 in Solano County.,,1510,Zillow ZORI,
94534 Fairfield,zcta,94534,Fairfield,38.241946,-122.1182724,537363,2063,2018-07-31,10,0,Zillow ZIP-level market for Fairfield; mapped with Census 2020 ZCTA 94534 in Solano County.,,2063,Zillow ZORI,
94589 Vallejo,zcta,94589,Vallejo,38.1414668,-122.2468701,396921,,2018-07-31,10,0,Zillow ZIP-level market for Vallejo; mapped with Census 2020 ZCTA 94589 in Solano County.,,,,
94585 Suisun City,zcta,94585,Suisun City,38.1918321,-121.9382694,411536,,2018-07-31,10,0,Zillow ZIP-level market for Suisun City; mapped with Census 2020 ZCTA 94585 in Solano County.,,,,
94510 Benicia,zcta,94510,Benicia,38.1132046,-122.1197077,632038,1839,2018-07-31,10,0,Zillow ZIP-level market for Benicia; mapped with Census 2020 ZCTA 94510 in Solano County.,,1839,Zillow ZORI,
95620 Dixon,zcta,95620,Dixon,38.4049355,-121.7543792,460580,,2018-07-31,10,0,Zillow ZIP-level market for Dixon; mapped with Census 2020 ZCTA 95620 in Solano County.,,,,
94571 Rio Vista,zcta,94571,Rio Vista,38.1520707,-121.7597729,384356,,2018-07-31,10,0,Zillow ZIP-level market for Rio Vista; mapped with Census 2020 ZCTA 94571 in Solano County.,,,,
94592 Vallejo,zcta,94592,Vallejo,38.090998,-122.2854178,607174,,2018-07-31,10,0,Zillow ZIP-level market for Vallejo; mapped with Census 2020 ZCTA 94592 in Solano County.,,,,
94533 Fairfield,zcta,94533,Fairfield,38.2807448,-122.0063799,422207,1708,2018-08-31,10,0,Zillow ZIP-level market for Fairfield; mapped with Census 2020 ZCTA 94533 in Solano County.,,1708,Zillow ZORI,
95687 Vacaville,zcta,95687,Vacaville,38.3331329,-121.9201507,448665,1830,2018-08-31,10,0,Zillow ZIP-level market for Vacaville; mapped with Census 2020 ZCTA 95687 in Solano County.,,1830,Zillow ZORI,
94591 Vallejo,zcta,94591,Vallejo,38.1271913,-122.196855,462588,1688,2018-08-31,10,0,Zillow ZIP-level market for Vallejo; mapped with Census 2020 ZCTA 94591 in Solano County.,,1688,Zillow ZORI,
95688 Vacaville,zcta,95688,Vacaville,38.4213428,-122.0301235,508861,1764,2018-08-31,10,0,Zillow ZIP-level market for Vacaville; mapped with Census 2020 ZCTA 95688 in Solano County.,,1764,Zillow ZORI,
94590 Vallejo,zcta,94590,Vallejo,38.0957888,-122.2496894,395047,1509,2018-08-31,10,0,Zillow ZIP-level market for Vallejo; mapped with Census 2020 ZCTA 94590 in Solano County.,,1509,Zillow ZORI,
94534 Fairfield,zcta,94534,Fairfield,38.241946,-122.1182724,539147,2064,2018-08-31,10,0,Zillow ZIP-level market for Fairfield; mapped with Census 2020 ZCTA 94534 in Solano County.,,2064,Zillow ZORI,
94589 Vallejo,zcta,94589,Vallejo,38.1414668,-122.2468701,399362,,2018-08-31,10,0,Zillow ZIP-level market for Vallejo; mapped with Census 2020 ZCTA 94589 in Solano County.,,,,
94585 Suisun City,zcta,94585,Suisun City,38.1918321,-121.9382694,413099,,2018-08-31,10,0,Zillow ZIP-level market for Suisun City; mapped with Census 2020 ZCTA 94585 in Solano County.,,,,
94510 Benicia,zcta,94510,Benicia,38.1132046,-122.1197077,634833,1826,2018-08-31,10,0,Zillow ZIP-level market for Benicia; mapped with Census 2020 ZCTA 94510 in Solano County.,,1826,Zillow ZORI,
95620 Dixon,zcta,95620,Dixon,38.4049355,-121.7543792,462903,,2018-08-31,10,0,Zillow ZIP-level market for Dixon; mapped with Census 2020 ZCTA 95620 in Solano County.,,,,
94571 Rio Vista,zcta,94571,Rio Vista,38.1520707,-121.7597729,385749,,2018-08-31,10,0,Zillow ZIP-level market for Rio Vista; mapped with Census 2020 ZCTA 94571 in Solano County.,,,,
94592 Vallejo,zcta,94592,Vallejo,38.090998,-122.2854178,609639,,2018-08-31,10,0,Zillow ZIP-level market for Vallejo; mapped with Census 2020 ZCTA 94592 in Solano County.,,,,
94533 Fairfield,zcta,94533,Fairfield,38.2807448,-122.0063799,423780,1686,2018-09-30,10,0,Zillow ZIP-level market for Fairfield; mapped with Census 2020 ZCTA 94533 in Solano County.,,1686,Zillow ZORI,
95687 Vacaville,zcta,95687,Vacaville,38.3331329,-121.9201507,450187,1854,2018-09-30,10,0,Zillow ZIP-level market for Vacaville; mapped with Census 2020 ZCTA 95687 in Solano County.,,1854,Zillow ZORI,
94591 Vallejo,zcta,94591,Vallejo,38.1271913,-122.196855,463498,1695,2018-09-30,10,0,Zillow ZIP-level market for Vallejo; mapped with Census 2020 ZCTA 94591 in Solano County.,,1695,Zillow ZORI,
95688 Vacaville,zcta,95688,Vacaville,38.4213428,-122.0301235,510474,1755,2018-09-30,10,0,Zillow ZIP-level market for Vacaville; mapped with Census 2020 ZCTA 95688 in Solano County.,,1755,Zillow ZORI,
94590 Vallejo,zcta,94590,Vallejo,38.0957888,-122.2496894,397563,1509,2018-09-30,10,0,Zillow ZIP-level market for Vallejo; mapped with Census 2020 ZCTA 94590 in Solano County.,,1509,Zillow ZORI,
94534 Fairfield,zcta,94534,Fairfield,38.241946,-122.1182724,540825,2058,2018-09-30,10,0,Zillow ZIP-level market for Fairfield; mapped with Census 2020 ZCTA 94534 in Solano County.,,2058,Zillow ZORI,
94589 Vallejo,zcta,94589,Vallejo,38.1414668,-122.2468701,401483,,2018-09-30,10,0,Zillow ZIP-level market for Vallejo; mapped with Census 2020 ZCTA 94589 in Solano County.,,,,
94585 Suisun City,zcta,94585,Suisun City,38.1918321,-121.9382694,414222,,2018-09-30,10,0,Zillow ZIP-level market for Suisun City; mapped with Census 2020 ZCTA 94585 in Solano County.,,,,
94510 Benicia,zcta,94510,Benicia,38.1132046,-122.1197077,637597,1859,2018-09-30,10,0,Zillow ZIP-level market for Benicia; mapped with Census 2020 ZCTA 94510 in Solano County.,,1859,Zillow ZORI,
95620 Dixon,zcta,95620,Dixon,38.4049355,-121.7543792,464849,,2018-09-30,10,0,Zillow ZIP-level market for Dixon; mapped with Census 2020 ZCTA 95620 in Solano County.,,,,
94571 Rio Vista,zcta,94571,Rio Vista,38.1520707,-121.7597729,386566,,2018-09-30,10,0,Zillow ZIP-level market for Rio Vista; mapped with Census 2020 ZCTA 94571 in Solano County.,,,,
94592 Vallejo,zcta,94592,Vallejo,38.090998,-122.2854178,610343,,2018-09-30,10,0,Zillow ZIP-level market for Vallejo; mapped with Census 2020 ZCTA 94592 in Solano County.,,,,
94533 Fairfield,zcta,94533,Fairfield,38.2807448,-122.0063799,425597,1670,2018-10-31,10,0,Zillow ZIP-level market for Fairfield; mapped with Census 2020 ZCTA 94533 in Solano County.,,1670,Zillow ZORI,
95687 Vacaville,zcta,95687,Vacaville,38.3331329,-121.9201507,451528,1850,2018-10-31,10,0,Zillow ZIP-level market for Vacaville; mapped with Census 2020 ZCTA 95687 in Solano County.,,1850,Zillow ZORI,
94591 Vallejo,zcta,94591,Vallejo,38.1271913,-122.196855,464678,1683,2018-10-31,10,0,Zillow ZIP-level market for Vallejo; mapped with Census 2020 ZCTA 94591 in Solano County.,,1683,Zillow ZORI,
95688 Vacaville,zcta,95688,Vacaville,38.4213428,-122.0301235,511831,1738,2018-10-31,10,0,Zillow ZIP-level market for Vacaville; mapped with Census 2020 ZCTA 95688 in Solano County.,,1738,Zillow ZORI,
94590 Vallejo,zcta,94590,Vallejo,38.0957888,-122.2496894,399596,1514,2018-10-31,10,0,Zillow ZIP-level market for Vallejo; mapped with Census 2020 ZCTA 94590 in Solano County.,,1514,Zillow ZORI,
94534 Fairfield,zcta,94534,Fairfield,38.241946,-122.1182724,542616,2054,2018-10-31,10,0,Zillow ZIP-level market for Fairfield; mapped with Census 2020 ZCTA 94534 in Solano County.,,2054,Zillow ZORI,
94589 Vallejo,zcta,94589,Vallejo,38.1414668,-122.2468701,404002,,2018-10-31,10,0,Zillow ZIP-level market for Vallejo; mapped with Census 2020 ZCTA 94589 in Solano County.,,,,
94585 Suisun City,zcta,94585,Suisun City,38.1918321,-121.9382694,415471,,2018-10-31,10,0,Zillow ZIP-level market for Suisun City; mapped with Census 2020 ZCTA 94585 in Solano County.,,,,
94510 Benicia,zcta,94510,Benicia,38.1132046,-122.1197077,640888,1841,2018-10-31,10,0,Zillow ZIP-level market for Benicia; mapped with Census 2020 ZCTA 94510 in Solano County.,,1841,Zillow ZORI,
95620 Dixon,zcta,95620,Dixon,38.4049355,-121.7543792,466616,,2018-10-31,10,0,Zillow ZIP-level market for Dixon; mapped with Census 2020 ZCTA 95620 in Solano County.,,,,
94571 Rio Vista,zcta,94571,Rio Vista,38.1520707,-121.7597729,387368,,2018-10-31,10,0,Zillow ZIP-level market for Rio Vista; mapped with Census 2020 ZCTA 94571 in Solano County.,,,,
94592 Vallejo,zcta,94592,Vallejo,38.090998,-122.2854178,610756,,2018-10-31,10,0,Zillow ZIP-level market for Vallejo; mapped with Census 2020 ZCTA 94592 in Solano County.,,,,
94533 Fairfield,zcta,94533,Fairfield,38.2807448,-122.0063799,426677,1665,2018-11-30,10,0,Zillow ZIP-level market for Fairfield; mapped with Census 2020 ZCTA 94533 in Solano County.,,1665,Zillow ZORI,
95687 Vacaville,zcta,95687,Vacaville,38.3331329,-121.9201507,452491,1859,2018-11-30,10,0,Zillow ZIP-level market for Vacaville; mapped with Census 2020 ZCTA 95687 in Solano County.,,1859,Zillow ZORI,
94591 Vallejo,zcta,94591,Vallejo,38.1271913,-122.196855,465242,1687,2018-11-30,10,0,Zillow ZIP-level market for Vallejo; mapped with Census 2020 ZCTA 94591 in Solano County.,,1687,Zillow ZORI,
95688 Vacaville,zcta,95688,Vacaville,38.4213428,-122.0301235,512713,1751,2018-11-30,10,0,Zillow ZIP-level market for Vacaville; mapped with Census 2020 ZCTA 95688 in Solano County.,,1751,Zillow ZORI,
94590 Vallejo,zcta,94590,Vallejo,38.0957888,-122.2496894,400798,1539,2018-11-30,10,0,Zillow ZIP-level market for Vallejo; mapped with Census 2020 ZCTA 94590 in Solano County.,,1539,Zillow ZORI,
94534 Fairfield,zcta,94534,Fairfield,38.241946,-122.1182724,543501,2029,2018-11-30,10,0,Zillow ZIP-level market for Fairfield; mapped with Census 2020 ZCTA 94534 in Solano County.,,2029,Zillow ZORI,
94589 Vallejo,zcta,94589,Vallejo,38.1414668,-122.2468701,405891,,2018-11-30,10,0,Zillow ZIP-level market for Vallejo; mapped with Census 2020 ZCTA 94589 in Solano County.,,,,
94585 Suisun City,zcta,94585,Suisun City,38.1918321,-121.9382694,416369,,2018-11-30,10,0,Zillow ZIP-level market for Suisun City; mapped with Census 2020 ZCTA 94585 in Solano County.,,,,
94510 Benicia,zcta,94510,Benicia,38.1132046,-122.1197077,641674,1868,2018-11-30,10,0,Zillow ZIP-level market for Benicia; mapped with Census 2020 ZCTA 94510 in Solano County.,,1868,Zillow ZORI,
95620 Dixon,zcta,95620,Dixon,38.4049355,-121.7543792,467959,,2018-11-30,10,0,Zillow ZIP-level market for Dixon; mapped with Census 2020 ZCTA 95620 in Solano County.,,,,
94571 Rio Vista,zcta,94571,Rio Vista,38.1520707,-121.7597729,387949,,2018-11-30,10,0,Zillow ZIP-level market for Rio Vista; mapped with Census 2020 ZCTA 94571 in Solano County.,,,,
94592 Vallejo,zcta,94592,Vallejo,38.090998,-122.2854178,611688,,2018-11-30,10,0,Zillow ZIP-level market for Vallejo; mapped with Census 2020 ZCTA 94592 in Solano County.,,,,
94533 Fairfield,zcta,94533,Fairfield,38.2807448,-122.0063799,427806,1672,2018-12-31,10,0,Zillow ZIP-level market for Fairfield; mapped with Census 2020 ZCTA 94533 in Solano County.,,1672,Zillow ZORI,
95687 Vacaville,zcta,95687,Vacaville,38.3331329,-121.9201507,453538,1850,2018-12-31,10,0,Zillow ZIP-level market for Vacaville; mapped with Census 2020 ZCTA 95687 in Solano County.,,1850,Zillow ZORI,
94591 Vallejo,zcta,94591,Vallejo,38.1271913,-122.196855,465988,1700,2018-12-31,10,0,Zillow ZIP-level market for Vallejo; mapped with Census 2020 ZCTA 94591 in Solano County.,,1700,Zillow ZORI,
95688 Vacaville,zcta,95688,Vacaville,38.4213428,-122.0301235,513407,1767,2018-12-31,10,0,Zillow ZIP-level market for Vacaville; mapped with Census 2020 ZCTA 95688 in Solano County.,,1767,Zillow ZORI,
94590 Vallejo,zcta,94590,Vallejo,38.0957888,-122.2496894,402196,1567,2018-12-31,10,0,Zillow ZIP-level market for Vallejo; mapped with Census 2020 ZCTA 94590 in Solano County.,,1567,Zillow ZORI,
94534 Fairfield,zcta,94534,Fairfield,38.241946,-122.1182724,543579,2019,2018-12-31,10,0,Zillow ZIP-level market for Fairfield; mapped with Census 2020 ZCTA 94534 in Solano County.,,2019,Zillow ZORI,
94589 Vallejo,zcta,94589,Vallejo,38.1414668,-122.2468701,407733,,2018-12-31,10,0,Zillow ZIP-level market for Vallejo; mapped with Census 2020 ZCTA 94589 in Solano County.,,,,
94585 Suisun City,zcta,94585,Suisun City,38.1918321,-121.9382694,417115,,2018-12-31,10,0,Zillow ZIP-level market for Suisun City; mapped with Census 2020 ZCTA 94585 in Solano County.,,,,
94510 Benicia,zcta,94510,Benicia,38.1132046,-122.1197077,641221,1851,2018-12-31,10,0,Zillow ZIP-level market for Benicia; mapped with Census 2020 ZCTA 94510 in Solano County.,,1851,Zillow ZORI,
95620 Dixon,zcta,95620,Dixon,38.4049355,-121.7543792,469149,,2018-12-31,10,0,Zillow ZIP-level market for Dixon; mapped with Census 2020 ZCTA 95620 in Solano County.,,,,
94571 Rio Vista,zcta,94571,Rio Vista,38.1520707,-121.7597729,388654,,2018-12-31,10,0,Zillow ZIP-level market for Rio Vista; mapped with Census 2020 ZCTA 94571 in Solano County.,,,,
94592 Vallejo,zcta,94592,Vallejo,38.090998,-122.2854178,612963,,2018-12-31,10,0,Zillow ZIP-level market for Vallejo; mapped with Census 2020 ZCTA 94592 in Solano County.,,,,
94533 Fairfield,zcta,94533,Fairfield,38.2807448,-122.0063799,428587,1684,2019-01-31,10,0,Zillow ZIP-level market for Fairfield; mapped with Census 2020 ZCTA 94533 in Solano County.,,1684,Zillow ZORI,
95687 Vacaville,zcta,95687,Vacaville,38.3331329,-121.9201507,454576,1876,2019-01-31,10,0,Zillow ZIP-level market for Vacaville; mapped with Census 2020 ZCTA 95687 in Solano County.,,1876,Zillow ZORI,
94591 Vallejo,zcta,94591,Vallejo,38.1271913,-122.196855,466871,1731,2019-01-31,10,0,Zillow ZIP-level market for Vallejo; mapped with Census 2020 ZCTA 94591 in Solano County.,,1731,Zillow ZORI,
95688 Vacaville,zcta,95688,Vacaville,38.4213428,-122.0301235,514494,1769,2019-01-31,10,0,Zillow ZIP-level market for Vacaville; mapped with Census 2020 ZCTA 95688 in Solano County.,,1769,Zillow ZORI,
94590 Vallejo,zcta,94590,Vallejo,38.0957888,-122.2496894,404113,1580,2019-01-31,10,0,Zillow ZIP-level market for Vallejo; mapped with Census 2020 ZCTA 94590 in Solano County.,,1580,Zillow ZORI,
94534 Fairfield,zcta,94534,Fairfield,38.241946,-122.1182724,543673,2034,2019-01-31,10,0,Zillow ZIP-level market for Fairfield; mapped with Census 2020 ZCTA 94534 in Solano County.,,2034,Zillow ZORI,
94589 Vallejo,zcta,94589,Vallejo,38.1414668,-122.2468701,409026,,2019-01-31,10,0,Zillow ZIP-level market for Vallejo; mapped with Census 2020 ZCTA 94589 in Solano County.,,,,
94585 Suisun City,zcta,94585,Suisun City,38.1918321,-121.9382694,417486,,2019-01-31,10,0,Zillow ZIP-level market for Suisun City; mapped with Census 2020 ZCTA 94585 in Solano County.,,,,
94510 Benicia,zcta,94510,Benicia,38.1132046,-122.1197077,640830,1865,2019-01-31,10,0,Zillow ZIP-level market for Benicia; mapped with Census 2020 ZCTA 94510 in Solano County.,,1865,Zillow ZORI,
95620 Dixon,zcta,95620,Dixon,38.4049355,-121.7543792,470431,,2019-01-31,10,0,Zillow ZIP-level market for Dixon; mapped with Census 2020 ZCTA 95620 in Solano County.,,,,
94571 Rio Vista,zcta,94571,Rio Vista,38.1520707,-121.7597729,388690,,2019-01-31,10,0,Zillow ZIP-level market for Rio Vista; mapped with Census 2020 ZCTA 94571 in Solano County.,,,,
94592 Vallejo,zcta,94592,Vallejo,38.090998,-122.2854178,614606,,2019-01-31,10,0,Zillow ZIP-level market for Vallejo; mapped with Census 2020 ZCTA 94592 in Solano County.,,,,
94533 Fairfield,zcta,94533,Fairfield,38.2807448,-122.0063799,428923,1690,2019-02-28,10,0,Zillow ZIP-level market for Fairfield; mapped with Census 2020 ZCTA 94533 in Solano County.,,1690,Zillow ZORI,
95687 Vacaville,zcta,95687,Vacaville,38.3331329,-121.9201507,455252,1897,2019-02-28,10,0,Zillow ZIP-level market for Vacaville; mapped with Census 2020 ZCTA 95687 in Solano County.,,1897,Zillow ZORI,
94591 Vallejo,zcta,94591,Vallejo,38.1271913,-122.196855,467271,1749,2019-02-28,10,0,Zillow ZIP-level market for Vallejo; mapped with Census 2020 ZCTA 94591 in Solano County.,,1749,Zillow ZORI,
95688 Vacaville,zcta,95688,Vacaville,38.4213428,-122.0301235,515472,1776,2019-02-28,10,0,Zillow ZIP-level market for Vacaville; mapped with Census 2020 ZCTA 95688 in Solano County.,,1776,Zillow ZORI,
94590 Vallejo,zcta,94590,Vallejo,38.0957888,-122.2496894,405503,1607,2019-02-28,10,0,Zillow ZIP-level market for Vallejo; mapped with Census 2020 ZCTA 94590 in Solano County.,,1607,Zillow ZORI,
94534 Fairfield,zcta,94534,Fairfield,38.241946,-122.1182724,543623,2046,2019-02-28,10,0,Zillow ZIP-level market for Fairfield; mapped with Census 2020 ZCTA 94534 in Solano County.,,2046,Zillow ZORI,
94589 Vallejo,zcta,94589,Vallejo,38.1414668,-122.2468701,409709,,2019-02-28,10,0,Zillow ZIP-level market for Vallejo; mapped with Census 2020 ZCTA 94589 in Solano County.,,,,
94585 Suisun City,zcta,94585,Suisun City,38.1918321,-121.9382694,418021,,2019-02-28,10,0,Zillow ZIP-level market for Suisun City; mapped with Census 2020 ZCTA 94585 in Solano County.,,,,
94510 Benicia,zcta,94510,Benicia,38.1132046,-122.1197077,638454,1869,2019-02-28,10,0,Zillow ZIP-level market for Benicia; mapped with Census 2020 ZCTA 94510 in Solano County.,,1869,Zillow ZORI,
95620 Dixon,zcta,95620,Dixon,38.4049355,-121.7543792,471831,,2019-02-28,10,0,Zillow ZIP-level market for Dixon; mapped with Census 2020 ZCTA 95620 in Solano County.,,,,
94571 Rio Vista,zcta,94571,Rio Vista,38.1520707,-121.7597729,388400,,2019-02-28,10,0,Zillow ZIP-level market for Rio Vista; mapped with Census 2020 ZCTA 94571 in Solano County.,,,,
94592 Vallejo,zcta,94592,Vallejo,38.090998,-122.2854178,616130,,2019-02-28,10,0,Zillow ZIP-level market for Vallejo; mapped with Census 2020 ZCTA 94592 in Solano County.,,,,
94533 Fairfield,zcta,94533,Fairfield,38.2807448,-122.0063799,429162,1699,2019-03-31,10,0,Zillow ZIP-level market for Fairfield; mapped with Census 2020 ZCTA 94533 in Solano County.,,1699,Zillow ZORI,
95687 Vacaville,zcta,95687,Vacaville,38.3331329,-121.9201507,455897,1897,2019-03-31,10,0,Zillow ZIP-level market for Vacaville; mapped with Census 2020 ZCTA 95687 in Solano County.,,1897,Zillow ZORI,
94591 Vallejo,zcta,94591,Vallejo,38.1271913,-122.196855,467942,1744,2019-03-31,10,0,Zillow ZIP-level market for Vallejo; mapped with Census 2020 ZCTA 94591 in Solano County.,,1744,Zillow ZORI,
95688 Vacaville,zcta,95688,Vacaville,38.4213428,-122.0301235,516277,1808,2019-03-31,10,0,Zillow ZIP-level market for Vacaville; mapped with Census 2020 ZCTA 95688 in Solano County.,,1808,Zillow ZORI,
94590 Vallejo,zcta,94590,Vallejo,38.0957888,-122.2496894,406568,1614,2019-03-31,10,0,Zillow ZIP-level market for Vallejo; mapped with Census 2020 ZCTA 94590 in Solano County.,,1614,Zillow ZORI,
94534 Fairfield,zcta,94534,Fairfield,38.241946,-122.1182724,543489,2052,2019-03-31,10,0,Zillow ZIP-level market for Fairfield; mapped with Census 2020 ZCTA 94534 in Solano County.,,2052,Zillow ZORI,
94589 Vallejo,zcta,94589,Vallejo,38.1414668,-122.2468701,410516,,2019-03-31,10,0,Zillow ZIP-level market for Vallejo; mapped with Census 2020 ZCTA 94589 in Solano County.,,,,
94585 Suisun City,zcta,94585,Suisun City,38.1918321,-121.9382694,419055,,2019-03-31,10,0,Zillow ZIP-level market for Suisun City; mapped with Census 2020 ZCTA 94585 in Solano County.,,,,
94510 Benicia,zcta,94510,Benicia,38.1132046,-122.1197077,635610,1881,2019-03-31,10,0,Zillow ZIP-level market for Benicia; mapped with Census 2020 ZCTA 94510 in Solano County.,,1881,Zillow ZORI,
95620 Dixon,zcta,95620,Dixon,38.4049355,-121.7543792,473331,,2019-03-31,10,0,Zillow ZIP-level market for Dixon; mapped with Census 2020 ZCTA 95620 in Solano County.,,,,
94571 Rio Vista,zcta,94571,Rio Vista,38.1520707,-121.7597729,387854,,2019-03-31,10,0,Zillow ZIP-level market for Rio Vista; mapped with Census 2020 ZCTA 94571 in Solano County.,,,,
94592 Vallejo,zcta,94592,Vallejo,38.090998,-122.2854178,618170,,2019-03-31,10,0,Zillow ZIP-level market for Vallejo; mapped with Census 2020 ZCTA 94592 in Solano County.,,,,
94533 Fairfield,zcta,94533,Fairfield,38.2807448,-122.0063799,429015,1714,2019-04-30,10,0,Zillow ZIP-level market for Fairfield; mapped with Census 2020 ZCTA 94533 in Solano County.,,1714,Zillow ZORI,
95687 Vacaville,zcta,95687,Vacaville,38.3331329,-121.9201507,456309,1902,2019-04-30,10,0,Zillow ZIP-level market for Vacaville; mapped with Census 2020 ZCTA 95687 in Solano County.,,1902,Zillow ZORI,
94591 Vallejo,zcta,94591,Vallejo,38.1271913,-122.196855,467702,1755,2019-04-30,10,0,Zillow ZIP-level market for Vallejo; mapped with Census 2020 ZCTA 94591 in Solano County.,,1755,Zillow ZORI,
95688 Vacaville,zcta,95688,Vacaville,38.4213428,-122.0301235,516898,1827,2019-04-30,10,0,Zillow ZIP-level market for Vacaville; mapped with Census 2020 ZCTA 95688 in Solano County.,,1827,Zillow ZORI,
94590 Vallejo,zcta,94590,Vallejo,38.0957888,-122.2496894,406290,1608,2019-04-30,10,0,Zillow ZIP-level market for Vallejo; mapped with Census 2020 ZCTA 94590 in Solano County.,,1608,Zillow ZORI,
94534 Fairfield,zcta,94534,Fairfield,38.241946,-122.1182724,542641,2064,2019-04-30,10,0,Zillow ZIP-level market for Fairfield; mapped with Census 2020 ZCTA 94534 in Solano County.,,2064,Zillow ZORI,
94589 Vallejo,zcta,94589,Vallejo,38.1414668,-122.2468701,410699,,2019-04-30,10,0,Zillow ZIP-level market for Vallejo; mapped with Census 2020 ZCTA 94589 in Solano County.,,,,
94585 Suisun City,zcta,94585,Suisun City,38.1918321,-121.9382694,420074,,2019-04-30,10,0,Zillow ZIP-level market for Suisun City; mapped with Census 2020 ZCTA 94585 in Solano County.,,,,
94510 Benicia,zcta,94510,Benicia,38.1132046,-122.1197077,631453,1892,2019-04-30,10,0,Zillow ZIP-level market for Benicia; mapped with Census 2020 ZCTA 94510 in Solano County.,,1892,Zillow ZORI,
95620 Dixon,zcta,95620,Dixon,38.4049355,-121.7543792,474390,,2019-04-30,10,0,Zillow ZIP-level market for Dixon; mapped with Census 2020 ZCTA 95620 in Solano County.,,,,
94571 Rio Vista,zcta,94571,Rio Vista,38.1520707,-121.7597729,387375,,2019-04-30,10,0,Zillow ZIP-level market for Rio Vista; mapped with Census 2020 ZCTA 94571 in Solano County.,,,,
94592 Vallejo,zcta,94592,Vallejo,38.090998,-122.2854178,619327,,2019-04-30,10,0,Zillow ZIP-level market for Vallejo; mapped with Census 2020 ZCTA 94592 in Solano County.,,,,
94533 Fairfield,zcta,94533,Fairfield,38.2807448,-122.0063799,428743,1741,2019-05-31,10,0,Zillow ZIP-level market for Fairfield; mapped with Census 2020 ZCTA 94533 in Solano County.,,1741,Zillow ZORI,
95687 Vacaville,zcta,95687,Vacaville,38.3331329,-121.9201507,456785,1918,2019-05-31,10,0,Zillow ZIP-level market for Vacaville; mapped with Census 2020 ZCTA 95687 in Solano County.,,1918,Zillow ZORI,
94591 Vallejo,zcta,94591,Vallejo,38.1271913,-122.196855,467554,1744,2019-05-31,10,0,Zillow ZIP-level market for Vallejo; mapped with Census 2020 ZCTA 94591 in Solano County.,,1744,Zillow ZORI,
95688 Vacaville,zcta,95688,Vacaville,38.4213428,-122.0301235,516944,1835,2019-05-31,10,0,Zillow ZIP-level market for Vacaville; mapped with Census 2020 ZCTA 95688 in Solano County.,,1835,Zillow ZORI,
94590 Vallejo,zcta,94590,Vallejo,38.0957888,-122.2496894,405350,1596,2019-05-31,10,0,Zillow ZIP-level market for Vallejo; mapped with Census 2020 ZCTA 94590 in Solano County.,,1596,Zillow ZORI,
94534 Fairfield,zcta,94534,Fairfield,38.241946,-122.1182724,541715,2090,2019-05-31,10,0,Zillow ZIP-level market for Fairfield; mapped with Census 2020 ZCTA 94534 in Solano County.,,2090,Zillow ZORI,
94589 Vallejo,zcta,94589,Vallejo,38.1414668,-122.2468701,411065,,2019-05-31,10,0,Zillow ZIP-level market for Vallejo; mapped with Census 2020 ZCTA 94589 in Solano County.,,,,
94585 Suisun City,zcta,94585,Suisun City,38.1918321,-121.9382694,420497,,2019-05-31,10,0,Zillow ZIP-level market for Suisun City; mapped with Census 2020 ZCTA 94585 in Solano County.,,,,
94510 Benicia,zcta,94510,Benicia,38.1132046,-122.1197077,628580,1890,2019-05-31,10,0,Zillow ZIP-level market for Benicia; mapped with Census 2020 ZCTA 94510 in Solano County.,,1890,Zillow ZORI,
95620 Dixon,zcta,95620,Dixon,38.4049355,-121.7543792,474928,,2019-05-31,10,0,Zillow ZIP-level market for Dixon; mapped with Census 2020 ZCTA 95620 in Solano County.,,,,
94571 Rio Vista,zcta,94571,Rio Vista,38.1520707,-121.7597729,387197,,2019-05-31,10,0,Zillow ZIP-level market for Rio Vista; mapped with Census 2020 ZCTA 94571 in Solano County.,,,,
94592 Vallejo,zcta,94592,Vallejo,38.090998,-122.2854178,620619,,2019-05-31,10,0,Zillow ZIP-level market for Vallejo; mapped with Census 2020 ZCTA 94592 in Solano County.,,,,
94533 Fairfield,zcta,94533,Fairfield,38.2807448,-122.0063799,427947,1756,2019-06-30,10,0,Zillow ZIP-level market for Fairfield; mapped with Census 2020 ZCTA 94533 in Solano County.,,1756,Zillow ZORI,
95687 Vacaville,zcta,95687,Vacaville,38.3331329,-121.9201507,457285,1935,2019-06-30,10,0,Zillow ZIP-level market for Vacaville; mapped with Census 2020 ZCTA 95687 in Solano County.,,1935,Zillow ZORI,
94591 Vallejo,zcta,94591,Vallejo,38.1271913,-122.196855,467412,1753,2019-06-30,10,0,Zillow ZIP-level market for Vallejo; mapped with Census 2020 ZCTA 94591 in Solano County.,,1753,Zillow ZORI,
95688 Vacaville,zcta,95688,Vacaville,38.4213428,-122.0301235,517150,1838,2019-06-30,10,0,Zillow ZIP-level market for Vacaville; mapped with Census 2020 ZCTA 95688 in Solano County.,,1838,Zillow ZORI,
94590 Vallejo,zcta,94590,Vallejo,38.0957888,-122.2496894,404051,1616,2019-06-30,10,0,Zillow ZIP-level market for Vallejo; mapped with Census 2020 ZCTA 94590 in Solano County.,,1616,Zillow ZORI,
94534 Fairfield,zcta,94534,Fairfield,38.241946,-122.1182724,541178,2103,2019-06-30,10,0,Zillow ZIP-level market for Fairfield; mapped with Census 2020 ZCTA 94534 in Solano County.,,2103,Zillow ZORI,
94589 Vallejo,zcta,94589,Vallejo,38.1414668,-122.2468701,411248,,2019-06-30,10,0,Zillow ZIP-level market for Vallejo; mapped with Census 2020 ZCTA 94589 in Solano County.,,,,
94585 Suisun City,zcta,94585,Suisun City,38.1918321,-121.9382694,420864,,2019-06-30,10,0,Zillow ZIP-level market for Suisun City; mapped with Census 2020 ZCTA 94585 in Solano County.,,,,
94510 Benicia,zcta,94510,Benicia,38.1132046,-122.1197077,627066,1883,2019-06-30,10,0,Zillow ZIP-level market for Benicia; mapped with Census 2020 ZCTA 94510 in Solano County.,,1883,Zillow ZORI,
95620 Dixon,zcta,95620,Dixon,38.4049355,-121.7543792,475094,,2019-06-30,10,0,Zillow ZIP-level market for Dixon; mapped with Census 2020 ZCTA 95620 in Solano County.,,,,
94571 Rio Vista,zcta,94571,Rio Vista,38.1520707,-121.7597729,387279,,2019-06-30,10,0,Zillow ZIP-level market for Rio Vista; mapped with Census 2020 ZCTA 94571 in Solano County.,,,,
94592 Vallejo,zcta,94592,Vallejo,38.090998,-122.2854178,620476,,2019-06-30,10,0,Zillow ZIP-level market for Vallejo; mapped with Census 2020 ZCTA 94592 in Solano County.,,,,
94533 Fairfield,zcta,94533,Fairfield,38.2807448,-122.0063799,427111,1765,2019-07-31,10,0,Zillow ZIP-level market for Fairfield; mapped with Census 2020 ZCTA 94533 in Solano County.,,1765,Zillow ZORI,
95687 Vacaville,zcta,95687,Vacaville,38.3331329,-121.9201507,457706,1953,2019-07-31,10,0,Zillow ZIP-level market for Vacaville; mapped with Census 2020 ZCTA 95687 in Solano County.,,1953,Zillow ZORI,
94591 Vallejo,zcta,94591,Vallejo,38.1271913,-122.196855,468021,1755,2019-07-31,10,0,Zillow ZIP-level market for Vallejo; mapped with Census 2020 ZCTA 94591 in Solano County.,,1755,Zillow ZORI,
95688 Vacaville,zcta,95688,Vacaville,38.4213428,-122.0301235,517269,1852,2019-07-31,10,0,Zillow ZIP-level market for Vacaville; mapped with Census 2020 ZCTA 95688 in Solano County.,,1852,Zillow ZORI,
94590 Vallejo,zcta,94590,Vallejo,38.0957888,-122.2496894,403667,1624,2019-07-31,10,0,Zillow ZIP-level market for Vallejo; mapped with Census 2020 ZCTA 94590 in Solano County.,,1624,Zillow ZORI,
94534 Fairfield,zcta,94534,Fairfield,38.241946,-122.1182724,541222,2099,2019-07-31,10,0,Zillow ZIP-level market for Fairfield; mapped with Census 2020 ZCTA 94534 in Solano County.,,2099,Zillow ZORI,
94589 Vallejo,zcta,94589,Vallejo,38.1414668,-122.2468701,412306,,2019-07-31,10,0,Zillow ZIP-level market for Vallejo; mapped with Census 2020 ZCTA 94589 in Solano County.,,,,
94585 Suisun City,zcta,94585,Suisun City,38.1918321,-121.9382694,421243,,2019-07-31,10,0,Zillow ZIP-level market for Suisun City; mapped with Census 2020 ZCTA 94585 in Solano County.,,,,
94510 Benicia,zcta,94510,Benicia,38.1132046,-122.1197077,626984,1890,2019-07-31,10,0,Zillow ZIP-level market for Benicia; mapped with Census 2020 ZCTA 94510 in Solano County.,,1890,Zillow ZORI,
95620 Dixon,zcta,95620,Dixon,38.4049355,-121.7543792,475224,,2019-07-31,10,0,Zillow ZIP-level market for Dixon; mapped with Census 2020 ZCTA 95620 in Solano County.,,,,
94571 Rio Vista,zcta,94571,Rio Vista,38.1520707,-121.7597729,387454,,2019-07-31,10,0,Zillow ZIP-level market for Rio Vista; mapped with Census 2020 ZCTA 94571 in Solano County.,,,,
94592 Vallejo,zcta,94592,Vallejo,38.090998,-122.2854178,619972,,2019-07-31,10,0,Zillow ZIP-level market for Vallejo; mapped with Census 2020 ZCTA 94592 in Solano County.,,,,
94533 Fairfield,zcta,94533,Fairfield,38.2807448,-122.0063799,426503,1766,2019-08-31,10,0,Zillow ZIP-level market for Fairfield; mapped with Census 2020 ZCTA 94533 in Solano County.,,1766,Zillow ZORI,
95687 Vacaville,zcta,95687,Vacaville,38.3331329,-121.9201507,458210,1963,2019-08-31,10,0,Zillow ZIP-level market for Vacaville; mapped with Census 2020 ZCTA 95687 in Solano County.,,1963,Zillow ZORI,
94591 Vallejo,zcta,94591,Vallejo,38.1271913,-122.196855,468550,1782,2019-08-31,10,0,Zillow ZIP-level market for Vallejo; mapped with Census 2020 ZCTA 94591 in Solano County.,,1782,Zillow ZORI,
95688 Vacaville,zcta,95688,Vacaville,38.4213428,-122.0301235,517900,1872,2019-08-31,10,0,Zillow ZIP-level market for Vacaville; mapped with Census 2020 ZCTA 95688 in Solano County.,,1872,Zillow ZORI,
94590 Vallejo,zcta,94590,Vallejo,38.0957888,-122.2496894,403832,1616,2019-08-31,10,0,Zillow ZIP-level market for Vallejo; mapped with Census 2020 ZCTA 94590 in Solano County.,,1616,Zillow ZORI,
94534 Fairfield,zcta,94534,Fairfield,38.241946,-122.1182724,541456,2101,2019-08-31,10,0,Zillow ZIP-level market for Fairfield; mapped with Census 2020 ZCTA 94534 in Solano County.,,2101,Zillow ZORI,
94589 Vallejo,zcta,94589,Vallejo,38.1414668,-122.2468701,413237,,2019-08-31,10,0,Zillow ZIP-level market for Vallejo; mapped with Census 2020 ZCTA 94589 in Solano County.,,,,
94585 Suisun City,zcta,94585,Suisun City,38.1918321,-121.9382694,422330,,2019-08-31,10,0,Zillow ZIP-level market for Suisun City; mapped with Census 2020 ZCTA 94585 in Solano County.,,,,
94510 Benicia,zcta,94510,Benicia,38.1132046,-122.1197077,626660,1899,2019-08-31,10,0,Zillow ZIP-level market for Benicia; mapped with Census 2020 ZCTA 94510 in Solano County.,,1899,Zillow ZORI,
95620 Dixon,zcta,95620,Dixon,38.4049355,-121.7543792,475826,,2019-08-31,10,0,Zillow ZIP-level market for Dixon; mapped with Census 2020 ZCTA 95620 in Solano County.,,,,
94571 Rio Vista,zcta,94571,Rio Vista,38.1520707,-121.7597729,387808,,2019-08-31,10,0,Zillow ZIP-level market for Rio Vista; mapped with Census 2020 ZCTA 94571 in Solano County.,,,,
94592 Vallejo,zcta,94592,Vallejo,38.090998,-122.2854178,619451,,2019-08-31,10,0,Zillow ZIP-level market for Vallejo; mapped with Census 2020 ZCTA 94592 in Solano County.,,,,
94533 Fairfield,zcta,94533,Fairfield,38.2807448,-122.0063799,426841,1768,2019-09-30,10,0,Zillow ZIP-level market for Fairfield; mapped with Census 2020 ZCTA 94533 in Solano County.,,1768,Zillow ZORI,
95687 Vacaville,zcta,95687,Vacaville,38.3331329,-121.9201507,458795,1965,2019-09-30,10,0,Zillow ZIP-level market for Vacaville; mapped with Census 2020 ZCTA 95687 in Solano County.,,1965,Zillow ZORI,
94591 Vallejo,zcta,94591,Vallejo,38.1271913,-122.196855,469071,1786,2019-09-30,10,0,Zillow ZIP-level market for Vallejo; mapped with Census 2020 ZCTA 94591 in Solano County.,,1786,Zillow ZORI,
95688 Vacaville,zcta,95688,Vacaville,38.4213428,-122.0301235,518690,1856,2019-09-30,10,0,Zillow ZIP-level market for Vacaville; mapped with Census 2020 ZCTA 95688 in Solano County.,,1856,Zillow ZORI,
94590 Vallejo,zcta,94590,Vallejo,38.0957888,-122.2496894,404672,1597,2019-09-30,10,0,Zillow ZIP-level market for Vallejo; mapped with Census 2020 ZCTA 94590 in Solano County.,,1597,Zillow ZORI,
94534 Fairfield,zcta,94534,Fairfield,38.241946,-122.1182724,541676,2106,2019-09-30,10,0,Zillow ZIP-level market for Fairfield; mapped with Census 2020 ZCTA 94534 in Solano County.,,2106,Zillow ZORI,
94589 Vallejo,zcta,94589,Vallejo,38.1414668,-122.2468701,414292,,2019-09-30,10,0,Zillow ZIP-level market for Vallejo; mapped with Census 2020 ZCTA 94589 in Solano County.,,,,
94585 Suisun City,zcta,94585,Suisun City,38.1918321,-121.9382694,423466,,2019-09-30,10,0,Zillow ZIP-level market for Suisun City; mapped with Census 2020 ZCTA 94585 in Solano County.,,,,
94510 Benicia,zcta,94510,Benicia,38.1132046,-122.1197077,625505,1921,2019-09-30,10,0,Zillow ZIP-level market for Benicia; mapped with Census 2020 ZCTA 94510 in Solano County.,,1921,Zillow ZORI,
95620 Dixon,zcta,95620,Dixon,38.4049355,-121.7543792,476505,,2019-09-30,10,0,Zillow ZIP-level market for Dixon; mapped with Census 2020 ZCTA 95620 in Solano County.,,,,
94571 Rio Vista,zcta,94571,Rio Vista,38.1520707,-121.7597729,388151,,2019-09-30,10,0,Zillow ZIP-level market for Rio Vista; mapped with Census 2020 ZCTA 94571 in Solano County.,,,,
94592 Vallejo,zcta,94592,Vallejo,38.090998,-122.2854178,619395,,2019-09-30,10,0,Zillow ZIP-level market for Vallejo; mapped with Census 2020 ZCTA 94592 in Solano County.,,,,
94533 Fairfield,zcta,94533,Fairfield,38.2807448,-122.0063799,427946,1772,2019-10-31,10,0,Zillow ZIP-level market for Fairfield; mapped with Census 2020 ZCTA 94533 in Solano County.,,1772,Zillow ZORI,
95687 Vacaville,zcta,95687,Vacaville,38.3331329,-121.9201507,459753,1968,2019-10-31,10,0,Zillow ZIP-level market for Vacaville; mapped with Census 2020 ZCTA 95687 in Solano County.,,1968,Zillow ZORI,
94591 Vallejo,zcta,94591,Vallejo,38.1271913,-122.196855,469717,1806,2019-10-31,10,0,Zillow ZIP-level market for Vallejo; mapped with Census 2020 ZCTA 94591 in Solano County.,,1806,Zillow ZORI,
95688 Vacaville,zcta,95688,Vacaville,38.4213428,-122.0301235,520026,1856,2019-10-31,10,0,Zillow ZIP-level market for Vacaville; mapped with Census 2020 ZCTA 95688 in Solano County.,,1856,Zillow ZORI,
94590 Vallejo,zcta,94590,Vallejo,38.0957888,-122.2496894,405639,1628,2019-10-31,10,0,Zillow ZIP-level market for Vallejo; mapped with Census 2020 ZCTA 94590 in Solano County.,,1628,Zillow ZORI,
94534 Fairfield,zcta,94534,Fairfield,38.241946,-122.1182724,542228,2119,2019-10-31,10,0,Zillow ZIP-level market for Fairfield; mapped with Census 2020 ZCTA 94534 in Solano County.,,2119,Zillow ZORI,
94589 Vallejo,zcta,94589,Vallejo,38.1414668,-122.2468701,415142,,2019-10-31,10,0,Zillow ZIP-level market for Vallejo; mapped with Census 2020 ZCTA 94589 in Solano County.,,,,
94585 Suisun City,zcta,94585,Suisun City,38.1918321,-121.9382694,424792,,2019-10-31,10,0,Zillow ZIP-level market for Suisun City; mapped with Census 2020 ZCTA 94585 in Solano County.,,,,
94510 Benicia,zcta,94510,Benicia,38.1132046,-122.1197077,625078,1917,2019-10-31,10,0,Zillow ZIP-level market for Benicia; mapped with Census 2020 ZCTA 94510 in Solano County.,,1917,Zillow ZORI,
95620 Dixon,zcta,95620,Dixon,38.4049355,-121.7543792,477364,,2019-10-31,10,0,Zillow ZIP-level market for Dixon; mapped with Census 2020 ZCTA 95620 in Solano County.,,,,
94571 Rio Vista,zcta,94571,Rio Vista,38.1520707,-121.7597729,388783,,2019-10-31,10,0,Zillow ZIP-level market for Rio Vista; mapped with Census 2020 ZCTA 94571 in Solano County.,,,,
94592 Vallejo,zcta,94592,Vallejo,38.090998,-122.2854178,620839,,2019-10-31,10,0,Zillow ZIP-level market for Vallejo; mapped with Census 2020 ZCTA 94592 in Solano County.,,,,
94533 Fairfield,zcta,94533,Fairfield,38.2807448,-122.0063799,429882,1776,2019-11-30,10,0,Zillow ZIP-level market for Fairfield; mapped with Census 2020 ZCTA 94533 in Solano County.,,1776,Zillow ZORI,
95687 Vacaville,zcta,95687,Vacaville,38.3331329,-121.9201507,461300,1976,2019-11-30,10,0,Zillow ZIP-level market for Vacaville; mapped with Census 2020 ZCTA 95687 in Solano County.,,1976,Zillow ZORI,
94591 Vallejo,zcta,94591,Vallejo,38.1271913,-122.196855,471541,1800,2019-11-30,10,0,Zillow ZIP-level market for Vallejo; mapped with Census 2020 ZCTA 94591 in Solano County.,,1800,Zillow ZORI,
95688 Vacaville,zcta,95688,Vacaville,38.4213428,-122.0301235,521741,1843,2019-11-30,10,0,Zillow ZIP-level market for Vacaville; mapped with Census 2020 ZCTA 95688 in Solano County.,,1843,Zillow ZORI,
94590 Vallejo,zcta,94590,Vallejo,38.0957888,-122.2496894,407698,1642,2019-11-30,10,0,Zillow ZIP-level market for Vallejo; mapped with Census 2020 ZCTA 94590 in Solano County.,,1642,Zillow ZORI,
94534 Fairfield,zcta,94534,Fairfield,38.241946,-122.1182724,543647,2090,2019-11-30,10,0,Zillow ZIP-level market for Fairfield; mapped with Census 2020 ZCTA 94534 in Solano County.,,2090,Zillow ZORI,
94589 Vallejo,zcta,94589,Vallejo,38.1414668,-122.2468701,416973,,2019-11-30,10,0,Zillow ZIP-level market for Vallejo; mapped with Census 2020 ZCTA 94589 in Solano County.,,,,
94585 Suisun City,zcta,94585,Suisun City,38.1918321,-121.9382694,426281,,2019-11-30,10,0,Zillow ZIP-level market for Suisun City; mapped with Census 2020 ZCTA 94585 in Solano County.,,,,
94510 Benicia,zcta,94510,Benicia,38.1132046,-122.1197077,625617,1908,2019-11-30,10,0,Zillow ZIP-level market for Benicia; mapped with Census 2020 ZCTA 94510 in Solano County.,,1908,Zillow ZORI,
95620 Dixon,zcta,95620,Dixon,38.4049355,-121.7543792,478469,,2019-11-30,10,0,Zillow ZIP-level market for Dixon; mapped with Census 2020 ZCTA 95620 in Solano County.,,,,
94571 Rio Vista,zcta,94571,Rio Vista,38.1520707,-121.7597729,389596,,2019-11-30,10,0,Zillow ZIP-level market for Rio Vista; mapped with Census 2020 ZCTA 94571 in Solano County.,,,,
94592 Vallejo,zcta,94592,Vallejo,38.090998,-122.2854178,622631,,2019-11-30,10,0,Zillow ZIP-level market for Vallejo; mapped with Census 2020 ZCTA 94592 in Solano County.,,,,
94533 Fairfield,zcta,94533,Fairfield,38.2807448,-122.0063799,431572,1795,2019-12-31,10,0,Zillow ZIP-level market for Fairfield; mapped with Census 2020 ZCTA 94533 in Solano County.,,1795,Zillow ZORI,
95687 Vacaville,zcta,95687,Vacaville,38.3331329,-121.9201507,463147,1980,2019-12-31,10,0,Zillow ZIP-level market for Vacaville; mapped with Census 2020 ZCTA 95687 in Solano County.,,1980,Zillow ZORI,
94591 Vallejo,zcta,94591,Vallejo,38.1271913,-122.196855,473485,1800,2019-12-31,10,0,Zillow ZIP-level market for Vallejo; mapped with Census 2020 ZCTA 94591 in Solano County.,,1800,Zillow ZORI,
95688 Vacaville,zcta,95688,Vacaville,38.4213428,-122.0301235,523773,1858,2019-12-31,10,0,Zillow ZIP-level market for Vacaville; mapped with Census 2020 ZCTA 95688 in Solano County.,,1858,Zillow ZORI,
94590 Vallejo,zcta,94590,Vallejo,38.0957888,-122.2496894,408873,1667,2019-12-31,10,0,Zillow ZIP-level market for Vallejo; mapped with Census 2020 ZCTA 94590 in Solano County.,,1667,Zillow ZORI,
94534 Fairfield,zcta,94534,Fairfield,38.241946,-122.1182724,545632,2057,2019-12-31,10,0,Zillow ZIP-level market for Fairfield; mapped with Census 2020 ZCTA 94534 in Solano County.,,2057,Zillow ZORI,
94589 Vallejo,zcta,94589,Vallejo,38.1414668,-122.2468701,418550,,2019-12-31,10,0,Zillow ZIP-level market for Vallejo; mapped with Census 2020 ZCTA 94589 in Solano County.,,,,
94585 Suisun City,zcta,94585,Suisun City,38.1918321,-121.9382694,428108,,2019-12-31,10,0,Zillow ZIP-level market for Suisun City; mapped with Census 2020 ZCTA 94585 in Solano County.,,,,
94510 Benicia,zcta,94510,Benicia,38.1132046,-122.1197077,626227,1913,2019-12-31,10,0,Zillow ZIP-level market for Benicia; mapped with Census 2020 ZCTA 94510 in Solano County.,,1913,Zillow ZORI,
95620 Dixon,zcta,95620,Dixon,38.4049355,-121.7543792,480087,,2019-12-31,10,0,Zillow ZIP-level market for Dixon; mapped with Census 2020 ZCTA 95620 in Solano County.,,,,
94571 Rio Vista,zcta,94571,Rio Vista,38.1520707,-121.7597729,390765,,2019-12-31,10,0,Zillow ZIP-level market for Rio Vista; mapped with Census 2020 ZCTA 94571 in Solano County.,,,,
94592 Vallejo,zcta,94592,Vallejo,38.090998,-122.2854178,625510,,2019-12-31,10,0,Zillow ZIP-level market for Vallejo; mapped with Census 2020 ZCTA 94592 in Solano County.,,,,
94533 Fairfield,zcta,94533,Fairfield,38.2807448,-122.0063799,433504,1798,2020-01-31,10,0,Zillow ZIP-level market for Fairfield; mapped with Census 2020 ZCTA 94533 in Solano County.,,1798,Zillow ZORI,
95687 Vacaville,zcta,95687,Vacaville,38.3331329,-121.9201507,465330,1974,2020-01-31,10,0,Zillow ZIP-level market for Vacaville; mapped with Census 2020 ZCTA 95687 in Solano County.,,1974,Zillow ZORI,
94591 Vallejo,zcta,94591,Vallejo,38.1271913,-122.196855,475843,1795,2020-01-31,10,0,Zillow ZIP-level market for Vallejo; mapped with Census 2020 ZCTA 94591 in Solano County.,,1795,Zillow ZORI,
95688 Vacaville,zcta,95688,Vacaville,38.4213428,-122.0301235,525704,1864,2020-01-31,10,0,Zillow ZIP-level market for Vacaville; mapped with Census 2020 ZCTA 95688 in Solano County.,,1864,Zillow ZORI,
94590 Vallejo,zcta,94590,Vallejo,38.0957888,-122.2496894,410063,1656,2020-01-31,10,0,Zillow ZIP-level market for Vallejo; mapped with Census 2020 ZCTA 94590 in Solano County.,,1656,Zillow ZORI,
94534 Fairfield,zcta,94534,Fairfield,38.241946,-122.1182724,548104,2044,2020-01-31,10,0,Zillow ZIP-level market for Fairfield; mapped with Census 2020 ZCTA 94534 in Solano County.,,2044,Zillow ZORI,
94589 Vallejo,zcta,94589,Vallejo,38.1414668,-122.2468701,420543,,2020-01-31,10,0,Zillow ZIP-level market for Vallejo; mapped with Census 2020 ZCTA 94589 in Solano County.,,,,
94585 Suisun City,zcta,94585,Suisun City,38.1918321,-121.9382694,430504,,2020-01-31,10,0,Zillow ZIP-level market for Suisun City; mapped with Census 2020 ZCTA 94585 in Solano County.,,,,
94510 Benicia,zcta,94510,Benicia,38.1132046,-122.1197077,626753,1927,2020-01-31,10,0,Zillow ZIP-level market for Benicia; mapped with Census 2020 ZCTA 94510 in Solano County.,,1927,Zillow ZORI,
95620 Dixon,zcta,95620,Dixon,38.4049355,-121.7543792,482191,,2020-01-31,10,0,Zillow ZIP-level market for Dixon; mapped with Census 2020 ZCTA 95620 in Solano County.,,,,
94571 Rio Vista,zcta,94571,Rio Vista,38.1520707,-121.7597729,392223,,2020-01-31,10,0,Zillow ZIP-level market for Rio Vista; mapped with Census 2020 ZCTA 94571 in Solano County.,,,,
94592 Vallejo,zcta,94592,Vallejo,38.090998,-122.2854178,628380,,2020-01-31,10,0,Zillow ZIP-level market for Vallejo; mapped with Census 2020 ZCTA 94592 in Solano County.,,,,
94533 Fairfield,zcta,94533,Fairfield,38.2807448,-122.0063799,435445,1806,2020-02-29,10,0,Zillow ZIP-level market for Fairfield; mapped with Census 2020 ZCTA 94533 in Solano County.,,1806,Zillow ZORI,
95687 Vacaville,zcta,95687,Vacaville,38.3331329,-121.9201507,467797,1978,2020-02-29,10,0,Zillow ZIP-level market for Vacaville; mapped with Census 2020 ZCTA 95687 in Solano County.,,1978,Zillow ZORI,
94591 Vallejo,zcta,94591,Vallejo,38.1271913,-122.196855,478466,1825,2020-02-29,10,0,Zillow ZIP-level market for Vallejo; mapped with Census 2020 ZCTA 94591 in Solano County.,,1825,Zillow ZORI,
95688 Vacaville,zcta,95688,Vacaville,38.4213428,-122.0301235,528227,1887,2020-02-29,10,0,Zillow ZIP-level market for Vacaville; mapped with Census 2020 ZCTA 95688 in Solano County.,,1887,Zillow ZORI,
94590 Vallejo,zcta,94590,Vallejo,38.0957888,-122.2496894,410638,1655,2020-02-29,10,0,Zillow ZIP-level market for Vallejo; mapped with Census 2020 ZCTA 94590 in Solano County.,,1655,Zillow ZORI,
94534 Fairfield,zcta,94534,Fairfield,38.241946,-122.1182724,550676,2087,2020-02-29,10,0,Zillow ZIP-level market for Fairfield; mapped with Census 2020 ZCTA 94534 in Solano County.,,2087,Zillow ZORI,
94589 Vallejo,zcta,94589,Vallejo,38.1414668,-122.2468701,422406,,2020-02-29,10,0,Zillow ZIP-level market for Vallejo; mapped with Census 2020 ZCTA 94589 in Solano County.,,,,
94585 Suisun City,zcta,94585,Suisun City,38.1918321,-121.9382694,433081,,2020-02-29,10,0,Zillow ZIP-level market for Suisun City; mapped with Census 2020 ZCTA 94585 in Solano County.,,,,
94510 Benicia,zcta,94510,Benicia,38.1132046,-122.1197077,628084,1955,2020-02-29,10,0,Zillow ZIP-level market for Benicia; mapped with Census 2020 ZCTA 94510 in Solano County.,,1955,Zillow ZORI,
95620 Dixon,zcta,95620,Dixon,38.4049355,-121.7543792,485026,,2020-02-29,10,0,Zillow ZIP-level market for Dixon; mapped with Census 2020 ZCTA 95620 in Solano County.,,,,
94571 Rio Vista,zcta,94571,Rio Vista,38.1520707,-121.7597729,393736,,2020-02-29,10,0,Zillow ZIP-level market for Rio Vista; mapped with Census 2020 ZCTA 94571 in Solano County.,,,,
94592 Vallejo,zcta,94592,Vallejo,38.090998,-122.2854178,630987,,2020-02-29,10,0,Zillow ZIP-level market for Vallejo; mapped with Census 2020 ZCTA 94592 in Solano County.,,,,
94533 Fairfield,zcta,94533,Fairfield,38.2807448,-122.0063799,437897,1807,2020-03-31,10,0,Zillow ZIP-level market for Fairfield; mapped with Census 2020 ZCTA 94533 in Solano County.,,1807,Zillow ZORI,
95687 Vacaville,zcta,95687,Vacaville,38.3331329,-121.9201507,470632,1980,2020-03-31,10,0,Zillow ZIP-level market for Vacaville; mapped with Census 2020 ZCTA 95687 in Solano County.,,1980,Zillow ZORI,
94591 Vallejo,zcta,94591,Vallejo,38.1271913,-122.196855,482125,1837,2020-03-31,10,0,Zillow ZIP-level market for Vallejo; mapped with Census 2020 ZCTA 94591 in Solano County.,,1837,Zillow ZORI,
95688 Vacaville,zcta,95688,Vacaville,38.4213428,-122.0301235,531325,1874,2020-03-31,10,0,Zillow ZIP-level market for Vacaville; mapped with Census 2020 ZCTA 95688 in Solano County.,,1874,Zillow ZORI,
94590 Vallejo,zcta,94590,Vallejo,38.0957888,-122.2496894,412596,1649,2020-03-31,10,0,Zillow ZIP-level market for Vallejo; mapped with Census 2020 ZCTA 94590 in Solano County.,,1649,Zillow ZORI,
94534 Fairfield,zcta,94534,Fairfield,38.241946,-122.1182724,553512,2137,2020-03-31,10,0,Zillow ZIP-level market for Fairfield; mapped with Census 2020 ZCTA 94534 in Solano County.,,2137,Zillow ZORI,
94589 Vallejo,zcta,94589,Vallejo,38.1414668,-122.2468701,425133,,2020-03-31,10,0,Zillow ZIP-level market for Vallejo; mapped with Census 2020 ZCTA 94589 in Solano County.,,,,
94585 Suisun City,zcta,94585,Suisun City,38.1918321,-121.9382694,435639,,2020-03-31,10,0,Zillow ZIP-level market for Suisun City; mapped with Census 2020 ZCTA 94585 in Solano County.,,,,
94510 Benicia,zcta,94510,Benicia,38.1132046,-122.1197077,631371,1945,2020-03-31,10,0,Zillow ZIP-level market for Benicia; mapped with Census 2020 ZCTA 94510 in Solano County.,,1945,Zillow ZORI,
95620 Dixon,zcta,95620,Dixon,38.4049355,-121.7543792,487985,,2020-03-31,10,0,Zillow ZIP-level market for Dixon; mapped with Census 2020 ZCTA 95620 in Solano County.,,,,
94571 Rio Vista,zcta,94571,Rio Vista,38.1520707,-121.7597729,395346,,2020-03-31,10,0,Zillow ZIP-level market for Rio Vista; mapped with Census 2020 ZCTA 94571 in Solano County.,,,,
94592 Vallejo,zcta,94592,Vallejo,38.090998,-122.2854178,633597,,2020-03-31,10,0,Zillow ZIP-level market for Vallejo; mapped with Census 2020 ZCTA 94592 in Solano County.,,,,
94533 Fairfield,zcta,94533,Fairfield,38.2807448,-122.0063799,439856,1795,2020-04-30,10,0,Zillow ZIP-level market for Fairfield; mapped with Census 2020 ZCTA 94533 in Solano County.,,1795,Zillow ZORI,
95687 Vacaville,zcta,95687,Vacaville,38.3331329,-121.9201507,473296,1979,2020-04-30,10,0,Zillow ZIP-level market for Vacaville; mapped with Census 2020 ZCTA 95687 in Solano County.,,1979,Zillow ZORI,
94591 Vallejo,zcta,94591,Vallejo,38.1271913,-122.196855,485855,1831,2020-04-30,10,0,Zillow ZIP-level market for Vallejo; mapped with Census 2020 ZCTA 94591 in Solano County.,,1831,Zillow ZORI,
95688 Vacaville,zcta,95688,Vacaville,38.4213428,-122.0301235,534638,1869,2020-04-30,10,0,Zillow ZIP-level market for Vacaville; mapped with Census 2020 ZCTA 95688 in Solano County.,,1869,Zillow ZORI,
94590 Vallejo,zcta,94590,Vallejo,38.0957888,-122.2496894,414885,1629,2020-04-30,10,0,Zillow ZIP-level market for Vallejo; mapped with Census 2020 ZCTA 94590 in Solano County.,,1629,Zillow ZORI,
94534 Fairfield,zcta,94534,Fairfield,38.241946,-122.1182724,555891,2148,2020-04-30,10,0,Zillow ZIP-level market for Fairfield; mapped with Census 2020 ZCTA 94534 in Solano County.,,2148,Zillow ZORI,
94589 Vallejo,zcta,94589,Vallejo,38.1414668,-122.2468701,428121,,2020-04-30,10,0,Zillow ZIP-level market for Vallejo; mapped with Census 2020 ZCTA 94589 in Solano County.,,,,
94585 Suisun City,zcta,94585,Suisun City,38.1918321,-121.9382694,437931,,2020-04-30,10,0,Zillow ZIP-level market for Suisun City; mapped with Census 2020 ZCTA 94585 in Solano County.,,,,
94510 Benicia,zcta,94510,Benicia,38.1132046,-122.1197077,634605,1952,2020-04-30,10,0,Zillow ZIP-level market for Benicia; mapped with Census 2020 ZCTA 94510 in Solano County.,,1952,Zillow ZORI,
95620 Dixon,zcta,95620,Dixon,38.4049355,-121.7543792,490774,,2020-04-30,10,0,Zillow ZIP-level market for Dixon; mapped with Census 2020 ZCTA 95620 in Solano County.,,,,
94571 Rio Vista,zcta,94571,Rio Vista,38.1520707,-121.7597729,396632,,2020-04-30,10,0,Zillow ZIP-level market for Rio Vista; mapped with Census 2020 ZCTA 94571 in Solano County.,,,,
94592 Vallejo,zcta,94592,Vallejo,38.090998,-122.2854178,635069,,2020-04-30,10,0,Zillow ZIP-level market for Vallejo; mapped with Census 2020 ZCTA 94592 in Solano County.,,,,
94533 Fairfield,zcta,94533,Fairfield,38.2807448,-122.0063799,440580,1796,2020-05-31,10,0,Zillow ZIP-level market for Fairfield; mapped with Census 2020 ZCTA 94533 in Solano County.,,1796,Zillow ZORI,
95687 Vacaville,zcta,95687,Vacaville,38.3331329,-121.9201507,474705,1963,2020-05-31,10,0,Zillow ZIP-level market for Vacaville; mapped with Census 2020 ZCTA 95687 in Solano County.,,1963,Zillow ZORI,
94591 Vallejo,zcta,94591,Vallejo,38.1271913,-122.196855,487999,1819,2020-05-31,10,0,Zillow ZIP-level market for Vallejo; mapped with Census 2020 ZCTA 94591 in Solano County.,,1819,Zillow ZORI,
95688 Vacaville,zcta,95688,Vacaville,38.4213428,-122.0301235,536371,1884,2020-05-31,10,0,Zillow ZIP-level market for Vacaville; mapped with Census 2020 ZCTA 95688 in Solano County.,,1884,Zillow ZORI,
94590 Vallejo,zcta,94590,Vallejo,38.0957888,-122.2496894,415930,1633,2020-05-31,10,0,Zillow ZIP-level market for Vallejo; mapped with Census 2020 ZCTA 94590 in Solano County.,,1633,Zillow ZORI,
94534 Fairfield,zcta,94534,Fairfield,38.241946,-122.1182724,556477,2112,2020-05-31,10,0,Zillow ZIP-level market for Fairfield; mapped with Census 2020 ZCTA 94534 in Solano County.,,2112,Zillow ZORI,
94589 Vallejo,zcta,94589,Vallejo,38.1414668,-122.2468701,430087,,2020-05-31,10,0,Zillow ZIP-level market for Vallejo; mapped with Census 2020 ZCTA 94589 in Solano County.,,,,
94585 Suisun City,zcta,94585,Suisun City,38.1918321,-121.9382694,438852,,2020-05-31,10,0,Zillow ZIP-level market for Suisun City; mapped with Census 2020 ZCTA 94585 in Solano County.,,,,
94510 Benicia,zcta,94510,Benicia,38.1132046,-122.1197077,635590,1909,2020-05-31,10,0,Zillow ZIP-level market for Benicia; mapped with Census 2020 ZCTA 94510 in Solano County.,,1909,Zillow ZORI,
95620 Dixon,zcta,95620,Dixon,38.4049355,-121.7543792,491665,,2020-05-31,10,0,Zillow ZIP-level market for Dixon; mapped with Census 2020 ZCTA 95620 in Solano County.,,,,
94571 Rio Vista,zcta,94571,Rio Vista,38.1520707,-121.7597729,397085,,2020-05-31,10,0,Zillow ZIP-level market for Rio Vista; mapped with Census 2020 ZCTA 94571 in Solano County.,,,,
94592 Vallejo,zcta,94592,Vallejo,38.090998,-122.2854178,635183,,2020-05-31,10,0,Zillow ZIP-level market for Vallejo; mapped with Census 2020 ZCTA 94592 in Solano County.,,,,
94533 Fairfield,zcta,94533,Fairfield,38.2807448,-122.0063799,439788,1794,2020-06-30,10,0,Zillow ZIP-level market for Fairfield; mapped with Census 2020 ZCTA 94533 in Solano County.,,1794,Zillow ZORI,
95687 Vacaville,zcta,95687,Vacaville,38.3331329,-121.9201507,474584,1957,2020-06-30,10,0,Zillow ZIP-level market for Vacaville; mapped with Census 2020 ZCTA 95687 in Solano County.,,1957,Zillow ZORI,
94591 Vallejo,zcta,94591,Vallejo,38.1271913,-122.196855,488128,1845,2020-06-30,10,0,Zillow ZIP-level market for Vallejo; mapped with Census 2020 ZCTA 94591 in Solano County.,,1845,Zillow ZORI,
95688 Vacaville,zcta,95688,Vacaville,38.4213428,-122.0301235,536230,1881,2020-06-30,10,0,Zillow ZIP-level market for Vacaville; mapped with Census 2020 ZCTA 95688 in Solano County.,,1881,Zillow ZORI,
94590 Vallejo,zcta,94590,Vallejo,38.0957888,-122.2496894,415044,1616,2020-06-30,10,0,Zillow ZIP-level market for Vallejo; mapped with Census 2020 ZCTA 94590 in Solano County.,,1616,Zillow ZORI,
94534 Fairfield,zcta,94534,Fairfield,38.241946,-122.1182724,555692,2115,2020-06-30,10,0,Zillow ZIP-level market for Fairfield; mapped with Census 2020 ZCTA 94534 in Solano County.,,2115,Zillow ZORI,
94589 Vallejo,zcta,94589,Vallejo,38.1414668,-122.2468701,430563,,2020-06-30,10,0,Zillow ZIP-level market for Vallejo; mapped with Census 2020 ZCTA 94589 in Solano County.,,,,
94585 Suisun City,zcta,94585,Suisun City,38.1918321,-121.9382694,438609,,2020-06-30,10,0,Zillow ZIP-level market for Suisun City; mapped with Census 2020 ZCTA 94585 in Solano County.,,,,
94510 Benicia,zcta,94510,Benicia,38.1132046,-122.1197077,634000,1910,2020-06-30,10,0,Zillow ZIP-level market for Benicia; mapped with Census 2020 ZCTA 94510 in Solano County.,,1910,Zillow ZORI,
95620 Dixon,zcta,95620,Dixon,38.4049355,-121.7543792,491463,,2020-06-30,10,0,Zillow ZIP-level market for Dixon; mapped with Census 2020 ZCTA 95620 in Solano County.,,,,
94571 Rio Vista,zcta,94571,Rio Vista,38.1520707,-121.7597729,397038,,2020-06-30,10,0,Zillow ZIP-level market for Rio Vista; mapped with Census 2020 ZCTA 94571 in Solano County.,,,,
94592 Vallejo,zcta,94592,Vallejo,38.090998,-122.2854178,634475,,2020-06-30,10,0,Zillow ZIP-level market for Vallejo; mapped with Census 2020 ZCTA 94592 in Solano County.,,,,
94533 Fairfield,zcta,94533,Fairfield,38.2807448,-122.0063799,439452,1836,2020-07-31,10,0,Zillow ZIP-level market for Fairfield; mapped with Census 2020 ZCTA 94533 in Solano County.,,1836,Zillow ZORI,
95687 Vacaville,zcta,95687,Vacaville,38.3331329,-121.9201507,474211,1976,2020-07-31,10,0,Zillow ZIP-level market for Vacaville; mapped with Census 2020 ZCTA 95687 in Solano County.,,1976,Zillow ZORI,
94591 Vallejo,zcta,94591,Vallejo,38.1271913,-122.196855,488429,1862,2020-07-31,10,0,Zillow ZIP-level market for Vallejo; mapped with Census 2020 ZCTA 94591 in Solano County.,,1862,Zillow ZORI,
95688 Vacaville,zcta,95688,Vacaville,38.4213428,-122.0301235,535471,1894,2020-07-31,10,0,Zillow ZIP-level market for Vacaville; mapped with Census 2020 ZCTA 95688 in Solano County.,,1894,Zillow ZORI,
94590 Vallejo,zcta,94590,Vallejo,38.0957888,-122.2496894,414627,1631,2020-07-31,10,0,Zillow ZIP-level market for Vallejo; mapped with Census 2020 ZCTA 94590 in Solano County.,,1631,Zillow ZORI,
94534 Fairfield,zcta,94534,Fairfield,38.241946,-122.1182724,555377,2131,2020-07-31,10,0,Zillow ZIP-level market for Fairfield; mapped with Census 2020 ZCTA 94534 in Solano County.,,2131,Zillow ZORI,
94589 Vallejo,zcta,94589,Vallejo,38.1414668,-122.2468701,430586,,2020-07-31,10,0,Zillow ZIP-level market for Vallejo; mapped with Census 2020 ZCTA 94589 in Solano County.,,,,
94585 Suisun City,zcta,94585,Suisun City,38.1918321,-121.9382694,438139,,2020-07-31,10,0,Zillow ZIP-level market for Suisun City; mapped with Census 2020 ZCTA 94585 in Solano County.,,,,
94510 Benicia,zcta,94510,Benicia,38.1132046,-122.1197077,633776,1913,2020-07-31,10,0,Zillow ZIP-level market for Benicia; mapped with Census 2020 ZCTA 94510 in Solano County.,,1913,Zillow ZORI,
95620 Dixon,zcta,95620,Dixon,38.4049355,-121.7543792,490595,,2020-07-31,10,0,Zillow ZIP-level market for Dixon; mapped with Census 2020 ZCTA 95620 in Solano County.,,,,
94571 Rio Vista,zcta,94571,Rio Vista,38.1520707,-121.7597729,397146,,2020-07-31,10,0,Zillow ZIP-level market for Rio Vista; mapped with Census 2020 ZCTA 94571 in Solano County.,,,,
94592 Vallejo,zcta,94592,Vallejo,38.090998,-122.2854178,634532,,2020-07-31,10,0,Zillow ZIP-level market for Vallejo; mapped with Census 2020 ZCTA 94592 in Solano County.,,,,
94533 Fairfield,zcta,94533,Fairfield,38.2807448,-122.0063799,441463,1856,2020-08-31,10,0,Zillow ZIP-level market for Fairfield; mapped with Census 2020 ZCTA 94533 in Solano County.,,1856,Zillow ZORI,
95687 Vacaville,zcta,95687,Vacaville,38.3331329,-121.9201507,475640,2010,2020-08-31,10,0,Zillow ZIP-level market for Vacaville; mapped with Census 2020 ZCTA 95687 in Solano County.,,2010,Zillow ZORI,
94591 Vallejo,zcta,94591,Vallejo,38.1271913,-122.196855,491005,1872,2020-08-31,10,0,Zillow ZIP-level market for Vallejo; mapped with Census 2020 ZCTA 94591 in Solano County.,,1872,Zillow ZORI,
95688 Vacaville,zcta,95688,Vacaville,38.4213428,-122.0301235,537303,1913,2020-08-31,10,0,Zillow ZIP-level market for Vacaville; mapped with Census 2020 ZCTA 95688 in Solano County.,,1913,Zillow ZORI,
94590 Vallejo,zcta,94590,Vallejo,38.0957888,-122.2496894,416903,1629,2020-08-31,10,0,Zillow ZIP-level market for Vallejo; mapped with Census 2020 ZCTA 94590 in Solano County.,,1629,Zillow ZORI,
94534 Fairfield,zcta,94534,Fairfield,38.241946,-122.1182724,558038,2194,2020-08-31,10,0,Zillow ZIP-level market for Fairfield; mapped with Census 2020 ZCTA 94534 in Solano County.,,2194,Zillow ZORI,
94589 Vallejo,zcta,94589,Vallejo,38.1414668,-122.2468701,432224,,2020-08-31,10,0,Zillow ZIP-level market for Vallejo; mapped with Census 2020 ZCTA 94589 in Solano County.,,,,
94585 Suisun City,zcta,94585,Suisun City,38.1918321,-121.9382694,439584,,2020-08-31,10,0,Zillow ZIP-level market for Suisun City; mapped with Census 2020 ZCTA 94585 in Solano County.,,,,
94510 Benicia,zcta,94510,Benicia,38.1132046,-122.1197077,638141,1962,2020-08-31,10,0,Zillow ZIP-level market for Benicia; mapped with Census 2020 ZCTA 94510 in Solano County.,,1962,Zillow ZORI,
95620 Dixon,zcta,95620,Dixon,38.4049355,-121.7543792,491300,,2020-08-31,10,0,Zillow ZIP-level market for Dixon; mapped with Census 2020 ZCTA 95620 in Solano County.,,,,
94571 Rio Vista,zcta,94571,Rio Vista,38.1520707,-121.7597729,398394,,2020-08-31,10,0,Zillow ZIP-level market for Rio Vista; mapped with Census 2020 ZCTA 94571 in Solano County.,,,,
94592 Vallejo,zcta,94592,Vallejo,38.090998,-122.2854178,637604,,2020-08-31,10,0,Zillow ZIP-level market for Vallejo; mapped with Census 2020 ZCTA 94592 in Solano County.,,,,
94533 Fairfield,zcta,94533,Fairfield,38.2807448,-122.0063799,446908,1871,2020-09-30,10,0,Zillow ZIP-level market for Fairfield; mapped with Census 2020 ZCTA 94533 in Solano County.,,1871,Zillow ZORI,
95687 Vacaville,zcta,95687,Vacaville,38.3331329,-121.9201507,480102,2060,2020-09-30,10,0,Zillow ZIP-level market for Vacaville; mapped with Census 2020 ZCTA 95687 in Solano County.,,2060,Zillow ZORI,
94591 Vallejo,zcta,94591,Vallejo,38.1271913,-122.196855,497290,1874,2020-09-30,10,0,Zillow ZIP-level market for Vallejo; mapped with Census 2020 ZCTA 94591 in Solano County.,,1874,Zillow ZORI,
95688 Vacaville,zcta,95688,Vacaville,38.4213428,-122.0301235,542940,1957,2020-09-30,10,0,Zillow ZIP-level market for Vacaville; mapped with Census 2020 ZCTA 95688 in Solano County.,,1957,Zillow ZORI,
94590 Vallejo,zcta,94590,Vallejo,38.0957888,-122.2496894,423008,1671,2020-09-30,10,0,Zillow ZIP-level market for Vallejo; mapped with Census 2020 ZCTA 94590 in Solano County.,,1671,Zillow ZORI,
94534 Fairfield,zcta,94534,Fairfield,38.241946,-122.1182724,564300,2233,2020-09-30,10,0,Zillow ZIP-level market for Fairfield; mapped with Census 2020 ZCTA 94534 in Solano County.,,2233,Zillow ZORI,
94589 Vallejo,zcta,94589,Vallejo,38.1414668,-122.2468701,436732,,2020-09-30,10,0,Zillow ZIP-level market for Vallejo; mapped with Census 2020 ZCTA 94589 in Solano County.,,,,
94585 Suisun City,zcta,94585,Suisun City,38.1918321,-121.9382694,443748,,2020-09-30,10,0,Zillow ZIP-level market for Suisun City; mapped with Census 2020 ZCTA 94585 in Solano County.,,,,
94510 Benicia,zcta,94510,Benicia,38.1132046,-122.1197077,648398,1986,2020-09-30,10,0,Zillow ZIP-level market for Benicia; mapped with Census 2020 ZCTA 94510 in Solano County.,,1986,Zillow ZORI,
95620 Dixon,zcta,95620,Dixon,38.4049355,-121.7543792,494852,,2020-09-30,10,0,Zillow ZIP-level market for Dixon; mapped with Census 2020 ZCTA 95620 in Solano County.,,,,
94571 Rio Vista,zcta,94571,Rio Vista,38.1520707,-121.7597729,401369,,2020-09-30,10,0,Zillow ZIP-level market for Rio Vista; mapped with Census 2020 ZCTA 94571 in Solano County.,,,,
94592 Vallejo,zcta,94592,Vallejo,38.090998,-122.2854178,643712,,2020-09-30,10,0,Zillow ZIP-level market for Vallejo; mapped with Census 2020 ZCTA 94592 in Solano County.,,,,
94533 Fairfield,zcta,94533,Fairfield,38.2807448,-122.0063799,453845,1875,2020-10-31,10,0,Zillow ZIP-level market for Fairfield; mapped with Census 2020 ZCTA 94533 in Solano County.,,1875,Zillow ZORI,
95687 Vacaville,zcta,95687,Vacaville,38.3331329,-121.9201507,486278,2075,2020-10-31,10,0,Zillow ZIP-level market for Vacaville; mapped with Census 2020 ZCTA 95687 in Solano County.,,2075,Zillow ZORI,
94591 Vallejo,zcta,94591,Vallejo,38.1271913,-122.196855,504691,1891,2020-10-31,10,0,Zillow ZIP-level market for Vallejo; mapped with Census 2020 ZCTA 94591 in Solano County.,,1891,Zillow ZORI,
95688 Vacaville,zcta,95688,Vacaville,38.4213428,-122.0301235,550601,1956,2020-10-31,10,0,Zillow ZIP-level market for Vacaville; mapped with Census 2020 ZCTA 95688 in Solano County.,,1956,Zillow ZORI,
94590 Vallejo,zcta,94590,Vallejo,38.0957888,-122.2496894,429800,1695,2020-10-31,10,0,Zillow ZIP-level market for Vallejo; mapped with Census 2020 ZCTA 94590 in Solano County.,,1695,Zillow ZORI,
94534 Fairfield,zcta,94534,Fairfield,38.241946,-122.1182724,572075,2244,2020-10-31,10,0,Zillow ZIP-level market for Fairfield; mapped with Census 2020 ZCTA 94534 in Solano County.,,2244,Zillow ZORI,
94589 Vallejo,zcta,94589,Vallejo,38.1414668,-122.2468701,442644,,2020-10-31,10,0,Zillow ZIP-level market for Vallejo; mapped with Census 2020 ZCTA 94589 in Solano County.,,,,
94585 Suisun City,zcta,94585,Suisun City,38.1918321,-121.9382694,449740,,2020-10-31,10,0,Zillow ZIP-level market for Suisun City; mapped with Census 2020 ZCTA 94585 in Solano County.,,,,
94510 Benicia,zcta,94510,Benicia,38.1132046,-122.1197077,660128,1991,2020-10-31,10,0,Zillow ZIP-level market for Benicia; mapped with Census 2020 ZCTA 94510 in Solano County.,,1991,Zillow ZORI,
95620 Dixon,zcta,95620,Dixon,38.4049355,-121.7543792,500742,,2020-10-31,10,0,Zillow ZIP-level market for Dixon; mapped with Census 2020 ZCTA 95620 in Solano County.,,,,
94571 Rio Vista,zcta,94571,Rio Vista,38.1520707,-121.7597729,405550,,2020-10-31,10,0,Zillow ZIP-level market for Rio Vista; mapped with Census 2020 ZCTA 94571 in Solano County.,,,,
94592 Vallejo,zcta,94592,Vallejo,38.090998,-122.2854178,651532,,2020-10-31,10,0,Zillow ZIP-level market for Vallejo; mapped with Census 2020 ZCTA 94592 in Solano County.,,,,
94533 Fairfield,zcta,94533,Fairfield,38.2807448,-122.0063799,461515,1880,2020-11-30,10,0,Zillow ZIP-level market for Fairfield; mapped with Census 2020 ZCTA 94533 in Solano County.,,1880,Zillow ZORI,
95687 Vacaville,zcta,95687,Vacaville,38.3331329,-121.9201507,493717,2086,2020-11-30,10,0,Zillow ZIP-level market for Vacaville; mapped with Census 2020 ZCTA 95687 in Solano County.,,2086,Zillow ZORI,
94591 Vallejo,zcta,94591,Vallejo,38.1271913,-122.196855,513287,1930,2020-11-30,10,0,Zillow ZIP-level market for Vallejo; mapped with Census 2020 ZCTA 94591 in Solano County.,,1930,Zillow ZORI,
95688 Vacaville,zcta,95688,Vacaville,38.4213428,-122.0301235,559444,1953,2020-11-30,10,0,Zillow ZIP-level market for Vacaville; mapped with Census 2020 ZCTA 95688 in Solano County.,,1953,Zillow ZORI,
94590 Vallejo,zcta,94590,Vallejo,38.0957888,-122.2496894,436803,1712,2020-11-30,10,0,Zillow ZIP-level market for Vallejo; mapped with Census 2020 ZCTA 94590 in Solano County.,,1712,Zillow ZORI,
94534 Fairfield,zcta,94534,Fairfield,38.241946,-122.1182724,581064,2243,2020-11-30,10,0,Zillow ZIP-level market for Fairfield; mapped with Census 2020 ZCTA 94534 in Solano County.,,2243,Zillow ZORI,
94589 Vallejo,zcta,94589,Vallejo,38.1414668,-122.2468701,449489,,2020-11-30,10,0,Zillow ZIP-level market for Vallejo; mapped with Census 2020 ZCTA 94589 in Solano County.,,,,
94585 Suisun City,zcta,94585,Suisun City,38.1918321,-121.9382694,456666,,2020-11-30,10,0,Zillow ZIP-level market for Suisun City; mapped with Census 2020 ZCTA 94585 in Solano County.,,,,
94510 Benicia,zcta,94510,Benicia,38.1132046,-122.1197077,672195,1992,2020-11-30,10,0,Zillow ZIP-level market for Benicia; mapped with Census 2020 ZCTA 94510 in Solano County.,,1992,Zillow ZORI,
95620 Dixon,zcta,95620,Dixon,38.4049355,-121.7543792,508518,,2020-11-30,10,0,Zillow ZIP-level market for Dixon; mapped with Census 2020 ZCTA 95620 in Solano County.,,,,
94571 Rio Vista,zcta,94571,Rio Vista,38.1520707,-121.7597729,410933,,2020-11-30,10,0,Zillow ZIP-level market for Rio Vista; mapped with Census 2020 ZCTA 94571 in Solano County.,,,,
94592 Vallejo,zcta,94592,Vallejo,38.090998,-122.2854178,659920,,2020-11-30,10,0,Zillow ZIP-level market for Vallejo; mapped with Census 2020 ZCTA 94592 in Solano County.,,,,
94533 Fairfield,zcta,94533,Fairfield,38.2807448,-122.0063799,468865,1896,2020-12-31,10,0,Zillow ZIP-level market for Fairfield; mapped with Census 2020 ZCTA 94533 in Solano County.,,1896,Zillow ZORI,
95687 Vacaville,zcta,95687,Vacaville,38.3331329,-121.9201507,501241,2116,2020-12-31,10,0,Zillow ZIP-level market for Vacaville; mapped with Census 2020 ZCTA 95687 in Solano County.,,2116,Zillow ZORI,
94591 Vallejo,zcta,94591,Vallejo,38.1271913,-122.196855,521585,1931,2020-12-31,10,0,Zillow ZIP-level market for Vallejo; mapped with Census 2020 ZCTA 94591 in Solano County.,,1931,Zillow ZORI,
95688 Vacaville,zcta,95688,Vacaville,38.4213428,-122.0301235,567697,1959,2020-12-31,10,0,Zillow ZIP-level market for Vacaville; mapped with Census 2020 ZCTA 95688 in Solano County.,,1959,Zillow ZORI,
94590 Vallejo,zcta,94590,Vallejo,38.0957888,-122.2496894,443094,1706,2020-12-31,10,0,Zillow ZIP-level market for Vallejo; mapped with Census 2020 ZCTA 94590 in Solano County.,,1706,Zillow ZORI,
94534 Fairfield,zcta,94534,Fairfield,38.241946,-122.1182724,590206,2231,2020-12-31,10,0,Zillow ZIP-level market for Fairfield; mapped with Census 2020 ZCTA 94534 in Solano County.,,2231,Zillow ZORI,
94589 Vallejo,zcta,94589,Vallejo,38.1414668,-122.2468701,456291,,2020-12-31,10,0,Zillow ZIP-level market for Vallejo; mapped with Census 2020 ZCTA 94589 in Solano County.,,,,
94585 Suisun City,zcta,94585,Suisun City,38.1918321,-121.9382694,463694,,2020-12-31,10,0,Zillow ZIP-level market for Suisun City; mapped with Census 2020 ZCTA 94585 in Solano County.,,,,
94510 Benicia,zcta,94510,Benicia,38.1132046,-122.1197077,682580,1990,2020-12-31,10,0,Zillow ZIP-level market for Benicia; mapped with Census 2020 ZCTA 94510 in Solano County.,,1990,Zillow ZORI,
95620 Dixon,zcta,95620,Dixon,38.4049355,-121.7543792,516348,,2020-12-31,10,0,Zillow ZIP-level market for Dixon; mapped with Census 2020 ZCTA 95620 in Solano County.,,,,
94571 Rio Vista,zcta,94571,Rio Vista,38.1520707,-121.7597729,416393,,2020-12-31,10,0,Zillow ZIP-level market for Rio Vista; mapped with Census 2020 ZCTA 94571 in Solano County.,,,,
94592 Vallejo,zcta,94592,Vallejo,38.090998,-122.2854178,667441,,2020-12-31,10,0,Zillow ZIP-level market for Vallejo; mapped with Census 2020 ZCTA 94592 in Solano County.,,,,
94533 Fairfield,zcta,94533,Fairfield,38.2807448,-122.0063799,476301,1914,2021-01-31,10,0,Zillow ZIP-level market for Fairfield; mapped with Census 2020 ZCTA 94533 in Solano County.,,1914,Zillow ZORI,
95687 Vacaville,zcta,95687,Vacaville,38.3331329,-121.9201507,508887,2127,2021-01-31,10,0,Zillow ZIP-level market for Vacaville; mapped with Census 2020 ZCTA 95687 in Solano County.,,2127,Zillow ZORI,
94591 Vallejo,zcta,94591,Vallejo,38.1271913,-122.196855,529972,1928,2021-01-31,10,0,Zillow ZIP-level market for Vallejo; mapped with Census 2020 ZCTA 94591 in Solano County.,,1928,Zillow ZORI,
95688 Vacaville,zcta,95688,Vacaville,38.4213428,-122.0301235,575860,1998,2021-01-31,10,0,Zillow ZIP-level market for Vacaville; mapped with Census 2020 ZCTA 95688 in Solano County.,,1998,Zillow ZORI,
94590 Vallejo,zcta,94590,Vallejo,38.0957888,-122.2496894,449258,1736,2021-01-31,10,0,Zillow ZIP-level market for Vallejo; mapped with Census 2020 ZCTA 94590 in Solano County.,,1736,Zillow ZORI,
94534 Fairfield,zcta,94534,Fairfield,38.241946,-122.1182724,599643,2232,2021-01-31,10,0,Zillow ZIP-level market for Fairfield; mapped with Census 2020 ZCTA 94534 in Solano County.,,2232,Zillow ZORI,
94589 Vallejo,zcta,94589,Vallejo,38.1414668,-122.2468701,463180,,2021-01-31,10,0,Zillow ZIP-level market for Vallejo; mapped with Census 2020 ZCTA 94589 in Solano County.,,,,
94585 Suisun City,zcta,94585,Suisun City,38.1918321,-121.9382694,470801,,2021-01-31,10,0,Zillow ZIP-level market for Suisun City; mapped with Census 2020 ZCTA 94585 in Solano County.,,,,
94510 Benicia,zcta,94510,Benicia,38.1132046,-122.1197077,691658,2050,2021-01-31,10,0,Zillow ZIP-level market for Benicia; mapped with Census 2020 ZCTA 94510 in Solano County.,,2050,Zillow ZORI,
95620 Dixon,zcta,95620,Dixon,38.4049355,-121.7543792,524182,,2021-01-31,10,0,Zillow ZIP-level market for Dixon; mapped with Census 2020 ZCTA 95620 in Solano County.,,,,
94571 Rio Vista,zcta,94571,Rio Vista,38.1520707,-121.7597729,421373,,2021-01-31,10,0,Zillow ZIP-level market for Rio Vista; mapped with Census 2020 ZCTA 94571 in Solano County.,,,,
94592 Vallejo,zcta,94592,Vallejo,38.090998,-122.2854178,675566,,2021-01-31,10,0,Zillow ZIP-level market for Vallejo; mapped with Census 2020 ZCTA 94592 in Solano County.,,,,
94533 Fairfield,zcta,94533,Fairfield,38.2807448,-122.0063799,484143,1915,2021-02-28,10,0,Zillow ZIP-level market for Fairfield; mapped with Census 2020 ZCTA 94533 in Solano County.,,1915,Zillow ZORI,
95687 Vacaville,zcta,95687,Vacaville,38.3331329,-121.9201507,516782,2141,2021-02-28,10,0,Zillow ZIP-level market for Vacaville; mapped with Census 2020 ZCTA 95687 in Solano County.,,2141,Zillow ZORI,
94591 Vallejo,zcta,94591,Vallejo,38.1271913,-122.196855,538760,1890,2021-02-28,10,0,Zillow ZIP-level market for Vallejo; mapped with Census 2020 ZCTA 94591 in Solano County.,,1890,Zillow ZORI,
95688 Vacaville,zcta,95688,Vacaville,38.4213428,-122.0301235,583922,1999,2021-02-28,10,0,Zillow ZIP-level market for Vacaville; mapped with Census 2020 ZCTA 95688 in Solano County.,,1999,Zillow ZORI,
94590 Vallejo,zcta,94590,Vallejo,38.0957888,-122.2496894,456258,1725,2021-02-28,10,0,Zillow ZIP-level market for Vallejo; mapped with Census 2020 ZCTA 94590 in Solano County.,,1725,Zillow ZORI,
94534 Fairfield,zcta,94534,Fairfield,38.241946,-122.1182724,609383,2221,2021-02-28,10,0,Zillow ZIP-level market for Fairfield; mapped with Census 2020 ZCTA 94534 in Solano County.,,2221,Zillow ZORI,
94589 Vallejo,zcta,94589,Vallejo,38.1414668,-122.2468701,470437,,2021-02-28,10,0,Zillow ZIP-level market for Vallejo; mapped with Census 2020 ZCTA 94589 in Solano County.,,,,
94585 Suisun City,zcta,94585,Suisun City,38.1918321,-121.9382694,478237,,2021-02-28,10,0,Zillow ZIP-level market for Suisun City; mapped with Census 2020 ZCTA 94585 in Solano County.,,,,
94510 Benicia,zcta,94510,Benicia,38.1132046,-122.1197077,700606,2086,2021-02-28,10,0,Zillow ZIP-level market for Benicia; mapped with Census 2020 ZCTA 94510 in Solano County.,,2086,Zillow ZORI,
95620 Dixon,zcta,95620,Dixon,38.4049355,-121.7543792,532396,,2021-02-28,10,0,Zillow ZIP-level market for Dixon; mapped with Census 2020 ZCTA 95620 in Solano County.,,,,
94571 Rio Vista,zcta,94571,Rio Vista,38.1520707,-121.7597729,426048,,2021-02-28,10,0,Zillow ZIP-level market for Rio Vista; mapped with Census 2020 ZCTA 94571 in Solano County.,,,,
94592 Vallejo,zcta,94592,Vallejo,38.090998,-122.2854178,684521,,2021-02-28,10,0,Zillow ZIP-level market for Vallejo; mapped with Census 2020 ZCTA 94592 in Solano County.,,,,
94533 Fairfield,zcta,94533,Fairfield,38.2807448,-122.0063799,491962,1911,2021-03-31,10,0,Zillow ZIP-level market for Fairfield; mapped with Census 2020 ZCTA 94533 in Solano County.,,1911,Zillow ZORI,
95687 Vacaville,zcta,95687,Vacaville,38.3331329,-121.9201507,524464,2140,2021-03-31,10,0,Zillow ZIP-level market for Vacaville; mapped with Census 2020 ZCTA 95687 in Solano County.,,2140,Zillow ZORI,
94591 Vallejo,zcta,94591,Vallejo,38.1271913,-122.196855,547377,1912,2021-03-31,10,0,Zillow ZIP-level market for Vallejo; mapped with Census 2020 ZCTA 94591 in Solano County.,,1912,Zillow ZORI,
95688 Vacaville,zcta,95688,Vacaville,38.4213428,-122.0301235,592342,2009,2021-03-31,10,0,Zillow ZIP-level market for Vacaville; mapped with Census 2020 ZCTA 95688 in Solano County.,,2009,Zillow ZORI,
94590 Vallejo,zcta,94590,Vallejo,38.0957888,-122.2496894,463258,1720,2021-03-31,10,0,Zillow ZIP-level market for Vallejo; mapped with Census 2020 ZCTA 94590 in Solano County.,,1720,Zillow ZORI,
94534 Fairfield,zcta,94534,Fairfield,38.241946,-122.1182724,619427,2221,2021-03-31,10,0,Zillow ZIP-level market for Fairfield; mapped with Census 2020 ZCTA 94534 in Solano County.,,2221,Zillow ZORI,
94589 Vallejo,zcta,94589,Vallejo,38.1414668,-122.2468701,476982,,2021-03-31,10,0,Zillow ZIP-level market for Vallejo; mapped with Census 2020 ZCTA 94589 in Solano County.,,,,
94585 Suisun City,zcta,94585,Suisun City,38.1918321,-121.9382694,485247,2152,2021-03-31,10,0,Zillow ZIP-level market for Suisun City; mapped with Census 2020 ZCTA 94585 in Solano County.,,2152,Zillow ZORI,
94510 Benicia,zcta,94510,Benicia,38.1132046,-122.1197077,710220,2111,2021-03-31,10,0,Zillow ZIP-level market for Benicia; mapped with Census 2020 ZCTA 94510 in Solano County.,,2111,Zillow ZORI,
95620 Dixon,zcta,95620,Dixon,38.4049355,-121.7543792,541015,,2021-03-31,10,0,Zillow ZIP-level market for Dixon; mapped with Census 2020 ZCTA 95620 in Solano County.,,,,
94571 Rio Vista,zcta,94571,Rio Vista,38.1520707,-121.7597729,430132,,2021-03-31,10,0,Zillow ZIP-level market for Rio Vista; mapped with Census 2020 ZCTA 94571 in Solano County.,,,,
94592 Vallejo,zcta,94592,Vallejo,38.090998,-122.2854178,693765,,2021-03-31,10,0,Zillow ZIP-level market for Vallejo; mapped with Census 2020 ZCTA 94592 in Solano County.,,,,
94533 Fairfield,zcta,94533,Fairfield,38.2807448,-122.0063799,499899,1914,2021-04-30,10,0,Zillow ZIP-level market for Fairfield; mapped with Census 2020 ZCTA 94533 in Solano County.,,1914,Zillow ZORI,
95687 Vacaville,zcta,95687,Vacaville,38.3331329,-121.9201507,532713,2159,2021-04-30,10,0,Zillow ZIP-level market for Vacaville; mapped with Census 2020 ZCTA 95687 in Solano County.,,2159,Zillow ZORI,
94591 Vallejo,zcta,94591,Vallejo,38.1271913,-122.196855,556834,1928,2021-04-30,10,0,Zillow ZIP-level market for Vallejo; mapped with Census 2020 ZCTA 94591 in Solano County.,,1928,Zillow ZORI,
95688 Vacaville,zcta,95688,Vacaville,38.4213428,-122.0301235,602237,1994,2021-04-30,10,0,Zillow ZIP-level market for Vacaville; mapped with Census 2020 ZCTA 95688 in Solano County.,,1994,Zillow ZORI,
94590 Vallejo,zcta,94590,Vallejo,38.0957888,-122.2496894,470989,1688,2021-04-30,10,0,Zillow ZIP-level market for Vallejo; mapped with Census 2020 ZCTA 94590 in Solano County.,,1688,Zillow ZORI,
94534 Fairfield,zcta,94534,Fairfield,38.241946,-122.1182724,630700,2263,2021-04-30,10,0,Zillow ZIP-level market for Fairfield; mapped with Census 2020 ZCTA 94534 in Solano County.,,2263,Zillow ZORI,
94589 Vallejo,zcta,94589,Vallejo,38.1414668,-122.2468701,483783,,2021-04-30,10,0,Zillow ZIP-level market for Vallejo; mapped with Census 2020 ZCTA 94589 in Solano County.,,,,
94585 Suisun City,zcta,94585,Suisun City,38.1918321,-121.9382694,492331,2215,2021-04-30,10,0,Zillow ZIP-level market for Suisun City; mapped with Census 2020 ZCTA 94585 in Solano County.,,2215,Zillow ZORI,
94510 Benicia,zcta,94510,Benicia,38.1132046,-122.1197077,722649,2080,2021-04-30,10,0,Zillow ZIP-level market for Benicia; mapped with Census 2020 ZCTA 94510 in Solano County.,,2080,Zillow ZORI,
95620 Dixon,zcta,95620,Dixon,38.4049355,-121.7543792,550255,,2021-04-30,10,0,Zillow ZIP-level market for Dixon; mapped with Census 2020 ZCTA 95620 in Solano County.,,,,
94571 Rio Vista,zcta,94571,Rio Vista,38.1520707,-121.7597729,434893,,2021-04-30,10,0,Zillow ZIP-level market for Rio Vista; mapped with Census 2020 ZCTA 94571 in Solano County.,,,,
94592 Vallejo,zcta,94592,Vallejo,38.090998,-122.2854178,703966,,2021-04-30,10,0,Zillow ZIP-level market for Vallejo; mapped with Census 2020 ZCTA 94592 in Solano County.,,,,
94533 Fairfield,zcta,94533,Fairfield,38.2807448,-122.0063799,507990,1952,2021-05-31,10,0,Zillow ZIP-level market for Fairfield; mapped with Census 2020 ZCTA 94533 in Solano County.,,1952,Zillow ZORI,
95687 Vacaville,zcta,95687,Vacaville,38.3331329,-121.9201507,541658,2176,2021-05-31,10,0,Zillow ZIP-level market for Vacaville; mapped with Census 2020 ZCTA 95687 in Solano County.,,2176,Zillow ZORI,
94591 Vallejo,zcta,94591,Vallejo,38.1271913,-122.196855,567335,1972,2021-05-31,10,0,Zillow ZIP-level market for Vallejo; mapped with Census 2020 ZCTA 94591 in Solano County.,,1972,Zillow ZORI,
95688 Vacaville,zcta,95688,Vacaville,38.4213428,-122.0301235,613521,2025,2021-05-31,10,0,Zillow ZIP-level market for Vacaville; mapped with Census 2020 ZCTA 95688 in Solano County.,,2025,Zillow ZORI,
94590 Vallejo,zcta,94590,Vallejo,38.0957888,-122.2496894,479060,1726,2021-05-31,10,0,Zillow ZIP-level market for Vallejo; mapped with Census 2020 ZCTA 94590 in Solano County.,,1726,Zillow ZORI,
94534 Fairfield,zcta,94534,Fairfield,38.241946,-122.1182724,643657,2291,2021-05-31,10,0,Zillow ZIP-level market for Fairfield; mapped with Census 2020 ZCTA 94534 in Solano County.,,2291,Zillow ZORI,
94589 Vallejo,zcta,94589,Vallejo,38.1414668,-122.2468701,491079,,2021-05-31,10,0,Zillow ZIP-level market for Vallejo; mapped with Census 2020 ZCTA 94589 in Solano County.,,,,
94585 Suisun City,zcta,94585,Suisun City,38.1918321,-121.9382694,499738,2215,2021-05-31,10,0,Zillow ZIP-level market for Suisun City; mapped with Census 2020 ZCTA 94585 in Solano County.,,2215,Zillow ZORI,
94510 Benicia,zcta,94510,Benicia,38.1132046,-122.1197077,737573,2086,2021-05-31,10,0,Zillow ZIP-level market for Benicia; mapped with Census 2020 ZCTA 94510 in Solano County.,,2086,Zillow ZORI,
95620 Dixon,zcta,95620,Dixon,38.4049355,-121.7543792,559439,,2021-05-31,10,0,Zillow ZIP-level market for Dixon; mapped with Census 2020 ZCTA 95620 in Solano County.,,,,
94571 Rio Vista,zcta,94571,Rio Vista,38.1520707,-121.7597729,440456,,2021-05-31,10,0,Zillow ZIP-level market for Rio Vista; mapped with Census 2020 ZCTA 94571 in Solano County.,,,,
94592 Vallejo,zcta,94592,Vallejo,38.090998,-122.2854178,716057,,2021-05-31,10,0,Zillow ZIP-level market for Vallejo; mapped with Census 2020 ZCTA 94592 in Solano County.,,,,
94533 Fairfield,zcta,94533,Fairfield,38.2807448,-122.0063799,516272,1972,2021-06-30,10,0,Zillow ZIP-level market for Fairfield; mapped with Census 2020 ZCTA 94533 in Solano County.,,1972,Zillow ZORI,
95687 Vacaville,zcta,95687,Vacaville,38.3331329,-121.9201507,551434,2197,2021-06-30,10,0,Zillow ZIP-level market for Vacaville; mapped with Census 2020 ZCTA 95687 in Solano County.,,2197,Zillow ZORI,
94591 Vallejo,zcta,94591,Vallejo,38.1271913,-122.196855,579120,1965,2021-06-30,10,0,Zillow ZIP-level market for Vallejo; mapped with Census 2020 ZCTA 94591 in Solano County.,,1965,Zillow ZORI,
95688 Vacaville,zcta,95688,Vacaville,38.4213428,-122.0301235,624693,2052,2021-06-30,10,0,Zillow ZIP-level market for Vacaville; mapped with Census 2020 ZCTA 95688 in Solano County.,,2052,Zillow ZORI,
94590 Vallejo,zcta,94590,Vallejo,38.0957888,-122.2496894,487773,1757,2021-06-30,10,0,Zillow ZIP-level market for Vallejo; mapped with Census 2020 ZCTA 94590 in Solano County.,,1757,Zillow ZORI,
94534 Fairfield,zcta,94534,Fairfield,38.241946,-122.1182724,657374,2329,2021-06-30,10,0,Zillow ZIP-level market for Fairfield; mapped with Census 2020 ZCTA 94534 in Solano County.,,2329,Zillow ZORI,
94589 Vallejo,zcta,94589,Vallejo,38.1414668,-122.2468701,499564,,2021-06-30,10,0,Zillow ZIP-level market for Vallejo; mapped with Census 2020 ZCTA 94589 in Solano County.,,,,
94585 Suisun City,zcta,94585,Suisun City,38.1918321,-121.9382694,508422,2237,2021-06-30,10,0,Zillow ZIP-level market for Suisun City; mapped with Census 2020 ZCTA 94585 in Solano County.,,2237,Zillow ZORI,
94510 Benicia,zcta,94510,Benicia,38.1132046,-122.1197077,752585,2084,2021-06-30,10,0,Zillow ZIP-level market for Benicia; mapped with Census 2020 ZCTA 94510 in Solano County.,,2084,Zillow ZORI,
95620 Dixon,zcta,95620,Dixon,38.4049355,-121.7543792,568300,,2021-06-30,10,0,Zillow ZIP-level market for Dixon; mapped with Census 2020 ZCTA 95620 in Solano County.,,,,
94571 Rio Vista,zcta,94571,Rio Vista,38.1520707,-121.7597729,446891,,2021-06-30,10,0,Zillow ZIP-level market for Rio Vista; mapped with Census 2020 ZCTA 94571 in Solano County.,,,,
94592 Vallejo,zcta,94592,Vallejo,38.090998,-122.2854178,729693,,2021-06-30,10,0,Zillow ZIP-level market for Vallejo; mapped with Census 2020 ZCTA 94592 in Solano County.,,,,
94533 Fairfield,zcta,94533,Fairfield,38.2807448,-122.0063799,524450,1996,2021-07-31,10,0,Zillow ZIP-level market for Fairfield; mapped with Census 2020 ZCTA 94533 in Solano County.,,1996,Zillow ZORI,
95687 Vacaville,zcta,95687,Vacaville,38.3331329,-121.9201507,561005,2224,2021-07-31,10,0,Zillow ZIP-level market for Vacaville; mapped with Census 2020 ZCTA 95687 in Solano County.,,2224,Zillow ZORI,
94591 Vallejo,zcta,94591,Vallejo,38.1271913,-122.196855,590712,1985,2021-07-31,10,0,Zillow ZIP-level market for Vallejo; mapped with Census 2020 ZCTA 94591 in Solano County.,,1985,Zillow ZORI,
95688 Vacaville,zcta,95688,Vacaville,38.4213428,-122.0301235,634424,2115,2021-07-31,10,0,Zillow ZIP-level market for Vacaville; mapped with Census 2020 ZCTA 95688 in Solano County.,,2115,Zillow ZORI,
94590 Vallejo,zcta,94590,Vallejo,38.0957888,-122.2496894,496600,1805,2021-07-31,10,0,Zillow ZIP-level market for Vallejo; mapped with Census 2020 ZCTA 94590 in Solano County.,,1805,Zillow ZORI,
94534 Fairfield,zcta,94534,Fairfield,38.241946,-122.1182724,670500,2395,2021-07-31,10,0,Zillow ZIP-level market for Fairfield; mapped with Census 2020 ZCTA 94534 in Solano County.,,2395,Zillow ZORI,
94589 Vallejo,zcta,94589,Vallejo,38.1414668,-122.2468701,507593,,2021-07-31,10,0,Zillow ZIP-level market for Vallejo; mapped with Census 2020 ZCTA 94589 in Solano County.,,,,
94585 Suisun City,zcta,94585,Suisun City,38.1918321,-121.9382694,517485,2236,2021-07-31,10,0,Zillow ZIP-level market for Suisun City; mapped with Census 2020 ZCTA 94585 in Solano County.,,2236,Zillow ZORI,
94510 Benicia,zcta,94510,Benicia,38.1132046,-122.1197077,765641,2108,2021-07-31,10,0,Zillow ZIP-level market for Benicia; mapped with Census 2020 ZCTA 94510 in Solano County.,,2108,Zillow ZORI,
95620 Dixon,zcta,95620,Dixon,38.4049355,-121.7543792,576999,,2021-07-31,10,0,Zillow ZIP-level market for Dixon; mapped with Census 2020 ZCTA 95620 in Solano County.,,,,
94571 Rio Vista,zcta,94571,Rio Vista,38.1520707,-121.7597729,453410,,2021-07-31,10,0,Zillow ZIP-level market for Rio Vista; mapped with Census 2020 ZCTA 94571 in Solano County.,,,,
94592 Vallejo,zcta,94592,Vallejo,38.090998,-122.2854178,744874,,2021-07-31,10,0,Zillow ZIP-level market for Vallejo; mapped with Census 2020 ZCTA 94592 in Solano County.,,,,
94533 Fairfield,zcta,94533,Fairfield,38.2807448,-122.0063799,529648,2008,2021-08-31,10,0,Zillow ZIP-level market for Fairfield; mapped with Census 2020 ZCTA 94533 in Solano County.,,2008,Zillow ZORI,
95687 Vacaville,zcta,95687,Vacaville,38.3331329,-121.9201507,567376,2260,2021-08-31,10,0,Zillow ZIP-level market for Vacaville; mapped with Census 2020 ZCTA 95687 in Solano County.,,2260,Zillow ZORI,
94591 Vallejo,zcta,94591,Vallejo,38.1271913,-122.196855,597843,1969,2021-08-31,10,0,Zillow ZIP-level market for Vallejo; mapped with Census 2020 ZCTA 94591 in Solano County.,,1969,Zillow ZORI,
95688 Vacaville,zcta,95688,Vacaville,38.4213428,-122.0301235,640041,2120,2021-08-31,10,0,Zillow ZIP-level market for Vacaville; mapped with Census 2020 ZCTA 95688 in Solano County.,,2120,Zillow ZORI,
94590 Vallejo,zcta,94590,Vallejo,38.0957888,-122.2496894,502533,1821,2021-08-31,10,0,Zillow ZIP-level market for Vallejo; mapped with Census 2020 ZCTA 94590 in Solano County.,,1821,Zillow ZORI,
94534 Fairfield,zcta,94534,Fairfield,38.241946,-122.1182724,678617,2441,2021-08-31,10,0,Zillow ZIP-level market for Fairfield; mapped with Census 2020 ZCTA 94534 in Solano County.,,2441,Zillow ZORI,
94589 Vallejo,zcta,94589,Vallejo,38.1414668,-122.2468701,512799,,2021-08-31,10,0,Zillow ZIP-level market for Vallejo; mapped with Census 2020 ZCTA 94589 in Solano County.,,,,
94585 Suisun City,zcta,94585,Suisun City,38.1918321,-121.9382694,524518,2252,2021-08-31,10,0,Zillow ZIP-level market for Suisun City; mapped with Census 2020 ZCTA 94585 in Solano County.,,2252,Zillow ZORI,
94510 Benicia,zcta,94510,Benicia,38.1132046,-122.1197077,773142,2123,2021-08-31,10,0,Zillow ZIP-level market for Benicia; mapped with Census 2020 ZCTA 94510 in Solano County.,,2123,Zillow ZORI,
95620 Dixon,zcta,95620,Dixon,38.4049355,-121.7543792,583117,,2021-08-31,10,0,Zillow ZIP-level market for Dixon; mapped with Census 2020 ZCTA 95620 in Solano County.,,,,
94571 Rio Vista,zcta,94571,Rio Vista,38.1520707,-121.7597729,458466,,2021-08-31,10,0,Zillow ZIP-level market for Rio Vista; mapped with Census 2020 ZCTA 94571 in Solano County.,,,,
94592 Vallejo,zcta,94592,Vallejo,38.090998,-122.2854178,757465,,2021-08-31,10,0,Zillow ZIP-level market for Vallejo; mapped with Census 2020 ZCTA 94592 in Solano County.,,,,
94533 Fairfield,zcta,94533,Fairfield,38.2807448,-122.0063799,532966,2045,2021-09-30,10,0,Zillow ZIP-level market for Fairfield; mapped with Census 2020 ZCTA 94533 in Solano County.,,2045,Zillow ZORI,
95687 Vacaville,zcta,95687,Vacaville,38.3331329,-121.9201507,570946,2271,2021-09-30,10,0,Zillow ZIP-level market for Vacaville; mapped with Census 2020 ZCTA 95687 in Solano County.,,2271,Zillow ZORI,
94591 Vallejo,zcta,94591,Vallejo,38.1271913,-122.196855,601338,2000,2021-09-30,10,0,Zillow ZIP-level market for Vallejo; mapped with Census 2020 ZCTA 94591 in Solano County.,,2000,Zillow ZORI,
95688 Vacaville,zcta,95688,Vacaville,38.4213428,-122.0301235,643263,2144,2021-09-30,10,0,Zillow ZIP-level market for Vacaville; mapped with Census 2020 ZCTA 95688 in Solano County.,,2144,Zillow ZORI,
94590 Vallejo,zcta,94590,Vallejo,38.0957888,-122.2496894,506210,1816,2021-09-30,10,0,Zillow ZIP-level market for Vallejo; mapped with Census 2020 ZCTA 94590 in Solano County.,,1816,Zillow ZORI,
94534 Fairfield,zcta,94534,Fairfield,38.241946,-122.1182724,683270,2474,2021-09-30,10,0,Zillow ZIP-level market for Fairfield; mapped with Census 2020 ZCTA 94534 in Solano County.,,2474,Zillow ZORI,
94589 Vallejo,zcta,94589,Vallejo,38.1414668,-122.2468701,515936,,2021-09-30,10,0,Zillow ZIP-level market for Vallejo; mapped with Census 2020 ZCTA 94589 in Solano County.,,,,
94585 Suisun City,zcta,94585,Suisun City,38.1918321,-121.9382694,529319,2284,2021-09-30,10,0,Zillow ZIP-level market for Suisun City; mapped with Census 2020 ZCTA 94585 in Solano County.,,2284,Zillow ZORI,
94510 Benicia,zcta,94510,Benicia,38.1132046,-122.1197077,776167,2132,2021-09-30,10,0,Zillow ZIP-level market for Benicia; mapped with Census 2020 ZCTA 94510 in Solano County.,,2132,Zillow ZORI,
95620 Dixon,zcta,95620,Dixon,38.4049355,-121.7543792,587125,,2021-09-30,10,0,Zillow ZIP-level market for Dixon; mapped with Census 2020 ZCTA 95620 in Solano County.,,,,
94571 Rio Vista,zcta,94571,Rio Vista,38.1520707,-121.7597729,462146,,2021-09-30,10,0,Zillow ZIP-level market for Rio Vista; mapped with Census 2020 ZCTA 94571 in Solano County.,,,,
94592 Vallejo,zcta,94592,Vallejo,38.090998,-122.2854178,768430,,2021-09-30,10,0,Zillow ZIP-level market for Vallejo; mapped with Census 2020 ZCTA 94592 in Solano County.,,,,
94533 Fairfield,zcta,94533,Fairfield,38.2807448,-122.0063799,535500,2050,2021-10-31,10,0,Zillow ZIP-level market for Fairfield; mapped with Census 2020 ZCTA 94533 in Solano County.,,2050,Zillow ZORI,
95687 Vacaville,zcta,95687,Vacaville,38.3331329,-121.9201507,573101,2285,2021-10-31,10,0,Zillow ZIP-level market for Vacaville; mapped with Census 2020 ZCTA 95687 in Solano County.,,2285,Zillow ZORI,
94591 Vallejo,zcta,94591,Vallejo,38.1271913,-122.196855,602447,2013,2021-10-31,10,0,Zillow ZIP-level market for Vallejo; mapped with Census 2020 ZCTA 94591 in Solano County.,,2013,Zillow ZORI,
95688 Vacaville,zcta,95688,Vacaville,38.4213428,-122.0301235,645402,2140,2021-10-31,10,0,Zillow ZIP-level market for Vacaville; mapped with Census 2020 ZCTA 95688 in Solano County.,,2140,Zillow ZORI,
94590 Vallejo,zcta,94590,Vallejo,38.0957888,-122.2496894,507613,1806,2021-10-31,10,0,Zillow ZIP-level market for Vallejo; mapped with Census 2020 ZCTA 94590 in Solano County.,,1806,Zillow ZORI,
94534 Fairfield,zcta,94534,Fairfield,38.241946,-122.1182724,685735,2452,2021-10-31,10,0,Zillow ZIP-level market for Fairfield; mapped with Census 2020 ZCTA 94534 in Solano County.,,2452,Zillow ZORI,
94589 Vallejo,zcta,94589,Vallejo,38.1414668,-122.2468701,518142,,2021-10-31,10,0,Zillow ZIP-level market for Vallejo; mapped with Census 2020 ZCTA 94589 in Solano County.,,,,
94585 Suisun City,zcta,94585,Suisun City,38.1918321,-121.9382694,532804,2312,2021-10-31,10,0,Zillow ZIP-level market for Suisun City; mapped with Census 2020 ZCTA 94585 in Solano County.,,2312,Zillow ZORI,
94510 Benicia,zcta,94510,Benicia,38.1132046,-122.1197077,776882,2140,2021-10-31,10,0,Zillow ZIP-level market for Benicia; mapped with Census 2020 ZCTA 94510 in Solano County.,,2140,Zillow ZORI,
95620 Dixon,zcta,95620,Dixon,38.4049355,-121.7543792,589610,,2021-10-31,10,0,Zillow ZIP-level market for Dixon; mapped with Census 2020 ZCTA 95620 in Solano County.,,,,
94571 Rio Vista,zcta,94571,Rio Vista,38.1520707,-121.7597729,465276,,2021-10-31,10,0,Zillow ZIP-level market for Rio Vista; mapped with Census 2020 ZCTA 94571 in Solano County.,,,,
94592 Vallejo,zcta,94592,Vallejo,38.090998,-122.2854178,776083,,2021-10-31,10,0,Zillow ZIP-level market for Vallejo; mapped with Census 2020 ZCTA 94592 in Solano County.,,,,
94533 Fairfield,zcta,94533,Fairfield,38.2807448,-122.0063799,539727,2062,2021-11-30,10,0,Zillow ZIP-level market for Fairfield; mapped with Census 2020 ZCTA 94533 in Solano County.,,2062,Zillow ZORI,
95687 Vacaville,zcta,95687,Vacaville,38.3331329,-121.9201507,576369,2283,2021-11-30,10,0,Zillow ZIP-level market for Vacaville; mapped with Census 2020 ZCTA 95687 in Solano County.,,2283,Zillow ZORI,
94591 Vallejo,zcta,94591,Vallejo,38.1271913,-122.196855,605508,2024,2021-11-30,10,0,Zillow ZIP-level market for Vallejo; mapped with Census 2020 ZCTA 94591 in Solano County.,,2024,Zillow ZORI,
95688 Vacaville,zcta,95688,Vacaville,38.4213428,-122.0301235,649550,2195,2021-11-30,10,0,Zillow ZIP-level market for Vacaville; mapped with Census 2020 ZCTA 95688 in Solano County.,,2195,Zillow ZORI,
94590 Vallejo,zcta,94590,Vallejo,38.0957888,-122.2496894,510031,1828,2021-11-30,10,0,Zillow ZIP-level market for Vallejo; mapped with Census 2020 ZCTA 94590 in Solano County.,,1828,Zillow ZORI,
94534 Fairfield,zcta,94534,Fairfield,38.241946,-122.1182724,690350,2444,2021-11-30,10,0,Zillow ZIP-level market for Fairfield; mapped with Census 2020 ZCTA 94534 in Solano County.,,2444,Zillow ZORI,
94589 Vallejo,zcta,94589,Vallejo,38.1414668,-122.2468701,521757,,2021-11-30,10,0,Zillow ZIP-level market for Vallejo; mapped with Census 2020 ZCTA 94589 in Solano County.,,,,
94585 Suisun City,zcta,94585,Suisun City,38.1918321,-121.9382694,537281,2346,2021-11-30,10,0,Zillow ZIP-level market for Suisun City; mapped with Census 2020 ZCTA 94585 in Solano County.,,2346,Zillow ZORI,
94510 Benicia,zcta,94510,Benicia,38.1132046,-122.1197077,779341,2152,2021-11-30,10,0,Zillow ZIP-level market for Benicia; mapped with Census 2020 ZCTA 94510 in Solano County.,,2152,Zillow ZORI,
95620 Dixon,zcta,95620,Dixon,38.4049355,-121.7543792,593594,,2021-11-30,10,0,Zillow ZIP-level market for Dixon; mapped with Census 2020 ZCTA 95620 in Solano County.,,,,
94571 Rio Vista,zcta,94571,Rio Vista,38.1520707,-121.7597729,468994,,2021-11-30,10,0,Zillow ZIP-level market for Rio Vista; mapped with Census 2020 ZCTA 94571 in Solano County.,,,,
94592 Vallejo,zcta,94592,Vallejo,38.090998,-122.2854178,784465,,2021-11-30,10,0,Zillow ZIP-level market for Vallejo; mapped with Census 2020 ZCTA 94592 in Solano County.,,,,
94533 Fairfield,zcta,94533,Fairfield,38.2807448,-122.0063799,545101,2069,2021-12-31,10,0,Zillow ZIP-level market for Fairfield; mapped with Census 2020 ZCTA 94533 in Solano County.,,2069,Zillow ZORI,
95687 Vacaville,zcta,95687,Vacaville,38.3331329,-121.9201507,581065,2313,2021-12-31,10,0,Zillow ZIP-level market for Vacaville; mapped with Census 2020 ZCTA 95687 in Solano County.,,2313,Zillow ZORI,
94591 Vallejo,zcta,94591,Vallejo,38.1271913,-122.196855,610464,2005,2021-12-31,10,0,Zillow ZIP-level market for Vallejo; mapped with Census 2020 ZCTA 94591 in Solano County.,,2005,Zillow ZORI,
95688 Vacaville,zcta,95688,Vacaville,38.4213428,-122.0301235,655030,2204,2021-12-31,10,0,Zillow ZIP-level market for Vacaville; mapped with Census 2020 ZCTA 95688 in Solano County.,,2204,Zillow ZORI,
94590 Vallejo,zcta,94590,Vallejo,38.0957888,-122.2496894,513244,1849,2021-12-31,10,0,Zillow ZIP-level market for Vallejo; mapped with Census 2020 ZCTA 94590 in Solano County.,,1849,Zillow ZORI,
94534 Fairfield,zcta,94534,Fairfield,38.241946,-122.1182724,696486,2452,2021-12-31,10,0,Zillow ZIP-level market for Fairfield; mapped with Census 2020 ZCTA 94534 in Solano County.,,2452,Zillow ZORI,
94589 Vallejo,zcta,94589,Vallejo,38.1414668,-122.2468701,526054,,2021-12-31,10,0,Zillow ZIP-level market for Vallejo; mapped with Census 2020 ZCTA 94589 in Solano County.,,,,
94585 Suisun City,zcta,94585,Suisun City,38.1918321,-121.9382694,542547,2347,2021-12-31,10,0,Zillow ZIP-level market for Suisun City; mapped with Census 2020 ZCTA 94585 in Solano County.,,2347,Zillow ZORI,
94510 Benicia,zcta,94510,Benicia,38.1132046,-122.1197077,784599,2177,2021-12-31,10,0,Zillow ZIP-level market for Benicia; mapped with Census 2020 ZCTA 94510 in Solano County.,,2177,Zillow ZORI,
95620 Dixon,zcta,95620,Dixon,38.4049355,-121.7543792,599002,,2021-12-31,10,0,Zillow ZIP-level market for Dixon; mapped with Census 2020 ZCTA 95620 in Solano County.,,,,
94571 Rio Vista,zcta,94571,Rio Vista,38.1520707,-121.7597729,473257,,2021-12-31,10,0,Zillow ZIP-level market for Rio Vista; mapped with Census 2020 ZCTA 94571 in Solano County.,,,,
94592 Vallejo,zcta,94592,Vallejo,38.090998,-122.2854178,791826,,2021-12-31,10,0,Zillow ZIP-level market for Vallejo; mapped with Census 2020 ZCTA 94592 in Solano County.,,,,
94533 Fairfield,zcta,94533,Fairfield,38.2807448,-122.0063799,552083,2048,2022-01-31,10,0,Zillow ZIP-level market for Fairfield; mapped with Census 2020 ZCTA 94533 in Solano County.,,2048,Zillow ZORI,
95687 Vacaville,zcta,95687,Vacaville,38.3331329,-121.9201507,587581,2320,2022-01-31,10,0,Zillow ZIP-level market for Vacaville; mapped with Census 2020 ZCTA 95687 in Solano County.,,2320,Zillow ZORI,
94591 Vallejo,zcta,94591,Vallejo,38.1271913,-122.196855,619514,1991,2022-01-31,10,0,Zillow ZIP-level market for Vallejo; mapped with Census 2020 ZCTA 94591 in Solano County.,,1991,Zillow ZORI,
95688 Vacaville,zcta,95688,Vacaville,38.4213428,-122.0301235,662960,2224,2022-01-31,10,0,Zillow ZIP-level market for Vacaville; mapped with Census 2020 ZCTA 95688 in Solano County.,,2224,Zillow ZORI,
94590 Vallejo,zcta,94590,Vallejo,38.0957888,-122.2496894,520506,1870,2022-01-31,10,0,Zillow ZIP-level market for Vallejo; mapped with Census 2020 ZCTA 94590 in Solano County.,,1870,Zillow ZORI,
94534 Fairfield,zcta,94534,Fairfield,38.241946,-122.1182724,705474,2459,2022-01-31,10,0,Zillow ZIP-level market for Fairfield; mapped with Census 2020 ZCTA 94534 in Solano County.,,2459,Zillow ZORI,
94589 Vallejo,zcta,94589,Vallejo,38.1414668,-122.2468701,533348,,2022-01-31,10,0,Zillow ZIP-level market for Vallejo; mapped with Census 2020 ZCTA 94589 in Solano County.,,,,
94585 Suisun City,zcta,94585,Suisun City,38.1918321,-121.9382694,549942,2361,2022-01-31,10,0,Zillow ZIP-level market for Suisun City; mapped with Census 2020 ZCTA 94585 in Solano County.,,2361,Zillow ZORI,
94510 Benicia,zcta,94510,Benicia,38.1132046,-122.1197077,795795,2196,2022-01-31,10,0,Zillow ZIP-level market for Benicia; mapped with Census 2020 ZCTA 94510 in Solano County.,,2196,Zillow ZORI,
95620 Dixon,zcta,95620,Dixon,38.4049355,-121.7543792,606373,,2022-01-31,10,0,Zillow ZIP-level market for Dixon; mapped with Census 2020 ZCTA 95620 in Solano County.,,,,
94571 Rio Vista,zcta,94571,Rio Vista,38.1520707,-121.7597729,478774,,2022-01-31,10,0,Zillow ZIP-level market for Rio Vista; mapped with Census 2020 ZCTA 94571 in Solano County.,,,,
94592 Vallejo,zcta,94592,Vallejo,38.090998,-122.2854178,801330,,2022-01-31,10,0,Zillow ZIP-level market for Vallejo; mapped with Census 2020 ZCTA 94592 in Solano County.,,,,
94533 Fairfield,zcta,94533,Fairfield,38.2807448,-122.0063799,560818,2023,2022-02-28,10,0,Zillow ZIP-level market for Fairfield; mapped with Census 2020 ZCTA 94533 in Solano County.,,2023,Zillow ZORI,
95687 Vacaville,zcta,95687,Vacaville,38.3331329,-121.9201507,596384,2358,2022-02-28,10,0,Zillow ZIP-level market for Vacaville; mapped with Census 2020 ZCTA 95687 in Solano County.,,2358,Zillow ZORI,
94591 Vallejo,zcta,94591,Vallejo,38.1271913,-122.196855,631467,2019,2022-02-28,10,0,Zillow ZIP-level market for Vallejo; mapped with Census 2020 ZCTA 94591 in Solano County.,,2019,Zillow ZORI,
95688 Vacaville,zcta,95688,Vacaville,38.4213428,-122.0301235,672720,2224,2022-02-28,10,0,Zillow ZIP-level market for Vacaville; mapped with Census 2020 ZCTA 95688 in Solano County.,,2224,Zillow ZORI,
94590 Vallejo,zcta,94590,Vallejo,38.0957888,-122.2496894,529976,1839,2022-02-28,10,0,Zillow ZIP-level market for Vallejo; mapped with Census 2020 ZCTA 94590 in Solano County.,,1839,Zillow ZORI,
94534 Fairfield,zcta,94534,Fairfield,38.241946,-122.1182724,716683,2486,2022-02-28,10,0,Zillow ZIP-level market for Fairfield; mapped with Census 2020 ZCTA 94534 in Solano County.,,2486,Zillow ZORI,
94589 Vallejo,zcta,94589,Vallejo,38.1414668,-122.2468701,543009,,2022-02-28,10,0,Zillow ZIP-level market for Vallejo; mapped with Census 2020 ZCTA 94589 in Solano County.,,,,
94585 Suisun City,zcta,94585,Suisun City,38.1918321,-121.9382694,559107,2360,2022-02-28,10,0,Zillow ZIP-level market for Suisun City; mapped with Census 2020 ZCTA 94585 in Solano County.,,2360,Zillow ZORI,
94510 Benicia,zcta,94510,Benicia,38.1132046,-122.1197077,810963,2194,2022-02-28,10,0,Zillow ZIP-level market for Benicia; mapped with Census 2020 ZCTA 94510 in Solano County.,,2194,Zillow ZORI,
95620 Dixon,zcta,95620,Dixon,38.4049355,-121.7543792,615277,,2022-02-28,10,0,Zillow ZIP-level market for Dixon; mapped with Census 2020 ZCTA 95620 in Solano County.,,,,
94571 Rio Vista,zcta,94571,Rio Vista,38.1520707,-121.7597729,485855,,2022-02-28,10,0,Zillow ZIP-level market for Rio Vista; mapped with Census 2020 ZCTA 94571 in Solano County.,,,,
94592 Vallejo,zcta,94592,Vallejo,38.090998,-122.2854178,811062,,2022-02-28,10,0,Zillow ZIP-level market for Vallejo; mapped with Census 2020 ZCTA 94592 in Solano County.,,,,
94533 Fairfield,zcta,94533,Fairfield,38.2807448,-122.0063799,571452,2014,2022-03-31,10,0,Zillow ZIP-level market for Fairfield; mapped with Census 2020 ZCTA 94533 in Solano County.,,2014,Zillow ZORI,
95687 Vacaville,zcta,95687,Vacaville,38.3331329,-121.9201507,607182,2353,2022-03-31,10,0,Zillow ZIP-level market for Vacaville; mapped with Census 2020 ZCTA 95687 in Solano County.,,2353,Zillow ZORI,
94591 Vallejo,zcta,94591,Vallejo,38.1271913,-122.196855,645312,2051,2022-03-31,10,0,Zillow ZIP-level market for Vallejo; mapped with Census 2020 ZCTA 94591 in Solano County.,,2051,Zillow ZORI,
95688 Vacaville,zcta,95688,Vacaville,38.4213428,-122.0301235,684908,2235,2022-03-31,10,0,Zillow ZIP-level market for Vacaville; mapped with Census 2020 ZCTA 95688 in Solano County.,,2235,Zillow ZORI,
94590 Vallejo,zcta,94590,Vallejo,38.0957888,-122.2496894,541027,1830,2022-03-31,10,0,Zillow ZIP-level market for Vallejo; mapped with Census 2020 ZCTA 94590 in Solano County.,,1830,Zillow ZORI,
94534 Fairfield,zcta,94534,Fairfield,38.241946,-122.1182724,730761,2466,2022-03-31,10,0,Zillow ZIP-level market for Fairfield; mapped with Census 2020 ZCTA 94534 in Solano County.,,2466,Zillow ZORI,
94589 Vallejo,zcta,94589,Vallejo,38.1414668,-122.2468701,554279,,2022-03-31,10,0,Zillow ZIP-level market for Vallejo; mapped with Census 2020 ZCTA 94589 in Solano County.,,,,
94585 Suisun City,zcta,94585,Suisun City,38.1918321,-121.9382694,570442,2365,2022-03-31,10,0,Zillow ZIP-level market for Suisun City; mapped with Census 2020 ZCTA 94585 in Solano County.,,2365,Zillow ZORI,
94510 Benicia,zcta,94510,Benicia,38.1132046,-122.1197077,829034,2205,2022-03-31,10,0,Zillow ZIP-level market for Benicia; mapped with Census 2020 ZCTA 94510 in Solano County.,,2205,Zillow ZORI,
95620 Dixon,zcta,95620,Dixon,38.4049355,-121.7543792,626329,,2022-03-31,10,0,Zillow ZIP-level market for Dixon; mapped with Census 2020 ZCTA 95620 in Solano County.,,,,
94571 Rio Vista,zcta,94571,Rio Vista,38.1520707,-121.7597729,494679,,2022-03-31,10,0,Zillow ZIP-level market for Rio Vista; mapped with Census 2020 ZCTA 94571 in Solano County.,,,,
94592 Vallejo,zcta,94592,Vallejo,38.090998,-122.2854178,823831,,2022-03-31,10,0,Zillow ZIP-level market for Vallejo; mapped with Census 2020 ZCTA 94592 in Solano County.,,,,
94533 Fairfield,zcta,94533,Fairfield,38.2807448,-122.0063799,581229,2058,2022-04-30,10,0,Zillow ZIP-level market for Fairfield; mapped with Census 2020 ZCTA 94533 in Solano County.,,2058,Zillow ZORI,
95687 Vacaville,zcta,95687,Vacaville,38.3331329,-121.9201507,617691,2381,2022-04-30,10,0,Zillow ZIP-level market for Vacaville; mapped with Census 2020 ZCTA 95687 in Solano County.,,2381,Zillow ZORI,
94591 Vallejo,zcta,94591,Vallejo,38.1271913,-122.196855,657210,2085,2022-04-30,10,0,Zillow ZIP-level market for Vallejo; mapped with Census 2020 ZCTA 94591 in Solano County.,,2085,Zillow ZORI,
95688 Vacaville,zcta,95688,Vacaville,38.4213428,-122.0301235,696313,2270,2022-04-30,10,0,Zillow ZIP-level market for Vacaville; mapped with Census 2020 ZCTA 95688 in Solano County.,,2270,Zillow ZORI,
94590 Vallejo,zcta,94590,Vallejo,38.0957888,-122.2496894,549093,1836,2022-04-30,10,0,Zillow ZIP-level market for Vallejo; mapped with Census 2020 ZCTA 94590 in Solano County.,,1836,Zillow ZORI,
94534 Fairfield,zcta,94534,Fairfield,38.241946,-122.1182724,743645,2507,2022-04-30,10,0,Zillow ZIP-level market for Fairfield; mapped with Census 2020 ZCTA 94534 in Solano County.,,2507,Zillow ZORI,
94589 Vallejo,zcta,94589,Vallejo,38.1414668,-122.2468701,564132,2007,2022-04-30,10,0,Zillow ZIP-level market for Vallejo; mapped with Census 2020 ZCTA 94589 in Solano County.,,2007,Zillow ZORI,
94585 Suisun City,zcta,94585,Suisun City,38.1918321,-121.9382694,580713,2372,2022-04-30,10,0,Zillow ZIP-level market for Suisun City; mapped with Census 2020 ZCTA 94585 in Solano County.,,2372,Zillow ZORI,
94510 Benicia,zcta,94510,Benicia,38.1132046,-122.1197077,843826,2221,2022-04-30,10,0,Zillow ZIP-level market for Benicia; mapped with Census 2020 ZCTA 94510 in Solano County.,,2221,Zillow ZORI,
95620 Dixon,zcta,95620,Dixon,38.4049355,-121.7543792,636841,,2022-04-30,10,0,Zillow ZIP-level market for Dixon; mapped with Census 2020 ZCTA 95620 in Solano County.,,,,
94571 Rio Vista,zcta,94571,Rio Vista,38.1520707,-121.7597729,503076,,2022-04-30,10,0,Zillow ZIP-level market for Rio Vista; mapped with Census 2020 ZCTA 94571 in Solano County.,,,,
94592 Vallejo,zcta,94592,Vallejo,38.090998,-122.2854178,835097,,2022-04-30,10,0,Zillow ZIP-level market for Vallejo; mapped with Census 2020 ZCTA 94592 in Solano County.,,,,
94533 Fairfield,zcta,94533,Fairfield,38.2807448,-122.0063799,587667,2107,2022-05-31,10,0,Zillow ZIP-level market for Fairfield; mapped with Census 2020 ZCTA 94533 in Solano County.,,2107,Zillow ZORI,
95687 Vacaville,zcta,95687,Vacaville,38.3331329,-121.9201507,624660,2380,2022-05-31,10,0,Zillow ZIP-level market for Vacaville; mapped with Census 2020 ZCTA 95687 in Solano County.,,2380,Zillow ZORI,
94591 Vallejo,zcta,94591,Vallejo,38.1271913,-122.196855,664835,2097,2022-05-31,10,0,Zillow ZIP-level market for Vallejo; mapped with Census 2020 ZCTA 94591 in Solano County.,,2097,Zillow ZORI,
95688 Vacaville,zcta,95688,Vacaville,38.4213428,-122.0301235,704053,2277,2022-05-31,10,0,Zillow ZIP-level market for Vacaville; mapped with Census 2020 ZCTA 95688 in Solano County.,,2277,Zillow ZORI,
94590 Vallejo,zcta,94590,Vallejo,38.0957888,-122.2496894,553447,1874,2022-05-31,10,0,Zillow ZIP-level market for Vallejo; mapped with Census 2020 ZCTA 94590 in Solano County.,,1874,Zillow ZORI,
94534 Fairfield,zcta,94534,Fairfield,38.241946,-122.1182724,752889,2522,2022-05-31,10,0,Zillow ZIP-level market for Fairfield; mapped with Census 2020 ZCTA 94534 in Solano County.,,2522,Zillow ZORI,
94589 Vallejo,zcta,94589,Vallejo,38.1414668,-122.2468701,570400,2027,2022-05-31,10,0,Zillow ZIP-level market for Vallejo; mapped with Census 2020 ZCTA 94589 in Solano County.,,2027,Zillow ZORI,
94585 Suisun City,zcta,94585,Suisun City,38.1918321,-121.9382694,587711,2370,2022-05-31,10,0,Zillow ZIP-level market for Suisun City; mapped with Census 2020 ZCTA 94585 in Solano County.,,2370,Zillow ZORI,
94510 Benicia,zcta,94510,Benicia,38.1132046,-122.1197077,854407,2242,2022-05-31,10,0,Zillow ZIP-level market for Benicia; mapped with Census 2020 ZCTA 94510 in Solano County.,,2242,Zillow ZORI,
95620 Dixon,zcta,95620,Dixon,38.4049355,-121.7543792,644339,,2022-05-31,10,0,Zillow ZIP-level market for Dixon; mapped with Census 2020 ZCTA 95620 in Solano County.,,,,
94571 Rio Vista,zcta,94571,Rio Vista,38.1520707,-121.7597729,508990,,2022-05-31,10,0,Zillow ZIP-level market for Rio Vista; mapped with Census 2020 ZCTA 94571 in Solano County.,,,,
94592 Vallejo,zcta,94592,Vallejo,38.090998,-122.2854178,842635,,2022-05-31,10,0,Zillow ZIP-level market for Vallejo; mapped with Census 2020 ZCTA 94592 in Solano County.,,,,
94533 Fairfield,zcta,94533,Fairfield,38.2807448,-122.0063799,589757,2136,2022-06-30,10,0,Zillow ZIP-level market for Fairfield; mapped with Census 2020 ZCTA 94533 in Solano County.,,2136,Zillow ZORI,
95687 Vacaville,zcta,95687,Vacaville,38.3331329,-121.9201507,626989,2400,2022-06-30,10,0,Zillow ZIP-level market for Vacaville; mapped with Census 2020 ZCTA 95687 in Solano County.,,2400,Zillow ZORI,
94591 Vallejo,zcta,94591,Vallejo,38.1271913,-122.196855,667204,2098,2022-06-30,10,0,Zillow ZIP-level market for Vallejo; mapped with Census 2020 ZCTA 94591 in Solano County.,,2098,Zillow ZORI,
95688 Vacaville,zcta,95688,Vacaville,38.4213428,-122.0301235,706744,2320,2022-06-30,10,0,Zillow ZIP-level market for Vacaville; mapped with Census 2020 ZCTA 95688 in Solano County.,,2320,Zillow ZORI,
94590 Vallejo,zcta,94590,Vallejo,38.0957888,-122.2496894,553970,1889,2022-06-30,10,0,Zillow ZIP-level market for Vallejo; mapped with Census 2020 ZCTA 94590 in Solano County.,,1889,Zillow ZORI,
94534 Fairfield,zcta,94534,Fairfield,38.241946,-122.1182724,756045,2577,2022-06-30,10,0,Zillow ZIP-level market for Fairfield; mapped with Census 2020 ZCTA 94534 in Solano County.,,2577,Zillow ZORI,
94589 Vallejo,zcta,94589,Vallejo,38.1414668,-122.2468701,573341,2052,2022-06-30,10,0,Zillow ZIP-level market for Vallejo; mapped with Census 2020 ZCTA 94589 in Solano County.,,2052,Zillow ZORI,
94585 Suisun City,zcta,94585,Suisun City,38.1918321,-121.9382694,590376,2380,2022-06-30,10,0,Zillow ZIP-level market for Suisun City; mapped with Census 2020 ZCTA 94585 in Solano County.,,2380,Zillow ZORI,
94510 Benicia,zcta,94510,Benicia,38.1132046,-122.1197077,857786,2258,2022-06-30,10,0,Zillow ZIP-level market for Benicia; mapped with Census 2020 ZCTA 94510 in Solano County.,,2258,Zillow ZORI,
95620 Dixon,zcta,95620,Dixon,38.4049355,-121.7543792,646892,,2022-06-30,10,0,Zillow ZIP-level market for Dixon; mapped with Census 2020 ZCTA 95620 in Solano County.,,,,
94571 Rio Vista,zcta,94571,Rio Vista,38.1520707,-121.7597729,512160,,2022-06-30,10,0,Zillow ZIP-level market for Rio Vista; mapped with Census 2020 ZCTA 94571 in Solano County.,,,,
94592 Vallejo,zcta,94592,Vallejo,38.090998,-122.2854178,844862,,2022-06-30,10,0,Zillow ZIP-level market for Vallejo; mapped with Census 2020 ZCTA 94592 in Solano County.,,,,
94533 Fairfield,zcta,94533,Fairfield,38.2807448,-122.0063799,587172,2160,2022-07-31,10,0,Zillow ZIP-level market for Fairfield; mapped with Census 2020 ZCTA 94533 in Solano County.,,2160,Zillow ZORI,
95687 Vacaville,zcta,95687,Vacaville,38.3331329,-121.9201507,624308,2416,2022-07-31,10,0,Zillow ZIP-level market for Vacaville; mapped with Census 2020 ZCTA 95687 in Solano County.,,2416,Zillow ZORI,
94591 Vallejo,zcta,94591,Vallejo,38.1271913,-122.196855,663870,2125,2022-07-31,10,0,Zillow ZIP-level market for Vallejo; mapped with Census 2020 ZCTA 94591 in Solano County.,,2125,Zillow ZORI,
95688 Vacaville,zcta,95688,Vacaville,38.4213428,-122.0301235,703616,2329,2022-07-31,10,0,Zillow ZIP-level market for Vacaville; mapped with Census 2020 ZCTA 95688 in Solano County.,,2329,Zillow ZORI,
94590 Vallejo,zcta,94590,Vallejo,38.0957888,-122.2496894,550748,1887,2022-07-31,10,0,Zillow ZIP-level market for Vallejo; mapped with Census 2020 ZCTA 94590 in Solano County.,,1887,Zillow ZORI,
94534 Fairfield,zcta,94534,Fairfield,38.241946,-122.1182724,752840,2556,2022-07-31,10,0,Zillow ZIP-level market for Fairfield; mapped with Census 2020 ZCTA 94534 in Solano County.,,2556,Zillow ZORI,
94589 Vallejo,zcta,94589,Vallejo,38.1414668,-122.2468701,571388,2053,2022-07-31,10,0,Zillow ZIP-level market for Vallejo; mapped with Census 2020 ZCTA 94589 in Solano County.,,2053,Zillow ZORI,
94585 Suisun City,zcta,94585,Suisun City,38.1918321,-121.9382694,588280,2379,2022-07-31,10,0,Zillow ZIP-level market for Suisun City; mapped with Census 2020 ZCTA 94585 in Solano County.,,2379,Zillow ZORI,
94510 Benicia,zcta,94510,Benicia,38.1132046,-122.1197077,853008,2216,2022-07-31,10,0,Zillow ZIP-level market for Benicia; mapped with Census 2020 ZCTA 94510 in Solano County.,,2216,Zillow ZORI,
95620 Dixon,zcta,95620,Dixon,38.4049355,-121.7543792,644491,,2022-07-31,10,0,Zillow ZIP-level market for Dixon; mapped with Census 2020 ZCTA 95620 in Solano County.,,,,
94571 Rio Vista,zcta,94571,Rio Vista,38.1520707,-121.7597729,512093,,2022-07-31,10,0,Zillow ZIP-level market for Rio Vista; mapped with Census 2020 ZCTA 94571 in Solano County.,,,,
94592 Vallejo,zcta,94592,Vallejo,38.090998,-122.2854178,840050,,2022-07-31,10,0,Zillow ZIP-level market for Vallejo; mapped with Census 2020 ZCTA 94592 in Solano County.,,,,
94533 Fairfield,zcta,94533,Fairfield,38.2807448,-122.0063799,580910,2177,2022-08-31,10,0,Zillow ZIP-level market for Fairfield; mapped with Census 2020 ZCTA 94533 in Solano County.,,2177,Zillow ZORI,
95687 Vacaville,zcta,95687,Vacaville,38.3331329,-121.9201507,617798,2418,2022-08-31,10,0,Zillow ZIP-level market for Vacaville; mapped with Census 2020 ZCTA 95687 in Solano County.,,2418,Zillow ZORI,
94591 Vallejo,zcta,94591,Vallejo,38.1271913,-122.196855,656006,2134,2022-08-31,10,0,Zillow ZIP-level market for Vallejo; mapped with Census 2020 ZCTA 94591 in Solano County.,,2134,Zillow ZORI,
95688 Vacaville,zcta,95688,Vacaville,38.4213428,-122.0301235,696126,2329,2022-08-31,10,0,Zillow ZIP-level market for Vacaville; mapped with Census 2020 ZCTA 95688 in Solano County.,,2329,Zillow ZORI,
94590 Vallejo,zcta,94590,Vallejo,38.0957888,-122.2496894,544432,1873,2022-08-31,10,0,Zillow ZIP-level market for Vallejo; mapped with Census 2020 ZCTA 94590 in Solano County.,,1873,Zillow ZORI,
94534 Fairfield,zcta,94534,Fairfield,38.241946,-122.1182724,743891,2543,2022-08-31,10,0,Zillow ZIP-level market for Fairfield; mapped with Census 2020 ZCTA 94534 in Solano County.,,2543,Zillow ZORI,
94589 Vallejo,zcta,94589,Vallejo,38.1414668,-122.2468701,565686,2071,2022-08-31,10,0,Zillow ZIP-level market for Vallejo; mapped with Census 2020 ZCTA 94589 in Solano County.,,2071,Zillow ZORI,
94585 Suisun City,zcta,94585,Suisun City,38.1918321,-121.9382694,582699,2402,2022-08-31,10,0,Zillow ZIP-level market for Suisun City; mapped with Census 2020 ZCTA 94585 in Solano County.,,2402,Zillow ZORI,
94510 Benicia,zcta,94510,Benicia,38.1132046,-122.1197077,840535,2207,2022-08-31,10,0,Zillow ZIP-level market for Benicia; mapped with Census 2020 ZCTA 94510 in Solano County.,,2207,Zillow ZORI,
95620 Dixon,zcta,95620,Dixon,38.4049355,-121.7543792,637365,,2022-08-31,10,0,Zillow ZIP-level market for Dixon; mapped with Census 2020 ZCTA 95620 in Solano County.,,,,
94571 Rio Vista,zcta,94571,Rio Vista,38.1520707,-121.7597729,509002,,2022-08-31,10,0,Zillow ZIP-level market for Rio Vista; mapped with Census 2020 ZCTA 94571 in Solano County.,,,,
94592 Vallejo,zcta,94592,Vallejo,38.090998,-122.2854178,828357,,2022-08-31,10,0,Zillow ZIP-level market for Vallejo; mapped with Census 2020 ZCTA 94592 in Solano County.,,,,
94533 Fairfield,zcta,94533,Fairfield,38.2807448,-122.0063799,572816,2185,2022-09-30,10,0,Zillow ZIP-level market for Fairfield; mapped with Census 2020 ZCTA 94533 in Solano County.,,2185,Zillow ZORI,
95687 Vacaville,zcta,95687,Vacaville,38.3331329,-121.9201507,609520,2415,2022-09-30,10,0,Zillow ZIP-level market for Vacaville; mapped with Census 2020 ZCTA 95687 in Solano County.,,2415,Zillow ZORI,
94591 Vallejo,zcta,94591,Vallejo,38.1271913,-122.196855,645805,2141,2022-09-30,10,0,Zillow ZIP-level market for Vallejo; mapped with Census 2020 ZCTA 94591 in Solano County.,,2141,Zillow ZORI,
95688 Vacaville,zcta,95688,Vacaville,38.4213428,-122.0301235,686493,2283,2022-09-30,10,0,Zillow ZIP-level market for Vacaville; mapped with Census 2020 ZCTA 95688 in Solano County.,,2283,Zillow ZORI,
94590 Vallejo,zcta,94590,Vallejo,38.0957888,-122.2496894,536460,1903,2022-09-30,10,0,Zillow ZIP-level market for Vallejo; mapped with Census 2020 ZCTA 94590 in Solano County.,,1903,Zillow ZORI,
94534 Fairfield,zcta,94534,Fairfield,38.241946,-122.1182724,732537,2503,2022-09-30,10,0,Zillow ZIP-level market for Fairfield; mapped with Census 2020 ZCTA 94534 in Solano County.,,2503,Zillow ZORI,
94589 Vallejo,zcta,94589,Vallejo,38.1414668,-122.2468701,557530,2074,2022-09-30,10,0,Zillow ZIP-level market for Vallejo; mapped with Census 2020 ZCTA 94589 in Solano County.,,2074,Zillow ZORI,
94585 Suisun City,zcta,94585,Suisun City,38.1918321,-121.9382694,574607,2419,2022-09-30,10,0,Zillow ZIP-level market for Suisun City; mapped with Census 2020 ZCTA 94585 in Solano County.,,2419,Zillow ZORI,
94510 Benicia,zcta,94510,Benicia,38.1132046,-122.1197077,825814,2216,2022-09-30,10,0,Zillow ZIP-level market for Benicia; mapped with Census 2020 ZCTA 94510 in Solano County.,,2216,Zillow ZORI,
95620 Dixon,zcta,95620,Dixon,38.4049355,-121.7543792,628072,,2022-09-30,10,0,Zillow ZIP-level market for Dixon; mapped with Census 2020 ZCTA 95620 in Solano County.,,,,
94571 Rio Vista,zcta,94571,Rio Vista,38.1520707,-121.7597729,503545,,2022-09-30,10,0,Zillow ZIP-level market for Rio Vista; mapped with Census 2020 ZCTA 94571 in Solano County.,,,,
94592 Vallejo,zcta,94592,Vallejo,38.090998,-122.2854178,813086,,2022-09-30,10,0,Zillow ZIP-level market for Vallejo; mapped with Census 2020 ZCTA 94592 in Solano County.,,,,
94533 Fairfield,zcta,94533,Fairfield,38.2807448,-122.0063799,565631,2167,2022-10-31,10,0,Zillow ZIP-level market for Fairfield; mapped with Census 2020 ZCTA 94533 in Solano County.,,2167,Zillow ZORI,
95687 Vacaville,zcta,95687,Vacaville,38.3331329,-121.9201507,602395,2387,2022-10-31,10,0,Zillow ZIP-level market for Vacaville; mapped with Census 2020 ZCTA 95687 in Solano County.,,2387,Zillow ZORI,
94591 Vallejo,zcta,94591,Vallejo,38.1271913,-122.196855,636439,2119,2022-10-31,10,0,Zillow ZIP-level market for Vallejo; mapped with Census 2020 ZCTA 94591 in Solano County.,,2119,Zillow ZORI,
95688 Vacaville,zcta,95688,Vacaville,38.4213428,-122.0301235,678427,2265,2022-10-31,10,0,Zillow ZIP-level market for Vacaville; mapped with Census 2020 ZCTA 95688 in Solano County.,,2265,Zillow ZORI,
94590 Vallejo,zcta,94590,Vallejo,38.0957888,-122.2496894,529274,1889,2022-10-31,10,0,Zillow ZIP-level market for Vallejo; mapped with Census 2020 ZCTA 94590 in Solano County.,,1889,Zillow ZORI,
94534 Fairfield,zcta,94534,Fairfield,38.241946,-122.1182724,723046,2479,2022-10-31,10,0,Zillow ZIP-level market for Fairfield; mapped with Census 2020 ZCTA 94534 in Solano County.,,2479,Zillow ZORI,
94589 Vallejo,zcta,94589,Vallejo,38.1414668,-122.2468701,549931,2076,2022-10-31,10,0,Zillow ZIP-level market for Vallejo; mapped with Census 2020 ZCTA 94589 in Solano County.,,2076,Zillow ZORI,
94585 Suisun City,zcta,94585,Suisun City,38.1918321,-121.9382694,567392,2440,2022-10-31,10,0,Zillow ZIP-level market for Suisun City; mapped with Census 2020 ZCTA 94585 in Solano County.,,2440,Zillow ZORI,
94510 Benicia,zcta,94510,Benicia,38.1132046,-122.1197077,815124,2270,2022-10-31,10,0,Zillow ZIP-level market for Benicia; mapped with Census 2020 ZCTA 94510 in Solano County.,,2270,Zillow ZORI,
95620 Dixon,zcta,95620,Dixon,38.4049355,-121.7543792,620043,,2022-10-31,10,0,Zillow ZIP-level market for Dixon; mapped with Census 2020 ZCTA 95620 in Solano County.,,,,
94571 Rio Vista,zcta,94571,Rio Vista,38.1520707,-121.7597729,498868,,2022-10-31,10,0,Zillow ZIP-level market for Rio Vista; mapped with Census 2020 ZCTA 94571 in Solano County.,,,,
94592 Vallejo,zcta,94592,Vallejo,38.090998,-122.2854178,799601,,2022-10-31,10,0,Zillow ZIP-level market for Vallejo; mapped with Census 2020 ZCTA 94592 in Solano County.,,,,
94533 Fairfield,zcta,94533,Fairfield,38.2807448,-122.0063799,559635,2148,2022-11-30,10,0,Zillow ZIP-level market for Fairfield; mapped with Census 2020 ZCTA 94533 in Solano County.,,2148,Zillow ZORI,
95687 Vacaville,zcta,95687,Vacaville,38.3331329,-121.9201507,596580,2370,2022-11-30,10,0,Zillow ZIP-level market for Vacaville; mapped with Census 2020 ZCTA 95687 in Solano County.,,2370,Zillow ZORI,
94591 Vallejo,zcta,94591,Vallejo,38.1271913,-122.196855,628780,2108,2022-11-30,10,0,Zillow ZIP-level market for Vallejo; mapped with Census 2020 ZCTA 94591 in Solano County.,,2108,Zillow ZORI,
95688 Vacaville,zcta,95688,Vacaville,38.4213428,-122.0301235,671434,2210,2022-11-30,10,0,Zillow ZIP-level market for Vacaville; mapped with Census 2020 ZCTA 95688 in Solano County.,,2210,Zillow ZORI,
94590 Vallejo,zcta,94590,Vallejo,38.0957888,-122.2496894,523116,1903,2022-11-30,10,0,Zillow ZIP-level market for Vallejo; mapped with Census 2020 ZCTA 94590 in Solano County.,,1903,Zillow ZORI,
94534 Fairfield,zcta,94534,Fairfield,38.241946,-122.1182724,715279,2458,2022-11-30,10,0,Zillow ZIP-level market for Fairfield; mapped with Census 2020 ZCTA 94534 in Solano County.,,2458,Zillow ZORI,
94589 Vallejo,zcta,94589,Vallejo,38.1414668,-122.2468701,543271,2070,2022-11-30,10,0,Zillow ZIP-level market for Vallejo; mapped with Census 2020 ZCTA 94589 in Solano County.,,2070,Zillow ZORI,
94585 Suisun City,zcta,94585,Suisun City,38.1918321,-121.9382694,560971,2433,2022-11-30,10,0,Zillow ZIP-level market for Suisun City; mapped with Census 2020 ZCTA 94585 in Solano County.,,2433,Zillow ZORI,
94510 Benicia,zcta,94510,Benicia,38.1132046,-122.1197077,807766,2301,2022-11-30,10,0,Zillow ZIP-level market for Benicia; mapped with Census 2020 ZCTA 94510 in Solano County.,,2301,Zillow ZORI,
95620 Dixon,zcta,95620,Dixon,38.4049355,-121.7543792,614101,,2022-11-30,10,0,Zillow ZIP-level market for Dixon; mapped with Census 2020 ZCTA 95620 in Solano County.,,,,
94571 Rio Vista,zcta,94571,Rio Vista,38.1520707,-121.7597729,495257,,2022-11-30,10,0,Zillow ZIP-level market for Rio Vista; mapped with Census 2020 ZCTA 94571 in Solano County.,,,,
94592 Vallejo,zcta,94592,Vallejo,38.090998,-122.2854178,789223,,2022-11-30,10,0,Zillow ZIP-level market for Vallejo; mapped with Census 2020 ZCTA 94592 in Solano County.,,,,
94533 Fairfield,zcta,94533,Fairfield,38.2807448,-122.0063799,553860,2126,2022-12-31,10,0,Zillow ZIP-level market for Fairfield; mapped with Census 2020 ZCTA 94533 in Solano County.,,2126,Zillow ZORI,
95687 Vacaville,zcta,95687,Vacaville,38.3331329,-121.9201507,591165,2325,2022-12-31,10,0,Zillow ZIP-level market for Vacaville; mapped with Census 2020 ZCTA 95687 in Solano County.,,2325,Zillow ZORI,
94591 Vallejo,zcta,94591,Vallejo,38.1271913,-122.196855,622809,2105,2022-12-31,10,0,Zillow ZIP-level market for Vallejo; mapped with Census 2020 ZCTA 94591 in Solano County.,,2105,Zillow ZORI,
95688 Vacaville,zcta,95688,Vacaville,38.4213428,-122.0301235,665029,2197,2022-12-31,10,0,Zillow ZIP-level market for Vacaville; mapped with Census 2020 ZCTA 95688 in Solano County.,,2197,Zillow ZORI,
94590 Vallejo,zcta,94590,Vallejo,38.0957888,-122.2496894,517486,1899,2022-12-31,10,0,Zillow ZIP-level market for Vallejo; mapped with Census 2020 ZCTA 94590 in Solano County.,,1899,Zillow ZORI,
94534 Fairfield,zcta,94534,Fairfield,38.241946,-122.1182724,708634,2438,2022-12-31,10,0,Zillow ZIP-level market for Fairfield; mapped with Census 2020 ZCTA 94534 in Solano County.,,2438,Zillow ZORI,
94589 Vallejo,zcta,94589,Vallejo,38.1414668,-122.2468701,537579,2075,2022-12-31,10,0,Zillow ZIP-level market for Vallejo; mapped with Census 2020 ZCTA 94589 in Solano County.,,2075,Zillow ZORI,
94585 Suisun City,zcta,94585,Suisun City,38.1918321,-121.9382694,555112,2441,2022-12-31,10,0,Zillow ZIP-level market for Suisun City; mapped with Census 2020 ZCTA 94585 in Solano County.,,2441,Zillow ZORI,
94510 Benicia,zcta,94510,Benicia,38.1132046,-122.1197077,801828,2314,2022-12-31,10,0,Zillow ZIP-level market for Benicia; mapped with Census 2020 ZCTA 94510 in Solano County.,,2314,Zillow ZORI,
95620 Dixon,zcta,95620,Dixon,38.4049355,-121.7543792,609253,,2022-12-31,10,0,Zillow ZIP-level market for Dixon; mapped with Census 2020 ZCTA 95620 in Solano County.,,,,
94571 Rio Vista,zcta,94571,Rio Vista,38.1520707,-121.7597729,491684,,2022-12-31,10,0,Zillow ZIP-level market for Rio Vista; mapped with Census 2020 ZCTA 94571 in Solano County.,,,,
94592 Vallejo,zcta,94592,Vallejo,38.090998,-122.2854178,781428,,2022-12-31,10,0,Zillow ZIP-level market for Vallejo; mapped with Census 2020 ZCTA 94592 in Solano County.,,,,
94533 Fairfield,zcta,94533,Fairfield,38.2807448,-122.0063799,547493,2126,2023-01-31,10,0,Zillow ZIP-level market for Fairfield; mapped with Census 2020 ZCTA 94533 in Solano County.,,2126,Zillow ZORI,
95687 Vacaville,zcta,95687,Vacaville,38.3331329,-121.9201507,584730,2303,2023-01-31,10,0,Zillow ZIP-level market for Vacaville; mapped with Census 2020 ZCTA 95687 in Solano County.,,2303,Zillow ZORI,
94591 Vallejo,zcta,94591,Vallejo,38.1271913,-122.196855,617263,2073,2023-01-31,10,0,Zillow ZIP-level market for Vallejo; mapped with Census 2020 ZCTA 94591 in Solano County.,,2073,Zillow ZORI,
95688 Vacaville,zcta,95688,Vacaville,38.4213428,-122.0301235,657467,2188,2023-01-31,10,0,Zillow ZIP-level market for Vacaville; mapped with Census 2020 ZCTA 95688 in Solano County.,,2188,Zillow ZORI,
94590 Vallejo,zcta,94590,Vallejo,38.0957888,-122.2496894,511749,1923,2023-01-31,10,0,Zillow ZIP-level market for Vallejo; mapped with Census 2020 ZCTA 94590 in Solano County.,,1923,Zillow ZORI,
94534 Fairfield,zcta,94534,Fairfield,38.241946,-122.1182724,701049,2440,2023-01-31,10,0,Zillow ZIP-level market for Fairfield; mapped with Census 2020 ZCTA 94534 in Solano County.,,2440,Zillow ZORI,
94589 Vallejo,zcta,94589,Vallejo,38.1414668,-122.2468701,531988,2082,2023-01-31,10,0,Zillow ZIP-level market for Vallejo; mapped with Census 2020 ZCTA 94589 in Solano County.,,2082,Zillow ZORI,
94585 Suisun City,zcta,94585,Suisun City,38.1918321,-121.9382694,548393,2412,2023-01-31,10,0,Zillow ZIP-level market for Suisun City; mapped with Census 2020 ZCTA 94585 in Solano County.,,2412,Zillow ZORI,
94510 Benicia,zcta,94510,Benicia,38.1132046,-122.1197077,793352,2301,2023-01-31,10,0,Zillow ZIP-level market for Benicia; mapped with Census 2020 ZCTA 94510 in Solano County.,,2301,Zillow ZORI,
95620 Dixon,zcta,95620,Dixon,38.4049355,-121.7543792,603476,,2023-01-31,10,0,Zillow ZIP-level market for Dixon; mapped with Census 2020 ZCTA 95620 in Solano County.,,,,
94571 Rio Vista,zcta,94571,Rio Vista,38.1520707,-121.7597729,486216,,2023-01-31,10,0,Zillow ZIP-level market for Rio Vista; mapped with Census 2020 ZCTA 94571 in Solano County.,,,,
94592 Vallejo,zcta,94592,Vallejo,38.090998,-122.2854178,773421,,2023-01-31,10,0,Zillow ZIP-level market for Vallejo; mapped with Census 2020 ZCTA 94592 in Solano County.,,,,
94533 Fairfield,zcta,94533,Fairfield,38.2807448,-122.0063799,542617,2141,2023-02-28,10,0,Zillow ZIP-level market for Fairfield; mapped with Census 2020 ZCTA 94533 in Solano County.,,2141,Zillow ZORI,
95687 Vacaville,zcta,95687,Vacaville,38.3331329,-121.9201507,579404,2310,2023-02-28,10,0,Zillow ZIP-level market for Vacaville; mapped with Census 2020 ZCTA 95687 in Solano County.,,2310,Zillow ZORI,
94591 Vallejo,zcta,94591,Vallejo,38.1271913,-122.196855,613398,2087,2023-02-28,10,0,Zillow ZIP-level market for Vallejo; mapped with Census 2020 ZCTA 94591 in Solano County.,,2087,Zillow ZORI,
95688 Vacaville,zcta,95688,Vacaville,38.4213428,-122.0301235,651635,2234,2023-02-28,10,0,Zillow ZIP-level market for Vacaville; mapped with Census 2020 ZCTA 95688 in Solano County.,,2234,Zillow ZORI,
94590 Vallejo,zcta,94590,Vallejo,38.0957888,-122.2496894,507364,1914,2023-02-28,10,0,Zillow ZIP-level market for Vallejo; mapped with Census 2020 ZCTA 94590 in Solano County.,,1914,Zillow ZORI,
94534 Fairfield,zcta,94534,Fairfield,38.241946,-122.1182724,696024,2461,2023-02-28,10,0,Zillow ZIP-level market for Fairfield; mapped with Census 2020 ZCTA 94534 in Solano County.,,2461,Zillow ZORI,
94589 Vallejo,zcta,94589,Vallejo,38.1414668,-122.2468701,527809,2078,2023-02-28,10,0,Zillow ZIP-level market for Vallejo; mapped with Census 2020 ZCTA 94589 in Solano County.,,2078,Zillow ZORI,
94585 Suisun City,zcta,94585,Suisun City,38.1918321,-121.9382694,542604,2392,2023-02-28,10,0,Zillow ZIP-level market for Suisun City; mapped with Census 2020 ZCTA 94585 in Solano County.,,2392,Zillow ZORI,
94510 Benicia,zcta,94510,Benicia,38.1132046,-122.1197077,786579,2295,2023-02-28,10,0,Zillow ZIP-level market for Benicia; mapped with Census 2020 ZCTA 94510 in Solano County.,,2295,Zillow ZORI,
95620 Dixon,zcta,95620,Dixon,38.4049355,-121.7543792,598346,,2023-02-28,10,0,Zillow ZIP-level market for Dixon; mapped with Census 2020 ZCTA 95620 in Solano County.,,,,
94571 Rio Vista,zcta,94571,Rio Vista,38.1520707,-121.7597729,480737,,2023-02-28,10,0,Zillow ZIP-level market for Rio Vista; mapped with Census 2020 ZCTA 94571 in Solano County.,,,,
94592 Vallejo,zcta,94592,Vallejo,38.090998,-122.2854178,768700,,2023-02-28,10,0,Zillow ZIP-level market for Vallejo; mapped with Census 2020 ZCTA 94592 in Solano County.,,,,
94533 Fairfield,zcta,94533,Fairfield,38.2807448,-122.0063799,540288,2160,2023-03-31,10,0,Zillow ZIP-level market for Fairfield; mapped with Census 2020 ZCTA 94533 in Solano County.,,2160,Zillow ZORI,
95687 Vacaville,zcta,95687,Vacaville,38.3331329,-121.9201507,576288,2345,2023-03-31,10,0,Zillow ZIP-level market for Vacaville; mapped with Census 2020 ZCTA 95687 in Solano County.,,2345,Zillow ZORI,
94591 Vallejo,zcta,94591,Vallejo,38.1271913,-122.196855,611834,2108,2023-03-31,10,0,Zillow ZIP-level market for Vallejo; mapped with Census 2020 ZCTA 94591 in Solano County.,,2108,Zillow ZORI,
95688 Vacaville,zcta,95688,Vacaville,38.4213428,-122.0301235,648498,2278,2023-03-31,10,0,Zillow ZIP-level market for Vacaville; mapped with Census 2020 ZCTA 95688 in Solano County.,,2278,Zillow ZORI,
94590 Vallejo,zcta,94590,Vallejo,38.0957888,-122.2496894,505618,1925,2023-03-31,10,0,Zillow ZIP-level market for Vallejo; mapped with Census 2020 ZCTA 94590 in Solano County.,,1925,Zillow ZORI,
94534 Fairfield,zcta,94534,Fairfield,38.241946,-122.1182724,693152,2494,2023-03-31,10,0,Zillow ZIP-level market for Fairfield; mapped with Census 2020 ZCTA 94534 in Solano County.,,2494,Zillow ZORI,
94589 Vallejo,zcta,94589,Vallejo,38.1414668,-122.2468701,526017,2074,2023-03-31,10,0,Zillow ZIP-level market for Vallejo; mapped with Census 2020 ZCTA 94589 in Solano County.,,2074,Zillow ZORI,
94585 Suisun City,zcta,94585,Suisun City,38.1918321,-121.9382694,539191,2369,2023-03-31,10,0,Zillow ZIP-level market for Suisun City; mapped with Census 2020 ZCTA 94585 in Solano County.,,2369,Zillow ZORI,
94510 Benicia,zcta,94510,Benicia,38.1132046,-122.1197077,783850,2283,2023-03-31,10,0,Zillow ZIP-level market for Benicia; mapped with Census 2020 ZCTA 94510 in Solano County.,,2283,Zillow ZORI,
95620 Dixon,zcta,95620,Dixon,38.4049355,-121.7543792,595606,,2023-03-31,10,0,Zillow ZIP-level market for Dixon; mapped with Census 2020 ZCTA 95620 in Solano County.,,,,
94571 Rio Vista,zcta,94571,Rio Vista,38.1520707,-121.7597729,476764,,2023-03-31,10,0,Zillow ZIP-level market for Rio Vista; mapped with Census 2020 ZCTA 94571 in Solano County.,,,,
94592 Vallejo,zcta,94592,Vallejo,38.090998,-122.2854178,765077,,2023-03-31,10,0,Zillow ZIP-level market for Vallejo; mapped with Census 2020 ZCTA 94592 in Solano County.,,,,
94533 Fairfield,zcta,94533,Fairfield,38.2807448,-122.0063799,540516,2174,2023-04-30,10,0,Zillow ZIP-level market for Fairfield; mapped with Census 2020 ZCTA 94533 in Solano County.,,2174,Zillow ZORI,
95687 Vacaville,zcta,95687,Vacaville,38.3331329,-121.9201507,575855,2356,2023-04-30,10,0,Zillow ZIP-level market for Vacaville; mapped with Census 2020 ZCTA 95687 in Solano County.,,2356,Zillow ZORI,
94591 Vallejo,zcta,94591,Vallejo,38.1271913,-122.196855,612712,2142,2023-04-30,10,0,Zillow ZIP-level market for Vallejo; mapped with Census 2020 ZCTA 94591 in Solano County.,,2142,Zillow ZORI,
95688 Vacaville,zcta,95688,Vacaville,38.4213428,-122.0301235,648402,2295,2023-04-30,10,0,Zillow ZIP-level market for Vacaville; mapped with Census 2020 ZCTA 95688 in Solano County.,,2295,Zillow ZORI,
94590 Vallejo,zcta,94590,Vallejo,38.0957888,-122.2496894,505563,1931,2023-04-30,10,0,Zillow ZIP-level market for Vallejo; mapped with Census 2020 ZCTA 94590 in Solano County.,,1931,Zillow ZORI,
94534 Fairfield,zcta,94534,Fairfield,38.241946,-122.1182724,693331,2514,2023-04-30,10,0,Zillow ZIP-level market for Fairfield; mapped with Census 2020 ZCTA 94534 in Solano County.,,2514,Zillow ZORI,
94589 Vallejo,zcta,94589,Vallejo,38.1414668,-122.2468701,526345,2087,2023-04-30,10,0,Zillow ZIP-level market for Vallejo; mapped with Census 2020 ZCTA 94589 in Solano County.,,2087,Zillow ZORI,
94585 Suisun City,zcta,94585,Suisun City,38.1918321,-121.9382694,538641,2399,2023-04-30,10,0,Zillow ZIP-level market for Suisun City; mapped with Census 2020 ZCTA 94585 in Solano County.,,2399,Zillow ZORI,
94510 Benicia,zcta,94510,Benicia,38.1132046,-122.1197077,785350,2272,2023-04-30,10,0,Zillow ZIP-level market for Benicia; mapped with Census 2020 ZCTA 94510 in Solano County.,,2272,Zillow ZORI,
95620 Dixon,zcta,95620,Dixon,38.4049355,-121.7543792,595507,,2023-04-30,10,0,Zillow ZIP-level market for Dixon; mapped with Census 2020 ZCTA 95620 in Solano County.,,,,
94571 Rio Vista,zcta,94571,Rio Vista,38.1520707,-121.7597729,475299,,2023-04-30,10,0,Zillow ZIP-level market for Rio Vista; mapped with Census 2020 ZCTA 94571 in Solano County.,,,,
94592 Vallejo,zcta,94592,Vallejo,38.090998,-122.2854178,764619,,2023-04-30,10,0,Zillow ZIP-level market for Vallejo; mapped with Census 2020 ZCTA 94592 in Solano County.,,,,
94533 Fairfield,zcta,94533,Fairfield,38.2807448,-122.0063799,542483,2155,2023-05-31,10,0,Zillow ZIP-level market for Fairfield; mapped with Census 2020 ZCTA 94533 in Solano County.,,2155,Zillow ZORI,
95687 Vacaville,zcta,95687,Vacaville,38.3331329,-121.9201507,577759,2348,2023-05-31,10,0,Zillow ZIP-level market for Vacaville; mapped with Census 2020 ZCTA 95687 in Solano County.,,2348,Zillow ZORI,
94591 Vallejo,zcta,94591,Vallejo,38.1271913,-122.196855,615069,2152,2023-05-31,10,0,Zillow ZIP-level market for Vallejo; mapped with Census 2020 ZCTA 94591 in Solano County.,,2152,Zillow ZORI,
95688 Vacaville,zcta,95688,Vacaville,38.4213428,-122.0301235,650683,2300,2023-05-31,10,0,Zillow ZIP-level market for Vacaville; mapped with Census 2020 ZCTA 95688 in Solano County.,,2300,Zillow ZORI,
94590 Vallejo,zcta,94590,Vallejo,38.0957888,-122.2496894,506376,1939,2023-05-31,10,0,Zillow ZIP-level market for Vallejo; mapped with Census 2020 ZCTA 94590 in Solano County.,,1939,Zillow ZORI,
94534 Fairfield,zcta,94534,Fairfield,38.241946,-122.1182724,695056,2510,2023-05-31,10,0,Zillow ZIP-level market for Fairfield; mapped with Census 2020 ZCTA 94534 in Solano County.,,2510,Zillow ZORI,
94589 Vallejo,zcta,94589,Vallejo,38.1414668,-122.2468701,528321,2096,2023-05-31,10,0,Zillow ZIP-level market for Vallejo; mapped with Census 2020 ZCTA 94589 in Solano County.,,2096,Zillow ZORI,
94585 Suisun City,zcta,94585,Suisun City,38.1918321,-121.9382694,540461,2440,2023-05-31,10,0,Zillow ZIP-level market for Suisun City; mapped with Census 2020 ZCTA 94585 in Solano County.,,2440,Zillow ZORI,
94510 Benicia,zcta,94510,Benicia,38.1132046,-122.1197077,789116,2267,2023-05-31,10,0,Zillow ZIP-level market for Benicia; mapped with Census 2020 ZCTA 94510 in Solano County.,,2267,Zillow ZORI,
95620 Dixon,zcta,95620,Dixon,38.4049355,-121.7543792,597680,,2023-05-31,10,0,Zillow ZIP-level market for Dixon; mapped with Census 2020 ZCTA 95620 in Solano County.,,,,
94571 Rio Vista,zcta,94571,Rio Vista,38.1520707,-121.7597729,475656,,2023-05-31,10,0,Zillow ZIP-level market for Rio Vista; mapped with Census 2020 ZCTA 94571 in Solano County.,,,,
94592 Vallejo,zcta,94592,Vallejo,38.090998,-122.2854178,766197,,2023-05-31,10,0,Zillow ZIP-level market for Vallejo; mapped with Census 2020 ZCTA 94592 in Solano County.,,,,
94533 Fairfield,zcta,94533,Fairfield,38.2807448,-122.0063799,545301,2153,2023-06-30,10,0,Zillow ZIP-level market for Fairfield; mapped with Census 2020 ZCTA 94533 in Solano County.,,2153,Zillow ZORI,
95687 Vacaville,zcta,95687,Vacaville,38.3331329,-121.9201507,580836,2357,2023-06-30,10,0,Zillow ZIP-level market for Vacaville; mapped with Census 2020 ZCTA 95687 in Solano County.,,2357,Zillow ZORI,
94591 Vallejo,zcta,94591,Vallejo,38.1271913,-122.196855,618496,2160,2023-06-30,10,0,Zillow ZIP-level market for Vallejo; mapped with Census 2020 ZCTA 94591 in Solano County.,,2160,Zillow ZORI,
95688 Vacaville,zcta,95688,Vacaville,38.4213428,-122.0301235,654047,2306,2023-06-30,10,0,Zillow ZIP-level market for Vacaville; mapped with Census 2020 ZCTA 95688 in Solano County.,,2306,Zillow ZORI,
94590 Vallejo,zcta,94590,Vallejo,38.0957888,-122.2496894,508098,1914,2023-06-30,10,0,Zillow ZIP-level market for Vallejo; mapped with Census 2020 ZCTA 94590 in Solano County.,,1914,Zillow ZORI,
94534 Fairfield,zcta,94534,Fairfield,38.241946,-122.1182724,698039,2529,2023-06-30,10,0,Zillow ZIP-level market for Fairfield; mapped with Census 2020 ZCTA 94534 in Solano County.,,2529,Zillow ZORI,
94589 Vallejo,zcta,94589,Vallejo,38.1414668,-122.2468701,531313,2067,2023-06-30,10,0,Zillow ZIP-level market for Vallejo; mapped with Census 2020 ZCTA 94589 in Solano County.,,2067,Zillow ZORI,
94585 Suisun City,zcta,94585,Suisun City,38.1918321,-121.9382694,543373,2491,2023-06-30,10,0,Zillow ZIP-level market for Suisun City; mapped with Census 2020 ZCTA 94585 in Solano County.,,2491,Zillow ZORI,
94510 Benicia,zcta,94510,Benicia,38.1132046,-122.1197077,794102,2258,2023-06-30,10,0,Zillow ZIP-level market for Benicia; mapped with Census 2020 ZCTA 94510 in Solano County.,,2258,Zillow ZORI,
95620 Dixon,zcta,95620,Dixon,38.4049355,-121.7543792,600387,,2023-06-30,10,0,Zillow ZIP-level market for Dixon; mapped with Census 2020 ZCTA 95620 in Solano County.,,,,
94571 Rio Vista,zcta,94571,Rio Vista,38.1520707,-121.7597729,476709,,2023-06-30,10,0,Zillow ZIP-level market for Rio Vista; mapped with Census 2020 ZCTA 94571 in Solano County.,,,,
94592 Vallejo,zcta,94592,Vallejo,38.090998,-122.2854178,770100,,2023-06-30,10,0,Zillow ZIP-level market for Vallejo; mapped with Census 2020 ZCTA 94592 in Solano County.,,,,
94533 Fairfield,zcta,94533,Fairfield,38.2807448,-122.0063799,548357,2156,2023-07-31,10,0,Zillow ZIP-level market for Fairfield; mapped with Census 2020 ZCTA 94533 in Solano County.,,2156,Zillow ZORI,
95687 Vacaville,zcta,95687,Vacaville,38.3331329,-121.9201507,584208,2366,2023-07-31,10,0,Zillow ZIP-level market for Vacaville; mapped with Census 2020 ZCTA 95687 in Solano County.,,2366,Zillow ZORI,
94591 Vallejo,zcta,94591,Vallejo,38.1271913,-122.196855,622318,2165,2023-07-31,10,0,Zillow ZIP-level market for Vallejo; mapped with Census 2020 ZCTA 94591 in Solano County.,,2165,Zillow ZORI,
95688 Vacaville,zcta,95688,Vacaville,38.4213428,-122.0301235,657624,2311,2023-07-31,10,0,Zillow ZIP-level market for Vacaville; mapped with Census 2020 ZCTA 95688 in Solano County.,,2311,Zillow ZORI,
94590 Vallejo,zcta,94590,Vallejo,38.0957888,-122.2496894,510425,1910,2023-07-31,10,0,Zillow ZIP-level market for Vallejo; mapped with Census 2020 ZCTA 94590 in Solano County.,,1910,Zillow ZORI,
94534 Fairfield,zcta,94534,Fairfield,38.241946,-122.1182724,701050,2551,2023-07-31,10,0,Zillow ZIP-level market for Fairfield; mapped with Census 2020 ZCTA 94534 in Solano County.,,2551,Zillow ZORI,
94589 Vallejo,zcta,94589,Vallejo,38.1414668,-122.2468701,535181,2070,2023-07-31,10,0,Zillow ZIP-level market for Vallejo; mapped with Census 2020 ZCTA 94589 in Solano County.,,2070,Zillow ZORI,
94585 Suisun City,zcta,94585,Suisun City,38.1918321,-121.9382694,546580,2471,2023-07-31,10,0,Zillow ZIP-level market for Suisun City; mapped with Census 2020 ZCTA 94585 in Solano County.,,2471,Zillow ZORI,
94510 Benicia,zcta,94510,Benicia,38.1132046,-122.1197077,799847,2241,2023-07-31,10,0,Zillow ZIP-level market for Benicia; mapped with Census 2020 ZCTA 94510 in Solano County.,,2241,Zillow ZORI,
95620 Dixon,zcta,95620,Dixon,38.4049355,-121.7543792,603141,,2023-07-31,10,0,Zillow ZIP-level market for Dixon; mapped with Census 2020 ZCTA 95620 in Solano County.,,,,
94571 Rio Vista,zcta,94571,Rio Vista,38.1520707,-121.7597729,477171,,2023-07-31,10,0,Zillow ZIP-level market for Rio Vista; mapped with Census 2020 ZCTA 94571 in Solano County.,,,,
94592 Vallejo,zcta,94592,Vallejo,38.090998,-122.2854178,773903,,2023-07-31,10,0,Zillow ZIP-level market for Vallejo; mapped with Census 2020 ZCTA 94592 in Solano County.,,,,
94533 Fairfield,zcta,94533,Fairfield,38.2807448,-122.0063799,551585,2170,2023-08-31,10,0,Zillow ZIP-level market for Fairfield; mapped with Census 2020 ZCTA 94533 in Solano County.,,2170,Zillow ZORI,
95687 Vacaville,zcta,95687,Vacaville,38.3331329,-121.9201507,587280,2386,2023-08-31,10,0,Zillow ZIP-level market for Vacaville; mapped with Census 2020 ZCTA 95687 in Solano County.,,2386,Zillow ZORI,
94591 Vallejo,zcta,94591,Vallejo,38.1271913,-122.196855,626634,2157,2023-08-31,10,0,Zillow ZIP-level market for Vallejo; mapped with Census 2020 ZCTA 94591 in Solano County.,,2157,Zillow ZORI,
95688 Vacaville,zcta,95688,Vacaville,38.4213428,-122.0301235,660642,2329,2023-08-31,10,0,Zillow ZIP-level market for Vacaville; mapped with Census 2020 ZCTA 95688 in Solano County.,,2329,Zillow ZORI,
94590 Vallejo,zcta,94590,Vallejo,38.0957888,-122.2496894,513767,1909,2023-08-31,10,0,Zillow ZIP-level market for Vallejo; mapped with Census 2020 ZCTA 94590 in Solano County.,,1909,Zillow ZORI,
94534 Fairfield,zcta,94534,Fairfield,38.241946,-122.1182724,704025,2585,2023-08-31,10,0,Zillow ZIP-level market for Fairfield; mapped with Census 2020 ZCTA 94534 in Solano County.,,2585,Zillow ZORI,
94589 Vallejo,zcta,94589,Vallejo,38.1414668,-122.2468701,539661,2093,2023-08-31,10,0,Zillow ZIP-level market for Vallejo; mapped with Census 2020 ZCTA 94589 in Solano County.,,2093,Zillow ZORI,
94585 Suisun City,zcta,94585,Suisun City,38.1918321,-121.9382694,550001,2473,2023-08-31,10,0,Zillow ZIP-level market for Suisun City; mapped with Census 2020 ZCTA 94585 in Solano County.,,2473,Zillow ZORI,
94510 Benicia,zcta,94510,Benicia,38.1132046,-122.1197077,806421,2256,2023-08-31,10,0,Zillow ZIP-level market for Benicia; mapped with Census 2020 ZCTA 94510 in Solano County.,,2256,Zillow ZORI,
95620 Dixon,zcta,95620,Dixon,38.4049355,-121.7543792,606453,,2023-08-31,10,0,Zillow ZIP-level market for Dixon; mapped with Census 2020 ZCTA 95620 in Solano County.,,,,
94571 Rio Vista,zcta,94571,Rio Vista,38.1520707,-121.7597729,476766,,2023-08-31,10,0,Zillow ZIP-level market for Rio Vista; mapped with Census 2020 ZCTA 94571 in Solano County.,,,,
94592 Vallejo,zcta,94592,Vallejo,38.090998,-122.2854178,776380,,2023-08-31,10,0,Zillow ZIP-level market for Vallejo; mapped with Census 2020 ZCTA 94592 in Solano County.,,,,
94533 Fairfield,zcta,94533,Fairfield,38.2807448,-122.0063799,553986,2198,2023-09-30,10,0,Zillow ZIP-level market for Fairfield; mapped with Census 2020 ZCTA 94533 in Solano County.,,2198,Zillow ZORI,
95687 Vacaville,zcta,95687,Vacaville,38.3331329,-121.9201507,589444,2352,2023-09-30,10,0,Zillow ZIP-level market for Vacaville; mapped with Census 2020 ZCTA 95687 in Solano County.,,2352,Zillow ZORI,
94591 Vallejo,zcta,94591,Vallejo,38.1271913,-122.196855,629763,2133,2023-09-30,10,0,Zillow ZIP-level market for Vallejo; mapped with Census 2020 ZCTA 94591 in Solano County.,,2133,Zillow ZORI,
95688 Vacaville,zcta,95688,Vacaville,38.4213428,-122.0301235,662163,2315,2023-09-30,10,0,Zillow ZIP-level market for Vacaville; mapped with Census 2020 ZCTA 95688 in Solano County.,,2315,Zillow ZORI,
94590 Vallejo,zcta,94590,Vallejo,38.0957888,-122.2496894,515556,1909,2023-09-30,10,0,Zillow ZIP-level market for Vallejo; mapped with Census 2020 ZCTA 94590 in Solano County.,,1909,Zillow ZORI,
94534 Fairfield,zcta,94534,Fairfield,38.241946,-122.1182724,705579,2574,2023-09-30,10,0,Zillow ZIP-level market for Fairfield; mapped with Census 2020 ZCTA 94534 in Solano County.,,2574,Zillow ZORI,
94589 Vallejo,zcta,94589,Vallejo,38.1414668,-122.2468701,542988,2124,2023-09-30,10,0,Zillow ZIP-level market for Vallejo; mapped with Census 2020 ZCTA 94589 in Solano County.,,2124,Zillow ZORI,
94585 Suisun City,zcta,94585,Suisun City,38.1918321,-121.9382694,552764,2461,2023-09-30,10,0,Zillow ZIP-level market for Suisun City; mapped with Census 2020 ZCTA 94585 in Solano County.,,2461,Zillow ZORI,
94510 Benicia,zcta,94510,Benicia,38.1132046,-122.1197077,811132,2275,2023-09-30,10,0,Zillow ZIP-level market for Benicia; mapped with Census 2020 ZCTA 94510 in Solano County.,,2275,Zillow ZORI,
95620 Dixon,zcta,95620,Dixon,38.4049355,-121.7543792,609085,,2023-09-30,10,0,Zillow ZIP-level market for Dixon; mapped with Census 2020 ZCTA 95620 in Solano County.,,,,
94571 Rio Vista,zcta,94571,Rio Vista,38.1520707,-121.7597729,475435,,2023-09-30,10,0,Zillow ZIP-level market for Rio Vista; mapped with Census 2020 ZCTA 94571 in Solano County.,,,,
94592 Vallejo,zcta,94592,Vallejo,38.090998,-122.2854178,775769,,2023-09-30,10,0,Zillow ZIP-level market for Vallejo; mapped with Census 2020 ZCTA 94592 in Solano County.,,,,
94533 Fairfield,zcta,94533,Fairfield,38.2807448,-122.0063799,555941,2204,2023-10-31,10,0,Zillow ZIP-level market for Fairfield; mapped with Census 2020 ZCTA 94533 in Solano County.,,2204,Zillow ZORI,
95687 Vacaville,zcta,95687,Vacaville,38.3331329,-121.9201507,591012,2349,2023-10-31,10,0,Zillow ZIP-level market for Vacaville; mapped with Census 2020 ZCTA 95687 in Solano County.,,2349,Zillow ZORI,
94591 Vallejo,zcta,94591,Vallejo,38.1271913,-122.196855,631876,2127,2023-10-31,10,0,Zillow ZIP-level market for Vallejo; mapped with Census 2020 ZCTA 94591 in Solano County.,,2127,Zillow ZORI,
95688 Vacaville,zcta,95688,Vacaville,38.4213428,-122.0301235,663294,2304,2023-10-31,10,0,Zillow ZIP-level market for Vacaville; mapped with Census 2020 ZCTA 95688 in Solano County.,,2304,Zillow ZORI,
94590 Vallejo,zcta,94590,Vallejo,38.0957888,-122.2496894,516785,1890,2023-10-31,10,0,Zillow ZIP-level market for Vallejo; mapped with Census 2020 ZCTA 94590 in Solano County.,,1890,Zillow ZORI,
94534 Fairfield,zcta,94534,Fairfield,38.241946,-122.1182724,706445,2559,2023-10-31,10,0,Zillow ZIP-level market for Fairfield; mapped with Census 2020 ZCTA 94534 in Solano County.,,2559,Zillow ZORI,
94589 Vallejo,zcta,94589,Vallejo,38.1414668,-122.2468701,545289,2121,2023-10-31,10,0,Zillow ZIP-level market for Vallejo; mapped with Census 2020 ZCTA 94589 in Solano County.,,2121,Zillow ZORI,
94585 Suisun City,zcta,94585,Suisun City,38.1918321,-121.9382694,554667,2486,2023-10-31,10,0,Zillow ZIP-level market for Suisun City; mapped with Census 2020 ZCTA 94585 in Solano County.,,2486,Zillow ZORI,
94510 Benicia,zcta,94510,Benicia,38.1132046,-122.1197077,815263,2318,2023-10-31,10,0,Zillow ZIP-level market for Benicia; mapped with Census 2020 ZCTA 94510 in Solano County.,,2318,Zillow ZORI,
95620 Dixon,zcta,95620,Dixon,38.4049355,-121.7543792,611324,,2023-10-31,10,0,Zillow ZIP-level market for Dixon; mapped with Census 2020 ZCTA 95620 in Solano County.,,,,
94571 Rio Vista,zcta,94571,Rio Vista,38.1520707,-121.7597729,474163,,2023-10-31,10,0,Zillow ZIP-level market for Rio Vista; mapped with Census 2020 ZCTA 94571 in Solano County.,,,,
94592 Vallejo,zcta,94592,Vallejo,38.090998,-122.2854178,772841,,2023-10-31,10,0,Zillow ZIP-level market for Vallejo; mapped with Census 2020 ZCTA 94592 in Solano County.,,,,
94533 Fairfield,zcta,94533,Fairfield,38.2807448,-122.0063799,556567,2205,2023-11-30,10,0,Zillow ZIP-level market for Fairfield; mapped with Census 2020 ZCTA 94533 in Solano County.,,2205,Zillow ZORI,
95687 Vacaville,zcta,95687,Vacaville,38.3331329,-121.9201507,591509,2314,2023-11-30,10,0,Zillow ZIP-level market for Vacaville; mapped with Census 2020 ZCTA 95687 in Solano County.,,2314,Zillow ZORI,
94591 Vallejo,zcta,94591,Vallejo,38.1271913,-122.196855,632055,2132,2023-11-30,10,0,Zillow ZIP-level market for Vallejo; mapped with Census 2020 ZCTA 94591 in Solano County.,,2132,Zillow ZORI,
95688 Vacaville,zcta,95688,Vacaville,38.4213428,-122.0301235,662519,2259,2023-11-30,10,0,Zillow ZIP-level market for Vacaville; mapped with Census 2020 ZCTA 95688 in Solano County.,,2259,Zillow ZORI,
94590 Vallejo,zcta,94590,Vallejo,38.0957888,-122.2496894,515918,1872,2023-11-30,10,0,Zillow ZIP-level market for Vallejo; mapped with Census 2020 ZCTA 94590 in Solano County.,,1872,Zillow ZORI,
94534 Fairfield,zcta,94534,Fairfield,38.241946,-122.1182724,705774,2526,2023-11-30,10,0,Zillow ZIP-level market for Fairfield; mapped with Census 2020 ZCTA 94534 in Solano County.,,2526,Zillow ZORI,
94589 Vallejo,zcta,94589,Vallejo,38.1414668,-122.2468701,545526,2089,2023-11-30,10,0,Zillow ZIP-level market for Vallejo; mapped with Census 2020 ZCTA 94589 in Solano County.,,2089,Zillow ZORI,
94585 Suisun City,zcta,94585,Suisun City,38.1918321,-121.9382694,555060,2472,2023-11-30,10,0,Zillow ZIP-level market for Suisun City; mapped with Census 2020 ZCTA 94585 in Solano County.,,2472,Zillow ZORI,
94510 Benicia,zcta,94510,Benicia,38.1132046,-122.1197077,815399,2339,2023-11-30,10,0,Zillow ZIP-level market for Benicia; mapped with Census 2020 ZCTA 94510 in Solano County.,,2339,Zillow ZORI,
95620 Dixon,zcta,95620,Dixon,38.4049355,-121.7543792,611298,,2023-11-30,10,0,Zillow ZIP-level market for Dixon; mapped with Census 2020 ZCTA 95620 in Solano County.,,,,
94571 Rio Vista,zcta,94571,Rio Vista,38.1520707,-121.7597729,472496,,2023-11-30,10,0,Zillow ZIP-level market for Rio Vista; mapped with Census 2020 ZCTA 94571 in Solano County.,,,,
94592 Vallejo,zcta,94592,Vallejo,38.090998,-122.2854178,768503,,2023-11-30,10,0,Zillow ZIP-level market for Vallejo; mapped with Census 2020 ZCTA 94592 in Solano County.,,,,
94533 Fairfield,zcta,94533,Fairfield,38.2807448,-122.0063799,557637,2181,2023-12-31,10,0,Zillow ZIP-level market for Fairfield; mapped with Census 2020 ZCTA 94533 in Solano County.,,2181,Zillow ZORI,
95687 Vacaville,zcta,95687,Vacaville,38.3331329,-121.9201507,592063,2321,2023-12-31,10,0,Zillow ZIP-level market for Vacaville; mapped with Census 2020 ZCTA 95687 in Solano County.,,2321,Zillow ZORI,
94591 Vallejo,zcta,94591,Vallejo,38.1271913,-122.196855,632576,2135,2023-12-31,10,0,Zillow ZIP-level market for Vallejo; mapped with Census 2020 ZCTA 94591 in Solano County.,,2135,Zillow ZORI,
95688 Vacaville,zcta,95688,Vacaville,38.4213428,-122.0301235,662033,2275,2023-12-31,10,0,Zillow ZIP-level market for Vacaville; mapped with Census 2020 ZCTA 95688 in Solano County.,,2275,Zillow ZORI,
94590 Vallejo,zcta,94590,Vallejo,38.0957888,-122.2496894,515156,1867,2023-12-31,10,0,Zillow ZIP-level market for Vallejo; mapped with Census 2020 ZCTA 94590 in Solano County.,,1867,Zillow ZORI,
94534 Fairfield,zcta,94534,Fairfield,38.241946,-122.1182724,706058,2513,2023-12-31,10,0,Zillow ZIP-level market for Fairfield; mapped with Census 2020 ZCTA 94534 in Solano County.,,2513,Zillow ZORI,
94589 Vallejo,zcta,94589,Vallejo,38.1414668,-122.2468701,545288,2102,2023-12-31,10,0,Zillow ZIP-level market for Vallejo; mapped with Census 2020 ZCTA 94589 in Solano County.,,2102,Zillow ZORI,
94585 Suisun City,zcta,94585,Suisun City,38.1918321,-121.9382694,555292,2448,2023-12-31,10,0,Zillow ZIP-level market for Suisun City; mapped with Census 2020 ZCTA 94585 in Solano County.,,2448,Zillow ZORI,
94510 Benicia,zcta,94510,Benicia,38.1132046,-122.1197077,814718,2357,2023-12-31,10,0,Zillow ZIP-level market for Benicia; mapped with Census 2020 ZCTA 94510 in Solano County.,,2357,Zillow ZORI,
95620 Dixon,zcta,95620,Dixon,38.4049355,-121.7543792,611559,,2023-12-31,10,0,Zillow ZIP-level market for Dixon; mapped with Census 2020 ZCTA 95620 in Solano County.,,,,
94571 Rio Vista,zcta,94571,Rio Vista,38.1520707,-121.7597729,471236,,2023-12-31,10,0,Zillow ZIP-level market for Rio Vista; mapped with Census 2020 ZCTA 94571 in Solano County.,,,,
94592 Vallejo,zcta,94592,Vallejo,38.090998,-122.2854178,766101,,2023-12-31,10,0,Zillow ZIP-level market for Vallejo; mapped with Census 2020 ZCTA 94592 in Solano County.,,,,
94533 Fairfield,zcta,94533,Fairfield,38.2807448,-122.0063799,559002,2156,2024-01-31,10,0,Zillow ZIP-level market for Fairfield; mapped with Census 2020 ZCTA 94533 in Solano County.,,2156,Zillow ZORI,
95687 Vacaville,zcta,95687,Vacaville,38.3331329,-121.9201507,592597,2333,2024-01-31,10,0,Zillow ZIP-level market for Vacaville; mapped with Census 2020 ZCTA 95687 in Solano County.,,2333,Zillow ZORI,
94591 Vallejo,zcta,94591,Vallejo,38.1271913,-122.196855,633304,2140,2024-01-31,10,0,Zillow ZIP-level market for Vallejo; mapped with Census 2020 ZCTA 94591 in Solano County.,,2140,Zillow ZORI,
95688 Vacaville,zcta,95688,Vacaville,38.4213428,-122.0301235,661247,2274,2024-01-31,10,0,Zillow ZIP-level market for Vacaville; mapped with Census 2020 ZCTA 95688 in Solano County.,,2274,Zillow ZORI,
94590 Vallejo,zcta,94590,Vallejo,38.0957888,-122.2496894,514341,1888,2024-01-31,10,0,Zillow ZIP-level market for Vallejo; mapped with Census 2020 ZCTA 94590 in Solano County.,,1888,Zillow ZORI,
94534 Fairfield,zcta,94534,Fairfield,38.241946,-122.1182724,706427,2489,2024-01-31,10,0,Zillow ZIP-level market for Fairfield; mapped with Census 2020 ZCTA 94534 in Solano County.,,2489,Zillow ZORI,
94589 Vallejo,zcta,94589,Vallejo,38.1414668,-122.2468701,545356,2116,2024-01-31,10,0,Zillow ZIP-level market for Vallejo; mapped with Census 2020 ZCTA 94589 in Solano County.,,2116,Zillow ZORI,
94585 Suisun City,zcta,94585,Suisun City,38.1918321,-121.9382694,555589,2449,2024-01-31,10,0,Zillow ZIP-level market for Suisun City; mapped with Census 2020 ZCTA 94585 in Solano County.,,2449,Zillow ZORI,
94510 Benicia,zcta,94510,Benicia,38.1132046,-122.1197077,812434,2388,2024-01-31,10,0,Zillow ZIP-level market for Benicia; mapped with Census 2020 ZCTA 94510 in Solano County.,,2388,Zillow ZORI,
95620 Dixon,zcta,95620,Dixon,38.4049355,-121.7543792,611980,,2024-01-31,10,0,Zillow ZIP-level market for Dixon; mapped with Census 2020 ZCTA 95620 in Solano County.,,,,
94571 Rio Vista,zcta,94571,Rio Vista,38.1520707,-121.7597729,470499,,2024-01-31,10,0,Zillow ZIP-level market for Rio Vista; mapped with Census 2020 ZCTA 94571 in Solano County.,,,,
94592 Vallejo,zcta,94592,Vallejo,38.090998,-122.2854178,765700,,2024-01-31,10,0,Zillow ZIP-level market for Vallejo; mapped with Census 2020 ZCTA 94592 in Solano County.,,,,
94533 Fairfield,zcta,94533,Fairfield,38.2807448,-122.0063799,561459,2159,2024-02-29,10,0,Zillow ZIP-level market for Fairfield; mapped with Census 2020 ZCTA 94533 in Solano County.,,2159,Zillow ZORI,
95687 Vacaville,zcta,95687,Vacaville,38.3331329,-121.9201507,593971,2365,2024-02-29,10,0,Zillow ZIP-level market for Vacaville; mapped with Census 2020 ZCTA 95687 in Solano County.,,2365,Zillow ZORI,
94591 Vallejo,zcta,94591,Vallejo,38.1271913,-122.196855,635375,2144,2024-02-29,10,0,Zillow ZIP-level market for Vallejo; mapped with Census 2020 ZCTA 94591 in Solano County.,,2144,Zillow ZORI,
95688 Vacaville,zcta,95688,Vacaville,38.4213428,-122.0301235,662504,2307,2024-02-29,10,0,Zillow ZIP-level market for Vacaville; mapped with Census 2020 ZCTA 95688 in Solano County.,,2307,Zillow ZORI,
94590 Vallejo,zcta,94590,Vallejo,38.0957888,-122.2496894,514432,1926,2024-02-29,10,0,Zillow ZIP-level market for Vallejo; mapped with Census 2020 ZCTA 94590 in Solano County.,,1926,Zillow ZORI,
94534 Fairfield,zcta,94534,Fairfield,38.241946,-122.1182724,708630,2496,2024-02-29,10,0,Zillow ZIP-level market for Fairfield; mapped with Census 2020 ZCTA 94534 in Solano County.,,2496,Zillow ZORI,
94589 Vallejo,zcta,94589,Vallejo,38.1414668,-122.2468701,546485,2126,2024-02-29,10,0,Zillow ZIP-level market for Vallejo; mapped with Census 2020 ZCTA 94589 in Solano County.,,2126,Zillow ZORI,
94585 Suisun City,zcta,94585,Suisun City,38.1918321,-121.9382694,556519,2437,2024-02-29,10,0,Zillow ZIP-level market for Suisun City; mapped with Census 2020 ZCTA 94585 in Solano County.,,2437,Zillow ZORI,
94510 Benicia,zcta,94510,Benicia,38.1132046,-122.1197077,813955,2384,2024-02-29,10,0,Zillow ZIP-level market for Benicia; mapped with Census 2020 ZCTA 94510 in Solano County.,,2384,Zillow ZORI,
95620 Dixon,zcta,95620,Dixon,38.4049355,-121.7543792,613981,,2024-02-29,10,0,Zillow ZIP-level market for Dixon; mapped with Census 2020 ZCTA 95620 in Solano County.,,,,
94571 Rio Vista,zcta,94571,Rio Vista,38.1520707,-121.7597729,470750,,2024-02-29,10,0,Zillow ZIP-level market for Rio Vista; mapped with Census 2020 ZCTA 94571 in Solano County.,,,,
94592 Vallejo,zcta,94592,Vallejo,38.090998,-122.2854178,768410,,2024-02-29,10,0,Zillow ZIP-level market for Vallejo; mapped with Census 2020 ZCTA 94592 in Solano County.,,,,
94533 Fairfield,zcta,94533,Fairfield,38.2807448,-122.0063799,564412,2180,2024-03-31,10,0,Zillow ZIP-level market for Fairfield; mapped with Census 2020 ZCTA 94533 in Solano County.,,2180,Zillow ZORI,
95687 Vacaville,zcta,95687,Vacaville,38.3331329,-121.9201507,595929,2405,2024-03-31,10,0,Zillow ZIP-level market for Vacaville; mapped with Census 2020 ZCTA 95687 in Solano County.,,2405,Zillow ZORI,
94591 Vallejo,zcta,94591,Vallejo,38.1271913,-122.196855,638098,2160,2024-03-31,10,0,Zillow ZIP-level market for Vallejo; mapped with Census 2020 ZCTA 94591 in Solano County.,,2160,Zillow ZORI,
95688 Vacaville,zcta,95688,Vacaville,38.4213428,-122.0301235,664944,2325,2024-03-31,10,0,Zillow ZIP-level market for Vacaville; mapped with Census 2020 ZCTA 95688 in Solano County.,,2325,Zillow ZORI,
94590 Vallejo,zcta,94590,Vallejo,38.0957888,-122.2496894,515032,1949,2024-03-31,10,0,Zillow ZIP-level market for Vallejo; mapped with Census 2020 ZCTA 94590 in Solano County.,,1949,Zillow ZORI,
94534 Fairfield,zcta,94534,Fairfield,38.241946,-122.1182724,711693,2520,2024-03-31,10,0,Zillow ZIP-level market for Fairfield; mapped with Census 2020 ZCTA 94534 in Solano County.,,2520,Zillow ZORI,
94589 Vallejo,zcta,94589,Vallejo,38.1414668,-122.2468701,548430,2146,2024-03-31,10,0,Zillow ZIP-level market for Vallejo; mapped with Census 2020 ZCTA 94589 in Solano County.,,2146,Zillow ZORI,
94585 Suisun City,zcta,94585,Suisun City,38.1918321,-121.9382694,557941,2457,2024-03-31,10,0,Zillow ZIP-level market for Suisun City; mapped with Census 2020 ZCTA 94585 in Solano County.,,2457,Zillow ZORI,
94510 Benicia,zcta,94510,Benicia,38.1132046,-122.1197077,818752,2407,2024-03-31,10,0,Zillow ZIP-level market for Benicia; mapped with Census 2020 ZCTA 94510 in Solano County.,,2407,Zillow ZORI,
95620 Dixon,zcta,95620,Dixon,38.4049355,-121.7543792,616411,,2024-03-31,10,0,Zillow ZIP-level market for Dixon; mapped with Census 2020 ZCTA 95620 in Solano County.,,,,
94571 Rio Vista,zcta,94571,Rio Vista,38.1520707,-121.7597729,472166,,2024-03-31,10,0,Zillow ZIP-level market for Rio Vista; mapped with Census 2020 ZCTA 94571 in Solano County.,,,,
94592 Vallejo,zcta,94592,Vallejo,38.090998,-122.2854178,772970,,2024-03-31,10,0,Zillow ZIP-level market for Vallejo; mapped with Census 2020 ZCTA 94592 in Solano County.,,,,
94533 Fairfield,zcta,94533,Fairfield,38.2807448,-122.0063799,567866,2218,2024-04-30,10,0,Zillow ZIP-level market for Fairfield; mapped with Census 2020 ZCTA 94533 in Solano County.,,2218,Zillow ZORI,
95687 Vacaville,zcta,95687,Vacaville,38.3331329,-121.9201507,598534,2423,2024-04-30,10,0,Zillow ZIP-level market for Vacaville; mapped with Census 2020 ZCTA 95687 in Solano County.,,2423,Zillow ZORI,
94591 Vallejo,zcta,94591,Vallejo,38.1271913,-122.196855,641567,2165,2024-04-30,10,0,Zillow ZIP-level market for Vallejo; mapped with Census 2020 ZCTA 94591 in Solano County.,,2165,Zillow ZORI,
95688 Vacaville,zcta,95688,Vacaville,38.4213428,-122.0301235,668719,2336,2024-04-30,10,0,Zillow ZIP-level market for Vacaville; mapped with Census 2020 ZCTA 95688 in Solano County.,,2336,Zillow ZORI,
94590 Vallejo,zcta,94590,Vallejo,38.0957888,-122.2496894,516487,1956,2024-04-30,10,0,Zillow ZIP-level market for Vallejo; mapped with Census 2020 ZCTA 94590 in Solano County.,,1956,Zillow ZORI,
94534 Fairfield,zcta,94534,Fairfield,38.241946,-122.1182724,716588,2563,2024-04-30,10,0,Zillow ZIP-level market for Fairfield; mapped with Census 2020 ZCTA 94534 in Solano County.,,2563,Zillow ZORI,
94589 Vallejo,zcta,94589,Vallejo,38.1414668,-122.2468701,551159,2158,2024-04-30,10,0,Zillow ZIP-level market for Vallejo; mapped with Census 2020 ZCTA 94589 in Solano County.,,2158,Zillow ZORI,
94585 Suisun City,zcta,94585,Suisun City,38.1918321,-121.9382694,560491,2463,2024-04-30,10,0,Zillow ZIP-level market for Suisun City; mapped with Census 2020 ZCTA 94585 in Solano County.,,2463,Zillow ZORI,
94510 Benicia,zcta,94510,Benicia,38.1132046,-122.1197077,826617,2390,2024-04-30,10,0,Zillow ZIP-level market for Benicia; mapped with Census 2020 ZCTA 94510 in Solano County.,,2390,Zillow ZORI,
95620 Dixon,zcta,95620,Dixon,38.4049355,-121.7543792,619397,,2024-04-30,10,0,Zillow ZIP-level market for Dixon; mapped with Census 2020 ZCTA 95620 in Solano County.,,,,
94571 Rio Vista,zcta,94571,Rio Vista,38.1520707,-121.7597729,473725,,2024-04-30,10,0,Zillow ZIP-level market for Rio Vista; mapped with Census 2020 ZCTA 94571 in Solano County.,,,,
94592 Vallejo,zcta,94592,Vallejo,38.090998,-122.2854178,779293,,2024-04-30,10,0,Zillow ZIP-level market for Vallejo; mapped with Census 2020 ZCTA 94592 in Solano County.,,,,
94533 Fairfield,zcta,94533,Fairfield,38.2807448,-122.0063799,570051,2231,2024-05-31,10,0,Zillow ZIP-level market for Fairfield; mapped with Census 2020 ZCTA 94533 in Solano County.,,2231,Zillow ZORI,
95687 Vacaville,zcta,95687,Vacaville,38.3331329,-121.9201507,599753,2439,2024-05-31,10,0,Zillow ZIP-level market for Vacaville; mapped with Census 2020 ZCTA 95687 in Solano County.,,2439,Zillow ZORI,
94591 Vallejo,zcta,94591,Vallejo,38.1271913,-122.196855,643391,2175,2024-05-31,10,0,Zillow ZIP-level market for Vallejo; mapped with Census 2020 ZCTA 94591 in Solano County.,,2175,Zillow ZORI,
95688 Vacaville,zcta,95688,Vacaville,38.4213428,-122.0301235,671345,2331,2024-05-31,10,0,Zillow ZIP-level market for Vacaville; mapped with Census 2020 ZCTA 95688 in Solano County.,,2331,Zillow ZORI,
94590 Vallejo,zcta,94590,Vallejo,38.0957888,-122.2496894,517229,1951,2024-05-31,10,0,Zillow ZIP-level market for Vallejo; mapped with Census 2020 ZCTA 94590 in Solano County.,,1951,Zillow ZORI,
94534 Fairfield,zcta,94534,Fairfield,38.241946,-122.1182724,719673,2595,2024-05-31,10,0,Zillow ZIP-level market for Fairfield; mapped with Census 2020 ZCTA 94534 in Solano County.,,2595,Zillow ZORI,
94589 Vallejo,zcta,94589,Vallejo,38.1414668,-122.2468701,552654,2161,2024-05-31,10,0,Zillow ZIP-level market for Vallejo; mapped with Census 2020 ZCTA 94589 in Solano County.,,2161,Zillow ZORI,
94585 Suisun City,zcta,94585,Suisun City,38.1918321,-121.9382694,562249,2516,2024-05-31,10,0,Zillow ZIP-level market for Suisun City; mapped with Census 2020 ZCTA 94585 in Solano County.,,2516,Zillow ZORI,
94510 Benicia,zcta,94510,Benicia,38.1132046,-122.1197077,831707,2393,2024-05-31,10,0,Zillow ZIP-level market for Benicia; mapped with Census 2020 ZCTA 94510 in Solano County.,,2393,Zillow ZORI,
95620 Dixon,zcta,95620,Dixon,38.4049355,-121.7543792,621493,,2024-05-31,10,0,Zillow ZIP-level market for Dixon; mapped with Census 2020 ZCTA 95620 in Solano County.,,,,
94571 Rio Vista,zcta,94571,Rio Vista,38.1520707,-121.7597729,474906,,2024-05-31,10,0,Zillow ZIP-level market for Rio Vista; mapped with Census 2020 ZCTA 94571 in Solano County.,,,,
94592 Vallejo,zcta,94592,Vallejo,38.090998,-122.2854178,782741,,2024-05-31,10,0,Zillow ZIP-level market for Vallejo; mapped with Census 2020 ZCTA 94592 in Solano County.,,,,
94533 Fairfield,zcta,94533,Fairfield,38.2807448,-122.0063799,570541,2223,2024-06-30,10,0,Zillow ZIP-level market for Fairfield; mapped with Census 2020 ZCTA 94533 in Solano County.,,2223,Zillow ZORI,
95687 Vacaville,zcta,95687,Vacaville,38.3331329,-121.9201507,599546,2434,2024-06-30,10,0,Zillow ZIP-level market for Vacaville; mapped with Census 2020 ZCTA 95687 in Solano County.,,2434,Zillow ZORI,
94591 Vallejo,zcta,94591,Vallejo,38.1271913,-122.196855,643119,2196,2024-06-30,10,0,Zillow ZIP-level market for Vallejo; mapped with Census 2020 ZCTA 94591 in Solano County.,,2196,Zillow ZORI,
95688 Vacaville,zcta,95688,Vacaville,38.4213428,-122.0301235,672241,2306,2024-06-30,10,0,Zillow ZIP-level market for Vacaville; mapped with Census 2020 ZCTA 95688 in Solano County.,,2306,Zillow ZORI,
94590 Vallejo,zcta,94590,Vallejo,38.0957888,-122.2496894,516498,1949,2024-06-30,10,0,Zillow ZIP-level market for Vallejo; mapped with Census 2020 ZCTA 94590 in Solano County.,,1949,Zillow ZORI,
94534 Fairfield,zcta,94534,Fairfield,38.241946,-122.1182724,720641,2606,2024-06-30,10,0,Zillow ZIP-level market for Fairfield; mapped with Census 2020 ZCTA 94534 in Solano County.,,2606,Zillow ZORI,
94589 Vallejo,zcta,94589,Vallejo,38.1414668,-122.2468701,552894,2163,2024-06-30,10,0,Zillow ZIP-level market for Vallejo; mapped with Census 2020 ZCTA 94589 in Solano County.,,2163,Zillow ZORI,
94585 Suisun City,zcta,94585,Suisun City,38.1918321,-121.9382694,562701,2547,2024-06-30,10,0,Zillow ZIP-level market for Suisun City; mapped with Census 2020 ZCTA 94585 in Solano County.,,2547,Zillow ZORI,
94510 Benicia,zcta,94510,Benicia,38.1132046,-122.1197077,832268,2362,2024-06-30,10,0,Zillow ZIP-level market for Benicia; mapped with Census 2020 ZCTA 94510 in Solano County.,,2362,Zillow ZORI,
95620 Dixon,zcta,95620,Dixon,38.4049355,-121.7543792,621873,,2024-06-30,10,0,Zillow ZIP-level market for Dixon; mapped with Census 2020 ZCTA 95620 in Solano County.,,,,
94571 Rio Vista,zcta,94571,Rio Vista,38.1520707,-121.7597729,474983,,2024-06-30,10,0,Zillow ZIP-level market for Rio Vista; mapped with Census 2020 ZCTA 94571 in Solano County.,,,,
94592 Vallejo,zcta,94592,Vallejo,38.090998,-122.2854178,782714,,2024-06-30,10,0,Zillow ZIP-level market for Vallejo; mapped with Census 2020 ZCTA 94592 in Solano County.,,,,
94533 Fairfield,zcta,94533,Fairfield,38.2807448,-122.0063799,569856,2220,2024-07-31,10,0,Zillow ZIP-level market for Fairfield; mapped with Census 2020 ZCTA 94533 in Solano County.,,2220,Zillow ZORI,
95687 Vacaville,zcta,95687,Vacaville,38.3331329,-121.9201507,598594,2452,2024-07-31,10,0,Zillow ZIP-level market for Vacaville; mapped with Census 2020 ZCTA 95687 in Solano County.,,2452,Zillow ZORI,
94591 Vallejo,zcta,94591,Vallejo,38.1271913,-122.196855,641249,2222,2024-07-31,10,0,Zillow ZIP-level market for Vallejo; mapped with Census 2020 ZCTA 94591 in Solano County.,,2222,Zillow ZORI,
95688 Vacaville,zcta,95688,Vacaville,38.4213428,-122.0301235,671751,2342,2024-07-31,10,0,Zillow ZIP-level market for Vacaville; mapped with Census 2020 ZCTA 95688 in Solano County.,,2342,Zillow ZORI,
94590 Vallejo,zcta,94590,Vallejo,38.0957888,-122.2496894,514659,1969,2024-07-31,10,0,Zillow ZIP-level market for Vallejo; mapped with Census 2020 ZCTA 94590 in Solano County.,,1969,Zillow ZORI,
94534 Fairfield,zcta,94534,Fairfield,38.241946,-122.1182724,719392,2614,2024-07-31,10,0,Zillow ZIP-level market for Fairfield; mapped with Census 2020 ZCTA 94534 in Solano County.,,2614,Zillow ZORI,
94589 Vallejo,zcta,94589,Vallejo,38.1414668,-122.2468701,551560,2154,2024-07-31,10,0,Zillow ZIP-level market for Vallejo; mapped with Census 2020 ZCTA 94589 in Solano County.,,2154,Zillow ZORI,
94585 Suisun City,zcta,94585,Suisun City,38.1918321,-121.9382694,561816,2596,2024-07-31,10,0,Zillow ZIP-level market for Suisun City; mapped with Census 2020 ZCTA 94585 in Solano County.,,2596,Zillow ZORI,
94510 Benicia,zcta,94510,Benicia,38.1132046,-122.1197077,829203,2375,2024-07-31,10,0,Zillow ZIP-level market for Benicia; mapped with Census 2020 ZCTA 94510 in Solano County.,,2375,Zillow ZORI,
95620 Dixon,zcta,95620,Dixon,38.4049355,-121.7543792,621348,,2024-07-31,10,0,Zillow ZIP-level market for Dixon; mapped with Census 2020 ZCTA 95620 in Solano County.,,,,
94571 Rio Vista,zcta,94571,Rio Vista,38.1520707,-121.7597729,474574,,2024-07-31,10,0,Zillow ZIP-level market for Rio Vista; mapped with Census 2020 ZCTA 94571 in Solano County.,,,,
94592 Vallejo,zcta,94592,Vallejo,38.090998,-122.2854178,780434,,2024-07-31,10,0,Zillow ZIP-level market for Vallejo; mapped with Census 2020 ZCTA 94592 in Solano County.,,,,
94533 Fairfield,zcta,94533,Fairfield,38.2807448,-122.0063799,568722,2244,2024-08-31,10,0,Zillow ZIP-level market for Fairfield; mapped with Census 2020 ZCTA 94533 in Solano County.,,2244,Zillow ZORI,
95687 Vacaville,zcta,95687,Vacaville,38.3331329,-121.9201507,597882,2456,2024-08-31,10,0,Zillow ZIP-level market for Vacaville; mapped with Census 2020 ZCTA 95687 in Solano County.,,2456,Zillow ZORI,
94591 Vallejo,zcta,94591,Vallejo,38.1271913,-122.196855,638871,2238,2024-08-31,10,0,Zillow ZIP-level market for Vallejo; mapped with Census 2020 ZCTA 94591 in Solano County.,,2238,Zillow ZORI,
95688 Vacaville,zcta,95688,Vacaville,38.4213428,-122.0301235,671044,2378,2024-08-31,10,0,Zillow ZIP-level market for Vacaville; mapped with Census 2020 ZCTA 95688 in Solano County.,,2378,Zillow ZORI,
94590 Vallejo,zcta,94590,Vallejo,38.0957888,-122.2496894,512492,1975,2024-08-31,10,0,Zillow ZIP-level market for Vallejo; mapped with Census 2020 ZCTA 94590 in Solano County.,,1975,Zillow ZORI,
94534 Fairfield,zcta,94534,Fairfield,38.241946,-122.1182724,717675,2613,2024-08-31,10,0,Zillow ZIP-level market for Fairfield; mapped with Census 2020 ZCTA 94534 in Solano County.,,2613,Zillow ZORI,
94589 Vallejo,zcta,94589,Vallejo,38.1414668,-122.2468701,550269,2205,2024-08-31,10,0,Zillow ZIP-level market for Vallejo; mapped with Census 2020 ZCTA 94589 in Solano County.,,2205,Zillow ZORI,
94585 Suisun City,zcta,94585,Suisun City,38.1918321,-121.9382694,561106,2593,2024-08-31,10,0,Zillow ZIP-level market for Suisun City; mapped with Census 2020 ZCTA 94585 in Solano County.,,2593,Zillow ZORI,
94510 Benicia,zcta,94510,Benicia,38.1132046,-122.1197077,825144,2373,2024-08-31,10,0,Zillow ZIP-level market for Benicia; mapped with Census 2020 ZCTA 94510 in Solano County.,,2373,Zillow ZORI,
95620 Dixon,zcta,95620,Dixon,38.4049355,-121.7543792,621188,,2024-08-31,10,0,Zillow ZIP-level market for Dixon; mapped with Census 2020 ZCTA 95620 in Solano County.,,,,
94571 Rio Vista,zcta,94571,Rio Vista,38.1520707,-121.7597729,473976,,2024-08-31,10,0,Zillow ZIP-level market for Rio Vista; mapped with Census 2020 ZCTA 94571 in Solano County.,,,,
94592 Vallejo,zcta,94592,Vallejo,38.090998,-122.2854178,777505,,2024-08-31,10,0,Zillow ZIP-level market for Vallejo; mapped with Census 2020 ZCTA 94592 in Solano County.,,,,
94533 Fairfield,zcta,94533,Fairfield,38.2807448,-122.0063799,567288,2285,2024-09-30,10,0,Zillow ZIP-level market for Fairfield; mapped with Census 2020 ZCTA 94533 in Solano County.,,2285,Zillow ZORI,
95687 Vacaville,zcta,95687,Vacaville,38.3331329,-121.9201507,597467,2458,2024-09-30,10,0,Zillow ZIP-level market for Vacaville; mapped with Census 2020 ZCTA 95687 in Solano County.,,2458,Zillow ZORI,
94591 Vallejo,zcta,94591,Vallejo,38.1271913,-122.196855,636283,2230,2024-09-30,10,0,Zillow ZIP-level market for Vallejo; mapped with Census 2020 ZCTA 94591 in Solano County.,,2230,Zillow ZORI,
95688 Vacaville,zcta,95688,Vacaville,38.4213428,-122.0301235,670470,2412,2024-09-30,10,0,Zillow ZIP-level market for Vacaville; mapped with Census 2020 ZCTA 95688 in Solano County.,,2412,Zillow ZORI,
94590 Vallejo,zcta,94590,Vallejo,38.0957888,-122.2496894,509731,1979,2024-09-30,10,0,Zillow ZIP-level market for Vallejo; mapped with Census 2020 ZCTA 94590 in Solano County.,,1979,Zillow ZORI,
94534 Fairfield,zcta,94534,Fairfield,38.241946,-122.1182724,716323,2607,2024-09-30,10,0,Zillow ZIP-level market for Fairfield; mapped with Census 2020 ZCTA 94534 in Solano County.,,2607,Zillow ZORI,
94589 Vallejo,zcta,94589,Vallejo,38.1414668,-122.2468701,548681,2204,2024-09-30,10,0,Zillow ZIP-level market for Vallejo; mapped with Census 2020 ZCTA 94589 in Solano County.,,2204,Zillow ZORI,
94585 Suisun City,zcta,94585,Suisun City,38.1918321,-121.9382694,560640,2586,2024-09-30,10,0,Zillow ZIP-level market for Suisun City; mapped with Census 2020 ZCTA 94585 in Solano County.,,2586,Zillow ZORI,
94510 Benicia,zcta,94510,Benicia,38.1132046,-122.1197077,821926,2396,2024-09-30,10,0,Zillow ZIP-level market for Benicia; mapped with Census 2020 ZCTA 94510 in Solano County.,,2396,Zillow ZORI,
95620 Dixon,zcta,95620,Dixon,38.4049355,-121.7543792,621578,,2024-09-30,10,0,Zillow ZIP-level market for Dixon; mapped with Census 2020 ZCTA 95620 in Solano County.,,,,
94571 Rio Vista,zcta,94571,Rio Vista,38.1520707,-121.7597729,474104,,2024-09-30,10,0,Zillow ZIP-level market for Rio Vista; mapped with Census 2020 ZCTA 94571 in Solano County.,,,,
94592 Vallejo,zcta,94592,Vallejo,38.090998,-122.2854178,774662,,2024-09-30,10,0,Zillow ZIP-level market for Vallejo; mapped with Census 2020 ZCTA 94592 in Solano County.,,,,
94533 Fairfield,zcta,94533,Fairfield,38.2807448,-122.0063799,566027,2305,2024-10-31,10,0,Zillow ZIP-level market for Fairfield; mapped with Census 2020 ZCTA 94533 in Solano County.,,2305,Zillow ZORI,
95687 Vacaville,zcta,95687,Vacaville,38.3331329,-121.9201507,597554,2444,2024-10-31,10,0,Zillow ZIP-level market for Vacaville; mapped with Census 2020 ZCTA 95687 in Solano County.,,2444,Zillow ZORI,
94591 Vallejo,zcta,94591,Vallejo,38.1271913,-122.196855,634479,2223,2024-10-31,10,0,Zillow ZIP-level market for Vallejo; mapped with Census 2020 ZCTA 94591 in Solano County.,,2223,Zillow ZORI,
95688 Vacaville,zcta,95688,Vacaville,38.4213428,-122.0301235,670644,2389,2024-10-31,10,0,Zillow ZIP-level market for Vacaville; mapped with Census 2020 ZCTA 95688 in Solano County.,,2389,Zillow ZORI,
94590 Vallejo,zcta,94590,Vallejo,38.0957888,-122.2496894,506706,1949,2024-10-31,10,0,Zillow ZIP-level market for Vallejo; mapped with Census 2020 ZCTA 94590 in Solano County.,,1949,Zillow ZORI,
94534 Fairfield,zcta,94534,Fairfield,38.241946,-122.1182724,716113,2607,2024-10-31,10,0,Zillow ZIP-level market for Fairfield; mapped with Census 2020 ZCTA 94534 in Solano County.,,2607,Zillow ZORI,
94589 Vallejo,zcta,94589,Vallejo,38.1414668,-122.2468701,547114,2230,2024-10-31,10,0,Zillow ZIP-level market for Vallejo; mapped with Census 2020 ZCTA 94589 in Solano County.,,2230,Zillow ZORI,
94585 Suisun City,zcta,94585,Suisun City,38.1918321,-121.9382694,560054,2550,2024-10-31,10,0,Zillow ZIP-level market for Suisun City; mapped with Census 2020 ZCTA 94585 in Solano County.,,2550,Zillow ZORI,
94510 Benicia,zcta,94510,Benicia,38.1132046,-122.1197077,820959,2390,2024-10-31,10,0,Zillow ZIP-level market for Benicia; mapped with Census 2020 ZCTA 94510 in Solano County.,,2390,Zillow ZORI,
95620 Dixon,zcta,95620,Dixon,38.4049355,-121.7543792,622252,,2024-10-31,10,0,Zillow ZIP-level market for Dixon; mapped with Census 2020 ZCTA 95620 in Solano County.,,,,
94571 Rio Vista,zcta,94571,Rio Vista,38.1520707,-121.7597729,474226,,2024-10-31,10,0,Zillow ZIP-level market for Rio Vista; mapped with Census 2020 ZCTA 94571 in Solano County.,,,,
94592 Vallejo,zcta,94592,Vallejo,38.090998,-122.2854178,771872,,2024-10-31,10,0,Zillow ZIP-level market for Vallejo; mapped with Census 2020 ZCTA 94592 in Solano County.,,,,
94533 Fairfield,zcta,94533,Fairfield,38.2807448,-122.0063799,565851,2281,2024-11-30,10,0,Zillow ZIP-level market for Fairfield; mapped with Census 2020 ZCTA 94533 in Solano County.,,2281,Zillow ZORI,
95687 Vacaville,zcta,95687,Vacaville,38.3331329,-121.9201507,598607,2439,2024-11-30,10,0,Zillow ZIP-level market for Vacaville; mapped with Census 2020 ZCTA 95687 in Solano County.,,2439,Zillow ZORI,
94591 Vallejo,zcta,94591,Vallejo,38.1271913,-122.196855,635043,2202,2024-11-30,10,0,Zillow ZIP-level market for Vallejo; mapped with Census 2020 ZCTA 94591 in Solano County.,,2202,Zillow ZORI,
95688 Vacaville,zcta,95688,Vacaville,38.4213428,-122.0301235,672476,2383,2024-11-30,10,0,Zillow ZIP-level market for Vacaville; mapped with Census 2020 ZCTA 95688 in Solano County.,,2383,Zillow ZORI,
94590 Vallejo,zcta,94590,Vallejo,38.0957888,-122.2496894,505220,1944,2024-11-30,10,0,Zillow ZIP-level market for Vallejo; mapped with Census 2020 ZCTA 94590 in Solano County.,,1944,Zillow ZORI,
94534 Fairfield,zcta,94534,Fairfield,38.241946,-122.1182724,717597,2627,2024-11-30,10,0,Zillow ZIP-level market for Fairfield; mapped with Census 2020 ZCTA 94534 in Solano County.,,2627,Zillow ZORI,
94589 Vallejo,zcta,94589,Vallejo,38.1414668,-122.2468701,546789,2200,2024-11-30,10,0,Zillow ZIP-level market for Vallejo; mapped with Census 2020 ZCTA 94589 in Solano County.,,2200,Zillow ZORI,
94585 Suisun City,zcta,94585,Suisun City,38.1918321,-121.9382694,559654,2537,2024-11-30,10,0,Zillow ZIP-level market for Suisun City; mapped with Census 2020 ZCTA 94585 in Solano County.,,2537,Zillow ZORI,
94510 Benicia,zcta,94510,Benicia,38.1132046,-122.1197077,823505,2385,2024-11-30,10,0,Zillow ZIP-level market for Benicia; mapped with Census 2020 ZCTA 94510 in Solano County.,,2385,Zillow ZORI,
95620 Dixon,zcta,95620,Dixon,38.4049355,-121.7543792,623031,,2024-11-30,10,0,Zillow ZIP-level market for Dixon; mapped with Census 2020 ZCTA 95620 in Solano County.,,,,
94571 Rio Vista,zcta,94571,Rio Vista,38.1520707,-121.7597729,474914,,2024-11-30,10,0,Zillow ZIP-level market for Rio Vista; mapped with Census 2020 ZCTA 94571 in Solano County.,,,,
94592 Vallejo,zcta,94592,Vallejo,38.090998,-122.2854178,770953,,2024-11-30,10,0,Zillow ZIP-level market for Vallejo; mapped with Census 2020 ZCTA 94592 in Solano County.,,,,
94533 Fairfield,zcta,94533,Fairfield,38.2807448,-122.0063799,566432,2274,2024-12-31,10,0,Zillow ZIP-level market for Fairfield; mapped with Census 2020 ZCTA 94533 in Solano County.,,2274,Zillow ZORI,
95687 Vacaville,zcta,95687,Vacaville,38.3331329,-121.9201507,600267,2418,2024-12-31,10,0,Zillow ZIP-level market for Vacaville; mapped with Census 2020 ZCTA 95687 in Solano County.,,2418,Zillow ZORI,
94591 Vallejo,zcta,94591,Vallejo,38.1271913,-122.196855,636603,2190,2024-12-31,10,0,Zillow ZIP-level market for Vallejo; mapped with Census 2020 ZCTA 94591 in Solano County.,,2190,Zillow ZORI,
95688 Vacaville,zcta,95688,Vacaville,38.4213428,-122.0301235,675249,2370,2024-12-31,10,0,Zillow ZIP-level market for Vacaville; mapped with Census 2020 ZCTA 95688 in Solano County.,,2370,Zillow ZORI,
94590 Vallejo,zcta,94590,Vallejo,38.0957888,-122.2496894,504617,1953,2024-12-31,10,0,Zillow ZIP-level market for Vallejo; mapped with Census 2020 ZCTA 94590 in Solano County.,,1953,Zillow ZORI,
94534 Fairfield,zcta,94534,Fairfield,38.241946,-122.1182724,719450,2634,2024-12-31,10,0,Zillow ZIP-level market for Fairfield; mapped with Census 2020 ZCTA 94534 in Solano County.,,2634,Zillow ZORI,
94589 Vallejo,zcta,94589,Vallejo,38.1414668,-122.2468701,547104,2195,2024-12-31,10,0,Zillow ZIP-level market for Vallejo; mapped with Census 2020 ZCTA 94589 in Solano County.,,2195,Zillow ZORI,
94585 Suisun City,zcta,94585,Suisun City,38.1918321,-121.9382694,559355,2542,2024-12-31,10,0,Zillow ZIP-level market for Suisun City; mapped with Census 2020 ZCTA 94585 in Solano County.,,2542,Zillow ZORI,
94510 Benicia,zcta,94510,Benicia,38.1132046,-122.1197077,827513,2390,2024-12-31,10,0,Zillow ZIP-level market for Benicia; mapped with Census 2020 ZCTA 94510 in Solano County.,,2390,Zillow ZORI,
95620 Dixon,zcta,95620,Dixon,38.4049355,-121.7543792,623709,,2024-12-31,10,0,Zillow ZIP-level market for Dixon; mapped with Census 2020 ZCTA 95620 in Solano County.,,,,
94571 Rio Vista,zcta,94571,Rio Vista,38.1520707,-121.7597729,475241,,2024-12-31,10,0,Zillow ZIP-level market for Rio Vista; mapped with Census 2020 ZCTA 94571 in Solano County.,,,,
94592 Vallejo,zcta,94592,Vallejo,38.090998,-122.2854178,770114,,2024-12-31,10,0,Zillow ZIP-level market for Vallejo; mapped with Census 2020 ZCTA 94592 in Solano County.,,,,
94533 Fairfield,zcta,94533,Fairfield,38.2807448,-122.0063799,566652,2272,2025-01-31,10,0,Zillow ZIP-level market for Fairfield; mapped with Census 2020 ZCTA 94533 in Solano County.,,2272,Zillow ZORI,
95687 Vacaville,zcta,95687,Vacaville,38.3331329,-121.9201507,601253,2414,2025-01-31,10,0,Zillow ZIP-level market for Vacaville; mapped with Census 2020 ZCTA 95687 in Solano County.,,2414,Zillow ZORI,
94591 Vallejo,zcta,94591,Vallejo,38.1271913,-122.196855,637137,2193,2025-01-31,10,0,Zillow ZIP-level market for Vallejo; mapped with Census 2020 ZCTA 94591 in Solano County.,,2193,Zillow ZORI,
95688 Vacaville,zcta,95688,Vacaville,38.4213428,-122.0301235,677203,2366,2025-01-31,10,0,Zillow ZIP-level market for Vacaville; mapped with Census 2020 ZCTA 95688 in Solano County.,,2366,Zillow ZORI,
94590 Vallejo,zcta,94590,Vallejo,38.0957888,-122.2496894,503635,1973,2025-01-31,10,0,Zillow ZIP-level market for Vallejo; mapped with Census 2020 ZCTA 94590 in Solano County.,,1973,Zillow ZORI,
94534 Fairfield,zcta,94534,Fairfield,38.241946,-122.1182724,720392,2642,2025-01-31,10,0,Zillow ZIP-level market for Fairfield; mapped with Census 2020 ZCTA 94534 in Solano County.,,2642,Zillow ZORI,
94589 Vallejo,zcta,94589,Vallejo,38.1414668,-122.2468701,546884,2179,2025-01-31,10,0,Zillow ZIP-level market for Vallejo; mapped with Census 2020 ZCTA 94589 in Solano County.,,2179,Zillow ZORI,
94585 Suisun City,zcta,94585,Suisun City,38.1918321,-121.9382694,558815,2539,2025-01-31,10,0,Zillow ZIP-level market for Suisun City; mapped with Census 2020 ZCTA 94585 in Solano County.,,2539,Zillow ZORI,
94510 Benicia,zcta,94510,Benicia,38.1132046,-122.1197077,829986,2407,2025-01-31,10,0,Zillow ZIP-level market for Benicia; mapped with Census 2020 ZCTA 94510 in Solano County.,,2407,Zillow ZORI,
95620 Dixon,zcta,95620,Dixon,38.4049355,-121.7543792,623727,,2025-01-31,10,0,Zillow ZIP-level market for Dixon; mapped with Census 2020 ZCTA 95620 in Solano County.,,,,
94571 Rio Vista,zcta,94571,Rio Vista,38.1520707,-121.7597729,475664,,2025-01-31,10,0,Zillow ZIP-level market for Rio Vista; mapped with Census 2020 ZCTA 94571 in Solano County.,,,,
94592 Vallejo,zcta,94592,Vallejo,38.090998,-122.2854178,769372,,2025-01-31,10,0,Zillow ZIP-level market for Vallejo; mapped with Census 2020 ZCTA 94592 in Solano County.,,,,
94533 Fairfield,zcta,94533,Fairfield,38.2807448,-122.0063799,566001,2295,2025-02-28,10,0,Zillow ZIP-level market for Fairfield; mapped with Census 2020 ZCTA 94533 in Solano County.,,2295,Zillow ZORI,
95687 Vacaville,zcta,95687,Vacaville,38.3331329,-121.9201507,601081,2411,2025-02-28,10,0,Zillow ZIP-level market for Vacaville; mapped with Census 2020 ZCTA 95687 in Solano County.,,2411,Zillow ZORI,
94591 Vallejo,zcta,94591,Vallejo,38.1271913,-122.196855,635882,2203,2025-02-28,10,0,Zillow ZIP-level market for Vallejo; mapped with Census 2020 ZCTA 94591 in Solano County.,,2203,Zillow ZORI,
95688 Vacaville,zcta,95688,Vacaville,38.4213428,-122.0301235,677599,2372,2025-02-28,10,0,Zillow ZIP-level market for Vacaville; mapped with Census 2020 ZCTA 95688 in Solano County.,,2372,Zillow ZORI,
94590 Vallejo,zcta,94590,Vallejo,38.0957888,-122.2496894,501338,1972,2025-02-28,10,0,Zillow ZIP-level market for Vallejo; mapped with Census 2020 ZCTA 94590 in Solano County.,,1972,Zillow ZORI,
94534 Fairfield,zcta,94534,Fairfield,38.241946,-122.1182724,720205,2634,2025-02-28,10,0,Zillow ZIP-level market for Fairfield; mapped with Census 2020 ZCTA 94534 in Solano County.,,2634,Zillow ZORI,
94589 Vallejo,zcta,94589,Vallejo,38.1414668,-122.2468701,545583,2187,2025-02-28,10,0,Zillow ZIP-level market for Vallejo; mapped with Census 2020 ZCTA 94589 in Solano County.,,2187,Zillow ZORI,
94585 Suisun City,zcta,94585,Suisun City,38.1918321,-121.9382694,557308,2530,2025-02-28,10,0,Zillow ZIP-level market for Suisun City; mapped with Census 2020 ZCTA 94585 in Solano County.,,2530,Zillow ZORI,
94510 Benicia,zcta,94510,Benicia,38.1132046,-122.1197077,830465,2443,2025-02-28,10,0,Zillow ZIP-level market for Benicia; mapped with Census 2020 ZCTA 94510 in Solano County.,,2443,Zillow ZORI,
95620 Dixon,zcta,95620,Dixon,38.4049355,-121.7543792,623194,,2025-02-28,10,0,Zillow ZIP-level market for Dixon; mapped with Census 2020 ZCTA 95620 in Solano County.,,,,
94571 Rio Vista,zcta,94571,Rio Vista,38.1520707,-121.7597729,475687,,2025-02-28,10,0,Zillow ZIP-level market for Rio Vista; mapped with Census 2020 ZCTA 94571 in Solano County.,,,,
94592 Vallejo,zcta,94592,Vallejo,38.090998,-122.2854178,768279,,2025-02-28,10,0,Zillow ZIP-level market for Vallejo; mapped with Census 2020 ZCTA 94592 in Solano County.,,,,
94533 Fairfield,zcta,94533,Fairfield,38.2807448,-122.0063799,564448,2298,2025-03-31,10,0,Zillow ZIP-level market for Fairfield; mapped with Census 2020 ZCTA 94533 in Solano County.,,2298,Zillow ZORI,
95687 Vacaville,zcta,95687,Vacaville,38.3331329,-121.9201507,599693,2448,2025-03-31,10,0,Zillow ZIP-level market for Vacaville; mapped with Census 2020 ZCTA 95687 in Solano County.,,2448,Zillow ZORI,
94591 Vallejo,zcta,94591,Vallejo,38.1271913,-122.196855,633289,2219,2025-03-31,10,0,Zillow ZIP-level market for Vallejo; mapped with Census 2020 ZCTA 94591 in Solano County.,,2219,Zillow ZORI,
95688 Vacaville,zcta,95688,Vacaville,38.4213428,-122.0301235,677017,2375,2025-03-31,10,0,Zillow ZIP-level market for Vacaville; mapped with Census 2020 ZCTA 95688 in Solano County.,,2375,Zillow ZORI,
94590 Vallejo,zcta,94590,Vallejo,38.0957888,-122.2496894,498750,1986,2025-03-31,10,0,Zillow ZIP-level market for Vallejo; mapped with Census 2020 ZCTA 94590 in Solano County.,,1986,Zillow ZORI,
94534 Fairfield,zcta,94534,Fairfield,38.241946,-122.1182724,719227,2649,2025-03-31,10,0,Zillow ZIP-level market for Fairfield; mapped with Census 2020 ZCTA 94534 in Solano County.,,2649,Zillow ZORI,
94589 Vallejo,zcta,94589,Vallejo,38.1414668,-122.2468701,543535,2221,2025-03-31,10,0,Zillow ZIP-level market for Vallejo; mapped with Census 2020 ZCTA 94589 in Solano County.,,2221,Zillow ZORI,
94585 Suisun City,zcta,94585,Suisun City,38.1918321,-121.9382694,554871,2541,2025-03-31,10,0,Zillow ZIP-level market for Suisun City; mapped with Census 2020 ZCTA 94585 in Solano County.,,2541,Zillow ZORI,
94510 Benicia,zcta,94510,Benicia,38.1132046,-122.1197077,829695,2462,2025-03-31,10,0,Zillow ZIP-level market for Benicia; mapped with Census 2020 ZCTA 94510 in Solano County.,,2462,Zillow ZORI,
95620 Dixon,zcta,95620,Dixon,38.4049355,-121.7543792,621958,,2025-03-31,10,0,Zillow ZIP-level market for Dixon; mapped with Census 2020 ZCTA 95620 in Solano County.,,,,
94571 Rio Vista,zcta,94571,Rio Vista,38.1520707,-121.7597729,475164,,2025-03-31,10,0,Zillow ZIP-level market for Rio Vista; mapped with Census 2020 ZCTA 94571 in Solano County.,,,,
94592 Vallejo,zcta,94592,Vallejo,38.090998,-122.2854178,767427,,2025-03-31,10,0,Zillow ZIP-level market for Vallejo; mapped with Census 2020 ZCTA 94592 in Solano County.,,,,
94533 Fairfield,zcta,94533,Fairfield,38.2807448,-122.0063799,562642,2300,2025-04-30,10,0,Zillow ZIP-level market for Fairfield; mapped with Census 2020 ZCTA 94533 in Solano County.,,2300,Zillow ZORI,
95687 Vacaville,zcta,95687,Vacaville,38.3331329,-121.9201507,597719,2455,2025-04-30,10,0,Zillow ZIP-level market for Vacaville; mapped with Census 2020 ZCTA 95687 in Solano County.,,2455,Zillow ZORI,
94591 Vallejo,zcta,94591,Vallejo,38.1271913,-122.196855,630386,2246,2025-04-30,10,0,Zillow ZIP-level market for Vallejo; mapped with Census 2020 ZCTA 94591 in Solano County.,,2246,Zillow ZORI,
95688 Vacaville,zcta,95688,Vacaville,38.4213428,-122.0301235,676059,2421,2025-04-30,10,0,Zillow ZIP-level market for Vacaville; mapped with Census 2020 ZCTA 95688 in Solano County.,,2421,Zillow ZORI,
94590 Vallejo,zcta,94590,Vallejo,38.0957888,-122.2496894,496001,1981,2025-04-30,10,0,Zillow ZIP-level market for Vallejo; mapped with Census 2020 ZCTA 94590 in Solano County.,,1981,Zillow ZORI,
94534 Fairfield,zcta,94534,Fairfield,38.241946,-122.1182724,718091,2643,2025-04-30,10,0,Zillow ZIP-level market for Fairfield; mapped with Census 2020 ZCTA 94534 in Solano County.,,2643,Zillow ZORI,
94589 Vallejo,zcta,94589,Vallejo,38.1414668,-122.2468701,541403,2288,2025-04-30,10,0,Zillow ZIP-level market for Vallejo; mapped with Census 2020 ZCTA 94589 in Solano County.,,2288,Zillow ZORI,
94585 Suisun City,zcta,94585,Suisun City,38.1918321,-121.9382694,552261,2557,2025-04-30,10,0,Zillow ZIP-level market for Suisun City; mapped with Census 2020 ZCTA 94585 in Solano County.,,2557,Zillow ZORI,
94510 Benicia,zcta,94510,Benicia,38.1132046,-122.1197077,829135,2458,2025-04-30,10,0,Zillow ZIP-level market for Benicia; mapped with Census 2020 ZCTA 94510 in Solano County.,,2458,Zillow ZORI,
95620 Dixon,zcta,95620,Dixon,38.4049355,-121.7543792,620297,,2025-04-30,10,0,Zillow ZIP-level market for Dixon; mapped with Census 2020 ZCTA 95620 in Solano County.,,,,
94571 Rio Vista,zcta,94571,Rio Vista,38.1520707,-121.7597729,474154,,2025-04-30,10,0,Zillow ZIP-level market for Rio Vista; mapped with Census 2020 ZCTA 94571 in Solano County.,,,,
94592 Vallejo,zcta,94592,Vallejo,38.090998,-122.2854178,766390,,2025-04-30,10,0,Zillow ZIP-level market for Vallejo; mapped with Census 2020 ZCTA 94592 in Solano County.,,,,
94533 Fairfield,zcta,94533,Fairfield,38.2807448,-122.0063799,560391,2313,2025-05-31,10,0,Zillow ZIP-level market for Fairfield; mapped with Census 2020 ZCTA 94533 in Solano County.,,2313,Zillow ZORI,
95687 Vacaville,zcta,95687,Vacaville,38.3331329,-121.9201507,595015,2483,2025-05-31,10,0,Zillow ZIP-level market for Vacaville; mapped with Census 2020 ZCTA 95687 in Solano County.,,2483,Zillow ZORI,
94591 Vallejo,zcta,94591,Vallejo,38.1271913,-122.196855,626107,2286,2025-05-31,10,0,Zillow ZIP-level market for Vallejo; mapped with Census 2020 ZCTA 94591 in Solano County.,,2286,Zillow ZORI,
95688 Vacaville,zcta,95688,Vacaville,38.4213428,-122.0301235,673707,2428,2025-05-31,10,0,Zillow ZIP-level market for Vacaville; mapped with Census 2020 ZCTA 95688 in Solano County.,,2428,Zillow ZORI,
94590 Vallejo,zcta,94590,Vallejo,38.0957888,-122.2496894,492657,1970,2025-05-31,10,0,Zillow ZIP-level market for Vallejo; mapped with Census 2020 ZCTA 94590 in Solano County.,,1970,Zillow ZORI,
94534 Fairfield,zcta,94534,Fairfield,38.241946,-122.1182724,715662,2649,2025-05-31,10,0,Zillow ZIP-level market for Fairfield; mapped with Census 2020 ZCTA 94534 in Solano County.,,2649,Zillow ZORI,
94589 Vallejo,zcta,94589,Vallejo,38.1414668,-122.2468701,538476,2287,2025-05-31,10,0,Zillow ZIP-level market for Vallejo; mapped with Census 2020 ZCTA 94589 in Solano County.,,2287,Zillow ZORI,
94585 Suisun City,zcta,94585,Suisun City,38.1918321,-121.9382694,549186,2593,2025-05-31,10,0,Zillow ZIP-level market for Suisun City; mapped with Census 2020 ZCTA 94585 in Solano County.,,2593,Zillow ZORI,
94510 Benicia,zcta,94510,Benicia,38.1132046,-122.1197077,826638,2419,2025-05-31,10,0,Zillow ZIP-level market for Benicia; mapped with Census 2020 ZCTA 94510 in Solano County.,,2419,Zillow ZORI,
95620 Dixon,zcta,95620,Dixon,38.4049355,-121.7543792,617520,,2025-05-31,10,0,Zillow ZIP-level market for Dixon; mapped with Census 2020 ZCTA 95620 in Solano County.,,,,
94571 Rio Vista,zcta,94571,Rio Vista,38.1520707,-121.7597729,472048,,2025-05-31,10,0,Zillow ZIP-level market for Rio Vista; mapped with Census 2020 ZCTA 94571 in Solano County.,,,,
94592 Vallejo,zcta,94592,Vallejo,38.090998,-122.2854178,762902,,2025-05-31,10,0,Zillow ZIP-level market for Vallejo; mapped with Census 2020 ZCTA 94592 in Solano County.,,,,
94533 Fairfield,zcta,94533,Fairfield,38.2807448,-122.0063799,558162,2299,2025-06-30,10,0,Zillow ZIP-level market for Fairfield; mapped with Census 2020 ZCTA 94533 in Solano County.,,2299,Zillow ZORI,
95687 Vacaville,zcta,95687,Vacaville,38.3331329,-121.9201507,592123,2499,2025-06-30,10,0,Zillow ZIP-level market for Vacaville; mapped with Census 2020 ZCTA 95687 in Solano County.,,2499,Zillow ZORI,
94591 Vallejo,zcta,94591,Vallejo,38.1271913,-122.196855,621630,2301,2025-06-30,10,0,Zillow ZIP-level market for Vallejo; mapped with Census 2020 ZCTA 94591 in Solano County.,,2301,Zillow ZORI,
95688 Vacaville,zcta,95688,Vacaville,38.4213428,-122.0301235,670690,2325,2025-06-30,10,0,Zillow ZIP-level market for Vacaville; mapped with Census 2020 ZCTA 95688 in Solano County.,,2325,Zillow ZORI,
94590 Vallejo,zcta,94590,Vallejo,38.0957888,-122.2496894,488998,1965,2025-06-30,10,0,Zillow ZIP-level market for Vallejo; mapped with Census 2020 ZCTA 94590 in Solano County.,,1965,Zillow ZORI,
94534 Fairfield,zcta,94534,Fairfield,38.241946,-122.1182724,712022,2587,2025-06-30,10,0,Zillow ZIP-level market for Fairfield; mapped with Census 2020 ZCTA 94534 in Solano County.,,2587,Zillow ZORI,
94589 Vallejo,zcta,94589,Vallejo,38.1414668,-122.2468701,535004,2310,2025-06-30,10,0,Zillow ZIP-level market for Vallejo; mapped with Census 2020 ZCTA 94589 in Solano County.,,2310,Zillow ZORI,
94585 Suisun City,zcta,94585,Suisun City,38.1918321,-121.9382694,546137,2596,2025-06-30,10,0,Zillow ZIP-level market for Suisun City; mapped with Census 2020 ZCTA 94585 in Solano County.,,2596,Zillow ZORI,
94510 Benicia,zcta,94510,Benicia,38.1132046,-122.1197077,823504,2376,2025-06-30,10,0,Zillow ZIP-level market for Benicia; mapped with Census 2020 ZCTA 94510 in Solano County.,,2376,Zillow ZORI,
95620 Dixon,zcta,95620,Dixon,38.4049355,-121.7543792,614869,,2025-06-30,10,0,Zillow ZIP-level market for Dixon; mapped with Census 2020 ZCTA 95620 in Solano County.,,,,
94571 Rio Vista,zcta,94571,Rio Vista,38.1520707,-121.7597729,469739,,2025-06-30,10,0,Zillow ZIP-level market for Rio Vista; mapped with Census 2020 ZCTA 94571 in Solano County.,,,,
94592 Vallejo,zcta,94592,Vallejo,38.090998,-122.2854178,757842,,2025-06-30,10,0,Zillow ZIP-level market for Vallejo; mapped with Census 2020 ZCTA 94592 in Solano County.,,,,
94533 Fairfield,zcta,94533,Fairfield,38.2807448,-122.0063799,555964,2305,2025-07-31,10,0,Zillow ZIP-level market for Fairfield; mapped with Census 2020 ZCTA 94533 in Solano County.,,2305,Zillow ZORI,
95687 Vacaville,zcta,95687,Vacaville,38.3331329,-121.9201507,589712,2513,2025-07-31,10,0,Zillow ZIP-level market for Vacaville; mapped with Census 2020 ZCTA 95687 in Solano County.,,2513,Zillow ZORI,
94591 Vallejo,zcta,94591,Vallejo,38.1271913,-122.196855,617630,2277,2025-07-31,10,0,Zillow ZIP-level market for Vallejo; mapped with Census 2020 ZCTA 94591 in Solano County.,,2277,Zillow ZORI,
95688 Vacaville,zcta,95688,Vacaville,38.4213428,-122.0301235,667961,2313,2025-07-31,10,0,Zillow ZIP-level market for Vacaville; mapped with Census 2020 ZCTA 95688 in Solano County.,,2313,Zillow ZORI,
94590 Vallejo,zcta,94590,Vallejo,38.0957888,-122.2496894,485312,1974,2025-07-31,10,0,Zillow ZIP-level market for Vallejo; mapped with Census 2020 ZCTA 94590 in Solano County.,,1974,Zillow ZORI,
94534 Fairfield,zcta,94534,Fairfield,38.241946,-122.1182724,707739,2626,2025-07-31,10,0,Zillow ZIP-level market for Fairfield; mapped with Census 2020 ZCTA 94534 in Solano County.,,2626,Zillow ZORI,
94589 Vallejo,zcta,94589,Vallejo,38.1414668,-122.2468701,531452,2285,2025-07-31,10,0,Zillow ZIP-level market for Vallejo; mapped with Census 2020 ZCTA 94589 in Solano County.,,2285,Zillow ZORI,
94585 Suisun City,zcta,94585,Suisun City,38.1918321,-121.9382694,543134,2645,2025-07-31,10,0,Zillow ZIP-level market for Suisun City; mapped with Census 2020 ZCTA 94585 in Solano County.,,2645,Zillow ZORI,
94510 Benicia,zcta,94510,Benicia,38.1132046,-122.1197077,820357,2388,2025-07-31,10,0,Zillow ZIP-level market for Benicia; mapped with Census 2020 ZCTA 94510 in Solano County.,,2388,Zillow ZORI,
95620 Dixon,zcta,95620,Dixon,38.4049355,-121.7543792,612676,,2025-07-31,10,0,Zillow ZIP-level market for Dixon; mapped with Census 2020 ZCTA 95620 in Solano County.,,,,
94571 Rio Vista,zcta,94571,Rio Vista,38.1520707,-121.7597729,467623,,2025-07-31,10,0,Zillow ZIP-level market for Rio Vista; mapped with Census 2020 ZCTA 94571 in Solano County.,,,,
94592 Vallejo,zcta,94592,Vallejo,38.090998,-122.2854178,750450,,2025-07-31,10,0,Zillow ZIP-level market for Vallejo; mapped with Census 2020 ZCTA 94592 in Solano County.,,,,
94533 Fairfield,zcta,94533,Fairfield,38.2807448,-122.0063799,553569,2325,2025-08-31,10,0,Zillow ZIP-level market for Fairfield; mapped with Census 2020 ZCTA 94533 in Solano County.,,2325,Zillow ZORI,
95687 Vacaville,zcta,95687,Vacaville,38.3331329,-121.9201507,587942,2489,2025-08-31,10,0,Zillow ZIP-level market for Vacaville; mapped with Census 2020 ZCTA 95687 in Solano County.,,2489,Zillow ZORI,
94591 Vallejo,zcta,94591,Vallejo,38.1271913,-122.196855,614760,2238,2025-08-31,10,0,Zillow ZIP-level market for Vallejo; mapped with Census 2020 ZCTA 94591 in Solano County.,,2238,Zillow ZORI,
95688 Vacaville,zcta,95688,Vacaville,38.4213428,-122.0301235,666346,2341,2025-08-31,10,0,Zillow ZIP-level market for Vacaville; mapped with Census 2020 ZCTA 95688 in Solano County.,,2341,Zillow ZORI,
94590 Vallejo,zcta,94590,Vallejo,38.0957888,-122.2496894,481997,1997,2025-08-31,10,0,Zillow ZIP-level market for Vallejo; mapped with Census 2020 ZCTA 94590 in Solano County.,,1997,Zillow ZORI,
94534 Fairfield,zcta,94534,Fairfield,38.241946,-122.1182724,703966,2624,2025-08-31,10,0,Zillow ZIP-level market for Fairfield; mapped with Census 2020 ZCTA 94534 in Solano County.,,2624,Zillow ZORI,
94589 Vallejo,zcta,94589,Vallejo,38.1414668,-122.2468701,528050,2316,2025-08-31,10,0,Zillow ZIP-level market for Vallejo; mapped with Census 2020 ZCTA 94589 in Solano County.,,2316,Zillow ZORI,
94585 Suisun City,zcta,94585,Suisun City,38.1918321,-121.9382694,540408,2666,2025-08-31,10,0,Zillow ZIP-level market for Suisun City; mapped with Census 2020 ZCTA 94585 in Solano County.,,2666,Zillow ZORI,
94510 Benicia,zcta,94510,Benicia,38.1132046,-122.1197077,818073,2400,2025-08-31,10,0,Zillow ZIP-level market for Benicia; mapped with Census 2020 ZCTA 94510 in Solano County.,,2400,Zillow ZORI,
95620 Dixon,zcta,95620,Dixon,38.4049355,-121.7543792,611018,,2025-08-31,10,0,Zillow ZIP-level market for Dixon; mapped with Census 2020 ZCTA 95620 in Solano County.,,,,
94571 Rio Vista,zcta,94571,Rio Vista,38.1520707,-121.7597729,466284,,2025-08-31,10,0,Zillow ZIP-level market for Rio Vista; mapped with Census 2020 ZCTA 94571 in Solano County.,,,,
94592 Vallejo,zcta,94592,Vallejo,38.090998,-122.2854178,743593,,2025-08-31,10,0,Zillow ZIP-level market for Vallejo; mapped with Census 2020 ZCTA 94592 in Solano County.,,,,
94533 Fairfield,zcta,94533,Fairfield,38.2807448,-122.0063799,551094,2341,2025-09-30,10,0,Zillow ZIP-level market for Fairfield; mapped with Census 2020 ZCTA 94533 in Solano County.,,2341,Zillow ZORI,
95687 Vacaville,zcta,95687,Vacaville,38.3331329,-121.9201507,586830,2473,2025-09-30,10,0,Zillow ZIP-level market for Vacaville; mapped with Census 2020 ZCTA 95687 in Solano County.,,2473,Zillow ZORI,
94591 Vallejo,zcta,94591,Vallejo,38.1271913,-122.196855,611893,2247,2025-09-30,10,0,Zillow ZIP-level market for Vallejo; mapped with Census 2020 ZCTA 94591 in Solano County.,,2247,Zillow ZORI,
95688 Vacaville,zcta,95688,Vacaville,38.4213428,-122.0301235,665876,2464,2025-09-30,10,0,Zillow ZIP-level market for Vacaville; mapped with Census 2020 ZCTA 95688 in Solano County.,,2464,Zillow ZORI,
94590 Vallejo,zcta,94590,Vallejo,38.0957888,-122.2496894,478707,1986,2025-09-30,10,0,Zillow ZIP-level market for Vallejo; mapped with Census 2020 ZCTA 94590 in Solano County.,,1986,Zillow ZORI,
94534 Fairfield,zcta,94534,Fairfield,38.241946,-122.1182724,701545,2692,2025-09-30,10,0,Zillow ZIP-level market for Fairfield; mapped with Census 2020 ZCTA 94534 in Solano County.,,2692,Zillow ZORI,
94589 Vallejo,zcta,94589,Vallejo,38.1414668,-122.2468701,524369,2308,2025-09-30,10,0,Zillow ZIP-level market for Vallejo; mapped with Census 2020 ZCTA 94589 in Solano County.,,2308,Zillow ZORI,
94585 Suisun City,zcta,94585,Suisun City,38.1918321,-121.9382694,537813,2656,2025-09-30,10,0,Zillow ZIP-level market for Suisun City; mapped with Census 2020 ZCTA 94585 in Solano County.,,2656,Zillow ZORI,
94510 Benicia,zcta,94510,Benicia,38.1132046,-122.1197077,817014,2421,2025-09-30,10,0,Zillow ZIP-level market for Benicia; mapped with Census 2020 ZCTA 94510 in Solano County.,,2421,Zillow ZORI,
95620 Dixon,zcta,95620,Dixon,38.4049355,-121.7543792,609596,,2025-09-30,10,0,Zillow ZIP-level market for Dixon; mapped with Census 2020 ZCTA 95620 in Solano County.,,,,
94571 Rio Vista,zcta,94571,Rio Vista,38.1520707,-121.7597729,464966,,2025-09-30,10,0,Zillow ZIP-level market for Rio Vista; mapped with Census 2020 ZCTA 94571 in Solano County.,,,,
94592 Vallejo,zcta,94592,Vallejo,38.090998,-122.2854178,737432,,2025-09-30,10,0,Zillow ZIP-level market for Vallejo; mapped with Census 2020 ZCTA 94592 in Solano County.,,,,
94533 Fairfield,zcta,94533,Fairfield,38.2807448,-122.0063799,548934,2332,2025-10-31,10,0,Zillow ZIP-level market for Fairfield; mapped with Census 2020 ZCTA 94533 in Solano County.,,2332,Zillow ZORI,
95687 Vacaville,zcta,95687,Vacaville,38.3331329,-121.9201507,586371,2445,2025-10-31,10,0,Zillow ZIP-level market for Vacaville; mapped with Census 2020 ZCTA 95687 in Solano County.,,2445,Zillow ZORI,
94591 Vallejo,zcta,94591,Vallejo,38.1271913,-122.196855,609468,2274,2025-10-31,10,0,Zillow ZIP-level market for Vallejo; mapped with Census 2020 ZCTA 94591 in Solano County.,,2274,Zillow ZORI,
95688 Vacaville,zcta,95688,Vacaville,38.4213428,-122.0301235,666332,2431,2025-10-31,10,0,Zillow ZIP-level market for Vacaville; mapped with Census 2020 ZCTA 95688 in Solano County.,,2431,Zillow ZORI,
94590 Vallejo,zcta,94590,Vallejo,38.0957888,-122.2496894,476366,1992,2025-10-31,10,0,Zillow ZIP-level market for Vallejo; mapped with Census 2020 ZCTA 94590 in Solano County.,,1992,Zillow ZORI,
94534 Fairfield,zcta,94534,Fairfield,38.241946,-122.1182724,700788,2653,2025-10-31,10,0,Zillow ZIP-level market for Fairfield; mapped with Census 2020 ZCTA 94534 in Solano County.,,2653,Zillow ZORI,
94589 Vallejo,zcta,94589,Vallejo,38.1414668,-122.2468701,520294,2282,2025-10-31,10,0,Zillow ZIP-level market for Vallejo; mapped with Census 2020 ZCTA 94589 in Solano County.,,2282,Zillow ZORI,
94585 Suisun City,zcta,94585,Suisun City,38.1918321,-121.9382694,535708,2631,2025-10-31,10,0,Zillow ZIP-level market for Suisun City; mapped with Census 2020 ZCTA 94585 in Solano County.,,2631,Zillow ZORI,
94510 Benicia,zcta,94510,Benicia,38.1132046,-122.1197077,817426,2418,2025-10-31,10,0,Zillow ZIP-level market for Benicia; mapped with Census 2020 ZCTA 94510 in Solano County.,,2418,Zillow ZORI,
95620 Dixon,zcta,95620,Dixon,38.4049355,-121.7543792,608800,,2025-10-31,10,0,Zillow ZIP-level market for Dixon; mapped with Census 2020 ZCTA 95620 in Solano County.,,,,
94571 Rio Vista,zcta,94571,Rio Vista,38.1520707,-121.7597729,463789,,2025-10-31,10,0,Zillow ZIP-level market for Rio Vista; mapped with Census 2020 ZCTA 94571 in Solano County.,,,,
94592 Vallejo,zcta,94592,Vallejo,38.090998,-122.2854178,734290,,2025-10-31,10,0,Zillow ZIP-level market for Vallejo; mapped with Census 2020 ZCTA 94592 in Solano County.,,,,
94533 Fairfield,zcta,94533,Fairfield,38.2807448,-122.0063799,547755,2301,2025-11-30,10,0,Zillow ZIP-level market for Fairfield; mapped with Census 2020 ZCTA 94533 in Solano County.,,2301,Zillow ZORI,
95687 Vacaville,zcta,95687,Vacaville,38.3331329,-121.9201507,586568,2426,2025-11-30,10,0,Zillow ZIP-level market for Vacaville; mapped with Census 2020 ZCTA 95687 in Solano County.,,2426,Zillow ZORI,
94591 Vallejo,zcta,94591,Vallejo,38.1271913,-122.196855,607784,2280,2025-11-30,10,0,Zillow ZIP-level market for Vallejo; mapped with Census 2020 ZCTA 94591 in Solano County.,,2280,Zillow ZORI,
95688 Vacaville,zcta,95688,Vacaville,38.4213428,-122.0301235,667948,2399,2025-11-30,10,0,Zillow ZIP-level market for Vacaville; mapped with Census 2020 ZCTA 95688 in Solano County.,,2399,Zillow ZORI,
94590 Vallejo,zcta,94590,Vallejo,38.0957888,-122.2496894,474741,1969,2025-11-30,10,0,Zillow ZIP-level market for Vallejo; mapped with Census 2020 ZCTA 94590 in Solano County.,,1969,Zillow ZORI,
94534 Fairfield,zcta,94534,Fairfield,38.241946,-122.1182724,701518,2659,2025-11-30,10,0,Zillow ZIP-level market for Fairfield; mapped with Census 2020 ZCTA 94534 in Solano County.,,2659,Zillow ZORI,
94589 Vallejo,zcta,94589,Vallejo,38.1414668,-122.2468701,516784,2264,2025-11-30,10,0,Zillow ZIP-level market for Vallejo; mapped with Census 2020 ZCTA 94589 in Solano County.,,2264,Zillow ZORI,
94585 Suisun City,zcta,94585,Suisun City,38.1918321,-121.9382694,534644,2615,2025-11-30,10,0,Zillow ZIP-level market for Suisun City; mapped with Census 2020 ZCTA 94585 in Solano County.,,2615,Zillow ZORI,
94510 Benicia,zcta,94510,Benicia,38.1132046,-122.1197077,819604,2442,2025-11-30,10,0,Zillow ZIP-level market for Benicia; mapped with Census 2020 ZCTA 94510 in Solano County.,,2442,Zillow ZORI,
95620 Dixon,zcta,95620,Dixon,38.4049355,-121.7543792,609038,,2025-11-30,10,0,Zillow ZIP-level market for Dixon; mapped with Census 2020 ZCTA 95620 in Solano County.,,,,
94571 Rio Vista,zcta,94571,Rio Vista,38.1520707,-121.7597729,462931,,2025-11-30,10,0,Zillow ZIP-level market for Rio Vista; mapped with Census 2020 ZCTA 94571 in Solano County.,,,,
94592 Vallejo,zcta,94592,Vallejo,38.090998,-122.2854178,733131,,2025-11-30,10,0,Zillow ZIP-level market for Vallejo; mapped with Census 2020 ZCTA 94592 in Solano County.,,,,
94533 Fairfield,zcta,94533,Fairfield,38.2807448,-122.0063799,547700,2288,2025-12-31,10,0,Zillow ZIP-level market for Fairfield; mapped with Census 2020 ZCTA 94533 in Solano County.,,2288,Zillow ZORI,
95687 Vacaville,zcta,95687,Vacaville,38.3331329,-121.9201507,587292,2394,2025-12-31,10,0,Zillow ZIP-level market for Vacaville; mapped with Census 2020 ZCTA 95687 in Solano County.,,2394,Zillow ZORI,
94591 Vallejo,zcta,94591,Vallejo,38.1271913,-122.196855,607399,2243,2025-12-31,10,0,Zillow ZIP-level market for Vallejo; mapped with Census 2020 ZCTA 94591 in Solano County.,,2243,Zillow ZORI,
95688 Vacaville,zcta,95688,Vacaville,38.4213428,-122.0301235,669896,2400,2025-12-31,10,0,Zillow ZIP-level market for Vacaville; mapped with Census 2020 ZCTA 95688 in Solano County.,,2400,Zillow ZORI,
94590 Vallejo,zcta,94590,Vallejo,38.0957888,-122.2496894,474246,1995,2025-12-31,10,0,Zillow ZIP-level market for Vallejo; mapped with Census 2020 ZCTA 94590 in Solano County.,,1995,Zillow ZORI,
94534 Fairfield,zcta,94534,Fairfield,38.241946,-122.1182724,702678,2632,2025-12-31,10,0,Zillow ZIP-level market for Fairfield; mapped with Census 2020 ZCTA 94534 in Solano County.,,2632,Zillow ZORI,
94589 Vallejo,zcta,94589,Vallejo,38.1414668,-122.2468701,514588,2245,2025-12-31,10,0,Zillow ZIP-level market for Vallejo; mapped with Census 2020 ZCTA 94589 in Solano County.,,2245,Zillow ZORI,
94585 Suisun City,zcta,94585,Suisun City,38.1918321,-121.9382694,534537,2625,2025-12-31,10,0,Zillow ZIP-level market for Suisun City; mapped with Census 2020 ZCTA 94585 in Solano County.,,2625,Zillow ZORI,
94510 Benicia,zcta,94510,Benicia,38.1132046,-122.1197077,822403,2422,2025-12-31,10,0,Zillow ZIP-level market for Benicia; mapped with Census 2020 ZCTA 94510 in Solano County.,,2422,Zillow ZORI,
95620 Dixon,zcta,95620,Dixon,38.4049355,-121.7543792,610051,,2025-12-31,10,0,Zillow ZIP-level market for Dixon; mapped with Census 2020 ZCTA 95620 in Solano County.,,,,
94571 Rio Vista,zcta,94571,Rio Vista,38.1520707,-121.7597729,462561,,2025-12-31,10,0,Zillow ZIP-level market for Rio Vista; mapped with Census 2020 ZCTA 94571 in Solano County.,,,,
94592 Vallejo,zcta,94592,Vallejo,38.090998,-122.2854178,732847,,2025-12-31,10,0,Zillow ZIP-level market for Vallejo; mapped with Census 2020 ZCTA 94592 in Solano County.,,,,
94533 Fairfield,zcta,94533,Fairfield,38.2807448,-122.0063799,547869,2299,2026-01-31,10,0,Zillow ZIP-level market for Fairfield; mapped with Census 2020 ZCTA 94533 in Solano County.,,2299,Zillow ZORI,
95687 Vacaville,zcta,95687,Vacaville,38.3331329,-121.9201507,587571,2389,2026-01-31,10,0,Zillow ZIP-level market for Vacaville; mapped with Census 2020 ZCTA 95687 in Solano County.,,2389,Zillow ZORI,
94591 Vallejo,zcta,94591,Vallejo,38.1271913,-122.196855,606647,2235,2026-01-31,10,0,Zillow ZIP-level market for Vallejo; mapped with Census 2020 ZCTA 94591 in Solano County.,,2235,Zillow ZORI,
95688 Vacaville,zcta,95688,Vacaville,38.4213428,-122.0301235,670957,2424,2026-01-31,10,0,Zillow ZIP-level market for Vacaville; mapped with Census 2020 ZCTA 95688 in Solano County.,,2424,Zillow ZORI,
94590 Vallejo,zcta,94590,Vallejo,38.0957888,-122.2496894,473574,1978,2026-01-31,10,0,Zillow ZIP-level market for Vallejo; mapped with Census 2020 ZCTA 94590 in Solano County.,,1978,Zillow ZORI,
94534 Fairfield,zcta,94534,Fairfield,38.241946,-122.1182724,703454,2629,2026-01-31,10,0,Zillow ZIP-level market for Fairfield; mapped with Census 2020 ZCTA 94534 in Solano County.,,2629,Zillow ZORI,
94589 Vallejo,zcta,94589,Vallejo,38.1414668,-122.2468701,513202,2278,2026-01-31,10,0,Zillow ZIP-level market for Vallejo; mapped with Census 2020 ZCTA 94589 in Solano County.,,2278,Zillow ZORI,
94585 Suisun City,zcta,94585,Suisun City,38.1918321,-121.9382694,534606,2586,2026-01-31,10,0,Zillow ZIP-level market for Suisun City; mapped with Census 2020 ZCTA 94585 in Solano County.,,2586,Zillow ZORI,
94510 Benicia,zcta,94510,Benicia,38.1132046,-122.1197077,823120,2419,2026-01-31,10,0,Zillow ZIP-level market for Benicia; mapped with Census 2020 ZCTA 94510 in Solano County.,,2419,Zillow ZORI,
95620 Dixon,zcta,95620,Dixon,38.4049355,-121.7543792,610812,,2026-01-31,10,0,Zillow ZIP-level market for Dixon; mapped with Census 2020 ZCTA 95620 in Solano County.,,,,
94571 Rio Vista,zcta,94571,Rio Vista,38.1520707,-121.7597729,462540,,2026-01-31,10,0,Zillow ZIP-level market for Rio Vista; mapped with Census 2020 ZCTA 94571 in Solano County.,,,,
94592 Vallejo,zcta,94592,Vallejo,38.090998,-122.2854178,732051,,2026-01-31,10,0,Zillow ZIP-level market for Vallejo; mapped with Census 2020 ZCTA 94592 in Solano County.,,,,
94533 Fairfield,zcta,94533,Fairfield,38.2807448,-122.0063799,548180,2278,2026-02-28,10,0,Zillow ZIP-level market for Fairfield; mapped with Census 2020 ZCTA 94533 in Solano County.,,2278,Zillow ZORI,
95687 Vacaville,zcta,95687,Vacaville,38.3331329,-121.9201507,587608,2409,2026-02-28,10,0,Zillow ZIP-level market for Vacaville; mapped with Census 2020 ZCTA 95687 in Solano County.,,2409,Zillow ZORI,
94591 Vallejo,zcta,94591,Vallejo,38.1271913,-122.196855,605605,2239,2026-02-28,10,0,Zillow ZIP-level market for Vallejo; mapped with Census 2020 ZCTA 94591 in Solano County.,,2239,Zillow ZORI,
95688 Vacaville,zcta,95688,Vacaville,38.4213428,-122.0301235,670911,2451,2026-02-28,10,0,Zillow ZIP-level market for Vacaville; mapped with Census 2020 ZCTA 95688 in Solano County.,,2451,Zillow ZORI,
94590 Vallejo,zcta,94590,Vallejo,38.0957888,-122.2496894,473369,2012,2026-02-28,10,0,Zillow ZIP-level market for Vallejo; mapped with Census 2020 ZCTA 94590 in Solano County.,,2012,Zillow ZORI,
94534 Fairfield,zcta,94534,Fairfield,38.241946,-122.1182724,703604,2612,2026-02-28,10,0,Zillow ZIP-level market for Fairfield; mapped with Census 2020 ZCTA 94534 in Solano County.,,2612,Zillow ZORI,
94589 Vallejo,zcta,94589,Vallejo,38.1414668,-122.2468701,512419,2297,2026-02-28,10,0,Zillow ZIP-level market for Vallejo; mapped with Census 2020 ZCTA 94589 in Solano County.,,2297,Zillow ZORI,
94585 Suisun City,zcta,94585,Suisun City,38.1918321,-121.9382694,534705,2589,2026-02-28,10,0,Zillow ZIP-level market for Suisun City; mapped with Census 2020 ZCTA 94585 in Solano County.,,2589,Zillow ZORI,
94510 Benicia,zcta,94510,Benicia,38.1132046,-122.1197077,823541,2420,2026-02-28,10,0,Zillow ZIP-level market for Benicia; mapped with Census 2020 ZCTA 94510 in Solano County.,,2420,Zillow ZORI,
95620 Dixon,zcta,95620,Dixon,38.4049355,-121.7543792,611278,,2026-02-28,10,0,Zillow ZIP-level market for Dixon; mapped with Census 2020 ZCTA 95620 in Solano County.,,,,
94571 Rio Vista,zcta,94571,Rio Vista,38.1520707,-121.7597729,462710,,2026-02-28,10,0,Zillow ZIP-level market for Rio Vista; mapped with Census 2020 ZCTA 94571 in Solano County.,,,,
94592 Vallejo,zcta,94592,Vallejo,38.090998,-122.2854178,730497,,2026-02-28,10,0,Zillow ZIP-level market for Vallejo; mapped with Census 2020 ZCTA 94592 in Solano County.,,,,
94533 Fairfield,zcta,94533,Fairfield,38.2807448,-122.0063799,548061,2299,2026-03-31,10,0,Zillow ZIP-level market for Fairfield; mapped with Census 2020 ZCTA 94533 in Solano County.,,2299,Zillow ZORI,
95687 Vacaville,zcta,95687,Vacaville,38.3331329,-121.9201507,587249,2432,2026-03-31,10,0,Zillow ZIP-level market for Vacaville; mapped with Census 2020 ZCTA 95687 in Solano County.,,2432,Zillow ZORI,
94591 Vallejo,zcta,94591,Vallejo,38.1271913,-122.196855,603995,2256,2026-03-31,10,0,Zillow ZIP-level market for Vallejo; mapped with Census 2020 ZCTA 94591 in Solano County.,,2256,Zillow ZORI,
95688 Vacaville,zcta,95688,Vacaville,38.4213428,-122.0301235,670013,2463,2026-03-31,10,0,Zillow ZIP-level market for Vacaville; mapped with Census 2020 ZCTA 95688 in Solano County.,,2463,Zillow ZORI,
94590 Vallejo,zcta,94590,Vallejo,38.0957888,-122.2496894,472416,2000,2026-03-31,10,0,Zillow ZIP-level market for Vallejo; mapped with Census 2020 ZCTA 94590 in Solano County.,,2000,Zillow ZORI,
94534 Fairfield,zcta,94534,Fairfield,38.241946,-122.1182724,703645,2640,2026-03-31,10,0,Zillow ZIP-level market for Fairfield; mapped with Census 2020 ZCTA 94534 in Solano County.,,2640,Zillow ZORI,
94589 Vallejo,zcta,94589,Vallejo,38.1414668,-122.2468701,511779,2332,2026-03-31,10,0,Zillow ZIP-level market for Vallejo; mapped with Census 2020 ZCTA 94589 in Solano County.,,2332,Zillow ZORI,
94585 Suisun City,zcta,94585,Suisun City,38.1918321,-121.9382694,534427,2585,2026-03-31,10,0,Zillow ZIP-level market for Suisun City; mapped with Census 2020 ZCTA 94585 in Solano County.,,2585,Zillow ZORI,
94510 Benicia,zcta,94510,Benicia,38.1132046,-122.1197077,822827,2449,2026-03-31,10,0,Zillow ZIP-level market for Benicia; mapped with Census 2020 ZCTA 94510 in Solano County.,,2449,Zillow ZORI,
95620 Dixon,zcta,95620,Dixon,38.4049355,-121.7543792,610869,,2026-03-31,10,0,Zillow ZIP-level market for Dixon; mapped with Census 2020 ZCTA 95620 in Solano County.,,,,
94571 Rio Vista,zcta,94571,Rio Vista,38.1520707,-121.7597729,462535,,2026-03-31,10,0,Zillow ZIP-level market for Rio Vista; mapped with Census 2020 ZCTA 94571 in Solano County.,,,,
94592 Vallejo,zcta,94592,Vallejo,38.090998,-122.2854178,728857,,2026-03-31,10,0,Zillow ZIP-level market for Vallejo; mapped with Census 2020 ZCTA 94592 in Solano County.,,,,
94533 Fairfield,zcta,94533,Fairfield,38.2807448,-122.0063799,546885,2307,2026-04-30,10,0,Zillow ZIP-level market for Fairfield; mapped with Census 2020 ZCTA 94533 in Solano County.,,2307,Zillow ZORI,
95687 Vacaville,zcta,95687,Vacaville,38.3331329,-121.9201507,585864,2465,2026-04-30,10,0,Zillow ZIP-level market for Vacaville; mapped with Census 2020 ZCTA 95687 in Solano County.,,2465,Zillow ZORI,
94591 Vallejo,zcta,94591,Vallejo,38.1271913,-122.196855,602417,2246,2026-04-30,10,0,Zillow ZIP-level market for Vallejo; mapped with Census 2020 ZCTA 94591 in Solano County.,,2246,Zillow ZORI,
95688 Vacaville,zcta,95688,Vacaville,38.4213428,-122.0301235,668307,2498,2026-04-30,10,0,Zillow ZIP-level market for Vacaville; mapped with Census 2020 ZCTA 95688 in Solano County.,,2498,Zillow ZORI,
94590 Vallejo,zcta,94590,Vallejo,38.0957888,-122.2496894,471241,1994,2026-04-30,10,0,Zillow ZIP-level market for Vallejo; mapped with Census 2020 ZCTA 94590 in Solano County.,,1994,Zillow ZORI,
94534 Fairfield,zcta,94534,Fairfield,38.241946,-122.1182724,702219,2658,2026-04-30,10,0,Zillow ZIP-level market for Fairfield; mapped with Census 2020 ZCTA 94534 in Solano County.,,2658,Zillow ZORI,
94589 Vallejo,zcta,94589,Vallejo,38.1414668,-122.2468701,511211,2318,2026-04-30,10,0,Zillow ZIP-level market for Vallejo; mapped with Census 2020 ZCTA 94589 in Solano County.,,2318,Zillow ZORI,
94585 Suisun City,zcta,94585,Suisun City,38.1918321,-121.9382694,533402,2587,2026-04-30,10,0,Zillow ZIP-level market for Suisun City; mapped with Census 2020 ZCTA 94585 in Solano County.,,2587,Zillow ZORI,
94510 Benicia,zcta,94510,Benicia,38.1132046,-122.1197077,822334,2446,2026-04-30,10,0,Zillow ZIP-level market for Benicia; mapped with Census 2020 ZCTA 94510 in Solano County.,,2446,Zillow ZORI,
95620 Dixon,zcta,95620,Dixon,38.4049355,-121.7543792,609789,,2026-04-30,10,0,Zillow ZIP-level market for Dixon; mapped with Census 2020 ZCTA 95620 in Solano County.,,,,
94571 Rio Vista,zcta,94571,Rio Vista,38.1520707,-121.7597729,460838,,2026-04-30,10,0,Zillow ZIP-level market for Rio Vista; mapped with Census 2020 ZCTA 94571 in Solano County.,,,,
94592 Vallejo,zcta,94592,Vallejo,38.090998,-122.2854178,726941,,2026-04-30,10,0,Zillow ZIP-level market for Vallejo; mapped with Census 2020 ZCTA 94592 in Solano County.,,,,
