{"type": "FeatureCollection", "features": [{"type": "Feature", "geometry": {"type": "Polygon", "coordinates": [[[-121.32288000023864, 40.58491600017605], [-121.32228100001394, 40.621787000251466], [-121.32227900036409, 40.621899000317], [-121.32221800026475, 40.62578399991554], [-121.32216499966299, 40.629187999912645], [-121.32191100011809, 40.65483700003619], [-121.32191000029317, 40.65495700004447], [-121.32180900001083, 40.66665699979892], [-121.32180800018592, 40.666719999893445], [-121.32180800018592, 40.66675299998413], [-121.32158399987992, 40.68648500007561], [-121.3216099998192, 40.68949099991011], [-121.32160800016939, 40.689670000046796], [-121.321470999902, 40.70556199990314], [-121.32143999993988, 40.70898900023358], [-121.32143999993988, 40.70903299991641], [-121.32139599955896, 40.71157999983372], [-121.32119700026563, 40.73691299980862], [-121.32119700026563, 40.73694200026314], [-121.32119600044072, 40.736966999752894], [-121.32119600044072, 40.736984999951495], [-121.32119600044072, 40.73701500027163], [-121.32119200024276, 40.737030000086285], [-121.32109000013551, 40.749970000301346], [-121.32108799958738, 40.75080800003305], [-121.32108799958738, 40.750821999769954], [-121.32108599993754, 40.751713000197796], [-121.32107599989182, 40.7567349999646], [-121.32107400024198, 40.758284000076436], [-121.32107400024198, 40.7585160002594], [-121.32107199969386, 40.759597999774684], [-121.32107099986895, 40.759770999885326], [-121.32107000004403, 40.76153299992769], [-121.32106599984606, 40.764550000097195], [-121.32106199964811, 40.767546999744546], [-121.32105800034846, 40.770544000300845], [-121.32106099982319, 40.77216299976406], [-121.32106400019624, 40.77378199991553], [-121.32106900021911, 40.77639800017062], [-121.32104599975459, 40.778932999718855], [-121.32104599975459, 40.77894499976119], [-121.32104599975459, 40.77896500005366], [-121.32104599975459, 40.77899900026495], [-121.32104699957951, 40.77907300030453], [-121.32104699957951, 40.77913600019971], [-121.32104699957951, 40.7791580003218], [-121.32104699957951, 40.77918600009559], [-121.32104699957951, 40.7792190002511], [-121.32104699957951, 40.77925500021657], [-121.32104699957951, 40.77927299985188], [-121.32104800030272, 40.77929300004559], [-121.32104999995256, 40.779475999973926], [-121.32104999995256, 40.77950400029388], [-121.32104800030272, 40.780311999973115], [-121.32104800030272, 40.78040499984424], [-121.32104800030272, 40.78045999976529], [-121.32104800030272, 40.78049000019769], [-121.32104699957951, 40.7805209998594], [-121.32104699957951, 40.78072899984842], [-121.32104699957951, 40.78091900000171], [-121.32104699957951, 40.78108000005347], [-121.32104699957951, 40.78120799988373], [-121.32104499992967, 40.78252399981881], [-121.32103999990682, 40.785571000063], [-121.32103300023411, 40.78558400011327], [-121.32104099973172, 40.7860279999875], [-121.32104099973172, 40.78617000025834], [-121.32104099973172, 40.786202999664695], [-121.32104099973172, 40.78622000030058], [-121.32104199955661, 40.7864840003348], [-121.32104199955661, 40.786541000328064], [-121.3210189999904, 40.803440000108885], [-121.32099999972382, 40.81906600007239], [-121.32099999972382, 40.8192529999144], [-121.32099300005113, 40.825342999871175], [-121.32099200022624, 40.82620200021322], [-121.32116200010555, 40.83274200001458], [-121.32116600030349, 40.83921000031476], [-121.32117100032636, 40.84606600015494], [-121.32117200015128, 40.846467999870924], [-121.32118700021991, 40.85845399971151], [-121.32119100041785, 40.85992200031402], [-121.32119300006768, 40.86164899993022], [-121.32119300006768, 40.86169900016972], [-121.32119700026563, 40.86539000007808], [-121.32119700026563, 40.865416000151754], [-121.32119999974036, 40.866091999843896], [-121.32109199978532, 40.87418100022567], [-121.32108599993754, 40.87461500023917], [-121.32116700012841, 40.87717300025646], [-121.32119700026563, 40.87795500013375], [-121.32120399993833, 40.87806700018156], [-121.32119700026563, 40.878690999889734], [-121.32118700021991, 40.87923800012158], [-121.32118700021991, 40.87924800009736], [-121.32118700021991, 40.87925899986528], [-121.32118600039499, 40.87928499992688], [-121.32118600039499, 40.87931300024298], [-121.32112899959525, 40.88263400027164], [-121.32117600034925, 40.88763200021645], [-121.32117799999904, 40.88782199985076], [-121.32117899982399, 40.887849000287105], [-121.32117899982399, 40.88787299968476], [-121.32117899982399, 40.88790099976336], [-121.32117899982399, 40.88791400013538], [-121.32117999964889, 40.88801499996094], [-121.32118600039499, 40.88870200004966], [-121.32086199963157, 40.89405900014773], [-121.32081999979879, 40.89434099983787], [-121.32081700032404, 40.894359999732835], [-121.3208080001032, 40.89441800030768], [-121.32038899980357, 40.897223000169426], [-121.32031600000863, 40.898783999798034], [-121.32029699974206, 40.899168999837755], [-121.32028900024443, 40.89933100030981], [-121.32018600031226, 40.90138800025053], [-121.32017799991637, 40.901538999904005], [-121.32017700009145, 40.90159700029532], [-121.32017600026654, 40.90161600014317], [-121.3201109999692, 40.90290599984839], [-121.31997600025001, 40.905885999921374], [-121.32339800027252, 40.90575500009771], [-121.33120200021725, 40.905436000058494], [-121.33233799984407, 40.90539400020476], [-121.33192100009256, 40.91335799991583], [-121.331797000244, 40.91463400021627], [-121.33178899984807, 40.91472000025187], [-121.33178800002318, 40.91473100023254], [-121.33178499965013, 40.91475999974093], [-121.33125400009578, 40.920242999864385], [-121.33121399991283, 40.920698000004], [-121.33120800006503, 40.920768000060725], [-121.33118600032373, 40.92099399997066], [-121.33113799974483, 40.92449899978846], [-121.33113199989704, 40.92493899969232], [-121.33110699978269, 40.92672999975277], [-121.3311009999349, 40.92715700029044], [-121.33109699973696, 40.92739800031836], [-121.33097299988839, 40.934572000337], [-121.33098999960684, 40.93841599967236], [-121.33099100033004, 40.9385900000032], [-121.33105400007923, 40.94566800019172], [-121.33105999992702, 40.94631099991316], [-121.331064000125, 40.94680100016369], [-121.33105699955398, 40.94682600000971], [-121.33109799956188, 40.95155399994081], [-121.33105599972907, 40.95204800015845], [-121.33104800023145, 40.95229900008482], [-121.3311009999349, 40.95284900027945], [-121.33110900033083, 40.95347100003377], [-121.33110900033083, 40.95349199995482], [-121.33111000015575, 40.95352100009328], [-121.33113199989704, 40.95525900001209], [-121.33113299972196, 40.95537200009886], [-121.33115399963835, 40.960496000226904], [-121.33118200012575, 40.96536400002009], [-121.33118200012575, 40.96541600026341], [-121.33118200012575, 40.965440999843985], [-121.3312189999357, 40.97189200023158], [-121.3312189999357, 40.97193300012727], [-121.33122999980633, 40.97506800014905], [-121.33128000003506, 40.97826899990838], [-121.33128800043096, 40.97938600025624], [-121.33123999985209, 40.98583599996309], [-121.33121100043809, 40.98877699987619], [-121.33119999966911, 40.98994400018001], [-121.33118100030084, 40.99391199996811], [-121.33118100030084, 40.99400200022212], [-121.33117200008003, 40.99406900028622], [-121.33112699987419, 41.001759999919855], [-121.33112000020148, 41.00396199994227], [-121.33111900037659, 41.004165999881785], [-121.33111900037659, 41.004275999786465], [-121.33111900037659, 41.00434699999723], [-121.33111799965334, 41.00475099985514], [-121.33110400030795, 41.00770800016535], [-121.33107900019358, 41.01047200011415], [-121.33105400007923, 41.01323200014454], [-121.33105400007923, 41.01324600006508], [-121.33104700040656, 41.01410299980126], [-121.3310230001171, 41.0167240001844], [-121.33100700022358, 41.029810999822416], [-121.33098799995699, 41.03408599971042], [-121.33099100033004, 41.034304000071394], [-121.33103800018573, 41.03802099987112], [-121.33109000006424, 41.04209700029771], [-121.33113899956975, 41.04541600029779], [-121.33114000029295, 41.04549900006677], [-121.33114500031584, 41.04558399970534], [-121.33120499969199, 41.04707400024732], [-121.3311929999964, 41.047473999731814], [-121.33116299985919, 41.04835000014944], [-121.3312750000122, 41.05528899982888], [-121.33127599983709, 41.05537299985293], [-121.331276999662, 41.05543899999006], [-121.331276999662, 41.05545199990664], [-121.331276999662, 41.05546600033499], [-121.33127800038523, 41.05548999980439], [-121.33144700043964, 41.06587300002143], [-121.3314449998915, 41.06595399968768], [-121.3314380002188, 41.06622899983366], [-121.33142300015018, 41.067779999792954], [-121.33143700039389, 41.06961499996872], [-121.331432000371, 41.06988799979071], [-121.33143499984577, 41.07022500012867], [-121.33142800017308, 41.07075699978915], [-121.33146300033313, 41.071632000071176], [-121.33146400015805, 41.07168500005476], [-121.33151299966356, 41.0728779996887], [-121.3315169998615, 41.073565000214046], [-121.3315789997858, 41.080537000058534], [-121.33158700018173, 41.08125500016954], [-121.33161700031896, 41.08365199972578], [-121.33168599991592, 41.08944300016554], [-121.33173299977157, 41.09354999990762], [-121.3317820001754, 41.09754500013715], [-121.3317839998252, 41.09785700004929], [-121.3317839998252, 41.09787600027167], [-121.33178700019826, 41.098370999923], [-121.33179100039621, 41.10118699972651], [-121.33179399987095, 41.10788199979411], [-121.33179399987095, 41.109729999874084], [-121.33179600041908, 41.11298299997882], [-121.33179600041908, 41.11312600031977], [-121.33179499969587, 41.11319599990459], [-121.33179499969587, 41.113210999854225], [-121.33179499969587, 41.11322599980048], [-121.33179499969587, 41.11324000010815], [-121.33179399987095, 41.1132620001989], [-121.33179300004605, 41.113292000064625], [-121.33179300004605, 41.113393000278826], [-121.33179399987095, 41.11442099984479], [-121.33179399987095, 41.114806999821084], [-121.33179399987095, 41.11494700006864], [-121.33179499969587, 41.115558000017934], [-121.33179499969587, 41.11683400014821], [-121.331797000244, 41.11748900019188], [-121.33179499969587, 41.11764199993404], [-121.33179499969587, 41.117654999732046], [-121.331797000244, 41.12053299985713], [-121.331797000244, 41.12056399998389], [-121.331797000244, 41.12070500033208], [-121.33179600041908, 41.12220999980955], [-121.33178800002318, 41.12493200011776], [-121.33178100035047, 41.12586800021577], [-121.33177600032761, 41.1262920001115], [-121.33177499960436, 41.1263650002017], [-121.33177499960436, 41.12637700019022], [-121.33177399977947, 41.12641099992021], [-121.33177399977947, 41.12642400001133], [-121.33177299995455, 41.126533999950595], [-121.33177299995455, 41.12655400010424], [-121.33178899984807, 41.132352999884475], [-121.33180599956653, 41.138315000192186], [-121.33180599956653, 41.138340999713805], [-121.33180100044197, 41.14056399985326], [-121.331789999673, 41.1454820002124], [-121.33178899984807, 41.14572299980112], [-121.33179100039621, 41.146041000305715], [-121.33179200022113, 41.14634700022874], [-121.33179800006891, 41.14924800004759], [-121.33180599956653, 41.152699999714656], [-121.33181200031264, 41.15424199973902], [-121.33181300013753, 41.15478099989196], [-121.33181599961226, 41.15616499984763], [-121.331789999673, 41.15962199989113], [-121.33179399987095, 41.16505599997038], [-121.331789999673, 41.1650710002373], [-121.331797000244, 41.165537000237705], [-121.331797000244, 41.1655470001172], [-121.331797000244, 41.16555699999522], [-121.331797000244, 41.16556800006211], [-121.331797000244, 41.1655790001272], [-121.331797000244, 41.1655900001904], [-121.331797000244, 41.16560199976545], [-121.331797000244, 41.165615000204255], [-121.331797000244, 41.1656279999642], [-121.331797000244, 41.16564199991093], [-121.331797000244, 41.16565599985463], [-121.33181999981021, 41.167641999722235], [-121.33180599956653, 41.16976400000372], [-121.33179499969587, 41.170066000283924], [-121.33179499969587, 41.17007999995862], [-121.33179499969587, 41.17009499975166], [-121.33179499969587, 41.17011000021749], [-121.33179499969587, 41.17012600012453], [-121.33179499969587, 41.17014200002772], [-121.33179499969587, 41.170159000047306], [-121.33179499969587, 41.17017600006249], [-121.33179499969587, 41.17019400019309], [-121.33179499969587, 41.17021200031874], [-121.33179499969587, 41.17023099988254], [-121.33179499969587, 41.17025000011701], [-121.33179499969587, 41.1702699997884], [-121.33179499969587, 41.170290000129924], [-121.33179499969587, 41.17031099990715], [-121.33179499969587, 41.170331999677714], [-121.33179499969587, 41.170354000235086], [-121.33179499969587, 41.17037600010886], [-121.33179499969587, 41.17039900009195], [-121.33179499969587, 41.170422000067006], [-121.33179499969587, 41.17044600014992], [-121.33179499969587, 41.17047000022406], [-121.33179499969587, 41.17049400028938], [-121.33179499969587, 41.17051899978462], [-121.33179499969587, 41.170543999946496], [-121.33179499969587, 41.17056900009883], [-121.33179499969587, 41.17059400024162], [-121.33179499969587, 41.17061999981203], [-121.33179499969587, 41.1706460000483], [-121.33179499969587, 41.17067200027424], [-121.33179499969587, 41.17069799981365], [-121.33179499969587, 41.17072400001896], [-121.33179499969587, 41.17075000021399], [-121.33179499969587, 41.17077599972245], [-121.33179499969587, 41.1708019998968], [-121.33179499969587, 41.17082800006084], [-121.33179499969587, 41.170854000214604], [-121.33179499969587, 41.17087900024864], [-121.33179499969587, 41.17090400027315], [-121.33179499969587, 41.170929000288105], [-121.33179499969587, 41.17095400029353], [-121.33179499969587, 41.17097800018156], [-121.33179499969587, 41.17100200006086], [-121.33179499969587, 41.17102599993131], [-121.33179499969587, 41.1710489996862], [-121.33179499969587, 41.17107200010924], [-121.33179499969587, 41.17109399974191], [-121.33179499969587, 41.17111600004347], [-121.33179499969587, 41.17113700023216], [-121.33179499969587, 41.1711579997379], [-121.33179100039621, 41.17167999977941], [-121.33179100039621, 41.171692000267704], [-121.33179100039621, 41.17265299983831], [-121.33179100039621, 41.173955000042504], [-121.331789999673, 41.1758480002197], [-121.33179100039621, 41.179137000128165], [-121.33179100039621, 41.18200099986851], [-121.33178600037334, 41.1838860001242], [-121.34687200003103, 41.18388700003498], [-121.35734099958984, 41.18388700003498], [-121.36281700020442, 41.18388700003498], [-121.36541200039659, 41.18388500021341], [-121.37222399975622, 41.18388500021341], [-121.37640099963905, 41.18388700003498], [-121.38859200042722, 41.18388500021341], [-121.38894999972919, 41.18388500021341], [-121.38914399989797, 41.18388500021341], [-121.38930700010457, 41.18388500021341], [-121.38952300001463, 41.18388500021341], [-121.38985799975039, 41.1838840003026], [-121.39017300029298, 41.1838819998049], [-121.39040300044675, 41.18388099989404], [-121.39048799993725, 41.183879999983176], [-121.39100799962092, 41.18387599966347], [-121.3910339995602, 41.18387599966347], [-121.39152900002783, 41.18387100010859], [-121.39205799993235, 41.18386699978832], [-121.41901200033801, 41.183678000096855], [-121.44649499974986, 41.1834840002755], [-121.45854800044577, 41.183366999749964], [-121.45859000027856, 41.183366999749964], [-121.45889300022729, 41.18336399999376], [-121.45969599976817, 41.18335599996719], [-121.46174799981213, 41.18333600023445], [-121.46177299992648, 41.18333600023445], [-121.4623729999761, 41.183330000042986], [-121.46238999969452, 41.183330000042986], [-121.46241900000686, 41.1833290001237], [-121.4625140004414, 41.183328000204405], [-121.46281499984198, 41.183324999770335], [-121.47184099962729, 41.18323199976794], [-121.47703900040754, 41.18318500009447], [-121.47810600043738, 41.18317899988922], [-121.48723699980468, 41.1831400002317], [-121.49152500001557, 41.183227000163896], [-121.4927650002978, 41.18321499976049], [-121.49433399956966, 41.18319499998469], [-121.49911200022534, 41.18313000033309], [-121.50116500009419, 41.18310600016457], [-121.50315400038897, 41.18311199970047], [-121.50526499998415, 41.183139000309524], [-121.51284299997307, 41.183237999968334], [-121.5587610001685, 41.18384399980139], [-121.56228100010031, 41.18388099989404], [-121.56329000040382, 41.18387599966347], [-121.56607499966847, 41.18386100032164], [-121.56644200008961, 41.183858999823194], [-121.56651800025756, 41.183857999911986], [-121.576128000199, 41.183818000070936], [-121.57974400039024, 41.183792000330214], [-121.58337599957672, 41.18377100014201], [-121.58897900041292, 41.18374100005466], [-121.58985599957366, 41.18373599981338], [-121.59074500022659, 41.18373200016096], [-121.59098200005306, 41.18373100024781], [-121.59784199999162, 41.18369699981149], [-121.5978550004104, 41.18369699981149], [-121.5978839998244, 41.18369499998412], [-121.59967499975242, 41.18368500017031], [-121.60901899955506, 41.183637000231336], [-121.6107390002363, 41.18362900023806], [-121.61091400013848, 41.183628000323345], [-121.61563300034462, 41.183602999746206], [-121.62077799962478, 41.18357600000456], [-121.62081000031016, 41.18357600000456], [-121.62165200020911, 41.183570999750735], [-121.62309400015769, 41.183563999665104], [-121.62316199992975, 41.183563999665104], [-121.62609100003274, 41.18354599982788], [-121.62735600042934, 41.18354200016384], [-121.63172900013075, 41.18351800014632], [-121.63689699987543, 41.18349200028649], [-121.64030600037746, 41.183474999670445], [-121.64076599978671, 41.18347000008495], [-121.64082799971098, 41.18346900016781], [-121.64463499969794, 41.183452000221884], [-121.65250099956697, 41.18341200013284], [-121.65647599978344, 41.183387000149324], [-121.65653100003505, 41.183387000149324], [-121.65760899993555, 41.18338600023091], [-121.65779300005856, 41.18338199988102], [-121.65807300044105, 41.183383999717954], [-121.65913500044803, 41.18338500031249], [-121.66162500015987, 41.1833829997995], [-121.67194300010594, 41.1833829997995], [-121.68351899987756, 41.1833829997995], [-121.68375200040438, 41.1833829997995], [-121.68418800042248, 41.1833829997995], [-121.68649999985912, 41.1833829997995], [-121.68931099996134, 41.18338099996254], [-121.69228899956981, 41.18338199988102], [-121.69320099978898, 41.18338199988102], [-121.69358300027872, 41.18338199988102], [-121.69417199955937, 41.1833829997995], [-121.7014600000184, 41.1833829997995], [-121.70184900018083, 41.18338199988102], [-121.70215299995445, 41.183383999717954], [-121.70256700023123, 41.18338199988102], [-121.70707300000203, 41.18338199988102], [-121.70731099965342, 41.1833829997995], [-121.7073240000722, 41.1833829997995], [-121.70737299957767, 41.1833829997995], [-121.71826299998426, 41.183387000149324], [-121.72437200026044, 41.1833829997995], [-121.72646899961191, 41.18337599969382], [-121.72650600032017, 41.18337599969382], [-121.72694499981297, 41.18337900012551], [-121.72710299999672, 41.18338199988102], [-121.72898299961322, 41.18337399985665], [-121.72901299975047, 41.18337399985665], [-121.73053199969192, 41.183365999831246], [-121.73058500029371, 41.183365999831246], [-121.73927600034324, 41.18337299993804], [-121.7395120003448, 41.18338000004403], [-121.73969999976745, 41.18338600023091], [-121.73985999960102, 41.18338600023091], [-121.74007899988415, 41.18338500031249], [-121.74182799997938, 41.18338500031249], [-121.74295000026082, 41.18338199988102], [-121.75039500018036, 41.1833829997995], [-121.75954399998932, 41.183366999749964], [-121.75974800020381, 41.183366999749964], [-121.7597609997243, 41.183366999749964], [-121.76024799979604, 41.18336799966867], [-121.76032099959096, 41.18336499991251], [-121.76036099977391, 41.18336799966867], [-121.76810899964218, 41.18335500004831], [-121.76832999957512, 41.183354000129405], [-121.76864699976751, 41.183353000210495], [-121.79095300011214, 41.18330300018883], [-121.79100900018867, 41.18330300018883], [-121.79104199980063, 41.18330300018883], [-121.79136099964285, 41.18330200026913], [-121.79168799988098, 41.183300999673335], [-121.79229600032656, 41.183299999753615], [-121.8056909996153, 41.183288000039624], [-121.80738899965692, 41.18328500027986], [-121.81151500038443, 41.18328000000377], [-121.8154269999534, 41.18328500027986], [-121.81551599964185, 41.1832870001197], [-121.81966199956253, 41.18339400025382], [-121.8337959997164, 41.18330599994777], [-121.83738500014347, 41.183310000302306], [-121.84064300013445, 41.183313999980506], [-121.84185900012724, 41.18331599981951], [-121.84945100035988, 41.18332200001227], [-121.85104200027136, 41.183324999770335], [-121.86287599978586, 41.18333600023445], [-121.86618400000555, 41.18333999991106], [-121.8698689997938, 41.18334299966836], [-121.87456000041081, 41.18334799993959], [-121.87601800025294, 41.183349999777555], [-121.88363300005179, 41.18335799980491], [-121.88475699998305, 41.183365999831246], [-121.88834200021219, 41.183365999831246], [-121.89325999971163, 41.183366999749964], [-121.90389999987295, 41.18337800020698], [-121.90449099970174, 41.18337900012551], [-121.90579899975604, 41.18337800020698], [-121.90583999976391, 41.1833829997995], [-121.90645599970706, 41.18338000004403], [-121.91586099960907, 41.183374999775246], [-121.92192399985446, 41.18336900026345], [-121.92208200003823, 41.18337100010077], [-121.93697699990018, 41.183363000075005], [-121.94519599994662, 41.18335899972376], [-121.96731700034334, 41.18334799993959], [-121.97899900042019, 41.183341999749274], [-121.98062100029381, 41.18334099983018], [-121.98402099967669, 41.18333999991106], [-121.99130400011285, 41.18333500031526], [-122.00111099969776, 41.183330000042986], [-122.0064580004409, 41.18329799991411], [-122.01381299994875, 41.18325599989023], [-122.01473299966554, 41.18325100028801], [-122.0180390002354, 41.18323199976794], [-122.01863000006419, 41.18322800008473], [-122.02231099965447, 41.183206999715665], [-122.03576299974294, 41.18312799981231], [-122.04138400012248, 41.18312500004516], [-122.04193099957034, 41.18312599996756], [-122.04255800028245, 41.183124000122746], [-122.0462149995833, 41.183122000277926], [-122.04863300022346, 41.183119999756904], [-122.04967900033692, 41.183119999756904], [-122.05157400002201, 41.18311899983441], [-122.06975199998934, 41.18310099987487], [-122.06988199968566, 41.18309999995209], [-122.07001200028033, 41.18310099987487], [-122.07004300024246, 41.18310099987487], [-122.07014000032684, 41.18309999995209], [-122.07026500000032, 41.183099000029294], [-122.07039600041989, 41.18309999995209], [-122.07046099981889, 41.18309999995209], [-122.070784999684, 41.183099000029294], [-122.07085199963116, 41.183099000029294], [-122.0721859996247, 41.18309700018366], [-122.07242900019725, 41.18309700018366], [-122.07282000000951, 41.18309700018366], [-122.07382900031305, 41.183096000260825], [-122.07544899963854, 41.18309700018366], [-122.08033100005129, 41.183091999893215], [-122.08939700001956, 41.18309800010648], [-122.08980500044859, 41.18309800010648], [-122.09976400036942, 41.183096000260825], [-122.10070699965242, 41.18308800020145], [-122.10095000022496, 41.18309299981612], [-122.10097199996628, 41.18309299981612], [-122.10210000009549, 41.183093999739], [-122.10445000006528, 41.18308499975644], [-122.11113500010164, 41.18304600004294], [-122.11380999976141, 41.183036000129974], [-122.1187649999691, 41.18300599970591], [-122.11971999984598, 41.18300299993317], [-122.1210589998624, 41.18299699971124], [-122.12598899995572, 41.18296899979496], [-122.12611399962918, 41.18296899979496], [-122.12800199964158, 41.183104000319204], [-122.13024500037956, 41.18329699999434], [-122.13112499991337, 41.18338899998611], [-122.1311969998834, 41.18339600009039], [-122.13343899989815, 41.18353899973957], [-122.13358200001326, 41.18354800033588], [-122.13360200010476, 41.183549000251816], [-122.13364099956449, 41.18355100008366], [-122.13371699973247, 41.183555999662914], [-122.13385599964967, 41.18356500025689], [-122.13412400033658, 41.18358200017348], [-122.13446900011806, 41.18360400033735], [-122.13456100017956, 41.18360999982762], [-122.13793299997336, 41.18382500012942], [-122.13797200033144, 41.18382799986449], [-122.1380550001721, 41.18383400001028], [-122.13814899988346, 41.18384100006705], [-122.13816300012714, 41.183841999978505], [-122.13851799995437, 41.18386900028653], [-122.13908500039203, 41.18391099991726], [-122.14369699956973, 41.184255999872576], [-122.14762599975543, 41.1845539999955], [-122.14767500015925, 41.18455300009491], [-122.14779900000782, 41.1845520001943], [-122.14867900043994, 41.18454000003371], [-122.14889199997693, 41.184539000132894], [-122.15148399979606, 41.18453100024982], [-122.15150800008549, 41.18453100024982], [-122.15207600034807, 41.1845299996728], [-122.15212700040169, 41.1845299996728], [-122.1522470000523, 41.1845299996728], [-122.16141000010494, 41.18451900008537], [-122.16183400042745, 41.18451800018425], [-122.16198000001732, 41.18451800018425], [-122.16374900020406, 41.18451499980469], [-122.1641669997805, 41.1845139999035], [-122.16681999969897, 41.184510000298594], [-122.1675519999931, 41.18450899972131], [-122.17188200003679, 41.18449499974989], [-122.17340900037416, 41.18448799976303], [-122.1738050002093, 41.18448799976303], [-122.17382199992774, 41.18448799976303], [-122.17436300042613, 41.18449000024226], [-122.17440699990875, 41.18449000024226], [-122.17518000021072, 41.18448400015654], [-122.17532900017366, 41.18448300025488], [-122.17536299961054, 41.18448300025488], [-122.17538500025015, 41.18448300025488], [-122.1764740000213, 41.18447499968892], [-122.18544600027825, 41.18443799993189], [-122.18675500015742, 41.18443799993189], [-122.19224699976725, 41.184439999736576], [-122.19328200001003, 41.184439999736576], [-122.19431600042795, 41.184439999736576], [-122.1960300003631, 41.184439999736576], [-122.20917399958167, 41.18444599982634], [-122.20943899989555, 41.18444400002183], [-122.21030199971091, 41.1844480003068], [-122.22006900001114, 41.18444900020899], [-122.22107099974366, 41.18445000011118], [-122.2212070001861, 41.18445000011118], [-122.22134399955513, 41.18445000011118], [-122.22584699985121, 41.184439999736576], [-122.22984299998406, 41.18449499974989], [-122.23003799997774, 41.18449800013031], [-122.23062299995875, 41.184506000017414], [-122.23065399992089, 41.18450699991873], [-122.23066999981441, 41.18451700028311], [-122.230689000081, 41.18450699991873], [-122.23081499957937, 41.184510000298594], [-122.23097600013617, 41.18451200010108], [-122.23475600035894, 41.18457699973305], [-122.23912900006037, 41.18464899994698], [-122.24305499987302, 41.184717999711495], [-122.24875599972017, 41.1848159997909], [-122.2516499996631, 41.18485800016642], [-122.25301499961881, 41.18485999995828], [-122.25318500039643, 41.18486099985417], [-122.27210099960728, 41.18492300013097], [-122.28225899971979, 41.184889000313596], [-122.28276800043113, 41.18488400015998], [-122.28344399975039, 41.18489199999989], [-122.28349900000201, 41.184892999895304], [-122.28358699986553, 41.184892999895304], [-122.28360699995704, 41.184892999895304], [-122.28363000042154, 41.1848939997907], [-122.28366700023149, 41.1848939997907], [-122.2837109997141, 41.1848939997907], [-122.28374800042234, 41.1848939997907], [-122.28413800040968, 41.18489600025754], [-122.28480100020849, 41.18490599988648], [-122.28493000007992, 41.18490699978168], [-122.28501600029364, 41.18490699978168], [-122.28509599976128, 41.18490699978168], [-122.28520799991429, 41.18490599988648], [-122.28539399968712, 41.18491000014322], [-122.28679200015308, 41.18491500029486], [-122.28753000029495, 41.18491899987503], [-122.28755399968608, 41.18491899987503], [-122.28762599965611, 41.18491899987503], [-122.28836999964578, 41.184924000025916], [-122.28855299994387, 41.184926999710655], [-122.28946199978999, 41.184934000326656], [-122.2918279996533, 41.184931999860986], [-122.29457299963329, 41.184977999738614], [-122.29639700007161, 41.18491999977003], [-122.29754100009434, 41.18491799998], [-122.30164699983209, 41.18491100003837], [-122.3017690000308, 41.18491100003837], [-122.30201199970506, 41.18491100003837], [-122.30203199979654, 41.18491000014322], [-122.30205100006312, 41.18491000014322], [-122.30208399967506, 41.18491000014322], [-122.30213399990379, 41.18491000014322], [-122.30219800037621, 41.18491000014322], [-122.30226199995029, 41.18491000014322], [-122.30535000006199, 41.18490599988648], [-122.30594400026379, 41.18490499999126], [-122.3085419999307, 41.18489600025754], [-122.31165699980656, 41.18488500005552], [-122.31167299970006, 41.18488500005552], [-122.31714500011672, 41.184865000113675], [-122.31725899991952, 41.18486199975002], [-122.31732599986668, 41.18486099985417], [-122.31757299973886, 41.184853999906444], [-122.31761399974675, 41.184853000010435], [-122.31769699958744, 41.184851000218366], [-122.31770900018131, 41.184851000218366], [-122.31775000018918, 41.18485000032231], [-122.37353400041907, 41.18299000024035], [-122.37612299986513, 41.1829039999191], [-122.38065200010045, 41.18284799999504], [-122.38087100038358, 41.18284500021512], [-122.38258299977058, 41.18284099983217], [-122.38767699989545, 41.182831999814795], [-122.39505700041597, 41.1828149997035], [-122.39921699968205, 41.182807000285955], [-122.39979300034054, 41.18280599968259], [-122.4036139996729, 41.18281700023385], [-122.40509400015463, 41.18282099994216], [-122.42293800021109, 41.18286999972944], [-122.42594000010902, 41.18287599996305], [-122.42724300014044, 41.18287100033183], [-122.42842499979803, 41.18286799987682], [-122.42973899970009, 41.18286300024503], [-122.43165100000193, 41.182856000083724], [-122.43352800014374, 41.18284899992167], [-122.43701000044067, 41.18283500027146], [-122.43924900008238, 41.18282800010721], [-122.45683299984783, 41.18276699980294], [-122.45740299976023, 41.18276400001926], [-122.46347500022647, 41.18280900014045], [-122.46461099985332, 41.1828029999007], [-122.46497599972629, 41.18280100004603], [-122.46518599978857, 41.18280000011867], [-122.4652159999258, 41.18280000011867], [-122.46526799980437, 41.18280000011867], [-122.46573999980745, 41.1827980002639], [-122.46598800040289, 41.1827980002639], [-122.47295100027358, 41.18281900008803], [-122.47446199981914, 41.182823999723226], [-122.4746140001551, 41.18282700018026], [-122.47474499967635, 41.1828260002533], [-122.47711499973762, 41.182836000198286], [-122.47775099977224, 41.1828370001251], [-122.47833300027852, 41.18283299974166], [-122.48092000007476, 41.18281099999483], [-122.48318999967859, 41.18279399987809], [-122.48570299985501, 41.18277399997371], [-122.49002399967787, 41.18273999971662], [-122.49021600019681, 41.18273799986002], [-122.49040799981744, 41.182736000003366], [-122.49044499962736, 41.182736000003366], [-122.49417100032178, 41.18270500018915], [-122.49556899988944, 41.18269600015308], [-122.49568100004242, 41.18269600015308], [-122.49602499999902, 41.18269400029519], [-122.49830999967148, 41.18267500028956], [-122.4983759997937, 41.18267500028956], [-122.49834499983156, 41.182417999707376], [-122.49829399977796, 41.18198799997678], [-122.49833099958788, 41.18164700002272], [-122.49835900007528, 41.18139100008795], [-122.49843600006818, 41.180721999770135], [-122.49875699956023, 41.17958999978324], [-122.49773499973621, 41.17857199969291], [-122.49568299969226, 41.177485000132286], [-122.49405599979575, 41.17688200033544], [-122.49255399957269, 41.17597200020037], [-122.49095199979055, 41.17556699966751], [-122.48995199970787, 41.1758009999803], [-122.48826999955975, 41.17649599979513], [-122.48613499967514, 41.17705499979211], [-122.48341099961155, 41.1769170002702], [-122.4799509999542, 41.17652799986683], [-122.47874300035734, 41.17682700001378], [-122.47776400019104, 41.17716399999289], [-122.47594499977559, 41.17651999968132], [-122.47440300026793, 41.175608999889214], [-122.47312500035086, 41.17405199993859], [-122.47280099958743, 41.17365300010853], [-122.47263200043135, 41.17346800029647], [-122.47103300012394, 41.171730999980134], [-122.46931300034103, 41.17016500009295], [-122.46828800014396, 41.16923200025761], [-122.46532399988084, 41.167680999816746], [-122.46295700019262, 41.167229999958955], [-122.46068000001776, 41.16782799991231], [-122.45743399972237, 41.16832200002054], [-122.45513099960826, 41.16727899991387], [-122.45401699972273, 41.166293000215894], [-122.45354200024491, 41.1651870001118], [-122.45192000037126, 41.1623670000629], [-122.45190100010468, 41.16233700031658], [-122.45120099959763, 41.161194999941245], [-122.4498900000686, 41.1591559997613], [-122.44895699993307, 41.15874799989974], [-122.44763200016034, 41.159012000020596], [-122.4460229998072, 41.15924099986369], [-122.44545299989478, 41.157930000059416], [-122.4455030001235, 41.15780799968961], [-122.44621699997595, 41.15596000005721], [-122.44708099961622, 41.154843000232674], [-122.44824700027857, 41.153607000001635], [-122.44847300023437, 41.152803999954244], [-122.44808300024705, 41.15122499967217], [-122.44866200038028, 41.15058800031179], [-122.4499650004117, 41.14928200010014], [-122.45060700029411, 41.14694000030322], [-122.45035500039901, 41.14503300012927], [-122.44958200009704, 41.142156000161656], [-122.44918500043701, 41.14041800006874], [-122.44839200004353, 41.13930099997023], [-122.4481850003543, 41.137574000022475], [-122.4481080003614, 41.13590500004514], [-122.44638400038052, 41.13462799995443], [-122.44599000019522, 41.13334700001644], [-122.44666499968962, 41.131705000223576], [-122.44832900029434, 41.13070099979035], [-122.4484659996634, 41.12924099986878], [-122.448488000303, 41.12698699987317], [-122.44863499971778, 41.124882000177884], [-122.44893500019175, 41.12402999981298], [-122.44893199981873, 41.12177600014304], [-122.44857199996862, 41.118240000158515], [-122.44953299969325, 41.11650199987939], [-122.45000399987143, 41.11614100032532], [-122.4514159996828, 41.11505799990287], [-122.4518879996859, 41.114698000141914], [-122.45346899955163, 41.11348999978213], [-122.45321900020473, 41.112671999827896], [-122.45186400029475, 41.10823499969522], [-122.45374200026144, 41.10499699969249], [-122.45384500019361, 41.10488500000747], [-122.45539099989925, 41.103225999690665], [-122.45553499983929, 41.102667000295064], [-122.45573099965787, 41.101896999798065], [-122.45581299967365, 41.10081499980151], [-122.45674599980919, 41.098998999980445], [-122.45710999985727, 41.096810999780736], [-122.45714400019246, 41.096611000086064], [-122.45905700031922, 41.096172000269334], [-122.46057100023783, 41.09667499967552], [-122.46172799978105, 41.0973799997212], [-122.46230699991428, 41.097683000215994], [-122.463820000008, 41.09684099971629], [-122.46519900020736, 41.09650299987585], [-122.46711200033413, 41.09646800033377], [-122.468135999808, 41.09683700017697], [-122.47004899993476, 41.09582599981598], [-122.4723179997137, 41.09535299993967], [-122.47365300043045, 41.09461200003044], [-122.47401400010547, 41.09428799983928], [-122.47658699965802, 41.09198699981253], [-122.4780989999268, 41.091883999925756], [-122.47926999971372, 41.09183299990233], [-122.48061200010319, 41.0915969998759], [-122.48165999986648, 41.0907619997437], [-122.48420599965482, 41.09002800010166], [-122.48636800020195, 41.08872600014973], [-122.4880879999849, 41.08769199966944], [-122.48929200028209, 41.087398000066365], [-122.49159399967297, 41.08670200022607], [-122.49329699973745, 41.085987000191466], [-122.49525800044313, 41.086117999839594], [-122.49746199992474, 41.087002999799985], [-122.50001000026121, 41.087626000080306], [-122.50111800029894, 41.086995000200325], [-122.50293500016626, 41.086486000224205], [-122.50453699994841, 41.08621499968471], [-122.506239000188, 41.08604499968026], [-122.50781599985581, 41.086476999841956], [-122.50879800039515, 41.08679699981087], [-122.51081799975374, 41.0874559996639], [-122.51206600043186, 41.088328999713134], [-122.51335400039468, 41.088227000201115], [-122.51432900036302, 41.087623000005095], [-122.51531199982898, 41.08661400011043], [-122.51552000024142, 41.08629399992741], [-122.51561200030295, 41.086150000013724], [-122.51588900031237, 41.08571999984165], [-122.5159820001988, 41.08557700008051], [-122.51642200041485, 41.08489700030108], [-122.51881699969216, 41.08407099969523], [-122.52123100013434, 41.08307600007273], [-122.523141999713, 41.0808209999556], [-122.52403600038878, 41.080205999915094], [-122.5250859998019, 41.07948200031647], [-122.52603499983098, 41.07882900000181], [-122.52883300041273, 41.07675099986602], [-122.53083199985491, 41.07621099971694], [-122.53296500008972, 41.076412000083785], [-122.53586099968243, 41.07586899992397], [-122.53786699969564, 41.07465700023198], [-122.53919700038955, 41.073110999839415], [-122.53977499979953, 41.072605000092004], [-122.53848199981388, 41.06988700017296], [-122.53794600023669, 41.06820699988668], [-122.53776499958839, 41.066494999774754], [-122.53794200003871, 41.06504200029175], [-122.53682800015319, 41.064170000151215], [-122.53433199969524, 41.06420599966815], [-122.53175599976963, 41.064815999888054], [-122.52948799981563, 41.064581999766496], [-122.52942199969338, 41.064569000299706], [-122.52761800024489, 41.06421199992436], [-122.52579399980654, 41.063039999765266], [-122.5242969996064, 41.06091300029952], [-122.52316600000243, 41.059207999767864], [-122.52279100008371, 41.05661900003187], [-122.52263000042521, 41.05551099975626], [-122.5224739998913, 41.05364300000483], [-122.52236099991339, 41.05228499975453], [-122.52364800005128, 41.049660999796], [-122.52520299997776, 41.04747499969023], [-122.52675899972917, 41.04619799977966], [-122.52733600021254, 41.04572499977233], [-122.52742400007614, 41.044117000199186], [-122.52746000006114, 41.04348099993994], [-122.52746799955871, 41.043337999765015], [-122.52684400011799, 41.04169199974187], [-122.52813200008076, 41.040615000040134], [-122.528126000233, 41.04040400003637], [-122.52808600005002, 41.03869899984507], [-122.5280850002251, 41.03752199990705], [-122.52892899977387, 41.036513000130995], [-122.52866099998528, 41.03526900028757], [-122.52848299971005, 41.034395999683845], [-122.52835399983861, 41.0293790000514], [-122.52829799976212, 41.027202000236564], [-122.52834100031815, 41.02558799976924], [-122.5283399995949, 41.02444500023238], [-122.52731600012108, 41.0227990001506], [-122.52727299956504, 41.02247699980153], [-122.52709199981508, 41.021085000271576], [-122.52793500043728, 41.01893299971571], [-122.5287339997802, 41.01755399978731], [-122.52824400023374, 41.01617599989046], [-122.52775299996408, 41.01439500015547], [-122.52863400022112, 41.01305899981549], [-122.52899599972103, 41.01251100021381], [-122.53041699975321, 41.01062699994558], [-122.53076999993061, 41.01046300017394], [-122.53210499974911, 41.00985299970551], [-122.53298099998325, 41.009453999913326], [-122.53388300015665, 41.00904399987621], [-122.5350830002559, 41.008102000291444], [-122.53507999988285, 41.005984000323316], [-122.53636700002073, 41.003865000128386], [-122.53649300041742, 41.00373999968938], [-122.5378769997414, 41.002384000251425], [-122.53835200011754, 41.002252999911285], [-122.53884900023499, 41.00211400023337], [-122.5393410003296, 41.002243000236874], [-122.53946900037612, 41.002276999801616], [-122.54036499980342, 41.00255300028495], [-122.54276099980396, 41.003510999729045], [-122.54405600033776, 41.00425499975721], [-122.544916999605, 41.00485699975002], [-122.54527200033054, 41.00510000007425], [-122.54810400034917, 41.00522400004508], [-122.55026500017306, 41.0047170002109], [-122.55280000009074, 41.00403099993269], [-122.55448999973645, 41.00362199999573], [-122.55524299994697, 41.00274500032265], [-122.55542000039728, 41.00180600010255], [-122.55527800010704, 40.99988400007423], [-122.55544399978841, 40.99948500025868], [-122.55759499956655, 40.99844599997071], [-122.55791000010915, 40.9979679997877], [-122.55822399992849, 40.99741399986274], [-122.5583939998078, 40.997254999966685], [-122.55951899956398, 40.99720399977805], [-122.56036700020904, 40.99703100008065], [-122.56095300001495, 40.99660900008605], [-122.56130299981933, 40.995979999685986], [-122.5619139997396, 40.994746999866685], [-122.56193700020415, 40.99469900001777], [-122.56238699956761, 40.9943449998829], [-122.56302599997531, 40.993680000148004], [-122.56317999996108, 40.99328300027758], [-122.56297999994455, 40.99256600017863], [-122.56313099955729, 40.99187799997481], [-122.56315300019689, 40.991211000173706], [-122.56330299998473, 40.990364999973956], [-122.56358099981908, 40.98970299989506], [-122.56386799987426, 40.988646000294644], [-122.56438900028117, 40.98818700029738], [-122.56535000000582, 40.98785300010812], [-122.56615599991977, 40.987709000316656], [-122.56671999998437, 40.98745500021937], [-122.5672830002241, 40.98662700026366], [-122.56805599962773, 40.98604900028141], [-122.56837100017033, 40.985560000007716], [-122.56918100028223, 40.98498800018652], [-122.57480199976345, 40.98379000012338], [-122.57548499965377, 40.98316799992845], [-122.5790499997914, 40.98309599970364], [-122.57973299968171, 40.98299600027825], [-122.58079499968868, 40.9828840002807], [-122.58132699996625, 40.98292899981215], [-122.58175399976352, 40.98295700031888], [-122.58204400019174, 40.98315499997842], [-122.5823720002548, 40.98352799987323], [-122.58284599990773, 40.983681999758126], [-122.58376700034772, 40.98375500026925], [-122.5838510000133, 40.98378500024223], [-122.58394499972462, 40.983799999884496], [-122.58413999971829, 40.983843999900614], [-122.58451700018516, 40.98396600003823], [-122.58500599990673, 40.98415799996453], [-122.58506500035625, 40.984184999708006], [-122.5850829998996, 40.98421699996731], [-122.58537900017562, 40.984323000334], [-122.5857309996298, 40.984456000162844], [-122.58585299982855, 40.98450700004136], [-122.58606899973859, 40.98461400017684], [-122.58626700010532, 40.98472400016055], [-122.58648300001539, 40.98486299988981], [-122.58659199979532, 40.98492300017028], [-122.58730099962492, 40.9851829998507], [-122.58759299970296, 40.98537200031037], [-122.58843600032513, 40.985479999942314], [-122.5891879998124, 40.98537800029452], [-122.58939000037707, 40.985206999852984], [-122.58942299998905, 40.98517800007515], [-122.58947900006552, 40.985131000267856], [-122.58954299963963, 40.9850759999603], [-122.58959500041648, 40.98469899974882], [-122.58971000004422, 40.98389200019291], [-122.5897300001357, 40.98299800011906], [-122.58969900017357, 40.98280100025063], [-122.58963100040151, 40.979559999771496], [-122.59050099988954, 40.97863500006406], [-122.59093100005987, 40.978176999894515], [-122.59115799984059, 40.977638000191185], [-122.591258000298, 40.97716199972393], [-122.59137499957556, 40.97667700008486], [-122.59178600037761, 40.97696700008097], [-122.5944180003797, 40.978052000252404], [-122.59488299981179, 40.977902999756445], [-122.5961909998661, 40.97710300019188], [-122.59852800031537, 40.97584699971516], [-122.59865800001172, 40.97559199967805], [-122.59870400004246, 40.974750000033744], [-122.59886499970095, 40.9743530001335], [-122.59897799967885, 40.9741069999053], [-122.59898100005191, 40.97400399990678], [-122.59901500038708, 40.97378499966514], [-122.59902899973248, 40.97373000006938], [-122.59905499967175, 40.97366299968598], [-122.59908999983186, 40.973598000038585], [-122.59913400021279, 40.97353600017959], [-122.59916799964968, 40.973497000052454], [-122.59942999959048, 40.97328600002576], [-122.59956199983495, 40.97315300005435], [-122.59973300043748, 40.972945999896886], [-122.59985899993589, 40.972817999952944], [-122.59994000012671, 40.972725000060436], [-122.60001200009674, 40.972660000167146], [-122.6000940001125, 40.97260099999986], [-122.60018299980096, 40.97254899999262], [-122.60027800023555, 40.972504000161955], [-122.6003879998404, 40.972463999683804], [-122.60053299960536, 40.972420000215045], [-122.60068099974335, 40.97235299985776], [-122.60085099962266, 40.972254999911115], [-122.60099100026308, 40.97215300015805], [-122.60111699976146, 40.97204100006143], [-122.60124999983083, 40.9718879998765], [-122.601396000319, 40.971661999765395], [-122.60144099962653, 40.97160600000236], [-122.6015079995737, 40.97153300028831], [-122.60151299959657, 40.971519000324605], [-122.6016769996281, 40.97112900033613], [-122.60175500034421, 40.97055700016217], [-122.60144700037266, 40.96964600005583], [-122.60136500035686, 40.969440000212764], [-122.60129199966363, 40.96910999988765], [-122.60133600004455, 40.96877399980944], [-122.60136299980873, 40.968753999799276], [-122.60140600036476, 40.96871699983235], [-122.60144300017468, 40.96865999980602], [-122.6014160004105, 40.96831599968464], [-122.6011479997236, 40.967351000169664], [-122.60100299995862, 40.96665100010401], [-122.60098200004224, 40.966251999959155], [-122.60098200004224, 40.966231999862906], [-122.60099399973778, 40.966126000269064], [-122.60102899989789, 40.966005000210956], [-122.60108900017235, 40.96550299984836], [-122.60097000034665, 40.965155999993726], [-122.6009589995777, 40.96447200021531], [-122.60108599979932, 40.963863000016055], [-122.60134299971726, 40.96331600032601], [-122.60143800015179, 40.963188999897014], [-122.60170099991755, 40.96284200008544], [-122.60235000037096, 40.96194400003005], [-122.60244800028026, 40.961424000278406], [-122.6032039999655, 40.9606059997275], [-122.60308900033776, 40.95938699975725], [-122.6049709996041, 40.95910400010696], [-122.60562500008038, 40.958796999816634], [-122.60623500017574, 40.958730999821846], [-122.60648299987287, 40.9585509999324], [-122.6070970001662, 40.9581090001037], [-122.60736300030496, 40.95774799986967], [-122.60736099975684, 40.95721300004494], [-122.6074290004272, 40.9563030002358], [-122.60748200013066, 40.95561400031229], [-122.60747100025999, 40.95552999989577], [-122.60734400003838, 40.95456399997448], [-122.6066960003082, 40.953694999978225], [-122.60666399962282, 40.95343000020092], [-122.60657800030744, 40.95270900022054], [-122.60654700034527, 40.95267200007785], [-122.60631999966623, 40.952403000085575], [-122.605640000149, 40.95159799975307], [-122.60555899995815, 40.951502999690014], [-122.60549700003385, 40.95128600020448], [-122.60538499988087, 40.950891999781454], [-122.60530799988797, 40.950618000319125], [-122.60523199972002, 40.95007399966097], [-122.60520900015378, 40.949682999727074], [-122.60519099971212, 40.94936099971923], [-122.60518599968923, 40.94927600007467], [-122.60518300021448, 40.94922600019273], [-122.60518099966636, 40.949183000250414], [-122.60516599959774, 40.94913900018578], [-122.60514700022951, 40.94908399972448], [-122.60513100033599, 40.94903800008072], [-122.60500999996214, 40.94868700010634], [-122.60498499984779, 40.9486470001184], [-122.60455100037784, 40.94794500025344], [-122.60443199965383, 40.94753499971], [-122.60431700002611, 40.94713499990393], [-122.60443500002688, 40.94642700011542], [-122.60446799963883, 40.94624099977446], [-122.60409799974299, 40.94600100009254], [-122.60393600025961, 40.94570500018819], [-122.60403099979582, 40.94551700022942], [-122.60460999992905, 40.94473000026949], [-122.60503699972632, 40.94415200029776], [-122.60503799955124, 40.9441249997774], [-122.60350899956403, 40.94223700010558], [-122.60318899989687, 40.940620000078994], [-122.60526900042824, 40.94004000031629], [-122.60537900003308, 40.93990900031416], [-122.60538400005595, 40.93989700021811], [-122.60549200001098, 40.939709000011796], [-122.60551799995025, 40.939647999768525], [-122.60558599972234, 40.939531999873545], [-122.605668999563, 40.93941500021186], [-122.60576800019552, 40.939305000010314], [-122.60588100017343, 40.93920300022731], [-122.60600800039505, 40.939111000035076], [-122.60635700037449, 40.93890400032166], [-122.60644299968989, 40.93886200001543], [-122.60655099964492, 40.93879800027301], [-122.60676800027821, 40.938618000325604], [-122.6068360000503, 40.938551000261384], [-122.60694499983022, 40.938412000002614], [-122.60707399970165, 40.93819700009044], [-122.60710999968666, 40.93809999990414], [-122.60720000009837, 40.9377839999814], [-122.60725100015198, 40.93763899989102], [-122.60737400017562, 40.9372000000027], [-122.60718199965669, 40.93570100013427], [-122.60743100007701, 40.934682999911224], [-122.60738099984833, 40.93379599977954], [-122.60770999973627, 40.932794000104366], [-122.6077020002387, 40.931824999720426], [-122.60769399984278, 40.93110899982468], [-122.60769399984278, 40.93047999990459], [-122.6076329997434, 40.93005699997673], [-122.60743000025212, 40.929723000064996], [-122.60799199976861, 40.92961000020029], [-122.60821400042477, 40.92945799978321], [-122.6087519996518, 40.928705999755415], [-122.60890999983552, 40.92784200023425], [-122.60896599991204, 40.92635300011756], [-122.60899400039945, 40.92618400030839], [-122.60902000033872, 40.92613999985343], [-122.60907399986706, 40.926093000075525], [-122.60917900034735, 40.92603500013022], [-122.609258999815, 40.926007999670276], [-122.60970999990171, 40.92515000019739], [-122.61199600029738, 40.92253599991221], [-122.61244800020899, 40.92176200019683], [-122.6127510001577, 40.9212449998119], [-122.611498000355, 40.9193490002744], [-122.61041500043163, 40.91858199971944], [-122.60977799967374, 40.91765399966471], [-122.60957699983231, 40.91665400007924], [-122.60970499987882, 40.91539500018254], [-122.60987599958307, 40.91452400016551], [-122.60973800038911, 40.91394300013203], [-122.60875000000196, 40.91303100019928], [-122.60819799963292, 40.91223199980735], [-122.60777300038379, 40.91201400031017], [-122.60651999968279, 40.91147300006264], [-122.60615900000776, 40.911255000099494], [-122.60568100015686, 40.91056899999769], [-122.60534200022316, 40.909746000123235], [-122.60479700042514, 40.90946500027094], [-122.60366300044811, 40.90888199985859], [-122.60302599969025, 40.90775300011309], [-122.60212400041516, 40.90634800019775], [-122.60181800009343, 40.90529599998965], [-122.60176700003979, 40.90522100012182], [-122.60172100000902, 40.90510699969813], [-122.60169800044281, 40.904999000258904], [-122.60168199965096, 40.90491999971507], [-122.60163099959733, 40.90467300002708], [-122.60153000021333, 40.90418000001647], [-122.60148900020545, 40.903933000280475], [-122.60144900002246, 40.903685000197484], [-122.60143800015179, 40.90361900012272], [-122.60144200034976, 40.90356599999448], [-122.60144599964943, 40.90353099969431], [-122.60148500000749, 40.90339999995837], [-122.60161899990177, 40.90326899996299], [-122.60170599994042, 40.903186000303265], [-122.60165099968883, 40.90279399974189], [-122.60117299983793, 40.901226000063566], [-122.60001299992166, 40.90034300030497], [-122.60045800016059, 40.899748999837726], [-122.60155199995462, 40.89936099995133], [-122.6028469995901, 40.898726999834544], [-122.60438399997325, 40.897926000048436], [-122.60470199999058, 40.89756200029038], [-122.60493700016721, 40.89720099981315], [-122.60493700016721, 40.89671900004715], [-122.60467100002842, 40.8961710001268], [-122.6045229998904, 40.89529899993026], [-122.60477899998345, 40.89423899991531], [-122.60466400035574, 40.89282600004876], [-122.60484699975554, 40.89258599987743], [-122.6049940000686, 40.89233900030583], [-122.60524099994083, 40.89172799986989], [-122.60545500020106, 40.891213999783425], [-122.60544500015533, 40.8911859997486], [-122.60541500001811, 40.89107299987565], [-122.60540900017031, 40.89093400026003], [-122.60541699966792, 40.89078800030043], [-122.60542699971366, 40.89073199985837], [-122.6054569998509, 40.890643000319415], [-122.60550100023183, 40.89055999975645], [-122.60559300029333, 40.89042700020805], [-122.60574499973097, 40.89025100012417], [-122.60590899976252, 40.89010399970682], [-122.60612800004563, 40.889919000034126], [-122.60632999971199, 40.88975500033227], [-122.60650100031452, 40.88961000012477], [-122.60666199997299, 40.88945800008606], [-122.60695599970087, 40.88910599972796], [-122.60700500010468, 40.88904799992913], [-122.60707899972452, 40.888942000048374], [-122.60731499972609, 40.88841099980038], [-122.6073780003736, 40.88821499983308], [-122.60747399973474, 40.887833999895165], [-122.60752999981123, 40.88747999970868], [-122.60753900003205, 40.887452999800914], [-122.6075559997505, 40.88739499991147], [-122.60761400037514, 40.88727400025944], [-122.60776300033804, 40.8870850000853], [-122.60859199981823, 40.886115999920044], [-122.60889599959184, 40.88561099969958], [-122.60916199973062, 40.88529399971188], [-122.60930499984576, 40.885158999678175], [-122.60951900010599, 40.8849870000311], [-122.60976000013042, 40.884676000079295], [-122.60989900004759, 40.88455000028333], [-122.61000100015487, 40.88447299987488], [-122.61019699997343, 40.88435700025471], [-122.61037500024865, 40.884285999965336], [-122.61067200034957, 40.88420100014046], [-122.61103200019967, 40.884041000094065], [-122.61132000007977, 40.88392699984203], [-122.61145300014915, 40.88385700017378], [-122.61156799977688, 40.88376399995673], [-122.61189800038808, 40.883459999839694], [-122.6120120001909, 40.883381000058755], [-122.61225800023819, 40.883238000292906], [-122.6125899996009, 40.88306499999216], [-122.61318399980276, 40.88267400015112], [-122.61391500027194, 40.88231099976481], [-122.61407299955737, 40.88222199976655], [-122.61425199965751, 40.88210299966586], [-122.61441900006209, 40.881973999788784], [-122.61473000040671, 40.881670000279115], [-122.61527000018188, 40.88106799974383], [-122.61749999960276, 40.88039200012816], [-122.61867299993781, 40.87979900030173], [-122.61962199996691, 40.87967600009168], [-122.62321800006667, 40.88017700029531], [-122.62366900015338, 40.88012200016271], [-122.6237689997125, 40.880109000297594], [-122.62427400022588, 40.880048000060384], [-122.6245150002503, 40.879935000185085], [-122.62503800030701, 40.87969299986925], [-122.62544199963975, 40.879208000185045], [-122.62571799982427, 40.87840999987078], [-122.62582400012947, 40.87816000025308], [-122.62612999955293, 40.87744900030912], [-122.62623800040626, 40.87695999981304], [-122.62629199993464, 40.876176000048325], [-122.62627000019332, 40.874857000100505], [-122.62617999978166, 40.87414400026032], [-122.62627900041416, 40.87388699967369], [-122.62636300007973, 40.87362400017607], [-122.6264080002856, 40.8734459997941], [-122.62643599987467, 40.87321899984151], [-122.62644099989757, 40.87308899974556], [-122.62643300039993, 40.8728110000737], [-122.62639800023985, 40.872609999947905], [-122.62634700018621, 40.87245100030831], [-122.62631700004897, 40.87238500032017], [-122.62620800026905, 40.872188999761605], [-122.62606199978084, 40.87187800013145], [-122.62603500001669, 40.87179700030032], [-122.6260219995979, 40.87171499978328], [-122.62601800029825, 40.871644000198], [-122.62602300032111, 40.87154499966364], [-122.62603400019177, 40.871460999691124], [-122.62606199978084, 40.87133599978547], [-122.62608400042049, 40.87130599966431], [-122.62613399975088, 40.87129200019181], [-122.62619700039839, 40.870428000332616], [-122.62629000028481, 40.86945399978355], [-122.62632600026984, 40.86924100031878], [-122.62633700014048, 40.869187999822444], [-122.62644099989757, 40.867707999823416], [-122.62642599982892, 40.86709400030376], [-122.62702599987855, 40.86648099983298], [-122.62775800017266, 40.86601999967035], [-122.628000000022, 40.865852999862966], [-122.62835200037452, 40.865642999682315], [-122.62913700037205, 40.86517799977547], [-122.62979900034597, 40.864872999889705], [-122.6304789998632, 40.864695999772955], [-122.63070399999411, 40.86425099973868], [-122.63077799961393, 40.864105000021], [-122.63086800002564, 40.86396600015351], [-122.63102299983632, 40.86376699972797], [-122.63120899960917, 40.86358199980994], [-122.63128399995223, 40.8635169998446], [-122.63138199986153, 40.86328100018668], [-122.63158199987807, 40.86328799975107], [-122.63161100019039, 40.86328899978585], [-122.63181200003184, 40.86308299977884], [-122.63201500042145, 40.86292999992299], [-122.6332029999268, 40.86262599991974], [-122.63378299988494, 40.862011000105], [-122.63437999956152, 40.86128899994501], [-122.63441200024688, 40.86067199979623], [-122.63439499963012, 40.8603590002685], [-122.63434699994953, 40.85962800031434], [-122.63456100020979, 40.857936000297656], [-122.63467099981463, 40.85705600009247], [-122.63658700031449, 40.85624799975161], [-122.63673299990434, 40.85621399970286], [-122.63707000018823, 40.856135000021744], [-122.63731600023554, 40.85607900015627], [-122.63762000000914, 40.855841999667845], [-122.63784599996495, 40.85548499983433], [-122.6379969995777, 40.855176000206704], [-122.63820300034031, 40.85475600009727], [-122.63825699986869, 40.85465000033804], [-122.63849200004533, 40.85422900011975], [-122.63863599998537, 40.85396199998293], [-122.63878300029846, 40.853674999931165], [-122.63888899970534, 40.85340899978403], [-122.63904100004132, 40.851875999741125], [-122.63955800025028, 40.85005399967253], [-122.63959500006018, 40.84749599987579], [-122.63954700037962, 40.84665300001797], [-122.63951300004443, 40.845503999960194], [-122.63953099958778, 40.84525199985122], [-122.63971499971079, 40.84504000033335], [-122.6421640003131, 40.84441800014849], [-122.6428289997617, 40.84407200009724], [-122.64336799971198, 40.84388100029288], [-122.64467800031441, 40.84368200001081], [-122.645418999931, 40.843781000061924], [-122.64658499969507, 40.843761000269424], [-122.64784099987081, 40.843652999926675], [-122.64851600026351, 40.843531999836955], [-122.64877999985414, 40.84349600007092], [-122.64917900006233, 40.84344100005081], [-122.64988299986904, 40.84336600007335], [-122.65087999957869, 40.84321100021353], [-122.65172999987354, 40.84282699984108], [-122.65268499975042, 40.84243699990385], [-122.65414299959254, 40.842016000238], [-122.65539999959317, 40.841547999884085], [-122.65544599962394, 40.840551999910886], [-122.65614199993304, 40.839612999873175], [-122.6564859998896, 40.83878800013586], [-122.65627900020037, 40.83852600030928], [-122.65628099985018, 40.83805299974066], [-122.65652299969952, 40.83764599988476], [-122.65691000021215, 40.83709300012744], [-122.65708799958907, 40.836448000203795], [-122.6571129997034, 40.835985999919416], [-122.65722700040455, 40.835380000225825], [-122.6579649996481, 40.83446299979382], [-122.65818700030427, 40.83427299995912], [-122.65881800031603, 40.83395799982047], [-122.65932499958093, 40.8337330000674], [-122.65958099967395, 40.83312400005895], [-122.65999599977567, 40.83216200010577], [-122.66047000032688, 40.831645000247235], [-122.66091999969039, 40.83126699987133], [-122.66156099974792, 40.83113599983885], [-122.66214800027703, 40.830832000084115], [-122.66245399970047, 40.83057900007971], [-122.66272200038739, 40.830305000162724], [-122.66275300034953, 40.830272000250154], [-122.66333199958446, 40.82975499992854], [-122.66366999969325, 40.82953100005079], [-122.66380199993773, 40.829311000247564], [-122.66394500005285, 40.829097000301], [-122.66448999985091, 40.82829600012274], [-122.66474699976885, 40.827742999863844], [-122.66478199992896, 40.8276660000127], [-122.66488900005905, 40.82743699971515], [-122.66492500004408, 40.82736100008576], [-122.6650120000827, 40.82718799995164], [-122.66516699989342, 40.82688199996094], [-122.66533699977273, 40.82671599996608], [-122.66547700041312, 40.826582000052106], [-122.66555900042889, 40.82649800016069], [-122.66584899995881, 40.82610600016698], [-122.66605800019616, 40.82587500008099], [-122.66581999964649, 40.82492500020834], [-122.66538500035162, 40.82340200024227], [-122.66350499983682, 40.82227800029601], [-122.66220099998048, 40.82108000028821], [-122.66166899970293, 40.820345000046224], [-122.66136599975424, 40.81968900021054], [-122.66128799993642, 40.81960899980333], [-122.66119199967694, 40.81944499999252], [-122.66130100035521, 40.81909099994729], [-122.6612939997842, 40.8187910001469], [-122.66115200039228, 40.81846899966271], [-122.66115200039228, 40.817592999703834], [-122.6600829998143, 40.816313999695716], [-122.65973899985772, 40.81599100003646], [-122.65932299993109, 40.815221999831216], [-122.6592169996259, 40.8148200003154], [-122.65828699986338, 40.81343699968283], [-122.65758100040689, 40.81263299969966], [-122.6575210001324, 40.812501000131135], [-122.65747500010167, 40.81237499967988], [-122.65715600025943, 40.81188399990141], [-122.65664400007334, 40.811181999661926], [-122.65640999972165, 40.81081300023643], [-122.65618600031397, 40.81046099998677], [-122.65609099987938, 40.81029000027516], [-122.65601600043465, 40.810115000173695], [-122.65599899981788, 40.81008400004932], [-122.65591500015229, 40.80994099977059], [-122.65584800020515, 40.80982600031662], [-122.65574899957262, 40.80910100017515], [-122.65569699969411, 40.808616999866416], [-122.65541800003486, 40.80844200011221], [-122.65524399995756, 40.80817799967583], [-122.65517299981245, 40.80779199999581], [-122.655232000262, 40.80757299967224], [-122.65595199996221, 40.80696100019873], [-122.65630900033761, 40.806771999970636], [-122.65658899982176, 40.805333999862185], [-122.65675799987616, 40.80478399994385], [-122.65690400036436, 40.80448099999873], [-122.65707500006859, 40.8041269996638], [-122.65722599968133, 40.803746000126814], [-122.65724400012297, 40.80299599970757], [-122.65730900042031, 40.802546999739214], [-122.65736600032172, 40.802147000144174], [-122.65745900020814, 40.8019450002418], [-122.65769000018682, 40.80186399991635], [-122.66034599958002, 40.80094100008221], [-122.66121900033944, 40.800729999941474], [-122.66134499983782, 40.80049399973707], [-122.66135200040883, 40.800482000188325], [-122.6613640001044, 40.80012100016942], [-122.66124600010363, 40.79986099983996], [-122.66110299998849, 40.79966900020882], [-122.66106199998062, 40.7992459996889], [-122.66082400032923, 40.798386000167426], [-122.6607659997046, 40.79809399989955], [-122.6609409996068, 40.79566399997186], [-122.66119199967694, 40.794983999848306], [-122.66165600018245, 40.79431299971976], [-122.66117999998139, 40.793045000315004], [-122.6609909998355, 40.79291500002216], [-122.66076999990257, 40.79246899978218], [-122.66068100021411, 40.79207799976822], [-122.66054200029691, 40.791949999804345], [-122.66045000023541, 40.79169399981638], [-122.66046000028118, 40.79158599968483], [-122.66046299975591, 40.79155999989142], [-122.66041099987736, 40.79145599993578], [-122.66033800008243, 40.791255999667946], [-122.66038099974014, 40.791231999949005], [-122.66041599990022, 40.79120300005033], [-122.66046100010607, 40.791154000122354], [-122.66050600031191, 40.791065000077396], [-122.66049600026618, 40.79099899995939], [-122.66043799964152, 40.7906410000518], [-122.65962300040506, 40.790097999938915], [-122.65896300008099, 40.78941400010158], [-122.65857599956838, 40.7886519999746], [-122.6582729996197, 40.787879999783286], [-122.65820400002269, 40.78764599977825], [-122.65809299969463, 40.787503999942935], [-122.65870399961491, 40.786848999684075], [-122.65923099986959, 40.786558000197296], [-122.65978200041373, 40.78633899986883], [-122.66036900004457, 40.785594999787506], [-122.66136800030237, 40.78455100001292], [-122.6621039998961, 40.783895000004236], [-122.66289599956636, 40.783399000307966], [-122.66309300010816, 40.783357999786084], [-122.66317900032188, 40.78333399993339], [-122.66331200039127, 40.783328999849616], [-122.66361500033999, 40.78321700018715], [-122.66385499964119, 40.78310399977143], [-122.66419799977284, 40.78295300008968], [-122.66515099999988, 40.78237400007395], [-122.66521499957399, 40.782352000336815], [-122.66529900013789, 40.782311999744884], [-122.66537600013079, 40.782261000264626], [-122.66545599959841, 40.782189000171456], [-122.66557199994936, 40.78207600004739], [-122.66570199964572, 40.78191600027128], [-122.66593400034763, 40.78159899996342], [-122.6662719995581, 40.78108800005008], [-122.66645700040435, 40.780837999870364], [-122.66671199977415, 40.78052999984626], [-122.66683599962272, 40.78039799969024], [-122.66712000020316, 40.780108999685076], [-122.6672630003183, 40.77998999983767], [-122.66733899958797, 40.77992099979987], [-122.66740499971021, 40.77985400023682], [-122.66746900018263, 40.77976699988101], [-122.66751600003828, 40.77965700020627], [-122.6676080000998, 40.77936399993639], [-122.667706999834, 40.77914199986269], [-122.66781599961392, 40.77893600023984], [-122.66787500006347, 40.77880199973941], [-122.66792600011712, 40.77866900027999], [-122.66794399966045, 40.778591999934285], [-122.66795600025435, 40.77846399982459], [-122.6679539997062, 40.778394000287335], [-122.66794299983553, 40.77831199984161], [-122.66793100013999, 40.77826799971003], [-122.66789299960685, 40.77817800012315], [-122.66771500022992, 40.777876999749665], [-122.66765800032852, 40.77775000026778], [-122.66759800005404, 40.777554000087335], [-122.66754899965025, 40.777430999866176], [-122.66749400029698, 40.777325000289274], [-122.66740200023547, 40.77716999982061], [-122.66737200009823, 40.7771260002931], [-122.66736299987741, 40.77711599987077], [-122.66916399985118, 40.77455400003235], [-122.66983900024388, 40.77356699974969], [-122.67052600033215, 40.7727680000227], [-122.6710019996349, 40.77244600005581], [-122.67164699989036, 40.77235299992704], [-122.67210399982484, 40.77209399976018], [-122.67246200002513, 40.77177800025642], [-122.67302400043994, 40.771243000170024], [-122.67353300025297, 40.77095299972795], [-122.67423700005965, 40.77077200027207], [-122.67492599979774, 40.77057200030364], [-122.67622499963117, 40.76986699967885], [-122.67712400032987, 40.76935900027583], [-122.67995399980036, 40.767936999836955], [-122.68004400021202, 40.76793500029241], [-122.68014399977116, 40.767915000081075], [-122.6805299995605, 40.76780100005419], [-122.68115800009755, 40.76757699988527], [-122.68138200040354, 40.76748100006767], [-122.6817189997891, 40.76730399980657], [-122.68199400014872, 40.76712900000364], [-122.6822019996629, 40.766963000204015], [-122.68241699974804, 40.766757000236744], [-122.68257199955873, 40.76661600009907], [-122.68274599963601, 40.76644099984514], [-122.68289100029926, 40.76630599985917], [-122.683005999927, 40.76621299998152], [-122.68342699987649, 40.765939999742386], [-122.68381500021398, 40.76570899976325], [-122.6843009995625, 40.7654490000839], [-122.68439099997418, 40.76540999967003], [-122.68449300008143, 40.76537999991182], [-122.68466700015868, 40.76534500006342], [-122.68499299967363, 40.765265000146236], [-122.68554900024061, 40.765089000261675], [-122.68573599983839, 40.76504000011811], [-122.68617000020666, 40.76494599967212], [-122.68649300024684, 40.76488599972326], [-122.68700299988477, 40.76478399982196], [-122.68717500031222, 40.76474000025642], [-122.68738100017653, 40.76467100002868], [-122.68758399966784, 40.76458300003848], [-122.68778100020964, 40.76448000018809], [-122.68793500019541, 40.764389000128006], [-122.68822800009836, 40.76443900023624], [-122.68850699975762, 40.76398499994173], [-122.6886239999335, 40.763809000069436], [-122.68873799973632, 40.76366200010111], [-122.68879600036092, 40.76358500005278], [-122.68906300032462, 40.76339799985552], [-122.68937999961875, 40.76298500012804], [-122.68983900010137, 40.76258499966393], [-122.69035899978503, 40.76223300020354], [-122.6906869998481, 40.76205900017612], [-122.69096499968245, 40.76186700010994], [-122.69101999993404, 40.761828999839736], [-122.69125199973763, 40.7616759996958], [-122.69146000015009, 40.761538999819486], [-122.69170899967212, 40.76138099999394], [-122.69209299981166, 40.76113399978551], [-122.69282400028088, 40.76072499980218], [-122.69318300030606, 40.760629999835146], [-122.69374200034781, 40.7606160001222], [-122.69493400005113, 40.76031700025095], [-122.69649599965031, 40.75999199981214], [-122.69764499969594, 40.75991700006096], [-122.69898399971235, 40.75954500007156], [-122.69980899989287, 40.75926199995292], [-122.70047599988965, 40.75889599983047], [-122.70091000025792, 40.75848999976883], [-122.70110600007648, 40.758314000315785], [-122.70151299978227, 40.758111000178566], [-122.7017549996316, 40.75795399995228], [-122.7016419996537, 40.757675999838305], [-122.70147099994948, 40.7571370001187], [-122.70092899962616, 40.75668500018512], [-122.70065300033997, 40.75650399997475], [-122.70054500038493, 40.75643399975747], [-122.700396000422, 40.75621199996125], [-122.70012500026036, 40.75602300021263], [-122.70010299962075, 40.75600499972249], [-122.70009099992517, 40.7558620000029], [-122.70010000014601, 40.75584099994683], [-122.70031400040627, 40.75539400019296], [-122.70037200013259, 40.755329000317964], [-122.70050400037704, 40.75518599982482], [-122.70060800013412, 40.75507399967111], [-122.70092199995347, 40.75474099969146], [-122.70102800025869, 40.754629999781265], [-122.70138499973574, 40.75424599972909], [-122.70161200041478, 40.753881000214356], [-122.70218099960395, 40.75357600006184], [-122.7026130003224, 40.75339399990222], [-122.7030009997616, 40.75308199992775], [-122.7035149995975, 40.752705000131726], [-122.70370000044375, 40.75258600019987], [-122.70408600023312, 40.752529000334384], [-122.70432899990737, 40.75240499971798], [-122.70448899974093, 40.75213900033756], [-122.70483799972038, 40.75154400028874], [-122.70581299968875, 40.74986899967254], [-122.7062949997376, 40.74955599978149], [-122.70715799955295, 40.749381999918086], [-122.70835099997952, 40.74936399967152], [-122.70906800020501, 40.74933600026137], [-122.70971900030824, 40.74938800022603], [-122.71048900023716, 40.74920699988561], [-122.71099899987513, 40.74898199994493], [-122.71191899959187, 40.74837299997954], [-122.71270600013756, 40.747995000293486], [-122.7132149999506, 40.74771100027166], [-122.71421500003328, 40.74739700000986], [-122.71506600015307, 40.74715800024518], [-122.71558500001186, 40.747089000141926], [-122.71614800025155, 40.74707800021748], [-122.71726799998484, 40.74716699998708], [-122.71740699990204, 40.74718200023472], [-122.7173120003658, 40.746631000078175], [-122.71703600018128, 40.745506999994724], [-122.71723600019779, 40.74468500006944], [-122.71769200030738, 40.7442580000291], [-122.71840100013695, 40.74370000021161], [-122.71876900038298, 40.742541999805404], [-122.71891599979776, 40.741581999996356], [-122.7195379995887, 40.740759000044726], [-122.71990599983472, 40.740203999686656], [-122.71985200030637, 40.73937200026695], [-122.71929300026463, 40.7387090002557], [-122.71778900039178, 40.73753700027311], [-122.7170370000062, 40.73703099998309], [-122.71599900028865, 40.7362370003012], [-122.7149740000916, 40.73526500026803], [-122.71404500015397, 40.73421800017762], [-122.71352999959485, 40.733768000221346], [-122.71324099988983, 40.733442000073254], [-122.71320400007994, 40.733340000258465], [-122.71306199978972, 40.732924999726556], [-122.71276100038915, 40.7320009996883], [-122.71254799995381, 40.73143499999173], [-122.71215200011868, 40.731164999845056], [-122.71211399958554, 40.73111999982753], [-122.71208400034662, 40.73108800028063], [-122.71179999976621, 40.73078399973325], [-122.7117649996061, 40.73073300019055], [-122.7115470000462, 40.73041700011058], [-122.71075500037597, 40.73020199990703], [-122.71006900011261, 40.729881000007396], [-122.70956399959923, 40.72951000013048], [-122.7094359995527, 40.72912299997946], [-122.70908800029649, 40.72805199982885], [-122.70837799974369, 40.72758599976041], [-122.7072589998353, 40.72709199990836], [-122.70695400023675, 40.726663999891215], [-122.70694900021391, 40.72664100003981], [-122.70686499964998, 40.726516000116426], [-122.70683600023598, 40.72635299983645], [-122.70682299981719, 40.72625799977729], [-122.70682000034245, 40.7262390000215], [-122.70681000029671, 40.726177999801436], [-122.70671200038744, 40.72567399971645], [-122.70657099992212, 40.725331000208584], [-122.70674099980144, 40.724656000204504], [-122.70697799962791, 40.72414699971528], [-122.70703999955218, 40.72399999988212], [-122.70707300006244, 40.72392900007795], [-122.70717099997174, 40.72369899992387], [-122.70735000007188, 40.72328499995829], [-122.7074999998597, 40.72306399990091], [-122.70780000033368, 40.72262200030792], [-122.70788599964911, 40.72249399997935], [-122.70796000016728, 40.722396000189036], [-122.7085209998588, 40.72165500014032], [-122.708731999746, 40.721270000192824], [-122.70891000002123, 40.72094799996256], [-122.70903800006776, 40.72051600002321], [-122.70919999955115, 40.72017200033579], [-122.70938299984927, 40.72003799982999], [-122.70941600035954, 40.72001599988378], [-122.70946900006298, 40.719975999901], [-122.70960899980507, 40.71986499983993], [-122.70973199982872, 40.71967200033579], [-122.7099619999825, 40.719314000133735], [-122.71038700012993, 40.717773000040886], [-122.71049599990988, 40.717385000213945], [-122.71075299982782, 40.71646400017558], [-122.71128299955726, 40.71557300010672], [-122.71153000032777, 40.71487699982029], [-122.7115260001298, 40.71477999994131], [-122.71149400034274, 40.71373099979601], [-122.7112659998388, 40.71242500024184], [-122.71113799979229, 40.71156400013108], [-122.71138200018976, 40.71069099967686], [-122.71161599964317, 40.71053700006814], [-122.71242400010526, 40.71000700033758], [-122.71329500031653, 40.709816000103416], [-122.71433700023202, 40.70958899977936], [-122.71564600011122, 40.70934599980779], [-122.71619299955908, 40.70918999986304], [-122.71666700011032, 40.70887199968205], [-122.71709399990759, 40.70874899971869], [-122.71739600003139, 40.70866400023685], [-122.71799400043119, 40.70850000017697], [-122.71845999968819, 40.7083190002648], [-122.71881500041374, 40.70783299969955], [-122.71894900030804, 40.70717099971657], [-122.71909900009587, 40.70643500018196], [-122.71924200021101, 40.705893999885674], [-122.71934599996807, 40.7054980000526], [-122.71938899962579, 40.705350999897064], [-122.71945899994597, 40.705117999801146], [-122.71949699958083, 40.70477099976364], [-122.71936600005955, 40.70444000001736], [-122.71933000007455, 40.70407800010477], [-122.71942100031116, 40.70327799981707], [-122.71945899994597, 40.70295000000655], [-122.71949400010608, 40.70233199986173], [-122.71950599980164, 40.70207200028887], [-122.71996399956105, 40.70148100023211], [-122.72079100028971, 40.70080600016192], [-122.72133699991267, 40.70031600018458], [-122.72143900001991, 40.70026300023507], [-122.7218120002888, 40.700069999754206], [-122.72204099971935, 40.699655999952356], [-122.72208799957501, 40.69916899972297], [-122.72193000028957, 40.69834499983696], [-122.72163400001358, 40.69784500005853], [-122.72197200012238, 40.69747700017794], [-122.72241200033842, 40.6970690001845], [-122.72249199980607, 40.69676500023421], [-122.72249299963096, 40.69674700005472], [-122.72250400039994, 40.69672199975956], [-122.72251199989755, 40.69662400017391], [-122.72253299981394, 40.69631600024572], [-122.72239899991963, 40.69574200014012], [-122.72235799991174, 40.69547300012351], [-122.72274600024927, 40.69535099977569], [-122.72323099977285, 40.69516500032282], [-122.72373899976097, 40.694741999985354], [-122.72421800033509, 40.69435099988203], [-122.72451600026092, 40.69404699978908], [-122.72473399982081, 40.693841000089314], [-122.72489200000456, 40.6938519999604], [-122.72513999970165, 40.693866000103334], [-122.72544600002344, 40.693841999953804], [-122.72561799955255, 40.6937609999813], [-122.72576499986565, 40.69357000015226], [-122.72629700014322, 40.693188000213894], [-122.72649999963448, 40.69309399970072], [-122.72663899955165, 40.693027999695886], [-122.72720799963912, 40.69276700002713], [-122.72823399966111, 40.69264299972709], [-122.72893699964291, 40.6926090003076], [-122.72931900013265, 40.69252700031411], [-122.7296610004394, 40.69238700002549], [-122.72996900041096, 40.69217699972216], [-122.73043700021611, 40.692193999884886], [-122.73115500026651, 40.692302999983596], [-122.73163899996518, 40.69255300002393], [-122.73214199993043, 40.69278099971693], [-122.73266699963699, 40.69302199975415], [-122.73313500034043, 40.693202999689376], [-122.73362400006198, 40.69326699977456], [-122.7340690003009, 40.69318200028652], [-122.73460300022829, 40.69279400020471], [-122.73512000043722, 40.69266200021648], [-122.73567000025815, 40.69267799969234], [-122.73610700010114, 40.69265700012408], [-122.73651200015712, 40.692619999700995], [-122.73706500035108, 40.69267699981033], [-122.73797800039515, 40.6928129999699], [-122.73837699970498, 40.6929659998176], [-122.73870300011822, 40.693152999835426], [-122.73893400009692, 40.693524000051035], [-122.73919600003774, 40.693948999674106], [-122.7395170004281, 40.69431600011449], [-122.74003299991382, 40.69437700024232], [-122.74062899976546, 40.694495000230575], [-122.7412999999602, 40.69507700031282], [-122.7415240002662, 40.695236999996844], [-122.74169400014551, 40.69530100017154], [-122.74232799963201, 40.69513699989885], [-122.74284400001605, 40.695043999938605], [-122.74320600041429, 40.695048999851885], [-122.74388699975644, 40.6950300000432], [-122.74429699983529, 40.69483399983646], [-122.74456999964676, 40.69452699966029], [-122.74472299980764, 40.69443500006638], [-122.74531199998657, 40.694225999946745], [-122.74562599980597, 40.69412099971093], [-122.7457150003927, 40.69405000005442], [-122.74557899995028, 40.69371599987832], [-122.74545099990377, 40.69341300016453], [-122.74608399956534, 40.6928719996723], [-122.74675800013316, 40.6924800002889], [-122.74695800014966, 40.692451000213396], [-122.74749499955179, 40.692359999683035], [-122.7478240003381, 40.692291999856735], [-122.74825100013534, 40.69220099979035], [-122.74869499965104, 40.69206299996148], [-122.74918199972275, 40.69191000008362], [-122.75038799966978, 40.69111199991421], [-122.75114599990316, 40.69042799975225], [-122.75160299983766, 40.69011899986827], [-122.75202299996222, 40.68988199992535], [-122.75226599963648, 40.689642000038084], [-122.75234199980446, 40.689347000326364], [-122.7521970000395, 40.68898500013093], [-122.75183999966413, 40.68834199981795], [-122.75178799978558, 40.68807299989616], [-122.75168300020358, 40.687530999682956], [-122.75166599958685, 40.68739900016754], [-122.7516050003858, 40.68690099992036], [-122.7516339997998, 40.686402000062785], [-122.7516339997998, 40.68563500031355], [-122.75152500001987, 40.68537100032238], [-122.75140299982112, 40.68507400010405], [-122.75112900018473, 40.684836999929956], [-122.75110499989529, 40.68482899993236], [-122.75103499957507, 40.68480499993385], [-122.75101200000886, 40.68479699993241], [-122.75077299963426, 40.684715999863876], [-122.75073499999942, 40.68470399984538], [-122.75045999963982, 40.68464999973524], [-122.75011800023137, 40.68438199990381], [-122.75010499981258, 40.6843719998384], [-122.74995800039778, 40.6842589996763], [-122.74993499993327, 40.684214999977314], [-122.74949100041756, 40.68341400024014], [-122.748662999864, 40.68253199973465], [-122.74846899969522, 40.68213199983247], [-122.7483259995801, 40.68206199970496], [-122.74822400037118, 40.682011000305394], [-122.74791200020164, 40.68193399974884], [-122.74777499993428, 40.681900000315245], [-122.74774899999501, 40.68188999987748], [-122.74703400031767, 40.681658000199185], [-122.74643500009297, 40.68123399989873], [-122.74595700024207, 40.68076400025389], [-122.74541200044403, 40.68053899983072], [-122.74496800003003, 40.68034600011912], [-122.74439100044492, 40.679820000260285], [-122.74373000029593, 40.679365000048215], [-122.74308199966741, 40.67907400015289], [-122.74258299990014, 40.67881000006189], [-122.74254600009021, 40.67841799971145], [-122.74252099997584, 40.67814400011037], [-122.74250699973216, 40.67805700020534], [-122.74242899991434, 40.677597999789896], [-122.74244599963278, 40.67697900008326], [-122.74245900005158, 40.676669999838964], [-122.74238000040886, 40.67625300004981], [-122.74280399983307, 40.67565599973763], [-122.74290099991745, 40.67546800021574], [-122.74293100005467, 40.67514999983954], [-122.74294899959803, 40.675142000041916], [-122.74297899973524, 40.6751140000613], [-122.74299800000182, 40.67507800026362], [-122.74301100042062, 40.67497500012954], [-122.74300600039774, 40.67492100031317], [-122.74293199987959, 40.67457399969254], [-122.74290199974237, 40.6744660000478], [-122.74283800016826, 40.67430699970359], [-122.74281899990169, 40.67419400019258], [-122.74280999968084, 40.67407100024184], [-122.7428209995515, 40.67383099996715], [-122.74283599962013, 40.67364400023594], [-122.74286400010753, 40.67354899992018], [-122.742912999613, 40.673478000147995], [-122.7429389995523, 40.67343199980425], [-122.74295100014616, 40.67339599977969], [-122.7429670000397, 40.67326099968483], [-122.74297399971238, 40.673081000268674], [-122.74295199997108, 40.67300199994375], [-122.74294500029838, 40.672934000123824], [-122.74296399966664, 40.67278099993477], [-122.74295899964378, 40.67272799988538], [-122.74294199992532, 40.6726789998408], [-122.74289099987172, 40.67259900021898], [-122.74276100017536, 40.67248100029501], [-122.74272900038831, 40.67243700031613], [-122.74268900020536, 40.67234999977687], [-122.74259100029603, 40.672169999945346], [-122.74255699996087, 40.672082999739], [-122.7425469999151, 40.6720159998552], [-122.74254799974003, 40.671912999760096], [-122.74255600013598, 40.671807999797004], [-122.74255500031106, 40.67171699969531], [-122.74252799964853, 40.671263000252445], [-122.74254100006732, 40.67114500000816], [-122.74258500044827, 40.67099400021672], [-122.74260100034179, 40.67084799976833], [-122.74258999957283, 40.6707599996703], [-122.74254899956495, 40.670634999772815], [-122.74232000013441, 40.67008499975653], [-122.74230000004293, 40.67002699986208], [-122.74227499992857, 40.669912000145295], [-122.74226499988282, 40.6697810000308], [-122.74222899989779, 40.66955900001888], [-122.7422079999814, 40.66949299987284], [-122.74212299959261, 40.66931400005636], [-122.74203399990412, 40.6691660002297], [-122.74199299989625, 40.66910800021723], [-122.74180100027563, 40.6689049997764], [-122.7416360004192, 40.66876200024613], [-122.7416230000004, 40.66874099995579], [-122.74161100030483, 40.66869199970677], [-122.7416160003277, 40.66862100021369], [-122.74161899980244, 40.66858299983017], [-122.74131300037902, 40.66846200023993], [-122.741053000088, 40.66794399994573], [-122.7407429995683, 40.667285000265856], [-122.7407290002229, 40.66689500014663], [-122.74091300034594, 40.66649200030755], [-122.74117299973861, 40.666211000164], [-122.74126099960215, 40.66610200032063], [-122.74126800017315, 40.666078999993395], [-122.7412840000667, 40.66602999983258], [-122.74135699986162, 40.665810999772425], [-122.74133599994524, 40.665746999895994], [-122.74121399974648, 40.66539699971961], [-122.74056600001629, 40.66521700019857], [-122.74001700002029, 40.66522800002427], [-122.73954800039023, 40.66493400021919], [-122.73886799997466, 40.66487099980037], [-122.73834400009304, 40.664635999951784], [-122.73816499999286, 40.66452400002838], [-122.73801799967978, 40.66425300012917], [-122.7379690001743, 40.66419100005783], [-122.73781900038648, 40.66405300015363], [-122.73769200016486, 40.663966999891194], [-122.73762100001974, 40.663933000152994], [-122.73741099995748, 40.66387400004517], [-122.73726500036759, 40.663848000050365], [-122.73689399974853, 40.66380500014153], [-122.73643299961606, 40.66377900011982], [-122.73617800024626, 40.663756999988685], [-122.73599400012324, 40.663727000046], [-122.7358629997037, 40.663697000089826], [-122.73578400006096, 40.6636670001201], [-122.73570799989298, 40.66363199991128], [-122.73556499977786, 40.66354300019312], [-122.73543900027948, 40.66344999975585], [-122.73536300011148, 40.66337500021002], [-122.73528100009571, 40.66327699996766], [-122.73520199955468, 40.663206000161054], [-122.73499999988832, 40.66304599989754], [-122.73496899992618, 40.6630099997172], [-122.7349410003371, 40.66295799972528], [-122.73485099992538, 40.66274200011108], [-122.73481199956733, 40.662695999856865], [-122.73477099955946, 40.66265899983671], [-122.73472600025195, 40.66262599976461], [-122.7346740003734, 40.6625880000537], [-122.73408900039239, 40.662572999821116], [-122.73358899990188, 40.662425999680366], [-122.73343800028913, 40.66218599974166], [-122.73338999971025, 40.66178900009674], [-122.73352399960456, 40.66129500005588], [-122.7335489997189, 40.66120399991828], [-122.73357899985614, 40.66109000033457], [-122.73360099959743, 40.6607060002316], [-122.73359700029779, 40.660509999937446], [-122.73348199977177, 40.65993299970555], [-122.73345800038064, 40.65970599978287], [-122.73345800038064, 40.65959700021193], [-122.73346400022842, 40.659500000250176], [-122.73347500009905, 40.65942300027143], [-122.73350199986326, 40.659294000081324], [-122.73357600038143, 40.65910800017631], [-122.73363599975757, 40.658997000216694], [-122.73379700031434, 40.658762999825704], [-122.73386300043659, 40.65867599984671], [-122.73394499955404, 40.6585839998316], [-122.73398800011006, 40.658548999681436], [-122.73415999963917, 40.658443999802266], [-122.73417300005798, 40.658429000000744], [-122.73417700025594, 40.658410999689266], [-122.7341670002102, 40.65837400001816], [-122.73409100004223, 40.65827399980975], [-122.73403099976778, 40.65821000019737], [-122.73401300022441, 40.65819699977879], [-122.73402999994286, 40.657749999728786], [-122.73377200019999, 40.65695599979222], [-122.7336819997883, 40.65685900007918], [-122.73300499974579, 40.6561219997816], [-122.73216600021988, 40.65591800027083], [-122.73181700024043, 40.655730000302974], [-122.73156100014738, 40.655465999787324], [-122.73133699984139, 40.654684999670415], [-122.73102499967185, 40.6542329996932], [-122.7308220001806, 40.65404699998929], [-122.73044499971373, 40.65401900001098], [-122.7300270001373, 40.653879999725476], [-122.72982200009787, 40.653764000324585], [-122.72956500017993, 40.65379099994464], [-122.72952499999695, 40.65372700012076], [-122.72946800009555, 40.6536500002939], [-122.72940799982109, 40.65355699969417], [-122.72897699982587, 40.65278199987807], [-122.72888999978724, 40.6526440002242], [-122.72884299993159, 40.65257799969617], [-122.72882500038821, 40.652561000334394], [-122.72879900044894, 40.652438000012296], [-122.72870700038744, 40.65237999976508], [-122.72860199990714, 40.65226099969938], [-122.72853900015795, 40.652189999753794], [-122.72833599976836, 40.651960999760064], [-122.72820100004914, 40.65184300012315], [-122.72803799984253, 40.65170099994843], [-122.72797199972031, 40.65167400016421], [-122.7275719996872, 40.65128700023877], [-122.72746000043253, 40.65118000018913], [-122.7272810003324, 40.65100799975608], [-122.72702900043731, 40.650467999795076], [-122.72714300024012, 40.64948800029073], [-122.7273730003939, 40.64922000020415], [-122.72806299995689, 40.6487190000827], [-122.72858199981567, 40.648343999807864], [-122.72902200003173, 40.647905000196594], [-122.72928999982032, 40.64736000026159], [-122.7292739999268, 40.646906999851154], [-122.72919299973593, 40.64656000001179], [-122.72959399959393, 40.64620900014189], [-122.72994900031948, 40.64593700023149], [-122.73032699971296, 40.645647000228664], [-122.73088300027995, 40.64551999980013], [-122.73104999978622, 40.64550499981944], [-122.73121600036589, 40.64549300024141], [-122.7312380001072, 40.64548999983536], [-122.73193900043916, 40.6453229999667], [-122.73237999958181, 40.64478199975127], [-122.73274700000292, 40.64417599987156], [-122.73284999993508, 40.6439010000593], [-122.73328299958014, 40.64348000010476], [-122.73336399977097, 40.64293200032113], [-122.73359999977254, 40.64232500004808], [-122.73369600003198, 40.64162300026926], [-122.7337660003522, 40.64130000021174], [-122.73419700034745, 40.64106299986127], [-122.73473399974954, 40.64078500023859], [-122.7349830001699, 40.64045199969862], [-122.73541900018799, 40.639787999757274], [-122.73542400021086, 40.63959900001901], [-122.73538400002788, 40.63954500019026], [-122.73556800015089, 40.63905899976595], [-122.73575999977153, 40.63844999969291], [-122.7358629997037, 40.63756700021783], [-122.73616499982747, 40.63720899986622], [-122.73633800007984, 40.63666599992831], [-122.73617099967525, 40.636279000229784], [-122.73548399958699, 40.63575199972979], [-122.73506600001056, 40.63547299974588], [-122.73464199968804, 40.63546900019453], [-122.73414700011874, 40.63533200024877], [-122.73400400000357, 40.63529299992917], [-122.73376899982694, 40.63518400001635], [-122.73332600013615, 40.6349750002486], [-122.73270799964486, 40.63457500004313], [-122.7323930000006, 40.6344260001039], [-122.73148300032956, 40.63470300023326], [-122.72987300015153, 40.63492400028757], [-122.72829200028575, 40.63491899995508], [-122.72719199974561, 40.6347339996619], [-122.7263809998088, 40.63442500002997], [-122.72581000007149, 40.63430299976166], [-122.72518599973242, 40.63444999982832], [-122.72461699964495, 40.63470499969106], [-122.72455999974353, 40.634713000248475], [-122.724515000436, 40.634717999914606], [-122.72397499976252, 40.63478000010696], [-122.7235079997823, 40.63495400022926], [-122.72283800031077, 40.63483900003858], [-122.72203700041969, 40.63451299966046], [-122.72149799957113, 40.634121000042256], [-122.72096100016901, 40.63412400027762], [-122.72035699992144, 40.63427499967981], [-122.71990400018491, 40.634247000267905], [-122.71944399987737, 40.63422600001957], [-122.71913099988292, 40.63441399989757], [-122.71848499980254, 40.6344840002753], [-122.71694400011974, 40.634430999791526], [-122.71623199991714, 40.63430000021606], [-122.71562199982178, 40.63404500016993], [-122.7147010002801, 40.63347000031499], [-122.71436499982113, 40.63332699981575], [-122.71388199994736, 40.63311999987583], [-122.7126950002669, 40.632855999900706], [-122.71221999989076, 40.63273699979009], [-122.71159800009983, 40.63223200027228], [-122.71068300040594, 40.63187700028256], [-122.71002999975455, 40.631525000121115], [-122.70965499983582, 40.63119899992409], [-122.70985900005033, 40.63056200014256], [-122.71009199967882, 40.629785999720234], [-122.71027199960389, 40.62919000021738], [-122.71023700034212, 40.62909299968742], [-122.71004700037129, 40.628590999683766], [-122.70956199994941, 40.62740899968146], [-122.70955500027672, 40.62695200017006], [-122.71007599978529, 40.626470999720325], [-122.7102570004336, 40.626129000316766], [-122.71036600021353, 40.62592799972462], [-122.71043399998558, 40.62576599966189], [-122.71055100016143, 40.62549600004773], [-122.71064099967484, 40.62534000019737], [-122.71090299961564, 40.62489800000628], [-122.71099700022528, 40.62476899989266], [-122.71114299981517, 40.624572999724165], [-122.71119100039404, 40.62441499999754], [-122.71123900007464, 40.62352200004032], [-122.71088199969925, 40.62294199970822], [-122.71083700039172, 40.62239900034012], [-122.71081200027734, 40.62211100019473], [-122.71075000035307, 40.62164399996178], [-122.710751000178, 40.621266000187134], [-122.71118700019609, 40.619583999793825], [-122.71145400015979, 40.618165000139975], [-122.71148799959666, 40.61800999985246], [-122.71152000028204, 40.61739100020844], [-122.71144999996181, 40.61698899969769], [-122.71134100018189, 40.61658500017713], [-122.71094699999657, 40.61512499969077], [-122.71089599994296, 40.61500499967043], [-122.71088800044535, 40.614986999921555], [-122.7108289999958, 40.614859999812886], [-122.71078899981282, 40.61396399985974], [-122.71085400011016, 40.613214999921844], [-122.71062999980417, 40.6125489997343], [-122.71026900012914, 40.61226499966281], [-122.70979100027827, 40.61206099976936], [-122.7085269997066, 40.61194200011221], [-122.70752499997408, 40.611530000154914], [-122.70711599972016, 40.61130899974352], [-122.70671599968708, 40.611151999753915], [-122.7064000002179, 40.61076200025978], [-122.70625499955462, 40.61044700031814], [-122.70617799956172, 40.610352000033465], [-122.70611300016272, 40.61027499995488], [-122.7060570000862, 40.610185000246545], [-122.70602000027628, 40.610065999976314], [-122.70601199988036, 40.609965999677016], [-122.70603399962168, 40.60982399975874], [-122.7061190000105, 40.60963699998235], [-122.70617000006413, 40.60937099971246], [-122.70623299981331, 40.60922399968333], [-122.70648800008142, 40.60862299989831], [-122.70666999965631, 40.607877999946034], [-122.7067750001366, 40.606998999857694], [-122.70681799979432, 40.606750999925815], [-122.7069140000538, 40.60625199990587], [-122.70688399991656, 40.605460000147815], [-122.70654699963266, 40.605186000300854], [-122.7061680004143, 40.60516099977848], [-122.70564899965721, 40.605242000291184], [-122.70554300025033, 40.6051270000897], [-122.7053430002338, 40.604909999662816], [-122.70505899965335, 40.60416800014003], [-122.70498699968331, 40.6031999999725], [-122.70531599957128, 40.6019110002472], [-122.7054350002953, 40.60048399982686], [-122.70538300041676, 40.600209000138854], [-122.70514999988994, 40.599902000199926], [-122.70468399973461, 40.59969800008066], [-122.704275000379, 40.59942399980342], [-122.70394499976781, 40.599241999849916], [-122.70364000016927, 40.599085000159], [-122.70350299990194, 40.598839999965534], [-122.70329200001474, 40.59848699970592], [-122.70341000001554, 40.597803999725535], [-122.70342000006126, 40.59774100005494], [-122.70349500040435, 40.597489000096715], [-122.70345299967323, 40.59736699988942], [-122.70282000001166, 40.59720400019309], [-122.70127900032887, 40.596024000000845], [-122.70117300002364, 40.595814999794065], [-122.70121900005441, 40.59562499978323], [-122.70133100020739, 40.595358999679554], [-122.701458000429, 40.5954049999578], [-122.7014640002768, 40.59531100009684], [-122.70147299959932, 40.595285999973704], [-122.70149199986588, 40.59517099969619], [-122.70148600001811, 40.595038000237736], [-122.70145599988088, 40.59474500023058], [-122.70164699967657, 40.59458800021062], [-122.70170699995103, 40.59444599967951], [-122.70204099986186, 40.59383200003171], [-122.70207099999911, 40.593300000188286], [-122.70198200031065, 40.59303399970242], [-122.70102599971055, 40.592473999780196], [-122.70063900009626, 40.59202200017915], [-122.70049199978317, 40.59185899973039], [-122.70053500033917, 40.59173500010218], [-122.70054500038493, 40.59166499994648], [-122.70054500038493, 40.59159499971745], [-122.70053299979105, 40.591531000301515], [-122.70049500015622, 40.59144800015772], [-122.70045699962307, 40.59138900009963], [-122.7003450003684, 40.59127600001661], [-122.70024999993385, 40.59121000021781], [-122.70014899965149, 40.5911519999894], [-122.70012500026036, 40.591141000234465], [-122.70011500021462, 40.59110500015556], [-122.69996200005374, 40.59056900025099], [-122.69989000008374, 40.59032400022945], [-122.69979999967204, 40.59000800009293], [-122.6997260000522, 40.58960700000424], [-122.70003400002378, 40.588817000330835], [-122.70050100000401, 40.58823799966949], [-122.70094500041802, 40.58781800023065], [-122.70097700020507, 40.58770400016171], [-122.70042800020906, 40.587131000013876], [-122.70027199967515, 40.586081999672494], [-122.70012400043547, 40.585742999917855], [-122.69979800002223, 40.585428000090936], [-122.69969099989208, 40.585348999700194], [-122.69818299982127, 40.58423999969463], [-122.69696000015581, 40.58328599971928], [-122.6962429999303, 40.582600000191796], [-122.69565200010153, 40.58193699976097], [-122.6943120002602, 40.58135400019542], [-122.69309899974213, 40.5807469997364], [-122.69289899972561, 40.580511000317735], [-122.69286699993856, 40.58047300025833], [-122.69302599994721, 40.57977999975185], [-122.6929330000608, 40.57863500023333], [-122.69330200013175, 40.57781500025024], [-122.69334599961437, 40.577716999946006], [-122.69358099979101, 40.576984999983495], [-122.69359500003472, 40.57687500020292], [-122.69363500021767, 40.57657199991553], [-122.69354900000396, 40.57627100014484], [-122.693003000381, 40.57551599990969], [-122.69307500035103, 40.57533800012417], [-122.69382799966321, 40.57438099991428], [-122.6944389995835, 40.57360600028982], [-122.69529800009919, 40.572514000019666], [-122.69603000039329, 40.5718439996829], [-122.69678100005567, 40.57156999990599], [-122.69694400026228, 40.571154999852986], [-122.69728800021886, 40.57045999970555], [-122.69793400029926, 40.56975800005908], [-122.69879000044192, 40.56929299980513], [-122.69950500011926, 40.56940699986257], [-122.7002399998881, 40.56944900015802], [-122.70143699961429, 40.56940299976807], [-122.70212299987763, 40.56950099996742], [-122.70266199982791, 40.56962299983394], [-122.70395900001154, 40.569511000188555], [-122.70431300001384, 40.56952699985693], [-122.70787399995352, 40.569673999829675], [-122.70855400036908, 40.56981700009218], [-122.70911699971049, 40.570116999883666], [-122.71076000039882, 40.57148300026756], [-122.71110900037829, 40.57158799974643], [-122.71187400028434, 40.571573000220916], [-122.71260999987811, 40.57142199966933], [-122.71356999977782, 40.57105300003298], [-122.71438599973753, 40.57095100005745], [-122.71540699973663, 40.57111200028903], [-122.71625500038166, 40.57140599977171], [-122.71664299982088, 40.57200099987376], [-122.71672499983664, 40.5720670002048], [-122.71749800013862, 40.572117000060665], [-122.71761399959126, 40.5721579996963], [-122.71795199970008, 40.57258500006653], [-122.71945599957293, 40.57401299983313], [-122.71988999994119, 40.5745970002059], [-122.72064399997662, 40.57485000006197], [-122.72134199993553, 40.57523000023812], [-122.7221779999867, 40.57532600022126], [-122.72308199980992, 40.57519800021316], [-122.72375800002756, 40.574923000241775], [-122.72487100008813, 40.574274000140136], [-122.72591999967636, 40.57398900023218], [-122.72627899970155, 40.573352999823896], [-122.72670700022206, 40.57320799967847], [-122.72716499998144, 40.57307900008495], [-122.72808700024632, 40.57278499976473], [-122.72870200036458, 40.57251999988237], [-122.72945399985184, 40.572023999862104], [-122.73027800020745, 40.57171399985891], [-122.73108099974836, 40.571487000237774], [-122.7322239999462, 40.5712160000123], [-122.7326680003602, 40.571051000034956], [-122.73366400024493, 40.570170000209714], [-122.73484199970457, 40.569136999770954], [-122.73606600009327, 40.56882900010544], [-122.73633399988186, 40.56864900020294], [-122.7372779998881, 40.5674809997176], [-122.73842199991083, 40.566713999847195], [-122.73906299996833, 40.56597700026295], [-122.73944299990994, 40.565520000323076], [-122.74026300006757, 40.565071000017575], [-122.74074000009355, 40.56466100005615], [-122.74131199965578, 40.56411800010303], [-122.74162899984817, 40.56369500005437], [-122.7417229995595, 40.56341499967301], [-122.74161899980244, 40.563245000015534], [-122.74160499955875, 40.56322499974642], [-122.74159700006112, 40.56320899993632], [-122.7411789995864, 40.5623970002856], [-122.74110499996655, 40.561929999800114], [-122.74134799964078, 40.56111600003569], [-122.74125099955641, 40.56074700021868], [-122.74125099955641, 40.560204999727226], [-122.74140700009033, 40.55983599966585], [-122.74232500015728, 40.55858399980768], [-122.74249900023453, 40.55806399970479], [-122.74298799995609, 40.55660199970846], [-122.7436299998385, 40.556167000014256], [-122.74386199964209, 40.55595700027998], [-122.74392299974144, 40.55582900007988], [-122.74370299963343, 40.55530099990964], [-122.74347000000493, 40.55451699995887], [-122.74392299974144, 40.553797999703036], [-122.74444999999616, 40.55393800001836], [-122.74616899995416, 40.55439200013852], [-122.74811200021817, 40.555017000319275], [-122.74960100002244, 40.555405000313854], [-122.74989399992538, 40.555395000032625], [-122.75109400002462, 40.555353999682985], [-122.751816000273, 40.555319000030536], [-122.75299499955753, 40.5553800002905], [-122.75415000034924, 40.55543599967463], [-122.75486000000372, 40.555337000146594], [-122.75526500005967, 40.55525300024611], [-122.75590100009431, 40.55511800011215], [-122.75639900003667, 40.55508600002536], [-122.75701599980474, 40.55511800011215], [-122.75732499960121, 40.555207000337234], [-122.75764400034176, 40.555388000107875], [-122.75802099991031, 40.555602999704924], [-122.75847299982193, 40.55593299966392], [-122.75901799961997, 40.55644000018557], [-122.75925000032188, 40.55653699969842], [-122.75958000003477, 40.556512999972746], [-122.7600810003502, 40.55641700030161], [-122.7608799996931, 40.5560680002021], [-122.76194699972297, 40.55576099966073], [-122.76258500030575, 40.55564100023806], [-122.76355500025122, 40.55569199996779], [-122.76386200039789, 40.55569500031199], [-122.76390699970543, 40.55569399974226], [-122.76402600042941, 40.55569299985503], [-122.76489300044274, 40.555643000014065], [-122.76560800012008, 40.55539199967497], [-122.76585499999229, 40.55537000000554], [-122.76589199980221, 40.55536700032924], [-122.766306000079, 40.555331000108424], [-122.76684500002925, 40.55528700003977], [-122.76706599996218, 40.55527900021031], [-122.76745500012464, 40.55517299982043], [-122.76761999998106, 40.5550289997688], [-122.76763400022476, 40.55498099991027], [-122.76764699974525, 40.554926999943014], [-122.76768299973025, 40.55473500000996], [-122.76771000039275, 40.55458600018017], [-122.7679029998383, 40.553345000255376], [-122.76821199963477, 40.55315299988107], [-122.76898900013472, 40.552793999844255], [-122.76972599955336, 40.552377000210434], [-122.77053499984036, 40.5518799997625], [-122.77128800005086, 40.55118899995503], [-122.77181699995538, 40.550596999699806], [-122.77276699980936, 40.55014900028928], [-122.7731779997131, 40.549957000307025], [-122.77361299990629, 40.54970599981281], [-122.77369900012002, 40.54967599982402], [-122.77413199976507, 40.54952299974057], [-122.77540600038245, 40.54894700026631], [-122.7761339995803, 40.548484000134515], [-122.77711299974658, 40.547172000123155], [-122.77749900043429, 40.54700200017512], [-122.77841800032611, 40.54677700006228], [-122.77924199978344, 40.546460999701445], [-122.77980000000028, 40.545923999768576], [-122.78024199986615, 40.54514999969596], [-122.78040500007276, 40.54464299970009], [-122.78056599973125, 40.54440699992391], [-122.78159099992833, 40.543982000130235], [-122.78231200035177, 40.54368099987063], [-122.78278799965449, 40.54337399987941], [-122.78280600009614, 40.54335399981779], [-122.78476299970555, 40.541354999784], [-122.78519399970077, 40.54091600027909], [-122.78513199977648, 40.53973099984432], [-122.78555500027412, 40.53924800025255], [-122.78590400025358, 40.53819999966358], [-122.78560999962738, 40.53748199983249], [-122.7856749999247, 40.53653900013039], [-122.78557000034272, 40.536361999955716], [-122.78474799963692, 40.53594300005067], [-122.78303600024994, 40.53491699990001], [-122.7829569997089, 40.53487000016158], [-122.78272599973022, 40.53456400027397], [-122.78262100014824, 40.53414399983958], [-122.7826110001025, 40.53359599982034], [-122.782442999873, 40.53313700029593], [-122.78219099997791, 40.53232300007089], [-122.7822239995899, 40.531870999671895], [-122.78265700013324, 40.53124299984514], [-122.78353300036738, 40.53012199987205], [-122.78428300020484, 40.529638999968], [-122.7849900003846, 40.52871199967486], [-122.78544399994603, 40.52853499999059], [-122.78619999963126, 40.528435000004734], [-122.78802700044264, 40.52819699988885], [-122.78902900017516, 40.52764099999676], [-122.79141400030504, 40.525803000153665], [-122.79362000033478, 40.52343399992643], [-122.79294800031512, 40.52150700029888], [-122.7928960004366, 40.521128000131036], [-122.79327600037817, 40.520121000301664], [-122.79335099982295, 40.51920200020133], [-122.79340600007453, 40.5177270002936], [-122.79355400021251, 40.51726700020279], [-122.79353400012104, 40.51696099983735], [-122.79306100029302, 40.515404999872466], [-122.79300799969126, 40.515116999884405], [-122.79297799955405, 40.51495399991921], [-122.79304100020155, 40.5147280002629], [-122.79325200008876, 40.51451799968191], [-122.79386399983393, 40.5143410000766], [-122.7947910001217, 40.514164000004], [-122.7957610000672, 40.51394700023047], [-122.79656299978315, 40.51361599983393], [-122.79719600034306, 40.5131650001403], [-122.7979880000133, 40.51250800016477], [-122.79857800001719, 40.51201999971507], [-122.79908400035546, 40.51176299997915], [-122.79995700021658, 40.51172999980881], [-122.80053999964947, 40.51123799968957], [-122.8023930004001, 40.51103699999322], [-122.80288899979432, 40.51088500032565], [-122.8041120003581, 40.5105139999239], [-122.80467200022474, 40.510480999821915], [-122.8055009997049, 40.51080400030812], [-122.80790699975121, 40.51139200033713], [-122.80855100018174, 40.51136200026533], [-122.80927799955465, 40.511209000100195], [-122.81073200009713, 40.511145000302506], [-122.81183299956385, 40.51104000028874], [-122.81309999961026, 40.51066499987303], [-122.81598900042862, 40.51067300024984], [-122.81811099989443, 40.51113399969087], [-122.81862800010337, 40.5110699998216], [-122.81951100001022, 40.51096100020248], [-122.82045500001645, 40.51058699990559], [-122.82148100003842, 40.510080999839815], [-122.82253299999965, 40.50944400032684], [-122.82351999966356, 40.50901999995595], [-122.82442000018716, 40.50871799982257], [-122.82460599995999, 40.50865700009866], [-122.82570200030217, 40.508532999985086], [-122.82610399998507, 40.50844700031145], [-122.82657599998818, 40.50831200010101], [-122.82714500007565, 40.5080020001829], [-122.8274799998114, 40.50782100009477], [-122.82794400031692, 40.50749100011829], [-122.82814799963309, 40.50735600003246], [-122.82818500034135, 40.50733400029633], [-122.82878399966773, 40.50699799970333], [-122.82895799974501, 40.50696200012539], [-122.82924099960222, 40.50690399996794], [-122.82957799988611, 40.50683699967645], [-122.83067599987811, 40.50672999987752], [-122.83120899998057, 40.50673400030075], [-122.83193600025182, 40.506602999805224], [-122.83205099987953, 40.506633999893445], [-122.8323439997825, 40.50671500016653], [-122.83287199986212, 40.506750999877035], [-122.83331600027613, 40.50680499974811], [-122.83364099996612, 40.50682399985679], [-122.83430399976493, 40.50686900027255], [-122.83471399984376, 40.50682399985679], [-122.83554900007002, 40.50644899977146], [-122.8359120002932, 40.50635200012751], [-122.83623600015828, 40.50632800017984], [-122.83649999974894, 40.50638400027197], [-122.83694300033802, 40.5064569999682], [-122.83727399987583, 40.506457999907326], [-122.83762000038054, 40.506443000135555], [-122.83811900014781, 40.50641499977844], [-122.83883999967297, 40.506432000118615], [-122.83944999976833, 40.50657500019794], [-122.8401229996129, 40.506665999903426], [-122.84040600036843, 40.50658099982204], [-122.84068599985258, 40.50649800019309], [-122.84132899955992, 40.506295000067105], [-122.84190400039351, 40.506055999945396], [-122.84235799995494, 40.505831000301484], [-122.8426009996292, 40.505709000327705], [-122.84283699963073, 40.50565500025724], [-122.84305900028691, 40.50559900023948], [-122.84347600003842, 40.5056000001914], [-122.84430200004387, 40.50560100014336], [-122.84522500013368, 40.505444999949475], [-122.84595400005473, 40.5051809998982], [-122.84636599978336, 40.504770000117574], [-122.84649999967766, 40.50456099973846], [-122.84674499990005, 40.50418100011291], [-122.84754900016418, 40.50349400005654], [-122.84841000032972, 40.50303699997069], [-122.84888499980757, 40.50229399976454], [-122.84959199998731, 40.50190700022554], [-122.85077000034524, 40.50163399981138], [-122.85125700041695, 40.50133299990594], [-122.8520790002244, 40.50095499979554], [-122.8507269997892, 40.49986800007033], [-122.85001499958658, 40.49938600012898], [-122.8487180003013, 40.497998999796266], [-122.84811800025167, 40.49735699992212], [-122.84686799992369, 40.49524100020056], [-122.84676400016663, 40.49480599966178], [-122.84663299974707, 40.494275999928924], [-122.84644799979914, 40.49352299974362], [-122.8466069998078, 40.49267899987737], [-122.84670800009013, 40.49214399966053], [-122.84684100015953, 40.49144299975722], [-122.84696800038111, 40.49077599978469], [-122.84817699980289, 40.48996200030224], [-122.8487690003549, 40.489565000135094], [-122.84881600021056, 40.48941900010763], [-122.84952199966709, 40.488878000021074], [-122.84986499979878, 40.4886170002913], [-122.85043399988623, 40.48804500010574], [-122.85088300032314, 40.48715299971923], [-122.85100299997373, 40.48680900003615], [-122.85101999969216, 40.4862809997937], [-122.85103200028604, 40.48591700030299], [-122.85112199979942, 40.48582500021676], [-122.85165499990191, 40.48568900000689], [-122.85167400016846, 40.485682999880744], [-122.85173100006989, 40.48566899981212], [-122.85175100016136, 40.48566500018239], [-122.85358300009729, 40.48483800021822], [-122.85457599960898, 40.48439100008323], [-122.85545199984313, 40.48404600031893], [-122.8562800003967, 40.48338200010323], [-122.85661000010958, 40.48264800010333], [-122.85725600018995, 40.48233900009134], [-122.85824799987672, 40.48233000013604], [-122.85866600035149, 40.48241099969057], [-122.85927600044685, 40.48252899985363], [-122.85999600014706, 40.48271600024888], [-122.8606389998544, 40.48265500011143], [-122.86068800025822, 40.482650000008114], [-122.86143999974549, 40.482415999811685], [-122.86228800039052, 40.48215599985147], [-122.86332799975791, 40.48199500033307], [-122.86410000023497, 40.48167300013777], [-122.86429699987846, 40.481680999872744], [-122.86464000001014, 40.48169500008991], [-122.86615300010384, 40.48201700017967], [-122.86694399994916, 40.48192399990923], [-122.86814300022348, 40.48171700003487], [-122.8698400004402, 40.481673999763025], [-122.87121799991635, 40.48155299989909], [-122.8714589999408, 40.481635000017036], [-122.87171000001095, 40.48157100001691], [-122.87222499967177, 40.48123000000155], [-122.87336000037199, 40.48087400028137], [-122.8748049997953, 40.48062300000028], [-122.87546000009654, 40.480529999848414], [-122.8760080002676, 40.48045400034131], [-122.87652399975333, 40.480412999915174], [-122.87677999984636, 40.48027800000161], [-122.87665199979986, 40.479756999940776], [-122.87682400022729, 40.47893700001198], [-122.87722699973511, 40.47852100030843], [-122.87767899964675, 40.4783140001903], [-122.87982100010235, 40.47727599983689], [-122.88077400032942, 40.476436999845085], [-122.88178600010768, 40.47576199995234], [-122.88344599961614, 40.474923000174776], [-122.88364300015795, 40.474773000136004], [-122.88387900015952, 40.47403599972451], [-122.88393600006091, 40.473929000231], [-122.88403399997019, 40.47371500004919], [-122.88411599998598, 40.47351900009531], [-122.88412699985662, 40.473444999664146], [-122.88408800039687, 40.473114000320194], [-122.88408800039687, 40.47307900008155], [-122.88411099996311, 40.472974999694316], [-122.88414500029828, 40.47288700002928], [-122.88432100002537, 40.47256400012286], [-122.88458100031639, 40.47224699999039], [-122.88459300001195, 40.47180600006996], [-122.88494700001428, 40.47132499993987], [-122.88506699966487, 40.471163999731935], [-122.88526900022957, 40.470885999686665], [-122.88624199964977, 40.47010699998279], [-122.88670899963002, 40.46973399998697], [-122.88676700025462, 40.46971200021566], [-122.8869410003319, 40.46964699997941], [-122.88699999988314, 40.469625999984295], [-122.8873060002049, 40.4695200001039], [-122.8882240002718, 40.46920399976411], [-122.8885310004185, 40.46909899971355], [-122.88854700031202, 40.46908600009941], [-122.88860300038853, 40.46905799987055], [-122.88862099993186, 40.46904900018502], [-122.88889399974333, 40.468910999844255], [-122.88912999974488, 40.468824999953966], [-122.88941500015024, 40.46877299990328], [-122.88962500021252, 40.468734999998546], [-122.8900040003292, 40.46890699989949], [-122.89014499989621, 40.4688200001874], [-122.88995699957522, 40.46857200009118], [-122.8896519999767, 40.46845099984955], [-122.88945299978506, 40.468162999877386], [-122.88947100022675, 40.46742399968503], [-122.8894679998537, 40.46740699971251], [-122.88936300027171, 40.46682999998434], [-122.88933499978431, 40.4665720001899], [-122.8893280001116, 40.466533999723204], [-122.88930899984503, 40.46642000024445], [-122.88930299999726, 40.466381999691755], [-122.88928700010374, 40.46628399967789], [-122.88928799992863, 40.466145999806486], [-122.8892920001266, 40.46573699985431], [-122.88945699998303, 40.465485999709834], [-122.88956300028825, 40.46532800014529], [-122.88960599994594, 40.465311000325705], [-122.88985199999324, 40.465212000245714], [-122.89000000013125, 40.46515599996323], [-122.89037800042301, 40.46492699967698], [-122.89071700035673, 40.46424899993128], [-122.8907859999537, 40.463697999682644], [-122.8911490001769, 40.46312100021386], [-122.89121299975098, 40.462899999746575], [-122.89124299988819, 40.462585000291696], [-122.89133599977461, 40.46242600014254], [-122.89210700042678, 40.46112299984183], [-122.89255400031553, 40.46061699991775], [-122.89347800023025, 40.46048299978585], [-122.89397899964736, 40.46048600029157], [-122.89434799971828, 40.46029900017909], [-122.89536500041775, 40.4597029997612], [-122.89545300028131, 40.45947100015502], [-122.89525599973948, 40.459156000341345], [-122.89477000039099, 40.45873999975406], [-122.89458299989495, 40.45813999995644], [-122.89463700032162, 40.457586000226925], [-122.8942980003879, 40.45558399990974], [-122.8944459996276, 40.45468900015076], [-122.89455199993283, 40.4545499996701], [-122.89500600039257, 40.453964999934286], [-122.89618600040033, 40.45137000010137], [-122.89672100015261, 40.45043600017472], [-122.89693700006268, 40.45006000003061], [-122.89758999981575, 40.44965500030183], [-122.89827799972893, 40.449250000183135], [-122.89920300036687, 40.44844000014346], [-122.90001299958048, 40.44773100018577], [-122.900296000336, 40.447483000162705], [-122.90044500029892, 40.447353999810964], [-122.90098500007409, 40.44688899982689], [-122.9011819997176, 40.44654699992447], [-122.90110200024994, 40.44642000012724], [-122.90104500034853, 40.44624800007315], [-122.90103100010485, 40.44618200022173], [-122.90101000018842, 40.4459849997515], [-122.90099900031777, 40.445802999727], [-122.90101500021132, 40.445745000036304], [-122.90104500034853, 40.445691000255785], [-122.9010849996332, 40.445641999872954], [-122.90113700041005, 40.44561100032389], [-122.9012610002586, 40.44557499994745], [-122.9014510002294, 40.44549700020518], [-122.90176599987366, 40.445344000263624], [-122.9018799996765, 40.44527000023845], [-122.90226600036418, 40.445173999844215], [-122.90285899984279, 40.44507000000298], [-122.90373799955168, 40.445071000173144], [-122.90428599972277, 40.44517500001284], [-122.90457000030321, 40.44522900020791], [-122.9048160003505, 40.44527700004109], [-122.9051960002921, 40.44529500031152], [-122.90560999967057, 40.445468999714635], [-122.90622700033694, 40.44572900020716], [-122.9070630003881, 40.44626600008353], [-122.9082109997105, 40.44648800004314], [-122.90855700021524, 40.44650899975193], [-122.90961500002426, 40.44657399981814], [-122.90967899959834, 40.446551999981544], [-122.90971899978135, 40.44653900010583], [-122.90977499985783, 40.446537999957506], [-122.90983299958415, 40.44654699992447], [-122.90987799979, 40.446562000094616], [-122.90994300008731, 40.44658500007553], [-122.91121099995861, 40.44692299989798], [-122.91203500031426, 40.447359999944105], [-122.9136730000814, 40.44792100011354], [-122.91514299961906, 40.44843099974635], [-122.91770699984909, 40.449768000103674], [-122.91825500002018, 40.44918999983136], [-122.9191649996912, 40.44859199975564], [-122.92017999984253, 40.448294000237254], [-122.92065400039375, 40.44839799987517], [-122.92143400036844, 40.448447000299524], [-122.9225430002311, 40.448449999975615], [-122.92293300021845, 40.44817700019585], [-122.9233879996048, 40.447843999804554], [-122.92415199968593, 40.44764999981576], [-122.92566099958167, 40.44737999992828], [-122.92682600041915, 40.44743300026776], [-122.92792900043399, 40.44713400025625], [-122.92865300033218, 40.44662999986679], [-122.92941300021539, 40.44615799994893], [-122.93089600017184, 40.44569599969289], [-122.9312669998926, 40.44555699975201], [-122.93129299983187, 40.44525400029623], [-122.9311100004321, 40.44487900004632], [-122.93089600017184, 40.44462100003779], [-122.9307120000488, 40.44369200024655], [-122.93065299959927, 40.442399999916724], [-122.93062400018529, 40.44202200018987], [-122.93094600040055, 40.44168300011368], [-122.93171499960624, 40.44113699985154], [-122.93231899985385, 40.440676000188105], [-122.93314999988216, 40.44029700009759], [-122.93318900024022, 40.440291000017645], [-122.93341000017313, 40.4402570000103], [-122.93372800019047, 40.440114000153066], [-122.93425299989701, 40.43984799970031], [-122.93479299967221, 40.43912600010065], [-122.93548399995841, 40.438225999949196], [-122.93609300022885, 40.43768000032596], [-122.93678500033998, 40.437422000035724], [-122.93723399987857, 40.4372409996758], [-122.93779100027048, 40.43692300007325], [-122.93791500011903, 40.4363739999094], [-122.93758000038328, 40.43544000013175], [-122.93785700039273, 40.434163999687925], [-122.93812699983113, 40.43338700015176], [-122.93799899978463, 40.43303499985855], [-122.93741100032886, 40.43275699997973], [-122.93687599967828, 40.43239300028976], [-122.93690699964041, 40.43194500012304], [-122.93692599990699, 40.431664999785255], [-122.93694299962542, 40.430994000067834], [-122.93765400000312, 40.42998099973288], [-122.93861800010083, 40.42885799983879], [-122.9395310001449, 40.42809000023945], [-122.94112399970622, 40.4274750000041], [-122.94220499997978, 40.427174999683245], [-122.94321199973515, 40.42712699991804], [-122.94386600021147, 40.427093999845866], [-122.94433800021456, 40.426740999677406], [-122.94485399970029, 40.425834000148114], [-122.94521699992345, 40.42544499999058], [-122.94558599999439, 40.42530599989323], [-122.94618100002114, 40.42554600008771], [-122.9469529995999, 40.42559800008539], [-122.9479300001164, 40.425321000015984], [-122.94929699972192, 40.424711000077394], [-122.95109500022095, 40.423961000138], [-122.95245199978073, 40.42313300034027], [-122.95329700005271, 40.42197500012012], [-122.9542310000132, 40.421509999668196], [-122.9555919997709, 40.42119200021754], [-122.95677599997666, 40.42123299986122], [-122.95693300033548, 40.4212140001462], [-122.95713400017691, 40.42125300009536], [-122.95778299973205, 40.4213900000005], [-122.95833900029905, 40.42187400013199], [-122.95912400029658, 40.423301000112495], [-122.96072400042891, 40.4258509996976], [-122.96100399991309, 40.425989000266135], [-122.96128900031846, 40.42596600007708], [-122.96154000038861, 40.425768999859955], [-122.96243300034119, 40.42529300001211], [-122.96337999982214, 40.424876999754275], [-122.964779000113, 40.424209999882635], [-122.96536300026912, 40.423527999716256], [-122.96600099995356, 40.42281600017281], [-122.96689899992901, 40.422524000213315], [-122.96780199992735, 40.42235400021988], [-122.9701710001637, 40.421910000206054], [-122.97166699964066, 40.42119200021754], [-122.97288299963343, 40.42030299984701], [-122.97298800011373, 40.420265999741574], [-122.97329600008527, 40.420159999955295], [-122.9749220001569, 40.41960899998861], [-122.97609600031687, 40.4195160001672], [-122.976852999827, 40.419211999743794], [-122.97765799991605, 40.419071999887706], [-122.97925200020057, 40.41879600017795], [-122.97947099958539, 40.418758999927554], [-122.98119999958914, 40.418462000045785], [-122.98221700028861, 40.41827900017732], [-122.98264999993364, 40.418357999919984], [-122.98304900014183, 40.41856699989129], [-122.98361300020642, 40.418863000117405], [-122.98464900027416, 40.419072999760715], [-122.9859410004349, 40.419072999760715], [-122.98680599990007, 40.41904300014489], [-122.98781799967834, 40.41884500029335], [-122.98857500008681, 40.41894199985824], [-122.98932099972632, 40.419099999745484], [-122.99057600007714, 40.41943499999739], [-122.99155199987037, 40.4191579998534], [-122.99226599972285, 40.418776999774664], [-122.99298600032137, 40.418414000218156], [-122.99435299992686, 40.418399999806034], [-122.9959659995797, 40.41838400030849], [-122.99811499970801, 40.41822899976421], [-122.9982479997774, 40.41820800011305], [-122.99868200014565, 40.41814200009202], [-122.99875300029079, 40.41784700000459], [-122.99854300022848, 40.41727800000085], [-122.99834200038705, 40.415540000107654], [-122.99798400018676, 40.414207000046304], [-122.99863899958964, 40.41297100021783], [-122.99830700022694, 40.41231900022809], [-122.99782900037607, 40.411013999771825], [-122.9978040002617, 40.40984500014648], [-122.99811399988312, 40.40836999983578], [-122.9979089998437, 40.40648000030268], [-122.99808899976874, 40.406132999751755], [-122.99873400002421, 40.405460999730686], [-122.99961299973309, 40.40439000021661], [-122.99977099991683, 40.4035639998746], [-122.99937099988375, 40.402317000245844], [-122.99901299968347, 40.40151500025875], [-122.99884199997925, 40.40018799968776], [-122.99841699983182, 40.39928499995864], [-122.99804600011106, 40.398723999700145], [-122.99803699989022, 40.39870999998022], [-122.99738999998493, 40.3977450001517], [-122.99701800043924, 40.39742200029627], [-122.99673899988167, 40.39715199986565], [-122.99657499985013, 40.396790000163634], [-122.9965790000481, 40.39638100028467], [-122.99687699997395, 40.39592399983945], [-122.99949499973232, 40.39364600005002], [-122.9998949997654, 40.393295000051225], [-123.00012999994202, 40.393267999975585], [-123.00037299961627, 40.393419000209114], [-123.00064399977795, 40.39357600024696], [-123.00115099994115, 40.39353399991975], [-123.00156799969265, 40.39324099988906], [-123.00219600022967, 40.39282799997847], [-123.00422900000706, 40.391668999982386], [-123.0048840003083, 40.391156000042436], [-123.00525099983105, 40.39063699989554], [-123.00547799961178, 40.390316000068914], [-123.00548699983263, 40.39030300026964], [-123.00631500038621, 40.389679999736565], [-123.00769000038763, 40.38937499969369], [-123.00879800042537, 40.38938899998613], [-123.00943699993475, 40.38923199976549], [-123.01034099975797, 40.38888400030337], [-123.01114500002208, 40.38864400002775], [-123.01266599961339, 40.38807900009328], [-123.01358500040358, 40.387311000295206], [-123.01359299990116, 40.38725300010983], [-123.01478200012977, 40.38676900003661], [-123.01508199970543, 40.38664699997542], [-123.0156800001052, 40.386189000162936], [-123.01639300013274, 40.38559300031837], [-123.01738999984241, 40.38448800004161], [-123.017553000049, 40.38417000013697], [-123.01766199982896, 40.38395899998923], [-123.01814499970273, 40.383312999906174], [-123.0181770003881, 40.3831999999764], [-123.01819999995432, 40.38307999974047], [-123.01829700003869, 40.382559000166175], [-123.01830200006155, 40.38253699991819], [-123.01823900031236, 40.382183000289494], [-123.01768299974536, 40.381511999775775], [-123.01750000034558, 40.38123200031606], [-123.01721199956717, 40.380788999737085], [-123.01751299986606, 40.37977599969409], [-123.01755899989679, 40.37962200034114], [-123.01801400018145, 40.37825500011875], [-123.01840699964355, 40.37744099984714], [-123.0188839996695, 40.3769800002739], [-123.01899599982252, 40.37687300024851], [-123.01913800011275, 40.37598199993004], [-123.01926500033434, 40.375169999937576], [-123.0195080000086, 40.3736229998453], [-123.018875000347, 40.37298799985863], [-123.01829600021377, 40.3724069998472], [-123.01884000018691, 40.37223000000027], [-123.01953599959768, 40.37169600004615], [-123.02034300023486, 40.3707180003397], [-123.0212400003854, 40.369229999959906], [-123.02161299975599, 40.368850999809595], [-123.02217799964549, 40.368268999778024], [-123.02227399990498, 40.368170999795765], [-123.0231159998039, 40.367571000205565], [-123.02335199980548, 40.36771800006533], [-123.0236709996477, 40.367913999835835], [-123.02432500012402, 40.367772000156755], [-123.02461100035428, 40.36770899981771], [-123.02491400030296, 40.36764400019926], [-123.02548199966724, 40.36739499993315], [-123.02689699985163, 40.36676399998551], [-123.0281050003468, 40.36591499993188], [-123.02813899978366, 40.36587400013105], [-123.02878800023709, 40.365102999782856], [-123.02907600011719, 40.36494399978602], [-123.03018300033003, 40.3643330001998], [-123.03053599960911, 40.364062999907645], [-123.03113599965873, 40.36360699990938], [-123.03257799960731, 40.363931999728564], [-123.03403799999758, 40.36399600018225], [-123.03529499999821, 40.36425100001754], [-123.03544700033417, 40.364266000058336], [-123.03714799985053, 40.36443900028762], [-123.03743999992861, 40.36395299988416], [-123.0376299998994, 40.36363900029806], [-123.0384690003236, 40.3630470002304], [-123.03875399983066, 40.362932999828544], [-123.03928199991024, 40.36272400030221], [-123.03975700028641, 40.36212500017256], [-123.04011200011365, 40.36176000032914], [-123.04015200029663, 40.361719000054485], [-123.04009899969486, 40.361229999748126], [-123.04028199999296, 40.36049300030474], [-123.04072399985883, 40.35956599986464], [-123.04067600017827, 40.358867999841216], [-123.04099400019555, 40.358149000217615], [-123.04106100014272, 40.357998999738825], [-123.04101299956385, 40.35765899992804], [-123.04145100013007, 40.35703100021491], [-123.04207899976879, 40.35612600007076], [-123.04214099969306, 40.35606899986079], [-123.04308899989724, 40.3552210001016], [-123.04393400016924, 40.354420000103914], [-123.04417000017078, 40.35372899994618], [-123.04415900030013, 40.35333799965937], [-123.0441430004066, 40.352758000212575], [-123.04383600025994, 40.352236000142035], [-123.0440379999263, 40.352112000168724], [-123.04433699967706, 40.351931999867986], [-123.04446300007376, 40.351591000080454], [-123.04454599991442, 40.351368999842144], [-123.04443499958636, 40.350420000144084], [-123.0444310002867, 40.350331000058844], [-123.04440000032457, 40.34958600020781], [-123.04414599988134, 40.34874900021384], [-123.04390700040506, 40.34822399988312], [-123.04395500008565, 40.3472919999655], [-123.04397000015425, 40.34701300030408], [-123.04473000003743, 40.34693999987831], [-123.04474099990809, 40.3469349999494], [-123.04477699989312, 40.34692099973575], [-123.04478899958868, 40.34691700006538], [-123.04502999961309, 40.34682600031205], [-123.04643399992685, 40.346742000220104], [-123.04655500030067, 40.34673499975128], [-123.04945599991625, 40.34687199999206], [-123.05142400029463, 40.34685400009123], [-123.05187799985606, 40.346849999732285], [-123.05307499958228, 40.34666699965837], [-123.05312099961301, 40.346805000298865], [-123.05326100025343, 40.34721899984168], [-123.05330800010908, 40.34735700003744], [-123.05336599983538, 40.34733800001235], [-123.05406600034246, 40.34763200001716], [-123.05452900012473, 40.347826999746616], [-123.05546899993298, 40.348437999675426], [-123.0562539999305, 40.348702000211226], [-123.05626200032646, 40.348708999791256], [-123.05679100023097, 40.34916399968929], [-123.05688300029247, 40.34924599973718], [-123.0574690000984, 40.34877399986682], [-123.05828900025605, 40.3484750002329], [-123.05886099981825, 40.3483540002218], [-123.05992500037335, 40.34812900024075], [-123.06143099989607, 40.347218000270814], [-123.06295599968531, 40.346004000294535], [-123.06422899957948, 40.34518100024372], [-123.06454499994699, 40.34515999971838], [-123.06548399993034, 40.34509900004626], [-123.0655519997024, 40.34481300023067], [-123.06575400026708, 40.343966999892146], [-123.06566700022843, 40.343907000130436], [-123.06469499973481, 40.343235999878715], [-123.0638989998666, 40.34257599994424], [-123.06368200013164, 40.34239699985309], [-123.06357400017662, 40.3409729998735], [-123.0645109996118, 40.33953100016243], [-123.06439599998407, 40.33838499976426], [-123.06397800040766, 40.33750400001651], [-123.06432400001404, 40.336852999727846], [-123.06467100034371, 40.336814999917756], [-123.06536000008178, 40.33674200009631], [-123.06644300000515, 40.33620900019802], [-123.06657400042471, 40.33592299966921], [-123.06659699999092, 40.335871000252055], [-123.06666899996095, 40.33571399996463], [-123.0666930002504, 40.33566300012853], [-123.06670900014393, 40.335626000075564], [-123.06675900037264, 40.33551799971252], [-123.06677699991599, 40.33548200000955], [-123.06680700005323, 40.33541100029188], [-123.06739500040727, 40.33488699998789], [-123.06732199971403, 40.33463700019157], [-123.0671920000177, 40.33418699973051], [-123.06794699987802, 40.33299500011553], [-123.06878899977696, 40.332232999949305], [-123.0686780003472, 40.33189199986772], [-123.06833199984247, 40.33082299992126], [-123.06820700016901, 40.33076300011166], [-123.06816500033622, 40.330714000273254], [-123.06777000032601, 40.33025199975423], [-123.06763899990645, 40.33009900007254], [-123.06665399989235, 40.330122999964956], [-123.06683600036551, 40.3297950000114], [-123.06691900020621, 40.32964800033538], [-123.06705599957525, 40.3289850001243], [-123.06698799980319, 40.32817599995649], [-123.06628099962344, 40.32697099994345], [-123.06549499980098, 40.326327999809024], [-123.06549300015115, 40.32631699975453], [-123.06534599983807, 40.32496499982352], [-123.06515199966931, 40.324753999932256], [-123.06482799980421, 40.324401000139076], [-123.06482799980421, 40.32402299995706], [-123.06482799980421, 40.323737999751934], [-123.06303600005124, 40.32263999993371], [-123.0626879998967, 40.322046000323816], [-123.06383500029251, 40.32096900022375], [-123.06458699977978, 40.31986999991116], [-123.06382400042185, 40.31828500014263], [-123.06336900013719, 40.31759599971666], [-123.06266199995746, 40.316407999663284], [-123.06208500037235, 40.315743000157795], [-123.06176499980691, 40.31445100008747], [-123.06174700026354, 40.31344200015432], [-123.06178300024857, 40.313364000034085], [-123.06217700043386, 40.312561000161985], [-123.06362000020734, 40.311465999706996], [-123.06495400020088, 40.31063699968463], [-123.06733799960756, 40.31075599998287], [-123.06883800018078, 40.30825500008319], [-123.06871299960899, 40.30710999967528], [-123.06867699962397, 40.30677999991213], [-123.06822600043559, 40.30635599985527], [-123.06814100004677, 40.3062819997955], [-123.06803200026684, 40.306173000254134], [-123.0685150001406, 40.30500499977818], [-123.06856100017136, 40.304895000033554], [-123.06863099959322, 40.30472599996478], [-123.06838399972102, 40.30348299989776], [-123.06825499984957, 40.30327099978791], [-123.06811099990954, 40.30288800006146], [-123.06806599970372, 40.302804000081565], [-123.06801100035042, 40.30273600024967], [-123.06780299993795, 40.30254499994262], [-123.06773799964064, 40.30247800008363], [-123.06763899990645, 40.30249300016008], [-123.06763200023373, 40.30248299988113], [-123.06751800043091, 40.302394999828664], [-123.06739299985914, 40.30232100022525], [-123.06725300011705, 40.30220299969009], [-123.0671929998426, 40.30213999976122], [-123.06714699981185, 40.30208299984019], [-123.06708099968961, 40.30198700008085], [-123.06701000044282, 40.30192599974893], [-123.06679799983239, 40.301792999665444], [-123.06634699974566, 40.30146400020901], [-123.06627499977566, 40.30140199984048], [-123.06627300012585, 40.301324000202136], [-123.0660730001093, 40.30114200023903], [-123.06598699989556, 40.301069000202645], [-123.06592999999417, 40.30099499983183], [-123.0658970003822, 40.30092400014983], [-123.06588999981119, 40.300874000319304], [-123.0658970003822, 40.30079799990318], [-123.0659190001235, 40.30073000010741], [-123.06594199968974, 40.30068800015909], [-123.06600000031435, 40.300609999696405], [-123.06607999978199, 40.3005419997114], [-123.0661149999421, 40.300505999852874], [-123.06614199970629, 40.30046099966014], [-123.06616699982062, 40.3003869999936], [-123.06619000028516, 40.300277999846465], [-123.06618899956194, 40.30023899973223], [-123.06618000023941, 40.30020799967812], [-123.06616199979776, 40.30017999972747], [-123.06613900023154, 40.30015300003325], [-123.06603299992632, 40.30004999975574], [-123.06576500013773, 40.29974200031048], [-123.06568700031991, 40.29963499967411], [-123.06554199965663, 40.2994170002031], [-123.0654610003641, 40.299311000017596], [-123.06534099981519, 40.299183000308744], [-123.06521699996664, 40.29906200029143], [-123.06518799965431, 40.29903899991822], [-123.06511999988226, 40.299001000058944], [-123.06507200020168, 40.29895699983465], [-123.06503399966854, 40.298908000205095], [-123.0649960000337, 40.29884199976703], [-123.0649759999422, 40.29877599994958], [-123.06497299956918, 40.29872200011327], [-123.06498199978999, 40.29868900015405], [-123.0649969998586, 40.2986549998885], [-123.06502799982076, 40.29860099995549], [-123.06498799963778, 40.298548000271076], [-123.06503399966854, 40.29846100018196], [-123.06504899973716, 40.29840899999645], [-123.0650660003539, 40.29824099975597], [-123.06505700013305, 40.29815900007415], [-123.06502899964568, 40.298081000117364], [-123.06498799963778, 40.29801799977032], [-123.06498199978999, 40.29793300028562], [-123.06500500025454, 40.297853999765884], [-123.06503500039176, 40.2978069999419], [-123.06505700013305, 40.297787000050604], [-123.06510399998874, 40.29776099970348], [-123.06516199971506, 40.29774299972081], [-123.0653690003026, 40.297727999959974], [-123.06537900034833, 40.29768600020086], [-123.0655590002734, 40.29702400022228], [-123.06581799984116, 40.296230999816714], [-123.06568700031991, 40.29537900029555], [-123.06556299957306, 40.29486199999542], [-123.06583799993265, 40.294740999776714], [-123.06620000033092, 40.29460799993759], [-123.06631499995864, 40.2940650001913], [-123.06563500044138, 40.292555999979335], [-123.06551800026553, 40.29230700002662], [-123.06550499984674, 40.29227099989149], [-123.06547600043274, 40.292195999776794], [-123.06546300001392, 40.29216000026774], [-123.0654329998767, 40.29202200025903], [-123.06542600020401, 40.29196200022694], [-123.06542299983097, 40.29193299989541], [-123.06543200005179, 40.29188300026331], [-123.06526899984517, 40.29176499999823], [-123.06519699987514, 40.291671999777655], [-123.06514900019455, 40.29154499969709], [-123.06513699960071, 40.29136899976276], [-123.06514699964642, 40.291243000197895], [-123.06518299963145, 40.29107700007536], [-123.06528899993667, 40.29081300022947], [-123.0653690003026, 40.29048699993112], [-123.06543500042484, 40.29027700029759], [-123.06544100027263, 40.290229000270195], [-123.06547100040984, 40.28999299992498], [-123.0654699996866, 40.28977700033852], [-123.06527899989094, 40.28955000018459], [-123.06470599960547, 40.28887100012961], [-123.0645159996347, 40.28864500011204], [-123.06470700032871, 40.28831499991749], [-123.06509099956995, 40.28765299995591], [-123.06525700014961, 40.287312999931444], [-123.06542600020401, 40.28697100001141], [-123.06398599990526, 40.286592999998064], [-123.06281500011833, 40.285986999666314], [-123.0607289997392, 40.28550999968185], [-123.05926800042234, 40.28548400009308], [-123.05901200032929, 40.28547600032305], [-123.05840200023393, 40.28545600020851], [-123.05666800020731, 40.285374999889655], [-123.05412800026673, 40.28628200015138], [-123.05317199966666, 40.28672599985042], [-123.05259500008155, 40.28698900012248], [-123.05251899991356, 40.28702399986791], [-123.05122799957772, 40.28749899990683], [-123.05111700014798, 40.287684000288266], [-123.05107500031518, 40.28774600022503], [-123.0508590004051, 40.28806800030819], [-123.05067199990906, 40.288288000278826], [-123.05032100027977, 40.28862300005782], [-123.05001199958495, 40.28892500030095], [-123.04969699994069, 40.28925999966356], [-123.04946699978692, 40.2894470001893], [-123.04913000040133, 40.289710000152006], [-123.0490919998682, 40.28974199996303], [-123.04887199976015, 40.28992500021845], [-123.0486779995914, 40.29012200032902], [-123.0485350003746, 40.29033600004191], [-123.04841999984855, 40.290599999695544], [-123.04833399963482, 40.290868999660006], [-123.04822599967979, 40.291072000119016], [-123.04803200040936, 40.29128600024981], [-123.04783900006551, 40.291461999715075], [-123.04759499966804, 40.29157700000963], [-123.04731500018386, 40.29168700019763], [-123.04693500024226, 40.29179700020659], [-123.04680600037085, 40.29181400001136], [-123.0466480001871, 40.291835999712085], [-123.04628199959089, 40.291818999912806], [-123.04561499959411, 40.29179700020659], [-123.04524200022352, 40.291757999993436], [-123.04444600035531, 40.29161000001633], [-123.04386499967394, 40.291489000141425], [-123.0433130002032, 40.291341000260424], [-123.04289700027661, 40.2911699997443], [-123.04250999976401, 40.29097299994771], [-123.04220900036343, 40.290862999967985], [-123.04174300020811, 40.290823999900994], [-123.04149899981064, 40.290862999967985], [-123.0412550003115, 40.29096700026492], [-123.04109700012772, 40.291082000031345], [-123.04106100014272, 40.29109900001596], [-123.04083900038489, 40.29129600013048], [-123.04055900000239, 40.291762999899035], [-123.04032899984861, 40.292075999968304], [-123.04006899955765, 40.29239399981717], [-123.04001500002927, 40.29246100008361], [-123.03951100023913, 40.29308699984379], [-123.03926699984164, 40.293382999856505], [-123.0390309998401, 40.29363600004332], [-123.03880099968632, 40.2938389997277], [-123.03857100043085, 40.293987000304725], [-123.03840700039932, 40.29406900025336], [-123.0380049998181, 40.29423400020778], [-123.0376030001352, 40.294410000217546], [-123.03733799982135, 40.29455200017942], [-123.03721599962259, 40.294662000321104], [-123.0371660002922, 40.294799999734884], [-123.03712199991128, 40.295310000187335], [-123.03710099999488, 40.29541999978028], [-123.03700700028355, 40.29552999987932], [-123.0368780004121, 40.29563399984567], [-123.03658399978592, 40.295816000258], [-123.03618200010303, 40.296056999725934], [-123.0356590000463, 40.29646900026271], [-123.0353069996938, 40.29682000019666], [-123.03502700020962, 40.29717199998971], [-123.03485499978216, 40.29743500003574], [-123.03479000038315, 40.29751199974606], [-123.03440299987055, 40.29803899989253], [-123.03391499997393, 40.29864900020255], [-123.03380000034622, 40.298803000194084], [-123.03354900027604, 40.29900600011377], [-123.0333910000923, 40.29911000021097], [-123.03319699992353, 40.29923100014232], [-123.03290999986837, 40.29930799986128], [-123.0327600000805, 40.2993410002033], [-123.03260899956948, 40.29933499989318], [-123.03235800039761, 40.29926899987223], [-123.03189200024228, 40.299187000067775], [-123.03169800007353, 40.29921400014809], [-123.03142600008697, 40.29928500025694], [-123.0311380002069, 40.299422999820806], [-123.030836999908, 40.29959799974118], [-123.02994800015338, 40.29990000026804], [-123.02948799984584, 40.30015800000282], [-123.02935899997442, 40.300295000258096], [-123.02934499973071, 40.30038300030556], [-123.0293299996621, 40.30060799985902], [-123.02932299998939, 40.30088799980969], [-123.02929399967707, 40.301031000114946], [-123.02907199991924, 40.301267000277676], [-123.02882099984906, 40.301481000322205], [-123.02847600006757, 40.301734000332694], [-123.02793799994221, 40.3019590001824], [-123.02732799984685, 40.302309999684766], [-123.02691899959295, 40.3025569999922], [-123.02651699991006, 40.30273300024543], [-123.02617299995345, 40.30292500024783], [-123.0259860003557, 40.30307300010564], [-123.02564200039912, 40.30340799989614], [-123.02542700031397, 40.30356699971845], [-123.02523300014522, 40.30366100022586], [-123.02491000010501, 40.30373700016147], [-123.02446499986608, 40.30378699992825], [-123.02422100036694, 40.303846999736535], [-123.02390599982436, 40.30387999991669], [-123.02338199994271, 40.3038520001178], [-123.02305899990253, 40.30379700001415], [-123.02280100015965, 40.30369799998884], [-123.02250700043179, 40.30355499984829], [-123.0222489997906, 40.303369000218666], [-123.02192599975042, 40.303071999880885], [-123.02166800000754, 40.30281900008561], [-123.02141699993739, 40.3026539998576], [-123.02107299998082, 40.30258299986381], [-123.0206779999706, 40.30259399967475], [-123.0202410001276, 40.302643000056435], [-123.01988899977506, 40.30267000012573], [-123.01961000011582, 40.302603999937304], [-123.01924400041794, 40.302560000004235], [-123.01885600008042, 40.302576000294586], [-123.01806699988491, 40.302653000311686], [-123.01699800020522, 40.302707999976604], [-123.01663300033225, 40.302805999853895], [-123.01629500022347, 40.302844999856454], [-123.01589400036546, 40.30287700029841], [-123.01552799976925, 40.30295399997242], [-123.01514000033004, 40.30309100003848], [-123.0148680003435, 40.30314600003184], [-123.0146449998624, 40.30316800015367], [-123.01439399979225, 40.303107999742245], [-123.01404999983565, 40.30304699973751], [-123.0137920000928, 40.30309599979061], [-123.01367699956674, 40.3031509997799], [-123.01354799969532, 40.30324399995882], [-123.01339700008259, 40.30344799977035], [-123.01325300014253, 40.30377200013909], [-123.01318100017252, 40.30400800031757], [-123.01314500018749, 40.304171999770254], [-123.01301600031607, 40.30460599980111], [-123.01287200037603, 40.30496299974734], [-123.012728000436, 40.30521599973358], [-123.01261399973485, 40.30550699978884], [-123.01239799982478, 40.30590800028986], [-123.0121109997696, 40.30629200019715], [-123.01191699960086, 40.30648399967464], [-123.01180199997313, 40.306543999827625], [-123.01171599975939, 40.30659400025689], [-123.01159399956067, 40.30658299972722], [-123.01142899970422, 40.30653299997482], [-123.01111400005996, 40.3064179997874], [-123.0109409998076, 40.306374000283384], [-123.01061199991963, 40.306385000162074], [-123.01008800003798, 40.306467000135406], [-123.0098009999828, 40.30652200012023], [-123.00947799994262, 40.30654900000924], [-123.00911899991742, 40.30649900023167], [-123.0087389999758, 40.30649900023167], [-123.00843799967694, 40.30656500003981], [-123.00815800019276, 40.30674600029336], [-123.0079420002827, 40.30691100011694], [-123.00768399964151, 40.30704799969334], [-123.00750500043969, 40.307085999821616], [-123.00670799984826, 40.3071519997412], [-123.00620599970794, 40.30723400015349], [-123.00572500038233, 40.30742599969353], [-123.00548099998484, 40.30754699980117], [-123.00508699979954, 40.30772199991313], [-123.00432600009144, 40.3079910002188], [-123.00390299959382, 40.308073000297505], [-123.00366599976736, 40.308067000077955], [-123.00345800025322, 40.30799000006686], [-123.00315000028164, 40.307842000021374], [-123.00290599988418, 40.30778699974135], [-123.00237500032985, 40.30771500019135], [-123.00177899957986, 40.30774799985194], [-123.00112800037493, 40.30783500031208], [-123.00096299962016, 40.307889999868024], [-123.00079100009101, 40.30792300012811], [-123.00062600023459, 40.30802799966512], [-123.00046899987576, 40.308099000101194], [-123.00031800026301, 40.30823099995134], [-123.00010999985055, 40.30831399988587], [-122.99991599968179, 40.30835199998694], [-122.99981600012268, 40.308363000228496], [-122.99965799993893, 40.30839100021264], [-122.99955800037982, 40.30837999997559], [-122.99943600018108, 40.308341999890274], [-122.99932800022604, 40.308298000269545], [-122.99919900035461, 40.30822099983681], [-122.9991340000573, 40.30818799972232], [-122.99901900042957, 40.308117000064804], [-122.99896900020083, 40.30806200000871], [-122.99893300021586, 40.307963000068824], [-122.99885399967482, 40.3078589998996], [-122.99878900027579, 40.30770500000042], [-122.99876099978837, 40.307660999964725], [-122.99872499980337, 40.307589999753276], [-122.99872499980337, 40.30756799970153], [-122.99869600038939, 40.30752899968565], [-122.99866000040436, 40.30750700029909], [-122.99862400041935, 40.3074909998066], [-122.99856699961963, 40.30748500022036], [-122.99853099963464, 40.30751299988343], [-122.99846700006053, 40.307579000070824], [-122.9984589996646, 40.30762800026168], [-122.99843799974819, 40.307694000336696], [-122.9983950000905, 40.307733000257294], [-122.99835900010547, 40.30777600009098], [-122.99830200020408, 40.3078260002933], [-122.99813700034764, 40.3079190002012], [-122.99794300017889, 40.30803500003951], [-122.99787899970646, 40.30806200000871], [-122.99780699973645, 40.308127999659646], [-122.99769899978139, 40.30818899987133], [-122.99756300023728, 40.3082330002481], [-122.99742000012215, 40.308298999731925], [-122.99729100025074, 40.308326000280644], [-122.9968889996695, 40.3083760000758], [-122.99679599978309, 40.3083760000758], [-122.99658099969793, 40.30834900023212], [-122.9965020000552, 40.30834300003705], [-122.99640800034388, 40.30834300003705], [-122.99632200013016, 40.30834900023212], [-122.99625099998502, 40.308387000313445], [-122.99614300002999, 40.30846399987195], [-122.9960860001286, 40.30857399996972], [-122.9960719998849, 40.30875500031986], [-122.9960860001286, 40.308925000036645], [-122.9961079998699, 40.30906799976928], [-122.9960860001286, 40.30917300026636], [-122.9960789995576, 40.309238000068255], [-122.99604299957257, 40.309281999761644], [-122.99598599967119, 40.30933700019433], [-122.99590000035576, 40.30935899966981], [-122.99584299955603, 40.30938699992608], [-122.9956919999433, 40.30944700024028], [-122.99555600039919, 40.30949099979752], [-122.99506099993155, 40.30950799994573], [-122.99486699976279, 40.309518999999], [-122.99466599992134, 40.30952500008961], [-122.9944940003922, 40.30952500008961], [-122.99424300032202, 40.309486999963525], [-122.99409199981098, 40.30944799968566], [-122.99372600011306, 40.309421000270525], [-122.99349699978423, 40.30944299971865], [-122.99334600017147, 40.309486999963525], [-122.99328199969905, 40.309520000128295], [-122.99309500010132, 40.30968500002553], [-122.9930740001849, 40.30971200002017], [-122.9930159995603, 40.309756000089735], [-122.99295899965887, 40.30982200014039], [-122.99290199975746, 40.30992100009544], [-122.99280800004614, 40.31003099987525], [-122.99273000022835, 40.31014600007627], [-122.99250699974725, 40.31035500017848], [-122.99238600027175, 40.3104430001362], [-122.99232099997442, 40.31048199983949], [-122.99222100041531, 40.31050900020046], [-122.99209900021657, 40.31052000009076], [-122.9918620003901, 40.310530999979264], [-122.99176100010776, 40.31052000009076], [-122.99166099965035, 40.31048199983949], [-122.99153900034992, 40.3104430001362], [-122.99143100039488, 40.310393999932586], [-122.99136000024978, 40.310350000278625], [-122.99101499956997, 40.310091999738205], [-122.99076400039813, 40.30991700028686], [-122.99066999978847, 40.3098670002625], [-122.99050499993203, 40.30980700032137], [-122.9903550001442, 40.30979000024847], [-122.99021799987683, 40.309796000314996], [-122.9900530000204, 40.309818000326], [-122.9899319996466, 40.3098670002625], [-122.98983100026255, 40.3099230003421], [-122.98961600017739, 40.310092999859016], [-122.98944399974995, 40.31031300004925], [-122.98935800043455, 40.310401000061695], [-122.98929300013721, 40.31048299995452], [-122.9892000002508, 40.31053800009417], [-122.98899900040934, 40.31063099969282], [-122.98886999963959, 40.310674999848686], [-122.98874900016409, 40.310740999686274], [-122.98866200012544, 40.31077999990249], [-122.98855499999533, 40.3108679999914], [-122.98850499976662, 40.310960999820644], [-122.98846200010891, 40.31102700006374], [-122.98844000036759, 40.3111149998308], [-122.98838299956788, 40.311203000168206], [-122.98834699958284, 40.31130200015387], [-122.98826799994016, 40.31139000024766], [-122.98819699979505, 40.31150500018955], [-122.98813900006873, 40.31158700011189], [-122.98812499982502, 40.311659000329186], [-122.98806799992359, 40.311751999754165], [-122.98800299962629, 40.31183500015661], [-122.98790999973984, 40.311906000015554], [-122.98781000018076, 40.3119389996834], [-122.98767299991337, 40.31195000002574], [-122.98755800028566, 40.3119389996834], [-122.98747200007195, 40.31191699967831], [-122.98736499994183, 40.311861999976706], [-122.9872210000018, 40.311795999864685], [-122.98713499978805, 40.311746999957734], [-122.98705600014533, 40.31171400019611], [-122.98700599991665, 40.31168099973331], [-122.9868850004411, 40.311632999840974], [-122.98673999977784, 40.31152199983075], [-122.98666100013511, 40.31145600007145], [-122.9865819995941, 40.31141199973941], [-122.98649100025581, 40.311372999888164], [-122.98638099975263, 40.31134100004613], [-122.98620199965251, 40.31131400001773], [-122.98602299955236, 40.31133600021926], [-122.98595099958236, 40.31137399999005], [-122.98586500026693, 40.31141299984068], [-122.98579999996961, 40.31147299972499], [-122.98575700031189, 40.31154999987522], [-122.98570700008315, 40.3117150002929], [-122.9856719999231, 40.31176400022307], [-122.98565699985444, 40.311829999681365], [-122.98562099986944, 40.31190100023052], [-122.98552799998303, 40.31201100021037], [-122.98547100008162, 40.31204999969318], [-122.98528399958555, 40.31212100001109], [-122.98519800027015, 40.3121489998072], [-122.984975999614, 40.312237000167194], [-122.98490399964396, 40.312259000068046], [-122.98477499977254, 40.31233000016621], [-122.98471799987114, 40.31239599975636], [-122.98465299957378, 40.3124950000481], [-122.98453100027338, 40.31258299995727], [-122.98443099981596, 40.31261000016327], [-122.98436600041693, 40.31266499994068], [-122.98430899961721, 40.31271999967325], [-122.98425199971581, 40.31275300031333], [-122.98408000018667, 40.31279699977165], [-122.98400800021663, 40.31284099988625], [-122.98395799998792, 40.312890999763795], [-122.98391500033023, 40.31295099970496], [-122.9839000002616, 40.31300100018604], [-122.9839000002616, 40.31304999986807], [-122.98391500033023, 40.31309900019953], [-122.98391500033023, 40.313219999733434], [-122.9839000002616, 40.31328100014088], [-122.98382900011651, 40.31334099973553], [-122.98365699968906, 40.31339600028752], [-122.98345599984759, 40.31339600028752], [-122.98336999963388, 40.313424000239976], [-122.98333399964888, 40.313456999850985], [-122.98324099976244, 40.31348399970758], [-122.98317999966308, 40.31348399970758], [-122.9831189995637, 40.31348399970758], [-122.98301099960867, 40.313490000130855], [-122.98292500029324, 40.31349900007986], [-122.98284499992731, 40.313516999974254], [-122.98272399955351, 40.31354499987655], [-122.98263099966707, 40.31359399984883], [-122.98248699972706, 40.3136819996958], [-122.98229400028151, 40.31377000011308], [-122.98212100002912, 40.313792000199506], [-122.9819560001727, 40.31380300024005], [-122.98179100031626, 40.31378100015721], [-122.9815910002997, 40.31377000011308], [-122.98143300011596, 40.3137259999188], [-122.98133199983363, 40.313677000042304], [-122.9812170002059, 40.31361100033415], [-122.98113099999219, 40.31354499987655], [-122.98100200012074, 40.313364000034085], [-122.98098000037945, 40.31334099973553], [-122.98092299957973, 40.31328200021446], [-122.98088999996776, 40.31324300007319], [-122.98082200019569, 40.313161000106696], [-122.98073599998197, 40.313090000197214], [-122.98064999976823, 40.31302900030224], [-122.98049199958449, 40.3129359998959], [-122.98036299971308, 40.312870000148514], [-122.98028400007037, 40.312854000241565], [-122.9801409999552, 40.312831999849614], [-122.97997600009876, 40.312831999849614], [-122.97970999995998, 40.312870000148514], [-122.9796100004009, 40.31290899982025], [-122.97937299967609, 40.31306300018315], [-122.97925800004838, 40.31314500026869], [-122.97909400001683, 40.31324400014739], [-122.97860600012022, 40.31357399983648], [-122.97828300008004, 40.3138100000158], [-122.9781540002086, 40.313920000311], [-122.97799600002486, 40.314029999742026], [-122.97788200022204, 40.31411799970581], [-122.977774000267, 40.31421700021294], [-122.97770200029697, 40.31426599969766], [-122.97760199983954, 40.314364999987816], [-122.97747999964082, 40.314464000132844], [-122.97735800034039, 40.31455200021602], [-122.97721500022524, 40.314699999941645], [-122.97717199966924, 40.31478300014562], [-122.97712200033882, 40.314848000027816], [-122.97708600035382, 40.31492499975458], [-122.9770360001251, 40.315002000078586], [-122.9770140003838, 40.31511199980192], [-122.97687100026867, 40.31514499995798], [-122.97677699965902, 40.31515100023372], [-122.97669800001631, 40.31515100023372], [-122.97654800022849, 40.31516200005283], [-122.97650499967246, 40.31515100023372], [-122.97643299970245, 40.31513999972783], [-122.97629700015831, 40.31509000014556], [-122.97619599987598, 40.3150350002884], [-122.97608100024824, 40.31498099974982], [-122.97596700044545, 40.314920000193126], [-122.97585899959206, 40.31484900007819], [-122.97579400019306, 40.314799000280495], [-122.97571499965203, 40.31476700000693], [-122.97547799982557, 40.31459100028626], [-122.97535599962684, 40.314487000048885], [-122.97532800003776, 40.31446500018895], [-122.97519900016631, 40.31431599989001], [-122.97513399986899, 40.31425599979174], [-122.97498999992892, 40.314162999705246], [-122.9747609996001, 40.31399799978902], [-122.97463199972866, 40.31392700007463], [-122.97452399977362, 40.31386099992587], [-122.97426600003074, 40.31376200026673], [-122.97410799984702, 40.3136910003042], [-122.97399999989199, 40.31366299977746], [-122.97387100002055, 40.31363599999248], [-122.97374200014913, 40.31361399985525], [-122.9736130002777, 40.31357499990572], [-122.97349799975163, 40.31354800008551], [-122.97336899988022, 40.313532000339194], [-122.97326099992517, 40.31350399974658], [-122.97318899995517, 40.31347699989798], [-122.97309600006874, 40.313454999708995], [-122.97303900016733, 40.313433000197776], [-122.9728950002273, 40.31336099981689], [-122.97274399971623, 40.313263000183625], [-122.97270100005852, 40.31322400003133], [-122.97262900008852, 40.31316900002425], [-122.97257200018711, 40.31309800012323], [-122.97249299964606, 40.312939000131976], [-122.97244999998837, 40.31286699990943], [-122.97232100011695, 40.31269699984036], [-122.97228500013193, 40.312626000128084], [-122.9722559998196, 40.31252700002833], [-122.97213399962088, 40.31226299973791], [-122.97207599989456, 40.31217500009675], [-122.97204099973445, 40.31209799997414], [-122.97196899976441, 40.31201100021037], [-122.97191799971081, 40.3119389996834], [-122.97189000012173, 40.311861999976706], [-122.97180399990799, 40.311774999908906], [-122.9717250002653, 40.31170299981528], [-122.97159600039386, 40.31161000032282], [-122.97128699969905, 40.311527999743404], [-122.97117899974401, 40.311511000103714], [-122.9711219998426, 40.31147299972499], [-122.97101399988756, 40.31141799966184], [-122.97085599970383, 40.311285999875416], [-122.97082100044202, 40.31121999988547], [-122.97072699983238, 40.310966999783126], [-122.97067699960367, 40.31077000016533], [-122.97064099961867, 40.31068199994872], [-122.97058299989234, 40.310582999739204], [-122.97054799973226, 40.3105009999678], [-122.97048300033323, 40.31043499989567], [-122.97039700011952, 40.31039600016525], [-122.97035399956349, 40.31035799984421], [-122.97024599960845, 40.31033100010784], [-122.97017399963845, 40.31033600000911], [-122.97008099975201, 40.31033100010784], [-122.96993000013927, 40.31036899975909], [-122.96978700002416, 40.31043499989567], [-122.96961499959671, 40.31050599985643], [-122.96944999974026, 40.31054500020836], [-122.96930599980023, 40.31058899973528], [-122.96906300012597, 40.31062800003923], [-122.96879699998719, 40.310736999926306], [-122.96874699975847, 40.31077000016533], [-122.96861100021435, 40.31082500007125], [-122.9684599997033, 40.31085800026732], [-122.96830200041786, 40.31088599990206], [-122.96823799994546, 40.310879999932375], [-122.96808700033272, 40.31082500007125], [-122.96797199980668, 40.31080899967978], [-122.96784299993521, 40.31075999974171], [-122.96774300037613, 40.31073200005473], [-122.96744799992503, 40.31057299997288], [-122.96736900028232, 40.31051299997398], [-122.96726200015218, 40.31046299970579], [-122.96715400019714, 40.310369999875796], [-122.96706100031074, 40.3103039996757], [-122.96679500017193, 40.310199999686084], [-122.96670200028554, 40.31017199976693], [-122.9666019998281, 40.310160999820006], [-122.96646499956076, 40.31017199976693], [-122.96636500000164, 40.310160999820006], [-122.96626399971929, 40.310205000282075], [-122.9661499999165, 40.31027699991774], [-122.96607100027374, 40.31033200022515], [-122.96604199996146, 40.310369999875796], [-122.96594200040235, 40.3104740002886], [-122.96583400044729, 40.310534999751425], [-122.96578400021858, 40.310583999852746], [-122.96571899992128, 40.31061200028611], [-122.96554700039214, 40.31062300015958], [-122.9654750004221, 40.31062300015958], [-122.96528899975095, 40.31059499973077], [-122.96521699978092, 40.31056200009127], [-122.9650519999245, 40.31052999986489], [-122.96480099985432, 40.310468999712526], [-122.96467199998291, 40.31045799981397], [-122.96457099970054, 40.31043600001145], [-122.96447799981414, 40.31043600001145], [-122.96439900017141, 40.31043100011758], [-122.96425600005628, 40.31045299992174], [-122.96419099975896, 40.310468999712526], [-122.96405500021481, 40.310534999751425], [-122.9638970000311, 40.31058499996626], [-122.96376099958863, 40.31058499996626], [-122.9634740004318, 40.31061200028611], [-122.96327299969202, 40.31060699972026], [-122.96286400033641, 40.3106340000313], [-122.96248400039481, 40.3106340000313], [-122.96219700033966, 40.310618000279604], [-122.96173100018433, 40.310618000279604], [-122.96160899998561, 40.31062400027257], [-122.96137200015914, 40.310618000279604], [-122.96113500033267, 40.310590999962166], [-122.96076899973647, 40.31056900020296], [-122.96054699997859, 40.31056300020511], [-122.96018100028071, 40.31058000008343], [-122.96000899985326, 40.31056900020296], [-122.95990099989822, 40.310607999833486], [-122.95973600004179, 40.31063500014408], [-122.95957100018535, 40.31067300030931], [-122.9593700003439, 40.310685000284934], [-122.95899000040228, 40.310696000146514], [-122.95858799982108, 40.31073400027742], [-122.95842299996464, 40.310766999832886], [-122.95815799965075, 40.31080600003409], [-122.95801399971072, 40.31084400010305], [-122.9578709995956, 40.31085499993878], [-122.95766999975413, 40.31085499993878], [-122.95726100039853, 40.310871999743604], [-122.9571609999411, 40.31086599977272], [-122.95703200006967, 40.31083900023945], [-122.95688800012964, 40.31081699987601], [-122.9568089995886, 40.31077799968116], [-122.95658000015806, 40.310696000146514], [-122.9563359997606, 40.31053699997995], [-122.95622799980556, 40.31048199983949], [-122.95614199959182, 40.31043299966417], [-122.9560410002078, 40.31038900003561], [-122.95582600012266, 40.3103119999317], [-122.95572599966523, 40.31026800022436], [-122.95561100003749, 40.31020699983536], [-122.95550300008246, 40.31014200028102], [-122.95538799955642, 40.31010299969642], [-122.95528100032459, 40.31005399993114], [-122.95511599956984, 40.310004000008156], [-122.95498699969842, 40.30994900011865], [-122.95472800013066, 40.309856000265846], [-122.95461400032784, 40.30979000024847], [-122.95449200012912, 40.30975200027143], [-122.95423299966302, 40.30968600015237], [-122.95409000044619, 40.30967500012629], [-122.95395300017884, 40.30965300006865], [-122.95381000006373, 40.30965800002012], [-122.95352999968122, 40.30968600015237], [-122.9534080003808, 40.3097130001466], [-122.95315700031065, 40.30975700021556], [-122.95297099963948, 40.30980100025582], [-122.95285600001176, 40.309856000265846], [-122.9526340002539, 40.30992200021877], [-122.95249000031386, 40.30997700013027], [-122.95240400010015, 40.31000500013027], [-122.9522819999014, 40.310059999974165], [-122.95218200034229, 40.310092999859016], [-122.95207400038726, 40.31011999969053], [-122.95197399992983, 40.31016900009294], [-122.95185199973108, 40.310190999982446], [-122.95173700010336, 40.31022999983126], [-122.95165799956233, 40.31024099976699], [-122.95154299993462, 40.31024099976699], [-122.95146400029186, 40.31023499974], [-122.95128500019175, 40.31021299986483], [-122.95115600032032, 40.310190999982446], [-122.95102700044889, 40.31014200028102], [-122.95089799967914, 40.310064999895495], [-122.95062499986767, 40.30995500017106], [-122.95051000023996, 40.3098950003081], [-122.9503739997975, 40.30985699970517], [-122.95025900016978, 40.309790999688715], [-122.95017999962874, 40.309719000219964], [-122.9500800000696, 40.30957699993909], [-122.9500440000846, 40.30948900022304], [-122.950029000016, 40.309395000290706], [-122.95002200034331, 40.30929100027145], [-122.9500440000846, 40.309230999818595], [-122.95005800032831, 40.309132000222185], [-122.95015100021475, 40.30892299976037], [-122.95020100044346, 40.30879099989263], [-122.95024499992607, 40.30869799981533], [-122.95031600007118, 40.30843999981436], [-122.95022999985746, 40.30831899993646], [-122.95018700019975, 40.30827999966919], [-122.95014399964374, 40.30820900010837], [-122.95009400031333, 40.3081709999269], [-122.95004300025971, 40.308105000317944], [-122.94989299957356, 40.30805500032217], [-122.94980700025815, 40.30803299973688], [-122.94972100004442, 40.30803299973688], [-122.94961300008939, 40.3080389999595], [-122.94954799979207, 40.30805000025208], [-122.9492759998055, 40.30806099985783], [-122.94915399960675, 40.30806099985783], [-122.94908199963675, 40.3080659999271], [-122.9488530002062, 40.308099000101194], [-122.94870199969515, 40.308132000259164], [-122.94855100008242, 40.308142999851555], [-122.94847200043971, 40.308154000127196], [-122.94837899965496, 40.308154000127196], [-122.94827900009585, 40.308132000259164], [-122.94812799958481, 40.30810999969896], [-122.94774099997049, 40.308087999816635], [-122.94751800038775, 40.30808299974895], [-122.94734599996028, 40.308099000101194], [-122.94716000018745, 40.308105000317944], [-122.94700899967641, 40.30813799978799], [-122.94692300036098, 40.30817599998803], [-122.94671499994853, 40.30833000018339], [-122.94664299997852, 40.30840199976286], [-122.9465569997648, 40.308500000284866], [-122.94648499979476, 40.30864899971575], [-122.94644200013705, 40.30875300003854], [-122.94642799989334, 40.308857000201264], [-122.94642100022065, 40.30895600020077], [-122.94639899958105, 40.30905500005517], [-122.94638500023564, 40.30920300018269], [-122.94636299959602, 40.30931899987082], [-122.94636299959602, 40.30942899994609], [-122.94632800033426, 40.30963700008455], [-122.94632800033426, 40.30975800034133], [-122.94634199967963, 40.3098679997016], [-122.94636400031926, 40.309972000202464], [-122.94636400031926, 40.3100660000167], [-122.94641399964964, 40.31016500029911], [-122.94642799989334, 40.31027400024842], [-122.94644999963467, 40.31039500004892], [-122.94642799989334, 40.31051600031771], [-122.94639899958105, 40.31059300018904], [-122.94632099976323, 40.310680999836585], [-122.9462270000519, 40.31073599981498], [-122.94611999992179, 40.31076900005454], [-122.94600500029405, 40.31079099974859], [-122.94588999976801, 40.310802000277974], [-122.94574699965287, 40.310802000277974], [-122.94563899969783, 40.31077999990249], [-122.94536599988638, 40.310659000106696], [-122.94528700024365, 40.31063699968463], [-122.94522299977126, 40.31059300018904], [-122.94516500004491, 40.31056499974778], [-122.9450789998312, 40.31051600031771], [-122.94494999995976, 40.310456000268125], [-122.94485299987538, 40.310401000061695], [-122.94462699991958, 40.3103020001253], [-122.94452700036047, 40.31024699979345], [-122.94444100014672, 40.31019200010184], [-122.94420400032025, 40.310114999773326], [-122.94410399986286, 40.31007699997915], [-122.94401000015151, 40.3100660000167], [-122.94384500029507, 40.310092999859016], [-122.94375900008133, 40.31012599972774], [-122.94368799993624, 40.31017600024538], [-122.94357999998121, 40.31031900006931], [-122.94351499968387, 40.31044499968244], [-122.94343699986605, 40.310548999979694], [-122.94329299992602, 40.31090100016645], [-122.94325000026829, 40.310966999783126], [-122.94320699971229, 40.31108199976032], [-122.94304900042685, 40.311411000323105], [-122.94298499995446, 40.31150500018955], [-122.94294899996943, 40.31158700011189], [-122.9428839996721, 40.31170299981528], [-122.94284799968709, 40.31180100034245], [-122.94267600015796, 40.312076000020845], [-122.94256900002783, 40.31222399969311], [-122.94249000038513, 40.312300999672054], [-122.9423820004301, 40.31236200022464], [-122.94216700034492, 40.312459999795486], [-122.94166500020461, 40.31261399981235], [-122.94152100026456, 40.312653000316885], [-122.94137800014943, 40.3126750000822], [-122.94121999996567, 40.3126750000822], [-122.94108400042155, 40.31266399985797], [-122.94096899989552, 40.31262500004473], [-122.94089000025281, 40.312587000292915], [-122.9405100003112, 40.31245000030712], [-122.94037999971654, 40.31236200022464], [-122.94033000038615, 40.3123070002005], [-122.94023699960142, 40.31212599977979], [-122.94005800039959, 40.311856000093734], [-122.93997899985852, 40.311751999754165], [-122.93992799980492, 40.31169200011773], [-122.93972000029078, 40.31158200030324], [-122.93962700040434, 40.311548999775994], [-122.9393970002506, 40.31156499999213], [-122.93918200016542, 40.311619999935616], [-122.93904599972299, 40.311642000037466], [-122.93889500011024, 40.311659000329186], [-122.93882399996514, 40.31169200011773], [-122.93873699992649, 40.311724999890096], [-122.9386010003824, 40.31182900027124], [-122.93849400025226, 40.31195000002574], [-122.93833600006852, 40.312076000020845], [-122.9382499998548, 40.312103999835614], [-122.93817100021205, 40.31213700009172], [-122.93798399971601, 40.31217999986145], [-122.93762499969081, 40.31211999992026], [-122.93750300039041, 40.312103999835614], [-122.93738899968926, 40.312076000020845], [-122.93718799984781, 40.31206499969903], [-122.9370949999614, 40.31209300020337], [-122.93698000033365, 40.31218599971564], [-122.93690099979263, 40.31226299973791], [-122.93677199992119, 40.3123070002005], [-122.93667800020987, 40.312317999797884], [-122.93649200043701, 40.312355999701076], [-122.93638399958368, 40.31238400008476], [-122.93634099992597, 40.31241099968536], [-122.93630499994097, 40.31247699988134], [-122.93625499971226, 40.312531999767025], [-122.93622600029826, 40.31259200002716], [-122.93618299974223, 40.31266399985797], [-122.93611900016812, 40.31270200025141], [-122.93581000037165, 40.31280100009461], [-122.93572400015793, 40.312849999921745], [-122.93553800038511, 40.31298200007609], [-122.93548800015637, 40.31303199984918], [-122.93540100011772, 40.3130869999679], [-122.93516500011619, 40.31320199975992], [-122.93506399983383, 40.31322400003133], [-122.93496699974945, 40.31322400003133], [-122.934878000061, 40.31322400003133], [-122.93472700044825, 40.31321800026937], [-122.9345619996935, 40.313191000306475], [-122.93437500009576, 40.31316900002425], [-122.9341099997819, 40.31309700004693], [-122.93399500015417, 40.31305899987571], [-122.93385899971172, 40.31300399973424], [-122.93376599982528, 40.3129599997258], [-122.93365100019757, 40.31291599968868], [-122.93360799964154, 40.31285599971641], [-122.93360099996886, 40.312751000150435], [-122.93367200011397, 40.31261399981235], [-122.93370800009897, 40.3125589999934], [-122.93379400031269, 40.31251499969506], [-122.93387299995543, 40.31244900022122], [-122.93398099991043, 40.31238299999787], [-122.93403799981189, 40.31229000007184], [-122.9340810003679, 40.31224600028319], [-122.9341390000942, 40.312131000233165], [-122.9341819997519, 40.31202099976378], [-122.93419599999561, 40.3119389996834], [-122.93424600022432, 40.31182900027124], [-122.93424600022432, 40.31119199970419], [-122.93421000023932, 40.311087000290996], [-122.93416699968328, 40.31093400032533], [-122.93398099991043, 40.310802000277974], [-122.93389499969672, 40.310752000223744], [-122.93374400008398, 40.31070800011805], [-122.93362899955794, 40.31066999997257], [-122.9334999996865, 40.31064299967591], [-122.93337099981508, 40.31064299967591], [-122.93321299963132, 40.31061499994041], [-122.9330200001858, 40.31059900018422], [-122.93289100031438, 40.3105769997426], [-122.93271800006202, 40.31055999986347], [-122.93248899973314, 40.31052700020681], [-122.93217999993668, 40.31046700016706], [-122.93200099983653, 40.310356999727325], [-122.93182900030739, 40.310263999751314], [-122.93170700010866, 40.310220000012706], [-122.93162799956764, 40.31018700018991], [-122.93126199986973, 40.31014800031627], [-122.93112600032559, 40.31014800031627], [-122.93094600040055, 40.31013699968041], [-122.9307809996458, 40.31013699968041], [-122.93057300013166, 40.310114999773326], [-122.93046600000152, 40.31009899989862], [-122.93030100014509, 40.310033000118715], [-122.93017899994636, 40.30997800025277], [-122.93010000030365, 40.3099230003421], [-122.92999200034862, 40.309878999696295], [-122.92988500021848, 40.309818000326], [-122.92983400016485, 40.30976399972567], [-122.92981300024844, 40.30971400027307], [-122.92975600034706, 40.30964300016468], [-122.92974100027844, 40.3095599998083], [-122.92975600034706, 40.3093410000372], [-122.92981999992116, 40.309137999662134], [-122.92987000014988, 40.30902799979789], [-122.92999200034862, 40.308841000028586], [-122.9300350000063, 40.30874800002014], [-122.93020800025866, 40.30847799984454], [-122.93026500016009, 40.3083689997368], [-122.93028699990138, 40.30828099981682], [-122.93030100014509, 40.30817599998803], [-122.93028699990138, 40.3080389999595], [-122.93023599984774, 40.30796199991648], [-122.93015700020506, 40.30786900006778], [-122.93010699997633, 40.3077810001814], [-122.93005000007491, 40.307710000096094], [-122.9299639998612, 40.307627000104326], [-122.9295980001633, 40.307468000248], [-122.92948299963727, 40.30744600015657], [-122.92930400043544, 40.30749000033232], [-122.9292249998944, 40.30751699983433], [-122.92909600002298, 40.30753899990264], [-122.92898800006795, 40.307550000276656], [-122.92885900019651, 40.307550000276656], [-122.92871600008137, 40.30754500016914], [-122.92855799989762, 40.30751699983433], [-122.9284359996989, 40.307472999676165], [-122.92832799974387, 40.30741799978066], [-122.92823499985744, 40.307357999719066], [-122.92816299988743, 40.30729200000072], [-122.92794100012955, 40.30713800017882], [-122.92783999984722, 40.307056000335024], [-122.92774699996082, 40.307027999797505], [-122.92761800008937, 40.30699499978513], [-122.92748199964693, 40.30699499978513], [-122.92729500004918, 40.307001000099966], [-122.9269729998339, 40.30703400010939], [-122.92681499965018, 40.307072000245554], [-122.92662800005243, 40.30709399977375], [-122.92647700043968, 40.307100000079785], [-122.92637000030956, 40.307072000245554], [-122.92626900002722, 40.30703400010939], [-122.92621200012579, 40.30699499978513], [-122.9261479996534, 40.30693500003284], [-122.92608999992707, 40.3068580001013], [-122.92603999969836, 40.306770000267825], [-122.92598299979696, 40.306682000319704], [-122.92591099982693, 40.306622000289316], [-122.9258179999405, 40.30658299972722], [-122.92573900029778, 40.306539000330694], [-122.92563800001545, 40.30647299981213], [-122.92555199980171, 40.30639700021452], [-122.925465999588, 40.30634700032447], [-122.92533699971659, 40.306254000307234], [-122.92525100040115, 40.30622099991672], [-122.92515799961643, 40.30622099991672], [-122.925028999745, 40.30621500021767], [-122.92497100001867, 40.30624799992605], [-122.92475599993352, 40.306308999780434], [-122.92468399996349, 40.30635800020756], [-122.92459799974978, 40.30643500002398], [-122.92452599977975, 40.3066269997801], [-122.92447599955103, 40.306737000129466], [-122.92443999956603, 40.30684700029964], [-122.9243180002656, 40.307143000316465], [-122.9242539997932, 40.30724799969598], [-122.92410300018045, 40.30741799978066], [-122.92398799965439, 40.30753300032066], [-122.92386600035398, 40.307605000064676], [-122.92375900022385, 40.30768199982963], [-122.92365799994153, 40.30773600003947], [-122.92353599974281, 40.30775299994438], [-122.92345000042738, 40.30776899968979], [-122.92334999996994, 40.307780000026305], [-122.92325600025863, 40.30775800003649], [-122.92320600002991, 40.30774200028847], [-122.92311300014349, 40.307680999673124], [-122.92308399983119, 40.30764799997986], [-122.92298400027205, 40.30755499969876], [-122.92292599964745, 40.307444999996505], [-122.922868999746, 40.307367999961365], [-122.9228260000883, 40.307285999711745], [-122.92275400011827, 40.307098999914665], [-122.92267499957724, 40.30694000018546], [-122.92262500024687, 40.306863000259675], [-122.92253900003313, 40.306770000267825], [-122.92246000039042, 40.30671499979988], [-122.92235300026027, 40.30667599997654], [-122.92225899965064, 40.30662100011711], [-122.92214499984783, 40.306615999940824], [-122.92198699966409, 40.30663199995553], [-122.92172899992123, 40.30670900014471], [-122.9216140002935, 40.30682500000593], [-122.92156300023987, 40.30692300007598], [-122.92154200032347, 40.30698900015483], [-122.92147700002616, 40.30713700001425], [-122.92142000012473, 40.307235999794734], [-122.92137699956872, 40.307285999711745], [-122.92135499982743, 40.30729700012697], [-122.92132700023834, 40.30734599983736], [-122.92130499959869, 40.30737400024305], [-122.92121199971227, 40.30737899967818], [-122.92109700008454, 40.30737400024305], [-122.92098199955852, 40.30733500011516], [-122.92087500032669, 40.307285999711745], [-122.92083199977068, 40.30724200008815], [-122.92061599986062, 40.307050000025086], [-122.9205449997155, 40.306973000224694], [-122.92045900040009, 40.30689600033647], [-122.92041599984408, 40.30683000016675], [-122.92034399987405, 40.306769000097816], [-122.92029399964534, 40.30673599995892], [-122.92019300026132, 40.30668100014834], [-122.9201649997739, 40.30665400031215], [-122.92008600013119, 40.306610000276855], [-122.9198199999924, 40.30655000018251], [-122.91967699987728, 40.30653299997482], [-122.91953299993725, 40.306539000330694], [-122.91937599957839, 40.30656100003254], [-122.91921099972197, 40.30657700006027], [-122.91908900042154, 40.306610000276855], [-122.91895200015418, 40.306637000130635], [-122.91879499979535, 40.30669199997704], [-122.91865099985529, 40.306725000137384], [-122.91847199975514, 40.306758000281654], [-122.9182130001874, 40.30684600013077], [-122.91812000030096, 40.306905999962176], [-122.91805500000365, 40.306972000057634], [-122.91799100042954, 40.30706000031304], [-122.91793299980492, 40.30715900020638], [-122.91790500021581, 40.307251999662626], [-122.91789000014721, 40.30744399983649], [-122.9178759999035, 40.30752700005309], [-122.91789000014721, 40.307641999722506], [-122.91791899956121, 40.30774100013284], [-122.91797600036092, 40.307894999949944], [-122.91805500000365, 40.30799900006379], [-122.91809799966136, 40.308109000233834], [-122.91815600028599, 40.30821900022473], [-122.91819899994368, 40.3083509998403], [-122.9182130001874, 40.30841099970488], [-122.91816299995868, 40.308543000315304], [-122.91810500023236, 40.30860900018124], [-122.91804099975994, 40.30866899981658], [-122.91796200011721, 40.30870799985922], [-122.91786800040589, 40.308745999738626], [-122.91776100027576, 40.30880099992275], [-122.91765300032074, 40.30883399973773], [-122.91732299970954, 40.308960000066214], [-122.91702200030899, 40.30903700034155], [-122.91691400035396, 40.309053999918994], [-122.91684200038392, 40.30908600015964], [-122.91675600017018, 40.30910799971693], [-122.91668500002507, 40.30913600007721], [-122.91657700007006, 40.30920700003356], [-122.91654799975771, 40.30923499966776], [-122.91652000016863, 40.30927299993567], [-122.91651199977271, 40.30929500011704], [-122.91649800042734, 40.30931200031454], [-122.91651199977271, 40.309360999933176], [-122.91673500025381, 40.30964099990971], [-122.91684200038392, 40.309795000189744], [-122.9168490000566, 40.309894000184364], [-122.91683499981289, 40.31013500012506], [-122.91679899982789, 40.31024500024135], [-122.91678499958418, 40.310310999814135], [-122.91674899959918, 40.3103770000074], [-122.91666999995647, 40.31043200023337], [-122.91659100031374, 40.3104699998278], [-122.91644800019863, 40.31052000009076], [-122.91608900017344, 40.31067900029739], [-122.91575899956224, 40.31088200015069], [-122.9156220001932, 40.31099700027261], [-122.91538500036674, 40.311106999669924], [-122.9152709996656, 40.31113999972815], [-122.91517699995427, 40.31117299977029], [-122.91506300015145, 40.31117899971395], [-122.9149769999377, 40.31117899971395], [-122.91488300022638, 40.31116799993099], [-122.91484700024138, 40.31113499988645], [-122.91481200008127, 40.31107400028054], [-122.91477600009627, 40.31102499984972], [-122.91471099979896, 40.31090899966672], [-122.91464700022485, 40.31081099990019], [-122.91456799968381, 40.310728000294226], [-122.91448900004109, 40.31062400027257], [-122.91427399995595, 40.31046399982115], [-122.9141590003282, 40.31039299981624], [-122.91403700012948, 40.3103330003424], [-122.91390099968703, 40.31027800003581], [-122.9138069999757, 40.31026100008142], [-122.91368599960188, 40.310228000278656], [-122.91355599990555, 40.31020599971618], [-122.9134060001177, 40.310211999745746], [-122.91329099959167, 40.31025000014899], [-122.91319000020765, 40.310315999716835], [-122.91311900006255, 40.31038199990526], [-122.91294699963508, 40.31048600029958], [-122.91288200023608, 40.310540999751765], [-122.91279600002234, 40.310578999969835], [-122.91275300036465, 40.31064499990124], [-122.91258000011227, 40.31087100031935], [-122.91258799960988, 40.31093599985703], [-122.9126310001659, 40.31102399974272], [-122.9127089999837, 40.31122200009373], [-122.91273099972499, 40.31138100001759], [-122.91269499974001, 40.31150799980419], [-122.9126379998386, 40.31158999972289], [-122.91258000011227, 40.31163899974376], [-122.91250099957126, 40.31168899982625], [-122.9123790002708, 40.31171599970466], [-122.91221400041438, 40.31173799977523], [-122.91208499964463, 40.31174900015036], [-122.91181299965808, 40.31171599970466], [-122.91171200027405, 40.3116829999279], [-122.91159699974801, 40.311628000035725], [-122.91153999984661, 40.31158999972289], [-122.91138900023387, 40.31151800011705], [-122.91126700003515, 40.31147999974232], [-122.91113099959269, 40.3114739998254], [-122.91105899962265, 40.31150699970429], [-122.91105199994998, 40.31152899984294], [-122.91104500027727, 40.31158399981575], [-122.91105199994998, 40.31166099983942], [-122.91110200017869, 40.31177100021018], [-122.9111520004074, 40.31186400016594], [-122.91121699980643, 40.311958000086804], [-122.91130999969283, 40.31222100011026], [-122.91137499999016, 40.312467999796134], [-122.91143899956427, 40.312650000068096], [-122.91144600013527, 40.31274899998748], [-122.91148899979295, 40.31287499986181], [-122.91150300003666, 40.31297899984193], [-122.91153200034898, 40.31305099994507], [-122.91153900002169, 40.31313300004519], [-122.91153200034898, 40.31324799975887], [-122.91150300003666, 40.313309000141025], [-122.91142400039395, 40.31334700017157], [-122.91131700026384, 40.31338600025277], [-122.9112379997228, 40.31338600025277], [-122.91115900008009, 40.313358000284545], [-122.91110200017869, 40.31332499994017], [-122.91097300030724, 40.313176999940914], [-122.91084299971259, 40.31299599979709], [-122.9107289999098, 40.31289700023981], [-122.91060699971105, 40.31278099984735], [-122.91052100039565, 40.312747999906], [-122.91031999965587, 40.31268199997488], [-122.91013999973083, 40.31264899998516], [-122.90999699961569, 40.312627000211364], [-122.90969600021513, 40.312627000211364], [-122.90953100035868, 40.31267700024735], [-122.90945900038868, 40.312736999693655], [-122.90940199958894, 40.3127979998524], [-122.90935100043362, 40.312934999817195], [-122.90928699996121, 40.31303899970491], [-122.9092579996489, 40.31313300004519], [-122.90921499999118, 40.31323700031292], [-122.90917200033347, 40.31331900018718], [-122.90909299979243, 40.31343500034042], [-122.90905000013473, 40.31348900006035], [-122.90897800016472, 40.313543999806804], [-122.90889899962369, 40.31364299978555], [-122.90884900029329, 40.313687000033966], [-122.90873399976725, 40.31382999995825], [-122.90867600004091, 40.31390099977463], [-122.90866199979722, 40.3139620002519], [-122.9085329999258, 40.3142140000337], [-122.90846799962844, 40.31443900009611], [-122.90846799962844, 40.31486799966283], [-122.90848199987215, 40.31507600017372], [-122.90853200010088, 40.315169999733385], [-122.90856800008589, 40.3152580002664], [-122.90862599981222, 40.3153459999998], [-122.90866099997233, 40.31543400030345], [-122.90871899969862, 40.31551600024969], [-122.90876200025465, 40.31562000027213], [-122.90880499991236, 40.315703000030226], [-122.90880499991236, 40.315806999764696], [-122.90879800023966, 40.3159000003268], [-122.90876899992733, 40.315994000109264], [-122.90873299994233, 40.316048999870276], [-122.90870399963002, 40.3161260002824], [-122.90859700039822, 40.31620800007326], [-122.90843199964344, 40.316267999806996], [-122.90815899983197, 40.31629599993846], [-122.90801499989193, 40.31633399965798], [-122.90788600002051, 40.31635100013843], [-122.90772100016405, 40.31638899982705], [-122.90759200029262, 40.31643300034095], [-122.90725500000875, 40.316537000320935], [-122.90711100006868, 40.31659799978685], [-122.90705400016729, 40.31662999987759], [-122.90699600044097, 40.316696000059686], [-122.90695999955764, 40.316768000309374], [-122.90693899964123, 40.316850000005466], [-122.90693899964123, 40.31693200028694], [-122.90695999955764, 40.31700899969212], [-122.90699600044097, 40.317102999985515], [-122.90705400016729, 40.31721799978762], [-122.907068000411, 40.31730000030712], [-122.907096999825, 40.31738300005493], [-122.9071610002974, 40.31749300000918], [-122.9071539997264, 40.317607999831935], [-122.9071539997264, 40.3177120000569], [-122.90711100006868, 40.317766999788404], [-122.90692399957264, 40.31785000033203], [-122.90679499970119, 40.317893999893904], [-122.90650099997333, 40.31790999997657], [-122.90622800016186, 40.31788199982947], [-122.90609199971941, 40.317833000228994], [-122.9059560001753, 40.31779399997645], [-122.90579799999153, 40.317717000096636], [-122.90563999980782, 40.31764600018298], [-122.90538200006493, 40.317498000065086], [-122.90528900017853, 40.31742099984771], [-122.90520999963746, 40.31736599983436], [-122.90508800033706, 40.31720700030343], [-122.90500200012335, 40.31700899969212], [-122.90492299958231, 40.316772999734], [-122.90478000036549, 40.31645899966601], [-122.90476500029689, 40.31637200004107], [-122.90470800039549, 40.31622299984043], [-122.90470099982446, 40.31615199972568], [-122.90467900008316, 40.316075000028164], [-122.90463600042546, 40.31602000028828], [-122.90460000044042, 40.31596000033417], [-122.90449999998302, 40.31585500011498], [-122.90442800001298, 40.31581099990934], [-122.90435699986789, 40.31581099990934], [-122.90433900032454, 40.31582300034186], [-122.90431400021016, 40.315827999836515], [-122.90418399961553, 40.315882999732786], [-122.90401899975906, 40.315920999684735], [-122.90391900019995, 40.31595900030025], [-122.90381100024491, 40.31602000028828], [-122.90361700007614, 40.31617399972101], [-122.90351699961874, 40.3162830002458], [-122.90343100030334, 40.316399000102], [-122.90338799974731, 40.31648100024627], [-122.90329400003596, 40.31660199988463], [-122.90325100037828, 40.31670600028922], [-122.90320100014956, 40.31680000031954], [-122.90317199983724, 40.31690899983378], [-122.90312900017953, 40.3170249999845], [-122.90309300019453, 40.31715700019693], [-122.90306399988224, 40.31733800014656], [-122.90303600029313, 40.317459000304], [-122.9030279998972, 40.317545999898215], [-122.90302100022453, 40.31783200022281], [-122.90303499956988, 40.318056999873406], [-122.90303499956988, 40.31828200014408], [-122.90300600015588, 40.31836500005462], [-122.9029919999122, 40.31845799983317], [-122.90293500001077, 40.318557000141574], [-122.90284100029946, 40.3186500003406], [-122.90275500008573, 40.31872699984132], [-122.90264700013068, 40.31880399993916], [-122.90254699967328, 40.31886400010574], [-122.90239600006053, 40.318936000098255], [-122.90220199989174, 40.31901299995774], [-122.90201600011892, 40.31907299993859], [-122.90180100003377, 40.31916100017935], [-122.90168600040606, 40.31921600010036], [-122.90160000019232, 40.3192759999008], [-122.9015419995677, 40.319336000332854], [-122.9015130001537, 40.31941299973616], [-122.9015130001537, 40.31947899993754], [-122.90152099965128, 40.31956700033404], [-122.9016210001087, 40.319836000033156], [-122.90167100033744, 40.319913000236006], [-122.90177099989654, 40.32003399988816], [-122.90183600019388, 40.32008899978287], [-122.90200100005032, 40.32025899973462], [-122.90214400016545, 40.3206109999901], [-122.90222299980817, 40.320731999761094], [-122.90235199967961, 40.32096800026402], [-122.90241000030424, 40.3211000003016], [-122.90248800012203, 40.32120999967917], [-122.90254599984836, 40.3213080001069], [-122.90258900040436, 40.321390999721864], [-122.90263899973478, 40.32158300010712], [-122.90262399966615, 40.32164299985866], [-122.90259600007707, 40.32172599974667], [-122.90252400010704, 40.321802999848636], [-122.90245899980971, 40.32185199999233], [-122.90226600036418, 40.32186799982187], [-122.90204299988311, 40.32187899991652], [-122.90188499969936, 40.32187899991652], [-122.90171300017022, 40.32185699972542], [-122.90162699995649, 40.32182999979245], [-122.90154099974278, 40.32180800027031], [-122.90145500042735, 40.32176900025919], [-122.9012539996876, 40.32172000005529], [-122.90117500004486, 40.32172000005529], [-122.90107499958745, 40.32173100017405], [-122.90098099987611, 40.32177999968507], [-122.90080199977596, 40.32191799986403], [-122.90068700014824, 40.32202200029887], [-122.90061500017822, 40.32209299972008], [-122.9005649999495, 40.32216499969347], [-122.90051399989589, 40.32227999977711], [-122.9004999996522, 40.322367999947], [-122.90053599963719, 40.32244500000158], [-122.90062900042193, 40.32247199968859], [-122.90069399982096, 40.3224999999868], [-122.90077300036197, 40.32251099997846], [-122.90098099987611, 40.32255499992716], [-122.90106000041715, 40.322593000233375], [-122.90117400021997, 40.322676000323185], [-122.9012250002736, 40.322724999833234], [-122.9012610002586, 40.32276900032734], [-122.90129600041871, 40.32284000033265], [-122.90129600041871, 40.32290599992335], [-122.901274999604, 40.322983000049135], [-122.90126000043368, 40.32306599965943], [-122.90122400044868, 40.323141999675165], [-122.90113800023497, 40.323219000216646], [-122.90105899969393, 40.32330699984742], [-122.90085100017978, 40.32347699991431], [-122.90067899975233, 40.323635999746585], [-122.90052099956857, 40.323834000099616], [-122.90042799968218, 40.32391600011724], [-122.90035599971215, 40.323966000012284], [-122.90011899988568, 40.324047999869556], [-122.90006899965697, 40.32409200018626], [-122.89999000001424, 40.324151999762435], [-122.89991100037153, 40.324257000090995], [-122.89983900040153, 40.32431700020544], [-122.89975300018779, 40.32437800017579], [-122.89958099976035, 40.32448699978343], [-122.89948000037631, 40.32451499993069], [-122.89940800040628, 40.32452600027889], [-122.89935800017757, 40.32450899980224], [-122.89932899986525, 40.32448699978343], [-122.89929399970515, 40.32443200004741], [-122.89923599997886, 40.324382999721806], [-122.89912899984871, 40.324305999823174], [-122.89902099989371, 40.32425600017997], [-122.89879900013584, 40.324206999726655], [-122.89855499973835, 40.32418999985455], [-122.89843300043795, 40.32419600001135], [-122.89833899982831, 40.324206999726655], [-122.89826000018557, 40.32422899983673], [-122.89803800042773, 40.324343999828606], [-122.8980020004427, 40.32438199981264], [-122.89797300013042, 40.32445400008414], [-122.8979799998031, 40.32450899980224], [-122.8980020004427, 40.32456400016042], [-122.8980519997731, 40.32465200009241], [-122.89805900034413, 40.32469600001536], [-122.89797300013042, 40.32483299980978], [-122.8979510003891, 40.324931999673076], [-122.8979150004041, 40.32503600025857], [-122.89792999957439, 40.3250959996806], [-122.89795800006178, 40.32514600007131], [-122.89797300013042, 40.325239000096914], [-122.89795800006178, 40.32532199967278], [-122.89789399958939, 40.32544200000958], [-122.89782199961935, 40.32553000016664], [-122.89771399966432, 40.325601999898545], [-122.89741999993646, 40.32575500018665], [-122.89715399979767, 40.32590900001456], [-122.89707500015496, 40.32596399991682], [-122.89702499992624, 40.32602999987742], [-122.89699599961389, 40.32616200028983], [-122.89699599961389, 40.3263590002021], [-122.89698200026852, 40.32646899991337], [-122.89692399964389, 40.32655700010122], [-122.89679499977247, 40.326815000052875], [-122.89670199988606, 40.326969000201736], [-122.896593999931, 40.32708400031941], [-122.89647199973228, 40.32717699972937], [-122.89636399977722, 40.32729300004355], [-122.89621999983721, 40.32740800029404], [-122.8961560002631, 40.32746799966212], [-122.89610600003438, 40.3275340002066], [-122.89604099973704, 40.32760599985536], [-122.89596899976704, 40.32769899991572], [-122.89580399991057, 40.32785300010211], [-122.89562499981045, 40.32791299975945], [-122.89551699985539, 40.327973000048246], [-122.8954590001291, 40.3280390000989], [-122.89540899990038, 40.32811599984811], [-122.895387999984, 40.32813800005386], [-122.89527300035627, 40.328456999833996], [-122.89522300012756, 40.328517000324034], [-122.89518600031761, 40.32873100031347], [-122.8951429997616, 40.328835999682525], [-122.89509300043117, 40.32891799978709], [-122.89501399989017, 40.32911599971237], [-122.89494899959283, 40.329176000301395], [-122.89477700006371, 40.329291000082804], [-122.89466900010868, 40.32935199966701], [-122.89458999956764, 40.32940599966826], [-122.89451099992493, 40.3294829999124], [-122.89446099969621, 40.329548999856115], [-122.89441100036579, 40.32963200029546], [-122.89435299974117, 40.32981299967019], [-122.89435299974117, 40.32986799981532], [-122.89433199982479, 40.329961000182955], [-122.89419499955743, 40.330098000248], [-122.8939800003706, 40.33028000024924], [-122.89382200018684, 40.33046099994051], [-122.8937209999045, 40.330679999693615], [-122.89367800024678, 40.3308449999294], [-122.89359200003307, 40.33095499986244], [-122.89338399962061, 40.33110900015226], [-122.89305300008282, 40.33129500007828], [-122.89275900035496, 40.3314710000811], [-122.8925869999275, 40.33155899991041], [-122.89250099971377, 40.3315860000607], [-122.892242000146, 40.3317009998443], [-122.89213500001588, 40.331783999691446], [-122.89208399996225, 40.331850000124035], [-122.89204799997725, 40.33193199999061], [-122.89203399973354, 40.33203600006211], [-122.89203399973354, 40.33211900018205], [-122.89200500031953, 40.33223399974216], [-122.89196199976351, 40.33233800003311], [-122.89184700013578, 40.33251400005496], [-122.89176099992204, 40.33261799991438], [-122.89158900039293, 40.33274999976854], [-122.89150999985189, 40.33282700030604], [-122.89142299981326, 40.33292000001991], [-122.89135099984325, 40.3330189996629], [-122.8912649996295, 40.333101000163296], [-122.89117900031411, 40.33321699988264], [-122.89108600042768, 40.33331599977464], [-122.8908129997179, 40.33353499984982], [-122.89068399984646, 40.33364999973604], [-122.89052599966271, 40.333732999925104], [-122.89022400043724, 40.3339469998097], [-122.89010200023853, 40.334017999698276], [-122.89000199978108, 40.33409500015848], [-122.88986500041206, 40.33417199984607], [-122.889749999886, 40.334243000182646], [-122.88967799991597, 40.33431999970137], [-122.88960000009814, 40.33438599970802], [-122.88949899981583, 40.33443000013309], [-122.88942699984582, 40.33446799991684], [-122.88920500008795, 40.33452299969207], [-122.88913999979064, 40.33454499986355], [-122.8889749999342, 40.33455599994657], [-122.88881699975046, 40.33458300026727], [-122.8886729998104, 40.334593999659376], [-122.88837900008254, 40.3346650002367], [-122.88819999998239, 40.3347309999059], [-122.88804900036963, 40.33479700019532], [-122.88796300015592, 40.334884999796], [-122.88784099995718, 40.33498399997995], [-122.88776899998717, 40.33508800014129], [-122.88771100026085, 40.33523099993015], [-122.88768299977343, 40.33535700030227], [-122.88764699978843, 40.33548900027668], [-122.88763900029082, 40.33564299980632], [-122.88748100010707, 40.335982999684305], [-122.88742400020567, 40.3360709997925], [-122.88735200023564, 40.33621400023718], [-122.88730899967962, 40.33631799987221], [-122.8872369997096, 40.33655399997687], [-122.88716499973957, 40.33668599966391], [-122.88706400035556, 40.33690600016612], [-122.88698499981453, 40.336993000032955], [-122.88693499958582, 40.33707600021849], [-122.88685599994311, 40.337152999928065], [-122.88680599971437, 40.33722399986699], [-122.88671899967572, 40.33730100009243], [-122.88637499971915, 40.33755900005609], [-122.88626000009143, 40.337630000252474], [-122.886087999664, 40.33776199988868], [-122.88595100029494, 40.337832999871495], [-122.88582900009621, 40.33788800032759], [-122.88567799958516, 40.33794899967299], [-122.88552000029972, 40.33803600024914], [-122.8853770001846, 40.338097000145474], [-122.88524699958994, 40.33816799977578], [-122.88494600018936, 40.3383659999509], [-122.88476600026429, 40.33849699981656], [-122.88465099973828, 40.33856299984589], [-122.88453699993546, 40.338655999871065], [-122.88434299976669, 40.33877200031175], [-122.88419899982665, 40.33887100027042], [-122.88402700029754, 40.33894700029227], [-122.88386900011376, 40.339057000028156], [-122.88371099993, 40.339145000235476], [-122.88340200013351, 40.33936399987967], [-122.88327300026211, 40.339474000305124], [-122.88302800003972, 40.33973800032046], [-122.88288499992458, 40.3399899997449], [-122.88279100021326, 40.34009500008318], [-122.88273400031186, 40.340188000050695], [-122.88271900024323, 40.34026500031694], [-122.88273400031186, 40.340468000224284], [-122.88273400031186, 40.340626999741936], [-122.88283399987094, 40.340704000191906], [-122.88292000008468, 40.34080900010359], [-122.88302700021482, 40.34100599971222], [-122.88306999987252, 40.34112200022064], [-122.88323499972894, 40.34130300027309], [-122.88327800028497, 40.34139599994479], [-122.88336399960038, 40.341479000191356], [-122.88344300014141, 40.3415339997293], [-122.88355100009645, 40.341582999927205], [-122.88367999996787, 40.34163299974316], [-122.88388099980934, 40.34169300015806], [-122.88398899976437, 40.341721000013905], [-122.88404599966577, 40.34175899979969], [-122.88410299956719, 40.34181999975333], [-122.88411099996311, 40.34189100025853], [-122.88413199987949, 40.34199500004394], [-122.88410299956719, 40.34205599978424], [-122.88400300000805, 40.342225999869385], [-122.88386599974073, 40.34231900032266], [-122.88372299962556, 40.342396000210755], [-122.88362200024156, 40.34246199984931], [-122.88339899976049, 40.34258300016], [-122.8830909997889, 40.342659999746765], [-122.88294000017616, 40.34269199980702], [-122.88289699962016, 40.342697999688255], [-122.88281799997745, 40.342697999688255], [-122.8827390003347, 40.342702999931234], [-122.88258799982366, 40.34261500025679], [-122.88245899995223, 40.34256600012378], [-122.8823660000658, 40.34251100005785], [-122.88217899956976, 40.342383999709334], [-122.8819569998119, 40.34226400005535], [-122.88144799999887, 40.34204900019845], [-122.88123999958641, 40.34197199991427], [-122.88102399967634, 40.34190599979638], [-122.88088099956123, 40.34186800009341], [-122.88069399996347, 40.34184000029858], [-122.88052900010702, 40.34184000029858], [-122.88037799959598, 40.34188900027427], [-122.88022699998322, 40.34197199991427], [-122.88015599983811, 40.342037000320005], [-122.88009800011181, 40.34215800002366], [-122.88001199989807, 40.342279000194914], [-122.87998299958576, 40.342377999800185], [-122.87998299958576, 40.34250399983462], [-122.88003299981447, 40.342778999744425], [-122.88012599970091, 40.343042999835596], [-122.88024100022693, 40.34319600029472], [-122.88035599985466, 40.34333900001632], [-122.8804849997261, 40.34344399993488], [-122.88066399982623, 40.34368499993192], [-122.88072900012355, 40.34378999999664], [-122.88075699971266, 40.343882999663116], [-122.88073599979626, 40.343975999886055], [-122.88059199985622, 40.3441850000149], [-122.88044799991616, 40.34426699995415], [-122.88011099963227, 40.344431999830306], [-122.87996699969223, 40.34451400015393], [-122.8798229997522, 40.3446079998011], [-122.87956500000931, 40.34489300019593], [-122.8794570000543, 40.344919999803324], [-122.87934200042659, 40.34493699993099], [-122.87916300032641, 40.344919999803324], [-122.87906899971678, 40.34488699982526], [-122.87887600027126, 40.34474999966064], [-122.87861799963008, 40.34462300010413], [-122.87848100026105, 40.34458499987767], [-122.8783590000623, 40.344600999795475], [-122.87825899960487, 40.344651000113195], [-122.87817999996216, 40.344733000170585], [-122.87811499966482, 40.34484800014158], [-122.87809299992352, 40.3449360003263], [-122.87809999959623, 40.34505200023885], [-122.87812200023583, 40.34515000028098], [-122.87816499989353, 40.345233000016684], [-122.87818599980994, 40.345347999819914], [-122.87825100010727, 40.34545800007335], [-122.87832899992506, 40.345649999774665], [-122.87837199958278, 40.34588699969001], [-122.87835099966638, 40.34613900010789], [-122.87832899992506, 40.346281999752385], [-122.87829299994006, 40.346396999821074], [-122.87825000028235, 40.34650699973312], [-122.87809899977131, 40.34672100018073], [-122.87799099981628, 40.34679799983659], [-122.87789100025716, 40.34682500005076], [-122.87784799970113, 40.346820000113325], [-122.8777759997311, 40.34679799983659], [-122.87766100010339, 40.34673200033257], [-122.87755300014837, 40.34668200018817], [-122.87738099972091, 40.346583000053016], [-122.87729500040548, 40.34656099969897], [-122.87721599986446, 40.346527999839076], [-122.87710799990944, 40.34652299987964], [-122.8770219996957, 40.34651199969375], [-122.87690799989288, 40.34651199969375], [-122.87669899965552, 40.34652299987964], [-122.8765489998677, 40.34656699992073], [-122.87649799981409, 40.34661099993307], [-122.87647000022498, 40.34664899970282], [-122.87641900017134, 40.34668700013577], [-122.87639800025495, 40.346742000220104], [-122.87639800025495, 40.34679200032002], [-122.87638300018634, 40.34684700031869], [-122.87639700043005, 40.347039000174064], [-122.87638999985903, 40.34714300023842], [-122.87623199967528, 40.34733499993585], [-122.87612700009329, 40.347444999687404], [-122.87591899968083, 40.34766500002156], [-122.87578300013672, 40.34778599989946], [-122.87570399959566, 40.34784099977221], [-122.87557499972425, 40.34788500032275], [-122.87544599985283, 40.347862999708745], [-122.87529500024007, 40.347862999708745], [-122.87509400039865, 40.34786899981468], [-122.87502900010129, 40.34787399967435], [-122.8742829995635, 40.34802799968873], [-122.87408900029307, 40.348056000338204], [-122.87378799999418, 40.34806199974233], [-122.87355799984043, 40.34809500022092], [-122.87336399967165, 40.34811700007461], [-122.87323499980022, 40.34814399976077], [-122.87309099986018, 40.348194000190645], [-122.87299799997375, 40.348265000148615], [-122.87293400039964, 40.3483639998688], [-122.87283999979, 40.348452000258774], [-122.87278999956129, 40.34853999984935], [-122.87274000023089, 40.3486499996895], [-122.87276899964489, 40.34884799990818], [-122.87274000023089, 40.34890200005368], [-122.87269000000218, 40.34892400032876], [-122.87256100013074, 40.34895699970096], [-122.87245300017571, 40.348980000187446], [-122.87227400007556, 40.34896899971765], [-122.87177799978303, 40.34882099981926], [-122.87164899991157, 40.348755000240914], [-122.87152000004016, 40.34866700024628], [-122.87141899975782, 40.348589999985656], [-122.87124700022868, 40.348360000284], [-122.87113199970264, 40.3481839998338], [-122.8709879997626, 40.34804100011398], [-122.87085899989117, 40.34789300023308], [-122.87053599985099, 40.34769000007639], [-122.87034900025321, 40.34758600017087], [-122.87029099962858, 40.34752000006863], [-122.87021199998587, 40.34740999975475], [-122.86994699967202, 40.34718999995809], [-122.86986800002931, 40.34714099972518], [-122.86976699974694, 40.34714099972518], [-122.86968100043157, 40.34716299989009], [-122.86957299957818, 40.34720100003345], [-122.86940799972176, 40.34725099979312], [-122.86922899962161, 40.34728399998392], [-122.86902100010747, 40.34735000031709], [-122.86882000026603, 40.347360999681655], [-122.86857599986854, 40.347360999681655], [-122.86835999995847, 40.34735000031709], [-122.86809499964461, 40.34732300031309], [-122.86789399980314, 40.3472740001768], [-122.86767799989308, 40.3472349998193], [-122.86749899979296, 40.34724599988732], [-122.86726899963918, 40.347269000272654], [-122.86708299986633, 40.34730199977], [-122.86688200002489, 40.34734599998752], [-122.86672399984114, 40.347412000260015], [-122.86655899998468, 40.34748899981163], [-122.86643699978596, 40.347554999944144], [-122.8662719999295, 40.34771399987378], [-122.86612799998946, 40.34779600031536], [-122.86599900011804, 40.34787900021828], [-122.86580499994928, 40.347901000142414], [-122.8656590003594, 40.347907999805585], [-122.86558999986413, 40.34791200010177], [-122.86538200034998, 40.3479559999214], [-122.8651949998539, 40.347977999820415], [-122.86495100035476, 40.34794499996917], [-122.8647289996986, 40.347901000142414], [-122.86457800008587, 40.34782999980128], [-122.86453999955272, 40.34779999993356], [-122.86442699957479, 40.34770900000226], [-122.86431199994706, 40.347610000005275], [-122.86422599973335, 40.347501000089466], [-122.86409699986191, 40.347358000290846], [-122.86396700016559, 40.34717099988601], [-122.86384499996684, 40.347039000174064], [-122.86380200030914, 40.34693100027986], [-122.86377999966953, 40.34687500008915], [-122.8636869997831, 40.34672100018073], [-122.86332100008521, 40.346352999669136], [-122.86322700037388, 40.346210000175134], [-122.86321300013017, 40.346101000050815], [-122.86321300013017, 40.34580400007444], [-122.86319800006154, 40.345671999741235], [-122.86315500040385, 40.345495999808016], [-122.86309000010652, 40.34535400014958], [-122.86291000018146, 40.345085000136194], [-122.86277399973903, 40.34495799984107], [-122.86262999979897, 40.344870999975285], [-122.86232900039839, 40.34475499975151], [-122.8621810002604, 40.34472299998521], [-122.86212799965867, 40.3447120001904], [-122.86199899978722, 40.34470099970917], [-122.86183399993078, 40.344679000110574], [-122.86162499969339, 40.34473399977822], [-122.86151400026363, 40.34475200024476], [-122.86139600026286, 40.34477199992075], [-122.86126700039142, 40.34481599973471], [-122.8608070000839, 40.3449319998536], [-122.86062799998375, 40.344992000072885], [-122.86048400004371, 40.34504700017], [-122.86014699975982, 40.34509099980459], [-122.85994599991835, 40.345080000069785], [-122.8596949998482, 40.34505900019767], [-122.85948700033406, 40.34503700003117], [-122.85927800009668, 40.345009000182394], [-122.85903399969921, 40.34496499980964], [-122.85882600018506, 40.34490000017126], [-122.8585609998712, 40.34483400017937], [-122.85823000033339, 40.344768000122954], [-122.85800100000455, 40.34472999997817], [-122.85771399994935, 40.344675000307255], [-122.85748399979559, 40.344619999906875], [-122.8571390000141, 40.34459699998754], [-122.85684899958586, 40.3445749996704], [-122.85675200039981, 40.344565000146275], [-122.85667100020893, 40.344563000241294], [-122.85653599959142, 40.34456000004132], [-122.85632800007727, 40.34460399999357], [-122.85611999966481, 40.34460399999357], [-122.85599099979338, 40.344581999678724], [-122.8557249996546, 40.34447200005071], [-122.85557400004186, 40.34438999967603], [-122.85541699968303, 40.34425299987136], [-122.8552869999867, 40.34410499989469], [-122.85517900003164, 40.343966999892146], [-122.85510799988656, 40.34382999991305], [-122.8550209998479, 40.34370400030132], [-122.85481300033376, 40.34342399986519], [-122.854683999564, 40.34329199966725], [-122.85438200033853, 40.343050000002904], [-122.8542529995688, 40.34299599996498], [-122.85409500028335, 40.3429020001255], [-122.85396600041194, 40.34283600023279], [-122.85380099965717, 40.34284700033352], [-122.85367099996081, 40.342891000033795], [-122.85351399960199, 40.34296799995364], [-122.85340599964695, 40.34306699991715], [-122.85331299976055, 40.34318799982735], [-122.85321200037652, 40.343309000205196], [-122.8531119999191, 40.34341899967565], [-122.85296100030637, 40.34346799987376], [-122.85275299989391, 40.34349599967755], [-122.85261700034977, 40.343551000309716], [-122.85233699996728, 40.343655000274666], [-122.85220800009584, 40.34367700020722], [-122.85179899984195, 40.34373200000718], [-122.85158299993188, 40.34375399991461], [-122.85135399960302, 40.34374899974955], [-122.85116700000526, 40.34375399991461], [-122.85093699985151, 40.34374899974955], [-122.85071500009366, 40.34374899974955], [-122.85042800003848, 40.34372699984047], [-122.85024100044072, 40.34370499992427], [-122.85000399971594, 40.343683000000844], [-122.84980299987448, 40.343710999715405], [-122.84955900037534, 40.343728000147706], [-122.84935799963556, 40.34375000005645], [-122.84917900043372, 40.343799000014116], [-122.84899899961037, 40.343842999778076], [-122.8487979997689, 40.34389800012737], [-122.84858299968376, 40.34398600018213], [-122.84839699991093, 40.34408500002093], [-122.84816699975715, 40.34418899984727], [-122.84791599968698, 40.34428800007284], [-122.84772900008925, 40.34434300005928], [-122.84754300031639, 40.344419999691084], [-122.84733400007904, 40.34444799978435], [-122.84674599972497, 40.34455199973571], [-122.84636599978336, 40.34464000030664], [-122.84613599962958, 40.34468400020671], [-122.84590600037414, 40.344745000254065], [-122.84540400023381, 40.3448989998814], [-122.84523900037736, 40.34496499980964], [-122.84498800030721, 40.345030999673305], [-122.84465699987108, 40.34516799995188], [-122.84453499967233, 40.34524500001127], [-122.84439199955722, 40.34529999990205], [-122.84422699970078, 40.345344000056265], [-122.84403300043034, 40.345442999955964], [-122.8438679996756, 40.345475999662064], [-122.84368899957543, 40.34546499999005], [-122.8434729996654, 40.34546499999005], [-122.84324400023482, 40.345432000278606], [-122.84276300001089, 40.34525099966543], [-122.84263300031454, 40.345195999734656], [-122.84249699987211, 40.345174000297554], [-122.84231799977196, 40.345174000297554], [-122.84213799984693, 40.34520700013521], [-122.84197299999046, 40.345217999849304], [-122.84177899982171, 40.34527299976209], [-122.84150600001024, 40.34537699981075], [-122.84127699968138, 40.34538899977973], [-122.84095399964117, 40.345378000093525], [-122.84059499961599, 40.34542200019686], [-122.84044400000325, 40.34541599987325], [-122.84031500013181, 40.345427000237926], [-122.84017100019177, 40.34542200019686], [-122.83999899976432, 40.34539399982323], [-122.8397910002502, 40.34540500019145], [-122.83959700008143, 40.34540500019145], [-122.83941799998128, 40.3454599999518], [-122.83923800005621, 40.34550400000166], [-122.8391090001848, 40.34559200001521], [-122.83899399965874, 40.34569100023558], [-122.83891500001603, 40.34580599994263], [-122.83885100044195, 40.34591600013383], [-122.8387579996572, 40.346036999726124], [-122.83862899978577, 40.34639399970273], [-122.83856400038674, 40.346504000304265], [-122.83849999991435, 40.346630000162946], [-122.83834900030159, 40.346750999843714], [-122.83798299970539, 40.34710300023266], [-122.83787499975035, 40.34721299967792], [-122.83774599987892, 40.34730100020042], [-122.83761700000751, 40.347442999867766], [-122.83750200037977, 40.34758100028985], [-122.83738699985373, 40.3476800003294], [-122.837272000226, 40.34775100014381], [-122.83714300035459, 40.34787199986747], [-122.83700699991213, 40.34798200011246], [-122.83683500038299, 40.3480920001781], [-122.83667700019926, 40.34824000030697], [-122.8365049997718, 40.34835499977578], [-122.83636800040279, 40.34842699980181], [-122.83621000021901, 40.34848199983649], [-122.83598799956287, 40.34854799968194], [-122.83561500019226, 40.34862499999051], [-122.83531300006848, 40.348702000211226], [-122.83528399975616, 40.34870399999348], [-122.83515499988474, 40.34871199980668], [-122.83505500032561, 40.34871300003999], [-122.8350190003406, 40.34871300003999], [-122.83492599955586, 40.34868499966328], [-122.83486100015683, 40.34861400014744], [-122.83476800027044, 40.34852599996885], [-122.83466699998809, 40.348454000048505], [-122.83458800034538, 40.34833400023866], [-122.83447299981934, 40.348234999789796], [-122.83435099962061, 40.348157999720556], [-122.8342359999929, 40.34815200032497], [-122.83404199982412, 40.3480920001781], [-122.83384900037858, 40.34805399985209], [-122.8336190002248, 40.348031999977806], [-122.83344699979737, 40.34798800020781], [-122.83325299962861, 40.34796600031205], [-122.83310200001587, 40.347954999676865], [-122.83300900012944, 40.34794399972448], [-122.83287299968701, 40.34797700026085], [-122.83272200007427, 40.34803699982539], [-122.83262900018786, 40.3480870003346], [-122.83254200014922, 40.348219000049404], [-122.8324130002778, 40.34831799983711], [-122.83229100007905, 40.34838899966454], [-122.83219099962162, 40.34846000010181], [-122.83201099969658, 40.34852100015751], [-122.83180300018243, 40.348565000264436], [-122.83159499976998, 40.34859799981233], [-122.83127199972976, 40.348796000183654], [-122.8309989999183, 40.349025999767676], [-122.83085599980318, 40.34916399968929], [-122.83069799961943, 40.34926199991856], [-122.83056100025037, 40.34936100022914], [-122.83039600039393, 40.34944900000286], [-122.83002999979773, 40.34962499989049], [-122.82978600029857, 40.349680000317406], [-122.82955699996971, 40.3497239996682], [-122.82916199995951, 40.349834000315724], [-122.82882399985071, 40.34989400028212], [-122.82858000035154, 40.349970999738645], [-122.82829999996908, 40.34998200004501], [-122.82810699962522, 40.34993800017792], [-122.82789800028617, 40.34987200032345], [-122.82778399958501, 40.34984000024631], [-122.82757500024597, 40.34985099988947], [-122.8273600001608, 40.349856000286785], [-122.8269509999069, 40.34984499995987], [-122.82677900037778, 40.349834000315724], [-122.82656299956939, 40.34980100000339], [-122.82633400013884, 40.349757000018215], [-122.82612499990147, 40.3497239996682], [-122.82590999981629, 40.34969699992993], [-122.82570700032504, 40.34965500031564], [-122.82564399967754, 40.34964200020149], [-122.82540699985107, 40.34956499968477], [-122.82507700013818, 40.34948799976471], [-122.82486899972572, 40.349422999692706], [-122.82464699996788, 40.349401000265026], [-122.82450999970054, 40.34941199997973], [-122.82430200018638, 40.34946099993201], [-122.82411499969032, 40.349493999726086], [-122.82397900014618, 40.349559999950465], [-122.82382099996244, 40.349614999745775], [-122.8236490004333, 40.349626000110256], [-122.82345500026456, 40.349658999823596], [-122.82293100038292, 40.349658999823596], [-122.82263699975671, 40.34964200020149], [-122.82235700027256, 40.34964200020149], [-122.82213399979146, 40.349620999695844], [-122.82190500036093, 40.349620999695844], [-122.82171100019217, 40.349630999839675], [-122.8215239996961, 40.34969200020546], [-122.82135200016695, 40.349768999892554], [-122.8211649996709, 40.349834999847815], [-122.82102199955578, 40.349900999738445], [-122.82078499972931, 40.35004300009332], [-122.8203250003201, 40.35029600025466], [-122.82007400024995, 40.35046600011134], [-122.81997499961741, 40.350520999852456], [-122.81983700042348, 40.35059799996225], [-122.8196440000796, 40.3507300002394], [-122.81960800009459, 40.350740999737404], [-122.81947800039828, 40.35080700011061], [-122.81928500005442, 40.35083999993075], [-122.81906900014435, 40.35085100009537], [-122.81888300037151, 40.35085100009537], [-122.81868199963174, 40.350855999733966], [-122.81822200022252, 40.35084500025472], [-122.81799999956635, 40.350855999733966], [-122.8174830002557, 40.350834000089115], [-122.81697299971948, 40.35083999993075], [-122.81677199987801, 40.350845999771785], [-122.81659299977788, 40.35088399989392], [-122.81621200001138, 40.35099400001862], [-122.81603999958392, 40.351071000273016], [-122.81591099971249, 40.351115000085485], [-122.81573800035845, 40.351158999869284], [-122.8155020003569, 40.351207999921435], [-122.81533599977723, 40.35119699981504], [-122.81510700034669, 40.35119699981504], [-122.8148200002915, 40.351207999921435], [-122.81458299956671, 40.35118599970686], [-122.81444500037277, 40.35117999989601], [-122.81430999975524, 40.35117500028143], [-122.81401600002737, 40.35114799975489], [-122.81382199985862, 40.3511199997045], [-122.8134629998334, 40.3511199997045], [-122.81283099999673, 40.35126800003464], [-122.81263000015527, 40.35133399989209], [-122.81237200041244, 40.35140600016083], [-122.81217099967266, 40.35151600011871], [-122.81204199980122, 40.351609000086235], [-122.81182599989116, 40.351817999839774], [-122.81167500027841, 40.35205399980481], [-122.81161800037701, 40.35218599997044], [-122.8115609995773, 40.35229499984501], [-122.81148899960726, 40.352404999722], [-122.81125199978081, 40.35273500033001], [-122.81117300013808, 40.352889000198005], [-122.81106500018305, 40.352986999806454], [-122.81093600031163, 40.35311900019952], [-122.81077800012787, 40.353246000188626], [-122.81046199976038, 40.35348199994821], [-122.81001700041979, 40.353740000324144], [-122.80978700026601, 40.35386100025597], [-122.80956499960983, 40.35397100031671], [-122.8093710003394, 40.35404699975602], [-122.80918399984334, 40.354145999888], [-122.80892600010047, 40.354294999888715], [-122.80865999996169, 40.35442600031107], [-122.80843800020386, 40.35451999983544], [-122.80809300042236, 40.35472299997078], [-122.80797100022362, 40.35481100027791], [-122.8078640000935, 40.354932000341584], [-122.80771299958244, 40.35504099988493], [-122.80759799995472, 40.355172999680065], [-122.807483000327, 40.35527200021253], [-122.80739000044058, 40.35530499990137], [-122.8071889997008, 40.35539300013352], [-122.8064420002364, 40.355673000170356], [-122.80611900019622, 40.355805000097405], [-122.80589599971512, 40.35586000027598], [-122.80557299967494, 40.35588700028501], [-122.80539399957479, 40.35586000027598], [-122.80522200004565, 40.355794000056314], [-122.80509200034933, 40.35575499983391], [-122.80490599967818, 40.35566700007421], [-122.80470499983672, 40.355590000275825], [-122.80453999998026, 40.355502999748815], [-122.80435300038253, 40.35549100021021], [-122.80395800037232, 40.35549100021021], [-122.80378599994486, 40.355502000300774], [-122.80362799976112, 40.3555680001217], [-122.80342699991968, 40.35561799983929], [-122.80322600007821, 40.355673000170356], [-122.80296800033533, 40.355749999874014], [-122.80278800041032, 40.35581500000874], [-122.80255800025654, 40.35594199971208], [-122.80240000007277, 40.35599099971156], [-122.8021919996603, 40.356040999800086], [-122.8020989997739, 40.356001999720554], [-122.80198400014618, 40.35598599976915], [-122.80163199979366, 40.35589800031092], [-122.80147399960991, 40.35584300016333], [-122.8012950004081, 40.35575499983391], [-122.80107899959972, 40.35569400016051], [-122.80089299982689, 40.355627999778356], [-122.80069199998543, 40.355574000226646], [-122.80054800004537, 40.35552999990078], [-122.80021800033249, 40.35549700032206], [-122.79997399993503, 40.355480000117886], [-122.79923499996822, 40.355502000300774], [-122.79904099979946, 40.355502000300774], [-122.79878200023171, 40.355480000117886], [-122.79857399981924, 40.35543599973069], [-122.79836600030508, 40.35542000032953], [-122.7981150002349, 40.3553589996685], [-122.79787800040843, 40.35532100001437], [-122.79761899994236, 40.35528800033336], [-122.79741800010092, 40.35528800033336], [-122.79719600034306, 40.35527700020792], [-122.79693699987698, 40.355308999758805], [-122.79648499996536, 40.355330999997484], [-122.79626999988021, 40.3553589996685], [-122.79605399997014, 40.35533700012353], [-122.79576699991496, 40.35533700012353], [-122.79553699976118, 40.35532600000609], [-122.79529300026203, 40.355330999997484], [-122.79507800017689, 40.355342000114106], [-122.79486300009171, 40.35536999978056], [-122.79466100042535, 40.35543000029797], [-122.79447499975421, 40.35549600018937], [-122.79428099958545, 40.35558400017224], [-122.79385700016124, 40.35579799988479], [-122.79369899997747, 40.35590800020846], [-122.79333999995228, 40.35605600029857], [-122.79311800019445, 40.356133000249365], [-122.79288800004068, 40.356171000130445], [-122.79252200034279, 40.356150999727326], [-122.79248600035777, 40.356149000165836], [-122.79204100011884, 40.35603400029649], [-122.79186200001871, 40.355935000198265], [-122.79168200009364, 40.355869000052], [-122.79153899997853, 40.35579199979973], [-122.79141699977977, 40.35571500014408], [-122.79113700029559, 40.35554999980354], [-122.79094300012684, 40.355483999965], [-122.7907780002704, 40.35546199977629], [-122.79054800011663, 40.355472999871544], [-122.79031799996285, 40.35546799989067], [-122.79021800040374, 40.35550100016811], [-122.79013200019003, 40.35554399969641], [-122.79001699966399, 40.35562100023189], [-122.78998099967899, 40.35562700033217], [-122.78988699996764, 40.35564299968415], [-122.78975800009621, 40.3556320003012], [-122.78964299957018, 40.35558800001318], [-122.78945699979732, 40.35556099988444], [-122.7893200004283, 40.35551100012458], [-122.78885400027296, 40.355434000147994], [-122.78868199984552, 40.35537400031871], [-122.78850199992048, 40.35529700018572], [-122.78834399973674, 40.35526399980845], [-122.78805699968156, 40.35526399980845], [-122.78777700019738, 40.35534599996935], [-122.78766199967134, 40.355384999743755], [-122.7874750000736, 40.355483999965], [-122.78736100027076, 40.35554899967164], [-122.78721700033073, 40.35562100023189], [-122.78708099988827, 40.355653999749926], [-122.78692299970453, 40.35568699993633], [-122.78675700002317, 40.355697999994874], [-122.78660700023535, 40.35568699993633], [-122.78644200037891, 40.355685999806454], [-122.78626199955556, 40.35574700017167], [-122.7861179996155, 40.355823999790765], [-122.78586700044366, 40.35593400007202], [-122.7856809997725, 40.35603200004702], [-122.78549400017474, 40.35608700004039], [-122.78532900031828, 40.35612600007076], [-122.78518500037826, 40.35615299997326], [-122.78504200026313, 40.35618599991545], [-122.78479700004074, 40.35635100006876], [-122.78472599989563, 40.356449000122204], [-122.78462499961329, 40.356548000150305], [-122.78454599997059, 40.35667999973345], [-122.78443800001553, 40.35676200022599], [-122.78428700040281, 40.356921999781264], [-122.78420100018907, 40.357069999699256], [-122.78415799963307, 40.357202000314125], [-122.78409400005899, 40.35736599992978], [-122.78402200008895, 40.357454000210225], [-122.7839280003776, 40.357541999691264], [-122.78379199993518, 40.35760800025349], [-122.78366300006374, 40.357684999801], [-122.78348300013867, 40.35777299966509], [-122.78328899996993, 40.357839000001185], [-122.78290099963242, 40.357991999753956], [-122.78257099991953, 40.35810799980043], [-122.78237000007806, 40.35817299971561], [-122.78177400022642, 40.35840400026563], [-122.78148700017124, 40.35853600032236], [-122.78116400013106, 40.35863999977016], [-122.78094800022099, 40.35868400012012], [-122.78069700015081, 40.35870000011584], [-122.78045299975335, 40.35874900016453], [-122.78015099962954, 40.35881500022974], [-122.77987899964299, 40.358803999995175], [-122.77971399978655, 40.358803999995175], [-122.77944799964777, 40.35877699978524], [-122.7792180003923, 40.35876600022896], [-122.77885900036712, 40.358678000291924], [-122.7784860000982, 40.35853999998813], [-122.77827799968577, 40.35849099978755], [-122.77807699984427, 40.358474000338255], [-122.77789699991924, 40.35845199975612], [-122.77766799959038, 40.35844100014682], [-122.77743800033491, 40.3584250000897], [-122.77718700026475, 40.35842999985129], [-122.77684900015595, 40.358489999699266], [-122.7766700000558, 40.35852899970871], [-122.77648299955975, 40.35857799988174], [-122.77628900028931, 40.35863800028253], [-122.77611000018914, 40.35868799977717], [-122.77591600002039, 40.358720999847705], [-122.77572199985165, 40.358720999847705], [-122.77555000032248, 40.358699000030654], [-122.77537700007014, 40.358703999771876], [-122.77514799974128, 40.35869799994546], [-122.77495399957252, 40.358703999771876], [-122.77475299973109, 40.35871500002275], [-122.77459500044566, 40.35874800008008], [-122.77440799994959, 40.358802999911546], [-122.77424300009315, 40.358867999841216], [-122.77408499990938, 40.358923000259274], [-122.77389800031163, 40.35897799994798], [-122.77374000012789, 40.35904399978902], [-122.77359700001277, 40.359120999750075], [-122.77350300030142, 40.359198000307664], [-122.7734170000877, 40.359307999876066], [-122.77333800044498, 40.35942800000947], [-122.77325899990396, 40.35952699977054], [-122.7731080002912, 40.359614999968464], [-122.7730000003362, 40.359707999718346], [-122.77287099956645, 40.359779999944465], [-122.77275599993874, 40.359895000269745], [-122.77266300005228, 40.36002700014527], [-122.77257699983856, 40.36020199974266], [-122.77257699983856, 40.36024599975773], [-122.77249800019584, 40.36035599966972], [-122.77215300041435, 40.36057600032424], [-122.7719950002306, 40.36064199996988], [-122.77183000037417, 40.360690999976164], [-122.77162899963442, 40.360723999750796], [-122.77143500036395, 40.36073999994683], [-122.77115499998148, 40.36075700019373], [-122.7709390000714, 40.36077799996941], [-122.77063799977253, 40.36082200029306], [-122.77045799984747, 40.36082200029306], [-122.77020699977732, 40.36082799993045], [-122.76991300004944, 40.3608499997373], [-122.76951800003923, 40.36082699987684], [-122.76906500030267, 40.360871000168466], [-122.76864199980507, 40.36095899998109], [-122.76846899955271, 40.361007999756964], [-122.76806699986982, 40.361106999935856], [-122.76785199978464, 40.36114000019132], [-122.76766500018691, 40.3611840002787], [-122.76747100001813, 40.36123900017637], [-122.76727699984939, 40.361326000146924], [-122.76706199976424, 40.361398000014], [-122.76681800026506, 40.36148499977936], [-122.76655200012631, 40.36159499972319], [-122.76637999969884, 40.3616829999597], [-122.76617899985739, 40.3617489998906], [-122.76593399963502, 40.36184700031183], [-122.76550400036302, 40.3620339997214], [-122.76528099988192, 40.362127000241266], [-122.76510099995689, 40.362149000308705], [-122.76493600010042, 40.36215999999743], [-122.76446999994512, 40.36215999999743], [-122.76421800005004, 40.36219299973747], [-122.7640890001786, 40.36221499978331], [-122.76393099999486, 40.36222600014582], [-122.76376600013842, 40.362258999853566], [-122.76360799995467, 40.36232399987357], [-122.7632780002418, 40.36240699969222], [-122.76309099974574, 40.36241699999336], [-122.7628830002316, 40.36241699999336], [-122.7626389998341, 40.362438999966095], [-122.76238000026632, 40.36243399981737], [-122.76219299977028, 40.36244500014414], [-122.76197799968513, 40.36245000029205], [-122.76179899958495, 40.36247699971548], [-122.76164100029955, 40.3625099999848], [-122.76151099970488, 40.36256500016963], [-122.76137500016074, 40.36264200021608], [-122.76123799989342, 40.36272999977039], [-122.76110900002199, 40.362807000312856], [-122.76094400016552, 40.36287799994396], [-122.76082199996681, 40.362916000130326], [-122.76068499969944, 40.362932999828544], [-122.760519999843, 40.3629220002659], [-122.76031900000156, 40.362899999766256], [-122.76016099981781, 40.36287699992076], [-122.75996800037227, 40.36295400029531], [-122.7597089999062, 40.362987000331124], [-122.75955800029345, 40.36304200012677], [-122.75935699955367, 40.3631019999771], [-122.75921299961364, 40.363162999793], [-122.75902699984081, 40.36323399973364], [-122.75884000024305, 40.36328900001226], [-122.758724999717, 40.36332699996692], [-122.75857400010428, 40.36333300006587], [-122.7582870000491, 40.36333300006587], [-122.75815099960664, 40.36332699996692], [-122.7579709996816, 40.36327699980594], [-122.75794100044268, 40.36327099970197], [-122.75777800023606, 40.36323899982303], [-122.75759099973999, 40.36317299998199], [-122.75744699979995, 40.363107000076276], [-122.75727500027081, 40.36298600030953], [-122.75718200038442, 40.36288700015213], [-122.75708100010206, 40.3627549997161], [-122.75699499988835, 40.3626009997934], [-122.75695999972824, 40.36242600026308], [-122.75690899967461, 40.362294000293346], [-122.75686600001691, 40.36226099991829], [-122.75682300035923, 40.3621840001211], [-122.7567589998868, 40.36210700023595], [-122.75665099993176, 40.362018999868425], [-122.75660099970302, 40.36194199979487], [-122.75653700012894, 40.36188200028102], [-122.7564719998316, 40.361794000304286], [-122.75645799958791, 40.36169499976527], [-122.75640800025751, 40.36159599976541], [-122.7563789999452, 40.361492000086024], [-122.75630699997517, 40.36145299973708], [-122.75617800010373, 40.36139299978805], [-122.7560419996613, 40.36135400006634], [-122.75593399970627, 40.36133199973947], [-122.75585500006355, 40.36126600008482], [-122.75580499983484, 40.36118899983564], [-122.7556759999634, 40.361014000062376], [-122.75558999974969, 40.36093700020987], [-122.75549600003836, 40.3609200000083], [-122.75541700039565, 40.36088200006576], [-122.7553169999382, 40.36088200006576], [-122.75512299976944, 40.360909000117196], [-122.75480700030026, 40.36086499985038], [-122.75467099985784, 40.36085399995031], [-122.75453399959048, 40.36081000033211], [-122.75429000009133, 40.360699999791855], [-122.75414000030351, 40.360600999699784], [-122.75395299980744, 40.36054599996613], [-122.75371599998097, 40.36050699975443], [-122.75351500013952, 40.360447000332435], [-122.75324200032804, 40.360430000007305], [-122.75299100025786, 40.360424999709565], [-122.7527469998604, 40.36044099997656], [-122.75253199977523, 40.36047399987356], [-122.75230900019248, 40.36054499990833], [-122.75218000032105, 40.360622000208565], [-122.75207900003872, 40.36072100026979], [-122.75197100008369, 40.36086299974423], [-122.75189200044098, 40.3609240002172], [-122.75185599955763, 40.36117100033367], [-122.75182700014362, 40.36141199996022], [-122.75187700037235, 40.36149999975116], [-122.75192699970276, 40.361609999670506], [-122.75199200000009, 40.3617260003369], [-122.75202100031241, 40.361834999848824], [-122.75208499988652, 40.36196700003282], [-122.75216400042753, 40.36208800025969], [-122.75226399998664, 40.36226400001527], [-122.75232199971298, 40.36241199984295], [-122.75237899961435, 40.36253900012518], [-122.75242200017038, 40.36268700003365], [-122.7524360004141, 40.36283500030164], [-122.7524360004141, 40.36298899968981], [-122.75242200017038, 40.36308799969737], [-122.75239299985806, 40.36318700024407], [-122.75221299993302, 40.36329700014857], [-122.75209099973428, 40.363361999852195], [-122.75202600033528, 40.36344999983552], [-122.75199100017517, 40.36354599981078], [-122.75197600010655, 40.363559999995346], [-122.75196100003792, 40.36367500003276], [-122.75187499982421, 40.36383500029408], [-122.7517889996105, 40.364010000273396], [-122.75164499967043, 40.36416399971511], [-122.75143700015629, 40.36433400020141], [-122.75112800035981, 40.364532000227335], [-122.75096299960506, 40.364554000194346], [-122.75030499982913, 40.36500699997171], [-122.75006600035285, 40.3650869999379], [-122.75000600007836, 40.36517799968992], [-122.74975900020615, 40.36534399972596], [-122.74939299960998, 40.365521999846386], [-122.74897400020863, 40.36564199986991], [-122.74894200042155, 40.36564799976284], [-122.74878000003986, 40.3656769999221], [-122.74860799961242, 40.3656940002929], [-122.74843600008327, 40.36568799971966], [-122.74827100022682, 40.3656769999221], [-122.74817400014244, 40.36566000023148], [-122.74791200020164, 40.365602999868585], [-122.74765799975843, 40.365506000100886], [-122.7475160003665, 40.36544900029222], [-122.74726899959597, 40.36537400000218], [-122.74699999998246, 40.365328999925055], [-122.74678999992018, 40.365328999925055], [-122.74659599975143, 40.36533399985904], [-122.7463339998106, 40.36540300027938], [-122.74597499978542, 40.36558100024399], [-122.74587799970104, 40.365608999764994], [-122.74575800005042, 40.36563200004725], [-122.74557899995028, 40.3656839997935], [-122.7453839999566, 40.365707000050165], [-122.74515999965064, 40.36566100021339], [-122.7449949997942, 40.36559799995455], [-122.74492799984702, 40.36557600032833], [-122.74462099970036, 40.36541600009276], [-122.74447900030849, 40.36534099976606], [-122.74416499959081, 40.36521000001731], [-122.74394000035821, 40.36508399996656], [-122.74358100033302, 40.36497000027175], [-122.743177000102, 40.36492399993206], [-122.74292299965875, 40.36492399993206], [-122.7426089998394, 40.364946999763596], [-122.74216000030084, 40.364935999845116], [-122.7421460000571, 40.364935999845116], [-122.74129300028751, 40.36494199980089], [-122.74035799960382, 40.365000000030015], [-122.74007399992169, 40.36496600030298], [-122.73964700012445, 40.36481699992803], [-122.73941500032085, 40.36472599968865], [-122.73919799968755, 40.36459400011589], [-122.73879400035483, 40.364297000132076], [-122.7380610002358, 40.36385099975174], [-122.73792200031863, 40.36374900014951], [-122.73787399973975, 40.36371399978064], [-122.73775400008915, 40.3635999998223], [-122.73771700027923, 40.363525000212874], [-122.73769399981468, 40.36341600001116], [-122.73764199993617, 40.363308000334506], [-122.73750700021695, 40.363089999737504], [-122.73732700029188, 40.36282199999049], [-122.73698300033529, 40.36246099993171], [-122.73667600018862, 40.36219299973747], [-122.73653399989843, 40.3620840001199], [-122.73645899955535, 40.36202099994028], [-122.73641400024782, 40.36198700007967], [-122.73598800027547, 40.361741000255066], [-122.7358009997794, 40.36164999997005], [-122.73569600019742, 40.36156399977587], [-122.73559900011303, 40.36133499987779], [-122.73541900018799, 40.36117499984312], [-122.73514200017854, 40.361037999909534], [-122.73491799987255, 40.36095200030359], [-122.73465599993172, 40.36083200014477], [-122.73369100000915, 40.36037500013414], [-122.73335200007541, 40.360250000006566], [-122.73302499983728, 40.36012899990326], [-122.73274799982784, 40.35993400015097], [-122.73266599981207, 40.35981999996078], [-122.73262099960623, 40.35966600017839], [-122.73260600043594, 40.359516999725216], [-122.73258299997141, 40.35946000032843], [-122.73250900035156, 40.359390999985415], [-122.73230699978686, 40.35932800002723], [-122.73220200020488, 40.35923699990762], [-122.73211199979319, 40.35913899979938], [-122.73188800038554, 40.359008000319356], [-122.73148400015448, 40.358871000089195], [-122.73117700000783, 40.358727999756844], [-122.730915000067, 40.35863099967952], [-122.7306680001948, 40.358567999695644], [-122.73047400002605, 40.35849899980877], [-122.73032400023821, 40.35840200008647], [-122.73021899975792, 40.35829299981564], [-122.730181999948, 40.35821300000088], [-122.7301970000166, 40.3581389999679], [-122.73024899989514, 40.35806499985369], [-122.7304360003912, 40.357939000138394], [-122.73051099983597, 40.35785899990359], [-122.73060799992034, 40.35774400021262], [-122.73072000007335, 40.357657999827424], [-122.73081700015773, 40.357589999795444], [-122.73092900031071, 40.357487000200216], [-122.73103399989269, 40.35733199977507], [-122.73118299985559, 40.35712600032355], [-122.73128800033592, 40.35695999990218], [-122.73137799984927, 40.356793999756675], [-122.7314299997278, 40.35657700011713], [-122.7315419998808, 40.35627399968236], [-122.73161700022386, 40.35605000023646], [-122.73186300027118, 40.355553000199166], [-122.73196799985315, 40.35526100008448], [-122.73196700002826, 40.354985999722864], [-122.73198200009686, 40.3547739997738], [-122.73198200009686, 40.35435700029275], [-122.73195199995962, 40.35404199966942], [-122.73188400018756, 40.353744999748564], [-122.73171199976014, 40.35344699972565], [-122.73148800035246, 40.35314400028637], [-122.73144800016945, 40.35299099980139], [-122.73139000044316, 40.35276699971808], [-122.73136799980352, 40.35258399995347], [-122.73139700011585, 40.3524230001951], [-122.73155399957636, 40.35191999969396], [-122.73166599972934, 40.35167999987207], [-122.7317179996079, 40.35149699989605], [-122.7318449998295, 40.35108999993104], [-122.73196500037841, 40.350740999737404], [-122.73198700011973, 40.35038700011849], [-122.73203899999827, 40.350202999845656], [-122.73211400034134, 40.35000899966919], [-122.73216600021988, 40.34989400028212], [-122.73223300016701, 40.34978000023187], [-122.73229300044149, 40.34966000004285], [-122.73241999976476, 40.34929900002398], [-122.7324349998334, 40.34921899980754], [-122.73247199964332, 40.34903599999968], [-122.73248699971192, 40.34879000016018], [-122.732485999887, 40.34835499977578], [-122.7324709998184, 40.34800599980601], [-122.73243400000848, 40.34778899995594], [-122.73240499969616, 40.34770200031845], [-122.73238100030503, 40.34762899995374], [-122.73230599996194, 40.347502999907384], [-122.73210400029558, 40.34728000033508], [-122.73189500005823, 40.34709099988397], [-122.73170000006455, 40.34696000027481], [-122.73155799977434, 40.346920000160516], [-122.73140100031382, 40.346913999970155], [-122.73113199980199, 40.346913999970155], [-122.7309300001356, 40.34683999986076], [-122.73072799957093, 40.346776999814686], [-122.73032400023821, 40.346726000125486], [-122.7298940000679, 40.34673200033257], [-122.72947999979111, 40.34673799985447], [-122.72916599997177, 40.34678300001724], [-122.7285900002116, 40.34683499992445], [-122.7282679999963, 40.346857999765334], [-122.72778199974951, 40.346904000108175], [-122.72755800034183, 40.34691000029937], [-122.72725899969275, 40.346926999925486], [-122.7270570000264, 40.34697899972173], [-122.72668299993258, 40.34697899972173], [-122.72629499959505, 40.346984999906255], [-122.7261070001724, 40.34701200004557], [-122.72593599956987, 40.34703600008427], [-122.72564400039013, 40.34708200030572], [-122.72539699961962, 40.347185000047766], [-122.72527000029635, 40.347247999712756], [-122.7251509995723, 40.34731700015858], [-122.7248739995629, 40.347311000003536], [-122.72459699955346, 40.34732300031309], [-122.72428299973409, 40.34739699989257], [-122.72411899970258, 40.34746000004418], [-122.72403699968682, 40.34751399993165], [-122.72395399984615, 40.34756900002621], [-122.72380499988319, 40.34767799983213], [-122.72363300035407, 40.34778100003332], [-122.72348400039114, 40.3478549997949], [-122.72330399956779, 40.34796999992021], [-122.72260099958602, 40.3480330002212], [-122.72229500016255, 40.34807299967543], [-122.7220030000845, 40.348078999762684], [-122.72183099965707, 40.348050000248904], [-122.7213679998748, 40.34806199974233], [-122.72117299988113, 40.348078999762684], [-122.72088900019901, 40.348141999961896], [-122.72067999996162, 40.34813599988025], [-122.7203059998678, 40.347929999720265], [-122.72015600007998, 40.347896000284756], [-122.71972300043494, 40.34790199970311], [-122.71886300009433, 40.34796500006767], [-122.71854099987904, 40.348011000340115], [-122.71807800009677, 40.34806799983056], [-122.71780899958496, 40.348126000199436], [-122.71756900028373, 40.348137000122094], [-122.71742000032083, 40.348120000116374], [-122.71712099967175, 40.3479540001169], [-122.71689600043919, 40.34792000000886], [-122.71677699971518, 40.347862999708745], [-122.71652200034536, 40.347810999909434], [-122.71641799968997, 40.347810999909434], [-122.71598400022002, 40.34792000000886], [-122.71555800024767, 40.34798899976722], [-122.71546100016332, 40.347982999672006], [-122.71542299963015, 40.3479430001644], [-122.71528100023822, 40.347743000216674], [-122.71519099982656, 40.34767400020665], [-122.71499699965781, 40.3476800003294], [-122.71481799955767, 40.34773700009952], [-122.71457099968546, 40.347954999676865], [-122.71443599996624, 40.34804100011398], [-122.71431700014055, 40.34820599965846], [-122.71428700000331, 40.348234999789796], [-122.71425000019342, 40.348291999775526], [-122.7141599997817, 40.348326999935075], [-122.7140250000625, 40.34834999995177], [-122.71374100038038, 40.34834399988863], [-122.71325500013356, 40.34838399984305], [-122.71309799977472, 40.34836099983795], [-122.71289600010837, 40.34836099983795], [-122.71273200007683, 40.34837799978293], [-122.71253700008316, 40.34841799971719], [-122.71203599976775, 40.348469999733155], [-122.71189400037585, 40.34845299981136], [-122.71102700036252, 40.34829300001506], [-122.71043599963542, 40.34825300000672], [-122.71018200009051, 40.34820699989926], [-122.70985300020254, 40.34820200006429], [-122.70964399996515, 40.34816200000197], [-122.70955399955349, 40.34812699975679], [-122.70927400006931, 40.34799100025526], [-122.70922499966552, 40.34796699987179], [-122.70855199982094, 40.347554999944144], [-122.70846200030758, 40.347412000260015], [-122.70818500029816, 40.34715499989316], [-122.70798299973349, 40.34696000027481], [-122.7077889995647, 40.346789000219246], [-122.7075490002635, 40.34665199980983], [-122.70738500023197, 40.34660599997983], [-122.70724299994177, 40.34644599990988], [-122.70714599985737, 40.34637699994228], [-122.70683200003803, 40.34617099988706], [-122.70647300001285, 40.34592499986765], [-122.70640500024076, 40.345765000236284], [-122.70623299981331, 40.34542200019686], [-122.70593400006257, 40.34517600018442], [-122.7056749995965, 40.34509099980459], [-122.70523899957838, 40.344947000084574], [-122.70472300009267, 40.34476400032491], [-122.70431200018895, 40.34466700001529], [-122.70396800023235, 40.344637999719204], [-122.70366100008569, 40.34459300017935], [-122.70345900041934, 40.344535999806276], [-122.70301800037836, 40.34447299966221], [-122.70258400001009, 40.34435300030095], [-122.70229299975693, 40.34424399991445], [-122.7019039995945, 40.34400400016363], [-122.70143999998734, 40.34364899979391], [-122.70128299962849, 40.34355199993493], [-122.70083499991486, 40.343432000304574], [-122.70046099982103, 40.343270999923185], [-122.70029599996458, 40.34321399980234], [-122.70016200007028, 40.343157000318065], [-122.69974299977062, 40.34302000006325], [-122.69954100010426, 40.342997000283056], [-122.6993319998669, 40.34302000006325], [-122.69905499985747, 40.34307099981581], [-122.69892000013824, 40.34307699966333], [-122.69880999963507, 40.34306199970115], [-122.6987560001067, 40.34305399990258], [-122.69861399981649, 40.343025999915305], [-122.6985169997321, 40.342997000283056], [-122.69832199973844, 40.3429569998727], [-122.69791900023064, 40.342808000155095], [-122.6976270001526, 40.342659999746765], [-122.69739500034898, 40.342579999871965], [-122.69691699959978, 40.342453999979526], [-122.69643299990112, 40.34225299985956], [-122.69629599963376, 40.342196000247924], [-122.69588499973003, 40.34203099969528], [-122.69536900024433, 40.34185299986245], [-122.69508499966386, 40.34179599991285], [-122.69486100025618, 40.34177299971534], [-122.69433700037455, 40.341762000124184], [-122.69400799958828, 40.341703999760455], [-122.69360500008044, 40.34159600022526], [-122.69334999981234, 40.34140100028422], [-122.69320099984941, 40.34128100025102], [-122.69307399962779, 40.341154999986436], [-122.6929539999772, 40.34093800000618], [-122.69288700003007, 40.340880999968185], [-122.69277499987706, 40.340801000037835], [-122.69261000002062, 40.340737999829074], [-122.69195999974227, 40.34058299993444], [-122.69167600006016, 40.340439999848385], [-122.69154100034095, 40.34036000007976], [-122.6912490002629, 40.34020599967618], [-122.69102099975893, 40.34006799991398], [-122.69096499968245, 40.34003399993916], [-122.69093500044353, 40.34001800030757], [-122.69077100041201, 40.33993100023304], [-122.69063599979448, 40.33983399982089], [-122.69038200024957, 40.33962800032549], [-122.69020999982213, 40.339433000173734], [-122.69011299973776, 40.33927899970825], [-122.69001599965335, 40.339050000131195], [-122.68993399963759, 40.33889600016095], [-122.68968699976539, 40.33832900001074], [-122.68947800042632, 40.33799700002835], [-122.6893429998088, 40.33787200018707], [-122.68915600021106, 40.33783200016155], [-122.68887199963062, 40.33785399993889], [-122.6887300002387, 40.33784900002126], [-122.6886180000857, 40.33783700008044], [-122.68845300022927, 40.3377800001614], [-122.68823599959599, 40.33764299994283], [-122.68802700025692, 40.33754000001012], [-122.6878849999667, 40.33747700017989], [-122.68782499969225, 40.337443000268784], [-122.68778000038472, 40.33740200027265], [-122.68760799995727, 40.33716200014629], [-122.68751900026884, 40.33708199991443], [-122.687249999757, 40.33694500033277], [-122.68723300003855, 40.33693199982324], [-122.68675600001256, 40.33677900022206], [-122.68603799996217, 40.336584000052916], [-122.68559000024851, 40.33648700030672], [-122.68517099994885, 40.33638399997882], [-122.68464799989212, 40.336292999711205], [-122.68428200019423, 40.33628100017842], [-122.68330100037811, 40.33621200008457], [-122.68189500041453, 40.33657800031269], [-122.68158099969688, 40.336609999834124], [-122.67989199987606, 40.33678400021899], [-122.67879899990696, 40.33656499973244], [-122.67726200042212, 40.33625699973696], [-122.67663200023527, 40.33582200001402], [-122.67564600039628, 40.33543399991923], [-122.67534599992229, 40.335044000145274], [-122.6753479995721, 40.33435800023185], [-122.67522799992152, 40.33383199974489], [-122.67540799984658, 40.33330500017427], [-122.67540799984658, 40.332929999900514], [-122.67540799984658, 40.33234400015034], [-122.67498799972202, 40.331771000241915], [-122.67489999985847, 40.33122300025611], [-122.67421199994529, 40.33062799966027], [-122.67373400009441, 40.33044400027393], [-122.67262699988156, 40.33028400022119], [-122.67172899990612, 40.33015000000494], [-122.67032499959237, 40.329939999713496], [-122.66945799957907, 40.3300320001564], [-122.66727300036403, 40.33085599993074], [-122.66500100021206, 40.33202200018034], [-122.66437400039825, 40.332205000264544], [-122.66344600028557, 40.332205000264544], [-122.66260900040949, 40.33179100034216], [-122.66159199971004, 40.33128800006088], [-122.66065799974956, 40.33101399969038], [-122.65979900013215, 40.33076200029701], [-122.6587239997064, 40.330258000056936], [-122.65791500031773, 40.3297540001619], [-122.65698999967977, 40.32934299977674], [-122.65549400020281, 40.329021999709575], [-122.65471900025102, 40.328954000252494], [-122.65415299963827, 40.328824000193364], [-122.65271400006274, 40.328495000241865], [-122.65170700030733, 40.32834299985169], [-122.65134099971111, 40.32828799983338], [-122.65059099987367, 40.32842499987039], [-122.65026299981062, 40.32863000016619], [-122.64993300009775, 40.3289819999164], [-122.64897599967273, 40.330004000243335], [-122.64792999955927, 40.330757999668585], [-122.64774999963423, 40.33153600033186], [-122.64764699970206, 40.33165299980365], [-122.64694100024553, 40.33245200011521], [-122.64629500016514, 40.332916999987], [-122.64592299972117, 40.33318399965809], [-122.64535500035691, 40.333412999970676], [-122.64487800033093, 40.33343499981927], [-122.64302399975537, 40.333204999802874], [-122.64212699960484, 40.333228000182146], [-122.64113999994095, 40.33347900017965], [-122.63970499966503, 40.3341650001271], [-122.63910700016356, 40.33427899986186], [-122.63829899970145, 40.33427899986186], [-122.63659399998714, 40.33379700028174], [-122.63560800014815, 40.333705000177986], [-122.63444099966088, 40.33379599982726], [-122.63394799974138, 40.334138000323875], [-122.63381300002216, 40.33423100028534], [-122.63276500025887, 40.33555799974034], [-122.63261499957275, 40.336153000007954], [-122.6327030003346, 40.33812099993244], [-122.63246399996, 40.33853200026551], [-122.63207499979758, 40.338737999683794], [-122.63033999994603, 40.33919499980414], [-122.62860599991937, 40.339286000266135], [-122.62646299963886, 40.339650000201885], [-122.62612299988022, 40.33968500005269], [-122.6259370001074, 40.33970099976325], [-122.62396899972904, 40.33988099984037], [-122.62291099992001, 40.34013900020895], [-122.62190599981444, 40.34038500010326], [-122.62142799996354, 40.3407749998175], [-122.6212060002057, 40.34118500007081], [-122.62106999976328, 40.34143799990907], [-122.62113000003772, 40.34189599987661], [-122.62130999996276, 40.34230800013583], [-122.62157899957629, 40.34260499975748], [-122.62388300041364, 40.344045999873565], [-122.62454200001447, 40.34514399993318], [-122.62493200000182, 40.345921999728304], [-122.62541099967761, 40.3465390000224], [-122.62544099981483, 40.34713399998242], [-122.62517200020132, 40.34745500015383], [-122.62442499983862, 40.347683999954526], [-122.62349799955085, 40.347845000072425], [-122.62209199958727, 40.34825700028245], [-122.620566999798, 40.348234999789796], [-122.61883199994648, 40.34780100018039], [-122.61757599977074, 40.34736699983225], [-122.6165880002819, 40.346818000275206], [-122.61389699983027, 40.34661299977738], [-122.61243099959225, 40.346111000031854], [-122.61117500031482, 40.34613400011962], [-122.61015799961538, 40.34640900029324], [-122.60926100036312, 40.34695900001551], [-122.60833499990026, 40.34769100032485], [-122.60654099959919, 40.34888200023303], [-122.60597300023491, 40.34956899988269], [-122.60531499956065, 40.35009500022563], [-122.60405900028324, 40.35059900016764], [-122.60241499976999, 40.35101099998454], [-122.60202599960755, 40.35121700031834], [-122.60154799975668, 40.35179000006763], [-122.60121899986869, 40.35245300006012], [-122.60115399957138, 40.35280299978163], [-122.6002670003649, 40.354065999944744], [-122.59978500031605, 40.3546970003248], [-122.59882799989104, 40.35510899974942], [-122.59828899994078, 40.35554399969641], [-122.59804999956617, 40.35590999977705], [-122.59787100036435, 40.356573999767065], [-122.59694400007658, 40.357236999956676], [-122.5952989997384, 40.35799299984967], [-122.5934750001984, 40.358336999707525], [-122.59159100038394, 40.35888599995807], [-122.59057399968448, 40.35902400023812], [-122.58850999994497, 40.35911600003973], [-122.5871940003931, 40.35895600021479], [-122.58656500003116, 40.359001999835414], [-122.58584799980565, 40.3592770002461], [-122.5845320002538, 40.36014600030424], [-122.5832159998036, 40.361381999974135], [-122.58213899972799, 40.36284699990213], [-122.58193000038892, 40.363281999892145], [-122.58193000038892, 40.364266000058336], [-122.58222999996458, 40.364792000062565], [-122.58226000010181, 40.36502099985283], [-122.58237899992749, 40.36508999990911], [-122.58240900006471, 40.36563899992327], [-122.58249899957809, 40.365707000050165], [-122.5823799997524, 40.36614200006409], [-122.5818709999394, 40.366714000320606], [-122.581661999702, 40.36710299977404], [-122.58130299967682, 40.36733199992615], [-122.57923899993727, 40.36792799979766], [-122.57858100016136, 40.36799599966852], [-122.57777299969928, 40.36783599970212], [-122.57759299977418, 40.367721999870774], [-122.57645700014737, 40.36753900031469], [-122.57603799984773, 40.36753900031469], [-122.57513999987226, 40.36744800032797], [-122.57400300042053, 40.36724200030291], [-122.57322599992058, 40.367265000027935], [-122.57220800029452, 40.36712700019112], [-122.57152000038137, 40.3669209998694], [-122.56813900036673, 40.367265000027935], [-122.56757000027925, 40.36724200030291], [-122.56694199974223, 40.36701299984501], [-122.56592499994107, 40.366029000081774], [-122.56529700030237, 40.36559400002305], [-122.56490800013995, 40.36550300014819], [-122.56398000002724, 40.36559400002305], [-122.56326199997685, 40.3658919997462], [-122.56203599993835, 40.36669300034079], [-122.56021099967512, 40.36827200029205], [-122.55973000034949, 40.368798999768984], [-122.55883499984877, 40.36930099966972], [-122.55811699979837, 40.36941600017855], [-122.55674000014712, 40.369483999916966], [-122.55632199967238, 40.36966699966731], [-122.55587300013381, 40.37021699995756], [-122.55581299985933, 40.370720000153476], [-122.5553939995597, 40.37152100017491], [-122.55536400032078, 40.372183999824735], [-122.55521399963463, 40.37252799981144], [-122.5549149998839, 40.37273400010476], [-122.55428700024517, 40.37293999976834], [-122.55327000044402, 40.3729619997284], [-122.5520429996823, 40.37367199999648], [-122.55065199978735, 40.374873000021225], [-122.55054800003026, 40.375191000013444], [-122.55057700034259, 40.375581000330826], [-122.5512049999813, 40.37647400012024], [-122.55129500039298, 40.376840000168016], [-122.55123500011852, 40.377435000319785], [-122.55102599988115, 40.37812199987305], [-122.5506069995815, 40.378372999782485], [-122.54997800011787, 40.37848799986485], [-122.5482130001291, 40.37857899999917], [-122.54716600019073, 40.37830400032314], [-122.54650800041479, 40.37789200031554], [-122.5461490003896, 40.37752599982338], [-122.54611900025236, 40.37738900027578], [-122.54566999981546, 40.377068000269766], [-122.54513199969013, 40.37683899966762], [-122.54276800037496, 40.376335000155215], [-122.54199000005012, 40.37640400026232], [-122.54166100016215, 40.37651799977863], [-122.54133200027417, 40.37704499978423], [-122.54121199972526, 40.37770799983049], [-122.54124100003756, 40.37876099989913], [-122.54112200021187, 40.379057999785466], [-122.5411509996259, 40.379584999768745], [-122.54160000006277, 40.38063700016627], [-122.54207799991364, 40.381072000297834], [-122.54216800032533, 40.38134700030833], [-122.5421380001881, 40.38180399977135], [-122.5418989998135, 40.38200999976141], [-122.54094099956359, 40.38242199990454], [-122.54013299999983, 40.38242199990454], [-122.53923500002436, 40.382238999894575], [-122.5379489997114, 40.38184899979638], [-122.53705099973594, 40.38141399989196], [-122.53594500024633, 40.38045300033497], [-122.53525700033317, 40.37994899980048], [-122.5340899998459, 40.3795599999068], [-122.53322200000765, 40.3796059998372], [-122.53220500020653, 40.37981099993344], [-122.53115700044324, 40.38068099984318], [-122.53079800041806, 40.38145900017751], [-122.53100699975708, 40.38182499983242], [-122.5313659997823, 40.382214000333214], [-122.53148499960798, 40.38303799971002], [-122.53127500044401, 40.38367800003756], [-122.53085600014435, 40.38415899993478], [-122.53022799960733, 40.38443299995675], [-122.52980800038107, 40.384798999875585], [-122.52968899965708, 40.38500500028638], [-122.52920999998129, 40.385416999902155], [-122.52789299970617, 40.385759999701065], [-122.52735399975592, 40.38614900005834], [-122.52567699963069, 40.38761299976914], [-122.52531799960548, 40.38759000014684], [-122.52457000031619, 40.38717699979131], [-122.5241219997042, 40.386993999698824], [-122.52286499970354, 40.38704000002686], [-122.52235599989052, 40.38745099985268], [-122.52202600017763, 40.38784000002292], [-122.52193599976594, 40.388114999772704], [-122.52205600031488, 40.38873300016414], [-122.5223550000656, 40.38937299974942], [-122.52289300019096, 40.39026600009032], [-122.52292199960496, 40.39060899982664], [-122.52331099976739, 40.391524999853644], [-122.52474699986817, 40.39239499967648], [-122.52534500026798, 40.39262400008036], [-122.52597399973163, 40.393081999920206], [-122.52594299976947, 40.393745000174945], [-122.52540399981922, 40.39420299991618], [-122.52537399968199, 40.39429400003006], [-122.52456600011821, 40.39447700012734], [-122.5243669999266, 40.3944849999819], [-122.52399700003072, 40.39450000013429], [-122.52097500004129, 40.39408699973555], [-122.51998800037738, 40.39367499979067], [-122.51627900029972, 40.39078999977326], [-122.51576999958836, 40.39010300009401], [-122.51547199966255, 40.38946200029089], [-122.51460399982433, 40.38879799996655], [-122.51382600039777, 40.388385999821004], [-122.51325700031029, 40.38827100021393], [-122.511252000122, 40.38797300024118], [-122.51062399958498, 40.38797300024118], [-122.50873800012069, 40.38831499969411], [-122.50805000020753, 40.3885210002991], [-122.50640300021952, 40.38945799972327], [-122.5054149998324, 40.38952599976191], [-122.50502599966997, 40.389411999678266], [-122.50475700005646, 40.38913699975063], [-122.50436899971892, 40.38849600033232], [-122.50257500031616, 40.38677900014397], [-122.50230599980435, 40.386000999670046], [-122.50224800007801, 40.38423899974672], [-122.5020990001151, 40.38375799973648], [-122.50180000036434, 40.38336899994041], [-122.50112099977369, 40.38288900028686], [-122.50014199960738, 40.382477000262796], [-122.49906500043012, 40.382295000137354], [-122.49891599956887, 40.38240899995012], [-122.49819699969358, 40.38256999994535], [-122.49655200025373, 40.38273100024003], [-122.4960430004407, 40.382914000282], [-122.49535600035243, 40.38348700022673], [-122.49490699991556, 40.38364699998327], [-122.49332100002691, 40.38360199979082], [-122.49296200000173, 40.383694000258636], [-122.49128599970142, 40.38376299967175], [-122.48984999960061, 40.383649000097584], [-122.48922100013698, 40.383511999999946], [-122.48694700033518, 40.38268899999198], [-122.48631799997324, 40.382323999976], [-122.48577900002296, 40.38186600019341], [-122.48545000013502, 40.3813860000945], [-122.48512000042213, 40.381087999769335], [-122.48473000043481, 40.380928000093355], [-122.4839219999727, 40.38063100023919], [-122.48269500010929, 40.38051700015478], [-122.48221700025839, 40.380768999795116], [-122.48119999955894, 40.381776000136], [-122.48060200005746, 40.382577999845836], [-122.47997400041875, 40.383217999753825], [-122.47988400000706, 40.38337899986832], [-122.47919600009388, 40.38411100027573], [-122.47886700020591, 40.384293999989985], [-122.4783940003779, 40.384435000047716], [-122.47832900008058, 40.384455000269774], [-122.47665299978024, 40.384455000269774], [-122.47539599977961, 40.38418100033731], [-122.47348100000302, 40.38399900002586], [-122.47249400033907, 40.38420599985295], [-122.47048900015079, 40.38393200027612], [-122.46947099962644, 40.383634999980536], [-122.4688060001778, 40.383222999729185], [-122.4686930001999, 40.38315399976294], [-122.46767499967551, 40.38180399977135], [-122.46713599972526, 40.38139299970282], [-122.4661790001986, 40.38095800027537], [-122.46602000018991, 40.38083699971038], [-122.46540000004882, 40.380362999758454], [-122.46462199972397, 40.37901299994904], [-122.46396300012312, 40.37834999974245], [-122.463927999963, 40.378294000326214], [-122.4636040000979, 40.377777999702346], [-122.46345400031008, 40.37727500018018], [-122.4630950002849, 40.37574099970273], [-122.46288500022258, 40.37555800002199], [-122.46258599957353, 40.375466999913506], [-122.46144900012179, 40.37544400025016], [-122.46091099999647, 40.3755589998571], [-122.46034199990898, 40.37578800001916], [-122.45866599960867, 40.37622299997967], [-122.45818699993288, 40.37652000010459], [-122.45764899980752, 40.377390000083665], [-122.45660199986915, 40.378053999954695], [-122.45552499979357, 40.3783740002601], [-122.45292200010378, 40.37851200033335], [-122.45121599966623, 40.377893999916374], [-122.45082700040216, 40.37757400006853], [-122.45058800002752, 40.37716199970291], [-122.45046800037694, 40.376818999921746], [-122.45007900021449, 40.376246999886355], [-122.44951000012703, 40.37592699974391], [-122.44789400010114, 40.375378000041934], [-122.44723600032523, 40.37487399986646], [-122.4466060001384, 40.374106999930255], [-122.44502100007465, 40.37339800000641], [-122.44397400013628, 40.373261000277964], [-122.4424180003849, 40.37339800000641], [-122.44092200000964, 40.373191999689816], [-122.44014399968476, 40.37337500032119], [-122.43849800042001, 40.373992999756595], [-122.4376310004067, 40.374153000161805], [-122.43586600041793, 40.374153000161805], [-122.43412900001825, 40.37429000012987], [-122.43251399981732, 40.37450300015141], [-122.43175099956105, 40.37487399986646], [-122.43092899975359, 40.37523800002916], [-122.42886500001407, 40.37551500025678], [-122.42653099993782, 40.37656699987764], [-122.42404700007376, 40.37821500009303], [-122.42329899988611, 40.37897000033578], [-122.4223409996362, 40.37924400025025], [-122.41973799994643, 40.3792669999851], [-122.41916999968387, 40.37954100006028], [-122.41785300030706, 40.379678000022196], [-122.41741200026611, 40.379531000247006], [-122.41668599981979, 40.37928899993239], [-122.41617799983167, 40.37890000033378], [-122.41578899966926, 40.37839599981467], [-122.41566900001864, 40.378212999817386], [-122.41530999999345, 40.377824000165056], [-122.41528099968112, 40.37766400026487], [-122.41489200041701, 40.37722900002692], [-122.4146530000424, 40.37679399971778], [-122.41462299990518, 40.37654200026453], [-122.41438299970568, 40.37619900006449], [-122.41354599982957, 40.37571800013287], [-122.41281299971057, 40.37487399986646], [-122.41258599992983, 40.374536000007794], [-122.41124100006563, 40.37437599982763], [-122.40926799966444, 40.374433000298914], [-122.40752600014018, 40.37430999994204], [-122.40681499976247, 40.37432099969932], [-122.40651199981376, 40.37432700018834], [-122.40637899974439, 40.37432899989497], [-122.40310400003496, 40.37438599972169], [-122.4028029997361, 40.37428400032193], [-122.40217500009737, 40.37428400032193], [-122.40154699956035, 40.37410100010599], [-122.39972200019545, 40.37316200015593], [-122.3986159998075, 40.37284099985911], [-122.39771799983207, 40.37263499989289], [-122.39760599967906, 40.37259599983169], [-122.3966709998937, 40.37226900027328], [-122.39577399974314, 40.37208500017365], [-122.39493600004215, 40.37206200004029], [-122.39427800026621, 40.37226799970501], [-122.39400799992949, 40.37242100024444], [-122.39346999980413, 40.372724999842646], [-122.39263200010312, 40.37302200032961], [-122.39098599994006, 40.37340999977952], [-122.38978900021384, 40.374050999724965], [-122.38874099955225, 40.37427899968314], [-122.38727600003746, 40.37418700004501], [-122.38675700017869, 40.374226999724556], [-122.38577899983727, 40.37430099989042], [-122.38341600034703, 40.37400199984934], [-122.38222000044573, 40.37333799973998], [-122.38177100000885, 40.37292600016327], [-122.38069399993324, 40.37219300015911], [-122.37985700005716, 40.37194099992372], [-122.37946500042003, 40.37195899997182], [-122.37889899980725, 40.37198599969272], [-122.37758200043046, 40.37296900021192], [-122.37695399989342, 40.373105999849685], [-122.37611600019244, 40.37295699967589], [-122.37539599959389, 40.37271800001812], [-122.37499499973592, 40.37269500010086], [-122.37461800016736, 40.37267300005364], [-122.37369000005468, 40.37306200001636], [-122.37261299997908, 40.37313100005324], [-122.37147599962903, 40.37260599998991], [-122.37045899982787, 40.372446000017774], [-122.36956099985241, 40.37249200001447], [-122.36842500022559, 40.37283599979762], [-122.36701900026205, 40.37308800010801], [-122.36492500038528, 40.37416499980046], [-122.36384800030967, 40.37416499980046], [-122.3633989998728, 40.37407399986378], [-122.36178299984695, 40.37334199989628], [-122.3607660000458, 40.37313699996383], [-122.36013699968386, 40.37290799968914], [-122.35894099978256, 40.37267999988279], [-122.35750499968177, 40.37281700010805], [-122.35717499996888, 40.37272599971974], [-122.35624799968113, 40.37222300012437], [-122.35543900029244, 40.37192600022222], [-122.3533739998297, 40.37176699989563], [-122.35211799965396, 40.37211099995781], [-122.35101100033945, 40.37222599977796], [-122.3504730002141, 40.37213400007444], [-122.34951499996419, 40.37170000029992], [-122.34867700026318, 40.37165399976261], [-122.34786999962601, 40.37176899967823], [-122.34676199958828, 40.371586000160605], [-122.34592499971221, 40.37124300005515], [-122.34562500013654, 40.37110600005189], [-122.34488600016974, 40.37099099968927], [-122.3440099999356, 40.37085499976296], [-122.34215500043344, 40.37090100016127], [-122.34083899998323, 40.371129999727884], [-122.34036000030747, 40.37133600018838], [-122.33913400026893, 40.37277800015224], [-122.33856600000637, 40.37321299969774], [-122.33808700033056, 40.37373899968465], [-122.33765100031248, 40.37395600019905], [-122.33748899993076, 40.374036999666394], [-122.3369499999805, 40.37417399987024], [-122.3362319999301, 40.37417399987024], [-122.33494599961715, 40.37380799971269], [-122.33374899989096, 40.37380900025809], [-122.33338999986574, 40.37387699967007], [-122.33187599994713, 40.3737450002255], [-122.33129599998901, 40.3736950002647], [-122.33078700017597, 40.37344300017118], [-122.33075700003876, 40.3732369999921], [-122.33051799966414, 40.3729619997284], [-122.33000899985113, 40.372757000008704], [-122.32875100002556, 40.37282499979792], [-122.32851199965097, 40.37287100022023], [-122.32593900009842, 40.373305999849784], [-122.32525100018523, 40.37376400033779], [-122.32504199994787, 40.37419899967762], [-122.32474300019712, 40.37433600023648], [-122.32384500022168, 40.37441199998681], [-122.32234899984641, 40.374874999711665], [-122.32103300029453, 40.374874999711665], [-122.31974600015664, 40.37449300027471], [-122.31834000019307, 40.374244999846354], [-122.31762200014268, 40.37385599986907], [-122.31672400016724, 40.37303199974027], [-122.31310399977801, 40.3715899997365], [-122.31196800015115, 40.37140699973274], [-122.31151899971428, 40.37124700033581], [-122.31041200039978, 40.371064000085035], [-122.30918499963803, 40.37115499998011], [-122.30825800024857, 40.371430000089646], [-122.30703100038514, 40.37220799980124], [-122.3061629996486, 40.37293999976834], [-122.30538500022205, 40.37346599983313], [-122.30227399964588, 40.37435900027806], [-122.300881999926, 40.374874999711665], [-122.2994319995815, 40.37549299976151], [-122.2985939998805, 40.37627099978444], [-122.29847400022989, 40.37647700026894], [-122.29826499999253, 40.37746100009274], [-122.2979949996558, 40.377872999998615], [-122.29697799985465, 40.37849099992388], [-122.295720999854, 40.379795000158666], [-122.29491300029024, 40.38027499996044], [-122.29420600011049, 40.38046200024916], [-122.29413499996538, 40.38048099983594], [-122.29383600021463, 40.38050399983274], [-122.29377599994018, 40.38043499981868], [-122.2932369999899, 40.38038899977005], [-122.2925189999395, 40.38004599999404], [-122.29147200000114, 40.379222000288266], [-122.2899470002119, 40.377803000225526], [-122.28910899961257, 40.37743699993418], [-122.28734399962381, 40.37757400006853], [-122.28638700009711, 40.37735700025639], [-122.2860280000719, 40.377275999989756], [-122.28596799979748, 40.37711600015685], [-122.28579600026833, 40.37699699984656], [-122.28565300015322, 40.376896999923616], [-122.28498100013353, 40.376428999926624], [-122.2847679996982, 40.37633200000018], [-122.2846129998875, 40.37626100017007], [-122.28401700003586, 40.375985999929384], [-122.28377000016366, 40.37587200019728], [-122.28367700027722, 40.3758289999481], [-122.28363000042154, 40.37580999973376], [-122.28318600000756, 40.37569599970388], [-122.28085199993129, 40.3757870001875], [-122.27857800012951, 40.37645000029446], [-122.2775010000539, 40.376862000223475], [-122.27660300007845, 40.37740999966005], [-122.27567499996574, 40.377752999854216], [-122.27462800002738, 40.37791300022738], [-122.27193400010103, 40.377408999852456], [-122.27043799972576, 40.37747699973745], [-122.26918099972512, 40.37779700004606], [-122.26849299981195, 40.378094000076004], [-122.2681580000762, 40.37832200004015], [-122.26768500024819, 40.37864300023062], [-122.26439299992201, 40.37978600015538], [-122.2628370001706, 40.37994500003642], [-122.2619989995713, 40.379921999848726], [-122.2611609998703, 40.379623999890626], [-122.26047399978206, 40.37921199974332], [-122.25960599994382, 40.37900600009343], [-122.2580200000552, 40.379005000309526], [-122.25697300011683, 40.37936999983191], [-122.25595499959245, 40.379918999853416], [-122.25562499987954, 40.3805370001715], [-122.25544499995453, 40.38172699971964], [-122.25550299968083, 40.383533999929504], [-122.2548740002172, 40.38481499983039], [-122.25421499971806, 40.38545600006903], [-122.25322899987906, 40.38624499985895], [-122.25235799966777, 40.38694199997444], [-122.25181899971751, 40.387216000307596], [-122.2511120004361, 40.38719400021211], [-122.25064700010566, 40.387127000219245], [-122.24636499974254, 40.38650999981713], [-122.24543699962986, 40.38648800017529], [-122.24163600038898, 40.386717999807935], [-122.24014000001371, 40.386536000193246], [-122.23669799989975, 40.38548499991532], [-122.23553100031077, 40.38539400021423], [-122.23370600004753, 40.38557800023475], [-122.23199999960998, 40.3861270002986], [-122.23143200024576, 40.386471000260535], [-122.23119299987114, 40.38690599966804], [-122.23110400018268, 40.38793600015025], [-122.23098399963375, 40.388209999860756], [-122.23029700044381, 40.38880500017308], [-122.22960799980741, 40.389057000282385], [-122.22856099986905, 40.38921800012464], [-122.22715499990548, 40.389309999763995], [-122.22619699965556, 40.38908099972233], [-122.22553800005473, 40.38851000012325], [-122.2254180004041, 40.38812099971743], [-122.22514899989227, 40.38780000021458], [-122.22484900031662, 40.38734299969191], [-122.22457999980482, 40.38704499971851], [-122.22320300015353, 40.38622199976951], [-122.22077899966561, 40.38574199991864], [-122.21886399988902, 40.385650999880504], [-122.21772700043729, 40.385284999801335], [-122.21700799966365, 40.384735999717186], [-122.21700799966365, 40.38460000016268], [-122.21658300041452, 40.384435999751034], [-122.21619900027497, 40.38402799981517], [-122.21619900027497, 40.38393700019847], [-122.21536099967567, 40.383204000231494], [-122.21446400042342, 40.38258700016037], [-122.2131749997374, 40.38217399992097], [-122.21194899969889, 40.381993000085025], [-122.21164999994816, 40.381855000299275], [-122.21051199977317, 40.38222300001215], [-122.20886800015825, 40.38226900017706], [-122.20725100030747, 40.38196900017236], [-122.20686200014505, 40.38178700004303], [-122.20676300041083, 40.38167899969618], [-122.20587700013095, 40.38071499985378], [-122.2052129996089, 40.37986799991278], [-122.20431899983141, 40.37872199996195], [-122.20354200022977, 40.37824100024932], [-122.20300199955632, 40.37810300030532], [-122.20254799999486, 40.37802900020899], [-122.20125300035937, 40.377889000229835], [-122.20091299970245, 40.37787699988569], [-122.19949199967024, 40.37782800005509], [-122.19938500043845, 40.377844000296946], [-122.19917299982804, 40.37794299969904], [-122.19912699979727, 40.37823800017916], [-122.19897899965926, 40.37968100002823], [-122.1989739996364, 40.37973200011042], [-122.19883899991717, 40.38104200016658], [-122.19791900020041, 40.38314899978246], [-122.19743399977851, 40.38425900002703], [-122.1970460003393, 40.385097000206514], [-122.19642200000025, 40.38645099995282], [-122.19629399995372, 40.38671700013847], [-122.19602699999004, 40.38729500024907], [-122.19598500015722, 40.38738600011876], [-122.19589700029373, 40.38757499982371], [-122.19563399962965, 40.38813799989996], [-122.19562500030715, 40.388157999706735], [-122.19532400000826, 40.3888090000953], [-122.19481000017235, 40.38991599988512], [-122.19428799994053, 40.391036000296765], [-122.19360300040042, 40.39222899991265], [-122.19355700036965, 40.3923110002593], [-122.19331799999506, 40.39223099977211], [-122.19311200013072, 40.39216299972805], [-122.19300500000061, 40.39082799995729], [-122.19297099966543, 40.390571999815485], [-122.19273200018915, 40.389980999914165], [-122.19268600015837, 40.38910200025154], [-122.1920750002381, 40.38792800020186], [-122.19202900020736, 40.38723500004214], [-122.19204500010089, 40.387135999925974], [-122.19209600015449, 40.386831999662], [-122.19209899962924, 40.386814999834016], [-122.1921510004061, 40.386431000323405], [-122.19210700002516, 40.38603200000944], [-122.19046000003716, 40.38476699995453], [-122.19029699983055, 40.38434799979946], [-122.19028400031007, 40.384314999959095], [-122.19019700027144, 40.38409199965996], [-122.19012600012633, 40.38342600033068], [-122.19007300042287, 40.38340099984132], [-122.18892600002708, 40.382907999873446], [-122.18752199971333, 40.381797999948226], [-122.18741499958321, 40.38157500021235], [-122.18740799991052, 40.381559999918224], [-122.18733099991762, 40.38140099974308], [-122.18722100031277, 40.3813539999207], [-122.18606999971901, 40.380847000014164], [-122.18363400043383, 40.37933899984805], [-122.18195300011065, 40.378913000281], [-122.17951199990426, 40.37949500008555], [-122.17893500031917, 40.37968000025429], [-122.17786499991628, 40.37974400012417], [-122.17734500023258, 40.379698000287995], [-122.17690199964349, 40.37965699997617], [-122.1768389998943, 40.37965099996182], [-122.17666599964195, 40.379642999713745], [-122.17645200028, 40.37963299991556], [-122.17643100036362, 40.379644000172505], [-122.17478900039848, 40.379614999864536], [-122.17427300001447, 40.379531000247006], [-122.17356500000977, 40.37923500017335], [-122.17327899977951, 40.379079999800965], [-122.17316999999956, 40.379059000252866], [-122.17314700043335, 40.37908700033319], [-122.17310600042548, 40.379059000252866], [-122.17309200018177, 40.37905199971777], [-122.17300500014314, 40.379104000058575], [-122.17291300008162, 40.379158999704195], [-122.17332200033555, 40.3795179997347], [-122.1738339996233, 40.38000400012491], [-122.17409899993719, 40.38030699996252], [-122.17428499971001, 40.38040099966677], [-122.17468499974309, 40.38060399987644], [-122.1749869998669, 40.38091199989955], [-122.17501199998125, 40.38093799969932], [-122.1756360003203, 40.38149599972072], [-122.17632699970821, 40.381667999771565], [-122.17704599958353, 40.382108000146744], [-122.1774230000504, 40.38255299972599], [-122.17771599995335, 40.38314899978246], [-122.17789900025146, 40.383606999737665], [-122.17804999986421, 40.38379099984977], [-122.17939800010144, 40.384151000222055], [-122.18030600012264, 40.38479100023886], [-122.18122300036468, 40.384780999836345], [-122.18200099979121, 40.38413799991709], [-122.18210399972337, 40.38405300007183], [-122.18212299998996, 40.384048999867154], [-122.18262900032823, 40.38394000001485], [-122.18314999983684, 40.38416100003388], [-122.18397500001736, 40.38446700012649], [-122.18460799967895, 40.38450499977259], [-122.18498599997072, 40.384515999918264], [-122.18534900019387, 40.3845270000621], [-122.18560100008897, 40.38456600006006], [-122.186590000301, 40.38471900004446], [-122.18721899976464, 40.38502399996035], [-122.18771699970699, 40.38534400000279], [-122.18857100019984, 40.38688499982252], [-122.18850699972742, 40.38729399990393], [-122.18847699959021, 40.387484999867446], [-122.18802999970144, 40.38777200033464], [-122.18764599956188, 40.38801899990053], [-122.18740000041292, 40.38817800019174], [-122.18672199964716, 40.388256999689084], [-122.18641600022372, 40.38825499971161], [-122.18571900008972, 40.38825000010978], [-122.18497000007719, 40.3887949996823], [-122.18487700019078, 40.38890500020983], [-122.18483100015999, 40.388958999743735], [-122.18444000034775, 40.38942099976393], [-122.18435099976101, 40.389525000134135], [-122.18387999958279, 40.39055599985983], [-122.18391999976576, 40.39089000028359], [-122.1839359996593, 40.39092000013406], [-122.1841330002011, 40.39127499997254], [-122.18421500021687, 40.39169200026426], [-122.18414700044481, 40.391958999867924], [-122.1837390000158, 40.39229300017505], [-122.1836620000229, 40.39235600010673], [-122.18356800031158, 40.39237400017409], [-122.18291800003323, 40.392501000094654], [-122.17893100012122, 40.392022000112014], [-122.17881399994535, 40.392002000084375], [-122.17869699976947, 40.39198200005074], [-122.17824400003296, 40.39190500000274], [-122.1778530002207, 40.39183900018473], [-122.17728300030831, 40.392127000159824], [-122.17684800011511, 40.3922939997618], [-122.17642799999054, 40.39245500007569], [-122.17571699961286, 40.39255800028285], [-122.17388100037729, 40.392427999663184], [-122.17373800026216, 40.392448999832936], [-122.17355300031423, 40.392476000236975], [-122.17349600041283, 40.392674999941775], [-122.17343899961311, 40.39287500000489], [-122.17335599977243, 40.39298600028647], [-122.17329700022118, 40.39306500030148], [-122.17311899994596, 40.393301000218635], [-122.17308399978585, 40.39334799991493], [-122.17272099956271, 40.393554000176565], [-122.17150799994297, 40.393729000289035], [-122.17127899961412, 40.39367900010783], [-122.17117200038231, 40.39365599982044], [-122.17114899991779, 40.393650999935396], [-122.17029500032325, 40.39306099994785], [-122.16919700033125, 40.39315400006878], [-122.16845499999141, 40.39316500017023], [-122.16795200002616, 40.39327799980214], [-122.16724800021947, 40.393723999725225], [-122.16685499985908, 40.39377099981045], [-122.1668299997447, 40.3937640001201], [-122.16622399984732, 40.39359899987754], [-122.16533300044286, 40.39332599977004], [-122.16487599961006, 40.39325600031857], [-122.16473900024103, 40.39325199997628], [-122.16408999978759, 40.393234000143565], [-122.1636169999596, 40.393133000118944], [-122.16343799985944, 40.39309499986721], [-122.16309100042814, 40.39316599974397], [-122.16304399967414, 40.39317600026987], [-122.16297699972701, 40.39330900021291], [-122.16302100010793, 40.3934050000703], [-122.1630620001158, 40.39349299981935], [-122.16297199970411, 40.39367600004103], [-122.16254599973176, 40.39408600017542], [-122.16226600024758, 40.394354999661644], [-122.16189299997869, 40.394501999926305], [-122.1616469999314, 40.394521999895616], [-122.16112800007264, 40.39456400029075], [-122.16088500039838, 40.39468800016426], [-122.16056400000801, 40.39485100000926], [-122.16051399977933, 40.39487599966938], [-122.1604640004489, 40.39496900002017], [-122.16029000037165, 40.395290999786425], [-122.16030799991499, 40.39560899986306], [-122.16043400031168, 40.395976999686354], [-122.16035399994574, 40.3961280000023], [-122.16003199973048, 40.39674099972369], [-122.15946199981806, 40.396953999910714], [-122.15857800008632, 40.396946999867055], [-122.1585350004286, 40.396946999867055], [-122.15652799969219, 40.39688199972051], [-122.15578700007556, 40.396844000216205], [-122.1550280000173, 40.39709800006005], [-122.15471300037304, 40.39720299971829], [-122.15420299983676, 40.39724400029613], [-122.15338100002928, 40.39731000028962], [-122.15192499983702, 40.39739300011694], [-122.15183000030078, 40.39739799972414], [-122.15166299989617, 40.397456000065986], [-122.15121699983236, 40.39761099988509], [-122.15049299993417, 40.397905999746676], [-122.1497270002032, 40.39808400004898], [-122.14898499986336, 40.398111999746234], [-122.14833100028538, 40.398073000067], [-122.14806400032168, 40.39806799982585], [-122.14708699980521, 40.39804800022567], [-122.14635000038653, 40.398069000010935], [-122.14583999985028, 40.39808400004898], [-122.14533100003725, 40.39809900008374], [-122.14528099980853, 40.398066000139735], [-122.1451729998535, 40.397997000328985], [-122.14489599984408, 40.398078000307834], [-122.14488199960037, 40.39808199967922], [-122.14459200007046, 40.3980880001042], [-122.14358500031504, 40.3981070001921], [-122.14276900035537, 40.39811699998416], [-122.14258900043033, 40.39811899966876], [-122.14177000009757, 40.3979490002702], [-122.14091499977982, 40.39786699994812], [-122.14019000005673, 40.39794400001984], [-122.13886399956077, 40.39806499995459], [-122.1378989996382, 40.39815299977059], [-122.13786199982825, 40.39815600032199], [-122.13742499998527, 40.398148999719226], [-122.13700200038595, 40.39814299998387], [-122.1358800001045, 40.397910999999866], [-122.13504300022844, 40.397696999913265], [-122.13432000015517, 40.3975600003415], [-122.13359600025699, 40.397585999872206], [-122.13273599991635, 40.39789999998961], [-122.13266899996921, 40.39792000031787], [-122.13155799955842, 40.398244000019034], [-122.12939500008471, 40.398762999686404], [-122.12926000036549, 40.39884299993831], [-122.12912200027321, 40.398924000267534], [-122.12905299977795, 40.39913799987463], [-122.12907299986942, 40.39947099998195], [-122.12923799972586, 40.400102000105086], [-122.12938300038914, 40.40048900009839], [-122.12941099997822, 40.400564000295795], [-122.1294439995902, 40.40065299972846], [-122.12948499959806, 40.400764000185745], [-122.12957400018483, 40.40114400018672], [-122.12959000007837, 40.40121200005425], [-122.12962100004052, 40.401343999721725], [-122.12966600024635, 40.40182000004225], [-122.12967200009413, 40.40188600033839], [-122.12969200018563, 40.40223200008575], [-122.1297259996225, 40.40235799976159], [-122.12978599989695, 40.40258500024916], [-122.12977199965324, 40.40303800018479], [-122.12959500010125, 40.40338300006149], [-122.12896400008947, 40.403824999689185], [-122.1283609996668, 40.40395899990064], [-122.12814599958165, 40.4040699996951], [-122.12758599971501, 40.40407199988695], [-122.12755200027813, 40.40406399980335], [-122.12743400027736, 40.404036999941745], [-122.12705299961252, 40.403949000292236], [-122.12678099962596, 40.40390299988558], [-122.12641999995094, 40.403843000110896], [-122.12610899960632, 40.40380200013146], [-122.12583699961976, 40.403660000159945], [-122.12574399973334, 40.40356299977114], [-122.12569199985481, 40.40350900031924], [-122.1256419996261, 40.403461000085976], [-122.1255799997018, 40.40341000018546], [-122.12543400011192, 40.40328800017274], [-122.1252409997681, 40.40311800014515], [-122.12521300017899, 40.403109999948164], [-122.12508099993453, 40.40307199985463], [-122.12450099997638, 40.40297800032317], [-122.12375799981162, 40.403076999724135], [-122.12355299977222, 40.403125000231206], [-122.1227979999119, 40.403302000308784], [-122.12268800030704, 40.403327999674204], [-122.12232799955862, 40.40333900016569], [-122.1220949999301, 40.40334299990868], [-122.12156699985051, 40.403352000184526], [-122.12131699960526, 40.40335700003328], [-122.12118799973382, 40.403396000071886], [-122.12106100041052, 40.40343399998251], [-122.1208270000588, 40.40350399979775], [-122.12072499995155, 40.403589999822856], [-122.12053699963057, 40.403749000287924], [-122.12042000035304, 40.40384799992312], [-122.12026899984197, 40.40426599974188], [-122.12024700010065, 40.4046389998842], [-122.12001199992403, 40.404906000136215], [-122.11943899963856, 40.40552100011531], [-122.11933400005658, 40.40563400021557], [-122.11887999959681, 40.406029999789965], [-122.11830899985951, 40.40645199998161], [-122.11798499999443, 40.40660400011892], [-122.11791200019951, 40.40663800003966], [-122.11756900006783, 40.40664899999025], [-122.11718499992827, 40.406521000019005], [-122.11670000040468, 40.40627499997863], [-122.11646600005295, 40.406092999865024], [-122.11614899986054, 40.405846000242924], [-122.11578900001044, 40.40569399976187], [-122.11570600016977, 40.40565899997602], [-122.11478100043013, 40.405336999860886], [-122.11378899984503, 40.40515299978752], [-122.11290799958802, 40.40507400027459], [-122.11213600000924, 40.40514000011646], [-122.11130199960792, 40.40540200005284], [-122.11084600039665, 40.40559899971446], [-122.11068999986271, 40.40566599979783], [-122.11064399983195, 40.40590799973757], [-122.1106809996419, 40.406359999821696], [-122.11092000001649, 40.40737100008936], [-122.11094400030592, 40.40754100032014], [-122.11069200041085, 40.40780099972185], [-122.11017299965376, 40.40818999998453], [-122.10962899968064, 40.4084940002741], [-122.10955099986285, 40.40853900024979], [-122.10658800032294, 40.40947900023527], [-122.10613200021336, 40.409638999798425], [-122.10468500024191, 40.41014499977787], [-122.10404699965916, 40.41048100015764], [-122.10387099993206, 40.41060200012989], [-122.10357800002909, 40.41099199992777], [-122.10310299965293, 40.411960999922165], [-122.10307500006385, 40.411990999959784], [-122.10293299977363, 40.412146999802985], [-122.10291600005517, 40.41216600002661], [-122.10288199972001, 40.41218300029417], [-122.10249000008282, 40.41239200029556], [-122.1022120002485, 40.41254499998319], [-122.10172600000169, 40.41267100018893], [-122.10142800007586, 40.41278199997934], [-122.10072500009407, 40.413045000224514], [-122.10059000037485, 40.413147999710155], [-122.10056000023764, 40.41317100017801], [-122.1005169996816, 40.41321199992203], [-122.1004520002826, 40.413274000154765], [-122.10020100021242, 40.413772999815315], [-122.09972800038442, 40.41438099987916], [-122.09937900040495, 40.41462000012675], [-122.09918100003824, 40.4147019998759], [-122.09904799996885, 40.414756999860195], [-122.09888300011241, 40.414756999860195], [-122.09858299963844, 40.41475799979727], [-122.09850399999573, 40.41473599980933], [-122.0984389996984, 40.414680999807885], [-122.09837099992635, 40.41454900030494], [-122.09828700026075, 40.41438600027651], [-122.0982999997812, 40.41403099986768], [-122.09833199956826, 40.41377700030621], [-122.09836500007856, 40.41352299978591], [-122.098381999797, 40.41338800019087], [-122.09839299966764, 40.41330400029096], [-122.09864200008798, 40.41134399999002], [-122.09863200004223, 40.410848000086695], [-122.09853199958481, 40.41046700014679], [-122.09821699994055, 40.41020600009564], [-122.09740199980577, 40.40992900026014], [-122.09683500026642, 40.40989699996861], [-122.09552399983909, 40.41002299966047], [-122.09516499981387, 40.41027699971184], [-122.09492499961438, 40.41050500016942], [-122.09469500035893, 40.41072399988166], [-122.0934960000846, 40.41229200025805], [-122.09331199996159, 40.412655999981396], [-122.09318800011302, 40.413254000284475], [-122.0929400004159, 40.41375400004544], [-122.09282800026288, 40.413868999902675], [-122.09243400007762, 40.414066000087566], [-122.09174399961628, 40.41428699972658], [-122.09167199964628, 40.414309999805155], [-122.09163700038448, 40.414320999869695], [-122.09160800007217, 40.414330000045496], [-122.0912780003593, 40.414344999879866], [-122.09058600024815, 40.4142640003241], [-122.09036199994219, 40.41412600032441], [-122.09028499994928, 40.41399700026199], [-122.09040299995006, 40.413583999777536], [-122.09087400012825, 40.41276999969656], [-122.09132400039005, 40.4118379996965], [-122.09173899959345, 40.411365999719], [-122.09187500003587, 40.41114000010832], [-122.09185199957132, 40.41099199992777], [-122.09171799967702, 40.41076499974858], [-122.09147599982768, 40.41059500013742], [-122.09134299975831, 40.410571000157724], [-122.09120300001622, 40.41054600016977], [-122.09107800034276, 40.410586000146054], [-122.09102899993894, 40.41060200012989], [-122.09090099989243, 40.41070699992952], [-122.09039600027737, 40.41146999970862], [-122.0901610001007, 40.41166300014463], [-122.08991900025138, 40.41186199990834], [-122.08913500007876, 40.41219000012146], [-122.08805899982804, 40.412451000001695], [-122.08671399996383, 40.41265200010789], [-122.08502199977003, 40.41271400017261], [-122.08440900019993, 40.41273600013771], [-122.0840690004413, 40.41269600007144], [-122.08385000015818, 40.412670000220835], [-122.0822679995692, 40.41260100033176], [-122.0819150002901, 40.412586000108575], [-122.08114700001099, 40.41236900024538], [-122.08081099955201, 40.412274000044], [-122.08015000030133, 40.41228099986183], [-122.07865599957589, 40.412676000029414], [-122.0768689998458, 40.41339299997804], [-122.07524600014726, 40.41388099998945], [-122.07466600018911, 40.41411800006791], [-122.07345100002127, 40.414796000132654], [-122.07283699972793, 40.415059000029686], [-122.07223400020358, 40.41524500023863], [-122.07205099990549, 40.41530099970812], [-122.07162800030619, 40.41532999969595], [-122.0703980000697, 40.41530400017912], [-122.07016299989306, 40.41529899984999], [-122.06962800014078, 40.415328999767375], [-122.06921999971175, 40.41535100024538], [-122.06814600000922, 40.415477999911], [-122.06768599970168, 40.41555999998245], [-122.06704499964417, 40.41567500017278], [-122.06597099994161, 40.4155780000014], [-122.06500600001903, 40.415333000165695], [-122.06435200044102, 40.41528999980379], [-122.0638369998819, 40.41532999969595], [-122.06311999965641, 40.41550799974858], [-122.06289100022589, 40.415585000159496], [-122.06234100040496, 40.415768999754235], [-122.0619849998545, 40.41594199973197], [-122.06192200010533, 40.415981999920476], [-122.06163900024809, 40.41616000030006], [-122.06136200023865, 40.41621200003005], [-122.06103800037354, 40.41627199972115], [-122.06088100001475, 40.41635099976862], [-122.06064300036333, 40.41650599985188], [-122.06061700042407, 40.41652299970693], [-122.06044900019458, 40.41661800006491], [-122.0602600000487, 40.41666300007972], [-122.0599980001079, 40.41672599977621], [-122.05908000004095, 40.41677300021707], [-122.05891699983431, 40.41678100015785], [-122.05760999960498, 40.41651399982445], [-122.05755400042676, 40.41650300011843], [-122.05736600010577, 40.41650100029602], [-122.05701399975331, 40.4166030000533], [-122.0566699997967, 40.41684500033397], [-122.05639000031255, 40.41712799983782], [-122.0562320001288, 40.41734699988147], [-122.05595799959407, 40.418003999838874], [-122.05593599985278, 40.4180570000836], [-122.05573900020929, 40.41825600008765], [-122.05547600044356, 40.41842799994344], [-122.05538299965882, 40.41848900027573], [-122.05455500000357, 40.4187419999536], [-122.05377199965584, 40.41914000010823], [-122.05329200015514, 40.41948199991364], [-122.05251999967808, 40.42024300033119], [-122.05215200033034, 40.42037399975208], [-122.05214099956137, 40.42038000024148], [-122.05191999962844, 40.42037899970404], [-122.05169899969549, 40.42037899970404], [-122.0514519998233, 40.42033599983147], [-122.05106600003393, 40.42026800013593], [-122.05069899961279, 40.420107999857116], [-122.0499399995545, 40.41992100023719], [-122.0494240000688, 40.419886000327416], [-122.04928299960348, 40.41987700021088], [-122.04891199988272, 40.41991299998586], [-122.04825099973372, 40.419976000058696], [-122.04797999957206, 40.41996399969111], [-122.04759200013285, 40.41994899974162], [-122.0474599998884, 40.41990899985984], [-122.04715399956663, 40.419817000315135], [-122.04644599956198, 40.41946500012234], [-122.04521100020095, 40.41868300029219], [-122.04478699987841, 40.418508000076415], [-122.04471499990841, 40.41847800020866], [-122.0446289996947, 40.41847099966768], [-122.04289600039128, 40.418326000217235], [-122.04188999956247, 40.41824200032658], [-122.04094300008153, 40.41826600030603], [-122.03978399999018, 40.41842999970852], [-122.03793100013786, 40.418947999791435], [-122.03684599966633, 40.419381000286], [-122.03676899967343, 40.41941200030292], [-122.0366880003809, 40.41942800023992], [-122.0359510000639, 40.419568999904676], [-122.03563399987151, 40.41966400006514], [-122.03555799970353, 40.41968699967346], [-122.03532199970199, 40.419684000081844], [-122.03505999976115, 40.41960300011431], [-122.0346520002305, 40.41936200004793], [-122.0333020003434, 40.418124000075075], [-122.03258900031587, 40.41755299988714], [-122.03234800029145, 40.417435999692366], [-122.03227200012347, 40.417399000061906], [-122.03220000015344, 40.4173850001225], [-122.03194999990819, 40.41733499972887], [-122.03142299965349, 40.41734300028681], [-122.03100099987911, 40.41734899967873], [-122.03036200036973, 40.41747599967662], [-122.03021300040682, 40.41756400010539], [-122.0300979998808, 40.417716999659824], [-122.03010799992653, 40.417893999662354], [-122.03021699970648, 40.41809200026097], [-122.03063900037917, 40.418694000325736], [-122.03086100013701, 40.41916100015239], [-122.03088500042648, 40.41933699990647], [-122.03087200000766, 40.41979900006237], [-122.03081400028137, 40.42000699980146], [-122.03066799979317, 40.42045299977028], [-122.03042199974587, 40.420793999892446], [-122.03008600018521, 40.420987000256524], [-122.02681200030071, 40.421822999823036], [-122.02475100003595, 40.42252699967831], [-122.02424700024578, 40.42271900003879], [-122.02347099957075, 40.42313199984378], [-122.02343799995877, 40.423149000076165], [-122.02307499973561, 40.423451000189594], [-122.0230300004281, 40.423487999910954], [-122.02267800007556, 40.423705000159124], [-122.0223259997231, 40.42392199970726], [-122.02223700003464, 40.42395299968326], [-122.02190099957564, 40.42407000016983], [-122.02124600017275, 40.4241370003276], [-122.02115300028635, 40.42414599987425], [-122.02030499964128, 40.42415299982469], [-122.01990799998123, 40.42404000004692], [-122.01943599997814, 40.42369599986966], [-122.01907799977783, 40.42319900025198], [-122.01896399997503, 40.423040999733644], [-122.01893700021087, 40.423013999962855], [-122.01814200016754, 40.422217000226354], [-122.0173429999263, 40.42156600007819], [-122.01670600006676, 40.4212620000278], [-122.01587000001557, 40.42101800021732], [-122.01561300009763, 40.42096100019017], [-122.01537200007321, 40.42090800018151], [-122.01500100035246, 40.42093800033344], [-122.01481100038164, 40.42101300031285], [-122.01474799973414, 40.421079000252924], [-122.01458100022789, 40.42125399993595], [-122.01450699970972, 40.42133099992581], [-122.01409800035412, 40.42216099967445], [-122.01385300013173, 40.423391999870894], [-122.01388599974369, 40.42392300019199], [-122.01383399986516, 40.42438399983268], [-122.0137870000095, 40.42455800001649], [-122.01362700017593, 40.42477500023201], [-122.0133150000064, 40.42493399988256], [-122.01279199994968, 40.425099999692954], [-122.01251800031329, 40.42515500006711], [-122.0119500000507, 40.425171999788205], [-122.01164700010202, 40.42527100004974], [-122.01107999966435, 40.42574499982186], [-122.01031599958318, 40.4265579997636], [-122.01011200026701, 40.42670700034017], [-122.00993999983956, 40.42676700024505], [-122.00985899964869, 40.42676400028528], [-122.00965899963217, 40.42675799968144], [-122.00957499996659, 40.426711999821414], [-122.009527000286, 40.4266859999163], [-122.00950899984434, 40.42667700002571], [-122.0093509996606, 40.42659199985995], [-122.00875300015907, 40.426046999905225], [-122.0086910002348, 40.42599000003633], [-122.00867000031843, 40.42597899982814], [-122.00831399976796, 40.42578200033289], [-122.00794499969702, 40.42573200002558], [-122.00722400017189, 40.425901999688], [-122.00650199992354, 40.42615000000172], [-122.00639599961829, 40.42618599983895], [-122.0058469996223, 40.42637400027126], [-122.00528500010584, 40.42643399978937], [-122.00496000041582, 40.42639200013228], [-122.00438799995528, 40.42607800026958], [-122.00362499969907, 40.42539999969534], [-122.00330800040497, 40.42504899977836], [-122.00319600025199, 40.42496800011604], [-122.00303499969519, 40.424853000081754], [-122.00258899963134, 40.42473799985085], [-122.00218699994844, 40.42472300028199], [-122.00180500035701, 40.42470800002588], [-122.00155099991382, 40.42469800008128], [-122.00143399973794, 40.42466999981806], [-122.00141600019457, 40.42466599997489], [-122.00128300012518, 40.42463399985334], [-122.00123600026953, 40.424623000107196], [-122.0011709999722, 40.42459300023093], [-122.00114500003293, 40.42458100000314], [-122.00112499994147, 40.42457199983093], [-122.00099400042019, 40.42451200001953], [-122.00077500013707, 40.424247999666456], [-122.00000400038323, 40.4233159999985], [-121.99977400022948, 40.423145000142554], [-121.99958000006069, 40.423062999741504], [-121.99940699980834, 40.4230189997186], [-121.99886799985809, 40.423002999951784], [-121.99876800029898, 40.42297600016573], [-121.99847299984788, 40.422925999824166], [-121.99798400012634, 40.42288799997735], [-121.99763900034485, 40.422794999901846], [-121.99733800004597, 40.42302599978632], [-121.99698599969345, 40.42319600013306], [-121.99684900032442, 40.423294999883645], [-121.99672700012567, 40.42341100033852], [-121.99667699989696, 40.423466000042104], [-121.99662699966824, 40.4235860001097], [-121.99645500013912, 40.423872000068805], [-121.9964119995831, 40.42400900011101], [-121.99635399985678, 40.42411899986311], [-121.99626099997037, 40.42426200022924], [-121.99613200009892, 40.42440500029142], [-121.9960459998852, 40.424471000322754], [-121.99593799993016, 40.42450899995913], [-121.99580099966282, 40.4245259998435], [-121.99552799985135, 40.42450400031413], [-121.99545599988134, 40.424515000079744], [-121.99539200030723, 40.42454299972357], [-121.99530600009349, 40.424619000261245], [-121.99523400012349, 40.42475699993825], [-121.99516200015346, 40.42539899991637], [-121.99511199992473, 40.425515000162065], [-121.99501900003834, 40.42559700030937], [-121.99488199977095, 40.42565200027711], [-121.99419300003288, 40.42569599994536], [-121.99401300010781, 40.425713000213584], [-121.99388400023639, 40.425713000213584], [-121.99378299995406, 40.42570799997423], [-121.99345999991388, 40.42561399991876], [-121.99333000021753, 40.42559800008539], [-121.99277000035086, 40.425614999694524], [-121.99267599974122, 40.42559800008539], [-121.99248900014346, 40.425543000073475], [-121.99231000004335, 40.42546099986035], [-121.99221600033201, 40.42540599973641], [-121.99207999988957, 40.42529099976718], [-121.99200799991957, 40.42515400028449], [-121.99202200016325, 40.42492300018547], [-121.99205800014825, 40.424852000294656], [-121.99220100026339, 40.42473099996129], [-121.99267499991632, 40.42448900000923], [-121.99272599996993, 40.424433999774365], [-121.99274000021364, 40.42433500033244], [-121.99263899993132, 40.424142999797525], [-121.9925750003572, 40.42408799996361], [-121.99247400007489, 40.424033000084734], [-121.99233000013483, 40.42399500017944], [-121.99212199972236, 40.42397299979253], [-121.99166200031311, 40.424006000028236], [-121.99131699963333, 40.4240500000894], [-121.99115199977689, 40.424033999883996], [-121.99105100039286, 40.42400099966198], [-121.9908789999654, 40.42388600002603], [-121.99074900026908, 40.42374300022824], [-121.99031099970283, 40.42335299979412], [-121.99015199969419, 40.42328200029768], [-121.99000899957905, 40.4232489997068], [-121.98983600022501, 40.42322699975978], [-121.98949100044351, 40.4232489997068], [-121.98933300025976, 40.42329300026313], [-121.98920400038833, 40.423391999870894], [-121.98880199980712, 40.42387599995918], [-121.98865100019437, 40.424012999993245], [-121.98829899984185, 40.42424900014635], [-121.9880839997567, 40.42441999993119], [-121.98791899990026, 40.424508000166924], [-121.98776800028755, 40.42455700022501], [-121.98758800036248, 40.424567999981896], [-121.98745899959273, 40.42455700022501], [-121.9870629997576, 40.42444800029848], [-121.98703900036647, 40.42443999990166], [-121.98642400024823, 40.42424500027816], [-121.98603599991071, 40.42413999972072], [-121.98585599998567, 40.42411299970718], [-121.98573399978692, 40.424080000207844], [-121.98548899956454, 40.423992000095986], [-121.98534600034773, 40.42391000004358], [-121.98523800039267, 40.42381700001331], [-121.98517300009539, 40.42373399994386], [-121.98493600026892, 40.42332300003532], [-121.98490000028389, 40.42319600013306], [-121.98490000028389, 40.423141000208716], [-121.984935000444, 40.42296599996365], [-121.984935000444, 40.422872000179424], [-121.984927999873, 40.42283900007127], [-121.98482800031388, 40.422763000257916], [-121.98471299978782, 40.42274100015195], [-121.98451100012146, 40.42274100015195], [-121.98410900043856, 40.422899999823336], [-121.98383599972878, 40.42296100020396], [-121.9835920002296, 40.422983000237984], [-121.98331199984712, 40.422983000237984], [-121.98303900003565, 40.42297699998072], [-121.98268599985825, 40.422939000162756], [-121.98224099961932, 40.422835000119186], [-121.98205400002155, 40.422775000126165], [-121.98184599960909, 40.422730999914876], [-121.981485999759, 40.42268100007502], [-121.98109800031979, 40.422648999693024], [-121.98056699986715, 40.42263800030616], [-121.98030099972837, 40.422665000227866], [-121.98003499958956, 40.42270400001965], [-121.97974699970949, 40.422719999857584], [-121.97962500040909, 40.42271000030127], [-121.9793879996843, 40.4226000002967], [-121.9790649996441, 40.42235800020052], [-121.97886299997774, 40.42211699974539], [-121.9787340001063, 40.42191900005064], [-121.97854699961024, 40.42168299992944], [-121.97829499971515, 40.42142999968556], [-121.978015000231, 40.421210999938765], [-121.97786399971996, 40.42112300017697], [-121.97769899986349, 40.42106799992544], [-121.97752599961115, 40.421041000046635], [-121.97705899963093, 40.420992000162926], [-121.9762040002115, 40.421002999818896], [-121.97613899991414, 40.421029999713], [-121.97592399982899, 40.42106899976878], [-121.97580199963025, 40.42116200017888], [-121.97572999966022, 40.42127199979936], [-121.97558599972018, 40.42159599993668], [-121.9755220001461, 40.42180500010706], [-121.97545000017607, 40.42194200025576], [-121.97532799997732, 40.422074000299894], [-121.9752059997786, 40.42217300033397], [-121.97504099992214, 40.42226599990167], [-121.97493999963982, 40.42230999973322], [-121.97463099984333, 40.42239300019197], [-121.97430799980314, 40.42252500003501], [-121.97417100043411, 40.4225299998271], [-121.97394200010523, 40.42251399994398], [-121.97371100012654, 40.42245299984189], [-121.97341700039868, 40.422321999682325], [-121.97270500019607, 40.422079999953816], [-121.97238200015589, 40.421982000296474], [-121.97232500025447, 40.42198099978287], [-121.9721090003444, 40.42192700006342], [-121.97187900019065, 40.42189900001451], [-121.97182899996191, 40.42188799982116], [-121.97153400040915, 40.42186100027143], [-121.97126099969934, 40.42186100027143], [-121.97090199967415, 40.421871999785346], [-121.97061399979408, 40.42191100003687], [-121.97017600012616, 40.421943999916444], [-121.96975900037462, 40.42195999993508], [-121.96958699994717, 40.42195999993508], [-121.96872499995673, 40.42189999984549], [-121.9682859995656, 40.421943999916444], [-121.96787700021, 40.42204300014184], [-121.96750999978889, 40.4221150000899], [-121.96733800025974, 40.42213100006788], [-121.96719400031971, 40.42213100006788], [-121.96702899956493, 40.422103999931835], [-121.96656900015572, 40.42196099976516], [-121.96615200040421, 40.42185099990358], [-121.965168000215, 40.421681000260996], [-121.96486600009125, 40.42165399994433], [-121.96466500024978, 40.421587999884544], [-121.96451399973871, 40.4215330000132], [-121.96428399958494, 40.42146199996359], [-121.96402500001719, 40.42134700009025], [-121.96375200020572, 40.421258999822456], [-121.9633859996095, 40.42111100001404], [-121.96300499984298, 40.42093000020306], [-121.96280400000154, 40.42090800018151], [-121.96278200026022, 40.42091899985126], [-121.96210600004262, 40.42089699982613], [-121.96184099972876, 40.42081400025705], [-121.96158200016097, 40.420644000045606], [-121.96141700030455, 40.42051799972435], [-121.96128000003719, 40.42038100009504], [-121.96115799983848, 40.420183000077955], [-121.96112900042446, 40.420050999742784], [-121.96098499958609, 40.41973300023434], [-121.96088500002698, 40.41956800003904], [-121.96077700007194, 40.4194419997542], [-121.96064700037562, 40.41933199987706], [-121.96056799983458, 40.41928300011636], [-121.96049599986455, 40.419277000212986], [-121.9602880003504, 40.41921099987285], [-121.96008699961062, 40.41916200002407], [-121.95984999978417, 40.41914000010823], [-121.95946900001766, 40.41915100006705], [-121.95887300016602, 40.419205999834084], [-121.95862100027092, 40.41918399993268], [-121.95844899984348, 40.41918999984435], [-121.95826200024574, 40.419238999672785], [-121.95811099973467, 40.41926100024013], [-121.95800299977964, 40.41926100024013], [-121.95765100032546, 40.4191789998919], [-121.95744299991298, 40.41915100006705], [-121.95705499957546, 40.41902000031641], [-121.9568100002514, 40.41900900033616], [-121.9564369999825, 40.41910200017451], [-121.95617099984372, 40.41913500006418], [-121.95601299965996, 40.419119000057556], [-121.95565399963478, 40.4190420002715], [-121.95492800008675, 40.41898699968642], [-121.95433899990779, 40.418909999749275], [-121.95413800006635, 40.418843999733035], [-121.9536350001011, 40.41855900016288], [-121.95345500017605, 40.41849799989401], [-121.95300999993711, 40.41839399982391], [-121.95281599976836, 40.418311999786795], [-121.95270799981333, 40.418245999867786], [-121.95244900024555, 40.418043000281074], [-121.9521980001754, 40.41789500023675], [-121.95203900016674, 40.417840000081895], [-121.95189600005159, 40.417822999875675], [-121.95175200011155, 40.41783400004983], [-121.95161599966912, 40.41786699987752], [-121.95147199972905, 40.417965999947455], [-121.95134299985764, 40.41811399983558], [-121.95130000019994, 40.41820200011381], [-121.95127099988763, 40.41830099969079], [-121.95125599981901, 40.41861399973001], [-121.95122800022993, 40.418691000005914], [-121.95116299993259, 40.418795000300825], [-121.95104800030484, 40.41890000031055], [-121.95096899976383, 40.41892699968083], [-121.95085400013612, 40.418948999666284], [-121.95076100024968, 40.418937999674434], [-121.95050199978358, 40.41887800030908], [-121.95043700038458, 40.41884999967503], [-121.95019299998712, 40.41879000023114], [-121.94983399996191, 40.418646999859035], [-121.94917299981292, 40.41834500006396], [-121.94906499985791, 40.418311999786795], [-121.94863399986266, 40.41812499996216], [-121.9484110002799, 40.41805399973532], [-121.94831800039348, 40.41800999985577], [-121.94793000005596, 40.41789999968907], [-121.94764899984857, 40.417773999699854], [-121.94750599973345, 40.41768600022969], [-121.94741899969482, 40.41761899980199], [-121.94738400043299, 40.41759299980184], [-121.94731199956468, 40.41749999992932], [-121.94714599988332, 40.41735700023495], [-121.94698100002688, 40.4171650003012], [-121.94686600039914, 40.417060000319424], [-121.94675099987313, 40.416971999915376], [-121.94654300035896, 40.41687899986841], [-121.9462350003874, 40.41679099991152], [-121.94619799967917, 40.41678000025079], [-121.94604700006643, 40.416753000018936], [-121.94512700034967, 40.41673600022201], [-121.94481900037808, 40.416753000018936], [-121.9446240003844, 40.416753000018936], [-121.94419300038918, 40.41673600022201], [-121.94410700017546, 40.4167039997478], [-121.94366199993654, 40.41642899981105], [-121.94316599964401, 40.4160060000222], [-121.94300099978754, 40.41589599999874], [-121.9427639999611, 40.415818999943724], [-121.942548000051, 40.41576400014356], [-121.94215300004082, 40.415615999873694], [-121.94175800003059, 40.41552800031678], [-121.94160700041786, 40.415505999896595], [-121.94139099960948, 40.41544600020634], [-121.94114600028541, 40.41536300006788], [-121.94109699988161, 40.415346999848126], [-121.94098899992656, 40.41533100030852], [-121.9407949997578, 40.415374999888236], [-121.94070199987138, 40.41541900012307], [-121.94065099981776, 40.415463000329204], [-121.94054399968765, 40.4155780000014], [-121.94036399976261, 40.41584699978741], [-121.94019899990616, 40.416012000217286], [-121.9400330002248, 40.41611100028095], [-121.93986099979735, 40.41617100006215], [-121.9396099997272, 40.416197999843654], [-121.93942999980213, 40.416197999843654], [-121.93919299997566, 40.41615400011817], [-121.93892000016419, 40.41603900006253], [-121.93867599976673, 40.41586900009606], [-121.93863200028409, 40.41586299988822], [-121.93833799965792, 40.4158909997136], [-121.9379429996477, 40.415873999698874], [-121.93781299995138, 40.41591300000791], [-121.93769099975263, 40.416012000217286], [-121.9374899999112, 40.416363000096666], [-121.93734599997113, 40.4165279999451], [-121.93682899976217, 40.416962000188555], [-121.93657799969202, 40.417120999840265], [-121.9361609999405, 40.417412000100775], [-121.93573699961796, 40.41761000006613], [-121.93541399957778, 40.417713999980315], [-121.9350899997127, 40.41775200001407], [-121.93485299988623, 40.41776900023822], [-121.93481000022852, 40.41776900023822], [-121.93467399978607, 40.417735999678534], [-121.93445799987603, 40.41766499972512], [-121.9341559997522, 40.41754900030469], [-121.93402699988079, 40.41746699992162], [-121.933768000313, 40.417264000036226], [-121.93364600011425, 40.41724699968451], [-121.93355999990054, 40.41729100006305], [-121.93346700001413, 40.417361999727206], [-121.93297800029261, 40.41787299990664], [-121.93283400035257, 40.4179989997104], [-121.93264000018378, 40.41806499987171], [-121.93251100031236, 40.41808700013904], [-121.93212299997482, 40.41810899971529], [-121.93183599991966, 40.41810400027855], [-121.93154100036689, 40.418076000006295], [-121.93136100044183, 40.418049000294495], [-121.93119599968708, 40.41800499972775], [-121.93102400015796, 40.41799400026548], [-121.93090199995922, 40.4179989997104], [-121.93073600027783, 40.41802099999936], [-121.93054200010909, 40.418076000006295], [-121.93000300015883, 40.41814200009202], [-121.92961499982133, 40.41816899976651], [-121.92940700030715, 40.418219000224205], [-121.92919100039711, 40.418311999786795], [-121.92911199985608, 40.41832299988095], [-121.92873899958718, 40.41830099969079], [-121.92837200006437, 40.418240999757295], [-121.92807099976548, 40.41820800011305], [-121.92779799995401, 40.41821300022599], [-121.92702200017727, 40.41842199996381], [-121.9266410004108, 40.41858700023411], [-121.92646800015842, 40.41868500004975], [-121.92619500034695, 40.41881200026139], [-121.92604399983588, 40.41891100030861], [-121.92592900020817, 40.41899300029957], [-121.9255919999243, 40.419267000144934], [-121.92535400027292, 40.41951500030078], [-121.92517500017274, 40.41973400009753], [-121.92480100007896, 40.420079999735], [-121.92454199961286, 40.42040999994501], [-121.9243550000151, 40.42062400031435], [-121.92420500022727, 40.42077199982643], [-121.9239959999899, 40.42095300006246], [-121.92338500006962, 40.421623000276625], [-121.92311899993085, 40.42186500028138], [-121.92302600004443, 40.421908999691375], [-121.92273099959333, 40.42198499978569], [-121.92256599973689, 40.4220729997876], [-121.92232200023774, 40.42227099971301], [-121.92204900042626, 40.42258399974634], [-121.92188299984659, 40.42287500031278], [-121.92178300028748, 40.42300100032264], [-121.92165299969282, 40.423121999664836], [-121.92135099956901, 40.423308999960916], [-121.92114999972758, 40.423412999955474], [-121.92092100029701, 40.42348300019007], [-121.92078700040271, 40.423523999805184], [-121.92059700043194, 40.42358300000806], [-121.9204819999059, 40.42358300000806], [-121.92030500035389, 40.42365200026081], [-121.9202300000108, 40.4236819998729], [-121.92020200042172, 40.4236819998729], [-121.92015999969061, 40.42370100025859], [-121.92008000022298, 40.42373700003882], [-121.9194469996631, 40.423917999819615], [-121.91920999983662, 40.424016999875285], [-121.91895100026886, 40.42411499998719], [-121.9187289996127, 40.424225000249756], [-121.91853600016715, 40.424299000188434], [-121.9184549999763, 40.42432999999065], [-121.91805999996609, 40.424521999991775], [-121.9177369999259, 40.42457100003967], [-121.91752100001584, 40.42458199979427], [-121.91726999994566, 40.42466399971133], [-121.91709000002061, 40.4247470000009], [-121.91701800005059, 40.424823000308066], [-121.91698899973828, 40.42487299992342], [-121.91679499956953, 40.42492799979933], [-121.91672400032273, 40.42493300009668], [-121.91655100007037, 40.42497700023531], [-121.91641499962792, 40.424987999923516], [-121.91624200027388, 40.42503200002612], [-121.91616299973282, 40.425064999742325], [-121.91602600036379, 40.42516400016135], [-121.91590400016507, 40.42527400007616], [-121.9156959997526, 40.42549300027231], [-121.91565300009489, 40.425528999777335], [-121.91560700006416, 40.425565999723375], [-121.91542299994114, 40.42571799976872], [-121.91524300001608, 40.425834000148114], [-121.91509200040335, 40.42591599990651], [-121.91479699995224, 40.425993000030616], [-121.91415099987188, 40.426058000102344], [-121.9139709999468, 40.426058000102344], [-121.91388499973307, 40.42603100017485], [-121.91377699977804, 40.425931999664236], [-121.91373400012036, 40.42587199969834], [-121.9136549995793, 40.42570100018561], [-121.9135259997079, 40.42554800032511], [-121.91349700029389, 40.42549300027231], [-121.91351900003521, 40.42537199972434], [-121.91355500002021, 40.42532300026002], [-121.91356900026389, 40.42526800002325], [-121.91359100000521, 40.425130000026954], [-121.91371300020396, 40.42483900032579], [-121.91374199961797, 40.4246200000518], [-121.91370599963295, 40.42434500033105], [-121.91364100023392, 40.42420200014132], [-121.91356900026389, 40.424119999661094], [-121.91344700006518, 40.42401600007576], [-121.91316699968269, 40.42384499994774], [-121.91304500038228, 40.42378500017168], [-121.91187399969704, 40.423344999950935], [-121.91144299970179, 40.42320799992407], [-121.91133499974676, 40.42315300000953], [-121.91096200037617, 40.422895000058745], [-121.91010700005843, 40.42261399983477], [-121.90978999986602, 40.42253200015414], [-121.9097470002083, 40.42250999997262], [-121.90940200042682, 40.422432999964514], [-121.90879900000415, 40.422268000236556], [-121.90854000043637, 40.42217499998774], [-121.90828900036622, 40.4220980002801], [-121.90786500004367, 40.422010000310834], [-121.90744800029216, 40.421971000116706], [-121.90724699955241, 40.42189999984549], [-121.90698100031194, 40.42170700004914], [-121.9068590001132, 40.42167499988764], [-121.90680200021177, 40.4216690001976], [-121.90664400002805, 40.4216690001976], [-121.90652900040031, 40.421695999824344], [-121.90639200013295, 40.42175699992906], [-121.90628400017792, 40.421834000027005], [-121.90609000000917, 40.42194300008611], [-121.90562300002895, 40.42205900013694], [-121.90542899986018, 40.42208600029104], [-121.90505599959127, 40.42217400016089], [-121.9047679997112, 40.42229399979783], [-121.90431499997464, 40.42252500003501], [-121.9041569997909, 40.42257400016986], [-121.9040639999045, 40.42259099985937], [-121.90394900027677, 40.42259099985937], [-121.90380500033672, 40.42253600012419], [-121.90363999958197, 40.422397999993876], [-121.90357500018295, 40.42229399979783], [-121.9033810000142, 40.422035999971776], [-121.90321600015777, 40.421870999953946], [-121.90297900033129, 40.42169000013618], [-121.90290700036128, 40.42165700013206], [-121.90266299996378, 40.42144800018578], [-121.90226100028089, 40.421211999779985], [-121.9019020002557, 40.421031000240745], [-121.90150700024549, 40.420936999804304], [-121.90129800000811, 40.420914999785055], [-121.9009459996556, 40.42093100004844], [-121.90070899982915, 40.420985999728074], [-121.90065199992775, 40.421014000157], [-121.90046500032999, 40.4211289999157], [-121.90035700037494, 40.421261000187336], [-121.90032800006261, 40.421376000207694], [-121.90031299999401, 40.42171100006825], [-121.9002779998339, 40.421875999794636], [-121.90016999987887, 40.422111999922656], [-121.90009000041125, 40.42219999975844], [-121.8999039997401, 40.42234200027654], [-121.89973800005876, 40.42240800028045], [-121.89965199984502, 40.42242999981144], [-121.8989689999547, 40.42249599972901], [-121.8988760000683, 40.4225179999151], [-121.89880400009827, 40.42255100018078], [-121.89876100044059, 40.42258399974634], [-121.89872499955723, 40.42263299983821], [-121.89858099961722, 40.42306699967998], [-121.89850199997448, 40.4234020000097], [-121.89844400024816, 40.423533999924366], [-121.89840099969216, 40.42358799972152], [-121.89821400009438, 40.42371999995505], [-121.89763900015916, 40.42396199993829], [-121.89732299979163, 40.42409899979725], [-121.89729400037763, 40.4241210001429], [-121.89726500006532, 40.42415400030599], [-121.89725099982161, 40.42427399983013], [-121.89731600011895, 40.4245380000811], [-121.89735100027903, 40.424785000165215], [-121.89732199996674, 40.42492300018547], [-121.89726500006532, 40.425070999813286], [-121.89719300009531, 40.42515299981807], [-121.89701300017025, 40.42525200010758], [-121.89664699957403, 40.42536199987846], [-121.89644599973256, 40.42541099999822], [-121.89604999989746, 40.425438000174545], [-121.89599299999607, 40.42544899978741], [-121.89592100002604, 40.425499000305145], [-121.89588500004103, 40.42554200029664], [-121.89587099979731, 40.42560300033293], [-121.89586999997239, 40.42586599969877], [-121.89584900005603, 40.42606400008473], [-121.89581999974368, 40.42611400014528], [-121.895777000086, 40.42637700024843], [-121.89579100032968, 40.426756000163934], [-121.89574100010097, 40.42683800016596], [-121.89556100017593, 40.42700900020711], [-121.8954890002059, 40.42705799981085], [-121.89495000025565, 40.42730500021455], [-121.89483499972961, 40.42733200031441], [-121.89472000010187, 40.42733200031441], [-121.89458299983451, 40.4273210003257], [-121.89433199976436, 40.42727200022972], [-121.89393699975415, 40.42717300017812], [-121.89357699990404, 40.427145000261376], [-121.8934699997739, 40.427118000086445], [-121.89333300040487, 40.42705199991714], [-121.89295199974005, 40.42695799968847], [-121.89263600027087, 40.42685399970436], [-121.89249999982844, 40.426843000321256], [-121.89231999990338, 40.42686999992279], [-121.89209700032062, 40.42692500021722], [-121.8916660003254, 40.42712799967131], [-121.89145700008802, 40.42719899989493], [-121.8913780004453, 40.427242999918846], [-121.89124899967555, 40.4272759999179], [-121.89110499973552, 40.42735299985273], [-121.89081100000766, 40.42747400025598], [-121.89060199977027, 40.42754500011439], [-121.89027200005741, 40.42768700029009], [-121.88984000023727, 40.42781399991877], [-121.8896390003958, 40.42782999990882], [-121.88956700042579, 40.42785199971801], [-121.88935900001331, 40.42798899985957], [-121.88921500007328, 40.42813700026301], [-121.88920000000468, 40.42817600030122], [-121.88917200041557, 40.428389999897995], [-121.88913600043057, 40.428438999863275], [-121.88905600006461, 40.42848299975979], [-121.8889129999495, 40.428527000311306], [-121.8886319997421, 40.42866399976177], [-121.88845299964193, 40.42869199972985], [-121.88802300036993, 40.42879200000934], [-121.88800699957811, 40.4287960002909], [-121.88767699986525, 40.42882900021178], [-121.88749699994018, 40.428877999857214], [-121.88743900021386, 40.428915999739054], [-121.88735300000012, 40.42901499996021], [-121.88735999967282, 40.42967999993421], [-121.88726599996149, 40.42986600006424], [-121.88708600003643, 40.430119000032995], [-121.88699999982269, 40.43019600013183], [-121.88672700001125, 40.43035499995937], [-121.8862809999474, 40.430645999727936], [-121.88597899982362, 40.43086500021083], [-121.88586400019588, 40.431001999685066], [-121.88578499965485, 40.43115599982392], [-121.88570600001214, 40.43125999999351], [-121.88558299998849, 40.43137000019514], [-121.88528099986468, 40.43162799977552], [-121.88484999986949, 40.43191300004577], [-121.88423200027653, 40.43240200009924], [-121.88405200035143, 40.43260999984246], [-121.88398700005413, 40.43276399971781], [-121.88398000038143, 40.43286299974444], [-121.8839150000841, 40.4329999999346], [-121.88383600044139, 40.43307700015356], [-121.883655999618, 40.433169999687685], [-121.88355500023397, 40.43320900022604], [-121.88341899979154, 40.43324200003275], [-121.8832389998665, 40.433268999800354], [-121.88288700041231, 40.43338399980352], [-121.88252800038711, 40.43342799988353], [-121.88241299986105, 40.43346599992943], [-121.88208200032328, 40.43354900029694], [-121.88190900007088, 40.433625000230556], [-121.88180899961347, 40.43370199973377], [-121.8815640002894, 40.433977000170295], [-121.88151400006069, 40.43406399987526], [-121.88134800037933, 40.43446000034039], [-121.88129800015062, 40.434541999837904], [-121.88119699986828, 40.434762000263746], [-121.88111099965455, 40.43488799988509], [-121.8808880000718, 40.43509699977827], [-121.8807540001775, 40.435206000223765], [-121.88036300036524, 40.435530000247624], [-121.87998900027145, 40.43595799981882], [-121.87982299969178, 40.43609499985678], [-121.87960799960663, 40.43619399976535], [-121.87947100023757, 40.436222000016954], [-121.8792910003125, 40.436238000057784], [-121.87900400025735, 40.43623200029933], [-121.87878099977628, 40.436254000094806], [-121.87865199990482, 40.436286999774616], [-121.87842099992615, 40.43643499969315], [-121.87804699983234, 40.43670400017546], [-121.87775999977715, 40.43682500016345], [-121.87763000008083, 40.4368580002467], [-121.8771849998419, 40.436907000195426], [-121.87703400022916, 40.43691200028583], [-121.87676100041769, 40.43689000002191], [-121.8765089996243, 40.43685199985983], [-121.87609799972056, 40.43670900028096], [-121.875833000305, 40.43667400021821], [-121.87558899990752, 40.43661299996755], [-121.87523699955503, 40.43655499986845], [-121.87495000039816, 40.43649999992864], [-121.87449000009063, 40.43645500019306], [-121.87431699983827, 40.436444000329075], [-121.87413400043847, 40.43643799990525], [-121.87390099991164, 40.436444000329075], [-121.87379299995663, 40.43643200016465], [-121.8737000000702, 40.43641600016998], [-121.87342700025873, 40.436302999799985], [-121.87320399977766, 40.43623099999764], [-121.8729669999512, 40.43618699970063], [-121.87283100040706, 40.4361759997928], [-121.87273699979743, 40.4361759997928], [-121.87266499982739, 40.43618099993762], [-121.87246399998592, 40.43623600013837], [-121.87233500011452, 40.436279999719574], [-121.87224100040318, 40.436323999955725], [-121.87199000033303, 40.43641999999808], [-121.87144999965953, 40.43679799977251], [-121.87105399982443, 40.43700300008905], [-121.870960999938, 40.437043999667125], [-121.8707910000587, 40.43709199987516], [-121.87056900030085, 40.437153999979145], [-121.87044000042941, 40.43720299971215], [-121.86985999957295, 40.43740699987711], [-121.86954800030172, 40.437517999877734], [-121.86924600017792, 40.43764899983988], [-121.86890100039645, 40.437829999785144], [-121.86874900006048, 40.43791800025106], [-121.8681239998965, 40.438242999784904], [-121.86800099987283, 40.43834199994922], [-121.86789399974272, 40.438434999722176], [-121.86781099990206, 40.43847899991543], [-121.86761699973329, 40.438560999981235], [-121.86741500006693, 40.438657000248064], [-121.86732899985321, 40.4386870000042], [-121.86722099989818, 40.438714999901244], [-121.8671389998824, 40.43870899968011], [-121.86701300038403, 40.43870899968011], [-121.86691200010168, 40.438701000296014], [-121.8666889996206, 40.43865100002174], [-121.8666099999779, 40.43865100002174], [-121.86651700009146, 40.43866200020832], [-121.86622900021139, 40.438788000041995], [-121.86614299999765, 40.438859000262056], [-121.86589699995037, 40.4391359999511], [-121.86576999972876, 40.43927899983754], [-121.86566799962151, 40.439393999817234], [-121.86559900002456, 40.43946200000393], [-121.86542300029744, 40.43957300003029], [-121.86516399983134, 40.439727999932906], [-121.86462800025414, 40.440106000252456], [-121.86429000014536, 40.4403200001712], [-121.8641749996193, 40.44038800010501], [-121.86392299972422, 40.44048999987673], [-121.86359200018644, 40.44059599975706], [-121.86234199985847, 40.440764999897766], [-121.86201100032066, 40.4407589998596], [-121.86158699999815, 40.44071199976991], [-121.86145599957857, 40.44067999976277], [-121.8613650002403, 40.44065699981232], [-121.8609640003823, 40.44055800032224], [-121.86078299973403, 40.44051299988432], [-121.8607250000077, 40.44050200000056], [-121.86051699959523, 40.440491000115], [-121.86038799972381, 40.44050999985406], [-121.8603369996702, 40.44052399976623], [-121.86018600005745, 40.44061999996473], [-121.8600200003761, 40.44077599973849], [-121.85978600002437, 40.44101400032619], [-121.85972199955197, 40.44105800019892], [-121.85964999958193, 40.441096000034754], [-121.85950599964188, 40.44114599985804], [-121.85928999973183, 40.44123599985634], [-121.85907100034703, 40.441337000166776], [-121.85898099993534, 40.44138699981076], [-121.85888700022399, 40.441462999772696], [-121.85872900004027, 40.441554000252744], [-121.8585490001152, 40.44160799993846], [-121.85834800027376, 40.44163599998631], [-121.85816099977767, 40.441668000222066], [-121.85775099969885, 40.44168499987111], [-121.85763600007114, 40.441700999979176], [-121.8571620004182, 40.441836999718895], [-121.85708299987718, 40.441854000008824], [-121.85697499992214, 40.44186499967136], [-121.85685299972339, 40.44186499967136], [-121.856831999807, 40.44185999994926], [-121.85675900001208, 40.44184500009715], [-121.85668100019427, 40.44180700000101], [-121.85637900007046, 40.44154800028499], [-121.85619300029764, 40.44139700000858], [-121.856098999688, 40.441344999920865], [-121.85598400006025, 40.44132299974017], [-121.85589799984653, 40.44133299994751], [-121.85536599956897, 40.4414430000789], [-121.85527299968257, 40.44145600025657], [-121.85508899955956, 40.441471999735505], [-121.85476999971732, 40.44145600025657], [-121.85464800041689, 40.44144499984342], [-121.85454999960928, 40.441461000008665], [-121.85443900017953, 40.44149099988094], [-121.85418700028444, 40.44156999970835], [-121.85406500008571, 40.44160300019731], [-121.85382800025926, 40.44164099972507], [-121.85325300032397, 40.44174200011065], [-121.8530519995842, 40.44180800021974], [-121.85288599990287, 40.44186800032484], [-121.85277799994783, 40.441927999692695], [-121.85245800028068, 40.442124999747364], [-121.85200499964583, 40.44234399976219], [-121.85178899973579, 40.44245899996809], [-121.85159499956701, 40.442532999669595], [-121.85145099962695, 40.44257699991546], [-121.85135000024295, 40.44259599974858], [-121.85112000008918, 40.44260400003651], [-121.85098399964673, 40.44260100009956], [-121.85063899986525, 40.442539999757265], [-121.85048800025251, 40.44250399978707], [-121.85025800009873, 40.44245700023373], [-121.84993500005855, 40.442357999976096], [-121.84966600044503, 40.4422669999007], [-121.8495040000633, 40.44220700015179], [-121.84931400009253, 40.442127000175276], [-121.84908499976366, 40.44202200018987], [-121.84883700006654, 40.441920000007954], [-121.84852099969905, 40.44177700026981], [-121.84812999988681, 40.44157299969137], [-121.84789300006034, 40.44143800032542], [-121.84753400003514, 40.441207000097926], [-121.8473330001937, 40.441070000221416], [-121.84658400018114, 40.44043199970377], [-121.84633999978368, 40.44017399971902], [-121.84601799956839, 40.43984700013613], [-121.84589600026798, 40.4397169999207], [-121.84575900000061, 40.43958299981424], [-121.84567699998486, 40.43953600026975], [-121.8455799999005, 40.439503000133584], [-121.84548299981608, 40.439503000133584], [-121.84539699960237, 40.43951100010592], [-121.84529600021834, 40.439527000047754], [-121.84521000000463, 40.43954900013249], [-121.84457999981778, 40.43986700030474], [-121.84386099994248, 40.4402470003266], [-121.84372399967509, 40.440301999935926], [-121.84355899981865, 40.440354000146726], [-121.84350100009236, 40.440365000054655], [-121.84337899989362, 40.440362000017785], [-121.84322099970987, 40.44034500003419], [-121.84309199983844, 40.440306000216545], [-121.8429839998834, 40.44026799993415], [-121.84290500024069, 40.4402490001267], [-121.84275399972962, 40.44019600027573], [-121.84251699990318, 40.44015199983882], [-121.84226599983302, 40.44013499980212], [-121.84202499980857, 40.440148999792434], [-121.84192100005151, 40.44014800023274], [-121.84174100012645, 40.44012099980893], [-121.84136799985755, 40.44002400002002], [-121.84095899960363, 40.43989400014686], [-121.83980700008328, 40.43942399992817], [-121.83972000004465, 40.43938500025989], [-121.83943299998947, 40.43922799973605], [-121.83935400034675, 40.43915399981491], [-121.83931199961566, 40.439087999834975], [-121.83926200028525, 40.438989000085456], [-121.83895400031366, 40.438533000020065], [-121.83888900001635, 40.43842299991306], [-121.8388499996583, 40.43833000012351], [-121.83881399967329, 40.43828799969118], [-121.83880700000057, 40.43825799975699], [-121.83875799959678, 40.43783799995654], [-121.83871499993907, 40.43774699991608], [-121.83867200028136, 40.437670999855484], [-121.83860699998404, 40.43760999982566], [-121.83854300040993, 40.437568999909004], [-121.8384420001276, 40.437536000174745], [-121.837801999895, 40.43770200033138], [-121.83752900008353, 40.43772100017487], [-121.83740699988479, 40.437714999865015], [-121.83709800008832, 40.43768499967515], [-121.83622900042518, 40.43756300026933], [-121.83608499958683, 40.437551000304566], [-121.83594200037, 40.43756500014926], [-121.83581199977533, 40.43758400003152], [-121.83555400003247, 40.43768499967515], [-121.83525899958137, 40.43775099966499], [-121.83510799996863, 40.43775599969264], [-121.83487799981486, 40.4377450000415], [-121.83473399987483, 40.437702999927446], [-121.8343609996059, 40.43743900007471], [-121.83430399970452, 40.43737599994889], [-121.83423199973448, 40.437343000119895], [-121.8341680001604, 40.437329000228985], [-121.83407400044905, 40.43732099999696], [-121.83362099981423, 40.43754300009901], [-121.83351600023222, 40.43757500023189], [-121.83326900036005, 40.43760200031081], [-121.83276600039477, 40.43757099978882], [-121.83185699965033, 40.437551000304566], [-121.83104800026167, 40.437594000111325], [-121.8307889997956, 40.43765599975239], [-121.83060200019784, 40.43775000006964], [-121.83046599975542, 40.43783100006299], [-121.83012699982169, 40.43800700019335], [-121.82982600042111, 40.43810200029367], [-121.82958100019871, 40.438149000156926], [-121.82890599980604, 40.43821099996997], [-121.82859600018465, 40.43828200011565], [-121.82850999997093, 40.438305999782024], [-121.82840600021385, 40.43836100029558], [-121.82814699974777, 40.438528000050155], [-121.8279590003251, 40.438698000184885], [-121.82746999970524, 40.43896100030254], [-121.82725399979516, 40.43904799971201], [-121.82705299995372, 40.43911699982377], [-121.82686600035596, 40.439159999996335], [-121.82674400015722, 40.43916600017722], [-121.82647100034576, 40.43916300008684], [-121.8263340000784, 40.43915099972395], [-121.82593900006819, 40.43914500022544], [-121.82506200000913, 40.439195999706236], [-121.82497599979541, 40.439214999811234], [-121.82490399982538, 40.43923699999807], [-121.82477400012905, 40.43928899966523], [-121.82453700030258, 40.43945299977202], [-121.8243359995628, 40.43958200024612], [-121.82426399959277, 40.439595999667894], [-121.82389700007002, 40.43962200005137], [-121.8236710001142, 40.439661000265886], [-121.82350500043283, 40.43970700015667], [-121.82320300030905, 40.4398030001545], [-121.82195899982888, 40.4402729997746], [-121.82161400004738, 40.44034900031225], [-121.82104599978481, 40.44042800011435], [-121.82054299981957, 40.44041900001177], [-121.82021999977935, 40.4403770002008], [-121.81996100021158, 40.440332999882344], [-121.8196520004151, 40.440291000017645], [-121.81938600027634, 40.44026900017572], [-121.81928599981892, 40.44027099997521], [-121.81919899978028, 40.440277000056945], [-121.81873900037104, 40.440386000309], [-121.81863100041602, 40.44044899966536], [-121.81840100026224, 40.44065399978848], [-121.81830699965258, 40.44071700026104], [-121.8182790000635, 40.440725000088946], [-121.81794799962739, 40.440824000016796], [-121.81782499960376, 40.44084000032979], [-121.81768900005962, 40.440875000274886], [-121.81745899990584, 40.44089999993154], [-121.81737600006517, 40.440919000238594], [-121.81726100043745, 40.44099300026803], [-121.81720399963774, 40.44105299973317], [-121.81711699959908, 40.44110800005046], [-121.81695199974264, 40.44116500009557], [-121.81667100043357, 40.44122000032124], [-121.81653499999113, 40.44122800008924], [-121.81639100005107, 40.44125200007134], [-121.81581600011582, 40.441262000289235], [-121.81563600019075, 40.441262000289235], [-121.8154500004179, 40.441240000081386], [-121.81491099956934, 40.441208999869524], [-121.81475300028393, 40.441195000099945], [-121.81456599978786, 40.44120299987093], [-121.8140410000813, 40.4412350003128], [-121.81397599978398, 40.441246000076625], [-121.81384699991254, 40.44125600029537], [-121.81350200013105, 40.44136899986118], [-121.81283299958613, 40.44171599986346], [-121.81260900017848, 40.44184200012634], [-121.81227199989459, 40.44196200022228], [-121.81191899971716, 40.44211800030016], [-121.8115410003237, 40.44229899983609], [-121.81099399997753, 40.442512000085955], [-121.81070600009745, 40.44263999995315], [-121.81048299961635, 40.44275800026648], [-121.81024599978988, 40.44291399986446], [-121.81013799983485, 40.44296900002644], [-121.81005099979622, 40.443024000143424], [-121.80972799975603, 40.44308600024622], [-121.80937499957861, 40.44321499990187], [-121.80928900026322, 40.44326900030428], [-121.8092170002932, 40.44333800018561], [-121.80911199981288, 40.44361499987822], [-121.80906900015518, 40.44371600003256], [-121.80899600036024, 40.44382100010653], [-121.80877999955186, 40.44401500020894], [-121.80872299965046, 40.44404800018121], [-121.80863599961182, 40.44407800026624], [-121.80839899978535, 40.444126999738266], [-121.80824800017264, 40.44413000029077], [-121.8081259999739, 40.44416000033921], [-121.80803200026254, 40.44419300024028], [-121.80793199980513, 40.4442499997205], [-121.80732300043299, 40.44479300015351], [-121.80719299983832, 40.44486599984703], [-121.80713599993693, 40.44488300005457], [-121.8070709996396, 40.44489600025057], [-121.80681899974451, 40.44496700017255], [-121.80676900041414, 40.44497500017829], [-121.8066970004441, 40.444978000009286], [-121.80658199991804, 40.444970000003906], [-121.80653900026036, 40.4449499999862], [-121.80631699960418, 40.44477999993758], [-121.80618400043312, 40.44466999979758], [-121.80610499989209, 40.444595000220446], [-121.80609099964838, 40.444572999736145], [-121.80603399974694, 40.44452699975672], [-121.80598299969334, 40.44450499993382], [-121.80592599979194, 40.44447399986033], [-121.80581700001198, 40.44443700006264], [-121.80571800027779, 40.444411000174185], [-121.80548800012402, 40.444339000167574], [-121.80540899958301, 40.444309000199034], [-121.80525799997027, 40.4442340002191], [-121.80515099984012, 40.44415200023641], [-121.80494300032598, 40.44397299991005], [-121.80474999998212, 40.44379399979064], [-121.80457799955468, 40.443645999664206], [-121.80444799985835, 40.44357100031185], [-121.80439799962964, 40.443549000176], [-121.80434099972823, 40.443532999824065], [-121.8042400003442, 40.44352999992858], [-121.80418300044279, 40.44354399989554], [-121.80412499981816, 40.443575999906635], [-121.80407499958945, 40.44359600033312], [-121.8036999996707, 40.44380899989151], [-121.80356400012658, 40.44387200014188], [-121.80347000041526, 40.443895999863614], [-121.80334800021652, 40.44389299998433], [-121.80323299969048, 40.4438849998498], [-121.80313300013137, 40.44385999993596], [-121.80303199984903, 40.443840999776505], [-121.80290999965028, 40.44380499981934], [-121.80273800012115, 40.44371099976451], [-121.8025010002947, 40.44352999992858], [-121.80239400016455, 40.4434659998473], [-121.80228200001157, 40.443408000191035], [-121.80213899989646, 40.44338400029506], [-121.80198099971271, 40.44337200000203], [-121.80180800035865, 40.44337499990456], [-121.80106799966865, 40.44340100019381], [-121.80077999978852, 40.44341900028296], [-121.80036399986193, 40.44342500008371], [-121.80020599967818, 40.443420999988696], [-121.80002599975312, 40.443426000278315], [-121.7997350003983, 40.44347500022561], [-121.79962700044327, 40.44350300017947], [-121.79933199999218, 40.44350199998597], [-121.79923200043307, 40.443496000192084], [-121.79915999956474, 40.443485000112815], [-121.7990740002493, 40.44346299994883], [-121.79882599965387, 40.44334999980105], [-121.79871799969887, 40.44329300024131], [-121.79851100000961, 40.443121999904726], [-121.7983889998109, 40.44297899998892], [-121.79832400041188, 40.44288299974088], [-121.79827400018314, 40.44285299980619], [-121.79820300003804, 40.44281999993093], [-121.7962849998884, 40.44248600013654], [-121.79611199963604, 40.44248600013654], [-121.7959900003356, 40.44252200011642], [-121.7959040001219, 40.44256299974715], [-121.79553699970076, 40.442778999773275], [-121.79543600031676, 40.442834000045714], [-121.79535000010301, 40.44286399998894], [-121.79526999973709, 40.44288299974088], [-121.79509099963691, 40.44290699981578], [-121.79496799961328, 40.442888000070575], [-121.7946239996567, 40.44287900029734], [-121.79404899972144, 40.44291900019178], [-121.7939190000251, 40.442940999850144], [-121.79370300011503, 40.44302800026207], [-121.79345899971756, 40.443093999792154], [-121.79325000037849, 40.443117999791724], [-121.79297699966871, 40.443189000224365], [-121.79285500036828, 40.44320499997451], [-121.7926179996435, 40.44320200006438], [-121.79253900000079, 40.443193999847615], [-121.79246000035809, 40.44317999980776], [-121.79239500006075, 40.443147000093035], [-121.79231600041803, 40.443093999792154], [-121.79185799976031, 40.442651000170756], [-121.79177200044491, 40.44259100008085], [-121.79165699991884, 40.44253900023311], [-121.79136999986369, 40.44245300008111], [-121.79122599992364, 40.44243599994267], [-121.7907520002707, 40.442421999744944], [-121.79063699974466, 40.442399999916724], [-121.79057200034563, 40.44235300029067], [-121.79042900023052, 40.442188000208716], [-121.79037499980383, 40.4421330000914], [-121.79026799967372, 40.442112999913256], [-121.790189000031, 40.44212400021704], [-121.79006299963432, 40.44215099983641], [-121.78997700031891, 40.44218400004009], [-121.78992600026528, 40.44222499987698], [-121.78989000028027, 40.442288999772444], [-121.78984599989933, 40.442474999891985], [-121.78982400015803, 40.44265299989934], [-121.78983800040172, 40.44274999999688], [-121.78991700004444, 40.44292300031667], [-121.79000200043326, 40.44313400024239], [-121.79000900010594, 40.44322199991847], [-121.79000200043326, 40.44325800018787], [-121.78995100037962, 40.443331000181104], [-121.7897570002109, 40.44341100009197], [-121.78969600011152, 40.443426999789274], [-121.789343999759, 40.44346000005021], [-121.78912799984896, 40.443469999939644], [-121.78890500026617, 40.44348900020402], [-121.78862499988368, 40.443578999800074], [-121.78811400042085, 40.443671999848576], [-121.7880059995675, 40.44369600032539], [-121.78787699969605, 40.44369600032539], [-121.78771900041065, 40.443664999878834], [-121.78759700021189, 40.4436350002931], [-121.78737499955572, 40.44351599995876], [-121.78694000026084, 40.443296000147384], [-121.7866819996197, 40.443186000313524], [-121.78664599963467, 40.44316100013971], [-121.78586400001016, 40.44281899972727], [-121.78569199958272, 40.442768999781094], [-121.78557699995501, 40.44274400013587], [-121.78544800008355, 40.44270599986425], [-121.7851960001885, 40.44257900032993], [-121.78507499981465, 40.44253500008543], [-121.78493099987459, 40.44249600017086], [-121.78480899967587, 40.442490000287194], [-121.78442799990937, 40.44245700023373], [-121.78431999995433, 40.44243499973329], [-121.78422700006794, 40.44240999996385], [-121.78402600022648, 40.44233199996712], [-121.78394699968544, 40.44227699996762], [-121.78389700035503, 40.44222499987698], [-121.78378600002696, 40.442076999714374], [-121.78356500009403, 40.44150800025838], [-121.78345799996391, 40.44139200025167], [-121.78337900032116, 40.441331999721726], [-121.78328600043477, 40.44128800002833], [-121.78281899955623, 40.4410919998012], [-121.78272599966978, 40.441047999950726], [-121.7826260001107, 40.4409870002502], [-121.78256800038437, 40.440957000153006], [-121.78248999966823, 40.440907000189206], [-121.78242100007128, 40.44084699991006], [-121.78230700026846, 40.44073100013016], [-121.78227100028343, 40.44065500002436], [-121.78221400038203, 40.44057700004231], [-121.78215599975742, 40.44051400012225], [-121.78192700032687, 40.44031899993039], [-121.78184799978582, 40.44024499984273], [-121.78154099963916, 40.43974399982311], [-121.78148299991284, 40.43970599990674], [-121.78139000002645, 40.439688999757266], [-121.78099500001623, 40.43969900020768], [-121.78089399973388, 40.439710000222775], [-121.78052800003599, 40.439715000104776], [-121.78029799988221, 40.439694999890946], [-121.78007500029948, 40.439639999785015], [-121.77987100008494, 40.43956800013778], [-121.77950500038706, 40.439337000321544], [-121.77944799958733, 40.439277000008595], [-121.77939800025693, 40.43920999989205], [-121.7793329999596, 40.4391359999511], [-121.7792829997309, 40.43905899983368], [-121.77921900015679, 40.43894700006482], [-121.77918300017178, 40.43886400020729], [-121.77906299962288, 40.438468999967256], [-121.77894100032245, 40.43835300018636], [-121.77887299965208, 40.43830399992408], [-121.77880800025305, 40.438270000279275], [-121.77873600028303, 40.438245999916326], [-121.77864300039661, 40.43822099995651], [-121.77844199965686, 40.43821200024214], [-121.77793500039195, 40.438282999703105], [-121.77774399969795, 40.438369999989945], [-121.7776080001538, 40.438447000212825], [-121.77730500020512, 40.43866299979012], [-121.77718300000637, 40.438739999677416], [-121.77708199972402, 40.43878100024735], [-121.77697399976898, 40.43881599989698], [-121.77688799955527, 40.43881599989698], [-121.7766440000561, 40.43874400005093], [-121.77657200008609, 40.438703000142155], [-121.77647199962867, 40.438598000278375], [-121.77645800028327, 40.438485999741516], [-121.77645800028327, 40.438383999664104], [-121.77647599982663, 40.4382909998206], [-121.77653399955295, 40.43814499974802], [-121.77657100026117, 40.43797000025469], [-121.77657100026117, 40.43784100010605], [-121.77655700001749, 40.43776899989956], [-121.77652100003246, 40.43770600008297], [-121.77647099980375, 40.4376620000675], [-121.77640700022964, 40.43762600021993], [-121.77632000019102, 40.43760999982566], [-121.77622700030462, 40.43760699966585], [-121.77614799976357, 40.437631000256864], [-121.77575199992845, 40.43782600004092], [-121.77567999995843, 40.43784699972097], [-121.77562300005702, 40.43785300001905], [-121.77555799975967, 40.437854999890355], [-121.77541399981963, 40.43781900014612], [-121.77495500023534, 40.437687000235236], [-121.77473900032525, 40.43774100029223], [-121.77468900009653, 40.437743999762375], [-121.77450199960049, 40.437797999773586], [-121.77432199967542, 40.4379109996821], [-121.77404100036635, 40.438149000156926], [-121.77372800037189, 40.43837100025981], [-121.77361200002093, 40.43842799989078], [-121.77351199956352, 40.438457999749104], [-121.77339699993578, 40.43848000018366], [-121.77310200038302, 40.43851999996086], [-121.77296500011568, 40.438528000050155], [-121.77277900034281, 40.43851699984166], [-121.77260600009046, 40.43848099976817], [-121.77246999964802, 40.43843900011384], [-121.772405000249, 40.43841199968738], [-121.77221899957786, 40.43830200006612], [-121.7713979995953, 40.437672000135706], [-121.7710679998824, 40.4375120002335], [-121.77032200024293, 40.43721900020327], [-121.77005000025635, 40.43710599981542], [-121.76993399990539, 40.437072999853854], [-121.76978400011757, 40.43704499995671], [-121.769215999855, 40.437027000211984], [-121.76856899994972, 40.43708899969223], [-121.76794399978573, 40.43718699990091], [-121.767785999602, 40.43722499987365], [-121.76755499962333, 40.437329000228985], [-121.7674330003229, 40.43736399995081], [-121.76726099989541, 40.43738299988983], [-121.76709500021408, 40.437365999836665], [-121.76692299978663, 40.43732200028243], [-121.76685400018965, 40.437303999928126], [-121.76678499969435, 40.437284999966785], [-121.76666500004379, 40.437252999695886], [-121.76652100010372, 40.43720900006769], [-121.76625499996494, 40.4370760000375], [-121.76614399963685, 40.437004999985696], [-121.76560600040982, 40.43678699996464], [-121.76517500041463, 40.43669299966847], [-121.76498200007077, 40.436658999892664], [-121.76406900002671, 40.43662399980384], [-121.76399000038398, 40.4366300002111], [-121.76360200004646, 40.43663999974906], [-121.763357999649, 40.43663700022965], [-121.76254599988725, 40.436679000325945], [-121.76138099994814, 40.436844000254794], [-121.7602100001612, 40.43689300021372], [-121.76004399958151, 40.4368799998374], [-121.7595060003545, 40.43676099985224], [-121.75850899974651, 40.43640400000051], [-121.7583010002324, 40.43635400006914], [-121.75812799998, 40.436320999738534], [-121.75786199984125, 40.436286999774616], [-121.7577329999698, 40.436293000211904], [-121.75725099992094, 40.436391000213376], [-121.7570280003382, 40.43642300021086], [-121.75692000038316, 40.43643400007823], [-121.75646099990053, 40.43640200008604], [-121.75622400007406, 40.436391000213376], [-121.75606599989034, 40.43639599965847], [-121.75549000013014, 40.436554000255306], [-121.7553749996041, 40.43657599994548], [-121.75518100033366, 40.43658899969684], [-121.75510199979263, 40.436584000266095], [-121.75475799983606, 40.43650100022632], [-121.75443399997096, 40.43642800033726], [-121.7535870000491, 40.43633299992277], [-121.75354400039139, 40.43632500025597], [-121.75338200000972, 40.436318999821545], [-121.75309900015249, 40.43634100027235], [-121.75216400036713, 40.436487000160085], [-121.75192599981743, 40.43651399999219], [-121.75172499997596, 40.43650500004932], [-121.75109899998708, 40.43639899987232], [-121.75056500005967, 40.43641999999808], [-121.75038599995955, 40.436432999779605], [-121.75025600026319, 40.43646299984438], [-121.75011200032316, 40.43648500024803], [-121.7499609998121, 40.43647899982787], [-121.74979599995567, 40.436450999683345], [-121.74968100032794, 40.43641499987104], [-121.74898500001885, 40.43626800020958], [-121.74889200013244, 40.43625999985135], [-121.74879800042109, 40.43626499998988], [-121.74874099962138, 40.43628200032142], [-121.74861799959774, 40.4363389996722], [-121.74802400029422, 40.43676299975603], [-121.74793700025556, 40.436804000164194], [-121.74781500005683, 40.436825999772566], [-121.74770100025401, 40.43681699987147], [-121.74755700031398, 40.436795000260204], [-121.74743500011523, 40.43676200014604], [-121.7473060002438, 40.43671199979711], [-121.74722000003008, 40.43666799981487], [-121.74711899974773, 40.43663700022965], [-121.74694300002064, 40.436618000079825], [-121.74683900026355, 40.43662300019178], [-121.74675300004984, 40.43664200034019], [-121.7466300000262, 40.43668600033944], [-121.74647199984246, 40.43675100033228], [-121.74636399988742, 40.43678100025517], [-121.74619200035829, 40.43680600006676], [-121.74605500009092, 40.436799999675195], [-121.74566699975341, 40.436750000038316], [-121.74558100043801, 40.43673600002392], [-121.74525000000189, 40.43672700011082], [-121.74516999963596, 40.436725999816495], [-121.74503200044201, 40.436725999816495], [-121.74482300020462, 40.43672000010159], [-121.74466199964785, 40.43670400017546], [-121.74458999967781, 40.43668100023218], [-121.74437499959267, 40.43655199966155], [-121.74430299962263, 40.43648000012586], [-121.74423499985058, 40.43645599980767], [-121.74415600020787, 40.43643900020387], [-121.74407699966683, 40.436441000117235], [-121.7439550003664, 40.436451999981706], [-121.74379700018265, 40.43647899982787], [-121.74366300028835, 40.4364949998076], [-121.74357700007464, 40.43650100022632], [-121.7432580002324, 40.43644800015551], [-121.74310000004866, 40.43640400000051], [-121.74281899984126, 40.436398000256865], [-121.7426179999998, 40.43641899969919], [-121.74239500041705, 40.436453999894745], [-121.7423019996323, 40.436462000229874], [-121.74215100001956, 40.43645599980767], [-121.74202200014815, 40.43642599973976], [-121.74192099986583, 40.436393000128184], [-121.74187900003304, 40.436343000188636], [-121.74167800019154, 40.436238000057784], [-121.7415340002515, 40.43619699998822], [-121.74134799958037, 40.436177000095306], [-121.74118199989901, 40.43618499977971], [-121.74092300033124, 40.436189999923805], [-121.74061399963644, 40.436173000252744], [-121.74043500043459, 40.43613900021399], [-121.7401259997398, 40.43604799992513], [-121.73986100032425, 40.43592100012004], [-121.73973900012551, 40.43587700030391], [-121.73960299968309, 40.43582199980949], [-121.73945200007033, 40.43579900024825], [-121.73920799967287, 40.43580199980504], [-121.7389780004174, 40.43577900023695], [-121.73881299966266, 40.435757000285996], [-121.73854700042219, 40.43570699987349], [-121.73842500022344, 40.43572899984081], [-121.73828100028344, 40.43577499968697], [-121.73810100035837, 40.43584599967025], [-121.73795700041833, 40.435888999883645], [-121.73782099997587, 40.43591700026225], [-121.73773200028742, 40.43593000014103], [-121.73766100014231, 40.43593999978309], [-121.73759800039312, 40.43594899980158], [-121.73655899995235, 40.43598200031477], [-121.73646500024101, 40.43598200031477], [-121.73630399968421, 40.43598200031477], [-121.7361609995691, 40.43596199967416], [-121.73596700029863, 40.43595099972953], [-121.73581599978759, 40.435928000212456], [-121.73562199961881, 40.43588399971716], [-121.73542099977738, 40.43582300011721], [-121.73497300006372, 40.43570899980868], [-121.73489500024593, 40.43568899977057], [-121.73469199985632, 40.435637999680736], [-121.73458499972621, 40.43563199986874], [-121.73447000009847, 40.43564800004997], [-121.7342900001734, 40.4356810000272], [-121.734197000287, 40.435715999923175], [-121.73399100042268, 40.435814000081905], [-121.73381499979726, 40.435917999884865], [-121.73350900037384, 40.436082000009904], [-121.73323499983911, 40.436266000291056], [-121.73306900015778, 40.43634800032103], [-121.73272799967592, 40.43650100022632], [-121.73219499957347, 40.436704999786365], [-121.73181299998204, 40.436863999949296], [-121.7316699998669, 40.43691299989364], [-121.73142499964452, 40.437022000130085], [-121.73128400007752, 40.4370980002406], [-121.73116199987881, 40.43718300011849], [-121.73102499961144, 40.437303999928126], [-121.73093799957279, 40.43740800016124], [-121.73083700018876, 40.43753900033772], [-121.7307109997921, 40.43767599988908], [-121.73054500011071, 40.4378240001687], [-121.73042399973691, 40.43791399982835], [-121.73033900024637, 40.43797700013377], [-121.73021000037497, 40.43805099998303], [-121.73001200000824, 40.438199000120875], [-121.72994699971093, 40.43825400003823], [-121.72989999985526, 40.438303000336994], [-121.72983100025829, 40.43850600031502], [-121.72981600018969, 40.43859399989612], [-121.72968599959502, 40.43891199979968], [-121.72949800017234, 40.43920800006104], [-121.72940699993576, 40.439411000041254], [-121.72934199963844, 40.43953099969078], [-121.72923700005646, 40.439658000197596], [-121.7291140000328, 40.43974800013693], [-121.72897099991768, 40.43982399990068], [-121.72876199968029, 40.439894999710326], [-121.72853099970162, 40.43999299993111], [-121.72808200016306, 40.440170999673626], [-121.72797000001005, 40.440219999942556], [-121.72747700009054, 40.44048200002086], [-121.72651899984062, 40.441047999950726], [-121.72642099993135, 40.44111400005749], [-121.72631700017426, 40.44121300009612], [-121.72624500020424, 40.44129500024564], [-121.72611799998262, 40.44141300018519], [-121.72595599960096, 40.44153800010968], [-121.72575099956151, 40.44168600009159], [-121.72567899959148, 40.44176299993489], [-121.72563199973582, 40.441861000167194], [-121.72560999999453, 40.44192700015945], [-121.72556300013888, 40.44202599968447], [-121.72546500022958, 40.44215799996386], [-121.72525900036524, 40.44238200023839], [-121.7251370001665, 40.44252699978923], [-121.72499599970119, 40.44271899979767], [-121.72480800027856, 40.44301000006821], [-121.72475999969963, 40.44310300022027], [-121.72468400042999, 40.4432349997521], [-121.72460900008691, 40.4433940001958], [-121.72439200035191, 40.443628999827475], [-121.72421900009957, 40.44377199972778], [-121.72415100032751, 40.4438180002239], [-121.72390199990714, 40.44396599997162], [-121.72380099962483, 40.444030999762475], [-121.72369600004284, 40.44413000029077], [-121.72359200028575, 40.4442499997205], [-121.7235160001178, 40.44430500015662], [-121.72340399996479, 40.444337999986516], [-121.72313100015333, 40.44440599995784], [-121.7230089999546, 40.44447699971368], [-121.72293299978661, 40.444530999785925], [-121.72279600041756, 40.44464699984503], [-121.72262999983789, 40.44476699971909], [-121.72244999991285, 40.4448760002109], [-121.7221439995911, 40.44504600001676], [-121.72188099982537, 40.44524000000184], [-121.72174000025835, 40.445431999781064], [-121.72164900002174, 40.44558000007684], [-121.72160600036406, 40.445700999813255], [-121.72155100011247, 40.44582700012651], [-121.72152599999811, 40.44595300020356], [-121.72152199980016, 40.44605700004583], [-121.72152500017322, 40.44617800029078], [-121.72142200024105, 40.44665500011766], [-121.7213569999437, 40.44678700019401], [-121.72127400010304, 40.446919000011135], [-121.72096399958333, 40.447217000157316], [-121.72084800013072, 40.44734799967729], [-121.72078700003134, 40.44745300023022], [-121.72065999980973, 40.44762299967077], [-121.72060600028135, 40.44773799973206], [-121.72044300007474, 40.44804500011493], [-121.72036699990676, 40.44816000013783], [-121.7202659996244, 40.44827800033123], [-121.72016799971512, 40.44837599995205], [-121.72005599956213, 40.44847199987451], [-121.71994099993441, 40.448543000120615], [-121.71980100019232, 40.44861400029167], [-121.71964200018365, 40.44865799997495], [-121.7193579996032, 40.44870700020973], [-121.71916099995974, 40.44872799990882], [-121.718998999578, 40.44873000014022], [-121.71886600040693, 40.44874100004474], [-121.71874400020819, 40.44875699984055], [-121.71860000026815, 40.44878400021359], [-121.717976999754, 40.44899400008638], [-121.71782600014126, 40.449032000221145], [-121.71766399975957, 40.44905399992953], [-121.71739900034399, 40.449047999947624], [-121.71730899993233, 40.44903100010992], [-121.71716900019024, 40.448986999987284], [-121.71710800009086, 40.44895900026711], [-121.71698199969417, 40.448879000123384], [-121.71662500021712, 40.44852700027388], [-121.71654900004914, 40.448476999788376], [-121.71644500029205, 40.44843299998665], [-121.71633800016194, 40.44842200003167], [-121.71616499990958, 40.44843199986651], [-121.71578400014306, 40.448477999907844], [-121.71554300011864, 40.448476999788376], [-121.71540300037655, 40.44847199987451], [-121.7153129999649, 40.448476999788376], [-121.7152019996368, 40.44850400027391], [-121.71510799992545, 40.448552999937405], [-121.7150400001534, 40.44860000001353], [-121.71497099965812, 40.448655000308186], [-121.71487000027409, 40.44872599967735], [-121.71476599961869, 40.44879100033383], [-121.71467899958006, 40.44885699967409], [-121.71462900024966, 40.44890599976384], [-121.71453499964001, 40.44896099980803], [-121.7144409999287, 40.44899899996146], [-121.71434399984429, 40.44902099968064], [-121.71420400010223, 40.449026000237275], [-121.7140960001472, 40.44902000025286], [-121.71398099962113, 40.44902799977619], [-121.71385900032072, 40.449044000187236], [-121.71346299958728, 40.44919200004907], [-121.71330799977659, 40.44924599975116], [-121.7128299999257, 40.449296999771825], [-121.71269000018361, 40.44932399992792], [-121.71251699993127, 40.44938400016006], [-121.71239899993047, 40.44945000028515], [-121.71224699959451, 40.44954800024775], [-121.71215000040844, 40.44959699983368], [-121.71200300009535, 40.44964299976118], [-121.7118230001703, 40.449675999704645], [-121.71161399993291, 40.449708000214414], [-121.71142300013723, 40.449756999683636], [-121.71130099993849, 40.44981199971498], [-121.71109599989906, 40.44991599973826], [-121.71076100016332, 40.450154000092965], [-121.71062399989597, 40.45022499992927], [-121.71047999995594, 40.45027399970514], [-121.71032900034318, 40.45031700026027], [-121.71004099956477, 40.450427000044925], [-121.7098459995711, 40.45052199968299], [-121.70954000014768, 40.450701999744226], [-121.70936000022262, 40.45079600027577], [-121.70916900042691, 40.45083299999076], [-121.70892099983148, 40.450840999981935], [-121.70852599982126, 40.45079600027577], [-121.70808800015334, 40.45067999989172], [-121.70785200015179, 40.450605000185114], [-121.7075359997843, 40.45052199968299], [-121.70735599985926, 40.45046600014286], [-121.70706200013136, 40.45038300015267], [-121.7068749996353, 40.4503419998232], [-121.70672099964952, 40.45029699978295], [-121.70663100013616, 40.45028000026119], [-121.70581600000138, 40.450155000187436], [-121.70571499971904, 40.450133000155866], [-121.7055570004336, 40.45012099970062], [-121.70540599992256, 40.45010400013434], [-121.70524799973882, 40.450099000341474], [-121.70493599956929, 40.45011200021225], [-121.70474099957559, 40.45014399983075], [-121.70449000040375, 40.45017100033015], [-121.70429200003703, 40.45019800013517], [-121.70412999965531, 40.450197000041285], [-121.7038679997145, 40.45013900004091], [-121.70377499982807, 40.450089000071124], [-121.70370700005601, 40.45004499995756], [-121.7036209998423, 40.450012000195294], [-121.7034740004275, 40.449968000031326], [-121.7033949998865, 40.44992900032799], [-121.70333100031239, 40.44989100001686], [-121.70324500009866, 40.44980800000011], [-121.70317999980132, 40.44973600030608], [-121.70299099965544, 40.44946100007182], [-121.70291299983762, 40.449338000055235], [-121.70275499965389, 40.44915000025074], [-121.70268400040707, 40.4491010003389], [-121.70249799973593, 40.44895200016432], [-121.70231799981089, 40.44884200001616], [-121.70208900038034, 40.44874200016029], [-121.7018199998685, 40.44856899977792], [-121.70159800011065, 40.44846400028494], [-121.7013899996982, 40.448396999754515], [-121.70121700034414, 40.448385999793686], [-121.7010519995894, 40.448396999754515], [-121.70085699959573, 40.44843699978335], [-121.7007279997243, 40.448475999668894], [-121.70048699969989, 40.44853499985588], [-121.70031400034583, 40.44855099970073], [-121.70013900044363, 40.44854499967391], [-121.70003599961316, 40.448535999974496], [-121.69985099966523, 40.44852000012613], [-121.6985800003192, 40.448294000237254], [-121.69840799989173, 40.448288000187496], [-121.6982849998681, 40.44829900016436], [-121.69816299966935, 40.448326000037774], [-121.69802299992729, 40.448363999866636], [-121.69774599991784, 40.44844799973582], [-121.69747599958112, 40.44854599979237], [-121.69715900028702, 40.44863899980453], [-121.69678799966793, 40.44875599972523], [-121.69638199978708, 40.44887599978287], [-121.69613699956467, 40.448990999751004], [-121.69598599995196, 40.449094000250945], [-121.69587399979895, 40.44918999983136], [-121.69561000020832, 40.44950800019655], [-121.6954479998266, 40.44964999979201], [-121.69533200037395, 40.44973799982393], [-121.69515200044889, 40.44983100023737], [-121.69498699969414, 40.449940000036264], [-121.69458300036143, 40.45006800011375], [-121.6944750004064, 40.45012199979558], [-121.69435999988036, 40.45018799987948], [-121.69423799968162, 40.45028099967023], [-121.69402500014459, 40.45050600030745], [-121.69366399957126, 40.4506990001687], [-121.69343000011784, 40.450803000186454], [-121.69304500015338, 40.45095600000544], [-121.69264599994521, 40.451084000198506], [-121.69228600009511, 40.45120899991145], [-121.69207000018501, 40.4513070000433], [-121.69191799984905, 40.45140600010808], [-121.69132700002027, 40.45181299967768], [-121.69122599973795, 40.451894999883834], [-121.6911579999659, 40.45193900015324], [-121.69099200028451, 40.45198200032656], [-121.69078300004715, 40.452018000005395], [-121.69036600029563, 40.45206599977502], [-121.69005699960084, 40.452108999867086], [-121.68952500022156, 40.452214999881136], [-121.68920100035648, 40.45226899988845], [-121.68866200040624, 40.45232499997687], [-121.68846099966646, 40.45233000028765], [-121.68831699972642, 40.45236200021716], [-121.68816600011367, 40.45240600018077], [-121.68800000043231, 40.45246000003465], [-121.68781299993626, 40.45254200013482], [-121.68762899981324, 40.45263199991288], [-121.68725499971944, 40.452800999869176], [-121.686837000143, 40.45304199973086], [-121.68676500017297, 40.453061000023574], [-121.68663499957832, 40.45308800003454], [-121.68656299960828, 40.45308800003454], [-121.68631900010914, 40.453059999972304], [-121.68620399958309, 40.453059999972304], [-121.68587700024327, 40.453130000105965], [-121.68578699983158, 40.45313300025654], [-121.68567899987654, 40.45312100033698], [-121.68560000023382, 40.45310400016245], [-121.6855209996928, 40.45308199972922], [-121.68541299973776, 40.45303800020819], [-121.68527700019365, 40.45299900023583], [-121.68518400030722, 40.45297699976817], [-121.6849790002678, 40.4529379997604], [-121.68485000039638, 40.452905000051615], [-121.68479599996971, 40.45287699991317], [-121.6847320003956, 40.45283000009399], [-121.68460299962585, 40.45276399987055], [-121.68424799979863, 40.45256500011997], [-121.68405799982781, 40.45249900031983], [-121.68375300022927, 40.452412999923794], [-121.68364500027427, 40.452374000272215], [-121.68352300007554, 40.45231900028699], [-121.68330100031768, 40.45224200023198], [-121.68312800006532, 40.45220299979764], [-121.68290600030744, 40.45216400002424], [-121.68258300026726, 40.45212099996737], [-121.68246100006851, 40.452083000212156], [-121.68236700035722, 40.45204399968548], [-121.6823099995575, 40.45200000016837], [-121.68226000022709, 40.45192299974787], [-121.68220699962534, 40.45182399976117], [-121.6821420002263, 40.45175799991682], [-121.68202000002759, 40.45170799978449], [-121.68189899965374, 40.45163600007537], [-121.68183400025474, 40.45158699992542], [-121.68174100036833, 40.451507000175816], [-121.68159800025319, 40.45141299995526], [-121.68147600005445, 40.451369000025], [-121.68132200006865, 40.451337000306154], [-121.6812409998778, 40.451323999988816], [-121.68107400037152, 40.451295999875185], [-121.68094799997486, 40.45128499970527], [-121.68081499990545, 40.45126300004363], [-121.68070799977534, 40.45123199966921], [-121.68050299973592, 40.45111100032029], [-121.68043900016181, 40.45106700019228], [-121.6803529999481, 40.45102799975954], [-121.68023800032036, 40.45099499979638], [-121.68007599993867, 40.45096700022921], [-121.67987199972414, 40.45090599995998], [-121.67977899983774, 40.450855999877255], [-121.6796709998827, 40.450788000279296], [-121.67946699966822, 40.45068300015169], [-121.6792189999711, 40.450611000027955], [-121.67833900043729, 40.45051200015914], [-121.67806999992546, 40.450467000232734], [-121.67795799977247, 40.4504450003033], [-121.6778189998553, 40.45040099973923], [-121.67756799978514, 40.4502930000969], [-121.67745700035536, 40.45024900011692], [-121.6773269997607, 40.45020500010812], [-121.67720200008723, 40.45018799987948], [-121.67706900001787, 40.45018199999882], [-121.67667300018273, 40.450200000322816], [-121.67627099960151, 40.450204000014345], [-121.67613400023248, 40.45021499967766], [-121.6759400000637, 40.45025299980558], [-121.6758470001773, 40.45026400014443], [-121.6755230003122, 40.45027100011051], [-121.6753759999991, 40.45028700022561], [-121.67527499971676, 40.45030300033691], [-121.67513800034772, 40.45033599995632], [-121.67488300007962, 40.45043899976198], [-121.6747569996829, 40.45047699976323], [-121.67467800004019, 40.450484999796736], [-121.67453400010012, 40.45052299977204], [-121.6744329998178, 40.450560999725795], [-121.67431800019008, 40.45058300030086], [-121.67422500030365, 40.45058300030086], [-121.67407299996769, 40.45060999994028], [-121.67393999989832, 40.45064799984485], [-121.67377099984388, 40.45066900030457], [-121.67355599975873, 40.45067099979466], [-121.6734119998187, 40.450660000206035], [-121.67283699988344, 40.45058699996959], [-121.67262199979828, 40.450551000207746], [-121.67211899983306, 40.45043999985225], [-121.67199800035755, 40.45039000010642], [-121.67194700030389, 40.45036200028717], [-121.67189000040248, 40.450312999891864], [-121.67184199982358, 40.4502549999916], [-121.67178699957203, 40.45018799987948], [-121.67177200040172, 40.45017000023593], [-121.67170799992928, 40.450042999765294], [-121.67168299981495, 40.44993899993854], [-121.6716660000965, 40.449820999927134], [-121.67176900002866, 40.44929099981161], [-121.67174499973922, 40.4490599999109], [-121.67167199994428, 40.44855799984524], [-121.67161500004289, 40.44847000031899], [-121.67155800014146, 40.44839299995543], [-121.67143299956969, 40.44827700020883], [-121.67122900025352, 40.44810600024671], [-121.67110000038205, 40.448023000076255], [-121.67096700031269, 40.44794599988413], [-121.67086000018257, 40.447869000287426], [-121.6707449996565, 40.44776999979737], [-121.67059200039397, 40.447607999737414], [-121.6705310002946, 40.44755299995319], [-121.67045199975357, 40.44751400021562], [-121.66999599964397, 40.44736999993696], [-121.66990699995553, 40.4473370002284], [-121.66988400038932, 40.447324999957466], [-121.66980999987115, 40.44728700022484], [-121.66976399984038, 40.44723700018404], [-121.66965599988535, 40.44715499976321], [-121.6695739998696, 40.447113000059105], [-121.66948799965586, 40.44708000022436], [-121.66930100005811, 40.44703000002961], [-121.66914299987437, 40.44697999979761], [-121.66905699966064, 40.44693599969947], [-121.66895700010153, 40.44687499987305], [-121.6688850001315, 40.446841999921446], [-121.66873799981842, 40.44679799973291], [-121.66843300021989, 40.44674500025995], [-121.66816399970806, 40.44671100009882], [-121.66779700018526, 40.446628000256524], [-121.66772600004013, 40.44658399992788], [-121.66766099974284, 40.44654999968531], [-121.66746400009932, 40.44650300022645], [-121.66719799996054, 40.44642000012724], [-121.66702999973106, 40.446358999832505], [-121.66692199977602, 40.44631500001146], [-121.6667860002319, 40.44624299999346], [-121.66664300011676, 40.446155000170585], [-121.66648900013097, 40.44605300010744], [-121.66635600006158, 40.44598099980883], [-121.66625599960415, 40.44593699974028], [-121.66617299976346, 40.445926000060474], [-121.66607599967911, 40.44590400001178], [-121.66597600012, 40.445892000168634], [-121.66592599989129, 40.445870000108854], [-121.66588999990626, 40.44583699966381], [-121.66578199995122, 40.44580899999861], [-121.66559899965313, 40.44577900000251], [-121.66544800004039, 40.44576200002158], [-121.66523999962791, 40.445745000036304], [-121.66508900001517, 40.445695000215665], [-121.66497799968708, 40.44564499967418], [-121.66481000035591, 40.445546000010026], [-121.66463000043088, 40.44546300009632], [-121.66450900005705, 40.445415999877355], [-121.66438699985831, 40.44537700026708], [-121.6639919998481, 40.44528200019264], [-121.66376199969434, 40.445221999716665], [-121.66365799993726, 40.44518800015236], [-121.6634710003395, 40.445156999710264], [-121.66330300011002, 40.44514000025563], [-121.66311200031429, 40.44512899976174], [-121.66302199990263, 40.44512899976174], [-121.66291499977248, 40.44511699978023], [-121.66274999991606, 40.44508400033279], [-121.66259500010536, 40.44503100019193], [-121.66243400044688, 40.4449590001658], [-121.66218699967635, 40.44482699991762], [-121.6619139998649, 40.44474899999093], [-121.66180699973475, 40.44469399991806], [-121.66170600035075, 40.44462200021459], [-121.6615630002356, 40.44450899996427], [-121.66127299980737, 40.44432700004503], [-121.6610979999052, 40.44420100033815], [-121.66101199969148, 40.444111999708355], [-121.66082199972068, 40.443935999836604], [-121.66067899960554, 40.443869999765894], [-121.66057499984848, 40.443833999824314], [-121.66044599997704, 40.443794999979794], [-121.66021599982327, 40.44369600032539], [-121.66011600026415, 40.44362400023658], [-121.65994499966162, 40.443426000278315], [-121.6597809996301, 40.443117999791724], [-121.65955300002446, 40.442631000146726], [-121.65949299974997, 40.442559999808324], [-121.65945299956702, 40.442493999753935], [-121.65935300000791, 40.442417000064324], [-121.65922099976343, 40.44232300011944], [-121.65906699977762, 40.44223499995014], [-121.65896999969328, 40.442140999750755], [-121.65880599966174, 40.441849000285956], [-121.65874600028557, 40.441767000128515], [-121.65865599987391, 40.441700999979176], [-121.6585420000711, 40.44164799990558], [-121.65842700044337, 40.441615000122454], [-121.65831899959002, 40.44160399973538], [-121.65813199999226, 40.4415919998082], [-121.65799200025018, 40.4415919998082], [-121.6578230001958, 40.44160199997553], [-121.65765800033934, 40.44162400006491], [-121.65749299958459, 40.44165900028551], [-121.65714699997817, 40.44178399975251], [-121.65703499982519, 40.44181100019208], [-121.65687400016671, 40.441833000213066], [-121.65666900012727, 40.44184299966085], [-121.6565789997156, 40.44184299966085], [-121.65633600004138, 40.44185800019708], [-121.65627300029216, 40.441861000167194], [-121.65613699984974, 40.44187700023342], [-121.65599700010765, 40.44188799989214], [-121.65595299972672, 40.441886000140805], [-121.65588199958158, 40.441881999954205], [-121.65575199988525, 40.441854000008824], [-121.65559100022676, 40.44180999997345], [-121.65538700001228, 40.44171299988688], [-121.65514000014008, 40.44154200031671], [-121.65493599992558, 40.4413439996953], [-121.65469300025134, 40.44109000002613], [-121.65445999972452, 40.44091699977473], [-121.65439199995245, 40.44084000032979], [-121.65431699960936, 40.44076799991666], [-121.65425999970796, 40.44067999976277], [-121.6541919999359, 40.44059699999375], [-121.65410300024745, 40.440520999736464], [-121.65400600016308, 40.44047100013207], [-121.65389099963701, 40.440426000319576], [-121.65375199971984, 40.440354999703324], [-121.65366200020647, 40.44026699969251], [-121.65348300010632, 40.4401039997644], [-121.65339100004482, 40.43997700010012], [-121.65321199994467, 40.439790000340864], [-121.65313300030196, 40.4397130002888], [-121.65303299984453, 40.43962500012126], [-121.65288700025468, 40.43945400002577], [-121.6526910004361, 40.439108000229396], [-121.65261299971995, 40.43900899982561], [-121.65242299974916, 40.43879100014911], [-121.65220199981623, 40.43857700014917], [-121.65211599960251, 40.4384989998073], [-121.65195800031708, 40.438383999664104], [-121.65081900031721, 40.4376859999552], [-121.65058300031566, 40.437493000330946], [-121.6501720004119, 40.43713199979442], [-121.6501360004269, 40.43709100027001], [-121.65002199972578, 40.43696100019521], [-121.64995800015167, 40.4368729998441], [-121.6497220001501, 40.436619999987926], [-121.64961500001999, 40.43648000012586], [-121.64954700024794, 40.43642199991202], [-121.64939300026214, 40.436352000153136], [-121.6491239997503, 40.436286000157494], [-121.64898700038128, 40.43624700003633], [-121.64888000025115, 40.43619699998822], [-121.64879800023537, 40.4361480002058], [-121.64870100015104, 40.43609800008406], [-121.64856499970857, 40.43601500012802], [-121.64849299973856, 40.43595200003538], [-121.64837100043812, 40.43589700028606], [-121.64823499999568, 40.435846999977606], [-121.64783999998546, 40.43575799991099], [-121.64764699964164, 40.43573000014991], [-121.64738800007386, 40.43566600016388], [-121.6472919998144, 40.43562699968309], [-121.64719499973, 40.43556599985004], [-121.64709799964565, 40.435521999801594], [-121.64694100018511, 40.43535700004721], [-121.64667000002346, 40.434966000313764], [-121.64658399980975, 40.43487200020672], [-121.64652299971037, 40.434817000257716], [-121.6464270003492, 40.43475399972628], [-121.64633000026483, 40.434726000230874], [-121.64622899998251, 40.434715000084026], [-121.64610000011108, 40.434715000084026], [-121.64594199992733, 40.43473099979976], [-121.64581899990367, 40.43475199976273], [-121.64570400027594, 40.43478999974416], [-121.64531199974047, 40.43488500028753], [-121.64517199999838, 40.43492900006911], [-121.64468599975157, 40.43510300032175], [-121.64450599982652, 40.43517400033084], [-121.64428300024376, 40.435279999704164], [-121.64381500043862, 40.435442999704506], [-121.64362000044495, 40.43550300002038], [-121.64335400030616, 40.435560000031614], [-121.64322500043474, 40.435576000229986], [-121.64307800012165, 40.4355859999247], [-121.64287599955695, 40.43561300011861], [-121.6426320000578, 40.43566200029092], [-121.64244499956173, 40.43568899977057], [-121.64132999985131, 40.43589400004981], [-121.64093400001617, 40.43593700023251], [-121.64076900015974, 40.43596400028547], [-121.64043100005095, 40.436044999695625], [-121.64025799979858, 40.43610799970113], [-121.64013499977493, 40.436173000252744], [-121.63998400016219, 40.43625999985135], [-121.6398720000092, 40.436359000200675], [-121.63971300000053, 40.43653399978485], [-121.6396619999469, 40.43673099992043], [-121.6396259999619, 40.43680299987107], [-121.63955399999189, 40.43685699995432], [-121.63947399962593, 40.436884999929816], [-121.6393449997545, 40.43691999988278], [-121.63897800023172, 40.43698999973401], [-121.63876200032162, 40.43701700004785], [-121.63854700023647, 40.437055000116686], [-121.6383599997404, 40.437079000221004], [-121.63826600002909, 40.43710599981542], [-121.63816899994471, 40.43712200032963], [-121.63799599969235, 40.43713300008263], [-121.63791000037693, 40.43712699972032], [-121.63779200037615, 40.43709899984565], [-121.63764800043612, 40.4370760000375], [-121.63749000025237, 40.43704300006126], [-121.63731799982492, 40.4370119999652], [-121.63715999964116, 40.43699499981829], [-121.63698800011204, 40.43698400004265], [-121.63674999956234, 40.43700800017237], [-121.63652799980449, 40.4370209998402], [-121.63626900023672, 40.43705599972232], [-121.63599499970202, 40.43709899984565], [-121.63557399975255, 40.43717400026517], [-121.63537299991111, 40.437198000327065], [-121.63520800005467, 40.437231000227236], [-121.63504300019822, 40.43725799976056], [-121.63482700028815, 40.43730599981582], [-121.63457500039308, 40.437351999950536], [-121.63419399972824, 40.43739499988452], [-121.63343100037034, 40.437546000261676], [-121.63314400031513, 40.4375979998693], [-121.63283399979542, 40.43764399980429], [-121.63267499978679, 40.4376679996984], [-121.63223100027109, 40.43771800002001], [-121.63186399984995, 40.437738999733796], [-121.63136099988472, 40.43780900009978], [-121.63110899998964, 40.43783799995654], [-121.6310019998595, 40.437844999849375], [-121.63095099980589, 40.43784799999856], [-121.63084299985086, 40.43785100014762], [-121.63064899968208, 40.43783900023432], [-121.63054900012297, 40.43781999974044], [-121.63039000011433, 40.43779700017898], [-121.63008799999054, 40.437740000013044], [-121.63005299983044, 40.43773300010928], [-121.629959999944, 40.43773300010928], [-121.62983699992037, 40.43774300016692], [-121.62949999963647, 40.43779700017898], [-121.6290929999307, 40.437886999874785], [-121.62887000034796, 40.43795200007393], [-121.62852499966812, 40.43801599993515], [-121.62838800029908, 40.438027000225624], [-121.6277630001351, 40.438052000257635], [-121.62752600030865, 40.43805099998303], [-121.62725299959887, 40.438039999696436], [-121.62697999978737, 40.4380409999712], [-121.62679300018962, 40.43804900011755], [-121.62656999970855, 40.438072999867046], [-121.62642599976851, 40.438081000009575], [-121.62627500015576, 40.4381079998853], [-121.62609400040583, 40.43809299987969], [-121.62587599994761, 40.43809299987969], [-121.62561800020474, 40.438042999836924], [-121.62533799982228, 40.43797799972575], [-121.62518700020952, 40.43797200012256], [-121.6250220003531, 40.43797700013377], [-121.62485699959832, 40.437970999846776], [-121.62462700034288, 40.43795700008662], [-121.62445800028847, 40.43792300026634], [-121.62416799986025, 40.43782900019096], [-121.62400300000381, 40.43776500015172], [-121.62282299999603, 40.43739100011442], [-121.62260100023818, 40.43732400016953], [-121.62216299967196, 40.43722699976369], [-121.62137299965154, 40.43716700030249], [-121.62112099975644, 40.437185000009734], [-121.6209269995877, 40.43722800005051], [-121.62017799957516, 40.437480999670015], [-121.6199909999774, 40.43750200014151], [-121.61986600030396, 40.43749700009498], [-121.6195180001494, 40.43738799994483], [-121.61936699963834, 40.43737700023354], [-121.61931700030794, 40.437392999999524], [-121.61914300023066, 40.437534999892456], [-121.6190749995603, 40.43757899999104], [-121.61903799975036, 40.4376119997042], [-121.61900599996333, 40.43762800009798], [-121.61837300030174, 40.43780999969426], [-121.6181599998664, 40.43788899974508], [-121.61757599971031, 40.43824400005664], [-121.61746100008257, 40.43829500022088], [-121.61722699973086, 40.43833899982208], [-121.6170479996307, 40.438348999789575], [-121.6169070000637, 40.43837100025981], [-121.61683500009369, 40.438369999989945], [-121.61680300030665, 40.438383999664104], [-121.61674899987996, 40.438389000328385], [-121.61552799986433, 40.4389920001836], [-121.6154559998943, 40.439034999752394], [-121.61538700029732, 40.43906300018821], [-121.6152679995733, 40.43909299976318], [-121.6148840003321, 40.43912400026716], [-121.61404699955766, 40.43907999981227], [-121.6137100001721, 40.43903799984848], [-121.61289900023529, 40.438779999983595], [-121.61233599999557, 40.43864400021283], [-121.6110570002536, 40.43852699978268], [-121.61080600018344, 40.43851699984166], [-121.61066899991613, 40.43852199981233], [-121.60943500037999, 40.43832099974006], [-121.60927200017336, 40.43831700002505], [-121.60917599991389, 40.438313999896785], [-121.6089309996915, 40.438384999933746], [-121.60888100036112, 40.438293999949884], [-121.60866700010088, 40.43801700021023], [-121.60758800037546, 40.43662599971176], [-121.60613700020603, 40.43502100014088], [-121.60420700036082, 40.434451000122586], [-121.60334500037038, 40.43371799969056], [-121.60043700018377, 40.43176299969423], [-121.59909999981717, 40.43169299987148], [-121.59894300035664, 40.431727000107074], [-121.59893400013583, 40.43172900016064], [-121.59772800018878, 40.43198699973127], [-121.5971089998726, 40.43187099970753], [-121.59709399980397, 40.431867999975424], [-121.59601000005568, 40.43166400009943], [-121.59499300025453, 40.431472999661295], [-121.59308599997556, 40.43112600012646], [-121.59216200006082, 40.431193999786196], [-121.58971300035687, 40.43128200004821], [-121.58862299986247, 40.43166400009943], [-121.58792400007863, 40.43228400007063], [-121.58791400003288, 40.43229299989469], [-121.58725600025694, 40.43287600021366], [-121.58696500000381, 40.433112000037426], [-121.58694200043757, 40.433130000146456], [-121.5868720001174, 40.43318599977105], [-121.58641699983272, 40.43355500029481], [-121.58599400023343, 40.433711999707185], [-121.58589799997395, 40.433750000276405], [-121.58497400005922, 40.43411600012459], [-121.583705000363, 40.434441000259085], [-121.58341499993477, 40.43462900017937], [-121.5833870003457, 40.4346469998823], [-121.58309600009257, 40.43483600023273], [-121.58278599957285, 40.4350380001032], [-121.58277600042541, 40.43504399996825], [-121.58255700014229, 40.43518600003608], [-121.58189299962027, 40.435812999774], [-121.58119700020947, 40.43684800005743], [-121.58116299987431, 40.43688899973002], [-121.58116600024734, 40.43690400000425], [-121.5809090003294, 40.437362999665964], [-121.58000499960787, 40.43833599969479], [-121.57894299960084, 40.439875999797515], [-121.5788110002547, 40.44013299999863], [-121.57880600023182, 40.44015000003578], [-121.57815199975552, 40.441461000008665], [-121.57707999970278, 40.44245400029022], [-121.57495999988679, 40.4432240003138], [-121.57288899957626, 40.443355000096], [-121.57274299998642, 40.443365000001], [-121.57205099987526, 40.443416999893444], [-121.57074600019405, 40.443514000255796], [-121.56904399995446, 40.44421100011734], [-121.56708099959897, 40.44510899979139], [-121.56519900033265, 40.44577399988793], [-121.56513200038552, 40.4457970001385], [-121.56089100003024, 40.445875999690834], [-121.53721600043029, 40.44631100008843], [-121.53687499994842, 40.44631700031469], [-121.53681499967398, 40.44631799978266], [-121.5367810002371, 40.4463189999342], [-121.53656500032704, 40.446325000159746], [-121.53651400027343, 40.446326000311245], [-121.53503700016472, 40.446294000242055], [-121.53230899990318, 40.4462649999312], [-121.53120099986543, 40.446120999711], [-121.52298799966675, 40.44537799974903], [-121.52269099956587, 40.44537499993588], [-121.52118500004315, 40.44536199983247], [-121.51940800035881, 40.44525000031006], [-121.5192860001601, 40.44524200033704], [-121.51462100038064, 40.44492199995149], [-121.5142730002261, 40.44492899979036], [-121.50382800005843, 40.44557899991429], [-121.5010799997054, 40.44574600019643], [-121.49763500011667, 40.44559099981331], [-121.49379999964229, 40.44567899969097], [-121.49092300031613, 40.44574699967289], [-121.48973999993534, 40.445775000047576], [-121.47939400040019, 40.4460169999678], [-121.47781600000917, 40.44605400026298], [-121.45466799976556, 40.44621999989551], [-121.43922499973252, 40.44627500008693], [-121.40146399965924, 40.446453000286034], [-121.39958499986766, 40.446430999726246], [-121.3864800001088, 40.44628000016423], [-121.37625099985122, 40.446129000263035], [-121.3661110001804, 40.44592700021786], [-121.36448299956068, 40.44624400014617], [-121.36335699997957, 40.446457999666514], [-121.36313100002376, 40.44650300022645], [-121.36220799993396, 40.44668599986884], [-121.3614560004467, 40.446821999777185], [-121.3504959997199, 40.44894700028579], [-121.3465310004475, 40.449715000238406], [-121.3437239996449, 40.44839099971394], [-121.34333799985552, 40.44820900005213], [-121.33757500008406, 40.44548400012537], [-121.3278260002255, 40.445366999977736], [-121.32760199991951, 40.45161199969948], [-121.32759799972156, 40.4517350003391], [-121.32747800007095, 40.45600200023124], [-121.32747600042113, 40.45606199996909], [-121.327473999873, 40.45612799968726], [-121.32747300004809, 40.45616199986885], [-121.3274179997965, 40.458150999687675], [-121.3274179997965, 40.458165000026504], [-121.32741100012382, 40.45840699975913], [-121.32740500027602, 40.45864899998705], [-121.32734400017665, 40.46011799990711], [-121.32734300035176, 40.46013700024934], [-121.32726600035886, 40.4619959997626], [-121.32724399971922, 40.46373300002638], [-121.32724399971922, 40.463752999921724], [-121.32724399971922, 40.463769000243765], [-121.32721799977996, 40.46580599990393], [-121.32712300024372, 40.46932100009573], [-121.32712300024372, 40.46933299985533], [-121.32712099969558, 40.46939200018002], [-121.32711999987066, 40.46944299994401], [-121.32711999987066, 40.46945300006737], [-121.32711900004574, 40.46949200005594], [-121.32709800012934, 40.47028300033325], [-121.32708899990853, 40.47094100019013], [-121.32705600029655, 40.473375999945844], [-121.3270379998549, 40.47418099999219], [-121.3270379998549, 40.47420199992961], [-121.32701500028868, 40.47526499983008], [-121.32701500028868, 40.475289999676626], [-121.32700900044091, 40.47559299967323], [-121.32700400041801, 40.47590999972613], [-121.32700299969478, 40.47596399982088], [-121.32699600002209, 40.476260999907545], [-121.32699299964905, 40.47639799978999], [-121.3269879996262, 40.47663500024834], [-121.32699000017433, 40.47673500027152], [-121.32699000017433, 40.47676500011274], [-121.32696800043301, 40.477741999664836], [-121.32693699957257, 40.479083999956096], [-121.32690099958754, 40.48123999973612], [-121.32683100016567, 40.485962999957174], [-121.32683100016567, 40.485978999770126], [-121.32676800041648, 40.49081800020187], [-121.3266799996546, 40.497574000094446], [-121.32297999979775, 40.49758899980031], [-121.32304000007221, 40.49988399998347], [-121.32300200043738, 40.50313400031048], [-121.32296499972915, 40.50620399985825], [-121.32296300007933, 40.50638500021224], [-121.32295300003359, 40.50725200016054], [-121.32294299998783, 40.50811899982906], [-121.32292500044449, 40.51183799968497], [-121.32288299971337, 40.52055500015437], [-121.32283199965974, 40.53104200004019], [-121.32283000000996, 40.53146399993347], [-121.32278499980409, 40.54087200029605], [-121.32278900000206, 40.540966000193684], [-121.32278900000206, 40.54125100008672], [-121.32279099965187, 40.543937000050406], [-121.32279099965187, 40.54395100024532], [-121.32279099965187, 40.543987999820025], [-121.32279099965187, 40.54400799969228], [-121.32279099965187, 40.544039000233404], [-121.32279099965187, 40.544160000028256], [-121.32279300020001, 40.54479900016008], [-121.32280599972047, 40.5504680002088], [-121.32280599972047, 40.55066299997824], [-121.32283199965974, 40.56199199997175], [-121.32283699968264, 40.564226000180746], [-121.32283900023077, 40.565192000025526], [-121.32284099988058, 40.56611800009084], [-121.32288400043659, 40.58468400032068], [-121.32288000023864, 40.58491600017605]]]}, "properties": {"GEOID": "06089", "NAME": "Shasta County"}}]}