{"type": "FeatureCollection", "features": [{"type": "Feature", "geometry": {"type": "Polygon", "coordinates": [[[-121.02770600001777, 38.500106000231824], [-121.02771000021575, 38.50006800016133], [-121.02768500010137, 38.49948199986577], [-121.02761300013137, 38.49772399990343], [-121.02758999966682, 38.497166000159304], [-121.0275889998419, 38.4971380002246], [-121.02752299971968, 38.495560000073446], [-121.02738600035065, 38.492238999953265], [-121.02732699990109, 38.49082899985767], [-121.02726199960377, 38.48925199989281], [-121.02726199960377, 38.48911300005859], [-121.02726400015193, 38.488698000081264], [-121.02726499997682, 38.488559999747366], [-121.02726699962663, 38.48786799998805], [-121.02727500002256, 38.485792000216115], [-121.02727599984748, 38.485542999729404], [-121.02727800039561, 38.48510099980773], [-121.02726300032701, 38.485059999814396], [-121.02724599971025, 38.48501199968968], [-121.02726699962663, 38.48493800031377], [-121.0272790002205, 38.48489700022771], [-121.02728000004542, 38.484363999799356], [-121.02728699971814, 38.482768000016996], [-121.02729000009117, 38.48223599997104], [-121.02729000009117, 38.482061000152406], [-121.02729000009117, 38.48153900014653], [-121.02729099991609, 38.481365000007656], [-121.02729099991609, 38.481303999968695], [-121.02729299956593, 38.48112300018318], [-121.02729400028913, 38.4810629999092], [-121.02729000009117, 38.48096999984292], [-121.02728500006829, 38.48083300015433], [-121.02728199969526, 38.4807629998998], [-121.0272790002205, 38.48069400025548], [-121.02727599984748, 38.48060199968934], [-121.02726999999969, 38.4804580001574], [-121.02725499993106, 38.48002799980376], [-121.02724999990821, 38.47988499981448], [-121.02724499988534, 38.47971799982197], [-121.02724700043348, 38.47763099998046], [-121.02725599975598, 38.47086900030457], [-121.02725599975598, 38.47072599972994], [-121.02725999995396, 38.46861600005451], [-121.02726599980171, 38.468428999895565], [-121.02728599989322, 38.46787099978104], [-121.02729299956593, 38.467684999955594], [-121.02728599989322, 38.464663999681406], [-121.0272719996495, 38.45803399980174], [-121.02726900017477, 38.456708000138065], [-121.02726699962663, 38.4556019996501], [-121.02726099977885, 38.45258200015826], [-121.02725999995396, 38.45083500013842], [-121.0272569995809, 38.445594000281886], [-121.0272569995809, 38.443978999934956], [-121.0272569995809, 38.443846999940554], [-121.02724900008329, 38.44353900018739], [-121.0272280001669, 38.44261800017959], [-121.02722399996892, 38.44240399988022], [-121.0272209995959, 38.44231199971431], [-121.02721899994606, 38.441958999932105], [-121.02721399992319, 38.44090199972425], [-121.02721300009827, 38.44054999991057], [-121.02720999972524, 38.43978699975675], [-121.02720300005255, 38.43749999990117], [-121.02720100040271, 38.436737999758165], [-121.0271999996795, 38.43661199989046], [-121.02719899985458, 38.43623600015056], [-121.02719899985458, 38.43611099999981], [-121.02719899985458, 38.43571599964899], [-121.02720200022763, 38.43453099970318], [-121.02720300005255, 38.43413699977253], [-121.02720499970235, 38.433320999700996], [-121.02720999972524, 38.432091000223856], [-121.02720999972524, 38.43196599993369], [-121.02720999972524, 38.43184100013082], [-121.02721300009827, 38.430872999746626], [-121.027215999573, 38.43009499976451], [-121.027215999573, 38.430058000057684], [-121.02721700029623, 38.429551999824895], [-121.02722399996892, 38.428036999672656], [-121.02722599961876, 38.42753200006548], [-121.02721999977098, 38.42751199989686], [-121.02722300014403, 38.42746500018254], [-121.02722300014403, 38.427449000033256], [-121.02722300014403, 38.42742399979287], [-121.02722499979384, 38.42738600011465], [-121.02722599961876, 38.42735199975597], [-121.02722700034198, 38.427328000196866], [-121.02722700034198, 38.42730499993752], [-121.02722999981671, 38.42605700021699], [-121.02723200036485, 38.42544299967991], [-121.02723200036485, 38.4253339997634], [-121.02723200036485, 38.42522400034588], [-121.02723999986247, 38.42224700003321], [-121.02724400006042, 38.42097700011877], [-121.02724400006042, 38.42082400028514], [-121.02724499988534, 38.42036799986607], [-121.02724599971025, 38.42021600025966], [-121.02724499988534, 38.41998700013769], [-121.02724499988534, 38.419301999883395], [-121.02724499988534, 38.419073999804624], [-121.02724599971025, 38.41902700022988], [-121.02725199955803, 38.41888800017053], [-121.02725199955803, 38.418843000028154], [-121.0272569995809, 38.41864800002581], [-121.02727300037274, 38.41806700023335], [-121.0272790002205, 38.41787299968606], [-121.02727800039561, 38.41785600008489], [-121.02727800039561, 38.41780599999278], [-121.02727800039561, 38.41778999981522], [-121.02727500002256, 38.417697999957184], [-121.02727099982461, 38.41735599971775], [-121.02726900017477, 38.4172339997139], [-121.02725099973314, 38.415566999952155], [-121.02724599971025, 38.41501199981688], [-121.02724400006042, 38.413871999844496], [-121.02724200041061, 38.41296100007738], [-121.02723900003755, 38.410452999947886], [-121.02723800021263, 38.40943900018114], [-121.02723599966448, 38.40931400010572], [-121.02723599966448, 38.4090220001739], [-121.02723999986247, 38.408146000338455], [-121.02724099968736, 38.40785500019149], [-121.02724200041061, 38.40778399993668], [-121.02724900008329, 38.40757400031148], [-121.02725099973314, 38.40750400006616], [-121.02724599971025, 38.406459999905834], [-121.02723400001469, 38.40332799975088], [-121.02722999981671, 38.40228399981054], [-121.02722999981671, 38.40211099965331], [-121.02722999981671, 38.401592000217335], [-121.02722999981671, 38.40142000018168], [-121.02722999981671, 38.40119299966366], [-121.02723200036485, 38.40051400022912], [-121.02723300018977, 38.4004689999075], [-121.02723300018977, 38.40028800006743], [-121.02723999986247, 38.39978300007788], [-121.02726199960377, 38.39827099989485], [-121.02726499997682, 38.398073999864486], [-121.02724499988534, 38.39776800003227], [-121.0272430002355, 38.39775099992538], [-121.02723999986247, 38.39770199971917], [-121.02723999986247, 38.39768600001819], [-121.02722899999182, 38.39558299979236], [-121.02719600037985, 38.38927600000645], [-121.02718499961087, 38.38717400006966], [-121.02719300000679, 38.387029999973755], [-121.02721800012115, 38.386598000078195], [-121.02722599961876, 38.38645500011641], [-121.02722499979384, 38.38613699976405], [-121.02722200031913, 38.385184000066225], [-121.02722200031913, 38.38493199981799], [-121.02722200031913, 38.38486699965343], [-121.0272209995959, 38.38480499982121], [-121.0272209995959, 38.384619000005614], [-121.0272209995959, 38.38455699996076], [-121.0272209995959, 38.384524999667015], [-121.0272209995959, 38.38442900010897], [-121.0272209995959, 38.3843969997586], [-121.02721800012115, 38.3836269999526], [-121.02721200027337, 38.38131799988522], [-121.02721100044847, 38.38061799998735], [-121.02721100044847, 38.38054899964977], [-121.02720899990031, 38.37995499968591], [-121.02720499970235, 38.378174000094084], [-121.02720499970235, 38.377818000264725], [-121.02720399987744, 38.37758100034267], [-121.02720200022763, 38.37704800014494], [-121.02719800002966, 38.37545200001036], [-121.02719700020477, 38.37491999965384], [-121.02719300000679, 38.374135999782496], [-121.02718399978598, 38.371782999831574], [-121.02718100031123, 38.370999999862576], [-121.02718100031123, 38.37087799979264], [-121.02718100031123, 38.370513999943356], [-121.02718100031123, 38.37050399971656], [-121.02718100031123, 38.370422999871074], [-121.02718100031123, 38.370392999853074], [-121.02718299996106, 38.3693270002043], [-121.02719300000679, 38.36612900001554], [-121.02719700020477, 38.365063999709605], [-121.02719700020477, 38.36135800005358], [-121.02719700020477, 38.35198399970068], [-121.02719700020477, 38.35172800005821], [-121.02719700020477, 38.351444999752445], [-121.02719700020477, 38.35025199996695], [-121.02719700020477, 38.350241999758715], [-121.02719700020477, 38.350055999861], [-121.02719700020477, 38.34653699983327], [-121.02716700006752, 38.33871200007154], [-121.02716700006752, 38.33864699996258], [-121.0271300002576, 38.32911000000427], [-121.02712900043268, 38.32908299966214], [-121.02710099994528, 38.32148200020943], [-121.02710099994528, 38.32106800009005], [-121.02710099994528, 38.320356000139796], [-121.02710099994528, 38.31982400016978], [-121.02710099994528, 38.31609400018351], [-121.02710099994528, 38.314850999652236], [-121.02710099994528, 38.31474099991999], [-121.02710099994528, 38.3136459999266], [-121.02710099994528, 38.310030999727935], [-121.02710099994528, 38.308826000264965], [-121.02710000012038, 38.30865000008803], [-121.02709900029546, 38.308123000064015], [-121.02709900029546, 38.30794799984317], [-121.02708400022686, 38.30025200004766], [-121.02617799985548, 38.298026000120466], [-121.02607699957314, 38.29778299964976], [-121.02601499964887, 38.297632000168704], [-121.0259750003642, 38.2975349999114], [-121.01636899972245, 38.274401999905834], [-121.01525400001199, 38.27173200035228], [-121.01511199972178, 38.2713889999113], [-121.01459299986303, 38.27014399987352], [-121.0144799998851, 38.269871999888046], [-121.01250800020712, 38.26514799993568], [-121.0123390001527, 38.26474100021873], [-121.01078000002828, 38.261001000227274], [-121.01074900006611, 38.26092400006343], [-121.009804000235, 38.25868399984729], [-121.00923500014753, 38.257333000267856], [-121.00866600006002, 38.25597999973137], [-121.00848000028721, 38.25553999973701], [-121.00829399961604, 38.25509900033026], [-121.0079310002912, 38.25424000009321], [-121.00756899989294, 38.25337899968562], [-121.006839000147, 38.251647999929695], [-121.00639899993094, 38.25060500010727], [-121.00635700009813, 38.25050700016424], [-121.00631400044045, 38.250401999826764], [-121.00611000022593, 38.24991699986013], [-121.00625199961785, 38.24991699986013], [-121.00565199956822, 38.24861699980417], [-121.0044520003673, 38.24531699986695], [-121.00440100031368, 38.24519900008836], [-121.00424700032788, 38.24484000034333], [-121.00409400016697, 38.24448100023634], [-121.00406400002976, 38.244412000055924], [-121.00403300006762, 38.24434400023321], [-121.0034599997822, 38.24301199996897], [-121.00223499956857, 38.240302000164974], [-121.0010100002533, 38.23759300005335], [-121.0000250002392, 38.235413000036445], [-120.99854800013051, 38.232144999667106], [-120.99707000019694, 38.2288759999949], [-120.99608500018283, 38.226696999726684], [-120.99601400003773, 38.22654000013374], [-120.99580200032563, 38.22607199993437], [-120.99573200000542, 38.2259159996693], [-120.99571899958663, 38.22588899973869], [-120.9956809999518, 38.22581099980463], [-120.99566900025626, 38.22578499980797], [-120.99563400009612, 38.22570699976233], [-120.99560899998177, 38.22564999981185], [-120.9955489997073, 38.2255130003176], [-120.99553199998887, 38.22547899969227], [-120.99552299976806, 38.22545900014727], [-120.99549699982877, 38.22540200000241], [-120.99503900006937, 38.225524000059835], [-120.99359499957265, 38.225582000084806], [-120.99234099994504, 38.22525400025969], [-120.99191099977475, 38.22499499998528], [-120.99184399982761, 38.224552000182264], [-120.99160799982603, 38.22422299995275], [-120.99112300030245, 38.22405400000078], [-120.9895349998657, 38.22389099965006], [-120.98930499971195, 38.223739999653034], [-120.98869299996674, 38.223040999817556], [-120.98811399983352, 38.22253999982582], [-120.98656599957972, 38.22175000005015], [-120.98573700009956, 38.22141400032724], [-120.98562900014453, 38.221393999664684], [-120.98458100038124, 38.22116700022813], [-120.9837689997212, 38.22119099968595], [-120.9822899999627, 38.221810000316275], [-120.98107200032008, 38.22178799970692], [-120.98001000031311, 38.22143600034399], [-120.97866299990078, 38.2209889998854], [-120.97741500012096, 38.22041800017244], [-120.97683500016281, 38.22007500029034], [-120.97547100003204, 38.21950399975603], [-120.97210400026111, 38.21795099986353], [-120.97172699979427, 38.217995999947235], [-120.97149599981557, 38.218225000255856], [-120.97062700015243, 38.21925600016759], [-120.97010499992061, 38.2196220002993], [-120.96831800019055, 38.22020299969888], [-120.96749499965983, 38.22047099980422], [-120.96633499974357, 38.220495000197396], [-120.96566699992188, 38.21990000026046], [-120.96473899980919, 38.2196720003402], [-120.96401400008611, 38.2196720003402], [-120.96334700008931, 38.219901999662255], [-120.96294100020847, 38.22033699987492], [-120.96282599968241, 38.22063400005442], [-120.9625360001525, 38.22100000031175], [-120.9624780004262, 38.22129799993653], [-120.96207300037022, 38.22168700035265], [-120.96140600037347, 38.22203099971699], [-120.95781000027368, 38.222856999746774], [-120.95708499965225, 38.22329199993468], [-120.9561859998519, 38.223979000209496], [-120.95534599960276, 38.22482599970961], [-120.95482400026927, 38.225535999776795], [-120.95415800009741, 38.225971000176386], [-120.953404000062, 38.22631499974875], [-120.95241800022299, 38.22633799966008], [-120.9514890002854, 38.22622399999753], [-120.95032900036911, 38.22597300011705], [-120.94884899988739, 38.22549400005314], [-120.94835500014298, 38.22515100010839], [-120.9471950002267, 38.224671000289206], [-120.9462660002891, 38.22448800009758], [-120.94220400003401, 38.22334600030216], [-120.9400859998678, 38.22249999982006], [-120.93907099971649, 38.221973999709064], [-120.93843200020713, 38.22137999990336], [-120.93742100025376, 38.22089100024828], [-120.93715500011501, 38.220761999890975], [-120.93674900023414, 38.220739999670414], [-120.93550200027921, 38.22092300011548], [-120.93483500028245, 38.22115299971737], [-120.93338499993794, 38.22195399990621], [-120.93208100008162, 38.223052999944095], [-120.93118200028127, 38.22401400012172], [-120.93002200036497, 38.22499899992023], [-120.92822399986593, 38.2258230001799], [-120.92721000043784, 38.226623999760335], [-120.92552800028975, 38.22763199970979], [-120.92416400015897, 38.22815899978007], [-120.92152499958587, 38.22882300013531], [-120.91905999998838, 38.229692999947574], [-120.91772500016991, 38.22999099995145], [-120.91494000000695, 38.230037000264744], [-120.9135769997011, 38.22971700012098], [-120.91273599962705, 38.229466000297556], [-120.9111980003173, 38.228482000234976], [-120.90931199995472, 38.22747599996759], [-120.90812199990121, 38.22649199979951], [-120.90731000013947, 38.225439999868705], [-120.90707800033587, 38.22516499984976], [-120.90652599996683, 38.22491299985882], [-120.90603300004734, 38.22489100018785], [-120.90577199993143, 38.22502800014781], [-120.9047569997801, 38.22452499974539], [-120.90374099980387, 38.22356399996669], [-120.9035090000003, 38.22296899972256], [-120.9030739998071, 38.22255700012156], [-120.90252300016128, 38.22228299981112], [-120.90153599959905, 38.221984999986475], [-120.89973799999834, 38.22198600001161], [-120.89878099957332, 38.22168799967613], [-120.89611199976132, 38.22120800029692], [-120.89602499972267, 38.22145999971308], [-120.89573500019276, 38.221527999764426], [-120.89551799955947, 38.221494000099575], [-120.89457500027649, 38.22134500013541], [-120.89379199992875, 38.22127699991298], [-120.89329900000926, 38.221391000270586], [-120.89286399981607, 38.22157399978389], [-120.8924579999352, 38.221917999682546], [-120.89158800044716, 38.22310699978329], [-120.89141400036989, 38.223451000196214], [-120.89074700037312, 38.22464099993068], [-120.89057199957261, 38.2250300001144], [-120.88967299977226, 38.22635699970409], [-120.88909700001206, 38.22713400014903], [-120.88905699982911, 38.22718799978161], [-120.88895800009489, 38.22732199979433], [-120.88885799963747, 38.227456000265946], [-120.88877399997187, 38.22756900016628], [-120.88770100009425, 38.228347000304524], [-120.88691699992161, 38.22857599978765], [-120.88581499973164, 38.228645000177785], [-120.88482899989265, 38.229034000119405], [-120.88398799981861, 38.22965199972127], [-120.88294300042837, 38.23070400012699], [-120.88262399968782, 38.23125400028786], [-120.88259500027382, 38.23178000033297], [-120.88233400015791, 38.23246600029925], [-120.88213099976832, 38.23274100023493], [-120.88102899957836, 38.23322099972229], [-120.88076699963753, 38.23360999988606], [-120.8808839998134, 38.234386999761455], [-120.88084399963046, 38.23501799985762], [-120.88107399978422, 38.23677999993628], [-120.88096199963121, 38.23887199981969], [-120.88006000035614, 38.24061000024865], [-120.87932200021424, 38.24089299996332], [-120.8789680002119, 38.24083699968592], [-120.87706299958273, 38.23968000021455], [-120.87611799975161, 38.2397009998641], [-120.8754199997927, 38.239771999843796], [-120.87510900034638, 38.2401260003377], [-120.87489500008616, 38.2407329999633], [-120.87489699973598, 38.24075400001427], [-120.87484099965947, 38.24143600025296], [-120.87446499991584, 38.241961000274706], [-120.8739760001943, 38.24223400008586], [-120.87365800017696, 38.24237099983224], [-120.87230400009194, 38.24244200002666], [-120.87175599992085, 38.24276100017374], [-120.87051800018679, 38.24399199996815], [-120.86997099984062, 38.24440200006522], [-120.86832800005057, 38.2451100000987], [-120.86685699978968, 38.24520400002907], [-120.86362899993594, 38.24605099997596], [-120.86129099966172, 38.24621400004691], [-120.86057299961132, 38.24633000020806], [-120.86045600033377, 38.24642199988798], [-120.85903299975345, 38.24694699988225], [-120.85737900009275, 38.247357999920446], [-120.85647899956916, 38.24777000012728], [-120.85566699980744, 38.24829599992539], [-120.85511600016162, 38.24879999995114], [-120.85441800020268, 38.24992000019421], [-120.85420700031551, 38.25063999990367], [-120.85420599959228, 38.25288299999871], [-120.85379899988651, 38.2537520001683], [-120.85252099996944, 38.255650999900304], [-120.85011300027335, 38.25718300012378], [-120.8500529999989, 38.25725399995785], [-120.85002700005964, 38.25728499980401], [-120.84949499978207, 38.25803499990198], [-120.84896300040282, 38.25878500001744], [-120.84876000001323, 38.259538000087126], [-120.84879400034843, 38.260420000181625], [-120.848653999708, 38.261117000063614], [-120.8483780004218, 38.261482000237415], [-120.84798199968839, 38.26187999964914], [-120.8478779999313, 38.26198500033022], [-120.84734599965373, 38.262415999930454], [-120.84762600003623, 38.26304700007957], [-120.84763699990688, 38.263312999964505], [-120.84719800041404, 38.26381600007563], [-120.84678900016013, 38.264272999742644], [-120.84613200020911, 38.26437799978626], [-120.84517599960901, 38.26430199982364], [-120.84444699968796, 38.26424800024729], [-120.84433600025822, 38.264250999989706], [-120.84379999978268, 38.26426700025955], [-120.84317399979379, 38.26443900029276], [-120.8416120001946, 38.265101999972806], [-120.84069300030275, 38.26538000028588], [-120.83915000007184, 38.266163999999286], [-120.83852499990785, 38.26652800008816], [-120.83737900023526, 38.26721500023429], [-120.8369080000571, 38.267382999915746], [-120.8366140003292, 38.26747499974452], [-120.835995000013, 38.26744500011979], [-120.83535800015346, 38.26744199980402], [-120.83482900024894, 38.267665999768305], [-120.83423800042017, 38.26795200022371], [-120.83331100013238, 38.26840300011847], [-120.83305000001647, 38.268559000205855], [-120.83204200043616, 38.2691479999926], [-120.83067999995522, 38.270180000199716], [-120.82983899988116, 38.27078499977991], [-120.82968700044354, 38.27089499986739], [-120.8280589998238, 38.27188800034177], [-120.82694300028845, 38.27283800002378], [-120.82637199965284, 38.27362499969226], [-120.82560400027201, 38.27413699973978], [-120.82487500035099, 38.27455199975749], [-120.82468500038016, 38.27462300024685], [-120.82369600016814, 38.274993000262974], [-120.8227010001083, 38.27520600022919], [-120.82214200006655, 38.275415000293954], [-120.82204400015725, 38.275451000122914], [-120.82193399965409, 38.27563799965245], [-120.82173799983549, 38.27596999990472], [-120.82119999971016, 38.277420000253414], [-120.82088400024098, 38.27803499975841], [-120.8209279997236, 38.2786090002851], [-120.82066999998074, 38.27902699996791], [-120.82060200020867, 38.2791360003196], [-120.82005300021268, 38.27998600013992], [-120.81997899969453, 38.280101000048205], [-120.81968499996663, 38.28098400000169], [-120.81945200033815, 38.28170400002], [-120.81922800003215, 38.28206799978759], [-120.81853000007324, 38.28218399982592], [-120.81812099981933, 38.282766999740744], [-120.81769300019714, 38.28354500002288], [-120.8168520001231, 38.28391999979927], [-120.8157330002147, 38.28402100013553], [-120.81492099955467, 38.2838050002994], [-120.81431300000744, 38.28350800009229], [-120.81377700043025, 38.28298399973619], [-120.81342500007773, 38.28237100034854], [-120.81287799973155, 38.2817829998302], [-120.81214799998558, 38.281542999703376], [-120.81128500017023, 38.28144100023779], [-120.81054600020344, 38.281604999806284], [-120.81012600007885, 38.282009999698865], [-120.8094740001507, 38.28324999993748], [-120.80916899965386, 38.28388999991663], [-120.80915100011052, 38.28460099979303], [-120.80861999965788, 38.28539599986647], [-120.80840600029596, 38.28588199975259], [-120.80846099964921, 38.28661800012541], [-120.80832099990714, 38.287693999667084], [-120.80807700040798, 38.288204000282626], [-120.80774000012407, 38.28872299985539], [-120.80728900003739, 38.28888600008436], [-120.80676500015572, 38.28884699972981], [-120.80639400043495, 38.2885740001867], [-120.8060949997859, 38.288299999798625], [-120.80576500007304, 38.28804199975378], [-120.80538400030653, 38.287929999907995], [-120.80504600019772, 38.28798800020224], [-120.80467700012677, 38.288166999906466], [-120.80406399965837, 38.28866699977443], [-120.80400099990918, 38.2887189999014], [-120.80336499987455, 38.28886700016734], [-120.80277800024372, 38.28865000013163], [-120.80213999966094, 38.28825600003621], [-120.80203900027689, 38.288169000251216], [-120.80152100024304, 38.28772499991879], [-120.80069699988744, 38.287128999674515], [-120.800243000326, 38.286547999926306], [-120.79992199993563, 38.286039000215936], [-120.79927300038054, 38.285636999801774], [-120.79848199963688, 38.285591000124604], [-120.79821200019843, 38.285737999864466], [-120.79782600040906, 38.285949000337716], [-120.79563100025001, 38.28686999986002], [-120.79256400005471, 38.28802099997215], [-120.79054200014801, 38.28859300018036], [-120.78912500031377, 38.28876799985137], [-120.78815899966797, 38.28873799985717], [-120.78712199977531, 38.288830999939904], [-120.7866699998637, 38.28888900021922], [-120.78531400012884, 38.288924999712854], [-120.78385499956352, 38.28862300023451], [-120.7823189999036, 38.28827299977135], [-120.7818600003193, 38.288167999726326], [-120.78124100000309, 38.288064999877015], [-120.78048299976972, 38.2879379999027], [-120.77900200036137, 38.28761899995868], [-120.77764599972822, 38.28770400004543], [-120.77648699963684, 38.28809599997025], [-120.77484499967173, 38.288658999860075], [-120.77347999971605, 38.28881699976826], [-120.77226700009633, 38.28874800009166], [-120.77149700016739, 38.28878200003247], [-120.76984500015652, 38.289264999690324], [-120.76847000015508, 38.28985899972338], [-120.76729099997223, 38.290315999787126], [-120.76632500022471, 38.29034299975951], [-120.76539999958678, 38.29024799991667], [-120.76333400019745, 38.2899799996825], [-120.76186499958636, 38.2898470000486], [-120.76073599963223, 38.29000399969118], [-120.7596779998232, 38.290030999779646], [-120.75874999971053, 38.28987400019547], [-120.75859800027287, 38.28984799984531], [-120.7577549996507, 38.28958400015579], [-120.75697200020127, 38.28889000002914], [-120.75661099962792, 38.28860400024869], [-120.75633299979359, 38.288383000159186], [-120.755664000147, 38.28819899977552], [-120.75491400030954, 38.288266000337124], [-120.75444200030643, 38.288468999872016], [-120.75399299986955, 38.28917399977572], [-120.75323600035942, 38.29029199988162], [-120.75321799991774, 38.29035700034181], [-120.75289099967961, 38.291555000080784], [-120.75271999997535, 38.292655000297536], [-120.7524549996615, 38.293442000192385], [-120.75238500023961, 38.293650999931494], [-120.75205999965128, 38.294816999822906], [-120.75191400006143, 38.295265000072604], [-120.75169399995342, 38.29594199981751], [-120.75131599966161, 38.296484999728975], [-120.75104500039828, 38.296631000260994], [-120.75042799973193, 38.29745000005903], [-120.75038599989911, 38.297505999707546], [-120.75034300024141, 38.29756299970829], [-120.7502720000963, 38.2977560003306], [-120.75018599988256, 38.297602000313745], [-120.7500829999504, 38.297652999989275], [-120.74951300003802, 38.29803500009618], [-120.74944299971783, 38.29809000031505], [-120.74932600044029, 38.29825000020197], [-120.74592299978602, 38.30061100020042], [-120.74245599955769, 38.304414000154885], [-120.74233900028013, 38.304619000228776], [-120.74227599963262, 38.30466100004864], [-120.74213900026358, 38.304768000083996], [-120.74206499974542, 38.30496000027877], [-120.74177500021553, 38.305225000006466], [-120.74091900007284, 38.30590300014313], [-120.73932700033643, 38.306826000019775], [-120.73828600024588, 38.30776800004144], [-120.7374729997609, 38.30800000025094], [-120.7346290000467, 38.30833199980677], [-120.7328819996013, 38.30769799980216], [-120.73186599962504, 38.307702000119725], [-120.73099600013701, 38.30795800024979], [-120.72870499971847, 38.30897399969868], [-120.72490799977724, 38.310498999892594], [-120.72380599958727, 38.311006999809926], [-120.72235399959295, 38.31128799977573], [-120.7219209999479, 38.31158700017669], [-120.721110999836, 38.31239000006032], [-120.72084999972009, 38.31252899968337], [-120.72082399978082, 38.31254000035209], [-120.72072699969644, 38.312566000324104], [-120.7203500001279, 38.31267700001851], [-120.71899600004286, 38.31298700022732], [-120.71797500004377, 38.313296000342184], [-120.71781400038529, 38.31328800032384], [-120.7171749999776, 38.313403000325906], [-120.71607199996274, 38.31338099995351], [-120.71560599980741, 38.313312999849494], [-120.71473499959612, 38.3133820001308], [-120.71441699957883, 38.313564999915215], [-120.71401099969795, 38.31409199986513], [-120.71358300007579, 38.3149000002802], [-120.71262700037401, 38.31521299989959], [-120.71085099961626, 38.31544500025661], [-120.70677300036596, 38.31573200010558], [-120.70301999990734, 38.31631400030973], [-120.70142599962277, 38.31698000026864], [-120.70012599996444, 38.31778100010678], [-120.70003700027596, 38.31764199997928], [-120.69899899966012, 38.318002000161414], [-120.6983350000364, 38.318114000104124], [-120.69415499978051, 38.31783100028015], [-120.69239599963952, 38.317940000143906], [-120.68818399959659, 38.318882999682465], [-120.68720299978044, 38.31929000033308], [-120.6864520001181, 38.31972000006395], [-120.68584600022069, 38.32030899983861], [-120.68512700034537, 38.32180700033878], [-120.68440900029498, 38.32334999987751], [-120.68356900004586, 38.32466700010169], [-120.6830939996697, 38.32513600025183], [-120.68288699998047, 38.325183000242355], [-120.68158300012414, 38.325910000067324], [-120.67989400030336, 38.326335000002715], [-120.67939100033811, 38.3265699999914], [-120.67800100026807, 38.32767099987916], [-120.67684499965142, 38.32821199980136], [-120.67645999968698, 38.328561999963746], [-120.67634400023434, 38.329146999934835], [-120.67610900005769, 38.32982599974411], [-120.67572499991813, 38.330175999863535], [-120.67492499985197, 38.330693000184894], [-120.67445100019904, 38.33081199980895], [-120.67400599996012, 38.33081199980895], [-120.67359099985842, 38.330580000005774], [-120.67317199955876, 38.32964599999091], [-120.67260800039246, 38.329249999946796], [-120.67219199956753, 38.32913399975191], [-120.67094700016077, 38.329301999876705], [-120.67065099988477, 38.32955899980901], [-120.67035600033198, 38.33005100021628], [-120.67002999991874, 38.3303080003112], [-120.66958499967981, 38.330492000299195], [-120.6692950001499, 38.33076200013286], [-120.66830900031091, 38.33115699973445], [-120.66692300043881, 38.33149400000811], [-120.6652759995525, 38.33169300008412], [-120.66331200027044, 38.33184599966821], [-120.66013700012013, 38.331743999746465], [-120.65898300005162, 38.331559000192186], [-120.65739499961488, 38.3308490002799], [-120.65650000001247, 38.33091199976233], [-120.65589400011505, 38.3311159996904], [-120.65395500004902, 38.33258799969683], [-120.65268200015485, 38.33342399977196], [-120.65155499985053, 38.333988999985394], [-120.6485189996174, 38.33466100033874], [-120.64753799980126, 38.33454399975957], [-120.64661300006165, 38.33458599986275], [-120.64626599973198, 38.33481200023481], [-120.644582999759, 38.33696699984049], [-120.64383100027173, 38.33762400030023], [-120.64226899977422, 38.3385060000243], [-120.64073700031227, 38.339000999752486], [-120.64024500021767, 38.33938500012448], [-120.63989600023824, 38.3399759996595], [-120.63946100004502, 38.3404289996979], [-120.6385069999931, 38.34083500004872], [-120.63775799998055, 38.34085399974039], [-120.637085000136, 38.34075100001706], [-120.63668799957763, 38.34069100003542], [-120.63337199986036, 38.33983800033544], [-120.63227399986836, 38.3398120002802], [-120.63178299959867, 38.3399470002216], [-120.63128999967918, 38.34026300032216], [-120.63108600036298, 38.34060299992556], [-120.63104700000493, 38.34074099990611], [-120.63093300020213, 38.34109999971163], [-120.630565999781, 38.34225299987388], [-120.63057199962878, 38.343727000012514], [-120.63180100004033, 38.34556599980346], [-120.63179500019254, 38.34602700004025], [-120.6306639996903, 38.34770299977997], [-120.63062600005543, 38.34775900007352], [-120.6297199996841, 38.34951800003549], [-120.62918199955874, 38.350362999719785], [-120.62869000036244, 38.35200299999028], [-120.62862099986717, 38.353187999970984], [-120.62827299971262, 38.35540399969509], [-120.62807500024421, 38.35538299969367], [-120.62789500031917, 38.35583000022034], [-120.62757200027899, 38.35613700025527], [-120.62604199956854, 38.35682200029172], [-120.62577299995499, 38.35692999969781], [-120.62438700008295, 38.35752399989127], [-120.62354500018397, 38.35752300032318], [-120.62186100038608, 38.35736300021235], [-120.62049499970716, 38.357432000118635], [-120.61968200012049, 38.35772899982182], [-120.6192169997901, 38.35816400031172], [-120.6188379996734, 38.35871300000218], [-120.61779199955996, 38.36102299968489], [-120.61744299958049, 38.362556000303755], [-120.61764599997008, 38.36363099995012], [-120.618632999634, 38.365072999815496], [-120.61877900012219, 38.36543899988861], [-120.61875700038088, 38.36589900023454], [-120.61874999980985, 38.36605700018717], [-120.6185470003186, 38.366513999682226], [-120.61828399965452, 38.36685799987832], [-120.61709199995123, 38.36745200031118], [-120.61656899989448, 38.367840999799085], [-120.61616300001361, 38.36797799986864], [-120.61325700037513, 38.36825300005839], [-120.61197699990996, 38.36873299966576], [-120.610437999877, 38.37001300019238], [-120.61008800007261, 38.37072300007098], [-120.61005999958522, 38.37134100032387], [-120.61055199967983, 38.37198099972018], [-120.61259500040124, 38.37221400010102], [-120.61409799955088, 38.37248299999752], [-120.61457600030008, 38.372826999992085], [-120.6148230001723, 38.37334500019456], [-120.61505599980076, 38.37491500019719], [-120.61628600003725, 38.37618799972527], [-120.61672600025334, 38.37711200029156], [-120.61705400031636, 38.37796800033121], [-120.61710700001983, 38.37823699996254], [-120.6170989996239, 38.37828499999318], [-120.61702099980609, 38.37878300028031], [-120.61684799955374, 38.37907999969784], [-120.61572199997265, 38.379835999819214], [-120.61473899960839, 38.3806120002668], [-120.61442099959106, 38.38109300022921], [-120.61407900018264, 38.38250600001439], [-120.61405800026621, 38.38544499982526], [-120.61446800034504, 38.38708500025937], [-120.61452100004848, 38.387225999955575], [-120.61508099991516, 38.388700999699196], [-120.61505300032606, 38.38908800004659], [-120.61499100040176, 38.38920099976645], [-120.61488099989859, 38.38940799976116], [-120.61444599970541, 38.3897509997202], [-120.6137250001803, 38.39007299966693], [-120.61175699980191, 38.390692999724514], [-120.61094800041323, 38.39115099973746], [-120.61045700014358, 38.39163100022289], [-120.61002500032345, 38.392567000242785], [-120.60962500029034, 38.39475500007915], [-120.60913900004354, 38.39671600009259], [-120.6087359996374, 38.39753800015237], [-120.60807100018879, 38.39799500004104], [-120.60578499979312, 38.39900499964871], [-120.60422300019393, 38.39937400034324], [-120.6013569998401, 38.39972400013329], [-120.59579800028315, 38.39962600025024], [-120.59391500029362, 38.39949400014032], [-120.59209000003038, 38.39924800006029], [-120.59009200041311, 38.39925400034691], [-120.5893109997152, 38.399393000160096], [-120.58867399985566, 38.39966799991468], [-120.58760400035108, 38.40033099973209], [-120.58693800017919, 38.40051600028967], [-120.5848819999373, 38.40065800022527], [-120.58369699990666, 38.400888000034776], [-120.58262599967884, 38.40130200010059], [-120.58135199995975, 38.40160199966651], [-120.57976100004826, 38.401605999727394], [-120.57645799985143, 38.40134099979071], [-120.57555999987599, 38.401388000309964], [-120.5743160002941, 38.40184800018374], [-120.573588000198, 38.40257499986122], [-120.57276899986523, 38.40421700034142], [-120.57177499963032, 38.4056250001039], [-120.57162999986537, 38.405832999847306], [-120.57090299959413, 38.406583999691954], [-120.57066800031582, 38.40708500027761], [-120.57058100027717, 38.40735900004628], [-120.5705770000792, 38.40809000030931], [-120.57120700026607, 38.41003300011296], [-120.57227099992288, 38.41250200005646], [-120.57218200023442, 38.41316400019488], [-120.57200599960899, 38.41357400022905], [-120.57162700039062, 38.41389299976399], [-120.57078499959337, 38.41432399967888], [-120.57002899990812, 38.414572000205496], [-120.56782100022856, 38.4149969999062], [-120.56178499974733, 38.41508899968454], [-120.56088500012206, 38.41501700002103], [-120.56001399991078, 38.415060000073105], [-120.55884999979654, 38.41599099996657], [-120.55815199983763, 38.41628599967896], [-120.55649399997897, 38.41648000026487], [-120.55639900044272, 38.41649200008811], [-120.5558839998836, 38.4165599997525], [-120.55527299996332, 38.416770000009656], [-120.55469899985299, 38.417764000310896], [-120.5542920001472, 38.41813499982302], [-120.55388600026633, 38.418345999860385], [-120.55306699993359, 38.41830800033281], [-120.55277599968046, 38.41826299982914], [-120.55233800001255, 38.418267999808286], [-120.55207699989664, 38.4185229996933], [-120.55141499992273, 38.41969900016769], [-120.55097999972956, 38.420002999828654], [-120.5503410002202, 38.42028399993791], [-120.54923499983225, 38.420531000310916], [-120.54785499980797, 38.42082499968249], [-120.54766200036245, 38.42086600029932], [-120.54565600034923, 38.42116199990805], [-120.5427749999268, 38.42182300013858], [-120.54236800022102, 38.42200599970288], [-120.54181500002709, 38.42257700012447], [-120.54130399966591, 38.42291099970104], [-120.54129000032052, 38.42292000035095], [-120.5407959996778, 38.42307999975384], [-120.54015600034352, 38.42305600018271], [-120.5399239996416, 38.422690000280475], [-120.53891000021352, 38.41989799990055], [-120.5386780004099, 38.41939499993118], [-120.53818499959213, 38.4188679997197], [-120.53760399980906, 38.41852399982636], [-120.53722499969238, 38.418432000199225], [-120.5363819999685, 38.418478000027434], [-120.53463700007124, 38.41872799992807], [-120.5309730001994, 38.41879299991534], [-120.5301299995772, 38.4188839996585], [-120.52983699967423, 38.419456000245596], [-120.52937100041723, 38.420645000252364], [-120.52902099971455, 38.42117100007209], [-120.52788500008772, 38.422427999773035], [-120.52721499971788, 38.42293099973622], [-120.52686599973843, 38.42302199989688], [-120.52578899966284, 38.422975000075716], [-120.52358000015838, 38.4226530002987], [-120.52323100017891, 38.422698000178976], [-120.52282399957483, 38.42308700024305], [-120.52212300014116, 38.424184000260276], [-120.52148299990857, 38.42480099967497], [-120.52081099988892, 38.4264479998306], [-120.5201120001051, 38.427178999794165], [-120.51938400000897, 38.42768199974615], [-120.51592199980348, 38.42891399970982], [-120.5153390003706, 38.42930200008961], [-120.51286200017923, 38.43163299996229], [-120.51006500032071, 38.43503900003743], [-120.50889299981054, 38.43649699993648], [-120.50835399986028, 38.43714699980712], [-120.50685300036048, 38.438290999888295], [-120.5052139998701, 38.438802999912554], [-120.50485300019507, 38.43905500022359], [-120.50463999975972, 38.43937799988873], [-120.5045679997897, 38.44010099974995], [-120.50490699972342, 38.44134399970179], [-120.50506599973208, 38.441510000092656], [-120.50522700028888, 38.441676999914144], [-120.50548699968157, 38.442228999785236], [-120.50567699965237, 38.442999000125226], [-120.5056309996216, 38.443430000147174], [-120.5056020002076, 38.443699000342], [-120.50507699960275, 38.444213000259175], [-120.50446200038283, 38.444452999875764], [-120.50390900018887, 38.444711000191774], [-120.50311499997049, 38.444677000251964], [-120.50308499983326, 38.44467199999047], [-120.50236900033099, 38.44455499996368], [-120.5014899997238, 38.444318999789544], [-120.50103600016234, 38.444430000146475], [-120.5008079996584, 38.444420000292446], [-120.50077599987138, 38.4444219998412], [-120.50055199956536, 38.44443799974722], [-120.50020500013405, 38.444426000345715], [-120.4992229995947, 38.44431499998268], [-120.49912999970829, 38.44431400020684], [-120.49882500010973, 38.44431100017555], [-120.49829500038032, 38.44435699970276], [-120.49810200003647, 38.444430999920726], [-120.49798200038589, 38.44458500016901], [-120.49789299979909, 38.44479600032295], [-120.4978860001264, 38.445021000104255], [-120.49793100033224, 38.44527899979687], [-120.4980970000136, 38.44546199972337], [-120.49884900039919, 38.44591400027137], [-120.49954200033524, 38.44620300027597], [-120.49973300013093, 38.44628299990721], [-120.49989899981232, 38.44645899976866], [-120.49997499998027, 38.446771999841054], [-120.49998199965297, 38.44718300020096], [-120.49985199995663, 38.447566999865124], [-120.49984500028394, 38.44758700010677], [-120.49967299985649, 38.44770199998164], [-120.49885199987395, 38.448048000341466], [-120.4986739995987, 38.448120999865864], [-120.49638700027643, 38.44906399995983], [-120.49577899983088, 38.44938699986094], [-120.4953639997292, 38.44960700018341], [-120.49512899955255, 38.4496249997516], [-120.494892999551, 38.44955500015492], [-120.49447300032473, 38.44921199981298], [-120.49422100042966, 38.44900599986805], [-120.49406400007081, 38.44873399990735], [-120.49400999964415, 38.448525000148855], [-120.49400799999434, 38.44841200032016], [-120.49399600029875, 38.44764700009495], [-120.49399499957552, 38.44761399986139], [-120.49395899959052, 38.44722800027275], [-120.49379299990919, 38.44704499989949], [-120.49309499995024, 38.446809999869856], [-120.4922549997011, 38.4465850000375], [-120.49166100039761, 38.44646199971065], [-120.49098500017998, 38.44628599985647], [-120.4909299999284, 38.44628599985647], [-120.48996900020377, 38.44621800003769], [-120.48595399980432, 38.4456490003261], [-120.48511100008045, 38.44569600016435], [-120.48435500039521, 38.44585700021659], [-120.48322200024312, 38.44679599997267], [-120.4825810001856, 38.44702500021114], [-120.48202999964148, 38.44700199989437], [-120.48069099962504, 38.44668399999384], [-120.47944100019541, 38.44675299981918], [-120.47871300009926, 38.446890999975466], [-120.47571799987402, 38.448105999796134], [-120.47478800011153, 38.44829000001387], [-120.47382800021181, 38.44826700010027], [-120.4728080000376, 38.448107999946366], [-120.47179000041156, 38.44753700019579], [-120.47129499994391, 38.44737700010711], [-120.4702189996932, 38.44749200031662], [-120.46952099973431, 38.44778999999457], [-120.46838699975729, 38.4485909997677], [-120.46774800024792, 38.44884400009252], [-120.46713700032767, 38.44884400009252], [-120.46559400009673, 38.44843399976527], [-120.46480900009918, 38.448067999746264], [-120.46393500041316, 38.44740499967336], [-120.46309000014115, 38.44655900034623], [-120.46218899979267, 38.44617099983582], [-120.46140399979511, 38.44617099983582], [-120.45922299987971, 38.44740800027952], [-120.45727499959287, 38.449056000168305], [-120.4564610001813, 38.44951400034959], [-120.45547299979418, 38.44976700025245], [-120.45360999989612, 38.45001900027499], [-120.45215600025196, 38.45011099976242], [-120.45154399960845, 38.45043199981592], [-120.45046999990592, 38.451553999797014], [-120.44866800010723, 38.45244700002575], [-120.44849300020503, 38.45247000001406], [-120.44814400022557, 38.45283600021779], [-120.44773300032183, 38.45354300034219], [-120.44781799981233, 38.45459500015233], [-120.44784299992668, 38.4561269998631], [-120.44749300012234, 38.45672200022255], [-120.44652999984956, 38.4573139997013], [-120.44600799961772, 38.457540999733844], [-120.44553999981258, 38.457974000009216], [-120.44398800025913, 38.46147000009106], [-120.44352299992873, 38.461948000030766], [-120.44276499969536, 38.46254300020949], [-120.44154000038009, 38.46310599973674], [-120.43702799986318, 38.4643840001676], [-120.43635800039168, 38.464655000015384], [-120.43544500034761, 38.46520500028498], [-120.43534200041545, 38.465269999930996], [-120.43342099989276, 38.46636100010295], [-120.43158999978172, 38.467178000275595], [-120.42923499978909, 38.46868299972266], [-120.42909599987192, 38.46868000000129], [-120.42813900034521, 38.469295000056135], [-120.42658600006855, 38.47052000002668], [-120.42649200035723, 38.470597999894785], [-120.42611599971528, 38.47071900034375], [-120.42435999994733, 38.472022999864585], [-120.4241890002431, 38.47223199977072], [-120.42405100015087, 38.472828999668785], [-120.42385299978413, 38.4731530001488], [-120.42321500009967, 38.47332200003193], [-120.41969400034297, 38.47312000032932], [-120.41820899983838, 38.473188000111335], [-120.41748699959001, 38.47349599989309], [-120.41664499969106, 38.47362400020998], [-120.41663899984327, 38.47357999979698], [-120.41556400031583, 38.47341899971934], [-120.41466399979221, 38.47307500023142], [-120.41367799995321, 38.47213800017391], [-120.41283500022934, 38.4708129996805], [-120.41289399978058, 38.47024200027944], [-120.41330100038466, 38.469580000138556], [-120.41327299989726, 38.46916900006044], [-120.41283600005426, 38.46878100016443], [-120.41242900034848, 38.46866600012771], [-120.41025199973275, 38.469006999842875], [-120.4083339995831, 38.46911999976816], [-120.40743200030799, 38.469072999714946], [-120.40676500031124, 38.46891200012344], [-120.40452900014425, 38.467860000209306], [-120.40354099975713, 38.46747100014529], [-120.40026100002487, 38.46678299974568], [-120.39931299982067, 38.466719999690845], [-120.39921300026155, 38.46671900022543], [-120.3984270004391, 38.46682099978566], [-120.39618600024924, 38.46710400017542], [-120.39551699970436, 38.467195999680186], [-120.39231599961478, 38.46737900028803], [-120.38972700016873, 38.467195999680186], [-120.38806799958682, 38.46673799991307], [-120.38670000015642, 38.46623499990425], [-120.3864089999033, 38.46596099982866], [-120.38579899980792, 38.46509099966059], [-120.3855650003545, 38.46408499988853], [-120.38495400043422, 38.46280399982086], [-120.38480999959587, 38.46227800013907], [-120.38454699983014, 38.461979999804704], [-120.3841979998507, 38.46186500017726], [-120.38169600044324, 38.46124800028092], [-120.3807070002312, 38.46104200023249], [-120.37928200000104, 38.46106500029439], [-120.37718700029939, 38.46188799997673], [-120.37602300018517, 38.46257499971946], [-120.37488800038322, 38.462734999869895], [-120.37427599973974, 38.46273400034926], [-120.37309699955688, 38.463305000115106], [-120.37202600022738, 38.464168000000896], [-120.37185299997503, 38.4643140001193], [-120.37092599968724, 38.4648420001134], [-120.36999599992474, 38.46518600019341], [-120.36793700020812, 38.46571699997866], [-120.36671799984228, 38.466086000328566], [-120.36492000024155, 38.46657099971047], [-120.36311900026779, 38.46669000024822], [-120.36210099974339, 38.4666699996751], [-120.35867399969804, 38.46606299975766], [-120.35634899984261, 38.465862999774785], [-120.35597800012185, 38.465881999687994], [-120.3558559999231, 38.46588699988645], [-120.35364900006844, 38.4654829997564], [-120.35295000028465, 38.46557099988697], [-120.35157699993303, 38.466202999908006], [-120.3506170000333, 38.46640299965136], [-120.34921899956733, 38.466439000249615], [-120.34733700030101, 38.46665499994495], [-120.34264599968398, 38.46714899977965], [-120.33813900008826, 38.46743699967654], [-120.33747000044166, 38.467300999751345], [-120.33656800026824, 38.46700600026803], [-120.3345580000571, 38.465890999904275], [-120.33319099955328, 38.46541599992866], [-120.3310399997751, 38.46519199992671], [-120.33022399981542, 38.46548999965083], [-120.32926399991568, 38.466038000229766], [-120.3280400004253, 38.46654000003465], [-120.3271099997645, 38.466837999815596], [-120.3269060004483, 38.46683699964844], [-120.3267299998229, 38.466926999865414], [-120.32370100016078, 38.46792299997166], [-120.32227199973268, 38.46861600005451], [-120.32171600006397, 38.469089999917294], [-120.32033799968951, 38.47049100017146], [-120.31986999988438, 38.47075899994185], [-120.31911400019914, 38.4710260000137], [-120.3173040000045, 38.47133100027689], [-120.31719400039965, 38.47135199966183], [-120.31362300041422, 38.47171700031917], [-120.31015399963773, 38.4722089997535], [-120.30656199973592, 38.47245300014312], [-120.30612599971784, 38.472422000182675], [-120.30554800030785, 38.47218599972895], [-120.30456400011865, 38.4721259997527], [-120.3036600002954, 38.47247700017144], [-120.30260400013621, 38.47312399994595], [-120.30113600024838, 38.474309999914865], [-120.29798600021243, 38.47544899994905], [-120.29748800027005, 38.47576100009123], [-120.29742700017069, 38.47585099971899], [-120.29716799970461, 38.475884999736685], [-120.29710800032845, 38.47589400011098], [-120.29588899996263, 38.476677000244635], [-120.29478500012286, 38.477161000100516], [-120.2937399998343, 38.477349000138936], [-120.29187699993622, 38.477357000309226], [-120.28864900008249, 38.477074000073905], [-120.28614400030202, 38.476512999951595], [-120.28527100044093, 38.47624199965747], [-120.2837850001114, 38.47544699985367], [-120.28331800013117, 38.47540399989829], [-120.28203900038922, 38.475547000337514], [-120.27764700042124, 38.47561199980406], [-120.27619299987876, 38.475799999662385], [-120.27517600007764, 38.476147000327884], [-120.27331900002734, 38.477413000070044], [-120.27282600010786, 38.477757999972795], [-120.27189499962213, 38.477577999740305], [-120.26953799997965, 38.47770199977671], [-120.26913200009878, 38.4777730002063], [-120.2688109997084, 38.478162000248986], [-120.26849000021636, 38.47882499965463], [-120.26752699994358, 38.48012800026212], [-120.26714799982689, 38.480517000254366], [-120.26653699990663, 38.480972999756204], [-120.2662749999658, 38.480972999756204], [-120.2662549998743, 38.48118800024781], [-120.26602499972054, 38.481336000295315], [-120.2651900003926, 38.48227800011743], [-120.26506900001877, 38.48248499992886], [-120.26488999991862, 38.482703999917916], [-120.26456799970333, 38.48275799985143], [-120.26444100038005, 38.482733999729724], [-120.26391599977518, 38.48256500011119], [-120.26342000038093, 38.48262599978617], [-120.26300699992909, 38.48298599990618], [-120.2624939999181, 38.48425999989077], [-120.2620160000672, 38.48505400032796], [-120.26139299955305, 38.485868999831006], [-120.26077499996006, 38.48631799994654], [-120.25992600038845, 38.48671699990046], [-120.25873100031204, 38.48688299996015], [-120.25710000021758, 38.48692899976503], [-120.25698399986662, 38.48699500010632], [-120.25686800041399, 38.48706699970658], [-120.25532500018306, 38.48758000013766], [-120.25463700026991, 38.487709999812225], [-120.25420399972653, 38.48765400031655], [-120.2532510003978, 38.48745299987215], [-120.25327999981181, 38.48736200008133], [-120.25275799958, 38.4869729997649], [-120.25238100001145, 38.48678899977847], [-120.2510040003602, 38.48685099998689], [-120.24937200044081, 38.48669199979905], [-120.24876300017037, 38.48669299969077], [-120.24806299966332, 38.48689900029304], [-120.24727699984084, 38.486853999655395], [-120.24687000013508, 38.48655800012015], [-120.24462800012033, 38.48573699983811], [-120.24322999965436, 38.48537199984579], [-120.24168800014667, 38.485190999728374], [-120.24087100036206, 38.48535100032555], [-120.24008700018942, 38.48576400008007], [-120.23999900032588, 38.485947999870895], [-120.24001900041736, 38.48597400013211], [-120.23975599975331, 38.48601600020975], [-120.23905299977153, 38.48678899977847], [-120.23834999978975, 38.48730800008156], [-120.23744599996651, 38.487691999903724], [-120.23719300024652, 38.48787900002296], [-120.23692200008487, 38.488078000237266], [-120.23689500032069, 38.488116000304075], [-120.23660400006753, 38.48851600001336], [-120.23578100043515, 38.48965599973005], [-120.23554600025854, 38.48988500030973], [-120.2349319999652, 38.489998999700624], [-120.23493399961502, 38.490068000280516], [-120.23365900007103, 38.49034399982992], [-120.23039600005715, 38.49030200016538], [-120.22762199976485, 38.49046799970112], [-120.22603000002844, 38.49074200015675], [-120.22565099991179, 38.4911460000774], [-120.22276500036479, 38.49310500026062], [-120.22244399997443, 38.49337300033156], [-120.22214100002572, 38.493482000138236], [-120.22155900041776, 38.49381599993154], [-120.22120899971507, 38.49394000015537], [-120.22053800041866, 38.494418999769536], [-120.21922500034151, 38.49599500007739], [-120.2182029996192, 38.496814999738625], [-120.21791200026436, 38.49727199991406], [-120.21741699979671, 38.49770599968432], [-120.21683299964062, 38.49800199982598], [-120.2154939996242, 38.49838700003587], [-120.21422199955492, 38.49857599997392], [-120.21247199963477, 38.499336999675954], [-120.21071300039209, 38.50009900018338], [-120.20940500033781, 38.500756999658435], [-120.20772400001464, 38.501039000003736], [-120.20686899969687, 38.501039000003736], [-120.20570200010792, 38.501039000003736], [-120.20345400024539, 38.50056900022092], [-120.20204999993165, 38.50002099989837], [-120.20190900036464, 38.49996599983593], [-120.20176799989933, 38.499910999731455], [-120.20152000020221, 38.4998610002392], [-120.20127199960677, 38.49981199971882], [-120.19974699981753, 38.4995069997478], [-120.19822200002827, 38.49920199989138], [-120.19578500001987, 38.49896300007411], [-120.19465600006572, 38.498871000333125], [-120.1936469997622, 38.49878800009919], [-120.18859100017048, 38.49780699995726], [-120.18664600025666, 38.49708500026811], [-120.18631300017071, 38.49696099983293], [-120.1849170002529, 38.49689699968354], [-120.18340699963392, 38.49682800001907], [-120.18203300035574, 38.496407999994], [-120.1807229997533, 38.495681999870854], [-120.18060999977543, 38.49561899975923], [-120.18005400010671, 38.495557999833046], [-120.17983499982358, 38.49562300023667], [-120.17899299992465, 38.49587399987129], [-120.17789300028281, 38.4964250000777], [-120.1769550001244, 38.4964699996596], [-120.17485500039987, 38.49612500003752], [-120.17281099985354, 38.49638499995703], [-120.1713150003766, 38.49626899990334], [-120.16922399997458, 38.49629400019738], [-120.16908500005742, 38.496248999802525], [-120.16876799986501, 38.49614800015745], [-120.16845099967261, 38.496045999905824], [-120.16720500044092, 38.49564599981384], [-120.16631599978797, 38.49507900005783], [-120.16590999990709, 38.494820999904334], [-120.1650219999774, 38.494493999739284], [-120.16474999999085, 38.49439400023101], [-120.16447800000428, 38.49429300009459], [-120.1643189999956, 38.494234999813], [-120.1626560001141, 38.49432200021783], [-120.16168199997065, 38.49441499992834], [-120.16065299957563, 38.49451400032737], [-120.15967400030763, 38.494660999944514], [-120.15869599996626, 38.494874000120284], [-120.157243000147, 38.49475699996307], [-120.1566099995871, 38.49446499968522], [-120.15582200011482, 38.49410100009919], [-120.15471200042727, 38.49408100009955], [-120.15352300019869, 38.49443099999492], [-120.152891000362, 38.494875999676644], [-120.15269399982019, 38.49500000018528], [-120.15213099958048, 38.495355999869936], [-120.15076300015006, 38.495237000246135], [-120.14995200021325, 38.495247000086216], [-120.14854700007459, 38.49549900009725], [-120.14670799956767, 38.495318999878], [-120.14595899955513, 38.49563099978474], [-120.14555400039748, 38.495799999697354], [-120.14515000016644, 38.4959680001536], [-120.14483600034708, 38.496137999739396], [-120.14452199962942, 38.49630900008843], [-120.14450900010893, 38.49631599980216], [-120.14386600040162, 38.49671799989766], [-120.14376199974622, 38.496794999789394], [-120.14301500028182, 38.49744600031416], [-120.1429230002203, 38.49745700029299], [-120.14268800004366, 38.497820999795934], [-120.14248200017933, 38.4980250000497], [-120.14210100041282, 38.49811299982918], [-120.14099599984985, 38.497942999982655], [-120.1402960002411, 38.4979829999413], [-120.13938999986973, 38.49834099981226], [-120.13909799979166, 38.49831499979511], [-120.13816800002917, 38.49805400007676], [-120.13691600005137, 38.49795199971165], [-120.13677100028642, 38.497814000228445], [-120.13671600003484, 38.497400999935856], [-120.13017999996138, 38.4971380002246], [-120.12884099994497, 38.497205000100486], [-120.12882400022654, 38.497086999763106], [-120.1285940000728, 38.49706199974426], [-120.12790299978656, 38.49687600000668], [-120.12692899964311, 38.49630300013239], [-120.12637600034748, 38.49610299967134], [-120.12603499986562, 38.49598200034971], [-120.12519100031686, 38.49584399990498], [-120.12344499969633, 38.49595799971056], [-120.12207700026589, 38.496210000046865], [-120.12178600001276, 38.4961860001867], [-120.12161000028567, 38.49625400000402], [-120.11977699962654, 38.496542000338266], [-120.11829399967007, 38.496605000345845], [-120.11785699982705, 38.496671000261124], [-120.11744799957316, 38.49733299979512], [-120.11715600039341, 38.497468000270196], [-120.11538300000872, 38.49741400011049], [-120.11413100003095, 38.4975679997299], [-120.11273299956498, 38.498017999798975], [-120.11150999989952, 38.49851699989772], [-120.11118799968423, 38.49881100007199], [-120.11089300013144, 38.49986699989889], [-120.11080299971975, 38.50047199981066], [-120.10954900009216, 38.50133400011819], [-120.1089909998753, 38.50242900014114], [-120.10826000030447, 38.503225000049945], [-120.10831499965774, 38.503660000165034], [-120.1079959998155, 38.503839999928964], [-120.10604500005388, 38.50392299996537], [-120.10555100030948, 38.50419499986323], [-120.10473399962655, 38.50489999980211], [-120.10468299957294, 38.50491199968751], [-120.10417899978277, 38.50504100008647], [-120.10336899967088, 38.50543700009683], [-120.1027870000629, 38.505509999878754], [-120.10141600025943, 38.50506299983175], [-120.10115099994557, 38.50476800022801], [-120.10102999957175, 38.50440300033256], [-120.10076799963092, 38.50420000021616], [-120.10073800039203, 38.50410800013431], [-120.10029900000089, 38.50399700023056], [-120.09811899991041, 38.50435899972913], [-120.09768500044044, 38.50463700005463], [-120.09699499997915, 38.50553600011065], [-120.09657099965662, 38.505962999818045], [-120.09644400033332, 38.50608799984436], [-120.09525000008186, 38.50663700001707], [-120.09396799996685, 38.50690999982024], [-120.09361800016248, 38.507093000128535], [-120.09265800026274, 38.50729700013156], [-120.09222100041974, 38.50750300016836], [-120.09152199973761, 38.50750300016836], [-120.09111599985674, 38.50741100008824], [-120.0907970000145, 38.50715999988314], [-120.09077100007525, 38.50717200009488], [-120.09025200021647, 38.50672000034481], [-120.08941000031751, 38.50640000020623], [-120.08662400032965, 38.50704100007672], [-120.08505500015946, 38.507222999742396], [-120.08441599975176, 38.50783999982479], [-120.08351500030159, 38.50820499987421], [-120.08276200009108, 38.50829799993769], [-120.08165599970316, 38.507932000059796], [-120.08040799992332, 38.507430999901715], [-120.08002999963156, 38.50743000029779], [-120.07927700031938, 38.50777299999993], [-120.07869499981312, 38.50857200006144], [-120.07849200032182, 38.508732000051815], [-120.07685200000654, 38.50899500030906], [-120.07677800038667, 38.50900599993001], [-120.07395499969057, 38.50970799974517], [-120.07348799971035, 38.5097300001735], [-120.07323900018831, 38.50981000033245], [-120.07248400032799, 38.50986900029605], [-120.07248799962764, 38.509990000189354], [-120.0724709999092, 38.527880999913926], [-120.07246900025939, 38.5301420003275], [-120.07245599984059, 38.544079999747666], [-120.07245599984059, 38.544138999724375], [-120.07245300036585, 38.546953999904275], [-120.07245199964262, 38.547475000305106], [-120.0724509998177, 38.548716000178096], [-120.0724509998177, 38.55160900030662], [-120.0724349999242, 38.56665999995616], [-120.07243099972622, 38.57068299981075], [-120.07242999990133, 38.572063000157286], [-120.07242900007641, 38.573941999684976], [-120.07242800025149, 38.57406299998713], [-120.07242700042659, 38.57502400019969], [-120.07242999990133, 38.57505099996517], [-120.07250199987133, 38.576246000334926], [-120.07252299978772, 38.57658399973551], [-120.07252299978772, 38.58431099993108], [-120.07252199996283, 38.58502999970635], [-120.07252199996283, 38.58623000004298], [-120.07252199996283, 38.591037999740195], [-120.07252199996283, 38.59113500023816], [-120.07252199996283, 38.591231999902874], [-120.07252199996283, 38.59130100033022], [-120.07252199996283, 38.5913699999891], [-120.07252199996283, 38.59148900003866], [-120.07252199996283, 38.59160799989103], [-120.07252199996283, 38.59527600023927], [-120.07252100013791, 38.60355900007479], [-120.07252100013791, 38.61393099975867], [-120.07252000031299, 38.6161850003164], [-120.07252000031299, 38.61661399981542], [-120.07252000031299, 38.62490900031759], [-120.07251699993996, 38.62617000007692], [-120.07251100009218, 38.62943200015305], [-120.07250199987133, 38.634982000150806], [-120.07250199987133, 38.63503899998898], [-120.07250199987133, 38.635095999781754], [-120.07250199987133, 38.63532299997197], [-120.07250199987133, 38.635423999973895], [-120.07249500019864, 38.63921900024017], [-120.07249000017578, 38.642482000009785], [-120.07248699980272, 38.64384299965276], [-120.07248000013004, 38.64792699970092], [-120.07247900030512, 38.64928900019853], [-120.07247199973412, 38.65344600033011], [-120.07246199968836, 38.65903000020208], [-120.07245300036585, 38.664227999825464], [-120.07245400019075, 38.66435200009866], [-120.07243199955114, 38.67780400026603], [-120.07242800025149, 38.67979200033895], [-120.07241800020577, 38.68570600025324], [-120.07241599965762, 38.687470000274786], [-120.07241599965762, 38.687624000143714], [-120.07241099963474, 38.68931299986813], [-120.07241099963474, 38.68964899974233], [-120.07236799997703, 38.690869999740606], [-120.07233299981695, 38.69298700033052], [-120.07235299990843, 38.69656199966079], [-120.07236999962684, 38.69936400009211], [-120.07266300042814, 38.699159000151354], [-120.07330100011261, 38.700399000139434], [-120.07331100015831, 38.700629999783885], [-120.07332399967882, 38.700930999900585], [-120.07333100024981, 38.7010900002102], [-120.07323599981525, 38.70114700002344], [-120.07301400005743, 38.70128100005734], [-120.07287799961496, 38.70128100005734], [-120.07247599993207, 38.70128100005734], [-120.07238200022074, 38.7012819997689], [-120.07238200022074, 38.701390999792935], [-120.07238899989343, 38.70241600018849], [-120.07239100044156, 38.70267500012456], [-120.07239200026648, 38.7027669997786], [-120.07241099963474, 38.70276499969594], [-120.0724709999092, 38.70276100023148], [-120.0724910000007, 38.70276100023148], [-120.0731110001418, 38.702729000301595], [-120.0732299999675, 38.70267300003931], [-120.0738369996898, 38.70239300017319], [-120.07438700040902, 38.70194500035038], [-120.07519800034585, 38.701604000106336], [-120.07552300003587, 38.70146799985764], [-120.07591700022114, 38.701395999744996], [-120.0761669995681, 38.70130899968743], [-120.07670300004361, 38.701122999886216], [-120.0769270003496, 38.70107800013303], [-120.07718699974228, 38.70102600024274], [-120.0774329997896, 38.70097599974632], [-120.07751399998044, 38.70096000008484], [-120.07816300043385, 38.70078600020518], [-120.078406999933, 38.70072199996565], [-120.07844399974294, 38.70069799968581], [-120.07855800044406, 38.700628000342526], [-120.07859600007889, 38.70060600017425], [-120.07938100007644, 38.700419999946725], [-120.08001700011108, 38.700312999996186], [-120.08065300014572, 38.700287000128185], [-120.08111599992799, 38.7002849999762], [-120.08122899990592, 38.700292000157475], [-120.08160800002257, 38.700274999916275], [-120.08190699977331, 38.70031399972128], [-120.08249099992943, 38.70060400003113], [-120.08242399998227, 38.702033000036295], [-120.07769300008057, 38.70212600021609], [-120.07763899965389, 38.708886999841305], [-120.09445199966554, 38.70899100006794], [-120.0983220003, 38.709028999722044], [-120.09832700032287, 38.70879500035048], [-120.09836900015567, 38.70395699978538], [-120.09979100001274, 38.7045400002271], [-120.10009800015942, 38.70472499988966], [-120.10098799973896, 38.70526200009816], [-120.10194599998884, 38.70567699980729], [-120.1030049996228, 38.70596300011366], [-120.1043620000809, 38.70607099966708], [-120.10550799975346, 38.706135999670146], [-120.10593399972579, 38.70616099987134], [-120.10740300033687, 38.70610700018297], [-120.10938400023574, 38.70587299966018], [-120.11072699955177, 38.705726999820804], [-120.11085200012357, 38.705714000171156], [-120.1120089996668, 38.70501600019772], [-120.11240500040024, 38.70424900008496], [-120.11286099961148, 38.703223000340046], [-120.11341200015563, 38.70273699993487], [-120.1146709998061, 38.70207099988314], [-120.11599200027919, 38.70132299984889], [-120.11651199996285, 38.700796999911944], [-120.11721499994465, 38.6997870003424], [-120.11740599974037, 38.699059999761005], [-120.11749000030427, 38.69890500022709], [-120.11763900026718, 38.698631999973394], [-120.11812999963853, 38.698242999961096], [-120.11935800022519, 38.697577000123026], [-120.1200839997732, 38.69711400022684], [-120.12021000016989, 38.69703299989607], [-120.12042899955469, 38.696894000049525], [-120.12054499990565, 38.69682200023967], [-120.12107299998524, 38.69645900006536], [-120.12114800032833, 38.69640800010186], [-120.12129700029124, 38.696328000154566], [-120.12176199972335, 38.69608300015388], [-120.12222200003086, 38.69570999973755], [-120.12253800039838, 38.69536199995044], [-120.122689999836, 38.69497499998186], [-120.12270800027768, 38.694916999655774], [-120.12283100030132, 38.69454700028862], [-120.12283100030132, 38.694421000120315], [-120.12283399977605, 38.693923000321284], [-120.12283600032418, 38.693765000020996], [-120.12290099972321, 38.69265199983939], [-120.12298500028712, 38.69245100033422], [-120.12309400006704, 38.692191999832175], [-120.12322600031153, 38.692020999880086], [-120.1234709996356, 38.69170600018999], [-120.12393099994314, 38.69137400026178], [-120.12425499980824, 38.69075999995054], [-120.12433000015129, 38.690280000289825], [-120.12433400034926, 38.69026000017561], [-120.12431000005982, 38.68968699985834], [-120.12383899988163, 38.68819000019237], [-120.12336900042668, 38.686934000314025], [-120.12296500019562, 38.68636299984492], [-120.1221690003274, 38.685600999890724], [-120.12145600029987, 38.684878000042886], [-120.1213879996295, 38.68478299999125], [-120.12061699987568, 38.68370500023167], [-120.120281000315, 38.68295700027138], [-120.12018000003268, 38.6827310002078], [-120.1195830003561, 38.682312999959436], [-120.11925199991998, 38.682082000066416], [-120.11782900023798, 38.68121700030336], [-120.11715100037054, 38.68068899978106], [-120.117055999936, 38.68061499978975], [-120.11683800037609, 38.68033399982713], [-120.11671799982719, 38.679850000304334], [-120.11670100010873, 38.679778000171005], [-120.11672799987292, 38.6797079999914], [-120.11689000025464, 38.67929199965545], [-120.11694499960791, 38.67915399972133], [-120.11762800039652, 38.67759600012656], [-120.11763599989412, 38.677575999973385], [-120.11774399984915, 38.67733100027349], [-120.11838200043192, 38.67592599999799], [-120.11910299995708, 38.674640999841344], [-120.11986700003821, 38.67361400031774], [-120.12021000016989, 38.673116000169124], [-120.12060900037805, 38.67253800016489], [-120.12126999962874, 38.67176099982884], [-120.12133300027624, 38.67168899997467], [-120.12164299989763, 38.67117999970936], [-120.12171900006562, 38.671058000306886], [-120.12194099982347, 38.67047700009299], [-120.12180500027935, 38.66991900001668], [-120.1217659999213, 38.66976200016648], [-120.12175099985268, 38.66970399974164], [-120.12170700037005, 38.66925099990975], [-120.12174800037792, 38.66903400010982], [-120.1220060001208, 38.66869899969613], [-120.1220699996949, 38.668615999824496], [-120.12212099974853, 38.66856000021168], [-120.12227599955922, 38.66839400004996], [-120.12232800033607, 38.66833899973406], [-120.1223800002146, 38.66826100031026], [-120.12251699958367, 38.668052999794874], [-120.12254300042125, 38.66801500011425], [-120.1226949998589, 38.6676839998654], [-120.12291099976896, 38.66710500000351], [-120.12292699966245, 38.667062999762344], [-120.12305300005917, 38.66679299992827], [-120.12305999973186, 38.66677499994991], [-120.12308499984623, 38.66672099998763], [-120.12309400006704, 38.66670400018588], [-120.126019999797, 38.665260999911936], [-120.12616499956195, 38.66515399998371], [-120.12690899955162, 38.66515100003587], [-120.12734399974481, 38.665169999937284], [-120.12793000044906, 38.665197000157654], [-120.12851299988192, 38.66506100013914], [-120.12858999987482, 38.6649650002181], [-120.12886400040952, 38.66462600021249], [-120.1291589999623, 38.664011999764405], [-120.12918900009952, 38.66395000006166], [-120.12939300031404, 38.66352499998676], [-120.12958400010973, 38.66291599975403], [-120.13014200032656, 38.66225699975381], [-120.13058300036751, 38.661737999938524], [-120.13155699961267, 38.661040999745545], [-120.13223299983026, 38.66030800008752], [-120.13245299993828, 38.65986199966192], [-120.13267999971902, 38.65924299966226], [-120.13293599981205, 38.658550000272136], [-120.13334300041613, 38.65761799977357], [-120.13425300008716, 38.655987000234745], [-120.13459500039392, 38.655467000229024], [-120.13487499987806, 38.65504499999115], [-120.13510400020695, 38.654525999825516], [-120.1349469998481, 38.65365599983132], [-120.13447499984501, 38.65299100000042], [-120.13357299967157, 38.65237000016282], [-120.1324250003492, 38.65176799980214], [-120.13191800018598, 38.65148399974037], [-120.13187700017811, 38.65143700022431], [-120.13169899990288, 38.65123199978034], [-120.13164700002433, 38.65111599973468], [-120.13148800001568, 38.65075299992654], [-120.13137000001491, 38.65028200026336], [-120.13134999992342, 38.65002599997726], [-120.13140000015213, 38.649817000087616], [-120.13171800016947, 38.6490640002234], [-120.13223600020332, 38.64854599997078], [-120.13352499999102, 38.647151999853136], [-120.13369700041845, 38.64677299975527], [-120.13383700016057, 38.646468999816165], [-120.13412900023862, 38.6462220000561], [-120.13489599979448, 38.645748999800794], [-120.1356990002337, 38.64456599998442], [-120.13589800042533, 38.643480000182635], [-120.1362630002983, 38.642456000179486], [-120.13700300009003, 38.641217000083714], [-120.13722300019805, 38.64107799988506], [-120.13760899998742, 38.640835999759176], [-120.13909600014185, 38.63972099983521], [-120.13912100025621, 38.63963200013267], [-120.13928600011265, 38.63945199994711], [-120.13964599996275, 38.63905999999026], [-120.1399020000558, 38.63865699985982], [-120.14008399963068, 38.63837400034479], [-120.1404939997095, 38.63816799982401], [-120.14168899978587, 38.63805400016698], [-120.14355599988188, 38.638831999823935], [-120.14370700039295, 38.63891599971108], [-120.14378900040872, 38.6389679998258], [-120.14400799979349, 38.63908899998712], [-120.14421299983293, 38.639217999661604], [-120.14461799988888, 38.6395249998079], [-120.1446759996152, 38.63956299986937], [-120.14478799976818, 38.63961799983038], [-120.14489800027135, 38.6396519996576], [-120.14507200034865, 38.63967600006251], [-120.14516100003708, 38.639678999674025], [-120.14528099968769, 38.63968299985746], [-120.14538500034307, 38.63968600017037], [-120.1456680002003, 38.63966599995325], [-120.14588900013324, 38.63961799983038], [-120.14650099987844, 38.63942300009717], [-120.1465910002901, 38.63940199993228], [-120.1466819996284, 38.63938099976129], [-120.1467610001694, 38.639362000035646], [-120.14677200004006, 38.63935899970923], [-120.14692000017807, 38.639295999841636], [-120.14696500038394, 38.63926600005231], [-120.14705599972221, 38.63920700031302], [-120.14725900011179, 38.63903400032185], [-120.14740600042488, 38.6388429999317], [-120.14770000015277, 38.638356000241124], [-120.14777600032075, 38.638262000094215], [-120.14787400023003, 38.63819600029065], [-120.14814899969132, 38.638074000132235], [-120.14832899961638, 38.63800000030302], [-120.14931299980556, 38.63766099968228], [-120.14950100012652, 38.63760800012337], [-120.14990199998454, 38.63749500017824], [-120.15007699988672, 38.637447000004826], [-120.15114399991657, 38.637461000029504], [-120.1511740000538, 38.6374619999309], [-120.15153700027696, 38.637595999926496], [-120.15189299992909, 38.63772799987618], [-120.15240500011518, 38.637917999834194], [-120.15273900002603, 38.63772699997848], [-120.15288899981385, 38.63758000012872], [-120.15300199979175, 38.63721400009509], [-120.15319299958747, 38.636597000000585], [-120.15342899958902, 38.63617300034809], [-120.15345200005355, 38.63613000029292], [-120.15366499959056, 38.63575000021798], [-120.15383299982008, 38.63551299998963], [-120.15433800033345, 38.635173000303986], [-120.15634599999647, 38.634258000023166], [-120.15691300043412, 38.63400100008125], [-120.1573989997826, 38.63372700001029], [-120.15789900027313, 38.63337500007245], [-120.15810199976438, 38.63323300022229], [-120.15879800007349, 38.633152999836916], [-120.15968199980524, 38.63308700024122], [-120.16029299972553, 38.63304199981216], [-120.16031600019005, 38.63304199981216], [-120.16038499978703, 38.633044999701305], [-120.16040800025156, 38.63304599966431], [-120.16172200015363, 38.63309200005323], [-120.16298099980409, 38.633136999749105], [-120.16527600042062, 38.63309200005323], [-120.16566100038507, 38.63301799999287], [-120.1664289997659, 38.63287100031018], [-120.16696299969324, 38.632845999766126], [-120.16835600013634, 38.63268500017951], [-120.16896799988154, 38.63260000003831], [-120.17018899989719, 38.63243200009852], [-120.17177899998376, 38.63240800007502], [-120.17421500016728, 38.63264899991733], [-120.17497900024844, 38.63285999998768], [-120.17567800003225, 38.633054000069684], [-120.1769130002916, 38.63344799980691], [-120.17710099971426, 38.63350800003281], [-120.17864399994521, 38.63376600029173], [-120.17971500017299, 38.633547999687714], [-120.18018899982592, 38.63345200033809], [-120.18156800002531, 38.63303400010724], [-120.18318900007404, 38.63235500014079], [-120.18572200034193, 38.63157900032426], [-120.18717500016116, 38.63133799969188], [-120.18793300039454, 38.631276999767344], [-120.18844600040552, 38.631236000260536], [-120.1897490004369, 38.63123000033077], [-120.19078200013159, 38.631133999982325], [-120.19131900043202, 38.631150999804845], [-120.19497999993082, 38.62994400028286], [-120.19554399999544, 38.62962699969741], [-120.19584000027146, 38.62946199984754], [-120.19710399994479, 38.62919800014003], [-120.19787300004882, 38.62795000003868], [-120.1978429999116, 38.627578999765724], [-120.19743399965768, 38.62635799967757], [-120.19767600040532, 38.625804000037725], [-120.19984300007698, 38.625560000143416], [-120.20088099979453, 38.625260000343424], [-120.20112900038995, 38.624909999692306], [-120.20181899995298, 38.62467500028165], [-120.20257800001124, 38.62464999968683], [-120.20287500011216, 38.62470599994043], [-120.20309199984715, 38.624909999692306], [-120.2034349999788, 38.62518100025749], [-120.20372500040703, 38.62598500016788], [-120.20400599971613, 38.62690999985264], [-120.20431299986278, 38.62749599996776], [-120.20474800005597, 38.62773400006971], [-120.20524299962527, 38.62789799965076], [-120.20528299980828, 38.627905999928835], [-120.20624199988309, 38.62810500024241], [-120.20726999955487, 38.62821500016112], [-120.20839900040733, 38.6284340001667], [-120.20874800038679, 38.62850399994086], [-120.20945800004127, 38.62873900013659], [-120.20987200031806, 38.6288759996594], [-120.21019199998518, 38.62898199972011], [-120.21033699975014, 38.628958999965235], [-120.21191199976813, 38.6292340000298], [-120.2126700000015, 38.629301999694285], [-120.21278700017736, 38.62937100001032], [-120.21387799959835, 38.62924600022296], [-120.2143039995707, 38.629082000216364], [-120.21458499977808, 38.62889900014272], [-120.21463199963375, 38.62886900021261], [-120.21491299984113, 38.6285029999145], [-120.21531799989711, 38.627988999953935], [-120.21566400040183, 38.62715099993011], [-120.21574399986946, 38.62683200023065], [-120.21555200024885, 38.62614900024022], [-120.21536499975278, 38.6257760003451], [-120.21491600021419, 38.62503600009543], [-120.21476999972602, 38.62475500030185], [-120.21460200039485, 38.624114999746666], [-120.21462800033409, 38.62357199996712], [-120.21491700003911, 38.62329900014167], [-120.21624400035998, 38.62247199986278], [-120.21708899973366, 38.62227199994516], [-120.21777699964682, 38.62185000002945], [-120.22024499961736, 38.621466999689424], [-120.22071400014575, 38.62137600023336], [-120.22070999994777, 38.621004000207066], [-120.22073500006213, 38.62061299987304], [-120.22074099990994, 38.6205359998558], [-120.22082200010081, 38.619907999900974], [-120.220920999835, 38.619589999715366], [-120.22099600017806, 38.61935199995617], [-120.2213440003326, 38.618828000168236], [-120.22190699967399, 38.618401000207875], [-120.22253199983795, 38.61790099976329], [-120.22313600008556, 38.61750600004302], [-120.22315399962889, 38.617491000152896], [-120.2234840002401, 38.61724000016959], [-120.22368900027952, 38.61699999995973], [-120.22378100034102, 38.61689300024784], [-120.22382700037176, 38.61672699968357], [-120.2239550004183, 38.61627300015286], [-120.22436399977389, 38.61536200026498], [-120.22471199992843, 38.61490300013975], [-120.22510100009086, 38.614379000137816], [-120.22543800037475, 38.61392000004004], [-120.22575499966885, 38.613427999734085], [-120.22598099962465, 38.61304099978038], [-120.22611299986914, 38.612525999651524], [-120.22631700008363, 38.611696000018426], [-120.22652200012307, 38.61139800031413], [-120.226702999873, 38.61120700000351], [-120.22693100037696, 38.61097000007611], [-120.22712600037063, 38.610575000095295], [-120.22724799967104, 38.6097939997052], [-120.22714399991398, 38.60918200028837], [-120.22687699995028, 38.60862700034003], [-120.22548400040552, 38.60681199997871], [-120.2251599996421, 38.60662399968586], [-120.22459399992766, 38.60591699983611], [-120.22404300028182, 38.60499199967261], [-120.22361200028661, 38.60467699972613], [-120.22366199961701, 38.604280999837414], [-120.2253010001074, 38.602677000188486], [-120.22868899979473, 38.600797000151736], [-120.23067700026458, 38.60061400021791], [-120.23262399982822, 38.60004399996581], [-120.23268199955454, 38.59967800000393], [-120.23319600028876, 38.59644400025241], [-120.23287099970042, 38.595529999886374], [-120.23277500033926, 38.59370100023959], [-120.23263999972174, 38.59350699972747], [-120.23175599999, 38.59223599971529], [-120.23240899974307, 38.5910120002142], [-120.23384900004181, 38.58831599999007], [-120.23539200027274, 38.5876409996706], [-120.23753800002802, 38.58722900008537], [-120.23904000025105, 38.58609999993348], [-120.23923100004676, 38.58595699996249], [-120.2394949996374, 38.585940999879284], [-120.23995699959478, 38.58600500019074], [-120.2411349999527, 38.58635800009371], [-120.24163799991796, 38.586542999676055], [-120.24183799993449, 38.58653600031163], [-120.24244700020493, 38.58651799983625], [-120.24318500034683, 38.586420000211795], [-120.24377299980259, 38.586262000077056], [-120.24521300010134, 38.58587800013139], [-120.24783500005768, 38.58518300010277], [-120.24946199995418, 38.584744000133526], [-120.25038500004399, 38.58449499993391], [-120.2510260001015, 38.58438299980514], [-120.2510260001015, 38.58402700019195], [-120.2515690002497, 38.58388800009081], [-120.25185899977963, 38.583609999783555], [-120.25288099960365, 38.58263099993191], [-120.25384399987642, 38.58199099999431], [-120.2541460000002, 38.58190000032897], [-120.25506800026511, 38.58162499998371], [-120.25564400002531, 38.58133900019298], [-120.25737200020413, 38.58048300029482], [-120.25760400000773, 38.580369000239166], [-120.25798300012444, 38.58029999984038], [-120.25798300012444, 38.58018600019651], [-120.2589739999863, 38.57984300017677], [-120.26078199963277, 38.57961499995968], [-120.26188999967052, 38.5792039999854], [-120.26256000004032, 38.57863299966665], [-120.26512699974509, 38.57540799989005], [-120.26635199995867, 38.573464999886475], [-120.26655699999812, 38.57289300020129], [-120.26658700013533, 38.5720229999299], [-120.26594699990275, 38.57000999979405], [-120.26594699990275, 38.569507000290464], [-120.26618100025445, 38.56859200033593], [-120.26656000037114, 38.56765400022639], [-120.2667610002126, 38.56758400008362], [-120.26721599959895, 38.566901000119195], [-120.2684430003607, 38.5655769997064], [-120.26964400028487, 38.56468200033851], [-120.27046500026742, 38.563113000141136], [-120.27083500016327, 38.56261199990445], [-120.27237699967095, 38.56119300030101], [-120.27355099983096, 38.56041300029029], [-120.27383700006119, 38.560071000269254], [-120.27452199960133, 38.55945199993394], [-120.27521299988756, 38.55942400034199], [-120.2776370003755, 38.5597620002065], [-120.27830000017431, 38.559732000170555], [-120.27840899995424, 38.5596829996635], [-120.27855799991717, 38.55961699991686], [-120.27869099998655, 38.559274000034236], [-120.27879499974364, 38.55927500032297], [-120.27966900032794, 38.55921900028785], [-120.28051200005184, 38.55903899992957], [-120.28197599974169, 38.55844700022394], [-120.28389100041662, 38.557047999953085], [-120.2842210001295, 38.55732100031841], [-120.28792199981127, 38.55702500032268], [-120.28823800017878, 38.55691700009667], [-120.28918899985766, 38.55659600012567], [-120.28940800014078, 38.55652199984592], [-120.28945099979849, 38.55642799995025], [-120.28947599991284, 38.55636799989282], [-120.2895579999286, 38.55619599996571], [-120.28958600041602, 38.55614000034174], [-120.28989299966437, 38.55615099978207], [-120.29036600039069, 38.55616300025529], [-120.29059499982124, 38.556175999653426], [-120.29117399995447, 38.55618000027831], [-120.29195300010423, 38.556199000257955], [-120.29261500007814, 38.55621699990126], [-120.29306799981465, 38.55622600007246], [-120.29341299959617, 38.55623799983068], [-120.29455400014419, 38.556269999878616], [-120.29487800000926, 38.55628899983442], [-120.29510200031527, 38.5562940000808], [-120.29553099976233, 38.55632200018949], [-120.29595199971183, 38.556333999931674], [-120.29617099999493, 38.55633500026137], [-120.29638400043027, 38.5563419997587], [-120.2964970004082, 38.556339000174916], [-120.29760799992064, 38.55677100006658], [-120.2991889997864, 38.556116999718334], [-120.29927199962708, 38.5546570000325], [-120.29914500030381, 38.552670000337876], [-120.29903899999859, 38.55244200029862], [-120.29888599983771, 38.55210999995902], [-120.30009099995979, 38.550447999732896], [-120.30172100022939, 38.54910900030516], [-120.30529999971242, 38.54824299980295], [-120.30558500011774, 38.548245999724536], [-120.30598799962557, 38.548245999724536], [-120.30677299962312, 38.54824400024522], [-120.3130929997865, 38.546276999922924], [-120.31443299962784, 38.546276999922924], [-120.31506600018773, 38.5459729998461], [-120.31577300036749, 38.54563600026508], [-120.3171419996228, 38.545110000270874], [-120.31789900003128, 38.544950000345665], [-120.31883100034193, 38.54488099965769], [-120.31961799998928, 38.544903999660214], [-120.32101599955693, 38.54542999975596], [-120.324977000428, 38.54618500022019], [-120.32558900017321, 38.546116000014585], [-120.327714999837, 38.54529199993748], [-120.32835599989448, 38.545155000339385], [-120.32893900022569, 38.545451999804385], [-120.32928800020514, 38.54579600006916], [-120.3302210003407, 38.54721400034827], [-120.33068699959772, 38.547557000163266], [-120.33129800041628, 38.547694000103235], [-120.33252199990669, 38.547602000105684], [-120.33348299963131, 38.54757900026355], [-120.33471000039306, 38.547349000032376], [-120.33581400023282, 38.54728199974725], [-120.33738699970267, 38.54702999970976], [-120.33866899981766, 38.54693800026779], [-120.33998000024499, 38.54718900017075], [-120.34073699975515, 38.5472350000972], [-120.34129099977403, 38.547210999681056], [-120.34245499988825, 38.54716300022987], [-120.3435000001768, 38.54712000022597], [-120.34361099960657, 38.54711500004414], [-120.34394500041573, 38.547100999954615], [-120.3440569996704, 38.54709700022968], [-120.34519400002048, 38.547462999786816], [-120.34551399968761, 38.547507999788024], [-120.3463299996473, 38.54737100019625], [-120.34662799957313, 38.547343999866456], [-120.34764000024971, 38.54725500008656], [-120.34903899964229, 38.547414999801276], [-120.35116500020436, 38.547186000205116], [-120.35441999982231, 38.5480589996898], [-120.35448599994456, 38.548076999966014], [-120.35553500043105, 38.54803099987568], [-120.35699099972503, 38.54757299966202], [-120.3569959997479, 38.54748799986903], [-120.35701199964141, 38.54723400034347], [-120.35701800038753, 38.547149999904676], [-120.35701900021245, 38.547135000066866], [-120.35714100041116, 38.54709700022968], [-120.35758599975178, 38.54693300007328], [-120.35878699967591, 38.54640500019941], [-120.36019799966236, 38.54579500029547], [-120.36039100000625, 38.54571599986034], [-120.36053499994625, 38.54565200019125], [-120.360761999727, 38.54554399974228], [-120.36094900022304, 38.54546399995567], [-120.36115699973719, 38.54536100023112], [-120.3613480004312, 38.54528899989266], [-120.36192199964326, 38.545035000328305], [-120.36211800036016, 38.54495599976088], [-120.36229800028522, 38.544875000236225], [-120.36248599970787, 38.54480000004857], [-120.36267200037902, 38.544717000068275], [-120.36306300019129, 38.54456600019696], [-120.36325999983477, 38.54450299999869], [-120.36346400004926, 38.54444599990564], [-120.3638819996257, 38.54435399996823], [-120.36409599988593, 38.54432300003157], [-120.36430500012332, 38.544306000015276], [-120.364720000225, 38.54429299987614], [-120.3651600004411, 38.54426700029336], [-120.36561099962947, 38.54424300029185], [-120.36582900008767, 38.54423199973225], [-120.36605199967042, 38.544227999847735], [-120.36672799988803, 38.54419600006079], [-120.36695399984383, 38.54418100030943], [-120.36739900008276, 38.54416599985238], [-120.36751299988558, 38.544155999780145], [-120.36784799962135, 38.544138999724375], [-120.36806899955428, 38.544134999834625], [-120.3682879998374, 38.544138999724375], [-120.36872399985549, 38.54416599985238], [-120.36905299974343, 38.54419999994709], [-120.36937999998162, 38.544245999677706], [-120.36982299967241, 38.54432399982572], [-120.37004299978042, 38.54437199976667], [-120.37048899984424, 38.544480999659996], [-120.37099799965728, 38.5446130001862], [-120.37138299962176, 38.544706000283774], [-120.37203600027313, 38.544862999986655], [-120.37247800013903, 38.544941999953636], [-120.37291599980692, 38.545000000141016], [-120.37334500015233, 38.54503399984143], [-120.37367200039047, 38.545029000217134], [-120.37399000040779, 38.54501499972151], [-120.3746180000465, 38.5449600003075], [-120.37482499973572, 38.544938000108615], [-120.3750259995772, 38.54492299980945], [-120.37522200029409, 38.54491400033103], [-120.37542599961026, 38.54489500017941], [-120.37563900004562, 38.544868000325096], [-120.3758430002601, 38.54484999994819], [-120.37605800034525, 38.5448200000126], [-120.37626500003451, 38.54480499968883], [-120.37647599992171, 38.544780999866866], [-120.37668699980888, 38.544749000325936], [-120.37710199991056, 38.544670000146944], [-120.37729699990425, 38.544626000267506], [-120.37748400040033, 38.544574999718925], [-120.377667999625, 38.54451600009992], [-120.37782499998386, 38.54445999980943], [-120.37801699960448, 38.544383000304855], [-120.37817300013842, 38.54431600006666], [-120.37818599965885, 38.544310999689834], [-120.37835899991124, 38.54424300029185], [-120.37855399990491, 38.544159999668665], [-120.37871200008865, 38.54408100024781], [-120.37907199993876, 38.54392000034128], [-120.37941599989534, 38.54375100025239], [-120.3795969996453, 38.543677999904084], [-120.37994099960191, 38.543511000262676], [-120.38010499963345, 38.543424000270626], [-120.38047700007742, 38.543167000309424], [-120.38083899957736, 38.54285399999656], [-120.38090100039996, 38.542790999703804], [-120.38105899968538, 38.54257800004517], [-120.38119400030293, 38.542339000178565], [-120.38128899983917, 38.54211300005328], [-120.38138500009862, 38.54174900032955], [-120.38145600024373, 38.5415700003283], [-120.38154699958203, 38.541252000204686], [-120.38168600039751, 38.54087899965333], [-120.3819390001175, 38.54045599986895], [-120.38210700034699, 38.540240999916996], [-120.38237099993763, 38.53990000005114], [-120.38239600005198, 38.53987000015863], [-120.3826720002365, 38.539539999812796], [-120.38309099963784, 38.539068000080775], [-120.38323200010318, 38.53892599982033], [-120.38334900027903, 38.53884599969854], [-120.38352599983101, 38.538736999696866], [-120.38359299977817, 38.538706000149716], [-120.38370900012913, 38.538651999999985], [-120.38400600023004, 38.538562000128735], [-120.38404999971269, 38.53855199997992], [-120.38436299970712, 38.53851200007353], [-120.38445200029389, 38.538506999995846], [-120.38461399977727, 38.53850600012079], [-120.38482899986242, 38.53851600027599], [-120.38512900033639, 38.538581999719476], [-120.38539399975197, 38.53869799976576], [-120.38543599958476, 38.5387220002123], [-120.38561200021019, 38.538826000181196], [-120.38571799961707, 38.53890499975304], [-120.38595799981658, 38.53912799981957], [-120.38633399956022, 38.539614000005], [-120.38646900017775, 38.539732000210996], [-120.38667599986698, 38.53989699978139], [-120.38674899966193, 38.539944000011324], [-120.38690600002073, 38.54002699987897], [-120.38724800032749, 38.540150000073844], [-120.3875999997817, 38.540268000103154], [-120.38813500043233, 38.5404599999633], [-120.38850600015309, 38.540547999874256], [-120.38871500039045, 38.54057599979143], [-120.38896700028553, 38.54057499994517], [-120.38920800030992, 38.54054299993811], [-120.38929199997554, 38.540524999884006], [-120.38946000020502, 38.54047899988132], [-120.38969799985641, 38.540398000232834], [-120.38985199984218, 38.54032499999432], [-120.39029399970806, 38.5400450000577], [-120.3904159999068, 38.53995800008883], [-120.3906829998705, 38.53976899986652], [-120.39094300016147, 38.53961599972432], [-120.39121500014805, 38.53952200021029], [-120.3915060004012, 38.53944000032467], [-120.39193499984826, 38.53939000017717], [-120.39219500013928, 38.539375999989105], [-120.39251499980641, 38.53935800034556], [-120.39262399958636, 38.53935199976072], [-120.39347700025426, 38.5393120002992], [-120.39379799974631, 38.53929700023188], [-120.39446999976599, 38.53926499965624], [-120.39486599960111, 38.53923899966119], [-120.39497500027935, 38.5392319999041], [-120.39539100020598, 38.53920800033033], [-120.39577399962229, 38.53916999981779], [-120.3959770000119, 38.53913299985414], [-120.39615399956388, 38.53909599987141], [-120.39634600008284, 38.539030000196874], [-120.39660200017586, 38.53891800016345], [-120.3970409996687, 38.53862200028962], [-120.39729099991396, 38.53840799965066], [-120.39804099975139, 38.537731999912104], [-120.39819300008737, 38.53759599985399], [-120.39849299966302, 38.537421000320634], [-120.39882999994691, 38.53726899999499], [-120.39908100001709, 38.53720399994259], [-120.39911500035225, 38.53719500020097], [-120.39957200028674, 38.53713299976419], [-120.39983599987741, 38.5371300000817], [-120.40013499962815, 38.53715999971163], [-120.40034200021569, 38.53719000003173], [-120.40083000011232, 38.53727300026652], [-120.40125199988672, 38.53735399992081], [-120.40143600000971, 38.537398999923575], [-120.40160099986618, 38.53738400016001], [-120.40187000037801, 38.5373729999566], [-120.4020679998464, 38.53735999996966], [-120.40219699971784, 38.53734600008916], [-120.40229800000017, 38.5373209999946], [-120.40265500037556, 38.537215000171784], [-120.40288700017913, 38.53713299976419], [-120.40311399995986, 38.53703899981607], [-120.40356300039676, 38.536838000172686], [-120.4041580004235, 38.536560999719384], [-120.40460299976411, 38.53634500016549], [-120.40486300005512, 38.536207999686205], [-120.40508599963785, 38.536075999895665], [-120.40523100030114, 38.535981999971675], [-120.40573699974111, 38.535655999717285], [-120.40637000030102, 38.53521099977243], [-120.40664700031043, 38.53498700028719], [-120.40678000037984, 38.534894000270924], [-120.40692599996969, 38.534774000004234], [-120.40765400006585, 38.534215999964545], [-120.40808800043412, 38.533919999715465], [-120.40823800022194, 38.53380399969404], [-120.40852600010204, 38.533568999961744], [-120.40874100018719, 38.533412000200244], [-120.40895899974707, 38.53327199991366], [-120.40912299977862, 38.533185000185554], [-120.40929799968079, 38.53311300030677], [-120.40946500008538, 38.53303899975117], [-120.409812000415, 38.53291999985659], [-120.40998999979192, 38.53287499986287], [-120.41051600022172, 38.53271400017025], [-120.4106929997737, 38.53266900004767], [-120.41085699980525, 38.532602000141026], [-120.41105199979891, 38.53246700018148], [-120.41190000044398, 38.531836000098316], [-120.4120719999731, 38.531689999737274], [-120.41271600040366, 38.531324999998084], [-120.41288999958263, 38.531248999759804], [-120.4131490000487, 38.531149999967], [-120.41341400036258, 38.531071000311414], [-120.41359500011255, 38.53102199994779], [-120.41397300040431, 38.530940000211075], [-120.41435699964555, 38.53089599966254], [-120.41473999996019, 38.530879999967475], [-120.41493599977878, 38.5308789999864], [-120.41512499992466, 38.53089499968173], [-120.41548099957681, 38.53094300015167], [-120.41568899998927, 38.53096599969207], [-120.41589900005155, 38.531000999681346], [-120.41629700043482, 38.53105299999528], [-120.41649599972813, 38.53107500022491], [-120.41669900011772, 38.531072000289825], [-120.41688999991345, 38.5310740002466], [-120.41715100002934, 38.531062999781085], [-120.417238000068, 38.53105499995258], [-120.41741799999303, 38.531025999864006], [-120.4177030003984, 38.53096399973235], [-120.41787800030059, 38.5308990003077], [-120.41839700015935, 38.53073499975778], [-120.41856899968849, 38.53068599986807], [-120.41892799971367, 38.53061800023826], [-120.41913100010329, 38.53057300021023], [-120.41931799970102, 38.530567000298014], [-120.41949000012848, 38.530568000283424], [-120.41970699986344, 38.53058799998844], [-120.42024400016388, 38.53065900030177], [-120.42047199976952, 38.530677000013725], [-120.42076300002265, 38.530664000222195], [-120.4209499996204, 38.530638999913755], [-120.42131000036882, 38.53056099968262], [-120.42193800000754, 38.530399999731], [-120.42211299990971, 38.53036500015216], [-120.42229200000986, 38.53033899975125], [-120.42266699992861, 38.53033299981958], [-120.42285500024957, 38.53033299981958], [-120.42308100020537, 38.53034499968243], [-120.42325299973452, 38.53035500026936], [-120.42344600007834, 38.53038299993773], [-120.42364600009489, 38.53039699976777], [-120.42424899961927, 38.53038799987733], [-120.42442199987163, 38.53037600002166], [-120.42463699995677, 38.530341999716896], [-120.42482600010266, 38.530278999709225], [-120.42504200001272, 38.53019999980006], [-120.42520799969408, 38.53012099980421], [-120.42533499991569, 38.53004599969227], [-120.42548499970351, 38.52992999974932], [-120.42571900005525, 38.52969900000267], [-120.42608999977601, 38.52932299997294], [-120.42633400017347, 38.5291169998263], [-120.42645200017425, 38.52904000006012], [-120.42660500033513, 38.52894800009457], [-120.4267579995977, 38.52888400026301], [-120.4269119995835, 38.52882799974882], [-120.42708400001092, 38.52879400011816], [-120.42724800004247, 38.52877299990416], [-120.42741600027195, 38.528774999924785], [-120.4275970000219, 38.52878500002717], [-120.42777500029713, 38.52881300030647], [-120.42795000019933, 38.52885199997455], [-120.42812099990356, 38.52890499974186], [-120.4284690000581, 38.52899299973338], [-120.42864599961011, 38.5290249999592], [-120.42882399988537, 38.529049000119166], [-120.42899499958956, 38.52906000018984], [-120.42901999970394, 38.529059000183466], [-120.42916799984192, 38.52905200013859], [-120.42934899959191, 38.529012999876166], [-120.42951900036952, 38.528981999652515], [-120.4296930004468, 38.52893099995819], [-120.42994500034187, 38.52884599991888], [-120.43012500026694, 38.52878600003734], [-120.43053000032289, 38.52862799966493], [-120.43068099993563, 38.52856300023826], [-120.43083900011938, 38.52848299983626], [-120.43098399988435, 38.52838199971992], [-120.4311150003039, 38.52827700009577], [-120.43134999958224, 38.52803599975666], [-120.43158200028412, 38.5277700001161], [-120.43203400019576, 38.52735199999946], [-120.43211399966337, 38.527293000308624], [-120.43223599986212, 38.52721199986814], [-120.43226500017444, 38.52719399999218], [-120.43233600031952, 38.52715300006257], [-120.43266100000957, 38.52698199986432], [-120.43296599960806, 38.526850000012885], [-120.43309700002766, 38.526806999812024], [-120.43319599976185, 38.52677399996727], [-120.43341800041802, 38.52673499987575], [-120.43369500042743, 38.526701999997975], [-120.43402799961507, 38.526675999679036], [-120.43451899988473, 38.52667000014471], [-120.43499099988784, 38.52669899988057], [-120.43524699998089, 38.526770999852864], [-120.43569200021982, 38.526950000135564], [-120.43627999967555, 38.5272390000251], [-120.43701199996966, 38.527536999704985], [-120.43746899990413, 38.52774700025689], [-120.43764499963122, 38.52785800009019], [-120.43789300022667, 38.52806200028698], [-120.43806099955786, 38.52824300020476], [-120.43889199958613, 38.52889499965616], [-120.43898100017293, 38.52889499965616], [-120.44009300040861, 38.528810000277076], [-120.44013600006632, 38.528800000178165], [-120.4409500003762, 38.52882799974882], [-120.442599000014, 38.528759999768624], [-120.44552399991906, 38.52863499975104], [-120.45003600043594, 38.52849199996498], [-120.45035199990512, 38.52835499999183], [-120.45055000027187, 38.528275000061306], [-120.45103099959746, 38.52795800021757], [-120.45120600039795, 38.527793999991935], [-120.45142800015583, 38.527560999658526], [-120.45173299975433, 38.52730600000647], [-120.45186400017391, 38.5272260003152], [-120.45217600034347, 38.52703899974128], [-120.45258700024718, 38.52687899967626], [-120.45288500017301, 38.5267110003495], [-120.45338099956724, 38.52639800011431], [-120.45365599992687, 38.526177000035425], [-120.45381599976042, 38.52602399979943], [-120.45412100025726, 38.52575300019074], [-120.45448699995517, 38.52551700010995], [-120.45455599955214, 38.5254629998993], [-120.45489200001111, 38.525264999717216], [-120.45535700034151, 38.52504799992129], [-120.45571600036672, 38.52489899965012], [-120.45603600003388, 38.52478800017211], [-120.45645600015844, 38.52469999995774], [-120.45694400005507, 38.52455199973788], [-120.457425000279, 38.52438399989822], [-120.45782199993903, 38.5242330002139], [-120.45795099981046, 38.524185000187344], [-120.45851599969998, 38.524033000009275], [-120.4591569997575, 38.523888000058086], [-120.4596220000879, 38.52385699973495], [-120.4600229999459, 38.52384699965056], [-120.46024800007679, 38.5238419999592], [-120.46046099961383, 38.52381100031902], [-120.46066700037645, 38.52379200021562], [-120.46122399987007, 38.5237310002565], [-120.46207099979189, 38.523563999988696], [-120.46284200044403, 38.52333799991395], [-120.4631550004385, 38.523253999680435], [-120.46346699970971, 38.523140000210645], [-120.46395600032956, 38.52299900022828], [-120.46418300011028, 38.522953999652415], [-120.46542800041537, 38.52271299975957], [-120.46568799980805, 38.52267799995593], [-120.46603099993972, 38.52264799990985], [-120.46632100036797, 38.52263999984859], [-120.46667199999723, 38.52265900025618], [-120.46729700016122, 38.52272799977063], [-120.4675569995539, 38.52273900010473], [-120.46787700011937, 38.522694000069066], [-120.4683430002747, 38.52263999984859], [-120.46866299994183, 38.52259800003958], [-120.4690060000735, 38.52254499984394], [-120.46962500038968, 38.5224569996982], [-120.47025800005129, 38.52235799975699], [-120.47087599964425, 38.52225499997888], [-120.47102799998021, 38.52222399965513], [-120.4719130004352, 38.521998999694034], [-120.47260800002105, 38.521805000249856], [-120.47276799985463, 38.52177800016258], [-120.47296600022135, 38.52172899979615], [-120.47326400014717, 38.52167899999022], [-120.47347699968418, 38.52165600029274], [-120.47371400040899, 38.52164499979312], [-120.47408799960448, 38.52169799994868], [-120.47443099973614, 38.52176299995353], [-120.47473600023301, 38.521843000095224], [-120.47501900009021, 38.521904000248895], [-120.47528600005388, 38.52194599976012], [-120.47548400042061, 38.52195000018085], [-120.47569799978255, 38.52194599976012], [-120.47582699965395, 38.52193100028891], [-120.47679199957658, 38.52166700008785], [-120.47690299990467, 38.5216370003232], [-120.4774679997942, 38.52149999995055], [-120.47772700026027, 38.52148400027476], [-120.47794800019321, 38.52149199976169], [-120.4782379997231, 38.521469000004444], [-120.47872700034299, 38.52139700035019], [-120.47937500007319, 38.521334999653114], [-120.47971900002976, 38.52132800026256], [-120.48017599996425, 38.521380999948725], [-120.480770999991, 38.52142700021487], [-120.48102799990893, 38.52142100024296], [-120.48112199962029, 38.52141900001789], [-120.48161799991283, 38.52141599968025], [-120.48234299963593, 38.52148800001834], [-120.48261799999555, 38.52148800001834], [-120.48318200006015, 38.521515000214364], [-120.48396399968465, 38.52148699990674], [-120.48418200014285, 38.521479999828145], [-120.48425800031086, 38.52147299974885], [-120.48473899963648, 38.521460999812135], [-120.48520399996687, 38.52139299989873], [-120.48539499976259, 38.521334999653114], [-120.48577600042742, 38.5212670003235], [-120.48631799985237, 38.52098100000057], [-120.487142000208, 38.52041199983911], [-120.48740199960066, 38.5202100000031], [-120.48761500003603, 38.520014999821896], [-120.4878819999997, 38.51975600029989], [-120.48791299996184, 38.51972800001079], [-120.48811899982617, 38.51955400002854], [-120.48840900025439, 38.51929099968511], [-120.48854599962343, 38.51911900034118], [-120.48872899992152, 38.51902399990617], [-120.48901900034976, 38.518851999924244], [-120.48946200004055, 38.518554000126755], [-120.4896829999735, 38.518351999996476], [-120.48998799957201, 38.51808500024881], [-120.49018599993873, 38.5179400002631], [-120.49081199992763, 38.51765000011826], [-120.49100299972335, 38.5175320002436], [-120.49153699965073, 38.51731500032651], [-120.49175799958367, 38.51727700019925], [-120.49229200040936, 38.51725700030917], [-120.49286399997156, 38.51725700030917], [-120.4931469998288, 38.51722300013182], [-120.49345200032563, 38.5172310000923], [-120.49380299995492, 38.517253999798044], [-120.49407800031452, 38.5172310000923], [-120.49421499968356, 38.5172310000923], [-120.49475700000686, 38.517101000272966], [-120.49603800029695, 38.516899000282464], [-120.49719800021325, 38.51673500015861], [-120.497785999669, 38.516543999719154], [-120.49821300036456, 38.51630400033626], [-120.4984569998637, 38.51610500007426], [-120.49866299972804, 38.515907000154115], [-120.49886899959237, 38.515682000127], [-120.49900599985972, 38.51548399974634], [-120.49925799975479, 38.515181999970046], [-120.49965500031314, 38.514651999990555], [-120.49985299978155, 38.514457000216474], [-120.50001299961511, 38.51435399967562], [-120.50020400030913, 38.51430900002093], [-120.50050899990768, 38.51426300012615], [-120.5007080000993, 38.51419400022884], [-120.50085299986422, 38.514155999859874], [-120.50103600016234, 38.51405699974783], [-120.50125700009528, 38.51400300007656], [-120.50159299965597, 38.513930999983344], [-120.50183700005343, 38.51389700034384], [-120.50217299961409, 38.51378199989365], [-120.50257699984515, 38.51356099973524], [-120.50298899957377, 38.51342700012625], [-120.50330900013924, 38.51330899965552], [-120.50369900012656, 38.51305400011626], [-120.50430900022195, 38.51278300017279], [-120.50454500022349, 38.512663999818216], [-120.50479000044588, 38.51252699994029], [-120.5050950000444, 38.51239800029918], [-120.50546900013822, 38.51227900001118], [-120.50625400013575, 38.51221800013582], [-120.50668900032895, 38.51222199969139], [-120.50730000024922, 38.512268000187305], [-120.50772700004649, 38.51225999967531], [-120.50794999962925, 38.51226299969167], [-120.50818499980589, 38.512268000187305], [-120.50842900020335, 38.51222599994961], [-120.50869600016703, 38.51212299973152], [-120.50889399963548, 38.512065999991094], [-120.50965699989169, 38.51175300003264], [-120.50998499995475, 38.51163799967241], [-120.51026799981196, 38.511566000025724], [-120.51059599987504, 38.51146699986677], [-120.51113700037342, 38.51141699996201], [-120.51140500016201, 38.511382999838176], [-120.51170999976057, 38.51135199975266], [-120.51232800025186, 38.511260999923365], [-120.51273999998048, 38.51124500008055], [-120.51315900028015, 38.51120700026381], [-120.5134949998408, 38.51116500011013], [-120.51360899964362, 38.511154000116015], [-120.51389900007186, 38.51116500011013], [-120.5146699998257, 38.51114600018316], [-120.51508999995026, 38.51118099997072], [-120.51521399979883, 38.511185999838574], [-120.51527300024838, 38.511188000347985], [-120.51544800015056, 38.51117300004087], [-120.51556299977827, 38.511149999798235], [-120.51574600007639, 38.51110800031418], [-120.51620300001088, 38.51106999972226], [-120.51676799990041, 38.51099500014145], [-120.51678299996902, 38.51099399988408], [-120.51704300026002, 38.51095499967701], [-120.51748500012592, 38.51095900000562], [-120.51776799998309, 38.51099399988408], [-120.51816399981823, 38.51108099972922], [-120.51840800021569, 38.51112700025118], [-120.51860700040733, 38.51118099997072], [-120.51895800003662, 38.511260999923365], [-120.51934700019905, 38.51127999981998], [-120.51999599975414, 38.51124899969012], [-120.52036900002307, 38.511242000021774], [-120.52074300011688, 38.51121500018994], [-120.52088799988185, 38.51121500018994], [-120.52127700004424, 38.51118099997072], [-120.52143100003003, 38.511141000312534], [-120.52159800043461, 38.511099999673284], [-120.52216999999683, 38.51110800031418], [-120.52256699965686, 38.51110800031418], [-120.52295599981932, 38.51108099972922], [-120.52299400035244, 38.51107599985408], [-120.52346700018046, 38.5110200002447], [-120.52367899989257, 38.51099000026034], [-120.52381799980974, 38.51097100028719], [-120.52409999984202, 38.510878999717434], [-120.52467999980017, 38.51076500033058], [-120.52518399959034, 38.51070399987541], [-120.52547400001858, 38.51064999979813], [-120.52571800041603, 38.51064799997676], [-120.52588599974723, 38.51064699971456], [-120.5262439999475, 38.510616000015105], [-120.52640700015411, 38.51059599968036], [-120.52654900044433, 38.510577999866406], [-120.52659700012492, 38.51056100031137], [-120.52683899997425, 38.510478999754866], [-120.52715100014377, 38.51037799967828], [-120.52733600009171, 38.51031900013175], [-120.52748000003174, 38.51027299979647], [-120.52770900036063, 38.5101889997808], [-120.52840300012157, 38.50976199982602], [-120.5285329998179, 38.509689000136675], [-120.52864800034396, 38.509669999820275], [-120.52879999978161, 38.50967400022028], [-120.52886900027687, 38.50968499973751], [-120.52941800027288, 38.50967400022028], [-120.52967000016798, 38.50966199972249], [-120.52998999983511, 38.509722999654535], [-120.53026500019472, 38.509815000295504], [-120.53080699961973, 38.51000600031104], [-120.53098999991782, 38.51004400005866], [-120.53139400014885, 38.510050999843514], [-120.53172999970953, 38.510047999734944], [-120.53208799990982, 38.510036000002486], [-120.53254599966922, 38.51001300009959], [-120.5328899996258, 38.50997500033561], [-120.5332279997346, 38.50994300007485], [-120.53365999955473, 38.50990299972892], [-120.53398099994509, 38.509921999983895], [-120.53429300011463, 38.509948000028665], [-120.5349879997005, 38.509993999868634], [-120.53527800012874, 38.50998299969567], [-120.53559799979587, 38.50991800030061], [-120.53587999982817, 38.509845000066534], [-120.53624700024928, 38.509715999837844], [-120.5364599997863, 38.50967400022028], [-120.5366210003431, 38.50965499989987], [-120.53672699975, 38.50965499989987], [-120.53708599977521, 38.50958200010211], [-120.53723899993606, 38.509575000271646], [-120.53778000043447, 38.5097580001338], [-120.53841300009607, 38.51003200032553], [-120.53940499978285, 38.510050999843514], [-120.53978700027257, 38.510047999734944], [-120.54081699959418, 38.51000199992948], [-120.54132799995536, 38.51000199992948], [-120.5416560000184, 38.50996400015974], [-120.54219800034171, 38.509815000295504], [-120.54269399973596, 38.50975399973846], [-120.5431900000285, 38.50976900034118], [-120.543646999963, 38.50983399987075], [-120.54386899972084, 38.509913999914154], [-120.54423500031704, 38.509993999868634], [-120.54453999991557, 38.510109000042924], [-120.54469999974916, 38.51012800024353], [-120.54494400014663, 38.51019600025445], [-120.5452880001032, 38.51021900009889], [-120.54607399992565, 38.51021200033036], [-120.54634799956204, 38.51029899971455], [-120.54660000035543, 38.5104209998535], [-120.5470050004114, 38.51069200025228], [-120.54721799994842, 38.51081800006178], [-120.54742399981275, 38.51084099970754], [-120.5478210003711, 38.51078000001969], [-120.5482940001991, 38.510738000319876], [-120.54881999973057, 38.51064300007155], [-120.54906400012803, 38.51063099973526], [-120.54922499978655, 38.51065400014368], [-120.54960599955302, 38.51085999971499], [-120.550010999609, 38.51111199993141], [-120.55008699977695, 38.51121500018994], [-120.5503010000372, 38.511382999838176], [-120.55042999990863, 38.51144000011931], [-120.55092200000321, 38.511552000047], [-120.55096399983601, 38.51156199973083], [-120.55167400038883, 38.511652999882585], [-120.55262800044076, 38.51173700029911], [-120.55320000000299, 38.51180200016089], [-120.55362699980026, 38.511859000110306], [-120.55377999996114, 38.51186299968577], [-120.55397800032783, 38.51181000002085], [-120.55434400002574, 38.511631000041824], [-120.55471800011958, 38.511496999652444], [-120.55497699968733, 38.51141699996201], [-120.55567899984419, 38.511268000292844], [-120.55627499969584, 38.51119600027616], [-120.55651900009333, 38.511176999654445], [-120.55675500009488, 38.511154000116015], [-120.55691499992845, 38.5111229999319], [-120.55698400042377, 38.511085000050834], [-120.55745700025177, 38.51089100001234], [-120.55830400017359, 38.51042500021179], [-120.55851199968774, 38.51034699986301], [-120.55854100000003, 38.51033700001044], [-120.55868599976499, 38.51029899971455], [-120.55893000016249, 38.510170000299226], [-120.55925800022554, 38.50996700027176], [-120.55954799975545, 38.50984899975386], [-120.55981499971915, 38.509730999745486], [-120.56039499967727, 38.509494000276334], [-120.56077600034209, 38.509388000231645], [-120.56110400040515, 38.50934899985764], [-120.56140900000369, 38.509253999885516], [-120.5618669997631, 38.508968000337546], [-120.56212600022917, 38.50885000029133], [-120.56257700031588, 38.50870100023081], [-120.56306500021252, 38.50862500000097], [-120.56343900030635, 38.50859799989078], [-120.56349000035995, 38.508599000181434], [-120.56370600027002, 38.50860600010672], [-120.56395800016509, 38.50862800016884], [-120.5641559996335, 38.508602000350336], [-120.56482699982823, 38.50831899979936], [-120.5651680003101, 38.508145999953044], [-120.56523199988418, 38.508112999987986], [-120.56567399975006, 38.50792699996599], [-120.56636099983832, 38.50774699987277], [-120.5664720001664, 38.50770699971283], [-120.56705499959926, 38.50750300016836], [-120.56747499972384, 38.507338999729605], [-120.5677950002893, 38.50724799974938], [-120.56813099984997, 38.50718699982956], [-120.56863499964011, 38.50701900023276], [-120.56909999997055, 38.50682400017156], [-120.56932099990345, 38.50669399983746], [-120.56967999992867, 38.5064159997197], [-120.57013799968807, 38.506167999831696], [-120.5702590000619, 38.50611399986757], [-120.57069500008001, 38.50592399969796], [-120.5710149997471, 38.50580899986976], [-120.57125199957358, 38.50575599996655], [-120.57157200013907, 38.50572199998161], [-120.57177800000338, 38.50574099993383], [-120.57204499996708, 38.50568699964953], [-120.57222099969417, 38.50569900010677], [-120.57265500006244, 38.505789999935494], [-120.57294499959235, 38.505870000253864], [-120.57315100035497, 38.505870000253864], [-120.57325099991408, 38.50585100033564], [-120.57347199984704, 38.505763999795306], [-120.57353999961907, 38.50570300002439], [-120.57368500028235, 38.505564999925596], [-120.57387600007807, 38.505320999857766], [-120.57405900037617, 38.50505400028828], [-120.57439499993683, 38.50474100007761], [-120.57455499977041, 38.50463100008927], [-120.57468500036508, 38.50457400004201], [-120.57486799976486, 38.5044479998515], [-120.57497499989499, 38.50440900031692], [-120.57513499972853, 38.50441700029529], [-120.57534099959287, 38.50450499999848], [-120.57569200012044, 38.504733999776576], [-120.57600500011492, 38.50491300002932], [-120.57615699955255, 38.50499299991599], [-120.57644699998076, 38.5050879998856], [-120.57663799977651, 38.50510399969057], [-120.5769890003041, 38.505019999971914], [-120.57737099989552, 38.50482500012173], [-120.57776000005794, 38.504619000157106], [-120.57801899962573, 38.50449700002988], [-120.57829399998535, 38.504312999804434], [-120.57854599988039, 38.504146000182374], [-120.57880500034649, 38.50403599998826], [-120.57895799960905, 38.50393999968153], [-120.57915599997575, 38.50371900024658], [-120.57933900027388, 38.503558999663085], [-120.57949200043475, 38.503471000209956], [-120.5797359999339, 38.50340599985783], [-120.57989599976749, 38.50339500008446], [-120.58023899989915, 38.50344800031918], [-120.58084999981942, 38.50360500006935], [-120.58114000024766, 38.50364699971164], [-120.58136100018056, 38.50369599973205], [-120.5820089999108, 38.50373399999746], [-120.58287199972615, 38.50366899988275], [-120.58311600012362, 38.50365400011833], [-120.58332899966064, 38.50362700025329], [-120.58371100015037, 38.50366899988275], [-120.58435200020787, 38.50386000003117], [-120.584671999875, 38.50392499997355], [-120.58488600013524, 38.5039439996969], [-120.58507600010606, 38.503935999665984], [-120.58526000022907, 38.50388299979038], [-120.58557200039861, 38.50374899974526], [-120.58575599962332, 38.50369999976092], [-120.58623600002232, 38.50364699971164], [-120.58641199974944, 38.50364699971164], [-120.5868310000491, 38.503752999771194], [-120.5871060004087, 38.50386400005099], [-120.58741100000722, 38.503947999712004], [-120.58761699987156, 38.50397799981825], [-120.58776199963651, 38.50397799981825], [-120.5879449999346, 38.503935999665984], [-120.58823500036283, 38.50385199999097], [-120.58831200035573, 38.50380700009964], [-120.58879199985643, 38.50349400009339], [-120.58896799958355, 38.50340599985783], [-120.58913599981302, 38.50334900024707], [-120.58924999961583, 38.503333999713], [-120.58950200040921, 38.50339500008446], [-120.5895700001813, 38.503424999718106], [-120.58973099983976, 38.50352799972416], [-120.5898530000385, 38.50362700025329], [-120.5900279999407, 38.50372300027417], [-120.59031800036891, 38.50376099982239], [-120.59089800032706, 38.503811000122404], [-120.59117299978837, 38.50384100028571], [-120.59127200042087, 38.50388699980887], [-120.59156199995078, 38.504130999814315], [-120.59162999972284, 38.50421499986691], [-120.59189699968655, 38.5044319999008], [-120.59212600001538, 38.50459599992995], [-120.59233199987972, 38.50463399972054], [-120.59259899984342, 38.50459199995083], [-120.59291199983785, 38.504489999705186], [-120.59308000006735, 38.50439400000362], [-120.59401099965476, 38.503799000053554], [-120.59446099991655, 38.50358499989633], [-120.59471299981162, 38.50352799972416], [-120.5949489998132, 38.50351699996943], [-120.59524699973903, 38.503551000292404], [-120.59552899977132, 38.50365400011833], [-120.59581099980365, 38.5037880003402], [-120.59608600016325, 38.50392899998971], [-120.59633800005832, 38.50400900026642], [-120.5966660001214, 38.50412699980937], [-120.5968719999857, 38.50417699985524], [-120.59707000035243, 38.50417699985524], [-120.59735300020965, 38.50410800013431], [-120.59756599974668, 38.503989999857275], [-120.59807700010784, 38.50368799967358], [-120.598512000301, 38.50352799972416], [-120.59912300022128, 38.50343699984926], [-120.59941299975118, 38.503413999947625], [-120.59978699984502, 38.503424999718106], [-120.6001380003726, 38.50343699984926], [-120.60039699994037, 38.50350499985164], [-120.60057199984254, 38.50352799972416], [-120.60091599979916, 38.50366899988275], [-120.60157199992528, 38.50387099973353], [-120.60209800035506, 38.50388699980887], [-120.60221999965546, 38.503906000245244], [-120.6026170002138, 38.50386000003117], [-120.60308199964592, 38.50376099982239], [-120.60364700043375, 38.503658000149535], [-120.6039060000015, 38.503574000150294], [-120.60428799959293, 38.503432999805725], [-120.60489799968829, 38.50317300001716], [-120.60531000031526, 38.502974999683794], [-120.60548600004236, 38.50285699965943], [-120.6056989995794, 38.502699999684715], [-120.60574299996033, 38.5026350000428], [-120.60577599957227, 38.50258600000357], [-120.60589799977099, 38.50247499986316], [-120.60615700023709, 38.50234900021845], [-120.60622599983407, 38.50236499992889], [-120.60640800030727, 38.50237799991073], [-120.60653899982852, 38.50238800016552], [-120.60673700019524, 38.50244499983382], [-120.60683599992943, 38.50247899995984], [-120.60696599962577, 38.50253299983753], [-120.60699099974015, 38.50254199969607], [-120.60708000032689, 38.502573999730664], [-120.60725600005398, 38.502650999689706], [-120.6073620003592, 38.5026840000487], [-120.60741599988758, 38.502699999684715], [-120.60782099994353, 38.50277300013199], [-120.60797300027949, 38.50278800007989], [-120.60824799974077, 38.50278800007989], [-120.60833099958145, 38.50279600023827], [-120.60843100003889, 38.50280700010313], [-120.60862199983461, 38.50281900033726], [-120.60885100016344, 38.502826000121416], [-120.6091709998306, 38.50284900021083], [-120.60933099966417, 38.50288399981313], [-120.60971300015393, 38.50298299982146], [-120.60984200002532, 38.50300599986068], [-120.61013199955525, 38.50316200020819], [-120.61039900041725, 38.503417999992166], [-120.61065899980991, 38.5036919997029], [-120.6111779996687, 38.50426400020382], [-120.61130700043844, 38.504378999687205], [-120.61156699983111, 38.50448900006044], [-120.61186399993205, 38.50451600030527], [-120.61214699978926, 38.504542999837035], [-120.61259700005105, 38.50450499999848], [-120.61278000034915, 38.50446700013983], [-120.61296299974897, 38.50445500018028], [-120.61304700031286, 38.50435200009395], [-120.61311500008493, 38.50423099986582], [-120.61330599988064, 38.50388699980887], [-120.61351199974497, 38.50363900035074], [-120.61371099993659, 38.50349800013348], [-120.61387099977017, 38.50336800012237], [-120.6141989998332, 38.503191999938885], [-120.61441300009345, 38.50315000003122], [-120.61477899979135, 38.503131000098456], [-120.61493299977712, 38.50315600011995], [-120.61513000031896, 38.50318900024756], [-120.61551899958306, 38.503291999888184], [-120.61584699964611, 38.50331400016773], [-120.61612899967845, 38.5033410001501], [-120.61660200040477, 38.503291999888184], [-120.61711399969252, 38.503250000038875], [-120.61753299999218, 38.50326899994024], [-120.61777700038965, 38.50329500027817], [-120.61812100034622, 38.50330299967729], [-120.61835700034777, 38.50334900024707], [-120.61890600034378, 38.503615999810656], [-120.6191809998051, 38.50373399999746], [-120.619401999738, 38.50376099982239], [-120.61972300012839, 38.503729999970474], [-120.61980699979398, 38.50370399978957], [-120.62030300008651, 38.503658000149535], [-120.6205619996543, 38.50372300027417], [-120.62078299958723, 38.50386400005099], [-120.62102000031201, 38.50410800013431], [-120.62127899987976, 38.504298999821486], [-120.62142299981983, 38.50435200009395], [-120.62154599984348, 38.50439799999373], [-120.62181299980715, 38.50440199998366], [-120.62207999977086, 38.504390000013295], [-120.6223929997653, 38.504282999837734], [-120.62262999959177, 38.504150000186264], [-120.62295000015723, 38.50401599993492], [-120.62313299955701, 38.50393199965022], [-120.62323999968713, 38.503906000245244], [-120.62337699995447, 38.50385199999097], [-120.62357899962083, 38.50380799975385], [-120.6236370002455, 38.50379500003019], [-120.6238430001098, 38.50374200005081], [-120.62423999976986, 38.5036919997029], [-120.62452900037316, 38.50363900035074], [-120.6249410001018, 38.50359700000078], [-120.62594100018451, 38.50356200004195], [-120.6260380002689, 38.50357099977187], [-120.62656200015053, 38.50354300021783], [-120.62670199989262, 38.50350499985164], [-120.62677600041077, 38.50347199986883], [-120.62694000044232, 38.503401000152785], [-120.62719099961414, 38.503220000332334], [-120.62760400006601, 38.503143000278605], [-120.62842800042164, 38.503204000108816], [-120.62937800027562, 38.50347399988954], [-120.63014700037965, 38.50379199966096], [-120.63062100003258, 38.504264999851685], [-120.63078199969104, 38.50437499969604], [-120.63168999971224, 38.50457800002217], [-120.63206800000403, 38.504749000019046], [-120.63287100044325, 38.505364000240874], [-120.63359699999124, 38.505819999977426], [-120.63380000038084, 38.50589199974585], [-120.63442200017178, 38.50599600006543], [-120.63549800042244, 38.50607899972599], [-120.63562499974574, 38.5061069997], [-120.63609099990106, 38.506210999709104], [-120.63630799963605, 38.50629399982485], [-120.63715999958077, 38.506744000210055], [-120.63849399957431, 38.50754700025683], [-120.63898999986685, 38.50776599999367], [-120.6394519998242, 38.50783799992537], [-120.64035300017271, 38.50788800020657], [-120.64080699973414, 38.50795400032778], [-120.64251200034677, 38.50832800034073], [-120.64372099976853, 38.508762000274], [-120.6441040000832, 38.508931999891225], [-120.64529300031178, 38.509459999947445], [-120.64646699957345, 38.5097300001735], [-120.64804599978937, 38.51021299989567], [-120.64840900001253, 38.510246000304214], [-120.6488009996497, 38.51021400016389], [-120.65023299955254, 38.510000000090116], [-120.65058300025522, 38.5099950001399], [-120.6507570003325, 38.51003299989333], [-120.65267200010909, 38.51091799996568], [-120.65345399973361, 38.511576999956894], [-120.65379600004037, 38.51170899970258], [-120.65390800019335, 38.511720000314774], [-120.65426499967042, 38.511879000094176], [-120.65497000020034, 38.51205500013462], [-120.65565499974046, 38.51229100007281], [-120.65673099999114, 38.51284600003275], [-120.65774399959432, 38.513428999870435], [-120.65812199988609, 38.51371999966643], [-120.65850600002564, 38.5141870001439], [-120.65862499985136, 38.51443899996197], [-120.65870100001932, 38.514911000304885], [-120.65880599960133, 38.51520199973372], [-120.65893199999799, 38.51539499990904], [-120.65918300006817, 38.51557000029806], [-120.65923699959654, 38.515580000126725], [-120.6599660004159, 38.51571299975388], [-120.66140599981635, 38.51577400018243], [-120.66186000027609, 38.51590099972208], [-120.66254499981622, 38.51620800021847], [-120.66336199960084, 38.516477000261844], [-120.66464100024112, 38.51674099981832], [-120.66488300009046, 38.51680899990934], [-120.66510700039642, 38.516871000287765], [-120.66550800025442, 38.51698300020121], [-120.66578699991368, 38.51702199995448], [-120.66601799989235, 38.517055000053546], [-120.66717799980862, 38.517004999812315], [-120.66798200007275, 38.51702199995448], [-120.6682580002573, 38.51706700002193], [-120.66865300026748, 38.51713199999167], [-120.6694499999606, 38.51735699970401], [-120.66975000043459, 38.51736800015611], [-120.67017600040691, 38.517345999953115], [-120.67103599984921, 38.51715400026012], [-120.6714969999817, 38.517012000326126], [-120.67161599980736, 38.517012000326126], [-120.67169299980026, 38.51702300012806], [-120.6721609996054, 38.51727499985903], [-120.67261599989007, 38.517451000062785], [-120.67397800037104, 38.517763999849194], [-120.67429999968797, 38.517785999924484], [-120.6747809999119, 38.51776700033907], [-120.67543899968786, 38.517741999767225], [-120.67656400034235, 38.51765999965799], [-120.67687899998664, 38.5176989997473], [-120.67701200005602, 38.51774800004581], [-120.6771800002855, 38.51780900015572], [-120.67735400036278, 38.517962000284555], [-120.67743800002836, 38.51813199996821], [-120.67743100035568, 38.51904400000817], [-120.67766099961112, 38.52008700015576], [-120.67801799998651, 38.520818000160794], [-120.67831099988948, 38.521284000161955], [-120.67867499993756, 38.52218999971552], [-120.67890500009129, 38.52253599967426], [-120.67945699956203, 38.52306399976101], [-120.68033799981905, 38.52372800001523], [-120.68048500013217, 38.52393699965742], [-120.68069400036953, 38.524402999845385], [-120.6809250003482, 38.524640000133225], [-120.68172100021641, 38.52517700008611], [-120.68262099984169, 38.525917000148475], [-120.68292899981327, 38.526273000210324], [-120.68308899964683, 38.52639399994083], [-120.68373899992514, 38.52657499983754], [-120.6841990002327, 38.52676699970011], [-120.6849189999329, 38.527359000209714], [-120.68527399976017, 38.52755200011614], [-120.6859869997877, 38.52768900021256], [-120.6860999997656, 38.527722000340425], [-120.68654500000453, 38.527851999951636], [-120.68702700005335, 38.52802200016996], [-120.68738400042875, 38.52805000004335], [-120.68841799994833, 38.5279459999566], [-120.68932699979445, 38.527939999825385], [-120.68994500028572, 38.52780600027821], [-120.69026999997573, 38.52773700001025], [-120.6905079996271, 38.527720000290536], [-120.69063400002382, 38.52780300020683], [-120.69067599985662, 38.5280170000659], [-120.69049400028172, 38.528581999784855], [-120.6905150001981, 38.528676000241724], [-120.69066900018389, 38.52879700014823], [-120.69098399982816, 38.52893900002289], [-120.69115799990544, 38.5289450000708], [-120.69126300038575, 38.52889000031557], [-120.6917320000158, 38.528407000109794], [-120.69188500017668, 38.52838999984561], [-120.69205300040616, 38.52854399998393], [-120.69224900022476, 38.52888400026301], [-120.69250000029491, 38.529170000101196], [-120.69323400023883, 38.52977399977355], [-120.69341599981371, 38.52985600013635], [-120.69419900016143, 38.5298620001078], [-120.69430399974344, 38.529905999883205], [-120.6946610001188, 38.530031999793884], [-120.69503100001468, 38.53021900031986], [-120.69565299980559, 38.530651999709804], [-120.69633800024403, 38.531226000309864], [-120.6966110000555, 38.53145400015405], [-120.69703100018006, 38.53170699992453], [-120.6974079997486, 38.53183300019496], [-120.6977090000475, 38.531826999685144], [-120.69825399984552, 38.53158000016485], [-120.6984289997477, 38.53156399991916], [-120.69896000020039, 38.53173399980025], [-120.69901499955365, 38.53176099966589], [-120.69950499999842, 38.532007999970276], [-120.69997399962845, 38.53232700016407], [-120.70044900000462, 38.5327499999669], [-120.70079899980897, 38.53315099980282], [-120.70130900034523, 38.533892000018184], [-120.70150500016383, 38.534095000036025], [-120.7018270003791, 38.534303999784804], [-120.70188400028049, 38.53431499975474], [-120.70235299991054, 38.534405000020676], [-120.7025050002465, 38.53443500008435], [-120.70265800040738, 38.53449600010488], [-120.70285400022598, 38.53459400028297], [-120.70320400003035, 38.534901999672556], [-120.7036090000863, 38.53503999975158], [-120.7036860000792, 38.53506699978189], [-120.70379800023218, 38.535171000116264], [-120.70386099998137, 38.535292000343134], [-120.70387699987492, 38.53539900010708], [-120.70391000038519, 38.53562099988454], [-120.70401499996714, 38.535963000271174], [-120.70405000012728, 38.53607699980451], [-120.70422000000659, 38.53617900026932], [-120.70447899957436, 38.53623300016753], [-120.70481000001047, 38.5362160003471], [-120.70492100033856, 38.53619999972705], [-120.70509200004275, 38.53617599984436], [-120.70553200025881, 38.53607100035129], [-120.70579099982659, 38.53588999974776], [-120.70584699990307, 38.53573100030542], [-120.70584000023038, 38.53544499984499], [-120.70587399966728, 38.53530200024246], [-120.70595800023115, 38.535171000116264], [-120.70629399979184, 38.53504400014706], [-120.7066019997634, 38.53506100024445], [-120.70692300015378, 38.53521400023763], [-120.7078110000835, 38.53587900001863], [-120.70829399995725, 38.53613699993008], [-120.70865700018041, 38.536263000171544], [-120.70882399968666, 38.53633700022163], [-120.70945399987355, 38.53662000024272], [-120.71004200022759, 38.537037000025165], [-120.71025700031274, 38.53713799993738], [-120.71034600000118, 38.53717999969218], [-120.71061600033792, 38.53730700010651], [-120.71070599985129, 38.537349999653735], [-120.7113689996501, 38.537883999962084], [-120.7117129996067, 38.53816200011935], [-120.71250299962713, 38.53859099999024], [-120.7131040004, 38.539013000334776], [-120.71353799986994, 38.53919400010684], [-120.71413200007177, 38.539248999714445], [-120.71439099963953, 38.53930900000492], [-120.71458700035645, 38.539436000173644], [-120.71511100023808, 38.53987500014156], [-120.71541900020966, 38.540011999960754], [-120.7160130004115, 38.54012199999084], [-120.71613200023718, 38.54017700029415], [-120.71627899965196, 38.54029699997945], [-120.71677599976941, 38.54098399985721], [-120.7169640000904, 38.541136999899976], [-120.71748200012426, 38.54141699980135], [-120.71832099965016, 38.541763000055724], [-120.71890900000423, 38.54232899985227], [-120.71913199958698, 38.542570000091885], [-120.71955900028257, 38.54317399968351], [-120.7201049999055, 38.54406299967393], [-120.72043399979347, 38.5444699998394], [-120.721146999821, 38.54520499999221], [-120.72156699994558, 38.54572700019295], [-120.72200799998653, 38.54639699996924], [-120.72229500004171, 38.546945999735186], [-120.72247599979167, 38.5471649997393], [-120.72269300042498, 38.547071000255535], [-120.72287499999986, 38.54703199992541], [-120.72392500031128, 38.54722399999527], [-120.72451000029227, 38.547289999878956], [-120.7246590002552, 38.547306000139656], [-120.72486900031748, 38.547284999708936], [-120.72527400037343, 38.54716999991768], [-120.72593899982206, 38.547186000205116], [-120.72668700000972, 38.5468729998198], [-120.72707100014927, 38.54677399974877], [-120.72739300036453, 38.54677899995434], [-120.72790300000247, 38.54693300007328], [-120.7286799996041, 38.547360000115184], [-120.72982600017498, 38.54788700025792], [-120.73033599981294, 38.54807900015255], [-120.7306089996244, 38.54812800013869], [-120.7308470001741, 38.54810600020637], [-120.73103600031999, 38.547995999741374], [-120.73131499997925, 38.5476999999921], [-120.73150400012513, 38.54739199989933], [-120.73168499987511, 38.54739700006192], [-120.73206300016687, 38.547501999883195], [-120.73220999958164, 38.54750700003813], [-120.73268499995778, 38.547425000122914], [-120.73314000024246, 38.54726100001204], [-120.73351699981103, 38.54727200010826], [-120.73374799978968, 38.54723899981446], [-120.73395799985198, 38.54716199977261], [-120.73421599959485, 38.54698700032886], [-120.73437799997654, 38.54681099999709], [-120.73445499996944, 38.54665700031945], [-120.73452600011456, 38.54624000010244], [-120.7346159996279, 38.54603099990448], [-120.73470100001673, 38.54591000017788], [-120.73491100007902, 38.54574600012471], [-120.73516999964679, 38.54565200019125], [-120.73569500025164, 38.54558699998602], [-120.73629600012619, 38.54560500017845], [-120.73654800002126, 38.54564399987731], [-120.73672299992344, 38.54577000032722], [-120.73689799982564, 38.545963000025125], [-120.73714700024598, 38.54632700020077], [-120.73730399970651, 38.546555999722166], [-120.7374569998674, 38.546632999710376], [-120.7379459995889, 38.5467640000392], [-120.73825399956051, 38.54697799970362], [-120.7384500002774, 38.547197000312806], [-120.73851999969926, 38.54741600025507], [-120.73852100042251, 38.54803099987568], [-120.73896199956513, 38.54830600023754], [-120.74035900020618, 38.548182999939996], [-120.7412119999758, 38.548204999848714], [-120.74158199987167, 38.548280999737095], [-120.74205800007273, 38.54844500033193], [-120.74249800028879, 38.548504999976316], [-120.74387499994005, 38.5482900001993], [-120.74479100035717, 38.54808100033902], [-120.74540499975217, 38.54802500001444], [-120.74653100023158, 38.54817799983206], [-120.74696399987661, 38.548304000057264], [-120.74711200001461, 38.54837699992508], [-120.7472509999318, 38.54844600006882], [-120.74746299964389, 38.548690999820266], [-120.74772100028507, 38.54935600005627], [-120.74780599977558, 38.54945299993693], [-120.74791799992859, 38.549528999911374], [-120.74841000002314, 38.5496029996614], [-120.74853700024477, 38.5497120000564], [-120.7485880002984, 38.54988699989376], [-120.74854300009252, 38.55038800030478], [-120.74868799985748, 38.550936999809046], [-120.74861900026053, 38.55107000012795], [-120.74846600009967, 38.551185999703456], [-120.7481740000216, 38.55136499965619], [-120.74717499976381, 38.55185199973687], [-120.7466879996921, 38.55218199979045], [-120.74656999969133, 38.55233600028061], [-120.74652299983566, 38.552541000293544], [-120.74660800022446, 38.55271499989046], [-120.74682699960927, 38.55290599986352], [-120.74696800007459, 38.5529660000004], [-120.74742300035923, 38.5530580001599], [-120.74779800027797, 38.5531350002105], [-120.74854800011542, 38.55337100031726], [-120.74887299980544, 38.55339799978893], [-120.74955900006879, 38.55325900013695], [-120.75013900002693, 38.55306000020787], [-120.75062299972556, 38.55283600010882], [-120.75096099983439, 38.552561999891786], [-120.75102699995662, 38.552500000056725], [-120.75110800014747, 38.552422000346944], [-120.75148600043926, 38.55176900016839], [-120.75160500026493, 38.55164800026183], [-120.75178699983981, 38.55154399986587], [-120.75212199957558, 38.55146700021885], [-120.75326899997137, 38.551386000300454], [-120.75437399963606, 38.55116100020443], [-120.75475199992785, 38.55116100020443], [-120.7550940002346, 38.55128200022805], [-120.75531799964226, 38.55140300004803], [-120.75560499969744, 38.55162800008928], [-120.75661099962792, 38.552594999850136], [-120.75803599985808, 38.55387599968451], [-120.75945500024042, 38.5547710001427], [-120.75965100005902, 38.55485900010415], [-120.75988299986261, 38.55491300002714], [-120.75995900003059, 38.5549309999925], [-120.76059500006524, 38.554915000023506], [-120.7611230001448, 38.55483500012535], [-120.76113999986326, 38.554833000126756], [-120.76148999966765, 38.55472300011832], [-120.76229499975669, 38.5543550002717], [-120.76279199987414, 38.55391600017831], [-120.76306399986069, 38.55372399971255], [-120.76346999974156, 38.55354299997843], [-120.76404399985192, 38.55337299965405], [-120.76448300024306, 38.553367999906975], [-120.76493199978164, 38.553363000159614], [-120.76547699957968, 38.553445000328146], [-120.76571799960409, 38.553509000086216], [-120.76646999998967, 38.55370899984116], [-120.76667300037928, 38.553731000166636], [-120.7669589997112, 38.55369300030277], [-120.76738600040679, 38.553555999850346], [-120.76779899996038, 38.55326500026396], [-120.76804699965747, 38.55304100010112], [-120.76837300007071, 38.55274900015819], [-120.76874999963925, 38.552594999850136], [-120.76893899978515, 38.55256800007691], [-120.76918400000753, 38.55259600023186], [-120.76943599990263, 38.55267799987011], [-120.76995300011156, 38.55303499995546], [-120.7704979999096, 38.55327699981391], [-120.77101599994346, 38.55335999974905], [-120.77203699994256, 38.55325599972205], [-120.7724279997548, 38.553293999816894], [-120.77279199980288, 38.5534100000192], [-120.77305799994166, 38.55359100008817], [-120.77356799957958, 38.553854999767616], [-120.77414800043603, 38.55403600012126], [-120.77456099998957, 38.55403099971783], [-120.77512000003134, 38.55385000005412], [-120.77519299982629, 38.55383500020902], [-120.77542800000293, 38.55378999995248], [-120.7757009998144, 38.55377900015085], [-120.77690400028669, 38.55395999999332], [-120.77770099997981, 38.55419099980957], [-120.77774899966039, 38.55422399972276], [-120.77863800031332, 38.55440600020631], [-120.77907799963107, 38.554378000053845], [-120.77924599986055, 38.55431300000906], [-120.77936499968624, 38.55424100020427], [-120.77960300023592, 38.55398899996841], [-120.77977099956709, 38.55362600030899], [-120.78012799994248, 38.55332999985125], [-120.78028199992826, 38.55323100024026], [-120.78144299966945, 38.552721000062874], [-120.78158199958665, 38.55258899966726], [-120.78163400036348, 38.55242999990677], [-120.78166000030272, 38.55235299980357], [-120.7819249997183, 38.551903000042074], [-120.78234499984288, 38.55140900032989], [-120.78261099998164, 38.551184000305845], [-120.78314300025923, 38.550903999792176], [-120.7833390000778, 38.550865000135936], [-120.78356900023158, 38.55084899996458], [-120.7841779996037, 38.55091500003368], [-120.78454800039786, 38.55099700018411], [-120.78521899969428, 38.55121200029726], [-120.78557600006964, 38.55140399974381], [-120.78620500043161, 38.551959000156515], [-120.78656899958138, 38.55249199980215], [-120.78736500034788, 38.553359000080484], [-120.78796000037464, 38.553848000028125], [-120.78848400025628, 38.5541499998112], [-120.7891060000472, 38.55434799987839], [-120.7904559999343, 38.554578999852886], [-120.792329999703, 38.554612000290426], [-120.79256800025269, 38.554667000049356], [-120.79297999998134, 38.55489300006042], [-120.79321099996, 38.555101000145186], [-120.79331600044029, 38.55530999997208], [-120.79333700035671, 38.55545800014083], [-120.79332800013587, 38.55561900020619], [-120.7933020001966, 38.55612799986468], [-120.79313399996711, 38.55656200027243], [-120.79314800021083, 38.55681999974888], [-120.79321699980781, 38.55700700017917], [-120.79337099979358, 38.557199000306454], [-120.79365799984876, 38.557401999872305], [-120.79413300022493, 38.55754499978981], [-120.79466499960415, 38.55761699979779], [-120.79578400041086, 38.55755599971763], [-120.7962589998887, 38.55756799995629], [-120.79630200044474, 38.5575600002657], [-120.79634400027753, 38.557549999948804], [-120.7964010001789, 38.55754299986661], [-120.79669999992967, 38.55749099973647], [-120.79712000005422, 38.5573369997519], [-120.79725300012363, 38.55724900001393], [-120.79739299986569, 38.55708400021497], [-120.79746200036098, 38.55693099967981], [-120.79754000017881, 38.55640399979277], [-120.79775600008888, 38.55608000004387], [-120.79792400031836, 38.55597500010465], [-120.79820399980254, 38.55590400019263], [-120.79855399960691, 38.555910000098834], [-120.79902899998305, 38.556135000084666], [-120.79947699969671, 38.5562280000323], [-120.79961200031424, 38.5561920000442], [-120.80037899987012, 38.55598699990477], [-120.80060999984879, 38.555981000004934], [-120.80068699984169, 38.556009000235555], [-120.8007639998346, 38.556064000330664], [-120.80088199983537, 38.55628299995985], [-120.80087799963742, 38.556609999771325], [-120.80087500016268, 38.55691999965634], [-120.80082599975886, 38.55727699975065], [-120.80087500016268, 38.55783699992173], [-120.80103599982114, 38.5582930001801], [-120.80136399988422, 38.55874899965302], [-120.8016719998558, 38.55900699970941], [-120.80184000008528, 38.559095000104925], [-120.80228699997402, 38.55920999978892], [-120.80317599972864, 38.5593260002794], [-120.80461600002741, 38.559837000241515], [-120.80486100024979, 38.559837000241515], [-120.80507799998475, 38.5596829996635], [-120.80507100031207, 38.55940799996816], [-120.8047700000132, 38.559100999744835], [-120.8046720001039, 38.55888099997727], [-120.8046510001875, 38.558633999933946], [-120.8047700000132, 38.55839199984475], [-120.80503600015196, 38.558217000337926], [-120.80528100037436, 38.55814000011083], [-120.80719000030317, 38.55793100008227], [-120.8099739997429, 38.557706000098236], [-120.81045599979177, 38.557749999700924], [-120.81066599985402, 38.55791500007858], [-120.81097399982563, 38.558249999807835], [-120.81156800002744, 38.55878799994968], [-120.81177800008975, 38.55895300005198], [-120.8122109997348, 38.559161999918764], [-120.81241400012436, 38.5593260002794], [-120.81257499978288, 38.559606000304434], [-120.81255399986645, 38.55971599986529], [-120.81237899996428, 38.55995799971155], [-120.81211399965039, 38.56019399989735], [-120.81178499976242, 38.560594999855766], [-120.81158200027114, 38.56073799974301], [-120.81133000037607, 38.560776000097455], [-120.8110009995898, 38.56071600015707], [-120.81042099963166, 38.56067700020415], [-120.81020399989667, 38.56071600015707], [-120.81008500007098, 38.5607810000317], [-120.8099589996743, 38.56092400025127], [-120.80991000016881, 38.561115999749866], [-120.8098959999251, 38.56127000006727], [-120.80997299991797, 38.56146800019117], [-120.81016899973658, 38.56166599976961], [-120.81044900011904, 38.56181400019802], [-120.8109379998406, 38.561912999930065], [-120.81205799957392, 38.56201200022813], [-120.8123799997892, 38.56208299972646], [-120.81295300007461, 38.56220900016727], [-120.81355399994916, 38.56219299971099], [-120.81395900000511, 38.56209699970832], [-120.8142050000524, 38.56203899996648], [-120.81473599960674, 38.56183600015025], [-120.81516300030233, 38.5615390002269], [-120.81544299978651, 38.56123699987652], [-120.81565899969655, 38.56078200029946], [-120.81579199976595, 38.56010600014489], [-120.81595300032272, 38.55883799995681], [-120.81604399966102, 38.55863500023163], [-120.81622600013422, 38.558431000335105], [-120.8163109996247, 38.5583890003465], [-120.81664600025879, 38.55822800016291], [-120.81721899964593, 38.55807399964987], [-120.81785499968055, 38.557998000278616], [-120.81843600036191, 38.55807399964987], [-120.81855099998963, 38.55811200000781], [-120.81928900013152, 38.55836000003903], [-120.81977899967798, 38.55860700032142], [-120.82031699980331, 38.5590080000019], [-120.82042599958326, 38.55906499979066], [-120.82089099991367, 38.55930999988375], [-120.82094699999017, 38.55936500026298], [-120.82093600011954, 38.559468999881545], [-120.82111600004455, 38.55950000031284], [-120.821244999916, 38.5595370003343], [-120.82164300029928, 38.55962599966237], [-120.82222699955706, 38.55971500028516], [-120.8223649996493, 38.55972200015578], [-120.8231460003472, 38.559695000249484], [-120.82328299971624, 38.5596870000932], [-120.82332700009717, 38.55967799965287], [-120.8234269996563, 38.55964899986545], [-120.82350100017446, 38.55962800023006], [-120.823589000038, 38.559606999886086], [-120.82366900040392, 38.55957199976751], [-120.8237430000238, 38.55953100002837], [-120.82390200003243, 38.55940299993841], [-120.82396399995673, 38.55933899980795], [-120.82403500010184, 38.559207000324804], [-120.82408899963022, 38.559033999874146], [-120.82411999959236, 38.55889400028876], [-120.82412600033842, 38.5588229997476], [-120.82409000035342, 38.558361999939486], [-120.82407000026193, 38.55825699982118], [-120.82404799962232, 38.55818999986629], [-120.82400800033766, 38.55801800008396], [-120.82400800033766, 38.557982999894065], [-120.82399599974379, 38.55791300016568], [-120.82399099972089, 38.557842999666605], [-120.82399400009395, 38.5576300003379], [-120.82399099972089, 38.557558999953116], [-120.82400400013968, 38.55749000012539], [-120.82401500001035, 38.557350000342645], [-120.82403699975166, 38.557245999765556], [-120.8240750002848, 38.5571449999932], [-120.82419499993541, 38.55691799971576], [-120.82422099987467, 38.55685200024018], [-120.82443400031, 38.55653800015968], [-120.82450700010493, 38.55645099977166], [-120.82459199959544, 38.556369999848705], [-120.8247420002816, 38.556245000039944], [-120.82477900009151, 38.55622499974131], [-120.8248779998257, 38.55615600003804], [-120.82493999974999, 38.55610499993993], [-120.82504199985723, 38.55603699975282], [-120.82508299986513, 38.556019000064396], [-120.82515300018532, 38.55597500010465], [-120.82535300020186, 38.5558890000736], [-120.82543699986745, 38.55586000016251], [-120.82561699979249, 38.55583799978607], [-120.82579599989266, 38.55581000019134], [-120.82593300015998, 38.555797000024526], [-120.82602500022152, 38.555795000052704], [-120.82639099991941, 38.55580299993971], [-120.8266649995558, 38.55582099968217], [-120.82743299983491, 38.55594899982839], [-120.82784100026389, 38.556000999669024], [-120.82816299958085, 38.55606499996161], [-120.8285119995603, 38.55613599971463], [-120.8288200004302, 38.556211000020674], [-120.82913199970143, 38.55627700008473], [-120.82949300027477, 38.556339000174916], [-120.83009099977626, 38.556382999911854], [-120.83065499984086, 38.55640700007634], [-120.83078500043553, 38.5564120003145], [-120.83106099972173, 38.5564099996573], [-120.83151799965623, 38.556350999914265], [-120.831967999918, 38.55627199983723], [-120.83205300030683, 38.55624599966839], [-120.83225599979811, 38.55616300025529], [-120.8325000001956, 38.556066999925925], [-120.83269400036431, 38.555979000038235], [-120.83284499997707, 38.55589899991914], [-120.83292299979489, 38.55586200013252], [-120.83298999974203, 38.55581299979721], [-120.83316899984217, 38.55565099982714], [-120.8332280002917, 38.555598999733334], [-120.83345300042261, 38.555423000109464], [-120.83351299979877, 38.555370000210125], [-120.83356700022543, 38.555313000301304], [-120.83359900001248, 38.55528699978561], [-120.83364900024121, 38.55522799982338], [-120.83383300036422, 38.55494299996688], [-120.83386699980109, 38.554877000082975], [-120.83391799985472, 38.55470300009869], [-120.83396399988547, 38.5544939999121], [-120.83398200032713, 38.55438800010957], [-120.83398300015205, 38.55435300025976], [-120.83401199956604, 38.55417800005253], [-120.83405799959678, 38.553791999980085], [-120.83409100010708, 38.55363199970281], [-120.83410399962756, 38.55359799985268], [-120.83412399971905, 38.55346000025456], [-120.8342130003058, 38.55311499974914], [-120.8342269996512, 38.55301100007025], [-120.8342269996512, 38.552974999876106], [-120.83425699978844, 38.55287099999469], [-120.83441499997218, 38.55258199980452], [-120.83444599993432, 38.55251599986066], [-120.83455399988932, 38.55232399987108], [-120.83462300038464, 38.55223400024832], [-120.83474399986015, 38.55212799992365], [-120.83490600024184, 38.55200099968678], [-120.83525100002335, 38.55176900016839], [-120.83532499964319, 38.5517280001938], [-120.83590700014948, 38.55149000022242], [-120.83626899964939, 38.551428999860875], [-120.8363609997109, 38.55143000025876], [-120.83645199994751, 38.55144000002201], [-120.8365850000169, 38.551467999913726], [-120.83666500038284, 38.55150400015989], [-120.83693499982125, 38.551641000307455], [-120.83696999998136, 38.551664000255315], [-120.83706700006574, 38.551740000000336], [-120.83730999974, 38.55195400031115], [-120.83733400002944, 38.55198400008055], [-120.83743699996161, 38.5521430001249], [-120.83746399972577, 38.55221099978022], [-120.83752700037327, 38.55234399985001], [-120.83761699988665, 38.55272900029191], [-120.83762399955936, 38.552870000319324], [-120.83766299991741, 38.55304399982252], [-120.8377189999939, 38.553289000064375], [-120.83772999986455, 38.55343100006607], [-120.83779000013904, 38.5536750000275], [-120.8378520000633, 38.55388199976003], [-120.83803700001121, 38.55431999970332], [-120.83809700028569, 38.554416000258136], [-120.83815099981403, 38.55447399982875], [-120.83824299987553, 38.55455299977422], [-120.83841600012792, 38.55466799969974], [-120.8385290001058, 38.554729000123096], [-120.83860699992361, 38.554765999790405], [-120.83888399993306, 38.55488199972505], [-120.83892800031398, 38.554901000047764], [-120.83901000032975, 38.55493200034166], [-120.83917500018619, 38.555006000150726], [-120.83923799993538, 38.55504899965353], [-120.83949400002842, 38.555198000002584], [-120.8395989996104, 38.55526600028088], [-120.83966499973265, 38.55531599992791], [-120.84004100037458, 38.555573999661355], [-120.84011300034462, 38.555617999866534], [-120.84024700023892, 38.55571499972884], [-120.84050599980671, 38.55586299976628], [-120.84054500016474, 38.55587799989069], [-120.84058699999753, 38.555894999981106], [-120.84086400000696, 38.55602199966154], [-120.84090599983976, 38.55603600012147], [-120.8409510000456, 38.55604200001666], [-120.8410430001071, 38.556045000315336], [-120.8413159999186, 38.556064000330664], [-120.84140700015519, 38.55607200018774], [-120.8414990002167, 38.556066999925925], [-120.84167999996666, 38.556045000315336], [-120.84176799983021, 38.556024000329536], [-120.84181300003605, 38.55601700009874], [-120.8419009998996, 38.55599600010477], [-120.84207400015195, 38.55594499989315], [-120.84253199991134, 38.55578199988322], [-120.84297899980012, 38.55560700034465], [-120.84305599979302, 38.55557100004552], [-120.84322099964945, 38.55551200031638], [-120.8432959999925, 38.55547399998892], [-120.84333600017548, 38.555458999780164], [-120.84345099980321, 38.5554050002673], [-120.84359399991835, 38.55532199988318], [-120.84374600025433, 38.555251000028726], [-120.84388400034655, 38.55516699982344], [-120.84392799982919, 38.55515800022209], [-120.8439989999743, 38.55511900006346], [-120.84404199963201, 38.55510900010942], [-120.84418999977002, 38.5550340000586], [-120.84423199960281, 38.55502200009941], [-120.84438399993877, 38.554948000306815], [-120.84441700044904, 38.55492300000845], [-120.84470500032914, 38.55475900013961], [-120.84478099959881, 38.55472300011832], [-120.84505900033146, 38.55456200015376], [-120.84507000020211, 38.55455699978692], [-120.84521300031726, 38.55446999981144], [-120.84532200009721, 38.55440800021683], [-120.84539800026516, 38.55437099966276], [-120.8457239997801, 38.55418000006934], [-120.84580599979586, 38.55414900015367], [-120.84627699997405, 38.554007000165115], [-120.8464130004165, 38.55398899996841], [-120.84645900044724, 38.55398899996841], [-120.84652200019646, 38.55399999973792], [-120.84655399998348, 38.55400900018669], [-120.84665199989279, 38.55393300003019], [-120.84666899961121, 38.55392299991124], [-120.84676300022088, 38.553870999972474], [-120.84684199986359, 38.55383700023537], [-120.84691600038173, 38.55381400028015], [-120.84700800044325, 38.5537859998971], [-120.84707399966719, 38.553781999841455], [-120.84714700036042, 38.55377900015085], [-120.84721799960722, 38.5537859998971], [-120.84742500019476, 38.55359399978662], [-120.84783400044869, 38.55316500018968], [-120.8478779999313, 38.55310399984423], [-120.84812200032879, 38.55280500031614], [-120.84816300033665, 38.55274200031101], [-120.84840900038394, 38.552403999753395], [-120.84852400001168, 38.552250999795405], [-120.84856300036974, 38.55218700032247], [-120.84863199996668, 38.55205499964897], [-120.84866100027904, 38.55198800023623], [-120.84871499980738, 38.55178099996803], [-120.84878599995251, 38.551577999984836], [-120.84888100038705, 38.551342000315216], [-120.84890200030344, 38.55127399983795], [-120.84914400015278, 38.55085199977744], [-120.84919400038149, 38.55079400009492], [-120.84921299974975, 38.550761999717096], [-120.84928499971979, 38.55069100027692], [-120.84960500028524, 38.550627000117906], [-120.84964999959277, 38.55061599983239], [-120.84988499976939, 38.5505810002538], [-120.85025999968812, 38.55052800029759], [-120.85035199974963, 38.550519999823585], [-120.85080899968413, 38.550497999920616], [-120.85108400004374, 38.55050400027801], [-120.85112900024959, 38.55050999993239], [-120.85163100038993, 38.55051799970496], [-120.8517219997282, 38.55051499987816], [-120.85190500002629, 38.55052100023413], [-120.85217899966268, 38.5505129997594], [-120.85226999989929, 38.550507000105256], [-120.85231599993004, 38.550509000224196], [-120.85240700016662, 38.550497999920616], [-120.85266900010743, 38.55043599971077], [-120.85288199964447, 38.550379000105195], [-120.85292299965235, 38.55036499994868], [-120.85300800004117, 38.55034599983227], [-120.85313000023991, 38.55030600016229], [-120.8531650004, 38.55028400019385], [-120.85324499986763, 38.55025700025531], [-120.85340399987628, 38.550191999997374], [-120.85359600039524, 38.5501030002298], [-120.85367599986284, 38.55007400009231], [-120.85379200021383, 38.550020000047326], [-120.8538280001988, 38.54999899970668], [-120.85421800018618, 38.54982799971518], [-120.85444400014198, 38.549712999775636], [-120.85473700004492, 38.54954899996523], [-120.85477200020503, 38.54952600004331], [-120.85484599982487, 38.549490000211875], [-120.85487799961192, 38.54946299997512], [-120.85491899961981, 38.54945099978862], [-120.85495700015294, 38.549435000005154], [-120.85499099958984, 38.54941100032335], [-120.85517999973573, 38.549322000291625], [-120.85532500039896, 38.54923699975591], [-120.8553959996458, 38.54919099970509], [-120.85578800018126, 38.54889700012087], [-120.85581499994542, 38.5488689999305], [-120.85597099958105, 38.54874200026001], [-120.85602900020568, 38.54868799991724], [-120.85610600019858, 38.548600000130484], [-120.85636700031449, 38.54814900032327], [-120.85641499999505, 38.54805100034622], [-120.8564800002924, 38.547813000146974], [-120.85650600023166, 38.54774700004079], [-120.8565449996914, 38.547541999707825], [-120.8565659996078, 38.547475000305106], [-120.85659800029316, 38.54726699993698], [-120.85660999998872, 38.54716300022987], [-120.85660800033891, 38.54680899977529], [-120.85659599974504, 38.546704000347276], [-120.85657700037677, 38.54660100029101], [-120.85655999976001, 38.546569999917786], [-120.85656099958493, 38.54653400001153], [-120.85653100034602, 38.54647199989649], [-120.8565299996228, 38.546435999941174], [-120.85648100011728, 38.54630699995325], [-120.85647799974426, 38.54627199968247], [-120.85643799956128, 38.546171999718126], [-120.85640199957628, 38.546107999752266], [-120.85637200033733, 38.546042000188905], [-120.85626199983419, 38.54584800022748], [-120.85623000004713, 38.545781999722905], [-120.85604199972614, 38.545496999658894], [-120.85589899961103, 38.54531400002813], [-120.85558599961657, 38.5448379996944], [-120.85551799984451, 38.54452399983674], [-120.85550600014895, 38.54441899988275], [-120.85552000039266, 38.54435000009045], [-120.85552200004248, 38.54431600006666], [-120.8555710004463, 38.54400299983623], [-120.8557210002341, 38.54366900026986], [-120.8557699997396, 38.54356900019893], [-120.85584599990756, 38.54344099979279], [-120.85587799969464, 38.54337400008223], [-120.85593499959604, 38.5432780002413], [-120.85611100022145, 38.54306899986636], [-120.8561430000085, 38.54304299984108], [-120.85619800026008, 38.54298699980884], [-120.85655999976001, 38.54271300000101], [-120.85666600006522, 38.542660999683704], [-120.85674700025608, 38.5426329998756], [-120.85683599994455, 38.54261600016245], [-120.85701800041775, 38.54259799992451], [-120.8584660002141, 38.54275700034822], [-120.85912300016511, 38.54295399965648], [-120.85990599961454, 38.543414999902055], [-120.8600579999505, 38.54349400005443], [-120.86041500032587, 38.54363899984161], [-120.86066800004586, 38.5437130000322], [-120.86071099970357, 38.543720999858344], [-120.86079600009239, 38.54374700034107], [-120.86088300013101, 38.54376699989535], [-120.8609290001618, 38.54377200030998], [-120.86101899967515, 38.5437639997869], [-120.86110800026192, 38.54374899994542], [-120.86128800018699, 38.5437289996836], [-120.86189900010726, 38.54357000000356], [-120.86214500015454, 38.543472000109695], [-120.86222499962219, 38.54343600005775], [-120.86237699995816, 38.543355000226356], [-120.8624089997452, 38.54332900030447], [-120.86246399999678, 38.54323999977118], [-120.86252799957089, 38.54313599986106], [-120.86260100026414, 38.542968999663714], [-120.8626260003785, 38.54290200021605], [-120.8626759997089, 38.542655999894436], [-120.86270300037137, 38.54245099980334], [-120.86270300037137, 38.54241899992836], [-120.86269900017342, 38.542398999999236], [-120.86268099973177, 38.542386000218], [-120.86270099982325, 38.54237699971949], [-120.8627119996939, 38.54235400031405], [-120.86272299956455, 38.54228499994584], [-120.86272799958743, 38.54221799986094], [-120.86280100028067, 38.541731999704865], [-120.86299799992419, 38.54057300025252], [-120.86302600041155, 38.54043299984923], [-120.86302700023647, 38.54036299989672], [-120.86304800015287, 38.540151999778246], [-120.86303999975698, 38.53983799983791], [-120.86303399990919, 38.53976899986652], [-120.86303499973408, 38.539698000111954], [-120.86302600041155, 38.53966399999685], [-120.8630220002136, 38.53959499985849], [-120.86298299985553, 38.539282000161435], [-120.86296399958897, 38.53907200025231], [-120.86296399958897, 38.539000999809744], [-120.86293099997702, 38.53851100019853], [-120.86292000010636, 38.53844099978088], [-120.86291300043365, 38.53830100014642], [-120.86289800036505, 38.538232000105914], [-120.86286700040291, 38.537954000219166], [-120.86287499990051, 38.53781400033955], [-120.86286999987765, 38.53774399994623], [-120.86287200042578, 38.5376389999312], [-120.86288099974831, 38.537531999985696], [-120.8629019996647, 38.53739100009687], [-120.86292599995416, 38.53671900023799], [-120.86300299994703, 38.53597399998744], [-120.86301800001566, 38.53590399991161], [-120.86302999971122, 38.535869000199526], [-120.86314699988706, 38.53563799984558], [-120.86316799980348, 38.5356069996656], [-120.86322600042813, 38.53555100016792], [-120.86345099966069, 38.53537300011995], [-120.8634859998208, 38.53534899996135], [-120.86352500017885, 38.53533000009361], [-120.86363899998167, 38.53529999970057], [-120.86405099971032, 38.535260000093885], [-120.8646979996156, 38.53525299994961], [-120.86511299971728, 38.5352690000776], [-120.86525099980956, 38.53528299965961], [-120.86547699976536, 38.535317999656854], [-120.86646799962725, 38.535485000051494], [-120.86673899978888, 38.535527000068704], [-120.86678599964456, 38.53552899990159], [-120.86687600005625, 38.53554200021949], [-120.86755899994654, 38.53562099988454], [-120.86897999997872, 38.53574800024046], [-120.86974999990768, 38.535858999676385], [-120.87001900041949, 38.53591199990368], [-120.8704069998587, 38.53602299978919], [-120.87057400026329, 38.536081000142325], [-120.8708150002877, 38.53618499971348], [-120.87089099955736, 38.5362250002112], [-120.87100000023564, 38.53628999974285], [-120.87120899957468, 38.53642600016203], [-120.8718089996243, 38.53686199983452], [-120.87193500002103, 38.53696499978545], [-120.87264800004854, 38.53751900002748], [-120.87278199994284, 38.53761700030342], [-120.87310900018097, 38.5378650000612], [-120.87361200014625, 38.53827399992457], [-120.87366800022272, 38.53833000011315], [-120.87371599990331, 38.53838999976488], [-120.87374799969037, 38.53845400027513], [-120.87377399962963, 38.53848400005556], [-120.87383300007916, 38.53861700021958], [-120.87383700027713, 38.538651999999985], [-120.87386999988908, 38.53879099978285], [-120.87388599978262, 38.53893199973804], [-120.87388499995771, 38.53903699997361], [-120.873870999714, 38.53917700028351], [-120.87381899983548, 38.53934900017077], [-120.87372699977396, 38.53958800013604], [-120.87368499994118, 38.53964900000294], [-120.87366900004763, 38.53968200026642], [-120.87343800006894, 38.54002400031717], [-120.87338100016754, 38.54012100013828], [-120.87333099993883, 38.540257000340794], [-120.87332400026615, 38.54032699969387], [-120.87327599968725, 38.540570000010895], [-120.87325999979372, 38.54095399971423], [-120.87326099961864, 38.541023999794206], [-120.87325599959577, 38.54105899980862], [-120.87325599959577, 38.54116500029048], [-120.87327200038762, 38.54144800028803], [-120.87330400017464, 38.541731999704865], [-120.87336699992386, 38.541935999910066], [-120.87340299990886, 38.54203699996976], [-120.87342300000034, 38.5420690000147], [-120.87351099986387, 38.54226700032765], [-120.87353400032843, 38.54233500018871], [-120.87359600025269, 38.542468000258125], [-120.87383399990408, 38.5427589999801], [-120.87385399999557, 38.542790999703804], [-120.87388900015566, 38.542815000189925], [-120.87394600005709, 38.542869000024695], [-120.87401300000423, 38.54291800004788], [-120.87422899991427, 38.543050999741745], [-120.87434899956489, 38.54310299977707], [-120.8747710002376, 38.54324200009225], [-120.87485400007829, 38.54327299979231], [-120.87502399995759, 38.54332699998582], [-120.87515899967678, 38.543348999974974], [-120.87533899960185, 38.54337000014994], [-120.87542800018862, 38.54338599987765], [-120.87561200031163, 38.5433950002499], [-120.87602599969011, 38.54338100013879], [-120.87606599987309, 38.54337000014994], [-120.87611199990383, 38.543356999841606], [-120.87631500029345, 38.54327100017472], [-120.87652899965535, 38.54313599986106], [-120.87665699970186, 38.5430340001274], [-120.87671000030363, 38.5429749999468], [-120.87698800013797, 38.542566999933506], [-120.87699200033595, 38.54255700034157], [-120.87737300010244, 38.54172600002071], [-120.87739200036903, 38.541656999752604], [-120.87740599971443, 38.54162299986089], [-120.87743400020182, 38.54151899972037], [-120.87755700022548, 38.540995000210984], [-120.8776440002641, 38.54039199973476], [-120.8776869999218, 38.54021799982852], [-120.87773499960237, 38.54008099969909], [-120.87779300022703, 38.53998399982404], [-120.87783599988474, 38.53992099982788], [-120.87794100036504, 38.53980399978898], [-120.87814200020648, 38.53960999986365], [-120.87840900017018, 38.53941199996528], [-120.87861900023246, 38.53927600027291], [-120.87869200002739, 38.539232999769084], [-120.87883000011965, 38.539138999754535], [-120.87894399992248, 38.53907900002491], [-120.87906199992322, 38.53902299971684], [-120.87975700040744, 38.53874199975861], [-120.88012800012817, 38.53859799980965], [-120.88058699971249, 38.538433000070114], [-120.88067200010128, 38.538405999897805], [-120.88075400011708, 38.53837299975153], [-120.88196500008699, 38.53780599985633], [-120.88203899970681, 38.5377639997644], [-120.88242600021941, 38.537571999734425], [-120.88253900019733, 38.537511000214124], [-120.88264499960422, 38.53744200011848], [-120.88298299971304, 38.53720700032466], [-120.88302299989599, 38.53717999969218], [-120.88350699959466, 38.53679899991462], [-120.88359000033365, 38.53671400003567], [-120.88365399990775, 38.53661900034143], [-120.88367900002211, 38.53658899978319], [-120.88371699965695, 38.53652499972165], [-120.88374900034233, 38.53645799989262], [-120.88383200018299, 38.53625500021856], [-120.88387900003866, 38.53586399993813], [-120.88386899999291, 38.53575800007639], [-120.88382700016012, 38.53544000025681], [-120.88377699993138, 38.535266000317385], [-120.88374500014436, 38.53519900001846], [-120.88372300040304, 38.53516799964927], [-120.88338100009628, 38.534789000312024], [-120.88302899974377, 38.5342880001449], [-120.88246700022731, 38.533725000141764], [-120.88234199965552, 38.533578000157], [-120.88225899981485, 38.533493999930435], [-120.88221000030937, 38.53343499965411], [-120.88215500005776, 38.53337899987113], [-120.88180799972814, 38.53296299991796], [-120.88169599957516, 38.53280800014805], [-120.88166799998605, 38.53278000001799], [-120.88147700019034, 38.532537000087984], [-120.88127100032602, 38.53214200012482], [-120.88118900031024, 38.53201399976226], [-120.88102699992855, 38.531801999780804], [-120.88097599987492, 38.53174400019413], [-120.88081500021646, 38.531487999933326], [-120.88074499989624, 38.53135699988948], [-120.88071300010918, 38.53125400034197], [-120.88066000040574, 38.530864000268856], [-120.8806650004286, 38.53072299995998], [-120.88067399975114, 38.53061800023826], [-120.88068399979687, 38.53058400004787], [-120.8807280001778, 38.53030700010986], [-120.88073200037577, 38.53016600011494], [-120.88071800013206, 38.52981000033856], [-120.88072300015494, 38.529703999989856], [-120.88073200037577, 38.52963300013961], [-120.88073099965253, 38.52959800018769], [-120.88074599972116, 38.529492000229375], [-120.88081299966832, 38.52932299997294], [-120.88090100043017, 38.52916000005232], [-120.88094200043804, 38.52909799971827], [-120.88101199985992, 38.52900499981975], [-120.88111700034021, 38.52888900030684], [-120.88123799981575, 38.52873700022584], [-120.88140299967219, 38.52848699989357], [-120.88143799983227, 38.52842299965205], [-120.88150700032756, 38.528332000319594], [-120.88163200000105, 38.528177999727546], [-120.88180199988035, 38.52796999977373], [-120.88208300008776, 38.52769000023797], [-120.88236000009718, 38.52736999983596], [-120.88240199992997, 38.52730700003714], [-120.88244799996073, 38.52724500021482], [-120.88269800020599, 38.52682599982222], [-120.8827219995971, 38.52679500006189], [-120.88288800017676, 38.52667100018422], [-120.88312699965307, 38.52645499975112], [-120.88315299959234, 38.5264249998739], [-120.88329099968462, 38.52619999969366], [-120.88333699971535, 38.526138000323094], [-120.88342200010418, 38.52605299979567], [-120.88348400002845, 38.52600100008494], [-120.8835519998005, 38.52595299983207], [-120.88362700014359, 38.52591199989815], [-120.88370999998425, 38.52587999969359], [-120.88379600019796, 38.525855999882204], [-120.884016000306, 38.525804000029126], [-120.88413799960644, 38.525755000295355], [-120.88421100029969, 38.525712000142924], [-120.88461800000545, 38.525373999749995], [-120.88480999962607, 38.525219999855416], [-120.88506700044235, 38.52507099994036], [-120.885479000171, 38.52491800016412], [-120.88564599967725, 38.52486100001271], [-120.88580899988388, 38.52479800012576], [-120.88585099971667, 38.52478700010638], [-120.886064000152, 38.52471999988811], [-120.88632500026792, 38.52465200024266], [-120.88668199974497, 38.52457700005281], [-120.88717499966448, 38.52448299986372], [-120.8875849997433, 38.52445500000798], [-120.88772200001064, 38.524449000288485], [-120.88818200031818, 38.524480999723814], [-120.8884519997566, 38.524517000125755], [-120.8885410003434, 38.52453299983004], [-120.8891270001493, 38.52461299970393], [-120.88925900039378, 38.524643000336475], [-120.88943199974783, 38.5246910000575], [-120.88951200011378, 38.52472600028781], [-120.8895849999087, 38.52476999968977], [-120.88961800041899, 38.524794999928986], [-120.88967100012242, 38.52485200013266], [-120.8897680002068, 38.52497400020724], [-120.8898090002147, 38.52503699994012], [-120.8898240002833, 38.52507099994036], [-120.8898939997052, 38.52531100031207], [-120.88990799994889, 38.525381000152606], [-120.8899010002762, 38.525552999993636], [-120.88988700003252, 38.52562000013917], [-120.8898860002076, 38.52568999967914], [-120.8898729997888, 38.52582699980657], [-120.88987500033693, 38.525862000187175], [-120.88985600007038, 38.52603500033253], [-120.88986299974306, 38.52606999990918], [-120.88991999964446, 38.5266020002335], [-120.88996300020047, 38.52682299970998], [-120.88998800031484, 38.526952000206855], [-120.89001699972884, 38.527018999752606], [-120.89015599964601, 38.527278999874646], [-120.89023799966178, 38.52740700022753], [-120.89046899964045, 38.52766600032745], [-120.89049899977769, 38.52769200028869], [-120.89054999983132, 38.527749000306024], [-120.8905849999914, 38.52777200016461], [-120.890640000243, 38.52782700007165], [-120.89081900034316, 38.52798400007331], [-120.89085199995509, 38.52800799987777], [-120.8909709997808, 38.52811399991391], [-120.89117900019326, 38.52825399969583], [-120.89123799974448, 38.52828900030155], [-120.89143600011121, 38.5284060000944], [-120.89153499984539, 38.5284550001313], [-120.89162899955672, 38.52850200010669], [-120.8921259996742, 38.52875899975808], [-120.89220500021524, 38.52879500012816], [-120.89245899976012, 38.52889799968201], [-120.89253099973016, 38.528927999933714], [-120.89270499980744, 38.52897300028779], [-120.89278799964809, 38.5289889997042], [-120.89283899970172, 38.52899899977684], [-120.89297699979397, 38.52898499967474], [-120.89306600038077, 38.5289690002575], [-120.8932160001686, 38.52888500027181], [-120.89324899978055, 38.528861000057105], [-120.89327600044302, 38.52883199978701], [-120.89331999992567, 38.528770999883484], [-120.89334900023798, 38.52874300029059], [-120.8934429999493, 38.528581999784855], [-120.89347599956128, 38.528517000316626], [-120.89358799971426, 38.52836300012057], [-120.89367899995085, 38.52828300019893], [-120.89379299975367, 38.52822299984795], [-120.89388599964009, 38.528184999857444], [-120.8939159997773, 38.528173999653006], [-120.89417600006833, 38.528102999698675], [-120.89422100027417, 38.528094000224016], [-120.89454199976622, 38.5280789999259], [-120.89461499956114, 38.52809000014481], [-120.89470499997284, 38.52809600026357], [-120.89479600020942, 38.52810999983581], [-120.89488300024806, 38.52813200026257], [-120.89492300043104, 38.52814799986593], [-120.89509199958712, 38.528203000188356], [-120.89517299977798, 38.528237000098265], [-120.8953999995587, 38.52835900005631], [-120.89568699961389, 38.52853499986172], [-120.89572500014702, 38.52855500013181], [-120.89606599973057, 38.52879100008797], [-120.89621200021874, 38.52888400026301], [-120.89636600020454, 38.528962000203876], [-120.8971090003693, 38.52938000010383], [-120.89750500020442, 38.52956200021937], [-120.89780499978004, 38.52971999994642], [-120.89815299993462, 38.529903999893975], [-120.89852700002844, 38.53004299971428], [-120.89888699987854, 38.53020199978108], [-120.89912200005516, 38.53032299993234], [-120.89922800036041, 38.530377999997725], [-120.8995610004463, 38.53054099997016], [-120.89969699999044, 38.530606999703025], [-120.89995800010635, 38.530712000143545], [-120.90004099994702, 38.53074300032465], [-120.90085000023403, 38.531000999681346], [-120.9009320002498, 38.53103299971684], [-120.9009470003184, 38.53103700033513], [-120.90141799959828, 38.53117700005174], [-120.90164100007935, 38.531221999702026], [-120.90173200031596, 38.531227000286115], [-120.90204799978511, 38.53126300012408], [-120.90213999984663, 38.53125900022109], [-120.902277000114, 38.53124499985598], [-120.90236599980243, 38.531227000286115], [-120.90261799969753, 38.5311400001933], [-120.90269700023855, 38.531103000315774], [-120.90286200009501, 38.53097800015214], [-120.9029039999278, 38.530914999998544], [-120.90294300028586, 38.530811999818276], [-120.90297500007289, 38.53070900019332], [-120.90302899960123, 38.53046400032233], [-120.90309899992148, 38.53033299981958], [-120.90311999983784, 38.53030100017551], [-120.90315800037101, 38.53025399996971], [-120.90336800043329, 38.53000299999574], [-120.90341299974082, 38.529940999685316], [-120.90343000035757, 38.52990799987234], [-120.90355699968086, 38.529458000209715], [-120.90357199974949, 38.52938800011855], [-120.90362899965089, 38.52875099967343], [-120.90364999956725, 38.52864499987289], [-120.90376400026842, 38.52837799965672], [-120.90379799970529, 38.528313000004275], [-120.90400100009488, 38.52784699983576], [-120.90425700018793, 38.52720699970785], [-120.90428999979986, 38.527141999700376], [-120.90447200027307, 38.52655599976103], [-120.90460899964211, 38.526291999658724], [-120.90474300043473, 38.52606599971747], [-120.90478500026752, 38.52596499972257], [-120.90479299976512, 38.5259310001447], [-120.90482200007744, 38.52586300023792], [-120.90485200021466, 38.525759999853754], [-120.90497799971305, 38.52516500006417], [-120.90502299991891, 38.52499099987285], [-120.90509700043704, 38.52478800017211], [-120.90526099957026, 38.52449399992958], [-120.90540299986048, 38.524311000276576], [-120.90553199973189, 38.52420999992697], [-120.90560600025006, 38.524167000256995], [-120.90583600040384, 38.52407899998608], [-120.90589599977997, 38.52405699972587], [-120.90594000016092, 38.524045000219985], [-120.90611900026107, 38.524011999811485], [-120.90653299963954, 38.52398900015678], [-120.90768300040837, 38.524063000180846], [-120.90813399959679, 38.52406899993252], [-120.9081920002214, 38.52407000000823], [-120.90845800036018, 38.52400999965848], [-120.90862800023949, 38.523954000270805], [-120.90875499956282, 38.523895999980624], [-120.90882200040824, 38.523846000274546], [-120.90894100023395, 38.52373000017607], [-120.9089660003483, 38.52370699972844], [-120.90912500035694, 38.52353200014559], [-120.90930600010692, 38.52324300012787], [-120.90937600042712, 38.5231119998324], [-120.90938999977251, 38.52307800031223], [-120.90956899987266, 38.522306000187655], [-120.90958200029145, 38.522271000186045], [-120.90975200017076, 38.52205900031467], [-120.91008699990651, 38.52171900011884], [-120.91010899964783, 38.52168800026712], [-120.91023099984655, 38.521432000073986], [-120.91041199959653, 38.5210559997209], [-120.91055499971165, 38.52083199974331], [-120.91060999996324, 38.5207759999914], [-120.91070100019985, 38.520673000057805], [-120.91073499963672, 38.52064899991562], [-120.91079499991119, 38.52059599969046], [-120.91090399969113, 38.52053100003738], [-120.91098499988198, 38.52049599987544], [-120.91111600030153, 38.52046500019977], [-120.91116099960907, 38.52046199982236], [-120.91124900037094, 38.52044300024047], [-120.91138300026525, 38.520421999697994], [-120.9117260003969, 38.52038899973676], [-120.9118820000325, 38.520375000068135], [-120.91225199992839, 38.52036900000853], [-120.91229600030931, 38.52037600019518], [-120.91238599982267, 38.52038299967831], [-120.91251899989206, 38.5204009998522], [-120.91256099972485, 38.520415000218605], [-120.91277599981, 38.520470000125705], [-120.91286399967356, 38.52048700015235], [-120.91290600040466, 38.52050199992448], [-120.9130839997816, 38.52053399970907], [-120.91317500001819, 38.52054599980034], [-120.9132670000797, 38.520544999675664], [-120.91372200036436, 38.52051400002108], [-120.91385899973339, 38.520507999973056], [-120.91408800006225, 38.5205090000982], [-120.9148660003871, 38.520589000228036], [-120.9149640002964, 38.52059500026936], [-120.91527899994065, 38.52061600005851], [-120.91546300006367, 38.52062099997395], [-120.91569200039255, 38.5206019997312], [-120.91578299973082, 38.52058800010394], [-120.91595500015828, 38.52053900033301], [-120.91603999964876, 38.52052000006866], [-120.9160820003799, 38.520505000300226], [-120.9161690004185, 38.52048399977585], [-120.91630699961247, 38.520484999901385], [-120.91635199981829, 38.52049200007675], [-120.91648900008566, 38.52050099979923], [-120.91658100014718, 38.52050300004976], [-120.91662600035299, 38.5205090000982], [-120.91671800041449, 38.52051400002108], [-120.91694600002015, 38.52048999982593], [-120.91708099973937, 38.52046600032556], [-120.91716799977797, 38.520440999988224], [-120.91753900039708, 38.520294999700454], [-120.91781499968329, 38.52016599992183], [-120.91838999961854, 38.519978999979365], [-120.91841100043325, 38.51997299988674], [-120.91862999981805, 38.51991399976911], [-120.91903400004911, 38.519741999805305], [-120.91920399992841, 38.51968700004478], [-120.91955899975565, 38.51960700031812], [-120.91974000040393, 38.51958100024726], [-120.92001099966727, 38.51956000015609], [-120.92010000025405, 38.51955900001771], [-120.92014499956159, 38.519550000177496], [-120.9203220000119, 38.51953900005884], [-120.92049699991409, 38.51951199982439], [-120.92054100029502, 38.51951699981647], [-120.92067299964118, 38.51951000024912], [-120.92071700002211, 38.519501999839065], [-120.92080599971055, 38.519501999839065], [-120.92089399957412, 38.51949299999173], [-120.92129799980518, 38.51947099973529], [-120.92156999979171, 38.51945300003168], [-120.92193200018995, 38.51941099976859], [-120.9220679997341, 38.519386999908455], [-120.92241599988863, 38.5192950002534], [-120.92266899960865, 38.51920700035108], [-120.92274800014965, 38.51917100010442], [-120.92308200006052, 38.51897999980283], [-120.92323100002342, 38.518844000143915], [-120.92332399990983, 38.518721000070855], [-120.92334400000132, 38.51868900018317], [-120.92353599962195, 38.51829199979984], [-120.92358900022371, 38.51815600024678], [-120.92371899992004, 38.51788999993366], [-120.92373399998867, 38.51781999983587], [-120.92363600007937, 38.5172549999684], [-120.92360500011723, 38.51697100021881], [-120.92364000027732, 38.51668099968465], [-120.92365699999577, 38.51654600007963], [-120.92376300030097, 38.51623699995271], [-120.92378099984433, 38.516204000181496], [-120.92382699987509, 38.51614199993149], [-120.92386000038536, 38.516117000201], [-120.9239409996779, 38.5160839996719], [-120.92403100008956, 38.516065999824185], [-120.92407700012035, 38.5160629999663], [-120.92435099975671, 38.516092999945506], [-120.92439699978748, 38.516091999758956], [-120.92457800043576, 38.51606199977933], [-120.92461100004773, 38.51603700002106], [-120.92463799981189, 38.51600800020625], [-120.92468300001774, 38.515946999975974], [-120.92474599976693, 38.51581400007824], [-120.9247650000335, 38.515782000304], [-120.9249199998442, 38.51556399983793], [-120.92494599978349, 38.51553499983258], [-120.92531700040254, 38.51527599965455], [-120.92539400039544, 38.515236999658256], [-120.9256730000547, 38.51511099985033], [-120.9257159997124, 38.51509800005842], [-120.92624600034014, 38.51498400032288], [-120.92638100005937, 38.514963999795754], [-120.9267919999631, 38.51494800007289], [-120.92702200011685, 38.51495299967915], [-120.92711300035347, 38.51496499999793], [-120.92737299974614, 38.51503799996117], [-120.92741299992912, 38.51505600006586], [-120.92744899991415, 38.51507800026586], [-120.92761299994567, 38.51520299993264], [-120.92766999984705, 38.515258999802946], [-120.92774699983995, 38.515347000314364], [-120.92790599984863, 38.51556500003177], [-120.92826300022399, 38.51614099974562], [-120.92831199972947, 38.51620199981151], [-120.92862200024918, 38.516509999907925], [-120.92866999992977, 38.516570999661134], [-120.92890000008354, 38.51683699992815], [-120.92946699962287, 38.51744000032624], [-120.92956399970726, 38.517535000040276], [-120.9298399998918, 38.517801999719424], [-120.9299679999383, 38.517905000247026], [-120.93021200033577, 38.51806899981392], [-120.93050799971347, 38.51823899994774], [-120.93062499988935, 38.51829599972079], [-120.93087699978443, 38.518386000343384], [-120.93117800008329, 38.51847299969027], [-120.93126799959666, 38.51848900003535], [-120.93172500042948, 38.51853899994868], [-120.93181699959266, 38.51853500004123], [-120.93246199984812, 38.51852499992024], [-120.93333600043248, 38.51848000006131], [-120.9334739996264, 38.51848500012513], [-120.93379400019187, 38.5185130001949], [-120.93393099956089, 38.518528999828234], [-120.93397599976673, 38.5185379997961], [-120.93415700041501, 38.51856400024377], [-120.93446799986131, 38.51863099986718], [-120.93495199955998, 38.51875100034808], [-120.9350789997816, 38.51879200014439], [-120.93553700043931, 38.518958000092454], [-120.93597799958198, 38.51915200018176], [-120.9364160001482, 38.51941400018981], [-120.9364449995622, 38.51944099975819], [-120.9364880001182, 38.51949900012436], [-120.93657799963158, 38.51977500006313], [-120.93663100023338, 38.51987299990899], [-120.93667300006614, 38.51993700002319], [-120.93670099965524, 38.520003999774325], [-120.93671599972384, 38.52011099978249], [-120.93670700040133, 38.52014600013158], [-120.93667399989106, 38.52021200026171], [-120.93637400031541, 38.520612999687394], [-120.93635300039901, 38.520682999880385], [-120.9363380003304, 38.520753000005364], [-120.93633499995735, 38.520895000290665], [-120.93633999998022, 38.52093000025851], [-120.93643500041475, 38.52120400010176], [-120.93646999967658, 38.52126899984995], [-120.93656099991316, 38.52146799989259], [-120.93657299960873, 38.521503000284696], [-120.93662000036271, 38.52160099988629], [-120.93702399969543, 38.52262200023465], [-120.93710300023646, 38.522822000143506], [-120.93712099977981, 38.52285499969203], [-120.93723399975771, 38.52300999981815], [-120.93729900005505, 38.523103999822716], [-120.93732499999432, 38.52313399967871], [-120.9376270001181, 38.523352999794746], [-120.93765800008023, 38.523378999908694], [-120.93768400001953, 38.523408999650066], [-120.93769999991302, 38.52344200033501], [-120.93770699958574, 38.523512999968524], [-120.93767300014886, 38.52372499977384], [-120.93760399965358, 38.52393199997238], [-120.93754699975214, 38.524320000224286], [-120.93750400009446, 38.52449399992958], [-120.9374659995613, 38.5247760000853], [-120.93746200026166, 38.52498999980994], [-120.93746800010943, 38.525061000024635], [-120.9375290002088, 38.52537699992264], [-120.93758299973715, 38.525549999828336], [-120.93760000035394, 38.52558300023432], [-120.93780899969296, 38.52608900011396], [-120.9378329999824, 38.52615699980713], [-120.93789300025688, 38.52629000027187], [-120.93799500036413, 38.52659900011188], [-120.938104999969, 38.52687000004853], [-120.93824499971106, 38.52713400013867], [-120.9383090001835, 38.527228999707866], [-120.93838399962826, 38.52731899970192], [-120.93864499974417, 38.52756999990256], [-120.93896199993657, 38.527874999777296], [-120.93913500018893, 38.52799100022208], [-120.93916699997595, 38.528016000045085], [-120.9394640000769, 38.528184999857444], [-120.93954199989469, 38.52822399986589], [-120.93990900031582, 38.52837200026429], [-120.94038200014386, 38.52851800033053], [-120.94087900026129, 38.528603000054545], [-120.94124900015716, 38.52860900013047], [-120.94131799975413, 38.52860200004188], [-120.94156100032667, 38.528436999863445], [-120.94164300034245, 38.52840300004803], [-120.9420769998124, 38.528281000164576], [-120.94245900030214, 38.52815499999873], [-120.94305000013094, 38.52787599980007], [-120.94319900009386, 38.527791999944], [-120.94326900041406, 38.52774600023227], [-120.94350600024053, 38.5275770000916], [-120.9435630001419, 38.52752400004892], [-120.94365299965527, 38.52743999978195], [-120.94372799999833, 38.527356000119696], [-120.94384000015137, 38.52716000029218], [-120.94393700023572, 38.526923999906174], [-120.94396800019788, 38.5268200003004], [-120.94404400036586, 38.526361999950595], [-120.94409500041947, 38.52615200027632], [-120.94433100042103, 38.525541000034394], [-120.94435300016232, 38.52548699984175], [-120.94437400007872, 38.52544000000546], [-120.94454899998092, 38.525112999711794], [-120.94461599992806, 38.52502000028537], [-120.94482400034052, 38.5247499997733], [-120.9448660001733, 38.524687999856255], [-120.94489799996036, 38.52466400035014], [-120.94494599964095, 38.524606999997566], [-120.94516199955102, 38.524387000112135], [-120.94519400023638, 38.52436299980284], [-120.94539400025293, 38.524170999851464], [-120.9455120002537, 38.52401800027021], [-120.9455259995991, 38.52398399977248], [-120.94564899962273, 38.52375399999366], [-120.94569800002652, 38.52369400008326], [-120.94573300018664, 38.523670000245666], [-120.94621799971023, 38.52346299999637], [-120.94658400030642, 38.52324599968654], [-120.94673800029221, 38.523165999698726], [-120.9468710003616, 38.52313699994475], [-120.94728399991514, 38.52310600000094], [-120.94732900012102, 38.5230979999906], [-120.94784999962961, 38.52295699992595], [-120.94793099982046, 38.522923999721385], [-120.94856799967998, 38.5226319997865], [-120.94890099976593, 38.522514000347975], [-120.94938399963969, 38.522303999987194], [-120.94950099981554, 38.522247999974965], [-120.94977000032738, 38.522129999906866], [-120.9501440004212, 38.52196799996285], [-120.95033900041487, 38.52187299977402], [-120.95085800027361, 38.521637999729876], [-120.9514690001939, 38.521386999923976], [-120.95180899995253, 38.52125400023766], [-120.95183999991467, 38.52124200026443], [-120.95213600019069, 38.521143000057606], [-120.95227299955972, 38.521103000311705], [-120.95252600017803, 38.52103100029132], [-120.95274700011096, 38.52097999988193], [-120.95301700044772, 38.52093299991363], [-120.9536590003301, 38.520864000083975], [-120.95371299985848, 38.5208669997418], [-120.95379700042238, 38.52087399988002], [-120.95406500021099, 38.52092800001986], [-120.9541079998687, 38.52094000004544], [-120.95418599968649, 38.52097700022882], [-120.95438300022829, 38.52112799971627], [-120.95444500015256, 38.52118100025249], [-120.95455999978032, 38.52129100025962], [-120.95462099987965, 38.521343999973034], [-120.95495700033865, 38.5217419997962], [-120.95506799976843, 38.52187100026435], [-120.9551720004238, 38.52199100026346], [-120.95523599999791, 38.522045999669054], [-120.95554099959644, 38.52227399978527], [-120.9556229996122, 38.52230899978539], [-120.95571399984881, 38.52232999977728], [-120.95583600004754, 38.5223649997502], [-120.95588799992609, 38.52237999983378], [-120.95606700002624, 38.52240500020039], [-120.95610999968392, 38.522418000078346], [-120.95619900027069, 38.52243400024933], [-120.95701299968225, 38.52267200008825], [-120.95718799958442, 38.52271299975957], [-120.95759500018853, 38.522768000019084], [-120.95786999964982, 38.522765999831506], [-120.95805299994794, 38.52274700015498], [-120.95823299987298, 38.5227190003266], [-120.95836500011745, 38.522689000297675], [-120.95849399998889, 38.522649000005316], [-120.95864200012691, 38.52256599976702], [-120.95902500044153, 38.52230999988555], [-120.95921100021438, 38.52220700003875], [-120.95968099966935, 38.52206300002629], [-120.95977100008103, 38.52204899998044], [-120.96020799992404, 38.52194099993671], [-120.96029599978759, 38.52192300014796], [-120.96061100033018, 38.521869000051844], [-120.96065399998785, 38.52185899969122], [-120.96082200021738, 38.521800999821075], [-120.96090099986009, 38.521766000276756], [-120.96094400041609, 38.521753000280995], [-120.96106099969366, 38.52169799994868], [-120.9613539995966, 38.52150900024977], [-120.96139200012975, 38.521490999650155], [-120.96148800038924, 38.52142000013044], [-120.9615219998261, 38.521394000011625], [-120.9615920001463, 38.521348999837855], [-120.96189000007213, 38.5211850000129], [-120.96225699959493, 38.521037000295806], [-120.9626120003205, 38.52087000010233], [-120.96285300034491, 38.52076399993848], [-120.9636690003046, 38.520516999693484], [-120.96412399969095, 38.520356999887746], [-120.96416800007188, 38.52034800014726], [-120.96434200014917, 38.520300000341045], [-120.96447799969327, 38.5202820001419], [-120.96452399972404, 38.520278999756805], [-120.96456899992988, 38.52028399969566], [-120.96514300004021, 38.52040900016233], [-120.96540400015616, 38.520482999650305], [-120.9654369997681, 38.52049099995132], [-120.96549100019479, 38.52050400017503], [-120.96584400037219, 38.52057100010116], [-120.96641699975933, 38.5207059998888], [-120.96646199996518, 38.520713000042676], [-120.96673700032477, 38.52071099979799], [-120.96682799966305, 38.5207059998888], [-120.9669640001055, 38.5207059998888], [-120.96728200012282, 38.52073899970465], [-120.9676400003231, 38.520797999848924], [-120.96773099966137, 38.52081300025908], [-120.96783299976862, 38.5208360002259], [-120.96787399977651, 38.52085300016614], [-120.96791700033255, 38.520864000083975], [-120.96821000023552, 38.520966999744246], [-120.9683430003049, 38.52099699978817], [-120.96889499977564, 38.521023000050384], [-120.9692169999909, 38.52104700006782], [-120.96958199986388, 38.52104200018196], [-120.96967399992539, 38.52103600017794], [-120.96976400033708, 38.52103600017794], [-120.96989599968325, 38.52100399991374], [-120.96997500022428, 38.520966999744246], [-120.97001799988196, 38.52095400030701], [-120.97009700042302, 38.52091800023132], [-120.97024600038593, 38.5208350001053], [-120.97028099964771, 38.520811000017126], [-120.97042399976286, 38.52063099980376], [-120.97071900021393, 38.520153000339924], [-120.97090199961374, 38.51990600010681], [-120.9710899999347, 38.51970599982623], [-120.97126499983689, 38.51954199977189], [-120.97134699985264, 38.51945699988812], [-120.97173900038814, 38.518980999949214], [-120.97179299991649, 38.51892400001572], [-120.97201300002453, 38.518656000130264], [-120.97230500010258, 38.51825400018834], [-120.97256700004341, 38.517655999701695], [-120.97259600035571, 38.51760800020889], [-120.97278399977837, 38.517303999866314], [-120.972834999832, 38.51724899964871], [-120.97285300027364, 38.51721600034141], [-120.97299100036592, 38.51704000026598], [-120.97303200037382, 38.51697900020731], [-120.97309199974995, 38.51692700026627], [-120.9731729999408, 38.51684499993153], [-120.97319600040532, 38.5168150002657], [-120.9733629999116, 38.51665499996262], [-120.97357999964656, 38.516528000347435], [-120.97368599995178, 38.51645999999098], [-120.97384199958738, 38.516333000031835], [-120.97419499976479, 38.516098000175084], [-120.97422400007714, 38.51607900014419], [-120.97429400039732, 38.516039999880086], [-120.97437399986494, 38.5159979997342], [-120.97441400004791, 38.515979999864996], [-120.9744969998886, 38.515956000266705], [-120.97453500042177, 38.51593600000962], [-120.97457999972927, 38.51593199995754], [-120.97461999991225, 38.51591599974697], [-120.97466299956996, 38.51590499977588], [-120.97472799986728, 38.51590099972208], [-120.97475399980654, 38.51589900004651], [-120.97484500004316, 38.51590000023573], [-120.97493299990668, 38.515911000207595], [-120.97515800003758, 38.51592200017777], [-120.97524900027419, 38.515925000041584], [-120.97538300016849, 38.51593000028282], [-120.97542699965109, 38.515937000198335], [-120.9755189997126, 38.51592699971638], [-120.9756080002994, 38.515911000207595], [-120.97573799999572, 38.51588100015254], [-120.97582400020947, 38.51585699981836], [-120.97630399971015, 38.51574699994153], [-120.97648199998541, 38.51571600032929], [-120.97679099978188, 38.51568900006658], [-120.9770329996312, 38.51566899973531], [-120.97708000038521, 38.51566800024576], [-120.9772560001123, 38.51569400032426], [-120.97731100036387, 38.51569799968669], [-120.97735800021955, 38.51570000007073], [-120.97747000037253, 38.51571100007314], [-120.97749299993878, 38.515713999945696], [-120.97758199962722, 38.51572700032926], [-120.9776720000389, 38.51573400026446], [-120.9777640001004, 38.51573099968985], [-120.97785100013904, 38.51571699981819], [-120.97794700039852, 38.51570500032759], [-120.97810600040715, 38.51568699968228], [-120.9784960003945, 38.515583000004746], [-120.97924700005687, 38.51531100024595], [-120.97955599985335, 38.51524000025346], [-120.98010099965138, 38.515161000001335], [-120.98023899974366, 38.51515500021], [-120.9804959996616, 38.5151769996768], [-120.98051400010328, 38.515179000075314], [-120.98059399957089, 38.51521299981228], [-120.98078400044001, 38.51530899985115], [-120.9808670002807, 38.51533799994749], [-120.9809960001521, 38.51537699988906], [-120.98113300041946, 38.515386000251056], [-120.9812220001079, 38.51537400000246], [-120.98199799988465, 38.51530599996166], [-120.98218200000767, 38.51530099967709], [-120.98231900027501, 38.51530599996166], [-120.9824539999942, 38.515325000196626], [-120.98298299989872, 38.515451999825416], [-120.98314600010534, 38.51551599965304], [-120.9833119997867, 38.515573999667374], [-120.98358700014631, 38.515694999813455], [-120.98371099999488, 38.515738000327545], [-120.98396500043809, 38.515811000209794], [-120.98413299976926, 38.515867999796846], [-120.98421099958708, 38.51590599996498], [-120.98462300021403, 38.51613099999488], [-120.98502599972184, 38.51630300015264], [-120.98515100029361, 38.516346999783714], [-120.98567299962713, 38.516477999740175], [-120.9861270000869, 38.516524000328246], [-120.98635499969252, 38.516530000005545], [-120.98644500010421, 38.51652599998646], [-120.987035999933, 38.51653800004302], [-120.9871279999945, 38.51653199966358], [-120.98762599993688, 38.51645700014951], [-120.98776300020423, 38.51643700003161], [-120.98798900016004, 38.516419999751285], [-120.98812499970418, 38.51641900027216], [-120.98831899987293, 38.51639500011734], [-120.98836400007878, 38.516389999908405], [-120.98845199994231, 38.516370999954525], [-120.98867399970017, 38.51633199984862], [-120.98894099966387, 38.516291000056896], [-120.98903100007553, 38.51628299999196], [-120.9891189999391, 38.516266999859404], [-120.98934099969695, 38.51623800013725], [-120.9896970002474, 38.516197999774214], [-120.98978799958569, 38.51619200006925], [-120.99007200016614, 38.51615699990617], [-120.99009999975522, 38.51615299986637], [-120.99023100017477, 38.516117000201], [-120.99035599984826, 38.51607299972648], [-120.99047700022209, 38.516023000208904], [-120.99064299990344, 38.51593799968416], [-120.99066800001778, 38.51592600023041], [-120.99070800020075, 38.51590899982947], [-120.99080600011006, 38.51583399966634], [-120.99102000037031, 38.51565000029408], [-120.99110599968571, 38.515567999910466], [-120.99153199965805, 38.515061999865495], [-120.9917319996746, 38.51486699979615], [-120.99182299991118, 38.51478700033581], [-120.99197600007206, 38.514678999939306], [-120.99213000005787, 38.51457100008367], [-120.99227599964775, 38.5144840002383], [-120.99246899999157, 38.51438499987439], [-120.9925059998015, 38.51437000023334], [-120.9925269997179, 38.514360000236664], [-120.99259399966506, 38.51433199995733], [-120.99261600030466, 38.514323000166456], [-120.99267099965793, 38.51430000022719], [-120.99318299984402, 38.51411100008143], [-120.9936470003495, 38.51393999982322], [-120.99396000034398, 38.51382599965976], [-120.99408099981946, 38.51377499976865], [-120.99411900035261, 38.51375500031146], [-120.99416000036051, 38.51373900031991], [-120.99428900023192, 38.51370199993056], [-120.99455500037072, 38.513643000296206], [-120.99460100040146, 38.51363900011672], [-120.99478499962616, 38.51364600025494], [-120.9949200002437, 38.51366899970023], [-120.99500800010723, 38.51369100032408], [-120.99525499997947, 38.51378199989365], [-120.99538300002597, 38.513819000241945], [-120.99542800023181, 38.513826999877786], [-120.99549400035406, 38.513845000285315], [-120.99557800001965, 38.51387100031925], [-120.99570699989107, 38.51390399975413], [-120.99595799996122, 38.51398799965308], [-120.99615600032794, 38.51407800003857], [-120.99636600039022, 38.51421599998936], [-120.99659200034603, 38.514391999940074], [-120.9967799997687, 38.51457299979607], [-120.99688000022613, 38.51466899998548], [-120.99693299992958, 38.51472599977383], [-120.9970390002348, 38.51479399965956], [-120.99711399967954, 38.514834000099825], [-120.99722199963458, 38.514898999977106], [-120.99735800007701, 38.5149959999336], [-120.99741499997843, 38.515050999763915], [-120.99749399962116, 38.51513800032983], [-120.99763599991137, 38.51532100011059], [-120.99779400009511, 38.51557499986112], [-120.99792799998941, 38.51576199999852], [-120.99804699981512, 38.5158700001761], [-120.99830499955797, 38.51607299972648], [-120.99838400009901, 38.51615999976014], [-120.9986030003821, 38.51647099987732], [-120.9986529997125, 38.516531000186006], [-120.99878800033004, 38.51667399984148], [-120.99907500038522, 38.51715400026012], [-120.99913700030947, 38.51724700001059], [-120.99916300024877, 38.517276000029156], [-120.99924699991436, 38.517398999759834], [-120.9992929999451, 38.51745899999793], [-120.99933200030316, 38.5175230001499], [-120.9993850000066, 38.51757900032407], [-120.99973700035913, 38.51791099980916], [-120.9999409996753, 38.518103000294495], [-120.99997400018559, 38.51812699987987], [-121.00001199982042, 38.5181470002311], [-121.0000539996532, 38.518161999788], [-121.00037300039375, 38.51830400026489], [-121.00045600023442, 38.51833400001305], [-121.00054400009795, 38.51835700006919], [-121.0007840002975, 38.51846200010989], [-121.0009619996744, 38.51857499980855], [-121.00104299986525, 38.518621999910884], [-121.00121100009476, 38.51874299985368], [-121.00128600043782, 38.518783999654524], [-121.00136799955527, 38.518816000202904], [-121.00152699956392, 38.518887000182715], [-121.0016100003029, 38.5189189999824], [-121.00173699962622, 38.51896099982975], [-121.0027419997318, 38.519231000271226], [-121.00292099983194, 38.51926699978497], [-121.00341999959922, 38.51934599974822], [-121.00346399998014, 38.51934800003084], [-121.00354500017099, 38.51931400013832], [-121.00363300003457, 38.51929199982722], [-121.00367900006529, 38.51928699981945], [-121.00381700015755, 38.51929799997661], [-121.0038620003634, 38.519305999706475], [-121.00422600041148, 38.51934599974822], [-121.00439999959045, 38.51938300004813], [-121.00455399957622, 38.51946199988407], [-121.0048049996464, 38.5195519997516], [-121.00484900002732, 38.51956299986825], [-121.0049400002639, 38.519572999845096], [-121.00501999973157, 38.51957500012139], [-121.00503200032541, 38.51957600025956], [-121.00521499972521, 38.519588999945675], [-121.00530699978673, 38.519591999656626], [-121.00553500029066, 38.519566000283135], [-121.00571500021573, 38.51953900005884], [-121.00580300007928, 38.51951900009439], [-121.00597600033161, 38.51947099973529], [-121.00615399970854, 38.519440000321005], [-121.006290000151, 38.51941900018876], [-121.00633399963361, 38.51940900019053], [-121.00650500023612, 38.51935800003754], [-121.00676499962883, 38.51928699981945], [-121.0068969998733, 38.51925500018332], [-121.00695799997268, 38.519231000271226], [-121.00718800012643, 38.51921699967448], [-121.0072340001572, 38.51921699967448], [-121.00732600021871, 38.51920600020779], [-121.00737100042456, 38.519197000323395], [-121.00753899975572, 38.51913899971393], [-121.0078679996437, 38.51894299999856], [-121.008009000109, 38.5188530000724], [-121.00821499997333, 38.51871099997571], [-121.00829100014133, 38.51867000013323], [-121.00856999980059, 38.5185460003133], [-121.00874800007581, 38.518432999866256], [-121.00887699994725, 38.518331000249624], [-121.0089599997879, 38.51824600034155], [-121.00910700010103, 38.51810799968164], [-121.0093899999582, 38.51787400015828], [-121.00954700031706, 38.5176989997473], [-121.00957999992903, 38.51767399985466], [-121.00967100016561, 38.5175499997247], [-121.00968600023425, 38.51747899983188], [-121.00968600023425, 38.51698300020121], [-121.00966500031782, 38.51684099992995], [-121.0097120001735, 38.51641500024691], [-121.00970799997555, 38.51616600017066], [-121.00969000043217, 38.51606000010828], [-121.00967199999052, 38.51599000033959], [-121.00957999992903, 38.515713999945696], [-121.00952600040065, 38.515504000129006], [-121.00950399976102, 38.515398999990964], [-121.00949100024057, 38.51525599991138], [-121.00944500020981, 38.515081999662506], [-121.00942199974526, 38.51494100006127], [-121.00942099992034, 38.51490499978983], [-121.00946399957805, 38.51469499972189], [-121.00947600017194, 38.5146609997403], [-121.00950899978392, 38.51459500014368], [-121.00962199976182, 38.51444000017149], [-121.00969499955676, 38.51434900002781], [-121.00990700016716, 38.51413400008102], [-121.00996300024366, 38.51407800003857], [-121.01037300032249, 38.513742999790985], [-121.01040199973649, 38.513714999974546], [-121.01054800022466, 38.513534000070166], [-121.01063100006535, 38.51344799989786], [-121.0106479997838, 38.51341699999854], [-121.01064399958582, 38.51338099966788], [-121.0106479997838, 38.51334600024684], [-121.01067799992103, 38.513241999999146], [-121.01081799966309, 38.512978999790484], [-121.01095599975537, 38.51279500015036], [-121.0110710002814, 38.51268400028144], [-121.01116900019068, 38.5126090002731], [-121.01123899961257, 38.512562999995005], [-121.01137199968198, 38.5124650000381], [-121.01155900017802, 38.51236399993572], [-121.01160400038388, 38.51235499989884], [-121.01168300002661, 38.51235199988632], [-121.01172900005734, 38.512356000137316], [-121.01182000029394, 38.51235499989884], [-121.0119580003862, 38.512362999697366], [-121.01209300010542, 38.512383000244206], [-121.01226899983251, 38.51242599992489], [-121.0123450000005, 38.51246600027503], [-121.01251300022999, 38.51258500025391], [-121.0125769998041, 38.51263500005053], [-121.0125910000478, 38.51264800028717], [-121.01272499994211, 38.51277100019322], [-121.01278000019369, 38.51282800007837], [-121.01283100024729, 38.512889999667976], [-121.01291099971493, 38.5129759998039], [-121.01294099985215, 38.51300299967828], [-121.0129790003853, 38.513024000276474], [-121.01313300037111, 38.5131549999536], [-121.01317900040185, 38.51315900015998], [-121.01322100023464, 38.513144999788096], [-121.01325999969438, 38.5131250001559], [-121.01329200037975, 38.51309899985251], [-121.01334300043337, 38.51304099995291], [-121.01337299967228, 38.513012999863506], [-121.0134220000761, 38.512953999664525], [-121.01345600041128, 38.51288699967775], [-121.01351800033555, 38.51279200015617], [-121.01357000021409, 38.51269399980799], [-121.0136129998718, 38.51263200004966], [-121.01363999963598, 38.51260399980114], [-121.01370499993331, 38.51251099967588], [-121.01375400033713, 38.5124519997684], [-121.0138100004136, 38.512397000061284], [-121.01390199957679, 38.51227499975591], [-121.0140780002022, 38.51207000025798], [-121.01426499979995, 38.511871999784155], [-121.01431500002866, 38.51181300005596], [-121.01437899960277, 38.51172099985914], [-121.01439500039461, 38.51168800012662], [-121.01444499972501, 38.5116290002477], [-121.01452599991586, 38.51154499970518], [-121.01454799965718, 38.51151499993957], [-121.01463499969582, 38.5114329997666], [-121.01476100009252, 38.511331000072644], [-121.01490500003256, 38.511243000275655], [-121.01501899983538, 38.51118299977733], [-121.01523300009563, 38.511118000059675], [-121.01540999964762, 38.51108099972922], [-121.01554000024228, 38.51104299982593], [-121.01557899970202, 38.51102500012372], [-121.0156199997099, 38.51100000002223], [-121.0159989998266, 38.51080099986047], [-121.01608099984234, 38.51076799970629], [-121.01629400027768, 38.51070500013682], [-121.01638100031631, 38.51068400026809], [-121.0164230001491, 38.51066899985599], [-121.01663800023428, 38.510616000015105], [-121.01684499992353, 38.51053999969771], [-121.01696700012225, 38.51048900029065], [-121.01704300029023, 38.51044999980999], [-121.01735899975941, 38.510243000203815], [-121.01759800013402, 38.510076999841715], [-121.01766900027913, 38.51003200032553], [-121.01773299985324, 38.50998099985573], [-121.01783300031066, 38.50989099997229], [-121.01788299964103, 38.5098469999102], [-121.01790399955745, 38.50981599986631], [-121.01800999986264, 38.50970200020235], [-121.01815700017576, 38.509567000163365], [-121.01818999978771, 38.50954299983312], [-121.01830500031375, 38.50943399972646], [-121.01851200000297, 38.50929500017003], [-121.01869899960073, 38.509193999838566], [-121.01873899978372, 38.50917599967414], [-121.0191100004028, 38.509036000038094], [-121.01918599967244, 38.508995999891205], [-121.0192660000384, 38.50896099974451], [-121.01930899969611, 38.50894800024805], [-121.01944400031363, 38.50892699986686], [-121.01971899977492, 38.508931000308145], [-121.01989899969998, 38.50895700000785], [-121.02007399960216, 38.508995999891205], [-121.02020300037191, 38.509032999887275], [-121.02036700040345, 38.509096999797485], [-121.02049299990183, 38.50913600030798], [-121.02053700028277, 38.50914600032735], [-121.0206259999712, 38.509156000345314], [-121.02071600038289, 38.509158999788106], [-121.02076099969042, 38.509165000079115], [-121.02112399991358, 38.50918800025287], [-121.02176800034415, 38.509165000079115], [-121.021990000102, 38.50913000001456], [-121.02221199985985, 38.509089000339], [-121.02248700021944, 38.509066000133615], [-121.0226599995735, 38.50902099998561], [-121.0227440001374, 38.508990000289074], [-121.02282100013029, 38.508951999985214], [-121.02290300014606, 38.50891899968658], [-121.02316000006402, 38.508840000230926], [-121.0232510003006, 38.508835000200165], [-121.02357199979265, 38.50880699988096], [-121.02366399985416, 38.50880199984791], [-121.0245819999211, 38.50880600029613], [-121.02494699979407, 38.50878900032269], [-121.02553799962288, 38.50876799989518], [-121.02567300024039, 38.50875599994941], [-121.02584899996751, 38.508715000060896], [-121.02610699971036, 38.50864500018024], [-121.02618999955104, 38.50861800007753], [-121.02670699976, 38.50847800005951], [-121.02704200039405, 38.50836499997703], [-121.02712799970946, 38.50834099994912], [-121.02725300028126, 38.50829900023252], [-121.02737899977964, 38.508253000012694], [-121.02740399989399, 38.50825999997161], [-121.02746599981826, 38.508278999957156], [-121.02750699982616, 38.508292000277336], [-121.02747199966605, 38.508218000207755], [-121.02746199962031, 38.50820299998489], [-121.0274330002063, 38.50815900029725], [-121.02742399998546, 38.508144999656146], [-121.02740700026705, 38.50490399976412], [-121.02740600044213, 38.50463100008927], [-121.02740600044213, 38.50381199977655], [-121.02740600044213, 38.503539999838175], [-121.0274130001148, 38.50344899997837], [-121.02743700040428, 38.50317999976691], [-121.02744499990186, 38.50308999981944], [-121.02749400030565, 38.502523000305885], [-121.02764300026858, 38.50082599977764], [-121.02769299959898, 38.50025999972037], [-121.02769599997204, 38.50022100002714], [-121.02770600001777, 38.500106000231824]]]}, "properties": {"GEOID": "06005", "NAME": "Amador County"}}]}