place,kind,zcta,city,latitude,longitude,zhvi,zori,date,label_dx,label_dy,note,hudSafmr,blendedRent,rentSource,hudFiscalYear
95616 Davis,zcta,95616,Davis,38.5541465,-121.7985136,584881,,2016-04-30,10,0,Zillow ZIP-level market for Davis; mapped with Census 2020 ZCTA 95616 in Yolo County.,,,,
95691 West Sacramento,zcta,95691,West Sacramento,38.6279507,-121.5932868,351995,,2016-04-30,10,0,Zillow ZIP-level market for West Sacramento; mapped with Census 2020 ZCTA 95691 in Yolo County.,,,,
95695 Woodland,zcta,95695,Woodland,38.6940377,-121.8529316,313112,,2016-04-30,10,0,Zillow ZIP-level market for Woodland; mapped with Census 2020 ZCTA 95695 in Yolo County.,,,,
95776 Woodland,zcta,95776,Woodland,38.6986923,-121.6994618,369396,,2016-04-30,10,0,Zillow ZIP-level market for Woodland; mapped with Census 2020 ZCTA 95776 in Yolo County.,,,,
95618 Davis,zcta,95618,Davis,38.5430194,-121.6905376,589087,,2016-04-30,10,0,Zillow ZIP-level market for Davis; mapped with Census 2020 ZCTA 95618 in Yolo County.,,,,
95605 West Sacramento,zcta,95605,West Sacramento,38.5935212,-121.539867,214036,,2016-04-30,10,0,Zillow ZIP-level market for West Sacramento; mapped with Census 2020 ZCTA 95605 in Yolo County.,,,,
95694 Winters,zcta,95694,Winters,38.5716604,-122.0641679,377575,,2016-04-30,10,0,Zillow ZIP-level market for Winters; mapped with Census 2020 ZCTA 95694 in Yolo County.,,,,
95627 Esparto,zcta,95627,Esparto,38.7345127,-122.0253459,276396,,2016-04-30,10,0,Zillow ZIP-level market for Esparto; mapped with Census 2020 ZCTA 95627 in Yolo County.,,,,
95612 Clarksburg,zcta,95612,Clarksburg,38.3847062,-121.5787214,587429,,2016-04-30,10,0,Zillow ZIP-level market for Clarksburg; mapped with Census 2020 ZCTA 95612 in Yolo County.,,,,
95645 Knights Landing,zcta,95645,Knights Landing,38.8940348,-121.7968077,250728,,2016-04-30,10,0,Zillow ZIP-level market for Knights Landing; mapped with Census 2020 ZCTA 95645 in Yolo County.,,,,
95937 Woodland,zcta,95937,Woodland,38.8840651,-121.9984849,282756,,2016-04-30,10,0,Zillow ZIP-level market for Woodland; mapped with Census 2020 ZCTA 95937 in Yolo County.,,,,
95616 Davis,zcta,95616,Davis,38.5541465,-121.7985136,590145,,2016-05-31,10,0,Zillow ZIP-level market for Davis; mapped with Census 2020 ZCTA 95616 in Yolo County.,,,,
95691 West Sacramento,zcta,95691,West Sacramento,38.6279507,-121.5932868,356342,,2016-05-31,10,0,Zillow ZIP-level market for West Sacramento; mapped with Census 2020 ZCTA 95691 in Yolo County.,,,,
95695 Woodland,zcta,95695,Woodland,38.6940377,-121.8529316,317369,,2016-05-31,10,0,Zillow ZIP-level market for Woodland; mapped with Census 2020 ZCTA 95695 in Yolo County.,,,,
95776 Woodland,zcta,95776,Woodland,38.6986923,-121.6994618,373517,,2016-05-31,10,0,Zillow ZIP-level market for Woodland; mapped with Census 2020 ZCTA 95776 in Yolo County.,,,,
95618 Davis,zcta,95618,Davis,38.5430194,-121.6905376,593411,,2016-05-31,10,0,Zillow ZIP-level market for Davis; mapped with Census 2020 ZCTA 95618 in Yolo County.,,,,
95605 West Sacramento,zcta,95605,West Sacramento,38.5935212,-121.539867,218507,,2016-05-31,10,0,Zillow ZIP-level market for West Sacramento; mapped with Census 2020 ZCTA 95605 in Yolo County.,,,,
95694 Winters,zcta,95694,Winters,38.5716604,-122.0641679,382720,,2016-05-31,10,0,Zillow ZIP-level market for Winters; mapped with Census 2020 ZCTA 95694 in Yolo County.,,,,
95627 Esparto,zcta,95627,Esparto,38.7345127,-122.0253459,280987,,2016-05-31,10,0,Zillow ZIP-level market for Esparto; mapped with Census 2020 ZCTA 95627 in Yolo County.,,,,
95612 Clarksburg,zcta,95612,Clarksburg,38.3847062,-121.5787214,591050,,2016-05-31,10,0,Zillow ZIP-level market for Clarksburg; mapped with Census 2020 ZCTA 95612 in Yolo County.,,,,
95645 Knights Landing,zcta,95645,Knights Landing,38.8940348,-121.7968077,254909,,2016-05-31,10,0,Zillow ZIP-level market for Knights Landing; mapped with Census 2020 ZCTA 95645 in Yolo County.,,,,
95937 Woodland,zcta,95937,Woodland,38.8840651,-121.9984849,289223,,2016-05-31,10,0,Zillow ZIP-level market for Woodland; mapped with Census 2020 ZCTA 95937 in Yolo County.,,,,
95616 Davis,zcta,95616,Davis,38.5541465,-121.7985136,594095,,2016-06-30,10,0,Zillow ZIP-level market for Davis; mapped with Census 2020 ZCTA 95616 in Yolo County.,,,,
95691 West Sacramento,zcta,95691,West Sacramento,38.6279507,-121.5932868,360132,,2016-06-30,10,0,Zillow ZIP-level market for West Sacramento; mapped with Census 2020 ZCTA 95691 in Yolo County.,,,,
95695 Woodland,zcta,95695,Woodland,38.6940377,-121.8529316,321468,,2016-06-30,10,0,Zillow ZIP-level market for Woodland; mapped with Census 2020 ZCTA 95695 in Yolo County.,,,,
95776 Woodland,zcta,95776,Woodland,38.6986923,-121.6994618,377257,,2016-06-30,10,0,Zillow ZIP-level market for Woodland; mapped with Census 2020 ZCTA 95776 in Yolo County.,,,,
95618 Davis,zcta,95618,Davis,38.5430194,-121.6905376,596853,,2016-06-30,10,0,Zillow ZIP-level market for Davis; mapped with Census 2020 ZCTA 95618 in Yolo County.,,,,
95605 West Sacramento,zcta,95605,West Sacramento,38.5935212,-121.539867,222336,,2016-06-30,10,0,Zillow ZIP-level market for West Sacramento; mapped with Census 2020 ZCTA 95605 in Yolo County.,,,,
95694 Winters,zcta,95694,Winters,38.5716604,-122.0641679,387648,,2016-06-30,10,0,Zillow ZIP-level market for Winters; mapped with Census 2020 ZCTA 95694 in Yolo County.,,,,
95627 Esparto,zcta,95627,Esparto,38.7345127,-122.0253459,285028,,2016-06-30,10,0,Zillow ZIP-level market for Esparto; mapped with Census 2020 ZCTA 95627 in Yolo County.,,,,
95612 Clarksburg,zcta,95612,Clarksburg,38.3847062,-121.5787214,594413,,2016-06-30,10,0,Zillow ZIP-level market for Clarksburg; mapped with Census 2020 ZCTA 95612 in Yolo County.,,,,
95645 Knights Landing,zcta,95645,Knights Landing,38.8940348,-121.7968077,259575,,2016-06-30,10,0,Zillow ZIP-level market for Knights Landing; mapped with Census 2020 ZCTA 95645 in Yolo County.,,,,
95937 Woodland,zcta,95937,Woodland,38.8840651,-121.9984849,295994,,2016-06-30,10,0,Zillow ZIP-level market for Woodland; mapped with Census 2020 ZCTA 95937 in Yolo County.,,,,
95616 Davis,zcta,95616,Davis,38.5541465,-121.7985136,597666,,2016-07-31,10,0,Zillow ZIP-level market for Davis; mapped with Census 2020 ZCTA 95616 in Yolo County.,,,,
95691 West Sacramento,zcta,95691,West Sacramento,38.6279507,-121.5932868,363636,,2016-07-31,10,0,Zillow ZIP-level market for West Sacramento; mapped with Census 2020 ZCTA 95691 in Yolo County.,,,,
95695 Woodland,zcta,95695,Woodland,38.6940377,-121.8529316,325527,,2016-07-31,10,0,Zillow ZIP-level market for Woodland; mapped with Census 2020 ZCTA 95695 in Yolo County.,,,,
95776 Woodland,zcta,95776,Woodland,38.6986923,-121.6994618,380199,,2016-07-31,10,0,Zillow ZIP-level market for Woodland; mapped with Census 2020 ZCTA 95776 in Yolo County.,,,,
95618 Davis,zcta,95618,Davis,38.5430194,-121.6905376,600114,,2016-07-31,10,0,Zillow ZIP-level market for Davis; mapped with Census 2020 ZCTA 95618 in Yolo County.,,,,
95605 West Sacramento,zcta,95605,West Sacramento,38.5935212,-121.539867,225996,,2016-07-31,10,0,Zillow ZIP-level market for West Sacramento; mapped with Census 2020 ZCTA 95605 in Yolo County.,,,,
95694 Winters,zcta,95694,Winters,38.5716604,-122.0641679,392141,,2016-07-31,10,0,Zillow ZIP-level market for Winters; mapped with Census 2020 ZCTA 95694 in Yolo County.,,,,
95627 Esparto,zcta,95627,Esparto,38.7345127,-122.0253459,287515,,2016-07-31,10,0,Zillow ZIP-level market for Esparto; mapped with Census 2020 ZCTA 95627 in Yolo County.,,,,
95612 Clarksburg,zcta,95612,Clarksburg,38.3847062,-121.5787214,596881,,2016-07-31,10,0,Zillow ZIP-level market for Clarksburg; mapped with Census 2020 ZCTA 95612 in Yolo County.,,,,
95645 Knights Landing,zcta,95645,Knights Landing,38.8940348,-121.7968077,263722,,2016-07-31,10,0,Zillow ZIP-level market for Knights Landing; mapped with Census 2020 ZCTA 95645 in Yolo County.,,,,
95937 Woodland,zcta,95937,Woodland,38.8840651,-121.9984849,301575,,2016-07-31,10,0,Zillow ZIP-level market for Woodland; mapped with Census 2020 ZCTA 95937 in Yolo County.,,,,
95616 Davis,zcta,95616,Davis,38.5541465,-121.7985136,600919,,2016-08-31,10,0,Zillow ZIP-level market for Davis; mapped with Census 2020 ZCTA 95616 in Yolo County.,,,,
95691 West Sacramento,zcta,95691,West Sacramento,38.6279507,-121.5932868,366876,,2016-08-31,10,0,Zillow ZIP-level market for West Sacramento; mapped with Census 2020 ZCTA 95691 in Yolo County.,,,,
95695 Woodland,zcta,95695,Woodland,38.6940377,-121.8529316,329440,,2016-08-31,10,0,Zillow ZIP-level market for Woodland; mapped with Census 2020 ZCTA 95695 in Yolo County.,,,,
95776 Woodland,zcta,95776,Woodland,38.6986923,-121.6994618,382813,,2016-08-31,10,0,Zillow ZIP-level market for Woodland; mapped with Census 2020 ZCTA 95776 in Yolo County.,,,,
95618 Davis,zcta,95618,Davis,38.5430194,-121.6905376,603527,,2016-08-31,10,0,Zillow ZIP-level market for Davis; mapped with Census 2020 ZCTA 95618 in Yolo County.,,,,
95605 West Sacramento,zcta,95605,West Sacramento,38.5935212,-121.539867,229389,,2016-08-31,10,0,Zillow ZIP-level market for West Sacramento; mapped with Census 2020 ZCTA 95605 in Yolo County.,,,,
95694 Winters,zcta,95694,Winters,38.5716604,-122.0641679,397604,,2016-08-31,10,0,Zillow ZIP-level market for Winters; mapped with Census 2020 ZCTA 95694 in Yolo County.,,,,
95627 Esparto,zcta,95627,Esparto,38.7345127,-122.0253459,289057,,2016-08-31,10,0,Zillow ZIP-level market for Esparto; mapped with Census 2020 ZCTA 95627 in Yolo County.,,,,
95612 Clarksburg,zcta,95612,Clarksburg,38.3847062,-121.5787214,600109,,2016-08-31,10,0,Zillow ZIP-level market for Clarksburg; mapped with Census 2020 ZCTA 95612 in Yolo County.,,,,
95645 Knights Landing,zcta,95645,Knights Landing,38.8940348,-121.7968077,267370,,2016-08-31,10,0,Zillow ZIP-level market for Knights Landing; mapped with Census 2020 ZCTA 95645 in Yolo County.,,,,
95937 Woodland,zcta,95937,Woodland,38.8840651,-121.9984849,305061,,2016-08-31,10,0,Zillow ZIP-level market for Woodland; mapped with Census 2020 ZCTA 95937 in Yolo County.,,,,
95616 Davis,zcta,95616,Davis,38.5541465,-121.7985136,604327,,2016-09-30,10,0,Zillow ZIP-level market for Davis; mapped with Census 2020 ZCTA 95616 in Yolo County.,,,,
95691 West Sacramento,zcta,95691,West Sacramento,38.6279507,-121.5932868,369988,,2016-09-30,10,0,Zillow ZIP-level market for West Sacramento; mapped with Census 2020 ZCTA 95691 in Yolo County.,,,,
95695 Woodland,zcta,95695,Woodland,38.6940377,-121.8529316,332827,,2016-09-30,10,0,Zillow ZIP-level market for Woodland; mapped with Census 2020 ZCTA 95695 in Yolo County.,,,,
95776 Woodland,zcta,95776,Woodland,38.6986923,-121.6994618,385123,,2016-09-30,10,0,Zillow ZIP-level market for Woodland; mapped with Census 2020 ZCTA 95776 in Yolo County.,,,,
95618 Davis,zcta,95618,Davis,38.5430194,-121.6905376,607141,,2016-09-30,10,0,Zillow ZIP-level market for Davis; mapped with Census 2020 ZCTA 95618 in Yolo County.,,,,
95605 West Sacramento,zcta,95605,West Sacramento,38.5935212,-121.539867,232585,,2016-09-30,10,0,Zillow ZIP-level market for West Sacramento; mapped with Census 2020 ZCTA 95605 in Yolo County.,,,,
95694 Winters,zcta,95694,Winters,38.5716604,-122.0641679,402280,,2016-09-30,10,0,Zillow ZIP-level market for Winters; mapped with Census 2020 ZCTA 95694 in Yolo County.,,,,
95627 Esparto,zcta,95627,Esparto,38.7345127,-122.0253459,289113,,2016-09-30,10,0,Zillow ZIP-level market for Esparto; mapped with Census 2020 ZCTA 95627 in Yolo County.,,,,
95612 Clarksburg,zcta,95612,Clarksburg,38.3847062,-121.5787214,603322,,2016-09-30,10,0,Zillow ZIP-level market for Clarksburg; mapped with Census 2020 ZCTA 95612 in Yolo County.,,,,
95645 Knights Landing,zcta,95645,Knights Landing,38.8940348,-121.7968077,270143,,2016-09-30,10,0,Zillow ZIP-level market for Knights Landing; mapped with Census 2020 ZCTA 95645 in Yolo County.,,,,
95937 Woodland,zcta,95937,Woodland,38.8840651,-121.9984849,305179,,2016-09-30,10,0,Zillow ZIP-level market for Woodland; mapped with Census 2020 ZCTA 95937 in Yolo County.,,,,
95616 Davis,zcta,95616,Davis,38.5541465,-121.7985136,607711,,2016-10-31,10,0,Zillow ZIP-level market for Davis; mapped with Census 2020 ZCTA 95616 in Yolo County.,,,,
95691 West Sacramento,zcta,95691,West Sacramento,38.6279507,-121.5932868,372943,,2016-10-31,10,0,Zillow ZIP-level market for West Sacramento; mapped with Census 2020 ZCTA 95691 in Yolo County.,,,,
95695 Woodland,zcta,95695,Woodland,38.6940377,-121.8529316,335535,,2016-10-31,10,0,Zillow ZIP-level market for Woodland; mapped with Census 2020 ZCTA 95695 in Yolo County.,,,,
95776 Woodland,zcta,95776,Woodland,38.6986923,-121.6994618,387788,,2016-10-31,10,0,Zillow ZIP-level market for Woodland; mapped with Census 2020 ZCTA 95776 in Yolo County.,,,,
95618 Davis,zcta,95618,Davis,38.5430194,-121.6905376,610468,,2016-10-31,10,0,Zillow ZIP-level market for Davis; mapped with Census 2020 ZCTA 95618 in Yolo County.,,,,
95605 West Sacramento,zcta,95605,West Sacramento,38.5935212,-121.539867,235395,,2016-10-31,10,0,Zillow ZIP-level market for West Sacramento; mapped with Census 2020 ZCTA 95605 in Yolo County.,,,,
95694 Winters,zcta,95694,Winters,38.5716604,-122.0641679,406640,,2016-10-31,10,0,Zillow ZIP-level market for Winters; mapped with Census 2020 ZCTA 95694 in Yolo County.,,,,
95627 Esparto,zcta,95627,Esparto,38.7345127,-122.0253459,289431,,2016-10-31,10,0,Zillow ZIP-level market for Esparto; mapped with Census 2020 ZCTA 95627 in Yolo County.,,,,
95612 Clarksburg,zcta,95612,Clarksburg,38.3847062,-121.5787214,610376,,2016-10-31,10,0,Zillow ZIP-level market for Clarksburg; mapped with Census 2020 ZCTA 95612 in Yolo County.,,,,
95645 Knights Landing,zcta,95645,Knights Landing,38.8940348,-121.7968077,271640,,2016-10-31,10,0,Zillow ZIP-level market for Knights Landing; mapped with Census 2020 ZCTA 95645 in Yolo County.,,,,
95937 Woodland,zcta,95937,Woodland,38.8840651,-121.9984849,305679,,2016-10-31,10,0,Zillow ZIP-level market for Woodland; mapped with Census 2020 ZCTA 95937 in Yolo County.,,,,
95616 Davis,zcta,95616,Davis,38.5541465,-121.7985136,612351,,2016-11-30,10,0,Zillow ZIP-level market for Davis; mapped with Census 2020 ZCTA 95616 in Yolo County.,,,,
95691 West Sacramento,zcta,95691,West Sacramento,38.6279507,-121.5932868,376054,,2016-11-30,10,0,Zillow ZIP-level market for West Sacramento; mapped with Census 2020 ZCTA 95691 in Yolo County.,,,,
95695 Woodland,zcta,95695,Woodland,38.6940377,-121.8529316,338259,,2016-11-30,10,0,Zillow ZIP-level market for Woodland; mapped with Census 2020 ZCTA 95695 in Yolo County.,,,,
95776 Woodland,zcta,95776,Woodland,38.6986923,-121.6994618,390937,,2016-11-30,10,0,Zillow ZIP-level market for Woodland; mapped with Census 2020 ZCTA 95776 in Yolo County.,,,,
95618 Davis,zcta,95618,Davis,38.5430194,-121.6905376,614385,,2016-11-30,10,0,Zillow ZIP-level market for Davis; mapped with Census 2020 ZCTA 95618 in Yolo County.,,,,
95605 West Sacramento,zcta,95605,West Sacramento,38.5935212,-121.539867,238469,,2016-11-30,10,0,Zillow ZIP-level market for West Sacramento; mapped with Census 2020 ZCTA 95605 in Yolo County.,,,,
95694 Winters,zcta,95694,Winters,38.5716604,-122.0641679,410472,,2016-11-30,10,0,Zillow ZIP-level market for Winters; mapped with Census 2020 ZCTA 95694 in Yolo County.,,,,
95627 Esparto,zcta,95627,Esparto,38.7345127,-122.0253459,290856,,2016-11-30,10,0,Zillow ZIP-level market for Esparto; mapped with Census 2020 ZCTA 95627 in Yolo County.,,,,
95612 Clarksburg,zcta,95612,Clarksburg,38.3847062,-121.5787214,620211,,2016-11-30,10,0,Zillow ZIP-level market for Clarksburg; mapped with Census 2020 ZCTA 95612 in Yolo County.,,,,
95645 Knights Landing,zcta,95645,Knights Landing,38.8940348,-121.7968077,273737,,2016-11-30,10,0,Zillow ZIP-level market for Knights Landing; mapped with Census 2020 ZCTA 95645 in Yolo County.,,,,
95937 Woodland,zcta,95937,Woodland,38.8840651,-121.9984849,307913,,2016-11-30,10,0,Zillow ZIP-level market for Woodland; mapped with Census 2020 ZCTA 95937 in Yolo County.,,,,
95616 Davis,zcta,95616,Davis,38.5541465,-121.7985136,618177,,2016-12-31,10,0,Zillow ZIP-level market for Davis; mapped with Census 2020 ZCTA 95616 in Yolo County.,,,,
95691 West Sacramento,zcta,95691,West Sacramento,38.6279507,-121.5932868,379661,,2016-12-31,10,0,Zillow ZIP-level market for West Sacramento; mapped with Census 2020 ZCTA 95691 in Yolo County.,,,,
95695 Woodland,zcta,95695,Woodland,38.6940377,-121.8529316,341429,,2016-12-31,10,0,Zillow ZIP-level market for Woodland; mapped with Census 2020 ZCTA 95695 in Yolo County.,,,,
95776 Woodland,zcta,95776,Woodland,38.6986923,-121.6994618,394614,,2016-12-31,10,0,Zillow ZIP-level market for Woodland; mapped with Census 2020 ZCTA 95776 in Yolo County.,,,,
95618 Davis,zcta,95618,Davis,38.5430194,-121.6905376,618941,,2016-12-31,10,0,Zillow ZIP-level market for Davis; mapped with Census 2020 ZCTA 95618 in Yolo County.,,,,
95605 West Sacramento,zcta,95605,West Sacramento,38.5935212,-121.539867,241957,,2016-12-31,10,0,Zillow ZIP-level market for West Sacramento; mapped with Census 2020 ZCTA 95605 in Yolo County.,,,,
95694 Winters,zcta,95694,Winters,38.5716604,-122.0641679,415165,,2016-12-31,10,0,Zillow ZIP-level market for Winters; mapped with Census 2020 ZCTA 95694 in Yolo County.,,,,
95627 Esparto,zcta,95627,Esparto,38.7345127,-122.0253459,294182,,2016-12-31,10,0,Zillow ZIP-level market for Esparto; mapped with Census 2020 ZCTA 95627 in Yolo County.,,,,
95612 Clarksburg,zcta,95612,Clarksburg,38.3847062,-121.5787214,634319,,2016-12-31,10,0,Zillow ZIP-level market for Clarksburg; mapped with Census 2020 ZCTA 95612 in Yolo County.,,,,
95645 Knights Landing,zcta,95645,Knights Landing,38.8940348,-121.7968077,276389,,2016-12-31,10,0,Zillow ZIP-level market for Knights Landing; mapped with Census 2020 ZCTA 95645 in Yolo County.,,,,
95937 Woodland,zcta,95937,Woodland,38.8840651,-121.9984849,312091,,2016-12-31,10,0,Zillow ZIP-level market for Woodland; mapped with Census 2020 ZCTA 95937 in Yolo County.,,,,
95616 Davis,zcta,95616,Davis,38.5541465,-121.7985136,624741,,2017-01-31,10,0,Zillow ZIP-level market for Davis; mapped with Census 2020 ZCTA 95616 in Yolo County.,,,,
95691 West Sacramento,zcta,95691,West Sacramento,38.6279507,-121.5932868,383392,,2017-01-31,10,0,Zillow ZIP-level market for West Sacramento; mapped with Census 2020 ZCTA 95691 in Yolo County.,,,,
95695 Woodland,zcta,95695,Woodland,38.6940377,-121.8529316,345487,,2017-01-31,10,0,Zillow ZIP-level market for Woodland; mapped with Census 2020 ZCTA 95695 in Yolo County.,,,,
95776 Woodland,zcta,95776,Woodland,38.6986923,-121.6994618,398353,,2017-01-31,10,0,Zillow ZIP-level market for Woodland; mapped with Census 2020 ZCTA 95776 in Yolo County.,,,,
95618 Davis,zcta,95618,Davis,38.5430194,-121.6905376,623865,,2017-01-31,10,0,Zillow ZIP-level market for Davis; mapped with Census 2020 ZCTA 95618 in Yolo County.,,,,
95605 West Sacramento,zcta,95605,West Sacramento,38.5935212,-121.539867,246196,,2017-01-31,10,0,Zillow ZIP-level market for West Sacramento; mapped with Census 2020 ZCTA 95605 in Yolo County.,,,,
95694 Winters,zcta,95694,Winters,38.5716604,-122.0641679,418935,,2017-01-31,10,0,Zillow ZIP-level market for Winters; mapped with Census 2020 ZCTA 95694 in Yolo County.,,,,
95627 Esparto,zcta,95627,Esparto,38.7345127,-122.0253459,298272,,2017-01-31,10,0,Zillow ZIP-level market for Esparto; mapped with Census 2020 ZCTA 95627 in Yolo County.,,,,
95612 Clarksburg,zcta,95612,Clarksburg,38.3847062,-121.5787214,644020,,2017-01-31,10,0,Zillow ZIP-level market for Clarksburg; mapped with Census 2020 ZCTA 95612 in Yolo County.,,,,
95645 Knights Landing,zcta,95645,Knights Landing,38.8940348,-121.7968077,278356,,2017-01-31,10,0,Zillow ZIP-level market for Knights Landing; mapped with Census 2020 ZCTA 95645 in Yolo County.,,,,
95937 Woodland,zcta,95937,Woodland,38.8840651,-121.9984849,316611,,2017-01-31,10,0,Zillow ZIP-level market for Woodland; mapped with Census 2020 ZCTA 95937 in Yolo County.,,,,
95616 Davis,zcta,95616,Davis,38.5541465,-121.7985136,629988,,2017-02-28,10,0,Zillow ZIP-level market for Davis; mapped with Census 2020 ZCTA 95616 in Yolo County.,,,,
95691 West Sacramento,zcta,95691,West Sacramento,38.6279507,-121.5932868,386649,,2017-02-28,10,0,Zillow ZIP-level market for West Sacramento; mapped with Census 2020 ZCTA 95691 in Yolo County.,,,,
95695 Woodland,zcta,95695,Woodland,38.6940377,-121.8529316,348831,,2017-02-28,10,0,Zillow ZIP-level market for Woodland; mapped with Census 2020 ZCTA 95695 in Yolo County.,,,,
95776 Woodland,zcta,95776,Woodland,38.6986923,-121.6994618,401317,,2017-02-28,10,0,Zillow ZIP-level market for Woodland; mapped with Census 2020 ZCTA 95776 in Yolo County.,,,,
95618 Davis,zcta,95618,Davis,38.5430194,-121.6905376,627363,,2017-02-28,10,0,Zillow ZIP-level market for Davis; mapped with Census 2020 ZCTA 95618 in Yolo County.,,,,
95605 West Sacramento,zcta,95605,West Sacramento,38.5935212,-121.539867,250063,,2017-02-28,10,0,Zillow ZIP-level market for West Sacramento; mapped with Census 2020 ZCTA 95605 in Yolo County.,,,,
95694 Winters,zcta,95694,Winters,38.5716604,-122.0641679,421611,,2017-02-28,10,0,Zillow ZIP-level market for Winters; mapped with Census 2020 ZCTA 95694 in Yolo County.,,,,
95627 Esparto,zcta,95627,Esparto,38.7345127,-122.0253459,302496,,2017-02-28,10,0,Zillow ZIP-level market for Esparto; mapped with Census 2020 ZCTA 95627 in Yolo County.,,,,
95612 Clarksburg,zcta,95612,Clarksburg,38.3847062,-121.5787214,649147,,2017-02-28,10,0,Zillow ZIP-level market for Clarksburg; mapped with Census 2020 ZCTA 95612 in Yolo County.,,,,
95645 Knights Landing,zcta,95645,Knights Landing,38.8940348,-121.7968077,279686,,2017-02-28,10,0,Zillow ZIP-level market for Knights Landing; mapped with Census 2020 ZCTA 95645 in Yolo County.,,,,
95937 Woodland,zcta,95937,Woodland,38.8840651,-121.9984849,320874,,2017-02-28,10,0,Zillow ZIP-level market for Woodland; mapped with Census 2020 ZCTA 95937 in Yolo County.,,,,
95637 Brooks,zcta,95637,Brooks,38.8530151,-122.2728699,466636,,2017-02-28,10,0,Zillow ZIP-level market for Brooks; mapped with Census 2020 ZCTA 95637 in Yolo County.,,,,
95653 Madison,zcta,95653,Madison,38.697075,-121.978414,228783,,2017-02-28,10,0,Zillow ZIP-level market for Madison; mapped with Census 2020 ZCTA 95653 in Yolo County.,,,,
95616 Davis,zcta,95616,Davis,38.5541465,-121.7985136,633664,,2017-03-31,10,0,Zillow ZIP-level market for Davis; mapped with Census 2020 ZCTA 95616 in Yolo County.,,,,
95691 West Sacramento,zcta,95691,West Sacramento,38.6279507,-121.5932868,389449,,2017-03-31,10,0,Zillow ZIP-level market for West Sacramento; mapped with Census 2020 ZCTA 95691 in Yolo County.,,,,
95695 Woodland,zcta,95695,Woodland,38.6940377,-121.8529316,352053,,2017-03-31,10,0,Zillow ZIP-level market for Woodland; mapped with Census 2020 ZCTA 95695 in Yolo County.,,,,
95776 Woodland,zcta,95776,Woodland,38.6986923,-121.6994618,404244,,2017-03-31,10,0,Zillow ZIP-level market for Woodland; mapped with Census 2020 ZCTA 95776 in Yolo County.,,,,
95618 Davis,zcta,95618,Davis,38.5430194,-121.6905376,629968,,2017-03-31,10,0,Zillow ZIP-level market for Davis; mapped with Census 2020 ZCTA 95618 in Yolo County.,,,,
95605 West Sacramento,zcta,95605,West Sacramento,38.5935212,-121.539867,254015,,2017-03-31,10,0,Zillow ZIP-level market for West Sacramento; mapped with Census 2020 ZCTA 95605 in Yolo County.,,,,
95694 Winters,zcta,95694,Winters,38.5716604,-122.0641679,422928,,2017-03-31,10,0,Zillow ZIP-level market for Winters; mapped with Census 2020 ZCTA 95694 in Yolo County.,,,,
95627 Esparto,zcta,95627,Esparto,38.7345127,-122.0253459,306072,,2017-03-31,10,0,Zillow ZIP-level market for Esparto; mapped with Census 2020 ZCTA 95627 in Yolo County.,,,,
95612 Clarksburg,zcta,95612,Clarksburg,38.3847062,-121.5787214,648641,,2017-03-31,10,0,Zillow ZIP-level market for Clarksburg; mapped with Census 2020 ZCTA 95612 in Yolo County.,,,,
95645 Knights Landing,zcta,95645,Knights Landing,38.8940348,-121.7968077,280280,,2017-03-31,10,0,Zillow ZIP-level market for Knights Landing; mapped with Census 2020 ZCTA 95645 in Yolo County.,,,,
95937 Woodland,zcta,95937,Woodland,38.8840651,-121.9984849,325403,,2017-03-31,10,0,Zillow ZIP-level market for Woodland; mapped with Census 2020 ZCTA 95937 in Yolo County.,,,,
95637 Brooks,zcta,95637,Brooks,38.8530151,-122.2728699,466472,,2017-03-31,10,0,Zillow ZIP-level market for Brooks; mapped with Census 2020 ZCTA 95637 in Yolo County.,,,,
95653 Madison,zcta,95653,Madison,38.697075,-121.978414,229012,,2017-03-31,10,0,Zillow ZIP-level market for Madison; mapped with Census 2020 ZCTA 95653 in Yolo County.,,,,
95616 Davis,zcta,95616,Davis,38.5541465,-121.7985136,635731,,2017-04-30,10,0,Zillow ZIP-level market for Davis; mapped with Census 2020 ZCTA 95616 in Yolo County.,,,,
95691 West Sacramento,zcta,95691,West Sacramento,38.6279507,-121.5932868,391374,,2017-04-30,10,0,Zillow ZIP-level market for West Sacramento; mapped with Census 2020 ZCTA 95691 in Yolo County.,,,,
95695 Woodland,zcta,95695,Woodland,38.6940377,-121.8529316,353916,,2017-04-30,10,0,Zillow ZIP-level market for Woodland; mapped with Census 2020 ZCTA 95695 in Yolo County.,,,,
95776 Woodland,zcta,95776,Woodland,38.6986923,-121.6994618,406464,,2017-04-30,10,0,Zillow ZIP-level market for Woodland; mapped with Census 2020 ZCTA 95776 in Yolo County.,,,,
95618 Davis,zcta,95618,Davis,38.5430194,-121.6905376,631152,,2017-04-30,10,0,Zillow ZIP-level market for Davis; mapped with Census 2020 ZCTA 95618 in Yolo County.,,,,
95605 West Sacramento,zcta,95605,West Sacramento,38.5935212,-121.539867,256876,,2017-04-30,10,0,Zillow ZIP-level market for West Sacramento; mapped with Census 2020 ZCTA 95605 in Yolo County.,,,,
95694 Winters,zcta,95694,Winters,38.5716604,-122.0641679,423932,,2017-04-30,10,0,Zillow ZIP-level market for Winters; mapped with Census 2020 ZCTA 95694 in Yolo County.,,,,
95627 Esparto,zcta,95627,Esparto,38.7345127,-122.0253459,308088,,2017-04-30,10,0,Zillow ZIP-level market for Esparto; mapped with Census 2020 ZCTA 95627 in Yolo County.,,,,
95612 Clarksburg,zcta,95612,Clarksburg,38.3847062,-121.5787214,648311,,2017-04-30,10,0,Zillow ZIP-level market for Clarksburg; mapped with Census 2020 ZCTA 95612 in Yolo County.,,,,
95645 Knights Landing,zcta,95645,Knights Landing,38.8940348,-121.7968077,281554,,2017-04-30,10,0,Zillow ZIP-level market for Knights Landing; mapped with Census 2020 ZCTA 95645 in Yolo County.,,,,
95937 Woodland,zcta,95937,Woodland,38.8840651,-121.9984849,328425,,2017-04-30,10,0,Zillow ZIP-level market for Woodland; mapped with Census 2020 ZCTA 95937 in Yolo County.,,,,
95637 Brooks,zcta,95637,Brooks,38.8530151,-122.2728699,467013,,2017-04-30,10,0,Zillow ZIP-level market for Brooks; mapped with Census 2020 ZCTA 95637 in Yolo County.,,,,
95653 Madison,zcta,95653,Madison,38.697075,-121.978414,229205,,2017-04-30,10,0,Zillow ZIP-level market for Madison; mapped with Census 2020 ZCTA 95653 in Yolo County.,,,,
95616 Davis,zcta,95616,Davis,38.5541465,-121.7985136,636954,,2017-05-31,10,0,Zillow ZIP-level market for Davis; mapped with Census 2020 ZCTA 95616 in Yolo County.,,,,
95691 West Sacramento,zcta,95691,West Sacramento,38.6279507,-121.5932868,393066,,2017-05-31,10,0,Zillow ZIP-level market for West Sacramento; mapped with Census 2020 ZCTA 95691 in Yolo County.,,,,
95695 Woodland,zcta,95695,Woodland,38.6940377,-121.8529316,355418,,2017-05-31,10,0,Zillow ZIP-level market for Woodland; mapped with Census 2020 ZCTA 95695 in Yolo County.,,,,
95776 Woodland,zcta,95776,Woodland,38.6986923,-121.6994618,408112,,2017-05-31,10,0,Zillow ZIP-level market for Woodland; mapped with Census 2020 ZCTA 95776 in Yolo County.,,,,
95618 Davis,zcta,95618,Davis,38.5430194,-121.6905376,632282,,2017-05-31,10,0,Zillow ZIP-level market for Davis; mapped with Census 2020 ZCTA 95618 in Yolo County.,,,,
95605 West Sacramento,zcta,95605,West Sacramento,38.5935212,-121.539867,260119,,2017-05-31,10,0,Zillow ZIP-level market for West Sacramento; mapped with Census 2020 ZCTA 95605 in Yolo County.,,,,
95694 Winters,zcta,95694,Winters,38.5716604,-122.0641679,424551,,2017-05-31,10,0,Zillow ZIP-level market for Winters; mapped with Census 2020 ZCTA 95694 in Yolo County.,,,,
95627 Esparto,zcta,95627,Esparto,38.7345127,-122.0253459,309985,,2017-05-31,10,0,Zillow ZIP-level market for Esparto; mapped with Census 2020 ZCTA 95627 in Yolo County.,,,,
95612 Clarksburg,zcta,95612,Clarksburg,38.3847062,-121.5787214,645369,,2017-05-31,10,0,Zillow ZIP-level market for Clarksburg; mapped with Census 2020 ZCTA 95612 in Yolo County.,,,,
95645 Knights Landing,zcta,95645,Knights Landing,38.8940348,-121.7968077,282265,,2017-05-31,10,0,Zillow ZIP-level market for Knights Landing; mapped with Census 2020 ZCTA 95645 in Yolo County.,,,,
95937 Woodland,zcta,95937,Woodland,38.8840651,-121.9984849,329704,,2017-05-31,10,0,Zillow ZIP-level market for Woodland; mapped with Census 2020 ZCTA 95937 in Yolo County.,,,,
95637 Brooks,zcta,95637,Brooks,38.8530151,-122.2728699,467150,,2017-05-31,10,0,Zillow ZIP-level market for Brooks; mapped with Census 2020 ZCTA 95637 in Yolo County.,,,,
95653 Madison,zcta,95653,Madison,38.697075,-121.978414,230109,,2017-05-31,10,0,Zillow ZIP-level market for Madison; mapped with Census 2020 ZCTA 95653 in Yolo County.,,,,
95616 Davis,zcta,95616,Davis,38.5541465,-121.7985136,638934,,2017-06-30,10,0,Zillow ZIP-level market for Davis; mapped with Census 2020 ZCTA 95616 in Yolo County.,,,,
95691 West Sacramento,zcta,95691,West Sacramento,38.6279507,-121.5932868,394852,,2017-06-30,10,0,Zillow ZIP-level market for West Sacramento; mapped with Census 2020 ZCTA 95691 in Yolo County.,,,,
95695 Woodland,zcta,95695,Woodland,38.6940377,-121.8529316,356663,,2017-06-30,10,0,Zillow ZIP-level market for Woodland; mapped with Census 2020 ZCTA 95695 in Yolo County.,,,,
95776 Woodland,zcta,95776,Woodland,38.6986923,-121.6994618,409377,,2017-06-30,10,0,Zillow ZIP-level market for Woodland; mapped with Census 2020 ZCTA 95776 in Yolo County.,,,,
95618 Davis,zcta,95618,Davis,38.5430194,-121.6905376,633652,,2017-06-30,10,0,Zillow ZIP-level market for Davis; mapped with Census 2020 ZCTA 95618 in Yolo County.,,,,
95605 West Sacramento,zcta,95605,West Sacramento,38.5935212,-121.539867,263227,,2017-06-30,10,0,Zillow ZIP-level market for West Sacramento; mapped with Census 2020 ZCTA 95605 in Yolo County.,,,,
95694 Winters,zcta,95694,Winters,38.5716604,-122.0641679,425297,,2017-06-30,10,0,Zillow ZIP-level market for Winters; mapped with Census 2020 ZCTA 95694 in Yolo County.,,,,
95627 Esparto,zcta,95627,Esparto,38.7345127,-122.0253459,312056,,2017-06-30,10,0,Zillow ZIP-level market for Esparto; mapped with Census 2020 ZCTA 95627 in Yolo County.,,,,
95612 Clarksburg,zcta,95612,Clarksburg,38.3847062,-121.5787214,643552,,2017-06-30,10,0,Zillow ZIP-level market for Clarksburg; mapped with Census 2020 ZCTA 95612 in Yolo County.,,,,
95645 Knights Landing,zcta,95645,Knights Landing,38.8940348,-121.7968077,283293,,2017-06-30,10,0,Zillow ZIP-level market for Knights Landing; mapped with Census 2020 ZCTA 95645 in Yolo County.,,,,
95937 Woodland,zcta,95937,Woodland,38.8840651,-121.9984849,330556,,2017-06-30,10,0,Zillow ZIP-level market for Woodland; mapped with Census 2020 ZCTA 95937 in Yolo County.,,,,
95637 Brooks,zcta,95637,Brooks,38.8530151,-122.2728699,467482,,2017-06-30,10,0,Zillow ZIP-level market for Brooks; mapped with Census 2020 ZCTA 95637 in Yolo County.,,,,
95653 Madison,zcta,95653,Madison,38.697075,-121.978414,231197,,2017-06-30,10,0,Zillow ZIP-level market for Madison; mapped with Census 2020 ZCTA 95653 in Yolo County.,,,,
95616 Davis,zcta,95616,Davis,38.5541465,-121.7985136,642346,,2017-07-31,10,0,Zillow ZIP-level market for Davis; mapped with Census 2020 ZCTA 95616 in Yolo County.,,,,
95691 West Sacramento,zcta,95691,West Sacramento,38.6279507,-121.5932868,396995,,2017-07-31,10,0,Zillow ZIP-level market for West Sacramento; mapped with Census 2020 ZCTA 95691 in Yolo County.,,,,
95695 Woodland,zcta,95695,Woodland,38.6940377,-121.8529316,358638,,2017-07-31,10,0,Zillow ZIP-level market for Woodland; mapped with Census 2020 ZCTA 95695 in Yolo County.,,,,
95776 Woodland,zcta,95776,Woodland,38.6986923,-121.6994618,411055,,2017-07-31,10,0,Zillow ZIP-level market for Woodland; mapped with Census 2020 ZCTA 95776 in Yolo County.,,,,
95618 Davis,zcta,95618,Davis,38.5430194,-121.6905376,636064,,2017-07-31,10,0,Zillow ZIP-level market for Davis; mapped with Census 2020 ZCTA 95618 in Yolo County.,,,,
95605 West Sacramento,zcta,95605,West Sacramento,38.5935212,-121.539867,266453,,2017-07-31,10,0,Zillow ZIP-level market for West Sacramento; mapped with Census 2020 ZCTA 95605 in Yolo County.,,,,
95694 Winters,zcta,95694,Winters,38.5716604,-122.0641679,426778,,2017-07-31,10,0,Zillow ZIP-level market for Winters; mapped with Census 2020 ZCTA 95694 in Yolo County.,,,,
95627 Esparto,zcta,95627,Esparto,38.7345127,-122.0253459,315367,,2017-07-31,10,0,Zillow ZIP-level market for Esparto; mapped with Census 2020 ZCTA 95627 in Yolo County.,,,,
95612 Clarksburg,zcta,95612,Clarksburg,38.3847062,-121.5787214,643620,,2017-07-31,10,0,Zillow ZIP-level market for Clarksburg; mapped with Census 2020 ZCTA 95612 in Yolo County.,,,,
95645 Knights Landing,zcta,95645,Knights Landing,38.8940348,-121.7968077,285480,,2017-07-31,10,0,Zillow ZIP-level market for Knights Landing; mapped with Census 2020 ZCTA 95645 in Yolo County.,,,,
95937 Woodland,zcta,95937,Woodland,38.8840651,-121.9984849,332539,,2017-07-31,10,0,Zillow ZIP-level market for Woodland; mapped with Census 2020 ZCTA 95937 in Yolo County.,,,,
95637 Brooks,zcta,95637,Brooks,38.8530151,-122.2728699,468629,,2017-07-31,10,0,Zillow ZIP-level market for Brooks; mapped with Census 2020 ZCTA 95637 in Yolo County.,,,,
95653 Madison,zcta,95653,Madison,38.697075,-121.978414,233191,,2017-07-31,10,0,Zillow ZIP-level market for Madison; mapped with Census 2020 ZCTA 95653 in Yolo County.,,,,
95616 Davis,zcta,95616,Davis,38.5541465,-121.7985136,645877,,2017-08-31,10,0,Zillow ZIP-level market for Davis; mapped with Census 2020 ZCTA 95616 in Yolo County.,,,,
95691 West Sacramento,zcta,95691,West Sacramento,38.6279507,-121.5932868,399915,,2017-08-31,10,0,Zillow ZIP-level market for West Sacramento; mapped with Census 2020 ZCTA 95691 in Yolo County.,,,,
95695 Woodland,zcta,95695,Woodland,38.6940377,-121.8529316,361778,,2017-08-31,10,0,Zillow ZIP-level market for Woodland; mapped with Census 2020 ZCTA 95695 in Yolo County.,,,,
95776 Woodland,zcta,95776,Woodland,38.6986923,-121.6994618,413993,,2017-08-31,10,0,Zillow ZIP-level market for Woodland; mapped with Census 2020 ZCTA 95776 in Yolo County.,,,,
95618 Davis,zcta,95618,Davis,38.5430194,-121.6905376,639061,,2017-08-31,10,0,Zillow ZIP-level market for Davis; mapped with Census 2020 ZCTA 95618 in Yolo County.,,,,
95605 West Sacramento,zcta,95605,West Sacramento,38.5935212,-121.539867,269103,,2017-08-31,10,0,Zillow ZIP-level market for West Sacramento; mapped with Census 2020 ZCTA 95605 in Yolo County.,,,,
95694 Winters,zcta,95694,Winters,38.5716604,-122.0641679,429616,,2017-08-31,10,0,Zillow ZIP-level market for Winters; mapped with Census 2020 ZCTA 95694 in Yolo County.,,,,
95627 Esparto,zcta,95627,Esparto,38.7345127,-122.0253459,318246,,2017-08-31,10,0,Zillow ZIP-level market for Esparto; mapped with Census 2020 ZCTA 95627 in Yolo County.,,,,
95612 Clarksburg,zcta,95612,Clarksburg,38.3847062,-121.5787214,647411,,2017-08-31,10,0,Zillow ZIP-level market for Clarksburg; mapped with Census 2020 ZCTA 95612 in Yolo County.,,,,
95645 Knights Landing,zcta,95645,Knights Landing,38.8940348,-121.7968077,288909,,2017-08-31,10,0,Zillow ZIP-level market for Knights Landing; mapped with Census 2020 ZCTA 95645 in Yolo County.,,,,
95937 Woodland,zcta,95937,Woodland,38.8840651,-121.9984849,336208,,2017-08-31,10,0,Zillow ZIP-level market for Woodland; mapped with Census 2020 ZCTA 95937 in Yolo County.,,,,
95637 Brooks,zcta,95637,Brooks,38.8530151,-122.2728699,472839,,2017-08-31,10,0,Zillow ZIP-level market for Brooks; mapped with Census 2020 ZCTA 95637 in Yolo County.,,,,
95653 Madison,zcta,95653,Madison,38.697075,-121.978414,235242,,2017-08-31,10,0,Zillow ZIP-level market for Madison; mapped with Census 2020 ZCTA 95653 in Yolo County.,,,,
95616 Davis,zcta,95616,Davis,38.5541465,-121.7985136,649804,,2017-09-30,10,0,Zillow ZIP-level market for Davis; mapped with Census 2020 ZCTA 95616 in Yolo County.,,,,
95691 West Sacramento,zcta,95691,West Sacramento,38.6279507,-121.5932868,403055,,2017-09-30,10,0,Zillow ZIP-level market for West Sacramento; mapped with Census 2020 ZCTA 95691 in Yolo County.,,,,
95695 Woodland,zcta,95695,Woodland,38.6940377,-121.8529316,364591,,2017-09-30,10,0,Zillow ZIP-level market for Woodland; mapped with Census 2020 ZCTA 95695 in Yolo County.,,,,
95776 Woodland,zcta,95776,Woodland,38.6986923,-121.6994618,417197,,2017-09-30,10,0,Zillow ZIP-level market for Woodland; mapped with Census 2020 ZCTA 95776 in Yolo County.,,,,
95618 Davis,zcta,95618,Davis,38.5430194,-121.6905376,642459,,2017-09-30,10,0,Zillow ZIP-level market for Davis; mapped with Census 2020 ZCTA 95618 in Yolo County.,,,,
95605 West Sacramento,zcta,95605,West Sacramento,38.5935212,-121.539867,271237,,2017-09-30,10,0,Zillow ZIP-level market for West Sacramento; mapped with Census 2020 ZCTA 95605 in Yolo County.,,,,
95694 Winters,zcta,95694,Winters,38.5716604,-122.0641679,432141,,2017-09-30,10,0,Zillow ZIP-level market for Winters; mapped with Census 2020 ZCTA 95694 in Yolo County.,,,,
95627 Esparto,zcta,95627,Esparto,38.7345127,-122.0253459,320493,,2017-09-30,10,0,Zillow ZIP-level market for Esparto; mapped with Census 2020 ZCTA 95627 in Yolo County.,,,,
95612 Clarksburg,zcta,95612,Clarksburg,38.3847062,-121.5787214,651654,,2017-09-30,10,0,Zillow ZIP-level market for Clarksburg; mapped with Census 2020 ZCTA 95612 in Yolo County.,,,,
95645 Knights Landing,zcta,95645,Knights Landing,38.8940348,-121.7968077,292753,,2017-09-30,10,0,Zillow ZIP-level market for Knights Landing; mapped with Census 2020 ZCTA 95645 in Yolo County.,,,,
95937 Woodland,zcta,95937,Woodland,38.8840651,-121.9984849,340872,,2017-09-30,10,0,Zillow ZIP-level market for Woodland; mapped with Census 2020 ZCTA 95937 in Yolo County.,,,,
95637 Brooks,zcta,95637,Brooks,38.8530151,-122.2728699,478546,,2017-09-30,10,0,Zillow ZIP-level market for Brooks; mapped with Census 2020 ZCTA 95637 in Yolo County.,,,,
95653 Madison,zcta,95653,Madison,38.697075,-121.978414,237650,,2017-09-30,10,0,Zillow ZIP-level market for Madison; mapped with Census 2020 ZCTA 95653 in Yolo County.,,,,
95616 Davis,zcta,95616,Davis,38.5541465,-121.7985136,653984,,2017-10-31,10,0,Zillow ZIP-level market for Davis; mapped with Census 2020 ZCTA 95616 in Yolo County.,,,,
95691 West Sacramento,zcta,95691,West Sacramento,38.6279507,-121.5932868,406374,,2017-10-31,10,0,Zillow ZIP-level market for West Sacramento; mapped with Census 2020 ZCTA 95691 in Yolo County.,,,,
95695 Woodland,zcta,95695,Woodland,38.6940377,-121.8529316,366971,,2017-10-31,10,0,Zillow ZIP-level market for Woodland; mapped with Census 2020 ZCTA 95695 in Yolo County.,,,,
95776 Woodland,zcta,95776,Woodland,38.6986923,-121.6994618,420766,,2017-10-31,10,0,Zillow ZIP-level market for Woodland; mapped with Census 2020 ZCTA 95776 in Yolo County.,,,,
95618 Davis,zcta,95618,Davis,38.5430194,-121.6905376,646161,,2017-10-31,10,0,Zillow ZIP-level market for Davis; mapped with Census 2020 ZCTA 95618 in Yolo County.,,,,
95605 West Sacramento,zcta,95605,West Sacramento,38.5935212,-121.539867,273740,,2017-10-31,10,0,Zillow ZIP-level market for West Sacramento; mapped with Census 2020 ZCTA 95605 in Yolo County.,,,,
95694 Winters,zcta,95694,Winters,38.5716604,-122.0641679,434741,,2017-10-31,10,0,Zillow ZIP-level market for Winters; mapped with Census 2020 ZCTA 95694 in Yolo County.,,,,
95627 Esparto,zcta,95627,Esparto,38.7345127,-122.0253459,321922,,2017-10-31,10,0,Zillow ZIP-level market for Esparto; mapped with Census 2020 ZCTA 95627 in Yolo County.,,,,
95612 Clarksburg,zcta,95612,Clarksburg,38.3847062,-121.5787214,656803,,2017-10-31,10,0,Zillow ZIP-level market for Clarksburg; mapped with Census 2020 ZCTA 95612 in Yolo County.,,,,
95645 Knights Landing,zcta,95645,Knights Landing,38.8940348,-121.7968077,296361,,2017-10-31,10,0,Zillow ZIP-level market for Knights Landing; mapped with Census 2020 ZCTA 95645 in Yolo County.,,,,
95937 Woodland,zcta,95937,Woodland,38.8840651,-121.9984849,345578,,2017-10-31,10,0,Zillow ZIP-level market for Woodland; mapped with Census 2020 ZCTA 95937 in Yolo County.,,,,
95637 Brooks,zcta,95637,Brooks,38.8530151,-122.2728699,484089,,2017-10-31,10,0,Zillow ZIP-level market for Brooks; mapped with Census 2020 ZCTA 95637 in Yolo County.,,,,
95653 Madison,zcta,95653,Madison,38.697075,-121.978414,240072,,2017-10-31,10,0,Zillow ZIP-level market for Madison; mapped with Census 2020 ZCTA 95653 in Yolo County.,,,,
95616 Davis,zcta,95616,Davis,38.5541465,-121.7985136,658530,,2017-11-30,10,0,Zillow ZIP-level market for Davis; mapped with Census 2020 ZCTA 95616 in Yolo County.,,,,
95691 West Sacramento,zcta,95691,West Sacramento,38.6279507,-121.5932868,409318,,2017-11-30,10,0,Zillow ZIP-level market for West Sacramento; mapped with Census 2020 ZCTA 95691 in Yolo County.,,,,
95695 Woodland,zcta,95695,Woodland,38.6940377,-121.8529316,368765,,2017-11-30,10,0,Zillow ZIP-level market for Woodland; mapped with Census 2020 ZCTA 95695 in Yolo County.,,,,
95776 Woodland,zcta,95776,Woodland,38.6986923,-121.6994618,423976,,2017-11-30,10,0,Zillow ZIP-level market for Woodland; mapped with Census 2020 ZCTA 95776 in Yolo County.,,,,
95618 Davis,zcta,95618,Davis,38.5430194,-121.6905376,650647,,2017-11-30,10,0,Zillow ZIP-level market for Davis; mapped with Census 2020 ZCTA 95618 in Yolo County.,,,,
95605 West Sacramento,zcta,95605,West Sacramento,38.5935212,-121.539867,276818,,2017-11-30,10,0,Zillow ZIP-level market for West Sacramento; mapped with Census 2020 ZCTA 95605 in Yolo County.,,,,
95694 Winters,zcta,95694,Winters,38.5716604,-122.0641679,437660,,2017-11-30,10,0,Zillow ZIP-level market for Winters; mapped with Census 2020 ZCTA 95694 in Yolo County.,,,,
95627 Esparto,zcta,95627,Esparto,38.7345127,-122.0253459,323676,,2017-11-30,10,0,Zillow ZIP-level market for Esparto; mapped with Census 2020 ZCTA 95627 in Yolo County.,,,,
95612 Clarksburg,zcta,95612,Clarksburg,38.3847062,-121.5787214,663505,,2017-11-30,10,0,Zillow ZIP-level market for Clarksburg; mapped with Census 2020 ZCTA 95612 in Yolo County.,,,,
95645 Knights Landing,zcta,95645,Knights Landing,38.8940348,-121.7968077,299866,,2017-11-30,10,0,Zillow ZIP-level market for Knights Landing; mapped with Census 2020 ZCTA 95645 in Yolo County.,,,,
95937 Woodland,zcta,95937,Woodland,38.8840651,-121.9984849,350217,,2017-11-30,10,0,Zillow ZIP-level market for Woodland; mapped with Census 2020 ZCTA 95937 in Yolo County.,,,,
95637 Brooks,zcta,95637,Brooks,38.8530151,-122.2728699,487952,,2017-11-30,10,0,Zillow ZIP-level market for Brooks; mapped with Census 2020 ZCTA 95637 in Yolo County.,,,,
95653 Madison,zcta,95653,Madison,38.697075,-121.978414,242748,,2017-11-30,10,0,Zillow ZIP-level market for Madison; mapped with Census 2020 ZCTA 95653 in Yolo County.,,,,
95616 Davis,zcta,95616,Davis,38.5541465,-121.7985136,664179,,2017-12-31,10,0,Zillow ZIP-level market for Davis; mapped with Census 2020 ZCTA 95616 in Yolo County.,,,,
95691 West Sacramento,zcta,95691,West Sacramento,38.6279507,-121.5932868,412548,,2017-12-31,10,0,Zillow ZIP-level market for West Sacramento; mapped with Census 2020 ZCTA 95691 in Yolo County.,,,,
95695 Woodland,zcta,95695,Woodland,38.6940377,-121.8529316,371228,,2017-12-31,10,0,Zillow ZIP-level market for Woodland; mapped with Census 2020 ZCTA 95695 in Yolo County.,,,,
95776 Woodland,zcta,95776,Woodland,38.6986923,-121.6994618,427428,,2017-12-31,10,0,Zillow ZIP-level market for Woodland; mapped with Census 2020 ZCTA 95776 in Yolo County.,,,,
95618 Davis,zcta,95618,Davis,38.5430194,-121.6905376,656574,,2017-12-31,10,0,Zillow ZIP-level market for Davis; mapped with Census 2020 ZCTA 95618 in Yolo County.,,,,
95605 West Sacramento,zcta,95605,West Sacramento,38.5935212,-121.539867,280770,,2017-12-31,10,0,Zillow ZIP-level market for West Sacramento; mapped with Census 2020 ZCTA 95605 in Yolo County.,,,,
95694 Winters,zcta,95694,Winters,38.5716604,-122.0641679,442227,,2017-12-31,10,0,Zillow ZIP-level market for Winters; mapped with Census 2020 ZCTA 95694 in Yolo County.,,,,
95627 Esparto,zcta,95627,Esparto,38.7345127,-122.0253459,326818,,2017-12-31,10,0,Zillow ZIP-level market for Esparto; mapped with Census 2020 ZCTA 95627 in Yolo County.,,,,
95612 Clarksburg,zcta,95612,Clarksburg,38.3847062,-121.5787214,671789,,2017-12-31,10,0,Zillow ZIP-level market for Clarksburg; mapped with Census 2020 ZCTA 95612 in Yolo County.,,,,
95645 Knights Landing,zcta,95645,Knights Landing,38.8940348,-121.7968077,303288,,2017-12-31,10,0,Zillow ZIP-level market for Knights Landing; mapped with Census 2020 ZCTA 95645 in Yolo County.,,,,
95937 Woodland,zcta,95937,Woodland,38.8840651,-121.9984849,353972,,2017-12-31,10,0,Zillow ZIP-level market for Woodland; mapped with Census 2020 ZCTA 95937 in Yolo County.,,,,
95637 Brooks,zcta,95637,Brooks,38.8530151,-122.2728699,492445,,2017-12-31,10,0,Zillow ZIP-level market for Brooks; mapped with Census 2020 ZCTA 95637 in Yolo County.,,,,
95653 Madison,zcta,95653,Madison,38.697075,-121.978414,246367,,2017-12-31,10,0,Zillow ZIP-level market for Madison; mapped with Census 2020 ZCTA 95653 in Yolo County.,,,,
95616 Davis,zcta,95616,Davis,38.5541465,-121.7985136,668688,,2018-01-31,10,0,Zillow ZIP-level market for Davis; mapped with Census 2020 ZCTA 95616 in Yolo County.,,,,
95691 West Sacramento,zcta,95691,West Sacramento,38.6279507,-121.5932868,416017,,2018-01-31,10,0,Zillow ZIP-level market for West Sacramento; mapped with Census 2020 ZCTA 95691 in Yolo County.,,,,
95695 Woodland,zcta,95695,Woodland,38.6940377,-121.8529316,373712,,2018-01-31,10,0,Zillow ZIP-level market for Woodland; mapped with Census 2020 ZCTA 95695 in Yolo County.,,,,
95776 Woodland,zcta,95776,Woodland,38.6986923,-121.6994618,430938,,2018-01-31,10,0,Zillow ZIP-level market for Woodland; mapped with Census 2020 ZCTA 95776 in Yolo County.,,,,
95618 Davis,zcta,95618,Davis,38.5430194,-121.6905376,662155,,2018-01-31,10,0,Zillow ZIP-level market for Davis; mapped with Census 2020 ZCTA 95618 in Yolo County.,,,,
95605 West Sacramento,zcta,95605,West Sacramento,38.5935212,-121.539867,285000,,2018-01-31,10,0,Zillow ZIP-level market for West Sacramento; mapped with Census 2020 ZCTA 95605 in Yolo County.,,,,
95694 Winters,zcta,95694,Winters,38.5716604,-122.0641679,446651,,2018-01-31,10,0,Zillow ZIP-level market for Winters; mapped with Census 2020 ZCTA 95694 in Yolo County.,,,,
95627 Esparto,zcta,95627,Esparto,38.7345127,-122.0253459,330891,,2018-01-31,10,0,Zillow ZIP-level market for Esparto; mapped with Census 2020 ZCTA 95627 in Yolo County.,,,,
95612 Clarksburg,zcta,95612,Clarksburg,38.3847062,-121.5787214,677319,,2018-01-31,10,0,Zillow ZIP-level market for Clarksburg; mapped with Census 2020 ZCTA 95612 in Yolo County.,,,,
95645 Knights Landing,zcta,95645,Knights Landing,38.8940348,-121.7968077,305406,,2018-01-31,10,0,Zillow ZIP-level market for Knights Landing; mapped with Census 2020 ZCTA 95645 in Yolo County.,,,,
95937 Woodland,zcta,95937,Woodland,38.8840651,-121.9984849,357326,,2018-01-31,10,0,Zillow ZIP-level market for Woodland; mapped with Census 2020 ZCTA 95937 in Yolo County.,,,,
95637 Brooks,zcta,95637,Brooks,38.8530151,-122.2728699,496329,,2018-01-31,10,0,Zillow ZIP-level market for Brooks; mapped with Census 2020 ZCTA 95637 in Yolo County.,,,,
95653 Madison,zcta,95653,Madison,38.697075,-121.978414,248945,,2018-01-31,10,0,Zillow ZIP-level market for Madison; mapped with Census 2020 ZCTA 95653 in Yolo County.,,,,
95616 Davis,zcta,95616,Davis,38.5541465,-121.7985136,670799,,2018-02-28,10,0,Zillow ZIP-level market for Davis; mapped with Census 2020 ZCTA 95616 in Yolo County.,,,,
95691 West Sacramento,zcta,95691,West Sacramento,38.6279507,-121.5932868,419032,,2018-02-28,10,0,Zillow ZIP-level market for West Sacramento; mapped with Census 2020 ZCTA 95691 in Yolo County.,,,,
95695 Woodland,zcta,95695,Woodland,38.6940377,-121.8529316,375948,,2018-02-28,10,0,Zillow ZIP-level market for Woodland; mapped with Census 2020 ZCTA 95695 in Yolo County.,,,,
95776 Woodland,zcta,95776,Woodland,38.6986923,-121.6994618,434082,,2018-02-28,10,0,Zillow ZIP-level market for Woodland; mapped with Census 2020 ZCTA 95776 in Yolo County.,,,,
95618 Davis,zcta,95618,Davis,38.5430194,-121.6905376,664817,,2018-02-28,10,0,Zillow ZIP-level market for Davis; mapped with Census 2020 ZCTA 95618 in Yolo County.,,,,
95605 West Sacramento,zcta,95605,West Sacramento,38.5935212,-121.539867,288985,,2018-02-28,10,0,Zillow ZIP-level market for West Sacramento; mapped with Census 2020 ZCTA 95605 in Yolo County.,,,,
95694 Winters,zcta,95694,Winters,38.5716604,-122.0641679,449579,,2018-02-28,10,0,Zillow ZIP-level market for Winters; mapped with Census 2020 ZCTA 95694 in Yolo County.,,,,
95627 Esparto,zcta,95627,Esparto,38.7345127,-122.0253459,335280,,2018-02-28,10,0,Zillow ZIP-level market for Esparto; mapped with Census 2020 ZCTA 95627 in Yolo County.,,,,
95612 Clarksburg,zcta,95612,Clarksburg,38.3847062,-121.5787214,679051,,2018-02-28,10,0,Zillow ZIP-level market for Clarksburg; mapped with Census 2020 ZCTA 95612 in Yolo County.,,,,
95645 Knights Landing,zcta,95645,Knights Landing,38.8940348,-121.7968077,306471,,2018-02-28,10,0,Zillow ZIP-level market for Knights Landing; mapped with Census 2020 ZCTA 95645 in Yolo County.,,,,
95937 Woodland,zcta,95937,Woodland,38.8840651,-121.9984849,359434,,2018-02-28,10,0,Zillow ZIP-level market for Woodland; mapped with Census 2020 ZCTA 95937 in Yolo County.,,,,
95637 Brooks,zcta,95637,Brooks,38.8530151,-122.2728699,499487,,2018-02-28,10,0,Zillow ZIP-level market for Brooks; mapped with Census 2020 ZCTA 95637 in Yolo County.,,,,
95653 Madison,zcta,95653,Madison,38.697075,-121.978414,251003,,2018-02-28,10,0,Zillow ZIP-level market for Madison; mapped with Census 2020 ZCTA 95653 in Yolo County.,,,,
95697 Yolo,zcta,95697,Yolo,38.7328813,-121.8071949,423845,,2018-02-28,10,0,Zillow ZIP-level market for Yolo; mapped with Census 2020 ZCTA 95697 in Yolo County.,,,,
95616 Davis,zcta,95616,Davis,38.5541465,-121.7985136,670237,,2018-03-31,10,0,Zillow ZIP-level market for Davis; mapped with Census 2020 ZCTA 95616 in Yolo County.,,,,
95691 West Sacramento,zcta,95691,West Sacramento,38.6279507,-121.5932868,421255,,2018-03-31,10,0,Zillow ZIP-level market for West Sacramento; mapped with Census 2020 ZCTA 95691 in Yolo County.,,,,
95695 Woodland,zcta,95695,Woodland,38.6940377,-121.8529316,377655,,2018-03-31,10,0,Zillow ZIP-level market for Woodland; mapped with Census 2020 ZCTA 95695 in Yolo County.,,,,
95776 Woodland,zcta,95776,Woodland,38.6986923,-121.6994618,436915,,2018-03-31,10,0,Zillow ZIP-level market for Woodland; mapped with Census 2020 ZCTA 95776 in Yolo County.,,,,
95618 Davis,zcta,95618,Davis,38.5430194,-121.6905376,665625,,2018-03-31,10,0,Zillow ZIP-level market for Davis; mapped with Census 2020 ZCTA 95618 in Yolo County.,,,,
95605 West Sacramento,zcta,95605,West Sacramento,38.5935212,-121.539867,292209,,2018-03-31,10,0,Zillow ZIP-level market for West Sacramento; mapped with Census 2020 ZCTA 95605 in Yolo County.,,,,
95694 Winters,zcta,95694,Winters,38.5716604,-122.0641679,450674,,2018-03-31,10,0,Zillow ZIP-level market for Winters; mapped with Census 2020 ZCTA 95694 in Yolo County.,,,,
95627 Esparto,zcta,95627,Esparto,38.7345127,-122.0253459,338512,,2018-03-31,10,0,Zillow ZIP-level market for Esparto; mapped with Census 2020 ZCTA 95627 in Yolo County.,,,,
95612 Clarksburg,zcta,95612,Clarksburg,38.3847062,-121.5787214,679786,,2018-03-31,10,0,Zillow ZIP-level market for Clarksburg; mapped with Census 2020 ZCTA 95612 in Yolo County.,,,,
95645 Knights Landing,zcta,95645,Knights Landing,38.8940348,-121.7968077,307395,,2018-03-31,10,0,Zillow ZIP-level market for Knights Landing; mapped with Census 2020 ZCTA 95645 in Yolo County.,,,,
95937 Woodland,zcta,95937,Woodland,38.8840651,-121.9984849,361948,,2018-03-31,10,0,Zillow ZIP-level market for Woodland; mapped with Census 2020 ZCTA 95937 in Yolo County.,,,,
95637 Brooks,zcta,95637,Brooks,38.8530151,-122.2728699,500852,,2018-03-31,10,0,Zillow ZIP-level market for Brooks; mapped with Census 2020 ZCTA 95637 in Yolo County.,,,,
95653 Madison,zcta,95653,Madison,38.697075,-121.978414,252665,,2018-03-31,10,0,Zillow ZIP-level market for Madison; mapped with Census 2020 ZCTA 95653 in Yolo County.,,,,
95697 Yolo,zcta,95697,Yolo,38.7328813,-121.8071949,426572,,2018-03-31,10,0,Zillow ZIP-level market for Yolo; mapped with Census 2020 ZCTA 95697 in Yolo County.,,,,
95616 Davis,zcta,95616,Davis,38.5541465,-121.7985136,669606,,2018-04-30,10,0,Zillow ZIP-level market for Davis; mapped with Census 2020 ZCTA 95616 in Yolo County.,,,,
95691 West Sacramento,zcta,95691,West Sacramento,38.6279507,-121.5932868,422728,,2018-04-30,10,0,Zillow ZIP-level market for West Sacramento; mapped with Census 2020 ZCTA 95691 in Yolo County.,,,,
95695 Woodland,zcta,95695,Woodland,38.6940377,-121.8529316,379251,,2018-04-30,10,0,Zillow ZIP-level market for Woodland; mapped with Census 2020 ZCTA 95695 in Yolo County.,,,,
95776 Woodland,zcta,95776,Woodland,38.6986923,-121.6994618,439408,,2018-04-30,10,0,Zillow ZIP-level market for Woodland; mapped with Census 2020 ZCTA 95776 in Yolo County.,,,,
95618 Davis,zcta,95618,Davis,38.5430194,-121.6905376,666415,,2018-04-30,10,0,Zillow ZIP-level market for Davis; mapped with Census 2020 ZCTA 95618 in Yolo County.,,,,
95605 West Sacramento,zcta,95605,West Sacramento,38.5935212,-121.539867,294736,,2018-04-30,10,0,Zillow ZIP-level market for West Sacramento; mapped with Census 2020 ZCTA 95605 in Yolo County.,,,,
95694 Winters,zcta,95694,Winters,38.5716604,-122.0641679,451065,,2018-04-30,10,0,Zillow ZIP-level market for Winters; mapped with Census 2020 ZCTA 95694 in Yolo County.,,,,
95627 Esparto,zcta,95627,Esparto,38.7345127,-122.0253459,340710,,2018-04-30,10,0,Zillow ZIP-level market for Esparto; mapped with Census 2020 ZCTA 95627 in Yolo County.,,,,
95612 Clarksburg,zcta,95612,Clarksburg,38.3847062,-121.5787214,679608,,2018-04-30,10,0,Zillow ZIP-level market for Clarksburg; mapped with Census 2020 ZCTA 95612 in Yolo County.,,,,
95645 Knights Landing,zcta,95645,Knights Landing,38.8940348,-121.7968077,308785,,2018-04-30,10,0,Zillow ZIP-level market for Knights Landing; mapped with Census 2020 ZCTA 95645 in Yolo County.,,,,
95937 Woodland,zcta,95937,Woodland,38.8840651,-121.9984849,363176,,2018-04-30,10,0,Zillow ZIP-level market for Woodland; mapped with Census 2020 ZCTA 95937 in Yolo County.,,,,
95637 Brooks,zcta,95637,Brooks,38.8530151,-122.2728699,501849,,2018-04-30,10,0,Zillow ZIP-level market for Brooks; mapped with Census 2020 ZCTA 95637 in Yolo County.,,,,
95653 Madison,zcta,95653,Madison,38.697075,-121.978414,254916,,2018-04-30,10,0,Zillow ZIP-level market for Madison; mapped with Census 2020 ZCTA 95653 in Yolo County.,,,,
95697 Yolo,zcta,95697,Yolo,38.7328813,-121.8071949,427309,,2018-04-30,10,0,Zillow ZIP-level market for Yolo; mapped with Census 2020 ZCTA 95697 in Yolo County.,,,,
95616 Davis,zcta,95616,Davis,38.5541465,-121.7985136,671647,,2018-05-31,10,0,Zillow ZIP-level market for Davis; mapped with Census 2020 ZCTA 95616 in Yolo County.,,,,
95691 West Sacramento,zcta,95691,West Sacramento,38.6279507,-121.5932868,424482,,2018-05-31,10,0,Zillow ZIP-level market for West Sacramento; mapped with Census 2020 ZCTA 95691 in Yolo County.,,,,
95695 Woodland,zcta,95695,Woodland,38.6940377,-121.8529316,381861,,2018-05-31,10,0,Zillow ZIP-level market for Woodland; mapped with Census 2020 ZCTA 95695 in Yolo County.,,,,
95776 Woodland,zcta,95776,Woodland,38.6986923,-121.6994618,442014,,2018-05-31,10,0,Zillow ZIP-level market for Woodland; mapped with Census 2020 ZCTA 95776 in Yolo County.,,,,
95618 Davis,zcta,95618,Davis,38.5430194,-121.6905376,669640,,2018-05-31,10,0,Zillow ZIP-level market for Davis; mapped with Census 2020 ZCTA 95618 in Yolo County.,,,,
95605 West Sacramento,zcta,95605,West Sacramento,38.5935212,-121.539867,297569,,2018-05-31,10,0,Zillow ZIP-level market for West Sacramento; mapped with Census 2020 ZCTA 95605 in Yolo County.,,,,
95694 Winters,zcta,95694,Winters,38.5716604,-122.0641679,451937,,2018-05-31,10,0,Zillow ZIP-level market for Winters; mapped with Census 2020 ZCTA 95694 in Yolo County.,,,,
95627 Esparto,zcta,95627,Esparto,38.7345127,-122.0253459,342664,,2018-05-31,10,0,Zillow ZIP-level market for Esparto; mapped with Census 2020 ZCTA 95627 in Yolo County.,,,,
95612 Clarksburg,zcta,95612,Clarksburg,38.3847062,-121.5787214,683277,,2018-05-31,10,0,Zillow ZIP-level market for Clarksburg; mapped with Census 2020 ZCTA 95612 in Yolo County.,,,,
95645 Knights Landing,zcta,95645,Knights Landing,38.8940348,-121.7968077,310041,,2018-05-31,10,0,Zillow ZIP-level market for Knights Landing; mapped with Census 2020 ZCTA 95645 in Yolo County.,,,,
95937 Woodland,zcta,95937,Woodland,38.8840651,-121.9984849,365145,,2018-05-31,10,0,Zillow ZIP-level market for Woodland; mapped with Census 2020 ZCTA 95937 in Yolo County.,,,,
95637 Brooks,zcta,95637,Brooks,38.8530151,-122.2728699,503947,,2018-05-31,10,0,Zillow ZIP-level market for Brooks; mapped with Census 2020 ZCTA 95637 in Yolo County.,,,,
95653 Madison,zcta,95653,Madison,38.697075,-121.978414,257637,,2018-05-31,10,0,Zillow ZIP-level market for Madison; mapped with Census 2020 ZCTA 95653 in Yolo County.,,,,
95697 Yolo,zcta,95697,Yolo,38.7328813,-121.8071949,429714,,2018-05-31,10,0,Zillow ZIP-level market for Yolo; mapped with Census 2020 ZCTA 95697 in Yolo County.,,,,
95616 Davis,zcta,95616,Davis,38.5541465,-121.7985136,673814,,2018-06-30,10,0,Zillow ZIP-level market for Davis; mapped with Census 2020 ZCTA 95616 in Yolo County.,,,,
95691 West Sacramento,zcta,95691,West Sacramento,38.6279507,-121.5932868,425885,,2018-06-30,10,0,Zillow ZIP-level market for West Sacramento; mapped with Census 2020 ZCTA 95691 in Yolo County.,,,,
95695 Woodland,zcta,95695,Woodland,38.6940377,-121.8529316,384754,,2018-06-30,10,0,Zillow ZIP-level market for Woodland; mapped with Census 2020 ZCTA 95695 in Yolo County.,,,,
95776 Woodland,zcta,95776,Woodland,38.6986923,-121.6994618,444364,,2018-06-30,10,0,Zillow ZIP-level market for Woodland; mapped with Census 2020 ZCTA 95776 in Yolo County.,,,,
95618 Davis,zcta,95618,Davis,38.5430194,-121.6905376,672542,,2018-06-30,10,0,Zillow ZIP-level market for Davis; mapped with Census 2020 ZCTA 95618 in Yolo County.,,,,
95605 West Sacramento,zcta,95605,West Sacramento,38.5935212,-121.539867,299378,,2018-06-30,10,0,Zillow ZIP-level market for West Sacramento; mapped with Census 2020 ZCTA 95605 in Yolo County.,,,,
95694 Winters,zcta,95694,Winters,38.5716604,-122.0641679,453592,,2018-06-30,10,0,Zillow ZIP-level market for Winters; mapped with Census 2020 ZCTA 95694 in Yolo County.,,,,
95627 Esparto,zcta,95627,Esparto,38.7345127,-122.0253459,344603,,2018-06-30,10,0,Zillow ZIP-level market for Esparto; mapped with Census 2020 ZCTA 95627 in Yolo County.,,,,
95612 Clarksburg,zcta,95612,Clarksburg,38.3847062,-121.5787214,685261,,2018-06-30,10,0,Zillow ZIP-level market for Clarksburg; mapped with Census 2020 ZCTA 95612 in Yolo County.,,,,
95645 Knights Landing,zcta,95645,Knights Landing,38.8940348,-121.7968077,310879,,2018-06-30,10,0,Zillow ZIP-level market for Knights Landing; mapped with Census 2020 ZCTA 95645 in Yolo County.,,,,
95937 Woodland,zcta,95937,Woodland,38.8840651,-121.9984849,366870,,2018-06-30,10,0,Zillow ZIP-level market for Woodland; mapped with Census 2020 ZCTA 95937 in Yolo County.,,,,
95637 Brooks,zcta,95637,Brooks,38.8530151,-122.2728699,506797,,2018-06-30,10,0,Zillow ZIP-level market for Brooks; mapped with Census 2020 ZCTA 95637 in Yolo County.,,,,
95653 Madison,zcta,95653,Madison,38.697075,-121.978414,259421,,2018-06-30,10,0,Zillow ZIP-level market for Madison; mapped with Census 2020 ZCTA 95653 in Yolo County.,,,,
95697 Yolo,zcta,95697,Yolo,38.7328813,-121.8071949,431171,,2018-06-30,10,0,Zillow ZIP-level market for Yolo; mapped with Census 2020 ZCTA 95697 in Yolo County.,,,,
95616 Davis,zcta,95616,Davis,38.5541465,-121.7985136,675120,,2018-07-31,10,0,Zillow ZIP-level market for Davis; mapped with Census 2020 ZCTA 95616 in Yolo County.,,,,
95691 West Sacramento,zcta,95691,West Sacramento,38.6279507,-121.5932868,426960,,2018-07-31,10,0,Zillow ZIP-level market for West Sacramento; mapped with Census 2020 ZCTA 95691 in Yolo County.,,,,
95695 Woodland,zcta,95695,Woodland,38.6940377,-121.8529316,387593,,2018-07-31,10,0,Zillow ZIP-level market for Woodland; mapped with Census 2020 ZCTA 95695 in Yolo County.,,,,
95776 Woodland,zcta,95776,Woodland,38.6986923,-121.6994618,446187,,2018-07-31,10,0,Zillow ZIP-level market for Woodland; mapped with Census 2020 ZCTA 95776 in Yolo County.,,,,
95618 Davis,zcta,95618,Davis,38.5430194,-121.6905376,674354,,2018-07-31,10,0,Zillow ZIP-level market for Davis; mapped with Census 2020 ZCTA 95618 in Yolo County.,,,,
95605 West Sacramento,zcta,95605,West Sacramento,38.5935212,-121.539867,300983,,2018-07-31,10,0,Zillow ZIP-level market for West Sacramento; mapped with Census 2020 ZCTA 95605 in Yolo County.,,,,
95694 Winters,zcta,95694,Winters,38.5716604,-122.0641679,455666,,2018-07-31,10,0,Zillow ZIP-level market for Winters; mapped with Census 2020 ZCTA 95694 in Yolo County.,,,,
95627 Esparto,zcta,95627,Esparto,38.7345127,-122.0253459,346769,,2018-07-31,10,0,Zillow ZIP-level market for Esparto; mapped with Census 2020 ZCTA 95627 in Yolo County.,,,,
95612 Clarksburg,zcta,95612,Clarksburg,38.3847062,-121.5787214,689458,,2018-07-31,10,0,Zillow ZIP-level market for Clarksburg; mapped with Census 2020 ZCTA 95612 in Yolo County.,,,,
95645 Knights Landing,zcta,95645,Knights Landing,38.8940348,-121.7968077,313202,,2018-07-31,10,0,Zillow ZIP-level market for Knights Landing; mapped with Census 2020 ZCTA 95645 in Yolo County.,,,,
95937 Woodland,zcta,95937,Woodland,38.8840651,-121.9984849,369900,,2018-07-31,10,0,Zillow ZIP-level market for Woodland; mapped with Census 2020 ZCTA 95937 in Yolo County.,,,,
95637 Brooks,zcta,95637,Brooks,38.8530151,-122.2728699,512433,,2018-07-31,10,0,Zillow ZIP-level market for Brooks; mapped with Census 2020 ZCTA 95637 in Yolo County.,,,,
95653 Madison,zcta,95653,Madison,38.697075,-121.978414,261634,,2018-07-31,10,0,Zillow ZIP-level market for Madison; mapped with Census 2020 ZCTA 95653 in Yolo County.,,,,
95697 Yolo,zcta,95697,Yolo,38.7328813,-121.8071949,433590,,2018-07-31,10,0,Zillow ZIP-level market for Yolo; mapped with Census 2020 ZCTA 95697 in Yolo County.,,,,
95616 Davis,zcta,95616,Davis,38.5541465,-121.7985136,677284,,2018-08-31,10,0,Zillow ZIP-level market for Davis; mapped with Census 2020 ZCTA 95616 in Yolo County.,,,,
95691 West Sacramento,zcta,95691,West Sacramento,38.6279507,-121.5932868,428099,,2018-08-31,10,0,Zillow ZIP-level market for West Sacramento; mapped with Census 2020 ZCTA 95691 in Yolo County.,,,,
95695 Woodland,zcta,95695,Woodland,38.6940377,-121.8529316,390308,,2018-08-31,10,0,Zillow ZIP-level market for Woodland; mapped with Census 2020 ZCTA 95695 in Yolo County.,,,,
95776 Woodland,zcta,95776,Woodland,38.6986923,-121.6994618,448276,,2018-08-31,10,0,Zillow ZIP-level market for Woodland; mapped with Census 2020 ZCTA 95776 in Yolo County.,,,,
95618 Davis,zcta,95618,Davis,38.5430194,-121.6905376,677146,,2018-08-31,10,0,Zillow ZIP-level market for Davis; mapped with Census 2020 ZCTA 95618 in Yolo County.,,,,
95605 West Sacramento,zcta,95605,West Sacramento,38.5935212,-121.539867,302519,,2018-08-31,10,0,Zillow ZIP-level market for West Sacramento; mapped with Census 2020 ZCTA 95605 in Yolo County.,,,,
95694 Winters,zcta,95694,Winters,38.5716604,-122.0641679,457432,,2018-08-31,10,0,Zillow ZIP-level market for Winters; mapped with Census 2020 ZCTA 95694 in Yolo County.,,,,
95627 Esparto,zcta,95627,Esparto,38.7345127,-122.0253459,348312,,2018-08-31,10,0,Zillow ZIP-level market for Esparto; mapped with Census 2020 ZCTA 95627 in Yolo County.,,,,
95612 Clarksburg,zcta,95612,Clarksburg,38.3847062,-121.5787214,690311,,2018-08-31,10,0,Zillow ZIP-level market for Clarksburg; mapped with Census 2020 ZCTA 95612 in Yolo County.,,,,
95645 Knights Landing,zcta,95645,Knights Landing,38.8940348,-121.7968077,316695,,2018-08-31,10,0,Zillow ZIP-level market for Knights Landing; mapped with Census 2020 ZCTA 95645 in Yolo County.,,,,
95937 Woodland,zcta,95937,Woodland,38.8840651,-121.9984849,372685,,2018-08-31,10,0,Zillow ZIP-level market for Woodland; mapped with Census 2020 ZCTA 95937 in Yolo County.,,,,
95637 Brooks,zcta,95637,Brooks,38.8530151,-122.2728699,516075,,2018-08-31,10,0,Zillow ZIP-level market for Brooks; mapped with Census 2020 ZCTA 95637 in Yolo County.,,,,
95653 Madison,zcta,95653,Madison,38.697075,-121.978414,263211,,2018-08-31,10,0,Zillow ZIP-level market for Madison; mapped with Census 2020 ZCTA 95653 in Yolo County.,,,,
95697 Yolo,zcta,95697,Yolo,38.7328813,-121.8071949,436272,,2018-08-31,10,0,Zillow ZIP-level market for Yolo; mapped with Census 2020 ZCTA 95697 in Yolo County.,,,,
95616 Davis,zcta,95616,Davis,38.5541465,-121.7985136,680368,,2018-09-30,10,0,Zillow ZIP-level market for Davis; mapped with Census 2020 ZCTA 95616 in Yolo County.,,,,
95691 West Sacramento,zcta,95691,West Sacramento,38.6279507,-121.5932868,429484,,2018-09-30,10,0,Zillow ZIP-level market for West Sacramento; mapped with Census 2020 ZCTA 95691 in Yolo County.,,,,
95695 Woodland,zcta,95695,Woodland,38.6940377,-121.8529316,392550,,2018-09-30,10,0,Zillow ZIP-level market for Woodland; mapped with Census 2020 ZCTA 95695 in Yolo County.,,,,
95776 Woodland,zcta,95776,Woodland,38.6986923,-121.6994618,450111,,2018-09-30,10,0,Zillow ZIP-level market for Woodland; mapped with Census 2020 ZCTA 95776 in Yolo County.,,,,
95618 Davis,zcta,95618,Davis,38.5430194,-121.6905376,680814,,2018-09-30,10,0,Zillow ZIP-level market for Davis; mapped with Census 2020 ZCTA 95618 in Yolo County.,,,,
95605 West Sacramento,zcta,95605,West Sacramento,38.5935212,-121.539867,304434,,2018-09-30,10,0,Zillow ZIP-level market for West Sacramento; mapped with Census 2020 ZCTA 95605 in Yolo County.,,,,
95694 Winters,zcta,95694,Winters,38.5716604,-122.0641679,459060,,2018-09-30,10,0,Zillow ZIP-level market for Winters; mapped with Census 2020 ZCTA 95694 in Yolo County.,,,,
95627 Esparto,zcta,95627,Esparto,38.7345127,-122.0253459,349040,,2018-09-30,10,0,Zillow ZIP-level market for Esparto; mapped with Census 2020 ZCTA 95627 in Yolo County.,,,,
95612 Clarksburg,zcta,95612,Clarksburg,38.3847062,-121.5787214,689574,,2018-09-30,10,0,Zillow ZIP-level market for Clarksburg; mapped with Census 2020 ZCTA 95612 in Yolo County.,,,,
95645 Knights Landing,zcta,95645,Knights Landing,38.8940348,-121.7968077,319848,,2018-09-30,10,0,Zillow ZIP-level market for Knights Landing; mapped with Census 2020 ZCTA 95645 in Yolo County.,,,,
95937 Woodland,zcta,95937,Woodland,38.8840651,-121.9984849,374125,,2018-09-30,10,0,Zillow ZIP-level market for Woodland; mapped with Census 2020 ZCTA 95937 in Yolo County.,,,,
95637 Brooks,zcta,95637,Brooks,38.8530151,-122.2728699,518072,,2018-09-30,10,0,Zillow ZIP-level market for Brooks; mapped with Census 2020 ZCTA 95637 in Yolo County.,,,,
95653 Madison,zcta,95653,Madison,38.697075,-121.978414,264784,,2018-09-30,10,0,Zillow ZIP-level market for Madison; mapped with Census 2020 ZCTA 95653 in Yolo County.,,,,
95697 Yolo,zcta,95697,Yolo,38.7328813,-121.8071949,439028,,2018-09-30,10,0,Zillow ZIP-level market for Yolo; mapped with Census 2020 ZCTA 95697 in Yolo County.,,,,
95616 Davis,zcta,95616,Davis,38.5541465,-121.7985136,684737,,2018-10-31,10,0,Zillow ZIP-level market for Davis; mapped with Census 2020 ZCTA 95616 in Yolo County.,,,,
95691 West Sacramento,zcta,95691,West Sacramento,38.6279507,-121.5932868,430523,,2018-10-31,10,0,Zillow ZIP-level market for West Sacramento; mapped with Census 2020 ZCTA 95691 in Yolo County.,,,,
95695 Woodland,zcta,95695,Woodland,38.6940377,-121.8529316,394167,,2018-10-31,10,0,Zillow ZIP-level market for Woodland; mapped with Census 2020 ZCTA 95695 in Yolo County.,,,,
95776 Woodland,zcta,95776,Woodland,38.6986923,-121.6994618,451605,,2018-10-31,10,0,Zillow ZIP-level market for Woodland; mapped with Census 2020 ZCTA 95776 in Yolo County.,,,,
95618 Davis,zcta,95618,Davis,38.5430194,-121.6905376,684351,,2018-10-31,10,0,Zillow ZIP-level market for Davis; mapped with Census 2020 ZCTA 95618 in Yolo County.,,,,
95605 West Sacramento,zcta,95605,West Sacramento,38.5935212,-121.539867,306168,,2018-10-31,10,0,Zillow ZIP-level market for West Sacramento; mapped with Census 2020 ZCTA 95605 in Yolo County.,,,,
95694 Winters,zcta,95694,Winters,38.5716604,-122.0641679,460201,,2018-10-31,10,0,Zillow ZIP-level market for Winters; mapped with Census 2020 ZCTA 95694 in Yolo County.,,,,
95627 Esparto,zcta,95627,Esparto,38.7345127,-122.0253459,349188,,2018-10-31,10,0,Zillow ZIP-level market for Esparto; mapped with Census 2020 ZCTA 95627 in Yolo County.,,,,
95612 Clarksburg,zcta,95612,Clarksburg,38.3847062,-121.5787214,688697,,2018-10-31,10,0,Zillow ZIP-level market for Clarksburg; mapped with Census 2020 ZCTA 95612 in Yolo County.,,,,
95645 Knights Landing,zcta,95645,Knights Landing,38.8940348,-121.7968077,321215,,2018-10-31,10,0,Zillow ZIP-level market for Knights Landing; mapped with Census 2020 ZCTA 95645 in Yolo County.,,,,
95937 Woodland,zcta,95937,Woodland,38.8840651,-121.9984849,374597,,2018-10-31,10,0,Zillow ZIP-level market for Woodland; mapped with Census 2020 ZCTA 95937 in Yolo County.,,,,
95637 Brooks,zcta,95637,Brooks,38.8530151,-122.2728699,517663,,2018-10-31,10,0,Zillow ZIP-level market for Brooks; mapped with Census 2020 ZCTA 95637 in Yolo County.,,,,
95653 Madison,zcta,95653,Madison,38.697075,-121.978414,265529,,2018-10-31,10,0,Zillow ZIP-level market for Madison; mapped with Census 2020 ZCTA 95653 in Yolo County.,,,,
95697 Yolo,zcta,95697,Yolo,38.7328813,-121.8071949,441322,,2018-10-31,10,0,Zillow ZIP-level market for Yolo; mapped with Census 2020 ZCTA 95697 in Yolo County.,,,,
95616 Davis,zcta,95616,Davis,38.5541465,-121.7985136,688921,,2018-11-30,10,0,Zillow ZIP-level market for Davis; mapped with Census 2020 ZCTA 95616 in Yolo County.,,,,
95691 West Sacramento,zcta,95691,West Sacramento,38.6279507,-121.5932868,430941,,2018-11-30,10,0,Zillow ZIP-level market for West Sacramento; mapped with Census 2020 ZCTA 95691 in Yolo County.,,,,
95695 Woodland,zcta,95695,Woodland,38.6940377,-121.8529316,395339,,2018-11-30,10,0,Zillow ZIP-level market for Woodland; mapped with Census 2020 ZCTA 95695 in Yolo County.,,,,
95776 Woodland,zcta,95776,Woodland,38.6986923,-121.6994618,452744,,2018-11-30,10,0,Zillow ZIP-level market for Woodland; mapped with Census 2020 ZCTA 95776 in Yolo County.,,,,
95618 Davis,zcta,95618,Davis,38.5430194,-121.6905376,686852,,2018-11-30,10,0,Zillow ZIP-level market for Davis; mapped with Census 2020 ZCTA 95618 in Yolo County.,,,,
95605 West Sacramento,zcta,95605,West Sacramento,38.5935212,-121.539867,307329,,2018-11-30,10,0,Zillow ZIP-level market for West Sacramento; mapped with Census 2020 ZCTA 95605 in Yolo County.,,,,
95694 Winters,zcta,95694,Winters,38.5716604,-122.0641679,462467,,2018-11-30,10,0,Zillow ZIP-level market for Winters; mapped with Census 2020 ZCTA 95694 in Yolo County.,,,,
95627 Esparto,zcta,95627,Esparto,38.7345127,-122.0253459,349474,,2018-11-30,10,0,Zillow ZIP-level market for Esparto; mapped with Census 2020 ZCTA 95627 in Yolo County.,,,,
95612 Clarksburg,zcta,95612,Clarksburg,38.3847062,-121.5787214,693012,,2018-11-30,10,0,Zillow ZIP-level market for Clarksburg; mapped with Census 2020 ZCTA 95612 in Yolo County.,,,,
95645 Knights Landing,zcta,95645,Knights Landing,38.8940348,-121.7968077,321959,,2018-11-30,10,0,Zillow ZIP-level market for Knights Landing; mapped with Census 2020 ZCTA 95645 in Yolo County.,,,,
95937 Woodland,zcta,95937,Woodland,38.8840651,-121.9984849,374549,,2018-11-30,10,0,Zillow ZIP-level market for Woodland; mapped with Census 2020 ZCTA 95937 in Yolo County.,,,,
95637 Brooks,zcta,95637,Brooks,38.8530151,-122.2728699,519945,,2018-11-30,10,0,Zillow ZIP-level market for Brooks; mapped with Census 2020 ZCTA 95637 in Yolo County.,,,,
95653 Madison,zcta,95653,Madison,38.697075,-121.978414,266895,,2018-11-30,10,0,Zillow ZIP-level market for Madison; mapped with Census 2020 ZCTA 95653 in Yolo County.,,,,
95697 Yolo,zcta,95697,Yolo,38.7328813,-121.8071949,443419,,2018-11-30,10,0,Zillow ZIP-level market for Yolo; mapped with Census 2020 ZCTA 95697 in Yolo County.,,,,
95616 Davis,zcta,95616,Davis,38.5541465,-121.7985136,692703,,2018-12-31,10,0,Zillow ZIP-level market for Davis; mapped with Census 2020 ZCTA 95616 in Yolo County.,,,,
95691 West Sacramento,zcta,95691,West Sacramento,38.6279507,-121.5932868,430774,,2018-12-31,10,0,Zillow ZIP-level market for West Sacramento; mapped with Census 2020 ZCTA 95691 in Yolo County.,,,,
95695 Woodland,zcta,95695,Woodland,38.6940377,-121.8529316,396688,,2018-12-31,10,0,Zillow ZIP-level market for Woodland; mapped with Census 2020 ZCTA 95695 in Yolo County.,,,,
95776 Woodland,zcta,95776,Woodland,38.6986923,-121.6994618,453706,,2018-12-31,10,0,Zillow ZIP-level market for Woodland; mapped with Census 2020 ZCTA 95776 in Yolo County.,,,,
95618 Davis,zcta,95618,Davis,38.5430194,-121.6905376,687990,,2018-12-31,10,0,Zillow ZIP-level market for Davis; mapped with Census 2020 ZCTA 95618 in Yolo County.,,,,
95605 West Sacramento,zcta,95605,West Sacramento,38.5935212,-121.539867,308419,,2018-12-31,10,0,Zillow ZIP-level market for West Sacramento; mapped with Census 2020 ZCTA 95605 in Yolo County.,,,,
95694 Winters,zcta,95694,Winters,38.5716604,-122.0641679,464681,,2018-12-31,10,0,Zillow ZIP-level market for Winters; mapped with Census 2020 ZCTA 95694 in Yolo County.,,,,
95627 Esparto,zcta,95627,Esparto,38.7345127,-122.0253459,350206,,2018-12-31,10,0,Zillow ZIP-level market for Esparto; mapped with Census 2020 ZCTA 95627 in Yolo County.,,,,
95612 Clarksburg,zcta,95612,Clarksburg,38.3847062,-121.5787214,698688,,2018-12-31,10,0,Zillow ZIP-level market for Clarksburg; mapped with Census 2020 ZCTA 95612 in Yolo County.,,,,
95645 Knights Landing,zcta,95645,Knights Landing,38.8940348,-121.7968077,323555,,2018-12-31,10,0,Zillow ZIP-level market for Knights Landing; mapped with Census 2020 ZCTA 95645 in Yolo County.,,,,
95937 Woodland,zcta,95937,Woodland,38.8840651,-121.9984849,375250,,2018-12-31,10,0,Zillow ZIP-level market for Woodland; mapped with Census 2020 ZCTA 95937 in Yolo County.,,,,
95637 Brooks,zcta,95637,Brooks,38.8530151,-122.2728699,523279,,2018-12-31,10,0,Zillow ZIP-level market for Brooks; mapped with Census 2020 ZCTA 95637 in Yolo County.,,,,
95653 Madison,zcta,95653,Madison,38.697075,-121.978414,268753,,2018-12-31,10,0,Zillow ZIP-level market for Madison; mapped with Census 2020 ZCTA 95653 in Yolo County.,,,,
95697 Yolo,zcta,95697,Yolo,38.7328813,-121.8071949,444004,,2018-12-31,10,0,Zillow ZIP-level market for Yolo; mapped with Census 2020 ZCTA 95697 in Yolo County.,,,,
95616 Davis,zcta,95616,Davis,38.5541465,-121.7985136,695873,,2019-01-31,10,0,Zillow ZIP-level market for Davis; mapped with Census 2020 ZCTA 95616 in Yolo County.,,,,
95691 West Sacramento,zcta,95691,West Sacramento,38.6279507,-121.5932868,431348,,2019-01-31,10,0,Zillow ZIP-level market for West Sacramento; mapped with Census 2020 ZCTA 95691 in Yolo County.,,,,
95695 Woodland,zcta,95695,Woodland,38.6940377,-121.8529316,398644,,2019-01-31,10,0,Zillow ZIP-level market for Woodland; mapped with Census 2020 ZCTA 95695 in Yolo County.,,,,
95776 Woodland,zcta,95776,Woodland,38.6986923,-121.6994618,455163,,2019-01-31,10,0,Zillow ZIP-level market for Woodland; mapped with Census 2020 ZCTA 95776 in Yolo County.,,,,
95618 Davis,zcta,95618,Davis,38.5430194,-121.6905376,690103,,2019-01-31,10,0,Zillow ZIP-level market for Davis; mapped with Census 2020 ZCTA 95618 in Yolo County.,,,,
95605 West Sacramento,zcta,95605,West Sacramento,38.5935212,-121.539867,309513,,2019-01-31,10,0,Zillow ZIP-level market for West Sacramento; mapped with Census 2020 ZCTA 95605 in Yolo County.,,,,
95694 Winters,zcta,95694,Winters,38.5716604,-122.0641679,467694,,2019-01-31,10,0,Zillow ZIP-level market for Winters; mapped with Census 2020 ZCTA 95694 in Yolo County.,,,,
95627 Esparto,zcta,95627,Esparto,38.7345127,-122.0253459,351638,,2019-01-31,10,0,Zillow ZIP-level market for Esparto; mapped with Census 2020 ZCTA 95627 in Yolo County.,,,,
95612 Clarksburg,zcta,95612,Clarksburg,38.3847062,-121.5787214,702736,,2019-01-31,10,0,Zillow ZIP-level market for Clarksburg; mapped with Census 2020 ZCTA 95612 in Yolo County.,,,,
95645 Knights Landing,zcta,95645,Knights Landing,38.8940348,-121.7968077,324372,,2019-01-31,10,0,Zillow ZIP-level market for Knights Landing; mapped with Census 2020 ZCTA 95645 in Yolo County.,,,,
95937 Woodland,zcta,95937,Woodland,38.8840651,-121.9984849,376947,,2019-01-31,10,0,Zillow ZIP-level market for Woodland; mapped with Census 2020 ZCTA 95937 in Yolo County.,,,,
95637 Brooks,zcta,95637,Brooks,38.8530151,-122.2728699,524207,,2019-01-31,10,0,Zillow ZIP-level market for Brooks; mapped with Census 2020 ZCTA 95637 in Yolo County.,,,,
95653 Madison,zcta,95653,Madison,38.697075,-121.978414,270412,,2019-01-31,10,0,Zillow ZIP-level market for Madison; mapped with Census 2020 ZCTA 95653 in Yolo County.,,,,
95697 Yolo,zcta,95697,Yolo,38.7328813,-121.8071949,441987,,2019-01-31,10,0,Zillow ZIP-level market for Yolo; mapped with Census 2020 ZCTA 95697 in Yolo County.,,,,
95616 Davis,zcta,95616,Davis,38.5541465,-121.7985136,697920,,2019-02-28,10,0,Zillow ZIP-level market for Davis; mapped with Census 2020 ZCTA 95616 in Yolo County.,,,,
95691 West Sacramento,zcta,95691,West Sacramento,38.6279507,-121.5932868,432608,,2019-02-28,10,0,Zillow ZIP-level market for West Sacramento; mapped with Census 2020 ZCTA 95691 in Yolo County.,,,,
95695 Woodland,zcta,95695,Woodland,38.6940377,-121.8529316,400441,,2019-02-28,10,0,Zillow ZIP-level market for Woodland; mapped with Census 2020 ZCTA 95695 in Yolo County.,,,,
95776 Woodland,zcta,95776,Woodland,38.6986923,-121.6994618,456961,,2019-02-28,10,0,Zillow ZIP-level market for Woodland; mapped with Census 2020 ZCTA 95776 in Yolo County.,,,,
95618 Davis,zcta,95618,Davis,38.5430194,-121.6905376,692334,,2019-02-28,10,0,Zillow ZIP-level market for Davis; mapped with Census 2020 ZCTA 95618 in Yolo County.,,,,
95605 West Sacramento,zcta,95605,West Sacramento,38.5935212,-121.539867,310668,,2019-02-28,10,0,Zillow ZIP-level market for West Sacramento; mapped with Census 2020 ZCTA 95605 in Yolo County.,,,,
95694 Winters,zcta,95694,Winters,38.5716604,-122.0641679,469962,,2019-02-28,10,0,Zillow ZIP-level market for Winters; mapped with Census 2020 ZCTA 95694 in Yolo County.,,,,
95627 Esparto,zcta,95627,Esparto,38.7345127,-122.0253459,353494,,2019-02-28,10,0,Zillow ZIP-level market for Esparto; mapped with Census 2020 ZCTA 95627 in Yolo County.,,,,
95612 Clarksburg,zcta,95612,Clarksburg,38.3847062,-121.5787214,702804,,2019-02-28,10,0,Zillow ZIP-level market for Clarksburg; mapped with Census 2020 ZCTA 95612 in Yolo County.,,,,
95645 Knights Landing,zcta,95645,Knights Landing,38.8940348,-121.7968077,324307,,2019-02-28,10,0,Zillow ZIP-level market for Knights Landing; mapped with Census 2020 ZCTA 95645 in Yolo County.,,,,
95937 Woodland,zcta,95937,Woodland,38.8840651,-121.9984849,378464,,2019-02-28,10,0,Zillow ZIP-level market for Woodland; mapped with Census 2020 ZCTA 95937 in Yolo County.,,,,
95637 Brooks,zcta,95637,Brooks,38.8530151,-122.2728699,521599,,2019-02-28,10,0,Zillow ZIP-level market for Brooks; mapped with Census 2020 ZCTA 95637 in Yolo County.,,,,
95653 Madison,zcta,95653,Madison,38.697075,-121.978414,271422,,2019-02-28,10,0,Zillow ZIP-level market for Madison; mapped with Census 2020 ZCTA 95653 in Yolo County.,,,,
95697 Yolo,zcta,95697,Yolo,38.7328813,-121.8071949,437615,,2019-02-28,10,0,Zillow ZIP-level market for Yolo; mapped with Census 2020 ZCTA 95697 in Yolo County.,,,,
95616 Davis,zcta,95616,Davis,38.5541465,-121.7985136,699427,,2019-03-31,10,0,Zillow ZIP-level market for Davis; mapped with Census 2020 ZCTA 95616 in Yolo County.,,,,
95691 West Sacramento,zcta,95691,West Sacramento,38.6279507,-121.5932868,434368,,2019-03-31,10,0,Zillow ZIP-level market for West Sacramento; mapped with Census 2020 ZCTA 95691 in Yolo County.,,,,
95695 Woodland,zcta,95695,Woodland,38.6940377,-121.8529316,401724,,2019-03-31,10,0,Zillow ZIP-level market for Woodland; mapped with Census 2020 ZCTA 95695 in Yolo County.,,,,
95776 Woodland,zcta,95776,Woodland,38.6986923,-121.6994618,459101,,2019-03-31,10,0,Zillow ZIP-level market for Woodland; mapped with Census 2020 ZCTA 95776 in Yolo County.,,,,
95618 Davis,zcta,95618,Davis,38.5430194,-121.6905376,694340,,2019-03-31,10,0,Zillow ZIP-level market for Davis; mapped with Census 2020 ZCTA 95618 in Yolo County.,,,,
95605 West Sacramento,zcta,95605,West Sacramento,38.5935212,-121.539867,311825,,2019-03-31,10,0,Zillow ZIP-level market for West Sacramento; mapped with Census 2020 ZCTA 95605 in Yolo County.,,,,
95694 Winters,zcta,95694,Winters,38.5716604,-122.0641679,472040,,2019-03-31,10,0,Zillow ZIP-level market for Winters; mapped with Census 2020 ZCTA 95694 in Yolo County.,,,,
95627 Esparto,zcta,95627,Esparto,38.7345127,-122.0253459,355806,,2019-03-31,10,0,Zillow ZIP-level market for Esparto; mapped with Census 2020 ZCTA 95627 in Yolo County.,,,,
95612 Clarksburg,zcta,95612,Clarksburg,38.3847062,-121.5787214,705379,,2019-03-31,10,0,Zillow ZIP-level market for Clarksburg; mapped with Census 2020 ZCTA 95612 in Yolo County.,,,,
95645 Knights Landing,zcta,95645,Knights Landing,38.8940348,-121.7968077,322983,,2019-03-31,10,0,Zillow ZIP-level market for Knights Landing; mapped with Census 2020 ZCTA 95645 in Yolo County.,,,,
95937 Woodland,zcta,95937,Woodland,38.8840651,-121.9984849,379311,,2019-03-31,10,0,Zillow ZIP-level market for Woodland; mapped with Census 2020 ZCTA 95937 in Yolo County.,,,,
95637 Brooks,zcta,95637,Brooks,38.8530151,-122.2728699,518572,,2019-03-31,10,0,Zillow ZIP-level market for Brooks; mapped with Census 2020 ZCTA 95637 in Yolo County.,,,,
95653 Madison,zcta,95653,Madison,38.697075,-121.978414,271927,,2019-03-31,10,0,Zillow ZIP-level market for Madison; mapped with Census 2020 ZCTA 95653 in Yolo County.,,,,
95697 Yolo,zcta,95697,Yolo,38.7328813,-121.8071949,432977,,2019-03-31,10,0,Zillow ZIP-level market for Yolo; mapped with Census 2020 ZCTA 95697 in Yolo County.,,,,
95616 Davis,zcta,95616,Davis,38.5541465,-121.7985136,701445,,2019-04-30,10,0,Zillow ZIP-level market for Davis; mapped with Census 2020 ZCTA 95616 in Yolo County.,,,,
95691 West Sacramento,zcta,95691,West Sacramento,38.6279507,-121.5932868,435366,1671,2019-04-30,10,0,Zillow ZIP-level market for West Sacramento; mapped with Census 2020 ZCTA 95691 in Yolo County.,,1671,Zillow ZORI,
95695 Woodland,zcta,95695,Woodland,38.6940377,-121.8529316,402303,,2019-04-30,10,0,Zillow ZIP-level market for Woodland; mapped with Census 2020 ZCTA 95695 in Yolo County.,,,,
95776 Woodland,zcta,95776,Woodland,38.6986923,-121.6994618,460743,,2019-04-30,10,0,Zillow ZIP-level market for Woodland; mapped with Census 2020 ZCTA 95776 in Yolo County.,,,,
95618 Davis,zcta,95618,Davis,38.5430194,-121.6905376,695803,,2019-04-30,10,0,Zillow ZIP-level market for Davis; mapped with Census 2020 ZCTA 95618 in Yolo County.,,,,
95605 West Sacramento,zcta,95605,West Sacramento,38.5935212,-121.539867,312683,,2019-04-30,10,0,Zillow ZIP-level market for West Sacramento; mapped with Census 2020 ZCTA 95605 in Yolo County.,,,,
95694 Winters,zcta,95694,Winters,38.5716604,-122.0641679,472877,,2019-04-30,10,0,Zillow ZIP-level market for Winters; mapped with Census 2020 ZCTA 95694 in Yolo County.,,,,
95627 Esparto,zcta,95627,Esparto,38.7345127,-122.0253459,357608,,2019-04-30,10,0,Zillow ZIP-level market for Esparto; mapped with Census 2020 ZCTA 95627 in Yolo County.,,,,
95612 Clarksburg,zcta,95612,Clarksburg,38.3847062,-121.5787214,709273,,2019-04-30,10,0,Zillow ZIP-level market for Clarksburg; mapped with Census 2020 ZCTA 95612 in Yolo County.,,,,
95645 Knights Landing,zcta,95645,Knights Landing,38.8940348,-121.7968077,322426,,2019-04-30,10,0,Zillow ZIP-level market for Knights Landing; mapped with Census 2020 ZCTA 95645 in Yolo County.,,,,
95937 Woodland,zcta,95937,Woodland,38.8840651,-121.9984849,379180,,2019-04-30,10,0,Zillow ZIP-level market for Woodland; mapped with Census 2020 ZCTA 95937 in Yolo County.,,,,
95637 Brooks,zcta,95637,Brooks,38.8530151,-122.2728699,516459,,2019-04-30,10,0,Zillow ZIP-level market for Brooks; mapped with Census 2020 ZCTA 95637 in Yolo County.,,,,
95653 Madison,zcta,95653,Madison,38.697075,-121.978414,272049,,2019-04-30,10,0,Zillow ZIP-level market for Madison; mapped with Census 2020 ZCTA 95653 in Yolo County.,,,,
95697 Yolo,zcta,95697,Yolo,38.7328813,-121.8071949,431089,,2019-04-30,10,0,Zillow ZIP-level market for Yolo; mapped with Census 2020 ZCTA 95697 in Yolo County.,,,,
95616 Davis,zcta,95616,Davis,38.5541465,-121.7985136,703067,,2019-05-31,10,0,Zillow ZIP-level market for Davis; mapped with Census 2020 ZCTA 95616 in Yolo County.,,,,
95691 West Sacramento,zcta,95691,West Sacramento,38.6279507,-121.5932868,435677,1684,2019-05-31,10,0,Zillow ZIP-level market for West Sacramento; mapped with Census 2020 ZCTA 95691 in Yolo County.,,1684,Zillow ZORI,
95695 Woodland,zcta,95695,Woodland,38.6940377,-121.8529316,402093,,2019-05-31,10,0,Zillow ZIP-level market for Woodland; mapped with Census 2020 ZCTA 95695 in Yolo County.,,,,
95776 Woodland,zcta,95776,Woodland,38.6986923,-121.6994618,460998,,2019-05-31,10,0,Zillow ZIP-level market for Woodland; mapped with Census 2020 ZCTA 95776 in Yolo County.,,,,
95618 Davis,zcta,95618,Davis,38.5430194,-121.6905376,695368,,2019-05-31,10,0,Zillow ZIP-level market for Davis; mapped with Census 2020 ZCTA 95618 in Yolo County.,,,,
95605 West Sacramento,zcta,95605,West Sacramento,38.5935212,-121.539867,313933,,2019-05-31,10,0,Zillow ZIP-level market for West Sacramento; mapped with Census 2020 ZCTA 95605 in Yolo County.,,,,
95694 Winters,zcta,95694,Winters,38.5716604,-122.0641679,472308,,2019-05-31,10,0,Zillow ZIP-level market for Winters; mapped with Census 2020 ZCTA 95694 in Yolo County.,,,,
95627 Esparto,zcta,95627,Esparto,38.7345127,-122.0253459,359491,,2019-05-31,10,0,Zillow ZIP-level market for Esparto; mapped with Census 2020 ZCTA 95627 in Yolo County.,,,,
95612 Clarksburg,zcta,95612,Clarksburg,38.3847062,-121.5787214,712559,,2019-05-31,10,0,Zillow ZIP-level market for Clarksburg; mapped with Census 2020 ZCTA 95612 in Yolo County.,,,,
95645 Knights Landing,zcta,95645,Knights Landing,38.8940348,-121.7968077,322254,,2019-05-31,10,0,Zillow ZIP-level market for Knights Landing; mapped with Census 2020 ZCTA 95645 in Yolo County.,,,,
95937 Woodland,zcta,95937,Woodland,38.8840651,-121.9984849,379096,,2019-05-31,10,0,Zillow ZIP-level market for Woodland; mapped with Census 2020 ZCTA 95937 in Yolo County.,,,,
95637 Brooks,zcta,95637,Brooks,38.8530151,-122.2728699,516233,,2019-05-31,10,0,Zillow ZIP-level market for Brooks; mapped with Census 2020 ZCTA 95637 in Yolo County.,,,,
95653 Madison,zcta,95653,Madison,38.697075,-121.978414,272581,,2019-05-31,10,0,Zillow ZIP-level market for Madison; mapped with Census 2020 ZCTA 95653 in Yolo County.,,,,
95697 Yolo,zcta,95697,Yolo,38.7328813,-121.8071949,429144,,2019-05-31,10,0,Zillow ZIP-level market for Yolo; mapped with Census 2020 ZCTA 95697 in Yolo County.,,,,
95616 Davis,zcta,95616,Davis,38.5541465,-121.7985136,704144,,2019-06-30,10,0,Zillow ZIP-level market for Davis; mapped with Census 2020 ZCTA 95616 in Yolo County.,,,,
95691 West Sacramento,zcta,95691,West Sacramento,38.6279507,-121.5932868,435421,1686,2019-06-30,10,0,Zillow ZIP-level market for West Sacramento; mapped with Census 2020 ZCTA 95691 in Yolo County.,,1686,Zillow ZORI,
95695 Woodland,zcta,95695,Woodland,38.6940377,-121.8529316,401176,,2019-06-30,10,0,Zillow ZIP-level market for Woodland; mapped with Census 2020 ZCTA 95695 in Yolo County.,,,,
95776 Woodland,zcta,95776,Woodland,38.6986923,-121.6994618,460004,,2019-06-30,10,0,Zillow ZIP-level market for Woodland; mapped with Census 2020 ZCTA 95776 in Yolo County.,,,,
95618 Davis,zcta,95618,Davis,38.5430194,-121.6905376,694386,,2019-06-30,10,0,Zillow ZIP-level market for Davis; mapped with Census 2020 ZCTA 95618 in Yolo County.,,,,
95605 West Sacramento,zcta,95605,West Sacramento,38.5935212,-121.539867,315034,,2019-06-30,10,0,Zillow ZIP-level market for West Sacramento; mapped with Census 2020 ZCTA 95605 in Yolo County.,,,,
95694 Winters,zcta,95694,Winters,38.5716604,-122.0641679,471366,,2019-06-30,10,0,Zillow ZIP-level market for Winters; mapped with Census 2020 ZCTA 95694 in Yolo County.,,,,
95627 Esparto,zcta,95627,Esparto,38.7345127,-122.0253459,360946,,2019-06-30,10,0,Zillow ZIP-level market for Esparto; mapped with Census 2020 ZCTA 95627 in Yolo County.,,,,
95612 Clarksburg,zcta,95612,Clarksburg,38.3847062,-121.5787214,712840,,2019-06-30,10,0,Zillow ZIP-level market for Clarksburg; mapped with Census 2020 ZCTA 95612 in Yolo County.,,,,
95645 Knights Landing,zcta,95645,Knights Landing,38.8940348,-121.7968077,322326,,2019-06-30,10,0,Zillow ZIP-level market for Knights Landing; mapped with Census 2020 ZCTA 95645 in Yolo County.,,,,
95937 Woodland,zcta,95937,Woodland,38.8840651,-121.9984849,379523,,2019-06-30,10,0,Zillow ZIP-level market for Woodland; mapped with Census 2020 ZCTA 95937 in Yolo County.,,,,
95637 Brooks,zcta,95637,Brooks,38.8530151,-122.2728699,517372,,2019-06-30,10,0,Zillow ZIP-level market for Brooks; mapped with Census 2020 ZCTA 95637 in Yolo County.,,,,
95653 Madison,zcta,95653,Madison,38.697075,-121.978414,273577,,2019-06-30,10,0,Zillow ZIP-level market for Madison; mapped with Census 2020 ZCTA 95653 in Yolo County.,,,,
95697 Yolo,zcta,95697,Yolo,38.7328813,-121.8071949,427282,,2019-06-30,10,0,Zillow ZIP-level market for Yolo; mapped with Census 2020 ZCTA 95697 in Yolo County.,,,,
95616 Davis,zcta,95616,Davis,38.5541465,-121.7985136,704353,,2019-07-31,10,0,Zillow ZIP-level market for Davis; mapped with Census 2020 ZCTA 95616 in Yolo County.,,,,
95691 West Sacramento,zcta,95691,West Sacramento,38.6279507,-121.5932868,435081,1722,2019-07-31,10,0,Zillow ZIP-level market for West Sacramento; mapped with Census 2020 ZCTA 95691 in Yolo County.,,1722,Zillow ZORI,
95695 Woodland,zcta,95695,Woodland,38.6940377,-121.8529316,400104,,2019-07-31,10,0,Zillow ZIP-level market for Woodland; mapped with Census 2020 ZCTA 95695 in Yolo County.,,,,
95776 Woodland,zcta,95776,Woodland,38.6986923,-121.6994618,458203,,2019-07-31,10,0,Zillow ZIP-level market for Woodland; mapped with Census 2020 ZCTA 95776 in Yolo County.,,,,
95618 Davis,zcta,95618,Davis,38.5430194,-121.6905376,692406,,2019-07-31,10,0,Zillow ZIP-level market for Davis; mapped with Census 2020 ZCTA 95618 in Yolo County.,,,,
95605 West Sacramento,zcta,95605,West Sacramento,38.5935212,-121.539867,316353,,2019-07-31,10,0,Zillow ZIP-level market for West Sacramento; mapped with Census 2020 ZCTA 95605 in Yolo County.,,,,
95694 Winters,zcta,95694,Winters,38.5716604,-122.0641679,471023,,2019-07-31,10,0,Zillow ZIP-level market for Winters; mapped with Census 2020 ZCTA 95694 in Yolo County.,,,,
95627 Esparto,zcta,95627,Esparto,38.7345127,-122.0253459,361951,,2019-07-31,10,0,Zillow ZIP-level market for Esparto; mapped with Census 2020 ZCTA 95627 in Yolo County.,,,,
95612 Clarksburg,zcta,95612,Clarksburg,38.3847062,-121.5787214,713094,,2019-07-31,10,0,Zillow ZIP-level market for Clarksburg; mapped with Census 2020 ZCTA 95612 in Yolo County.,,,,
95645 Knights Landing,zcta,95645,Knights Landing,38.8940348,-121.7968077,322492,,2019-07-31,10,0,Zillow ZIP-level market for Knights Landing; mapped with Census 2020 ZCTA 95645 in Yolo County.,,,,
95937 Woodland,zcta,95937,Woodland,38.8840651,-121.9984849,380044,,2019-07-31,10,0,Zillow ZIP-level market for Woodland; mapped with Census 2020 ZCTA 95937 in Yolo County.,,,,
95637 Brooks,zcta,95637,Brooks,38.8530151,-122.2728699,519943,,2019-07-31,10,0,Zillow ZIP-level market for Brooks; mapped with Census 2020 ZCTA 95637 in Yolo County.,,,,
95653 Madison,zcta,95653,Madison,38.697075,-121.978414,274726,,2019-07-31,10,0,Zillow ZIP-level market for Madison; mapped with Census 2020 ZCTA 95653 in Yolo County.,,,,
95697 Yolo,zcta,95697,Yolo,38.7328813,-121.8071949,425665,,2019-07-31,10,0,Zillow ZIP-level market for Yolo; mapped with Census 2020 ZCTA 95697 in Yolo County.,,,,
95616 Davis,zcta,95616,Davis,38.5541465,-121.7985136,704168,,2019-08-31,10,0,Zillow ZIP-level market for Davis; mapped with Census 2020 ZCTA 95616 in Yolo County.,,,,
95691 West Sacramento,zcta,95691,West Sacramento,38.6279507,-121.5932868,434797,1723,2019-08-31,10,0,Zillow ZIP-level market for West Sacramento; mapped with Census 2020 ZCTA 95691 in Yolo County.,,1723,Zillow ZORI,
95695 Woodland,zcta,95695,Woodland,38.6940377,-121.8529316,399824,,2019-08-31,10,0,Zillow ZIP-level market for Woodland; mapped with Census 2020 ZCTA 95695 in Yolo County.,,,,
95776 Woodland,zcta,95776,Woodland,38.6986923,-121.6994618,457221,,2019-08-31,10,0,Zillow ZIP-level market for Woodland; mapped with Census 2020 ZCTA 95776 in Yolo County.,,,,
95618 Davis,zcta,95618,Davis,38.5430194,-121.6905376,690647,,2019-08-31,10,0,Zillow ZIP-level market for Davis; mapped with Census 2020 ZCTA 95618 in Yolo County.,,,,
95605 West Sacramento,zcta,95605,West Sacramento,38.5935212,-121.539867,317123,,2019-08-31,10,0,Zillow ZIP-level market for West Sacramento; mapped with Census 2020 ZCTA 95605 in Yolo County.,,,,
95694 Winters,zcta,95694,Winters,38.5716604,-122.0641679,472135,,2019-08-31,10,0,Zillow ZIP-level market for Winters; mapped with Census 2020 ZCTA 95694 in Yolo County.,,,,
95627 Esparto,zcta,95627,Esparto,38.7345127,-122.0253459,362639,,2019-08-31,10,0,Zillow ZIP-level market for Esparto; mapped with Census 2020 ZCTA 95627 in Yolo County.,,,,
95612 Clarksburg,zcta,95612,Clarksburg,38.3847062,-121.5787214,713295,,2019-08-31,10,0,Zillow ZIP-level market for Clarksburg; mapped with Census 2020 ZCTA 95612 in Yolo County.,,,,
95645 Knights Landing,zcta,95645,Knights Landing,38.8940348,-121.7968077,323912,,2019-08-31,10,0,Zillow ZIP-level market for Knights Landing; mapped with Census 2020 ZCTA 95645 in Yolo County.,,,,
95937 Woodland,zcta,95937,Woodland,38.8840651,-121.9984849,381736,,2019-08-31,10,0,Zillow ZIP-level market for Woodland; mapped with Census 2020 ZCTA 95937 in Yolo County.,,,,
95637 Brooks,zcta,95637,Brooks,38.8530151,-122.2728699,522353,,2019-08-31,10,0,Zillow ZIP-level market for Brooks; mapped with Census 2020 ZCTA 95637 in Yolo County.,,,,
95653 Madison,zcta,95653,Madison,38.697075,-121.978414,275131,,2019-08-31,10,0,Zillow ZIP-level market for Madison; mapped with Census 2020 ZCTA 95653 in Yolo County.,,,,
95697 Yolo,zcta,95697,Yolo,38.7328813,-121.8071949,425466,,2019-08-31,10,0,Zillow ZIP-level market for Yolo; mapped with Census 2020 ZCTA 95697 in Yolo County.,,,,
95616 Davis,zcta,95616,Davis,38.5541465,-121.7985136,704435,,2019-09-30,10,0,Zillow ZIP-level market for Davis; mapped with Census 2020 ZCTA 95616 in Yolo County.,,,,
95691 West Sacramento,zcta,95691,West Sacramento,38.6279507,-121.5932868,435095,1753,2019-09-30,10,0,Zillow ZIP-level market for West Sacramento; mapped with Census 2020 ZCTA 95691 in Yolo County.,,1753,Zillow ZORI,
95695 Woodland,zcta,95695,Woodland,38.6940377,-121.8529316,400333,,2019-09-30,10,0,Zillow ZIP-level market for Woodland; mapped with Census 2020 ZCTA 95695 in Yolo County.,,,,
95776 Woodland,zcta,95776,Woodland,38.6986923,-121.6994618,457093,,2019-09-30,10,0,Zillow ZIP-level market for Woodland; mapped with Census 2020 ZCTA 95776 in Yolo County.,,,,
95618 Davis,zcta,95618,Davis,38.5430194,-121.6905376,689848,,2019-09-30,10,0,Zillow ZIP-level market for Davis; mapped with Census 2020 ZCTA 95618 in Yolo County.,,,,
95605 West Sacramento,zcta,95605,West Sacramento,38.5935212,-121.539867,317927,,2019-09-30,10,0,Zillow ZIP-level market for West Sacramento; mapped with Census 2020 ZCTA 95605 in Yolo County.,,,,
95694 Winters,zcta,95694,Winters,38.5716604,-122.0641679,473511,,2019-09-30,10,0,Zillow ZIP-level market for Winters; mapped with Census 2020 ZCTA 95694 in Yolo County.,,,,
95627 Esparto,zcta,95627,Esparto,38.7345127,-122.0253459,362948,,2019-09-30,10,0,Zillow ZIP-level market for Esparto; mapped with Census 2020 ZCTA 95627 in Yolo County.,,,,
95612 Clarksburg,zcta,95612,Clarksburg,38.3847062,-121.5787214,715571,,2019-09-30,10,0,Zillow ZIP-level market for Clarksburg; mapped with Census 2020 ZCTA 95612 in Yolo County.,,,,
95645 Knights Landing,zcta,95645,Knights Landing,38.8940348,-121.7968077,325976,,2019-09-30,10,0,Zillow ZIP-level market for Knights Landing; mapped with Census 2020 ZCTA 95645 in Yolo County.,,,,
95937 Woodland,zcta,95937,Woodland,38.8840651,-121.9984849,384119,,2019-09-30,10,0,Zillow ZIP-level market for Woodland; mapped with Census 2020 ZCTA 95937 in Yolo County.,,,,
95637 Brooks,zcta,95637,Brooks,38.8530151,-122.2728699,525156,,2019-09-30,10,0,Zillow ZIP-level market for Brooks; mapped with Census 2020 ZCTA 95637 in Yolo County.,,,,
95653 Madison,zcta,95653,Madison,38.697075,-121.978414,275312,,2019-09-30,10,0,Zillow ZIP-level market for Madison; mapped with Census 2020 ZCTA 95653 in Yolo County.,,,,
95697 Yolo,zcta,95697,Yolo,38.7328813,-121.8071949,426318,,2019-09-30,10,0,Zillow ZIP-level market for Yolo; mapped with Census 2020 ZCTA 95697 in Yolo County.,,,,
95616 Davis,zcta,95616,Davis,38.5541465,-121.7985136,704808,,2019-10-31,10,0,Zillow ZIP-level market for Davis; mapped with Census 2020 ZCTA 95616 in Yolo County.,,,,
95691 West Sacramento,zcta,95691,West Sacramento,38.6279507,-121.5932868,435865,1765,2019-10-31,10,0,Zillow ZIP-level market for West Sacramento; mapped with Census 2020 ZCTA 95691 in Yolo County.,,1765,Zillow ZORI,
95695 Woodland,zcta,95695,Woodland,38.6940377,-121.8529316,401434,,2019-10-31,10,0,Zillow ZIP-level market for Woodland; mapped with Census 2020 ZCTA 95695 in Yolo County.,,,,
95776 Woodland,zcta,95776,Woodland,38.6986923,-121.6994618,457647,,2019-10-31,10,0,Zillow ZIP-level market for Woodland; mapped with Census 2020 ZCTA 95776 in Yolo County.,,,,
95618 Davis,zcta,95618,Davis,38.5430194,-121.6905376,688720,,2019-10-31,10,0,Zillow ZIP-level market for Davis; mapped with Census 2020 ZCTA 95618 in Yolo County.,,,,
95605 West Sacramento,zcta,95605,West Sacramento,38.5935212,-121.539867,318561,,2019-10-31,10,0,Zillow ZIP-level market for West Sacramento; mapped with Census 2020 ZCTA 95605 in Yolo County.,,,,
95694 Winters,zcta,95694,Winters,38.5716604,-122.0641679,474828,,2019-10-31,10,0,Zillow ZIP-level market for Winters; mapped with Census 2020 ZCTA 95694 in Yolo County.,,,,
95627 Esparto,zcta,95627,Esparto,38.7345127,-122.0253459,362951,,2019-10-31,10,0,Zillow ZIP-level market for Esparto; mapped with Census 2020 ZCTA 95627 in Yolo County.,,,,
95612 Clarksburg,zcta,95612,Clarksburg,38.3847062,-121.5787214,718769,,2019-10-31,10,0,Zillow ZIP-level market for Clarksburg; mapped with Census 2020 ZCTA 95612 in Yolo County.,,,,
95645 Knights Landing,zcta,95645,Knights Landing,38.8940348,-121.7968077,327941,,2019-10-31,10,0,Zillow ZIP-level market for Knights Landing; mapped with Census 2020 ZCTA 95645 in Yolo County.,,,,
95937 Woodland,zcta,95937,Woodland,38.8840651,-121.9984849,387168,,2019-10-31,10,0,Zillow ZIP-level market for Woodland; mapped with Census 2020 ZCTA 95937 in Yolo County.,,,,
95637 Brooks,zcta,95637,Brooks,38.8530151,-122.2728699,527448,,2019-10-31,10,0,Zillow ZIP-level market for Brooks; mapped with Census 2020 ZCTA 95637 in Yolo County.,,,,
95653 Madison,zcta,95653,Madison,38.697075,-121.978414,276365,,2019-10-31,10,0,Zillow ZIP-level market for Madison; mapped with Census 2020 ZCTA 95653 in Yolo County.,,,,
95697 Yolo,zcta,95697,Yolo,38.7328813,-121.8071949,426971,,2019-10-31,10,0,Zillow ZIP-level market for Yolo; mapped with Census 2020 ZCTA 95697 in Yolo County.,,,,
95616 Davis,zcta,95616,Davis,38.5541465,-121.7985136,705133,,2019-11-30,10,0,Zillow ZIP-level market for Davis; mapped with Census 2020 ZCTA 95616 in Yolo County.,,,,
95691 West Sacramento,zcta,95691,West Sacramento,38.6279507,-121.5932868,437303,1768,2019-11-30,10,0,Zillow ZIP-level market for West Sacramento; mapped with Census 2020 ZCTA 95691 in Yolo County.,,1768,Zillow ZORI,
95695 Woodland,zcta,95695,Woodland,38.6940377,-121.8529316,402736,,2019-11-30,10,0,Zillow ZIP-level market for Woodland; mapped with Census 2020 ZCTA 95695 in Yolo County.,,,,
95776 Woodland,zcta,95776,Woodland,38.6986923,-121.6994618,458807,,2019-11-30,10,0,Zillow ZIP-level market for Woodland; mapped with Census 2020 ZCTA 95776 in Yolo County.,,,,
95618 Davis,zcta,95618,Davis,38.5430194,-121.6905376,688426,,2019-11-30,10,0,Zillow ZIP-level market for Davis; mapped with Census 2020 ZCTA 95618 in Yolo County.,,,,
95605 West Sacramento,zcta,95605,West Sacramento,38.5935212,-121.539867,319269,,2019-11-30,10,0,Zillow ZIP-level market for West Sacramento; mapped with Census 2020 ZCTA 95605 in Yolo County.,,,,
95694 Winters,zcta,95694,Winters,38.5716604,-122.0641679,476658,,2019-11-30,10,0,Zillow ZIP-level market for Winters; mapped with Census 2020 ZCTA 95694 in Yolo County.,,,,
95627 Esparto,zcta,95627,Esparto,38.7345127,-122.0253459,363565,,2019-11-30,10,0,Zillow ZIP-level market for Esparto; mapped with Census 2020 ZCTA 95627 in Yolo County.,,,,
95612 Clarksburg,zcta,95612,Clarksburg,38.3847062,-121.5787214,725329,,2019-11-30,10,0,Zillow ZIP-level market for Clarksburg; mapped with Census 2020 ZCTA 95612 in Yolo County.,,,,
95645 Knights Landing,zcta,95645,Knights Landing,38.8940348,-121.7968077,329199,,2019-11-30,10,0,Zillow ZIP-level market for Knights Landing; mapped with Census 2020 ZCTA 95645 in Yolo County.,,,,
95937 Woodland,zcta,95937,Woodland,38.8840651,-121.9984849,390034,,2019-11-30,10,0,Zillow ZIP-level market for Woodland; mapped with Census 2020 ZCTA 95937 in Yolo County.,,,,
95637 Brooks,zcta,95637,Brooks,38.8530151,-122.2728699,530555,,2019-11-30,10,0,Zillow ZIP-level market for Brooks; mapped with Census 2020 ZCTA 95637 in Yolo County.,,,,
95653 Madison,zcta,95653,Madison,38.697075,-121.978414,278740,,2019-11-30,10,0,Zillow ZIP-level market for Madison; mapped with Census 2020 ZCTA 95653 in Yolo County.,,,,
95697 Yolo,zcta,95697,Yolo,38.7328813,-121.8071949,428418,,2019-11-30,10,0,Zillow ZIP-level market for Yolo; mapped with Census 2020 ZCTA 95697 in Yolo County.,,,,
95616 Davis,zcta,95616,Davis,38.5541465,-121.7985136,705429,1919,2019-12-31,10,0,Zillow ZIP-level market for Davis; mapped with Census 2020 ZCTA 95616 in Yolo County.,,1919,Zillow ZORI,
95691 West Sacramento,zcta,95691,West Sacramento,38.6279507,-121.5932868,438832,1764,2019-12-31,10,0,Zillow ZIP-level market for West Sacramento; mapped with Census 2020 ZCTA 95691 in Yolo County.,,1764,Zillow ZORI,
95695 Woodland,zcta,95695,Woodland,38.6940377,-121.8529316,404361,,2019-12-31,10,0,Zillow ZIP-level market for Woodland; mapped with Census 2020 ZCTA 95695 in Yolo County.,,,,
95776 Woodland,zcta,95776,Woodland,38.6986923,-121.6994618,460338,,2019-12-31,10,0,Zillow ZIP-level market for Woodland; mapped with Census 2020 ZCTA 95776 in Yolo County.,,,,
95618 Davis,zcta,95618,Davis,38.5430194,-121.6905376,688160,,2019-12-31,10,0,Zillow ZIP-level market for Davis; mapped with Census 2020 ZCTA 95618 in Yolo County.,,,,
95605 West Sacramento,zcta,95605,West Sacramento,38.5935212,-121.539867,320563,,2019-12-31,10,0,Zillow ZIP-level market for West Sacramento; mapped with Census 2020 ZCTA 95605 in Yolo County.,,,,
95694 Winters,zcta,95694,Winters,38.5716604,-122.0641679,478555,,2019-12-31,10,0,Zillow ZIP-level market for Winters; mapped with Census 2020 ZCTA 95694 in Yolo County.,,,,
95627 Esparto,zcta,95627,Esparto,38.7345127,-122.0253459,364769,,2019-12-31,10,0,Zillow ZIP-level market for Esparto; mapped with Census 2020 ZCTA 95627 in Yolo County.,,,,
95612 Clarksburg,zcta,95612,Clarksburg,38.3847062,-121.5787214,728585,,2019-12-31,10,0,Zillow ZIP-level market for Clarksburg; mapped with Census 2020 ZCTA 95612 in Yolo County.,,,,
95645 Knights Landing,zcta,95645,Knights Landing,38.8940348,-121.7968077,330755,,2019-12-31,10,0,Zillow ZIP-level market for Knights Landing; mapped with Census 2020 ZCTA 95645 in Yolo County.,,,,
95937 Woodland,zcta,95937,Woodland,38.8840651,-121.9984849,393378,,2019-12-31,10,0,Zillow ZIP-level market for Woodland; mapped with Census 2020 ZCTA 95937 in Yolo County.,,,,
95637 Brooks,zcta,95637,Brooks,38.8530151,-122.2728699,533529,,2019-12-31,10,0,Zillow ZIP-level market for Brooks; mapped with Census 2020 ZCTA 95637 in Yolo County.,,,,
95653 Madison,zcta,95653,Madison,38.697075,-121.978414,281531,,2019-12-31,10,0,Zillow ZIP-level market for Madison; mapped with Census 2020 ZCTA 95653 in Yolo County.,,,,
95697 Yolo,zcta,95697,Yolo,38.7328813,-121.8071949,430768,,2019-12-31,10,0,Zillow ZIP-level market for Yolo; mapped with Census 2020 ZCTA 95697 in Yolo County.,,,,
95616 Davis,zcta,95616,Davis,38.5541465,-121.7985136,706149,1917,2020-01-31,10,0,Zillow ZIP-level market for Davis; mapped with Census 2020 ZCTA 95616 in Yolo County.,,1917,Zillow ZORI,
95691 West Sacramento,zcta,95691,West Sacramento,38.6279507,-121.5932868,441031,1730,2020-01-31,10,0,Zillow ZIP-level market for West Sacramento; mapped with Census 2020 ZCTA 95691 in Yolo County.,,1730,Zillow ZORI,
95695 Woodland,zcta,95695,Woodland,38.6940377,-121.8529316,406257,,2020-01-31,10,0,Zillow ZIP-level market for Woodland; mapped with Census 2020 ZCTA 95695 in Yolo County.,,,,
95776 Woodland,zcta,95776,Woodland,38.6986923,-121.6994618,462391,,2020-01-31,10,0,Zillow ZIP-level market for Woodland; mapped with Census 2020 ZCTA 95776 in Yolo County.,,,,
95618 Davis,zcta,95618,Davis,38.5430194,-121.6905376,689563,,2020-01-31,10,0,Zillow ZIP-level market for Davis; mapped with Census 2020 ZCTA 95618 in Yolo County.,,,,
95605 West Sacramento,zcta,95605,West Sacramento,38.5935212,-121.539867,322333,,2020-01-31,10,0,Zillow ZIP-level market for West Sacramento; mapped with Census 2020 ZCTA 95605 in Yolo County.,,,,
95694 Winters,zcta,95694,Winters,38.5716604,-122.0641679,481375,,2020-01-31,10,0,Zillow ZIP-level market for Winters; mapped with Census 2020 ZCTA 95694 in Yolo County.,,,,
95627 Esparto,zcta,95627,Esparto,38.7345127,-122.0253459,367106,,2020-01-31,10,0,Zillow ZIP-level market for Esparto; mapped with Census 2020 ZCTA 95627 in Yolo County.,,,,
95612 Clarksburg,zcta,95612,Clarksburg,38.3847062,-121.5787214,728840,,2020-01-31,10,0,Zillow ZIP-level market for Clarksburg; mapped with Census 2020 ZCTA 95612 in Yolo County.,,,,
95645 Knights Landing,zcta,95645,Knights Landing,38.8940348,-121.7968077,331955,,2020-01-31,10,0,Zillow ZIP-level market for Knights Landing; mapped with Census 2020 ZCTA 95645 in Yolo County.,,,,
95937 Woodland,zcta,95937,Woodland,38.8840651,-121.9984849,395430,,2020-01-31,10,0,Zillow ZIP-level market for Woodland; mapped with Census 2020 ZCTA 95937 in Yolo County.,,,,
95637 Brooks,zcta,95637,Brooks,38.8530151,-122.2728699,536291,,2020-01-31,10,0,Zillow ZIP-level market for Brooks; mapped with Census 2020 ZCTA 95637 in Yolo County.,,,,
95653 Madison,zcta,95653,Madison,38.697075,-121.978414,283488,,2020-01-31,10,0,Zillow ZIP-level market for Madison; mapped with Census 2020 ZCTA 95653 in Yolo County.,,,,
95697 Yolo,zcta,95697,Yolo,38.7328813,-121.8071949,433002,,2020-01-31,10,0,Zillow ZIP-level market for Yolo; mapped with Census 2020 ZCTA 95697 in Yolo County.,,,,
95616 Davis,zcta,95616,Davis,38.5541465,-121.7985136,709373,1924,2020-02-29,10,0,Zillow ZIP-level market for Davis; mapped with Census 2020 ZCTA 95616 in Yolo County.,,1924,Zillow ZORI,
95691 West Sacramento,zcta,95691,West Sacramento,38.6279507,-121.5932868,443448,1761,2020-02-29,10,0,Zillow ZIP-level market for West Sacramento; mapped with Census 2020 ZCTA 95691 in Yolo County.,,1761,Zillow ZORI,
95695 Woodland,zcta,95695,Woodland,38.6940377,-121.8529316,408171,,2020-02-29,10,0,Zillow ZIP-level market for Woodland; mapped with Census 2020 ZCTA 95695 in Yolo County.,,,,
95776 Woodland,zcta,95776,Woodland,38.6986923,-121.6994618,464272,,2020-02-29,10,0,Zillow ZIP-level market for Woodland; mapped with Census 2020 ZCTA 95776 in Yolo County.,,,,
95618 Davis,zcta,95618,Davis,38.5430194,-121.6905376,693133,,2020-02-29,10,0,Zillow ZIP-level market for Davis; mapped with Census 2020 ZCTA 95618 in Yolo County.,,,,
95605 West Sacramento,zcta,95605,West Sacramento,38.5935212,-121.539867,324161,,2020-02-29,10,0,Zillow ZIP-level market for West Sacramento; mapped with Census 2020 ZCTA 95605 in Yolo County.,,,,
95694 Winters,zcta,95694,Winters,38.5716604,-122.0641679,484957,,2020-02-29,10,0,Zillow ZIP-level market for Winters; mapped with Census 2020 ZCTA 95694 in Yolo County.,,,,
95627 Esparto,zcta,95627,Esparto,38.7345127,-122.0253459,368963,,2020-02-29,10,0,Zillow ZIP-level market for Esparto; mapped with Census 2020 ZCTA 95627 in Yolo County.,,,,
95612 Clarksburg,zcta,95612,Clarksburg,38.3847062,-121.5787214,726921,,2020-02-29,10,0,Zillow ZIP-level market for Clarksburg; mapped with Census 2020 ZCTA 95612 in Yolo County.,,,,
95645 Knights Landing,zcta,95645,Knights Landing,38.8940348,-121.7968077,332619,,2020-02-29,10,0,Zillow ZIP-level market for Knights Landing; mapped with Census 2020 ZCTA 95645 in Yolo County.,,,,
95937 Woodland,zcta,95937,Woodland,38.8840651,-121.9984849,396143,,2020-02-29,10,0,Zillow ZIP-level market for Woodland; mapped with Census 2020 ZCTA 95937 in Yolo County.,,,,
95637 Brooks,zcta,95637,Brooks,38.8530151,-122.2728699,537116,,2020-02-29,10,0,Zillow ZIP-level market for Brooks; mapped with Census 2020 ZCTA 95637 in Yolo County.,,,,
95653 Madison,zcta,95653,Madison,38.697075,-121.978414,284936,,2020-02-29,10,0,Zillow ZIP-level market for Madison; mapped with Census 2020 ZCTA 95653 in Yolo County.,,,,
95697 Yolo,zcta,95697,Yolo,38.7328813,-121.8071949,433949,,2020-02-29,10,0,Zillow ZIP-level market for Yolo; mapped with Census 2020 ZCTA 95697 in Yolo County.,,,,
95616 Davis,zcta,95616,Davis,38.5541465,-121.7985136,714344,1962,2020-03-31,10,0,Zillow ZIP-level market for Davis; mapped with Census 2020 ZCTA 95616 in Yolo County.,,1962,Zillow ZORI,
95691 West Sacramento,zcta,95691,West Sacramento,38.6279507,-121.5932868,446725,1788,2020-03-31,10,0,Zillow ZIP-level market for West Sacramento; mapped with Census 2020 ZCTA 95691 in Yolo County.,,1788,Zillow ZORI,
95695 Woodland,zcta,95695,Woodland,38.6940377,-121.8529316,411173,,2020-03-31,10,0,Zillow ZIP-level market for Woodland; mapped with Census 2020 ZCTA 95695 in Yolo County.,,,,
95776 Woodland,zcta,95776,Woodland,38.6986923,-121.6994618,466552,,2020-03-31,10,0,Zillow ZIP-level market for Woodland; mapped with Census 2020 ZCTA 95776 in Yolo County.,,,,
95618 Davis,zcta,95618,Davis,38.5430194,-121.6905376,698502,,2020-03-31,10,0,Zillow ZIP-level market for Davis; mapped with Census 2020 ZCTA 95618 in Yolo County.,,,,
95605 West Sacramento,zcta,95605,West Sacramento,38.5935212,-121.539867,326360,,2020-03-31,10,0,Zillow ZIP-level market for West Sacramento; mapped with Census 2020 ZCTA 95605 in Yolo County.,,,,
95694 Winters,zcta,95694,Winters,38.5716604,-122.0641679,490075,,2020-03-31,10,0,Zillow ZIP-level market for Winters; mapped with Census 2020 ZCTA 95694 in Yolo County.,,,,
95627 Esparto,zcta,95627,Esparto,38.7345127,-122.0253459,371468,,2020-03-31,10,0,Zillow ZIP-level market for Esparto; mapped with Census 2020 ZCTA 95627 in Yolo County.,,,,
95612 Clarksburg,zcta,95612,Clarksburg,38.3847062,-121.5787214,729531,,2020-03-31,10,0,Zillow ZIP-level market for Clarksburg; mapped with Census 2020 ZCTA 95612 in Yolo County.,,,,
95645 Knights Landing,zcta,95645,Knights Landing,38.8940348,-121.7968077,333048,,2020-03-31,10,0,Zillow ZIP-level market for Knights Landing; mapped with Census 2020 ZCTA 95645 in Yolo County.,,,,
95937 Woodland,zcta,95937,Woodland,38.8840651,-121.9984849,395790,,2020-03-31,10,0,Zillow ZIP-level market for Woodland; mapped with Census 2020 ZCTA 95937 in Yolo County.,,,,
95637 Brooks,zcta,95637,Brooks,38.8530151,-122.2728699,537031,,2020-03-31,10,0,Zillow ZIP-level market for Brooks; mapped with Census 2020 ZCTA 95637 in Yolo County.,,,,
95653 Madison,zcta,95653,Madison,38.697075,-121.978414,286837,,2020-03-31,10,0,Zillow ZIP-level market for Madison; mapped with Census 2020 ZCTA 95653 in Yolo County.,,,,
95697 Yolo,zcta,95697,Yolo,38.7328813,-121.8071949,434313,,2020-03-31,10,0,Zillow ZIP-level market for Yolo; mapped with Census 2020 ZCTA 95697 in Yolo County.,,,,
95616 Davis,zcta,95616,Davis,38.5541465,-121.7985136,718875,2007,2020-04-30,10,0,Zillow ZIP-level market for Davis; mapped with Census 2020 ZCTA 95616 in Yolo County.,,2007,Zillow ZORI,
95691 West Sacramento,zcta,95691,West Sacramento,38.6279507,-121.5932868,449326,1818,2020-04-30,10,0,Zillow ZIP-level market for West Sacramento; mapped with Census 2020 ZCTA 95691 in Yolo County.,,1818,Zillow ZORI,
95695 Woodland,zcta,95695,Woodland,38.6940377,-121.8529316,413709,,2020-04-30,10,0,Zillow ZIP-level market for Woodland; mapped with Census 2020 ZCTA 95695 in Yolo County.,,,,
95776 Woodland,zcta,95776,Woodland,38.6986923,-121.6994618,468460,,2020-04-30,10,0,Zillow ZIP-level market for Woodland; mapped with Census 2020 ZCTA 95776 in Yolo County.,,,,
95618 Davis,zcta,95618,Davis,38.5430194,-121.6905376,703846,,2020-04-30,10,0,Zillow ZIP-level market for Davis; mapped with Census 2020 ZCTA 95618 in Yolo County.,,,,
95605 West Sacramento,zcta,95605,West Sacramento,38.5935212,-121.539867,328304,,2020-04-30,10,0,Zillow ZIP-level market for West Sacramento; mapped with Census 2020 ZCTA 95605 in Yolo County.,,,,
95694 Winters,zcta,95694,Winters,38.5716604,-122.0641679,493951,,2020-04-30,10,0,Zillow ZIP-level market for Winters; mapped with Census 2020 ZCTA 95694 in Yolo County.,,,,
95627 Esparto,zcta,95627,Esparto,38.7345127,-122.0253459,373736,,2020-04-30,10,0,Zillow ZIP-level market for Esparto; mapped with Census 2020 ZCTA 95627 in Yolo County.,,,,
95612 Clarksburg,zcta,95612,Clarksburg,38.3847062,-121.5787214,732795,,2020-04-30,10,0,Zillow ZIP-level market for Clarksburg; mapped with Census 2020 ZCTA 95612 in Yolo County.,,,,
95645 Knights Landing,zcta,95645,Knights Landing,38.8940348,-121.7968077,334168,,2020-04-30,10,0,Zillow ZIP-level market for Knights Landing; mapped with Census 2020 ZCTA 95645 in Yolo County.,,,,
95937 Woodland,zcta,95937,Woodland,38.8840651,-121.9984849,396198,,2020-04-30,10,0,Zillow ZIP-level market for Woodland; mapped with Census 2020 ZCTA 95937 in Yolo County.,,,,
95637 Brooks,zcta,95637,Brooks,38.8530151,-122.2728699,537348,,2020-04-30,10,0,Zillow ZIP-level market for Brooks; mapped with Census 2020 ZCTA 95637 in Yolo County.,,,,
95653 Madison,zcta,95653,Madison,38.697075,-121.978414,289077,,2020-04-30,10,0,Zillow ZIP-level market for Madison; mapped with Census 2020 ZCTA 95653 in Yolo County.,,,,
95697 Yolo,zcta,95697,Yolo,38.7328813,-121.8071949,434537,,2020-04-30,10,0,Zillow ZIP-level market for Yolo; mapped with Census 2020 ZCTA 95697 in Yolo County.,,,,
95616 Davis,zcta,95616,Davis,38.5541465,-121.7985136,718864,2001,2020-05-31,10,0,Zillow ZIP-level market for Davis; mapped with Census 2020 ZCTA 95616 in Yolo County.,,2001,Zillow ZORI,
95691 West Sacramento,zcta,95691,West Sacramento,38.6279507,-121.5932868,450805,1784,2020-05-31,10,0,Zillow ZIP-level market for West Sacramento; mapped with Census 2020 ZCTA 95691 in Yolo County.,,1784,Zillow ZORI,
95695 Woodland,zcta,95695,Woodland,38.6940377,-121.8529316,414879,,2020-05-31,10,0,Zillow ZIP-level market for Woodland; mapped with Census 2020 ZCTA 95695 in Yolo County.,,,,
95776 Woodland,zcta,95776,Woodland,38.6986923,-121.6994618,469092,,2020-05-31,10,0,Zillow ZIP-level market for Woodland; mapped with Census 2020 ZCTA 95776 in Yolo County.,,,,
95618 Davis,zcta,95618,Davis,38.5430194,-121.6905376,705069,,2020-05-31,10,0,Zillow ZIP-level market for Davis; mapped with Census 2020 ZCTA 95618 in Yolo County.,,,,
95605 West Sacramento,zcta,95605,West Sacramento,38.5935212,-121.539867,329574,,2020-05-31,10,0,Zillow ZIP-level market for West Sacramento; mapped with Census 2020 ZCTA 95605 in Yolo County.,,,,
95694 Winters,zcta,95694,Winters,38.5716604,-122.0641679,495571,,2020-05-31,10,0,Zillow ZIP-level market for Winters; mapped with Census 2020 ZCTA 95694 in Yolo County.,,,,
95627 Esparto,zcta,95627,Esparto,38.7345127,-122.0253459,375276,,2020-05-31,10,0,Zillow ZIP-level market for Esparto; mapped with Census 2020 ZCTA 95627 in Yolo County.,,,,
95612 Clarksburg,zcta,95612,Clarksburg,38.3847062,-121.5787214,732743,,2020-05-31,10,0,Zillow ZIP-level market for Clarksburg; mapped with Census 2020 ZCTA 95612 in Yolo County.,,,,
95645 Knights Landing,zcta,95645,Knights Landing,38.8940348,-121.7968077,334524,,2020-05-31,10,0,Zillow ZIP-level market for Knights Landing; mapped with Census 2020 ZCTA 95645 in Yolo County.,,,,
95937 Woodland,zcta,95937,Woodland,38.8840651,-121.9984849,396593,,2020-05-31,10,0,Zillow ZIP-level market for Woodland; mapped with Census 2020 ZCTA 95937 in Yolo County.,,,,
95637 Brooks,zcta,95637,Brooks,38.8530151,-122.2728699,538776,,2020-05-31,10,0,Zillow ZIP-level market for Brooks; mapped with Census 2020 ZCTA 95637 in Yolo County.,,,,
95653 Madison,zcta,95653,Madison,38.697075,-121.978414,290308,,2020-05-31,10,0,Zillow ZIP-level market for Madison; mapped with Census 2020 ZCTA 95653 in Yolo County.,,,,
95697 Yolo,zcta,95697,Yolo,38.7328813,-121.8071949,434189,,2020-05-31,10,0,Zillow ZIP-level market for Yolo; mapped with Census 2020 ZCTA 95697 in Yolo County.,,,,
95616 Davis,zcta,95616,Davis,38.5541465,-121.7985136,715644,1993,2020-06-30,10,0,Zillow ZIP-level market for Davis; mapped with Census 2020 ZCTA 95616 in Yolo County.,,1993,Zillow ZORI,
95691 West Sacramento,zcta,95691,West Sacramento,38.6279507,-121.5932868,450964,1780,2020-06-30,10,0,Zillow ZIP-level market for West Sacramento; mapped with Census 2020 ZCTA 95691 in Yolo County.,,1780,Zillow ZORI,
95695 Woodland,zcta,95695,Woodland,38.6940377,-121.8529316,413726,,2020-06-30,10,0,Zillow ZIP-level market for Woodland; mapped with Census 2020 ZCTA 95695 in Yolo County.,,,,
95776 Woodland,zcta,95776,Woodland,38.6986923,-121.6994618,468470,,2020-06-30,10,0,Zillow ZIP-level market for Woodland; mapped with Census 2020 ZCTA 95776 in Yolo County.,,,,
95618 Davis,zcta,95618,Davis,38.5430194,-121.6905376,703087,,2020-06-30,10,0,Zillow ZIP-level market for Davis; mapped with Census 2020 ZCTA 95618 in Yolo County.,,,,
95605 West Sacramento,zcta,95605,West Sacramento,38.5935212,-121.539867,329684,,2020-06-30,10,0,Zillow ZIP-level market for West Sacramento; mapped with Census 2020 ZCTA 95605 in Yolo County.,,,,
95694 Winters,zcta,95694,Winters,38.5716604,-122.0641679,494859,,2020-06-30,10,0,Zillow ZIP-level market for Winters; mapped with Census 2020 ZCTA 95694 in Yolo County.,,,,
95627 Esparto,zcta,95627,Esparto,38.7345127,-122.0253459,375566,,2020-06-30,10,0,Zillow ZIP-level market for Esparto; mapped with Census 2020 ZCTA 95627 in Yolo County.,,,,
95612 Clarksburg,zcta,95612,Clarksburg,38.3847062,-121.5787214,725009,,2020-06-30,10,0,Zillow ZIP-level market for Clarksburg; mapped with Census 2020 ZCTA 95612 in Yolo County.,,,,
95645 Knights Landing,zcta,95645,Knights Landing,38.8940348,-121.7968077,333967,,2020-06-30,10,0,Zillow ZIP-level market for Knights Landing; mapped with Census 2020 ZCTA 95645 in Yolo County.,,,,
95937 Woodland,zcta,95937,Woodland,38.8840651,-121.9984849,396174,,2020-06-30,10,0,Zillow ZIP-level market for Woodland; mapped with Census 2020 ZCTA 95937 in Yolo County.,,,,
95637 Brooks,zcta,95637,Brooks,38.8530151,-122.2728699,538128,,2020-06-30,10,0,Zillow ZIP-level market for Brooks; mapped with Census 2020 ZCTA 95637 in Yolo County.,,,,
95653 Madison,zcta,95653,Madison,38.697075,-121.978414,289816,,2020-06-30,10,0,Zillow ZIP-level market for Madison; mapped with Census 2020 ZCTA 95653 in Yolo County.,,,,
95697 Yolo,zcta,95697,Yolo,38.7328813,-121.8071949,433240,,2020-06-30,10,0,Zillow ZIP-level market for Yolo; mapped with Census 2020 ZCTA 95697 in Yolo County.,,,,
95616 Davis,zcta,95616,Davis,38.5541465,-121.7985136,713106,1964,2020-07-31,10,0,Zillow ZIP-level market for Davis; mapped with Census 2020 ZCTA 95616 in Yolo County.,,1964,Zillow ZORI,
95691 West Sacramento,zcta,95691,West Sacramento,38.6279507,-121.5932868,451288,1787,2020-07-31,10,0,Zillow ZIP-level market for West Sacramento; mapped with Census 2020 ZCTA 95691 in Yolo County.,,1787,Zillow ZORI,
95695 Woodland,zcta,95695,Woodland,38.6940377,-121.8529316,412938,,2020-07-31,10,0,Zillow ZIP-level market for Woodland; mapped with Census 2020 ZCTA 95695 in Yolo County.,,,,
95776 Woodland,zcta,95776,Woodland,38.6986923,-121.6994618,467884,,2020-07-31,10,0,Zillow ZIP-level market for Woodland; mapped with Census 2020 ZCTA 95776 in Yolo County.,,,,
95618 Davis,zcta,95618,Davis,38.5430194,-121.6905376,701278,,2020-07-31,10,0,Zillow ZIP-level market for Davis; mapped with Census 2020 ZCTA 95618 in Yolo County.,,,,
95605 West Sacramento,zcta,95605,West Sacramento,38.5935212,-121.539867,330366,,2020-07-31,10,0,Zillow ZIP-level market for West Sacramento; mapped with Census 2020 ZCTA 95605 in Yolo County.,,,,
95694 Winters,zcta,95694,Winters,38.5716604,-122.0641679,494522,,2020-07-31,10,0,Zillow ZIP-level market for Winters; mapped with Census 2020 ZCTA 95694 in Yolo County.,,,,
95627 Esparto,zcta,95627,Esparto,38.7345127,-122.0253459,376139,,2020-07-31,10,0,Zillow ZIP-level market for Esparto; mapped with Census 2020 ZCTA 95627 in Yolo County.,,,,
95612 Clarksburg,zcta,95612,Clarksburg,38.3847062,-121.5787214,720191,,2020-07-31,10,0,Zillow ZIP-level market for Clarksburg; mapped with Census 2020 ZCTA 95612 in Yolo County.,,,,
95645 Knights Landing,zcta,95645,Knights Landing,38.8940348,-121.7968077,334132,,2020-07-31,10,0,Zillow ZIP-level market for Knights Landing; mapped with Census 2020 ZCTA 95645 in Yolo County.,,,,
95937 Woodland,zcta,95937,Woodland,38.8840651,-121.9984849,396727,,2020-07-31,10,0,Zillow ZIP-level market for Woodland; mapped with Census 2020 ZCTA 95937 in Yolo County.,,,,
95637 Brooks,zcta,95637,Brooks,38.8530151,-122.2728699,539087,,2020-07-31,10,0,Zillow ZIP-level market for Brooks; mapped with Census 2020 ZCTA 95637 in Yolo County.,,,,
95653 Madison,zcta,95653,Madison,38.697075,-121.978414,290116,,2020-07-31,10,0,Zillow ZIP-level market for Madison; mapped with Census 2020 ZCTA 95653 in Yolo County.,,,,
95697 Yolo,zcta,95697,Yolo,38.7328813,-121.8071949,433240,,2020-07-31,10,0,Zillow ZIP-level market for Yolo; mapped with Census 2020 ZCTA 95697 in Yolo County.,,,,
95616 Davis,zcta,95616,Davis,38.5541465,-121.7985136,716221,1961,2020-08-31,10,0,Zillow ZIP-level market for Davis; mapped with Census 2020 ZCTA 95616 in Yolo County.,,1961,Zillow ZORI,
95691 West Sacramento,zcta,95691,West Sacramento,38.6279507,-121.5932868,453329,1816,2020-08-31,10,0,Zillow ZIP-level market for West Sacramento; mapped with Census 2020 ZCTA 95691 in Yolo County.,,1816,Zillow ZORI,
95695 Woodland,zcta,95695,Woodland,38.6940377,-121.8529316,414286,,2020-08-31,10,0,Zillow ZIP-level market for Woodland; mapped with Census 2020 ZCTA 95695 in Yolo County.,,,,
95776 Woodland,zcta,95776,Woodland,38.6986923,-121.6994618,469518,,2020-08-31,10,0,Zillow ZIP-level market for Woodland; mapped with Census 2020 ZCTA 95776 in Yolo County.,,,,
95618 Davis,zcta,95618,Davis,38.5430194,-121.6905376,703927,,2020-08-31,10,0,Zillow ZIP-level market for Davis; mapped with Census 2020 ZCTA 95618 in Yolo County.,,,,
95605 West Sacramento,zcta,95605,West Sacramento,38.5935212,-121.539867,332789,,2020-08-31,10,0,Zillow ZIP-level market for West Sacramento; mapped with Census 2020 ZCTA 95605 in Yolo County.,,,,
95694 Winters,zcta,95694,Winters,38.5716604,-122.0641679,496002,,2020-08-31,10,0,Zillow ZIP-level market for Winters; mapped with Census 2020 ZCTA 95694 in Yolo County.,,,,
95627 Esparto,zcta,95627,Esparto,38.7345127,-122.0253459,378807,,2020-08-31,10,0,Zillow ZIP-level market for Esparto; mapped with Census 2020 ZCTA 95627 in Yolo County.,,,,
95612 Clarksburg,zcta,95612,Clarksburg,38.3847062,-121.5787214,722603,,2020-08-31,10,0,Zillow ZIP-level market for Clarksburg; mapped with Census 2020 ZCTA 95612 in Yolo County.,,,,
95645 Knights Landing,zcta,95645,Knights Landing,38.8940348,-121.7968077,336371,,2020-08-31,10,0,Zillow ZIP-level market for Knights Landing; mapped with Census 2020 ZCTA 95645 in Yolo County.,,,,
95937 Woodland,zcta,95937,Woodland,38.8840651,-121.9984849,400472,,2020-08-31,10,0,Zillow ZIP-level market for Woodland; mapped with Census 2020 ZCTA 95937 in Yolo County.,,,,
95637 Brooks,zcta,95637,Brooks,38.8530151,-122.2728699,543641,,2020-08-31,10,0,Zillow ZIP-level market for Brooks; mapped with Census 2020 ZCTA 95637 in Yolo County.,,,,
95653 Madison,zcta,95653,Madison,38.697075,-121.978414,292353,,2020-08-31,10,0,Zillow ZIP-level market for Madison; mapped with Census 2020 ZCTA 95653 in Yolo County.,,,,
95697 Yolo,zcta,95697,Yolo,38.7328813,-121.8071949,435823,,2020-08-31,10,0,Zillow ZIP-level market for Yolo; mapped with Census 2020 ZCTA 95697 in Yolo County.,,,,
95616 Davis,zcta,95616,Davis,38.5541465,-121.7985136,724483,1919,2020-09-30,10,0,Zillow ZIP-level market for Davis; mapped with Census 2020 ZCTA 95616 in Yolo County.,,1919,Zillow ZORI,
95691 West Sacramento,zcta,95691,West Sacramento,38.6279507,-121.5932868,457659,1825,2020-09-30,10,0,Zillow ZIP-level market for West Sacramento; mapped with Census 2020 ZCTA 95691 in Yolo County.,,1825,Zillow ZORI,
95695 Woodland,zcta,95695,Woodland,38.6940377,-121.8529316,418665,,2020-09-30,10,0,Zillow ZIP-level market for Woodland; mapped with Census 2020 ZCTA 95695 in Yolo County.,,,,
95776 Woodland,zcta,95776,Woodland,38.6986923,-121.6994618,473693,,2020-09-30,10,0,Zillow ZIP-level market for Woodland; mapped with Census 2020 ZCTA 95776 in Yolo County.,,,,
95618 Davis,zcta,95618,Davis,38.5430194,-121.6905376,711284,,2020-09-30,10,0,Zillow ZIP-level market for Davis; mapped with Census 2020 ZCTA 95618 in Yolo County.,,,,
95605 West Sacramento,zcta,95605,West Sacramento,38.5935212,-121.539867,337128,,2020-09-30,10,0,Zillow ZIP-level market for West Sacramento; mapped with Census 2020 ZCTA 95605 in Yolo County.,,,,
95694 Winters,zcta,95694,Winters,38.5716604,-122.0641679,500433,,2020-09-30,10,0,Zillow ZIP-level market for Winters; mapped with Census 2020 ZCTA 95694 in Yolo County.,,,,
95627 Esparto,zcta,95627,Esparto,38.7345127,-122.0253459,383310,,2020-09-30,10,0,Zillow ZIP-level market for Esparto; mapped with Census 2020 ZCTA 95627 in Yolo County.,,,,
95612 Clarksburg,zcta,95612,Clarksburg,38.3847062,-121.5787214,737275,,2020-09-30,10,0,Zillow ZIP-level market for Clarksburg; mapped with Census 2020 ZCTA 95612 in Yolo County.,,,,
95645 Knights Landing,zcta,95645,Knights Landing,38.8940348,-121.7968077,341339,,2020-09-30,10,0,Zillow ZIP-level market for Knights Landing; mapped with Census 2020 ZCTA 95645 in Yolo County.,,,,
95937 Woodland,zcta,95937,Woodland,38.8840651,-121.9984849,408505,,2020-09-30,10,0,Zillow ZIP-level market for Woodland; mapped with Census 2020 ZCTA 95937 in Yolo County.,,,,
95637 Brooks,zcta,95637,Brooks,38.8530151,-122.2728699,554174,,2020-09-30,10,0,Zillow ZIP-level market for Brooks; mapped with Census 2020 ZCTA 95637 in Yolo County.,,,,
95653 Madison,zcta,95653,Madison,38.697075,-121.978414,296614,,2020-09-30,10,0,Zillow ZIP-level market for Madison; mapped with Census 2020 ZCTA 95653 in Yolo County.,,,,
95697 Yolo,zcta,95697,Yolo,38.7328813,-121.8071949,441413,,2020-09-30,10,0,Zillow ZIP-level market for Yolo; mapped with Census 2020 ZCTA 95697 in Yolo County.,,,,
95616 Davis,zcta,95616,Davis,38.5541465,-121.7985136,734650,1915,2020-10-31,10,0,Zillow ZIP-level market for Davis; mapped with Census 2020 ZCTA 95616 in Yolo County.,,1915,Zillow ZORI,
95691 West Sacramento,zcta,95691,West Sacramento,38.6279507,-121.5932868,463624,1836,2020-10-31,10,0,Zillow ZIP-level market for West Sacramento; mapped with Census 2020 ZCTA 95691 in Yolo County.,,1836,Zillow ZORI,
95695 Woodland,zcta,95695,Woodland,38.6940377,-121.8529316,424722,,2020-10-31,10,0,Zillow ZIP-level market for Woodland; mapped with Census 2020 ZCTA 95695 in Yolo County.,,,,
95776 Woodland,zcta,95776,Woodland,38.6986923,-121.6994618,479596,,2020-10-31,10,0,Zillow ZIP-level market for Woodland; mapped with Census 2020 ZCTA 95776 in Yolo County.,,,,
95618 Davis,zcta,95618,Davis,38.5430194,-121.6905376,720097,,2020-10-31,10,0,Zillow ZIP-level market for Davis; mapped with Census 2020 ZCTA 95618 in Yolo County.,,,,
95605 West Sacramento,zcta,95605,West Sacramento,38.5935212,-121.539867,342560,,2020-10-31,10,0,Zillow ZIP-level market for West Sacramento; mapped with Census 2020 ZCTA 95605 in Yolo County.,,,,
95694 Winters,zcta,95694,Winters,38.5716604,-122.0641679,506821,,2020-10-31,10,0,Zillow ZIP-level market for Winters; mapped with Census 2020 ZCTA 95694 in Yolo County.,,,,
95627 Esparto,zcta,95627,Esparto,38.7345127,-122.0253459,388466,,2020-10-31,10,0,Zillow ZIP-level market for Esparto; mapped with Census 2020 ZCTA 95627 in Yolo County.,,,,
95612 Clarksburg,zcta,95612,Clarksburg,38.3847062,-121.5787214,753305,,2020-10-31,10,0,Zillow ZIP-level market for Clarksburg; mapped with Census 2020 ZCTA 95612 in Yolo County.,,,,
95645 Knights Landing,zcta,95645,Knights Landing,38.8940348,-121.7968077,347706,,2020-10-31,10,0,Zillow ZIP-level market for Knights Landing; mapped with Census 2020 ZCTA 95645 in Yolo County.,,,,
95937 Woodland,zcta,95937,Woodland,38.8840651,-121.9984849,419116,,2020-10-31,10,0,Zillow ZIP-level market for Woodland; mapped with Census 2020 ZCTA 95937 in Yolo County.,,,,
95637 Brooks,zcta,95637,Brooks,38.8530151,-122.2728699,565839,,2020-10-31,10,0,Zillow ZIP-level market for Brooks; mapped with Census 2020 ZCTA 95637 in Yolo County.,,,,
95653 Madison,zcta,95653,Madison,38.697075,-121.978414,300937,,2020-10-31,10,0,Zillow ZIP-level market for Madison; mapped with Census 2020 ZCTA 95653 in Yolo County.,,,,
95697 Yolo,zcta,95697,Yolo,38.7328813,-121.8071949,448751,,2020-10-31,10,0,Zillow ZIP-level market for Yolo; mapped with Census 2020 ZCTA 95697 in Yolo County.,,,,
95616 Davis,zcta,95616,Davis,38.5541465,-121.7985136,743676,1933,2020-11-30,10,0,Zillow ZIP-level market for Davis; mapped with Census 2020 ZCTA 95616 in Yolo County.,,1933,Zillow ZORI,
95691 West Sacramento,zcta,95691,West Sacramento,38.6279507,-121.5932868,470319,1852,2020-11-30,10,0,Zillow ZIP-level market for West Sacramento; mapped with Census 2020 ZCTA 95691 in Yolo County.,,1852,Zillow ZORI,
95695 Woodland,zcta,95695,Woodland,38.6940377,-121.8529316,431447,,2020-11-30,10,0,Zillow ZIP-level market for Woodland; mapped with Census 2020 ZCTA 95695 in Yolo County.,,,,
95776 Woodland,zcta,95776,Woodland,38.6986923,-121.6994618,486417,,2020-11-30,10,0,Zillow ZIP-level market for Woodland; mapped with Census 2020 ZCTA 95776 in Yolo County.,,,,
95618 Davis,zcta,95618,Davis,38.5430194,-121.6905376,728309,,2020-11-30,10,0,Zillow ZIP-level market for Davis; mapped with Census 2020 ZCTA 95618 in Yolo County.,,,,
95605 West Sacramento,zcta,95605,West Sacramento,38.5935212,-121.539867,348591,,2020-11-30,10,0,Zillow ZIP-level market for West Sacramento; mapped with Census 2020 ZCTA 95605 in Yolo County.,,,,
95694 Winters,zcta,95694,Winters,38.5716604,-122.0641679,514093,,2020-11-30,10,0,Zillow ZIP-level market for Winters; mapped with Census 2020 ZCTA 95694 in Yolo County.,,,,
95627 Esparto,zcta,95627,Esparto,38.7345127,-122.0253459,393521,,2020-11-30,10,0,Zillow ZIP-level market for Esparto; mapped with Census 2020 ZCTA 95627 in Yolo County.,,,,
95612 Clarksburg,zcta,95612,Clarksburg,38.3847062,-121.5787214,769242,,2020-11-30,10,0,Zillow ZIP-level market for Clarksburg; mapped with Census 2020 ZCTA 95612 in Yolo County.,,,,
95645 Knights Landing,zcta,95645,Knights Landing,38.8940348,-121.7968077,354858,,2020-11-30,10,0,Zillow ZIP-level market for Knights Landing; mapped with Census 2020 ZCTA 95645 in Yolo County.,,,,
95937 Woodland,zcta,95937,Woodland,38.8840651,-121.9984849,429880,,2020-11-30,10,0,Zillow ZIP-level market for Woodland; mapped with Census 2020 ZCTA 95937 in Yolo County.,,,,
95637 Brooks,zcta,95637,Brooks,38.8530151,-122.2728699,577105,,2020-11-30,10,0,Zillow ZIP-level market for Brooks; mapped with Census 2020 ZCTA 95637 in Yolo County.,,,,
95653 Madison,zcta,95653,Madison,38.697075,-121.978414,305213,,2020-11-30,10,0,Zillow ZIP-level market for Madison; mapped with Census 2020 ZCTA 95653 in Yolo County.,,,,
95697 Yolo,zcta,95697,Yolo,38.7328813,-121.8071949,457732,,2020-11-30,10,0,Zillow ZIP-level market for Yolo; mapped with Census 2020 ZCTA 95697 in Yolo County.,,,,
95616 Davis,zcta,95616,Davis,38.5541465,-121.7985136,752210,1939,2020-12-31,10,0,Zillow ZIP-level market for Davis; mapped with Census 2020 ZCTA 95616 in Yolo County.,,1939,Zillow ZORI,
95691 West Sacramento,zcta,95691,West Sacramento,38.6279507,-121.5932868,477457,1862,2020-12-31,10,0,Zillow ZIP-level market for West Sacramento; mapped with Census 2020 ZCTA 95691 in Yolo County.,,1862,Zillow ZORI,
95695 Woodland,zcta,95695,Woodland,38.6940377,-121.8529316,438498,,2020-12-31,10,0,Zillow ZIP-level market for Woodland; mapped with Census 2020 ZCTA 95695 in Yolo County.,,,,
95776 Woodland,zcta,95776,Woodland,38.6986923,-121.6994618,493659,,2020-12-31,10,0,Zillow ZIP-level market for Woodland; mapped with Census 2020 ZCTA 95776 in Yolo County.,,,,
95618 Davis,zcta,95618,Davis,38.5430194,-121.6905376,735250,,2020-12-31,10,0,Zillow ZIP-level market for Davis; mapped with Census 2020 ZCTA 95618 in Yolo County.,,,,
95605 West Sacramento,zcta,95605,West Sacramento,38.5935212,-121.539867,354955,,2020-12-31,10,0,Zillow ZIP-level market for West Sacramento; mapped with Census 2020 ZCTA 95605 in Yolo County.,,,,
95694 Winters,zcta,95694,Winters,38.5716604,-122.0641679,521263,,2020-12-31,10,0,Zillow ZIP-level market for Winters; mapped with Census 2020 ZCTA 95694 in Yolo County.,,,,
95627 Esparto,zcta,95627,Esparto,38.7345127,-122.0253459,398877,,2020-12-31,10,0,Zillow ZIP-level market for Esparto; mapped with Census 2020 ZCTA 95627 in Yolo County.,,,,
95612 Clarksburg,zcta,95612,Clarksburg,38.3847062,-121.5787214,780611,,2020-12-31,10,0,Zillow ZIP-level market for Clarksburg; mapped with Census 2020 ZCTA 95612 in Yolo County.,,,,
95645 Knights Landing,zcta,95645,Knights Landing,38.8940348,-121.7968077,362135,,2020-12-31,10,0,Zillow ZIP-level market for Knights Landing; mapped with Census 2020 ZCTA 95645 in Yolo County.,,,,
95937 Woodland,zcta,95937,Woodland,38.8840651,-121.9984849,438666,,2020-12-31,10,0,Zillow ZIP-level market for Woodland; mapped with Census 2020 ZCTA 95937 in Yolo County.,,,,
95637 Brooks,zcta,95637,Brooks,38.8530151,-122.2728699,586650,,2020-12-31,10,0,Zillow ZIP-level market for Brooks; mapped with Census 2020 ZCTA 95637 in Yolo County.,,,,
95653 Madison,zcta,95653,Madison,38.697075,-121.978414,309088,,2020-12-31,10,0,Zillow ZIP-level market for Madison; mapped with Census 2020 ZCTA 95653 in Yolo County.,,,,
95697 Yolo,zcta,95697,Yolo,38.7328813,-121.8071949,465316,,2020-12-31,10,0,Zillow ZIP-level market for Yolo; mapped with Census 2020 ZCTA 95697 in Yolo County.,,,,
95616 Davis,zcta,95616,Davis,38.5541465,-121.7985136,758142,1960,2021-01-31,10,0,Zillow ZIP-level market for Davis; mapped with Census 2020 ZCTA 95616 in Yolo County.,,1960,Zillow ZORI,
95691 West Sacramento,zcta,95691,West Sacramento,38.6279507,-121.5932868,484717,1911,2021-01-31,10,0,Zillow ZIP-level market for West Sacramento; mapped with Census 2020 ZCTA 95691 in Yolo County.,,1911,Zillow ZORI,
95695 Woodland,zcta,95695,Woodland,38.6940377,-121.8529316,445055,,2021-01-31,10,0,Zillow ZIP-level market for Woodland; mapped with Census 2020 ZCTA 95695 in Yolo County.,,,,
95776 Woodland,zcta,95776,Woodland,38.6986923,-121.6994618,500628,,2021-01-31,10,0,Zillow ZIP-level market for Woodland; mapped with Census 2020 ZCTA 95776 in Yolo County.,,,,
95618 Davis,zcta,95618,Davis,38.5430194,-121.6905376,740819,,2021-01-31,10,0,Zillow ZIP-level market for Davis; mapped with Census 2020 ZCTA 95618 in Yolo County.,,,,
95605 West Sacramento,zcta,95605,West Sacramento,38.5935212,-121.539867,361338,,2021-01-31,10,0,Zillow ZIP-level market for West Sacramento; mapped with Census 2020 ZCTA 95605 in Yolo County.,,,,
95694 Winters,zcta,95694,Winters,38.5716604,-122.0641679,527534,,2021-01-31,10,0,Zillow ZIP-level market for Winters; mapped with Census 2020 ZCTA 95694 in Yolo County.,,,,
95627 Esparto,zcta,95627,Esparto,38.7345127,-122.0253459,404521,,2021-01-31,10,0,Zillow ZIP-level market for Esparto; mapped with Census 2020 ZCTA 95627 in Yolo County.,,,,
95612 Clarksburg,zcta,95612,Clarksburg,38.3847062,-121.5787214,787658,,2021-01-31,10,0,Zillow ZIP-level market for Clarksburg; mapped with Census 2020 ZCTA 95612 in Yolo County.,,,,
95645 Knights Landing,zcta,95645,Knights Landing,38.8940348,-121.7968077,368373,,2021-01-31,10,0,Zillow ZIP-level market for Knights Landing; mapped with Census 2020 ZCTA 95645 in Yolo County.,,,,
95937 Woodland,zcta,95937,Woodland,38.8840651,-121.9984849,445212,,2021-01-31,10,0,Zillow ZIP-level market for Woodland; mapped with Census 2020 ZCTA 95937 in Yolo County.,,,,
95637 Brooks,zcta,95637,Brooks,38.8530151,-122.2728699,593693,,2021-01-31,10,0,Zillow ZIP-level market for Brooks; mapped with Census 2020 ZCTA 95637 in Yolo County.,,,,
95653 Madison,zcta,95653,Madison,38.697075,-121.978414,313169,,2021-01-31,10,0,Zillow ZIP-level market for Madison; mapped with Census 2020 ZCTA 95653 in Yolo County.,,,,
95697 Yolo,zcta,95697,Yolo,38.7328813,-121.8071949,468759,,2021-01-31,10,0,Zillow ZIP-level market for Yolo; mapped with Census 2020 ZCTA 95697 in Yolo County.,,,,
95616 Davis,zcta,95616,Davis,38.5541465,-121.7985136,763299,1955,2021-02-28,10,0,Zillow ZIP-level market for Davis; mapped with Census 2020 ZCTA 95616 in Yolo County.,,1955,Zillow ZORI,
95691 West Sacramento,zcta,95691,West Sacramento,38.6279507,-121.5932868,492507,1935,2021-02-28,10,0,Zillow ZIP-level market for West Sacramento; mapped with Census 2020 ZCTA 95691 in Yolo County.,,1935,Zillow ZORI,
95695 Woodland,zcta,95695,Woodland,38.6940377,-121.8529316,451092,,2021-02-28,10,0,Zillow ZIP-level market for Woodland; mapped with Census 2020 ZCTA 95695 in Yolo County.,,,,
95776 Woodland,zcta,95776,Woodland,38.6986923,-121.6994618,507387,,2021-02-28,10,0,Zillow ZIP-level market for Woodland; mapped with Census 2020 ZCTA 95776 in Yolo County.,,,,
95618 Davis,zcta,95618,Davis,38.5430194,-121.6905376,746321,,2021-02-28,10,0,Zillow ZIP-level market for Davis; mapped with Census 2020 ZCTA 95618 in Yolo County.,,,,
95605 West Sacramento,zcta,95605,West Sacramento,38.5935212,-121.539867,367766,,2021-02-28,10,0,Zillow ZIP-level market for West Sacramento; mapped with Census 2020 ZCTA 95605 in Yolo County.,,,,
95694 Winters,zcta,95694,Winters,38.5716604,-122.0641679,534199,,2021-02-28,10,0,Zillow ZIP-level market for Winters; mapped with Census 2020 ZCTA 95694 in Yolo County.,,,,
95627 Esparto,zcta,95627,Esparto,38.7345127,-122.0253459,410474,,2021-02-28,10,0,Zillow ZIP-level market for Esparto; mapped with Census 2020 ZCTA 95627 in Yolo County.,,,,
95612 Clarksburg,zcta,95612,Clarksburg,38.3847062,-121.5787214,792192,,2021-02-28,10,0,Zillow ZIP-level market for Clarksburg; mapped with Census 2020 ZCTA 95612 in Yolo County.,,,,
95645 Knights Landing,zcta,95645,Knights Landing,38.8940348,-121.7968077,374149,,2021-02-28,10,0,Zillow ZIP-level market for Knights Landing; mapped with Census 2020 ZCTA 95645 in Yolo County.,,,,
95937 Woodland,zcta,95937,Woodland,38.8840651,-121.9984849,451186,,2021-02-28,10,0,Zillow ZIP-level market for Woodland; mapped with Census 2020 ZCTA 95937 in Yolo County.,,,,
95637 Brooks,zcta,95637,Brooks,38.8530151,-122.2728699,601439,,2021-02-28,10,0,Zillow ZIP-level market for Brooks; mapped with Census 2020 ZCTA 95637 in Yolo County.,,,,
95653 Madison,zcta,95653,Madison,38.697075,-121.978414,316764,,2021-02-28,10,0,Zillow ZIP-level market for Madison; mapped with Census 2020 ZCTA 95653 in Yolo County.,,,,
95697 Yolo,zcta,95697,Yolo,38.7328813,-121.8071949,471121,,2021-02-28,10,0,Zillow ZIP-level market for Yolo; mapped with Census 2020 ZCTA 95697 in Yolo County.,,,,
95616 Davis,zcta,95616,Davis,38.5541465,-121.7985136,768126,1983,2021-03-31,10,0,Zillow ZIP-level market for Davis; mapped with Census 2020 ZCTA 95616 in Yolo County.,,1983,Zillow ZORI,
95691 West Sacramento,zcta,95691,West Sacramento,38.6279507,-121.5932868,500525,,2021-03-31,10,0,Zillow ZIP-level market for West Sacramento; mapped with Census 2020 ZCTA 95691 in Yolo County.,,,,
95695 Woodland,zcta,95695,Woodland,38.6940377,-121.8529316,456142,,2021-03-31,10,0,Zillow ZIP-level market for Woodland; mapped with Census 2020 ZCTA 95695 in Yolo County.,,,,
95776 Woodland,zcta,95776,Woodland,38.6986923,-121.6994618,514066,,2021-03-31,10,0,Zillow ZIP-level market for Woodland; mapped with Census 2020 ZCTA 95776 in Yolo County.,,,,
95618 Davis,zcta,95618,Davis,38.5430194,-121.6905376,753002,,2021-03-31,10,0,Zillow ZIP-level market for Davis; mapped with Census 2020 ZCTA 95618 in Yolo County.,,,,
95605 West Sacramento,zcta,95605,West Sacramento,38.5935212,-121.539867,373613,,2021-03-31,10,0,Zillow ZIP-level market for West Sacramento; mapped with Census 2020 ZCTA 95605 in Yolo County.,,,,
95694 Winters,zcta,95694,Winters,38.5716604,-122.0641679,541236,,2021-03-31,10,0,Zillow ZIP-level market for Winters; mapped with Census 2020 ZCTA 95694 in Yolo County.,,,,
95627 Esparto,zcta,95627,Esparto,38.7345127,-122.0253459,416710,,2021-03-31,10,0,Zillow ZIP-level market for Esparto; mapped with Census 2020 ZCTA 95627 in Yolo County.,,,,
95612 Clarksburg,zcta,95612,Clarksburg,38.3847062,-121.5787214,794918,,2021-03-31,10,0,Zillow ZIP-level market for Clarksburg; mapped with Census 2020 ZCTA 95612 in Yolo County.,,,,
95645 Knights Landing,zcta,95645,Knights Landing,38.8940348,-121.7968077,379287,,2021-03-31,10,0,Zillow ZIP-level market for Knights Landing; mapped with Census 2020 ZCTA 95645 in Yolo County.,,,,
95937 Woodland,zcta,95937,Woodland,38.8840651,-121.9984849,456143,,2021-03-31,10,0,Zillow ZIP-level market for Woodland; mapped with Census 2020 ZCTA 95937 in Yolo County.,,,,
95637 Brooks,zcta,95637,Brooks,38.8530151,-122.2728699,608294,,2021-03-31,10,0,Zillow ZIP-level market for Brooks; mapped with Census 2020 ZCTA 95637 in Yolo County.,,,,
95653 Madison,zcta,95653,Madison,38.697075,-121.978414,320401,,2021-03-31,10,0,Zillow ZIP-level market for Madison; mapped with Census 2020 ZCTA 95653 in Yolo County.,,,,
95697 Yolo,zcta,95697,Yolo,38.7328813,-121.8071949,474088,,2021-03-31,10,0,Zillow ZIP-level market for Yolo; mapped with Census 2020 ZCTA 95697 in Yolo County.,,,,
95616 Davis,zcta,95616,Davis,38.5541465,-121.7985136,777048,1992,2021-04-30,10,0,Zillow ZIP-level market for Davis; mapped with Census 2020 ZCTA 95616 in Yolo County.,,1992,Zillow ZORI,
95691 West Sacramento,zcta,95691,West Sacramento,38.6279507,-121.5932868,509686,1946,2021-04-30,10,0,Zillow ZIP-level market for West Sacramento; mapped with Census 2020 ZCTA 95691 in Yolo County.,,1946,Zillow ZORI,
95695 Woodland,zcta,95695,Woodland,38.6940377,-121.8529316,461438,,2021-04-30,10,0,Zillow ZIP-level market for Woodland; mapped with Census 2020 ZCTA 95695 in Yolo County.,,,,
95776 Woodland,zcta,95776,Woodland,38.6986923,-121.6994618,521708,,2021-04-30,10,0,Zillow ZIP-level market for Woodland; mapped with Census 2020 ZCTA 95776 in Yolo County.,,,,
95618 Davis,zcta,95618,Davis,38.5430194,-121.6905376,762948,,2021-04-30,10,0,Zillow ZIP-level market for Davis; mapped with Census 2020 ZCTA 95618 in Yolo County.,,,,
95605 West Sacramento,zcta,95605,West Sacramento,38.5935212,-121.539867,379279,,2021-04-30,10,0,Zillow ZIP-level market for West Sacramento; mapped with Census 2020 ZCTA 95605 in Yolo County.,,,,
95694 Winters,zcta,95694,Winters,38.5716604,-122.0641679,549799,,2021-04-30,10,0,Zillow ZIP-level market for Winters; mapped with Census 2020 ZCTA 95694 in Yolo County.,,,,
95627 Esparto,zcta,95627,Esparto,38.7345127,-122.0253459,423109,,2021-04-30,10,0,Zillow ZIP-level market for Esparto; mapped with Census 2020 ZCTA 95627 in Yolo County.,,,,
95612 Clarksburg,zcta,95612,Clarksburg,38.3847062,-121.5787214,800664,,2021-04-30,10,0,Zillow ZIP-level market for Clarksburg; mapped with Census 2020 ZCTA 95612 in Yolo County.,,,,
95645 Knights Landing,zcta,95645,Knights Landing,38.8940348,-121.7968077,384922,,2021-04-30,10,0,Zillow ZIP-level market for Knights Landing; mapped with Census 2020 ZCTA 95645 in Yolo County.,,,,
95937 Woodland,zcta,95937,Woodland,38.8840651,-121.9984849,462466,,2021-04-30,10,0,Zillow ZIP-level market for Woodland; mapped with Census 2020 ZCTA 95937 in Yolo County.,,,,
95637 Brooks,zcta,95637,Brooks,38.8530151,-122.2728699,617103,,2021-04-30,10,0,Zillow ZIP-level market for Brooks; mapped with Census 2020 ZCTA 95637 in Yolo County.,,,,
95653 Madison,zcta,95653,Madison,38.697075,-121.978414,324296,,2021-04-30,10,0,Zillow ZIP-level market for Madison; mapped with Census 2020 ZCTA 95653 in Yolo County.,,,,
95697 Yolo,zcta,95697,Yolo,38.7328813,-121.8071949,480730,,2021-04-30,10,0,Zillow ZIP-level market for Yolo; mapped with Census 2020 ZCTA 95697 in Yolo County.,,,,
95616 Davis,zcta,95616,Davis,38.5541465,-121.7985136,789720,2012,2021-05-31,10,0,Zillow ZIP-level market for Davis; mapped with Census 2020 ZCTA 95616 in Yolo County.,,2012,Zillow ZORI,
95691 West Sacramento,zcta,95691,West Sacramento,38.6279507,-121.5932868,520236,1982,2021-05-31,10,0,Zillow ZIP-level market for West Sacramento; mapped with Census 2020 ZCTA 95691 in Yolo County.,,1982,Zillow ZORI,
95695 Woodland,zcta,95695,Woodland,38.6940377,-121.8529316,467855,,2021-05-31,10,0,Zillow ZIP-level market for Woodland; mapped with Census 2020 ZCTA 95695 in Yolo County.,,,,
95776 Woodland,zcta,95776,Woodland,38.6986923,-121.6994618,530445,,2021-05-31,10,0,Zillow ZIP-level market for Woodland; mapped with Census 2020 ZCTA 95776 in Yolo County.,,,,
95618 Davis,zcta,95618,Davis,38.5430194,-121.6905376,776243,,2021-05-31,10,0,Zillow ZIP-level market for Davis; mapped with Census 2020 ZCTA 95618 in Yolo County.,,,,
95605 West Sacramento,zcta,95605,West Sacramento,38.5935212,-121.539867,385486,,2021-05-31,10,0,Zillow ZIP-level market for West Sacramento; mapped with Census 2020 ZCTA 95605 in Yolo County.,,,,
95694 Winters,zcta,95694,Winters,38.5716604,-122.0641679,559256,,2021-05-31,10,0,Zillow ZIP-level market for Winters; mapped with Census 2020 ZCTA 95694 in Yolo County.,,,,
95627 Esparto,zcta,95627,Esparto,38.7345127,-122.0253459,430926,,2021-05-31,10,0,Zillow ZIP-level market for Esparto; mapped with Census 2020 ZCTA 95627 in Yolo County.,,,,
95612 Clarksburg,zcta,95612,Clarksburg,38.3847062,-121.5787214,813208,,2021-05-31,10,0,Zillow ZIP-level market for Clarksburg; mapped with Census 2020 ZCTA 95612 in Yolo County.,,,,
95645 Knights Landing,zcta,95645,Knights Landing,38.8940348,-121.7968077,390758,,2021-05-31,10,0,Zillow ZIP-level market for Knights Landing; mapped with Census 2020 ZCTA 95645 in Yolo County.,,,,
95937 Woodland,zcta,95937,Woodland,38.8840651,-121.9984849,470235,,2021-05-31,10,0,Zillow ZIP-level market for Woodland; mapped with Census 2020 ZCTA 95937 in Yolo County.,,,,
95637 Brooks,zcta,95637,Brooks,38.8530151,-122.2728699,627359,,2021-05-31,10,0,Zillow ZIP-level market for Brooks; mapped with Census 2020 ZCTA 95637 in Yolo County.,,,,
95653 Madison,zcta,95653,Madison,38.697075,-121.978414,329898,,2021-05-31,10,0,Zillow ZIP-level market for Madison; mapped with Census 2020 ZCTA 95653 in Yolo County.,,,,
95697 Yolo,zcta,95697,Yolo,38.7328813,-121.8071949,489411,,2021-05-31,10,0,Zillow ZIP-level market for Yolo; mapped with Census 2020 ZCTA 95697 in Yolo County.,,,,
95616 Davis,zcta,95616,Davis,38.5541465,-121.7985136,802211,2044,2021-06-30,10,0,Zillow ZIP-level market for Davis; mapped with Census 2020 ZCTA 95616 in Yolo County.,,2044,Zillow ZORI,
95691 West Sacramento,zcta,95691,West Sacramento,38.6279507,-121.5932868,531054,2000,2021-06-30,10,0,Zillow ZIP-level market for West Sacramento; mapped with Census 2020 ZCTA 95691 in Yolo County.,,2000,Zillow ZORI,
95695 Woodland,zcta,95695,Woodland,38.6940377,-121.8529316,475122,,2021-06-30,10,0,Zillow ZIP-level market for Woodland; mapped with Census 2020 ZCTA 95695 in Yolo County.,,,,
95776 Woodland,zcta,95776,Woodland,38.6986923,-121.6994618,539848,,2021-06-30,10,0,Zillow ZIP-level market for Woodland; mapped with Census 2020 ZCTA 95776 in Yolo County.,,,,
95618 Davis,zcta,95618,Davis,38.5430194,-121.6905376,789335,,2021-06-30,10,0,Zillow ZIP-level market for Davis; mapped with Census 2020 ZCTA 95618 in Yolo County.,,,,
95605 West Sacramento,zcta,95605,West Sacramento,38.5935212,-121.539867,392178,,2021-06-30,10,0,Zillow ZIP-level market for West Sacramento; mapped with Census 2020 ZCTA 95605 in Yolo County.,,,,
95694 Winters,zcta,95694,Winters,38.5716604,-122.0641679,568923,,2021-06-30,10,0,Zillow ZIP-level market for Winters; mapped with Census 2020 ZCTA 95694 in Yolo County.,,,,
95627 Esparto,zcta,95627,Esparto,38.7345127,-122.0253459,438569,,2021-06-30,10,0,Zillow ZIP-level market for Esparto; mapped with Census 2020 ZCTA 95627 in Yolo County.,,,,
95612 Clarksburg,zcta,95612,Clarksburg,38.3847062,-121.5787214,830929,,2021-06-30,10,0,Zillow ZIP-level market for Clarksburg; mapped with Census 2020 ZCTA 95612 in Yolo County.,,,,
95645 Knights Landing,zcta,95645,Knights Landing,38.8940348,-121.7968077,396291,,2021-06-30,10,0,Zillow ZIP-level market for Knights Landing; mapped with Census 2020 ZCTA 95645 in Yolo County.,,,,
95937 Woodland,zcta,95937,Woodland,38.8840651,-121.9984849,480374,,2021-06-30,10,0,Zillow ZIP-level market for Woodland; mapped with Census 2020 ZCTA 95937 in Yolo County.,,,,
95637 Brooks,zcta,95637,Brooks,38.8530151,-122.2728699,640429,,2021-06-30,10,0,Zillow ZIP-level market for Brooks; mapped with Census 2020 ZCTA 95637 in Yolo County.,,,,
95653 Madison,zcta,95653,Madison,38.697075,-121.978414,335864,,2021-06-30,10,0,Zillow ZIP-level market for Madison; mapped with Census 2020 ZCTA 95653 in Yolo County.,,,,
95697 Yolo,zcta,95697,Yolo,38.7328813,-121.8071949,497453,,2021-06-30,10,0,Zillow ZIP-level market for Yolo; mapped with Census 2020 ZCTA 95697 in Yolo County.,,,,
95616 Davis,zcta,95616,Davis,38.5541465,-121.7985136,811796,2074,2021-07-31,10,0,Zillow ZIP-level market for Davis; mapped with Census 2020 ZCTA 95616 in Yolo County.,,2074,Zillow ZORI,
95691 West Sacramento,zcta,95691,West Sacramento,38.6279507,-121.5932868,540660,2016,2021-07-31,10,0,Zillow ZIP-level market for West Sacramento; mapped with Census 2020 ZCTA 95691 in Yolo County.,,2016,Zillow ZORI,
95695 Woodland,zcta,95695,Woodland,38.6940377,-121.8529316,481524,,2021-07-31,10,0,Zillow ZIP-level market for Woodland; mapped with Census 2020 ZCTA 95695 in Yolo County.,,,,
95776 Woodland,zcta,95776,Woodland,38.6986923,-121.6994618,549154,,2021-07-31,10,0,Zillow ZIP-level market for Woodland; mapped with Census 2020 ZCTA 95776 in Yolo County.,,,,
95618 Davis,zcta,95618,Davis,38.5430194,-121.6905376,800387,,2021-07-31,10,0,Zillow ZIP-level market for Davis; mapped with Census 2020 ZCTA 95618 in Yolo County.,,,,
95605 West Sacramento,zcta,95605,West Sacramento,38.5935212,-121.539867,397361,,2021-07-31,10,0,Zillow ZIP-level market for West Sacramento; mapped with Census 2020 ZCTA 95605 in Yolo County.,,,,
95694 Winters,zcta,95694,Winters,38.5716604,-122.0641679,577026,,2021-07-31,10,0,Zillow ZIP-level market for Winters; mapped with Census 2020 ZCTA 95694 in Yolo County.,,,,
95627 Esparto,zcta,95627,Esparto,38.7345127,-122.0253459,445796,,2021-07-31,10,0,Zillow ZIP-level market for Esparto; mapped with Census 2020 ZCTA 95627 in Yolo County.,,,,
95612 Clarksburg,zcta,95612,Clarksburg,38.3847062,-121.5787214,848309,,2021-07-31,10,0,Zillow ZIP-level market for Clarksburg; mapped with Census 2020 ZCTA 95612 in Yolo County.,,,,
95645 Knights Landing,zcta,95645,Knights Landing,38.8940348,-121.7968077,400645,,2021-07-31,10,0,Zillow ZIP-level market for Knights Landing; mapped with Census 2020 ZCTA 95645 in Yolo County.,,,,
95937 Woodland,zcta,95937,Woodland,38.8840651,-121.9984849,486175,,2021-07-31,10,0,Zillow ZIP-level market for Woodland; mapped with Census 2020 ZCTA 95937 in Yolo County.,,,,
95637 Brooks,zcta,95637,Brooks,38.8530151,-122.2728699,651738,,2021-07-31,10,0,Zillow ZIP-level market for Brooks; mapped with Census 2020 ZCTA 95637 in Yolo County.,,,,
95653 Madison,zcta,95653,Madison,38.697075,-121.978414,340060,,2021-07-31,10,0,Zillow ZIP-level market for Madison; mapped with Census 2020 ZCTA 95653 in Yolo County.,,,,
95697 Yolo,zcta,95697,Yolo,38.7328813,-121.8071949,501874,,2021-07-31,10,0,Zillow ZIP-level market for Yolo; mapped with Census 2020 ZCTA 95697 in Yolo County.,,,,
95616 Davis,zcta,95616,Davis,38.5541465,-121.7985136,816335,2107,2021-08-31,10,0,Zillow ZIP-level market for Davis; mapped with Census 2020 ZCTA 95616 in Yolo County.,,2107,Zillow ZORI,
95691 West Sacramento,zcta,95691,West Sacramento,38.6279507,-121.5932868,546919,1995,2021-08-31,10,0,Zillow ZIP-level market for West Sacramento; mapped with Census 2020 ZCTA 95691 in Yolo County.,,1995,Zillow ZORI,
95695 Woodland,zcta,95695,Woodland,38.6940377,-121.8529316,484496,,2021-08-31,10,0,Zillow ZIP-level market for Woodland; mapped with Census 2020 ZCTA 95695 in Yolo County.,,,,
95776 Woodland,zcta,95776,Woodland,38.6986923,-121.6994618,556379,,2021-08-31,10,0,Zillow ZIP-level market for Woodland; mapped with Census 2020 ZCTA 95776 in Yolo County.,,,,
95618 Davis,zcta,95618,Davis,38.5430194,-121.6905376,806394,,2021-08-31,10,0,Zillow ZIP-level market for Davis; mapped with Census 2020 ZCTA 95618 in Yolo County.,,,,
95605 West Sacramento,zcta,95605,West Sacramento,38.5935212,-121.539867,399187,,2021-08-31,10,0,Zillow ZIP-level market for West Sacramento; mapped with Census 2020 ZCTA 95605 in Yolo County.,,,,
95694 Winters,zcta,95694,Winters,38.5716604,-122.0641679,581200,,2021-08-31,10,0,Zillow ZIP-level market for Winters; mapped with Census 2020 ZCTA 95694 in Yolo County.,,,,
95627 Esparto,zcta,95627,Esparto,38.7345127,-122.0253459,450408,,2021-08-31,10,0,Zillow ZIP-level market for Esparto; mapped with Census 2020 ZCTA 95627 in Yolo County.,,,,
95612 Clarksburg,zcta,95612,Clarksburg,38.3847062,-121.5787214,858353,,2021-08-31,10,0,Zillow ZIP-level market for Clarksburg; mapped with Census 2020 ZCTA 95612 in Yolo County.,,,,
95645 Knights Landing,zcta,95645,Knights Landing,38.8940348,-121.7968077,403053,,2021-08-31,10,0,Zillow ZIP-level market for Knights Landing; mapped with Census 2020 ZCTA 95645 in Yolo County.,,,,
95937 Woodland,zcta,95937,Woodland,38.8840651,-121.9984849,486621,,2021-08-31,10,0,Zillow ZIP-level market for Woodland; mapped with Census 2020 ZCTA 95937 in Yolo County.,,,,
95637 Brooks,zcta,95637,Brooks,38.8530151,-122.2728699,657452,,2021-08-31,10,0,Zillow ZIP-level market for Brooks; mapped with Census 2020 ZCTA 95637 in Yolo County.,,,,
95653 Madison,zcta,95653,Madison,38.697075,-121.978414,340856,,2021-08-31,10,0,Zillow ZIP-level market for Madison; mapped with Census 2020 ZCTA 95653 in Yolo County.,,,,
95697 Yolo,zcta,95697,Yolo,38.7328813,-121.8071949,499201,,2021-08-31,10,0,Zillow ZIP-level market for Yolo; mapped with Census 2020 ZCTA 95697 in Yolo County.,,,,
95616 Davis,zcta,95616,Davis,38.5541465,-121.7985136,818436,2117,2021-09-30,10,0,Zillow ZIP-level market for Davis; mapped with Census 2020 ZCTA 95616 in Yolo County.,,2117,Zillow ZORI,
95691 West Sacramento,zcta,95691,West Sacramento,38.6279507,-121.5932868,551212,2061,2021-09-30,10,0,Zillow ZIP-level market for West Sacramento; mapped with Census 2020 ZCTA 95691 in Yolo County.,,2061,Zillow ZORI,
95695 Woodland,zcta,95695,Woodland,38.6940377,-121.8529316,485207,,2021-09-30,10,0,Zillow ZIP-level market for Woodland; mapped with Census 2020 ZCTA 95695 in Yolo County.,,,,
95776 Woodland,zcta,95776,Woodland,38.6986923,-121.6994618,562416,,2021-09-30,10,0,Zillow ZIP-level market for Woodland; mapped with Census 2020 ZCTA 95776 in Yolo County.,,,,
95618 Davis,zcta,95618,Davis,38.5430194,-121.6905376,809049,,2021-09-30,10,0,Zillow ZIP-level market for Davis; mapped with Census 2020 ZCTA 95618 in Yolo County.,,,,
95605 West Sacramento,zcta,95605,West Sacramento,38.5935212,-121.539867,398506,,2021-09-30,10,0,Zillow ZIP-level market for West Sacramento; mapped with Census 2020 ZCTA 95605 in Yolo County.,,,,
95694 Winters,zcta,95694,Winters,38.5716604,-122.0641679,582501,,2021-09-30,10,0,Zillow ZIP-level market for Winters; mapped with Census 2020 ZCTA 95694 in Yolo County.,,,,
95627 Esparto,zcta,95627,Esparto,38.7345127,-122.0253459,453621,,2021-09-30,10,0,Zillow ZIP-level market for Esparto; mapped with Census 2020 ZCTA 95627 in Yolo County.,,,,
95612 Clarksburg,zcta,95612,Clarksburg,38.3847062,-121.5787214,864663,,2021-09-30,10,0,Zillow ZIP-level market for Clarksburg; mapped with Census 2020 ZCTA 95612 in Yolo County.,,,,
95645 Knights Landing,zcta,95645,Knights Landing,38.8940348,-121.7968077,403963,,2021-09-30,10,0,Zillow ZIP-level market for Knights Landing; mapped with Census 2020 ZCTA 95645 in Yolo County.,,,,
95937 Woodland,zcta,95937,Woodland,38.8840651,-121.9984849,483011,,2021-09-30,10,0,Zillow ZIP-level market for Woodland; mapped with Census 2020 ZCTA 95937 in Yolo County.,,,,
95637 Brooks,zcta,95637,Brooks,38.8530151,-122.2728699,659504,,2021-09-30,10,0,Zillow ZIP-level market for Brooks; mapped with Census 2020 ZCTA 95637 in Yolo County.,,,,
95653 Madison,zcta,95653,Madison,38.697075,-121.978414,339220,,2021-09-30,10,0,Zillow ZIP-level market for Madison; mapped with Census 2020 ZCTA 95653 in Yolo County.,,,,
95697 Yolo,zcta,95697,Yolo,38.7328813,-121.8071949,493208,,2021-09-30,10,0,Zillow ZIP-level market for Yolo; mapped with Census 2020 ZCTA 95697 in Yolo County.,,,,
95616 Davis,zcta,95616,Davis,38.5541465,-121.7985136,822189,2098,2021-10-31,10,0,Zillow ZIP-level market for Davis; mapped with Census 2020 ZCTA 95616 in Yolo County.,,2098,Zillow ZORI,
95691 West Sacramento,zcta,95691,West Sacramento,38.6279507,-121.5932868,554640,2053,2021-10-31,10,0,Zillow ZIP-level market for West Sacramento; mapped with Census 2020 ZCTA 95691 in Yolo County.,,2053,Zillow ZORI,
95695 Woodland,zcta,95695,Woodland,38.6940377,-121.8529316,486149,,2021-10-31,10,0,Zillow ZIP-level market for Woodland; mapped with Census 2020 ZCTA 95695 in Yolo County.,,,,
95776 Woodland,zcta,95776,Woodland,38.6986923,-121.6994618,567627,,2021-10-31,10,0,Zillow ZIP-level market for Woodland; mapped with Census 2020 ZCTA 95776 in Yolo County.,,,,
95618 Davis,zcta,95618,Davis,38.5430194,-121.6905376,811477,,2021-10-31,10,0,Zillow ZIP-level market for Davis; mapped with Census 2020 ZCTA 95618 in Yolo County.,,,,
95605 West Sacramento,zcta,95605,West Sacramento,38.5935212,-121.539867,397814,,2021-10-31,10,0,Zillow ZIP-level market for West Sacramento; mapped with Census 2020 ZCTA 95605 in Yolo County.,,,,
95694 Winters,zcta,95694,Winters,38.5716604,-122.0641679,583200,,2021-10-31,10,0,Zillow ZIP-level market for Winters; mapped with Census 2020 ZCTA 95694 in Yolo County.,,,,
95627 Esparto,zcta,95627,Esparto,38.7345127,-122.0253459,456189,,2021-10-31,10,0,Zillow ZIP-level market for Esparto; mapped with Census 2020 ZCTA 95627 in Yolo County.,,,,
95612 Clarksburg,zcta,95612,Clarksburg,38.3847062,-121.5787214,871647,,2021-10-31,10,0,Zillow ZIP-level market for Clarksburg; mapped with Census 2020 ZCTA 95612 in Yolo County.,,,,
95645 Knights Landing,zcta,95645,Knights Landing,38.8940348,-121.7968077,404683,,2021-10-31,10,0,Zillow ZIP-level market for Knights Landing; mapped with Census 2020 ZCTA 95645 in Yolo County.,,,,
95937 Woodland,zcta,95937,Woodland,38.8840651,-121.9984849,481376,,2021-10-31,10,0,Zillow ZIP-level market for Woodland; mapped with Census 2020 ZCTA 95937 in Yolo County.,,,,
95637 Brooks,zcta,95637,Brooks,38.8530151,-122.2728699,661657,,2021-10-31,10,0,Zillow ZIP-level market for Brooks; mapped with Census 2020 ZCTA 95637 in Yolo County.,,,,
95653 Madison,zcta,95653,Madison,38.697075,-121.978414,338342,,2021-10-31,10,0,Zillow ZIP-level market for Madison; mapped with Census 2020 ZCTA 95653 in Yolo County.,,,,
95697 Yolo,zcta,95697,Yolo,38.7328813,-121.8071949,488677,,2021-10-31,10,0,Zillow ZIP-level market for Yolo; mapped with Census 2020 ZCTA 95697 in Yolo County.,,,,
95616 Davis,zcta,95616,Davis,38.5541465,-121.7985136,828995,2100,2021-11-30,10,0,Zillow ZIP-level market for Davis; mapped with Census 2020 ZCTA 95616 in Yolo County.,,2100,Zillow ZORI,
95691 West Sacramento,zcta,95691,West Sacramento,38.6279507,-121.5932868,559365,2103,2021-11-30,10,0,Zillow ZIP-level market for West Sacramento; mapped with Census 2020 ZCTA 95691 in Yolo County.,,2103,Zillow ZORI,
95695 Woodland,zcta,95695,Woodland,38.6940377,-121.8529316,489807,,2021-11-30,10,0,Zillow ZIP-level market for Woodland; mapped with Census 2020 ZCTA 95695 in Yolo County.,,,,
95776 Woodland,zcta,95776,Woodland,38.6986923,-121.6994618,574164,,2021-11-30,10,0,Zillow ZIP-level market for Woodland; mapped with Census 2020 ZCTA 95776 in Yolo County.,,,,
95618 Davis,zcta,95618,Davis,38.5430194,-121.6905376,816402,,2021-11-30,10,0,Zillow ZIP-level market for Davis; mapped with Census 2020 ZCTA 95618 in Yolo County.,,,,
95605 West Sacramento,zcta,95605,West Sacramento,38.5935212,-121.539867,399042,1957,2021-11-30,10,0,Zillow ZIP-level market for West Sacramento; mapped with Census 2020 ZCTA 95605 in Yolo County.,,1957,Zillow ZORI,
95694 Winters,zcta,95694,Winters,38.5716604,-122.0641679,586442,,2021-11-30,10,0,Zillow ZIP-level market for Winters; mapped with Census 2020 ZCTA 95694 in Yolo County.,,,,
95627 Esparto,zcta,95627,Esparto,38.7345127,-122.0253459,459374,,2021-11-30,10,0,Zillow ZIP-level market for Esparto; mapped with Census 2020 ZCTA 95627 in Yolo County.,,,,
95612 Clarksburg,zcta,95612,Clarksburg,38.3847062,-121.5787214,885725,,2021-11-30,10,0,Zillow ZIP-level market for Clarksburg; mapped with Census 2020 ZCTA 95612 in Yolo County.,,,,
95645 Knights Landing,zcta,95645,Knights Landing,38.8940348,-121.7968077,406620,,2021-11-30,10,0,Zillow ZIP-level market for Knights Landing; mapped with Census 2020 ZCTA 95645 in Yolo County.,,,,
95937 Woodland,zcta,95937,Woodland,38.8840651,-121.9984849,483743,,2021-11-30,10,0,Zillow ZIP-level market for Woodland; mapped with Census 2020 ZCTA 95937 in Yolo County.,,,,
95637 Brooks,zcta,95637,Brooks,38.8530151,-122.2728699,667346,,2021-11-30,10,0,Zillow ZIP-level market for Brooks; mapped with Census 2020 ZCTA 95637 in Yolo County.,,,,
95653 Madison,zcta,95653,Madison,38.697075,-121.978414,339817,,2021-11-30,10,0,Zillow ZIP-level market for Madison; mapped with Census 2020 ZCTA 95653 in Yolo County.,,,,
95697 Yolo,zcta,95697,Yolo,38.7328813,-121.8071949,490034,,2021-11-30,10,0,Zillow ZIP-level market for Yolo; mapped with Census 2020 ZCTA 95697 in Yolo County.,,,,
95616 Davis,zcta,95616,Davis,38.5541465,-121.7985136,838455,2061,2021-12-31,10,0,Zillow ZIP-level market for Davis; mapped with Census 2020 ZCTA 95616 in Yolo County.,,2061,Zillow ZORI,
95691 West Sacramento,zcta,95691,West Sacramento,38.6279507,-121.5932868,564956,2089,2021-12-31,10,0,Zillow ZIP-level market for West Sacramento; mapped with Census 2020 ZCTA 95691 in Yolo County.,,2089,Zillow ZORI,
95695 Woodland,zcta,95695,Woodland,38.6940377,-121.8529316,495193,,2021-12-31,10,0,Zillow ZIP-level market for Woodland; mapped with Census 2020 ZCTA 95695 in Yolo County.,,,,
95776 Woodland,zcta,95776,Woodland,38.6986923,-121.6994618,581365,,2021-12-31,10,0,Zillow ZIP-level market for Woodland; mapped with Census 2020 ZCTA 95776 in Yolo County.,,,,
95618 Davis,zcta,95618,Davis,38.5430194,-121.6905376,824301,,2021-12-31,10,0,Zillow ZIP-level market for Davis; mapped with Census 2020 ZCTA 95618 in Yolo County.,,,,
95605 West Sacramento,zcta,95605,West Sacramento,38.5935212,-121.539867,401848,1973,2021-12-31,10,0,Zillow ZIP-level market for West Sacramento; mapped with Census 2020 ZCTA 95605 in Yolo County.,,1973,Zillow ZORI,
95694 Winters,zcta,95694,Winters,38.5716604,-122.0641679,591695,,2021-12-31,10,0,Zillow ZIP-level market for Winters; mapped with Census 2020 ZCTA 95694 in Yolo County.,,,,
95627 Esparto,zcta,95627,Esparto,38.7345127,-122.0253459,463785,,2021-12-31,10,0,Zillow ZIP-level market for Esparto; mapped with Census 2020 ZCTA 95627 in Yolo County.,,,,
95612 Clarksburg,zcta,95612,Clarksburg,38.3847062,-121.5787214,904180,,2021-12-31,10,0,Zillow ZIP-level market for Clarksburg; mapped with Census 2020 ZCTA 95612 in Yolo County.,,,,
95645 Knights Landing,zcta,95645,Knights Landing,38.8940348,-121.7968077,409517,,2021-12-31,10,0,Zillow ZIP-level market for Knights Landing; mapped with Census 2020 ZCTA 95645 in Yolo County.,,,,
95937 Woodland,zcta,95937,Woodland,38.8840651,-121.9984849,488827,,2021-12-31,10,0,Zillow ZIP-level market for Woodland; mapped with Census 2020 ZCTA 95937 in Yolo County.,,,,
95637 Brooks,zcta,95637,Brooks,38.8530151,-122.2728699,675371,,2021-12-31,10,0,Zillow ZIP-level market for Brooks; mapped with Census 2020 ZCTA 95637 in Yolo County.,,,,
95653 Madison,zcta,95653,Madison,38.697075,-121.978414,342932,,2021-12-31,10,0,Zillow ZIP-level market for Madison; mapped with Census 2020 ZCTA 95653 in Yolo County.,,,,
95697 Yolo,zcta,95697,Yolo,38.7328813,-121.8071949,494329,,2021-12-31,10,0,Zillow ZIP-level market for Yolo; mapped with Census 2020 ZCTA 95697 in Yolo County.,,,,
95616 Davis,zcta,95616,Davis,38.5541465,-121.7985136,850478,2063,2022-01-31,10,0,Zillow ZIP-level market for Davis; mapped with Census 2020 ZCTA 95616 in Yolo County.,,2063,Zillow ZORI,
95691 West Sacramento,zcta,95691,West Sacramento,38.6279507,-121.5932868,572919,2120,2022-01-31,10,0,Zillow ZIP-level market for West Sacramento; mapped with Census 2020 ZCTA 95691 in Yolo County.,,2120,Zillow ZORI,
95695 Woodland,zcta,95695,Woodland,38.6940377,-121.8529316,503102,,2022-01-31,10,0,Zillow ZIP-level market for Woodland; mapped with Census 2020 ZCTA 95695 in Yolo County.,,,,
95776 Woodland,zcta,95776,Woodland,38.6986923,-121.6994618,590672,,2022-01-31,10,0,Zillow ZIP-level market for Woodland; mapped with Census 2020 ZCTA 95776 in Yolo County.,,,,
95618 Davis,zcta,95618,Davis,38.5430194,-121.6905376,835531,,2022-01-31,10,0,Zillow ZIP-level market for Davis; mapped with Census 2020 ZCTA 95618 in Yolo County.,,,,
95605 West Sacramento,zcta,95605,West Sacramento,38.5935212,-121.539867,408046,1981,2022-01-31,10,0,Zillow ZIP-level market for West Sacramento; mapped with Census 2020 ZCTA 95605 in Yolo County.,,1981,Zillow ZORI,
95694 Winters,zcta,95694,Winters,38.5716604,-122.0641679,600459,,2022-01-31,10,0,Zillow ZIP-level market for Winters; mapped with Census 2020 ZCTA 95694 in Yolo County.,,,,
95627 Esparto,zcta,95627,Esparto,38.7345127,-122.0253459,469818,,2022-01-31,10,0,Zillow ZIP-level market for Esparto; mapped with Census 2020 ZCTA 95627 in Yolo County.,,,,
95612 Clarksburg,zcta,95612,Clarksburg,38.3847062,-121.5787214,923353,,2022-01-31,10,0,Zillow ZIP-level market for Clarksburg; mapped with Census 2020 ZCTA 95612 in Yolo County.,,,,
95645 Knights Landing,zcta,95645,Knights Landing,38.8940348,-121.7968077,415686,,2022-01-31,10,0,Zillow ZIP-level market for Knights Landing; mapped with Census 2020 ZCTA 95645 in Yolo County.,,,,
95937 Woodland,zcta,95937,Woodland,38.8840651,-121.9984849,497352,,2022-01-31,10,0,Zillow ZIP-level market for Woodland; mapped with Census 2020 ZCTA 95937 in Yolo County.,,,,
95637 Brooks,zcta,95637,Brooks,38.8530151,-122.2728699,684959,,2022-01-31,10,0,Zillow ZIP-level market for Brooks; mapped with Census 2020 ZCTA 95637 in Yolo County.,,,,
95653 Madison,zcta,95653,Madison,38.697075,-121.978414,350390,,2022-01-31,10,0,Zillow ZIP-level market for Madison; mapped with Census 2020 ZCTA 95653 in Yolo County.,,,,
95697 Yolo,zcta,95697,Yolo,38.7328813,-121.8071949,503771,,2022-01-31,10,0,Zillow ZIP-level market for Yolo; mapped with Census 2020 ZCTA 95697 in Yolo County.,,,,
95616 Davis,zcta,95616,Davis,38.5541465,-121.7985136,866591,2067,2022-02-28,10,0,Zillow ZIP-level market for Davis; mapped with Census 2020 ZCTA 95616 in Yolo County.,,2067,Zillow ZORI,
95691 West Sacramento,zcta,95691,West Sacramento,38.6279507,-121.5932868,582498,2097,2022-02-28,10,0,Zillow ZIP-level market for West Sacramento; mapped with Census 2020 ZCTA 95691 in Yolo County.,,2097,Zillow ZORI,
95695 Woodland,zcta,95695,Woodland,38.6940377,-121.8529316,512278,,2022-02-28,10,0,Zillow ZIP-level market for Woodland; mapped with Census 2020 ZCTA 95695 in Yolo County.,,,,
95776 Woodland,zcta,95776,Woodland,38.6986923,-121.6994618,601388,,2022-02-28,10,0,Zillow ZIP-level market for Woodland; mapped with Census 2020 ZCTA 95776 in Yolo County.,,,,
95618 Davis,zcta,95618,Davis,38.5430194,-121.6905376,851312,,2022-02-28,10,0,Zillow ZIP-level market for Davis; mapped with Census 2020 ZCTA 95618 in Yolo County.,,,,
95605 West Sacramento,zcta,95605,West Sacramento,38.5935212,-121.539867,416653,2046,2022-02-28,10,0,Zillow ZIP-level market for West Sacramento; mapped with Census 2020 ZCTA 95605 in Yolo County.,,2046,Zillow ZORI,
95694 Winters,zcta,95694,Winters,38.5716604,-122.0641679,609980,,2022-02-28,10,0,Zillow ZIP-level market for Winters; mapped with Census 2020 ZCTA 95694 in Yolo County.,,,,
95627 Esparto,zcta,95627,Esparto,38.7345127,-122.0253459,476571,,2022-02-28,10,0,Zillow ZIP-level market for Esparto; mapped with Census 2020 ZCTA 95627 in Yolo County.,,,,
95612 Clarksburg,zcta,95612,Clarksburg,38.3847062,-121.5787214,935676,,2022-02-28,10,0,Zillow ZIP-level market for Clarksburg; mapped with Census 2020 ZCTA 95612 in Yolo County.,,,,
95645 Knights Landing,zcta,95645,Knights Landing,38.8940348,-121.7968077,423095,,2022-02-28,10,0,Zillow ZIP-level market for Knights Landing; mapped with Census 2020 ZCTA 95645 in Yolo County.,,,,
95607 Capay,zcta,95607,Capay,38.8306164,-122.1260372,914737,,2022-02-28,10,0,Zillow ZIP-level market for Capay; mapped with Census 2020 ZCTA 95607 in Yolo County.,,,,
95937 Woodland,zcta,95937,Woodland,38.8840651,-121.9984849,505145,,2022-02-28,10,0,Zillow ZIP-level market for Woodland; mapped with Census 2020 ZCTA 95937 in Yolo County.,,,,
95637 Brooks,zcta,95637,Brooks,38.8530151,-122.2728699,692438,,2022-02-28,10,0,Zillow ZIP-level market for Brooks; mapped with Census 2020 ZCTA 95637 in Yolo County.,,,,
95653 Madison,zcta,95653,Madison,38.697075,-121.978414,359628,,2022-02-28,10,0,Zillow ZIP-level market for Madison; mapped with Census 2020 ZCTA 95653 in Yolo County.,,,,
95697 Yolo,zcta,95697,Yolo,38.7328813,-121.8071949,512972,,2022-02-28,10,0,Zillow ZIP-level market for Yolo; mapped with Census 2020 ZCTA 95697 in Yolo County.,,,,
95616 Davis,zcta,95616,Davis,38.5541465,-121.7985136,885630,2140,2022-03-31,10,0,Zillow ZIP-level market for Davis; mapped with Census 2020 ZCTA 95616 in Yolo County.,,2140,Zillow ZORI,
95691 West Sacramento,zcta,95691,West Sacramento,38.6279507,-121.5932868,593601,2080,2022-03-31,10,0,Zillow ZIP-level market for West Sacramento; mapped with Census 2020 ZCTA 95691 in Yolo County.,,2080,Zillow ZORI,
95695 Woodland,zcta,95695,Woodland,38.6940377,-121.8529316,522627,,2022-03-31,10,0,Zillow ZIP-level market for Woodland; mapped with Census 2020 ZCTA 95695 in Yolo County.,,,,
95776 Woodland,zcta,95776,Woodland,38.6986923,-121.6994618,613566,,2022-03-31,10,0,Zillow ZIP-level market for Woodland; mapped with Census 2020 ZCTA 95776 in Yolo County.,,,,
95618 Davis,zcta,95618,Davis,38.5430194,-121.6905376,870182,,2022-03-31,10,0,Zillow ZIP-level market for Davis; mapped with Census 2020 ZCTA 95618 in Yolo County.,,,,
95605 West Sacramento,zcta,95605,West Sacramento,38.5935212,-121.539867,426546,2062,2022-03-31,10,0,Zillow ZIP-level market for West Sacramento; mapped with Census 2020 ZCTA 95605 in Yolo County.,,2062,Zillow ZORI,
95694 Winters,zcta,95694,Winters,38.5716604,-122.0641679,620560,,2022-03-31,10,0,Zillow ZIP-level market for Winters; mapped with Census 2020 ZCTA 95694 in Yolo County.,,,,
95627 Esparto,zcta,95627,Esparto,38.7345127,-122.0253459,483685,,2022-03-31,10,0,Zillow ZIP-level market for Esparto; mapped with Census 2020 ZCTA 95627 in Yolo County.,,,,
95612 Clarksburg,zcta,95612,Clarksburg,38.3847062,-121.5787214,943942,,2022-03-31,10,0,Zillow ZIP-level market for Clarksburg; mapped with Census 2020 ZCTA 95612 in Yolo County.,,,,
95645 Knights Landing,zcta,95645,Knights Landing,38.8940348,-121.7968077,432183,,2022-03-31,10,0,Zillow ZIP-level market for Knights Landing; mapped with Census 2020 ZCTA 95645 in Yolo County.,,,,
95607 Capay,zcta,95607,Capay,38.8306164,-122.1260372,920474,,2022-03-31,10,0,Zillow ZIP-level market for Capay; mapped with Census 2020 ZCTA 95607 in Yolo County.,,,,
95937 Woodland,zcta,95937,Woodland,38.8840651,-121.9984849,513000,,2022-03-31,10,0,Zillow ZIP-level market for Woodland; mapped with Census 2020 ZCTA 95937 in Yolo County.,,,,
95637 Brooks,zcta,95637,Brooks,38.8530151,-122.2728699,698282,,2022-03-31,10,0,Zillow ZIP-level market for Brooks; mapped with Census 2020 ZCTA 95637 in Yolo County.,,,,
95653 Madison,zcta,95653,Madison,38.697075,-121.978414,370640,,2022-03-31,10,0,Zillow ZIP-level market for Madison; mapped with Census 2020 ZCTA 95653 in Yolo County.,,,,
95697 Yolo,zcta,95697,Yolo,38.7328813,-121.8071949,523577,,2022-03-31,10,0,Zillow ZIP-level market for Yolo; mapped with Census 2020 ZCTA 95697 in Yolo County.,,,,
95616 Davis,zcta,95616,Davis,38.5541465,-121.7985136,902436,2212,2022-04-30,10,0,Zillow ZIP-level market for Davis; mapped with Census 2020 ZCTA 95616 in Yolo County.,,2212,Zillow ZORI,
95691 West Sacramento,zcta,95691,West Sacramento,38.6279507,-121.5932868,603326,2075,2022-04-30,10,0,Zillow ZIP-level market for West Sacramento; mapped with Census 2020 ZCTA 95691 in Yolo County.,,2075,Zillow ZORI,
95695 Woodland,zcta,95695,Woodland,38.6940377,-121.8529316,530714,,2022-04-30,10,0,Zillow ZIP-level market for Woodland; mapped with Census 2020 ZCTA 95695 in Yolo County.,,,,
95776 Woodland,zcta,95776,Woodland,38.6986923,-121.6994618,624110,2329,2022-04-30,10,0,Zillow ZIP-level market for Woodland; mapped with Census 2020 ZCTA 95776 in Yolo County.,,2329,Zillow ZORI,
95618 Davis,zcta,95618,Davis,38.5430194,-121.6905376,887195,,2022-04-30,10,0,Zillow ZIP-level market for Davis; mapped with Census 2020 ZCTA 95618 in Yolo County.,,,,
95605 West Sacramento,zcta,95605,West Sacramento,38.5935212,-121.539867,434439,2049,2022-04-30,10,0,Zillow ZIP-level market for West Sacramento; mapped with Census 2020 ZCTA 95605 in Yolo County.,,2049,Zillow ZORI,
95694 Winters,zcta,95694,Winters,38.5716604,-122.0641679,628462,,2022-04-30,10,0,Zillow ZIP-level market for Winters; mapped with Census 2020 ZCTA 95694 in Yolo County.,,,,
95627 Esparto,zcta,95627,Esparto,38.7345127,-122.0253459,490596,,2022-04-30,10,0,Zillow ZIP-level market for Esparto; mapped with Census 2020 ZCTA 95627 in Yolo County.,,,,
95612 Clarksburg,zcta,95612,Clarksburg,38.3847062,-121.5787214,949705,,2022-04-30,10,0,Zillow ZIP-level market for Clarksburg; mapped with Census 2020 ZCTA 95612 in Yolo County.,,,,
95645 Knights Landing,zcta,95645,Knights Landing,38.8940348,-121.7968077,438874,,2022-04-30,10,0,Zillow ZIP-level market for Knights Landing; mapped with Census 2020 ZCTA 95645 in Yolo County.,,,,
95607 Capay,zcta,95607,Capay,38.8306164,-122.1260372,927140,,2022-04-30,10,0,Zillow ZIP-level market for Capay; mapped with Census 2020 ZCTA 95607 in Yolo County.,,,,
95937 Woodland,zcta,95937,Woodland,38.8840651,-121.9984849,518338,,2022-04-30,10,0,Zillow ZIP-level market for Woodland; mapped with Census 2020 ZCTA 95937 in Yolo County.,,,,
95637 Brooks,zcta,95637,Brooks,38.8530151,-122.2728699,703420,,2022-04-30,10,0,Zillow ZIP-level market for Brooks; mapped with Census 2020 ZCTA 95637 in Yolo County.,,,,
95653 Madison,zcta,95653,Madison,38.697075,-121.978414,378561,,2022-04-30,10,0,Zillow ZIP-level market for Madison; mapped with Census 2020 ZCTA 95653 in Yolo County.,,,,
95697 Yolo,zcta,95697,Yolo,38.7328813,-121.8071949,530368,,2022-04-30,10,0,Zillow ZIP-level market for Yolo; mapped with Census 2020 ZCTA 95697 in Yolo County.,,,,
95616 Davis,zcta,95616,Davis,38.5541465,-121.7985136,913766,2262,2022-05-31,10,0,Zillow ZIP-level market for Davis; mapped with Census 2020 ZCTA 95616 in Yolo County.,,2262,Zillow ZORI,
95691 West Sacramento,zcta,95691,West Sacramento,38.6279507,-121.5932868,610601,2124,2022-05-31,10,0,Zillow ZIP-level market for West Sacramento; mapped with Census 2020 ZCTA 95691 in Yolo County.,,2124,Zillow ZORI,
95695 Woodland,zcta,95695,Woodland,38.6940377,-121.8529316,536222,,2022-05-31,10,0,Zillow ZIP-level market for Woodland; mapped with Census 2020 ZCTA 95695 in Yolo County.,,,,
95776 Woodland,zcta,95776,Woodland,38.6986923,-121.6994618,632100,2327,2022-05-31,10,0,Zillow ZIP-level market for Woodland; mapped with Census 2020 ZCTA 95776 in Yolo County.,,2327,Zillow ZORI,
95618 Davis,zcta,95618,Davis,38.5430194,-121.6905376,898537,,2022-05-31,10,0,Zillow ZIP-level market for Davis; mapped with Census 2020 ZCTA 95618 in Yolo County.,,,,
95605 West Sacramento,zcta,95605,West Sacramento,38.5935212,-121.539867,439545,2025,2022-05-31,10,0,Zillow ZIP-level market for West Sacramento; mapped with Census 2020 ZCTA 95605 in Yolo County.,,2025,Zillow ZORI,
95694 Winters,zcta,95694,Winters,38.5716604,-122.0641679,633558,,2022-05-31,10,0,Zillow ZIP-level market for Winters; mapped with Census 2020 ZCTA 95694 in Yolo County.,,,,
95627 Esparto,zcta,95627,Esparto,38.7345127,-122.0253459,495576,,2022-05-31,10,0,Zillow ZIP-level market for Esparto; mapped with Census 2020 ZCTA 95627 in Yolo County.,,,,
95612 Clarksburg,zcta,95612,Clarksburg,38.3847062,-121.5787214,955953,,2022-05-31,10,0,Zillow ZIP-level market for Clarksburg; mapped with Census 2020 ZCTA 95612 in Yolo County.,,,,
95645 Knights Landing,zcta,95645,Knights Landing,38.8940348,-121.7968077,443838,,2022-05-31,10,0,Zillow ZIP-level market for Knights Landing; mapped with Census 2020 ZCTA 95645 in Yolo County.,,,,
95607 Capay,zcta,95607,Capay,38.8306164,-122.1260372,936789,,2022-05-31,10,0,Zillow ZIP-level market for Capay; mapped with Census 2020 ZCTA 95607 in Yolo County.,,,,
95937 Woodland,zcta,95937,Woodland,38.8840651,-121.9984849,522543,,2022-05-31,10,0,Zillow ZIP-level market for Woodland; mapped with Census 2020 ZCTA 95937 in Yolo County.,,,,
95637 Brooks,zcta,95637,Brooks,38.8530151,-122.2728699,705903,,2022-05-31,10,0,Zillow ZIP-level market for Brooks; mapped with Census 2020 ZCTA 95637 in Yolo County.,,,,
95653 Madison,zcta,95653,Madison,38.697075,-121.978414,383231,,2022-05-31,10,0,Zillow ZIP-level market for Madison; mapped with Census 2020 ZCTA 95653 in Yolo County.,,,,
95697 Yolo,zcta,95697,Yolo,38.7328813,-121.8071949,536292,,2022-05-31,10,0,Zillow ZIP-level market for Yolo; mapped with Census 2020 ZCTA 95697 in Yolo County.,,,,
95616 Davis,zcta,95616,Davis,38.5541465,-121.7985136,918701,2278,2022-06-30,10,0,Zillow ZIP-level market for Davis; mapped with Census 2020 ZCTA 95616 in Yolo County.,,2278,Zillow ZORI,
95691 West Sacramento,zcta,95691,West Sacramento,38.6279507,-121.5932868,614698,2194,2022-06-30,10,0,Zillow ZIP-level market for West Sacramento; mapped with Census 2020 ZCTA 95691 in Yolo County.,,2194,Zillow ZORI,
95695 Woodland,zcta,95695,Woodland,38.6940377,-121.8529316,538567,,2022-06-30,10,0,Zillow ZIP-level market for Woodland; mapped with Census 2020 ZCTA 95695 in Yolo County.,,,,
95776 Woodland,zcta,95776,Woodland,38.6986923,-121.6994618,636334,2490,2022-06-30,10,0,Zillow ZIP-level market for Woodland; mapped with Census 2020 ZCTA 95776 in Yolo County.,,2490,Zillow ZORI,
95618 Davis,zcta,95618,Davis,38.5430194,-121.6905376,903936,,2022-06-30,10,0,Zillow ZIP-level market for Davis; mapped with Census 2020 ZCTA 95618 in Yolo County.,,,,
95605 West Sacramento,zcta,95605,West Sacramento,38.5935212,-121.539867,442889,2038,2022-06-30,10,0,Zillow ZIP-level market for West Sacramento; mapped with Census 2020 ZCTA 95605 in Yolo County.,,2038,Zillow ZORI,
95694 Winters,zcta,95694,Winters,38.5716604,-122.0641679,635021,,2022-06-30,10,0,Zillow ZIP-level market for Winters; mapped with Census 2020 ZCTA 95694 in Yolo County.,,,,
95627 Esparto,zcta,95627,Esparto,38.7345127,-122.0253459,498697,,2022-06-30,10,0,Zillow ZIP-level market for Esparto; mapped with Census 2020 ZCTA 95627 in Yolo County.,,,,
95612 Clarksburg,zcta,95612,Clarksburg,38.3847062,-121.5787214,959319,,2022-06-30,10,0,Zillow ZIP-level market for Clarksburg; mapped with Census 2020 ZCTA 95612 in Yolo County.,,,,
95645 Knights Landing,zcta,95645,Knights Landing,38.8940348,-121.7968077,446059,,2022-06-30,10,0,Zillow ZIP-level market for Knights Landing; mapped with Census 2020 ZCTA 95645 in Yolo County.,,,,
95607 Capay,zcta,95607,Capay,38.8306164,-122.1260372,944043,,2022-06-30,10,0,Zillow ZIP-level market for Capay; mapped with Census 2020 ZCTA 95607 in Yolo County.,,,,
95937 Woodland,zcta,95937,Woodland,38.8840651,-121.9984849,525778,,2022-06-30,10,0,Zillow ZIP-level market for Woodland; mapped with Census 2020 ZCTA 95937 in Yolo County.,,,,
95637 Brooks,zcta,95637,Brooks,38.8530151,-122.2728699,708159,,2022-06-30,10,0,Zillow ZIP-level market for Brooks; mapped with Census 2020 ZCTA 95637 in Yolo County.,,,,
95653 Madison,zcta,95653,Madison,38.697075,-121.978414,385475,,2022-06-30,10,0,Zillow ZIP-level market for Madison; mapped with Census 2020 ZCTA 95653 in Yolo County.,,,,
95697 Yolo,zcta,95697,Yolo,38.7328813,-121.8071949,539693,,2022-06-30,10,0,Zillow ZIP-level market for Yolo; mapped with Census 2020 ZCTA 95697 in Yolo County.,,,,
95616 Davis,zcta,95616,Davis,38.5541465,-121.7985136,916711,2287,2022-07-31,10,0,Zillow ZIP-level market for Davis; mapped with Census 2020 ZCTA 95616 in Yolo County.,,2287,Zillow ZORI,
95691 West Sacramento,zcta,95691,West Sacramento,38.6279507,-121.5932868,615324,2205,2022-07-31,10,0,Zillow ZIP-level market for West Sacramento; mapped with Census 2020 ZCTA 95691 in Yolo County.,,2205,Zillow ZORI,
95695 Woodland,zcta,95695,Woodland,38.6940377,-121.8529316,538313,,2022-07-31,10,0,Zillow ZIP-level market for Woodland; mapped with Census 2020 ZCTA 95695 in Yolo County.,,,,
95776 Woodland,zcta,95776,Woodland,38.6986923,-121.6994618,636718,2542,2022-07-31,10,0,Zillow ZIP-level market for Woodland; mapped with Census 2020 ZCTA 95776 in Yolo County.,,2542,Zillow ZORI,
95618 Davis,zcta,95618,Davis,38.5430194,-121.6905376,902776,,2022-07-31,10,0,Zillow ZIP-level market for Davis; mapped with Census 2020 ZCTA 95618 in Yolo County.,,,,
95605 West Sacramento,zcta,95605,West Sacramento,38.5935212,-121.539867,444319,2056,2022-07-31,10,0,Zillow ZIP-level market for West Sacramento; mapped with Census 2020 ZCTA 95605 in Yolo County.,,2056,Zillow ZORI,
95694 Winters,zcta,95694,Winters,38.5716604,-122.0641679,633182,,2022-07-31,10,0,Zillow ZIP-level market for Winters; mapped with Census 2020 ZCTA 95694 in Yolo County.,,,,
95627 Esparto,zcta,95627,Esparto,38.7345127,-122.0253459,499285,,2022-07-31,10,0,Zillow ZIP-level market for Esparto; mapped with Census 2020 ZCTA 95627 in Yolo County.,,,,
95612 Clarksburg,zcta,95612,Clarksburg,38.3847062,-121.5787214,955304,,2022-07-31,10,0,Zillow ZIP-level market for Clarksburg; mapped with Census 2020 ZCTA 95612 in Yolo County.,,,,
95645 Knights Landing,zcta,95645,Knights Landing,38.8940348,-121.7968077,446250,,2022-07-31,10,0,Zillow ZIP-level market for Knights Landing; mapped with Census 2020 ZCTA 95645 in Yolo County.,,,,
95607 Capay,zcta,95607,Capay,38.8306164,-122.1260372,939626,,2022-07-31,10,0,Zillow ZIP-level market for Capay; mapped with Census 2020 ZCTA 95607 in Yolo County.,,,,
95937 Woodland,zcta,95937,Woodland,38.8840651,-121.9984849,525754,,2022-07-31,10,0,Zillow ZIP-level market for Woodland; mapped with Census 2020 ZCTA 95937 in Yolo County.,,,,
95637 Brooks,zcta,95637,Brooks,38.8530151,-122.2728699,704276,,2022-07-31,10,0,Zillow ZIP-level market for Brooks; mapped with Census 2020 ZCTA 95637 in Yolo County.,,,,
95653 Madison,zcta,95653,Madison,38.697075,-121.978414,386369,,2022-07-31,10,0,Zillow ZIP-level market for Madison; mapped with Census 2020 ZCTA 95653 in Yolo County.,,,,
95697 Yolo,zcta,95697,Yolo,38.7328813,-121.8071949,540847,,2022-07-31,10,0,Zillow ZIP-level market for Yolo; mapped with Census 2020 ZCTA 95697 in Yolo County.,,,,
95616 Davis,zcta,95616,Davis,38.5541465,-121.7985136,908410,2275,2022-08-31,10,0,Zillow ZIP-level market for Davis; mapped with Census 2020 ZCTA 95616 in Yolo County.,,2275,Zillow ZORI,
95691 West Sacramento,zcta,95691,West Sacramento,38.6279507,-121.5932868,611571,2227,2022-08-31,10,0,Zillow ZIP-level market for West Sacramento; mapped with Census 2020 ZCTA 95691 in Yolo County.,,2227,Zillow ZORI,
95695 Woodland,zcta,95695,Woodland,38.6940377,-121.8529316,535042,,2022-08-31,10,0,Zillow ZIP-level market for Woodland; mapped with Census 2020 ZCTA 95695 in Yolo County.,,,,
95776 Woodland,zcta,95776,Woodland,38.6986923,-121.6994618,632537,2622,2022-08-31,10,0,Zillow ZIP-level market for Woodland; mapped with Census 2020 ZCTA 95776 in Yolo County.,,2622,Zillow ZORI,
95618 Davis,zcta,95618,Davis,38.5430194,-121.6905376,895133,,2022-08-31,10,0,Zillow ZIP-level market for Davis; mapped with Census 2020 ZCTA 95618 in Yolo County.,,,,
95605 West Sacramento,zcta,95605,West Sacramento,38.5935212,-121.539867,443823,2085,2022-08-31,10,0,Zillow ZIP-level market for West Sacramento; mapped with Census 2020 ZCTA 95605 in Yolo County.,,2085,Zillow ZORI,
95694 Winters,zcta,95694,Winters,38.5716604,-122.0641679,628670,,2022-08-31,10,0,Zillow ZIP-level market for Winters; mapped with Census 2020 ZCTA 95694 in Yolo County.,,,,
95627 Esparto,zcta,95627,Esparto,38.7345127,-122.0253459,497003,,2022-08-31,10,0,Zillow ZIP-level market for Esparto; mapped with Census 2020 ZCTA 95627 in Yolo County.,,,,
95612 Clarksburg,zcta,95612,Clarksburg,38.3847062,-121.5787214,942386,,2022-08-31,10,0,Zillow ZIP-level market for Clarksburg; mapped with Census 2020 ZCTA 95612 in Yolo County.,,,,
95645 Knights Landing,zcta,95645,Knights Landing,38.8940348,-121.7968077,444449,,2022-08-31,10,0,Zillow ZIP-level market for Knights Landing; mapped with Census 2020 ZCTA 95645 in Yolo County.,,,,
95607 Capay,zcta,95607,Capay,38.8306164,-122.1260372,925582,,2022-08-31,10,0,Zillow ZIP-level market for Capay; mapped with Census 2020 ZCTA 95607 in Yolo County.,,,,
95937 Woodland,zcta,95937,Woodland,38.8840651,-121.9984849,521840,,2022-08-31,10,0,Zillow ZIP-level market for Woodland; mapped with Census 2020 ZCTA 95937 in Yolo County.,,,,
95637 Brooks,zcta,95637,Brooks,38.8530151,-122.2728699,697717,,2022-08-31,10,0,Zillow ZIP-level market for Brooks; mapped with Census 2020 ZCTA 95637 in Yolo County.,,,,
95653 Madison,zcta,95653,Madison,38.697075,-121.978414,385971,,2022-08-31,10,0,Zillow ZIP-level market for Madison; mapped with Census 2020 ZCTA 95653 in Yolo County.,,,,
95697 Yolo,zcta,95697,Yolo,38.7328813,-121.8071949,540375,,2022-08-31,10,0,Zillow ZIP-level market for Yolo; mapped with Census 2020 ZCTA 95697 in Yolo County.,,,,
95616 Davis,zcta,95616,Davis,38.5541465,-121.7985136,896373,2279,2022-09-30,10,0,Zillow ZIP-level market for Davis; mapped with Census 2020 ZCTA 95616 in Yolo County.,,2279,Zillow ZORI,
95691 West Sacramento,zcta,95691,West Sacramento,38.6279507,-121.5932868,604485,2221,2022-09-30,10,0,Zillow ZIP-level market for West Sacramento; mapped with Census 2020 ZCTA 95691 in Yolo County.,,2221,Zillow ZORI,
95695 Woodland,zcta,95695,Woodland,38.6940377,-121.8529316,529987,,2022-09-30,10,0,Zillow ZIP-level market for Woodland; mapped with Census 2020 ZCTA 95695 in Yolo County.,,,,
95776 Woodland,zcta,95776,Woodland,38.6986923,-121.6994618,625332,2616,2022-09-30,10,0,Zillow ZIP-level market for Woodland; mapped with Census 2020 ZCTA 95776 in Yolo County.,,2616,Zillow ZORI,
95618 Davis,zcta,95618,Davis,38.5430194,-121.6905376,883543,,2022-09-30,10,0,Zillow ZIP-level market for Davis; mapped with Census 2020 ZCTA 95618 in Yolo County.,,,,
95605 West Sacramento,zcta,95605,West Sacramento,38.5935212,-121.539867,440939,2084,2022-09-30,10,0,Zillow ZIP-level market for West Sacramento; mapped with Census 2020 ZCTA 95605 in Yolo County.,,2084,Zillow ZORI,
95694 Winters,zcta,95694,Winters,38.5716604,-122.0641679,622168,,2022-09-30,10,0,Zillow ZIP-level market for Winters; mapped with Census 2020 ZCTA 95694 in Yolo County.,,,,
95627 Esparto,zcta,95627,Esparto,38.7345127,-122.0253459,492549,,2022-09-30,10,0,Zillow ZIP-level market for Esparto; mapped with Census 2020 ZCTA 95627 in Yolo County.,,,,
95612 Clarksburg,zcta,95612,Clarksburg,38.3847062,-121.5787214,922583,,2022-09-30,10,0,Zillow ZIP-level market for Clarksburg; mapped with Census 2020 ZCTA 95612 in Yolo County.,,,,
95645 Knights Landing,zcta,95645,Knights Landing,38.8940348,-121.7968077,441610,,2022-09-30,10,0,Zillow ZIP-level market for Knights Landing; mapped with Census 2020 ZCTA 95645 in Yolo County.,,,,
95607 Capay,zcta,95607,Capay,38.8306164,-122.1260372,901938,,2022-09-30,10,0,Zillow ZIP-level market for Capay; mapped with Census 2020 ZCTA 95607 in Yolo County.,,,,
95937 Woodland,zcta,95937,Woodland,38.8840651,-121.9984849,514493,,2022-09-30,10,0,Zillow ZIP-level market for Woodland; mapped with Census 2020 ZCTA 95937 in Yolo County.,,,,
95637 Brooks,zcta,95637,Brooks,38.8530151,-122.2728699,683285,,2022-09-30,10,0,Zillow ZIP-level market for Brooks; mapped with Census 2020 ZCTA 95637 in Yolo County.,,,,
95653 Madison,zcta,95653,Madison,38.697075,-121.978414,384674,,2022-09-30,10,0,Zillow ZIP-level market for Madison; mapped with Census 2020 ZCTA 95653 in Yolo County.,,,,
95697 Yolo,zcta,95697,Yolo,38.7328813,-121.8071949,537550,,2022-09-30,10,0,Zillow ZIP-level market for Yolo; mapped with Census 2020 ZCTA 95697 in Yolo County.,,,,
95616 Davis,zcta,95616,Davis,38.5541465,-121.7985136,886998,2272,2022-10-31,10,0,Zillow ZIP-level market for Davis; mapped with Census 2020 ZCTA 95616 in Yolo County.,,2272,Zillow ZORI,
95691 West Sacramento,zcta,95691,West Sacramento,38.6279507,-121.5932868,596916,2212,2022-10-31,10,0,Zillow ZIP-level market for West Sacramento; mapped with Census 2020 ZCTA 95691 in Yolo County.,,2212,Zillow ZORI,
95695 Woodland,zcta,95695,Woodland,38.6940377,-121.8529316,525184,,2022-10-31,10,0,Zillow ZIP-level market for Woodland; mapped with Census 2020 ZCTA 95695 in Yolo County.,,,,
95776 Woodland,zcta,95776,Woodland,38.6986923,-121.6994618,618297,2708,2022-10-31,10,0,Zillow ZIP-level market for Woodland; mapped with Census 2020 ZCTA 95776 in Yolo County.,,2708,Zillow ZORI,
95618 Davis,zcta,95618,Davis,38.5430194,-121.6905376,873820,,2022-10-31,10,0,Zillow ZIP-level market for Davis; mapped with Census 2020 ZCTA 95618 in Yolo County.,,,,
95605 West Sacramento,zcta,95605,West Sacramento,38.5935212,-121.539867,437035,2075,2022-10-31,10,0,Zillow ZIP-level market for West Sacramento; mapped with Census 2020 ZCTA 95605 in Yolo County.,,2075,Zillow ZORI,
95694 Winters,zcta,95694,Winters,38.5716604,-122.0641679,616322,,2022-10-31,10,0,Zillow ZIP-level market for Winters; mapped with Census 2020 ZCTA 95694 in Yolo County.,,,,
95627 Esparto,zcta,95627,Esparto,38.7345127,-122.0253459,486705,,2022-10-31,10,0,Zillow ZIP-level market for Esparto; mapped with Census 2020 ZCTA 95627 in Yolo County.,,,,
95612 Clarksburg,zcta,95612,Clarksburg,38.3847062,-121.5787214,906979,,2022-10-31,10,0,Zillow ZIP-level market for Clarksburg; mapped with Census 2020 ZCTA 95612 in Yolo County.,,,,
95645 Knights Landing,zcta,95645,Knights Landing,38.8940348,-121.7968077,438436,,2022-10-31,10,0,Zillow ZIP-level market for Knights Landing; mapped with Census 2020 ZCTA 95645 in Yolo County.,,,,
95607 Capay,zcta,95607,Capay,38.8306164,-122.1260372,887222,,2022-10-31,10,0,Zillow ZIP-level market for Capay; mapped with Census 2020 ZCTA 95607 in Yolo County.,,,,
95937 Woodland,zcta,95937,Woodland,38.8840651,-121.9984849,507796,,2022-10-31,10,0,Zillow ZIP-level market for Woodland; mapped with Census 2020 ZCTA 95937 in Yolo County.,,,,
95637 Brooks,zcta,95637,Brooks,38.8530151,-122.2728699,673994,,2022-10-31,10,0,Zillow ZIP-level market for Brooks; mapped with Census 2020 ZCTA 95637 in Yolo County.,,,,
95653 Madison,zcta,95653,Madison,38.697075,-121.978414,382119,,2022-10-31,10,0,Zillow ZIP-level market for Madison; mapped with Census 2020 ZCTA 95653 in Yolo County.,,,,
95697 Yolo,zcta,95697,Yolo,38.7328813,-121.8071949,534668,,2022-10-31,10,0,Zillow ZIP-level market for Yolo; mapped with Census 2020 ZCTA 95697 in Yolo County.,,,,
95616 Davis,zcta,95616,Davis,38.5541465,-121.7985136,880280,2224,2022-11-30,10,0,Zillow ZIP-level market for Davis; mapped with Census 2020 ZCTA 95616 in Yolo County.,,2224,Zillow ZORI,
95691 West Sacramento,zcta,95691,West Sacramento,38.6279507,-121.5932868,590561,2164,2022-11-30,10,0,Zillow ZIP-level market for West Sacramento; mapped with Census 2020 ZCTA 95691 in Yolo County.,,2164,Zillow ZORI,
95695 Woodland,zcta,95695,Woodland,38.6940377,-121.8529316,521033,,2022-11-30,10,0,Zillow ZIP-level market for Woodland; mapped with Census 2020 ZCTA 95695 in Yolo County.,,,,
95776 Woodland,zcta,95776,Woodland,38.6986923,-121.6994618,611928,2675,2022-11-30,10,0,Zillow ZIP-level market for Woodland; mapped with Census 2020 ZCTA 95776 in Yolo County.,,2675,Zillow ZORI,
95618 Davis,zcta,95618,Davis,38.5430194,-121.6905376,866817,,2022-11-30,10,0,Zillow ZIP-level market for Davis; mapped with Census 2020 ZCTA 95618 in Yolo County.,,,,
95605 West Sacramento,zcta,95605,West Sacramento,38.5935212,-121.539867,432422,2037,2022-11-30,10,0,Zillow ZIP-level market for West Sacramento; mapped with Census 2020 ZCTA 95605 in Yolo County.,,2037,Zillow ZORI,
95694 Winters,zcta,95694,Winters,38.5716604,-122.0641679,611223,,2022-11-30,10,0,Zillow ZIP-level market for Winters; mapped with Census 2020 ZCTA 95694 in Yolo County.,,,,
95627 Esparto,zcta,95627,Esparto,38.7345127,-122.0253459,481213,,2022-11-30,10,0,Zillow ZIP-level market for Esparto; mapped with Census 2020 ZCTA 95627 in Yolo County.,,,,
95612 Clarksburg,zcta,95612,Clarksburg,38.3847062,-121.5787214,891746,,2022-11-30,10,0,Zillow ZIP-level market for Clarksburg; mapped with Census 2020 ZCTA 95612 in Yolo County.,,,,
95645 Knights Landing,zcta,95645,Knights Landing,38.8940348,-121.7968077,434687,,2022-11-30,10,0,Zillow ZIP-level market for Knights Landing; mapped with Census 2020 ZCTA 95645 in Yolo County.,,,,
95607 Capay,zcta,95607,Capay,38.8306164,-122.1260372,877108,,2022-11-30,10,0,Zillow ZIP-level market for Capay; mapped with Census 2020 ZCTA 95607 in Yolo County.,,,,
95937 Woodland,zcta,95937,Woodland,38.8840651,-121.9984849,501623,,2022-11-30,10,0,Zillow ZIP-level market for Woodland; mapped with Census 2020 ZCTA 95937 in Yolo County.,,,,
95637 Brooks,zcta,95637,Brooks,38.8530151,-122.2728699,665508,,2022-11-30,10,0,Zillow ZIP-level market for Brooks; mapped with Census 2020 ZCTA 95637 in Yolo County.,,,,
95653 Madison,zcta,95653,Madison,38.697075,-121.978414,379474,,2022-11-30,10,0,Zillow ZIP-level market for Madison; mapped with Census 2020 ZCTA 95653 in Yolo County.,,,,
95697 Yolo,zcta,95697,Yolo,38.7328813,-121.8071949,529382,,2022-11-30,10,0,Zillow ZIP-level market for Yolo; mapped with Census 2020 ZCTA 95697 in Yolo County.,,,,
95616 Davis,zcta,95616,Davis,38.5541465,-121.7985136,875785,2217,2022-12-31,10,0,Zillow ZIP-level market for Davis; mapped with Census 2020 ZCTA 95616 in Yolo County.,,2217,Zillow ZORI,
95691 West Sacramento,zcta,95691,West Sacramento,38.6279507,-121.5932868,585264,2127,2022-12-31,10,0,Zillow ZIP-level market for West Sacramento; mapped with Census 2020 ZCTA 95691 in Yolo County.,,2127,Zillow ZORI,
95695 Woodland,zcta,95695,Woodland,38.6940377,-121.8529316,517047,,2022-12-31,10,0,Zillow ZIP-level market for Woodland; mapped with Census 2020 ZCTA 95695 in Yolo County.,,,,
95776 Woodland,zcta,95776,Woodland,38.6986923,-121.6994618,605782,2612,2022-12-31,10,0,Zillow ZIP-level market for Woodland; mapped with Census 2020 ZCTA 95776 in Yolo County.,,2612,Zillow ZORI,
95618 Davis,zcta,95618,Davis,38.5430194,-121.6905376,861321,,2022-12-31,10,0,Zillow ZIP-level market for Davis; mapped with Census 2020 ZCTA 95618 in Yolo County.,,,,
95605 West Sacramento,zcta,95605,West Sacramento,38.5935212,-121.539867,427332,1994,2022-12-31,10,0,Zillow ZIP-level market for West Sacramento; mapped with Census 2020 ZCTA 95605 in Yolo County.,,1994,Zillow ZORI,
95694 Winters,zcta,95694,Winters,38.5716604,-122.0641679,607152,,2022-12-31,10,0,Zillow ZIP-level market for Winters; mapped with Census 2020 ZCTA 95694 in Yolo County.,,,,
95627 Esparto,zcta,95627,Esparto,38.7345127,-122.0253459,475410,,2022-12-31,10,0,Zillow ZIP-level market for Esparto; mapped with Census 2020 ZCTA 95627 in Yolo County.,,,,
95612 Clarksburg,zcta,95612,Clarksburg,38.3847062,-121.5787214,875754,,2022-12-31,10,0,Zillow ZIP-level market for Clarksburg; mapped with Census 2020 ZCTA 95612 in Yolo County.,,,,
95645 Knights Landing,zcta,95645,Knights Landing,38.8940348,-121.7968077,430402,,2022-12-31,10,0,Zillow ZIP-level market for Knights Landing; mapped with Census 2020 ZCTA 95645 in Yolo County.,,,,
95607 Capay,zcta,95607,Capay,38.8306164,-122.1260372,871943,,2022-12-31,10,0,Zillow ZIP-level market for Capay; mapped with Census 2020 ZCTA 95607 in Yolo County.,,,,
95937 Woodland,zcta,95937,Woodland,38.8840651,-121.9984849,496366,,2022-12-31,10,0,Zillow ZIP-level market for Woodland; mapped with Census 2020 ZCTA 95937 in Yolo County.,,,,
95637 Brooks,zcta,95637,Brooks,38.8530151,-122.2728699,661474,,2022-12-31,10,0,Zillow ZIP-level market for Brooks; mapped with Census 2020 ZCTA 95637 in Yolo County.,,,,
95653 Madison,zcta,95653,Madison,38.697075,-121.978414,376453,,2022-12-31,10,0,Zillow ZIP-level market for Madison; mapped with Census 2020 ZCTA 95653 in Yolo County.,,,,
95697 Yolo,zcta,95697,Yolo,38.7328813,-121.8071949,523421,,2022-12-31,10,0,Zillow ZIP-level market for Yolo; mapped with Census 2020 ZCTA 95697 in Yolo County.,,,,
95616 Davis,zcta,95616,Davis,38.5541465,-121.7985136,868552,2230,2023-01-31,10,0,Zillow ZIP-level market for Davis; mapped with Census 2020 ZCTA 95616 in Yolo County.,,2230,Zillow ZORI,
95691 West Sacramento,zcta,95691,West Sacramento,38.6279507,-121.5932868,579549,2123,2023-01-31,10,0,Zillow ZIP-level market for West Sacramento; mapped with Census 2020 ZCTA 95691 in Yolo County.,,2123,Zillow ZORI,
95695 Woodland,zcta,95695,Woodland,38.6940377,-121.8529316,511951,,2023-01-31,10,0,Zillow ZIP-level market for Woodland; mapped with Census 2020 ZCTA 95695 in Yolo County.,,,,
95776 Woodland,zcta,95776,Woodland,38.6986923,-121.6994618,598836,2537,2023-01-31,10,0,Zillow ZIP-level market for Woodland; mapped with Census 2020 ZCTA 95776 in Yolo County.,,2537,Zillow ZORI,
95618 Davis,zcta,95618,Davis,38.5430194,-121.6905376,853268,,2023-01-31,10,0,Zillow ZIP-level market for Davis; mapped with Census 2020 ZCTA 95618 in Yolo County.,,,,
95605 West Sacramento,zcta,95605,West Sacramento,38.5935212,-121.539867,421410,1997,2023-01-31,10,0,Zillow ZIP-level market for West Sacramento; mapped with Census 2020 ZCTA 95605 in Yolo County.,,1997,Zillow ZORI,
95694 Winters,zcta,95694,Winters,38.5716604,-122.0641679,601783,,2023-01-31,10,0,Zillow ZIP-level market for Winters; mapped with Census 2020 ZCTA 95694 in Yolo County.,,,,
95627 Esparto,zcta,95627,Esparto,38.7345127,-122.0253459,469072,,2023-01-31,10,0,Zillow ZIP-level market for Esparto; mapped with Census 2020 ZCTA 95627 in Yolo County.,,,,
95612 Clarksburg,zcta,95612,Clarksburg,38.3847062,-121.5787214,852033,,2023-01-31,10,0,Zillow ZIP-level market for Clarksburg; mapped with Census 2020 ZCTA 95612 in Yolo County.,,,,
95645 Knights Landing,zcta,95645,Knights Landing,38.8940348,-121.7968077,425383,,2023-01-31,10,0,Zillow ZIP-level market for Knights Landing; mapped with Census 2020 ZCTA 95645 in Yolo County.,,,,
95607 Capay,zcta,95607,Capay,38.8306164,-122.1260372,859487,,2023-01-31,10,0,Zillow ZIP-level market for Capay; mapped with Census 2020 ZCTA 95607 in Yolo County.,,,,
95937 Woodland,zcta,95937,Woodland,38.8840651,-121.9984849,488880,,2023-01-31,10,0,Zillow ZIP-level market for Woodland; mapped with Census 2020 ZCTA 95937 in Yolo County.,,,,
95637 Brooks,zcta,95637,Brooks,38.8530151,-122.2728699,652481,,2023-01-31,10,0,Zillow ZIP-level market for Brooks; mapped with Census 2020 ZCTA 95637 in Yolo County.,,,,
95653 Madison,zcta,95653,Madison,38.697075,-121.978414,372640,,2023-01-31,10,0,Zillow ZIP-level market for Madison; mapped with Census 2020 ZCTA 95653 in Yolo County.,,,,
95697 Yolo,zcta,95697,Yolo,38.7328813,-121.8071949,516653,,2023-01-31,10,0,Zillow ZIP-level market for Yolo; mapped with Census 2020 ZCTA 95697 in Yolo County.,,,,
95616 Davis,zcta,95616,Davis,38.5541465,-121.7985136,862343,2295,2023-02-28,10,0,Zillow ZIP-level market for Davis; mapped with Census 2020 ZCTA 95616 in Yolo County.,,2295,Zillow ZORI,
95691 West Sacramento,zcta,95691,West Sacramento,38.6279507,-121.5932868,575084,2145,2023-02-28,10,0,Zillow ZIP-level market for West Sacramento; mapped with Census 2020 ZCTA 95691 in Yolo County.,,2145,Zillow ZORI,
95695 Woodland,zcta,95695,Woodland,38.6940377,-121.8529316,507641,,2023-02-28,10,0,Zillow ZIP-level market for Woodland; mapped with Census 2020 ZCTA 95695 in Yolo County.,,,,
95776 Woodland,zcta,95776,Woodland,38.6986923,-121.6994618,593417,2574,2023-02-28,10,0,Zillow ZIP-level market for Woodland; mapped with Census 2020 ZCTA 95776 in Yolo County.,,2574,Zillow ZORI,
95618 Davis,zcta,95618,Davis,38.5430194,-121.6905376,846467,,2023-02-28,10,0,Zillow ZIP-level market for Davis; mapped with Census 2020 ZCTA 95618 in Yolo County.,,,,
95605 West Sacramento,zcta,95605,West Sacramento,38.5935212,-121.539867,416537,2006,2023-02-28,10,0,Zillow ZIP-level market for West Sacramento; mapped with Census 2020 ZCTA 95605 in Yolo County.,,2006,Zillow ZORI,
95694 Winters,zcta,95694,Winters,38.5716604,-122.0641679,597524,,2023-02-28,10,0,Zillow ZIP-level market for Winters; mapped with Census 2020 ZCTA 95694 in Yolo County.,,,,
95627 Esparto,zcta,95627,Esparto,38.7345127,-122.0253459,464112,,2023-02-28,10,0,Zillow ZIP-level market for Esparto; mapped with Census 2020 ZCTA 95627 in Yolo County.,,,,
95612 Clarksburg,zcta,95612,Clarksburg,38.3847062,-121.5787214,833515,,2023-02-28,10,0,Zillow ZIP-level market for Clarksburg; mapped with Census 2020 ZCTA 95612 in Yolo County.,,,,
95645 Knights Landing,zcta,95645,Knights Landing,38.8940348,-121.7968077,421617,,2023-02-28,10,0,Zillow ZIP-level market for Knights Landing; mapped with Census 2020 ZCTA 95645 in Yolo County.,,,,
95607 Capay,zcta,95607,Capay,38.8306164,-122.1260372,843663,,2023-02-28,10,0,Zillow ZIP-level market for Capay; mapped with Census 2020 ZCTA 95607 in Yolo County.,,,,
95937 Woodland,zcta,95937,Woodland,38.8840651,-121.9984849,483323,,2023-02-28,10,0,Zillow ZIP-level market for Woodland; mapped with Census 2020 ZCTA 95937 in Yolo County.,,,,
95637 Brooks,zcta,95637,Brooks,38.8530151,-122.2728699,641394,,2023-02-28,10,0,Zillow ZIP-level market for Brooks; mapped with Census 2020 ZCTA 95637 in Yolo County.,,,,
95653 Madison,zcta,95653,Madison,38.697075,-121.978414,369938,,2023-02-28,10,0,Zillow ZIP-level market for Madison; mapped with Census 2020 ZCTA 95653 in Yolo County.,,,,
95697 Yolo,zcta,95697,Yolo,38.7328813,-121.8071949,511500,,2023-02-28,10,0,Zillow ZIP-level market for Yolo; mapped with Census 2020 ZCTA 95697 in Yolo County.,,,,
95616 Davis,zcta,95616,Davis,38.5541465,-121.7985136,857820,2336,2023-03-31,10,0,Zillow ZIP-level market for Davis; mapped with Census 2020 ZCTA 95616 in Yolo County.,,2336,Zillow ZORI,
95691 West Sacramento,zcta,95691,West Sacramento,38.6279507,-121.5932868,572314,2169,2023-03-31,10,0,Zillow ZIP-level market for West Sacramento; mapped with Census 2020 ZCTA 95691 in Yolo County.,,2169,Zillow ZORI,
95695 Woodland,zcta,95695,Woodland,38.6940377,-121.8529316,505553,,2023-03-31,10,0,Zillow ZIP-level market for Woodland; mapped with Census 2020 ZCTA 95695 in Yolo County.,,,,
95776 Woodland,zcta,95776,Woodland,38.6986923,-121.6994618,590542,2624,2023-03-31,10,0,Zillow ZIP-level market for Woodland; mapped with Census 2020 ZCTA 95776 in Yolo County.,,2624,Zillow ZORI,
95618 Davis,zcta,95618,Davis,38.5430194,-121.6905376,842281,,2023-03-31,10,0,Zillow ZIP-level market for Davis; mapped with Census 2020 ZCTA 95618 in Yolo County.,,,,
95605 West Sacramento,zcta,95605,West Sacramento,38.5935212,-121.539867,413876,2055,2023-03-31,10,0,Zillow ZIP-level market for West Sacramento; mapped with Census 2020 ZCTA 95605 in Yolo County.,,2055,Zillow ZORI,
95694 Winters,zcta,95694,Winters,38.5716604,-122.0641679,595551,,2023-03-31,10,0,Zillow ZIP-level market for Winters; mapped with Census 2020 ZCTA 95694 in Yolo County.,,,,
95627 Esparto,zcta,95627,Esparto,38.7345127,-122.0253459,461278,,2023-03-31,10,0,Zillow ZIP-level market for Esparto; mapped with Census 2020 ZCTA 95627 in Yolo County.,,,,
95612 Clarksburg,zcta,95612,Clarksburg,38.3847062,-121.5787214,824944,,2023-03-31,10,0,Zillow ZIP-level market for Clarksburg; mapped with Census 2020 ZCTA 95612 in Yolo County.,,,,
95645 Knights Landing,zcta,95645,Knights Landing,38.8940348,-121.7968077,420447,,2023-03-31,10,0,Zillow ZIP-level market for Knights Landing; mapped with Census 2020 ZCTA 95645 in Yolo County.,,,,
95607 Capay,zcta,95607,Capay,38.8306164,-122.1260372,831423,,2023-03-31,10,0,Zillow ZIP-level market for Capay; mapped with Census 2020 ZCTA 95607 in Yolo County.,,,,
95937 Woodland,zcta,95937,Woodland,38.8840651,-121.9984849,482886,,2023-03-31,10,0,Zillow ZIP-level market for Woodland; mapped with Census 2020 ZCTA 95937 in Yolo County.,,,,
95637 Brooks,zcta,95637,Brooks,38.8530151,-122.2728699,630664,,2023-03-31,10,0,Zillow ZIP-level market for Brooks; mapped with Census 2020 ZCTA 95637 in Yolo County.,,,,
95653 Madison,zcta,95653,Madison,38.697075,-121.978414,368403,,2023-03-31,10,0,Zillow ZIP-level market for Madison; mapped with Census 2020 ZCTA 95653 in Yolo County.,,,,
95697 Yolo,zcta,95697,Yolo,38.7328813,-121.8071949,509559,,2023-03-31,10,0,Zillow ZIP-level market for Yolo; mapped with Census 2020 ZCTA 95697 in Yolo County.,,,,
95616 Davis,zcta,95616,Davis,38.5541465,-121.7985136,859649,2353,2023-04-30,10,0,Zillow ZIP-level market for Davis; mapped with Census 2020 ZCTA 95616 in Yolo County.,,2353,Zillow ZORI,
95691 West Sacramento,zcta,95691,West Sacramento,38.6279507,-121.5932868,571769,2201,2023-04-30,10,0,Zillow ZIP-level market for West Sacramento; mapped with Census 2020 ZCTA 95691 in Yolo County.,,2201,Zillow ZORI,
95695 Woodland,zcta,95695,Woodland,38.6940377,-121.8529316,505582,1770,2023-04-30,10,0,Zillow ZIP-level market for Woodland; mapped with Census 2020 ZCTA 95695 in Yolo County.,,1770,Zillow ZORI,
95776 Woodland,zcta,95776,Woodland,38.6986923,-121.6994618,590369,2653,2023-04-30,10,0,Zillow ZIP-level market for Woodland; mapped with Census 2020 ZCTA 95776 in Yolo County.,,2653,Zillow ZORI,
95618 Davis,zcta,95618,Davis,38.5430194,-121.6905376,844916,,2023-04-30,10,0,Zillow ZIP-level market for Davis; mapped with Census 2020 ZCTA 95618 in Yolo County.,,,,
95605 West Sacramento,zcta,95605,West Sacramento,38.5935212,-121.539867,413269,2034,2023-04-30,10,0,Zillow ZIP-level market for West Sacramento; mapped with Census 2020 ZCTA 95605 in Yolo County.,,2034,Zillow ZORI,
95694 Winters,zcta,95694,Winters,38.5716604,-122.0641679,595903,,2023-04-30,10,0,Zillow ZIP-level market for Winters; mapped with Census 2020 ZCTA 95694 in Yolo County.,,,,
95627 Esparto,zcta,95627,Esparto,38.7345127,-122.0253459,460899,,2023-04-30,10,0,Zillow ZIP-level market for Esparto; mapped with Census 2020 ZCTA 95627 in Yolo County.,,,,
95612 Clarksburg,zcta,95612,Clarksburg,38.3847062,-121.5787214,824562,,2023-04-30,10,0,Zillow ZIP-level market for Clarksburg; mapped with Census 2020 ZCTA 95612 in Yolo County.,,,,
95645 Knights Landing,zcta,95645,Knights Landing,38.8940348,-121.7968077,421133,,2023-04-30,10,0,Zillow ZIP-level market for Knights Landing; mapped with Census 2020 ZCTA 95645 in Yolo County.,,,,
95607 Capay,zcta,95607,Capay,38.8306164,-122.1260372,825157,,2023-04-30,10,0,Zillow ZIP-level market for Capay; mapped with Census 2020 ZCTA 95607 in Yolo County.,,,,
95937 Woodland,zcta,95937,Woodland,38.8840651,-121.9984849,488261,,2023-04-30,10,0,Zillow ZIP-level market for Woodland; mapped with Census 2020 ZCTA 95937 in Yolo County.,,,,
95637 Brooks,zcta,95637,Brooks,38.8530151,-122.2728699,626948,,2023-04-30,10,0,Zillow ZIP-level market for Brooks; mapped with Census 2020 ZCTA 95637 in Yolo County.,,,,
95653 Madison,zcta,95653,Madison,38.697075,-121.978414,369174,,2023-04-30,10,0,Zillow ZIP-level market for Madison; mapped with Census 2020 ZCTA 95653 in Yolo County.,,,,
95697 Yolo,zcta,95697,Yolo,38.7328813,-121.8071949,508745,,2023-04-30,10,0,Zillow ZIP-level market for Yolo; mapped with Census 2020 ZCTA 95697 in Yolo County.,,,,
95616 Davis,zcta,95616,Davis,38.5541465,-121.7985136,863352,2383,2023-05-31,10,0,Zillow ZIP-level market for Davis; mapped with Census 2020 ZCTA 95616 in Yolo County.,,2383,Zillow ZORI,
95691 West Sacramento,zcta,95691,West Sacramento,38.6279507,-121.5932868,572099,2209,2023-05-31,10,0,Zillow ZIP-level market for West Sacramento; mapped with Census 2020 ZCTA 95691 in Yolo County.,,2209,Zillow ZORI,
95695 Woodland,zcta,95695,Woodland,38.6940377,-121.8529316,507077,1824,2023-05-31,10,0,Zillow ZIP-level market for Woodland; mapped with Census 2020 ZCTA 95695 in Yolo County.,,1824,Zillow ZORI,
95776 Woodland,zcta,95776,Woodland,38.6986923,-121.6994618,591580,2622,2023-05-31,10,0,Zillow ZIP-level market for Woodland; mapped with Census 2020 ZCTA 95776 in Yolo County.,,2622,Zillow ZORI,
95618 Davis,zcta,95618,Davis,38.5430194,-121.6905376,849305,,2023-05-31,10,0,Zillow ZIP-level market for Davis; mapped with Census 2020 ZCTA 95618 in Yolo County.,,,,
95605 West Sacramento,zcta,95605,West Sacramento,38.5935212,-121.539867,413677,2054,2023-05-31,10,0,Zillow ZIP-level market for West Sacramento; mapped with Census 2020 ZCTA 95605 in Yolo County.,,2054,Zillow ZORI,
95694 Winters,zcta,95694,Winters,38.5716604,-122.0641679,597907,,2023-05-31,10,0,Zillow ZIP-level market for Winters; mapped with Census 2020 ZCTA 95694 in Yolo County.,,,,
95627 Esparto,zcta,95627,Esparto,38.7345127,-122.0253459,461859,,2023-05-31,10,0,Zillow ZIP-level market for Esparto; mapped with Census 2020 ZCTA 95627 in Yolo County.,,,,
95612 Clarksburg,zcta,95612,Clarksburg,38.3847062,-121.5787214,824202,,2023-05-31,10,0,Zillow ZIP-level market for Clarksburg; mapped with Census 2020 ZCTA 95612 in Yolo County.,,,,
95645 Knights Landing,zcta,95645,Knights Landing,38.8940348,-121.7968077,422756,,2023-05-31,10,0,Zillow ZIP-level market for Knights Landing; mapped with Census 2020 ZCTA 95645 in Yolo County.,,,,
95607 Capay,zcta,95607,Capay,38.8306164,-122.1260372,825350,,2023-05-31,10,0,Zillow ZIP-level market for Capay; mapped with Census 2020 ZCTA 95607 in Yolo County.,,,,
95937 Woodland,zcta,95937,Woodland,38.8840651,-121.9984849,496402,,2023-05-31,10,0,Zillow ZIP-level market for Woodland; mapped with Census 2020 ZCTA 95937 in Yolo County.,,,,
95637 Brooks,zcta,95637,Brooks,38.8530151,-122.2728699,630449,,2023-05-31,10,0,Zillow ZIP-level market for Brooks; mapped with Census 2020 ZCTA 95637 in Yolo County.,,,,
95653 Madison,zcta,95653,Madison,38.697075,-121.978414,370693,,2023-05-31,10,0,Zillow ZIP-level market for Madison; mapped with Census 2020 ZCTA 95653 in Yolo County.,,,,
95697 Yolo,zcta,95697,Yolo,38.7328813,-121.8071949,509150,,2023-05-31,10,0,Zillow ZIP-level market for Yolo; mapped with Census 2020 ZCTA 95697 in Yolo County.,,,,
95616 Davis,zcta,95616,Davis,38.5541465,-121.7985136,869691,2381,2023-06-30,10,0,Zillow ZIP-level market for Davis; mapped with Census 2020 ZCTA 95616 in Yolo County.,,2381,Zillow ZORI,
95691 West Sacramento,zcta,95691,West Sacramento,38.6279507,-121.5932868,573479,2237,2023-06-30,10,0,Zillow ZIP-level market for West Sacramento; mapped with Census 2020 ZCTA 95691 in Yolo County.,,2237,Zillow ZORI,
95695 Woodland,zcta,95695,Woodland,38.6940377,-121.8529316,508940,1849,2023-06-30,10,0,Zillow ZIP-level market for Woodland; mapped with Census 2020 ZCTA 95695 in Yolo County.,,1849,Zillow ZORI,
95776 Woodland,zcta,95776,Woodland,38.6986923,-121.6994618,593497,2610,2023-06-30,10,0,Zillow ZIP-level market for Woodland; mapped with Census 2020 ZCTA 95776 in Yolo County.,,2610,Zillow ZORI,
95618 Davis,zcta,95618,Davis,38.5430194,-121.6905376,856177,,2023-06-30,10,0,Zillow ZIP-level market for Davis; mapped with Census 2020 ZCTA 95618 in Yolo County.,,,,
95605 West Sacramento,zcta,95605,West Sacramento,38.5935212,-121.539867,414816,2057,2023-06-30,10,0,Zillow ZIP-level market for West Sacramento; mapped with Census 2020 ZCTA 95605 in Yolo County.,,2057,Zillow ZORI,
95694 Winters,zcta,95694,Winters,38.5716604,-122.0641679,599611,,2023-06-30,10,0,Zillow ZIP-level market for Winters; mapped with Census 2020 ZCTA 95694 in Yolo County.,,,,
95627 Esparto,zcta,95627,Esparto,38.7345127,-122.0253459,463037,,2023-06-30,10,0,Zillow ZIP-level market for Esparto; mapped with Census 2020 ZCTA 95627 in Yolo County.,,,,
95612 Clarksburg,zcta,95612,Clarksburg,38.3847062,-121.5787214,821748,,2023-06-30,10,0,Zillow ZIP-level market for Clarksburg; mapped with Census 2020 ZCTA 95612 in Yolo County.,,,,
95645 Knights Landing,zcta,95645,Knights Landing,38.8940348,-121.7968077,423569,,2023-06-30,10,0,Zillow ZIP-level market for Knights Landing; mapped with Census 2020 ZCTA 95645 in Yolo County.,,,,
95607 Capay,zcta,95607,Capay,38.8306164,-122.1260372,824761,,2023-06-30,10,0,Zillow ZIP-level market for Capay; mapped with Census 2020 ZCTA 95607 in Yolo County.,,,,
95937 Woodland,zcta,95937,Woodland,38.8840651,-121.9984849,501323,,2023-06-30,10,0,Zillow ZIP-level market for Woodland; mapped with Census 2020 ZCTA 95937 in Yolo County.,,,,
95637 Brooks,zcta,95637,Brooks,38.8530151,-122.2728699,636470,,2023-06-30,10,0,Zillow ZIP-level market for Brooks; mapped with Census 2020 ZCTA 95637 in Yolo County.,,,,
95653 Madison,zcta,95653,Madison,38.697075,-121.978414,371830,,2023-06-30,10,0,Zillow ZIP-level market for Madison; mapped with Census 2020 ZCTA 95653 in Yolo County.,,,,
95697 Yolo,zcta,95697,Yolo,38.7328813,-121.8071949,509056,,2023-06-30,10,0,Zillow ZIP-level market for Yolo; mapped with Census 2020 ZCTA 95697 in Yolo County.,,,,
95616 Davis,zcta,95616,Davis,38.5541465,-121.7985136,875392,2413,2023-07-31,10,0,Zillow ZIP-level market for Davis; mapped with Census 2020 ZCTA 95616 in Yolo County.,,2413,Zillow ZORI,
95691 West Sacramento,zcta,95691,West Sacramento,38.6279507,-121.5932868,575635,2233,2023-07-31,10,0,Zillow ZIP-level market for West Sacramento; mapped with Census 2020 ZCTA 95691 in Yolo County.,,2233,Zillow ZORI,
95695 Woodland,zcta,95695,Woodland,38.6940377,-121.8529316,511730,1844,2023-07-31,10,0,Zillow ZIP-level market for Woodland; mapped with Census 2020 ZCTA 95695 in Yolo County.,,1844,Zillow ZORI,
95776 Woodland,zcta,95776,Woodland,38.6986923,-121.6994618,595565,2598,2023-07-31,10,0,Zillow ZIP-level market for Woodland; mapped with Census 2020 ZCTA 95776 in Yolo County.,,2598,Zillow ZORI,
95618 Davis,zcta,95618,Davis,38.5430194,-121.6905376,861508,,2023-07-31,10,0,Zillow ZIP-level market for Davis; mapped with Census 2020 ZCTA 95618 in Yolo County.,,,,
95605 West Sacramento,zcta,95605,West Sacramento,38.5935212,-121.539867,416435,2059,2023-07-31,10,0,Zillow ZIP-level market for West Sacramento; mapped with Census 2020 ZCTA 95605 in Yolo County.,,2059,Zillow ZORI,
95694 Winters,zcta,95694,Winters,38.5716604,-122.0641679,601818,,2023-07-31,10,0,Zillow ZIP-level market for Winters; mapped with Census 2020 ZCTA 95694 in Yolo County.,,,,
95627 Esparto,zcta,95627,Esparto,38.7345127,-122.0253459,464784,,2023-07-31,10,0,Zillow ZIP-level market for Esparto; mapped with Census 2020 ZCTA 95627 in Yolo County.,,,,
95612 Clarksburg,zcta,95612,Clarksburg,38.3847062,-121.5787214,822454,,2023-07-31,10,0,Zillow ZIP-level market for Clarksburg; mapped with Census 2020 ZCTA 95612 in Yolo County.,,,,
95645 Knights Landing,zcta,95645,Knights Landing,38.8940348,-121.7968077,423831,,2023-07-31,10,0,Zillow ZIP-level market for Knights Landing; mapped with Census 2020 ZCTA 95645 in Yolo County.,,,,
95607 Capay,zcta,95607,Capay,38.8306164,-122.1260372,825329,,2023-07-31,10,0,Zillow ZIP-level market for Capay; mapped with Census 2020 ZCTA 95607 in Yolo County.,,,,
95937 Woodland,zcta,95937,Woodland,38.8840651,-121.9984849,504442,,2023-07-31,10,0,Zillow ZIP-level market for Woodland; mapped with Census 2020 ZCTA 95937 in Yolo County.,,,,
95637 Brooks,zcta,95637,Brooks,38.8530151,-122.2728699,643052,,2023-07-31,10,0,Zillow ZIP-level market for Brooks; mapped with Census 2020 ZCTA 95637 in Yolo County.,,,,
95653 Madison,zcta,95653,Madison,38.697075,-121.978414,371743,,2023-07-31,10,0,Zillow ZIP-level market for Madison; mapped with Census 2020 ZCTA 95653 in Yolo County.,,,,
95697 Yolo,zcta,95697,Yolo,38.7328813,-121.8071949,508805,,2023-07-31,10,0,Zillow ZIP-level market for Yolo; mapped with Census 2020 ZCTA 95697 in Yolo County.,,,,
95616 Davis,zcta,95616,Davis,38.5541465,-121.7985136,882397,2412,2023-08-31,10,0,Zillow ZIP-level market for Davis; mapped with Census 2020 ZCTA 95616 in Yolo County.,,2412,Zillow ZORI,
95691 West Sacramento,zcta,95691,West Sacramento,38.6279507,-121.5932868,578538,2237,2023-08-31,10,0,Zillow ZIP-level market for West Sacramento; mapped with Census 2020 ZCTA 95691 in Yolo County.,,2237,Zillow ZORI,
95695 Woodland,zcta,95695,Woodland,38.6940377,-121.8529316,515208,1858,2023-08-31,10,0,Zillow ZIP-level market for Woodland; mapped with Census 2020 ZCTA 95695 in Yolo County.,,1858,Zillow ZORI,
95776 Woodland,zcta,95776,Woodland,38.6986923,-121.6994618,597760,2633,2023-08-31,10,0,Zillow ZIP-level market for Woodland; mapped with Census 2020 ZCTA 95776 in Yolo County.,,2633,Zillow ZORI,
95618 Davis,zcta,95618,Davis,38.5430194,-121.6905376,867232,,2023-08-31,10,0,Zillow ZIP-level market for Davis; mapped with Census 2020 ZCTA 95618 in Yolo County.,,,,
95605 West Sacramento,zcta,95605,West Sacramento,38.5935212,-121.539867,418705,2056,2023-08-31,10,0,Zillow ZIP-level market for West Sacramento; mapped with Census 2020 ZCTA 95605 in Yolo County.,,2056,Zillow ZORI,
95694 Winters,zcta,95694,Winters,38.5716604,-122.0641679,603544,,2023-08-31,10,0,Zillow ZIP-level market for Winters; mapped with Census 2020 ZCTA 95694 in Yolo County.,,,,
95627 Esparto,zcta,95627,Esparto,38.7345127,-122.0253459,467126,,2023-08-31,10,0,Zillow ZIP-level market for Esparto; mapped with Census 2020 ZCTA 95627 in Yolo County.,,,,
95612 Clarksburg,zcta,95612,Clarksburg,38.3847062,-121.5787214,824784,,2023-08-31,10,0,Zillow ZIP-level market for Clarksburg; mapped with Census 2020 ZCTA 95612 in Yolo County.,,,,
95645 Knights Landing,zcta,95645,Knights Landing,38.8940348,-121.7968077,423668,,2023-08-31,10,0,Zillow ZIP-level market for Knights Landing; mapped with Census 2020 ZCTA 95645 in Yolo County.,,,,
95607 Capay,zcta,95607,Capay,38.8306164,-122.1260372,826974,,2023-08-31,10,0,Zillow ZIP-level market for Capay; mapped with Census 2020 ZCTA 95607 in Yolo County.,,,,
95937 Woodland,zcta,95937,Woodland,38.8840651,-121.9984849,506825,,2023-08-31,10,0,Zillow ZIP-level market for Woodland; mapped with Census 2020 ZCTA 95937 in Yolo County.,,,,
95637 Brooks,zcta,95637,Brooks,38.8530151,-122.2728699,649228,,2023-08-31,10,0,Zillow ZIP-level market for Brooks; mapped with Census 2020 ZCTA 95637 in Yolo County.,,,,
95653 Madison,zcta,95653,Madison,38.697075,-121.978414,372323,,2023-08-31,10,0,Zillow ZIP-level market for Madison; mapped with Census 2020 ZCTA 95653 in Yolo County.,,,,
95697 Yolo,zcta,95697,Yolo,38.7328813,-121.8071949,507294,,2023-08-31,10,0,Zillow ZIP-level market for Yolo; mapped with Census 2020 ZCTA 95697 in Yolo County.,,,,
95616 Davis,zcta,95616,Davis,38.5541465,-121.7985136,888625,2401,2023-09-30,10,0,Zillow ZIP-level market for Davis; mapped with Census 2020 ZCTA 95616 in Yolo County.,,2401,Zillow ZORI,
95691 West Sacramento,zcta,95691,West Sacramento,38.6279507,-121.5932868,581228,2211,2023-09-30,10,0,Zillow ZIP-level market for West Sacramento; mapped with Census 2020 ZCTA 95691 in Yolo County.,,2211,Zillow ZORI,
95695 Woodland,zcta,95695,Woodland,38.6940377,-121.8529316,517717,1860,2023-09-30,10,0,Zillow ZIP-level market for Woodland; mapped with Census 2020 ZCTA 95695 in Yolo County.,,1860,Zillow ZORI,
95776 Woodland,zcta,95776,Woodland,38.6986923,-121.6994618,599171,2652,2023-09-30,10,0,Zillow ZIP-level market for Woodland; mapped with Census 2020 ZCTA 95776 in Yolo County.,,2652,Zillow ZORI,
95618 Davis,zcta,95618,Davis,38.5430194,-121.6905376,872037,,2023-09-30,10,0,Zillow ZIP-level market for Davis; mapped with Census 2020 ZCTA 95618 in Yolo County.,,,,
95605 West Sacramento,zcta,95605,West Sacramento,38.5935212,-121.539867,420593,2038,2023-09-30,10,0,Zillow ZIP-level market for West Sacramento; mapped with Census 2020 ZCTA 95605 in Yolo County.,,2038,Zillow ZORI,
95694 Winters,zcta,95694,Winters,38.5716604,-122.0641679,604582,,2023-09-30,10,0,Zillow ZIP-level market for Winters; mapped with Census 2020 ZCTA 95694 in Yolo County.,,,,
95627 Esparto,zcta,95627,Esparto,38.7345127,-122.0253459,469352,,2023-09-30,10,0,Zillow ZIP-level market for Esparto; mapped with Census 2020 ZCTA 95627 in Yolo County.,,,,
95612 Clarksburg,zcta,95612,Clarksburg,38.3847062,-121.5787214,828092,,2023-09-30,10,0,Zillow ZIP-level market for Clarksburg; mapped with Census 2020 ZCTA 95612 in Yolo County.,,,,
95645 Knights Landing,zcta,95645,Knights Landing,38.8940348,-121.7968077,422829,,2023-09-30,10,0,Zillow ZIP-level market for Knights Landing; mapped with Census 2020 ZCTA 95645 in Yolo County.,,,,
95607 Capay,zcta,95607,Capay,38.8306164,-122.1260372,829002,,2023-09-30,10,0,Zillow ZIP-level market for Capay; mapped with Census 2020 ZCTA 95607 in Yolo County.,,,,
95937 Woodland,zcta,95937,Woodland,38.8840651,-121.9984849,510198,,2023-09-30,10,0,Zillow ZIP-level market for Woodland; mapped with Census 2020 ZCTA 95937 in Yolo County.,,,,
95637 Brooks,zcta,95637,Brooks,38.8530151,-122.2728699,653990,,2023-09-30,10,0,Zillow ZIP-level market for Brooks; mapped with Census 2020 ZCTA 95637 in Yolo County.,,,,
95653 Madison,zcta,95653,Madison,38.697075,-121.978414,373425,,2023-09-30,10,0,Zillow ZIP-level market for Madison; mapped with Census 2020 ZCTA 95653 in Yolo County.,,,,
95697 Yolo,zcta,95697,Yolo,38.7328813,-121.8071949,504241,,2023-09-30,10,0,Zillow ZIP-level market for Yolo; mapped with Census 2020 ZCTA 95697 in Yolo County.,,,,
95616 Davis,zcta,95616,Davis,38.5541465,-121.7985136,892328,2354,2023-10-31,10,0,Zillow ZIP-level market for Davis; mapped with Census 2020 ZCTA 95616 in Yolo County.,,2354,Zillow ZORI,
95691 West Sacramento,zcta,95691,West Sacramento,38.6279507,-121.5932868,583086,2239,2023-10-31,10,0,Zillow ZIP-level market for West Sacramento; mapped with Census 2020 ZCTA 95691 in Yolo County.,,2239,Zillow ZORI,
95695 Woodland,zcta,95695,Woodland,38.6940377,-121.8529316,519335,1876,2023-10-31,10,0,Zillow ZIP-level market for Woodland; mapped with Census 2020 ZCTA 95695 in Yolo County.,,1876,Zillow ZORI,
95776 Woodland,zcta,95776,Woodland,38.6986923,-121.6994618,599983,2750,2023-10-31,10,0,Zillow ZIP-level market for Woodland; mapped with Census 2020 ZCTA 95776 in Yolo County.,,2750,Zillow ZORI,
95618 Davis,zcta,95618,Davis,38.5430194,-121.6905376,875873,,2023-10-31,10,0,Zillow ZIP-level market for Davis; mapped with Census 2020 ZCTA 95618 in Yolo County.,,,,
95605 West Sacramento,zcta,95605,West Sacramento,38.5935212,-121.539867,421816,2087,2023-10-31,10,0,Zillow ZIP-level market for West Sacramento; mapped with Census 2020 ZCTA 95605 in Yolo County.,,2087,Zillow ZORI,
95694 Winters,zcta,95694,Winters,38.5716604,-122.0641679,604749,,2023-10-31,10,0,Zillow ZIP-level market for Winters; mapped with Census 2020 ZCTA 95694 in Yolo County.,,,,
95627 Esparto,zcta,95627,Esparto,38.7345127,-122.0253459,470437,,2023-10-31,10,0,Zillow ZIP-level market for Esparto; mapped with Census 2020 ZCTA 95627 in Yolo County.,,,,
95612 Clarksburg,zcta,95612,Clarksburg,38.3847062,-121.5787214,829225,,2023-10-31,10,0,Zillow ZIP-level market for Clarksburg; mapped with Census 2020 ZCTA 95612 in Yolo County.,,,,
95645 Knights Landing,zcta,95645,Knights Landing,38.8940348,-121.7968077,421011,,2023-10-31,10,0,Zillow ZIP-level market for Knights Landing; mapped with Census 2020 ZCTA 95645 in Yolo County.,,,,
95607 Capay,zcta,95607,Capay,38.8306164,-122.1260372,828744,,2023-10-31,10,0,Zillow ZIP-level market for Capay; mapped with Census 2020 ZCTA 95607 in Yolo County.,,,,
95937 Woodland,zcta,95937,Woodland,38.8840651,-121.9984849,513011,,2023-10-31,10,0,Zillow ZIP-level market for Woodland; mapped with Census 2020 ZCTA 95937 in Yolo County.,,,,
95637 Brooks,zcta,95637,Brooks,38.8530151,-122.2728699,656817,,2023-10-31,10,0,Zillow ZIP-level market for Brooks; mapped with Census 2020 ZCTA 95637 in Yolo County.,,,,
95653 Madison,zcta,95653,Madison,38.697075,-121.978414,374228,,2023-10-31,10,0,Zillow ZIP-level market for Madison; mapped with Census 2020 ZCTA 95653 in Yolo County.,,,,
95697 Yolo,zcta,95697,Yolo,38.7328813,-121.8071949,500532,,2023-10-31,10,0,Zillow ZIP-level market for Yolo; mapped with Census 2020 ZCTA 95697 in Yolo County.,,,,
95616 Davis,zcta,95616,Davis,38.5541465,-121.7985136,893958,2334,2023-11-30,10,0,Zillow ZIP-level market for Davis; mapped with Census 2020 ZCTA 95616 in Yolo County.,,2334,Zillow ZORI,
95691 West Sacramento,zcta,95691,West Sacramento,38.6279507,-121.5932868,584127,2220,2023-11-30,10,0,Zillow ZIP-level market for West Sacramento; mapped with Census 2020 ZCTA 95691 in Yolo County.,,2220,Zillow ZORI,
95695 Woodland,zcta,95695,Woodland,38.6940377,-121.8529316,519575,1871,2023-11-30,10,0,Zillow ZIP-level market for Woodland; mapped with Census 2020 ZCTA 95695 in Yolo County.,,1871,Zillow ZORI,
95776 Woodland,zcta,95776,Woodland,38.6986923,-121.6994618,600126,2846,2023-11-30,10,0,Zillow ZIP-level market for Woodland; mapped with Census 2020 ZCTA 95776 in Yolo County.,,2846,Zillow ZORI,
95618 Davis,zcta,95618,Davis,38.5430194,-121.6905376,879120,2303,2023-11-30,10,0,Zillow ZIP-level market for Davis; mapped with Census 2020 ZCTA 95618 in Yolo County.,,2303,Zillow ZORI,
95605 West Sacramento,zcta,95605,West Sacramento,38.5935212,-121.539867,422146,2055,2023-11-30,10,0,Zillow ZIP-level market for West Sacramento; mapped with Census 2020 ZCTA 95605 in Yolo County.,,2055,Zillow ZORI,
95694 Winters,zcta,95694,Winters,38.5716604,-122.0641679,604752,,2023-11-30,10,0,Zillow ZIP-level market for Winters; mapped with Census 2020 ZCTA 95694 in Yolo County.,,,,
95627 Esparto,zcta,95627,Esparto,38.7345127,-122.0253459,469965,,2023-11-30,10,0,Zillow ZIP-level market for Esparto; mapped with Census 2020 ZCTA 95627 in Yolo County.,,,,
95612 Clarksburg,zcta,95612,Clarksburg,38.3847062,-121.5787214,828680,,2023-11-30,10,0,Zillow ZIP-level market for Clarksburg; mapped with Census 2020 ZCTA 95612 in Yolo County.,,,,
95645 Knights Landing,zcta,95645,Knights Landing,38.8940348,-121.7968077,418666,,2023-11-30,10,0,Zillow ZIP-level market for Knights Landing; mapped with Census 2020 ZCTA 95645 in Yolo County.,,,,
95607 Capay,zcta,95607,Capay,38.8306164,-122.1260372,823179,,2023-11-30,10,0,Zillow ZIP-level market for Capay; mapped with Census 2020 ZCTA 95607 in Yolo County.,,,,
95937 Woodland,zcta,95937,Woodland,38.8840651,-121.9984849,513549,,2023-11-30,10,0,Zillow ZIP-level market for Woodland; mapped with Census 2020 ZCTA 95937 in Yolo County.,,,,
95637 Brooks,zcta,95637,Brooks,38.8530151,-122.2728699,658043,,2023-11-30,10,0,Zillow ZIP-level market for Brooks; mapped with Census 2020 ZCTA 95637 in Yolo County.,,,,
95653 Madison,zcta,95653,Madison,38.697075,-121.978414,372358,,2023-11-30,10,0,Zillow ZIP-level market for Madison; mapped with Census 2020 ZCTA 95653 in Yolo County.,,,,
95697 Yolo,zcta,95697,Yolo,38.7328813,-121.8071949,494941,,2023-11-30,10,0,Zillow ZIP-level market for Yolo; mapped with Census 2020 ZCTA 95697 in Yolo County.,,,,
95616 Davis,zcta,95616,Davis,38.5541465,-121.7985136,892091,2302,2023-12-31,10,0,Zillow ZIP-level market for Davis; mapped with Census 2020 ZCTA 95616 in Yolo County.,,2302,Zillow ZORI,
95691 West Sacramento,zcta,95691,West Sacramento,38.6279507,-121.5932868,584962,2205,2023-12-31,10,0,Zillow ZIP-level market for West Sacramento; mapped with Census 2020 ZCTA 95691 in Yolo County.,,2205,Zillow ZORI,
95695 Woodland,zcta,95695,Woodland,38.6940377,-121.8529316,520241,1861,2023-12-31,10,0,Zillow ZIP-level market for Woodland; mapped with Census 2020 ZCTA 95695 in Yolo County.,,1861,Zillow ZORI,
95776 Woodland,zcta,95776,Woodland,38.6986923,-121.6994618,600558,2920,2023-12-31,10,0,Zillow ZIP-level market for Woodland; mapped with Census 2020 ZCTA 95776 in Yolo County.,,2920,Zillow ZORI,
95618 Davis,zcta,95618,Davis,38.5430194,-121.6905376,879920,2326,2023-12-31,10,0,Zillow ZIP-level market for Davis; mapped with Census 2020 ZCTA 95618 in Yolo County.,,2326,Zillow ZORI,
95605 West Sacramento,zcta,95605,West Sacramento,38.5935212,-121.539867,421904,2038,2023-12-31,10,0,Zillow ZIP-level market for West Sacramento; mapped with Census 2020 ZCTA 95605 in Yolo County.,,2038,Zillow ZORI,
95694 Winters,zcta,95694,Winters,38.5716604,-122.0641679,605240,,2023-12-31,10,0,Zillow ZIP-level market for Winters; mapped with Census 2020 ZCTA 95694 in Yolo County.,,,,
95627 Esparto,zcta,95627,Esparto,38.7345127,-122.0253459,469908,,2023-12-31,10,0,Zillow ZIP-level market for Esparto; mapped with Census 2020 ZCTA 95627 in Yolo County.,,,,
95612 Clarksburg,zcta,95612,Clarksburg,38.3847062,-121.5787214,824574,,2023-12-31,10,0,Zillow ZIP-level market for Clarksburg; mapped with Census 2020 ZCTA 95612 in Yolo County.,,,,
95645 Knights Landing,zcta,95645,Knights Landing,38.8940348,-121.7968077,416571,,2023-12-31,10,0,Zillow ZIP-level market for Knights Landing; mapped with Census 2020 ZCTA 95645 in Yolo County.,,,,
95607 Capay,zcta,95607,Capay,38.8306164,-122.1260372,813890,,2023-12-31,10,0,Zillow ZIP-level market for Capay; mapped with Census 2020 ZCTA 95607 in Yolo County.,,,,
95937 Woodland,zcta,95937,Woodland,38.8840651,-121.9984849,512136,,2023-12-31,10,0,Zillow ZIP-level market for Woodland; mapped with Census 2020 ZCTA 95937 in Yolo County.,,,,
95637 Brooks,zcta,95637,Brooks,38.8530151,-122.2728699,657855,,2023-12-31,10,0,Zillow ZIP-level market for Brooks; mapped with Census 2020 ZCTA 95637 in Yolo County.,,,,
95653 Madison,zcta,95653,Madison,38.697075,-121.978414,370025,,2023-12-31,10,0,Zillow ZIP-level market for Madison; mapped with Census 2020 ZCTA 95653 in Yolo County.,,,,
95697 Yolo,zcta,95697,Yolo,38.7328813,-121.8071949,488632,,2023-12-31,10,0,Zillow ZIP-level market for Yolo; mapped with Census 2020 ZCTA 95697 in Yolo County.,,,,
95616 Davis,zcta,95616,Davis,38.5541465,-121.7985136,889405,2343,2024-01-31,10,0,Zillow ZIP-level market for Davis; mapped with Census 2020 ZCTA 95616 in Yolo County.,,2343,Zillow ZORI,
95691 West Sacramento,zcta,95691,West Sacramento,38.6279507,-121.5932868,586196,2180,2024-01-31,10,0,Zillow ZIP-level market for West Sacramento; mapped with Census 2020 ZCTA 95691 in Yolo County.,,2180,Zillow ZORI,
95695 Woodland,zcta,95695,Woodland,38.6940377,-121.8529316,521234,1859,2024-01-31,10,0,Zillow ZIP-level market for Woodland; mapped with Census 2020 ZCTA 95695 in Yolo County.,,1859,Zillow ZORI,
95776 Woodland,zcta,95776,Woodland,38.6986923,-121.6994618,601564,2855,2024-01-31,10,0,Zillow ZIP-level market for Woodland; mapped with Census 2020 ZCTA 95776 in Yolo County.,,2855,Zillow ZORI,
95618 Davis,zcta,95618,Davis,38.5430194,-121.6905376,879556,2345,2024-01-31,10,0,Zillow ZIP-level market for Davis; mapped with Census 2020 ZCTA 95618 in Yolo County.,,2345,Zillow ZORI,
95605 West Sacramento,zcta,95605,West Sacramento,38.5935212,-121.539867,422129,2032,2024-01-31,10,0,Zillow ZIP-level market for West Sacramento; mapped with Census 2020 ZCTA 95605 in Yolo County.,,2032,Zillow ZORI,
95694 Winters,zcta,95694,Winters,38.5716604,-122.0641679,606798,,2024-01-31,10,0,Zillow ZIP-level market for Winters; mapped with Census 2020 ZCTA 95694 in Yolo County.,,,,
95627 Esparto,zcta,95627,Esparto,38.7345127,-122.0253459,470742,,2024-01-31,10,0,Zillow ZIP-level market for Esparto; mapped with Census 2020 ZCTA 95627 in Yolo County.,,,,
95612 Clarksburg,zcta,95612,Clarksburg,38.3847062,-121.5787214,818667,,2024-01-31,10,0,Zillow ZIP-level market for Clarksburg; mapped with Census 2020 ZCTA 95612 in Yolo County.,,,,
95645 Knights Landing,zcta,95645,Knights Landing,38.8940348,-121.7968077,416074,,2024-01-31,10,0,Zillow ZIP-level market for Knights Landing; mapped with Census 2020 ZCTA 95645 in Yolo County.,,,,
95607 Capay,zcta,95607,Capay,38.8306164,-122.1260372,803851,,2024-01-31,10,0,Zillow ZIP-level market for Capay; mapped with Census 2020 ZCTA 95607 in Yolo County.,,,,
95937 Woodland,zcta,95937,Woodland,38.8840651,-121.9984849,509802,,2024-01-31,10,0,Zillow ZIP-level market for Woodland; mapped with Census 2020 ZCTA 95937 in Yolo County.,,,,
95637 Brooks,zcta,95637,Brooks,38.8530151,-122.2728699,655618,,2024-01-31,10,0,Zillow ZIP-level market for Brooks; mapped with Census 2020 ZCTA 95637 in Yolo County.,,,,
95653 Madison,zcta,95653,Madison,38.697075,-121.978414,368919,,2024-01-31,10,0,Zillow ZIP-level market for Madison; mapped with Census 2020 ZCTA 95653 in Yolo County.,,,,
95697 Yolo,zcta,95697,Yolo,38.7328813,-121.8071949,483328,,2024-01-31,10,0,Zillow ZIP-level market for Yolo; mapped with Census 2020 ZCTA 95697 in Yolo County.,,,,
95616 Davis,zcta,95616,Davis,38.5541465,-121.7985136,886226,2369,2024-02-29,10,0,Zillow ZIP-level market for Davis; mapped with Census 2020 ZCTA 95616 in Yolo County.,,2369,Zillow ZORI,
95691 West Sacramento,zcta,95691,West Sacramento,38.6279507,-121.5932868,587835,2194,2024-02-29,10,0,Zillow ZIP-level market for West Sacramento; mapped with Census 2020 ZCTA 95691 in Yolo County.,,2194,Zillow ZORI,
95695 Woodland,zcta,95695,Woodland,38.6940377,-121.8529316,522470,,2024-02-29,10,0,Zillow ZIP-level market for Woodland; mapped with Census 2020 ZCTA 95695 in Yolo County.,,,,
95776 Woodland,zcta,95776,Woodland,38.6986923,-121.6994618,603232,2784,2024-02-29,10,0,Zillow ZIP-level market for Woodland; mapped with Census 2020 ZCTA 95776 in Yolo County.,,2784,Zillow ZORI,
95618 Davis,zcta,95618,Davis,38.5430194,-121.6905376,879089,2397,2024-02-29,10,0,Zillow ZIP-level market for Davis; mapped with Census 2020 ZCTA 95618 in Yolo County.,,2397,Zillow ZORI,
95605 West Sacramento,zcta,95605,West Sacramento,38.5935212,-121.539867,422036,2083,2024-02-29,10,0,Zillow ZIP-level market for West Sacramento; mapped with Census 2020 ZCTA 95605 in Yolo County.,,2083,Zillow ZORI,
95694 Winters,zcta,95694,Winters,38.5716604,-122.0641679,608384,,2024-02-29,10,0,Zillow ZIP-level market for Winters; mapped with Census 2020 ZCTA 95694 in Yolo County.,,,,
95627 Esparto,zcta,95627,Esparto,38.7345127,-122.0253459,472589,,2024-02-29,10,0,Zillow ZIP-level market for Esparto; mapped with Census 2020 ZCTA 95627 in Yolo County.,,,,
95612 Clarksburg,zcta,95612,Clarksburg,38.3847062,-121.5787214,817127,,2024-02-29,10,0,Zillow ZIP-level market for Clarksburg; mapped with Census 2020 ZCTA 95612 in Yolo County.,,,,
95645 Knights Landing,zcta,95645,Knights Landing,38.8940348,-121.7968077,416388,,2024-02-29,10,0,Zillow ZIP-level market for Knights Landing; mapped with Census 2020 ZCTA 95645 in Yolo County.,,,,
95607 Capay,zcta,95607,Capay,38.8306164,-122.1260372,799135,,2024-02-29,10,0,Zillow ZIP-level market for Capay; mapped with Census 2020 ZCTA 95607 in Yolo County.,,,,
95937 Woodland,zcta,95937,Woodland,38.8840651,-121.9984849,508155,,2024-02-29,10,0,Zillow ZIP-level market for Woodland; mapped with Census 2020 ZCTA 95937 in Yolo County.,,,,
95637 Brooks,zcta,95637,Brooks,38.8530151,-122.2728699,653626,,2024-02-29,10,0,Zillow ZIP-level market for Brooks; mapped with Census 2020 ZCTA 95637 in Yolo County.,,,,
95653 Madison,zcta,95653,Madison,38.697075,-121.978414,368805,,2024-02-29,10,0,Zillow ZIP-level market for Madison; mapped with Census 2020 ZCTA 95653 in Yolo County.,,,,
95697 Yolo,zcta,95697,Yolo,38.7328813,-121.8071949,481000,,2024-02-29,10,0,Zillow ZIP-level market for Yolo; mapped with Census 2020 ZCTA 95697 in Yolo County.,,,,
95616 Davis,zcta,95616,Davis,38.5541465,-121.7985136,887710,2454,2024-03-31,10,0,Zillow ZIP-level market for Davis; mapped with Census 2020 ZCTA 95616 in Yolo County.,,2454,Zillow ZORI,
95691 West Sacramento,zcta,95691,West Sacramento,38.6279507,-121.5932868,589961,2220,2024-03-31,10,0,Zillow ZIP-level market for West Sacramento; mapped with Census 2020 ZCTA 95691 in Yolo County.,,2220,Zillow ZORI,
95695 Woodland,zcta,95695,Woodland,38.6940377,-121.8529316,524296,1875,2024-03-31,10,0,Zillow ZIP-level market for Woodland; mapped with Census 2020 ZCTA 95695 in Yolo County.,,1875,Zillow ZORI,
95776 Woodland,zcta,95776,Woodland,38.6986923,-121.6994618,605455,2735,2024-03-31,10,0,Zillow ZIP-level market for Woodland; mapped with Census 2020 ZCTA 95776 in Yolo County.,,2735,Zillow ZORI,
95618 Davis,zcta,95618,Davis,38.5430194,-121.6905376,882192,2452,2024-03-31,10,0,Zillow ZIP-level market for Davis; mapped with Census 2020 ZCTA 95618 in Yolo County.,,2452,Zillow ZORI,
95605 West Sacramento,zcta,95605,West Sacramento,38.5935212,-121.539867,423448,2116,2024-03-31,10,0,Zillow ZIP-level market for West Sacramento; mapped with Census 2020 ZCTA 95605 in Yolo County.,,2116,Zillow ZORI,
95694 Winters,zcta,95694,Winters,38.5716604,-122.0641679,611418,,2024-03-31,10,0,Zillow ZIP-level market for Winters; mapped with Census 2020 ZCTA 95694 in Yolo County.,,,,
95627 Esparto,zcta,95627,Esparto,38.7345127,-122.0253459,475669,,2024-03-31,10,0,Zillow ZIP-level market for Esparto; mapped with Census 2020 ZCTA 95627 in Yolo County.,,,,
95612 Clarksburg,zcta,95612,Clarksburg,38.3847062,-121.5787214,822540,,2024-03-31,10,0,Zillow ZIP-level market for Clarksburg; mapped with Census 2020 ZCTA 95612 in Yolo County.,,,,
95645 Knights Landing,zcta,95645,Knights Landing,38.8940348,-121.7968077,418777,,2024-03-31,10,0,Zillow ZIP-level market for Knights Landing; mapped with Census 2020 ZCTA 95645 in Yolo County.,,,,
95607 Capay,zcta,95607,Capay,38.8306164,-122.1260372,798172,,2024-03-31,10,0,Zillow ZIP-level market for Capay; mapped with Census 2020 ZCTA 95607 in Yolo County.,,,,
95937 Woodland,zcta,95937,Woodland,38.8840651,-121.9984849,507985,,2024-03-31,10,0,Zillow ZIP-level market for Woodland; mapped with Census 2020 ZCTA 95937 in Yolo County.,,,,
95637 Brooks,zcta,95637,Brooks,38.8530151,-122.2728699,655488,,2024-03-31,10,0,Zillow ZIP-level market for Brooks; mapped with Census 2020 ZCTA 95637 in Yolo County.,,,,
95653 Madison,zcta,95653,Madison,38.697075,-121.978414,370736,,2024-03-31,10,0,Zillow ZIP-level market for Madison; mapped with Census 2020 ZCTA 95653 in Yolo County.,,,,
95697 Yolo,zcta,95697,Yolo,38.7328813,-121.8071949,482935,,2024-03-31,10,0,Zillow ZIP-level market for Yolo; mapped with Census 2020 ZCTA 95697 in Yolo County.,,,,
95616 Davis,zcta,95616,Davis,38.5541465,-121.7985136,892838,2464,2024-04-30,10,0,Zillow ZIP-level market for Davis; mapped with Census 2020 ZCTA 95616 in Yolo County.,,2464,Zillow ZORI,
95691 West Sacramento,zcta,95691,West Sacramento,38.6279507,-121.5932868,592402,2232,2024-04-30,10,0,Zillow ZIP-level market for West Sacramento; mapped with Census 2020 ZCTA 95691 in Yolo County.,,2232,Zillow ZORI,
95695 Woodland,zcta,95695,Woodland,38.6940377,-121.8529316,526630,1897,2024-04-30,10,0,Zillow ZIP-level market for Woodland; mapped with Census 2020 ZCTA 95695 in Yolo County.,,1897,Zillow ZORI,
95776 Woodland,zcta,95776,Woodland,38.6986923,-121.6994618,607543,2747,2024-04-30,10,0,Zillow ZIP-level market for Woodland; mapped with Census 2020 ZCTA 95776 in Yolo County.,,2747,Zillow ZORI,
95618 Davis,zcta,95618,Davis,38.5430194,-121.6905376,888083,2498,2024-04-30,10,0,Zillow ZIP-level market for Davis; mapped with Census 2020 ZCTA 95618 in Yolo County.,,2498,Zillow ZORI,
95605 West Sacramento,zcta,95605,West Sacramento,38.5935212,-121.539867,425870,2105,2024-04-30,10,0,Zillow ZIP-level market for West Sacramento; mapped with Census 2020 ZCTA 95605 in Yolo County.,,2105,Zillow ZORI,
95694 Winters,zcta,95694,Winters,38.5716604,-122.0641679,614268,,2024-04-30,10,0,Zillow ZIP-level market for Winters; mapped with Census 2020 ZCTA 95694 in Yolo County.,,,,
95627 Esparto,zcta,95627,Esparto,38.7345127,-122.0253459,479231,,2024-04-30,10,0,Zillow ZIP-level market for Esparto; mapped with Census 2020 ZCTA 95627 in Yolo County.,,,,
95612 Clarksburg,zcta,95612,Clarksburg,38.3847062,-121.5787214,830452,,2024-04-30,10,0,Zillow ZIP-level market for Clarksburg; mapped with Census 2020 ZCTA 95612 in Yolo County.,,,,
95645 Knights Landing,zcta,95645,Knights Landing,38.8940348,-121.7968077,422263,,2024-04-30,10,0,Zillow ZIP-level market for Knights Landing; mapped with Census 2020 ZCTA 95645 in Yolo County.,,,,
95607 Capay,zcta,95607,Capay,38.8306164,-122.1260372,799976,,2024-04-30,10,0,Zillow ZIP-level market for Capay; mapped with Census 2020 ZCTA 95607 in Yolo County.,,,,
95937 Woodland,zcta,95937,Woodland,38.8840651,-121.9984849,510089,,2024-04-30,10,0,Zillow ZIP-level market for Woodland; mapped with Census 2020 ZCTA 95937 in Yolo County.,,,,
95637 Brooks,zcta,95637,Brooks,38.8530151,-122.2728699,660582,,2024-04-30,10,0,Zillow ZIP-level market for Brooks; mapped with Census 2020 ZCTA 95637 in Yolo County.,,,,
95653 Madison,zcta,95653,Madison,38.697075,-121.978414,372427,,2024-04-30,10,0,Zillow ZIP-level market for Madison; mapped with Census 2020 ZCTA 95653 in Yolo County.,,,,
95697 Yolo,zcta,95697,Yolo,38.7328813,-121.8071949,486562,,2024-04-30,10,0,Zillow ZIP-level market for Yolo; mapped with Census 2020 ZCTA 95697 in Yolo County.,,,,
95616 Davis,zcta,95616,Davis,38.5541465,-121.7985136,899560,2471,2024-05-31,10,0,Zillow ZIP-level market for Davis; mapped with Census 2020 ZCTA 95616 in Yolo County.,,2471,Zillow ZORI,
95691 West Sacramento,zcta,95691,West Sacramento,38.6279507,-121.5932868,593683,2235,2024-05-31,10,0,Zillow ZIP-level market for West Sacramento; mapped with Census 2020 ZCTA 95691 in Yolo County.,,2235,Zillow ZORI,
95695 Woodland,zcta,95695,Woodland,38.6940377,-121.8529316,528743,1913,2024-05-31,10,0,Zillow ZIP-level market for Woodland; mapped with Census 2020 ZCTA 95695 in Yolo County.,,1913,Zillow ZORI,
95776 Woodland,zcta,95776,Woodland,38.6986923,-121.6994618,608899,2750,2024-05-31,10,0,Zillow ZIP-level market for Woodland; mapped with Census 2020 ZCTA 95776 in Yolo County.,,2750,Zillow ZORI,
95618 Davis,zcta,95618,Davis,38.5430194,-121.6905376,893690,2502,2024-05-31,10,0,Zillow ZIP-level market for Davis; mapped with Census 2020 ZCTA 95618 in Yolo County.,,2502,Zillow ZORI,
95605 West Sacramento,zcta,95605,West Sacramento,38.5935212,-121.539867,429041,2092,2024-05-31,10,0,Zillow ZIP-level market for West Sacramento; mapped with Census 2020 ZCTA 95605 in Yolo County.,,2092,Zillow ZORI,
95694 Winters,zcta,95694,Winters,38.5716604,-122.0641679,616461,,2024-05-31,10,0,Zillow ZIP-level market for Winters; mapped with Census 2020 ZCTA 95694 in Yolo County.,,,,
95627 Esparto,zcta,95627,Esparto,38.7345127,-122.0253459,482699,,2024-05-31,10,0,Zillow ZIP-level market for Esparto; mapped with Census 2020 ZCTA 95627 in Yolo County.,,,,
95612 Clarksburg,zcta,95612,Clarksburg,38.3847062,-121.5787214,831900,,2024-05-31,10,0,Zillow ZIP-level market for Clarksburg; mapped with Census 2020 ZCTA 95612 in Yolo County.,,,,
95645 Knights Landing,zcta,95645,Knights Landing,38.8940348,-121.7968077,425273,,2024-05-31,10,0,Zillow ZIP-level market for Knights Landing; mapped with Census 2020 ZCTA 95645 in Yolo County.,,,,
95607 Capay,zcta,95607,Capay,38.8306164,-122.1260372,795151,,2024-05-31,10,0,Zillow ZIP-level market for Capay; mapped with Census 2020 ZCTA 95607 in Yolo County.,,,,
95937 Woodland,zcta,95937,Woodland,38.8840651,-121.9984849,511259,,2024-05-31,10,0,Zillow ZIP-level market for Woodland; mapped with Census 2020 ZCTA 95937 in Yolo County.,,,,
95637 Brooks,zcta,95637,Brooks,38.8530151,-122.2728699,663971,,2024-05-31,10,0,Zillow ZIP-level market for Brooks; mapped with Census 2020 ZCTA 95637 in Yolo County.,,,,
95653 Madison,zcta,95653,Madison,38.697075,-121.978414,373651,,2024-05-31,10,0,Zillow ZIP-level market for Madison; mapped with Census 2020 ZCTA 95653 in Yolo County.,,,,
95697 Yolo,zcta,95697,Yolo,38.7328813,-121.8071949,488862,,2024-05-31,10,0,Zillow ZIP-level market for Yolo; mapped with Census 2020 ZCTA 95697 in Yolo County.,,,,
95616 Davis,zcta,95616,Davis,38.5541465,-121.7985136,901449,2460,2024-06-30,10,0,Zillow ZIP-level market for Davis; mapped with Census 2020 ZCTA 95616 in Yolo County.,,2460,Zillow ZORI,
95691 West Sacramento,zcta,95691,West Sacramento,38.6279507,-121.5932868,593840,2274,2024-06-30,10,0,Zillow ZIP-level market for West Sacramento; mapped with Census 2020 ZCTA 95691 in Yolo County.,,2274,Zillow ZORI,
95695 Woodland,zcta,95695,Woodland,38.6940377,-121.8529316,529544,1897,2024-06-30,10,0,Zillow ZIP-level market for Woodland; mapped with Census 2020 ZCTA 95695 in Yolo County.,,1897,Zillow ZORI,
95776 Woodland,zcta,95776,Woodland,38.6986923,-121.6994618,609379,2812,2024-06-30,10,0,Zillow ZIP-level market for Woodland; mapped with Census 2020 ZCTA 95776 in Yolo County.,,2812,Zillow ZORI,
95618 Davis,zcta,95618,Davis,38.5430194,-121.6905376,893992,2508,2024-06-30,10,0,Zillow ZIP-level market for Davis; mapped with Census 2020 ZCTA 95618 in Yolo County.,,2508,Zillow ZORI,
95605 West Sacramento,zcta,95605,West Sacramento,38.5935212,-121.539867,430335,2108,2024-06-30,10,0,Zillow ZIP-level market for West Sacramento; mapped with Census 2020 ZCTA 95605 in Yolo County.,,2108,Zillow ZORI,
95694 Winters,zcta,95694,Winters,38.5716604,-122.0641679,616114,,2024-06-30,10,0,Zillow ZIP-level market for Winters; mapped with Census 2020 ZCTA 95694 in Yolo County.,,,,
95627 Esparto,zcta,95627,Esparto,38.7345127,-122.0253459,483924,,2024-06-30,10,0,Zillow ZIP-level market for Esparto; mapped with Census 2020 ZCTA 95627 in Yolo County.,,,,
95612 Clarksburg,zcta,95612,Clarksburg,38.3847062,-121.5787214,828537,,2024-06-30,10,0,Zillow ZIP-level market for Clarksburg; mapped with Census 2020 ZCTA 95612 in Yolo County.,,,,
95645 Knights Landing,zcta,95645,Knights Landing,38.8940348,-121.7968077,425978,,2024-06-30,10,0,Zillow ZIP-level market for Knights Landing; mapped with Census 2020 ZCTA 95645 in Yolo County.,,,,
95607 Capay,zcta,95607,Capay,38.8306164,-122.1260372,786777,,2024-06-30,10,0,Zillow ZIP-level market for Capay; mapped with Census 2020 ZCTA 95607 in Yolo County.,,,,
95937 Woodland,zcta,95937,Woodland,38.8840651,-121.9984849,509657,,2024-06-30,10,0,Zillow ZIP-level market for Woodland; mapped with Census 2020 ZCTA 95937 in Yolo County.,,,,
95637 Brooks,zcta,95637,Brooks,38.8530151,-122.2728699,663347,,2024-06-30,10,0,Zillow ZIP-level market for Brooks; mapped with Census 2020 ZCTA 95637 in Yolo County.,,,,
95653 Madison,zcta,95653,Madison,38.697075,-121.978414,373022,,2024-06-30,10,0,Zillow ZIP-level market for Madison; mapped with Census 2020 ZCTA 95653 in Yolo County.,,,,
95697 Yolo,zcta,95697,Yolo,38.7328813,-121.8071949,489704,,2024-06-30,10,0,Zillow ZIP-level market for Yolo; mapped with Census 2020 ZCTA 95697 in Yolo County.,,,,
95616 Davis,zcta,95616,Davis,38.5541465,-121.7985136,900589,2458,2024-07-31,10,0,Zillow ZIP-level market for Davis; mapped with Census 2020 ZCTA 95616 in Yolo County.,,2458,Zillow ZORI,
95691 West Sacramento,zcta,95691,West Sacramento,38.6279507,-121.5932868,593660,2273,2024-07-31,10,0,Zillow ZIP-level market for West Sacramento; mapped with Census 2020 ZCTA 95691 in Yolo County.,,2273,Zillow ZORI,
95695 Woodland,zcta,95695,Woodland,38.6940377,-121.8529316,530261,1903,2024-07-31,10,0,Zillow ZIP-level market for Woodland; mapped with Census 2020 ZCTA 95695 in Yolo County.,,1903,Zillow ZORI,
95776 Woodland,zcta,95776,Woodland,38.6986923,-121.6994618,609603,2733,2024-07-31,10,0,Zillow ZIP-level market for Woodland; mapped with Census 2020 ZCTA 95776 in Yolo County.,,2733,Zillow ZORI,
95618 Davis,zcta,95618,Davis,38.5430194,-121.6905376,891291,2510,2024-07-31,10,0,Zillow ZIP-level market for Davis; mapped with Census 2020 ZCTA 95618 in Yolo County.,,2510,Zillow ZORI,
95605 West Sacramento,zcta,95605,West Sacramento,38.5935212,-121.539867,430566,2123,2024-07-31,10,0,Zillow ZIP-level market for West Sacramento; mapped with Census 2020 ZCTA 95605 in Yolo County.,,2123,Zillow ZORI,
95694 Winters,zcta,95694,Winters,38.5716604,-122.0641679,615460,,2024-07-31,10,0,Zillow ZIP-level market for Winters; mapped with Census 2020 ZCTA 95694 in Yolo County.,,,,
95627 Esparto,zcta,95627,Esparto,38.7345127,-122.0253459,484604,,2024-07-31,10,0,Zillow ZIP-level market for Esparto; mapped with Census 2020 ZCTA 95627 in Yolo County.,,,,
95612 Clarksburg,zcta,95612,Clarksburg,38.3847062,-121.5787214,824908,,2024-07-31,10,0,Zillow ZIP-level market for Clarksburg; mapped with Census 2020 ZCTA 95612 in Yolo County.,,,,
95645 Knights Landing,zcta,95645,Knights Landing,38.8940348,-121.7968077,425672,,2024-07-31,10,0,Zillow ZIP-level market for Knights Landing; mapped with Census 2020 ZCTA 95645 in Yolo County.,,,,
95607 Capay,zcta,95607,Capay,38.8306164,-122.1260372,777087,,2024-07-31,10,0,Zillow ZIP-level market for Capay; mapped with Census 2020 ZCTA 95607 in Yolo County.,,,,
95937 Woodland,zcta,95937,Woodland,38.8840651,-121.9984849,507744,,2024-07-31,10,0,Zillow ZIP-level market for Woodland; mapped with Census 2020 ZCTA 95937 in Yolo County.,,,,
95637 Brooks,zcta,95637,Brooks,38.8530151,-122.2728699,662331,,2024-07-31,10,0,Zillow ZIP-level market for Brooks; mapped with Census 2020 ZCTA 95637 in Yolo County.,,,,
95653 Madison,zcta,95653,Madison,38.697075,-121.978414,372364,,2024-07-31,10,0,Zillow ZIP-level market for Madison; mapped with Census 2020 ZCTA 95653 in Yolo County.,,,,
95697 Yolo,zcta,95697,Yolo,38.7328813,-121.8071949,489781,,2024-07-31,10,0,Zillow ZIP-level market for Yolo; mapped with Census 2020 ZCTA 95697 in Yolo County.,,,,
95616 Davis,zcta,95616,Davis,38.5541465,-121.7985136,898121,2483,2024-08-31,10,0,Zillow ZIP-level market for Davis; mapped with Census 2020 ZCTA 95616 in Yolo County.,,2483,Zillow ZORI,
95691 West Sacramento,zcta,95691,West Sacramento,38.6279507,-121.5932868,593483,2314,2024-08-31,10,0,Zillow ZIP-level market for West Sacramento; mapped with Census 2020 ZCTA 95691 in Yolo County.,,2314,Zillow ZORI,
95695 Woodland,zcta,95695,Woodland,38.6940377,-121.8529316,530603,1897,2024-08-31,10,0,Zillow ZIP-level market for Woodland; mapped with Census 2020 ZCTA 95695 in Yolo County.,,1897,Zillow ZORI,
95776 Woodland,zcta,95776,Woodland,38.6986923,-121.6994618,609229,2796,2024-08-31,10,0,Zillow ZIP-level market for Woodland; mapped with Census 2020 ZCTA 95776 in Yolo County.,,2796,Zillow ZORI,
95618 Davis,zcta,95618,Davis,38.5430194,-121.6905376,886171,2506,2024-08-31,10,0,Zillow ZIP-level market for Davis; mapped with Census 2020 ZCTA 95618 in Yolo County.,,2506,Zillow ZORI,
95605 West Sacramento,zcta,95605,West Sacramento,38.5935212,-121.539867,429639,2162,2024-08-31,10,0,Zillow ZIP-level market for West Sacramento; mapped with Census 2020 ZCTA 95605 in Yolo County.,,2162,Zillow ZORI,
95694 Winters,zcta,95694,Winters,38.5716604,-122.0641679,615132,,2024-08-31,10,0,Zillow ZIP-level market for Winters; mapped with Census 2020 ZCTA 95694 in Yolo County.,,,,
95627 Esparto,zcta,95627,Esparto,38.7345127,-122.0253459,484209,,2024-08-31,10,0,Zillow ZIP-level market for Esparto; mapped with Census 2020 ZCTA 95627 in Yolo County.,,,,
95612 Clarksburg,zcta,95612,Clarksburg,38.3847062,-121.5787214,823436,,2024-08-31,10,0,Zillow ZIP-level market for Clarksburg; mapped with Census 2020 ZCTA 95612 in Yolo County.,,,,
95645 Knights Landing,zcta,95645,Knights Landing,38.8940348,-121.7968077,425663,,2024-08-31,10,0,Zillow ZIP-level market for Knights Landing; mapped with Census 2020 ZCTA 95645 in Yolo County.,,,,
95607 Capay,zcta,95607,Capay,38.8306164,-122.1260372,772240,,2024-08-31,10,0,Zillow ZIP-level market for Capay; mapped with Census 2020 ZCTA 95607 in Yolo County.,,,,
95937 Woodland,zcta,95937,Woodland,38.8840651,-121.9984849,506950,,2024-08-31,10,0,Zillow ZIP-level market for Woodland; mapped with Census 2020 ZCTA 95937 in Yolo County.,,,,
95637 Brooks,zcta,95637,Brooks,38.8530151,-122.2728699,661069,,2024-08-31,10,0,Zillow ZIP-level market for Brooks; mapped with Census 2020 ZCTA 95637 in Yolo County.,,,,
95653 Madison,zcta,95653,Madison,38.697075,-121.978414,371686,,2024-08-31,10,0,Zillow ZIP-level market for Madison; mapped with Census 2020 ZCTA 95653 in Yolo County.,,,,
95697 Yolo,zcta,95697,Yolo,38.7328813,-121.8071949,491234,,2024-08-31,10,0,Zillow ZIP-level market for Yolo; mapped with Census 2020 ZCTA 95697 in Yolo County.,,,,
95616 Davis,zcta,95616,Davis,38.5541465,-121.7985136,897327,2457,2024-09-30,10,0,Zillow ZIP-level market for Davis; mapped with Census 2020 ZCTA 95616 in Yolo County.,,2457,Zillow ZORI,
95691 West Sacramento,zcta,95691,West Sacramento,38.6279507,-121.5932868,593908,2292,2024-09-30,10,0,Zillow ZIP-level market for West Sacramento; mapped with Census 2020 ZCTA 95691 in Yolo County.,,2292,Zillow ZORI,
95695 Woodland,zcta,95695,Woodland,38.6940377,-121.8529316,531563,1907,2024-09-30,10,0,Zillow ZIP-level market for Woodland; mapped with Census 2020 ZCTA 95695 in Yolo County.,,1907,Zillow ZORI,
95776 Woodland,zcta,95776,Woodland,38.6986923,-121.6994618,609604,2764,2024-09-30,10,0,Zillow ZIP-level market for Woodland; mapped with Census 2020 ZCTA 95776 in Yolo County.,,2764,Zillow ZORI,
95618 Davis,zcta,95618,Davis,38.5430194,-121.6905376,883293,2466,2024-09-30,10,0,Zillow ZIP-level market for Davis; mapped with Census 2020 ZCTA 95618 in Yolo County.,,2466,Zillow ZORI,
95605 West Sacramento,zcta,95605,West Sacramento,38.5935212,-121.539867,428950,2132,2024-09-30,10,0,Zillow ZIP-level market for West Sacramento; mapped with Census 2020 ZCTA 95605 in Yolo County.,,2132,Zillow ZORI,
95694 Winters,zcta,95694,Winters,38.5716604,-122.0641679,615634,,2024-09-30,10,0,Zillow ZIP-level market for Winters; mapped with Census 2020 ZCTA 95694 in Yolo County.,,,,
95627 Esparto,zcta,95627,Esparto,38.7345127,-122.0253459,483918,,2024-09-30,10,0,Zillow ZIP-level market for Esparto; mapped with Census 2020 ZCTA 95627 in Yolo County.,,,,
95612 Clarksburg,zcta,95612,Clarksburg,38.3847062,-121.5787214,822267,,2024-09-30,10,0,Zillow ZIP-level market for Clarksburg; mapped with Census 2020 ZCTA 95612 in Yolo County.,,,,
95645 Knights Landing,zcta,95645,Knights Landing,38.8940348,-121.7968077,426001,,2024-09-30,10,0,Zillow ZIP-level market for Knights Landing; mapped with Census 2020 ZCTA 95645 in Yolo County.,,,,
95607 Capay,zcta,95607,Capay,38.8306164,-122.1260372,772630,,2024-09-30,10,0,Zillow ZIP-level market for Capay; mapped with Census 2020 ZCTA 95607 in Yolo County.,,,,
95937 Woodland,zcta,95937,Woodland,38.8840651,-121.9984849,508759,,2024-09-30,10,0,Zillow ZIP-level market for Woodland; mapped with Census 2020 ZCTA 95937 in Yolo County.,,,,
95637 Brooks,zcta,95637,Brooks,38.8530151,-122.2728699,661897,,2024-09-30,10,0,Zillow ZIP-level market for Brooks; mapped with Census 2020 ZCTA 95637 in Yolo County.,,,,
95653 Madison,zcta,95653,Madison,38.697075,-121.978414,370752,,2024-09-30,10,0,Zillow ZIP-level market for Madison; mapped with Census 2020 ZCTA 95653 in Yolo County.,,,,
95697 Yolo,zcta,95697,Yolo,38.7328813,-121.8071949,492452,,2024-09-30,10,0,Zillow ZIP-level market for Yolo; mapped with Census 2020 ZCTA 95697 in Yolo County.,,,,
95616 Davis,zcta,95616,Davis,38.5541465,-121.7985136,897606,2445,2024-10-31,10,0,Zillow ZIP-level market for Davis; mapped with Census 2020 ZCTA 95616 in Yolo County.,,2445,Zillow ZORI,
95691 West Sacramento,zcta,95691,West Sacramento,38.6279507,-121.5932868,594205,2297,2024-10-31,10,0,Zillow ZIP-level market for West Sacramento; mapped with Census 2020 ZCTA 95691 in Yolo County.,,2297,Zillow ZORI,
95695 Woodland,zcta,95695,Woodland,38.6940377,-121.8529316,531783,1948,2024-10-31,10,0,Zillow ZIP-level market for Woodland; mapped with Census 2020 ZCTA 95695 in Yolo County.,,1948,Zillow ZORI,
95776 Woodland,zcta,95776,Woodland,38.6986923,-121.6994618,610022,2856,2024-10-31,10,0,Zillow ZIP-level market for Woodland; mapped with Census 2020 ZCTA 95776 in Yolo County.,,2856,Zillow ZORI,
95618 Davis,zcta,95618,Davis,38.5430194,-121.6905376,882109,2440,2024-10-31,10,0,Zillow ZIP-level market for Davis; mapped with Census 2020 ZCTA 95618 in Yolo County.,,2440,Zillow ZORI,
95605 West Sacramento,zcta,95605,West Sacramento,38.5935212,-121.539867,428011,2135,2024-10-31,10,0,Zillow ZIP-level market for West Sacramento; mapped with Census 2020 ZCTA 95605 in Yolo County.,,2135,Zillow ZORI,
95694 Winters,zcta,95694,Winters,38.5716604,-122.0641679,616531,,2024-10-31,10,0,Zillow ZIP-level market for Winters; mapped with Census 2020 ZCTA 95694 in Yolo County.,,,,
95627 Esparto,zcta,95627,Esparto,38.7345127,-122.0253459,482824,,2024-10-31,10,0,Zillow ZIP-level market for Esparto; mapped with Census 2020 ZCTA 95627 in Yolo County.,,,,
95612 Clarksburg,zcta,95612,Clarksburg,38.3847062,-121.5787214,818858,,2024-10-31,10,0,Zillow ZIP-level market for Clarksburg; mapped with Census 2020 ZCTA 95612 in Yolo County.,,,,
95645 Knights Landing,zcta,95645,Knights Landing,38.8940348,-121.7968077,426422,,2024-10-31,10,0,Zillow ZIP-level market for Knights Landing; mapped with Census 2020 ZCTA 95645 in Yolo County.,,,,
95607 Capay,zcta,95607,Capay,38.8306164,-122.1260372,770277,,2024-10-31,10,0,Zillow ZIP-level market for Capay; mapped with Census 2020 ZCTA 95607 in Yolo County.,,,,
95937 Woodland,zcta,95937,Woodland,38.8840651,-121.9984849,509884,,2024-10-31,10,0,Zillow ZIP-level market for Woodland; mapped with Census 2020 ZCTA 95937 in Yolo County.,,,,
95637 Brooks,zcta,95637,Brooks,38.8530151,-122.2728699,659973,,2024-10-31,10,0,Zillow ZIP-level market for Brooks; mapped with Census 2020 ZCTA 95637 in Yolo County.,,,,
95653 Madison,zcta,95653,Madison,38.697075,-121.978414,370077,,2024-10-31,10,0,Zillow ZIP-level market for Madison; mapped with Census 2020 ZCTA 95653 in Yolo County.,,,,
95697 Yolo,zcta,95697,Yolo,38.7328813,-121.8071949,493133,,2024-10-31,10,0,Zillow ZIP-level market for Yolo; mapped with Census 2020 ZCTA 95697 in Yolo County.,,,,
95616 Davis,zcta,95616,Davis,38.5541465,-121.7985136,899069,2398,2024-11-30,10,0,Zillow ZIP-level market for Davis; mapped with Census 2020 ZCTA 95616 in Yolo County.,,2398,Zillow ZORI,
95691 West Sacramento,zcta,95691,West Sacramento,38.6279507,-121.5932868,594549,2296,2024-11-30,10,0,Zillow ZIP-level market for West Sacramento; mapped with Census 2020 ZCTA 95691 in Yolo County.,,2296,Zillow ZORI,
95695 Woodland,zcta,95695,Woodland,38.6940377,-121.8529316,532181,1950,2024-11-30,10,0,Zillow ZIP-level market for Woodland; mapped with Census 2020 ZCTA 95695 in Yolo County.,,1950,Zillow ZORI,
95776 Woodland,zcta,95776,Woodland,38.6986923,-121.6994618,611003,2961,2024-11-30,10,0,Zillow ZIP-level market for Woodland; mapped with Census 2020 ZCTA 95776 in Yolo County.,,2961,Zillow ZORI,
95618 Davis,zcta,95618,Davis,38.5430194,-121.6905376,883495,2449,2024-11-30,10,0,Zillow ZIP-level market for Davis; mapped with Census 2020 ZCTA 95618 in Yolo County.,,2449,Zillow ZORI,
95605 West Sacramento,zcta,95605,West Sacramento,38.5935212,-121.539867,426949,2100,2024-11-30,10,0,Zillow ZIP-level market for West Sacramento; mapped with Census 2020 ZCTA 95605 in Yolo County.,,2100,Zillow ZORI,
95694 Winters,zcta,95694,Winters,38.5716604,-122.0641679,619021,,2024-11-30,10,0,Zillow ZIP-level market for Winters; mapped with Census 2020 ZCTA 95694 in Yolo County.,,,,
95627 Esparto,zcta,95627,Esparto,38.7345127,-122.0253459,481461,,2024-11-30,10,0,Zillow ZIP-level market for Esparto; mapped with Census 2020 ZCTA 95627 in Yolo County.,,,,
95612 Clarksburg,zcta,95612,Clarksburg,38.3847062,-121.5787214,810699,,2024-11-30,10,0,Zillow ZIP-level market for Clarksburg; mapped with Census 2020 ZCTA 95612 in Yolo County.,,,,
95645 Knights Landing,zcta,95645,Knights Landing,38.8940348,-121.7968077,427079,,2024-11-30,10,0,Zillow ZIP-level market for Knights Landing; mapped with Census 2020 ZCTA 95645 in Yolo County.,,,,
95607 Capay,zcta,95607,Capay,38.8306164,-122.1260372,763134,,2024-11-30,10,0,Zillow ZIP-level market for Capay; mapped with Census 2020 ZCTA 95607 in Yolo County.,,,,
95937 Woodland,zcta,95937,Woodland,38.8840651,-121.9984849,509902,,2024-11-30,10,0,Zillow ZIP-level market for Woodland; mapped with Census 2020 ZCTA 95937 in Yolo County.,,,,
95637 Brooks,zcta,95637,Brooks,38.8530151,-122.2728699,657890,,2024-11-30,10,0,Zillow ZIP-level market for Brooks; mapped with Census 2020 ZCTA 95637 in Yolo County.,,,,
95653 Madison,zcta,95653,Madison,38.697075,-121.978414,369929,,2024-11-30,10,0,Zillow ZIP-level market for Madison; mapped with Census 2020 ZCTA 95653 in Yolo County.,,,,
95697 Yolo,zcta,95697,Yolo,38.7328813,-121.8071949,492319,,2024-11-30,10,0,Zillow ZIP-level market for Yolo; mapped with Census 2020 ZCTA 95697 in Yolo County.,,,,
95616 Davis,zcta,95616,Davis,38.5541465,-121.7985136,901789,2405,2024-12-31,10,0,Zillow ZIP-level market for Davis; mapped with Census 2020 ZCTA 95616 in Yolo County.,,2405,Zillow ZORI,
95691 West Sacramento,zcta,95691,West Sacramento,38.6279507,-121.5932868,594499,2292,2024-12-31,10,0,Zillow ZIP-level market for West Sacramento; mapped with Census 2020 ZCTA 95691 in Yolo County.,,2292,Zillow ZORI,
95695 Woodland,zcta,95695,Woodland,38.6940377,-121.8529316,532425,1989,2024-12-31,10,0,Zillow ZIP-level market for Woodland; mapped with Census 2020 ZCTA 95695 in Yolo County.,,1989,Zillow ZORI,
95776 Woodland,zcta,95776,Woodland,38.6986923,-121.6994618,611312,2963,2024-12-31,10,0,Zillow ZIP-level market for Woodland; mapped with Census 2020 ZCTA 95776 in Yolo County.,,2963,Zillow ZORI,
95618 Davis,zcta,95618,Davis,38.5430194,-121.6905376,885510,2336,2024-12-31,10,0,Zillow ZIP-level market for Davis; mapped with Census 2020 ZCTA 95618 in Yolo County.,,2336,Zillow ZORI,
95605 West Sacramento,zcta,95605,West Sacramento,38.5935212,-121.539867,426437,2136,2024-12-31,10,0,Zillow ZIP-level market for West Sacramento; mapped with Census 2020 ZCTA 95605 in Yolo County.,,2136,Zillow ZORI,
95694 Winters,zcta,95694,Winters,38.5716604,-122.0641679,622594,,2024-12-31,10,0,Zillow ZIP-level market for Winters; mapped with Census 2020 ZCTA 95694 in Yolo County.,,,,
95627 Esparto,zcta,95627,Esparto,38.7345127,-122.0253459,479625,,2024-12-31,10,0,Zillow ZIP-level market for Esparto; mapped with Census 2020 ZCTA 95627 in Yolo County.,,,,
95612 Clarksburg,zcta,95612,Clarksburg,38.3847062,-121.5787214,800427,,2024-12-31,10,0,Zillow ZIP-level market for Clarksburg; mapped with Census 2020 ZCTA 95612 in Yolo County.,,,,
95645 Knights Landing,zcta,95645,Knights Landing,38.8940348,-121.7968077,428335,,2024-12-31,10,0,Zillow ZIP-level market for Knights Landing; mapped with Census 2020 ZCTA 95645 in Yolo County.,,,,
95607 Capay,zcta,95607,Capay,38.8306164,-122.1260372,752735,,2024-12-31,10,0,Zillow ZIP-level market for Capay; mapped with Census 2020 ZCTA 95607 in Yolo County.,,,,
95937 Woodland,zcta,95937,Woodland,38.8840651,-121.9984849,509331,,2024-12-31,10,0,Zillow ZIP-level market for Woodland; mapped with Census 2020 ZCTA 95937 in Yolo County.,,,,
95637 Brooks,zcta,95637,Brooks,38.8530151,-122.2728699,655133,,2024-12-31,10,0,Zillow ZIP-level market for Brooks; mapped with Census 2020 ZCTA 95637 in Yolo County.,,,,
95653 Madison,zcta,95653,Madison,38.697075,-121.978414,369440,,2024-12-31,10,0,Zillow ZIP-level market for Madison; mapped with Census 2020 ZCTA 95653 in Yolo County.,,,,
95697 Yolo,zcta,95697,Yolo,38.7328813,-121.8071949,491403,,2024-12-31,10,0,Zillow ZIP-level market for Yolo; mapped with Census 2020 ZCTA 95697 in Yolo County.,,,,
95616 Davis,zcta,95616,Davis,38.5541465,-121.7985136,902976,2410,2025-01-31,10,0,Zillow ZIP-level market for Davis; mapped with Census 2020 ZCTA 95616 in Yolo County.,,2410,Zillow ZORI,
95691 West Sacramento,zcta,95691,West Sacramento,38.6279507,-121.5932868,593932,2306,2025-01-31,10,0,Zillow ZIP-level market for West Sacramento; mapped with Census 2020 ZCTA 95691 in Yolo County.,,2306,Zillow ZORI,
95695 Woodland,zcta,95695,Woodland,38.6940377,-121.8529316,532134,1965,2025-01-31,10,0,Zillow ZIP-level market for Woodland; mapped with Census 2020 ZCTA 95695 in Yolo County.,,1965,Zillow ZORI,
95776 Woodland,zcta,95776,Woodland,38.6986923,-121.6994618,611717,3024,2025-01-31,10,0,Zillow ZIP-level market for Woodland; mapped with Census 2020 ZCTA 95776 in Yolo County.,,3024,Zillow ZORI,
95618 Davis,zcta,95618,Davis,38.5430194,-121.6905376,885886,2345,2025-01-31,10,0,Zillow ZIP-level market for Davis; mapped with Census 2020 ZCTA 95618 in Yolo County.,,2345,Zillow ZORI,
95605 West Sacramento,zcta,95605,West Sacramento,38.5935212,-121.539867,425890,2139,2025-01-31,10,0,Zillow ZIP-level market for West Sacramento; mapped with Census 2020 ZCTA 95605 in Yolo County.,,2139,Zillow ZORI,
95694 Winters,zcta,95694,Winters,38.5716604,-122.0641679,626054,,2025-01-31,10,0,Zillow ZIP-level market for Winters; mapped with Census 2020 ZCTA 95694 in Yolo County.,,,,
95627 Esparto,zcta,95627,Esparto,38.7345127,-122.0253459,478149,,2025-01-31,10,0,Zillow ZIP-level market for Esparto; mapped with Census 2020 ZCTA 95627 in Yolo County.,,,,
95612 Clarksburg,zcta,95612,Clarksburg,38.3847062,-121.5787214,791959,,2025-01-31,10,0,Zillow ZIP-level market for Clarksburg; mapped with Census 2020 ZCTA 95612 in Yolo County.,,,,
95645 Knights Landing,zcta,95645,Knights Landing,38.8940348,-121.7968077,429216,,2025-01-31,10,0,Zillow ZIP-level market for Knights Landing; mapped with Census 2020 ZCTA 95645 in Yolo County.,,,,
95607 Capay,zcta,95607,Capay,38.8306164,-122.1260372,744602,,2025-01-31,10,0,Zillow ZIP-level market for Capay; mapped with Census 2020 ZCTA 95607 in Yolo County.,,,,
95937 Woodland,zcta,95937,Woodland,38.8840651,-121.9984849,507512,,2025-01-31,10,0,Zillow ZIP-level market for Woodland; mapped with Census 2020 ZCTA 95937 in Yolo County.,,,,
95637 Brooks,zcta,95637,Brooks,38.8530151,-122.2728699,654735,,2025-01-31,10,0,Zillow ZIP-level market for Brooks; mapped with Census 2020 ZCTA 95637 in Yolo County.,,,,
95653 Madison,zcta,95653,Madison,38.697075,-121.978414,367755,,2025-01-31,10,0,Zillow ZIP-level market for Madison; mapped with Census 2020 ZCTA 95653 in Yolo County.,,,,
95697 Yolo,zcta,95697,Yolo,38.7328813,-121.8071949,490052,,2025-01-31,10,0,Zillow ZIP-level market for Yolo; mapped with Census 2020 ZCTA 95697 in Yolo County.,,,,
95616 Davis,zcta,95616,Davis,38.5541465,-121.7985136,901704,2455,2025-02-28,10,0,Zillow ZIP-level market for Davis; mapped with Census 2020 ZCTA 95616 in Yolo County.,,2455,Zillow ZORI,
95691 West Sacramento,zcta,95691,West Sacramento,38.6279507,-121.5932868,593142,2301,2025-02-28,10,0,Zillow ZIP-level market for West Sacramento; mapped with Census 2020 ZCTA 95691 in Yolo County.,,2301,Zillow ZORI,
95695 Woodland,zcta,95695,Woodland,38.6940377,-121.8529316,531549,2004,2025-02-28,10,0,Zillow ZIP-level market for Woodland; mapped with Census 2020 ZCTA 95695 in Yolo County.,,2004,Zillow ZORI,
95776 Woodland,zcta,95776,Woodland,38.6986923,-121.6994618,611683,2931,2025-02-28,10,0,Zillow ZIP-level market for Woodland; mapped with Census 2020 ZCTA 95776 in Yolo County.,,2931,Zillow ZORI,
95618 Davis,zcta,95618,Davis,38.5430194,-121.6905376,885030,2318,2025-02-28,10,0,Zillow ZIP-level market for Davis; mapped with Census 2020 ZCTA 95618 in Yolo County.,,2318,Zillow ZORI,
95605 West Sacramento,zcta,95605,West Sacramento,38.5935212,-121.539867,425358,2161,2025-02-28,10,0,Zillow ZIP-level market for West Sacramento; mapped with Census 2020 ZCTA 95605 in Yolo County.,,2161,Zillow ZORI,
95694 Winters,zcta,95694,Winters,38.5716604,-122.0641679,627934,,2025-02-28,10,0,Zillow ZIP-level market for Winters; mapped with Census 2020 ZCTA 95694 in Yolo County.,,,,
95627 Esparto,zcta,95627,Esparto,38.7345127,-122.0253459,477276,,2025-02-28,10,0,Zillow ZIP-level market for Esparto; mapped with Census 2020 ZCTA 95627 in Yolo County.,,,,
95612 Clarksburg,zcta,95612,Clarksburg,38.3847062,-121.5787214,787841,,2025-02-28,10,0,Zillow ZIP-level market for Clarksburg; mapped with Census 2020 ZCTA 95612 in Yolo County.,,,,
95645 Knights Landing,zcta,95645,Knights Landing,38.8940348,-121.7968077,430037,,2025-02-28,10,0,Zillow ZIP-level market for Knights Landing; mapped with Census 2020 ZCTA 95645 in Yolo County.,,,,
95607 Capay,zcta,95607,Capay,38.8306164,-122.1260372,745569,,2025-02-28,10,0,Zillow ZIP-level market for Capay; mapped with Census 2020 ZCTA 95607 in Yolo County.,,,,
95937 Woodland,zcta,95937,Woodland,38.8840651,-121.9984849,504545,,2025-02-28,10,0,Zillow ZIP-level market for Woodland; mapped with Census 2020 ZCTA 95937 in Yolo County.,,,,
95637 Brooks,zcta,95637,Brooks,38.8530151,-122.2728699,656375,,2025-02-28,10,0,Zillow ZIP-level market for Brooks; mapped with Census 2020 ZCTA 95637 in Yolo County.,,,,
95653 Madison,zcta,95653,Madison,38.697075,-121.978414,364466,,2025-02-28,10,0,Zillow ZIP-level market for Madison; mapped with Census 2020 ZCTA 95653 in Yolo County.,,,,
95697 Yolo,zcta,95697,Yolo,38.7328813,-121.8071949,489185,,2025-02-28,10,0,Zillow ZIP-level market for Yolo; mapped with Census 2020 ZCTA 95697 in Yolo County.,,,,
95616 Davis,zcta,95616,Davis,38.5541465,-121.7985136,900041,2511,2025-03-31,10,0,Zillow ZIP-level market for Davis; mapped with Census 2020 ZCTA 95616 in Yolo County.,,2511,Zillow ZORI,
95691 West Sacramento,zcta,95691,West Sacramento,38.6279507,-121.5932868,591023,2293,2025-03-31,10,0,Zillow ZIP-level market for West Sacramento; mapped with Census 2020 ZCTA 95691 in Yolo County.,,2293,Zillow ZORI,
95695 Woodland,zcta,95695,Woodland,38.6940377,-121.8529316,530242,1987,2025-03-31,10,0,Zillow ZIP-level market for Woodland; mapped with Census 2020 ZCTA 95695 in Yolo County.,,1987,Zillow ZORI,
95776 Woodland,zcta,95776,Woodland,38.6986923,-121.6994618,610695,2923,2025-03-31,10,0,Zillow ZIP-level market for Woodland; mapped with Census 2020 ZCTA 95776 in Yolo County.,,2923,Zillow ZORI,
95618 Davis,zcta,95618,Davis,38.5430194,-121.6905376,884066,2486,2025-03-31,10,0,Zillow ZIP-level market for Davis; mapped with Census 2020 ZCTA 95618 in Yolo County.,,2486,Zillow ZORI,
95605 West Sacramento,zcta,95605,West Sacramento,38.5935212,-121.539867,423597,2194,2025-03-31,10,0,Zillow ZIP-level market for West Sacramento; mapped with Census 2020 ZCTA 95605 in Yolo County.,,2194,Zillow ZORI,
95694 Winters,zcta,95694,Winters,38.5716604,-122.0641679,627790,,2025-03-31,10,0,Zillow ZIP-level market for Winters; mapped with Census 2020 ZCTA 95694 in Yolo County.,,,,
95627 Esparto,zcta,95627,Esparto,38.7345127,-122.0253459,476424,,2025-03-31,10,0,Zillow ZIP-level market for Esparto; mapped with Census 2020 ZCTA 95627 in Yolo County.,,,,
95612 Clarksburg,zcta,95612,Clarksburg,38.3847062,-121.5787214,783315,,2025-03-31,10,0,Zillow ZIP-level market for Clarksburg; mapped with Census 2020 ZCTA 95612 in Yolo County.,,,,
95645 Knights Landing,zcta,95645,Knights Landing,38.8940348,-121.7968077,429840,,2025-03-31,10,0,Zillow ZIP-level market for Knights Landing; mapped with Census 2020 ZCTA 95645 in Yolo County.,,,,
95607 Capay,zcta,95607,Capay,38.8306164,-122.1260372,746855,,2025-03-31,10,0,Zillow ZIP-level market for Capay; mapped with Census 2020 ZCTA 95607 in Yolo County.,,,,
95937 Woodland,zcta,95937,Woodland,38.8840651,-121.9984849,496867,,2025-03-31,10,0,Zillow ZIP-level market for Woodland; mapped with Census 2020 ZCTA 95937 in Yolo County.,,,,
95637 Brooks,zcta,95637,Brooks,38.8530151,-122.2728699,656124,,2025-03-31,10,0,Zillow ZIP-level market for Brooks; mapped with Census 2020 ZCTA 95637 in Yolo County.,,,,
95653 Madison,zcta,95653,Madison,38.697075,-121.978414,360406,,2025-03-31,10,0,Zillow ZIP-level market for Madison; mapped with Census 2020 ZCTA 95653 in Yolo County.,,,,
95697 Yolo,zcta,95697,Yolo,38.7328813,-121.8071949,484995,,2025-03-31,10,0,Zillow ZIP-level market for Yolo; mapped with Census 2020 ZCTA 95697 in Yolo County.,,,,
95616 Davis,zcta,95616,Davis,38.5541465,-121.7985136,900341,2535,2025-04-30,10,0,Zillow ZIP-level market for Davis; mapped with Census 2020 ZCTA 95616 in Yolo County.,,2535,Zillow ZORI,
95691 West Sacramento,zcta,95691,West Sacramento,38.6279507,-121.5932868,588213,2281,2025-04-30,10,0,Zillow ZIP-level market for West Sacramento; mapped with Census 2020 ZCTA 95691 in Yolo County.,,2281,Zillow ZORI,
95695 Woodland,zcta,95695,Woodland,38.6940377,-121.8529316,529661,1967,2025-04-30,10,0,Zillow ZIP-level market for Woodland; mapped with Census 2020 ZCTA 95695 in Yolo County.,,1967,Zillow ZORI,
95776 Woodland,zcta,95776,Woodland,38.6986923,-121.6994618,609355,2894,2025-04-30,10,0,Zillow ZIP-level market for Woodland; mapped with Census 2020 ZCTA 95776 in Yolo County.,,2894,Zillow ZORI,
95618 Davis,zcta,95618,Davis,38.5430194,-121.6905376,884363,2522,2025-04-30,10,0,Zillow ZIP-level market for Davis; mapped with Census 2020 ZCTA 95618 in Yolo County.,,2522,Zillow ZORI,
95605 West Sacramento,zcta,95605,West Sacramento,38.5935212,-121.539867,421740,2201,2025-04-30,10,0,Zillow ZIP-level market for West Sacramento; mapped with Census 2020 ZCTA 95605 in Yolo County.,,2201,Zillow ZORI,
95694 Winters,zcta,95694,Winters,38.5716604,-122.0641679,627090,,2025-04-30,10,0,Zillow ZIP-level market for Winters; mapped with Census 2020 ZCTA 95694 in Yolo County.,,,,
95627 Esparto,zcta,95627,Esparto,38.7345127,-122.0253459,475418,,2025-04-30,10,0,Zillow ZIP-level market for Esparto; mapped with Census 2020 ZCTA 95627 in Yolo County.,,,,
95612 Clarksburg,zcta,95612,Clarksburg,38.3847062,-121.5787214,777071,,2025-04-30,10,0,Zillow ZIP-level market for Clarksburg; mapped with Census 2020 ZCTA 95612 in Yolo County.,,,,
95645 Knights Landing,zcta,95645,Knights Landing,38.8940348,-121.7968077,429945,,2025-04-30,10,0,Zillow ZIP-level market for Knights Landing; mapped with Census 2020 ZCTA 95645 in Yolo County.,,,,
95607 Capay,zcta,95607,Capay,38.8306164,-122.1260372,745790,,2025-04-30,10,0,Zillow ZIP-level market for Capay; mapped with Census 2020 ZCTA 95607 in Yolo County.,,,,
95937 Woodland,zcta,95937,Woodland,38.8840651,-121.9984849,486451,,2025-04-30,10,0,Zillow ZIP-level market for Woodland; mapped with Census 2020 ZCTA 95937 in Yolo County.,,,,
95637 Brooks,zcta,95637,Brooks,38.8530151,-122.2728699,651580,,2025-04-30,10,0,Zillow ZIP-level market for Brooks; mapped with Census 2020 ZCTA 95637 in Yolo County.,,,,
95653 Madison,zcta,95653,Madison,38.697075,-121.978414,357019,,2025-04-30,10,0,Zillow ZIP-level market for Madison; mapped with Census 2020 ZCTA 95653 in Yolo County.,,,,
95697 Yolo,zcta,95697,Yolo,38.7328813,-121.8071949,478998,,2025-04-30,10,0,Zillow ZIP-level market for Yolo; mapped with Census 2020 ZCTA 95697 in Yolo County.,,,,
95616 Davis,zcta,95616,Davis,38.5541465,-121.7985136,900399,2519,2025-05-31,10,0,Zillow ZIP-level market for Davis; mapped with Census 2020 ZCTA 95616 in Yolo County.,,2519,Zillow ZORI,
95691 West Sacramento,zcta,95691,West Sacramento,38.6279507,-121.5932868,585145,2270,2025-05-31,10,0,Zillow ZIP-level market for West Sacramento; mapped with Census 2020 ZCTA 95691 in Yolo County.,,2270,Zillow ZORI,
95695 Woodland,zcta,95695,Woodland,38.6940377,-121.8529316,529277,1946,2025-05-31,10,0,Zillow ZIP-level market for Woodland; mapped with Census 2020 ZCTA 95695 in Yolo County.,,1946,Zillow ZORI,
95776 Woodland,zcta,95776,Woodland,38.6986923,-121.6994618,607960,2900,2025-05-31,10,0,Zillow ZIP-level market for Woodland; mapped with Census 2020 ZCTA 95776 in Yolo County.,,2900,Zillow ZORI,
95618 Davis,zcta,95618,Davis,38.5430194,-121.6905376,885055,2554,2025-05-31,10,0,Zillow ZIP-level market for Davis; mapped with Census 2020 ZCTA 95618 in Yolo County.,,2554,Zillow ZORI,
95605 West Sacramento,zcta,95605,West Sacramento,38.5935212,-121.539867,420297,2234,2025-05-31,10,0,Zillow ZIP-level market for West Sacramento; mapped with Census 2020 ZCTA 95605 in Yolo County.,,2234,Zillow ZORI,
95694 Winters,zcta,95694,Winters,38.5716604,-122.0641679,625494,,2025-05-31,10,0,Zillow ZIP-level market for Winters; mapped with Census 2020 ZCTA 95694 in Yolo County.,,,,
95627 Esparto,zcta,95627,Esparto,38.7345127,-122.0253459,472978,,2025-05-31,10,0,Zillow ZIP-level market for Esparto; mapped with Census 2020 ZCTA 95627 in Yolo County.,,,,
95612 Clarksburg,zcta,95612,Clarksburg,38.3847062,-121.5787214,769789,,2025-05-31,10,0,Zillow ZIP-level market for Clarksburg; mapped with Census 2020 ZCTA 95612 in Yolo County.,,,,
95645 Knights Landing,zcta,95645,Knights Landing,38.8940348,-121.7968077,429787,,2025-05-31,10,0,Zillow ZIP-level market for Knights Landing; mapped with Census 2020 ZCTA 95645 in Yolo County.,,,,
95607 Capay,zcta,95607,Capay,38.8306164,-122.1260372,739409,,2025-05-31,10,0,Zillow ZIP-level market for Capay; mapped with Census 2020 ZCTA 95607 in Yolo County.,,,,
95937 Woodland,zcta,95937,Woodland,38.8840651,-121.9984849,475700,,2025-05-31,10,0,Zillow ZIP-level market for Woodland; mapped with Census 2020 ZCTA 95937 in Yolo County.,,,,
95637 Brooks,zcta,95637,Brooks,38.8530151,-122.2728699,643771,,2025-05-31,10,0,Zillow ZIP-level market for Brooks; mapped with Census 2020 ZCTA 95637 in Yolo County.,,,,
95653 Madison,zcta,95653,Madison,38.697075,-121.978414,354078,,2025-05-31,10,0,Zillow ZIP-level market for Madison; mapped with Census 2020 ZCTA 95653 in Yolo County.,,,,
95697 Yolo,zcta,95697,Yolo,38.7328813,-121.8071949,472692,,2025-05-31,10,0,Zillow ZIP-level market for Yolo; mapped with Census 2020 ZCTA 95697 in Yolo County.,,,,
95616 Davis,zcta,95616,Davis,38.5541465,-121.7985136,898769,2470,2025-06-30,10,0,Zillow ZIP-level market for Davis; mapped with Census 2020 ZCTA 95616 in Yolo County.,,2470,Zillow ZORI,
95691 West Sacramento,zcta,95691,West Sacramento,38.6279507,-121.5932868,582176,2281,2025-06-30,10,0,Zillow ZIP-level market for West Sacramento; mapped with Census 2020 ZCTA 95691 in Yolo County.,,2281,Zillow ZORI,
95695 Woodland,zcta,95695,Woodland,38.6940377,-121.8529316,528528,1957,2025-06-30,10,0,Zillow ZIP-level market for Woodland; mapped with Census 2020 ZCTA 95695 in Yolo County.,,1957,Zillow ZORI,
95776 Woodland,zcta,95776,Woodland,38.6986923,-121.6994618,606815,2972,2025-06-30,10,0,Zillow ZIP-level market for Woodland; mapped with Census 2020 ZCTA 95776 in Yolo County.,,2972,Zillow ZORI,
95618 Davis,zcta,95618,Davis,38.5430194,-121.6905376,883451,2509,2025-06-30,10,0,Zillow ZIP-level market for Davis; mapped with Census 2020 ZCTA 95618 in Yolo County.,,2509,Zillow ZORI,
95605 West Sacramento,zcta,95605,West Sacramento,38.5935212,-121.539867,419265,2190,2025-06-30,10,0,Zillow ZIP-level market for West Sacramento; mapped with Census 2020 ZCTA 95605 in Yolo County.,,2190,Zillow ZORI,
95694 Winters,zcta,95694,Winters,38.5716604,-122.0641679,623288,,2025-06-30,10,0,Zillow ZIP-level market for Winters; mapped with Census 2020 ZCTA 95694 in Yolo County.,,,,
95627 Esparto,zcta,95627,Esparto,38.7345127,-122.0253459,470197,,2025-06-30,10,0,Zillow ZIP-level market for Esparto; mapped with Census 2020 ZCTA 95627 in Yolo County.,,,,
95612 Clarksburg,zcta,95612,Clarksburg,38.3847062,-121.5787214,763968,,2025-06-30,10,0,Zillow ZIP-level market for Clarksburg; mapped with Census 2020 ZCTA 95612 in Yolo County.,,,,
95645 Knights Landing,zcta,95645,Knights Landing,38.8940348,-121.7968077,430002,,2025-06-30,10,0,Zillow ZIP-level market for Knights Landing; mapped with Census 2020 ZCTA 95645 in Yolo County.,,,,
95607 Capay,zcta,95607,Capay,38.8306164,-122.1260372,730621,,2025-06-30,10,0,Zillow ZIP-level market for Capay; mapped with Census 2020 ZCTA 95607 in Yolo County.,,,,
95937 Woodland,zcta,95937,Woodland,38.8840651,-121.9984849,468889,,2025-06-30,10,0,Zillow ZIP-level market for Woodland; mapped with Census 2020 ZCTA 95937 in Yolo County.,,,,
95637 Brooks,zcta,95637,Brooks,38.8530151,-122.2728699,634875,,2025-06-30,10,0,Zillow ZIP-level market for Brooks; mapped with Census 2020 ZCTA 95637 in Yolo County.,,,,
95653 Madison,zcta,95653,Madison,38.697075,-121.978414,352182,,2025-06-30,10,0,Zillow ZIP-level market for Madison; mapped with Census 2020 ZCTA 95653 in Yolo County.,,,,
95697 Yolo,zcta,95697,Yolo,38.7328813,-121.8071949,468842,,2025-06-30,10,0,Zillow ZIP-level market for Yolo; mapped with Census 2020 ZCTA 95697 in Yolo County.,,,,
95616 Davis,zcta,95616,Davis,38.5541465,-121.7985136,894801,2471,2025-07-31,10,0,Zillow ZIP-level market for Davis; mapped with Census 2020 ZCTA 95616 in Yolo County.,,2471,Zillow ZORI,
95691 West Sacramento,zcta,95691,West Sacramento,38.6279507,-121.5932868,579288,2301,2025-07-31,10,0,Zillow ZIP-level market for West Sacramento; mapped with Census 2020 ZCTA 95691 in Yolo County.,,2301,Zillow ZORI,
95695 Woodland,zcta,95695,Woodland,38.6940377,-121.8529316,526673,1988,2025-07-31,10,0,Zillow ZIP-level market for Woodland; mapped with Census 2020 ZCTA 95695 in Yolo County.,,1988,Zillow ZORI,
95776 Woodland,zcta,95776,Woodland,38.6986923,-121.6994618,605001,2974,2025-07-31,10,0,Zillow ZIP-level market for Woodland; mapped with Census 2020 ZCTA 95776 in Yolo County.,,2974,Zillow ZORI,
95618 Davis,zcta,95618,Davis,38.5430194,-121.6905376,879802,2465,2025-07-31,10,0,Zillow ZIP-level market for Davis; mapped with Census 2020 ZCTA 95618 in Yolo County.,,2465,Zillow ZORI,
95605 West Sacramento,zcta,95605,West Sacramento,38.5935212,-121.539867,417936,2219,2025-07-31,10,0,Zillow ZIP-level market for West Sacramento; mapped with Census 2020 ZCTA 95605 in Yolo County.,,2219,Zillow ZORI,
95694 Winters,zcta,95694,Winters,38.5716604,-122.0641679,620226,,2025-07-31,10,0,Zillow ZIP-level market for Winters; mapped with Census 2020 ZCTA 95694 in Yolo County.,,,,
95627 Esparto,zcta,95627,Esparto,38.7345127,-122.0253459,467204,,2025-07-31,10,0,Zillow ZIP-level market for Esparto; mapped with Census 2020 ZCTA 95627 in Yolo County.,,,,
95612 Clarksburg,zcta,95612,Clarksburg,38.3847062,-121.5787214,760967,,2025-07-31,10,0,Zillow ZIP-level market for Clarksburg; mapped with Census 2020 ZCTA 95612 in Yolo County.,,,,
95645 Knights Landing,zcta,95645,Knights Landing,38.8940348,-121.7968077,429212,,2025-07-31,10,0,Zillow ZIP-level market for Knights Landing; mapped with Census 2020 ZCTA 95645 in Yolo County.,,,,
95607 Capay,zcta,95607,Capay,38.8306164,-122.1260372,719255,,2025-07-31,10,0,Zillow ZIP-level market for Capay; mapped with Census 2020 ZCTA 95607 in Yolo County.,,,,
95937 Woodland,zcta,95937,Woodland,38.8840651,-121.9984849,466340,,2025-07-31,10,0,Zillow ZIP-level market for Woodland; mapped with Census 2020 ZCTA 95937 in Yolo County.,,,,
95637 Brooks,zcta,95637,Brooks,38.8530151,-122.2728699,627675,,2025-07-31,10,0,Zillow ZIP-level market for Brooks; mapped with Census 2020 ZCTA 95637 in Yolo County.,,,,
95653 Madison,zcta,95653,Madison,38.697075,-121.978414,350887,,2025-07-31,10,0,Zillow ZIP-level market for Madison; mapped with Census 2020 ZCTA 95653 in Yolo County.,,,,
95697 Yolo,zcta,95697,Yolo,38.7328813,-121.8071949,468173,,2025-07-31,10,0,Zillow ZIP-level market for Yolo; mapped with Census 2020 ZCTA 95697 in Yolo County.,,,,
95616 Davis,zcta,95616,Davis,38.5541465,-121.7985136,890859,2452,2025-08-31,10,0,Zillow ZIP-level market for Davis; mapped with Census 2020 ZCTA 95616 in Yolo County.,,2452,Zillow ZORI,
95691 West Sacramento,zcta,95691,West Sacramento,38.6279507,-121.5932868,576344,2328,2025-08-31,10,0,Zillow ZIP-level market for West Sacramento; mapped with Census 2020 ZCTA 95691 in Yolo County.,,2328,Zillow ZORI,
95695 Woodland,zcta,95695,Woodland,38.6940377,-121.8529316,524335,2021,2025-08-31,10,0,Zillow ZIP-level market for Woodland; mapped with Census 2020 ZCTA 95695 in Yolo County.,,2021,Zillow ZORI,
95776 Woodland,zcta,95776,Woodland,38.6986923,-121.6994618,603173,2943,2025-08-31,10,0,Zillow ZIP-level market for Woodland; mapped with Census 2020 ZCTA 95776 in Yolo County.,,2943,Zillow ZORI,
95618 Davis,zcta,95618,Davis,38.5430194,-121.6905376,874957,2443,2025-08-31,10,0,Zillow ZIP-level market for Davis; mapped with Census 2020 ZCTA 95618 in Yolo County.,,2443,Zillow ZORI,
95605 West Sacramento,zcta,95605,West Sacramento,38.5935212,-121.539867,416487,2207,2025-08-31,10,0,Zillow ZIP-level market for West Sacramento; mapped with Census 2020 ZCTA 95605 in Yolo County.,,2207,Zillow ZORI,
95694 Winters,zcta,95694,Winters,38.5716604,-122.0641679,617293,,2025-08-31,10,0,Zillow ZIP-level market for Winters; mapped with Census 2020 ZCTA 95694 in Yolo County.,,,,
95627 Esparto,zcta,95627,Esparto,38.7345127,-122.0253459,465386,,2025-08-31,10,0,Zillow ZIP-level market for Esparto; mapped with Census 2020 ZCTA 95627 in Yolo County.,,,,
95612 Clarksburg,zcta,95612,Clarksburg,38.3847062,-121.5787214,764634,,2025-08-31,10,0,Zillow ZIP-level market for Clarksburg; mapped with Census 2020 ZCTA 95612 in Yolo County.,,,,
95645 Knights Landing,zcta,95645,Knights Landing,38.8940348,-121.7968077,427156,,2025-08-31,10,0,Zillow ZIP-level market for Knights Landing; mapped with Census 2020 ZCTA 95645 in Yolo County.,,,,
95607 Capay,zcta,95607,Capay,38.8306164,-122.1260372,707739,,2025-08-31,10,0,Zillow ZIP-level market for Capay; mapped with Census 2020 ZCTA 95607 in Yolo County.,,,,
95937 Woodland,zcta,95937,Woodland,38.8840651,-121.9984849,465408,,2025-08-31,10,0,Zillow ZIP-level market for Woodland; mapped with Census 2020 ZCTA 95937 in Yolo County.,,,,
95637 Brooks,zcta,95637,Brooks,38.8530151,-122.2728699,623739,,2025-08-31,10,0,Zillow ZIP-level market for Brooks; mapped with Census 2020 ZCTA 95637 in Yolo County.,,,,
95653 Madison,zcta,95653,Madison,38.697075,-121.978414,351313,,2025-08-31,10,0,Zillow ZIP-level market for Madison; mapped with Census 2020 ZCTA 95653 in Yolo County.,,,,
95697 Yolo,zcta,95697,Yolo,38.7328813,-121.8071949,469412,,2025-08-31,10,0,Zillow ZIP-level market for Yolo; mapped with Census 2020 ZCTA 95697 in Yolo County.,,,,
95616 Davis,zcta,95616,Davis,38.5541465,-121.7985136,887873,2419,2025-09-30,10,0,Zillow ZIP-level market for Davis; mapped with Census 2020 ZCTA 95616 in Yolo County.,,2419,Zillow ZORI,
95691 West Sacramento,zcta,95691,West Sacramento,38.6279507,-121.5932868,574119,2328,2025-09-30,10,0,Zillow ZIP-level market for West Sacramento; mapped with Census 2020 ZCTA 95691 in Yolo County.,,2328,Zillow ZORI,
95695 Woodland,zcta,95695,Woodland,38.6940377,-121.8529316,523043,1987,2025-09-30,10,0,Zillow ZIP-level market for Woodland; mapped with Census 2020 ZCTA 95695 in Yolo County.,,1987,Zillow ZORI,
95776 Woodland,zcta,95776,Woodland,38.6986923,-121.6994618,601585,2945,2025-09-30,10,0,Zillow ZIP-level market for Woodland; mapped with Census 2020 ZCTA 95776 in Yolo County.,,2945,Zillow ZORI,
95618 Davis,zcta,95618,Davis,38.5430194,-121.6905376,872466,2441,2025-09-30,10,0,Zillow ZIP-level market for Davis; mapped with Census 2020 ZCTA 95618 in Yolo County.,,2441,Zillow ZORI,
95605 West Sacramento,zcta,95605,West Sacramento,38.5935212,-121.539867,415572,2216,2025-09-30,10,0,Zillow ZIP-level market for West Sacramento; mapped with Census 2020 ZCTA 95605 in Yolo County.,,2216,Zillow ZORI,
95694 Winters,zcta,95694,Winters,38.5716604,-122.0641679,615497,,2025-09-30,10,0,Zillow ZIP-level market for Winters; mapped with Census 2020 ZCTA 95694 in Yolo County.,,,,
95627 Esparto,zcta,95627,Esparto,38.7345127,-122.0253459,464929,,2025-09-30,10,0,Zillow ZIP-level market for Esparto; mapped with Census 2020 ZCTA 95627 in Yolo County.,,,,
95612 Clarksburg,zcta,95612,Clarksburg,38.3847062,-121.5787214,771236,,2025-09-30,10,0,Zillow ZIP-level market for Clarksburg; mapped with Census 2020 ZCTA 95612 in Yolo County.,,,,
95645 Knights Landing,zcta,95645,Knights Landing,38.8940348,-121.7968077,424895,,2025-09-30,10,0,Zillow ZIP-level market for Knights Landing; mapped with Census 2020 ZCTA 95645 in Yolo County.,,,,
95607 Capay,zcta,95607,Capay,38.8306164,-122.1260372,702318,,2025-09-30,10,0,Zillow ZIP-level market for Capay; mapped with Census 2020 ZCTA 95607 in Yolo County.,,,,
95937 Woodland,zcta,95937,Woodland,38.8840651,-121.9984849,463041,,2025-09-30,10,0,Zillow ZIP-level market for Woodland; mapped with Census 2020 ZCTA 95937 in Yolo County.,,,,
95637 Brooks,zcta,95637,Brooks,38.8530151,-122.2728699,625215,,2025-09-30,10,0,Zillow ZIP-level market for Brooks; mapped with Census 2020 ZCTA 95637 in Yolo County.,,,,
95653 Madison,zcta,95653,Madison,38.697075,-121.978414,352647,,2025-09-30,10,0,Zillow ZIP-level market for Madison; mapped with Census 2020 ZCTA 95653 in Yolo County.,,,,
95697 Yolo,zcta,95697,Yolo,38.7328813,-121.8071949,472355,,2025-09-30,10,0,Zillow ZIP-level market for Yolo; mapped with Census 2020 ZCTA 95697 in Yolo County.,,,,
95616 Davis,zcta,95616,Davis,38.5541465,-121.7985136,887623,2398,2025-10-31,10,0,Zillow ZIP-level market for Davis; mapped with Census 2020 ZCTA 95616 in Yolo County.,,2398,Zillow ZORI,
95691 West Sacramento,zcta,95691,West Sacramento,38.6279507,-121.5932868,572996,2338,2025-10-31,10,0,Zillow ZIP-level market for West Sacramento; mapped with Census 2020 ZCTA 95691 in Yolo County.,,2338,Zillow ZORI,
95695 Woodland,zcta,95695,Woodland,38.6940377,-121.8529316,522627,1952,2025-10-31,10,0,Zillow ZIP-level market for Woodland; mapped with Census 2020 ZCTA 95695 in Yolo County.,,1952,Zillow ZORI,
95776 Woodland,zcta,95776,Woodland,38.6986923,-121.6994618,601045,2991,2025-10-31,10,0,Zillow ZIP-level market for Woodland; mapped with Census 2020 ZCTA 95776 in Yolo County.,,2991,Zillow ZORI,
95618 Davis,zcta,95618,Davis,38.5430194,-121.6905376,872713,2434,2025-10-31,10,0,Zillow ZIP-level market for Davis; mapped with Census 2020 ZCTA 95618 in Yolo County.,,2434,Zillow ZORI,
95605 West Sacramento,zcta,95605,West Sacramento,38.5935212,-121.539867,414726,2178,2025-10-31,10,0,Zillow ZIP-level market for West Sacramento; mapped with Census 2020 ZCTA 95605 in Yolo County.,,2178,Zillow ZORI,
95694 Winters,zcta,95694,Winters,38.5716604,-122.0641679,615152,,2025-10-31,10,0,Zillow ZIP-level market for Winters; mapped with Census 2020 ZCTA 95694 in Yolo County.,,,,
95627 Esparto,zcta,95627,Esparto,38.7345127,-122.0253459,465674,,2025-10-31,10,0,Zillow ZIP-level market for Esparto; mapped with Census 2020 ZCTA 95627 in Yolo County.,,,,
95612 Clarksburg,zcta,95612,Clarksburg,38.3847062,-121.5787214,779830,,2025-10-31,10,0,Zillow ZIP-level market for Clarksburg; mapped with Census 2020 ZCTA 95612 in Yolo County.,,,,
95645 Knights Landing,zcta,95645,Knights Landing,38.8940348,-121.7968077,422963,,2025-10-31,10,0,Zillow ZIP-level market for Knights Landing; mapped with Census 2020 ZCTA 95645 in Yolo County.,,,,
95607 Capay,zcta,95607,Capay,38.8306164,-122.1260372,704795,,2025-10-31,10,0,Zillow ZIP-level market for Capay; mapped with Census 2020 ZCTA 95607 in Yolo County.,,,,
95937 Woodland,zcta,95937,Woodland,38.8840651,-121.9984849,459298,,2025-10-31,10,0,Zillow ZIP-level market for Woodland; mapped with Census 2020 ZCTA 95937 in Yolo County.,,,,
95637 Brooks,zcta,95637,Brooks,38.8530151,-122.2728699,629456,,2025-10-31,10,0,Zillow ZIP-level market for Brooks; mapped with Census 2020 ZCTA 95637 in Yolo County.,,,,
95653 Madison,zcta,95653,Madison,38.697075,-121.978414,355633,,2025-10-31,10,0,Zillow ZIP-level market for Madison; mapped with Census 2020 ZCTA 95653 in Yolo County.,,,,
95697 Yolo,zcta,95697,Yolo,38.7328813,-121.8071949,473712,,2025-10-31,10,0,Zillow ZIP-level market for Yolo; mapped with Census 2020 ZCTA 95697 in Yolo County.,,,,
95616 Davis,zcta,95616,Davis,38.5541465,-121.7985136,888521,2395,2025-11-30,10,0,Zillow ZIP-level market for Davis; mapped with Census 2020 ZCTA 95616 in Yolo County.,,2395,Zillow ZORI,
95691 West Sacramento,zcta,95691,West Sacramento,38.6279507,-121.5932868,572889,2311,2025-11-30,10,0,Zillow ZIP-level market for West Sacramento; mapped with Census 2020 ZCTA 95691 in Yolo County.,,2311,Zillow ZORI,
95695 Woodland,zcta,95695,Woodland,38.6940377,-121.8529316,523090,1970,2025-11-30,10,0,Zillow ZIP-level market for Woodland; mapped with Census 2020 ZCTA 95695 in Yolo County.,,1970,Zillow ZORI,
95776 Woodland,zcta,95776,Woodland,38.6986923,-121.6994618,601134,3034,2025-11-30,10,0,Zillow ZIP-level market for Woodland; mapped with Census 2020 ZCTA 95776 in Yolo County.,,3034,Zillow ZORI,
95618 Davis,zcta,95618,Davis,38.5430194,-121.6905376,874258,2452,2025-11-30,10,0,Zillow ZIP-level market for Davis; mapped with Census 2020 ZCTA 95618 in Yolo County.,,2452,Zillow ZORI,
95605 West Sacramento,zcta,95605,West Sacramento,38.5935212,-121.539867,413982,2125,2025-11-30,10,0,Zillow ZIP-level market for West Sacramento; mapped with Census 2020 ZCTA 95605 in Yolo County.,,2125,Zillow ZORI,
95694 Winters,zcta,95694,Winters,38.5716604,-122.0641679,615575,,2025-11-30,10,0,Zillow ZIP-level market for Winters; mapped with Census 2020 ZCTA 95694 in Yolo County.,,,,
95627 Esparto,zcta,95627,Esparto,38.7345127,-122.0253459,468157,,2025-11-30,10,0,Zillow ZIP-level market for Esparto; mapped with Census 2020 ZCTA 95627 in Yolo County.,,,,
95612 Clarksburg,zcta,95612,Clarksburg,38.3847062,-121.5787214,785275,,2025-11-30,10,0,Zillow ZIP-level market for Clarksburg; mapped with Census 2020 ZCTA 95612 in Yolo County.,,,,
95645 Knights Landing,zcta,95645,Knights Landing,38.8940348,-121.7968077,422051,,2025-11-30,10,0,Zillow ZIP-level market for Knights Landing; mapped with Census 2020 ZCTA 95645 in Yolo County.,,,,
95607 Capay,zcta,95607,Capay,38.8306164,-122.1260372,711674,,2025-11-30,10,0,Zillow ZIP-level market for Capay; mapped with Census 2020 ZCTA 95607 in Yolo County.,,,,
95937 Woodland,zcta,95937,Woodland,38.8840651,-121.9984849,455896,,2025-11-30,10,0,Zillow ZIP-level market for Woodland; mapped with Census 2020 ZCTA 95937 in Yolo County.,,,,
95637 Brooks,zcta,95637,Brooks,38.8530151,-122.2728699,634709,,2025-11-30,10,0,Zillow ZIP-level market for Brooks; mapped with Census 2020 ZCTA 95637 in Yolo County.,,,,
95653 Madison,zcta,95653,Madison,38.697075,-121.978414,359922,,2025-11-30,10,0,Zillow ZIP-level market for Madison; mapped with Census 2020 ZCTA 95653 in Yolo County.,,,,
95697 Yolo,zcta,95697,Yolo,38.7328813,-121.8071949,475767,,2025-11-30,10,0,Zillow ZIP-level market for Yolo; mapped with Census 2020 ZCTA 95697 in Yolo County.,,,,
95616 Davis,zcta,95616,Davis,38.5541465,-121.7985136,889482,2450,2025-12-31,10,0,Zillow ZIP-level market for Davis; mapped with Census 2020 ZCTA 95616 in Yolo County.,,2450,Zillow ZORI,
95691 West Sacramento,zcta,95691,West Sacramento,38.6279507,-121.5932868,573846,2336,2025-12-31,10,0,Zillow ZIP-level market for West Sacramento; mapped with Census 2020 ZCTA 95691 in Yolo County.,,2336,Zillow ZORI,
95695 Woodland,zcta,95695,Woodland,38.6940377,-121.8529316,523923,2004,2025-12-31,10,0,Zillow ZIP-level market for Woodland; mapped with Census 2020 ZCTA 95695 in Yolo County.,,2004,Zillow ZORI,
95776 Woodland,zcta,95776,Woodland,38.6986923,-121.6994618,602349,3072,2025-12-31,10,0,Zillow ZIP-level market for Woodland; mapped with Census 2020 ZCTA 95776 in Yolo County.,,3072,Zillow ZORI,
95618 Davis,zcta,95618,Davis,38.5430194,-121.6905376,875435,2432,2025-12-31,10,0,Zillow ZIP-level market for Davis; mapped with Census 2020 ZCTA 95618 in Yolo County.,,2432,Zillow ZORI,
95605 West Sacramento,zcta,95605,West Sacramento,38.5935212,-121.539867,414146,2131,2025-12-31,10,0,Zillow ZIP-level market for West Sacramento; mapped with Census 2020 ZCTA 95605 in Yolo County.,,2131,Zillow ZORI,
95694 Winters,zcta,95694,Winters,38.5716604,-122.0641679,616758,,2025-12-31,10,0,Zillow ZIP-level market for Winters; mapped with Census 2020 ZCTA 95694 in Yolo County.,,,,
95627 Esparto,zcta,95627,Esparto,38.7345127,-122.0253459,471088,,2025-12-31,10,0,Zillow ZIP-level market for Esparto; mapped with Census 2020 ZCTA 95627 in Yolo County.,,,,
95612 Clarksburg,zcta,95612,Clarksburg,38.3847062,-121.5787214,790207,,2025-12-31,10,0,Zillow ZIP-level market for Clarksburg; mapped with Census 2020 ZCTA 95612 in Yolo County.,,,,
95645 Knights Landing,zcta,95645,Knights Landing,38.8940348,-121.7968077,422272,,2025-12-31,10,0,Zillow ZIP-level market for Knights Landing; mapped with Census 2020 ZCTA 95645 in Yolo County.,,,,
95607 Capay,zcta,95607,Capay,38.8306164,-122.1260372,716153,,2025-12-31,10,0,Zillow ZIP-level market for Capay; mapped with Census 2020 ZCTA 95607 in Yolo County.,,,,
95937 Woodland,zcta,95937,Woodland,38.8840651,-121.9984849,453883,,2025-12-31,10,0,Zillow ZIP-level market for Woodland; mapped with Census 2020 ZCTA 95937 in Yolo County.,,,,
95637 Brooks,zcta,95637,Brooks,38.8530151,-122.2728699,638093,,2025-12-31,10,0,Zillow ZIP-level market for Brooks; mapped with Census 2020 ZCTA 95637 in Yolo County.,,,,
95653 Madison,zcta,95653,Madison,38.697075,-121.978414,364704,,2025-12-31,10,0,Zillow ZIP-level market for Madison; mapped with Census 2020 ZCTA 95653 in Yolo County.,,,,
95697 Yolo,zcta,95697,Yolo,38.7328813,-121.8071949,480203,,2025-12-31,10,0,Zillow ZIP-level market for Yolo; mapped with Census 2020 ZCTA 95697 in Yolo County.,,,,
95616 Davis,zcta,95616,Davis,38.5541465,-121.7985136,887748,2463,2026-01-31,10,0,Zillow ZIP-level market for Davis; mapped with Census 2020 ZCTA 95616 in Yolo County.,,2463,Zillow ZORI,
95691 West Sacramento,zcta,95691,West Sacramento,38.6279507,-121.5932868,574217,2349,2026-01-31,10,0,Zillow ZIP-level market for West Sacramento; mapped with Census 2020 ZCTA 95691 in Yolo County.,,2349,Zillow ZORI,
95695 Woodland,zcta,95695,Woodland,38.6940377,-121.8529316,524262,2058,2026-01-31,10,0,Zillow ZIP-level market for Woodland; mapped with Census 2020 ZCTA 95695 in Yolo County.,,2058,Zillow ZORI,
95776 Woodland,zcta,95776,Woodland,38.6986923,-121.6994618,603288,3014,2026-01-31,10,0,Zillow ZIP-level market for Woodland; mapped with Census 2020 ZCTA 95776 in Yolo County.,,3014,Zillow ZORI,
95618 Davis,zcta,95618,Davis,38.5430194,-121.6905376,875337,2451,2026-01-31,10,0,Zillow ZIP-level market for Davis; mapped with Census 2020 ZCTA 95618 in Yolo County.,,2451,Zillow ZORI,
95605 West Sacramento,zcta,95605,West Sacramento,38.5935212,-121.539867,414831,2107,2026-01-31,10,0,Zillow ZIP-level market for West Sacramento; mapped with Census 2020 ZCTA 95605 in Yolo County.,,2107,Zillow ZORI,
95694 Winters,zcta,95694,Winters,38.5716604,-122.0641679,617116,,2026-01-31,10,0,Zillow ZIP-level market for Winters; mapped with Census 2020 ZCTA 95694 in Yolo County.,,,,
95627 Esparto,zcta,95627,Esparto,38.7345127,-122.0253459,473464,,2026-01-31,10,0,Zillow ZIP-level market for Esparto; mapped with Census 2020 ZCTA 95627 in Yolo County.,,,,
95612 Clarksburg,zcta,95612,Clarksburg,38.3847062,-121.5787214,793908,,2026-01-31,10,0,Zillow ZIP-level market for Clarksburg; mapped with Census 2020 ZCTA 95612 in Yolo County.,,,,
95645 Knights Landing,zcta,95645,Knights Landing,38.8940348,-121.7968077,423203,,2026-01-31,10,0,Zillow ZIP-level market for Knights Landing; mapped with Census 2020 ZCTA 95645 in Yolo County.,,,,
95607 Capay,zcta,95607,Capay,38.8306164,-122.1260372,720455,,2026-01-31,10,0,Zillow ZIP-level market for Capay; mapped with Census 2020 ZCTA 95607 in Yolo County.,,,,
95937 Woodland,zcta,95937,Woodland,38.8840651,-121.9984849,452649,,2026-01-31,10,0,Zillow ZIP-level market for Woodland; mapped with Census 2020 ZCTA 95937 in Yolo County.,,,,
95637 Brooks,zcta,95637,Brooks,38.8530151,-122.2728699,642282,,2026-01-31,10,0,Zillow ZIP-level market for Brooks; mapped with Census 2020 ZCTA 95637 in Yolo County.,,,,
95653 Madison,zcta,95653,Madison,38.697075,-121.978414,368381,,2026-01-31,10,0,Zillow ZIP-level market for Madison; mapped with Census 2020 ZCTA 95653 in Yolo County.,,,,
95697 Yolo,zcta,95697,Yolo,38.7328813,-121.8071949,486056,,2026-01-31,10,0,Zillow ZIP-level market for Yolo; mapped with Census 2020 ZCTA 95697 in Yolo County.,,,,
95616 Davis,zcta,95616,Davis,38.5541465,-121.7985136,886182,2521,2026-02-28,10,0,Zillow ZIP-level market for Davis; mapped with Census 2020 ZCTA 95616 in Yolo County.,,2521,Zillow ZORI,
95691 West Sacramento,zcta,95691,West Sacramento,38.6279507,-121.5932868,574138,2372,2026-02-28,10,0,Zillow ZIP-level market for West Sacramento; mapped with Census 2020 ZCTA 95691 in Yolo County.,,2372,Zillow ZORI,
95695 Woodland,zcta,95695,Woodland,38.6940377,-121.8529316,524670,2046,2026-02-28,10,0,Zillow ZIP-level market for Woodland; mapped with Census 2020 ZCTA 95695 in Yolo County.,,2046,Zillow ZORI,
95776 Woodland,zcta,95776,Woodland,38.6986923,-121.6994618,604207,3020,2026-02-28,10,0,Zillow ZIP-level market for Woodland; mapped with Census 2020 ZCTA 95776 in Yolo County.,,3020,Zillow ZORI,
95618 Davis,zcta,95618,Davis,38.5430194,-121.6905376,875032,2471,2026-02-28,10,0,Zillow ZIP-level market for Davis; mapped with Census 2020 ZCTA 95618 in Yolo County.,,2471,Zillow ZORI,
95605 West Sacramento,zcta,95605,West Sacramento,38.5935212,-121.539867,416441,2129,2026-02-28,10,0,Zillow ZIP-level market for West Sacramento; mapped with Census 2020 ZCTA 95605 in Yolo County.,,2129,Zillow ZORI,
95694 Winters,zcta,95694,Winters,38.5716604,-122.0641679,617790,,2026-02-28,10,0,Zillow ZIP-level market for Winters; mapped with Census 2020 ZCTA 95694 in Yolo County.,,,,
95627 Esparto,zcta,95627,Esparto,38.7345127,-122.0253459,475145,,2026-02-28,10,0,Zillow ZIP-level market for Esparto; mapped with Census 2020 ZCTA 95627 in Yolo County.,,,,
95612 Clarksburg,zcta,95612,Clarksburg,38.3847062,-121.5787214,799126,,2026-02-28,10,0,Zillow ZIP-level market for Clarksburg; mapped with Census 2020 ZCTA 95612 in Yolo County.,,,,
95645 Knights Landing,zcta,95645,Knights Landing,38.8940348,-121.7968077,424747,,2026-02-28,10,0,Zillow ZIP-level market for Knights Landing; mapped with Census 2020 ZCTA 95645 in Yolo County.,,,,
95607 Capay,zcta,95607,Capay,38.8306164,-122.1260372,724863,,2026-02-28,10,0,Zillow ZIP-level market for Capay; mapped with Census 2020 ZCTA 95607 in Yolo County.,,,,
95937 Woodland,zcta,95937,Woodland,38.8840651,-121.9984849,453114,,2026-02-28,10,0,Zillow ZIP-level market for Woodland; mapped with Census 2020 ZCTA 95937 in Yolo County.,,,,
95637 Brooks,zcta,95637,Brooks,38.8530151,-122.2728699,646877,,2026-02-28,10,0,Zillow ZIP-level market for Brooks; mapped with Census 2020 ZCTA 95637 in Yolo County.,,,,
95653 Madison,zcta,95653,Madison,38.697075,-121.978414,371123,,2026-02-28,10,0,Zillow ZIP-level market for Madison; mapped with Census 2020 ZCTA 95653 in Yolo County.,,,,
95697 Yolo,zcta,95697,Yolo,38.7328813,-121.8071949,491427,,2026-02-28,10,0,Zillow ZIP-level market for Yolo; mapped with Census 2020 ZCTA 95697 in Yolo County.,,,,
95616 Davis,zcta,95616,Davis,38.5541465,-121.7985136,884459,2547,2026-03-31,10,0,Zillow ZIP-level market for Davis; mapped with Census 2020 ZCTA 95616 in Yolo County.,,2547,Zillow ZORI,
95691 West Sacramento,zcta,95691,West Sacramento,38.6279507,-121.5932868,572892,2336,2026-03-31,10,0,Zillow ZIP-level market for West Sacramento; mapped with Census 2020 ZCTA 95691 in Yolo County.,,2336,Zillow ZORI,
95695 Woodland,zcta,95695,Woodland,38.6940377,-121.8529316,524720,2075,2026-03-31,10,0,Zillow ZIP-level market for Woodland; mapped with Census 2020 ZCTA 95695 in Yolo County.,,2075,Zillow ZORI,
95776 Woodland,zcta,95776,Woodland,38.6986923,-121.6994618,604057,3048,2026-03-31,10,0,Zillow ZIP-level market for Woodland; mapped with Census 2020 ZCTA 95776 in Yolo County.,,3048,Zillow ZORI,
95618 Davis,zcta,95618,Davis,38.5430194,-121.6905376,873832,2464,2026-03-31,10,0,Zillow ZIP-level market for Davis; mapped with Census 2020 ZCTA 95618 in Yolo County.,,2464,Zillow ZORI,
95605 West Sacramento,zcta,95605,West Sacramento,38.5935212,-121.539867,417231,2146,2026-03-31,10,0,Zillow ZIP-level market for West Sacramento; mapped with Census 2020 ZCTA 95605 in Yolo County.,,2146,Zillow ZORI,
95694 Winters,zcta,95694,Winters,38.5716604,-122.0641679,617755,2711,2026-03-31,10,0,Zillow ZIP-level market for Winters; mapped with Census 2020 ZCTA 95694 in Yolo County.,,2711,Zillow ZORI,
95627 Esparto,zcta,95627,Esparto,38.7345127,-122.0253459,475708,,2026-03-31,10,0,Zillow ZIP-level market for Esparto; mapped with Census 2020 ZCTA 95627 in Yolo County.,,,,
95612 Clarksburg,zcta,95612,Clarksburg,38.3847062,-121.5787214,803510,,2026-03-31,10,0,Zillow ZIP-level market for Clarksburg; mapped with Census 2020 ZCTA 95612 in Yolo County.,,,,
95645 Knights Landing,zcta,95645,Knights Landing,38.8940348,-121.7968077,426329,,2026-03-31,10,0,Zillow ZIP-level market for Knights Landing; mapped with Census 2020 ZCTA 95645 in Yolo County.,,,,
95607 Capay,zcta,95607,Capay,38.8306164,-122.1260372,730586,,2026-03-31,10,0,Zillow ZIP-level market for Capay; mapped with Census 2020 ZCTA 95607 in Yolo County.,,,,
95937 Woodland,zcta,95937,Woodland,38.8840651,-121.9984849,455315,,2026-03-31,10,0,Zillow ZIP-level market for Woodland; mapped with Census 2020 ZCTA 95937 in Yolo County.,,,,
95637 Brooks,zcta,95637,Brooks,38.8530151,-122.2728699,649757,,2026-03-31,10,0,Zillow ZIP-level market for Brooks; mapped with Census 2020 ZCTA 95637 in Yolo County.,,,,
95653 Madison,zcta,95653,Madison,38.697075,-121.978414,372643,,2026-03-31,10,0,Zillow ZIP-level market for Madison; mapped with Census 2020 ZCTA 95653 in Yolo County.,,,,
95697 Yolo,zcta,95697,Yolo,38.7328813,-121.8071949,493199,,2026-03-31,10,0,Zillow ZIP-level market for Yolo; mapped with Census 2020 ZCTA 95697 in Yolo County.,,,,
95616 Davis,zcta,95616,Davis,38.5541465,-121.7985136,881727,2562,2026-04-30,10,0,Zillow ZIP-level market for Davis; mapped with Census 2020 ZCTA 95616 in Yolo County.,,2562,Zillow ZORI,
95691 West Sacramento,zcta,95691,West Sacramento,38.6279507,-121.5932868,570930,2321,2026-04-30,10,0,Zillow ZIP-level market for West Sacramento; mapped with Census 2020 ZCTA 95691 in Yolo County.,,2321,Zillow ZORI,
95695 Woodland,zcta,95695,Woodland,38.6940377,-121.8529316,524488,2035,2026-04-30,10,0,Zillow ZIP-level market for Woodland; mapped with Census 2020 ZCTA 95695 in Yolo County.,,2035,Zillow ZORI,
95776 Woodland,zcta,95776,Woodland,38.6986923,-121.6994618,602915,3002,2026-04-30,10,0,Zillow ZIP-level market for Woodland; mapped with Census 2020 ZCTA 95776 in Yolo County.,,3002,Zillow ZORI,
95618 Davis,zcta,95618,Davis,38.5430194,-121.6905376,870784,2498,2026-04-30,10,0,Zillow ZIP-level market for Davis; mapped with Census 2020 ZCTA 95618 in Yolo County.,,2498,Zillow ZORI,
95605 West Sacramento,zcta,95605,West Sacramento,38.5935212,-121.539867,417446,2186,2026-04-30,10,0,Zillow ZIP-level market for West Sacramento; mapped with Census 2020 ZCTA 95605 in Yolo County.,,2186,Zillow ZORI,
95694 Winters,zcta,95694,Winters,38.5716604,-122.0641679,617482,2762,2026-04-30,10,0,Zillow ZIP-level market for Winters; mapped with Census 2020 ZCTA 95694 in Yolo County.,,2762,Zillow ZORI,
95627 Esparto,zcta,95627,Esparto,38.7345127,-122.0253459,475691,,2026-04-30,10,0,Zillow ZIP-level market for Esparto; mapped with Census 2020 ZCTA 95627 in Yolo County.,,,,
95612 Clarksburg,zcta,95612,Clarksburg,38.3847062,-121.5787214,806189,,2026-04-30,10,0,Zillow ZIP-level market for Clarksburg; mapped with Census 2020 ZCTA 95612 in Yolo County.,,,,
95645 Knights Landing,zcta,95645,Knights Landing,38.8940348,-121.7968077,426886,,2026-04-30,10,0,Zillow ZIP-level market for Knights Landing; mapped with Census 2020 ZCTA 95645 in Yolo County.,,,,
95607 Capay,zcta,95607,Capay,38.8306164,-122.1260372,732007,,2026-04-30,10,0,Zillow ZIP-level market for Capay; mapped with Census 2020 ZCTA 95607 in Yolo County.,,,,
95937 Woodland,zcta,95937,Woodland,38.8840651,-121.9984849,456278,,2026-04-30,10,0,Zillow ZIP-level market for Woodland; mapped with Census 2020 ZCTA 95937 in Yolo County.,,,,
95637 Brooks,zcta,95637,Brooks,38.8530151,-122.2728699,647880,,2026-04-30,10,0,Zillow ZIP-level market for Brooks; mapped with Census 2020 ZCTA 95637 in Yolo County.,,,,
95653 Madison,zcta,95653,Madison,38.697075,-121.978414,372711,,2026-04-30,10,0,Zillow ZIP-level market for Madison; mapped with Census 2020 ZCTA 95653 in Yolo County.,,,,
95697 Yolo,zcta,95697,Yolo,38.7328813,-121.8071949,493702,,2026-04-30,10,0,Zillow ZIP-level market for Yolo; mapped with Census 2020 ZCTA 95697 in Yolo County.,,,,
