{"type": "FeatureCollection", "features": [{"type": "Feature", "geometry": {"type": "Polygon", "coordinates": [[[-120.06139399990487, 38.710259000235276], [-120.06133600017854, 38.7102460000077], [-120.06117600034496, 38.71022399999462], [-120.06104999994828, 38.71022099983297], [-120.06095899971167, 38.710210000173895], [-120.06092399955156, 38.71020000010006], [-120.06091400040414, 38.71017300003379], [-120.06084800028191, 38.71008999989606], [-120.06075899969514, 38.71002499998275], [-120.06064599971724, 38.70997700005197], [-120.06046300031743, 38.70995399966476], [-120.06014100010216, 38.70996399977306], [-120.05999299996415, 38.70993299985343], [-120.05990199972754, 38.70990399980333], [-120.05981100038927, 38.70986599991332], [-120.0597200001527, 38.70984500007608], [-120.05958200006042, 38.70985099972981], [-120.05939600028759, 38.709900000037244], [-120.0593259999674, 38.709925999914944], [-120.05925700037042, 38.70993299985343], [-120.05921100033966, 38.70992299974079], [-120.05916799978365, 38.709858999968276], [-120.05913799964641, 38.709731999844735], [-120.0590940001638, 38.70941499974975], [-120.05909800036174, 38.709316000239205], [-120.05906099965351, 38.709090000028525], [-120.05903999973714, 38.709035000145256], [-120.05896299974421, 38.70895200008828], [-120.05890900021586, 38.708870000241475], [-120.05882100035234, 38.70876900006147], [-120.05874500018433, 38.70865899975869], [-120.05866900001638, 38.708566999974465], [-120.05856899955891, 38.708482999763355], [-120.0584899999162, 38.708435999810774], [-120.05813400026408, 38.708417999790925], [-120.0579259998516, 38.70845799967312], [-120.05773900025386, 38.708534000228774], [-120.05751699959768, 38.70861000000263], [-120.05731800030438, 38.708694999672495], [-120.05719899958038, 38.70879099982135], [-120.05691599972315, 38.70896400024607], [-120.05671800025473, 38.709031000330505], [-120.05649700032183, 38.709088999725125], [-120.05632300024452, 38.709120000010785], [-120.05610399996142, 38.709132999742124], [-120.05571300014915, 38.70914100006094], [-120.05557599988184, 38.70911899970781], [-120.05532300016185, 38.709112999992705], [-120.05515199955927, 38.7090910003319], [-120.05498000003016, 38.7090860002169], [-120.05478500003649, 38.709063000244036], [-120.05461299960905, 38.70904999979898], [-120.05444199990481, 38.70902800011879], [-120.0542939997668, 38.70898799985456], [-120.05403400037412, 38.70887299975877], [-120.05390899980235, 38.70883399971479], [-120.05363500016595, 38.70879099982135], [-120.05348600020302, 38.708786999992945], [-120.05332499964625, 38.70876500023189], [-120.05312100033005, 38.70871500023985], [-120.05268899961162, 38.70858699987668], [-120.05258700040267, 38.70853899968143], [-120.05248500029542, 38.70850999976688], [-120.05235999972365, 38.70848000022965], [-120.0521759996006, 38.708475000071914], [-120.05192299988065, 38.70848700030972], [-120.05184300041302, 38.708475999682896], [-120.05174100030577, 38.70842800011408], [-120.05169699992484, 38.70838199973764], [-120.05166400031287, 38.7083360000326], [-120.05162400012989, 38.70820900000762], [-120.05162800032784, 38.708092000127145], [-120.05158899996981, 38.70793800016034], [-120.05156700022849, 38.70790100024635], [-120.05150000028132, 38.707862999992656], [-120.05143199961095, 38.707844000208745], [-120.05128199982313, 38.70784000032741], [-120.05115399977662, 38.70788199977153], [-120.05089699985865, 38.70797399973619], [-120.05081700039104, 38.707980999865796], [-120.05069000016942, 38.70797800031103], [-120.05058800006218, 38.70794799984962], [-120.05049900037373, 38.707883000091805], [-120.05040999978696, 38.70780900018775], [-120.05025300032642, 38.707705999966485], [-120.04966300032254, 38.70734999984877], [-120.04956000039037, 38.70754999992045], [-120.04920999968769, 38.70807999982299], [-120.04902999976265, 38.70833999988624], [-120.0489000000663, 38.708469999913774], [-120.0487739996696, 38.70857200012582], [-120.04867999995828, 38.70864999977739], [-120.04853000017046, 38.70871999967986], [-120.04835000024539, 38.70876999966835], [-120.04813000013738, 38.70879000021477], [-120.04793000012083, 38.70877999994226], [-120.04768999992132, 38.70874000024027], [-120.04641000035443, 38.708399999766556], [-120.0456699996644, 38.708159999943156], [-120.0453299999058, 38.70800999999492], [-120.04519199981353, 38.70792700015001], [-120.04492999987269, 38.707770000264325], [-120.04457599987037, 38.707433999989064], [-120.04453999988534, 38.70740000009441], [-120.04410999971508, 38.70703000011273], [-120.04365000030583, 38.706710000346476], [-120.04333399993834, 38.706572999656], [-120.04328000040996, 38.70655000027674], [-120.04311499965522, 38.70651500032332], [-120.04298999998176, 38.706490000245964], [-120.0424369997878, 38.70644900032445], [-120.042210999832, 38.7064329997845], [-120.042146000433, 38.706428000184566], [-120.0419520002642, 38.706412999980756], [-120.04188799979181, 38.70640900001931], [-120.04175999974528, 38.7063999997548], [-120.04150500037547, 38.706372000015094], [-120.04130000033605, 38.70635000021189], [-120.04104000004506, 38.70629000001323], [-120.04071000033217, 38.70619000003764], [-120.04043999999544, 38.706079999973], [-120.04040300018552, 38.70606099971528], [-120.04018999975018, 38.70594999980588], [-120.04007199974939, 38.705868999668574], [-120.0398449999687, 38.70571200017091], [-120.0397699996256, 38.70566000014525], [-120.03929000012491, 38.70516000007116], [-120.03926699966036, 38.70512700015504], [-120.03911299967459, 38.7048999996604], [-120.03902700035916, 38.70477299984135], [-120.0389300002748, 38.70463000025537], [-120.03873399955789, 38.704420999914625], [-120.03862999980083, 38.70431000026343], [-120.03860700023462, 38.70428999986588], [-120.0385379997393, 38.704232000083415], [-120.03851599999801, 38.704213000035615], [-120.03865300026534, 38.70408900011651], [-120.0389870001762, 38.70379000002644], [-120.03909000010835, 38.70376400002045], [-120.03927000003344, 38.703720000204534], [-120.03947900027079, 38.70366899981047], [-120.04010899955934, 38.70351799987371], [-120.04031899962159, 38.7034690000996], [-120.04019399994813, 38.70331099985537], [-120.04006500007671, 38.70310100017957], [-120.03954100019506, 38.702885000350335], [-120.03932799975973, 38.702734999851366], [-120.03910299962884, 38.702613000260435], [-120.03883499984022, 38.702435000012656], [-120.03864800024249, 38.70229899994227], [-120.03858899979294, 38.702257000022925], [-120.03832900040027, 38.70214200031772], [-120.03801200020784, 38.70202600002543], [-120.03780899981828, 38.701939999735586], [-120.03768699961952, 38.701837999877334], [-120.03746200038694, 38.7017060002984], [-120.03716899958567, 38.70157199965871], [-120.03689699959911, 38.70147499992318], [-120.03664800007707, 38.70137899976628], [-120.03644700023563, 38.70123000002699], [-120.03639299980894, 38.701156000248076], [-120.03629200042492, 38.701100000156124], [-120.03612300037052, 38.70099599966863], [-120.03598899957791, 38.700903000122565], [-120.03577500021596, 38.70080699989883], [-120.03561899968204, 38.70069499982551], [-120.03552099977277, 38.700558000229705], [-120.035446000328, 38.700412000054264], [-120.03533599982484, 38.700292000157475], [-120.0351450000291, 38.70019700024245], [-120.03484999957803, 38.700089999958266], [-120.03453499993375, 38.69993799974457], [-120.03428899988647, 38.69976999998114], [-120.03417799955838, 38.69965900012125], [-120.03408300002214, 38.69945799997444], [-120.03402000027295, 38.69931199965663], [-120.03388899985339, 38.69913799997379], [-120.03373400004268, 38.69899900001166], [-120.03361299966886, 38.69889700016516], [-120.03360099997332, 38.6988869999112], [-120.03352499980531, 38.69876800000663], [-120.03346399970593, 38.69857699975765], [-120.03340099995674, 38.698449999926446], [-120.0333120002683, 38.698356999873866], [-120.03323600010032, 38.69826500015519], [-120.03320699978799, 38.698119999962096], [-120.03326500041263, 38.697544999976756], [-120.0332910003519, 38.69748299987173], [-120.03331800011608, 38.69738399996575], [-120.0333359996594, 38.69724100032707], [-120.0333399998574, 38.697142000086174], [-120.033318999941, 38.697078000091146], [-120.0333340000096, 38.69700700023788], [-120.0333699999946, 38.69696199999814], [-120.03322699987947, 38.69686999988724], [-120.03307600026672, 38.696847000191624], [-120.03290499966421, 38.69680600034999], [-120.03222299959882, 38.69662699989412], [-120.03190299993169, 38.69653899986607], [-120.03185900044905, 38.69652800020554], [-120.03159599978501, 38.69649400003301], [-120.031411999662, 38.69650699995653], [-120.0312490003537, 38.69655700007184], [-120.03105400036002, 38.69653400027552], [-120.03071100022834, 38.69648000032841], [-120.03026199979146, 38.696226000004394], [-120.02999999985063, 38.69616499994134], [-120.0296950002521, 38.69604000030468], [-120.02954000044141, 38.695900999930565], [-120.02938399990748, 38.69577999968763], [-120.02923699959439, 38.6957220000143], [-120.02902999990516, 38.6957259998724], [-120.02885500000296, 38.695775000044016], [-120.02872799978138, 38.69578999967488], [-120.02861599962837, 38.69572400029394], [-120.02845800034297, 38.69563899992854], [-120.02830000015919, 38.695581000140876], [-120.02818600035637, 38.69556000031495], [-120.02808400024915, 38.69552199981299], [-120.02804200041632, 38.69542999995328], [-120.02808199970099, 38.69529600017453], [-120.02817899978537, 38.69517300001541], [-120.02819700022702, 38.69507299991824], [-120.02820800009768, 38.69502000006949], [-120.02815600021916, 38.69490199984183], [-120.02803099964738, 38.694854000275804], [-120.02785800029332, 38.6948849997217], [-120.02758999960642, 38.694958999679], [-120.02734699993215, 38.694998000279476], [-120.02698999955678, 38.69500699987566], [-120.02682999972322, 38.6949850000817], [-120.02676000030134, 38.6949950001801], [-120.02655199988888, 38.695027999863946], [-120.0264830002919, 38.69503899975521], [-120.02611300039605, 38.69509300008908], [-120.02591699967914, 38.69511499984988], [-120.02579000035587, 38.69511199975541], [-120.02569900011926, 38.69510000007747], [-120.02464999963276, 38.69489400003324], [-120.02430700039938, 38.69484899986639], [-120.02395099984892, 38.69484000025027], [-120.02365000044836, 38.69489499983408], [-120.02328800005012, 38.69502099986857], [-120.02311399997281, 38.69506200003225], [-120.02295300031435, 38.69506699972565], [-120.02284000033644, 38.69505599983875], [-120.02281500022208, 38.69505400024155], [-120.02263100009907, 38.69506699972565], [-120.02253800021266, 38.69508300000433], [-120.02246700006755, 38.695125999727715], [-120.02238300040197, 38.695214000091916], [-120.0223220003026, 38.695311999700856], [-120.02223799973869, 38.695399999836276], [-120.02217800036256, 38.695452000311555], [-120.0218150001394, 38.695605000034504], [-120.02152499971116, 38.69567899994808], [-120.02139800038785, 38.6956940003002], [-120.02126600014338, 38.69568100022892], [-120.02100800040053, 38.695665999874066], [-120.02089200004957, 38.69569899994947], [-120.0208090002089, 38.69575100020737], [-120.02072499964498, 38.69584799999421], [-120.02062900028383, 38.695943999863324], [-120.0205339998493, 38.695995999943115], [-120.02047600012295, 38.69602100018373], [-120.02029199999994, 38.69601700034211], [-120.02014399986196, 38.695976999810476], [-120.01979300023267, 38.69585100005781], [-120.01965599996532, 38.69582899982225], [-120.0195639999038, 38.695835999738605], [-120.01944699972793, 38.695877999923304], [-120.01932899972716, 38.69595600010081], [-120.01921199955132, 38.696006999685466], [-120.0190840004031, 38.696048999769815], [-120.0189789999228, 38.696073000207534], [-120.01887400034082, 38.69610699987906], [-120.01881499989126, 38.696141000235556], [-120.01875499961683, 38.69621200024739], [-120.01872700002772, 38.696328000154566], [-120.01868799966965, 38.696443999873665], [-120.01862599974538, 38.696541999900695], [-120.01854299990471, 38.69662099983189], [-120.0183300003677, 38.69675899973314], [-120.01820099959795, 38.6968190002168], [-120.01807199972652, 38.69686999988724], [-120.01786199966425, 38.696946000139775], [-120.0177260001201, 38.69689700006925], [-120.0175350003244, 38.6967929997797], [-120.0174010004301, 38.69669999967588], [-120.01717799994901, 38.69653200001853], [-120.01705400010044, 38.696475000032656], [-120.01688300039625, 38.69643399997779], [-120.01678100028899, 38.69640500006162], [-120.01664499984655, 38.69635600032159], [-120.01630599991282, 38.69622099969089], [-120.01598700007061, 38.69614999968799], [-120.01573600000046, 38.69609900020529], [-120.0154520003183, 38.69601899991239], [-120.01532799957143, 38.69596200021878], [-120.01517199993583, 38.69585000027033], [-120.01507400002654, 38.69571200001749], [-120.01502100032309, 38.69561199997278], [-120.01496900044455, 38.69548399999197], [-120.01498299978992, 38.69541299995862], [-120.0150229999729, 38.69528799970892], [-120.01509699959276, 38.69517200021846], [-120.01516899956279, 38.695083999802534], [-120.01519600022529, 38.695003999776716], [-120.01520999957066, 38.69492299986094], [-120.01513299957777, 38.69484899986639], [-120.01453099987832, 38.694400999761584], [-120.01424200017333, 38.69416800000809], [-120.01413300039337, 38.69409499974557], [-120.01396199979082, 38.69398100005111], [-120.0136920003524, 38.693848000177894], [-120.0132620001821, 38.6936840001045], [-120.01296699973099, 38.69358599966737], [-120.0128889999132, 38.693529999958315], [-120.01282199996604, 38.69346499971517], [-120.01270899998813, 38.693417999707506], [-120.01257400026891, 38.69336900002465], [-120.01243700000158, 38.693329000115604], [-120.01228800003865, 38.69332599994623], [-120.0121509997713, 38.69331300014567], [-120.01201400040226, 38.69327400002881], [-120.01143799974378, 38.69302500007574], [-120.01136099975088, 38.69295100022109], [-120.01126100019177, 38.69287599975974], [-120.01103600006088, 38.69275300034732], [-120.01088899974779, 38.692685999734756], [-120.01078800036377, 38.692621000126955], [-120.01074399998284, 38.692574000265914], [-120.0106360000278, 38.69241899999809], [-120.01059300037011, 38.692336000286616], [-120.01057300027861, 38.69228199997487], [-120.01056499988269, 38.6921999999429], [-120.01055599966185, 38.69214799990813], [-120.01049999958536, 38.691829000000354], [-120.01049299991266, 38.691720999972986], [-120.01047600019423, 38.69156799965509], [-120.01041099989689, 38.691484999657376], [-120.0102190002763, 38.69138999996422], [-120.01004900039696, 38.69133099968532], [-120.00990299990879, 38.6912560003301], [-120.00978099971005, 38.691144000024764], [-120.0096379995949, 38.69100199968606], [-120.00954899990646, 38.69091299989298], [-120.00945900039308, 38.690866000312134], [-120.0092779997448, 38.69079800017761], [-120.00919999992698, 38.69074199968834], [-120.0091849998584, 38.69072699970012], [-120.00917700036076, 38.69088700011375], [-120.00914100037576, 38.691004000097685], [-120.00906600003267, 38.691250999669165], [-120.00867400039552, 38.6916920002495], [-120.00858900000672, 38.6917889999313], [-120.00846199978511, 38.691877000193884], [-120.00838800016528, 38.692141000332036], [-120.00821800028596, 38.69275000015378], [-120.00816499968417, 38.69293500016667], [-120.00809000023945, 38.693199999730645], [-120.00825000007299, 38.69321000007859], [-120.00848000022677, 38.69315000007326], [-120.0087299995737, 38.69298999981296], [-120.0088550001455, 38.692912999735405], [-120.0091649997669, 38.69291900010867], [-120.01070399979986, 38.693365000034746], [-120.01079599986136, 38.69339200013753], [-120.01120000009242, 38.69358000005119], [-120.01174999991332, 38.69384999980879], [-120.01199000011282, 38.69392000017682], [-120.01232999987144, 38.693980000237495], [-120.0126849996987, 38.694056000055056], [-120.01324100026572, 38.69431800024634], [-120.01401100019461, 38.69453899973919], [-120.01419399959443, 38.69469599992853], [-120.01431999999112, 38.695799999660785], [-120.01447499980183, 38.69609499966691], [-120.01512699972999, 38.69668299998301], [-120.01527400004308, 38.69710599996458], [-120.01552000009036, 38.69752900024882], [-120.0160499998198, 38.69803999982639], [-120.01620800000354, 38.69822299996994], [-120.0163600003395, 38.69839999973226], [-120.01637700005794, 38.69841399976211], [-120.01682999979448, 38.69879000003923], [-120.01716000040567, 38.69906999999077], [-120.01748000007282, 38.69924000017768], [-120.01770000018084, 38.69931000017842], [-120.01799999975648, 38.69934000005757], [-120.01834000041343, 38.699359999736366], [-120.01853000038422, 38.69939999977821], [-120.01860999985188, 38.69944999997437], [-120.01867000012632, 38.69952999993503], [-120.01867000012632, 38.699640000260636], [-120.01839999978957, 38.699590000197304], [-120.01817999968154, 38.699569999881795], [-120.01791000024312, 38.699569999881795], [-120.0173600004222, 38.69955999972194], [-120.0163899995784, 38.69958000004025], [-120.01606999991127, 38.69955999972194], [-120.01565999983245, 38.69948999996589], [-120.01542200018109, 38.69941899970263], [-120.01528999993661, 38.69938000011066], [-120.01495000017798, 38.69924000017768], [-120.01439000031134, 38.698949999945455], [-120.01431599979317, 38.698914999777486], [-120.0139099999123, 38.69872000023062], [-120.01346999969627, 38.69859000000366], [-120.01305999961743, 38.69851999999931], [-120.01263000034541, 38.698500000085616], [-120.0122200002666, 38.69846999985407], [-120.01191999979262, 38.69841999967392], [-120.01151999975954, 38.69833000024305], [-120.01123000022963, 38.698209999657216], [-120.01036999988901, 38.69771000007363], [-120.0093899998978, 38.69709999994252], [-120.00869000028905, 38.69672000009286], [-120.00826000011875, 38.69656999998391], [-120.00796999969052, 38.69651999987769], [-120.00761999988616, 38.69646999973651], [-120.00726000003606, 38.69646999973651], [-120.00693000032315, 38.69650000010585], [-120.00653000029007, 38.6965600001057], [-120.00629099991548, 38.6966480001079], [-120.00625999995331, 38.69666000022727], [-120.00540999965847, 38.697069999824855], [-120.00460000044488, 38.69736999973429], [-120.00396000021229, 38.697429999705456], [-120.00384700023437, 38.697422000179586], [-120.0035600001792, 38.69739999972619], [-120.00318299971234, 38.69731799995236], [-120.00309999987167, 38.69729999993812], [-120.00236000007996, 38.69693000027778], [-120.00122000025516, 38.696430000159275], [-120.00092900000203, 38.69628799979685], [-120.00035999991455, 38.696009999742394], [-120.00003000020165, 38.69581000034638], [-119.99973999977345, 38.695470000089735], [-119.99932999969458, 38.6948900001286], [-119.9990700003019, 38.6946200000898], [-119.99868000031455, 38.69435999992016], [-119.99838999988634, 38.69423000018212], [-119.99806000017345, 38.6941600001174], [-119.99772999956228, 38.69414999990227], [-119.99738999980364, 38.694179999842376], [-119.99674999957107, 38.69437000010599], [-119.9952099997132, 38.69484000025027], [-119.99442600043885, 38.69506900002361], [-119.9938099995974, 38.69524999976358], [-119.99339000037114, 38.695399999836276], [-119.9923600001512, 38.69597999986861], [-119.9921700001804, 38.69607000015325], [-119.99167999973565, 38.69630999989123], [-119.99132999993125, 38.696430000159275], [-119.99119600003695, 38.696440999834934], [-119.9910999997775, 38.69644999995069], [-119.9907600000189, 38.69644000005571], [-119.99062000027678, 38.6964200002615], [-119.9902699995741, 38.69631999980438], [-119.99006999955759, 38.696229999834316], [-119.98984000030212, 38.696099999989286], [-119.98969999966171, 38.69595999994583], [-119.9894799995537, 38.69568999973923], [-119.9889099996413, 38.694830000130196], [-119.9888269998006, 38.6947099999823], [-119.98864000020288, 38.69443999996514], [-119.9884100000491, 38.69427000028849], [-119.98819999998682, 38.69414999990227], [-119.98803000010749, 38.694060000006324], [-119.98823000012403, 38.69381999973022], [-119.98829000039851, 38.693689999711886], [-119.98829299987322, 38.693629000290656], [-119.98830000044424, 38.693490000139235], [-119.98828000035274, 38.69332000030825], [-119.98825000021553, 38.693179999731605], [-119.98809000038197, 38.692840000295604], [-119.9879599997873, 38.692620000294326], [-119.98777999986225, 38.69252000013382], [-119.98758999989143, 38.69249000019869], [-119.98752600031735, 38.69248200012034], [-119.98724000008708, 38.69244999979807], [-119.9870149999562, 38.69248299995489], [-119.98690000032846, 38.69249999994472], [-119.98674600034266, 38.69253399991232], [-119.98632000037031, 38.692630000022255], [-119.9861499995927, 38.69263999974872], [-119.98596999966763, 38.69258999969997], [-119.98594399972836, 38.692579000133264], [-119.98582999992554, 38.69252999987572], [-119.98572000032068, 38.692430000290564], [-119.9855520000912, 38.69226899998459], [-119.98433899957317, 38.69182099984809], [-119.98316899961114, 38.691487999903956], [-119.98285800016485, 38.691305999909], [-119.98171900016497, 38.69107700000873], [-119.98135299956877, 38.691075000300316], [-119.98123700011612, 38.691073999744916], [-119.98033599976762, 38.691913000142584], [-119.97997500009258, 38.6925259998389], [-119.97924100014866, 38.693069000161465], [-119.97596899991397, 38.69383700010347], [-119.97528900039674, 38.6941769997087], [-119.97466599988256, 38.69460900013415], [-119.97458200021701, 38.69479000033698], [-119.97424300028327, 38.69501499967163], [-119.97346599978331, 38.696219000126256], [-119.97311099995609, 38.69708000033287], [-119.97220799995776, 38.697829000336334], [-119.97166900000751, 38.698076999935346], [-119.97005200015676, 38.6983440002866], [-119.9695140000314, 38.69841000005432], [-119.9689099997838, 38.69864000006502], [-119.96884000036194, 38.69864000006502], [-119.96862000025392, 38.698729999806886], [-119.96827999959697, 38.69885999977937], [-119.96788999960962, 38.698979999975656], [-119.96742000015468, 38.69908000021914], [-119.96708000039604, 38.699099999970635], [-119.96627000028411, 38.699099999970635], [-119.96619999996392, 38.6988000003068], [-119.96617999987245, 38.698550000209885], [-119.96610000040481, 38.698270000325856], [-119.96602000003885, 38.69811000030054], [-119.96573999965639, 38.69785999989506], [-119.96566000018875, 38.69769999965364], [-119.96559999991433, 38.69755999993755], [-119.96546000017221, 38.69745999967213], [-119.96520999992696, 38.697190000220054], [-119.96490000030556, 38.69694999992937], [-119.96465000006032, 38.69681000014748], [-119.96412000033088, 38.696649999660536], [-119.9639100002686, 38.69655000022605], [-119.9637899997197, 38.69648000032841], [-119.9637400003893, 38.696370000050415], [-119.9636499999776, 38.69620999998139], [-119.96339999973235, 38.696099999989286], [-119.96309000011094, 38.69608000010001], [-119.96299999969926, 38.696050000255575], [-119.96292000023163, 38.69593000005108], [-119.96277000044381, 38.69554000027469], [-119.96259999966618, 38.695379999751275], [-119.96195000028617, 38.69490000024034], [-119.96167999994944, 38.69468999970436], [-119.96157000034457, 38.694659999978086], [-119.96153000016159, 38.6945999997867], [-119.96141999965842, 38.69450000029074], [-119.96125999982485, 38.694340000245504], [-119.96111000003702, 38.6941600001174], [-119.96092000006622, 38.69404000024778], [-119.9605300000789, 38.693870000321596], [-119.96037000024532, 38.69374999996549], [-119.9601500001373, 38.69349999974554], [-119.95978000024145, 38.692949999691926], [-119.95966999973827, 38.692849999992774], [-119.95942000039132, 38.69260999986391], [-119.95940000029985, 38.692550000056436], [-119.9593900002541, 38.692400000317626], [-119.95925999965944, 38.692109999697045], [-119.95921000032905, 38.69191999974099], [-119.9591299999631, 38.69152999983708], [-119.95910999987161, 38.691239999896574], [-119.95911999991735, 38.691090000215574], [-119.9592499996137, 38.690699999993775], [-119.95928999979668, 38.69048999974884], [-119.95929999984241, 38.69038000007572], [-119.95960000031639, 38.69016000022199], [-119.95962999955529, 38.69005000004147], [-119.95966999973827, 38.68973000002063], [-119.95970999992124, 38.6895000001076], [-119.95977000019569, 38.689359999768044], [-119.95997000021224, 38.68913000006791], [-119.9600599997256, 38.68901999970606], [-119.96012000000006, 38.688780000050606], [-119.96021000041175, 38.6885699997793], [-119.96043999966719, 38.68825999978819], [-119.96072000004968, 38.68790999972197], [-119.96074000014116, 38.687769999777046], [-119.96071000000394, 38.687589999946155], [-119.96069800030837, 38.68755300002222], [-119.96063999968374, 38.687379999688005], [-119.96072000004968, 38.68676999981678], [-119.96075000018692, 38.68634000027701], [-119.96107999989978, 38.6859400001463], [-119.96116000026574, 38.685819999811265], [-119.9612699998706, 38.68547999975597], [-119.9613400001908, 38.6852999997738], [-119.9614099996127, 38.6849000001402], [-119.96154000020735, 38.683740000128324], [-119.96161999967495, 38.68296000017433], [-119.96175000026963, 38.682189999917966], [-119.9618199996915, 38.68173999981193], [-119.9618199996915, 38.68135999971602], [-119.96175000026963, 38.68109999974265], [-119.96163999976643, 38.68086000016954], [-119.96137000032805, 38.68046000026125], [-119.96119000040298, 38.68030999971924], [-119.96118200000706, 38.68029699965747], [-119.96106999985408, 38.6800999998348], [-119.96104399991478, 38.68006800028584], [-119.96072000004968, 38.6796700001858], [-119.96057000026185, 38.67949999977503], [-119.96055299964512, 38.679440000193686], [-119.96054000012464, 38.679390000036605], [-119.96046399995663, 38.67918899973994], [-119.96043800001739, 38.67912099972812], [-119.96042999962148, 38.67909999997957], [-119.96044800006314, 38.67890799978857], [-119.96044999971295, 38.67889000005104], [-119.96044999971295, 38.678837000135346], [-119.96039199998663, 38.67885199981117], [-119.96023600035102, 38.67889700022221], [-119.96008900003793, 38.67888599995291], [-119.95982999957182, 38.67889700022221], [-119.95951499992756, 38.67893599976081], [-119.9593540002691, 38.67891399993382], [-119.9591860000396, 38.67883099998364], [-119.95884999958062, 38.67884200026138], [-119.95861899960192, 38.67880900012437], [-119.95825399972895, 38.678666999849824], [-119.95814199957597, 38.678589999785615], [-119.9579740002448, 38.678452999931075], [-119.95793900008466, 38.67839800033029], [-119.95788300000818, 38.67821700003246], [-119.95783399960436, 38.67808999982144], [-119.9577780004262, 38.67800300017081], [-119.9576379997858, 38.67787600028136], [-119.95722500023224, 38.67765699989292], [-119.95712700032297, 38.67761300014715], [-119.95669200012978, 38.67731700032544], [-119.95639800040189, 38.67715200018012], [-119.95615999985222, 38.677030999785096], [-119.95567699997846, 38.67671299985813], [-119.95551600031996, 38.676592000123584], [-119.95536900000687, 38.676532000208304], [-119.95511000043912, 38.67647699983267], [-119.95501900020253, 38.67641100016773], [-119.95494899988232, 38.676345999800674], [-119.95474499966782, 38.67627400035013], [-119.95464000008582, 38.67620300018795], [-119.95453499960551, 38.67616399986148], [-119.95428299971044, 38.676137000270366], [-119.95416399988476, 38.676065999972295], [-119.95400999989899, 38.67592900019567], [-119.95400900007407, 38.67591099970897], [-119.95386299958587, 38.675768999996635], [-119.9536879996837, 38.675698000034856], [-119.95349900043612, 38.67566000020419], [-119.95323999997005, 38.675543999747276], [-119.95302999990776, 38.675379999796235], [-119.95286900024927, 38.67523699965624], [-119.95280499977684, 38.67521500009487], [-119.95265099979106, 38.67524200003377], [-119.9525040003763, 38.67535800027882], [-119.95246900021618, 38.675402000008155], [-119.95223800023751, 38.67547899999548], [-119.95206300033531, 38.67552200028027], [-119.95164300021075, 38.67566000020419], [-119.95145400006487, 38.67568200033005], [-119.95101300002392, 38.67567599991385], [-119.95076100012882, 38.67557800005786], [-119.95061399981573, 38.67545100007344], [-119.95054400039386, 38.67537500012962], [-119.95036199992066, 38.67522099984844], [-119.95023600042228, 38.67519299982548], [-119.9499700002835, 38.67517700000779], [-119.94976600006899, 38.675110999845494], [-119.94966099958869, 38.675055999780625], [-119.94948599968649, 38.675011999838546], [-119.94931800035532, 38.67502300000191], [-119.94901700005646, 38.67502300000191], [-119.94890499990348, 38.675110999845494], [-119.94884899982698, 38.675150000044376], [-119.94876500016139, 38.675172000327045], [-119.94859000025919, 38.67516599986809], [-119.94851999993901, 38.67513300014009], [-119.94834500003684, 38.6749959999804], [-119.94826100037125, 38.67494099982718], [-119.94803700006523, 38.674903000295906], [-119.94778500017019, 38.67491900017484], [-119.94765899977347, 38.674892000114106], [-119.94754699962049, 38.674842000286446], [-119.94743500036579, 38.67472699998925], [-119.94734400012918, 38.67459500017652], [-119.9473089999691, 38.67450799978437], [-119.94719699981609, 38.67433700034987], [-119.9471540001584, 38.674292999965836], [-119.9471540001584, 38.674271000114345], [-119.94710499975459, 38.67422799977939], [-119.9470980000819, 38.674200000069334], [-119.94705799989892, 38.67416499971503], [-119.94706200009689, 38.67415500021177], [-119.94683199994311, 38.67393699975329], [-119.94669200020103, 38.67384899986912], [-119.94662899955352, 38.67381600023536], [-119.94636300031306, 38.67379400023727], [-119.94624399958907, 38.67377200023242], [-119.94611800009069, 38.67379400023727], [-119.94604100009776, 38.67383800022669], [-119.94585899962459, 38.67390899992941], [-119.94569100029342, 38.673930999892164], [-119.94550200014754, 38.674013999913846], [-119.94535499983445, 38.67404100030575], [-119.94512399985575, 38.673930999892164], [-119.94484400037157, 38.67387600032326], [-119.9445849999055, 38.67365099973424], [-119.94442300042212, 38.67361300021951], [-119.94429700002543, 38.67363500027323], [-119.94406600004673, 38.67375000022081], [-119.94384900031174, 38.67380499988646], [-119.94358300017298, 38.67378299988499], [-119.94356200025659, 38.67374499973905], [-119.94349899960908, 38.6737060001773], [-119.94342900018718, 38.673629999783444], [-119.94329600011781, 38.673569000091796], [-119.9432190001249, 38.67355299991112], [-119.94302999997902, 38.67357499998327], [-119.94296700022983, 38.67360799972818], [-119.94279900000035, 38.67365199983194], [-119.94261700042547, 38.67365700032019], [-119.94248400035606, 38.67371699984001], [-119.94230899955558, 38.67387699971652], [-119.94213399965338, 38.67399199997661], [-119.94189600000202, 38.67408500014335], [-119.94181900000912, 38.67416200014476], [-119.94183999992552, 38.67421199974606], [-119.94195899975121, 38.67436500000634], [-119.942008000155, 38.67441500016719], [-119.942000999584, 38.674513000212826], [-119.94196600032221, 38.674573999801375], [-119.94191000024573, 38.674573999801375], [-119.94186800041294, 38.67453499998994], [-119.9418540001692, 38.67450799978437], [-119.94175600025993, 38.674431000155195], [-119.94163700043424, 38.67434900000358], [-119.94146900020472, 38.67428299977917], [-119.94138499964085, 38.67430500032825], [-119.94136399972443, 38.67433799973664], [-119.94131500021895, 38.67445299995751], [-119.94126599981516, 38.67448599999895], [-119.94120300006597, 38.674513000212826], [-119.94116000040826, 38.674513000212826], [-119.94103400001156, 38.674436999974425], [-119.94081700027657, 38.67437600026913], [-119.9407610002001, 38.67433799973664], [-119.9406840002072, 38.674140000253004], [-119.9405860002979, 38.67404700015772], [-119.9404809998176, 38.674018999675525], [-119.9403410000755, 38.67405199991705], [-119.94022899992252, 38.67412400019995], [-119.93999100027115, 38.674223000032356], [-119.93994900043835, 38.67427699994698], [-119.93990000003456, 38.67447000002324], [-119.93983700028537, 38.674546000226606], [-119.93941700016082, 38.674804000001345], [-119.93925599960401, 38.67484800007123], [-119.93908099970182, 38.674880999930615], [-119.93873799957014, 38.675011999838546], [-119.93870999998104, 38.67502400008043], [-119.93856299966797, 38.67513400021708], [-119.9383740004204, 38.67531000022441], [-119.93825399987146, 38.67535899965134], [-119.9380999998857, 38.67538600023724], [-119.93745600035344, 38.67540799974605], [-119.93724600029118, 38.675463000241784], [-119.93725999963655, 38.67554499981853], [-119.93737900036056, 38.67563900014143], [-119.93737900036056, 38.675710000161736], [-119.93732999995676, 38.67577599977178], [-119.93732300028405, 38.67586400009222], [-119.93739299970593, 38.67595699993074], [-119.93737900036056, 38.67608299965494], [-119.93733699962945, 38.6761220000256], [-119.93721100013107, 38.67625900013408], [-119.93691700040321, 38.6764509997169], [-119.9369030001595, 38.67654999983748], [-119.93688899991578, 38.676571999689855], [-119.93682600016659, 38.676578000030936], [-119.9366439996934, 38.676500999823276], [-119.93644799987483, 38.6764509997169], [-119.93619599997976, 38.67645700006813], [-119.93611200031415, 38.676489999886996], [-119.93599299959014, 38.676567000106544], [-119.93589200020614, 38.67664999987694], [-119.93588100033547, 38.676659999732976], [-119.93584600017539, 38.67676399983571], [-119.93579699977157, 38.67701100017534], [-119.93577599985518, 38.67702800033491], [-119.93572700034967, 38.67713700014807], [-119.93558000003658, 38.67727499976351], [-119.9355520004475, 38.67733000022721], [-119.93558000003658, 38.677367999872594], [-119.9356500003568, 38.67739499970067], [-119.93569200018959, 38.67740099997276], [-119.93571999977867, 38.677423000264874], [-119.9357409996951, 38.67751099996298], [-119.93569200018959, 38.677577000016235], [-119.93545399963992, 38.67776300003011], [-119.93544000029452, 38.67779599994817], [-119.93544699996721, 38.67786199973862], [-119.93552399996011, 38.67799399983819], [-119.9355099997164, 38.6780709998423], [-119.93546100021092, 38.678103000284096], [-119.93538400021802, 38.67808699971434], [-119.93523699990493, 38.6780709998423], [-119.93518099982842, 38.678082000236856], [-119.93508200009423, 38.67813099987002], [-119.93508899976692, 38.67821299989673], [-119.9352079995926, 38.67840499984833], [-119.93522900040732, 38.678498999921715], [-119.9352009999199, 38.67859199984297], [-119.93517300033082, 38.6786359996882], [-119.93507500042152, 38.67869099980734], [-119.93490700019206, 38.67873999972487], [-119.93451499965656, 38.67877900005031], [-119.93416499985219, 38.67892100010264], [-119.93393399987352, 38.67906399989532], [-119.93385000020793, 38.679168000011344], [-119.93379400013143, 38.67928400020521], [-119.93370299989485, 38.679425999956884], [-119.93360499998555, 38.67955799997707], [-119.93361199965823, 38.67965099992482], [-119.93364699981834, 38.679723000185916], [-119.93364000014566, 38.67979399966144], [-119.93358400006915, 38.679915000294315], [-119.93354899990906, 38.68009599980431], [-119.93352100031996, 38.68010699988763], [-119.93349299983257, 38.68010699988763], [-119.93344400032706, 38.68003600002134], [-119.93340199959596, 38.68000799977817], [-119.93330399968669, 38.680013999831196], [-119.93319900010468, 38.680074000333896], [-119.9331780001883, 38.68013500009212], [-119.93317099961727, 38.68023300002017], [-119.93312899978449, 38.68029899966713], [-119.93303699972297, 38.68035399991084], [-119.93298800021748, 38.680375999996464], [-119.93289699998088, 38.68046400027139], [-119.9328690003918, 38.680518999687024], [-119.93286199982079, 38.680810000303296], [-119.93282699966068, 38.68088700008283], [-119.9327780001552, 38.68092999992364], [-119.93251200001642, 38.68103500012766], [-119.93240700043444, 38.68112300029353], [-119.93224599987765, 38.681187999828595], [-119.93216200021205, 38.681259999945944], [-119.93209100006693, 38.68134399987441], [-119.93208500021915, 38.68135299978575], [-119.93197300006617, 38.681446000205916], [-119.93175600033118, 38.681457000081785], [-119.93169299968368, 38.68149600032913], [-119.93165099985087, 38.681573000071836], [-119.93163699960719, 38.681661000277366], [-119.93158800010171, 38.68173199993405], [-119.9315179997815, 38.68177000004727], [-119.93136399979569, 38.6818030002215], [-119.93113299981702, 38.68189600005693], [-119.93104199958044, 38.68189600005693], [-119.93093699999845, 38.68181400004249], [-119.93090199983835, 38.68177000004727], [-119.93083200041644, 38.68171500019059], [-119.93075500042357, 38.681736999857826], [-119.93068400027846, 38.6817919996976], [-119.93062800020196, 38.68190199995168], [-119.93050900037626, 38.681968000163224], [-119.93001200025884, 38.68212699984909], [-119.93009599992442, 38.68223099972151], [-119.93010299959711, 38.682285999882936], [-119.93010299959711, 38.68240699980866], [-119.93006800033531, 38.68246199983482], [-119.9300330001752, 38.68250600010577], [-119.92994899961133, 38.68259399986526], [-119.92994899961133, 38.68268100024626], [-119.92998100029668, 38.68272099979759], [-119.9301379997572, 38.682796999654784], [-119.93021499975009, 38.682852000082406], [-119.93021499975009, 38.68293900014975], [-119.93017299991729, 38.68300000027091], [-119.92997000042602, 38.68314199966185], [-119.9299770000987, 38.68318600021595], [-119.93003999984792, 38.6832189997372], [-119.93010299959711, 38.68324100034458], [-119.93015899967358, 38.683307000022396], [-119.93016600024461, 38.68340000000696], [-119.93004700041892, 38.68349900033276], [-119.92971799963263, 38.683636000345196], [-119.92965499988341, 38.68369699987222], [-119.92959200013425, 38.683795999787115], [-119.92959899980694, 38.683905999765614], [-119.92970400028723, 38.68406500005413], [-119.92970000008928, 38.68408399984447], [-119.92967599979984, 38.6842019996842], [-119.92963399996705, 38.6842239999893], [-119.92956399964683, 38.68421800028925], [-119.92946599973753, 38.68417399966853], [-119.92937500039926, 38.684195999982286], [-119.92924900000257, 38.684251000035836], [-119.92919200010117, 38.68431700018459], [-119.92918600025338, 38.684345000144305], [-119.92938200007195, 38.684404999820735], [-119.92943800014845, 38.68444299991704], [-119.92943800014845, 38.68468999970038], [-119.92932599999547, 38.68482800017908], [-119.92929800040639, 38.684921000290544], [-119.92932599999547, 38.68500300025084], [-119.92938200007195, 38.68510800008851], [-119.92941700023205, 38.68515699981974], [-119.92947300030856, 38.68520600021869], [-119.92967599979984, 38.685294000163964], [-119.92971799963263, 38.68533800009604], [-119.92971799963263, 38.68542599987897], [-119.92969000004355, 38.68550799996178], [-119.92971099995995, 38.68563500033216], [-119.92970400028723, 38.68571700017545], [-119.92963399996705, 38.68583200034469], [-119.92961999972333, 38.68589300010332], [-119.92957100021783, 38.68594800025498], [-119.92942300007985, 38.68606300005297], [-119.92940999966106, 38.686122999691236], [-119.92941700023205, 38.68617799966606], [-119.92947300030856, 38.68624899974956], [-119.92971699980771, 38.686433999744835], [-119.92990000010583, 38.686573000283175], [-119.92994899961133, 38.68662300033005], [-119.92994899961133, 38.68669399997198], [-119.92990699977851, 38.6868089999734], [-119.92994899961133, 38.686903000227446], [-119.930075000008, 38.687088999844086], [-119.93009599992442, 38.68731999970137], [-119.9301379997572, 38.68742399973971], [-119.93025699958288, 38.68750100011571], [-119.93034799981946, 38.68753999987383], [-119.93047400021617, 38.687654999917854], [-119.93046699964519, 38.687688000182916], [-119.93056499955446, 38.68777599988048], [-119.93083099969324, 38.687863000271854], [-119.93088699976974, 38.687923999701404], [-119.93089400034074, 38.688050000094144], [-119.93085900018066, 38.68809399973381], [-119.93083099969324, 38.688225999892914], [-119.93080300010416, 38.68829199988109], [-119.93074700002765, 38.688379000346224], [-119.93067699970744, 38.688445000193305], [-119.93050900037626, 38.688548999998716], [-119.93036899973586, 38.68861000024579], [-119.93027800039759, 38.68870899967392], [-119.93025699958288, 38.68875300031066], [-119.9302289999938, 38.688916999768495], [-119.9301520000009, 38.6890539999252], [-119.9301520000009, 38.689153000141346], [-119.9302080000774, 38.6892410001405], [-119.93027099982659, 38.6892410001405], [-119.93048099988887, 38.68909800034981], [-119.93055100020906, 38.689104000341885], [-119.93058600036917, 38.68913099994931], [-119.93057899979817, 38.68935100016255], [-119.93061399995827, 38.68938899973571], [-119.93066300036207, 38.6894059997596], [-119.93078200018773, 38.68936700031743], [-119.93083800026425, 38.68931799996334], [-119.93090799968614, 38.68921399987339], [-119.93095000041724, 38.68919199970016], [-119.93100599959541, 38.68919699980388], [-119.93104099975552, 38.68923600003985], [-119.93102700041013, 38.6893620002256], [-119.93101999983912, 38.68947700014577], [-119.93108299958831, 38.689597999831726], [-119.9311110000757, 38.68979000008973], [-119.9311949997413, 38.68986700002289], [-119.9313629999708, 38.68998199983251], [-119.93148900036749, 38.6901140000141], [-119.93153799987297, 38.69021800019812], [-119.93152399962926, 38.690349999944274], [-119.9314540002074, 38.69051499981031], [-119.9313629999708, 38.69059699967023], [-119.93124400014511, 38.69065199971169], [-119.9311880000686, 38.690711999708704], [-119.93117399982492, 38.690773000215025], [-119.9312580003888, 38.690859999766666], [-119.9313699996435, 38.690898999797305], [-119.93152399962926, 38.69091000032345], [-119.93160099962216, 38.69097599993916], [-119.93164300035328, 38.69104200019515], [-119.9317830000954, 38.69113499994257], [-119.93181099968447, 38.69117899978845], [-119.93183900017186, 38.691315999820546], [-119.93186099991318, 38.691343999846005], [-119.93186000008826, 38.69136500020852], [-119.93199399998257, 38.691514000165945], [-119.93205699973174, 38.69154700005338], [-119.9322299999841, 38.69158800010481], [-119.93226699979402, 38.69161199993588], [-119.93228799971045, 38.6916449997781], [-119.93234399978692, 38.69169499978624], [-119.93261699959842, 38.691711000118], [-119.9327289997514, 38.69175500031078], [-119.9328130003153, 38.691860000055954], [-119.9329110002246, 38.691860000055954], [-119.9330509999667, 38.69184299991403], [-119.93319800027977, 38.691875999649696], [-119.93319800027977, 38.6919530001423], [-119.93317700036339, 38.69198599982723], [-119.93316999979236, 38.69201299974934], [-119.93320499995247, 38.69205199985253], [-119.93353499966533, 38.69207399984743], [-119.93364699981834, 38.6921120000777], [-119.93369600022216, 38.692172000252484], [-119.93370999956753, 38.69238599981179], [-119.9337720003901, 38.69244700029299], [-119.93380800037514, 38.69245799987999], [-119.93392700020084, 38.692430000290564], [-119.9342419998451, 38.69228199997487], [-119.93433300008168, 38.69226599977081], [-119.93436099967076, 38.69228199997487], [-119.9344030004019, 38.6922879996999], [-119.93443099999098, 38.69234799972708], [-119.93443799966369, 38.69254600002073], [-119.93430499959427, 38.692930000324196], [-119.93418599976859, 38.69316100025326], [-119.93418599976859, 38.69324799970535], [-119.93429100024889, 38.69341299989879], [-119.93426299976149, 38.69356099997794], [-119.9342979999216, 38.69365499977448], [-119.93429100024889, 38.6937699998051], [-119.9342779998301, 38.693791000156544], [-119.93415800017951, 38.693995000244776], [-119.93418599976859, 38.694275000037244], [-119.93417200042322, 38.69434599979793], [-119.93403900035382, 38.69461499966402], [-119.93388500036804, 38.69482399991723], [-119.93383599996422, 38.69487300000562], [-119.93380099980412, 38.6948900001286], [-119.93363400029786, 38.69488000001553], [-119.93343599993113, 38.694868000298655], [-119.93335899993824, 38.69487900021448], [-119.93328899961804, 38.694943999873885], [-119.93326799970166, 38.694993999679525], [-119.93326100002896, 38.69503199976086], [-119.93326100002896, 38.695416999834016], [-119.93321199962514, 38.69552599968228], [-119.93305799963935, 38.69575100020737], [-119.93302300037759, 38.69578400024357], [-119.93282699966068, 38.69616899977467], [-119.93276399991151, 38.6963609999246], [-119.93273600032241, 38.69649799984795], [-119.93274299999509, 38.6966130002156], [-119.93276399991151, 38.696729000173555], [-119.9327920003989, 38.69674500008046], [-119.9328340002317, 38.696860000050975], [-119.93289699998088, 38.696937000086386], [-119.93305799963935, 38.6970519997482], [-119.93324699978525, 38.697106999734494], [-119.93341500001476, 38.69712400002764], [-119.93347799976394, 38.697190000220054], [-119.93347799976394, 38.6973539999672], [-119.93347199991614, 38.69736999973429], [-119.93342900025846, 38.69749700008108], [-119.93339400009835, 38.69756800014909], [-119.93331000043275, 38.69762299973855], [-119.93319099970876, 38.697651000099675], [-119.9327780001552, 38.69768399996037], [-119.93273600032241, 38.69770600032646], [-119.93261699959842, 38.69782100015399], [-119.93256800009291, 38.697842999776846], [-119.93248400042734, 38.69792000015621], [-119.93232200004562, 38.697990999804254], [-119.93221699956531, 38.69801300007592], [-119.93212799987685, 38.69799999972502], [-119.93202800031774, 38.69798600031524], [-119.93188100000465, 38.69794199974861], [-119.93172700001888, 38.69794699994179], [-119.93167799961509, 38.69797999966591], [-119.93161499986587, 38.69803500034076], [-119.93156600036039, 38.6981059998747], [-119.9314609998801, 38.69820000000825], [-119.9314399999637, 38.69826500015519], [-119.931433000291, 38.69833699991459], [-119.93133500038172, 38.698502000287576], [-119.93125099981782, 38.69855099995962], [-119.93108299958831, 38.69875900018251], [-119.93087300042434, 38.69890200029159], [-119.93053100011758, 38.699178999880765], [-119.93052199989677, 38.69918799965198], [-119.93036100023828, 38.699302999900965], [-119.93008099985579, 38.699385000203314], [-119.9300180001066, 38.6994289998822], [-119.9299479997864, 38.69952199994295], [-119.92982200028801, 38.699632000280864], [-119.9297799995569, 38.69969800026218], [-119.92973799972411, 38.69977500004659], [-119.92972400037871, 38.69989000005272], [-119.92968900021863, 38.699983999944784], [-119.92962599957113, 38.7000660001674], [-119.92949300040003, 38.70016999990409], [-119.92889699965006, 38.700510000252905], [-119.92878500039538, 38.70060400003113], [-119.92856100008942, 38.70083999970548], [-119.92831599986701, 38.70105899994829], [-119.92821700013282, 38.70120800004385], [-119.92809099973611, 38.701312000223034], [-119.92769200042628, 38.70146599973869], [-119.92741899971647, 38.701618999916896], [-119.92734900029458, 38.70170700000402], [-119.927258000058, 38.70185499974694], [-119.9271810000651, 38.70194899986047], [-119.92713199966128, 38.7019869997519], [-119.92706200023942, 38.70205800026988], [-119.926885999614, 38.70217899970658], [-119.9267879997047, 38.70222900006295], [-119.92666200020633, 38.702333000159385], [-119.92627700024185, 38.70275499998285], [-119.92621399959435, 38.7028160000337], [-119.9257729995534, 38.70336899968387], [-119.9257380002916, 38.703414000098576], [-119.92535199960392, 38.703995999685546], [-119.92519799961812, 38.70430299977442], [-119.92499500012687, 38.70457800014382], [-119.92472200031537, 38.70503300001292], [-119.92453900001728, 38.70510900000311], [-119.92450999970497, 38.70505999991721], [-119.9244500003288, 38.70484999976961], [-119.92444000028306, 38.70463999970626], [-119.92446000037457, 38.70446999973737], [-119.92452999979643, 38.70431000026343], [-119.92465000034534, 38.70414000021103], [-119.9249700000125, 38.7038099998628], [-119.9258920002774, 38.7028869997286], [-119.92606999965432, 38.7027099998545], [-119.92643000040273, 38.70230000034066], [-119.9266799997497, 38.70204000004652], [-119.92688999981195, 38.70184999982697], [-119.92717000019445, 38.70160999975053], [-119.92774000010685, 38.70124999987827], [-119.92835000020222, 38.700779999790775], [-119.92899999958223, 38.70020000012363], [-119.9297300002265, 38.69944999997437], [-119.93021999977296, 38.698850000221285], [-119.93061999980604, 38.69822000000584], [-119.93084999995982, 38.69780999998951], [-119.93142999991797, 38.69672000009286], [-119.9314349999408, 38.69670899975904], [-119.93166000007172, 38.696229999834316], [-119.93176999967659, 38.6958600002478], [-119.9317999998138, 38.695520000228825], [-119.93180999985955, 38.69522000027217], [-119.9317499995851, 38.69475999995151], [-119.93166000007172, 38.694389999772255], [-119.93154999956856, 38.694089999984186], [-119.93150899956066, 38.69401899996945], [-119.9314399999637, 38.69389999967805], [-119.93128900035096, 38.693673000004864], [-119.93112000029657, 38.693420000051574], [-119.93095999956466, 38.69317000008063], [-119.93086000000555, 38.692949999691926], [-119.93079999973111, 38.692630000022255], [-119.93078999968537, 38.69257100006487], [-119.93073000030921, 38.692209999729535], [-119.93072600011126, 38.692166999655576], [-119.93069000012623, 38.69182000000428], [-119.93064999994328, 38.69164999971033], [-119.93056100025483, 38.69148200011183], [-119.93055000038416, 38.69145999993487], [-119.93033000027613, 38.69119000027159], [-119.92986999996859, 38.69075999995054], [-119.92940999966106, 38.69033999989765], [-119.92912000013114, 38.69001999977165], [-119.92906900007753, 38.689958000155755], [-119.92888999997736, 38.689740000152526], [-119.92868999996085, 38.689359999768044], [-119.92840999957835, 38.688760000218245], [-119.92826599963828, 38.688465000113666], [-119.92822999965328, 38.68838999985751], [-119.92769999992386, 38.687489999766534], [-119.92765600044127, 38.68741800030796], [-119.92729999989079, 38.68683000026462], [-119.92691999994919, 38.68591000025671], [-119.92688300013927, 38.685844000174875], [-119.92669999984118, 38.6855099998258], [-119.92649999982461, 38.68526000026166], [-119.92629599961012, 38.68505599980749], [-119.92627999971658, 38.68504000009101], [-119.92603000036968, 38.684850000291725], [-119.92567999966697, 38.6845400003112], [-119.92546999960469, 38.68432000003053], [-119.92531999981684, 38.684150000147255], [-119.92510999975458, 38.68385999974416], [-119.92493999987526, 38.683599999737744], [-119.92474999990448, 38.68332999986394], [-119.92453999984218, 38.68307999969578], [-119.92408000043295, 38.682569999814085], [-119.9239840001735, 38.6824579999363], [-119.92369999959305, 38.68212999978684], [-119.92350999962223, 38.681880000335156], [-119.92340000001741, 38.68163000001012], [-119.92331999965145, 38.681419999791466], [-119.92331999965145, 38.68097999970609], [-119.92333999974294, 38.68046000026125], [-119.92328000036679, 38.68002999997015], [-119.9231899999551, 38.67968999975378], [-119.92305000021301, 38.679390000036605], [-119.92286000024221, 38.67902000031321], [-119.92260999999695, 38.67868000020767], [-119.92232999961449, 38.67837999976325], [-119.9219000003425, 38.67793999992252], [-119.9215899998228, 38.677630000163674], [-119.92125000006418, 38.67725999975724], [-119.92091000030554, 38.67687999971809], [-119.92048000013521, 38.67628999992261], [-119.92010000019364, 38.675750000102695], [-119.91954000032696, 38.67501999976625], [-119.91919999967003, 38.67454999986599], [-119.91859799997059, 38.67380999966274], [-119.91833000018198, 38.67347999965515], [-119.91822999972456, 38.673329999913896], [-119.91801999966228, 38.672959999722615], [-119.91764999976644, 38.6722499999327], [-119.91740000041948, 38.671720000339604], [-119.9172899999163, 38.671439999949776], [-119.9172399996876, 38.67117999970936], [-119.91721999959609, 38.67068999987261], [-119.91722299996917, 38.670669999893924], [-119.91731599985557, 38.67015499992101], [-119.91748999993284, 38.66920000019045], [-119.91760999958343, 38.668669999760375], [-119.91763100039815, 38.66861800016055], [-119.91775000022383, 38.66833999990597], [-119.9178580001789, 38.66814700013633], [-119.91798000037761, 38.667929999795874], [-119.91820999963308, 38.667570000175516], [-119.91834000022773, 38.66733000012444], [-119.91849000001555, 38.66702000000757], [-119.91860399981834, 38.66670400018588], [-119.91869000003209, 38.66646999982322], [-119.91881999972844, 38.666129999725854], [-119.91886999995715, 38.665820000024866], [-119.91888000000289, 38.66542000023759], [-119.91877000039801, 38.6645799997239], [-119.9187899995912, 38.66409999981599], [-119.91880999968268, 38.663920000073134], [-119.91885999991139, 38.663720000061986], [-119.91897999956201, 38.66335000000678], [-119.91914000029388, 38.66289999999826], [-119.91925999994447, 38.66257999992411], [-119.91930000012745, 38.66239000012416], [-119.91930000012745, 38.662199999820125], [-119.91925999994447, 38.66198000031499], [-119.91924900007385, 38.66195300028456], [-119.91917999957855, 38.66177999979584], [-119.91910000011093, 38.66163999994181], [-119.91897000041456, 38.661480000074135], [-119.9187200001693, 38.661280000262956], [-119.91831000009051, 38.66102000030473], [-119.91807999993674, 38.66087999966646], [-119.91761200013157, 38.66055799982536], [-119.91746999984137, 38.660460000318274], [-119.91724999973333, 38.66026999980404], [-119.91706999980829, 38.66000000031051], [-119.91701299990686, 38.65985999978268], [-119.91696000020342, 38.6597299997991], [-119.91695000015767, 38.6594400000646], [-119.91701399973178, 38.659114999861686], [-119.91707999985402, 38.65879000028848], [-119.91708700042503, 38.658554999710745], [-119.91708999989976, 38.658450000203366], [-119.91706999980829, 38.65818999979199], [-119.91697000024918, 38.65792999983975], [-119.91679000032411, 38.65760000029489], [-119.91642100025317, 38.65698399997607], [-119.91597000016644, 38.65623000004138], [-119.9158399995718, 38.65596999998937], [-119.91576000010417, 38.65565999980022], [-119.91570999987545, 38.65530000022768], [-119.91568999978398, 38.65496999979013], [-119.91571999992121, 38.65472000018965], [-119.91581000033288, 38.65436000010207], [-119.91623999960488, 38.65317999979754], [-119.91629999987934, 38.652839999741076], [-119.91629999987934, 38.65247000030148], [-119.91623999960488, 38.652159999697936], [-119.91616000013727, 38.651980000112324], [-119.91599000025795, 38.65169999970211], [-119.91572999996693, 38.65143000017434], [-119.91549999981318, 38.6512400002604], [-119.91513999996307, 38.65103999991741], [-119.91465999956407, 38.65086000032396], [-119.91389999968085, 38.65059999972309], [-119.91337999999715, 38.65039999969811], [-119.91307000037575, 38.65021999989984], [-119.9128899995524, 38.65013000018192], [-119.91269000043418, 38.649969999858484], [-119.9123699998687, 38.649729999755806], [-119.91183000009356, 38.649239999768376], [-119.91178999991058, 38.64919999975027], [-119.91128000027263, 38.64874999993761], [-119.91094999966144, 38.64844999966161], [-119.9107699997364, 38.64824999994903], [-119.91066000013153, 38.64813999990427], [-119.9105599996741, 38.64796000004071], [-119.9105300004352, 38.64775999966197], [-119.91053200008503, 38.6477200002208], [-119.91053999958262, 38.647530000290196], [-119.91060999990282, 38.64733000011439], [-119.91071000036024, 38.64716999985236], [-119.91086000014808, 38.64700000014722], [-119.91091799987439, 38.64696400005885], [-119.9110099999359, 38.64690999989246], [-119.91126000018116, 38.646809999710584], [-119.91164000012276, 38.64671000009076], [-119.91203000011011, 38.64658999994181], [-119.91228000035537, 38.646459999729096], [-119.9125299997023, 38.646279999854656], [-119.91270999962734, 38.64604999994182], [-119.91276999990178, 38.64590000027198], [-119.91283000017627, 38.64560999997321], [-119.91277999994756, 38.64529999985589], [-119.91257999993101, 38.64490999990828], [-119.91211999962346, 38.64387000019513], [-119.91158999989405, 38.64272000017692], [-119.91156999980255, 38.64254000002904], [-119.91157999984831, 38.64234999969424], [-119.91166000021425, 38.642160000259054], [-119.91175999977335, 38.64197000032008], [-119.91190999956117, 38.64183000033818], [-119.91212999966919, 38.64165999989223], [-119.9124600002804, 38.64155000025551], [-119.91261000006826, 38.64152999985689], [-119.91291999968965, 38.64152999985689], [-119.91310999966042, 38.64156000010188], [-119.91340000008866, 38.641629999689094], [-119.91366000037965, 38.64169999990963], [-119.91387000044192, 38.64173999990467], [-119.91396400015327, 38.641735999835994], [-119.91413999988036, 38.641730000083406], [-119.9144300003086, 38.64169000008279], [-119.91465999956407, 38.64160000017512], [-119.91483000034165, 38.641500000301065], [-119.91505999959712, 38.64127999966598], [-119.91614000004577, 38.64004999977868], [-119.91618500025162, 38.63999199984923], [-119.91544299991178, 38.63960799971303], [-119.91333300014152, 38.639552999744396], [-119.9127149996502, 38.63930500012684], [-119.91242699977013, 38.63891900005609], [-119.91093600031607, 38.63867800024294], [-119.91042300030507, 38.639134000128394], [-119.909622000414, 38.639848999907386], [-119.90723999975886, 38.641142999991345], [-119.90530499989077, 38.64287299966649], [-119.90417199973867, 38.64329400021712], [-119.90413699957858, 38.64383600026411], [-119.90371300015437, 38.644319999784926], [-119.90380199984283, 38.64498699970988], [-119.90362199991777, 38.64586800017083], [-119.9032500003721, 38.646288000186125], [-119.90202599998341, 38.64596699977979], [-119.900470000232, 38.64582900015975], [-119.8985620001281, 38.64640400033111], [-119.89759399983245, 38.64634899996521], [-119.89679100029154, 38.646260999853226], [-119.89605999982236, 38.64632499969027], [-119.89661700021426, 38.646618999698056], [-119.89669500003207, 38.64666000022854], [-119.89667400011567, 38.646663000249305], [-119.89593099995093, 38.64678100003165], [-119.8949640003785, 38.64656299972277], [-119.89351400003399, 38.64596099967981], [-119.89191899992453, 38.64558300008645], [-119.89079699964309, 38.64608500000669], [-119.890620999916, 38.646161999948916], [-119.88977599964399, 38.64640500010775], [-119.88916100042407, 38.64658300011987], [-119.88782400005748, 38.64738900018217], [-119.88681599957884, 38.64748400004663], [-119.88642599959152, 38.64752200009745], [-119.88591599995357, 38.64767499985813], [-119.88577799986129, 38.647627000188486], [-119.88604300017518, 38.64722600005489], [-119.88610500009945, 38.64705700025016], [-119.88616200000085, 38.64690699988198], [-119.88616899967356, 38.64672599995514], [-119.88614799975717, 38.646617000150734], [-119.88614799975717, 38.646368999720444], [-119.88612699984077, 38.64631499980718], [-119.88609900025169, 38.64609499992183], [-119.88609199968066, 38.646072999826025], [-119.88609199968066, 38.645969000046854], [-119.88596000033449, 38.645550999843735], [-119.88586200042522, 38.6454030001138], [-119.88584099961051, 38.645347999681185], [-119.88577100018861, 38.64526599990177], [-119.88574600007426, 38.645177999862945], [-119.8857360000285, 38.645139999972265], [-119.88568699962471, 38.64510699973693], [-119.88565900003563, 38.645013000025166], [-119.88565200036292, 38.64495300030884], [-119.88563100044655, 38.64491999998739], [-119.88562399987552, 38.64486000019324], [-119.88557500037003, 38.644738999952686], [-119.88547800028567, 38.6445959996601], [-119.88529599981247, 38.64453000007645], [-119.88501600032829, 38.6444199999337], [-119.88488999993157, 38.644315999860254], [-119.88477799977859, 38.6442009996506], [-119.88453299955623, 38.64406300013763], [-119.88446999980704, 38.643986000044784], [-119.88442799997422, 38.64388800031717], [-119.88442100030154, 38.643844000166766], [-119.88439299981414, 38.64381100003623], [-119.88428800023213, 38.643750000201436], [-119.88419000032286, 38.64366199970421], [-119.88414099991904, 38.643607000040156], [-119.88413800044431, 38.643588999847495], [-119.88398000026058, 38.64346999990252], [-119.8837710000232, 38.643283000090875], [-119.8837710000232, 38.64326099983331], [-119.8837149999467, 38.6431960002448], [-119.8837149999467, 38.64317399996053], [-119.88365899987019, 38.643118999921946], [-119.88358199987732, 38.642987000078115], [-119.88358199987732, 38.642964999729685], [-119.88354000004453, 38.64291000023234], [-119.88346300005162, 38.64265699975558], [-119.88332300030956, 38.642493000258995], [-119.88324600031663, 38.64235500026343], [-119.88323899974564, 38.64222900012697], [-119.88327399990574, 38.6421140000763], [-119.88328200030166, 38.64204299972105], [-119.88330300021806, 38.64201000016447], [-119.88330300021806, 38.64183399969996], [-119.88318400039238, 38.64164199991221], [-119.88308599958475, 38.64143300012494], [-119.88305799999567, 38.641273999875224], [-119.88305100032296, 38.640982999947575], [-119.88307899991207, 38.64075200001729], [-119.88299600007139, 38.64052199990289], [-119.88290499983479, 38.640428999650105], [-119.88282799984192, 38.640401000055824], [-119.88259699986322, 38.64035100000144], [-119.88252700044134, 38.6403080003477], [-119.88244299987744, 38.640235999743844], [-119.88218400030966, 38.64007099975366], [-119.88199500016378, 38.63998299965034], [-119.88188300001077, 38.639896000008065], [-119.88184799985069, 38.639848999907386], [-119.88181299969058, 38.63980199977589], [-119.88161100002422, 38.639643000117644], [-119.88128899980894, 38.63947300009735], [-119.88103000024115, 38.63931299983366], [-119.88054700036741, 38.63894499976622], [-119.88046299980351, 38.63884600027976], [-119.88045600013083, 38.638801999840375], [-119.88037199956693, 38.63871500016789], [-119.88033800013005, 38.63863799994225], [-119.88035200037375, 38.63856100033551], [-119.88039400020654, 38.63850600026507], [-119.88039400020654, 38.63839599999756], [-119.88036599971913, 38.63836300016506], [-119.88019800038796, 38.63827500006964], [-119.88013499974046, 38.6382040001212], [-119.88013499974046, 38.637885999677096], [-119.88010700015138, 38.6378359999732], [-119.88002299958745, 38.63779799969773], [-119.87960300036121, 38.63779699980102], [-119.8794279995607, 38.63775900020658], [-119.87918400006156, 38.63768199965554], [-119.87898800024298, 38.63758299982791], [-119.87883400025719, 38.63742899966837], [-119.878539999631, 38.63719299998473], [-119.87803599984086, 38.63684100022587], [-119.87803400019102, 38.63682299973723], [-119.8778409998472, 38.63665499987056], [-119.87781999993076, 38.636627000205344], [-119.8776240001122, 38.63654999984164], [-119.87747699979911, 38.63651699986093], [-119.87710600007834, 38.63650600009786], [-119.87674899970295, 38.63652800032398], [-119.87659499971718, 38.636489000141815], [-119.87642700038599, 38.636423000109026], [-119.876307999662, 38.63633499973687], [-119.87622399999641, 38.6362039999476], [-119.87614700000351, 38.63615999999142], [-119.87601399993412, 38.6361709998076], [-119.87594500033715, 38.63623199977805], [-119.875906999804, 38.63626000029927], [-119.87579200017628, 38.636271000100045], [-119.87570099993967, 38.63626000029927], [-119.87559399980955, 38.636209000243916], [-119.87555600017471, 38.63616500029081], [-119.87552500021258, 38.6361379996524], [-119.87541100040976, 38.63607299991892], [-119.87533400041687, 38.636065999771354], [-119.87521999971574, 38.63604200026276], [-119.8751970001495, 38.63600700020481], [-119.87516700001228, 38.63593999980556], [-119.87509000001941, 38.63581600016878], [-119.87503700031596, 38.63574499988965], [-119.87497600021659, 38.635683000280274], [-119.87484599962193, 38.63561000001498], [-119.87474699988773, 38.63557599967381], [-119.87462499968898, 38.635565999694236], [-119.87450300038856, 38.63558199994156], [-119.87444200028918, 38.63560199989487], [-119.87434299965668, 38.63562700017954], [-119.87427400005971, 38.63561900006132], [-119.87414400036337, 38.635590999991415], [-119.87404499973084, 38.63558000008629], [-119.87386200033106, 38.635602999822254], [-119.87351099980346, 38.635700999651775], [-119.87333500007637, 38.63579099995001], [-119.87319100013633, 38.63587599981611], [-119.87302999957954, 38.635979000286476], [-119.87284700017972, 38.63605499993913], [-119.87210700038804, 38.63621299991936], [-119.87186299999057, 38.6362960001514], [-119.87173300029421, 38.63635799993228], [-119.87164200005763, 38.63644499965887], [-119.87154999999612, 38.63650199973706], [-119.87149700029268, 38.63656200021358], [-119.87136699969801, 38.636694999874514], [-119.8712529998952, 38.63675199975389], [-119.87119099997092, 38.63681200002115], [-119.8710849996657, 38.636905000055464], [-119.87104700003088, 38.63696400028628], [-119.87096199964206, 38.63705199988621], [-119.87057400020285, 38.63720099992728], [-119.8705130001035, 38.637251999978474], [-119.87042100004199, 38.63731799994964], [-119.87030600041425, 38.63737500003529], [-119.8701619995759, 38.63741399973539], [-119.870084999583, 38.63745200021444], [-119.86995499988667, 38.637532000012236], [-119.8699099996808, 38.63756400032734], [-119.86986399965008, 38.63761099982138], [-119.86977999998447, 38.63773900015343], [-119.86974999984726, 38.63777099967441], [-119.86972700028102, 38.637902000108255], [-119.86974200034963, 38.637978999721255], [-119.86977199958855, 38.63802299996418], [-119.86983299968792, 38.638088999927085], [-119.86985600015245, 38.63812899983249], [-119.86983299968792, 38.638215000325395], [-119.869803000449, 38.63828299989143], [-119.86963500021952, 38.638463000206094], [-119.86948999955624, 38.63857500014258], [-119.86942199978418, 38.63860400033569], [-119.86931399982915, 38.63857500014258], [-119.86921500009495, 38.638532000125004], [-119.86908600022353, 38.63851300017429], [-119.86897099969747, 38.63850200001588], [-119.8687120001297, 38.63856200022157], [-119.86865100003034, 38.638555000317126], [-119.86834600043181, 38.638427000038995], [-119.86822400023307, 38.63840299991754], [-119.86808600014082, 38.63838900007686], [-119.8679799998356, 38.638404999694096], [-119.86788000027649, 38.63843900009669], [-119.86774300000914, 38.638509999812335], [-119.86758300017557, 38.638563000107666], [-119.86743000001469, 38.638584999702374], [-119.86728500024974, 38.63861499977675], [-119.8671549996551, 38.638649999964606], [-119.8668049998507, 38.638766999726755], [-119.86663599979632, 38.63880699995546], [-119.8665219999935, 38.63882800029463], [-119.86639200029714, 38.6388760002449], [-119.86630100006056, 38.63891900005609], [-119.86620200032637, 38.63900199996132], [-119.86604199959446, 38.638960999960965], [-119.86586599986737, 38.638925000044004], [-119.86574700004168, 38.63886899966944], [-119.86566000000305, 38.638789999843475], [-119.86557600033746, 38.63862599991782], [-119.8655000001695, 38.638433999955936], [-119.86536999957484, 38.63825699994111], [-119.86531699987138, 38.638101000041374], [-119.86531699987138, 38.6378210001254], [-119.86526300034303, 38.63757499992805], [-119.865255999772, 38.637444000299894], [-119.865255999772, 38.63734099982962], [-119.86523300020579, 38.63727399997563], [-119.86522499980988, 38.63717000005725], [-119.86502700034147, 38.636950000164525], [-119.86496600024209, 38.63681599966296], [-119.86499600037934, 38.63658600024978], [-119.86495000034857, 38.63646500007313], [-119.86488199967819, 38.63637200016965], [-119.86482099957882, 38.63626599980806], [-119.86476000037776, 38.636132000132854], [-119.86475199998186, 38.636033000269535], [-119.86476000037776, 38.63597399997412], [-119.8647059999511, 38.63577800022578], [-119.86467599981387, 38.635648000046984], [-119.86467599981387, 38.63552200004814], [-119.86464499985173, 38.635404999901034], [-119.86453100004893, 38.63528199997227], [-119.86440100035257, 38.63518099977026], [-119.8642559996893, 38.63510399995835], [-119.864049999825, 38.63501400020093], [-119.86388999999141, 38.63495100002289], [-119.86376000029509, 38.63488200016523], [-119.86370699969332, 38.63482899995495], [-119.86364599959394, 38.63473100033667], [-119.86363100042365, 38.63463299988274], [-119.8635929998905, 38.63454400017781], [-119.86353099996623, 38.63444099975061], [-119.863424999661, 38.634339999767114], [-119.86325700032981, 38.634271999969016], [-119.8631350001311, 38.634244000074645], [-119.86301999960506, 38.63420600000009], [-119.86292099987084, 38.63416799990534], [-119.86282899980934, 38.634148000253674], [-119.86259299980779, 38.63413999997039], [-119.86233400024004, 38.63414599965666], [-119.86227999981334, 38.634210999734044], [-119.8622270001099, 38.63429300023342], [-119.8621430004443, 38.63438500008305], [-119.86206700027633, 38.63450399967521], [-119.86202100024556, 38.63460899989431], [-119.8619600001462, 38.63471399995961], [-119.8618909996509, 38.63478799967269], [-119.86181500038126, 38.63484399972715], [-119.86163899975585, 38.634938000146306], [-119.86148599959498, 38.63503199974043], [-119.86131099969278, 38.63512599991306], [-119.86127300005793, 38.63515400016459], [-119.86072400006194, 38.635492000082635], [-119.86066299996257, 38.6355429999464], [-119.86044200002964, 38.6356750001683], [-119.86031900000599, 38.6357410001881], [-119.86015099977651, 38.635811999769466], [-119.86010399992084, 38.635839999753046], [-119.86004500036961, 38.63587799966312], [-119.85997599987434, 38.635952000279666], [-119.85992999984357, 38.636034000190854], [-119.85979299957621, 38.63625400008827], [-119.859693999842, 38.6363909999862], [-119.85965500038229, 38.63643700033365], [-119.85957900021428, 38.63650199973706], [-119.85947200008417, 38.63656300012752], [-119.85942699987832, 38.63659600008707], [-119.85891600041546, 38.636811000110676], [-119.85864699990363, 38.6368929997409], [-119.85854899999434, 38.636923999730726], [-119.85828200003063, 38.63698000022154], [-119.8581299996947, 38.63700200030218], [-119.8579470002949, 38.63698800018787], [-119.85784000016479, 38.636973000162605], [-119.85765699986669, 38.63693199970326], [-119.85725199981071, 38.636865000168655], [-119.85712200011439, 38.63686799989781], [-119.85696200028083, 38.636881000126074], [-119.85672600027928, 38.63691399993921], [-119.8563060001547, 38.63700099969266], [-119.85608500022177, 38.637005999933386], [-119.85567299959479, 38.63693999967493], [-119.855414000027, 38.636928000067925], [-119.8552230002313, 38.63694200019396], [-119.85506199967453, 38.63699500024534], [-119.8548790002747, 38.637012999989096], [-119.85474200000738, 38.63701200008143], [-119.85456700010518, 38.63702099995174], [-119.85435299984495, 38.63701700032137], [-119.85413199991201, 38.63696400028628], [-119.85382700031349, 38.636787000149816], [-119.85366599975667, 38.63673699967924], [-119.85351400031902, 38.63670000013657], [-119.85338399972439, 38.63660400009624], [-119.85326999992155, 38.63649899999262], [-119.85314000022522, 38.63633499973687], [-119.85300299995788, 38.636117999848665], [-119.85292599996498, 38.63597499989626], [-119.85287999993422, 38.63583699998086], [-119.85264399993267, 38.635541000089994], [-119.85249900016771, 38.635296999649675], [-119.8523920000376, 38.63519600017053], [-119.85201100027108, 38.635034000312764], [-119.85184300004161, 38.63494800021349], [-119.85173599991147, 38.63491400026], [-119.85162100028376, 38.63490799993633], [-119.85146099955185, 38.63492099981835], [-119.85121000038001, 38.6349629999608], [-119.8508360002862, 38.63505800015884], [-119.85072900015608, 38.63509200004399], [-119.85064499959215, 38.635106999761206], [-119.8503090000315, 38.63512499997907], [-119.85027100039667, 38.63512100024291], [-119.85014900019793, 38.63514699992728], [-119.85004999956543, 38.635176000103954], [-119.84996599989984, 38.63520500026884], [-119.84987399983834, 38.635229999990266], [-119.84976000003552, 38.63525499970292], [-119.84967600036993, 38.635280000108565], [-119.84951599963804, 38.63530200000926], [-119.84924100017673, 38.635357999662226], [-119.84910399990939, 38.63538799968383], [-119.84898900028166, 38.63545000025008], [-119.84888999964913, 38.63549300001151], [-119.84877599984634, 38.635535999747084], [-119.84866100021858, 38.635565999694236], [-119.848569999982, 38.63560399974957], [-119.84834099965315, 38.635655000235374], [-119.84823400042134, 38.635644000340015], [-119.8479289999245, 38.635665000202536], [-119.84761599993007, 38.635677000020976], [-119.84742599995926, 38.63566700005544], [-119.8473790001036, 38.635665000202536], [-119.84703599997192, 38.635664000276066], [-119.84672299997747, 38.63569400016959], [-119.84653300000667, 38.63569400016959], [-119.84631899974644, 38.635716999868976], [-119.84607500024727, 38.635736999784655], [-119.84570100015345, 38.63579099995001], [-119.8455560003885, 38.635808000071655], [-119.84542599979385, 38.63581600016878], [-119.84523599982305, 38.63581999986616], [-119.84496100036174, 38.635839999753046], [-119.8447400004288, 38.63586400003098], [-119.84454100023719, 38.63589599968738], [-119.84443499993196, 38.63592999987675], [-119.84433500037285, 38.63595500004704], [-119.8442740002735, 38.635964999972344], [-119.84415999957234, 38.6360039997379], [-119.84404499994461, 38.636064999850475], [-119.84378600037687, 38.63624300028483], [-119.8437400003461, 38.636297999986695], [-119.8437400003461, 38.63640199976686], [-119.84373199995021, 38.63645099985393], [-119.84367099985083, 38.63646599998843], [-119.84362599964498, 38.636485999695076], [-119.84356500044393, 38.63652800032398], [-119.84351900041317, 38.63656900031271], [-119.8434649999865, 38.636629000031405], [-119.84341200028305, 38.6366709998748], [-119.8433589996813, 38.63674399976128], [-119.84330500015294, 38.63684499986606], [-119.84328199968839, 38.63692199991284], [-119.84328199968839, 38.63704399992703], [-119.8432750000157, 38.63709300027687], [-119.84322099958901, 38.637193999889874], [-119.84321399991634, 38.637243000137225], [-119.84320600041872, 38.63739699999469], [-119.84306900015139, 38.63761600001955], [-119.84306099975547, 38.637701999724584], [-119.84308400021997, 38.63779200031718], [-119.84305300025784, 38.63790499979402], [-119.8430149997247, 38.638009999943094], [-119.84286999995975, 38.638129999724576], [-119.84267199959302, 38.638306000163404], [-119.84251900033046, 38.63838599970972], [-119.84235899959857, 38.638452999927594], [-119.84222200022957, 38.63848800019455], [-119.84203899993145, 38.6385419996908], [-119.84190099983917, 38.63859099971825], [-119.84172599993698, 38.63863500028716], [-119.84139000037632, 38.63872899994489], [-119.84124499971306, 38.63880500019017], [-119.84114599997886, 38.63886600002402], [-119.8409450001374, 38.638927999686956], [-119.84083299998441, 38.63896299972196], [-119.84070400011298, 38.63898499989558], [-119.84045200021791, 38.639063000329195], [-119.84026899991979, 38.63909400008218], [-119.84011599975891, 38.639093000203545], [-119.83984899979524, 38.63906400020829], [-119.83967300006815, 38.63902800034302], [-119.83928399990569, 38.638973999809615], [-119.83913900014073, 38.6389780000324], [-119.83893300027643, 38.6389780000324], [-119.83876599987184, 38.638995999979855], [-119.83849899990814, 38.639042999938276], [-119.83841500024258, 38.639066999845376], [-119.83828499964791, 38.63907500028045], [-119.83813200038534, 38.63911000024367], [-119.837995000118, 38.63915399979228], [-119.83788100031519, 38.63921500003078], [-119.83775900011645, 38.63929499996582], [-119.83765899965903, 38.63938300021225], [-119.8376140003515, 38.63944699987703], [-119.83742299965748, 38.63959599985106], [-119.8373389999919, 38.63964700030315], [-119.8371790001583, 38.63981299973477], [-119.83707200002819, 38.639911000123284], [-119.83697300029398, 38.64003899985618], [-119.83686600016387, 38.640167999925744], [-119.83677400010235, 38.64029199975199], [-119.83659099980426, 38.64049400034495], [-119.83648399967412, 38.64064099983154], [-119.83638499993992, 38.64081500000836], [-119.83630899977194, 38.64096499979748], [-119.83625500024361, 38.641124000031134], [-119.83622500010637, 38.64122899967428], [-119.83612600037215, 38.641316999650996], [-119.8360650002728, 38.6414169997804], [-119.83601099984611, 38.64151800031674], [-119.83597300021127, 38.641658000206476], [-119.8359609996174, 38.641721000102734], [-119.83594999974675, 38.64177999987743], [-119.83583599994394, 38.64203500031895], [-119.83574399988244, 38.6421680003488], [-119.83572899981381, 38.64225900007929], [-119.83575200027833, 38.642433999668036], [-119.83578999991317, 38.64262699996986], [-119.83575999977595, 38.64278500019718], [-119.83569899967657, 38.64293500007285], [-119.83556899998024, 38.64308200016564], [-119.83543900028388, 38.64326600033895], [-119.83537099961354, 38.64347499969194], [-119.83533999965138, 38.64364699967243], [-119.83529399962062, 38.643810000223404], [-119.83523300041958, 38.643982000101474], [-119.83519499988643, 38.644074000144144], [-119.83511100022083, 38.644161000327564], [-119.8349809996262, 38.64432200009797], [-119.83488199989198, 38.64437399979842], [-119.83481300029503, 38.644402999749865], [-119.83474499962463, 38.64449000023542], [-119.83458399996614, 38.64464700006214], [-119.83440900006397, 38.64476399985676], [-119.83422599976588, 38.64490299992217], [-119.83410399956713, 38.64502300008989], [-119.83401200040392, 38.64510200006139], [-119.83379800014369, 38.64526500010919], [-119.83363800031013, 38.645534999717], [-119.83348599997414, 38.64565999986649], [-119.83329500017844, 38.64574599974172], [-119.83318100037565, 38.64586100027831], [-119.83312000027627, 38.64600199988521], [-119.83308900031413, 38.646124999658944], [-119.83300499975022, 38.646225999874325], [-119.83295200004676, 38.64629899985109], [-119.83282200035043, 38.64644200025314], [-119.83279200021319, 38.64649200026747], [-119.83278399981727, 38.646623000195774], [-119.83287599987878, 38.64690900012281], [-119.83289900034333, 38.647003000153795], [-119.8328979996201, 38.6470619997893], [-119.83279200021319, 38.647195000311484], [-119.83270000015169, 38.64727799975268], [-119.83258600034887, 38.64738900018217], [-119.83246300032522, 38.64743300026059], [-119.83231900038518, 38.64746300013911], [-119.83218899979052, 38.647501999962444], [-119.83205900009419, 38.64759099971354], [-119.83194500029137, 38.647770000044936], [-119.83188400019199, 38.64792399973309], [-119.8317999996281, 38.64809300029922], [-119.83176899966597, 38.64818400022303], [-119.83175399959735, 38.648246999994726], [-119.83175399959735, 38.6483459998246], [-119.83181499969673, 38.64842600009039], [-119.83192199982682, 38.648526999868636], [-119.83204400002556, 38.648628000206095], [-119.83214299975978, 38.64870200028658], [-119.83221899992776, 38.64878099970978], [-119.83229599992063, 38.6488509999607], [-119.83231900038518, 38.64892699999535], [-119.83229599992063, 38.64900399968976], [-119.83221899992776, 38.64907399972282], [-119.83212000019354, 38.64912999984036], [-119.83200600039075, 38.64912799966149], [-119.83191400032923, 38.64910400031738], [-119.83185300022987, 38.64909199994078], [-119.83165499986313, 38.6490329998721], [-119.8316089998324, 38.64901199971704], [-119.83153299966442, 38.64899100025741], [-119.83144099960289, 38.64900700031396], [-119.83130400023386, 38.64909999995823], [-119.83110599986715, 38.649266999680236], [-119.83104399994286, 38.64930500018859], [-119.83099899973703, 38.64932400008441], [-119.83094500020867, 38.649306999660894], [-119.83087300023865, 38.64927600011631], [-119.83078500037507, 38.649239000031244], [-119.83070900020712, 38.64921400028532], [-119.83060200007698, 38.649239000031244], [-119.83052500008411, 38.649331000340155], [-119.83046399998473, 38.64945400001186], [-119.83041100028129, 38.64962700010534], [-119.8303429996109, 38.64980400010119], [-119.83023600037909, 38.64990099972716], [-119.83012099985305, 38.64993099997548], [-119.83004499968507, 38.649964000093725], [-119.82996799969217, 38.65003399989042], [-119.82980100018592, 38.65023999997771], [-119.82964100035234, 38.650356999760156], [-119.82941899969616, 38.6504210001479], [-119.82925899986262, 38.65046100018584], [-119.82919000026561, 38.65051699992084], [-119.82912900016625, 38.65058600016046], [-119.8290529999983, 38.65077700012135], [-119.82902299986105, 38.650871999702915], [-119.82900000029484, 38.650927000104645], [-119.8289690003327, 38.65095400008232], [-119.82889999983742, 38.65098800014366], [-119.8288089996008, 38.65099000027062], [-119.82870999986663, 38.6509429997289], [-119.82860299973649, 38.65086899985839], [-119.82843500040529, 38.65078700008328], [-119.8283280002752, 38.65074500009361], [-119.82827499967343, 38.650737000259845], [-119.82819100000786, 38.6507120003351], [-119.82792400004415, 38.650750000076975], [-119.82784000037857, 38.65076099975851], [-119.8277790002792, 38.65078900021578], [-119.82772499985253, 38.650853999932224], [-119.82774099974604, 38.65087599996318], [-119.82774800031706, 38.65089799998739], [-119.8277790002792, 38.650929000233305], [-119.82784000037857, 38.650949999826466], [-119.82790899997552, 38.65098399988971], [-119.82801500028074, 38.651017999936805], [-119.82803299982409, 38.6510270001529], [-119.82808399987772, 38.65105199996778], [-119.8281449999771, 38.65110899965333], [-119.8281449999771, 38.651253999695236], [-119.82816099987062, 38.651378999689385], [-119.82819900040376, 38.651459000076244], [-119.82828999974205, 38.651492999897926], [-119.82837400030593, 38.65153200033382], [-119.82844999957561, 38.65159799978183], [-119.8285040000023, 38.65167300000559], [-119.82851099967499, 38.65171799996182], [-119.82848100043607, 38.65180000007445], [-119.82840500026809, 38.65187799988914], [-119.82827499967343, 38.651961999918406], [-119.82815300037302, 38.65202400017749], [-119.82801500028074, 38.652131000079734], [-119.82798500014353, 38.652189999701804], [-119.82798500014353, 38.652239000219], [-119.82801600010566, 38.65231500016736], [-119.82801600010566, 38.65237799981424], [-119.82798500014353, 38.652429000289565], [-119.82793900011276, 38.652484000197504], [-119.82793900011276, 38.65252900034585], [-119.82795400018139, 38.652546999695765], [-119.82798500014353, 38.652618000166335], [-119.82798500014353, 38.65264899966793], [-119.82793900011276, 38.65271799995881], [-119.82785500044717, 38.652783000029665], [-119.82774099974604, 38.652854000266345], [-119.8277099997839, 38.65285900010246], [-119.82764200001185, 38.65284199981627], [-119.82761100004971, 38.65282300015186], [-119.82757300041489, 38.65279899994092], [-119.82744299982022, 38.65270299971822], [-119.8273290000174, 38.652647000288894], [-119.82712999982576, 38.652530000037075], [-119.8270620000537, 38.65250099986716], [-119.82700799962701, 38.65249699969763], [-119.82696999999219, 38.652530000037075], [-119.82696999999219, 38.65265999975944], [-119.82696999999219, 38.65270100034065], [-119.82695499992359, 38.65280000032987], [-119.82695499992359, 38.65285000011652], [-119.82699299955843, 38.65290800016206], [-119.82708499961994, 38.652955000116165], [-119.82719900032104, 38.65298400010229], [-119.8273290000174, 38.65300800025126], [-119.82744299982022, 38.65305000031726], [-119.82755599979811, 38.65310600013306], [-119.82758799958516, 38.653194999938236], [-119.82758099991247, 38.65328999982107], [-119.82754999995034, 38.65338500027945], [-119.82754999995034, 38.65344799968685], [-119.82757300041489, 38.65352000034487], [-119.82758099991247, 38.65361000001329], [-119.82748899985097, 38.65375200017999], [-119.82743600014751, 38.653896999783115], [-119.82735199958361, 38.653943999789824], [-119.82727499959071, 38.65395499968249], [-119.82721400038969, 38.65395199996701], [-119.82709200019093, 38.65389600011102], [-119.82695499992359, 38.65381900006209], [-119.826871000258, 38.65375699995348], [-119.8266949996326, 38.65360900033719], [-119.8265890002257, 38.653542999935695], [-119.82647399969966, 38.65350599994976], [-119.82639000003407, 38.65352999992385], [-119.82632200026198, 38.65355899967721], [-119.82613800013897, 38.65355899967721], [-119.82605500029831, 38.653588000120365], [-119.82592499970367, 38.65365900026073], [-119.82588000039614, 38.653687999961875], [-119.82581799957353, 38.653728999954716], [-119.82571899983934, 38.653767000200915], [-119.82566600013588, 38.65378200021871], [-119.8256040002116, 38.6537789997945], [-119.82555900000575, 38.653758000329056], [-119.82550499957908, 38.653718000027396], [-119.82544400037803, 38.65369299973978], [-119.82535300014142, 38.65366299966379], [-119.82528399964615, 38.6536469999455], [-119.82521500004917, 38.653653000103375], [-119.82513899988119, 38.65367799970335], [-119.82510100024638, 38.65369699984253], [-119.82508600017773, 38.653715000302], [-119.825040000147, 38.653769999924144], [-119.82497900004762, 38.653834999742], [-119.82481900021406, 38.653973999748146], [-119.82478800025193, 38.654018999662064], [-119.82476499978738, 38.65410599969613], [-119.8247730001833, 38.65413699995687], [-119.82478800025193, 38.6541680002042], [-119.82487199991749, 38.6542469999139], [-119.82492499962093, 38.654246000246694], [-119.8249709996517, 38.6542400001385], [-119.825040000147, 38.654221000143394], [-119.82512399981259, 38.65418300013803], [-119.82521500004917, 38.654054000043274], [-119.82526899957755, 38.654039000082435], [-119.82535300014142, 38.65402800020267], [-119.8254209999135, 38.654054000043274], [-119.82554300011225, 38.65414100003477], [-119.82563500017375, 38.654174999986644], [-119.8256879998772, 38.654208999922325], [-119.82576499987007, 38.65423499969723], [-119.82579500000732, 38.65426500023521], [-119.82579500000732, 38.65432800027176], [-119.82571899983934, 38.65448300025947], [-119.82554300011225, 38.654784999847024], [-119.82548000036303, 38.654871999652244], [-119.82531499960828, 38.6551060000313], [-119.82519300030788, 38.655207999867365], [-119.82500900018486, 38.65528899984009], [-119.82492499962093, 38.6553320003253], [-119.82481099981811, 38.65542399982484], [-119.8245899998852, 38.65563199984377], [-119.82443000005163, 38.65572599965419], [-119.82423099985999, 38.6557989997726], [-119.82404799956187, 38.65583000000219], [-119.82389600012424, 38.65583799996875], [-119.82372000039715, 38.655820000042766], [-119.82365099990187, 38.65580400010474], [-119.82357499973386, 38.65577000022455], [-119.82336899986956, 38.655748000293535], [-119.82320099964005, 38.65581899969599], [-119.82313200004309, 38.65587500015316], [-119.82307900033965, 38.65594800011977], [-119.82300300017164, 38.65608100028081], [-119.8229649996385, 38.656193999680326], [-119.82299499977572, 38.65626599968277], [-119.82307099994372, 38.65630399998617], [-119.82335399980093, 38.65650899994588], [-119.82336899986956, 38.65653599992421], [-119.82339200033408, 38.65655800031477], [-119.8233999998317, 38.656589000215824], [-119.82336899986956, 38.656620999737655], [-119.82333100023472, 38.65664500007106], [-119.8232240001046, 38.65664700004006], [-119.82312500037038, 38.65663599985927], [-119.82303300030888, 38.656643000102044], [-119.82293399967637, 38.65668599977444], [-119.82275899977418, 38.65682099993233], [-119.8226819997813, 38.656832000084655], [-119.82255299990987, 38.656870999718365], [-119.8224299998862, 38.65692799968443], [-119.82235399971822, 38.65698799989504], [-119.82230100001478, 38.65705700021542], [-119.82228500012124, 38.65714799997715], [-119.82220200028058, 38.657213000237206], [-119.82210199982315, 38.65724199990257], [-119.82200300008894, 38.65726299974966], [-119.82191199985235, 38.657331999805116], [-119.82183499985945, 38.6574240002433], [-119.82178200015602, 38.65750699975952], [-119.82169000009452, 38.65763500032931], [-119.821521999865, 38.65771100016481], [-119.82135500035875, 38.65775599983554], [-119.82117200006064, 38.65777399997658], [-119.8211129996111, 38.657766000226246], [-119.821049000037, 38.65775900009322], [-119.82093500023417, 38.6577299999357], [-119.82085900006619, 38.65769600026827], [-119.8207750004006, 38.65767099996611], [-119.82065300020186, 38.6576740002273], [-119.82053799967585, 38.6577299999357], [-119.82048499997241, 38.65777200003903], [-119.8204089998044, 38.657777999851376], [-119.82036299977365, 38.657762000350715], [-119.82033199981153, 38.65772600005821], [-119.82034000020744, 38.65767200028702], [-119.8203510000781, 38.65763599994923], [-119.82037100016957, 38.65757699990222], [-119.8204089998044, 38.65751300029556], [-119.82046200040617, 38.657471000040346], [-119.82053100000311, 38.65740600001437], [-119.82056899963798, 38.65735999979849], [-119.82055399956936, 38.65728400029206], [-119.82048499997241, 38.65724999971141], [-119.82037100016957, 38.657221000049304], [-119.82030199967429, 38.6572269999078], [-119.82020299994007, 38.657260999797856], [-119.82003499971059, 38.65739600027496], [-119.81992799958047, 38.657433999978856], [-119.81984399991488, 38.65741799969986], [-119.8197750003179, 38.65738799978091], [-119.81971400021853, 38.65739400032692], [-119.81962299998195, 38.6574240002433], [-119.81953900031634, 38.65743000008479], [-119.81943200018625, 38.65737400014184], [-119.81937899958446, 38.6573749997654], [-119.8192949999189, 38.65738599983265], [-119.81916500022254, 38.65742099997165], [-119.81905100041972, 38.657469000094395], [-119.8189509999623, 38.65752100007415], [-119.8188449996571, 38.65753700033013], [-119.8187829997328, 38.65756099965516], [-119.81874500009799, 38.65756599986424], [-119.81866100043237, 38.65756399992095], [-119.81862299989925, 38.65759599970865], [-119.81858500026442, 38.65765999994258], [-119.81855400030226, 38.657746999763354], [-119.81852400016506, 38.65781000024495], [-119.81850099970049, 38.65784300024121], [-119.81846300006568, 38.65787499990425], [-119.81834900026286, 38.657909000188205], [-119.81829499983617, 38.657905999936865], [-119.81824200013271, 38.65783499979714], [-119.81821100017058, 38.65773199987441], [-119.8181350000026, 38.657658000001916], [-119.81810400004046, 38.65753700033013], [-119.81808200029914, 38.65742499986621], [-119.81805100033702, 38.657370999868036], [-119.81797500016904, 38.65731499987896], [-119.81784499957439, 38.65726400007627], [-119.81769200031184, 38.65723600004532], [-119.81755500004448, 38.65719899986244], [-119.8174939999451, 38.65720900033086], [-119.81747899987647, 38.657232000140255], [-119.81747899987647, 38.65732200005532], [-119.81752400008232, 38.65741100023432], [-119.81753199957993, 38.65753700033013], [-119.81750900001371, 38.65765000023863], [-119.81747899987647, 38.657746000144996], [-119.8174179997771, 38.65781000024495], [-119.817310999647, 38.65787100003486], [-119.81720400041519, 38.65788700021267], [-119.81711300017861, 38.657889999763306], [-119.8170289996147, 38.6578639999121], [-119.8169519996218, 38.65779900024277], [-119.81683799981897, 38.65771100016481], [-119.816769000222, 38.65764599965518], [-119.81670800012266, 38.657641999772956], [-119.81660099999252, 38.657704000026406], [-119.81652499982454, 38.65776899978195], [-119.81644899965656, 38.657856000171826], [-119.81641799969442, 38.65793300009009], [-119.81641500021966, 38.65795300011907], [-119.8164029996258, 38.65806000028454], [-119.81636499999097, 38.658146000006674], [-119.81628899982299, 38.65823400025168], [-119.81609800002727, 38.65833700015401], [-119.8158610002008, 38.65842900000283], [-119.8156779999027, 38.658486999740006], [-119.81559400023713, 38.658538999682165], [-119.81550999967322, 38.658607999911375], [-119.8154800004343, 38.658758000332796], [-119.81544199990117, 38.658898000208815], [-119.81538800037279, 38.65903500030861], [-119.81530399980889, 38.659149000258495], [-119.81512899990669, 38.65928900007171], [-119.81512100040912, 38.65933799994172], [-119.81514399997533, 38.65939199985982], [-119.81515900004393, 38.659464000154884], [-119.81520500007467, 38.65961100000654], [-119.81517499993747, 38.65967999990447], [-119.81514399997533, 38.659715999916315], [-119.8150150001039, 38.65977799977738], [-119.81479300034604, 38.65980100016474], [-119.81459499997932, 38.659811000269855], [-119.81441199968123, 38.65980999997882], [-119.81419800031928, 38.65982500013406], [-119.81402199969388, 38.659850999974886], [-119.81395399992182, 38.65987600021763], [-119.81389299982244, 38.659922000220575], [-119.81389299982244, 38.65995399965619], [-119.81390100021837, 38.65998500019187], [-119.81390000039345, 38.66003900032362], [-119.81387000025622, 38.66009799974556], [-119.81383900029408, 38.66013999986319], [-119.8138240002255, 38.66017600034529], [-119.81377900001962, 38.66021299969176], [-119.81372499959296, 38.660264000200456], [-119.8136490003233, 38.660266000068354], [-119.8135720003304, 38.66024999972059], [-119.81351100023103, 38.66022900004779], [-119.81345799962926, 38.66013100009058], [-119.81347299969786, 38.660048999694034], [-119.81345799962926, 38.66000000031051], [-119.81340499992581, 38.65996100027616], [-119.81335100039746, 38.6599349997738], [-119.8132140001301, 38.659898000283704], [-119.81302300033438, 38.65987499992751], [-119.81284800043221, 38.659871000169765], [-119.81271799983755, 38.65990099975018], [-119.81258800014122, 38.659949000315294], [-119.81241999991171, 38.6599349997738], [-119.8123749997059, 38.659873000048684], [-119.81232899967513, 38.659820000082675], [-119.8120390001452, 38.65951699968286], [-119.8118750001137, 38.65934600021795], [-119.81172699997569, 38.65933799994172], [-119.81168799961763, 38.65937999980356], [-119.81163400008926, 38.659431000204016], [-119.81161099962473, 38.65950799983196], [-119.8114819997533, 38.65965099982333], [-119.81142800022492, 38.65973800003154], [-119.81137499962318, 38.65983799970494], [-119.8113899996918, 38.659946000149354], [-119.81145099979116, 38.66005699989084], [-119.81150500021785, 38.66013699970531], [-119.81161200034796, 38.660237999808096], [-119.81161900002067, 38.660274000240925], [-119.81160399995201, 38.66031499997137], [-119.81144400011848, 38.660400000210345], [-119.81134500038426, 38.660415999823186], [-119.81123800025415, 38.66039099976893], [-119.81113100012404, 38.6603489997985], [-119.81100899992529, 38.660311000238245], [-119.81087900022894, 38.66030100020294], [-119.81075000035753, 38.66032699987097], [-119.81063499983148, 38.6603739998674], [-119.81054399959486, 38.66041700010575], [-119.81039899982993, 38.660465999905455], [-119.81018499956967, 38.660465999905455], [-119.80994100007052, 38.66045000030378], [-119.80964300014469, 38.66045700017381], [-119.80942200021175, 38.660452999747136], [-119.80912400028592, 38.66042899998821], [-119.80891099985058, 38.66040200007445], [-119.80871199965897, 38.66038899990453], [-119.80856299969604, 38.66036699998927], [-119.80852199968817, 38.66036199997568], [-119.80830800032622, 38.66031800012185], [-119.80814799959434, 38.660249000137114], [-119.808017999898, 38.6601980003192], [-119.80790400009519, 38.66012499977387], [-119.80778199989645, 38.66006399979927], [-119.80762100023796, 38.659995999858324], [-119.80749900003921, 38.65998099973884], [-119.8073619997719, 38.65997500011105], [-119.80719400044072, 38.660024000213205], [-119.80704200010474, 38.660090999840456], [-119.80690400001247, 38.6602030003442], [-119.80680500027827, 38.66036699998927], [-119.8067440001789, 38.66057599996361], [-119.8067290001103, 38.660728999903796], [-119.8067140000417, 38.66079300014404], [-119.80671300021676, 38.66085100007122], [-119.80666800001092, 38.66091099980131], [-119.80650700035247, 38.66096900033439], [-119.80637000008508, 38.6609990001563], [-119.80626299995497, 38.66105600034448], [-119.80621000025153, 38.661138000289455], [-119.80616400022078, 38.661261000030876], [-119.80614900015215, 38.661386999666746], [-119.80614900015215, 38.661446000082535], [-119.80617900028939, 38.66153999997872], [-119.80617900028939, 38.66168000002824], [-119.80611800019001, 38.661856999704135], [-119.80605000041795, 38.662030000006794], [-119.80603399962614, 38.66205200011269], [-119.80600400038719, 38.662120999763125], [-119.80595800035645, 38.66216699972701], [-119.80592800021924, 38.66220799977665], [-119.80590499975469, 38.66226700021745], [-119.80588700021134, 38.662300000264466], [-119.80587399979255, 38.662327000164126], [-119.80571399995898, 38.66248799979595], [-119.80560000015616, 38.662557999980464], [-119.80540900036046, 38.66260799997016], [-119.80521799966643, 38.66264000030999], [-119.80513400000086, 38.662642000111546], [-119.80504299976425, 38.662617000132954], [-119.8048979999993, 38.66252999991485], [-119.8047299997698, 38.662453000028776], [-119.80450899983687, 38.66240900005671], [-119.80421099991104, 38.66235700011862], [-119.80398199958218, 38.662349000178736], [-119.80376900004515, 38.66237299999564], [-119.80360800038667, 38.66241200011942], [-119.80341000001995, 38.662476000258486], [-119.80331100028576, 38.66252500005233], [-119.803265000255, 38.662547000006114], [-119.80307399956098, 38.662604999915615], [-119.80291399972738, 38.662659000176156], [-119.80257099959573, 38.66281999976308], [-119.80246400036393, 38.662904000288236], [-119.80238700037103, 38.66298199993618], [-119.80228799973852, 38.663204999899726], [-119.80225799960128, 38.663345999741665], [-119.80225799960128, 38.663430999890345], [-119.80228799973852, 38.663520999731475], [-119.80237200030243, 38.66357300022724], [-119.80249399960283, 38.66368699996788], [-119.80256300009812, 38.66378000019411], [-119.80283699973451, 38.66387699983378], [-119.80299800029131, 38.663923000072536], [-119.80325000018638, 38.6640070000053], [-119.80331100028576, 38.66403200020012], [-119.8033639999892, 38.66410800026165], [-119.80334100042298, 38.66428400002071], [-119.80323400029286, 38.66452999970827], [-119.80298200039779, 38.6650450001612], [-119.80282199966591, 38.66533199970395], [-119.80265400033471, 38.66554399984947], [-119.80241800033316, 38.665724999926994], [-119.80225000010368, 38.66582800027835], [-119.80212799990494, 38.665916999706745], [-119.80205199973696, 38.66601699987036], [-119.80199099963761, 38.66615399967842], [-119.80197200026932, 38.666293000326775], [-119.80195999967545, 38.66638499977486], [-119.8019680000714, 38.6665740000009], [-119.80205900030798, 38.66676100004153], [-119.80212799990494, 38.6669529998489], [-119.8021739999357, 38.6672349999258], [-119.80221999996644, 38.667463999673515], [-119.80220400007293, 38.66764400032713], [-119.80220400007293, 38.66793700033754], [-119.80209000027011, 38.66816499976982], [-119.80198300013997, 38.66825300032862], [-119.801646999681, 38.66836100000576], [-119.8015479999468, 38.66839900020414], [-119.80148000017475, 38.668490999751796], [-119.8014490002126, 38.66866299999177], [-119.80147900034983, 38.66871599972556], [-119.80151799980958, 38.668813999857825], [-119.8015479999468, 38.668962000318544], [-119.8015479999468, 38.66916000009634], [-119.80151799980958, 38.66922399981531], [-119.80140300018185, 38.669329999815815], [-119.80131899961793, 38.669471999676404], [-119.8012809999831, 38.66956799986713], [-119.80121200038613, 38.66965499995072], [-119.80121999988374, 38.66975399965118], [-119.8012809999831, 38.670053999777814], [-119.80128900037903, 38.67020699980728], [-119.8012580004169, 38.67033399997756], [-119.80120499981513, 38.670429999713804], [-119.80108299961638, 38.67072599996045], [-119.80102200041533, 38.67099299998845], [-119.80104499998157, 38.67110000030859], [-119.80112100014955, 38.671211000294704], [-119.8012809999831, 38.67130600012724], [-119.80138800011325, 38.6713440001652], [-119.80153299987818, 38.6713770002372], [-119.801646999681, 38.67141500023747], [-119.80176200020706, 38.671448000276676], [-119.80183800037501, 38.67149100017752], [-119.80186900033715, 38.67157599977497], [-119.80186900033715, 38.67168000025079], [-119.80183800037501, 38.67178000008027], [-119.80178499977328, 38.67191200017435], [-119.80167799964313, 38.67204000024569], [-119.80159399997756, 38.672154999950216], [-119.80153299987818, 38.67225499981754], [-119.80148000017475, 38.672378000101], [-119.8014490002126, 38.6726269996687], [-119.80135700015109, 38.67274199983291], [-119.80127299958721, 38.67281999998554], [-119.80122800027965, 38.672915999894876], [-119.8011889999216, 38.67297999976289], [-119.80111299975363, 38.673066999908144], [-119.80106699972288, 38.67314499970666], [-119.80096799998866, 38.67340900022827], [-119.80092199995792, 38.673500000251494], [-119.80083900011724, 38.67361400031774], [-119.80079300008649, 38.67367000018533], [-119.80075399972841, 38.67369800010274], [-119.8006170003594, 38.673741000054676], [-119.80048000009202, 38.67380299969534], [-119.80037299996191, 38.673824000296726], [-119.80027400022769, 38.67389800029615], [-119.80014399963305, 38.67405500019327], [-119.800083000432, 38.67416900007699], [-119.80002200033265, 38.6742650002812], [-119.79996100023327, 38.67432499999276], [-119.7999000001339, 38.67439399973918], [-119.79985400010314, 38.674471000109484], [-119.79976299986654, 38.674558999930355], [-119.79957200007082, 38.674712000150286], [-119.79948800040525, 38.674755000194494], [-119.79941200023728, 38.67476099998657], [-119.79932000017578, 38.67474099974255], [-119.7990840001742, 38.67464300000906], [-119.79898500044, 38.674631999787294], [-119.79890800044711, 38.6746470003443], [-119.79880899981458, 38.67472200027702], [-119.79877100017977, 38.67477699989724], [-119.79874799971523, 38.67483599979983], [-119.79874799971523, 38.674880999930615], [-119.79879399974598, 38.674915999934825], [-119.79882399988321, 38.67495600031948], [-119.79884700034775, 38.67500900030376], [-119.79886300024127, 38.6751080003148], [-119.79883200027913, 38.67522099984844], [-119.79879399974598, 38.675266999812266], [-119.79869500001179, 38.67527000003762], [-119.79853500017822, 38.67521899969688], [-119.79845800018532, 38.675175999931405], [-119.79825200032099, 38.67519499997776], [-119.7981679997571, 38.675173999778586], [-119.7980840000915, 38.67514499966042], [-119.7980079999235, 38.67513300014009], [-119.79795500022007, 38.675111999922784], [-119.7978940001207, 38.67510400000531], [-119.79781700012781, 38.67508299977949], [-119.79774900035575, 38.675111999922784], [-119.79766499979185, 38.67516800002114], [-119.7976189997611, 38.675227999677126], [-119.79757299973033, 38.67527400033783], [-119.79750400013336, 38.67529800003047], [-119.797366999866, 38.67532800016093], [-119.79731400016256, 38.67534800024088], [-119.7972599997359, 38.675379999796235], [-119.79723700016969, 38.67542599965788], [-119.79721500042837, 38.675574999845466], [-119.79712300036685, 38.675685999905966], [-119.7970539998716, 38.67585400012498], [-119.79702399973435, 38.67589500005182], [-119.79694699974145, 38.67591099970897], [-119.7968789999694, 38.67590299988084], [-119.79677199983928, 38.675865000159], [-119.7967030002423, 38.67585799969128], [-119.79660399960977, 38.6758829999559], [-119.79647399991345, 38.67593499988934], [-119.79628399994264, 38.676061999716346], [-119.79622200001835, 38.67613999975788], [-119.79622299984327, 38.676365000237716], [-119.79620699994973, 38.676424000234036], [-119.79620000027703, 38.67647799989089], [-119.79604000044348, 38.67662099965551], [-119.79590999984882, 38.67667000028888], [-119.79577199975655, 38.67676299978149], [-119.79574900019034, 38.676822000151056], [-119.79564299988512, 38.67697300034042], [-119.7956200003189, 38.677037000087694], [-119.79557400028817, 38.677124000211265], [-119.79557400028817, 38.67718200023484], [-119.79560400042539, 38.67728100004566], [-119.79568100041828, 38.67738700003841], [-119.79603899972025, 38.67750000018198], [-119.79610800021553, 38.67751600018166], [-119.79618400038352, 38.6775460000838], [-119.79618400038352, 38.67760499980793], [-119.79613099978175, 38.67768699973597], [-119.7960620001848, 38.67790499999436], [-119.79609300014694, 38.67799399983819], [-119.79613099978175, 38.678124000325234], [-119.79628399994264, 38.678250999774626], [-119.79632900014849, 38.6783169998468], [-119.79638299967682, 38.67836600002038], [-119.79647399991345, 38.678417000222666], [-119.7965280003401, 38.67851100028029], [-119.79661899967837, 38.678707000242056], [-119.79667300010506, 38.67888599995291], [-119.79677199983928, 38.67912699985551], [-119.79681799987002, 38.6792830001862], [-119.79687099957347, 38.67943100004177], [-119.79690200043392, 38.67980799982625], [-119.796894000038, 38.67991200026371], [-119.79686300007586, 38.68002499992711], [-119.79686300007586, 38.68017399965734], [-119.79684800000726, 38.68035899993089], [-119.79678699990788, 38.68050499966129], [-119.79673400020444, 38.680609999787585], [-119.79664999964054, 38.68072399975033], [-119.7965430004087, 38.68078499965581], [-119.7964510003472, 38.68082800025917], [-119.79636799960822, 38.68088900007601], [-119.79632199957749, 38.680956999810526], [-119.7962379999119, 38.68102700017097], [-119.79620699994973, 38.681118000326855], [-119.79620699994973, 38.681244000081975], [-119.7962610003764, 38.681336999942516], [-119.79631400007985, 38.68151600008811], [-119.79631400007985, 38.681665000220384], [-119.7963519997147, 38.68193400008307], [-119.79636799960822, 38.68198799979029], [-119.79636000011062, 38.68206900032654], [-119.79632900014849, 38.68216399977381], [-119.79632199957749, 38.68227700008893], [-119.79636000011062, 38.6824339998395], [-119.79649700037797, 38.68257900027251], [-119.79651999994418, 38.68266400002698], [-119.7965280003401, 38.68279499971494], [-119.79647399991345, 38.68294499995704], [-119.7963669997833, 38.68308200032887], [-119.79626800004911, 38.68316099969724], [-119.79607700025339, 38.68324300027196], [-119.79584100025184, 38.683315999686876], [-119.79564999955781, 38.68336100009601], [-119.79548999972427, 38.68341899997385], [-119.79532999989067, 38.68349499979101], [-119.79523799982917, 38.68355500018015], [-119.79504799985837, 38.683599999737744], [-119.79499400033002, 38.6836200003112], [-119.79487200013128, 38.68367700002152], [-119.79475800032847, 38.68374299999846], [-119.79459699977167, 38.68390900033004], [-119.79446799990025, 38.68405599978262], [-119.79436800034111, 38.684183999875735], [-119.79429999967076, 38.684249000136624], [-119.79422400040109, 38.68429599985699], [-119.79393399997284, 38.68441999973199], [-119.79367399968187, 38.68451600021145], [-119.79340699971816, 38.68457699968955], [-119.79313999975449, 38.6846149996945], [-119.79290399975292, 38.684736999832324], [-119.79275099959204, 38.68484499988426], [-119.7925990001544, 38.68493400021355], [-119.79240800035869, 38.68502399966971], [-119.79221699966466, 38.685074000097835], [-119.7919580000969, 38.6851109999013], [-119.79172100027044, 38.68519800002705], [-119.79152299990369, 38.68530200034486], [-119.79127100000863, 38.68557399965236], [-119.79113399974129, 38.68567600026558], [-119.79098099958041, 38.68572500030907], [-119.79085900027998, 38.685737000157204], [-119.7907139996167, 38.68577199976119], [-119.79052299982101, 38.68582600007824], [-119.79042400008682, 38.68582799993337], [-119.79034799991881, 38.68582099973894], [-119.79029400039046, 38.685799999852776], [-119.7902409997887, 38.68575999991892], [-119.79015700012312, 38.68567199984553], [-119.79010400041966, 38.685565000271865], [-119.79005800038892, 38.68555299969366], [-119.79001200035816, 38.68555400032628], [-119.78992799979426, 38.68558800008888], [-119.78989799965701, 38.685737000157204], [-119.78987799956552, 38.685798999924835], [-119.78985199962628, 38.68588200020821], [-119.78976799996069, 38.6859970001122], [-119.78970699986132, 38.686098000198655], [-119.78963800026433, 38.68618499982557], [-119.78956200009635, 38.68632200030515], [-119.78944699957033, 38.68648700034516], [-119.78926400017052, 38.68667600008916], [-119.78917999960665, 38.68672699997911], [-119.7891500003677, 38.68681400024361], [-119.78920300007115, 38.686839000187234], [-119.78930199980536, 38.686841000014056], [-119.78939399986687, 38.686865999948246], [-119.78943200040003, 38.68699200010059], [-119.78950099999699, 38.687179000095746], [-119.78972199992992, 38.68751199976197], [-119.78972199992992, 38.68766500033977], [-119.7896690002265, 38.68782399998861], [-119.78962300019573, 38.68794199997146], [-119.7895239995632, 38.68805199988712], [-119.78931799969887, 38.6882020003283], [-119.78920300007115, 38.68825800000102], [-119.78905800030618, 38.68828900020167], [-119.78891299964295, 38.68825199993801], [-119.78873799974075, 38.68830100032099], [-119.78865400007516, 38.68836200007831], [-119.78854000027233, 38.68837300029335], [-119.78837200004286, 38.6884000001767], [-119.7882270002779, 38.68840800001033], [-119.78808199961462, 38.68838399980556], [-119.78792900035208, 38.6883069996787], [-119.78779200008474, 38.688229000276124], [-119.78763200025114, 38.68822400010481], [-119.78749400015889, 38.688209000289795], [-119.78738000035607, 38.68817600026503], [-119.7873340003253, 38.68814099973337], [-119.78725800015735, 38.68794000017537], [-119.78718899966205, 38.68784200028377], [-119.78714299963129, 38.687753000065584], [-119.78708999992783, 38.68769600009616], [-119.7870439998971, 38.68767500005909], [-119.78701399975985, 38.68766600024165], [-119.78690699962972, 38.68760100027995], [-119.78688400006351, 38.68759299965488], [-119.78682299996416, 38.68758499973018], [-119.7867769999334, 38.68761800002753], [-119.78676199986478, 38.68767699986255], [-119.7866930002678, 38.68781400029011], [-119.78654799960454, 38.687929999791926], [-119.7863269996716, 38.688205000011365], [-119.78621200004388, 38.688316000116714], [-119.78608300017245, 38.688369000024096], [-119.78596799964639, 38.68838000023812], [-119.78589999987436, 38.68845399991277], [-119.78582299988143, 38.688510000089394], [-119.7855330003515, 38.688603000323525], [-119.78542700004633, 38.68873099999567], [-119.78535799955102, 38.6888679998074], [-119.78527399988545, 38.68900500005793], [-119.7852279998547, 38.68906900026425], [-119.78522100018199, 38.689154999903494], [-119.78519799971748, 38.6892319998189], [-119.78515900025772, 38.689292000305635], [-119.78508300008974, 38.68932499981565], [-119.78496900028692, 38.689346000069655], [-119.78482399962364, 38.68934500019126], [-119.78454199959134, 38.68930600001465], [-119.78442699996361, 38.68928200011112], [-119.78429700026729, 38.68924000026063], [-119.7842140004266, 38.68917000022131], [-119.78416800039584, 38.68910799986885], [-119.7841370004337, 38.689018999823105], [-119.7840529998698, 38.6889579999248], [-119.7839619996332, 38.688941999678455], [-119.78389300003623, 38.68890299998336], [-119.78384700000547, 38.68883599997212], [-119.78379400030204, 38.688779000164295], [-119.7837630003399, 38.68877099967096], [-119.78366399970737, 38.688786999955546], [-119.78354999990455, 38.68883400020106], [-119.78345799984307, 38.68890899999178], [-119.78319900027529, 38.6893380003409], [-119.78310700021379, 38.689426000112505], [-119.78303100004578, 38.68948200022957], [-119.78292399991567, 38.689574999901346], [-119.78286299981629, 38.68964399967025], [-119.78274900001347, 38.68970899987941], [-119.78265699995197, 38.68976999983858], [-119.78257300028638, 38.689888999988554], [-119.7823980003842, 38.690069000346064], [-119.7822219997588, 38.69021300016576], [-119.78199300032826, 38.69042100009474], [-119.78178699956561, 38.69067400013713], [-119.78171799996863, 38.69078400005942], [-119.78168000033381, 38.69091100017998], [-119.7815959997699, 38.69110599998153], [-119.78152799999785, 38.69123900004464], [-119.78149000036301, 38.691324999880024], [-119.78144400033227, 38.691385000013774], [-119.78136800016429, 38.69143600005282], [-119.78120699960746, 38.6915159998621], [-119.78116099957671, 38.691562999717135], [-119.7810390002763, 38.69159700013002], [-119.78091799990247, 38.691621999804646], [-119.78072700010676, 38.691648999864135], [-119.78059700041044, 38.691643999931834], [-119.78043699967853, 38.691629000132686], [-119.78033000044674, 38.69164999971033], [-119.78006299958471, 38.69167000013707], [-119.77993299988839, 38.69166399965909], [-119.77985699972041, 38.69164800001793], [-119.77978099955241, 38.691612999782585], [-119.77972700002407, 38.69157400014118], [-119.7796809999933, 38.69151199976857], [-119.77965099985609, 38.69141799996071], [-119.77962800028985, 38.691314999969684], [-119.77959800015263, 38.69122999997435], [-119.77959800015263, 38.690501000337925], [-119.77958999975671, 38.69043799987345], [-119.77953600022833, 38.69033099971426], [-119.77951399958873, 38.69027299982978], [-119.77949100002249, 38.690228000261754], [-119.77943699959583, 38.69019800006657], [-119.77932299979304, 38.69016000022199], [-119.77927000008958, 38.690161999955976], [-119.77922400005882, 38.69018100023088], [-119.77916999963216, 38.69023599989098], [-119.77919300009665, 38.69035699969556], [-119.77919300009665, 38.69043799987345], [-119.77914700006595, 38.69056099976041], [-119.77909400036249, 38.69066999999652], [-119.77903300026311, 38.690761999667764], [-119.77894100020161, 38.690985000041415], [-119.77887300042953, 38.691039999784586], [-119.77881200033018, 38.69106399979949], [-119.77875100023081, 38.691075000300316], [-119.77862099963615, 38.691149999845244], [-119.77849900033571, 38.69116600029896], [-119.77836899974106, 38.691142000318216], [-119.77829299957308, 38.69110799968908], [-119.77821700030343, 38.691133000235766], [-119.7782010004099, 38.69120100005182], [-119.77819399983888, 38.69126799995176], [-119.77817799994534, 38.69134100029454], [-119.77817100027266, 38.69141300001222], [-119.77819399983888, 38.691493999695595], [-119.77819399983888, 38.69154299996159], [-119.77816299987674, 38.691611000089146], [-119.77811699984599, 38.691675999913436], [-119.77784300020961, 38.69186199974243], [-119.77762099955343, 38.69199800002756], [-119.777491999682, 38.692095999835566], [-119.7772930003887, 38.69222699978424], [-119.77718600025857, 38.692306000274264], [-119.777026000425, 38.69244000004504], [-119.77687400008901, 38.69255199972362], [-119.77676699995892, 38.69261300006326], [-119.77668300029335, 38.69268300023957], [-119.77652299956144, 38.69278499983283], [-119.77643899989584, 38.69282800023647], [-119.77642399982724, 38.69285099982218], [-119.77615699986356, 38.69290200021835], [-119.77605700030443, 38.69290499970436], [-119.77585899993773, 38.69292700013809], [-119.77568400003553, 38.69290499970436], [-119.77550800030843, 38.69285499984078], [-119.7752870003755, 38.692701999844864], [-119.77524899984235, 38.692645000312616], [-119.77518000024536, 38.69258800003385], [-119.77491300028169, 38.69247700024621], [-119.77479100008294, 38.692448000128024], [-119.77470700041735, 38.692440999880176], [-119.77466100038662, 38.69246500012623], [-119.77462299985345, 38.69250599965147], [-119.77456199975411, 38.69259799976618], [-119.77450099965473, 38.6926800000431], [-119.77438600002701, 38.692808999963475], [-119.77438699985191, 38.69286799972456], [-119.7743640002857, 38.69294000000879], [-119.77433300032354, 38.69309899985384], [-119.77424200008696, 38.69320900025419], [-119.77407399985746, 38.6933170001385], [-119.77393599976519, 38.69343299983263], [-119.77363899966427, 38.69373199975444], [-119.77335599980707, 38.693870000321596], [-119.77327999963907, 38.69394399992666], [-119.77322699993564, 38.69402100029672], [-119.77318099990488, 38.69411699981332], [-119.77311200030789, 38.694164000062855], [-119.77301299967539, 38.694309999671354], [-119.77296800036785, 38.694478000340794], [-119.77295400012414, 38.69457399994526], [-119.77293700040572, 38.694699999844], [-119.77289100037495, 38.694916999655774], [-119.77285299984183, 38.69507100032152], [-119.77276900017621, 38.695262000117495], [-119.77272300014548, 38.69545699997769], [-119.772739000039, 38.69574899992849], [-119.77280699981105, 38.69592300014398], [-119.77285299984183, 38.695985000199016], [-119.7729060004436, 38.69608300015388], [-119.77292900000981, 38.69623100031761], [-119.77292200033709, 38.69672300011988], [-119.77288399980395, 38.6968859997626], [-119.77285299984183, 38.697106999734494], [-119.77269300000826, 38.69729600016802], [-119.77259400027404, 38.697401999958856], [-119.77253200034977, 38.697547000205425], [-119.77251700028117, 38.69775000033719], [-119.77251700028117, 38.69787199981107], [-119.77248700014393, 38.69796300027733], [-119.7723800000138, 38.69805099995551], [-119.77212800011871, 38.69818299997092], [-119.77199900024732, 38.698266999662614], [-119.77183799969049, 38.69836100028572], [-119.77163199982618, 38.698474000259594], [-119.77140300039564, 38.69856899965903], [-119.77131200015903, 38.698593999701394], [-119.77127399962589, 38.69858600030572], [-119.77122000009754, 38.69851499984612], [-119.77112899986093, 38.69842700003775], [-119.77103000012671, 38.698402999688824], [-119.7709229999966, 38.69841399976211], [-119.7708460000037, 38.69840199993702], [-119.77074700026951, 38.69831000027622], [-119.7706629997056, 38.69820399972779], [-119.77045699984129, 38.69796600025222], [-119.77037300017572, 38.69775100009811], [-119.77034300003848, 38.6975809998774], [-119.77026699987047, 38.69746100013821], [-119.77008299974746, 38.69720000001023], [-119.7700219996481, 38.69709300014993], [-119.76995399987604, 38.69693199982258], [-119.76984699974592, 38.69673200020015], [-119.76979400004247, 38.696588999959026], [-119.76971700004957, 38.696415999741085], [-119.76967100001883, 38.69624500007089], [-119.76963300038399, 38.696053000310705], [-119.76955700021601, 38.69587000022391], [-119.76938899998652, 38.6955040000479], [-119.76929299972704, 38.695131000117826], [-119.76936999971994, 38.69517999999591], [-119.76950000031461, 38.69523000033777], [-119.76972999957005, 38.69530000005646], [-119.76995999972382, 38.695350000314384], [-119.7701899998776, 38.69543999998947], [-119.77039999993988, 38.69558999966372], [-119.77069000036809, 38.69573999972453], [-119.77095999980652, 38.69593000005108], [-119.77110999959436, 38.69608000010001], [-119.77123000014329, 38.696190000122876], [-119.77140000002258, 38.69629999997662], [-119.77151999967317, 38.696370000050415], [-119.77161000008486, 38.69637999995519], [-119.77172999973548, 38.696350000236635], [-119.77182000014714, 38.69628000014327], [-119.77188999956904, 38.69617000025881], [-119.77195999988923, 38.69596999990792], [-119.77197999998073, 38.69584000029141], [-119.77195999988923, 38.69573999972453], [-119.77189999961477, 38.6956299997107], [-119.77172999973548, 38.69538999979445], [-119.77167000035932, 38.69521000020523], [-119.77166000031357, 38.69504000025516], [-119.77165000026781, 38.69495000007673], [-119.77156999990189, 38.69474999982025], [-119.77148000038851, 38.6945999997867], [-119.77146000029704, 38.69450999975585], [-119.77146000029704, 38.694380000290366], [-119.77148000038851, 38.69420999976997], [-119.77148000038851, 38.69407000023404], [-119.7714500002513, 38.69381999973022], [-119.7714300001598, 38.69311000004169], [-119.77144000020556, 38.6926800000431], [-119.77146000029704, 38.69217999966433], [-119.77152999971894, 38.69176000023537], [-119.77155999985615, 38.691490000302004], [-119.77154999981042, 38.69131000001404], [-119.77149999958169, 38.691129999974294], [-119.77141000006833, 38.690869999740606], [-119.77140000002258, 38.690719999984985], [-119.77142000011406, 38.690619999973165], [-119.77154999981042, 38.690410000194575], [-119.77170999964397, 38.69027000023342], [-119.77184000023864, 38.69017000029377], [-119.77210999967706, 38.69000000028592], [-119.77225000031747, 38.68995999989539], [-119.77246000037974, 38.68987999974848], [-119.7725900000761, 38.68980000021324], [-119.77267000044205, 38.68971999988735], [-119.77269999968094, 38.68964000017325], [-119.77271999977242, 38.68951999973309], [-119.77271999977242, 38.689399999792855], [-119.7727599999554, 38.68928999984613], [-119.77286000041282, 38.68917000022131], [-119.77306999957679, 38.68902999993719], [-119.77344000037094, 38.68884999977032], [-119.77326999959335, 38.688589999664764], [-119.77303000029215, 38.68838000023812], [-119.77286999956024, 38.68821000018407], [-119.77278000004688, 38.68805999975965], [-119.7726899996352, 38.687949999856244], [-119.7725699999846, 38.68787999995719], [-119.77252999980162, 38.687866999868206], [-119.77234999987658, 38.687809999989604], [-119.77208999958559, 38.6877199998305], [-119.77186000033012, 38.687560000047206], [-119.77169999959824, 38.68739000014837], [-119.77167000035932, 38.68724999988711], [-119.77169999959824, 38.68699000027799], [-119.77172999973548, 38.686819999726], [-119.77180000005566, 38.686669999893525], [-119.77204000025516, 38.68643000006839], [-119.77210999967706, 38.68634000027701], [-119.77214999986003, 38.68626000028952], [-119.77209999963132, 38.68602999973959], [-119.77189999961477, 38.6857199999627], [-119.77175999987269, 38.685459999702395], [-119.77172999973548, 38.68525000020488], [-119.7717799999642, 38.68505000017719], [-119.77197999998073, 38.684809999826854], [-119.77210899985216, 38.684672999958366], [-119.77214999986003, 38.68463000026296], [-119.77241000015103, 38.68453000015374], [-119.77262000021334, 38.68438999990636], [-119.77299000010917, 38.68411499974989], [-119.77304899966039, 38.683835000162176], [-119.77305200003347, 38.68381199978176], [-119.77299000010917, 38.68386400026551], [-119.7728989998726, 38.68397500009299], [-119.77279199974245, 38.68408099998864], [-119.77257800038053, 38.684130999673215], [-119.77240299958001, 38.684121000159834], [-119.77224199992155, 38.68413899998414], [-119.77212100044603, 38.68418699972726], [-119.77187600022364, 38.68444499981083], [-119.77174700035222, 38.6845109997806], [-119.77158599979542, 38.68462299995133], [-119.77135800018979, 38.684771999925445], [-119.77130100028837, 38.6848150002368], [-119.77116700039407, 38.68491699982828], [-119.77102199973082, 38.68504599972215], [-119.77079300030026, 38.685187000025046], [-119.77053399983419, 38.68530999982365], [-119.7703809996733, 38.6853360002272], [-119.7701899998776, 38.6853360002272], [-119.77008299974746, 38.68534800014057], [-119.76995399987604, 38.685369000159426], [-119.76983199967731, 38.68543899971024], [-119.76954899982009, 38.68562600025811], [-119.76929000025233, 38.68580300033773], [-119.76918300012218, 38.68585600000305], [-119.76899200032649, 38.685886999842026], [-119.76874100025631, 38.685884000061776], [-119.76864900019481, 38.68590900033029], [-119.76857300002683, 38.686027999890094], [-119.76848099996532, 38.6861289999328], [-119.7683820002311, 38.686220999833715], [-119.76788599993857, 38.686436000284196], [-119.76765699960971, 38.68651300032103], [-119.76751199984476, 38.6865840000721], [-119.76739800004192, 38.68665000017257], [-119.76728300041421, 38.68672899980907], [-119.76719999967523, 38.68683499983221], [-119.76716899971309, 38.68692999996431], [-119.76712299968233, 38.68702599988105], [-119.76697799991737, 38.68715500017993], [-119.76683300015242, 38.68725799984932], [-119.76658899975494, 38.687322000215964], [-119.76642100042378, 38.687379999688005], [-119.76626099969187, 38.68742899996698], [-119.76611599992691, 38.68751799988704], [-119.76600200012412, 38.687628999655814], [-119.76594699987253, 38.68769400029322], [-119.76577299979523, 38.687905000229506], [-119.76571199969588, 38.68803199985131], [-119.76569599980238, 38.68820400011702], [-119.7657419998331, 38.688342000129104], [-119.76578799986386, 38.68845900006801], [-119.76575000022902, 38.68859499981051], [-119.76567300023615, 38.68878099993689], [-119.76561299996169, 38.68883199972875], [-119.76556699993093, 38.6888830001854], [-119.76553599996876, 38.688977999701756], [-119.76556699993093, 38.68914800003455], [-119.76559700006814, 38.68922400007741], [-119.765566000106, 38.68926599993729], [-119.76552799957287, 38.689288999966955], [-119.7654370002346, 38.68932300005826], [-119.76539100020383, 38.689346000069655], [-119.76532799955633, 38.6893910001924], [-119.76526499980714, 38.68943600028689], [-119.76428200034117, 38.689392999947884], [-119.7634959996204, 38.68949699977769], [-119.7626989999273, 38.68958699980498], [-119.76215499995415, 38.6895249998139], [-119.76137599980439, 38.689310000231465], [-119.7603980003613, 38.68921399987339], [-119.76001000002381, 38.689195999923406], [-119.75972999964131, 38.6892019999072], [-119.75928000027784, 38.68917399974459], [-119.75887500022188, 38.689190999819616], [-119.75854700015883, 38.68935600025517], [-119.75814600030083, 38.68946299976908], [-119.75792799984264, 38.68944400000468], [-119.75759200028195, 38.68941699981418], [-119.75735899975514, 38.68933699976121], [-119.75712600012662, 38.689134000294615], [-119.7569200002623, 38.68871600028696], [-119.75681099958405, 38.68833099990924], [-119.75645900012987, 38.6879670002221], [-119.7563000001212, 38.68771600022593], [-119.75615000033339, 38.687452999790885], [-119.75590900030896, 38.68730199997609], [-119.75555799978137, 38.687141999959216], [-119.75512500013632, 38.68693299970071], [-119.75468400009534, 38.686762999714496], [-119.75453099993446, 38.68649700022912], [-119.75441799995659, 38.68628800019015], [-119.75433900031385, 38.68605100025951], [-119.7542299996356, 38.68581799995591], [-119.75424100040455, 38.685582999732944], [-119.75429999995579, 38.685489999780664], [-119.75435900040534, 38.68539599977387], [-119.75438100014664, 38.68530899988885], [-119.75432599989506, 38.68513399986424], [-119.75417100008438, 38.6848709997555], [-119.75397600009072, 38.68459400015559], [-119.75376900040146, 38.68415599985301], [-119.75364999967745, 38.68402499985164], [-119.75359199995115, 38.68396100004211], [-119.75353500004971, 38.68372300016062], [-119.75355599996612, 38.68348700010932], [-119.75362000043853, 38.68320800013222], [-119.75363799998188, 38.6828119999031], [-119.7535810000805, 38.68263700008291], [-119.7533579995994, 38.68242300011387], [-119.75321000035973, 38.682215000074635], [-119.75312999999377, 38.681953999719696], [-119.7529199999315, 38.68181400004249], [-119.75231099966103, 38.681702999667976], [-119.75190200030544, 38.68153199989126], [-119.75151200031812, 38.6812669998853], [-119.75131700032443, 38.681006000280405], [-119.7513159996012, 38.68099099965353], [-119.75129999970767, 38.68069999977323], [-119.75143000030234, 38.680423000156786], [-119.75152300018877, 38.68025300013211], [-119.75150200027235, 38.68008799974266], [-119.75145500041668, 38.67992499969413], [-119.7512860003623, 38.67979599968515], [-119.75101000017776, 38.679762999988014], [-119.75068200011471, 38.679748999814336], [-119.75048000044835, 38.679722000173044], [-119.75007100019442, 38.679586999709834], [-119.74969899975042, 38.67950499985475], [-119.74925900043272, 38.679475000072486], [-119.74851399971982, 38.67935700015222], [-119.74796999974667, 38.67916199988739], [-119.74754200012451, 38.67898200014231], [-119.74712000035011, 38.678932999689174], [-119.74689299967109, 38.67890699976431], [-119.7459229997256, 38.678938999832326], [-119.74525900010187, 38.67905799976264], [-119.74479700014452, 38.67919999996266], [-119.7443100000728, 38.679292999674324], [-119.74377699997034, 38.6792289998405], [-119.74361200011387, 38.679135000024594], [-119.743571000106, 38.67911200023738], [-119.7433329995563, 38.67899099964941], [-119.7431290002401, 38.67878700025828], [-119.74292800039866, 38.67851200031008], [-119.7426489998411, 38.678151999902944], [-119.74237199983166, 38.677977999945305], [-119.74197799964637, 38.67779699998794], [-119.74166600037516, 38.67776400007036], [-119.74141000028212, 38.677864999855146], [-119.74102799979237, 38.677977999945305], [-119.74042000024514, 38.677847999894375], [-119.74012800016709, 38.67772800001541], [-119.73983799973887, 38.67753999982387], [-119.73965899963875, 38.67723299987824], [-119.73948499956144, 38.676951999961624], [-119.73936400008594, 38.67675600010292], [-119.73899300036517, 38.67655199995185], [-119.73797900003878, 38.67627799989296], [-119.73764900032589, 38.67617699997264], [-119.73689600011538, 38.675928000129794], [-119.73650100010518, 38.67569699996575], [-119.73601400003345, 38.67531599996996], [-119.7359820002464, 38.67525500031245], [-119.73563699956658, 38.674597000345514], [-119.73553199998463, 38.67440499999757], [-119.73553000033479, 38.674205999907926], [-119.73545599981662, 38.674063000227925], [-119.73532799977012, 38.673881000094575], [-119.73530500020388, 38.67360099974103], [-119.73522999986082, 38.67343100034463], [-119.73495700004935, 38.67323399985846], [-119.7345160000084, 38.67300900005682], [-119.73430900031917, 38.672784000249344], [-119.73382399989724, 38.671641999689804], [-119.73348199959048, 38.670683000301544], [-119.73340899979556, 38.67058499992214], [-119.73323200024356, 38.67048499982614], [-119.73288999993677, 38.67042599984428], [-119.73222100029021, 38.670431999999174], [-119.73214099992425, 38.67037400011707], [-119.73202600029653, 38.67029200022785], [-119.73163200011122, 38.67011099977201], [-119.73118500022247, 38.6697869997547], [-119.7308920003195, 38.66966799984127], [-119.73006299994103, 38.6695420000474], [-119.72967200012879, 38.66946200021905], [-119.72952800018875, 38.66943299989095], [-119.72927700011857, 38.669334999904635], [-119.72895400007836, 38.66904800027514], [-119.72876800030554, 38.668753000270755], [-119.72871800007681, 38.668673999728014], [-119.72858099980947, 38.6684020000159], [-119.72854599964938, 38.66823500001585], [-119.72864899958155, 38.667921000300844], [-119.7290190003757, 38.66749700013115], [-119.72933999986776, 38.66714899989572], [-119.7293569995862, 38.66713200019563], [-119.72948600035595, 38.66679400012176], [-119.72955499995291, 38.66634900030986], [-119.7295320003867, 38.666187000038455], [-119.72933099964693, 38.66590699975288], [-119.72846299980871, 38.665289999825646], [-119.72821500011159, 38.664997999723255], [-119.72792399985845, 38.66475999991198], [-119.72745299968025, 38.664495999761854], [-119.72734800009827, 38.66417299981653], [-119.72736700036485, 38.663674999929896], [-119.72735399994606, 38.663611000160934], [-119.72730899974019, 38.66337799975172], [-119.72708000030967, 38.66309899995019], [-119.72691399973, 38.66283999983027], [-119.7269770003775, 38.6625310001679], [-119.72718200041692, 38.662292000318274], [-119.72740499999966, 38.66224599973322], [-119.72783900036794, 38.66218300034796], [-119.72815400001222, 38.66201599987216], [-119.72825500029455, 38.66164699969551], [-119.72818999999723, 38.66128700005185], [-119.72801400027014, 38.661061000309566], [-119.72778900013923, 38.660912000076976], [-119.72745500022839, 38.660847999943115], [-119.72710700007386, 38.66069799969016], [-119.72701900021029, 38.660423999978995], [-119.72692799997368, 38.66041099981301], [-119.72691499955492, 38.66041000023183], [-119.72683099988933, 38.660412000095654], [-119.72677800018589, 38.6603959997805], [-119.72668500029945, 38.660316999837896], [-119.72661599980417, 38.660257999894895], [-119.72657200032155, 38.660220000286365], [-119.72646500019144, 38.66016899974633], [-119.72639200039649, 38.66013999986319], [-119.72636599955891, 38.66012999980401], [-119.72633100029714, 38.66012700034713], [-119.72632000042648, 38.66010000031957], [-119.72626400034996, 38.659931000019455], [-119.72608000022694, 38.65937000033975], [-119.72607000018121, 38.65934300002675], [-119.72599999986102, 38.65914999985728], [-119.72585900029402, 38.658935000215514], [-119.72582999998168, 38.65888999988254], [-119.72570000028536, 38.65873000018445], [-119.7254500000401, 38.65852999970837], [-119.72529000020654, 38.65843000031316], [-119.72506000005279, 38.65831999976489], [-119.72477999967029, 38.658180000162], [-119.72451000023185, 38.658009999925575], [-119.72434000035253, 38.657799999860444], [-119.72427000003233, 38.657580000167336], [-119.72424999994085, 38.657350000052645], [-119.7242599999866, 38.6571799999507], [-119.72431000021531, 38.65699999965051], [-119.72434899967504, 38.6569040001473], [-119.72440999977442, 38.65675999994964], [-119.724569999608, 38.656499999717006], [-119.7246399999282, 38.65636999994826], [-119.72467000006544, 38.656220000137736], [-119.72467000006544, 38.656019999667976], [-119.72460999979097, 38.65589999967926], [-119.72451000023185, 38.655780000191015], [-119.72433000030681, 38.655649999817], [-119.72415000038174, 38.655529999909945], [-119.72403999987856, 38.655429999833856], [-119.72391000018223, 38.65528000015939], [-119.72384999990777, 38.655130000170864], [-119.72381999977054, 38.654979999868225], [-119.72380999972482, 38.6547900002499], [-119.72384999990777, 38.65454000002127], [-119.72394000031947, 38.65425999979564], [-119.72404999992432, 38.654020000033974], [-119.72438999968294, 38.65359999974393], [-119.72455000041482, 38.65335999987562], [-119.72470000020266, 38.65301999997199], [-119.7247500004314, 38.652839999741076], [-119.72477999967029, 38.652639999655605], [-119.72477999967029, 38.65245000014459], [-119.72472000029416, 38.652230000155114], [-119.72468199976099, 38.65212600019281], [-119.72459999974522, 38.6519000003072], [-119.72442999986592, 38.65154999993417], [-119.72431000021531, 38.651180000145956], [-119.72430000016958, 38.650949999826466], [-119.72433000030681, 38.65073000014148], [-119.72438999968294, 38.650589999735125], [-119.72450500020898, 38.65042600015388], [-119.72467000006544, 38.65029000014798], [-119.72479999976177, 38.650189999772586], [-119.72534000043525, 38.64994000032812], [-119.72579999984447, 38.64979999978113], [-119.72616999974032, 38.64967999989628], [-119.72627600004553, 38.64964099985536], [-119.72657999981917, 38.649530000108406], [-119.72685000015592, 38.64939000016339], [-119.72704000012669, 38.649260000119824], [-119.72730999956511, 38.64905999986201], [-119.72753999971889, 38.64889999995537], [-119.72778999996414, 38.648670000033626], [-119.72793999975197, 38.64852000023592], [-119.72801000007216, 38.64835999982497], [-119.72805000025517, 38.648159999861186], [-119.72802000011792, 38.647980000047866], [-119.72795999984345, 38.64783999988041], [-119.72784000019286, 38.6477099998308], [-119.72767000031352, 38.64758999995346], [-119.72733999970235, 38.64736999977322], [-119.72705000017243, 38.64716999985236], [-119.72667000023083, 38.64691999969244], [-119.72627000019777, 38.64667999989696], [-119.72584000002745, 38.646389999948596], [-119.72536800002433, 38.64609599970277], [-119.72522999993208, 38.64601000024767], [-119.72473000033989, 38.645780000169744], [-119.72431000021531, 38.64565999986649], [-119.72394000031947, 38.64558000002047], [-119.72373000025716, 38.64552000007728], [-119.72356000037786, 38.64543000006838], [-119.72354699995907, 38.64542099985076], [-119.72334000026984, 38.645279999802284], [-119.72303999979587, 38.64499999986867], [-119.72279100027383, 38.64475999995686], [-119.72277000035744, 38.64473999975255], [-119.72251000006645, 38.64446999995575], [-119.72227999991266, 38.644250000018765], [-119.72213000012486, 38.64406000000802], [-119.72211300040641, 38.64402399984579], [-119.7220199996217, 38.643829999985705], [-119.72194000015404, 38.643580000100336], [-119.72187999987958, 38.64333000004439], [-119.72183999969663, 38.64311000011571], [-119.7218299996509, 38.642890000213285], [-119.72183999969663, 38.642740000243364], [-119.72193000010832, 38.6425300003194], [-119.72204999975891, 38.64236000013064], [-119.72224999977546, 38.64220999975302], [-119.72243999974626, 38.64210000025891], [-119.72264999980854, 38.64201999994667], [-119.72309000002458, 38.641880000062386], [-119.72313500023044, 38.641858999915875], [-119.72317700006323, 38.64183399969996], [-119.72322899994175, 38.64181499992294], [-119.72340999969173, 38.641730000083406], [-119.72359999966253, 38.64161999985248], [-119.72371000016568, 38.641510000154376], [-119.72380499970193, 38.64139600019982], [-119.72386999999925, 38.64131999989544], [-119.72393000027373, 38.641080000288596], [-119.72396999955836, 38.640679999859486], [-119.72397999960413, 38.640239999896245], [-119.72396000041094, 38.63981000012886], [-119.72385999995355, 38.639460000339206], [-119.7237600003944, 38.63922000011705], [-119.72371500018858, 38.63913699976259], [-119.72353000024064, 38.638789999843475], [-119.72343999982895, 38.63858999983258], [-119.72343399998117, 38.63856699965175], [-119.72341399988969, 38.638484999831554], [-119.72340700021698, 38.63845800006702], [-119.72339999964598, 38.638428999814835], [-119.72336500038419, 38.63841499997924], [-119.7232740001476, 38.638308999832255], [-119.72314899957581, 38.638044999724684], [-119.72308199962868, 38.63772299968583], [-119.72300299998595, 38.637049000164744], [-119.72298799991735, 38.63695900004262], [-119.72290199970361, 38.63641799982764], [-119.72267400009798, 38.63573000030599], [-119.72251000006645, 38.63468099983538], [-119.72238399966974, 38.63400200003092], [-119.72200899975104, 38.63363400006315], [-119.72141200007447, 38.63346699969674], [-119.72101600023933, 38.63325899988973], [-119.72094599991912, 38.63321300030973], [-119.72074799955242, 38.63308399965209], [-119.72029200034115, 38.63273000013086], [-119.71982799983564, 38.63234599968465], [-119.71982700001072, 38.632271000283886], [-119.71982600018583, 38.63219500012811], [-119.71987600041454, 38.63210400025102], [-119.71992599974494, 38.63201300025846], [-119.72007100040821, 38.631936999829165], [-119.72031499990736, 38.631711000126295], [-119.72063100027486, 38.63148399972622], [-119.72075099992544, 38.63139900026632], [-119.72110199955473, 38.6311609996986], [-119.72142999961781, 38.63092799970718], [-119.72176500025186, 38.63066799976857], [-119.72200200007833, 38.630442000275906], [-119.72216199991192, 38.630240000126435], [-119.72242100037799, 38.62978299979319], [-119.72252799960978, 38.62967700021491], [-119.72274199987004, 38.6295869999601], [-119.7229560001303, 38.62950899974141], [-119.72309000002458, 38.62942200001813], [-119.72313100003247, 38.629396999674825], [-119.7233519999654, 38.62927499997969], [-119.72349699973036, 38.629212999686935], [-119.7236110004315, 38.62918299988826], [-119.72366499995987, 38.629141999885746], [-119.7238790002201, 38.62879399998161], [-119.72390099996142, 38.628759999916554], [-119.72370000011995, 38.628759999916554], [-119.72345999992044, 38.628819999855345], [-119.72309000002458, 38.628979999680716], [-119.72273000017448, 38.62912999967518], [-119.72254000020368, 38.6292000001734], [-119.72227999991266, 38.62922999996496], [-119.72212000007913, 38.62919000000612], [-119.7219500001998, 38.62908999966055], [-119.72187999987958, 38.62898999987723], [-119.72181999960516, 38.628830000074224], [-119.72179000036623, 38.62860000030202], [-119.72177000027473, 38.62813000033449], [-119.72177000027473, 38.6278300000583], [-119.72176000022903, 38.62757999980502], [-119.72173799958938, 38.62746500011158], [-119.72169999995454, 38.627259999865046], [-119.72159000034969, 38.62672000019316], [-119.72136000019592, 38.62611000002592], [-119.72099000030005, 38.625279999667306], [-119.720810000375, 38.62492999981561], [-119.72065999968886, 38.624749999908445], [-119.72058000022125, 38.62460999998021], [-119.72057000017548, 38.62447999990233], [-119.72057000017548, 38.624309999714875], [-119.72061000035846, 38.62408000018209], [-119.72060000031273, 38.62393000015042], [-119.72054000003827, 38.62377000028548], [-119.72045999967231, 38.62361000006355], [-119.72024999961005, 38.6234399999191], [-119.72006999968498, 38.623320000111164], [-119.71933999993902, 38.623050000335546], [-119.71905200005892, 38.622941999719586], [-119.71872999984365, 38.62282000027076], [-119.71836999999354, 38.62263000030168], [-119.71807999956533, 38.6223699997499], [-119.71712999971132, 38.62159999998255], [-119.71700000001499, 38.62142999998622], [-119.71695999983201, 38.621299999758456], [-119.71695999983201, 38.621150000228546], [-119.71698999996926, 38.62096000004618], [-119.71698999996926, 38.62080999980516], [-119.71694999978628, 38.62057000031115], [-119.71689000041013, 38.620449999912026], [-119.71677999990695, 38.620300000008086], [-119.71664000016489, 38.62018999987919], [-119.71633999969092, 38.62004000013334], [-119.7161199995829, 38.61997999986643], [-119.71584000009872, 38.61993999966057], [-119.7154099999284, 38.619869999948556], [-119.71530100014844, 38.61984300019176], [-119.7151699997289, 38.61981000024129], [-119.7147000002739, 38.619650000308546], [-119.71439999979995, 38.6195399998846], [-119.71398999972114, 38.619330000074235], [-119.71368000009974, 38.61915000014849], [-119.71334000034112, 38.61892000020985], [-119.71286999998782, 38.618620000005386], [-119.71268000001702, 38.61841000030885], [-119.7125300002292, 38.618210000293615], [-119.71233000021265, 38.618020000043366], [-119.71218999957225, 38.61790000029096], [-119.71206999992165, 38.61785699980438], [-119.71204999983016, 38.617849999983896], [-119.71174000020876, 38.61780000034388], [-119.71133000012995, 38.617740000308714], [-119.71106999983895, 38.617689999890125], [-119.71083999968518, 38.617629999763], [-119.71059000033823, 38.617589999650335], [-119.71036000018448, 38.61757000028752], [-119.7102000003509, 38.61753999982907], [-119.71009999989349, 38.61748999997296], [-119.71000000033435, 38.617399999863366], [-119.7099400000599, 38.61729000019996], [-119.70993000001415, 38.617169999928116], [-119.70999000028864, 38.61696000019763], [-119.71006999975624, 38.61670999995082], [-119.71008999984772, 38.616569999768934], [-119.71004999966478, 38.61646000023645], [-119.70997000019713, 38.6163700002383], [-119.70984999964823, 38.61630999970886], [-119.70969999986038, 38.61628000012723], [-119.70926999969008, 38.61632000026853], [-119.7091099998565, 38.61630999970886], [-119.70889999979424, 38.6162700002639], [-119.7086799996862, 38.616180000027306], [-119.70841299972253, 38.61607599969134], [-119.7083700000648, 38.6160600000042], [-119.70830399994256, 38.616037999814395], [-119.70816000000251, 38.61599000001495], [-119.70795999998599, 38.615910000043925], [-119.7078000001524, 38.6158900002127], [-119.70758000004437, 38.61591999995744], [-119.70727999957042, 38.61599999991732], [-119.70712999978258, 38.61601999971792], [-119.70702000017774, 38.616009999818345], [-119.70690999967454, 38.61598000011119], [-119.70681000011545, 38.615929999869564], [-119.70674999984101, 38.615869999674], [-119.706709999658, 38.61573999989693], [-119.70668999956652, 38.61557000004897], [-119.70662000014462, 38.61543999972822], [-119.70652999973296, 38.61534999985408], [-119.70635999985366, 38.61527999987394], [-119.70618999997436, 38.61524999986154], [-119.70583000012422, 38.615209999825446], [-119.70558999992471, 38.6151699997671], [-119.70537999986243, 38.61511999966274], [-119.70511999957144, 38.61499999997208], [-119.704589999842, 38.614800000275515], [-119.7039499996094, 38.614509999795224], [-119.7037100003082, 38.61428999985902], [-119.70341999988, 38.61417000018377], [-119.7030399999384, 38.614099999754046], [-119.70275000040847, 38.61406999995003], [-119.70222999982649, 38.61393999971863], [-119.70191000015936, 38.61390999984771], [-119.70168000000558, 38.613930000230965], [-119.70124999983526, 38.614040000133535], [-119.70096000030534, 38.61405999977862], [-119.7006699998771, 38.614050000307735], [-119.70043999972336, 38.61401999978094], [-119.70021999961534, 38.61394999990677], [-119.69943999964066, 38.61343000020728], [-119.69917000020224, 38.61320000017729], [-119.69902000041441, 38.61300999999304], [-119.69891999995698, 38.61291000024811], [-119.69882000039784, 38.61285999997246], [-119.69867999975747, 38.612820000007574], [-119.69852999996964, 38.61276999966913], [-119.69835000004457, 38.612670000291615], [-119.69818000016528, 38.61252999994617], [-119.69795000001149, 38.61226000026327], [-119.69767999967473, 38.61197000004401], [-119.69744000037356, 38.611750000039684], [-119.6973600000076, 38.6116100000047], [-119.6972600004485, 38.611499999885844], [-119.69712999985386, 38.611379999755286], [-119.69699000011177, 38.611219999970935], [-119.69680000014097, 38.61090999994368], [-119.69662000021593, 38.610670000315956], [-119.69636999997067, 38.61039999995061], [-119.69613200031928, 38.61018800019435], [-119.69608999958817, 38.61015000000625], [-119.6956400002247, 38.60983000021028], [-119.69549000043686, 38.60967999985848], [-119.6950999995512, 38.6092700002919], [-119.69482000006703, 38.608950000080874], [-119.6946700002792, 38.608749999663004], [-119.69449000035416, 38.60859999986118], [-119.69404000009234, 38.60831000029115], [-119.69383000003009, 38.60821000031287], [-119.69342999999698, 38.60818999973889], [-119.69330000030065, 38.608160000271475], [-119.69320999988896, 38.60809999989497], [-119.69315999966025, 38.60804000017034], [-119.69313000042133, 38.607879999957284], [-119.69316999970599, 38.607559999864854], [-119.6932969999276, 38.606976999994174], [-119.69332000039216, 38.60687000007419], [-119.69335999967679, 38.6064900000726], [-119.69336999972253, 38.6062700001125], [-119.69335999967679, 38.60612000004019], [-119.69331000034639, 38.60594999985999], [-119.69318999979748, 38.60578999990057], [-119.69310000028412, 38.60563000028637], [-119.69299999982668, 38.60543999971078], [-119.69294999959797, 38.60524000003937], [-119.69293000040481, 38.6049700003007], [-119.69293000040481, 38.6049449998575], [-119.69293999955224, 38.60471000032026], [-119.69300999987243, 38.60445000009975], [-119.69311000032985, 38.60429000030588], [-119.69332000039216, 38.604149999754846], [-119.69352999955612, 38.60402999996773], [-119.69375999970987, 38.60385999975032], [-119.6938800002588, 38.60374999968408], [-119.69393999963494, 38.603640000151266], [-119.69395999972642, 38.60352000021338], [-119.69394999968067, 38.60346999971201], [-119.6939299995892, 38.60337000000882], [-119.69385000012156, 38.603190000051534], [-119.69368000024227, 38.602949999874134], [-119.69313000042133, 38.60230999992353], [-119.69293999955224, 38.602009999758934], [-119.69279999981015, 38.60173999980232], [-119.6927200003425, 38.6015299998358], [-119.69266000006806, 38.60127000002887], [-119.69262999993084, 38.60073999977354], [-119.69265000002231, 38.600440000066726], [-119.69276999967293, 38.60019999981964], [-119.69298999978095, 38.59997000020461], [-119.69313000042133, 38.599839999699356], [-119.69319999984323, 38.5997099996607], [-119.69323300035349, 38.599575999774046], [-119.69325000007194, 38.59951000016754], [-119.69327000016344, 38.59915000009668], [-119.69328000020916, 38.59862999984892], [-119.69326000011768, 38.59832999974741], [-119.6932199999347, 38.59805999998819], [-119.69313999956877, 38.597789999915406], [-119.69304000000966, 38.59750999985927], [-119.69302300029122, 38.59747700016685], [-119.69296200019184, 38.59736100019153], [-119.69282999994736, 38.59710999999068], [-119.69278100044188, 38.59701200007955], [-119.69272299981725, 38.59689600005488], [-119.69258800009806, 38.59698599990875], [-119.69248400034097, 38.5970579997106], [-119.69230299969269, 38.597368999663274], [-119.69215299990486, 38.597428999885096], [-119.69211600009494, 38.597695000194314], [-119.69200499976685, 38.59849600005213], [-119.69196899978182, 38.59876400009755], [-119.69194299984258, 38.59890900001144], [-119.69149599995382, 38.59932000023816], [-119.69142300015889, 38.599388000182], [-119.69091099997283, 38.59954699994378], [-119.69045300021342, 38.59995599988069], [-119.68945399995562, 38.60012299965514], [-119.68925099956601, 38.60015799967633], [-119.6890990001284, 38.60027199990783], [-119.68905999977032, 38.600521999867766], [-119.6889810001276, 38.60059099979042], [-119.68905700029558, 38.60067399983333], [-119.68915600002977, 38.600722000051135], [-119.68927099965752, 38.60079999998569], [-119.68935500022143, 38.600865999810026], [-119.68938500035863, 38.600995999861], [-119.68940000042727, 38.601108000050864], [-119.68938500035863, 38.60122099977076], [-119.68938500035863, 38.601338000231344], [-119.68921700012915, 38.601643999994145], [-119.6891409999612, 38.601794000296145], [-119.68910999999903, 38.60191700009918], [-119.6891409999612, 38.60206899991845], [-119.68921700012915, 38.602255999817956], [-119.68923999969536, 38.602368999836365], [-119.68919399966462, 38.602490999668966], [-119.68905700029558, 38.6025799998418], [-119.68890400013473, 38.60260600009236], [-119.68877500026328, 38.60258699974819], [-119.68858399956926, 38.60254100015039], [-119.68837000020733, 38.60253700000086], [-119.68815699977199, 38.602577999768165], [-119.6879810000449, 38.60263200033344], [-119.68787399991479, 38.60269300005214], [-119.68773699964741, 38.60275000028328], [-119.68756900031623, 38.60283000018654], [-119.68749300014825, 38.602894999866706], [-119.68737099994954, 38.60300200009768], [-119.68721000029106, 38.60313199978971], [-119.68695099982496, 38.603591999778985], [-119.68686700015937, 38.60379300020229], [-119.68684399969484, 38.60401799976733], [-119.68687499965701, 38.604147999724916], [-119.68693599975634, 38.604236999948874], [-119.68703500038886, 38.60434699997059], [-119.68713400012308, 38.60447999971427], [-119.68727899988804, 38.60465700027344], [-119.68742399965299, 38.60477499970166], [-119.68755400024763, 38.604849000124574], [-119.68776000011196, 38.604902999683006], [-119.68793500001414, 38.604956999902875], [-119.68807999977909, 38.605035000148625], [-119.688164000343, 38.60514100034676], [-119.68821000037376, 38.60522600004149], [-119.6884539998729, 38.60544500004645], [-119.68858399956926, 38.60554600001268], [-119.68882799996672, 38.60568900027776], [-119.68901100026481, 38.60578900025945], [-119.68918600016701, 38.60584800012012], [-119.68932400025929, 38.60588500013887], [-119.68957600015436, 38.605897000027], [-119.68976600012513, 38.605920000158], [-119.68984999979075, 38.60597600029354], [-119.68989599982152, 38.60603800031736], [-119.68991199971501, 38.60611499975156], [-119.68996500031677, 38.60619500011554], [-119.69004899998237, 38.60625600031557], [-119.69031599994607, 38.60649700029955], [-119.69047599977964, 38.60664700028583], [-119.69058999958246, 38.606838000099934], [-119.69057500041214, 38.60697800032069], [-119.69047599977964, 38.607105999882414], [-119.69041499968026, 38.60722499981853], [-119.69036899964952, 38.60739299984654], [-119.69037700004544, 38.60755499967658], [-119.6903469999082, 38.60776200001911], [-119.69028499998392, 38.60790399976633], [-119.6901789996787, 38.60808199991265], [-119.68988099975287, 38.60844000019494], [-119.68977399962277, 38.60859600004939], [-119.68973599998792, 38.608817000198506], [-119.6897900004146, 38.608920000229226], [-119.68988099975287, 38.60900299976474], [-119.69004099958647, 38.60912500025245], [-119.69041499968026, 38.609377999733866], [-119.69049099984824, 38.6094939999414], [-119.690536999879, 38.609609999961386], [-119.690536999879, 38.60978999995997], [-119.69047599977964, 38.61006199967817], [-119.69049900024416, 38.61026399980815], [-119.69056000034354, 38.610441999715405], [-119.69066699957533, 38.610629000258285], [-119.69079700017, 38.610751999658994], [-119.6909799995698, 38.61086500033786], [-119.6914449999002, 38.611200999801746], [-119.69166599983313, 38.61137699966171], [-119.69171600006186, 38.61142700026909], [-119.69183400006263, 38.61154400023443], [-119.6919100002306, 38.611673000334996], [-119.69194100019274, 38.6117940002349], [-119.6919100002306, 38.611952000330625], [-119.6919100002306, 38.612177000283936], [-119.69194899969034, 38.61243300028365], [-119.69201700036075, 38.61270700030217], [-119.69210100002633, 38.61297000011184], [-119.69211600009494, 38.61321800027943], [-119.69215499955467, 38.6133700000264], [-119.69224599979128, 38.61349399987694], [-119.69249799968634, 38.613645999740996], [-119.69275700015243, 38.61374400010139], [-119.69305500007827, 38.61384500031842], [-119.693245999874, 38.61392600001439], [-119.69349000027145, 38.614010999831024], [-119.693718999702, 38.61406399998778], [-119.6939249995663, 38.61414500013841], [-119.69379499986998, 38.61418399984034], [-119.69360400007426, 38.61422399974662], [-119.69342900017209, 38.61430899991204], [-119.69313899974385, 38.614357000134376], [-119.6929100003133, 38.61434400003346], [-119.69268900038037, 38.61428599966251], [-119.69249000018876, 38.6142179997972], [-119.69219999976052, 38.61417099970807], [-119.69197100032999, 38.6141219998363], [-119.69172699993251, 38.61409600024887], [-119.69147599986233, 38.61412499981508], [-119.69130799963285, 38.61416000002629], [-119.69101800010293, 38.614283999915166], [-119.69091099997283, 38.61432200001929], [-119.69088800040662, 38.61432699973597], [-119.69065900007773, 38.61430499971659], [-119.69056299981824, 38.614254000188104], [-119.69054500027492, 38.61424500026754], [-119.6904380001448, 38.61417499991099], [-119.69036899964952, 38.61409600024887], [-119.69031599994607, 38.61400700032088], [-119.69011000008175, 38.613814000176575], [-119.68996500031677, 38.61365899996839], [-119.6898049995849, 38.6135100001364], [-119.68960600029159, 38.613285000152196], [-119.68931599986337, 38.61306999977313], [-119.68917899959601, 38.61298400000259], [-119.68893500009686, 38.61285899972789], [-119.68877500026328, 38.612763000054194], [-119.68867599963076, 38.61269800018753], [-119.68851499997228, 38.61261600026094], [-119.68840100016945, 38.61251900001277], [-119.68827899997073, 38.612391999829654], [-119.68821000037376, 38.61226699992735], [-119.68814900027438, 38.61210599976032], [-119.68812599980986, 38.61199399988882], [-119.68806499971048, 38.61189200031745], [-119.68795799958038, 38.61177700003502], [-119.68774500004335, 38.61160699992074], [-119.68758500020976, 38.611493000146986], [-119.68745399979022, 38.61142799983161], [-119.6873399999874, 38.61135500014154], [-119.68724100025318, 38.61127100025246], [-119.6870880000923, 38.6111039997462], [-119.68698900035811, 38.610971000347014], [-119.68684399969484, 38.610793999919686], [-119.68655400016495, 38.61069200004615], [-119.68644000036213, 38.61061800003342], [-119.68634800030063, 38.61053000027936], [-119.68630999976746, 38.61044100013909], [-119.68630999976746, 38.610315000067274], [-119.68628700020125, 38.61019399977886], [-119.68630999976746, 38.61003100000754], [-119.68629499969886, 38.609823999893365], [-119.68629499969886, 38.60964000022645], [-119.68627999963022, 38.609409999979306], [-119.68627899980532, 38.609262000040765], [-119.6862489996681, 38.609104999933535], [-119.686257000064, 38.608906000247345], [-119.68630999976746, 38.60854499997226], [-119.68635599979822, 38.608408000218866], [-119.68638699976036, 38.608262999841365], [-119.68640900039999, 38.60812300002182], [-119.68641699989757, 38.60798299992911], [-119.68641699989757, 38.607847999731455], [-119.6864250002935, 38.60768099968149], [-119.68645500043071, 38.6075639997344], [-119.68650099956317, 38.60742300033668], [-119.68644799985971, 38.60728900010959], [-119.68635599979822, 38.607155999956284], [-119.68613499986526, 38.607021000308606], [-119.68587600029748, 38.60691899998518], [-119.68560099993789, 38.60686200025744], [-119.68521199977546, 38.606789000133624], [-119.68512700028495, 38.6067740001086], [-119.68497499994899, 38.60676400032415], [-119.6847840001533, 38.60673699984625], [-119.68464699988594, 38.60668599985179], [-119.68444100002161, 38.60659200030384], [-119.68420500002007, 38.60656099983599], [-119.68390700009424, 38.60653200002023], [-119.68348699996965, 38.60654599976331], [-119.68325099996811, 38.606543000169545], [-119.6829610004382, 38.60647300001995], [-119.68272399971343, 38.60639699990056], [-119.68251100017642, 38.60635699984233], [-119.68230500031208, 38.6063250003413], [-119.68193799989096, 38.60631600012801], [-119.6818009996236, 38.6063049999439], [-119.68169400039181, 38.606239999842344], [-119.68160999982791, 38.606152000334646], [-119.68156499962207, 38.606077000214356], [-119.68156499962207, 38.605972999974], [-119.68164099979005, 38.6058229999828], [-119.68167900032317, 38.60570900014485], [-119.68166400025457, 38.605569999900325], [-119.6816259997214, 38.60548499991105], [-119.68152600016232, 38.60539300018914], [-119.68137399982633, 38.60532900031298], [-119.68119100042657, 38.60526499967779], [-119.68088599992973, 38.60513300033727], [-119.68071799970024, 38.60503700015383], [-119.68047400020106, 38.60490800005609], [-119.68032100004018, 38.604802999870664], [-119.68011500017585, 38.60467699972613], [-119.67987900017431, 38.60453899994917], [-119.67973400040935, 38.60444699971641], [-119.67952000014913, 38.60436199980098], [-119.67936000031554, 38.60429399965569], [-119.67922999972089, 38.6042519998022], [-119.67907699956001, 38.604232999893824], [-119.67892500012238, 38.60424999977518], [-119.6787650002888, 38.60429399965569], [-119.67859700005931, 38.60436100013996], [-119.67843899987554, 38.60441599972587], [-119.67839100019499, 38.604433000265836], [-119.6779710000704, 38.60449199983736], [-119.67779600016821, 38.60447799969354], [-119.677658000076, 38.604435999947746], [-119.67753599987724, 38.6043809996752], [-119.67738400043957, 38.604284999889735], [-119.67733000001292, 38.60419599972531], [-119.67725399984494, 38.604044999864314], [-119.67718500024796, 38.60385700004427], [-119.67712400014858, 38.60371000025638], [-119.67707100044512, 38.6035220002608], [-119.67697900038362, 38.6033630001788], [-119.67693400017781, 38.6032859998977], [-119.67686499968251, 38.6032110002921], [-119.67675799955236, 38.60312799967306], [-119.67670400002402, 38.60309800019539], [-119.67654400019046, 38.60301100002459], [-119.67633099975512, 38.602866999655284], [-119.6761399999594, 38.602764000062216], [-119.67559799963612, 38.60254199983677], [-119.67536900020556, 38.60241599993453], [-119.67512499980809, 38.60232300009884], [-119.67498000004313, 38.60228099979387], [-119.67485000034678, 38.60221699995043], [-119.67472099957706, 38.60213400028792], [-119.67458300038311, 38.60202900025586], [-119.67431600041942, 38.60176900015053], [-119.67421699978689, 38.60170400015254], [-119.67405699995334, 38.601473000039746], [-119.6739499998232, 38.60135000017777], [-119.67380500005824, 38.601208999802715], [-119.67376700042341, 38.6010880003056], [-119.67370600032405, 38.60102199998331], [-119.67355300016317, 38.600988999799426], [-119.67335499979644, 38.600971000139474], [-119.6731339998635, 38.60097600008447], [-119.6729509995654, 38.60100299992183], [-119.67277499983831, 38.601057000268135], [-119.67259999993612, 38.60111900032962], [-119.67240900014042, 38.60117299988664], [-119.67222599984233, 38.601182000042854], [-119.67205799961282, 38.60113200001867], [-119.6718440002509, 38.60102800033427], [-119.6716989995876, 38.60094599970724], [-119.67159999985341, 38.60088099966592], [-119.67158499978481, 38.60082300034619], [-119.6715549996476, 38.60065199983973], [-119.67153899975405, 38.60045400029623], [-119.6714929997233, 38.60028900002535], [-119.67145500008846, 38.60018100024257], [-119.67129500025489, 38.60004100010031], [-119.67097499968942, 38.59982699977628], [-119.67067699976361, 38.599641000295215], [-119.67044099976206, 38.599416000346615], [-119.6704099997999, 38.59934900016014], [-119.6703949997313, 38.59925500012835], [-119.67017299997345, 38.59907100003846], [-119.66997499960672, 38.5989490000088], [-119.66980700027555, 38.598858999807916], [-119.66959399984022, 38.59875500034015], [-119.66937999957999, 38.5985889999324], [-119.66935700001375, 38.59853999995011], [-119.66927300034817, 38.59845599980236], [-119.66925800027956, 38.59839799992711], [-119.66917399971565, 38.59825100019082], [-119.66907499998145, 38.59817300029445], [-119.66893000021648, 38.59794200005013], [-119.66887699961474, 38.59786600002298], [-119.6687770000556, 38.597823000166024], [-119.66871599995626, 38.59776600023424], [-119.6685789996889, 38.59765200023485], [-119.66840299996181, 38.59755700033111], [-119.66824300012824, 38.59748399986885], [-119.66814400039404, 38.597422999935404], [-119.66797600016454, 38.59728800023204], [-119.66781600033099, 38.59720100003905], [-119.66764100042879, 38.597119999716185], [-119.66747999987199, 38.5970509999671], [-119.66735799967324, 38.59701800006366], [-119.6672129999083, 38.596994000124326], [-119.66708300021197, 38.59700200033902], [-119.66692300037839, 38.59707700011437], [-119.66686999977662, 38.597151000049905], [-119.6667559999738, 38.597265999902646], [-119.66670999994305, 38.5973299999485], [-119.66658699991942, 38.59742699966787], [-119.66650400007876, 38.59751500004537], [-119.66632099978064, 38.59765399974373], [-119.66620600015291, 38.59771099976443], [-119.66589300015848, 38.5978940000793], [-119.66579400042426, 38.59793699989377], [-119.66566499965451, 38.59800699994482], [-119.66560299973024, 38.598007999694296], [-119.66552699956226, 38.59799700034289], [-119.66544299989667, 38.59796299972011], [-119.66536699972868, 38.59791000030715], [-119.665319999873, 38.59786000010981], [-119.66525999959856, 38.59779599983443], [-119.66513800029816, 38.59770400008462], [-119.66509999976499, 38.597592000199434], [-119.66501600009941, 38.59746800024812], [-119.66495500000003, 38.59735200025826], [-119.66490899996927, 38.59723099987542], [-119.66486299993853, 38.597156000260966], [-119.66479500016646, 38.597107999764575], [-119.6647340000671, 38.59702799980198], [-119.66455099976898, 38.59693800000071], [-119.6644670001034, 38.59688100006826], [-119.66443600014127, 38.59686800031135], [-119.66426000041417, 38.59667000015835], [-119.66415400010895, 38.59653699998298], [-119.66407000044336, 38.596413000315394], [-119.6639249997801, 38.59621300006054], [-119.66384299976433, 38.596107999791364], [-119.6635530002344, 38.59591000035042], [-119.66333899997419, 38.59581699980748], [-119.66328200007278, 38.595810999723035], [-119.66305399956882, 38.595787999862694], [-119.66231100030237, 38.59591899976243], [-119.66204500016362, 38.59593600020886], [-119.66177499982686, 38.59590400027375], [-119.66114600036326, 38.59579499972941], [-119.66087699985142, 38.59570799983313], [-119.66052200002416, 38.59556599982442], [-119.66006199971663, 38.59528300015591], [-119.65891699986896, 38.59464200014553], [-119.65861999976805, 38.594527000301575], [-119.65843900001806, 38.594342000227044], [-119.6582930004282, 38.593917999992236], [-119.6582659997657, 38.59378699995148], [-119.65820999968923, 38.59351399981655], [-119.65816100018372, 38.59335000025742], [-119.65800600037304, 38.59320099967807], [-119.6577920001128, 38.59309800025603], [-119.65749400018696, 38.59298300004504], [-119.6571929998881, 38.59278799987678], [-119.65700100026746, 38.592478000265345], [-119.65689800033529, 38.59245800022182], [-119.65675299967204, 38.59234000020251], [-119.6567150000372, 38.59227800028129], [-119.65665399993783, 38.59223000003368], [-119.6565390003101, 38.59219600018995], [-119.65641700011136, 38.592189999802805], [-119.65630300030857, 38.59223800007716], [-119.65621899974464, 38.59228399995889], [-119.65616100001832, 38.59228099976908], [-119.65609700044423, 38.59227800028129], [-119.65595900035196, 38.59229900020395], [-119.65577600005386, 38.592349000062065], [-119.65557799968714, 38.59241599976116], [-119.65538699989142, 38.592451999856564], [-119.65520399959333, 38.59247000024861], [-119.65511999992772, 38.592454000212406], [-119.65496799959178, 38.592417000290645], [-119.65482299982682, 38.592352000249036], [-119.65458600000036, 38.59219100033548], [-119.65442600016677, 38.5921359998069], [-119.65424299986867, 38.59212699992063], [-119.65410499977642, 38.592156999771156], [-119.65390700030802, 38.59220599989784], [-119.65377000004067, 38.592263000031785], [-119.6537240000099, 38.59229199999635], [-119.6537240000099, 38.592337000015036], [-119.65364799984192, 38.592410000094546], [-119.65364000034431, 38.59249599994868], [-119.65359400031357, 38.5925419996651], [-119.65358099989479, 38.59254999967387], [-119.65348800000835, 38.59261200006233], [-119.65333499984747, 38.59265600005639], [-119.65319699975521, 38.59269100020793], [-119.65305299981517, 38.59275699976528], [-119.65297599982227, 38.592826999952806], [-119.65283899955494, 38.592866000007646], [-119.65269600033811, 38.59286399966327], [-119.65262400036808, 38.59286299984216], [-119.65257900016226, 38.59286299984216], [-119.65242699982628, 38.59288400029584], [-119.65241099993275, 38.59288800028127], [-119.6523430001607, 38.592909000025564], [-119.65221299956603, 38.593029000151546], [-119.65213700029636, 38.593083999995955], [-119.65212899990044, 38.593157000018024], [-119.6520989997632, 38.59323799989791], [-119.65202299959525, 38.593284999656284], [-119.65192399986103, 38.59331899968641], [-119.65190799996753, 38.593351000071756], [-119.6519230000361, 38.59344100015755], [-119.65194599960235, 38.59350800024174], [-119.65187000033266, 38.59356299971918], [-119.65173300006533, 38.5935530002003], [-119.65157999990446, 38.59359299967176], [-119.6514429996371, 38.59365899980402], [-119.65123699977279, 38.59379000007835], [-119.65103799958115, 38.59394300006396], [-119.6509079998848, 38.594030999797845], [-119.65076399994476, 38.59417399983745], [-119.65068000027918, 38.59427100031098], [-119.65064900031705, 38.594360999945465], [-119.65056499975312, 38.59443499987248], [-119.65035899988881, 38.59453500008909], [-119.65019900005525, 38.59461899991064], [-119.64993999958915, 38.59472400025145], [-119.6496269995947, 38.5948079998518], [-119.64952000036291, 38.59485100011074], [-119.64925300039921, 38.594970000007166], [-119.64904699963655, 38.59514599965762], [-119.64899399993311, 38.59521400004525], [-119.64900900000174, 38.59525499978321], [-119.64912299980456, 38.59537800026083], [-119.6491539997667, 38.595454000113804], [-119.64907000010112, 38.59554599993906], [-119.64888699980303, 38.595649000061414], [-119.64882599970365, 38.59573200020244], [-119.64877999967288, 38.595835999837625], [-119.64874899971075, 38.59598100004964], [-119.64865800037245, 38.59613599983134], [-119.64854399967133, 38.59627400032021], [-119.64840599957907, 38.596408000052584], [-119.64826900021004, 38.59668099971314], [-119.64818499964613, 38.59686300008018], [-119.64813899961536, 38.5970629999282], [-119.64810799965323, 38.597244000268674], [-119.64811600004914, 38.597423999693], [-119.64811600004914, 38.59760799979253], [-119.64808500008702, 38.597744000051364], [-119.64809299958462, 38.597928999783306], [-119.64808599991191, 38.59813599980993], [-119.64803999988116, 38.59831700025293], [-119.64805499994978, 38.59849699979478], [-119.648049000102, 38.598534000093274], [-119.64803999988116, 38.59860100033846], [-119.64807800041433, 38.59872199981601], [-119.64809299958462, 38.598852000239994], [-119.64810799965323, 38.599055000069406], [-119.64809299958462, 38.599276000116255], [-119.64809299958462, 38.59937500017707], [-119.6480630003457, 38.599497000184705], [-119.64803999988116, 38.59966899965906], [-119.64801700031495, 38.59989499994187], [-119.64789500011624, 38.600104999778004], [-119.64777299991749, 38.60037800012074], [-119.64770400032049, 38.60045099974582], [-119.64764300022114, 38.600425999834506], [-119.64762300012967, 38.6004279999681], [-119.64756700005316, 38.60043599980004], [-119.64739899982365, 38.600422000269084], [-119.64736899968644, 38.600415999867515], [-119.64728599984578, 38.60040200033267], [-119.64733699989938, 38.60045299987877], [-119.64749300043331, 38.60060900024769], [-119.64754600013674, 38.60066100006133], [-119.64759899984018, 38.600675999960025], [-119.64776100022192, 38.60072100033946], [-119.64781499975028, 38.60073600022567], [-119.64769699974948, 38.60110300011511], [-119.64760899988596, 38.60114899993254], [-119.64749099988518, 38.6016769998769], [-119.64745499990015, 38.602753999718956], [-119.64838100036302, 38.60408499980727], [-119.64842599967054, 38.60413000015523], [-119.648786000419, 38.60449700023907], [-119.64939399996622, 38.60536999988923], [-119.64948799967753, 38.60575899978819], [-119.6498519997256, 38.60727200024623], [-119.65097200035723, 38.61073600018828], [-119.65131899978854, 38.61137900019209], [-119.65140099980431, 38.61250199998468], [-119.65160199964578, 38.61300599972516], [-119.65159999999592, 38.61339500034185], [-119.65129000037454, 38.61363900021151], [-119.6511609996048, 38.61373999987444], [-119.65118900009222, 38.61419899972008], [-119.65132800000939, 38.6145590001039], [-119.65156099963788, 38.61516200017387], [-119.65158900012527, 38.61546099989315], [-119.65170600030115, 38.61550700033327], [-119.65193599955661, 38.6162630002885], [-119.65268499956915, 38.61789200030029], [-119.65266600020088, 38.61802500020419], [-119.65254599965198, 38.61865000001212], [-119.65221699976401, 38.620372999719784], [-119.6522369998555, 38.6205280001592], [-119.65230499962753, 38.62103700031001], [-119.65226000032003, 38.62115299991342], [-119.65231399984837, 38.62124399965249], [-119.65240000006209, 38.621386000086694], [-119.65239900023717, 38.62154000031885], [-119.65239900023717, 38.62164700011684], [-119.65292800014171, 38.622360000033765], [-119.65422899962496, 38.62411100009808], [-119.65428100040181, 38.62459300001044], [-119.65432099968648, 38.62496100006593], [-119.65412800024096, 38.625442999879425], [-119.65454900019043, 38.62591600010236], [-119.65452800027404, 38.62625500012168], [-119.65444799990809, 38.62642199974277], [-119.65385999955404, 38.62766000009318], [-119.65385000040659, 38.627839999713416], [-119.65383000031512, 38.627910000067544], [-119.65372999985769, 38.6280000003221], [-119.65344000032778, 38.62817999979059], [-119.65324000031123, 38.62839999993088], [-119.65299000006598, 38.62871000016307], [-119.6529699999745, 38.62878999989223], [-119.65299000006598, 38.62887999974398], [-119.65309999967086, 38.6290000000724], [-119.65326000040271, 38.62913999985077], [-119.65336199961166, 38.62922199983462], [-119.6535199997954, 38.62934999970759], [-119.65372999985769, 38.62950000033148], [-119.65383000031512, 38.629649999939815], [-119.65398000010295, 38.63006000021544], [-119.65402299976063, 38.63012899980198], [-119.65409999975356, 38.630250000147214], [-119.65403000033166, 38.630609999966715], [-119.65404000037742, 38.63073000020663], [-119.6540899997078, 38.63080999978713], [-119.65424000039394, 38.63091999976631], [-119.65434999999881, 38.63100999975138], [-119.65443000036474, 38.63110000032517], [-119.65446999964941, 38.63119999997254], [-119.65448999974087, 38.63131999992663], [-119.65456000006107, 38.631439999679856], [-119.65475300040495, 38.631675000076775], [-119.65502000036862, 38.63199999984909], [-119.6550899997905, 38.63213000032792], [-119.65516000011071, 38.632369999728915], [-119.65527999976133, 38.63255999985446], [-119.65547999977784, 38.63285999998768], [-119.65577000020608, 38.633259999849756], [-119.65604999969023, 38.6334999996781], [-119.65642999963184, 38.63374000010643], [-119.65687999989363, 38.6338700002369], [-119.65819999964346, 38.63421999995604], [-119.65844999988872, 38.63442999966901], [-119.6587629998832, 38.635012000329816], [-119.65879999969312, 38.635080000127665], [-119.6588900001048, 38.63531000016285], [-119.65888000005907, 38.635550000144995], [-119.65873000027122, 38.63592999987675], [-119.65856000039192, 38.63629999982194], [-119.65851199981302, 38.6365780002386], [-119.65848000002596, 38.63675999974566], [-119.65841700027677, 38.636913000030106], [-119.65838999961427, 38.63698000022154], [-119.65820999968923, 38.63726999965769], [-119.65814699994004, 38.637324000071565], [-119.65802300009148, 38.637432999977435], [-119.6579800004338, 38.63746999984343], [-119.65792000015931, 38.63758000012872], [-119.65792000015931, 38.63772999967158], [-119.65804999985566, 38.638129999724576], [-119.65810000008437, 38.63837999967663], [-119.65809000003861, 38.638690000258606], [-119.65806999994714, 38.638860000031165], [-119.65809000003861, 38.63905999999026], [-119.65823999982646, 38.63952999987254], [-119.65834000028387, 38.63978999994635], [-119.65852000020894, 38.63998000005155], [-119.65865999995103, 38.640069999888645], [-119.65891000019627, 38.64010000004306], [-119.6591500003958, 38.64015000027262], [-119.6595100002459, 38.640280000004545], [-119.65969000017097, 38.64043000021177], [-119.6598199998673, 38.640659999919805], [-119.65988000014174, 38.640930000038516], [-119.65991000027898, 38.64125999989369], [-119.65989000018749, 38.64140000028748], [-119.65980999982156, 38.641500000301065], [-119.65943999992571, 38.64180000020622], [-119.65913000030432, 38.64207000023997], [-119.65899999970965, 38.642220000208965], [-119.65899999970965, 38.64239000002818], [-119.65907000002984, 38.64265000025109], [-119.6591500003958, 38.642799999707734], [-119.65933000032084, 38.643019999886455], [-119.65946000001719, 38.6431899999128], [-119.65961999985075, 38.64364999981933], [-119.65970000021667, 38.643759999740844], [-119.65983999995879, 38.64385999996944], [-119.660130000387, 38.64404000030991], [-119.66023999999184, 38.64415999981797], [-119.6603899997797, 38.6444199999337], [-119.66053999956753, 38.64460000027073], [-119.66060999988773, 38.644710000137216], [-119.66077999976702, 38.644870000279376], [-119.66097999978359, 38.64507000030545], [-119.66120999993734, 38.64528999982981], [-119.66143000004536, 38.64551000008191], [-119.66178999989549, 38.64584999984454], [-119.66242000008232, 38.646360000322424], [-119.66261000005312, 38.64653999999585], [-119.66290999962878, 38.64686999997676], [-119.6630100000862, 38.64703000020704], [-119.66308999955385, 38.64722999981708], [-119.66322000014848, 38.647449999725566], [-119.6632700003772, 38.64756999983744], [-119.66322000014848, 38.64768000005569], [-119.66315999987404, 38.647770000044936], [-119.66303000017768, 38.647859999921124], [-119.66278999997819, 38.64800000004945], [-119.66248000035681, 38.64819000013686], [-119.66243000012808, 38.64824999994903], [-119.66242000008232, 38.648339999923834], [-119.66243000012808, 38.648459999948265], [-119.66248000035681, 38.64860999987157], [-119.66253999973294, 38.648769999724244], [-119.66262000009887, 38.64894999965764], [-119.66268000037334, 38.649070000063524], [-119.66270999961225, 38.64927000029343], [-119.66281000006967, 38.64969000001131], [-119.66285000025265, 38.65001000014822], [-119.66294999981173, 38.65038999968223], [-119.66304000022345, 38.650509999780965], [-119.66317999996551, 38.650589999735125], [-119.66334999984484, 38.650670000301474], [-119.66352999976988, 38.65072000017167], [-119.66368999960346, 38.650750000076975], [-119.66407000044336, 38.65103999991741], [-119.66419000009398, 38.65108000031132], [-119.66428999965309, 38.65109000023088], [-119.66448999966961, 38.65105999976637], [-119.66461000021853, 38.65105999976637], [-119.66467999964041, 38.65108000031132], [-119.66491999983992, 38.65125000015769], [-119.66505000043459, 38.65132999998704], [-119.66524999955281, 38.65142000030217], [-119.66542000033046, 38.651470000350486], [-119.66551999988955, 38.651519999662284], [-119.66557000011827, 38.65158000019353], [-119.66559000020976, 38.651659999654385], [-119.66556000007253, 38.65175000025651], [-119.66545999961512, 38.651959999818644], [-119.66545999961512, 38.65205000004388], [-119.6654799997066, 38.65212999968144], [-119.66562000034698, 38.65234999997803], [-119.66566999967738, 38.65245000014459], [-119.66567999972314, 38.65255000017158], [-119.66575000004333, 38.65283000006573], [-119.66580000027204, 38.652930000263815], [-119.66586999969392, 38.65300600018071], [-119.66603999957324, 38.65319000012552], [-119.66612999998493, 38.6533000001337], [-119.66617000016788, 38.65339000007851], [-119.66624999963553, 38.65352999992385], [-119.66650999992652, 38.653720000078074], [-119.66663999962287, 38.65378999971245], [-119.66687999982238, 38.65384999974556], [-119.66692699967805, 38.65387099988553], [-119.66701000041702, 38.65390999972837], [-119.66719899966459, 38.65404399983585], [-119.66728300022852, 38.65410399965617], [-119.67071699994659, 38.65752100007415], [-119.67162599979268, 38.65710899979276], [-119.67163800038658, 38.65705199997074], [-119.67168400041732, 38.65689300000597], [-119.67177499975561, 38.656750999752305], [-119.67192799991649, 38.6565899998504], [-119.67213399978083, 38.656396000341786], [-119.67247000023977, 38.65615900034479], [-119.67260699960883, 38.65610100012546], [-119.67275999976968, 38.65602100001194], [-119.67290399970972, 38.65587799978811], [-119.67321000003147, 38.655615000215654], [-119.67345400042895, 38.65544199985034], [-119.67369799992812, 38.65534700001538], [-119.67389700011974, 38.655306000247094], [-119.67410999965675, 38.655306000247094], [-119.67434700038156, 38.65530000022768], [-119.67463699991147, 38.655316000278276], [-119.67490399987516, 38.65533699998852], [-119.67514800027261, 38.655367999716546], [-119.67610899999727, 38.65552599990961], [-119.67637599996095, 38.65555100025897], [-119.67660500028983, 38.655663000145644], [-119.67673499998615, 38.65571399968524], [-119.67690999988835, 38.65582699966377], [-119.6770479999806, 38.6559010000249], [-119.67718500024796, 38.65596499966887], [-119.67733000001292, 38.65602499998464], [-119.6774980002424, 38.65611100004566], [-119.67763499961143, 38.65621600017593], [-119.67785600044269, 38.65636000006422], [-119.67805499973599, 38.65647699967256], [-119.67820000039926, 38.65655500000678], [-119.67831400020209, 38.6566600001877], [-119.67837500030146, 38.65675299971835], [-119.6784129999363, 38.656837999975735], [-119.67852799956403, 38.65693899982032], [-119.67864999976277, 38.657016999651425], [-119.67897799982582, 38.657117999945115], [-119.67930599988887, 38.65728600024317], [-119.67944300015623, 38.6574040000666], [-119.67952000014913, 38.65754199983939], [-119.67955000028634, 38.65767699978686], [-119.67958799992118, 38.65780199979715], [-119.679625999556, 38.65787800015694], [-119.67981700025004, 38.658147999933774], [-119.67997000041089, 38.6582799999063], [-119.68008400021372, 38.65838999981447], [-119.6805190004069, 38.65862300031836], [-119.680695000134, 38.658691000159976], [-119.6808549999676, 38.65873299969979], [-119.68095399970179, 38.65877499991646], [-119.68103800026569, 38.65888200025687], [-119.68110699986264, 38.65894299983527], [-119.68120599959688, 38.65897700031373], [-119.68127400026722, 38.65901999998791], [-119.6813279997956, 38.6591049996594], [-119.6815179997664, 38.65922199969419], [-119.68168599999586, 38.65929900024831], [-119.68199899999033, 38.65954000015408], [-119.68211399961805, 38.65961799995856], [-119.6822430003878, 38.659664999718814], [-119.68239599965035, 38.65968800014251], [-119.68258700034437, 38.65972900020841], [-119.6827999998814, 38.659845999925324], [-119.68312100027178, 38.66000500034938], [-119.68359400009979, 38.660161000263514], [-119.68379999996412, 38.66021500026256], [-119.68394499972908, 38.66029699976757], [-119.68422699976139, 38.66049299979508], [-119.68433399989148, 38.66052700023913], [-119.6845399997558, 38.66052700023913], [-119.68470799998532, 38.66058999967828], [-119.68499800041353, 38.66075899982623], [-119.6852340004151, 38.66103800032687], [-119.68547799991424, 38.661418999850724], [-119.68560000011298, 38.6615830002185], [-119.68586799990159, 38.661851999794564], [-119.68600500016893, 38.66191599973265], [-119.686257000064, 38.66196000000768], [-119.68650099956317, 38.66197299989243], [-119.68667600036368, 38.66196900025185], [-119.68680600006, 38.661956999925984], [-119.68702699999294, 38.66187899986312], [-119.68735500005599, 38.661782000322866], [-119.68753800035411, 38.66186299987568], [-119.6876449995859, 38.66191500017247], [-119.6879810000449, 38.66215000024702], [-119.68827899997073, 38.66240900005671], [-119.6884389998043, 38.66254099989182], [-119.68858399956926, 38.66267199993407], [-119.68873599990522, 38.66281799996645], [-119.68884999970804, 38.66294100032968], [-119.68899600019624, 38.66313599989084], [-119.68914799963387, 38.663285999947355], [-119.68927800022853, 38.66339500034311], [-119.68942999966616, 38.66346799965945], [-119.68975100005656, 38.66367300015719], [-119.69017000035619, 38.66395600005789], [-119.69031500012115, 38.664074000114866], [-119.69041399985537, 38.6642119996614], [-119.69050599991687, 38.66443500000324], [-119.6906280001156, 38.66449500023769], [-119.69078100027647, 38.66454100007946], [-119.69094899960764, 38.66456000014268], [-119.69107099980639, 38.664592999834476], [-119.69161999980237, 38.664904999676025], [-119.69185699962884, 38.66505699996961], [-119.69210100002633, 38.665155000200095], [-119.69259700031887, 38.6652920002546], [-119.69287900035118, 38.665312999845575], [-119.69295100032119, 38.6653150002739], [-119.69307699981957, 38.6653210001557], [-119.69326099994258, 38.665348999831444], [-119.69368000024227, 38.66547900013627], [-119.69388600010656, 38.66551500003868], [-119.69398999986365, 38.66550600024012], [-119.69434399986596, 38.665476999712524], [-119.69433299999534, 38.665550999923], [-119.69432100029975, 38.665635000050294], [-119.69429799983523, 38.66572600013541], [-119.69427199989596, 38.66576600004373], [-119.69423300043623, 38.66583100019783], [-119.69413999965148, 38.665839999955544], [-119.69365000010502, 38.66585599975584], [-119.6935499996476, 38.66585999988069], [-119.69306000010114, 38.66584999991881], [-119.69257999970213, 38.665820000024866], [-119.69216999962329, 38.665780000146654], [-119.6919160000784, 38.66570499996414], [-119.69182999986465, 38.66567999965209], [-119.69148000006031, 38.66554999971214], [-119.69136999955712, 38.665503000307034], [-119.69100999970702, 38.66535000004511], [-119.69049000002332, 38.6651000002018], [-119.69000999962431, 38.66481999987417], [-119.68959000039804, 38.664520000262094], [-119.68893000007397, 38.663990000260696], [-119.68849999990367, 38.66360000034832], [-119.68808999982483, 38.6631000001953], [-119.68788999980829, 38.66283999983027], [-119.68768300011907, 38.66265100027007], [-119.68766999970028, 38.66264000030999], [-119.68743000039908, 38.662490000303194], [-119.68720000024531, 38.662420000052265], [-119.68680000021223, 38.662379999677704], [-119.68622000025408, 38.66234999973285], [-119.68586000040398, 38.662289999805495], [-119.68562000020447, 38.66219000004859], [-119.68544000027943, 38.66206999987539], [-119.68533999982196, 38.661939999694724], [-119.68529999963901, 38.661819999804074], [-119.68522000017141, 38.66154999984103], [-119.68513999980546, 38.66134000033511], [-119.68503000020058, 38.661179999797184], [-119.6848899995602, 38.66105000010527], [-119.68472999972661, 38.66093000012625], [-119.6844600002882, 38.66080999994616], [-119.68374999973541, 38.660519999674534], [-119.68309000030965, 38.66023999967677], [-119.68238999980257, 38.659949999902906], [-119.68094000035639, 38.65937000033975], [-119.68055000036904, 38.659170000247904], [-119.6803000001238, 38.65896000007652], [-119.68001999974132, 38.658680000293145], [-119.679589999571, 38.65822000007648], [-119.67926999990387, 38.657819999926566], [-119.67902999970435, 38.657550000316235], [-119.67887999991652, 38.65745000025428], [-119.6785400001579, 38.65723999995023], [-119.67814000012481, 38.657010000146705], [-119.67762999958856, 38.65672999975514], [-119.67712999999637, 38.65642000004912], [-119.67660000026694, 38.65613000024097], [-119.67624999956428, 38.65596999998937], [-119.67599000017158, 38.65587999977848], [-119.67581500026941, 38.65584300029812], [-119.67569999974334, 38.655820000042766], [-119.6754000001677, 38.65571999966996], [-119.67503000027185, 38.655609999870315], [-119.67480000011807, 38.65550999990592], [-119.67458000001002, 38.65543999984774], [-119.67433999981054, 38.65539999978378], [-119.67402000014339, 38.655429999833856], [-119.67376999989813, 38.655489999896254], [-119.67348000036823, 38.65559999988017], [-119.67312999966553, 38.65586999982603], [-119.67286000022713, 38.656099999782604], [-119.67205000011523, 38.65674000028905], [-119.67191000037312, 38.65690000022364], [-119.67179999986996, 38.657119999900914], [-119.67160999989915, 38.657409999909774], [-119.67134999960815, 38.65763999983179], [-119.67096999966655, 38.65784999966453], [-119.6705699996335, 38.65798999991251], [-119.67043499991428, 38.65802099989529], [-119.67033700000498, 38.658044000145445], [-119.67017999964615, 38.65808000027812], [-119.66973000028267, 38.658109999907175], [-119.66934000029534, 38.65808999992203], [-119.66886999994203, 38.658020000280764], [-119.66851000009193, 38.65790000013525], [-119.66788999995083, 38.657580000167336], [-119.66767800023871, 38.65746599982462], [-119.66669999989732, 38.65694000015145], [-119.666269999727, 38.65675000012004], [-119.66602000038006, 38.65668999971005], [-119.6657600000891, 38.65665000034414], [-119.66568599957093, 38.656656999884035], [-119.66539000019323, 38.65668999971005], [-119.6651299999022, 38.65675000012004], [-119.66489999974846, 38.6568399999393], [-119.66471999982339, 38.65694999995453], [-119.66455999998985, 38.65711000012152], [-119.66446999957813, 38.65723999995023], [-119.66431999979031, 38.6574800001472], [-119.66429999969883, 38.65772000024152], [-119.66434999992754, 38.65806999993131], [-119.66448999966961, 38.65852999970837], [-119.66459000012706, 38.65900000025688], [-119.66462600011207, 38.659139999659864], [-119.66478000009786, 38.65971999968267], [-119.66494999997717, 38.66026999980404], [-119.66509999976499, 38.66073000018199], [-119.66539000019323, 38.66136000011416], [-119.6657399999976, 38.66202000021152], [-119.66608999980195, 38.662749999834666], [-119.6664100003674, 38.66340000014489], [-119.66654000006376, 38.663620000197675], [-119.6666630000874, 38.66379299974853], [-119.66668999985158, 38.66383000003203], [-119.66686999977662, 38.663990000260696], [-119.6670799998389, 38.66413999993118], [-119.66725999976397, 38.664310000346966], [-119.66739000035861, 38.66451000011308], [-119.66746999982627, 38.66468999977574], [-119.66751000000922, 38.664869999687305], [-119.66750400016143, 38.66515899966273], [-119.66749999996348, 38.66538000013597], [-119.667487000443, 38.665503999817126], [-119.66744999973477, 38.66586999984116], [-119.6674449997119, 38.66597000007042], [-119.6673800003129, 38.667360000087136], [-119.66734000012993, 38.667880000015316], [-119.66727999985547, 38.66818999991563], [-119.66720700006051, 38.66839100023787], [-119.66719000034209, 38.66844000019247], [-119.66703999965596, 38.66869000029777], [-119.66689999991387, 38.66885000018761], [-119.66675000012603, 38.66906000011409], [-119.66712000002188, 38.66906000011409], [-119.6673600002214, 38.66904999989774], [-119.6675700002837, 38.66907999984115], [-119.66788999995083, 38.669179999795524], [-119.66815000024182, 38.669320000338566], [-119.66830000002965, 38.66944000028561], [-119.66837000034984, 38.66953000028924], [-119.66838700006828, 38.66956799986713], [-119.66840999963449, 38.66962000017969], [-119.66840999963449, 38.669689999704595], [-119.6683600003041, 38.66972000008121], [-119.66827999993818, 38.66974999974387], [-119.66812000010458, 38.66974000032529], [-119.66794000017954, 38.66974999974387], [-119.66775000020874, 38.66981999984301], [-119.6676199996141, 38.669899999972706], [-119.66747999987199, 38.67010000025655], [-119.6672100004336, 38.670569999916644], [-119.66712000002188, 38.670820000299265], [-119.66701999956447, 38.671130000094365], [-119.66699000032555, 38.67134000034673], [-119.66701999956447, 38.67150999979924], [-119.66712000002188, 38.67166999969909], [-119.66718000029636, 38.67183999977068], [-119.66719000034209, 38.671980000021584], [-119.6671700002506, 38.672170000324975], [-119.66714000011335, 38.67236999987803], [-119.66712000002188, 38.672689999683975], [-119.66712000002188, 38.673199999837145], [-119.66718000029636, 38.67352999973282], [-119.66725999976397, 38.67401999976808], [-119.6672680001599, 38.67412799986287], [-119.66726999980973, 38.674149999758306], [-119.6672100004336, 38.67431000006962], [-119.66700000037129, 38.674589999753785], [-119.66675000012603, 38.67491000015574], [-119.66661000038394, 38.67517000017411], [-119.66648999983504, 38.67534999968756], [-119.66638000023019, 38.67543999997585], [-119.66629999986424, 38.67548000006764], [-119.66619299973412, 38.67550399969121], [-119.66611999993917, 38.675520000137126], [-119.66595000005987, 38.67555000017454], [-119.6657600000891, 38.675590000204856], [-119.66561000030124, 38.67565000020844], [-119.66549999979807, 38.675750000102695], [-119.66544000042194, 38.6758799997563], [-119.66533999996452, 38.67603999970722], [-119.6652200003139, 38.6761800001598], [-119.66509999976499, 38.67629999982888], [-119.66501000025161, 38.67635999993864], [-119.66482000028081, 38.6764199999981], [-119.66473999991486, 38.67647000012613], [-119.66472900004423, 38.676482000123585], [-119.66469999973191, 38.676520000219185], [-119.66463000031001, 38.67667000028888], [-119.66455999998985, 38.67685000023805], [-119.66446000043071, 38.677019999930316], [-119.66437000001902, 38.677189999920024], [-119.66427999960736, 38.67750999991921], [-119.66426000041417, 38.67771999968905], [-119.66421000018545, 38.67789000012007], [-119.66408999963654, 38.67808999982144], [-119.66387999957425, 38.67837000014757], [-119.66383000024388, 38.67846000014498], [-119.66379000006087, 38.67861999993889], [-119.66372999978644, 38.67911000019455], [-119.6636799995577, 38.679309999993166], [-119.6636000000901, 38.67949000031583], [-119.66340000007355, 38.67971000001752], [-119.66328000042294, 38.679850000304334], [-119.66323000019423, 38.679929999744154], [-119.66320000005699, 38.680040000055186], [-119.66321000010275, 38.680329999809665], [-119.66320000005699, 38.68063999979541], [-119.66322000014848, 38.68092999992364], [-119.66323000019423, 38.6811500001076], [-119.66322000014848, 38.68133000001001], [-119.66322000014848, 38.68148999969908], [-119.66326000033146, 38.681639999871585], [-119.66328000042294, 38.681840000313805], [-119.6632700003772, 38.68194999979283], [-119.66323000019423, 38.682040000197034], [-119.66316999991977, 38.68211000019941], [-119.66306000031493, 38.68217000034735], [-119.66284000020691, 38.68222999974368], [-119.66269000041906, 38.682280000020384], [-119.66253999973294, 38.682340000025754], [-119.66239999999085, 38.68242999993947], [-119.66228000034023, 38.682610000128655], [-119.66222000006579, 38.68271000011602], [-119.66207600012575, 38.68283000005668], [-119.66204000014075, 38.68285999983508], [-119.66186000021568, 38.68317999972761], [-119.66169000033635, 38.68354999968215], [-119.66160999997042, 38.684000000327295], [-119.6616300000619, 38.684150000147255], [-119.66162000001616, 38.68441999973199], [-119.66159999992469, 38.684659999987986], [-119.66166000019913, 38.684869999814566], [-119.66171999957527, 38.68499999973234], [-119.66175999975825, 38.685140000188674], [-119.66175999975825, 38.685190999770974], [-119.66175999975825, 38.6852700003171], [-119.66171000042783, 38.685589999950665], [-119.66162000001616, 38.68578999987141], [-119.66151000041131, 38.6859200002213], [-119.66131000039476, 38.68610000004619], [-119.66077999976702, 38.68637999988663], [-119.66033000040356, 38.68656999983046], [-119.65995999960936, 38.68677999966119], [-119.6595100002459, 38.6871599997248], [-119.65922999986341, 38.687409999662485], [-119.65919899990128, 38.6874280000618], [-119.65882700035559, 38.687646000097885], [-119.6587510001876, 38.68769400029322], [-119.65856600023967, 38.687809999989604], [-119.65846900015529, 38.687893999942446], [-119.65836500039823, 38.68798399988273], [-119.65827300033673, 38.68807799999549], [-119.65821399988718, 38.68813700015234], [-119.65799499960409, 38.68845300002191], [-119.65789599986987, 38.68873700001852], [-119.6577779998691, 38.68904199993223], [-119.65768499998266, 38.68923799979973], [-119.65764899999766, 38.68931600020576], [-119.65737399963807, 38.68973300034082], [-119.65727900010182, 38.68987600026466], [-119.65711900026822, 38.690089999680495], [-119.65698000035106, 38.690323999960384], [-119.6569259999244, 38.690580999790434], [-119.65692199972642, 38.690598000232306], [-119.65691500005374, 38.690962999711616], [-119.65697899962785, 38.6913470000985], [-119.65704200027535, 38.691547999901], [-119.65703300005451, 38.69163999984547], [-119.6569829998258, 38.69167999999779], [-119.65679100020517, 38.69178300016441], [-119.65661999960264, 38.69185599998171], [-119.65646999981482, 38.692039999661255], [-119.65641000043867, 38.692172000252484], [-119.65640100021783, 38.69224299999706], [-119.65649300027937, 38.692393000065024], [-119.656616000303, 38.69253399991232], [-119.65667800022727, 38.69267500018281], [-119.65666900000646, 38.69277599995709], [-119.65662999964837, 38.69295900024698], [-119.65648999990628, 38.69317300025654], [-119.65633000007273, 38.69333600027656], [-119.65614900032276, 38.69346899969949], [-119.65603899981957, 38.69354100007989], [-119.65594900030622, 38.69374500017999], [-119.6559199999939, 38.693845999845784], [-119.65578899957431, 38.69391799984678], [-119.65562799991585, 38.693980000237495], [-119.65553699967927, 38.69402200010976], [-119.65545700021163, 38.69409300012151], [-119.65539699993718, 38.69422499972902], [-119.65528800015723, 38.69444900033273], [-119.65519799974554, 38.69461200024972], [-119.6551390001943, 38.69475399973272], [-119.65502899969115, 38.69487699991121], [-119.6545960000461, 38.69507299991824], [-119.65433499993019, 38.695348999818776], [-119.65427600037897, 38.69552100002091], [-119.65422699997518, 38.69568400029952], [-119.65420799970859, 38.69587600034909], [-119.65423199999802, 38.69623999975871], [-119.65428499970147, 38.69649300025453], [-119.65437699976297, 38.69663299995579], [-119.6543990004026, 38.69680499987474], [-119.65444399971014, 38.69730099970532], [-119.65450900000745, 38.69774500013017], [-119.6545409997945, 38.697845999756765], [-119.65464299990175, 38.69797699969161], [-119.65470499982602, 38.6980779996917], [-119.65470599965094, 38.69820899990271], [-119.65472800029058, 38.698432000197094], [-119.65476000007763, 38.69862300013221], [-119.65487399988044, 38.69887500016542], [-119.65511999992772, 38.69923700025622], [-119.65517199980627, 38.699358000259494], [-119.65517299963119, 38.69951000030377], [-119.65514500004208, 38.699712999771435], [-119.65508800014068, 38.700058000235344], [-119.65477699979606, 38.69997000022227], [-119.65485200013912, 38.70019000005187], [-119.65496000009418, 38.700353999930634], [-119.65508899996559, 38.700503999815396], [-119.65533300036307, 38.7007690000814], [-119.6555600001438, 38.70089000029699], [-119.65570699955857, 38.700967999916], [-119.65579899962007, 38.700997000085245], [-119.65630199958532, 38.701129999985525], [-119.65647800021074, 38.70118899989368], [-119.65670699964127, 38.70124200007865], [-119.65682899984002, 38.70130300001803], [-119.65687499987077, 38.70137399981297], [-119.6570959998037, 38.70153999989779], [-119.6571800003676, 38.70158700017701], [-119.65730900023905, 38.7016789998287], [-119.65741600036914, 38.701806999939656], [-119.65748499996614, 38.701927000098514], [-119.65787400012854, 38.702152999815915], [-119.6580189998935, 38.702266999805644], [-119.65810299955912, 38.70240900021506], [-119.65812600002364, 38.70254299998742], [-119.65810299955912, 38.70262099990668], [-119.65814899958986, 38.70267399973141], [-119.6582780003596, 38.70280600032774], [-119.65839299998734, 38.702888999807854], [-119.65859899985165, 38.70300999994157], [-119.65897200012054, 38.70314600006188], [-119.6591789998098, 38.703172999977674], [-119.65937700017649, 38.70318199994733], [-119.65952899961417, 38.703195999742114], [-119.65971299973718, 38.70319200030176], [-119.66011699996821, 38.70307900007102], [-119.66037600043428, 38.702964999973695], [-119.66051399962824, 38.70288100019153], [-119.66058200029862, 38.7028160000337], [-119.66063599982698, 38.702739000018326], [-119.66072000039088, 38.702638000291266], [-119.66087199982853, 38.702543999681346], [-119.6609329999279, 38.702488999669924], [-119.66115499968576, 38.702236000053944], [-119.66139900008322, 38.701978000332915], [-119.6614750002512, 38.701939999735586], [-119.66163500008477, 38.70190500032985], [-119.66183400027641, 38.701896000199476], [-119.66206199988204, 38.70195399977352], [-119.66219199957838, 38.701995999870874], [-119.66232899984571, 38.70210100000627], [-119.66241400023453, 38.702220999671795], [-119.66261900027396, 38.70260299982503], [-119.66267299980231, 38.702804999936426], [-119.66274899997029, 38.70291999997749], [-119.66290999962878, 38.70308300021875], [-119.66307700003334, 38.703228000164074], [-119.66322199979831, 38.70333299989255], [-119.66338300035511, 38.70340599983999], [-119.66351999972414, 38.70347500028833], [-119.66361900035668, 38.703563000194585], [-119.6637330001595, 38.70381699969903], [-119.66379400025885, 38.703969000080484], [-119.66381000015237, 38.70414400029941], [-119.66371800009087, 38.70457400007973], [-119.66361900035668, 38.70488699986039], [-119.6635580002573, 38.704946999834306], [-119.66345899962477, 38.70497599979195], [-119.66322199979831, 38.70498599989549], [-119.6630929999269, 38.70501200015818], [-119.66267299980231, 38.705182999897524], [-119.66258900013673, 38.70528899991603], [-119.6625580001746, 38.70547399974373], [-119.66258900013673, 38.705658000143494], [-119.66258900013673, 38.70581099976484], [-119.66261900027396, 38.7059319998612], [-119.66280300039698, 38.70608599994263], [-119.66293200026838, 38.70623199975003], [-119.66307000036069, 38.706364000087454], [-119.66318400016348, 38.706653999696854], [-119.66322199979831, 38.706977000011584], [-119.66320000005699, 38.707149000289185], [-119.66324500026286, 38.70743599994115], [-119.66326799982907, 38.70765200004294], [-119.66324500026286, 38.7077520000768], [-119.66316900009485, 38.7078480000899], [-119.66303900039853, 38.70792700015001], [-119.66288600023765, 38.707980999865796], [-119.66275700036621, 38.708055999909696], [-119.66264199984018, 38.70815299983107], [-119.66260400020533, 38.70827099992659], [-119.6626350001675, 38.708536000150076], [-119.66276499986382, 38.70893800001853], [-119.66279500000107, 38.70907299977597], [-119.66280300039698, 38.70919000015406], [-119.66269600026685, 38.70982699971003], [-119.66272600040408, 38.71014200020478], [-119.66274899997029, 38.71057400022852], [-119.66277999993243, 38.7108890002357], [-119.66274899997029, 38.71105100025974], [-119.66268799987093, 38.71119199977411], [-119.66261900027396, 38.71131100003278], [-119.66253600043328, 38.71139400015487], [-119.66208299979843, 38.711659000017775], [-119.66206299970696, 38.71167099972118], [-119.66196300014785, 38.711759000054606], [-119.66190200004847, 38.71184100009263], [-119.66182599988049, 38.71210899978294], [-119.66174999971248, 38.71227299966287], [-119.66165799965098, 38.71241400027178], [-119.6615739999854, 38.71251500020891], [-119.6614600001826, 38.712557999965306], [-119.66134499965656, 38.71262000031842], [-119.66123800042473, 38.71270300032255], [-119.66102499998941, 38.7129919999059], [-119.66097899995867, 38.71319100006996], [-119.66092600025522, 38.71355700014753], [-119.66089500029308, 38.713657000333086], [-119.66087199982853, 38.71386500007455], [-119.66096399989003, 38.71416899984814], [-119.66102499998941, 38.71432099995104], [-119.66105599995154, 38.7144780001699], [-119.66106299962425, 38.71450900022147], [-119.66108600008877, 38.71477399975169], [-119.66135300005249, 38.7152099999911], [-119.66140599975593, 38.71537099982032], [-119.66138700038765, 38.715490000131474], [-119.66141499997676, 38.71548899991763], [-119.66150000036558, 38.71548899991763], [-119.66152899977958, 38.71548899991763], [-119.66157700035845, 38.71566900033231], [-119.66134499965656, 38.716157000157615], [-119.66127699988448, 38.71621900019276], [-119.6612690003869, 38.716227999922026], [-119.66071899966768, 38.716739999945894], [-119.66013700005969, 38.71769699989455], [-119.65991100010388, 38.71822399974016], [-119.65963200044462, 38.718878000125954], [-119.65954000038312, 38.718934000311656], [-119.65953000033738, 38.719040000267654], [-119.65946000001719, 38.719229999663064], [-119.65934000036657, 38.719500000000785], [-119.65928000009212, 38.71961999990137], [-119.6591500003958, 38.7197999997248], [-119.65902999984687, 38.72005999991544], [-119.65902999984687, 38.720270000241484], [-119.65905999998408, 38.720580000262466], [-119.65905999998408, 38.720900000320576], [-119.65897999961815, 38.721250000145204], [-119.65893899961029, 38.72133900003145], [-119.65883999987607, 38.72156000012022], [-119.65859999967657, 38.72179999981039], [-119.65834000028387, 38.721990000278375], [-119.65800999967269, 38.72212000001239], [-119.65780999965612, 38.72218000024114], [-119.65759999959387, 38.72226000000056], [-119.65744999980605, 38.722359999924365], [-119.65732000010969, 38.72250000014321], [-119.65700000044257, 38.7231199998179], [-119.65665999978559, 38.723619999729145], [-119.65636000020996, 38.724170000076], [-119.6562000003764, 38.724499999653744], [-119.65602999959876, 38.7247199996936], [-119.65599000031409, 38.72477999984178], [-119.65577000020608, 38.72511000010648], [-119.6557300000231, 38.725239999771034], [-119.65568999984012, 38.725400000057824], [-119.65564999965717, 38.725670000211096], [-119.65574000006883, 38.72622000019663], [-119.65581000038905, 38.72656999989438], [-119.65582000043479, 38.72684999967959], [-119.65581000038905, 38.727030000213496], [-119.65577000020608, 38.72718999999596], [-119.65567999979439, 38.727350000120886], [-119.65550999991505, 38.7275099998875], [-119.65548999982359, 38.72753000009594], [-119.65530999989855, 38.72766999999662], [-119.65496000009418, 38.727930000285745], [-119.65476000007763, 38.72809999982839], [-119.65459699987102, 38.728308000285104], [-119.65443000036474, 38.72852000026222], [-119.6542599995871, 38.728780000261224], [-119.6540899997078, 38.728919999814835], [-119.6539499999657, 38.729020000229035], [-119.65362000025284, 38.72914499967401], [-119.65337000000758, 38.729239999666504], [-119.65316999999105, 38.72933000013302], [-119.6529699999745, 38.72947000001044], [-119.65283000023241, 38.72965000025057], [-119.65255999989569, 38.7299000002211], [-119.65204000021198, 38.730229999963804], [-119.65171999964655, 38.730490000046565], [-119.65142599991869, 38.73071299986499], [-119.6512600002373, 38.73083999984959], [-119.65099999994634, 38.73101000017633], [-119.65074999970108, 38.731180000098576], [-119.65035999971373, 38.73143000032099], [-119.65004000004657, 38.73165000004535], [-119.64973999957262, 38.731890000182254], [-119.64952000036291, 38.732160000336066], [-119.64938999976825, 38.73240000016102], [-119.64919999979745, 38.732559999829995], [-119.6488099998101, 38.732749999715985], [-119.6483799996398, 38.732910000002484], [-119.64796000041353, 38.733089999984], [-119.64754000028897, 38.73327999986179], [-119.64732000018094, 38.73339999974549], [-119.64711000011869, 38.73361000010797], [-119.64696000033084, 38.733910000155454], [-119.64675000026855, 38.734400000046115], [-119.64648999997756, 38.73487999995462], [-119.64613000012746, 38.73551000015113], [-119.64580999956198, 38.73593999974169], [-119.64566700034518, 38.73609400033758], [-119.64530999996978, 38.73647999994432], [-119.64462000040679, 38.737119999854585], [-119.64435000007006, 38.737410000104624], [-119.64405999964183, 38.737640000069725], [-119.64373199957878, 38.73800499975822], [-119.64372800027913, 38.73807600023727], [-119.64372800027913, 38.73818799990209], [-119.64356800044555, 38.738431000172426], [-119.64348399988165, 38.73859900017007], [-119.64311800018376, 38.73906199976147], [-119.64292700038806, 38.73928299968401], [-119.64285799989277, 38.73936700013152], [-119.64281299968692, 38.73942500013258], [-119.64272900002133, 38.73963899980151], [-119.6426980000592, 38.73992299970128], [-119.64271300012781, 38.74007200006786], [-119.64275199958755, 38.74020099996489], [-119.64279799961831, 38.74032700003046], [-119.64299599998502, 38.740565000014804], [-119.64304200001581, 38.740671999973046], [-119.64306499958202, 38.74080700004526], [-119.64307200015301, 38.74094699985059], [-119.64314800032099, 38.741142999677486], [-119.64320199984934, 38.741393999914266], [-119.64320199984934, 38.74146599967698], [-119.64311800018376, 38.74161700002379], [-119.64301899955124, 38.741722999960494], [-119.64291200031943, 38.74179699978341], [-119.64278199972479, 38.74187200007482], [-119.64259199975399, 38.74203899984286], [-119.64246200005766, 38.74218600031817], [-119.64233200036131, 38.74238700013522], [-119.6423170002927, 38.742598999667266], [-119.6423170002927, 38.743062999778246], [-119.6423249997903, 38.7433740002186], [-119.64232399996538, 38.74351300007428], [-119.642262999866, 38.743626999960625], [-119.64220299959156, 38.74377700012382], [-119.6421569995608, 38.74397200007509], [-119.64217199962943, 38.74426000020397], [-119.64222500023116, 38.74444800017721], [-119.64233200036131, 38.74459000016424], [-119.64243899959311, 38.74475399976829], [-119.64249200019488, 38.744909999879454], [-119.642523000157, 38.74505399994895], [-119.64265200002843, 38.74531199972678], [-119.64273599969403, 38.7453909997113], [-119.64278199972479, 38.745444000051], [-119.64300299965772, 38.745587999744245], [-119.64305700008438, 38.74568100000477], [-119.64303399961986, 38.746172999977944], [-119.64307200015301, 38.7462760001085], [-119.64314800032099, 38.74636399986426], [-119.64329300008596, 38.7464780001031], [-119.64349200027758, 38.746604000302845], [-119.64350200032331, 38.74660899989474], [-119.64367499967737, 38.7467039997804], [-119.6438959996103, 38.74680699984556], [-119.64403399970259, 38.746912000010695], [-119.64411700044157, 38.74699999968314], [-119.644162999574, 38.74713399993151], [-119.64415599990132, 38.74730100000395], [-119.64407200023572, 38.74760499974986], [-119.64401799980904, 38.74776799967283], [-119.6438119999447, 38.7480649998264], [-119.64372800027913, 38.748450000132735], [-119.64371300021051, 38.74864400018277], [-119.64375900024126, 38.7488280001332], [-119.6438119999447, 38.748903000045495], [-119.64403299987767, 38.748974999943165], [-119.64420899960476, 38.749048000212966], [-119.64432300030587, 38.7491170000346], [-119.64440699997148, 38.74921400027018], [-119.64443799993361, 38.749358000066266], [-119.64441500036737, 38.74953400027891], [-119.64436099994072, 38.749652000003294], [-119.64412499993918, 38.74990499991873], [-119.64409399997702, 38.750144999663334], [-119.64415500007638, 38.75022899994376], [-119.64430800023726, 38.75032500034342], [-119.64450599970567, 38.750441999736466], [-119.64461700003373, 38.75048499978855], [-119.64481200002741, 38.750560999784675], [-119.64503299996038, 38.75065500029477], [-119.64520799986255, 38.75070999967128], [-119.64534599995481, 38.750806000124705], [-119.64542200012279, 38.75096599989289], [-119.64541399972684, 38.75129499997078], [-119.64539199998556, 38.75156600003314], [-119.64536900041935, 38.75169300006767], [-119.64533799955889, 38.751945999755435], [-119.64536799969613, 38.752142999915925], [-119.64542200012279, 38.752282000214066], [-119.6455290002529, 38.752495000186165], [-119.64565800012434, 38.75262800023448], [-119.64583399985143, 38.752745000056294], [-119.64605499978437, 38.75282600030563], [-119.64617699998311, 38.75284599973033], [-119.64667400010057, 38.75280299969928], [-119.64683399993413, 38.75284400034853], [-119.64695500030795, 38.75293199971461], [-119.64710799957055, 38.753086000095664], [-119.64723800016519, 38.75317800001009], [-119.64739799999876, 38.753282000227436], [-119.64755799983232, 38.75343199972167], [-119.64758999961937, 38.75347200032752], [-119.64768800042698, 38.75359499965076], [-119.64775700002396, 38.75373800003839], [-119.64780200022979, 38.75391699968879], [-119.64781800012331, 38.75421400018093], [-119.64790199978893, 38.7543469998285], [-119.64808500008702, 38.75451399984092], [-119.64821399995844, 38.75457000011418], [-119.64838200018794, 38.754574999848735], [-119.6485420000215, 38.75453099979093], [-119.64874799988583, 38.754454000149934], [-119.64899300010822, 38.754367999897674], [-119.64919899997254, 38.754321999671355], [-119.64937399987474, 38.754335999956616], [-119.64962599976978, 38.75440700031003], [-119.649992000366, 38.75454300000044], [-119.65012200006235, 38.7546299997077], [-119.65031299985807, 38.754819999722365], [-119.65045799962303, 38.75494700027231], [-119.65056399992822, 38.75496699980329], [-119.65082400021922, 38.75497899993949], [-119.6508929998162, 38.754999999822715], [-119.65111399974913, 38.755157000321915], [-119.65123599994787, 38.75519499994465], [-119.6513659996442, 38.75519699996108], [-119.65150299991156, 38.755166999708415], [-119.65158699957713, 38.75516899972563], [-119.65179300033978, 38.7552230001699], [-119.65193800010475, 38.755292000327756], [-119.6520829998697, 38.755370000121374], [-119.65220500006842, 38.75550699973209], [-119.65230399980264, 38.75558499999129], [-119.65239599986414, 38.755645999784306], [-119.65248700010076, 38.755657999806346], [-119.65260900029948, 38.75571399988254], [-119.65276199956205, 38.755841000242896], [-119.65287600026315, 38.755919000137034], [-119.65303699992164, 38.75598299998652], [-119.65316599979307, 38.75602099987003], [-119.65339500012193, 38.75601099990264], [-119.65346399971891, 38.756040999800554], [-119.65350200025208, 38.75610300025015], [-119.65351700032068, 38.75617099991304], [-119.65360900038218, 38.756231999905765], [-119.65379199978196, 38.75624100019886], [-119.65407399981427, 38.7563470001407], [-119.65418900034031, 38.756407999983004], [-119.65432599970937, 38.75643999969565], [-119.65451700040337, 38.75644100003672], [-119.65486800003266, 38.75643300010997], [-119.65512699960045, 38.75637699989739], [-119.65525700019509, 38.75637400027255], [-119.65536299960199, 38.756411999947886], [-119.65551599976287, 38.75654899966008], [-119.65561500039536, 38.75663199977202], [-119.65577600005386, 38.75666899967261], [-119.65581799988666, 38.75668999975914], [-119.65592800038982, 38.7567459997262], [-119.65603499962165, 38.756766999790074], [-119.656644999717, 38.75674399975312], [-119.65679799987787, 38.75680299998527], [-119.65698899967359, 38.75689300004355], [-119.65759899976895, 38.757335000207995], [-119.65791900033442, 38.757547999812274], [-119.65804900003074, 38.75762599994242], [-119.65823200032884, 38.75769400025583], [-119.65835399962927, 38.75778100032531], [-119.65858299995813, 38.75810500032763], [-119.65862899998889, 38.75834299989382], [-119.6586669996237, 38.75861700004803], [-119.65876600025624, 38.758808000264466], [-119.65897200012054, 38.75899300023976], [-119.6590869997483, 38.75908500024588], [-119.65921700034293, 38.759333999850185], [-119.65926199965047, 38.75941400002819], [-119.65933899964334, 38.75946199967161], [-119.6594530003445, 38.75954499989831], [-119.65961300017807, 38.7596900001639], [-119.6597429998744, 38.75984500026703], [-119.65990000023322, 38.759957000109395], [-119.65994899973872, 38.75999300009648], [-119.66010899957229, 38.760075000115926], [-119.66037600043428, 38.760167999716465], [-119.66054399976548, 38.760209000337895], [-119.66090299979066, 38.76027799987835], [-119.66115399986084, 38.76035799969862], [-119.66144400028907, 38.76046800026812], [-119.66200900017859, 38.76069800021059], [-119.66209299984416, 38.76076399983792], [-119.6622989997085, 38.76100700032766], [-119.6623830002724, 38.76105900000502], [-119.66246699993799, 38.761080000200714], [-119.66279500000107, 38.76112699984921], [-119.66289399973526, 38.76116499979575], [-119.663015999934, 38.76126999985615], [-119.66313800013272, 38.761394000022015], [-119.66326799982907, 38.76150800007477], [-119.66344299973125, 38.76172899986727], [-119.66352700029516, 38.76184399965018], [-119.66357300032591, 38.76197399969937], [-119.66362600002935, 38.76208500014122], [-119.66367200006013, 38.76214299989958], [-119.66379400025885, 38.76226599969], [-119.66386299985582, 38.762358999937504], [-119.66408399978876, 38.762620000278375], [-119.66413800021542, 38.762730999715345], [-119.66415300028406, 38.76288399971641], [-119.66411499975092, 38.76300700033095], [-119.66413800021542, 38.763069000332514], [-119.66451899998195, 38.76336200028905], [-119.66472499984629, 38.76343900012579], [-119.66487800000714, 38.76348000026877], [-119.66505299990934, 38.763584000184146], [-119.66518299960566, 38.76368499992988], [-119.66528499971292, 38.76389399994842], [-119.6652970003068, 38.763916999782325], [-119.66535800040617, 38.76406800027438], [-119.66537400029969, 38.7642660001292], [-119.66533599976654, 38.764384000014815], [-119.66535800040617, 38.764536999973714], [-119.66539600004101, 38.764607999985124], [-119.66547300003388, 38.76467400019874], [-119.66562600019476, 38.764733999703175], [-119.66579299970101, 38.76479300033407], [-119.66603000042582, 38.76495000030314], [-119.66623600029016, 38.76513400024658], [-119.66634199969702, 38.76526200017097], [-119.66642600026093, 38.76537299970065], [-119.66666899993518, 38.76558100016538], [-119.66107699986796, 38.76559500034322], [-119.66321299957748, 38.76709599987511], [-119.66391399990944, 38.767579999956226], [-119.66601799983192, 38.76903399973855], [-119.66662600027747, 38.769453999661444], [-119.6667199999888, 38.76951900013726], [-119.66678100008816, 38.76956099974518], [-119.666966999861, 38.76969000028737], [-119.66702899978529, 38.76973299994931], [-119.66903800017154, 38.77112100018357], [-119.67506799990667, 38.77528800015409], [-119.67707800011785, 38.77667800026353], [-119.67744600036387, 38.77693199966967], [-119.67855000020363, 38.7776950002072], [-119.67891799955137, 38.77795000023281], [-119.67955799978394, 38.77839200021823], [-119.68147900030664, 38.779719999874295], [-119.68212000036415, 38.78016300010274], [-119.68389700004849, 38.78139099993682], [-119.68923100037286, 38.78507799981933], [-119.69100899988209, 38.786306999660745], [-119.69143499985447, 38.78660100002199], [-119.69176499956733, 38.78682700008053], [-119.69529100024522, 38.78926700025094], [-119.69534599959852, 38.7893049999123], [-119.69538199958352, 38.78932999971531], [-119.6954579997515, 38.78938199975361], [-119.69546799979723, 38.78938900030793], [-119.69550499960715, 38.78941499996022], [-119.69556099968366, 38.789453000242894], [-119.7038140000653, 38.79515799986619], [-119.72590399960153, 38.81042499978167], [-119.72679300025446, 38.81104000026564], [-119.72932399997423, 38.81278999999904], [-119.74190800022448, 38.821485999806136], [-119.74404999978181, 38.822968000033676], [-119.74435600010356, 38.82318000017768], [-119.74997699958476, 38.827029000088096], [-119.75003100001145, 38.827065999857325], [-119.7510069998047, 38.82777799987973], [-119.75390300029578, 38.82977599976239], [-119.75396500022005, 38.829819000272984], [-119.75465700033118, 38.830297000001096], [-119.75673600013931, 38.83173100022059], [-119.75742900007536, 38.832209999683535], [-119.75761800022124, 38.83234100017765], [-119.76040800040705, 38.83426800019636], [-119.76050299994331, 38.8343340003032], [-119.76355099987198, 38.83643700012904], [-119.76463100032065, 38.83718299986781], [-119.76483299998701, 38.83732300016105], [-119.76966799964578, 38.84066099974331], [-119.77902700041533, 38.847126000227874], [-119.77912899962426, 38.84719600007284], [-119.78668999989475, 38.85241500031536], [-119.7867500001692, 38.85245599965308], [-119.79079399998265, 38.85524799992919], [-119.79094200012067, 38.855350000266476], [-119.7973679996909, 38.85977599991495], [-119.79745300007973, 38.85983599980839], [-119.80259700043331, 38.86337599973964], [-119.80352499964766, 38.86401999995204], [-119.81054399959486, 38.86882300006077], [-119.8135229999266, 38.870860999846926], [-119.8141999999691, 38.8713249997333], [-119.81670899994758, 38.87301899991753], [-119.82095799980041, 38.87589400028271], [-119.82106099973255, 38.87595700004889], [-119.82208400027979, 38.87668599987491], [-119.83037100009831, 38.882583999987865], [-119.831187000058, 38.88316100014603], [-119.83196799985761, 38.88371500019319], [-119.83200399984261, 38.88373999971982], [-119.83244499988356, 38.884052999678], [-119.83359599957899, 38.884832999990124], [-119.83363800031013, 38.88486100033337], [-119.83514200018297, 38.88587899967525], [-119.83828499964791, 38.888006000146795], [-119.83954699967143, 38.88885900014175], [-119.83984899979524, 38.88906399989677], [-119.83993900020693, 38.88912500011897], [-119.84063700016581, 38.889596999987226], [-119.8430010003793, 38.891196999883114], [-119.8437899996765, 38.891730999890314], [-119.84426000002979, 38.892049000179185], [-119.84567000019132, 38.893003000194405], [-119.84614100036951, 38.8933220001998], [-119.84627500026382, 38.8934129996647], [-119.84702599992617, 38.893920999852185], [-119.84968399986751, 38.895720000227605], [-119.85057000014744, 38.89631999970633], [-119.85059199988874, 38.89633499983806], [-119.85198600015673, 38.897278000129674], [-119.8574550002003, 38.90103400027146], [-119.85749299983516, 38.90105999970399], [-119.86448900021614, 38.905866000102186], [-119.8645009999117, 38.905874000029456], [-119.870204000307, 38.90977599969684], [-119.87601099956106, 38.913748000179524], [-119.87777300007511, 38.91496199990212], [-119.87782099975568, 38.91499499991101], [-119.88724499992425, 38.921486999728195], [-119.88971000042008, 38.923198999887774], [-119.8971059999358, 38.92833599991463], [-119.89957200025654, 38.930048999720945], [-119.89977599957271, 38.93019100022685], [-119.90039099969097, 38.93061700003897], [-119.90059599973037, 38.93076000009622], [-119.90065099998199, 38.93079799969154], [-119.90081699966332, 38.93091299974044], [-119.90087299973979, 38.930951999939545], [-119.901560999653, 38.93142599983878], [-119.90362600011571, 38.93284900005671], [-119.90431499985381, 38.933323999809986], [-119.90441100011326, 38.93212999989626], [-119.90435099983881, 38.93111199976141], [-119.90445799996894, 38.93093100021131], [-119.90465499961243, 38.93060200016282], [-119.90481500034431, 38.92995499969222], [-119.90478100000912, 38.92965600017025], [-119.9048930001621, 38.92945400023328], [-119.90514699970703, 38.929049000017415], [-119.90534000005088, 38.9287329998633], [-119.90539899960213, 38.928336999938416], [-119.90522100022518, 38.9280869998428], [-119.90479699990266, 38.92783100007853], [-119.90417699976156, 38.927711999794376], [-119.90337199967253, 38.92754599978105], [-119.90256099973568, 38.92670999989706], [-119.90231800006144, 38.92590300023774], [-119.90220099988557, 38.92575000026993], [-119.9014839996601, 38.924809000232926], [-119.90027799971307, 38.92450200006275], [-119.90012999957506, 38.92437000014803], [-119.89958700032517, 38.92350899968199], [-119.89932600020926, 38.92300900022361], [-119.89919099959172, 38.92299300003737], [-119.8987939999317, 38.92301899981399], [-119.89839800009658, 38.92304500027999], [-119.89819200023226, 38.92299799983388], [-119.89786099979615, 38.92290200004535], [-119.89761300009903, 38.92277399965926], [-119.89735199998312, 38.92241200017846], [-119.89726400011955, 38.92167699997369], [-119.8972320003325, 38.92152399997775], [-119.89663999978048, 38.92102600006346], [-119.89546099959763, 38.920498000319725], [-119.89432400014589, 38.92005900011864], [-119.89347499967593, 38.919602000150704], [-119.89338500016257, 38.91952399983155], [-119.89289399989289, 38.91909600019213], [-119.89212599961378, 38.91841999977494], [-119.8915509996785, 38.91814199988722], [-119.89119699967617, 38.918231000060324], [-119.89085799974245, 38.91830499974228], [-119.89038599973937, 38.918565000279756], [-119.89019199957059, 38.91863300004816], [-119.88984900033725, 38.91875499996259], [-119.88962599985615, 38.91883500004467], [-119.88932499955729, 38.91885099977071], [-119.88913100028685, 38.91886200010445], [-119.8890149999359, 38.91853099967223], [-119.88899300019459, 38.91829699981814], [-119.88860200038235, 38.91838699996088], [-119.88823099976324, 38.918413000027435], [-119.88816999966386, 38.918399999995344], [-119.88764300030749, 38.918295000186426], [-119.88731000022156, 38.91794100018509], [-119.88715100021292, 38.91736000019531], [-119.88707500004492, 38.916884000296555], [-119.88635799981944, 38.916183999990224], [-119.88604300017518, 38.91547500002042], [-119.88583999978559, 38.91452999983255], [-119.88606499991647, 38.91306700004574], [-119.88584300015864, 38.91256799994726], [-119.88544899997332, 38.91216500030039], [-119.88533000014766, 38.91151199997814], [-119.88496600009958, 38.91114200032976], [-119.88466499980069, 38.91081199980958], [-119.88404200018485, 38.91017600018564], [-119.8837350000382, 38.90922499968206], [-119.88378899956658, 38.908278999853415], [-119.8836010001439, 38.90792500022144], [-119.8832789999286, 38.90768400024196], [-119.88317199979848, 38.907166999843355], [-119.88327300008085, 38.90560799986749], [-119.88326399985998, 38.90451800018411], [-119.88248600043345, 38.90393900010046], [-119.88209200024816, 38.90361000002216], [-119.88204799986724, 38.90321399969942], [-119.88219900037828, 38.90274499989909], [-119.88107899974666, 38.9019340001499], [-119.87986399957879, 38.89941900018604], [-119.88008799988481, 38.8991030002102], [-119.88048600026804, 38.898690000104054], [-119.88116400013546, 38.897119999748526], [-119.88155099974978, 38.89661700032725], [-119.88192999986644, 38.8963169996796], [-119.88310999987421, 38.895795000090104], [-119.88351099973221, 38.89566399970071], [-119.88365300002243, 38.89546099969265], [-119.8838050003584, 38.89517799971528], [-119.8840389998118, 38.89478899988992], [-119.88423200015566, 38.89449800022167], [-119.8844470002408, 38.89433500023004], [-119.88448800024868, 38.89420600025462], [-119.88433099988985, 38.89397999978162], [-119.88411400015488, 38.893828000018004], [-119.8836990000532, 38.89346999968506], [-119.88320100011082, 38.89303999991123], [-119.88135300028134, 38.89131099993885], [-119.88101000014969, 38.89085999997936], [-119.88037400011505, 38.888640999906684], [-119.88040000005432, 38.888091000080344], [-119.88016099967973, 38.88783400018404], [-119.8797360004306, 38.88740800015817], [-119.87951600032258, 38.887021000244324], [-119.87954300008674, 38.886535999767965], [-119.87987899964742, 38.88604200019261], [-119.88102500021832, 38.8850680003061], [-119.88185600024661, 38.883967999807844], [-119.88186999959198, 38.883950000011545], [-119.88235800038694, 38.88309899973564], [-119.88238599997602, 38.88271999986307], [-119.88234800034121, 38.88193600021596], [-119.8825390001369, 38.88128900011607], [-119.88281399959821, 38.880988999762074], [-119.88376799965015, 38.88046800011168], [-119.8847640004332, 38.880132999667595], [-119.8861729998715, 38.87992499999575], [-119.88774500041475, 38.879481999882465], [-119.88844400019859, 38.87930100012434], [-119.88880300022377, 38.87914599966753], [-119.88875999966776, 38.878976999993355], [-119.88858399994066, 38.878889000281106], [-119.88818200025776, 38.87873699969498], [-119.88721099958906, 38.87836999997616], [-119.88677700011911, 38.87824999995223], [-119.88617600024456, 38.87784099971794], [-119.88584399998354, 38.87747100014368], [-119.88572000013498, 38.87736699998455], [-119.88470300033384, 38.87651399978129], [-119.8840310003142, 38.876154000189516], [-119.8832360002709, 38.87588300028454], [-119.88263799987112, 38.875764000322306], [-119.88176699965982, 38.87578200009428], [-119.88169100039018, 38.87578400022407], [-119.88090600039263, 38.875504999756885], [-119.88022500015212, 38.8753620002634], [-119.8795389998888, 38.87532000007388], [-119.87935999978865, 38.875310000058406], [-119.87902900025085, 38.87520600023353], [-119.87864599993623, 38.87490600007446], [-119.8783709995766, 38.87445199992446], [-119.87789799974857, 38.87358100007639], [-119.87755100031727, 38.87240700020304], [-119.87724800036854, 38.87146899978156], [-119.87728699982831, 38.87019300011178], [-119.87768299966342, 38.86943700016813], [-119.87771100015081, 38.86938499982467], [-119.87774999961057, 38.86831100017655], [-119.87809100009243, 38.8679070002769], [-119.878503999646, 38.867431999854375], [-119.87855899989756, 38.86736800004218], [-119.87907100008366, 38.86679499971409], [-119.87949600023107, 38.86615500025941], [-119.87992100037853, 38.86548200001697], [-119.88030299996994, 38.86477600014818], [-119.8807440000109, 38.86440800015753], [-119.88111399990674, 38.864100999683046], [-119.88188200018588, 38.86362800018288], [-119.88320500030876, 38.86298500016218], [-119.8849119996729, 38.86200500025797], [-119.88683099964746, 38.86068799982661], [-119.88828199981687, 38.85984299973435], [-119.89020400016449, 38.859096000149314], [-119.89052499965653, 38.85872100010454], [-119.89101299955315, 38.85815300020477], [-119.8919089998788, 38.85734399986123], [-119.89348800009472, 38.85669899970962], [-119.89362000033921, 38.856688000238734], [-119.89524100038793, 38.856558000130434], [-119.89643899993905, 38.85672100004545], [-119.89792400044365, 38.8568410000402], [-119.89802200035292, 38.85684899989276], [-119.89909199985753, 38.85697900016861], [-119.8996059996934, 38.85721200029979], [-119.90076099958681, 38.857408000302314], [-119.90101699967985, 38.85720599974155], [-119.90195599966319, 38.8568999999809], [-119.90281000015604, 38.85659400030261], [-119.90358000008499, 38.85669200017373], [-119.90499000024649, 38.85638400032392], [-119.90631199964619, 38.85550500014909], [-119.90677899962641, 38.8546640000787], [-119.90690300037328, 38.85355600027783], [-119.90698299984092, 38.852179000067494], [-119.9069610000996, 38.851598000018654], [-119.90693500016033, 38.850870000077656], [-119.90726900007118, 38.84875300009853], [-119.90781899989209, 38.84740800012265], [-119.90807400016021, 38.84710500019096], [-119.90854100014043, 38.84613000004901], [-119.90862099960806, 38.84495399995904], [-119.90861800013333, 38.84398100004906], [-119.9086159995852, 38.84357800026801], [-119.90822999979581, 38.843209999729254], [-119.90818399976506, 38.84243800031629], [-119.90820999970433, 38.838342999982174], [-119.90828500004741, 38.83739399975967], [-119.90841300009392, 38.83579000017493], [-119.90849299956156, 38.834345999679904], [-119.90909000013644, 38.83394100000482], [-119.91049799974984, 38.83329700034061], [-119.91186299970552, 38.83268700017919], [-119.91327200004214, 38.83227900023025], [-119.91532200043626, 38.831699000002835], [-119.91758600019233, 38.83135400008719], [-119.9207470000989, 38.83077000002748], [-119.92215600043552, 38.830361000283204], [-119.92270999955609, 38.829955000317334], [-119.92309200004581, 38.82935000029839], [-119.92343099997954, 38.82857600022885], [-119.92325699990226, 38.82807299994335], [-119.92299699961127, 38.82723499975029], [-119.92299599978635, 38.82689899966836], [-119.92342000010888, 38.82619200026558], [-119.9237590000426, 38.825451999841384], [-119.92380000005046, 38.824948999878536], [-119.92362799962302, 38.82471400029047], [-119.92285400039445, 38.82371099997299], [-119.92139499982913, 38.82234099966409], [-119.92130699996555, 38.821737000153675], [-119.92186000015953, 38.82096199976753], [-119.92361000007969, 38.82045099983491], [-119.924216999802, 38.82013799983073], [-119.92578500014727, 38.81933399983782], [-119.9286370002574, 38.816769999929846], [-119.93093799982336, 38.81518199965694], [-119.93174600028544, 38.81413799977141], [-119.93150400043614, 38.81351100004991], [-119.9314969998651, 38.81320600020161], [-119.93149100001735, 38.81313099999294], [-119.93147699977361, 38.812937999858214], [-119.93144900018451, 38.812420000055674], [-119.93149900041324, 38.81223600032173], [-119.93152299980437, 38.81214400027655], [-119.93163900015533, 38.81206800008875], [-119.93176200017896, 38.81198899973386], [-119.93196399984532, 38.81187100021908], [-119.9325110001915, 38.81160799968952], [-119.93297700034681, 38.81119600034656], [-119.93340800034206, 38.810737999775256], [-119.93395999981279, 38.81008700029945], [-119.93448399969442, 38.809786999854595], [-119.93501000012421, 38.80930200033653], [-119.93535800027875, 38.80888899995087], [-119.93562500024242, 38.808374000342695], [-119.93577300038044, 38.807941999722075], [-119.9360660002834, 38.80727900015921], [-119.93673400010509, 38.80676800005407], [-119.93735300042127, 38.80640400027547], [-119.937756999754, 38.80619500022373], [-119.93826899994009, 38.805875999883746], [-119.9387700002555, 38.80550100006503], [-119.93918700000704, 38.805210000324095], [-119.93990500005742, 38.804550999904556], [-119.94046699957391, 38.80402899992428], [-119.94054199991697, 38.803706999952475], [-119.94064999987201, 38.80357800004037], [-119.94094799979784, 38.80339599993534], [-119.94157600033486, 38.80319800020091], [-119.94210799971411, 38.80310999983118], [-119.94251600014312, 38.8026339997023], [-119.94276100036551, 38.801970999749315], [-119.94311299981969, 38.80125400006391], [-119.9431479999798, 38.80047799969862], [-119.9431189996675, 38.79999799986884], [-119.94328799972186, 38.799739999683304], [-119.94343699968479, 38.79920599976717], [-119.94349100011148, 38.79859699994255], [-119.94337200028579, 38.79787600017393], [-119.94352999957121, 38.797544999719946], [-119.94358300017298, 38.797119999746734], [-119.94371500041744, 38.79695500029321], [-119.94390500038824, 38.79688299980093], [-119.94397599963507, 38.796829000084124], [-119.94394200019816, 38.79671700002245], [-119.9437539998772, 38.796641000180394], [-119.94323699966824, 38.79653499989683], [-119.9423529999365, 38.79642600011457], [-119.94155399969526, 38.79617900002323], [-119.94097999958487, 38.79596199969011], [-119.94033500022775, 38.79561499998165], [-119.93995000026327, 38.79531600000773], [-119.93964899996438, 38.794906999674495], [-119.9395850003903, 38.79437100033387], [-119.93977299981294, 38.79355999992258], [-119.9403109999383, 38.79305600034804], [-119.94090500014016, 38.792710000327475], [-119.94122800018035, 38.7924639997972], [-119.94141999980096, 38.79222500009411], [-119.94216700016366, 38.79107700028269], [-119.94256999967149, 38.79008299983984], [-119.9427689998631, 38.789393999703194], [-119.94311700001766, 38.78893499984215], [-119.94346199979915, 38.78879000019933], [-119.94410200003176, 38.78856499995231], [-119.94483799962549, 38.78823799995185], [-119.94538499997167, 38.78796500002321], [-119.94577099976104, 38.78768700023473], [-119.9458030004464, 38.78766299975888], [-119.94584199990618, 38.78759900031763], [-119.94620000010644, 38.787030000045895], [-119.94637300035882, 38.78687099982888], [-119.94647499956774, 38.78677800002643], [-119.9466190004061, 38.7866459998274], [-119.94689399986741, 38.78639900015659], [-119.94709999973172, 38.78604000029712], [-119.94727100033425, 38.78561700021051], [-119.94765499957552, 38.78515799983999], [-119.94784700009446, 38.78486399983055], [-119.94782899965277, 38.784466999825625], [-119.94772099969776, 38.78375500029969], [-119.94777799959915, 38.782212999915], [-119.94781899960704, 38.78179800011784], [-119.94792699956207, 38.78164200010106], [-119.94805799998163, 38.78158800004267], [-119.94860199995478, 38.781445000144394], [-119.94946499977013, 38.78132299979879], [-119.95041200014937, 38.78114600025797], [-119.9508509996422, 38.780927999681715], [-119.95144400001914, 38.78076699986262], [-119.95254500038416, 38.78048099998791], [-119.95338999975789, 38.77991499967055], [-119.95456999976562, 38.77905699965997], [-119.95521300037127, 38.77866599971468], [-119.95611100034674, 38.778525000322546], [-119.95733800021014, 38.778563000106665], [-119.95803399962094, 38.77856900029192], [-119.95888200026597, 38.778696999921145], [-119.95923500044339, 38.778717999827435], [-119.9594610003992, 38.778655000090005], [-119.95962899973038, 38.778389000118224], [-119.96014599993934, 38.77771000015158], [-119.96082499963167, 38.77720799997306], [-119.96131300042661, 38.77693499983097], [-119.96211900034058, 38.776627000122026], [-119.9637400003893, 38.7762900000695], [-119.96494799998615, 38.775985999944375], [-119.9739200002431, 38.769898000073006], [-119.9740359996957, 38.76981899989585], [-119.9741460001989, 38.76974499970373], [-119.97735899998402, 38.76755699990224], [-119.97755599962751, 38.76742300017106], [-119.97775399999423, 38.76728799999919], [-119.9939579997354, 38.75625799973749], [-119.99407900010922, 38.75617600023594], [-120.00101500021574, 38.7515490000776], [-120.00348099963817, 38.74990599965079], [-120.00507200044797, 38.748605999875046], [-120.00508999999131, 38.74860399967389], [-120.00548500000153, 38.74831400004332], [-120.00672699993356, 38.74744399968846], [-120.00714200003524, 38.74715400025025], [-120.00734500042485, 38.747010999984894], [-120.00737999968663, 38.74698699983391], [-120.00796999969052, 38.746602000045655], [-120.0081789999279, 38.74646699971923], [-120.0082569997457, 38.746415999700794], [-120.01102299964208, 38.74453600008402], [-120.01955399985808, 38.73874099987659], [-120.02231599955648, 38.73686499965246], [-120.02239799957226, 38.73680900020608], [-120.02445700018723, 38.73540200023178], [-120.03063699971017, 38.731182000086974], [-120.03269700015007, 38.7297760000087], [-120.03574699972854, 38.727692000246385], [-120.0449009995604, 38.72144299966368], [-120.04795199986215, 38.7193600002126], [-120.06139399990487, 38.710259000235276]]]}, "properties": {"ZCTA5": "96120", "GEOID": "96120", "NAME": "ZCTA5 96120", "AREALAND": 586553828, "INTPTLAT": "+38.7424445", "INTPTLON": "-119.8693817", "zcta": "96120", "place": "96120 Markleeville", "name": "ZCTA5 96120"}}]}