{"type": "FeatureCollection", "features": [{"type": "Feature", "geometry": {"type": "Polygon", "coordinates": [[[-120.00644599972617, 39.28082800010353], [-120.00643900005349, 39.282772999989206], [-120.006418999962, 39.2886090000811], [-120.00641599958894, 39.28950099999256], [-120.00641099956607, 39.290554999882545], [-120.00640999974117, 39.29067400021904], [-120.00640999974117, 39.29103499973982], [-120.00640999974117, 39.29115499971143], [-120.00640899991625, 39.29128499979628], [-120.00640800009133, 39.29167599974132], [-120.00640800009133, 39.291806999995664], [-120.00639300002273, 39.29604200010043], [-120.00635000036503, 39.30875100032001], [-120.00633600012132, 39.31298700000963], [-120.0063350002964, 39.31308699991975], [-120.00633399957319, 39.313387000182566], [-120.00633399957319, 39.31348799965261], [-120.00633299974827, 39.31357299967172], [-120.00633199992335, 39.31382899993122], [-120.00633199992335, 39.31391499966161], [-120.00633100009846, 39.314000999981275], [-120.00633100009846, 39.31425999973174], [-120.00633100009846, 39.314346999746725], [-120.00633000027356, 39.31440499969665], [-120.00633000027356, 39.31458000006897], [-120.00633000027356, 39.31463899994096], [-120.00632900044864, 39.3148750003213], [-120.00632600007556, 39.31558200005936], [-120.00632600007556, 39.315819000137196], [-120.00632500025067, 39.315954000077724], [-120.00632299970253, 39.316359999816996], [-120.00632299970253, 39.31649600019226], [-120.00695799991226, 39.31645999977116], [-120.00886699984106, 39.31635500005875], [-120.0095029998757, 39.31631999965628], [-120.01025299971313, 39.316327999690266], [-120.01168200014126, 39.316343999755425], [-120.01250599959853, 39.31634299966459], [-120.01325700015923, 39.31634299966459], [-120.01430200044777, 39.31634200026874], [-120.0174370004151, 39.316340000086996], [-120.01848299963027, 39.316340000086996], [-120.02211700026318, 39.31633799990519], [-120.03302199984009, 39.31633400023636], [-120.03617299970092, 39.31633300014538], [-120.03665700029791, 39.31633400023636], [-120.0367130003744, 39.31633300014538], [-120.0369030003452, 39.31633200005438], [-120.03862599960286, 39.3164229999368], [-120.03886499997746, 39.316435000317234], [-120.03966500004363, 39.316434000227694], [-120.04007099992447, 39.316435000317234], [-120.04087000016574, 39.31643699980131], [-120.0409670002501, 39.31643699980131], [-120.04229899969552, 39.316440000069754], [-120.04404500031605, 39.31644499982187], [-120.04459500013695, 39.316440000069754], [-120.05149600008338, 39.31638100032654], [-120.06128900032289, 39.31631599998647], [-120.06146900024795, 39.31631499989523], [-120.09729700010296, 39.31628999969453], [-120.09733800011082, 39.31628999969453], [-120.09746100013447, 39.31628999969453], [-120.09750299996726, 39.31628999969453], [-120.10093599986043, 39.31628700011462], [-120.11123500043821, 39.3162800001677], [-120.11202100026068, 39.3162800001677], [-120.11337699999552, 39.3162800001677], [-120.1146690001563, 39.316279000075944], [-120.11512299971773, 39.31627799998418], [-120.1154030001002, 39.31627799998418], [-120.11613500039431, 39.31627799998418], [-120.11648799967344, 39.31627799998418], [-120.11653899972704, 39.31627799998418], [-120.11694399978299, 39.31627799998418], [-120.11782500004, 39.3162769998924], [-120.11880599985614, 39.3162759998006], [-120.1238770004148, 39.31627300022012], [-120.12439000042578, 39.31631299971271], [-120.12602800019292, 39.31644100015921], [-120.12625499997365, 39.31643699980131], [-120.13110700024916, 39.31628800020626], [-120.13360500035695, 39.31626699966875], [-120.13631000015398, 39.31624499972771], [-120.13835899982487, 39.31635600014942], [-120.13859800019947, 39.31636899993683], [-120.13953299998485, 39.31641900027287], [-120.14242500027792, 39.316414999913725], [-120.1425850001115, 39.316414999913725], [-120.14364799994338, 39.31640900006952], [-120.14385100033299, 39.31640799997962], [-120.14574699984301, 39.31640900006952], [-120.14712299966935, 39.31639099983888], [-120.14724200039336, 39.31639099983888], [-120.147646999551, 39.31639400010934], [-120.14789599997135, 39.31637699996521], [-120.14816999960772, 39.31637200020824], [-120.14887500013764, 39.316357000240075], [-120.1489639998261, 39.31635600014942], [-120.1489780000698, 39.31635500005875], [-120.14902199955243, 39.31635500005875], [-120.14903699962102, 39.31635500005875], [-120.14905699971251, 39.316353999968065], [-120.14911600016208, 39.31635199978667], [-120.14913700007847, 39.31635199978667], [-120.14939599964623, 39.316347000027854], [-120.15222900038809, 39.316290999786126], [-120.15241699981074, 39.31628600002296], [-120.15296400015694, 39.316259000322844], [-120.15312900001337, 39.31627300022012], [-120.15314900010485, 39.31627400031197], [-120.15320900037929, 39.3162800001677], [-120.15322899957248, 39.31628199965621], [-120.15358299957482, 39.31628399983961], [-120.15377500009373, 39.3162849999313], [-120.15445899980897, 39.31628999969453], [-120.15508599962277, 39.316294000060836], [-120.15815199999311, 39.31631499989523], [-120.15938300005449, 39.316324000020856], [-120.15950600007815, 39.316324000020856], [-120.15987799962383, 39.316327000294194], [-120.16000200037071, 39.316327999690266], [-120.1603050003194, 39.316329999872345], [-120.16042099977203, 39.316329999872345], [-120.16121599981533, 39.31633599972333], [-120.16151999958896, 39.31633799990519], [-120.16562500040007, 39.31636699975585], [-120.16753500015379, 39.316361999998165], [-120.16773199979728, 39.316358999726376], [-120.16947900024269, 39.31635600014942], [-120.17266500026366, 39.31633200005438], [-120.17289399969421, 39.316327999690266], [-120.17420900031948, 39.31630400028062], [-120.17433599964278, 39.31630400028062], [-120.17988699970213, 39.316271000036416], [-120.1803980000633, 39.31630900004246], [-120.18045099976676, 39.31630799995112], [-120.18147599996384, 39.31626799976073], [-120.18160700038337, 39.31626799976073], [-120.18378099972773, 39.316262999995914], [-120.18393700026166, 39.316262999995914], [-120.18656800043885, 39.31625700013868], [-120.18676400025743, 39.31625700013868], [-120.1884380000096, 39.31625399986238], [-120.18857500027696, 39.31625299977026], [-120.18865499974459, 39.31625299977026], [-120.18900999957181, 39.31625199967812], [-120.19103800022464, 39.31624499972771], [-120.19198700025373, 39.31624100005361], [-120.19322800036085, 39.31623799977664], [-120.19520199968868, 39.316233000009674], [-120.19540699972808, 39.316233000009674], [-120.19614999989285, 39.316229999732364], [-120.19838199986182, 39.31622399987235], [-120.19863799995487, 39.31622399987235], [-120.19912599985152, 39.31621599982647], [-120.20004899994132, 39.31620199991778], [-120.200167999767, 39.31619999973198], [-120.20028599976779, 39.31619800024117], [-120.20042200021021, 39.31619800024117], [-120.20050800042392, 39.31620099982491], [-120.20107699961311, 39.31622499996489], [-120.20148900024007, 39.316226000057405], [-120.20171900039384, 39.316226000057405], [-120.20206199962723, 39.316226000057405], [-120.20215100021397, 39.316226000057405], [-120.20241999982748, 39.316226000057405], [-120.20251000023919, 39.316226000057405], [-120.20259100043003, 39.316226000057405], [-120.20283400010429, 39.316226000057405], [-120.20291500029514, 39.316226000057405], [-120.2029689998235, 39.316226000057405], [-120.2031310002052, 39.316226000057405], [-120.20318599955847, 39.316226000057405], [-120.20326699974935, 39.316226000057405], [-120.2033429999173, 39.316226000057405], [-120.2037710004378, 39.31622700014992], [-120.20389500028637, 39.31622700014992], [-120.20429000029657, 39.31622700014992], [-120.21265199955981, 39.316234000102085], [-120.21611499959023, 39.31623699968428], [-120.2169869996264, 39.31623799977664], [-120.21722600000099, 39.31623799977664], [-120.22094799959916, 39.31623899986897], [-120.22291900035059, 39.31622800024242], [-120.22308699968175, 39.31622800024242], [-120.22432100011616, 39.31623099982481], [-120.22908299998001, 39.31622700014992], [-120.22920500017874, 39.31622700014992], [-120.23061199996722, 39.31622700014992], [-120.23617499972214, 39.31622299977974], [-120.2362259997758, 39.31622299977974], [-120.25103199994928, 39.316193999869384], [-120.25452900031485, 39.3162069996869], [-120.25634500035726, 39.31621300024337], [-120.25750600009846, 39.31621699991913], [-120.2664380001724, 39.316246999912224], [-120.2694159997809, 39.31625700013868], [-120.2711189998454, 39.31626400008789], [-120.2752720003371, 39.3162769998924], [-120.27530300029923, 39.31627799998418], [-120.28201400027484, 39.3162759998006], [-120.28222699981188, 39.3162800001677], [-120.2842639997872, 39.31628600002296], [-120.28518500022719, 39.316289000297886], [-120.28533599983993, 39.316290999786126], [-120.2859459999353, 39.31629199987771], [-120.28678199998649, 39.316296000243895], [-120.2876620004186, 39.31629899982338], [-120.28851900038616, 39.31630400028062], [-120.28861700029546, 39.31630400028062], [-120.29205799968621, 39.316329999872345], [-120.29213800005216, 39.316329999872345], [-120.30045500000787, 39.31636500026982], [-120.30159200035796, 39.31637000002735], [-120.30181599976564, 39.3163710001178], [-120.30274899990117, 39.31637399969407], [-120.30555199960749, 39.31638600008291], [-120.30648599956794, 39.31638999974872], [-120.309017000186, 39.316395000199456], [-120.31104499994052, 39.31639899986474], [-120.3166119998934, 39.31641299973401], [-120.31914400033634, 39.31641900027287], [-120.3223780000379, 39.316427000295484], [-120.32607100022203, 39.31643599971175], [-120.3261590000856, 39.31643599971175], [-120.32810800019736, 39.31641000015942], [-120.3285400000175, 39.31638299981215], [-120.32864999962239, 39.31637699996521], [-120.32870400004904, 39.31636799984635], [-120.32886600043076, 39.31634100017788], [-120.32891999995911, 39.31633200005438], [-120.32894000005058, 39.316327999690266], [-120.32900000032507, 39.316318000168906], [-120.32902100024145, 39.31631499989523], [-120.32944999968852, 39.316296000243895], [-120.32993099991248, 39.31627499970879], [-120.33073900037456, 39.3162420001459], [-120.33116899964654, 39.31622399987235], [-120.33148400018914, 39.31622499996489], [-120.33372899967861, 39.31622900033489], [-120.33395399980951, 39.31624100005361], [-120.33564699982826, 39.31633400023636], [-120.33581300040792, 39.31633799990519], [-120.33739900029654, 39.31637800005556], [-120.33747799993925, 39.31638000023622], [-120.33853599974829, 39.3164069998897], [-120.34245900008622, 39.31638199972187], [-120.34925700010048, 39.316340000086996], [-120.3493640002306, 39.316340000086996], [-120.3512599997406, 39.31628999969453], [-120.35201700014909, 39.316290999786126], [-120.35277500038245, 39.31629199987771], [-120.35403599968275, 39.316292999969285], [-120.35529699988138, 39.31629500015237], [-120.35624500008555, 39.316296000243895], [-120.35970800011593, 39.31629999991485], [-120.36027399983037, 39.3162979997319], [-120.36426900013832, 39.316325000111966], [-120.36772499959767, 39.31635099969595], [-120.37266999975964, 39.31638199972187], [-120.37311400017364, 39.31638499999267], [-120.37356000023748, 39.31638700017314], [-120.37418200002841, 39.31639199992908], [-120.37515000032406, 39.31639899986474], [-120.37573399958187, 39.31639799977469], [-120.37632199993591, 39.31639799977469], [-120.37674899973315, 39.31639899986474], [-120.37717600042873, 39.316399999954776], [-120.37761200044685, 39.31638299981215], [-120.37762599979222, 39.31638299981215], [-120.3776579995793, 39.31638100032654], [-120.37770399961003, 39.31638100032654], [-120.37774100031828, 39.31638100032654], [-120.37780599971728, 39.31638199972187], [-120.37791299984742, 39.31638100032654], [-120.37881900021877, 39.31637800005556], [-120.40883400007363, 39.31625299977026], [-120.41720999958058, 39.31621900010439], [-120.4176270002304, 39.316218000011766], [-120.41804499980684, 39.316214999733795], [-120.41813400039362, 39.316214999733795], [-120.42709300023176, 39.31618900009928], [-120.4281729997821, 39.316184999726985], [-120.4299970002204, 39.31618599982008], [-120.43535900013387, 39.316192999776405], [-120.4362699996298, 39.316193999869384], [-120.43713800036635, 39.31618900009928], [-120.43789300022667, 39.316186999913164], [-120.44339900008016, 39.31616700013371], [-120.44372999961799, 39.316168000227066], [-120.44503900039547, 39.31616299976015], [-120.44520000005396, 39.316161999666726], [-120.44527600022194, 39.316161999666726], [-120.44537800032919, 39.31616600004034], [-120.44548200008627, 39.316168000227066], [-120.44837900040221, 39.316214999733795], [-120.44871900016085, 39.316221000289595], [-120.44906599959216, 39.316226000057405], [-120.44941100027198, 39.31623199991725], [-120.44975600005344, 39.31623699968428], [-120.4499340003287, 39.3162399999613], [-120.45000299992567, 39.31624800000443], [-120.45004399993357, 39.31625199967812], [-120.45016699995722, 39.31626500017987], [-120.45020799996512, 39.31626999994453], [-120.45032599996586, 39.31626600027181], [-120.45036500032391, 39.31626400008789], [-120.45044499979154, 39.3162609998119], [-120.45083700032703, 39.316246999912224], [-120.45095000030493, 39.31624300023819], [-120.45099499961246, 39.31623899986897], [-120.45113100005489, 39.31623099982481], [-120.45115199997132, 39.316229999732364], [-120.45132500022366, 39.316218000011766], [-120.45153899958558, 39.31620300001063], [-120.45167599985295, 39.31619499996235], [-120.45204200044914, 39.31617999995628], [-120.45314299991588, 39.31613800020015], [-120.45349699991822, 39.31612499967481], [-120.453510000337, 39.31612499967481], [-120.45573100043535, 39.316141999880124], [-120.45627899970813, 39.31613600001257], [-120.4564829999226, 39.31613299973104], [-120.46021799993957, 39.31608199979107], [-120.4608899999592, 39.316110999747856], [-120.46109400017372, 39.316114000030325], [-120.46189300041496, 39.31609900000685], [-120.46330199985327, 39.31605299982223], [-120.4642890004155, 39.316122000087816], [-120.46436399986025, 39.3161269998627], [-120.46444000002823, 39.31613299973104], [-120.46456999972457, 39.31613299973104], [-120.46470000031924, 39.31613299973104], [-120.48052900014166, 39.31611899980574], [-120.48161299988995, 39.31610900025451], [-120.48486699968298, 39.31608000029684], [-120.48595200015451, 39.316071000139836], [-120.48625099990524, 39.31606799985557], [-120.48715200025376, 39.31605999979186], [-120.4874519998294, 39.316058000297055], [-120.48763400030258, 39.31605600010713], [-120.48818300029859, 39.31605100032722], [-120.4883670004216, 39.3160500002322], [-120.48958599988912, 39.31603899988092], [-120.49324599956299, 39.31600700030236], [-120.49446599975373, 39.31599700004013], [-120.50066799991632, 39.31579299966055], [-120.50103899963707, 39.315780999864955], [-120.51928500027475, 39.315715999662444], [-120.52549099973702, 39.315695000343204], [-120.52951399963405, 39.315680000229946], [-120.5415849998733, 39.31563900027456], [-120.54560899959525, 39.3156250002504], [-120.5456329998847, 39.3156250002504], [-120.54570800022779, 39.3156250002504], [-120.54573300034212, 39.3156250002504], [-120.54673000005181, 39.315621999947005], [-120.54785900000591, 39.31561900033845], [-120.54897100024162, 39.3156160000348], [-120.54916500041038, 39.3156160000348], [-120.55460000011878, 39.315596000092114], [-120.55531399997122, 39.31561000012213], [-120.55668499977469, 39.31559999980314], [-120.55687499974547, 39.31559899970166], [-120.5570370001272, 39.31559399988904], [-120.56370999956968, 39.31557199973636], [-120.56780000031216, 39.315558999800864], [-120.57323699967037, 39.31553999994422], [-120.57344400025794, 39.31553899984189], [-120.57365099994716, 39.31553899984189], [-120.57662299970788, 39.31552900020776], [-120.5796279999789, 39.31550399972619], [-120.57965300009323, 39.31550300031836], [-120.58593399989853, 39.31548300034338], [-120.5929009999672, 39.31545899994886], [-120.59646799975467, 39.31548800016388], [-120.59901600009117, 39.31548100013707], [-120.60749100023065, 39.315456000333306], [-120.60887799992766, 39.315451999919105], [-120.60909999968548, 39.31545099981551], [-120.61482900002007, 39.315434000137245], [-120.61491100003583, 39.315434000137245], [-120.61694600036135, 39.31542800020896], [-120.61701300030849, 39.315427000105025], [-120.61716599957104, 39.315427000105025], [-120.6173100004094, 39.315427000105025], [-120.62302799997502, 39.31541699975988], [-120.62447599977139, 39.315413000038404], [-120.62488599985022, 39.315411999934256], [-120.62495000032264, 39.31541099983009], [-120.62612600013242, 39.3153369997273], [-120.6306860003299, 39.31527199980726], [-120.63618799998547, 39.31522900009427], [-120.63627400019918, 39.3152269998807], [-120.63956200032739, 39.31520300009338], [-120.64075200038087, 39.31519299971622], [-120.6457949995538, 39.315154999798985], [-120.64630699973988, 39.314254999823426], [-120.64721499976108, 39.3130790002102], [-120.64792500031388, 39.31250400009971], [-120.64873899972541, 39.31144999981467], [-120.64970899967089, 39.311134999889795], [-120.65152899991126, 39.31028199965535], [-120.65199500006659, 39.310063000061476], [-120.65292800020212, 39.309958999966675], [-120.65364299987947, 39.30982499976378], [-120.65433699964045, 39.309611999862256], [-120.65497100002526, 39.30916800019577], [-120.65549200043216, 39.30860400005149], [-120.65606399999436, 39.30816000024512], [-120.65642499966938, 39.308121999983655], [-120.6564599998295, 39.308110000262666], [-120.65676899962597, 39.30802199992873], [-120.65691400028923, 39.307980000141036], [-120.65749400024738, 39.30786500017968], [-120.65759200015668, 39.307852999719536], [-120.65799700021263, 39.307803999730645], [-120.65810400034275, 39.30780000026906], [-120.65840200026858, 39.307823000297816], [-120.65883599973853, 39.307907000036394], [-120.65908799963361, 39.307980000141036], [-120.65947799962095, 39.308124999913616], [-120.6596070003907, 39.30819700027867], [-120.65971399962253, 39.30828100026341], [-120.65993299990562, 39.30849500024875], [-120.6599880001572, 39.308547999867955], [-120.66014899981569, 39.308646999665534], [-120.66031700004517, 39.308739000011805], [-120.66064500010825, 39.30888400029692], [-120.66066799967446, 39.30889700008253], [-120.6607279999489, 39.308930999831134], [-120.6608049999418, 39.308975000135455], [-120.66089799982824, 39.30905099971137], [-120.66091200007192, 39.30906299996607], [-120.66094200020916, 39.30910499979882], [-120.6609730001713, 39.30917399996584], [-120.6610090001563, 39.30922500007575], [-120.66106400040788, 39.30930299976313], [-120.6611559995711, 39.30939099987631], [-120.66126299970121, 39.30947899987887], [-120.66130799990705, 39.30950700029877], [-120.66141500003717, 39.30957399969419], [-120.66142599990783, 39.30958100031202], [-120.6616359999701, 39.30970400033], [-120.66177800026033, 39.30976899986227], [-120.66196499985809, 39.30985599990093], [-120.66239199965534, 39.31001300004857], [-120.66255200038722, 39.31006599990818], [-120.6627959998864, 39.31009999978388], [-120.66292099955986, 39.3101049999891], [-120.6629869996821, 39.31010799983401], [-120.66313200034537, 39.31009299991303], [-120.66331499974515, 39.31004400010245], [-120.66334700043052, 39.310038999892924], [-120.66345700003536, 39.30999599974412], [-120.66367399977037, 39.30992099998709], [-120.66382600010633, 39.30984900000568], [-120.66387799998485, 39.30983900025341], [-120.66402699994778, 39.30981300033475], [-120.66407899982632, 39.30980299988227], [-120.66410200029084, 39.30980299988227], [-120.66432999989648, 39.309809999782125], [-120.6644069998894, 39.309809999782125], [-120.66454300033182, 39.309806999924405], [-120.66455900022532, 39.309806999924405], [-120.66487899989248, 39.309791999938945], [-120.6649519996874, 39.3097839998527], [-120.66508800012983, 39.30977100023187], [-120.66518000019134, 39.30976099977339], [-120.6654570002008, 39.30973300015013], [-120.66548200031515, 39.30973099977945], [-120.66555000008721, 39.30972799991839], [-120.66574900027882, 39.30971900033436], [-120.66658799980476, 39.30957399969419], [-120.66669499993488, 39.3095589996588], [-120.66674799963832, 39.30954700018416], [-120.66679399966907, 39.30952800008508], [-120.66683300002714, 39.309489999871396], [-120.66693900033233, 39.30936799966787], [-120.66706800020377, 39.30928400029283], [-120.66719899972504, 39.309208000274936], [-120.66725200032678, 39.309135000061126], [-120.6672819995657, 39.3090479998211], [-120.66732799959644, 39.308971000045766], [-120.66737399962722, 39.3089260002371], [-120.66748800032832, 39.308842000331545], [-120.6675269997881, 39.30875400022301], [-120.66757199999394, 39.308601000142104], [-120.66765599965952, 39.30848299989663], [-120.66775500029203, 39.30839900015435], [-120.66781700021629, 39.30836500014728], [-120.66797700004989, 39.30830400013403], [-120.66817500041661, 39.308257999690106], [-120.6682590000822, 39.30822000017694], [-120.66833600007507, 39.30819300014445], [-120.66846499994652, 39.3081239997053], [-120.66860200021385, 39.308086000119374], [-120.66880800007819, 39.30809399970466], [-120.66904499990464, 39.3081239997053], [-120.66922800020276, 39.30814300018559], [-120.66951799973268, 39.3081279998434], [-120.66981499983358, 39.30816199996568], [-120.67005199966006, 39.30822000017694], [-120.67019700032331, 39.30827300000442], [-120.67032600019473, 39.30835299977287], [-120.67039599961664, 39.3084300002282], [-120.67045699971598, 39.30868899974795], [-120.67048699985322, 39.308849000327534], [-120.67049500024915, 39.308975000135455], [-120.67047900035563, 39.30915000018746], [-120.67045599989109, 39.30926100004917], [-120.67046400028701, 39.3093869998104], [-120.67047900035563, 39.30948599981114], [-120.67046400028701, 39.30960799980893], [-120.67043400014977, 39.30970400033], [-120.67040300018765, 39.3097839998527], [-120.67038800011903, 39.30986399997896], [-120.67036499965451, 39.309939999979456], [-120.67040300018765, 39.31000900001817], [-120.67049400042426, 39.31008099983495], [-120.67077700028146, 39.31020000034471], [-120.67095300000855, 39.31025700007914], [-120.67115899987286, 39.3103139997671], [-120.67128799974431, 39.310340999676306], [-120.67133399977506, 39.31036000024971], [-120.67143300040759, 39.31037100010374], [-120.67157800017254, 39.31030599974052], [-120.67175300007472, 39.31020000034471], [-120.67192899980184, 39.31009999978388], [-120.67222699972764, 39.30999299989437], [-120.67259300032386, 39.30987200005607], [-120.67269899973073, 39.30979499979727], [-120.67288299985377, 39.309696000233686], [-120.67297400009035, 39.30966900007566], [-120.67321799958953, 39.309577999749465], [-120.67340900028354, 39.30953200014292], [-120.67369899981345, 39.30941400007723], [-120.67388200011155, 39.30931399978331], [-120.67411899993802, 39.30920400019851], [-120.67421799967224, 39.30916599980894], [-120.67460699983465, 39.30895199979029], [-120.67475900017061, 39.308814999844], [-120.67485799990483, 39.30868899974795], [-120.67494199957042, 39.3085630001201], [-120.67501899956329, 39.30849400004572], [-120.6751030001272, 39.3083150003113], [-120.67520199986139, 39.30820400033917], [-120.67536199969497, 39.308097999844485], [-120.67537799958848, 39.308086000119374], [-120.67546899982509, 39.30801700026975], [-120.67554499999306, 39.30793299996812], [-120.67559900041975, 39.30781300025604], [-120.67562899965866, 39.307718000135296], [-120.67568300008534, 39.30751500016206], [-120.6757290001161, 39.30742200007355], [-120.6758350004213, 39.30733400026465], [-120.67594300037634, 39.30728799987817], [-120.67618699987548, 39.30724900031252], [-120.67641700002926, 39.307255999772764], [-120.67663999961202, 39.307297999994965], [-120.67674699974214, 39.30730200018028], [-120.67683899980364, 39.30728300016675], [-120.6769540003297, 39.30723200003168], [-120.67702299992665, 39.30717099972595], [-120.67718299976023, 39.30712499992741], [-120.67738199995186, 39.3071239997048], [-120.67774299962691, 39.30716700022823], [-120.67786499982563, 39.307155000343435], [-120.67817100014739, 39.30703600021624], [-120.67848499996673, 39.30689199980344], [-120.67873799968672, 39.30678199988707], [-120.67889900024352, 39.306682000002574], [-120.67905200040438, 39.30655900023373], [-120.67917299987991, 39.306448999793915], [-120.67923099960623, 39.30639599997528], [-120.67929699972848, 39.30635399990685], [-120.67935100015514, 39.30631600005494], [-120.67947500000369, 39.306240000289186], [-120.67956299986726, 39.306201999680276], [-120.67979499967085, 39.30610199966219], [-120.67980700026472, 39.30609600032385], [-120.68006500000759, 39.30599300013308], [-120.68015399969606, 39.30595699986868], [-120.68022200036641, 39.30593500016139], [-120.6802840002907, 39.30593099989789], [-120.68046599986559, 39.30597300022016], [-120.68056399977486, 39.306005999760615], [-120.68070600006507, 39.30605500031329], [-120.68077899986001, 39.30608300001793], [-120.6808120003703, 39.30610299989941], [-120.68084599980716, 39.30612400001209], [-120.6809549995871, 39.30619000032517], [-120.68098300007455, 39.306213000187945], [-120.68107699978584, 39.30628799974841], [-120.68110699992307, 39.30631199981322], [-120.68125199968804, 39.30644599979216], [-120.68135899981814, 39.30655999976932], [-120.68150399958311, 39.30668999974835], [-120.68160300021565, 39.30675499999489], [-120.68176399987411, 39.30683099989644], [-120.68199200037805, 39.30690699971545], [-120.68224400027313, 39.306919000337864], [-120.68248899959721, 39.3068040000232], [-120.68251899973443, 39.30677799967198], [-120.68271000042846, 39.30668999974835], [-120.68281699966026, 39.30663299988888], [-120.68322900028723, 39.30638800019589], [-120.68342000008293, 39.306266000145186], [-120.68367899965071, 39.306120999996345], [-120.68408299988174, 39.305988000329144], [-120.68416700044564, 39.30596499969733], [-120.68451800007493, 39.30573999973634], [-120.6846779999085, 39.30567499993733], [-120.68469600035016, 39.30566299979671], [-120.6852040003383, 39.30542400027511], [-120.6853800000654, 39.30533199974146], [-120.68554800029486, 39.305236000173856], [-120.68568499966389, 39.30506499968395], [-120.68573800026566, 39.30494300010741], [-120.68580699986263, 39.30484700000625], [-120.6858529998934, 39.30480499970341], [-120.68587600035792, 39.30479000003595], [-120.68601299972697, 39.30469800005913], [-120.68608899989495, 39.304675999956096], [-120.68622699998721, 39.30469499998232], [-120.6864100002853, 39.30468299967367], [-120.68659299968509, 39.30468299967367], [-120.68712699961249, 39.304615000202936], [-120.68737900040588, 39.30454200006385], [-120.68784399983797, 39.30438200006393], [-120.68809599973304, 39.30428700015157], [-120.6883329995595, 39.30417999971538], [-120.68846999982685, 39.30409200000065], [-120.68860000042152, 39.30404600026376], [-120.6887979998899, 39.303942999836494], [-120.68899600025662, 39.30388599982505], [-120.68914900041752, 39.30385900020589], [-120.68928599978655, 39.30384400033574], [-120.68937799984805, 39.30382899976725], [-120.68965300020767, 39.30382099969445], [-120.6899500003086, 39.30387500034194], [-120.69029300044028, 39.303965999742566], [-120.69054500033535, 39.304022999688804], [-120.69069799959792, 39.30404600026376], [-120.69088900029192, 39.30410000004252], [-120.69111000022488, 39.30413400003632], [-120.69127699973113, 39.30414200007335], [-120.69135399972402, 39.304140999808105], [-120.69146900025007, 39.304122000326615], [-120.69153700002212, 39.30410000004252], [-120.69157499965698, 39.30406900013598], [-120.69160599961911, 39.30398100028169], [-120.69149900038728, 39.30378700024373], [-120.69147599992276, 39.30371000024079], [-120.69149900038728, 39.30365300003966], [-120.69158300005287, 39.30356200023204], [-120.69179599958991, 39.30345500007776], [-120.69183400012307, 39.30340200007718], [-120.69194899975079, 39.30313099987989], [-120.69201800024607, 39.30302800019146], [-120.6920480003833, 39.30299699981018], [-120.69211699998026, 39.30294400015794], [-120.69215499961513, 39.30285600027943], [-120.69219300014825, 39.30274899974101], [-120.69226900031623, 39.3026460001856], [-120.69235299998182, 39.302566000149646], [-120.69249899957167, 39.302467000091525], [-120.69256700024208, 39.30239800026308], [-120.69264400023498, 39.302288000234775], [-120.69270399961111, 39.30221099997306], [-120.69289500030513, 39.302013000102875], [-120.69301699960553, 39.30192499974903], [-120.69320800029956, 39.30184900008117], [-120.69342900023253, 39.3018179998728], [-120.6936200000282, 39.30180700006465], [-120.69382599989254, 39.30175299990714], [-120.69390999955812, 39.30171500033771], [-120.69419900016143, 39.30163100011872], [-120.69468799988299, 39.30154699979888], [-120.69483299964794, 39.301555000131636], [-120.69532899994049, 39.30159700029931], [-120.69539000003986, 39.3015819999444], [-120.69541299960609, 39.30156700028139], [-120.69559599990419, 39.30140999995482], [-120.6957030000343, 39.301349000135836], [-120.6958860003324, 39.30132600006491], [-120.69612999983157, 39.30128800026369], [-120.69626000042621, 39.301261000337526], [-120.69633599969588, 39.30125699980688], [-120.69648800003186, 39.30123100017559], [-120.69689300008781, 39.30121899996819], [-120.69712900008935, 39.30118100010888], [-120.6973580004182, 39.30115799998281], [-120.69759500024468, 39.30110099978886], [-120.69783899974382, 39.30103599985248], [-120.69799899957742, 39.300956000061845], [-120.69835099992991, 39.300621000119335], [-120.69840399963337, 39.30053300010097], [-120.69852900020514, 39.300470000272604], [-120.69860200000007, 39.300450000171814], [-120.69869900008445, 39.30042099998078], [-120.69876699985653, 39.300398000300106], [-120.69880500038965, 39.30037600023577], [-120.6988489998723, 39.30034300012637], [-120.69888599968219, 39.3003190001002], [-120.69891199962149, 39.30031500021089], [-120.69935699986041, 39.3003269998781], [-120.69957199994556, 39.300300000276415], [-120.69978799985563, 39.3001940003233], [-120.70002600040533, 39.3000399999743], [-120.70021899985085, 39.299929000085946], [-120.70047300029407, 39.29980299998056], [-120.70068800037922, 39.29972300017106], [-120.70082599957317, 39.29969300004515], [-120.70093299970327, 39.29967799997741], [-120.70108699968907, 39.299685000194806], [-120.70138700016305, 39.29973299997848], [-120.70180100043983, 39.29981000018545], [-120.70195500042563, 39.29983399969096], [-120.70214700004624, 39.299842000219456], [-120.70234700006276, 39.29982399989798], [-120.70237499965187, 39.29981699969448], [-120.70250900044448, 39.29978200005678], [-120.7026319995698, 39.29971200003374], [-120.70276200016447, 39.29960100032041], [-120.70280900002014, 39.299552000115405], [-120.7029400004397, 39.299383000308495], [-120.7031710004184, 39.29903399992205], [-120.70324800041128, 39.29893800005835], [-120.70327199980241, 39.298814999888556], [-120.70328699987104, 39.29866600030901], [-120.70329600009185, 39.298635000081326], [-120.7033349995516, 39.29825499974086], [-120.70339599965097, 39.298115999702944], [-120.7034819998647, 39.2979429998804], [-120.70358999981971, 39.29778199973375], [-120.70383599986702, 39.297560000267204], [-120.7039970004238, 39.29743400006893], [-120.70408199991431, 39.29737700031854], [-120.70424400029603, 39.29725400018678], [-120.70443599991665, 39.29706599969218], [-120.70462900026048, 39.29688699992792], [-120.70476700035277, 39.29678299971881], [-120.70498300026281, 39.29666499970882], [-120.70520599984557, 39.29654999992609], [-120.70549000042601, 39.29637699970962], [-120.70585899959865, 39.29625500028449], [-120.70614499982891, 39.29616800002323], [-120.70642100001345, 39.29611500006676], [-120.70670499969555, 39.2960660002025], [-120.70693599967426, 39.2960159999226], [-120.70725100021686, 39.29591700033365], [-120.70747499962451, 39.29581399976301], [-120.70774400013634, 39.295669000208015], [-120.70780500023571, 39.29561300010294], [-120.70803700003931, 39.295400999746214], [-120.70812099970489, 39.29530800024635], [-120.70823700005585, 39.295171000010505], [-120.70835199968357, 39.29500999974596], [-120.7084599996386, 39.29484800010352], [-120.70859100005816, 39.294695000212926], [-120.70882200003686, 39.29450699979864], [-120.70892900016695, 39.29439999970727], [-120.70895400028132, 39.29435800008802], [-120.70914500007704, 39.29415500029854], [-120.70929999988772, 39.29400099987383], [-120.70940799984278, 39.293855000323155], [-120.70955299960774, 39.29369000024067], [-120.70968499985219, 39.29350199990873], [-120.70992500005171, 39.2930999999459], [-120.71007900003748, 39.292901000298386], [-120.7103180004121, 39.292544000302854], [-120.71041899979612, 39.29243699999247], [-120.710571999957, 39.29232200021732], [-120.71070300037658, 39.29225699977722], [-120.71084899996646, 39.2922299998441], [-120.71177799990403, 39.2921560002572], [-120.71235500038743, 39.29214600006274], [-120.71292299975168, 39.29216599975497], [-120.71321599965465, 39.292170999850946], [-120.71339999977766, 39.29218199978273], [-120.71388299965142, 39.2922299998441], [-120.71446699980751, 39.2922349999355], [-120.71484400027441, 39.29224700029245], [-120.71512799995651, 39.2922519996874], [-120.71533600036896, 39.29222600018785], [-120.71562099987602, 39.292165000013796], [-120.71591999962678, 39.292073999871974], [-120.71628200002502, 39.29193299989232], [-120.71649700011017, 39.29184099970318], [-120.7166200001338, 39.291774999765074], [-120.71708100026626, 39.2915619998566], [-120.71739699973544, 39.291393999980926], [-120.71789700022595, 39.29120700019149], [-120.71851200034418, 39.290916000016765], [-120.71890399998134, 39.29074400024077], [-120.71923600024236, 39.290637999723785], [-120.71952699959719, 39.290537999718616], [-120.72004200015631, 39.29037399992942], [-120.72024299999778, 39.290302000002335], [-120.72100299988097, 39.29017699972143], [-120.72129499995901, 39.29011200007117], [-120.72158799986198, 39.290017000259894], [-120.72170400021291, 39.28997500009733], [-120.72205599966712, 39.28982599978093], [-120.722717999641, 39.289473999692035], [-120.72297999958184, 39.28935599987851], [-120.72330400034527, 39.28917300003963], [-120.72370400037835, 39.28908500023177], [-120.72434100023789, 39.28900599978071], [-120.72464900020947, 39.28896500018915], [-120.72504099984663, 39.28892999999312], [-120.72522499996964, 39.28890099989693], [-120.72540900009265, 39.288848000001735], [-120.72572499956183, 39.28875200007635], [-120.72601699963988, 39.288668000294436], [-120.7262929998244, 39.28861099966495], [-120.72654800009252, 39.288578000267265], [-120.72671600032201, 39.288524000334554], [-120.72733100044026, 39.288287000291774], [-120.72758499998515, 39.28821500030474], [-120.7277630002604, 39.28814600033463], [-120.72789299995672, 39.28808100018972], [-120.72815499989757, 39.28787500017705], [-120.72828499959388, 39.28774400021492], [-120.72846299986911, 39.287605999973835], [-120.72865600021296, 39.28743800034112], [-120.7287559997721, 39.28726899979912], [-120.72886399972711, 39.28705500027604], [-120.72899400032178, 39.28683499980532], [-120.7294339996395, 39.28624800032822], [-120.7296649996182, 39.28596499973818], [-120.72986499963474, 39.28577300019526], [-120.73006600037449, 39.2856089996764], [-120.73023399970569, 39.285501000057714], [-120.73062799989098, 39.2852919998913], [-120.73102700009915, 39.28510399995731], [-120.73135099996425, 39.28494400003025], [-120.73149699955412, 39.28487899969468], [-120.73174299960141, 39.284699000215745], [-120.73194299961794, 39.2845380002087], [-120.73215100003041, 39.284347000083216], [-120.73224300009191, 39.284268999703826], [-120.732390000405, 39.284132000119705], [-120.73259000042154, 39.283986000156304], [-120.73285099963914, 39.28385599973274], [-120.73317399967935, 39.28373400004639], [-120.73339799998531, 39.28366899997854], [-120.73358999960595, 39.28356200001368], [-120.73373600009413, 39.28344300010766], [-120.73376700005626, 39.28340899979939], [-120.73398200014144, 39.28328700002979], [-120.73422800018872, 39.28301900015462], [-120.73451400041897, 39.282738000175335], [-120.73473700000176, 39.282569999990706], [-120.73482999988815, 39.28250399965896], [-120.73515299992833, 39.282344000050415], [-120.73555299996144, 39.28221900016715], [-120.73576700022167, 39.28216500019867], [-120.73597499973582, 39.28210799983909], [-120.73612200004891, 39.282032000214606], [-120.73622099978313, 39.281954999925425], [-120.73641400012696, 39.281702000266584], [-120.73649100011986, 39.281568000206335], [-120.73656100044005, 39.281421999765804], [-120.73667699989268, 39.28091200024916], [-120.73673200014429, 39.280634999784624], [-120.73678599967263, 39.28053099977418], [-120.73689500035088, 39.28037899980213], [-120.73701800037452, 39.28030099987142], [-120.73705600000939, 39.28029000015947], [-120.73716300013949, 39.280286999732], [-120.73731700012529, 39.280271999678874], [-120.7374939996773, 39.28021800029547], [-120.7376629997317, 39.280103999838], [-120.7378250001134, 39.279969000282314], [-120.73797900009917, 39.27976200013379], [-120.73804799969618, 39.279634999975116], [-120.73820199968195, 39.27945500023177], [-120.7383180000329, 39.27933999999907], [-120.73846399962277, 39.27927899972645], [-120.73870200017247, 39.27921800009609], [-120.73896400011327, 39.2791800001171], [-120.73910200020555, 39.27912300010999], [-120.7392400002978, 39.279074000176585], [-120.73925600019135, 39.27905400022226], [-120.73954099969836, 39.27896299973239], [-120.7397170003238, 39.278931999821204], [-120.73990899994439, 39.2789180001036], [-120.74010200028825, 39.27891399968708], [-120.74049300010049, 39.27886199981436], [-120.74071599968327, 39.27884299973089], [-120.74086899984415, 39.27879299966962], [-120.7410630000129, 39.278751999662255], [-120.74122299984646, 39.278690000334834], [-120.74140100012168, 39.27856099975271], [-120.74152400014535, 39.27837299983199], [-120.74160899963586, 39.27828099990889], [-120.74174699972811, 39.278150000081936], [-120.74200100017134, 39.277994000037474], [-120.74224700021861, 39.27785600005627], [-120.74245499973276, 39.27772200028805], [-120.74278600016889, 39.277565000036354], [-120.74286300016176, 39.277523000055496], [-120.74317100013334, 39.27742000024428], [-120.74363899993848, 39.277291000105144], [-120.74373199982489, 39.27724500014358], [-120.74379399974917, 39.27718699999783], [-120.74384800017586, 39.277119000245435], [-120.7439639996285, 39.276833999706035], [-120.74401800005516, 39.27662300017747], [-120.74403300012378, 39.276453999964936], [-120.74408800037538, 39.276170000166815], [-120.74411900033752, 39.27606199990225], [-120.74414199990373, 39.27603899986944], [-120.74427300032329, 39.275901000209664], [-120.7443729998824, 39.27581700031392], [-120.74445800027122, 39.27575199985358], [-120.74454299976173, 39.27572599979165], [-120.74464999989185, 39.27571000017665], [-120.74479600038003, 39.27567600028728], [-120.74490400033507, 39.275633999869434], [-120.74532699993436, 39.275361999997564], [-120.74544999995801, 39.27532000008684], [-120.74551899955499, 39.27528999993654], [-120.7456890003326, 39.275263999703114], [-120.7458499999911, 39.275217999801484], [-120.7460419996117, 39.27517999973906], [-120.74624199962825, 39.27513399978227], [-120.74640400000997, 39.27509199973488], [-120.74677300008089, 39.275039999806886], [-120.74684099985298, 39.275021000077686], [-120.74700300023467, 39.27498699985395], [-120.74722499999253, 39.274914000115594], [-120.74729500031272, 39.2748640000318], [-120.74740300026775, 39.27473400006414], [-120.7475260002914, 39.27456900013229], [-120.74763400024644, 39.274414999752594], [-120.7476879997748, 39.274384999910204], [-120.74787400044595, 39.27410900006186], [-120.74797400000506, 39.27397100007772], [-120.74811200009734, 39.27373700017876], [-120.74826699990803, 39.273544999802866], [-120.74835099957362, 39.27341800019595], [-120.74861500006256, 39.27308800000436], [-120.74865900044351, 39.27303199992292], [-120.74875900000262, 39.272872000238536], [-120.74878999996476, 39.272768999848516], [-120.74885000023923, 39.27263900016633], [-120.74891100033858, 39.27235300015578], [-120.74896499986694, 39.272028999988144], [-120.74895700036932, 39.271891000079975], [-120.74893399990479, 39.27168200033653], [-120.74891899983618, 39.271464000335875], [-120.74888899969895, 39.271228000329934], [-120.74891899983618, 39.270994999659194], [-120.74896499986694, 39.27083899967852], [-120.74909499956327, 39.270609999996154], [-120.74917099973125, 39.27052600001614], [-120.74925500029515, 39.27045700000693], [-120.74943799969496, 39.270319999837696], [-120.74968999959003, 39.270151999777234], [-120.74987999956083, 39.27004099980195], [-120.74999500008687, 39.269930999709345], [-120.7502160000198, 39.26970199984154], [-120.75044500034866, 39.26943099995745], [-120.75057500004502, 39.2693010003417], [-120.75076599984071, 39.2691450000672], [-120.75089600043538, 39.26905299984947], [-120.75104799987302, 39.26898100026011], [-120.7512579999353, 39.26896200027884], [-120.7513070003391, 39.26895799998931], [-120.7516959996032, 39.26886999982093], [-120.75214599986502, 39.2687980000435], [-120.75234500005666, 39.268728999723784], [-120.75245200018675, 39.26869900022878], [-120.75252800035476, 39.26863400011984], [-120.75258199988313, 39.26856899995061], [-120.75262700008895, 39.268476999672195], [-120.75261899969303, 39.26835400024525], [-120.75262600026406, 39.26824799992132], [-120.75266300007395, 39.26809599972813], [-120.75269999988387, 39.26804600034289], [-120.75273699969381, 39.26794900033495], [-120.75284800002188, 39.26782499989277], [-120.75300799985548, 39.267706999772926], [-120.75377199993662, 39.26723700028282], [-120.75439700010061, 39.26687900012198], [-120.75451199972832, 39.26680600028241], [-120.75456500033008, 39.26675299966527], [-120.75477700004218, 39.266576999939694], [-120.75485499985999, 39.2665130000564], [-120.75501499969357, 39.266363999906], [-120.75519100031899, 39.266185000258666], [-120.75535100015254, 39.26597899983844], [-120.75545800028269, 39.26585999997134], [-120.75557999958309, 39.26571500029856], [-120.75572500024636, 39.26549799994004], [-120.75577100027711, 39.26541000029546], [-120.75580899991195, 39.2652620000118], [-120.7558540001178, 39.26512399999208], [-120.75596100024791, 39.2648909998914], [-120.75604499991348, 39.26474299990284], [-120.75616700011224, 39.2645859997801], [-120.75628199973995, 39.26445600021858], [-120.7563960004411, 39.26435400011559], [-120.75649500017529, 39.26428500028905], [-120.75659499973443, 39.26423500027149], [-120.75672399960582, 39.264192999950986], [-120.75696800000333, 39.26415100030082], [-120.75712899966179, 39.26415900003742], [-120.75734999959474, 39.26414400000893], [-120.75754899978637, 39.26415100030082], [-120.75780800025247, 39.26418199979666], [-120.75789899959074, 39.264189000084755], [-120.75828000025555, 39.26412100023722], [-120.7583949998833, 39.264078999848444], [-120.75851700008201, 39.26405200018135], [-120.75867000024289, 39.263990999813245], [-120.75881500000783, 39.2639719998702], [-120.75909700004016, 39.263980000322704], [-120.7595020000961, 39.26400599987447], [-120.7597149996331, 39.263994999690816], [-120.75983000015916, 39.26400999975119], [-120.75995099963467, 39.264037000129974], [-120.76021099992569, 39.264102000329416], [-120.76029499959125, 39.26412799983593], [-120.76037900015515, 39.26414000013992], [-120.7605010003539, 39.26414699973669], [-120.76058500001947, 39.264166000327805], [-120.76071499971583, 39.26417799992982], [-120.76098199967953, 39.264174000062695], [-120.7611490000841, 39.26415500016926], [-120.76154699956905, 39.26414799987777], [-120.76174499993574, 39.26413199970563], [-120.76188200020313, 39.26413600027062], [-120.76208800006744, 39.26411299980081], [-120.7622260001597, 39.26407100010271], [-120.76232400006897, 39.26401400032315], [-120.76244700009265, 39.263922000324875], [-120.7625149998647, 39.263850000332745], [-120.76263000039076, 39.26375800011921], [-120.76275199969116, 39.26368200006346], [-120.7628809995626, 39.263613000270915], [-120.76315599992219, 39.263506999731526], [-120.76328599961855, 39.26344900003778], [-120.76353699968872, 39.26334599970789], [-120.7638809996453, 39.2632320003143], [-120.76399600017133, 39.26317099992808], [-120.76410999997415, 39.26311699988398], [-120.76425499973912, 39.263017999695066], [-120.76429999994497, 39.26297200010065], [-120.76439200000644, 39.26284600027084], [-120.76444499970992, 39.262716999730145], [-120.76452199970282, 39.2625759997734], [-120.76457500030456, 39.26245399989274], [-120.76459799987077, 39.26228599975509], [-120.76459799987077, 39.2621369996605], [-120.76462100033532, 39.26202600020566], [-120.76462899983291, 39.261912000056284], [-120.76465200029746, 39.2617859997121], [-120.76465899997015, 39.26167199986796], [-120.76470500000092, 39.26151899984063], [-120.76473500013813, 39.26138900015506], [-120.76491099986524, 39.26101199998181], [-120.76502499966804, 39.26080900022574], [-120.76511699972954, 39.260684000176056], [-120.76513199979819, 39.26065999977377], [-120.76518600022484, 39.26057699988411], [-120.7652389999283, 39.26047800028106], [-120.76539899976186, 39.260317000255704], [-120.76547599975476, 39.26022599977537], [-120.76558999955756, 39.26014199986917], [-120.76573500022086, 39.260024000029716], [-120.76586499991718, 39.25994699989769], [-120.76600899985725, 39.25984399998627], [-120.76614699994948, 39.2597299997661], [-120.76631500017898, 39.25951999971721], [-120.7664289999818, 39.2592839998323], [-120.76649799957876, 39.259115999748495], [-120.76653600011191, 39.2590010002166], [-120.76655100018054, 39.258878999678416], [-120.76658899981537, 39.25874899996595], [-120.7666199997775, 39.25857000034719], [-120.76671100001411, 39.25816999998265], [-120.76676500044077, 39.2580779999655], [-120.7668719996726, 39.257951999685574], [-120.76697799997778, 39.25784200009518], [-120.76726800040602, 39.25764299974633], [-120.76740599959997, 39.257532999671106], [-120.76745099980582, 39.257512999828606], [-120.76766500006605, 39.257327000254776], [-120.76780499980813, 39.257230000019504], [-120.7678430003413, 39.25720299980105], [-120.76788699982389, 39.25717399978673], [-120.76795499959597, 39.25712100023317], [-120.76799200030418, 39.25709299973104], [-120.76800499982468, 39.25707800027722], [-120.76804400018274, 39.257032999809816], [-120.76805800042645, 39.25701899989036], [-120.76807699979472, 39.25698300018404], [-120.76818999977262, 39.25687800029732], [-120.76850299976705, 39.256468000293864], [-120.7687179998522, 39.25629699965851], [-120.7689620002497, 39.25620999984638], [-120.7690009997094, 39.25619700001708], [-120.76939400006984, 39.256111999896675], [-120.76980999999641, 39.256089000271956], [-120.77001599986075, 39.256045999683046], [-120.77028399964935, 39.255937999705324], [-120.77062000010832, 39.255758000300204], [-120.77081299955385, 39.255668999990796], [-120.77104299970763, 39.255657000323374], [-120.77161000014532, 39.25569199975334], [-120.77186100021547, 39.25565400023231], [-120.77207999960027, 39.25552599993703], [-120.77244899967121, 39.255227999909245], [-120.77276599986361, 39.255185000183495], [-120.77314599980521, 39.25533199991342], [-120.77331700040774, 39.2554560001984], [-120.77362000035646, 39.25540999981532], [-120.7739330003509, 39.25536299983134], [-120.77394500004645, 39.25535400021558], [-120.7742799997822, 39.25513600020505], [-120.77442700009529, 39.254766000326775], [-120.77453599987524, 39.25460099998656], [-120.77454199972303, 39.25459299985479], [-120.77485200024273, 39.25450799987664], [-120.77495900037287, 39.254484000142405], [-120.77524200023008, 39.254439000096845], [-120.77548599972926, 39.25437000024914], [-120.77562999966929, 39.254350999785174], [-120.77595100005965, 39.254199000061696], [-120.7760959998246, 39.25407599992526], [-120.7761949995588, 39.25392800005762], [-120.77624099958958, 39.2538019999711], [-120.77628699962031, 39.25369900007449], [-120.77633299965107, 39.25353500029825], [-120.77634000022208, 39.25337800011493], [-120.77634000022208, 39.253148999726776], [-120.77631699975755, 39.25295100027064], [-120.7763550002907, 39.25258499982506], [-120.77640100032144, 39.25247399985405], [-120.77656100015501, 39.252299000063026], [-120.7770110004168, 39.25206199990418], [-120.77730199977165, 39.2519329996924], [-120.7775679999104, 39.251787999731846], [-120.77786599983624, 39.251639000280434], [-120.77796000044587, 39.251584999700775], [-120.7783780000223, 39.25134900023491], [-120.77869000019186, 39.251218999777265], [-120.77895700015553, 39.25106599989301], [-120.78058200040223, 39.249899000104506], [-120.7806359999306, 39.24982700031841], [-120.78079599976417, 39.249730999792995], [-120.7811930003225, 39.24957899979374], [-120.78134499976018, 39.249532999729055], [-120.78163500018839, 39.24942999982258], [-120.78168799989183, 39.249403000078715], [-120.78171100035637, 39.249391999690516], [-120.78193200028933, 39.249247000041045], [-120.7821149996891, 39.2491439997145], [-120.78245899964568, 39.24906700015504], [-120.7826570000124, 39.2490519996799], [-120.782932000372, 39.24907500022161], [-120.78327600032861, 39.24904800034106], [-120.78346600029941, 39.2490070003222], [-120.7836570000951, 39.24896099988232], [-120.78386999963213, 39.24888400012192], [-120.78414499999175, 39.24879999984417], [-120.78454199965178, 39.248635999740735], [-120.78467200024642, 39.24855300022514], [-120.78477799965333, 39.24847199994941], [-120.7850000003095, 39.24826999973026], [-120.78506899990646, 39.248179000309314], [-120.78509099964776, 39.24801500014498], [-120.78507599957916, 39.247866000329154], [-120.78499199991357, 39.247545000103244], [-120.78493099981421, 39.24743100005955], [-120.78486200021723, 39.24731699983059], [-120.78481700001137, 39.2472100000085], [-120.78481600018645, 39.247056999725714], [-120.78480899961548, 39.24696199996873], [-120.78484700014862, 39.246806000066634], [-120.78491599974556, 39.24663399982592], [-120.78504499961703, 39.24650000018733], [-120.78520500034888, 39.24636699999179], [-120.78536500018247, 39.24624499973191], [-120.78554099990956, 39.24609200012669], [-120.7857629996674, 39.24591300019672], [-120.78596900043007, 39.245695000053715], [-120.78612800043871, 39.24554299965522], [-120.78626599963266, 39.245401999942985], [-120.78658600019811, 39.24514199969591], [-120.78671599989447, 39.24502000008796], [-120.7868459995908, 39.24490899996943], [-120.78726599971534, 39.244512999882794], [-120.78737299984549, 39.24439099987649], [-120.78744900001347, 39.244265000046326], [-120.78753299967904, 39.24414300030431], [-120.78760899984702, 39.24405500029021], [-120.78773100004575, 39.24396299984123], [-120.78799800000945, 39.24383400003689], [-120.78813500027681, 39.243749999972025], [-120.78841800013403, 39.243643000273835], [-120.78852500026414, 39.243604000050624], [-120.78860100043212, 39.24357799988979], [-120.78885999999991, 39.24347500028177], [-120.78906599986423, 39.243414000098056], [-120.78927299955346, 39.243341999915714], [-120.78945599985158, 39.24325799995737], [-120.78970000024906, 39.24311300014869], [-120.78982200044777, 39.24302899991611], [-120.79001300024349, 39.24292900013755], [-120.7902180002829, 39.24278800004055], [-120.7904090000786, 39.24263600029943], [-120.79057700030809, 39.24248700018778], [-120.79069100011091, 39.242365000136154], [-120.7907749997765, 39.24225399999039], [-120.79092100026469, 39.24207899974226], [-120.7910500001361, 39.241879999879764], [-120.79115700026624, 39.24168199991424], [-120.7912180003656, 39.24151799986406], [-120.79130899970387, 39.24123200019117], [-120.79136999980325, 39.24113700019752], [-120.79144699979615, 39.24106799978461], [-120.79159900013211, 39.24099500020153], [-120.79199599979214, 39.24076700020438], [-120.7921270002117, 39.24070599975302], [-120.79230899978658, 39.240622000116694], [-120.79244600005396, 39.24058700012262], [-120.79254599961305, 39.24055299989297], [-120.79278199961462, 39.24054099972614], [-120.79291200020926, 39.24054500024579], [-120.79331600044029, 39.24054099972614], [-120.79362900043476, 39.240526000210444], [-120.79413200040001, 39.24048400029708], [-120.7944219999299, 39.24039700034693], [-120.7945829995884, 39.2403390003202], [-120.79474300032028, 39.24027100029978], [-120.79501799978156, 39.24009500018638], [-120.79517699979021, 39.239987999783], [-120.79532300027842, 39.23990099991347], [-120.79571200044086, 39.23961799999129], [-120.79584100031227, 39.23953099966287], [-120.79600100014585, 39.23943499965514], [-120.7961319996671, 39.23937000024201], [-120.79626100043684, 39.23932100034492], [-120.79642899976801, 39.23926700002114], [-120.79672599986895, 39.23919899965736], [-120.79693299955818, 39.23915700034106], [-120.79725300012363, 39.23906099982148], [-120.79738299981996, 39.23900799979723], [-120.79748099972927, 39.238977000302725], [-120.79758899968428, 39.238924000215015], [-120.7978709997166, 39.23872200032754], [-120.79797000034912, 39.23865700025385], [-120.79810000004545, 39.238603000114686], [-120.79835100011563, 39.23854599980678], [-120.79857299987346, 39.23846199967139], [-120.79871000014082, 39.2383780001312], [-120.7988630003017, 39.23825999984516], [-120.79899299999805, 39.238142000056484], [-120.79915200000669, 39.238016000133754], [-120.7993129996652, 39.237821999677756], [-120.7995110000319, 39.237546999708094], [-120.79964900012415, 39.23737899972754], [-120.79973299978973, 39.237288000091986], [-120.79981700035366, 39.23714599995842], [-120.79994600022506, 39.236859999855774], [-120.79996899979128, 39.23673799975894], [-120.7999760003623, 39.236620000193476], [-120.79999999975344, 39.23654700015652], [-120.79999999975344, 39.23645600013755], [-120.80002200039307, 39.236219000015915], [-120.80002200039307, 39.23607400026895], [-120.80003699956336, 39.2359480001111], [-120.80006000002788, 39.235857000011016], [-120.8001520000894, 39.23574600000443], [-120.8002509998236, 39.23566600009759], [-120.80041099965717, 39.23558600009958], [-120.80071600015401, 39.23542199971412], [-120.80084599985034, 39.235368999723946], [-120.800976000445, 39.23534200013365], [-120.8010819998519, 39.23533399989231], [-120.80121999994418, 39.23532999977127], [-120.80137300010506, 39.23534999967833], [-120.80176200026749, 39.23542199971412], [-120.80189100013891, 39.235452000229074], [-120.80203599990386, 39.23546399987479], [-120.80218900006476, 39.23546799998819], [-120.80232700015699, 39.23546399987479], [-120.80248600016564, 39.235452000229074], [-120.8026090001893, 39.23542199971412], [-120.80273100038805, 39.23537199998701], [-120.80285299968845, 39.23531499983722], [-120.80298300028312, 39.2352160000529], [-120.80308899969003, 39.235112999995444], [-120.80321900028467, 39.23480000015634], [-120.8032490004219, 39.23467000033517], [-120.80328799988162, 39.23439999988344], [-120.80337200044555, 39.234204999993395], [-120.80344100004253, 39.23397200012067], [-120.8035320002791, 39.23380100029516], [-120.8036159999447, 39.23368600030018], [-120.80373800014344, 39.23356000002887], [-120.80393599961185, 39.233384999663144], [-120.80402799967335, 39.233331000336975], [-120.80414300019939, 39.23328900029111], [-120.80424899960627, 39.23326600013936], [-120.80451599956997, 39.23324800010609], [-120.80462299970011, 39.23325099976406], [-120.80477500003607, 39.2332470002201], [-120.80492099962595, 39.23325099976406], [-120.80521799972686, 39.233243999866126], [-120.80553099972131, 39.23320600001054], [-120.80570700034671, 39.23318999973562], [-120.80588200024889, 39.233187000075034], [-120.8061569997102, 39.23320600001054], [-120.8062560003427, 39.23322900018195], [-120.80634800040424, 39.23325500000358], [-120.80643899974251, 39.23327399992073], [-120.80654599987263, 39.23328599993892], [-120.80676699980556, 39.23328900029111], [-120.80701799987574, 39.23326999968224], [-120.80723200013595, 39.23324000032176], [-120.80731599980155, 39.23323199984074], [-120.80750699959727, 39.23318299983159], [-120.80769800029128, 39.233140999697135], [-120.80802499963113, 39.233040999739735], [-120.80820100025653, 39.23298100011435], [-120.8083689995877, 39.232878000255084], [-120.80865900001594, 39.23273600024184], [-120.80881200017681, 39.23264099987647], [-120.8089030004134, 39.23259100025512], [-120.80910900027773, 39.23251499981611], [-120.80923099957816, 39.23248400023597], [-120.80929199967751, 39.23246099982037], [-120.80942999976978, 39.23241999984737], [-120.80958999960335, 39.232392999818146], [-120.81004800026106, 39.23236200018411], [-120.81019999969872, 39.23234700031141], [-120.81029199976024, 39.23233199973964], [-120.81046699966241, 39.23229400008601], [-120.81100200031302, 39.23205300021033], [-120.81110100004722, 39.23198800022053], [-120.81122200042104, 39.23187399994313], [-120.81129900041394, 39.23177899980243], [-120.81138300007953, 39.23164500031554], [-120.81152000034687, 39.231325000225326], [-120.81159599961654, 39.23121000034745], [-120.81165800043915, 39.23114600018859], [-120.81174899977742, 39.2310349996877], [-120.81184800040992, 39.230943000255294], [-120.81196300003768, 39.23087500017375], [-120.81204599987834, 39.23081699992928], [-120.81220700043514, 39.23076000025423], [-120.81233700013149, 39.23072999982071], [-120.81257300013303, 39.23071099991063], [-120.81293899983093, 39.23067200015225], [-120.81312999962663, 39.23063799998844], [-120.81323699975677, 39.23058800033154], [-120.8133659996282, 39.23051999990599], [-120.81348899965184, 39.2304279997984], [-120.81354200025358, 39.23036299969511], [-120.81360300035296, 39.2302449998461], [-120.81361000002566, 39.23016499992992], [-120.81362599991917, 39.230065999837876], [-120.81362599991917, 39.22995499971615], [-120.81364900038372, 39.22986699999642], [-120.81368700001853, 39.22978000010174], [-120.81370999958477, 39.22974900000925], [-120.81377099968412, 39.22971500009405], [-120.81381699971492, 39.22971500009405], [-120.81394599958632, 39.22974600020157], [-120.81406899960996, 39.22981399998545], [-120.81448799990964, 39.23007399998406], [-120.81461000010837, 39.23014599986686], [-120.81468700010124, 39.230203000040646], [-120.81476300026925, 39.230230000216665], [-120.81495400006494, 39.23025299997187], [-120.8151060004009, 39.23025299997187], [-120.81524399959486, 39.23022200008827], [-120.81539599993081, 39.2301800002691], [-120.81554099969577, 39.23015000028344], [-120.81577800042055, 39.23010799972527], [-120.81615199961605, 39.23007399998406], [-120.81648700025013, 39.22999299994059], [-120.81657099991573, 39.22996700030198], [-120.8166470000837, 39.22992800013019], [-120.81670099961207, 39.22984799985268], [-120.81673900014518, 39.22977199992206], [-120.8167609998865, 39.229736000145934], [-120.81679199984866, 39.2296879997199], [-120.8169070003747, 39.22956199992397], [-120.81703700007102, 39.22950899968266], [-120.81715800044486, 39.229481999925056], [-120.81730400003472, 39.22943999966295], [-120.81743299990615, 39.22939500024895], [-120.81754800043218, 39.22932999988466], [-120.81760100013564, 39.22929199999707], [-120.81777699986276, 39.22918100004283], [-120.81785999970342, 39.22907399969507], [-120.81792199962771, 39.22898600026228], [-120.81802100026022, 39.228910000094054], [-120.81815000013165, 39.22886800018549], [-120.81828800022393, 39.228848999771294], [-120.8184630001261, 39.22883699969014], [-120.81862399978458, 39.22883399984347], [-120.81876100005194, 39.228817999963354], [-120.81888300025065, 39.22879199988943], [-120.81909599978769, 39.228691999997096], [-120.81918000035157, 39.22862399982197], [-120.81921899981134, 39.22857799993217], [-120.81925700034446, 39.22850899969297], [-120.81927900008579, 39.2284139998679], [-120.8192869995834, 39.22828400004535], [-120.81925599962126, 39.2281769997217], [-120.81917299978056, 39.22804400027558], [-120.81908099971906, 39.22793700028185], [-120.819012999947, 39.2278460002304], [-120.81892799955818, 39.227712000192156], [-120.81892099988549, 39.227604999692254], [-120.81892799955818, 39.22752099967979], [-120.81895900041866, 39.22742999978478], [-120.819012999947, 39.22732700012831], [-120.81909599978769, 39.22721599984962], [-120.81924099955262, 39.22713999985223], [-120.8193710001473, 39.227093999685586], [-120.81953900037678, 39.2270710002869], [-120.81995899960302, 39.22708299997412], [-120.82031000013062, 39.22718200009903], [-120.82043900000205, 39.22720800007353], [-120.82062999979776, 39.2272730003156], [-120.82070599996575, 39.2272849999683], [-120.82083900003514, 39.22729199976472], [-120.82097299992944, 39.22728100008429], [-120.82105800031826, 39.227250000279625], [-120.82120999975591, 39.22715900003324], [-120.82130900038844, 39.22705599997906], [-120.82142400001615, 39.226956999676425], [-120.82153100014627, 39.226842000295306], [-120.82163699955316, 39.2267429996908], [-120.82172899961468, 39.22666699987705], [-120.82191199991277, 39.226549000076425], [-120.82221700040964, 39.2261169997978], [-120.82237700024316, 39.22592299984488], [-120.8224769998023, 39.22577399972861], [-120.82259099960513, 39.225622000007974], [-120.8226519997045, 39.22554899966346], [-120.82276700023051, 39.22545799999514], [-120.82287299963741, 39.225435000060294], [-120.8230409998669, 39.225423000091304], [-120.823300000333, 39.225454000007026], [-120.8235680001216, 39.22549599987096], [-120.82390299985737, 39.22556400029333], [-120.82404000012471, 39.225587000185904], [-120.82419300028559, 39.22559500014677], [-120.82443699978474, 39.22559900012686], [-120.82453899989198, 39.22556300029786], [-120.82468200000713, 39.22552199977418], [-120.82478800031232, 39.22547299994861], [-120.82485699990933, 39.22540400013619], [-120.82490200011515, 39.225343000245566], [-120.82493300007728, 39.22525500030994], [-120.82497900010804, 39.225179000276746], [-120.82501699974286, 39.225053000040376], [-120.82501699974286, 39.22471699969608], [-120.82500900024529, 39.22461500024257], [-120.82500900024529, 39.22452300004895], [-120.82504000020742, 39.22444299987326], [-120.82513899994161, 39.2243279998525], [-120.82525399956933, 39.224252000207336], [-120.82562699983825, 39.22411500021795], [-120.82600099993206, 39.22394300001524], [-120.8263060004289, 39.2238589997954], [-120.82654300025537, 39.22378300033839], [-120.82683299978525, 39.223710000168936], [-120.8269399999154, 39.22369899992707], [-120.82707700018275, 39.22371400025645], [-120.8272069998791, 39.223741000145296], [-120.8273209996819, 39.223759999854664], [-120.8273979996748, 39.22379399987117], [-120.82751900004862, 39.22382099972924], [-120.82760400043742, 39.22383199995193], [-120.82773300030888, 39.22383600003249], [-120.82792400010457, 39.2238100002007], [-120.82807700026542, 39.223759999854664], [-120.82821399963449, 39.22370300001521], [-120.8285800002307, 39.22348100034587], [-120.82864800000276, 39.223408999888555], [-120.8286730001171, 39.223376999738896], [-120.82870999992703, 39.22333299994426], [-120.82874799956187, 39.22325599988935], [-120.82876299963048, 39.22315699979402], [-120.82876400035371, 39.22303100010342], [-120.82871699959973, 39.22290900032004], [-120.82864899982768, 39.2227790000437], [-120.82855000009346, 39.22266500011714], [-120.82844299996334, 39.2225659998842], [-120.82818400039557, 39.222398000223826], [-120.82807600044053, 39.22233699980855], [-120.82790900003597, 39.222225999989334], [-120.82783200004307, 39.22216500012054], [-120.82773300030888, 39.22207000005951], [-120.8276870002781, 39.22198599968606], [-120.82764200007226, 39.221891000078784], [-120.82760299971422, 39.22171100028708], [-120.82761899960774, 39.2215779997231], [-120.82764899974495, 39.221441000082145], [-120.82771099966925, 39.221326000014585], [-120.82777199976861, 39.22124999990286], [-120.82778600001232, 39.22119600028625], [-120.82789399996733, 39.221120000033736], [-120.82794699967079, 39.22108999965507], [-120.82805399980093, 39.22106300013836], [-120.82818299967235, 39.22104799993842], [-120.82829800019839, 39.22105100011788], [-120.82844999963604, 39.22109299983268], [-120.82865600039868, 39.22120400005163], [-120.82877100002639, 39.221272999817145], [-120.82896199982213, 39.22144400024481], [-120.82903799999008, 39.221550999698195], [-120.82905800008157, 39.22156499973817], [-120.8291369997243, 39.221624000025145], [-120.82937299972583, 39.221684999668184], [-120.82958699998609, 39.221703999934064], [-120.82970900018483, 39.221692000023104], [-120.82986999984332, 39.22164699981694], [-120.82999200004204, 39.221581999932106], [-120.83021299997498, 39.22145199998192], [-120.83041899983931, 39.22130300011766], [-120.83054100003802, 39.22117000017249], [-120.83060899981011, 39.22106999985942], [-120.83070099987162, 39.22096699991691], [-120.83073900040475, 39.2209060003459], [-120.83080100032905, 39.22082600022356], [-120.83083800013897, 39.22061699996949], [-120.83082300007037, 39.22041799978193], [-120.8308690001011, 39.2202009998263], [-120.83090699973594, 39.220047999794325], [-120.8309529997667, 39.21998299982083], [-120.83111299960025, 39.21985000015858], [-120.83119799998907, 39.2197980003163], [-120.83139299998275, 39.21968399972431], [-120.83143599964043, 39.21974200012189], [-120.83149699973981, 39.21982300016495], [-120.83150500013573, 39.219834999699444], [-120.83167300036524, 39.219909999875156], [-120.83180899990936, 39.21997100031163], [-120.83191299966644, 39.219967000010826], [-120.8321350003226, 39.219694999899396], [-120.83225999999607, 39.21954400031905], [-120.83227000004182, 39.21953300012029], [-120.83230299965379, 39.219501999677455], [-120.83231400042274, 39.21949200025012], [-120.8323269999432, 39.21947899987889], [-120.83236799995109, 39.219440000142676], [-120.8323820001948, 39.219427999844704], [-120.83327900034536, 39.21886200004881], [-120.8337060001426, 39.21849100011554], [-120.83401400011418, 39.21822499975763], [-120.83522300043427, 39.21775599998654], [-120.83621599994595, 39.21748800010263], [-120.8369499998899, 39.21748800010263], [-120.83759799962007, 39.217353999777], [-120.83781400042845, 39.21718600017087], [-120.83814900016422, 39.21684700008965], [-120.83824600024859, 39.216750999670694], [-120.83854599982425, 39.21625399969483], [-120.83876400028244, 39.215881999766154], [-120.8390630000332, 39.215508999815775], [-120.83909399999534, 39.215497999680814], [-120.83919000025479, 39.215468999822846], [-120.83922299986676, 39.21545899982109], [-120.84008099965925, 39.21514899975526], [-120.84019199998731, 39.21510900025329], [-120.84037000026257, 39.21510400022693], [-120.84058199997466, 39.21509900020022], [-120.84148599979791, 39.215075000206284], [-120.84200499965668, 39.21467299995806], [-120.84347400026773, 39.21383599972807], [-120.84362599970538, 39.21378000034612], [-120.8444979997416, 39.21346400021267], [-120.8447799997739, 39.21337399966336], [-120.84483099982752, 39.21339499973226], [-120.84484900026918, 39.21340200021784], [-120.84486900036066, 39.213410000175315], [-120.84499900005703, 39.21347899994502], [-120.84511399968476, 39.21355500011719], [-120.84519700042372, 39.213635000172914], [-120.84528899958691, 39.21368500007449], [-120.84541900018156, 39.213730999980314], [-120.84556399994652, 39.213757000065016], [-120.84576200031324, 39.21376499998211], [-120.84604400034556, 39.21375400026994], [-120.84634899994407, 39.21369999975959], [-120.84666199993855, 39.21361999977791], [-120.84682199977209, 39.21357399979939], [-120.84723400039906, 39.213424999919205], [-120.84740199973024, 39.21335300028422], [-120.84812700035162, 39.213120000089376], [-120.8483640001781, 39.21308999977213], [-120.84859299960864, 39.2130019997884], [-120.8486810003705, 39.21296199975933], [-120.84881400043992, 39.21290299984891], [-120.84918799963542, 39.21268900017058], [-120.84930200033652, 39.21261299975713], [-120.84959199986645, 39.21244899997669], [-120.84972900013379, 39.21239200000148], [-120.85004999962585, 39.21223500030682], [-120.85021000035772, 39.21220800016876], [-120.85039299975753, 39.21219300016495], [-120.8505390002457, 39.21220100026017], [-120.85068400001066, 39.21219300016495], [-120.8507440002851, 39.21219300016495], [-120.85092699968492, 39.21220500030749], [-120.8511640004097, 39.212197000212676], [-120.85133199974086, 39.212174000109094], [-120.85143100037337, 39.21215500004809], [-120.85158399963593, 39.21210199988742], [-120.85171300040568, 39.21203300015671], [-120.8518280000334, 39.21193800030557], [-120.8519109998741, 39.21183500018991], [-120.85198799986699, 39.211708999667216], [-120.85204899996633, 39.211555999921835], [-120.8521939997313, 39.21126599983544], [-120.85227800029519, 39.211139999683894], [-120.85239200009802, 39.21098400017735], [-120.85249900022814, 39.21089299972512], [-120.85284999985741, 39.21071300027318], [-120.85317100024781, 39.21060600031071], [-120.85351299965623, 39.21046900014024], [-120.85359800004505, 39.210407999800495], [-120.85367400021303, 39.210338999797386], [-120.85372699991649, 39.21019000001333], [-120.85372799974141, 39.21006500023557], [-120.85371900041888, 39.20990800021064], [-120.85368900028166, 39.20980900008545], [-120.85367400021303, 39.209721000166304], [-120.8536430002509, 39.20963000016562], [-120.85354399961837, 39.20947299986424], [-120.85352900044808, 39.20937000030932], [-120.85354399961837, 39.20927500033589], [-120.85358999964913, 39.20917199979457], [-120.85367400021303, 39.209080000244256], [-120.85378899984075, 39.20901900009018], [-120.85391799971218, 39.20899300033927], [-120.85409400033758, 39.208999999871565], [-120.85430699987462, 39.209038000303615], [-120.85441400000474, 39.20903899983841], [-120.8545439997011, 39.2090230003187], [-120.854628000265, 39.209008000330584], [-120.85473500039511, 39.208969999882356], [-120.8548190000607, 39.20889700031905], [-120.85489500022868, 39.20880199970578], [-120.8549329998635, 39.20867199975735], [-120.85496399982563, 39.20853099973403], [-120.85499399996286, 39.20821400009929], [-120.85503199959771, 39.20791699979758], [-120.85503999999364, 39.20774899988635], [-120.85507000013084, 39.20756599997322], [-120.85513899972783, 39.2072650000831], [-120.85519999982719, 39.2071229997611], [-120.8552840003911, 39.2070090001674], [-120.85533000042186, 39.20692100022013], [-120.85542900015605, 39.206841000172446], [-120.85573399975458, 39.20671499973844], [-120.85613799998563, 39.20662400001916], [-120.85629100014648, 39.20657000029068], [-120.85652700014805, 39.206502000264116], [-120.8567410004083, 39.20646000017389], [-120.85681500002813, 39.2064409999591], [-120.85702400026551, 39.20639099977225], [-120.85719900016768, 39.206364000171625], [-120.85735200032856, 39.20635699968052], [-120.85753499972837, 39.206336999864575], [-120.85779400019446, 39.20628400018555], [-120.85790899982219, 39.20623500015779], [-120.85800799955638, 39.20615800014448], [-120.85806100015814, 39.20607799992375], [-120.85812999975509, 39.2058640003298], [-120.85815999989234, 39.20574300022853], [-120.85814499982372, 39.20561699991304], [-120.85808399972439, 39.205472000286754], [-120.857954000028, 39.205319000178875], [-120.85779400019446, 39.20518900004826], [-120.85763400036087, 39.20507899985694], [-120.85745799973546, 39.20497199966371], [-120.8572979999019, 39.20486899977261], [-120.85706100007543, 39.20468999979179], [-120.85697800023478, 39.20463299978379], [-120.85680199960935, 39.204537000068825], [-120.8567410004083, 39.204476000145505], [-120.85668799980654, 39.204385000309735], [-120.85664199977577, 39.204235999727466], [-120.85661099981364, 39.20416300011637], [-120.85660400014096, 39.20412900033834], [-120.85658800024743, 39.2041100001891], [-120.85660400014096, 39.20402599990723], [-120.85666500024033, 39.20389999999212], [-120.85677200037044, 39.203796999921266], [-120.85690100024185, 39.203687000334405], [-120.85706199990035, 39.2035679998849], [-120.85713800006832, 39.20347999980306], [-120.85716099963454, 39.20339299992225], [-120.8571840000991, 39.203262999707555], [-120.85718300027418, 39.2031140002258], [-120.85716900003047, 39.20294999984218], [-120.85719199959668, 39.20278500014795], [-120.85724500019845, 39.20258800018681], [-120.85734399993264, 39.2024389999694], [-120.85742799959823, 39.20223700018381], [-120.85753399990344, 39.20206199968969], [-120.85761099989635, 39.201881999880236], [-120.8576639995998, 39.201729000306095], [-120.85769399973704, 39.20160299975135], [-120.85769399973704, 39.20146200015546], [-120.85768000039164, 39.20132900021802], [-120.85761900029226, 39.20116899982351], [-120.85750399976624, 39.201020000076916], [-120.85738900013848, 39.20092499994737], [-120.85725199987114, 39.200843999684125], [-120.85710700010618, 39.20071499997448], [-120.85699999997608, 39.20060400008326], [-120.85695399994532, 39.20050100005241], [-120.85693999970161, 39.20039399984695], [-120.85693200020401, 39.20026500000713], [-120.85695399994532, 39.2001159997354], [-120.85700800037199, 39.19997899998697], [-120.85710000043349, 39.199860000217264], [-120.85726799976469, 39.19971899990751], [-120.85754999979697, 39.19957399994064], [-120.85770200013296, 39.19944400031596], [-120.85784699989792, 39.19933800026192], [-120.85787799986005, 39.199287999891965], [-120.8579309995635, 39.1991740001127], [-120.85790899982219, 39.199010000276814], [-120.85790100032457, 39.19897499971893], [-120.85787700003513, 39.19886799997382], [-120.85783199982929, 39.198704000119726], [-120.85780099986715, 39.19854400001201], [-120.85777099972991, 39.198246999894714], [-120.85773999976777, 39.19801700017418], [-120.8577480001637, 39.197877000036144], [-120.8577480001637, 39.197678000145515], [-120.85782699980642, 39.19744300006311], [-120.85783199982929, 39.19742699999043], [-120.8579309995635, 39.19720500008503], [-120.85800699973146, 39.19706800022931], [-120.85814499982372, 39.19683899983839], [-120.85817099976299, 39.1968040002875], [-120.85832800012184, 39.196603000022634], [-120.85845799981817, 39.19641899989951], [-120.85872399995695, 39.19617099996997], [-120.85883100008706, 39.19606100027679], [-120.85899199974556, 39.19594999999415], [-120.85919799960988, 39.195859000252554], [-120.85943399961143, 39.19577799971785], [-120.859861000307, 39.195695000336464], [-120.8599380002999, 39.19567699971959], [-120.86005200010273, 39.19565300005018], [-120.8602270000049, 39.19559900024194], [-120.86060899959632, 39.19545799973475], [-120.86062799986291, 39.1954479996683], [-120.86102700007106, 39.19530599982402], [-120.86113599985103, 39.19519900006064], [-120.86127499976818, 39.19506399993803], [-120.86136799965459, 39.19482199991475], [-120.86130499990543, 39.19438700012475], [-120.86118100005685, 39.194089000092276], [-120.86094199968224, 39.19379900029111], [-120.8608670002375, 39.193682000003676], [-120.86076599995515, 39.193525000257985], [-120.86055800044103, 39.19319599983053], [-120.8605790003574, 39.19304000015394], [-120.86063200006086, 39.192825999828855], [-120.86070099965784, 39.192646999794896], [-120.86080799978795, 39.19247499978773], [-120.86099799975875, 39.19231899990291], [-120.86128800018699, 39.19217399998063], [-120.86150200044723, 39.192059000021544], [-120.8618520002516, 39.19193300022568], [-120.86194900033595, 39.19188099990146], [-120.86197500027524, 39.19186799998844], [-120.86201999958274, 39.191838000340695], [-120.86210499997156, 39.19178500016586], [-120.862233999843, 39.19168099995614], [-120.86234099997314, 39.19157899985539], [-120.86244800010326, 39.191422000284625], [-120.86253199976883, 39.191250000064045], [-120.86263100040134, 39.19109800010159], [-120.8627689995953, 39.19090700024143], [-120.86286700040291, 39.190830999930355], [-120.86298899970335, 39.19078099977251], [-120.86314199986423, 39.190742999907215], [-120.86337899969068, 39.19072400031498], [-120.86371400032473, 39.190742999907215], [-120.86389699972455, 39.19077399981718], [-120.86411099998476, 39.19077300002242], [-120.86424800025212, 39.190742999907215], [-120.86440899991061, 39.19070100014216], [-120.86458399981278, 39.19062099972448], [-120.86474399964636, 39.19050299991691], [-120.86498800004384, 39.19024700018424], [-120.86511799974018, 39.19014400028707], [-120.86524800033482, 39.19005600009991], [-120.86540800016842, 39.18996900030497], [-120.8655839998955, 39.1899230001538], [-120.86566699973616, 39.1899109996856], [-120.86591199995856, 39.189908000264495], [-120.86609500025665, 39.189891999868436], [-120.86627799965645, 39.189869000119515], [-120.86643800038833, 39.18983099976112], [-120.86662900018405, 39.18977000029706], [-120.86680499991115, 39.189675000272985], [-120.86693399978255, 39.18957900030879], [-120.86698800020923, 39.18949199992335], [-120.86704099991269, 39.18937699975277], [-120.86707199987482, 39.18927099982846], [-120.86706799967685, 39.1892479998763], [-120.8670559999813, 39.18916200029132], [-120.86703300041509, 39.188976999661506], [-120.86697999981332, 39.188877999974984], [-120.8668579996146, 39.188763000192175], [-120.86671299984964, 39.1886979998079], [-120.86648400041909, 39.1886370000567], [-120.86624800041753, 39.188613999897115], [-120.86598800012656, 39.1885949997293], [-120.86584300036161, 39.188588000252494], [-120.86572100016285, 39.18856500007681], [-120.86556100032927, 39.188496000200935], [-120.86540800016842, 39.18840800003894], [-120.86527900029695, 39.18826400023241], [-120.86519399990816, 39.1881379998986], [-120.86516399977093, 39.18804599995419], [-120.86514899970231, 39.187943000312586], [-120.86516399977093, 39.1878399998237], [-120.86521800019759, 39.1877409999281], [-120.86533200000041, 39.18765300021327], [-120.86550000022991, 39.18756100033033], [-120.8657510003001, 39.18748899994434], [-120.86598800012656, 39.187439000193834], [-120.86627799965645, 39.187400999914026], [-120.86652999955152, 39.18738200011456], [-120.8666750002148, 39.1873630003099], [-120.86678900001759, 39.187324999989016], [-120.86709399961615, 39.18719099990279], [-120.8672319997084, 39.18711499975068], [-120.86733100034093, 39.18704999993105], [-120.86739200044028, 39.18696699998829], [-120.86749100017448, 39.18676399973204], [-120.8675139997407, 39.18665700019098], [-120.8675139997407, 39.18653899999425], [-120.86746799970996, 39.18643999965861], [-120.86742300040243, 39.18632599992229], [-120.8673380000136, 39.186226999982914], [-120.86730000037879, 39.18619200002024], [-120.86723900027941, 39.18611200004005], [-120.86717800018005, 39.18594400020307], [-120.86717800018005, 39.18586399994066], [-120.86720900014218, 39.18578799974624], [-120.86723900027941, 39.1857380001782], [-120.86726199984562, 39.18572700025451], [-120.86728000028728, 39.18571100029917], [-120.86733899983852, 39.18566199984755], [-120.86749100017448, 39.18561599966247], [-120.86770399971151, 39.185574000314816], [-120.86787299976591, 39.1855590001936], [-120.86807100013263, 39.185528000072146], [-120.86829200006557, 39.18551299994111], [-120.86864299969483, 39.18545599969242], [-120.86887200002369, 39.18539099973114], [-120.86896300026028, 39.185356999920245], [-120.86918500001816, 39.18523500013575], [-120.86926100018611, 39.185162000277614], [-120.86945100015691, 39.18489100032229], [-120.86949700018768, 39.18480700003928], [-120.86954300021843, 39.18470000030419], [-120.86958099985327, 39.18457399984774], [-120.86958900024919, 39.18450600011542], [-120.86958099985327, 39.184356999847346], [-120.86951999975389, 39.18419300024332], [-120.86931499971449, 39.183861000315076], [-120.86920799958438, 39.183708999690396], [-120.86909399978155, 39.18351799994194], [-120.8689709997579, 39.183358000070406], [-120.8688789996964, 39.18322799968902], [-120.86880300042674, 39.18308299981018], [-120.86865799976347, 39.18288499970872], [-120.86855900002925, 39.182728000212954], [-120.86845299972406, 39.1825069997387], [-120.8684140002643, 39.18235399975322], [-120.86839199962468, 39.18220599971436], [-120.86833800009634, 39.18205299977009], [-120.86833800009634, 39.18172900026339], [-120.86836800023354, 39.181568999801485], [-120.868420999937, 39.18143499988297], [-120.86845199989914, 39.181382000218846], [-120.86852100039442, 39.1812209997328], [-120.86861199973269, 39.18108000031913], [-120.86874900000005, 39.18087100015919], [-120.86884899955916, 39.18073700030286], [-120.8693449998517, 39.180379000171804], [-120.86955099971603, 39.18024100029577], [-120.86978000004488, 39.18013399987747], [-120.86997800041162, 39.18002799994025], [-120.8701530003138, 39.17997399996335], [-120.87031399997227, 39.17990899980718], [-120.87058900033189, 39.17974500027091], [-120.8707790003027, 39.17963499993449], [-120.87093900013626, 39.17953499966924], [-120.87111499986335, 39.179448000081734], [-120.87129800016147, 39.179393999659325], [-120.87166399985934, 39.17929900023402], [-120.87179399955569, 39.179290999873395], [-120.87193900021897, 39.179303000065815], [-120.87211400012116, 39.17935200007586], [-120.87235099994763, 39.17947400032192], [-120.87247300014634, 39.17957000016124], [-120.87258699994918, 39.17964200030287], [-120.87264899987345, 39.17969899969539], [-120.87277799974487, 39.17976000024016], [-120.87301499957134, 39.1798330001376], [-120.87315199983868, 39.17986699983497], [-120.87335100003031, 39.17988199977818], [-120.87356399956732, 39.179871000330806], [-120.87374000019275, 39.17982900033595], [-120.87401499965404, 39.17977199965617], [-120.87425800022662, 39.17972599979461], [-120.87484999988031, 39.179601000124855], [-120.87493000024624, 39.179585000167826], [-120.87512799971465, 39.17953199980533], [-120.87531100001277, 39.17947800014375], [-120.87582200037393, 39.17928000033355], [-120.87591400043544, 39.17924900022839], [-120.87605099980445, 39.17919199977465], [-120.87618100039911, 39.17913899981225], [-120.87631799976816, 39.179097000076396], [-120.87659300012778, 39.17902400011109], [-120.8768900002287, 39.17893599992812], [-120.8785310003689, 39.17855900027939], [-120.87855499976003, 39.17855900027939], [-120.87866799973793, 39.178517000197054], [-120.8789890001283, 39.17831099999368], [-120.87915200033491, 39.178225000257505], [-120.87935499982619, 39.17813899971977], [-120.87949999959115, 39.178100999983066], [-120.87964500025443, 39.178097000082886], [-120.87980500008798, 39.17812000020217], [-120.87991999971571, 39.17814300031388], [-120.88000400027964, 39.178188999818445], [-120.8801490000446, 39.178299000328295], [-120.88027799991602, 39.178386999915844], [-120.88052999981109, 39.178539000210144], [-120.88077400020856, 39.17869600000878], [-120.88101900043095, 39.17887100020493], [-120.88125500043249, 39.17900500013629], [-120.88143100015958, 39.17905099977323], [-120.8815519996351, 39.1790469999271], [-120.88164399969659, 39.17902400011109], [-120.8817890003599, 39.17897100002198], [-120.88255900028882, 39.17861599985361], [-120.88284200014606, 39.178508999747436], [-120.88303999961444, 39.17848199987718], [-120.88333000004266, 39.178462999755915], [-120.88394099996292, 39.17849800008524], [-120.88423800006386, 39.17849400020765], [-120.88452799959379, 39.17847100021071], [-120.88476399959532, 39.178432999957145], [-120.88521499968203, 39.17829499974301], [-120.88532900038315, 39.17824599969264], [-120.88553500024749, 39.17813499982175], [-120.88566499994384, 39.17802099984718], [-120.88576399967803, 39.1778570000849], [-120.8858249997774, 39.17771200026939], [-120.88592400040993, 39.17744100014388], [-120.8860690001749, 39.177165999717054], [-120.88624499990199, 39.17697900026086], [-120.8864509997663, 39.17679200030731], [-120.88666400020162, 39.176650999670834], [-120.88686199967003, 39.17657099997416], [-120.8871139995651, 39.17652100011754], [-120.8873889999247, 39.17649100018651], [-120.88786299957764, 39.17646800023072], [-120.88799900002009, 39.17649100018651], [-120.88905199980624, 39.1766239997834], [-120.8896550002289, 39.17673499995071], [-120.89023500018703, 39.17685299989249], [-120.8904789996862, 39.17692999998969], [-120.89078400018305, 39.17704800030058], [-120.89109499962936, 39.17710399971784], [-120.89121900037621, 39.17707799999395], [-120.89131100043772, 39.17704800030058], [-120.89139500010333, 39.17700200004949], [-120.89176800037222, 39.17681900013023], [-120.89186000043374, 39.17675399984258], [-120.89192900003069, 39.176686000205834], [-120.8920210000922, 39.17656000000876], [-120.89214999996365, 39.1760290003285], [-120.89218099992578, 39.17570500021784], [-120.89219699981929, 39.1756250001412], [-120.89223399962924, 39.17544000009423], [-120.89223399962924, 39.17539400018386], [-120.89225100024598, 39.17533700008672], [-120.89232700041396, 39.175303000287784], [-120.89239600001093, 39.17529900022843], [-120.89250300014105, 39.17530600033214], [-120.89258799963156, 39.17532299988477], [-120.8928019998918, 39.17540000026473], [-120.89290999984681, 39.1754269999258], [-120.89299400041074, 39.1754229998735], [-120.89314900022144, 39.17539700022439], [-120.89327100042016, 39.17540500033173], [-120.89350200039883, 39.17546699973993], [-120.89378699990588, 39.17548299993778], [-120.89397100002891, 39.17548399995003], [-120.89420799985538, 39.17550300017996], [-120.8944079998719, 39.17558499972061], [-120.89466099959189, 39.175722999682854], [-120.89481299992788, 39.17585100000116], [-120.89485200028592, 39.17587700017879], [-120.89509199958712, 39.17604699971052], [-120.89529499997673, 39.17616700011566], [-120.89552000010761, 39.176310000331], [-120.8957080004286, 39.17640400031414], [-120.89587300028504, 39.17650600015363], [-120.8960110003773, 39.17653700007554], [-120.8961250001801, 39.176556000020916], [-120.89648699968005, 39.17656499999327], [-120.89655199997736, 39.17656699998694], [-120.89673600010038, 39.17658199993789], [-120.89694199996471, 39.17656699998694], [-120.8971250002628, 39.17652500010738], [-120.89723900006562, 39.17649100018651], [-120.89736899976198, 39.176434000282285], [-120.89758300002224, 39.17627700030714], [-120.89784199958999, 39.176051999731506], [-120.89810100005609, 39.17587300015208], [-120.89892500041168, 39.17546099966483], [-120.8991160002074, 39.17536899984153], [-120.89928400043688, 39.17530799966527], [-120.89947500023258, 39.175201000095875], [-120.89949299977593, 39.17517599968486], [-120.8995890000354, 39.17505300031894], [-120.89987899956532, 39.174529999910526], [-120.8999549997333, 39.17442699996281], [-120.90008500032796, 39.17429000027181], [-120.90035999978925, 39.174067999702565], [-120.90056599965358, 39.17396599980837], [-120.90079499998241, 39.17387400011819], [-120.90101599991537, 39.17383200002285], [-120.90127500038145, 39.173816000145735], [-120.90161099994211, 39.17380899989368], [-120.90192399993657, 39.17378999990237], [-120.90206899970153, 39.17377099990597], [-120.90226000039557, 39.17372899974906], [-120.902785999927, 39.17339299968003], [-120.90301500025589, 39.173266999849595], [-120.90309899992148, 39.17319099996432], [-120.90325899975501, 39.17313799965665], [-120.90347300001527, 39.173122000317996], [-120.90368599955228, 39.17312599980483], [-120.90394500001838, 39.173119000180456], [-120.90426600040875, 39.17309200032959], [-120.90444200013584, 39.17305700009472], [-120.90460899964211, 39.17300399968605], [-120.90471699959713, 39.17295099993387], [-120.90478500026752, 39.172862999810356], [-120.90483100029826, 39.17273699972662], [-120.90489999989524, 39.17227500027381], [-120.90493000003245, 39.172039000147784], [-120.90497600006321, 39.171860000102434], [-120.9050749997974, 39.17161900033711], [-120.90518899960024, 39.17145500026731], [-120.90529599973034, 39.171364000148536], [-120.90543399982262, 39.17128700022389], [-120.90558600015858, 39.17122299977014], [-120.90579200002291, 39.171145999691106], [-120.90613500015459, 39.17105499986888], [-120.90657100017268, 39.1709629998524], [-120.90708900020653, 39.170780000233925], [-120.9075799995779, 39.17063200020557], [-120.90869099998868, 39.17029900022176], [-120.9088049997915, 39.17026899972542], [-120.90892000031756, 39.17021900026266], [-120.90899599958719, 39.17017299972263], [-120.90903499994528, 39.17005499971372], [-120.90905000001389, 39.16991400019299], [-120.90905000001389, 39.16975400000427], [-120.90901900005176, 39.16955499987533], [-120.90901900005176, 39.169330000076734], [-120.90905000001389, 39.16913599995726], [-120.90905000001389, 39.16894900003919], [-120.90903499994528, 39.16883499979679], [-120.90899599958719, 39.168735000189535], [-120.90893500038617, 39.168647999774855], [-120.90884400014956, 39.16857500010433], [-120.90864599978285, 39.168484999852915], [-120.90681399984693, 39.167660000307016], [-120.90675600012061, 39.16762199978247], [-120.90611199969007, 39.16719200015025], [-120.90604999976577, 39.166668000339214], [-120.90596699992511, 39.16612799987337], [-120.9060659996593, 39.16597800020774], [-120.90628900014036, 39.16564099986651], [-120.90720899985715, 39.16532800028166], [-120.90729599989578, 39.16529799975435], [-120.90787000000611, 39.165050000058834], [-120.90814700001559, 39.16451899982901], [-120.90854899969848, 39.163751000212294], [-120.90943300032855, 39.1634660001367], [-120.91033399977871, 39.16385399977712], [-120.91047500024405, 39.16391500013806], [-120.9112429996248, 39.16403499965458], [-120.9117880003212, 39.16387500002153], [-120.91218800035428, 39.16368500020221], [-120.91287100024456, 39.16369399973232], [-120.91371800016638, 39.1635340000201], [-120.9137759998927, 39.16352300010487], [-120.9140560002752, 39.16347000017263], [-120.91537100000217, 39.16301899973787], [-120.91620100020556, 39.163155000303206], [-120.9167879998364, 39.163154000115675], [-120.91699799989867, 39.163154000115675], [-120.91726900006033, 39.16308899973396], [-120.91837700009809, 39.16282400012789], [-120.91938499967837, 39.16273899975363], [-120.9197090004418, 39.162712000096775], [-120.92099400003154, 39.16231799992596], [-120.92129899963007, 39.16206300014351], [-120.9216040001269, 39.16180699992651], [-120.92195399993128, 39.161512000314154], [-120.92217499986424, 39.16132800026952], [-120.92283299964015, 39.1611509998633], [-120.92319199966536, 39.16115799998229], [-120.92386799988297, 39.16117100000235], [-120.9245030000927, 39.16084900013719], [-120.92450999976538, 39.159803000091685], [-120.9245109995903, 39.15967100026335], [-120.92383400044609, 39.15877699994128], [-120.92352399992636, 39.15836700011246], [-120.92350100036015, 39.15830299974355], [-120.92324100006915, 39.157636000302276], [-120.92336800029075, 39.15723100005937], [-120.92381000015665, 39.15710499983342], [-120.92526299997589, 39.156846000246915], [-120.92603499955464, 39.156126999926514], [-120.92612699961616, 39.15593399990433], [-120.92623499957116, 39.155706000235554], [-120.9264420001587, 39.15527499990653], [-120.92754799964831, 39.15522200002963], [-120.92824099958436, 39.15526999980156], [-120.928736000052, 39.15547500033091], [-120.92911599999361, 39.15563200007425], [-120.9294950001103, 39.155789000163836], [-120.92983599969382, 39.15593000013649], [-120.93056200014014, 39.156527000239386], [-120.93158399996416, 39.155925999671844], [-120.9314540002678, 39.1551040000158], [-120.93122300028914, 39.154978000160426], [-120.93015799990911, 39.15440100012389], [-120.92993299977822, 39.15397599997938], [-120.9307989999666, 39.15330399967737], [-120.93148500022997, 39.15296499995397], [-120.93568399985409, 39.15194800004104], [-120.93609800013088, 39.15182200010743], [-120.93637299959217, 39.151738999679566], [-120.93690400004483, 39.151394000041385], [-120.93761100022458, 39.15056999965482], [-120.93814599997687, 39.149337999937245], [-120.93872599993502, 39.148991999982684], [-120.93936199996962, 39.14861299995287], [-120.93962800010843, 39.148296000342], [-120.93962499973537, 39.14819300029296], [-120.93961600041288, 39.1478850003428], [-120.93961399986472, 39.147783000098386], [-120.93960800001696, 39.14745200005602], [-120.93960100034423, 39.14712099985042], [-120.93958100025274, 39.14606100009163], [-120.93991400033869, 39.14578100019788], [-120.94052699990881, 39.14526699999199], [-120.94202699958369, 39.14481399971741], [-120.94346000020974, 39.14513599981235], [-120.94396399999991, 39.145346000019714], [-120.94432700022307, 39.145497000222804], [-120.94489299993752, 39.145394000257795], [-120.94576300032385, 39.14468699979848], [-120.94591700030968, 39.144563000309404], [-120.94615499996104, 39.14436999992272], [-120.94748999977948, 39.1433949999988], [-120.94813199966192, 39.14239399980369], [-120.9480170000342, 39.14128199980226], [-120.94817000019505, 39.14064300025479], [-120.94946300018073, 39.13908700009539], [-120.94928200043074, 39.13842699996479], [-120.94905099955378, 39.137581999940174], [-120.94952400028008, 39.13696400016976], [-120.95006200040542, 39.13644100015705], [-120.95104200039663, 39.136873000028395], [-120.95130000013951, 39.13699199981442], [-120.95142099961502, 39.13704400031942], [-120.9517160000661, 39.1368970002532], [-120.95200999979399, 39.13674999988007], [-120.95214500041153, 39.13668299975986], [-120.95248699981997, 39.13619399965582], [-120.95278300009596, 39.135859999831375], [-120.95286500011174, 39.135817000154006], [-120.95302699959514, 39.13574100022249], [-120.95313399972525, 39.135671000194684], [-120.95318499977887, 39.135577000127505], [-120.95326099994688, 39.13548800005201], [-120.95332600024419, 39.13537900006469], [-120.95353299993344, 39.134898999691735], [-120.953544999629, 39.134865999750616], [-120.95376800011007, 39.1340969998885], [-120.95394800003513, 39.134151000247186], [-120.95406500021099, 39.13415000034415], [-120.95543699983938, 39.13288300030117], [-120.95575800022974, 39.132720999667754], [-120.95737199970743, 39.13259600008132], [-120.95789800013723, 39.13231900007334], [-120.95896400034218, 39.131460999981854], [-120.9591769998792, 39.13129000006893], [-120.95920100016865, 39.13127700010342], [-120.95987200036338, 39.13073100008082], [-120.96025999980257, 39.1303379998911], [-120.96044999977337, 39.13015199994636], [-120.96062600039878, 39.13000000031606], [-120.96107499993734, 39.12965999988213], [-120.96137200003828, 39.1294659997845], [-120.96174500030718, 39.12926300009792], [-120.96217200010445, 39.12910300014545], [-120.96255299987095, 39.12895400027226], [-120.96283499990325, 39.1288819998137], [-120.96336100033302, 39.12873300016983], [-120.96364300036534, 39.12868399974103], [-120.96400800023831, 39.12864199984407], [-120.96432100023276, 39.128623000197734], [-120.9647399996341, 39.1285880001389], [-120.9650979998344, 39.128522999883984], [-120.96535700030047, 39.128434999936395], [-120.96557099966243, 39.12834399992253], [-120.9657609996332, 39.12820699968749], [-120.96608000037375, 39.127927999854926], [-120.96614200029802, 39.12783399990469], [-120.96621000007008, 39.127521000092756], [-120.96627899966705, 39.12739900033256], [-120.96643799967573, 39.12722000030195], [-120.96666700000459, 39.12702499975086], [-120.96685699997539, 39.12681999998314], [-120.96697800034921, 39.1266750001951], [-120.96701699980895, 39.12650699984633], [-120.96702500020486, 39.12639699988206], [-120.96704000027349, 39.126281999672436], [-120.96704699994616, 39.12615999985678], [-120.96709299997693, 39.12597400002822], [-120.96720000010704, 39.125711000080535], [-120.96729800001634, 39.12554300022002], [-120.96746600024585, 39.125363999653985], [-120.96764899964563, 39.12518600005709], [-120.96783199994373, 39.12488800014801], [-120.967753000301, 39.12457999998345], [-120.96774599973001, 39.12446999979741], [-120.96753499984281, 39.12375299987504], [-120.96749200018509, 39.12346199986276], [-120.96750600042881, 39.12329699968812], [-120.96760500016302, 39.122913999761316], [-120.96788600037041, 39.12227099979978], [-120.96798400027971, 39.12213499967381], [-120.96821000023552, 39.121948000291425], [-120.96872999991919, 39.12157999982992], [-120.97010300027078, 39.120740000225624], [-120.97021500042379, 39.12064699983779], [-120.97055299963426, 39.12028999995162], [-120.97090499998679, 39.12010299985347], [-120.97121399978326, 39.120026000283744], [-120.97184800016807, 39.120047999771145], [-120.97212199980449, 39.120032000207985], [-120.97249500007338, 39.11993300034727], [-120.97293199991638, 39.119866999665895], [-120.97317100029098, 39.11980600015325], [-120.97336100026176, 39.11969100033436], [-120.97345999999595, 39.11959199999447], [-120.97360800013396, 39.11928399967358], [-120.97383900011266, 39.1189720003199], [-120.97390199986185, 39.11882400004513], [-120.97395100026564, 39.11782600012472], [-120.97399700029638, 39.117526000166094], [-120.97410600007635, 39.11681600030951], [-120.97414799990914, 39.11670599984875], [-120.97423999997064, 39.11656899997877], [-120.97432399963625, 39.116513999925516], [-120.97484599986805, 39.116513999925516], [-120.97511399965666, 39.116409999922894], [-120.9752719998404, 39.11624200018417], [-120.97545199976547, 39.11605300017355], [-120.97555800007068, 39.115898999764255], [-120.97572700012506, 39.115502999954224], [-120.97578999987425, 39.11525599989966], [-120.97578300020157, 39.11505799985996], [-120.97557099959113, 39.11442700009455], [-120.97555700024576, 39.114130999655956], [-120.97558499983484, 39.114048000096275], [-120.97572600030014, 39.11386100015897], [-120.97585299962347, 39.11377400020907], [-120.97618400005958, 39.11360900034559], [-120.97645199984817, 39.113537000233414], [-120.97667000030637, 39.113382999901376], [-120.97676200036787, 39.11317999986829], [-120.97677999991122, 39.11309299977465], [-120.97689500043725, 39.1125270002765], [-120.97709999957834, 39.11219699989966], [-120.97726899963276, 39.11206000032428], [-120.97751499968007, 39.11192800018129], [-120.97781099995608, 39.11183500001126], [-120.97798000001049, 39.11179100008295], [-120.97800900032279, 39.11176900010848], [-120.9782839997841, 39.1116810001419], [-120.97831499974623, 39.11165699968838], [-120.97840900035587, 39.111588999869255], [-120.97844100014292, 39.111566000305096], [-120.9785320003795, 39.11155099973677], [-120.97860900037243, 39.111540000061424], [-120.97869800006086, 39.11135999993438], [-120.97873999989368, 39.11127800012676], [-120.97899799963653, 39.1107609996783], [-120.97914099975165, 39.11059800020527], [-120.97931499982893, 39.1104020001045], [-120.98034300039903, 39.110172999797705], [-120.98118799977274, 39.110345999875996], [-120.98136699987288, 39.11044900022457], [-120.98205599961095, 39.11084799986279], [-120.98208699957308, 39.11086599988757], [-120.9822349997111, 39.11087199989478], [-120.98278700008015, 39.110894999685435], [-120.98297200002808, 39.11090300015635], [-120.98321600042553, 39.11078899998173], [-120.98360100039001, 39.110643999957894], [-120.98396399971487, 39.1105669998095], [-120.98422200035603, 39.11051300018938], [-120.98431500024245, 39.11049300029375], [-120.98443200041832, 39.110469000132696], [-120.9845920002519, 39.11052100000662], [-120.9846840003134, 39.110551000184564], [-120.98521700041589, 39.11072500026756], [-120.98579499982587, 39.11091500016402], [-120.98585400027544, 39.1109240001684], [-120.98619200038422, 39.1109780001707], [-120.98652999959472, 39.111032999665746], [-120.98685799965777, 39.11108499982056], [-120.98716300015461, 39.111133999944755], [-120.98730000042195, 39.11115600011746], [-120.98737099966876, 39.11124500027079], [-120.98743400031626, 39.11132400013258], [-120.98756400001261, 39.11148800024233], [-120.98760300037067, 39.11150499987912], [-120.98767699999051, 39.111537000086315], [-120.9877189998233, 39.1115549999351], [-120.98789500044872, 39.11163199970101], [-120.98797599974125, 39.11166699982029], [-120.98805799975702, 39.111701999922126], [-120.98813899994786, 39.111737000006585], [-120.98871700025619, 39.111776999783146], [-120.98906600023564, 39.111578000199884], [-120.98914599970328, 39.11153299988697], [-120.98938699972769, 39.1112290001027], [-120.98944600017725, 39.11116900031136], [-120.98962399955415, 39.110990999700334], [-120.98968399982861, 39.110931999939034], [-120.98967700015592, 39.11081400026814], [-120.98968600037676, 39.11064500019463], [-120.98969399987435, 39.110502999893725], [-120.9896899996764, 39.11035399971223], [-120.98969300004943, 39.109942000344574], [-120.98969300004943, 39.10980900016809], [-120.9896960004225, 39.109528999709966], [-120.98946000042096, 39.10930000005175], [-120.98908100030427, 39.108933000009664], [-120.98889800000616, 39.10887500018142], [-120.98866399965442, 39.10874800027061], [-120.98837599977433, 39.1085920000944], [-120.98836800027672, 39.10852499967595], [-120.98833300011664, 39.108410000265685], [-120.98828299988793, 39.10832700024142], [-120.98822699981142, 39.1082559998827], [-120.98819199965132, 39.10816299974646], [-120.98802199977202, 39.10760799997972], [-120.98799099980988, 39.10753799987463], [-120.9879160003651, 39.10736699974379], [-120.98775399998341, 39.10710299975437], [-120.9876900004093, 39.10695999969576], [-120.98767600016559, 39.10682900005041], [-120.98777499989978, 39.106570000215925], [-120.9878870000528, 39.10642199968409], [-120.9880920000922, 39.1062629997367], [-120.988133999925, 39.10619700019242], [-120.98815499984138, 39.106102999826504], [-120.9881270002523, 39.10593899973335], [-120.9880140002744, 39.105696999757555], [-120.98768200001338, 39.10516999983907], [-120.98736999984386, 39.104595999656745], [-120.98733600040697, 39.10453300021917], [-120.98699800029817, 39.104034000162116], [-120.98679300025877, 39.10364900011529], [-120.9867820003881, 39.10363300031404], [-120.98676399994642, 39.10362899966608], [-120.98674999970274, 39.103610000244934], [-120.98674399985495, 39.10359399973778], [-120.98653600034082, 39.10337999983781], [-120.98652000044727, 39.1033280002722], [-120.98632399973039, 39.10265299999018], [-120.98634399982187, 39.10228800020746], [-120.98634800001983, 39.10223399982131], [-120.98650700002848, 39.10197800021615], [-120.98653799999062, 39.10189199990052], [-120.98672799996145, 39.10164500024274], [-120.98700999999376, 39.10137100023643], [-120.98719999996453, 39.10121699981125], [-120.98739900015615, 39.10113099996155], [-120.98741900024766, 39.101122999775626], [-120.98790499959614, 39.100974999658426], [-120.98807399965054, 39.10089199994185], [-120.98819400019944, 39.10078799989033], [-120.98828500043605, 39.10048599983638], [-120.98834099961425, 39.10016700030422], [-120.98832700026885, 39.10009600009175], [-120.98820699971995, 39.09984300016729], [-120.98803799966554, 39.099668000016294], [-120.98784799969474, 39.09952000033031], [-120.98754499974604, 39.09936100015197], [-120.98713600039042, 39.099052999943936], [-120.98698700042752, 39.09886100002977], [-120.98690299986362, 39.09866900028987], [-120.98688000029738, 39.09855699996778], [-120.9868529996349, 39.09841600012473], [-120.98690899971137, 39.09816400016271], [-120.9869589999401, 39.09804800016519], [-120.9870219996893, 39.09794400010131], [-120.98724000014751, 39.097713000308936], [-120.98727500030762, 39.09760899975092], [-120.98724900036835, 39.09743099975379], [-120.9872329995765, 39.09731799982794], [-120.9870989996822, 39.09693399978771], [-120.9870989996822, 39.09665399977624], [-120.98722500007891, 39.09635700024694], [-120.98753499970029, 39.09576900012254], [-120.98772499967107, 39.095171000293064], [-120.98772800004413, 39.09507900008372], [-120.98773899991478, 39.094824999822194], [-120.98766100009699, 39.09435799971242], [-120.98761800043927, 39.09385799966901], [-120.98768100018849, 39.09320500025029], [-120.98768100018849, 39.0929140002795], [-120.98758900012697, 39.09220499978975], [-120.98760300037067, 39.09168900009672], [-120.98773600044007, 39.09108500023236], [-120.98797599974125, 39.09049700007263], [-120.98829899978145, 39.08993200024658], [-120.98836999992653, 39.0897229998946], [-120.98844699991946, 39.08932200022746], [-120.98848899975225, 39.088865999661216], [-120.98843900042183, 39.088109000110755], [-120.98850100034612, 39.08774899966237], [-120.98852999976013, 39.08758699983733], [-120.98870600038553, 39.0868459999357], [-120.98872700030194, 39.086456000053474], [-120.9886700004005, 39.0861869997238], [-120.9884939997751, 39.08586300019654], [-120.9884729998587, 39.08561000010551], [-120.98845100011738, 39.08556099967161], [-120.9885430001789, 39.085340000137464], [-120.98861500014893, 39.08516600015277], [-120.98886700004402, 39.08470399976966], [-120.98887999956449, 39.08466900020897], [-120.9889509997096, 39.084494999963674], [-120.98922600006921, 39.084116000103855], [-120.9898029996543, 39.083660000048255], [-120.99001400043981, 39.08330299968618], [-120.9901969998396, 39.08308900026135], [-120.9906339996826, 39.082764999753344], [-120.99078900039162, 39.08254499976539], [-120.9909009996463, 39.08215499981214], [-120.99102799986791, 39.082034000252044], [-120.9914079998095, 39.08190199967109], [-120.99157900041203, 39.08187299980092], [-120.99193699971401, 39.081814000076335], [-120.99293699979671, 39.081770000237846], [-120.99323300007273, 39.08173699981794], [-120.99343700028723, 39.0816760000788], [-120.99393699987942, 39.08145099971615], [-120.99414199991882, 39.08137900022948], [-120.99438799996614, 39.08133500011965], [-120.99526199965214, 39.08123099981437], [-120.99554299985954, 39.08117000033506], [-120.99565599983744, 39.08113199984396], [-120.99585300037924, 39.080999999667306], [-120.99598700027357, 39.08084000030537], [-120.99608600000774, 39.080642999790676], [-120.99611399959684, 39.08036799979476], [-120.99607799961184, 39.08018099977098], [-120.99584499998335, 39.07964299973886], [-120.99566900025626, 39.07936300011322], [-120.99548599995813, 39.07912700019336], [-120.99504099971921, 39.078610999663475], [-120.99486499999212, 39.07845799973786], [-120.9945269998833, 39.07822700027436], [-120.99404700038258, 39.07799100004148], [-120.99294799966736, 39.07765699975746], [-120.99241999958778, 39.07753100010816], [-120.99214500012647, 39.07744299994293], [-120.99189800025427, 39.077305999776264], [-120.99170099971246, 39.07714699972279], [-120.99165800005476, 39.07709200029188], [-120.99158799973456, 39.076878000158516], [-120.99160100015335, 39.0764629996566], [-120.99160199997827, 39.07644900001217], [-120.99169300021485, 39.076014999893914], [-120.99177699988044, 39.07581199965347], [-120.99188300018567, 39.075657999899086], [-120.99215000014937, 39.07540600020999], [-120.99255199983226, 39.07493899984054], [-120.99291800042847, 39.07464799982738], [-120.99328400012634, 39.0744880000087], [-120.99392500018384, 39.0743070000728], [-120.99436399967668, 39.07409299986176], [-120.99452299968536, 39.07401500018403], [-120.99465400010492, 39.07396199982623], [-120.99554299985954, 39.073607000035416], [-120.99583999996045, 39.073488999962876], [-120.99668699988227, 39.07314900025818], [-120.99672100021749, 39.073136000027716], [-120.99820699964867, 39.072387999794856], [-120.99842500010688, 39.072244999770625], [-120.99853800008478, 39.07211399979165], [-120.99855900000118, 39.07204799966751], [-120.99854399993256, 39.071915999931484], [-120.99843199977958, 39.07152900009083], [-120.99833200022044, 39.07117999981494], [-120.99816300016604, 39.070713000073226], [-120.99813600040189, 39.07066800017982], [-120.99802900027174, 39.07048299977412], [-120.99788100013376, 39.07034600004328], [-120.99775399991215, 39.07028500022011], [-120.99734499965822, 39.07018700034805], [-120.99705299958018, 39.07007799977543], [-120.99690899964014, 39.07002200029877], [-120.99661999993513, 39.069808000345], [-120.99648600004085, 39.0696210002322], [-120.99640800022301, 39.06945100033374], [-120.99639399997933, 39.06932499998068], [-120.99639999982712, 39.06897300027116], [-120.99649899956128, 39.06866600000469], [-120.9966819998594, 39.06844100000191], [-120.99694200015043, 39.06821499983811], [-120.9971320001212, 39.068115999739035], [-120.99735800007701, 39.06805600022435], [-120.99841500006114, 39.06812699991191], [-120.99900599988992, 39.06798700005678], [-120.99932999975502, 39.06791200034401], [-120.99973200033627, 39.067863000172416], [-121.00043699996786, 39.06789899984632], [-121.00105399973592, 39.067931000316], [-121.00140500026352, 39.067911000198514], [-121.0018489997792, 39.067856999992514], [-121.00231199956147, 39.06776800016987], [-121.00252599982173, 39.06768900032735], [-121.00273400023418, 39.067534000132156], [-121.00281899972467, 39.067334999823494], [-121.00288700039506, 39.06714999974835], [-121.00309999993206, 39.06679499986728], [-121.00325999976565, 39.06647999996118], [-121.00337899959132, 39.066012999809644], [-121.00334900035242, 39.065826000104366], [-121.00304200020577, 39.0654209998873], [-121.00282399974756, 39.06498200006377], [-121.00259899961665, 39.06446799971783], [-121.0025450000883, 39.06418399976697], [-121.00246700027049, 39.06366500025475], [-121.00256900037776, 39.063204999705505], [-121.00271900016556, 39.06290299984694], [-121.00285300005986, 39.06272500015203], [-121.00288400002202, 39.06268499975127], [-121.00330199959845, 39.06230599992139], [-121.00363399985946, 39.062159999714545], [-121.0038759997088, 39.06204699978197], [-121.00416899961176, 39.06198999998187], [-121.00464999983569, 39.06191500017484], [-121.00520200020473, 39.061786999855144], [-121.00588199972198, 39.06169500004873], [-121.00653200000033, 39.06152699966827], [-121.00663400010758, 39.061489999995786], [-121.00689900042144, 39.061394999786415], [-121.0070719997755, 39.06121800001725], [-121.00710500028578, 39.06098399988953], [-121.0071210001793, 39.06072199973835], [-121.00709600006493, 39.06036999967649], [-121.00707500014853, 39.05986599973495], [-121.00700300017853, 39.05963000018082], [-121.00692500036071, 39.0593729998252], [-121.00684199962173, 39.05886100034279], [-121.00686199971321, 39.05847499965432], [-121.00698499973687, 39.058167000182735], [-121.0069959996075, 39.058147999675306], [-121.00715200014143, 39.057893999670526], [-121.00733399971631, 39.05773100006495], [-121.00797700032197, 39.05734899996006], [-121.00812399973674, 39.05715799983018], [-121.00820400010267, 39.05685599991457], [-121.00826299965391, 39.056305000098824], [-121.00829600016418, 39.05577400024288], [-121.00828600011843, 39.05533200014861], [-121.00828600011843, 39.05502200026261], [-121.00839200042365, 39.05440999980015], [-121.00839700044652, 39.0542369999218], [-121.00836200028641, 39.05413700010928], [-121.00834800004273, 39.05409800006734], [-121.00819700042999, 39.053785000005554], [-121.00810600019337, 39.053548999659036], [-121.00807799970598, 39.053306999897586], [-121.00806799966024, 39.05287899984581], [-121.0080860001019, 39.05266700026776], [-121.0081070000183, 39.0524239999094], [-121.00818499983612, 39.05216299975586], [-121.00830299983689, 39.052055000324295], [-121.0085279999678, 39.05194200026422], [-121.00877900003795, 39.051807999853736], [-121.00904699982655, 39.051708999767214], [-121.00985799976337, 39.05152300022284], [-121.01012300007723, 39.051527000338254], [-121.01040500010954, 39.05157300025351], [-121.01065000033192, 39.0516809997246], [-121.0108040003177, 39.05185600033195], [-121.01101500020489, 39.052219000145406], [-121.01115300029717, 39.05235899987852], [-121.01142500028372, 39.052467000240426], [-121.01188300004314, 39.05250999984761], [-121.01252400010064, 39.052540999953806], [-121.01296199976854, 39.05240400028192], [-121.01332199961865, 39.052160999716236], [-121.01356000016835, 39.051889999749875], [-121.01362899976533, 39.05165600010073], [-121.01354699974956, 39.051412999751776], [-121.01324600034899, 39.051098000277044], [-121.01318699989945, 39.050978999861805], [-121.01315799958714, 39.05077200001008], [-121.01311800030247, 39.05062599967228], [-121.0129090000651, 39.05023599982255], [-121.01244899975758, 39.04937999966745], [-121.0124019999019, 39.049172000299414], [-121.01242500036645, 39.04897200014155], [-121.0125219995525, 39.04865599982615], [-121.01279199988925, 39.04826799971301], [-121.01308999981508, 39.048062000016664], [-121.01388400003346, 39.04768599973292], [-121.0144770004104, 39.04751000021861], [-121.01454299963432, 39.04749900032164], [-121.014929000322, 39.04743600011745], [-121.01500799996472, 39.047423999773194], [-121.01559700014369, 39.04739699986325], [-121.01641700030132, 39.047343000012404], [-121.01646599980683, 39.0473210001647], [-121.01719700027601, 39.04729599969516], [-121.01764800036273, 39.04725299970413], [-121.01793200004485, 39.047173999928134], [-121.01831500035951, 39.04703399968423], [-121.01883400021826, 39.046895000303685], [-121.01927799973394, 39.04676900015713], [-121.01978800027022, 39.046452000001324], [-121.02015800016606, 39.046097999754735], [-121.02040400021338, 39.045743000065286], [-121.02058999998623, 39.045345999997394], [-121.02073599957608, 39.044743000183004], [-121.02092700027009, 39.04301399998945], [-121.02108299990572, 39.04234799994684], [-121.02130499966354, 39.0414559999037], [-121.02131899990725, 39.040802999733415], [-121.0213220002803, 39.03994900007683], [-121.02138199965644, 39.03956499967913], [-121.02142000018961, 39.03944100011517], [-121.02172599961305, 39.039182999694816], [-121.02177599984174, 39.03916500021448], [-121.02199299957672, 39.03908999988832], [-121.02339000021777, 39.03898200000442], [-121.0245960001648, 39.03871999985856], [-121.02539500040605, 39.03866100034412], [-121.02574799968515, 39.03869200024888], [-121.0264330001236, 39.03879700029785], [-121.0266799999958, 39.03881300015206], [-121.02695299980729, 39.03882300014628], [-121.02715799984671, 39.03879099974107], [-121.02753899961321, 39.03868499982145], [-121.02775200004854, 39.03865999978428], [-121.02834299987732, 39.03859799993315], [-121.02868099998614, 39.03851900024654], [-121.0290099998741, 39.038427000129225], [-121.0293060001501, 39.03820899982805], [-121.02957599958854, 39.03797899969659], [-121.02980800029046, 39.03780299972135], [-121.0299539998803, 39.03760400004589], [-121.03012600030776, 39.0374209999794], [-121.03039099972331, 39.03721099982238], [-121.03044699979982, 39.03706699983249], [-121.03030899970754, 39.03692699979353], [-121.03010000036848, 39.03677400022622], [-121.0300309998732, 39.03671100022597], [-121.03003300042134, 39.03662900015267], [-121.03009799982034, 39.03648499967445], [-121.03009500034564, 39.03643300034064], [-121.03009199997256, 39.03633299974291], [-121.03000300028413, 39.03598200012527], [-121.02986500019185, 39.03547799987963], [-121.02967299967291, 39.034986999808], [-121.02966099997737, 39.03470499974798], [-121.02946500015877, 39.033806999923094], [-121.02940900008227, 39.03313200015668], [-121.02943900021951, 39.03297500027817], [-121.02950399961851, 39.03282399971939], [-121.02950600016666, 39.032714000135044], [-121.02945699976284, 39.03257599974197], [-121.02954399980149, 39.03222600025711], [-121.0298969999789, 39.03123899982631], [-121.0299110002226, 39.031031000078954], [-121.0299110002226, 39.03100900003633], [-121.0299470002076, 39.03096000007539], [-121.02998499984247, 39.03079599974533], [-121.03009299979747, 39.03036600011105], [-121.03081000002297, 39.02944299977337], [-121.03106899959076, 39.02794900002829], [-121.03257699966157, 39.02638999991005], [-121.0331990003508, 39.025389000330975], [-121.03338099992568, 39.02516399991485], [-121.03550800031272, 39.022530000188155], [-121.03744599965552, 39.02100199988863], [-121.03769400025095, 39.02080499989442], [-121.03770599994652, 39.02071399986415], [-121.03777000041893, 39.02023200022761], [-121.03761700025808, 39.01963300018493], [-121.03712199979043, 39.01852099966704], [-121.03703999977466, 39.01776000023157], [-121.03702899990401, 39.01765500033507], [-121.03701700020845, 39.01755000028263], [-121.03732600000492, 39.0167339997858], [-121.03805900012392, 39.01595900019042], [-121.03815799985814, 39.0158980001517], [-121.0391479998951, 39.015292999927745], [-121.03980700039426, 39.014889999993564], [-121.04020900007718, 39.01464499982037], [-121.04127000025926, 39.01399700005701], [-121.04160800036806, 39.013791000258486], [-121.04333499982367, 39.013468999737384], [-121.04362000022904, 39.013417000222375], [-121.04369700022191, 39.01340899986406], [-121.04404399965325, 39.0133739998563], [-121.0451890003992, 39.01326200027341], [-121.04574599989283, 39.01325200015245], [-121.04669599974679, 39.0132349998738], [-121.04734900039819, 39.01315699997992], [-121.04802899991545, 39.01307700024991], [-121.04806900009842, 39.01307199982756], [-121.04814299971827, 39.01304999977968], [-121.04861999974422, 39.01290499989579], [-121.0490969997702, 39.012760999943104], [-121.04937899980254, 39.012674999783094], [-121.05009500020309, 39.0121680001553], [-121.05033799987734, 39.01199599968444], [-121.05160400009883, 39.01109200021874], [-121.05217499983614, 39.01068600000185], [-121.05292999969646, 39.01042100027784], [-121.0530309999788, 39.01038600018736], [-121.05361900033284, 39.01032000030872], [-121.05386899967979, 39.0103090002066], [-121.05404899960486, 39.01030100019473], [-121.05553900013233, 39.010237000067185], [-121.05666399988849, 39.010195000126465], [-121.05709700043187, 39.01006299995108], [-121.05807599969984, 39.00976699997364], [-121.05824399992935, 39.0097940003012], [-121.05832900031817, 39.009807000326], [-121.05875500029052, 39.00987499982595], [-121.05908699965319, 39.00994199969027], [-121.05933900044658, 39.009993000096536], [-121.05945999992211, 39.010017000234], [-121.05983599966575, 39.01013299973635], [-121.0600420004284, 39.01014500013134], [-121.06103999996297, 39.01020499998163], [-121.06142499992741, 39.01020800007755], [-121.06165300043135, 39.01013299973635], [-121.06193200009061, 39.00999900030616], [-121.06210799981773, 39.009840999735125], [-121.06222699964343, 39.00973700021809], [-121.06217899996284, 39.00954299967668], [-121.06216399989421, 39.00945999991936], [-121.06221900014582, 39.00937099980231], [-121.06238200035243, 39.009302999817756], [-121.06248799975934, 39.00925799988443], [-121.06287500027192, 39.00907700028226], [-121.06318800026636, 39.00895800029531], [-121.06338999993274, 39.00882000029436], [-121.06355999981204, 39.008651999808386], [-121.06459900025281, 39.007576999734965], [-121.06463500023781, 39.00751200033011], [-121.06467000039794, 39.00744700016746], [-121.06501600000433, 39.00677500023673], [-121.06521500019596, 39.00662600018831], [-121.06536800035684, 39.00654499973512], [-121.06543600012893, 39.006533000125486], [-121.06568899984889, 39.00648900014323], [-121.06586799994903, 39.00644300019599], [-121.0660839998591, 39.006307999738], [-121.06648100041744, 39.00607300029108], [-121.06668899993161, 39.005903000308486], [-121.06684200009246, 39.0058430002992], [-121.06699400042842, 39.00578399986817], [-121.067266000415, 39.00556000022091], [-121.06754599989918, 39.00537099966143], [-121.0679069995742, 39.00530800029352], [-121.06821700009391, 39.00531299986868], [-121.06826700032262, 39.00529999971602], [-121.06839500036914, 39.005268000189254], [-121.0686110002792, 39.00516000028335], [-121.06878799983122, 39.005176999710656], [-121.06943200026177, 39.00529199983565], [-121.07038499959049, 39.00543199970516], [-121.07074100014097, 39.0054100000731], [-121.07115799989249, 39.005368999693445], [-121.07140399993978, 39.005377999898016], [-121.07146000001626, 39.00538100019866], [-121.07178600042948, 39.00544800013132], [-121.07280900007844, 39.00580400012631], [-121.07291399966041, 39.00586099988851], [-121.07300800027005, 39.00591199974705], [-121.07329199995218, 39.0060649998001], [-121.07338700038673, 39.00611600020958], [-121.07348199992298, 39.00616800020606], [-121.07389299982673, 39.00637500018881], [-121.07428000033933, 39.006478999762706], [-121.07445699989134, 39.00648799982599], [-121.07447699998282, 39.00648700020685], [-121.07470600031168, 39.006478999762706], [-121.07483099998515, 39.006425000056716], [-121.07514800017755, 39.00618199982266], [-121.07545199995117, 39.00608300003094], [-121.07582600004497, 39.006012999727915], [-121.07644299981304, 39.00598900032608], [-121.07712900007638, 39.00620700017827], [-121.07776799958576, 39.006489999762344], [-121.07792599976949, 39.00656000029142], [-121.0787429995541, 39.006842999859394], [-121.0788680001259, 39.006880000232265], [-121.0789889996014, 39.006916000274636], [-121.07921100025756, 39.006898999869094], [-121.07945800012979, 39.00686099989226], [-121.07974500018496, 39.00681799972856], [-121.08034199986153, 39.00686200020423], [-121.0806299997416, 39.00706700033031], [-121.08066999992458, 39.00720700017716], [-121.08068300034337, 39.00738700007172], [-121.08060800000031, 39.00760299989905], [-121.08056699999241, 39.00772399997297], [-121.08051500011386, 39.008034000071675], [-121.08052000013676, 39.00819100019791], [-121.0805290003576, 39.00847699969227], [-121.0806420003355, 39.009212000341805], [-121.08067099974947, 39.00933500031134], [-121.08073000019904, 39.009580000033296], [-121.08080700019194, 39.00969899967182], [-121.08092900039065, 39.009763000286185], [-121.0810790001785, 39.009807000326], [-121.08158399979357, 39.00981499969571], [-121.08236200011844, 39.01006299995108], [-121.08300099962779, 39.010364000001985], [-121.08341499990458, 39.010467999993146], [-121.08373999959457, 39.010517999759934], [-121.08401499995419, 39.01056099976846], [-121.0841990000772, 39.01065400011951], [-121.08464799961577, 39.01115600027064], [-121.08468899962367, 39.01120199994497], [-121.08523000012207, 39.01185399975966], [-121.08547000032156, 39.01208000019392], [-121.08582699979864, 39.01241700007147], [-121.08630899984747, 39.01277800033574], [-121.08660599994842, 39.01294199988958], [-121.08693200036164, 39.01302299999709], [-121.08744100017468, 39.01320399997103], [-121.08809399992774, 39.01332599975763], [-121.08855300041034, 39.01341600000316], [-121.08869200032754, 39.01349199987306], [-121.08879699990952, 39.013548999721905], [-121.08919100009481, 39.013765999791474], [-121.08931800031642, 39.01428599972854], [-121.08950099971621, 39.01443499969426], [-121.08951999998278, 39.01443400018745], [-121.08973099986999, 39.01443199977771], [-121.08998100011523, 39.01437300022917], [-121.09027200036836, 39.014266999982006], [-121.09065300013486, 39.0139489996832], [-121.09091800044878, 39.013693000164054], [-121.0910899999779, 39.013526999822425], [-121.0914709997444, 39.013193999841874], [-121.09175399960162, 39.01289499972435], [-121.09210699977902, 39.012650999849626], [-121.09244900008578, 39.012456000088235], [-121.09277200012596, 39.01232299970994], [-121.09343199955175, 39.01216099989267], [-121.09405099986796, 39.0118739996975], [-121.09465799959027, 39.011586000186526], [-121.09501599979055, 39.01145399981515], [-121.09519700043883, 39.01143099971464], [-121.09531799991434, 39.01141699974086], [-121.09566400041908, 39.01140899985432], [-121.0959559995988, 39.01142799967066], [-121.09624600002704, 39.01152199982572], [-121.09636800022575, 39.011620999683174], [-121.09640300038586, 39.011649000245214], [-121.09637999992134, 39.01185000019022], [-121.09634200028648, 39.012019000299176], [-121.096362000378, 39.01208300021024], [-121.09638099974623, 39.01214599982622], [-121.0964000000128, 39.012209000084034], [-121.09640400021078, 39.012219999890654], [-121.09643900037086, 39.012424999843994], [-121.09648700005145, 39.01271199989721], [-121.09650100029516, 39.01279999977022], [-121.09653499973203, 39.01299799995658], [-121.09654300012795, 39.01301400006731], [-121.09667199999939, 39.01316199969827], [-121.09682000013737, 39.013261000052], [-121.09696200042758, 39.013284000255325], [-121.09728999959235, 39.01327599988196], [-121.09758300039361, 39.01324600021885], [-121.09792399997716, 39.01310599976111], [-121.09797500003079, 39.01309300034275], [-121.09862500030913, 39.012937999683665], [-121.09906299997704, 39.01277899986597], [-121.09966499967646, 39.0124840003197], [-121.10000699998324, 39.01231000014765], [-121.10022100024351, 39.01224399997039], [-121.10058699994138, 39.01218099974369], [-121.10077600008728, 39.01207299992257], [-121.10097100008093, 39.01206300033151], [-121.10124499971732, 39.01210199984552], [-121.10136899956588, 39.01209700005219], [-121.10157500032852, 39.012010000241624], [-121.10186300020861, 39.01185600024231], [-121.10199799992785, 39.01179599969855], [-121.10215799976139, 39.01176400031835], [-121.10238100024249, 39.011749000167704], [-121.10244099961862, 39.01174600013721], [-121.1027839997503, 39.01172600016312], [-121.1035119998464, 39.01171700006829], [-121.10401399998676, 39.011801999755214], [-121.10411299972095, 39.01181699989463], [-121.10424699961526, 39.01185000019022], [-121.10471199994565, 39.01196799995778], [-121.10504800040465, 39.01208699976651], [-121.10513200007024, 39.01211699992132], [-121.10549600011832, 39.012427000310495], [-121.10576800010489, 39.01286000016017], [-121.10585000012063, 39.01311599990272], [-121.10592399974048, 39.01334700019741], [-121.10599200041085, 39.01378400015655], [-121.10597700034225, 39.01402599988895], [-121.10591100022, 39.01448100002786], [-121.105903999649, 39.01475100019893], [-121.1059880002129, 39.01544400024686], [-121.10598999986271, 39.01550600016894], [-121.1060090001293, 39.01595600033853], [-121.1061010001908, 39.01618600024995], [-121.10623900028308, 39.01633999989389], [-121.10660300033116, 39.016516000272766], [-121.10677300021047, 39.016597999950704], [-121.10709600025064, 39.01677600003097], [-121.10749000043593, 39.017293999840376], [-121.107698999775, 39.017615999695686], [-121.10814099964088, 39.017898999695205], [-121.10827399971025, 39.01798499978389], [-121.10887999960767, 39.01820899986463], [-121.10908399982218, 39.01821899998258], [-121.10945700009108, 39.01817699989655], [-121.11002899965331, 39.0180200003013], [-121.11064499959646, 39.01785700011706], [-121.11118000024705, 39.01775500014035], [-121.11158000028013, 39.01772000018968], [-121.11184999971857, 39.01772500028338], [-121.11244700029346, 39.01792800002086], [-121.11350000007961, 39.018346000240484], [-121.11409900030431, 39.018493999879524], [-121.11477299997378, 39.018505000104405], [-121.1151339996488, 39.018601000217856], [-121.11541300020637, 39.01877199983534], [-121.11612100021104, 39.01915700028892], [-121.11702300038445, 39.01974500014636], [-121.11767399958936, 39.01996300017326], [-121.11806799977468, 39.02010700011687], [-121.11848600024942, 39.02042600006232], [-121.11905699998673, 39.02096800026183], [-121.11922299966811, 39.0211480000297], [-121.11949700020278, 39.0214449999359], [-121.11991499977921, 39.02204700027264], [-121.12014999995586, 39.02254199987526], [-121.12028800004813, 39.0229079998229], [-121.12046899979806, 39.02339100013717], [-121.12066200014195, 39.02383000028085], [-121.12083100019633, 39.02413700006514], [-121.12095300039508, 39.02422200017661], [-121.12128099955983, 39.02422000004383], [-121.12147700027671, 39.02417499983204], [-121.12211599978608, 39.024143999840064], [-121.12256000020008, 39.0241510003122], [-121.122665999607, 39.02416100028757], [-121.12319299986169, 39.02443099978632], [-121.12327099967948, 39.02517799995853], [-121.1232790000754, 39.025268999825975], [-121.12325399996105, 39.025406999830864], [-121.12334000017478, 39.02583000001833], [-121.12336699993894, 39.02630799972465], [-121.12333199977886, 39.02698599984633], [-121.12342300001544, 39.02756099994102], [-121.1235119997039, 39.027860000151556], [-121.12381499965262, 39.02814799967661], [-121.12396000031588, 39.028358000247906], [-121.12423999980005, 39.02868799998477], [-121.12447300032686, 39.02894100034469], [-121.12470000010758, 39.02905500021089], [-121.12485900011626, 39.02907100017741], [-121.12508300042224, 39.02900600029096], [-121.12543900007438, 39.02893600034635], [-121.12559899990796, 39.02893800034574], [-121.12581900001598, 39.02899700030196], [-121.12605800039057, 39.029038000242515], [-121.12638499973042, 39.029195999791085], [-121.12667400033372, 39.029601999802566], [-121.12679499980923, 39.030011000226715], [-121.12678399993858, 39.03013800023688], [-121.12677499971777, 39.03023799983149], [-121.12668500020439, 39.030474999882905], [-121.12654799993703, 39.03068499982085], [-121.12643199958607, 39.03087800030684], [-121.12629500021704, 39.03103799986905], [-121.12615399975174, 39.03111700024327], [-121.12606000004043, 39.031200999669885], [-121.12584199958222, 39.031304999718834], [-121.1255600004482, 39.03148600034487], [-121.12521499976842, 39.031710000215675], [-121.12498700016276, 39.03193999981778], [-121.12493600010916, 39.03210300032958], [-121.12509900031577, 39.03245099982585], [-121.12515799986699, 39.03248600015959], [-121.1253200002487, 39.03258200012872], [-121.12560399993083, 39.032629999715496], [-121.1258280002368, 39.03265800033163], [-121.12606099986535, 39.03266200011971], [-121.12658700029509, 39.03275100023003], [-121.12674600030375, 39.03278800030563], [-121.12741599977525, 39.03294899967352], [-121.12835899995656, 39.033051000058464], [-121.1290939997254, 39.033116999654446], [-121.12943500020725, 39.03318399982619], [-121.12963299967562, 39.033223000250985], [-121.12993399997454, 39.03341200034089], [-121.13027299990823, 39.03373200018991], [-121.13075099975913, 39.034064999737176], [-121.1309580003467, 39.0342809997172], [-121.1314310001747, 39.034194999914114], [-121.13179199984974, 39.0342169996627], [-121.13212499993566, 39.034239000102296], [-121.13275000009962, 39.034249000046096], [-121.13337799973834, 39.03437600011636], [-121.13390699964283, 39.034690000277436], [-121.13410599983447, 39.03493500006963], [-121.13425700034554, 39.0351190002066], [-121.13437699999614, 39.03571299999569], [-121.13441700017911, 39.03591300001333], [-121.13446499985969, 39.03596399982956], [-121.13503099957413, 39.036564000239665], [-121.1351340004046, 39.03667300022087], [-121.13523999981149, 39.03674099970147], [-121.1360080000906, 39.03723200014526], [-121.13615899970334, 39.03732899982796], [-121.13670600004954, 39.03770599999163], [-121.13739700033575, 39.0378579997607], [-121.13797899994371, 39.037911000011846], [-121.13857099959739, 39.03780400029332], [-121.13892200012502, 39.03774199969107], [-121.13944199980865, 39.03754500029735], [-121.13955399996166, 39.0375019999529], [-121.1399930003528, 39.037215999933046], [-121.14090700022182, 39.03630900016454], [-121.14142199988262, 39.0357540002268], [-121.14179599997644, 39.03528199966613], [-121.14217500009309, 39.035126000289594], [-121.14261199993612, 39.034894000061065], [-121.14306499967263, 39.03458700024503], [-121.14377100002747, 39.03418599988808], [-121.14440399968905, 39.03388200027449], [-121.14483399985937, 39.03366100010859], [-121.14545200035064, 39.03341099970672], [-121.1460409996313, 39.03322500012905], [-121.14637999956503, 39.03318199994695], [-121.14650199976377, 39.03316700015314], [-121.14723099968481, 39.0329069999648], [-121.14812399963739, 39.03278099999104], [-121.14871199999146, 39.03264900010991], [-121.14932600028477, 39.032560999819545], [-121.14976099957964, 39.03239499981409], [-121.15014100041954, 39.03222700021024], [-121.15032600036749, 39.03205700029599], [-121.1504619999116, 39.0316570001982], [-121.15066199992816, 39.03143300015942], [-121.15075300016474, 39.03114200015785], [-121.1507859997767, 39.030946999752466], [-121.15095400000621, 39.03076499986569], [-121.1514250001844, 39.03031699970432], [-121.15157800034525, 39.03004299972327], [-121.15159199969068, 39.029777999966335], [-121.15158599984288, 39.02971500000962], [-121.15156999994936, 39.029538999688924], [-121.1514489995755, 39.02913000002261], [-121.151404000268, 39.02871700007202], [-121.15141199976559, 39.028402999890424], [-121.15146700001719, 39.02816599986968], [-121.15154200036025, 39.02805399998971], [-121.1519110004312, 39.02751099966336], [-121.15203600010469, 39.02726399990817], [-121.15212499979312, 39.02704299998329], [-121.15229600039568, 39.02689900020982], [-121.15248600036645, 39.02678799974816], [-121.15322100013529, 39.02660500028499], [-121.15379500024565, 39.026445999794824], [-121.15406100038443, 39.026396000124166], [-121.15442200005944, 39.02638000025], [-121.15483200013831, 39.026283000193864], [-121.15540000040087, 39.026091999802155], [-121.15561499958771, 39.02608999972224], [-121.15621100033768, 39.02614799992296], [-121.15638600023986, 39.02612899987449], [-121.15652799963178, 39.02600100029629], [-121.15677500040229, 39.02557699968911], [-121.15737000042903, 39.02517900001137], [-121.15816600029723, 39.02488800008259], [-121.15839499972778, 39.0248859999686], [-121.15883599976875, 39.025051000108746], [-121.15901599969379, 39.02506400012035], [-121.15959999984992, 39.02507299991224], [-121.15984500007228, 39.02502299996831], [-121.16007799970079, 39.0248859999686], [-121.1603820003727, 39.024674000128435], [-121.16071200008561, 39.02454299982377], [-121.1612679997543, 39.0244219999127], [-121.16150399975585, 39.024441999785395], [-121.16173999975742, 39.024446000038424], [-121.16196999991116, 39.02442800029385], [-121.16232899993638, 39.024226999810544], [-121.16262199983932, 39.023945000085675], [-121.16292399996313, 39.02353199984937], [-121.16313499985031, 39.02319399982085], [-121.16335900015629, 39.02285600027001], [-121.1634229997304, 39.022661000035626], [-121.16355199960184, 39.02252800000746], [-121.16377799955764, 39.02238999996558], [-121.16420000023034, 39.0221859996834], [-121.16471800026422, 39.02202600032282], [-121.16512499996998, 39.021875000101296], [-121.16550499991159, 39.02175499991243], [-121.16558799975225, 39.02173000016736], [-121.16586999978459, 39.02170800002145], [-121.16625700029716, 39.02179499976536], [-121.16650800036734, 39.02176099982205], [-121.1665970000558, 39.021726999862324], [-121.16695000023321, 39.021588999652764], [-121.16740999964243, 39.02127100017744], [-121.16772099998707, 39.0211019998457], [-121.16797899972993, 39.02077600005089], [-121.16812500021811, 39.020511999869086], [-121.16845400010607, 39.02030600020576], [-121.16906699967619, 39.01996900023489], [-121.16953299983149, 39.01970499983156], [-121.17002599975099, 39.01945199991588], [-121.17068699989998, 39.019153999874746], [-121.17124299956866, 39.01900000007793], [-121.17167600011203, 39.01890899981823], [-121.17221000003941, 39.01870600010544], [-121.1726240003162, 39.01852799999807], [-121.17291700021917, 39.018464999786], [-121.17311399986264, 39.01842199969769], [-121.17330100035873, 39.01841699965322], [-121.1737499998973, 39.01840499996395], [-121.17394900008891, 39.01851600032758], [-121.17419799961095, 39.01883999978872], [-121.17434199955099, 39.01890200022292], [-121.1746870002308, 39.01898299978521], [-121.17504700008094, 39.01905399995422], [-121.17548300009899, 39.019131000184714], [-121.1756160001684, 39.01917700025524], [-121.17615799959339, 39.01936399994541], [-121.17641299986151, 39.019470999665124], [-121.17694400031415, 39.019729000162755], [-121.1773960002258, 39.01999600015716], [-121.17781899982509, 39.020057000150295], [-121.17822899990391, 39.02005300034686], [-121.1790289999701, 39.02002199994328], [-121.17925199955282, 39.02000399977026], [-121.1793849996222, 39.01995100004837], [-121.17962099962378, 39.01972699990281], [-121.17979899989899, 39.019518999780274], [-121.1803189995827, 39.01890899981823], [-121.18069299967651, 39.018443000020035], [-121.18083400014181, 39.01809300034761], [-121.18089600006607, 39.01781200004284], [-121.18089000021831, 39.01765500033507], [-121.18088299964728, 39.017579000053466], [-121.18091799980739, 39.017468999776725], [-121.18108699986183, 39.017281999960474], [-121.1812559999162, 39.01713900001364], [-121.18134100030501, 39.017111999698365], [-121.18192799993587, 39.01694400006424], [-121.18247100008406, 39.01657900012742], [-121.18287600014004, 39.016307999777894], [-121.18338699960289, 39.015881999995514], [-121.18399699969825, 39.01541500029841], [-121.18457500000656, 39.014771000015436], [-121.18466899971787, 39.014665999868456], [-121.18607700022959, 39.01313999967839], [-121.18611400003951, 39.01310400001182], [-121.1863530004141, 39.01288200026715], [-121.18637000013256, 39.012866999655614], [-121.18679799975475, 39.01271300012639], [-121.18737000021525, 39.012508000309836], [-121.18741899972076, 39.01250500031154], [-121.18773000006539, 39.012490000317996], [-121.1877960001876, 39.01250599984563], [-121.18811400020495, 39.0125730000096], [-121.18852900030663, 39.012732000290434], [-121.1885550002459, 39.012741999786904], [-121.18901999967798, 39.013030999701066], [-121.18938799992401, 39.013319000307675], [-121.1895129995975, 39.013398999763886], [-121.18978399975911, 39.013574000265635], [-121.19025300028753, 39.01401599987603], [-121.19050099998465, 39.01422500034055], [-121.19089000014704, 39.01450799995174], [-121.19125099982207, 39.01477900021968], [-121.19159800015173, 39.015076999853726], [-121.19193899973526, 39.01534299977333], [-121.19228100004202, 39.01553200021017], [-121.19265400031091, 39.015631000038], [-121.19307699991023, 39.0156699996783], [-121.19352799999692, 39.01570399975878], [-121.19393700025084, 39.015770000196845], [-121.19444600006388, 39.01584299977414], [-121.1946240003391, 39.01589999982199], [-121.19481799960954, 39.015962000042244], [-121.19527899974199, 39.01615400006427], [-121.19583000028614, 39.01633000020817], [-121.19616199964885, 39.016417000288044], [-121.19649800010782, 39.016437999809924], [-121.19663399965194, 39.01644599982557], [-121.19700699992083, 39.016505999913974], [-121.19769499983398, 39.01664700009594], [-121.1977440002378, 39.01667500006394], [-121.19796199979768, 39.01680299977658], [-121.19815799961628, 39.01705499992957], [-121.19844899986941, 39.01734700015797], [-121.19863999966513, 39.01748000016108], [-121.19887499984176, 39.017549000121875], [-121.19904200024635, 39.017540000070134], [-121.19921200012566, 39.01740200006363], [-121.19935400041587, 39.0172790001647], [-121.1995450002116, 39.01721600023572], [-121.20003099956007, 39.017083999903406], [-121.20083499982421, 39.01686799971642], [-121.20106900017592, 39.016790000339775], [-121.20133899961435, 39.0167019998481], [-121.20185400017347, 39.01650700008954], [-121.20200099958828, 39.01641899994365], [-121.20222999991714, 39.016282000022024], [-121.20241700041318, 39.01619400029405], [-121.20254399973649, 39.016135000121686], [-121.20294899979243, 39.0158779999559], [-121.20433100036486, 39.015743000056816], [-121.20467199994842, 39.01563299971583], [-121.20478599975124, 39.015532999701534], [-121.20491899982062, 39.01482000003069], [-121.20493300006433, 39.01471799986106], [-121.20502299957768, 39.014619000151], [-121.20508399967706, 39.0145030003285], [-121.20511100033956, 39.01441099966013], [-121.20512100038532, 39.01429800011681], [-121.2051919996321, 39.01410400022038], [-121.205312000181, 39.01396500027675], [-121.20535599966362, 39.01385900011603], [-121.20536599970936, 39.01375999990143], [-121.20542699980874, 39.013642000331835], [-121.20548100023542, 39.01348899991652], [-121.20548399971015, 39.01326500023964], [-121.20542199978587, 39.012827999865436], [-121.20539199964863, 39.012568999782815], [-121.20553099956582, 39.01229899965702], [-121.20566199998538, 39.01205499982002], [-121.2058200001691, 39.011909999990166], [-121.20591499970537, 39.01185099973357], [-121.20604799977475, 39.01185600024231], [-121.20644899963273, 39.011879000204566], [-121.20679099993949, 39.011891999846114], [-121.20707799999467, 39.011931999694646], [-121.20738000011848, 39.01207400016084], [-121.207656000303, 39.012128999979666], [-121.20826800004821, 39.01215300009028], [-121.20887099957254, 39.0121259999653], [-121.20929099969712, 39.01199500014309], [-121.20955199981303, 39.011934000175096], [-121.20984700026413, 39.011975000239474], [-121.21094000023324, 39.01199200012304], [-121.2120420004232, 39.01219599980278], [-121.212372999961, 39.012331999727714], [-121.21301900004137, 39.01279000028189], [-121.21322099970773, 39.01286499989957], [-121.21351600015882, 39.01291999980126], [-121.21375700018326, 39.01290199991428], [-121.21406599997974, 39.012777000107434], [-121.21443800042373, 39.012732000290434], [-121.21499300026751, 39.01278400030905], [-121.21633200028393, 39.012768000146345], [-121.21694800022708, 39.012610999709736], [-121.21706600022785, 39.01257799976923], [-121.21743100010085, 39.012475000321324], [-121.21765299985867, 39.012411000066976], [-121.21832099968039, 39.01222199966494], [-121.21837599993196, 39.01220700030938], [-121.21854900018432, 39.0121869997677], [-121.21908200028678, 39.0121240001883], [-121.21945300000758, 39.01201099978271], [-121.22008700039238, 39.01178499982597], [-121.22058799980947, 39.011755999773094], [-121.22098600019274, 39.01177699998106], [-121.22146400004364, 39.01190699996644], [-121.2217639996193, 39.01195799965386], [-121.22178700008382, 39.01196199991521], [-121.22199799997102, 39.01207400016084], [-121.22220499966025, 39.012316000160716], [-121.2225600003858, 39.0129430001155], [-121.22288800044885, 39.0136069997414], [-121.22305800032818, 39.014114000220864], [-121.22337100032262, 39.0145820003366], [-121.22403699959617, 39.015546000067346], [-121.22475499964659, 39.01651200026901], [-121.2251580000527, 39.017045000344964], [-121.2256159998121, 39.017804000181734], [-121.22624599999894, 39.018587000267566], [-121.22666899959826, 39.019092999800485], [-121.22703400036954, 39.0196619997994], [-121.22732899992234, 39.02004799971985], [-121.22842100006655, 39.02147599971555], [-121.2285039999072, 39.02157500029416], [-121.22894300029837, 39.02209800032416], [-121.22935900022497, 39.022494999809545], [-121.22944299989057, 39.02257299987181], [-121.22955000002068, 39.0226729997005], [-121.22975500006008, 39.02286400025737], [-121.22987399988578, 39.022973999817765], [-121.22998199984082, 39.02307499985975], [-121.23006100038185, 39.02314899965382], [-121.23039600011761, 39.023364000115656], [-121.23067200030212, 39.02354199991229], [-121.23125899993296, 39.02381100030721], [-121.2317839996395, 39.02393400000927], [-121.23228400013001, 39.02406700018388], [-121.23239499955977, 39.02414199970504], [-121.23244599961342, 39.02417699996609], [-121.23265200037604, 39.024450000291175], [-121.23269900023172, 39.024511999993166], [-121.23273500021672, 39.024555999928744], [-121.23275399958496, 39.02456599984687], [-121.2328110003847, 39.024598999775954], [-121.23282999975297, 39.02460999974884], [-121.23293299968513, 39.02466699970809], [-121.2332480002277, 39.02474800034237], [-121.23338600031998, 39.02474300004743], [-121.23350599997057, 39.02467700030836], [-121.23378600035306, 39.02458400025421], [-121.23459700028988, 39.02442099984914], [-121.23486300042865, 39.02436900001334], [-121.23511600014864, 39.0243019998598], [-121.23541900009734, 39.02422200017661], [-121.23562699961148, 39.02412800015407], [-121.23595800004759, 39.02407600010275], [-121.23621599979045, 39.02408500002043], [-121.23638800021791, 39.02414800010995], [-121.23648000027941, 39.02417599989907], [-121.2367329999994, 39.02414800010995], [-121.23676899998442, 39.02414800010995], [-121.23683900030463, 39.02413199972698], [-121.237261000079, 39.0240990002778], [-121.2376700003329, 39.0240490003428], [-121.23801500011443, 39.02395500009024], [-121.23813399994012, 39.023899999698834], [-121.23832399991089, 39.023769000053576], [-121.2384720000489, 39.02357599969705], [-121.2385919996995, 39.023455000224494], [-121.23903100009066, 39.02291900005896], [-121.23936699965131, 39.022562000279834], [-121.23941500023021, 39.022522000162944], [-121.23985600027116, 39.022166999965826], [-121.24041299976476, 39.02168100005504], [-121.2406839999264, 39.02143300006255], [-121.24084799995795, 39.02139799983878], [-121.24096500013383, 39.021374000074125], [-121.24112499996738, 39.02145699980717], [-121.24121899967871, 39.02155599971447], [-121.24136900036486, 39.02171299983313], [-121.24175500015423, 39.02197699971778], [-121.2418360003451, 39.02200799996208], [-121.241949000323, 39.02205300015742], [-121.24268900011471, 39.022580999891254], [-121.24282100035917, 39.02267499987709], [-121.24320200012569, 39.022719000258164], [-121.24400899986458, 39.02293700018775], [-121.2449200002588, 39.023942999945014], [-121.24538999971375, 39.02419300033888], [-121.24626900032095, 39.02446699996725], [-121.24676800008825, 39.02485500028842], [-121.2479129999359, 39.026111999900216], [-121.24803099993669, 39.026888999923905], [-121.24829600025055, 39.027711999881014], [-121.24817999989962, 39.028192000140436], [-121.24897099974494, 39.02867099992813], [-121.24967600027486, 39.028922999651186], [-121.25106700016983, 39.028621999742], [-121.25267800017278, 39.0278019999599], [-121.252776999907, 39.027793999833435], [-121.253249999735, 39.02767199988674], [-121.25336500026104, 39.02765999967468], [-121.25386800022632, 39.02764500010458], [-121.2541579997562, 39.02766399974561], [-121.25437200001646, 39.02772500010112], [-121.2547910003161, 39.027755999918384], [-121.2551350002727, 39.027793999833435], [-121.25528000003766, 39.02783199972805], [-121.2560580003625, 39.02792499969622], [-121.25610699986798, 39.02792000032387], [-121.25636100031122, 39.027953000082874], [-121.2565860004421, 39.027964000231755], [-121.25701499988921, 39.02801400018897], [-121.2572969999215, 39.02808000030167], [-121.2575079998087, 39.02819000011994], [-121.25766299961938, 39.028315999904464], [-121.25772600026689, 39.02838199973517], [-121.25774700018331, 39.0284809997146], [-121.2576979997795, 39.02865099985627], [-121.2576840004341, 39.0287940002458], [-121.25772600026689, 39.028898000347404], [-121.25785199976526, 39.02911200007509], [-121.2579229999104, 39.029177999860316], [-121.25826799969188, 39.02943699981791], [-121.25835200025578, 39.02947500022492], [-121.25847899957908, 39.02950799995579], [-121.25855599957198, 39.029518999862674], [-121.25871100028098, 39.02949700004725], [-121.25903500014607, 39.029404000053894], [-121.25914800012399, 39.02939300012917], [-121.25925299970598, 39.02936000034461], [-121.25928899969098, 39.02936000034461], [-121.25979599985419, 39.02924000030031], [-121.25986600017438, 39.02923400032767], [-121.2601690001231, 39.029156999935374], [-121.26028899977368, 39.02913500000722], [-121.26052099957731, 39.029125000037645], [-121.26074599970819, 39.029157999931925], [-121.2609220003336, 39.02922899965222], [-121.26102100006779, 39.02924000030031], [-121.26145000041322, 39.029251000248905], [-121.2616679999731, 39.02930099999355], [-121.26201299975457, 39.02948200016912], [-121.26232999994699, 39.02956500015246], [-121.26275900029239, 39.02969100027718], [-121.263323000357, 39.02998299995749], [-121.26356900040429, 39.030075999886776], [-121.26378000029149, 39.03009300030333], [-121.2638510004366, 39.03013099965981], [-121.2639280004295, 39.030152999975726], [-121.26417399957846, 39.030142000167515], [-121.2642310003782, 39.03015899987036], [-121.2644280000217, 39.0302520002659], [-121.26453299960367, 39.03027999973073], [-121.26468099974169, 39.03027999973073], [-121.26484999979607, 39.03033500004285], [-121.264970000345, 39.03032400026296], [-121.26522999973767, 39.03026400003789], [-121.26541399986068, 39.03024199975653], [-121.2656740001517, 39.03025800015218], [-121.2658499998788, 39.03030799988225], [-121.2659839997731, 39.03037899984301], [-121.26611000016976, 39.03053299997465], [-121.26615299982748, 39.03062599987801], [-121.26641300011848, 39.0308020002832], [-121.26655399968548, 39.03093999995336], [-121.26663099967838, 39.031077000082504], [-121.26696899978717, 39.03143400012381], [-121.26715899975797, 39.03159900033103], [-121.26722200040548, 39.031631999768024], [-121.26740499980525, 39.031647999849], [-121.26753200002689, 39.03170900025523], [-121.26792600021219, 39.03202199974981], [-121.26832700007016, 39.032378999902235], [-121.26853799995736, 39.03253800030443], [-121.26870000033905, 39.03264299972881], [-121.26896099955668, 39.0327689999486], [-121.26920699960397, 39.032845999894775], [-121.26934800006926, 39.03282399971939], [-121.26944599997856, 39.03275300012145], [-121.26969299985076, 39.03248900000799], [-121.26972800001087, 39.03246699972141], [-121.26986199990517, 39.03243499992673], [-121.26991100030897, 39.03240699992], [-121.27028500040281, 39.03208299983323], [-121.27034800015197, 39.032049999909006], [-121.27043299964248, 39.032045000130616], [-121.27053800012277, 39.03205600034042], [-121.27071399984986, 39.032110999968275], [-121.27084100007147, 39.03219299970184], [-121.27096099972206, 39.032314000266794], [-121.27108700011878, 39.03239699971555], [-121.27129800000598, 39.03248999995739], [-121.27139000006747, 39.0325560000773], [-121.27144600014397, 39.03261599975216], [-121.27177699968176, 39.033137999798406], [-121.27191800014708, 39.033325000240445], [-121.27199500013998, 39.03338499996029], [-121.27219900035448, 39.03345700025455], [-121.27233300024876, 39.03352300016918], [-121.27262199995378, 39.03376500002647], [-121.27304399972816, 39.03418300011175], [-121.27343600026364, 39.03402800033015], [-121.2738279999008, 39.03387400013842], [-121.2738920003732, 39.03385799986365], [-121.27421299986527, 39.03400300004092], [-121.27483200018148, 39.03413799996258], [-121.27562800004966, 39.034200000238144], [-121.27582100039352, 39.034214999812754], [-121.27632699983351, 39.03435199987335], [-121.27638600028304, 39.03436800003627], [-121.27693500027905, 39.03451700024572], [-121.27706300032557, 39.034512999864894], [-121.27757600033655, 39.03449599981374], [-121.27808799962432, 39.03447999967981], [-121.27833600021974, 39.03447099969008], [-121.27837800005253, 39.03447500007333], [-121.27924599989078, 39.03456900029172], [-121.2794180003182, 39.0345880001648], [-121.27953299994596, 39.03461799984381], [-121.2795859996494, 39.034632000108296], [-121.28056300016587, 39.03488999970153], [-121.28209899982578, 39.03522300007211], [-121.28282100007414, 39.03550300034479], [-121.28353300027678, 39.03574199999145], [-121.28484999965355, 39.035952000327605], [-121.28598199998073, 39.03613400011411], [-121.28850199982985, 39.03653800025767], [-121.28898499970359, 39.036631999825154], [-121.29021300029025, 39.03686999995241], [-121.29098800024205, 39.03743100017068], [-121.29141199966627, 39.03780899966427], [-121.29169299987366, 39.03869399997218], [-121.29189799991309, 39.039668999978396], [-121.2919980003705, 39.04014499990415], [-121.29224000021985, 39.04128900003706], [-121.29273999981203, 39.0426980002303], [-121.29286000036095, 39.04295599967588], [-121.29333200036403, 39.04396899976064], [-121.2937159996053, 39.044323000211136], [-121.29414999997357, 39.04463600034584], [-121.29501600016195, 39.04493899996646], [-121.29595199977226, 39.04546299990662], [-121.29628499985817, 39.045649000061026], [-121.2966170001192, 39.04583499972569], [-121.29841300007011, 39.04659400020078], [-121.2995899997048, 39.047283000284736], [-121.30009100002025, 39.04739900003783], [-121.30023999998318, 39.04743399994397], [-121.3009949998435, 39.04743699985539], [-121.30124000006587, 39.047438000290924], [-121.30234399990564, 39.047828999974634], [-121.30267500034175, 39.04832799999929], [-121.30321699976676, 39.04982499985055], [-121.30323500020842, 39.0498909998239], [-121.30352100043865, 39.05092900010823], [-121.30404000029745, 39.0518299996991], [-121.30449600040701, 39.05246500020938], [-121.30525999958985, 39.052833000083545], [-121.30576799957797, 39.05290900012956], [-121.30599199988396, 39.05294299973816], [-121.3070430000203, 39.052897999678216], [-121.30916399966122, 39.05255900021175], [-121.31121599970515, 39.052073000008505], [-121.31155200016416, 39.051992999671704], [-121.31209000028949, 39.05176600019337], [-121.31354800013159, 39.05115499980107], [-121.3152379997773, 39.05004900018612], [-121.31526799991452, 39.05003099998611], [-121.31536199962585, 39.04997999985949], [-121.31539299958798, 39.04996300004162], [-121.31549800006829, 39.04993500000443], [-121.31570700030566, 39.049881000001044], [-121.31581600008562, 39.049866999967556], [-121.31585200007062, 39.04986200005463], [-121.31592700041368, 39.04985299993134], [-121.31736299961617, 39.04967300001549], [-121.31742299989064, 39.0496659999785], [-121.31791599981014, 39.04934299990851], [-121.31853000010345, 39.04926099984571], [-121.31855400039291, 39.04925800001177], [-121.31900299993146, 39.04888699979833], [-121.31932400032186, 39.048826000268654], [-121.3194139998352, 39.04877400025061], [-121.3195960003084, 39.048668999681595], [-121.31983200030994, 39.04845299973435], [-121.32008900022791, 39.047289000120266], [-121.32030799961271, 39.04617900024558], [-121.32032900042742, 39.046024000267366], [-121.32033299972706, 39.04599399984972], [-121.3201260000378, 39.04572699968746], [-121.32024099966556, 39.0453810002231], [-121.32047599984217, 39.044942999757076], [-121.32061599958426, 39.044613999655006], [-121.32072100006457, 39.04436899993446], [-121.32098700020337, 39.04410199990931], [-121.32108599993754, 39.044048000330285], [-121.32115999955741, 39.04400799981445], [-121.32123300025066, 39.04396899976064], [-121.3214320004423, 39.04386099966028], [-121.3216309997356, 39.04375300009252], [-121.3230119995848, 39.0430049996913], [-121.32352700014393, 39.04283400008796], [-121.32373200018336, 39.042830999981014], [-121.32401099984261, 39.04290800012622], [-121.32599400028958, 39.043904000320815], [-121.32672599968537, 39.044069999802005], [-121.32705000044879, 39.044113000335315], [-121.32737599996368, 39.04415600014475], [-121.3283040000764, 39.04409599980308], [-121.32900000038548, 39.04392700032264], [-121.32911699966301, 39.04389899998573], [-121.32960000043508, 39.04371200031672], [-121.33124499987495, 39.0428179997489], [-121.33162300016676, 39.04247900004267], [-121.33187900025978, 39.042249999668385], [-121.33213500035282, 39.0420209999472], [-121.33215899974395, 39.04199899983741], [-121.33239999976836, 39.04178299972762], [-121.33264199961769, 39.0415680001738], [-121.33302300028251, 39.04122800022546], [-121.33340400004901, 39.04088800003635], [-121.33401599979422, 39.040340000047124], [-121.33462900026262, 39.039792999839904], [-121.33505799970972, 39.03940999984134], [-121.33548799988, 39.039026000002906], [-121.33574899999594, 39.03879200029905], [-121.33619500005977, 39.038717000274666], [-121.33630600038785, 39.03869800011631], [-121.33641599999271, 39.03867899995285], [-121.33658300039727, 39.03865100032698], [-121.33703799978362, 39.03854000018069], [-121.33711200030179, 39.03852199983879], [-121.33718699974655, 39.038503000325754], [-121.33734400010538, 39.038406000161494], [-121.33735400015114, 39.03840000026926], [-121.33741900044846, 39.038348000251425], [-121.33748899987033, 39.03830100022922], [-121.33751999983247, 39.03827500018866], [-121.33760299967317, 39.03819000023085], [-121.33777599992551, 39.03813499975217], [-121.33780699988765, 39.038122000051416], [-121.33789999977408, 39.03808499997759], [-121.33797000009427, 39.03803699990955], [-121.33800400042948, 39.03801400008342], [-121.33808100042235, 39.037975000209464], [-121.33829999980716, 39.03791299975726], [-121.33846999968648, 39.03785500014027], [-121.33863299989308, 39.03778499988946], [-121.33869300016755, 39.03776500030345], [-121.3388039995973, 39.037728999918016], [-121.33888700033631, 39.037696999715], [-121.33901500038282, 39.03765500003714], [-121.33930699956258, 39.03754299984382], [-121.33939500032443, 39.03751999985689], [-121.3394859996627, 39.03750299983138], [-121.33962499957987, 39.03749699986247], [-121.3397650002203, 39.037505000286096], [-121.33980700005309, 39.037491999771675], [-121.33996799971155, 39.03741900022007], [-121.34008499988742, 39.037361000197585], [-121.34020899973598, 39.037310999875324], [-121.34032300043712, 39.03725699998991], [-121.34040700010269, 39.037172000202965], [-121.34050099981403, 39.037093000317554], [-121.34057399960896, 39.03704799992821], [-121.34068900013501, 39.03698799982963], [-121.34079799991494, 39.03689699969924], [-121.34081600035661, 39.036882999883495], [-121.34102499969568, 39.03674099970147], [-121.34121999968934, 39.036643000018735], [-121.34134699991095, 39.036598999931854], [-121.34146900010968, 39.036546999984154], [-121.34148199963015, 39.03653900014984], [-121.34191000015063, 39.03647799972608], [-121.34196500040221, 39.03647099977708], [-121.34227500002363, 39.03641500015975], [-121.34249900032962, 39.036368000247336], [-121.34291500025621, 39.0362799997037], [-121.34317700019704, 39.03619699993097], [-121.34359099957553, 39.03606699994818], [-121.34528199994443, 39.03553899977103], [-121.34876099986835, 39.03445400032662], [-121.34990999991398, 39.033745000000486], [-121.35018199990056, 39.03357600018284], [-121.35029300022862, 39.03350799974994], [-121.35067700036817, 39.0332710001002], [-121.35168999997134, 39.0326460002683], [-121.35386500003895, 39.031302999786426], [-121.35838300040362, 39.030213000295035], [-121.3587830004367, 39.03022600005508], [-121.35910499975368, 39.030417999722275], [-121.35929200024974, 39.03101299991773], [-121.35985299994131, 39.03168199992177], [-121.36038000019597, 39.032310999713154], [-121.36118500028503, 39.032600999838216], [-121.36327499996379, 39.03219900012115], [-121.3635190003613, 39.032152000195886], [-121.364259000153, 39.03200900032004], [-121.36430099998579, 39.03201699996942], [-121.36441099959065, 39.03199400027727], [-121.36479200025546, 39.031914000227935], [-121.36487000007325, 39.031898000207235], [-121.36502300023413, 39.03186600015491], [-121.36512699999119, 39.03184399967439], [-121.36525800041078, 39.03181700009032], [-121.36564300037526, 39.03174300029866], [-121.36597899993592, 39.03154199968131], [-121.36636600044852, 39.03131200017961], [-121.36717700038534, 39.03082900025503], [-121.36798900014706, 39.03034499984123], [-121.36807299981264, 39.03029500013728], [-121.37238000029015, 39.027730000185116], [-121.37305700033266, 39.02706499986465], [-121.37447699964162, 39.02567500006202], [-121.3745889997946, 39.02556399977185], [-121.3749250002536, 39.02523500015762], [-121.3750380002315, 39.02512599998167], [-121.37524999994362, 39.02491899974831], [-121.37576700015258, 39.02384399989083], [-121.37606699972821, 39.02322199998782], [-121.37707199983377, 39.021013999835084], [-121.37832100033684, 39.0204989997184], [-121.37969799998807, 39.01993299985728], [-121.38068200017727, 39.01952800027807], [-121.38363600039462, 39.018313000184385], [-121.38462100040871, 39.01790899985699], [-121.38478700009007, 39.01784099970622], [-121.38508900021387, 39.01771799987291], [-121.38518799994806, 39.01752800023197], [-121.38527199961366, 39.017369000264935], [-121.38581300011205, 39.01634799992061], [-121.38492799965707, 39.01574400024317], [-121.38459700011927, 39.01551799965225], [-121.38454799971548, 39.01449500009309], [-121.38827000021193, 39.01449500009309], [-121.38890000039879, 39.01366499971325], [-121.38922599991372, 39.013299000080465], [-121.38971600035849, 39.01275399973922], [-121.39102400041277, 39.01203300015379], [-121.39295900028085, 39.0108239998522], [-121.39521999966387, 39.01045399982874], [-121.39554400042725, 39.010237000067185], [-121.39650900034988, 39.00964400005731], [-121.39685900015425, 39.00946100019458], [-121.3968909999413, 39.009152000347136], [-121.3969040003601, 39.00903499965272], [-121.39690199981196, 39.00893199993126], [-121.39691299968261, 39.00874600016268], [-121.3969279997512, 39.008510999740714], [-121.39694399964475, 39.008428000168486], [-121.3969689997591, 39.008394000080145], [-121.39696000043656, 39.00837300026377], [-121.3969679999342, 39.00833200020542], [-121.39700100044446, 39.0082480001308], [-121.39706500001857, 39.00800600017264], [-121.39744800033321, 39.00667599987879], [-121.39764800034975, 39.005988000001814], [-121.39765900022041, 39.00588800031095], [-121.39781999987889, 39.00581799981496], [-121.39793500040493, 39.005757999733575], [-121.39797899988756, 39.005745999990445], [-121.39801900007052, 39.00573000032972], [-121.39805699970536, 39.00570899972251], [-121.39826099991984, 39.00562599965471], [-121.39829699990487, 39.00560400008298], [-121.39845500008862, 39.00552899974641], [-121.39850000029445, 39.005522000222854], [-121.39870699998367, 39.00544899976519], [-121.39892399971866, 39.00538799973612], [-121.39951000042291, 39.00518000001983], [-121.39958599969258, 39.00513900020495], [-121.39966600005853, 39.00510200031755], [-121.39970799989132, 39.00508700015015], [-121.39994399989287, 39.004973999671115], [-121.40001500003798, 39.00492800013488], [-121.40014999975718, 39.00482899998432], [-121.40018800029033, 39.004809000148605], [-121.40029100022247, 39.004736999995224], [-121.40036400001742, 39.00469300029198], [-121.40066699996613, 39.00447200032159], [-121.40079699966248, 39.004369999887636], [-121.4009389999527, 39.00422899966147], [-121.40100599989984, 39.004135999937766], [-121.40108200006782, 39.00404599975098], [-121.40112600044874, 39.00398400025379], [-121.40121900033519, 39.00390500027523], [-121.40127700006148, 39.003850000344165], [-121.40138500001652, 39.00378300029417], [-121.40150999969, 39.0037399996556], [-121.40164500030751, 39.00372200022472], [-121.40173300017108, 39.003700000060874], [-121.40200299960951, 39.00365100002044], [-121.40206899973172, 39.00363000019214], [-121.40213900005195, 39.00358300012176], [-121.4022150002199, 39.00354299974017], [-121.40228800001485, 39.00349899999245], [-121.40239099994702, 39.003428999924836], [-121.40257900026798, 39.00327199970082], [-121.40262399957554, 39.00321000022336], [-121.40270800013941, 39.003124000317825], [-121.40280100002583, 39.00300199968798], [-121.4028189995692, 39.00296900015094], [-121.40287299999586, 39.00291099978502], [-121.4029609998594, 39.002829000293836], [-121.40301000026322, 39.002768000099906], [-121.40306700016463, 39.00271200031047], [-121.40319699986097, 39.00261099980522], [-121.40325299993748, 39.00255400021674], [-121.40359799971897, 39.00226799981239], [-121.40363299987905, 39.00224500021542], [-121.40367200023711, 39.00222600002667], [-121.40380799978122, 39.00213000002393], [-121.40391599973628, 39.002062000059524], [-121.40399199990424, 39.00202099983376], [-121.40411599975283, 39.00197400009069], [-121.40415400028596, 39.001954000145965], [-121.40465600042629, 39.00177599976056], [-121.40469200041132, 39.001753000003646], [-121.40493900028352, 39.0016590001301], [-121.40497600009344, 39.00163700002283], [-121.4051779997598, 39.00155100029947], [-121.40532300042307, 39.00146200000485], [-121.40539000037023, 39.00141299981055], [-121.4054659996399, 39.00137199990686], [-121.40602100038197, 39.00094800030958], [-121.40611599991821, 39.00087000012999], [-121.40621899985038, 39.00075299969936], [-121.40625900003336, 39.000688000307356], [-121.4063040002392, 39.00062599996169], [-121.40634000022422, 39.00056099975489], [-121.40635100009486, 39.000527000074015], [-121.40638500043005, 39.00046100007198], [-121.4064530002021, 39.00037600002092], [-121.4064659997226, 39.00027499967145], [-121.40646999992055, 39.000237000325185], [-121.40633199982831, 39.00016499970743], [-121.40649900023287, 38.999991999659215], [-121.40657799987558, 38.999908000153106], [-121.40658999957114, 38.999894999705354], [-121.40671199976988, 38.99976799982383], [-121.40730699979665, 38.99937399966437], [-121.40789400032578, 38.999049999685965], [-121.4121189998892, 38.99899300002112], [-121.4145690003164, 38.99847200031978], [-121.41478699987628, 38.99841800008711], [-121.41476500013498, 38.997103999875], [-121.41477900037869, 38.996452000245185], [-121.41462500039289, 38.99601400025791], [-121.4146339997154, 38.99583600028854], [-121.41465100033217, 38.99553899965266], [-121.41465200015706, 38.99530499981819], [-121.41465399980692, 38.995127999939605], [-121.41466600040079, 38.994964000276255], [-121.41469200034004, 38.9944900000917], [-121.41479600009711, 38.992577999880204], [-121.41481500036369, 38.99224200026452], [-121.41484299995277, 38.99194099990881], [-121.41484600032585, 38.99190499992672], [-121.41483999957974, 38.99113300009272], [-121.41483100025721, 38.988712000069846], [-121.41482899970909, 38.98827399965909], [-121.4148220000364, 38.98790799992504], [-121.41481799983842, 38.987688999665664], [-121.41481000034084, 38.98704200004622], [-121.4148089996176, 38.98684700021744], [-121.41480600014285, 38.986828999980574], [-121.41480399959471, 38.98671700026591], [-121.41478699987628, 38.98564199997671], [-121.41473400017284, 38.98208399984497], [-121.4147169995561, 38.98089899984865], [-121.41471599973117, 38.98060500003345], [-121.41471400008136, 38.97972300024645], [-121.41472300030217, 38.97944799976275], [-121.41471400008136, 38.9794289997381], [-121.41470900005847, 38.97919799972933], [-121.41470999988339, 38.97904800026325], [-121.41472499995201, 38.9779060000362], [-121.41473099979979, 38.97752600007655], [-121.41473099979979, 38.97749199980431], [-121.41473199962468, 38.97739000028644], [-121.41473199962468, 38.97735699997963], [-121.41473099979979, 38.97722399996277], [-121.4147299999749, 38.97711899995672], [-121.41472699960184, 38.97641300032965], [-121.41472699960184, 38.9761790001168], [-121.41472499995201, 38.976130999923846], [-121.4147169995561, 38.975268000026084], [-121.41469499981478, 38.972540999869636], [-121.414688999967, 38.97163300010743], [-121.41468700031717, 38.97146500002898], [-121.41468499976905, 38.970963999861], [-121.4146830001192, 38.97079799983918], [-121.41468399994412, 38.97075100031351], [-121.41468499976905, 38.97073400029906], [-121.41469099961681, 38.97019900026601], [-121.41467899992125, 38.96956099992532], [-121.41466700022568, 38.968901999768704], [-121.41465499963184, 38.965848000091135], [-121.41465100033217, 38.964611999854874], [-121.4146460003093, 38.96456199978141], [-121.4146339997154, 38.964413999776255], [-121.41463100024068, 38.96436599999132], [-121.41462299984475, 38.96331100021675], [-121.41460199992835, 38.960148999655694], [-121.41459500025567, 38.9591700001888], [-121.41459500025567, 38.959095999831916], [-121.41459100005773, 38.9590510001057], [-121.41458500020993, 38.958979000204984], [-121.4145480004, 38.95893499999675], [-121.41452199956242, 38.9589020001719], [-121.41450200036924, 38.95887300010151], [-121.41437500014766, 38.958491999711995], [-121.4143790003456, 38.958241999749504], [-121.41440299973674, 38.9570239996772], [-121.41442799985109, 38.95618400019611], [-121.41444999959239, 38.95549900020939], [-121.41444999959239, 38.955464000200514], [-121.41445399979034, 38.95536100005421], [-121.41445499961526, 38.95532700031894], [-121.41446100036137, 38.954769000237306], [-121.41448200027777, 38.95309799989972], [-121.41448899995045, 38.952541000113555], [-121.41448899995045, 38.95250100022884], [-121.41448700030064, 38.95176699994326], [-121.41448300010266, 38.949448000292364], [-121.41448200027777, 38.94867500031543], [-121.41448099955453, 38.9486600000671], [-121.41447999972964, 38.948615000001745], [-121.41447899990472, 38.948599000002645], [-121.41441600015553, 38.94122700019164], [-121.41441299978247, 38.940850000051384], [-121.41441000030774, 38.94043800025981], [-121.41439699988895, 38.939093999716604], [-121.41439500023913, 38.93864599969718], [-121.4143940004142, 38.938556000100455], [-121.4143940004142, 38.93829199992582], [-121.41439500023913, 38.938205000232585], [-121.4143940004142, 38.9380429998688], [-121.41439600006404, 38.937557000050546], [-121.41439699988895, 38.9373960001987], [-121.41439600006404, 38.937329000143926], [-121.41439699988895, 38.93515799976935], [-121.41439699988895, 38.93127499986827], [-121.41439799971387, 38.93018600023844], [-121.41439799971387, 38.928448999717844], [-121.41439900043707, 38.926249999978786], [-121.41439900043707, 38.926214000151035], [-121.41443000039921, 38.92622700014915], [-121.41454599985188, 38.926280000170735], [-121.414584000385, 38.92629799972072], [-121.41462399966967, 38.926214000151035], [-121.41609800030359, 38.92621999977415], [-121.42052299988354, 38.92624599976585], [-121.42093899981016, 38.92624899992557], [-121.42199900016735, 38.926257999705065], [-121.42796100013044, 38.926222999934964], [-121.43808099970975, 38.926166999707796], [-121.44584799984457, 38.92612300009726], [-121.45178200021857, 38.926089999672655], [-121.45181099963257, 38.92608900031605], [-121.45290000030204, 38.92607899976064], [-121.4561699999886, 38.92604800012651], [-121.45725999958468, 38.926039999677684], [-121.45761600013512, 38.92603900032038], [-121.45868499981484, 38.92603500009554], [-121.45904200019018, 38.92603500009554], [-121.45985899997478, 38.92603199992682], [-121.46231199987673, 38.92602500023139], [-121.46313100020947, 38.92602500023139], [-121.46437499979133, 38.926017999836446], [-121.4681099998083, 38.92599800010194], [-121.46825399974831, 38.92599700004518], [-121.46935599993827, 38.92599199976119], [-121.46935900031134, 38.92463599988382], [-121.46936699980893, 38.92057100029993], [-121.46937199983182, 38.91921800000945], [-121.46938000022774, 38.91842499989365], [-121.46940899964171, 38.9160479998885], [-121.4694200004107, 38.91525600020282], [-121.46942299988544, 38.91505699973783], [-121.46944499962675, 38.91340599987908], [-121.46952099979472, 38.90785699997946], [-121.46954000006131, 38.90655699993257], [-121.46954799955891, 38.906008000075154], [-121.46953199966536, 38.90419100002177], [-121.4694839999848, 38.89874499990133], [-121.4694699997411, 38.896946999715745], [-121.4694689999162, 38.896930999945994], [-121.46946800009128, 38.89676599970711], [-121.46950200042646, 38.89379599976875], [-121.46953599986335, 38.89083600001441], [-121.4695459999091, 38.890005999675836], [-121.46960799983337, 38.88439099965259], [-121.46962999957468, 38.88241999995671], [-121.46964399981837, 38.88125699981234], [-121.46964399981837, 38.8812330000995], [-121.46964399981837, 38.88116400018075], [-121.4696449996433, 38.88114099972676], [-121.46966899993274, 38.87848200028182], [-121.46973400023006, 38.871636000278436], [-121.46974400027582, 38.87050799987177], [-121.46977000021506, 38.867872999889784], [-121.46977000021506, 38.86785100020659], [-121.46979600015435, 38.86625000034588], [-121.46984800003288, 38.86311100013916], [-121.4698499996827, 38.863002999672965], [-121.46985100040591, 38.86289499974216], [-121.46985200023083, 38.86282600020565], [-121.46985300005575, 38.86275599965453], [-121.4698699997742, 38.86148800030419], [-121.4698699997742, 38.86144899971144], [-121.4698980002616, 38.85984900007007], [-121.46990400010937, 38.859544999677674], [-121.46992400020086, 38.85863299979634], [-121.46993099987357, 38.858330000112076], [-121.4699350000715, 38.85741299982068], [-121.46994900031521, 38.85466200005417], [-121.469955000163, 38.853745999712096], [-121.46996299966061, 38.852206000286685], [-121.46998899959986, 38.84758599994716], [-121.4699979998207, 38.846110000200404], [-121.4699979998207, 38.8460469998711], [-121.4699330004217, 38.84565799974471], [-121.46973900025293, 38.844490999897396], [-121.46967499978052, 38.844103000169845], [-121.46968800019931, 38.843327999786126], [-121.46967499978052, 38.843295999884916], [-121.46969099967406, 38.843124999994], [-121.46968099962832, 38.84306199982013], [-121.46969900006995, 38.842878000203456], [-121.4697099999406, 38.8417470002271], [-121.46969099967406, 38.84167000030382], [-121.46969999989487, 38.84148599988622], [-121.46971900016145, 38.841417999717955], [-121.46971199959046, 38.84116999974719], [-121.46971300031366, 38.84065200030982], [-121.46972599983414, 38.840080000083695], [-121.4697080002908, 38.84000400032413], [-121.46970699956756, 38.839972000327435], [-121.46971499996349, 38.83990900016064], [-121.46970099971979, 38.83984099988477], [-121.46971699961333, 38.83965700033527], [-121.46972500000925, 38.83897299970942], [-121.46972800038228, 38.83872399972744], [-121.46975400032156, 38.838702000122694], [-121.46972699965903, 38.83868400005938], [-121.4697159997884, 38.838426999941525], [-121.4697230003594, 38.83825600024467], [-121.46971300031366, 38.8382059999774], [-121.46972400018433, 38.83804799979759], [-121.46973800042804, 38.83727399984482], [-121.46973500005498, 38.837066000026255], [-121.46971999998635, 38.836890000296954], [-121.46973800042804, 38.836859000212115], [-121.46971800033653, 38.836682999970954], [-121.46972099981127, 38.83657100029054], [-121.4697459999256, 38.836457999815906], [-121.46974099990274, 38.835948999695404], [-121.4697459999256, 38.83530000033397], [-121.46975299959833, 38.835129000120936], [-121.46973900025293, 38.8351019997183], [-121.46975900034441, 38.83493999988624], [-121.46976000016933, 38.83384500018971], [-121.4697459999256, 38.8336959997392], [-121.46976699984204, 38.83365200021339], [-121.46975400032156, 38.83351199969642], [-121.46973800042804, 38.83347099993774], [-121.4697650001922, 38.83274100000745], [-121.46976299964406, 38.83259699990783], [-121.46977699988777, 38.83226899975964], [-121.46976699984204, 38.83212400012548], [-121.46977400041304, 38.83200699966482], [-121.46975599997138, 38.83192999969932], [-121.46975400032156, 38.83177300026591], [-121.46978799975841, 38.831728000266395], [-121.46978000026083, 38.83170999983874], [-121.4697790004359, 38.83161399981374], [-121.46977799971269, 38.83079499997845], [-121.46976299964406, 38.83061900013716], [-121.46978799975841, 38.830479999954996], [-121.46977600006285, 38.83024599973508], [-121.46978100008572, 38.82913700031023], [-121.4697929997813, 38.82897500019812], [-121.4697850002837, 38.82871800001118], [-121.46980200000212, 38.82868699986604], [-121.46979699997928, 38.82865999981892], [-121.46979100013147, 38.828083000303636], [-121.46980000035231, 38.827732000113095], [-121.46978799975841, 38.827042000047015], [-121.46980500037517, 38.82586199986336], [-121.4698210002687, 38.8256910000712], [-121.46980899967483, 38.825442999884416], [-121.46982200009361, 38.825411999712834], [-121.4698279999414, 38.824420999780244], [-121.46980899967483, 38.82427899982531], [-121.46980399965196, 38.8242450002771], [-121.46975500014648, 38.82413600019567], [-121.46972699965903, 38.82404099984729], [-121.469730999857, 38.82400999976514], [-121.46970200044301, 38.82377499987729], [-121.46971099976552, 38.82255399968889], [-121.46970099971979, 38.822504000289044], [-121.4697080002908, 38.82232000001157], [-121.46969200039727, 38.8221260001626], [-121.46971400013858, 38.8220850001449], [-121.46971300031366, 38.820890999875765], [-121.4697290002072, 38.82071100018766], [-121.46971499996349, 38.82062100017298], [-121.46972400018433, 38.82046400029504], [-121.46970400009282, 38.8192469999629], [-121.4697099999406, 38.81910299986395], [-121.46970499991774, 38.81896800025037], [-121.4697080002908, 38.818828000251166], [-121.46972500000925, 38.81879699999915], [-121.46971900016145, 38.81871500030603], [-121.46971300031366, 38.81822000034116], [-121.46971699961333, 38.817701999757816], [-121.4696930002222, 38.81756600010434], [-121.46972599983414, 38.81738199966582], [-121.46969800024503, 38.817228000211415], [-121.46969400004711, 38.81712500032683], [-121.46971400013858, 38.81597200024548], [-121.46968700037439, 38.815898999863926], [-121.46968599965116, 38.815786999679574], [-121.46968999984914, 38.81575499999452], [-121.46968400000135, 38.815623999777806], [-121.46968700037439, 38.81548899986875], [-121.46969999989487, 38.815458000263064], [-121.4696799998034, 38.814772999956816], [-121.46965600041224, 38.81476400004995], [-121.46963999962043, 38.814747999979424], [-121.46961200003132, 38.813195000306585], [-121.46961700005419, 38.81180700011572], [-121.4696379999706, 38.807651999773945], [-121.4696449996433, 38.806554000078705], [-121.46964800001635, 38.80626800005021], [-121.4697080002908, 38.80515500025879], [-121.46988800021586, 38.80181899998902], [-121.46994599994215, 38.800763000146134], [-121.46994199974421, 38.80070699972814], [-121.46987800017013, 38.799604999775646], [-121.46968900002422, 38.79629899988821], [-121.46962799992484, 38.795198999980876], [-121.46962700009995, 38.79510000034672], [-121.46962399972686, 38.7948069998317], [-121.46962399972686, 38.79470900015766], [-121.4696179998791, 38.79406999971535], [-121.46960299981049, 38.79215500010549], [-121.46960000033576, 38.79172200002863], [-121.46961700005419, 38.791518000271054], [-121.46962200007708, 38.79144800028838], [-121.4696389997955, 38.79123799992784], [-121.4696449996433, 38.79116900022445], [-121.46964899984127, 38.79112600018273], [-121.46965700023716, 38.79056399979283], [-121.46968300017645, 38.78874899989911], [-121.4696930002222, 38.78814399993542], [-121.469694999872, 38.78800299967836], [-121.46968800019931, 38.78754900018903], [-121.46966100043514, 38.785766999654335], [-121.46965300003922, 38.78518500027313], [-121.46965300003922, 38.78517300031528], [-121.46964999966616, 38.78500300011235], [-121.46966100043514, 38.78426400026541], [-121.46970300026793, 38.781536999911076], [-121.46971800033653, 38.78062899972839], [-121.46973400023006, 38.77916300002265], [-121.46978199991064, 38.77476600015689], [-121.46979799980417, 38.7733759999039], [-121.46979799980417, 38.77336500016367], [-121.46979799980417, 38.77330099979516], [-121.46979100013147, 38.77097899974567], [-121.46977799971269, 38.76610300013617], [-121.46977500023796, 38.764817000101864], [-121.4697729996898, 38.76401499975309], [-121.46976699984204, 38.76169400032291], [-121.46976699984204, 38.761634999931395], [-121.46977600006285, 38.75967300004173], [-121.46980500037517, 38.75361700032177], [-121.4698079998499, 38.753009999985544], [-121.46980299982704, 38.75193899972906], [-121.46975299959833, 38.75160299975762], [-121.47132400031664, 38.75157500021406], [-121.47615300012764, 38.75149100011629], [-121.47776300030573, 38.75146499994923], [-121.4778069997883, 38.751464000239], [-121.47803399956906, 38.75146099970711], [-121.47815300029305, 38.75145799987568], [-121.47899900038998, 38.751445000137615], [-121.47932499990489, 38.751433999818474], [-121.47971599971716, 38.75142199978687], [-121.48001399964296, 38.75141800024293], [-121.48038799973678, 38.75141399999817], [-121.48240700016878, 38.75139299976052], [-121.48306599976961, 38.751387999803065], [-121.48308000001332, 38.75138700009181], [-121.48315299980825, 38.75138499996857], [-121.48320999970967, 38.751382000133944], [-121.48359999969702, 38.75137500005225], [-121.48363599968202, 38.75137400034082], [-121.48373100011658, 38.7513720002172], [-121.48387199968356, 38.75137099980514], [-121.48407500007316, 38.75137099980514], [-121.48429799965591, 38.75136000017519], [-121.48443999994613, 38.75135399980312], [-121.48443999994613, 38.75102700013042], [-121.48444099977105, 38.75004799999214], [-121.48444199959597, 38.74972199967639], [-121.48444099977105, 38.74948400008748], [-121.48444099977105, 38.74877300000732], [-121.48444099977105, 38.748532000102664], [-121.48443699957308, 38.748145000024515], [-121.48443300027344, 38.74747500015062], [-121.4844290000755, 38.746974999755416], [-121.48442700042565, 38.74658399983005], [-121.48442599970242, 38.74633300032091], [-121.48442400005263, 38.74596499969664], [-121.48440499978605, 38.74360899969566], [-121.48439899993826, 38.73784399977234], [-121.48439599956521, 38.734598000215286], [-121.48427900028767, 38.73459099988955], [-121.4823310000008, 38.734479000190056], [-121.47613800005902, 38.73412400023226], [-121.4740740003195, 38.73400600007273], [-121.47394299989995, 38.73398800018571], [-121.47355100026279, 38.7339349997522], [-121.47342099966812, 38.73391799980317], [-121.47335000042132, 38.733912000067484], [-121.47313799981092, 38.73389400015672], [-121.47306800038903, 38.73388799971832], [-121.47294899966504, 38.73387400032844], [-121.47263499984567, 38.73383999969652], [-121.47259399983777, 38.73383499991137], [-121.47247599983702, 38.733822999724815], [-121.4723210000263, 38.73381200019445], [-121.4720180000776, 38.73378999972708], [-121.47129699965414, 38.733736999847416], [-121.46776099982881, 38.733479000294615], [-121.4665830003692, 38.73339300000305], [-121.46655700042993, 38.733391000076494], [-121.46478499987015, 38.7332940000688], [-121.45939100016965, 38.73300000004997], [-121.45759400039381, 38.73290300021203], [-121.45756500008152, 38.73290100027181], [-121.45699699981894, 38.732864999936226], [-121.45520900026398, 38.73275199966042], [-121.4546359999785, 38.732716999923255], [-121.4546130004123, 38.732715999950514], [-121.4539659996087, 38.73267499965535], [-121.45202800026584, 38.732553000005296], [-121.45138200018549, 38.73251300029288], [-121.45066999998285, 38.73246500004787], [-121.44853699974807, 38.732323999754755], [-121.44823200014955, 38.73230300020914], [-121.44782600026868, 38.7322770000624], [-121.44761899968113, 38.73226299965603], [-121.44700100008816, 38.73222299978127], [-121.44679500022383, 38.732210000044915], [-121.44675800041394, 38.732208000085244], [-121.44574499991242, 38.732141999983824], [-121.44259700042461, 38.731937000129264], [-121.44154799993808, 38.7318689998083], [-121.44104800034592, 38.7318370002944], [-121.43955000032084, 38.73174100026515], [-121.43905099965522, 38.73170899999315], [-121.43794000014276, 38.731635000228984], [-121.43460699980871, 38.73141399976675], [-121.43349700012115, 38.731340999689], [-121.43300900022454, 38.73130699995369], [-121.43154600035953, 38.73120799993154], [-121.43105900028782, 38.731175000127244], [-121.4309930001656, 38.731171000149935], [-121.43073899972238, 38.73115300024926], [-121.42978300002059, 38.73108799986938], [-121.42946400017836, 38.731066999960376], [-121.42759100023457, 38.73095200034943], [-121.42197599970278, 38.730606999705], [-121.42010399958392, 38.73049300005816], [-121.41828599989171, 38.73037800022398], [-121.41283399956654, 38.730034000321695], [-121.41101699969923, 38.72991999976048], [-121.40936499968836, 38.72979700029713], [-121.40441100020391, 38.729430999992054], [-121.40276000001796, 38.7293089997073], [-121.40168499959218, 38.72922800010963], [-121.39846199976131, 38.72898600008988], [-121.39778399989389, 38.728936000226916], [-121.39738800005875, 38.72890600015214], [-121.39732799978431, 38.728902000047796], [-121.39640200021974, 38.72884800001861], [-121.39431500001572, 38.72872700016842], [-121.39344700017747, 38.728676000094836], [-121.39246200016339, 38.728618999804674], [-121.3903010003395, 38.72845400025743], [-121.38975999984109, 38.72841300031936], [-121.38885900039092, 38.72834500014795], [-121.38381799996951, 38.727960000069544], [-121.3816579999705, 38.72779599974277], [-121.38004500031771, 38.72767300012663], [-121.37520599956267, 38.72730600010469], [-121.37364999981126, 38.72718799989575], [-121.37359299990986, 38.72718399969521], [-121.37179100011117, 38.72704600034803], [-121.36638499981679, 38.72663300006433], [-121.36458399984299, 38.72649599971273], [-121.36397799994559, 38.726455000052646], [-121.36216199990321, 38.726333999653725], [-121.3621140002226, 38.726331000168265], [-121.36166300013592, 38.72630099970047], [-121.3615569998307, 38.72629199983801], [-121.36076299961232, 38.72622599987752], [-121.36046300003667, 38.726200999685375], [-121.35838000003056, 38.72606800017034], [-121.35764600008665, 38.72602199993268], [-121.3575859998122, 38.72601799966686], [-121.35739900021444, 38.72600600026965], [-121.35684099999762, 38.72596999996352], [-121.35682000008121, 38.72596899989635], [-121.35665500022479, 38.72595899992476], [-121.35648399962224, 38.7259479998843], [-121.35597099961126, 38.72591499975282], [-121.35579999990703, 38.72590399970559], [-121.35568500027932, 38.72589699992948], [-121.35566000016495, 38.72589499979307], [-121.35535600039132, 38.72587499982779], [-121.3552400000404, 38.725868000048884], [-121.3551010001232, 38.725860000200555], [-121.35468600002152, 38.72583299974226], [-121.35344400008947, 38.725753999848244], [-121.3530299998127, 38.725728000121286], [-121.35172400030656, 38.72564599989617], [-121.3478079996413, 38.72540100013296], [-121.34650299996008, 38.72532000030964], [-121.3456590004113, 38.72526500029942], [-121.34312799979325, 38.725101000094014], [-121.34228500006937, 38.725046999995264], [-121.34120499962074, 38.724978000043336], [-121.33796599989633, 38.724770999787744], [-121.3368870001709, 38.724702999654134], [-121.32753400014745, 38.723915999995924], [-121.32750400001021, 38.72391399980406], [-121.32542100000411, 38.72379500020315], [-121.32215600034046, 38.72361100022985], [-121.31859000037791, 38.72340599972441], [-121.31817799975096, 38.7233820000507], [-121.3180480000546, 38.72337500002758], [-121.31786599958143, 38.723364000290125], [-121.31732199960828, 38.72333299987422], [-121.31714099985832, 38.723323000234565], [-121.31697500017697, 38.72331299989267], [-121.31676199974162, 38.723302000145715], [-121.3167030001904, 38.723302000145715], [-121.3164560003182, 38.7233010000412], [-121.31628300006584, 38.7233010000412], [-121.31602500032298, 38.7233010000412], [-121.31596199967548, 38.7233010000412], [-121.3157309996968, 38.723269000193845], [-121.3154849996495, 38.72323400001584], [-121.31526200006674, 38.723201000032574], [-121.31511700030178, 38.72317299986491], [-121.31508899981439, 38.72316699992767], [-121.31493599965351, 38.72313700023393], [-121.31484799978995, 38.723118000304616], [-121.31431800006054, 38.723110000148395], [-121.31308399962609, 38.723092999725885], [-121.31289600020344, 38.723076000000184], [-121.31237399997161, 38.72302899983056], [-121.31192500043305, 38.72298999980052], [-121.31145099988181, 38.722948000121725], [-121.31139099960733, 38.722943000275144], [-121.31120999985737, 38.72292800003242], [-121.31115100030615, 38.72292300018444], [-121.31101200038896, 38.722892999687396], [-121.31068900034877, 38.722875999914116], [-121.31004900011618, 38.722843999876446], [-121.30983999987879, 38.72283799991158], [-121.30929400025586, 38.7228140000471], [-121.30899399978189, 38.722802000111834], [-121.30882999975037, 38.722790000174555], [-121.30825099961716, 38.72275800009838], [-121.30823899992157, 38.72275800009838], [-121.30651400011578, 38.72266500012414], [-121.30593499998257, 38.72263500021964], [-121.3058260002026, 38.72262900023723], [-121.30549899996446, 38.72261100028698], [-121.30539100000942, 38.72260599971595], [-121.3042980000403, 38.72252899998906], [-121.30297999994029, 38.72244000018314], [-121.30223000010282, 38.72239100006152], [-121.30080800024574, 38.72229299971758], [-121.30004900018744, 38.72223900030018], [-121.29964900015436, 38.72221099975557], [-121.2994609998334, 38.7222009999589], [-121.29905499995253, 38.72204700025017], [-121.2989059999896, 38.72204399988388], [-121.29888199970019, 38.72204299976176], [-121.2988690001797, 38.72204299976176], [-121.29875799985159, 38.72204299976176], [-121.29872199986659, 38.72204299976176], [-121.29845200042817, 38.72204299976176], [-121.29770800043849, 38.72204299976176], [-121.29764499979099, 38.72204299976176], [-121.29737600017747, 38.722045000006], [-121.29718000035889, 38.722045000006], [-121.29659399965468, 38.72204700025017], [-121.296398999661, 38.72204899979337], [-121.2951740003457, 38.721888000289105], [-121.29384100017708, 38.721792000207486], [-121.29343699994604, 38.7217729999205], [-121.29304899960852, 38.721747000146735], [-121.29267500041301, 38.72172699972129], [-121.29040300026104, 38.72150100020144], [-121.29036100042825, 38.72150200033115], [-121.29030100015379, 38.721497999812286], [-121.28999800020509, 38.72148099970715], [-121.28989699992273, 38.72147599975792], [-121.28985000006708, 38.72147300006853], [-121.28971199997483, 38.7214649997282], [-121.28966599994406, 38.7214630001686], [-121.28963300033212, 38.721460999908075], [-121.28881399999936, 38.72141500020885], [-121.28857899982272, 38.72140199990762], [-121.28531400015906, 38.72114899993523], [-121.28422700003772, 38.721065999926445], [-121.28410499983897, 38.72105700010551], [-121.2837409997909, 38.721029999934885], [-121.28362000031541, 38.72102200024578], [-121.28328800005438, 38.72099799977144], [-121.28229200016963, 38.72092599970168], [-121.28196099973353, 38.72090199989592], [-121.28183199986209, 38.72090300003401], [-121.2814450002478, 38.72090599974728], [-121.28131600037638, 38.720906999885315], [-121.28130299995759, 38.720906999885315], [-121.28107399962872, 38.72088199993481], [-121.28034999973053, 38.720804000313414], [-121.2801089997061, 38.72077900032693], [-121.2800879997897, 38.720775999907396], [-121.28002699969036, 38.720769999768905], [-121.28000699959885, 38.72076800018991], [-121.2796919999546, 38.72073400032912], [-121.2787479999484, 38.720631999948914], [-121.27843400012902, 38.720599000165755], [-121.2782640002497, 38.72060000030809], [-121.27775600026162, 38.720601999891834], [-121.2775870002072, 38.720604000176344], [-121.27750099999346, 38.72060300003407], [-121.27724599972537, 38.720601999891834], [-121.27716100023483, 38.720601999891834], [-121.27683900001958, 38.72056599966653], [-121.27587499992187, 38.72045800028358], [-121.27555400042982, 38.72042300013054], [-121.27554000018614, 38.720420999840904], [-121.27549900017824, 38.7204169999624], [-121.27548599975945, 38.72041599981751], [-121.27546099964508, 38.72041300008363], [-121.27538600020036, 38.72040400018045], [-121.275361000086, 38.720401999890285], [-121.27506300016016, 38.72038199978929], [-121.27417199985737, 38.72032399974498], [-121.27387499975649, 38.72030499976857], [-121.27384499961924, 38.720302000030074], [-121.27376000012875, 38.72029699999837], [-121.27372900016661, 38.72029599985178], [-121.273497000363, 38.72028599978716], [-121.27280400042696, 38.720259000026125], [-121.27257300044829, 38.720250000103555], [-121.27243700000585, 38.72024200032714], [-121.27221100005002, 38.72023100010747], [-121.27202899957685, 38.72022100003369], [-121.27189399985761, 38.7202149998486], [-121.27175499994047, 38.72020599992048], [-121.27173800022202, 38.72020400032566], [-121.27127200006669, 38.720174000088896], [-121.271117000256, 38.7201640000072], [-121.27089200012512, 38.720147999733385], [-121.27064899955255, 38.720131000007946], [-121.27022000010545, 38.72010000029211], [-121.26999599979949, 38.7200850001535], [-121.26720300013892, 38.71988699971061], [-121.26581399989377, 38.71978900013799], [-121.26539499959411, 38.71975499981148], [-121.26521499966907, 38.7197400003013], [-121.26485499981894, 38.71971600009725], [-121.26397100008718, 38.71965899966793], [-121.26387099962979, 38.71965199998095], [-121.26349099968816, 38.719624999980454], [-121.26239799971904, 38.71954699968799], [-121.26203299984607, 38.719520999805205], [-121.26197799959449, 38.71951699987633], [-121.26181399956295, 38.71950500008826], [-121.2617600000346, 38.7195020003162], [-121.26152800023101, 38.71948599989417], [-121.2608319999219, 38.719440999783075], [-121.26060000011832, 38.71942600020698], [-121.26001900033526, 38.71939799996196], [-121.25828000028575, 38.719313999861896], [-121.25770000032763, 38.719286999733654], [-121.2576710000153, 38.719286999733654], [-121.25758700034972, 38.719296999938074], [-121.25755999968722, 38.71930200003981], [-121.25689699988841, 38.71923099982455], [-121.25490799959366, 38.7190190003219], [-121.25424499979485, 38.71894899999099], [-121.25416799980195, 38.71893899973783], [-121.25393699982327, 38.718911000002905], [-121.25385999983037, 38.718901999910514], [-121.25352099989666, 38.71888099992422], [-121.25250499992043, 38.71882099972917], [-121.25216699981162, 38.71880099988657], [-121.25029200021801, 38.718688999963774], [-121.24466900018865, 38.71835299984319], [-121.2427950004199, 38.718240999919175], [-121.24234699980795, 38.71821599973696], [-121.24216199986002, 38.71820200007967], [-121.24092300030104, 38.71806400020715], [-121.24045600032079, 38.71801300023253], [-121.2403600000613, 38.71800199966978], [-121.24002699997541, 38.71797499974677], [-121.23874099966243, 38.71787399981461], [-121.23831300004024, 38.71784100015975], [-121.23773499973193, 38.71779500023312], [-121.23606799965245, 38.71766500034138], [-121.23600200042854, 38.717660000125164], [-121.23542499994514, 38.71761500026614], [-121.23529500024878, 38.717604000343044], [-121.23525900026378, 38.71760199997451], [-121.23479899995624, 38.71760199997451], [-121.23464300032063, 38.71760199997451], [-121.23455899975673, 38.71760199997451], [-121.23430699986163, 38.71760199997451], [-121.23422300019604, 38.71760199997451], [-121.23405900016454, 38.71760199997451], [-121.23329699973318, 38.71753400002799], [-121.23312699985388, 38.717517999866224], [-121.23311299961017, 38.717517999866224], [-121.23257899968279, 38.71747000006039], [-121.22772200028272, 38.71703899984869], [-121.22763299969593, 38.7170309997129], [-121.22736699955718, 38.71700700000091], [-121.22727899969361, 38.71699899986149], [-121.22699099981354, 38.71697600033186], [-121.22614200024188, 38.716845000157406], [-121.22585900038465, 38.716802000176195], [-121.22512700009057, 38.7167529996934], [-121.22293100010656, 38.71660900003976], [-121.22265999994491, 38.71659099997506], [-121.22232400038426, 38.716568999811905], [-121.22171299956565, 38.7165290002626], [-121.22115400042222, 38.71649199988856], [-121.21801699990675, 38.71628500028411], [-121.21697199961821, 38.71621699978546], [-121.21694999987692, 38.71621500007903], [-121.21688499957956, 38.716210999965135], [-121.21648600026973, 38.716185000270585], [-121.2163439999795, 38.71617599983493], [-121.21478499985504, 38.71607399995854], [-121.2142659999963, 38.71603999996739], [-121.2135770002582, 38.71599400028349], [-121.21151199979546, 38.715859000278336], [-121.21082399988228, 38.71581399998628], [-121.21036500029798, 38.715782999799806], [-121.20898899957331, 38.71569200028257], [-121.20853099981393, 38.71566200025456], [-121.20817799963649, 38.7156390002947], [-121.20712099965239, 38.71557300030772], [-121.2067690001982, 38.71555099983129], [-121.20504699986715, 38.71544199966463], [-121.19988099977225, 38.71511700000722], [-121.19815900033949, 38.71500900010025], [-121.19728700030332, 38.714943999753025], [-121.19467200001968, 38.714751999730204], [-121.19380099980842, 38.71468800007529], [-121.19378900011283, 38.71468699985028], [-121.1937449997319, 38.71468399987593], [-121.19271000038741, 38.71460800025087], [-121.189604999659, 38.71438300017687], [-121.18857100013942, 38.71430799976121], [-121.18730999994081, 38.71420300002838], [-121.18689300018927, 38.71416899984814], [-121.18665299998979, 38.71414900010567], [-121.18542500030144, 38.71404799967352], [-121.1848749995822, 38.714002000109495], [-121.18352899989311, 38.71388999967588], [-121.18291299994993, 38.71383900022761], [-121.18290700010218, 38.71393499977733], [-121.18233700018976, 38.71390599994885], [-121.18200900012671, 38.7138890001406], [-121.18183599987435, 38.71388000011677], [-121.18166099997215, 38.71387100009181], [-121.18037700020733, 38.7137910000539], [-121.17774299965711, 38.71362700015192], [-121.17626200024877, 38.71352000033782], [-121.17561199997043, 38.713473000192025], [-121.17516799955642, 38.71344400017612], [-121.17372399995803, 38.713335000301136], [-121.1722440003746, 38.71322900029544], [-121.17150700005763, 38.713180999712165], [-121.17037899992842, 38.71310000005662], [-121.17000800020764, 38.713070000342654], [-121.14961300033995, 38.71160700011158], [-121.14661599956658, 38.71139499972504], [-121.14530199966454, 38.711809000020594], [-121.14524899996105, 38.71181299967988], [-121.14355799959212, 38.711942000138365], [-121.14337799966711, 38.71200300006216], [-121.14316299958193, 38.712092999808704], [-121.14283299986904, 38.712132999737584], [-121.14252499989746, 38.712127999835346], [-121.14214099975791, 38.71202399996642], [-121.14159500013497, 38.71193900004882], [-121.14072599957352, 38.71198200015174], [-121.1404419998914, 38.71198500023943], [-121.13975599962805, 38.71199000015174], [-121.13952700019748, 38.711991999976306], [-121.1390690004381, 38.711996000326366], [-121.13450699969248, 38.7120319999617], [-121.13339899965474, 38.71581399998628], [-121.13319500033855, 38.71651500027486], [-121.13308499983538, 38.71964000021561], [-121.13299299977388, 38.72225399998667], [-121.13289200038984, 38.72689299992231], [-121.13359799984636, 38.730195999699724], [-121.13329499989769, 38.73145500008491], [-121.12966199998797, 38.73302799987028], [-121.12834999973575, 38.73357799997246], [-121.1241100001037, 38.74281599982873], [-121.12138500021521, 38.74875500033911], [-121.12138500021521, 38.75071999968075], [-121.12128399993286, 38.752214000348964], [-121.12097000011352, 38.75253299982493], [-121.1206169999361, 38.752890000126264], [-121.11955900012708, 38.753965000227055], [-121.11920699977455, 38.75432300004211], [-121.117688999658, 38.75644600034071], [-121.11747899959572, 38.757792999988396], [-121.11822799960824, 38.76146299981762], [-121.11878800037323, 38.76420200000272], [-121.11880900028963, 38.76427200011623], [-121.11925899965308, 38.76579399967271], [-121.11857900013585, 38.768936999823474], [-121.11721699965489, 38.77048800000375], [-121.11519200027342, 38.771625000037744], [-121.11459999972142, 38.77195799992631], [-121.1135989998138, 38.7725849996806], [-121.11166800014368, 38.773795000078074], [-121.11161799991497, 38.773856999809574], [-121.11147499979982, 38.77403500002696], [-121.11133099985979, 38.77421299980015], [-121.11120700001123, 38.77436599969085], [-121.11108300016267, 38.77452000004129], [-121.11088899999392, 38.77475999965174], [-121.11069499982517, 38.774999999855275], [-121.11059899956568, 38.77511900027539], [-121.11050300020452, 38.77523799979656], [-121.11042500038673, 38.77533400017193], [-121.11034800039386, 38.77542900034327], [-121.10988800008629, 38.77599900011449], [-121.10889300002646, 38.77779999975144], [-121.10842199984829, 38.77865200000107], [-121.10793300012674, 38.77963199992808], [-121.10768899972926, 38.780121999743464], [-121.10299899983545, 38.78554799996824], [-121.10243200029612, 38.78664200015707], [-121.10186499985845, 38.787737000266596], [-121.1017429996597, 38.78797299991543], [-121.10119700003673, 38.78997200025153], [-121.10123899986954, 38.79053399970722], [-121.10130599981669, 38.79141899972525], [-121.10185200033797, 38.79286500010321], [-121.10218000040102, 38.794438999930065], [-121.10232099996803, 38.795907999975576], [-121.10223800012734, 38.796204000215965], [-121.10186800023148, 38.796641000180394], [-121.10148900011481, 38.796847000227665], [-121.10110099977729, 38.797176999952924], [-121.10089499991295, 38.79748499981148], [-121.0995590002696, 38.79967099980911], [-121.09808499963565, 38.803329999851634], [-121.09792999982494, 38.80521099998127], [-121.09775699957257, 38.807328000120535], [-121.0987440001348, 38.81041799989356], [-121.09930999984924, 38.81152300001336], [-121.09937799962131, 38.811654000073105], [-121.10131900023548, 38.81353800024206], [-121.10152299955168, 38.81376600005663], [-121.10161399978827, 38.81432699993777], [-121.10175899955323, 38.81522199993278], [-121.10142800001545, 38.81528200030444], [-121.10084399985932, 38.81539200015457], [-121.09799900032024, 38.81470899966116], [-121.09723900043706, 38.81452699999352], [-121.09690499962787, 38.81446699968575], [-121.09549199999161, 38.81421399985045], [-121.09408000018027, 38.81396200005066], [-121.09343499992478, 38.81384700031241], [-121.09312299975525, 38.813892999950006], [-121.09289599997456, 38.8139270002413], [-121.09266900019381, 38.81396099981638], [-121.08927499976039, 38.81446499993131], [-121.08876599994738, 38.81464699975737], [-121.08766600030556, 38.81504000017612], [-121.08699099991286, 38.81528100008864], [-121.08495700031058, 38.81600999966659], [-121.08448199993444, 38.81644199965426], [-121.0844080003146, 38.8166250002248], [-121.08433399979643, 38.81680800032507], [-121.08325599989591, 38.81946500022935], [-121.08317499970505, 38.81966499985476], [-121.08305500005447, 38.81996399983938], [-121.08289699987073, 38.82103100001846], [-121.08285599986283, 38.82131000004697], [-121.08281499985495, 38.82158800025484], [-121.08269900040231, 38.82237400000537], [-121.08305500005447, 38.823054000155], [-121.08327400033757, 38.82321099992133], [-121.0845210002925, 38.824104000063], [-121.08486400042418, 38.824349999838205], [-121.08565199989644, 38.8249139998699], [-121.08662699986478, 38.82559799983993], [-121.08687799993496, 38.825737999825826], [-121.08735900015888, 38.82605299983725], [-121.0875139999696, 38.82615500004213], [-121.08772400003186, 38.82628699984331], [-121.08788899988832, 38.826390999832434], [-121.08803000035364, 38.82651099990025], [-121.0883170004088, 38.82675599970227], [-121.08872099974154, 38.82710100020767], [-121.08875699972654, 38.82719599997211], [-121.08885299998602, 38.8274469997859], [-121.088929000154, 38.82764900016992], [-121.08904899980459, 38.827937999840586], [-121.08903000043632, 38.82801900007295], [-121.08900399959877, 38.82813199994934], [-121.08898699988032, 38.82820300031878], [-121.08895900029121, 38.82832100006638], [-121.08895900029121, 38.82874800011626], [-121.08895599991818, 38.828810999665855], [-121.08895900029121, 38.82895799979779], [-121.08895900029121, 38.82916900028014], [-121.08895699974309, 38.82923800027564], [-121.08892099975807, 38.82933600004279], [-121.08885999965871, 38.82949299995263], [-121.08885499963584, 38.82951400028868], [-121.08861199996159, 38.83017399999712], [-121.08857500015166, 38.830273999885634], [-121.08853800034176, 38.83037500033722], [-121.0885130002274, 38.83044299986078], [-121.08848800011305, 38.83051100001918], [-121.08847700024239, 38.830542000069805], [-121.08838000015798, 38.83080299996086], [-121.08833199957911, 38.83093100025748], [-121.08828800009651, 38.83105199966478], [-121.08828300007362, 38.831071000252805], [-121.08820600008073, 38.83134800014688], [-121.08812999991274, 38.8316260003488], [-121.08810999982126, 38.83170599989861], [-121.08801799975976, 38.83189700028841], [-121.08791800020064, 38.83210699977739], [-121.08782600013913, 38.83245900006378], [-121.0877609998418, 38.8325810003453], [-121.08769499971957, 38.83270299971789], [-121.08762899959733, 38.83282500028092], [-121.08734099971723, 38.83327399979499], [-121.08674099966761, 38.8336949997821], [-121.08658900022996, 38.833802999967496], [-121.08655599971969, 38.83383000016321], [-121.0863730003199, 38.8339790003332], [-121.08619099984672, 38.83412800019128], [-121.08604100005887, 38.83425200030968], [-121.08589000044614, 38.83437400031692], [-121.08579099981361, 38.834449999791275], [-121.08553300007075, 38.83465099995271], [-121.08532399983338, 38.834809999918505], [-121.08501099983896, 38.834938999946615], [-121.08497200037918, 38.83495499967886], [-121.08494200024195, 38.83495499967886], [-121.08475999976878, 38.83495399973945], [-121.0845780001939, 38.83495499967886], [-121.08447600008665, 38.83495499967886], [-121.08367600002049, 38.834825999679744], [-121.08364699970817, 38.83482199991473], [-121.08301900006944, 38.834746000137834], [-121.08255499956395, 38.83484200013715], [-121.08247400027143, 38.834855000068785], [-121.08226699968385, 38.834891000028556], [-121.0819310001232, 38.83517899975107], [-121.08151500019659, 38.83573799971777], [-121.0810030000105, 38.83631500015941], [-121.08065499985598, 38.83682000010873], [-121.08039799993801, 38.837002000175026], [-121.08002600039235, 38.83725999974829], [-121.07920899970942, 38.837658000119596], [-121.07848900000918, 38.838106999932315], [-121.07842999955966, 38.83813900006799], [-121.07813500000687, 38.8382979999382], [-121.07784100027901, 38.838458000043076], [-121.07754500000298, 38.8386189996762], [-121.07743000037527, 38.83867399978899], [-121.07733099974276, 38.83872000018149], [-121.07723299983347, 38.83876699973039], [-121.07710800016001, 38.83882599996874], [-121.07698299958821, 38.83888600004234], [-121.07656800038484, 38.83908300004502], [-121.07603000025948, 38.83944999966118], [-121.07581599999925, 38.839594999763925], [-121.07549299995905, 38.83993000022242], [-121.0753349997753, 38.84009100002375], [-121.07519099983526, 38.84033199981045], [-121.07491999967361, 38.84077999968676], [-121.07432800001989, 38.84146899967536], [-121.0740319997439, 38.84173800023126], [-121.07394300005544, 38.841819999995586], [-121.07391000044349, 38.84194400000584], [-121.07383099990246, 38.842236999758285], [-121.07367799974158, 38.84245600012971], [-121.07357499980941, 38.84260399990007], [-121.07267900038208, 38.84294099984061], [-121.07109400031838, 38.843228000047056], [-121.07046400013152, 38.84330099969549], [-121.0703700004202, 38.84331199983729], [-121.07027499998564, 38.84332399979927], [-121.07000600037212, 38.84335599968784], [-121.06938100020815, 38.843435000225824], [-121.06886900002206, 38.84366000001085], [-121.06827700036834, 38.84383499997367], [-121.06800500038179, 38.843899999790224], [-121.06791599979502, 38.84390600007172], [-121.06706499967522, 38.843966000059915], [-121.06688399992527, 38.84398000023648], [-121.06631800021086, 38.84408199994028], [-121.0662599995862, 38.844092000150326], [-121.06544299980158, 38.84437899991197], [-121.06491499972199, 38.84452399976578], [-121.06425799977096, 38.844648999764495], [-121.06398699960931, 38.84470100000713], [-121.06316999982472, 38.844876000208046], [-121.06235399986504, 38.84505300027329], [-121.06193399974046, 38.8452420002363], [-121.06185599992266, 38.845277000044824], [-121.06162099974601, 38.84533100011536], [-121.06158399993609, 38.84533999965667], [-121.06139200031546, 38.84546900018715], [-121.0609160001144, 38.84561300012881], [-121.06090299969561, 38.84561699998698], [-121.06069900037944, 38.84573900010103], [-121.06068799961044, 38.845745000227424], [-121.06048900031713, 38.845868999694105], [-121.06029000012552, 38.84599300034401], [-121.06019899988891, 38.84604999992137], [-121.06010799965232, 38.84610700015271], [-121.05999800004747, 38.84616699968403], [-121.05988599989446, 38.8462290001261], [-121.0593810002794, 38.846508999824586], [-121.05919299995841, 38.8466489999602], [-121.05907599978256, 38.846735999930694], [-121.0589579997818, 38.846825000039686], [-121.05893400039065, 38.846843000142506], [-121.05844399994588, 38.8471099997339], [-121.05840799996088, 38.8471290002326], [-121.05799299985917, 38.84784599984163], [-121.05784899991913, 38.84853100027452], [-121.05779100019281, 38.84883899985052], [-121.05777799977402, 38.84890699992242], [-121.05776500025354, 38.848972999744916], [-121.05768900008556, 38.84937599974926], [-121.05757600010766, 38.85007699997134], [-121.05754099994755, 38.850547000199846], [-121.05752800042708, 38.85071400017035], [-121.0575789995824, 38.8512699999988], [-121.05798899966122, 38.852037999922196], [-121.05843399990015, 38.85272299986414], [-121.05875100009254, 38.85317199975391], [-121.05884700035202, 38.85330799994338], [-121.05894299971318, 38.85344300019322], [-121.05897600022345, 38.853489000131695], [-121.05908699965319, 38.853740999935994], [-121.05915899962322, 38.85390800010283], [-121.05932500020289, 38.85433400017251], [-121.05935500034013, 38.85441099968131], [-121.05953199989212, 38.854860000107955], [-121.05959899983928, 38.85508100011057], [-121.0598180001224, 38.85581700029215], [-121.05985800030538, 38.85593899970232], [-121.05989099991733, 38.856038999762276], [-121.05992199987946, 38.85613699969863], [-121.06020100043706, 38.85699600017099], [-121.06030699984395, 38.85727600016017], [-121.06045499998196, 38.85766600003176], [-121.06058200020357, 38.85780999976657], [-121.06071299972479, 38.858070000064885], [-121.0607889998928, 38.85822400000316], [-121.06097999968848, 38.85873399987058], [-121.06118700027606, 38.85908500034964], [-121.06128000016245, 38.85915900011393], [-121.06155299997393, 38.85937199978069], [-121.06174399976967, 38.859611999714716], [-121.06180599969395, 38.859915999820686], [-121.06172799987613, 38.86005900030932], [-121.06168000019557, 38.860250999725444], [-121.06143999999603, 38.860523000051195], [-121.06116800000947, 38.86095499991121], [-121.06067199971692, 38.861403000025035], [-121.0602559997903, 38.86165900012185], [-121.05955199998363, 38.862122999915336], [-121.05905499986616, 38.86261899979546], [-121.05875100009254, 38.86311499971288], [-121.05867099972662, 38.86332300031823], [-121.05855899957363, 38.863531000315085], [-121.0582709996935, 38.86370699989096], [-121.05775900040575, 38.863963000086], [-121.0570229999137, 38.86434699969943], [-121.05646300004703, 38.864571000264846], [-121.05583899970799, 38.864682999933116], [-121.05510300011424, 38.86484300015244], [-121.0545430002476, 38.86501899997782], [-121.0544310000946, 38.86514700027661], [-121.05423899957566, 38.86541900005899], [-121.0540949996356, 38.86572299981855], [-121.05398300038092, 38.86620300006863], [-121.05374300018141, 38.866699000163194], [-121.05351899987545, 38.867290999874854], [-121.05337499993539, 38.867738999933614], [-121.0532629997824, 38.868346999993875], [-121.05337499993539, 38.86885900031825], [-121.05350299998189, 38.8693709997526], [-121.05351899987545, 38.86985099985093], [-121.05375900007493, 38.87023499983403], [-121.05401500016798, 38.870618999840936], [-121.0544310000946, 38.871034999897006], [-121.05489499970179, 38.87138699992583], [-121.0551990003737, 38.871802999683545], [-121.05539099999432, 38.87233100001235], [-121.05563100019384, 38.87289099980513], [-121.0557910000274, 38.87346700024413], [-121.05593499996743, 38.87385100027476], [-121.05603100022692, 38.87431500022461], [-121.05607899990747, 38.87466700009512], [-121.05612699958806, 38.87517899965565], [-121.05628700031994, 38.87580300005567], [-121.05652699962117, 38.876347000255706], [-121.05678400043742, 38.87689099978829], [-121.05692800037745, 38.877307000200084], [-121.05718299974727, 38.877489000182656], [-121.05764600042785, 38.8777750001127], [-121.05810900021012, 38.878061000290394], [-121.05891299957594, 38.878559000214786], [-121.05987099982586, 38.87916099992957], [-121.06074600023508, 38.88003199992319], [-121.06118399990301, 38.880618999795466], [-121.06164800040851, 38.88103500006171], [-121.06198399996917, 38.881498999959895], [-121.06195200018212, 38.88213899971833], [-121.06169600008907, 38.88265099998981], [-121.06131199994951, 38.883035000044785], [-121.06107799959779, 38.88315600034049], [-121.0609789998636, 38.88320799969921], [-121.06088000012937, 38.88325899975948], [-121.06054000037075, 38.88344599966721], [-121.0604159996239, 38.88351500016699], [-121.06020200026197, 38.88361699981014], [-121.05968000003013, 38.88386699992045], [-121.05948599986138, 38.883933000160845], [-121.05912000016349, 38.88405900006807], [-121.05870699971162, 38.884258000015805], [-121.05859200008389, 38.88431499969082], [-121.05780799991123, 38.88453900026482], [-121.05738899961159, 38.88464299971687], [-121.05716799967865, 38.88469899984287], [-121.05712400019605, 38.884715000270326], [-121.05703600033249, 38.88474599977719], [-121.05695099994367, 38.88477600003142], [-121.05691099976072, 38.884789999866065], [-121.05396199956621, 38.88586500005523], [-121.05238700044654, 38.88659899988866], [-121.05099300017855, 38.88689300017929], [-121.05007500011162, 38.887215999971176], [-121.0500190000351, 38.88723700004965], [-121.04971100006354, 38.88735399987395], [-121.04937499960454, 38.88752999989804], [-121.04854299975135, 38.887914000153444], [-121.04777500037055, 38.88829799973159], [-121.047463000201, 38.88840799999666], [-121.04691099983197, 38.88860200022707], [-121.04614299955286, 38.88885800026089], [-121.04529399998121, 38.889528999672216], [-121.04516400028486, 38.88962399998116], [-121.04503399969019, 38.889719000163055], [-121.04459099999943, 38.89004199969122], [-121.0442870002258, 38.89032999985677], [-121.04419099996635, 38.89061800025304], [-121.04417500007281, 38.890826000084935], [-121.04433499990638, 38.890969999773084], [-121.04455900021237, 38.89121000000299], [-121.04478299962003, 38.89138600026216], [-121.04521299979037, 38.891769999949574], [-121.04523100023202, 38.89178600018284], [-121.04569499983918, 38.892218000223885], [-121.04598500026742, 38.89250800031505], [-121.0461109997658, 38.89263399969635], [-121.04655900037778, 38.8931299999167], [-121.04684700025788, 38.893402000281064], [-121.04719899971207, 38.89375399998777], [-121.04745499980511, 38.894073999923364], [-121.04766300021757, 38.89447400008768], [-121.04790300041707, 38.89498600025469], [-121.04819399977187, 38.895289000302796], [-121.04850299956837, 38.89545600005361], [-121.04880700024032, 38.89560199971498], [-121.04920800009832, 38.89578800020885], [-121.04942099963533, 38.896099999740294], [-121.04998399987501, 38.8958759999645], [-121.05107099999637, 38.8962749999912], [-121.05238499989842, 38.896572000101166], [-121.05302199975796, 38.89677999997534], [-121.05337300028556, 38.89729699980665], [-121.05355999988332, 38.8980480003364], [-121.05353899996692, 38.89880600019869], [-121.05340699972244, 38.89950200028284], [-121.05291100032822, 38.90014400018809], [-121.0521930002778, 38.900604000155084], [-121.05117399992851, 38.90102000014285], [-121.05107299964617, 38.901070000289856], [-121.05032500035688, 38.901439000300165], [-121.04982499986636, 38.90175499966763], [-121.04953199996339, 38.90233100031217], [-121.04940300009198, 38.903362000240946], [-121.04892199986803, 38.90393500002793], [-121.04889500010384, 38.90396699990287], [-121.0484259995755, 38.90454599975817], [-121.04801399984683, 38.905120000127326], [-121.04674699980043, 38.90537499969521], [-121.04555500009712, 38.90567899979798], [-121.04454999999156, 38.9065189999366], [-121.04395800033782, 38.90698099979573], [-121.0435900000918, 38.90753600032185], [-121.04301500015653, 38.908491000201714], [-121.04270100033719, 38.909390999919744], [-121.04258499998623, 38.91040299971737], [-121.04248500042709, 38.91083400017159], [-121.04218800032619, 38.911115000128774], [-121.04172100034596, 38.91158899975696], [-121.04160800036806, 38.9119719996852], [-121.0415480000936, 38.91217600027254], [-121.04161400021584, 38.91297499966521], [-121.04151899978127, 38.91366199996885], [-121.04146699990275, 38.91419300022256], [-121.0409649997624, 38.915049999658656], [-121.04051100020096, 38.915538000331075], [-121.04040599972065, 38.915651000248964], [-121.03997300007562, 38.915842000245355], [-121.03993500044079, 38.9158600003466], [-121.03948299963086, 38.915783000308636], [-121.03864400010497, 38.91560200009019], [-121.0381200002233, 38.91559999968357], [-121.03792600005454, 38.91559999968357], [-121.03750199973202, 38.91568900024897], [-121.03689800038276, 38.91484200018543], [-121.03634400036388, 38.91392800000678], [-121.03616000024088, 38.91376000013558], [-121.03583700020069, 38.91362000005567], [-121.03548599967309, 38.913474999931395], [-121.03515000011242, 38.91341999966215], [-121.03483999959269, 38.913428999670984], [-121.0346839999571, 38.91338100030957], [-121.03422299982465, 38.91298999977336], [-121.03409599960303, 38.91288299986443], [-121.03378299960859, 38.91281599972172], [-121.03343799982711, 38.91286799973366], [-121.03300400035714, 38.913030999819895], [-121.03239900028464, 38.91323999994445], [-121.03111700016963, 38.91341900012704], [-121.03074999974852, 38.913530000158005], [-121.03015399989685, 38.91374299973123], [-121.02926500014223, 38.914009999691295], [-121.02857100038126, 38.91422700011267], [-121.02789400033876, 38.914389999873634], [-121.02644499981916, 38.914794999897396], [-121.02537199994153, 38.91503600019712], [-121.02500100022075, 38.915311999955584], [-121.02402899972714, 38.91647299986519], [-121.02349800017281, 38.91723399995721], [-121.02272300022102, 38.91751099973104], [-121.02215699960824, 38.917679999982965], [-121.02183100009334, 38.917778000192854], [-121.0197670003538, 38.91811500025244], [-121.0189279999296, 38.91823899999185], [-121.01840099967488, 38.91823899999185], [-121.01771100011192, 38.9181199996937], [-121.01725699965218, 38.918040999673394], [-121.0164289999969, 38.91797300003663], [-121.01615500036051, 38.91793499986181], [-121.01538399970835, 38.91783000006378], [-121.0149639995838, 38.917710999778706], [-121.01484399993318, 38.917677000159834], [-121.01468199955148, 38.91764299982577], [-121.0141329995555, 38.91741900021878], [-121.01290599969207, 38.916816000250066], [-121.01235000002336, 38.91664599984881], [-121.0119509998152, 38.916652000281026], [-121.01169700027029, 38.91669300030885], [-121.01155400015514, 38.916716999921995], [-121.01044699994233, 38.9169670002444], [-121.01016499991002, 38.91702000019403], [-121.00996999991635, 38.91703900017952], [-121.0097620004022, 38.917102999982845], [-121.00918499991879, 38.9173349999218], [-121.00867600010578, 38.917522999749835], [-121.00811100021626, 38.917666000341335], [-121.0079870003677, 38.91768699980276], [-121.00792600026833, 38.917698000316946], [-121.00759800020528, 38.91778200018424], [-121.00713200004994, 38.917855000162895], [-121.00682599972819, 38.918118000057056], [-121.00662300023693, 38.918414000191106], [-121.00647099990097, 38.91872500008326], [-121.00641700037262, 38.91901100032717], [-121.00647099990097, 38.91946400001154], [-121.00641300017465, 38.91968599986087], [-121.00590099998855, 38.919958999979556], [-121.00544300022918, 38.920149000123295], [-121.00512600003675, 38.92020600034673], [-121.00488300036251, 38.92011199985564], [-121.00453400038306, 38.919863999716945], [-121.00393599998326, 38.919362000131244], [-121.00332599988789, 38.9186269997834], [-121.00325999976565, 38.918582999690315], [-121.00279199996051, 38.918273000040394], [-121.00202600022953, 38.917987000316636], [-121.0013709999283, 38.917881999896665], [-121.00112999990391, 38.91784600001641], [-121.00111400001036, 38.9178430002003], [-121.0010670001547, 38.91783699986879], [-121.00105200008609, 38.917835000224116], [-121.00090300012316, 38.91784099985686], [-121.00081199988658, 38.91784600001641], [-121.00046100025732, 38.91790699997746], [-121.00031499976912, 38.917933000219904], [-121.00024399962399, 38.917946000337544], [-121.00006399969897, 38.91800099989499], [-120.99954200036545, 38.91816299990668], [-120.9993439999987, 38.91828899989314], [-120.9991249997156, 38.918430000012066], [-120.99882199976693, 38.91862400000029], [-120.99829899971019, 38.918945999991735], [-120.99803000009666, 38.91950899970657], [-120.99784400032384, 38.92005000025165], [-120.99750500039009, 38.920612000160155], [-120.99731899971896, 38.92080900016383], [-120.99702599981602, 38.921123999845676], [-120.99656399985864, 38.921399999688774], [-120.99536799995734, 38.921591999706095], [-120.99477600030366, 38.921803000010385], [-120.99412799967514, 38.92224099979499], [-120.99369000000722, 38.922424000067295], [-120.99334000020285, 38.92251499997355], [-120.99289599978884, 38.92250799993116], [-120.99260000041113, 38.92254900006986], [-120.99195400033078, 38.92297200004956], [-120.99115599991443, 38.92362800002778], [-120.99108800014234, 38.92409199981023], [-120.99151699958945, 38.92464100026339], [-120.99182200008629, 38.92542300008206], [-120.99190599975188, 38.925723000035816], [-120.99198899959254, 38.92601899989292], [-120.99209800027081, 38.92679799976026], [-120.99196799967615, 38.92722499972264], [-120.99167999979606, 38.92722999991977], [-120.9912660004176, 38.92704900024758], [-120.99104299993652, 38.92705499980008], [-120.99077500014792, 38.927295999693065], [-120.9905690002836, 38.927406999681516], [-120.99033900012981, 38.92752999991922], [-120.99014999998393, 38.927632999971195], [-120.98962399955415, 38.927840999688115], [-120.98938300042803, 38.92793699978179], [-120.98890899987681, 38.92803099968938], [-120.9884369998737, 38.9280430000255], [-120.98724799964512, 38.92799199998072], [-120.98665000014363, 38.928062999882265], [-120.98660800031082, 38.928080999678684], [-120.98498100041432, 38.9287910001961], [-120.9840700000201, 38.929051000044886], [-120.98263499974418, 38.92889299979883], [-120.9803409998509, 38.92881299987615], [-120.97917000006397, 38.929018000283534], [-120.97844600016579, 38.92910600007895], [-120.97726600015802, 38.929249999699266], [-120.97657900006978, 38.92948399976902], [-120.97612399978512, 38.929834000170736], [-120.97583300043028, 38.929920999651145], [-120.97469500025531, 38.93036100032087], [-120.97424099979555, 38.9306800001828], [-120.97390199986185, 38.93089999990228], [-120.97367400025621, 38.931049000001295], [-120.97278499960329, 38.93194300031143], [-120.97186200041178, 38.93265299990662], [-120.9712799999055, 38.932856999737595], [-120.97106700036849, 38.93297599977567], [-120.97069900012247, 38.93306200033656], [-120.97042299993794, 38.93308799991686], [-120.96992800036861, 38.933018000111375], [-120.96931800027325, 38.93280299977775], [-120.96879900041448, 38.93267099993583], [-120.96819799964162, 38.93261999972465], [-120.9681609998317, 38.93261499990752], [-120.96714800022852, 38.932489000206196], [-120.96599400016001, 38.932580999743976], [-120.96514899988803, 38.93283200003304], [-120.96464400027294, 38.93305699985179], [-120.96455300003635, 38.933098000182866], [-120.96411000034556, 38.93347900011495], [-120.96372100018316, 38.93378899970867], [-120.9633379998685, 38.933935000193095], [-120.96300700033072, 38.934051999933544], [-120.96267300041985, 38.9343019999685], [-120.96201999976846, 38.9351700002972], [-120.96149199968886, 38.935764000129595], [-120.96143999981034, 38.935798000164745], [-120.96105800021891, 38.936051999993715], [-120.9601700002892, 38.9364560001417], [-120.96004499971743, 38.9365490000315], [-120.95995600002897, 38.93661600012448], [-120.95978600014963, 38.936822000243204], [-120.95974099994379, 38.93689899980831], [-120.959663000126, 38.93703499977063], [-120.95943600034526, 38.93750599985926], [-120.95903799996204, 38.938158999934025], [-120.95805200012303, 38.939004999863144], [-120.95776699971765, 38.93910800002093], [-120.95730200028557, 38.938889999659445], [-120.95706999958368, 38.938819999990955], [-120.95663699993862, 38.93868900004643], [-120.95619500007274, 38.93860999987221], [-120.95418999988446, 38.93868700029074], [-120.95253799987358, 38.93878099992612], [-120.95157999962368, 38.938846000255204], [-120.94980399976426, 38.93871200002753], [-120.9491819999733, 38.938598999805606], [-120.94834599992214, 38.93832399968174], [-120.94752499993959, 38.93797700031325], [-120.94674999998779, 38.93762100021131], [-120.94639400033563, 38.93750900024148], [-120.94576099977571, 38.93731199979668], [-120.94500900028845, 38.937053999986084], [-120.94448200003376, 38.93626200000159], [-120.94384599999913, 38.93587300030789], [-120.94339999993528, 38.9356709999091], [-120.94303699971212, 38.93553199966019], [-120.94270799982418, 38.93548000018578], [-120.94195100031402, 38.935436000063234], [-120.94103900009488, 38.93534300011133], [-120.94054100015249, 38.935292999651026], [-120.93932799963446, 38.93539499968623], [-120.9385700002994, 38.93556499988474], [-120.93830099978757, 38.93582599997593], [-120.93826999982544, 38.936434000037266], [-120.93837699995555, 38.93748400008057], [-120.93846999984197, 38.938114000190275], [-120.93857699997208, 38.938928999664384], [-120.9384430000778, 38.939937999949564], [-120.93842100033648, 38.94011299972554], [-120.93834699981834, 38.9407240003082], [-120.93833599994768, 38.941792000219856], [-120.93831800040431, 38.94241500030835], [-120.93829900013773, 38.94250199972694], [-120.93826399997765, 38.94302199995287], [-120.93817600011408, 38.94357300023063], [-120.93787700036336, 38.94408399997562], [-120.93776199983732, 38.9444089997745], [-120.93778299975372, 38.945137999768804], [-120.93779500034759, 38.945538999808186], [-120.93767300014886, 38.946696999705544], [-120.93775699981445, 38.948303000066815], [-120.93795199980812, 38.949942000191704], [-120.93797899957228, 38.95037199967152], [-120.93800100021191, 38.95142600028545], [-120.93803899984674, 38.95191699990004], [-120.938036000372, 38.95246899988565], [-120.93801000043274, 38.953349999887294], [-120.93800200003683, 38.95410400004307], [-120.93805300009045, 38.95505499975385], [-120.93815400037279, 38.9560899998842], [-120.93820200005338, 38.95664000025176], [-120.93837100010776, 38.95722000021901], [-120.93841499959039, 38.95736999981129], [-120.93892199975359, 38.95798200005439], [-120.93967999998696, 38.958506999975086], [-120.94006199957839, 38.9588400002478], [-120.94055000037332, 38.95982200021946], [-120.9405689997416, 38.95986200016317], [-120.94056500044192, 38.960978000245504], [-120.94047800040329, 38.96180599996608], [-120.94028099986149, 38.96233900003897], [-120.94013000024876, 38.96244799987191], [-120.94000300002715, 38.96253999965168], [-120.93965499987259, 38.96256000025615], [-120.93953299967387, 38.962639999823466], [-120.93900299994444, 38.96289500011155], [-120.93822999964246, 38.96329900026135], [-120.9372689999178, 38.96368400014478], [-120.93621000028386, 38.963927000318655], [-120.93529100039204, 38.96396200033824], [-120.93465299980924, 38.963791000257956], [-120.93403500021626, 38.96339000010513], [-120.93357200043401, 38.96299100024519], [-120.93337099969423, 38.962537000328894], [-120.93298699955469, 38.96224399996444], [-120.93260300031345, 38.96211299999839], [-120.93247299971878, 38.96205799972183], [-120.9320369997007, 38.96202600020164], [-120.93121900009119, 38.9620249999545], [-120.93042300022297, 38.96211499979172], [-120.92917700009298, 38.962131000232034], [-120.92911000014583, 38.96214099989417], [-120.92859899978468, 38.962111000204956], [-120.92630400006648, 38.961819999976015], [-120.92409899986167, 38.961196999999245], [-120.9237010003767, 38.961034000224615], [-120.92319000001552, 38.96090000002622], [-120.92279500000534, 38.960706999983174], [-120.92214800010002, 38.96021200010429], [-120.92150899969235, 38.959540000115375], [-120.9216190001955, 38.95949800012274], [-120.92130700002599, 38.95917899998152], [-120.92006400026905, 38.95839700006766], [-120.91863200036619, 38.95778499991608], [-120.91723200025042, 38.95720499968349], [-120.91680399972992, 38.95695399975146], [-120.91588900003602, 38.956173999693256], [-120.91545999969064, 38.95596500031672], [-120.91512099975691, 38.95583700022373], [-120.91442100014817, 38.9554390000838], [-120.91387399980201, 38.95520699972578], [-120.91268499957341, 38.95492799976169], [-120.91059499989463, 38.95463700007113], [-120.90958700031432, 38.95446100016573], [-120.90782099960232, 38.95410299968409], [-120.90593400031314, 38.95389799983894], [-120.90554199977765, 38.95386000004787], [-120.90547800020354, 38.953843999835605], [-120.9053400001113, 38.9538109997357], [-120.90284600020146, 38.953366000211076], [-120.90212399995312, 38.95315900028385], [-120.90210700023466, 38.95315500019155], [-120.90195200042398, 38.95311000018555], [-120.90185299979146, 38.95311499995478], [-120.90066000026322, 38.95317200023295], [-120.89998900006849, 38.95334799984659], [-120.89974100037136, 38.95354800014716], [-120.89940999993526, 38.953814999790964], [-120.89830199989753, 38.954621000034294], [-120.89679200017689, 38.95561099970242], [-120.89628500001366, 38.956011000239045], [-120.89551000006188, 38.956625000292036], [-120.89473500011005, 38.95723899991481], [-120.8938730001196, 38.957832999968325], [-120.89274699964022, 38.9583239999015], [-120.89173700041009, 38.958984000258624], [-120.89137099981386, 38.95922600019979], [-120.89128600032338, 38.95926000015998], [-120.89050200015075, 38.959562000035085], [-120.88925299964768, 38.95960799971805], [-120.887923999677, 38.95973200026362], [-120.88728500016764, 38.959679999678166], [-120.8864230001772, 38.9595069998738], [-120.88596299986965, 38.95933699980397], [-120.8857479997845, 38.959280999880654], [-120.88545599970645, 38.95918299973379], [-120.88518000042025, 38.95901399987481], [-120.88515699995573, 38.95900000000893], [-120.88504300015289, 38.95885299985333], [-120.88494799971834, 38.95875299992484], [-120.8848520003572, 38.958652000258915], [-120.8846709997089, 38.95844700030075], [-120.88458000037063, 38.95834400029896], [-120.88402700017667, 38.95775900031082], [-120.88390199960487, 38.95768600018589], [-120.88331499997406, 38.95734700029488], [-120.88252199958058, 38.95699799979267], [-120.88230200037088, 38.956929999780975], [-120.88208200026284, 38.95686300002405], [-120.88159299964299, 38.95671399968075], [-120.88126200010518, 38.956713000057135], [-120.88092200034654, 38.956713000057135], [-120.88034300021332, 38.95689999998105], [-120.87990299999728, 38.95695300013123], [-120.87986700001225, 38.95695199981242], [-120.8795370002994, 38.95694999987337], [-120.87887000030261, 38.95697399983709], [-120.87843299956131, 38.95700699986126], [-120.87795600043364, 38.957043999743064], [-120.87770600018837, 38.95703400006009], [-120.87745099992027, 38.957017999865876], [-120.87737599957718, 38.9570139999914], [-120.87691799981778, 38.95687400005108], [-120.87631000027055, 38.956648000042726], [-120.87604499995669, 38.95648200000404], [-120.8757710003203, 38.95644699978208], [-120.87554600018942, 38.95641499982354], [-120.8753829999828, 38.9563909996705], [-120.87506099976751, 38.95634600032217], [-120.87419999960197, 38.95615499971193], [-120.87331699969512, 38.95605199987139], [-120.87206200024261, 38.9559569997501], [-120.87140100009364, 38.95584399977089], [-120.87123000038939, 38.955814999846076], [-120.87058599995885, 38.955555999967245], [-120.86937800036199, 38.954723000207316], [-120.86859900021223, 38.95419200014445], [-120.86804500019336, 38.95399099990354], [-120.86696999976758, 38.95383599972812], [-120.86599200032448, 38.9538419998088], [-120.86426699962038, 38.95427200007825], [-120.86388000000609, 38.95426499967725], [-120.86354699992017, 38.95416300024222], [-120.86307499991706, 38.95394799975364], [-120.86279999955745, 38.95359200020736], [-120.8618310003352, 38.9529380000857], [-120.86167300015146, 38.952784000080726], [-120.86157400041726, 38.95267099993223], [-120.86132300034708, 38.95222099970514], [-120.86098799971302, 38.95184899990311], [-120.86060899959632, 38.951563000023455], [-120.86048499974777, 38.9515530002657], [-120.8603249999142, 38.95154200011141], [-120.85986299995685, 38.95165299987552], [-120.85928800002158, 38.95198499983179], [-120.8589030000571, 38.95225599991842], [-120.85843400042704, 38.953266000223834], [-120.85838500002325, 38.95387699992015], [-120.85841000013758, 38.954402999870894], [-120.8584029995666, 38.9545680002357], [-120.85839300041917, 38.95478399989131], [-120.85822000016681, 38.95523799988686], [-120.85791700021811, 38.95604099971676], [-120.85771600037664, 38.95664099987641], [-120.85717900007621, 38.95694200011651], [-120.85690799991455, 38.957096000167326], [-120.85655599956206, 38.95726400009506], [-120.85615700025218, 38.95750399970013], [-120.85509000022235, 38.95808899969786], [-120.85451299973893, 38.95827699978338], [-120.85421099961515, 38.95834199970065], [-120.85367199966487, 38.95845999997837], [-120.85297999955377, 38.95876600024483], [-120.8523340003717, 38.959246999930585], [-120.85210099984486, 38.95954500012948], [-120.8522210003938, 38.95994500011397], [-120.85293199987319, 38.961366000239536], [-120.85316700004981, 38.96171299968011], [-120.8533700004394, 38.962385000014535], [-120.85351000018149, 38.96280900011425], [-120.85357799995357, 38.96300900025575], [-120.85366900019017, 38.96354400011175], [-120.85411199988096, 38.96440799989219], [-120.85415299988883, 38.96448699995429], [-120.85489199985562, 38.965499000251235], [-120.8554459998745, 38.96662700033814], [-120.85553200008822, 38.966820000318855], [-120.85555499965443, 38.967051000194346], [-120.85551100017182, 38.96759700001673], [-120.85550699997387, 38.96765399982081], [-120.85542199958505, 38.96809800025361], [-120.85509100004724, 38.96909499983686], [-120.85480800019003, 38.97003600025041], [-120.85459599957963, 38.97041200007669], [-120.85425900019405, 38.97101200006405], [-120.8541570000868, 38.97129799966836], [-120.85408799959151, 38.9714910001919], [-120.85401899999454, 38.971684000189576], [-120.85362099961127, 38.97237700025403], [-120.85335799984553, 38.972679000086636], [-120.85324099966968, 38.972814999845056], [-120.85261600040401, 38.97328899990954], [-120.85183600042932, 38.97378399990564], [-120.8509839995863, 38.97519200029917], [-120.85051400013133, 38.97589900027852], [-120.85020399961165, 38.97621799985679], [-120.84989300016531, 38.97654000021991], [-120.84938600000211, 38.97680899989521], [-120.84881100006686, 38.97692600010493], [-120.8484329997751, 38.9769670002043], [-120.84794300022861, 38.976982000047364], [-120.84755800026416, 38.97692700014167], [-120.84720799956148, 38.97669000011035], [-120.84679800038097, 38.976435999941735], [-120.84606899956158, 38.97611199970757], [-120.84483800039852, 38.97570800000302], [-120.84475700020766, 38.97568199999151], [-120.84424900021955, 38.97562499966424], [-120.8433729999854, 38.97562400030745], [-120.84243300017715, 38.975710000110986], [-120.84200700020482, 38.975647000175826], [-120.8411410000164, 38.97563099999491], [-120.84078600018917, 38.97556900004545], [-120.8406270001805, 38.97544600004128], [-120.84051699967736, 38.97487899998536], [-120.84040299987454, 38.97393099980964], [-120.84025899993448, 38.973308000184886], [-120.8399929997957, 38.9726500000684], [-120.83958699991484, 38.97227699985911], [-120.83883700007738, 38.97178600024364], [-120.83848499972487, 38.971660000319794], [-120.83829700030222, 38.9716400001893], [-120.8378389996445, 38.97159999991143], [-120.83701099998926, 38.97168799993423], [-120.83626600017466, 38.971722000199506], [-120.83566100010216, 38.97150400026978], [-120.83526400044217, 38.9715129998925], [-120.83506000022763, 38.97150900013791], [-120.83474600040829, 38.971583000100765], [-120.8346910001567, 38.97159700027382], [-120.83428600010072, 38.97182099987235], [-120.83416300007708, 38.97186599986833], [-120.83406799964253, 38.97197599981587], [-120.83385799958025, 38.972154999828696], [-120.83341499988946, 38.972672000107394], [-120.83302599972706, 38.973197000121594], [-120.83269199981619, 38.97381200007716], [-120.83262599969397, 38.97462200009681], [-120.83267699974758, 38.97495700017736], [-120.8327620001364, 38.97518900011536], [-120.83284300032724, 38.97552499966535], [-120.83288500016005, 38.97599500024804], [-120.83301300020655, 38.97680899989521], [-120.83297800004647, 38.97761899985449], [-120.83261999984617, 38.97801799972339], [-120.83245300033991, 38.97811699967354], [-120.83203800023821, 38.97836600001556], [-120.83087400012397, 38.97894100015196], [-120.83030099983854, 38.97935200028447], [-120.82976699991116, 38.97983499985299], [-120.8293829997716, 38.98038500023779], [-120.8292620002961, 38.981010999689886], [-120.82923200015885, 38.981830000171016], [-120.82943399982521, 38.98322499977477], [-120.82955100000109, 38.98372100008581], [-120.82965399993326, 38.98402500029327], [-120.8297209998804, 38.984510999893274], [-120.8297140002077, 38.984725999804176], [-120.82969499994113, 38.98486100024267], [-120.82975799969034, 38.9864689998681], [-120.82974400034492, 38.98672799984675], [-120.82971099983465, 38.98734300028862], [-120.82954699980311, 38.98785699965735], [-120.82917899955712, 38.98855099981942], [-120.8283569997496, 38.98979199979344], [-120.82798799967868, 38.99017499979984], [-120.82750999982778, 38.990642999803526], [-120.82660900037759, 38.99143799972103], [-120.82472399983992, 38.99274699995041], [-120.82459300031864, 38.99279899999828], [-120.82392899979662, 38.99306700022971], [-120.82346500018943, 38.993232999713], [-120.82318700035509, 38.99334699989813], [-120.82267799964374, 38.99348100015038], [-120.82210400043171, 38.993570000010976], [-120.8204280001314, 38.99397999990029], [-120.82026400009985, 38.994012000343425], [-120.81987400011252, 38.99408899991049], [-120.8192029999178, 38.99402000010287], [-120.81789099966555, 38.99393199990659], [-120.81762500042511, 38.99396699975973], [-120.81682199998588, 38.99420699998213], [-120.81619500017209, 38.994370000213074], [-120.81548999964217, 38.99477800008744], [-120.81534200040247, 38.99492699995484], [-120.8151399998378, 38.99520099987611], [-120.81484100008707, 38.99563299997698], [-120.81465299976608, 38.995948000235195], [-120.81450999965094, 38.99629499989836], [-120.81439699967304, 38.99732700001761], [-120.81431800003033, 38.998233000334984], [-120.81393300006584, 38.998806000222594], [-120.81360800037585, 38.99916900028354], [-120.81333200019132, 38.99947900017289], [-120.81277499979939, 38.99989899995078], [-120.8122950002987, 39.00013299995233], [-120.81175899982318, 39.00024000014568], [-120.81111699994075, 39.00032800017693], [-120.8108609998477, 39.00042700034305], [-120.81068400029571, 39.000475000119835], [-120.81032799974524, 39.00057100027389], [-120.80938600028718, 39.00082600011602], [-120.80925999989046, 39.00085199996893], [-120.80890000004034, 39.00092899977251], [-120.80858899969574, 39.00099700012781], [-120.80822399982274, 39.001059000148366], [-120.80768400004757, 39.001128999768454], [-120.80745600044195, 39.00114800025181], [-120.80696199979923, 39.00119099967339], [-120.80612999994601, 39.001205000274915], [-120.80580699990583, 39.00119499984554], [-120.80524000036647, 39.001102000322106], [-120.80444299977505, 39.00117399998634], [-120.80344199986745, 39.001205000274915], [-120.80308399966714, 39.00119400015156], [-120.80261400021217, 39.0011809999401], [-120.80191600025326, 39.00110300001739], [-120.80166799965782, 39.000955999983006], [-120.80153999961131, 39.00089899975929], [-120.80140300024227, 39.00078600027001], [-120.8012020004008, 39.000607999738556], [-120.80091000032276, 39.00027600007649], [-120.80077100040559, 39.00011800012762], [-120.8007210001769, 38.99989899995078], [-120.80070799975809, 38.999803999994796], [-120.80062900011538, 38.99964099971435], [-120.80039499976364, 38.999114999884654], [-120.8001300003481, 38.998616000040634], [-120.79997800001215, 38.998109000173784], [-120.79974700003346, 38.99749599991741], [-120.79972399956891, 38.997457999776806], [-120.79936799991675, 38.996866999666935], [-120.7991029996029, 38.996659999790225], [-120.79891600000515, 38.996514000059435], [-120.79865599971416, 38.996311000296494], [-120.79832500017633, 38.99612800015218], [-120.79828599981828, 38.99610700018547], [-120.79810300041851, 38.99605100001103], [-120.79752799958491, 38.99611399994234], [-120.79712199970406, 38.996194000007016], [-120.79677000024988, 38.99631500004642], [-120.79621200003302, 38.99657500006012], [-120.79572499996131, 38.996802999951875], [-120.79514900020114, 38.997115999687686], [-120.79459799965699, 38.99734600012564], [-120.79439699981555, 38.997478000294265], [-120.79305100012643, 38.998434000005204], [-120.7922240002961, 38.999061999866775], [-120.79152200013924, 38.99943400027323], [-120.79111299988531, 38.99954399997743], [-120.79079800024105, 38.99963000004596], [-120.7902469996969, 38.999659000183506], [-120.78961900005818, 38.999647000103984], [-120.7891489997049, 38.99959500020119], [-120.78903699955193, 38.99958199969593], [-120.78890100000778, 38.99956800016946], [-120.78874700002201, 38.999546999827366], [-120.78870299964106, 38.999541999844716], [-120.78859200021131, 38.99953199987842], [-120.78857700014268, 38.99952999974536], [-120.78853500030989, 38.99952600017716], [-120.7885210000662, 38.99952499976152], [-120.78842300015691, 38.99950799967418], [-120.78794000028313, 38.99949600026715], [-120.78758499955758, 38.999491999998945], [-120.78730400024851, 38.999528000310335], [-120.78679100023753, 38.999622000222615], [-120.78638500035665, 38.99979100022607], [-120.78614000013427, 38.99989999966306], [-120.78598799979831, 38.99999599989915], [-120.78572500003257, 39.00010400000908], [-120.78544899984806, 39.00025999987679], [-120.78504399979211, 39.00047099990698], [-120.78458299965965, 39.00077999997701], [-120.78409499976301, 39.00104599991211], [-120.78321799970395, 39.00134699993687], [-120.78276199959438, 39.00149300016724], [-120.78249499963069, 39.00164300024314], [-120.78205600013786, 39.001952000081374], [-120.78125900044475, 39.00255800031182], [-120.78119699962217, 39.002804000140635], [-120.78120500001806, 39.00314300026535], [-120.78111399978148, 39.00345799990143], [-120.78086100006149, 39.003743000025665], [-120.78025000014121, 39.00418999999489], [-120.77949799975562, 39.00454200005528], [-120.77827900028811, 39.00492099985377], [-120.77795000040017, 39.00501300030165], [-120.77719499964151, 39.00518199999316], [-120.77649400020788, 39.00533100029087], [-120.77580999959436, 39.005513000036665], [-120.7755819999887, 39.00557500028802], [-120.77493300043358, 39.005505999813444], [-120.77432800036111, 39.00549400002756], [-120.7740260002373, 39.00562300006253], [-120.77383000041874, 39.00581700018635], [-120.77383200006855, 39.00602100022478], [-120.77397900038164, 39.006257000164965], [-120.7741030002302, 39.006633000300646], [-120.7739900002523, 39.00691300003909], [-120.77379699990844, 39.007001000146815], [-120.77359900044003, 39.00699000022663], [-120.7733990004235, 39.006963000224786], [-120.77328399989749, 39.00694900006467], [-120.7728350003589, 39.006840999933026], [-120.77280900041963, 39.00683199991459], [-120.77261900044883, 39.00676800013839], [-120.77235199958683, 39.00667700019338], [-120.77157800035823, 39.00655700004083], [-120.77152099955852, 39.00655799965898], [-120.77114399998996, 39.006569000344456], [-120.77085299973683, 39.00662699980548], [-120.77052200019905, 39.006782999949344], [-120.77022500009811, 39.00702400029178], [-120.76898200034117, 39.00845400001976], [-120.76895100037903, 39.008491000248], [-120.76862499996578, 39.008884000308], [-120.76833600026079, 39.00917499979268], [-120.76816200018351, 39.00927600000079], [-120.76795799996901, 39.009393999874625], [-120.76721200032952, 39.00954099982665], [-120.7670909999557, 39.00955000019839], [-120.76642399995893, 39.00960400031086], [-120.76597899972, 39.00966599976865], [-120.76566200042593, 39.00969499998046], [-120.76507300024694, 39.0097329998309], [-120.76444800008298, 39.0097500002533], [-120.76399799982117, 39.009691999862845], [-120.76385700025416, 39.00958300015567], [-120.76381100022343, 39.00953500027621], [-120.76362899975022, 39.0093459998669], [-120.7635850002676, 39.00902099990271], [-120.76361500040483, 39.00863299994436], [-120.76361700005465, 39.00849699988699], [-120.76362000042771, 39.0083460000918], [-120.76362000042771, 39.0083359999738], [-120.76362200007755, 39.00819600026731], [-120.76391900017846, 39.00817299980543], [-120.76395900036141, 39.00816000017837], [-120.76411300034718, 39.00811200003123], [-120.76417199989842, 39.0080870003489], [-120.76435199982349, 39.00801300014846], [-120.76441200009795, 39.00798900002906], [-120.76447099964919, 39.007964999901574], [-120.76455799968782, 39.007907999740574], [-120.76459799987077, 39.00787999979166], [-120.76464399990154, 39.007849999933775], [-120.76470800037397, 39.00780799997176], [-120.76522999970746, 39.00760600010526], [-120.76558899973266, 39.007401000145144], [-120.76587499996295, 39.00721600014788], [-120.76610900031464, 39.00704099996922], [-120.7661899996072, 39.00698199983932], [-120.7663879999739, 39.006710999710954], [-120.7668869997412, 39.006086000301686], [-120.76709699980351, 39.00544800013132], [-120.76710699984922, 39.0050049996908], [-120.7670700000393, 39.00489199977886], [-120.76692799974907, 39.004552999658095], [-120.76685300030431, 39.00428700034303], [-120.76651099999755, 39.003838999933954], [-120.7660559997129, 39.00337099993604], [-120.76566700044877, 39.00308200034217], [-120.7654849999756, 39.002933999863586], [-120.76528999998193, 39.00277699993728], [-120.76489900016966, 39.002487000335535], [-120.76453000009874, 39.00226300002203], [-120.76407399998915, 39.00202799970373], [-120.76358000024474, 39.00193600026069], [-120.76265200013205, 39.00176299965604], [-120.76209599956503, 39.00183700011174], [-120.7615990003459, 39.00190399991034], [-120.76139799960615, 39.00193200013044], [-120.7611420004114, 39.00200200028303], [-120.7606069997608, 39.0021519999779], [-120.76030299998719, 39.00248899968694], [-120.76017499994066, 39.00285999985725], [-120.76009899977268, 39.003085000042084], [-120.76013499975768, 39.00331299989964], [-120.76031700023088, 39.003651999679654], [-120.76083500026473, 39.00379200000238], [-120.76125899968895, 39.00381000011354], [-120.76144399963688, 39.00381800016146], [-120.76201299972438, 39.0038120001256], [-120.762684999744, 39.003814999794564], [-120.7630990000208, 39.00382499985362], [-120.76354300043481, 39.00395499979472], [-120.7638310003149, 39.004133999934865], [-120.76398399957746, 39.00446600034121], [-120.7641059997762, 39.00482899998432], [-120.76405200024784, 39.00521600022928], [-120.76395900036141, 39.005455999994], [-120.76394699976754, 39.005490000098426], [-120.76387200032279, 39.005909999794355], [-120.76375599997185, 39.00623199982702], [-120.76351699959724, 39.00636000029135], [-120.76325899985436, 39.00644100025831], [-120.76315599992219, 39.00646900007877], [-120.76284899977554, 39.006555000106374], [-120.7627469996683, 39.0065840001976], [-120.7627059996604, 39.00656400015999], [-120.76258500018491, 39.00650700026618], [-120.76254500000194, 39.00648799982599], [-120.762432000024, 39.00643400012693], [-120.7622260001597, 39.00633600030917], [-120.76209700028828, 39.00626400031382], [-120.76198799961003, 39.00620399991271], [-120.76160699984351, 39.00599100027654], [-120.7612269999019, 39.00577999995549], [-120.76064799976866, 39.00548299987299], [-120.76044799975216, 39.005492000063], [-120.76042799966065, 39.00549999992076], [-120.7602560001315, 39.00557099966544], [-120.76005199991702, 39.00571500029554], [-120.76003500019857, 39.005727000043926], [-120.7598450002278, 39.00592699973951], [-120.75954399992891, 39.006283000116106], [-120.7594100000346, 39.00644300019599], [-120.75914800009377, 39.00662800012076], [-120.75866199984698, 39.006909000190255], [-120.75845400033282, 39.00716999997533], [-120.75803500003316, 39.00757800003681], [-120.75780499987941, 39.007681999936146], [-120.75777999976503, 39.007678999733095], [-120.75762199958129, 39.00766099990838], [-120.75711699996623, 39.007330999750295], [-120.75660200030542, 39.00699499968287], [-120.75601899997423, 39.006670999701946], [-120.75543900001611, 39.00634900027144], [-120.7548470003624, 39.006012999727915], [-120.75446999989553, 39.005809999993204], [-120.7537159998601, 39.005423000205546], [-120.75326999979629, 39.00530199968596], [-120.7528320001284, 39.005293999805815], [-120.75252199960866, 39.00538100019866], [-120.75209099961342, 39.00553099970988], [-120.75176799957323, 39.00574999990504], [-120.75151200037853, 39.00609999993452], [-120.75143700003545, 39.00620300028951], [-120.75121299972946, 39.00660600016258], [-120.75116400022398, 39.00672800016162], [-120.75104000037541, 39.00703999965983], [-120.75074800029736, 39.007839000145566], [-120.75061900042594, 39.0082709998703], [-120.75041400038653, 39.00875499993759], [-120.75040900036366, 39.00876899974025], [-120.7502520000048, 39.0089939999781], [-120.74999400026196, 39.00934000029992], [-120.74992700031481, 39.009504000147665], [-120.74961199977223, 39.00967699997073], [-120.74933700031092, 39.009817000236026], [-120.7488860002242, 39.01004899970651], [-120.74813600038675, 39.01030300002327], [-120.74765599998774, 39.010397000277514], [-120.7471179998624, 39.01037300026905], [-120.74691000034825, 39.01036599982874], [-120.74639499978913, 39.01035200034219], [-120.74608000014487, 39.01025600019832], [-120.74598300006049, 39.01012400013678], [-120.74593899967957, 39.00983399994021], [-120.74597600038778, 39.009234999767834], [-120.74610600008414, 39.00847999986142], [-120.74618499972685, 39.00828299988315], [-120.746407000383, 39.00773499977901], [-120.7464919998735, 39.00757100001794], [-120.746736000271, 39.007128000307624], [-120.74740800029062, 39.00654200018196], [-120.74801500001293, 39.00603000034639], [-120.74849100021402, 39.00521899983871], [-120.74866199991824, 39.0042859999947], [-120.74859499997108, 39.00390599993091], [-120.7484629997266, 39.0035930002136], [-120.74821800040255, 39.00326499995395], [-120.74812999964068, 39.00319499965484], [-120.747942000218, 39.00304599974485], [-120.74764500011709, 39.002944000047215], [-120.74721199957374, 39.00296999981985], [-120.74687900038612, 39.00316299987396], [-120.74656300001861, 39.00338399974508], [-120.74631899962115, 39.003513999798464], [-120.74461899992971, 39.0047110001739], [-120.74443399998178, 39.00484000024059], [-120.74410300044399, 39.004856999744796], [-120.74393699986432, 39.00476800011871], [-120.7436249996948, 39.00416300032056], [-120.74329300033209, 39.00330699982096], [-120.74322800003475, 39.00313799983878], [-120.74250099976351, 39.002042000139674], [-120.74240600022726, 39.001974999773594], [-120.74217000022571, 39.00180600010008], [-120.74193300039926, 39.001637999710546], [-120.74164100032122, 39.00143099982888], [-120.74102100018011, 39.00143200021763], [-120.74048300005475, 39.001578000272595], [-120.7394500003601, 39.00198200034622], [-120.7388610001811, 39.00207300004793], [-120.73833300010152, 39.00201600002601], [-120.73791899982473, 39.00180699978536], [-120.7366130003186, 39.000665000196705], [-120.7366009997247, 39.000654999690994], [-120.73604199968298, 39.000600000025784], [-120.7355770002509, 39.00068100030482], [-120.73267400008713, 39.002250000006995], [-120.73254199984267, 39.002306000162186], [-120.73157199989718, 39.002715999698516], [-120.73017400032953, 39.00395800015572], [-120.73011499988, 39.00397800023197], [-120.72957500010483, 39.004025000039974], [-120.72956000003622, 39.003759000135794], [-120.72934599977596, 39.00370600010623], [-120.72904000035253, 39.00354299974017], [-120.72862699990065, 39.00317000032903], [-120.7282860003171, 39.00286199989617], [-120.72783199985736, 39.00242599984673], [-120.72712899987556, 39.00180499971662], [-120.72680800038351, 39.0016590001301], [-120.72641599984804, 39.00158399979979], [-120.72611000042463, 39.001459000236174], [-120.72589399961625, 39.00131999987559], [-120.72556499972826, 39.00110799988972], [-120.72495800000594, 39.000749000200344], [-120.72493899973938, 39.00073599990712], [-120.7244829996298, 39.00035799973419], [-120.72410100003837, 39.00007400034412], [-120.7238850001283, 38.99989999966306], [-120.72317100027585, 38.99932700025722], [-120.72277899974038, 38.998538999814265], [-120.7227660002199, 38.99851299980955], [-120.72273899955744, 38.99750300023505], [-120.72277200006769, 38.99646299970948], [-120.72273799973252, 38.99564899982668], [-120.72265499989184, 38.99509900003956], [-120.72264200037135, 38.9949429999641], [-120.7225600003556, 38.994648000040534], [-120.72235399959295, 38.99368399965325], [-120.72234100007248, 38.99347300033], [-120.72222300007171, 38.9932499999115], [-120.72201300000941, 38.992911999675094], [-120.7216819995733, 38.992546000185015], [-120.72026100043944, 38.99138799973472], [-120.71919000021163, 38.99071899970305], [-120.71913199958698, 38.99067700004425], [-120.71859799965961, 38.99029200026546], [-120.7180629999073, 38.98964900012747], [-120.71780000014157, 38.98922299968367], [-120.71763699993495, 38.988767999767525], [-120.71751700028436, 38.98838999990102], [-120.71747399972834, 38.98829700030605], [-120.71744600013923, 38.988136999688386], [-120.71741099997915, 38.988012999990815], [-120.71680900027971, 38.98718400019941], [-120.71628600022296, 38.98667100003248], [-120.7156560000361, 38.986390999788625], [-120.71497099959768, 38.98618800031576], [-120.71406900032257, 38.98610800011246], [-120.71356200015937, 38.986103999785726], [-120.71337200018858, 38.98610000015699], [-120.71261499978011, 38.986085000150766], [-120.71181700026209, 38.98591999987245], [-120.71134199988595, 38.98576199999029], [-120.70995600001385, 38.98475399983872], [-120.70946999976704, 38.9842969999604], [-120.70935599996422, 38.98416600027942], [-120.70916699981834, 38.983900999677175], [-120.70889300018194, 38.98360799970118], [-120.70869499981525, 38.98342900000805], [-120.70801199992493, 38.98308699985866], [-120.70728800002675, 38.982682000191325], [-120.70658800041804, 38.98232899966231], [-120.70590399980452, 38.98191500015234], [-120.70527600016577, 38.98158400005247], [-120.70505000020995, 38.98145700013083], [-120.70486600008694, 38.9813450002968], [-120.70444900033544, 38.981203000302386], [-120.70390399963908, 38.98118200009711], [-120.70172400044694, 38.9816220003367], [-120.70123300017723, 38.981739000275], [-120.700285999798, 38.98198399988963], [-120.70017799984295, 38.982013000275266], [-120.69850800028877, 38.98274100033362], [-120.6979979997525, 38.982956999985184], [-120.69690499978338, 38.98351699999563], [-120.69586799989074, 38.98407100015123], [-120.69534400000909, 38.98429200029686], [-120.69456499985935, 38.984664000137194], [-120.6941559996054, 38.98482199967693], [-120.69404000015278, 38.98486000031799], [-120.69344599995095, 38.985057999799984], [-120.69291299984847, 38.98526799985153], [-120.69254600032568, 38.98554599981944], [-120.69213799989667, 38.98587800015916], [-120.6916190000379, 38.98648600029474], [-120.69140499977765, 38.98674400031305], [-120.6908869997438, 38.98741799965338], [-120.689859000072, 38.98890300017825], [-120.68983899998051, 38.988932999691464], [-120.68957899968952, 38.98916599978381], [-120.68912199975503, 38.98952000029322], [-120.68891099986783, 38.98967099977261], [-120.6881700002512, 38.98988000024994], [-120.68803100033404, 38.989919000123656], [-120.68792500002884, 38.98994899990455], [-120.68760299981355, 38.9899670000462], [-120.68745899987348, 38.98997600011536], [-120.68688999978603, 38.98990500008196], [-120.68564700002906, 38.98964800027037], [-120.68493900002441, 38.98937200007473], [-120.68459300041799, 38.989215999943404], [-120.68442799966327, 38.98902900014307], [-120.6844169997926, 38.98896299989021], [-120.68437699960961, 38.98870600014946], [-120.68447299986909, 38.98835699983349], [-120.68473599963482, 38.987772999711325], [-120.6849880004282, 38.987283999792176], [-120.68523799977514, 38.986747000007334], [-120.68533999988239, 38.986189000221735], [-120.68533499985955, 38.98484400012406], [-120.68530700027047, 38.9845039996871], [-120.68523199992738, 38.984015000229114], [-120.68515300028466, 38.983619999707294], [-120.6849449998722, 38.98321700019179], [-120.68477199961983, 38.98291599986276], [-120.68422599999688, 38.982352000146044], [-120.68402699980527, 38.98213899993477], [-120.68379599982659, 38.981735999670256], [-120.68359400016021, 38.98116099988555], [-120.68343500015153, 38.980640000191876], [-120.68334999976274, 38.98045300008257], [-120.68289500037639, 38.98000800029368], [-120.68125500006107, 38.97840599996362], [-120.68089000018809, 38.97788600027295], [-120.68087900031746, 38.97751699982122], [-120.68087799959422, 38.97733299993733], [-120.6808840003403, 38.97714200003786], [-120.68108500018177, 38.97671200029107], [-120.68152299984969, 38.97638699987858], [-120.68168799970614, 38.97628099998233], [-120.68244900031254, 38.97579799991545], [-120.6830230004229, 38.97526199966472], [-120.68322099989129, 38.97493300001999], [-120.68336700037948, 38.97464999993701], [-120.6834030003645, 38.973792999937025], [-120.68324900037874, 38.973373999668176], [-120.68305900040791, 38.972756999908135], [-120.68289600020131, 38.97235400002205], [-120.68281900020838, 38.9721629999631], [-120.68266699987242, 38.97168300007874], [-120.68266500022261, 38.97080200033234], [-120.68266799969736, 38.97048699991657], [-120.68264599995604, 38.970124000121174], [-120.68271200007828, 38.9695059998436], [-120.6827639999568, 38.969071999935956], [-120.68322500008927, 38.96847399989104], [-120.68353499971067, 38.96811100025581], [-120.68367600017598, 38.96775700025726], [-120.68366799978006, 38.967531000039195], [-120.68345500024304, 38.967282000014954], [-120.68308799982191, 38.96707299987709], [-120.68265000015401, 38.966950999962755], [-120.68165400026925, 38.96685999980398], [-120.68157700027635, 38.96685500030608], [-120.68074799989787, 38.966805999900046], [-120.68022700038928, 38.966665000267355], [-120.67973799976943, 38.966451999665914], [-120.67894299972616, 38.965824000339325], [-120.67824300011742, 38.96508900024828], [-120.67796600010796, 38.9645600000571], [-120.6779950004203, 38.96389999995242], [-120.67774799964975, 38.963556000025655], [-120.6773219996774, 38.96329099982429], [-120.67673199967355, 38.96289800011769], [-120.6759049998432, 38.962786999805765], [-120.67532599970997, 38.96277499976161], [-120.67486299992768, 38.96270000013815], [-120.67469600042143, 38.96267900003379], [-120.67452999984175, 38.96263399978922], [-120.67431200028187, 38.96253499984892], [-120.67404299977004, 38.962363000272894], [-120.67383199988284, 38.96216200015804], [-120.67359800042942, 38.96184799998758], [-120.67336499990262, 38.961295999713556], [-120.67329799995545, 38.96088400000644], [-120.6732440004271, 38.9604479998231], [-120.67329700013053, 38.959996999806414], [-120.6733280000927, 38.95950899974074], [-120.67312600042631, 38.95892800005637], [-120.67274800013455, 38.958593000304475], [-120.67187899957311, 38.95836099979415], [-120.67146500019464, 38.95831699990072], [-120.67092399969623, 38.95829999969647], [-120.670612000425, 38.95828800028946], [-120.66991899959066, 38.95827400028013], [-120.66930299964751, 38.958225999828045], [-120.66901800014047, 38.958174999836025], [-120.66884800026116, 38.95814600016659], [-120.66737700000026, 38.95753900009851], [-120.66675000018645, 38.95736599995668], [-120.66582700009666, 38.95737699990557], [-120.66537099998709, 38.95734999983743], [-120.6649159997024, 38.95726400009506], [-120.66478699983097, 38.9572490002674], [-120.66465100028682, 38.95720499968349], [-120.66447100036179, 38.95712999975238], [-120.66414300029874, 38.956909000062076], [-120.66381400041077, 38.95669400022031], [-120.66353900005116, 38.95648599990854], [-120.66330800007246, 38.95630900007591], [-120.6631680003304, 38.95617500002305], [-120.66280900030519, 38.95585199965169], [-120.66204699987385, 38.955151999677064], [-120.66121300037081, 38.954540000141606], [-120.66047699987875, 38.95413200030948], [-120.66036700027391, 38.954071000064225], [-120.65945300040492, 38.95370199988918], [-120.65876499959343, 38.953533000231495], [-120.65810199979461, 38.95352000034861], [-120.6564670004005, 38.95363000014218], [-120.6561090002002, 38.95360500007704], [-120.6556859997026, 38.953500999655716], [-120.65544700022632, 38.95333499992977], [-120.65524499966165, 38.953104999717446], [-120.65496600000239, 38.95256999998091], [-120.65485700022244, 38.95192500022419], [-120.65495000010885, 38.95084900022126], [-120.65495900032967, 38.950343000302084], [-120.65497199985018, 38.95018900024752], [-120.65498299972083, 38.94961199989404], [-120.65496199980441, 38.94908099996253], [-120.65478899955205, 38.948785999679025], [-120.6543989995647, 38.948355999659995], [-120.65416000008842, 38.94822600031049], [-120.65362399961289, 38.9481880002729], [-120.65334599977855, 38.94821500033851], [-120.65326799996076, 38.94822299968318], [-120.6525039998796, 38.948454999848394], [-120.65176599973773, 38.94874899967761], [-120.65126699997043, 38.94886699986019], [-120.65104199983955, 38.9488690000274], [-120.65031000044375, 38.948457999767236], [-120.649779999816, 38.94812000019155], [-120.64970199999819, 38.94805599972667], [-120.6494409998823, 38.94787800005099], [-120.64884800040367, 38.94755699979654], [-120.64772799977207, 38.94696799974956], [-120.64706300032344, 38.9468430001622], [-120.64674000028326, 38.9468089998339], [-120.64620700018075, 38.94682500023697], [-120.6457810002084, 38.94686799981784], [-120.64560299993317, 38.94687200026495], [-120.64534600001524, 38.94687999976122], [-120.64494400033233, 38.94682800022485], [-120.64482899980628, 38.94677999970537], [-120.64473799956968, 38.94673400007944], [-120.64452400020775, 38.94659799985651], [-120.64428599965808, 38.94641099999727], [-120.64391800031034, 38.9459229999953], [-120.64363700010296, 38.94535299973395], [-120.64347600044447, 38.94514000004118], [-120.64279699985381, 38.944593999736256], [-120.64245799992013, 38.944404000089854], [-120.64213200040518, 38.94434200005828], [-120.64174200041786, 38.94428600016342], [-120.64128100028539, 38.94438399995037], [-120.64096699956774, 38.944476999922294], [-120.64013100041485, 38.944531999870854], [-120.63969799987149, 38.94449900032604], [-120.6391759996397, 38.94443699967888], [-120.638732000124, 38.94431300031787], [-120.63808400039379, 38.944080999871666], [-120.63751299975816, 38.9438079996602], [-120.63714399968721, 38.94359800034079], [-120.6369100002338, 38.94345399980919], [-120.63659300004139, 38.94335600013403], [-120.63633399957531, 38.943323000041886], [-120.63600899988532, 38.94330800005839], [-120.6356769996243, 38.94335299999927], [-120.63538100024658, 38.9434029996672], [-120.63511900030578, 38.9436119997558], [-120.6338969995669, 38.94461200022791], [-120.63386999980271, 38.94463499968508], [-120.6327490002445, 38.945383000229675], [-120.63177299955294, 38.9459669998985], [-120.63109100038585, 38.94629099967833], [-120.6305520004356, 38.94642699979157], [-120.63013899998373, 38.94645800029974], [-120.62988799991355, 38.946437000272496], [-120.62946699996408, 38.94640499998614], [-120.62871899977644, 38.94617099985492], [-120.6284049999571, 38.94607299974363], [-120.62812899977258, 38.9459759999706], [-120.6277990000597, 38.94565999978232], [-120.62745699975294, 38.94538700006196], [-120.62706500011576, 38.945240000314506], [-120.62657300002118, 38.945202000073536], [-120.62603599972074, 38.945189999846164], [-120.62568300044164, 38.945136000195006], [-120.62539800003631, 38.94505599973058], [-120.62509099988962, 38.94496999974191], [-120.6246819996357, 38.944815000100114], [-120.62439200010581, 38.9446160001037], [-120.62432400033373, 38.94454700029402], [-120.62430900026513, 38.9444960002396], [-120.62419999958685, 38.94444200005988], [-120.62347700041191, 38.94400500022293], [-120.6226880002164, 38.94342399989449], [-120.62266200027713, 38.9434029996672], [-120.62228900000821, 38.943112000169094], [-120.62212800034975, 38.94306899970739], [-120.62201000034895, 38.942973999651095], [-120.62177199979928, 38.9429450000498], [-120.62141699997204, 38.94287699982992], [-120.62106999964242, 38.942860999933124], [-120.62067999965507, 38.94290399982227], [-120.62036400018589, 38.94298899970521], [-120.61973300017411, 38.94315599972086], [-120.61943299970017, 38.94321000018147], [-120.61889200010008, 38.94321000018147], [-120.61753700019013, 38.94296300026149], [-120.61679700039842, 38.94278300003511], [-120.61642199958139, 38.942693000099936], [-120.61614999959481, 38.942659999699146], [-120.61551199991035, 38.94271799982166], [-120.61478499963914, 38.94280200010776], [-120.61445499992625, 38.94279599979118], [-120.61407499998464, 38.94282599997162], [-120.613515000118, 38.94297900013528], [-120.61311900028288, 38.94305299985392], [-120.61280899976315, 38.94309099984938], [-120.61215099998724, 38.943001000305195], [-120.6114809996174, 38.9427029997102], [-120.61134800044634, 38.94264399975337], [-120.61109599965295, 38.94240899995902], [-120.61100699996447, 38.94236300029165], [-120.61093900019242, 38.94227400034927], [-120.61030800018065, 38.94150899980144], [-120.60996199967595, 38.940947999696846], [-120.60942100007586, 38.93937299982063], [-120.60900599997416, 38.938458999824974], [-120.60883500026993, 38.93810999994766], [-120.60856800030624, 38.937467999665486], [-120.60814599963352, 38.93665900030721], [-120.6078109998978, 38.93618000017897], [-120.60694300005957, 38.93524600033216], [-120.60637399997208, 38.9348230001692], [-120.60596399989323, 38.934581999995494], [-120.6058559999382, 38.934482000062864], [-120.60582800034912, 38.934456000294816], [-120.60569199990668, 38.93440699984614], [-120.60475899977112, 38.93427400025432], [-120.60436600030906, 38.934223999739125], [-120.60397499959848, 38.934273000314285], [-120.60362800016716, 38.934343000278616], [-120.60315100014118, 38.93454999994855], [-120.60262499971144, 38.93486500010988], [-120.60219600026433, 38.93523499974368], [-120.60196100008768, 38.93563699981307], [-120.60159399966658, 38.93598400015068], [-120.60149400010746, 38.93601999991125], [-120.60116900041743, 38.93614000014589], [-120.60066399990409, 38.936243000272704], [-120.5998210001802, 38.93660499974856], [-120.5993850001621, 38.93673799986001], [-120.59860099998949, 38.93682699976375], [-120.59846600027026, 38.936839000009165], [-120.59813400000924, 38.93679500003106], [-120.59767100022697, 38.9366460001247], [-120.59720900026959, 38.936564999955195], [-120.59674899996206, 38.93642500015135], [-120.5965559996182, 38.93636699977233], [-120.59624099997394, 38.93624699992182], [-120.59588199994873, 38.93621900027686], [-120.59541300031867, 38.93621100027643], [-120.59513899978397, 38.93619399966116], [-120.59476800006321, 38.936168999735415], [-120.59438100044893, 38.936103999747466], [-120.59416600036377, 38.935892000135965], [-120.59398100041585, 38.935614000232086], [-120.5938659998898, 38.93512999969442], [-120.59384199960037, 38.934536000141826], [-120.59381400001126, 38.93379200024816], [-120.59377100035356, 38.9329369999907], [-120.59371500027704, 38.932618999761246], [-120.59345900018403, 38.93212699998528], [-120.5930139999451, 38.93190999979912], [-120.59273600011076, 38.93175200033112], [-120.59230099991758, 38.93162599979543], [-120.59109599979544, 38.931457999897695], [-120.590414999555, 38.93146599973548], [-120.58915099988164, 38.93153099978155], [-120.5885850001672, 38.93157300027414], [-120.5881990003778, 38.93160200033355], [-120.58748800000012, 38.93159199985659], [-120.58730999972487, 38.9314400002594], [-120.587268999717, 38.931327000329425], [-120.5871559997391, 38.931129000197345], [-120.58678099982039, 38.9304100000709], [-120.58669100030698, 38.93025100005988], [-120.5864810002447, 38.92981800012615], [-120.5863049996193, 38.92959299981574], [-120.58599199962485, 38.92917400022721], [-120.58554800010917, 38.9288220000292], [-120.5855229999948, 38.92876199968619], [-120.58534499971957, 38.92833599991463], [-120.58519499993174, 38.928029000331996], [-120.58512799998458, 38.92769299987147], [-120.5852059998024, 38.92736100006623], [-120.58565100004132, 38.926939999785894], [-120.58592100037806, 38.926673000255505], [-120.58617499992297, 38.92638299994113], [-120.58628100022817, 38.926051000294606], [-120.58664199990322, 38.925484999883004], [-120.58693499980616, 38.9248840001158], [-120.58703299971546, 38.92428200006841], [-120.58694300020208, 38.92390700017334], [-120.58679300041423, 38.923578999786216], [-120.58656900010827, 38.92324400000954], [-120.58631700021317, 38.92286599991642], [-120.5857909997834, 38.9223949997501], [-120.58503799957292, 38.92182800010757], [-120.58490799987656, 38.921721000244894], [-120.58478400002801, 38.92160999974658], [-120.5843620002536, 38.92129799979583], [-120.58431600022287, 38.92128199992264], [-120.58388699987746, 38.92113599995235], [-120.58350199991298, 38.92102399980975], [-120.58201200028383, 38.920714999772656], [-120.58167499999996, 38.92062700005196], [-120.58114199989747, 38.92048899980954], [-120.5808130000095, 38.92035200013401], [-120.58067099971929, 38.920292999753464], [-120.58054000019804, 38.92022500017811], [-120.5804759997256, 38.920062999981454], [-120.58036699994565, 38.919183999714825], [-120.5800720003929, 38.918457000225935], [-120.57992500007978, 38.918032999719486], [-120.57951300035114, 38.917243999662574], [-120.57925200023523, 38.91692999971545], [-120.57916699984641, 38.91685700018309], [-120.57885800004992, 38.91659200012949], [-120.57803700006738, 38.91629300020222], [-120.57705000040346, 38.91625899990396], [-120.57656499998156, 38.91631400006994], [-120.57606299984121, 38.91635999985831], [-120.57546100014177, 38.91618699987647], [-120.57452800000623, 38.9160030000955], [-120.57401699964505, 38.9158399998455], [-120.57354999966485, 38.91553100029935], [-120.57297700027769, 38.91489400011088], [-120.57287299962232, 38.914781999901486], [-120.57235200011372, 38.91439999997969], [-120.5718299998819, 38.91415900031611], [-120.57140300008466, 38.914059000250276], [-120.5712819997108, 38.91401900032428], [-120.57115700003735, 38.91398899984079], [-120.57006499989313, 38.91391400032396], [-120.56915500022212, 38.91397099996397], [-120.56879199999894, 38.91401299966944], [-120.56845100041542, 38.914181999863985], [-120.56814500009368, 38.91444299965092], [-120.56775900030429, 38.91477499979514], [-120.56744799995965, 38.91487699997814], [-120.56715000003385, 38.91481699972378], [-120.56681600012298, 38.91467099973176], [-120.56589899988097, 38.91413600006186], [-120.5657030000624, 38.91398299988234], [-120.56525100015077, 38.913775000077834], [-120.56499699970753, 38.91372900001191], [-120.56456599971231, 38.91368199968578], [-120.56425799974078, 38.913644000009114], [-120.56374700027791, 38.91370500008722], [-120.56320099975665, 38.91382100011399], [-120.56261999997359, 38.91406299975235], [-120.56233899976621, 38.91420099991032], [-120.56202400012192, 38.914287999689684], [-120.56151000028602, 38.91441600000669], [-120.56132000031523, 38.914509999655664], [-120.56084099974113, 38.914750000008915], [-120.55982899996285, 38.91535400026541], [-120.55910400023976, 38.91576500018787], [-120.558797999918, 38.91580799973102], [-120.5584110003037, 38.915727999731175], [-120.55770199957581, 38.91534300008678], [-120.55703299992925, 38.91505799994879], [-120.5568129998212, 38.915063999816354], [-120.55632099972661, 38.91516399986401], [-120.55593099973927, 38.91559900017921], [-120.55575099981422, 38.9159879999252], [-120.5555030001171, 38.91662399989045], [-120.55536000000197, 38.91750600024687], [-120.55520199981821, 38.9178840002389], [-120.55481799967866, 38.91854999995205], [-120.55425100013933, 38.91925600019616], [-120.55406299981834, 38.91949099983197], [-120.5532019996528, 38.92004799997047], [-120.55214999969157, 38.92059000003356], [-120.5512729996325, 38.920704999857556], [-120.55097600042991, 38.92065699982606], [-120.55076299999457, 38.92061300029283], [-120.55057200019888, 38.92057400000072], [-120.54947500003178, 38.92017000024772], [-120.54928500006099, 38.92016799996987], [-120.54908199967137, 38.920166999830926], [-120.54878100027082, 38.920256000259826], [-120.54860200017067, 38.92034200016769], [-120.54817700002326, 38.92047600015779], [-120.54795000024252, 38.92046899991424], [-120.54709999994765, 38.920442999902086], [-120.54654400027896, 38.92045799982957], [-120.54609499984205, 38.92069700020399], [-120.54602899971984, 38.92085399970481], [-120.54590800024432, 38.92121700026978], [-120.54589099962756, 38.921358000161725], [-120.54582200003061, 38.9219409997939], [-120.54585999966542, 38.92222199980455], [-120.54592300031294, 38.92295200015525], [-120.5459700001686, 38.92330400012757], [-120.54577799964966, 38.92398200031093], [-120.54563200005981, 38.925601000221675], [-120.54537000011896, 38.92666800001911], [-120.54493300027596, 38.92703899982751], [-120.54435300031781, 38.9272360001558], [-120.5441750000426, 38.92731000023002], [-120.54392399997242, 38.927368000328634], [-120.54329299996066, 38.92749600011345], [-120.54284199987394, 38.9275350000948], [-120.54225900044109, 38.92743500001006], [-120.5418529996619, 38.92727100012497], [-120.54135200024481, 38.92696800029876], [-120.5411899998631, 38.926919000267546], [-120.54064900026302, 38.926758000026545], [-120.5400219995509, 38.92664799976899], [-120.53925099979705, 38.926583000140184], [-120.53847800039337, 38.92658600028565], [-120.53772400035797, 38.92638500004371], [-120.53703600044481, 38.92605900004333], [-120.53640100023506, 38.926044999958286], [-120.53566800011605, 38.92595200027186], [-120.53507100043952, 38.92590000006343], [-120.53449300013118, 38.92601499966701], [-120.53413699958071, 38.92640200021491], [-120.53363899963833, 38.9269030002643], [-120.53304299978667, 38.92753300002459], [-120.53278699969363, 38.92800499965306], [-120.5326700004161, 38.92832899974774], [-120.53228799992635, 38.92907599968446], [-120.53139599979869, 38.92961299993437], [-120.5303329999668, 38.92987300026427], [-120.5296929997342, 38.92990300032164], [-120.52930199992193, 38.930030999725076], [-120.52902800028556, 38.93019100022685], [-120.52855700010736, 38.93064899976407], [-120.5279610002557, 38.93128399970893], [-120.52771699985821, 38.93147400027116], [-120.52734500031255, 38.93158300005502], [-120.52682399990564, 38.93160099965703], [-120.5257579997007, 38.93156399977135], [-120.5248649997481, 38.93140900017284], [-120.52450400007308, 38.93122100010159], [-120.52404600031367, 38.93067000027462], [-120.52376799958103, 38.9304210000101], [-120.52333499993597, 38.93031399983002], [-120.52284799986428, 38.930332999749666], [-120.52094700033138, 38.93055099986155], [-120.51978999988984, 38.930628999937554], [-120.51877800011155, 38.93069000008951], [-120.51829900043576, 38.93082600007912], [-120.51785800039481, 38.93102600033005], [-120.51746199966136, 38.931471000332415], [-120.51735799990429, 38.931490999921515], [-120.51685300028923, 38.93159399981231], [-120.51590300043524, 38.931637000244905], [-120.514839999705, 38.93162199988571], [-120.51433300044013, 38.93158200007699], [-120.51334500005301, 38.93143700031927], [-120.51261899960666, 38.93123099993203], [-120.5123459997952, 38.93119099990286], [-120.51206899978575, 38.931266000026476], [-120.51197000005156, 38.931345999977765], [-120.51184200000503, 38.93157000033959], [-120.51171800015646, 38.931888999655705], [-120.51143399957603, 38.93242900016991], [-120.51116699961231, 38.93307800034817], [-120.51109800001537, 38.933362000128014], [-120.51100799960368, 38.93379600003551], [-120.51076300027964, 38.934150999831964], [-120.5103320002844, 38.9343420003395], [-120.51004100003124, 38.934448000095564], [-120.5093880002782, 38.934536000141826], [-120.50931499958492, 38.93454800007614], [-120.5090869999793, 38.9345880003084], [-120.50775200016083, 38.93480599991997], [-120.50731899961748, 38.93486500010988], [-120.5062139999528, 38.93491099975021], [-120.50562499977383, 38.93493600011943], [-120.50518499955778, 38.93503799996931], [-120.50507800032598, 38.935053000304826], [-120.50495699995213, 38.93511899978671], [-120.5048409996012, 38.935219000218744], [-120.50476600015644, 38.935335999937195], [-120.50453400035283, 38.935705999908734], [-120.50440600030633, 38.93598599998259], [-120.50439399971243, 38.9360619998418], [-120.50413400031975, 38.93783699980334], [-120.5039819999838, 38.938422999905086], [-120.50327599962895, 38.93951399995903], [-120.5031790004429, 38.939882000069744], [-120.50300199999256, 38.94055999970816], [-120.50289999988532, 38.940807000313896], [-120.5026310002718, 38.941093000271316], [-120.5023769998286, 38.94123899969244], [-120.50156199969383, 38.94152800021552], [-120.50126700014101, 38.94169400034353], [-120.50103699998726, 38.941773999710925], [-120.50063600012926, 38.9417660003372], [-120.50058000005278, 38.941768999840406], [-120.4988219997367, 38.9418930001574], [-120.49756399991112, 38.94186700031177], [-120.49610100004617, 38.94184499978998], [-120.49480800006049, 38.942137000125435], [-120.49417600022382, 38.94236300029165], [-120.49408599981213, 38.94242099995848], [-120.49314299963082, 38.94303799981334], [-120.49300899973652, 38.94313699974312], [-120.49273500010014, 38.94335099967649], [-120.49270699961274, 38.94339000002241], [-120.49238399957255, 38.94378000020608], [-120.49219500032497, 38.94401600014955], [-120.49200500035418, 38.94434399965443], [-120.49180799981238, 38.94468600033812], [-120.49177299965227, 38.94497699966365], [-120.49175199973588, 38.94519599996013], [-120.49206200025559, 38.94591600016701], [-120.49230699957965, 38.94617200032585], [-120.49262499959697, 38.94650300033713], [-120.4927379995749, 38.94669599994064], [-120.49296299970578, 38.94707899969023], [-120.4930270001782, 38.94769400002636], [-120.49291500002519, 38.9483970002276], [-120.4927390002981, 38.94914899982063], [-120.49269800029023, 38.9492129999973], [-120.4924239997555, 38.94964900014361], [-120.49202299989753, 38.949994999956616], [-120.49119299969412, 38.9506539999319], [-120.49005500041748, 38.95124199969024], [-120.4881079999555, 38.951989999680364], [-120.48795999981752, 38.95206599985026], [-120.48768600018113, 38.95219300008094], [-120.48745400037754, 38.95250600004102], [-120.48736999981364, 38.9534060003062], [-120.48745500020246, 38.95396599996579], [-120.48745699985226, 38.954034000027335], [-120.48747600011883, 38.95457000024202], [-120.48742699971504, 38.95473500021801], [-120.48723699974423, 38.9550640000692], [-120.48699099969696, 38.95527300000731], [-120.48678800020568, 38.95550399981006], [-120.48639400002038, 38.955783999937395], [-120.48613399972936, 38.95611499977125], [-120.48607099998017, 38.95619599995946], [-120.48607699982796, 38.956360000013845], [-120.48610799979012, 38.957162999703904], [-120.4861139996379, 38.95731599965933], [-120.4861279998816, 38.957429999698995], [-120.48619900002672, 38.95800199984987], [-120.48619700037686, 38.95805499987433], [-120.48617800011031, 38.95861699971174], [-120.4861220000338, 38.95883700006984], [-120.48603800036823, 38.95896799980623], [-120.48591100014661, 38.95907300017724], [-120.4858550000701, 38.9591609996964], [-120.48566500009933, 38.95929299981805], [-120.48528500015772, 38.95944600006414], [-120.48525300037066, 38.9594579999736], [-120.48488500012463, 38.95960000026126], [-120.48465999999375, 38.959665999943915], [-120.48459899989439, 38.95969200024653], [-120.48441800014442, 38.95977099997913], [-120.48435799986994, 38.95979799982333], [-120.48398399977616, 38.959938999851495], [-120.48328199961928, 38.96020500029002], [-120.48284200030152, 38.96027999976054], [-120.4827970000957, 38.96028799983908], [-120.4824459995681, 38.96031800030017], [-120.4821569998631, 38.96034199982169], [-120.4817979998379, 38.960243999745174], [-120.480911999558, 38.959930999733544], [-120.48013800032942, 38.959755999983635], [-120.47969499974032, 38.95978900010923], [-120.47927399979083, 38.9600199998597], [-120.47914099972145, 38.96015100020304], [-120.47850700023494, 38.96078299988554], [-120.47786100015458, 38.96145900028247], [-120.4770810001799, 38.962462999996006], [-120.47644799961998, 38.9631659996884], [-120.47604699976199, 38.9635010001708], [-120.47528799970372, 38.963923999657595], [-120.47478200026374, 38.96438000019388], [-120.47446599989625, 38.96457199979892], [-120.47360800010377, 38.96488599977058], [-120.47262999976235, 38.965154999707096], [-120.4720470003295, 38.965258999787906], [-120.47179399971118, 38.96530300025965], [-120.47098500032251, 38.96550699974048], [-120.470781000108, 38.965648999778686], [-120.47075099997076, 38.96581699968261], [-120.47064800003862, 38.9664069997225], [-120.47078199993292, 38.967504999819546], [-120.47064899986353, 38.96833999979591], [-120.47040199999132, 38.9688559998341], [-120.47015699976893, 38.969151999832405], [-120.47007300010335, 38.969254000040756], [-120.46988200030765, 38.969488000087], [-120.46980600013964, 38.96954200004157], [-120.46969900000956, 38.9696189996858], [-120.46965700017677, 38.96964099996786], [-120.46922199998357, 38.97051399986738], [-120.46892599970755, 38.97088799970573], [-120.46875099980535, 38.971101999658686], [-120.46850399993316, 38.97139300017272], [-120.46811099957276, 38.971717000346366], [-120.46777300036229, 38.97183800032427], [-120.46659900020231, 38.97193699983496], [-120.4663039997512, 38.97213399973358], [-120.46578999991533, 38.97294199990239], [-120.46575999977809, 38.97295900008522], [-120.46525599998792, 38.97325499969817], [-120.46497499978052, 38.97349099996604], [-120.46457399992252, 38.97389200020689], [-120.46430699995885, 38.97432499983838], [-120.46404599984294, 38.97491300011544], [-120.46369500021365, 38.9757370001658], [-120.46347000008276, 38.97613700021164], [-120.46325900019556, 38.976351999712975], [-120.46312500030126, 38.9764999999161], [-120.46298499966086, 38.976637000059654], [-120.46246400015227, 38.97719100027694], [-120.46209199970829, 38.977735000097184], [-120.46181800007187, 38.97838300029304], [-120.46174699992679, 38.978443999858435], [-120.461705000094, 38.978646999888284], [-120.46156500035191, 38.97924499993424], [-120.46145999987162, 38.98052999973554], [-120.4613610001374, 38.981188999933444], [-120.46107300025733, 38.981989999681446], [-120.46048200042854, 38.98377499966213], [-120.46009599974083, 38.98449399969062], [-120.45963799998142, 38.98499900019212], [-120.45882299984666, 38.98531199976342], [-120.45846399982148, 38.98551499965352], [-120.45775400016697, 38.98606499990478], [-120.45731800014887, 38.98624599972579], [-120.45726799992015, 38.98625899988801], [-120.45512299998981, 38.98682800008364], [-120.45456700032109, 38.98688299997918], [-120.45324500002312, 38.9871679998325], [-120.4528299999214, 38.98726200010335], [-120.45194299981664, 38.98760199986242], [-120.45190900037976, 38.98763000015588], [-120.45150000012583, 38.98793699997874], [-120.45121300007068, 38.98841100006294], [-120.45116200001702, 38.988496999696764], [-120.45114899959826, 38.988662000252425], [-120.45110000009275, 38.98893599999122], [-120.45108500002415, 38.98923799972318], [-120.45112100000915, 38.98957299977725], [-120.45140899988925, 38.990100999715864], [-120.45202099963443, 38.99093500014778], [-120.4522009995595, 38.99126400014677], [-120.45226699968174, 38.99138500023712], [-120.45232399958313, 38.99147799996398], [-120.45235200007056, 38.991708999702844], [-120.45240800014703, 38.99205999989397], [-120.45244300030714, 38.99228799967026], [-120.45250600005633, 38.992702999772675], [-120.45274600025583, 38.99338299984493], [-120.45315399978654, 38.99388300008307], [-120.45336499967371, 38.99415800034901], [-120.45382900017921, 38.99486599992992], [-120.4538199999584, 38.99492799973737], [-120.45373799994263, 38.99551299994199], [-120.45354100029914, 38.995946999768954], [-120.45336600039694, 38.99634799989433], [-120.45293700005155, 38.99752300004163], [-120.45248699978976, 38.99832399997162], [-120.45181099957215, 38.9988789998556], [-120.45097399969606, 38.99923599981614], [-120.45067800031838, 38.99937899965883], [-120.45057299983809, 38.99951499979276], [-120.45054299970084, 38.999553000224914], [-120.45052699980732, 38.99959500020119], [-120.45050800043906, 38.9996440002583], [-120.45042800007313, 38.999767000109735], [-120.45032299959283, 38.999906999742855], [-120.45016399958416, 39.00026299969636], [-120.44993699980343, 39.00111099967334], [-120.44972599991624, 39.001693999652026], [-120.44960200006767, 39.002254999798275], [-120.44959299984686, 39.0024929997857], [-120.44956299970961, 39.00334899966304], [-120.44967999988549, 39.00524999975098], [-120.44960899974038, 39.005522999855685], [-120.4495970000448, 39.00556600010856], [-120.44956299970961, 39.00569800029944], [-120.44955299966388, 39.00574200007562], [-120.44946499980034, 39.00608300003094], [-120.44888599966711, 39.006681999671734], [-120.44884899985718, 39.00670400030435], [-120.44852800036512, 39.006898999869094], [-120.44726399979345, 39.007611999819325], [-120.44612499979358, 39.00831099967258], [-120.44583000024082, 39.008739000259446], [-120.44571100041513, 39.00891399972735], [-120.44543100003263, 39.00989099994515], [-120.44538099980392, 39.010066000053016], [-120.44541299959097, 39.01054199971925], [-120.44544899957597, 39.011048999835026], [-120.44556699957677, 39.01251499984012], [-120.44558900021637, 39.012780000094246], [-120.44556499992693, 39.01317400027732], [-120.4455549998812, 39.01334799971965], [-120.44554499983545, 39.013433000238294], [-120.44550300000266, 39.01365199969965], [-120.44547399969032, 39.01388300033756], [-120.44541799961384, 39.0140419997671], [-120.44536300026057, 39.01420199974527], [-120.44512899990885, 39.01477600031772], [-120.44497400009816, 39.015261000036], [-120.44506100013676, 39.01570799980824], [-120.44527299984888, 39.01651799992556], [-120.44527299984888, 39.01658000030196], [-120.4452739996738, 39.017044000177066], [-120.44522799964304, 39.017462000038876], [-120.44521299957444, 39.01759499982568], [-120.44504799971797, 39.01798800024768], [-120.44497599974797, 39.01812400020108], [-120.44486299977007, 39.01833899989149], [-120.44457300024015, 39.018766999815675], [-120.44423699978118, 39.01910299979336], [-120.44397900003831, 39.01940300031859], [-120.44368399958721, 39.01982100019366], [-120.44355100041612, 39.02001099995441], [-120.44330500036884, 39.02042600006232], [-120.44317700032234, 39.020641999849154], [-120.4431560004059, 39.02067799986582], [-120.44291600020642, 39.021031999751024], [-120.4428030002285, 39.02129800030037], [-120.4427250004107, 39.02153200000346], [-120.44271000034209, 39.02169000027761], [-120.44265599991543, 39.021838999996206], [-120.44259399999113, 39.02201299975255], [-120.44237999973089, 39.0227500001771], [-120.4423730000582, 39.0227769997352], [-120.4422600000803, 39.02303199978351], [-120.44225199968437, 39.023038999667854], [-120.44222200044547, 39.023064999730764], [-120.44213500040681, 39.02314500002536], [-120.44210600009453, 39.02317200013051], [-120.44198300007088, 39.023282999989185], [-120.44155399972546, 39.02350299972859], [-120.44128000008907, 39.02356699971458], [-120.43998999957816, 39.02387099972902], [-120.43967300028406, 39.02398099981621], [-120.43916799977067, 39.02420699987702], [-120.43873799960035, 39.02458599967884], [-120.43857000026918, 39.02473600033181], [-120.43838000029838, 39.0249260001437], [-120.43822100028974, 39.02533100020539], [-120.43820700004602, 39.025366999927996], [-120.43816500021323, 39.025477999829626], [-120.43808400002239, 39.02569799971682], [-120.4379939996107, 39.02591800031509], [-120.43793599988437, 39.026064000074], [-120.43770800027873, 39.02662700030273], [-120.4376410003316, 39.0267800002048], [-120.43761200001927, 39.02684900016177], [-120.43758600008, 39.0269329997757], [-120.43749999986626, 39.02714699986982], [-120.43735799957607, 39.02727900025695], [-120.437141999666, 39.02738899992608], [-120.43670399999807, 39.0274940000215], [-120.43628700024654, 39.027581000321355], [-120.43584500038067, 39.027787999738045], [-120.43572999985463, 39.02785100001663], [-120.43557500004394, 39.02793799987713], [-120.43529899985941, 39.02816299983784], [-120.43524000030818, 39.028396999846684], [-120.43510499969064, 39.02838599976518], [-120.43167500017054, 39.02809699980259], [-120.42098300013069, 39.02719799973142], [-120.41741899981795, 39.02689900020982], [-120.4164380000018, 39.026815999887354], [-120.41349499965509, 39.02656899979716], [-120.41251499966388, 39.02648699981935], [-120.41224799970018, 39.02646499975808], [-120.40879200024081, 39.02627099974601], [-120.39762200035007, 39.02564400002994], [-120.39389900002868, 39.025434999819254], [-120.3929729995658, 39.02540100023074], [-120.39019499997387, 39.02529899997132], [-120.38927000023422, 39.0252650003174], [-120.3890140001412, 39.025247000083475], [-120.38824599986206, 39.02519500015737], [-120.38798999976905, 39.02517799995853], [-120.38705499998366, 39.02511500008903], [-120.38425300010225, 39.0249260001437], [-120.38331900014178, 39.02486300004962], [-120.38278600003933, 39.02483499983472], [-120.38118900028003, 39.02475299993912], [-120.38065700000249, 39.02472599973989], [-120.38005399957981, 39.024694999989535], [-120.37824500010844, 39.02460199995907], [-120.37764199968574, 39.024572000215755], [-120.37756499969284, 39.02456799996991], [-120.3773339997142, 39.024555999928744], [-120.3772580004445, 39.024551999682], [-120.376581000402, 39.02451700030444], [-120.37602900003294, 39.024488999952496], [-120.37455399957409, 39.02457799988629], [-120.37387900007973, 39.024619000296425], [-120.37323399982424, 39.02458699974006], [-120.37130099960599, 39.0244940002654], [-120.37065700007376, 39.024463999778426], [-120.3462810001418, 39.02330100002535], [-120.32846600039765, 39.02244899980404], [-120.32812200044108, 39.02243299973444], [-120.3280549995956, 39.02243600000947], [-120.32682500025746, 39.022501999747064], [-120.32641600000356, 39.022524999736284], [-120.32624500029931, 39.02253399985141], [-120.32573399993817, 39.02256100018997], [-120.32556400005883, 39.022570999692334], [-120.32506199991852, 39.022598000016714], [-120.32355800004564, 39.02267900023011], [-120.32305699973021, 39.022706999903136], [-120.3097219998176, 39.023432999917524], [-120.30867400005434, 39.023432999917524], [-120.30035100025081, 39.02343999976216], [-120.29853900040636, 39.023440999839586], [-120.2985000000483, 39.023437000227595], [-120.29847699958378, 39.023440999839586], [-120.29691300033477, 39.023441999917054], [-120.29434699955661, 39.02344400007189], [-120.29274499977447, 39.02344400007189], [-120.26085699997586, 39.02345899983547], [-120.2606500002866, 39.02345899983547], [-120.26008399967385, 39.02345899983547], [-120.25936899999651, 39.02345999991269], [-120.25934300005724, 39.024440999722124], [-120.25933600038456, 39.02474400010648], [-120.25907299972049, 39.02474300004743], [-120.257341000242, 39.02473899981121], [-120.25214800038293, 39.02472899991761], [-120.25102399955335, 39.02472699979912], [-120.25058699971035, 39.024674000128435], [-120.25057500001479, 39.0246730000684], [-120.25042100002902, 39.024657999864516], [-120.25027999956369, 39.024643999717796], [-120.25013999982163, 39.02463000026625], [-120.2497799999715, 39.02459400016833], [-120.24697999973992, 39.024317000139284], [-120.2404100002296, 39.02366800030518], [-120.24027799998514, 39.027434000185444], [-120.2401569996113, 39.03088900000046], [-120.23882699981573, 39.030899999692416], [-120.2348399999037, 39.030935000096434], [-120.23376299982809, 39.030944999809975], [-120.23351099993302, 39.03094799972374], [-120.23337700003871, 39.03094899969496], [-120.2332499998171, 39.030946999752466], [-120.2324670003677, 39.030935000096434], [-120.23220700007668, 39.03093100021067], [-120.23206999980934, 39.03092900026768], [-120.23166099955544, 39.03092299974054], [-120.2315250000113, 39.030920999797374], [-120.23040699992782, 39.03090400027776], [-120.22705500022552, 39.03085300029888], [-120.22593799996694, 39.03083700003798], [-120.22224399995788, 39.0308189998273], [-120.21116299975557, 39.03076599983949], [-120.20746999957142, 39.03074900028263], [-120.20708600033018, 39.03074299974027], [-120.20593499973643, 39.03072600017789], [-120.20559099977983, 39.03072200028025], [-120.20555200032011, 39.03072200028025], [-120.2052700002878, 39.03072200028025], [-120.2044259998407, 39.0307240002291], [-120.2041449996333, 39.030725000203475], [-120.2029610003259, 39.03072800012662], [-120.2002020001022, 39.030768999760895], [-120.18837500026041, 39.03094799972374], [-120.18443299965591, 39.03100800006592], [-120.18409799992016, 39.03101399988802], [-120.1840090002317, 39.03221799993362], [-120.18368000034373, 39.03669800026324], [-120.18367100012289, 39.03683299992076], [-120.18366399955185, 39.0369389998277], [-120.18364699983344, 39.03717999996562], [-120.1835599997948, 39.038371999835014], [-120.17985300026527, 39.03839399967876], [-120.16873400042815, 39.03846200029414], [-120.16502799982518, 39.038484999974436], [-120.16499400038832, 39.042341999691644], [-120.16496400025108, 39.045787000039134], [-120.15683399989311, 39.04579999972491], [-120.15297599985249, 39.045807000145054], [-120.15298000005046, 39.04730099978979], [-120.15299400029414, 39.0517850003252], [-120.15299900031704, 39.053280000143715], [-120.15300000014194, 39.053639999965895], [-120.15300299961667, 39.05472000028008], [-120.15300400033989, 39.054791999760255], [-120.15300500016481, 39.05508100006445], [-120.15300599998973, 39.05569799979236], [-120.1530110000126, 39.057549999706815], [-120.15301299966241, 39.05792700007984], [-120.15301400038565, 39.05816799976872], [-120.15301400038565, 39.05819299987748], [-120.15301400038565, 39.058268000150726], [-120.15301500021054, 39.058293000224076], [-120.15301699986038, 39.058572999743454], [-120.15302400043139, 39.05941499984413], [-120.15302699990613, 39.05969600005872], [-120.15302299970816, 39.060014000317885], [-120.15302100005833, 39.0603289997811], [-120.15238000000082, 39.06031900004117], [-120.1520619999835, 39.060314999726295], [-120.15187899968541, 39.06031199966435], [-120.15132999968942, 39.060303999731104], [-120.15114700028963, 39.06030199992201], [-120.15079300028731, 39.06029700005034], [-120.15075700030228, 39.060295999796956], [-120.14958700034025, 39.06027999992589], [-120.14919700035293, 39.060275000052656], [-120.14900800020702, 39.06027199998901], [-120.14844099976936, 39.06026400005124], [-120.1482530003467, 39.06026200024102], [-120.14810000018585, 39.06025900017683], [-120.14764400007626, 39.060253000048114], [-120.14760800009125, 39.060253000048114], [-120.1474919997403, 39.06025499985854], [-120.1473369999296, 39.06025699966897], [-120.14687499997223, 39.060262999797345], [-120.14674899957554, 39.06026500030508], [-120.14672199981135, 39.06026400005124], [-120.14609699964738, 39.06024999998354], [-120.14422200005374, 39.06021099983014], [-120.14359799971467, 39.060198000006714], [-120.1436050002857, 39.0608039997464], [-120.14362799985192, 39.062623000061826], [-120.14363600024784, 39.06323000012325], [-120.14363799989765, 39.063506999667155], [-120.1436410002707, 39.06389400024917], [-120.14364399974544, 39.06433800014733], [-120.1436460002936, 39.064615999720736], [-120.14365200014136, 39.06562699986274], [-120.14365399979118, 39.06572199995695], [-120.14366300001203, 39.06720600010882], [-120.14366300001203, 39.0672650001914], [-120.14366300001203, 39.06728499979445], [-120.14363799989765, 39.067287000103164], [-120.1436050002857, 39.06728200002872], [-120.14331999988033, 39.06729300033157], [-120.14313400010751, 39.06730000001615], [-120.1424239995547, 39.06732300007084], [-120.1423249998205, 39.06732800014244], [-120.14214599972036, 39.067346000118086], [-120.1412610001637, 39.06739300034289], [-120.14113300011718, 39.06738300020866], [-120.14038699957939, 39.06733300021362], [-120.14033600042407, 39.06734399981106], [-120.14024299963933, 39.06735500010419], [-120.14009100020168, 39.067368000004606], [-120.13999199956918, 39.067368000004606], [-120.13954100038077, 39.067406999691535], [-120.13951299989337, 39.067403999930974], [-120.13949199997695, 39.06740200032306], [-120.13945699981687, 39.067407999844164], [-120.13936899995332, 39.067412999909685], [-120.13919499987607, 39.06741199975713], [-120.1390230003469, 39.067420999734814], [-120.13893899978302, 39.0674219998873], [-120.13875499966001, 39.06741000014944], [-120.138690000261, 39.067407999844164], [-120.13864500005515, 39.067405000083646], [-120.13857300008512, 39.06740299977829], [-120.13848600004646, 39.06740299977829], [-120.13839499980988, 39.067403999930974], [-120.13830600012145, 39.067401000170285], [-120.13801700041643, 39.06738899973144], [-120.1379160001341, 39.0673910000372], [-120.13776499962304, 39.06738499981717], [-120.13772000031548, 39.06738300020866], [-120.13761700038334, 39.06737999974961], [-120.13743300026033, 39.06736900015784], [-120.13717999964202, 39.0673659996982], [-120.13693699996777, 39.067356000257554], [-120.13685699960185, 39.06734700027159], [-120.13661200027776, 39.06732999975245], [-120.13558500043091, 39.06741599966986], [-120.13484899993882, 39.06741799997491], [-120.13467999988441, 39.06741900012738], [-120.13449400011159, 39.06742000027984], [-120.13444200023304, 39.06742000027984], [-120.13428700042233, 39.06742000027984], [-120.1342360003687, 39.067420999734814], [-120.13316500014089, 39.06738499981717], [-120.13221500028689, 39.067388000275955], [-120.13145299985558, 39.06739200019004], [-120.13131899996128, 39.06738700012304], [-120.13127700012849, 39.06738499981717], [-120.13126100023496, 39.06738399966416], [-120.13122799972469, 39.06738300020866], [-120.13113400001335, 39.06738300020866], [-120.13093300017191, 39.06738599997011], [-120.13074200037619, 39.06739600010392], [-120.13031899987857, 39.06740000001756], [-120.13021799959625, 39.06740000001756], [-120.13011700021222, 39.067403999930974], [-120.12980500004267, 39.067397999712064], [-120.1294829998274, 39.06741100030202], [-120.12935200030614, 39.06741599966986], [-120.12933399986447, 39.06741699982236], [-120.129313999773, 39.06741799997491], [-120.12927100011528, 39.06741799997491], [-120.12919800032036, 39.067420999734814], [-120.12912700017525, 39.06742599979947], [-120.12893100035666, 39.06743999983898], [-120.12881099980775, 39.067443000295484], [-120.1284340002392, 39.06744399975013], [-120.1267520000911, 39.06745100011721], [-120.12656100029541, 39.06745200026921], [-120.12605599978203, 39.067455000027735], [-120.12602700036803, 39.067455000027735], [-120.12564099968034, 39.0672899998687], [-120.12193800034875, 39.06733300021362], [-120.11110999986641, 39.06745899993803], [-120.10022500038104, 39.0674619996962], [-120.08933999999732, 39.06746500015176], [-120.088212999693, 39.067466000303575], [-120.087086000287, 39.067466000303575], [-120.06547200005348, 39.06747199981929], [-120.04385699999506, 39.06747800003191], [-120.03557699984924, 39.0674800003352], [-120.03077399997755, 39.06748199994091], [-120.01769199978492, 39.06748499969816], [-120.01073999978486, 39.06748599984968], [-120.01007600016115, 39.06748700000119], [-120.00246100036227, 39.06748900030422], [-120.00250800021794, 39.06972799987625], [-120.00265200015801, 39.07644599993854], [-120.00269999983858, 39.07868599986139], [-120.00271200043245, 39.07924399991844], [-120.00272400012801, 39.07980099976939], [-120.00284499960354, 39.08548599980952], [-120.00307599958222, 39.0962439999942], [-120.00328300016973, 39.10588599965994], [-120.0034289997596, 39.11268700024083], [-120.00361100023281, 39.11984400001583], [-120.00374099992916, 39.12491000020776], [-120.00383399981558, 39.13162699978532], [-120.0039409999457, 39.14131900012176], [-120.00402100031165, 39.14847800023597], [-120.00402399978637, 39.148764000113744], [-120.00429699959783, 39.16560300034056], [-120.00442899984235, 39.17798100009331], [-120.00453000012466, 39.187444999942954], [-120.00548400017662, 39.21630700020151], [-120.00554100007803, 39.21802900005775], [-120.00556299981935, 39.2186949999688], [-120.00556299981935, 39.22002199995134], [-120.005609999675, 39.221753999656805], [-120.00563399996446, 39.22261000015962], [-120.00571000013244, 39.22522600030698], [-120.00572699985086, 39.22582799999876], [-120.00572600002596, 39.226040000013406], [-120.00572400037612, 39.22644599982292], [-120.00572199982798, 39.226972999980816], [-120.00557700006303, 39.227425999909045], [-120.00559799997946, 39.22798699973996], [-120.00561100039822, 39.22833499990811], [-120.00562899994159, 39.22885700005615], [-120.00566800029964, 39.22936000022087], [-120.00569800043688, 39.22977199992206], [-120.00569300041398, 39.233234000308954], [-120.0056790001703, 39.23624900019007], [-120.0056799999952, 39.24403799997436], [-120.00568599984298, 39.24426299989258], [-120.00574600011744, 39.24629200026202], [-120.00575600016317, 39.24665499968379], [-120.00578799995023, 39.24774599994859], [-120.00579899982088, 39.24810999986696], [-120.00592900041556, 39.2525570002939], [-120.00610299959452, 39.25849100026131], [-120.00629299956529, 39.26590099987236], [-120.00640800009133, 39.27035000002964], [-120.00645499994701, 39.27219400033799], [-120.00647300038868, 39.27287800033757], [-120.00645599977193, 39.27772899991903], [-120.00645199957397, 39.278897000174204], [-120.00644999992411, 39.279573999959375], [-120.0064480002743, 39.27982399990321], [-120.00644599972617, 39.28057699966412], [-120.00644599972617, 39.28082800010353]]]}, "properties": {"GEOID": "06061", "NAME": "Placer County"}}]}