place,kind,zcta,city,latitude,longitude,zhvi,zori,date,label_dx,label_dy,note,hudSafmr,blendedRent,rentSource,hudFiscalYear
95747 Roseville,zcta,95747,Roseville,38.7784212,-121.3688294,429549,1843,2016-04-30,10,0,Zillow ZIP-level market for Roseville; mapped with Census 2020 ZCTA 95747 in Placer County.,,1843,Zillow ZORI,
95648 Lincoln,zcta,95648,Lincoln,38.9228115,-121.3120046,420301,,2016-04-30,10,0,Zillow ZIP-level market for Lincoln; mapped with Census 2020 ZCTA 95648 in Placer County.,,,,
95678 Roseville,zcta,95678,Roseville,38.7653528,-121.2884731,350354,1371,2016-04-30,10,0,Zillow ZIP-level market for Roseville; mapped with Census 2020 ZCTA 95678 in Placer County.,,1371,Zillow ZORI,
95765 Rocklin,zcta,95765,Rocklin,38.8197384,-121.2783211,473854,,2016-04-30,10,0,Zillow ZIP-level market for Rocklin; mapped with Census 2020 ZCTA 95765 in Placer County.,,,,
95661 Roseville,zcta,95661,Roseville,38.7412743,-121.2492663,424073,,2016-04-30,10,0,Zillow ZIP-level market for Roseville; mapped with Census 2020 ZCTA 95661 in Placer County.,,,,
95603 Auburn,zcta,95603,Auburn,38.911346,-121.0857601,410778,,2016-04-30,10,0,Zillow ZIP-level market for Auburn; mapped with Census 2020 ZCTA 95603 in Placer County.,,,,
95677 Rocklin,zcta,95677,Rocklin,38.79292,-121.232006,413387,,2016-04-30,10,0,Zillow ZIP-level market for Rocklin; mapped with Census 2020 ZCTA 95677 in Placer County.,,,,
95746 Granite Bay,zcta,95746,Granite Bay,38.7469238,-121.1664336,684468,,2016-04-30,10,0,Zillow ZIP-level market for Granite Bay; mapped with Census 2020 ZCTA 95746 in Placer County.,,,,
95602 Auburn,zcta,95602,Auburn,38.9914911,-121.1035441,442944,,2016-04-30,10,0,Zillow ZIP-level market for Auburn; mapped with Census 2020 ZCTA 95602 in Placer County.,,,,
95650 Loomis,zcta,95650,Loomis,38.8091745,-121.171375,526185,,2016-04-30,10,0,Zillow ZIP-level market for Loomis; mapped with Census 2020 ZCTA 95650 in Placer County.,,,,
95713 Colfax,zcta,95713,Colfax,39.0813467,-120.9323895,341158,,2016-04-30,10,0,Zillow ZIP-level market for Colfax; mapped with Census 2020 ZCTA 95713 in Placer County.,,,,
95658 Newcastle,zcta,95658,Newcastle,38.8811828,-121.1690138,540114,,2016-04-30,10,0,Zillow ZIP-level market for Newcastle; mapped with Census 2020 ZCTA 95658 in Placer County.,,,,
95722 Meadow Vista,zcta,95722,Meadow Vista,39.0098006,-121.0347072,453925,,2016-04-30,10,0,Zillow ZIP-level market for Meadow Vista; mapped with Census 2020 ZCTA 95722 in Placer County.,,,,
95631 Foresthill,zcta,95631,Foresthill,39.0549436,-120.7539748,334727,,2016-04-30,10,0,Zillow ZIP-level market for Foresthill; mapped with Census 2020 ZCTA 95631 in Placer County.,,,,
96143 Kings Beach,zcta,96143,Kings Beach,39.2605746,-120.0262906,458888,,2016-04-30,10,0,Zillow ZIP-level market for Kings Beach; mapped with Census 2020 ZCTA 96143 in Placer County.,,,,
95663 Penryn,zcta,95663,Penryn,38.8573725,-121.1825262,541432,,2016-04-30,10,0,Zillow ZIP-level market for Penryn; mapped with Census 2020 ZCTA 95663 in Placer County.,,,,
96145 Tahoe City,zcta,96145,Tahoe City,39.1809984,-120.151396,708712,,2016-04-30,10,0,Zillow ZIP-level market for Tahoe City; mapped with Census 2020 ZCTA 96145 in Placer County.,,,,
96146 Olympic Valley,zcta,96146,Olympic Valley,39.2158973,-120.2451697,787199,,2016-04-30,10,0,Zillow ZIP-level market for Olympic Valley; mapped with Census 2020 ZCTA 96146 in Placer County.,,,,
95668 Pleasant Grove,zcta,95668,Pleasant Grove,38.8275549,-121.4951816,471438,,2016-04-30,10,0,Zillow ZIP-level market for Pleasant Grove; mapped with Census 2020 ZCTA 95668 in Placer County.,,,,
96148 Tahoe Vista,zcta,96148,Tahoe Vista,39.249777,-120.0575895,554042,,2016-04-30,10,0,Zillow ZIP-level market for Tahoe Vista; mapped with Census 2020 ZCTA 96148 in Placer County.,,,,
96140 Carnelian Bay,zcta,96140,Carnelian Bay,39.2320185,-120.0963996,671026,,2016-04-30,10,0,Zillow ZIP-level market for Carnelian Bay; mapped with Census 2020 ZCTA 96140 in Placer County.,,,,
96142 Tahoma,zcta,96142,Tahoma,38.9986311,-120.1038814,515573,,2016-04-30,10,0,Zillow ZIP-level market for Tahoma; mapped with Census 2020 ZCTA 96142 in Placer County.,,,,
95703 Applegate,zcta,95703,Applegate,38.9890274,-120.9877751,384394,,2016-04-30,10,0,Zillow ZIP-level market for Applegate; mapped with Census 2020 ZCTA 95703 in Placer County.,,,,
95681 Sheridan,zcta,95681,Sheridan,38.9980915,-121.354198,298853,,2016-04-30,10,0,Zillow ZIP-level market for Sheridan; mapped with Census 2020 ZCTA 95681 in Placer County.,,,,
95701 Alta,zcta,95701,Alta,39.226549,-120.7670224,295189,,2016-04-30,10,0,Zillow ZIP-level market for Alta; mapped with Census 2020 ZCTA 95701 in Placer County.,,,,
95715 nan,zcta,95715,nan,39.2766508,-120.644012,235219,,2016-04-30,10,0,Zillow ZIP-level market for nan; mapped with Census 2020 ZCTA 95715 in Placer County.,,,,
95728 Soda Springs,zcta,95728,Soda Springs,39.2946534,-120.4014066,460698,,2016-04-30,10,0,Zillow ZIP-level market for Soda Springs; mapped with Census 2020 ZCTA 95728 in Placer County.,,,,
95714 Dutch Flat,zcta,95714,Dutch Flat,39.2011586,-120.8367976,259135,,2016-04-30,10,0,Zillow ZIP-level market for Dutch Flat; mapped with Census 2020 ZCTA 95714 in Placer County.,,,,
96141 Homewood,zcta,96141,Homewood,39.0989284,-120.2052313,801966,,2016-04-30,10,0,Zillow ZIP-level market for Homewood; mapped with Census 2020 ZCTA 96141 in Placer County.,,,,
95747 Roseville,zcta,95747,Roseville,38.7784212,-121.3688294,431430,1852,2016-05-31,10,0,Zillow ZIP-level market for Roseville; mapped with Census 2020 ZCTA 95747 in Placer County.,,1852,Zillow ZORI,
95648 Lincoln,zcta,95648,Lincoln,38.9228115,-121.3120046,422395,1895,2016-05-31,10,0,Zillow ZIP-level market for Lincoln; mapped with Census 2020 ZCTA 95648 in Placer County.,,1895,Zillow ZORI,
95678 Roseville,zcta,95678,Roseville,38.7653528,-121.2884731,352478,1393,2016-05-31,10,0,Zillow ZIP-level market for Roseville; mapped with Census 2020 ZCTA 95678 in Placer County.,,1393,Zillow ZORI,
95765 Rocklin,zcta,95765,Rocklin,38.8197384,-121.2783211,475447,,2016-05-31,10,0,Zillow ZIP-level market for Rocklin; mapped with Census 2020 ZCTA 95765 in Placer County.,,,,
95661 Roseville,zcta,95661,Roseville,38.7412743,-121.2492663,425679,,2016-05-31,10,0,Zillow ZIP-level market for Roseville; mapped with Census 2020 ZCTA 95661 in Placer County.,,,,
95603 Auburn,zcta,95603,Auburn,38.911346,-121.0857601,412512,,2016-05-31,10,0,Zillow ZIP-level market for Auburn; mapped with Census 2020 ZCTA 95603 in Placer County.,,,,
95677 Rocklin,zcta,95677,Rocklin,38.79292,-121.232006,414601,,2016-05-31,10,0,Zillow ZIP-level market for Rocklin; mapped with Census 2020 ZCTA 95677 in Placer County.,,,,
95746 Granite Bay,zcta,95746,Granite Bay,38.7469238,-121.1664336,687846,,2016-05-31,10,0,Zillow ZIP-level market for Granite Bay; mapped with Census 2020 ZCTA 95746 in Placer County.,,,,
95602 Auburn,zcta,95602,Auburn,38.9914911,-121.1035441,444437,,2016-05-31,10,0,Zillow ZIP-level market for Auburn; mapped with Census 2020 ZCTA 95602 in Placer County.,,,,
95650 Loomis,zcta,95650,Loomis,38.8091745,-121.171375,529153,,2016-05-31,10,0,Zillow ZIP-level market for Loomis; mapped with Census 2020 ZCTA 95650 in Placer County.,,,,
95713 Colfax,zcta,95713,Colfax,39.0813467,-120.9323895,343395,,2016-05-31,10,0,Zillow ZIP-level market for Colfax; mapped with Census 2020 ZCTA 95713 in Placer County.,,,,
95658 Newcastle,zcta,95658,Newcastle,38.8811828,-121.1690138,542864,,2016-05-31,10,0,Zillow ZIP-level market for Newcastle; mapped with Census 2020 ZCTA 95658 in Placer County.,,,,
95722 Meadow Vista,zcta,95722,Meadow Vista,39.0098006,-121.0347072,456546,,2016-05-31,10,0,Zillow ZIP-level market for Meadow Vista; mapped with Census 2020 ZCTA 95722 in Placer County.,,,,
95631 Foresthill,zcta,95631,Foresthill,39.0549436,-120.7539748,336909,,2016-05-31,10,0,Zillow ZIP-level market for Foresthill; mapped with Census 2020 ZCTA 95631 in Placer County.,,,,
96143 Kings Beach,zcta,96143,Kings Beach,39.2605746,-120.0262906,459721,,2016-05-31,10,0,Zillow ZIP-level market for Kings Beach; mapped with Census 2020 ZCTA 96143 in Placer County.,,,,
95663 Penryn,zcta,95663,Penryn,38.8573725,-121.1825262,544847,,2016-05-31,10,0,Zillow ZIP-level market for Penryn; mapped with Census 2020 ZCTA 95663 in Placer County.,,,,
96145 Tahoe City,zcta,96145,Tahoe City,39.1809984,-120.151396,708599,,2016-05-31,10,0,Zillow ZIP-level market for Tahoe City; mapped with Census 2020 ZCTA 96145 in Placer County.,,,,
96146 Olympic Valley,zcta,96146,Olympic Valley,39.2158973,-120.2451697,783552,,2016-05-31,10,0,Zillow ZIP-level market for Olympic Valley; mapped with Census 2020 ZCTA 96146 in Placer County.,,,,
95668 Pleasant Grove,zcta,95668,Pleasant Grove,38.8275549,-121.4951816,474694,,2016-05-31,10,0,Zillow ZIP-level market for Pleasant Grove; mapped with Census 2020 ZCTA 95668 in Placer County.,,,,
96148 Tahoe Vista,zcta,96148,Tahoe Vista,39.249777,-120.0575895,554345,,2016-05-31,10,0,Zillow ZIP-level market for Tahoe Vista; mapped with Census 2020 ZCTA 96148 in Placer County.,,,,
96140 Carnelian Bay,zcta,96140,Carnelian Bay,39.2320185,-120.0963996,669851,,2016-05-31,10,0,Zillow ZIP-level market for Carnelian Bay; mapped with Census 2020 ZCTA 96140 in Placer County.,,,,
96142 Tahoma,zcta,96142,Tahoma,38.9986311,-120.1038814,516129,,2016-05-31,10,0,Zillow ZIP-level market for Tahoma; mapped with Census 2020 ZCTA 96142 in Placer County.,,,,
95703 Applegate,zcta,95703,Applegate,38.9890274,-120.9877751,386681,,2016-05-31,10,0,Zillow ZIP-level market for Applegate; mapped with Census 2020 ZCTA 95703 in Placer County.,,,,
95681 Sheridan,zcta,95681,Sheridan,38.9980915,-121.354198,304374,,2016-05-31,10,0,Zillow ZIP-level market for Sheridan; mapped with Census 2020 ZCTA 95681 in Placer County.,,,,
95701 Alta,zcta,95701,Alta,39.226549,-120.7670224,297122,,2016-05-31,10,0,Zillow ZIP-level market for Alta; mapped with Census 2020 ZCTA 95701 in Placer County.,,,,
95715 nan,zcta,95715,nan,39.2766508,-120.644012,239065,,2016-05-31,10,0,Zillow ZIP-level market for nan; mapped with Census 2020 ZCTA 95715 in Placer County.,,,,
95728 Soda Springs,zcta,95728,Soda Springs,39.2946534,-120.4014066,461239,,2016-05-31,10,0,Zillow ZIP-level market for Soda Springs; mapped with Census 2020 ZCTA 95728 in Placer County.,,,,
95714 Dutch Flat,zcta,95714,Dutch Flat,39.2011586,-120.8367976,261145,,2016-05-31,10,0,Zillow ZIP-level market for Dutch Flat; mapped with Census 2020 ZCTA 95714 in Placer County.,,,,
96141 Homewood,zcta,96141,Homewood,39.0989284,-120.2052313,803662,,2016-05-31,10,0,Zillow ZIP-level market for Homewood; mapped with Census 2020 ZCTA 96141 in Placer County.,,,,
95747 Roseville,zcta,95747,Roseville,38.7784212,-121.3688294,432764,1879,2016-06-30,10,0,Zillow ZIP-level market for Roseville; mapped with Census 2020 ZCTA 95747 in Placer County.,,1879,Zillow ZORI,
95648 Lincoln,zcta,95648,Lincoln,38.9228115,-121.3120046,423822,1906,2016-06-30,10,0,Zillow ZIP-level market for Lincoln; mapped with Census 2020 ZCTA 95648 in Placer County.,,1906,Zillow ZORI,
95678 Roseville,zcta,95678,Roseville,38.7653528,-121.2884731,354274,1399,2016-06-30,10,0,Zillow ZIP-level market for Roseville; mapped with Census 2020 ZCTA 95678 in Placer County.,,1399,Zillow ZORI,
95765 Rocklin,zcta,95765,Rocklin,38.8197384,-121.2783211,476544,,2016-06-30,10,0,Zillow ZIP-level market for Rocklin; mapped with Census 2020 ZCTA 95765 in Placer County.,,,,
95661 Roseville,zcta,95661,Roseville,38.7412743,-121.2492663,426833,,2016-06-30,10,0,Zillow ZIP-level market for Roseville; mapped with Census 2020 ZCTA 95661 in Placer County.,,,,
95603 Auburn,zcta,95603,Auburn,38.911346,-121.0857601,413652,,2016-06-30,10,0,Zillow ZIP-level market for Auburn; mapped with Census 2020 ZCTA 95603 in Placer County.,,,,
95677 Rocklin,zcta,95677,Rocklin,38.79292,-121.232006,415444,,2016-06-30,10,0,Zillow ZIP-level market for Rocklin; mapped with Census 2020 ZCTA 95677 in Placer County.,,,,
95746 Granite Bay,zcta,95746,Granite Bay,38.7469238,-121.1664336,689514,,2016-06-30,10,0,Zillow ZIP-level market for Granite Bay; mapped with Census 2020 ZCTA 95746 in Placer County.,,,,
95602 Auburn,zcta,95602,Auburn,38.9914911,-121.1035441,445856,,2016-06-30,10,0,Zillow ZIP-level market for Auburn; mapped with Census 2020 ZCTA 95602 in Placer County.,,,,
95650 Loomis,zcta,95650,Loomis,38.8091745,-121.171375,531019,,2016-06-30,10,0,Zillow ZIP-level market for Loomis; mapped with Census 2020 ZCTA 95650 in Placer County.,,,,
95713 Colfax,zcta,95713,Colfax,39.0813467,-120.9323895,344099,,2016-06-30,10,0,Zillow ZIP-level market for Colfax; mapped with Census 2020 ZCTA 95713 in Placer County.,,,,
95658 Newcastle,zcta,95658,Newcastle,38.8811828,-121.1690138,545480,,2016-06-30,10,0,Zillow ZIP-level market for Newcastle; mapped with Census 2020 ZCTA 95658 in Placer County.,,,,
95722 Meadow Vista,zcta,95722,Meadow Vista,39.0098006,-121.0347072,458029,,2016-06-30,10,0,Zillow ZIP-level market for Meadow Vista; mapped with Census 2020 ZCTA 95722 in Placer County.,,,,
95631 Foresthill,zcta,95631,Foresthill,39.0549436,-120.7539748,338048,,2016-06-30,10,0,Zillow ZIP-level market for Foresthill; mapped with Census 2020 ZCTA 95631 in Placer County.,,,,
96143 Kings Beach,zcta,96143,Kings Beach,39.2605746,-120.0262906,459552,,2016-06-30,10,0,Zillow ZIP-level market for Kings Beach; mapped with Census 2020 ZCTA 96143 in Placer County.,,,,
95663 Penryn,zcta,95663,Penryn,38.8573725,-121.1825262,547166,,2016-06-30,10,0,Zillow ZIP-level market for Penryn; mapped with Census 2020 ZCTA 95663 in Placer County.,,,,
96145 Tahoe City,zcta,96145,Tahoe City,39.1809984,-120.151396,707497,,2016-06-30,10,0,Zillow ZIP-level market for Tahoe City; mapped with Census 2020 ZCTA 96145 in Placer County.,,,,
96146 Olympic Valley,zcta,96146,Olympic Valley,39.2158973,-120.2451697,776572,,2016-06-30,10,0,Zillow ZIP-level market for Olympic Valley; mapped with Census 2020 ZCTA 96146 in Placer County.,,,,
95668 Pleasant Grove,zcta,95668,Pleasant Grove,38.8275549,-121.4951816,477026,,2016-06-30,10,0,Zillow ZIP-level market for Pleasant Grove; mapped with Census 2020 ZCTA 95668 in Placer County.,,,,
96148 Tahoe Vista,zcta,96148,Tahoe Vista,39.249777,-120.0575895,554318,,2016-06-30,10,0,Zillow ZIP-level market for Tahoe Vista; mapped with Census 2020 ZCTA 96148 in Placer County.,,,,
96140 Carnelian Bay,zcta,96140,Carnelian Bay,39.2320185,-120.0963996,665446,,2016-06-30,10,0,Zillow ZIP-level market for Carnelian Bay; mapped with Census 2020 ZCTA 96140 in Placer County.,,,,
96142 Tahoma,zcta,96142,Tahoma,38.9986311,-120.1038814,516841,,2016-06-30,10,0,Zillow ZIP-level market for Tahoma; mapped with Census 2020 ZCTA 96142 in Placer County.,,,,
95703 Applegate,zcta,95703,Applegate,38.9890274,-120.9877751,387235,,2016-06-30,10,0,Zillow ZIP-level market for Applegate; mapped with Census 2020 ZCTA 95703 in Placer County.,,,,
95681 Sheridan,zcta,95681,Sheridan,38.9980915,-121.354198,309053,,2016-06-30,10,0,Zillow ZIP-level market for Sheridan; mapped with Census 2020 ZCTA 95681 in Placer County.,,,,
95701 Alta,zcta,95701,Alta,39.226549,-120.7670224,298571,,2016-06-30,10,0,Zillow ZIP-level market for Alta; mapped with Census 2020 ZCTA 95701 in Placer County.,,,,
95715 nan,zcta,95715,nan,39.2766508,-120.644012,242342,,2016-06-30,10,0,Zillow ZIP-level market for nan; mapped with Census 2020 ZCTA 95715 in Placer County.,,,,
95728 Soda Springs,zcta,95728,Soda Springs,39.2946534,-120.4014066,461917,,2016-06-30,10,0,Zillow ZIP-level market for Soda Springs; mapped with Census 2020 ZCTA 95728 in Placer County.,,,,
95714 Dutch Flat,zcta,95714,Dutch Flat,39.2011586,-120.8367976,262992,,2016-06-30,10,0,Zillow ZIP-level market for Dutch Flat; mapped with Census 2020 ZCTA 95714 in Placer County.,,,,
96141 Homewood,zcta,96141,Homewood,39.0989284,-120.2052313,801904,,2016-06-30,10,0,Zillow ZIP-level market for Homewood; mapped with Census 2020 ZCTA 96141 in Placer County.,,,,
95747 Roseville,zcta,95747,Roseville,38.7784212,-121.3688294,433653,1900,2016-07-31,10,0,Zillow ZIP-level market for Roseville; mapped with Census 2020 ZCTA 95747 in Placer County.,,1900,Zillow ZORI,
95648 Lincoln,zcta,95648,Lincoln,38.9228115,-121.3120046,424783,1880,2016-07-31,10,0,Zillow ZIP-level market for Lincoln; mapped with Census 2020 ZCTA 95648 in Placer County.,,1880,Zillow ZORI,
95678 Roseville,zcta,95678,Roseville,38.7653528,-121.2884731,355818,1414,2016-07-31,10,0,Zillow ZIP-level market for Roseville; mapped with Census 2020 ZCTA 95678 in Placer County.,,1414,Zillow ZORI,
95765 Rocklin,zcta,95765,Rocklin,38.8197384,-121.2783211,477106,,2016-07-31,10,0,Zillow ZIP-level market for Rocklin; mapped with Census 2020 ZCTA 95765 in Placer County.,,,,
95661 Roseville,zcta,95661,Roseville,38.7412743,-121.2492663,427296,,2016-07-31,10,0,Zillow ZIP-level market for Roseville; mapped with Census 2020 ZCTA 95661 in Placer County.,,,,
95603 Auburn,zcta,95603,Auburn,38.911346,-121.0857601,414008,,2016-07-31,10,0,Zillow ZIP-level market for Auburn; mapped with Census 2020 ZCTA 95603 in Placer County.,,,,
95677 Rocklin,zcta,95677,Rocklin,38.79292,-121.232006,416291,,2016-07-31,10,0,Zillow ZIP-level market for Rocklin; mapped with Census 2020 ZCTA 95677 in Placer County.,,,,
95746 Granite Bay,zcta,95746,Granite Bay,38.7469238,-121.1664336,688370,,2016-07-31,10,0,Zillow ZIP-level market for Granite Bay; mapped with Census 2020 ZCTA 95746 in Placer County.,,,,
95602 Auburn,zcta,95602,Auburn,38.9914911,-121.1035441,446451,,2016-07-31,10,0,Zillow ZIP-level market for Auburn; mapped with Census 2020 ZCTA 95602 in Placer County.,,,,
95650 Loomis,zcta,95650,Loomis,38.8091745,-121.171375,530784,,2016-07-31,10,0,Zillow ZIP-level market for Loomis; mapped with Census 2020 ZCTA 95650 in Placer County.,,,,
95713 Colfax,zcta,95713,Colfax,39.0813467,-120.9323895,343792,,2016-07-31,10,0,Zillow ZIP-level market for Colfax; mapped with Census 2020 ZCTA 95713 in Placer County.,,,,
95658 Newcastle,zcta,95658,Newcastle,38.8811828,-121.1690138,546113,,2016-07-31,10,0,Zillow ZIP-level market for Newcastle; mapped with Census 2020 ZCTA 95658 in Placer County.,,,,
95722 Meadow Vista,zcta,95722,Meadow Vista,39.0098006,-121.0347072,458379,,2016-07-31,10,0,Zillow ZIP-level market for Meadow Vista; mapped with Census 2020 ZCTA 95722 in Placer County.,,,,
95631 Foresthill,zcta,95631,Foresthill,39.0549436,-120.7539748,338083,,2016-07-31,10,0,Zillow ZIP-level market for Foresthill; mapped with Census 2020 ZCTA 95631 in Placer County.,,,,
96143 Kings Beach,zcta,96143,Kings Beach,39.2605746,-120.0262906,457457,,2016-07-31,10,0,Zillow ZIP-level market for Kings Beach; mapped with Census 2020 ZCTA 96143 in Placer County.,,,,
95663 Penryn,zcta,95663,Penryn,38.8573725,-121.1825262,546897,,2016-07-31,10,0,Zillow ZIP-level market for Penryn; mapped with Census 2020 ZCTA 95663 in Placer County.,,,,
96145 Tahoe City,zcta,96145,Tahoe City,39.1809984,-120.151396,705963,,2016-07-31,10,0,Zillow ZIP-level market for Tahoe City; mapped with Census 2020 ZCTA 96145 in Placer County.,,,,
96146 Olympic Valley,zcta,96146,Olympic Valley,39.2158973,-120.2451697,768951,,2016-07-31,10,0,Zillow ZIP-level market for Olympic Valley; mapped with Census 2020 ZCTA 96146 in Placer County.,,,,
95668 Pleasant Grove,zcta,95668,Pleasant Grove,38.8275549,-121.4951816,479311,,2016-07-31,10,0,Zillow ZIP-level market for Pleasant Grove; mapped with Census 2020 ZCTA 95668 in Placer County.,,,,
96148 Tahoe Vista,zcta,96148,Tahoe Vista,39.249777,-120.0575895,552282,,2016-07-31,10,0,Zillow ZIP-level market for Tahoe Vista; mapped with Census 2020 ZCTA 96148 in Placer County.,,,,
96140 Carnelian Bay,zcta,96140,Carnelian Bay,39.2320185,-120.0963996,661259,,2016-07-31,10,0,Zillow ZIP-level market for Carnelian Bay; mapped with Census 2020 ZCTA 96140 in Placer County.,,,,
96142 Tahoma,zcta,96142,Tahoma,38.9986311,-120.1038814,515509,,2016-07-31,10,0,Zillow ZIP-level market for Tahoma; mapped with Census 2020 ZCTA 96142 in Placer County.,,,,
95703 Applegate,zcta,95703,Applegate,38.9890274,-120.9877751,385728,,2016-07-31,10,0,Zillow ZIP-level market for Applegate; mapped with Census 2020 ZCTA 95703 in Placer County.,,,,
95681 Sheridan,zcta,95681,Sheridan,38.9980915,-121.354198,311708,,2016-07-31,10,0,Zillow ZIP-level market for Sheridan; mapped with Census 2020 ZCTA 95681 in Placer County.,,,,
95701 Alta,zcta,95701,Alta,39.226549,-120.7670224,298304,,2016-07-31,10,0,Zillow ZIP-level market for Alta; mapped with Census 2020 ZCTA 95701 in Placer County.,,,,
95715 nan,zcta,95715,nan,39.2766508,-120.644012,243716,,2016-07-31,10,0,Zillow ZIP-level market for nan; mapped with Census 2020 ZCTA 95715 in Placer County.,,,,
95728 Soda Springs,zcta,95728,Soda Springs,39.2946534,-120.4014066,460706,,2016-07-31,10,0,Zillow ZIP-level market for Soda Springs; mapped with Census 2020 ZCTA 95728 in Placer County.,,,,
95714 Dutch Flat,zcta,95714,Dutch Flat,39.2011586,-120.8367976,263890,,2016-07-31,10,0,Zillow ZIP-level market for Dutch Flat; mapped with Census 2020 ZCTA 95714 in Placer County.,,,,
96141 Homewood,zcta,96141,Homewood,39.0989284,-120.2052313,797315,,2016-07-31,10,0,Zillow ZIP-level market for Homewood; mapped with Census 2020 ZCTA 96141 in Placer County.,,,,
95747 Roseville,zcta,95747,Roseville,38.7784212,-121.3688294,433674,1915,2016-08-31,10,0,Zillow ZIP-level market for Roseville; mapped with Census 2020 ZCTA 95747 in Placer County.,,1915,Zillow ZORI,
95648 Lincoln,zcta,95648,Lincoln,38.9228115,-121.3120046,425142,1895,2016-08-31,10,0,Zillow ZIP-level market for Lincoln; mapped with Census 2020 ZCTA 95648 in Placer County.,,1895,Zillow ZORI,
95678 Roseville,zcta,95678,Roseville,38.7653528,-121.2884731,356901,1408,2016-08-31,10,0,Zillow ZIP-level market for Roseville; mapped with Census 2020 ZCTA 95678 in Placer County.,,1408,Zillow ZORI,
95765 Rocklin,zcta,95765,Rocklin,38.8197384,-121.2783211,476840,,2016-08-31,10,0,Zillow ZIP-level market for Rocklin; mapped with Census 2020 ZCTA 95765 in Placer County.,,,,
95661 Roseville,zcta,95661,Roseville,38.7412743,-121.2492663,427229,,2016-08-31,10,0,Zillow ZIP-level market for Roseville; mapped with Census 2020 ZCTA 95661 in Placer County.,,,,
95603 Auburn,zcta,95603,Auburn,38.911346,-121.0857601,414504,,2016-08-31,10,0,Zillow ZIP-level market for Auburn; mapped with Census 2020 ZCTA 95603 in Placer County.,,,,
95677 Rocklin,zcta,95677,Rocklin,38.79292,-121.232006,416424,,2016-08-31,10,0,Zillow ZIP-level market for Rocklin; mapped with Census 2020 ZCTA 95677 in Placer County.,,,,
95746 Granite Bay,zcta,95746,Granite Bay,38.7469238,-121.1664336,686308,,2016-08-31,10,0,Zillow ZIP-level market for Granite Bay; mapped with Census 2020 ZCTA 95746 in Placer County.,,,,
95602 Auburn,zcta,95602,Auburn,38.9914911,-121.1035441,447072,,2016-08-31,10,0,Zillow ZIP-level market for Auburn; mapped with Census 2020 ZCTA 95602 in Placer County.,,,,
95650 Loomis,zcta,95650,Loomis,38.8091745,-121.171375,529279,,2016-08-31,10,0,Zillow ZIP-level market for Loomis; mapped with Census 2020 ZCTA 95650 in Placer County.,,,,
95713 Colfax,zcta,95713,Colfax,39.0813467,-120.9323895,343540,,2016-08-31,10,0,Zillow ZIP-level market for Colfax; mapped with Census 2020 ZCTA 95713 in Placer County.,,,,
95658 Newcastle,zcta,95658,Newcastle,38.8811828,-121.1690138,545765,,2016-08-31,10,0,Zillow ZIP-level market for Newcastle; mapped with Census 2020 ZCTA 95658 in Placer County.,,,,
95722 Meadow Vista,zcta,95722,Meadow Vista,39.0098006,-121.0347072,459482,,2016-08-31,10,0,Zillow ZIP-level market for Meadow Vista; mapped with Census 2020 ZCTA 95722 in Placer County.,,,,
95631 Foresthill,zcta,95631,Foresthill,39.0549436,-120.7539748,338320,,2016-08-31,10,0,Zillow ZIP-level market for Foresthill; mapped with Census 2020 ZCTA 95631 in Placer County.,,,,
96143 Kings Beach,zcta,96143,Kings Beach,39.2605746,-120.0262906,455053,,2016-08-31,10,0,Zillow ZIP-level market for Kings Beach; mapped with Census 2020 ZCTA 96143 in Placer County.,,,,
95663 Penryn,zcta,95663,Penryn,38.8573725,-121.1825262,545976,,2016-08-31,10,0,Zillow ZIP-level market for Penryn; mapped with Census 2020 ZCTA 95663 in Placer County.,,,,
96145 Tahoe City,zcta,96145,Tahoe City,39.1809984,-120.151396,704720,,2016-08-31,10,0,Zillow ZIP-level market for Tahoe City; mapped with Census 2020 ZCTA 96145 in Placer County.,,,,
96146 Olympic Valley,zcta,96146,Olympic Valley,39.2158973,-120.2451697,764236,,2016-08-31,10,0,Zillow ZIP-level market for Olympic Valley; mapped with Census 2020 ZCTA 96146 in Placer County.,,,,
95668 Pleasant Grove,zcta,95668,Pleasant Grove,38.8275549,-121.4951816,482375,,2016-08-31,10,0,Zillow ZIP-level market for Pleasant Grove; mapped with Census 2020 ZCTA 95668 in Placer County.,,,,
96148 Tahoe Vista,zcta,96148,Tahoe Vista,39.249777,-120.0575895,548942,,2016-08-31,10,0,Zillow ZIP-level market for Tahoe Vista; mapped with Census 2020 ZCTA 96148 in Placer County.,,,,
96140 Carnelian Bay,zcta,96140,Carnelian Bay,39.2320185,-120.0963996,658313,,2016-08-31,10,0,Zillow ZIP-level market for Carnelian Bay; mapped with Census 2020 ZCTA 96140 in Placer County.,,,,
96142 Tahoma,zcta,96142,Tahoma,38.9986311,-120.1038814,513383,,2016-08-31,10,0,Zillow ZIP-level market for Tahoma; mapped with Census 2020 ZCTA 96142 in Placer County.,,,,
95703 Applegate,zcta,95703,Applegate,38.9890274,-120.9877751,384968,,2016-08-31,10,0,Zillow ZIP-level market for Applegate; mapped with Census 2020 ZCTA 95703 in Placer County.,,,,
95681 Sheridan,zcta,95681,Sheridan,38.9980915,-121.354198,312448,,2016-08-31,10,0,Zillow ZIP-level market for Sheridan; mapped with Census 2020 ZCTA 95681 in Placer County.,,,,
95701 Alta,zcta,95701,Alta,39.226549,-120.7670224,298605,,2016-08-31,10,0,Zillow ZIP-level market for Alta; mapped with Census 2020 ZCTA 95701 in Placer County.,,,,
95715 nan,zcta,95715,nan,39.2766508,-120.644012,245442,,2016-08-31,10,0,Zillow ZIP-level market for nan; mapped with Census 2020 ZCTA 95715 in Placer County.,,,,
95728 Soda Springs,zcta,95728,Soda Springs,39.2946534,-120.4014066,460829,,2016-08-31,10,0,Zillow ZIP-level market for Soda Springs; mapped with Census 2020 ZCTA 95728 in Placer County.,,,,
95714 Dutch Flat,zcta,95714,Dutch Flat,39.2011586,-120.8367976,264734,,2016-08-31,10,0,Zillow ZIP-level market for Dutch Flat; mapped with Census 2020 ZCTA 95714 in Placer County.,,,,
96141 Homewood,zcta,96141,Homewood,39.0989284,-120.2052313,794880,,2016-08-31,10,0,Zillow ZIP-level market for Homewood; mapped with Census 2020 ZCTA 96141 in Placer County.,,,,
95747 Roseville,zcta,95747,Roseville,38.7784212,-121.3688294,434052,1905,2016-09-30,10,0,Zillow ZIP-level market for Roseville; mapped with Census 2020 ZCTA 95747 in Placer County.,,1905,Zillow ZORI,
95648 Lincoln,zcta,95648,Lincoln,38.9228115,-121.3120046,426004,1895,2016-09-30,10,0,Zillow ZIP-level market for Lincoln; mapped with Census 2020 ZCTA 95648 in Placer County.,,1895,Zillow ZORI,
95678 Roseville,zcta,95678,Roseville,38.7653528,-121.2884731,358562,1422,2016-09-30,10,0,Zillow ZIP-level market for Roseville; mapped with Census 2020 ZCTA 95678 in Placer County.,,1422,Zillow ZORI,
95765 Rocklin,zcta,95765,Rocklin,38.8197384,-121.2783211,477427,,2016-09-30,10,0,Zillow ZIP-level market for Rocklin; mapped with Census 2020 ZCTA 95765 in Placer County.,,,,
95661 Roseville,zcta,95661,Roseville,38.7412743,-121.2492663,427796,,2016-09-30,10,0,Zillow ZIP-level market for Roseville; mapped with Census 2020 ZCTA 95661 in Placer County.,,,,
95603 Auburn,zcta,95603,Auburn,38.911346,-121.0857601,416417,,2016-09-30,10,0,Zillow ZIP-level market for Auburn; mapped with Census 2020 ZCTA 95603 in Placer County.,,,,
95677 Rocklin,zcta,95677,Rocklin,38.79292,-121.232006,417232,,2016-09-30,10,0,Zillow ZIP-level market for Rocklin; mapped with Census 2020 ZCTA 95677 in Placer County.,,,,
95746 Granite Bay,zcta,95746,Granite Bay,38.7469238,-121.1664336,685375,,2016-09-30,10,0,Zillow ZIP-level market for Granite Bay; mapped with Census 2020 ZCTA 95746 in Placer County.,,,,
95602 Auburn,zcta,95602,Auburn,38.9914911,-121.1035441,449321,,2016-09-30,10,0,Zillow ZIP-level market for Auburn; mapped with Census 2020 ZCTA 95602 in Placer County.,,,,
95650 Loomis,zcta,95650,Loomis,38.8091745,-121.171375,529431,,2016-09-30,10,0,Zillow ZIP-level market for Loomis; mapped with Census 2020 ZCTA 95650 in Placer County.,,,,
95713 Colfax,zcta,95713,Colfax,39.0813467,-120.9323895,344181,,2016-09-30,10,0,Zillow ZIP-level market for Colfax; mapped with Census 2020 ZCTA 95713 in Placer County.,,,,
95658 Newcastle,zcta,95658,Newcastle,38.8811828,-121.1690138,545891,,2016-09-30,10,0,Zillow ZIP-level market for Newcastle; mapped with Census 2020 ZCTA 95658 in Placer County.,,,,
95722 Meadow Vista,zcta,95722,Meadow Vista,39.0098006,-121.0347072,462016,,2016-09-30,10,0,Zillow ZIP-level market for Meadow Vista; mapped with Census 2020 ZCTA 95722 in Placer County.,,,,
95631 Foresthill,zcta,95631,Foresthill,39.0549436,-120.7539748,339455,,2016-09-30,10,0,Zillow ZIP-level market for Foresthill; mapped with Census 2020 ZCTA 95631 in Placer County.,,,,
96143 Kings Beach,zcta,96143,Kings Beach,39.2605746,-120.0262906,453981,,2016-09-30,10,0,Zillow ZIP-level market for Kings Beach; mapped with Census 2020 ZCTA 96143 in Placer County.,,,,
95663 Penryn,zcta,95663,Penryn,38.8573725,-121.1825262,546132,,2016-09-30,10,0,Zillow ZIP-level market for Penryn; mapped with Census 2020 ZCTA 95663 in Placer County.,,,,
96145 Tahoe City,zcta,96145,Tahoe City,39.1809984,-120.151396,706550,,2016-09-30,10,0,Zillow ZIP-level market for Tahoe City; mapped with Census 2020 ZCTA 96145 in Placer County.,,,,
96146 Olympic Valley,zcta,96146,Olympic Valley,39.2158973,-120.2451697,763266,,2016-09-30,10,0,Zillow ZIP-level market for Olympic Valley; mapped with Census 2020 ZCTA 96146 in Placer County.,,,,
95668 Pleasant Grove,zcta,95668,Pleasant Grove,38.8275549,-121.4951816,484372,,2016-09-30,10,0,Zillow ZIP-level market for Pleasant Grove; mapped with Census 2020 ZCTA 95668 in Placer County.,,,,
96148 Tahoe Vista,zcta,96148,Tahoe Vista,39.249777,-120.0575895,547460,,2016-09-30,10,0,Zillow ZIP-level market for Tahoe Vista; mapped with Census 2020 ZCTA 96148 in Placer County.,,,,
96140 Carnelian Bay,zcta,96140,Carnelian Bay,39.2320185,-120.0963996,657287,,2016-09-30,10,0,Zillow ZIP-level market for Carnelian Bay; mapped with Census 2020 ZCTA 96140 in Placer County.,,,,
96142 Tahoma,zcta,96142,Tahoma,38.9986311,-120.1038814,512670,,2016-09-30,10,0,Zillow ZIP-level market for Tahoma; mapped with Census 2020 ZCTA 96142 in Placer County.,,,,
95703 Applegate,zcta,95703,Applegate,38.9890274,-120.9877751,385803,,2016-09-30,10,0,Zillow ZIP-level market for Applegate; mapped with Census 2020 ZCTA 95703 in Placer County.,,,,
95681 Sheridan,zcta,95681,Sheridan,38.9980915,-121.354198,312155,,2016-09-30,10,0,Zillow ZIP-level market for Sheridan; mapped with Census 2020 ZCTA 95681 in Placer County.,,,,
95701 Alta,zcta,95701,Alta,39.226549,-120.7670224,299400,,2016-09-30,10,0,Zillow ZIP-level market for Alta; mapped with Census 2020 ZCTA 95701 in Placer County.,,,,
95715 nan,zcta,95715,nan,39.2766508,-120.644012,248437,,2016-09-30,10,0,Zillow ZIP-level market for nan; mapped with Census 2020 ZCTA 95715 in Placer County.,,,,
95728 Soda Springs,zcta,95728,Soda Springs,39.2946534,-120.4014066,460471,,2016-09-30,10,0,Zillow ZIP-level market for Soda Springs; mapped with Census 2020 ZCTA 95728 in Placer County.,,,,
95714 Dutch Flat,zcta,95714,Dutch Flat,39.2011586,-120.8367976,266072,,2016-09-30,10,0,Zillow ZIP-level market for Dutch Flat; mapped with Census 2020 ZCTA 95714 in Placer County.,,,,
96141 Homewood,zcta,96141,Homewood,39.0989284,-120.2052313,794203,,2016-09-30,10,0,Zillow ZIP-level market for Homewood; mapped with Census 2020 ZCTA 96141 in Placer County.,,,,
95747 Roseville,zcta,95747,Roseville,38.7784212,-121.3688294,435393,1907,2016-10-31,10,0,Zillow ZIP-level market for Roseville; mapped with Census 2020 ZCTA 95747 in Placer County.,,1907,Zillow ZORI,
95648 Lincoln,zcta,95648,Lincoln,38.9228115,-121.3120046,427679,1914,2016-10-31,10,0,Zillow ZIP-level market for Lincoln; mapped with Census 2020 ZCTA 95648 in Placer County.,,1914,Zillow ZORI,
95678 Roseville,zcta,95678,Roseville,38.7653528,-121.2884731,360712,1414,2016-10-31,10,0,Zillow ZIP-level market for Roseville; mapped with Census 2020 ZCTA 95678 in Placer County.,,1414,Zillow ZORI,
95765 Rocklin,zcta,95765,Rocklin,38.8197384,-121.2783211,479125,,2016-10-31,10,0,Zillow ZIP-level market for Rocklin; mapped with Census 2020 ZCTA 95765 in Placer County.,,,,
95661 Roseville,zcta,95661,Roseville,38.7412743,-121.2492663,429835,,2016-10-31,10,0,Zillow ZIP-level market for Roseville; mapped with Census 2020 ZCTA 95661 in Placer County.,,,,
95603 Auburn,zcta,95603,Auburn,38.911346,-121.0857601,419815,,2016-10-31,10,0,Zillow ZIP-level market for Auburn; mapped with Census 2020 ZCTA 95603 in Placer County.,,,,
95677 Rocklin,zcta,95677,Rocklin,38.79292,-121.232006,418675,,2016-10-31,10,0,Zillow ZIP-level market for Rocklin; mapped with Census 2020 ZCTA 95677 in Placer County.,,,,
95746 Granite Bay,zcta,95746,Granite Bay,38.7469238,-121.1664336,687883,,2016-10-31,10,0,Zillow ZIP-level market for Granite Bay; mapped with Census 2020 ZCTA 95746 in Placer County.,,,,
95602 Auburn,zcta,95602,Auburn,38.9914911,-121.1035441,453647,,2016-10-31,10,0,Zillow ZIP-level market for Auburn; mapped with Census 2020 ZCTA 95602 in Placer County.,,,,
95650 Loomis,zcta,95650,Loomis,38.8091745,-121.171375,532118,,2016-10-31,10,0,Zillow ZIP-level market for Loomis; mapped with Census 2020 ZCTA 95650 in Placer County.,,,,
95713 Colfax,zcta,95713,Colfax,39.0813467,-120.9323895,346039,,2016-10-31,10,0,Zillow ZIP-level market for Colfax; mapped with Census 2020 ZCTA 95713 in Placer County.,,,,
95658 Newcastle,zcta,95658,Newcastle,38.8811828,-121.1690138,548739,,2016-10-31,10,0,Zillow ZIP-level market for Newcastle; mapped with Census 2020 ZCTA 95658 in Placer County.,,,,
95722 Meadow Vista,zcta,95722,Meadow Vista,39.0098006,-121.0347072,465878,,2016-10-31,10,0,Zillow ZIP-level market for Meadow Vista; mapped with Census 2020 ZCTA 95722 in Placer County.,,,,
95631 Foresthill,zcta,95631,Foresthill,39.0549436,-120.7539748,342577,,2016-10-31,10,0,Zillow ZIP-level market for Foresthill; mapped with Census 2020 ZCTA 95631 in Placer County.,,,,
96143 Kings Beach,zcta,96143,Kings Beach,39.2605746,-120.0262906,455013,,2016-10-31,10,0,Zillow ZIP-level market for Kings Beach; mapped with Census 2020 ZCTA 96143 in Placer County.,,,,
95663 Penryn,zcta,95663,Penryn,38.8573725,-121.1825262,547912,,2016-10-31,10,0,Zillow ZIP-level market for Penryn; mapped with Census 2020 ZCTA 95663 in Placer County.,,,,
96145 Tahoe City,zcta,96145,Tahoe City,39.1809984,-120.151396,709307,,2016-10-31,10,0,Zillow ZIP-level market for Tahoe City; mapped with Census 2020 ZCTA 96145 in Placer County.,,,,
96146 Olympic Valley,zcta,96146,Olympic Valley,39.2158973,-120.2451697,767895,,2016-10-31,10,0,Zillow ZIP-level market for Olympic Valley; mapped with Census 2020 ZCTA 96146 in Placer County.,,,,
95668 Pleasant Grove,zcta,95668,Pleasant Grove,38.8275549,-121.4951816,483375,,2016-10-31,10,0,Zillow ZIP-level market for Pleasant Grove; mapped with Census 2020 ZCTA 95668 in Placer County.,,,,
96148 Tahoe Vista,zcta,96148,Tahoe Vista,39.249777,-120.0575895,550464,,2016-10-31,10,0,Zillow ZIP-level market for Tahoe Vista; mapped with Census 2020 ZCTA 96148 in Placer County.,,,,
96140 Carnelian Bay,zcta,96140,Carnelian Bay,39.2320185,-120.0963996,656673,,2016-10-31,10,0,Zillow ZIP-level market for Carnelian Bay; mapped with Census 2020 ZCTA 96140 in Placer County.,,,,
96142 Tahoma,zcta,96142,Tahoma,38.9986311,-120.1038814,515037,,2016-10-31,10,0,Zillow ZIP-level market for Tahoma; mapped with Census 2020 ZCTA 96142 in Placer County.,,,,
95703 Applegate,zcta,95703,Applegate,38.9890274,-120.9877751,388001,,2016-10-31,10,0,Zillow ZIP-level market for Applegate; mapped with Census 2020 ZCTA 95703 in Placer County.,,,,
95681 Sheridan,zcta,95681,Sheridan,38.9980915,-121.354198,314031,,2016-10-31,10,0,Zillow ZIP-level market for Sheridan; mapped with Census 2020 ZCTA 95681 in Placer County.,,,,
95701 Alta,zcta,95701,Alta,39.226549,-120.7670224,301570,,2016-10-31,10,0,Zillow ZIP-level market for Alta; mapped with Census 2020 ZCTA 95701 in Placer County.,,,,
95715 nan,zcta,95715,nan,39.2766508,-120.644012,252329,,2016-10-31,10,0,Zillow ZIP-level market for nan; mapped with Census 2020 ZCTA 95715 in Placer County.,,,,
95728 Soda Springs,zcta,95728,Soda Springs,39.2946534,-120.4014066,463476,,2016-10-31,10,0,Zillow ZIP-level market for Soda Springs; mapped with Census 2020 ZCTA 95728 in Placer County.,,,,
95714 Dutch Flat,zcta,95714,Dutch Flat,39.2011586,-120.8367976,267621,,2016-10-31,10,0,Zillow ZIP-level market for Dutch Flat; mapped with Census 2020 ZCTA 95714 in Placer County.,,,,
96141 Homewood,zcta,96141,Homewood,39.0989284,-120.2052313,794733,,2016-10-31,10,0,Zillow ZIP-level market for Homewood; mapped with Census 2020 ZCTA 96141 in Placer County.,,,,
95747 Roseville,zcta,95747,Roseville,38.7784212,-121.3688294,437655,1897,2016-11-30,10,0,Zillow ZIP-level market for Roseville; mapped with Census 2020 ZCTA 95747 in Placer County.,,1897,Zillow ZORI,
95648 Lincoln,zcta,95648,Lincoln,38.9228115,-121.3120046,430404,1916,2016-11-30,10,0,Zillow ZIP-level market for Lincoln; mapped with Census 2020 ZCTA 95648 in Placer County.,,1916,Zillow ZORI,
95678 Roseville,zcta,95678,Roseville,38.7653528,-121.2884731,363228,1425,2016-11-30,10,0,Zillow ZIP-level market for Roseville; mapped with Census 2020 ZCTA 95678 in Placer County.,,1425,Zillow ZORI,
95765 Rocklin,zcta,95765,Rocklin,38.8197384,-121.2783211,481923,,2016-11-30,10,0,Zillow ZIP-level market for Rocklin; mapped with Census 2020 ZCTA 95765 in Placer County.,,,,
95661 Roseville,zcta,95661,Roseville,38.7412743,-121.2492663,432912,,2016-11-30,10,0,Zillow ZIP-level market for Roseville; mapped with Census 2020 ZCTA 95661 in Placer County.,,,,
95603 Auburn,zcta,95603,Auburn,38.911346,-121.0857601,423045,,2016-11-30,10,0,Zillow ZIP-level market for Auburn; mapped with Census 2020 ZCTA 95603 in Placer County.,,,,
95677 Rocklin,zcta,95677,Rocklin,38.79292,-121.232006,420923,,2016-11-30,10,0,Zillow ZIP-level market for Rocklin; mapped with Census 2020 ZCTA 95677 in Placer County.,,,,
95746 Granite Bay,zcta,95746,Granite Bay,38.7469238,-121.1664336,692141,,2016-11-30,10,0,Zillow ZIP-level market for Granite Bay; mapped with Census 2020 ZCTA 95746 in Placer County.,,,,
95602 Auburn,zcta,95602,Auburn,38.9914911,-121.1035441,458504,,2016-11-30,10,0,Zillow ZIP-level market for Auburn; mapped with Census 2020 ZCTA 95602 in Placer County.,,,,
95650 Loomis,zcta,95650,Loomis,38.8091745,-121.171375,536532,,2016-11-30,10,0,Zillow ZIP-level market for Loomis; mapped with Census 2020 ZCTA 95650 in Placer County.,,,,
95713 Colfax,zcta,95713,Colfax,39.0813467,-120.9323895,348662,,2016-11-30,10,0,Zillow ZIP-level market for Colfax; mapped with Census 2020 ZCTA 95713 in Placer County.,,,,
95658 Newcastle,zcta,95658,Newcastle,38.8811828,-121.1690138,552545,,2016-11-30,10,0,Zillow ZIP-level market for Newcastle; mapped with Census 2020 ZCTA 95658 in Placer County.,,,,
95722 Meadow Vista,zcta,95722,Meadow Vista,39.0098006,-121.0347072,469701,,2016-11-30,10,0,Zillow ZIP-level market for Meadow Vista; mapped with Census 2020 ZCTA 95722 in Placer County.,,,,
95631 Foresthill,zcta,95631,Foresthill,39.0549436,-120.7539748,346144,,2016-11-30,10,0,Zillow ZIP-level market for Foresthill; mapped with Census 2020 ZCTA 95631 in Placer County.,,,,
96143 Kings Beach,zcta,96143,Kings Beach,39.2605746,-120.0262906,456695,,2016-11-30,10,0,Zillow ZIP-level market for Kings Beach; mapped with Census 2020 ZCTA 96143 in Placer County.,,,,
95663 Penryn,zcta,95663,Penryn,38.8573725,-121.1825262,550990,,2016-11-30,10,0,Zillow ZIP-level market for Penryn; mapped with Census 2020 ZCTA 95663 in Placer County.,,,,
96145 Tahoe City,zcta,96145,Tahoe City,39.1809984,-120.151396,712886,,2016-11-30,10,0,Zillow ZIP-level market for Tahoe City; mapped with Census 2020 ZCTA 96145 in Placer County.,,,,
96146 Olympic Valley,zcta,96146,Olympic Valley,39.2158973,-120.2451697,774190,,2016-11-30,10,0,Zillow ZIP-level market for Olympic Valley; mapped with Census 2020 ZCTA 96146 in Placer County.,,,,
95668 Pleasant Grove,zcta,95668,Pleasant Grove,38.8275549,-121.4951816,483160,,2016-11-30,10,0,Zillow ZIP-level market for Pleasant Grove; mapped with Census 2020 ZCTA 95668 in Placer County.,,,,
96148 Tahoe Vista,zcta,96148,Tahoe Vista,39.249777,-120.0575895,555138,,2016-11-30,10,0,Zillow ZIP-level market for Tahoe Vista; mapped with Census 2020 ZCTA 96148 in Placer County.,,,,
96140 Carnelian Bay,zcta,96140,Carnelian Bay,39.2320185,-120.0963996,657066,,2016-11-30,10,0,Zillow ZIP-level market for Carnelian Bay; mapped with Census 2020 ZCTA 96140 in Placer County.,,,,
96142 Tahoma,zcta,96142,Tahoma,38.9986311,-120.1038814,518659,,2016-11-30,10,0,Zillow ZIP-level market for Tahoma; mapped with Census 2020 ZCTA 96142 in Placer County.,,,,
95703 Applegate,zcta,95703,Applegate,38.9890274,-120.9877751,390281,,2016-11-30,10,0,Zillow ZIP-level market for Applegate; mapped with Census 2020 ZCTA 95703 in Placer County.,,,,
95681 Sheridan,zcta,95681,Sheridan,38.9980915,-121.354198,317889,,2016-11-30,10,0,Zillow ZIP-level market for Sheridan; mapped with Census 2020 ZCTA 95681 in Placer County.,,,,
95701 Alta,zcta,95701,Alta,39.226549,-120.7670224,305499,,2016-11-30,10,0,Zillow ZIP-level market for Alta; mapped with Census 2020 ZCTA 95701 in Placer County.,,,,
95715 nan,zcta,95715,nan,39.2766508,-120.644012,256397,,2016-11-30,10,0,Zillow ZIP-level market for nan; mapped with Census 2020 ZCTA 95715 in Placer County.,,,,
95728 Soda Springs,zcta,95728,Soda Springs,39.2946534,-120.4014066,467679,,2016-11-30,10,0,Zillow ZIP-level market for Soda Springs; mapped with Census 2020 ZCTA 95728 in Placer County.,,,,
95714 Dutch Flat,zcta,95714,Dutch Flat,39.2011586,-120.8367976,270169,,2016-11-30,10,0,Zillow ZIP-level market for Dutch Flat; mapped with Census 2020 ZCTA 95714 in Placer County.,,,,
96141 Homewood,zcta,96141,Homewood,39.0989284,-120.2052313,796766,,2016-11-30,10,0,Zillow ZIP-level market for Homewood; mapped with Census 2020 ZCTA 96141 in Placer County.,,,,
95747 Roseville,zcta,95747,Roseville,38.7784212,-121.3688294,440738,1906,2016-12-31,10,0,Zillow ZIP-level market for Roseville; mapped with Census 2020 ZCTA 95747 in Placer County.,,1906,Zillow ZORI,
95648 Lincoln,zcta,95648,Lincoln,38.9228115,-121.3120046,433797,1913,2016-12-31,10,0,Zillow ZIP-level market for Lincoln; mapped with Census 2020 ZCTA 95648 in Placer County.,,1913,Zillow ZORI,
95678 Roseville,zcta,95678,Roseville,38.7653528,-121.2884731,366192,1410,2016-12-31,10,0,Zillow ZIP-level market for Roseville; mapped with Census 2020 ZCTA 95678 in Placer County.,,1410,Zillow ZORI,
95765 Rocklin,zcta,95765,Rocklin,38.8197384,-121.2783211,485377,1641,2016-12-31,10,0,Zillow ZIP-level market for Rocklin; mapped with Census 2020 ZCTA 95765 in Placer County.,,1641,Zillow ZORI,
95661 Roseville,zcta,95661,Roseville,38.7412743,-121.2492663,437335,,2016-12-31,10,0,Zillow ZIP-level market for Roseville; mapped with Census 2020 ZCTA 95661 in Placer County.,,,,
95603 Auburn,zcta,95603,Auburn,38.911346,-121.0857601,426374,,2016-12-31,10,0,Zillow ZIP-level market for Auburn; mapped with Census 2020 ZCTA 95603 in Placer County.,,,,
95677 Rocklin,zcta,95677,Rocklin,38.79292,-121.232006,423850,,2016-12-31,10,0,Zillow ZIP-level market for Rocklin; mapped with Census 2020 ZCTA 95677 in Placer County.,,,,
95746 Granite Bay,zcta,95746,Granite Bay,38.7469238,-121.1664336,698442,,2016-12-31,10,0,Zillow ZIP-level market for Granite Bay; mapped with Census 2020 ZCTA 95746 in Placer County.,,,,
95602 Auburn,zcta,95602,Auburn,38.9914911,-121.1035441,462616,,2016-12-31,10,0,Zillow ZIP-level market for Auburn; mapped with Census 2020 ZCTA 95602 in Placer County.,,,,
95650 Loomis,zcta,95650,Loomis,38.8091745,-121.171375,540720,,2016-12-31,10,0,Zillow ZIP-level market for Loomis; mapped with Census 2020 ZCTA 95650 in Placer County.,,,,
95713 Colfax,zcta,95713,Colfax,39.0813467,-120.9323895,352147,,2016-12-31,10,0,Zillow ZIP-level market for Colfax; mapped with Census 2020 ZCTA 95713 in Placer County.,,,,
95658 Newcastle,zcta,95658,Newcastle,38.8811828,-121.1690138,556250,,2016-12-31,10,0,Zillow ZIP-level market for Newcastle; mapped with Census 2020 ZCTA 95658 in Placer County.,,,,
95722 Meadow Vista,zcta,95722,Meadow Vista,39.0098006,-121.0347072,473208,,2016-12-31,10,0,Zillow ZIP-level market for Meadow Vista; mapped with Census 2020 ZCTA 95722 in Placer County.,,,,
95631 Foresthill,zcta,95631,Foresthill,39.0549436,-120.7539748,349939,,2016-12-31,10,0,Zillow ZIP-level market for Foresthill; mapped with Census 2020 ZCTA 95631 in Placer County.,,,,
96143 Kings Beach,zcta,96143,Kings Beach,39.2605746,-120.0262906,459897,,2016-12-31,10,0,Zillow ZIP-level market for Kings Beach; mapped with Census 2020 ZCTA 96143 in Placer County.,,,,
95663 Penryn,zcta,95663,Penryn,38.8573725,-121.1825262,555014,,2016-12-31,10,0,Zillow ZIP-level market for Penryn; mapped with Census 2020 ZCTA 95663 in Placer County.,,,,
96145 Tahoe City,zcta,96145,Tahoe City,39.1809984,-120.151396,717177,,2016-12-31,10,0,Zillow ZIP-level market for Tahoe City; mapped with Census 2020 ZCTA 96145 in Placer County.,,,,
96146 Olympic Valley,zcta,96146,Olympic Valley,39.2158973,-120.2451697,778363,,2016-12-31,10,0,Zillow ZIP-level market for Olympic Valley; mapped with Census 2020 ZCTA 96146 in Placer County.,,,,
95668 Pleasant Grove,zcta,95668,Pleasant Grove,38.8275549,-121.4951816,485208,,2016-12-31,10,0,Zillow ZIP-level market for Pleasant Grove; mapped with Census 2020 ZCTA 95668 in Placer County.,,,,
96148 Tahoe Vista,zcta,96148,Tahoe Vista,39.249777,-120.0575895,560997,,2016-12-31,10,0,Zillow ZIP-level market for Tahoe Vista; mapped with Census 2020 ZCTA 96148 in Placer County.,,,,
96140 Carnelian Bay,zcta,96140,Carnelian Bay,39.2320185,-120.0963996,660427,,2016-12-31,10,0,Zillow ZIP-level market for Carnelian Bay; mapped with Census 2020 ZCTA 96140 in Placer County.,,,,
96142 Tahoma,zcta,96142,Tahoma,38.9986311,-120.1038814,521638,,2016-12-31,10,0,Zillow ZIP-level market for Tahoma; mapped with Census 2020 ZCTA 96142 in Placer County.,,,,
95703 Applegate,zcta,95703,Applegate,38.9890274,-120.9877751,392825,,2016-12-31,10,0,Zillow ZIP-level market for Applegate; mapped with Census 2020 ZCTA 95703 in Placer County.,,,,
95681 Sheridan,zcta,95681,Sheridan,38.9980915,-121.354198,322278,,2016-12-31,10,0,Zillow ZIP-level market for Sheridan; mapped with Census 2020 ZCTA 95681 in Placer County.,,,,
95701 Alta,zcta,95701,Alta,39.226549,-120.7670224,310215,,2016-12-31,10,0,Zillow ZIP-level market for Alta; mapped with Census 2020 ZCTA 95701 in Placer County.,,,,
95715 nan,zcta,95715,nan,39.2766508,-120.644012,260325,,2016-12-31,10,0,Zillow ZIP-level market for nan; mapped with Census 2020 ZCTA 95715 in Placer County.,,,,
95728 Soda Springs,zcta,95728,Soda Springs,39.2946534,-120.4014066,473136,,2016-12-31,10,0,Zillow ZIP-level market for Soda Springs; mapped with Census 2020 ZCTA 95728 in Placer County.,,,,
95714 Dutch Flat,zcta,95714,Dutch Flat,39.2011586,-120.8367976,273028,,2016-12-31,10,0,Zillow ZIP-level market for Dutch Flat; mapped with Census 2020 ZCTA 95714 in Placer County.,,,,
96141 Homewood,zcta,96141,Homewood,39.0989284,-120.2052313,801522,,2016-12-31,10,0,Zillow ZIP-level market for Homewood; mapped with Census 2020 ZCTA 96141 in Placer County.,,,,
95747 Roseville,zcta,95747,Roseville,38.7784212,-121.3688294,444051,1912,2017-01-31,10,0,Zillow ZIP-level market for Roseville; mapped with Census 2020 ZCTA 95747 in Placer County.,,1912,Zillow ZORI,
95648 Lincoln,zcta,95648,Lincoln,38.9228115,-121.3120046,437296,1906,2017-01-31,10,0,Zillow ZIP-level market for Lincoln; mapped with Census 2020 ZCTA 95648 in Placer County.,,1906,Zillow ZORI,
95678 Roseville,zcta,95678,Roseville,38.7653528,-121.2884731,369414,1433,2017-01-31,10,0,Zillow ZIP-level market for Roseville; mapped with Census 2020 ZCTA 95678 in Placer County.,,1433,Zillow ZORI,
95765 Rocklin,zcta,95765,Rocklin,38.8197384,-121.2783211,489080,1649,2017-01-31,10,0,Zillow ZIP-level market for Rocklin; mapped with Census 2020 ZCTA 95765 in Placer County.,,1649,Zillow ZORI,
95661 Roseville,zcta,95661,Roseville,38.7412743,-121.2492663,442438,,2017-01-31,10,0,Zillow ZIP-level market for Roseville; mapped with Census 2020 ZCTA 95661 in Placer County.,,,,
95603 Auburn,zcta,95603,Auburn,38.911346,-121.0857601,429755,,2017-01-31,10,0,Zillow ZIP-level market for Auburn; mapped with Census 2020 ZCTA 95603 in Placer County.,,,,
95677 Rocklin,zcta,95677,Rocklin,38.79292,-121.232006,427095,,2017-01-31,10,0,Zillow ZIP-level market for Rocklin; mapped with Census 2020 ZCTA 95677 in Placer County.,,,,
95746 Granite Bay,zcta,95746,Granite Bay,38.7469238,-121.1664336,704828,,2017-01-31,10,0,Zillow ZIP-level market for Granite Bay; mapped with Census 2020 ZCTA 95746 in Placer County.,,,,
95602 Auburn,zcta,95602,Auburn,38.9914911,-121.1035441,466214,,2017-01-31,10,0,Zillow ZIP-level market for Auburn; mapped with Census 2020 ZCTA 95602 in Placer County.,,,,
95650 Loomis,zcta,95650,Loomis,38.8091745,-121.171375,544694,,2017-01-31,10,0,Zillow ZIP-level market for Loomis; mapped with Census 2020 ZCTA 95650 in Placer County.,,,,
95713 Colfax,zcta,95713,Colfax,39.0813467,-120.9323895,355867,,2017-01-31,10,0,Zillow ZIP-level market for Colfax; mapped with Census 2020 ZCTA 95713 in Placer County.,,,,
95658 Newcastle,zcta,95658,Newcastle,38.8811828,-121.1690138,559834,,2017-01-31,10,0,Zillow ZIP-level market for Newcastle; mapped with Census 2020 ZCTA 95658 in Placer County.,,,,
95722 Meadow Vista,zcta,95722,Meadow Vista,39.0098006,-121.0347072,476373,,2017-01-31,10,0,Zillow ZIP-level market for Meadow Vista; mapped with Census 2020 ZCTA 95722 in Placer County.,,,,
95631 Foresthill,zcta,95631,Foresthill,39.0549436,-120.7539748,353102,,2017-01-31,10,0,Zillow ZIP-level market for Foresthill; mapped with Census 2020 ZCTA 95631 in Placer County.,,,,
96143 Kings Beach,zcta,96143,Kings Beach,39.2605746,-120.0262906,464218,,2017-01-31,10,0,Zillow ZIP-level market for Kings Beach; mapped with Census 2020 ZCTA 96143 in Placer County.,,,,
95663 Penryn,zcta,95663,Penryn,38.8573725,-121.1825262,560398,,2017-01-31,10,0,Zillow ZIP-level market for Penryn; mapped with Census 2020 ZCTA 95663 in Placer County.,,,,
96145 Tahoe City,zcta,96145,Tahoe City,39.1809984,-120.151396,722615,,2017-01-31,10,0,Zillow ZIP-level market for Tahoe City; mapped with Census 2020 ZCTA 96145 in Placer County.,,,,
96146 Olympic Valley,zcta,96146,Olympic Valley,39.2158973,-120.2451697,781760,,2017-01-31,10,0,Zillow ZIP-level market for Olympic Valley; mapped with Census 2020 ZCTA 96146 in Placer County.,,,,
95668 Pleasant Grove,zcta,95668,Pleasant Grove,38.8275549,-121.4951816,492592,,2017-01-31,10,0,Zillow ZIP-level market for Pleasant Grove; mapped with Census 2020 ZCTA 95668 in Placer County.,,,,
96148 Tahoe Vista,zcta,96148,Tahoe Vista,39.249777,-120.0575895,566744,,2017-01-31,10,0,Zillow ZIP-level market for Tahoe Vista; mapped with Census 2020 ZCTA 96148 in Placer County.,,,,
96140 Carnelian Bay,zcta,96140,Carnelian Bay,39.2320185,-120.0963996,666927,,2017-01-31,10,0,Zillow ZIP-level market for Carnelian Bay; mapped with Census 2020 ZCTA 96140 in Placer County.,,,,
96142 Tahoma,zcta,96142,Tahoma,38.9986311,-120.1038814,523589,,2017-01-31,10,0,Zillow ZIP-level market for Tahoma; mapped with Census 2020 ZCTA 96142 in Placer County.,,,,
95703 Applegate,zcta,95703,Applegate,38.9890274,-120.9877751,395917,,2017-01-31,10,0,Zillow ZIP-level market for Applegate; mapped with Census 2020 ZCTA 95703 in Placer County.,,,,
95681 Sheridan,zcta,95681,Sheridan,38.9980915,-121.354198,325158,,2017-01-31,10,0,Zillow ZIP-level market for Sheridan; mapped with Census 2020 ZCTA 95681 in Placer County.,,,,
95701 Alta,zcta,95701,Alta,39.226549,-120.7670224,314946,,2017-01-31,10,0,Zillow ZIP-level market for Alta; mapped with Census 2020 ZCTA 95701 in Placer County.,,,,
95715 nan,zcta,95715,nan,39.2766508,-120.644012,264653,,2017-01-31,10,0,Zillow ZIP-level market for nan; mapped with Census 2020 ZCTA 95715 in Placer County.,,,,
95728 Soda Springs,zcta,95728,Soda Springs,39.2946534,-120.4014066,477458,,2017-01-31,10,0,Zillow ZIP-level market for Soda Springs; mapped with Census 2020 ZCTA 95728 in Placer County.,,,,
95714 Dutch Flat,zcta,95714,Dutch Flat,39.2011586,-120.8367976,275486,,2017-01-31,10,0,Zillow ZIP-level market for Dutch Flat; mapped with Census 2020 ZCTA 95714 in Placer County.,,,,
96141 Homewood,zcta,96141,Homewood,39.0989284,-120.2052313,807133,,2017-01-31,10,0,Zillow ZIP-level market for Homewood; mapped with Census 2020 ZCTA 96141 in Placer County.,,,,
95747 Roseville,zcta,95747,Roseville,38.7784212,-121.3688294,447989,1933,2017-02-28,10,0,Zillow ZIP-level market for Roseville; mapped with Census 2020 ZCTA 95747 in Placer County.,,1933,Zillow ZORI,
95648 Lincoln,zcta,95648,Lincoln,38.9228115,-121.3120046,441127,1918,2017-02-28,10,0,Zillow ZIP-level market for Lincoln; mapped with Census 2020 ZCTA 95648 in Placer County.,,1918,Zillow ZORI,
95678 Roseville,zcta,95678,Roseville,38.7653528,-121.2884731,373350,1455,2017-02-28,10,0,Zillow ZIP-level market for Roseville; mapped with Census 2020 ZCTA 95678 in Placer County.,,1455,Zillow ZORI,
95765 Rocklin,zcta,95765,Rocklin,38.8197384,-121.2783211,493606,1734,2017-02-28,10,0,Zillow ZIP-level market for Rocklin; mapped with Census 2020 ZCTA 95765 in Placer County.,,1734,Zillow ZORI,
95661 Roseville,zcta,95661,Roseville,38.7412743,-121.2492663,448094,,2017-02-28,10,0,Zillow ZIP-level market for Roseville; mapped with Census 2020 ZCTA 95661 in Placer County.,,,,
95603 Auburn,zcta,95603,Auburn,38.911346,-121.0857601,433615,,2017-02-28,10,0,Zillow ZIP-level market for Auburn; mapped with Census 2020 ZCTA 95603 in Placer County.,,,,
95677 Rocklin,zcta,95677,Rocklin,38.79292,-121.232006,431434,,2017-02-28,10,0,Zillow ZIP-level market for Rocklin; mapped with Census 2020 ZCTA 95677 in Placer County.,,,,
95746 Granite Bay,zcta,95746,Granite Bay,38.7469238,-121.1664336,711953,,2017-02-28,10,0,Zillow ZIP-level market for Granite Bay; mapped with Census 2020 ZCTA 95746 in Placer County.,,,,
95602 Auburn,zcta,95602,Auburn,38.9914911,-121.1035441,469481,,2017-02-28,10,0,Zillow ZIP-level market for Auburn; mapped with Census 2020 ZCTA 95602 in Placer County.,,,,
95650 Loomis,zcta,95650,Loomis,38.8091745,-121.171375,549994,,2017-02-28,10,0,Zillow ZIP-level market for Loomis; mapped with Census 2020 ZCTA 95650 in Placer County.,,,,
95713 Colfax,zcta,95713,Colfax,39.0813467,-120.9323895,360505,,2017-02-28,10,0,Zillow ZIP-level market for Colfax; mapped with Census 2020 ZCTA 95713 in Placer County.,,,,
95658 Newcastle,zcta,95658,Newcastle,38.8811828,-121.1690138,564133,,2017-02-28,10,0,Zillow ZIP-level market for Newcastle; mapped with Census 2020 ZCTA 95658 in Placer County.,,,,
95722 Meadow Vista,zcta,95722,Meadow Vista,39.0098006,-121.0347072,479001,,2017-02-28,10,0,Zillow ZIP-level market for Meadow Vista; mapped with Census 2020 ZCTA 95722 in Placer County.,,,,
95631 Foresthill,zcta,95631,Foresthill,39.0549436,-120.7539748,356687,,2017-02-28,10,0,Zillow ZIP-level market for Foresthill; mapped with Census 2020 ZCTA 95631 in Placer County.,,,,
96143 Kings Beach,zcta,96143,Kings Beach,39.2605746,-120.0262906,469766,,2017-02-28,10,0,Zillow ZIP-level market for Kings Beach; mapped with Census 2020 ZCTA 96143 in Placer County.,,,,
95663 Penryn,zcta,95663,Penryn,38.8573725,-121.1825262,566757,,2017-02-28,10,0,Zillow ZIP-level market for Penryn; mapped with Census 2020 ZCTA 95663 in Placer County.,,,,
96145 Tahoe City,zcta,96145,Tahoe City,39.1809984,-120.151396,728747,,2017-02-28,10,0,Zillow ZIP-level market for Tahoe City; mapped with Census 2020 ZCTA 96145 in Placer County.,,,,
96146 Olympic Valley,zcta,96146,Olympic Valley,39.2158973,-120.2451697,784613,,2017-02-28,10,0,Zillow ZIP-level market for Olympic Valley; mapped with Census 2020 ZCTA 96146 in Placer County.,,,,
95668 Pleasant Grove,zcta,95668,Pleasant Grove,38.8275549,-121.4951816,502307,,2017-02-28,10,0,Zillow ZIP-level market for Pleasant Grove; mapped with Census 2020 ZCTA 95668 in Placer County.,,,,
96148 Tahoe Vista,zcta,96148,Tahoe Vista,39.249777,-120.0575895,573493,,2017-02-28,10,0,Zillow ZIP-level market for Tahoe Vista; mapped with Census 2020 ZCTA 96148 in Placer County.,,,,
96140 Carnelian Bay,zcta,96140,Carnelian Bay,39.2320185,-120.0963996,674388,,2017-02-28,10,0,Zillow ZIP-level market for Carnelian Bay; mapped with Census 2020 ZCTA 96140 in Placer County.,,,,
96142 Tahoma,zcta,96142,Tahoma,38.9986311,-120.1038814,526032,,2017-02-28,10,0,Zillow ZIP-level market for Tahoma; mapped with Census 2020 ZCTA 96142 in Placer County.,,,,
95703 Applegate,zcta,95703,Applegate,38.9890274,-120.9877751,400236,,2017-02-28,10,0,Zillow ZIP-level market for Applegate; mapped with Census 2020 ZCTA 95703 in Placer County.,,,,
95681 Sheridan,zcta,95681,Sheridan,38.9980915,-121.354198,328930,,2017-02-28,10,0,Zillow ZIP-level market for Sheridan; mapped with Census 2020 ZCTA 95681 in Placer County.,,,,
95701 Alta,zcta,95701,Alta,39.226549,-120.7670224,320263,,2017-02-28,10,0,Zillow ZIP-level market for Alta; mapped with Census 2020 ZCTA 95701 in Placer County.,,,,
95715 nan,zcta,95715,nan,39.2766508,-120.644012,269233,,2017-02-28,10,0,Zillow ZIP-level market for nan; mapped with Census 2020 ZCTA 95715 in Placer County.,,,,
95728 Soda Springs,zcta,95728,Soda Springs,39.2946534,-120.4014066,480978,,2017-02-28,10,0,Zillow ZIP-level market for Soda Springs; mapped with Census 2020 ZCTA 95728 in Placer County.,,,,
95714 Dutch Flat,zcta,95714,Dutch Flat,39.2011586,-120.8367976,278233,,2017-02-28,10,0,Zillow ZIP-level market for Dutch Flat; mapped with Census 2020 ZCTA 95714 in Placer County.,,,,
96141 Homewood,zcta,96141,Homewood,39.0989284,-120.2052313,812454,,2017-02-28,10,0,Zillow ZIP-level market for Homewood; mapped with Census 2020 ZCTA 96141 in Placer County.,,,,
95747 Roseville,zcta,95747,Roseville,38.7784212,-121.3688294,451672,1972,2017-03-31,10,0,Zillow ZIP-level market for Roseville; mapped with Census 2020 ZCTA 95747 in Placer County.,,1972,Zillow ZORI,
95648 Lincoln,zcta,95648,Lincoln,38.9228115,-121.3120046,444647,1938,2017-03-31,10,0,Zillow ZIP-level market for Lincoln; mapped with Census 2020 ZCTA 95648 in Placer County.,,1938,Zillow ZORI,
95678 Roseville,zcta,95678,Roseville,38.7653528,-121.2884731,376752,1485,2017-03-31,10,0,Zillow ZIP-level market for Roseville; mapped with Census 2020 ZCTA 95678 in Placer County.,,1485,Zillow ZORI,
95765 Rocklin,zcta,95765,Rocklin,38.8197384,-121.2783211,497354,1760,2017-03-31,10,0,Zillow ZIP-level market for Rocklin; mapped with Census 2020 ZCTA 95765 in Placer County.,,1760,Zillow ZORI,
95661 Roseville,zcta,95661,Roseville,38.7412743,-121.2492663,452404,,2017-03-31,10,0,Zillow ZIP-level market for Roseville; mapped with Census 2020 ZCTA 95661 in Placer County.,,,,
95603 Auburn,zcta,95603,Auburn,38.911346,-121.0857601,436749,,2017-03-31,10,0,Zillow ZIP-level market for Auburn; mapped with Census 2020 ZCTA 95603 in Placer County.,,,,
95677 Rocklin,zcta,95677,Rocklin,38.79292,-121.232006,435180,,2017-03-31,10,0,Zillow ZIP-level market for Rocklin; mapped with Census 2020 ZCTA 95677 in Placer County.,,,,
95746 Granite Bay,zcta,95746,Granite Bay,38.7469238,-121.1664336,717566,,2017-03-31,10,0,Zillow ZIP-level market for Granite Bay; mapped with Census 2020 ZCTA 95746 in Placer County.,,,,
95602 Auburn,zcta,95602,Auburn,38.9914911,-121.1035441,472530,,2017-03-31,10,0,Zillow ZIP-level market for Auburn; mapped with Census 2020 ZCTA 95602 in Placer County.,,,,
95650 Loomis,zcta,95650,Loomis,38.8091745,-121.171375,555262,,2017-03-31,10,0,Zillow ZIP-level market for Loomis; mapped with Census 2020 ZCTA 95650 in Placer County.,,,,
95713 Colfax,zcta,95713,Colfax,39.0813467,-120.9323895,364864,,2017-03-31,10,0,Zillow ZIP-level market for Colfax; mapped with Census 2020 ZCTA 95713 in Placer County.,,,,
95658 Newcastle,zcta,95658,Newcastle,38.8811828,-121.1690138,567918,,2017-03-31,10,0,Zillow ZIP-level market for Newcastle; mapped with Census 2020 ZCTA 95658 in Placer County.,,,,
95722 Meadow Vista,zcta,95722,Meadow Vista,39.0098006,-121.0347072,481843,,2017-03-31,10,0,Zillow ZIP-level market for Meadow Vista; mapped with Census 2020 ZCTA 95722 in Placer County.,,,,
95631 Foresthill,zcta,95631,Foresthill,39.0549436,-120.7539748,359955,,2017-03-31,10,0,Zillow ZIP-level market for Foresthill; mapped with Census 2020 ZCTA 95631 in Placer County.,,,,
96143 Kings Beach,zcta,96143,Kings Beach,39.2605746,-120.0262906,475540,,2017-03-31,10,0,Zillow ZIP-level market for Kings Beach; mapped with Census 2020 ZCTA 96143 in Placer County.,,,,
95663 Penryn,zcta,95663,Penryn,38.8573725,-121.1825262,571786,,2017-03-31,10,0,Zillow ZIP-level market for Penryn; mapped with Census 2020 ZCTA 95663 in Placer County.,,,,
96145 Tahoe City,zcta,96145,Tahoe City,39.1809984,-120.151396,731219,,2017-03-31,10,0,Zillow ZIP-level market for Tahoe City; mapped with Census 2020 ZCTA 96145 in Placer County.,,,,
96146 Olympic Valley,zcta,96146,Olympic Valley,39.2158973,-120.2451697,788316,,2017-03-31,10,0,Zillow ZIP-level market for Olympic Valley; mapped with Census 2020 ZCTA 96146 in Placer County.,,,,
95668 Pleasant Grove,zcta,95668,Pleasant Grove,38.8275549,-121.4951816,510913,,2017-03-31,10,0,Zillow ZIP-level market for Pleasant Grove; mapped with Census 2020 ZCTA 95668 in Placer County.,,,,
96148 Tahoe Vista,zcta,96148,Tahoe Vista,39.249777,-120.0575895,578346,,2017-03-31,10,0,Zillow ZIP-level market for Tahoe Vista; mapped with Census 2020 ZCTA 96148 in Placer County.,,,,
96140 Carnelian Bay,zcta,96140,Carnelian Bay,39.2320185,-120.0963996,679521,,2017-03-31,10,0,Zillow ZIP-level market for Carnelian Bay; mapped with Census 2020 ZCTA 96140 in Placer County.,,,,
96142 Tahoma,zcta,96142,Tahoma,38.9986311,-120.1038814,528697,,2017-03-31,10,0,Zillow ZIP-level market for Tahoma; mapped with Census 2020 ZCTA 96142 in Placer County.,,,,
95703 Applegate,zcta,95703,Applegate,38.9890274,-120.9877751,404192,,2017-03-31,10,0,Zillow ZIP-level market for Applegate; mapped with Census 2020 ZCTA 95703 in Placer County.,,,,
95681 Sheridan,zcta,95681,Sheridan,38.9980915,-121.354198,332167,,2017-03-31,10,0,Zillow ZIP-level market for Sheridan; mapped with Census 2020 ZCTA 95681 in Placer County.,,,,
95701 Alta,zcta,95701,Alta,39.226549,-120.7670224,325162,,2017-03-31,10,0,Zillow ZIP-level market for Alta; mapped with Census 2020 ZCTA 95701 in Placer County.,,,,
95715 nan,zcta,95715,nan,39.2766508,-120.644012,273848,,2017-03-31,10,0,Zillow ZIP-level market for nan; mapped with Census 2020 ZCTA 95715 in Placer County.,,,,
95728 Soda Springs,zcta,95728,Soda Springs,39.2946534,-120.4014066,484223,,2017-03-31,10,0,Zillow ZIP-level market for Soda Springs; mapped with Census 2020 ZCTA 95728 in Placer County.,,,,
95714 Dutch Flat,zcta,95714,Dutch Flat,39.2011586,-120.8367976,281298,,2017-03-31,10,0,Zillow ZIP-level market for Dutch Flat; mapped with Census 2020 ZCTA 95714 in Placer County.,,,,
96141 Homewood,zcta,96141,Homewood,39.0989284,-120.2052313,814959,,2017-03-31,10,0,Zillow ZIP-level market for Homewood; mapped with Census 2020 ZCTA 96141 in Placer County.,,,,
95747 Roseville,zcta,95747,Roseville,38.7784212,-121.3688294,454724,1993,2017-04-30,10,0,Zillow ZIP-level market for Roseville; mapped with Census 2020 ZCTA 95747 in Placer County.,,1993,Zillow ZORI,
95648 Lincoln,zcta,95648,Lincoln,38.9228115,-121.3120046,448044,1961,2017-04-30,10,0,Zillow ZIP-level market for Lincoln; mapped with Census 2020 ZCTA 95648 in Placer County.,,1961,Zillow ZORI,
95678 Roseville,zcta,95678,Roseville,38.7653528,-121.2884731,379547,1502,2017-04-30,10,0,Zillow ZIP-level market for Roseville; mapped with Census 2020 ZCTA 95678 in Placer County.,,1502,Zillow ZORI,
95765 Rocklin,zcta,95765,Rocklin,38.8197384,-121.2783211,500602,1794,2017-04-30,10,0,Zillow ZIP-level market for Rocklin; mapped with Census 2020 ZCTA 95765 in Placer County.,,1794,Zillow ZORI,
95661 Roseville,zcta,95661,Roseville,38.7412743,-121.2492663,455335,,2017-04-30,10,0,Zillow ZIP-level market for Roseville; mapped with Census 2020 ZCTA 95661 in Placer County.,,,,
95603 Auburn,zcta,95603,Auburn,38.911346,-121.0857601,439123,,2017-04-30,10,0,Zillow ZIP-level market for Auburn; mapped with Census 2020 ZCTA 95603 in Placer County.,,,,
95677 Rocklin,zcta,95677,Rocklin,38.79292,-121.232006,438476,,2017-04-30,10,0,Zillow ZIP-level market for Rocklin; mapped with Census 2020 ZCTA 95677 in Placer County.,,,,
95746 Granite Bay,zcta,95746,Granite Bay,38.7469238,-121.1664336,722381,,2017-04-30,10,0,Zillow ZIP-level market for Granite Bay; mapped with Census 2020 ZCTA 95746 in Placer County.,,,,
95602 Auburn,zcta,95602,Auburn,38.9914911,-121.1035441,475704,,2017-04-30,10,0,Zillow ZIP-level market for Auburn; mapped with Census 2020 ZCTA 95602 in Placer County.,,,,
95650 Loomis,zcta,95650,Loomis,38.8091745,-121.171375,560418,,2017-04-30,10,0,Zillow ZIP-level market for Loomis; mapped with Census 2020 ZCTA 95650 in Placer County.,,,,
95713 Colfax,zcta,95713,Colfax,39.0813467,-120.9323895,369121,,2017-04-30,10,0,Zillow ZIP-level market for Colfax; mapped with Census 2020 ZCTA 95713 in Placer County.,,,,
95658 Newcastle,zcta,95658,Newcastle,38.8811828,-121.1690138,571572,,2017-04-30,10,0,Zillow ZIP-level market for Newcastle; mapped with Census 2020 ZCTA 95658 in Placer County.,,,,
95722 Meadow Vista,zcta,95722,Meadow Vista,39.0098006,-121.0347072,485014,,2017-04-30,10,0,Zillow ZIP-level market for Meadow Vista; mapped with Census 2020 ZCTA 95722 in Placer County.,,,,
95631 Foresthill,zcta,95631,Foresthill,39.0549436,-120.7539748,363295,,2017-04-30,10,0,Zillow ZIP-level market for Foresthill; mapped with Census 2020 ZCTA 95631 in Placer County.,,,,
96143 Kings Beach,zcta,96143,Kings Beach,39.2605746,-120.0262906,480884,,2017-04-30,10,0,Zillow ZIP-level market for Kings Beach; mapped with Census 2020 ZCTA 96143 in Placer County.,,,,
95663 Penryn,zcta,95663,Penryn,38.8573725,-121.1825262,574664,,2017-04-30,10,0,Zillow ZIP-level market for Penryn; mapped with Census 2020 ZCTA 95663 in Placer County.,,,,
96145 Tahoe City,zcta,96145,Tahoe City,39.1809984,-120.151396,733621,,2017-04-30,10,0,Zillow ZIP-level market for Tahoe City; mapped with Census 2020 ZCTA 96145 in Placer County.,,,,
96146 Olympic Valley,zcta,96146,Olympic Valley,39.2158973,-120.2451697,790672,,2017-04-30,10,0,Zillow ZIP-level market for Olympic Valley; mapped with Census 2020 ZCTA 96146 in Placer County.,,,,
95668 Pleasant Grove,zcta,95668,Pleasant Grove,38.8275549,-121.4951816,516665,,2017-04-30,10,0,Zillow ZIP-level market for Pleasant Grove; mapped with Census 2020 ZCTA 95668 in Placer County.,,,,
96148 Tahoe Vista,zcta,96148,Tahoe Vista,39.249777,-120.0575895,582225,,2017-04-30,10,0,Zillow ZIP-level market for Tahoe Vista; mapped with Census 2020 ZCTA 96148 in Placer County.,,,,
96140 Carnelian Bay,zcta,96140,Carnelian Bay,39.2320185,-120.0963996,684332,,2017-04-30,10,0,Zillow ZIP-level market for Carnelian Bay; mapped with Census 2020 ZCTA 96140 in Placer County.,,,,
96142 Tahoma,zcta,96142,Tahoma,38.9986311,-120.1038814,532292,,2017-04-30,10,0,Zillow ZIP-level market for Tahoma; mapped with Census 2020 ZCTA 96142 in Placer County.,,,,
95703 Applegate,zcta,95703,Applegate,38.9890274,-120.9877751,408439,,2017-04-30,10,0,Zillow ZIP-level market for Applegate; mapped with Census 2020 ZCTA 95703 in Placer County.,,,,
95681 Sheridan,zcta,95681,Sheridan,38.9980915,-121.354198,336499,,2017-04-30,10,0,Zillow ZIP-level market for Sheridan; mapped with Census 2020 ZCTA 95681 in Placer County.,,,,
95701 Alta,zcta,95701,Alta,39.226549,-120.7670224,330718,,2017-04-30,10,0,Zillow ZIP-level market for Alta; mapped with Census 2020 ZCTA 95701 in Placer County.,,,,
95715 nan,zcta,95715,nan,39.2766508,-120.644012,278353,,2017-04-30,10,0,Zillow ZIP-level market for nan; mapped with Census 2020 ZCTA 95715 in Placer County.,,,,
95728 Soda Springs,zcta,95728,Soda Springs,39.2946534,-120.4014066,487813,,2017-04-30,10,0,Zillow ZIP-level market for Soda Springs; mapped with Census 2020 ZCTA 95728 in Placer County.,,,,
95714 Dutch Flat,zcta,95714,Dutch Flat,39.2011586,-120.8367976,285034,,2017-04-30,10,0,Zillow ZIP-level market for Dutch Flat; mapped with Census 2020 ZCTA 95714 in Placer County.,,,,
96141 Homewood,zcta,96141,Homewood,39.0989284,-120.2052313,813228,,2017-04-30,10,0,Zillow ZIP-level market for Homewood; mapped with Census 2020 ZCTA 96141 in Placer County.,,,,
95747 Roseville,zcta,95747,Roseville,38.7784212,-121.3688294,456675,2012,2017-05-31,10,0,Zillow ZIP-level market for Roseville; mapped with Census 2020 ZCTA 95747 in Placer County.,,2012,Zillow ZORI,
95648 Lincoln,zcta,95648,Lincoln,38.9228115,-121.3120046,450482,1978,2017-05-31,10,0,Zillow ZIP-level market for Lincoln; mapped with Census 2020 ZCTA 95648 in Placer County.,,1978,Zillow ZORI,
95678 Roseville,zcta,95678,Roseville,38.7653528,-121.2884731,381289,1498,2017-05-31,10,0,Zillow ZIP-level market for Roseville; mapped with Census 2020 ZCTA 95678 in Placer County.,,1498,Zillow ZORI,
95765 Rocklin,zcta,95765,Rocklin,38.8197384,-121.2783211,502372,1820,2017-05-31,10,0,Zillow ZIP-level market for Rocklin; mapped with Census 2020 ZCTA 95765 in Placer County.,,1820,Zillow ZORI,
95661 Roseville,zcta,95661,Roseville,38.7412743,-121.2492663,456582,,2017-05-31,10,0,Zillow ZIP-level market for Roseville; mapped with Census 2020 ZCTA 95661 in Placer County.,,,,
95603 Auburn,zcta,95603,Auburn,38.911346,-121.0857601,440668,,2017-05-31,10,0,Zillow ZIP-level market for Auburn; mapped with Census 2020 ZCTA 95603 in Placer County.,,,,
95677 Rocklin,zcta,95677,Rocklin,38.79292,-121.232006,440331,,2017-05-31,10,0,Zillow ZIP-level market for Rocklin; mapped with Census 2020 ZCTA 95677 in Placer County.,,,,
95746 Granite Bay,zcta,95746,Granite Bay,38.7469238,-121.1664336,724874,,2017-05-31,10,0,Zillow ZIP-level market for Granite Bay; mapped with Census 2020 ZCTA 95746 in Placer County.,,,,
95602 Auburn,zcta,95602,Auburn,38.9914911,-121.1035441,478647,,2017-05-31,10,0,Zillow ZIP-level market for Auburn; mapped with Census 2020 ZCTA 95602 in Placer County.,,,,
95650 Loomis,zcta,95650,Loomis,38.8091745,-121.171375,564269,,2017-05-31,10,0,Zillow ZIP-level market for Loomis; mapped with Census 2020 ZCTA 95650 in Placer County.,,,,
95713 Colfax,zcta,95713,Colfax,39.0813467,-120.9323895,372299,,2017-05-31,10,0,Zillow ZIP-level market for Colfax; mapped with Census 2020 ZCTA 95713 in Placer County.,,,,
95658 Newcastle,zcta,95658,Newcastle,38.8811828,-121.1690138,574377,,2017-05-31,10,0,Zillow ZIP-level market for Newcastle; mapped with Census 2020 ZCTA 95658 in Placer County.,,,,
95722 Meadow Vista,zcta,95722,Meadow Vista,39.0098006,-121.0347072,488653,,2017-05-31,10,0,Zillow ZIP-level market for Meadow Vista; mapped with Census 2020 ZCTA 95722 in Placer County.,,,,
95631 Foresthill,zcta,95631,Foresthill,39.0549436,-120.7539748,365568,,2017-05-31,10,0,Zillow ZIP-level market for Foresthill; mapped with Census 2020 ZCTA 95631 in Placer County.,,,,
96143 Kings Beach,zcta,96143,Kings Beach,39.2605746,-120.0262906,484164,,2017-05-31,10,0,Zillow ZIP-level market for Kings Beach; mapped with Census 2020 ZCTA 96143 in Placer County.,,,,
95663 Penryn,zcta,95663,Penryn,38.8573725,-121.1825262,576559,,2017-05-31,10,0,Zillow ZIP-level market for Penryn; mapped with Census 2020 ZCTA 95663 in Placer County.,,,,
96145 Tahoe City,zcta,96145,Tahoe City,39.1809984,-120.151396,733740,,2017-05-31,10,0,Zillow ZIP-level market for Tahoe City; mapped with Census 2020 ZCTA 96145 in Placer County.,,,,
96146 Olympic Valley,zcta,96146,Olympic Valley,39.2158973,-120.2451697,791663,,2017-05-31,10,0,Zillow ZIP-level market for Olympic Valley; mapped with Census 2020 ZCTA 96146 in Placer County.,,,,
95668 Pleasant Grove,zcta,95668,Pleasant Grove,38.8275549,-121.4951816,520130,,2017-05-31,10,0,Zillow ZIP-level market for Pleasant Grove; mapped with Census 2020 ZCTA 95668 in Placer County.,,,,
96148 Tahoe Vista,zcta,96148,Tahoe Vista,39.249777,-120.0575895,584724,,2017-05-31,10,0,Zillow ZIP-level market for Tahoe Vista; mapped with Census 2020 ZCTA 96148 in Placer County.,,,,
96140 Carnelian Bay,zcta,96140,Carnelian Bay,39.2320185,-120.0963996,687590,,2017-05-31,10,0,Zillow ZIP-level market for Carnelian Bay; mapped with Census 2020 ZCTA 96140 in Placer County.,,,,
96142 Tahoma,zcta,96142,Tahoma,38.9986311,-120.1038814,534896,,2017-05-31,10,0,Zillow ZIP-level market for Tahoma; mapped with Census 2020 ZCTA 96142 in Placer County.,,,,
95703 Applegate,zcta,95703,Applegate,38.9890274,-120.9877751,411339,,2017-05-31,10,0,Zillow ZIP-level market for Applegate; mapped with Census 2020 ZCTA 95703 in Placer County.,,,,
95681 Sheridan,zcta,95681,Sheridan,38.9980915,-121.354198,339817,,2017-05-31,10,0,Zillow ZIP-level market for Sheridan; mapped with Census 2020 ZCTA 95681 in Placer County.,,,,
95701 Alta,zcta,95701,Alta,39.226549,-120.7670224,334088,,2017-05-31,10,0,Zillow ZIP-level market for Alta; mapped with Census 2020 ZCTA 95701 in Placer County.,,,,
95715 nan,zcta,95715,nan,39.2766508,-120.644012,280110,,2017-05-31,10,0,Zillow ZIP-level market for nan; mapped with Census 2020 ZCTA 95715 in Placer County.,,,,
95728 Soda Springs,zcta,95728,Soda Springs,39.2946534,-120.4014066,489592,,2017-05-31,10,0,Zillow ZIP-level market for Soda Springs; mapped with Census 2020 ZCTA 95728 in Placer County.,,,,
95714 Dutch Flat,zcta,95714,Dutch Flat,39.2011586,-120.8367976,287568,,2017-05-31,10,0,Zillow ZIP-level market for Dutch Flat; mapped with Census 2020 ZCTA 95714 in Placer County.,,,,
96141 Homewood,zcta,96141,Homewood,39.0989284,-120.2052313,807760,,2017-05-31,10,0,Zillow ZIP-level market for Homewood; mapped with Census 2020 ZCTA 96141 in Placer County.,,,,
95747 Roseville,zcta,95747,Roseville,38.7784212,-121.3688294,458139,2008,2017-06-30,10,0,Zillow ZIP-level market for Roseville; mapped with Census 2020 ZCTA 95747 in Placer County.,,2008,Zillow ZORI,
95648 Lincoln,zcta,95648,Lincoln,38.9228115,-121.3120046,452634,1982,2017-06-30,10,0,Zillow ZIP-level market for Lincoln; mapped with Census 2020 ZCTA 95648 in Placer County.,,1982,Zillow ZORI,
95678 Roseville,zcta,95678,Roseville,38.7653528,-121.2884731,382607,1525,2017-06-30,10,0,Zillow ZIP-level market for Roseville; mapped with Census 2020 ZCTA 95678 in Placer County.,,1525,Zillow ZORI,
95765 Rocklin,zcta,95765,Rocklin,38.8197384,-121.2783211,503889,1846,2017-06-30,10,0,Zillow ZIP-level market for Rocklin; mapped with Census 2020 ZCTA 95765 in Placer County.,,1846,Zillow ZORI,
95661 Roseville,zcta,95661,Roseville,38.7412743,-121.2492663,457624,,2017-06-30,10,0,Zillow ZIP-level market for Roseville; mapped with Census 2020 ZCTA 95661 in Placer County.,,,,
95603 Auburn,zcta,95603,Auburn,38.911346,-121.0857601,441981,,2017-06-30,10,0,Zillow ZIP-level market for Auburn; mapped with Census 2020 ZCTA 95603 in Placer County.,,,,
95677 Rocklin,zcta,95677,Rocklin,38.79292,-121.232006,441771,,2017-06-30,10,0,Zillow ZIP-level market for Rocklin; mapped with Census 2020 ZCTA 95677 in Placer County.,,,,
95746 Granite Bay,zcta,95746,Granite Bay,38.7469238,-121.1664336,726319,,2017-06-30,10,0,Zillow ZIP-level market for Granite Bay; mapped with Census 2020 ZCTA 95746 in Placer County.,,,,
95602 Auburn,zcta,95602,Auburn,38.9914911,-121.1035441,481642,,2017-06-30,10,0,Zillow ZIP-level market for Auburn; mapped with Census 2020 ZCTA 95602 in Placer County.,,,,
95650 Loomis,zcta,95650,Loomis,38.8091745,-121.171375,567859,,2017-06-30,10,0,Zillow ZIP-level market for Loomis; mapped with Census 2020 ZCTA 95650 in Placer County.,,,,
95713 Colfax,zcta,95713,Colfax,39.0813467,-120.9323895,375620,,2017-06-30,10,0,Zillow ZIP-level market for Colfax; mapped with Census 2020 ZCTA 95713 in Placer County.,,,,
95658 Newcastle,zcta,95658,Newcastle,38.8811828,-121.1690138,578146,,2017-06-30,10,0,Zillow ZIP-level market for Newcastle; mapped with Census 2020 ZCTA 95658 in Placer County.,,,,
95722 Meadow Vista,zcta,95722,Meadow Vista,39.0098006,-121.0347072,491784,,2017-06-30,10,0,Zillow ZIP-level market for Meadow Vista; mapped with Census 2020 ZCTA 95722 in Placer County.,,,,
95631 Foresthill,zcta,95631,Foresthill,39.0549436,-120.7539748,368058,,2017-06-30,10,0,Zillow ZIP-level market for Foresthill; mapped with Census 2020 ZCTA 95631 in Placer County.,,,,
96143 Kings Beach,zcta,96143,Kings Beach,39.2605746,-120.0262906,485289,,2017-06-30,10,0,Zillow ZIP-level market for Kings Beach; mapped with Census 2020 ZCTA 96143 in Placer County.,,,,
95663 Penryn,zcta,95663,Penryn,38.8573725,-121.1825262,578423,,2017-06-30,10,0,Zillow ZIP-level market for Penryn; mapped with Census 2020 ZCTA 95663 in Placer County.,,,,
96145 Tahoe City,zcta,96145,Tahoe City,39.1809984,-120.151396,737242,,2017-06-30,10,0,Zillow ZIP-level market for Tahoe City; mapped with Census 2020 ZCTA 96145 in Placer County.,,,,
96146 Olympic Valley,zcta,96146,Olympic Valley,39.2158973,-120.2451697,793336,,2017-06-30,10,0,Zillow ZIP-level market for Olympic Valley; mapped with Census 2020 ZCTA 96146 in Placer County.,,,,
95668 Pleasant Grove,zcta,95668,Pleasant Grove,38.8275549,-121.4951816,526525,,2017-06-30,10,0,Zillow ZIP-level market for Pleasant Grove; mapped with Census 2020 ZCTA 95668 in Placer County.,,,,
96148 Tahoe Vista,zcta,96148,Tahoe Vista,39.249777,-120.0575895,586853,,2017-06-30,10,0,Zillow ZIP-level market for Tahoe Vista; mapped with Census 2020 ZCTA 96148 in Placer County.,,,,
96140 Carnelian Bay,zcta,96140,Carnelian Bay,39.2320185,-120.0963996,693238,,2017-06-30,10,0,Zillow ZIP-level market for Carnelian Bay; mapped with Census 2020 ZCTA 96140 in Placer County.,,,,
96142 Tahoma,zcta,96142,Tahoma,38.9986311,-120.1038814,538245,,2017-06-30,10,0,Zillow ZIP-level market for Tahoma; mapped with Census 2020 ZCTA 96142 in Placer County.,,,,
95703 Applegate,zcta,95703,Applegate,38.9890274,-120.9877751,414594,,2017-06-30,10,0,Zillow ZIP-level market for Applegate; mapped with Census 2020 ZCTA 95703 in Placer County.,,,,
95681 Sheridan,zcta,95681,Sheridan,38.9980915,-121.354198,344905,,2017-06-30,10,0,Zillow ZIP-level market for Sheridan; mapped with Census 2020 ZCTA 95681 in Placer County.,,,,
95701 Alta,zcta,95701,Alta,39.226549,-120.7670224,337576,,2017-06-30,10,0,Zillow ZIP-level market for Alta; mapped with Census 2020 ZCTA 95701 in Placer County.,,,,
95715 nan,zcta,95715,nan,39.2766508,-120.644012,280885,,2017-06-30,10,0,Zillow ZIP-level market for nan; mapped with Census 2020 ZCTA 95715 in Placer County.,,,,
95728 Soda Springs,zcta,95728,Soda Springs,39.2946534,-120.4014066,491277,,2017-06-30,10,0,Zillow ZIP-level market for Soda Springs; mapped with Census 2020 ZCTA 95728 in Placer County.,,,,
95714 Dutch Flat,zcta,95714,Dutch Flat,39.2011586,-120.8367976,289736,,2017-06-30,10,0,Zillow ZIP-level market for Dutch Flat; mapped with Census 2020 ZCTA 95714 in Placer County.,,,,
96141 Homewood,zcta,96141,Homewood,39.0989284,-120.2052313,806612,,2017-06-30,10,0,Zillow ZIP-level market for Homewood; mapped with Census 2020 ZCTA 96141 in Placer County.,,,,
95747 Roseville,zcta,95747,Roseville,38.7784212,-121.3688294,459421,2033,2017-07-31,10,0,Zillow ZIP-level market for Roseville; mapped with Census 2020 ZCTA 95747 in Placer County.,,2033,Zillow ZORI,
95648 Lincoln,zcta,95648,Lincoln,38.9228115,-121.3120046,454005,1975,2017-07-31,10,0,Zillow ZIP-level market for Lincoln; mapped with Census 2020 ZCTA 95648 in Placer County.,,1975,Zillow ZORI,
95678 Roseville,zcta,95678,Roseville,38.7653528,-121.2884731,383652,1542,2017-07-31,10,0,Zillow ZIP-level market for Roseville; mapped with Census 2020 ZCTA 95678 in Placer County.,,1542,Zillow ZORI,
95765 Rocklin,zcta,95765,Rocklin,38.8197384,-121.2783211,505084,1861,2017-07-31,10,0,Zillow ZIP-level market for Rocklin; mapped with Census 2020 ZCTA 95765 in Placer County.,,1861,Zillow ZORI,
95661 Roseville,zcta,95661,Roseville,38.7412743,-121.2492663,458263,,2017-07-31,10,0,Zillow ZIP-level market for Roseville; mapped with Census 2020 ZCTA 95661 in Placer County.,,,,
95603 Auburn,zcta,95603,Auburn,38.911346,-121.0857601,442975,,2017-07-31,10,0,Zillow ZIP-level market for Auburn; mapped with Census 2020 ZCTA 95603 in Placer County.,,,,
95677 Rocklin,zcta,95677,Rocklin,38.79292,-121.232006,442870,,2017-07-31,10,0,Zillow ZIP-level market for Rocklin; mapped with Census 2020 ZCTA 95677 in Placer County.,,,,
95746 Granite Bay,zcta,95746,Granite Bay,38.7469238,-121.1664336,725691,,2017-07-31,10,0,Zillow ZIP-level market for Granite Bay; mapped with Census 2020 ZCTA 95746 in Placer County.,,,,
95602 Auburn,zcta,95602,Auburn,38.9914911,-121.1035441,483650,,2017-07-31,10,0,Zillow ZIP-level market for Auburn; mapped with Census 2020 ZCTA 95602 in Placer County.,,,,
95650 Loomis,zcta,95650,Loomis,38.8091745,-121.171375,569962,,2017-07-31,10,0,Zillow ZIP-level market for Loomis; mapped with Census 2020 ZCTA 95650 in Placer County.,,,,
95713 Colfax,zcta,95713,Colfax,39.0813467,-120.9323895,378000,,2017-07-31,10,0,Zillow ZIP-level market for Colfax; mapped with Census 2020 ZCTA 95713 in Placer County.,,,,
95658 Newcastle,zcta,95658,Newcastle,38.8811828,-121.1690138,580917,,2017-07-31,10,0,Zillow ZIP-level market for Newcastle; mapped with Census 2020 ZCTA 95658 in Placer County.,,,,
95722 Meadow Vista,zcta,95722,Meadow Vista,39.0098006,-121.0347072,493926,,2017-07-31,10,0,Zillow ZIP-level market for Meadow Vista; mapped with Census 2020 ZCTA 95722 in Placer County.,,,,
95631 Foresthill,zcta,95631,Foresthill,39.0549436,-120.7539748,370719,,2017-07-31,10,0,Zillow ZIP-level market for Foresthill; mapped with Census 2020 ZCTA 95631 in Placer County.,,,,
96143 Kings Beach,zcta,96143,Kings Beach,39.2605746,-120.0262906,485678,,2017-07-31,10,0,Zillow ZIP-level market for Kings Beach; mapped with Census 2020 ZCTA 96143 in Placer County.,,,,
95663 Penryn,zcta,95663,Penryn,38.8573725,-121.1825262,579560,,2017-07-31,10,0,Zillow ZIP-level market for Penryn; mapped with Census 2020 ZCTA 95663 in Placer County.,,,,
96145 Tahoe City,zcta,96145,Tahoe City,39.1809984,-120.151396,741314,,2017-07-31,10,0,Zillow ZIP-level market for Tahoe City; mapped with Census 2020 ZCTA 96145 in Placer County.,,,,
96146 Olympic Valley,zcta,96146,Olympic Valley,39.2158973,-120.2451697,795208,,2017-07-31,10,0,Zillow ZIP-level market for Olympic Valley; mapped with Census 2020 ZCTA 96146 in Placer County.,,,,
95668 Pleasant Grove,zcta,95668,Pleasant Grove,38.8275549,-121.4951816,531786,,2017-07-31,10,0,Zillow ZIP-level market for Pleasant Grove; mapped with Census 2020 ZCTA 95668 in Placer County.,,,,
96148 Tahoe Vista,zcta,96148,Tahoe Vista,39.249777,-120.0575895,588246,,2017-07-31,10,0,Zillow ZIP-level market for Tahoe Vista; mapped with Census 2020 ZCTA 96148 in Placer County.,,,,
96140 Carnelian Bay,zcta,96140,Carnelian Bay,39.2320185,-120.0963996,696606,,2017-07-31,10,0,Zillow ZIP-level market for Carnelian Bay; mapped with Census 2020 ZCTA 96140 in Placer County.,,,,
96142 Tahoma,zcta,96142,Tahoma,38.9986311,-120.1038814,540323,,2017-07-31,10,0,Zillow ZIP-level market for Tahoma; mapped with Census 2020 ZCTA 96142 in Placer County.,,,,
95703 Applegate,zcta,95703,Applegate,38.9890274,-120.9877751,416461,,2017-07-31,10,0,Zillow ZIP-level market for Applegate; mapped with Census 2020 ZCTA 95703 in Placer County.,,,,
95681 Sheridan,zcta,95681,Sheridan,38.9980915,-121.354198,348222,,2017-07-31,10,0,Zillow ZIP-level market for Sheridan; mapped with Census 2020 ZCTA 95681 in Placer County.,,,,
95701 Alta,zcta,95701,Alta,39.226549,-120.7670224,339425,,2017-07-31,10,0,Zillow ZIP-level market for Alta; mapped with Census 2020 ZCTA 95701 in Placer County.,,,,
95715 nan,zcta,95715,nan,39.2766508,-120.644012,282298,,2017-07-31,10,0,Zillow ZIP-level market for nan; mapped with Census 2020 ZCTA 95715 in Placer County.,,,,
95728 Soda Springs,zcta,95728,Soda Springs,39.2946534,-120.4014066,491396,,2017-07-31,10,0,Zillow ZIP-level market for Soda Springs; mapped with Census 2020 ZCTA 95728 in Placer County.,,,,
95714 Dutch Flat,zcta,95714,Dutch Flat,39.2011586,-120.8367976,291331,,2017-07-31,10,0,Zillow ZIP-level market for Dutch Flat; mapped with Census 2020 ZCTA 95714 in Placer County.,,,,
96141 Homewood,zcta,96141,Homewood,39.0989284,-120.2052313,811602,,2017-07-31,10,0,Zillow ZIP-level market for Homewood; mapped with Census 2020 ZCTA 96141 in Placer County.,,,,
95747 Roseville,zcta,95747,Roseville,38.7784212,-121.3688294,461211,2043,2017-08-31,10,0,Zillow ZIP-level market for Roseville; mapped with Census 2020 ZCTA 95747 in Placer County.,,2043,Zillow ZORI,
95648 Lincoln,zcta,95648,Lincoln,38.9228115,-121.3120046,455721,1986,2017-08-31,10,0,Zillow ZIP-level market for Lincoln; mapped with Census 2020 ZCTA 95648 in Placer County.,,1986,Zillow ZORI,
95678 Roseville,zcta,95678,Roseville,38.7653528,-121.2884731,385138,1557,2017-08-31,10,0,Zillow ZIP-level market for Roseville; mapped with Census 2020 ZCTA 95678 in Placer County.,,1557,Zillow ZORI,
95765 Rocklin,zcta,95765,Rocklin,38.8197384,-121.2783211,506834,1850,2017-08-31,10,0,Zillow ZIP-level market for Rocklin; mapped with Census 2020 ZCTA 95765 in Placer County.,,1850,Zillow ZORI,
95661 Roseville,zcta,95661,Roseville,38.7412743,-121.2492663,459507,,2017-08-31,10,0,Zillow ZIP-level market for Roseville; mapped with Census 2020 ZCTA 95661 in Placer County.,,,,
95603 Auburn,zcta,95603,Auburn,38.911346,-121.0857601,444463,,2017-08-31,10,0,Zillow ZIP-level market for Auburn; mapped with Census 2020 ZCTA 95603 in Placer County.,,,,
95677 Rocklin,zcta,95677,Rocklin,38.79292,-121.232006,444121,,2017-08-31,10,0,Zillow ZIP-level market for Rocklin; mapped with Census 2020 ZCTA 95677 in Placer County.,,,,
95746 Granite Bay,zcta,95746,Granite Bay,38.7469238,-121.1664336,726010,,2017-08-31,10,0,Zillow ZIP-level market for Granite Bay; mapped with Census 2020 ZCTA 95746 in Placer County.,,,,
95602 Auburn,zcta,95602,Auburn,38.9914911,-121.1035441,485897,,2017-08-31,10,0,Zillow ZIP-level market for Auburn; mapped with Census 2020 ZCTA 95602 in Placer County.,,,,
95650 Loomis,zcta,95650,Loomis,38.8091745,-121.171375,572675,,2017-08-31,10,0,Zillow ZIP-level market for Loomis; mapped with Census 2020 ZCTA 95650 in Placer County.,,,,
95713 Colfax,zcta,95713,Colfax,39.0813467,-120.9323895,380420,,2017-08-31,10,0,Zillow ZIP-level market for Colfax; mapped with Census 2020 ZCTA 95713 in Placer County.,,,,
95658 Newcastle,zcta,95658,Newcastle,38.8811828,-121.1690138,585212,,2017-08-31,10,0,Zillow ZIP-level market for Newcastle; mapped with Census 2020 ZCTA 95658 in Placer County.,,,,
95722 Meadow Vista,zcta,95722,Meadow Vista,39.0098006,-121.0347072,495396,,2017-08-31,10,0,Zillow ZIP-level market for Meadow Vista; mapped with Census 2020 ZCTA 95722 in Placer County.,,,,
95631 Foresthill,zcta,95631,Foresthill,39.0549436,-120.7539748,374097,,2017-08-31,10,0,Zillow ZIP-level market for Foresthill; mapped with Census 2020 ZCTA 95631 in Placer County.,,,,
96143 Kings Beach,zcta,96143,Kings Beach,39.2605746,-120.0262906,487154,,2017-08-31,10,0,Zillow ZIP-level market for Kings Beach; mapped with Census 2020 ZCTA 96143 in Placer County.,,,,
95663 Penryn,zcta,95663,Penryn,38.8573725,-121.1825262,581653,,2017-08-31,10,0,Zillow ZIP-level market for Penryn; mapped with Census 2020 ZCTA 95663 in Placer County.,,,,
96145 Tahoe City,zcta,96145,Tahoe City,39.1809984,-120.151396,745691,,2017-08-31,10,0,Zillow ZIP-level market for Tahoe City; mapped with Census 2020 ZCTA 96145 in Placer County.,,,,
96146 Olympic Valley,zcta,96146,Olympic Valley,39.2158973,-120.2451697,796284,,2017-08-31,10,0,Zillow ZIP-level market for Olympic Valley; mapped with Census 2020 ZCTA 96146 in Placer County.,,,,
95668 Pleasant Grove,zcta,95668,Pleasant Grove,38.8275549,-121.4951816,536274,,2017-08-31,10,0,Zillow ZIP-level market for Pleasant Grove; mapped with Census 2020 ZCTA 95668 in Placer County.,,,,
96148 Tahoe Vista,zcta,96148,Tahoe Vista,39.249777,-120.0575895,588987,,2017-08-31,10,0,Zillow ZIP-level market for Tahoe Vista; mapped with Census 2020 ZCTA 96148 in Placer County.,,,,
96140 Carnelian Bay,zcta,96140,Carnelian Bay,39.2320185,-120.0963996,698789,,2017-08-31,10,0,Zillow ZIP-level market for Carnelian Bay; mapped with Census 2020 ZCTA 96140 in Placer County.,,,,
96142 Tahoma,zcta,96142,Tahoma,38.9986311,-120.1038814,542635,,2017-08-31,10,0,Zillow ZIP-level market for Tahoma; mapped with Census 2020 ZCTA 96142 in Placer County.,,,,
95703 Applegate,zcta,95703,Applegate,38.9890274,-120.9877751,418868,,2017-08-31,10,0,Zillow ZIP-level market for Applegate; mapped with Census 2020 ZCTA 95703 in Placer County.,,,,
95681 Sheridan,zcta,95681,Sheridan,38.9980915,-121.354198,351336,,2017-08-31,10,0,Zillow ZIP-level market for Sheridan; mapped with Census 2020 ZCTA 95681 in Placer County.,,,,
95701 Alta,zcta,95701,Alta,39.226549,-120.7670224,340174,,2017-08-31,10,0,Zillow ZIP-level market for Alta; mapped with Census 2020 ZCTA 95701 in Placer County.,,,,
95715 nan,zcta,95715,nan,39.2766508,-120.644012,285468,,2017-08-31,10,0,Zillow ZIP-level market for nan; mapped with Census 2020 ZCTA 95715 in Placer County.,,,,
95728 Soda Springs,zcta,95728,Soda Springs,39.2946534,-120.4014066,493219,,2017-08-31,10,0,Zillow ZIP-level market for Soda Springs; mapped with Census 2020 ZCTA 95728 in Placer County.,,,,
95714 Dutch Flat,zcta,95714,Dutch Flat,39.2011586,-120.8367976,292519,,2017-08-31,10,0,Zillow ZIP-level market for Dutch Flat; mapped with Census 2020 ZCTA 95714 in Placer County.,,,,
96141 Homewood,zcta,96141,Homewood,39.0989284,-120.2052313,819223,,2017-08-31,10,0,Zillow ZIP-level market for Homewood; mapped with Census 2020 ZCTA 96141 in Placer County.,,,,
95747 Roseville,zcta,95747,Roseville,38.7784212,-121.3688294,463344,2052,2017-09-30,10,0,Zillow ZIP-level market for Roseville; mapped with Census 2020 ZCTA 95747 in Placer County.,,2052,Zillow ZORI,
95648 Lincoln,zcta,95648,Lincoln,38.9228115,-121.3120046,457768,2000,2017-09-30,10,0,Zillow ZIP-level market for Lincoln; mapped with Census 2020 ZCTA 95648 in Placer County.,,2000,Zillow ZORI,
95678 Roseville,zcta,95678,Roseville,38.7653528,-121.2884731,387465,1547,2017-09-30,10,0,Zillow ZIP-level market for Roseville; mapped with Census 2020 ZCTA 95678 in Placer County.,,1547,Zillow ZORI,
95765 Rocklin,zcta,95765,Rocklin,38.8197384,-121.2783211,509344,1830,2017-09-30,10,0,Zillow ZIP-level market for Rocklin; mapped with Census 2020 ZCTA 95765 in Placer County.,,1830,Zillow ZORI,
95661 Roseville,zcta,95661,Roseville,38.7412743,-121.2492663,461240,,2017-09-30,10,0,Zillow ZIP-level market for Roseville; mapped with Census 2020 ZCTA 95661 in Placer County.,,,,
95603 Auburn,zcta,95603,Auburn,38.911346,-121.0857601,446806,,2017-09-30,10,0,Zillow ZIP-level market for Auburn; mapped with Census 2020 ZCTA 95603 in Placer County.,,,,
95677 Rocklin,zcta,95677,Rocklin,38.79292,-121.232006,446712,,2017-09-30,10,0,Zillow ZIP-level market for Rocklin; mapped with Census 2020 ZCTA 95677 in Placer County.,,,,
95746 Granite Bay,zcta,95746,Granite Bay,38.7469238,-121.1664336,727906,,2017-09-30,10,0,Zillow ZIP-level market for Granite Bay; mapped with Census 2020 ZCTA 95746 in Placer County.,,,,
95602 Auburn,zcta,95602,Auburn,38.9914911,-121.1035441,488526,,2017-09-30,10,0,Zillow ZIP-level market for Auburn; mapped with Census 2020 ZCTA 95602 in Placer County.,,,,
95650 Loomis,zcta,95650,Loomis,38.8091745,-121.171375,576492,,2017-09-30,10,0,Zillow ZIP-level market for Loomis; mapped with Census 2020 ZCTA 95650 in Placer County.,,,,
95713 Colfax,zcta,95713,Colfax,39.0813467,-120.9323895,382085,,2017-09-30,10,0,Zillow ZIP-level market for Colfax; mapped with Census 2020 ZCTA 95713 in Placer County.,,,,
95658 Newcastle,zcta,95658,Newcastle,38.8811828,-121.1690138,589796,,2017-09-30,10,0,Zillow ZIP-level market for Newcastle; mapped with Census 2020 ZCTA 95658 in Placer County.,,,,
95722 Meadow Vista,zcta,95722,Meadow Vista,39.0098006,-121.0347072,496592,,2017-09-30,10,0,Zillow ZIP-level market for Meadow Vista; mapped with Census 2020 ZCTA 95722 in Placer County.,,,,
95631 Foresthill,zcta,95631,Foresthill,39.0549436,-120.7539748,377644,,2017-09-30,10,0,Zillow ZIP-level market for Foresthill; mapped with Census 2020 ZCTA 95631 in Placer County.,,,,
96143 Kings Beach,zcta,96143,Kings Beach,39.2605746,-120.0262906,489430,,2017-09-30,10,0,Zillow ZIP-level market for Kings Beach; mapped with Census 2020 ZCTA 96143 in Placer County.,,,,
95663 Penryn,zcta,95663,Penryn,38.8573725,-121.1825262,585728,,2017-09-30,10,0,Zillow ZIP-level market for Penryn; mapped with Census 2020 ZCTA 95663 in Placer County.,,,,
96145 Tahoe City,zcta,96145,Tahoe City,39.1809984,-120.151396,747975,,2017-09-30,10,0,Zillow ZIP-level market for Tahoe City; mapped with Census 2020 ZCTA 96145 in Placer County.,,,,
96146 Olympic Valley,zcta,96146,Olympic Valley,39.2158973,-120.2451697,797303,,2017-09-30,10,0,Zillow ZIP-level market for Olympic Valley; mapped with Census 2020 ZCTA 96146 in Placer County.,,,,
95668 Pleasant Grove,zcta,95668,Pleasant Grove,38.8275549,-121.4951816,539692,,2017-09-30,10,0,Zillow ZIP-level market for Pleasant Grove; mapped with Census 2020 ZCTA 95668 in Placer County.,,,,
96148 Tahoe Vista,zcta,96148,Tahoe Vista,39.249777,-120.0575895,590308,,2017-09-30,10,0,Zillow ZIP-level market for Tahoe Vista; mapped with Census 2020 ZCTA 96148 in Placer County.,,,,
96140 Carnelian Bay,zcta,96140,Carnelian Bay,39.2320185,-120.0963996,701436,,2017-09-30,10,0,Zillow ZIP-level market for Carnelian Bay; mapped with Census 2020 ZCTA 96140 in Placer County.,,,,
96142 Tahoma,zcta,96142,Tahoma,38.9986311,-120.1038814,543983,,2017-09-30,10,0,Zillow ZIP-level market for Tahoma; mapped with Census 2020 ZCTA 96142 in Placer County.,,,,
95703 Applegate,zcta,95703,Applegate,38.9890274,-120.9877751,421133,,2017-09-30,10,0,Zillow ZIP-level market for Applegate; mapped with Census 2020 ZCTA 95703 in Placer County.,,,,
95681 Sheridan,zcta,95681,Sheridan,38.9980915,-121.354198,352269,,2017-09-30,10,0,Zillow ZIP-level market for Sheridan; mapped with Census 2020 ZCTA 95681 in Placer County.,,,,
95701 Alta,zcta,95701,Alta,39.226549,-120.7670224,339562,,2017-09-30,10,0,Zillow ZIP-level market for Alta; mapped with Census 2020 ZCTA 95701 in Placer County.,,,,
95715 nan,zcta,95715,nan,39.2766508,-120.644012,287897,,2017-09-30,10,0,Zillow ZIP-level market for nan; mapped with Census 2020 ZCTA 95715 in Placer County.,,,,
95728 Soda Springs,zcta,95728,Soda Springs,39.2946534,-120.4014066,494758,,2017-09-30,10,0,Zillow ZIP-level market for Soda Springs; mapped with Census 2020 ZCTA 95728 in Placer County.,,,,
95714 Dutch Flat,zcta,95714,Dutch Flat,39.2011586,-120.8367976,293161,,2017-09-30,10,0,Zillow ZIP-level market for Dutch Flat; mapped with Census 2020 ZCTA 95714 in Placer County.,,,,
96141 Homewood,zcta,96141,Homewood,39.0989284,-120.2052313,823062,,2017-09-30,10,0,Zillow ZIP-level market for Homewood; mapped with Census 2020 ZCTA 96141 in Placer County.,,,,
95747 Roseville,zcta,95747,Roseville,38.7784212,-121.3688294,466251,2019,2017-10-31,10,0,Zillow ZIP-level market for Roseville; mapped with Census 2020 ZCTA 95747 in Placer County.,,2019,Zillow ZORI,
95648 Lincoln,zcta,95648,Lincoln,38.9228115,-121.3120046,460774,2022,2017-10-31,10,0,Zillow ZIP-level market for Lincoln; mapped with Census 2020 ZCTA 95648 in Placer County.,,2022,Zillow ZORI,
95678 Roseville,zcta,95678,Roseville,38.7653528,-121.2884731,390749,1537,2017-10-31,10,0,Zillow ZIP-level market for Roseville; mapped with Census 2020 ZCTA 95678 in Placer County.,,1537,Zillow ZORI,
95765 Rocklin,zcta,95765,Rocklin,38.8197384,-121.2783211,512786,1816,2017-10-31,10,0,Zillow ZIP-level market for Rocklin; mapped with Census 2020 ZCTA 95765 in Placer County.,,1816,Zillow ZORI,
95661 Roseville,zcta,95661,Roseville,38.7412743,-121.2492663,464304,,2017-10-31,10,0,Zillow ZIP-level market for Roseville; mapped with Census 2020 ZCTA 95661 in Placer County.,,,,
95603 Auburn,zcta,95603,Auburn,38.911346,-121.0857601,450371,,2017-10-31,10,0,Zillow ZIP-level market for Auburn; mapped with Census 2020 ZCTA 95603 in Placer County.,,,,
95677 Rocklin,zcta,95677,Rocklin,38.79292,-121.232006,450184,,2017-10-31,10,0,Zillow ZIP-level market for Rocklin; mapped with Census 2020 ZCTA 95677 in Placer County.,,,,
95746 Granite Bay,zcta,95746,Granite Bay,38.7469238,-121.1664336,732715,,2017-10-31,10,0,Zillow ZIP-level market for Granite Bay; mapped with Census 2020 ZCTA 95746 in Placer County.,,,,
95602 Auburn,zcta,95602,Auburn,38.9914911,-121.1035441,492347,,2017-10-31,10,0,Zillow ZIP-level market for Auburn; mapped with Census 2020 ZCTA 95602 in Placer County.,,,,
95650 Loomis,zcta,95650,Loomis,38.8091745,-121.171375,583248,,2017-10-31,10,0,Zillow ZIP-level market for Loomis; mapped with Census 2020 ZCTA 95650 in Placer County.,,,,
95713 Colfax,zcta,95713,Colfax,39.0813467,-120.9323895,385016,,2017-10-31,10,0,Zillow ZIP-level market for Colfax; mapped with Census 2020 ZCTA 95713 in Placer County.,,,,
95658 Newcastle,zcta,95658,Newcastle,38.8811828,-121.1690138,596236,,2017-10-31,10,0,Zillow ZIP-level market for Newcastle; mapped with Census 2020 ZCTA 95658 in Placer County.,,,,
95722 Meadow Vista,zcta,95722,Meadow Vista,39.0098006,-121.0347072,499184,,2017-10-31,10,0,Zillow ZIP-level market for Meadow Vista; mapped with Census 2020 ZCTA 95722 in Placer County.,,,,
95631 Foresthill,zcta,95631,Foresthill,39.0549436,-120.7539748,381947,,2017-10-31,10,0,Zillow ZIP-level market for Foresthill; mapped with Census 2020 ZCTA 95631 in Placer County.,,,,
96143 Kings Beach,zcta,96143,Kings Beach,39.2605746,-120.0262906,492515,,2017-10-31,10,0,Zillow ZIP-level market for Kings Beach; mapped with Census 2020 ZCTA 96143 in Placer County.,,,,
95663 Penryn,zcta,95663,Penryn,38.8573725,-121.1825262,591248,,2017-10-31,10,0,Zillow ZIP-level market for Penryn; mapped with Census 2020 ZCTA 95663 in Placer County.,,,,
96145 Tahoe City,zcta,96145,Tahoe City,39.1809984,-120.151396,751394,,2017-10-31,10,0,Zillow ZIP-level market for Tahoe City; mapped with Census 2020 ZCTA 96145 in Placer County.,,,,
96146 Olympic Valley,zcta,96146,Olympic Valley,39.2158973,-120.2451697,797336,,2017-10-31,10,0,Zillow ZIP-level market for Olympic Valley; mapped with Census 2020 ZCTA 96146 in Placer County.,,,,
95668 Pleasant Grove,zcta,95668,Pleasant Grove,38.8275549,-121.4951816,545063,,2017-10-31,10,0,Zillow ZIP-level market for Pleasant Grove; mapped with Census 2020 ZCTA 95668 in Placer County.,,,,
96148 Tahoe Vista,zcta,96148,Tahoe Vista,39.249777,-120.0575895,592740,,2017-10-31,10,0,Zillow ZIP-level market for Tahoe Vista; mapped with Census 2020 ZCTA 96148 in Placer County.,,,,
96140 Carnelian Bay,zcta,96140,Carnelian Bay,39.2320185,-120.0963996,704852,,2017-10-31,10,0,Zillow ZIP-level market for Carnelian Bay; mapped with Census 2020 ZCTA 96140 in Placer County.,,,,
96142 Tahoma,zcta,96142,Tahoma,38.9986311,-120.1038814,545202,,2017-10-31,10,0,Zillow ZIP-level market for Tahoma; mapped with Census 2020 ZCTA 96142 in Placer County.,,,,
95703 Applegate,zcta,95703,Applegate,38.9890274,-120.9877751,424219,,2017-10-31,10,0,Zillow ZIP-level market for Applegate; mapped with Census 2020 ZCTA 95703 in Placer County.,,,,
95681 Sheridan,zcta,95681,Sheridan,38.9980915,-121.354198,355023,,2017-10-31,10,0,Zillow ZIP-level market for Sheridan; mapped with Census 2020 ZCTA 95681 in Placer County.,,,,
95701 Alta,zcta,95701,Alta,39.226549,-120.7670224,339650,,2017-10-31,10,0,Zillow ZIP-level market for Alta; mapped with Census 2020 ZCTA 95701 in Placer County.,,,,
95715 nan,zcta,95715,nan,39.2766508,-120.644012,287116,,2017-10-31,10,0,Zillow ZIP-level market for nan; mapped with Census 2020 ZCTA 95715 in Placer County.,,,,
95728 Soda Springs,zcta,95728,Soda Springs,39.2946534,-120.4014066,497983,,2017-10-31,10,0,Zillow ZIP-level market for Soda Springs; mapped with Census 2020 ZCTA 95728 in Placer County.,,,,
95714 Dutch Flat,zcta,95714,Dutch Flat,39.2011586,-120.8367976,294251,,2017-10-31,10,0,Zillow ZIP-level market for Dutch Flat; mapped with Census 2020 ZCTA 95714 in Placer County.,,,,
96141 Homewood,zcta,96141,Homewood,39.0989284,-120.2052313,825299,,2017-10-31,10,0,Zillow ZIP-level market for Homewood; mapped with Census 2020 ZCTA 96141 in Placer County.,,,,
95747 Roseville,zcta,95747,Roseville,38.7784212,-121.3688294,469074,1997,2017-11-30,10,0,Zillow ZIP-level market for Roseville; mapped with Census 2020 ZCTA 95747 in Placer County.,,1997,Zillow ZORI,
95648 Lincoln,zcta,95648,Lincoln,38.9228115,-121.3120046,463454,2004,2017-11-30,10,0,Zillow ZIP-level market for Lincoln; mapped with Census 2020 ZCTA 95648 in Placer County.,,2004,Zillow ZORI,
95678 Roseville,zcta,95678,Roseville,38.7653528,-121.2884731,394259,1534,2017-11-30,10,0,Zillow ZIP-level market for Roseville; mapped with Census 2020 ZCTA 95678 in Placer County.,,1534,Zillow ZORI,
95765 Rocklin,zcta,95765,Rocklin,38.8197384,-121.2783211,516337,1814,2017-11-30,10,0,Zillow ZIP-level market for Rocklin; mapped with Census 2020 ZCTA 95765 in Placer County.,,1814,Zillow ZORI,
95661 Roseville,zcta,95661,Roseville,38.7412743,-121.2492663,467604,,2017-11-30,10,0,Zillow ZIP-level market for Roseville; mapped with Census 2020 ZCTA 95661 in Placer County.,,,,
95603 Auburn,zcta,95603,Auburn,38.911346,-121.0857601,454016,,2017-11-30,10,0,Zillow ZIP-level market for Auburn; mapped with Census 2020 ZCTA 95603 in Placer County.,,,,
95677 Rocklin,zcta,95677,Rocklin,38.79292,-121.232006,454051,,2017-11-30,10,0,Zillow ZIP-level market for Rocklin; mapped with Census 2020 ZCTA 95677 in Placer County.,,,,
95746 Granite Bay,zcta,95746,Granite Bay,38.7469238,-121.1664336,737391,,2017-11-30,10,0,Zillow ZIP-level market for Granite Bay; mapped with Census 2020 ZCTA 95746 in Placer County.,,,,
95602 Auburn,zcta,95602,Auburn,38.9914911,-121.1035441,496743,,2017-11-30,10,0,Zillow ZIP-level market for Auburn; mapped with Census 2020 ZCTA 95602 in Placer County.,,,,
95650 Loomis,zcta,95650,Loomis,38.8091745,-121.171375,589726,,2017-11-30,10,0,Zillow ZIP-level market for Loomis; mapped with Census 2020 ZCTA 95650 in Placer County.,,,,
95713 Colfax,zcta,95713,Colfax,39.0813467,-120.9323895,388688,,2017-11-30,10,0,Zillow ZIP-level market for Colfax; mapped with Census 2020 ZCTA 95713 in Placer County.,,,,
95658 Newcastle,zcta,95658,Newcastle,38.8811828,-121.1690138,601839,,2017-11-30,10,0,Zillow ZIP-level market for Newcastle; mapped with Census 2020 ZCTA 95658 in Placer County.,,,,
95722 Meadow Vista,zcta,95722,Meadow Vista,39.0098006,-121.0347072,502883,,2017-11-30,10,0,Zillow ZIP-level market for Meadow Vista; mapped with Census 2020 ZCTA 95722 in Placer County.,,,,
95631 Foresthill,zcta,95631,Foresthill,39.0549436,-120.7539748,386224,,2017-11-30,10,0,Zillow ZIP-level market for Foresthill; mapped with Census 2020 ZCTA 95631 in Placer County.,,,,
96143 Kings Beach,zcta,96143,Kings Beach,39.2605746,-120.0262906,496187,,2017-11-30,10,0,Zillow ZIP-level market for Kings Beach; mapped with Census 2020 ZCTA 96143 in Placer County.,,,,
95663 Penryn,zcta,95663,Penryn,38.8573725,-121.1825262,596119,,2017-11-30,10,0,Zillow ZIP-level market for Penryn; mapped with Census 2020 ZCTA 95663 in Placer County.,,,,
96145 Tahoe City,zcta,96145,Tahoe City,39.1809984,-120.151396,757122,,2017-11-30,10,0,Zillow ZIP-level market for Tahoe City; mapped with Census 2020 ZCTA 96145 in Placer County.,,,,
96146 Olympic Valley,zcta,96146,Olympic Valley,39.2158973,-120.2451697,797730,,2017-11-30,10,0,Zillow ZIP-level market for Olympic Valley; mapped with Census 2020 ZCTA 96146 in Placer County.,,,,
95668 Pleasant Grove,zcta,95668,Pleasant Grove,38.8275549,-121.4951816,551174,,2017-11-30,10,0,Zillow ZIP-level market for Pleasant Grove; mapped with Census 2020 ZCTA 95668 in Placer County.,,,,
96148 Tahoe Vista,zcta,96148,Tahoe Vista,39.249777,-120.0575895,595815,,2017-11-30,10,0,Zillow ZIP-level market for Tahoe Vista; mapped with Census 2020 ZCTA 96148 in Placer County.,,,,
96140 Carnelian Bay,zcta,96140,Carnelian Bay,39.2320185,-120.0963996,709148,,2017-11-30,10,0,Zillow ZIP-level market for Carnelian Bay; mapped with Census 2020 ZCTA 96140 in Placer County.,,,,
96142 Tahoma,zcta,96142,Tahoma,38.9986311,-120.1038814,546666,,2017-11-30,10,0,Zillow ZIP-level market for Tahoma; mapped with Census 2020 ZCTA 96142 in Placer County.,,,,
95703 Applegate,zcta,95703,Applegate,38.9890274,-120.9877751,427204,,2017-11-30,10,0,Zillow ZIP-level market for Applegate; mapped with Census 2020 ZCTA 95703 in Placer County.,,,,
95681 Sheridan,zcta,95681,Sheridan,38.9980915,-121.354198,357685,,2017-11-30,10,0,Zillow ZIP-level market for Sheridan; mapped with Census 2020 ZCTA 95681 in Placer County.,,,,
95701 Alta,zcta,95701,Alta,39.226549,-120.7670224,341326,,2017-11-30,10,0,Zillow ZIP-level market for Alta; mapped with Census 2020 ZCTA 95701 in Placer County.,,,,
95715 nan,zcta,95715,nan,39.2766508,-120.644012,285237,,2017-11-30,10,0,Zillow ZIP-level market for nan; mapped with Census 2020 ZCTA 95715 in Placer County.,,,,
95728 Soda Springs,zcta,95728,Soda Springs,39.2946534,-120.4014066,502402,,2017-11-30,10,0,Zillow ZIP-level market for Soda Springs; mapped with Census 2020 ZCTA 95728 in Placer County.,,,,
95714 Dutch Flat,zcta,95714,Dutch Flat,39.2011586,-120.8367976,296938,,2017-11-30,10,0,Zillow ZIP-level market for Dutch Flat; mapped with Census 2020 ZCTA 95714 in Placer County.,,,,
96141 Homewood,zcta,96141,Homewood,39.0989284,-120.2052313,829359,,2017-11-30,10,0,Zillow ZIP-level market for Homewood; mapped with Census 2020 ZCTA 96141 in Placer County.,,,,
95747 Roseville,zcta,95747,Roseville,38.7784212,-121.3688294,472285,1987,2017-12-31,10,0,Zillow ZIP-level market for Roseville; mapped with Census 2020 ZCTA 95747 in Placer County.,,1987,Zillow ZORI,
95648 Lincoln,zcta,95648,Lincoln,38.9228115,-121.3120046,466597,1977,2017-12-31,10,0,Zillow ZIP-level market for Lincoln; mapped with Census 2020 ZCTA 95648 in Placer County.,,1977,Zillow ZORI,
95678 Roseville,zcta,95678,Roseville,38.7653528,-121.2884731,397776,1545,2017-12-31,10,0,Zillow ZIP-level market for Roseville; mapped with Census 2020 ZCTA 95678 in Placer County.,,1545,Zillow ZORI,
95765 Rocklin,zcta,95765,Rocklin,38.8197384,-121.2783211,520275,1816,2017-12-31,10,0,Zillow ZIP-level market for Rocklin; mapped with Census 2020 ZCTA 95765 in Placer County.,,1816,Zillow ZORI,
95661 Roseville,zcta,95661,Roseville,38.7412743,-121.2492663,471192,,2017-12-31,10,0,Zillow ZIP-level market for Roseville; mapped with Census 2020 ZCTA 95661 in Placer County.,,,,
95603 Auburn,zcta,95603,Auburn,38.911346,-121.0857601,457081,,2017-12-31,10,0,Zillow ZIP-level market for Auburn; mapped with Census 2020 ZCTA 95603 in Placer County.,,,,
95677 Rocklin,zcta,95677,Rocklin,38.79292,-121.232006,457378,,2017-12-31,10,0,Zillow ZIP-level market for Rocklin; mapped with Census 2020 ZCTA 95677 in Placer County.,,,,
95746 Granite Bay,zcta,95746,Granite Bay,38.7469238,-121.1664336,742782,,2017-12-31,10,0,Zillow ZIP-level market for Granite Bay; mapped with Census 2020 ZCTA 95746 in Placer County.,,,,
95602 Auburn,zcta,95602,Auburn,38.9914911,-121.1035441,500826,,2017-12-31,10,0,Zillow ZIP-level market for Auburn; mapped with Census 2020 ZCTA 95602 in Placer County.,,,,
95650 Loomis,zcta,95650,Loomis,38.8091745,-121.171375,596180,,2017-12-31,10,0,Zillow ZIP-level market for Loomis; mapped with Census 2020 ZCTA 95650 in Placer County.,,,,
95713 Colfax,zcta,95713,Colfax,39.0813467,-120.9323895,392128,,2017-12-31,10,0,Zillow ZIP-level market for Colfax; mapped with Census 2020 ZCTA 95713 in Placer County.,,,,
95658 Newcastle,zcta,95658,Newcastle,38.8811828,-121.1690138,606358,,2017-12-31,10,0,Zillow ZIP-level market for Newcastle; mapped with Census 2020 ZCTA 95658 in Placer County.,,,,
95722 Meadow Vista,zcta,95722,Meadow Vista,39.0098006,-121.0347072,507536,,2017-12-31,10,0,Zillow ZIP-level market for Meadow Vista; mapped with Census 2020 ZCTA 95722 in Placer County.,,,,
95631 Foresthill,zcta,95631,Foresthill,39.0549436,-120.7539748,390352,,2017-12-31,10,0,Zillow ZIP-level market for Foresthill; mapped with Census 2020 ZCTA 95631 in Placer County.,,,,
96143 Kings Beach,zcta,96143,Kings Beach,39.2605746,-120.0262906,500236,,2017-12-31,10,0,Zillow ZIP-level market for Kings Beach; mapped with Census 2020 ZCTA 96143 in Placer County.,,,,
95663 Penryn,zcta,95663,Penryn,38.8573725,-121.1825262,599946,,2017-12-31,10,0,Zillow ZIP-level market for Penryn; mapped with Census 2020 ZCTA 95663 in Placer County.,,,,
96145 Tahoe City,zcta,96145,Tahoe City,39.1809984,-120.151396,763977,,2017-12-31,10,0,Zillow ZIP-level market for Tahoe City; mapped with Census 2020 ZCTA 96145 in Placer County.,,,,
96146 Olympic Valley,zcta,96146,Olympic Valley,39.2158973,-120.2451697,796880,,2017-12-31,10,0,Zillow ZIP-level market for Olympic Valley; mapped with Census 2020 ZCTA 96146 in Placer County.,,,,
95668 Pleasant Grove,zcta,95668,Pleasant Grove,38.8275549,-121.4951816,556019,,2017-12-31,10,0,Zillow ZIP-level market for Pleasant Grove; mapped with Census 2020 ZCTA 95668 in Placer County.,,,,
96148 Tahoe Vista,zcta,96148,Tahoe Vista,39.249777,-120.0575895,600977,,2017-12-31,10,0,Zillow ZIP-level market for Tahoe Vista; mapped with Census 2020 ZCTA 96148 in Placer County.,,,,
96140 Carnelian Bay,zcta,96140,Carnelian Bay,39.2320185,-120.0963996,713767,,2017-12-31,10,0,Zillow ZIP-level market for Carnelian Bay; mapped with Census 2020 ZCTA 96140 in Placer County.,,,,
96142 Tahoma,zcta,96142,Tahoma,38.9986311,-120.1038814,548726,,2017-12-31,10,0,Zillow ZIP-level market for Tahoma; mapped with Census 2020 ZCTA 96142 in Placer County.,,,,
95703 Applegate,zcta,95703,Applegate,38.9890274,-120.9877751,429232,,2017-12-31,10,0,Zillow ZIP-level market for Applegate; mapped with Census 2020 ZCTA 95703 in Placer County.,,,,
95681 Sheridan,zcta,95681,Sheridan,38.9980915,-121.354198,361297,,2017-12-31,10,0,Zillow ZIP-level market for Sheridan; mapped with Census 2020 ZCTA 95681 in Placer County.,,,,
95701 Alta,zcta,95701,Alta,39.226549,-120.7670224,344419,,2017-12-31,10,0,Zillow ZIP-level market for Alta; mapped with Census 2020 ZCTA 95701 in Placer County.,,,,
95715 nan,zcta,95715,nan,39.2766508,-120.644012,284561,,2017-12-31,10,0,Zillow ZIP-level market for nan; mapped with Census 2020 ZCTA 95715 in Placer County.,,,,
95728 Soda Springs,zcta,95728,Soda Springs,39.2946534,-120.4014066,507114,,2017-12-31,10,0,Zillow ZIP-level market for Soda Springs; mapped with Census 2020 ZCTA 95728 in Placer County.,,,,
95714 Dutch Flat,zcta,95714,Dutch Flat,39.2011586,-120.8367976,300324,,2017-12-31,10,0,Zillow ZIP-level market for Dutch Flat; mapped with Census 2020 ZCTA 95714 in Placer County.,,,,
96141 Homewood,zcta,96141,Homewood,39.0989284,-120.2052313,833013,,2017-12-31,10,0,Zillow ZIP-level market for Homewood; mapped with Census 2020 ZCTA 96141 in Placer County.,,,,
95747 Roseville,zcta,95747,Roseville,38.7784212,-121.3688294,475613,2007,2018-01-31,10,0,Zillow ZIP-level market for Roseville; mapped with Census 2020 ZCTA 95747 in Placer County.,,2007,Zillow ZORI,
95648 Lincoln,zcta,95648,Lincoln,38.9228115,-121.3120046,469729,1969,2018-01-31,10,0,Zillow ZIP-level market for Lincoln; mapped with Census 2020 ZCTA 95648 in Placer County.,,1969,Zillow ZORI,
95678 Roseville,zcta,95678,Roseville,38.7653528,-121.2884731,401226,1549,2018-01-31,10,0,Zillow ZIP-level market for Roseville; mapped with Census 2020 ZCTA 95678 in Placer County.,,1549,Zillow ZORI,
95765 Rocklin,zcta,95765,Rocklin,38.8197384,-121.2783211,524243,1824,2018-01-31,10,0,Zillow ZIP-level market for Rocklin; mapped with Census 2020 ZCTA 95765 in Placer County.,,1824,Zillow ZORI,
95661 Roseville,zcta,95661,Roseville,38.7412743,-121.2492663,474870,,2018-01-31,10,0,Zillow ZIP-level market for Roseville; mapped with Census 2020 ZCTA 95661 in Placer County.,,,,
95603 Auburn,zcta,95603,Auburn,38.911346,-121.0857601,460668,,2018-01-31,10,0,Zillow ZIP-level market for Auburn; mapped with Census 2020 ZCTA 95603 in Placer County.,,,,
95677 Rocklin,zcta,95677,Rocklin,38.79292,-121.232006,460556,,2018-01-31,10,0,Zillow ZIP-level market for Rocklin; mapped with Census 2020 ZCTA 95677 in Placer County.,,,,
95746 Granite Bay,zcta,95746,Granite Bay,38.7469238,-121.1664336,748377,,2018-01-31,10,0,Zillow ZIP-level market for Granite Bay; mapped with Census 2020 ZCTA 95746 in Placer County.,,,,
95602 Auburn,zcta,95602,Auburn,38.9914911,-121.1035441,505119,,2018-01-31,10,0,Zillow ZIP-level market for Auburn; mapped with Census 2020 ZCTA 95602 in Placer County.,,,,
95650 Loomis,zcta,95650,Loomis,38.8091745,-121.171375,601961,,2018-01-31,10,0,Zillow ZIP-level market for Loomis; mapped with Census 2020 ZCTA 95650 in Placer County.,,,,
95713 Colfax,zcta,95713,Colfax,39.0813467,-120.9323895,395143,,2018-01-31,10,0,Zillow ZIP-level market for Colfax; mapped with Census 2020 ZCTA 95713 in Placer County.,,,,
95658 Newcastle,zcta,95658,Newcastle,38.8811828,-121.1690138,610173,,2018-01-31,10,0,Zillow ZIP-level market for Newcastle; mapped with Census 2020 ZCTA 95658 in Placer County.,,,,
95722 Meadow Vista,zcta,95722,Meadow Vista,39.0098006,-121.0347072,511500,,2018-01-31,10,0,Zillow ZIP-level market for Meadow Vista; mapped with Census 2020 ZCTA 95722 in Placer County.,,,,
95631 Foresthill,zcta,95631,Foresthill,39.0549436,-120.7539748,393022,,2018-01-31,10,0,Zillow ZIP-level market for Foresthill; mapped with Census 2020 ZCTA 95631 in Placer County.,,,,
96143 Kings Beach,zcta,96143,Kings Beach,39.2605746,-120.0262906,505035,,2018-01-31,10,0,Zillow ZIP-level market for Kings Beach; mapped with Census 2020 ZCTA 96143 in Placer County.,,,,
95663 Penryn,zcta,95663,Penryn,38.8573725,-121.1825262,604433,,2018-01-31,10,0,Zillow ZIP-level market for Penryn; mapped with Census 2020 ZCTA 95663 in Placer County.,,,,
96145 Tahoe City,zcta,96145,Tahoe City,39.1809984,-120.151396,769362,,2018-01-31,10,0,Zillow ZIP-level market for Tahoe City; mapped with Census 2020 ZCTA 96145 in Placer County.,,,,
96146 Olympic Valley,zcta,96146,Olympic Valley,39.2158973,-120.2451697,798370,,2018-01-31,10,0,Zillow ZIP-level market for Olympic Valley; mapped with Census 2020 ZCTA 96146 in Placer County.,,,,
95668 Pleasant Grove,zcta,95668,Pleasant Grove,38.8275549,-121.4951816,561965,,2018-01-31,10,0,Zillow ZIP-level market for Pleasant Grove; mapped with Census 2020 ZCTA 95668 in Placer County.,,,,
96148 Tahoe Vista,zcta,96148,Tahoe Vista,39.249777,-120.0575895,607555,,2018-01-31,10,0,Zillow ZIP-level market for Tahoe Vista; mapped with Census 2020 ZCTA 96148 in Placer County.,,,,
96140 Carnelian Bay,zcta,96140,Carnelian Bay,39.2320185,-120.0963996,719065,,2018-01-31,10,0,Zillow ZIP-level market for Carnelian Bay; mapped with Census 2020 ZCTA 96140 in Placer County.,,,,
96142 Tahoma,zcta,96142,Tahoma,38.9986311,-120.1038814,552818,,2018-01-31,10,0,Zillow ZIP-level market for Tahoma; mapped with Census 2020 ZCTA 96142 in Placer County.,,,,
95703 Applegate,zcta,95703,Applegate,38.9890274,-120.9877751,431397,,2018-01-31,10,0,Zillow ZIP-level market for Applegate; mapped with Census 2020 ZCTA 95703 in Placer County.,,,,
95681 Sheridan,zcta,95681,Sheridan,38.9980915,-121.354198,363807,,2018-01-31,10,0,Zillow ZIP-level market for Sheridan; mapped with Census 2020 ZCTA 95681 in Placer County.,,,,
95701 Alta,zcta,95701,Alta,39.226549,-120.7670224,347315,,2018-01-31,10,0,Zillow ZIP-level market for Alta; mapped with Census 2020 ZCTA 95701 in Placer County.,,,,
95715 nan,zcta,95715,nan,39.2766508,-120.644012,286606,,2018-01-31,10,0,Zillow ZIP-level market for nan; mapped with Census 2020 ZCTA 95715 in Placer County.,,,,
95728 Soda Springs,zcta,95728,Soda Springs,39.2946534,-120.4014066,512647,,2018-01-31,10,0,Zillow ZIP-level market for Soda Springs; mapped with Census 2020 ZCTA 95728 in Placer County.,,,,
95714 Dutch Flat,zcta,95714,Dutch Flat,39.2011586,-120.8367976,304081,,2018-01-31,10,0,Zillow ZIP-level market for Dutch Flat; mapped with Census 2020 ZCTA 95714 in Placer County.,,,,
96141 Homewood,zcta,96141,Homewood,39.0989284,-120.2052313,834577,,2018-01-31,10,0,Zillow ZIP-level market for Homewood; mapped with Census 2020 ZCTA 96141 in Placer County.,,,,
95747 Roseville,zcta,95747,Roseville,38.7784212,-121.3688294,478932,2016,2018-02-28,10,0,Zillow ZIP-level market for Roseville; mapped with Census 2020 ZCTA 95747 in Placer County.,,2016,Zillow ZORI,
95648 Lincoln,zcta,95648,Lincoln,38.9228115,-121.3120046,472837,1997,2018-02-28,10,0,Zillow ZIP-level market for Lincoln; mapped with Census 2020 ZCTA 95648 in Placer County.,,1997,Zillow ZORI,
95678 Roseville,zcta,95678,Roseville,38.7653528,-121.2884731,404476,1563,2018-02-28,10,0,Zillow ZIP-level market for Roseville; mapped with Census 2020 ZCTA 95678 in Placer County.,,1563,Zillow ZORI,
95765 Rocklin,zcta,95765,Rocklin,38.8197384,-121.2783211,527924,1823,2018-02-28,10,0,Zillow ZIP-level market for Rocklin; mapped with Census 2020 ZCTA 95765 in Placer County.,,1823,Zillow ZORI,
95661 Roseville,zcta,95661,Roseville,38.7412743,-121.2492663,478764,,2018-02-28,10,0,Zillow ZIP-level market for Roseville; mapped with Census 2020 ZCTA 95661 in Placer County.,,,,
95603 Auburn,zcta,95603,Auburn,38.911346,-121.0857601,464530,,2018-02-28,10,0,Zillow ZIP-level market for Auburn; mapped with Census 2020 ZCTA 95603 in Placer County.,,,,
95677 Rocklin,zcta,95677,Rocklin,38.79292,-121.232006,463677,,2018-02-28,10,0,Zillow ZIP-level market for Rocklin; mapped with Census 2020 ZCTA 95677 in Placer County.,,,,
95746 Granite Bay,zcta,95746,Granite Bay,38.7469238,-121.1664336,753402,,2018-02-28,10,0,Zillow ZIP-level market for Granite Bay; mapped with Census 2020 ZCTA 95746 in Placer County.,,,,
95602 Auburn,zcta,95602,Auburn,38.9914911,-121.1035441,509261,,2018-02-28,10,0,Zillow ZIP-level market for Auburn; mapped with Census 2020 ZCTA 95602 in Placer County.,,,,
95650 Loomis,zcta,95650,Loomis,38.8091745,-121.171375,607274,,2018-02-28,10,0,Zillow ZIP-level market for Loomis; mapped with Census 2020 ZCTA 95650 in Placer County.,,,,
95713 Colfax,zcta,95713,Colfax,39.0813467,-120.9323895,397523,,2018-02-28,10,0,Zillow ZIP-level market for Colfax; mapped with Census 2020 ZCTA 95713 in Placer County.,,,,
95658 Newcastle,zcta,95658,Newcastle,38.8811828,-121.1690138,614386,,2018-02-28,10,0,Zillow ZIP-level market for Newcastle; mapped with Census 2020 ZCTA 95658 in Placer County.,,,,
95722 Meadow Vista,zcta,95722,Meadow Vista,39.0098006,-121.0347072,515615,,2018-02-28,10,0,Zillow ZIP-level market for Meadow Vista; mapped with Census 2020 ZCTA 95722 in Placer County.,,,,
95631 Foresthill,zcta,95631,Foresthill,39.0549436,-120.7539748,395499,,2018-02-28,10,0,Zillow ZIP-level market for Foresthill; mapped with Census 2020 ZCTA 95631 in Placer County.,,,,
96143 Kings Beach,zcta,96143,Kings Beach,39.2605746,-120.0262906,509789,,2018-02-28,10,0,Zillow ZIP-level market for Kings Beach; mapped with Census 2020 ZCTA 96143 in Placer County.,,,,
95663 Penryn,zcta,95663,Penryn,38.8573725,-121.1825262,609874,,2018-02-28,10,0,Zillow ZIP-level market for Penryn; mapped with Census 2020 ZCTA 95663 in Placer County.,,,,
96145 Tahoe City,zcta,96145,Tahoe City,39.1809984,-120.151396,772315,,2018-02-28,10,0,Zillow ZIP-level market for Tahoe City; mapped with Census 2020 ZCTA 96145 in Placer County.,,,,
96146 Olympic Valley,zcta,96146,Olympic Valley,39.2158973,-120.2451697,803173,,2018-02-28,10,0,Zillow ZIP-level market for Olympic Valley; mapped with Census 2020 ZCTA 96146 in Placer County.,,,,
95668 Pleasant Grove,zcta,95668,Pleasant Grove,38.8275549,-121.4951816,566774,,2018-02-28,10,0,Zillow ZIP-level market for Pleasant Grove; mapped with Census 2020 ZCTA 95668 in Placer County.,,,,
96148 Tahoe Vista,zcta,96148,Tahoe Vista,39.249777,-120.0575895,614808,,2018-02-28,10,0,Zillow ZIP-level market for Tahoe Vista; mapped with Census 2020 ZCTA 96148 in Placer County.,,,,
96140 Carnelian Bay,zcta,96140,Carnelian Bay,39.2320185,-120.0963996,723253,,2018-02-28,10,0,Zillow ZIP-level market for Carnelian Bay; mapped with Census 2020 ZCTA 96140 in Placer County.,,,,
96142 Tahoma,zcta,96142,Tahoma,38.9986311,-120.1038814,556225,,2018-02-28,10,0,Zillow ZIP-level market for Tahoma; mapped with Census 2020 ZCTA 96142 in Placer County.,,,,
95703 Applegate,zcta,95703,Applegate,38.9890274,-120.9877751,433349,,2018-02-28,10,0,Zillow ZIP-level market for Applegate; mapped with Census 2020 ZCTA 95703 in Placer County.,,,,
95681 Sheridan,zcta,95681,Sheridan,38.9980915,-121.354198,366920,,2018-02-28,10,0,Zillow ZIP-level market for Sheridan; mapped with Census 2020 ZCTA 95681 in Placer County.,,,,
95701 Alta,zcta,95701,Alta,39.226549,-120.7670224,350904,,2018-02-28,10,0,Zillow ZIP-level market for Alta; mapped with Census 2020 ZCTA 95701 in Placer County.,,,,
95715 nan,zcta,95715,nan,39.2766508,-120.644012,290911,,2018-02-28,10,0,Zillow ZIP-level market for nan; mapped with Census 2020 ZCTA 95715 in Placer County.,,,,
95728 Soda Springs,zcta,95728,Soda Springs,39.2946534,-120.4014066,517584,,2018-02-28,10,0,Zillow ZIP-level market for Soda Springs; mapped with Census 2020 ZCTA 95728 in Placer County.,,,,
95714 Dutch Flat,zcta,95714,Dutch Flat,39.2011586,-120.8367976,308875,,2018-02-28,10,0,Zillow ZIP-level market for Dutch Flat; mapped with Census 2020 ZCTA 95714 in Placer County.,,,,
96141 Homewood,zcta,96141,Homewood,39.0989284,-120.2052313,835010,,2018-02-28,10,0,Zillow ZIP-level market for Homewood; mapped with Census 2020 ZCTA 96141 in Placer County.,,,,
95747 Roseville,zcta,95747,Roseville,38.7784212,-121.3688294,481609,2029,2018-03-31,10,0,Zillow ZIP-level market for Roseville; mapped with Census 2020 ZCTA 95747 in Placer County.,,2029,Zillow ZORI,
95648 Lincoln,zcta,95648,Lincoln,38.9228115,-121.3120046,475099,2037,2018-03-31,10,0,Zillow ZIP-level market for Lincoln; mapped with Census 2020 ZCTA 95648 in Placer County.,,2037,Zillow ZORI,
95678 Roseville,zcta,95678,Roseville,38.7653528,-121.2884731,406794,1570,2018-03-31,10,0,Zillow ZIP-level market for Roseville; mapped with Census 2020 ZCTA 95678 in Placer County.,,1570,Zillow ZORI,
95765 Rocklin,zcta,95765,Rocklin,38.8197384,-121.2783211,530947,1853,2018-03-31,10,0,Zillow ZIP-level market for Rocklin; mapped with Census 2020 ZCTA 95765 in Placer County.,,1853,Zillow ZORI,
95661 Roseville,zcta,95661,Roseville,38.7412743,-121.2492663,481996,,2018-03-31,10,0,Zillow ZIP-level market for Roseville; mapped with Census 2020 ZCTA 95661 in Placer County.,,,,
95603 Auburn,zcta,95603,Auburn,38.911346,-121.0857601,468202,,2018-03-31,10,0,Zillow ZIP-level market for Auburn; mapped with Census 2020 ZCTA 95603 in Placer County.,,,,
95677 Rocklin,zcta,95677,Rocklin,38.79292,-121.232006,466174,,2018-03-31,10,0,Zillow ZIP-level market for Rocklin; mapped with Census 2020 ZCTA 95677 in Placer County.,,,,
95746 Granite Bay,zcta,95746,Granite Bay,38.7469238,-121.1664336,756615,,2018-03-31,10,0,Zillow ZIP-level market for Granite Bay; mapped with Census 2020 ZCTA 95746 in Placer County.,,,,
95602 Auburn,zcta,95602,Auburn,38.9914911,-121.1035441,513546,,2018-03-31,10,0,Zillow ZIP-level market for Auburn; mapped with Census 2020 ZCTA 95602 in Placer County.,,,,
95650 Loomis,zcta,95650,Loomis,38.8091745,-121.171375,611061,,2018-03-31,10,0,Zillow ZIP-level market for Loomis; mapped with Census 2020 ZCTA 95650 in Placer County.,,,,
95713 Colfax,zcta,95713,Colfax,39.0813467,-120.9323895,400495,,2018-03-31,10,0,Zillow ZIP-level market for Colfax; mapped with Census 2020 ZCTA 95713 in Placer County.,,,,
95658 Newcastle,zcta,95658,Newcastle,38.8811828,-121.1690138,618779,,2018-03-31,10,0,Zillow ZIP-level market for Newcastle; mapped with Census 2020 ZCTA 95658 in Placer County.,,,,
95722 Meadow Vista,zcta,95722,Meadow Vista,39.0098006,-121.0347072,519451,,2018-03-31,10,0,Zillow ZIP-level market for Meadow Vista; mapped with Census 2020 ZCTA 95722 in Placer County.,,,,
95631 Foresthill,zcta,95631,Foresthill,39.0549436,-120.7539748,397447,,2018-03-31,10,0,Zillow ZIP-level market for Foresthill; mapped with Census 2020 ZCTA 95631 in Placer County.,,,,
96143 Kings Beach,zcta,96143,Kings Beach,39.2605746,-120.0262906,514903,,2018-03-31,10,0,Zillow ZIP-level market for Kings Beach; mapped with Census 2020 ZCTA 96143 in Placer County.,,,,
95663 Penryn,zcta,95663,Penryn,38.8573725,-121.1825262,615042,,2018-03-31,10,0,Zillow ZIP-level market for Penryn; mapped with Census 2020 ZCTA 95663 in Placer County.,,,,
96145 Tahoe City,zcta,96145,Tahoe City,39.1809984,-120.151396,774579,,2018-03-31,10,0,Zillow ZIP-level market for Tahoe City; mapped with Census 2020 ZCTA 96145 in Placer County.,,,,
96146 Olympic Valley,zcta,96146,Olympic Valley,39.2158973,-120.2451697,808869,,2018-03-31,10,0,Zillow ZIP-level market for Olympic Valley; mapped with Census 2020 ZCTA 96146 in Placer County.,,,,
95668 Pleasant Grove,zcta,95668,Pleasant Grove,38.8275549,-121.4951816,569690,,2018-03-31,10,0,Zillow ZIP-level market for Pleasant Grove; mapped with Census 2020 ZCTA 95668 in Placer County.,,,,
96148 Tahoe Vista,zcta,96148,Tahoe Vista,39.249777,-120.0575895,620614,,2018-03-31,10,0,Zillow ZIP-level market for Tahoe Vista; mapped with Census 2020 ZCTA 96148 in Placer County.,,,,
96140 Carnelian Bay,zcta,96140,Carnelian Bay,39.2320185,-120.0963996,725028,,2018-03-31,10,0,Zillow ZIP-level market for Carnelian Bay; mapped with Census 2020 ZCTA 96140 in Placer County.,,,,
96142 Tahoma,zcta,96142,Tahoma,38.9986311,-120.1038814,560019,,2018-03-31,10,0,Zillow ZIP-level market for Tahoma; mapped with Census 2020 ZCTA 96142 in Placer County.,,,,
95703 Applegate,zcta,95703,Applegate,38.9890274,-120.9877751,436362,,2018-03-31,10,0,Zillow ZIP-level market for Applegate; mapped with Census 2020 ZCTA 95703 in Placer County.,,,,
95681 Sheridan,zcta,95681,Sheridan,38.9980915,-121.354198,369339,,2018-03-31,10,0,Zillow ZIP-level market for Sheridan; mapped with Census 2020 ZCTA 95681 in Placer County.,,,,
95701 Alta,zcta,95701,Alta,39.226549,-120.7670224,353592,,2018-03-31,10,0,Zillow ZIP-level market for Alta; mapped with Census 2020 ZCTA 95701 in Placer County.,,,,
95715 nan,zcta,95715,nan,39.2766508,-120.644012,295051,,2018-03-31,10,0,Zillow ZIP-level market for nan; mapped with Census 2020 ZCTA 95715 in Placer County.,,,,
95728 Soda Springs,zcta,95728,Soda Springs,39.2946534,-120.4014066,523479,,2018-03-31,10,0,Zillow ZIP-level market for Soda Springs; mapped with Census 2020 ZCTA 95728 in Placer County.,,,,
95714 Dutch Flat,zcta,95714,Dutch Flat,39.2011586,-120.8367976,312162,,2018-03-31,10,0,Zillow ZIP-level market for Dutch Flat; mapped with Census 2020 ZCTA 95714 in Placer County.,,,,
96141 Homewood,zcta,96141,Homewood,39.0989284,-120.2052313,836340,,2018-03-31,10,0,Zillow ZIP-level market for Homewood; mapped with Census 2020 ZCTA 96141 in Placer County.,,,,
95747 Roseville,zcta,95747,Roseville,38.7784212,-121.3688294,483962,2045,2018-04-30,10,0,Zillow ZIP-level market for Roseville; mapped with Census 2020 ZCTA 95747 in Placer County.,,2045,Zillow ZORI,
95648 Lincoln,zcta,95648,Lincoln,38.9228115,-121.3120046,476776,2068,2018-04-30,10,0,Zillow ZIP-level market for Lincoln; mapped with Census 2020 ZCTA 95648 in Placer County.,,2068,Zillow ZORI,
95678 Roseville,zcta,95678,Roseville,38.7653528,-121.2884731,408548,1584,2018-04-30,10,0,Zillow ZIP-level market for Roseville; mapped with Census 2020 ZCTA 95678 in Placer County.,,1584,Zillow ZORI,
95765 Rocklin,zcta,95765,Rocklin,38.8197384,-121.2783211,533604,1877,2018-04-30,10,0,Zillow ZIP-level market for Rocklin; mapped with Census 2020 ZCTA 95765 in Placer County.,,1877,Zillow ZORI,
95661 Roseville,zcta,95661,Roseville,38.7412743,-121.2492663,484734,,2018-04-30,10,0,Zillow ZIP-level market for Roseville; mapped with Census 2020 ZCTA 95661 in Placer County.,,,,
95603 Auburn,zcta,95603,Auburn,38.911346,-121.0857601,470846,,2018-04-30,10,0,Zillow ZIP-level market for Auburn; mapped with Census 2020 ZCTA 95603 in Placer County.,,,,
95677 Rocklin,zcta,95677,Rocklin,38.79292,-121.232006,468592,,2018-04-30,10,0,Zillow ZIP-level market for Rocklin; mapped with Census 2020 ZCTA 95677 in Placer County.,,,,
95746 Granite Bay,zcta,95746,Granite Bay,38.7469238,-121.1664336,760038,,2018-04-30,10,0,Zillow ZIP-level market for Granite Bay; mapped with Census 2020 ZCTA 95746 in Placer County.,,,,
95602 Auburn,zcta,95602,Auburn,38.9914911,-121.1035441,516995,,2018-04-30,10,0,Zillow ZIP-level market for Auburn; mapped with Census 2020 ZCTA 95602 in Placer County.,,,,
95650 Loomis,zcta,95650,Loomis,38.8091745,-121.171375,614703,,2018-04-30,10,0,Zillow ZIP-level market for Loomis; mapped with Census 2020 ZCTA 95650 in Placer County.,,,,
95713 Colfax,zcta,95713,Colfax,39.0813467,-120.9323895,403683,,2018-04-30,10,0,Zillow ZIP-level market for Colfax; mapped with Census 2020 ZCTA 95713 in Placer County.,,,,
95658 Newcastle,zcta,95658,Newcastle,38.8811828,-121.1690138,622858,,2018-04-30,10,0,Zillow ZIP-level market for Newcastle; mapped with Census 2020 ZCTA 95658 in Placer County.,,,,
95722 Meadow Vista,zcta,95722,Meadow Vista,39.0098006,-121.0347072,523290,,2018-04-30,10,0,Zillow ZIP-level market for Meadow Vista; mapped with Census 2020 ZCTA 95722 in Placer County.,,,,
95631 Foresthill,zcta,95631,Foresthill,39.0549436,-120.7539748,399810,,2018-04-30,10,0,Zillow ZIP-level market for Foresthill; mapped with Census 2020 ZCTA 95631 in Placer County.,,,,
96143 Kings Beach,zcta,96143,Kings Beach,39.2605746,-120.0262906,519150,,2018-04-30,10,0,Zillow ZIP-level market for Kings Beach; mapped with Census 2020 ZCTA 96143 in Placer County.,,,,
95663 Penryn,zcta,95663,Penryn,38.8573725,-121.1825262,621030,,2018-04-30,10,0,Zillow ZIP-level market for Penryn; mapped with Census 2020 ZCTA 95663 in Placer County.,,,,
96145 Tahoe City,zcta,96145,Tahoe City,39.1809984,-120.151396,778250,,2018-04-30,10,0,Zillow ZIP-level market for Tahoe City; mapped with Census 2020 ZCTA 96145 in Placer County.,,,,
96146 Olympic Valley,zcta,96146,Olympic Valley,39.2158973,-120.2451697,816058,,2018-04-30,10,0,Zillow ZIP-level market for Olympic Valley; mapped with Census 2020 ZCTA 96146 in Placer County.,,,,
95668 Pleasant Grove,zcta,95668,Pleasant Grove,38.8275549,-121.4951816,568575,,2018-04-30,10,0,Zillow ZIP-level market for Pleasant Grove; mapped with Census 2020 ZCTA 95668 in Placer County.,,,,
96148 Tahoe Vista,zcta,96148,Tahoe Vista,39.249777,-120.0575895,626586,,2018-04-30,10,0,Zillow ZIP-level market for Tahoe Vista; mapped with Census 2020 ZCTA 96148 in Placer County.,,,,
96140 Carnelian Bay,zcta,96140,Carnelian Bay,39.2320185,-120.0963996,727426,,2018-04-30,10,0,Zillow ZIP-level market for Carnelian Bay; mapped with Census 2020 ZCTA 96140 in Placer County.,,,,
96142 Tahoma,zcta,96142,Tahoma,38.9986311,-120.1038814,564774,,2018-04-30,10,0,Zillow ZIP-level market for Tahoma; mapped with Census 2020 ZCTA 96142 in Placer County.,,,,
95703 Applegate,zcta,95703,Applegate,38.9890274,-120.9877751,439669,,2018-04-30,10,0,Zillow ZIP-level market for Applegate; mapped with Census 2020 ZCTA 95703 in Placer County.,,,,
95681 Sheridan,zcta,95681,Sheridan,38.9980915,-121.354198,371974,,2018-04-30,10,0,Zillow ZIP-level market for Sheridan; mapped with Census 2020 ZCTA 95681 in Placer County.,,,,
95701 Alta,zcta,95701,Alta,39.226549,-120.7670224,356080,,2018-04-30,10,0,Zillow ZIP-level market for Alta; mapped with Census 2020 ZCTA 95701 in Placer County.,,,,
95715 nan,zcta,95715,nan,39.2766508,-120.644012,297712,,2018-04-30,10,0,Zillow ZIP-level market for nan; mapped with Census 2020 ZCTA 95715 in Placer County.,,,,
95728 Soda Springs,zcta,95728,Soda Springs,39.2946534,-120.4014066,528546,,2018-04-30,10,0,Zillow ZIP-level market for Soda Springs; mapped with Census 2020 ZCTA 95728 in Placer County.,,,,
95714 Dutch Flat,zcta,95714,Dutch Flat,39.2011586,-120.8367976,315377,,2018-04-30,10,0,Zillow ZIP-level market for Dutch Flat; mapped with Census 2020 ZCTA 95714 in Placer County.,,,,
96141 Homewood,zcta,96141,Homewood,39.0989284,-120.2052313,841706,,2018-04-30,10,0,Zillow ZIP-level market for Homewood; mapped with Census 2020 ZCTA 96141 in Placer County.,,,,
95747 Roseville,zcta,95747,Roseville,38.7784212,-121.3688294,486194,2077,2018-05-31,10,0,Zillow ZIP-level market for Roseville; mapped with Census 2020 ZCTA 95747 in Placer County.,,2077,Zillow ZORI,
95648 Lincoln,zcta,95648,Lincoln,38.9228115,-121.3120046,478412,2066,2018-05-31,10,0,Zillow ZIP-level market for Lincoln; mapped with Census 2020 ZCTA 95648 in Placer County.,,2066,Zillow ZORI,
95678 Roseville,zcta,95678,Roseville,38.7653528,-121.2884731,409962,1602,2018-05-31,10,0,Zillow ZIP-level market for Roseville; mapped with Census 2020 ZCTA 95678 in Placer County.,,1602,Zillow ZORI,
95765 Rocklin,zcta,95765,Rocklin,38.8197384,-121.2783211,536420,1913,2018-05-31,10,0,Zillow ZIP-level market for Rocklin; mapped with Census 2020 ZCTA 95765 in Placer County.,,1913,Zillow ZORI,
95661 Roseville,zcta,95661,Roseville,38.7412743,-121.2492663,486814,,2018-05-31,10,0,Zillow ZIP-level market for Roseville; mapped with Census 2020 ZCTA 95661 in Placer County.,,,,
95603 Auburn,zcta,95603,Auburn,38.911346,-121.0857601,473069,,2018-05-31,10,0,Zillow ZIP-level market for Auburn; mapped with Census 2020 ZCTA 95603 in Placer County.,,,,
95677 Rocklin,zcta,95677,Rocklin,38.79292,-121.232006,470719,,2018-05-31,10,0,Zillow ZIP-level market for Rocklin; mapped with Census 2020 ZCTA 95677 in Placer County.,,,,
95746 Granite Bay,zcta,95746,Granite Bay,38.7469238,-121.1664336,764869,,2018-05-31,10,0,Zillow ZIP-level market for Granite Bay; mapped with Census 2020 ZCTA 95746 in Placer County.,,,,
95602 Auburn,zcta,95602,Auburn,38.9914911,-121.1035441,519964,,2018-05-31,10,0,Zillow ZIP-level market for Auburn; mapped with Census 2020 ZCTA 95602 in Placer County.,,,,
95650 Loomis,zcta,95650,Loomis,38.8091745,-121.171375,618518,,2018-05-31,10,0,Zillow ZIP-level market for Loomis; mapped with Census 2020 ZCTA 95650 in Placer County.,,,,
95713 Colfax,zcta,95713,Colfax,39.0813467,-120.9323895,406701,,2018-05-31,10,0,Zillow ZIP-level market for Colfax; mapped with Census 2020 ZCTA 95713 in Placer County.,,,,
95658 Newcastle,zcta,95658,Newcastle,38.8811828,-121.1690138,626833,,2018-05-31,10,0,Zillow ZIP-level market for Newcastle; mapped with Census 2020 ZCTA 95658 in Placer County.,,,,
95722 Meadow Vista,zcta,95722,Meadow Vista,39.0098006,-121.0347072,526563,,2018-05-31,10,0,Zillow ZIP-level market for Meadow Vista; mapped with Census 2020 ZCTA 95722 in Placer County.,,,,
95631 Foresthill,zcta,95631,Foresthill,39.0549436,-120.7539748,401431,,2018-05-31,10,0,Zillow ZIP-level market for Foresthill; mapped with Census 2020 ZCTA 95631 in Placer County.,,,,
96143 Kings Beach,zcta,96143,Kings Beach,39.2605746,-120.0262906,523458,,2018-05-31,10,0,Zillow ZIP-level market for Kings Beach; mapped with Census 2020 ZCTA 96143 in Placer County.,,,,
95663 Penryn,zcta,95663,Penryn,38.8573725,-121.1825262,627454,,2018-05-31,10,0,Zillow ZIP-level market for Penryn; mapped with Census 2020 ZCTA 95663 in Placer County.,,,,
96145 Tahoe City,zcta,96145,Tahoe City,39.1809984,-120.151396,783645,,2018-05-31,10,0,Zillow ZIP-level market for Tahoe City; mapped with Census 2020 ZCTA 96145 in Placer County.,,,,
96146 Olympic Valley,zcta,96146,Olympic Valley,39.2158973,-120.2451697,823091,,2018-05-31,10,0,Zillow ZIP-level market for Olympic Valley; mapped with Census 2020 ZCTA 96146 in Placer County.,,,,
95668 Pleasant Grove,zcta,95668,Pleasant Grove,38.8275549,-121.4951816,568336,,2018-05-31,10,0,Zillow ZIP-level market for Pleasant Grove; mapped with Census 2020 ZCTA 95668 in Placer County.,,,,
96148 Tahoe Vista,zcta,96148,Tahoe Vista,39.249777,-120.0575895,633672,,2018-05-31,10,0,Zillow ZIP-level market for Tahoe Vista; mapped with Census 2020 ZCTA 96148 in Placer County.,,,,
96140 Carnelian Bay,zcta,96140,Carnelian Bay,39.2320185,-120.0963996,731281,,2018-05-31,10,0,Zillow ZIP-level market for Carnelian Bay; mapped with Census 2020 ZCTA 96140 in Placer County.,,,,
96142 Tahoma,zcta,96142,Tahoma,38.9986311,-120.1038814,572472,,2018-05-31,10,0,Zillow ZIP-level market for Tahoma; mapped with Census 2020 ZCTA 96142 in Placer County.,,,,
95703 Applegate,zcta,95703,Applegate,38.9890274,-120.9877751,442605,,2018-05-31,10,0,Zillow ZIP-level market for Applegate; mapped with Census 2020 ZCTA 95703 in Placer County.,,,,
95681 Sheridan,zcta,95681,Sheridan,38.9980915,-121.354198,373309,,2018-05-31,10,0,Zillow ZIP-level market for Sheridan; mapped with Census 2020 ZCTA 95681 in Placer County.,,,,
95701 Alta,zcta,95701,Alta,39.226549,-120.7670224,357696,,2018-05-31,10,0,Zillow ZIP-level market for Alta; mapped with Census 2020 ZCTA 95701 in Placer County.,,,,
95715 nan,zcta,95715,nan,39.2766508,-120.644012,298739,,2018-05-31,10,0,Zillow ZIP-level market for nan; mapped with Census 2020 ZCTA 95715 in Placer County.,,,,
95728 Soda Springs,zcta,95728,Soda Springs,39.2946534,-120.4014066,533018,,2018-05-31,10,0,Zillow ZIP-level market for Soda Springs; mapped with Census 2020 ZCTA 95728 in Placer County.,,,,
95714 Dutch Flat,zcta,95714,Dutch Flat,39.2011586,-120.8367976,316420,,2018-05-31,10,0,Zillow ZIP-level market for Dutch Flat; mapped with Census 2020 ZCTA 95714 in Placer County.,,,,
96141 Homewood,zcta,96141,Homewood,39.0989284,-120.2052313,848648,,2018-05-31,10,0,Zillow ZIP-level market for Homewood; mapped with Census 2020 ZCTA 96141 in Placer County.,,,,
95747 Roseville,zcta,95747,Roseville,38.7784212,-121.3688294,487867,2090,2018-06-30,10,0,Zillow ZIP-level market for Roseville; mapped with Census 2020 ZCTA 95747 in Placer County.,,2090,Zillow ZORI,
95648 Lincoln,zcta,95648,Lincoln,38.9228115,-121.3120046,479872,2070,2018-06-30,10,0,Zillow ZIP-level market for Lincoln; mapped with Census 2020 ZCTA 95648 in Placer County.,,2070,Zillow ZORI,
95678 Roseville,zcta,95678,Roseville,38.7653528,-121.2884731,411060,1611,2018-06-30,10,0,Zillow ZIP-level market for Roseville; mapped with Census 2020 ZCTA 95678 in Placer County.,,1611,Zillow ZORI,
95765 Rocklin,zcta,95765,Rocklin,38.8197384,-121.2783211,538734,1904,2018-06-30,10,0,Zillow ZIP-level market for Rocklin; mapped with Census 2020 ZCTA 95765 in Placer County.,,1904,Zillow ZORI,
95661 Roseville,zcta,95661,Roseville,38.7412743,-121.2492663,488265,,2018-06-30,10,0,Zillow ZIP-level market for Roseville; mapped with Census 2020 ZCTA 95661 in Placer County.,,,,
95603 Auburn,zcta,95603,Auburn,38.911346,-121.0857601,474721,,2018-06-30,10,0,Zillow ZIP-level market for Auburn; mapped with Census 2020 ZCTA 95603 in Placer County.,,,,
95677 Rocklin,zcta,95677,Rocklin,38.79292,-121.232006,472342,,2018-06-30,10,0,Zillow ZIP-level market for Rocklin; mapped with Census 2020 ZCTA 95677 in Placer County.,,,,
95746 Granite Bay,zcta,95746,Granite Bay,38.7469238,-121.1664336,770177,,2018-06-30,10,0,Zillow ZIP-level market for Granite Bay; mapped with Census 2020 ZCTA 95746 in Placer County.,,,,
95602 Auburn,zcta,95602,Auburn,38.9914911,-121.1035441,522226,,2018-06-30,10,0,Zillow ZIP-level market for Auburn; mapped with Census 2020 ZCTA 95602 in Placer County.,,,,
95650 Loomis,zcta,95650,Loomis,38.8091745,-121.171375,622192,,2018-06-30,10,0,Zillow ZIP-level market for Loomis; mapped with Census 2020 ZCTA 95650 in Placer County.,,,,
95713 Colfax,zcta,95713,Colfax,39.0813467,-120.9323895,408975,,2018-06-30,10,0,Zillow ZIP-level market for Colfax; mapped with Census 2020 ZCTA 95713 in Placer County.,,,,
95658 Newcastle,zcta,95658,Newcastle,38.8811828,-121.1690138,629713,,2018-06-30,10,0,Zillow ZIP-level market for Newcastle; mapped with Census 2020 ZCTA 95658 in Placer County.,,,,
95722 Meadow Vista,zcta,95722,Meadow Vista,39.0098006,-121.0347072,528987,,2018-06-30,10,0,Zillow ZIP-level market for Meadow Vista; mapped with Census 2020 ZCTA 95722 in Placer County.,,,,
95631 Foresthill,zcta,95631,Foresthill,39.0549436,-120.7539748,402199,,2018-06-30,10,0,Zillow ZIP-level market for Foresthill; mapped with Census 2020 ZCTA 95631 in Placer County.,,,,
96143 Kings Beach,zcta,96143,Kings Beach,39.2605746,-120.0262906,524762,,2018-06-30,10,0,Zillow ZIP-level market for Kings Beach; mapped with Census 2020 ZCTA 96143 in Placer County.,,,,
95663 Penryn,zcta,95663,Penryn,38.8573725,-121.1825262,632829,,2018-06-30,10,0,Zillow ZIP-level market for Penryn; mapped with Census 2020 ZCTA 95663 in Placer County.,,,,
96145 Tahoe City,zcta,96145,Tahoe City,39.1809984,-120.151396,790775,,2018-06-30,10,0,Zillow ZIP-level market for Tahoe City; mapped with Census 2020 ZCTA 96145 in Placer County.,,,,
96146 Olympic Valley,zcta,96146,Olympic Valley,39.2158973,-120.2451697,829420,,2018-06-30,10,0,Zillow ZIP-level market for Olympic Valley; mapped with Census 2020 ZCTA 96146 in Placer County.,,,,
95668 Pleasant Grove,zcta,95668,Pleasant Grove,38.8275549,-121.4951816,571184,,2018-06-30,10,0,Zillow ZIP-level market for Pleasant Grove; mapped with Census 2020 ZCTA 95668 in Placer County.,,,,
96148 Tahoe Vista,zcta,96148,Tahoe Vista,39.249777,-120.0575895,638592,,2018-06-30,10,0,Zillow ZIP-level market for Tahoe Vista; mapped with Census 2020 ZCTA 96148 in Placer County.,,,,
96140 Carnelian Bay,zcta,96140,Carnelian Bay,39.2320185,-120.0963996,733601,,2018-06-30,10,0,Zillow ZIP-level market for Carnelian Bay; mapped with Census 2020 ZCTA 96140 in Placer County.,,,,
96142 Tahoma,zcta,96142,Tahoma,38.9986311,-120.1038814,580502,,2018-06-30,10,0,Zillow ZIP-level market for Tahoma; mapped with Census 2020 ZCTA 96142 in Placer County.,,,,
95703 Applegate,zcta,95703,Applegate,38.9890274,-120.9877751,444348,,2018-06-30,10,0,Zillow ZIP-level market for Applegate; mapped with Census 2020 ZCTA 95703 in Placer County.,,,,
95681 Sheridan,zcta,95681,Sheridan,38.9980915,-121.354198,374537,,2018-06-30,10,0,Zillow ZIP-level market for Sheridan; mapped with Census 2020 ZCTA 95681 in Placer County.,,,,
95701 Alta,zcta,95701,Alta,39.226549,-120.7670224,358810,,2018-06-30,10,0,Zillow ZIP-level market for Alta; mapped with Census 2020 ZCTA 95701 in Placer County.,,,,
95715 nan,zcta,95715,nan,39.2766508,-120.644012,298246,,2018-06-30,10,0,Zillow ZIP-level market for nan; mapped with Census 2020 ZCTA 95715 in Placer County.,,,,
95728 Soda Springs,zcta,95728,Soda Springs,39.2946534,-120.4014066,536266,,2018-06-30,10,0,Zillow ZIP-level market for Soda Springs; mapped with Census 2020 ZCTA 95728 in Placer County.,,,,
95714 Dutch Flat,zcta,95714,Dutch Flat,39.2011586,-120.8367976,318721,,2018-06-30,10,0,Zillow ZIP-level market for Dutch Flat; mapped with Census 2020 ZCTA 95714 in Placer County.,,,,
96141 Homewood,zcta,96141,Homewood,39.0989284,-120.2052313,857515,,2018-06-30,10,0,Zillow ZIP-level market for Homewood; mapped with Census 2020 ZCTA 96141 in Placer County.,,,,
95747 Roseville,zcta,95747,Roseville,38.7784212,-121.3688294,489140,2095,2018-07-31,10,0,Zillow ZIP-level market for Roseville; mapped with Census 2020 ZCTA 95747 in Placer County.,,2095,Zillow ZORI,
95648 Lincoln,zcta,95648,Lincoln,38.9228115,-121.3120046,481008,2064,2018-07-31,10,0,Zillow ZIP-level market for Lincoln; mapped with Census 2020 ZCTA 95648 in Placer County.,,2064,Zillow ZORI,
95678 Roseville,zcta,95678,Roseville,38.7653528,-121.2884731,411823,1630,2018-07-31,10,0,Zillow ZIP-level market for Roseville; mapped with Census 2020 ZCTA 95678 in Placer County.,,1630,Zillow ZORI,
95765 Rocklin,zcta,95765,Rocklin,38.8197384,-121.2783211,540514,1899,2018-07-31,10,0,Zillow ZIP-level market for Rocklin; mapped with Census 2020 ZCTA 95765 in Placer County.,,1899,Zillow ZORI,
95661 Roseville,zcta,95661,Roseville,38.7412743,-121.2492663,489319,,2018-07-31,10,0,Zillow ZIP-level market for Roseville; mapped with Census 2020 ZCTA 95661 in Placer County.,,,,
95603 Auburn,zcta,95603,Auburn,38.911346,-121.0857601,475793,,2018-07-31,10,0,Zillow ZIP-level market for Auburn; mapped with Census 2020 ZCTA 95603 in Placer County.,,,,
95677 Rocklin,zcta,95677,Rocklin,38.79292,-121.232006,473466,,2018-07-31,10,0,Zillow ZIP-level market for Rocklin; mapped with Census 2020 ZCTA 95677 in Placer County.,,,,
95746 Granite Bay,zcta,95746,Granite Bay,38.7469238,-121.1664336,772821,,2018-07-31,10,0,Zillow ZIP-level market for Granite Bay; mapped with Census 2020 ZCTA 95746 in Placer County.,,,,
95602 Auburn,zcta,95602,Auburn,38.9914911,-121.1035441,524016,,2018-07-31,10,0,Zillow ZIP-level market for Auburn; mapped with Census 2020 ZCTA 95602 in Placer County.,,,,
95650 Loomis,zcta,95650,Loomis,38.8091745,-121.171375,623149,,2018-07-31,10,0,Zillow ZIP-level market for Loomis; mapped with Census 2020 ZCTA 95650 in Placer County.,,,,
95713 Colfax,zcta,95713,Colfax,39.0813467,-120.9323895,409771,,2018-07-31,10,0,Zillow ZIP-level market for Colfax; mapped with Census 2020 ZCTA 95713 in Placer County.,,,,
95658 Newcastle,zcta,95658,Newcastle,38.8811828,-121.1690138,631498,,2018-07-31,10,0,Zillow ZIP-level market for Newcastle; mapped with Census 2020 ZCTA 95658 in Placer County.,,,,
95722 Meadow Vista,zcta,95722,Meadow Vista,39.0098006,-121.0347072,530216,,2018-07-31,10,0,Zillow ZIP-level market for Meadow Vista; mapped with Census 2020 ZCTA 95722 in Placer County.,,,,
95631 Foresthill,zcta,95631,Foresthill,39.0549436,-120.7539748,401843,,2018-07-31,10,0,Zillow ZIP-level market for Foresthill; mapped with Census 2020 ZCTA 95631 in Placer County.,,,,
96143 Kings Beach,zcta,96143,Kings Beach,39.2605746,-120.0262906,524071,,2018-07-31,10,0,Zillow ZIP-level market for Kings Beach; mapped with Census 2020 ZCTA 96143 in Placer County.,,,,
95663 Penryn,zcta,95663,Penryn,38.8573725,-121.1825262,635909,,2018-07-31,10,0,Zillow ZIP-level market for Penryn; mapped with Census 2020 ZCTA 95663 in Placer County.,,,,
96145 Tahoe City,zcta,96145,Tahoe City,39.1809984,-120.151396,794167,,2018-07-31,10,0,Zillow ZIP-level market for Tahoe City; mapped with Census 2020 ZCTA 96145 in Placer County.,,,,
96146 Olympic Valley,zcta,96146,Olympic Valley,39.2158973,-120.2451697,830143,,2018-07-31,10,0,Zillow ZIP-level market for Olympic Valley; mapped with Census 2020 ZCTA 96146 in Placer County.,,,,
95668 Pleasant Grove,zcta,95668,Pleasant Grove,38.8275549,-121.4951816,575606,,2018-07-31,10,0,Zillow ZIP-level market for Pleasant Grove; mapped with Census 2020 ZCTA 95668 in Placer County.,,,,
96148 Tahoe Vista,zcta,96148,Tahoe Vista,39.249777,-120.0575895,639422,,2018-07-31,10,0,Zillow ZIP-level market for Tahoe Vista; mapped with Census 2020 ZCTA 96148 in Placer County.,,,,
96140 Carnelian Bay,zcta,96140,Carnelian Bay,39.2320185,-120.0963996,732556,,2018-07-31,10,0,Zillow ZIP-level market for Carnelian Bay; mapped with Census 2020 ZCTA 96140 in Placer County.,,,,
96142 Tahoma,zcta,96142,Tahoma,38.9986311,-120.1038814,585427,,2018-07-31,10,0,Zillow ZIP-level market for Tahoma; mapped with Census 2020 ZCTA 96142 in Placer County.,,,,
95703 Applegate,zcta,95703,Applegate,38.9890274,-120.9877751,445069,,2018-07-31,10,0,Zillow ZIP-level market for Applegate; mapped with Census 2020 ZCTA 95703 in Placer County.,,,,
95681 Sheridan,zcta,95681,Sheridan,38.9980915,-121.354198,375359,,2018-07-31,10,0,Zillow ZIP-level market for Sheridan; mapped with Census 2020 ZCTA 95681 in Placer County.,,,,
95701 Alta,zcta,95701,Alta,39.226549,-120.7670224,359824,,2018-07-31,10,0,Zillow ZIP-level market for Alta; mapped with Census 2020 ZCTA 95701 in Placer County.,,,,
95715 nan,zcta,95715,nan,39.2766508,-120.644012,297301,,2018-07-31,10,0,Zillow ZIP-level market for nan; mapped with Census 2020 ZCTA 95715 in Placer County.,,,,
95728 Soda Springs,zcta,95728,Soda Springs,39.2946534,-120.4014066,538885,,2018-07-31,10,0,Zillow ZIP-level market for Soda Springs; mapped with Census 2020 ZCTA 95728 in Placer County.,,,,
95714 Dutch Flat,zcta,95714,Dutch Flat,39.2011586,-120.8367976,319573,,2018-07-31,10,0,Zillow ZIP-level market for Dutch Flat; mapped with Census 2020 ZCTA 95714 in Placer County.,,,,
96141 Homewood,zcta,96141,Homewood,39.0989284,-120.2052313,860851,,2018-07-31,10,0,Zillow ZIP-level market for Homewood; mapped with Census 2020 ZCTA 96141 in Placer County.,,,,
95747 Roseville,zcta,95747,Roseville,38.7784212,-121.3688294,489833,2104,2018-08-31,10,0,Zillow ZIP-level market for Roseville; mapped with Census 2020 ZCTA 95747 in Placer County.,,2104,Zillow ZORI,
95648 Lincoln,zcta,95648,Lincoln,38.9228115,-121.3120046,481886,2069,2018-08-31,10,0,Zillow ZIP-level market for Lincoln; mapped with Census 2020 ZCTA 95648 in Placer County.,,2069,Zillow ZORI,
95678 Roseville,zcta,95678,Roseville,38.7653528,-121.2884731,412157,1643,2018-08-31,10,0,Zillow ZIP-level market for Roseville; mapped with Census 2020 ZCTA 95678 in Placer County.,,1643,Zillow ZORI,
95765 Rocklin,zcta,95765,Rocklin,38.8197384,-121.2783211,541536,1895,2018-08-31,10,0,Zillow ZIP-level market for Rocklin; mapped with Census 2020 ZCTA 95765 in Placer County.,,1895,Zillow ZORI,
95661 Roseville,zcta,95661,Roseville,38.7412743,-121.2492663,489817,,2018-08-31,10,0,Zillow ZIP-level market for Roseville; mapped with Census 2020 ZCTA 95661 in Placer County.,,,,
95603 Auburn,zcta,95603,Auburn,38.911346,-121.0857601,476727,,2018-08-31,10,0,Zillow ZIP-level market for Auburn; mapped with Census 2020 ZCTA 95603 in Placer County.,,,,
95677 Rocklin,zcta,95677,Rocklin,38.79292,-121.232006,473923,,2018-08-31,10,0,Zillow ZIP-level market for Rocklin; mapped with Census 2020 ZCTA 95677 in Placer County.,,,,
95746 Granite Bay,zcta,95746,Granite Bay,38.7469238,-121.1664336,773857,,2018-08-31,10,0,Zillow ZIP-level market for Granite Bay; mapped with Census 2020 ZCTA 95746 in Placer County.,,,,
95602 Auburn,zcta,95602,Auburn,38.9914911,-121.1035441,525175,,2018-08-31,10,0,Zillow ZIP-level market for Auburn; mapped with Census 2020 ZCTA 95602 in Placer County.,,,,
95650 Loomis,zcta,95650,Loomis,38.8091745,-121.171375,623253,,2018-08-31,10,0,Zillow ZIP-level market for Loomis; mapped with Census 2020 ZCTA 95650 in Placer County.,,,,
95713 Colfax,zcta,95713,Colfax,39.0813467,-120.9323895,409152,,2018-08-31,10,0,Zillow ZIP-level market for Colfax; mapped with Census 2020 ZCTA 95713 in Placer County.,,,,
95658 Newcastle,zcta,95658,Newcastle,38.8811828,-121.1690138,632534,,2018-08-31,10,0,Zillow ZIP-level market for Newcastle; mapped with Census 2020 ZCTA 95658 in Placer County.,,,,
95722 Meadow Vista,zcta,95722,Meadow Vista,39.0098006,-121.0347072,530225,,2018-08-31,10,0,Zillow ZIP-level market for Meadow Vista; mapped with Census 2020 ZCTA 95722 in Placer County.,,,,
95631 Foresthill,zcta,95631,Foresthill,39.0549436,-120.7539748,400775,,2018-08-31,10,0,Zillow ZIP-level market for Foresthill; mapped with Census 2020 ZCTA 95631 in Placer County.,,,,
96143 Kings Beach,zcta,96143,Kings Beach,39.2605746,-120.0262906,522426,,2018-08-31,10,0,Zillow ZIP-level market for Kings Beach; mapped with Census 2020 ZCTA 96143 in Placer County.,,,,
95663 Penryn,zcta,95663,Penryn,38.8573725,-121.1825262,637499,,2018-08-31,10,0,Zillow ZIP-level market for Penryn; mapped with Census 2020 ZCTA 95663 in Placer County.,,,,
96145 Tahoe City,zcta,96145,Tahoe City,39.1809984,-120.151396,795534,,2018-08-31,10,0,Zillow ZIP-level market for Tahoe City; mapped with Census 2020 ZCTA 96145 in Placer County.,,,,
96146 Olympic Valley,zcta,96146,Olympic Valley,39.2158973,-120.2451697,828992,,2018-08-31,10,0,Zillow ZIP-level market for Olympic Valley; mapped with Census 2020 ZCTA 96146 in Placer County.,,,,
95668 Pleasant Grove,zcta,95668,Pleasant Grove,38.8275549,-121.4951816,578821,,2018-08-31,10,0,Zillow ZIP-level market for Pleasant Grove; mapped with Census 2020 ZCTA 95668 in Placer County.,,,,
96148 Tahoe Vista,zcta,96148,Tahoe Vista,39.249777,-120.0575895,637194,,2018-08-31,10,0,Zillow ZIP-level market for Tahoe Vista; mapped with Census 2020 ZCTA 96148 in Placer County.,,,,
96140 Carnelian Bay,zcta,96140,Carnelian Bay,39.2320185,-120.0963996,730366,,2018-08-31,10,0,Zillow ZIP-level market for Carnelian Bay; mapped with Census 2020 ZCTA 96140 in Placer County.,,,,
96142 Tahoma,zcta,96142,Tahoma,38.9986311,-120.1038814,587688,,2018-08-31,10,0,Zillow ZIP-level market for Tahoma; mapped with Census 2020 ZCTA 96142 in Placer County.,,,,
95703 Applegate,zcta,95703,Applegate,38.9890274,-120.9877751,446007,,2018-08-31,10,0,Zillow ZIP-level market for Applegate; mapped with Census 2020 ZCTA 95703 in Placer County.,,,,
95681 Sheridan,zcta,95681,Sheridan,38.9980915,-121.354198,375653,,2018-08-31,10,0,Zillow ZIP-level market for Sheridan; mapped with Census 2020 ZCTA 95681 in Placer County.,,,,
95701 Alta,zcta,95701,Alta,39.226549,-120.7670224,359711,,2018-08-31,10,0,Zillow ZIP-level market for Alta; mapped with Census 2020 ZCTA 95701 in Placer County.,,,,
95715 nan,zcta,95715,nan,39.2766508,-120.644012,296816,,2018-08-31,10,0,Zillow ZIP-level market for nan; mapped with Census 2020 ZCTA 95715 in Placer County.,,,,
95728 Soda Springs,zcta,95728,Soda Springs,39.2946534,-120.4014066,541287,,2018-08-31,10,0,Zillow ZIP-level market for Soda Springs; mapped with Census 2020 ZCTA 95728 in Placer County.,,,,
95714 Dutch Flat,zcta,95714,Dutch Flat,39.2011586,-120.8367976,319897,,2018-08-31,10,0,Zillow ZIP-level market for Dutch Flat; mapped with Census 2020 ZCTA 95714 in Placer County.,,,,
96141 Homewood,zcta,96141,Homewood,39.0989284,-120.2052313,862575,,2018-08-31,10,0,Zillow ZIP-level market for Homewood; mapped with Census 2020 ZCTA 96141 in Placer County.,,,,
95747 Roseville,zcta,95747,Roseville,38.7784212,-121.3688294,490502,2109,2018-09-30,10,0,Zillow ZIP-level market for Roseville; mapped with Census 2020 ZCTA 95747 in Placer County.,,2109,Zillow ZORI,
95648 Lincoln,zcta,95648,Lincoln,38.9228115,-121.3120046,482663,2074,2018-09-30,10,0,Zillow ZIP-level market for Lincoln; mapped with Census 2020 ZCTA 95648 in Placer County.,,2074,Zillow ZORI,
95678 Roseville,zcta,95678,Roseville,38.7653528,-121.2884731,412540,1654,2018-09-30,10,0,Zillow ZIP-level market for Roseville; mapped with Census 2020 ZCTA 95678 in Placer County.,,1654,Zillow ZORI,
95765 Rocklin,zcta,95765,Rocklin,38.8197384,-121.2783211,542826,1914,2018-09-30,10,0,Zillow ZIP-level market for Rocklin; mapped with Census 2020 ZCTA 95765 in Placer County.,,1914,Zillow ZORI,
95661 Roseville,zcta,95661,Roseville,38.7412743,-121.2492663,490438,,2018-09-30,10,0,Zillow ZIP-level market for Roseville; mapped with Census 2020 ZCTA 95661 in Placer County.,,,,
95603 Auburn,zcta,95603,Auburn,38.911346,-121.0857601,478172,,2018-09-30,10,0,Zillow ZIP-level market for Auburn; mapped with Census 2020 ZCTA 95603 in Placer County.,,,,
95677 Rocklin,zcta,95677,Rocklin,38.79292,-121.232006,474990,,2018-09-30,10,0,Zillow ZIP-level market for Rocklin; mapped with Census 2020 ZCTA 95677 in Placer County.,,,,
95746 Granite Bay,zcta,95746,Granite Bay,38.7469238,-121.1664336,774738,,2018-09-30,10,0,Zillow ZIP-level market for Granite Bay; mapped with Census 2020 ZCTA 95746 in Placer County.,,,,
95602 Auburn,zcta,95602,Auburn,38.9914911,-121.1035441,526990,,2018-09-30,10,0,Zillow ZIP-level market for Auburn; mapped with Census 2020 ZCTA 95602 in Placer County.,,,,
95650 Loomis,zcta,95650,Loomis,38.8091745,-121.171375,623581,,2018-09-30,10,0,Zillow ZIP-level market for Loomis; mapped with Census 2020 ZCTA 95650 in Placer County.,,,,
95713 Colfax,zcta,95713,Colfax,39.0813467,-120.9323895,407791,,2018-09-30,10,0,Zillow ZIP-level market for Colfax; mapped with Census 2020 ZCTA 95713 in Placer County.,,,,
95658 Newcastle,zcta,95658,Newcastle,38.8811828,-121.1690138,634555,,2018-09-30,10,0,Zillow ZIP-level market for Newcastle; mapped with Census 2020 ZCTA 95658 in Placer County.,,,,
95722 Meadow Vista,zcta,95722,Meadow Vista,39.0098006,-121.0347072,529859,,2018-09-30,10,0,Zillow ZIP-level market for Meadow Vista; mapped with Census 2020 ZCTA 95722 in Placer County.,,,,
95631 Foresthill,zcta,95631,Foresthill,39.0549436,-120.7539748,399288,,2018-09-30,10,0,Zillow ZIP-level market for Foresthill; mapped with Census 2020 ZCTA 95631 in Placer County.,,,,
96143 Kings Beach,zcta,96143,Kings Beach,39.2605746,-120.0262906,522558,,2018-09-30,10,0,Zillow ZIP-level market for Kings Beach; mapped with Census 2020 ZCTA 96143 in Placer County.,,,,
95663 Penryn,zcta,95663,Penryn,38.8573725,-121.1825262,640605,,2018-09-30,10,0,Zillow ZIP-level market for Penryn; mapped with Census 2020 ZCTA 95663 in Placer County.,,,,
96145 Tahoe City,zcta,96145,Tahoe City,39.1809984,-120.151396,794439,,2018-09-30,10,0,Zillow ZIP-level market for Tahoe City; mapped with Census 2020 ZCTA 96145 in Placer County.,,,,
96146 Olympic Valley,zcta,96146,Olympic Valley,39.2158973,-120.2451697,827443,,2018-09-30,10,0,Zillow ZIP-level market for Olympic Valley; mapped with Census 2020 ZCTA 96146 in Placer County.,,,,
95668 Pleasant Grove,zcta,95668,Pleasant Grove,38.8275549,-121.4951816,580112,,2018-09-30,10,0,Zillow ZIP-level market for Pleasant Grove; mapped with Census 2020 ZCTA 95668 in Placer County.,,,,
96148 Tahoe Vista,zcta,96148,Tahoe Vista,39.249777,-120.0575895,635737,,2018-09-30,10,0,Zillow ZIP-level market for Tahoe Vista; mapped with Census 2020 ZCTA 96148 in Placer County.,,,,
96140 Carnelian Bay,zcta,96140,Carnelian Bay,39.2320185,-120.0963996,729858,,2018-09-30,10,0,Zillow ZIP-level market for Carnelian Bay; mapped with Census 2020 ZCTA 96140 in Placer County.,,,,
96142 Tahoma,zcta,96142,Tahoma,38.9986311,-120.1038814,589003,,2018-09-30,10,0,Zillow ZIP-level market for Tahoma; mapped with Census 2020 ZCTA 96142 in Placer County.,,,,
95703 Applegate,zcta,95703,Applegate,38.9890274,-120.9877751,447728,,2018-09-30,10,0,Zillow ZIP-level market for Applegate; mapped with Census 2020 ZCTA 95703 in Placer County.,,,,
95681 Sheridan,zcta,95681,Sheridan,38.9980915,-121.354198,375235,,2018-09-30,10,0,Zillow ZIP-level market for Sheridan; mapped with Census 2020 ZCTA 95681 in Placer County.,,,,
95701 Alta,zcta,95701,Alta,39.226549,-120.7670224,358851,,2018-09-30,10,0,Zillow ZIP-level market for Alta; mapped with Census 2020 ZCTA 95701 in Placer County.,,,,
95715 nan,zcta,95715,nan,39.2766508,-120.644012,295378,,2018-09-30,10,0,Zillow ZIP-level market for nan; mapped with Census 2020 ZCTA 95715 in Placer County.,,,,
95728 Soda Springs,zcta,95728,Soda Springs,39.2946534,-120.4014066,543003,,2018-09-30,10,0,Zillow ZIP-level market for Soda Springs; mapped with Census 2020 ZCTA 95728 in Placer County.,,,,
95714 Dutch Flat,zcta,95714,Dutch Flat,39.2011586,-120.8367976,318654,,2018-09-30,10,0,Zillow ZIP-level market for Dutch Flat; mapped with Census 2020 ZCTA 95714 in Placer County.,,,,
96141 Homewood,zcta,96141,Homewood,39.0989284,-120.2052313,864291,,2018-09-30,10,0,Zillow ZIP-level market for Homewood; mapped with Census 2020 ZCTA 96141 in Placer County.,,,,
95747 Roseville,zcta,95747,Roseville,38.7784212,-121.3688294,490520,2115,2018-10-31,10,0,Zillow ZIP-level market for Roseville; mapped with Census 2020 ZCTA 95747 in Placer County.,,2115,Zillow ZORI,
95648 Lincoln,zcta,95648,Lincoln,38.9228115,-121.3120046,483196,2073,2018-10-31,10,0,Zillow ZIP-level market for Lincoln; mapped with Census 2020 ZCTA 95648 in Placer County.,,2073,Zillow ZORI,
95678 Roseville,zcta,95678,Roseville,38.7653528,-121.2884731,412731,1643,2018-10-31,10,0,Zillow ZIP-level market for Roseville; mapped with Census 2020 ZCTA 95678 in Placer County.,,1643,Zillow ZORI,
95765 Rocklin,zcta,95765,Rocklin,38.8197384,-121.2783211,543681,1920,2018-10-31,10,0,Zillow ZIP-level market for Rocklin; mapped with Census 2020 ZCTA 95765 in Placer County.,,1920,Zillow ZORI,
95661 Roseville,zcta,95661,Roseville,38.7412743,-121.2492663,490548,,2018-10-31,10,0,Zillow ZIP-level market for Roseville; mapped with Census 2020 ZCTA 95661 in Placer County.,,,,
95603 Auburn,zcta,95603,Auburn,38.911346,-121.0857601,479659,,2018-10-31,10,0,Zillow ZIP-level market for Auburn; mapped with Census 2020 ZCTA 95603 in Placer County.,,,,
95677 Rocklin,zcta,95677,Rocklin,38.79292,-121.232006,475711,,2018-10-31,10,0,Zillow ZIP-level market for Rocklin; mapped with Census 2020 ZCTA 95677 in Placer County.,,,,
95746 Granite Bay,zcta,95746,Granite Bay,38.7469238,-121.1664336,775961,,2018-10-31,10,0,Zillow ZIP-level market for Granite Bay; mapped with Census 2020 ZCTA 95746 in Placer County.,,,,
95602 Auburn,zcta,95602,Auburn,38.9914911,-121.1035441,528788,,2018-10-31,10,0,Zillow ZIP-level market for Auburn; mapped with Census 2020 ZCTA 95602 in Placer County.,,,,
95650 Loomis,zcta,95650,Loomis,38.8091745,-121.171375,625162,,2018-10-31,10,0,Zillow ZIP-level market for Loomis; mapped with Census 2020 ZCTA 95650 in Placer County.,,,,
95713 Colfax,zcta,95713,Colfax,39.0813467,-120.9323895,406745,,2018-10-31,10,0,Zillow ZIP-level market for Colfax; mapped with Census 2020 ZCTA 95713 in Placer County.,,,,
95658 Newcastle,zcta,95658,Newcastle,38.8811828,-121.1690138,637629,,2018-10-31,10,0,Zillow ZIP-level market for Newcastle; mapped with Census 2020 ZCTA 95658 in Placer County.,,,,
95722 Meadow Vista,zcta,95722,Meadow Vista,39.0098006,-121.0347072,530092,,2018-10-31,10,0,Zillow ZIP-level market for Meadow Vista; mapped with Census 2020 ZCTA 95722 in Placer County.,,,,
95631 Foresthill,zcta,95631,Foresthill,39.0549436,-120.7539748,397787,,2018-10-31,10,0,Zillow ZIP-level market for Foresthill; mapped with Census 2020 ZCTA 95631 in Placer County.,,,,
96143 Kings Beach,zcta,96143,Kings Beach,39.2605746,-120.0262906,525134,,2018-10-31,10,0,Zillow ZIP-level market for Kings Beach; mapped with Census 2020 ZCTA 96143 in Placer County.,,,,
95663 Penryn,zcta,95663,Penryn,38.8573725,-121.1825262,645035,,2018-10-31,10,0,Zillow ZIP-level market for Penryn; mapped with Census 2020 ZCTA 95663 in Placer County.,,,,
96145 Tahoe City,zcta,96145,Tahoe City,39.1809984,-120.151396,797593,,2018-10-31,10,0,Zillow ZIP-level market for Tahoe City; mapped with Census 2020 ZCTA 96145 in Placer County.,,,,
96146 Olympic Valley,zcta,96146,Olympic Valley,39.2158973,-120.2451697,830600,,2018-10-31,10,0,Zillow ZIP-level market for Olympic Valley; mapped with Census 2020 ZCTA 96146 in Placer County.,,,,
95668 Pleasant Grove,zcta,95668,Pleasant Grove,38.8275549,-121.4951816,581281,,2018-10-31,10,0,Zillow ZIP-level market for Pleasant Grove; mapped with Census 2020 ZCTA 95668 in Placer County.,,,,
96148 Tahoe Vista,zcta,96148,Tahoe Vista,39.249777,-120.0575895,636738,,2018-10-31,10,0,Zillow ZIP-level market for Tahoe Vista; mapped with Census 2020 ZCTA 96148 in Placer County.,,,,
96140 Carnelian Bay,zcta,96140,Carnelian Bay,39.2320185,-120.0963996,734313,,2018-10-31,10,0,Zillow ZIP-level market for Carnelian Bay; mapped with Census 2020 ZCTA 96140 in Placer County.,,,,
96142 Tahoma,zcta,96142,Tahoma,38.9986311,-120.1038814,591363,,2018-10-31,10,0,Zillow ZIP-level market for Tahoma; mapped with Census 2020 ZCTA 96142 in Placer County.,,,,
95703 Applegate,zcta,95703,Applegate,38.9890274,-120.9877751,449638,,2018-10-31,10,0,Zillow ZIP-level market for Applegate; mapped with Census 2020 ZCTA 95703 in Placer County.,,,,
95681 Sheridan,zcta,95681,Sheridan,38.9980915,-121.354198,374929,,2018-10-31,10,0,Zillow ZIP-level market for Sheridan; mapped with Census 2020 ZCTA 95681 in Placer County.,,,,
95701 Alta,zcta,95701,Alta,39.226549,-120.7670224,356914,,2018-10-31,10,0,Zillow ZIP-level market for Alta; mapped with Census 2020 ZCTA 95701 in Placer County.,,,,
95715 nan,zcta,95715,nan,39.2766508,-120.644012,293207,,2018-10-31,10,0,Zillow ZIP-level market for nan; mapped with Census 2020 ZCTA 95715 in Placer County.,,,,
95728 Soda Springs,zcta,95728,Soda Springs,39.2946534,-120.4014066,544912,,2018-10-31,10,0,Zillow ZIP-level market for Soda Springs; mapped with Census 2020 ZCTA 95728 in Placer County.,,,,
95714 Dutch Flat,zcta,95714,Dutch Flat,39.2011586,-120.8367976,317575,,2018-10-31,10,0,Zillow ZIP-level market for Dutch Flat; mapped with Census 2020 ZCTA 95714 in Placer County.,,,,
96141 Homewood,zcta,96141,Homewood,39.0989284,-120.2052313,868513,,2018-10-31,10,0,Zillow ZIP-level market for Homewood; mapped with Census 2020 ZCTA 96141 in Placer County.,,,,
95747 Roseville,zcta,95747,Roseville,38.7784212,-121.3688294,490198,2109,2018-11-30,10,0,Zillow ZIP-level market for Roseville; mapped with Census 2020 ZCTA 95747 in Placer County.,,2109,Zillow ZORI,
95648 Lincoln,zcta,95648,Lincoln,38.9228115,-121.3120046,483097,2068,2018-11-30,10,0,Zillow ZIP-level market for Lincoln; mapped with Census 2020 ZCTA 95648 in Placer County.,,2068,Zillow ZORI,
95678 Roseville,zcta,95678,Roseville,38.7653528,-121.2884731,412517,1623,2018-11-30,10,0,Zillow ZIP-level market for Roseville; mapped with Census 2020 ZCTA 95678 in Placer County.,,1623,Zillow ZORI,
95765 Rocklin,zcta,95765,Rocklin,38.8197384,-121.2783211,544132,1910,2018-11-30,10,0,Zillow ZIP-level market for Rocklin; mapped with Census 2020 ZCTA 95765 in Placer County.,,1910,Zillow ZORI,
95661 Roseville,zcta,95661,Roseville,38.7412743,-121.2492663,490604,,2018-11-30,10,0,Zillow ZIP-level market for Roseville; mapped with Census 2020 ZCTA 95661 in Placer County.,,,,
95603 Auburn,zcta,95603,Auburn,38.911346,-121.0857601,480125,,2018-11-30,10,0,Zillow ZIP-level market for Auburn; mapped with Census 2020 ZCTA 95603 in Placer County.,,,,
95677 Rocklin,zcta,95677,Rocklin,38.79292,-121.232006,475931,,2018-11-30,10,0,Zillow ZIP-level market for Rocklin; mapped with Census 2020 ZCTA 95677 in Placer County.,,,,
95746 Granite Bay,zcta,95746,Granite Bay,38.7469238,-121.1664336,775823,,2018-11-30,10,0,Zillow ZIP-level market for Granite Bay; mapped with Census 2020 ZCTA 95746 in Placer County.,,,,
95602 Auburn,zcta,95602,Auburn,38.9914911,-121.1035441,529893,,2018-11-30,10,0,Zillow ZIP-level market for Auburn; mapped with Census 2020 ZCTA 95602 in Placer County.,,,,
95650 Loomis,zcta,95650,Loomis,38.8091745,-121.171375,626028,,2018-11-30,10,0,Zillow ZIP-level market for Loomis; mapped with Census 2020 ZCTA 95650 in Placer County.,,,,
95713 Colfax,zcta,95713,Colfax,39.0813467,-120.9323895,405451,,2018-11-30,10,0,Zillow ZIP-level market for Colfax; mapped with Census 2020 ZCTA 95713 in Placer County.,,,,
95658 Newcastle,zcta,95658,Newcastle,38.8811828,-121.1690138,639914,,2018-11-30,10,0,Zillow ZIP-level market for Newcastle; mapped with Census 2020 ZCTA 95658 in Placer County.,,,,
95722 Meadow Vista,zcta,95722,Meadow Vista,39.0098006,-121.0347072,529808,,2018-11-30,10,0,Zillow ZIP-level market for Meadow Vista; mapped with Census 2020 ZCTA 95722 in Placer County.,,,,
95631 Foresthill,zcta,95631,Foresthill,39.0549436,-120.7539748,396615,,2018-11-30,10,0,Zillow ZIP-level market for Foresthill; mapped with Census 2020 ZCTA 95631 in Placer County.,,,,
96143 Kings Beach,zcta,96143,Kings Beach,39.2605746,-120.0262906,527535,,2018-11-30,10,0,Zillow ZIP-level market for Kings Beach; mapped with Census 2020 ZCTA 96143 in Placer County.,,,,
95663 Penryn,zcta,95663,Penryn,38.8573725,-121.1825262,647245,,2018-11-30,10,0,Zillow ZIP-level market for Penryn; mapped with Census 2020 ZCTA 95663 in Placer County.,,,,
96145 Tahoe City,zcta,96145,Tahoe City,39.1809984,-120.151396,801752,,2018-11-30,10,0,Zillow ZIP-level market for Tahoe City; mapped with Census 2020 ZCTA 96145 in Placer County.,,,,
96146 Olympic Valley,zcta,96146,Olympic Valley,39.2158973,-120.2451697,835753,,2018-11-30,10,0,Zillow ZIP-level market for Olympic Valley; mapped with Census 2020 ZCTA 96146 in Placer County.,,,,
95668 Pleasant Grove,zcta,95668,Pleasant Grove,38.8275549,-121.4951816,580872,,2018-11-30,10,0,Zillow ZIP-level market for Pleasant Grove; mapped with Census 2020 ZCTA 95668 in Placer County.,,,,
96148 Tahoe Vista,zcta,96148,Tahoe Vista,39.249777,-120.0575895,638980,,2018-11-30,10,0,Zillow ZIP-level market for Tahoe Vista; mapped with Census 2020 ZCTA 96148 in Placer County.,,,,
96140 Carnelian Bay,zcta,96140,Carnelian Bay,39.2320185,-120.0963996,738658,,2018-11-30,10,0,Zillow ZIP-level market for Carnelian Bay; mapped with Census 2020 ZCTA 96140 in Placer County.,,,,
96142 Tahoma,zcta,96142,Tahoma,38.9986311,-120.1038814,592571,,2018-11-30,10,0,Zillow ZIP-level market for Tahoma; mapped with Census 2020 ZCTA 96142 in Placer County.,,,,
95703 Applegate,zcta,95703,Applegate,38.9890274,-120.9877751,450077,,2018-11-30,10,0,Zillow ZIP-level market for Applegate; mapped with Census 2020 ZCTA 95703 in Placer County.,,,,
95681 Sheridan,zcta,95681,Sheridan,38.9980915,-121.354198,375113,,2018-11-30,10,0,Zillow ZIP-level market for Sheridan; mapped with Census 2020 ZCTA 95681 in Placer County.,,,,
95701 Alta,zcta,95701,Alta,39.226549,-120.7670224,354465,,2018-11-30,10,0,Zillow ZIP-level market for Alta; mapped with Census 2020 ZCTA 95701 in Placer County.,,,,
95715 nan,zcta,95715,nan,39.2766508,-120.644012,288976,,2018-11-30,10,0,Zillow ZIP-level market for nan; mapped with Census 2020 ZCTA 95715 in Placer County.,,,,
95728 Soda Springs,zcta,95728,Soda Springs,39.2946534,-120.4014066,546511,,2018-11-30,10,0,Zillow ZIP-level market for Soda Springs; mapped with Census 2020 ZCTA 95728 in Placer County.,,,,
95714 Dutch Flat,zcta,95714,Dutch Flat,39.2011586,-120.8367976,316466,,2018-11-30,10,0,Zillow ZIP-level market for Dutch Flat; mapped with Census 2020 ZCTA 95714 in Placer County.,,,,
96141 Homewood,zcta,96141,Homewood,39.0989284,-120.2052313,870022,,2018-11-30,10,0,Zillow ZIP-level market for Homewood; mapped with Census 2020 ZCTA 96141 in Placer County.,,,,
95747 Roseville,zcta,95747,Roseville,38.7784212,-121.3688294,490379,2138,2018-12-31,10,0,Zillow ZIP-level market for Roseville; mapped with Census 2020 ZCTA 95747 in Placer County.,,2138,Zillow ZORI,
95648 Lincoln,zcta,95648,Lincoln,38.9228115,-121.3120046,483130,2073,2018-12-31,10,0,Zillow ZIP-level market for Lincoln; mapped with Census 2020 ZCTA 95648 in Placer County.,,2073,Zillow ZORI,
95678 Roseville,zcta,95678,Roseville,38.7653528,-121.2884731,412480,1622,2018-12-31,10,0,Zillow ZIP-level market for Roseville; mapped with Census 2020 ZCTA 95678 in Placer County.,,1622,Zillow ZORI,
95765 Rocklin,zcta,95765,Rocklin,38.8197384,-121.2783211,544539,1886,2018-12-31,10,0,Zillow ZIP-level market for Rocklin; mapped with Census 2020 ZCTA 95765 in Placer County.,,1886,Zillow ZORI,
95661 Roseville,zcta,95661,Roseville,38.7412743,-121.2492663,490814,,2018-12-31,10,0,Zillow ZIP-level market for Roseville; mapped with Census 2020 ZCTA 95661 in Placer County.,,,,
95603 Auburn,zcta,95603,Auburn,38.911346,-121.0857601,479895,,2018-12-31,10,0,Zillow ZIP-level market for Auburn; mapped with Census 2020 ZCTA 95603 in Placer County.,,,,
95677 Rocklin,zcta,95677,Rocklin,38.79292,-121.232006,475963,,2018-12-31,10,0,Zillow ZIP-level market for Rocklin; mapped with Census 2020 ZCTA 95677 in Placer County.,,,,
95746 Granite Bay,zcta,95746,Granite Bay,38.7469238,-121.1664336,774638,,2018-12-31,10,0,Zillow ZIP-level market for Granite Bay; mapped with Census 2020 ZCTA 95746 in Placer County.,,,,
95602 Auburn,zcta,95602,Auburn,38.9914911,-121.1035441,529638,,2018-12-31,10,0,Zillow ZIP-level market for Auburn; mapped with Census 2020 ZCTA 95602 in Placer County.,,,,
95650 Loomis,zcta,95650,Loomis,38.8091745,-121.171375,626096,,2018-12-31,10,0,Zillow ZIP-level market for Loomis; mapped with Census 2020 ZCTA 95650 in Placer County.,,,,
95713 Colfax,zcta,95713,Colfax,39.0813467,-120.9323895,404519,,2018-12-31,10,0,Zillow ZIP-level market for Colfax; mapped with Census 2020 ZCTA 95713 in Placer County.,,,,
95658 Newcastle,zcta,95658,Newcastle,38.8811828,-121.1690138,640721,,2018-12-31,10,0,Zillow ZIP-level market for Newcastle; mapped with Census 2020 ZCTA 95658 in Placer County.,,,,
95722 Meadow Vista,zcta,95722,Meadow Vista,39.0098006,-121.0347072,529881,,2018-12-31,10,0,Zillow ZIP-level market for Meadow Vista; mapped with Census 2020 ZCTA 95722 in Placer County.,,,,
95631 Foresthill,zcta,95631,Foresthill,39.0549436,-120.7539748,396476,,2018-12-31,10,0,Zillow ZIP-level market for Foresthill; mapped with Census 2020 ZCTA 95631 in Placer County.,,,,
96143 Kings Beach,zcta,96143,Kings Beach,39.2605746,-120.0262906,530109,,2018-12-31,10,0,Zillow ZIP-level market for Kings Beach; mapped with Census 2020 ZCTA 96143 in Placer County.,,,,
95663 Penryn,zcta,95663,Penryn,38.8573725,-121.1825262,646673,,2018-12-31,10,0,Zillow ZIP-level market for Penryn; mapped with Census 2020 ZCTA 95663 in Placer County.,,,,
96145 Tahoe City,zcta,96145,Tahoe City,39.1809984,-120.151396,805576,,2018-12-31,10,0,Zillow ZIP-level market for Tahoe City; mapped with Census 2020 ZCTA 96145 in Placer County.,,,,
96146 Olympic Valley,zcta,96146,Olympic Valley,39.2158973,-120.2451697,840663,,2018-12-31,10,0,Zillow ZIP-level market for Olympic Valley; mapped with Census 2020 ZCTA 96146 in Placer County.,,,,
95668 Pleasant Grove,zcta,95668,Pleasant Grove,38.8275549,-121.4951816,581832,,2018-12-31,10,0,Zillow ZIP-level market for Pleasant Grove; mapped with Census 2020 ZCTA 95668 in Placer County.,,,,
96148 Tahoe Vista,zcta,96148,Tahoe Vista,39.249777,-120.0575895,642497,,2018-12-31,10,0,Zillow ZIP-level market for Tahoe Vista; mapped with Census 2020 ZCTA 96148 in Placer County.,,,,
96140 Carnelian Bay,zcta,96140,Carnelian Bay,39.2320185,-120.0963996,740424,,2018-12-31,10,0,Zillow ZIP-level market for Carnelian Bay; mapped with Census 2020 ZCTA 96140 in Placer County.,,,,
96142 Tahoma,zcta,96142,Tahoma,38.9986311,-120.1038814,592569,,2018-12-31,10,0,Zillow ZIP-level market for Tahoma; mapped with Census 2020 ZCTA 96142 in Placer County.,,,,
95703 Applegate,zcta,95703,Applegate,38.9890274,-120.9877751,449586,,2018-12-31,10,0,Zillow ZIP-level market for Applegate; mapped with Census 2020 ZCTA 95703 in Placer County.,,,,
95681 Sheridan,zcta,95681,Sheridan,38.9980915,-121.354198,376353,,2018-12-31,10,0,Zillow ZIP-level market for Sheridan; mapped with Census 2020 ZCTA 95681 in Placer County.,,,,
95701 Alta,zcta,95701,Alta,39.226549,-120.7670224,353536,,2018-12-31,10,0,Zillow ZIP-level market for Alta; mapped with Census 2020 ZCTA 95701 in Placer County.,,,,
95715 nan,zcta,95715,nan,39.2766508,-120.644012,285189,,2018-12-31,10,0,Zillow ZIP-level market for nan; mapped with Census 2020 ZCTA 95715 in Placer County.,,,,
95728 Soda Springs,zcta,95728,Soda Springs,39.2946534,-120.4014066,547860,,2018-12-31,10,0,Zillow ZIP-level market for Soda Springs; mapped with Census 2020 ZCTA 95728 in Placer County.,,,,
95714 Dutch Flat,zcta,95714,Dutch Flat,39.2011586,-120.8367976,316610,,2018-12-31,10,0,Zillow ZIP-level market for Dutch Flat; mapped with Census 2020 ZCTA 95714 in Placer County.,,,,
96141 Homewood,zcta,96141,Homewood,39.0989284,-120.2052313,866302,,2018-12-31,10,0,Zillow ZIP-level market for Homewood; mapped with Census 2020 ZCTA 96141 in Placer County.,,,,
95747 Roseville,zcta,95747,Roseville,38.7784212,-121.3688294,491723,2143,2019-01-31,10,0,Zillow ZIP-level market for Roseville; mapped with Census 2020 ZCTA 95747 in Placer County.,,2143,Zillow ZORI,
95648 Lincoln,zcta,95648,Lincoln,38.9228115,-121.3120046,484020,2085,2019-01-31,10,0,Zillow ZIP-level market for Lincoln; mapped with Census 2020 ZCTA 95648 in Placer County.,,2085,Zillow ZORI,
95678 Roseville,zcta,95678,Roseville,38.7653528,-121.2884731,413348,1628,2019-01-31,10,0,Zillow ZIP-level market for Roseville; mapped with Census 2020 ZCTA 95678 in Placer County.,,1628,Zillow ZORI,
95765 Rocklin,zcta,95765,Rocklin,38.8197384,-121.2783211,546012,1893,2019-01-31,10,0,Zillow ZIP-level market for Rocklin; mapped with Census 2020 ZCTA 95765 in Placer County.,,1893,Zillow ZORI,
95661 Roseville,zcta,95661,Roseville,38.7412743,-121.2492663,492017,,2019-01-31,10,0,Zillow ZIP-level market for Roseville; mapped with Census 2020 ZCTA 95661 in Placer County.,,,,
95603 Auburn,zcta,95603,Auburn,38.911346,-121.0857601,480426,,2019-01-31,10,0,Zillow ZIP-level market for Auburn; mapped with Census 2020 ZCTA 95603 in Placer County.,,,,
95677 Rocklin,zcta,95677,Rocklin,38.79292,-121.232006,477130,,2019-01-31,10,0,Zillow ZIP-level market for Rocklin; mapped with Census 2020 ZCTA 95677 in Placer County.,,,,
95746 Granite Bay,zcta,95746,Granite Bay,38.7469238,-121.1664336,775666,,2019-01-31,10,0,Zillow ZIP-level market for Granite Bay; mapped with Census 2020 ZCTA 95746 in Placer County.,,,,
95602 Auburn,zcta,95602,Auburn,38.9914911,-121.1035441,529309,,2019-01-31,10,0,Zillow ZIP-level market for Auburn; mapped with Census 2020 ZCTA 95602 in Placer County.,,,,
95650 Loomis,zcta,95650,Loomis,38.8091745,-121.171375,626635,,2019-01-31,10,0,Zillow ZIP-level market for Loomis; mapped with Census 2020 ZCTA 95650 in Placer County.,,,,
95713 Colfax,zcta,95713,Colfax,39.0813467,-120.9323895,404040,,2019-01-31,10,0,Zillow ZIP-level market for Colfax; mapped with Census 2020 ZCTA 95713 in Placer County.,,,,
95658 Newcastle,zcta,95658,Newcastle,38.8811828,-121.1690138,640767,,2019-01-31,10,0,Zillow ZIP-level market for Newcastle; mapped with Census 2020 ZCTA 95658 in Placer County.,,,,
95722 Meadow Vista,zcta,95722,Meadow Vista,39.0098006,-121.0347072,529691,,2019-01-31,10,0,Zillow ZIP-level market for Meadow Vista; mapped with Census 2020 ZCTA 95722 in Placer County.,,,,
95631 Foresthill,zcta,95631,Foresthill,39.0549436,-120.7539748,396756,,2019-01-31,10,0,Zillow ZIP-level market for Foresthill; mapped with Census 2020 ZCTA 95631 in Placer County.,,,,
96143 Kings Beach,zcta,96143,Kings Beach,39.2605746,-120.0262906,531933,,2019-01-31,10,0,Zillow ZIP-level market for Kings Beach; mapped with Census 2020 ZCTA 96143 in Placer County.,,,,
95663 Penryn,zcta,95663,Penryn,38.8573725,-121.1825262,644766,,2019-01-31,10,0,Zillow ZIP-level market for Penryn; mapped with Census 2020 ZCTA 95663 in Placer County.,,,,
96145 Tahoe City,zcta,96145,Tahoe City,39.1809984,-120.151396,807509,,2019-01-31,10,0,Zillow ZIP-level market for Tahoe City; mapped with Census 2020 ZCTA 96145 in Placer County.,,,,
96146 Olympic Valley,zcta,96146,Olympic Valley,39.2158973,-120.2451697,844952,,2019-01-31,10,0,Zillow ZIP-level market for Olympic Valley; mapped with Census 2020 ZCTA 96146 in Placer County.,,,,
95668 Pleasant Grove,zcta,95668,Pleasant Grove,38.8275549,-121.4951816,583049,,2019-01-31,10,0,Zillow ZIP-level market for Pleasant Grove; mapped with Census 2020 ZCTA 95668 in Placer County.,,,,
96148 Tahoe Vista,zcta,96148,Tahoe Vista,39.249777,-120.0575895,647006,,2019-01-31,10,0,Zillow ZIP-level market for Tahoe Vista; mapped with Census 2020 ZCTA 96148 in Placer County.,,,,
96140 Carnelian Bay,zcta,96140,Carnelian Bay,39.2320185,-120.0963996,738897,,2019-01-31,10,0,Zillow ZIP-level market for Carnelian Bay; mapped with Census 2020 ZCTA 96140 in Placer County.,,,,
96142 Tahoma,zcta,96142,Tahoma,38.9986311,-120.1038814,593854,,2019-01-31,10,0,Zillow ZIP-level market for Tahoma; mapped with Census 2020 ZCTA 96142 in Placer County.,,,,
95703 Applegate,zcta,95703,Applegate,38.9890274,-120.9877751,449368,,2019-01-31,10,0,Zillow ZIP-level market for Applegate; mapped with Census 2020 ZCTA 95703 in Placer County.,,,,
95681 Sheridan,zcta,95681,Sheridan,38.9980915,-121.354198,377044,,2019-01-31,10,0,Zillow ZIP-level market for Sheridan; mapped with Census 2020 ZCTA 95681 in Placer County.,,,,
95701 Alta,zcta,95701,Alta,39.226549,-120.7670224,354038,,2019-01-31,10,0,Zillow ZIP-level market for Alta; mapped with Census 2020 ZCTA 95701 in Placer County.,,,,
95715 nan,zcta,95715,nan,39.2766508,-120.644012,284582,,2019-01-31,10,0,Zillow ZIP-level market for nan; mapped with Census 2020 ZCTA 95715 in Placer County.,,,,
95728 Soda Springs,zcta,95728,Soda Springs,39.2946534,-120.4014066,549057,,2019-01-31,10,0,Zillow ZIP-level market for Soda Springs; mapped with Census 2020 ZCTA 95728 in Placer County.,,,,
95714 Dutch Flat,zcta,95714,Dutch Flat,39.2011586,-120.8367976,318047,,2019-01-31,10,0,Zillow ZIP-level market for Dutch Flat; mapped with Census 2020 ZCTA 95714 in Placer County.,,,,
96141 Homewood,zcta,96141,Homewood,39.0989284,-120.2052313,861222,,2019-01-31,10,0,Zillow ZIP-level market for Homewood; mapped with Census 2020 ZCTA 96141 in Placer County.,,,,
95747 Roseville,zcta,95747,Roseville,38.7784212,-121.3688294,494580,2155,2019-02-28,10,0,Zillow ZIP-level market for Roseville; mapped with Census 2020 ZCTA 95747 in Placer County.,,2155,Zillow ZORI,
95648 Lincoln,zcta,95648,Lincoln,38.9228115,-121.3120046,486739,2098,2019-02-28,10,0,Zillow ZIP-level market for Lincoln; mapped with Census 2020 ZCTA 95648 in Placer County.,,2098,Zillow ZORI,
95678 Roseville,zcta,95678,Roseville,38.7653528,-121.2884731,415828,1653,2019-02-28,10,0,Zillow ZIP-level market for Roseville; mapped with Census 2020 ZCTA 95678 in Placer County.,,1653,Zillow ZORI,
95765 Rocklin,zcta,95765,Rocklin,38.8197384,-121.2783211,549463,1887,2019-02-28,10,0,Zillow ZIP-level market for Rocklin; mapped with Census 2020 ZCTA 95765 in Placer County.,,1887,Zillow ZORI,
95661 Roseville,zcta,95661,Roseville,38.7412743,-121.2492663,494885,,2019-02-28,10,0,Zillow ZIP-level market for Roseville; mapped with Census 2020 ZCTA 95661 in Placer County.,,,,
95603 Auburn,zcta,95603,Auburn,38.911346,-121.0857601,482551,,2019-02-28,10,0,Zillow ZIP-level market for Auburn; mapped with Census 2020 ZCTA 95603 in Placer County.,,,,
95677 Rocklin,zcta,95677,Rocklin,38.79292,-121.232006,480508,1650,2019-02-28,10,0,Zillow ZIP-level market for Rocklin; mapped with Census 2020 ZCTA 95677 in Placer County.,,1650,Zillow ZORI,
95746 Granite Bay,zcta,95746,Granite Bay,38.7469238,-121.1664336,779547,,2019-02-28,10,0,Zillow ZIP-level market for Granite Bay; mapped with Census 2020 ZCTA 95746 in Placer County.,,,,
95602 Auburn,zcta,95602,Auburn,38.9914911,-121.1035441,529930,,2019-02-28,10,0,Zillow ZIP-level market for Auburn; mapped with Census 2020 ZCTA 95602 in Placer County.,,,,
95650 Loomis,zcta,95650,Loomis,38.8091745,-121.171375,628960,,2019-02-28,10,0,Zillow ZIP-level market for Loomis; mapped with Census 2020 ZCTA 95650 in Placer County.,,,,
95713 Colfax,zcta,95713,Colfax,39.0813467,-120.9323895,405398,,2019-02-28,10,0,Zillow ZIP-level market for Colfax; mapped with Census 2020 ZCTA 95713 in Placer County.,,,,
95658 Newcastle,zcta,95658,Newcastle,38.8811828,-121.1690138,641563,,2019-02-28,10,0,Zillow ZIP-level market for Newcastle; mapped with Census 2020 ZCTA 95658 in Placer County.,,,,
95722 Meadow Vista,zcta,95722,Meadow Vista,39.0098006,-121.0347072,531513,,2019-02-28,10,0,Zillow ZIP-level market for Meadow Vista; mapped with Census 2020 ZCTA 95722 in Placer County.,,,,
95631 Foresthill,zcta,95631,Foresthill,39.0549436,-120.7539748,398216,,2019-02-28,10,0,Zillow ZIP-level market for Foresthill; mapped with Census 2020 ZCTA 95631 in Placer County.,,,,
96143 Kings Beach,zcta,96143,Kings Beach,39.2605746,-120.0262906,535283,,2019-02-28,10,0,Zillow ZIP-level market for Kings Beach; mapped with Census 2020 ZCTA 96143 in Placer County.,,,,
95663 Penryn,zcta,95663,Penryn,38.8573725,-121.1825262,644845,,2019-02-28,10,0,Zillow ZIP-level market for Penryn; mapped with Census 2020 ZCTA 95663 in Placer County.,,,,
96145 Tahoe City,zcta,96145,Tahoe City,39.1809984,-120.151396,810418,,2019-02-28,10,0,Zillow ZIP-level market for Tahoe City; mapped with Census 2020 ZCTA 96145 in Placer County.,,,,
96146 Olympic Valley,zcta,96146,Olympic Valley,39.2158973,-120.2451697,847121,,2019-02-28,10,0,Zillow ZIP-level market for Olympic Valley; mapped with Census 2020 ZCTA 96146 in Placer County.,,,,
95668 Pleasant Grove,zcta,95668,Pleasant Grove,38.8275549,-121.4951816,585051,,2019-02-28,10,0,Zillow ZIP-level market for Pleasant Grove; mapped with Census 2020 ZCTA 95668 in Placer County.,,,,
96148 Tahoe Vista,zcta,96148,Tahoe Vista,39.249777,-120.0575895,650980,,2019-02-28,10,0,Zillow ZIP-level market for Tahoe Vista; mapped with Census 2020 ZCTA 96148 in Placer County.,,,,
96140 Carnelian Bay,zcta,96140,Carnelian Bay,39.2320185,-120.0963996,740278,,2019-02-28,10,0,Zillow ZIP-level market for Carnelian Bay; mapped with Census 2020 ZCTA 96140 in Placer County.,,,,
96142 Tahoma,zcta,96142,Tahoma,38.9986311,-120.1038814,596652,,2019-02-28,10,0,Zillow ZIP-level market for Tahoma; mapped with Census 2020 ZCTA 96142 in Placer County.,,,,
95703 Applegate,zcta,95703,Applegate,38.9890274,-120.9877751,450547,,2019-02-28,10,0,Zillow ZIP-level market for Applegate; mapped with Census 2020 ZCTA 95703 in Placer County.,,,,
95681 Sheridan,zcta,95681,Sheridan,38.9980915,-121.354198,378888,,2019-02-28,10,0,Zillow ZIP-level market for Sheridan; mapped with Census 2020 ZCTA 95681 in Placer County.,,,,
95701 Alta,zcta,95701,Alta,39.226549,-120.7670224,356906,,2019-02-28,10,0,Zillow ZIP-level market for Alta; mapped with Census 2020 ZCTA 95701 in Placer County.,,,,
95715 nan,zcta,95715,nan,39.2766508,-120.644012,286506,,2019-02-28,10,0,Zillow ZIP-level market for nan; mapped with Census 2020 ZCTA 95715 in Placer County.,,,,
95728 Soda Springs,zcta,95728,Soda Springs,39.2946534,-120.4014066,551082,,2019-02-28,10,0,Zillow ZIP-level market for Soda Springs; mapped with Census 2020 ZCTA 95728 in Placer County.,,,,
95714 Dutch Flat,zcta,95714,Dutch Flat,39.2011586,-120.8367976,321111,,2019-02-28,10,0,Zillow ZIP-level market for Dutch Flat; mapped with Census 2020 ZCTA 95714 in Placer County.,,,,
96141 Homewood,zcta,96141,Homewood,39.0989284,-120.2052313,859064,,2019-02-28,10,0,Zillow ZIP-level market for Homewood; mapped with Census 2020 ZCTA 96141 in Placer County.,,,,
95747 Roseville,zcta,95747,Roseville,38.7784212,-121.3688294,497939,2136,2019-03-31,10,0,Zillow ZIP-level market for Roseville; mapped with Census 2020 ZCTA 95747 in Placer County.,,2136,Zillow ZORI,
95648 Lincoln,zcta,95648,Lincoln,38.9228115,-121.3120046,490061,2117,2019-03-31,10,0,Zillow ZIP-level market for Lincoln; mapped with Census 2020 ZCTA 95648 in Placer County.,,2117,Zillow ZORI,
95678 Roseville,zcta,95678,Roseville,38.7653528,-121.2884731,418842,1661,2019-03-31,10,0,Zillow ZIP-level market for Roseville; mapped with Census 2020 ZCTA 95678 in Placer County.,,1661,Zillow ZORI,
95765 Rocklin,zcta,95765,Rocklin,38.8197384,-121.2783211,553477,1904,2019-03-31,10,0,Zillow ZIP-level market for Rocklin; mapped with Census 2020 ZCTA 95765 in Placer County.,,1904,Zillow ZORI,
95661 Roseville,zcta,95661,Roseville,38.7412743,-121.2492663,498207,1581,2019-03-31,10,0,Zillow ZIP-level market for Roseville; mapped with Census 2020 ZCTA 95661 in Placer County.,,1581,Zillow ZORI,
95603 Auburn,zcta,95603,Auburn,38.911346,-121.0857601,486202,,2019-03-31,10,0,Zillow ZIP-level market for Auburn; mapped with Census 2020 ZCTA 95603 in Placer County.,,,,
95677 Rocklin,zcta,95677,Rocklin,38.79292,-121.232006,484737,1682,2019-03-31,10,0,Zillow ZIP-level market for Rocklin; mapped with Census 2020 ZCTA 95677 in Placer County.,,1682,Zillow ZORI,
95746 Granite Bay,zcta,95746,Granite Bay,38.7469238,-121.1664336,785915,,2019-03-31,10,0,Zillow ZIP-level market for Granite Bay; mapped with Census 2020 ZCTA 95746 in Placer County.,,,,
95602 Auburn,zcta,95602,Auburn,38.9914911,-121.1035441,532113,,2019-03-31,10,0,Zillow ZIP-level market for Auburn; mapped with Census 2020 ZCTA 95602 in Placer County.,,,,
95650 Loomis,zcta,95650,Loomis,38.8091745,-121.171375,633683,,2019-03-31,10,0,Zillow ZIP-level market for Loomis; mapped with Census 2020 ZCTA 95650 in Placer County.,,,,
95713 Colfax,zcta,95713,Colfax,39.0813467,-120.9323895,408124,,2019-03-31,10,0,Zillow ZIP-level market for Colfax; mapped with Census 2020 ZCTA 95713 in Placer County.,,,,
95658 Newcastle,zcta,95658,Newcastle,38.8811828,-121.1690138,644503,,2019-03-31,10,0,Zillow ZIP-level market for Newcastle; mapped with Census 2020 ZCTA 95658 in Placer County.,,,,
95722 Meadow Vista,zcta,95722,Meadow Vista,39.0098006,-121.0347072,534964,,2019-03-31,10,0,Zillow ZIP-level market for Meadow Vista; mapped with Census 2020 ZCTA 95722 in Placer County.,,,,
95631 Foresthill,zcta,95631,Foresthill,39.0549436,-120.7539748,400890,,2019-03-31,10,0,Zillow ZIP-level market for Foresthill; mapped with Census 2020 ZCTA 95631 in Placer County.,,,,
96143 Kings Beach,zcta,96143,Kings Beach,39.2605746,-120.0262906,540601,,2019-03-31,10,0,Zillow ZIP-level market for Kings Beach; mapped with Census 2020 ZCTA 96143 in Placer County.,,,,
95663 Penryn,zcta,95663,Penryn,38.8573725,-121.1825262,647688,,2019-03-31,10,0,Zillow ZIP-level market for Penryn; mapped with Census 2020 ZCTA 95663 in Placer County.,,,,
96145 Tahoe City,zcta,96145,Tahoe City,39.1809984,-120.151396,815835,,2019-03-31,10,0,Zillow ZIP-level market for Tahoe City; mapped with Census 2020 ZCTA 96145 in Placer County.,,,,
96146 Olympic Valley,zcta,96146,Olympic Valley,39.2158973,-120.2451697,851563,,2019-03-31,10,0,Zillow ZIP-level market for Olympic Valley; mapped with Census 2020 ZCTA 96146 in Placer County.,,,,
95668 Pleasant Grove,zcta,95668,Pleasant Grove,38.8275549,-121.4951816,586766,,2019-03-31,10,0,Zillow ZIP-level market for Pleasant Grove; mapped with Census 2020 ZCTA 95668 in Placer County.,,,,
96148 Tahoe Vista,zcta,96148,Tahoe Vista,39.249777,-120.0575895,654670,,2019-03-31,10,0,Zillow ZIP-level market for Tahoe Vista; mapped with Census 2020 ZCTA 96148 in Placer County.,,,,
96140 Carnelian Bay,zcta,96140,Carnelian Bay,39.2320185,-120.0963996,746236,,2019-03-31,10,0,Zillow ZIP-level market for Carnelian Bay; mapped with Census 2020 ZCTA 96140 in Placer County.,,,,
96142 Tahoma,zcta,96142,Tahoma,38.9986311,-120.1038814,600111,,2019-03-31,10,0,Zillow ZIP-level market for Tahoma; mapped with Census 2020 ZCTA 96142 in Placer County.,,,,
95703 Applegate,zcta,95703,Applegate,38.9890274,-120.9877751,452722,,2019-03-31,10,0,Zillow ZIP-level market for Applegate; mapped with Census 2020 ZCTA 95703 in Placer County.,,,,
95681 Sheridan,zcta,95681,Sheridan,38.9980915,-121.354198,382509,,2019-03-31,10,0,Zillow ZIP-level market for Sheridan; mapped with Census 2020 ZCTA 95681 in Placer County.,,,,
95701 Alta,zcta,95701,Alta,39.226549,-120.7670224,360225,,2019-03-31,10,0,Zillow ZIP-level market for Alta; mapped with Census 2020 ZCTA 95701 in Placer County.,,,,
95715 nan,zcta,95715,nan,39.2766508,-120.644012,291048,,2019-03-31,10,0,Zillow ZIP-level market for nan; mapped with Census 2020 ZCTA 95715 in Placer County.,,,,
95728 Soda Springs,zcta,95728,Soda Springs,39.2946534,-120.4014066,552844,,2019-03-31,10,0,Zillow ZIP-level market for Soda Springs; mapped with Census 2020 ZCTA 95728 in Placer County.,,,,
95714 Dutch Flat,zcta,95714,Dutch Flat,39.2011586,-120.8367976,324492,,2019-03-31,10,0,Zillow ZIP-level market for Dutch Flat; mapped with Census 2020 ZCTA 95714 in Placer County.,,,,
96141 Homewood,zcta,96141,Homewood,39.0989284,-120.2052313,863248,,2019-03-31,10,0,Zillow ZIP-level market for Homewood; mapped with Census 2020 ZCTA 96141 in Placer County.,,,,
95747 Roseville,zcta,95747,Roseville,38.7784212,-121.3688294,501097,2159,2019-04-30,10,0,Zillow ZIP-level market for Roseville; mapped with Census 2020 ZCTA 95747 in Placer County.,,2159,Zillow ZORI,
95648 Lincoln,zcta,95648,Lincoln,38.9228115,-121.3120046,493258,2134,2019-04-30,10,0,Zillow ZIP-level market for Lincoln; mapped with Census 2020 ZCTA 95648 in Placer County.,,2134,Zillow ZORI,
95678 Roseville,zcta,95678,Roseville,38.7653528,-121.2884731,421392,1664,2019-04-30,10,0,Zillow ZIP-level market for Roseville; mapped with Census 2020 ZCTA 95678 in Placer County.,,1664,Zillow ZORI,
95765 Rocklin,zcta,95765,Rocklin,38.8197384,-121.2783211,557040,1917,2019-04-30,10,0,Zillow ZIP-level market for Rocklin; mapped with Census 2020 ZCTA 95765 in Placer County.,,1917,Zillow ZORI,
95661 Roseville,zcta,95661,Roseville,38.7412743,-121.2492663,501651,1586,2019-04-30,10,0,Zillow ZIP-level market for Roseville; mapped with Census 2020 ZCTA 95661 in Placer County.,,1586,Zillow ZORI,
95603 Auburn,zcta,95603,Auburn,38.911346,-121.0857601,490046,,2019-04-30,10,0,Zillow ZIP-level market for Auburn; mapped with Census 2020 ZCTA 95603 in Placer County.,,,,
95677 Rocklin,zcta,95677,Rocklin,38.79292,-121.232006,489051,1677,2019-04-30,10,0,Zillow ZIP-level market for Rocklin; mapped with Census 2020 ZCTA 95677 in Placer County.,,1677,Zillow ZORI,
95746 Granite Bay,zcta,95746,Granite Bay,38.7469238,-121.1664336,792576,,2019-04-30,10,0,Zillow ZIP-level market for Granite Bay; mapped with Census 2020 ZCTA 95746 in Placer County.,,,,
95602 Auburn,zcta,95602,Auburn,38.9914911,-121.1035441,535217,,2019-04-30,10,0,Zillow ZIP-level market for Auburn; mapped with Census 2020 ZCTA 95602 in Placer County.,,,,
95650 Loomis,zcta,95650,Loomis,38.8091745,-121.171375,638859,,2019-04-30,10,0,Zillow ZIP-level market for Loomis; mapped with Census 2020 ZCTA 95650 in Placer County.,,,,
95713 Colfax,zcta,95713,Colfax,39.0813467,-120.9323895,411349,,2019-04-30,10,0,Zillow ZIP-level market for Colfax; mapped with Census 2020 ZCTA 95713 in Placer County.,,,,
95658 Newcastle,zcta,95658,Newcastle,38.8811828,-121.1690138,649080,,2019-04-30,10,0,Zillow ZIP-level market for Newcastle; mapped with Census 2020 ZCTA 95658 in Placer County.,,,,
95722 Meadow Vista,zcta,95722,Meadow Vista,39.0098006,-121.0347072,539833,,2019-04-30,10,0,Zillow ZIP-level market for Meadow Vista; mapped with Census 2020 ZCTA 95722 in Placer County.,,,,
95631 Foresthill,zcta,95631,Foresthill,39.0549436,-120.7539748,404113,,2019-04-30,10,0,Zillow ZIP-level market for Foresthill; mapped with Census 2020 ZCTA 95631 in Placer County.,,,,
96143 Kings Beach,zcta,96143,Kings Beach,39.2605746,-120.0262906,548086,,2019-04-30,10,0,Zillow ZIP-level market for Kings Beach; mapped with Census 2020 ZCTA 96143 in Placer County.,,,,
95663 Penryn,zcta,95663,Penryn,38.8573725,-121.1825262,652354,,2019-04-30,10,0,Zillow ZIP-level market for Penryn; mapped with Census 2020 ZCTA 95663 in Placer County.,,,,
96145 Tahoe City,zcta,96145,Tahoe City,39.1809984,-120.151396,822836,,2019-04-30,10,0,Zillow ZIP-level market for Tahoe City; mapped with Census 2020 ZCTA 96145 in Placer County.,,,,
96146 Olympic Valley,zcta,96146,Olympic Valley,39.2158973,-120.2451697,856540,,2019-04-30,10,0,Zillow ZIP-level market for Olympic Valley; mapped with Census 2020 ZCTA 96146 in Placer County.,,,,
95668 Pleasant Grove,zcta,95668,Pleasant Grove,38.8275549,-121.4951816,588940,,2019-04-30,10,0,Zillow ZIP-level market for Pleasant Grove; mapped with Census 2020 ZCTA 95668 in Placer County.,,,,
96148 Tahoe Vista,zcta,96148,Tahoe Vista,39.249777,-120.0575895,658804,,2019-04-30,10,0,Zillow ZIP-level market for Tahoe Vista; mapped with Census 2020 ZCTA 96148 in Placer County.,,,,
96140 Carnelian Bay,zcta,96140,Carnelian Bay,39.2320185,-120.0963996,755706,,2019-04-30,10,0,Zillow ZIP-level market for Carnelian Bay; mapped with Census 2020 ZCTA 96140 in Placer County.,,,,
96142 Tahoma,zcta,96142,Tahoma,38.9986311,-120.1038814,603077,,2019-04-30,10,0,Zillow ZIP-level market for Tahoma; mapped with Census 2020 ZCTA 96142 in Placer County.,,,,
95703 Applegate,zcta,95703,Applegate,38.9890274,-120.9877751,454995,,2019-04-30,10,0,Zillow ZIP-level market for Applegate; mapped with Census 2020 ZCTA 95703 in Placer County.,,,,
95681 Sheridan,zcta,95681,Sheridan,38.9980915,-121.354198,387386,,2019-04-30,10,0,Zillow ZIP-level market for Sheridan; mapped with Census 2020 ZCTA 95681 in Placer County.,,,,
95701 Alta,zcta,95701,Alta,39.226549,-120.7670224,363159,,2019-04-30,10,0,Zillow ZIP-level market for Alta; mapped with Census 2020 ZCTA 95701 in Placer County.,,,,
95715 nan,zcta,95715,nan,39.2766508,-120.644012,294898,,2019-04-30,10,0,Zillow ZIP-level market for nan; mapped with Census 2020 ZCTA 95715 in Placer County.,,,,
95728 Soda Springs,zcta,95728,Soda Springs,39.2946534,-120.4014066,555564,,2019-04-30,10,0,Zillow ZIP-level market for Soda Springs; mapped with Census 2020 ZCTA 95728 in Placer County.,,,,
95714 Dutch Flat,zcta,95714,Dutch Flat,39.2011586,-120.8367976,326989,,2019-04-30,10,0,Zillow ZIP-level market for Dutch Flat; mapped with Census 2020 ZCTA 95714 in Placer County.,,,,
96141 Homewood,zcta,96141,Homewood,39.0989284,-120.2052313,871034,,2019-04-30,10,0,Zillow ZIP-level market for Homewood; mapped with Census 2020 ZCTA 96141 in Placer County.,,,,
95747 Roseville,zcta,95747,Roseville,38.7784212,-121.3688294,503377,2177,2019-05-31,10,0,Zillow ZIP-level market for Roseville; mapped with Census 2020 ZCTA 95747 in Placer County.,,2177,Zillow ZORI,
95648 Lincoln,zcta,95648,Lincoln,38.9228115,-121.3120046,495446,2130,2019-05-31,10,0,Zillow ZIP-level market for Lincoln; mapped with Census 2020 ZCTA 95648 in Placer County.,,2130,Zillow ZORI,
95678 Roseville,zcta,95678,Roseville,38.7653528,-121.2884731,422877,1684,2019-05-31,10,0,Zillow ZIP-level market for Roseville; mapped with Census 2020 ZCTA 95678 in Placer County.,,1684,Zillow ZORI,
95765 Rocklin,zcta,95765,Rocklin,38.8197384,-121.2783211,559173,1959,2019-05-31,10,0,Zillow ZIP-level market for Rocklin; mapped with Census 2020 ZCTA 95765 in Placer County.,,1959,Zillow ZORI,
95661 Roseville,zcta,95661,Roseville,38.7412743,-121.2492663,504167,1600,2019-05-31,10,0,Zillow ZIP-level market for Roseville; mapped with Census 2020 ZCTA 95661 in Placer County.,,1600,Zillow ZORI,
95603 Auburn,zcta,95603,Auburn,38.911346,-121.0857601,493232,,2019-05-31,10,0,Zillow ZIP-level market for Auburn; mapped with Census 2020 ZCTA 95603 in Placer County.,,,,
95677 Rocklin,zcta,95677,Rocklin,38.79292,-121.232006,492015,1698,2019-05-31,10,0,Zillow ZIP-level market for Rocklin; mapped with Census 2020 ZCTA 95677 in Placer County.,,1698,Zillow ZORI,
95746 Granite Bay,zcta,95746,Granite Bay,38.7469238,-121.1664336,799003,,2019-05-31,10,0,Zillow ZIP-level market for Granite Bay; mapped with Census 2020 ZCTA 95746 in Placer County.,,,,
95602 Auburn,zcta,95602,Auburn,38.9914911,-121.1035441,538419,,2019-05-31,10,0,Zillow ZIP-level market for Auburn; mapped with Census 2020 ZCTA 95602 in Placer County.,,,,
95650 Loomis,zcta,95650,Loomis,38.8091745,-121.171375,643931,,2019-05-31,10,0,Zillow ZIP-level market for Loomis; mapped with Census 2020 ZCTA 95650 in Placer County.,,,,
95713 Colfax,zcta,95713,Colfax,39.0813467,-120.9323895,413932,,2019-05-31,10,0,Zillow ZIP-level market for Colfax; mapped with Census 2020 ZCTA 95713 in Placer County.,,,,
95658 Newcastle,zcta,95658,Newcastle,38.8811828,-121.1690138,653502,,2019-05-31,10,0,Zillow ZIP-level market for Newcastle; mapped with Census 2020 ZCTA 95658 in Placer County.,,,,
95722 Meadow Vista,zcta,95722,Meadow Vista,39.0098006,-121.0347072,543768,,2019-05-31,10,0,Zillow ZIP-level market for Meadow Vista; mapped with Census 2020 ZCTA 95722 in Placer County.,,,,
95631 Foresthill,zcta,95631,Foresthill,39.0549436,-120.7539748,406525,,2019-05-31,10,0,Zillow ZIP-level market for Foresthill; mapped with Census 2020 ZCTA 95631 in Placer County.,,,,
96143 Kings Beach,zcta,96143,Kings Beach,39.2605746,-120.0262906,554641,,2019-05-31,10,0,Zillow ZIP-level market for Kings Beach; mapped with Census 2020 ZCTA 96143 in Placer County.,,,,
95663 Penryn,zcta,95663,Penryn,38.8573725,-121.1825262,657194,,2019-05-31,10,0,Zillow ZIP-level market for Penryn; mapped with Census 2020 ZCTA 95663 in Placer County.,,,,
96145 Tahoe City,zcta,96145,Tahoe City,39.1809984,-120.151396,828413,,2019-05-31,10,0,Zillow ZIP-level market for Tahoe City; mapped with Census 2020 ZCTA 96145 in Placer County.,,,,
96146 Olympic Valley,zcta,96146,Olympic Valley,39.2158973,-120.2451697,861322,,2019-05-31,10,0,Zillow ZIP-level market for Olympic Valley; mapped with Census 2020 ZCTA 96146 in Placer County.,,,,
95668 Pleasant Grove,zcta,95668,Pleasant Grove,38.8275549,-121.4951816,594031,,2019-05-31,10,0,Zillow ZIP-level market for Pleasant Grove; mapped with Census 2020 ZCTA 95668 in Placer County.,,,,
96148 Tahoe Vista,zcta,96148,Tahoe Vista,39.249777,-120.0575895,663932,,2019-05-31,10,0,Zillow ZIP-level market for Tahoe Vista; mapped with Census 2020 ZCTA 96148 in Placer County.,,,,
96140 Carnelian Bay,zcta,96140,Carnelian Bay,39.2320185,-120.0963996,763513,,2019-05-31,10,0,Zillow ZIP-level market for Carnelian Bay; mapped with Census 2020 ZCTA 96140 in Placer County.,,,,
96142 Tahoma,zcta,96142,Tahoma,38.9986311,-120.1038814,605604,,2019-05-31,10,0,Zillow ZIP-level market for Tahoma; mapped with Census 2020 ZCTA 96142 in Placer County.,,,,
95703 Applegate,zcta,95703,Applegate,38.9890274,-120.9877751,457119,,2019-05-31,10,0,Zillow ZIP-level market for Applegate; mapped with Census 2020 ZCTA 95703 in Placer County.,,,,
95681 Sheridan,zcta,95681,Sheridan,38.9980915,-121.354198,391984,,2019-05-31,10,0,Zillow ZIP-level market for Sheridan; mapped with Census 2020 ZCTA 95681 in Placer County.,,,,
95701 Alta,zcta,95701,Alta,39.226549,-120.7670224,365095,,2019-05-31,10,0,Zillow ZIP-level market for Alta; mapped with Census 2020 ZCTA 95701 in Placer County.,,,,
95715 nan,zcta,95715,nan,39.2766508,-120.644012,298543,,2019-05-31,10,0,Zillow ZIP-level market for nan; mapped with Census 2020 ZCTA 95715 in Placer County.,,,,
95728 Soda Springs,zcta,95728,Soda Springs,39.2946534,-120.4014066,555278,,2019-05-31,10,0,Zillow ZIP-level market for Soda Springs; mapped with Census 2020 ZCTA 95728 in Placer County.,,,,
95714 Dutch Flat,zcta,95714,Dutch Flat,39.2011586,-120.8367976,328675,,2019-05-31,10,0,Zillow ZIP-level market for Dutch Flat; mapped with Census 2020 ZCTA 95714 in Placer County.,,,,
96141 Homewood,zcta,96141,Homewood,39.0989284,-120.2052313,878440,,2019-05-31,10,0,Zillow ZIP-level market for Homewood; mapped with Census 2020 ZCTA 96141 in Placer County.,,,,
95747 Roseville,zcta,95747,Roseville,38.7784212,-121.3688294,504889,2209,2019-06-30,10,0,Zillow ZIP-level market for Roseville; mapped with Census 2020 ZCTA 95747 in Placer County.,,2209,Zillow ZORI,
95648 Lincoln,zcta,95648,Lincoln,38.9228115,-121.3120046,496808,2151,2019-06-30,10,0,Zillow ZIP-level market for Lincoln; mapped with Census 2020 ZCTA 95648 in Placer County.,,2151,Zillow ZORI,
95678 Roseville,zcta,95678,Roseville,38.7653528,-121.2884731,423829,1710,2019-06-30,10,0,Zillow ZIP-level market for Roseville; mapped with Census 2020 ZCTA 95678 in Placer County.,,1710,Zillow ZORI,
95765 Rocklin,zcta,95765,Rocklin,38.8197384,-121.2783211,559963,1978,2019-06-30,10,0,Zillow ZIP-level market for Rocklin; mapped with Census 2020 ZCTA 95765 in Placer County.,,1978,Zillow ZORI,
95661 Roseville,zcta,95661,Roseville,38.7412743,-121.2492663,505994,1611,2019-06-30,10,0,Zillow ZIP-level market for Roseville; mapped with Census 2020 ZCTA 95661 in Placer County.,,1611,Zillow ZORI,
95603 Auburn,zcta,95603,Auburn,38.911346,-121.0857601,495249,,2019-06-30,10,0,Zillow ZIP-level market for Auburn; mapped with Census 2020 ZCTA 95603 in Placer County.,,,,
95677 Rocklin,zcta,95677,Rocklin,38.79292,-121.232006,493573,1700,2019-06-30,10,0,Zillow ZIP-level market for Rocklin; mapped with Census 2020 ZCTA 95677 in Placer County.,,1700,Zillow ZORI,
95746 Granite Bay,zcta,95746,Granite Bay,38.7469238,-121.1664336,803790,,2019-06-30,10,0,Zillow ZIP-level market for Granite Bay; mapped with Census 2020 ZCTA 95746 in Placer County.,,,,
95602 Auburn,zcta,95602,Auburn,38.9914911,-121.1035441,540626,,2019-06-30,10,0,Zillow ZIP-level market for Auburn; mapped with Census 2020 ZCTA 95602 in Placer County.,,,,
95650 Loomis,zcta,95650,Loomis,38.8091745,-121.171375,647463,,2019-06-30,10,0,Zillow ZIP-level market for Loomis; mapped with Census 2020 ZCTA 95650 in Placer County.,,,,
95713 Colfax,zcta,95713,Colfax,39.0813467,-120.9323895,415250,,2019-06-30,10,0,Zillow ZIP-level market for Colfax; mapped with Census 2020 ZCTA 95713 in Placer County.,,,,
95658 Newcastle,zcta,95658,Newcastle,38.8811828,-121.1690138,655843,,2019-06-30,10,0,Zillow ZIP-level market for Newcastle; mapped with Census 2020 ZCTA 95658 in Placer County.,,,,
95722 Meadow Vista,zcta,95722,Meadow Vista,39.0098006,-121.0347072,546523,,2019-06-30,10,0,Zillow ZIP-level market for Meadow Vista; mapped with Census 2020 ZCTA 95722 in Placer County.,,,,
95631 Foresthill,zcta,95631,Foresthill,39.0549436,-120.7539748,407352,,2019-06-30,10,0,Zillow ZIP-level market for Foresthill; mapped with Census 2020 ZCTA 95631 in Placer County.,,,,
96143 Kings Beach,zcta,96143,Kings Beach,39.2605746,-120.0262906,557945,,2019-06-30,10,0,Zillow ZIP-level market for Kings Beach; mapped with Census 2020 ZCTA 96143 in Placer County.,,,,
95663 Penryn,zcta,95663,Penryn,38.8573725,-121.1825262,660551,,2019-06-30,10,0,Zillow ZIP-level market for Penryn; mapped with Census 2020 ZCTA 95663 in Placer County.,,,,
96145 Tahoe City,zcta,96145,Tahoe City,39.1809984,-120.151396,832834,,2019-06-30,10,0,Zillow ZIP-level market for Tahoe City; mapped with Census 2020 ZCTA 96145 in Placer County.,,,,
96146 Olympic Valley,zcta,96146,Olympic Valley,39.2158973,-120.2451697,865067,,2019-06-30,10,0,Zillow ZIP-level market for Olympic Valley; mapped with Census 2020 ZCTA 96146 in Placer County.,,,,
95668 Pleasant Grove,zcta,95668,Pleasant Grove,38.8275549,-121.4951816,598864,,2019-06-30,10,0,Zillow ZIP-level market for Pleasant Grove; mapped with Census 2020 ZCTA 95668 in Placer County.,,,,
96148 Tahoe Vista,zcta,96148,Tahoe Vista,39.249777,-120.0575895,668170,,2019-06-30,10,0,Zillow ZIP-level market for Tahoe Vista; mapped with Census 2020 ZCTA 96148 in Placer County.,,,,
96140 Carnelian Bay,zcta,96140,Carnelian Bay,39.2320185,-120.0963996,770451,,2019-06-30,10,0,Zillow ZIP-level market for Carnelian Bay; mapped with Census 2020 ZCTA 96140 in Placer County.,,,,
96142 Tahoma,zcta,96142,Tahoma,38.9986311,-120.1038814,607669,,2019-06-30,10,0,Zillow ZIP-level market for Tahoma; mapped with Census 2020 ZCTA 96142 in Placer County.,,,,
95703 Applegate,zcta,95703,Applegate,38.9890274,-120.9877751,458662,,2019-06-30,10,0,Zillow ZIP-level market for Applegate; mapped with Census 2020 ZCTA 95703 in Placer County.,,,,
95681 Sheridan,zcta,95681,Sheridan,38.9980915,-121.354198,395829,,2019-06-30,10,0,Zillow ZIP-level market for Sheridan; mapped with Census 2020 ZCTA 95681 in Placer County.,,,,
95701 Alta,zcta,95701,Alta,39.226549,-120.7670224,367087,,2019-06-30,10,0,Zillow ZIP-level market for Alta; mapped with Census 2020 ZCTA 95701 in Placer County.,,,,
95715 nan,zcta,95715,nan,39.2766508,-120.644012,302455,,2019-06-30,10,0,Zillow ZIP-level market for nan; mapped with Census 2020 ZCTA 95715 in Placer County.,,,,
95728 Soda Springs,zcta,95728,Soda Springs,39.2946534,-120.4014066,554370,,2019-06-30,10,0,Zillow ZIP-level market for Soda Springs; mapped with Census 2020 ZCTA 95728 in Placer County.,,,,
95714 Dutch Flat,zcta,95714,Dutch Flat,39.2011586,-120.8367976,329913,,2019-06-30,10,0,Zillow ZIP-level market for Dutch Flat; mapped with Census 2020 ZCTA 95714 in Placer County.,,,,
96141 Homewood,zcta,96141,Homewood,39.0989284,-120.2052313,885581,,2019-06-30,10,0,Zillow ZIP-level market for Homewood; mapped with Census 2020 ZCTA 96141 in Placer County.,,,,
95747 Roseville,zcta,95747,Roseville,38.7784212,-121.3688294,505588,2215,2019-07-31,10,0,Zillow ZIP-level market for Roseville; mapped with Census 2020 ZCTA 95747 in Placer County.,,2215,Zillow ZORI,
95648 Lincoln,zcta,95648,Lincoln,38.9228115,-121.3120046,497337,2173,2019-07-31,10,0,Zillow ZIP-level market for Lincoln; mapped with Census 2020 ZCTA 95648 in Placer County.,,2173,Zillow ZORI,
95678 Roseville,zcta,95678,Roseville,38.7653528,-121.2884731,424350,1739,2019-07-31,10,0,Zillow ZIP-level market for Roseville; mapped with Census 2020 ZCTA 95678 in Placer County.,,1739,Zillow ZORI,
95765 Rocklin,zcta,95765,Rocklin,38.8197384,-121.2783211,559828,1981,2019-07-31,10,0,Zillow ZIP-level market for Rocklin; mapped with Census 2020 ZCTA 95765 in Placer County.,,1981,Zillow ZORI,
95661 Roseville,zcta,95661,Roseville,38.7412743,-121.2492663,506525,1622,2019-07-31,10,0,Zillow ZIP-level market for Roseville; mapped with Census 2020 ZCTA 95661 in Placer County.,,1622,Zillow ZORI,
95603 Auburn,zcta,95603,Auburn,38.911346,-121.0857601,495637,,2019-07-31,10,0,Zillow ZIP-level market for Auburn; mapped with Census 2020 ZCTA 95603 in Placer County.,,,,
95677 Rocklin,zcta,95677,Rocklin,38.79292,-121.232006,493559,1715,2019-07-31,10,0,Zillow ZIP-level market for Rocklin; mapped with Census 2020 ZCTA 95677 in Placer County.,,1715,Zillow ZORI,
95746 Granite Bay,zcta,95746,Granite Bay,38.7469238,-121.1664336,805196,,2019-07-31,10,0,Zillow ZIP-level market for Granite Bay; mapped with Census 2020 ZCTA 95746 in Placer County.,,,,
95602 Auburn,zcta,95602,Auburn,38.9914911,-121.1035441,540842,,2019-07-31,10,0,Zillow ZIP-level market for Auburn; mapped with Census 2020 ZCTA 95602 in Placer County.,,,,
95650 Loomis,zcta,95650,Loomis,38.8091745,-121.171375,648851,,2019-07-31,10,0,Zillow ZIP-level market for Loomis; mapped with Census 2020 ZCTA 95650 in Placer County.,,,,
95713 Colfax,zcta,95713,Colfax,39.0813467,-120.9323895,415101,,2019-07-31,10,0,Zillow ZIP-level market for Colfax; mapped with Census 2020 ZCTA 95713 in Placer County.,,,,
95658 Newcastle,zcta,95658,Newcastle,38.8811828,-121.1690138,656786,,2019-07-31,10,0,Zillow ZIP-level market for Newcastle; mapped with Census 2020 ZCTA 95658 in Placer County.,,,,
95722 Meadow Vista,zcta,95722,Meadow Vista,39.0098006,-121.0347072,547594,,2019-07-31,10,0,Zillow ZIP-level market for Meadow Vista; mapped with Census 2020 ZCTA 95722 in Placer County.,,,,
95631 Foresthill,zcta,95631,Foresthill,39.0549436,-120.7539748,407157,,2019-07-31,10,0,Zillow ZIP-level market for Foresthill; mapped with Census 2020 ZCTA 95631 in Placer County.,,,,
96143 Kings Beach,zcta,96143,Kings Beach,39.2605746,-120.0262906,557460,,2019-07-31,10,0,Zillow ZIP-level market for Kings Beach; mapped with Census 2020 ZCTA 96143 in Placer County.,,,,
95663 Penryn,zcta,95663,Penryn,38.8573725,-121.1825262,660706,,2019-07-31,10,0,Zillow ZIP-level market for Penryn; mapped with Census 2020 ZCTA 95663 in Placer County.,,,,
96145 Tahoe City,zcta,96145,Tahoe City,39.1809984,-120.151396,833825,,2019-07-31,10,0,Zillow ZIP-level market for Tahoe City; mapped with Census 2020 ZCTA 96145 in Placer County.,,,,
96146 Olympic Valley,zcta,96146,Olympic Valley,39.2158973,-120.2451697,864208,,2019-07-31,10,0,Zillow ZIP-level market for Olympic Valley; mapped with Census 2020 ZCTA 96146 in Placer County.,,,,
95668 Pleasant Grove,zcta,95668,Pleasant Grove,38.8275549,-121.4951816,601214,,2019-07-31,10,0,Zillow ZIP-level market for Pleasant Grove; mapped with Census 2020 ZCTA 95668 in Placer County.,,,,
96148 Tahoe Vista,zcta,96148,Tahoe Vista,39.249777,-120.0575895,667721,,2019-07-31,10,0,Zillow ZIP-level market for Tahoe Vista; mapped with Census 2020 ZCTA 96148 in Placer County.,,,,
96140 Carnelian Bay,zcta,96140,Carnelian Bay,39.2320185,-120.0963996,773456,,2019-07-31,10,0,Zillow ZIP-level market for Carnelian Bay; mapped with Census 2020 ZCTA 96140 in Placer County.,,,,
96142 Tahoma,zcta,96142,Tahoma,38.9986311,-120.1038814,607663,,2019-07-31,10,0,Zillow ZIP-level market for Tahoma; mapped with Census 2020 ZCTA 96142 in Placer County.,,,,
95703 Applegate,zcta,95703,Applegate,38.9890274,-120.9877751,459503,,2019-07-31,10,0,Zillow ZIP-level market for Applegate; mapped with Census 2020 ZCTA 95703 in Placer County.,,,,
95681 Sheridan,zcta,95681,Sheridan,38.9980915,-121.354198,398619,,2019-07-31,10,0,Zillow ZIP-level market for Sheridan; mapped with Census 2020 ZCTA 95681 in Placer County.,,,,
95701 Alta,zcta,95701,Alta,39.226549,-120.7670224,368864,,2019-07-31,10,0,Zillow ZIP-level market for Alta; mapped with Census 2020 ZCTA 95701 in Placer County.,,,,
95715 nan,zcta,95715,nan,39.2766508,-120.644012,306331,,2019-07-31,10,0,Zillow ZIP-level market for nan; mapped with Census 2020 ZCTA 95715 in Placer County.,,,,
95728 Soda Springs,zcta,95728,Soda Springs,39.2946534,-120.4014066,552618,,2019-07-31,10,0,Zillow ZIP-level market for Soda Springs; mapped with Census 2020 ZCTA 95728 in Placer County.,,,,
95714 Dutch Flat,zcta,95714,Dutch Flat,39.2011586,-120.8367976,330966,,2019-07-31,10,0,Zillow ZIP-level market for Dutch Flat; mapped with Census 2020 ZCTA 95714 in Placer County.,,,,
96141 Homewood,zcta,96141,Homewood,39.0989284,-120.2052313,889754,,2019-07-31,10,0,Zillow ZIP-level market for Homewood; mapped with Census 2020 ZCTA 96141 in Placer County.,,,,
95747 Roseville,zcta,95747,Roseville,38.7784212,-121.3688294,505636,2222,2019-08-31,10,0,Zillow ZIP-level market for Roseville; mapped with Census 2020 ZCTA 95747 in Placer County.,,2222,Zillow ZORI,
95648 Lincoln,zcta,95648,Lincoln,38.9228115,-121.3120046,497683,2193,2019-08-31,10,0,Zillow ZIP-level market for Lincoln; mapped with Census 2020 ZCTA 95648 in Placer County.,,2193,Zillow ZORI,
95678 Roseville,zcta,95678,Roseville,38.7653528,-121.2884731,424676,1743,2019-08-31,10,0,Zillow ZIP-level market for Roseville; mapped with Census 2020 ZCTA 95678 in Placer County.,,1743,Zillow ZORI,
95765 Rocklin,zcta,95765,Rocklin,38.8197384,-121.2783211,559239,1958,2019-08-31,10,0,Zillow ZIP-level market for Rocklin; mapped with Census 2020 ZCTA 95765 in Placer County.,,1958,Zillow ZORI,
95661 Roseville,zcta,95661,Roseville,38.7412743,-121.2492663,506690,1630,2019-08-31,10,0,Zillow ZIP-level market for Roseville; mapped with Census 2020 ZCTA 95661 in Placer County.,,1630,Zillow ZORI,
95603 Auburn,zcta,95603,Auburn,38.911346,-121.0857601,495749,,2019-08-31,10,0,Zillow ZIP-level market for Auburn; mapped with Census 2020 ZCTA 95603 in Placer County.,,,,
95677 Rocklin,zcta,95677,Rocklin,38.79292,-121.232006,493350,1712,2019-08-31,10,0,Zillow ZIP-level market for Rocklin; mapped with Census 2020 ZCTA 95677 in Placer County.,,1712,Zillow ZORI,
95746 Granite Bay,zcta,95746,Granite Bay,38.7469238,-121.1664336,804772,,2019-08-31,10,0,Zillow ZIP-level market for Granite Bay; mapped with Census 2020 ZCTA 95746 in Placer County.,,,,
95602 Auburn,zcta,95602,Auburn,38.9914911,-121.1035441,540526,,2019-08-31,10,0,Zillow ZIP-level market for Auburn; mapped with Census 2020 ZCTA 95602 in Placer County.,,,,
95650 Loomis,zcta,95650,Loomis,38.8091745,-121.171375,648209,,2019-08-31,10,0,Zillow ZIP-level market for Loomis; mapped with Census 2020 ZCTA 95650 in Placer County.,,,,
95713 Colfax,zcta,95713,Colfax,39.0813467,-120.9323895,414299,,2019-08-31,10,0,Zillow ZIP-level market for Colfax; mapped with Census 2020 ZCTA 95713 in Placer County.,,,,
95658 Newcastle,zcta,95658,Newcastle,38.8811828,-121.1690138,656789,,2019-08-31,10,0,Zillow ZIP-level market for Newcastle; mapped with Census 2020 ZCTA 95658 in Placer County.,,,,
95722 Meadow Vista,zcta,95722,Meadow Vista,39.0098006,-121.0347072,547170,,2019-08-31,10,0,Zillow ZIP-level market for Meadow Vista; mapped with Census 2020 ZCTA 95722 in Placer County.,,,,
95631 Foresthill,zcta,95631,Foresthill,39.0549436,-120.7539748,407383,,2019-08-31,10,0,Zillow ZIP-level market for Foresthill; mapped with Census 2020 ZCTA 95631 in Placer County.,,,,
96143 Kings Beach,zcta,96143,Kings Beach,39.2605746,-120.0262906,555859,,2019-08-31,10,0,Zillow ZIP-level market for Kings Beach; mapped with Census 2020 ZCTA 96143 in Placer County.,,,,
95663 Penryn,zcta,95663,Penryn,38.8573725,-121.1825262,659181,,2019-08-31,10,0,Zillow ZIP-level market for Penryn; mapped with Census 2020 ZCTA 95663 in Placer County.,,,,
96145 Tahoe City,zcta,96145,Tahoe City,39.1809984,-120.151396,834711,,2019-08-31,10,0,Zillow ZIP-level market for Tahoe City; mapped with Census 2020 ZCTA 96145 in Placer County.,,,,
96146 Olympic Valley,zcta,96146,Olympic Valley,39.2158973,-120.2451697,863030,,2019-08-31,10,0,Zillow ZIP-level market for Olympic Valley; mapped with Census 2020 ZCTA 96146 in Placer County.,,,,
95668 Pleasant Grove,zcta,95668,Pleasant Grove,38.8275549,-121.4951816,603200,,2019-08-31,10,0,Zillow ZIP-level market for Pleasant Grove; mapped with Census 2020 ZCTA 95668 in Placer County.,,,,
96148 Tahoe Vista,zcta,96148,Tahoe Vista,39.249777,-120.0575895,664819,,2019-08-31,10,0,Zillow ZIP-level market for Tahoe Vista; mapped with Census 2020 ZCTA 96148 in Placer County.,,,,
96140 Carnelian Bay,zcta,96140,Carnelian Bay,39.2320185,-120.0963996,773827,,2019-08-31,10,0,Zillow ZIP-level market for Carnelian Bay; mapped with Census 2020 ZCTA 96140 in Placer County.,,,,
96142 Tahoma,zcta,96142,Tahoma,38.9986311,-120.1038814,606584,,2019-08-31,10,0,Zillow ZIP-level market for Tahoma; mapped with Census 2020 ZCTA 96142 in Placer County.,,,,
95703 Applegate,zcta,95703,Applegate,38.9890274,-120.9877751,459891,,2019-08-31,10,0,Zillow ZIP-level market for Applegate; mapped with Census 2020 ZCTA 95703 in Placer County.,,,,
95681 Sheridan,zcta,95681,Sheridan,38.9980915,-121.354198,400177,,2019-08-31,10,0,Zillow ZIP-level market for Sheridan; mapped with Census 2020 ZCTA 95681 in Placer County.,,,,
95701 Alta,zcta,95701,Alta,39.226549,-120.7670224,369911,,2019-08-31,10,0,Zillow ZIP-level market for Alta; mapped with Census 2020 ZCTA 95701 in Placer County.,,,,
95715 nan,zcta,95715,nan,39.2766508,-120.644012,309377,,2019-08-31,10,0,Zillow ZIP-level market for nan; mapped with Census 2020 ZCTA 95715 in Placer County.,,,,
95728 Soda Springs,zcta,95728,Soda Springs,39.2946534,-120.4014066,553381,,2019-08-31,10,0,Zillow ZIP-level market for Soda Springs; mapped with Census 2020 ZCTA 95728 in Placer County.,,,,
95714 Dutch Flat,zcta,95714,Dutch Flat,39.2011586,-120.8367976,330823,,2019-08-31,10,0,Zillow ZIP-level market for Dutch Flat; mapped with Census 2020 ZCTA 95714 in Placer County.,,,,
96141 Homewood,zcta,96141,Homewood,39.0989284,-120.2052313,893602,,2019-08-31,10,0,Zillow ZIP-level market for Homewood; mapped with Census 2020 ZCTA 96141 in Placer County.,,,,
95747 Roseville,zcta,95747,Roseville,38.7784212,-121.3688294,505619,2217,2019-09-30,10,0,Zillow ZIP-level market for Roseville; mapped with Census 2020 ZCTA 95747 in Placer County.,,2217,Zillow ZORI,
95648 Lincoln,zcta,95648,Lincoln,38.9228115,-121.3120046,498328,2209,2019-09-30,10,0,Zillow ZIP-level market for Lincoln; mapped with Census 2020 ZCTA 95648 in Placer County.,,2209,Zillow ZORI,
95678 Roseville,zcta,95678,Roseville,38.7653528,-121.2884731,425103,1723,2019-09-30,10,0,Zillow ZIP-level market for Roseville; mapped with Census 2020 ZCTA 95678 in Placer County.,,1723,Zillow ZORI,
95765 Rocklin,zcta,95765,Rocklin,38.8197384,-121.2783211,559156,1960,2019-09-30,10,0,Zillow ZIP-level market for Rocklin; mapped with Census 2020 ZCTA 95765 in Placer County.,,1960,Zillow ZORI,
95661 Roseville,zcta,95661,Roseville,38.7412743,-121.2492663,506925,1626,2019-09-30,10,0,Zillow ZIP-level market for Roseville; mapped with Census 2020 ZCTA 95661 in Placer County.,,1626,Zillow ZORI,
95603 Auburn,zcta,95603,Auburn,38.911346,-121.0857601,495302,,2019-09-30,10,0,Zillow ZIP-level market for Auburn; mapped with Census 2020 ZCTA 95603 in Placer County.,,,,
95677 Rocklin,zcta,95677,Rocklin,38.79292,-121.232006,493808,1703,2019-09-30,10,0,Zillow ZIP-level market for Rocklin; mapped with Census 2020 ZCTA 95677 in Placer County.,,1703,Zillow ZORI,
95746 Granite Bay,zcta,95746,Granite Bay,38.7469238,-121.1664336,803535,,2019-09-30,10,0,Zillow ZIP-level market for Granite Bay; mapped with Census 2020 ZCTA 95746 in Placer County.,,,,
95602 Auburn,zcta,95602,Auburn,38.9914911,-121.1035441,539850,,2019-09-30,10,0,Zillow ZIP-level market for Auburn; mapped with Census 2020 ZCTA 95602 in Placer County.,,,,
95650 Loomis,zcta,95650,Loomis,38.8091745,-121.171375,646011,,2019-09-30,10,0,Zillow ZIP-level market for Loomis; mapped with Census 2020 ZCTA 95650 in Placer County.,,,,
95713 Colfax,zcta,95713,Colfax,39.0813467,-120.9323895,413035,,2019-09-30,10,0,Zillow ZIP-level market for Colfax; mapped with Census 2020 ZCTA 95713 in Placer County.,,,,
95658 Newcastle,zcta,95658,Newcastle,38.8811828,-121.1690138,656361,,2019-09-30,10,0,Zillow ZIP-level market for Newcastle; mapped with Census 2020 ZCTA 95658 in Placer County.,,,,
95722 Meadow Vista,zcta,95722,Meadow Vista,39.0098006,-121.0347072,545754,,2019-09-30,10,0,Zillow ZIP-level market for Meadow Vista; mapped with Census 2020 ZCTA 95722 in Placer County.,,,,
95631 Foresthill,zcta,95631,Foresthill,39.0549436,-120.7539748,407747,,2019-09-30,10,0,Zillow ZIP-level market for Foresthill; mapped with Census 2020 ZCTA 95631 in Placer County.,,,,
96143 Kings Beach,zcta,96143,Kings Beach,39.2605746,-120.0262906,554488,,2019-09-30,10,0,Zillow ZIP-level market for Kings Beach; mapped with Census 2020 ZCTA 96143 in Placer County.,,,,
95663 Penryn,zcta,95663,Penryn,38.8573725,-121.1825262,656581,,2019-09-30,10,0,Zillow ZIP-level market for Penryn; mapped with Census 2020 ZCTA 95663 in Placer County.,,,,
96145 Tahoe City,zcta,96145,Tahoe City,39.1809984,-120.151396,831775,,2019-09-30,10,0,Zillow ZIP-level market for Tahoe City; mapped with Census 2020 ZCTA 96145 in Placer County.,,,,
96146 Olympic Valley,zcta,96146,Olympic Valley,39.2158973,-120.2451697,860020,,2019-09-30,10,0,Zillow ZIP-level market for Olympic Valley; mapped with Census 2020 ZCTA 96146 in Placer County.,,,,
95668 Pleasant Grove,zcta,95668,Pleasant Grove,38.8275549,-121.4951816,603832,,2019-09-30,10,0,Zillow ZIP-level market for Pleasant Grove; mapped with Census 2020 ZCTA 95668 in Placer County.,,,,
96148 Tahoe Vista,zcta,96148,Tahoe Vista,39.249777,-120.0575895,660824,,2019-09-30,10,0,Zillow ZIP-level market for Tahoe Vista; mapped with Census 2020 ZCTA 96148 in Placer County.,,,,
96140 Carnelian Bay,zcta,96140,Carnelian Bay,39.2320185,-120.0963996,771220,,2019-09-30,10,0,Zillow ZIP-level market for Carnelian Bay; mapped with Census 2020 ZCTA 96140 in Placer County.,,,,
96142 Tahoma,zcta,96142,Tahoma,38.9986311,-120.1038814,603808,,2019-09-30,10,0,Zillow ZIP-level market for Tahoma; mapped with Census 2020 ZCTA 96142 in Placer County.,,,,
95703 Applegate,zcta,95703,Applegate,38.9890274,-120.9877751,460182,,2019-09-30,10,0,Zillow ZIP-level market for Applegate; mapped with Census 2020 ZCTA 95703 in Placer County.,,,,
95681 Sheridan,zcta,95681,Sheridan,38.9980915,-121.354198,399290,,2019-09-30,10,0,Zillow ZIP-level market for Sheridan; mapped with Census 2020 ZCTA 95681 in Placer County.,,,,
95701 Alta,zcta,95701,Alta,39.226549,-120.7670224,369266,,2019-09-30,10,0,Zillow ZIP-level market for Alta; mapped with Census 2020 ZCTA 95701 in Placer County.,,,,
95715 nan,zcta,95715,nan,39.2766508,-120.644012,309732,,2019-09-30,10,0,Zillow ZIP-level market for nan; mapped with Census 2020 ZCTA 95715 in Placer County.,,,,
95728 Soda Springs,zcta,95728,Soda Springs,39.2946534,-120.4014066,554230,,2019-09-30,10,0,Zillow ZIP-level market for Soda Springs; mapped with Census 2020 ZCTA 95728 in Placer County.,,,,
95714 Dutch Flat,zcta,95714,Dutch Flat,39.2011586,-120.8367976,329928,,2019-09-30,10,0,Zillow ZIP-level market for Dutch Flat; mapped with Census 2020 ZCTA 95714 in Placer County.,,,,
96141 Homewood,zcta,96141,Homewood,39.0989284,-120.2052313,889950,,2019-09-30,10,0,Zillow ZIP-level market for Homewood; mapped with Census 2020 ZCTA 96141 in Placer County.,,,,
95747 Roseville,zcta,95747,Roseville,38.7784212,-121.3688294,506223,2203,2019-10-31,10,0,Zillow ZIP-level market for Roseville; mapped with Census 2020 ZCTA 95747 in Placer County.,,2203,Zillow ZORI,
95648 Lincoln,zcta,95648,Lincoln,38.9228115,-121.3120046,499764,2187,2019-10-31,10,0,Zillow ZIP-level market for Lincoln; mapped with Census 2020 ZCTA 95648 in Placer County.,,2187,Zillow ZORI,
95678 Roseville,zcta,95678,Roseville,38.7653528,-121.2884731,426130,1713,2019-10-31,10,0,Zillow ZIP-level market for Roseville; mapped with Census 2020 ZCTA 95678 in Placer County.,,1713,Zillow ZORI,
95765 Rocklin,zcta,95765,Rocklin,38.8197384,-121.2783211,560209,1963,2019-10-31,10,0,Zillow ZIP-level market for Rocklin; mapped with Census 2020 ZCTA 95765 in Placer County.,,1963,Zillow ZORI,
95661 Roseville,zcta,95661,Roseville,38.7412743,-121.2492663,508199,1622,2019-10-31,10,0,Zillow ZIP-level market for Roseville; mapped with Census 2020 ZCTA 95661 in Placer County.,,1622,Zillow ZORI,
95603 Auburn,zcta,95603,Auburn,38.911346,-121.0857601,495158,,2019-10-31,10,0,Zillow ZIP-level market for Auburn; mapped with Census 2020 ZCTA 95603 in Placer County.,,,,
95677 Rocklin,zcta,95677,Rocklin,38.79292,-121.232006,495285,1723,2019-10-31,10,0,Zillow ZIP-level market for Rocklin; mapped with Census 2020 ZCTA 95677 in Placer County.,,1723,Zillow ZORI,
95746 Granite Bay,zcta,95746,Granite Bay,38.7469238,-121.1664336,803964,,2019-10-31,10,0,Zillow ZIP-level market for Granite Bay; mapped with Census 2020 ZCTA 95746 in Placer County.,,,,
95602 Auburn,zcta,95602,Auburn,38.9914911,-121.1035441,540018,,2019-10-31,10,0,Zillow ZIP-level market for Auburn; mapped with Census 2020 ZCTA 95602 in Placer County.,,,,
95650 Loomis,zcta,95650,Loomis,38.8091745,-121.171375,644515,,2019-10-31,10,0,Zillow ZIP-level market for Loomis; mapped with Census 2020 ZCTA 95650 in Placer County.,,,,
95713 Colfax,zcta,95713,Colfax,39.0813467,-120.9323895,412914,,2019-10-31,10,0,Zillow ZIP-level market for Colfax; mapped with Census 2020 ZCTA 95713 in Placer County.,,,,
95658 Newcastle,zcta,95658,Newcastle,38.8811828,-121.1690138,655378,,2019-10-31,10,0,Zillow ZIP-level market for Newcastle; mapped with Census 2020 ZCTA 95658 in Placer County.,,,,
95722 Meadow Vista,zcta,95722,Meadow Vista,39.0098006,-121.0347072,544247,,2019-10-31,10,0,Zillow ZIP-level market for Meadow Vista; mapped with Census 2020 ZCTA 95722 in Placer County.,,,,
95631 Foresthill,zcta,95631,Foresthill,39.0549436,-120.7539748,408250,,2019-10-31,10,0,Zillow ZIP-level market for Foresthill; mapped with Census 2020 ZCTA 95631 in Placer County.,,,,
96143 Kings Beach,zcta,96143,Kings Beach,39.2605746,-120.0262906,554251,,2019-10-31,10,0,Zillow ZIP-level market for Kings Beach; mapped with Census 2020 ZCTA 96143 in Placer County.,,,,
95663 Penryn,zcta,95663,Penryn,38.8573725,-121.1825262,655490,,2019-10-31,10,0,Zillow ZIP-level market for Penryn; mapped with Census 2020 ZCTA 95663 in Placer County.,,,,
96145 Tahoe City,zcta,96145,Tahoe City,39.1809984,-120.151396,829156,,2019-10-31,10,0,Zillow ZIP-level market for Tahoe City; mapped with Census 2020 ZCTA 96145 in Placer County.,,,,
96146 Olympic Valley,zcta,96146,Olympic Valley,39.2158973,-120.2451697,859674,,2019-10-31,10,0,Zillow ZIP-level market for Olympic Valley; mapped with Census 2020 ZCTA 96146 in Placer County.,,,,
95668 Pleasant Grove,zcta,95668,Pleasant Grove,38.8275549,-121.4951816,608368,,2019-10-31,10,0,Zillow ZIP-level market for Pleasant Grove; mapped with Census 2020 ZCTA 95668 in Placer County.,,,,
96148 Tahoe Vista,zcta,96148,Tahoe Vista,39.249777,-120.0575895,658090,,2019-10-31,10,0,Zillow ZIP-level market for Tahoe Vista; mapped with Census 2020 ZCTA 96148 in Placer County.,,,,
96140 Carnelian Bay,zcta,96140,Carnelian Bay,39.2320185,-120.0963996,768053,,2019-10-31,10,0,Zillow ZIP-level market for Carnelian Bay; mapped with Census 2020 ZCTA 96140 in Placer County.,,,,
96142 Tahoma,zcta,96142,Tahoma,38.9986311,-120.1038814,601409,,2019-10-31,10,0,Zillow ZIP-level market for Tahoma; mapped with Census 2020 ZCTA 96142 in Placer County.,,,,
95703 Applegate,zcta,95703,Applegate,38.9890274,-120.9877751,461020,,2019-10-31,10,0,Zillow ZIP-level market for Applegate; mapped with Census 2020 ZCTA 95703 in Placer County.,,,,
95681 Sheridan,zcta,95681,Sheridan,38.9980915,-121.354198,398884,,2019-10-31,10,0,Zillow ZIP-level market for Sheridan; mapped with Census 2020 ZCTA 95681 in Placer County.,,,,
95701 Alta,zcta,95701,Alta,39.226549,-120.7670224,368661,,2019-10-31,10,0,Zillow ZIP-level market for Alta; mapped with Census 2020 ZCTA 95701 in Placer County.,,,,
95715 nan,zcta,95715,nan,39.2766508,-120.644012,307983,,2019-10-31,10,0,Zillow ZIP-level market for nan; mapped with Census 2020 ZCTA 95715 in Placer County.,,,,
95728 Soda Springs,zcta,95728,Soda Springs,39.2946534,-120.4014066,554758,,2019-10-31,10,0,Zillow ZIP-level market for Soda Springs; mapped with Census 2020 ZCTA 95728 in Placer County.,,,,
95714 Dutch Flat,zcta,95714,Dutch Flat,39.2011586,-120.8367976,328983,,2019-10-31,10,0,Zillow ZIP-level market for Dutch Flat; mapped with Census 2020 ZCTA 95714 in Placer County.,,,,
96141 Homewood,zcta,96141,Homewood,39.0989284,-120.2052313,883535,,2019-10-31,10,0,Zillow ZIP-level market for Homewood; mapped with Census 2020 ZCTA 96141 in Placer County.,,,,
95747 Roseville,zcta,95747,Roseville,38.7784212,-121.3688294,507738,2183,2019-11-30,10,0,Zillow ZIP-level market for Roseville; mapped with Census 2020 ZCTA 95747 in Placer County.,,2183,Zillow ZORI,
95648 Lincoln,zcta,95648,Lincoln,38.9228115,-121.3120046,501311,2192,2019-11-30,10,0,Zillow ZIP-level market for Lincoln; mapped with Census 2020 ZCTA 95648 in Placer County.,,2192,Zillow ZORI,
95678 Roseville,zcta,95678,Roseville,38.7653528,-121.2884731,427916,1696,2019-11-30,10,0,Zillow ZIP-level market for Roseville; mapped with Census 2020 ZCTA 95678 in Placer County.,,1696,Zillow ZORI,
95765 Rocklin,zcta,95765,Rocklin,38.8197384,-121.2783211,562289,1974,2019-11-30,10,0,Zillow ZIP-level market for Rocklin; mapped with Census 2020 ZCTA 95765 in Placer County.,,1974,Zillow ZORI,
95661 Roseville,zcta,95661,Roseville,38.7412743,-121.2492663,509984,1616,2019-11-30,10,0,Zillow ZIP-level market for Roseville; mapped with Census 2020 ZCTA 95661 in Placer County.,,1616,Zillow ZORI,
95603 Auburn,zcta,95603,Auburn,38.911346,-121.0857601,495090,,2019-11-30,10,0,Zillow ZIP-level market for Auburn; mapped with Census 2020 ZCTA 95603 in Placer County.,,,,
95677 Rocklin,zcta,95677,Rocklin,38.79292,-121.232006,497610,1715,2019-11-30,10,0,Zillow ZIP-level market for Rocklin; mapped with Census 2020 ZCTA 95677 in Placer County.,,1715,Zillow ZORI,
95746 Granite Bay,zcta,95746,Granite Bay,38.7469238,-121.1664336,804593,,2019-11-30,10,0,Zillow ZIP-level market for Granite Bay; mapped with Census 2020 ZCTA 95746 in Placer County.,,,,
95602 Auburn,zcta,95602,Auburn,38.9914911,-121.1035441,539975,,2019-11-30,10,0,Zillow ZIP-level market for Auburn; mapped with Census 2020 ZCTA 95602 in Placer County.,,,,
95650 Loomis,zcta,95650,Loomis,38.8091745,-121.171375,644042,,2019-11-30,10,0,Zillow ZIP-level market for Loomis; mapped with Census 2020 ZCTA 95650 in Placer County.,,,,
95713 Colfax,zcta,95713,Colfax,39.0813467,-120.9323895,413591,,2019-11-30,10,0,Zillow ZIP-level market for Colfax; mapped with Census 2020 ZCTA 95713 in Placer County.,,,,
95658 Newcastle,zcta,95658,Newcastle,38.8811828,-121.1690138,654953,,2019-11-30,10,0,Zillow ZIP-level market for Newcastle; mapped with Census 2020 ZCTA 95658 in Placer County.,,,,
95722 Meadow Vista,zcta,95722,Meadow Vista,39.0098006,-121.0347072,543344,,2019-11-30,10,0,Zillow ZIP-level market for Meadow Vista; mapped with Census 2020 ZCTA 95722 in Placer County.,,,,
95631 Foresthill,zcta,95631,Foresthill,39.0549436,-120.7539748,408454,,2019-11-30,10,0,Zillow ZIP-level market for Foresthill; mapped with Census 2020 ZCTA 95631 in Placer County.,,,,
96143 Kings Beach,zcta,96143,Kings Beach,39.2605746,-120.0262906,555055,,2019-11-30,10,0,Zillow ZIP-level market for Kings Beach; mapped with Census 2020 ZCTA 96143 in Placer County.,,,,
95663 Penryn,zcta,95663,Penryn,38.8573725,-121.1825262,655723,,2019-11-30,10,0,Zillow ZIP-level market for Penryn; mapped with Census 2020 ZCTA 95663 in Placer County.,,,,
96145 Tahoe City,zcta,96145,Tahoe City,39.1809984,-120.151396,825219,,2019-11-30,10,0,Zillow ZIP-level market for Tahoe City; mapped with Census 2020 ZCTA 96145 in Placer County.,,,,
96146 Olympic Valley,zcta,96146,Olympic Valley,39.2158973,-120.2451697,857664,,2019-11-30,10,0,Zillow ZIP-level market for Olympic Valley; mapped with Census 2020 ZCTA 96146 in Placer County.,,,,
95668 Pleasant Grove,zcta,95668,Pleasant Grove,38.8275549,-121.4951816,611811,,2019-11-30,10,0,Zillow ZIP-level market for Pleasant Grove; mapped with Census 2020 ZCTA 95668 in Placer County.,,,,
96148 Tahoe Vista,zcta,96148,Tahoe Vista,39.249777,-120.0575895,656367,,2019-11-30,10,0,Zillow ZIP-level market for Tahoe Vista; mapped with Census 2020 ZCTA 96148 in Placer County.,,,,
96140 Carnelian Bay,zcta,96140,Carnelian Bay,39.2320185,-120.0963996,764591,,2019-11-30,10,0,Zillow ZIP-level market for Carnelian Bay; mapped with Census 2020 ZCTA 96140 in Placer County.,,,,
96142 Tahoma,zcta,96142,Tahoma,38.9986311,-120.1038814,600001,,2019-11-30,10,0,Zillow ZIP-level market for Tahoma; mapped with Census 2020 ZCTA 96142 in Placer County.,,,,
95703 Applegate,zcta,95703,Applegate,38.9890274,-120.9877751,462749,,2019-11-30,10,0,Zillow ZIP-level market for Applegate; mapped with Census 2020 ZCTA 95703 in Placer County.,,,,
95681 Sheridan,zcta,95681,Sheridan,38.9980915,-121.354198,399455,,2019-11-30,10,0,Zillow ZIP-level market for Sheridan; mapped with Census 2020 ZCTA 95681 in Placer County.,,,,
95701 Alta,zcta,95701,Alta,39.226549,-120.7670224,369598,,2019-11-30,10,0,Zillow ZIP-level market for Alta; mapped with Census 2020 ZCTA 95701 in Placer County.,,,,
95715 nan,zcta,95715,nan,39.2766508,-120.644012,306406,,2019-11-30,10,0,Zillow ZIP-level market for nan; mapped with Census 2020 ZCTA 95715 in Placer County.,,,,
95728 Soda Springs,zcta,95728,Soda Springs,39.2946534,-120.4014066,554881,,2019-11-30,10,0,Zillow ZIP-level market for Soda Springs; mapped with Census 2020 ZCTA 95728 in Placer County.,,,,
95714 Dutch Flat,zcta,95714,Dutch Flat,39.2011586,-120.8367976,328957,,2019-11-30,10,0,Zillow ZIP-level market for Dutch Flat; mapped with Census 2020 ZCTA 95714 in Placer County.,,,,
96141 Homewood,zcta,96141,Homewood,39.0989284,-120.2052313,875267,,2019-11-30,10,0,Zillow ZIP-level market for Homewood; mapped with Census 2020 ZCTA 96141 in Placer County.,,,,
95747 Roseville,zcta,95747,Roseville,38.7784212,-121.3688294,509540,2175,2019-12-31,10,0,Zillow ZIP-level market for Roseville; mapped with Census 2020 ZCTA 95747 in Placer County.,,2175,Zillow ZORI,
95648 Lincoln,zcta,95648,Lincoln,38.9228115,-121.3120046,503092,2186,2019-12-31,10,0,Zillow ZIP-level market for Lincoln; mapped with Census 2020 ZCTA 95648 in Placer County.,,2186,Zillow ZORI,
95678 Roseville,zcta,95678,Roseville,38.7653528,-121.2884731,430168,1691,2019-12-31,10,0,Zillow ZIP-level market for Roseville; mapped with Census 2020 ZCTA 95678 in Placer County.,,1691,Zillow ZORI,
95765 Rocklin,zcta,95765,Rocklin,38.8197384,-121.2783211,564980,1987,2019-12-31,10,0,Zillow ZIP-level market for Rocklin; mapped with Census 2020 ZCTA 95765 in Placer County.,,1987,Zillow ZORI,
95661 Roseville,zcta,95661,Roseville,38.7412743,-121.2492663,512241,1609,2019-12-31,10,0,Zillow ZIP-level market for Roseville; mapped with Census 2020 ZCTA 95661 in Placer County.,,1609,Zillow ZORI,
95603 Auburn,zcta,95603,Auburn,38.911346,-121.0857601,495756,,2019-12-31,10,0,Zillow ZIP-level market for Auburn; mapped with Census 2020 ZCTA 95603 in Placer County.,,,,
95677 Rocklin,zcta,95677,Rocklin,38.79292,-121.232006,500078,1719,2019-12-31,10,0,Zillow ZIP-level market for Rocklin; mapped with Census 2020 ZCTA 95677 in Placer County.,,1719,Zillow ZORI,
95746 Granite Bay,zcta,95746,Granite Bay,38.7469238,-121.1664336,805086,,2019-12-31,10,0,Zillow ZIP-level market for Granite Bay; mapped with Census 2020 ZCTA 95746 in Placer County.,,,,
95602 Auburn,zcta,95602,Auburn,38.9914911,-121.1035441,539788,,2019-12-31,10,0,Zillow ZIP-level market for Auburn; mapped with Census 2020 ZCTA 95602 in Placer County.,,,,
95650 Loomis,zcta,95650,Loomis,38.8091745,-121.171375,644909,,2019-12-31,10,0,Zillow ZIP-level market for Loomis; mapped with Census 2020 ZCTA 95650 in Placer County.,,,,
95713 Colfax,zcta,95713,Colfax,39.0813467,-120.9323895,414424,,2019-12-31,10,0,Zillow ZIP-level market for Colfax; mapped with Census 2020 ZCTA 95713 in Placer County.,,,,
95658 Newcastle,zcta,95658,Newcastle,38.8811828,-121.1690138,654530,,2019-12-31,10,0,Zillow ZIP-level market for Newcastle; mapped with Census 2020 ZCTA 95658 in Placer County.,,,,
95722 Meadow Vista,zcta,95722,Meadow Vista,39.0098006,-121.0347072,542204,,2019-12-31,10,0,Zillow ZIP-level market for Meadow Vista; mapped with Census 2020 ZCTA 95722 in Placer County.,,,,
95631 Foresthill,zcta,95631,Foresthill,39.0549436,-120.7539748,408556,,2019-12-31,10,0,Zillow ZIP-level market for Foresthill; mapped with Census 2020 ZCTA 95631 in Placer County.,,,,
96143 Kings Beach,zcta,96143,Kings Beach,39.2605746,-120.0262906,556419,,2019-12-31,10,0,Zillow ZIP-level market for Kings Beach; mapped with Census 2020 ZCTA 96143 in Placer County.,,,,
95663 Penryn,zcta,95663,Penryn,38.8573725,-121.1825262,656552,,2019-12-31,10,0,Zillow ZIP-level market for Penryn; mapped with Census 2020 ZCTA 95663 in Placer County.,,,,
96145 Tahoe City,zcta,96145,Tahoe City,39.1809984,-120.151396,822614,,2019-12-31,10,0,Zillow ZIP-level market for Tahoe City; mapped with Census 2020 ZCTA 96145 in Placer County.,,,,
96146 Olympic Valley,zcta,96146,Olympic Valley,39.2158973,-120.2451697,856584,,2019-12-31,10,0,Zillow ZIP-level market for Olympic Valley; mapped with Census 2020 ZCTA 96146 in Placer County.,,,,
95668 Pleasant Grove,zcta,95668,Pleasant Grove,38.8275549,-121.4951816,613777,,2019-12-31,10,0,Zillow ZIP-level market for Pleasant Grove; mapped with Census 2020 ZCTA 95668 in Placer County.,,,,
96148 Tahoe Vista,zcta,96148,Tahoe Vista,39.249777,-120.0575895,655818,,2019-12-31,10,0,Zillow ZIP-level market for Tahoe Vista; mapped with Census 2020 ZCTA 96148 in Placer County.,,,,
96140 Carnelian Bay,zcta,96140,Carnelian Bay,39.2320185,-120.0963996,760203,,2019-12-31,10,0,Zillow ZIP-level market for Carnelian Bay; mapped with Census 2020 ZCTA 96140 in Placer County.,,,,
96142 Tahoma,zcta,96142,Tahoma,38.9986311,-120.1038814,599699,,2019-12-31,10,0,Zillow ZIP-level market for Tahoma; mapped with Census 2020 ZCTA 96142 in Placer County.,,,,
95703 Applegate,zcta,95703,Applegate,38.9890274,-120.9877751,464542,,2019-12-31,10,0,Zillow ZIP-level market for Applegate; mapped with Census 2020 ZCTA 95703 in Placer County.,,,,
95681 Sheridan,zcta,95681,Sheridan,38.9980915,-121.354198,400914,,2019-12-31,10,0,Zillow ZIP-level market for Sheridan; mapped with Census 2020 ZCTA 95681 in Placer County.,,,,
95701 Alta,zcta,95701,Alta,39.226549,-120.7670224,371684,,2019-12-31,10,0,Zillow ZIP-level market for Alta; mapped with Census 2020 ZCTA 95701 in Placer County.,,,,
95715 nan,zcta,95715,nan,39.2766508,-120.644012,305114,,2019-12-31,10,0,Zillow ZIP-level market for nan; mapped with Census 2020 ZCTA 95715 in Placer County.,,,,
95728 Soda Springs,zcta,95728,Soda Springs,39.2946534,-120.4014066,555012,,2019-12-31,10,0,Zillow ZIP-level market for Soda Springs; mapped with Census 2020 ZCTA 95728 in Placer County.,,,,
95714 Dutch Flat,zcta,95714,Dutch Flat,39.2011586,-120.8367976,329699,,2019-12-31,10,0,Zillow ZIP-level market for Dutch Flat; mapped with Census 2020 ZCTA 95714 in Placer County.,,,,
96141 Homewood,zcta,96141,Homewood,39.0989284,-120.2052313,867413,,2019-12-31,10,0,Zillow ZIP-level market for Homewood; mapped with Census 2020 ZCTA 96141 in Placer County.,,,,
95747 Roseville,zcta,95747,Roseville,38.7784212,-121.3688294,511952,2173,2020-01-31,10,0,Zillow ZIP-level market for Roseville; mapped with Census 2020 ZCTA 95747 in Placer County.,,2173,Zillow ZORI,
95648 Lincoln,zcta,95648,Lincoln,38.9228115,-121.3120046,505401,2202,2020-01-31,10,0,Zillow ZIP-level market for Lincoln; mapped with Census 2020 ZCTA 95648 in Placer County.,,2202,Zillow ZORI,
95678 Roseville,zcta,95678,Roseville,38.7653528,-121.2884731,433211,1683,2020-01-31,10,0,Zillow ZIP-level market for Roseville; mapped with Census 2020 ZCTA 95678 in Placer County.,,1683,Zillow ZORI,
95765 Rocklin,zcta,95765,Rocklin,38.8197384,-121.2783211,568345,1965,2020-01-31,10,0,Zillow ZIP-level market for Rocklin; mapped with Census 2020 ZCTA 95765 in Placer County.,,1965,Zillow ZORI,
95661 Roseville,zcta,95661,Roseville,38.7412743,-121.2492663,514836,1597,2020-01-31,10,0,Zillow ZIP-level market for Roseville; mapped with Census 2020 ZCTA 95661 in Placer County.,,1597,Zillow ZORI,
95603 Auburn,zcta,95603,Auburn,38.911346,-121.0857601,497832,,2020-01-31,10,0,Zillow ZIP-level market for Auburn; mapped with Census 2020 ZCTA 95603 in Placer County.,,,,
95677 Rocklin,zcta,95677,Rocklin,38.79292,-121.232006,503359,1712,2020-01-31,10,0,Zillow ZIP-level market for Rocklin; mapped with Census 2020 ZCTA 95677 in Placer County.,,1712,Zillow ZORI,
95746 Granite Bay,zcta,95746,Granite Bay,38.7469238,-121.1664336,807178,,2020-01-31,10,0,Zillow ZIP-level market for Granite Bay; mapped with Census 2020 ZCTA 95746 in Placer County.,,,,
95602 Auburn,zcta,95602,Auburn,38.9914911,-121.1035441,541587,,2020-01-31,10,0,Zillow ZIP-level market for Auburn; mapped with Census 2020 ZCTA 95602 in Placer County.,,,,
95650 Loomis,zcta,95650,Loomis,38.8091745,-121.171375,647722,,2020-01-31,10,0,Zillow ZIP-level market for Loomis; mapped with Census 2020 ZCTA 95650 in Placer County.,,,,
95713 Colfax,zcta,95713,Colfax,39.0813467,-120.9323895,416151,,2020-01-31,10,0,Zillow ZIP-level market for Colfax; mapped with Census 2020 ZCTA 95713 in Placer County.,,,,
95658 Newcastle,zcta,95658,Newcastle,38.8811828,-121.1690138,656168,,2020-01-31,10,0,Zillow ZIP-level market for Newcastle; mapped with Census 2020 ZCTA 95658 in Placer County.,,,,
95722 Meadow Vista,zcta,95722,Meadow Vista,39.0098006,-121.0347072,543046,,2020-01-31,10,0,Zillow ZIP-level market for Meadow Vista; mapped with Census 2020 ZCTA 95722 in Placer County.,,,,
95631 Foresthill,zcta,95631,Foresthill,39.0549436,-120.7539748,410379,,2020-01-31,10,0,Zillow ZIP-level market for Foresthill; mapped with Census 2020 ZCTA 95631 in Placer County.,,,,
96143 Kings Beach,zcta,96143,Kings Beach,39.2605746,-120.0262906,556834,,2020-01-31,10,0,Zillow ZIP-level market for Kings Beach; mapped with Census 2020 ZCTA 96143 in Placer County.,,,,
95663 Penryn,zcta,95663,Penryn,38.8573725,-121.1825262,659645,,2020-01-31,10,0,Zillow ZIP-level market for Penryn; mapped with Census 2020 ZCTA 95663 in Placer County.,,,,
96145 Tahoe City,zcta,96145,Tahoe City,39.1809984,-120.151396,821156,,2020-01-31,10,0,Zillow ZIP-level market for Tahoe City; mapped with Census 2020 ZCTA 96145 in Placer County.,,,,
96146 Olympic Valley,zcta,96146,Olympic Valley,39.2158973,-120.2451697,853837,,2020-01-31,10,0,Zillow ZIP-level market for Olympic Valley; mapped with Census 2020 ZCTA 96146 in Placer County.,,,,
95668 Pleasant Grove,zcta,95668,Pleasant Grove,38.8275549,-121.4951816,612265,,2020-01-31,10,0,Zillow ZIP-level market for Pleasant Grove; mapped with Census 2020 ZCTA 95668 in Placer County.,,,,
96148 Tahoe Vista,zcta,96148,Tahoe Vista,39.249777,-120.0575895,657178,,2020-01-31,10,0,Zillow ZIP-level market for Tahoe Vista; mapped with Census 2020 ZCTA 96148 in Placer County.,,,,
96140 Carnelian Bay,zcta,96140,Carnelian Bay,39.2320185,-120.0963996,756860,,2020-01-31,10,0,Zillow ZIP-level market for Carnelian Bay; mapped with Census 2020 ZCTA 96140 in Placer County.,,,,
96142 Tahoma,zcta,96142,Tahoma,38.9986311,-120.1038814,601613,,2020-01-31,10,0,Zillow ZIP-level market for Tahoma; mapped with Census 2020 ZCTA 96142 in Placer County.,,,,
95703 Applegate,zcta,95703,Applegate,38.9890274,-120.9877751,467180,,2020-01-31,10,0,Zillow ZIP-level market for Applegate; mapped with Census 2020 ZCTA 95703 in Placer County.,,,,
95681 Sheridan,zcta,95681,Sheridan,38.9980915,-121.354198,402948,,2020-01-31,10,0,Zillow ZIP-level market for Sheridan; mapped with Census 2020 ZCTA 95681 in Placer County.,,,,
95701 Alta,zcta,95701,Alta,39.226549,-120.7670224,374899,,2020-01-31,10,0,Zillow ZIP-level market for Alta; mapped with Census 2020 ZCTA 95701 in Placer County.,,,,
95715 nan,zcta,95715,nan,39.2766508,-120.644012,305180,,2020-01-31,10,0,Zillow ZIP-level market for nan; mapped with Census 2020 ZCTA 95715 in Placer County.,,,,
95728 Soda Springs,zcta,95728,Soda Springs,39.2946534,-120.4014066,557081,,2020-01-31,10,0,Zillow ZIP-level market for Soda Springs; mapped with Census 2020 ZCTA 95728 in Placer County.,,,,
95714 Dutch Flat,zcta,95714,Dutch Flat,39.2011586,-120.8367976,332499,,2020-01-31,10,0,Zillow ZIP-level market for Dutch Flat; mapped with Census 2020 ZCTA 95714 in Placer County.,,,,
96141 Homewood,zcta,96141,Homewood,39.0989284,-120.2052313,864534,,2020-01-31,10,0,Zillow ZIP-level market for Homewood; mapped with Census 2020 ZCTA 96141 in Placer County.,,,,
95747 Roseville,zcta,95747,Roseville,38.7784212,-121.3688294,514654,2167,2020-02-29,10,0,Zillow ZIP-level market for Roseville; mapped with Census 2020 ZCTA 95747 in Placer County.,,2167,Zillow ZORI,
95648 Lincoln,zcta,95648,Lincoln,38.9228115,-121.3120046,508446,2225,2020-02-29,10,0,Zillow ZIP-level market for Lincoln; mapped with Census 2020 ZCTA 95648 in Placer County.,,2225,Zillow ZORI,
95678 Roseville,zcta,95678,Roseville,38.7653528,-121.2884731,436335,1688,2020-02-29,10,0,Zillow ZIP-level market for Roseville; mapped with Census 2020 ZCTA 95678 in Placer County.,,1688,Zillow ZORI,
95765 Rocklin,zcta,95765,Rocklin,38.8197384,-121.2783211,572636,1977,2020-02-29,10,0,Zillow ZIP-level market for Rocklin; mapped with Census 2020 ZCTA 95765 in Placer County.,,1977,Zillow ZORI,
95661 Roseville,zcta,95661,Roseville,38.7412743,-121.2492663,518196,1603,2020-02-29,10,0,Zillow ZIP-level market for Roseville; mapped with Census 2020 ZCTA 95661 in Placer County.,,1603,Zillow ZORI,
95603 Auburn,zcta,95603,Auburn,38.911346,-121.0857601,500383,,2020-02-29,10,0,Zillow ZIP-level market for Auburn; mapped with Census 2020 ZCTA 95603 in Placer County.,,,,
95677 Rocklin,zcta,95677,Rocklin,38.79292,-121.232006,507222,1734,2020-02-29,10,0,Zillow ZIP-level market for Rocklin; mapped with Census 2020 ZCTA 95677 in Placer County.,,1734,Zillow ZORI,
95746 Granite Bay,zcta,95746,Granite Bay,38.7469238,-121.1664336,811997,,2020-02-29,10,0,Zillow ZIP-level market for Granite Bay; mapped with Census 2020 ZCTA 95746 in Placer County.,,,,
95602 Auburn,zcta,95602,Auburn,38.9914911,-121.1035441,544529,,2020-02-29,10,0,Zillow ZIP-level market for Auburn; mapped with Census 2020 ZCTA 95602 in Placer County.,,,,
95650 Loomis,zcta,95650,Loomis,38.8091745,-121.171375,652081,,2020-02-29,10,0,Zillow ZIP-level market for Loomis; mapped with Census 2020 ZCTA 95650 in Placer County.,,,,
95713 Colfax,zcta,95713,Colfax,39.0813467,-120.9323895,419377,,2020-02-29,10,0,Zillow ZIP-level market for Colfax; mapped with Census 2020 ZCTA 95713 in Placer County.,,,,
95658 Newcastle,zcta,95658,Newcastle,38.8811828,-121.1690138,659922,,2020-02-29,10,0,Zillow ZIP-level market for Newcastle; mapped with Census 2020 ZCTA 95658 in Placer County.,,,,
95722 Meadow Vista,zcta,95722,Meadow Vista,39.0098006,-121.0347072,545444,,2020-02-29,10,0,Zillow ZIP-level market for Meadow Vista; mapped with Census 2020 ZCTA 95722 in Placer County.,,,,
95631 Foresthill,zcta,95631,Foresthill,39.0549436,-120.7539748,413236,,2020-02-29,10,0,Zillow ZIP-level market for Foresthill; mapped with Census 2020 ZCTA 95631 in Placer County.,,,,
96143 Kings Beach,zcta,96143,Kings Beach,39.2605746,-120.0262906,558290,,2020-02-29,10,0,Zillow ZIP-level market for Kings Beach; mapped with Census 2020 ZCTA 96143 in Placer County.,,,,
95663 Penryn,zcta,95663,Penryn,38.8573725,-121.1825262,664389,,2020-02-29,10,0,Zillow ZIP-level market for Penryn; mapped with Census 2020 ZCTA 95663 in Placer County.,,,,
96145 Tahoe City,zcta,96145,Tahoe City,39.1809984,-120.151396,821617,,2020-02-29,10,0,Zillow ZIP-level market for Tahoe City; mapped with Census 2020 ZCTA 96145 in Placer County.,,,,
96146 Olympic Valley,zcta,96146,Olympic Valley,39.2158973,-120.2451697,853300,,2020-02-29,10,0,Zillow ZIP-level market for Olympic Valley; mapped with Census 2020 ZCTA 96146 in Placer County.,,,,
95668 Pleasant Grove,zcta,95668,Pleasant Grove,38.8275549,-121.4951816,611226,,2020-02-29,10,0,Zillow ZIP-level market for Pleasant Grove; mapped with Census 2020 ZCTA 95668 in Placer County.,,,,
96148 Tahoe Vista,zcta,96148,Tahoe Vista,39.249777,-120.0575895,660843,,2020-02-29,10,0,Zillow ZIP-level market for Tahoe Vista; mapped with Census 2020 ZCTA 96148 in Placer County.,,,,
96140 Carnelian Bay,zcta,96140,Carnelian Bay,39.2320185,-120.0963996,757677,,2020-02-29,10,0,Zillow ZIP-level market for Carnelian Bay; mapped with Census 2020 ZCTA 96140 in Placer County.,,,,
96142 Tahoma,zcta,96142,Tahoma,38.9986311,-120.1038814,605752,,2020-02-29,10,0,Zillow ZIP-level market for Tahoma; mapped with Census 2020 ZCTA 96142 in Placer County.,,,,
95703 Applegate,zcta,95703,Applegate,38.9890274,-120.9877751,470670,,2020-02-29,10,0,Zillow ZIP-level market for Applegate; mapped with Census 2020 ZCTA 95703 in Placer County.,,,,
95681 Sheridan,zcta,95681,Sheridan,38.9980915,-121.354198,406417,,2020-02-29,10,0,Zillow ZIP-level market for Sheridan; mapped with Census 2020 ZCTA 95681 in Placer County.,,,,
95701 Alta,zcta,95701,Alta,39.226549,-120.7670224,377675,,2020-02-29,10,0,Zillow ZIP-level market for Alta; mapped with Census 2020 ZCTA 95701 in Placer County.,,,,
95715 nan,zcta,95715,nan,39.2766508,-120.644012,305682,,2020-02-29,10,0,Zillow ZIP-level market for nan; mapped with Census 2020 ZCTA 95715 in Placer County.,,,,
95728 Soda Springs,zcta,95728,Soda Springs,39.2946534,-120.4014066,560685,,2020-02-29,10,0,Zillow ZIP-level market for Soda Springs; mapped with Census 2020 ZCTA 95728 in Placer County.,,,,
95714 Dutch Flat,zcta,95714,Dutch Flat,39.2011586,-120.8367976,335922,,2020-02-29,10,0,Zillow ZIP-level market for Dutch Flat; mapped with Census 2020 ZCTA 95714 in Placer County.,,,,
96141 Homewood,zcta,96141,Homewood,39.0989284,-120.2052313,866022,,2020-02-29,10,0,Zillow ZIP-level market for Homewood; mapped with Census 2020 ZCTA 96141 in Placer County.,,,,
95747 Roseville,zcta,95747,Roseville,38.7784212,-121.3688294,517731,2154,2020-03-31,10,0,Zillow ZIP-level market for Roseville; mapped with Census 2020 ZCTA 95747 in Placer County.,,2154,Zillow ZORI,
95648 Lincoln,zcta,95648,Lincoln,38.9228115,-121.3120046,511619,2189,2020-03-31,10,0,Zillow ZIP-level market for Lincoln; mapped with Census 2020 ZCTA 95648 in Placer County.,,2189,Zillow ZORI,
95678 Roseville,zcta,95678,Roseville,38.7653528,-121.2884731,439264,1700,2020-03-31,10,0,Zillow ZIP-level market for Roseville; mapped with Census 2020 ZCTA 95678 in Placer County.,,1700,Zillow ZORI,
95765 Rocklin,zcta,95765,Rocklin,38.8197384,-121.2783211,577177,1961,2020-03-31,10,0,Zillow ZIP-level market for Rocklin; mapped with Census 2020 ZCTA 95765 in Placer County.,,1961,Zillow ZORI,
95661 Roseville,zcta,95661,Roseville,38.7412743,-121.2492663,522043,1618,2020-03-31,10,0,Zillow ZIP-level market for Roseville; mapped with Census 2020 ZCTA 95661 in Placer County.,,1618,Zillow ZORI,
95603 Auburn,zcta,95603,Auburn,38.911346,-121.0857601,503637,,2020-03-31,10,0,Zillow ZIP-level market for Auburn; mapped with Census 2020 ZCTA 95603 in Placer County.,,,,
95677 Rocklin,zcta,95677,Rocklin,38.79292,-121.232006,511537,1741,2020-03-31,10,0,Zillow ZIP-level market for Rocklin; mapped with Census 2020 ZCTA 95677 in Placer County.,,1741,Zillow ZORI,
95746 Granite Bay,zcta,95746,Granite Bay,38.7469238,-121.1664336,818337,,2020-03-31,10,0,Zillow ZIP-level market for Granite Bay; mapped with Census 2020 ZCTA 95746 in Placer County.,,,,
95602 Auburn,zcta,95602,Auburn,38.9914911,-121.1035441,548508,,2020-03-31,10,0,Zillow ZIP-level market for Auburn; mapped with Census 2020 ZCTA 95602 in Placer County.,,,,
95650 Loomis,zcta,95650,Loomis,38.8091745,-121.171375,657480,,2020-03-31,10,0,Zillow ZIP-level market for Loomis; mapped with Census 2020 ZCTA 95650 in Placer County.,,,,
95713 Colfax,zcta,95713,Colfax,39.0813467,-120.9323895,424317,,2020-03-31,10,0,Zillow ZIP-level market for Colfax; mapped with Census 2020 ZCTA 95713 in Placer County.,,,,
95658 Newcastle,zcta,95658,Newcastle,38.8811828,-121.1690138,666827,,2020-03-31,10,0,Zillow ZIP-level market for Newcastle; mapped with Census 2020 ZCTA 95658 in Placer County.,,,,
95722 Meadow Vista,zcta,95722,Meadow Vista,39.0098006,-121.0347072,550155,,2020-03-31,10,0,Zillow ZIP-level market for Meadow Vista; mapped with Census 2020 ZCTA 95722 in Placer County.,,,,
95631 Foresthill,zcta,95631,Foresthill,39.0549436,-120.7539748,416335,,2020-03-31,10,0,Zillow ZIP-level market for Foresthill; mapped with Census 2020 ZCTA 95631 in Placer County.,,,,
96143 Kings Beach,zcta,96143,Kings Beach,39.2605746,-120.0262906,559629,,2020-03-31,10,0,Zillow ZIP-level market for Kings Beach; mapped with Census 2020 ZCTA 96143 in Placer County.,,,,
95663 Penryn,zcta,95663,Penryn,38.8573725,-121.1825262,671753,,2020-03-31,10,0,Zillow ZIP-level market for Penryn; mapped with Census 2020 ZCTA 95663 in Placer County.,,,,
96145 Tahoe City,zcta,96145,Tahoe City,39.1809984,-120.151396,824709,,2020-03-31,10,0,Zillow ZIP-level market for Tahoe City; mapped with Census 2020 ZCTA 96145 in Placer County.,,,,
96146 Olympic Valley,zcta,96146,Olympic Valley,39.2158973,-120.2451697,852442,,2020-03-31,10,0,Zillow ZIP-level market for Olympic Valley; mapped with Census 2020 ZCTA 96146 in Placer County.,,,,
95668 Pleasant Grove,zcta,95668,Pleasant Grove,38.8275549,-121.4951816,614954,,2020-03-31,10,0,Zillow ZIP-level market for Pleasant Grove; mapped with Census 2020 ZCTA 95668 in Placer County.,,,,
96148 Tahoe Vista,zcta,96148,Tahoe Vista,39.249777,-120.0575895,664929,,2020-03-31,10,0,Zillow ZIP-level market for Tahoe Vista; mapped with Census 2020 ZCTA 96148 in Placer County.,,,,
96140 Carnelian Bay,zcta,96140,Carnelian Bay,39.2320185,-120.0963996,760040,,2020-03-31,10,0,Zillow ZIP-level market for Carnelian Bay; mapped with Census 2020 ZCTA 96140 in Placer County.,,,,
96142 Tahoma,zcta,96142,Tahoma,38.9986311,-120.1038814,610778,,2020-03-31,10,0,Zillow ZIP-level market for Tahoma; mapped with Census 2020 ZCTA 96142 in Placer County.,,,,
95703 Applegate,zcta,95703,Applegate,38.9890274,-120.9877751,475701,,2020-03-31,10,0,Zillow ZIP-level market for Applegate; mapped with Census 2020 ZCTA 95703 in Placer County.,,,,
95681 Sheridan,zcta,95681,Sheridan,38.9980915,-121.354198,411497,,2020-03-31,10,0,Zillow ZIP-level market for Sheridan; mapped with Census 2020 ZCTA 95681 in Placer County.,,,,
95701 Alta,zcta,95701,Alta,39.226549,-120.7670224,381172,,2020-03-31,10,0,Zillow ZIP-level market for Alta; mapped with Census 2020 ZCTA 95701 in Placer County.,,,,
95715 nan,zcta,95715,nan,39.2766508,-120.644012,307059,,2020-03-31,10,0,Zillow ZIP-level market for nan; mapped with Census 2020 ZCTA 95715 in Placer County.,,,,
95728 Soda Springs,zcta,95728,Soda Springs,39.2946534,-120.4014066,565570,,2020-03-31,10,0,Zillow ZIP-level market for Soda Springs; mapped with Census 2020 ZCTA 95728 in Placer County.,,,,
95714 Dutch Flat,zcta,95714,Dutch Flat,39.2011586,-120.8367976,339717,,2020-03-31,10,0,Zillow ZIP-level market for Dutch Flat; mapped with Census 2020 ZCTA 95714 in Placer County.,,,,
96141 Homewood,zcta,96141,Homewood,39.0989284,-120.2052313,871546,,2020-03-31,10,0,Zillow ZIP-level market for Homewood; mapped with Census 2020 ZCTA 96141 in Placer County.,,,,
95747 Roseville,zcta,95747,Roseville,38.7784212,-121.3688294,520113,2141,2020-04-30,10,0,Zillow ZIP-level market for Roseville; mapped with Census 2020 ZCTA 95747 in Placer County.,,2141,Zillow ZORI,
95648 Lincoln,zcta,95648,Lincoln,38.9228115,-121.3120046,514095,2184,2020-04-30,10,0,Zillow ZIP-level market for Lincoln; mapped with Census 2020 ZCTA 95648 in Placer County.,,2184,Zillow ZORI,
95678 Roseville,zcta,95678,Roseville,38.7653528,-121.2884731,441088,1696,2020-04-30,10,0,Zillow ZIP-level market for Roseville; mapped with Census 2020 ZCTA 95678 in Placer County.,,1696,Zillow ZORI,
95765 Rocklin,zcta,95765,Rocklin,38.8197384,-121.2783211,580588,2001,2020-04-30,10,0,Zillow ZIP-level market for Rocklin; mapped with Census 2020 ZCTA 95765 in Placer County.,,2001,Zillow ZORI,
95661 Roseville,zcta,95661,Roseville,38.7412743,-121.2492663,525232,1628,2020-04-30,10,0,Zillow ZIP-level market for Roseville; mapped with Census 2020 ZCTA 95661 in Placer County.,,1628,Zillow ZORI,
95603 Auburn,zcta,95603,Auburn,38.911346,-121.0857601,506181,,2020-04-30,10,0,Zillow ZIP-level market for Auburn; mapped with Census 2020 ZCTA 95603 in Placer County.,,,,
95677 Rocklin,zcta,95677,Rocklin,38.79292,-121.232006,514766,1723,2020-04-30,10,0,Zillow ZIP-level market for Rocklin; mapped with Census 2020 ZCTA 95677 in Placer County.,,1723,Zillow ZORI,
95746 Granite Bay,zcta,95746,Granite Bay,38.7469238,-121.1664336,822758,,2020-04-30,10,0,Zillow ZIP-level market for Granite Bay; mapped with Census 2020 ZCTA 95746 in Placer County.,,,,
95602 Auburn,zcta,95602,Auburn,38.9914911,-121.1035441,550687,,2020-04-30,10,0,Zillow ZIP-level market for Auburn; mapped with Census 2020 ZCTA 95602 in Placer County.,,,,
95650 Loomis,zcta,95650,Loomis,38.8091745,-121.171375,662335,,2020-04-30,10,0,Zillow ZIP-level market for Loomis; mapped with Census 2020 ZCTA 95650 in Placer County.,,,,
95713 Colfax,zcta,95713,Colfax,39.0813467,-120.9323895,428621,,2020-04-30,10,0,Zillow ZIP-level market for Colfax; mapped with Census 2020 ZCTA 95713 in Placer County.,,,,
95658 Newcastle,zcta,95658,Newcastle,38.8811828,-121.1690138,673750,,2020-04-30,10,0,Zillow ZIP-level market for Newcastle; mapped with Census 2020 ZCTA 95658 in Placer County.,,,,
95722 Meadow Vista,zcta,95722,Meadow Vista,39.0098006,-121.0347072,553824,,2020-04-30,10,0,Zillow ZIP-level market for Meadow Vista; mapped with Census 2020 ZCTA 95722 in Placer County.,,,,
95631 Foresthill,zcta,95631,Foresthill,39.0549436,-120.7539748,418487,,2020-04-30,10,0,Zillow ZIP-level market for Foresthill; mapped with Census 2020 ZCTA 95631 in Placer County.,,,,
96143 Kings Beach,zcta,96143,Kings Beach,39.2605746,-120.0262906,560748,,2020-04-30,10,0,Zillow ZIP-level market for Kings Beach; mapped with Census 2020 ZCTA 96143 in Placer County.,,,,
95663 Penryn,zcta,95663,Penryn,38.8573725,-121.1825262,678525,,2020-04-30,10,0,Zillow ZIP-level market for Penryn; mapped with Census 2020 ZCTA 95663 in Placer County.,,,,
96145 Tahoe City,zcta,96145,Tahoe City,39.1809984,-120.151396,828289,,2020-04-30,10,0,Zillow ZIP-level market for Tahoe City; mapped with Census 2020 ZCTA 96145 in Placer County.,,,,
96146 Olympic Valley,zcta,96146,Olympic Valley,39.2158973,-120.2451697,850938,,2020-04-30,10,0,Zillow ZIP-level market for Olympic Valley; mapped with Census 2020 ZCTA 96146 in Placer County.,,,,
95668 Pleasant Grove,zcta,95668,Pleasant Grove,38.8275549,-121.4951816,621943,,2020-04-30,10,0,Zillow ZIP-level market for Pleasant Grove; mapped with Census 2020 ZCTA 95668 in Placer County.,,,,
96148 Tahoe Vista,zcta,96148,Tahoe Vista,39.249777,-120.0575895,669262,,2020-04-30,10,0,Zillow ZIP-level market for Tahoe Vista; mapped with Census 2020 ZCTA 96148 in Placer County.,,,,
96140 Carnelian Bay,zcta,96140,Carnelian Bay,39.2320185,-120.0963996,764042,,2020-04-30,10,0,Zillow ZIP-level market for Carnelian Bay; mapped with Census 2020 ZCTA 96140 in Placer County.,,,,
96142 Tahoma,zcta,96142,Tahoma,38.9986311,-120.1038814,614805,,2020-04-30,10,0,Zillow ZIP-level market for Tahoma; mapped with Census 2020 ZCTA 96142 in Placer County.,,,,
95703 Applegate,zcta,95703,Applegate,38.9890274,-120.9877751,479328,,2020-04-30,10,0,Zillow ZIP-level market for Applegate; mapped with Census 2020 ZCTA 95703 in Placer County.,,,,
95681 Sheridan,zcta,95681,Sheridan,38.9980915,-121.354198,416909,,2020-04-30,10,0,Zillow ZIP-level market for Sheridan; mapped with Census 2020 ZCTA 95681 in Placer County.,,,,
95701 Alta,zcta,95701,Alta,39.226549,-120.7670224,384084,,2020-04-30,10,0,Zillow ZIP-level market for Alta; mapped with Census 2020 ZCTA 95701 in Placer County.,,,,
95715 nan,zcta,95715,nan,39.2766508,-120.644012,309739,,2020-04-30,10,0,Zillow ZIP-level market for nan; mapped with Census 2020 ZCTA 95715 in Placer County.,,,,
95728 Soda Springs,zcta,95728,Soda Springs,39.2946534,-120.4014066,568687,,2020-04-30,10,0,Zillow ZIP-level market for Soda Springs; mapped with Census 2020 ZCTA 95728 in Placer County.,,,,
95714 Dutch Flat,zcta,95714,Dutch Flat,39.2011586,-120.8367976,342751,,2020-04-30,10,0,Zillow ZIP-level market for Dutch Flat; mapped with Census 2020 ZCTA 95714 in Placer County.,,,,
96141 Homewood,zcta,96141,Homewood,39.0989284,-120.2052313,874942,,2020-04-30,10,0,Zillow ZIP-level market for Homewood; mapped with Census 2020 ZCTA 96141 in Placer County.,,,,
95747 Roseville,zcta,95747,Roseville,38.7784212,-121.3688294,521134,2155,2020-05-31,10,0,Zillow ZIP-level market for Roseville; mapped with Census 2020 ZCTA 95747 in Placer County.,,2155,Zillow ZORI,
95648 Lincoln,zcta,95648,Lincoln,38.9228115,-121.3120046,514992,2183,2020-05-31,10,0,Zillow ZIP-level market for Lincoln; mapped with Census 2020 ZCTA 95648 in Placer County.,,2183,Zillow ZORI,
95678 Roseville,zcta,95678,Roseville,38.7653528,-121.2884731,441641,1698,2020-05-31,10,0,Zillow ZIP-level market for Roseville; mapped with Census 2020 ZCTA 95678 in Placer County.,,1698,Zillow ZORI,
95765 Rocklin,zcta,95765,Rocklin,38.8197384,-121.2783211,581914,2025,2020-05-31,10,0,Zillow ZIP-level market for Rocklin; mapped with Census 2020 ZCTA 95765 in Placer County.,,2025,Zillow ZORI,
95661 Roseville,zcta,95661,Roseville,38.7412743,-121.2492663,526259,1616,2020-05-31,10,0,Zillow ZIP-level market for Roseville; mapped with Census 2020 ZCTA 95661 in Placer County.,,1616,Zillow ZORI,
95603 Auburn,zcta,95603,Auburn,38.911346,-121.0857601,506596,,2020-05-31,10,0,Zillow ZIP-level market for Auburn; mapped with Census 2020 ZCTA 95603 in Placer County.,,,,
95677 Rocklin,zcta,95677,Rocklin,38.79292,-121.232006,516413,1705,2020-05-31,10,0,Zillow ZIP-level market for Rocklin; mapped with Census 2020 ZCTA 95677 in Placer County.,,1705,Zillow ZORI,
95746 Granite Bay,zcta,95746,Granite Bay,38.7469238,-121.1664336,822844,,2020-05-31,10,0,Zillow ZIP-level market for Granite Bay; mapped with Census 2020 ZCTA 95746 in Placer County.,,,,
95602 Auburn,zcta,95602,Auburn,38.9914911,-121.1035441,550242,,2020-05-31,10,0,Zillow ZIP-level market for Auburn; mapped with Census 2020 ZCTA 95602 in Placer County.,,,,
95650 Loomis,zcta,95650,Loomis,38.8091745,-121.171375,664437,,2020-05-31,10,0,Zillow ZIP-level market for Loomis; mapped with Census 2020 ZCTA 95650 in Placer County.,,,,
95713 Colfax,zcta,95713,Colfax,39.0813467,-120.9323895,429902,,2020-05-31,10,0,Zillow ZIP-level market for Colfax; mapped with Census 2020 ZCTA 95713 in Placer County.,,,,
95658 Newcastle,zcta,95658,Newcastle,38.8811828,-121.1690138,676902,,2020-05-31,10,0,Zillow ZIP-level market for Newcastle; mapped with Census 2020 ZCTA 95658 in Placer County.,,,,
95722 Meadow Vista,zcta,95722,Meadow Vista,39.0098006,-121.0347072,555206,,2020-05-31,10,0,Zillow ZIP-level market for Meadow Vista; mapped with Census 2020 ZCTA 95722 in Placer County.,,,,
95631 Foresthill,zcta,95631,Foresthill,39.0549436,-120.7539748,417822,,2020-05-31,10,0,Zillow ZIP-level market for Foresthill; mapped with Census 2020 ZCTA 95631 in Placer County.,,,,
96143 Kings Beach,zcta,96143,Kings Beach,39.2605746,-120.0262906,558433,,2020-05-31,10,0,Zillow ZIP-level market for Kings Beach; mapped with Census 2020 ZCTA 96143 in Placer County.,,,,
95663 Penryn,zcta,95663,Penryn,38.8573725,-121.1825262,680798,,2020-05-31,10,0,Zillow ZIP-level market for Penryn; mapped with Census 2020 ZCTA 95663 in Placer County.,,,,
96145 Tahoe City,zcta,96145,Tahoe City,39.1809984,-120.151396,830192,,2020-05-31,10,0,Zillow ZIP-level market for Tahoe City; mapped with Census 2020 ZCTA 96145 in Placer County.,,,,
96146 Olympic Valley,zcta,96146,Olympic Valley,39.2158973,-120.2451697,845409,,2020-05-31,10,0,Zillow ZIP-level market for Olympic Valley; mapped with Census 2020 ZCTA 96146 in Placer County.,,,,
95668 Pleasant Grove,zcta,95668,Pleasant Grove,38.8275549,-121.4951816,626209,,2020-05-31,10,0,Zillow ZIP-level market for Pleasant Grove; mapped with Census 2020 ZCTA 95668 in Placer County.,,,,
96148 Tahoe Vista,zcta,96148,Tahoe Vista,39.249777,-120.0575895,671085,,2020-05-31,10,0,Zillow ZIP-level market for Tahoe Vista; mapped with Census 2020 ZCTA 96148 in Placer County.,,,,
96140 Carnelian Bay,zcta,96140,Carnelian Bay,39.2320185,-120.0963996,763950,,2020-05-31,10,0,Zillow ZIP-level market for Carnelian Bay; mapped with Census 2020 ZCTA 96140 in Placer County.,,,,
96142 Tahoma,zcta,96142,Tahoma,38.9986311,-120.1038814,614248,,2020-05-31,10,0,Zillow ZIP-level market for Tahoma; mapped with Census 2020 ZCTA 96142 in Placer County.,,,,
95703 Applegate,zcta,95703,Applegate,38.9890274,-120.9877751,480341,,2020-05-31,10,0,Zillow ZIP-level market for Applegate; mapped with Census 2020 ZCTA 95703 in Placer County.,,,,
95681 Sheridan,zcta,95681,Sheridan,38.9980915,-121.354198,419272,,2020-05-31,10,0,Zillow ZIP-level market for Sheridan; mapped with Census 2020 ZCTA 95681 in Placer County.,,,,
95701 Alta,zcta,95701,Alta,39.226549,-120.7670224,384912,,2020-05-31,10,0,Zillow ZIP-level market for Alta; mapped with Census 2020 ZCTA 95701 in Placer County.,,,,
95715 nan,zcta,95715,nan,39.2766508,-120.644012,311246,,2020-05-31,10,0,Zillow ZIP-level market for nan; mapped with Census 2020 ZCTA 95715 in Placer County.,,,,
95728 Soda Springs,zcta,95728,Soda Springs,39.2946534,-120.4014066,568656,,2020-05-31,10,0,Zillow ZIP-level market for Soda Springs; mapped with Census 2020 ZCTA 95728 in Placer County.,,,,
95714 Dutch Flat,zcta,95714,Dutch Flat,39.2011586,-120.8367976,343874,,2020-05-31,10,0,Zillow ZIP-level market for Dutch Flat; mapped with Census 2020 ZCTA 95714 in Placer County.,,,,
96141 Homewood,zcta,96141,Homewood,39.0989284,-120.2052313,872111,,2020-05-31,10,0,Zillow ZIP-level market for Homewood; mapped with Census 2020 ZCTA 96141 in Placer County.,,,,
95747 Roseville,zcta,95747,Roseville,38.7784212,-121.3688294,521086,2192,2020-06-30,10,0,Zillow ZIP-level market for Roseville; mapped with Census 2020 ZCTA 95747 in Placer County.,,2192,Zillow ZORI,
95648 Lincoln,zcta,95648,Lincoln,38.9228115,-121.3120046,514827,2215,2020-06-30,10,0,Zillow ZIP-level market for Lincoln; mapped with Census 2020 ZCTA 95648 in Placer County.,,2215,Zillow ZORI,
95678 Roseville,zcta,95678,Roseville,38.7653528,-121.2884731,441129,1699,2020-06-30,10,0,Zillow ZIP-level market for Roseville; mapped with Census 2020 ZCTA 95678 in Placer County.,,1699,Zillow ZORI,
95765 Rocklin,zcta,95765,Rocklin,38.8197384,-121.2783211,581733,2056,2020-06-30,10,0,Zillow ZIP-level market for Rocklin; mapped with Census 2020 ZCTA 95765 in Placer County.,,2056,Zillow ZORI,
95661 Roseville,zcta,95661,Roseville,38.7412743,-121.2492663,525435,1606,2020-06-30,10,0,Zillow ZIP-level market for Roseville; mapped with Census 2020 ZCTA 95661 in Placer County.,,1606,Zillow ZORI,
95603 Auburn,zcta,95603,Auburn,38.911346,-121.0857601,504807,,2020-06-30,10,0,Zillow ZIP-level market for Auburn; mapped with Census 2020 ZCTA 95603 in Placer County.,,,,
95677 Rocklin,zcta,95677,Rocklin,38.79292,-121.232006,516423,1721,2020-06-30,10,0,Zillow ZIP-level market for Rocklin; mapped with Census 2020 ZCTA 95677 in Placer County.,,1721,Zillow ZORI,
95746 Granite Bay,zcta,95746,Granite Bay,38.7469238,-121.1664336,821611,,2020-06-30,10,0,Zillow ZIP-level market for Granite Bay; mapped with Census 2020 ZCTA 95746 in Placer County.,,,,
95602 Auburn,zcta,95602,Auburn,38.9914911,-121.1035441,548552,,2020-06-30,10,0,Zillow ZIP-level market for Auburn; mapped with Census 2020 ZCTA 95602 in Placer County.,,,,
95650 Loomis,zcta,95650,Loomis,38.8091745,-121.171375,664235,,2020-06-30,10,0,Zillow ZIP-level market for Loomis; mapped with Census 2020 ZCTA 95650 in Placer County.,,,,
95713 Colfax,zcta,95713,Colfax,39.0813467,-120.9323895,429329,,2020-06-30,10,0,Zillow ZIP-level market for Colfax; mapped with Census 2020 ZCTA 95713 in Placer County.,,,,
95658 Newcastle,zcta,95658,Newcastle,38.8811828,-121.1690138,676369,,2020-06-30,10,0,Zillow ZIP-level market for Newcastle; mapped with Census 2020 ZCTA 95658 in Placer County.,,,,
95722 Meadow Vista,zcta,95722,Meadow Vista,39.0098006,-121.0347072,554287,,2020-06-30,10,0,Zillow ZIP-level market for Meadow Vista; mapped with Census 2020 ZCTA 95722 in Placer County.,,,,
95631 Foresthill,zcta,95631,Foresthill,39.0549436,-120.7539748,415704,,2020-06-30,10,0,Zillow ZIP-level market for Foresthill; mapped with Census 2020 ZCTA 95631 in Placer County.,,,,
96143 Kings Beach,zcta,96143,Kings Beach,39.2605746,-120.0262906,554784,,2020-06-30,10,0,Zillow ZIP-level market for Kings Beach; mapped with Census 2020 ZCTA 96143 in Placer County.,,,,
95663 Penryn,zcta,95663,Penryn,38.8573725,-121.1825262,680895,,2020-06-30,10,0,Zillow ZIP-level market for Penryn; mapped with Census 2020 ZCTA 95663 in Placer County.,,,,
96145 Tahoe City,zcta,96145,Tahoe City,39.1809984,-120.151396,830219,,2020-06-30,10,0,Zillow ZIP-level market for Tahoe City; mapped with Census 2020 ZCTA 96145 in Placer County.,,,,
96146 Olympic Valley,zcta,96146,Olympic Valley,39.2158973,-120.2451697,841442,,2020-06-30,10,0,Zillow ZIP-level market for Olympic Valley; mapped with Census 2020 ZCTA 96146 in Placer County.,,,,
95668 Pleasant Grove,zcta,95668,Pleasant Grove,38.8275549,-121.4951816,628237,,2020-06-30,10,0,Zillow ZIP-level market for Pleasant Grove; mapped with Census 2020 ZCTA 95668 in Placer County.,,,,
96148 Tahoe Vista,zcta,96148,Tahoe Vista,39.249777,-120.0575895,672210,,2020-06-30,10,0,Zillow ZIP-level market for Tahoe Vista; mapped with Census 2020 ZCTA 96148 in Placer County.,,,,
96140 Carnelian Bay,zcta,96140,Carnelian Bay,39.2320185,-120.0963996,763634,,2020-06-30,10,0,Zillow ZIP-level market for Carnelian Bay; mapped with Census 2020 ZCTA 96140 in Placer County.,,,,
96142 Tahoma,zcta,96142,Tahoma,38.9986311,-120.1038814,612447,,2020-06-30,10,0,Zillow ZIP-level market for Tahoma; mapped with Census 2020 ZCTA 96142 in Placer County.,,,,
95703 Applegate,zcta,95703,Applegate,38.9890274,-120.9877751,478094,,2020-06-30,10,0,Zillow ZIP-level market for Applegate; mapped with Census 2020 ZCTA 95703 in Placer County.,,,,
95681 Sheridan,zcta,95681,Sheridan,38.9980915,-121.354198,419111,,2020-06-30,10,0,Zillow ZIP-level market for Sheridan; mapped with Census 2020 ZCTA 95681 in Placer County.,,,,
95701 Alta,zcta,95701,Alta,39.226549,-120.7670224,383795,,2020-06-30,10,0,Zillow ZIP-level market for Alta; mapped with Census 2020 ZCTA 95701 in Placer County.,,,,
95715 nan,zcta,95715,nan,39.2766508,-120.644012,312241,,2020-06-30,10,0,Zillow ZIP-level market for nan; mapped with Census 2020 ZCTA 95715 in Placer County.,,,,
95728 Soda Springs,zcta,95728,Soda Springs,39.2946534,-120.4014066,567912,,2020-06-30,10,0,Zillow ZIP-level market for Soda Springs; mapped with Census 2020 ZCTA 95728 in Placer County.,,,,
95714 Dutch Flat,zcta,95714,Dutch Flat,39.2011586,-120.8367976,343961,,2020-06-30,10,0,Zillow ZIP-level market for Dutch Flat; mapped with Census 2020 ZCTA 95714 in Placer County.,,,,
96141 Homewood,zcta,96141,Homewood,39.0989284,-120.2052313,866786,,2020-06-30,10,0,Zillow ZIP-level market for Homewood; mapped with Census 2020 ZCTA 96141 in Placer County.,,,,
95747 Roseville,zcta,95747,Roseville,38.7784212,-121.3688294,521118,2235,2020-07-31,10,0,Zillow ZIP-level market for Roseville; mapped with Census 2020 ZCTA 95747 in Placer County.,,2235,Zillow ZORI,
95648 Lincoln,zcta,95648,Lincoln,38.9228115,-121.3120046,514599,2246,2020-07-31,10,0,Zillow ZIP-level market for Lincoln; mapped with Census 2020 ZCTA 95648 in Placer County.,,2246,Zillow ZORI,
95678 Roseville,zcta,95678,Roseville,38.7653528,-121.2884731,441072,1740,2020-07-31,10,0,Zillow ZIP-level market for Roseville; mapped with Census 2020 ZCTA 95678 in Placer County.,,1740,Zillow ZORI,
95765 Rocklin,zcta,95765,Rocklin,38.8197384,-121.2783211,581659,2067,2020-07-31,10,0,Zillow ZIP-level market for Rocklin; mapped with Census 2020 ZCTA 95765 in Placer County.,,2067,Zillow ZORI,
95661 Roseville,zcta,95661,Roseville,38.7412743,-121.2492663,525342,1625,2020-07-31,10,0,Zillow ZIP-level market for Roseville; mapped with Census 2020 ZCTA 95661 in Placer County.,,1625,Zillow ZORI,
95603 Auburn,zcta,95603,Auburn,38.911346,-121.0857601,503532,,2020-07-31,10,0,Zillow ZIP-level market for Auburn; mapped with Census 2020 ZCTA 95603 in Placer County.,,,,
95677 Rocklin,zcta,95677,Rocklin,38.79292,-121.232006,516686,1764,2020-07-31,10,0,Zillow ZIP-level market for Rocklin; mapped with Census 2020 ZCTA 95677 in Placer County.,,1764,Zillow ZORI,
95746 Granite Bay,zcta,95746,Granite Bay,38.7469238,-121.1664336,823171,,2020-07-31,10,0,Zillow ZIP-level market for Granite Bay; mapped with Census 2020 ZCTA 95746 in Placer County.,,,,
95602 Auburn,zcta,95602,Auburn,38.9914911,-121.1035441,547908,,2020-07-31,10,0,Zillow ZIP-level market for Auburn; mapped with Census 2020 ZCTA 95602 in Placer County.,,,,
95650 Loomis,zcta,95650,Loomis,38.8091745,-121.171375,665225,,2020-07-31,10,0,Zillow ZIP-level market for Loomis; mapped with Census 2020 ZCTA 95650 in Placer County.,,,,
95713 Colfax,zcta,95713,Colfax,39.0813467,-120.9323895,428995,,2020-07-31,10,0,Zillow ZIP-level market for Colfax; mapped with Census 2020 ZCTA 95713 in Placer County.,,,,
95658 Newcastle,zcta,95658,Newcastle,38.8811828,-121.1690138,675929,,2020-07-31,10,0,Zillow ZIP-level market for Newcastle; mapped with Census 2020 ZCTA 95658 in Placer County.,,,,
95722 Meadow Vista,zcta,95722,Meadow Vista,39.0098006,-121.0347072,554305,,2020-07-31,10,0,Zillow ZIP-level market for Meadow Vista; mapped with Census 2020 ZCTA 95722 in Placer County.,,,,
95631 Foresthill,zcta,95631,Foresthill,39.0549436,-120.7539748,413661,,2020-07-31,10,0,Zillow ZIP-level market for Foresthill; mapped with Census 2020 ZCTA 95631 in Placer County.,,,,
96143 Kings Beach,zcta,96143,Kings Beach,39.2605746,-120.0262906,554601,,2020-07-31,10,0,Zillow ZIP-level market for Kings Beach; mapped with Census 2020 ZCTA 96143 in Placer County.,,,,
95663 Penryn,zcta,95663,Penryn,38.8573725,-121.1825262,680634,,2020-07-31,10,0,Zillow ZIP-level market for Penryn; mapped with Census 2020 ZCTA 95663 in Placer County.,,,,
96145 Tahoe City,zcta,96145,Tahoe City,39.1809984,-120.151396,833764,,2020-07-31,10,0,Zillow ZIP-level market for Tahoe City; mapped with Census 2020 ZCTA 96145 in Placer County.,,,,
96146 Olympic Valley,zcta,96146,Olympic Valley,39.2158973,-120.2451697,843889,,2020-07-31,10,0,Zillow ZIP-level market for Olympic Valley; mapped with Census 2020 ZCTA 96146 in Placer County.,,,,
95668 Pleasant Grove,zcta,95668,Pleasant Grove,38.8275549,-121.4951816,631328,,2020-07-31,10,0,Zillow ZIP-level market for Pleasant Grove; mapped with Census 2020 ZCTA 95668 in Placer County.,,,,
96148 Tahoe Vista,zcta,96148,Tahoe Vista,39.249777,-120.0575895,674081,,2020-07-31,10,0,Zillow ZIP-level market for Tahoe Vista; mapped with Census 2020 ZCTA 96148 in Placer County.,,,,
96140 Carnelian Bay,zcta,96140,Carnelian Bay,39.2320185,-120.0963996,765995,,2020-07-31,10,0,Zillow ZIP-level market for Carnelian Bay; mapped with Census 2020 ZCTA 96140 in Placer County.,,,,
96142 Tahoma,zcta,96142,Tahoma,38.9986311,-120.1038814,611763,,2020-07-31,10,0,Zillow ZIP-level market for Tahoma; mapped with Census 2020 ZCTA 96142 in Placer County.,,,,
95703 Applegate,zcta,95703,Applegate,38.9890274,-120.9877751,477140,,2020-07-31,10,0,Zillow ZIP-level market for Applegate; mapped with Census 2020 ZCTA 95703 in Placer County.,,,,
95681 Sheridan,zcta,95681,Sheridan,38.9980915,-121.354198,419215,,2020-07-31,10,0,Zillow ZIP-level market for Sheridan; mapped with Census 2020 ZCTA 95681 in Placer County.,,,,
95701 Alta,zcta,95701,Alta,39.226549,-120.7670224,382214,,2020-07-31,10,0,Zillow ZIP-level market for Alta; mapped with Census 2020 ZCTA 95701 in Placer County.,,,,
95715 nan,zcta,95715,nan,39.2766508,-120.644012,312803,,2020-07-31,10,0,Zillow ZIP-level market for nan; mapped with Census 2020 ZCTA 95715 in Placer County.,,,,
95728 Soda Springs,zcta,95728,Soda Springs,39.2946534,-120.4014066,569184,,2020-07-31,10,0,Zillow ZIP-level market for Soda Springs; mapped with Census 2020 ZCTA 95728 in Placer County.,,,,
95714 Dutch Flat,zcta,95714,Dutch Flat,39.2011586,-120.8367976,344851,,2020-07-31,10,0,Zillow ZIP-level market for Dutch Flat; mapped with Census 2020 ZCTA 95714 in Placer County.,,,,
96141 Homewood,zcta,96141,Homewood,39.0989284,-120.2052313,868472,,2020-07-31,10,0,Zillow ZIP-level market for Homewood; mapped with Census 2020 ZCTA 96141 in Placer County.,,,,
95747 Roseville,zcta,95747,Roseville,38.7784212,-121.3688294,522565,2267,2020-08-31,10,0,Zillow ZIP-level market for Roseville; mapped with Census 2020 ZCTA 95747 in Placer County.,,2267,Zillow ZORI,
95648 Lincoln,zcta,95648,Lincoln,38.9228115,-121.3120046,515559,2297,2020-08-31,10,0,Zillow ZIP-level market for Lincoln; mapped with Census 2020 ZCTA 95648 in Placer County.,,2297,Zillow ZORI,
95678 Roseville,zcta,95678,Roseville,38.7653528,-121.2884731,442582,1777,2020-08-31,10,0,Zillow ZIP-level market for Roseville; mapped with Census 2020 ZCTA 95678 in Placer County.,,1777,Zillow ZORI,
95765 Rocklin,zcta,95765,Rocklin,38.8197384,-121.2783211,583291,2078,2020-08-31,10,0,Zillow ZIP-level market for Rocklin; mapped with Census 2020 ZCTA 95765 in Placer County.,,2078,Zillow ZORI,
95661 Roseville,zcta,95661,Roseville,38.7412743,-121.2492663,527406,1658,2020-08-31,10,0,Zillow ZIP-level market for Roseville; mapped with Census 2020 ZCTA 95661 in Placer County.,,1658,Zillow ZORI,
95603 Auburn,zcta,95603,Auburn,38.911346,-121.0857601,505399,,2020-08-31,10,0,Zillow ZIP-level market for Auburn; mapped with Census 2020 ZCTA 95603 in Placer County.,,,,
95677 Rocklin,zcta,95677,Rocklin,38.79292,-121.232006,518743,1781,2020-08-31,10,0,Zillow ZIP-level market for Rocklin; mapped with Census 2020 ZCTA 95677 in Placer County.,,1781,Zillow ZORI,
95746 Granite Bay,zcta,95746,Granite Bay,38.7469238,-121.1664336,830743,,2020-08-31,10,0,Zillow ZIP-level market for Granite Bay; mapped with Census 2020 ZCTA 95746 in Placer County.,,,,
95602 Auburn,zcta,95602,Auburn,38.9914911,-121.1035441,551145,,2020-08-31,10,0,Zillow ZIP-level market for Auburn; mapped with Census 2020 ZCTA 95602 in Placer County.,,,,
95650 Loomis,zcta,95650,Loomis,38.8091745,-121.171375,670219,,2020-08-31,10,0,Zillow ZIP-level market for Loomis; mapped with Census 2020 ZCTA 95650 in Placer County.,,,,
95713 Colfax,zcta,95713,Colfax,39.0813467,-120.9323895,430962,,2020-08-31,10,0,Zillow ZIP-level market for Colfax; mapped with Census 2020 ZCTA 95713 in Placer County.,,,,
95658 Newcastle,zcta,95658,Newcastle,38.8811828,-121.1690138,680650,,2020-08-31,10,0,Zillow ZIP-level market for Newcastle; mapped with Census 2020 ZCTA 95658 in Placer County.,,,,
95722 Meadow Vista,zcta,95722,Meadow Vista,39.0098006,-121.0347072,557389,,2020-08-31,10,0,Zillow ZIP-level market for Meadow Vista; mapped with Census 2020 ZCTA 95722 in Placer County.,,,,
95631 Foresthill,zcta,95631,Foresthill,39.0549436,-120.7539748,414173,,2020-08-31,10,0,Zillow ZIP-level market for Foresthill; mapped with Census 2020 ZCTA 95631 in Placer County.,,,,
96143 Kings Beach,zcta,96143,Kings Beach,39.2605746,-120.0262906,559767,,2020-08-31,10,0,Zillow ZIP-level market for Kings Beach; mapped with Census 2020 ZCTA 96143 in Placer County.,,,,
95663 Penryn,zcta,95663,Penryn,38.8573725,-121.1825262,686452,,2020-08-31,10,0,Zillow ZIP-level market for Penryn; mapped with Census 2020 ZCTA 95663 in Placer County.,,,,
96145 Tahoe City,zcta,96145,Tahoe City,39.1809984,-120.151396,845594,,2020-08-31,10,0,Zillow ZIP-level market for Tahoe City; mapped with Census 2020 ZCTA 96145 in Placer County.,,,,
96146 Olympic Valley,zcta,96146,Olympic Valley,39.2158973,-120.2451697,857032,,2020-08-31,10,0,Zillow ZIP-level market for Olympic Valley; mapped with Census 2020 ZCTA 96146 in Placer County.,,,,
95668 Pleasant Grove,zcta,95668,Pleasant Grove,38.8275549,-121.4951816,639603,,2020-08-31,10,0,Zillow ZIP-level market for Pleasant Grove; mapped with Census 2020 ZCTA 95668 in Placer County.,,,,
96148 Tahoe Vista,zcta,96148,Tahoe Vista,39.249777,-120.0575895,680541,,2020-08-31,10,0,Zillow ZIP-level market for Tahoe Vista; mapped with Census 2020 ZCTA 96148 in Placer County.,,,,
96140 Carnelian Bay,zcta,96140,Carnelian Bay,39.2320185,-120.0963996,778857,,2020-08-31,10,0,Zillow ZIP-level market for Carnelian Bay; mapped with Census 2020 ZCTA 96140 in Placer County.,,,,
96142 Tahoma,zcta,96142,Tahoma,38.9986311,-120.1038814,616136,,2020-08-31,10,0,Zillow ZIP-level market for Tahoma; mapped with Census 2020 ZCTA 96142 in Placer County.,,,,
95703 Applegate,zcta,95703,Applegate,38.9890274,-120.9877751,478820,,2020-08-31,10,0,Zillow ZIP-level market for Applegate; mapped with Census 2020 ZCTA 95703 in Placer County.,,,,
95681 Sheridan,zcta,95681,Sheridan,38.9980915,-121.354198,422459,,2020-08-31,10,0,Zillow ZIP-level market for Sheridan; mapped with Census 2020 ZCTA 95681 in Placer County.,,,,
95701 Alta,zcta,95701,Alta,39.226549,-120.7670224,383470,,2020-08-31,10,0,Zillow ZIP-level market for Alta; mapped with Census 2020 ZCTA 95701 in Placer County.,,,,
95715 nan,zcta,95715,nan,39.2766508,-120.644012,314786,,2020-08-31,10,0,Zillow ZIP-level market for nan; mapped with Census 2020 ZCTA 95715 in Placer County.,,,,
95728 Soda Springs,zcta,95728,Soda Springs,39.2946534,-120.4014066,574303,,2020-08-31,10,0,Zillow ZIP-level market for Soda Springs; mapped with Census 2020 ZCTA 95728 in Placer County.,,,,
95714 Dutch Flat,zcta,95714,Dutch Flat,39.2011586,-120.8367976,348413,,2020-08-31,10,0,Zillow ZIP-level market for Dutch Flat; mapped with Census 2020 ZCTA 95714 in Placer County.,,,,
96141 Homewood,zcta,96141,Homewood,39.0989284,-120.2052313,883599,,2020-08-31,10,0,Zillow ZIP-level market for Homewood; mapped with Census 2020 ZCTA 96141 in Placer County.,,,,
95747 Roseville,zcta,95747,Roseville,38.7784212,-121.3688294,526592,2300,2020-09-30,10,0,Zillow ZIP-level market for Roseville; mapped with Census 2020 ZCTA 95747 in Placer County.,,2300,Zillow ZORI,
95648 Lincoln,zcta,95648,Lincoln,38.9228115,-121.3120046,519128,2314,2020-09-30,10,0,Zillow ZIP-level market for Lincoln; mapped with Census 2020 ZCTA 95648 in Placer County.,,2314,Zillow ZORI,
95678 Roseville,zcta,95678,Roseville,38.7653528,-121.2884731,446739,1824,2020-09-30,10,0,Zillow ZIP-level market for Roseville; mapped with Census 2020 ZCTA 95678 in Placer County.,,1824,Zillow ZORI,
95765 Rocklin,zcta,95765,Rocklin,38.8197384,-121.2783211,587689,2081,2020-09-30,10,0,Zillow ZIP-level market for Rocklin; mapped with Census 2020 ZCTA 95765 in Placer County.,,2081,Zillow ZORI,
95661 Roseville,zcta,95661,Roseville,38.7412743,-121.2492663,533059,1690,2020-09-30,10,0,Zillow ZIP-level market for Roseville; mapped with Census 2020 ZCTA 95661 in Placer County.,,1690,Zillow ZORI,
95603 Auburn,zcta,95603,Auburn,38.911346,-121.0857601,511813,,2020-09-30,10,0,Zillow ZIP-level market for Auburn; mapped with Census 2020 ZCTA 95603 in Placer County.,,,,
95677 Rocklin,zcta,95677,Rocklin,38.79292,-121.232006,524017,1813,2020-09-30,10,0,Zillow ZIP-level market for Rocklin; mapped with Census 2020 ZCTA 95677 in Placer County.,,1813,Zillow ZORI,
95746 Granite Bay,zcta,95746,Granite Bay,38.7469238,-121.1664336,844357,,2020-09-30,10,0,Zillow ZIP-level market for Granite Bay; mapped with Census 2020 ZCTA 95746 in Placer County.,,,,
95602 Auburn,zcta,95602,Auburn,38.9914911,-121.1035441,558863,,2020-09-30,10,0,Zillow ZIP-level market for Auburn; mapped with Census 2020 ZCTA 95602 in Placer County.,,,,
95650 Loomis,zcta,95650,Loomis,38.8091745,-121.171375,680936,,2020-09-30,10,0,Zillow ZIP-level market for Loomis; mapped with Census 2020 ZCTA 95650 in Placer County.,,,,
95713 Colfax,zcta,95713,Colfax,39.0813467,-120.9323895,436061,,2020-09-30,10,0,Zillow ZIP-level market for Colfax; mapped with Census 2020 ZCTA 95713 in Placer County.,,,,
95658 Newcastle,zcta,95658,Newcastle,38.8811828,-121.1690138,692383,,2020-09-30,10,0,Zillow ZIP-level market for Newcastle; mapped with Census 2020 ZCTA 95658 in Placer County.,,,,
95722 Meadow Vista,zcta,95722,Meadow Vista,39.0098006,-121.0347072,565218,,2020-09-30,10,0,Zillow ZIP-level market for Meadow Vista; mapped with Census 2020 ZCTA 95722 in Placer County.,,,,
95631 Foresthill,zcta,95631,Foresthill,39.0549436,-120.7539748,418202,,2020-09-30,10,0,Zillow ZIP-level market for Foresthill; mapped with Census 2020 ZCTA 95631 in Placer County.,,,,
96143 Kings Beach,zcta,96143,Kings Beach,39.2605746,-120.0262906,572206,,2020-09-30,10,0,Zillow ZIP-level market for Kings Beach; mapped with Census 2020 ZCTA 96143 in Placer County.,,,,
95663 Penryn,zcta,95663,Penryn,38.8573725,-121.1825262,697198,,2020-09-30,10,0,Zillow ZIP-level market for Penryn; mapped with Census 2020 ZCTA 95663 in Placer County.,,,,
96145 Tahoe City,zcta,96145,Tahoe City,39.1809984,-120.151396,869902,,2020-09-30,10,0,Zillow ZIP-level market for Tahoe City; mapped with Census 2020 ZCTA 96145 in Placer County.,,,,
96146 Olympic Valley,zcta,96146,Olympic Valley,39.2158973,-120.2451697,881187,,2020-09-30,10,0,Zillow ZIP-level market for Olympic Valley; mapped with Census 2020 ZCTA 96146 in Placer County.,,,,
95668 Pleasant Grove,zcta,95668,Pleasant Grove,38.8275549,-121.4951816,654727,,2020-09-30,10,0,Zillow ZIP-level market for Pleasant Grove; mapped with Census 2020 ZCTA 95668 in Placer County.,,,,
96148 Tahoe Vista,zcta,96148,Tahoe Vista,39.249777,-120.0575895,694658,,2020-09-30,10,0,Zillow ZIP-level market for Tahoe Vista; mapped with Census 2020 ZCTA 96148 in Placer County.,,,,
96140 Carnelian Bay,zcta,96140,Carnelian Bay,39.2320185,-120.0963996,802446,,2020-09-30,10,0,Zillow ZIP-level market for Carnelian Bay; mapped with Census 2020 ZCTA 96140 in Placer County.,,,,
96142 Tahoma,zcta,96142,Tahoma,38.9986311,-120.1038814,626609,,2020-09-30,10,0,Zillow ZIP-level market for Tahoma; mapped with Census 2020 ZCTA 96142 in Placer County.,,,,
95703 Applegate,zcta,95703,Applegate,38.9890274,-120.9877751,485958,,2020-09-30,10,0,Zillow ZIP-level market for Applegate; mapped with Census 2020 ZCTA 95703 in Placer County.,,,,
95681 Sheridan,zcta,95681,Sheridan,38.9980915,-121.354198,429796,,2020-09-30,10,0,Zillow ZIP-level market for Sheridan; mapped with Census 2020 ZCTA 95681 in Placer County.,,,,
95701 Alta,zcta,95701,Alta,39.226549,-120.7670224,387849,,2020-09-30,10,0,Zillow ZIP-level market for Alta; mapped with Census 2020 ZCTA 95701 in Placer County.,,,,
95715 nan,zcta,95715,nan,39.2766508,-120.644012,319897,,2020-09-30,10,0,Zillow ZIP-level market for nan; mapped with Census 2020 ZCTA 95715 in Placer County.,,,,
95728 Soda Springs,zcta,95728,Soda Springs,39.2946534,-120.4014066,584117,,2020-09-30,10,0,Zillow ZIP-level market for Soda Springs; mapped with Census 2020 ZCTA 95728 in Placer County.,,,,
95714 Dutch Flat,zcta,95714,Dutch Flat,39.2011586,-120.8367976,354162,,2020-09-30,10,0,Zillow ZIP-level market for Dutch Flat; mapped with Census 2020 ZCTA 95714 in Placer County.,,,,
96141 Homewood,zcta,96141,Homewood,39.0989284,-120.2052313,912726,,2020-09-30,10,0,Zillow ZIP-level market for Homewood; mapped with Census 2020 ZCTA 96141 in Placer County.,,,,
95747 Roseville,zcta,95747,Roseville,38.7784212,-121.3688294,532990,2335,2020-10-31,10,0,Zillow ZIP-level market for Roseville; mapped with Census 2020 ZCTA 95747 in Placer County.,,2335,Zillow ZORI,
95648 Lincoln,zcta,95648,Lincoln,38.9228115,-121.3120046,525179,2328,2020-10-31,10,0,Zillow ZIP-level market for Lincoln; mapped with Census 2020 ZCTA 95648 in Placer County.,,2328,Zillow ZORI,
95678 Roseville,zcta,95678,Roseville,38.7653528,-121.2884731,452889,1834,2020-10-31,10,0,Zillow ZIP-level market for Roseville; mapped with Census 2020 ZCTA 95678 in Placer County.,,1834,Zillow ZORI,
95765 Rocklin,zcta,95765,Rocklin,38.8197384,-121.2783211,594533,2099,2020-10-31,10,0,Zillow ZIP-level market for Rocklin; mapped with Census 2020 ZCTA 95765 in Placer County.,,2099,Zillow ZORI,
95661 Roseville,zcta,95661,Roseville,38.7412743,-121.2492663,540800,1698,2020-10-31,10,0,Zillow ZIP-level market for Roseville; mapped with Census 2020 ZCTA 95661 in Placer County.,,1698,Zillow ZORI,
95603 Auburn,zcta,95603,Auburn,38.911346,-121.0857601,520169,,2020-10-31,10,0,Zillow ZIP-level market for Auburn; mapped with Census 2020 ZCTA 95603 in Placer County.,,,,
95677 Rocklin,zcta,95677,Rocklin,38.79292,-121.232006,531115,1838,2020-10-31,10,0,Zillow ZIP-level market for Rocklin; mapped with Census 2020 ZCTA 95677 in Placer County.,,1838,Zillow ZORI,
95746 Granite Bay,zcta,95746,Granite Bay,38.7469238,-121.1664336,861238,,2020-10-31,10,0,Zillow ZIP-level market for Granite Bay; mapped with Census 2020 ZCTA 95746 in Placer County.,,,,
95602 Auburn,zcta,95602,Auburn,38.9914911,-121.1035441,569765,,2020-10-31,10,0,Zillow ZIP-level market for Auburn; mapped with Census 2020 ZCTA 95602 in Placer County.,,,,
95650 Loomis,zcta,95650,Loomis,38.8091745,-121.171375,694609,,2020-10-31,10,0,Zillow ZIP-level market for Loomis; mapped with Census 2020 ZCTA 95650 in Placer County.,,,,
95713 Colfax,zcta,95713,Colfax,39.0813467,-120.9323895,442541,,2020-10-31,10,0,Zillow ZIP-level market for Colfax; mapped with Census 2020 ZCTA 95713 in Placer County.,,,,
95658 Newcastle,zcta,95658,Newcastle,38.8811828,-121.1690138,706723,,2020-10-31,10,0,Zillow ZIP-level market for Newcastle; mapped with Census 2020 ZCTA 95658 in Placer County.,,,,
95722 Meadow Vista,zcta,95722,Meadow Vista,39.0098006,-121.0347072,574460,,2020-10-31,10,0,Zillow ZIP-level market for Meadow Vista; mapped with Census 2020 ZCTA 95722 in Placer County.,,,,
95631 Foresthill,zcta,95631,Foresthill,39.0549436,-120.7539748,423544,,2020-10-31,10,0,Zillow ZIP-level market for Foresthill; mapped with Census 2020 ZCTA 95631 in Placer County.,,,,
96143 Kings Beach,zcta,96143,Kings Beach,39.2605746,-120.0262906,588738,,2020-10-31,10,0,Zillow ZIP-level market for Kings Beach; mapped with Census 2020 ZCTA 96143 in Placer County.,,,,
95663 Penryn,zcta,95663,Penryn,38.8573725,-121.1825262,712362,,2020-10-31,10,0,Zillow ZIP-level market for Penryn; mapped with Census 2020 ZCTA 95663 in Placer County.,,,,
96145 Tahoe City,zcta,96145,Tahoe City,39.1809984,-120.151396,901194,,2020-10-31,10,0,Zillow ZIP-level market for Tahoe City; mapped with Census 2020 ZCTA 96145 in Placer County.,,,,
96146 Olympic Valley,zcta,96146,Olympic Valley,39.2158973,-120.2451697,912198,,2020-10-31,10,0,Zillow ZIP-level market for Olympic Valley; mapped with Census 2020 ZCTA 96146 in Placer County.,,,,
95668 Pleasant Grove,zcta,95668,Pleasant Grove,38.8275549,-121.4951816,670991,,2020-10-31,10,0,Zillow ZIP-level market for Pleasant Grove; mapped with Census 2020 ZCTA 95668 in Placer County.,,,,
96148 Tahoe Vista,zcta,96148,Tahoe Vista,39.249777,-120.0575895,714827,,2020-10-31,10,0,Zillow ZIP-level market for Tahoe Vista; mapped with Census 2020 ZCTA 96148 in Placer County.,,,,
96140 Carnelian Bay,zcta,96140,Carnelian Bay,39.2320185,-120.0963996,832921,,2020-10-31,10,0,Zillow ZIP-level market for Carnelian Bay; mapped with Census 2020 ZCTA 96140 in Placer County.,,,,
96142 Tahoma,zcta,96142,Tahoma,38.9986311,-120.1038814,641810,,2020-10-31,10,0,Zillow ZIP-level market for Tahoma; mapped with Census 2020 ZCTA 96142 in Placer County.,,,,
95703 Applegate,zcta,95703,Applegate,38.9890274,-120.9877751,495071,,2020-10-31,10,0,Zillow ZIP-level market for Applegate; mapped with Census 2020 ZCTA 95703 in Placer County.,,,,
95681 Sheridan,zcta,95681,Sheridan,38.9980915,-121.354198,438108,,2020-10-31,10,0,Zillow ZIP-level market for Sheridan; mapped with Census 2020 ZCTA 95681 in Placer County.,,,,
95701 Alta,zcta,95701,Alta,39.226549,-120.7670224,393720,,2020-10-31,10,0,Zillow ZIP-level market for Alta; mapped with Census 2020 ZCTA 95701 in Placer County.,,,,
95715 nan,zcta,95715,nan,39.2766508,-120.644012,325569,,2020-10-31,10,0,Zillow ZIP-level market for nan; mapped with Census 2020 ZCTA 95715 in Placer County.,,,,
95728 Soda Springs,zcta,95728,Soda Springs,39.2946534,-120.4014066,596687,,2020-10-31,10,0,Zillow ZIP-level market for Soda Springs; mapped with Census 2020 ZCTA 95728 in Placer County.,,,,
95714 Dutch Flat,zcta,95714,Dutch Flat,39.2011586,-120.8367976,359215,,2020-10-31,10,0,Zillow ZIP-level market for Dutch Flat; mapped with Census 2020 ZCTA 95714 in Placer County.,,,,
96141 Homewood,zcta,96141,Homewood,39.0989284,-120.2052313,947149,,2020-10-31,10,0,Zillow ZIP-level market for Homewood; mapped with Census 2020 ZCTA 96141 in Placer County.,,,,
95747 Roseville,zcta,95747,Roseville,38.7784212,-121.3688294,541480,2352,2020-11-30,10,0,Zillow ZIP-level market for Roseville; mapped with Census 2020 ZCTA 95747 in Placer County.,,2352,Zillow ZORI,
95648 Lincoln,zcta,95648,Lincoln,38.9228115,-121.3120046,533264,2325,2020-11-30,10,0,Zillow ZIP-level market for Lincoln; mapped with Census 2020 ZCTA 95648 in Placer County.,,2325,Zillow ZORI,
95678 Roseville,zcta,95678,Roseville,38.7653528,-121.2884731,461083,1856,2020-11-30,10,0,Zillow ZIP-level market for Roseville; mapped with Census 2020 ZCTA 95678 in Placer County.,,1856,Zillow ZORI,
95765 Rocklin,zcta,95765,Rocklin,38.8197384,-121.2783211,603916,2107,2020-11-30,10,0,Zillow ZIP-level market for Rocklin; mapped with Census 2020 ZCTA 95765 in Placer County.,,2107,Zillow ZORI,
95661 Roseville,zcta,95661,Roseville,38.7412743,-121.2492663,550972,1705,2020-11-30,10,0,Zillow ZIP-level market for Roseville; mapped with Census 2020 ZCTA 95661 in Placer County.,,1705,Zillow ZORI,
95603 Auburn,zcta,95603,Auburn,38.911346,-121.0857601,529999,,2020-11-30,10,0,Zillow ZIP-level market for Auburn; mapped with Census 2020 ZCTA 95603 in Placer County.,,,,
95677 Rocklin,zcta,95677,Rocklin,38.79292,-121.232006,540145,1880,2020-11-30,10,0,Zillow ZIP-level market for Rocklin; mapped with Census 2020 ZCTA 95677 in Placer County.,,1880,Zillow ZORI,
95746 Granite Bay,zcta,95746,Granite Bay,38.7469238,-121.1664336,881227,,2020-11-30,10,0,Zillow ZIP-level market for Granite Bay; mapped with Census 2020 ZCTA 95746 in Placer County.,,,,
95602 Auburn,zcta,95602,Auburn,38.9914911,-121.1035441,582306,,2020-11-30,10,0,Zillow ZIP-level market for Auburn; mapped with Census 2020 ZCTA 95602 in Placer County.,,,,
95650 Loomis,zcta,95650,Loomis,38.8091745,-121.171375,711239,,2020-11-30,10,0,Zillow ZIP-level market for Loomis; mapped with Census 2020 ZCTA 95650 in Placer County.,,,,
95713 Colfax,zcta,95713,Colfax,39.0813467,-120.9323895,450691,,2020-11-30,10,0,Zillow ZIP-level market for Colfax; mapped with Census 2020 ZCTA 95713 in Placer County.,,,,
95658 Newcastle,zcta,95658,Newcastle,38.8811828,-121.1690138,723003,,2020-11-30,10,0,Zillow ZIP-level market for Newcastle; mapped with Census 2020 ZCTA 95658 in Placer County.,,,,
95722 Meadow Vista,zcta,95722,Meadow Vista,39.0098006,-121.0347072,584525,,2020-11-30,10,0,Zillow ZIP-level market for Meadow Vista; mapped with Census 2020 ZCTA 95722 in Placer County.,,,,
95631 Foresthill,zcta,95631,Foresthill,39.0549436,-120.7539748,430801,,2020-11-30,10,0,Zillow ZIP-level market for Foresthill; mapped with Census 2020 ZCTA 95631 in Placer County.,,,,
96143 Kings Beach,zcta,96143,Kings Beach,39.2605746,-120.0262906,610161,,2020-11-30,10,0,Zillow ZIP-level market for Kings Beach; mapped with Census 2020 ZCTA 96143 in Placer County.,,,,
95663 Penryn,zcta,95663,Penryn,38.8573725,-121.1825262,730769,,2020-11-30,10,0,Zillow ZIP-level market for Penryn; mapped with Census 2020 ZCTA 95663 in Placer County.,,,,
96145 Tahoe City,zcta,96145,Tahoe City,39.1809984,-120.151396,939952,,2020-11-30,10,0,Zillow ZIP-level market for Tahoe City; mapped with Census 2020 ZCTA 96145 in Placer County.,,,,
96146 Olympic Valley,zcta,96146,Olympic Valley,39.2158973,-120.2451697,949326,,2020-11-30,10,0,Zillow ZIP-level market for Olympic Valley; mapped with Census 2020 ZCTA 96146 in Placer County.,,,,
95668 Pleasant Grove,zcta,95668,Pleasant Grove,38.8275549,-121.4951816,685057,,2020-11-30,10,0,Zillow ZIP-level market for Pleasant Grove; mapped with Census 2020 ZCTA 95668 in Placer County.,,,,
96148 Tahoe Vista,zcta,96148,Tahoe Vista,39.249777,-120.0575895,739015,,2020-11-30,10,0,Zillow ZIP-level market for Tahoe Vista; mapped with Census 2020 ZCTA 96148 in Placer County.,,,,
96140 Carnelian Bay,zcta,96140,Carnelian Bay,39.2320185,-120.0963996,868352,,2020-11-30,10,0,Zillow ZIP-level market for Carnelian Bay; mapped with Census 2020 ZCTA 96140 in Placer County.,,,,
96142 Tahoma,zcta,96142,Tahoma,38.9986311,-120.1038814,664061,,2020-11-30,10,0,Zillow ZIP-level market for Tahoma; mapped with Census 2020 ZCTA 96142 in Placer County.,,,,
95703 Applegate,zcta,95703,Applegate,38.9890274,-120.9877751,506329,,2020-11-30,10,0,Zillow ZIP-level market for Applegate; mapped with Census 2020 ZCTA 95703 in Placer County.,,,,
95681 Sheridan,zcta,95681,Sheridan,38.9980915,-121.354198,447018,,2020-11-30,10,0,Zillow ZIP-level market for Sheridan; mapped with Census 2020 ZCTA 95681 in Placer County.,,,,
95701 Alta,zcta,95701,Alta,39.226549,-120.7670224,401332,,2020-11-30,10,0,Zillow ZIP-level market for Alta; mapped with Census 2020 ZCTA 95701 in Placer County.,,,,
95715 nan,zcta,95715,nan,39.2766508,-120.644012,331848,,2020-11-30,10,0,Zillow ZIP-level market for nan; mapped with Census 2020 ZCTA 95715 in Placer County.,,,,
95728 Soda Springs,zcta,95728,Soda Springs,39.2946534,-120.4014066,611744,,2020-11-30,10,0,Zillow ZIP-level market for Soda Springs; mapped with Census 2020 ZCTA 95728 in Placer County.,,,,
95714 Dutch Flat,zcta,95714,Dutch Flat,39.2011586,-120.8367976,364749,,2020-11-30,10,0,Zillow ZIP-level market for Dutch Flat; mapped with Census 2020 ZCTA 95714 in Placer County.,,,,
96141 Homewood,zcta,96141,Homewood,39.0989284,-120.2052313,982786,,2020-11-30,10,0,Zillow ZIP-level market for Homewood; mapped with Census 2020 ZCTA 96141 in Placer County.,,,,
95747 Roseville,zcta,95747,Roseville,38.7784212,-121.3688294,550464,2330,2020-12-31,10,0,Zillow ZIP-level market for Roseville; mapped with Census 2020 ZCTA 95747 in Placer County.,,2330,Zillow ZORI,
95648 Lincoln,zcta,95648,Lincoln,38.9228115,-121.3120046,541754,2356,2020-12-31,10,0,Zillow ZIP-level market for Lincoln; mapped with Census 2020 ZCTA 95648 in Placer County.,,2356,Zillow ZORI,
95678 Roseville,zcta,95678,Roseville,38.7653528,-121.2884731,469936,1862,2020-12-31,10,0,Zillow ZIP-level market for Roseville; mapped with Census 2020 ZCTA 95678 in Placer County.,,1862,Zillow ZORI,
95765 Rocklin,zcta,95765,Rocklin,38.8197384,-121.2783211,614431,2126,2020-12-31,10,0,Zillow ZIP-level market for Rocklin; mapped with Census 2020 ZCTA 95765 in Placer County.,,2126,Zillow ZORI,
95661 Roseville,zcta,95661,Roseville,38.7412743,-121.2492663,561548,1718,2020-12-31,10,0,Zillow ZIP-level market for Roseville; mapped with Census 2020 ZCTA 95661 in Placer County.,,1718,Zillow ZORI,
95603 Auburn,zcta,95603,Auburn,38.911346,-121.0857601,539382,,2020-12-31,10,0,Zillow ZIP-level market for Auburn; mapped with Census 2020 ZCTA 95603 in Placer County.,,,,
95677 Rocklin,zcta,95677,Rocklin,38.79292,-121.232006,550398,1896,2020-12-31,10,0,Zillow ZIP-level market for Rocklin; mapped with Census 2020 ZCTA 95677 in Placer County.,,1896,Zillow ZORI,
95746 Granite Bay,zcta,95746,Granite Bay,38.7469238,-121.1664336,901815,,2020-12-31,10,0,Zillow ZIP-level market for Granite Bay; mapped with Census 2020 ZCTA 95746 in Placer County.,,,,
95602 Auburn,zcta,95602,Auburn,38.9914911,-121.1035441,593936,,2020-12-31,10,0,Zillow ZIP-level market for Auburn; mapped with Census 2020 ZCTA 95602 in Placer County.,,,,
95650 Loomis,zcta,95650,Loomis,38.8091745,-121.171375,728713,,2020-12-31,10,0,Zillow ZIP-level market for Loomis; mapped with Census 2020 ZCTA 95650 in Placer County.,,,,
95713 Colfax,zcta,95713,Colfax,39.0813467,-120.9323895,458884,,2020-12-31,10,0,Zillow ZIP-level market for Colfax; mapped with Census 2020 ZCTA 95713 in Placer County.,,,,
95658 Newcastle,zcta,95658,Newcastle,38.8811828,-121.1690138,738182,,2020-12-31,10,0,Zillow ZIP-level market for Newcastle; mapped with Census 2020 ZCTA 95658 in Placer County.,,,,
95722 Meadow Vista,zcta,95722,Meadow Vista,39.0098006,-121.0347072,593106,,2020-12-31,10,0,Zillow ZIP-level market for Meadow Vista; mapped with Census 2020 ZCTA 95722 in Placer County.,,,,
95631 Foresthill,zcta,95631,Foresthill,39.0549436,-120.7539748,438356,,2020-12-31,10,0,Zillow ZIP-level market for Foresthill; mapped with Census 2020 ZCTA 95631 in Placer County.,,,,
96143 Kings Beach,zcta,96143,Kings Beach,39.2605746,-120.0262906,633759,,2020-12-31,10,0,Zillow ZIP-level market for Kings Beach; mapped with Census 2020 ZCTA 96143 in Placer County.,,,,
95663 Penryn,zcta,95663,Penryn,38.8573725,-121.1825262,749677,,2020-12-31,10,0,Zillow ZIP-level market for Penryn; mapped with Census 2020 ZCTA 95663 in Placer County.,,,,
96145 Tahoe City,zcta,96145,Tahoe City,39.1809984,-120.151396,978695,,2020-12-31,10,0,Zillow ZIP-level market for Tahoe City; mapped with Census 2020 ZCTA 96145 in Placer County.,,,,
96146 Olympic Valley,zcta,96146,Olympic Valley,39.2158973,-120.2451697,986027,,2020-12-31,10,0,Zillow ZIP-level market for Olympic Valley; mapped with Census 2020 ZCTA 96146 in Placer County.,,,,
95668 Pleasant Grove,zcta,95668,Pleasant Grove,38.8275549,-121.4951816,693481,,2020-12-31,10,0,Zillow ZIP-level market for Pleasant Grove; mapped with Census 2020 ZCTA 95668 in Placer County.,,,,
96148 Tahoe Vista,zcta,96148,Tahoe Vista,39.249777,-120.0575895,765252,,2020-12-31,10,0,Zillow ZIP-level market for Tahoe Vista; mapped with Census 2020 ZCTA 96148 in Placer County.,,,,
96140 Carnelian Bay,zcta,96140,Carnelian Bay,39.2320185,-120.0963996,902055,,2020-12-31,10,0,Zillow ZIP-level market for Carnelian Bay; mapped with Census 2020 ZCTA 96140 in Placer County.,,,,
96142 Tahoma,zcta,96142,Tahoma,38.9986311,-120.1038814,688930,,2020-12-31,10,0,Zillow ZIP-level market for Tahoma; mapped with Census 2020 ZCTA 96142 in Placer County.,,,,
95703 Applegate,zcta,95703,Applegate,38.9890274,-120.9877751,516749,,2020-12-31,10,0,Zillow ZIP-level market for Applegate; mapped with Census 2020 ZCTA 95703 in Placer County.,,,,
95681 Sheridan,zcta,95681,Sheridan,38.9980915,-121.354198,455286,,2020-12-31,10,0,Zillow ZIP-level market for Sheridan; mapped with Census 2020 ZCTA 95681 in Placer County.,,,,
95701 Alta,zcta,95701,Alta,39.226549,-120.7670224,409052,,2020-12-31,10,0,Zillow ZIP-level market for Alta; mapped with Census 2020 ZCTA 95701 in Placer County.,,,,
95715 nan,zcta,95715,nan,39.2766508,-120.644012,336842,,2020-12-31,10,0,Zillow ZIP-level market for nan; mapped with Census 2020 ZCTA 95715 in Placer County.,,,,
95728 Soda Springs,zcta,95728,Soda Springs,39.2946534,-120.4014066,626566,,2020-12-31,10,0,Zillow ZIP-level market for Soda Springs; mapped with Census 2020 ZCTA 95728 in Placer County.,,,,
95714 Dutch Flat,zcta,95714,Dutch Flat,39.2011586,-120.8367976,371068,,2020-12-31,10,0,Zillow ZIP-level market for Dutch Flat; mapped with Census 2020 ZCTA 95714 in Placer County.,,,,
96141 Homewood,zcta,96141,Homewood,39.0989284,-120.2052313,1017211,,2020-12-31,10,0,Zillow ZIP-level market for Homewood; mapped with Census 2020 ZCTA 96141 in Placer County.,,,,
95747 Roseville,zcta,95747,Roseville,38.7784212,-121.3688294,559136,2312,2021-01-31,10,0,Zillow ZIP-level market for Roseville; mapped with Census 2020 ZCTA 95747 in Placer County.,,2312,Zillow ZORI,
95648 Lincoln,zcta,95648,Lincoln,38.9228115,-121.3120046,549857,2408,2021-01-31,10,0,Zillow ZIP-level market for Lincoln; mapped with Census 2020 ZCTA 95648 in Placer County.,,2408,Zillow ZORI,
95678 Roseville,zcta,95678,Roseville,38.7653528,-121.2884731,478496,1882,2021-01-31,10,0,Zillow ZIP-level market for Roseville; mapped with Census 2020 ZCTA 95678 in Placer County.,,1882,Zillow ZORI,
95765 Rocklin,zcta,95765,Rocklin,38.8197384,-121.2783211,625237,2123,2021-01-31,10,0,Zillow ZIP-level market for Rocklin; mapped with Census 2020 ZCTA 95765 in Placer County.,,2123,Zillow ZORI,
95661 Roseville,zcta,95661,Roseville,38.7412743,-121.2492663,571726,1750,2021-01-31,10,0,Zillow ZIP-level market for Roseville; mapped with Census 2020 ZCTA 95661 in Placer County.,,1750,Zillow ZORI,
95603 Auburn,zcta,95603,Auburn,38.911346,-121.0857601,548251,,2021-01-31,10,0,Zillow ZIP-level market for Auburn; mapped with Census 2020 ZCTA 95603 in Placer County.,,,,
95677 Rocklin,zcta,95677,Rocklin,38.79292,-121.232006,560844,1893,2021-01-31,10,0,Zillow ZIP-level market for Rocklin; mapped with Census 2020 ZCTA 95677 in Placer County.,,1893,Zillow ZORI,
95746 Granite Bay,zcta,95746,Granite Bay,38.7469238,-121.1664336,921116,,2021-01-31,10,0,Zillow ZIP-level market for Granite Bay; mapped with Census 2020 ZCTA 95746 in Placer County.,,,,
95602 Auburn,zcta,95602,Auburn,38.9914911,-121.1035441,604376,,2021-01-31,10,0,Zillow ZIP-level market for Auburn; mapped with Census 2020 ZCTA 95602 in Placer County.,,,,
95650 Loomis,zcta,95650,Loomis,38.8091745,-121.171375,744934,,2021-01-31,10,0,Zillow ZIP-level market for Loomis; mapped with Census 2020 ZCTA 95650 in Placer County.,,,,
95713 Colfax,zcta,95713,Colfax,39.0813467,-120.9323895,465857,,2021-01-31,10,0,Zillow ZIP-level market for Colfax; mapped with Census 2020 ZCTA 95713 in Placer County.,,,,
95658 Newcastle,zcta,95658,Newcastle,38.8811828,-121.1690138,752700,,2021-01-31,10,0,Zillow ZIP-level market for Newcastle; mapped with Census 2020 ZCTA 95658 in Placer County.,,,,
95722 Meadow Vista,zcta,95722,Meadow Vista,39.0098006,-121.0347072,600821,,2021-01-31,10,0,Zillow ZIP-level market for Meadow Vista; mapped with Census 2020 ZCTA 95722 in Placer County.,,,,
95631 Foresthill,zcta,95631,Foresthill,39.0549436,-120.7539748,445697,,2021-01-31,10,0,Zillow ZIP-level market for Foresthill; mapped with Census 2020 ZCTA 95631 in Placer County.,,,,
96143 Kings Beach,zcta,96143,Kings Beach,39.2605746,-120.0262906,656379,,2021-01-31,10,0,Zillow ZIP-level market for Kings Beach; mapped with Census 2020 ZCTA 96143 in Placer County.,,,,
95663 Penryn,zcta,95663,Penryn,38.8573725,-121.1825262,766815,,2021-01-31,10,0,Zillow ZIP-level market for Penryn; mapped with Census 2020 ZCTA 95663 in Placer County.,,,,
96145 Tahoe City,zcta,96145,Tahoe City,39.1809984,-120.151396,1014278,,2021-01-31,10,0,Zillow ZIP-level market for Tahoe City; mapped with Census 2020 ZCTA 96145 in Placer County.,,,,
96146 Olympic Valley,zcta,96146,Olympic Valley,39.2158973,-120.2451697,1020506,,2021-01-31,10,0,Zillow ZIP-level market for Olympic Valley; mapped with Census 2020 ZCTA 96146 in Placer County.,,,,
95668 Pleasant Grove,zcta,95668,Pleasant Grove,38.8275549,-121.4951816,698868,,2021-01-31,10,0,Zillow ZIP-level market for Pleasant Grove; mapped with Census 2020 ZCTA 95668 in Placer County.,,,,
96148 Tahoe Vista,zcta,96148,Tahoe Vista,39.249777,-120.0575895,790656,,2021-01-31,10,0,Zillow ZIP-level market for Tahoe Vista; mapped with Census 2020 ZCTA 96148 in Placer County.,,,,
96140 Carnelian Bay,zcta,96140,Carnelian Bay,39.2320185,-120.0963996,930746,,2021-01-31,10,0,Zillow ZIP-level market for Carnelian Bay; mapped with Census 2020 ZCTA 96140 in Placer County.,,,,
96142 Tahoma,zcta,96142,Tahoma,38.9986311,-120.1038814,712836,,2021-01-31,10,0,Zillow ZIP-level market for Tahoma; mapped with Census 2020 ZCTA 96142 in Placer County.,,,,
95703 Applegate,zcta,95703,Applegate,38.9890274,-120.9877751,525902,,2021-01-31,10,0,Zillow ZIP-level market for Applegate; mapped with Census 2020 ZCTA 95703 in Placer County.,,,,
95681 Sheridan,zcta,95681,Sheridan,38.9980915,-121.354198,462502,,2021-01-31,10,0,Zillow ZIP-level market for Sheridan; mapped with Census 2020 ZCTA 95681 in Placer County.,,,,
95701 Alta,zcta,95701,Alta,39.226549,-120.7670224,417210,,2021-01-31,10,0,Zillow ZIP-level market for Alta; mapped with Census 2020 ZCTA 95701 in Placer County.,,,,
95715 nan,zcta,95715,nan,39.2766508,-120.644012,341320,,2021-01-31,10,0,Zillow ZIP-level market for nan; mapped with Census 2020 ZCTA 95715 in Placer County.,,,,
95728 Soda Springs,zcta,95728,Soda Springs,39.2946534,-120.4014066,641626,,2021-01-31,10,0,Zillow ZIP-level market for Soda Springs; mapped with Census 2020 ZCTA 95728 in Placer County.,,,,
95714 Dutch Flat,zcta,95714,Dutch Flat,39.2011586,-120.8367976,377722,,2021-01-31,10,0,Zillow ZIP-level market for Dutch Flat; mapped with Census 2020 ZCTA 95714 in Placer County.,,,,
96141 Homewood,zcta,96141,Homewood,39.0989284,-120.2052313,1051467,,2021-01-31,10,0,Zillow ZIP-level market for Homewood; mapped with Census 2020 ZCTA 96141 in Placer County.,,,,
95747 Roseville,zcta,95747,Roseville,38.7784212,-121.3688294,567981,2337,2021-02-28,10,0,Zillow ZIP-level market for Roseville; mapped with Census 2020 ZCTA 95747 in Placer County.,,2337,Zillow ZORI,
95648 Lincoln,zcta,95648,Lincoln,38.9228115,-121.3120046,558356,2424,2021-02-28,10,0,Zillow ZIP-level market for Lincoln; mapped with Census 2020 ZCTA 95648 in Placer County.,,2424,Zillow ZORI,
95678 Roseville,zcta,95678,Roseville,38.7653528,-121.2884731,486703,1888,2021-02-28,10,0,Zillow ZIP-level market for Roseville; mapped with Census 2020 ZCTA 95678 in Placer County.,,1888,Zillow ZORI,
95765 Rocklin,zcta,95765,Rocklin,38.8197384,-121.2783211,635488,2135,2021-02-28,10,0,Zillow ZIP-level market for Rocklin; mapped with Census 2020 ZCTA 95765 in Placer County.,,2135,Zillow ZORI,
95661 Roseville,zcta,95661,Roseville,38.7412743,-121.2492663,581488,1797,2021-02-28,10,0,Zillow ZIP-level market for Roseville; mapped with Census 2020 ZCTA 95661 in Placer County.,,1797,Zillow ZORI,
95603 Auburn,zcta,95603,Auburn,38.911346,-121.0857601,556704,,2021-02-28,10,0,Zillow ZIP-level market for Auburn; mapped with Census 2020 ZCTA 95603 in Placer County.,,,,
95677 Rocklin,zcta,95677,Rocklin,38.79292,-121.232006,570926,1908,2021-02-28,10,0,Zillow ZIP-level market for Rocklin; mapped with Census 2020 ZCTA 95677 in Placer County.,,1908,Zillow ZORI,
95746 Granite Bay,zcta,95746,Granite Bay,38.7469238,-121.1664336,938278,,2021-02-28,10,0,Zillow ZIP-level market for Granite Bay; mapped with Census 2020 ZCTA 95746 in Placer County.,,,,
95602 Auburn,zcta,95602,Auburn,38.9914911,-121.1035441,614333,,2021-02-28,10,0,Zillow ZIP-level market for Auburn; mapped with Census 2020 ZCTA 95602 in Placer County.,,,,
95650 Loomis,zcta,95650,Loomis,38.8091745,-121.171375,761355,,2021-02-28,10,0,Zillow ZIP-level market for Loomis; mapped with Census 2020 ZCTA 95650 in Placer County.,,,,
95713 Colfax,zcta,95713,Colfax,39.0813467,-120.9323895,472866,,2021-02-28,10,0,Zillow ZIP-level market for Colfax; mapped with Census 2020 ZCTA 95713 in Placer County.,,,,
95658 Newcastle,zcta,95658,Newcastle,38.8811828,-121.1690138,765404,,2021-02-28,10,0,Zillow ZIP-level market for Newcastle; mapped with Census 2020 ZCTA 95658 in Placer County.,,,,
95722 Meadow Vista,zcta,95722,Meadow Vista,39.0098006,-121.0347072,609953,,2021-02-28,10,0,Zillow ZIP-level market for Meadow Vista; mapped with Census 2020 ZCTA 95722 in Placer County.,,,,
95631 Foresthill,zcta,95631,Foresthill,39.0549436,-120.7539748,452633,,2021-02-28,10,0,Zillow ZIP-level market for Foresthill; mapped with Census 2020 ZCTA 95631 in Placer County.,,,,
96143 Kings Beach,zcta,96143,Kings Beach,39.2605746,-120.0262906,675380,,2021-02-28,10,0,Zillow ZIP-level market for Kings Beach; mapped with Census 2020 ZCTA 96143 in Placer County.,,,,
95663 Penryn,zcta,95663,Penryn,38.8573725,-121.1825262,782221,,2021-02-28,10,0,Zillow ZIP-level market for Penryn; mapped with Census 2020 ZCTA 95663 in Placer County.,,,,
96145 Tahoe City,zcta,96145,Tahoe City,39.1809984,-120.151396,1041661,,2021-02-28,10,0,Zillow ZIP-level market for Tahoe City; mapped with Census 2020 ZCTA 96145 in Placer County.,,,,
96146 Olympic Valley,zcta,96146,Olympic Valley,39.2158973,-120.2451697,1050316,,2021-02-28,10,0,Zillow ZIP-level market for Olympic Valley; mapped with Census 2020 ZCTA 96146 in Placer County.,,,,
95668 Pleasant Grove,zcta,95668,Pleasant Grove,38.8275549,-121.4951816,705473,,2021-02-28,10,0,Zillow ZIP-level market for Pleasant Grove; mapped with Census 2020 ZCTA 95668 in Placer County.,,,,
96148 Tahoe Vista,zcta,96148,Tahoe Vista,39.249777,-120.0575895,814540,,2021-02-28,10,0,Zillow ZIP-level market for Tahoe Vista; mapped with Census 2020 ZCTA 96148 in Placer County.,,,,
96140 Carnelian Bay,zcta,96140,Carnelian Bay,39.2320185,-120.0963996,955338,,2021-02-28,10,0,Zillow ZIP-level market for Carnelian Bay; mapped with Census 2020 ZCTA 96140 in Placer County.,,,,
96142 Tahoma,zcta,96142,Tahoma,38.9986311,-120.1038814,734153,,2021-02-28,10,0,Zillow ZIP-level market for Tahoma; mapped with Census 2020 ZCTA 96142 in Placer County.,,,,
95703 Applegate,zcta,95703,Applegate,38.9890274,-120.9877751,534511,,2021-02-28,10,0,Zillow ZIP-level market for Applegate; mapped with Census 2020 ZCTA 95703 in Placer County.,,,,
95681 Sheridan,zcta,95681,Sheridan,38.9980915,-121.354198,469173,,2021-02-28,10,0,Zillow ZIP-level market for Sheridan; mapped with Census 2020 ZCTA 95681 in Placer County.,,,,
95701 Alta,zcta,95701,Alta,39.226549,-120.7670224,424948,,2021-02-28,10,0,Zillow ZIP-level market for Alta; mapped with Census 2020 ZCTA 95701 in Placer County.,,,,
95715 nan,zcta,95715,nan,39.2766508,-120.644012,347219,,2021-02-28,10,0,Zillow ZIP-level market for nan; mapped with Census 2020 ZCTA 95715 in Placer County.,,,,
95728 Soda Springs,zcta,95728,Soda Springs,39.2946534,-120.4014066,656355,,2021-02-28,10,0,Zillow ZIP-level market for Soda Springs; mapped with Census 2020 ZCTA 95728 in Placer County.,,,,
95714 Dutch Flat,zcta,95714,Dutch Flat,39.2011586,-120.8367976,383910,,2021-02-28,10,0,Zillow ZIP-level market for Dutch Flat; mapped with Census 2020 ZCTA 95714 in Placer County.,,,,
96141 Homewood,zcta,96141,Homewood,39.0989284,-120.2052313,1082767,,2021-02-28,10,0,Zillow ZIP-level market for Homewood; mapped with Census 2020 ZCTA 96141 in Placer County.,,,,
95747 Roseville,zcta,95747,Roseville,38.7784212,-121.3688294,577988,2371,2021-03-31,10,0,Zillow ZIP-level market for Roseville; mapped with Census 2020 ZCTA 95747 in Placer County.,,2371,Zillow ZORI,
95648 Lincoln,zcta,95648,Lincoln,38.9228115,-121.3120046,567548,2444,2021-03-31,10,0,Zillow ZIP-level market for Lincoln; mapped with Census 2020 ZCTA 95648 in Placer County.,,2444,Zillow ZORI,
95678 Roseville,zcta,95678,Roseville,38.7653528,-121.2884731,495248,1906,2021-03-31,10,0,Zillow ZIP-level market for Roseville; mapped with Census 2020 ZCTA 95678 in Placer County.,,1906,Zillow ZORI,
95765 Rocklin,zcta,95765,Rocklin,38.8197384,-121.2783211,646303,2147,2021-03-31,10,0,Zillow ZIP-level market for Rocklin; mapped with Census 2020 ZCTA 95765 in Placer County.,,2147,Zillow ZORI,
95661 Roseville,zcta,95661,Roseville,38.7412743,-121.2492663,591601,1802,2021-03-31,10,0,Zillow ZIP-level market for Roseville; mapped with Census 2020 ZCTA 95661 in Placer County.,,1802,Zillow ZORI,
95603 Auburn,zcta,95603,Auburn,38.911346,-121.0857601,565443,,2021-03-31,10,0,Zillow ZIP-level market for Auburn; mapped with Census 2020 ZCTA 95603 in Placer County.,,,,
95677 Rocklin,zcta,95677,Rocklin,38.79292,-121.232006,580609,1914,2021-03-31,10,0,Zillow ZIP-level market for Rocklin; mapped with Census 2020 ZCTA 95677 in Placer County.,,1914,Zillow ZORI,
95746 Granite Bay,zcta,95746,Granite Bay,38.7469238,-121.1664336,954195,,2021-03-31,10,0,Zillow ZIP-level market for Granite Bay; mapped with Census 2020 ZCTA 95746 in Placer County.,,,,
95602 Auburn,zcta,95602,Auburn,38.9914911,-121.1035441,625078,,2021-03-31,10,0,Zillow ZIP-level market for Auburn; mapped with Census 2020 ZCTA 95602 in Placer County.,,,,
95650 Loomis,zcta,95650,Loomis,38.8091745,-121.171375,776932,,2021-03-31,10,0,Zillow ZIP-level market for Loomis; mapped with Census 2020 ZCTA 95650 in Placer County.,,,,
95713 Colfax,zcta,95713,Colfax,39.0813467,-120.9323895,479262,,2021-03-31,10,0,Zillow ZIP-level market for Colfax; mapped with Census 2020 ZCTA 95713 in Placer County.,,,,
95658 Newcastle,zcta,95658,Newcastle,38.8811828,-121.1690138,778162,,2021-03-31,10,0,Zillow ZIP-level market for Newcastle; mapped with Census 2020 ZCTA 95658 in Placer County.,,,,
95722 Meadow Vista,zcta,95722,Meadow Vista,39.0098006,-121.0347072,619640,,2021-03-31,10,0,Zillow ZIP-level market for Meadow Vista; mapped with Census 2020 ZCTA 95722 in Placer County.,,,,
95631 Foresthill,zcta,95631,Foresthill,39.0549436,-120.7539748,459916,,2021-03-31,10,0,Zillow ZIP-level market for Foresthill; mapped with Census 2020 ZCTA 95631 in Placer County.,,,,
96143 Kings Beach,zcta,96143,Kings Beach,39.2605746,-120.0262906,692295,,2021-03-31,10,0,Zillow ZIP-level market for Kings Beach; mapped with Census 2020 ZCTA 96143 in Placer County.,,,,
95663 Penryn,zcta,95663,Penryn,38.8573725,-121.1825262,798453,,2021-03-31,10,0,Zillow ZIP-level market for Penryn; mapped with Census 2020 ZCTA 95663 in Placer County.,,,,
96145 Tahoe City,zcta,96145,Tahoe City,39.1809984,-120.151396,1068226,,2021-03-31,10,0,Zillow ZIP-level market for Tahoe City; mapped with Census 2020 ZCTA 96145 in Placer County.,,,,
96146 Olympic Valley,zcta,96146,Olympic Valley,39.2158973,-120.2451697,1078311,,2021-03-31,10,0,Zillow ZIP-level market for Olympic Valley; mapped with Census 2020 ZCTA 96146 in Placer County.,,,,
95668 Pleasant Grove,zcta,95668,Pleasant Grove,38.8275549,-121.4951816,713722,,2021-03-31,10,0,Zillow ZIP-level market for Pleasant Grove; mapped with Census 2020 ZCTA 95668 in Placer County.,,,,
96148 Tahoe Vista,zcta,96148,Tahoe Vista,39.249777,-120.0575895,838921,,2021-03-31,10,0,Zillow ZIP-level market for Tahoe Vista; mapped with Census 2020 ZCTA 96148 in Placer County.,,,,
96140 Carnelian Bay,zcta,96140,Carnelian Bay,39.2320185,-120.0963996,982035,,2021-03-31,10,0,Zillow ZIP-level market for Carnelian Bay; mapped with Census 2020 ZCTA 96140 in Placer County.,,,,
96142 Tahoma,zcta,96142,Tahoma,38.9986311,-120.1038814,757924,,2021-03-31,10,0,Zillow ZIP-level market for Tahoma; mapped with Census 2020 ZCTA 96142 in Placer County.,,,,
95703 Applegate,zcta,95703,Applegate,38.9890274,-120.9877751,542501,,2021-03-31,10,0,Zillow ZIP-level market for Applegate; mapped with Census 2020 ZCTA 95703 in Placer County.,,,,
95681 Sheridan,zcta,95681,Sheridan,38.9980915,-121.354198,475420,,2021-03-31,10,0,Zillow ZIP-level market for Sheridan; mapped with Census 2020 ZCTA 95681 in Placer County.,,,,
95701 Alta,zcta,95701,Alta,39.226549,-120.7670224,431607,,2021-03-31,10,0,Zillow ZIP-level market for Alta; mapped with Census 2020 ZCTA 95701 in Placer County.,,,,
95715 nan,zcta,95715,nan,39.2766508,-120.644012,353246,,2021-03-31,10,0,Zillow ZIP-level market for nan; mapped with Census 2020 ZCTA 95715 in Placer County.,,,,
95728 Soda Springs,zcta,95728,Soda Springs,39.2946534,-120.4014066,672442,,2021-03-31,10,0,Zillow ZIP-level market for Soda Springs; mapped with Census 2020 ZCTA 95728 in Placer County.,,,,
95714 Dutch Flat,zcta,95714,Dutch Flat,39.2011586,-120.8367976,388877,,2021-03-31,10,0,Zillow ZIP-level market for Dutch Flat; mapped with Census 2020 ZCTA 95714 in Placer County.,,,,
96141 Homewood,zcta,96141,Homewood,39.0989284,-120.2052313,1113231,,2021-03-31,10,0,Zillow ZIP-level market for Homewood; mapped with Census 2020 ZCTA 96141 in Placer County.,,,,
95747 Roseville,zcta,95747,Roseville,38.7784212,-121.3688294,590074,2414,2021-04-30,10,0,Zillow ZIP-level market for Roseville; mapped with Census 2020 ZCTA 95747 in Placer County.,,2414,Zillow ZORI,
95648 Lincoln,zcta,95648,Lincoln,38.9228115,-121.3120046,578406,2459,2021-04-30,10,0,Zillow ZIP-level market for Lincoln; mapped with Census 2020 ZCTA 95648 in Placer County.,,2459,Zillow ZORI,
95678 Roseville,zcta,95678,Roseville,38.7653528,-121.2884731,504764,1915,2021-04-30,10,0,Zillow ZIP-level market for Roseville; mapped with Census 2020 ZCTA 95678 in Placer County.,,1915,Zillow ZORI,
95765 Rocklin,zcta,95765,Rocklin,38.8197384,-121.2783211,658499,2177,2021-04-30,10,0,Zillow ZIP-level market for Rocklin; mapped with Census 2020 ZCTA 95765 in Placer County.,,2177,Zillow ZORI,
95661 Roseville,zcta,95661,Roseville,38.7412743,-121.2492663,603390,1809,2021-04-30,10,0,Zillow ZIP-level market for Roseville; mapped with Census 2020 ZCTA 95661 in Placer County.,,1809,Zillow ZORI,
95603 Auburn,zcta,95603,Auburn,38.911346,-121.0857601,576123,,2021-04-30,10,0,Zillow ZIP-level market for Auburn; mapped with Census 2020 ZCTA 95603 in Placer County.,,,,
95677 Rocklin,zcta,95677,Rocklin,38.79292,-121.232006,591734,1959,2021-04-30,10,0,Zillow ZIP-level market for Rocklin; mapped with Census 2020 ZCTA 95677 in Placer County.,,1959,Zillow ZORI,
95746 Granite Bay,zcta,95746,Granite Bay,38.7469238,-121.1664336,974679,,2021-04-30,10,0,Zillow ZIP-level market for Granite Bay; mapped with Census 2020 ZCTA 95746 in Placer County.,,,,
95602 Auburn,zcta,95602,Auburn,38.9914911,-121.1035441,639134,,2021-04-30,10,0,Zillow ZIP-level market for Auburn; mapped with Census 2020 ZCTA 95602 in Placer County.,,,,
95650 Loomis,zcta,95650,Loomis,38.8091745,-121.171375,796753,,2021-04-30,10,0,Zillow ZIP-level market for Loomis; mapped with Census 2020 ZCTA 95650 in Placer County.,,,,
95713 Colfax,zcta,95713,Colfax,39.0813467,-120.9323895,487175,,2021-04-30,10,0,Zillow ZIP-level market for Colfax; mapped with Census 2020 ZCTA 95713 in Placer County.,,,,
95658 Newcastle,zcta,95658,Newcastle,38.8811828,-121.1690138,795476,,2021-04-30,10,0,Zillow ZIP-level market for Newcastle; mapped with Census 2020 ZCTA 95658 in Placer County.,,,,
95722 Meadow Vista,zcta,95722,Meadow Vista,39.0098006,-121.0347072,632573,,2021-04-30,10,0,Zillow ZIP-level market for Meadow Vista; mapped with Census 2020 ZCTA 95722 in Placer County.,,,,
95631 Foresthill,zcta,95631,Foresthill,39.0549436,-120.7539748,468173,,2021-04-30,10,0,Zillow ZIP-level market for Foresthill; mapped with Census 2020 ZCTA 95631 in Placer County.,,,,
96143 Kings Beach,zcta,96143,Kings Beach,39.2605746,-120.0262906,713259,,2021-04-30,10,0,Zillow ZIP-level market for Kings Beach; mapped with Census 2020 ZCTA 96143 in Placer County.,,,,
95663 Penryn,zcta,95663,Penryn,38.8573725,-121.1825262,818520,,2021-04-30,10,0,Zillow ZIP-level market for Penryn; mapped with Census 2020 ZCTA 95663 in Placer County.,,,,
96145 Tahoe City,zcta,96145,Tahoe City,39.1809984,-120.151396,1103711,,2021-04-30,10,0,Zillow ZIP-level market for Tahoe City; mapped with Census 2020 ZCTA 96145 in Placer County.,,,,
96146 Olympic Valley,zcta,96146,Olympic Valley,39.2158973,-120.2451697,1110377,,2021-04-30,10,0,Zillow ZIP-level market for Olympic Valley; mapped with Census 2020 ZCTA 96146 in Placer County.,,,,
95668 Pleasant Grove,zcta,95668,Pleasant Grove,38.8275549,-121.4951816,725690,,2021-04-30,10,0,Zillow ZIP-level market for Pleasant Grove; mapped with Census 2020 ZCTA 95668 in Placer County.,,,,
96148 Tahoe Vista,zcta,96148,Tahoe Vista,39.249777,-120.0575895,867110,,2021-04-30,10,0,Zillow ZIP-level market for Tahoe Vista; mapped with Census 2020 ZCTA 96148 in Placer County.,,,,
96140 Carnelian Bay,zcta,96140,Carnelian Bay,39.2320185,-120.0963996,1016298,,2021-04-30,10,0,Zillow ZIP-level market for Carnelian Bay; mapped with Census 2020 ZCTA 96140 in Placer County.,,,,
96142 Tahoma,zcta,96142,Tahoma,38.9986311,-120.1038814,786024,,2021-04-30,10,0,Zillow ZIP-level market for Tahoma; mapped with Census 2020 ZCTA 96142 in Placer County.,,,,
95703 Applegate,zcta,95703,Applegate,38.9890274,-120.9877751,551912,,2021-04-30,10,0,Zillow ZIP-level market for Applegate; mapped with Census 2020 ZCTA 95703 in Placer County.,,,,
95681 Sheridan,zcta,95681,Sheridan,38.9980915,-121.354198,483257,,2021-04-30,10,0,Zillow ZIP-level market for Sheridan; mapped with Census 2020 ZCTA 95681 in Placer County.,,,,
95701 Alta,zcta,95701,Alta,39.226549,-120.7670224,438386,,2021-04-30,10,0,Zillow ZIP-level market for Alta; mapped with Census 2020 ZCTA 95701 in Placer County.,,,,
95715 nan,zcta,95715,nan,39.2766508,-120.644012,358982,,2021-04-30,10,0,Zillow ZIP-level market for nan; mapped with Census 2020 ZCTA 95715 in Placer County.,,,,
95728 Soda Springs,zcta,95728,Soda Springs,39.2946534,-120.4014066,691527,,2021-04-30,10,0,Zillow ZIP-level market for Soda Springs; mapped with Census 2020 ZCTA 95728 in Placer County.,,,,
95714 Dutch Flat,zcta,95714,Dutch Flat,39.2011586,-120.8367976,393960,,2021-04-30,10,0,Zillow ZIP-level market for Dutch Flat; mapped with Census 2020 ZCTA 95714 in Placer County.,,,,
96141 Homewood,zcta,96141,Homewood,39.0989284,-120.2052313,1140360,,2021-04-30,10,0,Zillow ZIP-level market for Homewood; mapped with Census 2020 ZCTA 96141 in Placer County.,,,,
95747 Roseville,zcta,95747,Roseville,38.7784212,-121.3688294,603697,2468,2021-05-31,10,0,Zillow ZIP-level market for Roseville; mapped with Census 2020 ZCTA 95747 in Placer County.,,2468,Zillow ZORI,
95648 Lincoln,zcta,95648,Lincoln,38.9228115,-121.3120046,590756,2487,2021-05-31,10,0,Zillow ZIP-level market for Lincoln; mapped with Census 2020 ZCTA 95648 in Placer County.,,2487,Zillow ZORI,
95678 Roseville,zcta,95678,Roseville,38.7653528,-121.2884731,515344,1951,2021-05-31,10,0,Zillow ZIP-level market for Roseville; mapped with Census 2020 ZCTA 95678 in Placer County.,,1951,Zillow ZORI,
95765 Rocklin,zcta,95765,Rocklin,38.8197384,-121.2783211,672828,2229,2021-05-31,10,0,Zillow ZIP-level market for Rocklin; mapped with Census 2020 ZCTA 95765 in Placer County.,,2229,Zillow ZORI,
95661 Roseville,zcta,95661,Roseville,38.7412743,-121.2492663,616549,1817,2021-05-31,10,0,Zillow ZIP-level market for Roseville; mapped with Census 2020 ZCTA 95661 in Placer County.,,1817,Zillow ZORI,
95603 Auburn,zcta,95603,Auburn,38.911346,-121.0857601,587956,,2021-05-31,10,0,Zillow ZIP-level market for Auburn; mapped with Census 2020 ZCTA 95603 in Placer County.,,,,
95677 Rocklin,zcta,95677,Rocklin,38.79292,-121.232006,604009,2011,2021-05-31,10,0,Zillow ZIP-level market for Rocklin; mapped with Census 2020 ZCTA 95677 in Placer County.,,2011,Zillow ZORI,
95746 Granite Bay,zcta,95746,Granite Bay,38.7469238,-121.1664336,1000886,,2021-05-31,10,0,Zillow ZIP-level market for Granite Bay; mapped with Census 2020 ZCTA 95746 in Placer County.,,,,
95602 Auburn,zcta,95602,Auburn,38.9914911,-121.1035441,655598,,2021-05-31,10,0,Zillow ZIP-level market for Auburn; mapped with Census 2020 ZCTA 95602 in Placer County.,,,,
95650 Loomis,zcta,95650,Loomis,38.8091745,-121.171375,817766,,2021-05-31,10,0,Zillow ZIP-level market for Loomis; mapped with Census 2020 ZCTA 95650 in Placer County.,,,,
95713 Colfax,zcta,95713,Colfax,39.0813467,-120.9323895,495690,,2021-05-31,10,0,Zillow ZIP-level market for Colfax; mapped with Census 2020 ZCTA 95713 in Placer County.,,,,
95658 Newcastle,zcta,95658,Newcastle,38.8811828,-121.1690138,817408,,2021-05-31,10,0,Zillow ZIP-level market for Newcastle; mapped with Census 2020 ZCTA 95658 in Placer County.,,,,
95722 Meadow Vista,zcta,95722,Meadow Vista,39.0098006,-121.0347072,645891,,2021-05-31,10,0,Zillow ZIP-level market for Meadow Vista; mapped with Census 2020 ZCTA 95722 in Placer County.,,,,
95631 Foresthill,zcta,95631,Foresthill,39.0549436,-120.7539748,477394,,2021-05-31,10,0,Zillow ZIP-level market for Foresthill; mapped with Census 2020 ZCTA 95631 in Placer County.,,,,
96143 Kings Beach,zcta,96143,Kings Beach,39.2605746,-120.0262906,737771,,2021-05-31,10,0,Zillow ZIP-level market for Kings Beach; mapped with Census 2020 ZCTA 96143 in Placer County.,,,,
95663 Penryn,zcta,95663,Penryn,38.8573725,-121.1825262,841366,,2021-05-31,10,0,Zillow ZIP-level market for Penryn; mapped with Census 2020 ZCTA 95663 in Placer County.,,,,
96145 Tahoe City,zcta,96145,Tahoe City,39.1809984,-120.151396,1150003,,2021-05-31,10,0,Zillow ZIP-level market for Tahoe City; mapped with Census 2020 ZCTA 96145 in Placer County.,,,,
96146 Olympic Valley,zcta,96146,Olympic Valley,39.2158973,-120.2451697,1148036,,2021-05-31,10,0,Zillow ZIP-level market for Olympic Valley; mapped with Census 2020 ZCTA 96146 in Placer County.,,,,
95668 Pleasant Grove,zcta,95668,Pleasant Grove,38.8275549,-121.4951816,743461,,2021-05-31,10,0,Zillow ZIP-level market for Pleasant Grove; mapped with Census 2020 ZCTA 95668 in Placer County.,,,,
96148 Tahoe Vista,zcta,96148,Tahoe Vista,39.249777,-120.0575895,902465,,2021-05-31,10,0,Zillow ZIP-level market for Tahoe Vista; mapped with Census 2020 ZCTA 96148 in Placer County.,,,,
96140 Carnelian Bay,zcta,96140,Carnelian Bay,39.2320185,-120.0963996,1062282,,2021-05-31,10,0,Zillow ZIP-level market for Carnelian Bay; mapped with Census 2020 ZCTA 96140 in Placer County.,,,,
96142 Tahoma,zcta,96142,Tahoma,38.9986311,-120.1038814,815839,,2021-05-31,10,0,Zillow ZIP-level market for Tahoma; mapped with Census 2020 ZCTA 96142 in Placer County.,,,,
95703 Applegate,zcta,95703,Applegate,38.9890274,-120.9877751,560393,,2021-05-31,10,0,Zillow ZIP-level market for Applegate; mapped with Census 2020 ZCTA 95703 in Placer County.,,,,
95681 Sheridan,zcta,95681,Sheridan,38.9980915,-121.354198,491422,,2021-05-31,10,0,Zillow ZIP-level market for Sheridan; mapped with Census 2020 ZCTA 95681 in Placer County.,,,,
95701 Alta,zcta,95701,Alta,39.226549,-120.7670224,445396,,2021-05-31,10,0,Zillow ZIP-level market for Alta; mapped with Census 2020 ZCTA 95701 in Placer County.,,,,
95715 nan,zcta,95715,nan,39.2766508,-120.644012,366508,,2021-05-31,10,0,Zillow ZIP-level market for nan; mapped with Census 2020 ZCTA 95715 in Placer County.,,,,
95728 Soda Springs,zcta,95728,Soda Springs,39.2946534,-120.4014066,710489,,2021-05-31,10,0,Zillow ZIP-level market for Soda Springs; mapped with Census 2020 ZCTA 95728 in Placer County.,,,,
95714 Dutch Flat,zcta,95714,Dutch Flat,39.2011586,-120.8367976,400394,,2021-05-31,10,0,Zillow ZIP-level market for Dutch Flat; mapped with Census 2020 ZCTA 95714 in Placer County.,,,,
96141 Homewood,zcta,96141,Homewood,39.0989284,-120.2052313,1175176,,2021-05-31,10,0,Zillow ZIP-level market for Homewood; mapped with Census 2020 ZCTA 96141 in Placer County.,,,,
95747 Roseville,zcta,95747,Roseville,38.7784212,-121.3688294,617813,2537,2021-06-30,10,0,Zillow ZIP-level market for Roseville; mapped with Census 2020 ZCTA 95747 in Placer County.,,2537,Zillow ZORI,
95648 Lincoln,zcta,95648,Lincoln,38.9228115,-121.3120046,603766,2486,2021-06-30,10,0,Zillow ZIP-level market for Lincoln; mapped with Census 2020 ZCTA 95648 in Placer County.,,2486,Zillow ZORI,
95678 Roseville,zcta,95678,Roseville,38.7653528,-121.2884731,526176,1982,2021-06-30,10,0,Zillow ZIP-level market for Roseville; mapped with Census 2020 ZCTA 95678 in Placer County.,,1982,Zillow ZORI,
95765 Rocklin,zcta,95765,Rocklin,38.8197384,-121.2783211,688141,2266,2021-06-30,10,0,Zillow ZIP-level market for Rocklin; mapped with Census 2020 ZCTA 95765 in Placer County.,,2266,Zillow ZORI,
95661 Roseville,zcta,95661,Roseville,38.7412743,-121.2492663,630671,1852,2021-06-30,10,0,Zillow ZIP-level market for Roseville; mapped with Census 2020 ZCTA 95661 in Placer County.,,1852,Zillow ZORI,
95603 Auburn,zcta,95603,Auburn,38.911346,-121.0857601,600047,,2021-06-30,10,0,Zillow ZIP-level market for Auburn; mapped with Census 2020 ZCTA 95603 in Placer County.,,,,
95677 Rocklin,zcta,95677,Rocklin,38.79292,-121.232006,616716,2085,2021-06-30,10,0,Zillow ZIP-level market for Rocklin; mapped with Census 2020 ZCTA 95677 in Placer County.,,2085,Zillow ZORI,
95746 Granite Bay,zcta,95746,Granite Bay,38.7469238,-121.1664336,1030008,,2021-06-30,10,0,Zillow ZIP-level market for Granite Bay; mapped with Census 2020 ZCTA 95746 in Placer County.,,,,
95602 Auburn,zcta,95602,Auburn,38.9914911,-121.1035441,672392,,2021-06-30,10,0,Zillow ZIP-level market for Auburn; mapped with Census 2020 ZCTA 95602 in Placer County.,,,,
95650 Loomis,zcta,95650,Loomis,38.8091745,-121.171375,839207,,2021-06-30,10,0,Zillow ZIP-level market for Loomis; mapped with Census 2020 ZCTA 95650 in Placer County.,,,,
95713 Colfax,zcta,95713,Colfax,39.0813467,-120.9323895,505225,,2021-06-30,10,0,Zillow ZIP-level market for Colfax; mapped with Census 2020 ZCTA 95713 in Placer County.,,,,
95658 Newcastle,zcta,95658,Newcastle,38.8811828,-121.1690138,839171,,2021-06-30,10,0,Zillow ZIP-level market for Newcastle; mapped with Census 2020 ZCTA 95658 in Placer County.,,,,
95722 Meadow Vista,zcta,95722,Meadow Vista,39.0098006,-121.0347072,658890,,2021-06-30,10,0,Zillow ZIP-level market for Meadow Vista; mapped with Census 2020 ZCTA 95722 in Placer County.,,,,
95631 Foresthill,zcta,95631,Foresthill,39.0549436,-120.7539748,486598,,2021-06-30,10,0,Zillow ZIP-level market for Foresthill; mapped with Census 2020 ZCTA 95631 in Placer County.,,,,
96143 Kings Beach,zcta,96143,Kings Beach,39.2605746,-120.0262906,762629,,2021-06-30,10,0,Zillow ZIP-level market for Kings Beach; mapped with Census 2020 ZCTA 96143 in Placer County.,,,,
95663 Penryn,zcta,95663,Penryn,38.8573725,-121.1825262,862573,,2021-06-30,10,0,Zillow ZIP-level market for Penryn; mapped with Census 2020 ZCTA 95663 in Placer County.,,,,
96145 Tahoe City,zcta,96145,Tahoe City,39.1809984,-120.151396,1193618,,2021-06-30,10,0,Zillow ZIP-level market for Tahoe City; mapped with Census 2020 ZCTA 96145 in Placer County.,,,,
96146 Olympic Valley,zcta,96146,Olympic Valley,39.2158973,-120.2451697,1186723,,2021-06-30,10,0,Zillow ZIP-level market for Olympic Valley; mapped with Census 2020 ZCTA 96146 in Placer County.,,,,
95668 Pleasant Grove,zcta,95668,Pleasant Grove,38.8275549,-121.4951816,762317,,2021-06-30,10,0,Zillow ZIP-level market for Pleasant Grove; mapped with Census 2020 ZCTA 95668 in Placer County.,,,,
96148 Tahoe Vista,zcta,96148,Tahoe Vista,39.249777,-120.0575895,937711,,2021-06-30,10,0,Zillow ZIP-level market for Tahoe Vista; mapped with Census 2020 ZCTA 96148 in Placer County.,,,,
96140 Carnelian Bay,zcta,96140,Carnelian Bay,39.2320185,-120.0963996,1113281,,2021-06-30,10,0,Zillow ZIP-level market for Carnelian Bay; mapped with Census 2020 ZCTA 96140 in Placer County.,,,,
96142 Tahoma,zcta,96142,Tahoma,38.9986311,-120.1038814,843522,,2021-06-30,10,0,Zillow ZIP-level market for Tahoma; mapped with Census 2020 ZCTA 96142 in Placer County.,,,,
95703 Applegate,zcta,95703,Applegate,38.9890274,-120.9877751,568883,,2021-06-30,10,0,Zillow ZIP-level market for Applegate; mapped with Census 2020 ZCTA 95703 in Placer County.,,,,
95681 Sheridan,zcta,95681,Sheridan,38.9980915,-121.354198,499785,,2021-06-30,10,0,Zillow ZIP-level market for Sheridan; mapped with Census 2020 ZCTA 95681 in Placer County.,,,,
95701 Alta,zcta,95701,Alta,39.226549,-120.7670224,452616,,2021-06-30,10,0,Zillow ZIP-level market for Alta; mapped with Census 2020 ZCTA 95701 in Placer County.,,,,
95715 nan,zcta,95715,nan,39.2766508,-120.644012,377207,,2021-06-30,10,0,Zillow ZIP-level market for nan; mapped with Census 2020 ZCTA 95715 in Placer County.,,,,
95728 Soda Springs,zcta,95728,Soda Springs,39.2946534,-120.4014066,727577,,2021-06-30,10,0,Zillow ZIP-level market for Soda Springs; mapped with Census 2020 ZCTA 95728 in Placer County.,,,,
95714 Dutch Flat,zcta,95714,Dutch Flat,39.2011586,-120.8367976,407338,,2021-06-30,10,0,Zillow ZIP-level market for Dutch Flat; mapped with Census 2020 ZCTA 95714 in Placer County.,,,,
96141 Homewood,zcta,96141,Homewood,39.0989284,-120.2052313,1213571,,2021-06-30,10,0,Zillow ZIP-level market for Homewood; mapped with Census 2020 ZCTA 96141 in Placer County.,,,,
95747 Roseville,zcta,95747,Roseville,38.7784212,-121.3688294,629932,2622,2021-07-31,10,0,Zillow ZIP-level market for Roseville; mapped with Census 2020 ZCTA 95747 in Placer County.,,2622,Zillow ZORI,
95648 Lincoln,zcta,95648,Lincoln,38.9228115,-121.3120046,614994,2508,2021-07-31,10,0,Zillow ZIP-level market for Lincoln; mapped with Census 2020 ZCTA 95648 in Placer County.,,2508,Zillow ZORI,
95678 Roseville,zcta,95678,Roseville,38.7653528,-121.2884731,535187,2034,2021-07-31,10,0,Zillow ZIP-level market for Roseville; mapped with Census 2020 ZCTA 95678 in Placer County.,,2034,Zillow ZORI,
95765 Rocklin,zcta,95765,Rocklin,38.8197384,-121.2783211,701923,2294,2021-07-31,10,0,Zillow ZIP-level market for Rocklin; mapped with Census 2020 ZCTA 95765 in Placer County.,,2294,Zillow ZORI,
95661 Roseville,zcta,95661,Roseville,38.7412743,-121.2492663,642895,1925,2021-07-31,10,0,Zillow ZIP-level market for Roseville; mapped with Census 2020 ZCTA 95661 in Placer County.,,1925,Zillow ZORI,
95603 Auburn,zcta,95603,Auburn,38.911346,-121.0857601,610259,,2021-07-31,10,0,Zillow ZIP-level market for Auburn; mapped with Census 2020 ZCTA 95603 in Placer County.,,,,
95677 Rocklin,zcta,95677,Rocklin,38.79292,-121.232006,627077,2120,2021-07-31,10,0,Zillow ZIP-level market for Rocklin; mapped with Census 2020 ZCTA 95677 in Placer County.,,2120,Zillow ZORI,
95746 Granite Bay,zcta,95746,Granite Bay,38.7469238,-121.1664336,1054458,,2021-07-31,10,0,Zillow ZIP-level market for Granite Bay; mapped with Census 2020 ZCTA 95746 in Placer County.,,,,
95602 Auburn,zcta,95602,Auburn,38.9914911,-121.1035441,684389,,2021-07-31,10,0,Zillow ZIP-level market for Auburn; mapped with Census 2020 ZCTA 95602 in Placer County.,,,,
95650 Loomis,zcta,95650,Loomis,38.8091745,-121.171375,855839,,2021-07-31,10,0,Zillow ZIP-level market for Loomis; mapped with Census 2020 ZCTA 95650 in Placer County.,,,,
95713 Colfax,zcta,95713,Colfax,39.0813467,-120.9323895,513463,,2021-07-31,10,0,Zillow ZIP-level market for Colfax; mapped with Census 2020 ZCTA 95713 in Placer County.,,,,
95658 Newcastle,zcta,95658,Newcastle,38.8811828,-121.1690138,854890,,2021-07-31,10,0,Zillow ZIP-level market for Newcastle; mapped with Census 2020 ZCTA 95658 in Placer County.,,,,
95722 Meadow Vista,zcta,95722,Meadow Vista,39.0098006,-121.0347072,669002,,2021-07-31,10,0,Zillow ZIP-level market for Meadow Vista; mapped with Census 2020 ZCTA 95722 in Placer County.,,,,
95631 Foresthill,zcta,95631,Foresthill,39.0549436,-120.7539748,494804,,2021-07-31,10,0,Zillow ZIP-level market for Foresthill; mapped with Census 2020 ZCTA 95631 in Placer County.,,,,
96143 Kings Beach,zcta,96143,Kings Beach,39.2605746,-120.0262906,782207,,2021-07-31,10,0,Zillow ZIP-level market for Kings Beach; mapped with Census 2020 ZCTA 96143 in Placer County.,,,,
95663 Penryn,zcta,95663,Penryn,38.8573725,-121.1825262,878055,,2021-07-31,10,0,Zillow ZIP-level market for Penryn; mapped with Census 2020 ZCTA 95663 in Placer County.,,,,
96145 Tahoe City,zcta,96145,Tahoe City,39.1809984,-120.151396,1226503,,2021-07-31,10,0,Zillow ZIP-level market for Tahoe City; mapped with Census 2020 ZCTA 96145 in Placer County.,,,,
96146 Olympic Valley,zcta,96146,Olympic Valley,39.2158973,-120.2451697,1220871,,2021-07-31,10,0,Zillow ZIP-level market for Olympic Valley; mapped with Census 2020 ZCTA 96146 in Placer County.,,,,
95668 Pleasant Grove,zcta,95668,Pleasant Grove,38.8275549,-121.4951816,774383,,2021-07-31,10,0,Zillow ZIP-level market for Pleasant Grove; mapped with Census 2020 ZCTA 95668 in Placer County.,,,,
96148 Tahoe Vista,zcta,96148,Tahoe Vista,39.249777,-120.0575895,967728,,2021-07-31,10,0,Zillow ZIP-level market for Tahoe Vista; mapped with Census 2020 ZCTA 96148 in Placer County.,,,,
96140 Carnelian Bay,zcta,96140,Carnelian Bay,39.2320185,-120.0963996,1156141,,2021-07-31,10,0,Zillow ZIP-level market for Carnelian Bay; mapped with Census 2020 ZCTA 96140 in Placer County.,,,,
96142 Tahoma,zcta,96142,Tahoma,38.9986311,-120.1038814,865063,,2021-07-31,10,0,Zillow ZIP-level market for Tahoma; mapped with Census 2020 ZCTA 96142 in Placer County.,,,,
95703 Applegate,zcta,95703,Applegate,38.9890274,-120.9877751,576117,,2021-07-31,10,0,Zillow ZIP-level market for Applegate; mapped with Census 2020 ZCTA 95703 in Placer County.,,,,
95681 Sheridan,zcta,95681,Sheridan,38.9980915,-121.354198,507508,,2021-07-31,10,0,Zillow ZIP-level market for Sheridan; mapped with Census 2020 ZCTA 95681 in Placer County.,,,,
95701 Alta,zcta,95701,Alta,39.226549,-120.7670224,457227,,2021-07-31,10,0,Zillow ZIP-level market for Alta; mapped with Census 2020 ZCTA 95701 in Placer County.,,,,
95715 nan,zcta,95715,nan,39.2766508,-120.644012,391057,,2021-07-31,10,0,Zillow ZIP-level market for nan; mapped with Census 2020 ZCTA 95715 in Placer County.,,,,
95728 Soda Springs,zcta,95728,Soda Springs,39.2946534,-120.4014066,738467,,2021-07-31,10,0,Zillow ZIP-level market for Soda Springs; mapped with Census 2020 ZCTA 95728 in Placer County.,,,,
95714 Dutch Flat,zcta,95714,Dutch Flat,39.2011586,-120.8367976,414139,,2021-07-31,10,0,Zillow ZIP-level market for Dutch Flat; mapped with Census 2020 ZCTA 95714 in Placer County.,,,,
96141 Homewood,zcta,96141,Homewood,39.0989284,-120.2052313,1252379,,2021-07-31,10,0,Zillow ZIP-level market for Homewood; mapped with Census 2020 ZCTA 96141 in Placer County.,,,,
95747 Roseville,zcta,95747,Roseville,38.7784212,-121.3688294,638908,2637,2021-08-31,10,0,Zillow ZIP-level market for Roseville; mapped with Census 2020 ZCTA 95747 in Placer County.,,2637,Zillow ZORI,
95648 Lincoln,zcta,95648,Lincoln,38.9228115,-121.3120046,623332,2535,2021-08-31,10,0,Zillow ZIP-level market for Lincoln; mapped with Census 2020 ZCTA 95648 in Placer County.,,2535,Zillow ZORI,
95678 Roseville,zcta,95678,Roseville,38.7653528,-121.2884731,540610,2050,2021-08-31,10,0,Zillow ZIP-level market for Roseville; mapped with Census 2020 ZCTA 95678 in Placer County.,,2050,Zillow ZORI,
95765 Rocklin,zcta,95765,Rocklin,38.8197384,-121.2783211,712424,2301,2021-08-31,10,0,Zillow ZIP-level market for Rocklin; mapped with Census 2020 ZCTA 95765 in Placer County.,,2301,Zillow ZORI,
95661 Roseville,zcta,95661,Roseville,38.7412743,-121.2492663,650951,1974,2021-08-31,10,0,Zillow ZIP-level market for Roseville; mapped with Census 2020 ZCTA 95661 in Placer County.,,1974,Zillow ZORI,
95603 Auburn,zcta,95603,Auburn,38.911346,-121.0857601,616259,,2021-08-31,10,0,Zillow ZIP-level market for Auburn; mapped with Census 2020 ZCTA 95603 in Placer County.,,,,
95677 Rocklin,zcta,95677,Rocklin,38.79292,-121.232006,633605,2131,2021-08-31,10,0,Zillow ZIP-level market for Rocklin; mapped with Census 2020 ZCTA 95677 in Placer County.,,2131,Zillow ZORI,
95746 Granite Bay,zcta,95746,Granite Bay,38.7469238,-121.1664336,1070125,,2021-08-31,10,0,Zillow ZIP-level market for Granite Bay; mapped with Census 2020 ZCTA 95746 in Placer County.,,,,
95602 Auburn,zcta,95602,Auburn,38.9914911,-121.1035441,690141,,2021-08-31,10,0,Zillow ZIP-level market for Auburn; mapped with Census 2020 ZCTA 95602 in Placer County.,,,,
95650 Loomis,zcta,95650,Loomis,38.8091745,-121.171375,865078,,2021-08-31,10,0,Zillow ZIP-level market for Loomis; mapped with Census 2020 ZCTA 95650 in Placer County.,,,,
95713 Colfax,zcta,95713,Colfax,39.0813467,-120.9323895,517777,,2021-08-31,10,0,Zillow ZIP-level market for Colfax; mapped with Census 2020 ZCTA 95713 in Placer County.,,,,
95658 Newcastle,zcta,95658,Newcastle,38.8811828,-121.1690138,861736,,2021-08-31,10,0,Zillow ZIP-level market for Newcastle; mapped with Census 2020 ZCTA 95658 in Placer County.,,,,
95722 Meadow Vista,zcta,95722,Meadow Vista,39.0098006,-121.0347072,673318,,2021-08-31,10,0,Zillow ZIP-level market for Meadow Vista; mapped with Census 2020 ZCTA 95722 in Placer County.,,,,
95631 Foresthill,zcta,95631,Foresthill,39.0549436,-120.7539748,499388,,2021-08-31,10,0,Zillow ZIP-level market for Foresthill; mapped with Census 2020 ZCTA 95631 in Placer County.,,,,
96143 Kings Beach,zcta,96143,Kings Beach,39.2605746,-120.0262906,793549,,2021-08-31,10,0,Zillow ZIP-level market for Kings Beach; mapped with Census 2020 ZCTA 96143 in Placer County.,,,,
95663 Penryn,zcta,95663,Penryn,38.8573725,-121.1825262,885451,,2021-08-31,10,0,Zillow ZIP-level market for Penryn; mapped with Census 2020 ZCTA 95663 in Placer County.,,,,
96145 Tahoe City,zcta,96145,Tahoe City,39.1809984,-120.151396,1243529,,2021-08-31,10,0,Zillow ZIP-level market for Tahoe City; mapped with Census 2020 ZCTA 96145 in Placer County.,,,,
96146 Olympic Valley,zcta,96146,Olympic Valley,39.2158973,-120.2451697,1245882,,2021-08-31,10,0,Zillow ZIP-level market for Olympic Valley; mapped with Census 2020 ZCTA 96146 in Placer County.,,,,
95668 Pleasant Grove,zcta,95668,Pleasant Grove,38.8275549,-121.4951816,776886,,2021-08-31,10,0,Zillow ZIP-level market for Pleasant Grove; mapped with Census 2020 ZCTA 95668 in Placer County.,,,,
96148 Tahoe Vista,zcta,96148,Tahoe Vista,39.249777,-120.0575895,986099,,2021-08-31,10,0,Zillow ZIP-level market for Tahoe Vista; mapped with Census 2020 ZCTA 96148 in Placer County.,,,,
96140 Carnelian Bay,zcta,96140,Carnelian Bay,39.2320185,-120.0963996,1179493,,2021-08-31,10,0,Zillow ZIP-level market for Carnelian Bay; mapped with Census 2020 ZCTA 96140 in Placer County.,,,,
96142 Tahoma,zcta,96142,Tahoma,38.9986311,-120.1038814,878550,,2021-08-31,10,0,Zillow ZIP-level market for Tahoma; mapped with Census 2020 ZCTA 96142 in Placer County.,,,,
95703 Applegate,zcta,95703,Applegate,38.9890274,-120.9877751,580002,,2021-08-31,10,0,Zillow ZIP-level market for Applegate; mapped with Census 2020 ZCTA 95703 in Placer County.,,,,
95681 Sheridan,zcta,95681,Sheridan,38.9980915,-121.354198,512860,,2021-08-31,10,0,Zillow ZIP-level market for Sheridan; mapped with Census 2020 ZCTA 95681 in Placer County.,,,,
95701 Alta,zcta,95701,Alta,39.226549,-120.7670224,457942,,2021-08-31,10,0,Zillow ZIP-level market for Alta; mapped with Census 2020 ZCTA 95701 in Placer County.,,,,
95715 nan,zcta,95715,nan,39.2766508,-120.644012,399445,,2021-08-31,10,0,Zillow ZIP-level market for nan; mapped with Census 2020 ZCTA 95715 in Placer County.,,,,
95728 Soda Springs,zcta,95728,Soda Springs,39.2946534,-120.4014066,745361,,2021-08-31,10,0,Zillow ZIP-level market for Soda Springs; mapped with Census 2020 ZCTA 95728 in Placer County.,,,,
95714 Dutch Flat,zcta,95714,Dutch Flat,39.2011586,-120.8367976,417027,,2021-08-31,10,0,Zillow ZIP-level market for Dutch Flat; mapped with Census 2020 ZCTA 95714 in Placer County.,,,,
96141 Homewood,zcta,96141,Homewood,39.0989284,-120.2052313,1281890,,2021-08-31,10,0,Zillow ZIP-level market for Homewood; mapped with Census 2020 ZCTA 96141 in Placer County.,,,,
95747 Roseville,zcta,95747,Roseville,38.7784212,-121.3688294,644970,2645,2021-09-30,10,0,Zillow ZIP-level market for Roseville; mapped with Census 2020 ZCTA 95747 in Placer County.,,2645,Zillow ZORI,
95648 Lincoln,zcta,95648,Lincoln,38.9228115,-121.3120046,629086,2598,2021-09-30,10,0,Zillow ZIP-level market for Lincoln; mapped with Census 2020 ZCTA 95648 in Placer County.,,2598,Zillow ZORI,
95678 Roseville,zcta,95678,Roseville,38.7653528,-121.2884731,543151,2076,2021-09-30,10,0,Zillow ZIP-level market for Roseville; mapped with Census 2020 ZCTA 95678 in Placer County.,,2076,Zillow ZORI,
95765 Rocklin,zcta,95765,Rocklin,38.8197384,-121.2783211,719583,2310,2021-09-30,10,0,Zillow ZIP-level market for Rocklin; mapped with Census 2020 ZCTA 95765 in Placer County.,,2310,Zillow ZORI,
95661 Roseville,zcta,95661,Roseville,38.7412743,-121.2492663,654746,1995,2021-09-30,10,0,Zillow ZIP-level market for Roseville; mapped with Census 2020 ZCTA 95661 in Placer County.,,1995,Zillow ZORI,
95603 Auburn,zcta,95603,Auburn,38.911346,-121.0857601,618861,1940,2021-09-30,10,0,Zillow ZIP-level market for Auburn; mapped with Census 2020 ZCTA 95603 in Placer County.,,1940,Zillow ZORI,
95677 Rocklin,zcta,95677,Rocklin,38.79292,-121.232006,637040,2121,2021-09-30,10,0,Zillow ZIP-level market for Rocklin; mapped with Census 2020 ZCTA 95677 in Placer County.,,2121,Zillow ZORI,
95746 Granite Bay,zcta,95746,Granite Bay,38.7469238,-121.1664336,1077816,,2021-09-30,10,0,Zillow ZIP-level market for Granite Bay; mapped with Census 2020 ZCTA 95746 in Placer County.,,,,
95602 Auburn,zcta,95602,Auburn,38.9914911,-121.1035441,690246,,2021-09-30,10,0,Zillow ZIP-level market for Auburn; mapped with Census 2020 ZCTA 95602 in Placer County.,,,,
95650 Loomis,zcta,95650,Loomis,38.8091745,-121.171375,868548,,2021-09-30,10,0,Zillow ZIP-level market for Loomis; mapped with Census 2020 ZCTA 95650 in Placer County.,,,,
95713 Colfax,zcta,95713,Colfax,39.0813467,-120.9323895,518010,,2021-09-30,10,0,Zillow ZIP-level market for Colfax; mapped with Census 2020 ZCTA 95713 in Placer County.,,,,
95658 Newcastle,zcta,95658,Newcastle,38.8811828,-121.1690138,862582,,2021-09-30,10,0,Zillow ZIP-level market for Newcastle; mapped with Census 2020 ZCTA 95658 in Placer County.,,,,
95722 Meadow Vista,zcta,95722,Meadow Vista,39.0098006,-121.0347072,673055,,2021-09-30,10,0,Zillow ZIP-level market for Meadow Vista; mapped with Census 2020 ZCTA 95722 in Placer County.,,,,
95631 Foresthill,zcta,95631,Foresthill,39.0549436,-120.7539748,501183,,2021-09-30,10,0,Zillow ZIP-level market for Foresthill; mapped with Census 2020 ZCTA 95631 in Placer County.,,,,
96143 Kings Beach,zcta,96143,Kings Beach,39.2605746,-120.0262906,800820,,2021-09-30,10,0,Zillow ZIP-level market for Kings Beach; mapped with Census 2020 ZCTA 96143 in Placer County.,,,,
95663 Penryn,zcta,95663,Penryn,38.8573725,-121.1825262,888099,,2021-09-30,10,0,Zillow ZIP-level market for Penryn; mapped with Census 2020 ZCTA 95663 in Placer County.,,,,
96145 Tahoe City,zcta,96145,Tahoe City,39.1809984,-120.151396,1252039,,2021-09-30,10,0,Zillow ZIP-level market for Tahoe City; mapped with Census 2020 ZCTA 96145 in Placer County.,,,,
96146 Olympic Valley,zcta,96146,Olympic Valley,39.2158973,-120.2451697,1266054,,2021-09-30,10,0,Zillow ZIP-level market for Olympic Valley; mapped with Census 2020 ZCTA 96146 in Placer County.,,,,
95668 Pleasant Grove,zcta,95668,Pleasant Grove,38.8275549,-121.4951816,772474,,2021-09-30,10,0,Zillow ZIP-level market for Pleasant Grove; mapped with Census 2020 ZCTA 95668 in Placer County.,,,,
96148 Tahoe Vista,zcta,96148,Tahoe Vista,39.249777,-120.0575895,995544,,2021-09-30,10,0,Zillow ZIP-level market for Tahoe Vista; mapped with Census 2020 ZCTA 96148 in Placer County.,,,,
96140 Carnelian Bay,zcta,96140,Carnelian Bay,39.2320185,-120.0963996,1186254,,2021-09-30,10,0,Zillow ZIP-level market for Carnelian Bay; mapped with Census 2020 ZCTA 96140 in Placer County.,,,,
96142 Tahoma,zcta,96142,Tahoma,38.9986311,-120.1038814,882767,,2021-09-30,10,0,Zillow ZIP-level market for Tahoma; mapped with Census 2020 ZCTA 96142 in Placer County.,,,,
95703 Applegate,zcta,95703,Applegate,38.9890274,-120.9877751,581039,,2021-09-30,10,0,Zillow ZIP-level market for Applegate; mapped with Census 2020 ZCTA 95703 in Placer County.,,,,
95681 Sheridan,zcta,95681,Sheridan,38.9980915,-121.354198,516805,,2021-09-30,10,0,Zillow ZIP-level market for Sheridan; mapped with Census 2020 ZCTA 95681 in Placer County.,,,,
95701 Alta,zcta,95701,Alta,39.226549,-120.7670224,457490,,2021-09-30,10,0,Zillow ZIP-level market for Alta; mapped with Census 2020 ZCTA 95701 in Placer County.,,,,
95715 nan,zcta,95715,nan,39.2766508,-120.644012,403336,,2021-09-30,10,0,Zillow ZIP-level market for nan; mapped with Census 2020 ZCTA 95715 in Placer County.,,,,
95728 Soda Springs,zcta,95728,Soda Springs,39.2946534,-120.4014066,747798,,2021-09-30,10,0,Zillow ZIP-level market for Soda Springs; mapped with Census 2020 ZCTA 95728 in Placer County.,,,,
95714 Dutch Flat,zcta,95714,Dutch Flat,39.2011586,-120.8367976,417781,,2021-09-30,10,0,Zillow ZIP-level market for Dutch Flat; mapped with Census 2020 ZCTA 95714 in Placer County.,,,,
96141 Homewood,zcta,96141,Homewood,39.0989284,-120.2052313,1304755,,2021-09-30,10,0,Zillow ZIP-level market for Homewood; mapped with Census 2020 ZCTA 96141 in Placer County.,,,,
95747 Roseville,zcta,95747,Roseville,38.7784212,-121.3688294,649904,2628,2021-10-31,10,0,Zillow ZIP-level market for Roseville; mapped with Census 2020 ZCTA 95747 in Placer County.,,2628,Zillow ZORI,
95648 Lincoln,zcta,95648,Lincoln,38.9228115,-121.3120046,634146,2607,2021-10-31,10,0,Zillow ZIP-level market for Lincoln; mapped with Census 2020 ZCTA 95648 in Placer County.,,2607,Zillow ZORI,
95678 Roseville,zcta,95678,Roseville,38.7653528,-121.2884731,545132,2077,2021-10-31,10,0,Zillow ZIP-level market for Roseville; mapped with Census 2020 ZCTA 95678 in Placer County.,,2077,Zillow ZORI,
95765 Rocklin,zcta,95765,Rocklin,38.8197384,-121.2783211,725799,2337,2021-10-31,10,0,Zillow ZIP-level market for Rocklin; mapped with Census 2020 ZCTA 95765 in Placer County.,,2337,Zillow ZORI,
95661 Roseville,zcta,95661,Roseville,38.7412743,-121.2492663,657388,1954,2021-10-31,10,0,Zillow ZIP-level market for Roseville; mapped with Census 2020 ZCTA 95661 in Placer County.,,1954,Zillow ZORI,
95603 Auburn,zcta,95603,Auburn,38.911346,-121.0857601,619234,1933,2021-10-31,10,0,Zillow ZIP-level market for Auburn; mapped with Census 2020 ZCTA 95603 in Placer County.,,1933,Zillow ZORI,
95677 Rocklin,zcta,95677,Rocklin,38.79292,-121.232006,639916,2102,2021-10-31,10,0,Zillow ZIP-level market for Rocklin; mapped with Census 2020 ZCTA 95677 in Placer County.,,2102,Zillow ZORI,
95746 Granite Bay,zcta,95746,Granite Bay,38.7469238,-121.1664336,1082506,,2021-10-31,10,0,Zillow ZIP-level market for Granite Bay; mapped with Census 2020 ZCTA 95746 in Placer County.,,,,
95602 Auburn,zcta,95602,Auburn,38.9914911,-121.1035441,688665,,2021-10-31,10,0,Zillow ZIP-level market for Auburn; mapped with Census 2020 ZCTA 95602 in Placer County.,,,,
95650 Loomis,zcta,95650,Loomis,38.8091745,-121.171375,868026,,2021-10-31,10,0,Zillow ZIP-level market for Loomis; mapped with Census 2020 ZCTA 95650 in Placer County.,,,,
95713 Colfax,zcta,95713,Colfax,39.0813467,-120.9323895,516791,,2021-10-31,10,0,Zillow ZIP-level market for Colfax; mapped with Census 2020 ZCTA 95713 in Placer County.,,,,
95658 Newcastle,zcta,95658,Newcastle,38.8811828,-121.1690138,860612,,2021-10-31,10,0,Zillow ZIP-level market for Newcastle; mapped with Census 2020 ZCTA 95658 in Placer County.,,,,
95722 Meadow Vista,zcta,95722,Meadow Vista,39.0098006,-121.0347072,669986,,2021-10-31,10,0,Zillow ZIP-level market for Meadow Vista; mapped with Census 2020 ZCTA 95722 in Placer County.,,,,
95631 Foresthill,zcta,95631,Foresthill,39.0549436,-120.7539748,501532,,2021-10-31,10,0,Zillow ZIP-level market for Foresthill; mapped with Census 2020 ZCTA 95631 in Placer County.,,,,
96143 Kings Beach,zcta,96143,Kings Beach,39.2605746,-120.0262906,804908,,2021-10-31,10,0,Zillow ZIP-level market for Kings Beach; mapped with Census 2020 ZCTA 96143 in Placer County.,,,,
95663 Penryn,zcta,95663,Penryn,38.8573725,-121.1825262,888206,,2021-10-31,10,0,Zillow ZIP-level market for Penryn; mapped with Census 2020 ZCTA 95663 in Placer County.,,,,
96145 Tahoe City,zcta,96145,Tahoe City,39.1809984,-120.151396,1255035,,2021-10-31,10,0,Zillow ZIP-level market for Tahoe City; mapped with Census 2020 ZCTA 96145 in Placer County.,,,,
96146 Olympic Valley,zcta,96146,Olympic Valley,39.2158973,-120.2451697,1287444,,2021-10-31,10,0,Zillow ZIP-level market for Olympic Valley; mapped with Census 2020 ZCTA 96146 in Placer County.,,,,
95668 Pleasant Grove,zcta,95668,Pleasant Grove,38.8275549,-121.4951816,770261,,2021-10-31,10,0,Zillow ZIP-level market for Pleasant Grove; mapped with Census 2020 ZCTA 95668 in Placer County.,,,,
96148 Tahoe Vista,zcta,96148,Tahoe Vista,39.249777,-120.0575895,999323,,2021-10-31,10,0,Zillow ZIP-level market for Tahoe Vista; mapped with Census 2020 ZCTA 96148 in Placer County.,,,,
96140 Carnelian Bay,zcta,96140,Carnelian Bay,39.2320185,-120.0963996,1189995,,2021-10-31,10,0,Zillow ZIP-level market for Carnelian Bay; mapped with Census 2020 ZCTA 96140 in Placer County.,,,,
96142 Tahoma,zcta,96142,Tahoma,38.9986311,-120.1038814,882179,,2021-10-31,10,0,Zillow ZIP-level market for Tahoma; mapped with Census 2020 ZCTA 96142 in Placer County.,,,,
95703 Applegate,zcta,95703,Applegate,38.9890274,-120.9877751,579458,,2021-10-31,10,0,Zillow ZIP-level market for Applegate; mapped with Census 2020 ZCTA 95703 in Placer County.,,,,
95681 Sheridan,zcta,95681,Sheridan,38.9980915,-121.354198,518115,,2021-10-31,10,0,Zillow ZIP-level market for Sheridan; mapped with Census 2020 ZCTA 95681 in Placer County.,,,,
95701 Alta,zcta,95701,Alta,39.226549,-120.7670224,457004,,2021-10-31,10,0,Zillow ZIP-level market for Alta; mapped with Census 2020 ZCTA 95701 in Placer County.,,,,
95715 nan,zcta,95715,nan,39.2766508,-120.644012,403054,,2021-10-31,10,0,Zillow ZIP-level market for nan; mapped with Census 2020 ZCTA 95715 in Placer County.,,,,
95728 Soda Springs,zcta,95728,Soda Springs,39.2946534,-120.4014066,751904,,2021-10-31,10,0,Zillow ZIP-level market for Soda Springs; mapped with Census 2020 ZCTA 95728 in Placer County.,,,,
95714 Dutch Flat,zcta,95714,Dutch Flat,39.2011586,-120.8367976,415763,,2021-10-31,10,0,Zillow ZIP-level market for Dutch Flat; mapped with Census 2020 ZCTA 95714 in Placer County.,,,,
96141 Homewood,zcta,96141,Homewood,39.0989284,-120.2052313,1319300,,2021-10-31,10,0,Zillow ZIP-level market for Homewood; mapped with Census 2020 ZCTA 96141 in Placer County.,,,,
95747 Roseville,zcta,95747,Roseville,38.7784212,-121.3688294,655854,2633,2021-11-30,10,0,Zillow ZIP-level market for Roseville; mapped with Census 2020 ZCTA 95747 in Placer County.,,2633,Zillow ZORI,
95648 Lincoln,zcta,95648,Lincoln,38.9228115,-121.3120046,639830,2597,2021-11-30,10,0,Zillow ZIP-level market for Lincoln; mapped with Census 2020 ZCTA 95648 in Placer County.,,2597,Zillow ZORI,
95678 Roseville,zcta,95678,Roseville,38.7653528,-121.2884731,548614,2081,2021-11-30,10,0,Zillow ZIP-level market for Roseville; mapped with Census 2020 ZCTA 95678 in Placer County.,,2081,Zillow ZORI,
95765 Rocklin,zcta,95765,Rocklin,38.8197384,-121.2783211,732917,2366,2021-11-30,10,0,Zillow ZIP-level market for Rocklin; mapped with Census 2020 ZCTA 95765 in Placer County.,,2366,Zillow ZORI,
95661 Roseville,zcta,95661,Roseville,38.7412743,-121.2492663,661703,1997,2021-11-30,10,0,Zillow ZIP-level market for Roseville; mapped with Census 2020 ZCTA 95661 in Placer County.,,1997,Zillow ZORI,
95603 Auburn,zcta,95603,Auburn,38.911346,-121.0857601,621338,1918,2021-11-30,10,0,Zillow ZIP-level market for Auburn; mapped with Census 2020 ZCTA 95603 in Placer County.,,1918,Zillow ZORI,
95677 Rocklin,zcta,95677,Rocklin,38.79292,-121.232006,644479,2101,2021-11-30,10,0,Zillow ZIP-level market for Rocklin; mapped with Census 2020 ZCTA 95677 in Placer County.,,2101,Zillow ZORI,
95746 Granite Bay,zcta,95746,Granite Bay,38.7469238,-121.1664336,1087814,,2021-11-30,10,0,Zillow ZIP-level market for Granite Bay; mapped with Census 2020 ZCTA 95746 in Placer County.,,,,
95602 Auburn,zcta,95602,Auburn,38.9914911,-121.1035441,688433,,2021-11-30,10,0,Zillow ZIP-level market for Auburn; mapped with Census 2020 ZCTA 95602 in Placer County.,,,,
95650 Loomis,zcta,95650,Loomis,38.8091745,-121.171375,867803,,2021-11-30,10,0,Zillow ZIP-level market for Loomis; mapped with Census 2020 ZCTA 95650 in Placer County.,,,,
95713 Colfax,zcta,95713,Colfax,39.0813467,-120.9323895,516682,,2021-11-30,10,0,Zillow ZIP-level market for Colfax; mapped with Census 2020 ZCTA 95713 in Placer County.,,,,
95658 Newcastle,zcta,95658,Newcastle,38.8811828,-121.1690138,860432,,2021-11-30,10,0,Zillow ZIP-level market for Newcastle; mapped with Census 2020 ZCTA 95658 in Placer County.,,,,
95722 Meadow Vista,zcta,95722,Meadow Vista,39.0098006,-121.0347072,669583,,2021-11-30,10,0,Zillow ZIP-level market for Meadow Vista; mapped with Census 2020 ZCTA 95722 in Placer County.,,,,
95631 Foresthill,zcta,95631,Foresthill,39.0549436,-120.7539748,502569,,2021-11-30,10,0,Zillow ZIP-level market for Foresthill; mapped with Census 2020 ZCTA 95631 in Placer County.,,,,
96143 Kings Beach,zcta,96143,Kings Beach,39.2605746,-120.0262906,810218,,2021-11-30,10,0,Zillow ZIP-level market for Kings Beach; mapped with Census 2020 ZCTA 96143 in Placer County.,,,,
95663 Penryn,zcta,95663,Penryn,38.8573725,-121.1825262,888886,,2021-11-30,10,0,Zillow ZIP-level market for Penryn; mapped with Census 2020 ZCTA 95663 in Placer County.,,,,
96145 Tahoe City,zcta,96145,Tahoe City,39.1809984,-120.151396,1260966,,2021-11-30,10,0,Zillow ZIP-level market for Tahoe City; mapped with Census 2020 ZCTA 96145 in Placer County.,,,,
96146 Olympic Valley,zcta,96146,Olympic Valley,39.2158973,-120.2451697,1308663,,2021-11-30,10,0,Zillow ZIP-level market for Olympic Valley; mapped with Census 2020 ZCTA 96146 in Placer County.,,,,
95668 Pleasant Grove,zcta,95668,Pleasant Grove,38.8275549,-121.4951816,769433,,2021-11-30,10,0,Zillow ZIP-level market for Pleasant Grove; mapped with Census 2020 ZCTA 95668 in Placer County.,,,,
96148 Tahoe Vista,zcta,96148,Tahoe Vista,39.249777,-120.0575895,1001576,,2021-11-30,10,0,Zillow ZIP-level market for Tahoe Vista; mapped with Census 2020 ZCTA 96148 in Placer County.,,,,
96140 Carnelian Bay,zcta,96140,Carnelian Bay,39.2320185,-120.0963996,1191901,,2021-11-30,10,0,Zillow ZIP-level market for Carnelian Bay; mapped with Census 2020 ZCTA 96140 in Placer County.,,,,
96142 Tahoma,zcta,96142,Tahoma,38.9986311,-120.1038814,881749,,2021-11-30,10,0,Zillow ZIP-level market for Tahoma; mapped with Census 2020 ZCTA 96142 in Placer County.,,,,
95703 Applegate,zcta,95703,Applegate,38.9890274,-120.9877751,579684,,2021-11-30,10,0,Zillow ZIP-level market for Applegate; mapped with Census 2020 ZCTA 95703 in Placer County.,,,,
95681 Sheridan,zcta,95681,Sheridan,38.9980915,-121.354198,519451,,2021-11-30,10,0,Zillow ZIP-level market for Sheridan; mapped with Census 2020 ZCTA 95681 in Placer County.,,,,
95701 Alta,zcta,95701,Alta,39.226549,-120.7670224,458040,,2021-11-30,10,0,Zillow ZIP-level market for Alta; mapped with Census 2020 ZCTA 95701 in Placer County.,,,,
95715 nan,zcta,95715,nan,39.2766508,-120.644012,402835,,2021-11-30,10,0,Zillow ZIP-level market for nan; mapped with Census 2020 ZCTA 95715 in Placer County.,,,,
95728 Soda Springs,zcta,95728,Soda Springs,39.2946534,-120.4014066,759960,,2021-11-30,10,0,Zillow ZIP-level market for Soda Springs; mapped with Census 2020 ZCTA 95728 in Placer County.,,,,
95714 Dutch Flat,zcta,95714,Dutch Flat,39.2011586,-120.8367976,414716,,2021-11-30,10,0,Zillow ZIP-level market for Dutch Flat; mapped with Census 2020 ZCTA 95714 in Placer County.,,,,
96141 Homewood,zcta,96141,Homewood,39.0989284,-120.2052313,1329424,,2021-11-30,10,0,Zillow ZIP-level market for Homewood; mapped with Census 2020 ZCTA 96141 in Placer County.,,,,
95747 Roseville,zcta,95747,Roseville,38.7784212,-121.3688294,662833,2638,2021-12-31,10,0,Zillow ZIP-level market for Roseville; mapped with Census 2020 ZCTA 95747 in Placer County.,,2638,Zillow ZORI,
95648 Lincoln,zcta,95648,Lincoln,38.9228115,-121.3120046,646656,2631,2021-12-31,10,0,Zillow ZIP-level market for Lincoln; mapped with Census 2020 ZCTA 95648 in Placer County.,,2631,Zillow ZORI,
95678 Roseville,zcta,95678,Roseville,38.7653528,-121.2884731,553840,2069,2021-12-31,10,0,Zillow ZIP-level market for Roseville; mapped with Census 2020 ZCTA 95678 in Placer County.,,2069,Zillow ZORI,
95765 Rocklin,zcta,95765,Rocklin,38.8197384,-121.2783211,741282,2376,2021-12-31,10,0,Zillow ZIP-level market for Rocklin; mapped with Census 2020 ZCTA 95765 in Placer County.,,2376,Zillow ZORI,
95661 Roseville,zcta,95661,Roseville,38.7412743,-121.2492663,668017,2019,2021-12-31,10,0,Zillow ZIP-level market for Roseville; mapped with Census 2020 ZCTA 95661 in Placer County.,,2019,Zillow ZORI,
95603 Auburn,zcta,95603,Auburn,38.911346,-121.0857601,624617,1876,2021-12-31,10,0,Zillow ZIP-level market for Auburn; mapped with Census 2020 ZCTA 95603 in Placer County.,,1876,Zillow ZORI,
95677 Rocklin,zcta,95677,Rocklin,38.79292,-121.232006,650588,2094,2021-12-31,10,0,Zillow ZIP-level market for Rocklin; mapped with Census 2020 ZCTA 95677 in Placer County.,,2094,Zillow ZORI,
95746 Granite Bay,zcta,95746,Granite Bay,38.7469238,-121.1664336,1096543,,2021-12-31,10,0,Zillow ZIP-level market for Granite Bay; mapped with Census 2020 ZCTA 95746 in Placer County.,,,,
95602 Auburn,zcta,95602,Auburn,38.9914911,-121.1035441,690721,,2021-12-31,10,0,Zillow ZIP-level market for Auburn; mapped with Census 2020 ZCTA 95602 in Placer County.,,,,
95650 Loomis,zcta,95650,Loomis,38.8091745,-121.171375,870302,,2021-12-31,10,0,Zillow ZIP-level market for Loomis; mapped with Census 2020 ZCTA 95650 in Placer County.,,,,
95713 Colfax,zcta,95713,Colfax,39.0813467,-120.9323895,517964,,2021-12-31,10,0,Zillow ZIP-level market for Colfax; mapped with Census 2020 ZCTA 95713 in Placer County.,,,,
95658 Newcastle,zcta,95658,Newcastle,38.8811828,-121.1690138,863391,,2021-12-31,10,0,Zillow ZIP-level market for Newcastle; mapped with Census 2020 ZCTA 95658 in Placer County.,,,,
95722 Meadow Vista,zcta,95722,Meadow Vista,39.0098006,-121.0347072,673859,,2021-12-31,10,0,Zillow ZIP-level market for Meadow Vista; mapped with Census 2020 ZCTA 95722 in Placer County.,,,,
95631 Foresthill,zcta,95631,Foresthill,39.0549436,-120.7539748,504263,,2021-12-31,10,0,Zillow ZIP-level market for Foresthill; mapped with Census 2020 ZCTA 95631 in Placer County.,,,,
96143 Kings Beach,zcta,96143,Kings Beach,39.2605746,-120.0262906,816825,,2021-12-31,10,0,Zillow ZIP-level market for Kings Beach; mapped with Census 2020 ZCTA 96143 in Placer County.,,,,
95663 Penryn,zcta,95663,Penryn,38.8573725,-121.1825262,891979,,2021-12-31,10,0,Zillow ZIP-level market for Penryn; mapped with Census 2020 ZCTA 95663 in Placer County.,,,,
96145 Tahoe City,zcta,96145,Tahoe City,39.1809984,-120.151396,1272961,,2021-12-31,10,0,Zillow ZIP-level market for Tahoe City; mapped with Census 2020 ZCTA 96145 in Placer County.,,,,
96146 Olympic Valley,zcta,96146,Olympic Valley,39.2158973,-120.2451697,1327306,,2021-12-31,10,0,Zillow ZIP-level market for Olympic Valley; mapped with Census 2020 ZCTA 96146 in Placer County.,,,,
95668 Pleasant Grove,zcta,95668,Pleasant Grove,38.8275549,-121.4951816,771986,,2021-12-31,10,0,Zillow ZIP-level market for Pleasant Grove; mapped with Census 2020 ZCTA 95668 in Placer County.,,,,
96148 Tahoe Vista,zcta,96148,Tahoe Vista,39.249777,-120.0575895,1004930,,2021-12-31,10,0,Zillow ZIP-level market for Tahoe Vista; mapped with Census 2020 ZCTA 96148 in Placer County.,,,,
96140 Carnelian Bay,zcta,96140,Carnelian Bay,39.2320185,-120.0963996,1196423,,2021-12-31,10,0,Zillow ZIP-level market for Carnelian Bay; mapped with Census 2020 ZCTA 96140 in Placer County.,,,,
96142 Tahoma,zcta,96142,Tahoma,38.9986311,-120.1038814,883833,,2021-12-31,10,0,Zillow ZIP-level market for Tahoma; mapped with Census 2020 ZCTA 96142 in Placer County.,,,,
95703 Applegate,zcta,95703,Applegate,38.9890274,-120.9877751,581142,,2021-12-31,10,0,Zillow ZIP-level market for Applegate; mapped with Census 2020 ZCTA 95703 in Placer County.,,,,
95681 Sheridan,zcta,95681,Sheridan,38.9980915,-121.354198,521008,,2021-12-31,10,0,Zillow ZIP-level market for Sheridan; mapped with Census 2020 ZCTA 95681 in Placer County.,,,,
95701 Alta,zcta,95701,Alta,39.226549,-120.7670224,459416,,2021-12-31,10,0,Zillow ZIP-level market for Alta; mapped with Census 2020 ZCTA 95701 in Placer County.,,,,
95715 nan,zcta,95715,nan,39.2766508,-120.644012,403002,,2021-12-31,10,0,Zillow ZIP-level market for nan; mapped with Census 2020 ZCTA 95715 in Placer County.,,,,
95728 Soda Springs,zcta,95728,Soda Springs,39.2946534,-120.4014066,771511,,2021-12-31,10,0,Zillow ZIP-level market for Soda Springs; mapped with Census 2020 ZCTA 95728 in Placer County.,,,,
95714 Dutch Flat,zcta,95714,Dutch Flat,39.2011586,-120.8367976,414312,,2021-12-31,10,0,Zillow ZIP-level market for Dutch Flat; mapped with Census 2020 ZCTA 95714 in Placer County.,,,,
96141 Homewood,zcta,96141,Homewood,39.0989284,-120.2052313,1335131,,2021-12-31,10,0,Zillow ZIP-level market for Homewood; mapped with Census 2020 ZCTA 96141 in Placer County.,,,,
95747 Roseville,zcta,95747,Roseville,38.7784212,-121.3688294,672818,2629,2022-01-31,10,0,Zillow ZIP-level market for Roseville; mapped with Census 2020 ZCTA 95747 in Placer County.,,2629,Zillow ZORI,
95648 Lincoln,zcta,95648,Lincoln,38.9228115,-121.3120046,656055,2640,2022-01-31,10,0,Zillow ZIP-level market for Lincoln; mapped with Census 2020 ZCTA 95648 in Placer County.,,2640,Zillow ZORI,
95678 Roseville,zcta,95678,Roseville,38.7653528,-121.2884731,561585,2073,2022-01-31,10,0,Zillow ZIP-level market for Roseville; mapped with Census 2020 ZCTA 95678 in Placer County.,,2073,Zillow ZORI,
95765 Rocklin,zcta,95765,Rocklin,38.8197384,-121.2783211,751991,2365,2022-01-31,10,0,Zillow ZIP-level market for Rocklin; mapped with Census 2020 ZCTA 95765 in Placer County.,,2365,Zillow ZORI,
95661 Roseville,zcta,95661,Roseville,38.7412743,-121.2492663,677378,2035,2022-01-31,10,0,Zillow ZIP-level market for Roseville; mapped with Census 2020 ZCTA 95661 in Placer County.,,2035,Zillow ZORI,
95603 Auburn,zcta,95603,Auburn,38.911346,-121.0857601,631328,1865,2022-01-31,10,0,Zillow ZIP-level market for Auburn; mapped with Census 2020 ZCTA 95603 in Placer County.,,1865,Zillow ZORI,
95677 Rocklin,zcta,95677,Rocklin,38.79292,-121.232006,659356,2110,2022-01-31,10,0,Zillow ZIP-level market for Rocklin; mapped with Census 2020 ZCTA 95677 in Placer County.,,2110,Zillow ZORI,
95746 Granite Bay,zcta,95746,Granite Bay,38.7469238,-121.1664336,1109311,,2022-01-31,10,0,Zillow ZIP-level market for Granite Bay; mapped with Census 2020 ZCTA 95746 in Placer County.,,,,
95602 Auburn,zcta,95602,Auburn,38.9914911,-121.1035441,698335,,2022-01-31,10,0,Zillow ZIP-level market for Auburn; mapped with Census 2020 ZCTA 95602 in Placer County.,,,,
95650 Loomis,zcta,95650,Loomis,38.8091745,-121.171375,880227,,2022-01-31,10,0,Zillow ZIP-level market for Loomis; mapped with Census 2020 ZCTA 95650 in Placer County.,,,,
95713 Colfax,zcta,95713,Colfax,39.0813467,-120.9323895,522285,,2022-01-31,10,0,Zillow ZIP-level market for Colfax; mapped with Census 2020 ZCTA 95713 in Placer County.,,,,
95658 Newcastle,zcta,95658,Newcastle,38.8811828,-121.1690138,873134,,2022-01-31,10,0,Zillow ZIP-level market for Newcastle; mapped with Census 2020 ZCTA 95658 in Placer County.,,,,
95722 Meadow Vista,zcta,95722,Meadow Vista,39.0098006,-121.0347072,682726,,2022-01-31,10,0,Zillow ZIP-level market for Meadow Vista; mapped with Census 2020 ZCTA 95722 in Placer County.,,,,
95631 Foresthill,zcta,95631,Foresthill,39.0549436,-120.7539748,508491,,2022-01-31,10,0,Zillow ZIP-level market for Foresthill; mapped with Census 2020 ZCTA 95631 in Placer County.,,,,
96143 Kings Beach,zcta,96143,Kings Beach,39.2605746,-120.0262906,828630,,2022-01-31,10,0,Zillow ZIP-level market for Kings Beach; mapped with Census 2020 ZCTA 96143 in Placer County.,,,,
95663 Penryn,zcta,95663,Penryn,38.8573725,-121.1825262,903089,,2022-01-31,10,0,Zillow ZIP-level market for Penryn; mapped with Census 2020 ZCTA 95663 in Placer County.,,,,
96145 Tahoe City,zcta,96145,Tahoe City,39.1809984,-120.151396,1298729,,2022-01-31,10,0,Zillow ZIP-level market for Tahoe City; mapped with Census 2020 ZCTA 96145 in Placer County.,,,,
96146 Olympic Valley,zcta,96146,Olympic Valley,39.2158973,-120.2451697,1344888,,2022-01-31,10,0,Zillow ZIP-level market for Olympic Valley; mapped with Census 2020 ZCTA 96146 in Placer County.,,,,
95668 Pleasant Grove,zcta,95668,Pleasant Grove,38.8275549,-121.4951816,780401,,2022-01-31,10,0,Zillow ZIP-level market for Pleasant Grove; mapped with Census 2020 ZCTA 95668 in Placer County.,,,,
96148 Tahoe Vista,zcta,96148,Tahoe Vista,39.249777,-120.0575895,1015484,,2022-01-31,10,0,Zillow ZIP-level market for Tahoe Vista; mapped with Census 2020 ZCTA 96148 in Placer County.,,,,
96140 Carnelian Bay,zcta,96140,Carnelian Bay,39.2320185,-120.0963996,1210225,,2022-01-31,10,0,Zillow ZIP-level market for Carnelian Bay; mapped with Census 2020 ZCTA 96140 in Placer County.,,,,
96142 Tahoma,zcta,96142,Tahoma,38.9986311,-120.1038814,895566,,2022-01-31,10,0,Zillow ZIP-level market for Tahoma; mapped with Census 2020 ZCTA 96142 in Placer County.,,,,
95703 Applegate,zcta,95703,Applegate,38.9890274,-120.9877751,586637,,2022-01-31,10,0,Zillow ZIP-level market for Applegate; mapped with Census 2020 ZCTA 95703 in Placer County.,,,,
95681 Sheridan,zcta,95681,Sheridan,38.9980915,-121.354198,526903,,2022-01-31,10,0,Zillow ZIP-level market for Sheridan; mapped with Census 2020 ZCTA 95681 in Placer County.,,,,
95701 Alta,zcta,95701,Alta,39.226549,-120.7670224,463939,,2022-01-31,10,0,Zillow ZIP-level market for Alta; mapped with Census 2020 ZCTA 95701 in Placer County.,,,,
95715 nan,zcta,95715,nan,39.2766508,-120.644012,405754,,2022-01-31,10,0,Zillow ZIP-level market for nan; mapped with Census 2020 ZCTA 95715 in Placer County.,,,,
95728 Soda Springs,zcta,95728,Soda Springs,39.2946534,-120.4014066,789065,,2022-01-31,10,0,Zillow ZIP-level market for Soda Springs; mapped with Census 2020 ZCTA 95728 in Placer County.,,,,
95714 Dutch Flat,zcta,95714,Dutch Flat,39.2011586,-120.8367976,418552,,2022-01-31,10,0,Zillow ZIP-level market for Dutch Flat; mapped with Census 2020 ZCTA 95714 in Placer County.,,,,
96141 Homewood,zcta,96141,Homewood,39.0989284,-120.2052313,1347793,,2022-01-31,10,0,Zillow ZIP-level market for Homewood; mapped with Census 2020 ZCTA 96141 in Placer County.,,,,
95747 Roseville,zcta,95747,Roseville,38.7784212,-121.3688294,685028,2622,2022-02-28,10,0,Zillow ZIP-level market for Roseville; mapped with Census 2020 ZCTA 95747 in Placer County.,,2622,Zillow ZORI,
95648 Lincoln,zcta,95648,Lincoln,38.9228115,-121.3120046,667288,2663,2022-02-28,10,0,Zillow ZIP-level market for Lincoln; mapped with Census 2020 ZCTA 95648 in Placer County.,,2663,Zillow ZORI,
95678 Roseville,zcta,95678,Roseville,38.7653528,-121.2884731,571135,2088,2022-02-28,10,0,Zillow ZIP-level market for Roseville; mapped with Census 2020 ZCTA 95678 in Placer County.,,2088,Zillow ZORI,
95765 Rocklin,zcta,95765,Rocklin,38.8197384,-121.2783211,765148,2327,2022-02-28,10,0,Zillow ZIP-level market for Rocklin; mapped with Census 2020 ZCTA 95765 in Placer County.,,2327,Zillow ZORI,
95661 Roseville,zcta,95661,Roseville,38.7412743,-121.2492663,688955,1987,2022-02-28,10,0,Zillow ZIP-level market for Roseville; mapped with Census 2020 ZCTA 95661 in Placer County.,,1987,Zillow ZORI,
95603 Auburn,zcta,95603,Auburn,38.911346,-121.0857601,640113,1875,2022-02-28,10,0,Zillow ZIP-level market for Auburn; mapped with Census 2020 ZCTA 95603 in Placer County.,,1875,Zillow ZORI,
95677 Rocklin,zcta,95677,Rocklin,38.79292,-121.232006,670319,2112,2022-02-28,10,0,Zillow ZIP-level market for Rocklin; mapped with Census 2020 ZCTA 95677 in Placer County.,,2112,Zillow ZORI,
95746 Granite Bay,zcta,95746,Granite Bay,38.7469238,-121.1664336,1125934,,2022-02-28,10,0,Zillow ZIP-level market for Granite Bay; mapped with Census 2020 ZCTA 95746 in Placer County.,,,,
95602 Auburn,zcta,95602,Auburn,38.9914911,-121.1035441,709480,,2022-02-28,10,0,Zillow ZIP-level market for Auburn; mapped with Census 2020 ZCTA 95602 in Placer County.,,,,
95650 Loomis,zcta,95650,Loomis,38.8091745,-121.171375,895846,,2022-02-28,10,0,Zillow ZIP-level market for Loomis; mapped with Census 2020 ZCTA 95650 in Placer County.,,,,
95713 Colfax,zcta,95713,Colfax,39.0813467,-120.9323895,528579,,2022-02-28,10,0,Zillow ZIP-level market for Colfax; mapped with Census 2020 ZCTA 95713 in Placer County.,,,,
95658 Newcastle,zcta,95658,Newcastle,38.8811828,-121.1690138,887708,,2022-02-28,10,0,Zillow ZIP-level market for Newcastle; mapped with Census 2020 ZCTA 95658 in Placer County.,,,,
95722 Meadow Vista,zcta,95722,Meadow Vista,39.0098006,-121.0347072,694190,,2022-02-28,10,0,Zillow ZIP-level market for Meadow Vista; mapped with Census 2020 ZCTA 95722 in Placer County.,,,,
95631 Foresthill,zcta,95631,Foresthill,39.0549436,-120.7539748,514714,,2022-02-28,10,0,Zillow ZIP-level market for Foresthill; mapped with Census 2020 ZCTA 95631 in Placer County.,,,,
96143 Kings Beach,zcta,96143,Kings Beach,39.2605746,-120.0262906,845079,,2022-02-28,10,0,Zillow ZIP-level market for Kings Beach; mapped with Census 2020 ZCTA 96143 in Placer County.,,,,
95663 Penryn,zcta,95663,Penryn,38.8573725,-121.1825262,920227,,2022-02-28,10,0,Zillow ZIP-level market for Penryn; mapped with Census 2020 ZCTA 95663 in Placer County.,,,,
96145 Tahoe City,zcta,96145,Tahoe City,39.1809984,-120.151396,1329176,,2022-02-28,10,0,Zillow ZIP-level market for Tahoe City; mapped with Census 2020 ZCTA 96145 in Placer County.,,,,
96146 Olympic Valley,zcta,96146,Olympic Valley,39.2158973,-120.2451697,1364510,,2022-02-28,10,0,Zillow ZIP-level market for Olympic Valley; mapped with Census 2020 ZCTA 96146 in Placer County.,,,,
95668 Pleasant Grove,zcta,95668,Pleasant Grove,38.8275549,-121.4951816,789461,,2022-02-28,10,0,Zillow ZIP-level market for Pleasant Grove; mapped with Census 2020 ZCTA 95668 in Placer County.,,,,
96148 Tahoe Vista,zcta,96148,Tahoe Vista,39.249777,-120.0575895,1033531,,2022-02-28,10,0,Zillow ZIP-level market for Tahoe Vista; mapped with Census 2020 ZCTA 96148 in Placer County.,,,,
96140 Carnelian Bay,zcta,96140,Carnelian Bay,39.2320185,-120.0963996,1234937,,2022-02-28,10,0,Zillow ZIP-level market for Carnelian Bay; mapped with Census 2020 ZCTA 96140 in Placer County.,,,,
96142 Tahoma,zcta,96142,Tahoma,38.9986311,-120.1038814,914160,,2022-02-28,10,0,Zillow ZIP-level market for Tahoma; mapped with Census 2020 ZCTA 96142 in Placer County.,,,,
95703 Applegate,zcta,95703,Applegate,38.9890274,-120.9877751,594848,,2022-02-28,10,0,Zillow ZIP-level market for Applegate; mapped with Census 2020 ZCTA 95703 in Placer County.,,,,
95681 Sheridan,zcta,95681,Sheridan,38.9980915,-121.354198,535386,,2022-02-28,10,0,Zillow ZIP-level market for Sheridan; mapped with Census 2020 ZCTA 95681 in Placer County.,,,,
95701 Alta,zcta,95701,Alta,39.226549,-120.7670224,470013,,2022-02-28,10,0,Zillow ZIP-level market for Alta; mapped with Census 2020 ZCTA 95701 in Placer County.,,,,
95715 nan,zcta,95715,nan,39.2766508,-120.644012,410747,,2022-02-28,10,0,Zillow ZIP-level market for nan; mapped with Census 2020 ZCTA 95715 in Placer County.,,,,
95728 Soda Springs,zcta,95728,Soda Springs,39.2946534,-120.4014066,809254,,2022-02-28,10,0,Zillow ZIP-level market for Soda Springs; mapped with Census 2020 ZCTA 95728 in Placer County.,,,,
95714 Dutch Flat,zcta,95714,Dutch Flat,39.2011586,-120.8367976,424667,,2022-02-28,10,0,Zillow ZIP-level market for Dutch Flat; mapped with Census 2020 ZCTA 95714 in Placer County.,,,,
96141 Homewood,zcta,96141,Homewood,39.0989284,-120.2052313,1372636,,2022-02-28,10,0,Zillow ZIP-level market for Homewood; mapped with Census 2020 ZCTA 96141 in Placer County.,,,,
95747 Roseville,zcta,95747,Roseville,38.7784212,-121.3688294,699463,2617,2022-03-31,10,0,Zillow ZIP-level market for Roseville; mapped with Census 2020 ZCTA 95747 in Placer County.,,2617,Zillow ZORI,
95648 Lincoln,zcta,95648,Lincoln,38.9228115,-121.3120046,680835,2668,2022-03-31,10,0,Zillow ZIP-level market for Lincoln; mapped with Census 2020 ZCTA 95648 in Placer County.,,2668,Zillow ZORI,
95678 Roseville,zcta,95678,Roseville,38.7653528,-121.2884731,582073,2116,2022-03-31,10,0,Zillow ZIP-level market for Roseville; mapped with Census 2020 ZCTA 95678 in Placer County.,,2116,Zillow ZORI,
95765 Rocklin,zcta,95765,Rocklin,38.8197384,-121.2783211,780977,2348,2022-03-31,10,0,Zillow ZIP-level market for Rocklin; mapped with Census 2020 ZCTA 95765 in Placer County.,,2348,Zillow ZORI,
95661 Roseville,zcta,95661,Roseville,38.7412743,-121.2492663,703131,1994,2022-03-31,10,0,Zillow ZIP-level market for Roseville; mapped with Census 2020 ZCTA 95661 in Placer County.,,1994,Zillow ZORI,
95603 Auburn,zcta,95603,Auburn,38.911346,-121.0857601,652155,1881,2022-03-31,10,0,Zillow ZIP-level market for Auburn; mapped with Census 2020 ZCTA 95603 in Placer County.,,1881,Zillow ZORI,
95677 Rocklin,zcta,95677,Rocklin,38.79292,-121.232006,683802,2126,2022-03-31,10,0,Zillow ZIP-level market for Rocklin; mapped with Census 2020 ZCTA 95677 in Placer County.,,2126,Zillow ZORI,
95746 Granite Bay,zcta,95746,Granite Bay,38.7469238,-121.1664336,1146153,,2022-03-31,10,0,Zillow ZIP-level market for Granite Bay; mapped with Census 2020 ZCTA 95746 in Placer County.,,,,
95602 Auburn,zcta,95602,Auburn,38.9914911,-121.1035441,724741,,2022-03-31,10,0,Zillow ZIP-level market for Auburn; mapped with Census 2020 ZCTA 95602 in Placer County.,,,,
95650 Loomis,zcta,95650,Loomis,38.8091745,-121.171375,915345,,2022-03-31,10,0,Zillow ZIP-level market for Loomis; mapped with Census 2020 ZCTA 95650 in Placer County.,,,,
95713 Colfax,zcta,95713,Colfax,39.0813467,-120.9323895,537646,,2022-03-31,10,0,Zillow ZIP-level market for Colfax; mapped with Census 2020 ZCTA 95713 in Placer County.,,,,
95658 Newcastle,zcta,95658,Newcastle,38.8811828,-121.1690138,907760,,2022-03-31,10,0,Zillow ZIP-level market for Newcastle; mapped with Census 2020 ZCTA 95658 in Placer County.,,,,
95722 Meadow Vista,zcta,95722,Meadow Vista,39.0098006,-121.0347072,706986,,2022-03-31,10,0,Zillow ZIP-level market for Meadow Vista; mapped with Census 2020 ZCTA 95722 in Placer County.,,,,
95631 Foresthill,zcta,95631,Foresthill,39.0549436,-120.7539748,522309,,2022-03-31,10,0,Zillow ZIP-level market for Foresthill; mapped with Census 2020 ZCTA 95631 in Placer County.,,,,
96143 Kings Beach,zcta,96143,Kings Beach,39.2605746,-120.0262906,865812,,2022-03-31,10,0,Zillow ZIP-level market for Kings Beach; mapped with Census 2020 ZCTA 96143 in Placer County.,,,,
95663 Penryn,zcta,95663,Penryn,38.8573725,-121.1825262,942088,,2022-03-31,10,0,Zillow ZIP-level market for Penryn; mapped with Census 2020 ZCTA 95663 in Placer County.,,,,
96145 Tahoe City,zcta,96145,Tahoe City,39.1809984,-120.151396,1368919,,2022-03-31,10,0,Zillow ZIP-level market for Tahoe City; mapped with Census 2020 ZCTA 96145 in Placer County.,,,,
96146 Olympic Valley,zcta,96146,Olympic Valley,39.2158973,-120.2451697,1387047,,2022-03-31,10,0,Zillow ZIP-level market for Olympic Valley; mapped with Census 2020 ZCTA 96146 in Placer County.,,,,
95668 Pleasant Grove,zcta,95668,Pleasant Grove,38.8275549,-121.4951816,803543,,2022-03-31,10,0,Zillow ZIP-level market for Pleasant Grove; mapped with Census 2020 ZCTA 95668 in Placer County.,,,,
96148 Tahoe Vista,zcta,96148,Tahoe Vista,39.249777,-120.0575895,1057577,,2022-03-31,10,0,Zillow ZIP-level market for Tahoe Vista; mapped with Census 2020 ZCTA 96148 in Placer County.,,,,
96140 Carnelian Bay,zcta,96140,Carnelian Bay,39.2320185,-120.0963996,1268778,,2022-03-31,10,0,Zillow ZIP-level market for Carnelian Bay; mapped with Census 2020 ZCTA 96140 in Placer County.,,,,
96142 Tahoma,zcta,96142,Tahoma,38.9986311,-120.1038814,941081,,2022-03-31,10,0,Zillow ZIP-level market for Tahoma; mapped with Census 2020 ZCTA 96142 in Placer County.,,,,
95703 Applegate,zcta,95703,Applegate,38.9890274,-120.9877751,605278,,2022-03-31,10,0,Zillow ZIP-level market for Applegate; mapped with Census 2020 ZCTA 95703 in Placer County.,,,,
95681 Sheridan,zcta,95681,Sheridan,38.9980915,-121.354198,547233,,2022-03-31,10,0,Zillow ZIP-level market for Sheridan; mapped with Census 2020 ZCTA 95681 in Placer County.,,,,
95701 Alta,zcta,95701,Alta,39.226549,-120.7670224,478810,,2022-03-31,10,0,Zillow ZIP-level market for Alta; mapped with Census 2020 ZCTA 95701 in Placer County.,,,,
95715 nan,zcta,95715,nan,39.2766508,-120.644012,417501,,2022-03-31,10,0,Zillow ZIP-level market for nan; mapped with Census 2020 ZCTA 95715 in Placer County.,,,,
95728 Soda Springs,zcta,95728,Soda Springs,39.2946534,-120.4014066,833841,,2022-03-31,10,0,Zillow ZIP-level market for Soda Springs; mapped with Census 2020 ZCTA 95728 in Placer County.,,,,
95714 Dutch Flat,zcta,95714,Dutch Flat,39.2011586,-120.8367976,433310,,2022-03-31,10,0,Zillow ZIP-level market for Dutch Flat; mapped with Census 2020 ZCTA 95714 in Placer County.,,,,
96141 Homewood,zcta,96141,Homewood,39.0989284,-120.2052313,1407473,,2022-03-31,10,0,Zillow ZIP-level market for Homewood; mapped with Census 2020 ZCTA 96141 in Placer County.,,,,
95747 Roseville,zcta,95747,Roseville,38.7784212,-121.3688294,712412,2634,2022-04-30,10,0,Zillow ZIP-level market for Roseville; mapped with Census 2020 ZCTA 95747 in Placer County.,,2634,Zillow ZORI,
95648 Lincoln,zcta,95648,Lincoln,38.9228115,-121.3120046,693365,2706,2022-04-30,10,0,Zillow ZIP-level market for Lincoln; mapped with Census 2020 ZCTA 95648 in Placer County.,,2706,Zillow ZORI,
95678 Roseville,zcta,95678,Roseville,38.7653528,-121.2884731,592353,2147,2022-04-30,10,0,Zillow ZIP-level market for Roseville; mapped with Census 2020 ZCTA 95678 in Placer County.,,2147,Zillow ZORI,
95765 Rocklin,zcta,95765,Rocklin,38.8197384,-121.2783211,795954,2369,2022-04-30,10,0,Zillow ZIP-level market for Rocklin; mapped with Census 2020 ZCTA 95765 in Placer County.,,2369,Zillow ZORI,
95661 Roseville,zcta,95661,Roseville,38.7412743,-121.2492663,716307,2006,2022-04-30,10,0,Zillow ZIP-level market for Roseville; mapped with Census 2020 ZCTA 95661 in Placer County.,,2006,Zillow ZORI,
95603 Auburn,zcta,95603,Auburn,38.911346,-121.0857601,663556,1905,2022-04-30,10,0,Zillow ZIP-level market for Auburn; mapped with Census 2020 ZCTA 95603 in Placer County.,,1905,Zillow ZORI,
95677 Rocklin,zcta,95677,Rocklin,38.79292,-121.232006,696606,2138,2022-04-30,10,0,Zillow ZIP-level market for Rocklin; mapped with Census 2020 ZCTA 95677 in Placer County.,,2138,Zillow ZORI,
95746 Granite Bay,zcta,95746,Granite Bay,38.7469238,-121.1664336,1167232,,2022-04-30,10,0,Zillow ZIP-level market for Granite Bay; mapped with Census 2020 ZCTA 95746 in Placer County.,,,,
95602 Auburn,zcta,95602,Auburn,38.9914911,-121.1035441,736984,,2022-04-30,10,0,Zillow ZIP-level market for Auburn; mapped with Census 2020 ZCTA 95602 in Placer County.,,,,
95650 Loomis,zcta,95650,Loomis,38.8091745,-121.171375,932622,,2022-04-30,10,0,Zillow ZIP-level market for Loomis; mapped with Census 2020 ZCTA 95650 in Placer County.,,,,
95713 Colfax,zcta,95713,Colfax,39.0813467,-120.9323895,545615,,2022-04-30,10,0,Zillow ZIP-level market for Colfax; mapped with Census 2020 ZCTA 95713 in Placer County.,,,,
95658 Newcastle,zcta,95658,Newcastle,38.8811828,-121.1690138,925753,,2022-04-30,10,0,Zillow ZIP-level market for Newcastle; mapped with Census 2020 ZCTA 95658 in Placer County.,,,,
95722 Meadow Vista,zcta,95722,Meadow Vista,39.0098006,-121.0347072,717630,,2022-04-30,10,0,Zillow ZIP-level market for Meadow Vista; mapped with Census 2020 ZCTA 95722 in Placer County.,,,,
95631 Foresthill,zcta,95631,Foresthill,39.0549436,-120.7539748,529379,,2022-04-30,10,0,Zillow ZIP-level market for Foresthill; mapped with Census 2020 ZCTA 95631 in Placer County.,,,,
96143 Kings Beach,zcta,96143,Kings Beach,39.2605746,-120.0262906,888874,,2022-04-30,10,0,Zillow ZIP-level market for Kings Beach; mapped with Census 2020 ZCTA 96143 in Placer County.,,,,
95663 Penryn,zcta,95663,Penryn,38.8573725,-121.1825262,960799,,2022-04-30,10,0,Zillow ZIP-level market for Penryn; mapped with Census 2020 ZCTA 95663 in Placer County.,,,,
96145 Tahoe City,zcta,96145,Tahoe City,39.1809984,-120.151396,1409166,,2022-04-30,10,0,Zillow ZIP-level market for Tahoe City; mapped with Census 2020 ZCTA 96145 in Placer County.,,,,
96146 Olympic Valley,zcta,96146,Olympic Valley,39.2158973,-120.2451697,1409833,,2022-04-30,10,0,Zillow ZIP-level market for Olympic Valley; mapped with Census 2020 ZCTA 96146 in Placer County.,,,,
95668 Pleasant Grove,zcta,95668,Pleasant Grove,38.8275549,-121.4951816,821208,,2022-04-30,10,0,Zillow ZIP-level market for Pleasant Grove; mapped with Census 2020 ZCTA 95668 in Placer County.,,,,
96148 Tahoe Vista,zcta,96148,Tahoe Vista,39.249777,-120.0575895,1083935,,2022-04-30,10,0,Zillow ZIP-level market for Tahoe Vista; mapped with Census 2020 ZCTA 96148 in Placer County.,,,,
96140 Carnelian Bay,zcta,96140,Carnelian Bay,39.2320185,-120.0963996,1307319,,2022-04-30,10,0,Zillow ZIP-level market for Carnelian Bay; mapped with Census 2020 ZCTA 96140 in Placer County.,,,,
96142 Tahoma,zcta,96142,Tahoma,38.9986311,-120.1038814,966151,,2022-04-30,10,0,Zillow ZIP-level market for Tahoma; mapped with Census 2020 ZCTA 96142 in Placer County.,,,,
95703 Applegate,zcta,95703,Applegate,38.9890274,-120.9877751,614038,,2022-04-30,10,0,Zillow ZIP-level market for Applegate; mapped with Census 2020 ZCTA 95703 in Placer County.,,,,
95681 Sheridan,zcta,95681,Sheridan,38.9980915,-121.354198,559114,,2022-04-30,10,0,Zillow ZIP-level market for Sheridan; mapped with Census 2020 ZCTA 95681 in Placer County.,,,,
95701 Alta,zcta,95701,Alta,39.226549,-120.7670224,486913,,2022-04-30,10,0,Zillow ZIP-level market for Alta; mapped with Census 2020 ZCTA 95701 in Placer County.,,,,
95715 nan,zcta,95715,nan,39.2766508,-120.644012,422220,,2022-04-30,10,0,Zillow ZIP-level market for nan; mapped with Census 2020 ZCTA 95715 in Placer County.,,,,
95728 Soda Springs,zcta,95728,Soda Springs,39.2946534,-120.4014066,854600,,2022-04-30,10,0,Zillow ZIP-level market for Soda Springs; mapped with Census 2020 ZCTA 95728 in Placer County.,,,,
95714 Dutch Flat,zcta,95714,Dutch Flat,39.2011586,-120.8367976,440419,,2022-04-30,10,0,Zillow ZIP-level market for Dutch Flat; mapped with Census 2020 ZCTA 95714 in Placer County.,,,,
96141 Homewood,zcta,96141,Homewood,39.0989284,-120.2052313,1446369,,2022-04-30,10,0,Zillow ZIP-level market for Homewood; mapped with Census 2020 ZCTA 96141 in Placer County.,,,,
95747 Roseville,zcta,95747,Roseville,38.7784212,-121.3688294,721614,2662,2022-05-31,10,0,Zillow ZIP-level market for Roseville; mapped with Census 2020 ZCTA 95747 in Placer County.,,2662,Zillow ZORI,
95648 Lincoln,zcta,95648,Lincoln,38.9228115,-121.3120046,703392,2766,2022-05-31,10,0,Zillow ZIP-level market for Lincoln; mapped with Census 2020 ZCTA 95648 in Placer County.,,2766,Zillow ZORI,
95678 Roseville,zcta,95678,Roseville,38.7653528,-121.2884731,600253,2172,2022-05-31,10,0,Zillow ZIP-level market for Roseville; mapped with Census 2020 ZCTA 95678 in Placer County.,,2172,Zillow ZORI,
95765 Rocklin,zcta,95765,Rocklin,38.8197384,-121.2783211,807077,2419,2022-05-31,10,0,Zillow ZIP-level market for Rocklin; mapped with Census 2020 ZCTA 95765 in Placer County.,,2419,Zillow ZORI,
95661 Roseville,zcta,95661,Roseville,38.7412743,-121.2492663,726863,2009,2022-05-31,10,0,Zillow ZIP-level market for Roseville; mapped with Census 2020 ZCTA 95661 in Placer County.,,2009,Zillow ZORI,
95603 Auburn,zcta,95603,Auburn,38.911346,-121.0857601,672446,1958,2022-05-31,10,0,Zillow ZIP-level market for Auburn; mapped with Census 2020 ZCTA 95603 in Placer County.,,1958,Zillow ZORI,
95677 Rocklin,zcta,95677,Rocklin,38.79292,-121.232006,706242,2154,2022-05-31,10,0,Zillow ZIP-level market for Rocklin; mapped with Census 2020 ZCTA 95677 in Placer County.,,2154,Zillow ZORI,
95746 Granite Bay,zcta,95746,Granite Bay,38.7469238,-121.1664336,1184343,,2022-05-31,10,0,Zillow ZIP-level market for Granite Bay; mapped with Census 2020 ZCTA 95746 in Placer County.,,,,
95602 Auburn,zcta,95602,Auburn,38.9914911,-121.1035441,745659,,2022-05-31,10,0,Zillow ZIP-level market for Auburn; mapped with Census 2020 ZCTA 95602 in Placer County.,,,,
95650 Loomis,zcta,95650,Loomis,38.8091745,-121.171375,945111,,2022-05-31,10,0,Zillow ZIP-level market for Loomis; mapped with Census 2020 ZCTA 95650 in Placer County.,,,,
95713 Colfax,zcta,95713,Colfax,39.0813467,-120.9323895,551007,,2022-05-31,10,0,Zillow ZIP-level market for Colfax; mapped with Census 2020 ZCTA 95713 in Placer County.,,,,
95658 Newcastle,zcta,95658,Newcastle,38.8811828,-121.1690138,940185,,2022-05-31,10,0,Zillow ZIP-level market for Newcastle; mapped with Census 2020 ZCTA 95658 in Placer County.,,,,
95722 Meadow Vista,zcta,95722,Meadow Vista,39.0098006,-121.0347072,724030,,2022-05-31,10,0,Zillow ZIP-level market for Meadow Vista; mapped with Census 2020 ZCTA 95722 in Placer County.,,,,
95631 Foresthill,zcta,95631,Foresthill,39.0549436,-120.7539748,534655,,2022-05-31,10,0,Zillow ZIP-level market for Foresthill; mapped with Census 2020 ZCTA 95631 in Placer County.,,,,
96143 Kings Beach,zcta,96143,Kings Beach,39.2605746,-120.0262906,908505,,2022-05-31,10,0,Zillow ZIP-level market for Kings Beach; mapped with Census 2020 ZCTA 96143 in Placer County.,,,,
95663 Penryn,zcta,95663,Penryn,38.8573725,-121.1825262,975033,,2022-05-31,10,0,Zillow ZIP-level market for Penryn; mapped with Census 2020 ZCTA 95663 in Placer County.,,,,
96145 Tahoe City,zcta,96145,Tahoe City,39.1809984,-120.151396,1446714,,2022-05-31,10,0,Zillow ZIP-level market for Tahoe City; mapped with Census 2020 ZCTA 96145 in Placer County.,,,,
96146 Olympic Valley,zcta,96146,Olympic Valley,39.2158973,-120.2451697,1428450,,2022-05-31,10,0,Zillow ZIP-level market for Olympic Valley; mapped with Census 2020 ZCTA 96146 in Placer County.,,,,
95668 Pleasant Grove,zcta,95668,Pleasant Grove,38.8275549,-121.4951816,845107,,2022-05-31,10,0,Zillow ZIP-level market for Pleasant Grove; mapped with Census 2020 ZCTA 95668 in Placer County.,,,,
96148 Tahoe Vista,zcta,96148,Tahoe Vista,39.249777,-120.0575895,1106459,,2022-05-31,10,0,Zillow ZIP-level market for Tahoe Vista; mapped with Census 2020 ZCTA 96148 in Placer County.,,,,
96140 Carnelian Bay,zcta,96140,Carnelian Bay,39.2320185,-120.0963996,1338927,,2022-05-31,10,0,Zillow ZIP-level market for Carnelian Bay; mapped with Census 2020 ZCTA 96140 in Placer County.,,,,
96142 Tahoma,zcta,96142,Tahoma,38.9986311,-120.1038814,984435,,2022-05-31,10,0,Zillow ZIP-level market for Tahoma; mapped with Census 2020 ZCTA 96142 in Placer County.,,,,
95703 Applegate,zcta,95703,Applegate,38.9890274,-120.9877751,619075,,2022-05-31,10,0,Zillow ZIP-level market for Applegate; mapped with Census 2020 ZCTA 95703 in Placer County.,,,,
95681 Sheridan,zcta,95681,Sheridan,38.9980915,-121.354198,568439,,2022-05-31,10,0,Zillow ZIP-level market for Sheridan; mapped with Census 2020 ZCTA 95681 in Placer County.,,,,
95701 Alta,zcta,95701,Alta,39.226549,-120.7670224,493255,,2022-05-31,10,0,Zillow ZIP-level market for Alta; mapped with Census 2020 ZCTA 95701 in Placer County.,,,,
95715 nan,zcta,95715,nan,39.2766508,-120.644012,424587,,2022-05-31,10,0,Zillow ZIP-level market for nan; mapped with Census 2020 ZCTA 95715 in Placer County.,,,,
95728 Soda Springs,zcta,95728,Soda Springs,39.2946534,-120.4014066,869190,,2022-05-31,10,0,Zillow ZIP-level market for Soda Springs; mapped with Census 2020 ZCTA 95728 in Placer County.,,,,
95714 Dutch Flat,zcta,95714,Dutch Flat,39.2011586,-120.8367976,444977,,2022-05-31,10,0,Zillow ZIP-level market for Dutch Flat; mapped with Census 2020 ZCTA 95714 in Placer County.,,,,
96141 Homewood,zcta,96141,Homewood,39.0989284,-120.2052313,1474822,,2022-05-31,10,0,Zillow ZIP-level market for Homewood; mapped with Census 2020 ZCTA 96141 in Placer County.,,,,
95747 Roseville,zcta,95747,Roseville,38.7784212,-121.3688294,725446,2690,2022-06-30,10,0,Zillow ZIP-level market for Roseville; mapped with Census 2020 ZCTA 95747 in Placer County.,,2690,Zillow ZORI,
95648 Lincoln,zcta,95648,Lincoln,38.9228115,-121.3120046,708935,2781,2022-06-30,10,0,Zillow ZIP-level market for Lincoln; mapped with Census 2020 ZCTA 95648 in Placer County.,,2781,Zillow ZORI,
95678 Roseville,zcta,95678,Roseville,38.7653528,-121.2884731,604129,2191,2022-06-30,10,0,Zillow ZIP-level market for Roseville; mapped with Census 2020 ZCTA 95678 in Placer County.,,2191,Zillow ZORI,
95765 Rocklin,zcta,95765,Rocklin,38.8197384,-121.2783211,811687,2435,2022-06-30,10,0,Zillow ZIP-level market for Rocklin; mapped with Census 2020 ZCTA 95765 in Placer County.,,2435,Zillow ZORI,
95661 Roseville,zcta,95661,Roseville,38.7412743,-121.2492663,731702,2005,2022-06-30,10,0,Zillow ZIP-level market for Roseville; mapped with Census 2020 ZCTA 95661 in Placer County.,,2005,Zillow ZORI,
95603 Auburn,zcta,95603,Auburn,38.911346,-121.0857601,676582,1973,2022-06-30,10,0,Zillow ZIP-level market for Auburn; mapped with Census 2020 ZCTA 95603 in Placer County.,,1973,Zillow ZORI,
95677 Rocklin,zcta,95677,Rocklin,38.79292,-121.232006,710237,2180,2022-06-30,10,0,Zillow ZIP-level market for Rocklin; mapped with Census 2020 ZCTA 95677 in Placer County.,,2180,Zillow ZORI,
95746 Granite Bay,zcta,95746,Granite Bay,38.7469238,-121.1664336,1192583,,2022-06-30,10,0,Zillow ZIP-level market for Granite Bay; mapped with Census 2020 ZCTA 95746 in Placer County.,,,,
95602 Auburn,zcta,95602,Auburn,38.9914911,-121.1035441,747456,,2022-06-30,10,0,Zillow ZIP-level market for Auburn; mapped with Census 2020 ZCTA 95602 in Placer County.,,,,
95650 Loomis,zcta,95650,Loomis,38.8091745,-121.171375,949300,,2022-06-30,10,0,Zillow ZIP-level market for Loomis; mapped with Census 2020 ZCTA 95650 in Placer County.,,,,
95713 Colfax,zcta,95713,Colfax,39.0813467,-120.9323895,552249,,2022-06-30,10,0,Zillow ZIP-level market for Colfax; mapped with Census 2020 ZCTA 95713 in Placer County.,,,,
95658 Newcastle,zcta,95658,Newcastle,38.8811828,-121.1690138,946581,,2022-06-30,10,0,Zillow ZIP-level market for Newcastle; mapped with Census 2020 ZCTA 95658 in Placer County.,,,,
95722 Meadow Vista,zcta,95722,Meadow Vista,39.0098006,-121.0347072,723605,,2022-06-30,10,0,Zillow ZIP-level market for Meadow Vista; mapped with Census 2020 ZCTA 95722 in Placer County.,,,,
95631 Foresthill,zcta,95631,Foresthill,39.0549436,-120.7539748,538023,,2022-06-30,10,0,Zillow ZIP-level market for Foresthill; mapped with Census 2020 ZCTA 95631 in Placer County.,,,,
96143 Kings Beach,zcta,96143,Kings Beach,39.2605746,-120.0262906,920663,,2022-06-30,10,0,Zillow ZIP-level market for Kings Beach; mapped with Census 2020 ZCTA 96143 in Placer County.,,,,
95663 Penryn,zcta,95663,Penryn,38.8573725,-121.1825262,978412,,2022-06-30,10,0,Zillow ZIP-level market for Penryn; mapped with Census 2020 ZCTA 95663 in Placer County.,,,,
96145 Tahoe City,zcta,96145,Tahoe City,39.1809984,-120.151396,1467824,,2022-06-30,10,0,Zillow ZIP-level market for Tahoe City; mapped with Census 2020 ZCTA 96145 in Placer County.,,,,
96146 Olympic Valley,zcta,96146,Olympic Valley,39.2158973,-120.2451697,1436370,,2022-06-30,10,0,Zillow ZIP-level market for Olympic Valley; mapped with Census 2020 ZCTA 96146 in Placer County.,,,,
95668 Pleasant Grove,zcta,95668,Pleasant Grove,38.8275549,-121.4951816,863692,,2022-06-30,10,0,Zillow ZIP-level market for Pleasant Grove; mapped with Census 2020 ZCTA 95668 in Placer County.,,,,
96148 Tahoe Vista,zcta,96148,Tahoe Vista,39.249777,-120.0575895,1119031,,2022-06-30,10,0,Zillow ZIP-level market for Tahoe Vista; mapped with Census 2020 ZCTA 96148 in Placer County.,,,,
96140 Carnelian Bay,zcta,96140,Carnelian Bay,39.2320185,-120.0963996,1359317,,2022-06-30,10,0,Zillow ZIP-level market for Carnelian Bay; mapped with Census 2020 ZCTA 96140 in Placer County.,,,,
96142 Tahoma,zcta,96142,Tahoma,38.9986311,-120.1038814,989635,,2022-06-30,10,0,Zillow ZIP-level market for Tahoma; mapped with Census 2020 ZCTA 96142 in Placer County.,,,,
95703 Applegate,zcta,95703,Applegate,38.9890274,-120.9877751,619108,,2022-06-30,10,0,Zillow ZIP-level market for Applegate; mapped with Census 2020 ZCTA 95703 in Placer County.,,,,
95681 Sheridan,zcta,95681,Sheridan,38.9980915,-121.354198,571482,,2022-06-30,10,0,Zillow ZIP-level market for Sheridan; mapped with Census 2020 ZCTA 95681 in Placer County.,,,,
95701 Alta,zcta,95701,Alta,39.226549,-120.7670224,495049,,2022-06-30,10,0,Zillow ZIP-level market for Alta; mapped with Census 2020 ZCTA 95701 in Placer County.,,,,
95715 nan,zcta,95715,nan,39.2766508,-120.644012,423670,,2022-06-30,10,0,Zillow ZIP-level market for nan; mapped with Census 2020 ZCTA 95715 in Placer County.,,,,
95728 Soda Springs,zcta,95728,Soda Springs,39.2946534,-120.4014066,874183,,2022-06-30,10,0,Zillow ZIP-level market for Soda Springs; mapped with Census 2020 ZCTA 95728 in Placer County.,,,,
95714 Dutch Flat,zcta,95714,Dutch Flat,39.2011586,-120.8367976,445439,,2022-06-30,10,0,Zillow ZIP-level market for Dutch Flat; mapped with Census 2020 ZCTA 95714 in Placer County.,,,,
96141 Homewood,zcta,96141,Homewood,39.0989284,-120.2052313,1488225,,2022-06-30,10,0,Zillow ZIP-level market for Homewood; mapped with Census 2020 ZCTA 96141 in Placer County.,,,,
95747 Roseville,zcta,95747,Roseville,38.7784212,-121.3688294,723532,2713,2022-07-31,10,0,Zillow ZIP-level market for Roseville; mapped with Census 2020 ZCTA 95747 in Placer County.,,2713,Zillow ZORI,
95648 Lincoln,zcta,95648,Lincoln,38.9228115,-121.3120046,708413,2802,2022-07-31,10,0,Zillow ZIP-level market for Lincoln; mapped with Census 2020 ZCTA 95648 in Placer County.,,2802,Zillow ZORI,
95678 Roseville,zcta,95678,Roseville,38.7653528,-121.2884731,603171,2195,2022-07-31,10,0,Zillow ZIP-level market for Roseville; mapped with Census 2020 ZCTA 95678 in Placer County.,,2195,Zillow ZORI,
95765 Rocklin,zcta,95765,Rocklin,38.8197384,-121.2783211,808520,2435,2022-07-31,10,0,Zillow ZIP-level market for Rocklin; mapped with Census 2020 ZCTA 95765 in Placer County.,,2435,Zillow ZORI,
95661 Roseville,zcta,95661,Roseville,38.7412743,-121.2492663,730264,2042,2022-07-31,10,0,Zillow ZIP-level market for Roseville; mapped with Census 2020 ZCTA 95661 in Placer County.,,2042,Zillow ZORI,
95603 Auburn,zcta,95603,Auburn,38.911346,-121.0857601,675715,1959,2022-07-31,10,0,Zillow ZIP-level market for Auburn; mapped with Census 2020 ZCTA 95603 in Placer County.,,1959,Zillow ZORI,
95677 Rocklin,zcta,95677,Rocklin,38.79292,-121.232006,708149,2210,2022-07-31,10,0,Zillow ZIP-level market for Rocklin; mapped with Census 2020 ZCTA 95677 in Placer County.,,2210,Zillow ZORI,
95746 Granite Bay,zcta,95746,Granite Bay,38.7469238,-121.1664336,1188612,,2022-07-31,10,0,Zillow ZIP-level market for Granite Bay; mapped with Census 2020 ZCTA 95746 in Placer County.,,,,
95602 Auburn,zcta,95602,Auburn,38.9914911,-121.1035441,743666,,2022-07-31,10,0,Zillow ZIP-level market for Auburn; mapped with Census 2020 ZCTA 95602 in Placer County.,,,,
95650 Loomis,zcta,95650,Loomis,38.8091745,-121.171375,944345,,2022-07-31,10,0,Zillow ZIP-level market for Loomis; mapped with Census 2020 ZCTA 95650 in Placer County.,,,,
95713 Colfax,zcta,95713,Colfax,39.0813467,-120.9323895,549904,,2022-07-31,10,0,Zillow ZIP-level market for Colfax; mapped with Census 2020 ZCTA 95713 in Placer County.,,,,
95658 Newcastle,zcta,95658,Newcastle,38.8811828,-121.1690138,943512,,2022-07-31,10,0,Zillow ZIP-level market for Newcastle; mapped with Census 2020 ZCTA 95658 in Placer County.,,,,
95722 Meadow Vista,zcta,95722,Meadow Vista,39.0098006,-121.0347072,717184,,2022-07-31,10,0,Zillow ZIP-level market for Meadow Vista; mapped with Census 2020 ZCTA 95722 in Placer County.,,,,
95631 Foresthill,zcta,95631,Foresthill,39.0549436,-120.7539748,537997,,2022-07-31,10,0,Zillow ZIP-level market for Foresthill; mapped with Census 2020 ZCTA 95631 in Placer County.,,,,
96143 Kings Beach,zcta,96143,Kings Beach,39.2605746,-120.0262906,919607,,2022-07-31,10,0,Zillow ZIP-level market for Kings Beach; mapped with Census 2020 ZCTA 96143 in Placer County.,,,,
95663 Penryn,zcta,95663,Penryn,38.8573725,-121.1825262,970981,,2022-07-31,10,0,Zillow ZIP-level market for Penryn; mapped with Census 2020 ZCTA 95663 in Placer County.,,,,
96145 Tahoe City,zcta,96145,Tahoe City,39.1809984,-120.151396,1464593,,2022-07-31,10,0,Zillow ZIP-level market for Tahoe City; mapped with Census 2020 ZCTA 96145 in Placer County.,,,,
96146 Olympic Valley,zcta,96146,Olympic Valley,39.2158973,-120.2451697,1427958,,2022-07-31,10,0,Zillow ZIP-level market for Olympic Valley; mapped with Census 2020 ZCTA 96146 in Placer County.,,,,
95668 Pleasant Grove,zcta,95668,Pleasant Grove,38.8275549,-121.4951816,865104,,2022-07-31,10,0,Zillow ZIP-level market for Pleasant Grove; mapped with Census 2020 ZCTA 95668 in Placer County.,,,,
96148 Tahoe Vista,zcta,96148,Tahoe Vista,39.249777,-120.0575895,1115504,,2022-07-31,10,0,Zillow ZIP-level market for Tahoe Vista; mapped with Census 2020 ZCTA 96148 in Placer County.,,,,
96140 Carnelian Bay,zcta,96140,Carnelian Bay,39.2320185,-120.0963996,1356714,,2022-07-31,10,0,Zillow ZIP-level market for Carnelian Bay; mapped with Census 2020 ZCTA 96140 in Placer County.,,,,
96142 Tahoma,zcta,96142,Tahoma,38.9986311,-120.1038814,982594,,2022-07-31,10,0,Zillow ZIP-level market for Tahoma; mapped with Census 2020 ZCTA 96142 in Placer County.,,,,
95703 Applegate,zcta,95703,Applegate,38.9890274,-120.9877751,615283,,2022-07-31,10,0,Zillow ZIP-level market for Applegate; mapped with Census 2020 ZCTA 95703 in Placer County.,,,,
95681 Sheridan,zcta,95681,Sheridan,38.9980915,-121.354198,567706,,2022-07-31,10,0,Zillow ZIP-level market for Sheridan; mapped with Census 2020 ZCTA 95681 in Placer County.,,,,
95701 Alta,zcta,95701,Alta,39.226549,-120.7670224,492220,,2022-07-31,10,0,Zillow ZIP-level market for Alta; mapped with Census 2020 ZCTA 95701 in Placer County.,,,,
95715 nan,zcta,95715,nan,39.2766508,-120.644012,420370,,2022-07-31,10,0,Zillow ZIP-level market for nan; mapped with Census 2020 ZCTA 95715 in Placer County.,,,,
95728 Soda Springs,zcta,95728,Soda Springs,39.2946534,-120.4014066,869732,,2022-07-31,10,0,Zillow ZIP-level market for Soda Springs; mapped with Census 2020 ZCTA 95728 in Placer County.,,,,
95714 Dutch Flat,zcta,95714,Dutch Flat,39.2011586,-120.8367976,443357,,2022-07-31,10,0,Zillow ZIP-level market for Dutch Flat; mapped with Census 2020 ZCTA 95714 in Placer County.,,,,
96141 Homewood,zcta,96141,Homewood,39.0989284,-120.2052313,1481640,,2022-07-31,10,0,Zillow ZIP-level market for Homewood; mapped with Census 2020 ZCTA 96141 in Placer County.,,,,
95747 Roseville,zcta,95747,Roseville,38.7784212,-121.3688294,716571,2713,2022-08-31,10,0,Zillow ZIP-level market for Roseville; mapped with Census 2020 ZCTA 95747 in Placer County.,,2713,Zillow ZORI,
95648 Lincoln,zcta,95648,Lincoln,38.9228115,-121.3120046,701438,2797,2022-08-31,10,0,Zillow ZIP-level market for Lincoln; mapped with Census 2020 ZCTA 95648 in Placer County.,,2797,Zillow ZORI,
95678 Roseville,zcta,95678,Roseville,38.7653528,-121.2884731,597941,2191,2022-08-31,10,0,Zillow ZIP-level market for Roseville; mapped with Census 2020 ZCTA 95678 in Placer County.,,2191,Zillow ZORI,
95765 Rocklin,zcta,95765,Rocklin,38.8197384,-121.2783211,798596,2415,2022-08-31,10,0,Zillow ZIP-level market for Rocklin; mapped with Census 2020 ZCTA 95765 in Placer County.,,2415,Zillow ZORI,
95661 Roseville,zcta,95661,Roseville,38.7412743,-121.2492663,722999,2068,2022-08-31,10,0,Zillow ZIP-level market for Roseville; mapped with Census 2020 ZCTA 95661 in Placer County.,,2068,Zillow ZORI,
95603 Auburn,zcta,95603,Auburn,38.911346,-121.0857601,670418,1946,2022-08-31,10,0,Zillow ZIP-level market for Auburn; mapped with Census 2020 ZCTA 95603 in Placer County.,,1946,Zillow ZORI,
95677 Rocklin,zcta,95677,Rocklin,38.79292,-121.232006,701047,2255,2022-08-31,10,0,Zillow ZIP-level market for Rocklin; mapped with Census 2020 ZCTA 95677 in Placer County.,,2255,Zillow ZORI,
95746 Granite Bay,zcta,95746,Granite Bay,38.7469238,-121.1664336,1176234,,2022-08-31,10,0,Zillow ZIP-level market for Granite Bay; mapped with Census 2020 ZCTA 95746 in Placer County.,,,,
95602 Auburn,zcta,95602,Auburn,38.9914911,-121.1035441,734302,,2022-08-31,10,0,Zillow ZIP-level market for Auburn; mapped with Census 2020 ZCTA 95602 in Placer County.,,,,
95650 Loomis,zcta,95650,Loomis,38.8091745,-121.171375,932573,,2022-08-31,10,0,Zillow ZIP-level market for Loomis; mapped with Census 2020 ZCTA 95650 in Placer County.,,,,
95713 Colfax,zcta,95713,Colfax,39.0813467,-120.9323895,544728,,2022-08-31,10,0,Zillow ZIP-level market for Colfax; mapped with Census 2020 ZCTA 95713 in Placer County.,,,,
95658 Newcastle,zcta,95658,Newcastle,38.8811828,-121.1690138,932865,,2022-08-31,10,0,Zillow ZIP-level market for Newcastle; mapped with Census 2020 ZCTA 95658 in Placer County.,,,,
95722 Meadow Vista,zcta,95722,Meadow Vista,39.0098006,-121.0347072,706622,,2022-08-31,10,0,Zillow ZIP-level market for Meadow Vista; mapped with Census 2020 ZCTA 95722 in Placer County.,,,,
95631 Foresthill,zcta,95631,Foresthill,39.0549436,-120.7539748,535118,,2022-08-31,10,0,Zillow ZIP-level market for Foresthill; mapped with Census 2020 ZCTA 95631 in Placer County.,,,,
96143 Kings Beach,zcta,96143,Kings Beach,39.2605746,-120.0262906,910282,,2022-08-31,10,0,Zillow ZIP-level market for Kings Beach; mapped with Census 2020 ZCTA 96143 in Placer County.,,,,
95663 Penryn,zcta,95663,Penryn,38.8573725,-121.1825262,954574,,2022-08-31,10,0,Zillow ZIP-level market for Penryn; mapped with Census 2020 ZCTA 95663 in Placer County.,,,,
96145 Tahoe City,zcta,96145,Tahoe City,39.1809984,-120.151396,1438979,,2022-08-31,10,0,Zillow ZIP-level market for Tahoe City; mapped with Census 2020 ZCTA 96145 in Placer County.,,,,
96146 Olympic Valley,zcta,96146,Olympic Valley,39.2158973,-120.2451697,1400912,,2022-08-31,10,0,Zillow ZIP-level market for Olympic Valley; mapped with Census 2020 ZCTA 96146 in Placer County.,,,,
95668 Pleasant Grove,zcta,95668,Pleasant Grove,38.8275549,-121.4951816,852554,,2022-08-31,10,0,Zillow ZIP-level market for Pleasant Grove; mapped with Census 2020 ZCTA 95668 in Placer County.,,,,
96148 Tahoe Vista,zcta,96148,Tahoe Vista,39.249777,-120.0575895,1098119,,2022-08-31,10,0,Zillow ZIP-level market for Tahoe Vista; mapped with Census 2020 ZCTA 96148 in Placer County.,,,,
96140 Carnelian Bay,zcta,96140,Carnelian Bay,39.2320185,-120.0963996,1334631,,2022-08-31,10,0,Zillow ZIP-level market for Carnelian Bay; mapped with Census 2020 ZCTA 96140 in Placer County.,,,,
96142 Tahoma,zcta,96142,Tahoma,38.9986311,-120.1038814,964660,,2022-08-31,10,0,Zillow ZIP-level market for Tahoma; mapped with Census 2020 ZCTA 96142 in Placer County.,,,,
95703 Applegate,zcta,95703,Applegate,38.9890274,-120.9877751,608602,,2022-08-31,10,0,Zillow ZIP-level market for Applegate; mapped with Census 2020 ZCTA 95703 in Placer County.,,,,
95681 Sheridan,zcta,95681,Sheridan,38.9980915,-121.354198,561728,,2022-08-31,10,0,Zillow ZIP-level market for Sheridan; mapped with Census 2020 ZCTA 95681 in Placer County.,,,,
95701 Alta,zcta,95701,Alta,39.226549,-120.7670224,486387,,2022-08-31,10,0,Zillow ZIP-level market for Alta; mapped with Census 2020 ZCTA 95701 in Placer County.,,,,
95715 nan,zcta,95715,nan,39.2766508,-120.644012,414116,,2022-08-31,10,0,Zillow ZIP-level market for nan; mapped with Census 2020 ZCTA 95715 in Placer County.,,,,
95728 Soda Springs,zcta,95728,Soda Springs,39.2946534,-120.4014066,857340,,2022-08-31,10,0,Zillow ZIP-level market for Soda Springs; mapped with Census 2020 ZCTA 95728 in Placer County.,,,,
95714 Dutch Flat,zcta,95714,Dutch Flat,39.2011586,-120.8367976,440355,,2022-08-31,10,0,Zillow ZIP-level market for Dutch Flat; mapped with Census 2020 ZCTA 95714 in Placer County.,,,,
96141 Homewood,zcta,96141,Homewood,39.0989284,-120.2052313,1453761,,2022-08-31,10,0,Zillow ZIP-level market for Homewood; mapped with Census 2020 ZCTA 96141 in Placer County.,,,,
95747 Roseville,zcta,95747,Roseville,38.7784212,-121.3688294,706146,2692,2022-09-30,10,0,Zillow ZIP-level market for Roseville; mapped with Census 2020 ZCTA 95747 in Placer County.,,2692,Zillow ZORI,
95648 Lincoln,zcta,95648,Lincoln,38.9228115,-121.3120046,690317,2759,2022-09-30,10,0,Zillow ZIP-level market for Lincoln; mapped with Census 2020 ZCTA 95648 in Placer County.,,2759,Zillow ZORI,
95678 Roseville,zcta,95678,Roseville,38.7653528,-121.2884731,590144,2156,2022-09-30,10,0,Zillow ZIP-level market for Roseville; mapped with Census 2020 ZCTA 95678 in Placer County.,,2156,Zillow ZORI,
95765 Rocklin,zcta,95765,Rocklin,38.8197384,-121.2783211,784854,2399,2022-09-30,10,0,Zillow ZIP-level market for Rocklin; mapped with Census 2020 ZCTA 95765 in Placer County.,,2399,Zillow ZORI,
95661 Roseville,zcta,95661,Roseville,38.7412743,-121.2492663,712612,2085,2022-09-30,10,0,Zillow ZIP-level market for Roseville; mapped with Census 2020 ZCTA 95661 in Placer County.,,2085,Zillow ZORI,
95603 Auburn,zcta,95603,Auburn,38.911346,-121.0857601,662174,1939,2022-09-30,10,0,Zillow ZIP-level market for Auburn; mapped with Census 2020 ZCTA 95603 in Placer County.,,1939,Zillow ZORI,
95677 Rocklin,zcta,95677,Rocklin,38.79292,-121.232006,691439,2240,2022-09-30,10,0,Zillow ZIP-level market for Rocklin; mapped with Census 2020 ZCTA 95677 in Placer County.,,2240,Zillow ZORI,
95746 Granite Bay,zcta,95746,Granite Bay,38.7469238,-121.1664336,1160188,,2022-09-30,10,0,Zillow ZIP-level market for Granite Bay; mapped with Census 2020 ZCTA 95746 in Placer County.,,,,
95602 Auburn,zcta,95602,Auburn,38.9914911,-121.1035441,723101,,2022-09-30,10,0,Zillow ZIP-level market for Auburn; mapped with Census 2020 ZCTA 95602 in Placer County.,,,,
95650 Loomis,zcta,95650,Loomis,38.8091745,-121.171375,917033,,2022-09-30,10,0,Zillow ZIP-level market for Loomis; mapped with Census 2020 ZCTA 95650 in Placer County.,,,,
95713 Colfax,zcta,95713,Colfax,39.0813467,-120.9323895,537735,,2022-09-30,10,0,Zillow ZIP-level market for Colfax; mapped with Census 2020 ZCTA 95713 in Placer County.,,,,
95658 Newcastle,zcta,95658,Newcastle,38.8811828,-121.1690138,917795,,2022-09-30,10,0,Zillow ZIP-level market for Newcastle; mapped with Census 2020 ZCTA 95658 in Placer County.,,,,
95722 Meadow Vista,zcta,95722,Meadow Vista,39.0098006,-121.0347072,695259,,2022-09-30,10,0,Zillow ZIP-level market for Meadow Vista; mapped with Census 2020 ZCTA 95722 in Placer County.,,,,
95631 Foresthill,zcta,95631,Foresthill,39.0549436,-120.7539748,529713,,2022-09-30,10,0,Zillow ZIP-level market for Foresthill; mapped with Census 2020 ZCTA 95631 in Placer County.,,,,
96143 Kings Beach,zcta,96143,Kings Beach,39.2605746,-120.0262906,896537,,2022-09-30,10,0,Zillow ZIP-level market for Kings Beach; mapped with Census 2020 ZCTA 96143 in Placer County.,,,,
95663 Penryn,zcta,95663,Penryn,38.8573725,-121.1825262,936231,,2022-09-30,10,0,Zillow ZIP-level market for Penryn; mapped with Census 2020 ZCTA 95663 in Placer County.,,,,
96145 Tahoe City,zcta,96145,Tahoe City,39.1809984,-120.151396,1401727,,2022-09-30,10,0,Zillow ZIP-level market for Tahoe City; mapped with Census 2020 ZCTA 96145 in Placer County.,,,,
96146 Olympic Valley,zcta,96146,Olympic Valley,39.2158973,-120.2451697,1365351,,2022-09-30,10,0,Zillow ZIP-level market for Olympic Valley; mapped with Census 2020 ZCTA 96146 in Placer County.,,,,
95668 Pleasant Grove,zcta,95668,Pleasant Grove,38.8275549,-121.4951816,834182,,2022-09-30,10,0,Zillow ZIP-level market for Pleasant Grove; mapped with Census 2020 ZCTA 95668 in Placer County.,,,,
96148 Tahoe Vista,zcta,96148,Tahoe Vista,39.249777,-120.0575895,1078304,,2022-09-30,10,0,Zillow ZIP-level market for Tahoe Vista; mapped with Census 2020 ZCTA 96148 in Placer County.,,,,
96140 Carnelian Bay,zcta,96140,Carnelian Bay,39.2320185,-120.0963996,1303069,,2022-09-30,10,0,Zillow ZIP-level market for Carnelian Bay; mapped with Census 2020 ZCTA 96140 in Placer County.,,,,
96142 Tahoma,zcta,96142,Tahoma,38.9986311,-120.1038814,943160,,2022-09-30,10,0,Zillow ZIP-level market for Tahoma; mapped with Census 2020 ZCTA 96142 in Placer County.,,,,
95703 Applegate,zcta,95703,Applegate,38.9890274,-120.9877751,600660,,2022-09-30,10,0,Zillow ZIP-level market for Applegate; mapped with Census 2020 ZCTA 95703 in Placer County.,,,,
95681 Sheridan,zcta,95681,Sheridan,38.9980915,-121.354198,554626,,2022-09-30,10,0,Zillow ZIP-level market for Sheridan; mapped with Census 2020 ZCTA 95681 in Placer County.,,,,
95701 Alta,zcta,95701,Alta,39.226549,-120.7670224,478659,,2022-09-30,10,0,Zillow ZIP-level market for Alta; mapped with Census 2020 ZCTA 95701 in Placer County.,,,,
95715 nan,zcta,95715,nan,39.2766508,-120.644012,405393,,2022-09-30,10,0,Zillow ZIP-level market for nan; mapped with Census 2020 ZCTA 95715 in Placer County.,,,,
95728 Soda Springs,zcta,95728,Soda Springs,39.2946534,-120.4014066,843770,,2022-09-30,10,0,Zillow ZIP-level market for Soda Springs; mapped with Census 2020 ZCTA 95728 in Placer County.,,,,
95714 Dutch Flat,zcta,95714,Dutch Flat,39.2011586,-120.8367976,437284,,2022-09-30,10,0,Zillow ZIP-level market for Dutch Flat; mapped with Census 2020 ZCTA 95714 in Placer County.,,,,
96141 Homewood,zcta,96141,Homewood,39.0989284,-120.2052313,1420735,,2022-09-30,10,0,Zillow ZIP-level market for Homewood; mapped with Census 2020 ZCTA 96141 in Placer County.,,,,
95747 Roseville,zcta,95747,Roseville,38.7784212,-121.3688294,696180,2652,2022-10-31,10,0,Zillow ZIP-level market for Roseville; mapped with Census 2020 ZCTA 95747 in Placer County.,,2652,Zillow ZORI,
95648 Lincoln,zcta,95648,Lincoln,38.9228115,-121.3120046,680023,2725,2022-10-31,10,0,Zillow ZIP-level market for Lincoln; mapped with Census 2020 ZCTA 95648 in Placer County.,,2725,Zillow ZORI,
95678 Roseville,zcta,95678,Roseville,38.7653528,-121.2884731,582672,2129,2022-10-31,10,0,Zillow ZIP-level market for Roseville; mapped with Census 2020 ZCTA 95678 in Placer County.,,2129,Zillow ZORI,
95765 Rocklin,zcta,95765,Rocklin,38.8197384,-121.2783211,772896,2399,2022-10-31,10,0,Zillow ZIP-level market for Rocklin; mapped with Census 2020 ZCTA 95765 in Placer County.,,2399,Zillow ZORI,
95661 Roseville,zcta,95661,Roseville,38.7412743,-121.2492663,703268,2046,2022-10-31,10,0,Zillow ZIP-level market for Roseville; mapped with Census 2020 ZCTA 95661 in Placer County.,,2046,Zillow ZORI,
95603 Auburn,zcta,95603,Auburn,38.911346,-121.0857601,654129,1964,2022-10-31,10,0,Zillow ZIP-level market for Auburn; mapped with Census 2020 ZCTA 95603 in Placer County.,,1964,Zillow ZORI,
95677 Rocklin,zcta,95677,Rocklin,38.79292,-121.232006,682976,2200,2022-10-31,10,0,Zillow ZIP-level market for Rocklin; mapped with Census 2020 ZCTA 95677 in Placer County.,,2200,Zillow ZORI,
95746 Granite Bay,zcta,95746,Granite Bay,38.7469238,-121.1664336,1146059,,2022-10-31,10,0,Zillow ZIP-level market for Granite Bay; mapped with Census 2020 ZCTA 95746 in Placer County.,,,,
95602 Auburn,zcta,95602,Auburn,38.9914911,-121.1035441,713994,,2022-10-31,10,0,Zillow ZIP-level market for Auburn; mapped with Census 2020 ZCTA 95602 in Placer County.,,,,
95650 Loomis,zcta,95650,Loomis,38.8091745,-121.171375,903469,,2022-10-31,10,0,Zillow ZIP-level market for Loomis; mapped with Census 2020 ZCTA 95650 in Placer County.,,,,
95713 Colfax,zcta,95713,Colfax,39.0813467,-120.9323895,531112,,2022-10-31,10,0,Zillow ZIP-level market for Colfax; mapped with Census 2020 ZCTA 95713 in Placer County.,,,,
95658 Newcastle,zcta,95658,Newcastle,38.8811828,-121.1690138,906296,,2022-10-31,10,0,Zillow ZIP-level market for Newcastle; mapped with Census 2020 ZCTA 95658 in Placer County.,,,,
95722 Meadow Vista,zcta,95722,Meadow Vista,39.0098006,-121.0347072,686006,,2022-10-31,10,0,Zillow ZIP-level market for Meadow Vista; mapped with Census 2020 ZCTA 95722 in Placer County.,,,,
95631 Foresthill,zcta,95631,Foresthill,39.0549436,-120.7539748,523954,,2022-10-31,10,0,Zillow ZIP-level market for Foresthill; mapped with Census 2020 ZCTA 95631 in Placer County.,,,,
96143 Kings Beach,zcta,96143,Kings Beach,39.2605746,-120.0262906,887647,,2022-10-31,10,0,Zillow ZIP-level market for Kings Beach; mapped with Census 2020 ZCTA 96143 in Placer County.,,,,
95663 Penryn,zcta,95663,Penryn,38.8573725,-121.1825262,922012,,2022-10-31,10,0,Zillow ZIP-level market for Penryn; mapped with Census 2020 ZCTA 95663 in Placer County.,,,,
96145 Tahoe City,zcta,96145,Tahoe City,39.1809984,-120.151396,1369435,,2022-10-31,10,0,Zillow ZIP-level market for Tahoe City; mapped with Census 2020 ZCTA 96145 in Placer County.,,,,
96146 Olympic Valley,zcta,96146,Olympic Valley,39.2158973,-120.2451697,1336834,,2022-10-31,10,0,Zillow ZIP-level market for Olympic Valley; mapped with Census 2020 ZCTA 96146 in Placer County.,,,,
95668 Pleasant Grove,zcta,95668,Pleasant Grove,38.8275549,-121.4951816,822308,,2022-10-31,10,0,Zillow ZIP-level market for Pleasant Grove; mapped with Census 2020 ZCTA 95668 in Placer County.,,,,
96148 Tahoe Vista,zcta,96148,Tahoe Vista,39.249777,-120.0575895,1064517,,2022-10-31,10,0,Zillow ZIP-level market for Tahoe Vista; mapped with Census 2020 ZCTA 96148 in Placer County.,,,,
96140 Carnelian Bay,zcta,96140,Carnelian Bay,39.2320185,-120.0963996,1273910,,2022-10-31,10,0,Zillow ZIP-level market for Carnelian Bay; mapped with Census 2020 ZCTA 96140 in Placer County.,,,,
96142 Tahoma,zcta,96142,Tahoma,38.9986311,-120.1038814,927649,,2022-10-31,10,0,Zillow ZIP-level market for Tahoma; mapped with Census 2020 ZCTA 96142 in Placer County.,,,,
95703 Applegate,zcta,95703,Applegate,38.9890274,-120.9877751,592940,,2022-10-31,10,0,Zillow ZIP-level market for Applegate; mapped with Census 2020 ZCTA 95703 in Placer County.,,,,
95681 Sheridan,zcta,95681,Sheridan,38.9980915,-121.354198,548130,,2022-10-31,10,0,Zillow ZIP-level market for Sheridan; mapped with Census 2020 ZCTA 95681 in Placer County.,,,,
95701 Alta,zcta,95701,Alta,39.226549,-120.7670224,471379,,2022-10-31,10,0,Zillow ZIP-level market for Alta; mapped with Census 2020 ZCTA 95701 in Placer County.,,,,
95715 nan,zcta,95715,nan,39.2766508,-120.644012,397087,,2022-10-31,10,0,Zillow ZIP-level market for nan; mapped with Census 2020 ZCTA 95715 in Placer County.,,,,
95728 Soda Springs,zcta,95728,Soda Springs,39.2946534,-120.4014066,835193,,2022-10-31,10,0,Zillow ZIP-level market for Soda Springs; mapped with Census 2020 ZCTA 95728 in Placer County.,,,,
95714 Dutch Flat,zcta,95714,Dutch Flat,39.2011586,-120.8367976,433304,,2022-10-31,10,0,Zillow ZIP-level market for Dutch Flat; mapped with Census 2020 ZCTA 95714 in Placer County.,,,,
96141 Homewood,zcta,96141,Homewood,39.0989284,-120.2052313,1398845,,2022-10-31,10,0,Zillow ZIP-level market for Homewood; mapped with Census 2020 ZCTA 96141 in Placer County.,,,,
95747 Roseville,zcta,95747,Roseville,38.7784212,-121.3688294,686636,2636,2022-11-30,10,0,Zillow ZIP-level market for Roseville; mapped with Census 2020 ZCTA 95747 in Placer County.,,2636,Zillow ZORI,
95648 Lincoln,zcta,95648,Lincoln,38.9228115,-121.3120046,671660,2664,2022-11-30,10,0,Zillow ZIP-level market for Lincoln; mapped with Census 2020 ZCTA 95648 in Placer County.,,2664,Zillow ZORI,
95678 Roseville,zcta,95678,Roseville,38.7653528,-121.2884731,575492,2104,2022-11-30,10,0,Zillow ZIP-level market for Roseville; mapped with Census 2020 ZCTA 95678 in Placer County.,,2104,Zillow ZORI,
95765 Rocklin,zcta,95765,Rocklin,38.8197384,-121.2783211,762400,2372,2022-11-30,10,0,Zillow ZIP-level market for Rocklin; mapped with Census 2020 ZCTA 95765 in Placer County.,,2372,Zillow ZORI,
95661 Roseville,zcta,95661,Roseville,38.7412743,-121.2492663,694809,2017,2022-11-30,10,0,Zillow ZIP-level market for Roseville; mapped with Census 2020 ZCTA 95661 in Placer County.,,2017,Zillow ZORI,
95603 Auburn,zcta,95603,Auburn,38.911346,-121.0857601,646837,1979,2022-11-30,10,0,Zillow ZIP-level market for Auburn; mapped with Census 2020 ZCTA 95603 in Placer County.,,1979,Zillow ZORI,
95677 Rocklin,zcta,95677,Rocklin,38.79292,-121.232006,675480,2141,2022-11-30,10,0,Zillow ZIP-level market for Rocklin; mapped with Census 2020 ZCTA 95677 in Placer County.,,2141,Zillow ZORI,
95746 Granite Bay,zcta,95746,Granite Bay,38.7469238,-121.1664336,1132787,,2022-11-30,10,0,Zillow ZIP-level market for Granite Bay; mapped with Census 2020 ZCTA 95746 in Placer County.,,,,
95602 Auburn,zcta,95602,Auburn,38.9914911,-121.1035441,707063,,2022-11-30,10,0,Zillow ZIP-level market for Auburn; mapped with Census 2020 ZCTA 95602 in Placer County.,,,,
95650 Loomis,zcta,95650,Loomis,38.8091745,-121.171375,891756,,2022-11-30,10,0,Zillow ZIP-level market for Loomis; mapped with Census 2020 ZCTA 95650 in Placer County.,,,,
95713 Colfax,zcta,95713,Colfax,39.0813467,-120.9323895,524194,,2022-11-30,10,0,Zillow ZIP-level market for Colfax; mapped with Census 2020 ZCTA 95713 in Placer County.,,,,
95658 Newcastle,zcta,95658,Newcastle,38.8811828,-121.1690138,896735,,2022-11-30,10,0,Zillow ZIP-level market for Newcastle; mapped with Census 2020 ZCTA 95658 in Placer County.,,,,
95722 Meadow Vista,zcta,95722,Meadow Vista,39.0098006,-121.0347072,678600,,2022-11-30,10,0,Zillow ZIP-level market for Meadow Vista; mapped with Census 2020 ZCTA 95722 in Placer County.,,,,
95631 Foresthill,zcta,95631,Foresthill,39.0549436,-120.7539748,517687,,2022-11-30,10,0,Zillow ZIP-level market for Foresthill; mapped with Census 2020 ZCTA 95631 in Placer County.,,,,
96143 Kings Beach,zcta,96143,Kings Beach,39.2605746,-120.0262906,880212,,2022-11-30,10,0,Zillow ZIP-level market for Kings Beach; mapped with Census 2020 ZCTA 96143 in Placer County.,,,,
95663 Penryn,zcta,95663,Penryn,38.8573725,-121.1825262,911425,,2022-11-30,10,0,Zillow ZIP-level market for Penryn; mapped with Census 2020 ZCTA 95663 in Placer County.,,,,
96145 Tahoe City,zcta,96145,Tahoe City,39.1809984,-120.151396,1348050,,2022-11-30,10,0,Zillow ZIP-level market for Tahoe City; mapped with Census 2020 ZCTA 96145 in Placer County.,,,,
96146 Olympic Valley,zcta,96146,Olympic Valley,39.2158973,-120.2451697,1321837,,2022-11-30,10,0,Zillow ZIP-level market for Olympic Valley; mapped with Census 2020 ZCTA 96146 in Placer County.,,,,
95668 Pleasant Grove,zcta,95668,Pleasant Grove,38.8275549,-121.4951816,810636,,2022-11-30,10,0,Zillow ZIP-level market for Pleasant Grove; mapped with Census 2020 ZCTA 95668 in Placer County.,,,,
96148 Tahoe Vista,zcta,96148,Tahoe Vista,39.249777,-120.0575895,1055987,,2022-11-30,10,0,Zillow ZIP-level market for Tahoe Vista; mapped with Census 2020 ZCTA 96148 in Placer County.,,,,
96140 Carnelian Bay,zcta,96140,Carnelian Bay,39.2320185,-120.0963996,1252289,,2022-11-30,10,0,Zillow ZIP-level market for Carnelian Bay; mapped with Census 2020 ZCTA 96140 in Placer County.,,,,
96142 Tahoma,zcta,96142,Tahoma,38.9986311,-120.1038814,918203,,2022-11-30,10,0,Zillow ZIP-level market for Tahoma; mapped with Census 2020 ZCTA 96142 in Placer County.,,,,
95703 Applegate,zcta,95703,Applegate,38.9890274,-120.9877751,585346,,2022-11-30,10,0,Zillow ZIP-level market for Applegate; mapped with Census 2020 ZCTA 95703 in Placer County.,,,,
95681 Sheridan,zcta,95681,Sheridan,38.9980915,-121.354198,541033,,2022-11-30,10,0,Zillow ZIP-level market for Sheridan; mapped with Census 2020 ZCTA 95681 in Placer County.,,,,
95701 Alta,zcta,95701,Alta,39.226549,-120.7670224,465353,,2022-11-30,10,0,Zillow ZIP-level market for Alta; mapped with Census 2020 ZCTA 95701 in Placer County.,,,,
95715 nan,zcta,95715,nan,39.2766508,-120.644012,390380,,2022-11-30,10,0,Zillow ZIP-level market for nan; mapped with Census 2020 ZCTA 95715 in Placer County.,,,,
95728 Soda Springs,zcta,95728,Soda Springs,39.2946534,-120.4014066,831666,,2022-11-30,10,0,Zillow ZIP-level market for Soda Springs; mapped with Census 2020 ZCTA 95728 in Placer County.,,,,
95714 Dutch Flat,zcta,95714,Dutch Flat,39.2011586,-120.8367976,429667,,2022-11-30,10,0,Zillow ZIP-level market for Dutch Flat; mapped with Census 2020 ZCTA 95714 in Placer County.,,,,
96141 Homewood,zcta,96141,Homewood,39.0989284,-120.2052313,1390864,,2022-11-30,10,0,Zillow ZIP-level market for Homewood; mapped with Census 2020 ZCTA 96141 in Placer County.,,,,
95747 Roseville,zcta,95747,Roseville,38.7784212,-121.3688294,677567,2617,2022-12-31,10,0,Zillow ZIP-level market for Roseville; mapped with Census 2020 ZCTA 95747 in Placer County.,,2617,Zillow ZORI,
95648 Lincoln,zcta,95648,Lincoln,38.9228115,-121.3120046,663829,2653,2022-12-31,10,0,Zillow ZIP-level market for Lincoln; mapped with Census 2020 ZCTA 95648 in Placer County.,,2653,Zillow ZORI,
95678 Roseville,zcta,95678,Roseville,38.7653528,-121.2884731,568075,2085,2022-12-31,10,0,Zillow ZIP-level market for Roseville; mapped with Census 2020 ZCTA 95678 in Placer County.,,2085,Zillow ZORI,
95765 Rocklin,zcta,95765,Rocklin,38.8197384,-121.2783211,753364,2334,2022-12-31,10,0,Zillow ZIP-level market for Rocklin; mapped with Census 2020 ZCTA 95765 in Placer County.,,2334,Zillow ZORI,
95661 Roseville,zcta,95661,Roseville,38.7412743,-121.2492663,686494,1992,2022-12-31,10,0,Zillow ZIP-level market for Roseville; mapped with Census 2020 ZCTA 95661 in Placer County.,,1992,Zillow ZORI,
95603 Auburn,zcta,95603,Auburn,38.911346,-121.0857601,639114,2015,2022-12-31,10,0,Zillow ZIP-level market for Auburn; mapped with Census 2020 ZCTA 95603 in Placer County.,,2015,Zillow ZORI,
95677 Rocklin,zcta,95677,Rocklin,38.79292,-121.232006,668087,2112,2022-12-31,10,0,Zillow ZIP-level market for Rocklin; mapped with Census 2020 ZCTA 95677 in Placer County.,,2112,Zillow ZORI,
95746 Granite Bay,zcta,95746,Granite Bay,38.7469238,-121.1664336,1118327,,2022-12-31,10,0,Zillow ZIP-level market for Granite Bay; mapped with Census 2020 ZCTA 95746 in Placer County.,,,,
95602 Auburn,zcta,95602,Auburn,38.9914911,-121.1035441,700539,,2022-12-31,10,0,Zillow ZIP-level market for Auburn; mapped with Census 2020 ZCTA 95602 in Placer County.,,,,
95650 Loomis,zcta,95650,Loomis,38.8091745,-121.171375,880761,,2022-12-31,10,0,Zillow ZIP-level market for Loomis; mapped with Census 2020 ZCTA 95650 in Placer County.,,,,
95713 Colfax,zcta,95713,Colfax,39.0813467,-120.9323895,516604,,2022-12-31,10,0,Zillow ZIP-level market for Colfax; mapped with Census 2020 ZCTA 95713 in Placer County.,,,,
95658 Newcastle,zcta,95658,Newcastle,38.8811828,-121.1690138,888349,,2022-12-31,10,0,Zillow ZIP-level market for Newcastle; mapped with Census 2020 ZCTA 95658 in Placer County.,,,,
95722 Meadow Vista,zcta,95722,Meadow Vista,39.0098006,-121.0347072,671630,,2022-12-31,10,0,Zillow ZIP-level market for Meadow Vista; mapped with Census 2020 ZCTA 95722 in Placer County.,,,,
95631 Foresthill,zcta,95631,Foresthill,39.0549436,-120.7539748,511005,,2022-12-31,10,0,Zillow ZIP-level market for Foresthill; mapped with Census 2020 ZCTA 95631 in Placer County.,,,,
96143 Kings Beach,zcta,96143,Kings Beach,39.2605746,-120.0262906,866754,,2022-12-31,10,0,Zillow ZIP-level market for Kings Beach; mapped with Census 2020 ZCTA 96143 in Placer County.,,,,
95663 Penryn,zcta,95663,Penryn,38.8573725,-121.1825262,901270,,2022-12-31,10,0,Zillow ZIP-level market for Penryn; mapped with Census 2020 ZCTA 95663 in Placer County.,,,,
96145 Tahoe City,zcta,96145,Tahoe City,39.1809984,-120.151396,1330206,,2022-12-31,10,0,Zillow ZIP-level market for Tahoe City; mapped with Census 2020 ZCTA 96145 in Placer County.,,,,
96146 Olympic Valley,zcta,96146,Olympic Valley,39.2158973,-120.2451697,1316178,,2022-12-31,10,0,Zillow ZIP-level market for Olympic Valley; mapped with Census 2020 ZCTA 96146 in Placer County.,,,,
95668 Pleasant Grove,zcta,95668,Pleasant Grove,38.8275549,-121.4951816,798580,,2022-12-31,10,0,Zillow ZIP-level market for Pleasant Grove; mapped with Census 2020 ZCTA 95668 in Placer County.,,,,
96148 Tahoe Vista,zcta,96148,Tahoe Vista,39.249777,-120.0575895,1043678,,2022-12-31,10,0,Zillow ZIP-level market for Tahoe Vista; mapped with Census 2020 ZCTA 96148 in Placer County.,,,,
96140 Carnelian Bay,zcta,96140,Carnelian Bay,39.2320185,-120.0963996,1230053,,2022-12-31,10,0,Zillow ZIP-level market for Carnelian Bay; mapped with Census 2020 ZCTA 96140 in Placer County.,,,,
96142 Tahoma,zcta,96142,Tahoma,38.9986311,-120.1038814,908406,,2022-12-31,10,0,Zillow ZIP-level market for Tahoma; mapped with Census 2020 ZCTA 96142 in Placer County.,,,,
95703 Applegate,zcta,95703,Applegate,38.9890274,-120.9877751,577511,,2022-12-31,10,0,Zillow ZIP-level market for Applegate; mapped with Census 2020 ZCTA 95703 in Placer County.,,,,
95681 Sheridan,zcta,95681,Sheridan,38.9980915,-121.354198,534372,,2022-12-31,10,0,Zillow ZIP-level market for Sheridan; mapped with Census 2020 ZCTA 95681 in Placer County.,,,,
95701 Alta,zcta,95701,Alta,39.226549,-120.7670224,461568,,2022-12-31,10,0,Zillow ZIP-level market for Alta; mapped with Census 2020 ZCTA 95701 in Placer County.,,,,
95715 nan,zcta,95715,nan,39.2766508,-120.644012,383481,,2022-12-31,10,0,Zillow ZIP-level market for nan; mapped with Census 2020 ZCTA 95715 in Placer County.,,,,
95728 Soda Springs,zcta,95728,Soda Springs,39.2946534,-120.4014066,825651,,2022-12-31,10,0,Zillow ZIP-level market for Soda Springs; mapped with Census 2020 ZCTA 95728 in Placer County.,,,,
95714 Dutch Flat,zcta,95714,Dutch Flat,39.2011586,-120.8367976,425920,,2022-12-31,10,0,Zillow ZIP-level market for Dutch Flat; mapped with Census 2020 ZCTA 95714 in Placer County.,,,,
96141 Homewood,zcta,96141,Homewood,39.0989284,-120.2052313,1378187,,2022-12-31,10,0,Zillow ZIP-level market for Homewood; mapped with Census 2020 ZCTA 96141 in Placer County.,,,,
95747 Roseville,zcta,95747,Roseville,38.7784212,-121.3688294,667081,2615,2023-01-31,10,0,Zillow ZIP-level market for Roseville; mapped with Census 2020 ZCTA 95747 in Placer County.,,2615,Zillow ZORI,
95648 Lincoln,zcta,95648,Lincoln,38.9228115,-121.3120046,654692,2645,2023-01-31,10,0,Zillow ZIP-level market for Lincoln; mapped with Census 2020 ZCTA 95648 in Placer County.,,2645,Zillow ZORI,
95678 Roseville,zcta,95678,Roseville,38.7653528,-121.2884731,559192,2089,2023-01-31,10,0,Zillow ZIP-level market for Roseville; mapped with Census 2020 ZCTA 95678 in Placer County.,,2089,Zillow ZORI,
95765 Rocklin,zcta,95765,Rocklin,38.8197384,-121.2783211,742649,2306,2023-01-31,10,0,Zillow ZIP-level market for Rocklin; mapped with Census 2020 ZCTA 95765 in Placer County.,,2306,Zillow ZORI,
95661 Roseville,zcta,95661,Roseville,38.7412743,-121.2492663,676583,2004,2023-01-31,10,0,Zillow ZIP-level market for Roseville; mapped with Census 2020 ZCTA 95661 in Placer County.,,2004,Zillow ZORI,
95603 Auburn,zcta,95603,Auburn,38.911346,-121.0857601,629847,2021,2023-01-31,10,0,Zillow ZIP-level market for Auburn; mapped with Census 2020 ZCTA 95603 in Placer County.,,2021,Zillow ZORI,
95677 Rocklin,zcta,95677,Rocklin,38.79292,-121.232006,658571,2112,2023-01-31,10,0,Zillow ZIP-level market for Rocklin; mapped with Census 2020 ZCTA 95677 in Placer County.,,2112,Zillow ZORI,
95746 Granite Bay,zcta,95746,Granite Bay,38.7469238,-121.1664336,1099863,,2023-01-31,10,0,Zillow ZIP-level market for Granite Bay; mapped with Census 2020 ZCTA 95746 in Placer County.,,,,
95602 Auburn,zcta,95602,Auburn,38.9914911,-121.1035441,692355,,2023-01-31,10,0,Zillow ZIP-level market for Auburn; mapped with Census 2020 ZCTA 95602 in Placer County.,,,,
95650 Loomis,zcta,95650,Loomis,38.8091745,-121.171375,867711,,2023-01-31,10,0,Zillow ZIP-level market for Loomis; mapped with Census 2020 ZCTA 95650 in Placer County.,,,,
95713 Colfax,zcta,95713,Colfax,39.0813467,-120.9323895,507232,,2023-01-31,10,0,Zillow ZIP-level market for Colfax; mapped with Census 2020 ZCTA 95713 in Placer County.,,,,
95658 Newcastle,zcta,95658,Newcastle,38.8811828,-121.1690138,877536,,2023-01-31,10,0,Zillow ZIP-level market for Newcastle; mapped with Census 2020 ZCTA 95658 in Placer County.,,,,
95722 Meadow Vista,zcta,95722,Meadow Vista,39.0098006,-121.0347072,664220,,2023-01-31,10,0,Zillow ZIP-level market for Meadow Vista; mapped with Census 2020 ZCTA 95722 in Placer County.,,,,
95631 Foresthill,zcta,95631,Foresthill,39.0549436,-120.7539748,503224,,2023-01-31,10,0,Zillow ZIP-level market for Foresthill; mapped with Census 2020 ZCTA 95631 in Placer County.,,,,
96143 Kings Beach,zcta,96143,Kings Beach,39.2605746,-120.0262906,844393,,2023-01-31,10,0,Zillow ZIP-level market for Kings Beach; mapped with Census 2020 ZCTA 96143 in Placer County.,,,,
95663 Penryn,zcta,95663,Penryn,38.8573725,-121.1825262,886768,,2023-01-31,10,0,Zillow ZIP-level market for Penryn; mapped with Census 2020 ZCTA 95663 in Placer County.,,,,
96145 Tahoe City,zcta,96145,Tahoe City,39.1809984,-120.151396,1305752,,2023-01-31,10,0,Zillow ZIP-level market for Tahoe City; mapped with Census 2020 ZCTA 96145 in Placer County.,,,,
96146 Olympic Valley,zcta,96146,Olympic Valley,39.2158973,-120.2451697,1305742,,2023-01-31,10,0,Zillow ZIP-level market for Olympic Valley; mapped with Census 2020 ZCTA 96146 in Placer County.,,,,
95668 Pleasant Grove,zcta,95668,Pleasant Grove,38.8275549,-121.4951816,784543,,2023-01-31,10,0,Zillow ZIP-level market for Pleasant Grove; mapped with Census 2020 ZCTA 95668 in Placer County.,,,,
96148 Tahoe Vista,zcta,96148,Tahoe Vista,39.249777,-120.0575895,1022500,,2023-01-31,10,0,Zillow ZIP-level market for Tahoe Vista; mapped with Census 2020 ZCTA 96148 in Placer County.,,,,
96140 Carnelian Bay,zcta,96140,Carnelian Bay,39.2320185,-120.0963996,1200413,,2023-01-31,10,0,Zillow ZIP-level market for Carnelian Bay; mapped with Census 2020 ZCTA 96140 in Placer County.,,,,
96142 Tahoma,zcta,96142,Tahoma,38.9986311,-120.1038814,894415,,2023-01-31,10,0,Zillow ZIP-level market for Tahoma; mapped with Census 2020 ZCTA 96142 in Placer County.,,,,
95703 Applegate,zcta,95703,Applegate,38.9890274,-120.9877751,568680,,2023-01-31,10,0,Zillow ZIP-level market for Applegate; mapped with Census 2020 ZCTA 95703 in Placer County.,,,,
95681 Sheridan,zcta,95681,Sheridan,38.9980915,-121.354198,527772,,2023-01-31,10,0,Zillow ZIP-level market for Sheridan; mapped with Census 2020 ZCTA 95681 in Placer County.,,,,
95701 Alta,zcta,95701,Alta,39.226549,-120.7670224,458943,,2023-01-31,10,0,Zillow ZIP-level market for Alta; mapped with Census 2020 ZCTA 95701 in Placer County.,,,,
95715 nan,zcta,95715,nan,39.2766508,-120.644012,376674,,2023-01-31,10,0,Zillow ZIP-level market for nan; mapped with Census 2020 ZCTA 95715 in Placer County.,,,,
95728 Soda Springs,zcta,95728,Soda Springs,39.2946534,-120.4014066,814916,,2023-01-31,10,0,Zillow ZIP-level market for Soda Springs; mapped with Census 2020 ZCTA 95728 in Placer County.,,,,
95714 Dutch Flat,zcta,95714,Dutch Flat,39.2011586,-120.8367976,422157,,2023-01-31,10,0,Zillow ZIP-level market for Dutch Flat; mapped with Census 2020 ZCTA 95714 in Placer County.,,,,
96141 Homewood,zcta,96141,Homewood,39.0989284,-120.2052313,1356993,,2023-01-31,10,0,Zillow ZIP-level market for Homewood; mapped with Census 2020 ZCTA 96141 in Placer County.,,,,
95747 Roseville,zcta,95747,Roseville,38.7784212,-121.3688294,659041,2584,2023-02-28,10,0,Zillow ZIP-level market for Roseville; mapped with Census 2020 ZCTA 95747 in Placer County.,,2584,Zillow ZORI,
95648 Lincoln,zcta,95648,Lincoln,38.9228115,-121.3120046,647025,2671,2023-02-28,10,0,Zillow ZIP-level market for Lincoln; mapped with Census 2020 ZCTA 95648 in Placer County.,,2671,Zillow ZORI,
95678 Roseville,zcta,95678,Roseville,38.7653528,-121.2884731,551985,2096,2023-02-28,10,0,Zillow ZIP-level market for Roseville; mapped with Census 2020 ZCTA 95678 in Placer County.,,2096,Zillow ZORI,
95765 Rocklin,zcta,95765,Rocklin,38.8197384,-121.2783211,734264,2311,2023-02-28,10,0,Zillow ZIP-level market for Rocklin; mapped with Census 2020 ZCTA 95765 in Placer County.,,2311,Zillow ZORI,
95661 Roseville,zcta,95661,Roseville,38.7412743,-121.2492663,669197,2018,2023-02-28,10,0,Zillow ZIP-level market for Roseville; mapped with Census 2020 ZCTA 95661 in Placer County.,,2018,Zillow ZORI,
95603 Auburn,zcta,95603,Auburn,38.911346,-121.0857601,623059,1985,2023-02-28,10,0,Zillow ZIP-level market for Auburn; mapped with Census 2020 ZCTA 95603 in Placer County.,,1985,Zillow ZORI,
95677 Rocklin,zcta,95677,Rocklin,38.79292,-121.232006,651108,2130,2023-02-28,10,0,Zillow ZIP-level market for Rocklin; mapped with Census 2020 ZCTA 95677 in Placer County.,,2130,Zillow ZORI,
95746 Granite Bay,zcta,95746,Granite Bay,38.7469238,-121.1664336,1085961,,2023-02-28,10,0,Zillow ZIP-level market for Granite Bay; mapped with Census 2020 ZCTA 95746 in Placer County.,,,,
95602 Auburn,zcta,95602,Auburn,38.9914911,-121.1035441,686276,,2023-02-28,10,0,Zillow ZIP-level market for Auburn; mapped with Census 2020 ZCTA 95602 in Placer County.,,,,
95650 Loomis,zcta,95650,Loomis,38.8091745,-121.171375,860061,,2023-02-28,10,0,Zillow ZIP-level market for Loomis; mapped with Census 2020 ZCTA 95650 in Placer County.,,,,
95713 Colfax,zcta,95713,Colfax,39.0813467,-120.9323895,499229,,2023-02-28,10,0,Zillow ZIP-level market for Colfax; mapped with Census 2020 ZCTA 95713 in Placer County.,,,,
95658 Newcastle,zcta,95658,Newcastle,38.8811828,-121.1690138,871098,,2023-02-28,10,0,Zillow ZIP-level market for Newcastle; mapped with Census 2020 ZCTA 95658 in Placer County.,,,,
95722 Meadow Vista,zcta,95722,Meadow Vista,39.0098006,-121.0347072,659282,,2023-02-28,10,0,Zillow ZIP-level market for Meadow Vista; mapped with Census 2020 ZCTA 95722 in Placer County.,,,,
95631 Foresthill,zcta,95631,Foresthill,39.0549436,-120.7539748,496609,,2023-02-28,10,0,Zillow ZIP-level market for Foresthill; mapped with Census 2020 ZCTA 95631 in Placer County.,,,,
96143 Kings Beach,zcta,96143,Kings Beach,39.2605746,-120.0262906,822401,,2023-02-28,10,0,Zillow ZIP-level market for Kings Beach; mapped with Census 2020 ZCTA 96143 in Placer County.,,,,
95663 Penryn,zcta,95663,Penryn,38.8573725,-121.1825262,875890,,2023-02-28,10,0,Zillow ZIP-level market for Penryn; mapped with Census 2020 ZCTA 95663 in Placer County.,,,,
96145 Tahoe City,zcta,96145,Tahoe City,39.1809984,-120.151396,1283325,,2023-02-28,10,0,Zillow ZIP-level market for Tahoe City; mapped with Census 2020 ZCTA 96145 in Placer County.,,,,
96146 Olympic Valley,zcta,96146,Olympic Valley,39.2158973,-120.2451697,1296698,,2023-02-28,10,0,Zillow ZIP-level market for Olympic Valley; mapped with Census 2020 ZCTA 96146 in Placer County.,,,,
95668 Pleasant Grove,zcta,95668,Pleasant Grove,38.8275549,-121.4951816,774482,,2023-02-28,10,0,Zillow ZIP-level market for Pleasant Grove; mapped with Census 2020 ZCTA 95668 in Placer County.,,,,
96148 Tahoe Vista,zcta,96148,Tahoe Vista,39.249777,-120.0575895,1003310,,2023-02-28,10,0,Zillow ZIP-level market for Tahoe Vista; mapped with Census 2020 ZCTA 96148 in Placer County.,,,,
96140 Carnelian Bay,zcta,96140,Carnelian Bay,39.2320185,-120.0963996,1172225,,2023-02-28,10,0,Zillow ZIP-level market for Carnelian Bay; mapped with Census 2020 ZCTA 96140 in Placer County.,,,,
96142 Tahoma,zcta,96142,Tahoma,38.9986311,-120.1038814,880837,,2023-02-28,10,0,Zillow ZIP-level market for Tahoma; mapped with Census 2020 ZCTA 96142 in Placer County.,,,,
95703 Applegate,zcta,95703,Applegate,38.9890274,-120.9877751,561755,,2023-02-28,10,0,Zillow ZIP-level market for Applegate; mapped with Census 2020 ZCTA 95703 in Placer County.,,,,
95681 Sheridan,zcta,95681,Sheridan,38.9980915,-121.354198,522783,,2023-02-28,10,0,Zillow ZIP-level market for Sheridan; mapped with Census 2020 ZCTA 95681 in Placer County.,,,,
95701 Alta,zcta,95701,Alta,39.226549,-120.7670224,457033,,2023-02-28,10,0,Zillow ZIP-level market for Alta; mapped with Census 2020 ZCTA 95701 in Placer County.,,,,
95715 nan,zcta,95715,nan,39.2766508,-120.644012,370918,,2023-02-28,10,0,Zillow ZIP-level market for nan; mapped with Census 2020 ZCTA 95715 in Placer County.,,,,
95728 Soda Springs,zcta,95728,Soda Springs,39.2946534,-120.4014066,803570,,2023-02-28,10,0,Zillow ZIP-level market for Soda Springs; mapped with Census 2020 ZCTA 95728 in Placer County.,,,,
95714 Dutch Flat,zcta,95714,Dutch Flat,39.2011586,-120.8367976,419482,,2023-02-28,10,0,Zillow ZIP-level market for Dutch Flat; mapped with Census 2020 ZCTA 95714 in Placer County.,,,,
96141 Homewood,zcta,96141,Homewood,39.0989284,-120.2052313,1331842,,2023-02-28,10,0,Zillow ZIP-level market for Homewood; mapped with Census 2020 ZCTA 96141 in Placer County.,,,,
95747 Roseville,zcta,95747,Roseville,38.7784212,-121.3688294,653500,2608,2023-03-31,10,0,Zillow ZIP-level market for Roseville; mapped with Census 2020 ZCTA 95747 in Placer County.,,2608,Zillow ZORI,
95648 Lincoln,zcta,95648,Lincoln,38.9228115,-121.3120046,641742,2726,2023-03-31,10,0,Zillow ZIP-level market for Lincoln; mapped with Census 2020 ZCTA 95648 in Placer County.,,2726,Zillow ZORI,
95678 Roseville,zcta,95678,Roseville,38.7653528,-121.2884731,547562,2128,2023-03-31,10,0,Zillow ZIP-level market for Roseville; mapped with Census 2020 ZCTA 95678 in Placer County.,,2128,Zillow ZORI,
95765 Rocklin,zcta,95765,Rocklin,38.8197384,-121.2783211,728131,2350,2023-03-31,10,0,Zillow ZIP-level market for Rocklin; mapped with Census 2020 ZCTA 95765 in Placer County.,,2350,Zillow ZORI,
95661 Roseville,zcta,95661,Roseville,38.7412743,-121.2492663,664909,2043,2023-03-31,10,0,Zillow ZIP-level market for Roseville; mapped with Census 2020 ZCTA 95661 in Placer County.,,2043,Zillow ZORI,
95603 Auburn,zcta,95603,Auburn,38.911346,-121.0857601,619628,1958,2023-03-31,10,0,Zillow ZIP-level market for Auburn; mapped with Census 2020 ZCTA 95603 in Placer County.,,1958,Zillow ZORI,
95677 Rocklin,zcta,95677,Rocklin,38.79292,-121.232006,646336,2147,2023-03-31,10,0,Zillow ZIP-level market for Rocklin; mapped with Census 2020 ZCTA 95677 in Placer County.,,2147,Zillow ZORI,
95746 Granite Bay,zcta,95746,Granite Bay,38.7469238,-121.1664336,1077763,,2023-03-31,10,0,Zillow ZIP-level market for Granite Bay; mapped with Census 2020 ZCTA 95746 in Placer County.,,,,
95602 Auburn,zcta,95602,Auburn,38.9914911,-121.1035441,682515,,2023-03-31,10,0,Zillow ZIP-level market for Auburn; mapped with Census 2020 ZCTA 95602 in Placer County.,,,,
95650 Loomis,zcta,95650,Loomis,38.8091745,-121.171375,857135,,2023-03-31,10,0,Zillow ZIP-level market for Loomis; mapped with Census 2020 ZCTA 95650 in Placer County.,,,,
95713 Colfax,zcta,95713,Colfax,39.0813467,-120.9323895,493703,,2023-03-31,10,0,Zillow ZIP-level market for Colfax; mapped with Census 2020 ZCTA 95713 in Placer County.,,,,
95658 Newcastle,zcta,95658,Newcastle,38.8811828,-121.1690138,868049,,2023-03-31,10,0,Zillow ZIP-level market for Newcastle; mapped with Census 2020 ZCTA 95658 in Placer County.,,,,
95722 Meadow Vista,zcta,95722,Meadow Vista,39.0098006,-121.0347072,655904,,2023-03-31,10,0,Zillow ZIP-level market for Meadow Vista; mapped with Census 2020 ZCTA 95722 in Placer County.,,,,
95631 Foresthill,zcta,95631,Foresthill,39.0549436,-120.7539748,492449,,2023-03-31,10,0,Zillow ZIP-level market for Foresthill; mapped with Census 2020 ZCTA 95631 in Placer County.,,,,
96143 Kings Beach,zcta,96143,Kings Beach,39.2605746,-120.0262906,807770,,2023-03-31,10,0,Zillow ZIP-level market for Kings Beach; mapped with Census 2020 ZCTA 96143 in Placer County.,,,,
95663 Penryn,zcta,95663,Penryn,38.8573725,-121.1825262,870019,,2023-03-31,10,0,Zillow ZIP-level market for Penryn; mapped with Census 2020 ZCTA 95663 in Placer County.,,,,
96145 Tahoe City,zcta,96145,Tahoe City,39.1809984,-120.151396,1266024,,2023-03-31,10,0,Zillow ZIP-level market for Tahoe City; mapped with Census 2020 ZCTA 96145 in Placer County.,,,,
96146 Olympic Valley,zcta,96146,Olympic Valley,39.2158973,-120.2451697,1290826,,2023-03-31,10,0,Zillow ZIP-level market for Olympic Valley; mapped with Census 2020 ZCTA 96146 in Placer County.,,,,
95668 Pleasant Grove,zcta,95668,Pleasant Grove,38.8275549,-121.4951816,770137,,2023-03-31,10,0,Zillow ZIP-level market for Pleasant Grove; mapped with Census 2020 ZCTA 95668 in Placer County.,,,,
96148 Tahoe Vista,zcta,96148,Tahoe Vista,39.249777,-120.0575895,988421,,2023-03-31,10,0,Zillow ZIP-level market for Tahoe Vista; mapped with Census 2020 ZCTA 96148 in Placer County.,,,,
96140 Carnelian Bay,zcta,96140,Carnelian Bay,39.2320185,-120.0963996,1150372,,2023-03-31,10,0,Zillow ZIP-level market for Carnelian Bay; mapped with Census 2020 ZCTA 96140 in Placer County.,,,,
96142 Tahoma,zcta,96142,Tahoma,38.9986311,-120.1038814,871774,,2023-03-31,10,0,Zillow ZIP-level market for Tahoma; mapped with Census 2020 ZCTA 96142 in Placer County.,,,,
95703 Applegate,zcta,95703,Applegate,38.9890274,-120.9877751,557951,,2023-03-31,10,0,Zillow ZIP-level market for Applegate; mapped with Census 2020 ZCTA 95703 in Placer County.,,,,
95681 Sheridan,zcta,95681,Sheridan,38.9980915,-121.354198,520263,,2023-03-31,10,0,Zillow ZIP-level market for Sheridan; mapped with Census 2020 ZCTA 95681 in Placer County.,,,,
95701 Alta,zcta,95701,Alta,39.226549,-120.7670224,454709,,2023-03-31,10,0,Zillow ZIP-level market for Alta; mapped with Census 2020 ZCTA 95701 in Placer County.,,,,
95715 nan,zcta,95715,nan,39.2766508,-120.644012,366746,,2023-03-31,10,0,Zillow ZIP-level market for nan; mapped with Census 2020 ZCTA 95715 in Placer County.,,,,
95728 Soda Springs,zcta,95728,Soda Springs,39.2946534,-120.4014066,795633,,2023-03-31,10,0,Zillow ZIP-level market for Soda Springs; mapped with Census 2020 ZCTA 95728 in Placer County.,,,,
95714 Dutch Flat,zcta,95714,Dutch Flat,39.2011586,-120.8367976,417666,,2023-03-31,10,0,Zillow ZIP-level market for Dutch Flat; mapped with Census 2020 ZCTA 95714 in Placer County.,,,,
96141 Homewood,zcta,96141,Homewood,39.0989284,-120.2052313,1314895,,2023-03-31,10,0,Zillow ZIP-level market for Homewood; mapped with Census 2020 ZCTA 96141 in Placer County.,,,,
95747 Roseville,zcta,95747,Roseville,38.7784212,-121.3688294,651297,2621,2023-04-30,10,0,Zillow ZIP-level market for Roseville; mapped with Census 2020 ZCTA 95747 in Placer County.,,2621,Zillow ZORI,
95648 Lincoln,zcta,95648,Lincoln,38.9228115,-121.3120046,639465,2749,2023-04-30,10,0,Zillow ZIP-level market for Lincoln; mapped with Census 2020 ZCTA 95648 in Placer County.,,2749,Zillow ZORI,
95678 Roseville,zcta,95678,Roseville,38.7653528,-121.2884731,546553,2135,2023-04-30,10,0,Zillow ZIP-level market for Roseville; mapped with Census 2020 ZCTA 95678 in Placer County.,,2135,Zillow ZORI,
95765 Rocklin,zcta,95765,Rocklin,38.8197384,-121.2783211,726274,2375,2023-04-30,10,0,Zillow ZIP-level market for Rocklin; mapped with Census 2020 ZCTA 95765 in Placer County.,,2375,Zillow ZORI,
95661 Roseville,zcta,95661,Roseville,38.7412743,-121.2492663,663882,2044,2023-04-30,10,0,Zillow ZIP-level market for Roseville; mapped with Census 2020 ZCTA 95661 in Placer County.,,2044,Zillow ZORI,
95603 Auburn,zcta,95603,Auburn,38.911346,-121.0857601,619414,1956,2023-04-30,10,0,Zillow ZIP-level market for Auburn; mapped with Census 2020 ZCTA 95603 in Placer County.,,1956,Zillow ZORI,
95677 Rocklin,zcta,95677,Rocklin,38.79292,-121.232006,645559,2160,2023-04-30,10,0,Zillow ZIP-level market for Rocklin; mapped with Census 2020 ZCTA 95677 in Placer County.,,2160,Zillow ZORI,
95746 Granite Bay,zcta,95746,Granite Bay,38.7469238,-121.1664336,1078219,,2023-04-30,10,0,Zillow ZIP-level market for Granite Bay; mapped with Census 2020 ZCTA 95746 in Placer County.,,,,
95602 Auburn,zcta,95602,Auburn,38.9914911,-121.1035441,682700,,2023-04-30,10,0,Zillow ZIP-level market for Auburn; mapped with Census 2020 ZCTA 95602 in Placer County.,,,,
95650 Loomis,zcta,95650,Loomis,38.8091745,-121.171375,859193,,2023-04-30,10,0,Zillow ZIP-level market for Loomis; mapped with Census 2020 ZCTA 95650 in Placer County.,,,,
95713 Colfax,zcta,95713,Colfax,39.0813467,-120.9323895,491954,,2023-04-30,10,0,Zillow ZIP-level market for Colfax; mapped with Census 2020 ZCTA 95713 in Placer County.,,,,
95658 Newcastle,zcta,95658,Newcastle,38.8811828,-121.1690138,870143,,2023-04-30,10,0,Zillow ZIP-level market for Newcastle; mapped with Census 2020 ZCTA 95658 in Placer County.,,,,
95722 Meadow Vista,zcta,95722,Meadow Vista,39.0098006,-121.0347072,654656,,2023-04-30,10,0,Zillow ZIP-level market for Meadow Vista; mapped with Census 2020 ZCTA 95722 in Placer County.,,,,
95631 Foresthill,zcta,95631,Foresthill,39.0549436,-120.7539748,490676,,2023-04-30,10,0,Zillow ZIP-level market for Foresthill; mapped with Census 2020 ZCTA 95631 in Placer County.,,,,
96143 Kings Beach,zcta,96143,Kings Beach,39.2605746,-120.0262906,800587,,2023-04-30,10,0,Zillow ZIP-level market for Kings Beach; mapped with Census 2020 ZCTA 96143 in Placer County.,,,,
95663 Penryn,zcta,95663,Penryn,38.8573725,-121.1825262,871211,,2023-04-30,10,0,Zillow ZIP-level market for Penryn; mapped with Census 2020 ZCTA 95663 in Placer County.,,,,
96145 Tahoe City,zcta,96145,Tahoe City,39.1809984,-120.151396,1257078,,2023-04-30,10,0,Zillow ZIP-level market for Tahoe City; mapped with Census 2020 ZCTA 96145 in Placer County.,,,,
96146 Olympic Valley,zcta,96146,Olympic Valley,39.2158973,-120.2451697,1291097,,2023-04-30,10,0,Zillow ZIP-level market for Olympic Valley; mapped with Census 2020 ZCTA 96146 in Placer County.,,,,
95668 Pleasant Grove,zcta,95668,Pleasant Grove,38.8275549,-121.4951816,772077,,2023-04-30,10,0,Zillow ZIP-level market for Pleasant Grove; mapped with Census 2020 ZCTA 95668 in Placer County.,,,,
96148 Tahoe Vista,zcta,96148,Tahoe Vista,39.249777,-120.0575895,981082,,2023-04-30,10,0,Zillow ZIP-level market for Tahoe Vista; mapped with Census 2020 ZCTA 96148 in Placer County.,,,,
96140 Carnelian Bay,zcta,96140,Carnelian Bay,39.2320185,-120.0963996,1137539,,2023-04-30,10,0,Zillow ZIP-level market for Carnelian Bay; mapped with Census 2020 ZCTA 96140 in Placer County.,,,,
96142 Tahoma,zcta,96142,Tahoma,38.9986311,-120.1038814,867948,,2023-04-30,10,0,Zillow ZIP-level market for Tahoma; mapped with Census 2020 ZCTA 96142 in Placer County.,,,,
95703 Applegate,zcta,95703,Applegate,38.9890274,-120.9877751,557186,,2023-04-30,10,0,Zillow ZIP-level market for Applegate; mapped with Census 2020 ZCTA 95703 in Placer County.,,,,
95681 Sheridan,zcta,95681,Sheridan,38.9980915,-121.354198,520272,,2023-04-30,10,0,Zillow ZIP-level market for Sheridan; mapped with Census 2020 ZCTA 95681 in Placer County.,,,,
95701 Alta,zcta,95701,Alta,39.226549,-120.7670224,452985,,2023-04-30,10,0,Zillow ZIP-level market for Alta; mapped with Census 2020 ZCTA 95701 in Placer County.,,,,
95715 nan,zcta,95715,nan,39.2766508,-120.644012,363623,,2023-04-30,10,0,Zillow ZIP-level market for nan; mapped with Census 2020 ZCTA 95715 in Placer County.,,,,
95728 Soda Springs,zcta,95728,Soda Springs,39.2946534,-120.4014066,790961,,2023-04-30,10,0,Zillow ZIP-level market for Soda Springs; mapped with Census 2020 ZCTA 95728 in Placer County.,,,,
95714 Dutch Flat,zcta,95714,Dutch Flat,39.2011586,-120.8367976,417763,,2023-04-30,10,0,Zillow ZIP-level market for Dutch Flat; mapped with Census 2020 ZCTA 95714 in Placer County.,,,,
96141 Homewood,zcta,96141,Homewood,39.0989284,-120.2052313,1302026,,2023-04-30,10,0,Zillow ZIP-level market for Homewood; mapped with Census 2020 ZCTA 96141 in Placer County.,,,,
95747 Roseville,zcta,95747,Roseville,38.7784212,-121.3688294,651069,2665,2023-05-31,10,0,Zillow ZIP-level market for Roseville; mapped with Census 2020 ZCTA 95747 in Placer County.,,2665,Zillow ZORI,
95648 Lincoln,zcta,95648,Lincoln,38.9228115,-121.3120046,639480,2777,2023-05-31,10,0,Zillow ZIP-level market for Lincoln; mapped with Census 2020 ZCTA 95648 in Placer County.,,2777,Zillow ZORI,
95678 Roseville,zcta,95678,Roseville,38.7653528,-121.2884731,547335,2150,2023-05-31,10,0,Zillow ZIP-level market for Roseville; mapped with Census 2020 ZCTA 95678 in Placer County.,,2150,Zillow ZORI,
95765 Rocklin,zcta,95765,Rocklin,38.8197384,-121.2783211,727010,2389,2023-05-31,10,0,Zillow ZIP-level market for Rocklin; mapped with Census 2020 ZCTA 95765 in Placer County.,,2389,Zillow ZORI,
95661 Roseville,zcta,95661,Roseville,38.7412743,-121.2492663,664356,2047,2023-05-31,10,0,Zillow ZIP-level market for Roseville; mapped with Census 2020 ZCTA 95661 in Placer County.,,2047,Zillow ZORI,
95603 Auburn,zcta,95603,Auburn,38.911346,-121.0857601,619927,1957,2023-05-31,10,0,Zillow ZIP-level market for Auburn; mapped with Census 2020 ZCTA 95603 in Placer County.,,1957,Zillow ZORI,
95677 Rocklin,zcta,95677,Rocklin,38.79292,-121.232006,646770,2164,2023-05-31,10,0,Zillow ZIP-level market for Rocklin; mapped with Census 2020 ZCTA 95677 in Placer County.,,2164,Zillow ZORI,
95746 Granite Bay,zcta,95746,Granite Bay,38.7469238,-121.1664336,1079751,,2023-05-31,10,0,Zillow ZIP-level market for Granite Bay; mapped with Census 2020 ZCTA 95746 in Placer County.,,,,
95602 Auburn,zcta,95602,Auburn,38.9914911,-121.1035441,683626,,2023-05-31,10,0,Zillow ZIP-level market for Auburn; mapped with Census 2020 ZCTA 95602 in Placer County.,,,,
95650 Loomis,zcta,95650,Loomis,38.8091745,-121.171375,860823,,2023-05-31,10,0,Zillow ZIP-level market for Loomis; mapped with Census 2020 ZCTA 95650 in Placer County.,,,,
95713 Colfax,zcta,95713,Colfax,39.0813467,-120.9323895,492057,,2023-05-31,10,0,Zillow ZIP-level market for Colfax; mapped with Census 2020 ZCTA 95713 in Placer County.,,,,
95658 Newcastle,zcta,95658,Newcastle,38.8811828,-121.1690138,872207,,2023-05-31,10,0,Zillow ZIP-level market for Newcastle; mapped with Census 2020 ZCTA 95658 in Placer County.,,,,
95722 Meadow Vista,zcta,95722,Meadow Vista,39.0098006,-121.0347072,654465,,2023-05-31,10,0,Zillow ZIP-level market for Meadow Vista; mapped with Census 2020 ZCTA 95722 in Placer County.,,,,
95631 Foresthill,zcta,95631,Foresthill,39.0549436,-120.7539748,490551,,2023-05-31,10,0,Zillow ZIP-level market for Foresthill; mapped with Census 2020 ZCTA 95631 in Placer County.,,,,
96143 Kings Beach,zcta,96143,Kings Beach,39.2605746,-120.0262906,796192,,2023-05-31,10,0,Zillow ZIP-level market for Kings Beach; mapped with Census 2020 ZCTA 96143 in Placer County.,,,,
95663 Penryn,zcta,95663,Penryn,38.8573725,-121.1825262,875355,,2023-05-31,10,0,Zillow ZIP-level market for Penryn; mapped with Census 2020 ZCTA 95663 in Placer County.,,,,
96145 Tahoe City,zcta,96145,Tahoe City,39.1809984,-120.151396,1247900,,2023-05-31,10,0,Zillow ZIP-level market for Tahoe City; mapped with Census 2020 ZCTA 96145 in Placer County.,,,,
96146 Olympic Valley,zcta,96146,Olympic Valley,39.2158973,-120.2451697,1290085,,2023-05-31,10,0,Zillow ZIP-level market for Olympic Valley; mapped with Census 2020 ZCTA 96146 in Placer County.,,,,
95668 Pleasant Grove,zcta,95668,Pleasant Grove,38.8275549,-121.4951816,778556,,2023-05-31,10,0,Zillow ZIP-level market for Pleasant Grove; mapped with Census 2020 ZCTA 95668 in Placer County.,,,,
96148 Tahoe Vista,zcta,96148,Tahoe Vista,39.249777,-120.0575895,973177,,2023-05-31,10,0,Zillow ZIP-level market for Tahoe Vista; mapped with Census 2020 ZCTA 96148 in Placer County.,,,,
96140 Carnelian Bay,zcta,96140,Carnelian Bay,39.2320185,-120.0963996,1126897,,2023-05-31,10,0,Zillow ZIP-level market for Carnelian Bay; mapped with Census 2020 ZCTA 96140 in Placer County.,,,,
96142 Tahoma,zcta,96142,Tahoma,38.9986311,-120.1038814,866959,,2023-05-31,10,0,Zillow ZIP-level market for Tahoma; mapped with Census 2020 ZCTA 96142 in Placer County.,,,,
95703 Applegate,zcta,95703,Applegate,38.9890274,-120.9877751,557430,,2023-05-31,10,0,Zillow ZIP-level market for Applegate; mapped with Census 2020 ZCTA 95703 in Placer County.,,,,
95681 Sheridan,zcta,95681,Sheridan,38.9980915,-121.354198,520025,,2023-05-31,10,0,Zillow ZIP-level market for Sheridan; mapped with Census 2020 ZCTA 95681 in Placer County.,,,,
95701 Alta,zcta,95701,Alta,39.226549,-120.7670224,451597,,2023-05-31,10,0,Zillow ZIP-level market for Alta; mapped with Census 2020 ZCTA 95701 in Placer County.,,,,
95715 nan,zcta,95715,nan,39.2766508,-120.644012,361241,,2023-05-31,10,0,Zillow ZIP-level market for nan; mapped with Census 2020 ZCTA 95715 in Placer County.,,,,
95728 Soda Springs,zcta,95728,Soda Springs,39.2946534,-120.4014066,787274,,2023-05-31,10,0,Zillow ZIP-level market for Soda Springs; mapped with Census 2020 ZCTA 95728 in Placer County.,,,,
95714 Dutch Flat,zcta,95714,Dutch Flat,39.2011586,-120.8367976,415805,,2023-05-31,10,0,Zillow ZIP-level market for Dutch Flat; mapped with Census 2020 ZCTA 95714 in Placer County.,,,,
96141 Homewood,zcta,96141,Homewood,39.0989284,-120.2052313,1291913,,2023-05-31,10,0,Zillow ZIP-level market for Homewood; mapped with Census 2020 ZCTA 96141 in Placer County.,,,,
95747 Roseville,zcta,95747,Roseville,38.7784212,-121.3688294,653347,2676,2023-06-30,10,0,Zillow ZIP-level market for Roseville; mapped with Census 2020 ZCTA 95747 in Placer County.,,2676,Zillow ZORI,
95648 Lincoln,zcta,95648,Lincoln,38.9228115,-121.3120046,641514,2759,2023-06-30,10,0,Zillow ZIP-level market for Lincoln; mapped with Census 2020 ZCTA 95648 in Placer County.,,2759,Zillow ZORI,
95678 Roseville,zcta,95678,Roseville,38.7653528,-121.2884731,549790,2161,2023-06-30,10,0,Zillow ZIP-level market for Roseville; mapped with Census 2020 ZCTA 95678 in Placer County.,,2161,Zillow ZORI,
95765 Rocklin,zcta,95765,Rocklin,38.8197384,-121.2783211,730229,2395,2023-06-30,10,0,Zillow ZIP-level market for Rocklin; mapped with Census 2020 ZCTA 95765 in Placer County.,,2395,Zillow ZORI,
95661 Roseville,zcta,95661,Roseville,38.7412743,-121.2492663,667121,2054,2023-06-30,10,0,Zillow ZIP-level market for Roseville; mapped with Census 2020 ZCTA 95661 in Placer County.,,2054,Zillow ZORI,
95603 Auburn,zcta,95603,Auburn,38.911346,-121.0857601,621763,2005,2023-06-30,10,0,Zillow ZIP-level market for Auburn; mapped with Census 2020 ZCTA 95603 in Placer County.,,2005,Zillow ZORI,
95677 Rocklin,zcta,95677,Rocklin,38.79292,-121.232006,650634,2160,2023-06-30,10,0,Zillow ZIP-level market for Rocklin; mapped with Census 2020 ZCTA 95677 in Placer County.,,2160,Zillow ZORI,
95746 Granite Bay,zcta,95746,Granite Bay,38.7469238,-121.1664336,1085018,,2023-06-30,10,0,Zillow ZIP-level market for Granite Bay; mapped with Census 2020 ZCTA 95746 in Placer County.,,,,
95602 Auburn,zcta,95602,Auburn,38.9914911,-121.1035441,685904,,2023-06-30,10,0,Zillow ZIP-level market for Auburn; mapped with Census 2020 ZCTA 95602 in Placer County.,,,,
95650 Loomis,zcta,95650,Loomis,38.8091745,-121.171375,866375,,2023-06-30,10,0,Zillow ZIP-level market for Loomis; mapped with Census 2020 ZCTA 95650 in Placer County.,,,,
95713 Colfax,zcta,95713,Colfax,39.0813467,-120.9323895,493655,,2023-06-30,10,0,Zillow ZIP-level market for Colfax; mapped with Census 2020 ZCTA 95713 in Placer County.,,,,
95658 Newcastle,zcta,95658,Newcastle,38.8811828,-121.1690138,875794,,2023-06-30,10,0,Zillow ZIP-level market for Newcastle; mapped with Census 2020 ZCTA 95658 in Placer County.,,,,
95722 Meadow Vista,zcta,95722,Meadow Vista,39.0098006,-121.0347072,655866,,2023-06-30,10,0,Zillow ZIP-level market for Meadow Vista; mapped with Census 2020 ZCTA 95722 in Placer County.,,,,
95631 Foresthill,zcta,95631,Foresthill,39.0549436,-120.7539748,491385,,2023-06-30,10,0,Zillow ZIP-level market for Foresthill; mapped with Census 2020 ZCTA 95631 in Placer County.,,,,
96143 Kings Beach,zcta,96143,Kings Beach,39.2605746,-120.0262906,794357,,2023-06-30,10,0,Zillow ZIP-level market for Kings Beach; mapped with Census 2020 ZCTA 96143 in Placer County.,,,,
95663 Penryn,zcta,95663,Penryn,38.8573725,-121.1825262,881975,,2023-06-30,10,0,Zillow ZIP-level market for Penryn; mapped with Census 2020 ZCTA 95663 in Placer County.,,,,
96145 Tahoe City,zcta,96145,Tahoe City,39.1809984,-120.151396,1246504,,2023-06-30,10,0,Zillow ZIP-level market for Tahoe City; mapped with Census 2020 ZCTA 96145 in Placer County.,,,,
96146 Olympic Valley,zcta,96146,Olympic Valley,39.2158973,-120.2451697,1292685,,2023-06-30,10,0,Zillow ZIP-level market for Olympic Valley; mapped with Census 2020 ZCTA 96146 in Placer County.,,,,
95668 Pleasant Grove,zcta,95668,Pleasant Grove,38.8275549,-121.4951816,785334,,2023-06-30,10,0,Zillow ZIP-level market for Pleasant Grove; mapped with Census 2020 ZCTA 95668 in Placer County.,,,,
96148 Tahoe Vista,zcta,96148,Tahoe Vista,39.249777,-120.0575895,971015,,2023-06-30,10,0,Zillow ZIP-level market for Tahoe Vista; mapped with Census 2020 ZCTA 96148 in Placer County.,,,,
96140 Carnelian Bay,zcta,96140,Carnelian Bay,39.2320185,-120.0963996,1121076,,2023-06-30,10,0,Zillow ZIP-level market for Carnelian Bay; mapped with Census 2020 ZCTA 96140 in Placer County.,,,,
96142 Tahoma,zcta,96142,Tahoma,38.9986311,-120.1038814,869520,,2023-06-30,10,0,Zillow ZIP-level market for Tahoma; mapped with Census 2020 ZCTA 96142 in Placer County.,,,,
95703 Applegate,zcta,95703,Applegate,38.9890274,-120.9877751,559292,,2023-06-30,10,0,Zillow ZIP-level market for Applegate; mapped with Census 2020 ZCTA 95703 in Placer County.,,,,
95681 Sheridan,zcta,95681,Sheridan,38.9980915,-121.354198,520622,,2023-06-30,10,0,Zillow ZIP-level market for Sheridan; mapped with Census 2020 ZCTA 95681 in Placer County.,,,,
95701 Alta,zcta,95701,Alta,39.226549,-120.7670224,452343,,2023-06-30,10,0,Zillow ZIP-level market for Alta; mapped with Census 2020 ZCTA 95701 in Placer County.,,,,
95715 nan,zcta,95715,nan,39.2766508,-120.644012,361664,,2023-06-30,10,0,Zillow ZIP-level market for nan; mapped with Census 2020 ZCTA 95715 in Placer County.,,,,
95728 Soda Springs,zcta,95728,Soda Springs,39.2946534,-120.4014066,786397,,2023-06-30,10,0,Zillow ZIP-level market for Soda Springs; mapped with Census 2020 ZCTA 95728 in Placer County.,,,,
95714 Dutch Flat,zcta,95714,Dutch Flat,39.2011586,-120.8367976,414377,,2023-06-30,10,0,Zillow ZIP-level market for Dutch Flat; mapped with Census 2020 ZCTA 95714 in Placer County.,,,,
96141 Homewood,zcta,96141,Homewood,39.0989284,-120.2052313,1281197,,2023-06-30,10,0,Zillow ZIP-level market for Homewood; mapped with Census 2020 ZCTA 96141 in Placer County.,,,,
95747 Roseville,zcta,95747,Roseville,38.7784212,-121.3688294,657183,2689,2023-07-31,10,0,Zillow ZIP-level market for Roseville; mapped with Census 2020 ZCTA 95747 in Placer County.,,2689,Zillow ZORI,
95648 Lincoln,zcta,95648,Lincoln,38.9228115,-121.3120046,645078,2770,2023-07-31,10,0,Zillow ZIP-level market for Lincoln; mapped with Census 2020 ZCTA 95648 in Placer County.,,2770,Zillow ZORI,
95678 Roseville,zcta,95678,Roseville,38.7653528,-121.2884731,553183,2179,2023-07-31,10,0,Zillow ZIP-level market for Roseville; mapped with Census 2020 ZCTA 95678 in Placer County.,,2179,Zillow ZORI,
95765 Rocklin,zcta,95765,Rocklin,38.8197384,-121.2783211,734846,2400,2023-07-31,10,0,Zillow ZIP-level market for Rocklin; mapped with Census 2020 ZCTA 95765 in Placer County.,,2400,Zillow ZORI,
95661 Roseville,zcta,95661,Roseville,38.7412743,-121.2492663,671632,2061,2023-07-31,10,0,Zillow ZIP-level market for Roseville; mapped with Census 2020 ZCTA 95661 in Placer County.,,2061,Zillow ZORI,
95603 Auburn,zcta,95603,Auburn,38.911346,-121.0857601,624814,2031,2023-07-31,10,0,Zillow ZIP-level market for Auburn; mapped with Census 2020 ZCTA 95603 in Placer County.,,2031,Zillow ZORI,
95677 Rocklin,zcta,95677,Rocklin,38.79292,-121.232006,656090,2166,2023-07-31,10,0,Zillow ZIP-level market for Rocklin; mapped with Census 2020 ZCTA 95677 in Placer County.,,2166,Zillow ZORI,
95746 Granite Bay,zcta,95746,Granite Bay,38.7469238,-121.1664336,1093559,,2023-07-31,10,0,Zillow ZIP-level market for Granite Bay; mapped with Census 2020 ZCTA 95746 in Placer County.,,,,
95602 Auburn,zcta,95602,Auburn,38.9914911,-121.1035441,687768,,2023-07-31,10,0,Zillow ZIP-level market for Auburn; mapped with Census 2020 ZCTA 95602 in Placer County.,,,,
95650 Loomis,zcta,95650,Loomis,38.8091745,-121.171375,875527,,2023-07-31,10,0,Zillow ZIP-level market for Loomis; mapped with Census 2020 ZCTA 95650 in Placer County.,,,,
95713 Colfax,zcta,95713,Colfax,39.0813467,-120.9323895,495318,,2023-07-31,10,0,Zillow ZIP-level market for Colfax; mapped with Census 2020 ZCTA 95713 in Placer County.,,,,
95658 Newcastle,zcta,95658,Newcastle,38.8811828,-121.1690138,882594,,2023-07-31,10,0,Zillow ZIP-level market for Newcastle; mapped with Census 2020 ZCTA 95658 in Placer County.,,,,
95722 Meadow Vista,zcta,95722,Meadow Vista,39.0098006,-121.0347072,658985,,2023-07-31,10,0,Zillow ZIP-level market for Meadow Vista; mapped with Census 2020 ZCTA 95722 in Placer County.,,,,
95631 Foresthill,zcta,95631,Foresthill,39.0549436,-120.7539748,493172,,2023-07-31,10,0,Zillow ZIP-level market for Foresthill; mapped with Census 2020 ZCTA 95631 in Placer County.,,,,
96143 Kings Beach,zcta,96143,Kings Beach,39.2605746,-120.0262906,794462,,2023-07-31,10,0,Zillow ZIP-level market for Kings Beach; mapped with Census 2020 ZCTA 96143 in Placer County.,,,,
95663 Penryn,zcta,95663,Penryn,38.8573725,-121.1825262,892429,,2023-07-31,10,0,Zillow ZIP-level market for Penryn; mapped with Census 2020 ZCTA 95663 in Placer County.,,,,
96145 Tahoe City,zcta,96145,Tahoe City,39.1809984,-120.151396,1252486,,2023-07-31,10,0,Zillow ZIP-level market for Tahoe City; mapped with Census 2020 ZCTA 96145 in Placer County.,,,,
96146 Olympic Valley,zcta,96146,Olympic Valley,39.2158973,-120.2451697,1298340,,2023-07-31,10,0,Zillow ZIP-level market for Olympic Valley; mapped with Census 2020 ZCTA 96146 in Placer County.,,,,
95668 Pleasant Grove,zcta,95668,Pleasant Grove,38.8275549,-121.4951816,791345,,2023-07-31,10,0,Zillow ZIP-level market for Pleasant Grove; mapped with Census 2020 ZCTA 95668 in Placer County.,,,,
96148 Tahoe Vista,zcta,96148,Tahoe Vista,39.249777,-120.0575895,973630,,2023-07-31,10,0,Zillow ZIP-level market for Tahoe Vista; mapped with Census 2020 ZCTA 96148 in Placer County.,,,,
96140 Carnelian Bay,zcta,96140,Carnelian Bay,39.2320185,-120.0963996,1120753,,2023-07-31,10,0,Zillow ZIP-level market for Carnelian Bay; mapped with Census 2020 ZCTA 96140 in Placer County.,,,,
96142 Tahoma,zcta,96142,Tahoma,38.9986311,-120.1038814,876297,,2023-07-31,10,0,Zillow ZIP-level market for Tahoma; mapped with Census 2020 ZCTA 96142 in Placer County.,,,,
95703 Applegate,zcta,95703,Applegate,38.9890274,-120.9877751,561362,,2023-07-31,10,0,Zillow ZIP-level market for Applegate; mapped with Census 2020 ZCTA 95703 in Placer County.,,,,
95681 Sheridan,zcta,95681,Sheridan,38.9980915,-121.354198,522501,,2023-07-31,10,0,Zillow ZIP-level market for Sheridan; mapped with Census 2020 ZCTA 95681 in Placer County.,,,,
95701 Alta,zcta,95701,Alta,39.226549,-120.7670224,454775,,2023-07-31,10,0,Zillow ZIP-level market for Alta; mapped with Census 2020 ZCTA 95701 in Placer County.,,,,
95715 nan,zcta,95715,nan,39.2766508,-120.644012,362396,,2023-07-31,10,0,Zillow ZIP-level market for nan; mapped with Census 2020 ZCTA 95715 in Placer County.,,,,
95728 Soda Springs,zcta,95728,Soda Springs,39.2946534,-120.4014066,788619,,2023-07-31,10,0,Zillow ZIP-level market for Soda Springs; mapped with Census 2020 ZCTA 95728 in Placer County.,,,,
95714 Dutch Flat,zcta,95714,Dutch Flat,39.2011586,-120.8367976,413438,,2023-07-31,10,0,Zillow ZIP-level market for Dutch Flat; mapped with Census 2020 ZCTA 95714 in Placer County.,,,,
96141 Homewood,zcta,96141,Homewood,39.0989284,-120.2052313,1278536,,2023-07-31,10,0,Zillow ZIP-level market for Homewood; mapped with Census 2020 ZCTA 96141 in Placer County.,,,,
95747 Roseville,zcta,95747,Roseville,38.7784212,-121.3688294,660686,2703,2023-08-31,10,0,Zillow ZIP-level market for Roseville; mapped with Census 2020 ZCTA 95747 in Placer County.,,2703,Zillow ZORI,
95648 Lincoln,zcta,95648,Lincoln,38.9228115,-121.3120046,648265,2793,2023-08-31,10,0,Zillow ZIP-level market for Lincoln; mapped with Census 2020 ZCTA 95648 in Placer County.,,2793,Zillow ZORI,
95678 Roseville,zcta,95678,Roseville,38.7653528,-121.2884731,556913,2174,2023-08-31,10,0,Zillow ZIP-level market for Roseville; mapped with Census 2020 ZCTA 95678 in Placer County.,,2174,Zillow ZORI,
95765 Rocklin,zcta,95765,Rocklin,38.8197384,-121.2783211,739682,2412,2023-08-31,10,0,Zillow ZIP-level market for Rocklin; mapped with Census 2020 ZCTA 95765 in Placer County.,,2412,Zillow ZORI,
95661 Roseville,zcta,95661,Roseville,38.7412743,-121.2492663,676219,2067,2023-08-31,10,0,Zillow ZIP-level market for Roseville; mapped with Census 2020 ZCTA 95661 in Placer County.,,2067,Zillow ZORI,
95603 Auburn,zcta,95603,Auburn,38.911346,-121.0857601,627098,2072,2023-08-31,10,0,Zillow ZIP-level market for Auburn; mapped with Census 2020 ZCTA 95603 in Placer County.,,2072,Zillow ZORI,
95677 Rocklin,zcta,95677,Rocklin,38.79292,-121.232006,661916,2166,2023-08-31,10,0,Zillow ZIP-level market for Rocklin; mapped with Census 2020 ZCTA 95677 in Placer County.,,2166,Zillow ZORI,
95746 Granite Bay,zcta,95746,Granite Bay,38.7469238,-121.1664336,1102666,,2023-08-31,10,0,Zillow ZIP-level market for Granite Bay; mapped with Census 2020 ZCTA 95746 in Placer County.,,,,
95602 Auburn,zcta,95602,Auburn,38.9914911,-121.1035441,688315,,2023-08-31,10,0,Zillow ZIP-level market for Auburn; mapped with Census 2020 ZCTA 95602 in Placer County.,,,,
95650 Loomis,zcta,95650,Loomis,38.8091745,-121.171375,884901,,2023-08-31,10,0,Zillow ZIP-level market for Loomis; mapped with Census 2020 ZCTA 95650 in Placer County.,,,,
95713 Colfax,zcta,95713,Colfax,39.0813467,-120.9323895,497025,,2023-08-31,10,0,Zillow ZIP-level market for Colfax; mapped with Census 2020 ZCTA 95713 in Placer County.,,,,
95658 Newcastle,zcta,95658,Newcastle,38.8811828,-121.1690138,890678,,2023-08-31,10,0,Zillow ZIP-level market for Newcastle; mapped with Census 2020 ZCTA 95658 in Placer County.,,,,
95722 Meadow Vista,zcta,95722,Meadow Vista,39.0098006,-121.0347072,661526,,2023-08-31,10,0,Zillow ZIP-level market for Meadow Vista; mapped with Census 2020 ZCTA 95722 in Placer County.,,,,
95631 Foresthill,zcta,95631,Foresthill,39.0549436,-120.7539748,495443,,2023-08-31,10,0,Zillow ZIP-level market for Foresthill; mapped with Census 2020 ZCTA 95631 in Placer County.,,,,
96143 Kings Beach,zcta,96143,Kings Beach,39.2605746,-120.0262906,795229,,2023-08-31,10,0,Zillow ZIP-level market for Kings Beach; mapped with Census 2020 ZCTA 96143 in Placer County.,,,,
95663 Penryn,zcta,95663,Penryn,38.8573725,-121.1825262,902307,,2023-08-31,10,0,Zillow ZIP-level market for Penryn; mapped with Census 2020 ZCTA 95663 in Placer County.,,,,
96145 Tahoe City,zcta,96145,Tahoe City,39.1809984,-120.151396,1262394,,2023-08-31,10,0,Zillow ZIP-level market for Tahoe City; mapped with Census 2020 ZCTA 96145 in Placer County.,,,,
96146 Olympic Valley,zcta,96146,Olympic Valley,39.2158973,-120.2451697,1303996,,2023-08-31,10,0,Zillow ZIP-level market for Olympic Valley; mapped with Census 2020 ZCTA 96146 in Placer County.,,,,
95668 Pleasant Grove,zcta,95668,Pleasant Grove,38.8275549,-121.4951816,794804,,2023-08-31,10,0,Zillow ZIP-level market for Pleasant Grove; mapped with Census 2020 ZCTA 95668 in Placer County.,,,,
96148 Tahoe Vista,zcta,96148,Tahoe Vista,39.249777,-120.0575895,983094,,2023-08-31,10,0,Zillow ZIP-level market for Tahoe Vista; mapped with Census 2020 ZCTA 96148 in Placer County.,,,,
96140 Carnelian Bay,zcta,96140,Carnelian Bay,39.2320185,-120.0963996,1127395,,2023-08-31,10,0,Zillow ZIP-level market for Carnelian Bay; mapped with Census 2020 ZCTA 96140 in Placer County.,,,,
96142 Tahoma,zcta,96142,Tahoma,38.9986311,-120.1038814,883881,,2023-08-31,10,0,Zillow ZIP-level market for Tahoma; mapped with Census 2020 ZCTA 96142 in Placer County.,,,,
95703 Applegate,zcta,95703,Applegate,38.9890274,-120.9877751,562567,,2023-08-31,10,0,Zillow ZIP-level market for Applegate; mapped with Census 2020 ZCTA 95703 in Placer County.,,,,
95681 Sheridan,zcta,95681,Sheridan,38.9980915,-121.354198,527407,,2023-08-31,10,0,Zillow ZIP-level market for Sheridan; mapped with Census 2020 ZCTA 95681 in Placer County.,,,,
95701 Alta,zcta,95701,Alta,39.226549,-120.7670224,457890,,2023-08-31,10,0,Zillow ZIP-level market for Alta; mapped with Census 2020 ZCTA 95701 in Placer County.,,,,
95715 nan,zcta,95715,nan,39.2766508,-120.644012,362549,,2023-08-31,10,0,Zillow ZIP-level market for nan; mapped with Census 2020 ZCTA 95715 in Placer County.,,,,
95728 Soda Springs,zcta,95728,Soda Springs,39.2946534,-120.4014066,790476,,2023-08-31,10,0,Zillow ZIP-level market for Soda Springs; mapped with Census 2020 ZCTA 95728 in Placer County.,,,,
95714 Dutch Flat,zcta,95714,Dutch Flat,39.2011586,-120.8367976,414321,,2023-08-31,10,0,Zillow ZIP-level market for Dutch Flat; mapped with Census 2020 ZCTA 95714 in Placer County.,,,,
96141 Homewood,zcta,96141,Homewood,39.0989284,-120.2052313,1282017,,2023-08-31,10,0,Zillow ZIP-level market for Homewood; mapped with Census 2020 ZCTA 96141 in Placer County.,,,,
95747 Roseville,zcta,95747,Roseville,38.7784212,-121.3688294,662431,2723,2023-09-30,10,0,Zillow ZIP-level market for Roseville; mapped with Census 2020 ZCTA 95747 in Placer County.,,2723,Zillow ZORI,
95648 Lincoln,zcta,95648,Lincoln,38.9228115,-121.3120046,649968,2793,2023-09-30,10,0,Zillow ZIP-level market for Lincoln; mapped with Census 2020 ZCTA 95648 in Placer County.,,2793,Zillow ZORI,
95678 Roseville,zcta,95678,Roseville,38.7653528,-121.2884731,559209,2182,2023-09-30,10,0,Zillow ZIP-level market for Roseville; mapped with Census 2020 ZCTA 95678 in Placer County.,,2182,Zillow ZORI,
95765 Rocklin,zcta,95765,Rocklin,38.8197384,-121.2783211,742933,2420,2023-09-30,10,0,Zillow ZIP-level market for Rocklin; mapped with Census 2020 ZCTA 95765 in Placer County.,,2420,Zillow ZORI,
95661 Roseville,zcta,95661,Roseville,38.7412743,-121.2492663,679198,2059,2023-09-30,10,0,Zillow ZIP-level market for Roseville; mapped with Census 2020 ZCTA 95661 in Placer County.,,2059,Zillow ZORI,
95603 Auburn,zcta,95603,Auburn,38.911346,-121.0857601,627524,2053,2023-09-30,10,0,Zillow ZIP-level market for Auburn; mapped with Census 2020 ZCTA 95603 in Placer County.,,2053,Zillow ZORI,
95677 Rocklin,zcta,95677,Rocklin,38.79292,-121.232006,665621,2175,2023-09-30,10,0,Zillow ZIP-level market for Rocklin; mapped with Census 2020 ZCTA 95677 in Placer County.,,2175,Zillow ZORI,
95746 Granite Bay,zcta,95746,Granite Bay,38.7469238,-121.1664336,1109737,,2023-09-30,10,0,Zillow ZIP-level market for Granite Bay; mapped with Census 2020 ZCTA 95746 in Placer County.,,,,
95602 Auburn,zcta,95602,Auburn,38.9914911,-121.1035441,687097,,2023-09-30,10,0,Zillow ZIP-level market for Auburn; mapped with Census 2020 ZCTA 95602 in Placer County.,,,,
95650 Loomis,zcta,95650,Loomis,38.8091745,-121.171375,891671,,2023-09-30,10,0,Zillow ZIP-level market for Loomis; mapped with Census 2020 ZCTA 95650 in Placer County.,,,,
95713 Colfax,zcta,95713,Colfax,39.0813467,-120.9323895,497145,,2023-09-30,10,0,Zillow ZIP-level market for Colfax; mapped with Census 2020 ZCTA 95713 in Placer County.,,,,
95658 Newcastle,zcta,95658,Newcastle,38.8811828,-121.1690138,899960,,2023-09-30,10,0,Zillow ZIP-level market for Newcastle; mapped with Census 2020 ZCTA 95658 in Placer County.,,,,
95722 Meadow Vista,zcta,95722,Meadow Vista,39.0098006,-121.0347072,664264,,2023-09-30,10,0,Zillow ZIP-level market for Meadow Vista; mapped with Census 2020 ZCTA 95722 in Placer County.,,,,
95631 Foresthill,zcta,95631,Foresthill,39.0549436,-120.7539748,497069,,2023-09-30,10,0,Zillow ZIP-level market for Foresthill; mapped with Census 2020 ZCTA 95631 in Placer County.,,,,
96143 Kings Beach,zcta,96143,Kings Beach,39.2605746,-120.0262906,795692,,2023-09-30,10,0,Zillow ZIP-level market for Kings Beach; mapped with Census 2020 ZCTA 96143 in Placer County.,,,,
95663 Penryn,zcta,95663,Penryn,38.8573725,-121.1825262,911217,,2023-09-30,10,0,Zillow ZIP-level market for Penryn; mapped with Census 2020 ZCTA 95663 in Placer County.,,,,
96145 Tahoe City,zcta,96145,Tahoe City,39.1809984,-120.151396,1269344,,2023-09-30,10,0,Zillow ZIP-level market for Tahoe City; mapped with Census 2020 ZCTA 96145 in Placer County.,,,,
96146 Olympic Valley,zcta,96146,Olympic Valley,39.2158973,-120.2451697,1304409,,2023-09-30,10,0,Zillow ZIP-level market for Olympic Valley; mapped with Census 2020 ZCTA 96146 in Placer County.,,,,
95668 Pleasant Grove,zcta,95668,Pleasant Grove,38.8275549,-121.4951816,795731,,2023-09-30,10,0,Zillow ZIP-level market for Pleasant Grove; mapped with Census 2020 ZCTA 95668 in Placer County.,,,,
96148 Tahoe Vista,zcta,96148,Tahoe Vista,39.249777,-120.0575895,990882,,2023-09-30,10,0,Zillow ZIP-level market for Tahoe Vista; mapped with Census 2020 ZCTA 96148 in Placer County.,,,,
96140 Carnelian Bay,zcta,96140,Carnelian Bay,39.2320185,-120.0963996,1132743,,2023-09-30,10,0,Zillow ZIP-level market for Carnelian Bay; mapped with Census 2020 ZCTA 96140 in Placer County.,,,,
96142 Tahoma,zcta,96142,Tahoma,38.9986311,-120.1038814,892662,,2023-09-30,10,0,Zillow ZIP-level market for Tahoma; mapped with Census 2020 ZCTA 96142 in Placer County.,,,,
95703 Applegate,zcta,95703,Applegate,38.9890274,-120.9877751,560762,,2023-09-30,10,0,Zillow ZIP-level market for Applegate; mapped with Census 2020 ZCTA 95703 in Placer County.,,,,
95681 Sheridan,zcta,95681,Sheridan,38.9980915,-121.354198,532350,,2023-09-30,10,0,Zillow ZIP-level market for Sheridan; mapped with Census 2020 ZCTA 95681 in Placer County.,,,,
95701 Alta,zcta,95701,Alta,39.226549,-120.7670224,460118,,2023-09-30,10,0,Zillow ZIP-level market for Alta; mapped with Census 2020 ZCTA 95701 in Placer County.,,,,
95715 nan,zcta,95715,nan,39.2766508,-120.644012,360292,,2023-09-30,10,0,Zillow ZIP-level market for nan; mapped with Census 2020 ZCTA 95715 in Placer County.,,,,
95728 Soda Springs,zcta,95728,Soda Springs,39.2946534,-120.4014066,790799,,2023-09-30,10,0,Zillow ZIP-level market for Soda Springs; mapped with Census 2020 ZCTA 95728 in Placer County.,,,,
95714 Dutch Flat,zcta,95714,Dutch Flat,39.2011586,-120.8367976,413632,,2023-09-30,10,0,Zillow ZIP-level market for Dutch Flat; mapped with Census 2020 ZCTA 95714 in Placer County.,,,,
96141 Homewood,zcta,96141,Homewood,39.0989284,-120.2052313,1287710,,2023-09-30,10,0,Zillow ZIP-level market for Homewood; mapped with Census 2020 ZCTA 96141 in Placer County.,,,,
95747 Roseville,zcta,95747,Roseville,38.7784212,-121.3688294,663203,2735,2023-10-31,10,0,Zillow ZIP-level market for Roseville; mapped with Census 2020 ZCTA 95747 in Placer County.,,2735,Zillow ZORI,
95648 Lincoln,zcta,95648,Lincoln,38.9228115,-121.3120046,650724,2769,2023-10-31,10,0,Zillow ZIP-level market for Lincoln; mapped with Census 2020 ZCTA 95648 in Placer County.,,2769,Zillow ZORI,
95678 Roseville,zcta,95678,Roseville,38.7653528,-121.2884731,560700,2181,2023-10-31,10,0,Zillow ZIP-level market for Roseville; mapped with Census 2020 ZCTA 95678 in Placer County.,,2181,Zillow ZORI,
95765 Rocklin,zcta,95765,Rocklin,38.8197384,-121.2783211,744678,2406,2023-10-31,10,0,Zillow ZIP-level market for Rocklin; mapped with Census 2020 ZCTA 95765 in Placer County.,,2406,Zillow ZORI,
95661 Roseville,zcta,95661,Roseville,38.7412743,-121.2492663,681233,2058,2023-10-31,10,0,Zillow ZIP-level market for Roseville; mapped with Census 2020 ZCTA 95661 in Placer County.,,2058,Zillow ZORI,
95603 Auburn,zcta,95603,Auburn,38.911346,-121.0857601,626139,2045,2023-10-31,10,0,Zillow ZIP-level market for Auburn; mapped with Census 2020 ZCTA 95603 in Placer County.,,2045,Zillow ZORI,
95677 Rocklin,zcta,95677,Rocklin,38.79292,-121.232006,667802,2181,2023-10-31,10,0,Zillow ZIP-level market for Rocklin; mapped with Census 2020 ZCTA 95677 in Placer County.,,2181,Zillow ZORI,
95746 Granite Bay,zcta,95746,Granite Bay,38.7469238,-121.1664336,1114747,,2023-10-31,10,0,Zillow ZIP-level market for Granite Bay; mapped with Census 2020 ZCTA 95746 in Placer County.,,,,
95602 Auburn,zcta,95602,Auburn,38.9914911,-121.1035441,684412,,2023-10-31,10,0,Zillow ZIP-level market for Auburn; mapped with Census 2020 ZCTA 95602 in Placer County.,,,,
95650 Loomis,zcta,95650,Loomis,38.8091745,-121.171375,896136,,2023-10-31,10,0,Zillow ZIP-level market for Loomis; mapped with Census 2020 ZCTA 95650 in Placer County.,,,,
95713 Colfax,zcta,95713,Colfax,39.0813467,-120.9323895,495869,,2023-10-31,10,0,Zillow ZIP-level market for Colfax; mapped with Census 2020 ZCTA 95713 in Placer County.,,,,
95658 Newcastle,zcta,95658,Newcastle,38.8811828,-121.1690138,906495,,2023-10-31,10,0,Zillow ZIP-level market for Newcastle; mapped with Census 2020 ZCTA 95658 in Placer County.,,,,
95722 Meadow Vista,zcta,95722,Meadow Vista,39.0098006,-121.0347072,666504,,2023-10-31,10,0,Zillow ZIP-level market for Meadow Vista; mapped with Census 2020 ZCTA 95722 in Placer County.,,,,
95631 Foresthill,zcta,95631,Foresthill,39.0549436,-120.7539748,497777,,2023-10-31,10,0,Zillow ZIP-level market for Foresthill; mapped with Census 2020 ZCTA 95631 in Placer County.,,,,
96143 Kings Beach,zcta,96143,Kings Beach,39.2605746,-120.0262906,796531,,2023-10-31,10,0,Zillow ZIP-level market for Kings Beach; mapped with Census 2020 ZCTA 96143 in Placer County.,,,,
95663 Penryn,zcta,95663,Penryn,38.8573725,-121.1825262,917647,,2023-10-31,10,0,Zillow ZIP-level market for Penryn; mapped with Census 2020 ZCTA 95663 in Placer County.,,,,
96145 Tahoe City,zcta,96145,Tahoe City,39.1809984,-120.151396,1274402,,2023-10-31,10,0,Zillow ZIP-level market for Tahoe City; mapped with Census 2020 ZCTA 96145 in Placer County.,,,,
96146 Olympic Valley,zcta,96146,Olympic Valley,39.2158973,-120.2451697,1302163,,2023-10-31,10,0,Zillow ZIP-level market for Olympic Valley; mapped with Census 2020 ZCTA 96146 in Placer County.,,,,
95668 Pleasant Grove,zcta,95668,Pleasant Grove,38.8275549,-121.4951816,793131,,2023-10-31,10,0,Zillow ZIP-level market for Pleasant Grove; mapped with Census 2020 ZCTA 95668 in Placer County.,,,,
96148 Tahoe Vista,zcta,96148,Tahoe Vista,39.249777,-120.0575895,1001273,,2023-10-31,10,0,Zillow ZIP-level market for Tahoe Vista; mapped with Census 2020 ZCTA 96148 in Placer County.,,,,
96140 Carnelian Bay,zcta,96140,Carnelian Bay,39.2320185,-120.0963996,1136471,,2023-10-31,10,0,Zillow ZIP-level market for Carnelian Bay; mapped with Census 2020 ZCTA 96140 in Placer County.,,,,
96142 Tahoma,zcta,96142,Tahoma,38.9986311,-120.1038814,894699,,2023-10-31,10,0,Zillow ZIP-level market for Tahoma; mapped with Census 2020 ZCTA 96142 in Placer County.,,,,
95703 Applegate,zcta,95703,Applegate,38.9890274,-120.9877751,557963,,2023-10-31,10,0,Zillow ZIP-level market for Applegate; mapped with Census 2020 ZCTA 95703 in Placer County.,,,,
95681 Sheridan,zcta,95681,Sheridan,38.9980915,-121.354198,535338,,2023-10-31,10,0,Zillow ZIP-level market for Sheridan; mapped with Census 2020 ZCTA 95681 in Placer County.,,,,
95701 Alta,zcta,95701,Alta,39.226549,-120.7670224,460842,,2023-10-31,10,0,Zillow ZIP-level market for Alta; mapped with Census 2020 ZCTA 95701 in Placer County.,,,,
95715 nan,zcta,95715,nan,39.2766508,-120.644012,358018,,2023-10-31,10,0,Zillow ZIP-level market for nan; mapped with Census 2020 ZCTA 95715 in Placer County.,,,,
95728 Soda Springs,zcta,95728,Soda Springs,39.2946534,-120.4014066,789020,,2023-10-31,10,0,Zillow ZIP-level market for Soda Springs; mapped with Census 2020 ZCTA 95728 in Placer County.,,,,
95714 Dutch Flat,zcta,95714,Dutch Flat,39.2011586,-120.8367976,411500,,2023-10-31,10,0,Zillow ZIP-level market for Dutch Flat; mapped with Census 2020 ZCTA 95714 in Placer County.,,,,
96141 Homewood,zcta,96141,Homewood,39.0989284,-120.2052313,1287113,,2023-10-31,10,0,Zillow ZIP-level market for Homewood; mapped with Census 2020 ZCTA 96141 in Placer County.,,,,
95747 Roseville,zcta,95747,Roseville,38.7784212,-121.3688294,663477,2719,2023-11-30,10,0,Zillow ZIP-level market for Roseville; mapped with Census 2020 ZCTA 95747 in Placer County.,,2719,Zillow ZORI,
95648 Lincoln,zcta,95648,Lincoln,38.9228115,-121.3120046,650722,2741,2023-11-30,10,0,Zillow ZIP-level market for Lincoln; mapped with Census 2020 ZCTA 95648 in Placer County.,,2741,Zillow ZORI,
95678 Roseville,zcta,95678,Roseville,38.7653528,-121.2884731,561064,2197,2023-11-30,10,0,Zillow ZIP-level market for Roseville; mapped with Census 2020 ZCTA 95678 in Placer County.,,2197,Zillow ZORI,
95765 Rocklin,zcta,95765,Rocklin,38.8197384,-121.2783211,744989,2403,2023-11-30,10,0,Zillow ZIP-level market for Rocklin; mapped with Census 2020 ZCTA 95765 in Placer County.,,2403,Zillow ZORI,
95661 Roseville,zcta,95661,Roseville,38.7412743,-121.2492663,682411,2039,2023-11-30,10,0,Zillow ZIP-level market for Roseville; mapped with Census 2020 ZCTA 95661 in Placer County.,,2039,Zillow ZORI,
95603 Auburn,zcta,95603,Auburn,38.911346,-121.0857601,624299,2050,2023-11-30,10,0,Zillow ZIP-level market for Auburn; mapped with Census 2020 ZCTA 95603 in Placer County.,,2050,Zillow ZORI,
95677 Rocklin,zcta,95677,Rocklin,38.79292,-121.232006,668690,2183,2023-11-30,10,0,Zillow ZIP-level market for Rocklin; mapped with Census 2020 ZCTA 95677 in Placer County.,,2183,Zillow ZORI,
95746 Granite Bay,zcta,95746,Granite Bay,38.7469238,-121.1664336,1116878,,2023-11-30,10,0,Zillow ZIP-level market for Granite Bay; mapped with Census 2020 ZCTA 95746 in Placer County.,,,,
95602 Auburn,zcta,95602,Auburn,38.9914911,-121.1035441,681430,,2023-11-30,10,0,Zillow ZIP-level market for Auburn; mapped with Census 2020 ZCTA 95602 in Placer County.,,,,
95650 Loomis,zcta,95650,Loomis,38.8091745,-121.171375,898945,,2023-11-30,10,0,Zillow ZIP-level market for Loomis; mapped with Census 2020 ZCTA 95650 in Placer County.,,,,
95713 Colfax,zcta,95713,Colfax,39.0813467,-120.9323895,493597,,2023-11-30,10,0,Zillow ZIP-level market for Colfax; mapped with Census 2020 ZCTA 95713 in Placer County.,,,,
95658 Newcastle,zcta,95658,Newcastle,38.8811828,-121.1690138,908811,,2023-11-30,10,0,Zillow ZIP-level market for Newcastle; mapped with Census 2020 ZCTA 95658 in Placer County.,,,,
95722 Meadow Vista,zcta,95722,Meadow Vista,39.0098006,-121.0347072,668248,,2023-11-30,10,0,Zillow ZIP-level market for Meadow Vista; mapped with Census 2020 ZCTA 95722 in Placer County.,,,,
95631 Foresthill,zcta,95631,Foresthill,39.0549436,-120.7539748,497296,,2023-11-30,10,0,Zillow ZIP-level market for Foresthill; mapped with Census 2020 ZCTA 95631 in Placer County.,,,,
96143 Kings Beach,zcta,96143,Kings Beach,39.2605746,-120.0262906,797610,,2023-11-30,10,0,Zillow ZIP-level market for Kings Beach; mapped with Census 2020 ZCTA 96143 in Placer County.,,,,
95663 Penryn,zcta,95663,Penryn,38.8573725,-121.1825262,918534,,2023-11-30,10,0,Zillow ZIP-level market for Penryn; mapped with Census 2020 ZCTA 95663 in Placer County.,,,,
96145 Tahoe City,zcta,96145,Tahoe City,39.1809984,-120.151396,1273055,,2023-11-30,10,0,Zillow ZIP-level market for Tahoe City; mapped with Census 2020 ZCTA 96145 in Placer County.,,,,
96146 Olympic Valley,zcta,96146,Olympic Valley,39.2158973,-120.2451697,1298791,,2023-11-30,10,0,Zillow ZIP-level market for Olympic Valley; mapped with Census 2020 ZCTA 96146 in Placer County.,,,,
95668 Pleasant Grove,zcta,95668,Pleasant Grove,38.8275549,-121.4951816,792763,,2023-11-30,10,0,Zillow ZIP-level market for Pleasant Grove; mapped with Census 2020 ZCTA 95668 in Placer County.,,,,
96148 Tahoe Vista,zcta,96148,Tahoe Vista,39.249777,-120.0575895,1006753,,2023-11-30,10,0,Zillow ZIP-level market for Tahoe Vista; mapped with Census 2020 ZCTA 96148 in Placer County.,,,,
96140 Carnelian Bay,zcta,96140,Carnelian Bay,39.2320185,-120.0963996,1132583,,2023-11-30,10,0,Zillow ZIP-level market for Carnelian Bay; mapped with Census 2020 ZCTA 96140 in Placer County.,,,,
96142 Tahoma,zcta,96142,Tahoma,38.9986311,-120.1038814,894441,,2023-11-30,10,0,Zillow ZIP-level market for Tahoma; mapped with Census 2020 ZCTA 96142 in Placer County.,,,,
95703 Applegate,zcta,95703,Applegate,38.9890274,-120.9877751,555064,,2023-11-30,10,0,Zillow ZIP-level market for Applegate; mapped with Census 2020 ZCTA 95703 in Placer County.,,,,
95681 Sheridan,zcta,95681,Sheridan,38.9980915,-121.354198,535396,,2023-11-30,10,0,Zillow ZIP-level market for Sheridan; mapped with Census 2020 ZCTA 95681 in Placer County.,,,,
95701 Alta,zcta,95701,Alta,39.226549,-120.7670224,460881,,2023-11-30,10,0,Zillow ZIP-level market for Alta; mapped with Census 2020 ZCTA 95701 in Placer County.,,,,
95715 nan,zcta,95715,nan,39.2766508,-120.644012,355014,,2023-11-30,10,0,Zillow ZIP-level market for nan; mapped with Census 2020 ZCTA 95715 in Placer County.,,,,
95728 Soda Springs,zcta,95728,Soda Springs,39.2946534,-120.4014066,786456,,2023-11-30,10,0,Zillow ZIP-level market for Soda Springs; mapped with Census 2020 ZCTA 95728 in Placer County.,,,,
95714 Dutch Flat,zcta,95714,Dutch Flat,39.2011586,-120.8367976,410014,,2023-11-30,10,0,Zillow ZIP-level market for Dutch Flat; mapped with Census 2020 ZCTA 95714 in Placer County.,,,,
96141 Homewood,zcta,96141,Homewood,39.0989284,-120.2052313,1281273,,2023-11-30,10,0,Zillow ZIP-level market for Homewood; mapped with Census 2020 ZCTA 96141 in Placer County.,,,,
95747 Roseville,zcta,95747,Roseville,38.7784212,-121.3688294,664050,2703,2023-12-31,10,0,Zillow ZIP-level market for Roseville; mapped with Census 2020 ZCTA 95747 in Placer County.,,2703,Zillow ZORI,
95648 Lincoln,zcta,95648,Lincoln,38.9228115,-121.3120046,650647,2764,2023-12-31,10,0,Zillow ZIP-level market for Lincoln; mapped with Census 2020 ZCTA 95648 in Placer County.,,2764,Zillow ZORI,
95678 Roseville,zcta,95678,Roseville,38.7653528,-121.2884731,561518,2201,2023-12-31,10,0,Zillow ZIP-level market for Roseville; mapped with Census 2020 ZCTA 95678 in Placer County.,,2201,Zillow ZORI,
95765 Rocklin,zcta,95765,Rocklin,38.8197384,-121.2783211,745186,2400,2023-12-31,10,0,Zillow ZIP-level market for Rocklin; mapped with Census 2020 ZCTA 95765 in Placer County.,,2400,Zillow ZORI,
95661 Roseville,zcta,95661,Roseville,38.7412743,-121.2492663,683235,2028,2023-12-31,10,0,Zillow ZIP-level market for Roseville; mapped with Census 2020 ZCTA 95661 in Placer County.,,2028,Zillow ZORI,
95603 Auburn,zcta,95603,Auburn,38.911346,-121.0857601,623000,2093,2023-12-31,10,0,Zillow ZIP-level market for Auburn; mapped with Census 2020 ZCTA 95603 in Placer County.,,2093,Zillow ZORI,
95677 Rocklin,zcta,95677,Rocklin,38.79292,-121.232006,669142,2191,2023-12-31,10,0,Zillow ZIP-level market for Rocklin; mapped with Census 2020 ZCTA 95677 in Placer County.,,2191,Zillow ZORI,
95746 Granite Bay,zcta,95746,Granite Bay,38.7469238,-121.1664336,1116696,,2023-12-31,10,0,Zillow ZIP-level market for Granite Bay; mapped with Census 2020 ZCTA 95746 in Placer County.,,,,
95602 Auburn,zcta,95602,Auburn,38.9914911,-121.1035441,679220,,2023-12-31,10,0,Zillow ZIP-level market for Auburn; mapped with Census 2020 ZCTA 95602 in Placer County.,,,,
95650 Loomis,zcta,95650,Loomis,38.8091745,-121.171375,899607,,2023-12-31,10,0,Zillow ZIP-level market for Loomis; mapped with Census 2020 ZCTA 95650 in Placer County.,,,,
95713 Colfax,zcta,95713,Colfax,39.0813467,-120.9323895,491336,,2023-12-31,10,0,Zillow ZIP-level market for Colfax; mapped with Census 2020 ZCTA 95713 in Placer County.,,,,
95658 Newcastle,zcta,95658,Newcastle,38.8811828,-121.1690138,906416,,2023-12-31,10,0,Zillow ZIP-level market for Newcastle; mapped with Census 2020 ZCTA 95658 in Placer County.,,,,
95722 Meadow Vista,zcta,95722,Meadow Vista,39.0098006,-121.0347072,668672,,2023-12-31,10,0,Zillow ZIP-level market for Meadow Vista; mapped with Census 2020 ZCTA 95722 in Placer County.,,,,
95631 Foresthill,zcta,95631,Foresthill,39.0549436,-120.7539748,496180,,2023-12-31,10,0,Zillow ZIP-level market for Foresthill; mapped with Census 2020 ZCTA 95631 in Placer County.,,,,
96143 Kings Beach,zcta,96143,Kings Beach,39.2605746,-120.0262906,798223,,2023-12-31,10,0,Zillow ZIP-level market for Kings Beach; mapped with Census 2020 ZCTA 96143 in Placer County.,,,,
95663 Penryn,zcta,95663,Penryn,38.8573725,-121.1825262,916407,,2023-12-31,10,0,Zillow ZIP-level market for Penryn; mapped with Census 2020 ZCTA 95663 in Placer County.,,,,
96145 Tahoe City,zcta,96145,Tahoe City,39.1809984,-120.151396,1266804,,2023-12-31,10,0,Zillow ZIP-level market for Tahoe City; mapped with Census 2020 ZCTA 96145 in Placer County.,,,,
96146 Olympic Valley,zcta,96146,Olympic Valley,39.2158973,-120.2451697,1293715,,2023-12-31,10,0,Zillow ZIP-level market for Olympic Valley; mapped with Census 2020 ZCTA 96146 in Placer County.,,,,
95668 Pleasant Grove,zcta,95668,Pleasant Grove,38.8275549,-121.4951816,790849,,2023-12-31,10,0,Zillow ZIP-level market for Pleasant Grove; mapped with Census 2020 ZCTA 95668 in Placer County.,,,,
96148 Tahoe Vista,zcta,96148,Tahoe Vista,39.249777,-120.0575895,1009532,,2023-12-31,10,0,Zillow ZIP-level market for Tahoe Vista; mapped with Census 2020 ZCTA 96148 in Placer County.,,,,
96140 Carnelian Bay,zcta,96140,Carnelian Bay,39.2320185,-120.0963996,1125905,,2023-12-31,10,0,Zillow ZIP-level market for Carnelian Bay; mapped with Census 2020 ZCTA 96140 in Placer County.,,,,
96142 Tahoma,zcta,96142,Tahoma,38.9986311,-120.1038814,890956,,2023-12-31,10,0,Zillow ZIP-level market for Tahoma; mapped with Census 2020 ZCTA 96142 in Placer County.,,,,
95703 Applegate,zcta,95703,Applegate,38.9890274,-120.9877751,553193,,2023-12-31,10,0,Zillow ZIP-level market for Applegate; mapped with Census 2020 ZCTA 95703 in Placer County.,,,,
95681 Sheridan,zcta,95681,Sheridan,38.9980915,-121.354198,533344,,2023-12-31,10,0,Zillow ZIP-level market for Sheridan; mapped with Census 2020 ZCTA 95681 in Placer County.,,,,
95701 Alta,zcta,95701,Alta,39.226549,-120.7670224,459441,,2023-12-31,10,0,Zillow ZIP-level market for Alta; mapped with Census 2020 ZCTA 95701 in Placer County.,,,,
95715 nan,zcta,95715,nan,39.2766508,-120.644012,352550,,2023-12-31,10,0,Zillow ZIP-level market for nan; mapped with Census 2020 ZCTA 95715 in Placer County.,,,,
95717 Gold Run,zcta,95717,Gold Run,39.1425937,-120.8426891,495406,,2023-12-31,10,0,Zillow ZIP-level market for Gold Run; mapped with Census 2020 ZCTA 95717 in Placer County.,,,,
95728 Soda Springs,zcta,95728,Soda Springs,39.2946534,-120.4014066,784119,,2023-12-31,10,0,Zillow ZIP-level market for Soda Springs; mapped with Census 2020 ZCTA 95728 in Placer County.,,,,
95714 Dutch Flat,zcta,95714,Dutch Flat,39.2011586,-120.8367976,408977,,2023-12-31,10,0,Zillow ZIP-level market for Dutch Flat; mapped with Census 2020 ZCTA 95714 in Placer County.,,,,
96141 Homewood,zcta,96141,Homewood,39.0989284,-120.2052313,1273402,,2023-12-31,10,0,Zillow ZIP-level market for Homewood; mapped with Census 2020 ZCTA 96141 in Placer County.,,,,
95747 Roseville,zcta,95747,Roseville,38.7784212,-121.3688294,664435,2702,2024-01-31,10,0,Zillow ZIP-level market for Roseville; mapped with Census 2020 ZCTA 95747 in Placer County.,,2702,Zillow ZORI,
95648 Lincoln,zcta,95648,Lincoln,38.9228115,-121.3120046,649973,2789,2024-01-31,10,0,Zillow ZIP-level market for Lincoln; mapped with Census 2020 ZCTA 95648 in Placer County.,,2789,Zillow ZORI,
95678 Roseville,zcta,95678,Roseville,38.7653528,-121.2884731,561586,2196,2024-01-31,10,0,Zillow ZIP-level market for Roseville; mapped with Census 2020 ZCTA 95678 in Placer County.,,2196,Zillow ZORI,
95765 Rocklin,zcta,95765,Rocklin,38.8197384,-121.2783211,744741,2424,2024-01-31,10,0,Zillow ZIP-level market for Rocklin; mapped with Census 2020 ZCTA 95765 in Placer County.,,2424,Zillow ZORI,
95661 Roseville,zcta,95661,Roseville,38.7412743,-121.2492663,683224,2044,2024-01-31,10,0,Zillow ZIP-level market for Roseville; mapped with Census 2020 ZCTA 95661 in Placer County.,,2044,Zillow ZORI,
95603 Auburn,zcta,95603,Auburn,38.911346,-121.0857601,621823,2105,2024-01-31,10,0,Zillow ZIP-level market for Auburn; mapped with Census 2020 ZCTA 95603 in Placer County.,,2105,Zillow ZORI,
95677 Rocklin,zcta,95677,Rocklin,38.79292,-121.232006,669177,2196,2024-01-31,10,0,Zillow ZIP-level market for Rocklin; mapped with Census 2020 ZCTA 95677 in Placer County.,,2196,Zillow ZORI,
95746 Granite Bay,zcta,95746,Granite Bay,38.7469238,-121.1664336,1112956,,2024-01-31,10,0,Zillow ZIP-level market for Granite Bay; mapped with Census 2020 ZCTA 95746 in Placer County.,,,,
95602 Auburn,zcta,95602,Auburn,38.9914911,-121.1035441,677596,,2024-01-31,10,0,Zillow ZIP-level market for Auburn; mapped with Census 2020 ZCTA 95602 in Placer County.,,,,
95650 Loomis,zcta,95650,Loomis,38.8091745,-121.171375,897007,,2024-01-31,10,0,Zillow ZIP-level market for Loomis; mapped with Census 2020 ZCTA 95650 in Placer County.,,,,
95713 Colfax,zcta,95713,Colfax,39.0813467,-120.9323895,489181,,2024-01-31,10,0,Zillow ZIP-level market for Colfax; mapped with Census 2020 ZCTA 95713 in Placer County.,,,,
95658 Newcastle,zcta,95658,Newcastle,38.8811828,-121.1690138,901614,,2024-01-31,10,0,Zillow ZIP-level market for Newcastle; mapped with Census 2020 ZCTA 95658 in Placer County.,,,,
95722 Meadow Vista,zcta,95722,Meadow Vista,39.0098006,-121.0347072,667391,,2024-01-31,10,0,Zillow ZIP-level market for Meadow Vista; mapped with Census 2020 ZCTA 95722 in Placer County.,,,,
95631 Foresthill,zcta,95631,Foresthill,39.0549436,-120.7539748,494599,,2024-01-31,10,0,Zillow ZIP-level market for Foresthill; mapped with Census 2020 ZCTA 95631 in Placer County.,,,,
96143 Kings Beach,zcta,96143,Kings Beach,39.2605746,-120.0262906,794976,,2024-01-31,10,0,Zillow ZIP-level market for Kings Beach; mapped with Census 2020 ZCTA 96143 in Placer County.,,,,
95663 Penryn,zcta,95663,Penryn,38.8573725,-121.1825262,909862,,2024-01-31,10,0,Zillow ZIP-level market for Penryn; mapped with Census 2020 ZCTA 95663 in Placer County.,,,,
96145 Tahoe City,zcta,96145,Tahoe City,39.1809984,-120.151396,1253444,,2024-01-31,10,0,Zillow ZIP-level market for Tahoe City; mapped with Census 2020 ZCTA 96145 in Placer County.,,,,
96146 Olympic Valley,zcta,96146,Olympic Valley,39.2158973,-120.2451697,1284183,,2024-01-31,10,0,Zillow ZIP-level market for Olympic Valley; mapped with Census 2020 ZCTA 96146 in Placer County.,,,,
95668 Pleasant Grove,zcta,95668,Pleasant Grove,38.8275549,-121.4951816,788666,,2024-01-31,10,0,Zillow ZIP-level market for Pleasant Grove; mapped with Census 2020 ZCTA 95668 in Placer County.,,,,
96148 Tahoe Vista,zcta,96148,Tahoe Vista,39.249777,-120.0575895,1003995,,2024-01-31,10,0,Zillow ZIP-level market for Tahoe Vista; mapped with Census 2020 ZCTA 96148 in Placer County.,,,,
96140 Carnelian Bay,zcta,96140,Carnelian Bay,39.2320185,-120.0963996,1114497,,2024-01-31,10,0,Zillow ZIP-level market for Carnelian Bay; mapped with Census 2020 ZCTA 96140 in Placer County.,,,,
96142 Tahoma,zcta,96142,Tahoma,38.9986311,-120.1038814,886137,,2024-01-31,10,0,Zillow ZIP-level market for Tahoma; mapped with Census 2020 ZCTA 96142 in Placer County.,,,,
95703 Applegate,zcta,95703,Applegate,38.9890274,-120.9877751,550448,,2024-01-31,10,0,Zillow ZIP-level market for Applegate; mapped with Census 2020 ZCTA 95703 in Placer County.,,,,
95681 Sheridan,zcta,95681,Sheridan,38.9980915,-121.354198,530086,,2024-01-31,10,0,Zillow ZIP-level market for Sheridan; mapped with Census 2020 ZCTA 95681 in Placer County.,,,,
95701 Alta,zcta,95701,Alta,39.226549,-120.7670224,457203,,2024-01-31,10,0,Zillow ZIP-level market for Alta; mapped with Census 2020 ZCTA 95701 in Placer County.,,,,
95715 nan,zcta,95715,nan,39.2766508,-120.644012,348823,,2024-01-31,10,0,Zillow ZIP-level market for nan; mapped with Census 2020 ZCTA 95715 in Placer County.,,,,
95717 Gold Run,zcta,95717,Gold Run,39.1425937,-120.8426891,494290,,2024-01-31,10,0,Zillow ZIP-level market for Gold Run; mapped with Census 2020 ZCTA 95717 in Placer County.,,,,
95728 Soda Springs,zcta,95728,Soda Springs,39.2946534,-120.4014066,778998,,2024-01-31,10,0,Zillow ZIP-level market for Soda Springs; mapped with Census 2020 ZCTA 95728 in Placer County.,,,,
95714 Dutch Flat,zcta,95714,Dutch Flat,39.2011586,-120.8367976,408365,,2024-01-31,10,0,Zillow ZIP-level market for Dutch Flat; mapped with Census 2020 ZCTA 95714 in Placer County.,,,,
96141 Homewood,zcta,96141,Homewood,39.0989284,-120.2052313,1260692,,2024-01-31,10,0,Zillow ZIP-level market for Homewood; mapped with Census 2020 ZCTA 96141 in Placer County.,,,,
95747 Roseville,zcta,95747,Roseville,38.7784212,-121.3688294,665744,2705,2024-02-29,10,0,Zillow ZIP-level market for Roseville; mapped with Census 2020 ZCTA 95747 in Placer County.,,2705,Zillow ZORI,
95648 Lincoln,zcta,95648,Lincoln,38.9228115,-121.3120046,650667,2796,2024-02-29,10,0,Zillow ZIP-level market for Lincoln; mapped with Census 2020 ZCTA 95648 in Placer County.,,2796,Zillow ZORI,
95678 Roseville,zcta,95678,Roseville,38.7653528,-121.2884731,562303,2205,2024-02-29,10,0,Zillow ZIP-level market for Roseville; mapped with Census 2020 ZCTA 95678 in Placer County.,,2205,Zillow ZORI,
95765 Rocklin,zcta,95765,Rocklin,38.8197384,-121.2783211,745154,2419,2024-02-29,10,0,Zillow ZIP-level market for Rocklin; mapped with Census 2020 ZCTA 95765 in Placer County.,,2419,Zillow ZORI,
95661 Roseville,zcta,95661,Roseville,38.7412743,-121.2492663,683199,2071,2024-02-29,10,0,Zillow ZIP-level market for Roseville; mapped with Census 2020 ZCTA 95661 in Placer County.,,2071,Zillow ZORI,
95603 Auburn,zcta,95603,Auburn,38.911346,-121.0857601,622002,2094,2024-02-29,10,0,Zillow ZIP-level market for Auburn; mapped with Census 2020 ZCTA 95603 in Placer County.,,2094,Zillow ZORI,
95677 Rocklin,zcta,95677,Rocklin,38.79292,-121.232006,669494,2202,2024-02-29,10,0,Zillow ZIP-level market for Rocklin; mapped with Census 2020 ZCTA 95677 in Placer County.,,2202,Zillow ZORI,
95746 Granite Bay,zcta,95746,Granite Bay,38.7469238,-121.1664336,1112813,,2024-02-29,10,0,Zillow ZIP-level market for Granite Bay; mapped with Census 2020 ZCTA 95746 in Placer County.,,,,
95602 Auburn,zcta,95602,Auburn,38.9914911,-121.1035441,678107,,2024-02-29,10,0,Zillow ZIP-level market for Auburn; mapped with Census 2020 ZCTA 95602 in Placer County.,,,,
95650 Loomis,zcta,95650,Loomis,38.8091745,-121.171375,895047,,2024-02-29,10,0,Zillow ZIP-level market for Loomis; mapped with Census 2020 ZCTA 95650 in Placer County.,,,,
95713 Colfax,zcta,95713,Colfax,39.0813467,-120.9323895,487940,,2024-02-29,10,0,Zillow ZIP-level market for Colfax; mapped with Census 2020 ZCTA 95713 in Placer County.,,,,
95658 Newcastle,zcta,95658,Newcastle,38.8811828,-121.1690138,899761,,2024-02-29,10,0,Zillow ZIP-level market for Newcastle; mapped with Census 2020 ZCTA 95658 in Placer County.,,,,
95722 Meadow Vista,zcta,95722,Meadow Vista,39.0098006,-121.0347072,667119,,2024-02-29,10,0,Zillow ZIP-level market for Meadow Vista; mapped with Census 2020 ZCTA 95722 in Placer County.,,,,
95631 Foresthill,zcta,95631,Foresthill,39.0549436,-120.7539748,493858,,2024-02-29,10,0,Zillow ZIP-level market for Foresthill; mapped with Census 2020 ZCTA 95631 in Placer County.,,,,
96143 Kings Beach,zcta,96143,Kings Beach,39.2605746,-120.0262906,793129,,2024-02-29,10,0,Zillow ZIP-level market for Kings Beach; mapped with Census 2020 ZCTA 96143 in Placer County.,,,,
95663 Penryn,zcta,95663,Penryn,38.8573725,-121.1825262,908784,,2024-02-29,10,0,Zillow ZIP-level market for Penryn; mapped with Census 2020 ZCTA 95663 in Placer County.,,,,
96145 Tahoe City,zcta,96145,Tahoe City,39.1809984,-120.151396,1247259,,2024-02-29,10,0,Zillow ZIP-level market for Tahoe City; mapped with Census 2020 ZCTA 96145 in Placer County.,,,,
96146 Olympic Valley,zcta,96146,Olympic Valley,39.2158973,-120.2451697,1277607,,2024-02-29,10,0,Zillow ZIP-level market for Olympic Valley; mapped with Census 2020 ZCTA 96146 in Placer County.,,,,
95668 Pleasant Grove,zcta,95668,Pleasant Grove,38.8275549,-121.4951816,785975,,2024-02-29,10,0,Zillow ZIP-level market for Pleasant Grove; mapped with Census 2020 ZCTA 95668 in Placer County.,,,,
96148 Tahoe Vista,zcta,96148,Tahoe Vista,39.249777,-120.0575895,999146,,2024-02-29,10,0,Zillow ZIP-level market for Tahoe Vista; mapped with Census 2020 ZCTA 96148 in Placer County.,,,,
96140 Carnelian Bay,zcta,96140,Carnelian Bay,39.2320185,-120.0963996,1104871,,2024-02-29,10,0,Zillow ZIP-level market for Carnelian Bay; mapped with Census 2020 ZCTA 96140 in Placer County.,,,,
96142 Tahoma,zcta,96142,Tahoma,38.9986311,-120.1038814,882514,,2024-02-29,10,0,Zillow ZIP-level market for Tahoma; mapped with Census 2020 ZCTA 96142 in Placer County.,,,,
95703 Applegate,zcta,95703,Applegate,38.9890274,-120.9877751,548603,,2024-02-29,10,0,Zillow ZIP-level market for Applegate; mapped with Census 2020 ZCTA 95703 in Placer County.,,,,
95681 Sheridan,zcta,95681,Sheridan,38.9980915,-121.354198,528727,,2024-02-29,10,0,Zillow ZIP-level market for Sheridan; mapped with Census 2020 ZCTA 95681 in Placer County.,,,,
95701 Alta,zcta,95701,Alta,39.226549,-120.7670224,455117,,2024-02-29,10,0,Zillow ZIP-level market for Alta; mapped with Census 2020 ZCTA 95701 in Placer County.,,,,
95715 nan,zcta,95715,nan,39.2766508,-120.644012,346103,,2024-02-29,10,0,Zillow ZIP-level market for nan; mapped with Census 2020 ZCTA 95715 in Placer County.,,,,
95717 Gold Run,zcta,95717,Gold Run,39.1425937,-120.8426891,492975,,2024-02-29,10,0,Zillow ZIP-level market for Gold Run; mapped with Census 2020 ZCTA 95717 in Placer County.,,,,
95728 Soda Springs,zcta,95728,Soda Springs,39.2946534,-120.4014066,779498,,2024-02-29,10,0,Zillow ZIP-level market for Soda Springs; mapped with Census 2020 ZCTA 95728 in Placer County.,,,,
95714 Dutch Flat,zcta,95714,Dutch Flat,39.2011586,-120.8367976,406641,,2024-02-29,10,0,Zillow ZIP-level market for Dutch Flat; mapped with Census 2020 ZCTA 95714 in Placer County.,,,,
96141 Homewood,zcta,96141,Homewood,39.0989284,-120.2052313,1251932,,2024-02-29,10,0,Zillow ZIP-level market for Homewood; mapped with Census 2020 ZCTA 96141 in Placer County.,,,,
95747 Roseville,zcta,95747,Roseville,38.7784212,-121.3688294,668498,2720,2024-03-31,10,0,Zillow ZIP-level market for Roseville; mapped with Census 2020 ZCTA 95747 in Placer County.,,2720,Zillow ZORI,
95648 Lincoln,zcta,95648,Lincoln,38.9228115,-121.3120046,652946,2793,2024-03-31,10,0,Zillow ZIP-level market for Lincoln; mapped with Census 2020 ZCTA 95648 in Placer County.,,2793,Zillow ZORI,
95678 Roseville,zcta,95678,Roseville,38.7653528,-121.2884731,564355,2211,2024-03-31,10,0,Zillow ZIP-level market for Roseville; mapped with Census 2020 ZCTA 95678 in Placer County.,,2211,Zillow ZORI,
95765 Rocklin,zcta,95765,Rocklin,38.8197384,-121.2783211,747852,2418,2024-03-31,10,0,Zillow ZIP-level market for Rocklin; mapped with Census 2020 ZCTA 95765 in Placer County.,,2418,Zillow ZORI,
95661 Roseville,zcta,95661,Roseville,38.7412743,-121.2492663,685093,2084,2024-03-31,10,0,Zillow ZIP-level market for Roseville; mapped with Census 2020 ZCTA 95661 in Placer County.,,2084,Zillow ZORI,
95603 Auburn,zcta,95603,Auburn,38.911346,-121.0857601,624300,2069,2024-03-31,10,0,Zillow ZIP-level market for Auburn; mapped with Census 2020 ZCTA 95603 in Placer County.,,2069,Zillow ZORI,
95677 Rocklin,zcta,95677,Rocklin,38.79292,-121.232006,671506,2192,2024-03-31,10,0,Zillow ZIP-level market for Rocklin; mapped with Census 2020 ZCTA 95677 in Placer County.,,2192,Zillow ZORI,
95746 Granite Bay,zcta,95746,Granite Bay,38.7469238,-121.1664336,1118148,,2024-03-31,10,0,Zillow ZIP-level market for Granite Bay; mapped with Census 2020 ZCTA 95746 in Placer County.,,,,
95602 Auburn,zcta,95602,Auburn,38.9914911,-121.1035441,681003,,2024-03-31,10,0,Zillow ZIP-level market for Auburn; mapped with Census 2020 ZCTA 95602 in Placer County.,,,,
95650 Loomis,zcta,95650,Loomis,38.8091745,-121.171375,899743,,2024-03-31,10,0,Zillow ZIP-level market for Loomis; mapped with Census 2020 ZCTA 95650 in Placer County.,,,,
95713 Colfax,zcta,95713,Colfax,39.0813467,-120.9323895,489180,,2024-03-31,10,0,Zillow ZIP-level market for Colfax; mapped with Census 2020 ZCTA 95713 in Placer County.,,,,
95658 Newcastle,zcta,95658,Newcastle,38.8811828,-121.1690138,903759,,2024-03-31,10,0,Zillow ZIP-level market for Newcastle; mapped with Census 2020 ZCTA 95658 in Placer County.,,,,
95722 Meadow Vista,zcta,95722,Meadow Vista,39.0098006,-121.0347072,668362,,2024-03-31,10,0,Zillow ZIP-level market for Meadow Vista; mapped with Census 2020 ZCTA 95722 in Placer County.,,,,
95631 Foresthill,zcta,95631,Foresthill,39.0549436,-120.7539748,494902,,2024-03-31,10,0,Zillow ZIP-level market for Foresthill; mapped with Census 2020 ZCTA 95631 in Placer County.,,,,
96143 Kings Beach,zcta,96143,Kings Beach,39.2605746,-120.0262906,793628,,2024-03-31,10,0,Zillow ZIP-level market for Kings Beach; mapped with Census 2020 ZCTA 96143 in Placer County.,,,,
95663 Penryn,zcta,95663,Penryn,38.8573725,-121.1825262,913946,,2024-03-31,10,0,Zillow ZIP-level market for Penryn; mapped with Census 2020 ZCTA 95663 in Placer County.,,,,
96145 Tahoe City,zcta,96145,Tahoe City,39.1809984,-120.151396,1248422,,2024-03-31,10,0,Zillow ZIP-level market for Tahoe City; mapped with Census 2020 ZCTA 96145 in Placer County.,,,,
96146 Olympic Valley,zcta,96146,Olympic Valley,39.2158973,-120.2451697,1279411,,2024-03-31,10,0,Zillow ZIP-level market for Olympic Valley; mapped with Census 2020 ZCTA 96146 in Placer County.,,,,
95668 Pleasant Grove,zcta,95668,Pleasant Grove,38.8275549,-121.4951816,792541,,2024-03-31,10,0,Zillow ZIP-level market for Pleasant Grove; mapped with Census 2020 ZCTA 95668 in Placer County.,,,,
96148 Tahoe Vista,zcta,96148,Tahoe Vista,39.249777,-120.0575895,998537,,2024-03-31,10,0,Zillow ZIP-level market for Tahoe Vista; mapped with Census 2020 ZCTA 96148 in Placer County.,,,,
96140 Carnelian Bay,zcta,96140,Carnelian Bay,39.2320185,-120.0963996,1102582,,2024-03-31,10,0,Zillow ZIP-level market for Carnelian Bay; mapped with Census 2020 ZCTA 96140 in Placer County.,,,,
96142 Tahoma,zcta,96142,Tahoma,38.9986311,-120.1038814,882155,,2024-03-31,10,0,Zillow ZIP-level market for Tahoma; mapped with Census 2020 ZCTA 96142 in Placer County.,,,,
95703 Applegate,zcta,95703,Applegate,38.9890274,-120.9877751,548298,,2024-03-31,10,0,Zillow ZIP-level market for Applegate; mapped with Census 2020 ZCTA 95703 in Placer County.,,,,
95681 Sheridan,zcta,95681,Sheridan,38.9980915,-121.354198,532003,,2024-03-31,10,0,Zillow ZIP-level market for Sheridan; mapped with Census 2020 ZCTA 95681 in Placer County.,,,,
95701 Alta,zcta,95701,Alta,39.226549,-120.7670224,456025,,2024-03-31,10,0,Zillow ZIP-level market for Alta; mapped with Census 2020 ZCTA 95701 in Placer County.,,,,
95715 nan,zcta,95715,nan,39.2766508,-120.644012,345238,,2024-03-31,10,0,Zillow ZIP-level market for nan; mapped with Census 2020 ZCTA 95715 in Placer County.,,,,
95717 Gold Run,zcta,95717,Gold Run,39.1425937,-120.8426891,492001,,2024-03-31,10,0,Zillow ZIP-level market for Gold Run; mapped with Census 2020 ZCTA 95717 in Placer County.,,,,
95728 Soda Springs,zcta,95728,Soda Springs,39.2946534,-120.4014066,782332,,2024-03-31,10,0,Zillow ZIP-level market for Soda Springs; mapped with Census 2020 ZCTA 95728 in Placer County.,,,,
95714 Dutch Flat,zcta,95714,Dutch Flat,39.2011586,-120.8367976,406934,,2024-03-31,10,0,Zillow ZIP-level market for Dutch Flat; mapped with Census 2020 ZCTA 95714 in Placer County.,,,,
96141 Homewood,zcta,96141,Homewood,39.0989284,-120.2052313,1253116,,2024-03-31,10,0,Zillow ZIP-level market for Homewood; mapped with Census 2020 ZCTA 96141 in Placer County.,,,,
95747 Roseville,zcta,95747,Roseville,38.7784212,-121.3688294,672242,2728,2024-04-30,10,0,Zillow ZIP-level market for Roseville; mapped with Census 2020 ZCTA 95747 in Placer County.,,2728,Zillow ZORI,
95648 Lincoln,zcta,95648,Lincoln,38.9228115,-121.3120046,656279,2812,2024-04-30,10,0,Zillow ZIP-level market for Lincoln; mapped with Census 2020 ZCTA 95648 in Placer County.,,2812,Zillow ZORI,
95678 Roseville,zcta,95678,Roseville,38.7653528,-121.2884731,567229,2218,2024-04-30,10,0,Zillow ZIP-level market for Roseville; mapped with Census 2020 ZCTA 95678 in Placer County.,,2218,Zillow ZORI,
95765 Rocklin,zcta,95765,Rocklin,38.8197384,-121.2783211,751890,2420,2024-04-30,10,0,Zillow ZIP-level market for Rocklin; mapped with Census 2020 ZCTA 95765 in Placer County.,,2420,Zillow ZORI,
95661 Roseville,zcta,95661,Roseville,38.7412743,-121.2492663,688749,2095,2024-04-30,10,0,Zillow ZIP-level market for Roseville; mapped with Census 2020 ZCTA 95661 in Placer County.,,2095,Zillow ZORI,
95603 Auburn,zcta,95603,Auburn,38.911346,-121.0857601,628780,2070,2024-04-30,10,0,Zillow ZIP-level market for Auburn; mapped with Census 2020 ZCTA 95603 in Placer County.,,2070,Zillow ZORI,
95677 Rocklin,zcta,95677,Rocklin,38.79292,-121.232006,674794,2191,2024-04-30,10,0,Zillow ZIP-level market for Rocklin; mapped with Census 2020 ZCTA 95677 in Placer County.,,2191,Zillow ZORI,
95746 Granite Bay,zcta,95746,Granite Bay,38.7469238,-121.1664336,1127307,,2024-04-30,10,0,Zillow ZIP-level market for Granite Bay; mapped with Census 2020 ZCTA 95746 in Placer County.,,,,
95602 Auburn,zcta,95602,Auburn,38.9914911,-121.1035441,684941,,2024-04-30,10,0,Zillow ZIP-level market for Auburn; mapped with Census 2020 ZCTA 95602 in Placer County.,,,,
95650 Loomis,zcta,95650,Loomis,38.8091745,-121.171375,909004,,2024-04-30,10,0,Zillow ZIP-level market for Loomis; mapped with Census 2020 ZCTA 95650 in Placer County.,,,,
95713 Colfax,zcta,95713,Colfax,39.0813467,-120.9323895,491601,,2024-04-30,10,0,Zillow ZIP-level market for Colfax; mapped with Census 2020 ZCTA 95713 in Placer County.,,,,
95658 Newcastle,zcta,95658,Newcastle,38.8811828,-121.1690138,911016,,2024-04-30,10,0,Zillow ZIP-level market for Newcastle; mapped with Census 2020 ZCTA 95658 in Placer County.,,,,
95722 Meadow Vista,zcta,95722,Meadow Vista,39.0098006,-121.0347072,670380,,2024-04-30,10,0,Zillow ZIP-level market for Meadow Vista; mapped with Census 2020 ZCTA 95722 in Placer County.,,,,
95631 Foresthill,zcta,95631,Foresthill,39.0549436,-120.7539748,497926,,2024-04-30,10,0,Zillow ZIP-level market for Foresthill; mapped with Census 2020 ZCTA 95631 in Placer County.,,,,
96143 Kings Beach,zcta,96143,Kings Beach,39.2605746,-120.0262906,796972,,2024-04-30,10,0,Zillow ZIP-level market for Kings Beach; mapped with Census 2020 ZCTA 96143 in Placer County.,,,,
95663 Penryn,zcta,95663,Penryn,38.8573725,-121.1825262,923678,,2024-04-30,10,0,Zillow ZIP-level market for Penryn; mapped with Census 2020 ZCTA 95663 in Placer County.,,,,
96145 Tahoe City,zcta,96145,Tahoe City,39.1809984,-120.151396,1255494,,2024-04-30,10,0,Zillow ZIP-level market for Tahoe City; mapped with Census 2020 ZCTA 96145 in Placer County.,,,,
96146 Olympic Valley,zcta,96146,Olympic Valley,39.2158973,-120.2451697,1288485,,2024-04-30,10,0,Zillow ZIP-level market for Olympic Valley; mapped with Census 2020 ZCTA 96146 in Placer County.,,,,
95668 Pleasant Grove,zcta,95668,Pleasant Grove,38.8275549,-121.4951816,804896,,2024-04-30,10,0,Zillow ZIP-level market for Pleasant Grove; mapped with Census 2020 ZCTA 95668 in Placer County.,,,,
96148 Tahoe Vista,zcta,96148,Tahoe Vista,39.249777,-120.0575895,999618,,2024-04-30,10,0,Zillow ZIP-level market for Tahoe Vista; mapped with Census 2020 ZCTA 96148 in Placer County.,,,,
96140 Carnelian Bay,zcta,96140,Carnelian Bay,39.2320185,-120.0963996,1105620,,2024-04-30,10,0,Zillow ZIP-level market for Carnelian Bay; mapped with Census 2020 ZCTA 96140 in Placer County.,,,,
96142 Tahoma,zcta,96142,Tahoma,38.9986311,-120.1038814,884418,,2024-04-30,10,0,Zillow ZIP-level market for Tahoma; mapped with Census 2020 ZCTA 96142 in Placer County.,,,,
95703 Applegate,zcta,95703,Applegate,38.9890274,-120.9877751,550379,,2024-04-30,10,0,Zillow ZIP-level market for Applegate; mapped with Census 2020 ZCTA 95703 in Placer County.,,,,
95681 Sheridan,zcta,95681,Sheridan,38.9980915,-121.354198,538247,,2024-04-30,10,0,Zillow ZIP-level market for Sheridan; mapped with Census 2020 ZCTA 95681 in Placer County.,,,,
95701 Alta,zcta,95701,Alta,39.226549,-120.7670224,459546,,2024-04-30,10,0,Zillow ZIP-level market for Alta; mapped with Census 2020 ZCTA 95701 in Placer County.,,,,
95715 nan,zcta,95715,nan,39.2766508,-120.644012,346726,,2024-04-30,10,0,Zillow ZIP-level market for nan; mapped with Census 2020 ZCTA 95715 in Placer County.,,,,
95717 Gold Run,zcta,95717,Gold Run,39.1425937,-120.8426891,491590,,2024-04-30,10,0,Zillow ZIP-level market for Gold Run; mapped with Census 2020 ZCTA 95717 in Placer County.,,,,
95728 Soda Springs,zcta,95728,Soda Springs,39.2946534,-120.4014066,788866,,2024-04-30,10,0,Zillow ZIP-level market for Soda Springs; mapped with Census 2020 ZCTA 95728 in Placer County.,,,,
95714 Dutch Flat,zcta,95714,Dutch Flat,39.2011586,-120.8367976,409223,,2024-04-30,10,0,Zillow ZIP-level market for Dutch Flat; mapped with Census 2020 ZCTA 95714 in Placer County.,,,,
96141 Homewood,zcta,96141,Homewood,39.0989284,-120.2052313,1265051,,2024-04-30,10,0,Zillow ZIP-level market for Homewood; mapped with Census 2020 ZCTA 96141 in Placer County.,,,,
95747 Roseville,zcta,95747,Roseville,38.7784212,-121.3688294,675817,2752,2024-05-31,10,0,Zillow ZIP-level market for Roseville; mapped with Census 2020 ZCTA 95747 in Placer County.,,2752,Zillow ZORI,
95648 Lincoln,zcta,95648,Lincoln,38.9228115,-121.3120046,658675,2849,2024-05-31,10,0,Zillow ZIP-level market for Lincoln; mapped with Census 2020 ZCTA 95648 in Placer County.,,2849,Zillow ZORI,
95678 Roseville,zcta,95678,Roseville,38.7653528,-121.2884731,570211,2215,2024-05-31,10,0,Zillow ZIP-level market for Roseville; mapped with Census 2020 ZCTA 95678 in Placer County.,,2215,Zillow ZORI,
95765 Rocklin,zcta,95765,Rocklin,38.8197384,-121.2783211,755501,2459,2024-05-31,10,0,Zillow ZIP-level market for Rocklin; mapped with Census 2020 ZCTA 95765 in Placer County.,,2459,Zillow ZORI,
95661 Roseville,zcta,95661,Roseville,38.7412743,-121.2492663,693076,2126,2024-05-31,10,0,Zillow ZIP-level market for Roseville; mapped with Census 2020 ZCTA 95661 in Placer County.,,2126,Zillow ZORI,
95603 Auburn,zcta,95603,Auburn,38.911346,-121.0857601,632807,2131,2024-05-31,10,0,Zillow ZIP-level market for Auburn; mapped with Census 2020 ZCTA 95603 in Placer County.,,2131,Zillow ZORI,
95677 Rocklin,zcta,95677,Rocklin,38.79292,-121.232006,677471,2208,2024-05-31,10,0,Zillow ZIP-level market for Rocklin; mapped with Census 2020 ZCTA 95677 in Placer County.,,2208,Zillow ZORI,
95746 Granite Bay,zcta,95746,Granite Bay,38.7469238,-121.1664336,1135861,,2024-05-31,10,0,Zillow ZIP-level market for Granite Bay; mapped with Census 2020 ZCTA 95746 in Placer County.,,,,
95602 Auburn,zcta,95602,Auburn,38.9914911,-121.1035441,687526,,2024-05-31,10,0,Zillow ZIP-level market for Auburn; mapped with Census 2020 ZCTA 95602 in Placer County.,,,,
95650 Loomis,zcta,95650,Loomis,38.8091745,-121.171375,918109,,2024-05-31,10,0,Zillow ZIP-level market for Loomis; mapped with Census 2020 ZCTA 95650 in Placer County.,,,,
95713 Colfax,zcta,95713,Colfax,39.0813467,-120.9323895,494559,,2024-05-31,10,0,Zillow ZIP-level market for Colfax; mapped with Census 2020 ZCTA 95713 in Placer County.,,,,
95658 Newcastle,zcta,95658,Newcastle,38.8811828,-121.1690138,918269,,2024-05-31,10,0,Zillow ZIP-level market for Newcastle; mapped with Census 2020 ZCTA 95658 in Placer County.,,,,
95722 Meadow Vista,zcta,95722,Meadow Vista,39.0098006,-121.0347072,672387,,2024-05-31,10,0,Zillow ZIP-level market for Meadow Vista; mapped with Census 2020 ZCTA 95722 in Placer County.,,,,
95631 Foresthill,zcta,95631,Foresthill,39.0549436,-120.7539748,501243,,2024-05-31,10,0,Zillow ZIP-level market for Foresthill; mapped with Census 2020 ZCTA 95631 in Placer County.,,,,
96143 Kings Beach,zcta,96143,Kings Beach,39.2605746,-120.0262906,800433,,2024-05-31,10,0,Zillow ZIP-level market for Kings Beach; mapped with Census 2020 ZCTA 96143 in Placer County.,,,,
95663 Penryn,zcta,95663,Penryn,38.8573725,-121.1825262,931567,,2024-05-31,10,0,Zillow ZIP-level market for Penryn; mapped with Census 2020 ZCTA 95663 in Placer County.,,,,
96145 Tahoe City,zcta,96145,Tahoe City,39.1809984,-120.151396,1261030,,2024-05-31,10,0,Zillow ZIP-level market for Tahoe City; mapped with Census 2020 ZCTA 96145 in Placer County.,,,,
96146 Olympic Valley,zcta,96146,Olympic Valley,39.2158973,-120.2451697,1294054,,2024-05-31,10,0,Zillow ZIP-level market for Olympic Valley; mapped with Census 2020 ZCTA 96146 in Placer County.,,,,
95668 Pleasant Grove,zcta,95668,Pleasant Grove,38.8275549,-121.4951816,815371,,2024-05-31,10,0,Zillow ZIP-level market for Pleasant Grove; mapped with Census 2020 ZCTA 95668 in Placer County.,,,,
96148 Tahoe Vista,zcta,96148,Tahoe Vista,39.249777,-120.0575895,999890,,2024-05-31,10,0,Zillow ZIP-level market for Tahoe Vista; mapped with Census 2020 ZCTA 96148 in Placer County.,,,,
96140 Carnelian Bay,zcta,96140,Carnelian Bay,39.2320185,-120.0963996,1110478,,2024-05-31,10,0,Zillow ZIP-level market for Carnelian Bay; mapped with Census 2020 ZCTA 96140 in Placer County.,,,,
96142 Tahoma,zcta,96142,Tahoma,38.9986311,-120.1038814,885290,,2024-05-31,10,0,Zillow ZIP-level market for Tahoma; mapped with Census 2020 ZCTA 96142 in Placer County.,,,,
95703 Applegate,zcta,95703,Applegate,38.9890274,-120.9877751,552812,,2024-05-31,10,0,Zillow ZIP-level market for Applegate; mapped with Census 2020 ZCTA 95703 in Placer County.,,,,
95681 Sheridan,zcta,95681,Sheridan,38.9980915,-121.354198,543435,,2024-05-31,10,0,Zillow ZIP-level market for Sheridan; mapped with Census 2020 ZCTA 95681 in Placer County.,,,,
95701 Alta,zcta,95701,Alta,39.226549,-120.7670224,464078,,2024-05-31,10,0,Zillow ZIP-level market for Alta; mapped with Census 2020 ZCTA 95701 in Placer County.,,,,
95715 nan,zcta,95715,nan,39.2766508,-120.644012,349193,,2024-05-31,10,0,Zillow ZIP-level market for nan; mapped with Census 2020 ZCTA 95715 in Placer County.,,,,
95717 Gold Run,zcta,95717,Gold Run,39.1425937,-120.8426891,492934,,2024-05-31,10,0,Zillow ZIP-level market for Gold Run; mapped with Census 2020 ZCTA 95717 in Placer County.,,,,
95728 Soda Springs,zcta,95728,Soda Springs,39.2946534,-120.4014066,792797,,2024-05-31,10,0,Zillow ZIP-level market for Soda Springs; mapped with Census 2020 ZCTA 95728 in Placer County.,,,,
95714 Dutch Flat,zcta,95714,Dutch Flat,39.2011586,-120.8367976,413107,,2024-05-31,10,0,Zillow ZIP-level market for Dutch Flat; mapped with Census 2020 ZCTA 95714 in Placer County.,,,,
96141 Homewood,zcta,96141,Homewood,39.0989284,-120.2052313,1274618,,2024-05-31,10,0,Zillow ZIP-level market for Homewood; mapped with Census 2020 ZCTA 96141 in Placer County.,,,,
95747 Roseville,zcta,95747,Roseville,38.7784212,-121.3688294,677636,2782,2024-06-30,10,0,Zillow ZIP-level market for Roseville; mapped with Census 2020 ZCTA 95747 in Placer County.,,2782,Zillow ZORI,
95648 Lincoln,zcta,95648,Lincoln,38.9228115,-121.3120046,659283,2885,2024-06-30,10,0,Zillow ZIP-level market for Lincoln; mapped with Census 2020 ZCTA 95648 in Placer County.,,2885,Zillow ZORI,
95678 Roseville,zcta,95678,Roseville,38.7653528,-121.2884731,571623,2223,2024-06-30,10,0,Zillow ZIP-level market for Roseville; mapped with Census 2020 ZCTA 95678 in Placer County.,,2223,Zillow ZORI,
95765 Rocklin,zcta,95765,Rocklin,38.8197384,-121.2783211,756155,2490,2024-06-30,10,0,Zillow ZIP-level market for Rocklin; mapped with Census 2020 ZCTA 95765 in Placer County.,,2490,Zillow ZORI,
95661 Roseville,zcta,95661,Roseville,38.7412743,-121.2492663,695217,2165,2024-06-30,10,0,Zillow ZIP-level market for Roseville; mapped with Census 2020 ZCTA 95661 in Placer County.,,2165,Zillow ZORI,
95603 Auburn,zcta,95603,Auburn,38.911346,-121.0857601,634350,2135,2024-06-30,10,0,Zillow ZIP-level market for Auburn; mapped with Census 2020 ZCTA 95603 in Placer County.,,2135,Zillow ZORI,
95677 Rocklin,zcta,95677,Rocklin,38.79292,-121.232006,678287,2235,2024-06-30,10,0,Zillow ZIP-level market for Rocklin; mapped with Census 2020 ZCTA 95677 in Placer County.,,2235,Zillow ZORI,
95746 Granite Bay,zcta,95746,Granite Bay,38.7469238,-121.1664336,1137342,,2024-06-30,10,0,Zillow ZIP-level market for Granite Bay; mapped with Census 2020 ZCTA 95746 in Placer County.,,,,
95602 Auburn,zcta,95602,Auburn,38.9914911,-121.1035441,687705,,2024-06-30,10,0,Zillow ZIP-level market for Auburn; mapped with Census 2020 ZCTA 95602 in Placer County.,,,,
95650 Loomis,zcta,95650,Loomis,38.8091745,-121.171375,921881,,2024-06-30,10,0,Zillow ZIP-level market for Loomis; mapped with Census 2020 ZCTA 95650 in Placer County.,,,,
95713 Colfax,zcta,95713,Colfax,39.0813467,-120.9323895,494926,,2024-06-30,10,0,Zillow ZIP-level market for Colfax; mapped with Census 2020 ZCTA 95713 in Placer County.,,,,
95658 Newcastle,zcta,95658,Newcastle,38.8811828,-121.1690138,919987,,2024-06-30,10,0,Zillow ZIP-level market for Newcastle; mapped with Census 2020 ZCTA 95658 in Placer County.,,,,
95722 Meadow Vista,zcta,95722,Meadow Vista,39.0098006,-121.0347072,671991,,2024-06-30,10,0,Zillow ZIP-level market for Meadow Vista; mapped with Census 2020 ZCTA 95722 in Placer County.,,,,
95631 Foresthill,zcta,95631,Foresthill,39.0549436,-120.7539748,502408,,2024-06-30,10,0,Zillow ZIP-level market for Foresthill; mapped with Census 2020 ZCTA 95631 in Placer County.,,,,
96143 Kings Beach,zcta,96143,Kings Beach,39.2605746,-120.0262906,802028,,2024-06-30,10,0,Zillow ZIP-level market for Kings Beach; mapped with Census 2020 ZCTA 96143 in Placer County.,,,,
95663 Penryn,zcta,95663,Penryn,38.8573725,-121.1825262,934362,,2024-06-30,10,0,Zillow ZIP-level market for Penryn; mapped with Census 2020 ZCTA 95663 in Placer County.,,,,
96145 Tahoe City,zcta,96145,Tahoe City,39.1809984,-120.151396,1262438,,2024-06-30,10,0,Zillow ZIP-level market for Tahoe City; mapped with Census 2020 ZCTA 96145 in Placer County.,,,,
96146 Olympic Valley,zcta,96146,Olympic Valley,39.2158973,-120.2451697,1291285,,2024-06-30,10,0,Zillow ZIP-level market for Olympic Valley; mapped with Census 2020 ZCTA 96146 in Placer County.,,,,
95668 Pleasant Grove,zcta,95668,Pleasant Grove,38.8275549,-121.4951816,815162,,2024-06-30,10,0,Zillow ZIP-level market for Pleasant Grove; mapped with Census 2020 ZCTA 95668 in Placer County.,,,,
96148 Tahoe Vista,zcta,96148,Tahoe Vista,39.249777,-120.0575895,1000230,,2024-06-30,10,0,Zillow ZIP-level market for Tahoe Vista; mapped with Census 2020 ZCTA 96148 in Placer County.,,,,
96140 Carnelian Bay,zcta,96140,Carnelian Bay,39.2320185,-120.0963996,1109635,,2024-06-30,10,0,Zillow ZIP-level market for Carnelian Bay; mapped with Census 2020 ZCTA 96140 in Placer County.,,,,
96142 Tahoma,zcta,96142,Tahoma,38.9986311,-120.1038814,882148,,2024-06-30,10,0,Zillow ZIP-level market for Tahoma; mapped with Census 2020 ZCTA 96142 in Placer County.,,,,
95703 Applegate,zcta,95703,Applegate,38.9890274,-120.9877751,553123,,2024-06-30,10,0,Zillow ZIP-level market for Applegate; mapped with Census 2020 ZCTA 95703 in Placer County.,,,,
95681 Sheridan,zcta,95681,Sheridan,38.9980915,-121.354198,544330,,2024-06-30,10,0,Zillow ZIP-level market for Sheridan; mapped with Census 2020 ZCTA 95681 in Placer County.,,,,
95701 Alta,zcta,95701,Alta,39.226549,-120.7670224,465571,,2024-06-30,10,0,Zillow ZIP-level market for Alta; mapped with Census 2020 ZCTA 95701 in Placer County.,,,,
95715 nan,zcta,95715,nan,39.2766508,-120.644012,349905,,2024-06-30,10,0,Zillow ZIP-level market for nan; mapped with Census 2020 ZCTA 95715 in Placer County.,,,,
95717 Gold Run,zcta,95717,Gold Run,39.1425937,-120.8426891,493230,,2024-06-30,10,0,Zillow ZIP-level market for Gold Run; mapped with Census 2020 ZCTA 95717 in Placer County.,,,,
95728 Soda Springs,zcta,95728,Soda Springs,39.2946534,-120.4014066,792948,,2024-06-30,10,0,Zillow ZIP-level market for Soda Springs; mapped with Census 2020 ZCTA 95728 in Placer County.,,,,
95714 Dutch Flat,zcta,95714,Dutch Flat,39.2011586,-120.8367976,415219,,2024-06-30,10,0,Zillow ZIP-level market for Dutch Flat; mapped with Census 2020 ZCTA 95714 in Placer County.,,,,
96141 Homewood,zcta,96141,Homewood,39.0989284,-120.2052313,1276538,,2024-06-30,10,0,Zillow ZIP-level market for Homewood; mapped with Census 2020 ZCTA 96141 in Placer County.,,,,
95747 Roseville,zcta,95747,Roseville,38.7784212,-121.3688294,678486,2814,2024-07-31,10,0,Zillow ZIP-level market for Roseville; mapped with Census 2020 ZCTA 95747 in Placer County.,,2814,Zillow ZORI,
95648 Lincoln,zcta,95648,Lincoln,38.9228115,-121.3120046,659451,2902,2024-07-31,10,0,Zillow ZIP-level market for Lincoln; mapped with Census 2020 ZCTA 95648 in Placer County.,,2902,Zillow ZORI,
95678 Roseville,zcta,95678,Roseville,38.7653528,-121.2884731,572310,2252,2024-07-31,10,0,Zillow ZIP-level market for Roseville; mapped with Census 2020 ZCTA 95678 in Placer County.,,2252,Zillow ZORI,
95765 Rocklin,zcta,95765,Rocklin,38.8197384,-121.2783211,755570,2527,2024-07-31,10,0,Zillow ZIP-level market for Rocklin; mapped with Census 2020 ZCTA 95765 in Placer County.,,2527,Zillow ZORI,
95661 Roseville,zcta,95661,Roseville,38.7412743,-121.2492663,695712,2185,2024-07-31,10,0,Zillow ZIP-level market for Roseville; mapped with Census 2020 ZCTA 95661 in Placer County.,,2185,Zillow ZORI,
95603 Auburn,zcta,95603,Auburn,38.911346,-121.0857601,634104,2155,2024-07-31,10,0,Zillow ZIP-level market for Auburn; mapped with Census 2020 ZCTA 95603 in Placer County.,,2155,Zillow ZORI,
95677 Rocklin,zcta,95677,Rocklin,38.79292,-121.232006,678111,2264,2024-07-31,10,0,Zillow ZIP-level market for Rocklin; mapped with Census 2020 ZCTA 95677 in Placer County.,,2264,Zillow ZORI,
95746 Granite Bay,zcta,95746,Granite Bay,38.7469238,-121.1664336,1134595,,2024-07-31,10,0,Zillow ZIP-level market for Granite Bay; mapped with Census 2020 ZCTA 95746 in Placer County.,,,,
95602 Auburn,zcta,95602,Auburn,38.9914911,-121.1035441,686726,,2024-07-31,10,0,Zillow ZIP-level market for Auburn; mapped with Census 2020 ZCTA 95602 in Placer County.,,,,
95650 Loomis,zcta,95650,Loomis,38.8091745,-121.171375,922114,,2024-07-31,10,0,Zillow ZIP-level market for Loomis; mapped with Census 2020 ZCTA 95650 in Placer County.,,,,
95713 Colfax,zcta,95713,Colfax,39.0813467,-120.9323895,493680,,2024-07-31,10,0,Zillow ZIP-level market for Colfax; mapped with Census 2020 ZCTA 95713 in Placer County.,,,,
95658 Newcastle,zcta,95658,Newcastle,38.8811828,-121.1690138,917531,,2024-07-31,10,0,Zillow ZIP-level market for Newcastle; mapped with Census 2020 ZCTA 95658 in Placer County.,,,,
95722 Meadow Vista,zcta,95722,Meadow Vista,39.0098006,-121.0347072,670345,,2024-07-31,10,0,Zillow ZIP-level market for Meadow Vista; mapped with Census 2020 ZCTA 95722 in Placer County.,,,,
95631 Foresthill,zcta,95631,Foresthill,39.0549436,-120.7539748,501011,,2024-07-31,10,0,Zillow ZIP-level market for Foresthill; mapped with Census 2020 ZCTA 95631 in Placer County.,,,,
96143 Kings Beach,zcta,96143,Kings Beach,39.2605746,-120.0262906,803818,,2024-07-31,10,0,Zillow ZIP-level market for Kings Beach; mapped with Census 2020 ZCTA 96143 in Placer County.,,,,
95663 Penryn,zcta,95663,Penryn,38.8573725,-121.1825262,933505,,2024-07-31,10,0,Zillow ZIP-level market for Penryn; mapped with Census 2020 ZCTA 95663 in Placer County.,,,,
96145 Tahoe City,zcta,96145,Tahoe City,39.1809984,-120.151396,1262303,,2024-07-31,10,0,Zillow ZIP-level market for Tahoe City; mapped with Census 2020 ZCTA 96145 in Placer County.,,,,
96146 Olympic Valley,zcta,96146,Olympic Valley,39.2158973,-120.2451697,1284818,,2024-07-31,10,0,Zillow ZIP-level market for Olympic Valley; mapped with Census 2020 ZCTA 96146 in Placer County.,,,,
95668 Pleasant Grove,zcta,95668,Pleasant Grove,38.8275549,-121.4951816,811229,,2024-07-31,10,0,Zillow ZIP-level market for Pleasant Grove; mapped with Census 2020 ZCTA 95668 in Placer County.,,,,
96148 Tahoe Vista,zcta,96148,Tahoe Vista,39.249777,-120.0575895,1001237,,2024-07-31,10,0,Zillow ZIP-level market for Tahoe Vista; mapped with Census 2020 ZCTA 96148 in Placer County.,,,,
96140 Carnelian Bay,zcta,96140,Carnelian Bay,39.2320185,-120.0963996,1107182,,2024-07-31,10,0,Zillow ZIP-level market for Carnelian Bay; mapped with Census 2020 ZCTA 96140 in Placer County.,,,,
96142 Tahoma,zcta,96142,Tahoma,38.9986311,-120.1038814,878270,,2024-07-31,10,0,Zillow ZIP-level market for Tahoma; mapped with Census 2020 ZCTA 96142 in Placer County.,,,,
95703 Applegate,zcta,95703,Applegate,38.9890274,-120.9877751,550977,,2024-07-31,10,0,Zillow ZIP-level market for Applegate; mapped with Census 2020 ZCTA 95703 in Placer County.,,,,
95681 Sheridan,zcta,95681,Sheridan,38.9980915,-121.354198,542552,,2024-07-31,10,0,Zillow ZIP-level market for Sheridan; mapped with Census 2020 ZCTA 95681 in Placer County.,,,,
95701 Alta,zcta,95701,Alta,39.226549,-120.7670224,465828,,2024-07-31,10,0,Zillow ZIP-level market for Alta; mapped with Census 2020 ZCTA 95701 in Placer County.,,,,
95715 nan,zcta,95715,nan,39.2766508,-120.644012,349399,,2024-07-31,10,0,Zillow ZIP-level market for nan; mapped with Census 2020 ZCTA 95715 in Placer County.,,,,
95717 Gold Run,zcta,95717,Gold Run,39.1425937,-120.8426891,493639,,2024-07-31,10,0,Zillow ZIP-level market for Gold Run; mapped with Census 2020 ZCTA 95717 in Placer County.,,,,
95728 Soda Springs,zcta,95728,Soda Springs,39.2946534,-120.4014066,790252,,2024-07-31,10,0,Zillow ZIP-level market for Soda Springs; mapped with Census 2020 ZCTA 95728 in Placer County.,,,,
95714 Dutch Flat,zcta,95714,Dutch Flat,39.2011586,-120.8367976,415409,,2024-07-31,10,0,Zillow ZIP-level market for Dutch Flat; mapped with Census 2020 ZCTA 95714 in Placer County.,,,,
96141 Homewood,zcta,96141,Homewood,39.0989284,-120.2052313,1271260,,2024-07-31,10,0,Zillow ZIP-level market for Homewood; mapped with Census 2020 ZCTA 96141 in Placer County.,,,,
95747 Roseville,zcta,95747,Roseville,38.7784212,-121.3688294,678487,2829,2024-08-31,10,0,Zillow ZIP-level market for Roseville; mapped with Census 2020 ZCTA 95747 in Placer County.,,2829,Zillow ZORI,
95648 Lincoln,zcta,95648,Lincoln,38.9228115,-121.3120046,659116,2919,2024-08-31,10,0,Zillow ZIP-level market for Lincoln; mapped with Census 2020 ZCTA 95648 in Placer County.,,2919,Zillow ZORI,
95678 Roseville,zcta,95678,Roseville,38.7653528,-121.2884731,572281,2259,2024-08-31,10,0,Zillow ZIP-level market for Roseville; mapped with Census 2020 ZCTA 95678 in Placer County.,,2259,Zillow ZORI,
95765 Rocklin,zcta,95765,Rocklin,38.8197384,-121.2783211,754042,2510,2024-08-31,10,0,Zillow ZIP-level market for Rocklin; mapped with Census 2020 ZCTA 95765 in Placer County.,,2510,Zillow ZORI,
95661 Roseville,zcta,95661,Roseville,38.7412743,-121.2492663,696084,2173,2024-08-31,10,0,Zillow ZIP-level market for Roseville; mapped with Census 2020 ZCTA 95661 in Placer County.,,2173,Zillow ZORI,
95603 Auburn,zcta,95603,Auburn,38.911346,-121.0857601,633587,2136,2024-08-31,10,0,Zillow ZIP-level market for Auburn; mapped with Census 2020 ZCTA 95603 in Placer County.,,2136,Zillow ZORI,
95677 Rocklin,zcta,95677,Rocklin,38.79292,-121.232006,678230,2274,2024-08-31,10,0,Zillow ZIP-level market for Rocklin; mapped with Census 2020 ZCTA 95677 in Placer County.,,2274,Zillow ZORI,
95746 Granite Bay,zcta,95746,Granite Bay,38.7469238,-121.1664336,1129649,,2024-08-31,10,0,Zillow ZIP-level market for Granite Bay; mapped with Census 2020 ZCTA 95746 in Placer County.,,,,
95602 Auburn,zcta,95602,Auburn,38.9914911,-121.1035441,685443,,2024-08-31,10,0,Zillow ZIP-level market for Auburn; mapped with Census 2020 ZCTA 95602 in Placer County.,,,,
95650 Loomis,zcta,95650,Loomis,38.8091745,-121.171375,923234,,2024-08-31,10,0,Zillow ZIP-level market for Loomis; mapped with Census 2020 ZCTA 95650 in Placer County.,,,,
95713 Colfax,zcta,95713,Colfax,39.0813467,-120.9323895,491588,,2024-08-31,10,0,Zillow ZIP-level market for Colfax; mapped with Census 2020 ZCTA 95713 in Placer County.,,,,
95658 Newcastle,zcta,95658,Newcastle,38.8811828,-121.1690138,914479,,2024-08-31,10,0,Zillow ZIP-level market for Newcastle; mapped with Census 2020 ZCTA 95658 in Placer County.,,,,
95722 Meadow Vista,zcta,95722,Meadow Vista,39.0098006,-121.0347072,667302,,2024-08-31,10,0,Zillow ZIP-level market for Meadow Vista; mapped with Census 2020 ZCTA 95722 in Placer County.,,,,
95631 Foresthill,zcta,95631,Foresthill,39.0549436,-120.7539748,498629,,2024-08-31,10,0,Zillow ZIP-level market for Foresthill; mapped with Census 2020 ZCTA 95631 in Placer County.,,,,
96143 Kings Beach,zcta,96143,Kings Beach,39.2605746,-120.0262906,805589,,2024-08-31,10,0,Zillow ZIP-level market for Kings Beach; mapped with Census 2020 ZCTA 96143 in Placer County.,,,,
95663 Penryn,zcta,95663,Penryn,38.8573725,-121.1825262,933599,,2024-08-31,10,0,Zillow ZIP-level market for Penryn; mapped with Census 2020 ZCTA 95663 in Placer County.,,,,
96145 Tahoe City,zcta,96145,Tahoe City,39.1809984,-120.151396,1264634,,2024-08-31,10,0,Zillow ZIP-level market for Tahoe City; mapped with Census 2020 ZCTA 96145 in Placer County.,,,,
96146 Olympic Valley,zcta,96146,Olympic Valley,39.2158973,-120.2451697,1280912,,2024-08-31,10,0,Zillow ZIP-level market for Olympic Valley; mapped with Census 2020 ZCTA 96146 in Placer County.,,,,
95668 Pleasant Grove,zcta,95668,Pleasant Grove,38.8275549,-121.4951816,805186,,2024-08-31,10,0,Zillow ZIP-level market for Pleasant Grove; mapped with Census 2020 ZCTA 95668 in Placer County.,,,,
96148 Tahoe Vista,zcta,96148,Tahoe Vista,39.249777,-120.0575895,1005267,,2024-08-31,10,0,Zillow ZIP-level market for Tahoe Vista; mapped with Census 2020 ZCTA 96148 in Placer County.,,,,
96140 Carnelian Bay,zcta,96140,Carnelian Bay,39.2320185,-120.0963996,1109591,,2024-08-31,10,0,Zillow ZIP-level market for Carnelian Bay; mapped with Census 2020 ZCTA 96140 in Placer County.,,,,
96142 Tahoma,zcta,96142,Tahoma,38.9986311,-120.1038814,877828,,2024-08-31,10,0,Zillow ZIP-level market for Tahoma; mapped with Census 2020 ZCTA 96142 in Placer County.,,,,
95703 Applegate,zcta,95703,Applegate,38.9890274,-120.9877751,547848,,2024-08-31,10,0,Zillow ZIP-level market for Applegate; mapped with Census 2020 ZCTA 95703 in Placer County.,,,,
95681 Sheridan,zcta,95681,Sheridan,38.9980915,-121.354198,540545,,2024-08-31,10,0,Zillow ZIP-level market for Sheridan; mapped with Census 2020 ZCTA 95681 in Placer County.,,,,
95701 Alta,zcta,95701,Alta,39.226549,-120.7670224,465788,,2024-08-31,10,0,Zillow ZIP-level market for Alta; mapped with Census 2020 ZCTA 95701 in Placer County.,,,,
95715 nan,zcta,95715,nan,39.2766508,-120.644012,348509,,2024-08-31,10,0,Zillow ZIP-level market for nan; mapped with Census 2020 ZCTA 95715 in Placer County.,,,,
95717 Gold Run,zcta,95717,Gold Run,39.1425937,-120.8426891,494701,,2024-08-31,10,0,Zillow ZIP-level market for Gold Run; mapped with Census 2020 ZCTA 95717 in Placer County.,,,,
95728 Soda Springs,zcta,95728,Soda Springs,39.2946534,-120.4014066,785896,,2024-08-31,10,0,Zillow ZIP-level market for Soda Springs; mapped with Census 2020 ZCTA 95728 in Placer County.,,,,
95714 Dutch Flat,zcta,95714,Dutch Flat,39.2011586,-120.8367976,415925,,2024-08-31,10,0,Zillow ZIP-level market for Dutch Flat; mapped with Census 2020 ZCTA 95714 in Placer County.,,,,
96141 Homewood,zcta,96141,Homewood,39.0989284,-120.2052313,1267806,,2024-08-31,10,0,Zillow ZIP-level market for Homewood; mapped with Census 2020 ZCTA 96141 in Placer County.,,,,
95747 Roseville,zcta,95747,Roseville,38.7784212,-121.3688294,678949,2822,2024-09-30,10,0,Zillow ZIP-level market for Roseville; mapped with Census 2020 ZCTA 95747 in Placer County.,,2822,Zillow ZORI,
95648 Lincoln,zcta,95648,Lincoln,38.9228115,-121.3120046,659882,2893,2024-09-30,10,0,Zillow ZIP-level market for Lincoln; mapped with Census 2020 ZCTA 95648 in Placer County.,,2893,Zillow ZORI,
95678 Roseville,zcta,95678,Roseville,38.7653528,-121.2884731,572799,2262,2024-09-30,10,0,Zillow ZIP-level market for Roseville; mapped with Census 2020 ZCTA 95678 in Placer County.,,2262,Zillow ZORI,
95765 Rocklin,zcta,95765,Rocklin,38.8197384,-121.2783211,753139,2488,2024-09-30,10,0,Zillow ZIP-level market for Rocklin; mapped with Census 2020 ZCTA 95765 in Placer County.,,2488,Zillow ZORI,
95661 Roseville,zcta,95661,Roseville,38.7412743,-121.2492663,697549,2152,2024-09-30,10,0,Zillow ZIP-level market for Roseville; mapped with Census 2020 ZCTA 95661 in Placer County.,,2152,Zillow ZORI,
95603 Auburn,zcta,95603,Auburn,38.911346,-121.0857601,633576,2170,2024-09-30,10,0,Zillow ZIP-level market for Auburn; mapped with Census 2020 ZCTA 95603 in Placer County.,,2170,Zillow ZORI,
95677 Rocklin,zcta,95677,Rocklin,38.79292,-121.232006,678758,2266,2024-09-30,10,0,Zillow ZIP-level market for Rocklin; mapped with Census 2020 ZCTA 95677 in Placer County.,,2266,Zillow ZORI,
95746 Granite Bay,zcta,95746,Granite Bay,38.7469238,-121.1664336,1128008,,2024-09-30,10,0,Zillow ZIP-level market for Granite Bay; mapped with Census 2020 ZCTA 95746 in Placer County.,,,,
95602 Auburn,zcta,95602,Auburn,38.9914911,-121.1035441,683800,,2024-09-30,10,0,Zillow ZIP-level market for Auburn; mapped with Census 2020 ZCTA 95602 in Placer County.,,,,
95650 Loomis,zcta,95650,Loomis,38.8091745,-121.171375,924011,,2024-09-30,10,0,Zillow ZIP-level market for Loomis; mapped with Census 2020 ZCTA 95650 in Placer County.,,,,
95713 Colfax,zcta,95713,Colfax,39.0813467,-120.9323895,490525,,2024-09-30,10,0,Zillow ZIP-level market for Colfax; mapped with Census 2020 ZCTA 95713 in Placer County.,,,,
95658 Newcastle,zcta,95658,Newcastle,38.8811828,-121.1690138,913541,,2024-09-30,10,0,Zillow ZIP-level market for Newcastle; mapped with Census 2020 ZCTA 95658 in Placer County.,,,,
95722 Meadow Vista,zcta,95722,Meadow Vista,39.0098006,-121.0347072,666403,,2024-09-30,10,0,Zillow ZIP-level market for Meadow Vista; mapped with Census 2020 ZCTA 95722 in Placer County.,,,,
95631 Foresthill,zcta,95631,Foresthill,39.0549436,-120.7539748,497143,,2024-09-30,10,0,Zillow ZIP-level market for Foresthill; mapped with Census 2020 ZCTA 95631 in Placer County.,,,,
96143 Kings Beach,zcta,96143,Kings Beach,39.2605746,-120.0262906,808316,,2024-09-30,10,0,Zillow ZIP-level market for Kings Beach; mapped with Census 2020 ZCTA 96143 in Placer County.,,,,
95663 Penryn,zcta,95663,Penryn,38.8573725,-121.1825262,933597,,2024-09-30,10,0,Zillow ZIP-level market for Penryn; mapped with Census 2020 ZCTA 95663 in Placer County.,,,,
96145 Tahoe City,zcta,96145,Tahoe City,39.1809984,-120.151396,1272880,,2024-09-30,10,0,Zillow ZIP-level market for Tahoe City; mapped with Census 2020 ZCTA 96145 in Placer County.,,,,
96146 Olympic Valley,zcta,96146,Olympic Valley,39.2158973,-120.2451697,1281690,,2024-09-30,10,0,Zillow ZIP-level market for Olympic Valley; mapped with Census 2020 ZCTA 96146 in Placer County.,,,,
95668 Pleasant Grove,zcta,95668,Pleasant Grove,38.8275549,-121.4951816,803043,,2024-09-30,10,0,Zillow ZIP-level market for Pleasant Grove; mapped with Census 2020 ZCTA 95668 in Placer County.,,,,
96148 Tahoe Vista,zcta,96148,Tahoe Vista,39.249777,-120.0575895,1009302,,2024-09-30,10,0,Zillow ZIP-level market for Tahoe Vista; mapped with Census 2020 ZCTA 96148 in Placer County.,,,,
96140 Carnelian Bay,zcta,96140,Carnelian Bay,39.2320185,-120.0963996,1116245,,2024-09-30,10,0,Zillow ZIP-level market for Carnelian Bay; mapped with Census 2020 ZCTA 96140 in Placer County.,,,,
96142 Tahoma,zcta,96142,Tahoma,38.9986311,-120.1038814,879309,,2024-09-30,10,0,Zillow ZIP-level market for Tahoma; mapped with Census 2020 ZCTA 96142 in Placer County.,,,,
95703 Applegate,zcta,95703,Applegate,38.9890274,-120.9877751,545632,,2024-09-30,10,0,Zillow ZIP-level market for Applegate; mapped with Census 2020 ZCTA 95703 in Placer County.,,,,
95681 Sheridan,zcta,95681,Sheridan,38.9980915,-121.354198,539285,,2024-09-30,10,0,Zillow ZIP-level market for Sheridan; mapped with Census 2020 ZCTA 95681 in Placer County.,,,,
95701 Alta,zcta,95701,Alta,39.226549,-120.7670224,466973,,2024-09-30,10,0,Zillow ZIP-level market for Alta; mapped with Census 2020 ZCTA 95701 in Placer County.,,,,
95715 nan,zcta,95715,nan,39.2766508,-120.644012,348077,,2024-09-30,10,0,Zillow ZIP-level market for nan; mapped with Census 2020 ZCTA 95715 in Placer County.,,,,
95717 Gold Run,zcta,95717,Gold Run,39.1425937,-120.8426891,496002,,2024-09-30,10,0,Zillow ZIP-level market for Gold Run; mapped with Census 2020 ZCTA 95717 in Placer County.,,,,
95728 Soda Springs,zcta,95728,Soda Springs,39.2946534,-120.4014066,783611,,2024-09-30,10,0,Zillow ZIP-level market for Soda Springs; mapped with Census 2020 ZCTA 95728 in Placer County.,,,,
95714 Dutch Flat,zcta,95714,Dutch Flat,39.2011586,-120.8367976,417092,,2024-09-30,10,0,Zillow ZIP-level market for Dutch Flat; mapped with Census 2020 ZCTA 95714 in Placer County.,,,,
96141 Homewood,zcta,96141,Homewood,39.0989284,-120.2052313,1267546,,2024-09-30,10,0,Zillow ZIP-level market for Homewood; mapped with Census 2020 ZCTA 96141 in Placer County.,,,,
95747 Roseville,zcta,95747,Roseville,38.7784212,-121.3688294,679543,2822,2024-10-31,10,0,Zillow ZIP-level market for Roseville; mapped with Census 2020 ZCTA 95747 in Placer County.,,2822,Zillow ZORI,
95648 Lincoln,zcta,95648,Lincoln,38.9228115,-121.3120046,660387,2876,2024-10-31,10,0,Zillow ZIP-level market for Lincoln; mapped with Census 2020 ZCTA 95648 in Placer County.,,2876,Zillow ZORI,
95678 Roseville,zcta,95678,Roseville,38.7653528,-121.2884731,573248,2240,2024-10-31,10,0,Zillow ZIP-level market for Roseville; mapped with Census 2020 ZCTA 95678 in Placer County.,,2240,Zillow ZORI,
95765 Rocklin,zcta,95765,Rocklin,38.8197384,-121.2783211,752416,2457,2024-10-31,10,0,Zillow ZIP-level market for Rocklin; mapped with Census 2020 ZCTA 95765 in Placer County.,,2457,Zillow ZORI,
95661 Roseville,zcta,95661,Roseville,38.7412743,-121.2492663,699213,2141,2024-10-31,10,0,Zillow ZIP-level market for Roseville; mapped with Census 2020 ZCTA 95661 in Placer County.,,2141,Zillow ZORI,
95603 Auburn,zcta,95603,Auburn,38.911346,-121.0857601,633960,2138,2024-10-31,10,0,Zillow ZIP-level market for Auburn; mapped with Census 2020 ZCTA 95603 in Placer County.,,2138,Zillow ZORI,
95677 Rocklin,zcta,95677,Rocklin,38.79292,-121.232006,679250,2245,2024-10-31,10,0,Zillow ZIP-level market for Rocklin; mapped with Census 2020 ZCTA 95677 in Placer County.,,2245,Zillow ZORI,
95746 Granite Bay,zcta,95746,Granite Bay,38.7469238,-121.1664336,1129250,,2024-10-31,10,0,Zillow ZIP-level market for Granite Bay; mapped with Census 2020 ZCTA 95746 in Placer County.,,,,
95602 Auburn,zcta,95602,Auburn,38.9914911,-121.1035441,682505,,2024-10-31,10,0,Zillow ZIP-level market for Auburn; mapped with Census 2020 ZCTA 95602 in Placer County.,,,,
95650 Loomis,zcta,95650,Loomis,38.8091745,-121.171375,925548,,2024-10-31,10,0,Zillow ZIP-level market for Loomis; mapped with Census 2020 ZCTA 95650 in Placer County.,,,,
95713 Colfax,zcta,95713,Colfax,39.0813467,-120.9323895,491300,,2024-10-31,10,0,Zillow ZIP-level market for Colfax; mapped with Census 2020 ZCTA 95713 in Placer County.,,,,
95658 Newcastle,zcta,95658,Newcastle,38.8811828,-121.1690138,914829,,2024-10-31,10,0,Zillow ZIP-level market for Newcastle; mapped with Census 2020 ZCTA 95658 in Placer County.,,,,
95722 Meadow Vista,zcta,95722,Meadow Vista,39.0098006,-121.0347072,666810,,2024-10-31,10,0,Zillow ZIP-level market for Meadow Vista; mapped with Census 2020 ZCTA 95722 in Placer County.,,,,
95631 Foresthill,zcta,95631,Foresthill,39.0549436,-120.7539748,497014,,2024-10-31,10,0,Zillow ZIP-level market for Foresthill; mapped with Census 2020 ZCTA 95631 in Placer County.,,,,
96143 Kings Beach,zcta,96143,Kings Beach,39.2605746,-120.0262906,809668,,2024-10-31,10,0,Zillow ZIP-level market for Kings Beach; mapped with Census 2020 ZCTA 96143 in Placer County.,,,,
95663 Penryn,zcta,95663,Penryn,38.8573725,-121.1825262,935051,,2024-10-31,10,0,Zillow ZIP-level market for Penryn; mapped with Census 2020 ZCTA 95663 in Placer County.,,,,
96145 Tahoe City,zcta,96145,Tahoe City,39.1809984,-120.151396,1282082,,2024-10-31,10,0,Zillow ZIP-level market for Tahoe City; mapped with Census 2020 ZCTA 96145 in Placer County.,,,,
96146 Olympic Valley,zcta,96146,Olympic Valley,39.2158973,-120.2451697,1281928,,2024-10-31,10,0,Zillow ZIP-level market for Olympic Valley; mapped with Census 2020 ZCTA 96146 in Placer County.,,,,
95668 Pleasant Grove,zcta,95668,Pleasant Grove,38.8275549,-121.4951816,802918,,2024-10-31,10,0,Zillow ZIP-level market for Pleasant Grove; mapped with Census 2020 ZCTA 95668 in Placer County.,,,,
96148 Tahoe Vista,zcta,96148,Tahoe Vista,39.249777,-120.0575895,1013182,,2024-10-31,10,0,Zillow ZIP-level market for Tahoe Vista; mapped with Census 2020 ZCTA 96148 in Placer County.,,,,
96140 Carnelian Bay,zcta,96140,Carnelian Bay,39.2320185,-120.0963996,1125070,,2024-10-31,10,0,Zillow ZIP-level market for Carnelian Bay; mapped with Census 2020 ZCTA 96140 in Placer County.,,,,
96142 Tahoma,zcta,96142,Tahoma,38.9986311,-120.1038814,880109,,2024-10-31,10,0,Zillow ZIP-level market for Tahoma; mapped with Census 2020 ZCTA 96142 in Placer County.,,,,
95703 Applegate,zcta,95703,Applegate,38.9890274,-120.9877751,544446,,2024-10-31,10,0,Zillow ZIP-level market for Applegate; mapped with Census 2020 ZCTA 95703 in Placer County.,,,,
95681 Sheridan,zcta,95681,Sheridan,38.9980915,-121.354198,539422,,2024-10-31,10,0,Zillow ZIP-level market for Sheridan; mapped with Census 2020 ZCTA 95681 in Placer County.,,,,
95701 Alta,zcta,95701,Alta,39.226549,-120.7670224,468049,,2024-10-31,10,0,Zillow ZIP-level market for Alta; mapped with Census 2020 ZCTA 95701 in Placer County.,,,,
95715 nan,zcta,95715,nan,39.2766508,-120.644012,348372,,2024-10-31,10,0,Zillow ZIP-level market for nan; mapped with Census 2020 ZCTA 95715 in Placer County.,,,,
95717 Gold Run,zcta,95717,Gold Run,39.1425937,-120.8426891,497890,,2024-10-31,10,0,Zillow ZIP-level market for Gold Run; mapped with Census 2020 ZCTA 95717 in Placer County.,,,,
95728 Soda Springs,zcta,95728,Soda Springs,39.2946534,-120.4014066,782620,,2024-10-31,10,0,Zillow ZIP-level market for Soda Springs; mapped with Census 2020 ZCTA 95728 in Placer County.,,,,
95714 Dutch Flat,zcta,95714,Dutch Flat,39.2011586,-120.8367976,418899,,2024-10-31,10,0,Zillow ZIP-level market for Dutch Flat; mapped with Census 2020 ZCTA 95714 in Placer County.,,,,
96141 Homewood,zcta,96141,Homewood,39.0989284,-120.2052313,1265366,,2024-10-31,10,0,Zillow ZIP-level market for Homewood; mapped with Census 2020 ZCTA 96141 in Placer County.,,,,
95747 Roseville,zcta,95747,Roseville,38.7784212,-121.3688294,680926,2806,2024-11-30,10,0,Zillow ZIP-level market for Roseville; mapped with Census 2020 ZCTA 95747 in Placer County.,,2806,Zillow ZORI,
95648 Lincoln,zcta,95648,Lincoln,38.9228115,-121.3120046,661821,2859,2024-11-30,10,0,Zillow ZIP-level market for Lincoln; mapped with Census 2020 ZCTA 95648 in Placer County.,,2859,Zillow ZORI,
95678 Roseville,zcta,95678,Roseville,38.7653528,-121.2884731,574627,2262,2024-11-30,10,0,Zillow ZIP-level market for Roseville; mapped with Census 2020 ZCTA 95678 in Placer County.,,2262,Zillow ZORI,
95765 Rocklin,zcta,95765,Rocklin,38.8197384,-121.2783211,752438,2449,2024-11-30,10,0,Zillow ZIP-level market for Rocklin; mapped with Census 2020 ZCTA 95765 in Placer County.,,2449,Zillow ZORI,
95661 Roseville,zcta,95661,Roseville,38.7412743,-121.2492663,701650,2125,2024-11-30,10,0,Zillow ZIP-level market for Roseville; mapped with Census 2020 ZCTA 95661 in Placer County.,,2125,Zillow ZORI,
95603 Auburn,zcta,95603,Auburn,38.911346,-121.0857601,635646,2120,2024-11-30,10,0,Zillow ZIP-level market for Auburn; mapped with Census 2020 ZCTA 95603 in Placer County.,,2120,Zillow ZORI,
95677 Rocklin,zcta,95677,Rocklin,38.79292,-121.232006,680377,2220,2024-11-30,10,0,Zillow ZIP-level market for Rocklin; mapped with Census 2020 ZCTA 95677 in Placer County.,,2220,Zillow ZORI,
95746 Granite Bay,zcta,95746,Granite Bay,38.7469238,-121.1664336,1134105,,2024-11-30,10,0,Zillow ZIP-level market for Granite Bay; mapped with Census 2020 ZCTA 95746 in Placer County.,,,,
95602 Auburn,zcta,95602,Auburn,38.9914911,-121.1035441,681920,,2024-11-30,10,0,Zillow ZIP-level market for Auburn; mapped with Census 2020 ZCTA 95602 in Placer County.,,,,
95650 Loomis,zcta,95650,Loomis,38.8091745,-121.171375,927384,,2024-11-30,10,0,Zillow ZIP-level market for Loomis; mapped with Census 2020 ZCTA 95650 in Placer County.,,,,
95713 Colfax,zcta,95713,Colfax,39.0813467,-120.9323895,493566,,2024-11-30,10,0,Zillow ZIP-level market for Colfax; mapped with Census 2020 ZCTA 95713 in Placer County.,,,,
95658 Newcastle,zcta,95658,Newcastle,38.8811828,-121.1690138,919054,,2024-11-30,10,0,Zillow ZIP-level market for Newcastle; mapped with Census 2020 ZCTA 95658 in Placer County.,,,,
95722 Meadow Vista,zcta,95722,Meadow Vista,39.0098006,-121.0347072,668723,,2024-11-30,10,0,Zillow ZIP-level market for Meadow Vista; mapped with Census 2020 ZCTA 95722 in Placer County.,,,,
95631 Foresthill,zcta,95631,Foresthill,39.0549436,-120.7539748,498236,,2024-11-30,10,0,Zillow ZIP-level market for Foresthill; mapped with Census 2020 ZCTA 95631 in Placer County.,,,,
96143 Kings Beach,zcta,96143,Kings Beach,39.2605746,-120.0262906,812303,,2024-11-30,10,0,Zillow ZIP-level market for Kings Beach; mapped with Census 2020 ZCTA 96143 in Placer County.,,,,
95663 Penryn,zcta,95663,Penryn,38.8573725,-121.1825262,938699,,2024-11-30,10,0,Zillow ZIP-level market for Penryn; mapped with Census 2020 ZCTA 95663 in Placer County.,,,,
96145 Tahoe City,zcta,96145,Tahoe City,39.1809984,-120.151396,1290487,,2024-11-30,10,0,Zillow ZIP-level market for Tahoe City; mapped with Census 2020 ZCTA 96145 in Placer County.,,,,
96146 Olympic Valley,zcta,96146,Olympic Valley,39.2158973,-120.2451697,1283062,,2024-11-30,10,0,Zillow ZIP-level market for Olympic Valley; mapped with Census 2020 ZCTA 96146 in Placer County.,,,,
95668 Pleasant Grove,zcta,95668,Pleasant Grove,38.8275549,-121.4951816,806487,,2024-11-30,10,0,Zillow ZIP-level market for Pleasant Grove; mapped with Census 2020 ZCTA 95668 in Placer County.,,,,
96148 Tahoe Vista,zcta,96148,Tahoe Vista,39.249777,-120.0575895,1014763,,2024-11-30,10,0,Zillow ZIP-level market for Tahoe Vista; mapped with Census 2020 ZCTA 96148 in Placer County.,,,,
96140 Carnelian Bay,zcta,96140,Carnelian Bay,39.2320185,-120.0963996,1133989,,2024-11-30,10,0,Zillow ZIP-level market for Carnelian Bay; mapped with Census 2020 ZCTA 96140 in Placer County.,,,,
96142 Tahoma,zcta,96142,Tahoma,38.9986311,-120.1038814,879478,,2024-11-30,10,0,Zillow ZIP-level market for Tahoma; mapped with Census 2020 ZCTA 96142 in Placer County.,,,,
95703 Applegate,zcta,95703,Applegate,38.9890274,-120.9877751,544464,,2024-11-30,10,0,Zillow ZIP-level market for Applegate; mapped with Census 2020 ZCTA 95703 in Placer County.,,,,
95681 Sheridan,zcta,95681,Sheridan,38.9980915,-121.354198,540864,,2024-11-30,10,0,Zillow ZIP-level market for Sheridan; mapped with Census 2020 ZCTA 95681 in Placer County.,,,,
95701 Alta,zcta,95701,Alta,39.226549,-120.7670224,469011,,2024-11-30,10,0,Zillow ZIP-level market for Alta; mapped with Census 2020 ZCTA 95701 in Placer County.,,,,
95715 nan,zcta,95715,nan,39.2766508,-120.644012,350705,,2024-11-30,10,0,Zillow ZIP-level market for nan; mapped with Census 2020 ZCTA 95715 in Placer County.,,,,
95717 Gold Run,zcta,95717,Gold Run,39.1425937,-120.8426891,498572,,2024-11-30,10,0,Zillow ZIP-level market for Gold Run; mapped with Census 2020 ZCTA 95717 in Placer County.,,,,
95728 Soda Springs,zcta,95728,Soda Springs,39.2946534,-120.4014066,782671,,2024-11-30,10,0,Zillow ZIP-level market for Soda Springs; mapped with Census 2020 ZCTA 95728 in Placer County.,,,,
95714 Dutch Flat,zcta,95714,Dutch Flat,39.2011586,-120.8367976,420433,,2024-11-30,10,0,Zillow ZIP-level market for Dutch Flat; mapped with Census 2020 ZCTA 95714 in Placer County.,,,,
96141 Homewood,zcta,96141,Homewood,39.0989284,-120.2052313,1264794,,2024-11-30,10,0,Zillow ZIP-level market for Homewood; mapped with Census 2020 ZCTA 96141 in Placer County.,,,,
95747 Roseville,zcta,95747,Roseville,38.7784212,-121.3688294,681824,2789,2024-12-31,10,0,Zillow ZIP-level market for Roseville; mapped with Census 2020 ZCTA 95747 in Placer County.,,2789,Zillow ZORI,
95648 Lincoln,zcta,95648,Lincoln,38.9228115,-121.3120046,662410,2843,2024-12-31,10,0,Zillow ZIP-level market for Lincoln; mapped with Census 2020 ZCTA 95648 in Placer County.,,2843,Zillow ZORI,
95678 Roseville,zcta,95678,Roseville,38.7653528,-121.2884731,575954,2269,2024-12-31,10,0,Zillow ZIP-level market for Roseville; mapped with Census 2020 ZCTA 95678 in Placer County.,,2269,Zillow ZORI,
95765 Rocklin,zcta,95765,Rocklin,38.8197384,-121.2783211,752190,2458,2024-12-31,10,0,Zillow ZIP-level market for Rocklin; mapped with Census 2020 ZCTA 95765 in Placer County.,,2458,Zillow ZORI,
95661 Roseville,zcta,95661,Roseville,38.7412743,-121.2492663,704161,2115,2024-12-31,10,0,Zillow ZIP-level market for Roseville; mapped with Census 2020 ZCTA 95661 in Placer County.,,2115,Zillow ZORI,
95603 Auburn,zcta,95603,Auburn,38.911346,-121.0857601,637981,2098,2024-12-31,10,0,Zillow ZIP-level market for Auburn; mapped with Census 2020 ZCTA 95603 in Placer County.,,2098,Zillow ZORI,
95677 Rocklin,zcta,95677,Rocklin,38.79292,-121.232006,681892,2198,2024-12-31,10,0,Zillow ZIP-level market for Rocklin; mapped with Census 2020 ZCTA 95677 in Placer County.,,2198,Zillow ZORI,
95746 Granite Bay,zcta,95746,Granite Bay,38.7469238,-121.1664336,1139277,,2024-12-31,10,0,Zillow ZIP-level market for Granite Bay; mapped with Census 2020 ZCTA 95746 in Placer County.,,,,
95602 Auburn,zcta,95602,Auburn,38.9914911,-121.1035441,682889,,2024-12-31,10,0,Zillow ZIP-level market for Auburn; mapped with Census 2020 ZCTA 95602 in Placer County.,,,,
95650 Loomis,zcta,95650,Loomis,38.8091745,-121.171375,930679,,2024-12-31,10,0,Zillow ZIP-level market for Loomis; mapped with Census 2020 ZCTA 95650 in Placer County.,,,,
95713 Colfax,zcta,95713,Colfax,39.0813467,-120.9323895,497273,,2024-12-31,10,0,Zillow ZIP-level market for Colfax; mapped with Census 2020 ZCTA 95713 in Placer County.,,,,
95658 Newcastle,zcta,95658,Newcastle,38.8811828,-121.1690138,925545,,2024-12-31,10,0,Zillow ZIP-level market for Newcastle; mapped with Census 2020 ZCTA 95658 in Placer County.,,,,
95722 Meadow Vista,zcta,95722,Meadow Vista,39.0098006,-121.0347072,670265,,2024-12-31,10,0,Zillow ZIP-level market for Meadow Vista; mapped with Census 2020 ZCTA 95722 in Placer County.,,,,
95631 Foresthill,zcta,95631,Foresthill,39.0549436,-120.7539748,500184,,2024-12-31,10,0,Zillow ZIP-level market for Foresthill; mapped with Census 2020 ZCTA 95631 in Placer County.,,,,
96143 Kings Beach,zcta,96143,Kings Beach,39.2605746,-120.0262906,817237,,2024-12-31,10,0,Zillow ZIP-level market for Kings Beach; mapped with Census 2020 ZCTA 96143 in Placer County.,,,,
95663 Penryn,zcta,95663,Penryn,38.8573725,-121.1825262,945993,,2024-12-31,10,0,Zillow ZIP-level market for Penryn; mapped with Census 2020 ZCTA 95663 in Placer County.,,,,
96145 Tahoe City,zcta,96145,Tahoe City,39.1809984,-120.151396,1295957,,2024-12-31,10,0,Zillow ZIP-level market for Tahoe City; mapped with Census 2020 ZCTA 96145 in Placer County.,,,,
96146 Olympic Valley,zcta,96146,Olympic Valley,39.2158973,-120.2451697,1282691,,2024-12-31,10,0,Zillow ZIP-level market for Olympic Valley; mapped with Census 2020 ZCTA 96146 in Placer County.,,,,
95668 Pleasant Grove,zcta,95668,Pleasant Grove,38.8275549,-121.4951816,809422,,2024-12-31,10,0,Zillow ZIP-level market for Pleasant Grove; mapped with Census 2020 ZCTA 95668 in Placer County.,,,,
96148 Tahoe Vista,zcta,96148,Tahoe Vista,39.249777,-120.0575895,1013734,,2024-12-31,10,0,Zillow ZIP-level market for Tahoe Vista; mapped with Census 2020 ZCTA 96148 in Placer County.,,,,
96140 Carnelian Bay,zcta,96140,Carnelian Bay,39.2320185,-120.0963996,1141036,,2024-12-31,10,0,Zillow ZIP-level market for Carnelian Bay; mapped with Census 2020 ZCTA 96140 in Placer County.,,,,
96142 Tahoma,zcta,96142,Tahoma,38.9986311,-120.1038814,879447,,2024-12-31,10,0,Zillow ZIP-level market for Tahoma; mapped with Census 2020 ZCTA 96142 in Placer County.,,,,
95703 Applegate,zcta,95703,Applegate,38.9890274,-120.9877751,544815,,2024-12-31,10,0,Zillow ZIP-level market for Applegate; mapped with Census 2020 ZCTA 95703 in Placer County.,,,,
95681 Sheridan,zcta,95681,Sheridan,38.9980915,-121.354198,545055,,2024-12-31,10,0,Zillow ZIP-level market for Sheridan; mapped with Census 2020 ZCTA 95681 in Placer County.,,,,
95701 Alta,zcta,95701,Alta,39.226549,-120.7670224,470688,,2024-12-31,10,0,Zillow ZIP-level market for Alta; mapped with Census 2020 ZCTA 95701 in Placer County.,,,,
95715 nan,zcta,95715,nan,39.2766508,-120.644012,356274,,2024-12-31,10,0,Zillow ZIP-level market for nan; mapped with Census 2020 ZCTA 95715 in Placer County.,,,,
95717 Gold Run,zcta,95717,Gold Run,39.1425937,-120.8426891,500197,,2024-12-31,10,0,Zillow ZIP-level market for Gold Run; mapped with Census 2020 ZCTA 95717 in Placer County.,,,,
95728 Soda Springs,zcta,95728,Soda Springs,39.2946534,-120.4014066,781035,,2024-12-31,10,0,Zillow ZIP-level market for Soda Springs; mapped with Census 2020 ZCTA 95728 in Placer County.,,,,
95714 Dutch Flat,zcta,95714,Dutch Flat,39.2011586,-120.8367976,422675,,2024-12-31,10,0,Zillow ZIP-level market for Dutch Flat; mapped with Census 2020 ZCTA 95714 in Placer County.,,,,
96141 Homewood,zcta,96141,Homewood,39.0989284,-120.2052313,1266226,,2024-12-31,10,0,Zillow ZIP-level market for Homewood; mapped with Census 2020 ZCTA 96141 in Placer County.,,,,
95747 Roseville,zcta,95747,Roseville,38.7784212,-121.3688294,682391,2756,2025-01-31,10,0,Zillow ZIP-level market for Roseville; mapped with Census 2020 ZCTA 95747 in Placer County.,,2756,Zillow ZORI,
95648 Lincoln,zcta,95648,Lincoln,38.9228115,-121.3120046,662656,2860,2025-01-31,10,0,Zillow ZIP-level market for Lincoln; mapped with Census 2020 ZCTA 95648 in Placer County.,,2860,Zillow ZORI,
95678 Roseville,zcta,95678,Roseville,38.7653528,-121.2884731,577152,2288,2025-01-31,10,0,Zillow ZIP-level market for Roseville; mapped with Census 2020 ZCTA 95678 in Placer County.,,2288,Zillow ZORI,
95765 Rocklin,zcta,95765,Rocklin,38.8197384,-121.2783211,751579,2459,2025-01-31,10,0,Zillow ZIP-level market for Rocklin; mapped with Census 2020 ZCTA 95765 in Placer County.,,2459,Zillow ZORI,
95661 Roseville,zcta,95661,Roseville,38.7412743,-121.2492663,706383,2101,2025-01-31,10,0,Zillow ZIP-level market for Roseville; mapped with Census 2020 ZCTA 95661 in Placer County.,,2101,Zillow ZORI,
95603 Auburn,zcta,95603,Auburn,38.911346,-121.0857601,639976,2117,2025-01-31,10,0,Zillow ZIP-level market for Auburn; mapped with Census 2020 ZCTA 95603 in Placer County.,,2117,Zillow ZORI,
95677 Rocklin,zcta,95677,Rocklin,38.79292,-121.232006,683094,2211,2025-01-31,10,0,Zillow ZIP-level market for Rocklin; mapped with Census 2020 ZCTA 95677 in Placer County.,,2211,Zillow ZORI,
95746 Granite Bay,zcta,95746,Granite Bay,38.7469238,-121.1664336,1142967,,2025-01-31,10,0,Zillow ZIP-level market for Granite Bay; mapped with Census 2020 ZCTA 95746 in Placer County.,,,,
95602 Auburn,zcta,95602,Auburn,38.9914911,-121.1035441,683306,,2025-01-31,10,0,Zillow ZIP-level market for Auburn; mapped with Census 2020 ZCTA 95602 in Placer County.,,,,
95650 Loomis,zcta,95650,Loomis,38.8091745,-121.171375,934421,,2025-01-31,10,0,Zillow ZIP-level market for Loomis; mapped with Census 2020 ZCTA 95650 in Placer County.,,,,
95713 Colfax,zcta,95713,Colfax,39.0813467,-120.9323895,500102,,2025-01-31,10,0,Zillow ZIP-level market for Colfax; mapped with Census 2020 ZCTA 95713 in Placer County.,,,,
95658 Newcastle,zcta,95658,Newcastle,38.8811828,-121.1690138,931858,,2025-01-31,10,0,Zillow ZIP-level market for Newcastle; mapped with Census 2020 ZCTA 95658 in Placer County.,,,,
95722 Meadow Vista,zcta,95722,Meadow Vista,39.0098006,-121.0347072,671619,,2025-01-31,10,0,Zillow ZIP-level market for Meadow Vista; mapped with Census 2020 ZCTA 95722 in Placer County.,,,,
95631 Foresthill,zcta,95631,Foresthill,39.0549436,-120.7539748,501985,,2025-01-31,10,0,Zillow ZIP-level market for Foresthill; mapped with Census 2020 ZCTA 95631 in Placer County.,,,,
96143 Kings Beach,zcta,96143,Kings Beach,39.2605746,-120.0262906,822026,,2025-01-31,10,0,Zillow ZIP-level market for Kings Beach; mapped with Census 2020 ZCTA 96143 in Placer County.,,,,
95663 Penryn,zcta,95663,Penryn,38.8573725,-121.1825262,953915,,2025-01-31,10,0,Zillow ZIP-level market for Penryn; mapped with Census 2020 ZCTA 95663 in Placer County.,,,,
96145 Tahoe City,zcta,96145,Tahoe City,39.1809984,-120.151396,1297991,,2025-01-31,10,0,Zillow ZIP-level market for Tahoe City; mapped with Census 2020 ZCTA 96145 in Placer County.,,,,
96146 Olympic Valley,zcta,96146,Olympic Valley,39.2158973,-120.2451697,1280415,,2025-01-31,10,0,Zillow ZIP-level market for Olympic Valley; mapped with Census 2020 ZCTA 96146 in Placer County.,,,,
95668 Pleasant Grove,zcta,95668,Pleasant Grove,38.8275549,-121.4951816,803739,,2025-01-31,10,0,Zillow ZIP-level market for Pleasant Grove; mapped with Census 2020 ZCTA 95668 in Placer County.,,,,
96148 Tahoe Vista,zcta,96148,Tahoe Vista,39.249777,-120.0575895,1010633,,2025-01-31,10,0,Zillow ZIP-level market for Tahoe Vista; mapped with Census 2020 ZCTA 96148 in Placer County.,,,,
96140 Carnelian Bay,zcta,96140,Carnelian Bay,39.2320185,-120.0963996,1144748,,2025-01-31,10,0,Zillow ZIP-level market for Carnelian Bay; mapped with Census 2020 ZCTA 96140 in Placer County.,,,,
96142 Tahoma,zcta,96142,Tahoma,38.9986311,-120.1038814,879264,,2025-01-31,10,0,Zillow ZIP-level market for Tahoma; mapped with Census 2020 ZCTA 96142 in Placer County.,,,,
95703 Applegate,zcta,95703,Applegate,38.9890274,-120.9877751,545241,,2025-01-31,10,0,Zillow ZIP-level market for Applegate; mapped with Census 2020 ZCTA 95703 in Placer County.,,,,
95681 Sheridan,zcta,95681,Sheridan,38.9980915,-121.354198,549948,,2025-01-31,10,0,Zillow ZIP-level market for Sheridan; mapped with Census 2020 ZCTA 95681 in Placer County.,,,,
95701 Alta,zcta,95701,Alta,39.226549,-120.7670224,472397,,2025-01-31,10,0,Zillow ZIP-level market for Alta; mapped with Census 2020 ZCTA 95701 in Placer County.,,,,
95715 nan,zcta,95715,nan,39.2766508,-120.644012,360848,,2025-01-31,10,0,Zillow ZIP-level market for nan; mapped with Census 2020 ZCTA 95715 in Placer County.,,,,
95717 Gold Run,zcta,95717,Gold Run,39.1425937,-120.8426891,500725,,2025-01-31,10,0,Zillow ZIP-level market for Gold Run; mapped with Census 2020 ZCTA 95717 in Placer County.,,,,
95728 Soda Springs,zcta,95728,Soda Springs,39.2946534,-120.4014066,780724,,2025-01-31,10,0,Zillow ZIP-level market for Soda Springs; mapped with Census 2020 ZCTA 95728 in Placer County.,,,,
95714 Dutch Flat,zcta,95714,Dutch Flat,39.2011586,-120.8367976,425332,,2025-01-31,10,0,Zillow ZIP-level market for Dutch Flat; mapped with Census 2020 ZCTA 95714 in Placer County.,,,,
96141 Homewood,zcta,96141,Homewood,39.0989284,-120.2052313,1271920,,2025-01-31,10,0,Zillow ZIP-level market for Homewood; mapped with Census 2020 ZCTA 96141 in Placer County.,,,,
95747 Roseville,zcta,95747,Roseville,38.7784212,-121.3688294,682825,2766,2025-02-28,10,0,Zillow ZIP-level market for Roseville; mapped with Census 2020 ZCTA 95747 in Placer County.,,2766,Zillow ZORI,
95648 Lincoln,zcta,95648,Lincoln,38.9228115,-121.3120046,662270,2885,2025-02-28,10,0,Zillow ZIP-level market for Lincoln; mapped with Census 2020 ZCTA 95648 in Placer County.,,2885,Zillow ZORI,
95678 Roseville,zcta,95678,Roseville,38.7653528,-121.2884731,577147,2273,2025-02-28,10,0,Zillow ZIP-level market for Roseville; mapped with Census 2020 ZCTA 95678 in Placer County.,,2273,Zillow ZORI,
95765 Rocklin,zcta,95765,Rocklin,38.8197384,-121.2783211,750903,2484,2025-02-28,10,0,Zillow ZIP-level market for Rocklin; mapped with Census 2020 ZCTA 95765 in Placer County.,,2484,Zillow ZORI,
95661 Roseville,zcta,95661,Roseville,38.7412743,-121.2492663,707434,2079,2025-02-28,10,0,Zillow ZIP-level market for Roseville; mapped with Census 2020 ZCTA 95661 in Placer County.,,2079,Zillow ZORI,
95603 Auburn,zcta,95603,Auburn,38.911346,-121.0857601,640572,2115,2025-02-28,10,0,Zillow ZIP-level market for Auburn; mapped with Census 2020 ZCTA 95603 in Placer County.,,2115,Zillow ZORI,
95677 Rocklin,zcta,95677,Rocklin,38.79292,-121.232006,683510,2222,2025-02-28,10,0,Zillow ZIP-level market for Rocklin; mapped with Census 2020 ZCTA 95677 in Placer County.,,2222,Zillow ZORI,
95746 Granite Bay,zcta,95746,Granite Bay,38.7469238,-121.1664336,1145431,,2025-02-28,10,0,Zillow ZIP-level market for Granite Bay; mapped with Census 2020 ZCTA 95746 in Placer County.,,,,
95602 Auburn,zcta,95602,Auburn,38.9914911,-121.1035441,684034,,2025-02-28,10,0,Zillow ZIP-level market for Auburn; mapped with Census 2020 ZCTA 95602 in Placer County.,,,,
95650 Loomis,zcta,95650,Loomis,38.8091745,-121.171375,937399,,2025-02-28,10,0,Zillow ZIP-level market for Loomis; mapped with Census 2020 ZCTA 95650 in Placer County.,,,,
95713 Colfax,zcta,95713,Colfax,39.0813467,-120.9323895,502095,,2025-02-28,10,0,Zillow ZIP-level market for Colfax; mapped with Census 2020 ZCTA 95713 in Placer County.,,,,
95658 Newcastle,zcta,95658,Newcastle,38.8811828,-121.1690138,934862,,2025-02-28,10,0,Zillow ZIP-level market for Newcastle; mapped with Census 2020 ZCTA 95658 in Placer County.,,,,
95722 Meadow Vista,zcta,95722,Meadow Vista,39.0098006,-121.0347072,672638,,2025-02-28,10,0,Zillow ZIP-level market for Meadow Vista; mapped with Census 2020 ZCTA 95722 in Placer County.,,,,
95631 Foresthill,zcta,95631,Foresthill,39.0549436,-120.7539748,502677,,2025-02-28,10,0,Zillow ZIP-level market for Foresthill; mapped with Census 2020 ZCTA 95631 in Placer County.,,,,
96143 Kings Beach,zcta,96143,Kings Beach,39.2605746,-120.0262906,823932,,2025-02-28,10,0,Zillow ZIP-level market for Kings Beach; mapped with Census 2020 ZCTA 96143 in Placer County.,,,,
95663 Penryn,zcta,95663,Penryn,38.8573725,-121.1825262,957341,,2025-02-28,10,0,Zillow ZIP-level market for Penryn; mapped with Census 2020 ZCTA 95663 in Placer County.,,,,
96145 Tahoe City,zcta,96145,Tahoe City,39.1809984,-120.151396,1296495,,2025-02-28,10,0,Zillow ZIP-level market for Tahoe City; mapped with Census 2020 ZCTA 96145 in Placer County.,,,,
96146 Olympic Valley,zcta,96146,Olympic Valley,39.2158973,-120.2451697,1278492,,2025-02-28,10,0,Zillow ZIP-level market for Olympic Valley; mapped with Census 2020 ZCTA 96146 in Placer County.,,,,
95668 Pleasant Grove,zcta,95668,Pleasant Grove,38.8275549,-121.4951816,794796,,2025-02-28,10,0,Zillow ZIP-level market for Pleasant Grove; mapped with Census 2020 ZCTA 95668 in Placer County.,,,,
96148 Tahoe Vista,zcta,96148,Tahoe Vista,39.249777,-120.0575895,1005725,,2025-02-28,10,0,Zillow ZIP-level market for Tahoe Vista; mapped with Census 2020 ZCTA 96148 in Placer County.,,,,
96140 Carnelian Bay,zcta,96140,Carnelian Bay,39.2320185,-120.0963996,1142488,,2025-02-28,10,0,Zillow ZIP-level market for Carnelian Bay; mapped with Census 2020 ZCTA 96140 in Placer County.,,,,
96142 Tahoma,zcta,96142,Tahoma,38.9986311,-120.1038814,877295,,2025-02-28,10,0,Zillow ZIP-level market for Tahoma; mapped with Census 2020 ZCTA 96142 in Placer County.,,,,
95703 Applegate,zcta,95703,Applegate,38.9890274,-120.9877751,545385,,2025-02-28,10,0,Zillow ZIP-level market for Applegate; mapped with Census 2020 ZCTA 95703 in Placer County.,,,,
95681 Sheridan,zcta,95681,Sheridan,38.9980915,-121.354198,553278,,2025-02-28,10,0,Zillow ZIP-level market for Sheridan; mapped with Census 2020 ZCTA 95681 in Placer County.,,,,
95701 Alta,zcta,95701,Alta,39.226549,-120.7670224,473816,,2025-02-28,10,0,Zillow ZIP-level market for Alta; mapped with Census 2020 ZCTA 95701 in Placer County.,,,,
95715 nan,zcta,95715,nan,39.2766508,-120.644012,364103,,2025-02-28,10,0,Zillow ZIP-level market for nan; mapped with Census 2020 ZCTA 95715 in Placer County.,,,,
95717 Gold Run,zcta,95717,Gold Run,39.1425937,-120.8426891,500081,,2025-02-28,10,0,Zillow ZIP-level market for Gold Run; mapped with Census 2020 ZCTA 95717 in Placer County.,,,,
95728 Soda Springs,zcta,95728,Soda Springs,39.2946534,-120.4014066,779735,,2025-02-28,10,0,Zillow ZIP-level market for Soda Springs; mapped with Census 2020 ZCTA 95728 in Placer County.,,,,
95714 Dutch Flat,zcta,95714,Dutch Flat,39.2011586,-120.8367976,426692,,2025-02-28,10,0,Zillow ZIP-level market for Dutch Flat; mapped with Census 2020 ZCTA 95714 in Placer County.,,,,
96141 Homewood,zcta,96141,Homewood,39.0989284,-120.2052313,1271987,,2025-02-28,10,0,Zillow ZIP-level market for Homewood; mapped with Census 2020 ZCTA 96141 in Placer County.,,,,
95747 Roseville,zcta,95747,Roseville,38.7784212,-121.3688294,682968,2761,2025-03-31,10,0,Zillow ZIP-level market for Roseville; mapped with Census 2020 ZCTA 95747 in Placer County.,,2761,Zillow ZORI,
95648 Lincoln,zcta,95648,Lincoln,38.9228115,-121.3120046,661300,2927,2025-03-31,10,0,Zillow ZIP-level market for Lincoln; mapped with Census 2020 ZCTA 95648 in Placer County.,,2927,Zillow ZORI,
95678 Roseville,zcta,95678,Roseville,38.7653528,-121.2884731,576228,2259,2025-03-31,10,0,Zillow ZIP-level market for Roseville; mapped with Census 2020 ZCTA 95678 in Placer County.,,2259,Zillow ZORI,
95765 Rocklin,zcta,95765,Rocklin,38.8197384,-121.2783211,749695,2500,2025-03-31,10,0,Zillow ZIP-level market for Rocklin; mapped with Census 2020 ZCTA 95765 in Placer County.,,2500,Zillow ZORI,
95661 Roseville,zcta,95661,Roseville,38.7412743,-121.2492663,707782,2120,2025-03-31,10,0,Zillow ZIP-level market for Roseville; mapped with Census 2020 ZCTA 95661 in Placer County.,,2120,Zillow ZORI,
95603 Auburn,zcta,95603,Auburn,38.911346,-121.0857601,639407,2149,2025-03-31,10,0,Zillow ZIP-level market for Auburn; mapped with Census 2020 ZCTA 95603 in Placer County.,,2149,Zillow ZORI,
95677 Rocklin,zcta,95677,Rocklin,38.79292,-121.232006,682936,2270,2025-03-31,10,0,Zillow ZIP-level market for Rocklin; mapped with Census 2020 ZCTA 95677 in Placer County.,,2270,Zillow ZORI,
95746 Granite Bay,zcta,95746,Granite Bay,38.7469238,-121.1664336,1148259,,2025-03-31,10,0,Zillow ZIP-level market for Granite Bay; mapped with Census 2020 ZCTA 95746 in Placer County.,,,,
95602 Auburn,zcta,95602,Auburn,38.9914911,-121.1035441,683041,,2025-03-31,10,0,Zillow ZIP-level market for Auburn; mapped with Census 2020 ZCTA 95602 in Placer County.,,,,
95650 Loomis,zcta,95650,Loomis,38.8091745,-121.171375,939294,,2025-03-31,10,0,Zillow ZIP-level market for Loomis; mapped with Census 2020 ZCTA 95650 in Placer County.,,,,
95713 Colfax,zcta,95713,Colfax,39.0813467,-120.9323895,501815,,2025-03-31,10,0,Zillow ZIP-level market for Colfax; mapped with Census 2020 ZCTA 95713 in Placer County.,,,,
95658 Newcastle,zcta,95658,Newcastle,38.8811828,-121.1690138,936170,,2025-03-31,10,0,Zillow ZIP-level market for Newcastle; mapped with Census 2020 ZCTA 95658 in Placer County.,,,,
95722 Meadow Vista,zcta,95722,Meadow Vista,39.0098006,-121.0347072,672755,,2025-03-31,10,0,Zillow ZIP-level market for Meadow Vista; mapped with Census 2020 ZCTA 95722 in Placer County.,,,,
95631 Foresthill,zcta,95631,Foresthill,39.0549436,-120.7539748,501807,,2025-03-31,10,0,Zillow ZIP-level market for Foresthill; mapped with Census 2020 ZCTA 95631 in Placer County.,,,,
96143 Kings Beach,zcta,96143,Kings Beach,39.2605746,-120.0262906,821232,,2025-03-31,10,0,Zillow ZIP-level market for Kings Beach; mapped with Census 2020 ZCTA 96143 in Placer County.,,,,
95663 Penryn,zcta,95663,Penryn,38.8573725,-121.1825262,957059,,2025-03-31,10,0,Zillow ZIP-level market for Penryn; mapped with Census 2020 ZCTA 95663 in Placer County.,,,,
96145 Tahoe City,zcta,96145,Tahoe City,39.1809984,-120.151396,1291247,,2025-03-31,10,0,Zillow ZIP-level market for Tahoe City; mapped with Census 2020 ZCTA 96145 in Placer County.,,,,
96146 Olympic Valley,zcta,96146,Olympic Valley,39.2158973,-120.2451697,1275884,,2025-03-31,10,0,Zillow ZIP-level market for Olympic Valley; mapped with Census 2020 ZCTA 96146 in Placer County.,,,,
95668 Pleasant Grove,zcta,95668,Pleasant Grove,38.8275549,-121.4951816,783977,,2025-03-31,10,0,Zillow ZIP-level market for Pleasant Grove; mapped with Census 2020 ZCTA 95668 in Placer County.,,,,
96148 Tahoe Vista,zcta,96148,Tahoe Vista,39.249777,-120.0575895,998797,,2025-03-31,10,0,Zillow ZIP-level market for Tahoe Vista; mapped with Census 2020 ZCTA 96148 in Placer County.,,,,
96140 Carnelian Bay,zcta,96140,Carnelian Bay,39.2320185,-120.0963996,1142403,,2025-03-31,10,0,Zillow ZIP-level market for Carnelian Bay; mapped with Census 2020 ZCTA 96140 in Placer County.,,,,
96142 Tahoma,zcta,96142,Tahoma,38.9986311,-120.1038814,873766,,2025-03-31,10,0,Zillow ZIP-level market for Tahoma; mapped with Census 2020 ZCTA 96142 in Placer County.,,,,
95703 Applegate,zcta,95703,Applegate,38.9890274,-120.9877751,544322,,2025-03-31,10,0,Zillow ZIP-level market for Applegate; mapped with Census 2020 ZCTA 95703 in Placer County.,,,,
95681 Sheridan,zcta,95681,Sheridan,38.9980915,-121.354198,552307,,2025-03-31,10,0,Zillow ZIP-level market for Sheridan; mapped with Census 2020 ZCTA 95681 in Placer County.,,,,
95701 Alta,zcta,95701,Alta,39.226549,-120.7670224,474037,,2025-03-31,10,0,Zillow ZIP-level market for Alta; mapped with Census 2020 ZCTA 95701 in Placer County.,,,,
95715 nan,zcta,95715,nan,39.2766508,-120.644012,364906,,2025-03-31,10,0,Zillow ZIP-level market for nan; mapped with Census 2020 ZCTA 95715 in Placer County.,,,,
95717 Gold Run,zcta,95717,Gold Run,39.1425937,-120.8426891,497318,,2025-03-31,10,0,Zillow ZIP-level market for Gold Run; mapped with Census 2020 ZCTA 95717 in Placer County.,,,,
95728 Soda Springs,zcta,95728,Soda Springs,39.2946534,-120.4014066,779842,,2025-03-31,10,0,Zillow ZIP-level market for Soda Springs; mapped with Census 2020 ZCTA 95728 in Placer County.,,,,
95714 Dutch Flat,zcta,95714,Dutch Flat,39.2011586,-120.8367976,426611,,2025-03-31,10,0,Zillow ZIP-level market for Dutch Flat; mapped with Census 2020 ZCTA 95714 in Placer County.,,,,
96141 Homewood,zcta,96141,Homewood,39.0989284,-120.2052313,1270296,,2025-03-31,10,0,Zillow ZIP-level market for Homewood; mapped with Census 2020 ZCTA 96141 in Placer County.,,,,
95747 Roseville,zcta,95747,Roseville,38.7784212,-121.3688294,682068,2790,2025-04-30,10,0,Zillow ZIP-level market for Roseville; mapped with Census 2020 ZCTA 95747 in Placer County.,,2790,Zillow ZORI,
95648 Lincoln,zcta,95648,Lincoln,38.9228115,-121.3120046,659868,2926,2025-04-30,10,0,Zillow ZIP-level market for Lincoln; mapped with Census 2020 ZCTA 95648 in Placer County.,,2926,Zillow ZORI,
95678 Roseville,zcta,95678,Roseville,38.7653528,-121.2884731,574550,2239,2025-04-30,10,0,Zillow ZIP-level market for Roseville; mapped with Census 2020 ZCTA 95678 in Placer County.,,2239,Zillow ZORI,
95765 Rocklin,zcta,95765,Rocklin,38.8197384,-121.2783211,748247,2540,2025-04-30,10,0,Zillow ZIP-level market for Rocklin; mapped with Census 2020 ZCTA 95765 in Placer County.,,2540,Zillow ZORI,
95661 Roseville,zcta,95661,Roseville,38.7412743,-121.2492663,707071,2129,2025-04-30,10,0,Zillow ZIP-level market for Roseville; mapped with Census 2020 ZCTA 95661 in Placer County.,,2129,Zillow ZORI,
95603 Auburn,zcta,95603,Auburn,38.911346,-121.0857601,636051,2182,2025-04-30,10,0,Zillow ZIP-level market for Auburn; mapped with Census 2020 ZCTA 95603 in Placer County.,,2182,Zillow ZORI,
95677 Rocklin,zcta,95677,Rocklin,38.79292,-121.232006,681304,2275,2025-04-30,10,0,Zillow ZIP-level market for Rocklin; mapped with Census 2020 ZCTA 95677 in Placer County.,,2275,Zillow ZORI,
95746 Granite Bay,zcta,95746,Granite Bay,38.7469238,-121.1664336,1150472,,2025-04-30,10,0,Zillow ZIP-level market for Granite Bay; mapped with Census 2020 ZCTA 95746 in Placer County.,,,,
95602 Auburn,zcta,95602,Auburn,38.9914911,-121.1035441,681164,,2025-04-30,10,0,Zillow ZIP-level market for Auburn; mapped with Census 2020 ZCTA 95602 in Placer County.,,,,
95650 Loomis,zcta,95650,Loomis,38.8091745,-121.171375,938307,,2025-04-30,10,0,Zillow ZIP-level market for Loomis; mapped with Census 2020 ZCTA 95650 in Placer County.,,,,
95713 Colfax,zcta,95713,Colfax,39.0813467,-120.9323895,500236,,2025-04-30,10,0,Zillow ZIP-level market for Colfax; mapped with Census 2020 ZCTA 95713 in Placer County.,,,,
95658 Newcastle,zcta,95658,Newcastle,38.8811828,-121.1690138,934120,,2025-04-30,10,0,Zillow ZIP-level market for Newcastle; mapped with Census 2020 ZCTA 95658 in Placer County.,,,,
95722 Meadow Vista,zcta,95722,Meadow Vista,39.0098006,-121.0347072,670790,,2025-04-30,10,0,Zillow ZIP-level market for Meadow Vista; mapped with Census 2020 ZCTA 95722 in Placer County.,,,,
95631 Foresthill,zcta,95631,Foresthill,39.0549436,-120.7539748,500149,,2025-04-30,10,0,Zillow ZIP-level market for Foresthill; mapped with Census 2020 ZCTA 95631 in Placer County.,,,,
96143 Kings Beach,zcta,96143,Kings Beach,39.2605746,-120.0262906,817586,,2025-04-30,10,0,Zillow ZIP-level market for Kings Beach; mapped with Census 2020 ZCTA 96143 in Placer County.,,,,
95663 Penryn,zcta,95663,Penryn,38.8573725,-121.1825262,953465,,2025-04-30,10,0,Zillow ZIP-level market for Penryn; mapped with Census 2020 ZCTA 95663 in Placer County.,,,,
96145 Tahoe City,zcta,96145,Tahoe City,39.1809984,-120.151396,1283019,,2025-04-30,10,0,Zillow ZIP-level market for Tahoe City; mapped with Census 2020 ZCTA 96145 in Placer County.,,,,
96146 Olympic Valley,zcta,96146,Olympic Valley,39.2158973,-120.2451697,1272880,,2025-04-30,10,0,Zillow ZIP-level market for Olympic Valley; mapped with Census 2020 ZCTA 96146 in Placer County.,,,,
95668 Pleasant Grove,zcta,95668,Pleasant Grove,38.8275549,-121.4951816,776176,,2025-04-30,10,0,Zillow ZIP-level market for Pleasant Grove; mapped with Census 2020 ZCTA 95668 in Placer County.,,,,
96148 Tahoe Vista,zcta,96148,Tahoe Vista,39.249777,-120.0575895,991428,,2025-04-30,10,0,Zillow ZIP-level market for Tahoe Vista; mapped with Census 2020 ZCTA 96148 in Placer County.,,,,
96140 Carnelian Bay,zcta,96140,Carnelian Bay,39.2320185,-120.0963996,1140825,,2025-04-30,10,0,Zillow ZIP-level market for Carnelian Bay; mapped with Census 2020 ZCTA 96140 in Placer County.,,,,
96142 Tahoma,zcta,96142,Tahoma,38.9986311,-120.1038814,868844,,2025-04-30,10,0,Zillow ZIP-level market for Tahoma; mapped with Census 2020 ZCTA 96142 in Placer County.,,,,
95703 Applegate,zcta,95703,Applegate,38.9890274,-120.9877751,540786,,2025-04-30,10,0,Zillow ZIP-level market for Applegate; mapped with Census 2020 ZCTA 95703 in Placer County.,,,,
95681 Sheridan,zcta,95681,Sheridan,38.9980915,-121.354198,547674,,2025-04-30,10,0,Zillow ZIP-level market for Sheridan; mapped with Census 2020 ZCTA 95681 in Placer County.,,,,
95701 Alta,zcta,95701,Alta,39.226549,-120.7670224,471593,,2025-04-30,10,0,Zillow ZIP-level market for Alta; mapped with Census 2020 ZCTA 95701 in Placer County.,,,,
95715 nan,zcta,95715,nan,39.2766508,-120.644012,365887,,2025-04-30,10,0,Zillow ZIP-level market for nan; mapped with Census 2020 ZCTA 95715 in Placer County.,,,,
95717 Gold Run,zcta,95717,Gold Run,39.1425937,-120.8426891,493823,,2025-04-30,10,0,Zillow ZIP-level market for Gold Run; mapped with Census 2020 ZCTA 95717 in Placer County.,,,,
95728 Soda Springs,zcta,95728,Soda Springs,39.2946534,-120.4014066,776920,,2025-04-30,10,0,Zillow ZIP-level market for Soda Springs; mapped with Census 2020 ZCTA 95728 in Placer County.,,,,
95714 Dutch Flat,zcta,95714,Dutch Flat,39.2011586,-120.8367976,424014,,2025-04-30,10,0,Zillow ZIP-level market for Dutch Flat; mapped with Census 2020 ZCTA 95714 in Placer County.,,,,
96141 Homewood,zcta,96141,Homewood,39.0989284,-120.2052313,1265334,,2025-04-30,10,0,Zillow ZIP-level market for Homewood; mapped with Census 2020 ZCTA 96141 in Placer County.,,,,
95747 Roseville,zcta,95747,Roseville,38.7784212,-121.3688294,678811,2805,2025-05-31,10,0,Zillow ZIP-level market for Roseville; mapped with Census 2020 ZCTA 95747 in Placer County.,,2805,Zillow ZORI,
95648 Lincoln,zcta,95648,Lincoln,38.9228115,-121.3120046,656744,2922,2025-05-31,10,0,Zillow ZIP-level market for Lincoln; mapped with Census 2020 ZCTA 95648 in Placer County.,,2922,Zillow ZORI,
95678 Roseville,zcta,95678,Roseville,38.7653528,-121.2884731,571660,2259,2025-05-31,10,0,Zillow ZIP-level market for Roseville; mapped with Census 2020 ZCTA 95678 in Placer County.,,2259,Zillow ZORI,
95765 Rocklin,zcta,95765,Rocklin,38.8197384,-121.2783211,744592,2542,2025-05-31,10,0,Zillow ZIP-level market for Rocklin; mapped with Census 2020 ZCTA 95765 in Placer County.,,2542,Zillow ZORI,
95661 Roseville,zcta,95661,Roseville,38.7412743,-121.2492663,704343,2177,2025-05-31,10,0,Zillow ZIP-level market for Roseville; mapped with Census 2020 ZCTA 95661 in Placer County.,,2177,Zillow ZORI,
95603 Auburn,zcta,95603,Auburn,38.911346,-121.0857601,632215,2218,2025-05-31,10,0,Zillow ZIP-level market for Auburn; mapped with Census 2020 ZCTA 95603 in Placer County.,,2218,Zillow ZORI,
95677 Rocklin,zcta,95677,Rocklin,38.79292,-121.232006,677706,2296,2025-05-31,10,0,Zillow ZIP-level market for Rocklin; mapped with Census 2020 ZCTA 95677 in Placer County.,,2296,Zillow ZORI,
95746 Granite Bay,zcta,95746,Granite Bay,38.7469238,-121.1664336,1149220,,2025-05-31,10,0,Zillow ZIP-level market for Granite Bay; mapped with Census 2020 ZCTA 95746 in Placer County.,,,,
95602 Auburn,zcta,95602,Auburn,38.9914911,-121.1035441,678518,,2025-05-31,10,0,Zillow ZIP-level market for Auburn; mapped with Census 2020 ZCTA 95602 in Placer County.,,,,
95650 Loomis,zcta,95650,Loomis,38.8091745,-121.171375,935994,,2025-05-31,10,0,Zillow ZIP-level market for Loomis; mapped with Census 2020 ZCTA 95650 in Placer County.,,,,
95713 Colfax,zcta,95713,Colfax,39.0813467,-120.9323895,497083,,2025-05-31,10,0,Zillow ZIP-level market for Colfax; mapped with Census 2020 ZCTA 95713 in Placer County.,,,,
95658 Newcastle,zcta,95658,Newcastle,38.8811828,-121.1690138,931359,,2025-05-31,10,0,Zillow ZIP-level market for Newcastle; mapped with Census 2020 ZCTA 95658 in Placer County.,,,,
95722 Meadow Vista,zcta,95722,Meadow Vista,39.0098006,-121.0347072,667682,,2025-05-31,10,0,Zillow ZIP-level market for Meadow Vista; mapped with Census 2020 ZCTA 95722 in Placer County.,,,,
95631 Foresthill,zcta,95631,Foresthill,39.0549436,-120.7539748,497773,,2025-05-31,10,0,Zillow ZIP-level market for Foresthill; mapped with Census 2020 ZCTA 95631 in Placer County.,,,,
96143 Kings Beach,zcta,96143,Kings Beach,39.2605746,-120.0262906,813271,,2025-05-31,10,0,Zillow ZIP-level market for Kings Beach; mapped with Census 2020 ZCTA 96143 in Placer County.,,,,
95663 Penryn,zcta,95663,Penryn,38.8573725,-121.1825262,949600,,2025-05-31,10,0,Zillow ZIP-level market for Penryn; mapped with Census 2020 ZCTA 95663 in Placer County.,,,,
96145 Tahoe City,zcta,96145,Tahoe City,39.1809984,-120.151396,1273362,,2025-05-31,10,0,Zillow ZIP-level market for Tahoe City; mapped with Census 2020 ZCTA 96145 in Placer County.,,,,
96146 Olympic Valley,zcta,96146,Olympic Valley,39.2158973,-120.2451697,1269295,,2025-05-31,10,0,Zillow ZIP-level market for Olympic Valley; mapped with Census 2020 ZCTA 96146 in Placer County.,,,,
95668 Pleasant Grove,zcta,95668,Pleasant Grove,38.8275549,-121.4951816,766887,,2025-05-31,10,0,Zillow ZIP-level market for Pleasant Grove; mapped with Census 2020 ZCTA 95668 in Placer County.,,,,
96148 Tahoe Vista,zcta,96148,Tahoe Vista,39.249777,-120.0575895,984459,,2025-05-31,10,0,Zillow ZIP-level market for Tahoe Vista; mapped with Census 2020 ZCTA 96148 in Placer County.,,,,
96140 Carnelian Bay,zcta,96140,Carnelian Bay,39.2320185,-120.0963996,1143782,,2025-05-31,10,0,Zillow ZIP-level market for Carnelian Bay; mapped with Census 2020 ZCTA 96140 in Placer County.,,,,
96142 Tahoma,zcta,96142,Tahoma,38.9986311,-120.1038814,864037,,2025-05-31,10,0,Zillow ZIP-level market for Tahoma; mapped with Census 2020 ZCTA 96142 in Placer County.,,,,
95703 Applegate,zcta,95703,Applegate,38.9890274,-120.9877751,536192,,2025-05-31,10,0,Zillow ZIP-level market for Applegate; mapped with Census 2020 ZCTA 95703 in Placer County.,,,,
95681 Sheridan,zcta,95681,Sheridan,38.9980915,-121.354198,543334,,2025-05-31,10,0,Zillow ZIP-level market for Sheridan; mapped with Census 2020 ZCTA 95681 in Placer County.,,,,
95701 Alta,zcta,95701,Alta,39.226549,-120.7670224,467822,,2025-05-31,10,0,Zillow ZIP-level market for Alta; mapped with Census 2020 ZCTA 95701 in Placer County.,,,,
95715 nan,zcta,95715,nan,39.2766508,-120.644012,365830,,2025-05-31,10,0,Zillow ZIP-level market for nan; mapped with Census 2020 ZCTA 95715 in Placer County.,,,,
95717 Gold Run,zcta,95717,Gold Run,39.1425937,-120.8426891,489760,,2025-05-31,10,0,Zillow ZIP-level market for Gold Run; mapped with Census 2020 ZCTA 95717 in Placer County.,,,,
95728 Soda Springs,zcta,95728,Soda Springs,39.2946534,-120.4014066,772056,,2025-05-31,10,0,Zillow ZIP-level market for Soda Springs; mapped with Census 2020 ZCTA 95728 in Placer County.,,,,
95714 Dutch Flat,zcta,95714,Dutch Flat,39.2011586,-120.8367976,421155,,2025-05-31,10,0,Zillow ZIP-level market for Dutch Flat; mapped with Census 2020 ZCTA 95714 in Placer County.,,,,
96141 Homewood,zcta,96141,Homewood,39.0989284,-120.2052313,1262111,,2025-05-31,10,0,Zillow ZIP-level market for Homewood; mapped with Census 2020 ZCTA 96141 in Placer County.,,,,
95747 Roseville,zcta,95747,Roseville,38.7784212,-121.3688294,675031,2837,2025-06-30,10,0,Zillow ZIP-level market for Roseville; mapped with Census 2020 ZCTA 95747 in Placer County.,,2837,Zillow ZORI,
95648 Lincoln,zcta,95648,Lincoln,38.9228115,-121.3120046,653139,2936,2025-06-30,10,0,Zillow ZIP-level market for Lincoln; mapped with Census 2020 ZCTA 95648 in Placer County.,,2936,Zillow ZORI,
95678 Roseville,zcta,95678,Roseville,38.7653528,-121.2884731,568327,2269,2025-06-30,10,0,Zillow ZIP-level market for Roseville; mapped with Census 2020 ZCTA 95678 in Placer County.,,2269,Zillow ZORI,
95765 Rocklin,zcta,95765,Rocklin,38.8197384,-121.2783211,740335,2525,2025-06-30,10,0,Zillow ZIP-level market for Rocklin; mapped with Census 2020 ZCTA 95765 in Placer County.,,2525,Zillow ZORI,
95661 Roseville,zcta,95661,Roseville,38.7412743,-121.2492663,700468,2182,2025-06-30,10,0,Zillow ZIP-level market for Roseville; mapped with Census 2020 ZCTA 95661 in Placer County.,,2182,Zillow ZORI,
95603 Auburn,zcta,95603,Auburn,38.911346,-121.0857601,628630,2170,2025-06-30,10,0,Zillow ZIP-level market for Auburn; mapped with Census 2020 ZCTA 95603 in Placer County.,,2170,Zillow ZORI,
95677 Rocklin,zcta,95677,Rocklin,38.79292,-121.232006,673402,2284,2025-06-30,10,0,Zillow ZIP-level market for Rocklin; mapped with Census 2020 ZCTA 95677 in Placer County.,,2284,Zillow ZORI,
95746 Granite Bay,zcta,95746,Granite Bay,38.7469238,-121.1664336,1145326,,2025-06-30,10,0,Zillow ZIP-level market for Granite Bay; mapped with Census 2020 ZCTA 95746 in Placer County.,,,,
95602 Auburn,zcta,95602,Auburn,38.9914911,-121.1035441,676342,,2025-06-30,10,0,Zillow ZIP-level market for Auburn; mapped with Census 2020 ZCTA 95602 in Placer County.,,,,
95650 Loomis,zcta,95650,Loomis,38.8091745,-121.171375,932600,,2025-06-30,10,0,Zillow ZIP-level market for Loomis; mapped with Census 2020 ZCTA 95650 in Placer County.,,,,
95713 Colfax,zcta,95713,Colfax,39.0813467,-120.9323895,493556,,2025-06-30,10,0,Zillow ZIP-level market for Colfax; mapped with Census 2020 ZCTA 95713 in Placer County.,,,,
95658 Newcastle,zcta,95658,Newcastle,38.8811828,-121.1690138,927127,,2025-06-30,10,0,Zillow ZIP-level market for Newcastle; mapped with Census 2020 ZCTA 95658 in Placer County.,,,,
95722 Meadow Vista,zcta,95722,Meadow Vista,39.0098006,-121.0347072,663958,,2025-06-30,10,0,Zillow ZIP-level market for Meadow Vista; mapped with Census 2020 ZCTA 95722 in Placer County.,,,,
95631 Foresthill,zcta,95631,Foresthill,39.0549436,-120.7539748,495031,,2025-06-30,10,0,Zillow ZIP-level market for Foresthill; mapped with Census 2020 ZCTA 95631 in Placer County.,,,,
96143 Kings Beach,zcta,96143,Kings Beach,39.2605746,-120.0262906,808246,,2025-06-30,10,0,Zillow ZIP-level market for Kings Beach; mapped with Census 2020 ZCTA 96143 in Placer County.,,,,
95663 Penryn,zcta,95663,Penryn,38.8573725,-121.1825262,944092,,2025-06-30,10,0,Zillow ZIP-level market for Penryn; mapped with Census 2020 ZCTA 95663 in Placer County.,,,,
96145 Tahoe City,zcta,96145,Tahoe City,39.1809984,-120.151396,1261860,,2025-06-30,10,0,Zillow ZIP-level market for Tahoe City; mapped with Census 2020 ZCTA 96145 in Placer County.,,,,
96146 Olympic Valley,zcta,96146,Olympic Valley,39.2158973,-120.2451697,1261730,,2025-06-30,10,0,Zillow ZIP-level market for Olympic Valley; mapped with Census 2020 ZCTA 96146 in Placer County.,,,,
95668 Pleasant Grove,zcta,95668,Pleasant Grove,38.8275549,-121.4951816,757093,,2025-06-30,10,0,Zillow ZIP-level market for Pleasant Grove; mapped with Census 2020 ZCTA 95668 in Placer County.,,,,
96148 Tahoe Vista,zcta,96148,Tahoe Vista,39.249777,-120.0575895,975981,,2025-06-30,10,0,Zillow ZIP-level market for Tahoe Vista; mapped with Census 2020 ZCTA 96148 in Placer County.,,,,
96140 Carnelian Bay,zcta,96140,Carnelian Bay,39.2320185,-120.0963996,1140166,,2025-06-30,10,0,Zillow ZIP-level market for Carnelian Bay; mapped with Census 2020 ZCTA 96140 in Placer County.,,,,
96142 Tahoma,zcta,96142,Tahoma,38.9986311,-120.1038814,857951,,2025-06-30,10,0,Zillow ZIP-level market for Tahoma; mapped with Census 2020 ZCTA 96142 in Placer County.,,,,
95703 Applegate,zcta,95703,Applegate,38.9890274,-120.9877751,531533,,2025-06-30,10,0,Zillow ZIP-level market for Applegate; mapped with Census 2020 ZCTA 95703 in Placer County.,,,,
95681 Sheridan,zcta,95681,Sheridan,38.9980915,-121.354198,540461,,2025-06-30,10,0,Zillow ZIP-level market for Sheridan; mapped with Census 2020 ZCTA 95681 in Placer County.,,,,
95701 Alta,zcta,95701,Alta,39.226549,-120.7670224,463197,,2025-06-30,10,0,Zillow ZIP-level market for Alta; mapped with Census 2020 ZCTA 95701 in Placer County.,,,,
95715 nan,zcta,95715,nan,39.2766508,-120.644012,364108,,2025-06-30,10,0,Zillow ZIP-level market for nan; mapped with Census 2020 ZCTA 95715 in Placer County.,,,,
95717 Gold Run,zcta,95717,Gold Run,39.1425937,-120.8426891,485085,,2025-06-30,10,0,Zillow ZIP-level market for Gold Run; mapped with Census 2020 ZCTA 95717 in Placer County.,,,,
95728 Soda Springs,zcta,95728,Soda Springs,39.2946534,-120.4014066,764080,,2025-06-30,10,0,Zillow ZIP-level market for Soda Springs; mapped with Census 2020 ZCTA 95728 in Placer County.,,,,
95714 Dutch Flat,zcta,95714,Dutch Flat,39.2011586,-120.8367976,417684,,2025-06-30,10,0,Zillow ZIP-level market for Dutch Flat; mapped with Census 2020 ZCTA 95714 in Placer County.,,,,
96141 Homewood,zcta,96141,Homewood,39.0989284,-120.2052313,1252404,,2025-06-30,10,0,Zillow ZIP-level market for Homewood; mapped with Census 2020 ZCTA 96141 in Placer County.,,,,
95747 Roseville,zcta,95747,Roseville,38.7784212,-121.3688294,672509,2837,2025-07-31,10,0,Zillow ZIP-level market for Roseville; mapped with Census 2020 ZCTA 95747 in Placer County.,,2837,Zillow ZORI,
95648 Lincoln,zcta,95648,Lincoln,38.9228115,-121.3120046,649801,2943,2025-07-31,10,0,Zillow ZIP-level market for Lincoln; mapped with Census 2020 ZCTA 95648 in Placer County.,,2943,Zillow ZORI,
95678 Roseville,zcta,95678,Roseville,38.7653528,-121.2884731,565942,2297,2025-07-31,10,0,Zillow ZIP-level market for Roseville; mapped with Census 2020 ZCTA 95678 in Placer County.,,2297,Zillow ZORI,
95765 Rocklin,zcta,95765,Rocklin,38.8197384,-121.2783211,736484,2505,2025-07-31,10,0,Zillow ZIP-level market for Rocklin; mapped with Census 2020 ZCTA 95765 in Placer County.,,2505,Zillow ZORI,
95661 Roseville,zcta,95661,Roseville,38.7412743,-121.2492663,697720,2200,2025-07-31,10,0,Zillow ZIP-level market for Roseville; mapped with Census 2020 ZCTA 95661 in Placer County.,,2200,Zillow ZORI,
95603 Auburn,zcta,95603,Auburn,38.911346,-121.0857601,627691,2173,2025-07-31,10,0,Zillow ZIP-level market for Auburn; mapped with Census 2020 ZCTA 95603 in Placer County.,,2173,Zillow ZORI,
95677 Rocklin,zcta,95677,Rocklin,38.79292,-121.232006,670209,2283,2025-07-31,10,0,Zillow ZIP-level market for Rocklin; mapped with Census 2020 ZCTA 95677 in Placer County.,,2283,Zillow ZORI,
95746 Granite Bay,zcta,95746,Granite Bay,38.7469238,-121.1664336,1144113,,2025-07-31,10,0,Zillow ZIP-level market for Granite Bay; mapped with Census 2020 ZCTA 95746 in Placer County.,,,,
95602 Auburn,zcta,95602,Auburn,38.9914911,-121.1035441,677122,,2025-07-31,10,0,Zillow ZIP-level market for Auburn; mapped with Census 2020 ZCTA 95602 in Placer County.,,,,
95650 Loomis,zcta,95650,Loomis,38.8091745,-121.171375,932940,,2025-07-31,10,0,Zillow ZIP-level market for Loomis; mapped with Census 2020 ZCTA 95650 in Placer County.,,,,
95713 Colfax,zcta,95713,Colfax,39.0813467,-120.9323895,492457,,2025-07-31,10,0,Zillow ZIP-level market for Colfax; mapped with Census 2020 ZCTA 95713 in Placer County.,,,,
95658 Newcastle,zcta,95658,Newcastle,38.8811828,-121.1690138,927557,,2025-07-31,10,0,Zillow ZIP-level market for Newcastle; mapped with Census 2020 ZCTA 95658 in Placer County.,,,,
95722 Meadow Vista,zcta,95722,Meadow Vista,39.0098006,-121.0347072,662802,,2025-07-31,10,0,Zillow ZIP-level market for Meadow Vista; mapped with Census 2020 ZCTA 95722 in Placer County.,,,,
95631 Foresthill,zcta,95631,Foresthill,39.0549436,-120.7539748,493192,,2025-07-31,10,0,Zillow ZIP-level market for Foresthill; mapped with Census 2020 ZCTA 95631 in Placer County.,,,,
96143 Kings Beach,zcta,96143,Kings Beach,39.2605746,-120.0262906,806409,,2025-07-31,10,0,Zillow ZIP-level market for Kings Beach; mapped with Census 2020 ZCTA 96143 in Placer County.,,,,
95663 Penryn,zcta,95663,Penryn,38.8573725,-121.1825262,942043,,2025-07-31,10,0,Zillow ZIP-level market for Penryn; mapped with Census 2020 ZCTA 95663 in Placer County.,,,,
96145 Tahoe City,zcta,96145,Tahoe City,39.1809984,-120.151396,1258452,,2025-07-31,10,0,Zillow ZIP-level market for Tahoe City; mapped with Census 2020 ZCTA 96145 in Placer County.,,,,
96146 Olympic Valley,zcta,96146,Olympic Valley,39.2158973,-120.2451697,1256774,,2025-07-31,10,0,Zillow ZIP-level market for Olympic Valley; mapped with Census 2020 ZCTA 96146 in Placer County.,,,,
95668 Pleasant Grove,zcta,95668,Pleasant Grove,38.8275549,-121.4951816,748426,,2025-07-31,10,0,Zillow ZIP-level market for Pleasant Grove; mapped with Census 2020 ZCTA 95668 in Placer County.,,,,
96148 Tahoe Vista,zcta,96148,Tahoe Vista,39.249777,-120.0575895,971169,,2025-07-31,10,0,Zillow ZIP-level market for Tahoe Vista; mapped with Census 2020 ZCTA 96148 in Placer County.,,,,
96140 Carnelian Bay,zcta,96140,Carnelian Bay,39.2320185,-120.0963996,1137633,,2025-07-31,10,0,Zillow ZIP-level market for Carnelian Bay; mapped with Census 2020 ZCTA 96140 in Placer County.,,,,
96142 Tahoma,zcta,96142,Tahoma,38.9986311,-120.1038814,855329,,2025-07-31,10,0,Zillow ZIP-level market for Tahoma; mapped with Census 2020 ZCTA 96142 in Placer County.,,,,
95703 Applegate,zcta,95703,Applegate,38.9890274,-120.9877751,529931,,2025-07-31,10,0,Zillow ZIP-level market for Applegate; mapped with Census 2020 ZCTA 95703 in Placer County.,,,,
95681 Sheridan,zcta,95681,Sheridan,38.9980915,-121.354198,541157,,2025-07-31,10,0,Zillow ZIP-level market for Sheridan; mapped with Census 2020 ZCTA 95681 in Placer County.,,,,
95701 Alta,zcta,95701,Alta,39.226549,-120.7670224,461300,,2025-07-31,10,0,Zillow ZIP-level market for Alta; mapped with Census 2020 ZCTA 95701 in Placer County.,,,,
95715 nan,zcta,95715,nan,39.2766508,-120.644012,362579,,2025-07-31,10,0,Zillow ZIP-level market for nan; mapped with Census 2020 ZCTA 95715 in Placer County.,,,,
95717 Gold Run,zcta,95717,Gold Run,39.1425937,-120.8426891,481710,,2025-07-31,10,0,Zillow ZIP-level market for Gold Run; mapped with Census 2020 ZCTA 95717 in Placer County.,,,,
95728 Soda Springs,zcta,95728,Soda Springs,39.2946534,-120.4014066,758024,,2025-07-31,10,0,Zillow ZIP-level market for Soda Springs; mapped with Census 2020 ZCTA 95728 in Placer County.,,,,
95714 Dutch Flat,zcta,95714,Dutch Flat,39.2011586,-120.8367976,416653,,2025-07-31,10,0,Zillow ZIP-level market for Dutch Flat; mapped with Census 2020 ZCTA 95714 in Placer County.,,,,
96141 Homewood,zcta,96141,Homewood,39.0989284,-120.2052313,1248002,,2025-07-31,10,0,Zillow ZIP-level market for Homewood; mapped with Census 2020 ZCTA 96141 in Placer County.,,,,
95747 Roseville,zcta,95747,Roseville,38.7784212,-121.3688294,671529,2835,2025-08-31,10,0,Zillow ZIP-level market for Roseville; mapped with Census 2020 ZCTA 95747 in Placer County.,,2835,Zillow ZORI,
95648 Lincoln,zcta,95648,Lincoln,38.9228115,-121.3120046,647272,2934,2025-08-31,10,0,Zillow ZIP-level market for Lincoln; mapped with Census 2020 ZCTA 95648 in Placer County.,,2934,Zillow ZORI,
95678 Roseville,zcta,95678,Roseville,38.7653528,-121.2884731,564784,2295,2025-08-31,10,0,Zillow ZIP-level market for Roseville; mapped with Census 2020 ZCTA 95678 in Placer County.,,2295,Zillow ZORI,
95765 Rocklin,zcta,95765,Rocklin,38.8197384,-121.2783211,733995,2499,2025-08-31,10,0,Zillow ZIP-level market for Rocklin; mapped with Census 2020 ZCTA 95765 in Placer County.,,2499,Zillow ZORI,
95661 Roseville,zcta,95661,Roseville,38.7412743,-121.2492663,696418,2205,2025-08-31,10,0,Zillow ZIP-level market for Roseville; mapped with Census 2020 ZCTA 95661 in Placer County.,,2205,Zillow ZORI,
95603 Auburn,zcta,95603,Auburn,38.911346,-121.0857601,626701,2136,2025-08-31,10,0,Zillow ZIP-level market for Auburn; mapped with Census 2020 ZCTA 95603 in Placer County.,,2136,Zillow ZORI,
95677 Rocklin,zcta,95677,Rocklin,38.79292,-121.232006,668431,2294,2025-08-31,10,0,Zillow ZIP-level market for Rocklin; mapped with Census 2020 ZCTA 95677 in Placer County.,,2294,Zillow ZORI,
95746 Granite Bay,zcta,95746,Granite Bay,38.7469238,-121.1664336,1143777,,2025-08-31,10,0,Zillow ZIP-level market for Granite Bay; mapped with Census 2020 ZCTA 95746 in Placer County.,,,,
95602 Auburn,zcta,95602,Auburn,38.9914911,-121.1035441,678217,,2025-08-31,10,0,Zillow ZIP-level market for Auburn; mapped with Census 2020 ZCTA 95602 in Placer County.,,,,
95650 Loomis,zcta,95650,Loomis,38.8091745,-121.171375,933769,,2025-08-31,10,0,Zillow ZIP-level market for Loomis; mapped with Census 2020 ZCTA 95650 in Placer County.,,,,
95713 Colfax,zcta,95713,Colfax,39.0813467,-120.9323895,492871,,2025-08-31,10,0,Zillow ZIP-level market for Colfax; mapped with Census 2020 ZCTA 95713 in Placer County.,,,,
95658 Newcastle,zcta,95658,Newcastle,38.8811828,-121.1690138,926652,,2025-08-31,10,0,Zillow ZIP-level market for Newcastle; mapped with Census 2020 ZCTA 95658 in Placer County.,,,,
95722 Meadow Vista,zcta,95722,Meadow Vista,39.0098006,-121.0347072,661942,,2025-08-31,10,0,Zillow ZIP-level market for Meadow Vista; mapped with Census 2020 ZCTA 95722 in Placer County.,,,,
95631 Foresthill,zcta,95631,Foresthill,39.0549436,-120.7539748,492464,,2025-08-31,10,0,Zillow ZIP-level market for Foresthill; mapped with Census 2020 ZCTA 95631 in Placer County.,,,,
96143 Kings Beach,zcta,96143,Kings Beach,39.2605746,-120.0262906,805309,,2025-08-31,10,0,Zillow ZIP-level market for Kings Beach; mapped with Census 2020 ZCTA 96143 in Placer County.,,,,
95663 Penryn,zcta,95663,Penryn,38.8573725,-121.1825262,939414,,2025-08-31,10,0,Zillow ZIP-level market for Penryn; mapped with Census 2020 ZCTA 95663 in Placer County.,,,,
96145 Tahoe City,zcta,96145,Tahoe City,39.1809984,-120.151396,1259649,,2025-08-31,10,0,Zillow ZIP-level market for Tahoe City; mapped with Census 2020 ZCTA 96145 in Placer County.,,,,
96146 Olympic Valley,zcta,96146,Olympic Valley,39.2158973,-120.2451697,1249811,,2025-08-31,10,0,Zillow ZIP-level market for Olympic Valley; mapped with Census 2020 ZCTA 96146 in Placer County.,,,,
95668 Pleasant Grove,zcta,95668,Pleasant Grove,38.8275549,-121.4951816,745490,,2025-08-31,10,0,Zillow ZIP-level market for Pleasant Grove; mapped with Census 2020 ZCTA 95668 in Placer County.,,,,
96148 Tahoe Vista,zcta,96148,Tahoe Vista,39.249777,-120.0575895,966892,,2025-08-31,10,0,Zillow ZIP-level market for Tahoe Vista; mapped with Census 2020 ZCTA 96148 in Placer County.,,,,
96140 Carnelian Bay,zcta,96140,Carnelian Bay,39.2320185,-120.0963996,1129038,,2025-08-31,10,0,Zillow ZIP-level market for Carnelian Bay; mapped with Census 2020 ZCTA 96140 in Placer County.,,,,
96142 Tahoma,zcta,96142,Tahoma,38.9986311,-120.1038814,856223,,2025-08-31,10,0,Zillow ZIP-level market for Tahoma; mapped with Census 2020 ZCTA 96142 in Placer County.,,,,
95703 Applegate,zcta,95703,Applegate,38.9890274,-120.9877751,529009,,2025-08-31,10,0,Zillow ZIP-level market for Applegate; mapped with Census 2020 ZCTA 95703 in Placer County.,,,,
95681 Sheridan,zcta,95681,Sheridan,38.9980915,-121.354198,541522,,2025-08-31,10,0,Zillow ZIP-level market for Sheridan; mapped with Census 2020 ZCTA 95681 in Placer County.,,,,
95701 Alta,zcta,95701,Alta,39.226549,-120.7670224,460852,,2025-08-31,10,0,Zillow ZIP-level market for Alta; mapped with Census 2020 ZCTA 95701 in Placer County.,,,,
95715 nan,zcta,95715,nan,39.2766508,-120.644012,360620,,2025-08-31,10,0,Zillow ZIP-level market for nan; mapped with Census 2020 ZCTA 95715 in Placer County.,,,,
95717 Gold Run,zcta,95717,Gold Run,39.1425937,-120.8426891,479178,,2025-08-31,10,0,Zillow ZIP-level market for Gold Run; mapped with Census 2020 ZCTA 95717 in Placer County.,,,,
95728 Soda Springs,zcta,95728,Soda Springs,39.2946534,-120.4014066,755688,,2025-08-31,10,0,Zillow ZIP-level market for Soda Springs; mapped with Census 2020 ZCTA 95728 in Placer County.,,,,
95714 Dutch Flat,zcta,95714,Dutch Flat,39.2011586,-120.8367976,417037,,2025-08-31,10,0,Zillow ZIP-level market for Dutch Flat; mapped with Census 2020 ZCTA 95714 in Placer County.,,,,
96141 Homewood,zcta,96141,Homewood,39.0989284,-120.2052313,1248092,,2025-08-31,10,0,Zillow ZIP-level market for Homewood; mapped with Census 2020 ZCTA 96141 in Placer County.,,,,
95747 Roseville,zcta,95747,Roseville,38.7784212,-121.3688294,671564,2833,2025-09-30,10,0,Zillow ZIP-level market for Roseville; mapped with Census 2020 ZCTA 95747 in Placer County.,,2833,Zillow ZORI,
95648 Lincoln,zcta,95648,Lincoln,38.9228115,-121.3120046,645976,2906,2025-09-30,10,0,Zillow ZIP-level market for Lincoln; mapped with Census 2020 ZCTA 95648 in Placer County.,,2906,Zillow ZORI,
95678 Roseville,zcta,95678,Roseville,38.7653528,-121.2884731,564686,2304,2025-09-30,10,0,Zillow ZIP-level market for Roseville; mapped with Census 2020 ZCTA 95678 in Placer County.,,2304,Zillow ZORI,
95765 Rocklin,zcta,95765,Rocklin,38.8197384,-121.2783211,732906,2527,2025-09-30,10,0,Zillow ZIP-level market for Rocklin; mapped with Census 2020 ZCTA 95765 in Placer County.,,2527,Zillow ZORI,
95661 Roseville,zcta,95661,Roseville,38.7412743,-121.2492663,696505,2181,2025-09-30,10,0,Zillow ZIP-level market for Roseville; mapped with Census 2020 ZCTA 95661 in Placer County.,,2181,Zillow ZORI,
95603 Auburn,zcta,95603,Auburn,38.911346,-121.0857601,626438,2197,2025-09-30,10,0,Zillow ZIP-level market for Auburn; mapped with Census 2020 ZCTA 95603 in Placer County.,,2197,Zillow ZORI,
95677 Rocklin,zcta,95677,Rocklin,38.79292,-121.232006,667836,2294,2025-09-30,10,0,Zillow ZIP-level market for Rocklin; mapped with Census 2020 ZCTA 95677 in Placer County.,,2294,Zillow ZORI,
95746 Granite Bay,zcta,95746,Granite Bay,38.7469238,-121.1664336,1146756,,2025-09-30,10,0,Zillow ZIP-level market for Granite Bay; mapped with Census 2020 ZCTA 95746 in Placer County.,,,,
95602 Auburn,zcta,95602,Auburn,38.9914911,-121.1035441,679635,,2025-09-30,10,0,Zillow ZIP-level market for Auburn; mapped with Census 2020 ZCTA 95602 in Placer County.,,,,
95650 Loomis,zcta,95650,Loomis,38.8091745,-121.171375,936755,,2025-09-30,10,0,Zillow ZIP-level market for Loomis; mapped with Census 2020 ZCTA 95650 in Placer County.,,,,
95713 Colfax,zcta,95713,Colfax,39.0813467,-120.9323895,494691,,2025-09-30,10,0,Zillow ZIP-level market for Colfax; mapped with Census 2020 ZCTA 95713 in Placer County.,,,,
95658 Newcastle,zcta,95658,Newcastle,38.8811828,-121.1690138,927467,,2025-09-30,10,0,Zillow ZIP-level market for Newcastle; mapped with Census 2020 ZCTA 95658 in Placer County.,,,,
95722 Meadow Vista,zcta,95722,Meadow Vista,39.0098006,-121.0347072,662484,,2025-09-30,10,0,Zillow ZIP-level market for Meadow Vista; mapped with Census 2020 ZCTA 95722 in Placer County.,,,,
95631 Foresthill,zcta,95631,Foresthill,39.0549436,-120.7539748,493227,,2025-09-30,10,0,Zillow ZIP-level market for Foresthill; mapped with Census 2020 ZCTA 95631 in Placer County.,,,,
96143 Kings Beach,zcta,96143,Kings Beach,39.2605746,-120.0262906,806775,,2025-09-30,10,0,Zillow ZIP-level market for Kings Beach; mapped with Census 2020 ZCTA 96143 in Placer County.,,,,
95663 Penryn,zcta,95663,Penryn,38.8573725,-121.1825262,940042,,2025-09-30,10,0,Zillow ZIP-level market for Penryn; mapped with Census 2020 ZCTA 95663 in Placer County.,,,,
96145 Tahoe City,zcta,96145,Tahoe City,39.1809984,-120.151396,1268243,,2025-09-30,10,0,Zillow ZIP-level market for Tahoe City; mapped with Census 2020 ZCTA 96145 in Placer County.,,,,
96146 Olympic Valley,zcta,96146,Olympic Valley,39.2158973,-120.2451697,1250881,,2025-09-30,10,0,Zillow ZIP-level market for Olympic Valley; mapped with Census 2020 ZCTA 96146 in Placer County.,,,,
95668 Pleasant Grove,zcta,95668,Pleasant Grove,38.8275549,-121.4951816,748212,,2025-09-30,10,0,Zillow ZIP-level market for Pleasant Grove; mapped with Census 2020 ZCTA 95668 in Placer County.,,,,
96148 Tahoe Vista,zcta,96148,Tahoe Vista,39.249777,-120.0575895,967380,,2025-09-30,10,0,Zillow ZIP-level market for Tahoe Vista; mapped with Census 2020 ZCTA 96148 in Placer County.,,,,
96140 Carnelian Bay,zcta,96140,Carnelian Bay,39.2320185,-120.0963996,1122131,,2025-09-30,10,0,Zillow ZIP-level market for Carnelian Bay; mapped with Census 2020 ZCTA 96140 in Placer County.,,,,
96142 Tahoma,zcta,96142,Tahoma,38.9986311,-120.1038814,862187,,2025-09-30,10,0,Zillow ZIP-level market for Tahoma; mapped with Census 2020 ZCTA 96142 in Placer County.,,,,
95703 Applegate,zcta,95703,Applegate,38.9890274,-120.9877751,528868,,2025-09-30,10,0,Zillow ZIP-level market for Applegate; mapped with Census 2020 ZCTA 95703 in Placer County.,,,,
95681 Sheridan,zcta,95681,Sheridan,38.9980915,-121.354198,542279,,2025-09-30,10,0,Zillow ZIP-level market for Sheridan; mapped with Census 2020 ZCTA 95681 in Placer County.,,,,
95701 Alta,zcta,95701,Alta,39.226549,-120.7670224,461176,,2025-09-30,10,0,Zillow ZIP-level market for Alta; mapped with Census 2020 ZCTA 95701 in Placer County.,,,,
95715 nan,zcta,95715,nan,39.2766508,-120.644012,359909,,2025-09-30,10,0,Zillow ZIP-level market for nan; mapped with Census 2020 ZCTA 95715 in Placer County.,,,,
95717 Gold Run,zcta,95717,Gold Run,39.1425937,-120.8426891,477153,,2025-09-30,10,0,Zillow ZIP-level market for Gold Run; mapped with Census 2020 ZCTA 95717 in Placer County.,,,,
95728 Soda Springs,zcta,95728,Soda Springs,39.2946534,-120.4014066,761307,,2025-09-30,10,0,Zillow ZIP-level market for Soda Springs; mapped with Census 2020 ZCTA 95728 in Placer County.,,,,
95714 Dutch Flat,zcta,95714,Dutch Flat,39.2011586,-120.8367976,417691,,2025-09-30,10,0,Zillow ZIP-level market for Dutch Flat; mapped with Census 2020 ZCTA 95714 in Placer County.,,,,
96141 Homewood,zcta,96141,Homewood,39.0989284,-120.2052313,1255358,,2025-09-30,10,0,Zillow ZIP-level market for Homewood; mapped with Census 2020 ZCTA 96141 in Placer County.,,,,
95747 Roseville,zcta,95747,Roseville,38.7784212,-121.3688294,671925,2820,2025-10-31,10,0,Zillow ZIP-level market for Roseville; mapped with Census 2020 ZCTA 95747 in Placer County.,,2820,Zillow ZORI,
95648 Lincoln,zcta,95648,Lincoln,38.9228115,-121.3120046,645940,2886,2025-10-31,10,0,Zillow ZIP-level market for Lincoln; mapped with Census 2020 ZCTA 95648 in Placer County.,,2886,Zillow ZORI,
95678 Roseville,zcta,95678,Roseville,38.7653528,-121.2884731,564379,2316,2025-10-31,10,0,Zillow ZIP-level market for Roseville; mapped with Census 2020 ZCTA 95678 in Placer County.,,2316,Zillow ZORI,
95765 Rocklin,zcta,95765,Rocklin,38.8197384,-121.2783211,732594,2522,2025-10-31,10,0,Zillow ZIP-level market for Rocklin; mapped with Census 2020 ZCTA 95765 in Placer County.,,2522,Zillow ZORI,
95661 Roseville,zcta,95661,Roseville,38.7412743,-121.2492663,697140,2186,2025-10-31,10,0,Zillow ZIP-level market for Roseville; mapped with Census 2020 ZCTA 95661 in Placer County.,,2186,Zillow ZORI,
95603 Auburn,zcta,95603,Auburn,38.911346,-121.0857601,626555,2190,2025-10-31,10,0,Zillow ZIP-level market for Auburn; mapped with Census 2020 ZCTA 95603 in Placer County.,,2190,Zillow ZORI,
95677 Rocklin,zcta,95677,Rocklin,38.79292,-121.232006,667823,2289,2025-10-31,10,0,Zillow ZIP-level market for Rocklin; mapped with Census 2020 ZCTA 95677 in Placer County.,,2289,Zillow ZORI,
95746 Granite Bay,zcta,95746,Granite Bay,38.7469238,-121.1664336,1149502,,2025-10-31,10,0,Zillow ZIP-level market for Granite Bay; mapped with Census 2020 ZCTA 95746 in Placer County.,,,,
95602 Auburn,zcta,95602,Auburn,38.9914911,-121.1035441,678579,,2025-10-31,10,0,Zillow ZIP-level market for Auburn; mapped with Census 2020 ZCTA 95602 in Placer County.,,,,
95650 Loomis,zcta,95650,Loomis,38.8091745,-121.171375,938239,,2025-10-31,10,0,Zillow ZIP-level market for Loomis; mapped with Census 2020 ZCTA 95650 in Placer County.,,,,
95713 Colfax,zcta,95713,Colfax,39.0813467,-120.9323895,495782,,2025-10-31,10,0,Zillow ZIP-level market for Colfax; mapped with Census 2020 ZCTA 95713 in Placer County.,,,,
95658 Newcastle,zcta,95658,Newcastle,38.8811828,-121.1690138,926961,,2025-10-31,10,0,Zillow ZIP-level market for Newcastle; mapped with Census 2020 ZCTA 95658 in Placer County.,,,,
95722 Meadow Vista,zcta,95722,Meadow Vista,39.0098006,-121.0347072,663827,,2025-10-31,10,0,Zillow ZIP-level market for Meadow Vista; mapped with Census 2020 ZCTA 95722 in Placer County.,,,,
95631 Foresthill,zcta,95631,Foresthill,39.0549436,-120.7539748,494152,,2025-10-31,10,0,Zillow ZIP-level market for Foresthill; mapped with Census 2020 ZCTA 95631 in Placer County.,,,,
96143 Kings Beach,zcta,96143,Kings Beach,39.2605746,-120.0262906,807071,,2025-10-31,10,0,Zillow ZIP-level market for Kings Beach; mapped with Census 2020 ZCTA 96143 in Placer County.,,,,
95663 Penryn,zcta,95663,Penryn,38.8573725,-121.1825262,940356,,2025-10-31,10,0,Zillow ZIP-level market for Penryn; mapped with Census 2020 ZCTA 95663 in Placer County.,,,,
96145 Tahoe City,zcta,96145,Tahoe City,39.1809984,-120.151396,1273972,,2025-10-31,10,0,Zillow ZIP-level market for Tahoe City; mapped with Census 2020 ZCTA 96145 in Placer County.,,,,
96146 Olympic Valley,zcta,96146,Olympic Valley,39.2158973,-120.2451697,1253996,,2025-10-31,10,0,Zillow ZIP-level market for Olympic Valley; mapped with Census 2020 ZCTA 96146 in Placer County.,,,,
95668 Pleasant Grove,zcta,95668,Pleasant Grove,38.8275549,-121.4951816,754562,,2025-10-31,10,0,Zillow ZIP-level market for Pleasant Grove; mapped with Census 2020 ZCTA 95668 in Placer County.,,,,
96148 Tahoe Vista,zcta,96148,Tahoe Vista,39.249777,-120.0575895,966168,,2025-10-31,10,0,Zillow ZIP-level market for Tahoe Vista; mapped with Census 2020 ZCTA 96148 in Placer County.,,,,
96140 Carnelian Bay,zcta,96140,Carnelian Bay,39.2320185,-120.0963996,1112380,,2025-10-31,10,0,Zillow ZIP-level market for Carnelian Bay; mapped with Census 2020 ZCTA 96140 in Placer County.,,,,
96142 Tahoma,zcta,96142,Tahoma,38.9986311,-120.1038814,868178,,2025-10-31,10,0,Zillow ZIP-level market for Tahoma; mapped with Census 2020 ZCTA 96142 in Placer County.,,,,
95703 Applegate,zcta,95703,Applegate,38.9890274,-120.9877751,529872,,2025-10-31,10,0,Zillow ZIP-level market for Applegate; mapped with Census 2020 ZCTA 95703 in Placer County.,,,,
95681 Sheridan,zcta,95681,Sheridan,38.9980915,-121.354198,542257,,2025-10-31,10,0,Zillow ZIP-level market for Sheridan; mapped with Census 2020 ZCTA 95681 in Placer County.,,,,
95701 Alta,zcta,95701,Alta,39.226549,-120.7670224,461315,,2025-10-31,10,0,Zillow ZIP-level market for Alta; mapped with Census 2020 ZCTA 95701 in Placer County.,,,,
95715 nan,zcta,95715,nan,39.2766508,-120.644012,358142,,2025-10-31,10,0,Zillow ZIP-level market for nan; mapped with Census 2020 ZCTA 95715 in Placer County.,,,,
95717 Gold Run,zcta,95717,Gold Run,39.1425937,-120.8426891,473766,,2025-10-31,10,0,Zillow ZIP-level market for Gold Run; mapped with Census 2020 ZCTA 95717 in Placer County.,,,,
95728 Soda Springs,zcta,95728,Soda Springs,39.2946534,-120.4014066,768104,,2025-10-31,10,0,Zillow ZIP-level market for Soda Springs; mapped with Census 2020 ZCTA 95728 in Placer County.,,,,
95714 Dutch Flat,zcta,95714,Dutch Flat,39.2011586,-120.8367976,417259,,2025-10-31,10,0,Zillow ZIP-level market for Dutch Flat; mapped with Census 2020 ZCTA 95714 in Placer County.,,,,
96141 Homewood,zcta,96141,Homewood,39.0989284,-120.2052313,1257607,,2025-10-31,10,0,Zillow ZIP-level market for Homewood; mapped with Census 2020 ZCTA 96141 in Placer County.,,,,
95747 Roseville,zcta,95747,Roseville,38.7784212,-121.3688294,672641,2815,2025-11-30,10,0,Zillow ZIP-level market for Roseville; mapped with Census 2020 ZCTA 95747 in Placer County.,,2815,Zillow ZORI,
95648 Lincoln,zcta,95648,Lincoln,38.9228115,-121.3120046,647511,2891,2025-11-30,10,0,Zillow ZIP-level market for Lincoln; mapped with Census 2020 ZCTA 95648 in Placer County.,,2891,Zillow ZORI,
95678 Roseville,zcta,95678,Roseville,38.7653528,-121.2884731,564684,2304,2025-11-30,10,0,Zillow ZIP-level market for Roseville; mapped with Census 2020 ZCTA 95678 in Placer County.,,2304,Zillow ZORI,
95765 Rocklin,zcta,95765,Rocklin,38.8197384,-121.2783211,733378,2519,2025-11-30,10,0,Zillow ZIP-level market for Rocklin; mapped with Census 2020 ZCTA 95765 in Placer County.,,2519,Zillow ZORI,
95661 Roseville,zcta,95661,Roseville,38.7412743,-121.2492663,699015,2145,2025-11-30,10,0,Zillow ZIP-level market for Roseville; mapped with Census 2020 ZCTA 95661 in Placer County.,,2145,Zillow ZORI,
95603 Auburn,zcta,95603,Auburn,38.911346,-121.0857601,628346,2237,2025-11-30,10,0,Zillow ZIP-level market for Auburn; mapped with Census 2020 ZCTA 95603 in Placer County.,,2237,Zillow ZORI,
95677 Rocklin,zcta,95677,Rocklin,38.79292,-121.232006,668810,2245,2025-11-30,10,0,Zillow ZIP-level market for Rocklin; mapped with Census 2020 ZCTA 95677 in Placer County.,,2245,Zillow ZORI,
95746 Granite Bay,zcta,95746,Granite Bay,38.7469238,-121.1664336,1155079,,2025-11-30,10,0,Zillow ZIP-level market for Granite Bay; mapped with Census 2020 ZCTA 95746 in Placer County.,,,,
95602 Auburn,zcta,95602,Auburn,38.9914911,-121.1035441,677066,,2025-11-30,10,0,Zillow ZIP-level market for Auburn; mapped with Census 2020 ZCTA 95602 in Placer County.,,,,
95650 Loomis,zcta,95650,Loomis,38.8091745,-121.171375,940711,,2025-11-30,10,0,Zillow ZIP-level market for Loomis; mapped with Census 2020 ZCTA 95650 in Placer County.,,,,
95713 Colfax,zcta,95713,Colfax,39.0813467,-120.9323895,497163,,2025-11-30,10,0,Zillow ZIP-level market for Colfax; mapped with Census 2020 ZCTA 95713 in Placer County.,,,,
95658 Newcastle,zcta,95658,Newcastle,38.8811828,-121.1690138,929198,,2025-11-30,10,0,Zillow ZIP-level market for Newcastle; mapped with Census 2020 ZCTA 95658 in Placer County.,,,,
95722 Meadow Vista,zcta,95722,Meadow Vista,39.0098006,-121.0347072,666773,,2025-11-30,10,0,Zillow ZIP-level market for Meadow Vista; mapped with Census 2020 ZCTA 95722 in Placer County.,,,,
95631 Foresthill,zcta,95631,Foresthill,39.0549436,-120.7539748,495156,,2025-11-30,10,0,Zillow ZIP-level market for Foresthill; mapped with Census 2020 ZCTA 95631 in Placer County.,,,,
96143 Kings Beach,zcta,96143,Kings Beach,39.2605746,-120.0262906,808326,,2025-11-30,10,0,Zillow ZIP-level market for Kings Beach; mapped with Census 2020 ZCTA 96143 in Placer County.,,,,
95663 Penryn,zcta,95663,Penryn,38.8573725,-121.1825262,943345,,2025-11-30,10,0,Zillow ZIP-level market for Penryn; mapped with Census 2020 ZCTA 95663 in Placer County.,,,,
96145 Tahoe City,zcta,96145,Tahoe City,39.1809984,-120.151396,1281493,,2025-11-30,10,0,Zillow ZIP-level market for Tahoe City; mapped with Census 2020 ZCTA 96145 in Placer County.,,,,
96146 Olympic Valley,zcta,96146,Olympic Valley,39.2158973,-120.2451697,1260381,,2025-11-30,10,0,Zillow ZIP-level market for Olympic Valley; mapped with Census 2020 ZCTA 96146 in Placer County.,,,,
95668 Pleasant Grove,zcta,95668,Pleasant Grove,38.8275549,-121.4951816,757560,,2025-11-30,10,0,Zillow ZIP-level market for Pleasant Grove; mapped with Census 2020 ZCTA 95668 in Placer County.,,,,
96148 Tahoe Vista,zcta,96148,Tahoe Vista,39.249777,-120.0575895,966099,,2025-11-30,10,0,Zillow ZIP-level market for Tahoe Vista; mapped with Census 2020 ZCTA 96148 in Placer County.,,,,
96140 Carnelian Bay,zcta,96140,Carnelian Bay,39.2320185,-120.0963996,1105808,,2025-11-30,10,0,Zillow ZIP-level market for Carnelian Bay; mapped with Census 2020 ZCTA 96140 in Placer County.,,,,
96142 Tahoma,zcta,96142,Tahoma,38.9986311,-120.1038814,874449,,2025-11-30,10,0,Zillow ZIP-level market for Tahoma; mapped with Census 2020 ZCTA 96142 in Placer County.,,,,
95703 Applegate,zcta,95703,Applegate,38.9890274,-120.9877751,532457,,2025-11-30,10,0,Zillow ZIP-level market for Applegate; mapped with Census 2020 ZCTA 95703 in Placer County.,,,,
95681 Sheridan,zcta,95681,Sheridan,38.9980915,-121.354198,542599,,2025-11-30,10,0,Zillow ZIP-level market for Sheridan; mapped with Census 2020 ZCTA 95681 in Placer County.,,,,
95701 Alta,zcta,95701,Alta,39.226549,-120.7670224,461993,,2025-11-30,10,0,Zillow ZIP-level market for Alta; mapped with Census 2020 ZCTA 95701 in Placer County.,,,,
95715 nan,zcta,95715,nan,39.2766508,-120.644012,357288,,2025-11-30,10,0,Zillow ZIP-level market for nan; mapped with Census 2020 ZCTA 95715 in Placer County.,,,,
95717 Gold Run,zcta,95717,Gold Run,39.1425937,-120.8426891,470370,,2025-11-30,10,0,Zillow ZIP-level market for Gold Run; mapped with Census 2020 ZCTA 95717 in Placer County.,,,,
95728 Soda Springs,zcta,95728,Soda Springs,39.2946534,-120.4014066,774913,,2025-11-30,10,0,Zillow ZIP-level market for Soda Springs; mapped with Census 2020 ZCTA 95728 in Placer County.,,,,
95714 Dutch Flat,zcta,95714,Dutch Flat,39.2011586,-120.8367976,416531,,2025-11-30,10,0,Zillow ZIP-level market for Dutch Flat; mapped with Census 2020 ZCTA 95714 in Placer County.,,,,
96141 Homewood,zcta,96141,Homewood,39.0989284,-120.2052313,1258974,,2025-11-30,10,0,Zillow ZIP-level market for Homewood; mapped with Census 2020 ZCTA 96141 in Placer County.,,,,
95747 Roseville,zcta,95747,Roseville,38.7784212,-121.3688294,674113,2780,2025-12-31,10,0,Zillow ZIP-level market for Roseville; mapped with Census 2020 ZCTA 95747 in Placer County.,,2780,Zillow ZORI,
95648 Lincoln,zcta,95648,Lincoln,38.9228115,-121.3120046,649728,2905,2025-12-31,10,0,Zillow ZIP-level market for Lincoln; mapped with Census 2020 ZCTA 95648 in Placer County.,,2905,Zillow ZORI,
95678 Roseville,zcta,95678,Roseville,38.7653528,-121.2884731,565482,2304,2025-12-31,10,0,Zillow ZIP-level market for Roseville; mapped with Census 2020 ZCTA 95678 in Placer County.,,2304,Zillow ZORI,
95765 Rocklin,zcta,95765,Rocklin,38.8197384,-121.2783211,734567,2515,2025-12-31,10,0,Zillow ZIP-level market for Rocklin; mapped with Census 2020 ZCTA 95765 in Placer County.,,2515,Zillow ZORI,
95661 Roseville,zcta,95661,Roseville,38.7412743,-121.2492663,701179,2142,2025-12-31,10,0,Zillow ZIP-level market for Roseville; mapped with Census 2020 ZCTA 95661 in Placer County.,,2142,Zillow ZORI,
95603 Auburn,zcta,95603,Auburn,38.911346,-121.0857601,630553,2214,2025-12-31,10,0,Zillow ZIP-level market for Auburn; mapped with Census 2020 ZCTA 95603 in Placer County.,,2214,Zillow ZORI,
95677 Rocklin,zcta,95677,Rocklin,38.79292,-121.232006,670327,2223,2025-12-31,10,0,Zillow ZIP-level market for Rocklin; mapped with Census 2020 ZCTA 95677 in Placer County.,,2223,Zillow ZORI,
95746 Granite Bay,zcta,95746,Granite Bay,38.7469238,-121.1664336,1159120,,2025-12-31,10,0,Zillow ZIP-level market for Granite Bay; mapped with Census 2020 ZCTA 95746 in Placer County.,,,,
95602 Auburn,zcta,95602,Auburn,38.9914911,-121.1035441,675712,,2025-12-31,10,0,Zillow ZIP-level market for Auburn; mapped with Census 2020 ZCTA 95602 in Placer County.,,,,
95650 Loomis,zcta,95650,Loomis,38.8091745,-121.171375,942707,,2025-12-31,10,0,Zillow ZIP-level market for Loomis; mapped with Census 2020 ZCTA 95650 in Placer County.,,,,
95713 Colfax,zcta,95713,Colfax,39.0813467,-120.9323895,499049,,2025-12-31,10,0,Zillow ZIP-level market for Colfax; mapped with Census 2020 ZCTA 95713 in Placer County.,,,,
95658 Newcastle,zcta,95658,Newcastle,38.8811828,-121.1690138,931023,,2025-12-31,10,0,Zillow ZIP-level market for Newcastle; mapped with Census 2020 ZCTA 95658 in Placer County.,,,,
95722 Meadow Vista,zcta,95722,Meadow Vista,39.0098006,-121.0347072,670043,,2025-12-31,10,0,Zillow ZIP-level market for Meadow Vista; mapped with Census 2020 ZCTA 95722 in Placer County.,,,,
95631 Foresthill,zcta,95631,Foresthill,39.0549436,-120.7539748,496229,,2025-12-31,10,0,Zillow ZIP-level market for Foresthill; mapped with Census 2020 ZCTA 95631 in Placer County.,,,,
96143 Kings Beach,zcta,96143,Kings Beach,39.2605746,-120.0262906,808955,,2025-12-31,10,0,Zillow ZIP-level market for Kings Beach; mapped with Census 2020 ZCTA 96143 in Placer County.,,,,
95663 Penryn,zcta,95663,Penryn,38.8573725,-121.1825262,946105,,2025-12-31,10,0,Zillow ZIP-level market for Penryn; mapped with Census 2020 ZCTA 95663 in Placer County.,,,,
96145 Tahoe City,zcta,96145,Tahoe City,39.1809984,-120.151396,1287890,,2025-12-31,10,0,Zillow ZIP-level market for Tahoe City; mapped with Census 2020 ZCTA 96145 in Placer County.,,,,
96146 Olympic Valley,zcta,96146,Olympic Valley,39.2158973,-120.2451697,1263860,,2025-12-31,10,0,Zillow ZIP-level market for Olympic Valley; mapped with Census 2020 ZCTA 96146 in Placer County.,,,,
95668 Pleasant Grove,zcta,95668,Pleasant Grove,38.8275549,-121.4951816,760910,,2025-12-31,10,0,Zillow ZIP-level market for Pleasant Grove; mapped with Census 2020 ZCTA 95668 in Placer County.,,,,
96148 Tahoe Vista,zcta,96148,Tahoe Vista,39.249777,-120.0575895,965798,,2025-12-31,10,0,Zillow ZIP-level market for Tahoe Vista; mapped with Census 2020 ZCTA 96148 in Placer County.,,,,
96140 Carnelian Bay,zcta,96140,Carnelian Bay,39.2320185,-120.0963996,1104090,,2025-12-31,10,0,Zillow ZIP-level market for Carnelian Bay; mapped with Census 2020 ZCTA 96140 in Placer County.,,,,
96142 Tahoma,zcta,96142,Tahoma,38.9986311,-120.1038814,878616,,2025-12-31,10,0,Zillow ZIP-level market for Tahoma; mapped with Census 2020 ZCTA 96142 in Placer County.,,,,
95703 Applegate,zcta,95703,Applegate,38.9890274,-120.9877751,536090,,2025-12-31,10,0,Zillow ZIP-level market for Applegate; mapped with Census 2020 ZCTA 95703 in Placer County.,,,,
95681 Sheridan,zcta,95681,Sheridan,38.9980915,-121.354198,543010,,2025-12-31,10,0,Zillow ZIP-level market for Sheridan; mapped with Census 2020 ZCTA 95681 in Placer County.,,,,
95701 Alta,zcta,95701,Alta,39.226549,-120.7670224,463773,,2025-12-31,10,0,Zillow ZIP-level market for Alta; mapped with Census 2020 ZCTA 95701 in Placer County.,,,,
95715 nan,zcta,95715,nan,39.2766508,-120.644012,357174,,2025-12-31,10,0,Zillow ZIP-level market for nan; mapped with Census 2020 ZCTA 95715 in Placer County.,,,,
95717 Gold Run,zcta,95717,Gold Run,39.1425937,-120.8426891,467755,,2025-12-31,10,0,Zillow ZIP-level market for Gold Run; mapped with Census 2020 ZCTA 95717 in Placer County.,,,,
95728 Soda Springs,zcta,95728,Soda Springs,39.2946534,-120.4014066,777298,,2025-12-31,10,0,Zillow ZIP-level market for Soda Springs; mapped with Census 2020 ZCTA 95728 in Placer County.,,,,
95714 Dutch Flat,zcta,95714,Dutch Flat,39.2011586,-120.8367976,417045,,2025-12-31,10,0,Zillow ZIP-level market for Dutch Flat; mapped with Census 2020 ZCTA 95714 in Placer County.,,,,
96141 Homewood,zcta,96141,Homewood,39.0989284,-120.2052313,1261543,,2025-12-31,10,0,Zillow ZIP-level market for Homewood; mapped with Census 2020 ZCTA 96141 in Placer County.,,,,
95747 Roseville,zcta,95747,Roseville,38.7784212,-121.3688294,674901,2795,2026-01-31,10,0,Zillow ZIP-level market for Roseville; mapped with Census 2020 ZCTA 95747 in Placer County.,,2795,Zillow ZORI,
95648 Lincoln,zcta,95648,Lincoln,38.9228115,-121.3120046,650952,2934,2026-01-31,10,0,Zillow ZIP-level market for Lincoln; mapped with Census 2020 ZCTA 95648 in Placer County.,,2934,Zillow ZORI,
95678 Roseville,zcta,95678,Roseville,38.7653528,-121.2884731,565977,2284,2026-01-31,10,0,Zillow ZIP-level market for Roseville; mapped with Census 2020 ZCTA 95678 in Placer County.,,2284,Zillow ZORI,
95765 Rocklin,zcta,95765,Rocklin,38.8197384,-121.2783211,735211,2527,2026-01-31,10,0,Zillow ZIP-level market for Rocklin; mapped with Census 2020 ZCTA 95765 in Placer County.,,2527,Zillow ZORI,
95661 Roseville,zcta,95661,Roseville,38.7412743,-121.2492663,702715,2125,2026-01-31,10,0,Zillow ZIP-level market for Roseville; mapped with Census 2020 ZCTA 95661 in Placer County.,,2125,Zillow ZORI,
95603 Auburn,zcta,95603,Auburn,38.911346,-121.0857601,631930,2246,2026-01-31,10,0,Zillow ZIP-level market for Auburn; mapped with Census 2020 ZCTA 95603 in Placer County.,,2246,Zillow ZORI,
95677 Rocklin,zcta,95677,Rocklin,38.79292,-121.232006,671157,2249,2026-01-31,10,0,Zillow ZIP-level market for Rocklin; mapped with Census 2020 ZCTA 95677 in Placer County.,,2249,Zillow ZORI,
95746 Granite Bay,zcta,95746,Granite Bay,38.7469238,-121.1664336,1161401,,2026-01-31,10,0,Zillow ZIP-level market for Granite Bay; mapped with Census 2020 ZCTA 95746 in Placer County.,,,,
95602 Auburn,zcta,95602,Auburn,38.9914911,-121.1035441,675705,,2026-01-31,10,0,Zillow ZIP-level market for Auburn; mapped with Census 2020 ZCTA 95602 in Placer County.,,,,
95650 Loomis,zcta,95650,Loomis,38.8091745,-121.171375,944453,,2026-01-31,10,0,Zillow ZIP-level market for Loomis; mapped with Census 2020 ZCTA 95650 in Placer County.,,,,
95713 Colfax,zcta,95713,Colfax,39.0813467,-120.9323895,501472,,2026-01-31,10,0,Zillow ZIP-level market for Colfax; mapped with Census 2020 ZCTA 95713 in Placer County.,,,,
95658 Newcastle,zcta,95658,Newcastle,38.8811828,-121.1690138,932828,,2026-01-31,10,0,Zillow ZIP-level market for Newcastle; mapped with Census 2020 ZCTA 95658 in Placer County.,,,,
95722 Meadow Vista,zcta,95722,Meadow Vista,39.0098006,-121.0347072,673033,,2026-01-31,10,0,Zillow ZIP-level market for Meadow Vista; mapped with Census 2020 ZCTA 95722 in Placer County.,,,,
95631 Foresthill,zcta,95631,Foresthill,39.0549436,-120.7539748,497573,,2026-01-31,10,0,Zillow ZIP-level market for Foresthill; mapped with Census 2020 ZCTA 95631 in Placer County.,,,,
96143 Kings Beach,zcta,96143,Kings Beach,39.2605746,-120.0262906,809939,,2026-01-31,10,0,Zillow ZIP-level market for Kings Beach; mapped with Census 2020 ZCTA 96143 in Placer County.,,,,
95663 Penryn,zcta,95663,Penryn,38.8573725,-121.1825262,948806,,2026-01-31,10,0,Zillow ZIP-level market for Penryn; mapped with Census 2020 ZCTA 95663 in Placer County.,,,,
96145 Tahoe City,zcta,96145,Tahoe City,39.1809984,-120.151396,1296162,,2026-01-31,10,0,Zillow ZIP-level market for Tahoe City; mapped with Census 2020 ZCTA 96145 in Placer County.,,,,
96146 Olympic Valley,zcta,96146,Olympic Valley,39.2158973,-120.2451697,1267373,,2026-01-31,10,0,Zillow ZIP-level market for Olympic Valley; mapped with Census 2020 ZCTA 96146 in Placer County.,,,,
95668 Pleasant Grove,zcta,95668,Pleasant Grove,38.8275549,-121.4951816,764148,,2026-01-31,10,0,Zillow ZIP-level market for Pleasant Grove; mapped with Census 2020 ZCTA 95668 in Placer County.,,,,
96148 Tahoe Vista,zcta,96148,Tahoe Vista,39.249777,-120.0575895,966831,,2026-01-31,10,0,Zillow ZIP-level market for Tahoe Vista; mapped with Census 2020 ZCTA 96148 in Placer County.,,,,
96140 Carnelian Bay,zcta,96140,Carnelian Bay,39.2320185,-120.0963996,1106619,,2026-01-31,10,0,Zillow ZIP-level market for Carnelian Bay; mapped with Census 2020 ZCTA 96140 in Placer County.,,,,
96142 Tahoma,zcta,96142,Tahoma,38.9986311,-120.1038814,882388,,2026-01-31,10,0,Zillow ZIP-level market for Tahoma; mapped with Census 2020 ZCTA 96142 in Placer County.,,,,
95703 Applegate,zcta,95703,Applegate,38.9890274,-120.9877751,539277,,2026-01-31,10,0,Zillow ZIP-level market for Applegate; mapped with Census 2020 ZCTA 95703 in Placer County.,,,,
95681 Sheridan,zcta,95681,Sheridan,38.9980915,-121.354198,542880,,2026-01-31,10,0,Zillow ZIP-level market for Sheridan; mapped with Census 2020 ZCTA 95681 in Placer County.,,,,
95701 Alta,zcta,95701,Alta,39.226549,-120.7670224,465736,,2026-01-31,10,0,Zillow ZIP-level market for Alta; mapped with Census 2020 ZCTA 95701 in Placer County.,,,,
95715 nan,zcta,95715,nan,39.2766508,-120.644012,358804,,2026-01-31,10,0,Zillow ZIP-level market for nan; mapped with Census 2020 ZCTA 95715 in Placer County.,,,,
95717 Gold Run,zcta,95717,Gold Run,39.1425937,-120.8426891,467084,,2026-01-31,10,0,Zillow ZIP-level market for Gold Run; mapped with Census 2020 ZCTA 95717 in Placer County.,,,,
95728 Soda Springs,zcta,95728,Soda Springs,39.2946534,-120.4014066,777361,,2026-01-31,10,0,Zillow ZIP-level market for Soda Springs; mapped with Census 2020 ZCTA 95728 in Placer County.,,,,
95714 Dutch Flat,zcta,95714,Dutch Flat,39.2011586,-120.8367976,417808,,2026-01-31,10,0,Zillow ZIP-level market for Dutch Flat; mapped with Census 2020 ZCTA 95714 in Placer County.,,,,
96141 Homewood,zcta,96141,Homewood,39.0989284,-120.2052313,1266353,,2026-01-31,10,0,Zillow ZIP-level market for Homewood; mapped with Census 2020 ZCTA 96141 in Placer County.,,,,
95747 Roseville,zcta,95747,Roseville,38.7784212,-121.3688294,675117,2793,2026-02-28,10,0,Zillow ZIP-level market for Roseville; mapped with Census 2020 ZCTA 95747 in Placer County.,,2793,Zillow ZORI,
95648 Lincoln,zcta,95648,Lincoln,38.9228115,-121.3120046,651214,2962,2026-02-28,10,0,Zillow ZIP-level market for Lincoln; mapped with Census 2020 ZCTA 95648 in Placer County.,,2962,Zillow ZORI,
95678 Roseville,zcta,95678,Roseville,38.7653528,-121.2884731,566006,2295,2026-02-28,10,0,Zillow ZIP-level market for Roseville; mapped with Census 2020 ZCTA 95678 in Placer County.,,2295,Zillow ZORI,
95765 Rocklin,zcta,95765,Rocklin,38.8197384,-121.2783211,735300,2538,2026-02-28,10,0,Zillow ZIP-level market for Rocklin; mapped with Census 2020 ZCTA 95765 in Placer County.,,2538,Zillow ZORI,
95661 Roseville,zcta,95661,Roseville,38.7412743,-121.2492663,703341,2160,2026-02-28,10,0,Zillow ZIP-level market for Roseville; mapped with Census 2020 ZCTA 95661 in Placer County.,,2160,Zillow ZORI,
95603 Auburn,zcta,95603,Auburn,38.911346,-121.0857601,631847,2227,2026-02-28,10,0,Zillow ZIP-level market for Auburn; mapped with Census 2020 ZCTA 95603 in Placer County.,,2227,Zillow ZORI,
95677 Rocklin,zcta,95677,Rocklin,38.79292,-121.232006,671449,2292,2026-02-28,10,0,Zillow ZIP-level market for Rocklin; mapped with Census 2020 ZCTA 95677 in Placer County.,,2292,Zillow ZORI,
95746 Granite Bay,zcta,95746,Granite Bay,38.7469238,-121.1664336,1162238,,2026-02-28,10,0,Zillow ZIP-level market for Granite Bay; mapped with Census 2020 ZCTA 95746 in Placer County.,,,,
95602 Auburn,zcta,95602,Auburn,38.9914911,-121.1035441,675958,,2026-02-28,10,0,Zillow ZIP-level market for Auburn; mapped with Census 2020 ZCTA 95602 in Placer County.,,,,
95650 Loomis,zcta,95650,Loomis,38.8091745,-121.171375,944851,,2026-02-28,10,0,Zillow ZIP-level market for Loomis; mapped with Census 2020 ZCTA 95650 in Placer County.,,,,
95713 Colfax,zcta,95713,Colfax,39.0813467,-120.9323895,503588,,2026-02-28,10,0,Zillow ZIP-level market for Colfax; mapped with Census 2020 ZCTA 95713 in Placer County.,,,,
95658 Newcastle,zcta,95658,Newcastle,38.8811828,-121.1690138,932721,,2026-02-28,10,0,Zillow ZIP-level market for Newcastle; mapped with Census 2020 ZCTA 95658 in Placer County.,,,,
95722 Meadow Vista,zcta,95722,Meadow Vista,39.0098006,-121.0347072,674294,,2026-02-28,10,0,Zillow ZIP-level market for Meadow Vista; mapped with Census 2020 ZCTA 95722 in Placer County.,,,,
95631 Foresthill,zcta,95631,Foresthill,39.0549436,-120.7539748,498651,,2026-02-28,10,0,Zillow ZIP-level market for Foresthill; mapped with Census 2020 ZCTA 95631 in Placer County.,,,,
96143 Kings Beach,zcta,96143,Kings Beach,39.2605746,-120.0262906,810623,,2026-02-28,10,0,Zillow ZIP-level market for Kings Beach; mapped with Census 2020 ZCTA 96143 in Placer County.,,,,
95663 Penryn,zcta,95663,Penryn,38.8573725,-121.1825262,949068,,2026-02-28,10,0,Zillow ZIP-level market for Penryn; mapped with Census 2020 ZCTA 95663 in Placer County.,,,,
96145 Tahoe City,zcta,96145,Tahoe City,39.1809984,-120.151396,1303845,,2026-02-28,10,0,Zillow ZIP-level market for Tahoe City; mapped with Census 2020 ZCTA 96145 in Placer County.,,,,
96146 Olympic Valley,zcta,96146,Olympic Valley,39.2158973,-120.2451697,1269845,,2026-02-28,10,0,Zillow ZIP-level market for Olympic Valley; mapped with Census 2020 ZCTA 96146 in Placer County.,,,,
95668 Pleasant Grove,zcta,95668,Pleasant Grove,38.8275549,-121.4951816,769957,,2026-02-28,10,0,Zillow ZIP-level market for Pleasant Grove; mapped with Census 2020 ZCTA 95668 in Placer County.,,,,
96148 Tahoe Vista,zcta,96148,Tahoe Vista,39.249777,-120.0575895,966613,,2026-02-28,10,0,Zillow ZIP-level market for Tahoe Vista; mapped with Census 2020 ZCTA 96148 in Placer County.,,,,
96140 Carnelian Bay,zcta,96140,Carnelian Bay,39.2320185,-120.0963996,1110059,,2026-02-28,10,0,Zillow ZIP-level market for Carnelian Bay; mapped with Census 2020 ZCTA 96140 in Placer County.,,,,
96142 Tahoma,zcta,96142,Tahoma,38.9986311,-120.1038814,885278,,2026-02-28,10,0,Zillow ZIP-level market for Tahoma; mapped with Census 2020 ZCTA 96142 in Placer County.,,,,
95703 Applegate,zcta,95703,Applegate,38.9890274,-120.9877751,541362,,2026-02-28,10,0,Zillow ZIP-level market for Applegate; mapped with Census 2020 ZCTA 95703 in Placer County.,,,,
95681 Sheridan,zcta,95681,Sheridan,38.9980915,-121.354198,542184,,2026-02-28,10,0,Zillow ZIP-level market for Sheridan; mapped with Census 2020 ZCTA 95681 in Placer County.,,,,
95701 Alta,zcta,95701,Alta,39.226549,-120.7670224,466941,,2026-02-28,10,0,Zillow ZIP-level market for Alta; mapped with Census 2020 ZCTA 95701 in Placer County.,,,,
95715 nan,zcta,95715,nan,39.2766508,-120.644012,360330,,2026-02-28,10,0,Zillow ZIP-level market for nan; mapped with Census 2020 ZCTA 95715 in Placer County.,,,,
95717 Gold Run,zcta,95717,Gold Run,39.1425937,-120.8426891,467069,,2026-02-28,10,0,Zillow ZIP-level market for Gold Run; mapped with Census 2020 ZCTA 95717 in Placer County.,,,,
95728 Soda Springs,zcta,95728,Soda Springs,39.2946534,-120.4014066,775639,,2026-02-28,10,0,Zillow ZIP-level market for Soda Springs; mapped with Census 2020 ZCTA 95728 in Placer County.,,,,
95714 Dutch Flat,zcta,95714,Dutch Flat,39.2011586,-120.8367976,417807,,2026-02-28,10,0,Zillow ZIP-level market for Dutch Flat; mapped with Census 2020 ZCTA 95714 in Placer County.,,,,
96141 Homewood,zcta,96141,Homewood,39.0989284,-120.2052313,1271025,,2026-02-28,10,0,Zillow ZIP-level market for Homewood; mapped with Census 2020 ZCTA 96141 in Placer County.,,,,
95747 Roseville,zcta,95747,Roseville,38.7784212,-121.3688294,673509,2828,2026-03-31,10,0,Zillow ZIP-level market for Roseville; mapped with Census 2020 ZCTA 95747 in Placer County.,,2828,Zillow ZORI,
95648 Lincoln,zcta,95648,Lincoln,38.9228115,-121.3120046,650177,3004,2026-03-31,10,0,Zillow ZIP-level market for Lincoln; mapped with Census 2020 ZCTA 95648 in Placer County.,,3004,Zillow ZORI,
95678 Roseville,zcta,95678,Roseville,38.7653528,-121.2884731,565487,2302,2026-03-31,10,0,Zillow ZIP-level market for Roseville; mapped with Census 2020 ZCTA 95678 in Placer County.,,2302,Zillow ZORI,
95765 Rocklin,zcta,95765,Rocklin,38.8197384,-121.2783211,734682,2536,2026-03-31,10,0,Zillow ZIP-level market for Rocklin; mapped with Census 2020 ZCTA 95765 in Placer County.,,2536,Zillow ZORI,
95661 Roseville,zcta,95661,Roseville,38.7412743,-121.2492663,703605,2193,2026-03-31,10,0,Zillow ZIP-level market for Roseville; mapped with Census 2020 ZCTA 95661 in Placer County.,,2193,Zillow ZORI,
95603 Auburn,zcta,95603,Auburn,38.911346,-121.0857601,631794,2210,2026-03-31,10,0,Zillow ZIP-level market for Auburn; mapped with Census 2020 ZCTA 95603 in Placer County.,,2210,Zillow ZORI,
95677 Rocklin,zcta,95677,Rocklin,38.79292,-121.232006,671344,2327,2026-03-31,10,0,Zillow ZIP-level market for Rocklin; mapped with Census 2020 ZCTA 95677 in Placer County.,,2327,Zillow ZORI,
95746 Granite Bay,zcta,95746,Granite Bay,38.7469238,-121.1664336,1164221,3417,2026-03-31,10,0,Zillow ZIP-level market for Granite Bay; mapped with Census 2020 ZCTA 95746 in Placer County.,,3417,Zillow ZORI,
95602 Auburn,zcta,95602,Auburn,38.9914911,-121.1035441,676815,1865,2026-03-31,10,0,Zillow ZIP-level market for Auburn; mapped with Census 2020 ZCTA 95602 in Placer County.,,1865,Zillow ZORI,
95650 Loomis,zcta,95650,Loomis,38.8091745,-121.171375,945098,,2026-03-31,10,0,Zillow ZIP-level market for Loomis; mapped with Census 2020 ZCTA 95650 in Placer County.,,,,
95713 Colfax,zcta,95713,Colfax,39.0813467,-120.9323895,505516,,2026-03-31,10,0,Zillow ZIP-level market for Colfax; mapped with Census 2020 ZCTA 95713 in Placer County.,,,,
95658 Newcastle,zcta,95658,Newcastle,38.8811828,-121.1690138,932978,,2026-03-31,10,0,Zillow ZIP-level market for Newcastle; mapped with Census 2020 ZCTA 95658 in Placer County.,,,,
95722 Meadow Vista,zcta,95722,Meadow Vista,39.0098006,-121.0347072,675693,,2026-03-31,10,0,Zillow ZIP-level market for Meadow Vista; mapped with Census 2020 ZCTA 95722 in Placer County.,,,,
95631 Foresthill,zcta,95631,Foresthill,39.0549436,-120.7539748,500411,,2026-03-31,10,0,Zillow ZIP-level market for Foresthill; mapped with Census 2020 ZCTA 95631 in Placer County.,,,,
96143 Kings Beach,zcta,96143,Kings Beach,39.2605746,-120.0262906,813100,,2026-03-31,10,0,Zillow ZIP-level market for Kings Beach; mapped with Census 2020 ZCTA 96143 in Placer County.,,,,
95663 Penryn,zcta,95663,Penryn,38.8573725,-121.1825262,948084,,2026-03-31,10,0,Zillow ZIP-level market for Penryn; mapped with Census 2020 ZCTA 95663 in Placer County.,,,,
96145 Tahoe City,zcta,96145,Tahoe City,39.1809984,-120.151396,1313694,,2026-03-31,10,0,Zillow ZIP-level market for Tahoe City; mapped with Census 2020 ZCTA 96145 in Placer County.,,,,
96146 Olympic Valley,zcta,96146,Olympic Valley,39.2158973,-120.2451697,1274222,,2026-03-31,10,0,Zillow ZIP-level market for Olympic Valley; mapped with Census 2020 ZCTA 96146 in Placer County.,,,,
95668 Pleasant Grove,zcta,95668,Pleasant Grove,38.8275549,-121.4951816,775346,,2026-03-31,10,0,Zillow ZIP-level market for Pleasant Grove; mapped with Census 2020 ZCTA 95668 in Placer County.,,,,
96148 Tahoe Vista,zcta,96148,Tahoe Vista,39.249777,-120.0575895,968998,,2026-03-31,10,0,Zillow ZIP-level market for Tahoe Vista; mapped with Census 2020 ZCTA 96148 in Placer County.,,,,
96140 Carnelian Bay,zcta,96140,Carnelian Bay,39.2320185,-120.0963996,1112079,,2026-03-31,10,0,Zillow ZIP-level market for Carnelian Bay; mapped with Census 2020 ZCTA 96140 in Placer County.,,,,
96142 Tahoma,zcta,96142,Tahoma,38.9986311,-120.1038814,888549,,2026-03-31,10,0,Zillow ZIP-level market for Tahoma; mapped with Census 2020 ZCTA 96142 in Placer County.,,,,
95703 Applegate,zcta,95703,Applegate,38.9890274,-120.9877751,543762,,2026-03-31,10,0,Zillow ZIP-level market for Applegate; mapped with Census 2020 ZCTA 95703 in Placer County.,,,,
95681 Sheridan,zcta,95681,Sheridan,38.9980915,-121.354198,542209,,2026-03-31,10,0,Zillow ZIP-level market for Sheridan; mapped with Census 2020 ZCTA 95681 in Placer County.,,,,
95701 Alta,zcta,95701,Alta,39.226549,-120.7670224,468400,,2026-03-31,10,0,Zillow ZIP-level market for Alta; mapped with Census 2020 ZCTA 95701 in Placer County.,,,,
95715 nan,zcta,95715,nan,39.2766508,-120.644012,362807,,2026-03-31,10,0,Zillow ZIP-level market for nan; mapped with Census 2020 ZCTA 95715 in Placer County.,,,,
95717 Gold Run,zcta,95717,Gold Run,39.1425937,-120.8426891,469278,,2026-03-31,10,0,Zillow ZIP-level market for Gold Run; mapped with Census 2020 ZCTA 95717 in Placer County.,,,,
95728 Soda Springs,zcta,95728,Soda Springs,39.2946534,-120.4014066,776017,,2026-03-31,10,0,Zillow ZIP-level market for Soda Springs; mapped with Census 2020 ZCTA 95728 in Placer County.,,,,
95714 Dutch Flat,zcta,95714,Dutch Flat,39.2011586,-120.8367976,418033,,2026-03-31,10,0,Zillow ZIP-level market for Dutch Flat; mapped with Census 2020 ZCTA 95714 in Placer County.,,,,
96141 Homewood,zcta,96141,Homewood,39.0989284,-120.2052313,1275871,,2026-03-31,10,0,Zillow ZIP-level market for Homewood; mapped with Census 2020 ZCTA 96141 in Placer County.,,,,
95747 Roseville,zcta,95747,Roseville,38.7784212,-121.3688294,671818,2859,2026-04-30,10,0,Zillow ZIP-level market for Roseville; mapped with Census 2020 ZCTA 95747 in Placer County.,,2859,Zillow ZORI,
95648 Lincoln,zcta,95648,Lincoln,38.9228115,-121.3120046,649428,3058,2026-04-30,10,0,Zillow ZIP-level market for Lincoln; mapped with Census 2020 ZCTA 95648 in Placer County.,,3058,Zillow ZORI,
95678 Roseville,zcta,95678,Roseville,38.7653528,-121.2884731,564739,2329,2026-04-30,10,0,Zillow ZIP-level market for Roseville; mapped with Census 2020 ZCTA 95678 in Placer County.,,2329,Zillow ZORI,
95765 Rocklin,zcta,95765,Rocklin,38.8197384,-121.2783211,733919,2540,2026-04-30,10,0,Zillow ZIP-level market for Rocklin; mapped with Census 2020 ZCTA 95765 in Placer County.,,2540,Zillow ZORI,
95661 Roseville,zcta,95661,Roseville,38.7412743,-121.2492663,703918,2224,2026-04-30,10,0,Zillow ZIP-level market for Roseville; mapped with Census 2020 ZCTA 95661 in Placer County.,,2224,Zillow ZORI,
95603 Auburn,zcta,95603,Auburn,38.911346,-121.0857601,631894,2237,2026-04-30,10,0,Zillow ZIP-level market for Auburn; mapped with Census 2020 ZCTA 95603 in Placer County.,,2237,Zillow ZORI,
95677 Rocklin,zcta,95677,Rocklin,38.79292,-121.232006,670975,2315,2026-04-30,10,0,Zillow ZIP-level market for Rocklin; mapped with Census 2020 ZCTA 95677 in Placer County.,,2315,Zillow ZORI,
95746 Granite Bay,zcta,95746,Granite Bay,38.7469238,-121.1664336,1167169,3459,2026-04-30,10,0,Zillow ZIP-level market for Granite Bay; mapped with Census 2020 ZCTA 95746 in Placer County.,,3459,Zillow ZORI,
95602 Auburn,zcta,95602,Auburn,38.9914911,-121.1035441,677350,1881,2026-04-30,10,0,Zillow ZIP-level market for Auburn; mapped with Census 2020 ZCTA 95602 in Placer County.,,1881,Zillow ZORI,
95650 Loomis,zcta,95650,Loomis,38.8091745,-121.171375,946500,,2026-04-30,10,0,Zillow ZIP-level market for Loomis; mapped with Census 2020 ZCTA 95650 in Placer County.,,,,
95713 Colfax,zcta,95713,Colfax,39.0813467,-120.9323895,506230,,2026-04-30,10,0,Zillow ZIP-level market for Colfax; mapped with Census 2020 ZCTA 95713 in Placer County.,,,,
95658 Newcastle,zcta,95658,Newcastle,38.8811828,-121.1690138,933822,,2026-04-30,10,0,Zillow ZIP-level market for Newcastle; mapped with Census 2020 ZCTA 95658 in Placer County.,,,,
95722 Meadow Vista,zcta,95722,Meadow Vista,39.0098006,-121.0347072,675223,,2026-04-30,10,0,Zillow ZIP-level market for Meadow Vista; mapped with Census 2020 ZCTA 95722 in Placer County.,,,,
95631 Foresthill,zcta,95631,Foresthill,39.0549436,-120.7539748,501608,,2026-04-30,10,0,Zillow ZIP-level market for Foresthill; mapped with Census 2020 ZCTA 95631 in Placer County.,,,,
96143 Kings Beach,zcta,96143,Kings Beach,39.2605746,-120.0262906,815394,,2026-04-30,10,0,Zillow ZIP-level market for Kings Beach; mapped with Census 2020 ZCTA 96143 in Placer County.,,,,
95663 Penryn,zcta,95663,Penryn,38.8573725,-121.1825262,948557,,2026-04-30,10,0,Zillow ZIP-level market for Penryn; mapped with Census 2020 ZCTA 95663 in Placer County.,,,,
96145 Tahoe City,zcta,96145,Tahoe City,39.1809984,-120.151396,1324001,,2026-04-30,10,0,Zillow ZIP-level market for Tahoe City; mapped with Census 2020 ZCTA 96145 in Placer County.,,,,
96146 Olympic Valley,zcta,96146,Olympic Valley,39.2158973,-120.2451697,1277086,2200,2026-04-30,10,0,Zillow ZIP-level market for Olympic Valley; mapped with Census 2020 ZCTA 96146 in Placer County.,,2200,Zillow ZORI,
95668 Pleasant Grove,zcta,95668,Pleasant Grove,38.8275549,-121.4951816,778264,,2026-04-30,10,0,Zillow ZIP-level market for Pleasant Grove; mapped with Census 2020 ZCTA 95668 in Placer County.,,,,
96148 Tahoe Vista,zcta,96148,Tahoe Vista,39.249777,-120.0575895,972192,,2026-04-30,10,0,Zillow ZIP-level market for Tahoe Vista; mapped with Census 2020 ZCTA 96148 in Placer County.,,,,
96140 Carnelian Bay,zcta,96140,Carnelian Bay,39.2320185,-120.0963996,1114492,,2026-04-30,10,0,Zillow ZIP-level market for Carnelian Bay; mapped with Census 2020 ZCTA 96140 in Placer County.,,,,
96142 Tahoma,zcta,96142,Tahoma,38.9986311,-120.1038814,891003,,2026-04-30,10,0,Zillow ZIP-level market for Tahoma; mapped with Census 2020 ZCTA 96142 in Placer County.,,,,
95703 Applegate,zcta,95703,Applegate,38.9890274,-120.9877751,544869,,2026-04-30,10,0,Zillow ZIP-level market for Applegate; mapped with Census 2020 ZCTA 95703 in Placer County.,,,,
95681 Sheridan,zcta,95681,Sheridan,38.9980915,-121.354198,542934,,2026-04-30,10,0,Zillow ZIP-level market for Sheridan; mapped with Census 2020 ZCTA 95681 in Placer County.,,,,
95701 Alta,zcta,95701,Alta,39.226549,-120.7670224,469319,,2026-04-30,10,0,Zillow ZIP-level market for Alta; mapped with Census 2020 ZCTA 95701 in Placer County.,,,,
95715 nan,zcta,95715,nan,39.2766508,-120.644012,364165,,2026-04-30,10,0,Zillow ZIP-level market for nan; mapped with Census 2020 ZCTA 95715 in Placer County.,,,,
95717 Gold Run,zcta,95717,Gold Run,39.1425937,-120.8426891,470513,,2026-04-30,10,0,Zillow ZIP-level market for Gold Run; mapped with Census 2020 ZCTA 95717 in Placer County.,,,,
95728 Soda Springs,zcta,95728,Soda Springs,39.2946534,-120.4014066,778741,,2026-04-30,10,0,Zillow ZIP-level market for Soda Springs; mapped with Census 2020 ZCTA 95728 in Placer County.,,,,
95714 Dutch Flat,zcta,95714,Dutch Flat,39.2011586,-120.8367976,418247,,2026-04-30,10,0,Zillow ZIP-level market for Dutch Flat; mapped with Census 2020 ZCTA 95714 in Placer County.,,,,
96141 Homewood,zcta,96141,Homewood,39.0989284,-120.2052313,1280882,,2026-04-30,10,0,Zillow ZIP-level market for Homewood; mapped with Census 2020 ZCTA 96141 in Placer County.,,,,
