place,kind,zcta,city,latitude,longitude,zhvi,zori,date,label_dx,label_dy,note,hudSafmr,blendedRent,rentSource,hudFiscalYear
93257 Porterville,zcta,93257,Porterville,35.9808583,-118.8893149,165211,,2016-04-30,10,0,Zillow ZIP-level market for Porterville; mapped with Census 2020 ZCTA 93257 in Tulare County.,,,,
93274 Tulare,zcta,93274,Tulare,36.1779345,-119.3799754,182730,,2016-04-30,10,0,Zillow ZIP-level market for Tulare; mapped with Census 2020 ZCTA 93274 in Tulare County.,,,,
93291 Visalia,zcta,93291,Visalia,36.391777,-119.3728419,232214,,2016-04-30,10,0,Zillow ZIP-level market for Visalia; mapped with Census 2020 ZCTA 93291 in Tulare County.,,,,
93277 Visalia,zcta,93277,Visalia,36.301334,-119.3725855,200349,,2016-04-30,10,0,Zillow ZIP-level market for Visalia; mapped with Census 2020 ZCTA 93277 in Tulare County.,,,,
93292 Visalia,zcta,93292,Visalia,36.366243,-119.2116355,211104,,2016-04-30,10,0,Zillow ZIP-level market for Visalia; mapped with Census 2020 ZCTA 93292 in Tulare County.,,,,
93618 Dinuba,zcta,93618,Dinuba,36.5221175,-119.3866282,178036,,2016-04-30,10,0,Zillow ZIP-level market for Dinuba; mapped with Census 2020 ZCTA 93618 in Tulare County.,,,,
93247 Lindsay,zcta,93247,Lindsay,36.2017347,-119.0834779,145150,,2016-04-30,10,0,Zillow ZIP-level market for Lindsay; mapped with Census 2020 ZCTA 93247 in Tulare County.,,,,
93221 Exeter,zcta,93221,Exeter,36.2963943,-119.0299352,205868,,2016-04-30,10,0,Zillow ZIP-level market for Exeter; mapped with Census 2020 ZCTA 93221 in Tulare County.,,,,
93647 Orosi,zcta,93647,Orosi,36.6007599,-119.1754848,146696,,2016-04-30,10,0,Zillow ZIP-level market for Orosi; mapped with Census 2020 ZCTA 93647 in Tulare County.,,,,
93286 Woodlake,zcta,93286,Woodlake,36.4627099,-119.0932419,157859,,2016-04-30,10,0,Zillow ZIP-level market for Woodlake; mapped with Census 2020 ZCTA 93286 in Tulare County.,,,,
93219 Tulare,zcta,93219,Tulare,35.8882375,-119.2949573,115018,,2016-04-30,10,0,Zillow ZIP-level market for Tulare; mapped with Census 2020 ZCTA 93219 in Tulare County.,,,,
93223 Farmersville,zcta,93223,Farmersville,36.3011122,-119.207875,132994,,2016-04-30,10,0,Zillow ZIP-level market for Farmersville; mapped with Census 2020 ZCTA 93223 in Tulare County.,,,,
93615 Cutler,zcta,93615,Cutler,36.5037388,-119.2838461,135935,,2016-04-30,10,0,Zillow ZIP-level market for Cutler; mapped with Census 2020 ZCTA 93615 in Tulare County.,,,,
93267 Strathmore,zcta,93267,Strathmore,36.1436233,-119.073877,138095,,2016-04-30,10,0,Zillow ZIP-level market for Strathmore; mapped with Census 2020 ZCTA 93267 in Tulare County.,,,,
93256 Pixley,zcta,93256,Pixley,35.9717308,-119.3135106,120381,,2016-04-30,10,0,Zillow ZIP-level market for Pixley; mapped with Census 2020 ZCTA 93256 in Tulare County.,,,,
93272 Tipton,zcta,93272,Tipton,36.0473536,-119.3444282,127833,,2016-04-30,10,0,Zillow ZIP-level market for Tipton; mapped with Census 2020 ZCTA 93272 in Tulare County.,,,,
93270 Terra Bella,zcta,93270,Terra Bella,35.9424478,-119.0583495,195225,,2016-04-30,10,0,Zillow ZIP-level market for Terra Bella; mapped with Census 2020 ZCTA 93270 in Tulare County.,,,,
93235 Ivanhoe,zcta,93235,Ivanhoe,36.385067,-119.2231243,96091,,2016-04-30,10,0,Zillow ZIP-level market for Ivanhoe; mapped with Census 2020 ZCTA 93235 in Tulare County.,,,,
93265 Springville,zcta,93265,Springville,36.217713,-118.6936058,233955,,2016-04-30,10,0,Zillow ZIP-level market for Springville; mapped with Census 2020 ZCTA 93265 in Tulare County.,,,,
93271 Three Rivers,zcta,93271,Three Rivers,36.440041,-118.8802803,302458,,2016-04-30,10,0,Zillow ZIP-level market for Three Rivers; mapped with Census 2020 ZCTA 93271 in Tulare County.,,,,
93201 Alpaugh,zcta,93201,Alpaugh,35.8568588,-119.5075255,104535,,2016-04-30,10,0,Zillow ZIP-level market for Alpaugh; mapped with Census 2020 ZCTA 93201 in Tulare County.,,,,
93261 Richgrove,zcta,93261,Richgrove,35.8114805,-119.1167378,107881,,2016-04-30,10,0,Zillow ZIP-level market for Richgrove; mapped with Census 2020 ZCTA 93261 in Tulare County.,,,,
93218 Earlimart,zcta,93218,Earlimart,35.8571408,-119.0449304,126125,,2016-04-30,10,0,Zillow ZIP-level market for Earlimart; mapped with Census 2020 ZCTA 93218 in Tulare County.,,,,
93227 Visalia,zcta,93227,Visalia,36.3444448,-119.418562,124985,,2016-04-30,10,0,Zillow ZIP-level market for Visalia; mapped with Census 2020 ZCTA 93227 in Tulare County.,,,,
93257 Porterville,zcta,93257,Porterville,35.9808583,-118.8893149,167123,,2016-05-31,10,0,Zillow ZIP-level market for Porterville; mapped with Census 2020 ZCTA 93257 in Tulare County.,,,,
93274 Tulare,zcta,93274,Tulare,36.1779345,-119.3799754,184911,,2016-05-31,10,0,Zillow ZIP-level market for Tulare; mapped with Census 2020 ZCTA 93274 in Tulare County.,,,,
93291 Visalia,zcta,93291,Visalia,36.391777,-119.3728419,234108,,2016-05-31,10,0,Zillow ZIP-level market for Visalia; mapped with Census 2020 ZCTA 93291 in Tulare County.,,,,
93277 Visalia,zcta,93277,Visalia,36.301334,-119.3725855,201924,,2016-05-31,10,0,Zillow ZIP-level market for Visalia; mapped with Census 2020 ZCTA 93277 in Tulare County.,,,,
93292 Visalia,zcta,93292,Visalia,36.366243,-119.2116355,212760,,2016-05-31,10,0,Zillow ZIP-level market for Visalia; mapped with Census 2020 ZCTA 93292 in Tulare County.,,,,
93618 Dinuba,zcta,93618,Dinuba,36.5221175,-119.3866282,179619,,2016-05-31,10,0,Zillow ZIP-level market for Dinuba; mapped with Census 2020 ZCTA 93618 in Tulare County.,,,,
93247 Lindsay,zcta,93247,Lindsay,36.2017347,-119.0834779,146937,,2016-05-31,10,0,Zillow ZIP-level market for Lindsay; mapped with Census 2020 ZCTA 93247 in Tulare County.,,,,
93221 Exeter,zcta,93221,Exeter,36.2963943,-119.0299352,207454,,2016-05-31,10,0,Zillow ZIP-level market for Exeter; mapped with Census 2020 ZCTA 93221 in Tulare County.,,,,
93647 Orosi,zcta,93647,Orosi,36.6007599,-119.1754848,148988,,2016-05-31,10,0,Zillow ZIP-level market for Orosi; mapped with Census 2020 ZCTA 93647 in Tulare County.,,,,
93286 Woodlake,zcta,93286,Woodlake,36.4627099,-119.0932419,159629,,2016-05-31,10,0,Zillow ZIP-level market for Woodlake; mapped with Census 2020 ZCTA 93286 in Tulare County.,,,,
93219 Tulare,zcta,93219,Tulare,35.8882375,-119.2949573,116786,,2016-05-31,10,0,Zillow ZIP-level market for Tulare; mapped with Census 2020 ZCTA 93219 in Tulare County.,,,,
93223 Farmersville,zcta,93223,Farmersville,36.3011122,-119.207875,135011,,2016-05-31,10,0,Zillow ZIP-level market for Farmersville; mapped with Census 2020 ZCTA 93223 in Tulare County.,,,,
93615 Cutler,zcta,93615,Cutler,36.5037388,-119.2838461,137068,,2016-05-31,10,0,Zillow ZIP-level market for Cutler; mapped with Census 2020 ZCTA 93615 in Tulare County.,,,,
93267 Strathmore,zcta,93267,Strathmore,36.1436233,-119.073877,140449,,2016-05-31,10,0,Zillow ZIP-level market for Strathmore; mapped with Census 2020 ZCTA 93267 in Tulare County.,,,,
93256 Pixley,zcta,93256,Pixley,35.9717308,-119.3135106,122042,,2016-05-31,10,0,Zillow ZIP-level market for Pixley; mapped with Census 2020 ZCTA 93256 in Tulare County.,,,,
93272 Tipton,zcta,93272,Tipton,36.0473536,-119.3444282,129391,,2016-05-31,10,0,Zillow ZIP-level market for Tipton; mapped with Census 2020 ZCTA 93272 in Tulare County.,,,,
93270 Terra Bella,zcta,93270,Terra Bella,35.9424478,-119.0583495,198141,,2016-05-31,10,0,Zillow ZIP-level market for Terra Bella; mapped with Census 2020 ZCTA 93270 in Tulare County.,,,,
93235 Ivanhoe,zcta,93235,Ivanhoe,36.385067,-119.2231243,97378,,2016-05-31,10,0,Zillow ZIP-level market for Ivanhoe; mapped with Census 2020 ZCTA 93235 in Tulare County.,,,,
93265 Springville,zcta,93265,Springville,36.217713,-118.6936058,234419,,2016-05-31,10,0,Zillow ZIP-level market for Springville; mapped with Census 2020 ZCTA 93265 in Tulare County.,,,,
93271 Three Rivers,zcta,93271,Three Rivers,36.440041,-118.8802803,303384,,2016-05-31,10,0,Zillow ZIP-level market for Three Rivers; mapped with Census 2020 ZCTA 93271 in Tulare County.,,,,
93201 Alpaugh,zcta,93201,Alpaugh,35.8568588,-119.5075255,106566,,2016-05-31,10,0,Zillow ZIP-level market for Alpaugh; mapped with Census 2020 ZCTA 93201 in Tulare County.,,,,
93261 Richgrove,zcta,93261,Richgrove,35.8114805,-119.1167378,108862,,2016-05-31,10,0,Zillow ZIP-level market for Richgrove; mapped with Census 2020 ZCTA 93261 in Tulare County.,,,,
93218 Earlimart,zcta,93218,Earlimart,35.8571408,-119.0449304,128307,,2016-05-31,10,0,Zillow ZIP-level market for Earlimart; mapped with Census 2020 ZCTA 93218 in Tulare County.,,,,
93227 Visalia,zcta,93227,Visalia,36.3444448,-119.418562,125848,,2016-05-31,10,0,Zillow ZIP-level market for Visalia; mapped with Census 2020 ZCTA 93227 in Tulare County.,,,,
93257 Porterville,zcta,93257,Porterville,35.9808583,-118.8893149,168926,,2016-06-30,10,0,Zillow ZIP-level market for Porterville; mapped with Census 2020 ZCTA 93257 in Tulare County.,,,,
93274 Tulare,zcta,93274,Tulare,36.1779345,-119.3799754,186920,,2016-06-30,10,0,Zillow ZIP-level market for Tulare; mapped with Census 2020 ZCTA 93274 in Tulare County.,,,,
93291 Visalia,zcta,93291,Visalia,36.391777,-119.3728419,235742,,2016-06-30,10,0,Zillow ZIP-level market for Visalia; mapped with Census 2020 ZCTA 93291 in Tulare County.,,,,
93277 Visalia,zcta,93277,Visalia,36.301334,-119.3725855,203725,,2016-06-30,10,0,Zillow ZIP-level market for Visalia; mapped with Census 2020 ZCTA 93277 in Tulare County.,,,,
93292 Visalia,zcta,93292,Visalia,36.366243,-119.2116355,214515,,2016-06-30,10,0,Zillow ZIP-level market for Visalia; mapped with Census 2020 ZCTA 93292 in Tulare County.,,,,
93618 Dinuba,zcta,93618,Dinuba,36.5221175,-119.3866282,181216,,2016-06-30,10,0,Zillow ZIP-level market for Dinuba; mapped with Census 2020 ZCTA 93618 in Tulare County.,,,,
93247 Lindsay,zcta,93247,Lindsay,36.2017347,-119.0834779,148984,,2016-06-30,10,0,Zillow ZIP-level market for Lindsay; mapped with Census 2020 ZCTA 93247 in Tulare County.,,,,
93221 Exeter,zcta,93221,Exeter,36.2963943,-119.0299352,209273,,2016-06-30,10,0,Zillow ZIP-level market for Exeter; mapped with Census 2020 ZCTA 93221 in Tulare County.,,,,
93647 Orosi,zcta,93647,Orosi,36.6007599,-119.1754848,151166,,2016-06-30,10,0,Zillow ZIP-level market for Orosi; mapped with Census 2020 ZCTA 93647 in Tulare County.,,,,
93286 Woodlake,zcta,93286,Woodlake,36.4627099,-119.0932419,161232,,2016-06-30,10,0,Zillow ZIP-level market for Woodlake; mapped with Census 2020 ZCTA 93286 in Tulare County.,,,,
93219 Tulare,zcta,93219,Tulare,35.8882375,-119.2949573,118549,,2016-06-30,10,0,Zillow ZIP-level market for Tulare; mapped with Census 2020 ZCTA 93219 in Tulare County.,,,,
93223 Farmersville,zcta,93223,Farmersville,36.3011122,-119.207875,136800,,2016-06-30,10,0,Zillow ZIP-level market for Farmersville; mapped with Census 2020 ZCTA 93223 in Tulare County.,,,,
93615 Cutler,zcta,93615,Cutler,36.5037388,-119.2838461,138659,,2016-06-30,10,0,Zillow ZIP-level market for Cutler; mapped with Census 2020 ZCTA 93615 in Tulare County.,,,,
93267 Strathmore,zcta,93267,Strathmore,36.1436233,-119.073877,142953,,2016-06-30,10,0,Zillow ZIP-level market for Strathmore; mapped with Census 2020 ZCTA 93267 in Tulare County.,,,,
93256 Pixley,zcta,93256,Pixley,35.9717308,-119.3135106,123653,,2016-06-30,10,0,Zillow ZIP-level market for Pixley; mapped with Census 2020 ZCTA 93256 in Tulare County.,,,,
93272 Tipton,zcta,93272,Tipton,36.0473536,-119.3444282,130828,,2016-06-30,10,0,Zillow ZIP-level market for Tipton; mapped with Census 2020 ZCTA 93272 in Tulare County.,,,,
93270 Terra Bella,zcta,93270,Terra Bella,35.9424478,-119.0583495,201067,,2016-06-30,10,0,Zillow ZIP-level market for Terra Bella; mapped with Census 2020 ZCTA 93270 in Tulare County.,,,,
93235 Ivanhoe,zcta,93235,Ivanhoe,36.385067,-119.2231243,98687,,2016-06-30,10,0,Zillow ZIP-level market for Ivanhoe; mapped with Census 2020 ZCTA 93235 in Tulare County.,,,,
93265 Springville,zcta,93265,Springville,36.217713,-118.6936058,235691,,2016-06-30,10,0,Zillow ZIP-level market for Springville; mapped with Census 2020 ZCTA 93265 in Tulare County.,,,,
93271 Three Rivers,zcta,93271,Three Rivers,36.440041,-118.8802803,303980,,2016-06-30,10,0,Zillow ZIP-level market for Three Rivers; mapped with Census 2020 ZCTA 93271 in Tulare County.,,,,
93201 Alpaugh,zcta,93201,Alpaugh,35.8568588,-119.5075255,108903,,2016-06-30,10,0,Zillow ZIP-level market for Alpaugh; mapped with Census 2020 ZCTA 93201 in Tulare County.,,,,
93261 Richgrove,zcta,93261,Richgrove,35.8114805,-119.1167378,110130,,2016-06-30,10,0,Zillow ZIP-level market for Richgrove; mapped with Census 2020 ZCTA 93261 in Tulare County.,,,,
93218 Earlimart,zcta,93218,Earlimart,35.8571408,-119.0449304,130639,,2016-06-30,10,0,Zillow ZIP-level market for Earlimart; mapped with Census 2020 ZCTA 93218 in Tulare County.,,,,
93227 Visalia,zcta,93227,Visalia,36.3444448,-119.418562,126974,,2016-06-30,10,0,Zillow ZIP-level market for Visalia; mapped with Census 2020 ZCTA 93227 in Tulare County.,,,,
93257 Porterville,zcta,93257,Porterville,35.9808583,-118.8893149,170374,,2016-07-31,10,0,Zillow ZIP-level market for Porterville; mapped with Census 2020 ZCTA 93257 in Tulare County.,,,,
93274 Tulare,zcta,93274,Tulare,36.1779345,-119.3799754,188670,,2016-07-31,10,0,Zillow ZIP-level market for Tulare; mapped with Census 2020 ZCTA 93274 in Tulare County.,,,,
93291 Visalia,zcta,93291,Visalia,36.391777,-119.3728419,236985,,2016-07-31,10,0,Zillow ZIP-level market for Visalia; mapped with Census 2020 ZCTA 93291 in Tulare County.,,,,
93277 Visalia,zcta,93277,Visalia,36.301334,-119.3725855,205444,,2016-07-31,10,0,Zillow ZIP-level market for Visalia; mapped with Census 2020 ZCTA 93277 in Tulare County.,,,,
93292 Visalia,zcta,93292,Visalia,36.366243,-119.2116355,216008,,2016-07-31,10,0,Zillow ZIP-level market for Visalia; mapped with Census 2020 ZCTA 93292 in Tulare County.,,,,
93618 Dinuba,zcta,93618,Dinuba,36.5221175,-119.3866282,182416,,2016-07-31,10,0,Zillow ZIP-level market for Dinuba; mapped with Census 2020 ZCTA 93618 in Tulare County.,,,,
93247 Lindsay,zcta,93247,Lindsay,36.2017347,-119.0834779,151053,,2016-07-31,10,0,Zillow ZIP-level market for Lindsay; mapped with Census 2020 ZCTA 93247 in Tulare County.,,,,
93221 Exeter,zcta,93221,Exeter,36.2963943,-119.0299352,210752,,2016-07-31,10,0,Zillow ZIP-level market for Exeter; mapped with Census 2020 ZCTA 93221 in Tulare County.,,,,
93647 Orosi,zcta,93647,Orosi,36.6007599,-119.1754848,152600,,2016-07-31,10,0,Zillow ZIP-level market for Orosi; mapped with Census 2020 ZCTA 93647 in Tulare County.,,,,
93286 Woodlake,zcta,93286,Woodlake,36.4627099,-119.0932419,162282,,2016-07-31,10,0,Zillow ZIP-level market for Woodlake; mapped with Census 2020 ZCTA 93286 in Tulare County.,,,,
93219 Tulare,zcta,93219,Tulare,35.8882375,-119.2949573,119805,,2016-07-31,10,0,Zillow ZIP-level market for Tulare; mapped with Census 2020 ZCTA 93219 in Tulare County.,,,,
93223 Farmersville,zcta,93223,Farmersville,36.3011122,-119.207875,138107,,2016-07-31,10,0,Zillow ZIP-level market for Farmersville; mapped with Census 2020 ZCTA 93223 in Tulare County.,,,,
93615 Cutler,zcta,93615,Cutler,36.5037388,-119.2838461,140171,,2016-07-31,10,0,Zillow ZIP-level market for Cutler; mapped with Census 2020 ZCTA 93615 in Tulare County.,,,,
93267 Strathmore,zcta,93267,Strathmore,36.1436233,-119.073877,144936,,2016-07-31,10,0,Zillow ZIP-level market for Strathmore; mapped with Census 2020 ZCTA 93267 in Tulare County.,,,,
93256 Pixley,zcta,93256,Pixley,35.9717308,-119.3135106,125001,,2016-07-31,10,0,Zillow ZIP-level market for Pixley; mapped with Census 2020 ZCTA 93256 in Tulare County.,,,,
93272 Tipton,zcta,93272,Tipton,36.0473536,-119.3444282,132470,,2016-07-31,10,0,Zillow ZIP-level market for Tipton; mapped with Census 2020 ZCTA 93272 in Tulare County.,,,,
93270 Terra Bella,zcta,93270,Terra Bella,35.9424478,-119.0583495,203922,,2016-07-31,10,0,Zillow ZIP-level market for Terra Bella; mapped with Census 2020 ZCTA 93270 in Tulare County.,,,,
93235 Ivanhoe,zcta,93235,Ivanhoe,36.385067,-119.2231243,100063,,2016-07-31,10,0,Zillow ZIP-level market for Ivanhoe; mapped with Census 2020 ZCTA 93235 in Tulare County.,,,,
93265 Springville,zcta,93265,Springville,36.217713,-118.6936058,236916,,2016-07-31,10,0,Zillow ZIP-level market for Springville; mapped with Census 2020 ZCTA 93265 in Tulare County.,,,,
93271 Three Rivers,zcta,93271,Three Rivers,36.440041,-118.8802803,303809,,2016-07-31,10,0,Zillow ZIP-level market for Three Rivers; mapped with Census 2020 ZCTA 93271 in Tulare County.,,,,
93201 Alpaugh,zcta,93201,Alpaugh,35.8568588,-119.5075255,110931,,2016-07-31,10,0,Zillow ZIP-level market for Alpaugh; mapped with Census 2020 ZCTA 93201 in Tulare County.,,,,
93261 Richgrove,zcta,93261,Richgrove,35.8114805,-119.1167378,111145,,2016-07-31,10,0,Zillow ZIP-level market for Richgrove; mapped with Census 2020 ZCTA 93261 in Tulare County.,,,,
93218 Earlimart,zcta,93218,Earlimart,35.8571408,-119.0449304,133238,,2016-07-31,10,0,Zillow ZIP-level market for Earlimart; mapped with Census 2020 ZCTA 93218 in Tulare County.,,,,
93227 Visalia,zcta,93227,Visalia,36.3444448,-119.418562,128962,,2016-07-31,10,0,Zillow ZIP-level market for Visalia; mapped with Census 2020 ZCTA 93227 in Tulare County.,,,,
93257 Porterville,zcta,93257,Porterville,35.9808583,-118.8893149,171853,,2016-08-31,10,0,Zillow ZIP-level market for Porterville; mapped with Census 2020 ZCTA 93257 in Tulare County.,,,,
93274 Tulare,zcta,93274,Tulare,36.1779345,-119.3799754,190162,,2016-08-31,10,0,Zillow ZIP-level market for Tulare; mapped with Census 2020 ZCTA 93274 in Tulare County.,,,,
93291 Visalia,zcta,93291,Visalia,36.391777,-119.3728419,238150,,2016-08-31,10,0,Zillow ZIP-level market for Visalia; mapped with Census 2020 ZCTA 93291 in Tulare County.,,,,
93277 Visalia,zcta,93277,Visalia,36.301334,-119.3725855,206678,,2016-08-31,10,0,Zillow ZIP-level market for Visalia; mapped with Census 2020 ZCTA 93277 in Tulare County.,,,,
93292 Visalia,zcta,93292,Visalia,36.366243,-119.2116355,217164,,2016-08-31,10,0,Zillow ZIP-level market for Visalia; mapped with Census 2020 ZCTA 93292 in Tulare County.,,,,
93618 Dinuba,zcta,93618,Dinuba,36.5221175,-119.3866282,183621,,2016-08-31,10,0,Zillow ZIP-level market for Dinuba; mapped with Census 2020 ZCTA 93618 in Tulare County.,,,,
93247 Lindsay,zcta,93247,Lindsay,36.2017347,-119.0834779,152971,,2016-08-31,10,0,Zillow ZIP-level market for Lindsay; mapped with Census 2020 ZCTA 93247 in Tulare County.,,,,
93221 Exeter,zcta,93221,Exeter,36.2963943,-119.0299352,212148,,2016-08-31,10,0,Zillow ZIP-level market for Exeter; mapped with Census 2020 ZCTA 93221 in Tulare County.,,,,
93647 Orosi,zcta,93647,Orosi,36.6007599,-119.1754848,153828,,2016-08-31,10,0,Zillow ZIP-level market for Orosi; mapped with Census 2020 ZCTA 93647 in Tulare County.,,,,
93286 Woodlake,zcta,93286,Woodlake,36.4627099,-119.0932419,163261,,2016-08-31,10,0,Zillow ZIP-level market for Woodlake; mapped with Census 2020 ZCTA 93286 in Tulare County.,,,,
93219 Tulare,zcta,93219,Tulare,35.8882375,-119.2949573,120903,,2016-08-31,10,0,Zillow ZIP-level market for Tulare; mapped with Census 2020 ZCTA 93219 in Tulare County.,,,,
93223 Farmersville,zcta,93223,Farmersville,36.3011122,-119.207875,138898,,2016-08-31,10,0,Zillow ZIP-level market for Farmersville; mapped with Census 2020 ZCTA 93223 in Tulare County.,,,,
93615 Cutler,zcta,93615,Cutler,36.5037388,-119.2838461,141178,,2016-08-31,10,0,Zillow ZIP-level market for Cutler; mapped with Census 2020 ZCTA 93615 in Tulare County.,,,,
93267 Strathmore,zcta,93267,Strathmore,36.1436233,-119.073877,146727,,2016-08-31,10,0,Zillow ZIP-level market for Strathmore; mapped with Census 2020 ZCTA 93267 in Tulare County.,,,,
93256 Pixley,zcta,93256,Pixley,35.9717308,-119.3135106,126320,,2016-08-31,10,0,Zillow ZIP-level market for Pixley; mapped with Census 2020 ZCTA 93256 in Tulare County.,,,,
93272 Tipton,zcta,93272,Tipton,36.0473536,-119.3444282,134577,,2016-08-31,10,0,Zillow ZIP-level market for Tipton; mapped with Census 2020 ZCTA 93272 in Tulare County.,,,,
93270 Terra Bella,zcta,93270,Terra Bella,35.9424478,-119.0583495,205574,,2016-08-31,10,0,Zillow ZIP-level market for Terra Bella; mapped with Census 2020 ZCTA 93270 in Tulare County.,,,,
93235 Ivanhoe,zcta,93235,Ivanhoe,36.385067,-119.2231243,100978,,2016-08-31,10,0,Zillow ZIP-level market for Ivanhoe; mapped with Census 2020 ZCTA 93235 in Tulare County.,,,,
93265 Springville,zcta,93265,Springville,36.217713,-118.6936058,238875,,2016-08-31,10,0,Zillow ZIP-level market for Springville; mapped with Census 2020 ZCTA 93265 in Tulare County.,,,,
93271 Three Rivers,zcta,93271,Three Rivers,36.440041,-118.8802803,303954,,2016-08-31,10,0,Zillow ZIP-level market for Three Rivers; mapped with Census 2020 ZCTA 93271 in Tulare County.,,,,
93201 Alpaugh,zcta,93201,Alpaugh,35.8568588,-119.5075255,113449,,2016-08-31,10,0,Zillow ZIP-level market for Alpaugh; mapped with Census 2020 ZCTA 93201 in Tulare County.,,,,
93261 Richgrove,zcta,93261,Richgrove,35.8114805,-119.1167378,111978,,2016-08-31,10,0,Zillow ZIP-level market for Richgrove; mapped with Census 2020 ZCTA 93261 in Tulare County.,,,,
93218 Earlimart,zcta,93218,Earlimart,35.8571408,-119.0449304,135203,,2016-08-31,10,0,Zillow ZIP-level market for Earlimart; mapped with Census 2020 ZCTA 93218 in Tulare County.,,,,
93227 Visalia,zcta,93227,Visalia,36.3444448,-119.418562,131637,,2016-08-31,10,0,Zillow ZIP-level market for Visalia; mapped with Census 2020 ZCTA 93227 in Tulare County.,,,,
93257 Porterville,zcta,93257,Porterville,35.9808583,-118.8893149,173315,,2016-09-30,10,0,Zillow ZIP-level market for Porterville; mapped with Census 2020 ZCTA 93257 in Tulare County.,,,,
93274 Tulare,zcta,93274,Tulare,36.1779345,-119.3799754,191582,,2016-09-30,10,0,Zillow ZIP-level market for Tulare; mapped with Census 2020 ZCTA 93274 in Tulare County.,,,,
93291 Visalia,zcta,93291,Visalia,36.391777,-119.3728419,239442,,2016-09-30,10,0,Zillow ZIP-level market for Visalia; mapped with Census 2020 ZCTA 93291 in Tulare County.,,,,
93277 Visalia,zcta,93277,Visalia,36.301334,-119.3725855,207852,,2016-09-30,10,0,Zillow ZIP-level market for Visalia; mapped with Census 2020 ZCTA 93277 in Tulare County.,,,,
93292 Visalia,zcta,93292,Visalia,36.366243,-119.2116355,218299,,2016-09-30,10,0,Zillow ZIP-level market for Visalia; mapped with Census 2020 ZCTA 93292 in Tulare County.,,,,
93618 Dinuba,zcta,93618,Dinuba,36.5221175,-119.3866282,184777,,2016-09-30,10,0,Zillow ZIP-level market for Dinuba; mapped with Census 2020 ZCTA 93618 in Tulare County.,,,,
93247 Lindsay,zcta,93247,Lindsay,36.2017347,-119.0834779,154563,,2016-09-30,10,0,Zillow ZIP-level market for Lindsay; mapped with Census 2020 ZCTA 93247 in Tulare County.,,,,
93221 Exeter,zcta,93221,Exeter,36.2963943,-119.0299352,213029,,2016-09-30,10,0,Zillow ZIP-level market for Exeter; mapped with Census 2020 ZCTA 93221 in Tulare County.,,,,
93647 Orosi,zcta,93647,Orosi,36.6007599,-119.1754848,155512,,2016-09-30,10,0,Zillow ZIP-level market for Orosi; mapped with Census 2020 ZCTA 93647 in Tulare County.,,,,
93286 Woodlake,zcta,93286,Woodlake,36.4627099,-119.0932419,163811,,2016-09-30,10,0,Zillow ZIP-level market for Woodlake; mapped with Census 2020 ZCTA 93286 in Tulare County.,,,,
93219 Tulare,zcta,93219,Tulare,35.8882375,-119.2949573,121869,,2016-09-30,10,0,Zillow ZIP-level market for Tulare; mapped with Census 2020 ZCTA 93219 in Tulare County.,,,,
93223 Farmersville,zcta,93223,Farmersville,36.3011122,-119.207875,139626,,2016-09-30,10,0,Zillow ZIP-level market for Farmersville; mapped with Census 2020 ZCTA 93223 in Tulare County.,,,,
93615 Cutler,zcta,93615,Cutler,36.5037388,-119.2838461,142426,,2016-09-30,10,0,Zillow ZIP-level market for Cutler; mapped with Census 2020 ZCTA 93615 in Tulare County.,,,,
93267 Strathmore,zcta,93267,Strathmore,36.1436233,-119.073877,147875,,2016-09-30,10,0,Zillow ZIP-level market for Strathmore; mapped with Census 2020 ZCTA 93267 in Tulare County.,,,,
93256 Pixley,zcta,93256,Pixley,35.9717308,-119.3135106,127614,,2016-09-30,10,0,Zillow ZIP-level market for Pixley; mapped with Census 2020 ZCTA 93256 in Tulare County.,,,,
93272 Tipton,zcta,93272,Tipton,36.0473536,-119.3444282,136939,,2016-09-30,10,0,Zillow ZIP-level market for Tipton; mapped with Census 2020 ZCTA 93272 in Tulare County.,,,,
93270 Terra Bella,zcta,93270,Terra Bella,35.9424478,-119.0583495,205154,,2016-09-30,10,0,Zillow ZIP-level market for Terra Bella; mapped with Census 2020 ZCTA 93270 in Tulare County.,,,,
93235 Ivanhoe,zcta,93235,Ivanhoe,36.385067,-119.2231243,101872,,2016-09-30,10,0,Zillow ZIP-level market for Ivanhoe; mapped with Census 2020 ZCTA 93235 in Tulare County.,,,,
93265 Springville,zcta,93265,Springville,36.217713,-118.6936058,240029,,2016-09-30,10,0,Zillow ZIP-level market for Springville; mapped with Census 2020 ZCTA 93265 in Tulare County.,,,,
93271 Three Rivers,zcta,93271,Three Rivers,36.440041,-118.8802803,302345,,2016-09-30,10,0,Zillow ZIP-level market for Three Rivers; mapped with Census 2020 ZCTA 93271 in Tulare County.,,,,
93201 Alpaugh,zcta,93201,Alpaugh,35.8568588,-119.5075255,115289,,2016-09-30,10,0,Zillow ZIP-level market for Alpaugh; mapped with Census 2020 ZCTA 93201 in Tulare County.,,,,
93261 Richgrove,zcta,93261,Richgrove,35.8114805,-119.1167378,112797,,2016-09-30,10,0,Zillow ZIP-level market for Richgrove; mapped with Census 2020 ZCTA 93261 in Tulare County.,,,,
93218 Earlimart,zcta,93218,Earlimart,35.8571408,-119.0449304,136241,,2016-09-30,10,0,Zillow ZIP-level market for Earlimart; mapped with Census 2020 ZCTA 93218 in Tulare County.,,,,
93227 Visalia,zcta,93227,Visalia,36.3444448,-119.418562,134822,,2016-09-30,10,0,Zillow ZIP-level market for Visalia; mapped with Census 2020 ZCTA 93227 in Tulare County.,,,,
93257 Porterville,zcta,93257,Porterville,35.9808583,-118.8893149,175026,,2016-10-31,10,0,Zillow ZIP-level market for Porterville; mapped with Census 2020 ZCTA 93257 in Tulare County.,,,,
93274 Tulare,zcta,93274,Tulare,36.1779345,-119.3799754,193433,,2016-10-31,10,0,Zillow ZIP-level market for Tulare; mapped with Census 2020 ZCTA 93274 in Tulare County.,,,,
93291 Visalia,zcta,93291,Visalia,36.391777,-119.3728419,241323,,2016-10-31,10,0,Zillow ZIP-level market for Visalia; mapped with Census 2020 ZCTA 93291 in Tulare County.,,,,
93277 Visalia,zcta,93277,Visalia,36.301334,-119.3725855,209382,,2016-10-31,10,0,Zillow ZIP-level market for Visalia; mapped with Census 2020 ZCTA 93277 in Tulare County.,,,,
93292 Visalia,zcta,93292,Visalia,36.366243,-119.2116355,219768,,2016-10-31,10,0,Zillow ZIP-level market for Visalia; mapped with Census 2020 ZCTA 93292 in Tulare County.,,,,
93618 Dinuba,zcta,93618,Dinuba,36.5221175,-119.3866282,186332,,2016-10-31,10,0,Zillow ZIP-level market for Dinuba; mapped with Census 2020 ZCTA 93618 in Tulare County.,,,,
93247 Lindsay,zcta,93247,Lindsay,36.2017347,-119.0834779,156228,,2016-10-31,10,0,Zillow ZIP-level market for Lindsay; mapped with Census 2020 ZCTA 93247 in Tulare County.,,,,
93221 Exeter,zcta,93221,Exeter,36.2963943,-119.0299352,214569,,2016-10-31,10,0,Zillow ZIP-level market for Exeter; mapped with Census 2020 ZCTA 93221 in Tulare County.,,,,
93647 Orosi,zcta,93647,Orosi,36.6007599,-119.1754848,157610,,2016-10-31,10,0,Zillow ZIP-level market for Orosi; mapped with Census 2020 ZCTA 93647 in Tulare County.,,,,
93286 Woodlake,zcta,93286,Woodlake,36.4627099,-119.0932419,164822,,2016-10-31,10,0,Zillow ZIP-level market for Woodlake; mapped with Census 2020 ZCTA 93286 in Tulare County.,,,,
93219 Tulare,zcta,93219,Tulare,35.8882375,-119.2949573,123373,,2016-10-31,10,0,Zillow ZIP-level market for Tulare; mapped with Census 2020 ZCTA 93219 in Tulare County.,,,,
93223 Farmersville,zcta,93223,Farmersville,36.3011122,-119.207875,140862,,2016-10-31,10,0,Zillow ZIP-level market for Farmersville; mapped with Census 2020 ZCTA 93223 in Tulare County.,,,,
93615 Cutler,zcta,93615,Cutler,36.5037388,-119.2838461,143976,,2016-10-31,10,0,Zillow ZIP-level market for Cutler; mapped with Census 2020 ZCTA 93615 in Tulare County.,,,,
93267 Strathmore,zcta,93267,Strathmore,36.1436233,-119.073877,149215,,2016-10-31,10,0,Zillow ZIP-level market for Strathmore; mapped with Census 2020 ZCTA 93267 in Tulare County.,,,,
93256 Pixley,zcta,93256,Pixley,35.9717308,-119.3135106,130084,,2016-10-31,10,0,Zillow ZIP-level market for Pixley; mapped with Census 2020 ZCTA 93256 in Tulare County.,,,,
93272 Tipton,zcta,93272,Tipton,36.0473536,-119.3444282,139480,,2016-10-31,10,0,Zillow ZIP-level market for Tipton; mapped with Census 2020 ZCTA 93272 in Tulare County.,,,,
93270 Terra Bella,zcta,93270,Terra Bella,35.9424478,-119.0583495,204370,,2016-10-31,10,0,Zillow ZIP-level market for Terra Bella; mapped with Census 2020 ZCTA 93270 in Tulare County.,,,,
93235 Ivanhoe,zcta,93235,Ivanhoe,36.385067,-119.2231243,103295,,2016-10-31,10,0,Zillow ZIP-level market for Ivanhoe; mapped with Census 2020 ZCTA 93235 in Tulare County.,,,,
93265 Springville,zcta,93265,Springville,36.217713,-118.6936058,242100,,2016-10-31,10,0,Zillow ZIP-level market for Springville; mapped with Census 2020 ZCTA 93265 in Tulare County.,,,,
93271 Three Rivers,zcta,93271,Three Rivers,36.440041,-118.8802803,301521,,2016-10-31,10,0,Zillow ZIP-level market for Three Rivers; mapped with Census 2020 ZCTA 93271 in Tulare County.,,,,
93201 Alpaugh,zcta,93201,Alpaugh,35.8568588,-119.5075255,117861,,2016-10-31,10,0,Zillow ZIP-level market for Alpaugh; mapped with Census 2020 ZCTA 93201 in Tulare County.,,,,
93261 Richgrove,zcta,93261,Richgrove,35.8114805,-119.1167378,114081,,2016-10-31,10,0,Zillow ZIP-level market for Richgrove; mapped with Census 2020 ZCTA 93261 in Tulare County.,,,,
93218 Earlimart,zcta,93218,Earlimart,35.8571408,-119.0449304,137431,,2016-10-31,10,0,Zillow ZIP-level market for Earlimart; mapped with Census 2020 ZCTA 93218 in Tulare County.,,,,
93227 Visalia,zcta,93227,Visalia,36.3444448,-119.418562,137702,,2016-10-31,10,0,Zillow ZIP-level market for Visalia; mapped with Census 2020 ZCTA 93227 in Tulare County.,,,,
93257 Porterville,zcta,93257,Porterville,35.9808583,-118.8893149,176758,,2016-11-30,10,0,Zillow ZIP-level market for Porterville; mapped with Census 2020 ZCTA 93257 in Tulare County.,,,,
93274 Tulare,zcta,93274,Tulare,36.1779345,-119.3799754,195380,,2016-11-30,10,0,Zillow ZIP-level market for Tulare; mapped with Census 2020 ZCTA 93274 in Tulare County.,,,,
93291 Visalia,zcta,93291,Visalia,36.391777,-119.3728419,243558,,2016-11-30,10,0,Zillow ZIP-level market for Visalia; mapped with Census 2020 ZCTA 93291 in Tulare County.,,,,
93277 Visalia,zcta,93277,Visalia,36.301334,-119.3725855,211483,,2016-11-30,10,0,Zillow ZIP-level market for Visalia; mapped with Census 2020 ZCTA 93277 in Tulare County.,,,,
93292 Visalia,zcta,93292,Visalia,36.366243,-119.2116355,221496,,2016-11-30,10,0,Zillow ZIP-level market for Visalia; mapped with Census 2020 ZCTA 93292 in Tulare County.,,,,
93618 Dinuba,zcta,93618,Dinuba,36.5221175,-119.3866282,187982,,2016-11-30,10,0,Zillow ZIP-level market for Dinuba; mapped with Census 2020 ZCTA 93618 in Tulare County.,,,,
93247 Lindsay,zcta,93247,Lindsay,36.2017347,-119.0834779,158287,,2016-11-30,10,0,Zillow ZIP-level market for Lindsay; mapped with Census 2020 ZCTA 93247 in Tulare County.,,,,
93221 Exeter,zcta,93221,Exeter,36.2963943,-119.0299352,216485,,2016-11-30,10,0,Zillow ZIP-level market for Exeter; mapped with Census 2020 ZCTA 93221 in Tulare County.,,,,
93647 Orosi,zcta,93647,Orosi,36.6007599,-119.1754848,159660,,2016-11-30,10,0,Zillow ZIP-level market for Orosi; mapped with Census 2020 ZCTA 93647 in Tulare County.,,,,
93286 Woodlake,zcta,93286,Woodlake,36.4627099,-119.0932419,166268,,2016-11-30,10,0,Zillow ZIP-level market for Woodlake; mapped with Census 2020 ZCTA 93286 in Tulare County.,,,,
93219 Tulare,zcta,93219,Tulare,35.8882375,-119.2949573,125066,,2016-11-30,10,0,Zillow ZIP-level market for Tulare; mapped with Census 2020 ZCTA 93219 in Tulare County.,,,,
93223 Farmersville,zcta,93223,Farmersville,36.3011122,-119.207875,142622,,2016-11-30,10,0,Zillow ZIP-level market for Farmersville; mapped with Census 2020 ZCTA 93223 in Tulare County.,,,,
93615 Cutler,zcta,93615,Cutler,36.5037388,-119.2838461,145993,,2016-11-30,10,0,Zillow ZIP-level market for Cutler; mapped with Census 2020 ZCTA 93615 in Tulare County.,,,,
93267 Strathmore,zcta,93267,Strathmore,36.1436233,-119.073877,150267,,2016-11-30,10,0,Zillow ZIP-level market for Strathmore; mapped with Census 2020 ZCTA 93267 in Tulare County.,,,,
93256 Pixley,zcta,93256,Pixley,35.9717308,-119.3135106,132841,,2016-11-30,10,0,Zillow ZIP-level market for Pixley; mapped with Census 2020 ZCTA 93256 in Tulare County.,,,,
93272 Tipton,zcta,93272,Tipton,36.0473536,-119.3444282,142215,,2016-11-30,10,0,Zillow ZIP-level market for Tipton; mapped with Census 2020 ZCTA 93272 in Tulare County.,,,,
93270 Terra Bella,zcta,93270,Terra Bella,35.9424478,-119.0583495,204026,,2016-11-30,10,0,Zillow ZIP-level market for Terra Bella; mapped with Census 2020 ZCTA 93270 in Tulare County.,,,,
93235 Ivanhoe,zcta,93235,Ivanhoe,36.385067,-119.2231243,105388,,2016-11-30,10,0,Zillow ZIP-level market for Ivanhoe; mapped with Census 2020 ZCTA 93235 in Tulare County.,,,,
93265 Springville,zcta,93265,Springville,36.217713,-118.6936058,243980,,2016-11-30,10,0,Zillow ZIP-level market for Springville; mapped with Census 2020 ZCTA 93265 in Tulare County.,,,,
93271 Three Rivers,zcta,93271,Three Rivers,36.440041,-118.8802803,301720,,2016-11-30,10,0,Zillow ZIP-level market for Three Rivers; mapped with Census 2020 ZCTA 93271 in Tulare County.,,,,
93201 Alpaugh,zcta,93201,Alpaugh,35.8568588,-119.5075255,119647,,2016-11-30,10,0,Zillow ZIP-level market for Alpaugh; mapped with Census 2020 ZCTA 93201 in Tulare County.,,,,
93261 Richgrove,zcta,93261,Richgrove,35.8114805,-119.1167378,116190,,2016-11-30,10,0,Zillow ZIP-level market for Richgrove; mapped with Census 2020 ZCTA 93261 in Tulare County.,,,,
93218 Earlimart,zcta,93218,Earlimart,35.8571408,-119.0449304,138199,,2016-11-30,10,0,Zillow ZIP-level market for Earlimart; mapped with Census 2020 ZCTA 93218 in Tulare County.,,,,
93227 Visalia,zcta,93227,Visalia,36.3444448,-119.418562,140230,,2016-11-30,10,0,Zillow ZIP-level market for Visalia; mapped with Census 2020 ZCTA 93227 in Tulare County.,,,,
93257 Porterville,zcta,93257,Porterville,35.9808583,-118.8893149,178839,,2016-12-31,10,0,Zillow ZIP-level market for Porterville; mapped with Census 2020 ZCTA 93257 in Tulare County.,,,,
93274 Tulare,zcta,93274,Tulare,36.1779345,-119.3799754,197602,,2016-12-31,10,0,Zillow ZIP-level market for Tulare; mapped with Census 2020 ZCTA 93274 in Tulare County.,,,,
93291 Visalia,zcta,93291,Visalia,36.391777,-119.3728419,246194,,2016-12-31,10,0,Zillow ZIP-level market for Visalia; mapped with Census 2020 ZCTA 93291 in Tulare County.,,,,
93277 Visalia,zcta,93277,Visalia,36.301334,-119.3725855,213966,,2016-12-31,10,0,Zillow ZIP-level market for Visalia; mapped with Census 2020 ZCTA 93277 in Tulare County.,,,,
93292 Visalia,zcta,93292,Visalia,36.366243,-119.2116355,223555,,2016-12-31,10,0,Zillow ZIP-level market for Visalia; mapped with Census 2020 ZCTA 93292 in Tulare County.,,,,
93618 Dinuba,zcta,93618,Dinuba,36.5221175,-119.3866282,189869,,2016-12-31,10,0,Zillow ZIP-level market for Dinuba; mapped with Census 2020 ZCTA 93618 in Tulare County.,,,,
93247 Lindsay,zcta,93247,Lindsay,36.2017347,-119.0834779,160688,,2016-12-31,10,0,Zillow ZIP-level market for Lindsay; mapped with Census 2020 ZCTA 93247 in Tulare County.,,,,
93221 Exeter,zcta,93221,Exeter,36.2963943,-119.0299352,219051,,2016-12-31,10,0,Zillow ZIP-level market for Exeter; mapped with Census 2020 ZCTA 93221 in Tulare County.,,,,
93647 Orosi,zcta,93647,Orosi,36.6007599,-119.1754848,161654,,2016-12-31,10,0,Zillow ZIP-level market for Orosi; mapped with Census 2020 ZCTA 93647 in Tulare County.,,,,
93286 Woodlake,zcta,93286,Woodlake,36.4627099,-119.0932419,168307,,2016-12-31,10,0,Zillow ZIP-level market for Woodlake; mapped with Census 2020 ZCTA 93286 in Tulare County.,,,,
93219 Tulare,zcta,93219,Tulare,35.8882375,-119.2949573,126774,,2016-12-31,10,0,Zillow ZIP-level market for Tulare; mapped with Census 2020 ZCTA 93219 in Tulare County.,,,,
93223 Farmersville,zcta,93223,Farmersville,36.3011122,-119.207875,144880,,2016-12-31,10,0,Zillow ZIP-level market for Farmersville; mapped with Census 2020 ZCTA 93223 in Tulare County.,,,,
93615 Cutler,zcta,93615,Cutler,36.5037388,-119.2838461,148334,,2016-12-31,10,0,Zillow ZIP-level market for Cutler; mapped with Census 2020 ZCTA 93615 in Tulare County.,,,,
93267 Strathmore,zcta,93267,Strathmore,36.1436233,-119.073877,152034,,2016-12-31,10,0,Zillow ZIP-level market for Strathmore; mapped with Census 2020 ZCTA 93267 in Tulare County.,,,,
93256 Pixley,zcta,93256,Pixley,35.9717308,-119.3135106,135987,,2016-12-31,10,0,Zillow ZIP-level market for Pixley; mapped with Census 2020 ZCTA 93256 in Tulare County.,,,,
93272 Tipton,zcta,93272,Tipton,36.0473536,-119.3444282,145410,,2016-12-31,10,0,Zillow ZIP-level market for Tipton; mapped with Census 2020 ZCTA 93272 in Tulare County.,,,,
93270 Terra Bella,zcta,93270,Terra Bella,35.9424478,-119.0583495,205144,,2016-12-31,10,0,Zillow ZIP-level market for Terra Bella; mapped with Census 2020 ZCTA 93270 in Tulare County.,,,,
93235 Ivanhoe,zcta,93235,Ivanhoe,36.385067,-119.2231243,107697,,2016-12-31,10,0,Zillow ZIP-level market for Ivanhoe; mapped with Census 2020 ZCTA 93235 in Tulare County.,,,,
93265 Springville,zcta,93265,Springville,36.217713,-118.6936058,246720,,2016-12-31,10,0,Zillow ZIP-level market for Springville; mapped with Census 2020 ZCTA 93265 in Tulare County.,,,,
93271 Three Rivers,zcta,93271,Three Rivers,36.440041,-118.8802803,303972,,2016-12-31,10,0,Zillow ZIP-level market for Three Rivers; mapped with Census 2020 ZCTA 93271 in Tulare County.,,,,
93201 Alpaugh,zcta,93201,Alpaugh,35.8568588,-119.5075255,121495,,2016-12-31,10,0,Zillow ZIP-level market for Alpaugh; mapped with Census 2020 ZCTA 93201 in Tulare County.,,,,
93261 Richgrove,zcta,93261,Richgrove,35.8114805,-119.1167378,118719,,2016-12-31,10,0,Zillow ZIP-level market for Richgrove; mapped with Census 2020 ZCTA 93261 in Tulare County.,,,,
93218 Earlimart,zcta,93218,Earlimart,35.8571408,-119.0449304,139156,,2016-12-31,10,0,Zillow ZIP-level market for Earlimart; mapped with Census 2020 ZCTA 93218 in Tulare County.,,,,
93227 Visalia,zcta,93227,Visalia,36.3444448,-119.418562,143036,,2016-12-31,10,0,Zillow ZIP-level market for Visalia; mapped with Census 2020 ZCTA 93227 in Tulare County.,,,,
93257 Porterville,zcta,93257,Porterville,35.9808583,-118.8893149,180838,,2017-01-31,10,0,Zillow ZIP-level market for Porterville; mapped with Census 2020 ZCTA 93257 in Tulare County.,,,,
93274 Tulare,zcta,93274,Tulare,36.1779345,-119.3799754,199428,,2017-01-31,10,0,Zillow ZIP-level market for Tulare; mapped with Census 2020 ZCTA 93274 in Tulare County.,,,,
93291 Visalia,zcta,93291,Visalia,36.391777,-119.3728419,248657,,2017-01-31,10,0,Zillow ZIP-level market for Visalia; mapped with Census 2020 ZCTA 93291 in Tulare County.,,,,
93277 Visalia,zcta,93277,Visalia,36.301334,-119.3725855,215957,,2017-01-31,10,0,Zillow ZIP-level market for Visalia; mapped with Census 2020 ZCTA 93277 in Tulare County.,,,,
93292 Visalia,zcta,93292,Visalia,36.366243,-119.2116355,225540,,2017-01-31,10,0,Zillow ZIP-level market for Visalia; mapped with Census 2020 ZCTA 93292 in Tulare County.,,,,
93618 Dinuba,zcta,93618,Dinuba,36.5221175,-119.3866282,191792,,2017-01-31,10,0,Zillow ZIP-level market for Dinuba; mapped with Census 2020 ZCTA 93618 in Tulare County.,,,,
93247 Lindsay,zcta,93247,Lindsay,36.2017347,-119.0834779,162774,,2017-01-31,10,0,Zillow ZIP-level market for Lindsay; mapped with Census 2020 ZCTA 93247 in Tulare County.,,,,
93221 Exeter,zcta,93221,Exeter,36.2963943,-119.0299352,221390,,2017-01-31,10,0,Zillow ZIP-level market for Exeter; mapped with Census 2020 ZCTA 93221 in Tulare County.,,,,
93647 Orosi,zcta,93647,Orosi,36.6007599,-119.1754848,163382,,2017-01-31,10,0,Zillow ZIP-level market for Orosi; mapped with Census 2020 ZCTA 93647 in Tulare County.,,,,
93286 Woodlake,zcta,93286,Woodlake,36.4627099,-119.0932419,170216,,2017-01-31,10,0,Zillow ZIP-level market for Woodlake; mapped with Census 2020 ZCTA 93286 in Tulare County.,,,,
93219 Tulare,zcta,93219,Tulare,35.8882375,-119.2949573,128263,,2017-01-31,10,0,Zillow ZIP-level market for Tulare; mapped with Census 2020 ZCTA 93219 in Tulare County.,,,,
93223 Farmersville,zcta,93223,Farmersville,36.3011122,-119.207875,146843,,2017-01-31,10,0,Zillow ZIP-level market for Farmersville; mapped with Census 2020 ZCTA 93223 in Tulare County.,,,,
93615 Cutler,zcta,93615,Cutler,36.5037388,-119.2838461,150264,,2017-01-31,10,0,Zillow ZIP-level market for Cutler; mapped with Census 2020 ZCTA 93615 in Tulare County.,,,,
93267 Strathmore,zcta,93267,Strathmore,36.1436233,-119.073877,153909,,2017-01-31,10,0,Zillow ZIP-level market for Strathmore; mapped with Census 2020 ZCTA 93267 in Tulare County.,,,,
93256 Pixley,zcta,93256,Pixley,35.9717308,-119.3135106,138434,,2017-01-31,10,0,Zillow ZIP-level market for Pixley; mapped with Census 2020 ZCTA 93256 in Tulare County.,,,,
93272 Tipton,zcta,93272,Tipton,36.0473536,-119.3444282,147898,,2017-01-31,10,0,Zillow ZIP-level market for Tipton; mapped with Census 2020 ZCTA 93272 in Tulare County.,,,,
93270 Terra Bella,zcta,93270,Terra Bella,35.9424478,-119.0583495,205965,,2017-01-31,10,0,Zillow ZIP-level market for Terra Bella; mapped with Census 2020 ZCTA 93270 in Tulare County.,,,,
93235 Ivanhoe,zcta,93235,Ivanhoe,36.385067,-119.2231243,109772,,2017-01-31,10,0,Zillow ZIP-level market for Ivanhoe; mapped with Census 2020 ZCTA 93235 in Tulare County.,,,,
93265 Springville,zcta,93265,Springville,36.217713,-118.6936058,248760,,2017-01-31,10,0,Zillow ZIP-level market for Springville; mapped with Census 2020 ZCTA 93265 in Tulare County.,,,,
93271 Three Rivers,zcta,93271,Three Rivers,36.440041,-118.8802803,307739,,2017-01-31,10,0,Zillow ZIP-level market for Three Rivers; mapped with Census 2020 ZCTA 93271 in Tulare County.,,,,
93201 Alpaugh,zcta,93201,Alpaugh,35.8568588,-119.5075255,122447,,2017-01-31,10,0,Zillow ZIP-level market for Alpaugh; mapped with Census 2020 ZCTA 93201 in Tulare County.,,,,
93261 Richgrove,zcta,93261,Richgrove,35.8114805,-119.1167378,121073,,2017-01-31,10,0,Zillow ZIP-level market for Richgrove; mapped with Census 2020 ZCTA 93261 in Tulare County.,,,,
93218 Earlimart,zcta,93218,Earlimart,35.8571408,-119.0449304,139419,,2017-01-31,10,0,Zillow ZIP-level market for Earlimart; mapped with Census 2020 ZCTA 93218 in Tulare County.,,,,
93227 Visalia,zcta,93227,Visalia,36.3444448,-119.418562,145161,,2017-01-31,10,0,Zillow ZIP-level market for Visalia; mapped with Census 2020 ZCTA 93227 in Tulare County.,,,,
93257 Porterville,zcta,93257,Porterville,35.9808583,-118.8893149,182998,,2017-02-28,10,0,Zillow ZIP-level market for Porterville; mapped with Census 2020 ZCTA 93257 in Tulare County.,,,,
93274 Tulare,zcta,93274,Tulare,36.1779345,-119.3799754,201435,,2017-02-28,10,0,Zillow ZIP-level market for Tulare; mapped with Census 2020 ZCTA 93274 in Tulare County.,,,,
93291 Visalia,zcta,93291,Visalia,36.391777,-119.3728419,251144,,2017-02-28,10,0,Zillow ZIP-level market for Visalia; mapped with Census 2020 ZCTA 93291 in Tulare County.,,,,
93277 Visalia,zcta,93277,Visalia,36.301334,-119.3725855,217807,,2017-02-28,10,0,Zillow ZIP-level market for Visalia; mapped with Census 2020 ZCTA 93277 in Tulare County.,,,,
93292 Visalia,zcta,93292,Visalia,36.366243,-119.2116355,227713,,2017-02-28,10,0,Zillow ZIP-level market for Visalia; mapped with Census 2020 ZCTA 93292 in Tulare County.,,,,
93618 Dinuba,zcta,93618,Dinuba,36.5221175,-119.3866282,194112,,2017-02-28,10,0,Zillow ZIP-level market for Dinuba; mapped with Census 2020 ZCTA 93618 in Tulare County.,,,,
93247 Lindsay,zcta,93247,Lindsay,36.2017347,-119.0834779,164505,,2017-02-28,10,0,Zillow ZIP-level market for Lindsay; mapped with Census 2020 ZCTA 93247 in Tulare County.,,,,
93221 Exeter,zcta,93221,Exeter,36.2963943,-119.0299352,224046,,2017-02-28,10,0,Zillow ZIP-level market for Exeter; mapped with Census 2020 ZCTA 93221 in Tulare County.,,,,
93647 Orosi,zcta,93647,Orosi,36.6007599,-119.1754848,165892,,2017-02-28,10,0,Zillow ZIP-level market for Orosi; mapped with Census 2020 ZCTA 93647 in Tulare County.,,,,
93286 Woodlake,zcta,93286,Woodlake,36.4627099,-119.0932419,172430,,2017-02-28,10,0,Zillow ZIP-level market for Woodlake; mapped with Census 2020 ZCTA 93286 in Tulare County.,,,,
93219 Tulare,zcta,93219,Tulare,35.8882375,-119.2949573,129713,,2017-02-28,10,0,Zillow ZIP-level market for Tulare; mapped with Census 2020 ZCTA 93219 in Tulare County.,,,,
93223 Farmersville,zcta,93223,Farmersville,36.3011122,-119.207875,148865,,2017-02-28,10,0,Zillow ZIP-level market for Farmersville; mapped with Census 2020 ZCTA 93223 in Tulare County.,,,,
93615 Cutler,zcta,93615,Cutler,36.5037388,-119.2838461,152455,,2017-02-28,10,0,Zillow ZIP-level market for Cutler; mapped with Census 2020 ZCTA 93615 in Tulare County.,,,,
93267 Strathmore,zcta,93267,Strathmore,36.1436233,-119.073877,156020,,2017-02-28,10,0,Zillow ZIP-level market for Strathmore; mapped with Census 2020 ZCTA 93267 in Tulare County.,,,,
93256 Pixley,zcta,93256,Pixley,35.9717308,-119.3135106,140443,,2017-02-28,10,0,Zillow ZIP-level market for Pixley; mapped with Census 2020 ZCTA 93256 in Tulare County.,,,,
93272 Tipton,zcta,93272,Tipton,36.0473536,-119.3444282,149765,,2017-02-28,10,0,Zillow ZIP-level market for Tipton; mapped with Census 2020 ZCTA 93272 in Tulare County.,,,,
93270 Terra Bella,zcta,93270,Terra Bella,35.9424478,-119.0583495,207153,,2017-02-28,10,0,Zillow ZIP-level market for Terra Bella; mapped with Census 2020 ZCTA 93270 in Tulare County.,,,,
93235 Ivanhoe,zcta,93235,Ivanhoe,36.385067,-119.2231243,111643,,2017-02-28,10,0,Zillow ZIP-level market for Ivanhoe; mapped with Census 2020 ZCTA 93235 in Tulare County.,,,,
93265 Springville,zcta,93265,Springville,36.217713,-118.6936058,251091,,2017-02-28,10,0,Zillow ZIP-level market for Springville; mapped with Census 2020 ZCTA 93265 in Tulare County.,,,,
93271 Three Rivers,zcta,93271,Three Rivers,36.440041,-118.8802803,313117,,2017-02-28,10,0,Zillow ZIP-level market for Three Rivers; mapped with Census 2020 ZCTA 93271 in Tulare County.,,,,
93201 Alpaugh,zcta,93201,Alpaugh,35.8568588,-119.5075255,123422,,2017-02-28,10,0,Zillow ZIP-level market for Alpaugh; mapped with Census 2020 ZCTA 93201 in Tulare County.,,,,
93261 Richgrove,zcta,93261,Richgrove,35.8114805,-119.1167378,123444,,2017-02-28,10,0,Zillow ZIP-level market for Richgrove; mapped with Census 2020 ZCTA 93261 in Tulare County.,,,,
93218 Earlimart,zcta,93218,Earlimart,35.8571408,-119.0449304,140283,,2017-02-28,10,0,Zillow ZIP-level market for Earlimart; mapped with Census 2020 ZCTA 93218 in Tulare County.,,,,
93227 Visalia,zcta,93227,Visalia,36.3444448,-119.418562,147306,,2017-02-28,10,0,Zillow ZIP-level market for Visalia; mapped with Census 2020 ZCTA 93227 in Tulare County.,,,,
93257 Porterville,zcta,93257,Porterville,35.9808583,-118.8893149,184735,,2017-03-31,10,0,Zillow ZIP-level market for Porterville; mapped with Census 2020 ZCTA 93257 in Tulare County.,,,,
93274 Tulare,zcta,93274,Tulare,36.1779345,-119.3799754,202964,,2017-03-31,10,0,Zillow ZIP-level market for Tulare; mapped with Census 2020 ZCTA 93274 in Tulare County.,,,,
93291 Visalia,zcta,93291,Visalia,36.391777,-119.3728419,252917,,2017-03-31,10,0,Zillow ZIP-level market for Visalia; mapped with Census 2020 ZCTA 93291 in Tulare County.,,,,
93277 Visalia,zcta,93277,Visalia,36.301334,-119.3725855,218956,,2017-03-31,10,0,Zillow ZIP-level market for Visalia; mapped with Census 2020 ZCTA 93277 in Tulare County.,,,,
93292 Visalia,zcta,93292,Visalia,36.366243,-119.2116355,229326,,2017-03-31,10,0,Zillow ZIP-level market for Visalia; mapped with Census 2020 ZCTA 93292 in Tulare County.,,,,
93618 Dinuba,zcta,93618,Dinuba,36.5221175,-119.3866282,195960,,2017-03-31,10,0,Zillow ZIP-level market for Dinuba; mapped with Census 2020 ZCTA 93618 in Tulare County.,,,,
93247 Lindsay,zcta,93247,Lindsay,36.2017347,-119.0834779,165819,,2017-03-31,10,0,Zillow ZIP-level market for Lindsay; mapped with Census 2020 ZCTA 93247 in Tulare County.,,,,
93221 Exeter,zcta,93221,Exeter,36.2963943,-119.0299352,226030,,2017-03-31,10,0,Zillow ZIP-level market for Exeter; mapped with Census 2020 ZCTA 93221 in Tulare County.,,,,
93647 Orosi,zcta,93647,Orosi,36.6007599,-119.1754848,167947,,2017-03-31,10,0,Zillow ZIP-level market for Orosi; mapped with Census 2020 ZCTA 93647 in Tulare County.,,,,
93286 Woodlake,zcta,93286,Woodlake,36.4627099,-119.0932419,174422,,2017-03-31,10,0,Zillow ZIP-level market for Woodlake; mapped with Census 2020 ZCTA 93286 in Tulare County.,,,,
93219 Tulare,zcta,93219,Tulare,35.8882375,-119.2949573,130950,,2017-03-31,10,0,Zillow ZIP-level market for Tulare; mapped with Census 2020 ZCTA 93219 in Tulare County.,,,,
93223 Farmersville,zcta,93223,Farmersville,36.3011122,-119.207875,150382,,2017-03-31,10,0,Zillow ZIP-level market for Farmersville; mapped with Census 2020 ZCTA 93223 in Tulare County.,,,,
93615 Cutler,zcta,93615,Cutler,36.5037388,-119.2838461,153642,,2017-03-31,10,0,Zillow ZIP-level market for Cutler; mapped with Census 2020 ZCTA 93615 in Tulare County.,,,,
93267 Strathmore,zcta,93267,Strathmore,36.1436233,-119.073877,157494,,2017-03-31,10,0,Zillow ZIP-level market for Strathmore; mapped with Census 2020 ZCTA 93267 in Tulare County.,,,,
93256 Pixley,zcta,93256,Pixley,35.9717308,-119.3135106,141600,,2017-03-31,10,0,Zillow ZIP-level market for Pixley; mapped with Census 2020 ZCTA 93256 in Tulare County.,,,,
93272 Tipton,zcta,93272,Tipton,36.0473536,-119.3444282,150924,,2017-03-31,10,0,Zillow ZIP-level market for Tipton; mapped with Census 2020 ZCTA 93272 in Tulare County.,,,,
93270 Terra Bella,zcta,93270,Terra Bella,35.9424478,-119.0583495,208177,,2017-03-31,10,0,Zillow ZIP-level market for Terra Bella; mapped with Census 2020 ZCTA 93270 in Tulare County.,,,,
93235 Ivanhoe,zcta,93235,Ivanhoe,36.385067,-119.2231243,113481,,2017-03-31,10,0,Zillow ZIP-level market for Ivanhoe; mapped with Census 2020 ZCTA 93235 in Tulare County.,,,,
93265 Springville,zcta,93265,Springville,36.217713,-118.6936058,252336,,2017-03-31,10,0,Zillow ZIP-level market for Springville; mapped with Census 2020 ZCTA 93265 in Tulare County.,,,,
93271 Three Rivers,zcta,93271,Three Rivers,36.440041,-118.8802803,318525,,2017-03-31,10,0,Zillow ZIP-level market for Three Rivers; mapped with Census 2020 ZCTA 93271 in Tulare County.,,,,
93201 Alpaugh,zcta,93201,Alpaugh,35.8568588,-119.5075255,123410,,2017-03-31,10,0,Zillow ZIP-level market for Alpaugh; mapped with Census 2020 ZCTA 93201 in Tulare County.,,,,
93261 Richgrove,zcta,93261,Richgrove,35.8114805,-119.1167378,125053,,2017-03-31,10,0,Zillow ZIP-level market for Richgrove; mapped with Census 2020 ZCTA 93261 in Tulare County.,,,,
93218 Earlimart,zcta,93218,Earlimart,35.8571408,-119.0449304,141681,,2017-03-31,10,0,Zillow ZIP-level market for Earlimart; mapped with Census 2020 ZCTA 93218 in Tulare County.,,,,
93227 Visalia,zcta,93227,Visalia,36.3444448,-119.418562,148911,,2017-03-31,10,0,Zillow ZIP-level market for Visalia; mapped with Census 2020 ZCTA 93227 in Tulare County.,,,,
93257 Porterville,zcta,93257,Porterville,35.9808583,-118.8893149,186229,,2017-04-30,10,0,Zillow ZIP-level market for Porterville; mapped with Census 2020 ZCTA 93257 in Tulare County.,,,,
93274 Tulare,zcta,93274,Tulare,36.1779345,-119.3799754,204358,,2017-04-30,10,0,Zillow ZIP-level market for Tulare; mapped with Census 2020 ZCTA 93274 in Tulare County.,,,,
93291 Visalia,zcta,93291,Visalia,36.391777,-119.3728419,254362,,2017-04-30,10,0,Zillow ZIP-level market for Visalia; mapped with Census 2020 ZCTA 93291 in Tulare County.,,,,
93277 Visalia,zcta,93277,Visalia,36.301334,-119.3725855,220215,,2017-04-30,10,0,Zillow ZIP-level market for Visalia; mapped with Census 2020 ZCTA 93277 in Tulare County.,,,,
93292 Visalia,zcta,93292,Visalia,36.366243,-119.2116355,230782,,2017-04-30,10,0,Zillow ZIP-level market for Visalia; mapped with Census 2020 ZCTA 93292 in Tulare County.,,,,
93618 Dinuba,zcta,93618,Dinuba,36.5221175,-119.3866282,197837,,2017-04-30,10,0,Zillow ZIP-level market for Dinuba; mapped with Census 2020 ZCTA 93618 in Tulare County.,,,,
93247 Lindsay,zcta,93247,Lindsay,36.2017347,-119.0834779,167061,,2017-04-30,10,0,Zillow ZIP-level market for Lindsay; mapped with Census 2020 ZCTA 93247 in Tulare County.,,,,
93221 Exeter,zcta,93221,Exeter,36.2963943,-119.0299352,227679,,2017-04-30,10,0,Zillow ZIP-level market for Exeter; mapped with Census 2020 ZCTA 93221 in Tulare County.,,,,
93647 Orosi,zcta,93647,Orosi,36.6007599,-119.1754848,169962,,2017-04-30,10,0,Zillow ZIP-level market for Orosi; mapped with Census 2020 ZCTA 93647 in Tulare County.,,,,
93286 Woodlake,zcta,93286,Woodlake,36.4627099,-119.0932419,176140,,2017-04-30,10,0,Zillow ZIP-level market for Woodlake; mapped with Census 2020 ZCTA 93286 in Tulare County.,,,,
93219 Tulare,zcta,93219,Tulare,35.8882375,-119.2949573,132032,,2017-04-30,10,0,Zillow ZIP-level market for Tulare; mapped with Census 2020 ZCTA 93219 in Tulare County.,,,,
93223 Farmersville,zcta,93223,Farmersville,36.3011122,-119.207875,151494,,2017-04-30,10,0,Zillow ZIP-level market for Farmersville; mapped with Census 2020 ZCTA 93223 in Tulare County.,,,,
93615 Cutler,zcta,93615,Cutler,36.5037388,-119.2838461,154835,,2017-04-30,10,0,Zillow ZIP-level market for Cutler; mapped with Census 2020 ZCTA 93615 in Tulare County.,,,,
93267 Strathmore,zcta,93267,Strathmore,36.1436233,-119.073877,158458,,2017-04-30,10,0,Zillow ZIP-level market for Strathmore; mapped with Census 2020 ZCTA 93267 in Tulare County.,,,,
93256 Pixley,zcta,93256,Pixley,35.9717308,-119.3135106,142001,,2017-04-30,10,0,Zillow ZIP-level market for Pixley; mapped with Census 2020 ZCTA 93256 in Tulare County.,,,,
93272 Tipton,zcta,93272,Tipton,36.0473536,-119.3444282,151652,,2017-04-30,10,0,Zillow ZIP-level market for Tipton; mapped with Census 2020 ZCTA 93272 in Tulare County.,,,,
93270 Terra Bella,zcta,93270,Terra Bella,35.9424478,-119.0583495,209943,,2017-04-30,10,0,Zillow ZIP-level market for Terra Bella; mapped with Census 2020 ZCTA 93270 in Tulare County.,,,,
93235 Ivanhoe,zcta,93235,Ivanhoe,36.385067,-119.2231243,114929,,2017-04-30,10,0,Zillow ZIP-level market for Ivanhoe; mapped with Census 2020 ZCTA 93235 in Tulare County.,,,,
93265 Springville,zcta,93265,Springville,36.217713,-118.6936058,253777,,2017-04-30,10,0,Zillow ZIP-level market for Springville; mapped with Census 2020 ZCTA 93265 in Tulare County.,,,,
93271 Three Rivers,zcta,93271,Three Rivers,36.440041,-118.8802803,323192,,2017-04-30,10,0,Zillow ZIP-level market for Three Rivers; mapped with Census 2020 ZCTA 93271 in Tulare County.,,,,
93201 Alpaugh,zcta,93201,Alpaugh,35.8568588,-119.5075255,122789,,2017-04-30,10,0,Zillow ZIP-level market for Alpaugh; mapped with Census 2020 ZCTA 93201 in Tulare County.,,,,
93261 Richgrove,zcta,93261,Richgrove,35.8114805,-119.1167378,125630,,2017-04-30,10,0,Zillow ZIP-level market for Richgrove; mapped with Census 2020 ZCTA 93261 in Tulare County.,,,,
93218 Earlimart,zcta,93218,Earlimart,35.8571408,-119.0449304,143065,,2017-04-30,10,0,Zillow ZIP-level market for Earlimart; mapped with Census 2020 ZCTA 93218 in Tulare County.,,,,
93227 Visalia,zcta,93227,Visalia,36.3444448,-119.418562,149899,,2017-04-30,10,0,Zillow ZIP-level market for Visalia; mapped with Census 2020 ZCTA 93227 in Tulare County.,,,,
93257 Porterville,zcta,93257,Porterville,35.9808583,-118.8893149,187358,,2017-05-31,10,0,Zillow ZIP-level market for Porterville; mapped with Census 2020 ZCTA 93257 in Tulare County.,,,,
93274 Tulare,zcta,93274,Tulare,36.1779345,-119.3799754,205248,,2017-05-31,10,0,Zillow ZIP-level market for Tulare; mapped with Census 2020 ZCTA 93274 in Tulare County.,,,,
93291 Visalia,zcta,93291,Visalia,36.391777,-119.3728419,255220,,2017-05-31,10,0,Zillow ZIP-level market for Visalia; mapped with Census 2020 ZCTA 93291 in Tulare County.,,,,
93277 Visalia,zcta,93277,Visalia,36.301334,-119.3725855,221325,,2017-05-31,10,0,Zillow ZIP-level market for Visalia; mapped with Census 2020 ZCTA 93277 in Tulare County.,,,,
93292 Visalia,zcta,93292,Visalia,36.366243,-119.2116355,231737,,2017-05-31,10,0,Zillow ZIP-level market for Visalia; mapped with Census 2020 ZCTA 93292 in Tulare County.,,,,
93618 Dinuba,zcta,93618,Dinuba,36.5221175,-119.3866282,199228,,2017-05-31,10,0,Zillow ZIP-level market for Dinuba; mapped with Census 2020 ZCTA 93618 in Tulare County.,,,,
93247 Lindsay,zcta,93247,Lindsay,36.2017347,-119.0834779,167833,,2017-05-31,10,0,Zillow ZIP-level market for Lindsay; mapped with Census 2020 ZCTA 93247 in Tulare County.,,,,
93221 Exeter,zcta,93221,Exeter,36.2963943,-119.0299352,228432,,2017-05-31,10,0,Zillow ZIP-level market for Exeter; mapped with Census 2020 ZCTA 93221 in Tulare County.,,,,
93647 Orosi,zcta,93647,Orosi,36.6007599,-119.1754848,170851,,2017-05-31,10,0,Zillow ZIP-level market for Orosi; mapped with Census 2020 ZCTA 93647 in Tulare County.,,,,
93286 Woodlake,zcta,93286,Woodlake,36.4627099,-119.0932419,176826,,2017-05-31,10,0,Zillow ZIP-level market for Woodlake; mapped with Census 2020 ZCTA 93286 in Tulare County.,,,,
93219 Tulare,zcta,93219,Tulare,35.8882375,-119.2949573,132392,,2017-05-31,10,0,Zillow ZIP-level market for Tulare; mapped with Census 2020 ZCTA 93219 in Tulare County.,,,,
93223 Farmersville,zcta,93223,Farmersville,36.3011122,-119.207875,151961,,2017-05-31,10,0,Zillow ZIP-level market for Farmersville; mapped with Census 2020 ZCTA 93223 in Tulare County.,,,,
93615 Cutler,zcta,93615,Cutler,36.5037388,-119.2838461,155010,,2017-05-31,10,0,Zillow ZIP-level market for Cutler; mapped with Census 2020 ZCTA 93615 in Tulare County.,,,,
93267 Strathmore,zcta,93267,Strathmore,36.1436233,-119.073877,158628,,2017-05-31,10,0,Zillow ZIP-level market for Strathmore; mapped with Census 2020 ZCTA 93267 in Tulare County.,,,,
93256 Pixley,zcta,93256,Pixley,35.9717308,-119.3135106,142268,,2017-05-31,10,0,Zillow ZIP-level market for Pixley; mapped with Census 2020 ZCTA 93256 in Tulare County.,,,,
93272 Tipton,zcta,93272,Tipton,36.0473536,-119.3444282,151808,,2017-05-31,10,0,Zillow ZIP-level market for Tipton; mapped with Census 2020 ZCTA 93272 in Tulare County.,,,,
93270 Terra Bella,zcta,93270,Terra Bella,35.9424478,-119.0583495,211401,,2017-05-31,10,0,Zillow ZIP-level market for Terra Bella; mapped with Census 2020 ZCTA 93270 in Tulare County.,,,,
93235 Ivanhoe,zcta,93235,Ivanhoe,36.385067,-119.2231243,115882,,2017-05-31,10,0,Zillow ZIP-level market for Ivanhoe; mapped with Census 2020 ZCTA 93235 in Tulare County.,,,,
93265 Springville,zcta,93265,Springville,36.217713,-118.6936058,253800,,2017-05-31,10,0,Zillow ZIP-level market for Springville; mapped with Census 2020 ZCTA 93265 in Tulare County.,,,,
93271 Three Rivers,zcta,93271,Three Rivers,36.440041,-118.8802803,326196,,2017-05-31,10,0,Zillow ZIP-level market for Three Rivers; mapped with Census 2020 ZCTA 93271 in Tulare County.,,,,
93201 Alpaugh,zcta,93201,Alpaugh,35.8568588,-119.5075255,121607,,2017-05-31,10,0,Zillow ZIP-level market for Alpaugh; mapped with Census 2020 ZCTA 93201 in Tulare County.,,,,
93261 Richgrove,zcta,93261,Richgrove,35.8114805,-119.1167378,124920,,2017-05-31,10,0,Zillow ZIP-level market for Richgrove; mapped with Census 2020 ZCTA 93261 in Tulare County.,,,,
93218 Earlimart,zcta,93218,Earlimart,35.8571408,-119.0449304,143689,,2017-05-31,10,0,Zillow ZIP-level market for Earlimart; mapped with Census 2020 ZCTA 93218 in Tulare County.,,,,
93227 Visalia,zcta,93227,Visalia,36.3444448,-119.418562,150182,,2017-05-31,10,0,Zillow ZIP-level market for Visalia; mapped with Census 2020 ZCTA 93227 in Tulare County.,,,,
93257 Porterville,zcta,93257,Porterville,35.9808583,-118.8893149,188569,,2017-06-30,10,0,Zillow ZIP-level market for Porterville; mapped with Census 2020 ZCTA 93257 in Tulare County.,,,,
93274 Tulare,zcta,93274,Tulare,36.1779345,-119.3799754,206289,,2017-06-30,10,0,Zillow ZIP-level market for Tulare; mapped with Census 2020 ZCTA 93274 in Tulare County.,,,,
93291 Visalia,zcta,93291,Visalia,36.391777,-119.3728419,256176,,2017-06-30,10,0,Zillow ZIP-level market for Visalia; mapped with Census 2020 ZCTA 93291 in Tulare County.,,,,
93277 Visalia,zcta,93277,Visalia,36.301334,-119.3725855,222616,,2017-06-30,10,0,Zillow ZIP-level market for Visalia; mapped with Census 2020 ZCTA 93277 in Tulare County.,,,,
93292 Visalia,zcta,93292,Visalia,36.366243,-119.2116355,232751,,2017-06-30,10,0,Zillow ZIP-level market for Visalia; mapped with Census 2020 ZCTA 93292 in Tulare County.,,,,
93618 Dinuba,zcta,93618,Dinuba,36.5221175,-119.3866282,201021,,2017-06-30,10,0,Zillow ZIP-level market for Dinuba; mapped with Census 2020 ZCTA 93618 in Tulare County.,,,,
93247 Lindsay,zcta,93247,Lindsay,36.2017347,-119.0834779,168421,,2017-06-30,10,0,Zillow ZIP-level market for Lindsay; mapped with Census 2020 ZCTA 93247 in Tulare County.,,,,
93221 Exeter,zcta,93221,Exeter,36.2963943,-119.0299352,229377,,2017-06-30,10,0,Zillow ZIP-level market for Exeter; mapped with Census 2020 ZCTA 93221 in Tulare County.,,,,
93647 Orosi,zcta,93647,Orosi,36.6007599,-119.1754848,171754,,2017-06-30,10,0,Zillow ZIP-level market for Orosi; mapped with Census 2020 ZCTA 93647 in Tulare County.,,,,
93286 Woodlake,zcta,93286,Woodlake,36.4627099,-119.0932419,177078,,2017-06-30,10,0,Zillow ZIP-level market for Woodlake; mapped with Census 2020 ZCTA 93286 in Tulare County.,,,,
93219 Tulare,zcta,93219,Tulare,35.8882375,-119.2949573,132822,,2017-06-30,10,0,Zillow ZIP-level market for Tulare; mapped with Census 2020 ZCTA 93219 in Tulare County.,,,,
93223 Farmersville,zcta,93223,Farmersville,36.3011122,-119.207875,152459,,2017-06-30,10,0,Zillow ZIP-level market for Farmersville; mapped with Census 2020 ZCTA 93223 in Tulare County.,,,,
93615 Cutler,zcta,93615,Cutler,36.5037388,-119.2838461,155599,,2017-06-30,10,0,Zillow ZIP-level market for Cutler; mapped with Census 2020 ZCTA 93615 in Tulare County.,,,,
93267 Strathmore,zcta,93267,Strathmore,36.1436233,-119.073877,158598,,2017-06-30,10,0,Zillow ZIP-level market for Strathmore; mapped with Census 2020 ZCTA 93267 in Tulare County.,,,,
93256 Pixley,zcta,93256,Pixley,35.9717308,-119.3135106,142852,,2017-06-30,10,0,Zillow ZIP-level market for Pixley; mapped with Census 2020 ZCTA 93256 in Tulare County.,,,,
93272 Tipton,zcta,93272,Tipton,36.0473536,-119.3444282,151653,,2017-06-30,10,0,Zillow ZIP-level market for Tipton; mapped with Census 2020 ZCTA 93272 in Tulare County.,,,,
93270 Terra Bella,zcta,93270,Terra Bella,35.9424478,-119.0583495,213613,,2017-06-30,10,0,Zillow ZIP-level market for Terra Bella; mapped with Census 2020 ZCTA 93270 in Tulare County.,,,,
93235 Ivanhoe,zcta,93235,Ivanhoe,36.385067,-119.2231243,116423,,2017-06-30,10,0,Zillow ZIP-level market for Ivanhoe; mapped with Census 2020 ZCTA 93235 in Tulare County.,,,,
93265 Springville,zcta,93265,Springville,36.217713,-118.6936058,253994,,2017-06-30,10,0,Zillow ZIP-level market for Springville; mapped with Census 2020 ZCTA 93265 in Tulare County.,,,,
93271 Three Rivers,zcta,93271,Three Rivers,36.440041,-118.8802803,329021,,2017-06-30,10,0,Zillow ZIP-level market for Three Rivers; mapped with Census 2020 ZCTA 93271 in Tulare County.,,,,
93201 Alpaugh,zcta,93201,Alpaugh,35.8568588,-119.5075255,121117,,2017-06-30,10,0,Zillow ZIP-level market for Alpaugh; mapped with Census 2020 ZCTA 93201 in Tulare County.,,,,
93261 Richgrove,zcta,93261,Richgrove,35.8114805,-119.1167378,124303,,2017-06-30,10,0,Zillow ZIP-level market for Richgrove; mapped with Census 2020 ZCTA 93261 in Tulare County.,,,,
93218 Earlimart,zcta,93218,Earlimart,35.8571408,-119.0449304,144492,,2017-06-30,10,0,Zillow ZIP-level market for Earlimart; mapped with Census 2020 ZCTA 93218 in Tulare County.,,,,
93227 Visalia,zcta,93227,Visalia,36.3444448,-119.418562,150013,,2017-06-30,10,0,Zillow ZIP-level market for Visalia; mapped with Census 2020 ZCTA 93227 in Tulare County.,,,,
93257 Porterville,zcta,93257,Porterville,35.9808583,-118.8893149,189869,,2017-07-31,10,0,Zillow ZIP-level market for Porterville; mapped with Census 2020 ZCTA 93257 in Tulare County.,,,,
93274 Tulare,zcta,93274,Tulare,36.1779345,-119.3799754,207456,,2017-07-31,10,0,Zillow ZIP-level market for Tulare; mapped with Census 2020 ZCTA 93274 in Tulare County.,,,,
93291 Visalia,zcta,93291,Visalia,36.391777,-119.3728419,257171,,2017-07-31,10,0,Zillow ZIP-level market for Visalia; mapped with Census 2020 ZCTA 93291 in Tulare County.,,,,
93277 Visalia,zcta,93277,Visalia,36.301334,-119.3725855,223902,,2017-07-31,10,0,Zillow ZIP-level market for Visalia; mapped with Census 2020 ZCTA 93277 in Tulare County.,,,,
93292 Visalia,zcta,93292,Visalia,36.366243,-119.2116355,233805,,2017-07-31,10,0,Zillow ZIP-level market for Visalia; mapped with Census 2020 ZCTA 93292 in Tulare County.,,,,
93618 Dinuba,zcta,93618,Dinuba,36.5221175,-119.3866282,202448,,2017-07-31,10,0,Zillow ZIP-level market for Dinuba; mapped with Census 2020 ZCTA 93618 in Tulare County.,,,,
93247 Lindsay,zcta,93247,Lindsay,36.2017347,-119.0834779,168858,,2017-07-31,10,0,Zillow ZIP-level market for Lindsay; mapped with Census 2020 ZCTA 93247 in Tulare County.,,,,
93221 Exeter,zcta,93221,Exeter,36.2963943,-119.0299352,230028,,2017-07-31,10,0,Zillow ZIP-level market for Exeter; mapped with Census 2020 ZCTA 93221 in Tulare County.,,,,
93647 Orosi,zcta,93647,Orosi,36.6007599,-119.1754848,172364,,2017-07-31,10,0,Zillow ZIP-level market for Orosi; mapped with Census 2020 ZCTA 93647 in Tulare County.,,,,
93286 Woodlake,zcta,93286,Woodlake,36.4627099,-119.0932419,177274,,2017-07-31,10,0,Zillow ZIP-level market for Woodlake; mapped with Census 2020 ZCTA 93286 in Tulare County.,,,,
93219 Tulare,zcta,93219,Tulare,35.8882375,-119.2949573,133352,,2017-07-31,10,0,Zillow ZIP-level market for Tulare; mapped with Census 2020 ZCTA 93219 in Tulare County.,,,,
93223 Farmersville,zcta,93223,Farmersville,36.3011122,-119.207875,153078,,2017-07-31,10,0,Zillow ZIP-level market for Farmersville; mapped with Census 2020 ZCTA 93223 in Tulare County.,,,,
93615 Cutler,zcta,93615,Cutler,36.5037388,-119.2838461,157275,,2017-07-31,10,0,Zillow ZIP-level market for Cutler; mapped with Census 2020 ZCTA 93615 in Tulare County.,,,,
93267 Strathmore,zcta,93267,Strathmore,36.1436233,-119.073877,159144,,2017-07-31,10,0,Zillow ZIP-level market for Strathmore; mapped with Census 2020 ZCTA 93267 in Tulare County.,,,,
93256 Pixley,zcta,93256,Pixley,35.9717308,-119.3135106,143480,,2017-07-31,10,0,Zillow ZIP-level market for Pixley; mapped with Census 2020 ZCTA 93256 in Tulare County.,,,,
93272 Tipton,zcta,93272,Tipton,36.0473536,-119.3444282,151677,,2017-07-31,10,0,Zillow ZIP-level market for Tipton; mapped with Census 2020 ZCTA 93272 in Tulare County.,,,,
93270 Terra Bella,zcta,93270,Terra Bella,35.9424478,-119.0583495,215659,,2017-07-31,10,0,Zillow ZIP-level market for Terra Bella; mapped with Census 2020 ZCTA 93270 in Tulare County.,,,,
93235 Ivanhoe,zcta,93235,Ivanhoe,36.385067,-119.2231243,117572,,2017-07-31,10,0,Zillow ZIP-level market for Ivanhoe; mapped with Census 2020 ZCTA 93235 in Tulare County.,,,,
93265 Springville,zcta,93265,Springville,36.217713,-118.6936058,254244,,2017-07-31,10,0,Zillow ZIP-level market for Springville; mapped with Census 2020 ZCTA 93265 in Tulare County.,,,,
93271 Three Rivers,zcta,93271,Three Rivers,36.440041,-118.8802803,330995,,2017-07-31,10,0,Zillow ZIP-level market for Three Rivers; mapped with Census 2020 ZCTA 93271 in Tulare County.,,,,
93201 Alpaugh,zcta,93201,Alpaugh,35.8568588,-119.5075255,121179,,2017-07-31,10,0,Zillow ZIP-level market for Alpaugh; mapped with Census 2020 ZCTA 93201 in Tulare County.,,,,
93261 Richgrove,zcta,93261,Richgrove,35.8114805,-119.1167378,124500,,2017-07-31,10,0,Zillow ZIP-level market for Richgrove; mapped with Census 2020 ZCTA 93261 in Tulare County.,,,,
93218 Earlimart,zcta,93218,Earlimart,35.8571408,-119.0449304,145968,,2017-07-31,10,0,Zillow ZIP-level market for Earlimart; mapped with Census 2020 ZCTA 93218 in Tulare County.,,,,
93227 Visalia,zcta,93227,Visalia,36.3444448,-119.418562,151144,,2017-07-31,10,0,Zillow ZIP-level market for Visalia; mapped with Census 2020 ZCTA 93227 in Tulare County.,,,,
93257 Porterville,zcta,93257,Porterville,35.9808583,-118.8893149,191278,,2017-08-31,10,0,Zillow ZIP-level market for Porterville; mapped with Census 2020 ZCTA 93257 in Tulare County.,,,,
93274 Tulare,zcta,93274,Tulare,36.1779345,-119.3799754,208771,,2017-08-31,10,0,Zillow ZIP-level market for Tulare; mapped with Census 2020 ZCTA 93274 in Tulare County.,,,,
93291 Visalia,zcta,93291,Visalia,36.391777,-119.3728419,258389,,2017-08-31,10,0,Zillow ZIP-level market for Visalia; mapped with Census 2020 ZCTA 93291 in Tulare County.,,,,
93277 Visalia,zcta,93277,Visalia,36.301334,-119.3725855,225279,,2017-08-31,10,0,Zillow ZIP-level market for Visalia; mapped with Census 2020 ZCTA 93277 in Tulare County.,,,,
93292 Visalia,zcta,93292,Visalia,36.366243,-119.2116355,235094,,2017-08-31,10,0,Zillow ZIP-level market for Visalia; mapped with Census 2020 ZCTA 93292 in Tulare County.,,,,
93618 Dinuba,zcta,93618,Dinuba,36.5221175,-119.3866282,203941,,2017-08-31,10,0,Zillow ZIP-level market for Dinuba; mapped with Census 2020 ZCTA 93618 in Tulare County.,,,,
93247 Lindsay,zcta,93247,Lindsay,36.2017347,-119.0834779,169642,,2017-08-31,10,0,Zillow ZIP-level market for Lindsay; mapped with Census 2020 ZCTA 93247 in Tulare County.,,,,
93221 Exeter,zcta,93221,Exeter,36.2963943,-119.0299352,230642,,2017-08-31,10,0,Zillow ZIP-level market for Exeter; mapped with Census 2020 ZCTA 93221 in Tulare County.,,,,
93647 Orosi,zcta,93647,Orosi,36.6007599,-119.1754848,173219,,2017-08-31,10,0,Zillow ZIP-level market for Orosi; mapped with Census 2020 ZCTA 93647 in Tulare County.,,,,
93286 Woodlake,zcta,93286,Woodlake,36.4627099,-119.0932419,177965,,2017-08-31,10,0,Zillow ZIP-level market for Woodlake; mapped with Census 2020 ZCTA 93286 in Tulare County.,,,,
93219 Tulare,zcta,93219,Tulare,35.8882375,-119.2949573,134529,,2017-08-31,10,0,Zillow ZIP-level market for Tulare; mapped with Census 2020 ZCTA 93219 in Tulare County.,,,,
93223 Farmersville,zcta,93223,Farmersville,36.3011122,-119.207875,154070,,2017-08-31,10,0,Zillow ZIP-level market for Farmersville; mapped with Census 2020 ZCTA 93223 in Tulare County.,,,,
93615 Cutler,zcta,93615,Cutler,36.5037388,-119.2838461,159301,,2017-08-31,10,0,Zillow ZIP-level market for Cutler; mapped with Census 2020 ZCTA 93615 in Tulare County.,,,,
93267 Strathmore,zcta,93267,Strathmore,36.1436233,-119.073877,159848,,2017-08-31,10,0,Zillow ZIP-level market for Strathmore; mapped with Census 2020 ZCTA 93267 in Tulare County.,,,,
93256 Pixley,zcta,93256,Pixley,35.9717308,-119.3135106,144019,,2017-08-31,10,0,Zillow ZIP-level market for Pixley; mapped with Census 2020 ZCTA 93256 in Tulare County.,,,,
93272 Tipton,zcta,93272,Tipton,36.0473536,-119.3444282,152306,,2017-08-31,10,0,Zillow ZIP-level market for Tipton; mapped with Census 2020 ZCTA 93272 in Tulare County.,,,,
93270 Terra Bella,zcta,93270,Terra Bella,35.9424478,-119.0583495,216583,,2017-08-31,10,0,Zillow ZIP-level market for Terra Bella; mapped with Census 2020 ZCTA 93270 in Tulare County.,,,,
93235 Ivanhoe,zcta,93235,Ivanhoe,36.385067,-119.2231243,119053,,2017-08-31,10,0,Zillow ZIP-level market for Ivanhoe; mapped with Census 2020 ZCTA 93235 in Tulare County.,,,,
93265 Springville,zcta,93265,Springville,36.217713,-118.6936058,255700,,2017-08-31,10,0,Zillow ZIP-level market for Springville; mapped with Census 2020 ZCTA 93265 in Tulare County.,,,,
93271 Three Rivers,zcta,93271,Three Rivers,36.440041,-118.8802803,332527,,2017-08-31,10,0,Zillow ZIP-level market for Three Rivers; mapped with Census 2020 ZCTA 93271 in Tulare County.,,,,
93201 Alpaugh,zcta,93201,Alpaugh,35.8568588,-119.5075255,121679,,2017-08-31,10,0,Zillow ZIP-level market for Alpaugh; mapped with Census 2020 ZCTA 93201 in Tulare County.,,,,
93261 Richgrove,zcta,93261,Richgrove,35.8114805,-119.1167378,125030,,2017-08-31,10,0,Zillow ZIP-level market for Richgrove; mapped with Census 2020 ZCTA 93261 in Tulare County.,,,,
93218 Earlimart,zcta,93218,Earlimart,35.8571408,-119.0449304,147464,,2017-08-31,10,0,Zillow ZIP-level market for Earlimart; mapped with Census 2020 ZCTA 93218 in Tulare County.,,,,
93227 Visalia,zcta,93227,Visalia,36.3444448,-119.418562,152801,,2017-08-31,10,0,Zillow ZIP-level market for Visalia; mapped with Census 2020 ZCTA 93227 in Tulare County.,,,,
93257 Porterville,zcta,93257,Porterville,35.9808583,-118.8893149,192575,,2017-09-30,10,0,Zillow ZIP-level market for Porterville; mapped with Census 2020 ZCTA 93257 in Tulare County.,,,,
93274 Tulare,zcta,93274,Tulare,36.1779345,-119.3799754,210041,,2017-09-30,10,0,Zillow ZIP-level market for Tulare; mapped with Census 2020 ZCTA 93274 in Tulare County.,,,,
93291 Visalia,zcta,93291,Visalia,36.391777,-119.3728419,259628,,2017-09-30,10,0,Zillow ZIP-level market for Visalia; mapped with Census 2020 ZCTA 93291 in Tulare County.,,,,
93277 Visalia,zcta,93277,Visalia,36.301334,-119.3725855,226605,,2017-09-30,10,0,Zillow ZIP-level market for Visalia; mapped with Census 2020 ZCTA 93277 in Tulare County.,,,,
93292 Visalia,zcta,93292,Visalia,36.366243,-119.2116355,236476,,2017-09-30,10,0,Zillow ZIP-level market for Visalia; mapped with Census 2020 ZCTA 93292 in Tulare County.,,,,
93618 Dinuba,zcta,93618,Dinuba,36.5221175,-119.3866282,205254,,2017-09-30,10,0,Zillow ZIP-level market for Dinuba; mapped with Census 2020 ZCTA 93618 in Tulare County.,,,,
93247 Lindsay,zcta,93247,Lindsay,36.2017347,-119.0834779,170852,,2017-09-30,10,0,Zillow ZIP-level market for Lindsay; mapped with Census 2020 ZCTA 93247 in Tulare County.,,,,
93221 Exeter,zcta,93221,Exeter,36.2963943,-119.0299352,231256,,2017-09-30,10,0,Zillow ZIP-level market for Exeter; mapped with Census 2020 ZCTA 93221 in Tulare County.,,,,
93647 Orosi,zcta,93647,Orosi,36.6007599,-119.1754848,173951,,2017-09-30,10,0,Zillow ZIP-level market for Orosi; mapped with Census 2020 ZCTA 93647 in Tulare County.,,,,
93286 Woodlake,zcta,93286,Woodlake,36.4627099,-119.0932419,178319,,2017-09-30,10,0,Zillow ZIP-level market for Woodlake; mapped with Census 2020 ZCTA 93286 in Tulare County.,,,,
93219 Tulare,zcta,93219,Tulare,35.8882375,-119.2949573,135914,,2017-09-30,10,0,Zillow ZIP-level market for Tulare; mapped with Census 2020 ZCTA 93219 in Tulare County.,,,,
93223 Farmersville,zcta,93223,Farmersville,36.3011122,-119.207875,155316,,2017-09-30,10,0,Zillow ZIP-level market for Farmersville; mapped with Census 2020 ZCTA 93223 in Tulare County.,,,,
93615 Cutler,zcta,93615,Cutler,36.5037388,-119.2838461,161535,,2017-09-30,10,0,Zillow ZIP-level market for Cutler; mapped with Census 2020 ZCTA 93615 in Tulare County.,,,,
93267 Strathmore,zcta,93267,Strathmore,36.1436233,-119.073877,161230,,2017-09-30,10,0,Zillow ZIP-level market for Strathmore; mapped with Census 2020 ZCTA 93267 in Tulare County.,,,,
93256 Pixley,zcta,93256,Pixley,35.9717308,-119.3135106,144212,,2017-09-30,10,0,Zillow ZIP-level market for Pixley; mapped with Census 2020 ZCTA 93256 in Tulare County.,,,,
93272 Tipton,zcta,93272,Tipton,36.0473536,-119.3444282,152988,,2017-09-30,10,0,Zillow ZIP-level market for Tipton; mapped with Census 2020 ZCTA 93272 in Tulare County.,,,,
93270 Terra Bella,zcta,93270,Terra Bella,35.9424478,-119.0583495,216948,,2017-09-30,10,0,Zillow ZIP-level market for Terra Bella; mapped with Census 2020 ZCTA 93270 in Tulare County.,,,,
93235 Ivanhoe,zcta,93235,Ivanhoe,36.385067,-119.2231243,120785,,2017-09-30,10,0,Zillow ZIP-level market for Ivanhoe; mapped with Census 2020 ZCTA 93235 in Tulare County.,,,,
93265 Springville,zcta,93265,Springville,36.217713,-118.6936058,257849,,2017-09-30,10,0,Zillow ZIP-level market for Springville; mapped with Census 2020 ZCTA 93265 in Tulare County.,,,,
93271 Three Rivers,zcta,93271,Three Rivers,36.440041,-118.8802803,333404,,2017-09-30,10,0,Zillow ZIP-level market for Three Rivers; mapped with Census 2020 ZCTA 93271 in Tulare County.,,,,
93201 Alpaugh,zcta,93201,Alpaugh,35.8568588,-119.5075255,122777,,2017-09-30,10,0,Zillow ZIP-level market for Alpaugh; mapped with Census 2020 ZCTA 93201 in Tulare County.,,,,
93261 Richgrove,zcta,93261,Richgrove,35.8114805,-119.1167378,124751,,2017-09-30,10,0,Zillow ZIP-level market for Richgrove; mapped with Census 2020 ZCTA 93261 in Tulare County.,,,,
93218 Earlimart,zcta,93218,Earlimart,35.8571408,-119.0449304,148123,,2017-09-30,10,0,Zillow ZIP-level market for Earlimart; mapped with Census 2020 ZCTA 93218 in Tulare County.,,,,
93227 Visalia,zcta,93227,Visalia,36.3444448,-119.418562,155352,,2017-09-30,10,0,Zillow ZIP-level market for Visalia; mapped with Census 2020 ZCTA 93227 in Tulare County.,,,,
93257 Porterville,zcta,93257,Porterville,35.9808583,-118.8893149,194004,,2017-10-31,10,0,Zillow ZIP-level market for Porterville; mapped with Census 2020 ZCTA 93257 in Tulare County.,,,,
93274 Tulare,zcta,93274,Tulare,36.1779345,-119.3799754,211387,,2017-10-31,10,0,Zillow ZIP-level market for Tulare; mapped with Census 2020 ZCTA 93274 in Tulare County.,,,,
93291 Visalia,zcta,93291,Visalia,36.391777,-119.3728419,261232,,2017-10-31,10,0,Zillow ZIP-level market for Visalia; mapped with Census 2020 ZCTA 93291 in Tulare County.,,,,
93277 Visalia,zcta,93277,Visalia,36.301334,-119.3725855,228286,,2017-10-31,10,0,Zillow ZIP-level market for Visalia; mapped with Census 2020 ZCTA 93277 in Tulare County.,,,,
93292 Visalia,zcta,93292,Visalia,36.366243,-119.2116355,238041,,2017-10-31,10,0,Zillow ZIP-level market for Visalia; mapped with Census 2020 ZCTA 93292 in Tulare County.,,,,
93618 Dinuba,zcta,93618,Dinuba,36.5221175,-119.3866282,206818,,2017-10-31,10,0,Zillow ZIP-level market for Dinuba; mapped with Census 2020 ZCTA 93618 in Tulare County.,,,,
93247 Lindsay,zcta,93247,Lindsay,36.2017347,-119.0834779,172896,,2017-10-31,10,0,Zillow ZIP-level market for Lindsay; mapped with Census 2020 ZCTA 93247 in Tulare County.,,,,
93221 Exeter,zcta,93221,Exeter,36.2963943,-119.0299352,232866,,2017-10-31,10,0,Zillow ZIP-level market for Exeter; mapped with Census 2020 ZCTA 93221 in Tulare County.,,,,
93647 Orosi,zcta,93647,Orosi,36.6007599,-119.1754848,175171,,2017-10-31,10,0,Zillow ZIP-level market for Orosi; mapped with Census 2020 ZCTA 93647 in Tulare County.,,,,
93286 Woodlake,zcta,93286,Woodlake,36.4627099,-119.0932419,179288,,2017-10-31,10,0,Zillow ZIP-level market for Woodlake; mapped with Census 2020 ZCTA 93286 in Tulare County.,,,,
93219 Tulare,zcta,93219,Tulare,35.8882375,-119.2949573,137568,,2017-10-31,10,0,Zillow ZIP-level market for Tulare; mapped with Census 2020 ZCTA 93219 in Tulare County.,,,,
93223 Farmersville,zcta,93223,Farmersville,36.3011122,-119.207875,157376,,2017-10-31,10,0,Zillow ZIP-level market for Farmersville; mapped with Census 2020 ZCTA 93223 in Tulare County.,,,,
93615 Cutler,zcta,93615,Cutler,36.5037388,-119.2838461,163046,,2017-10-31,10,0,Zillow ZIP-level market for Cutler; mapped with Census 2020 ZCTA 93615 in Tulare County.,,,,
93267 Strathmore,zcta,93267,Strathmore,36.1436233,-119.073877,162936,,2017-10-31,10,0,Zillow ZIP-level market for Strathmore; mapped with Census 2020 ZCTA 93267 in Tulare County.,,,,
93256 Pixley,zcta,93256,Pixley,35.9717308,-119.3135106,145331,,2017-10-31,10,0,Zillow ZIP-level market for Pixley; mapped with Census 2020 ZCTA 93256 in Tulare County.,,,,
93272 Tipton,zcta,93272,Tipton,36.0473536,-119.3444282,154669,,2017-10-31,10,0,Zillow ZIP-level market for Tipton; mapped with Census 2020 ZCTA 93272 in Tulare County.,,,,
93270 Terra Bella,zcta,93270,Terra Bella,35.9424478,-119.0583495,216956,,2017-10-31,10,0,Zillow ZIP-level market for Terra Bella; mapped with Census 2020 ZCTA 93270 in Tulare County.,,,,
93235 Ivanhoe,zcta,93235,Ivanhoe,36.385067,-119.2231243,122097,,2017-10-31,10,0,Zillow ZIP-level market for Ivanhoe; mapped with Census 2020 ZCTA 93235 in Tulare County.,,,,
93265 Springville,zcta,93265,Springville,36.217713,-118.6936058,260261,,2017-10-31,10,0,Zillow ZIP-level market for Springville; mapped with Census 2020 ZCTA 93265 in Tulare County.,,,,
93271 Three Rivers,zcta,93271,Three Rivers,36.440041,-118.8802803,334129,,2017-10-31,10,0,Zillow ZIP-level market for Three Rivers; mapped with Census 2020 ZCTA 93271 in Tulare County.,,,,
93201 Alpaugh,zcta,93201,Alpaugh,35.8568588,-119.5075255,123928,,2017-10-31,10,0,Zillow ZIP-level market for Alpaugh; mapped with Census 2020 ZCTA 93201 in Tulare County.,,,,
93261 Richgrove,zcta,93261,Richgrove,35.8114805,-119.1167378,124344,,2017-10-31,10,0,Zillow ZIP-level market for Richgrove; mapped with Census 2020 ZCTA 93261 in Tulare County.,,,,
93218 Earlimart,zcta,93218,Earlimart,35.8571408,-119.0449304,148141,,2017-10-31,10,0,Zillow ZIP-level market for Earlimart; mapped with Census 2020 ZCTA 93218 in Tulare County.,,,,
93227 Visalia,zcta,93227,Visalia,36.3444448,-119.418562,157884,,2017-10-31,10,0,Zillow ZIP-level market for Visalia; mapped with Census 2020 ZCTA 93227 in Tulare County.,,,,
93257 Porterville,zcta,93257,Porterville,35.9808583,-118.8893149,195473,,2017-11-30,10,0,Zillow ZIP-level market for Porterville; mapped with Census 2020 ZCTA 93257 in Tulare County.,,,,
93274 Tulare,zcta,93274,Tulare,36.1779345,-119.3799754,212747,,2017-11-30,10,0,Zillow ZIP-level market for Tulare; mapped with Census 2020 ZCTA 93274 in Tulare County.,,,,
93291 Visalia,zcta,93291,Visalia,36.391777,-119.3728419,262801,,2017-11-30,10,0,Zillow ZIP-level market for Visalia; mapped with Census 2020 ZCTA 93291 in Tulare County.,,,,
93277 Visalia,zcta,93277,Visalia,36.301334,-119.3725855,229938,,2017-11-30,10,0,Zillow ZIP-level market for Visalia; mapped with Census 2020 ZCTA 93277 in Tulare County.,,,,
93292 Visalia,zcta,93292,Visalia,36.366243,-119.2116355,239759,,2017-11-30,10,0,Zillow ZIP-level market for Visalia; mapped with Census 2020 ZCTA 93292 in Tulare County.,,,,
93618 Dinuba,zcta,93618,Dinuba,36.5221175,-119.3866282,208673,,2017-11-30,10,0,Zillow ZIP-level market for Dinuba; mapped with Census 2020 ZCTA 93618 in Tulare County.,,,,
93247 Lindsay,zcta,93247,Lindsay,36.2017347,-119.0834779,175031,,2017-11-30,10,0,Zillow ZIP-level market for Lindsay; mapped with Census 2020 ZCTA 93247 in Tulare County.,,,,
93221 Exeter,zcta,93221,Exeter,36.2963943,-119.0299352,235021,,2017-11-30,10,0,Zillow ZIP-level market for Exeter; mapped with Census 2020 ZCTA 93221 in Tulare County.,,,,
93647 Orosi,zcta,93647,Orosi,36.6007599,-119.1754848,176048,,2017-11-30,10,0,Zillow ZIP-level market for Orosi; mapped with Census 2020 ZCTA 93647 in Tulare County.,,,,
93286 Woodlake,zcta,93286,Woodlake,36.4627099,-119.0932419,180400,,2017-11-30,10,0,Zillow ZIP-level market for Woodlake; mapped with Census 2020 ZCTA 93286 in Tulare County.,,,,
93219 Tulare,zcta,93219,Tulare,35.8882375,-119.2949573,139581,,2017-11-30,10,0,Zillow ZIP-level market for Tulare; mapped with Census 2020 ZCTA 93219 in Tulare County.,,,,
93223 Farmersville,zcta,93223,Farmersville,36.3011122,-119.207875,159780,,2017-11-30,10,0,Zillow ZIP-level market for Farmersville; mapped with Census 2020 ZCTA 93223 in Tulare County.,,,,
93615 Cutler,zcta,93615,Cutler,36.5037388,-119.2838461,165104,,2017-11-30,10,0,Zillow ZIP-level market for Cutler; mapped with Census 2020 ZCTA 93615 in Tulare County.,,,,
93267 Strathmore,zcta,93267,Strathmore,36.1436233,-119.073877,165255,,2017-11-30,10,0,Zillow ZIP-level market for Strathmore; mapped with Census 2020 ZCTA 93267 in Tulare County.,,,,
93256 Pixley,zcta,93256,Pixley,35.9717308,-119.3135106,146833,,2017-11-30,10,0,Zillow ZIP-level market for Pixley; mapped with Census 2020 ZCTA 93256 in Tulare County.,,,,
93272 Tipton,zcta,93272,Tipton,36.0473536,-119.3444282,156131,,2017-11-30,10,0,Zillow ZIP-level market for Tipton; mapped with Census 2020 ZCTA 93272 in Tulare County.,,,,
93270 Terra Bella,zcta,93270,Terra Bella,35.9424478,-119.0583495,218869,,2017-11-30,10,0,Zillow ZIP-level market for Terra Bella; mapped with Census 2020 ZCTA 93270 in Tulare County.,,,,
93235 Ivanhoe,zcta,93235,Ivanhoe,36.385067,-119.2231243,123368,,2017-11-30,10,0,Zillow ZIP-level market for Ivanhoe; mapped with Census 2020 ZCTA 93235 in Tulare County.,,,,
93265 Springville,zcta,93265,Springville,36.217713,-118.6936058,262282,,2017-11-30,10,0,Zillow ZIP-level market for Springville; mapped with Census 2020 ZCTA 93265 in Tulare County.,,,,
93271 Three Rivers,zcta,93271,Three Rivers,36.440041,-118.8802803,335898,,2017-11-30,10,0,Zillow ZIP-level market for Three Rivers; mapped with Census 2020 ZCTA 93271 in Tulare County.,,,,
93201 Alpaugh,zcta,93201,Alpaugh,35.8568588,-119.5075255,125330,,2017-11-30,10,0,Zillow ZIP-level market for Alpaugh; mapped with Census 2020 ZCTA 93201 in Tulare County.,,,,
93261 Richgrove,zcta,93261,Richgrove,35.8114805,-119.1167378,124751,,2017-11-30,10,0,Zillow ZIP-level market for Richgrove; mapped with Census 2020 ZCTA 93261 in Tulare County.,,,,
93218 Earlimart,zcta,93218,Earlimart,35.8571408,-119.0449304,147949,,2017-11-30,10,0,Zillow ZIP-level market for Earlimart; mapped with Census 2020 ZCTA 93218 in Tulare County.,,,,
93227 Visalia,zcta,93227,Visalia,36.3444448,-119.418562,160415,,2017-11-30,10,0,Zillow ZIP-level market for Visalia; mapped with Census 2020 ZCTA 93227 in Tulare County.,,,,
93257 Porterville,zcta,93257,Porterville,35.9808583,-118.8893149,197132,,2017-12-31,10,0,Zillow ZIP-level market for Porterville; mapped with Census 2020 ZCTA 93257 in Tulare County.,,,,
93274 Tulare,zcta,93274,Tulare,36.1779345,-119.3799754,214093,,2017-12-31,10,0,Zillow ZIP-level market for Tulare; mapped with Census 2020 ZCTA 93274 in Tulare County.,,,,
93291 Visalia,zcta,93291,Visalia,36.391777,-119.3728419,264413,,2017-12-31,10,0,Zillow ZIP-level market for Visalia; mapped with Census 2020 ZCTA 93291 in Tulare County.,,,,
93277 Visalia,zcta,93277,Visalia,36.301334,-119.3725855,231742,,2017-12-31,10,0,Zillow ZIP-level market for Visalia; mapped with Census 2020 ZCTA 93277 in Tulare County.,,,,
93292 Visalia,zcta,93292,Visalia,36.366243,-119.2116355,241763,,2017-12-31,10,0,Zillow ZIP-level market for Visalia; mapped with Census 2020 ZCTA 93292 in Tulare County.,,,,
93618 Dinuba,zcta,93618,Dinuba,36.5221175,-119.3866282,210752,,2017-12-31,10,0,Zillow ZIP-level market for Dinuba; mapped with Census 2020 ZCTA 93618 in Tulare County.,,,,
93247 Lindsay,zcta,93247,Lindsay,36.2017347,-119.0834779,177073,,2017-12-31,10,0,Zillow ZIP-level market for Lindsay; mapped with Census 2020 ZCTA 93247 in Tulare County.,,,,
93221 Exeter,zcta,93221,Exeter,36.2963943,-119.0299352,237487,,2017-12-31,10,0,Zillow ZIP-level market for Exeter; mapped with Census 2020 ZCTA 93221 in Tulare County.,,,,
93647 Orosi,zcta,93647,Orosi,36.6007599,-119.1754848,177017,,2017-12-31,10,0,Zillow ZIP-level market for Orosi; mapped with Census 2020 ZCTA 93647 in Tulare County.,,,,
93286 Woodlake,zcta,93286,Woodlake,36.4627099,-119.0932419,182085,,2017-12-31,10,0,Zillow ZIP-level market for Woodlake; mapped with Census 2020 ZCTA 93286 in Tulare County.,,,,
93219 Tulare,zcta,93219,Tulare,35.8882375,-119.2949573,141660,,2017-12-31,10,0,Zillow ZIP-level market for Tulare; mapped with Census 2020 ZCTA 93219 in Tulare County.,,,,
93223 Farmersville,zcta,93223,Farmersville,36.3011122,-119.207875,162342,,2017-12-31,10,0,Zillow ZIP-level market for Farmersville; mapped with Census 2020 ZCTA 93223 in Tulare County.,,,,
93615 Cutler,zcta,93615,Cutler,36.5037388,-119.2838461,166970,,2017-12-31,10,0,Zillow ZIP-level market for Cutler; mapped with Census 2020 ZCTA 93615 in Tulare County.,,,,
93267 Strathmore,zcta,93267,Strathmore,36.1436233,-119.073877,167322,,2017-12-31,10,0,Zillow ZIP-level market for Strathmore; mapped with Census 2020 ZCTA 93267 in Tulare County.,,,,
93256 Pixley,zcta,93256,Pixley,35.9717308,-119.3135106,148942,,2017-12-31,10,0,Zillow ZIP-level market for Pixley; mapped with Census 2020 ZCTA 93256 in Tulare County.,,,,
93272 Tipton,zcta,93272,Tipton,36.0473536,-119.3444282,157534,,2017-12-31,10,0,Zillow ZIP-level market for Tipton; mapped with Census 2020 ZCTA 93272 in Tulare County.,,,,
93270 Terra Bella,zcta,93270,Terra Bella,35.9424478,-119.0583495,220774,,2017-12-31,10,0,Zillow ZIP-level market for Terra Bella; mapped with Census 2020 ZCTA 93270 in Tulare County.,,,,
93235 Ivanhoe,zcta,93235,Ivanhoe,36.385067,-119.2231243,124813,,2017-12-31,10,0,Zillow ZIP-level market for Ivanhoe; mapped with Census 2020 ZCTA 93235 in Tulare County.,,,,
93265 Springville,zcta,93265,Springville,36.217713,-118.6936058,264214,,2017-12-31,10,0,Zillow ZIP-level market for Springville; mapped with Census 2020 ZCTA 93265 in Tulare County.,,,,
93271 Three Rivers,zcta,93271,Three Rivers,36.440041,-118.8802803,337262,,2017-12-31,10,0,Zillow ZIP-level market for Three Rivers; mapped with Census 2020 ZCTA 93271 in Tulare County.,,,,
93201 Alpaugh,zcta,93201,Alpaugh,35.8568588,-119.5075255,126844,,2017-12-31,10,0,Zillow ZIP-level market for Alpaugh; mapped with Census 2020 ZCTA 93201 in Tulare County.,,,,
93261 Richgrove,zcta,93261,Richgrove,35.8114805,-119.1167378,126523,,2017-12-31,10,0,Zillow ZIP-level market for Richgrove; mapped with Census 2020 ZCTA 93261 in Tulare County.,,,,
93218 Earlimart,zcta,93218,Earlimart,35.8571408,-119.0449304,147271,,2017-12-31,10,0,Zillow ZIP-level market for Earlimart; mapped with Census 2020 ZCTA 93218 in Tulare County.,,,,
93227 Visalia,zcta,93227,Visalia,36.3444448,-119.418562,162119,,2017-12-31,10,0,Zillow ZIP-level market for Visalia; mapped with Census 2020 ZCTA 93227 in Tulare County.,,,,
93257 Porterville,zcta,93257,Porterville,35.9808583,-118.8893149,198773,,2018-01-31,10,0,Zillow ZIP-level market for Porterville; mapped with Census 2020 ZCTA 93257 in Tulare County.,,,,
93274 Tulare,zcta,93274,Tulare,36.1779345,-119.3799754,215338,,2018-01-31,10,0,Zillow ZIP-level market for Tulare; mapped with Census 2020 ZCTA 93274 in Tulare County.,,,,
93291 Visalia,zcta,93291,Visalia,36.391777,-119.3728419,265908,,2018-01-31,10,0,Zillow ZIP-level market for Visalia; mapped with Census 2020 ZCTA 93291 in Tulare County.,,,,
93277 Visalia,zcta,93277,Visalia,36.301334,-119.3725855,233414,,2018-01-31,10,0,Zillow ZIP-level market for Visalia; mapped with Census 2020 ZCTA 93277 in Tulare County.,,,,
93292 Visalia,zcta,93292,Visalia,36.366243,-119.2116355,243672,,2018-01-31,10,0,Zillow ZIP-level market for Visalia; mapped with Census 2020 ZCTA 93292 in Tulare County.,,,,
93618 Dinuba,zcta,93618,Dinuba,36.5221175,-119.3866282,213138,,2018-01-31,10,0,Zillow ZIP-level market for Dinuba; mapped with Census 2020 ZCTA 93618 in Tulare County.,,,,
93247 Lindsay,zcta,93247,Lindsay,36.2017347,-119.0834779,178444,,2018-01-31,10,0,Zillow ZIP-level market for Lindsay; mapped with Census 2020 ZCTA 93247 in Tulare County.,,,,
93221 Exeter,zcta,93221,Exeter,36.2963943,-119.0299352,239537,,2018-01-31,10,0,Zillow ZIP-level market for Exeter; mapped with Census 2020 ZCTA 93221 in Tulare County.,,,,
93647 Orosi,zcta,93647,Orosi,36.6007599,-119.1754848,177135,,2018-01-31,10,0,Zillow ZIP-level market for Orosi; mapped with Census 2020 ZCTA 93647 in Tulare County.,,,,
93286 Woodlake,zcta,93286,Woodlake,36.4627099,-119.0932419,183278,,2018-01-31,10,0,Zillow ZIP-level market for Woodlake; mapped with Census 2020 ZCTA 93286 in Tulare County.,,,,
93219 Tulare,zcta,93219,Tulare,35.8882375,-119.2949573,143076,,2018-01-31,10,0,Zillow ZIP-level market for Tulare; mapped with Census 2020 ZCTA 93219 in Tulare County.,,,,
93223 Farmersville,zcta,93223,Farmersville,36.3011122,-119.207875,164394,,2018-01-31,10,0,Zillow ZIP-level market for Farmersville; mapped with Census 2020 ZCTA 93223 in Tulare County.,,,,
93615 Cutler,zcta,93615,Cutler,36.5037388,-119.2838461,168232,,2018-01-31,10,0,Zillow ZIP-level market for Cutler; mapped with Census 2020 ZCTA 93615 in Tulare County.,,,,
93267 Strathmore,zcta,93267,Strathmore,36.1436233,-119.073877,168559,,2018-01-31,10,0,Zillow ZIP-level market for Strathmore; mapped with Census 2020 ZCTA 93267 in Tulare County.,,,,
93256 Pixley,zcta,93256,Pixley,35.9717308,-119.3135106,150703,,2018-01-31,10,0,Zillow ZIP-level market for Pixley; mapped with Census 2020 ZCTA 93256 in Tulare County.,,,,
93272 Tipton,zcta,93272,Tipton,36.0473536,-119.3444282,158088,,2018-01-31,10,0,Zillow ZIP-level market for Tipton; mapped with Census 2020 ZCTA 93272 in Tulare County.,,,,
93270 Terra Bella,zcta,93270,Terra Bella,35.9424478,-119.0583495,222645,,2018-01-31,10,0,Zillow ZIP-level market for Terra Bella; mapped with Census 2020 ZCTA 93270 in Tulare County.,,,,
93235 Ivanhoe,zcta,93235,Ivanhoe,36.385067,-119.2231243,126426,,2018-01-31,10,0,Zillow ZIP-level market for Ivanhoe; mapped with Census 2020 ZCTA 93235 in Tulare County.,,,,
93265 Springville,zcta,93265,Springville,36.217713,-118.6936058,265995,,2018-01-31,10,0,Zillow ZIP-level market for Springville; mapped with Census 2020 ZCTA 93265 in Tulare County.,,,,
93271 Three Rivers,zcta,93271,Three Rivers,36.440041,-118.8802803,339679,,2018-01-31,10,0,Zillow ZIP-level market for Three Rivers; mapped with Census 2020 ZCTA 93271 in Tulare County.,,,,
93201 Alpaugh,zcta,93201,Alpaugh,35.8568588,-119.5075255,128219,,2018-01-31,10,0,Zillow ZIP-level market for Alpaugh; mapped with Census 2020 ZCTA 93201 in Tulare County.,,,,
93261 Richgrove,zcta,93261,Richgrove,35.8114805,-119.1167378,128763,,2018-01-31,10,0,Zillow ZIP-level market for Richgrove; mapped with Census 2020 ZCTA 93261 in Tulare County.,,,,
93218 Earlimart,zcta,93218,Earlimart,35.8571408,-119.0449304,146538,,2018-01-31,10,0,Zillow ZIP-level market for Earlimart; mapped with Census 2020 ZCTA 93218 in Tulare County.,,,,
93227 Visalia,zcta,93227,Visalia,36.3444448,-119.418562,162758,,2018-01-31,10,0,Zillow ZIP-level market for Visalia; mapped with Census 2020 ZCTA 93227 in Tulare County.,,,,
93257 Porterville,zcta,93257,Porterville,35.9808583,-118.8893149,200149,,2018-02-28,10,0,Zillow ZIP-level market for Porterville; mapped with Census 2020 ZCTA 93257 in Tulare County.,,,,
93274 Tulare,zcta,93274,Tulare,36.1779345,-119.3799754,216524,,2018-02-28,10,0,Zillow ZIP-level market for Tulare; mapped with Census 2020 ZCTA 93274 in Tulare County.,,,,
93291 Visalia,zcta,93291,Visalia,36.391777,-119.3728419,267214,,2018-02-28,10,0,Zillow ZIP-level market for Visalia; mapped with Census 2020 ZCTA 93291 in Tulare County.,,,,
93277 Visalia,zcta,93277,Visalia,36.301334,-119.3725855,234837,,2018-02-28,10,0,Zillow ZIP-level market for Visalia; mapped with Census 2020 ZCTA 93277 in Tulare County.,,,,
93292 Visalia,zcta,93292,Visalia,36.366243,-119.2116355,245221,,2018-02-28,10,0,Zillow ZIP-level market for Visalia; mapped with Census 2020 ZCTA 93292 in Tulare County.,,,,
93618 Dinuba,zcta,93618,Dinuba,36.5221175,-119.3866282,215419,,2018-02-28,10,0,Zillow ZIP-level market for Dinuba; mapped with Census 2020 ZCTA 93618 in Tulare County.,,,,
93247 Lindsay,zcta,93247,Lindsay,36.2017347,-119.0834779,179270,,2018-02-28,10,0,Zillow ZIP-level market for Lindsay; mapped with Census 2020 ZCTA 93247 in Tulare County.,,,,
93221 Exeter,zcta,93221,Exeter,36.2963943,-119.0299352,241365,,2018-02-28,10,0,Zillow ZIP-level market for Exeter; mapped with Census 2020 ZCTA 93221 in Tulare County.,,,,
93647 Orosi,zcta,93647,Orosi,36.6007599,-119.1754848,177490,,2018-02-28,10,0,Zillow ZIP-level market for Orosi; mapped with Census 2020 ZCTA 93647 in Tulare County.,,,,
93286 Woodlake,zcta,93286,Woodlake,36.4627099,-119.0932419,184155,,2018-02-28,10,0,Zillow ZIP-level market for Woodlake; mapped with Census 2020 ZCTA 93286 in Tulare County.,,,,
93219 Tulare,zcta,93219,Tulare,35.8882375,-119.2949573,143589,,2018-02-28,10,0,Zillow ZIP-level market for Tulare; mapped with Census 2020 ZCTA 93219 in Tulare County.,,,,
93223 Farmersville,zcta,93223,Farmersville,36.3011122,-119.207875,166038,,2018-02-28,10,0,Zillow ZIP-level market for Farmersville; mapped with Census 2020 ZCTA 93223 in Tulare County.,,,,
93615 Cutler,zcta,93615,Cutler,36.5037388,-119.2838461,169244,,2018-02-28,10,0,Zillow ZIP-level market for Cutler; mapped with Census 2020 ZCTA 93615 in Tulare County.,,,,
93267 Strathmore,zcta,93267,Strathmore,36.1436233,-119.073877,169875,,2018-02-28,10,0,Zillow ZIP-level market for Strathmore; mapped with Census 2020 ZCTA 93267 in Tulare County.,,,,
93256 Pixley,zcta,93256,Pixley,35.9717308,-119.3135106,152257,,2018-02-28,10,0,Zillow ZIP-level market for Pixley; mapped with Census 2020 ZCTA 93256 in Tulare County.,,,,
93272 Tipton,zcta,93272,Tipton,36.0473536,-119.3444282,158334,,2018-02-28,10,0,Zillow ZIP-level market for Tipton; mapped with Census 2020 ZCTA 93272 in Tulare County.,,,,
93270 Terra Bella,zcta,93270,Terra Bella,35.9424478,-119.0583495,223390,,2018-02-28,10,0,Zillow ZIP-level market for Terra Bella; mapped with Census 2020 ZCTA 93270 in Tulare County.,,,,
93235 Ivanhoe,zcta,93235,Ivanhoe,36.385067,-119.2231243,127923,,2018-02-28,10,0,Zillow ZIP-level market for Ivanhoe; mapped with Census 2020 ZCTA 93235 in Tulare County.,,,,
93265 Springville,zcta,93265,Springville,36.217713,-118.6936058,268076,,2018-02-28,10,0,Zillow ZIP-level market for Springville; mapped with Census 2020 ZCTA 93265 in Tulare County.,,,,
93271 Three Rivers,zcta,93271,Three Rivers,36.440041,-118.8802803,342307,,2018-02-28,10,0,Zillow ZIP-level market for Three Rivers; mapped with Census 2020 ZCTA 93271 in Tulare County.,,,,
93201 Alpaugh,zcta,93201,Alpaugh,35.8568588,-119.5075255,129305,,2018-02-28,10,0,Zillow ZIP-level market for Alpaugh; mapped with Census 2020 ZCTA 93201 in Tulare County.,,,,
93261 Richgrove,zcta,93261,Richgrove,35.8114805,-119.1167378,130692,,2018-02-28,10,0,Zillow ZIP-level market for Richgrove; mapped with Census 2020 ZCTA 93261 in Tulare County.,,,,
93218 Earlimart,zcta,93218,Earlimart,35.8571408,-119.0449304,145966,,2018-02-28,10,0,Zillow ZIP-level market for Earlimart; mapped with Census 2020 ZCTA 93218 in Tulare County.,,,,
93244 Lemon Cove,zcta,93244,Lemon Cove,36.38634,-118.9897151,263240,,2018-02-28,10,0,Zillow ZIP-level market for Lemon Cove; mapped with Census 2020 ZCTA 93244 in Tulare County.,,,,
93227 Visalia,zcta,93227,Visalia,36.3444448,-119.418562,163987,,2018-02-28,10,0,Zillow ZIP-level market for Visalia; mapped with Census 2020 ZCTA 93227 in Tulare County.,,,,
93257 Porterville,zcta,93257,Porterville,35.9808583,-118.8893149,201416,,2018-03-31,10,0,Zillow ZIP-level market for Porterville; mapped with Census 2020 ZCTA 93257 in Tulare County.,,,,
93274 Tulare,zcta,93274,Tulare,36.1779345,-119.3799754,217732,,2018-03-31,10,0,Zillow ZIP-level market for Tulare; mapped with Census 2020 ZCTA 93274 in Tulare County.,,,,
93291 Visalia,zcta,93291,Visalia,36.391777,-119.3728419,268717,,2018-03-31,10,0,Zillow ZIP-level market for Visalia; mapped with Census 2020 ZCTA 93291 in Tulare County.,,,,
93277 Visalia,zcta,93277,Visalia,36.301334,-119.3725855,236220,,2018-03-31,10,0,Zillow ZIP-level market for Visalia; mapped with Census 2020 ZCTA 93277 in Tulare County.,,,,
93292 Visalia,zcta,93292,Visalia,36.366243,-119.2116355,246717,,2018-03-31,10,0,Zillow ZIP-level market for Visalia; mapped with Census 2020 ZCTA 93292 in Tulare County.,,,,
93618 Dinuba,zcta,93618,Dinuba,36.5221175,-119.3866282,217745,,2018-03-31,10,0,Zillow ZIP-level market for Dinuba; mapped with Census 2020 ZCTA 93618 in Tulare County.,,,,
93247 Lindsay,zcta,93247,Lindsay,36.2017347,-119.0834779,180004,,2018-03-31,10,0,Zillow ZIP-level market for Lindsay; mapped with Census 2020 ZCTA 93247 in Tulare County.,,,,
93221 Exeter,zcta,93221,Exeter,36.2963943,-119.0299352,242988,,2018-03-31,10,0,Zillow ZIP-level market for Exeter; mapped with Census 2020 ZCTA 93221 in Tulare County.,,,,
93647 Orosi,zcta,93647,Orosi,36.6007599,-119.1754848,178229,,2018-03-31,10,0,Zillow ZIP-level market for Orosi; mapped with Census 2020 ZCTA 93647 in Tulare County.,,,,
93286 Woodlake,zcta,93286,Woodlake,36.4627099,-119.0932419,185405,,2018-03-31,10,0,Zillow ZIP-level market for Woodlake; mapped with Census 2020 ZCTA 93286 in Tulare County.,,,,
93219 Tulare,zcta,93219,Tulare,35.8882375,-119.2949573,143933,,2018-03-31,10,0,Zillow ZIP-level market for Tulare; mapped with Census 2020 ZCTA 93219 in Tulare County.,,,,
93223 Farmersville,zcta,93223,Farmersville,36.3011122,-119.207875,167617,,2018-03-31,10,0,Zillow ZIP-level market for Farmersville; mapped with Census 2020 ZCTA 93223 in Tulare County.,,,,
93615 Cutler,zcta,93615,Cutler,36.5037388,-119.2838461,170897,,2018-03-31,10,0,Zillow ZIP-level market for Cutler; mapped with Census 2020 ZCTA 93615 in Tulare County.,,,,
93267 Strathmore,zcta,93267,Strathmore,36.1436233,-119.073877,171813,,2018-03-31,10,0,Zillow ZIP-level market for Strathmore; mapped with Census 2020 ZCTA 93267 in Tulare County.,,,,
93256 Pixley,zcta,93256,Pixley,35.9717308,-119.3135106,154001,,2018-03-31,10,0,Zillow ZIP-level market for Pixley; mapped with Census 2020 ZCTA 93256 in Tulare County.,,,,
93272 Tipton,zcta,93272,Tipton,36.0473536,-119.3444282,159095,,2018-03-31,10,0,Zillow ZIP-level market for Tipton; mapped with Census 2020 ZCTA 93272 in Tulare County.,,,,
93270 Terra Bella,zcta,93270,Terra Bella,35.9424478,-119.0583495,225096,,2018-03-31,10,0,Zillow ZIP-level market for Terra Bella; mapped with Census 2020 ZCTA 93270 in Tulare County.,,,,
93235 Ivanhoe,zcta,93235,Ivanhoe,36.385067,-119.2231243,129506,,2018-03-31,10,0,Zillow ZIP-level market for Ivanhoe; mapped with Census 2020 ZCTA 93235 in Tulare County.,,,,
93265 Springville,zcta,93265,Springville,36.217713,-118.6936058,270078,,2018-03-31,10,0,Zillow ZIP-level market for Springville; mapped with Census 2020 ZCTA 93265 in Tulare County.,,,,
93271 Three Rivers,zcta,93271,Three Rivers,36.440041,-118.8802803,346164,,2018-03-31,10,0,Zillow ZIP-level market for Three Rivers; mapped with Census 2020 ZCTA 93271 in Tulare County.,,,,
93201 Alpaugh,zcta,93201,Alpaugh,35.8568588,-119.5075255,130270,,2018-03-31,10,0,Zillow ZIP-level market for Alpaugh; mapped with Census 2020 ZCTA 93201 in Tulare County.,,,,
93261 Richgrove,zcta,93261,Richgrove,35.8114805,-119.1167378,132580,,2018-03-31,10,0,Zillow ZIP-level market for Richgrove; mapped with Census 2020 ZCTA 93261 in Tulare County.,,,,
93218 Earlimart,zcta,93218,Earlimart,35.8571408,-119.0449304,147529,,2018-03-31,10,0,Zillow ZIP-level market for Earlimart; mapped with Census 2020 ZCTA 93218 in Tulare County.,,,,
93244 Lemon Cove,zcta,93244,Lemon Cove,36.38634,-118.9897151,265243,,2018-03-31,10,0,Zillow ZIP-level market for Lemon Cove; mapped with Census 2020 ZCTA 93244 in Tulare County.,,,,
93227 Visalia,zcta,93227,Visalia,36.3444448,-119.418562,166102,,2018-03-31,10,0,Zillow ZIP-level market for Visalia; mapped with Census 2020 ZCTA 93227 in Tulare County.,,,,
93257 Porterville,zcta,93257,Porterville,35.9808583,-118.8893149,202147,,2018-04-30,10,0,Zillow ZIP-level market for Porterville; mapped with Census 2020 ZCTA 93257 in Tulare County.,,,,
93274 Tulare,zcta,93274,Tulare,36.1779345,-119.3799754,218467,,2018-04-30,10,0,Zillow ZIP-level market for Tulare; mapped with Census 2020 ZCTA 93274 in Tulare County.,,,,
93291 Visalia,zcta,93291,Visalia,36.391777,-119.3728419,269775,,2018-04-30,10,0,Zillow ZIP-level market for Visalia; mapped with Census 2020 ZCTA 93291 in Tulare County.,,,,
93277 Visalia,zcta,93277,Visalia,36.301334,-119.3725855,236860,,2018-04-30,10,0,Zillow ZIP-level market for Visalia; mapped with Census 2020 ZCTA 93277 in Tulare County.,,,,
93292 Visalia,zcta,93292,Visalia,36.366243,-119.2116355,247756,,2018-04-30,10,0,Zillow ZIP-level market for Visalia; mapped with Census 2020 ZCTA 93292 in Tulare County.,,,,
93618 Dinuba,zcta,93618,Dinuba,36.5221175,-119.3866282,219344,,2018-04-30,10,0,Zillow ZIP-level market for Dinuba; mapped with Census 2020 ZCTA 93618 in Tulare County.,,,,
93247 Lindsay,zcta,93247,Lindsay,36.2017347,-119.0834779,180340,,2018-04-30,10,0,Zillow ZIP-level market for Lindsay; mapped with Census 2020 ZCTA 93247 in Tulare County.,,,,
93221 Exeter,zcta,93221,Exeter,36.2963943,-119.0299352,244001,,2018-04-30,10,0,Zillow ZIP-level market for Exeter; mapped with Census 2020 ZCTA 93221 in Tulare County.,,,,
93647 Orosi,zcta,93647,Orosi,36.6007599,-119.1754848,179059,,2018-04-30,10,0,Zillow ZIP-level market for Orosi; mapped with Census 2020 ZCTA 93647 in Tulare County.,,,,
93286 Woodlake,zcta,93286,Woodlake,36.4627099,-119.0932419,186440,,2018-04-30,10,0,Zillow ZIP-level market for Woodlake; mapped with Census 2020 ZCTA 93286 in Tulare County.,,,,
93219 Tulare,zcta,93219,Tulare,35.8882375,-119.2949573,144277,,2018-04-30,10,0,Zillow ZIP-level market for Tulare; mapped with Census 2020 ZCTA 93219 in Tulare County.,,,,
93223 Farmersville,zcta,93223,Farmersville,36.3011122,-119.207875,168538,,2018-04-30,10,0,Zillow ZIP-level market for Farmersville; mapped with Census 2020 ZCTA 93223 in Tulare County.,,,,
93615 Cutler,zcta,93615,Cutler,36.5037388,-119.2838461,172016,,2018-04-30,10,0,Zillow ZIP-level market for Cutler; mapped with Census 2020 ZCTA 93615 in Tulare County.,,,,
93267 Strathmore,zcta,93267,Strathmore,36.1436233,-119.073877,173611,,2018-04-30,10,0,Zillow ZIP-level market for Strathmore; mapped with Census 2020 ZCTA 93267 in Tulare County.,,,,
93256 Pixley,zcta,93256,Pixley,35.9717308,-119.3135106,155275,,2018-04-30,10,0,Zillow ZIP-level market for Pixley; mapped with Census 2020 ZCTA 93256 in Tulare County.,,,,
93272 Tipton,zcta,93272,Tipton,36.0473536,-119.3444282,159812,,2018-04-30,10,0,Zillow ZIP-level market for Tipton; mapped with Census 2020 ZCTA 93272 in Tulare County.,,,,
93270 Terra Bella,zcta,93270,Terra Bella,35.9424478,-119.0583495,226804,,2018-04-30,10,0,Zillow ZIP-level market for Terra Bella; mapped with Census 2020 ZCTA 93270 in Tulare County.,,,,
93235 Ivanhoe,zcta,93235,Ivanhoe,36.385067,-119.2231243,130522,,2018-04-30,10,0,Zillow ZIP-level market for Ivanhoe; mapped with Census 2020 ZCTA 93235 in Tulare County.,,,,
93265 Springville,zcta,93265,Springville,36.217713,-118.6936058,271861,,2018-04-30,10,0,Zillow ZIP-level market for Springville; mapped with Census 2020 ZCTA 93265 in Tulare County.,,,,
93271 Three Rivers,zcta,93271,Three Rivers,36.440041,-118.8802803,348979,,2018-04-30,10,0,Zillow ZIP-level market for Three Rivers; mapped with Census 2020 ZCTA 93271 in Tulare County.,,,,
93201 Alpaugh,zcta,93201,Alpaugh,35.8568588,-119.5075255,131356,,2018-04-30,10,0,Zillow ZIP-level market for Alpaugh; mapped with Census 2020 ZCTA 93201 in Tulare County.,,,,
93261 Richgrove,zcta,93261,Richgrove,35.8114805,-119.1167378,133813,,2018-04-30,10,0,Zillow ZIP-level market for Richgrove; mapped with Census 2020 ZCTA 93261 in Tulare County.,,,,
93218 Earlimart,zcta,93218,Earlimart,35.8571408,-119.0449304,148699,,2018-04-30,10,0,Zillow ZIP-level market for Earlimart; mapped with Census 2020 ZCTA 93218 in Tulare County.,,,,
93244 Lemon Cove,zcta,93244,Lemon Cove,36.38634,-118.9897151,265783,,2018-04-30,10,0,Zillow ZIP-level market for Lemon Cove; mapped with Census 2020 ZCTA 93244 in Tulare County.,,,,
93227 Visalia,zcta,93227,Visalia,36.3444448,-119.418562,168129,,2018-04-30,10,0,Zillow ZIP-level market for Visalia; mapped with Census 2020 ZCTA 93227 in Tulare County.,,,,
93257 Porterville,zcta,93257,Porterville,35.9808583,-118.8893149,202918,,2018-05-31,10,0,Zillow ZIP-level market for Porterville; mapped with Census 2020 ZCTA 93257 in Tulare County.,,,,
93274 Tulare,zcta,93274,Tulare,36.1779345,-119.3799754,218856,,2018-05-31,10,0,Zillow ZIP-level market for Tulare; mapped with Census 2020 ZCTA 93274 in Tulare County.,,,,
93291 Visalia,zcta,93291,Visalia,36.391777,-119.3728419,270792,,2018-05-31,10,0,Zillow ZIP-level market for Visalia; mapped with Census 2020 ZCTA 93291 in Tulare County.,,,,
93277 Visalia,zcta,93277,Visalia,36.301334,-119.3725855,237374,,2018-05-31,10,0,Zillow ZIP-level market for Visalia; mapped with Census 2020 ZCTA 93277 in Tulare County.,,,,
93292 Visalia,zcta,93292,Visalia,36.366243,-119.2116355,248806,,2018-05-31,10,0,Zillow ZIP-level market for Visalia; mapped with Census 2020 ZCTA 93292 in Tulare County.,,,,
93618 Dinuba,zcta,93618,Dinuba,36.5221175,-119.3866282,220715,,2018-05-31,10,0,Zillow ZIP-level market for Dinuba; mapped with Census 2020 ZCTA 93618 in Tulare County.,,,,
93247 Lindsay,zcta,93247,Lindsay,36.2017347,-119.0834779,180960,,2018-05-31,10,0,Zillow ZIP-level market for Lindsay; mapped with Census 2020 ZCTA 93247 in Tulare County.,,,,
93221 Exeter,zcta,93221,Exeter,36.2963943,-119.0299352,244832,,2018-05-31,10,0,Zillow ZIP-level market for Exeter; mapped with Census 2020 ZCTA 93221 in Tulare County.,,,,
93647 Orosi,zcta,93647,Orosi,36.6007599,-119.1754848,179824,,2018-05-31,10,0,Zillow ZIP-level market for Orosi; mapped with Census 2020 ZCTA 93647 in Tulare County.,,,,
93286 Woodlake,zcta,93286,Woodlake,36.4627099,-119.0932419,187384,,2018-05-31,10,0,Zillow ZIP-level market for Woodlake; mapped with Census 2020 ZCTA 93286 in Tulare County.,,,,
93219 Tulare,zcta,93219,Tulare,35.8882375,-119.2949573,144432,,2018-05-31,10,0,Zillow ZIP-level market for Tulare; mapped with Census 2020 ZCTA 93219 in Tulare County.,,,,
93223 Farmersville,zcta,93223,Farmersville,36.3011122,-119.207875,168987,,2018-05-31,10,0,Zillow ZIP-level market for Farmersville; mapped with Census 2020 ZCTA 93223 in Tulare County.,,,,
93615 Cutler,zcta,93615,Cutler,36.5037388,-119.2838461,172232,,2018-05-31,10,0,Zillow ZIP-level market for Cutler; mapped with Census 2020 ZCTA 93615 in Tulare County.,,,,
93267 Strathmore,zcta,93267,Strathmore,36.1436233,-119.073877,175089,,2018-05-31,10,0,Zillow ZIP-level market for Strathmore; mapped with Census 2020 ZCTA 93267 in Tulare County.,,,,
93256 Pixley,zcta,93256,Pixley,35.9717308,-119.3135106,156001,,2018-05-31,10,0,Zillow ZIP-level market for Pixley; mapped with Census 2020 ZCTA 93256 in Tulare County.,,,,
93272 Tipton,zcta,93272,Tipton,36.0473536,-119.3444282,160618,,2018-05-31,10,0,Zillow ZIP-level market for Tipton; mapped with Census 2020 ZCTA 93272 in Tulare County.,,,,
93270 Terra Bella,zcta,93270,Terra Bella,35.9424478,-119.0583495,229067,,2018-05-31,10,0,Zillow ZIP-level market for Terra Bella; mapped with Census 2020 ZCTA 93270 in Tulare County.,,,,
93235 Ivanhoe,zcta,93235,Ivanhoe,36.385067,-119.2231243,131308,,2018-05-31,10,0,Zillow ZIP-level market for Ivanhoe; mapped with Census 2020 ZCTA 93235 in Tulare County.,,,,
93265 Springville,zcta,93265,Springville,36.217713,-118.6936058,273541,,2018-05-31,10,0,Zillow ZIP-level market for Springville; mapped with Census 2020 ZCTA 93265 in Tulare County.,,,,
93271 Three Rivers,zcta,93271,Three Rivers,36.440041,-118.8802803,350303,,2018-05-31,10,0,Zillow ZIP-level market for Three Rivers; mapped with Census 2020 ZCTA 93271 in Tulare County.,,,,
93201 Alpaugh,zcta,93201,Alpaugh,35.8568588,-119.5075255,132420,,2018-05-31,10,0,Zillow ZIP-level market for Alpaugh; mapped with Census 2020 ZCTA 93201 in Tulare County.,,,,
93261 Richgrove,zcta,93261,Richgrove,35.8114805,-119.1167378,134327,,2018-05-31,10,0,Zillow ZIP-level market for Richgrove; mapped with Census 2020 ZCTA 93261 in Tulare County.,,,,
93218 Earlimart,zcta,93218,Earlimart,35.8571408,-119.0449304,150123,,2018-05-31,10,0,Zillow ZIP-level market for Earlimart; mapped with Census 2020 ZCTA 93218 in Tulare County.,,,,
93244 Lemon Cove,zcta,93244,Lemon Cove,36.38634,-118.9897151,266531,,2018-05-31,10,0,Zillow ZIP-level market for Lemon Cove; mapped with Census 2020 ZCTA 93244 in Tulare County.,,,,
93227 Visalia,zcta,93227,Visalia,36.3444448,-119.418562,169095,,2018-05-31,10,0,Zillow ZIP-level market for Visalia; mapped with Census 2020 ZCTA 93227 in Tulare County.,,,,
93257 Porterville,zcta,93257,Porterville,35.9808583,-118.8893149,203571,,2018-06-30,10,0,Zillow ZIP-level market for Porterville; mapped with Census 2020 ZCTA 93257 in Tulare County.,,,,
93274 Tulare,zcta,93274,Tulare,36.1779345,-119.3799754,218904,,2018-06-30,10,0,Zillow ZIP-level market for Tulare; mapped with Census 2020 ZCTA 93274 in Tulare County.,,,,
93291 Visalia,zcta,93291,Visalia,36.391777,-119.3728419,271597,,2018-06-30,10,0,Zillow ZIP-level market for Visalia; mapped with Census 2020 ZCTA 93291 in Tulare County.,,,,
93277 Visalia,zcta,93277,Visalia,36.301334,-119.3725855,237627,,2018-06-30,10,0,Zillow ZIP-level market for Visalia; mapped with Census 2020 ZCTA 93277 in Tulare County.,,,,
93292 Visalia,zcta,93292,Visalia,36.366243,-119.2116355,249520,,2018-06-30,10,0,Zillow ZIP-level market for Visalia; mapped with Census 2020 ZCTA 93292 in Tulare County.,,,,
93618 Dinuba,zcta,93618,Dinuba,36.5221175,-119.3866282,221515,,2018-06-30,10,0,Zillow ZIP-level market for Dinuba; mapped with Census 2020 ZCTA 93618 in Tulare County.,,,,
93247 Lindsay,zcta,93247,Lindsay,36.2017347,-119.0834779,181352,,2018-06-30,10,0,Zillow ZIP-level market for Lindsay; mapped with Census 2020 ZCTA 93247 in Tulare County.,,,,
93221 Exeter,zcta,93221,Exeter,36.2963943,-119.0299352,245205,,2018-06-30,10,0,Zillow ZIP-level market for Exeter; mapped with Census 2020 ZCTA 93221 in Tulare County.,,,,
93647 Orosi,zcta,93647,Orosi,36.6007599,-119.1754848,180154,,2018-06-30,10,0,Zillow ZIP-level market for Orosi; mapped with Census 2020 ZCTA 93647 in Tulare County.,,,,
93286 Woodlake,zcta,93286,Woodlake,36.4627099,-119.0932419,187648,,2018-06-30,10,0,Zillow ZIP-level market for Woodlake; mapped with Census 2020 ZCTA 93286 in Tulare County.,,,,
93219 Tulare,zcta,93219,Tulare,35.8882375,-119.2949573,143945,,2018-06-30,10,0,Zillow ZIP-level market for Tulare; mapped with Census 2020 ZCTA 93219 in Tulare County.,,,,
93223 Farmersville,zcta,93223,Farmersville,36.3011122,-119.207875,168707,,2018-06-30,10,0,Zillow ZIP-level market for Farmersville; mapped with Census 2020 ZCTA 93223 in Tulare County.,,,,
93615 Cutler,zcta,93615,Cutler,36.5037388,-119.2838461,171569,,2018-06-30,10,0,Zillow ZIP-level market for Cutler; mapped with Census 2020 ZCTA 93615 in Tulare County.,,,,
93267 Strathmore,zcta,93267,Strathmore,36.1436233,-119.073877,175703,,2018-06-30,10,0,Zillow ZIP-level market for Strathmore; mapped with Census 2020 ZCTA 93267 in Tulare County.,,,,
93256 Pixley,zcta,93256,Pixley,35.9717308,-119.3135106,155611,,2018-06-30,10,0,Zillow ZIP-level market for Pixley; mapped with Census 2020 ZCTA 93256 in Tulare County.,,,,
93272 Tipton,zcta,93272,Tipton,36.0473536,-119.3444282,160141,,2018-06-30,10,0,Zillow ZIP-level market for Tipton; mapped with Census 2020 ZCTA 93272 in Tulare County.,,,,
93270 Terra Bella,zcta,93270,Terra Bella,35.9424478,-119.0583495,230080,,2018-06-30,10,0,Zillow ZIP-level market for Terra Bella; mapped with Census 2020 ZCTA 93270 in Tulare County.,,,,
93235 Ivanhoe,zcta,93235,Ivanhoe,36.385067,-119.2231243,131745,,2018-06-30,10,0,Zillow ZIP-level market for Ivanhoe; mapped with Census 2020 ZCTA 93235 in Tulare County.,,,,
93265 Springville,zcta,93265,Springville,36.217713,-118.6936058,274878,,2018-06-30,10,0,Zillow ZIP-level market for Springville; mapped with Census 2020 ZCTA 93265 in Tulare County.,,,,
93271 Three Rivers,zcta,93271,Three Rivers,36.440041,-118.8802803,350650,,2018-06-30,10,0,Zillow ZIP-level market for Three Rivers; mapped with Census 2020 ZCTA 93271 in Tulare County.,,,,
93201 Alpaugh,zcta,93201,Alpaugh,35.8568588,-119.5075255,132084,,2018-06-30,10,0,Zillow ZIP-level market for Alpaugh; mapped with Census 2020 ZCTA 93201 in Tulare County.,,,,
93261 Richgrove,zcta,93261,Richgrove,35.8114805,-119.1167378,134357,,2018-06-30,10,0,Zillow ZIP-level market for Richgrove; mapped with Census 2020 ZCTA 93261 in Tulare County.,,,,
93218 Earlimart,zcta,93218,Earlimart,35.8571408,-119.0449304,149967,,2018-06-30,10,0,Zillow ZIP-level market for Earlimart; mapped with Census 2020 ZCTA 93218 in Tulare County.,,,,
93244 Lemon Cove,zcta,93244,Lemon Cove,36.38634,-118.9897151,265660,,2018-06-30,10,0,Zillow ZIP-level market for Lemon Cove; mapped with Census 2020 ZCTA 93244 in Tulare County.,,,,
93227 Visalia,zcta,93227,Visalia,36.3444448,-119.418562,168803,,2018-06-30,10,0,Zillow ZIP-level market for Visalia; mapped with Census 2020 ZCTA 93227 in Tulare County.,,,,
93257 Porterville,zcta,93257,Porterville,35.9808583,-118.8893149,204714,,2018-07-31,10,0,Zillow ZIP-level market for Porterville; mapped with Census 2020 ZCTA 93257 in Tulare County.,,,,
93274 Tulare,zcta,93274,Tulare,36.1779345,-119.3799754,219481,,2018-07-31,10,0,Zillow ZIP-level market for Tulare; mapped with Census 2020 ZCTA 93274 in Tulare County.,,,,
93291 Visalia,zcta,93291,Visalia,36.391777,-119.3728419,272740,,2018-07-31,10,0,Zillow ZIP-level market for Visalia; mapped with Census 2020 ZCTA 93291 in Tulare County.,,,,
93277 Visalia,zcta,93277,Visalia,36.301334,-119.3725855,238338,,2018-07-31,10,0,Zillow ZIP-level market for Visalia; mapped with Census 2020 ZCTA 93277 in Tulare County.,,,,
93292 Visalia,zcta,93292,Visalia,36.366243,-119.2116355,250646,,2018-07-31,10,0,Zillow ZIP-level market for Visalia; mapped with Census 2020 ZCTA 93292 in Tulare County.,,,,
93618 Dinuba,zcta,93618,Dinuba,36.5221175,-119.3866282,222339,,2018-07-31,10,0,Zillow ZIP-level market for Dinuba; mapped with Census 2020 ZCTA 93618 in Tulare County.,,,,
93247 Lindsay,zcta,93247,Lindsay,36.2017347,-119.0834779,181783,,2018-07-31,10,0,Zillow ZIP-level market for Lindsay; mapped with Census 2020 ZCTA 93247 in Tulare County.,,,,
93221 Exeter,zcta,93221,Exeter,36.2963943,-119.0299352,245672,,2018-07-31,10,0,Zillow ZIP-level market for Exeter; mapped with Census 2020 ZCTA 93221 in Tulare County.,,,,
93647 Orosi,zcta,93647,Orosi,36.6007599,-119.1754848,180879,,2018-07-31,10,0,Zillow ZIP-level market for Orosi; mapped with Census 2020 ZCTA 93647 in Tulare County.,,,,
93286 Woodlake,zcta,93286,Woodlake,36.4627099,-119.0932419,188088,,2018-07-31,10,0,Zillow ZIP-level market for Woodlake; mapped with Census 2020 ZCTA 93286 in Tulare County.,,,,
93219 Tulare,zcta,93219,Tulare,35.8882375,-119.2949573,143407,,2018-07-31,10,0,Zillow ZIP-level market for Tulare; mapped with Census 2020 ZCTA 93219 in Tulare County.,,,,
93223 Farmersville,zcta,93223,Farmersville,36.3011122,-119.207875,168724,,2018-07-31,10,0,Zillow ZIP-level market for Farmersville; mapped with Census 2020 ZCTA 93223 in Tulare County.,,,,
93615 Cutler,zcta,93615,Cutler,36.5037388,-119.2838461,171409,,2018-07-31,10,0,Zillow ZIP-level market for Cutler; mapped with Census 2020 ZCTA 93615 in Tulare County.,,,,
93267 Strathmore,zcta,93267,Strathmore,36.1436233,-119.073877,176863,,2018-07-31,10,0,Zillow ZIP-level market for Strathmore; mapped with Census 2020 ZCTA 93267 in Tulare County.,,,,
93256 Pixley,zcta,93256,Pixley,35.9717308,-119.3135106,155161,,2018-07-31,10,0,Zillow ZIP-level market for Pixley; mapped with Census 2020 ZCTA 93256 in Tulare County.,,,,
93272 Tipton,zcta,93272,Tipton,36.0473536,-119.3444282,159648,,2018-07-31,10,0,Zillow ZIP-level market for Tipton; mapped with Census 2020 ZCTA 93272 in Tulare County.,,,,
93270 Terra Bella,zcta,93270,Terra Bella,35.9424478,-119.0583495,231548,,2018-07-31,10,0,Zillow ZIP-level market for Terra Bella; mapped with Census 2020 ZCTA 93270 in Tulare County.,,,,
93235 Ivanhoe,zcta,93235,Ivanhoe,36.385067,-119.2231243,132446,,2018-07-31,10,0,Zillow ZIP-level market for Ivanhoe; mapped with Census 2020 ZCTA 93235 in Tulare County.,,,,
93265 Springville,zcta,93265,Springville,36.217713,-118.6936058,276156,,2018-07-31,10,0,Zillow ZIP-level market for Springville; mapped with Census 2020 ZCTA 93265 in Tulare County.,,,,
93271 Three Rivers,zcta,93271,Three Rivers,36.440041,-118.8802803,350984,,2018-07-31,10,0,Zillow ZIP-level market for Three Rivers; mapped with Census 2020 ZCTA 93271 in Tulare County.,,,,
93201 Alpaugh,zcta,93201,Alpaugh,35.8568588,-119.5075255,131391,,2018-07-31,10,0,Zillow ZIP-level market for Alpaugh; mapped with Census 2020 ZCTA 93201 in Tulare County.,,,,
93261 Richgrove,zcta,93261,Richgrove,35.8114805,-119.1167378,134781,,2018-07-31,10,0,Zillow ZIP-level market for Richgrove; mapped with Census 2020 ZCTA 93261 in Tulare County.,,,,
93218 Earlimart,zcta,93218,Earlimart,35.8571408,-119.0449304,150588,,2018-07-31,10,0,Zillow ZIP-level market for Earlimart; mapped with Census 2020 ZCTA 93218 in Tulare County.,,,,
93244 Lemon Cove,zcta,93244,Lemon Cove,36.38634,-118.9897151,266386,,2018-07-31,10,0,Zillow ZIP-level market for Lemon Cove; mapped with Census 2020 ZCTA 93244 in Tulare County.,,,,
93227 Visalia,zcta,93227,Visalia,36.3444448,-119.418562,169661,,2018-07-31,10,0,Zillow ZIP-level market for Visalia; mapped with Census 2020 ZCTA 93227 in Tulare County.,,,,
93257 Porterville,zcta,93257,Porterville,35.9808583,-118.8893149,205652,,2018-08-31,10,0,Zillow ZIP-level market for Porterville; mapped with Census 2020 ZCTA 93257 in Tulare County.,,,,
93274 Tulare,zcta,93274,Tulare,36.1779345,-119.3799754,220387,,2018-08-31,10,0,Zillow ZIP-level market for Tulare; mapped with Census 2020 ZCTA 93274 in Tulare County.,,,,
93291 Visalia,zcta,93291,Visalia,36.391777,-119.3728419,274028,,2018-08-31,10,0,Zillow ZIP-level market for Visalia; mapped with Census 2020 ZCTA 93291 in Tulare County.,,,,
93277 Visalia,zcta,93277,Visalia,36.301334,-119.3725855,239195,,2018-08-31,10,0,Zillow ZIP-level market for Visalia; mapped with Census 2020 ZCTA 93277 in Tulare County.,,,,
93292 Visalia,zcta,93292,Visalia,36.366243,-119.2116355,251681,,2018-08-31,10,0,Zillow ZIP-level market for Visalia; mapped with Census 2020 ZCTA 93292 in Tulare County.,,,,
93618 Dinuba,zcta,93618,Dinuba,36.5221175,-119.3866282,222696,,2018-08-31,10,0,Zillow ZIP-level market for Dinuba; mapped with Census 2020 ZCTA 93618 in Tulare County.,,,,
93247 Lindsay,zcta,93247,Lindsay,36.2017347,-119.0834779,181868,,2018-08-31,10,0,Zillow ZIP-level market for Lindsay; mapped with Census 2020 ZCTA 93247 in Tulare County.,,,,
93221 Exeter,zcta,93221,Exeter,36.2963943,-119.0299352,245957,,2018-08-31,10,0,Zillow ZIP-level market for Exeter; mapped with Census 2020 ZCTA 93221 in Tulare County.,,,,
93647 Orosi,zcta,93647,Orosi,36.6007599,-119.1754848,181411,,2018-08-31,10,0,Zillow ZIP-level market for Orosi; mapped with Census 2020 ZCTA 93647 in Tulare County.,,,,
93286 Woodlake,zcta,93286,Woodlake,36.4627099,-119.0932419,188398,,2018-08-31,10,0,Zillow ZIP-level market for Woodlake; mapped with Census 2020 ZCTA 93286 in Tulare County.,,,,
93219 Tulare,zcta,93219,Tulare,35.8882375,-119.2949573,143001,,2018-08-31,10,0,Zillow ZIP-level market for Tulare; mapped with Census 2020 ZCTA 93219 in Tulare County.,,,,
93223 Farmersville,zcta,93223,Farmersville,36.3011122,-119.207875,169146,,2018-08-31,10,0,Zillow ZIP-level market for Farmersville; mapped with Census 2020 ZCTA 93223 in Tulare County.,,,,
93615 Cutler,zcta,93615,Cutler,36.5037388,-119.2838461,171883,,2018-08-31,10,0,Zillow ZIP-level market for Cutler; mapped with Census 2020 ZCTA 93615 in Tulare County.,,,,
93267 Strathmore,zcta,93267,Strathmore,36.1436233,-119.073877,177944,,2018-08-31,10,0,Zillow ZIP-level market for Strathmore; mapped with Census 2020 ZCTA 93267 in Tulare County.,,,,
93256 Pixley,zcta,93256,Pixley,35.9717308,-119.3135106,155026,,2018-08-31,10,0,Zillow ZIP-level market for Pixley; mapped with Census 2020 ZCTA 93256 in Tulare County.,,,,
93272 Tipton,zcta,93272,Tipton,36.0473536,-119.3444282,159174,,2018-08-31,10,0,Zillow ZIP-level market for Tipton; mapped with Census 2020 ZCTA 93272 in Tulare County.,,,,
93270 Terra Bella,zcta,93270,Terra Bella,35.9424478,-119.0583495,232052,,2018-08-31,10,0,Zillow ZIP-level market for Terra Bella; mapped with Census 2020 ZCTA 93270 in Tulare County.,,,,
93235 Ivanhoe,zcta,93235,Ivanhoe,36.385067,-119.2231243,133130,,2018-08-31,10,0,Zillow ZIP-level market for Ivanhoe; mapped with Census 2020 ZCTA 93235 in Tulare County.,,,,
93265 Springville,zcta,93265,Springville,36.217713,-118.6936058,276868,,2018-08-31,10,0,Zillow ZIP-level market for Springville; mapped with Census 2020 ZCTA 93265 in Tulare County.,,,,
93271 Three Rivers,zcta,93271,Three Rivers,36.440041,-118.8802803,350905,,2018-08-31,10,0,Zillow ZIP-level market for Three Rivers; mapped with Census 2020 ZCTA 93271 in Tulare County.,,,,
93201 Alpaugh,zcta,93201,Alpaugh,35.8568588,-119.5075255,129763,,2018-08-31,10,0,Zillow ZIP-level market for Alpaugh; mapped with Census 2020 ZCTA 93201 in Tulare County.,,,,
93261 Richgrove,zcta,93261,Richgrove,35.8114805,-119.1167378,135939,,2018-08-31,10,0,Zillow ZIP-level market for Richgrove; mapped with Census 2020 ZCTA 93261 in Tulare County.,,,,
93218 Earlimart,zcta,93218,Earlimart,35.8571408,-119.0449304,151261,,2018-08-31,10,0,Zillow ZIP-level market for Earlimart; mapped with Census 2020 ZCTA 93218 in Tulare County.,,,,
93244 Lemon Cove,zcta,93244,Lemon Cove,36.38634,-118.9897151,268022,,2018-08-31,10,0,Zillow ZIP-level market for Lemon Cove; mapped with Census 2020 ZCTA 93244 in Tulare County.,,,,
93227 Visalia,zcta,93227,Visalia,36.3444448,-119.418562,170709,,2018-08-31,10,0,Zillow ZIP-level market for Visalia; mapped with Census 2020 ZCTA 93227 in Tulare County.,,,,
93257 Porterville,zcta,93257,Porterville,35.9808583,-118.8893149,206625,,2018-09-30,10,0,Zillow ZIP-level market for Porterville; mapped with Census 2020 ZCTA 93257 in Tulare County.,,,,
93274 Tulare,zcta,93274,Tulare,36.1779345,-119.3799754,221540,,2018-09-30,10,0,Zillow ZIP-level market for Tulare; mapped with Census 2020 ZCTA 93274 in Tulare County.,,,,
93291 Visalia,zcta,93291,Visalia,36.391777,-119.3728419,275095,,2018-09-30,10,0,Zillow ZIP-level market for Visalia; mapped with Census 2020 ZCTA 93291 in Tulare County.,,,,
93277 Visalia,zcta,93277,Visalia,36.301334,-119.3725855,239967,,2018-09-30,10,0,Zillow ZIP-level market for Visalia; mapped with Census 2020 ZCTA 93277 in Tulare County.,,,,
93292 Visalia,zcta,93292,Visalia,36.366243,-119.2116355,252606,,2018-09-30,10,0,Zillow ZIP-level market for Visalia; mapped with Census 2020 ZCTA 93292 in Tulare County.,,,,
93618 Dinuba,zcta,93618,Dinuba,36.5221175,-119.3866282,223014,,2018-09-30,10,0,Zillow ZIP-level market for Dinuba; mapped with Census 2020 ZCTA 93618 in Tulare County.,,,,
93247 Lindsay,zcta,93247,Lindsay,36.2017347,-119.0834779,181736,,2018-09-30,10,0,Zillow ZIP-level market for Lindsay; mapped with Census 2020 ZCTA 93247 in Tulare County.,,,,
93221 Exeter,zcta,93221,Exeter,36.2963943,-119.0299352,246219,,2018-09-30,10,0,Zillow ZIP-level market for Exeter; mapped with Census 2020 ZCTA 93221 in Tulare County.,,,,
93647 Orosi,zcta,93647,Orosi,36.6007599,-119.1754848,182097,,2018-09-30,10,0,Zillow ZIP-level market for Orosi; mapped with Census 2020 ZCTA 93647 in Tulare County.,,,,
93286 Woodlake,zcta,93286,Woodlake,36.4627099,-119.0932419,188821,,2018-09-30,10,0,Zillow ZIP-level market for Woodlake; mapped with Census 2020 ZCTA 93286 in Tulare County.,,,,
93219 Tulare,zcta,93219,Tulare,35.8882375,-119.2949573,143295,,2018-09-30,10,0,Zillow ZIP-level market for Tulare; mapped with Census 2020 ZCTA 93219 in Tulare County.,,,,
93223 Farmersville,zcta,93223,Farmersville,36.3011122,-119.207875,169527,,2018-09-30,10,0,Zillow ZIP-level market for Farmersville; mapped with Census 2020 ZCTA 93223 in Tulare County.,,,,
93615 Cutler,zcta,93615,Cutler,36.5037388,-119.2838461,173327,,2018-09-30,10,0,Zillow ZIP-level market for Cutler; mapped with Census 2020 ZCTA 93615 in Tulare County.,,,,
93267 Strathmore,zcta,93267,Strathmore,36.1436233,-119.073877,179312,,2018-09-30,10,0,Zillow ZIP-level market for Strathmore; mapped with Census 2020 ZCTA 93267 in Tulare County.,,,,
93256 Pixley,zcta,93256,Pixley,35.9717308,-119.3135106,155555,,2018-09-30,10,0,Zillow ZIP-level market for Pixley; mapped with Census 2020 ZCTA 93256 in Tulare County.,,,,
93272 Tipton,zcta,93272,Tipton,36.0473536,-119.3444282,159553,,2018-09-30,10,0,Zillow ZIP-level market for Tipton; mapped with Census 2020 ZCTA 93272 in Tulare County.,,,,
93270 Terra Bella,zcta,93270,Terra Bella,35.9424478,-119.0583495,232515,,2018-09-30,10,0,Zillow ZIP-level market for Terra Bella; mapped with Census 2020 ZCTA 93270 in Tulare County.,,,,
93235 Ivanhoe,zcta,93235,Ivanhoe,36.385067,-119.2231243,133840,,2018-09-30,10,0,Zillow ZIP-level market for Ivanhoe; mapped with Census 2020 ZCTA 93235 in Tulare County.,,,,
93265 Springville,zcta,93265,Springville,36.217713,-118.6936058,277017,,2018-09-30,10,0,Zillow ZIP-level market for Springville; mapped with Census 2020 ZCTA 93265 in Tulare County.,,,,
93271 Three Rivers,zcta,93271,Three Rivers,36.440041,-118.8802803,350627,,2018-09-30,10,0,Zillow ZIP-level market for Three Rivers; mapped with Census 2020 ZCTA 93271 in Tulare County.,,,,
93201 Alpaugh,zcta,93201,Alpaugh,35.8568588,-119.5075255,130287,,2018-09-30,10,0,Zillow ZIP-level market for Alpaugh; mapped with Census 2020 ZCTA 93201 in Tulare County.,,,,
93261 Richgrove,zcta,93261,Richgrove,35.8114805,-119.1167378,137623,,2018-09-30,10,0,Zillow ZIP-level market for Richgrove; mapped with Census 2020 ZCTA 93261 in Tulare County.,,,,
93218 Earlimart,zcta,93218,Earlimart,35.8571408,-119.0449304,152168,,2018-09-30,10,0,Zillow ZIP-level market for Earlimart; mapped with Census 2020 ZCTA 93218 in Tulare County.,,,,
93244 Lemon Cove,zcta,93244,Lemon Cove,36.38634,-118.9897151,270700,,2018-09-30,10,0,Zillow ZIP-level market for Lemon Cove; mapped with Census 2020 ZCTA 93244 in Tulare County.,,,,
93227 Visalia,zcta,93227,Visalia,36.3444448,-119.418562,173015,,2018-09-30,10,0,Zillow ZIP-level market for Visalia; mapped with Census 2020 ZCTA 93227 in Tulare County.,,,,
93257 Porterville,zcta,93257,Porterville,35.9808583,-118.8893149,207533,,2018-10-31,10,0,Zillow ZIP-level market for Porterville; mapped with Census 2020 ZCTA 93257 in Tulare County.,,,,
93274 Tulare,zcta,93274,Tulare,36.1779345,-119.3799754,222557,,2018-10-31,10,0,Zillow ZIP-level market for Tulare; mapped with Census 2020 ZCTA 93274 in Tulare County.,,,,
93291 Visalia,zcta,93291,Visalia,36.391777,-119.3728419,276020,,2018-10-31,10,0,Zillow ZIP-level market for Visalia; mapped with Census 2020 ZCTA 93291 in Tulare County.,,,,
93277 Visalia,zcta,93277,Visalia,36.301334,-119.3725855,240944,,2018-10-31,10,0,Zillow ZIP-level market for Visalia; mapped with Census 2020 ZCTA 93277 in Tulare County.,,,,
93292 Visalia,zcta,93292,Visalia,36.366243,-119.2116355,253595,,2018-10-31,10,0,Zillow ZIP-level market for Visalia; mapped with Census 2020 ZCTA 93292 in Tulare County.,,,,
93618 Dinuba,zcta,93618,Dinuba,36.5221175,-119.3866282,223524,,2018-10-31,10,0,Zillow ZIP-level market for Dinuba; mapped with Census 2020 ZCTA 93618 in Tulare County.,,,,
93247 Lindsay,zcta,93247,Lindsay,36.2017347,-119.0834779,182015,,2018-10-31,10,0,Zillow ZIP-level market for Lindsay; mapped with Census 2020 ZCTA 93247 in Tulare County.,,,,
93221 Exeter,zcta,93221,Exeter,36.2963943,-119.0299352,246826,,2018-10-31,10,0,Zillow ZIP-level market for Exeter; mapped with Census 2020 ZCTA 93221 in Tulare County.,,,,
93647 Orosi,zcta,93647,Orosi,36.6007599,-119.1754848,182678,,2018-10-31,10,0,Zillow ZIP-level market for Orosi; mapped with Census 2020 ZCTA 93647 in Tulare County.,,,,
93286 Woodlake,zcta,93286,Woodlake,36.4627099,-119.0932419,189276,,2018-10-31,10,0,Zillow ZIP-level market for Woodlake; mapped with Census 2020 ZCTA 93286 in Tulare County.,,,,
93219 Tulare,zcta,93219,Tulare,35.8882375,-119.2949573,144182,,2018-10-31,10,0,Zillow ZIP-level market for Tulare; mapped with Census 2020 ZCTA 93219 in Tulare County.,,,,
93223 Farmersville,zcta,93223,Farmersville,36.3011122,-119.207875,169955,,2018-10-31,10,0,Zillow ZIP-level market for Farmersville; mapped with Census 2020 ZCTA 93223 in Tulare County.,,,,
93615 Cutler,zcta,93615,Cutler,36.5037388,-119.2838461,175136,,2018-10-31,10,0,Zillow ZIP-level market for Cutler; mapped with Census 2020 ZCTA 93615 in Tulare County.,,,,
93267 Strathmore,zcta,93267,Strathmore,36.1436233,-119.073877,180898,,2018-10-31,10,0,Zillow ZIP-level market for Strathmore; mapped with Census 2020 ZCTA 93267 in Tulare County.,,,,
93256 Pixley,zcta,93256,Pixley,35.9717308,-119.3135106,156533,,2018-10-31,10,0,Zillow ZIP-level market for Pixley; mapped with Census 2020 ZCTA 93256 in Tulare County.,,,,
93272 Tipton,zcta,93272,Tipton,36.0473536,-119.3444282,160079,,2018-10-31,10,0,Zillow ZIP-level market for Tipton; mapped with Census 2020 ZCTA 93272 in Tulare County.,,,,
93270 Terra Bella,zcta,93270,Terra Bella,35.9424478,-119.0583495,233556,,2018-10-31,10,0,Zillow ZIP-level market for Terra Bella; mapped with Census 2020 ZCTA 93270 in Tulare County.,,,,
93235 Ivanhoe,zcta,93235,Ivanhoe,36.385067,-119.2231243,134627,,2018-10-31,10,0,Zillow ZIP-level market for Ivanhoe; mapped with Census 2020 ZCTA 93235 in Tulare County.,,,,
93265 Springville,zcta,93265,Springville,36.217713,-118.6936058,277414,,2018-10-31,10,0,Zillow ZIP-level market for Springville; mapped with Census 2020 ZCTA 93265 in Tulare County.,,,,
93271 Three Rivers,zcta,93271,Three Rivers,36.440041,-118.8802803,351931,,2018-10-31,10,0,Zillow ZIP-level market for Three Rivers; mapped with Census 2020 ZCTA 93271 in Tulare County.,,,,
93201 Alpaugh,zcta,93201,Alpaugh,35.8568588,-119.5075255,131335,,2018-10-31,10,0,Zillow ZIP-level market for Alpaugh; mapped with Census 2020 ZCTA 93201 in Tulare County.,,,,
93261 Richgrove,zcta,93261,Richgrove,35.8114805,-119.1167378,139044,,2018-10-31,10,0,Zillow ZIP-level market for Richgrove; mapped with Census 2020 ZCTA 93261 in Tulare County.,,,,
93218 Earlimart,zcta,93218,Earlimart,35.8571408,-119.0449304,152903,,2018-10-31,10,0,Zillow ZIP-level market for Earlimart; mapped with Census 2020 ZCTA 93218 in Tulare County.,,,,
93244 Lemon Cove,zcta,93244,Lemon Cove,36.38634,-118.9897151,272637,,2018-10-31,10,0,Zillow ZIP-level market for Lemon Cove; mapped with Census 2020 ZCTA 93244 in Tulare County.,,,,
93227 Visalia,zcta,93227,Visalia,36.3444448,-119.418562,174842,,2018-10-31,10,0,Zillow ZIP-level market for Visalia; mapped with Census 2020 ZCTA 93227 in Tulare County.,,,,
93257 Porterville,zcta,93257,Porterville,35.9808583,-118.8893149,208555,,2018-11-30,10,0,Zillow ZIP-level market for Porterville; mapped with Census 2020 ZCTA 93257 in Tulare County.,,,,
93274 Tulare,zcta,93274,Tulare,36.1779345,-119.3799754,223443,,2018-11-30,10,0,Zillow ZIP-level market for Tulare; mapped with Census 2020 ZCTA 93274 in Tulare County.,,,,
93291 Visalia,zcta,93291,Visalia,36.391777,-119.3728419,276539,,2018-11-30,10,0,Zillow ZIP-level market for Visalia; mapped with Census 2020 ZCTA 93291 in Tulare County.,,,,
93277 Visalia,zcta,93277,Visalia,36.301334,-119.3725855,241716,,2018-11-30,10,0,Zillow ZIP-level market for Visalia; mapped with Census 2020 ZCTA 93277 in Tulare County.,,,,
93292 Visalia,zcta,93292,Visalia,36.366243,-119.2116355,254459,,2018-11-30,10,0,Zillow ZIP-level market for Visalia; mapped with Census 2020 ZCTA 93292 in Tulare County.,,,,
93618 Dinuba,zcta,93618,Dinuba,36.5221175,-119.3866282,224429,,2018-11-30,10,0,Zillow ZIP-level market for Dinuba; mapped with Census 2020 ZCTA 93618 in Tulare County.,,,,
93247 Lindsay,zcta,93247,Lindsay,36.2017347,-119.0834779,182607,,2018-11-30,10,0,Zillow ZIP-level market for Lindsay; mapped with Census 2020 ZCTA 93247 in Tulare County.,,,,
93221 Exeter,zcta,93221,Exeter,36.2963943,-119.0299352,247518,,2018-11-30,10,0,Zillow ZIP-level market for Exeter; mapped with Census 2020 ZCTA 93221 in Tulare County.,,,,
93647 Orosi,zcta,93647,Orosi,36.6007599,-119.1754848,183497,,2018-11-30,10,0,Zillow ZIP-level market for Orosi; mapped with Census 2020 ZCTA 93647 in Tulare County.,,,,
93286 Woodlake,zcta,93286,Woodlake,36.4627099,-119.0932419,190099,,2018-11-30,10,0,Zillow ZIP-level market for Woodlake; mapped with Census 2020 ZCTA 93286 in Tulare County.,,,,
93219 Tulare,zcta,93219,Tulare,35.8882375,-119.2949573,145501,,2018-11-30,10,0,Zillow ZIP-level market for Tulare; mapped with Census 2020 ZCTA 93219 in Tulare County.,,,,
93223 Farmersville,zcta,93223,Farmersville,36.3011122,-119.207875,170391,,2018-11-30,10,0,Zillow ZIP-level market for Farmersville; mapped with Census 2020 ZCTA 93223 in Tulare County.,,,,
93615 Cutler,zcta,93615,Cutler,36.5037388,-119.2838461,176562,,2018-11-30,10,0,Zillow ZIP-level market for Cutler; mapped with Census 2020 ZCTA 93615 in Tulare County.,,,,
93267 Strathmore,zcta,93267,Strathmore,36.1436233,-119.073877,182719,,2018-11-30,10,0,Zillow ZIP-level market for Strathmore; mapped with Census 2020 ZCTA 93267 in Tulare County.,,,,
93256 Pixley,zcta,93256,Pixley,35.9717308,-119.3135106,157433,,2018-11-30,10,0,Zillow ZIP-level market for Pixley; mapped with Census 2020 ZCTA 93256 in Tulare County.,,,,
93272 Tipton,zcta,93272,Tipton,36.0473536,-119.3444282,160887,,2018-11-30,10,0,Zillow ZIP-level market for Tipton; mapped with Census 2020 ZCTA 93272 in Tulare County.,,,,
93270 Terra Bella,zcta,93270,Terra Bella,35.9424478,-119.0583495,235399,,2018-11-30,10,0,Zillow ZIP-level market for Terra Bella; mapped with Census 2020 ZCTA 93270 in Tulare County.,,,,
93235 Ivanhoe,zcta,93235,Ivanhoe,36.385067,-119.2231243,135672,,2018-11-30,10,0,Zillow ZIP-level market for Ivanhoe; mapped with Census 2020 ZCTA 93235 in Tulare County.,,,,
93265 Springville,zcta,93265,Springville,36.217713,-118.6936058,277176,,2018-11-30,10,0,Zillow ZIP-level market for Springville; mapped with Census 2020 ZCTA 93265 in Tulare County.,,,,
93271 Three Rivers,zcta,93271,Three Rivers,36.440041,-118.8802803,353751,,2018-11-30,10,0,Zillow ZIP-level market for Three Rivers; mapped with Census 2020 ZCTA 93271 in Tulare County.,,,,
93201 Alpaugh,zcta,93201,Alpaugh,35.8568588,-119.5075255,132915,,2018-11-30,10,0,Zillow ZIP-level market for Alpaugh; mapped with Census 2020 ZCTA 93201 in Tulare County.,,,,
93261 Richgrove,zcta,93261,Richgrove,35.8114805,-119.1167378,139941,,2018-11-30,10,0,Zillow ZIP-level market for Richgrove; mapped with Census 2020 ZCTA 93261 in Tulare County.,,,,
93218 Earlimart,zcta,93218,Earlimart,35.8571408,-119.0449304,153799,,2018-11-30,10,0,Zillow ZIP-level market for Earlimart; mapped with Census 2020 ZCTA 93218 in Tulare County.,,,,
93244 Lemon Cove,zcta,93244,Lemon Cove,36.38634,-118.9897151,275442,,2018-11-30,10,0,Zillow ZIP-level market for Lemon Cove; mapped with Census 2020 ZCTA 93244 in Tulare County.,,,,
93227 Visalia,zcta,93227,Visalia,36.3444448,-119.418562,175958,,2018-11-30,10,0,Zillow ZIP-level market for Visalia; mapped with Census 2020 ZCTA 93227 in Tulare County.,,,,
93257 Porterville,zcta,93257,Porterville,35.9808583,-118.8893149,209796,,2018-12-31,10,0,Zillow ZIP-level market for Porterville; mapped with Census 2020 ZCTA 93257 in Tulare County.,,,,
93274 Tulare,zcta,93274,Tulare,36.1779345,-119.3799754,224529,,2018-12-31,10,0,Zillow ZIP-level market for Tulare; mapped with Census 2020 ZCTA 93274 in Tulare County.,,,,
93291 Visalia,zcta,93291,Visalia,36.391777,-119.3728419,277328,,2018-12-31,10,0,Zillow ZIP-level market for Visalia; mapped with Census 2020 ZCTA 93291 in Tulare County.,,,,
93277 Visalia,zcta,93277,Visalia,36.301334,-119.3725855,242859,,2018-12-31,10,0,Zillow ZIP-level market for Visalia; mapped with Census 2020 ZCTA 93277 in Tulare County.,,,,
93292 Visalia,zcta,93292,Visalia,36.366243,-119.2116355,255611,,2018-12-31,10,0,Zillow ZIP-level market for Visalia; mapped with Census 2020 ZCTA 93292 in Tulare County.,,,,
93618 Dinuba,zcta,93618,Dinuba,36.5221175,-119.3866282,225632,,2018-12-31,10,0,Zillow ZIP-level market for Dinuba; mapped with Census 2020 ZCTA 93618 in Tulare County.,,,,
93247 Lindsay,zcta,93247,Lindsay,36.2017347,-119.0834779,184136,,2018-12-31,10,0,Zillow ZIP-level market for Lindsay; mapped with Census 2020 ZCTA 93247 in Tulare County.,,,,
93221 Exeter,zcta,93221,Exeter,36.2963943,-119.0299352,248633,,2018-12-31,10,0,Zillow ZIP-level market for Exeter; mapped with Census 2020 ZCTA 93221 in Tulare County.,,,,
93647 Orosi,zcta,93647,Orosi,36.6007599,-119.1754848,184648,,2018-12-31,10,0,Zillow ZIP-level market for Orosi; mapped with Census 2020 ZCTA 93647 in Tulare County.,,,,
93286 Woodlake,zcta,93286,Woodlake,36.4627099,-119.0932419,191519,,2018-12-31,10,0,Zillow ZIP-level market for Woodlake; mapped with Census 2020 ZCTA 93286 in Tulare County.,,,,
93219 Tulare,zcta,93219,Tulare,35.8882375,-119.2949573,146908,,2018-12-31,10,0,Zillow ZIP-level market for Tulare; mapped with Census 2020 ZCTA 93219 in Tulare County.,,,,
93223 Farmersville,zcta,93223,Farmersville,36.3011122,-119.207875,171473,,2018-12-31,10,0,Zillow ZIP-level market for Farmersville; mapped with Census 2020 ZCTA 93223 in Tulare County.,,,,
93615 Cutler,zcta,93615,Cutler,36.5037388,-119.2838461,177618,,2018-12-31,10,0,Zillow ZIP-level market for Cutler; mapped with Census 2020 ZCTA 93615 in Tulare County.,,,,
93267 Strathmore,zcta,93267,Strathmore,36.1436233,-119.073877,185030,,2018-12-31,10,0,Zillow ZIP-level market for Strathmore; mapped with Census 2020 ZCTA 93267 in Tulare County.,,,,
93256 Pixley,zcta,93256,Pixley,35.9717308,-119.3135106,158568,,2018-12-31,10,0,Zillow ZIP-level market for Pixley; mapped with Census 2020 ZCTA 93256 in Tulare County.,,,,
93272 Tipton,zcta,93272,Tipton,36.0473536,-119.3444282,162075,,2018-12-31,10,0,Zillow ZIP-level market for Tipton; mapped with Census 2020 ZCTA 93272 in Tulare County.,,,,
93270 Terra Bella,zcta,93270,Terra Bella,35.9424478,-119.0583495,238443,,2018-12-31,10,0,Zillow ZIP-level market for Terra Bella; mapped with Census 2020 ZCTA 93270 in Tulare County.,,,,
93235 Ivanhoe,zcta,93235,Ivanhoe,36.385067,-119.2231243,136888,,2018-12-31,10,0,Zillow ZIP-level market for Ivanhoe; mapped with Census 2020 ZCTA 93235 in Tulare County.,,,,
93265 Springville,zcta,93265,Springville,36.217713,-118.6936058,277449,,2018-12-31,10,0,Zillow ZIP-level market for Springville; mapped with Census 2020 ZCTA 93265 in Tulare County.,,,,
93271 Three Rivers,zcta,93271,Three Rivers,36.440041,-118.8802803,355557,,2018-12-31,10,0,Zillow ZIP-level market for Three Rivers; mapped with Census 2020 ZCTA 93271 in Tulare County.,,,,
93201 Alpaugh,zcta,93201,Alpaugh,35.8568588,-119.5075255,133668,,2018-12-31,10,0,Zillow ZIP-level market for Alpaugh; mapped with Census 2020 ZCTA 93201 in Tulare County.,,,,
93261 Richgrove,zcta,93261,Richgrove,35.8114805,-119.1167378,140638,,2018-12-31,10,0,Zillow ZIP-level market for Richgrove; mapped with Census 2020 ZCTA 93261 in Tulare County.,,,,
93218 Earlimart,zcta,93218,Earlimart,35.8571408,-119.0449304,156287,,2018-12-31,10,0,Zillow ZIP-level market for Earlimart; mapped with Census 2020 ZCTA 93218 in Tulare County.,,,,
93244 Lemon Cove,zcta,93244,Lemon Cove,36.38634,-118.9897151,278664,,2018-12-31,10,0,Zillow ZIP-level market for Lemon Cove; mapped with Census 2020 ZCTA 93244 in Tulare County.,,,,
93227 Visalia,zcta,93227,Visalia,36.3444448,-119.418562,176329,,2018-12-31,10,0,Zillow ZIP-level market for Visalia; mapped with Census 2020 ZCTA 93227 in Tulare County.,,,,
93257 Porterville,zcta,93257,Porterville,35.9808583,-118.8893149,211323,,2019-01-31,10,0,Zillow ZIP-level market for Porterville; mapped with Census 2020 ZCTA 93257 in Tulare County.,,,,
93274 Tulare,zcta,93274,Tulare,36.1779345,-119.3799754,225807,,2019-01-31,10,0,Zillow ZIP-level market for Tulare; mapped with Census 2020 ZCTA 93274 in Tulare County.,,,,
93291 Visalia,zcta,93291,Visalia,36.391777,-119.3728419,278385,,2019-01-31,10,0,Zillow ZIP-level market for Visalia; mapped with Census 2020 ZCTA 93291 in Tulare County.,,,,
93277 Visalia,zcta,93277,Visalia,36.301334,-119.3725855,244075,,2019-01-31,10,0,Zillow ZIP-level market for Visalia; mapped with Census 2020 ZCTA 93277 in Tulare County.,,,,
93292 Visalia,zcta,93292,Visalia,36.366243,-119.2116355,256748,,2019-01-31,10,0,Zillow ZIP-level market for Visalia; mapped with Census 2020 ZCTA 93292 in Tulare County.,,,,
93618 Dinuba,zcta,93618,Dinuba,36.5221175,-119.3866282,227320,,2019-01-31,10,0,Zillow ZIP-level market for Dinuba; mapped with Census 2020 ZCTA 93618 in Tulare County.,,,,
93247 Lindsay,zcta,93247,Lindsay,36.2017347,-119.0834779,185918,,2019-01-31,10,0,Zillow ZIP-level market for Lindsay; mapped with Census 2020 ZCTA 93247 in Tulare County.,,,,
93221 Exeter,zcta,93221,Exeter,36.2963943,-119.0299352,250081,,2019-01-31,10,0,Zillow ZIP-level market for Exeter; mapped with Census 2020 ZCTA 93221 in Tulare County.,,,,
93647 Orosi,zcta,93647,Orosi,36.6007599,-119.1754848,185923,,2019-01-31,10,0,Zillow ZIP-level market for Orosi; mapped with Census 2020 ZCTA 93647 in Tulare County.,,,,
93286 Woodlake,zcta,93286,Woodlake,36.4627099,-119.0932419,193813,,2019-01-31,10,0,Zillow ZIP-level market for Woodlake; mapped with Census 2020 ZCTA 93286 in Tulare County.,,,,
93219 Tulare,zcta,93219,Tulare,35.8882375,-119.2949573,148750,,2019-01-31,10,0,Zillow ZIP-level market for Tulare; mapped with Census 2020 ZCTA 93219 in Tulare County.,,,,
93223 Farmersville,zcta,93223,Farmersville,36.3011122,-119.207875,173077,,2019-01-31,10,0,Zillow ZIP-level market for Farmersville; mapped with Census 2020 ZCTA 93223 in Tulare County.,,,,
93615 Cutler,zcta,93615,Cutler,36.5037388,-119.2838461,179120,,2019-01-31,10,0,Zillow ZIP-level market for Cutler; mapped with Census 2020 ZCTA 93615 in Tulare County.,,,,
93267 Strathmore,zcta,93267,Strathmore,36.1436233,-119.073877,187375,,2019-01-31,10,0,Zillow ZIP-level market for Strathmore; mapped with Census 2020 ZCTA 93267 in Tulare County.,,,,
93256 Pixley,zcta,93256,Pixley,35.9717308,-119.3135106,160372,,2019-01-31,10,0,Zillow ZIP-level market for Pixley; mapped with Census 2020 ZCTA 93256 in Tulare County.,,,,
93272 Tipton,zcta,93272,Tipton,36.0473536,-119.3444282,163916,,2019-01-31,10,0,Zillow ZIP-level market for Tipton; mapped with Census 2020 ZCTA 93272 in Tulare County.,,,,
93270 Terra Bella,zcta,93270,Terra Bella,35.9424478,-119.0583495,240831,,2019-01-31,10,0,Zillow ZIP-level market for Terra Bella; mapped with Census 2020 ZCTA 93270 in Tulare County.,,,,
93235 Ivanhoe,zcta,93235,Ivanhoe,36.385067,-119.2231243,138408,,2019-01-31,10,0,Zillow ZIP-level market for Ivanhoe; mapped with Census 2020 ZCTA 93235 in Tulare County.,,,,
93265 Springville,zcta,93265,Springville,36.217713,-118.6936058,277202,,2019-01-31,10,0,Zillow ZIP-level market for Springville; mapped with Census 2020 ZCTA 93265 in Tulare County.,,,,
93271 Three Rivers,zcta,93271,Three Rivers,36.440041,-118.8802803,357297,,2019-01-31,10,0,Zillow ZIP-level market for Three Rivers; mapped with Census 2020 ZCTA 93271 in Tulare County.,,,,
93201 Alpaugh,zcta,93201,Alpaugh,35.8568588,-119.5075255,134197,,2019-01-31,10,0,Zillow ZIP-level market for Alpaugh; mapped with Census 2020 ZCTA 93201 in Tulare County.,,,,
93261 Richgrove,zcta,93261,Richgrove,35.8114805,-119.1167378,141680,,2019-01-31,10,0,Zillow ZIP-level market for Richgrove; mapped with Census 2020 ZCTA 93261 in Tulare County.,,,,
93218 Earlimart,zcta,93218,Earlimart,35.8571408,-119.0449304,159870,,2019-01-31,10,0,Zillow ZIP-level market for Earlimart; mapped with Census 2020 ZCTA 93218 in Tulare County.,,,,
93244 Lemon Cove,zcta,93244,Lemon Cove,36.38634,-118.9897151,281751,,2019-01-31,10,0,Zillow ZIP-level market for Lemon Cove; mapped with Census 2020 ZCTA 93244 in Tulare County.,,,,
93227 Visalia,zcta,93227,Visalia,36.3444448,-119.418562,177407,,2019-01-31,10,0,Zillow ZIP-level market for Visalia; mapped with Census 2020 ZCTA 93227 in Tulare County.,,,,
93257 Porterville,zcta,93257,Porterville,35.9808583,-118.8893149,212738,,2019-02-28,10,0,Zillow ZIP-level market for Porterville; mapped with Census 2020 ZCTA 93257 in Tulare County.,,,,
93274 Tulare,zcta,93274,Tulare,36.1779345,-119.3799754,227302,,2019-02-28,10,0,Zillow ZIP-level market for Tulare; mapped with Census 2020 ZCTA 93274 in Tulare County.,,,,
93291 Visalia,zcta,93291,Visalia,36.391777,-119.3728419,279959,,2019-02-28,10,0,Zillow ZIP-level market for Visalia; mapped with Census 2020 ZCTA 93291 in Tulare County.,,,,
93277 Visalia,zcta,93277,Visalia,36.301334,-119.3725855,245720,,2019-02-28,10,0,Zillow ZIP-level market for Visalia; mapped with Census 2020 ZCTA 93277 in Tulare County.,,,,
93292 Visalia,zcta,93292,Visalia,36.366243,-119.2116355,258236,,2019-02-28,10,0,Zillow ZIP-level market for Visalia; mapped with Census 2020 ZCTA 93292 in Tulare County.,,,,
93618 Dinuba,zcta,93618,Dinuba,36.5221175,-119.3866282,229092,,2019-02-28,10,0,Zillow ZIP-level market for Dinuba; mapped with Census 2020 ZCTA 93618 in Tulare County.,,,,
93247 Lindsay,zcta,93247,Lindsay,36.2017347,-119.0834779,187742,,2019-02-28,10,0,Zillow ZIP-level market for Lindsay; mapped with Census 2020 ZCTA 93247 in Tulare County.,,,,
93221 Exeter,zcta,93221,Exeter,36.2963943,-119.0299352,251865,,2019-02-28,10,0,Zillow ZIP-level market for Exeter; mapped with Census 2020 ZCTA 93221 in Tulare County.,,,,
93647 Orosi,zcta,93647,Orosi,36.6007599,-119.1754848,187485,,2019-02-28,10,0,Zillow ZIP-level market for Orosi; mapped with Census 2020 ZCTA 93647 in Tulare County.,,,,
93286 Woodlake,zcta,93286,Woodlake,36.4627099,-119.0932419,196435,,2019-02-28,10,0,Zillow ZIP-level market for Woodlake; mapped with Census 2020 ZCTA 93286 in Tulare County.,,,,
93219 Tulare,zcta,93219,Tulare,35.8882375,-119.2949573,150779,,2019-02-28,10,0,Zillow ZIP-level market for Tulare; mapped with Census 2020 ZCTA 93219 in Tulare County.,,,,
93223 Farmersville,zcta,93223,Farmersville,36.3011122,-119.207875,175111,,2019-02-28,10,0,Zillow ZIP-level market for Farmersville; mapped with Census 2020 ZCTA 93223 in Tulare County.,,,,
93615 Cutler,zcta,93615,Cutler,36.5037388,-119.2838461,181116,,2019-02-28,10,0,Zillow ZIP-level market for Cutler; mapped with Census 2020 ZCTA 93615 in Tulare County.,,,,
93267 Strathmore,zcta,93267,Strathmore,36.1436233,-119.073877,189402,,2019-02-28,10,0,Zillow ZIP-level market for Strathmore; mapped with Census 2020 ZCTA 93267 in Tulare County.,,,,
93256 Pixley,zcta,93256,Pixley,35.9717308,-119.3135106,162742,,2019-02-28,10,0,Zillow ZIP-level market for Pixley; mapped with Census 2020 ZCTA 93256 in Tulare County.,,,,
93272 Tipton,zcta,93272,Tipton,36.0473536,-119.3444282,166166,,2019-02-28,10,0,Zillow ZIP-level market for Tipton; mapped with Census 2020 ZCTA 93272 in Tulare County.,,,,
93270 Terra Bella,zcta,93270,Terra Bella,35.9424478,-119.0583495,243105,,2019-02-28,10,0,Zillow ZIP-level market for Terra Bella; mapped with Census 2020 ZCTA 93270 in Tulare County.,,,,
93235 Ivanhoe,zcta,93235,Ivanhoe,36.385067,-119.2231243,140345,,2019-02-28,10,0,Zillow ZIP-level market for Ivanhoe; mapped with Census 2020 ZCTA 93235 in Tulare County.,,,,
93265 Springville,zcta,93265,Springville,36.217713,-118.6936058,277626,,2019-02-28,10,0,Zillow ZIP-level market for Springville; mapped with Census 2020 ZCTA 93265 in Tulare County.,,,,
93271 Three Rivers,zcta,93271,Three Rivers,36.440041,-118.8802803,360407,,2019-02-28,10,0,Zillow ZIP-level market for Three Rivers; mapped with Census 2020 ZCTA 93271 in Tulare County.,,,,
93201 Alpaugh,zcta,93201,Alpaugh,35.8568588,-119.5075255,133929,,2019-02-28,10,0,Zillow ZIP-level market for Alpaugh; mapped with Census 2020 ZCTA 93201 in Tulare County.,,,,
93261 Richgrove,zcta,93261,Richgrove,35.8114805,-119.1167378,143252,,2019-02-28,10,0,Zillow ZIP-level market for Richgrove; mapped with Census 2020 ZCTA 93261 in Tulare County.,,,,
93218 Earlimart,zcta,93218,Earlimart,35.8571408,-119.0449304,164850,,2019-02-28,10,0,Zillow ZIP-level market for Earlimart; mapped with Census 2020 ZCTA 93218 in Tulare County.,,,,
93244 Lemon Cove,zcta,93244,Lemon Cove,36.38634,-118.9897151,283239,,2019-02-28,10,0,Zillow ZIP-level market for Lemon Cove; mapped with Census 2020 ZCTA 93244 in Tulare County.,,,,
93227 Visalia,zcta,93227,Visalia,36.3444448,-119.418562,180475,,2019-02-28,10,0,Zillow ZIP-level market for Visalia; mapped with Census 2020 ZCTA 93227 in Tulare County.,,,,
93257 Porterville,zcta,93257,Porterville,35.9808583,-118.8893149,214086,,2019-03-31,10,0,Zillow ZIP-level market for Porterville; mapped with Census 2020 ZCTA 93257 in Tulare County.,,,,
93274 Tulare,zcta,93274,Tulare,36.1779345,-119.3799754,228658,,2019-03-31,10,0,Zillow ZIP-level market for Tulare; mapped with Census 2020 ZCTA 93274 in Tulare County.,,,,
93291 Visalia,zcta,93291,Visalia,36.391777,-119.3728419,281583,,2019-03-31,10,0,Zillow ZIP-level market for Visalia; mapped with Census 2020 ZCTA 93291 in Tulare County.,,,,
93277 Visalia,zcta,93277,Visalia,36.301334,-119.3725855,247468,,2019-03-31,10,0,Zillow ZIP-level market for Visalia; mapped with Census 2020 ZCTA 93277 in Tulare County.,,,,
93292 Visalia,zcta,93292,Visalia,36.366243,-119.2116355,259765,,2019-03-31,10,0,Zillow ZIP-level market for Visalia; mapped with Census 2020 ZCTA 93292 in Tulare County.,,,,
93618 Dinuba,zcta,93618,Dinuba,36.5221175,-119.3866282,230819,,2019-03-31,10,0,Zillow ZIP-level market for Dinuba; mapped with Census 2020 ZCTA 93618 in Tulare County.,,,,
93247 Lindsay,zcta,93247,Lindsay,36.2017347,-119.0834779,188983,,2019-03-31,10,0,Zillow ZIP-level market for Lindsay; mapped with Census 2020 ZCTA 93247 in Tulare County.,,,,
93221 Exeter,zcta,93221,Exeter,36.2963943,-119.0299352,253793,,2019-03-31,10,0,Zillow ZIP-level market for Exeter; mapped with Census 2020 ZCTA 93221 in Tulare County.,,,,
93647 Orosi,zcta,93647,Orosi,36.6007599,-119.1754848,189051,,2019-03-31,10,0,Zillow ZIP-level market for Orosi; mapped with Census 2020 ZCTA 93647 in Tulare County.,,,,
93286 Woodlake,zcta,93286,Woodlake,36.4627099,-119.0932419,198749,,2019-03-31,10,0,Zillow ZIP-level market for Woodlake; mapped with Census 2020 ZCTA 93286 in Tulare County.,,,,
93219 Tulare,zcta,93219,Tulare,35.8882375,-119.2949573,152833,,2019-03-31,10,0,Zillow ZIP-level market for Tulare; mapped with Census 2020 ZCTA 93219 in Tulare County.,,,,
93223 Farmersville,zcta,93223,Farmersville,36.3011122,-119.207875,177138,,2019-03-31,10,0,Zillow ZIP-level market for Farmersville; mapped with Census 2020 ZCTA 93223 in Tulare County.,,,,
93615 Cutler,zcta,93615,Cutler,36.5037388,-119.2838461,183532,,2019-03-31,10,0,Zillow ZIP-level market for Cutler; mapped with Census 2020 ZCTA 93615 in Tulare County.,,,,
93267 Strathmore,zcta,93267,Strathmore,36.1436233,-119.073877,191188,,2019-03-31,10,0,Zillow ZIP-level market for Strathmore; mapped with Census 2020 ZCTA 93267 in Tulare County.,,,,
93256 Pixley,zcta,93256,Pixley,35.9717308,-119.3135106,164600,,2019-03-31,10,0,Zillow ZIP-level market for Pixley; mapped with Census 2020 ZCTA 93256 in Tulare County.,,,,
93272 Tipton,zcta,93272,Tipton,36.0473536,-119.3444282,168502,,2019-03-31,10,0,Zillow ZIP-level market for Tipton; mapped with Census 2020 ZCTA 93272 in Tulare County.,,,,
93270 Terra Bella,zcta,93270,Terra Bella,35.9424478,-119.0583495,244877,,2019-03-31,10,0,Zillow ZIP-level market for Terra Bella; mapped with Census 2020 ZCTA 93270 in Tulare County.,,,,
93235 Ivanhoe,zcta,93235,Ivanhoe,36.385067,-119.2231243,142170,,2019-03-31,10,0,Zillow ZIP-level market for Ivanhoe; mapped with Census 2020 ZCTA 93235 in Tulare County.,,,,
93265 Springville,zcta,93265,Springville,36.217713,-118.6936058,278626,,2019-03-31,10,0,Zillow ZIP-level market for Springville; mapped with Census 2020 ZCTA 93265 in Tulare County.,,,,
93271 Three Rivers,zcta,93271,Three Rivers,36.440041,-118.8802803,364743,,2019-03-31,10,0,Zillow ZIP-level market for Three Rivers; mapped with Census 2020 ZCTA 93271 in Tulare County.,,,,
93201 Alpaugh,zcta,93201,Alpaugh,35.8568588,-119.5075255,132674,,2019-03-31,10,0,Zillow ZIP-level market for Alpaugh; mapped with Census 2020 ZCTA 93201 in Tulare County.,,,,
93261 Richgrove,zcta,93261,Richgrove,35.8114805,-119.1167378,145044,,2019-03-31,10,0,Zillow ZIP-level market for Richgrove; mapped with Census 2020 ZCTA 93261 in Tulare County.,,,,
93218 Earlimart,zcta,93218,Earlimart,35.8571408,-119.0449304,168560,,2019-03-31,10,0,Zillow ZIP-level market for Earlimart; mapped with Census 2020 ZCTA 93218 in Tulare County.,,,,
93244 Lemon Cove,zcta,93244,Lemon Cove,36.38634,-118.9897151,284112,,2019-03-31,10,0,Zillow ZIP-level market for Lemon Cove; mapped with Census 2020 ZCTA 93244 in Tulare County.,,,,
93227 Visalia,zcta,93227,Visalia,36.3444448,-119.418562,184837,,2019-03-31,10,0,Zillow ZIP-level market for Visalia; mapped with Census 2020 ZCTA 93227 in Tulare County.,,,,
93257 Porterville,zcta,93257,Porterville,35.9808583,-118.8893149,214998,,2019-04-30,10,0,Zillow ZIP-level market for Porterville; mapped with Census 2020 ZCTA 93257 in Tulare County.,,,,
93274 Tulare,zcta,93274,Tulare,36.1779345,-119.3799754,229704,,2019-04-30,10,0,Zillow ZIP-level market for Tulare; mapped with Census 2020 ZCTA 93274 in Tulare County.,,,,
93291 Visalia,zcta,93291,Visalia,36.391777,-119.3728419,282666,,2019-04-30,10,0,Zillow ZIP-level market for Visalia; mapped with Census 2020 ZCTA 93291 in Tulare County.,,,,
93277 Visalia,zcta,93277,Visalia,36.301334,-119.3725855,248792,,2019-04-30,10,0,Zillow ZIP-level market for Visalia; mapped with Census 2020 ZCTA 93277 in Tulare County.,,,,
93292 Visalia,zcta,93292,Visalia,36.366243,-119.2116355,260965,,2019-04-30,10,0,Zillow ZIP-level market for Visalia; mapped with Census 2020 ZCTA 93292 in Tulare County.,,,,
93618 Dinuba,zcta,93618,Dinuba,36.5221175,-119.3866282,231948,,2019-04-30,10,0,Zillow ZIP-level market for Dinuba; mapped with Census 2020 ZCTA 93618 in Tulare County.,,,,
93247 Lindsay,zcta,93247,Lindsay,36.2017347,-119.0834779,189916,,2019-04-30,10,0,Zillow ZIP-level market for Lindsay; mapped with Census 2020 ZCTA 93247 in Tulare County.,,,,
93221 Exeter,zcta,93221,Exeter,36.2963943,-119.0299352,255279,,2019-04-30,10,0,Zillow ZIP-level market for Exeter; mapped with Census 2020 ZCTA 93221 in Tulare County.,,,,
93647 Orosi,zcta,93647,Orosi,36.6007599,-119.1754848,190488,,2019-04-30,10,0,Zillow ZIP-level market for Orosi; mapped with Census 2020 ZCTA 93647 in Tulare County.,,,,
93286 Woodlake,zcta,93286,Woodlake,36.4627099,-119.0932419,200730,,2019-04-30,10,0,Zillow ZIP-level market for Woodlake; mapped with Census 2020 ZCTA 93286 in Tulare County.,,,,
93219 Tulare,zcta,93219,Tulare,35.8882375,-119.2949573,154308,,2019-04-30,10,0,Zillow ZIP-level market for Tulare; mapped with Census 2020 ZCTA 93219 in Tulare County.,,,,
93223 Farmersville,zcta,93223,Farmersville,36.3011122,-119.207875,178605,,2019-04-30,10,0,Zillow ZIP-level market for Farmersville; mapped with Census 2020 ZCTA 93223 in Tulare County.,,,,
93615 Cutler,zcta,93615,Cutler,36.5037388,-119.2838461,185682,,2019-04-30,10,0,Zillow ZIP-level market for Cutler; mapped with Census 2020 ZCTA 93615 in Tulare County.,,,,
93267 Strathmore,zcta,93267,Strathmore,36.1436233,-119.073877,192711,,2019-04-30,10,0,Zillow ZIP-level market for Strathmore; mapped with Census 2020 ZCTA 93267 in Tulare County.,,,,
93256 Pixley,zcta,93256,Pixley,35.9717308,-119.3135106,165964,,2019-04-30,10,0,Zillow ZIP-level market for Pixley; mapped with Census 2020 ZCTA 93256 in Tulare County.,,,,
93272 Tipton,zcta,93272,Tipton,36.0473536,-119.3444282,170449,,2019-04-30,10,0,Zillow ZIP-level market for Tipton; mapped with Census 2020 ZCTA 93272 in Tulare County.,,,,
93270 Terra Bella,zcta,93270,Terra Bella,35.9424478,-119.0583495,246578,,2019-04-30,10,0,Zillow ZIP-level market for Terra Bella; mapped with Census 2020 ZCTA 93270 in Tulare County.,,,,
93235 Ivanhoe,zcta,93235,Ivanhoe,36.385067,-119.2231243,143414,,2019-04-30,10,0,Zillow ZIP-level market for Ivanhoe; mapped with Census 2020 ZCTA 93235 in Tulare County.,,,,
93265 Springville,zcta,93265,Springville,36.217713,-118.6936058,279681,,2019-04-30,10,0,Zillow ZIP-level market for Springville; mapped with Census 2020 ZCTA 93265 in Tulare County.,,,,
93271 Three Rivers,zcta,93271,Three Rivers,36.440041,-118.8802803,369078,,2019-04-30,10,0,Zillow ZIP-level market for Three Rivers; mapped with Census 2020 ZCTA 93271 in Tulare County.,,,,
93201 Alpaugh,zcta,93201,Alpaugh,35.8568588,-119.5075255,131561,,2019-04-30,10,0,Zillow ZIP-level market for Alpaugh; mapped with Census 2020 ZCTA 93201 in Tulare County.,,,,
93261 Richgrove,zcta,93261,Richgrove,35.8114805,-119.1167378,147251,,2019-04-30,10,0,Zillow ZIP-level market for Richgrove; mapped with Census 2020 ZCTA 93261 in Tulare County.,,,,
93218 Earlimart,zcta,93218,Earlimart,35.8571408,-119.0449304,171521,,2019-04-30,10,0,Zillow ZIP-level market for Earlimart; mapped with Census 2020 ZCTA 93218 in Tulare County.,,,,
93244 Lemon Cove,zcta,93244,Lemon Cove,36.38634,-118.9897151,286013,,2019-04-30,10,0,Zillow ZIP-level market for Lemon Cove; mapped with Census 2020 ZCTA 93244 in Tulare County.,,,,
93227 Visalia,zcta,93227,Visalia,36.3444448,-119.418562,188977,,2019-04-30,10,0,Zillow ZIP-level market for Visalia; mapped with Census 2020 ZCTA 93227 in Tulare County.,,,,
93257 Porterville,zcta,93257,Porterville,35.9808583,-118.8893149,215903,,2019-05-31,10,0,Zillow ZIP-level market for Porterville; mapped with Census 2020 ZCTA 93257 in Tulare County.,,,,
93274 Tulare,zcta,93274,Tulare,36.1779345,-119.3799754,230246,,2019-05-31,10,0,Zillow ZIP-level market for Tulare; mapped with Census 2020 ZCTA 93274 in Tulare County.,,,,
93291 Visalia,zcta,93291,Visalia,36.391777,-119.3728419,283309,,2019-05-31,10,0,Zillow ZIP-level market for Visalia; mapped with Census 2020 ZCTA 93291 in Tulare County.,,,,
93277 Visalia,zcta,93277,Visalia,36.301334,-119.3725855,249467,,2019-05-31,10,0,Zillow ZIP-level market for Visalia; mapped with Census 2020 ZCTA 93277 in Tulare County.,,,,
93292 Visalia,zcta,93292,Visalia,36.366243,-119.2116355,261646,,2019-05-31,10,0,Zillow ZIP-level market for Visalia; mapped with Census 2020 ZCTA 93292 in Tulare County.,,,,
93618 Dinuba,zcta,93618,Dinuba,36.5221175,-119.3866282,232919,,2019-05-31,10,0,Zillow ZIP-level market for Dinuba; mapped with Census 2020 ZCTA 93618 in Tulare County.,,,,
93247 Lindsay,zcta,93247,Lindsay,36.2017347,-119.0834779,190821,,2019-05-31,10,0,Zillow ZIP-level market for Lindsay; mapped with Census 2020 ZCTA 93247 in Tulare County.,,,,
93221 Exeter,zcta,93221,Exeter,36.2963943,-119.0299352,256227,,2019-05-31,10,0,Zillow ZIP-level market for Exeter; mapped with Census 2020 ZCTA 93221 in Tulare County.,,,,
93647 Orosi,zcta,93647,Orosi,36.6007599,-119.1754848,191551,,2019-05-31,10,0,Zillow ZIP-level market for Orosi; mapped with Census 2020 ZCTA 93647 in Tulare County.,,,,
93286 Woodlake,zcta,93286,Woodlake,36.4627099,-119.0932419,202266,,2019-05-31,10,0,Zillow ZIP-level market for Woodlake; mapped with Census 2020 ZCTA 93286 in Tulare County.,,,,
93219 Tulare,zcta,93219,Tulare,35.8882375,-119.2949573,155727,,2019-05-31,10,0,Zillow ZIP-level market for Tulare; mapped with Census 2020 ZCTA 93219 in Tulare County.,,,,
93223 Farmersville,zcta,93223,Farmersville,36.3011122,-119.207875,179384,,2019-05-31,10,0,Zillow ZIP-level market for Farmersville; mapped with Census 2020 ZCTA 93223 in Tulare County.,,,,
93615 Cutler,zcta,93615,Cutler,36.5037388,-119.2838461,188049,,2019-05-31,10,0,Zillow ZIP-level market for Cutler; mapped with Census 2020 ZCTA 93615 in Tulare County.,,,,
93267 Strathmore,zcta,93267,Strathmore,36.1436233,-119.073877,194229,,2019-05-31,10,0,Zillow ZIP-level market for Strathmore; mapped with Census 2020 ZCTA 93267 in Tulare County.,,,,
93256 Pixley,zcta,93256,Pixley,35.9717308,-119.3135106,167029,,2019-05-31,10,0,Zillow ZIP-level market for Pixley; mapped with Census 2020 ZCTA 93256 in Tulare County.,,,,
93272 Tipton,zcta,93272,Tipton,36.0473536,-119.3444282,172256,,2019-05-31,10,0,Zillow ZIP-level market for Tipton; mapped with Census 2020 ZCTA 93272 in Tulare County.,,,,
93270 Terra Bella,zcta,93270,Terra Bella,35.9424478,-119.0583495,248639,,2019-05-31,10,0,Zillow ZIP-level market for Terra Bella; mapped with Census 2020 ZCTA 93270 in Tulare County.,,,,
93235 Ivanhoe,zcta,93235,Ivanhoe,36.385067,-119.2231243,143858,,2019-05-31,10,0,Zillow ZIP-level market for Ivanhoe; mapped with Census 2020 ZCTA 93235 in Tulare County.,,,,
93265 Springville,zcta,93265,Springville,36.217713,-118.6936058,280902,,2019-05-31,10,0,Zillow ZIP-level market for Springville; mapped with Census 2020 ZCTA 93265 in Tulare County.,,,,
93271 Three Rivers,zcta,93271,Three Rivers,36.440041,-118.8802803,372001,,2019-05-31,10,0,Zillow ZIP-level market for Three Rivers; mapped with Census 2020 ZCTA 93271 in Tulare County.,,,,
93201 Alpaugh,zcta,93201,Alpaugh,35.8568588,-119.5075255,131754,,2019-05-31,10,0,Zillow ZIP-level market for Alpaugh; mapped with Census 2020 ZCTA 93201 in Tulare County.,,,,
93261 Richgrove,zcta,93261,Richgrove,35.8114805,-119.1167378,149618,,2019-05-31,10,0,Zillow ZIP-level market for Richgrove; mapped with Census 2020 ZCTA 93261 in Tulare County.,,,,
93218 Earlimart,zcta,93218,Earlimart,35.8571408,-119.0449304,172828,,2019-05-31,10,0,Zillow ZIP-level market for Earlimart; mapped with Census 2020 ZCTA 93218 in Tulare County.,,,,
93244 Lemon Cove,zcta,93244,Lemon Cove,36.38634,-118.9897151,289341,,2019-05-31,10,0,Zillow ZIP-level market for Lemon Cove; mapped with Census 2020 ZCTA 93244 in Tulare County.,,,,
93227 Visalia,zcta,93227,Visalia,36.3444448,-119.418562,191916,,2019-05-31,10,0,Zillow ZIP-level market for Visalia; mapped with Census 2020 ZCTA 93227 in Tulare County.,,,,
93257 Porterville,zcta,93257,Porterville,35.9808583,-118.8893149,216782,,2019-06-30,10,0,Zillow ZIP-level market for Porterville; mapped with Census 2020 ZCTA 93257 in Tulare County.,,,,
93274 Tulare,zcta,93274,Tulare,36.1779345,-119.3799754,230715,,2019-06-30,10,0,Zillow ZIP-level market for Tulare; mapped with Census 2020 ZCTA 93274 in Tulare County.,,,,
93291 Visalia,zcta,93291,Visalia,36.391777,-119.3728419,283752,,2019-06-30,10,0,Zillow ZIP-level market for Visalia; mapped with Census 2020 ZCTA 93291 in Tulare County.,,,,
93277 Visalia,zcta,93277,Visalia,36.301334,-119.3725855,249556,,2019-06-30,10,0,Zillow ZIP-level market for Visalia; mapped with Census 2020 ZCTA 93277 in Tulare County.,,,,
93292 Visalia,zcta,93292,Visalia,36.366243,-119.2116355,261832,,2019-06-30,10,0,Zillow ZIP-level market for Visalia; mapped with Census 2020 ZCTA 93292 in Tulare County.,,,,
93618 Dinuba,zcta,93618,Dinuba,36.5221175,-119.3866282,233708,,2019-06-30,10,0,Zillow ZIP-level market for Dinuba; mapped with Census 2020 ZCTA 93618 in Tulare County.,,,,
93247 Lindsay,zcta,93247,Lindsay,36.2017347,-119.0834779,192043,,2019-06-30,10,0,Zillow ZIP-level market for Lindsay; mapped with Census 2020 ZCTA 93247 in Tulare County.,,,,
93221 Exeter,zcta,93221,Exeter,36.2963943,-119.0299352,257009,,2019-06-30,10,0,Zillow ZIP-level market for Exeter; mapped with Census 2020 ZCTA 93221 in Tulare County.,,,,
93647 Orosi,zcta,93647,Orosi,36.6007599,-119.1754848,192415,,2019-06-30,10,0,Zillow ZIP-level market for Orosi; mapped with Census 2020 ZCTA 93647 in Tulare County.,,,,
93286 Woodlake,zcta,93286,Woodlake,36.4627099,-119.0932419,203644,,2019-06-30,10,0,Zillow ZIP-level market for Woodlake; mapped with Census 2020 ZCTA 93286 in Tulare County.,,,,
93219 Tulare,zcta,93219,Tulare,35.8882375,-119.2949573,157321,,2019-06-30,10,0,Zillow ZIP-level market for Tulare; mapped with Census 2020 ZCTA 93219 in Tulare County.,,,,
93223 Farmersville,zcta,93223,Farmersville,36.3011122,-119.207875,180115,,2019-06-30,10,0,Zillow ZIP-level market for Farmersville; mapped with Census 2020 ZCTA 93223 in Tulare County.,,,,
93615 Cutler,zcta,93615,Cutler,36.5037388,-119.2838461,189958,,2019-06-30,10,0,Zillow ZIP-level market for Cutler; mapped with Census 2020 ZCTA 93615 in Tulare County.,,,,
93267 Strathmore,zcta,93267,Strathmore,36.1436233,-119.073877,195425,,2019-06-30,10,0,Zillow ZIP-level market for Strathmore; mapped with Census 2020 ZCTA 93267 in Tulare County.,,,,
93256 Pixley,zcta,93256,Pixley,35.9717308,-119.3135106,168224,,2019-06-30,10,0,Zillow ZIP-level market for Pixley; mapped with Census 2020 ZCTA 93256 in Tulare County.,,,,
93272 Tipton,zcta,93272,Tipton,36.0473536,-119.3444282,174095,,2019-06-30,10,0,Zillow ZIP-level market for Tipton; mapped with Census 2020 ZCTA 93272 in Tulare County.,,,,
93270 Terra Bella,zcta,93270,Terra Bella,35.9424478,-119.0583495,250345,,2019-06-30,10,0,Zillow ZIP-level market for Terra Bella; mapped with Census 2020 ZCTA 93270 in Tulare County.,,,,
93235 Ivanhoe,zcta,93235,Ivanhoe,36.385067,-119.2231243,144374,,2019-06-30,10,0,Zillow ZIP-level market for Ivanhoe; mapped with Census 2020 ZCTA 93235 in Tulare County.,,,,
93265 Springville,zcta,93265,Springville,36.217713,-118.6936058,282015,,2019-06-30,10,0,Zillow ZIP-level market for Springville; mapped with Census 2020 ZCTA 93265 in Tulare County.,,,,
93271 Three Rivers,zcta,93271,Three Rivers,36.440041,-118.8802803,373959,,2019-06-30,10,0,Zillow ZIP-level market for Three Rivers; mapped with Census 2020 ZCTA 93271 in Tulare County.,,,,
93201 Alpaugh,zcta,93201,Alpaugh,35.8568588,-119.5075255,132803,,2019-06-30,10,0,Zillow ZIP-level market for Alpaugh; mapped with Census 2020 ZCTA 93201 in Tulare County.,,,,
93261 Richgrove,zcta,93261,Richgrove,35.8114805,-119.1167378,152068,,2019-06-30,10,0,Zillow ZIP-level market for Richgrove; mapped with Census 2020 ZCTA 93261 in Tulare County.,,,,
93218 Earlimart,zcta,93218,Earlimart,35.8571408,-119.0449304,174596,,2019-06-30,10,0,Zillow ZIP-level market for Earlimart; mapped with Census 2020 ZCTA 93218 in Tulare County.,,,,
93244 Lemon Cove,zcta,93244,Lemon Cove,36.38634,-118.9897151,293299,,2019-06-30,10,0,Zillow ZIP-level market for Lemon Cove; mapped with Census 2020 ZCTA 93244 in Tulare County.,,,,
93227 Visalia,zcta,93227,Visalia,36.3444448,-119.418562,194184,,2019-06-30,10,0,Zillow ZIP-level market for Visalia; mapped with Census 2020 ZCTA 93227 in Tulare County.,,,,
93257 Porterville,zcta,93257,Porterville,35.9808583,-118.8893149,217644,,2019-07-31,10,0,Zillow ZIP-level market for Porterville; mapped with Census 2020 ZCTA 93257 in Tulare County.,,,,
93274 Tulare,zcta,93274,Tulare,36.1779345,-119.3799754,230962,,2019-07-31,10,0,Zillow ZIP-level market for Tulare; mapped with Census 2020 ZCTA 93274 in Tulare County.,,,,
93291 Visalia,zcta,93291,Visalia,36.391777,-119.3728419,284182,,2019-07-31,10,0,Zillow ZIP-level market for Visalia; mapped with Census 2020 ZCTA 93291 in Tulare County.,,,,
93277 Visalia,zcta,93277,Visalia,36.301334,-119.3725855,249332,,2019-07-31,10,0,Zillow ZIP-level market for Visalia; mapped with Census 2020 ZCTA 93277 in Tulare County.,,,,
93292 Visalia,zcta,93292,Visalia,36.366243,-119.2116355,261851,,2019-07-31,10,0,Zillow ZIP-level market for Visalia; mapped with Census 2020 ZCTA 93292 in Tulare County.,,,,
93618 Dinuba,zcta,93618,Dinuba,36.5221175,-119.3866282,234180,,2019-07-31,10,0,Zillow ZIP-level market for Dinuba; mapped with Census 2020 ZCTA 93618 in Tulare County.,,,,
93247 Lindsay,zcta,93247,Lindsay,36.2017347,-119.0834779,192983,,2019-07-31,10,0,Zillow ZIP-level market for Lindsay; mapped with Census 2020 ZCTA 93247 in Tulare County.,,,,
93221 Exeter,zcta,93221,Exeter,36.2963943,-119.0299352,257493,,2019-07-31,10,0,Zillow ZIP-level market for Exeter; mapped with Census 2020 ZCTA 93221 in Tulare County.,,,,
93647 Orosi,zcta,93647,Orosi,36.6007599,-119.1754848,193012,,2019-07-31,10,0,Zillow ZIP-level market for Orosi; mapped with Census 2020 ZCTA 93647 in Tulare County.,,,,
93286 Woodlake,zcta,93286,Woodlake,36.4627099,-119.0932419,204145,,2019-07-31,10,0,Zillow ZIP-level market for Woodlake; mapped with Census 2020 ZCTA 93286 in Tulare County.,,,,
93219 Tulare,zcta,93219,Tulare,35.8882375,-119.2949573,158567,,2019-07-31,10,0,Zillow ZIP-level market for Tulare; mapped with Census 2020 ZCTA 93219 in Tulare County.,,,,
93223 Farmersville,zcta,93223,Farmersville,36.3011122,-119.207875,180800,,2019-07-31,10,0,Zillow ZIP-level market for Farmersville; mapped with Census 2020 ZCTA 93223 in Tulare County.,,,,
93615 Cutler,zcta,93615,Cutler,36.5037388,-119.2838461,191511,,2019-07-31,10,0,Zillow ZIP-level market for Cutler; mapped with Census 2020 ZCTA 93615 in Tulare County.,,,,
93267 Strathmore,zcta,93267,Strathmore,36.1436233,-119.073877,196424,,2019-07-31,10,0,Zillow ZIP-level market for Strathmore; mapped with Census 2020 ZCTA 93267 in Tulare County.,,,,
93256 Pixley,zcta,93256,Pixley,35.9717308,-119.3135106,168935,,2019-07-31,10,0,Zillow ZIP-level market for Pixley; mapped with Census 2020 ZCTA 93256 in Tulare County.,,,,
93272 Tipton,zcta,93272,Tipton,36.0473536,-119.3444282,175780,,2019-07-31,10,0,Zillow ZIP-level market for Tipton; mapped with Census 2020 ZCTA 93272 in Tulare County.,,,,
93270 Terra Bella,zcta,93270,Terra Bella,35.9424478,-119.0583495,251948,,2019-07-31,10,0,Zillow ZIP-level market for Terra Bella; mapped with Census 2020 ZCTA 93270 in Tulare County.,,,,
93235 Ivanhoe,zcta,93235,Ivanhoe,36.385067,-119.2231243,145233,,2019-07-31,10,0,Zillow ZIP-level market for Ivanhoe; mapped with Census 2020 ZCTA 93235 in Tulare County.,,,,
93265 Springville,zcta,93265,Springville,36.217713,-118.6936058,283053,,2019-07-31,10,0,Zillow ZIP-level market for Springville; mapped with Census 2020 ZCTA 93265 in Tulare County.,,,,
93271 Three Rivers,zcta,93271,Three Rivers,36.440041,-118.8802803,373853,,2019-07-31,10,0,Zillow ZIP-level market for Three Rivers; mapped with Census 2020 ZCTA 93271 in Tulare County.,,,,
93201 Alpaugh,zcta,93201,Alpaugh,35.8568588,-119.5075255,134078,,2019-07-31,10,0,Zillow ZIP-level market for Alpaugh; mapped with Census 2020 ZCTA 93201 in Tulare County.,,,,
93261 Richgrove,zcta,93261,Richgrove,35.8114805,-119.1167378,153683,,2019-07-31,10,0,Zillow ZIP-level market for Richgrove; mapped with Census 2020 ZCTA 93261 in Tulare County.,,,,
93218 Earlimart,zcta,93218,Earlimart,35.8571408,-119.0449304,176224,,2019-07-31,10,0,Zillow ZIP-level market for Earlimart; mapped with Census 2020 ZCTA 93218 in Tulare County.,,,,
93244 Lemon Cove,zcta,93244,Lemon Cove,36.38634,-118.9897151,296378,,2019-07-31,10,0,Zillow ZIP-level market for Lemon Cove; mapped with Census 2020 ZCTA 93244 in Tulare County.,,,,
93227 Visalia,zcta,93227,Visalia,36.3444448,-119.418562,196301,,2019-07-31,10,0,Zillow ZIP-level market for Visalia; mapped with Census 2020 ZCTA 93227 in Tulare County.,,,,
93257 Porterville,zcta,93257,Porterville,35.9808583,-118.8893149,218583,,2019-08-31,10,0,Zillow ZIP-level market for Porterville; mapped with Census 2020 ZCTA 93257 in Tulare County.,,,,
93274 Tulare,zcta,93274,Tulare,36.1779345,-119.3799754,231618,,2019-08-31,10,0,Zillow ZIP-level market for Tulare; mapped with Census 2020 ZCTA 93274 in Tulare County.,,,,
93291 Visalia,zcta,93291,Visalia,36.391777,-119.3728419,284699,,2019-08-31,10,0,Zillow ZIP-level market for Visalia; mapped with Census 2020 ZCTA 93291 in Tulare County.,,,,
93277 Visalia,zcta,93277,Visalia,36.301334,-119.3725855,249261,,2019-08-31,10,0,Zillow ZIP-level market for Visalia; mapped with Census 2020 ZCTA 93277 in Tulare County.,,,,
93292 Visalia,zcta,93292,Visalia,36.366243,-119.2116355,262185,,2019-08-31,10,0,Zillow ZIP-level market for Visalia; mapped with Census 2020 ZCTA 93292 in Tulare County.,,,,
93618 Dinuba,zcta,93618,Dinuba,36.5221175,-119.3866282,234653,,2019-08-31,10,0,Zillow ZIP-level market for Dinuba; mapped with Census 2020 ZCTA 93618 in Tulare County.,,,,
93247 Lindsay,zcta,93247,Lindsay,36.2017347,-119.0834779,193879,,2019-08-31,10,0,Zillow ZIP-level market for Lindsay; mapped with Census 2020 ZCTA 93247 in Tulare County.,,,,
93221 Exeter,zcta,93221,Exeter,36.2963943,-119.0299352,258341,,2019-08-31,10,0,Zillow ZIP-level market for Exeter; mapped with Census 2020 ZCTA 93221 in Tulare County.,,,,
93647 Orosi,zcta,93647,Orosi,36.6007599,-119.1754848,193391,,2019-08-31,10,0,Zillow ZIP-level market for Orosi; mapped with Census 2020 ZCTA 93647 in Tulare County.,,,,
93286 Woodlake,zcta,93286,Woodlake,36.4627099,-119.0932419,204531,,2019-08-31,10,0,Zillow ZIP-level market for Woodlake; mapped with Census 2020 ZCTA 93286 in Tulare County.,,,,
93219 Tulare,zcta,93219,Tulare,35.8882375,-119.2949573,159469,,2019-08-31,10,0,Zillow ZIP-level market for Tulare; mapped with Census 2020 ZCTA 93219 in Tulare County.,,,,
93223 Farmersville,zcta,93223,Farmersville,36.3011122,-119.207875,181645,,2019-08-31,10,0,Zillow ZIP-level market for Farmersville; mapped with Census 2020 ZCTA 93223 in Tulare County.,,,,
93615 Cutler,zcta,93615,Cutler,36.5037388,-119.2838461,192831,,2019-08-31,10,0,Zillow ZIP-level market for Cutler; mapped with Census 2020 ZCTA 93615 in Tulare County.,,,,
93267 Strathmore,zcta,93267,Strathmore,36.1436233,-119.073877,197457,,2019-08-31,10,0,Zillow ZIP-level market for Strathmore; mapped with Census 2020 ZCTA 93267 in Tulare County.,,,,
93256 Pixley,zcta,93256,Pixley,35.9717308,-119.3135106,168950,,2019-08-31,10,0,Zillow ZIP-level market for Pixley; mapped with Census 2020 ZCTA 93256 in Tulare County.,,,,
93272 Tipton,zcta,93272,Tipton,36.0473536,-119.3444282,176796,,2019-08-31,10,0,Zillow ZIP-level market for Tipton; mapped with Census 2020 ZCTA 93272 in Tulare County.,,,,
93270 Terra Bella,zcta,93270,Terra Bella,35.9424478,-119.0583495,253088,,2019-08-31,10,0,Zillow ZIP-level market for Terra Bella; mapped with Census 2020 ZCTA 93270 in Tulare County.,,,,
93235 Ivanhoe,zcta,93235,Ivanhoe,36.385067,-119.2231243,146922,,2019-08-31,10,0,Zillow ZIP-level market for Ivanhoe; mapped with Census 2020 ZCTA 93235 in Tulare County.,,,,
93265 Springville,zcta,93265,Springville,36.217713,-118.6936058,284249,,2019-08-31,10,0,Zillow ZIP-level market for Springville; mapped with Census 2020 ZCTA 93265 in Tulare County.,,,,
93271 Three Rivers,zcta,93271,Three Rivers,36.440041,-118.8802803,373784,,2019-08-31,10,0,Zillow ZIP-level market for Three Rivers; mapped with Census 2020 ZCTA 93271 in Tulare County.,,,,
93201 Alpaugh,zcta,93201,Alpaugh,35.8568588,-119.5075255,135330,,2019-08-31,10,0,Zillow ZIP-level market for Alpaugh; mapped with Census 2020 ZCTA 93201 in Tulare County.,,,,
93261 Richgrove,zcta,93261,Richgrove,35.8114805,-119.1167378,155132,,2019-08-31,10,0,Zillow ZIP-level market for Richgrove; mapped with Census 2020 ZCTA 93261 in Tulare County.,,,,
93218 Earlimart,zcta,93218,Earlimart,35.8571408,-119.0449304,177666,,2019-08-31,10,0,Zillow ZIP-level market for Earlimart; mapped with Census 2020 ZCTA 93218 in Tulare County.,,,,
93244 Lemon Cove,zcta,93244,Lemon Cove,36.38634,-118.9897151,298983,,2019-08-31,10,0,Zillow ZIP-level market for Lemon Cove; mapped with Census 2020 ZCTA 93244 in Tulare County.,,,,
93227 Visalia,zcta,93227,Visalia,36.3444448,-119.418562,198766,,2019-08-31,10,0,Zillow ZIP-level market for Visalia; mapped with Census 2020 ZCTA 93227 in Tulare County.,,,,
93257 Porterville,zcta,93257,Porterville,35.9808583,-118.8893149,219384,,2019-09-30,10,0,Zillow ZIP-level market for Porterville; mapped with Census 2020 ZCTA 93257 in Tulare County.,,,,
93274 Tulare,zcta,93274,Tulare,36.1779345,-119.3799754,232243,,2019-09-30,10,0,Zillow ZIP-level market for Tulare; mapped with Census 2020 ZCTA 93274 in Tulare County.,,,,
93291 Visalia,zcta,93291,Visalia,36.391777,-119.3728419,285234,,2019-09-30,10,0,Zillow ZIP-level market for Visalia; mapped with Census 2020 ZCTA 93291 in Tulare County.,,,,
93277 Visalia,zcta,93277,Visalia,36.301334,-119.3725855,249453,,2019-09-30,10,0,Zillow ZIP-level market for Visalia; mapped with Census 2020 ZCTA 93277 in Tulare County.,,,,
93292 Visalia,zcta,93292,Visalia,36.366243,-119.2116355,262948,,2019-09-30,10,0,Zillow ZIP-level market for Visalia; mapped with Census 2020 ZCTA 93292 in Tulare County.,,,,
93618 Dinuba,zcta,93618,Dinuba,36.5221175,-119.3866282,235425,,2019-09-30,10,0,Zillow ZIP-level market for Dinuba; mapped with Census 2020 ZCTA 93618 in Tulare County.,,,,
93247 Lindsay,zcta,93247,Lindsay,36.2017347,-119.0834779,194241,,2019-09-30,10,0,Zillow ZIP-level market for Lindsay; mapped with Census 2020 ZCTA 93247 in Tulare County.,,,,
93221 Exeter,zcta,93221,Exeter,36.2963943,-119.0299352,259220,,2019-09-30,10,0,Zillow ZIP-level market for Exeter; mapped with Census 2020 ZCTA 93221 in Tulare County.,,,,
93647 Orosi,zcta,93647,Orosi,36.6007599,-119.1754848,193858,,2019-09-30,10,0,Zillow ZIP-level market for Orosi; mapped with Census 2020 ZCTA 93647 in Tulare County.,,,,
93286 Woodlake,zcta,93286,Woodlake,36.4627099,-119.0932419,205055,,2019-09-30,10,0,Zillow ZIP-level market for Woodlake; mapped with Census 2020 ZCTA 93286 in Tulare County.,,,,
93219 Tulare,zcta,93219,Tulare,35.8882375,-119.2949573,159724,,2019-09-30,10,0,Zillow ZIP-level market for Tulare; mapped with Census 2020 ZCTA 93219 in Tulare County.,,,,
93223 Farmersville,zcta,93223,Farmersville,36.3011122,-119.207875,182348,,2019-09-30,10,0,Zillow ZIP-level market for Farmersville; mapped with Census 2020 ZCTA 93223 in Tulare County.,,,,
93615 Cutler,zcta,93615,Cutler,36.5037388,-119.2838461,194224,,2019-09-30,10,0,Zillow ZIP-level market for Cutler; mapped with Census 2020 ZCTA 93615 in Tulare County.,,,,
93267 Strathmore,zcta,93267,Strathmore,36.1436233,-119.073877,198329,,2019-09-30,10,0,Zillow ZIP-level market for Strathmore; mapped with Census 2020 ZCTA 93267 in Tulare County.,,,,
93256 Pixley,zcta,93256,Pixley,35.9717308,-119.3135106,168989,,2019-09-30,10,0,Zillow ZIP-level market for Pixley; mapped with Census 2020 ZCTA 93256 in Tulare County.,,,,
93272 Tipton,zcta,93272,Tipton,36.0473536,-119.3444282,177319,,2019-09-30,10,0,Zillow ZIP-level market for Tipton; mapped with Census 2020 ZCTA 93272 in Tulare County.,,,,
93270 Terra Bella,zcta,93270,Terra Bella,35.9424478,-119.0583495,253571,,2019-09-30,10,0,Zillow ZIP-level market for Terra Bella; mapped with Census 2020 ZCTA 93270 in Tulare County.,,,,
93235 Ivanhoe,zcta,93235,Ivanhoe,36.385067,-119.2231243,148512,,2019-09-30,10,0,Zillow ZIP-level market for Ivanhoe; mapped with Census 2020 ZCTA 93235 in Tulare County.,,,,
93265 Springville,zcta,93265,Springville,36.217713,-118.6936058,285056,,2019-09-30,10,0,Zillow ZIP-level market for Springville; mapped with Census 2020 ZCTA 93265 in Tulare County.,,,,
93271 Three Rivers,zcta,93271,Three Rivers,36.440041,-118.8802803,373837,,2019-09-30,10,0,Zillow ZIP-level market for Three Rivers; mapped with Census 2020 ZCTA 93271 in Tulare County.,,,,
93201 Alpaugh,zcta,93201,Alpaugh,35.8568588,-119.5075255,136344,,2019-09-30,10,0,Zillow ZIP-level market for Alpaugh; mapped with Census 2020 ZCTA 93201 in Tulare County.,,,,
93261 Richgrove,zcta,93261,Richgrove,35.8114805,-119.1167378,156171,,2019-09-30,10,0,Zillow ZIP-level market for Richgrove; mapped with Census 2020 ZCTA 93261 in Tulare County.,,,,
93218 Earlimart,zcta,93218,Earlimart,35.8571408,-119.0449304,178652,,2019-09-30,10,0,Zillow ZIP-level market for Earlimart; mapped with Census 2020 ZCTA 93218 in Tulare County.,,,,
93244 Lemon Cove,zcta,93244,Lemon Cove,36.38634,-118.9897151,301643,,2019-09-30,10,0,Zillow ZIP-level market for Lemon Cove; mapped with Census 2020 ZCTA 93244 in Tulare County.,,,,
93227 Visalia,zcta,93227,Visalia,36.3444448,-119.418562,201313,,2019-09-30,10,0,Zillow ZIP-level market for Visalia; mapped with Census 2020 ZCTA 93227 in Tulare County.,,,,
93257 Porterville,zcta,93257,Porterville,35.9808583,-118.8893149,220577,,2019-10-31,10,0,Zillow ZIP-level market for Porterville; mapped with Census 2020 ZCTA 93257 in Tulare County.,,,,
93274 Tulare,zcta,93274,Tulare,36.1779345,-119.3799754,233610,,2019-10-31,10,0,Zillow ZIP-level market for Tulare; mapped with Census 2020 ZCTA 93274 in Tulare County.,,,,
93291 Visalia,zcta,93291,Visalia,36.391777,-119.3728419,286284,,2019-10-31,10,0,Zillow ZIP-level market for Visalia; mapped with Census 2020 ZCTA 93291 in Tulare County.,,,,
93277 Visalia,zcta,93277,Visalia,36.301334,-119.3725855,250565,,2019-10-31,10,0,Zillow ZIP-level market for Visalia; mapped with Census 2020 ZCTA 93277 in Tulare County.,,,,
93292 Visalia,zcta,93292,Visalia,36.366243,-119.2116355,264449,,2019-10-31,10,0,Zillow ZIP-level market for Visalia; mapped with Census 2020 ZCTA 93292 in Tulare County.,,,,
93618 Dinuba,zcta,93618,Dinuba,36.5221175,-119.3866282,237015,,2019-10-31,10,0,Zillow ZIP-level market for Dinuba; mapped with Census 2020 ZCTA 93618 in Tulare County.,,,,
93247 Lindsay,zcta,93247,Lindsay,36.2017347,-119.0834779,195284,,2019-10-31,10,0,Zillow ZIP-level market for Lindsay; mapped with Census 2020 ZCTA 93247 in Tulare County.,,,,
93221 Exeter,zcta,93221,Exeter,36.2963943,-119.0299352,260771,,2019-10-31,10,0,Zillow ZIP-level market for Exeter; mapped with Census 2020 ZCTA 93221 in Tulare County.,,,,
93647 Orosi,zcta,93647,Orosi,36.6007599,-119.1754848,195097,,2019-10-31,10,0,Zillow ZIP-level market for Orosi; mapped with Census 2020 ZCTA 93647 in Tulare County.,,,,
93286 Woodlake,zcta,93286,Woodlake,36.4627099,-119.0932419,206650,,2019-10-31,10,0,Zillow ZIP-level market for Woodlake; mapped with Census 2020 ZCTA 93286 in Tulare County.,,,,
93219 Tulare,zcta,93219,Tulare,35.8882375,-119.2949573,160455,,2019-10-31,10,0,Zillow ZIP-level market for Tulare; mapped with Census 2020 ZCTA 93219 in Tulare County.,,,,
93223 Farmersville,zcta,93223,Farmersville,36.3011122,-119.207875,183458,,2019-10-31,10,0,Zillow ZIP-level market for Farmersville; mapped with Census 2020 ZCTA 93223 in Tulare County.,,,,
93615 Cutler,zcta,93615,Cutler,36.5037388,-119.2838461,196035,,2019-10-31,10,0,Zillow ZIP-level market for Cutler; mapped with Census 2020 ZCTA 93615 in Tulare County.,,,,
93267 Strathmore,zcta,93267,Strathmore,36.1436233,-119.073877,199992,,2019-10-31,10,0,Zillow ZIP-level market for Strathmore; mapped with Census 2020 ZCTA 93267 in Tulare County.,,,,
93256 Pixley,zcta,93256,Pixley,35.9717308,-119.3135106,169756,,2019-10-31,10,0,Zillow ZIP-level market for Pixley; mapped with Census 2020 ZCTA 93256 in Tulare County.,,,,
93272 Tipton,zcta,93272,Tipton,36.0473536,-119.3444282,178208,,2019-10-31,10,0,Zillow ZIP-level market for Tipton; mapped with Census 2020 ZCTA 93272 in Tulare County.,,,,
93270 Terra Bella,zcta,93270,Terra Bella,35.9424478,-119.0583495,254893,,2019-10-31,10,0,Zillow ZIP-level market for Terra Bella; mapped with Census 2020 ZCTA 93270 in Tulare County.,,,,
93235 Ivanhoe,zcta,93235,Ivanhoe,36.385067,-119.2231243,150072,,2019-10-31,10,0,Zillow ZIP-level market for Ivanhoe; mapped with Census 2020 ZCTA 93235 in Tulare County.,,,,
93265 Springville,zcta,93265,Springville,36.217713,-118.6936058,286756,,2019-10-31,10,0,Zillow ZIP-level market for Springville; mapped with Census 2020 ZCTA 93265 in Tulare County.,,,,
93271 Three Rivers,zcta,93271,Three Rivers,36.440041,-118.8802803,375631,,2019-10-31,10,0,Zillow ZIP-level market for Three Rivers; mapped with Census 2020 ZCTA 93271 in Tulare County.,,,,
93201 Alpaugh,zcta,93201,Alpaugh,35.8568588,-119.5075255,137772,,2019-10-31,10,0,Zillow ZIP-level market for Alpaugh; mapped with Census 2020 ZCTA 93201 in Tulare County.,,,,
93261 Richgrove,zcta,93261,Richgrove,35.8114805,-119.1167378,158157,,2019-10-31,10,0,Zillow ZIP-level market for Richgrove; mapped with Census 2020 ZCTA 93261 in Tulare County.,,,,
93218 Earlimart,zcta,93218,Earlimart,35.8571408,-119.0449304,179819,,2019-10-31,10,0,Zillow ZIP-level market for Earlimart; mapped with Census 2020 ZCTA 93218 in Tulare County.,,,,
93244 Lemon Cove,zcta,93244,Lemon Cove,36.38634,-118.9897151,305808,,2019-10-31,10,0,Zillow ZIP-level market for Lemon Cove; mapped with Census 2020 ZCTA 93244 in Tulare County.,,,,
93227 Visalia,zcta,93227,Visalia,36.3444448,-119.418562,204582,,2019-10-31,10,0,Zillow ZIP-level market for Visalia; mapped with Census 2020 ZCTA 93227 in Tulare County.,,,,
93257 Porterville,zcta,93257,Porterville,35.9808583,-118.8893149,222303,,2019-11-30,10,0,Zillow ZIP-level market for Porterville; mapped with Census 2020 ZCTA 93257 in Tulare County.,,,,
93274 Tulare,zcta,93274,Tulare,36.1779345,-119.3799754,235391,,2019-11-30,10,0,Zillow ZIP-level market for Tulare; mapped with Census 2020 ZCTA 93274 in Tulare County.,,,,
93291 Visalia,zcta,93291,Visalia,36.391777,-119.3728419,287747,,2019-11-30,10,0,Zillow ZIP-level market for Visalia; mapped with Census 2020 ZCTA 93291 in Tulare County.,,,,
93277 Visalia,zcta,93277,Visalia,36.301334,-119.3725855,252274,,2019-11-30,10,0,Zillow ZIP-level market for Visalia; mapped with Census 2020 ZCTA 93277 in Tulare County.,,,,
93292 Visalia,zcta,93292,Visalia,36.366243,-119.2116355,266279,,2019-11-30,10,0,Zillow ZIP-level market for Visalia; mapped with Census 2020 ZCTA 93292 in Tulare County.,,,,
93618 Dinuba,zcta,93618,Dinuba,36.5221175,-119.3866282,239156,,2019-11-30,10,0,Zillow ZIP-level market for Dinuba; mapped with Census 2020 ZCTA 93618 in Tulare County.,,,,
93247 Lindsay,zcta,93247,Lindsay,36.2017347,-119.0834779,196467,,2019-11-30,10,0,Zillow ZIP-level market for Lindsay; mapped with Census 2020 ZCTA 93247 in Tulare County.,,,,
93221 Exeter,zcta,93221,Exeter,36.2963943,-119.0299352,262498,,2019-11-30,10,0,Zillow ZIP-level market for Exeter; mapped with Census 2020 ZCTA 93221 in Tulare County.,,,,
93647 Orosi,zcta,93647,Orosi,36.6007599,-119.1754848,196982,,2019-11-30,10,0,Zillow ZIP-level market for Orosi; mapped with Census 2020 ZCTA 93647 in Tulare County.,,,,
93286 Woodlake,zcta,93286,Woodlake,36.4627099,-119.0932419,208747,,2019-11-30,10,0,Zillow ZIP-level market for Woodlake; mapped with Census 2020 ZCTA 93286 in Tulare County.,,,,
93219 Tulare,zcta,93219,Tulare,35.8882375,-119.2949573,161842,,2019-11-30,10,0,Zillow ZIP-level market for Tulare; mapped with Census 2020 ZCTA 93219 in Tulare County.,,,,
93223 Farmersville,zcta,93223,Farmersville,36.3011122,-119.207875,184799,,2019-11-30,10,0,Zillow ZIP-level market for Farmersville; mapped with Census 2020 ZCTA 93223 in Tulare County.,,,,
93615 Cutler,zcta,93615,Cutler,36.5037388,-119.2838461,198031,,2019-11-30,10,0,Zillow ZIP-level market for Cutler; mapped with Census 2020 ZCTA 93615 in Tulare County.,,,,
93267 Strathmore,zcta,93267,Strathmore,36.1436233,-119.073877,201934,,2019-11-30,10,0,Zillow ZIP-level market for Strathmore; mapped with Census 2020 ZCTA 93267 in Tulare County.,,,,
93256 Pixley,zcta,93256,Pixley,35.9717308,-119.3135106,171387,,2019-11-30,10,0,Zillow ZIP-level market for Pixley; mapped with Census 2020 ZCTA 93256 in Tulare County.,,,,
93272 Tipton,zcta,93272,Tipton,36.0473536,-119.3444282,179652,,2019-11-30,10,0,Zillow ZIP-level market for Tipton; mapped with Census 2020 ZCTA 93272 in Tulare County.,,,,
93270 Terra Bella,zcta,93270,Terra Bella,35.9424478,-119.0583495,256507,,2019-11-30,10,0,Zillow ZIP-level market for Terra Bella; mapped with Census 2020 ZCTA 93270 in Tulare County.,,,,
93235 Ivanhoe,zcta,93235,Ivanhoe,36.385067,-119.2231243,151438,,2019-11-30,10,0,Zillow ZIP-level market for Ivanhoe; mapped with Census 2020 ZCTA 93235 in Tulare County.,,,,
93265 Springville,zcta,93265,Springville,36.217713,-118.6936058,288364,,2019-11-30,10,0,Zillow ZIP-level market for Springville; mapped with Census 2020 ZCTA 93265 in Tulare County.,,,,
93271 Three Rivers,zcta,93271,Three Rivers,36.440041,-118.8802803,377767,,2019-11-30,10,0,Zillow ZIP-level market for Three Rivers; mapped with Census 2020 ZCTA 93271 in Tulare County.,,,,
93201 Alpaugh,zcta,93201,Alpaugh,35.8568588,-119.5075255,138902,,2019-11-30,10,0,Zillow ZIP-level market for Alpaugh; mapped with Census 2020 ZCTA 93201 in Tulare County.,,,,
93261 Richgrove,zcta,93261,Richgrove,35.8114805,-119.1167378,160100,,2019-11-30,10,0,Zillow ZIP-level market for Richgrove; mapped with Census 2020 ZCTA 93261 in Tulare County.,,,,
93218 Earlimart,zcta,93218,Earlimart,35.8571408,-119.0449304,181588,,2019-11-30,10,0,Zillow ZIP-level market for Earlimart; mapped with Census 2020 ZCTA 93218 in Tulare County.,,,,
93244 Lemon Cove,zcta,93244,Lemon Cove,36.38634,-118.9897151,310517,,2019-11-30,10,0,Zillow ZIP-level market for Lemon Cove; mapped with Census 2020 ZCTA 93244 in Tulare County.,,,,
93227 Visalia,zcta,93227,Visalia,36.3444448,-119.418562,207981,,2019-11-30,10,0,Zillow ZIP-level market for Visalia; mapped with Census 2020 ZCTA 93227 in Tulare County.,,,,
93257 Porterville,zcta,93257,Porterville,35.9808583,-118.8893149,224206,,2019-12-31,10,0,Zillow ZIP-level market for Porterville; mapped with Census 2020 ZCTA 93257 in Tulare County.,,,,
93274 Tulare,zcta,93274,Tulare,36.1779345,-119.3799754,237430,,2019-12-31,10,0,Zillow ZIP-level market for Tulare; mapped with Census 2020 ZCTA 93274 in Tulare County.,,,,
93291 Visalia,zcta,93291,Visalia,36.391777,-119.3728419,289312,,2019-12-31,10,0,Zillow ZIP-level market for Visalia; mapped with Census 2020 ZCTA 93291 in Tulare County.,,,,
93277 Visalia,zcta,93277,Visalia,36.301334,-119.3725855,254227,,2019-12-31,10,0,Zillow ZIP-level market for Visalia; mapped with Census 2020 ZCTA 93277 in Tulare County.,,,,
93292 Visalia,zcta,93292,Visalia,36.366243,-119.2116355,268080,,2019-12-31,10,0,Zillow ZIP-level market for Visalia; mapped with Census 2020 ZCTA 93292 in Tulare County.,,,,
93618 Dinuba,zcta,93618,Dinuba,36.5221175,-119.3866282,241039,,2019-12-31,10,0,Zillow ZIP-level market for Dinuba; mapped with Census 2020 ZCTA 93618 in Tulare County.,,,,
93247 Lindsay,zcta,93247,Lindsay,36.2017347,-119.0834779,198083,,2019-12-31,10,0,Zillow ZIP-level market for Lindsay; mapped with Census 2020 ZCTA 93247 in Tulare County.,,,,
93221 Exeter,zcta,93221,Exeter,36.2963943,-119.0299352,264077,,2019-12-31,10,0,Zillow ZIP-level market for Exeter; mapped with Census 2020 ZCTA 93221 in Tulare County.,,,,
93647 Orosi,zcta,93647,Orosi,36.6007599,-119.1754848,198921,,2019-12-31,10,0,Zillow ZIP-level market for Orosi; mapped with Census 2020 ZCTA 93647 in Tulare County.,,,,
93286 Woodlake,zcta,93286,Woodlake,36.4627099,-119.0932419,210880,,2019-12-31,10,0,Zillow ZIP-level market for Woodlake; mapped with Census 2020 ZCTA 93286 in Tulare County.,,,,
93219 Tulare,zcta,93219,Tulare,35.8882375,-119.2949573,163725,,2019-12-31,10,0,Zillow ZIP-level market for Tulare; mapped with Census 2020 ZCTA 93219 in Tulare County.,,,,
93223 Farmersville,zcta,93223,Farmersville,36.3011122,-119.207875,186052,,2019-12-31,10,0,Zillow ZIP-level market for Farmersville; mapped with Census 2020 ZCTA 93223 in Tulare County.,,,,
93615 Cutler,zcta,93615,Cutler,36.5037388,-119.2838461,199581,,2019-12-31,10,0,Zillow ZIP-level market for Cutler; mapped with Census 2020 ZCTA 93615 in Tulare County.,,,,
93267 Strathmore,zcta,93267,Strathmore,36.1436233,-119.073877,204541,,2019-12-31,10,0,Zillow ZIP-level market for Strathmore; mapped with Census 2020 ZCTA 93267 in Tulare County.,,,,
93256 Pixley,zcta,93256,Pixley,35.9717308,-119.3135106,172946,,2019-12-31,10,0,Zillow ZIP-level market for Pixley; mapped with Census 2020 ZCTA 93256 in Tulare County.,,,,
93272 Tipton,zcta,93272,Tipton,36.0473536,-119.3444282,181357,,2019-12-31,10,0,Zillow ZIP-level market for Tipton; mapped with Census 2020 ZCTA 93272 in Tulare County.,,,,
93270 Terra Bella,zcta,93270,Terra Bella,35.9424478,-119.0583495,258177,,2019-12-31,10,0,Zillow ZIP-level market for Terra Bella; mapped with Census 2020 ZCTA 93270 in Tulare County.,,,,
93235 Ivanhoe,zcta,93235,Ivanhoe,36.385067,-119.2231243,152774,,2019-12-31,10,0,Zillow ZIP-level market for Ivanhoe; mapped with Census 2020 ZCTA 93235 in Tulare County.,,,,
93265 Springville,zcta,93265,Springville,36.217713,-118.6936058,289761,,2019-12-31,10,0,Zillow ZIP-level market for Springville; mapped with Census 2020 ZCTA 93265 in Tulare County.,,,,
93271 Three Rivers,zcta,93271,Three Rivers,36.440041,-118.8802803,379747,,2019-12-31,10,0,Zillow ZIP-level market for Three Rivers; mapped with Census 2020 ZCTA 93271 in Tulare County.,,,,
93201 Alpaugh,zcta,93201,Alpaugh,35.8568588,-119.5075255,140512,,2019-12-31,10,0,Zillow ZIP-level market for Alpaugh; mapped with Census 2020 ZCTA 93201 in Tulare County.,,,,
93261 Richgrove,zcta,93261,Richgrove,35.8114805,-119.1167378,161564,,2019-12-31,10,0,Zillow ZIP-level market for Richgrove; mapped with Census 2020 ZCTA 93261 in Tulare County.,,,,
93218 Earlimart,zcta,93218,Earlimart,35.8571408,-119.0449304,182689,,2019-12-31,10,0,Zillow ZIP-level market for Earlimart; mapped with Census 2020 ZCTA 93218 in Tulare County.,,,,
93244 Lemon Cove,zcta,93244,Lemon Cove,36.38634,-118.9897151,314768,,2019-12-31,10,0,Zillow ZIP-level market for Lemon Cove; mapped with Census 2020 ZCTA 93244 in Tulare County.,,,,
93227 Visalia,zcta,93227,Visalia,36.3444448,-119.418562,210523,,2019-12-31,10,0,Zillow ZIP-level market for Visalia; mapped with Census 2020 ZCTA 93227 in Tulare County.,,,,
93257 Porterville,zcta,93257,Porterville,35.9808583,-118.8893149,225768,,2020-01-31,10,0,Zillow ZIP-level market for Porterville; mapped with Census 2020 ZCTA 93257 in Tulare County.,,,,
93274 Tulare,zcta,93274,Tulare,36.1779345,-119.3799754,238828,,2020-01-31,10,0,Zillow ZIP-level market for Tulare; mapped with Census 2020 ZCTA 93274 in Tulare County.,,,,
93291 Visalia,zcta,93291,Visalia,36.391777,-119.3728419,290866,,2020-01-31,10,0,Zillow ZIP-level market for Visalia; mapped with Census 2020 ZCTA 93291 in Tulare County.,,,,
93277 Visalia,zcta,93277,Visalia,36.301334,-119.3725855,255567,,2020-01-31,10,0,Zillow ZIP-level market for Visalia; mapped with Census 2020 ZCTA 93277 in Tulare County.,,,,
93292 Visalia,zcta,93292,Visalia,36.366243,-119.2116355,269364,,2020-01-31,10,0,Zillow ZIP-level market for Visalia; mapped with Census 2020 ZCTA 93292 in Tulare County.,,,,
93618 Dinuba,zcta,93618,Dinuba,36.5221175,-119.3866282,242377,,2020-01-31,10,0,Zillow ZIP-level market for Dinuba; mapped with Census 2020 ZCTA 93618 in Tulare County.,,,,
93247 Lindsay,zcta,93247,Lindsay,36.2017347,-119.0834779,199236,,2020-01-31,10,0,Zillow ZIP-level market for Lindsay; mapped with Census 2020 ZCTA 93247 in Tulare County.,,,,
93221 Exeter,zcta,93221,Exeter,36.2963943,-119.0299352,265086,,2020-01-31,10,0,Zillow ZIP-level market for Exeter; mapped with Census 2020 ZCTA 93221 in Tulare County.,,,,
93647 Orosi,zcta,93647,Orosi,36.6007599,-119.1754848,200717,,2020-01-31,10,0,Zillow ZIP-level market for Orosi; mapped with Census 2020 ZCTA 93647 in Tulare County.,,,,
93286 Woodlake,zcta,93286,Woodlake,36.4627099,-119.0932419,212360,,2020-01-31,10,0,Zillow ZIP-level market for Woodlake; mapped with Census 2020 ZCTA 93286 in Tulare County.,,,,
93219 Tulare,zcta,93219,Tulare,35.8882375,-119.2949573,165199,,2020-01-31,10,0,Zillow ZIP-level market for Tulare; mapped with Census 2020 ZCTA 93219 in Tulare County.,,,,
93223 Farmersville,zcta,93223,Farmersville,36.3011122,-119.207875,186950,,2020-01-31,10,0,Zillow ZIP-level market for Farmersville; mapped with Census 2020 ZCTA 93223 in Tulare County.,,,,
93615 Cutler,zcta,93615,Cutler,36.5037388,-119.2838461,201955,,2020-01-31,10,0,Zillow ZIP-level market for Cutler; mapped with Census 2020 ZCTA 93615 in Tulare County.,,,,
93267 Strathmore,zcta,93267,Strathmore,36.1436233,-119.073877,206829,,2020-01-31,10,0,Zillow ZIP-level market for Strathmore; mapped with Census 2020 ZCTA 93267 in Tulare County.,,,,
93256 Pixley,zcta,93256,Pixley,35.9717308,-119.3135106,173742,,2020-01-31,10,0,Zillow ZIP-level market for Pixley; mapped with Census 2020 ZCTA 93256 in Tulare County.,,,,
93272 Tipton,zcta,93272,Tipton,36.0473536,-119.3444282,182818,,2020-01-31,10,0,Zillow ZIP-level market for Tipton; mapped with Census 2020 ZCTA 93272 in Tulare County.,,,,
93270 Terra Bella,zcta,93270,Terra Bella,35.9424478,-119.0583495,258292,,2020-01-31,10,0,Zillow ZIP-level market for Terra Bella; mapped with Census 2020 ZCTA 93270 in Tulare County.,,,,
93235 Ivanhoe,zcta,93235,Ivanhoe,36.385067,-119.2231243,154159,,2020-01-31,10,0,Zillow ZIP-level market for Ivanhoe; mapped with Census 2020 ZCTA 93235 in Tulare County.,,,,
93265 Springville,zcta,93265,Springville,36.217713,-118.6936058,289978,,2020-01-31,10,0,Zillow ZIP-level market for Springville; mapped with Census 2020 ZCTA 93265 in Tulare County.,,,,
93271 Three Rivers,zcta,93271,Three Rivers,36.440041,-118.8802803,380568,,2020-01-31,10,0,Zillow ZIP-level market for Three Rivers; mapped with Census 2020 ZCTA 93271 in Tulare County.,,,,
93201 Alpaugh,zcta,93201,Alpaugh,35.8568588,-119.5075255,140701,,2020-01-31,10,0,Zillow ZIP-level market for Alpaugh; mapped with Census 2020 ZCTA 93201 in Tulare County.,,,,
93261 Richgrove,zcta,93261,Richgrove,35.8114805,-119.1167378,162485,,2020-01-31,10,0,Zillow ZIP-level market for Richgrove; mapped with Census 2020 ZCTA 93261 in Tulare County.,,,,
93218 Earlimart,zcta,93218,Earlimart,35.8571408,-119.0449304,182644,,2020-01-31,10,0,Zillow ZIP-level market for Earlimart; mapped with Census 2020 ZCTA 93218 in Tulare County.,,,,
93244 Lemon Cove,zcta,93244,Lemon Cove,36.38634,-118.9897151,316520,,2020-01-31,10,0,Zillow ZIP-level market for Lemon Cove; mapped with Census 2020 ZCTA 93244 in Tulare County.,,,,
93227 Visalia,zcta,93227,Visalia,36.3444448,-119.418562,211074,,2020-01-31,10,0,Zillow ZIP-level market for Visalia; mapped with Census 2020 ZCTA 93227 in Tulare County.,,,,
93257 Porterville,zcta,93257,Porterville,35.9808583,-118.8893149,226610,,2020-02-29,10,0,Zillow ZIP-level market for Porterville; mapped with Census 2020 ZCTA 93257 in Tulare County.,,,,
93274 Tulare,zcta,93274,Tulare,36.1779345,-119.3799754,239580,,2020-02-29,10,0,Zillow ZIP-level market for Tulare; mapped with Census 2020 ZCTA 93274 in Tulare County.,,,,
93291 Visalia,zcta,93291,Visalia,36.391777,-119.3728419,292204,,2020-02-29,10,0,Zillow ZIP-level market for Visalia; mapped with Census 2020 ZCTA 93291 in Tulare County.,,,,
93277 Visalia,zcta,93277,Visalia,36.301334,-119.3725855,256110,,2020-02-29,10,0,Zillow ZIP-level market for Visalia; mapped with Census 2020 ZCTA 93277 in Tulare County.,,,,
93292 Visalia,zcta,93292,Visalia,36.366243,-119.2116355,270056,,2020-02-29,10,0,Zillow ZIP-level market for Visalia; mapped with Census 2020 ZCTA 93292 in Tulare County.,,,,
93618 Dinuba,zcta,93618,Dinuba,36.5221175,-119.3866282,242586,,2020-02-29,10,0,Zillow ZIP-level market for Dinuba; mapped with Census 2020 ZCTA 93618 in Tulare County.,,,,
93247 Lindsay,zcta,93247,Lindsay,36.2017347,-119.0834779,199779,,2020-02-29,10,0,Zillow ZIP-level market for Lindsay; mapped with Census 2020 ZCTA 93247 in Tulare County.,,,,
93221 Exeter,zcta,93221,Exeter,36.2963943,-119.0299352,265045,,2020-02-29,10,0,Zillow ZIP-level market for Exeter; mapped with Census 2020 ZCTA 93221 in Tulare County.,,,,
93647 Orosi,zcta,93647,Orosi,36.6007599,-119.1754848,201949,,2020-02-29,10,0,Zillow ZIP-level market for Orosi; mapped with Census 2020 ZCTA 93647 in Tulare County.,,,,
93286 Woodlake,zcta,93286,Woodlake,36.4627099,-119.0932419,212952,,2020-02-29,10,0,Zillow ZIP-level market for Woodlake; mapped with Census 2020 ZCTA 93286 in Tulare County.,,,,
93219 Tulare,zcta,93219,Tulare,35.8882375,-119.2949573,165522,,2020-02-29,10,0,Zillow ZIP-level market for Tulare; mapped with Census 2020 ZCTA 93219 in Tulare County.,,,,
93223 Farmersville,zcta,93223,Farmersville,36.3011122,-119.207875,187124,,2020-02-29,10,0,Zillow ZIP-level market for Farmersville; mapped with Census 2020 ZCTA 93223 in Tulare County.,,,,
93615 Cutler,zcta,93615,Cutler,36.5037388,-119.2838461,204813,,2020-02-29,10,0,Zillow ZIP-level market for Cutler; mapped with Census 2020 ZCTA 93615 in Tulare County.,,,,
93267 Strathmore,zcta,93267,Strathmore,36.1436233,-119.073877,208061,,2020-02-29,10,0,Zillow ZIP-level market for Strathmore; mapped with Census 2020 ZCTA 93267 in Tulare County.,,,,
93256 Pixley,zcta,93256,Pixley,35.9717308,-119.3135106,173752,,2020-02-29,10,0,Zillow ZIP-level market for Pixley; mapped with Census 2020 ZCTA 93256 in Tulare County.,,,,
93272 Tipton,zcta,93272,Tipton,36.0473536,-119.3444282,183632,,2020-02-29,10,0,Zillow ZIP-level market for Tipton; mapped with Census 2020 ZCTA 93272 in Tulare County.,,,,
93270 Terra Bella,zcta,93270,Terra Bella,35.9424478,-119.0583495,256963,,2020-02-29,10,0,Zillow ZIP-level market for Terra Bella; mapped with Census 2020 ZCTA 93270 in Tulare County.,,,,
93235 Ivanhoe,zcta,93235,Ivanhoe,36.385067,-119.2231243,154424,,2020-02-29,10,0,Zillow ZIP-level market for Ivanhoe; mapped with Census 2020 ZCTA 93235 in Tulare County.,,,,
93265 Springville,zcta,93265,Springville,36.217713,-118.6936058,289609,,2020-02-29,10,0,Zillow ZIP-level market for Springville; mapped with Census 2020 ZCTA 93265 in Tulare County.,,,,
93271 Three Rivers,zcta,93271,Three Rivers,36.440041,-118.8802803,380517,,2020-02-29,10,0,Zillow ZIP-level market for Three Rivers; mapped with Census 2020 ZCTA 93271 in Tulare County.,,,,
93201 Alpaugh,zcta,93201,Alpaugh,35.8568588,-119.5075255,141099,,2020-02-29,10,0,Zillow ZIP-level market for Alpaugh; mapped with Census 2020 ZCTA 93201 in Tulare County.,,,,
93261 Richgrove,zcta,93261,Richgrove,35.8114805,-119.1167378,163224,,2020-02-29,10,0,Zillow ZIP-level market for Richgrove; mapped with Census 2020 ZCTA 93261 in Tulare County.,,,,
93218 Earlimart,zcta,93218,Earlimart,35.8571408,-119.0449304,181331,,2020-02-29,10,0,Zillow ZIP-level market for Earlimart; mapped with Census 2020 ZCTA 93218 in Tulare County.,,,,
93244 Lemon Cove,zcta,93244,Lemon Cove,36.38634,-118.9897151,315808,,2020-02-29,10,0,Zillow ZIP-level market for Lemon Cove; mapped with Census 2020 ZCTA 93244 in Tulare County.,,,,
93227 Visalia,zcta,93227,Visalia,36.3444448,-119.418562,210530,,2020-02-29,10,0,Zillow ZIP-level market for Visalia; mapped with Census 2020 ZCTA 93227 in Tulare County.,,,,
93257 Porterville,zcta,93257,Porterville,35.9808583,-118.8893149,227054,,2020-03-31,10,0,Zillow ZIP-level market for Porterville; mapped with Census 2020 ZCTA 93257 in Tulare County.,,,,
93274 Tulare,zcta,93274,Tulare,36.1779345,-119.3799754,239938,,2020-03-31,10,0,Zillow ZIP-level market for Tulare; mapped with Census 2020 ZCTA 93274 in Tulare County.,,,,
93291 Visalia,zcta,93291,Visalia,36.391777,-119.3728419,293867,,2020-03-31,10,0,Zillow ZIP-level market for Visalia; mapped with Census 2020 ZCTA 93291 in Tulare County.,,,,
93277 Visalia,zcta,93277,Visalia,36.301334,-119.3725855,256540,,2020-03-31,10,0,Zillow ZIP-level market for Visalia; mapped with Census 2020 ZCTA 93277 in Tulare County.,,,,
93292 Visalia,zcta,93292,Visalia,36.366243,-119.2116355,270732,,2020-03-31,10,0,Zillow ZIP-level market for Visalia; mapped with Census 2020 ZCTA 93292 in Tulare County.,,,,
93618 Dinuba,zcta,93618,Dinuba,36.5221175,-119.3866282,242720,,2020-03-31,10,0,Zillow ZIP-level market for Dinuba; mapped with Census 2020 ZCTA 93618 in Tulare County.,,,,
93247 Lindsay,zcta,93247,Lindsay,36.2017347,-119.0834779,199794,,2020-03-31,10,0,Zillow ZIP-level market for Lindsay; mapped with Census 2020 ZCTA 93247 in Tulare County.,,,,
93221 Exeter,zcta,93221,Exeter,36.2963943,-119.0299352,264873,,2020-03-31,10,0,Zillow ZIP-level market for Exeter; mapped with Census 2020 ZCTA 93221 in Tulare County.,,,,
93647 Orosi,zcta,93647,Orosi,36.6007599,-119.1754848,202533,,2020-03-31,10,0,Zillow ZIP-level market for Orosi; mapped with Census 2020 ZCTA 93647 in Tulare County.,,,,
93286 Woodlake,zcta,93286,Woodlake,36.4627099,-119.0932419,213142,,2020-03-31,10,0,Zillow ZIP-level market for Woodlake; mapped with Census 2020 ZCTA 93286 in Tulare County.,,,,
93219 Tulare,zcta,93219,Tulare,35.8882375,-119.2949573,165082,,2020-03-31,10,0,Zillow ZIP-level market for Tulare; mapped with Census 2020 ZCTA 93219 in Tulare County.,,,,
93223 Farmersville,zcta,93223,Farmersville,36.3011122,-119.207875,187025,,2020-03-31,10,0,Zillow ZIP-level market for Farmersville; mapped with Census 2020 ZCTA 93223 in Tulare County.,,,,
93615 Cutler,zcta,93615,Cutler,36.5037388,-119.2838461,207576,,2020-03-31,10,0,Zillow ZIP-level market for Cutler; mapped with Census 2020 ZCTA 93615 in Tulare County.,,,,
93267 Strathmore,zcta,93267,Strathmore,36.1436233,-119.073877,208508,,2020-03-31,10,0,Zillow ZIP-level market for Strathmore; mapped with Census 2020 ZCTA 93267 in Tulare County.,,,,
93256 Pixley,zcta,93256,Pixley,35.9717308,-119.3135106,173021,,2020-03-31,10,0,Zillow ZIP-level market for Pixley; mapped with Census 2020 ZCTA 93256 in Tulare County.,,,,
93272 Tipton,zcta,93272,Tipton,36.0473536,-119.3444282,184238,,2020-03-31,10,0,Zillow ZIP-level market for Tipton; mapped with Census 2020 ZCTA 93272 in Tulare County.,,,,
93270 Terra Bella,zcta,93270,Terra Bella,35.9424478,-119.0583495,254925,,2020-03-31,10,0,Zillow ZIP-level market for Terra Bella; mapped with Census 2020 ZCTA 93270 in Tulare County.,,,,
93235 Ivanhoe,zcta,93235,Ivanhoe,36.385067,-119.2231243,154484,,2020-03-31,10,0,Zillow ZIP-level market for Ivanhoe; mapped with Census 2020 ZCTA 93235 in Tulare County.,,,,
93265 Springville,zcta,93265,Springville,36.217713,-118.6936058,289170,,2020-03-31,10,0,Zillow ZIP-level market for Springville; mapped with Census 2020 ZCTA 93265 in Tulare County.,,,,
93271 Three Rivers,zcta,93271,Three Rivers,36.440041,-118.8802803,379683,,2020-03-31,10,0,Zillow ZIP-level market for Three Rivers; mapped with Census 2020 ZCTA 93271 in Tulare County.,,,,
93201 Alpaugh,zcta,93201,Alpaugh,35.8568588,-119.5075255,140482,,2020-03-31,10,0,Zillow ZIP-level market for Alpaugh; mapped with Census 2020 ZCTA 93201 in Tulare County.,,,,
93261 Richgrove,zcta,93261,Richgrove,35.8114805,-119.1167378,164035,,2020-03-31,10,0,Zillow ZIP-level market for Richgrove; mapped with Census 2020 ZCTA 93261 in Tulare County.,,,,
93218 Earlimart,zcta,93218,Earlimart,35.8571408,-119.0449304,179033,,2020-03-31,10,0,Zillow ZIP-level market for Earlimart; mapped with Census 2020 ZCTA 93218 in Tulare County.,,,,
93244 Lemon Cove,zcta,93244,Lemon Cove,36.38634,-118.9897151,314446,,2020-03-31,10,0,Zillow ZIP-level market for Lemon Cove; mapped with Census 2020 ZCTA 93244 in Tulare County.,,,,
93227 Visalia,zcta,93227,Visalia,36.3444448,-119.418562,209891,,2020-03-31,10,0,Zillow ZIP-level market for Visalia; mapped with Census 2020 ZCTA 93227 in Tulare County.,,,,
93257 Porterville,zcta,93257,Porterville,35.9808583,-118.8893149,227502,,2020-04-30,10,0,Zillow ZIP-level market for Porterville; mapped with Census 2020 ZCTA 93257 in Tulare County.,,,,
93274 Tulare,zcta,93274,Tulare,36.1779345,-119.3799754,240296,,2020-04-30,10,0,Zillow ZIP-level market for Tulare; mapped with Census 2020 ZCTA 93274 in Tulare County.,,,,
93291 Visalia,zcta,93291,Visalia,36.391777,-119.3728419,295620,,2020-04-30,10,0,Zillow ZIP-level market for Visalia; mapped with Census 2020 ZCTA 93291 in Tulare County.,,,,
93277 Visalia,zcta,93277,Visalia,36.301334,-119.3725855,257111,,2020-04-30,10,0,Zillow ZIP-level market for Visalia; mapped with Census 2020 ZCTA 93277 in Tulare County.,,,,
93292 Visalia,zcta,93292,Visalia,36.366243,-119.2116355,271580,,2020-04-30,10,0,Zillow ZIP-level market for Visalia; mapped with Census 2020 ZCTA 93292 in Tulare County.,,,,
93618 Dinuba,zcta,93618,Dinuba,36.5221175,-119.3866282,242541,,2020-04-30,10,0,Zillow ZIP-level market for Dinuba; mapped with Census 2020 ZCTA 93618 in Tulare County.,,,,
93247 Lindsay,zcta,93247,Lindsay,36.2017347,-119.0834779,199943,,2020-04-30,10,0,Zillow ZIP-level market for Lindsay; mapped with Census 2020 ZCTA 93247 in Tulare County.,,,,
93221 Exeter,zcta,93221,Exeter,36.2963943,-119.0299352,264843,,2020-04-30,10,0,Zillow ZIP-level market for Exeter; mapped with Census 2020 ZCTA 93221 in Tulare County.,,,,
93647 Orosi,zcta,93647,Orosi,36.6007599,-119.1754848,203111,,2020-04-30,10,0,Zillow ZIP-level market for Orosi; mapped with Census 2020 ZCTA 93647 in Tulare County.,,,,
93286 Woodlake,zcta,93286,Woodlake,36.4627099,-119.0932419,213160,,2020-04-30,10,0,Zillow ZIP-level market for Woodlake; mapped with Census 2020 ZCTA 93286 in Tulare County.,,,,
93219 Tulare,zcta,93219,Tulare,35.8882375,-119.2949573,164447,,2020-04-30,10,0,Zillow ZIP-level market for Tulare; mapped with Census 2020 ZCTA 93219 in Tulare County.,,,,
93223 Farmersville,zcta,93223,Farmersville,36.3011122,-119.207875,186974,,2020-04-30,10,0,Zillow ZIP-level market for Farmersville; mapped with Census 2020 ZCTA 93223 in Tulare County.,,,,
93615 Cutler,zcta,93615,Cutler,36.5037388,-119.2838461,209561,,2020-04-30,10,0,Zillow ZIP-level market for Cutler; mapped with Census 2020 ZCTA 93615 in Tulare County.,,,,
93267 Strathmore,zcta,93267,Strathmore,36.1436233,-119.073877,208625,,2020-04-30,10,0,Zillow ZIP-level market for Strathmore; mapped with Census 2020 ZCTA 93267 in Tulare County.,,,,
93256 Pixley,zcta,93256,Pixley,35.9717308,-119.3135106,172911,,2020-04-30,10,0,Zillow ZIP-level market for Pixley; mapped with Census 2020 ZCTA 93256 in Tulare County.,,,,
93272 Tipton,zcta,93272,Tipton,36.0473536,-119.3444282,184637,,2020-04-30,10,0,Zillow ZIP-level market for Tipton; mapped with Census 2020 ZCTA 93272 in Tulare County.,,,,
93270 Terra Bella,zcta,93270,Terra Bella,35.9424478,-119.0583495,253347,,2020-04-30,10,0,Zillow ZIP-level market for Terra Bella; mapped with Census 2020 ZCTA 93270 in Tulare County.,,,,
93235 Ivanhoe,zcta,93235,Ivanhoe,36.385067,-119.2231243,154120,,2020-04-30,10,0,Zillow ZIP-level market for Ivanhoe; mapped with Census 2020 ZCTA 93235 in Tulare County.,,,,
93265 Springville,zcta,93265,Springville,36.217713,-118.6936058,289016,,2020-04-30,10,0,Zillow ZIP-level market for Springville; mapped with Census 2020 ZCTA 93265 in Tulare County.,,,,
93271 Three Rivers,zcta,93271,Three Rivers,36.440041,-118.8802803,378107,,2020-04-30,10,0,Zillow ZIP-level market for Three Rivers; mapped with Census 2020 ZCTA 93271 in Tulare County.,,,,
93201 Alpaugh,zcta,93201,Alpaugh,35.8568588,-119.5075255,140658,,2020-04-30,10,0,Zillow ZIP-level market for Alpaugh; mapped with Census 2020 ZCTA 93201 in Tulare County.,,,,
93261 Richgrove,zcta,93261,Richgrove,35.8114805,-119.1167378,165217,,2020-04-30,10,0,Zillow ZIP-level market for Richgrove; mapped with Census 2020 ZCTA 93261 in Tulare County.,,,,
93218 Earlimart,zcta,93218,Earlimart,35.8571408,-119.0449304,177094,,2020-04-30,10,0,Zillow ZIP-level market for Earlimart; mapped with Census 2020 ZCTA 93218 in Tulare County.,,,,
93244 Lemon Cove,zcta,93244,Lemon Cove,36.38634,-118.9897151,313441,,2020-04-30,10,0,Zillow ZIP-level market for Lemon Cove; mapped with Census 2020 ZCTA 93244 in Tulare County.,,,,
93227 Visalia,zcta,93227,Visalia,36.3444448,-119.418562,211087,,2020-04-30,10,0,Zillow ZIP-level market for Visalia; mapped with Census 2020 ZCTA 93227 in Tulare County.,,,,
93257 Porterville,zcta,93257,Porterville,35.9808583,-118.8893149,228036,,2020-05-31,10,0,Zillow ZIP-level market for Porterville; mapped with Census 2020 ZCTA 93257 in Tulare County.,,,,
93274 Tulare,zcta,93274,Tulare,36.1779345,-119.3799754,240376,,2020-05-31,10,0,Zillow ZIP-level market for Tulare; mapped with Census 2020 ZCTA 93274 in Tulare County.,,,,
93291 Visalia,zcta,93291,Visalia,36.391777,-119.3728419,296971,,2020-05-31,10,0,Zillow ZIP-level market for Visalia; mapped with Census 2020 ZCTA 93291 in Tulare County.,,,,
93277 Visalia,zcta,93277,Visalia,36.301334,-119.3725855,257628,,2020-05-31,10,0,Zillow ZIP-level market for Visalia; mapped with Census 2020 ZCTA 93277 in Tulare County.,,,,
93292 Visalia,zcta,93292,Visalia,36.366243,-119.2116355,272232,,2020-05-31,10,0,Zillow ZIP-level market for Visalia; mapped with Census 2020 ZCTA 93292 in Tulare County.,,,,
93618 Dinuba,zcta,93618,Dinuba,36.5221175,-119.3866282,242421,,2020-05-31,10,0,Zillow ZIP-level market for Dinuba; mapped with Census 2020 ZCTA 93618 in Tulare County.,,,,
93247 Lindsay,zcta,93247,Lindsay,36.2017347,-119.0834779,200383,,2020-05-31,10,0,Zillow ZIP-level market for Lindsay; mapped with Census 2020 ZCTA 93247 in Tulare County.,,,,
93221 Exeter,zcta,93221,Exeter,36.2963943,-119.0299352,265068,,2020-05-31,10,0,Zillow ZIP-level market for Exeter; mapped with Census 2020 ZCTA 93221 in Tulare County.,,,,
93647 Orosi,zcta,93647,Orosi,36.6007599,-119.1754848,203837,,2020-05-31,10,0,Zillow ZIP-level market for Orosi; mapped with Census 2020 ZCTA 93647 in Tulare County.,,,,
93286 Woodlake,zcta,93286,Woodlake,36.4627099,-119.0932419,213316,,2020-05-31,10,0,Zillow ZIP-level market for Woodlake; mapped with Census 2020 ZCTA 93286 in Tulare County.,,,,
93219 Tulare,zcta,93219,Tulare,35.8882375,-119.2949573,164264,,2020-05-31,10,0,Zillow ZIP-level market for Tulare; mapped with Census 2020 ZCTA 93219 in Tulare County.,,,,
93223 Farmersville,zcta,93223,Farmersville,36.3011122,-119.207875,187176,,2020-05-31,10,0,Zillow ZIP-level market for Farmersville; mapped with Census 2020 ZCTA 93223 in Tulare County.,,,,
93615 Cutler,zcta,93615,Cutler,36.5037388,-119.2838461,211057,,2020-05-31,10,0,Zillow ZIP-level market for Cutler; mapped with Census 2020 ZCTA 93615 in Tulare County.,,,,
93267 Strathmore,zcta,93267,Strathmore,36.1436233,-119.073877,208796,,2020-05-31,10,0,Zillow ZIP-level market for Strathmore; mapped with Census 2020 ZCTA 93267 in Tulare County.,,,,
93256 Pixley,zcta,93256,Pixley,35.9717308,-119.3135106,173460,,2020-05-31,10,0,Zillow ZIP-level market for Pixley; mapped with Census 2020 ZCTA 93256 in Tulare County.,,,,
93272 Tipton,zcta,93272,Tipton,36.0473536,-119.3444282,185519,,2020-05-31,10,0,Zillow ZIP-level market for Tipton; mapped with Census 2020 ZCTA 93272 in Tulare County.,,,,
93270 Terra Bella,zcta,93270,Terra Bella,35.9424478,-119.0583495,252001,,2020-05-31,10,0,Zillow ZIP-level market for Terra Bella; mapped with Census 2020 ZCTA 93270 in Tulare County.,,,,
93235 Ivanhoe,zcta,93235,Ivanhoe,36.385067,-119.2231243,153579,,2020-05-31,10,0,Zillow ZIP-level market for Ivanhoe; mapped with Census 2020 ZCTA 93235 in Tulare County.,,,,
93265 Springville,zcta,93265,Springville,36.217713,-118.6936058,288482,,2020-05-31,10,0,Zillow ZIP-level market for Springville; mapped with Census 2020 ZCTA 93265 in Tulare County.,,,,
93271 Three Rivers,zcta,93271,Three Rivers,36.440041,-118.8802803,376041,,2020-05-31,10,0,Zillow ZIP-level market for Three Rivers; mapped with Census 2020 ZCTA 93271 in Tulare County.,,,,
93201 Alpaugh,zcta,93201,Alpaugh,35.8568588,-119.5075255,140331,,2020-05-31,10,0,Zillow ZIP-level market for Alpaugh; mapped with Census 2020 ZCTA 93201 in Tulare County.,,,,
93261 Richgrove,zcta,93261,Richgrove,35.8114805,-119.1167378,166554,,2020-05-31,10,0,Zillow ZIP-level market for Richgrove; mapped with Census 2020 ZCTA 93261 in Tulare County.,,,,
93218 Earlimart,zcta,93218,Earlimart,35.8571408,-119.0449304,175760,,2020-05-31,10,0,Zillow ZIP-level market for Earlimart; mapped with Census 2020 ZCTA 93218 in Tulare County.,,,,
93244 Lemon Cove,zcta,93244,Lemon Cove,36.38634,-118.9897151,313364,,2020-05-31,10,0,Zillow ZIP-level market for Lemon Cove; mapped with Census 2020 ZCTA 93244 in Tulare County.,,,,
93227 Visalia,zcta,93227,Visalia,36.3444448,-119.418562,213038,,2020-05-31,10,0,Zillow ZIP-level market for Visalia; mapped with Census 2020 ZCTA 93227 in Tulare County.,,,,
93257 Porterville,zcta,93257,Porterville,35.9808583,-118.8893149,228664,,2020-06-30,10,0,Zillow ZIP-level market for Porterville; mapped with Census 2020 ZCTA 93257 in Tulare County.,,,,
93274 Tulare,zcta,93274,Tulare,36.1779345,-119.3799754,240804,,2020-06-30,10,0,Zillow ZIP-level market for Tulare; mapped with Census 2020 ZCTA 93274 in Tulare County.,,,,
93291 Visalia,zcta,93291,Visalia,36.391777,-119.3728419,298140,,2020-06-30,10,0,Zillow ZIP-level market for Visalia; mapped with Census 2020 ZCTA 93291 in Tulare County.,,,,
93277 Visalia,zcta,93277,Visalia,36.301334,-119.3725855,257988,,2020-06-30,10,0,Zillow ZIP-level market for Visalia; mapped with Census 2020 ZCTA 93277 in Tulare County.,,,,
93292 Visalia,zcta,93292,Visalia,36.366243,-119.2116355,272709,,2020-06-30,10,0,Zillow ZIP-level market for Visalia; mapped with Census 2020 ZCTA 93292 in Tulare County.,,,,
93618 Dinuba,zcta,93618,Dinuba,36.5221175,-119.3866282,242208,,2020-06-30,10,0,Zillow ZIP-level market for Dinuba; mapped with Census 2020 ZCTA 93618 in Tulare County.,,,,
93247 Lindsay,zcta,93247,Lindsay,36.2017347,-119.0834779,200907,,2020-06-30,10,0,Zillow ZIP-level market for Lindsay; mapped with Census 2020 ZCTA 93247 in Tulare County.,,,,
93221 Exeter,zcta,93221,Exeter,36.2963943,-119.0299352,265472,,2020-06-30,10,0,Zillow ZIP-level market for Exeter; mapped with Census 2020 ZCTA 93221 in Tulare County.,,,,
93647 Orosi,zcta,93647,Orosi,36.6007599,-119.1754848,205015,,2020-06-30,10,0,Zillow ZIP-level market for Orosi; mapped with Census 2020 ZCTA 93647 in Tulare County.,,,,
93286 Woodlake,zcta,93286,Woodlake,36.4627099,-119.0932419,213759,,2020-06-30,10,0,Zillow ZIP-level market for Woodlake; mapped with Census 2020 ZCTA 93286 in Tulare County.,,,,
93219 Tulare,zcta,93219,Tulare,35.8882375,-119.2949573,164066,,2020-06-30,10,0,Zillow ZIP-level market for Tulare; mapped with Census 2020 ZCTA 93219 in Tulare County.,,,,
93223 Farmersville,zcta,93223,Farmersville,36.3011122,-119.207875,187369,,2020-06-30,10,0,Zillow ZIP-level market for Farmersville; mapped with Census 2020 ZCTA 93223 in Tulare County.,,,,
93615 Cutler,zcta,93615,Cutler,36.5037388,-119.2838461,212053,,2020-06-30,10,0,Zillow ZIP-level market for Cutler; mapped with Census 2020 ZCTA 93615 in Tulare County.,,,,
93267 Strathmore,zcta,93267,Strathmore,36.1436233,-119.073877,209159,,2020-06-30,10,0,Zillow ZIP-level market for Strathmore; mapped with Census 2020 ZCTA 93267 in Tulare County.,,,,
93256 Pixley,zcta,93256,Pixley,35.9717308,-119.3135106,174189,,2020-06-30,10,0,Zillow ZIP-level market for Pixley; mapped with Census 2020 ZCTA 93256 in Tulare County.,,,,
93272 Tipton,zcta,93272,Tipton,36.0473536,-119.3444282,185967,,2020-06-30,10,0,Zillow ZIP-level market for Tipton; mapped with Census 2020 ZCTA 93272 in Tulare County.,,,,
93270 Terra Bella,zcta,93270,Terra Bella,35.9424478,-119.0583495,252186,,2020-06-30,10,0,Zillow ZIP-level market for Terra Bella; mapped with Census 2020 ZCTA 93270 in Tulare County.,,,,
93235 Ivanhoe,zcta,93235,Ivanhoe,36.385067,-119.2231243,152666,,2020-06-30,10,0,Zillow ZIP-level market for Ivanhoe; mapped with Census 2020 ZCTA 93235 in Tulare County.,,,,
93265 Springville,zcta,93265,Springville,36.217713,-118.6936058,287979,,2020-06-30,10,0,Zillow ZIP-level market for Springville; mapped with Census 2020 ZCTA 93265 in Tulare County.,,,,
93271 Three Rivers,zcta,93271,Three Rivers,36.440041,-118.8802803,375134,,2020-06-30,10,0,Zillow ZIP-level market for Three Rivers; mapped with Census 2020 ZCTA 93271 in Tulare County.,,,,
93201 Alpaugh,zcta,93201,Alpaugh,35.8568588,-119.5075255,139737,,2020-06-30,10,0,Zillow ZIP-level market for Alpaugh; mapped with Census 2020 ZCTA 93201 in Tulare County.,,,,
93261 Richgrove,zcta,93261,Richgrove,35.8114805,-119.1167378,167606,,2020-06-30,10,0,Zillow ZIP-level market for Richgrove; mapped with Census 2020 ZCTA 93261 in Tulare County.,,,,
93218 Earlimart,zcta,93218,Earlimart,35.8571408,-119.0449304,175838,,2020-06-30,10,0,Zillow ZIP-level market for Earlimart; mapped with Census 2020 ZCTA 93218 in Tulare County.,,,,
93244 Lemon Cove,zcta,93244,Lemon Cove,36.38634,-118.9897151,312833,,2020-06-30,10,0,Zillow ZIP-level market for Lemon Cove; mapped with Census 2020 ZCTA 93244 in Tulare County.,,,,
93227 Visalia,zcta,93227,Visalia,36.3444448,-119.418562,214567,,2020-06-30,10,0,Zillow ZIP-level market for Visalia; mapped with Census 2020 ZCTA 93227 in Tulare County.,,,,
93257 Porterville,zcta,93257,Porterville,35.9808583,-118.8893149,229546,,2020-07-31,10,0,Zillow ZIP-level market for Porterville; mapped with Census 2020 ZCTA 93257 in Tulare County.,,,,
93274 Tulare,zcta,93274,Tulare,36.1779345,-119.3799754,241910,,2020-07-31,10,0,Zillow ZIP-level market for Tulare; mapped with Census 2020 ZCTA 93274 in Tulare County.,,,,
93291 Visalia,zcta,93291,Visalia,36.391777,-119.3728419,299339,,2020-07-31,10,0,Zillow ZIP-level market for Visalia; mapped with Census 2020 ZCTA 93291 in Tulare County.,,,,
93277 Visalia,zcta,93277,Visalia,36.301334,-119.3725855,258761,,2020-07-31,10,0,Zillow ZIP-level market for Visalia; mapped with Census 2020 ZCTA 93277 in Tulare County.,,,,
93292 Visalia,zcta,93292,Visalia,36.366243,-119.2116355,273546,,2020-07-31,10,0,Zillow ZIP-level market for Visalia; mapped with Census 2020 ZCTA 93292 in Tulare County.,,,,
93618 Dinuba,zcta,93618,Dinuba,36.5221175,-119.3866282,242726,,2020-07-31,10,0,Zillow ZIP-level market for Dinuba; mapped with Census 2020 ZCTA 93618 in Tulare County.,,,,
93247 Lindsay,zcta,93247,Lindsay,36.2017347,-119.0834779,201697,,2020-07-31,10,0,Zillow ZIP-level market for Lindsay; mapped with Census 2020 ZCTA 93247 in Tulare County.,,,,
93221 Exeter,zcta,93221,Exeter,36.2963943,-119.0299352,266535,,2020-07-31,10,0,Zillow ZIP-level market for Exeter; mapped with Census 2020 ZCTA 93221 in Tulare County.,,,,
93647 Orosi,zcta,93647,Orosi,36.6007599,-119.1754848,205782,,2020-07-31,10,0,Zillow ZIP-level market for Orosi; mapped with Census 2020 ZCTA 93647 in Tulare County.,,,,
93286 Woodlake,zcta,93286,Woodlake,36.4627099,-119.0932419,214792,,2020-07-31,10,0,Zillow ZIP-level market for Woodlake; mapped with Census 2020 ZCTA 93286 in Tulare County.,,,,
93219 Tulare,zcta,93219,Tulare,35.8882375,-119.2949573,164826,,2020-07-31,10,0,Zillow ZIP-level market for Tulare; mapped with Census 2020 ZCTA 93219 in Tulare County.,,,,
93223 Farmersville,zcta,93223,Farmersville,36.3011122,-119.207875,188009,,2020-07-31,10,0,Zillow ZIP-level market for Farmersville; mapped with Census 2020 ZCTA 93223 in Tulare County.,,,,
93615 Cutler,zcta,93615,Cutler,36.5037388,-119.2838461,211267,,2020-07-31,10,0,Zillow ZIP-level market for Cutler; mapped with Census 2020 ZCTA 93615 in Tulare County.,,,,
93267 Strathmore,zcta,93267,Strathmore,36.1436233,-119.073877,209527,,2020-07-31,10,0,Zillow ZIP-level market for Strathmore; mapped with Census 2020 ZCTA 93267 in Tulare County.,,,,
93256 Pixley,zcta,93256,Pixley,35.9717308,-119.3135106,175050,,2020-07-31,10,0,Zillow ZIP-level market for Pixley; mapped with Census 2020 ZCTA 93256 in Tulare County.,,,,
93272 Tipton,zcta,93272,Tipton,36.0473536,-119.3444282,186262,,2020-07-31,10,0,Zillow ZIP-level market for Tipton; mapped with Census 2020 ZCTA 93272 in Tulare County.,,,,
93270 Terra Bella,zcta,93270,Terra Bella,35.9424478,-119.0583495,254339,,2020-07-31,10,0,Zillow ZIP-level market for Terra Bella; mapped with Census 2020 ZCTA 93270 in Tulare County.,,,,
93235 Ivanhoe,zcta,93235,Ivanhoe,36.385067,-119.2231243,152383,,2020-07-31,10,0,Zillow ZIP-level market for Ivanhoe; mapped with Census 2020 ZCTA 93235 in Tulare County.,,,,
93265 Springville,zcta,93265,Springville,36.217713,-118.6936058,289373,,2020-07-31,10,0,Zillow ZIP-level market for Springville; mapped with Census 2020 ZCTA 93265 in Tulare County.,,,,
93271 Three Rivers,zcta,93271,Three Rivers,36.440041,-118.8802803,376990,,2020-07-31,10,0,Zillow ZIP-level market for Three Rivers; mapped with Census 2020 ZCTA 93271 in Tulare County.,,,,
93201 Alpaugh,zcta,93201,Alpaugh,35.8568588,-119.5075255,140158,,2020-07-31,10,0,Zillow ZIP-level market for Alpaugh; mapped with Census 2020 ZCTA 93201 in Tulare County.,,,,
93261 Richgrove,zcta,93261,Richgrove,35.8114805,-119.1167378,168277,,2020-07-31,10,0,Zillow ZIP-level market for Richgrove; mapped with Census 2020 ZCTA 93261 in Tulare County.,,,,
93218 Earlimart,zcta,93218,Earlimart,35.8571408,-119.0449304,176571,,2020-07-31,10,0,Zillow ZIP-level market for Earlimart; mapped with Census 2020 ZCTA 93218 in Tulare County.,,,,
93244 Lemon Cove,zcta,93244,Lemon Cove,36.38634,-118.9897151,313446,,2020-07-31,10,0,Zillow ZIP-level market for Lemon Cove; mapped with Census 2020 ZCTA 93244 in Tulare County.,,,,
93227 Visalia,zcta,93227,Visalia,36.3444448,-119.418562,214998,,2020-07-31,10,0,Zillow ZIP-level market for Visalia; mapped with Census 2020 ZCTA 93227 in Tulare County.,,,,
93257 Porterville,zcta,93257,Porterville,35.9808583,-118.8893149,231304,,2020-08-31,10,0,Zillow ZIP-level market for Porterville; mapped with Census 2020 ZCTA 93257 in Tulare County.,,,,
93274 Tulare,zcta,93274,Tulare,36.1779345,-119.3799754,244474,,2020-08-31,10,0,Zillow ZIP-level market for Tulare; mapped with Census 2020 ZCTA 93274 in Tulare County.,,,,
93291 Visalia,zcta,93291,Visalia,36.391777,-119.3728419,301602,,2020-08-31,10,0,Zillow ZIP-level market for Visalia; mapped with Census 2020 ZCTA 93291 in Tulare County.,,,,
93277 Visalia,zcta,93277,Visalia,36.301334,-119.3725855,260939,,2020-08-31,10,0,Zillow ZIP-level market for Visalia; mapped with Census 2020 ZCTA 93277 in Tulare County.,,,,
93292 Visalia,zcta,93292,Visalia,36.366243,-119.2116355,275942,,2020-08-31,10,0,Zillow ZIP-level market for Visalia; mapped with Census 2020 ZCTA 93292 in Tulare County.,,,,
93618 Dinuba,zcta,93618,Dinuba,36.5221175,-119.3866282,244583,,2020-08-31,10,0,Zillow ZIP-level market for Dinuba; mapped with Census 2020 ZCTA 93618 in Tulare County.,,,,
93247 Lindsay,zcta,93247,Lindsay,36.2017347,-119.0834779,203498,,2020-08-31,10,0,Zillow ZIP-level market for Lindsay; mapped with Census 2020 ZCTA 93247 in Tulare County.,,,,
93221 Exeter,zcta,93221,Exeter,36.2963943,-119.0299352,269330,,2020-08-31,10,0,Zillow ZIP-level market for Exeter; mapped with Census 2020 ZCTA 93221 in Tulare County.,,,,
93647 Orosi,zcta,93647,Orosi,36.6007599,-119.1754848,207055,,2020-08-31,10,0,Zillow ZIP-level market for Orosi; mapped with Census 2020 ZCTA 93647 in Tulare County.,,,,
93286 Woodlake,zcta,93286,Woodlake,36.4627099,-119.0932419,217360,,2020-08-31,10,0,Zillow ZIP-level market for Woodlake; mapped with Census 2020 ZCTA 93286 in Tulare County.,,,,
93219 Tulare,zcta,93219,Tulare,35.8882375,-119.2949573,166990,,2020-08-31,10,0,Zillow ZIP-level market for Tulare; mapped with Census 2020 ZCTA 93219 in Tulare County.,,,,
93223 Farmersville,zcta,93223,Farmersville,36.3011122,-119.207875,189991,,2020-08-31,10,0,Zillow ZIP-level market for Farmersville; mapped with Census 2020 ZCTA 93223 in Tulare County.,,,,
93615 Cutler,zcta,93615,Cutler,36.5037388,-119.2838461,210647,,2020-08-31,10,0,Zillow ZIP-level market for Cutler; mapped with Census 2020 ZCTA 93615 in Tulare County.,,,,
93267 Strathmore,zcta,93267,Strathmore,36.1436233,-119.073877,211597,,2020-08-31,10,0,Zillow ZIP-level market for Strathmore; mapped with Census 2020 ZCTA 93267 in Tulare County.,,,,
93256 Pixley,zcta,93256,Pixley,35.9717308,-119.3135106,176288,,2020-08-31,10,0,Zillow ZIP-level market for Pixley; mapped with Census 2020 ZCTA 93256 in Tulare County.,,,,
93272 Tipton,zcta,93272,Tipton,36.0473536,-119.3444282,187356,,2020-08-31,10,0,Zillow ZIP-level market for Tipton; mapped with Census 2020 ZCTA 93272 in Tulare County.,,,,
93270 Terra Bella,zcta,93270,Terra Bella,35.9424478,-119.0583495,258834,,2020-08-31,10,0,Zillow ZIP-level market for Terra Bella; mapped with Census 2020 ZCTA 93270 in Tulare County.,,,,
93235 Ivanhoe,zcta,93235,Ivanhoe,36.385067,-119.2231243,154182,,2020-08-31,10,0,Zillow ZIP-level market for Ivanhoe; mapped with Census 2020 ZCTA 93235 in Tulare County.,,,,
93265 Springville,zcta,93265,Springville,36.217713,-118.6936058,293377,,2020-08-31,10,0,Zillow ZIP-level market for Springville; mapped with Census 2020 ZCTA 93265 in Tulare County.,,,,
93271 Three Rivers,zcta,93271,Three Rivers,36.440041,-118.8802803,383032,,2020-08-31,10,0,Zillow ZIP-level market for Three Rivers; mapped with Census 2020 ZCTA 93271 in Tulare County.,,,,
93201 Alpaugh,zcta,93201,Alpaugh,35.8568588,-119.5075255,143044,,2020-08-31,10,0,Zillow ZIP-level market for Alpaugh; mapped with Census 2020 ZCTA 93201 in Tulare County.,,,,
93261 Richgrove,zcta,93261,Richgrove,35.8114805,-119.1167378,169833,,2020-08-31,10,0,Zillow ZIP-level market for Richgrove; mapped with Census 2020 ZCTA 93261 in Tulare County.,,,,
93218 Earlimart,zcta,93218,Earlimart,35.8571408,-119.0449304,178386,,2020-08-31,10,0,Zillow ZIP-level market for Earlimart; mapped with Census 2020 ZCTA 93218 in Tulare County.,,,,
93244 Lemon Cove,zcta,93244,Lemon Cove,36.38634,-118.9897151,316836,,2020-08-31,10,0,Zillow ZIP-level market for Lemon Cove; mapped with Census 2020 ZCTA 93244 in Tulare County.,,,,
93227 Visalia,zcta,93227,Visalia,36.3444448,-119.418562,216091,,2020-08-31,10,0,Zillow ZIP-level market for Visalia; mapped with Census 2020 ZCTA 93227 in Tulare County.,,,,
93257 Porterville,zcta,93257,Porterville,35.9808583,-118.8893149,234156,,2020-09-30,10,0,Zillow ZIP-level market for Porterville; mapped with Census 2020 ZCTA 93257 in Tulare County.,,,,
93274 Tulare,zcta,93274,Tulare,36.1779345,-119.3799754,248013,,2020-09-30,10,0,Zillow ZIP-level market for Tulare; mapped with Census 2020 ZCTA 93274 in Tulare County.,,,,
93291 Visalia,zcta,93291,Visalia,36.391777,-119.3728419,304757,,2020-09-30,10,0,Zillow ZIP-level market for Visalia; mapped with Census 2020 ZCTA 93291 in Tulare County.,,,,
93277 Visalia,zcta,93277,Visalia,36.301334,-119.3725855,264437,,2020-09-30,10,0,Zillow ZIP-level market for Visalia; mapped with Census 2020 ZCTA 93277 in Tulare County.,,,,
93292 Visalia,zcta,93292,Visalia,36.366243,-119.2116355,279739,,2020-09-30,10,0,Zillow ZIP-level market for Visalia; mapped with Census 2020 ZCTA 93292 in Tulare County.,,,,
93618 Dinuba,zcta,93618,Dinuba,36.5221175,-119.3866282,247761,,2020-09-30,10,0,Zillow ZIP-level market for Dinuba; mapped with Census 2020 ZCTA 93618 in Tulare County.,,,,
93247 Lindsay,zcta,93247,Lindsay,36.2017347,-119.0834779,206500,,2020-09-30,10,0,Zillow ZIP-level market for Lindsay; mapped with Census 2020 ZCTA 93247 in Tulare County.,,,,
93221 Exeter,zcta,93221,Exeter,36.2963943,-119.0299352,273360,,2020-09-30,10,0,Zillow ZIP-level market for Exeter; mapped with Census 2020 ZCTA 93221 in Tulare County.,,,,
93647 Orosi,zcta,93647,Orosi,36.6007599,-119.1754848,208980,,2020-09-30,10,0,Zillow ZIP-level market for Orosi; mapped with Census 2020 ZCTA 93647 in Tulare County.,,,,
93286 Woodlake,zcta,93286,Woodlake,36.4627099,-119.0932419,221028,,2020-09-30,10,0,Zillow ZIP-level market for Woodlake; mapped with Census 2020 ZCTA 93286 in Tulare County.,,,,
93219 Tulare,zcta,93219,Tulare,35.8882375,-119.2949573,170686,,2020-09-30,10,0,Zillow ZIP-level market for Tulare; mapped with Census 2020 ZCTA 93219 in Tulare County.,,,,
93223 Farmersville,zcta,93223,Farmersville,36.3011122,-119.207875,193279,,2020-09-30,10,0,Zillow ZIP-level market for Farmersville; mapped with Census 2020 ZCTA 93223 in Tulare County.,,,,
93615 Cutler,zcta,93615,Cutler,36.5037388,-119.2838461,211160,,2020-09-30,10,0,Zillow ZIP-level market for Cutler; mapped with Census 2020 ZCTA 93615 in Tulare County.,,,,
93267 Strathmore,zcta,93267,Strathmore,36.1436233,-119.073877,215115,,2020-09-30,10,0,Zillow ZIP-level market for Strathmore; mapped with Census 2020 ZCTA 93267 in Tulare County.,,,,
93256 Pixley,zcta,93256,Pixley,35.9717308,-119.3135106,178772,,2020-09-30,10,0,Zillow ZIP-level market for Pixley; mapped with Census 2020 ZCTA 93256 in Tulare County.,,,,
93272 Tipton,zcta,93272,Tipton,36.0473536,-119.3444282,189913,,2020-09-30,10,0,Zillow ZIP-level market for Tipton; mapped with Census 2020 ZCTA 93272 in Tulare County.,,,,
93270 Terra Bella,zcta,93270,Terra Bella,35.9424478,-119.0583495,265028,,2020-09-30,10,0,Zillow ZIP-level market for Terra Bella; mapped with Census 2020 ZCTA 93270 in Tulare County.,,,,
93235 Ivanhoe,zcta,93235,Ivanhoe,36.385067,-119.2231243,157343,,2020-09-30,10,0,Zillow ZIP-level market for Ivanhoe; mapped with Census 2020 ZCTA 93235 in Tulare County.,,,,
93265 Springville,zcta,93265,Springville,36.217713,-118.6936058,299822,,2020-09-30,10,0,Zillow ZIP-level market for Springville; mapped with Census 2020 ZCTA 93265 in Tulare County.,,,,
93271 Three Rivers,zcta,93271,Three Rivers,36.440041,-118.8802803,391458,,2020-09-30,10,0,Zillow ZIP-level market for Three Rivers; mapped with Census 2020 ZCTA 93271 in Tulare County.,,,,
93201 Alpaugh,zcta,93201,Alpaugh,35.8568588,-119.5075255,148424,,2020-09-30,10,0,Zillow ZIP-level market for Alpaugh; mapped with Census 2020 ZCTA 93201 in Tulare County.,,,,
93261 Richgrove,zcta,93261,Richgrove,35.8114805,-119.1167378,173046,,2020-09-30,10,0,Zillow ZIP-level market for Richgrove; mapped with Census 2020 ZCTA 93261 in Tulare County.,,,,
93218 Earlimart,zcta,93218,Earlimart,35.8571408,-119.0449304,181213,,2020-09-30,10,0,Zillow ZIP-level market for Earlimart; mapped with Census 2020 ZCTA 93218 in Tulare County.,,,,
93244 Lemon Cove,zcta,93244,Lemon Cove,36.38634,-118.9897151,324810,,2020-09-30,10,0,Zillow ZIP-level market for Lemon Cove; mapped with Census 2020 ZCTA 93244 in Tulare County.,,,,
93227 Visalia,zcta,93227,Visalia,36.3444448,-119.418562,218938,,2020-09-30,10,0,Zillow ZIP-level market for Visalia; mapped with Census 2020 ZCTA 93227 in Tulare County.,,,,
93257 Porterville,zcta,93257,Porterville,35.9808583,-118.8893149,237649,,2020-10-31,10,0,Zillow ZIP-level market for Porterville; mapped with Census 2020 ZCTA 93257 in Tulare County.,,,,
93274 Tulare,zcta,93274,Tulare,36.1779345,-119.3799754,252394,,2020-10-31,10,0,Zillow ZIP-level market for Tulare; mapped with Census 2020 ZCTA 93274 in Tulare County.,,,,
93291 Visalia,zcta,93291,Visalia,36.391777,-119.3728419,308751,,2020-10-31,10,0,Zillow ZIP-level market for Visalia; mapped with Census 2020 ZCTA 93291 in Tulare County.,,,,
93277 Visalia,zcta,93277,Visalia,36.301334,-119.3725855,268757,,2020-10-31,10,0,Zillow ZIP-level market for Visalia; mapped with Census 2020 ZCTA 93277 in Tulare County.,,,,
93292 Visalia,zcta,93292,Visalia,36.366243,-119.2116355,284453,,2020-10-31,10,0,Zillow ZIP-level market for Visalia; mapped with Census 2020 ZCTA 93292 in Tulare County.,,,,
93618 Dinuba,zcta,93618,Dinuba,36.5221175,-119.3866282,251824,,2020-10-31,10,0,Zillow ZIP-level market for Dinuba; mapped with Census 2020 ZCTA 93618 in Tulare County.,,,,
93247 Lindsay,zcta,93247,Lindsay,36.2017347,-119.0834779,210321,,2020-10-31,10,0,Zillow ZIP-level market for Lindsay; mapped with Census 2020 ZCTA 93247 in Tulare County.,,,,
93221 Exeter,zcta,93221,Exeter,36.2963943,-119.0299352,278118,,2020-10-31,10,0,Zillow ZIP-level market for Exeter; mapped with Census 2020 ZCTA 93221 in Tulare County.,,,,
93647 Orosi,zcta,93647,Orosi,36.6007599,-119.1754848,211883,,2020-10-31,10,0,Zillow ZIP-level market for Orosi; mapped with Census 2020 ZCTA 93647 in Tulare County.,,,,
93286 Woodlake,zcta,93286,Woodlake,36.4627099,-119.0932419,225767,,2020-10-31,10,0,Zillow ZIP-level market for Woodlake; mapped with Census 2020 ZCTA 93286 in Tulare County.,,,,
93219 Tulare,zcta,93219,Tulare,35.8882375,-119.2949573,174547,,2020-10-31,10,0,Zillow ZIP-level market for Tulare; mapped with Census 2020 ZCTA 93219 in Tulare County.,,,,
93223 Farmersville,zcta,93223,Farmersville,36.3011122,-119.207875,197366,,2020-10-31,10,0,Zillow ZIP-level market for Farmersville; mapped with Census 2020 ZCTA 93223 in Tulare County.,,,,
93615 Cutler,zcta,93615,Cutler,36.5037388,-119.2838461,213817,,2020-10-31,10,0,Zillow ZIP-level market for Cutler; mapped with Census 2020 ZCTA 93615 in Tulare County.,,,,
93267 Strathmore,zcta,93267,Strathmore,36.1436233,-119.073877,219539,,2020-10-31,10,0,Zillow ZIP-level market for Strathmore; mapped with Census 2020 ZCTA 93267 in Tulare County.,,,,
93256 Pixley,zcta,93256,Pixley,35.9717308,-119.3135106,181706,,2020-10-31,10,0,Zillow ZIP-level market for Pixley; mapped with Census 2020 ZCTA 93256 in Tulare County.,,,,
93272 Tipton,zcta,93272,Tipton,36.0473536,-119.3444282,193827,,2020-10-31,10,0,Zillow ZIP-level market for Tipton; mapped with Census 2020 ZCTA 93272 in Tulare County.,,,,
93270 Terra Bella,zcta,93270,Terra Bella,35.9424478,-119.0583495,271567,,2020-10-31,10,0,Zillow ZIP-level market for Terra Bella; mapped with Census 2020 ZCTA 93270 in Tulare County.,,,,
93235 Ivanhoe,zcta,93235,Ivanhoe,36.385067,-119.2231243,161160,,2020-10-31,10,0,Zillow ZIP-level market for Ivanhoe; mapped with Census 2020 ZCTA 93235 in Tulare County.,,,,
93265 Springville,zcta,93265,Springville,36.217713,-118.6936058,306448,,2020-10-31,10,0,Zillow ZIP-level market for Springville; mapped with Census 2020 ZCTA 93265 in Tulare County.,,,,
93271 Three Rivers,zcta,93271,Three Rivers,36.440041,-118.8802803,400152,,2020-10-31,10,0,Zillow ZIP-level market for Three Rivers; mapped with Census 2020 ZCTA 93271 in Tulare County.,,,,
93201 Alpaugh,zcta,93201,Alpaugh,35.8568588,-119.5075255,154054,,2020-10-31,10,0,Zillow ZIP-level market for Alpaugh; mapped with Census 2020 ZCTA 93201 in Tulare County.,,,,
93261 Richgrove,zcta,93261,Richgrove,35.8114805,-119.1167378,177433,,2020-10-31,10,0,Zillow ZIP-level market for Richgrove; mapped with Census 2020 ZCTA 93261 in Tulare County.,,,,
93218 Earlimart,zcta,93218,Earlimart,35.8571408,-119.0449304,184716,,2020-10-31,10,0,Zillow ZIP-level market for Earlimart; mapped with Census 2020 ZCTA 93218 in Tulare County.,,,,
93244 Lemon Cove,zcta,93244,Lemon Cove,36.38634,-118.9897151,334538,,2020-10-31,10,0,Zillow ZIP-level market for Lemon Cove; mapped with Census 2020 ZCTA 93244 in Tulare County.,,,,
93227 Visalia,zcta,93227,Visalia,36.3444448,-119.418562,222989,,2020-10-31,10,0,Zillow ZIP-level market for Visalia; mapped with Census 2020 ZCTA 93227 in Tulare County.,,,,
93257 Porterville,zcta,93257,Porterville,35.9808583,-118.8893149,241566,,2020-11-30,10,0,Zillow ZIP-level market for Porterville; mapped with Census 2020 ZCTA 93257 in Tulare County.,,,,
93274 Tulare,zcta,93274,Tulare,36.1779345,-119.3799754,257408,,2020-11-30,10,0,Zillow ZIP-level market for Tulare; mapped with Census 2020 ZCTA 93274 in Tulare County.,,,,
93291 Visalia,zcta,93291,Visalia,36.391777,-119.3728419,313555,,2020-11-30,10,0,Zillow ZIP-level market for Visalia; mapped with Census 2020 ZCTA 93291 in Tulare County.,,,,
93277 Visalia,zcta,93277,Visalia,36.301334,-119.3725855,273651,,2020-11-30,10,0,Zillow ZIP-level market for Visalia; mapped with Census 2020 ZCTA 93277 in Tulare County.,,,,
93292 Visalia,zcta,93292,Visalia,36.366243,-119.2116355,289693,,2020-11-30,10,0,Zillow ZIP-level market for Visalia; mapped with Census 2020 ZCTA 93292 in Tulare County.,,,,
93618 Dinuba,zcta,93618,Dinuba,36.5221175,-119.3866282,256524,,2020-11-30,10,0,Zillow ZIP-level market for Dinuba; mapped with Census 2020 ZCTA 93618 in Tulare County.,,,,
93247 Lindsay,zcta,93247,Lindsay,36.2017347,-119.0834779,214508,,2020-11-30,10,0,Zillow ZIP-level market for Lindsay; mapped with Census 2020 ZCTA 93247 in Tulare County.,,,,
93221 Exeter,zcta,93221,Exeter,36.2963943,-119.0299352,282999,,2020-11-30,10,0,Zillow ZIP-level market for Exeter; mapped with Census 2020 ZCTA 93221 in Tulare County.,,,,
93647 Orosi,zcta,93647,Orosi,36.6007599,-119.1754848,215397,,2020-11-30,10,0,Zillow ZIP-level market for Orosi; mapped with Census 2020 ZCTA 93647 in Tulare County.,,,,
93286 Woodlake,zcta,93286,Woodlake,36.4627099,-119.0932419,230663,,2020-11-30,10,0,Zillow ZIP-level market for Woodlake; mapped with Census 2020 ZCTA 93286 in Tulare County.,,,,
93219 Tulare,zcta,93219,Tulare,35.8882375,-119.2949573,178269,,2020-11-30,10,0,Zillow ZIP-level market for Tulare; mapped with Census 2020 ZCTA 93219 in Tulare County.,,,,
93223 Farmersville,zcta,93223,Farmersville,36.3011122,-119.207875,201540,,2020-11-30,10,0,Zillow ZIP-level market for Farmersville; mapped with Census 2020 ZCTA 93223 in Tulare County.,,,,
93615 Cutler,zcta,93615,Cutler,36.5037388,-119.2838461,216752,,2020-11-30,10,0,Zillow ZIP-level market for Cutler; mapped with Census 2020 ZCTA 93615 in Tulare County.,,,,
93267 Strathmore,zcta,93267,Strathmore,36.1436233,-119.073877,224255,,2020-11-30,10,0,Zillow ZIP-level market for Strathmore; mapped with Census 2020 ZCTA 93267 in Tulare County.,,,,
93256 Pixley,zcta,93256,Pixley,35.9717308,-119.3135106,185401,,2020-11-30,10,0,Zillow ZIP-level market for Pixley; mapped with Census 2020 ZCTA 93256 in Tulare County.,,,,
93272 Tipton,zcta,93272,Tipton,36.0473536,-119.3444282,197737,,2020-11-30,10,0,Zillow ZIP-level market for Tipton; mapped with Census 2020 ZCTA 93272 in Tulare County.,,,,
93270 Terra Bella,zcta,93270,Terra Bella,35.9424478,-119.0583495,278322,,2020-11-30,10,0,Zillow ZIP-level market for Terra Bella; mapped with Census 2020 ZCTA 93270 in Tulare County.,,,,
93235 Ivanhoe,zcta,93235,Ivanhoe,36.385067,-119.2231243,164324,,2020-11-30,10,0,Zillow ZIP-level market for Ivanhoe; mapped with Census 2020 ZCTA 93235 in Tulare County.,,,,
93265 Springville,zcta,93265,Springville,36.217713,-118.6936058,313118,,2020-11-30,10,0,Zillow ZIP-level market for Springville; mapped with Census 2020 ZCTA 93265 in Tulare County.,,,,
93271 Three Rivers,zcta,93271,Three Rivers,36.440041,-118.8802803,409866,,2020-11-30,10,0,Zillow ZIP-level market for Three Rivers; mapped with Census 2020 ZCTA 93271 in Tulare County.,,,,
93201 Alpaugh,zcta,93201,Alpaugh,35.8568588,-119.5075255,159067,,2020-11-30,10,0,Zillow ZIP-level market for Alpaugh; mapped with Census 2020 ZCTA 93201 in Tulare County.,,,,
93261 Richgrove,zcta,93261,Richgrove,35.8114805,-119.1167378,181541,,2020-11-30,10,0,Zillow ZIP-level market for Richgrove; mapped with Census 2020 ZCTA 93261 in Tulare County.,,,,
93218 Earlimart,zcta,93218,Earlimart,35.8571408,-119.0449304,188084,,2020-11-30,10,0,Zillow ZIP-level market for Earlimart; mapped with Census 2020 ZCTA 93218 in Tulare County.,,,,
93244 Lemon Cove,zcta,93244,Lemon Cove,36.38634,-118.9897151,343459,,2020-11-30,10,0,Zillow ZIP-level market for Lemon Cove; mapped with Census 2020 ZCTA 93244 in Tulare County.,,,,
93227 Visalia,zcta,93227,Visalia,36.3444448,-119.418562,226865,,2020-11-30,10,0,Zillow ZIP-level market for Visalia; mapped with Census 2020 ZCTA 93227 in Tulare County.,,,,
93257 Porterville,zcta,93257,Porterville,35.9808583,-118.8893149,245231,,2020-12-31,10,0,Zillow ZIP-level market for Porterville; mapped with Census 2020 ZCTA 93257 in Tulare County.,,,,
93274 Tulare,zcta,93274,Tulare,36.1779345,-119.3799754,262370,,2020-12-31,10,0,Zillow ZIP-level market for Tulare; mapped with Census 2020 ZCTA 93274 in Tulare County.,,,,
93291 Visalia,zcta,93291,Visalia,36.391777,-119.3728419,318624,,2020-12-31,10,0,Zillow ZIP-level market for Visalia; mapped with Census 2020 ZCTA 93291 in Tulare County.,,,,
93277 Visalia,zcta,93277,Visalia,36.301334,-119.3725855,278539,,2020-12-31,10,0,Zillow ZIP-level market for Visalia; mapped with Census 2020 ZCTA 93277 in Tulare County.,,,,
93292 Visalia,zcta,93292,Visalia,36.366243,-119.2116355,294949,,2020-12-31,10,0,Zillow ZIP-level market for Visalia; mapped with Census 2020 ZCTA 93292 in Tulare County.,,,,
93618 Dinuba,zcta,93618,Dinuba,36.5221175,-119.3866282,261002,,2020-12-31,10,0,Zillow ZIP-level market for Dinuba; mapped with Census 2020 ZCTA 93618 in Tulare County.,,,,
93247 Lindsay,zcta,93247,Lindsay,36.2017347,-119.0834779,218680,,2020-12-31,10,0,Zillow ZIP-level market for Lindsay; mapped with Census 2020 ZCTA 93247 in Tulare County.,,,,
93221 Exeter,zcta,93221,Exeter,36.2963943,-119.0299352,287728,,2020-12-31,10,0,Zillow ZIP-level market for Exeter; mapped with Census 2020 ZCTA 93221 in Tulare County.,,,,
93647 Orosi,zcta,93647,Orosi,36.6007599,-119.1754848,218995,,2020-12-31,10,0,Zillow ZIP-level market for Orosi; mapped with Census 2020 ZCTA 93647 in Tulare County.,,,,
93286 Woodlake,zcta,93286,Woodlake,36.4627099,-119.0932419,235241,,2020-12-31,10,0,Zillow ZIP-level market for Woodlake; mapped with Census 2020 ZCTA 93286 in Tulare County.,,,,
93219 Tulare,zcta,93219,Tulare,35.8882375,-119.2949573,181644,,2020-12-31,10,0,Zillow ZIP-level market for Tulare; mapped with Census 2020 ZCTA 93219 in Tulare County.,,,,
93223 Farmersville,zcta,93223,Farmersville,36.3011122,-119.207875,205567,,2020-12-31,10,0,Zillow ZIP-level market for Farmersville; mapped with Census 2020 ZCTA 93223 in Tulare County.,,,,
93615 Cutler,zcta,93615,Cutler,36.5037388,-119.2838461,219511,,2020-12-31,10,0,Zillow ZIP-level market for Cutler; mapped with Census 2020 ZCTA 93615 in Tulare County.,,,,
93267 Strathmore,zcta,93267,Strathmore,36.1436233,-119.073877,228150,,2020-12-31,10,0,Zillow ZIP-level market for Strathmore; mapped with Census 2020 ZCTA 93267 in Tulare County.,,,,
93256 Pixley,zcta,93256,Pixley,35.9717308,-119.3135106,189259,,2020-12-31,10,0,Zillow ZIP-level market for Pixley; mapped with Census 2020 ZCTA 93256 in Tulare County.,,,,
93272 Tipton,zcta,93272,Tipton,36.0473536,-119.3444282,201541,,2020-12-31,10,0,Zillow ZIP-level market for Tipton; mapped with Census 2020 ZCTA 93272 in Tulare County.,,,,
93270 Terra Bella,zcta,93270,Terra Bella,35.9424478,-119.0583495,284256,,2020-12-31,10,0,Zillow ZIP-level market for Terra Bella; mapped with Census 2020 ZCTA 93270 in Tulare County.,,,,
93235 Ivanhoe,zcta,93235,Ivanhoe,36.385067,-119.2231243,166913,,2020-12-31,10,0,Zillow ZIP-level market for Ivanhoe; mapped with Census 2020 ZCTA 93235 in Tulare County.,,,,
93265 Springville,zcta,93265,Springville,36.217713,-118.6936058,318990,,2020-12-31,10,0,Zillow ZIP-level market for Springville; mapped with Census 2020 ZCTA 93265 in Tulare County.,,,,
93271 Three Rivers,zcta,93271,Three Rivers,36.440041,-118.8802803,418390,,2020-12-31,10,0,Zillow ZIP-level market for Three Rivers; mapped with Census 2020 ZCTA 93271 in Tulare County.,,,,
93201 Alpaugh,zcta,93201,Alpaugh,35.8568588,-119.5075255,161705,,2020-12-31,10,0,Zillow ZIP-level market for Alpaugh; mapped with Census 2020 ZCTA 93201 in Tulare County.,,,,
93261 Richgrove,zcta,93261,Richgrove,35.8114805,-119.1167378,184428,,2020-12-31,10,0,Zillow ZIP-level market for Richgrove; mapped with Census 2020 ZCTA 93261 in Tulare County.,,,,
93218 Earlimart,zcta,93218,Earlimart,35.8571408,-119.0449304,190084,,2020-12-31,10,0,Zillow ZIP-level market for Earlimart; mapped with Census 2020 ZCTA 93218 in Tulare County.,,,,
93244 Lemon Cove,zcta,93244,Lemon Cove,36.38634,-118.9897151,348114,,2020-12-31,10,0,Zillow ZIP-level market for Lemon Cove; mapped with Census 2020 ZCTA 93244 in Tulare County.,,,,
93227 Visalia,zcta,93227,Visalia,36.3444448,-119.418562,229986,,2020-12-31,10,0,Zillow ZIP-level market for Visalia; mapped with Census 2020 ZCTA 93227 in Tulare County.,,,,
93257 Porterville,zcta,93257,Porterville,35.9808583,-118.8893149,248740,,2021-01-31,10,0,Zillow ZIP-level market for Porterville; mapped with Census 2020 ZCTA 93257 in Tulare County.,,,,
93274 Tulare,zcta,93274,Tulare,36.1779345,-119.3799754,266987,,2021-01-31,10,0,Zillow ZIP-level market for Tulare; mapped with Census 2020 ZCTA 93274 in Tulare County.,,,,
93291 Visalia,zcta,93291,Visalia,36.391777,-119.3728419,323807,,2021-01-31,10,0,Zillow ZIP-level market for Visalia; mapped with Census 2020 ZCTA 93291 in Tulare County.,,,,
93277 Visalia,zcta,93277,Visalia,36.301334,-119.3725855,283140,,2021-01-31,10,0,Zillow ZIP-level market for Visalia; mapped with Census 2020 ZCTA 93277 in Tulare County.,,,,
93292 Visalia,zcta,93292,Visalia,36.366243,-119.2116355,300103,,2021-01-31,10,0,Zillow ZIP-level market for Visalia; mapped with Census 2020 ZCTA 93292 in Tulare County.,,,,
93618 Dinuba,zcta,93618,Dinuba,36.5221175,-119.3866282,265073,,2021-01-31,10,0,Zillow ZIP-level market for Dinuba; mapped with Census 2020 ZCTA 93618 in Tulare County.,,,,
93247 Lindsay,zcta,93247,Lindsay,36.2017347,-119.0834779,222409,,2021-01-31,10,0,Zillow ZIP-level market for Lindsay; mapped with Census 2020 ZCTA 93247 in Tulare County.,,,,
93221 Exeter,zcta,93221,Exeter,36.2963943,-119.0299352,292152,,2021-01-31,10,0,Zillow ZIP-level market for Exeter; mapped with Census 2020 ZCTA 93221 in Tulare County.,,,,
93647 Orosi,zcta,93647,Orosi,36.6007599,-119.1754848,222949,,2021-01-31,10,0,Zillow ZIP-level market for Orosi; mapped with Census 2020 ZCTA 93647 in Tulare County.,,,,
93286 Woodlake,zcta,93286,Woodlake,36.4627099,-119.0932419,239108,,2021-01-31,10,0,Zillow ZIP-level market for Woodlake; mapped with Census 2020 ZCTA 93286 in Tulare County.,,,,
93219 Tulare,zcta,93219,Tulare,35.8882375,-119.2949573,184793,,2021-01-31,10,0,Zillow ZIP-level market for Tulare; mapped with Census 2020 ZCTA 93219 in Tulare County.,,,,
93223 Farmersville,zcta,93223,Farmersville,36.3011122,-119.207875,209316,,2021-01-31,10,0,Zillow ZIP-level market for Farmersville; mapped with Census 2020 ZCTA 93223 in Tulare County.,,,,
93615 Cutler,zcta,93615,Cutler,36.5037388,-119.2838461,222342,,2021-01-31,10,0,Zillow ZIP-level market for Cutler; mapped with Census 2020 ZCTA 93615 in Tulare County.,,,,
93267 Strathmore,zcta,93267,Strathmore,36.1436233,-119.073877,231414,,2021-01-31,10,0,Zillow ZIP-level market for Strathmore; mapped with Census 2020 ZCTA 93267 in Tulare County.,,,,
93256 Pixley,zcta,93256,Pixley,35.9717308,-119.3135106,193201,,2021-01-31,10,0,Zillow ZIP-level market for Pixley; mapped with Census 2020 ZCTA 93256 in Tulare County.,,,,
93272 Tipton,zcta,93272,Tipton,36.0473536,-119.3444282,205500,,2021-01-31,10,0,Zillow ZIP-level market for Tipton; mapped with Census 2020 ZCTA 93272 in Tulare County.,,,,
93270 Terra Bella,zcta,93270,Terra Bella,35.9424478,-119.0583495,289471,,2021-01-31,10,0,Zillow ZIP-level market for Terra Bella; mapped with Census 2020 ZCTA 93270 in Tulare County.,,,,
93235 Ivanhoe,zcta,93235,Ivanhoe,36.385067,-119.2231243,169282,,2021-01-31,10,0,Zillow ZIP-level market for Ivanhoe; mapped with Census 2020 ZCTA 93235 in Tulare County.,,,,
93265 Springville,zcta,93265,Springville,36.217713,-118.6936058,324161,,2021-01-31,10,0,Zillow ZIP-level market for Springville; mapped with Census 2020 ZCTA 93265 in Tulare County.,,,,
93271 Three Rivers,zcta,93271,Three Rivers,36.440041,-118.8802803,426987,,2021-01-31,10,0,Zillow ZIP-level market for Three Rivers; mapped with Census 2020 ZCTA 93271 in Tulare County.,,,,
93201 Alpaugh,zcta,93201,Alpaugh,35.8568588,-119.5075255,162850,,2021-01-31,10,0,Zillow ZIP-level market for Alpaugh; mapped with Census 2020 ZCTA 93201 in Tulare County.,,,,
93261 Richgrove,zcta,93261,Richgrove,35.8114805,-119.1167378,186866,,2021-01-31,10,0,Zillow ZIP-level market for Richgrove; mapped with Census 2020 ZCTA 93261 in Tulare County.,,,,
93218 Earlimart,zcta,93218,Earlimart,35.8571408,-119.0449304,191203,,2021-01-31,10,0,Zillow ZIP-level market for Earlimart; mapped with Census 2020 ZCTA 93218 in Tulare County.,,,,
93244 Lemon Cove,zcta,93244,Lemon Cove,36.38634,-118.9897151,350342,,2021-01-31,10,0,Zillow ZIP-level market for Lemon Cove; mapped with Census 2020 ZCTA 93244 in Tulare County.,,,,
93227 Visalia,zcta,93227,Visalia,36.3444448,-119.418562,233330,,2021-01-31,10,0,Zillow ZIP-level market for Visalia; mapped with Census 2020 ZCTA 93227 in Tulare County.,,,,
93257 Porterville,zcta,93257,Porterville,35.9808583,-118.8893149,251753,,2021-02-28,10,0,Zillow ZIP-level market for Porterville; mapped with Census 2020 ZCTA 93257 in Tulare County.,,,,
93274 Tulare,zcta,93274,Tulare,36.1779345,-119.3799754,270814,,2021-02-28,10,0,Zillow ZIP-level market for Tulare; mapped with Census 2020 ZCTA 93274 in Tulare County.,,,,
93291 Visalia,zcta,93291,Visalia,36.391777,-119.3728419,328862,,2021-02-28,10,0,Zillow ZIP-level market for Visalia; mapped with Census 2020 ZCTA 93291 in Tulare County.,,,,
93277 Visalia,zcta,93277,Visalia,36.301334,-119.3725855,287398,,2021-02-28,10,0,Zillow ZIP-level market for Visalia; mapped with Census 2020 ZCTA 93277 in Tulare County.,,,,
93292 Visalia,zcta,93292,Visalia,36.366243,-119.2116355,304966,,2021-02-28,10,0,Zillow ZIP-level market for Visalia; mapped with Census 2020 ZCTA 93292 in Tulare County.,,,,
93618 Dinuba,zcta,93618,Dinuba,36.5221175,-119.3866282,268647,,2021-02-28,10,0,Zillow ZIP-level market for Dinuba; mapped with Census 2020 ZCTA 93618 in Tulare County.,,,,
93247 Lindsay,zcta,93247,Lindsay,36.2017347,-119.0834779,226037,,2021-02-28,10,0,Zillow ZIP-level market for Lindsay; mapped with Census 2020 ZCTA 93247 in Tulare County.,,,,
93221 Exeter,zcta,93221,Exeter,36.2963943,-119.0299352,296260,,2021-02-28,10,0,Zillow ZIP-level market for Exeter; mapped with Census 2020 ZCTA 93221 in Tulare County.,,,,
93647 Orosi,zcta,93647,Orosi,36.6007599,-119.1754848,226621,,2021-02-28,10,0,Zillow ZIP-level market for Orosi; mapped with Census 2020 ZCTA 93647 in Tulare County.,,,,
93286 Woodlake,zcta,93286,Woodlake,36.4627099,-119.0932419,242506,,2021-02-28,10,0,Zillow ZIP-level market for Woodlake; mapped with Census 2020 ZCTA 93286 in Tulare County.,,,,
93219 Tulare,zcta,93219,Tulare,35.8882375,-119.2949573,187835,,2021-02-28,10,0,Zillow ZIP-level market for Tulare; mapped with Census 2020 ZCTA 93219 in Tulare County.,,,,
93223 Farmersville,zcta,93223,Farmersville,36.3011122,-119.207875,212685,,2021-02-28,10,0,Zillow ZIP-level market for Farmersville; mapped with Census 2020 ZCTA 93223 in Tulare County.,,,,
93615 Cutler,zcta,93615,Cutler,36.5037388,-119.2838461,225433,,2021-02-28,10,0,Zillow ZIP-level market for Cutler; mapped with Census 2020 ZCTA 93615 in Tulare County.,,,,
93267 Strathmore,zcta,93267,Strathmore,36.1436233,-119.073877,234031,,2021-02-28,10,0,Zillow ZIP-level market for Strathmore; mapped with Census 2020 ZCTA 93267 in Tulare County.,,,,
93256 Pixley,zcta,93256,Pixley,35.9717308,-119.3135106,196739,,2021-02-28,10,0,Zillow ZIP-level market for Pixley; mapped with Census 2020 ZCTA 93256 in Tulare County.,,,,
93272 Tipton,zcta,93272,Tipton,36.0473536,-119.3444282,209203,,2021-02-28,10,0,Zillow ZIP-level market for Tipton; mapped with Census 2020 ZCTA 93272 in Tulare County.,,,,
93270 Terra Bella,zcta,93270,Terra Bella,35.9424478,-119.0583495,294418,,2021-02-28,10,0,Zillow ZIP-level market for Terra Bella; mapped with Census 2020 ZCTA 93270 in Tulare County.,,,,
93235 Ivanhoe,zcta,93235,Ivanhoe,36.385067,-119.2231243,171907,,2021-02-28,10,0,Zillow ZIP-level market for Ivanhoe; mapped with Census 2020 ZCTA 93235 in Tulare County.,,,,
93265 Springville,zcta,93265,Springville,36.217713,-118.6936058,329151,,2021-02-28,10,0,Zillow ZIP-level market for Springville; mapped with Census 2020 ZCTA 93265 in Tulare County.,,,,
93271 Three Rivers,zcta,93271,Three Rivers,36.440041,-118.8802803,433586,,2021-02-28,10,0,Zillow ZIP-level market for Three Rivers; mapped with Census 2020 ZCTA 93271 in Tulare County.,,,,
93201 Alpaugh,zcta,93201,Alpaugh,35.8568588,-119.5075255,164431,,2021-02-28,10,0,Zillow ZIP-level market for Alpaugh; mapped with Census 2020 ZCTA 93201 in Tulare County.,,,,
93261 Richgrove,zcta,93261,Richgrove,35.8114805,-119.1167378,188948,,2021-02-28,10,0,Zillow ZIP-level market for Richgrove; mapped with Census 2020 ZCTA 93261 in Tulare County.,,,,
93218 Earlimart,zcta,93218,Earlimart,35.8571408,-119.0449304,192031,,2021-02-28,10,0,Zillow ZIP-level market for Earlimart; mapped with Census 2020 ZCTA 93218 in Tulare County.,,,,
93244 Lemon Cove,zcta,93244,Lemon Cove,36.38634,-118.9897151,351853,,2021-02-28,10,0,Zillow ZIP-level market for Lemon Cove; mapped with Census 2020 ZCTA 93244 in Tulare County.,,,,
93227 Visalia,zcta,93227,Visalia,36.3444448,-119.418562,237804,,2021-02-28,10,0,Zillow ZIP-level market for Visalia; mapped with Census 2020 ZCTA 93227 in Tulare County.,,,,
93257 Porterville,zcta,93257,Porterville,35.9808583,-118.8893149,254794,,2021-03-31,10,0,Zillow ZIP-level market for Porterville; mapped with Census 2020 ZCTA 93257 in Tulare County.,,,,
93274 Tulare,zcta,93274,Tulare,36.1779345,-119.3799754,274502,,2021-03-31,10,0,Zillow ZIP-level market for Tulare; mapped with Census 2020 ZCTA 93274 in Tulare County.,,,,
93291 Visalia,zcta,93291,Visalia,36.391777,-119.3728419,333976,,2021-03-31,10,0,Zillow ZIP-level market for Visalia; mapped with Census 2020 ZCTA 93291 in Tulare County.,,,,
93277 Visalia,zcta,93277,Visalia,36.301334,-119.3725855,291595,,2021-03-31,10,0,Zillow ZIP-level market for Visalia; mapped with Census 2020 ZCTA 93277 in Tulare County.,,,,
93292 Visalia,zcta,93292,Visalia,36.366243,-119.2116355,309853,,2021-03-31,10,0,Zillow ZIP-level market for Visalia; mapped with Census 2020 ZCTA 93292 in Tulare County.,,,,
93618 Dinuba,zcta,93618,Dinuba,36.5221175,-119.3866282,272369,,2021-03-31,10,0,Zillow ZIP-level market for Dinuba; mapped with Census 2020 ZCTA 93618 in Tulare County.,,,,
93247 Lindsay,zcta,93247,Lindsay,36.2017347,-119.0834779,229432,,2021-03-31,10,0,Zillow ZIP-level market for Lindsay; mapped with Census 2020 ZCTA 93247 in Tulare County.,,,,
93221 Exeter,zcta,93221,Exeter,36.2963943,-119.0299352,300199,,2021-03-31,10,0,Zillow ZIP-level market for Exeter; mapped with Census 2020 ZCTA 93221 in Tulare County.,,,,
93647 Orosi,zcta,93647,Orosi,36.6007599,-119.1754848,230431,,2021-03-31,10,0,Zillow ZIP-level market for Orosi; mapped with Census 2020 ZCTA 93647 in Tulare County.,,,,
93286 Woodlake,zcta,93286,Woodlake,36.4627099,-119.0932419,246102,,2021-03-31,10,0,Zillow ZIP-level market for Woodlake; mapped with Census 2020 ZCTA 93286 in Tulare County.,,,,
93219 Tulare,zcta,93219,Tulare,35.8882375,-119.2949573,191073,,2021-03-31,10,0,Zillow ZIP-level market for Tulare; mapped with Census 2020 ZCTA 93219 in Tulare County.,,,,
93223 Farmersville,zcta,93223,Farmersville,36.3011122,-119.207875,216110,,2021-03-31,10,0,Zillow ZIP-level market for Farmersville; mapped with Census 2020 ZCTA 93223 in Tulare County.,,,,
93615 Cutler,zcta,93615,Cutler,36.5037388,-119.2838461,228716,,2021-03-31,10,0,Zillow ZIP-level market for Cutler; mapped with Census 2020 ZCTA 93615 in Tulare County.,,,,
93267 Strathmore,zcta,93267,Strathmore,36.1436233,-119.073877,236763,,2021-03-31,10,0,Zillow ZIP-level market for Strathmore; mapped with Census 2020 ZCTA 93267 in Tulare County.,,,,
93256 Pixley,zcta,93256,Pixley,35.9717308,-119.3135106,200232,,2021-03-31,10,0,Zillow ZIP-level market for Pixley; mapped with Census 2020 ZCTA 93256 in Tulare County.,,,,
93272 Tipton,zcta,93272,Tipton,36.0473536,-119.3444282,213373,,2021-03-31,10,0,Zillow ZIP-level market for Tipton; mapped with Census 2020 ZCTA 93272 in Tulare County.,,,,
93270 Terra Bella,zcta,93270,Terra Bella,35.9424478,-119.0583495,298220,,2021-03-31,10,0,Zillow ZIP-level market for Terra Bella; mapped with Census 2020 ZCTA 93270 in Tulare County.,,,,
93235 Ivanhoe,zcta,93235,Ivanhoe,36.385067,-119.2231243,175330,,2021-03-31,10,0,Zillow ZIP-level market for Ivanhoe; mapped with Census 2020 ZCTA 93235 in Tulare County.,,,,
93265 Springville,zcta,93265,Springville,36.217713,-118.6936058,333898,,2021-03-31,10,0,Zillow ZIP-level market for Springville; mapped with Census 2020 ZCTA 93265 in Tulare County.,,,,
93271 Three Rivers,zcta,93271,Three Rivers,36.440041,-118.8802803,439696,,2021-03-31,10,0,Zillow ZIP-level market for Three Rivers; mapped with Census 2020 ZCTA 93271 in Tulare County.,,,,
93201 Alpaugh,zcta,93201,Alpaugh,35.8568588,-119.5075255,167201,,2021-03-31,10,0,Zillow ZIP-level market for Alpaugh; mapped with Census 2020 ZCTA 93201 in Tulare County.,,,,
93261 Richgrove,zcta,93261,Richgrove,35.8114805,-119.1167378,191699,,2021-03-31,10,0,Zillow ZIP-level market for Richgrove; mapped with Census 2020 ZCTA 93261 in Tulare County.,,,,
93218 Earlimart,zcta,93218,Earlimart,35.8571408,-119.0449304,194537,,2021-03-31,10,0,Zillow ZIP-level market for Earlimart; mapped with Census 2020 ZCTA 93218 in Tulare County.,,,,
93244 Lemon Cove,zcta,93244,Lemon Cove,36.38634,-118.9897151,354396,,2021-03-31,10,0,Zillow ZIP-level market for Lemon Cove; mapped with Census 2020 ZCTA 93244 in Tulare County.,,,,
93227 Visalia,zcta,93227,Visalia,36.3444448,-119.418562,242272,,2021-03-31,10,0,Zillow ZIP-level market for Visalia; mapped with Census 2020 ZCTA 93227 in Tulare County.,,,,
93257 Porterville,zcta,93257,Porterville,35.9808583,-118.8893149,257911,,2021-04-30,10,0,Zillow ZIP-level market for Porterville; mapped with Census 2020 ZCTA 93257 in Tulare County.,,,,
93274 Tulare,zcta,93274,Tulare,36.1779345,-119.3799754,278394,,2021-04-30,10,0,Zillow ZIP-level market for Tulare; mapped with Census 2020 ZCTA 93274 in Tulare County.,,,,
93291 Visalia,zcta,93291,Visalia,36.391777,-119.3728419,339418,,2021-04-30,10,0,Zillow ZIP-level market for Visalia; mapped with Census 2020 ZCTA 93291 in Tulare County.,,,,
93277 Visalia,zcta,93277,Visalia,36.301334,-119.3725855,295912,,2021-04-30,10,0,Zillow ZIP-level market for Visalia; mapped with Census 2020 ZCTA 93277 in Tulare County.,,,,
93292 Visalia,zcta,93292,Visalia,36.366243,-119.2116355,314824,,2021-04-30,10,0,Zillow ZIP-level market for Visalia; mapped with Census 2020 ZCTA 93292 in Tulare County.,,,,
93618 Dinuba,zcta,93618,Dinuba,36.5221175,-119.3866282,276252,,2021-04-30,10,0,Zillow ZIP-level market for Dinuba; mapped with Census 2020 ZCTA 93618 in Tulare County.,,,,
93247 Lindsay,zcta,93247,Lindsay,36.2017347,-119.0834779,233070,,2021-04-30,10,0,Zillow ZIP-level market for Lindsay; mapped with Census 2020 ZCTA 93247 in Tulare County.,,,,
93221 Exeter,zcta,93221,Exeter,36.2963943,-119.0299352,304414,,2021-04-30,10,0,Zillow ZIP-level market for Exeter; mapped with Census 2020 ZCTA 93221 in Tulare County.,,,,
93647 Orosi,zcta,93647,Orosi,36.6007599,-119.1754848,233787,,2021-04-30,10,0,Zillow ZIP-level market for Orosi; mapped with Census 2020 ZCTA 93647 in Tulare County.,,,,
93286 Woodlake,zcta,93286,Woodlake,36.4627099,-119.0932419,249819,,2021-04-30,10,0,Zillow ZIP-level market for Woodlake; mapped with Census 2020 ZCTA 93286 in Tulare County.,,,,
93219 Tulare,zcta,93219,Tulare,35.8882375,-119.2949573,194821,,2021-04-30,10,0,Zillow ZIP-level market for Tulare; mapped with Census 2020 ZCTA 93219 in Tulare County.,,,,
93223 Farmersville,zcta,93223,Farmersville,36.3011122,-119.207875,219805,,2021-04-30,10,0,Zillow ZIP-level market for Farmersville; mapped with Census 2020 ZCTA 93223 in Tulare County.,,,,
93615 Cutler,zcta,93615,Cutler,36.5037388,-119.2838461,231406,,2021-04-30,10,0,Zillow ZIP-level market for Cutler; mapped with Census 2020 ZCTA 93615 in Tulare County.,,,,
93267 Strathmore,zcta,93267,Strathmore,36.1436233,-119.073877,239983,,2021-04-30,10,0,Zillow ZIP-level market for Strathmore; mapped with Census 2020 ZCTA 93267 in Tulare County.,,,,
93256 Pixley,zcta,93256,Pixley,35.9717308,-119.3135106,203509,,2021-04-30,10,0,Zillow ZIP-level market for Pixley; mapped with Census 2020 ZCTA 93256 in Tulare County.,,,,
93272 Tipton,zcta,93272,Tipton,36.0473536,-119.3444282,216951,,2021-04-30,10,0,Zillow ZIP-level market for Tipton; mapped with Census 2020 ZCTA 93272 in Tulare County.,,,,
93270 Terra Bella,zcta,93270,Terra Bella,35.9424478,-119.0583495,301532,,2021-04-30,10,0,Zillow ZIP-level market for Terra Bella; mapped with Census 2020 ZCTA 93270 in Tulare County.,,,,
93235 Ivanhoe,zcta,93235,Ivanhoe,36.385067,-119.2231243,178816,,2021-04-30,10,0,Zillow ZIP-level market for Ivanhoe; mapped with Census 2020 ZCTA 93235 in Tulare County.,,,,
93265 Springville,zcta,93265,Springville,36.217713,-118.6936058,338763,,2021-04-30,10,0,Zillow ZIP-level market for Springville; mapped with Census 2020 ZCTA 93265 in Tulare County.,,,,
93271 Three Rivers,zcta,93271,Three Rivers,36.440041,-118.8802803,446069,,2021-04-30,10,0,Zillow ZIP-level market for Three Rivers; mapped with Census 2020 ZCTA 93271 in Tulare County.,,,,
93201 Alpaugh,zcta,93201,Alpaugh,35.8568588,-119.5075255,170168,,2021-04-30,10,0,Zillow ZIP-level market for Alpaugh; mapped with Census 2020 ZCTA 93201 in Tulare County.,,,,
93261 Richgrove,zcta,93261,Richgrove,35.8114805,-119.1167378,193543,,2021-04-30,10,0,Zillow ZIP-level market for Richgrove; mapped with Census 2020 ZCTA 93261 in Tulare County.,,,,
93218 Earlimart,zcta,93218,Earlimart,35.8571408,-119.0449304,197525,,2021-04-30,10,0,Zillow ZIP-level market for Earlimart; mapped with Census 2020 ZCTA 93218 in Tulare County.,,,,
93244 Lemon Cove,zcta,93244,Lemon Cove,36.38634,-118.9897151,357024,,2021-04-30,10,0,Zillow ZIP-level market for Lemon Cove; mapped with Census 2020 ZCTA 93244 in Tulare County.,,,,
93227 Visalia,zcta,93227,Visalia,36.3444448,-119.418562,245967,,2021-04-30,10,0,Zillow ZIP-level market for Visalia; mapped with Census 2020 ZCTA 93227 in Tulare County.,,,,
93257 Porterville,zcta,93257,Porterville,35.9808583,-118.8893149,261384,,2021-05-31,10,0,Zillow ZIP-level market for Porterville; mapped with Census 2020 ZCTA 93257 in Tulare County.,,,,
93274 Tulare,zcta,93274,Tulare,36.1779345,-119.3799754,282867,,2021-05-31,10,0,Zillow ZIP-level market for Tulare; mapped with Census 2020 ZCTA 93274 in Tulare County.,,,,
93291 Visalia,zcta,93291,Visalia,36.391777,-119.3728419,345533,,2021-05-31,10,0,Zillow ZIP-level market for Visalia; mapped with Census 2020 ZCTA 93291 in Tulare County.,,,,
93277 Visalia,zcta,93277,Visalia,36.301334,-119.3725855,300490,,2021-05-31,10,0,Zillow ZIP-level market for Visalia; mapped with Census 2020 ZCTA 93277 in Tulare County.,,,,
93292 Visalia,zcta,93292,Visalia,36.366243,-119.2116355,319802,,2021-05-31,10,0,Zillow ZIP-level market for Visalia; mapped with Census 2020 ZCTA 93292 in Tulare County.,,,,
93618 Dinuba,zcta,93618,Dinuba,36.5221175,-119.3866282,280512,,2021-05-31,10,0,Zillow ZIP-level market for Dinuba; mapped with Census 2020 ZCTA 93618 in Tulare County.,,,,
93247 Lindsay,zcta,93247,Lindsay,36.2017347,-119.0834779,237099,,2021-05-31,10,0,Zillow ZIP-level market for Lindsay; mapped with Census 2020 ZCTA 93247 in Tulare County.,,,,
93221 Exeter,zcta,93221,Exeter,36.2963943,-119.0299352,309011,,2021-05-31,10,0,Zillow ZIP-level market for Exeter; mapped with Census 2020 ZCTA 93221 in Tulare County.,,,,
93647 Orosi,zcta,93647,Orosi,36.6007599,-119.1754848,237725,,2021-05-31,10,0,Zillow ZIP-level market for Orosi; mapped with Census 2020 ZCTA 93647 in Tulare County.,,,,
93286 Woodlake,zcta,93286,Woodlake,36.4627099,-119.0932419,253907,,2021-05-31,10,0,Zillow ZIP-level market for Woodlake; mapped with Census 2020 ZCTA 93286 in Tulare County.,,,,
93219 Tulare,zcta,93219,Tulare,35.8882375,-119.2949573,199128,,2021-05-31,10,0,Zillow ZIP-level market for Tulare; mapped with Census 2020 ZCTA 93219 in Tulare County.,,,,
93223 Farmersville,zcta,93223,Farmersville,36.3011122,-119.207875,224016,,2021-05-31,10,0,Zillow ZIP-level market for Farmersville; mapped with Census 2020 ZCTA 93223 in Tulare County.,,,,
93615 Cutler,zcta,93615,Cutler,36.5037388,-119.2838461,233682,,2021-05-31,10,0,Zillow ZIP-level market for Cutler; mapped with Census 2020 ZCTA 93615 in Tulare County.,,,,
93267 Strathmore,zcta,93267,Strathmore,36.1436233,-119.073877,243659,,2021-05-31,10,0,Zillow ZIP-level market for Strathmore; mapped with Census 2020 ZCTA 93267 in Tulare County.,,,,
93256 Pixley,zcta,93256,Pixley,35.9717308,-119.3135106,206864,,2021-05-31,10,0,Zillow ZIP-level market for Pixley; mapped with Census 2020 ZCTA 93256 in Tulare County.,,,,
93272 Tipton,zcta,93272,Tipton,36.0473536,-119.3444282,221601,,2021-05-31,10,0,Zillow ZIP-level market for Tipton; mapped with Census 2020 ZCTA 93272 in Tulare County.,,,,
93270 Terra Bella,zcta,93270,Terra Bella,35.9424478,-119.0583495,304962,,2021-05-31,10,0,Zillow ZIP-level market for Terra Bella; mapped with Census 2020 ZCTA 93270 in Tulare County.,,,,
93235 Ivanhoe,zcta,93235,Ivanhoe,36.385067,-119.2231243,182620,,2021-05-31,10,0,Zillow ZIP-level market for Ivanhoe; mapped with Census 2020 ZCTA 93235 in Tulare County.,,,,
93265 Springville,zcta,93265,Springville,36.217713,-118.6936058,344074,,2021-05-31,10,0,Zillow ZIP-level market for Springville; mapped with Census 2020 ZCTA 93265 in Tulare County.,,,,
93271 Three Rivers,zcta,93271,Three Rivers,36.440041,-118.8802803,453059,,2021-05-31,10,0,Zillow ZIP-level market for Three Rivers; mapped with Census 2020 ZCTA 93271 in Tulare County.,,,,
93201 Alpaugh,zcta,93201,Alpaugh,35.8568588,-119.5075255,171931,,2021-05-31,10,0,Zillow ZIP-level market for Alpaugh; mapped with Census 2020 ZCTA 93201 in Tulare County.,,,,
93261 Richgrove,zcta,93261,Richgrove,35.8114805,-119.1167378,195447,,2021-05-31,10,0,Zillow ZIP-level market for Richgrove; mapped with Census 2020 ZCTA 93261 in Tulare County.,,,,
93218 Earlimart,zcta,93218,Earlimart,35.8571408,-119.0449304,200869,,2021-05-31,10,0,Zillow ZIP-level market for Earlimart; mapped with Census 2020 ZCTA 93218 in Tulare County.,,,,
93244 Lemon Cove,zcta,93244,Lemon Cove,36.38634,-118.9897151,360689,,2021-05-31,10,0,Zillow ZIP-level market for Lemon Cove; mapped with Census 2020 ZCTA 93244 in Tulare County.,,,,
93227 Visalia,zcta,93227,Visalia,36.3444448,-119.418562,249251,,2021-05-31,10,0,Zillow ZIP-level market for Visalia; mapped with Census 2020 ZCTA 93227 in Tulare County.,,,,
93257 Porterville,zcta,93257,Porterville,35.9808583,-118.8893149,265259,,2021-06-30,10,0,Zillow ZIP-level market for Porterville; mapped with Census 2020 ZCTA 93257 in Tulare County.,,,,
93274 Tulare,zcta,93274,Tulare,36.1779345,-119.3799754,288169,,2021-06-30,10,0,Zillow ZIP-level market for Tulare; mapped with Census 2020 ZCTA 93274 in Tulare County.,,,,
93291 Visalia,zcta,93291,Visalia,36.391777,-119.3728419,352298,,2021-06-30,10,0,Zillow ZIP-level market for Visalia; mapped with Census 2020 ZCTA 93291 in Tulare County.,,,,
93277 Visalia,zcta,93277,Visalia,36.301334,-119.3725855,305477,,2021-06-30,10,0,Zillow ZIP-level market for Visalia; mapped with Census 2020 ZCTA 93277 in Tulare County.,,,,
93292 Visalia,zcta,93292,Visalia,36.366243,-119.2116355,325127,,2021-06-30,10,0,Zillow ZIP-level market for Visalia; mapped with Census 2020 ZCTA 93292 in Tulare County.,,,,
93618 Dinuba,zcta,93618,Dinuba,36.5221175,-119.3866282,284995,,2021-06-30,10,0,Zillow ZIP-level market for Dinuba; mapped with Census 2020 ZCTA 93618 in Tulare County.,,,,
93247 Lindsay,zcta,93247,Lindsay,36.2017347,-119.0834779,241566,,2021-06-30,10,0,Zillow ZIP-level market for Lindsay; mapped with Census 2020 ZCTA 93247 in Tulare County.,,,,
93221 Exeter,zcta,93221,Exeter,36.2963943,-119.0299352,314726,,2021-06-30,10,0,Zillow ZIP-level market for Exeter; mapped with Census 2020 ZCTA 93221 in Tulare County.,,,,
93647 Orosi,zcta,93647,Orosi,36.6007599,-119.1754848,242301,,2021-06-30,10,0,Zillow ZIP-level market for Orosi; mapped with Census 2020 ZCTA 93647 in Tulare County.,,,,
93286 Woodlake,zcta,93286,Woodlake,36.4627099,-119.0932419,258960,,2021-06-30,10,0,Zillow ZIP-level market for Woodlake; mapped with Census 2020 ZCTA 93286 in Tulare County.,,,,
93219 Tulare,zcta,93219,Tulare,35.8882375,-119.2949573,203708,,2021-06-30,10,0,Zillow ZIP-level market for Tulare; mapped with Census 2020 ZCTA 93219 in Tulare County.,,,,
93223 Farmersville,zcta,93223,Farmersville,36.3011122,-119.207875,228699,,2021-06-30,10,0,Zillow ZIP-level market for Farmersville; mapped with Census 2020 ZCTA 93223 in Tulare County.,,,,
93615 Cutler,zcta,93615,Cutler,36.5037388,-119.2838461,236256,,2021-06-30,10,0,Zillow ZIP-level market for Cutler; mapped with Census 2020 ZCTA 93615 in Tulare County.,,,,
93267 Strathmore,zcta,93267,Strathmore,36.1436233,-119.073877,248264,,2021-06-30,10,0,Zillow ZIP-level market for Strathmore; mapped with Census 2020 ZCTA 93267 in Tulare County.,,,,
93256 Pixley,zcta,93256,Pixley,35.9717308,-119.3135106,210775,,2021-06-30,10,0,Zillow ZIP-level market for Pixley; mapped with Census 2020 ZCTA 93256 in Tulare County.,,,,
93272 Tipton,zcta,93272,Tipton,36.0473536,-119.3444282,225955,,2021-06-30,10,0,Zillow ZIP-level market for Tipton; mapped with Census 2020 ZCTA 93272 in Tulare County.,,,,
93270 Terra Bella,zcta,93270,Terra Bella,35.9424478,-119.0583495,309963,,2021-06-30,10,0,Zillow ZIP-level market for Terra Bella; mapped with Census 2020 ZCTA 93270 in Tulare County.,,,,
93235 Ivanhoe,zcta,93235,Ivanhoe,36.385067,-119.2231243,186332,,2021-06-30,10,0,Zillow ZIP-level market for Ivanhoe; mapped with Census 2020 ZCTA 93235 in Tulare County.,,,,
93265 Springville,zcta,93265,Springville,36.217713,-118.6936058,350203,,2021-06-30,10,0,Zillow ZIP-level market for Springville; mapped with Census 2020 ZCTA 93265 in Tulare County.,,,,
93271 Three Rivers,zcta,93271,Three Rivers,36.440041,-118.8802803,462783,,2021-06-30,10,0,Zillow ZIP-level market for Three Rivers; mapped with Census 2020 ZCTA 93271 in Tulare County.,,,,
93201 Alpaugh,zcta,93201,Alpaugh,35.8568588,-119.5075255,173827,,2021-06-30,10,0,Zillow ZIP-level market for Alpaugh; mapped with Census 2020 ZCTA 93201 in Tulare County.,,,,
93261 Richgrove,zcta,93261,Richgrove,35.8114805,-119.1167378,197072,,2021-06-30,10,0,Zillow ZIP-level market for Richgrove; mapped with Census 2020 ZCTA 93261 in Tulare County.,,,,
93218 Earlimart,zcta,93218,Earlimart,35.8571408,-119.0449304,203140,,2021-06-30,10,0,Zillow ZIP-level market for Earlimart; mapped with Census 2020 ZCTA 93218 in Tulare County.,,,,
93244 Lemon Cove,zcta,93244,Lemon Cove,36.38634,-118.9897151,365914,,2021-06-30,10,0,Zillow ZIP-level market for Lemon Cove; mapped with Census 2020 ZCTA 93244 in Tulare County.,,,,
93227 Visalia,zcta,93227,Visalia,36.3444448,-119.418562,252766,,2021-06-30,10,0,Zillow ZIP-level market for Visalia; mapped with Census 2020 ZCTA 93227 in Tulare County.,,,,
93257 Porterville,zcta,93257,Porterville,35.9808583,-118.8893149,269275,,2021-07-31,10,0,Zillow ZIP-level market for Porterville; mapped with Census 2020 ZCTA 93257 in Tulare County.,,,,
93274 Tulare,zcta,93274,Tulare,36.1779345,-119.3799754,293398,,2021-07-31,10,0,Zillow ZIP-level market for Tulare; mapped with Census 2020 ZCTA 93274 in Tulare County.,,,,
93291 Visalia,zcta,93291,Visalia,36.391777,-119.3728419,359147,,2021-07-31,10,0,Zillow ZIP-level market for Visalia; mapped with Census 2020 ZCTA 93291 in Tulare County.,,,,
93277 Visalia,zcta,93277,Visalia,36.301334,-119.3725855,310829,,2021-07-31,10,0,Zillow ZIP-level market for Visalia; mapped with Census 2020 ZCTA 93277 in Tulare County.,,,,
93292 Visalia,zcta,93292,Visalia,36.366243,-119.2116355,330813,,2021-07-31,10,0,Zillow ZIP-level market for Visalia; mapped with Census 2020 ZCTA 93292 in Tulare County.,,,,
93618 Dinuba,zcta,93618,Dinuba,36.5221175,-119.3866282,289462,,2021-07-31,10,0,Zillow ZIP-level market for Dinuba; mapped with Census 2020 ZCTA 93618 in Tulare County.,,,,
93247 Lindsay,zcta,93247,Lindsay,36.2017347,-119.0834779,245431,,2021-07-31,10,0,Zillow ZIP-level market for Lindsay; mapped with Census 2020 ZCTA 93247 in Tulare County.,,,,
93221 Exeter,zcta,93221,Exeter,36.2963943,-119.0299352,320595,,2021-07-31,10,0,Zillow ZIP-level market for Exeter; mapped with Census 2020 ZCTA 93221 in Tulare County.,,,,
93647 Orosi,zcta,93647,Orosi,36.6007599,-119.1754848,246501,,2021-07-31,10,0,Zillow ZIP-level market for Orosi; mapped with Census 2020 ZCTA 93647 in Tulare County.,,,,
93286 Woodlake,zcta,93286,Woodlake,36.4627099,-119.0932419,263912,,2021-07-31,10,0,Zillow ZIP-level market for Woodlake; mapped with Census 2020 ZCTA 93286 in Tulare County.,,,,
93219 Tulare,zcta,93219,Tulare,35.8882375,-119.2949573,206091,,2021-07-31,10,0,Zillow ZIP-level market for Tulare; mapped with Census 2020 ZCTA 93219 in Tulare County.,,,,
93223 Farmersville,zcta,93223,Farmersville,36.3011122,-119.207875,232611,,2021-07-31,10,0,Zillow ZIP-level market for Farmersville; mapped with Census 2020 ZCTA 93223 in Tulare County.,,,,
93615 Cutler,zcta,93615,Cutler,36.5037388,-119.2838461,239290,,2021-07-31,10,0,Zillow ZIP-level market for Cutler; mapped with Census 2020 ZCTA 93615 in Tulare County.,,,,
93267 Strathmore,zcta,93267,Strathmore,36.1436233,-119.073877,252249,,2021-07-31,10,0,Zillow ZIP-level market for Strathmore; mapped with Census 2020 ZCTA 93267 in Tulare County.,,,,
93256 Pixley,zcta,93256,Pixley,35.9717308,-119.3135106,213867,,2021-07-31,10,0,Zillow ZIP-level market for Pixley; mapped with Census 2020 ZCTA 93256 in Tulare County.,,,,
93272 Tipton,zcta,93272,Tipton,36.0473536,-119.3444282,230003,,2021-07-31,10,0,Zillow ZIP-level market for Tipton; mapped with Census 2020 ZCTA 93272 in Tulare County.,,,,
93270 Terra Bella,zcta,93270,Terra Bella,35.9424478,-119.0583495,315069,,2021-07-31,10,0,Zillow ZIP-level market for Terra Bella; mapped with Census 2020 ZCTA 93270 in Tulare County.,,,,
93235 Ivanhoe,zcta,93235,Ivanhoe,36.385067,-119.2231243,188999,,2021-07-31,10,0,Zillow ZIP-level market for Ivanhoe; mapped with Census 2020 ZCTA 93235 in Tulare County.,,,,
93265 Springville,zcta,93265,Springville,36.217713,-118.6936058,356624,,2021-07-31,10,0,Zillow ZIP-level market for Springville; mapped with Census 2020 ZCTA 93265 in Tulare County.,,,,
93271 Three Rivers,zcta,93271,Three Rivers,36.440041,-118.8802803,473245,,2021-07-31,10,0,Zillow ZIP-level market for Three Rivers; mapped with Census 2020 ZCTA 93271 in Tulare County.,,,,
93201 Alpaugh,zcta,93201,Alpaugh,35.8568588,-119.5075255,174611,,2021-07-31,10,0,Zillow ZIP-level market for Alpaugh; mapped with Census 2020 ZCTA 93201 in Tulare County.,,,,
93261 Richgrove,zcta,93261,Richgrove,35.8114805,-119.1167378,198212,,2021-07-31,10,0,Zillow ZIP-level market for Richgrove; mapped with Census 2020 ZCTA 93261 in Tulare County.,,,,
93218 Earlimart,zcta,93218,Earlimart,35.8571408,-119.0449304,205482,,2021-07-31,10,0,Zillow ZIP-level market for Earlimart; mapped with Census 2020 ZCTA 93218 in Tulare County.,,,,
93244 Lemon Cove,zcta,93244,Lemon Cove,36.38634,-118.9897151,372468,,2021-07-31,10,0,Zillow ZIP-level market for Lemon Cove; mapped with Census 2020 ZCTA 93244 in Tulare County.,,,,
93227 Visalia,zcta,93227,Visalia,36.3444448,-119.418562,254442,,2021-07-31,10,0,Zillow ZIP-level market for Visalia; mapped with Census 2020 ZCTA 93227 in Tulare County.,,,,
93257 Porterville,zcta,93257,Porterville,35.9808583,-118.8893149,272729,,2021-08-31,10,0,Zillow ZIP-level market for Porterville; mapped with Census 2020 ZCTA 93257 in Tulare County.,,,,
93274 Tulare,zcta,93274,Tulare,36.1779345,-119.3799754,297865,,2021-08-31,10,0,Zillow ZIP-level market for Tulare; mapped with Census 2020 ZCTA 93274 in Tulare County.,,,,
93291 Visalia,zcta,93291,Visalia,36.391777,-119.3728419,365270,,2021-08-31,10,0,Zillow ZIP-level market for Visalia; mapped with Census 2020 ZCTA 93291 in Tulare County.,,,,
93277 Visalia,zcta,93277,Visalia,36.301334,-119.3725855,315881,,2021-08-31,10,0,Zillow ZIP-level market for Visalia; mapped with Census 2020 ZCTA 93277 in Tulare County.,,,,
93292 Visalia,zcta,93292,Visalia,36.366243,-119.2116355,336569,,2021-08-31,10,0,Zillow ZIP-level market for Visalia; mapped with Census 2020 ZCTA 93292 in Tulare County.,,,,
93618 Dinuba,zcta,93618,Dinuba,36.5221175,-119.3866282,292885,,2021-08-31,10,0,Zillow ZIP-level market for Dinuba; mapped with Census 2020 ZCTA 93618 in Tulare County.,,,,
93247 Lindsay,zcta,93247,Lindsay,36.2017347,-119.0834779,247862,,2021-08-31,10,0,Zillow ZIP-level market for Lindsay; mapped with Census 2020 ZCTA 93247 in Tulare County.,,,,
93221 Exeter,zcta,93221,Exeter,36.2963943,-119.0299352,325581,,2021-08-31,10,0,Zillow ZIP-level market for Exeter; mapped with Census 2020 ZCTA 93221 in Tulare County.,,,,
93647 Orosi,zcta,93647,Orosi,36.6007599,-119.1754848,249182,,2021-08-31,10,0,Zillow ZIP-level market for Orosi; mapped with Census 2020 ZCTA 93647 in Tulare County.,,,,
93286 Woodlake,zcta,93286,Woodlake,36.4627099,-119.0932419,267962,,2021-08-31,10,0,Zillow ZIP-level market for Woodlake; mapped with Census 2020 ZCTA 93286 in Tulare County.,,,,
93219 Tulare,zcta,93219,Tulare,35.8882375,-119.2949573,205758,,2021-08-31,10,0,Zillow ZIP-level market for Tulare; mapped with Census 2020 ZCTA 93219 in Tulare County.,,,,
93223 Farmersville,zcta,93223,Farmersville,36.3011122,-119.207875,235310,,2021-08-31,10,0,Zillow ZIP-level market for Farmersville; mapped with Census 2020 ZCTA 93223 in Tulare County.,,,,
93615 Cutler,zcta,93615,Cutler,36.5037388,-119.2838461,241827,,2021-08-31,10,0,Zillow ZIP-level market for Cutler; mapped with Census 2020 ZCTA 93615 in Tulare County.,,,,
93267 Strathmore,zcta,93267,Strathmore,36.1436233,-119.073877,255296,,2021-08-31,10,0,Zillow ZIP-level market for Strathmore; mapped with Census 2020 ZCTA 93267 in Tulare County.,,,,
93256 Pixley,zcta,93256,Pixley,35.9717308,-119.3135106,215953,,2021-08-31,10,0,Zillow ZIP-level market for Pixley; mapped with Census 2020 ZCTA 93256 in Tulare County.,,,,
93272 Tipton,zcta,93272,Tipton,36.0473536,-119.3444282,232032,,2021-08-31,10,0,Zillow ZIP-level market for Tipton; mapped with Census 2020 ZCTA 93272 in Tulare County.,,,,
93270 Terra Bella,zcta,93270,Terra Bella,35.9424478,-119.0583495,319191,,2021-08-31,10,0,Zillow ZIP-level market for Terra Bella; mapped with Census 2020 ZCTA 93270 in Tulare County.,,,,
93235 Ivanhoe,zcta,93235,Ivanhoe,36.385067,-119.2231243,190077,,2021-08-31,10,0,Zillow ZIP-level market for Ivanhoe; mapped with Census 2020 ZCTA 93235 in Tulare County.,,,,
93265 Springville,zcta,93265,Springville,36.217713,-118.6936058,362248,,2021-08-31,10,0,Zillow ZIP-level market for Springville; mapped with Census 2020 ZCTA 93265 in Tulare County.,,,,
93271 Three Rivers,zcta,93271,Three Rivers,36.440041,-118.8802803,482451,,2021-08-31,10,0,Zillow ZIP-level market for Three Rivers; mapped with Census 2020 ZCTA 93271 in Tulare County.,,,,
93201 Alpaugh,zcta,93201,Alpaugh,35.8568588,-119.5075255,174701,,2021-08-31,10,0,Zillow ZIP-level market for Alpaugh; mapped with Census 2020 ZCTA 93201 in Tulare County.,,,,
93261 Richgrove,zcta,93261,Richgrove,35.8114805,-119.1167378,198247,,2021-08-31,10,0,Zillow ZIP-level market for Richgrove; mapped with Census 2020 ZCTA 93261 in Tulare County.,,,,
93218 Earlimart,zcta,93218,Earlimart,35.8571408,-119.0449304,207277,,2021-08-31,10,0,Zillow ZIP-level market for Earlimart; mapped with Census 2020 ZCTA 93218 in Tulare County.,,,,
93244 Lemon Cove,zcta,93244,Lemon Cove,36.38634,-118.9897151,377741,,2021-08-31,10,0,Zillow ZIP-level market for Lemon Cove; mapped with Census 2020 ZCTA 93244 in Tulare County.,,,,
93227 Visalia,zcta,93227,Visalia,36.3444448,-119.418562,253580,,2021-08-31,10,0,Zillow ZIP-level market for Visalia; mapped with Census 2020 ZCTA 93227 in Tulare County.,,,,
93257 Porterville,zcta,93257,Porterville,35.9808583,-118.8893149,274921,,2021-09-30,10,0,Zillow ZIP-level market for Porterville; mapped with Census 2020 ZCTA 93257 in Tulare County.,,,,
93274 Tulare,zcta,93274,Tulare,36.1779345,-119.3799754,300789,,2021-09-30,10,0,Zillow ZIP-level market for Tulare; mapped with Census 2020 ZCTA 93274 in Tulare County.,,,,
93291 Visalia,zcta,93291,Visalia,36.391777,-119.3728419,369808,,2021-09-30,10,0,Zillow ZIP-level market for Visalia; mapped with Census 2020 ZCTA 93291 in Tulare County.,,,,
93277 Visalia,zcta,93277,Visalia,36.301334,-119.3725855,319646,,2021-09-30,10,0,Zillow ZIP-level market for Visalia; mapped with Census 2020 ZCTA 93277 in Tulare County.,,,,
93292 Visalia,zcta,93292,Visalia,36.366243,-119.2116355,341394,,2021-09-30,10,0,Zillow ZIP-level market for Visalia; mapped with Census 2020 ZCTA 93292 in Tulare County.,,,,
93618 Dinuba,zcta,93618,Dinuba,36.5221175,-119.3866282,294752,,2021-09-30,10,0,Zillow ZIP-level market for Dinuba; mapped with Census 2020 ZCTA 93618 in Tulare County.,,,,
93247 Lindsay,zcta,93247,Lindsay,36.2017347,-119.0834779,248730,,2021-09-30,10,0,Zillow ZIP-level market for Lindsay; mapped with Census 2020 ZCTA 93247 in Tulare County.,,,,
93221 Exeter,zcta,93221,Exeter,36.2963943,-119.0299352,328645,,2021-09-30,10,0,Zillow ZIP-level market for Exeter; mapped with Census 2020 ZCTA 93221 in Tulare County.,,,,
93647 Orosi,zcta,93647,Orosi,36.6007599,-119.1754848,249596,,2021-09-30,10,0,Zillow ZIP-level market for Orosi; mapped with Census 2020 ZCTA 93647 in Tulare County.,,,,
93286 Woodlake,zcta,93286,Woodlake,36.4627099,-119.0932419,269680,,2021-09-30,10,0,Zillow ZIP-level market for Woodlake; mapped with Census 2020 ZCTA 93286 in Tulare County.,,,,
93219 Tulare,zcta,93219,Tulare,35.8882375,-119.2949573,203462,,2021-09-30,10,0,Zillow ZIP-level market for Tulare; mapped with Census 2020 ZCTA 93219 in Tulare County.,,,,
93223 Farmersville,zcta,93223,Farmersville,36.3011122,-119.207875,236605,,2021-09-30,10,0,Zillow ZIP-level market for Farmersville; mapped with Census 2020 ZCTA 93223 in Tulare County.,,,,
93615 Cutler,zcta,93615,Cutler,36.5037388,-119.2838461,242934,,2021-09-30,10,0,Zillow ZIP-level market for Cutler; mapped with Census 2020 ZCTA 93615 in Tulare County.,,,,
93267 Strathmore,zcta,93267,Strathmore,36.1436233,-119.073877,256620,,2021-09-30,10,0,Zillow ZIP-level market for Strathmore; mapped with Census 2020 ZCTA 93267 in Tulare County.,,,,
93256 Pixley,zcta,93256,Pixley,35.9717308,-119.3135106,216715,,2021-09-30,10,0,Zillow ZIP-level market for Pixley; mapped with Census 2020 ZCTA 93256 in Tulare County.,,,,
93272 Tipton,zcta,93272,Tipton,36.0473536,-119.3444282,232717,,2021-09-30,10,0,Zillow ZIP-level market for Tipton; mapped with Census 2020 ZCTA 93272 in Tulare County.,,,,
93270 Terra Bella,zcta,93270,Terra Bella,35.9424478,-119.0583495,321142,,2021-09-30,10,0,Zillow ZIP-level market for Terra Bella; mapped with Census 2020 ZCTA 93270 in Tulare County.,,,,
93235 Ivanhoe,zcta,93235,Ivanhoe,36.385067,-119.2231243,189624,,2021-09-30,10,0,Zillow ZIP-level market for Ivanhoe; mapped with Census 2020 ZCTA 93235 in Tulare County.,,,,
93265 Springville,zcta,93265,Springville,36.217713,-118.6936058,365744,,2021-09-30,10,0,Zillow ZIP-level market for Springville; mapped with Census 2020 ZCTA 93265 in Tulare County.,,,,
93271 Three Rivers,zcta,93271,Three Rivers,36.440041,-118.8802803,487991,,2021-09-30,10,0,Zillow ZIP-level market for Three Rivers; mapped with Census 2020 ZCTA 93271 in Tulare County.,,,,
93201 Alpaugh,zcta,93201,Alpaugh,35.8568588,-119.5075255,173856,,2021-09-30,10,0,Zillow ZIP-level market for Alpaugh; mapped with Census 2020 ZCTA 93201 in Tulare County.,,,,
93261 Richgrove,zcta,93261,Richgrove,35.8114805,-119.1167378,196972,,2021-09-30,10,0,Zillow ZIP-level market for Richgrove; mapped with Census 2020 ZCTA 93261 in Tulare County.,,,,
93218 Earlimart,zcta,93218,Earlimart,35.8571408,-119.0449304,208512,,2021-09-30,10,0,Zillow ZIP-level market for Earlimart; mapped with Census 2020 ZCTA 93218 in Tulare County.,,,,
93244 Lemon Cove,zcta,93244,Lemon Cove,36.38634,-118.9897151,380461,,2021-09-30,10,0,Zillow ZIP-level market for Lemon Cove; mapped with Census 2020 ZCTA 93244 in Tulare County.,,,,
93227 Visalia,zcta,93227,Visalia,36.3444448,-119.418562,251119,,2021-09-30,10,0,Zillow ZIP-level market for Visalia; mapped with Census 2020 ZCTA 93227 in Tulare County.,,,,
93257 Porterville,zcta,93257,Porterville,35.9808583,-118.8893149,276456,,2021-10-31,10,0,Zillow ZIP-level market for Porterville; mapped with Census 2020 ZCTA 93257 in Tulare County.,,,,
93274 Tulare,zcta,93274,Tulare,36.1779345,-119.3799754,303346,,2021-10-31,10,0,Zillow ZIP-level market for Tulare; mapped with Census 2020 ZCTA 93274 in Tulare County.,,,,
93291 Visalia,zcta,93291,Visalia,36.391777,-119.3728419,373251,,2021-10-31,10,0,Zillow ZIP-level market for Visalia; mapped with Census 2020 ZCTA 93291 in Tulare County.,,,,
93277 Visalia,zcta,93277,Visalia,36.301334,-119.3725855,322787,,2021-10-31,10,0,Zillow ZIP-level market for Visalia; mapped with Census 2020 ZCTA 93277 in Tulare County.,,,,
93292 Visalia,zcta,93292,Visalia,36.366243,-119.2116355,345390,,2021-10-31,10,0,Zillow ZIP-level market for Visalia; mapped with Census 2020 ZCTA 93292 in Tulare County.,,,,
93618 Dinuba,zcta,93618,Dinuba,36.5221175,-119.3866282,296123,,2021-10-31,10,0,Zillow ZIP-level market for Dinuba; mapped with Census 2020 ZCTA 93618 in Tulare County.,,,,
93247 Lindsay,zcta,93247,Lindsay,36.2017347,-119.0834779,249515,,2021-10-31,10,0,Zillow ZIP-level market for Lindsay; mapped with Census 2020 ZCTA 93247 in Tulare County.,,,,
93221 Exeter,zcta,93221,Exeter,36.2963943,-119.0299352,330805,,2021-10-31,10,0,Zillow ZIP-level market for Exeter; mapped with Census 2020 ZCTA 93221 in Tulare County.,,,,
93647 Orosi,zcta,93647,Orosi,36.6007599,-119.1754848,249819,,2021-10-31,10,0,Zillow ZIP-level market for Orosi; mapped with Census 2020 ZCTA 93647 in Tulare County.,,,,
93286 Woodlake,zcta,93286,Woodlake,36.4627099,-119.0932419,270955,,2021-10-31,10,0,Zillow ZIP-level market for Woodlake; mapped with Census 2020 ZCTA 93286 in Tulare County.,,,,
93219 Tulare,zcta,93219,Tulare,35.8882375,-119.2949573,202026,,2021-10-31,10,0,Zillow ZIP-level market for Tulare; mapped with Census 2020 ZCTA 93219 in Tulare County.,,,,
93223 Farmersville,zcta,93223,Farmersville,36.3011122,-119.207875,237972,,2021-10-31,10,0,Zillow ZIP-level market for Farmersville; mapped with Census 2020 ZCTA 93223 in Tulare County.,,,,
93615 Cutler,zcta,93615,Cutler,36.5037388,-119.2838461,244022,,2021-10-31,10,0,Zillow ZIP-level market for Cutler; mapped with Census 2020 ZCTA 93615 in Tulare County.,,,,
93267 Strathmore,zcta,93267,Strathmore,36.1436233,-119.073877,257706,,2021-10-31,10,0,Zillow ZIP-level market for Strathmore; mapped with Census 2020 ZCTA 93267 in Tulare County.,,,,
93256 Pixley,zcta,93256,Pixley,35.9717308,-119.3135106,217568,,2021-10-31,10,0,Zillow ZIP-level market for Pixley; mapped with Census 2020 ZCTA 93256 in Tulare County.,,,,
93272 Tipton,zcta,93272,Tipton,36.0473536,-119.3444282,233203,,2021-10-31,10,0,Zillow ZIP-level market for Tipton; mapped with Census 2020 ZCTA 93272 in Tulare County.,,,,
93270 Terra Bella,zcta,93270,Terra Bella,35.9424478,-119.0583495,322202,,2021-10-31,10,0,Zillow ZIP-level market for Terra Bella; mapped with Census 2020 ZCTA 93270 in Tulare County.,,,,
93235 Ivanhoe,zcta,93235,Ivanhoe,36.385067,-119.2231243,189334,,2021-10-31,10,0,Zillow ZIP-level market for Ivanhoe; mapped with Census 2020 ZCTA 93235 in Tulare County.,,,,
93265 Springville,zcta,93265,Springville,36.217713,-118.6936058,368034,,2021-10-31,10,0,Zillow ZIP-level market for Springville; mapped with Census 2020 ZCTA 93265 in Tulare County.,,,,
93271 Three Rivers,zcta,93271,Three Rivers,36.440041,-118.8802803,490337,,2021-10-31,10,0,Zillow ZIP-level market for Three Rivers; mapped with Census 2020 ZCTA 93271 in Tulare County.,,,,
93201 Alpaugh,zcta,93201,Alpaugh,35.8568588,-119.5075255,174278,,2021-10-31,10,0,Zillow ZIP-level market for Alpaugh; mapped with Census 2020 ZCTA 93201 in Tulare County.,,,,
93261 Richgrove,zcta,93261,Richgrove,35.8114805,-119.1167378,196287,,2021-10-31,10,0,Zillow ZIP-level market for Richgrove; mapped with Census 2020 ZCTA 93261 in Tulare County.,,,,
93218 Earlimart,zcta,93218,Earlimart,35.8571408,-119.0449304,208947,,2021-10-31,10,0,Zillow ZIP-level market for Earlimart; mapped with Census 2020 ZCTA 93218 in Tulare County.,,,,
93244 Lemon Cove,zcta,93244,Lemon Cove,36.38634,-118.9897151,382332,,2021-10-31,10,0,Zillow ZIP-level market for Lemon Cove; mapped with Census 2020 ZCTA 93244 in Tulare County.,,,,
93227 Visalia,zcta,93227,Visalia,36.3444448,-119.418562,249878,,2021-10-31,10,0,Zillow ZIP-level market for Visalia; mapped with Census 2020 ZCTA 93227 in Tulare County.,,,,
93257 Porterville,zcta,93257,Porterville,35.9808583,-118.8893149,278220,,2021-11-30,10,0,Zillow ZIP-level market for Porterville; mapped with Census 2020 ZCTA 93257 in Tulare County.,,,,
93274 Tulare,zcta,93274,Tulare,36.1779345,-119.3799754,306424,,2021-11-30,10,0,Zillow ZIP-level market for Tulare; mapped with Census 2020 ZCTA 93274 in Tulare County.,,,,
93291 Visalia,zcta,93291,Visalia,36.391777,-119.3728419,376969,,2021-11-30,10,0,Zillow ZIP-level market for Visalia; mapped with Census 2020 ZCTA 93291 in Tulare County.,,,,
93277 Visalia,zcta,93277,Visalia,36.301334,-119.3725855,325993,,2021-11-30,10,0,Zillow ZIP-level market for Visalia; mapped with Census 2020 ZCTA 93277 in Tulare County.,,,,
93292 Visalia,zcta,93292,Visalia,36.366243,-119.2116355,349332,,2021-11-30,10,0,Zillow ZIP-level market for Visalia; mapped with Census 2020 ZCTA 93292 in Tulare County.,,,,
93618 Dinuba,zcta,93618,Dinuba,36.5221175,-119.3866282,297819,,2021-11-30,10,0,Zillow ZIP-level market for Dinuba; mapped with Census 2020 ZCTA 93618 in Tulare County.,,,,
93247 Lindsay,zcta,93247,Lindsay,36.2017347,-119.0834779,250860,,2021-11-30,10,0,Zillow ZIP-level market for Lindsay; mapped with Census 2020 ZCTA 93247 in Tulare County.,,,,
93221 Exeter,zcta,93221,Exeter,36.2963943,-119.0299352,333909,,2021-11-30,10,0,Zillow ZIP-level market for Exeter; mapped with Census 2020 ZCTA 93221 in Tulare County.,,,,
93647 Orosi,zcta,93647,Orosi,36.6007599,-119.1754848,250854,,2021-11-30,10,0,Zillow ZIP-level market for Orosi; mapped with Census 2020 ZCTA 93647 in Tulare County.,,,,
93286 Woodlake,zcta,93286,Woodlake,36.4627099,-119.0932419,272916,,2021-11-30,10,0,Zillow ZIP-level market for Woodlake; mapped with Census 2020 ZCTA 93286 in Tulare County.,,,,
93219 Tulare,zcta,93219,Tulare,35.8882375,-119.2949573,202255,,2021-11-30,10,0,Zillow ZIP-level market for Tulare; mapped with Census 2020 ZCTA 93219 in Tulare County.,,,,
93223 Farmersville,zcta,93223,Farmersville,36.3011122,-119.207875,240077,,2021-11-30,10,0,Zillow ZIP-level market for Farmersville; mapped with Census 2020 ZCTA 93223 in Tulare County.,,,,
93615 Cutler,zcta,93615,Cutler,36.5037388,-119.2838461,246193,,2021-11-30,10,0,Zillow ZIP-level market for Cutler; mapped with Census 2020 ZCTA 93615 in Tulare County.,,,,
93267 Strathmore,zcta,93267,Strathmore,36.1436233,-119.073877,259278,,2021-11-30,10,0,Zillow ZIP-level market for Strathmore; mapped with Census 2020 ZCTA 93267 in Tulare County.,,,,
93256 Pixley,zcta,93256,Pixley,35.9717308,-119.3135106,219277,,2021-11-30,10,0,Zillow ZIP-level market for Pixley; mapped with Census 2020 ZCTA 93256 in Tulare County.,,,,
93272 Tipton,zcta,93272,Tipton,36.0473536,-119.3444282,234932,,2021-11-30,10,0,Zillow ZIP-level market for Tipton; mapped with Census 2020 ZCTA 93272 in Tulare County.,,,,
93270 Terra Bella,zcta,93270,Terra Bella,35.9424478,-119.0583495,324118,,2021-11-30,10,0,Zillow ZIP-level market for Terra Bella; mapped with Census 2020 ZCTA 93270 in Tulare County.,,,,
93235 Ivanhoe,zcta,93235,Ivanhoe,36.385067,-119.2231243,190581,,2021-11-30,10,0,Zillow ZIP-level market for Ivanhoe; mapped with Census 2020 ZCTA 93235 in Tulare County.,,,,
93265 Springville,zcta,93265,Springville,36.217713,-118.6936058,370021,,2021-11-30,10,0,Zillow ZIP-level market for Springville; mapped with Census 2020 ZCTA 93265 in Tulare County.,,,,
93271 Three Rivers,zcta,93271,Three Rivers,36.440041,-118.8802803,493348,,2021-11-30,10,0,Zillow ZIP-level market for Three Rivers; mapped with Census 2020 ZCTA 93271 in Tulare County.,,,,
93201 Alpaugh,zcta,93201,Alpaugh,35.8568588,-119.5075255,176412,,2021-11-30,10,0,Zillow ZIP-level market for Alpaugh; mapped with Census 2020 ZCTA 93201 in Tulare County.,,,,
93261 Richgrove,zcta,93261,Richgrove,35.8114805,-119.1167378,196676,,2021-11-30,10,0,Zillow ZIP-level market for Richgrove; mapped with Census 2020 ZCTA 93261 in Tulare County.,,,,
93218 Earlimart,zcta,93218,Earlimart,35.8571408,-119.0449304,210338,,2021-11-30,10,0,Zillow ZIP-level market for Earlimart; mapped with Census 2020 ZCTA 93218 in Tulare County.,,,,
93244 Lemon Cove,zcta,93244,Lemon Cove,36.38634,-118.9897151,385361,,2021-11-30,10,0,Zillow ZIP-level market for Lemon Cove; mapped with Census 2020 ZCTA 93244 in Tulare County.,,,,
93227 Visalia,zcta,93227,Visalia,36.3444448,-119.418562,250777,,2021-11-30,10,0,Zillow ZIP-level market for Visalia; mapped with Census 2020 ZCTA 93227 in Tulare County.,,,,
93257 Porterville,zcta,93257,Porterville,35.9808583,-118.8893149,280834,,2021-12-31,10,0,Zillow ZIP-level market for Porterville; mapped with Census 2020 ZCTA 93257 in Tulare County.,,,,
93274 Tulare,zcta,93274,Tulare,36.1779345,-119.3799754,310367,,2021-12-31,10,0,Zillow ZIP-level market for Tulare; mapped with Census 2020 ZCTA 93274 in Tulare County.,,,,
93291 Visalia,zcta,93291,Visalia,36.391777,-119.3728419,381594,,2021-12-31,10,0,Zillow ZIP-level market for Visalia; mapped with Census 2020 ZCTA 93291 in Tulare County.,,,,
93277 Visalia,zcta,93277,Visalia,36.301334,-119.3725855,330245,,2021-12-31,10,0,Zillow ZIP-level market for Visalia; mapped with Census 2020 ZCTA 93277 in Tulare County.,,,,
93292 Visalia,zcta,93292,Visalia,36.366243,-119.2116355,354075,,2021-12-31,10,0,Zillow ZIP-level market for Visalia; mapped with Census 2020 ZCTA 93292 in Tulare County.,,,,
93618 Dinuba,zcta,93618,Dinuba,36.5221175,-119.3866282,300696,,2021-12-31,10,0,Zillow ZIP-level market for Dinuba; mapped with Census 2020 ZCTA 93618 in Tulare County.,,,,
93247 Lindsay,zcta,93247,Lindsay,36.2017347,-119.0834779,253023,,2021-12-31,10,0,Zillow ZIP-level market for Lindsay; mapped with Census 2020 ZCTA 93247 in Tulare County.,,,,
93221 Exeter,zcta,93221,Exeter,36.2963943,-119.0299352,337889,,2021-12-31,10,0,Zillow ZIP-level market for Exeter; mapped with Census 2020 ZCTA 93221 in Tulare County.,,,,
93647 Orosi,zcta,93647,Orosi,36.6007599,-119.1754848,252655,,2021-12-31,10,0,Zillow ZIP-level market for Orosi; mapped with Census 2020 ZCTA 93647 in Tulare County.,,,,
93286 Woodlake,zcta,93286,Woodlake,36.4627099,-119.0932419,275618,,2021-12-31,10,0,Zillow ZIP-level market for Woodlake; mapped with Census 2020 ZCTA 93286 in Tulare County.,,,,
93219 Tulare,zcta,93219,Tulare,35.8882375,-119.2949573,203225,,2021-12-31,10,0,Zillow ZIP-level market for Tulare; mapped with Census 2020 ZCTA 93219 in Tulare County.,,,,
93223 Farmersville,zcta,93223,Farmersville,36.3011122,-119.207875,242853,,2021-12-31,10,0,Zillow ZIP-level market for Farmersville; mapped with Census 2020 ZCTA 93223 in Tulare County.,,,,
93615 Cutler,zcta,93615,Cutler,36.5037388,-119.2838461,248641,,2021-12-31,10,0,Zillow ZIP-level market for Cutler; mapped with Census 2020 ZCTA 93615 in Tulare County.,,,,
93267 Strathmore,zcta,93267,Strathmore,36.1436233,-119.073877,261929,,2021-12-31,10,0,Zillow ZIP-level market for Strathmore; mapped with Census 2020 ZCTA 93267 in Tulare County.,,,,
93256 Pixley,zcta,93256,Pixley,35.9717308,-119.3135106,221328,,2021-12-31,10,0,Zillow ZIP-level market for Pixley; mapped with Census 2020 ZCTA 93256 in Tulare County.,,,,
93272 Tipton,zcta,93272,Tipton,36.0473536,-119.3444282,237723,,2021-12-31,10,0,Zillow ZIP-level market for Tipton; mapped with Census 2020 ZCTA 93272 in Tulare County.,,,,
93270 Terra Bella,zcta,93270,Terra Bella,35.9424478,-119.0583495,326821,,2021-12-31,10,0,Zillow ZIP-level market for Terra Bella; mapped with Census 2020 ZCTA 93270 in Tulare County.,,,,
93235 Ivanhoe,zcta,93235,Ivanhoe,36.385067,-119.2231243,192850,,2021-12-31,10,0,Zillow ZIP-level market for Ivanhoe; mapped with Census 2020 ZCTA 93235 in Tulare County.,,,,
93265 Springville,zcta,93265,Springville,36.217713,-118.6936058,373415,,2021-12-31,10,0,Zillow ZIP-level market for Springville; mapped with Census 2020 ZCTA 93265 in Tulare County.,,,,
93271 Three Rivers,zcta,93271,Three Rivers,36.440041,-118.8802803,497036,,2021-12-31,10,0,Zillow ZIP-level market for Three Rivers; mapped with Census 2020 ZCTA 93271 in Tulare County.,,,,
93201 Alpaugh,zcta,93201,Alpaugh,35.8568588,-119.5075255,179212,,2021-12-31,10,0,Zillow ZIP-level market for Alpaugh; mapped with Census 2020 ZCTA 93201 in Tulare County.,,,,
93261 Richgrove,zcta,93261,Richgrove,35.8114805,-119.1167378,197652,,2021-12-31,10,0,Zillow ZIP-level market for Richgrove; mapped with Census 2020 ZCTA 93261 in Tulare County.,,,,
93218 Earlimart,zcta,93218,Earlimart,35.8571408,-119.0449304,212617,,2021-12-31,10,0,Zillow ZIP-level market for Earlimart; mapped with Census 2020 ZCTA 93218 in Tulare County.,,,,
93244 Lemon Cove,zcta,93244,Lemon Cove,36.38634,-118.9897151,387953,,2021-12-31,10,0,Zillow ZIP-level market for Lemon Cove; mapped with Census 2020 ZCTA 93244 in Tulare County.,,,,
93227 Visalia,zcta,93227,Visalia,36.3444448,-119.418562,252854,,2021-12-31,10,0,Zillow ZIP-level market for Visalia; mapped with Census 2020 ZCTA 93227 in Tulare County.,,,,
93257 Porterville,zcta,93257,Porterville,35.9808583,-118.8893149,284213,,2022-01-31,10,0,Zillow ZIP-level market for Porterville; mapped with Census 2020 ZCTA 93257 in Tulare County.,,,,
93274 Tulare,zcta,93274,Tulare,36.1779345,-119.3799754,315132,,2022-01-31,10,0,Zillow ZIP-level market for Tulare; mapped with Census 2020 ZCTA 93274 in Tulare County.,,,,
93291 Visalia,zcta,93291,Visalia,36.391777,-119.3728419,387138,,2022-01-31,10,0,Zillow ZIP-level market for Visalia; mapped with Census 2020 ZCTA 93291 in Tulare County.,,,,
93277 Visalia,zcta,93277,Visalia,36.301334,-119.3725855,335008,,2022-01-31,10,0,Zillow ZIP-level market for Visalia; mapped with Census 2020 ZCTA 93277 in Tulare County.,,,,
93292 Visalia,zcta,93292,Visalia,36.366243,-119.2116355,359527,,2022-01-31,10,0,Zillow ZIP-level market for Visalia; mapped with Census 2020 ZCTA 93292 in Tulare County.,,,,
93618 Dinuba,zcta,93618,Dinuba,36.5221175,-119.3866282,304785,,2022-01-31,10,0,Zillow ZIP-level market for Dinuba; mapped with Census 2020 ZCTA 93618 in Tulare County.,,,,
93247 Lindsay,zcta,93247,Lindsay,36.2017347,-119.0834779,256547,,2022-01-31,10,0,Zillow ZIP-level market for Lindsay; mapped with Census 2020 ZCTA 93247 in Tulare County.,,,,
93221 Exeter,zcta,93221,Exeter,36.2963943,-119.0299352,342672,,2022-01-31,10,0,Zillow ZIP-level market for Exeter; mapped with Census 2020 ZCTA 93221 in Tulare County.,,,,
93647 Orosi,zcta,93647,Orosi,36.6007599,-119.1754848,256487,,2022-01-31,10,0,Zillow ZIP-level market for Orosi; mapped with Census 2020 ZCTA 93647 in Tulare County.,,,,
93286 Woodlake,zcta,93286,Woodlake,36.4627099,-119.0932419,279617,,2022-01-31,10,0,Zillow ZIP-level market for Woodlake; mapped with Census 2020 ZCTA 93286 in Tulare County.,,,,
93219 Tulare,zcta,93219,Tulare,35.8882375,-119.2949573,206996,,2022-01-31,10,0,Zillow ZIP-level market for Tulare; mapped with Census 2020 ZCTA 93219 in Tulare County.,,,,
93223 Farmersville,zcta,93223,Farmersville,36.3011122,-119.207875,246846,,2022-01-31,10,0,Zillow ZIP-level market for Farmersville; mapped with Census 2020 ZCTA 93223 in Tulare County.,,,,
93615 Cutler,zcta,93615,Cutler,36.5037388,-119.2838461,251608,,2022-01-31,10,0,Zillow ZIP-level market for Cutler; mapped with Census 2020 ZCTA 93615 in Tulare County.,,,,
93267 Strathmore,zcta,93267,Strathmore,36.1436233,-119.073877,266631,,2022-01-31,10,0,Zillow ZIP-level market for Strathmore; mapped with Census 2020 ZCTA 93267 in Tulare County.,,,,
93256 Pixley,zcta,93256,Pixley,35.9717308,-119.3135106,224946,,2022-01-31,10,0,Zillow ZIP-level market for Pixley; mapped with Census 2020 ZCTA 93256 in Tulare County.,,,,
93272 Tipton,zcta,93272,Tipton,36.0473536,-119.3444282,241710,,2022-01-31,10,0,Zillow ZIP-level market for Tipton; mapped with Census 2020 ZCTA 93272 in Tulare County.,,,,
93270 Terra Bella,zcta,93270,Terra Bella,35.9424478,-119.0583495,331099,,2022-01-31,10,0,Zillow ZIP-level market for Terra Bella; mapped with Census 2020 ZCTA 93270 in Tulare County.,,,,
93235 Ivanhoe,zcta,93235,Ivanhoe,36.385067,-119.2231243,196599,,2022-01-31,10,0,Zillow ZIP-level market for Ivanhoe; mapped with Census 2020 ZCTA 93235 in Tulare County.,,,,
93265 Springville,zcta,93265,Springville,36.217713,-118.6936058,377227,,2022-01-31,10,0,Zillow ZIP-level market for Springville; mapped with Census 2020 ZCTA 93265 in Tulare County.,,,,
93271 Three Rivers,zcta,93271,Three Rivers,36.440041,-118.8802803,502623,,2022-01-31,10,0,Zillow ZIP-level market for Three Rivers; mapped with Census 2020 ZCTA 93271 in Tulare County.,,,,
93201 Alpaugh,zcta,93201,Alpaugh,35.8568588,-119.5075255,183967,,2022-01-31,10,0,Zillow ZIP-level market for Alpaugh; mapped with Census 2020 ZCTA 93201 in Tulare County.,,,,
93261 Richgrove,zcta,93261,Richgrove,35.8114805,-119.1167378,201277,,2022-01-31,10,0,Zillow ZIP-level market for Richgrove; mapped with Census 2020 ZCTA 93261 in Tulare County.,,,,
93218 Earlimart,zcta,93218,Earlimart,35.8571408,-119.0449304,216423,,2022-01-31,10,0,Zillow ZIP-level market for Earlimart; mapped with Census 2020 ZCTA 93218 in Tulare County.,,,,
93244 Lemon Cove,zcta,93244,Lemon Cove,36.38634,-118.9897151,390359,,2022-01-31,10,0,Zillow ZIP-level market for Lemon Cove; mapped with Census 2020 ZCTA 93244 in Tulare County.,,,,
93227 Visalia,zcta,93227,Visalia,36.3444448,-119.418562,257767,,2022-01-31,10,0,Zillow ZIP-level market for Visalia; mapped with Census 2020 ZCTA 93227 in Tulare County.,,,,
93257 Porterville,zcta,93257,Porterville,35.9808583,-118.8893149,288026,,2022-02-28,10,0,Zillow ZIP-level market for Porterville; mapped with Census 2020 ZCTA 93257 in Tulare County.,,,,
93274 Tulare,zcta,93274,Tulare,36.1779345,-119.3799754,320064,,2022-02-28,10,0,Zillow ZIP-level market for Tulare; mapped with Census 2020 ZCTA 93274 in Tulare County.,,,,
93291 Visalia,zcta,93291,Visalia,36.391777,-119.3728419,392869,,2022-02-28,10,0,Zillow ZIP-level market for Visalia; mapped with Census 2020 ZCTA 93291 in Tulare County.,,,,
93277 Visalia,zcta,93277,Visalia,36.301334,-119.3725855,340059,,2022-02-28,10,0,Zillow ZIP-level market for Visalia; mapped with Census 2020 ZCTA 93277 in Tulare County.,,,,
93292 Visalia,zcta,93292,Visalia,36.366243,-119.2116355,365282,,2022-02-28,10,0,Zillow ZIP-level market for Visalia; mapped with Census 2020 ZCTA 93292 in Tulare County.,,,,
93618 Dinuba,zcta,93618,Dinuba,36.5221175,-119.3866282,309718,,2022-02-28,10,0,Zillow ZIP-level market for Dinuba; mapped with Census 2020 ZCTA 93618 in Tulare County.,,,,
93247 Lindsay,zcta,93247,Lindsay,36.2017347,-119.0834779,260792,,2022-02-28,10,0,Zillow ZIP-level market for Lindsay; mapped with Census 2020 ZCTA 93247 in Tulare County.,,,,
93221 Exeter,zcta,93221,Exeter,36.2963943,-119.0299352,347481,,2022-02-28,10,0,Zillow ZIP-level market for Exeter; mapped with Census 2020 ZCTA 93221 in Tulare County.,,,,
93647 Orosi,zcta,93647,Orosi,36.6007599,-119.1754848,261179,,2022-02-28,10,0,Zillow ZIP-level market for Orosi; mapped with Census 2020 ZCTA 93647 in Tulare County.,,,,
93286 Woodlake,zcta,93286,Woodlake,36.4627099,-119.0932419,284051,,2022-02-28,10,0,Zillow ZIP-level market for Woodlake; mapped with Census 2020 ZCTA 93286 in Tulare County.,,,,
93219 Tulare,zcta,93219,Tulare,35.8882375,-119.2949573,212554,,2022-02-28,10,0,Zillow ZIP-level market for Tulare; mapped with Census 2020 ZCTA 93219 in Tulare County.,,,,
93223 Farmersville,zcta,93223,Farmersville,36.3011122,-119.207875,251549,,2022-02-28,10,0,Zillow ZIP-level market for Farmersville; mapped with Census 2020 ZCTA 93223 in Tulare County.,,,,
93615 Cutler,zcta,93615,Cutler,36.5037388,-119.2838461,254506,,2022-02-28,10,0,Zillow ZIP-level market for Cutler; mapped with Census 2020 ZCTA 93615 in Tulare County.,,,,
93267 Strathmore,zcta,93267,Strathmore,36.1436233,-119.073877,271599,,2022-02-28,10,0,Zillow ZIP-level market for Strathmore; mapped with Census 2020 ZCTA 93267 in Tulare County.,,,,
93256 Pixley,zcta,93256,Pixley,35.9717308,-119.3135106,228999,,2022-02-28,10,0,Zillow ZIP-level market for Pixley; mapped with Census 2020 ZCTA 93256 in Tulare County.,,,,
93272 Tipton,zcta,93272,Tipton,36.0473536,-119.3444282,245984,,2022-02-28,10,0,Zillow ZIP-level market for Tipton; mapped with Census 2020 ZCTA 93272 in Tulare County.,,,,
93270 Terra Bella,zcta,93270,Terra Bella,35.9424478,-119.0583495,335383,,2022-02-28,10,0,Zillow ZIP-level market for Terra Bella; mapped with Census 2020 ZCTA 93270 in Tulare County.,,,,
93235 Ivanhoe,zcta,93235,Ivanhoe,36.385067,-119.2231243,200165,,2022-02-28,10,0,Zillow ZIP-level market for Ivanhoe; mapped with Census 2020 ZCTA 93235 in Tulare County.,,,,
93265 Springville,zcta,93265,Springville,36.217713,-118.6936058,381401,,2022-02-28,10,0,Zillow ZIP-level market for Springville; mapped with Census 2020 ZCTA 93265 in Tulare County.,,,,
93271 Three Rivers,zcta,93271,Three Rivers,36.440041,-118.8802803,508048,,2022-02-28,10,0,Zillow ZIP-level market for Three Rivers; mapped with Census 2020 ZCTA 93271 in Tulare County.,,,,
93201 Alpaugh,zcta,93201,Alpaugh,35.8568588,-119.5075255,188086,,2022-02-28,10,0,Zillow ZIP-level market for Alpaugh; mapped with Census 2020 ZCTA 93201 in Tulare County.,,,,
93261 Richgrove,zcta,93261,Richgrove,35.8114805,-119.1167378,206710,,2022-02-28,10,0,Zillow ZIP-level market for Richgrove; mapped with Census 2020 ZCTA 93261 in Tulare County.,,,,
93218 Earlimart,zcta,93218,Earlimart,35.8571408,-119.0449304,219902,,2022-02-28,10,0,Zillow ZIP-level market for Earlimart; mapped with Census 2020 ZCTA 93218 in Tulare County.,,,,
93244 Lemon Cove,zcta,93244,Lemon Cove,36.38634,-118.9897151,391573,,2022-02-28,10,0,Zillow ZIP-level market for Lemon Cove; mapped with Census 2020 ZCTA 93244 in Tulare County.,,,,
93227 Visalia,zcta,93227,Visalia,36.3444448,-119.418562,264126,,2022-02-28,10,0,Zillow ZIP-level market for Visalia; mapped with Census 2020 ZCTA 93227 in Tulare County.,,,,
93257 Porterville,zcta,93257,Porterville,35.9808583,-118.8893149,292216,,2022-03-31,10,0,Zillow ZIP-level market for Porterville; mapped with Census 2020 ZCTA 93257 in Tulare County.,,,,
93274 Tulare,zcta,93274,Tulare,36.1779345,-119.3799754,325325,,2022-03-31,10,0,Zillow ZIP-level market for Tulare; mapped with Census 2020 ZCTA 93274 in Tulare County.,,,,
93291 Visalia,zcta,93291,Visalia,36.391777,-119.3728419,399147,,2022-03-31,10,0,Zillow ZIP-level market for Visalia; mapped with Census 2020 ZCTA 93291 in Tulare County.,,,,
93277 Visalia,zcta,93277,Visalia,36.301334,-119.3725855,345244,,2022-03-31,10,0,Zillow ZIP-level market for Visalia; mapped with Census 2020 ZCTA 93277 in Tulare County.,,,,
93292 Visalia,zcta,93292,Visalia,36.366243,-119.2116355,371243,,2022-03-31,10,0,Zillow ZIP-level market for Visalia; mapped with Census 2020 ZCTA 93292 in Tulare County.,,,,
93618 Dinuba,zcta,93618,Dinuba,36.5221175,-119.3866282,314905,,2022-03-31,10,0,Zillow ZIP-level market for Dinuba; mapped with Census 2020 ZCTA 93618 in Tulare County.,,,,
93247 Lindsay,zcta,93247,Lindsay,36.2017347,-119.0834779,265537,,2022-03-31,10,0,Zillow ZIP-level market for Lindsay; mapped with Census 2020 ZCTA 93247 in Tulare County.,,,,
93221 Exeter,zcta,93221,Exeter,36.2963943,-119.0299352,352509,,2022-03-31,10,0,Zillow ZIP-level market for Exeter; mapped with Census 2020 ZCTA 93221 in Tulare County.,,,,
93647 Orosi,zcta,93647,Orosi,36.6007599,-119.1754848,267183,,2022-03-31,10,0,Zillow ZIP-level market for Orosi; mapped with Census 2020 ZCTA 93647 in Tulare County.,,,,
93286 Woodlake,zcta,93286,Woodlake,36.4627099,-119.0932419,288954,,2022-03-31,10,0,Zillow ZIP-level market for Woodlake; mapped with Census 2020 ZCTA 93286 in Tulare County.,,,,
93219 Tulare,zcta,93219,Tulare,35.8882375,-119.2949573,219607,,2022-03-31,10,0,Zillow ZIP-level market for Tulare; mapped with Census 2020 ZCTA 93219 in Tulare County.,,,,
93223 Farmersville,zcta,93223,Farmersville,36.3011122,-119.207875,256839,,2022-03-31,10,0,Zillow ZIP-level market for Farmersville; mapped with Census 2020 ZCTA 93223 in Tulare County.,,,,
93615 Cutler,zcta,93615,Cutler,36.5037388,-119.2838461,258965,,2022-03-31,10,0,Zillow ZIP-level market for Cutler; mapped with Census 2020 ZCTA 93615 in Tulare County.,,,,
93267 Strathmore,zcta,93267,Strathmore,36.1436233,-119.073877,276815,,2022-03-31,10,0,Zillow ZIP-level market for Strathmore; mapped with Census 2020 ZCTA 93267 in Tulare County.,,,,
93256 Pixley,zcta,93256,Pixley,35.9717308,-119.3135106,233597,,2022-03-31,10,0,Zillow ZIP-level market for Pixley; mapped with Census 2020 ZCTA 93256 in Tulare County.,,,,
93272 Tipton,zcta,93272,Tipton,36.0473536,-119.3444282,250055,,2022-03-31,10,0,Zillow ZIP-level market for Tipton; mapped with Census 2020 ZCTA 93272 in Tulare County.,,,,
93270 Terra Bella,zcta,93270,Terra Bella,35.9424478,-119.0583495,340670,,2022-03-31,10,0,Zillow ZIP-level market for Terra Bella; mapped with Census 2020 ZCTA 93270 in Tulare County.,,,,
93235 Ivanhoe,zcta,93235,Ivanhoe,36.385067,-119.2231243,204320,,2022-03-31,10,0,Zillow ZIP-level market for Ivanhoe; mapped with Census 2020 ZCTA 93235 in Tulare County.,,,,
93265 Springville,zcta,93265,Springville,36.217713,-118.6936058,385237,,2022-03-31,10,0,Zillow ZIP-level market for Springville; mapped with Census 2020 ZCTA 93265 in Tulare County.,,,,
93271 Three Rivers,zcta,93271,Three Rivers,36.440041,-118.8802803,515588,,2022-03-31,10,0,Zillow ZIP-level market for Three Rivers; mapped with Census 2020 ZCTA 93271 in Tulare County.,,,,
93201 Alpaugh,zcta,93201,Alpaugh,35.8568588,-119.5075255,192450,,2022-03-31,10,0,Zillow ZIP-level market for Alpaugh; mapped with Census 2020 ZCTA 93201 in Tulare County.,,,,
93261 Richgrove,zcta,93261,Richgrove,35.8114805,-119.1167378,213991,,2022-03-31,10,0,Zillow ZIP-level market for Richgrove; mapped with Census 2020 ZCTA 93261 in Tulare County.,,,,
93218 Earlimart,zcta,93218,Earlimart,35.8571408,-119.0449304,224012,,2022-03-31,10,0,Zillow ZIP-level market for Earlimart; mapped with Census 2020 ZCTA 93218 in Tulare County.,,,,
93244 Lemon Cove,zcta,93244,Lemon Cove,36.38634,-118.9897151,394080,,2022-03-31,10,0,Zillow ZIP-level market for Lemon Cove; mapped with Census 2020 ZCTA 93244 in Tulare County.,,,,
93227 Visalia,zcta,93227,Visalia,36.3444448,-119.418562,271752,,2022-03-31,10,0,Zillow ZIP-level market for Visalia; mapped with Census 2020 ZCTA 93227 in Tulare County.,,,,
93257 Porterville,zcta,93257,Porterville,35.9808583,-118.8893149,295937,,2022-04-30,10,0,Zillow ZIP-level market for Porterville; mapped with Census 2020 ZCTA 93257 in Tulare County.,,,,
93274 Tulare,zcta,93274,Tulare,36.1779345,-119.3799754,330435,,2022-04-30,10,0,Zillow ZIP-level market for Tulare; mapped with Census 2020 ZCTA 93274 in Tulare County.,,,,
93291 Visalia,zcta,93291,Visalia,36.391777,-119.3728419,405964,,2022-04-30,10,0,Zillow ZIP-level market for Visalia; mapped with Census 2020 ZCTA 93291 in Tulare County.,,,,
93277 Visalia,zcta,93277,Visalia,36.301334,-119.3725855,350664,,2022-04-30,10,0,Zillow ZIP-level market for Visalia; mapped with Census 2020 ZCTA 93277 in Tulare County.,,,,
93292 Visalia,zcta,93292,Visalia,36.366243,-119.2116355,377444,,2022-04-30,10,0,Zillow ZIP-level market for Visalia; mapped with Census 2020 ZCTA 93292 in Tulare County.,,,,
93618 Dinuba,zcta,93618,Dinuba,36.5221175,-119.3866282,319709,,2022-04-30,10,0,Zillow ZIP-level market for Dinuba; mapped with Census 2020 ZCTA 93618 in Tulare County.,,,,
93247 Lindsay,zcta,93247,Lindsay,36.2017347,-119.0834779,269712,,2022-04-30,10,0,Zillow ZIP-level market for Lindsay; mapped with Census 2020 ZCTA 93247 in Tulare County.,,,,
93221 Exeter,zcta,93221,Exeter,36.2963943,-119.0299352,357924,,2022-04-30,10,0,Zillow ZIP-level market for Exeter; mapped with Census 2020 ZCTA 93221 in Tulare County.,,,,
93647 Orosi,zcta,93647,Orosi,36.6007599,-119.1754848,271769,,2022-04-30,10,0,Zillow ZIP-level market for Orosi; mapped with Census 2020 ZCTA 93647 in Tulare County.,,,,
93286 Woodlake,zcta,93286,Woodlake,36.4627099,-119.0932419,293412,,2022-04-30,10,0,Zillow ZIP-level market for Woodlake; mapped with Census 2020 ZCTA 93286 in Tulare County.,,,,
93219 Tulare,zcta,93219,Tulare,35.8882375,-119.2949573,225369,,2022-04-30,10,0,Zillow ZIP-level market for Tulare; mapped with Census 2020 ZCTA 93219 in Tulare County.,,,,
93223 Farmersville,zcta,93223,Farmersville,36.3011122,-119.207875,261371,,2022-04-30,10,0,Zillow ZIP-level market for Farmersville; mapped with Census 2020 ZCTA 93223 in Tulare County.,,,,
93615 Cutler,zcta,93615,Cutler,36.5037388,-119.2838461,262541,,2022-04-30,10,0,Zillow ZIP-level market for Cutler; mapped with Census 2020 ZCTA 93615 in Tulare County.,,,,
93267 Strathmore,zcta,93267,Strathmore,36.1436233,-119.073877,280772,,2022-04-30,10,0,Zillow ZIP-level market for Strathmore; mapped with Census 2020 ZCTA 93267 in Tulare County.,,,,
93256 Pixley,zcta,93256,Pixley,35.9717308,-119.3135106,237321,,2022-04-30,10,0,Zillow ZIP-level market for Pixley; mapped with Census 2020 ZCTA 93256 in Tulare County.,,,,
93272 Tipton,zcta,93272,Tipton,36.0473536,-119.3444282,253502,,2022-04-30,10,0,Zillow ZIP-level market for Tipton; mapped with Census 2020 ZCTA 93272 in Tulare County.,,,,
93270 Terra Bella,zcta,93270,Terra Bella,35.9424478,-119.0583495,345459,,2022-04-30,10,0,Zillow ZIP-level market for Terra Bella; mapped with Census 2020 ZCTA 93270 in Tulare County.,,,,
93235 Ivanhoe,zcta,93235,Ivanhoe,36.385067,-119.2231243,208133,,2022-04-30,10,0,Zillow ZIP-level market for Ivanhoe; mapped with Census 2020 ZCTA 93235 in Tulare County.,,,,
93265 Springville,zcta,93265,Springville,36.217713,-118.6936058,390154,,2022-04-30,10,0,Zillow ZIP-level market for Springville; mapped with Census 2020 ZCTA 93265 in Tulare County.,,,,
93271 Three Rivers,zcta,93271,Three Rivers,36.440041,-118.8802803,524832,,2022-04-30,10,0,Zillow ZIP-level market for Three Rivers; mapped with Census 2020 ZCTA 93271 in Tulare County.,,,,
93201 Alpaugh,zcta,93201,Alpaugh,35.8568588,-119.5075255,195142,,2022-04-30,10,0,Zillow ZIP-level market for Alpaugh; mapped with Census 2020 ZCTA 93201 in Tulare County.,,,,
93261 Richgrove,zcta,93261,Richgrove,35.8114805,-119.1167378,219056,,2022-04-30,10,0,Zillow ZIP-level market for Richgrove; mapped with Census 2020 ZCTA 93261 in Tulare County.,,,,
93218 Earlimart,zcta,93218,Earlimart,35.8571408,-119.0449304,227522,,2022-04-30,10,0,Zillow ZIP-level market for Earlimart; mapped with Census 2020 ZCTA 93218 in Tulare County.,,,,
93244 Lemon Cove,zcta,93244,Lemon Cove,36.38634,-118.9897151,397949,,2022-04-30,10,0,Zillow ZIP-level market for Lemon Cove; mapped with Census 2020 ZCTA 93244 in Tulare County.,,,,
93227 Visalia,zcta,93227,Visalia,36.3444448,-119.418562,276843,,2022-04-30,10,0,Zillow ZIP-level market for Visalia; mapped with Census 2020 ZCTA 93227 in Tulare County.,,,,
93257 Porterville,zcta,93257,Porterville,35.9808583,-118.8893149,298956,,2022-05-31,10,0,Zillow ZIP-level market for Porterville; mapped with Census 2020 ZCTA 93257 in Tulare County.,,,,
93274 Tulare,zcta,93274,Tulare,36.1779345,-119.3799754,335117,,2022-05-31,10,0,Zillow ZIP-level market for Tulare; mapped with Census 2020 ZCTA 93274 in Tulare County.,,,,
93291 Visalia,zcta,93291,Visalia,36.391777,-119.3728419,411969,,2022-05-31,10,0,Zillow ZIP-level market for Visalia; mapped with Census 2020 ZCTA 93291 in Tulare County.,,,,
93277 Visalia,zcta,93277,Visalia,36.301334,-119.3725855,355464,,2022-05-31,10,0,Zillow ZIP-level market for Visalia; mapped with Census 2020 ZCTA 93277 in Tulare County.,,,,
93292 Visalia,zcta,93292,Visalia,36.366243,-119.2116355,382968,,2022-05-31,10,0,Zillow ZIP-level market for Visalia; mapped with Census 2020 ZCTA 93292 in Tulare County.,,,,
93618 Dinuba,zcta,93618,Dinuba,36.5221175,-119.3866282,323579,,2022-05-31,10,0,Zillow ZIP-level market for Dinuba; mapped with Census 2020 ZCTA 93618 in Tulare County.,,,,
93247 Lindsay,zcta,93247,Lindsay,36.2017347,-119.0834779,273255,,2022-05-31,10,0,Zillow ZIP-level market for Lindsay; mapped with Census 2020 ZCTA 93247 in Tulare County.,,,,
93221 Exeter,zcta,93221,Exeter,36.2963943,-119.0299352,362947,,2022-05-31,10,0,Zillow ZIP-level market for Exeter; mapped with Census 2020 ZCTA 93221 in Tulare County.,,,,
93647 Orosi,zcta,93647,Orosi,36.6007599,-119.1754848,275895,,2022-05-31,10,0,Zillow ZIP-level market for Orosi; mapped with Census 2020 ZCTA 93647 in Tulare County.,,,,
93286 Woodlake,zcta,93286,Woodlake,36.4627099,-119.0932419,297419,,2022-05-31,10,0,Zillow ZIP-level market for Woodlake; mapped with Census 2020 ZCTA 93286 in Tulare County.,,,,
93219 Tulare,zcta,93219,Tulare,35.8882375,-119.2949573,229769,,2022-05-31,10,0,Zillow ZIP-level market for Tulare; mapped with Census 2020 ZCTA 93219 in Tulare County.,,,,
93223 Farmersville,zcta,93223,Farmersville,36.3011122,-119.207875,265044,,2022-05-31,10,0,Zillow ZIP-level market for Farmersville; mapped with Census 2020 ZCTA 93223 in Tulare County.,,,,
93615 Cutler,zcta,93615,Cutler,36.5037388,-119.2838461,265730,,2022-05-31,10,0,Zillow ZIP-level market for Cutler; mapped with Census 2020 ZCTA 93615 in Tulare County.,,,,
93267 Strathmore,zcta,93267,Strathmore,36.1436233,-119.073877,284387,,2022-05-31,10,0,Zillow ZIP-level market for Strathmore; mapped with Census 2020 ZCTA 93267 in Tulare County.,,,,
93256 Pixley,zcta,93256,Pixley,35.9717308,-119.3135106,240207,,2022-05-31,10,0,Zillow ZIP-level market for Pixley; mapped with Census 2020 ZCTA 93256 in Tulare County.,,,,
93272 Tipton,zcta,93272,Tipton,36.0473536,-119.3444282,256656,,2022-05-31,10,0,Zillow ZIP-level market for Tipton; mapped with Census 2020 ZCTA 93272 in Tulare County.,,,,
93270 Terra Bella,zcta,93270,Terra Bella,35.9424478,-119.0583495,349793,,2022-05-31,10,0,Zillow ZIP-level market for Terra Bella; mapped with Census 2020 ZCTA 93270 in Tulare County.,,,,
93235 Ivanhoe,zcta,93235,Ivanhoe,36.385067,-119.2231243,211437,,2022-05-31,10,0,Zillow ZIP-level market for Ivanhoe; mapped with Census 2020 ZCTA 93235 in Tulare County.,,,,
93265 Springville,zcta,93265,Springville,36.217713,-118.6936058,395020,,2022-05-31,10,0,Zillow ZIP-level market for Springville; mapped with Census 2020 ZCTA 93265 in Tulare County.,,,,
93271 Three Rivers,zcta,93271,Three Rivers,36.440041,-118.8802803,534158,,2022-05-31,10,0,Zillow ZIP-level market for Three Rivers; mapped with Census 2020 ZCTA 93271 in Tulare County.,,,,
93201 Alpaugh,zcta,93201,Alpaugh,35.8568588,-119.5075255,196992,,2022-05-31,10,0,Zillow ZIP-level market for Alpaugh; mapped with Census 2020 ZCTA 93201 in Tulare County.,,,,
93261 Richgrove,zcta,93261,Richgrove,35.8114805,-119.1167378,223116,,2022-05-31,10,0,Zillow ZIP-level market for Richgrove; mapped with Census 2020 ZCTA 93261 in Tulare County.,,,,
93218 Earlimart,zcta,93218,Earlimart,35.8571408,-119.0449304,231223,,2022-05-31,10,0,Zillow ZIP-level market for Earlimart; mapped with Census 2020 ZCTA 93218 in Tulare County.,,,,
93244 Lemon Cove,zcta,93244,Lemon Cove,36.38634,-118.9897151,402352,,2022-05-31,10,0,Zillow ZIP-level market for Lemon Cove; mapped with Census 2020 ZCTA 93244 in Tulare County.,,,,
93227 Visalia,zcta,93227,Visalia,36.3444448,-119.418562,279926,,2022-05-31,10,0,Zillow ZIP-level market for Visalia; mapped with Census 2020 ZCTA 93227 in Tulare County.,,,,
93257 Porterville,zcta,93257,Porterville,35.9808583,-118.8893149,301386,,2022-06-30,10,0,Zillow ZIP-level market for Porterville; mapped with Census 2020 ZCTA 93257 in Tulare County.,,,,
93274 Tulare,zcta,93274,Tulare,36.1779345,-119.3799754,339146,,2022-06-30,10,0,Zillow ZIP-level market for Tulare; mapped with Census 2020 ZCTA 93274 in Tulare County.,,,,
93291 Visalia,zcta,93291,Visalia,36.391777,-119.3728419,416964,1788,2022-06-30,10,0,Zillow ZIP-level market for Visalia; mapped with Census 2020 ZCTA 93291 in Tulare County.,,1788,Zillow ZORI,
93277 Visalia,zcta,93277,Visalia,36.301334,-119.3725855,359472,1480,2022-06-30,10,0,Zillow ZIP-level market for Visalia; mapped with Census 2020 ZCTA 93277 in Tulare County.,,1480,Zillow ZORI,
93292 Visalia,zcta,93292,Visalia,36.366243,-119.2116355,387486,,2022-06-30,10,0,Zillow ZIP-level market for Visalia; mapped with Census 2020 ZCTA 93292 in Tulare County.,,,,
93618 Dinuba,zcta,93618,Dinuba,36.5221175,-119.3866282,326839,,2022-06-30,10,0,Zillow ZIP-level market for Dinuba; mapped with Census 2020 ZCTA 93618 in Tulare County.,,,,
93247 Lindsay,zcta,93247,Lindsay,36.2017347,-119.0834779,276092,,2022-06-30,10,0,Zillow ZIP-level market for Lindsay; mapped with Census 2020 ZCTA 93247 in Tulare County.,,,,
93221 Exeter,zcta,93221,Exeter,36.2963943,-119.0299352,367661,,2022-06-30,10,0,Zillow ZIP-level market for Exeter; mapped with Census 2020 ZCTA 93221 in Tulare County.,,,,
93647 Orosi,zcta,93647,Orosi,36.6007599,-119.1754848,279341,,2022-06-30,10,0,Zillow ZIP-level market for Orosi; mapped with Census 2020 ZCTA 93647 in Tulare County.,,,,
93286 Woodlake,zcta,93286,Woodlake,36.4627099,-119.0932419,301305,,2022-06-30,10,0,Zillow ZIP-level market for Woodlake; mapped with Census 2020 ZCTA 93286 in Tulare County.,,,,
93219 Tulare,zcta,93219,Tulare,35.8882375,-119.2949573,233084,,2022-06-30,10,0,Zillow ZIP-level market for Tulare; mapped with Census 2020 ZCTA 93219 in Tulare County.,,,,
93223 Farmersville,zcta,93223,Farmersville,36.3011122,-119.207875,268114,,2022-06-30,10,0,Zillow ZIP-level market for Farmersville; mapped with Census 2020 ZCTA 93223 in Tulare County.,,,,
93615 Cutler,zcta,93615,Cutler,36.5037388,-119.2838461,267219,,2022-06-30,10,0,Zillow ZIP-level market for Cutler; mapped with Census 2020 ZCTA 93615 in Tulare County.,,,,
93267 Strathmore,zcta,93267,Strathmore,36.1436233,-119.073877,286621,,2022-06-30,10,0,Zillow ZIP-level market for Strathmore; mapped with Census 2020 ZCTA 93267 in Tulare County.,,,,
93256 Pixley,zcta,93256,Pixley,35.9717308,-119.3135106,242532,,2022-06-30,10,0,Zillow ZIP-level market for Pixley; mapped with Census 2020 ZCTA 93256 in Tulare County.,,,,
93272 Tipton,zcta,93272,Tipton,36.0473536,-119.3444282,259718,,2022-06-30,10,0,Zillow ZIP-level market for Tipton; mapped with Census 2020 ZCTA 93272 in Tulare County.,,,,
93270 Terra Bella,zcta,93270,Terra Bella,35.9424478,-119.0583495,353306,,2022-06-30,10,0,Zillow ZIP-level market for Terra Bella; mapped with Census 2020 ZCTA 93270 in Tulare County.,,,,
93235 Ivanhoe,zcta,93235,Ivanhoe,36.385067,-119.2231243,213868,,2022-06-30,10,0,Zillow ZIP-level market for Ivanhoe; mapped with Census 2020 ZCTA 93235 in Tulare County.,,,,
93265 Springville,zcta,93265,Springville,36.217713,-118.6936058,399756,,2022-06-30,10,0,Zillow ZIP-level market for Springville; mapped with Census 2020 ZCTA 93265 in Tulare County.,,,,
93271 Three Rivers,zcta,93271,Three Rivers,36.440041,-118.8802803,541724,,2022-06-30,10,0,Zillow ZIP-level market for Three Rivers; mapped with Census 2020 ZCTA 93271 in Tulare County.,,,,
93201 Alpaugh,zcta,93201,Alpaugh,35.8568588,-119.5075255,198311,,2022-06-30,10,0,Zillow ZIP-level market for Alpaugh; mapped with Census 2020 ZCTA 93201 in Tulare County.,,,,
93261 Richgrove,zcta,93261,Richgrove,35.8114805,-119.1167378,226031,,2022-06-30,10,0,Zillow ZIP-level market for Richgrove; mapped with Census 2020 ZCTA 93261 in Tulare County.,,,,
93218 Earlimart,zcta,93218,Earlimart,35.8571408,-119.0449304,233929,,2022-06-30,10,0,Zillow ZIP-level market for Earlimart; mapped with Census 2020 ZCTA 93218 in Tulare County.,,,,
93244 Lemon Cove,zcta,93244,Lemon Cove,36.38634,-118.9897151,405883,,2022-06-30,10,0,Zillow ZIP-level market for Lemon Cove; mapped with Census 2020 ZCTA 93244 in Tulare County.,,,,
93227 Visalia,zcta,93227,Visalia,36.3444448,-119.418562,282416,,2022-06-30,10,0,Zillow ZIP-level market for Visalia; mapped with Census 2020 ZCTA 93227 in Tulare County.,,,,
93257 Porterville,zcta,93257,Porterville,35.9808583,-118.8893149,303508,,2022-07-31,10,0,Zillow ZIP-level market for Porterville; mapped with Census 2020 ZCTA 93257 in Tulare County.,,,,
93274 Tulare,zcta,93274,Tulare,36.1779345,-119.3799754,341897,,2022-07-31,10,0,Zillow ZIP-level market for Tulare; mapped with Census 2020 ZCTA 93274 in Tulare County.,,,,
93291 Visalia,zcta,93291,Visalia,36.391777,-119.3728419,419766,1837,2022-07-31,10,0,Zillow ZIP-level market for Visalia; mapped with Census 2020 ZCTA 93291 in Tulare County.,,1837,Zillow ZORI,
93277 Visalia,zcta,93277,Visalia,36.301334,-119.3725855,361775,1487,2022-07-31,10,0,Zillow ZIP-level market for Visalia; mapped with Census 2020 ZCTA 93277 in Tulare County.,,1487,Zillow ZORI,
93292 Visalia,zcta,93292,Visalia,36.366243,-119.2116355,389996,,2022-07-31,10,0,Zillow ZIP-level market for Visalia; mapped with Census 2020 ZCTA 93292 in Tulare County.,,,,
93618 Dinuba,zcta,93618,Dinuba,36.5221175,-119.3866282,328951,,2022-07-31,10,0,Zillow ZIP-level market for Dinuba; mapped with Census 2020 ZCTA 93618 in Tulare County.,,,,
93247 Lindsay,zcta,93247,Lindsay,36.2017347,-119.0834779,277790,,2022-07-31,10,0,Zillow ZIP-level market for Lindsay; mapped with Census 2020 ZCTA 93247 in Tulare County.,,,,
93221 Exeter,zcta,93221,Exeter,36.2963943,-119.0299352,370615,,2022-07-31,10,0,Zillow ZIP-level market for Exeter; mapped with Census 2020 ZCTA 93221 in Tulare County.,,,,
93647 Orosi,zcta,93647,Orosi,36.6007599,-119.1754848,282552,,2022-07-31,10,0,Zillow ZIP-level market for Orosi; mapped with Census 2020 ZCTA 93647 in Tulare County.,,,,
93286 Woodlake,zcta,93286,Woodlake,36.4627099,-119.0932419,304048,,2022-07-31,10,0,Zillow ZIP-level market for Woodlake; mapped with Census 2020 ZCTA 93286 in Tulare County.,,,,
93219 Tulare,zcta,93219,Tulare,35.8882375,-119.2949573,235899,,2022-07-31,10,0,Zillow ZIP-level market for Tulare; mapped with Census 2020 ZCTA 93219 in Tulare County.,,,,
93223 Farmersville,zcta,93223,Farmersville,36.3011122,-119.207875,270648,,2022-07-31,10,0,Zillow ZIP-level market for Farmersville; mapped with Census 2020 ZCTA 93223 in Tulare County.,,,,
93615 Cutler,zcta,93615,Cutler,36.5037388,-119.2838461,268531,,2022-07-31,10,0,Zillow ZIP-level market for Cutler; mapped with Census 2020 ZCTA 93615 in Tulare County.,,,,
93267 Strathmore,zcta,93267,Strathmore,36.1436233,-119.073877,287455,,2022-07-31,10,0,Zillow ZIP-level market for Strathmore; mapped with Census 2020 ZCTA 93267 in Tulare County.,,,,
93256 Pixley,zcta,93256,Pixley,35.9717308,-119.3135106,244412,,2022-07-31,10,0,Zillow ZIP-level market for Pixley; mapped with Census 2020 ZCTA 93256 in Tulare County.,,,,
93272 Tipton,zcta,93272,Tipton,36.0473536,-119.3444282,261434,,2022-07-31,10,0,Zillow ZIP-level market for Tipton; mapped with Census 2020 ZCTA 93272 in Tulare County.,,,,
93270 Terra Bella,zcta,93270,Terra Bella,35.9424478,-119.0583495,354974,,2022-07-31,10,0,Zillow ZIP-level market for Terra Bella; mapped with Census 2020 ZCTA 93270 in Tulare County.,,,,
93235 Ivanhoe,zcta,93235,Ivanhoe,36.385067,-119.2231243,215617,,2022-07-31,10,0,Zillow ZIP-level market for Ivanhoe; mapped with Census 2020 ZCTA 93235 in Tulare County.,,,,
93265 Springville,zcta,93265,Springville,36.217713,-118.6936058,401166,,2022-07-31,10,0,Zillow ZIP-level market for Springville; mapped with Census 2020 ZCTA 93265 in Tulare County.,,,,
93271 Three Rivers,zcta,93271,Three Rivers,36.440041,-118.8802803,543826,,2022-07-31,10,0,Zillow ZIP-level market for Three Rivers; mapped with Census 2020 ZCTA 93271 in Tulare County.,,,,
93201 Alpaugh,zcta,93201,Alpaugh,35.8568588,-119.5075255,199238,,2022-07-31,10,0,Zillow ZIP-level market for Alpaugh; mapped with Census 2020 ZCTA 93201 in Tulare County.,,,,
93261 Richgrove,zcta,93261,Richgrove,35.8114805,-119.1167378,229082,,2022-07-31,10,0,Zillow ZIP-level market for Richgrove; mapped with Census 2020 ZCTA 93261 in Tulare County.,,,,
93218 Earlimart,zcta,93218,Earlimart,35.8571408,-119.0449304,236305,,2022-07-31,10,0,Zillow ZIP-level market for Earlimart; mapped with Census 2020 ZCTA 93218 in Tulare County.,,,,
93244 Lemon Cove,zcta,93244,Lemon Cove,36.38634,-118.9897151,406894,,2022-07-31,10,0,Zillow ZIP-level market for Lemon Cove; mapped with Census 2020 ZCTA 93244 in Tulare County.,,,,
93227 Visalia,zcta,93227,Visalia,36.3444448,-119.418562,285363,,2022-07-31,10,0,Zillow ZIP-level market for Visalia; mapped with Census 2020 ZCTA 93227 in Tulare County.,,,,
93257 Porterville,zcta,93257,Porterville,35.9808583,-118.8893149,305066,,2022-08-31,10,0,Zillow ZIP-level market for Porterville; mapped with Census 2020 ZCTA 93257 in Tulare County.,,,,
93274 Tulare,zcta,93274,Tulare,36.1779345,-119.3799754,343036,,2022-08-31,10,0,Zillow ZIP-level market for Tulare; mapped with Census 2020 ZCTA 93274 in Tulare County.,,,,
93291 Visalia,zcta,93291,Visalia,36.391777,-119.3728419,420736,1818,2022-08-31,10,0,Zillow ZIP-level market for Visalia; mapped with Census 2020 ZCTA 93291 in Tulare County.,,1818,Zillow ZORI,
93277 Visalia,zcta,93277,Visalia,36.301334,-119.3725855,362486,1489,2022-08-31,10,0,Zillow ZIP-level market for Visalia; mapped with Census 2020 ZCTA 93277 in Tulare County.,,1489,Zillow ZORI,
93292 Visalia,zcta,93292,Visalia,36.366243,-119.2116355,390535,,2022-08-31,10,0,Zillow ZIP-level market for Visalia; mapped with Census 2020 ZCTA 93292 in Tulare County.,,,,
93618 Dinuba,zcta,93618,Dinuba,36.5221175,-119.3866282,330198,,2022-08-31,10,0,Zillow ZIP-level market for Dinuba; mapped with Census 2020 ZCTA 93618 in Tulare County.,,,,
93247 Lindsay,zcta,93247,Lindsay,36.2017347,-119.0834779,278360,,2022-08-31,10,0,Zillow ZIP-level market for Lindsay; mapped with Census 2020 ZCTA 93247 in Tulare County.,,,,
93221 Exeter,zcta,93221,Exeter,36.2963943,-119.0299352,371771,,2022-08-31,10,0,Zillow ZIP-level market for Exeter; mapped with Census 2020 ZCTA 93221 in Tulare County.,,,,
93647 Orosi,zcta,93647,Orosi,36.6007599,-119.1754848,284437,,2022-08-31,10,0,Zillow ZIP-level market for Orosi; mapped with Census 2020 ZCTA 93647 in Tulare County.,,,,
93286 Woodlake,zcta,93286,Woodlake,36.4627099,-119.0932419,304933,,2022-08-31,10,0,Zillow ZIP-level market for Woodlake; mapped with Census 2020 ZCTA 93286 in Tulare County.,,,,
93219 Tulare,zcta,93219,Tulare,35.8882375,-119.2949573,237807,,2022-08-31,10,0,Zillow ZIP-level market for Tulare; mapped with Census 2020 ZCTA 93219 in Tulare County.,,,,
93223 Farmersville,zcta,93223,Farmersville,36.3011122,-119.207875,272374,,2022-08-31,10,0,Zillow ZIP-level market for Farmersville; mapped with Census 2020 ZCTA 93223 in Tulare County.,,,,
93615 Cutler,zcta,93615,Cutler,36.5037388,-119.2838461,268941,,2022-08-31,10,0,Zillow ZIP-level market for Cutler; mapped with Census 2020 ZCTA 93615 in Tulare County.,,,,
93267 Strathmore,zcta,93267,Strathmore,36.1436233,-119.073877,286960,,2022-08-31,10,0,Zillow ZIP-level market for Strathmore; mapped with Census 2020 ZCTA 93267 in Tulare County.,,,,
93256 Pixley,zcta,93256,Pixley,35.9717308,-119.3135106,245265,,2022-08-31,10,0,Zillow ZIP-level market for Pixley; mapped with Census 2020 ZCTA 93256 in Tulare County.,,,,
93272 Tipton,zcta,93272,Tipton,36.0473536,-119.3444282,261626,,2022-08-31,10,0,Zillow ZIP-level market for Tipton; mapped with Census 2020 ZCTA 93272 in Tulare County.,,,,
93270 Terra Bella,zcta,93270,Terra Bella,35.9424478,-119.0583495,354903,,2022-08-31,10,0,Zillow ZIP-level market for Terra Bella; mapped with Census 2020 ZCTA 93270 in Tulare County.,,,,
93235 Ivanhoe,zcta,93235,Ivanhoe,36.385067,-119.2231243,216150,,2022-08-31,10,0,Zillow ZIP-level market for Ivanhoe; mapped with Census 2020 ZCTA 93235 in Tulare County.,,,,
93265 Springville,zcta,93265,Springville,36.217713,-118.6936058,399956,,2022-08-31,10,0,Zillow ZIP-level market for Springville; mapped with Census 2020 ZCTA 93265 in Tulare County.,,,,
93271 Three Rivers,zcta,93271,Three Rivers,36.440041,-118.8802803,542264,,2022-08-31,10,0,Zillow ZIP-level market for Three Rivers; mapped with Census 2020 ZCTA 93271 in Tulare County.,,,,
93201 Alpaugh,zcta,93201,Alpaugh,35.8568588,-119.5075255,199309,,2022-08-31,10,0,Zillow ZIP-level market for Alpaugh; mapped with Census 2020 ZCTA 93201 in Tulare County.,,,,
93261 Richgrove,zcta,93261,Richgrove,35.8114805,-119.1167378,230804,,2022-08-31,10,0,Zillow ZIP-level market for Richgrove; mapped with Census 2020 ZCTA 93261 in Tulare County.,,,,
93218 Earlimart,zcta,93218,Earlimart,35.8571408,-119.0449304,237833,,2022-08-31,10,0,Zillow ZIP-level market for Earlimart; mapped with Census 2020 ZCTA 93218 in Tulare County.,,,,
93244 Lemon Cove,zcta,93244,Lemon Cove,36.38634,-118.9897151,405565,,2022-08-31,10,0,Zillow ZIP-level market for Lemon Cove; mapped with Census 2020 ZCTA 93244 in Tulare County.,,,,
93227 Visalia,zcta,93227,Visalia,36.3444448,-119.418562,287731,,2022-08-31,10,0,Zillow ZIP-level market for Visalia; mapped with Census 2020 ZCTA 93227 in Tulare County.,,,,
93257 Porterville,zcta,93257,Porterville,35.9808583,-118.8893149,305639,,2022-09-30,10,0,Zillow ZIP-level market for Porterville; mapped with Census 2020 ZCTA 93257 in Tulare County.,,,,
93274 Tulare,zcta,93274,Tulare,36.1779345,-119.3799754,342719,,2022-09-30,10,0,Zillow ZIP-level market for Tulare; mapped with Census 2020 ZCTA 93274 in Tulare County.,,,,
93291 Visalia,zcta,93291,Visalia,36.391777,-119.3728419,419595,1793,2022-09-30,10,0,Zillow ZIP-level market for Visalia; mapped with Census 2020 ZCTA 93291 in Tulare County.,,1793,Zillow ZORI,
93277 Visalia,zcta,93277,Visalia,36.301334,-119.3725855,361491,1487,2022-09-30,10,0,Zillow ZIP-level market for Visalia; mapped with Census 2020 ZCTA 93277 in Tulare County.,,1487,Zillow ZORI,
93292 Visalia,zcta,93292,Visalia,36.366243,-119.2116355,389019,,2022-09-30,10,0,Zillow ZIP-level market for Visalia; mapped with Census 2020 ZCTA 93292 in Tulare County.,,,,
93618 Dinuba,zcta,93618,Dinuba,36.5221175,-119.3866282,330074,,2022-09-30,10,0,Zillow ZIP-level market for Dinuba; mapped with Census 2020 ZCTA 93618 in Tulare County.,,,,
93247 Lindsay,zcta,93247,Lindsay,36.2017347,-119.0834779,277979,,2022-09-30,10,0,Zillow ZIP-level market for Lindsay; mapped with Census 2020 ZCTA 93247 in Tulare County.,,,,
93221 Exeter,zcta,93221,Exeter,36.2963943,-119.0299352,370808,,2022-09-30,10,0,Zillow ZIP-level market for Exeter; mapped with Census 2020 ZCTA 93221 in Tulare County.,,,,
93647 Orosi,zcta,93647,Orosi,36.6007599,-119.1754848,284849,,2022-09-30,10,0,Zillow ZIP-level market for Orosi; mapped with Census 2020 ZCTA 93647 in Tulare County.,,,,
93286 Woodlake,zcta,93286,Woodlake,36.4627099,-119.0932419,304064,,2022-09-30,10,0,Zillow ZIP-level market for Woodlake; mapped with Census 2020 ZCTA 93286 in Tulare County.,,,,
93219 Tulare,zcta,93219,Tulare,35.8882375,-119.2949573,238862,,2022-09-30,10,0,Zillow ZIP-level market for Tulare; mapped with Census 2020 ZCTA 93219 in Tulare County.,,,,
93223 Farmersville,zcta,93223,Farmersville,36.3011122,-119.207875,272958,,2022-09-30,10,0,Zillow ZIP-level market for Farmersville; mapped with Census 2020 ZCTA 93223 in Tulare County.,,,,
93615 Cutler,zcta,93615,Cutler,36.5037388,-119.2838461,269017,,2022-09-30,10,0,Zillow ZIP-level market for Cutler; mapped with Census 2020 ZCTA 93615 in Tulare County.,,,,
93267 Strathmore,zcta,93267,Strathmore,36.1436233,-119.073877,285725,,2022-09-30,10,0,Zillow ZIP-level market for Strathmore; mapped with Census 2020 ZCTA 93267 in Tulare County.,,,,
93256 Pixley,zcta,93256,Pixley,35.9717308,-119.3135106,245553,,2022-09-30,10,0,Zillow ZIP-level market for Pixley; mapped with Census 2020 ZCTA 93256 in Tulare County.,,,,
93272 Tipton,zcta,93272,Tipton,36.0473536,-119.3444282,260403,,2022-09-30,10,0,Zillow ZIP-level market for Tipton; mapped with Census 2020 ZCTA 93272 in Tulare County.,,,,
93270 Terra Bella,zcta,93270,Terra Bella,35.9424478,-119.0583495,352260,,2022-09-30,10,0,Zillow ZIP-level market for Terra Bella; mapped with Census 2020 ZCTA 93270 in Tulare County.,,,,
93235 Ivanhoe,zcta,93235,Ivanhoe,36.385067,-119.2231243,215300,,2022-09-30,10,0,Zillow ZIP-level market for Ivanhoe; mapped with Census 2020 ZCTA 93235 in Tulare County.,,,,
93265 Springville,zcta,93265,Springville,36.217713,-118.6936058,396726,,2022-09-30,10,0,Zillow ZIP-level market for Springville; mapped with Census 2020 ZCTA 93265 in Tulare County.,,,,
93271 Three Rivers,zcta,93271,Three Rivers,36.440041,-118.8802803,537169,,2022-09-30,10,0,Zillow ZIP-level market for Three Rivers; mapped with Census 2020 ZCTA 93271 in Tulare County.,,,,
93201 Alpaugh,zcta,93201,Alpaugh,35.8568588,-119.5075255,198266,,2022-09-30,10,0,Zillow ZIP-level market for Alpaugh; mapped with Census 2020 ZCTA 93201 in Tulare County.,,,,
93261 Richgrove,zcta,93261,Richgrove,35.8114805,-119.1167378,231905,,2022-09-30,10,0,Zillow ZIP-level market for Richgrove; mapped with Census 2020 ZCTA 93261 in Tulare County.,,,,
93218 Earlimart,zcta,93218,Earlimart,35.8571408,-119.0449304,238992,,2022-09-30,10,0,Zillow ZIP-level market for Earlimart; mapped with Census 2020 ZCTA 93218 in Tulare County.,,,,
93244 Lemon Cove,zcta,93244,Lemon Cove,36.38634,-118.9897151,402885,,2022-09-30,10,0,Zillow ZIP-level market for Lemon Cove; mapped with Census 2020 ZCTA 93244 in Tulare County.,,,,
93227 Visalia,zcta,93227,Visalia,36.3444448,-119.418562,288989,,2022-09-30,10,0,Zillow ZIP-level market for Visalia; mapped with Census 2020 ZCTA 93227 in Tulare County.,,,,
93257 Porterville,zcta,93257,Porterville,35.9808583,-118.8893149,306039,,2022-10-31,10,0,Zillow ZIP-level market for Porterville; mapped with Census 2020 ZCTA 93257 in Tulare County.,,,,
93274 Tulare,zcta,93274,Tulare,36.1779345,-119.3799754,341702,,2022-10-31,10,0,Zillow ZIP-level market for Tulare; mapped with Census 2020 ZCTA 93274 in Tulare County.,,,,
93291 Visalia,zcta,93291,Visalia,36.391777,-119.3728419,418029,1791,2022-10-31,10,0,Zillow ZIP-level market for Visalia; mapped with Census 2020 ZCTA 93291 in Tulare County.,,1791,Zillow ZORI,
93277 Visalia,zcta,93277,Visalia,36.301334,-119.3725855,360150,1493,2022-10-31,10,0,Zillow ZIP-level market for Visalia; mapped with Census 2020 ZCTA 93277 in Tulare County.,,1493,Zillow ZORI,
93292 Visalia,zcta,93292,Visalia,36.366243,-119.2116355,387045,,2022-10-31,10,0,Zillow ZIP-level market for Visalia; mapped with Census 2020 ZCTA 93292 in Tulare County.,,,,
93618 Dinuba,zcta,93618,Dinuba,36.5221175,-119.3866282,329605,,2022-10-31,10,0,Zillow ZIP-level market for Dinuba; mapped with Census 2020 ZCTA 93618 in Tulare County.,,,,
93247 Lindsay,zcta,93247,Lindsay,36.2017347,-119.0834779,277437,,2022-10-31,10,0,Zillow ZIP-level market for Lindsay; mapped with Census 2020 ZCTA 93247 in Tulare County.,,,,
93221 Exeter,zcta,93221,Exeter,36.2963943,-119.0299352,369450,,2022-10-31,10,0,Zillow ZIP-level market for Exeter; mapped with Census 2020 ZCTA 93221 in Tulare County.,,,,
93647 Orosi,zcta,93647,Orosi,36.6007599,-119.1754848,284710,,2022-10-31,10,0,Zillow ZIP-level market for Orosi; mapped with Census 2020 ZCTA 93647 in Tulare County.,,,,
93286 Woodlake,zcta,93286,Woodlake,36.4627099,-119.0932419,303044,,2022-10-31,10,0,Zillow ZIP-level market for Woodlake; mapped with Census 2020 ZCTA 93286 in Tulare County.,,,,
93219 Tulare,zcta,93219,Tulare,35.8882375,-119.2949573,239377,,2022-10-31,10,0,Zillow ZIP-level market for Tulare; mapped with Census 2020 ZCTA 93219 in Tulare County.,,,,
93223 Farmersville,zcta,93223,Farmersville,36.3011122,-119.207875,273054,,2022-10-31,10,0,Zillow ZIP-level market for Farmersville; mapped with Census 2020 ZCTA 93223 in Tulare County.,,,,
93615 Cutler,zcta,93615,Cutler,36.5037388,-119.2838461,269737,,2022-10-31,10,0,Zillow ZIP-level market for Cutler; mapped with Census 2020 ZCTA 93615 in Tulare County.,,,,
93267 Strathmore,zcta,93267,Strathmore,36.1436233,-119.073877,284994,,2022-10-31,10,0,Zillow ZIP-level market for Strathmore; mapped with Census 2020 ZCTA 93267 in Tulare County.,,,,
93256 Pixley,zcta,93256,Pixley,35.9717308,-119.3135106,245657,,2022-10-31,10,0,Zillow ZIP-level market for Pixley; mapped with Census 2020 ZCTA 93256 in Tulare County.,,,,
93272 Tipton,zcta,93272,Tipton,36.0473536,-119.3444282,259470,,2022-10-31,10,0,Zillow ZIP-level market for Tipton; mapped with Census 2020 ZCTA 93272 in Tulare County.,,,,
93270 Terra Bella,zcta,93270,Terra Bella,35.9424478,-119.0583495,350201,,2022-10-31,10,0,Zillow ZIP-level market for Terra Bella; mapped with Census 2020 ZCTA 93270 in Tulare County.,,,,
93235 Ivanhoe,zcta,93235,Ivanhoe,36.385067,-119.2231243,214220,,2022-10-31,10,0,Zillow ZIP-level market for Ivanhoe; mapped with Census 2020 ZCTA 93235 in Tulare County.,,,,
93265 Springville,zcta,93265,Springville,36.217713,-118.6936058,394519,,2022-10-31,10,0,Zillow ZIP-level market for Springville; mapped with Census 2020 ZCTA 93265 in Tulare County.,,,,
93271 Three Rivers,zcta,93271,Three Rivers,36.440041,-118.8802803,533627,,2022-10-31,10,0,Zillow ZIP-level market for Three Rivers; mapped with Census 2020 ZCTA 93271 in Tulare County.,,,,
93201 Alpaugh,zcta,93201,Alpaugh,35.8568588,-119.5075255,197302,,2022-10-31,10,0,Zillow ZIP-level market for Alpaugh; mapped with Census 2020 ZCTA 93201 in Tulare County.,,,,
93261 Richgrove,zcta,93261,Richgrove,35.8114805,-119.1167378,233396,,2022-10-31,10,0,Zillow ZIP-level market for Richgrove; mapped with Census 2020 ZCTA 93261 in Tulare County.,,,,
93218 Earlimart,zcta,93218,Earlimart,35.8571408,-119.0449304,239761,,2022-10-31,10,0,Zillow ZIP-level market for Earlimart; mapped with Census 2020 ZCTA 93218 in Tulare County.,,,,
93244 Lemon Cove,zcta,93244,Lemon Cove,36.38634,-118.9897151,400859,,2022-10-31,10,0,Zillow ZIP-level market for Lemon Cove; mapped with Census 2020 ZCTA 93244 in Tulare County.,,,,
93227 Visalia,zcta,93227,Visalia,36.3444448,-119.418562,289882,,2022-10-31,10,0,Zillow ZIP-level market for Visalia; mapped with Census 2020 ZCTA 93227 in Tulare County.,,,,
93257 Porterville,zcta,93257,Porterville,35.9808583,-118.8893149,305735,,2022-11-30,10,0,Zillow ZIP-level market for Porterville; mapped with Census 2020 ZCTA 93257 in Tulare County.,,,,
93274 Tulare,zcta,93274,Tulare,36.1779345,-119.3799754,340274,,2022-11-30,10,0,Zillow ZIP-level market for Tulare; mapped with Census 2020 ZCTA 93274 in Tulare County.,,,,
93291 Visalia,zcta,93291,Visalia,36.391777,-119.3728419,416099,1754,2022-11-30,10,0,Zillow ZIP-level market for Visalia; mapped with Census 2020 ZCTA 93291 in Tulare County.,,1754,Zillow ZORI,
93277 Visalia,zcta,93277,Visalia,36.301334,-119.3725855,358324,1478,2022-11-30,10,0,Zillow ZIP-level market for Visalia; mapped with Census 2020 ZCTA 93277 in Tulare County.,,1478,Zillow ZORI,
93292 Visalia,zcta,93292,Visalia,36.366243,-119.2116355,384777,,2022-11-30,10,0,Zillow ZIP-level market for Visalia; mapped with Census 2020 ZCTA 93292 in Tulare County.,,,,
93618 Dinuba,zcta,93618,Dinuba,36.5221175,-119.3866282,328359,,2022-11-30,10,0,Zillow ZIP-level market for Dinuba; mapped with Census 2020 ZCTA 93618 in Tulare County.,,,,
93247 Lindsay,zcta,93247,Lindsay,36.2017347,-119.0834779,276692,,2022-11-30,10,0,Zillow ZIP-level market for Lindsay; mapped with Census 2020 ZCTA 93247 in Tulare County.,,,,
93221 Exeter,zcta,93221,Exeter,36.2963943,-119.0299352,367603,,2022-11-30,10,0,Zillow ZIP-level market for Exeter; mapped with Census 2020 ZCTA 93221 in Tulare County.,,,,
93647 Orosi,zcta,93647,Orosi,36.6007599,-119.1754848,284103,,2022-11-30,10,0,Zillow ZIP-level market for Orosi; mapped with Census 2020 ZCTA 93647 in Tulare County.,,,,
93286 Woodlake,zcta,93286,Woodlake,36.4627099,-119.0932419,301957,,2022-11-30,10,0,Zillow ZIP-level market for Woodlake; mapped with Census 2020 ZCTA 93286 in Tulare County.,,,,
93219 Tulare,zcta,93219,Tulare,35.8882375,-119.2949573,239243,,2022-11-30,10,0,Zillow ZIP-level market for Tulare; mapped with Census 2020 ZCTA 93219 in Tulare County.,,,,
93223 Farmersville,zcta,93223,Farmersville,36.3011122,-119.207875,272366,,2022-11-30,10,0,Zillow ZIP-level market for Farmersville; mapped with Census 2020 ZCTA 93223 in Tulare County.,,,,
93615 Cutler,zcta,93615,Cutler,36.5037388,-119.2838461,270559,,2022-11-30,10,0,Zillow ZIP-level market for Cutler; mapped with Census 2020 ZCTA 93615 in Tulare County.,,,,
93267 Strathmore,zcta,93267,Strathmore,36.1436233,-119.073877,284361,,2022-11-30,10,0,Zillow ZIP-level market for Strathmore; mapped with Census 2020 ZCTA 93267 in Tulare County.,,,,
93256 Pixley,zcta,93256,Pixley,35.9717308,-119.3135106,245792,,2022-11-30,10,0,Zillow ZIP-level market for Pixley; mapped with Census 2020 ZCTA 93256 in Tulare County.,,,,
93272 Tipton,zcta,93272,Tipton,36.0473536,-119.3444282,257920,,2022-11-30,10,0,Zillow ZIP-level market for Tipton; mapped with Census 2020 ZCTA 93272 in Tulare County.,,,,
93270 Terra Bella,zcta,93270,Terra Bella,35.9424478,-119.0583495,348266,,2022-11-30,10,0,Zillow ZIP-level market for Terra Bella; mapped with Census 2020 ZCTA 93270 in Tulare County.,,,,
93235 Ivanhoe,zcta,93235,Ivanhoe,36.385067,-119.2231243,214250,,2022-11-30,10,0,Zillow ZIP-level market for Ivanhoe; mapped with Census 2020 ZCTA 93235 in Tulare County.,,,,
93265 Springville,zcta,93265,Springville,36.217713,-118.6936058,392960,,2022-11-30,10,0,Zillow ZIP-level market for Springville; mapped with Census 2020 ZCTA 93265 in Tulare County.,,,,
93271 Three Rivers,zcta,93271,Three Rivers,36.440041,-118.8802803,530075,,2022-11-30,10,0,Zillow ZIP-level market for Three Rivers; mapped with Census 2020 ZCTA 93271 in Tulare County.,,,,
93201 Alpaugh,zcta,93201,Alpaugh,35.8568588,-119.5075255,196136,,2022-11-30,10,0,Zillow ZIP-level market for Alpaugh; mapped with Census 2020 ZCTA 93201 in Tulare County.,,,,
93261 Richgrove,zcta,93261,Richgrove,35.8114805,-119.1167378,234179,,2022-11-30,10,0,Zillow ZIP-level market for Richgrove; mapped with Census 2020 ZCTA 93261 in Tulare County.,,,,
93218 Earlimart,zcta,93218,Earlimart,35.8571408,-119.0449304,240450,,2022-11-30,10,0,Zillow ZIP-level market for Earlimart; mapped with Census 2020 ZCTA 93218 in Tulare County.,,,,
93244 Lemon Cove,zcta,93244,Lemon Cove,36.38634,-118.9897151,398516,,2022-11-30,10,0,Zillow ZIP-level market for Lemon Cove; mapped with Census 2020 ZCTA 93244 in Tulare County.,,,,
93227 Visalia,zcta,93227,Visalia,36.3444448,-119.418562,289768,,2022-11-30,10,0,Zillow ZIP-level market for Visalia; mapped with Census 2020 ZCTA 93227 in Tulare County.,,,,
93257 Porterville,zcta,93257,Porterville,35.9808583,-118.8893149,304955,,2022-12-31,10,0,Zillow ZIP-level market for Porterville; mapped with Census 2020 ZCTA 93257 in Tulare County.,,,,
93274 Tulare,zcta,93274,Tulare,36.1779345,-119.3799754,338458,,2022-12-31,10,0,Zillow ZIP-level market for Tulare; mapped with Census 2020 ZCTA 93274 in Tulare County.,,,,
93291 Visalia,zcta,93291,Visalia,36.391777,-119.3728419,414061,1768,2022-12-31,10,0,Zillow ZIP-level market for Visalia; mapped with Census 2020 ZCTA 93291 in Tulare County.,,1768,Zillow ZORI,
93277 Visalia,zcta,93277,Visalia,36.301334,-119.3725855,356524,1486,2022-12-31,10,0,Zillow ZIP-level market for Visalia; mapped with Census 2020 ZCTA 93277 in Tulare County.,,1486,Zillow ZORI,
93292 Visalia,zcta,93292,Visalia,36.366243,-119.2116355,382667,,2022-12-31,10,0,Zillow ZIP-level market for Visalia; mapped with Census 2020 ZCTA 93292 in Tulare County.,,,,
93618 Dinuba,zcta,93618,Dinuba,36.5221175,-119.3866282,326831,,2022-12-31,10,0,Zillow ZIP-level market for Dinuba; mapped with Census 2020 ZCTA 93618 in Tulare County.,,,,
93247 Lindsay,zcta,93247,Lindsay,36.2017347,-119.0834779,276134,,2022-12-31,10,0,Zillow ZIP-level market for Lindsay; mapped with Census 2020 ZCTA 93247 in Tulare County.,,,,
93221 Exeter,zcta,93221,Exeter,36.2963943,-119.0299352,365686,,2022-12-31,10,0,Zillow ZIP-level market for Exeter; mapped with Census 2020 ZCTA 93221 in Tulare County.,,,,
93647 Orosi,zcta,93647,Orosi,36.6007599,-119.1754848,283631,,2022-12-31,10,0,Zillow ZIP-level market for Orosi; mapped with Census 2020 ZCTA 93647 in Tulare County.,,,,
93286 Woodlake,zcta,93286,Woodlake,36.4627099,-119.0932419,300797,,2022-12-31,10,0,Zillow ZIP-level market for Woodlake; mapped with Census 2020 ZCTA 93286 in Tulare County.,,,,
93219 Tulare,zcta,93219,Tulare,35.8882375,-119.2949573,238673,,2022-12-31,10,0,Zillow ZIP-level market for Tulare; mapped with Census 2020 ZCTA 93219 in Tulare County.,,,,
93223 Farmersville,zcta,93223,Farmersville,36.3011122,-119.207875,271229,,2022-12-31,10,0,Zillow ZIP-level market for Farmersville; mapped with Census 2020 ZCTA 93223 in Tulare County.,,,,
93615 Cutler,zcta,93615,Cutler,36.5037388,-119.2838461,271965,,2022-12-31,10,0,Zillow ZIP-level market for Cutler; mapped with Census 2020 ZCTA 93615 in Tulare County.,,,,
93267 Strathmore,zcta,93267,Strathmore,36.1436233,-119.073877,284205,,2022-12-31,10,0,Zillow ZIP-level market for Strathmore; mapped with Census 2020 ZCTA 93267 in Tulare County.,,,,
93256 Pixley,zcta,93256,Pixley,35.9717308,-119.3135106,245724,,2022-12-31,10,0,Zillow ZIP-level market for Pixley; mapped with Census 2020 ZCTA 93256 in Tulare County.,,,,
93272 Tipton,zcta,93272,Tipton,36.0473536,-119.3444282,256442,,2022-12-31,10,0,Zillow ZIP-level market for Tipton; mapped with Census 2020 ZCTA 93272 in Tulare County.,,,,
93270 Terra Bella,zcta,93270,Terra Bella,35.9424478,-119.0583495,347479,,2022-12-31,10,0,Zillow ZIP-level market for Terra Bella; mapped with Census 2020 ZCTA 93270 in Tulare County.,,,,
93235 Ivanhoe,zcta,93235,Ivanhoe,36.385067,-119.2231243,215554,,2022-12-31,10,0,Zillow ZIP-level market for Ivanhoe; mapped with Census 2020 ZCTA 93235 in Tulare County.,,,,
93265 Springville,zcta,93265,Springville,36.217713,-118.6936058,392557,,2022-12-31,10,0,Zillow ZIP-level market for Springville; mapped with Census 2020 ZCTA 93265 in Tulare County.,,,,
93271 Three Rivers,zcta,93271,Three Rivers,36.440041,-118.8802803,528483,,2022-12-31,10,0,Zillow ZIP-level market for Three Rivers; mapped with Census 2020 ZCTA 93271 in Tulare County.,,,,
93201 Alpaugh,zcta,93201,Alpaugh,35.8568588,-119.5075255,195771,,2022-12-31,10,0,Zillow ZIP-level market for Alpaugh; mapped with Census 2020 ZCTA 93201 in Tulare County.,,,,
93261 Richgrove,zcta,93261,Richgrove,35.8114805,-119.1167378,235505,,2022-12-31,10,0,Zillow ZIP-level market for Richgrove; mapped with Census 2020 ZCTA 93261 in Tulare County.,,,,
93218 Earlimart,zcta,93218,Earlimart,35.8571408,-119.0449304,241145,,2022-12-31,10,0,Zillow ZIP-level market for Earlimart; mapped with Census 2020 ZCTA 93218 in Tulare County.,,,,
93244 Lemon Cove,zcta,93244,Lemon Cove,36.38634,-118.9897151,395585,,2022-12-31,10,0,Zillow ZIP-level market for Lemon Cove; mapped with Census 2020 ZCTA 93244 in Tulare County.,,,,
93227 Visalia,zcta,93227,Visalia,36.3444448,-119.418562,289061,,2022-12-31,10,0,Zillow ZIP-level market for Visalia; mapped with Census 2020 ZCTA 93227 in Tulare County.,,,,
93257 Porterville,zcta,93257,Porterville,35.9808583,-118.8893149,302715,,2023-01-31,10,0,Zillow ZIP-level market for Porterville; mapped with Census 2020 ZCTA 93257 in Tulare County.,,,,
93274 Tulare,zcta,93274,Tulare,36.1779345,-119.3799754,335748,,2023-01-31,10,0,Zillow ZIP-level market for Tulare; mapped with Census 2020 ZCTA 93274 in Tulare County.,,,,
93291 Visalia,zcta,93291,Visalia,36.391777,-119.3728419,410848,1766,2023-01-31,10,0,Zillow ZIP-level market for Visalia; mapped with Census 2020 ZCTA 93291 in Tulare County.,,1766,Zillow ZORI,
93277 Visalia,zcta,93277,Visalia,36.301334,-119.3725855,353644,1502,2023-01-31,10,0,Zillow ZIP-level market for Visalia; mapped with Census 2020 ZCTA 93277 in Tulare County.,,1502,Zillow ZORI,
93292 Visalia,zcta,93292,Visalia,36.366243,-119.2116355,379761,,2023-01-31,10,0,Zillow ZIP-level market for Visalia; mapped with Census 2020 ZCTA 93292 in Tulare County.,,,,
93618 Dinuba,zcta,93618,Dinuba,36.5221175,-119.3866282,324195,,2023-01-31,10,0,Zillow ZIP-level market for Dinuba; mapped with Census 2020 ZCTA 93618 in Tulare County.,,,,
93247 Lindsay,zcta,93247,Lindsay,36.2017347,-119.0834779,274955,,2023-01-31,10,0,Zillow ZIP-level market for Lindsay; mapped with Census 2020 ZCTA 93247 in Tulare County.,,,,
93221 Exeter,zcta,93221,Exeter,36.2963943,-119.0299352,362579,,2023-01-31,10,0,Zillow ZIP-level market for Exeter; mapped with Census 2020 ZCTA 93221 in Tulare County.,,,,
93647 Orosi,zcta,93647,Orosi,36.6007599,-119.1754848,281935,,2023-01-31,10,0,Zillow ZIP-level market for Orosi; mapped with Census 2020 ZCTA 93647 in Tulare County.,,,,
93286 Woodlake,zcta,93286,Woodlake,36.4627099,-119.0932419,298616,,2023-01-31,10,0,Zillow ZIP-level market for Woodlake; mapped with Census 2020 ZCTA 93286 in Tulare County.,,,,
93219 Tulare,zcta,93219,Tulare,35.8882375,-119.2949573,236513,,2023-01-31,10,0,Zillow ZIP-level market for Tulare; mapped with Census 2020 ZCTA 93219 in Tulare County.,,,,
93223 Farmersville,zcta,93223,Farmersville,36.3011122,-119.207875,268781,,2023-01-31,10,0,Zillow ZIP-level market for Farmersville; mapped with Census 2020 ZCTA 93223 in Tulare County.,,,,
93615 Cutler,zcta,93615,Cutler,36.5037388,-119.2838461,272013,,2023-01-31,10,0,Zillow ZIP-level market for Cutler; mapped with Census 2020 ZCTA 93615 in Tulare County.,,,,
93267 Strathmore,zcta,93267,Strathmore,36.1436233,-119.073877,283656,,2023-01-31,10,0,Zillow ZIP-level market for Strathmore; mapped with Census 2020 ZCTA 93267 in Tulare County.,,,,
93256 Pixley,zcta,93256,Pixley,35.9717308,-119.3135106,244337,,2023-01-31,10,0,Zillow ZIP-level market for Pixley; mapped with Census 2020 ZCTA 93256 in Tulare County.,,,,
93272 Tipton,zcta,93272,Tipton,36.0473536,-119.3444282,254497,,2023-01-31,10,0,Zillow ZIP-level market for Tipton; mapped with Census 2020 ZCTA 93272 in Tulare County.,,,,
93270 Terra Bella,zcta,93270,Terra Bella,35.9424478,-119.0583495,347430,,2023-01-31,10,0,Zillow ZIP-level market for Terra Bella; mapped with Census 2020 ZCTA 93270 in Tulare County.,,,,
93235 Ivanhoe,zcta,93235,Ivanhoe,36.385067,-119.2231243,216407,,2023-01-31,10,0,Zillow ZIP-level market for Ivanhoe; mapped with Census 2020 ZCTA 93235 in Tulare County.,,,,
93265 Springville,zcta,93265,Springville,36.217713,-118.6936058,393706,,2023-01-31,10,0,Zillow ZIP-level market for Springville; mapped with Census 2020 ZCTA 93265 in Tulare County.,,,,
93271 Three Rivers,zcta,93271,Three Rivers,36.440041,-118.8802803,528083,,2023-01-31,10,0,Zillow ZIP-level market for Three Rivers; mapped with Census 2020 ZCTA 93271 in Tulare County.,,,,
93201 Alpaugh,zcta,93201,Alpaugh,35.8568588,-119.5075255,194947,,2023-01-31,10,0,Zillow ZIP-level market for Alpaugh; mapped with Census 2020 ZCTA 93201 in Tulare County.,,,,
93261 Richgrove,zcta,93261,Richgrove,35.8114805,-119.1167378,234839,,2023-01-31,10,0,Zillow ZIP-level market for Richgrove; mapped with Census 2020 ZCTA 93261 in Tulare County.,,,,
93218 Earlimart,zcta,93218,Earlimart,35.8571408,-119.0449304,241574,,2023-01-31,10,0,Zillow ZIP-level market for Earlimart; mapped with Census 2020 ZCTA 93218 in Tulare County.,,,,
93244 Lemon Cove,zcta,93244,Lemon Cove,36.38634,-118.9897151,393207,,2023-01-31,10,0,Zillow ZIP-level market for Lemon Cove; mapped with Census 2020 ZCTA 93244 in Tulare County.,,,,
93227 Visalia,zcta,93227,Visalia,36.3444448,-119.418562,285361,,2023-01-31,10,0,Zillow ZIP-level market for Visalia; mapped with Census 2020 ZCTA 93227 in Tulare County.,,,,
93257 Porterville,zcta,93257,Porterville,35.9808583,-118.8893149,300833,,2023-02-28,10,0,Zillow ZIP-level market for Porterville; mapped with Census 2020 ZCTA 93257 in Tulare County.,,,,
93274 Tulare,zcta,93274,Tulare,36.1779345,-119.3799754,333603,,2023-02-28,10,0,Zillow ZIP-level market for Tulare; mapped with Census 2020 ZCTA 93274 in Tulare County.,,,,
93291 Visalia,zcta,93291,Visalia,36.391777,-119.3728419,408003,1790,2023-02-28,10,0,Zillow ZIP-level market for Visalia; mapped with Census 2020 ZCTA 93291 in Tulare County.,,1790,Zillow ZORI,
93277 Visalia,zcta,93277,Visalia,36.301334,-119.3725855,351322,1502,2023-02-28,10,0,Zillow ZIP-level market for Visalia; mapped with Census 2020 ZCTA 93277 in Tulare County.,,1502,Zillow ZORI,
93292 Visalia,zcta,93292,Visalia,36.366243,-119.2116355,377444,,2023-02-28,10,0,Zillow ZIP-level market for Visalia; mapped with Census 2020 ZCTA 93292 in Tulare County.,,,,
93618 Dinuba,zcta,93618,Dinuba,36.5221175,-119.3866282,322166,,2023-02-28,10,0,Zillow ZIP-level market for Dinuba; mapped with Census 2020 ZCTA 93618 in Tulare County.,,,,
93247 Lindsay,zcta,93247,Lindsay,36.2017347,-119.0834779,273879,,2023-02-28,10,0,Zillow ZIP-level market for Lindsay; mapped with Census 2020 ZCTA 93247 in Tulare County.,,,,
93221 Exeter,zcta,93221,Exeter,36.2963943,-119.0299352,360228,,2023-02-28,10,0,Zillow ZIP-level market for Exeter; mapped with Census 2020 ZCTA 93221 in Tulare County.,,,,
93647 Orosi,zcta,93647,Orosi,36.6007599,-119.1754848,280330,,2023-02-28,10,0,Zillow ZIP-level market for Orosi; mapped with Census 2020 ZCTA 93647 in Tulare County.,,,,
93286 Woodlake,zcta,93286,Woodlake,36.4627099,-119.0932419,296695,,2023-02-28,10,0,Zillow ZIP-level market for Woodlake; mapped with Census 2020 ZCTA 93286 in Tulare County.,,,,
93219 Tulare,zcta,93219,Tulare,35.8882375,-119.2949573,234232,,2023-02-28,10,0,Zillow ZIP-level market for Tulare; mapped with Census 2020 ZCTA 93219 in Tulare County.,,,,
93223 Farmersville,zcta,93223,Farmersville,36.3011122,-119.207875,266484,,2023-02-28,10,0,Zillow ZIP-level market for Farmersville; mapped with Census 2020 ZCTA 93223 in Tulare County.,,,,
93615 Cutler,zcta,93615,Cutler,36.5037388,-119.2838461,271669,,2023-02-28,10,0,Zillow ZIP-level market for Cutler; mapped with Census 2020 ZCTA 93615 in Tulare County.,,,,
93267 Strathmore,zcta,93267,Strathmore,36.1436233,-119.073877,283208,,2023-02-28,10,0,Zillow ZIP-level market for Strathmore; mapped with Census 2020 ZCTA 93267 in Tulare County.,,,,
93256 Pixley,zcta,93256,Pixley,35.9717308,-119.3135106,243410,,2023-02-28,10,0,Zillow ZIP-level market for Pixley; mapped with Census 2020 ZCTA 93256 in Tulare County.,,,,
93272 Tipton,zcta,93272,Tipton,36.0473536,-119.3444282,253844,,2023-02-28,10,0,Zillow ZIP-level market for Tipton; mapped with Census 2020 ZCTA 93272 in Tulare County.,,,,
93270 Terra Bella,zcta,93270,Terra Bella,35.9424478,-119.0583495,347383,,2023-02-28,10,0,Zillow ZIP-level market for Terra Bella; mapped with Census 2020 ZCTA 93270 in Tulare County.,,,,
93235 Ivanhoe,zcta,93235,Ivanhoe,36.385067,-119.2231243,216818,,2023-02-28,10,0,Zillow ZIP-level market for Ivanhoe; mapped with Census 2020 ZCTA 93235 in Tulare County.,,,,
93265 Springville,zcta,93265,Springville,36.217713,-118.6936058,395219,,2023-02-28,10,0,Zillow ZIP-level market for Springville; mapped with Census 2020 ZCTA 93265 in Tulare County.,,,,
93271 Three Rivers,zcta,93271,Three Rivers,36.440041,-118.8802803,528601,,2023-02-28,10,0,Zillow ZIP-level market for Three Rivers; mapped with Census 2020 ZCTA 93271 in Tulare County.,,,,
93201 Alpaugh,zcta,93201,Alpaugh,35.8568588,-119.5075255,194137,,2023-02-28,10,0,Zillow ZIP-level market for Alpaugh; mapped with Census 2020 ZCTA 93201 in Tulare County.,,,,
93261 Richgrove,zcta,93261,Richgrove,35.8114805,-119.1167378,234422,,2023-02-28,10,0,Zillow ZIP-level market for Richgrove; mapped with Census 2020 ZCTA 93261 in Tulare County.,,,,
93218 Earlimart,zcta,93218,Earlimart,35.8571408,-119.0449304,241564,,2023-02-28,10,0,Zillow ZIP-level market for Earlimart; mapped with Census 2020 ZCTA 93218 in Tulare County.,,,,
93244 Lemon Cove,zcta,93244,Lemon Cove,36.38634,-118.9897151,392257,,2023-02-28,10,0,Zillow ZIP-level market for Lemon Cove; mapped with Census 2020 ZCTA 93244 in Tulare County.,,,,
93227 Visalia,zcta,93227,Visalia,36.3444448,-119.418562,282468,,2023-02-28,10,0,Zillow ZIP-level market for Visalia; mapped with Census 2020 ZCTA 93227 in Tulare County.,,,,
93257 Porterville,zcta,93257,Porterville,35.9808583,-118.8893149,300122,,2023-03-31,10,0,Zillow ZIP-level market for Porterville; mapped with Census 2020 ZCTA 93257 in Tulare County.,,,,
93274 Tulare,zcta,93274,Tulare,36.1779345,-119.3799754,332338,1689,2023-03-31,10,0,Zillow ZIP-level market for Tulare; mapped with Census 2020 ZCTA 93274 in Tulare County.,,1689,Zillow ZORI,
93291 Visalia,zcta,93291,Visalia,36.391777,-119.3728419,405943,1791,2023-03-31,10,0,Zillow ZIP-level market for Visalia; mapped with Census 2020 ZCTA 93291 in Tulare County.,,1791,Zillow ZORI,
93277 Visalia,zcta,93277,Visalia,36.301334,-119.3725855,350037,1493,2023-03-31,10,0,Zillow ZIP-level market for Visalia; mapped with Census 2020 ZCTA 93277 in Tulare County.,,1493,Zillow ZORI,
93292 Visalia,zcta,93292,Visalia,36.366243,-119.2116355,376181,,2023-03-31,10,0,Zillow ZIP-level market for Visalia; mapped with Census 2020 ZCTA 93292 in Tulare County.,,,,
93618 Dinuba,zcta,93618,Dinuba,36.5221175,-119.3866282,321157,,2023-03-31,10,0,Zillow ZIP-level market for Dinuba; mapped with Census 2020 ZCTA 93618 in Tulare County.,,,,
93247 Lindsay,zcta,93247,Lindsay,36.2017347,-119.0834779,273344,,2023-03-31,10,0,Zillow ZIP-level market for Lindsay; mapped with Census 2020 ZCTA 93247 in Tulare County.,,,,
93221 Exeter,zcta,93221,Exeter,36.2963943,-119.0299352,359134,,2023-03-31,10,0,Zillow ZIP-level market for Exeter; mapped with Census 2020 ZCTA 93221 in Tulare County.,,,,
93647 Orosi,zcta,93647,Orosi,36.6007599,-119.1754848,279776,,2023-03-31,10,0,Zillow ZIP-level market for Orosi; mapped with Census 2020 ZCTA 93647 in Tulare County.,,,,
93286 Woodlake,zcta,93286,Woodlake,36.4627099,-119.0932419,296061,,2023-03-31,10,0,Zillow ZIP-level market for Woodlake; mapped with Census 2020 ZCTA 93286 in Tulare County.,,,,
93219 Tulare,zcta,93219,Tulare,35.8882375,-119.2949573,232664,,2023-03-31,10,0,Zillow ZIP-level market for Tulare; mapped with Census 2020 ZCTA 93219 in Tulare County.,,,,
93223 Farmersville,zcta,93223,Farmersville,36.3011122,-119.207875,265211,,2023-03-31,10,0,Zillow ZIP-level market for Farmersville; mapped with Census 2020 ZCTA 93223 in Tulare County.,,,,
93615 Cutler,zcta,93615,Cutler,36.5037388,-119.2838461,272168,,2023-03-31,10,0,Zillow ZIP-level market for Cutler; mapped with Census 2020 ZCTA 93615 in Tulare County.,,,,
93267 Strathmore,zcta,93267,Strathmore,36.1436233,-119.073877,283360,,2023-03-31,10,0,Zillow ZIP-level market for Strathmore; mapped with Census 2020 ZCTA 93267 in Tulare County.,,,,
93256 Pixley,zcta,93256,Pixley,35.9717308,-119.3135106,242673,,2023-03-31,10,0,Zillow ZIP-level market for Pixley; mapped with Census 2020 ZCTA 93256 in Tulare County.,,,,
93272 Tipton,zcta,93272,Tipton,36.0473536,-119.3444282,254686,,2023-03-31,10,0,Zillow ZIP-level market for Tipton; mapped with Census 2020 ZCTA 93272 in Tulare County.,,,,
93270 Terra Bella,zcta,93270,Terra Bella,35.9424478,-119.0583495,348818,,2023-03-31,10,0,Zillow ZIP-level market for Terra Bella; mapped with Census 2020 ZCTA 93270 in Tulare County.,,,,
93235 Ivanhoe,zcta,93235,Ivanhoe,36.385067,-119.2231243,217579,,2023-03-31,10,0,Zillow ZIP-level market for Ivanhoe; mapped with Census 2020 ZCTA 93235 in Tulare County.,,,,
93265 Springville,zcta,93265,Springville,36.217713,-118.6936058,396808,,2023-03-31,10,0,Zillow ZIP-level market for Springville; mapped with Census 2020 ZCTA 93265 in Tulare County.,,,,
93271 Three Rivers,zcta,93271,Three Rivers,36.440041,-118.8802803,528157,,2023-03-31,10,0,Zillow ZIP-level market for Three Rivers; mapped with Census 2020 ZCTA 93271 in Tulare County.,,,,
93201 Alpaugh,zcta,93201,Alpaugh,35.8568588,-119.5075255,193552,,2023-03-31,10,0,Zillow ZIP-level market for Alpaugh; mapped with Census 2020 ZCTA 93201 in Tulare County.,,,,
93261 Richgrove,zcta,93261,Richgrove,35.8114805,-119.1167378,234513,,2023-03-31,10,0,Zillow ZIP-level market for Richgrove; mapped with Census 2020 ZCTA 93261 in Tulare County.,,,,
93218 Earlimart,zcta,93218,Earlimart,35.8571408,-119.0449304,241589,,2023-03-31,10,0,Zillow ZIP-level market for Earlimart; mapped with Census 2020 ZCTA 93218 in Tulare County.,,,,
93244 Lemon Cove,zcta,93244,Lemon Cove,36.38634,-118.9897151,393447,,2023-03-31,10,0,Zillow ZIP-level market for Lemon Cove; mapped with Census 2020 ZCTA 93244 in Tulare County.,,,,
93227 Visalia,zcta,93227,Visalia,36.3444448,-119.418562,280501,,2023-03-31,10,0,Zillow ZIP-level market for Visalia; mapped with Census 2020 ZCTA 93227 in Tulare County.,,,,
93257 Porterville,zcta,93257,Porterville,35.9808583,-118.8893149,300730,,2023-04-30,10,0,Zillow ZIP-level market for Porterville; mapped with Census 2020 ZCTA 93257 in Tulare County.,,,,
93274 Tulare,zcta,93274,Tulare,36.1779345,-119.3799754,332316,1706,2023-04-30,10,0,Zillow ZIP-level market for Tulare; mapped with Census 2020 ZCTA 93274 in Tulare County.,,1706,Zillow ZORI,
93291 Visalia,zcta,93291,Visalia,36.391777,-119.3728419,405132,1811,2023-04-30,10,0,Zillow ZIP-level market for Visalia; mapped with Census 2020 ZCTA 93291 in Tulare County.,,1811,Zillow ZORI,
93277 Visalia,zcta,93277,Visalia,36.301334,-119.3725855,350161,1492,2023-04-30,10,0,Zillow ZIP-level market for Visalia; mapped with Census 2020 ZCTA 93277 in Tulare County.,,1492,Zillow ZORI,
93292 Visalia,zcta,93292,Visalia,36.366243,-119.2116355,376066,,2023-04-30,10,0,Zillow ZIP-level market for Visalia; mapped with Census 2020 ZCTA 93292 in Tulare County.,,,,
93618 Dinuba,zcta,93618,Dinuba,36.5221175,-119.3866282,321141,,2023-04-30,10,0,Zillow ZIP-level market for Dinuba; mapped with Census 2020 ZCTA 93618 in Tulare County.,,,,
93247 Lindsay,zcta,93247,Lindsay,36.2017347,-119.0834779,273733,,2023-04-30,10,0,Zillow ZIP-level market for Lindsay; mapped with Census 2020 ZCTA 93247 in Tulare County.,,,,
93221 Exeter,zcta,93221,Exeter,36.2963943,-119.0299352,359712,,2023-04-30,10,0,Zillow ZIP-level market for Exeter; mapped with Census 2020 ZCTA 93221 in Tulare County.,,,,
93647 Orosi,zcta,93647,Orosi,36.6007599,-119.1754848,279722,,2023-04-30,10,0,Zillow ZIP-level market for Orosi; mapped with Census 2020 ZCTA 93647 in Tulare County.,,,,
93286 Woodlake,zcta,93286,Woodlake,36.4627099,-119.0932419,296570,,2023-04-30,10,0,Zillow ZIP-level market for Woodlake; mapped with Census 2020 ZCTA 93286 in Tulare County.,,,,
93219 Tulare,zcta,93219,Tulare,35.8882375,-119.2949573,232145,,2023-04-30,10,0,Zillow ZIP-level market for Tulare; mapped with Census 2020 ZCTA 93219 in Tulare County.,,,,
93223 Farmersville,zcta,93223,Farmersville,36.3011122,-119.207875,264998,,2023-04-30,10,0,Zillow ZIP-level market for Farmersville; mapped with Census 2020 ZCTA 93223 in Tulare County.,,,,
93615 Cutler,zcta,93615,Cutler,36.5037388,-119.2838461,272615,,2023-04-30,10,0,Zillow ZIP-level market for Cutler; mapped with Census 2020 ZCTA 93615 in Tulare County.,,,,
93267 Strathmore,zcta,93267,Strathmore,36.1436233,-119.073877,283339,,2023-04-30,10,0,Zillow ZIP-level market for Strathmore; mapped with Census 2020 ZCTA 93267 in Tulare County.,,,,
93256 Pixley,zcta,93256,Pixley,35.9717308,-119.3135106,242620,,2023-04-30,10,0,Zillow ZIP-level market for Pixley; mapped with Census 2020 ZCTA 93256 in Tulare County.,,,,
93272 Tipton,zcta,93272,Tipton,36.0473536,-119.3444282,255434,,2023-04-30,10,0,Zillow ZIP-level market for Tipton; mapped with Census 2020 ZCTA 93272 in Tulare County.,,,,
93270 Terra Bella,zcta,93270,Terra Bella,35.9424478,-119.0583495,349781,,2023-04-30,10,0,Zillow ZIP-level market for Terra Bella; mapped with Census 2020 ZCTA 93270 in Tulare County.,,,,
93235 Ivanhoe,zcta,93235,Ivanhoe,36.385067,-119.2231243,218494,,2023-04-30,10,0,Zillow ZIP-level market for Ivanhoe; mapped with Census 2020 ZCTA 93235 in Tulare County.,,,,
93265 Springville,zcta,93265,Springville,36.217713,-118.6936058,397619,,2023-04-30,10,0,Zillow ZIP-level market for Springville; mapped with Census 2020 ZCTA 93265 in Tulare County.,,,,
93271 Three Rivers,zcta,93271,Three Rivers,36.440041,-118.8802803,526083,,2023-04-30,10,0,Zillow ZIP-level market for Three Rivers; mapped with Census 2020 ZCTA 93271 in Tulare County.,,,,
93201 Alpaugh,zcta,93201,Alpaugh,35.8568588,-119.5075255,192810,,2023-04-30,10,0,Zillow ZIP-level market for Alpaugh; mapped with Census 2020 ZCTA 93201 in Tulare County.,,,,
93261 Richgrove,zcta,93261,Richgrove,35.8114805,-119.1167378,235235,,2023-04-30,10,0,Zillow ZIP-level market for Richgrove; mapped with Census 2020 ZCTA 93261 in Tulare County.,,,,
93218 Earlimart,zcta,93218,Earlimart,35.8571408,-119.0449304,241438,,2023-04-30,10,0,Zillow ZIP-level market for Earlimart; mapped with Census 2020 ZCTA 93218 in Tulare County.,,,,
93244 Lemon Cove,zcta,93244,Lemon Cove,36.38634,-118.9897151,393811,,2023-04-30,10,0,Zillow ZIP-level market for Lemon Cove; mapped with Census 2020 ZCTA 93244 in Tulare County.,,,,
93227 Visalia,zcta,93227,Visalia,36.3444448,-119.418562,280512,,2023-04-30,10,0,Zillow ZIP-level market for Visalia; mapped with Census 2020 ZCTA 93227 in Tulare County.,,,,
93257 Porterville,zcta,93257,Porterville,35.9808583,-118.8893149,302139,1071,2023-05-31,10,0,Zillow ZIP-level market for Porterville; mapped with Census 2020 ZCTA 93257 in Tulare County.,,1071,Zillow ZORI,
93274 Tulare,zcta,93274,Tulare,36.1779345,-119.3799754,332923,1707,2023-05-31,10,0,Zillow ZIP-level market for Tulare; mapped with Census 2020 ZCTA 93274 in Tulare County.,,1707,Zillow ZORI,
93291 Visalia,zcta,93291,Visalia,36.391777,-119.3728419,404833,1813,2023-05-31,10,0,Zillow ZIP-level market for Visalia; mapped with Census 2020 ZCTA 93291 in Tulare County.,,1813,Zillow ZORI,
93277 Visalia,zcta,93277,Visalia,36.301334,-119.3725855,351157,1485,2023-05-31,10,0,Zillow ZIP-level market for Visalia; mapped with Census 2020 ZCTA 93277 in Tulare County.,,1485,Zillow ZORI,
93292 Visalia,zcta,93292,Visalia,36.366243,-119.2116355,376683,1815,2023-05-31,10,0,Zillow ZIP-level market for Visalia; mapped with Census 2020 ZCTA 93292 in Tulare County.,,1815,Zillow ZORI,
93618 Dinuba,zcta,93618,Dinuba,36.5221175,-119.3866282,321940,,2023-05-31,10,0,Zillow ZIP-level market for Dinuba; mapped with Census 2020 ZCTA 93618 in Tulare County.,,,,
93247 Lindsay,zcta,93247,Lindsay,36.2017347,-119.0834779,274384,,2023-05-31,10,0,Zillow ZIP-level market for Lindsay; mapped with Census 2020 ZCTA 93247 in Tulare County.,,,,
93221 Exeter,zcta,93221,Exeter,36.2963943,-119.0299352,360871,,2023-05-31,10,0,Zillow ZIP-level market for Exeter; mapped with Census 2020 ZCTA 93221 in Tulare County.,,,,
93647 Orosi,zcta,93647,Orosi,36.6007599,-119.1754848,280256,,2023-05-31,10,0,Zillow ZIP-level market for Orosi; mapped with Census 2020 ZCTA 93647 in Tulare County.,,,,
93286 Woodlake,zcta,93286,Woodlake,36.4627099,-119.0932419,297764,,2023-05-31,10,0,Zillow ZIP-level market for Woodlake; mapped with Census 2020 ZCTA 93286 in Tulare County.,,,,
93219 Tulare,zcta,93219,Tulare,35.8882375,-119.2949573,232440,,2023-05-31,10,0,Zillow ZIP-level market for Tulare; mapped with Census 2020 ZCTA 93219 in Tulare County.,,,,
93223 Farmersville,zcta,93223,Farmersville,36.3011122,-119.207875,265644,,2023-05-31,10,0,Zillow ZIP-level market for Farmersville; mapped with Census 2020 ZCTA 93223 in Tulare County.,,,,
93615 Cutler,zcta,93615,Cutler,36.5037388,-119.2838461,273395,,2023-05-31,10,0,Zillow ZIP-level market for Cutler; mapped with Census 2020 ZCTA 93615 in Tulare County.,,,,
93267 Strathmore,zcta,93267,Strathmore,36.1436233,-119.073877,283565,,2023-05-31,10,0,Zillow ZIP-level market for Strathmore; mapped with Census 2020 ZCTA 93267 in Tulare County.,,,,
93256 Pixley,zcta,93256,Pixley,35.9717308,-119.3135106,242602,,2023-05-31,10,0,Zillow ZIP-level market for Pixley; mapped with Census 2020 ZCTA 93256 in Tulare County.,,,,
93272 Tipton,zcta,93272,Tipton,36.0473536,-119.3444282,255898,,2023-05-31,10,0,Zillow ZIP-level market for Tipton; mapped with Census 2020 ZCTA 93272 in Tulare County.,,,,
93270 Terra Bella,zcta,93270,Terra Bella,35.9424478,-119.0583495,351065,,2023-05-31,10,0,Zillow ZIP-level market for Terra Bella; mapped with Census 2020 ZCTA 93270 in Tulare County.,,,,
93235 Ivanhoe,zcta,93235,Ivanhoe,36.385067,-119.2231243,219932,,2023-05-31,10,0,Zillow ZIP-level market for Ivanhoe; mapped with Census 2020 ZCTA 93235 in Tulare County.,,,,
93265 Springville,zcta,93265,Springville,36.217713,-118.6936058,397969,,2023-05-31,10,0,Zillow ZIP-level market for Springville; mapped with Census 2020 ZCTA 93265 in Tulare County.,,,,
93271 Three Rivers,zcta,93271,Three Rivers,36.440041,-118.8802803,524851,,2023-05-31,10,0,Zillow ZIP-level market for Three Rivers; mapped with Census 2020 ZCTA 93271 in Tulare County.,,,,
93201 Alpaugh,zcta,93201,Alpaugh,35.8568588,-119.5075255,193708,,2023-05-31,10,0,Zillow ZIP-level market for Alpaugh; mapped with Census 2020 ZCTA 93201 in Tulare County.,,,,
93261 Richgrove,zcta,93261,Richgrove,35.8114805,-119.1167378,236423,,2023-05-31,10,0,Zillow ZIP-level market for Richgrove; mapped with Census 2020 ZCTA 93261 in Tulare County.,,,,
93218 Earlimart,zcta,93218,Earlimart,35.8571408,-119.0449304,241696,,2023-05-31,10,0,Zillow ZIP-level market for Earlimart; mapped with Census 2020 ZCTA 93218 in Tulare County.,,,,
93244 Lemon Cove,zcta,93244,Lemon Cove,36.38634,-118.9897151,393421,,2023-05-31,10,0,Zillow ZIP-level market for Lemon Cove; mapped with Census 2020 ZCTA 93244 in Tulare County.,,,,
93227 Visalia,zcta,93227,Visalia,36.3444448,-119.418562,280651,,2023-05-31,10,0,Zillow ZIP-level market for Visalia; mapped with Census 2020 ZCTA 93227 in Tulare County.,,,,
93257 Porterville,zcta,93257,Porterville,35.9808583,-118.8893149,303735,1043,2023-06-30,10,0,Zillow ZIP-level market for Porterville; mapped with Census 2020 ZCTA 93257 in Tulare County.,,1043,Zillow ZORI,
93274 Tulare,zcta,93274,Tulare,36.1779345,-119.3799754,334290,1665,2023-06-30,10,0,Zillow ZIP-level market for Tulare; mapped with Census 2020 ZCTA 93274 in Tulare County.,,1665,Zillow ZORI,
93291 Visalia,zcta,93291,Visalia,36.391777,-119.3728419,405400,1833,2023-06-30,10,0,Zillow ZIP-level market for Visalia; mapped with Census 2020 ZCTA 93291 in Tulare County.,,1833,Zillow ZORI,
93277 Visalia,zcta,93277,Visalia,36.301334,-119.3725855,352483,1490,2023-06-30,10,0,Zillow ZIP-level market for Visalia; mapped with Census 2020 ZCTA 93277 in Tulare County.,,1490,Zillow ZORI,
93292 Visalia,zcta,93292,Visalia,36.366243,-119.2116355,377827,1836,2023-06-30,10,0,Zillow ZIP-level market for Visalia; mapped with Census 2020 ZCTA 93292 in Tulare County.,,1836,Zillow ZORI,
93618 Dinuba,zcta,93618,Dinuba,36.5221175,-119.3866282,323293,,2023-06-30,10,0,Zillow ZIP-level market for Dinuba; mapped with Census 2020 ZCTA 93618 in Tulare County.,,,,
93247 Lindsay,zcta,93247,Lindsay,36.2017347,-119.0834779,275465,,2023-06-30,10,0,Zillow ZIP-level market for Lindsay; mapped with Census 2020 ZCTA 93247 in Tulare County.,,,,
93221 Exeter,zcta,93221,Exeter,36.2963943,-119.0299352,362572,,2023-06-30,10,0,Zillow ZIP-level market for Exeter; mapped with Census 2020 ZCTA 93221 in Tulare County.,,,,
93647 Orosi,zcta,93647,Orosi,36.6007599,-119.1754848,280958,,2023-06-30,10,0,Zillow ZIP-level market for Orosi; mapped with Census 2020 ZCTA 93647 in Tulare County.,,,,
93286 Woodlake,zcta,93286,Woodlake,36.4627099,-119.0932419,299156,,2023-06-30,10,0,Zillow ZIP-level market for Woodlake; mapped with Census 2020 ZCTA 93286 in Tulare County.,,,,
93219 Tulare,zcta,93219,Tulare,35.8882375,-119.2949573,233250,,2023-06-30,10,0,Zillow ZIP-level market for Tulare; mapped with Census 2020 ZCTA 93219 in Tulare County.,,,,
93223 Farmersville,zcta,93223,Farmersville,36.3011122,-119.207875,266618,,2023-06-30,10,0,Zillow ZIP-level market for Farmersville; mapped with Census 2020 ZCTA 93223 in Tulare County.,,,,
93615 Cutler,zcta,93615,Cutler,36.5037388,-119.2838461,273392,,2023-06-30,10,0,Zillow ZIP-level market for Cutler; mapped with Census 2020 ZCTA 93615 in Tulare County.,,,,
93267 Strathmore,zcta,93267,Strathmore,36.1436233,-119.073877,284150,,2023-06-30,10,0,Zillow ZIP-level market for Strathmore; mapped with Census 2020 ZCTA 93267 in Tulare County.,,,,
93256 Pixley,zcta,93256,Pixley,35.9717308,-119.3135106,242797,,2023-06-30,10,0,Zillow ZIP-level market for Pixley; mapped with Census 2020 ZCTA 93256 in Tulare County.,,,,
93272 Tipton,zcta,93272,Tipton,36.0473536,-119.3444282,255781,,2023-06-30,10,0,Zillow ZIP-level market for Tipton; mapped with Census 2020 ZCTA 93272 in Tulare County.,,,,
93270 Terra Bella,zcta,93270,Terra Bella,35.9424478,-119.0583495,351066,,2023-06-30,10,0,Zillow ZIP-level market for Terra Bella; mapped with Census 2020 ZCTA 93270 in Tulare County.,,,,
93235 Ivanhoe,zcta,93235,Ivanhoe,36.385067,-119.2231243,220986,,2023-06-30,10,0,Zillow ZIP-level market for Ivanhoe; mapped with Census 2020 ZCTA 93235 in Tulare County.,,,,
93265 Springville,zcta,93265,Springville,36.217713,-118.6936058,398257,,2023-06-30,10,0,Zillow ZIP-level market for Springville; mapped with Census 2020 ZCTA 93265 in Tulare County.,,,,
93271 Three Rivers,zcta,93271,Three Rivers,36.440041,-118.8802803,523759,,2023-06-30,10,0,Zillow ZIP-level market for Three Rivers; mapped with Census 2020 ZCTA 93271 in Tulare County.,,,,
93201 Alpaugh,zcta,93201,Alpaugh,35.8568588,-119.5075255,194932,,2023-06-30,10,0,Zillow ZIP-level market for Alpaugh; mapped with Census 2020 ZCTA 93201 in Tulare County.,,,,
93261 Richgrove,zcta,93261,Richgrove,35.8114805,-119.1167378,237067,,2023-06-30,10,0,Zillow ZIP-level market for Richgrove; mapped with Census 2020 ZCTA 93261 in Tulare County.,,,,
93218 Earlimart,zcta,93218,Earlimart,35.8571408,-119.0449304,242144,,2023-06-30,10,0,Zillow ZIP-level market for Earlimart; mapped with Census 2020 ZCTA 93218 in Tulare County.,,,,
93244 Lemon Cove,zcta,93244,Lemon Cove,36.38634,-118.9897151,392230,,2023-06-30,10,0,Zillow ZIP-level market for Lemon Cove; mapped with Census 2020 ZCTA 93244 in Tulare County.,,,,
93227 Visalia,zcta,93227,Visalia,36.3444448,-119.418562,281482,,2023-06-30,10,0,Zillow ZIP-level market for Visalia; mapped with Census 2020 ZCTA 93227 in Tulare County.,,,,
93257 Porterville,zcta,93257,Porterville,35.9808583,-118.8893149,305851,,2023-07-31,10,0,Zillow ZIP-level market for Porterville; mapped with Census 2020 ZCTA 93257 in Tulare County.,,,,
93274 Tulare,zcta,93274,Tulare,36.1779345,-119.3799754,336288,1664,2023-07-31,10,0,Zillow ZIP-level market for Tulare; mapped with Census 2020 ZCTA 93274 in Tulare County.,,1664,Zillow ZORI,
93291 Visalia,zcta,93291,Visalia,36.391777,-119.3728419,406766,1830,2023-07-31,10,0,Zillow ZIP-level market for Visalia; mapped with Census 2020 ZCTA 93291 in Tulare County.,,1830,Zillow ZORI,
93277 Visalia,zcta,93277,Visalia,36.301334,-119.3725855,354270,1480,2023-07-31,10,0,Zillow ZIP-level market for Visalia; mapped with Census 2020 ZCTA 93277 in Tulare County.,,1480,Zillow ZORI,
93292 Visalia,zcta,93292,Visalia,36.366243,-119.2116355,379605,1865,2023-07-31,10,0,Zillow ZIP-level market for Visalia; mapped with Census 2020 ZCTA 93292 in Tulare County.,,1865,Zillow ZORI,
93618 Dinuba,zcta,93618,Dinuba,36.5221175,-119.3866282,325441,,2023-07-31,10,0,Zillow ZIP-level market for Dinuba; mapped with Census 2020 ZCTA 93618 in Tulare County.,,,,
93247 Lindsay,zcta,93247,Lindsay,36.2017347,-119.0834779,276821,,2023-07-31,10,0,Zillow ZIP-level market for Lindsay; mapped with Census 2020 ZCTA 93247 in Tulare County.,,,,
93221 Exeter,zcta,93221,Exeter,36.2963943,-119.0299352,364874,,2023-07-31,10,0,Zillow ZIP-level market for Exeter; mapped with Census 2020 ZCTA 93221 in Tulare County.,,,,
93647 Orosi,zcta,93647,Orosi,36.6007599,-119.1754848,283174,,2023-07-31,10,0,Zillow ZIP-level market for Orosi; mapped with Census 2020 ZCTA 93647 in Tulare County.,,,,
93286 Woodlake,zcta,93286,Woodlake,36.4627099,-119.0932419,301289,,2023-07-31,10,0,Zillow ZIP-level market for Woodlake; mapped with Census 2020 ZCTA 93286 in Tulare County.,,,,
93219 Tulare,zcta,93219,Tulare,35.8882375,-119.2949573,234664,,2023-07-31,10,0,Zillow ZIP-level market for Tulare; mapped with Census 2020 ZCTA 93219 in Tulare County.,,,,
93223 Farmersville,zcta,93223,Farmersville,36.3011122,-119.207875,268212,,2023-07-31,10,0,Zillow ZIP-level market for Farmersville; mapped with Census 2020 ZCTA 93223 in Tulare County.,,,,
93615 Cutler,zcta,93615,Cutler,36.5037388,-119.2838461,274707,,2023-07-31,10,0,Zillow ZIP-level market for Cutler; mapped with Census 2020 ZCTA 93615 in Tulare County.,,,,
93267 Strathmore,zcta,93267,Strathmore,36.1436233,-119.073877,285924,,2023-07-31,10,0,Zillow ZIP-level market for Strathmore; mapped with Census 2020 ZCTA 93267 in Tulare County.,,,,
93256 Pixley,zcta,93256,Pixley,35.9717308,-119.3135106,244002,,2023-07-31,10,0,Zillow ZIP-level market for Pixley; mapped with Census 2020 ZCTA 93256 in Tulare County.,,,,
93272 Tipton,zcta,93272,Tipton,36.0473536,-119.3444282,256537,,2023-07-31,10,0,Zillow ZIP-level market for Tipton; mapped with Census 2020 ZCTA 93272 in Tulare County.,,,,
93270 Terra Bella,zcta,93270,Terra Bella,35.9424478,-119.0583495,351292,,2023-07-31,10,0,Zillow ZIP-level market for Terra Bella; mapped with Census 2020 ZCTA 93270 in Tulare County.,,,,
93235 Ivanhoe,zcta,93235,Ivanhoe,36.385067,-119.2231243,222510,,2023-07-31,10,0,Zillow ZIP-level market for Ivanhoe; mapped with Census 2020 ZCTA 93235 in Tulare County.,,,,
93265 Springville,zcta,93265,Springville,36.217713,-118.6936058,398763,,2023-07-31,10,0,Zillow ZIP-level market for Springville; mapped with Census 2020 ZCTA 93265 in Tulare County.,,,,
93271 Three Rivers,zcta,93271,Three Rivers,36.440041,-118.8802803,523176,,2023-07-31,10,0,Zillow ZIP-level market for Three Rivers; mapped with Census 2020 ZCTA 93271 in Tulare County.,,,,
93201 Alpaugh,zcta,93201,Alpaugh,35.8568588,-119.5075255,196457,,2023-07-31,10,0,Zillow ZIP-level market for Alpaugh; mapped with Census 2020 ZCTA 93201 in Tulare County.,,,,
93261 Richgrove,zcta,93261,Richgrove,35.8114805,-119.1167378,238207,,2023-07-31,10,0,Zillow ZIP-level market for Richgrove; mapped with Census 2020 ZCTA 93261 in Tulare County.,,,,
93218 Earlimart,zcta,93218,Earlimart,35.8571408,-119.0449304,242589,,2023-07-31,10,0,Zillow ZIP-level market for Earlimart; mapped with Census 2020 ZCTA 93218 in Tulare County.,,,,
93244 Lemon Cove,zcta,93244,Lemon Cove,36.38634,-118.9897151,392130,,2023-07-31,10,0,Zillow ZIP-level market for Lemon Cove; mapped with Census 2020 ZCTA 93244 in Tulare County.,,,,
93227 Visalia,zcta,93227,Visalia,36.3444448,-119.418562,282976,,2023-07-31,10,0,Zillow ZIP-level market for Visalia; mapped with Census 2020 ZCTA 93227 in Tulare County.,,,,
93257 Porterville,zcta,93257,Porterville,35.9808583,-118.8893149,307990,1075,2023-08-31,10,0,Zillow ZIP-level market for Porterville; mapped with Census 2020 ZCTA 93257 in Tulare County.,,1075,Zillow ZORI,
93274 Tulare,zcta,93274,Tulare,36.1779345,-119.3799754,338529,1660,2023-08-31,10,0,Zillow ZIP-level market for Tulare; mapped with Census 2020 ZCTA 93274 in Tulare County.,,1660,Zillow ZORI,
93291 Visalia,zcta,93291,Visalia,36.391777,-119.3728419,408374,1839,2023-08-31,10,0,Zillow ZIP-level market for Visalia; mapped with Census 2020 ZCTA 93291 in Tulare County.,,1839,Zillow ZORI,
93277 Visalia,zcta,93277,Visalia,36.301334,-119.3725855,356193,1494,2023-08-31,10,0,Zillow ZIP-level market for Visalia; mapped with Census 2020 ZCTA 93277 in Tulare County.,,1494,Zillow ZORI,
93292 Visalia,zcta,93292,Visalia,36.366243,-119.2116355,381652,1880,2023-08-31,10,0,Zillow ZIP-level market for Visalia; mapped with Census 2020 ZCTA 93292 in Tulare County.,,1880,Zillow ZORI,
93618 Dinuba,zcta,93618,Dinuba,36.5221175,-119.3866282,327511,,2023-08-31,10,0,Zillow ZIP-level market for Dinuba; mapped with Census 2020 ZCTA 93618 in Tulare County.,,,,
93247 Lindsay,zcta,93247,Lindsay,36.2017347,-119.0834779,278497,,2023-08-31,10,0,Zillow ZIP-level market for Lindsay; mapped with Census 2020 ZCTA 93247 in Tulare County.,,,,
93221 Exeter,zcta,93221,Exeter,36.2963943,-119.0299352,367518,,2023-08-31,10,0,Zillow ZIP-level market for Exeter; mapped with Census 2020 ZCTA 93221 in Tulare County.,,,,
93647 Orosi,zcta,93647,Orosi,36.6007599,-119.1754848,286427,,2023-08-31,10,0,Zillow ZIP-level market for Orosi; mapped with Census 2020 ZCTA 93647 in Tulare County.,,,,
93286 Woodlake,zcta,93286,Woodlake,36.4627099,-119.0932419,303942,,2023-08-31,10,0,Zillow ZIP-level market for Woodlake; mapped with Census 2020 ZCTA 93286 in Tulare County.,,,,
93219 Tulare,zcta,93219,Tulare,35.8882375,-119.2949573,236669,,2023-08-31,10,0,Zillow ZIP-level market for Tulare; mapped with Census 2020 ZCTA 93219 in Tulare County.,,,,
93223 Farmersville,zcta,93223,Farmersville,36.3011122,-119.207875,270207,,2023-08-31,10,0,Zillow ZIP-level market for Farmersville; mapped with Census 2020 ZCTA 93223 in Tulare County.,,,,
93615 Cutler,zcta,93615,Cutler,36.5037388,-119.2838461,276062,,2023-08-31,10,0,Zillow ZIP-level market for Cutler; mapped with Census 2020 ZCTA 93615 in Tulare County.,,,,
93267 Strathmore,zcta,93267,Strathmore,36.1436233,-119.073877,288778,,2023-08-31,10,0,Zillow ZIP-level market for Strathmore; mapped with Census 2020 ZCTA 93267 in Tulare County.,,,,
93256 Pixley,zcta,93256,Pixley,35.9717308,-119.3135106,245832,,2023-08-31,10,0,Zillow ZIP-level market for Pixley; mapped with Census 2020 ZCTA 93256 in Tulare County.,,,,
93272 Tipton,zcta,93272,Tipton,36.0473536,-119.3444282,257049,,2023-08-31,10,0,Zillow ZIP-level market for Tipton; mapped with Census 2020 ZCTA 93272 in Tulare County.,,,,
93270 Terra Bella,zcta,93270,Terra Bella,35.9424478,-119.0583495,352902,,2023-08-31,10,0,Zillow ZIP-level market for Terra Bella; mapped with Census 2020 ZCTA 93270 in Tulare County.,,,,
93235 Ivanhoe,zcta,93235,Ivanhoe,36.385067,-119.2231243,224710,,2023-08-31,10,0,Zillow ZIP-level market for Ivanhoe; mapped with Census 2020 ZCTA 93235 in Tulare County.,,,,
93265 Springville,zcta,93265,Springville,36.217713,-118.6936058,399998,,2023-08-31,10,0,Zillow ZIP-level market for Springville; mapped with Census 2020 ZCTA 93265 in Tulare County.,,,,
93271 Three Rivers,zcta,93271,Three Rivers,36.440041,-118.8802803,521520,,2023-08-31,10,0,Zillow ZIP-level market for Three Rivers; mapped with Census 2020 ZCTA 93271 in Tulare County.,,,,
93201 Alpaugh,zcta,93201,Alpaugh,35.8568588,-119.5075255,198081,,2023-08-31,10,0,Zillow ZIP-level market for Alpaugh; mapped with Census 2020 ZCTA 93201 in Tulare County.,,,,
93261 Richgrove,zcta,93261,Richgrove,35.8114805,-119.1167378,239915,,2023-08-31,10,0,Zillow ZIP-level market for Richgrove; mapped with Census 2020 ZCTA 93261 in Tulare County.,,,,
93218 Earlimart,zcta,93218,Earlimart,35.8571408,-119.0449304,243717,,2023-08-31,10,0,Zillow ZIP-level market for Earlimart; mapped with Census 2020 ZCTA 93218 in Tulare County.,,,,
93244 Lemon Cove,zcta,93244,Lemon Cove,36.38634,-118.9897151,392756,,2023-08-31,10,0,Zillow ZIP-level market for Lemon Cove; mapped with Census 2020 ZCTA 93244 in Tulare County.,,,,
93227 Visalia,zcta,93227,Visalia,36.3444448,-119.418562,284969,,2023-08-31,10,0,Zillow ZIP-level market for Visalia; mapped with Census 2020 ZCTA 93227 in Tulare County.,,,,
93257 Porterville,zcta,93257,Porterville,35.9808583,-118.8893149,309712,1078,2023-09-30,10,0,Zillow ZIP-level market for Porterville; mapped with Census 2020 ZCTA 93257 in Tulare County.,,1078,Zillow ZORI,
93274 Tulare,zcta,93274,Tulare,36.1779345,-119.3799754,340289,1660,2023-09-30,10,0,Zillow ZIP-level market for Tulare; mapped with Census 2020 ZCTA 93274 in Tulare County.,,1660,Zillow ZORI,
93291 Visalia,zcta,93291,Visalia,36.391777,-119.3728419,409545,1836,2023-09-30,10,0,Zillow ZIP-level market for Visalia; mapped with Census 2020 ZCTA 93291 in Tulare County.,,1836,Zillow ZORI,
93277 Visalia,zcta,93277,Visalia,36.301334,-119.3725855,357504,1499,2023-09-30,10,0,Zillow ZIP-level market for Visalia; mapped with Census 2020 ZCTA 93277 in Tulare County.,,1499,Zillow ZORI,
93292 Visalia,zcta,93292,Visalia,36.366243,-119.2116355,383176,1876,2023-09-30,10,0,Zillow ZIP-level market for Visalia; mapped with Census 2020 ZCTA 93292 in Tulare County.,,1876,Zillow ZORI,
93618 Dinuba,zcta,93618,Dinuba,36.5221175,-119.3866282,328750,,2023-09-30,10,0,Zillow ZIP-level market for Dinuba; mapped with Census 2020 ZCTA 93618 in Tulare County.,,,,
93247 Lindsay,zcta,93247,Lindsay,36.2017347,-119.0834779,279581,,2023-09-30,10,0,Zillow ZIP-level market for Lindsay; mapped with Census 2020 ZCTA 93247 in Tulare County.,,,,
93221 Exeter,zcta,93221,Exeter,36.2963943,-119.0299352,369510,,2023-09-30,10,0,Zillow ZIP-level market for Exeter; mapped with Census 2020 ZCTA 93221 in Tulare County.,,,,
93647 Orosi,zcta,93647,Orosi,36.6007599,-119.1754848,288651,,2023-09-30,10,0,Zillow ZIP-level market for Orosi; mapped with Census 2020 ZCTA 93647 in Tulare County.,,,,
93286 Woodlake,zcta,93286,Woodlake,36.4627099,-119.0932419,305900,,2023-09-30,10,0,Zillow ZIP-level market for Woodlake; mapped with Census 2020 ZCTA 93286 in Tulare County.,,,,
93219 Tulare,zcta,93219,Tulare,35.8882375,-119.2949573,238718,,2023-09-30,10,0,Zillow ZIP-level market for Tulare; mapped with Census 2020 ZCTA 93219 in Tulare County.,,,,
93223 Farmersville,zcta,93223,Farmersville,36.3011122,-119.207875,271611,,2023-09-30,10,0,Zillow ZIP-level market for Farmersville; mapped with Census 2020 ZCTA 93223 in Tulare County.,,,,
93615 Cutler,zcta,93615,Cutler,36.5037388,-119.2838461,277020,,2023-09-30,10,0,Zillow ZIP-level market for Cutler; mapped with Census 2020 ZCTA 93615 in Tulare County.,,,,
93267 Strathmore,zcta,93267,Strathmore,36.1436233,-119.073877,290454,,2023-09-30,10,0,Zillow ZIP-level market for Strathmore; mapped with Census 2020 ZCTA 93267 in Tulare County.,,,,
93256 Pixley,zcta,93256,Pixley,35.9717308,-119.3135106,247608,,2023-09-30,10,0,Zillow ZIP-level market for Pixley; mapped with Census 2020 ZCTA 93256 in Tulare County.,,,,
93272 Tipton,zcta,93272,Tipton,36.0473536,-119.3444282,257338,,2023-09-30,10,0,Zillow ZIP-level market for Tipton; mapped with Census 2020 ZCTA 93272 in Tulare County.,,,,
93270 Terra Bella,zcta,93270,Terra Bella,35.9424478,-119.0583495,355519,,2023-09-30,10,0,Zillow ZIP-level market for Terra Bella; mapped with Census 2020 ZCTA 93270 in Tulare County.,,,,
93235 Ivanhoe,zcta,93235,Ivanhoe,36.385067,-119.2231243,226921,,2023-09-30,10,0,Zillow ZIP-level market for Ivanhoe; mapped with Census 2020 ZCTA 93235 in Tulare County.,,,,
93265 Springville,zcta,93265,Springville,36.217713,-118.6936058,401215,,2023-09-30,10,0,Zillow ZIP-level market for Springville; mapped with Census 2020 ZCTA 93265 in Tulare County.,,,,
93271 Three Rivers,zcta,93271,Three Rivers,36.440041,-118.8802803,520337,,2023-09-30,10,0,Zillow ZIP-level market for Three Rivers; mapped with Census 2020 ZCTA 93271 in Tulare County.,,,,
93201 Alpaugh,zcta,93201,Alpaugh,35.8568588,-119.5075255,198376,,2023-09-30,10,0,Zillow ZIP-level market for Alpaugh; mapped with Census 2020 ZCTA 93201 in Tulare County.,,,,
93261 Richgrove,zcta,93261,Richgrove,35.8114805,-119.1167378,241228,,2023-09-30,10,0,Zillow ZIP-level market for Richgrove; mapped with Census 2020 ZCTA 93261 in Tulare County.,,,,
93218 Earlimart,zcta,93218,Earlimart,35.8571408,-119.0449304,244518,,2023-09-30,10,0,Zillow ZIP-level market for Earlimart; mapped with Census 2020 ZCTA 93218 in Tulare County.,,,,
93244 Lemon Cove,zcta,93244,Lemon Cove,36.38634,-118.9897151,394137,,2023-09-30,10,0,Zillow ZIP-level market for Lemon Cove; mapped with Census 2020 ZCTA 93244 in Tulare County.,,,,
93227 Visalia,zcta,93227,Visalia,36.3444448,-119.418562,286036,,2023-09-30,10,0,Zillow ZIP-level market for Visalia; mapped with Census 2020 ZCTA 93227 in Tulare County.,,,,
93257 Porterville,zcta,93257,Porterville,35.9808583,-118.8893149,310756,1077,2023-10-31,10,0,Zillow ZIP-level market for Porterville; mapped with Census 2020 ZCTA 93257 in Tulare County.,,1077,Zillow ZORI,
93274 Tulare,zcta,93274,Tulare,36.1779345,-119.3799754,341537,1649,2023-10-31,10,0,Zillow ZIP-level market for Tulare; mapped with Census 2020 ZCTA 93274 in Tulare County.,,1649,Zillow ZORI,
93291 Visalia,zcta,93291,Visalia,36.391777,-119.3728419,410275,1834,2023-10-31,10,0,Zillow ZIP-level market for Visalia; mapped with Census 2020 ZCTA 93291 in Tulare County.,,1834,Zillow ZORI,
93277 Visalia,zcta,93277,Visalia,36.301334,-119.3725855,358373,1505,2023-10-31,10,0,Zillow ZIP-level market for Visalia; mapped with Census 2020 ZCTA 93277 in Tulare County.,,1505,Zillow ZORI,
93292 Visalia,zcta,93292,Visalia,36.366243,-119.2116355,384295,1875,2023-10-31,10,0,Zillow ZIP-level market for Visalia; mapped with Census 2020 ZCTA 93292 in Tulare County.,,1875,Zillow ZORI,
93618 Dinuba,zcta,93618,Dinuba,36.5221175,-119.3866282,329360,,2023-10-31,10,0,Zillow ZIP-level market for Dinuba; mapped with Census 2020 ZCTA 93618 in Tulare County.,,,,
93247 Lindsay,zcta,93247,Lindsay,36.2017347,-119.0834779,280618,,2023-10-31,10,0,Zillow ZIP-level market for Lindsay; mapped with Census 2020 ZCTA 93247 in Tulare County.,,,,
93221 Exeter,zcta,93221,Exeter,36.2963943,-119.0299352,370819,,2023-10-31,10,0,Zillow ZIP-level market for Exeter; mapped with Census 2020 ZCTA 93221 in Tulare County.,,,,
93647 Orosi,zcta,93647,Orosi,36.6007599,-119.1754848,289575,,2023-10-31,10,0,Zillow ZIP-level market for Orosi; mapped with Census 2020 ZCTA 93647 in Tulare County.,,,,
93286 Woodlake,zcta,93286,Woodlake,36.4627099,-119.0932419,306763,,2023-10-31,10,0,Zillow ZIP-level market for Woodlake; mapped with Census 2020 ZCTA 93286 in Tulare County.,,,,
93219 Tulare,zcta,93219,Tulare,35.8882375,-119.2949573,241054,,2023-10-31,10,0,Zillow ZIP-level market for Tulare; mapped with Census 2020 ZCTA 93219 in Tulare County.,,,,
93223 Farmersville,zcta,93223,Farmersville,36.3011122,-119.207875,272674,,2023-10-31,10,0,Zillow ZIP-level market for Farmersville; mapped with Census 2020 ZCTA 93223 in Tulare County.,,,,
93615 Cutler,zcta,93615,Cutler,36.5037388,-119.2838461,276682,,2023-10-31,10,0,Zillow ZIP-level market for Cutler; mapped with Census 2020 ZCTA 93615 in Tulare County.,,,,
93267 Strathmore,zcta,93267,Strathmore,36.1436233,-119.073877,291309,,2023-10-31,10,0,Zillow ZIP-level market for Strathmore; mapped with Census 2020 ZCTA 93267 in Tulare County.,,,,
93256 Pixley,zcta,93256,Pixley,35.9717308,-119.3135106,248685,,2023-10-31,10,0,Zillow ZIP-level market for Pixley; mapped with Census 2020 ZCTA 93256 in Tulare County.,,,,
93272 Tipton,zcta,93272,Tipton,36.0473536,-119.3444282,257377,,2023-10-31,10,0,Zillow ZIP-level market for Tipton; mapped with Census 2020 ZCTA 93272 in Tulare County.,,,,
93270 Terra Bella,zcta,93270,Terra Bella,35.9424478,-119.0583495,357010,,2023-10-31,10,0,Zillow ZIP-level market for Terra Bella; mapped with Census 2020 ZCTA 93270 in Tulare County.,,,,
93235 Ivanhoe,zcta,93235,Ivanhoe,36.385067,-119.2231243,228382,,2023-10-31,10,0,Zillow ZIP-level market for Ivanhoe; mapped with Census 2020 ZCTA 93235 in Tulare County.,,,,
93265 Springville,zcta,93265,Springville,36.217713,-118.6936058,401393,,2023-10-31,10,0,Zillow ZIP-level market for Springville; mapped with Census 2020 ZCTA 93265 in Tulare County.,,,,
93271 Three Rivers,zcta,93271,Three Rivers,36.440041,-118.8802803,519015,,2023-10-31,10,0,Zillow ZIP-level market for Three Rivers; mapped with Census 2020 ZCTA 93271 in Tulare County.,,,,
93201 Alpaugh,zcta,93201,Alpaugh,35.8568588,-119.5075255,197787,,2023-10-31,10,0,Zillow ZIP-level market for Alpaugh; mapped with Census 2020 ZCTA 93201 in Tulare County.,,,,
93261 Richgrove,zcta,93261,Richgrove,35.8114805,-119.1167378,242197,,2023-10-31,10,0,Zillow ZIP-level market for Richgrove; mapped with Census 2020 ZCTA 93261 in Tulare County.,,,,
93218 Earlimart,zcta,93218,Earlimart,35.8571408,-119.0449304,245074,,2023-10-31,10,0,Zillow ZIP-level market for Earlimart; mapped with Census 2020 ZCTA 93218 in Tulare County.,,,,
93244 Lemon Cove,zcta,93244,Lemon Cove,36.38634,-118.9897151,394681,,2023-10-31,10,0,Zillow ZIP-level market for Lemon Cove; mapped with Census 2020 ZCTA 93244 in Tulare County.,,,,
93227 Visalia,zcta,93227,Visalia,36.3444448,-119.418562,286922,,2023-10-31,10,0,Zillow ZIP-level market for Visalia; mapped with Census 2020 ZCTA 93227 in Tulare County.,,,,
93257 Porterville,zcta,93257,Porterville,35.9808583,-118.8893149,311339,1075,2023-11-30,10,0,Zillow ZIP-level market for Porterville; mapped with Census 2020 ZCTA 93257 in Tulare County.,,1075,Zillow ZORI,
93274 Tulare,zcta,93274,Tulare,36.1779345,-119.3799754,342302,1643,2023-11-30,10,0,Zillow ZIP-level market for Tulare; mapped with Census 2020 ZCTA 93274 in Tulare County.,,1643,Zillow ZORI,
93291 Visalia,zcta,93291,Visalia,36.391777,-119.3728419,410399,1847,2023-11-30,10,0,Zillow ZIP-level market for Visalia; mapped with Census 2020 ZCTA 93291 in Tulare County.,,1847,Zillow ZORI,
93277 Visalia,zcta,93277,Visalia,36.301334,-119.3725855,358690,1534,2023-11-30,10,0,Zillow ZIP-level market for Visalia; mapped with Census 2020 ZCTA 93277 in Tulare County.,,1534,Zillow ZORI,
93292 Visalia,zcta,93292,Visalia,36.366243,-119.2116355,384624,1869,2023-11-30,10,0,Zillow ZIP-level market for Visalia; mapped with Census 2020 ZCTA 93292 in Tulare County.,,1869,Zillow ZORI,
93618 Dinuba,zcta,93618,Dinuba,36.5221175,-119.3866282,329424,,2023-11-30,10,0,Zillow ZIP-level market for Dinuba; mapped with Census 2020 ZCTA 93618 in Tulare County.,,,,
93247 Lindsay,zcta,93247,Lindsay,36.2017347,-119.0834779,281609,,2023-11-30,10,0,Zillow ZIP-level market for Lindsay; mapped with Census 2020 ZCTA 93247 in Tulare County.,,,,
93221 Exeter,zcta,93221,Exeter,36.2963943,-119.0299352,371546,,2023-11-30,10,0,Zillow ZIP-level market for Exeter; mapped with Census 2020 ZCTA 93221 in Tulare County.,,,,
93647 Orosi,zcta,93647,Orosi,36.6007599,-119.1754848,289568,,2023-11-30,10,0,Zillow ZIP-level market for Orosi; mapped with Census 2020 ZCTA 93647 in Tulare County.,,,,
93286 Woodlake,zcta,93286,Woodlake,36.4627099,-119.0932419,307183,,2023-11-30,10,0,Zillow ZIP-level market for Woodlake; mapped with Census 2020 ZCTA 93286 in Tulare County.,,,,
93219 Tulare,zcta,93219,Tulare,35.8882375,-119.2949573,242825,,2023-11-30,10,0,Zillow ZIP-level market for Tulare; mapped with Census 2020 ZCTA 93219 in Tulare County.,,,,
93223 Farmersville,zcta,93223,Farmersville,36.3011122,-119.207875,272986,,2023-11-30,10,0,Zillow ZIP-level market for Farmersville; mapped with Census 2020 ZCTA 93223 in Tulare County.,,,,
93615 Cutler,zcta,93615,Cutler,36.5037388,-119.2838461,276335,,2023-11-30,10,0,Zillow ZIP-level market for Cutler; mapped with Census 2020 ZCTA 93615 in Tulare County.,,,,
93267 Strathmore,zcta,93267,Strathmore,36.1436233,-119.073877,291033,,2023-11-30,10,0,Zillow ZIP-level market for Strathmore; mapped with Census 2020 ZCTA 93267 in Tulare County.,,,,
93256 Pixley,zcta,93256,Pixley,35.9717308,-119.3135106,248948,,2023-11-30,10,0,Zillow ZIP-level market for Pixley; mapped with Census 2020 ZCTA 93256 in Tulare County.,,,,
93272 Tipton,zcta,93272,Tipton,36.0473536,-119.3444282,257721,,2023-11-30,10,0,Zillow ZIP-level market for Tipton; mapped with Census 2020 ZCTA 93272 in Tulare County.,,,,
93270 Terra Bella,zcta,93270,Terra Bella,35.9424478,-119.0583495,356259,,2023-11-30,10,0,Zillow ZIP-level market for Terra Bella; mapped with Census 2020 ZCTA 93270 in Tulare County.,,,,
93235 Ivanhoe,zcta,93235,Ivanhoe,36.385067,-119.2231243,228644,,2023-11-30,10,0,Zillow ZIP-level market for Ivanhoe; mapped with Census 2020 ZCTA 93235 in Tulare County.,,,,
93265 Springville,zcta,93265,Springville,36.217713,-118.6936058,400301,,2023-11-30,10,0,Zillow ZIP-level market for Springville; mapped with Census 2020 ZCTA 93265 in Tulare County.,,,,
93271 Three Rivers,zcta,93271,Three Rivers,36.440041,-118.8802803,518294,,2023-11-30,10,0,Zillow ZIP-level market for Three Rivers; mapped with Census 2020 ZCTA 93271 in Tulare County.,,,,
93201 Alpaugh,zcta,93201,Alpaugh,35.8568588,-119.5075255,195715,,2023-11-30,10,0,Zillow ZIP-level market for Alpaugh; mapped with Census 2020 ZCTA 93201 in Tulare County.,,,,
93261 Richgrove,zcta,93261,Richgrove,35.8114805,-119.1167378,242069,,2023-11-30,10,0,Zillow ZIP-level market for Richgrove; mapped with Census 2020 ZCTA 93261 in Tulare County.,,,,
93218 Earlimart,zcta,93218,Earlimart,35.8571408,-119.0449304,244768,,2023-11-30,10,0,Zillow ZIP-level market for Earlimart; mapped with Census 2020 ZCTA 93218 in Tulare County.,,,,
93244 Lemon Cove,zcta,93244,Lemon Cove,36.38634,-118.9897151,394131,,2023-11-30,10,0,Zillow ZIP-level market for Lemon Cove; mapped with Census 2020 ZCTA 93244 in Tulare County.,,,,
93227 Visalia,zcta,93227,Visalia,36.3444448,-119.418562,287163,,2023-11-30,10,0,Zillow ZIP-level market for Visalia; mapped with Census 2020 ZCTA 93227 in Tulare County.,,,,
93257 Porterville,zcta,93257,Porterville,35.9808583,-118.8893149,312098,1084,2023-12-31,10,0,Zillow ZIP-level market for Porterville; mapped with Census 2020 ZCTA 93257 in Tulare County.,,1084,Zillow ZORI,
93274 Tulare,zcta,93274,Tulare,36.1779345,-119.3799754,342895,1628,2023-12-31,10,0,Zillow ZIP-level market for Tulare; mapped with Census 2020 ZCTA 93274 in Tulare County.,,1628,Zillow ZORI,
93291 Visalia,zcta,93291,Visalia,36.391777,-119.3728419,410419,1845,2023-12-31,10,0,Zillow ZIP-level market for Visalia; mapped with Census 2020 ZCTA 93291 in Tulare County.,,1845,Zillow ZORI,
93277 Visalia,zcta,93277,Visalia,36.301334,-119.3725855,359171,1531,2023-12-31,10,0,Zillow ZIP-level market for Visalia; mapped with Census 2020 ZCTA 93277 in Tulare County.,,1531,Zillow ZORI,
93292 Visalia,zcta,93292,Visalia,36.366243,-119.2116355,384838,1856,2023-12-31,10,0,Zillow ZIP-level market for Visalia; mapped with Census 2020 ZCTA 93292 in Tulare County.,,1856,Zillow ZORI,
93618 Dinuba,zcta,93618,Dinuba,36.5221175,-119.3866282,330082,,2023-12-31,10,0,Zillow ZIP-level market for Dinuba; mapped with Census 2020 ZCTA 93618 in Tulare County.,,,,
93247 Lindsay,zcta,93247,Lindsay,36.2017347,-119.0834779,282874,,2023-12-31,10,0,Zillow ZIP-level market for Lindsay; mapped with Census 2020 ZCTA 93247 in Tulare County.,,,,
93221 Exeter,zcta,93221,Exeter,36.2963943,-119.0299352,372274,,2023-12-31,10,0,Zillow ZIP-level market for Exeter; mapped with Census 2020 ZCTA 93221 in Tulare County.,,,,
93647 Orosi,zcta,93647,Orosi,36.6007599,-119.1754848,289790,,2023-12-31,10,0,Zillow ZIP-level market for Orosi; mapped with Census 2020 ZCTA 93647 in Tulare County.,,,,
93286 Woodlake,zcta,93286,Woodlake,36.4627099,-119.0932419,307671,,2023-12-31,10,0,Zillow ZIP-level market for Woodlake; mapped with Census 2020 ZCTA 93286 in Tulare County.,,,,
93219 Tulare,zcta,93219,Tulare,35.8882375,-119.2949573,244253,,2023-12-31,10,0,Zillow ZIP-level market for Tulare; mapped with Census 2020 ZCTA 93219 in Tulare County.,,,,
93223 Farmersville,zcta,93223,Farmersville,36.3011122,-119.207875,273253,,2023-12-31,10,0,Zillow ZIP-level market for Farmersville; mapped with Census 2020 ZCTA 93223 in Tulare County.,,,,
93615 Cutler,zcta,93615,Cutler,36.5037388,-119.2838461,276540,,2023-12-31,10,0,Zillow ZIP-level market for Cutler; mapped with Census 2020 ZCTA 93615 in Tulare County.,,,,
93267 Strathmore,zcta,93267,Strathmore,36.1436233,-119.073877,291345,,2023-12-31,10,0,Zillow ZIP-level market for Strathmore; mapped with Census 2020 ZCTA 93267 in Tulare County.,,,,
93256 Pixley,zcta,93256,Pixley,35.9717308,-119.3135106,249041,,2023-12-31,10,0,Zillow ZIP-level market for Pixley; mapped with Census 2020 ZCTA 93256 in Tulare County.,,,,
93272 Tipton,zcta,93272,Tipton,36.0473536,-119.3444282,258085,,2023-12-31,10,0,Zillow ZIP-level market for Tipton; mapped with Census 2020 ZCTA 93272 in Tulare County.,,,,
93270 Terra Bella,zcta,93270,Terra Bella,35.9424478,-119.0583495,354126,,2023-12-31,10,0,Zillow ZIP-level market for Terra Bella; mapped with Census 2020 ZCTA 93270 in Tulare County.,,,,
93235 Ivanhoe,zcta,93235,Ivanhoe,36.385067,-119.2231243,229146,,2023-12-31,10,0,Zillow ZIP-level market for Ivanhoe; mapped with Census 2020 ZCTA 93235 in Tulare County.,,,,
93265 Springville,zcta,93265,Springville,36.217713,-118.6936058,397953,,2023-12-31,10,0,Zillow ZIP-level market for Springville; mapped with Census 2020 ZCTA 93265 in Tulare County.,,,,
93271 Three Rivers,zcta,93271,Three Rivers,36.440041,-118.8802803,518046,,2023-12-31,10,0,Zillow ZIP-level market for Three Rivers; mapped with Census 2020 ZCTA 93271 in Tulare County.,,,,
93201 Alpaugh,zcta,93201,Alpaugh,35.8568588,-119.5075255,193479,,2023-12-31,10,0,Zillow ZIP-level market for Alpaugh; mapped with Census 2020 ZCTA 93201 in Tulare County.,,,,
93261 Richgrove,zcta,93261,Richgrove,35.8114805,-119.1167378,242380,,2023-12-31,10,0,Zillow ZIP-level market for Richgrove; mapped with Census 2020 ZCTA 93261 in Tulare County.,,,,
93218 Earlimart,zcta,93218,Earlimart,35.8571408,-119.0449304,244784,,2023-12-31,10,0,Zillow ZIP-level market for Earlimart; mapped with Census 2020 ZCTA 93218 in Tulare County.,,,,
93244 Lemon Cove,zcta,93244,Lemon Cove,36.38634,-118.9897151,391976,,2023-12-31,10,0,Zillow ZIP-level market for Lemon Cove; mapped with Census 2020 ZCTA 93244 in Tulare County.,,,,
93227 Visalia,zcta,93227,Visalia,36.3444448,-119.418562,287258,,2023-12-31,10,0,Zillow ZIP-level market for Visalia; mapped with Census 2020 ZCTA 93227 in Tulare County.,,,,
93257 Porterville,zcta,93257,Porterville,35.9808583,-118.8893149,313213,1077,2024-01-31,10,0,Zillow ZIP-level market for Porterville; mapped with Census 2020 ZCTA 93257 in Tulare County.,,1077,Zillow ZORI,
93274 Tulare,zcta,93274,Tulare,36.1779345,-119.3799754,343675,1659,2024-01-31,10,0,Zillow ZIP-level market for Tulare; mapped with Census 2020 ZCTA 93274 in Tulare County.,,1659,Zillow ZORI,
93291 Visalia,zcta,93291,Visalia,36.391777,-119.3728419,410496,1849,2024-01-31,10,0,Zillow ZIP-level market for Visalia; mapped with Census 2020 ZCTA 93291 in Tulare County.,,1849,Zillow ZORI,
93277 Visalia,zcta,93277,Visalia,36.301334,-119.3725855,359899,1570,2024-01-31,10,0,Zillow ZIP-level market for Visalia; mapped with Census 2020 ZCTA 93277 in Tulare County.,,1570,Zillow ZORI,
93292 Visalia,zcta,93292,Visalia,36.366243,-119.2116355,385178,1845,2024-01-31,10,0,Zillow ZIP-level market for Visalia; mapped with Census 2020 ZCTA 93292 in Tulare County.,,1845,Zillow ZORI,
93618 Dinuba,zcta,93618,Dinuba,36.5221175,-119.3866282,330884,,2024-01-31,10,0,Zillow ZIP-level market for Dinuba; mapped with Census 2020 ZCTA 93618 in Tulare County.,,,,
93247 Lindsay,zcta,93247,Lindsay,36.2017347,-119.0834779,283817,,2024-01-31,10,0,Zillow ZIP-level market for Lindsay; mapped with Census 2020 ZCTA 93247 in Tulare County.,,,,
93221 Exeter,zcta,93221,Exeter,36.2963943,-119.0299352,372592,,2024-01-31,10,0,Zillow ZIP-level market for Exeter; mapped with Census 2020 ZCTA 93221 in Tulare County.,,,,
93647 Orosi,zcta,93647,Orosi,36.6007599,-119.1754848,290513,,2024-01-31,10,0,Zillow ZIP-level market for Orosi; mapped with Census 2020 ZCTA 93647 in Tulare County.,,,,
93286 Woodlake,zcta,93286,Woodlake,36.4627099,-119.0932419,308472,,2024-01-31,10,0,Zillow ZIP-level market for Woodlake; mapped with Census 2020 ZCTA 93286 in Tulare County.,,,,
93219 Tulare,zcta,93219,Tulare,35.8882375,-119.2949573,244978,,2024-01-31,10,0,Zillow ZIP-level market for Tulare; mapped with Census 2020 ZCTA 93219 in Tulare County.,,,,
93223 Farmersville,zcta,93223,Farmersville,36.3011122,-119.207875,273742,,2024-01-31,10,0,Zillow ZIP-level market for Farmersville; mapped with Census 2020 ZCTA 93223 in Tulare County.,,,,
93615 Cutler,zcta,93615,Cutler,36.5037388,-119.2838461,277126,,2024-01-31,10,0,Zillow ZIP-level market for Cutler; mapped with Census 2020 ZCTA 93615 in Tulare County.,,,,
93267 Strathmore,zcta,93267,Strathmore,36.1436233,-119.073877,291971,,2024-01-31,10,0,Zillow ZIP-level market for Strathmore; mapped with Census 2020 ZCTA 93267 in Tulare County.,,,,
93256 Pixley,zcta,93256,Pixley,35.9717308,-119.3135106,249563,,2024-01-31,10,0,Zillow ZIP-level market for Pixley; mapped with Census 2020 ZCTA 93256 in Tulare County.,,,,
93272 Tipton,zcta,93272,Tipton,36.0473536,-119.3444282,258737,,2024-01-31,10,0,Zillow ZIP-level market for Tipton; mapped with Census 2020 ZCTA 93272 in Tulare County.,,,,
93270 Terra Bella,zcta,93270,Terra Bella,35.9424478,-119.0583495,352786,,2024-01-31,10,0,Zillow ZIP-level market for Terra Bella; mapped with Census 2020 ZCTA 93270 in Tulare County.,,,,
93235 Ivanhoe,zcta,93235,Ivanhoe,36.385067,-119.2231243,229743,,2024-01-31,10,0,Zillow ZIP-level market for Ivanhoe; mapped with Census 2020 ZCTA 93235 in Tulare County.,,,,
93265 Springville,zcta,93265,Springville,36.217713,-118.6936058,395466,,2024-01-31,10,0,Zillow ZIP-level market for Springville; mapped with Census 2020 ZCTA 93265 in Tulare County.,,,,
93271 Three Rivers,zcta,93271,Three Rivers,36.440041,-118.8802803,517904,,2024-01-31,10,0,Zillow ZIP-level market for Three Rivers; mapped with Census 2020 ZCTA 93271 in Tulare County.,,,,
93201 Alpaugh,zcta,93201,Alpaugh,35.8568588,-119.5075255,191523,,2024-01-31,10,0,Zillow ZIP-level market for Alpaugh; mapped with Census 2020 ZCTA 93201 in Tulare County.,,,,
93261 Richgrove,zcta,93261,Richgrove,35.8114805,-119.1167378,243425,,2024-01-31,10,0,Zillow ZIP-level market for Richgrove; mapped with Census 2020 ZCTA 93261 in Tulare County.,,,,
93218 Earlimart,zcta,93218,Earlimart,35.8571408,-119.0449304,245652,,2024-01-31,10,0,Zillow ZIP-level market for Earlimart; mapped with Census 2020 ZCTA 93218 in Tulare County.,,,,
93244 Lemon Cove,zcta,93244,Lemon Cove,36.38634,-118.9897151,388565,,2024-01-31,10,0,Zillow ZIP-level market for Lemon Cove; mapped with Census 2020 ZCTA 93244 in Tulare County.,,,,
93227 Visalia,zcta,93227,Visalia,36.3444448,-119.418562,287522,,2024-01-31,10,0,Zillow ZIP-level market for Visalia; mapped with Census 2020 ZCTA 93227 in Tulare County.,,,,
93257 Porterville,zcta,93257,Porterville,35.9808583,-118.8893149,314760,1081,2024-02-29,10,0,Zillow ZIP-level market for Porterville; mapped with Census 2020 ZCTA 93257 in Tulare County.,,1081,Zillow ZORI,
93274 Tulare,zcta,93274,Tulare,36.1779345,-119.3799754,344650,1655,2024-02-29,10,0,Zillow ZIP-level market for Tulare; mapped with Census 2020 ZCTA 93274 in Tulare County.,,1655,Zillow ZORI,
93291 Visalia,zcta,93291,Visalia,36.391777,-119.3728419,411362,1859,2024-02-29,10,0,Zillow ZIP-level market for Visalia; mapped with Census 2020 ZCTA 93291 in Tulare County.,,1859,Zillow ZORI,
93277 Visalia,zcta,93277,Visalia,36.301334,-119.3725855,361002,1557,2024-02-29,10,0,Zillow ZIP-level market for Visalia; mapped with Census 2020 ZCTA 93277 in Tulare County.,,1557,Zillow ZORI,
93292 Visalia,zcta,93292,Visalia,36.366243,-119.2116355,386090,1894,2024-02-29,10,0,Zillow ZIP-level market for Visalia; mapped with Census 2020 ZCTA 93292 in Tulare County.,,1894,Zillow ZORI,
93618 Dinuba,zcta,93618,Dinuba,36.5221175,-119.3866282,332139,,2024-02-29,10,0,Zillow ZIP-level market for Dinuba; mapped with Census 2020 ZCTA 93618 in Tulare County.,,,,
93247 Lindsay,zcta,93247,Lindsay,36.2017347,-119.0834779,285069,,2024-02-29,10,0,Zillow ZIP-level market for Lindsay; mapped with Census 2020 ZCTA 93247 in Tulare County.,,,,
93221 Exeter,zcta,93221,Exeter,36.2963943,-119.0299352,372988,,2024-02-29,10,0,Zillow ZIP-level market for Exeter; mapped with Census 2020 ZCTA 93221 in Tulare County.,,,,
93647 Orosi,zcta,93647,Orosi,36.6007599,-119.1754848,291545,,2024-02-29,10,0,Zillow ZIP-level market for Orosi; mapped with Census 2020 ZCTA 93647 in Tulare County.,,,,
93286 Woodlake,zcta,93286,Woodlake,36.4627099,-119.0932419,309388,,2024-02-29,10,0,Zillow ZIP-level market for Woodlake; mapped with Census 2020 ZCTA 93286 in Tulare County.,,,,
93219 Tulare,zcta,93219,Tulare,35.8882375,-119.2949573,245198,,2024-02-29,10,0,Zillow ZIP-level market for Tulare; mapped with Census 2020 ZCTA 93219 in Tulare County.,,,,
93223 Farmersville,zcta,93223,Farmersville,36.3011122,-119.207875,274253,,2024-02-29,10,0,Zillow ZIP-level market for Farmersville; mapped with Census 2020 ZCTA 93223 in Tulare County.,,,,
93615 Cutler,zcta,93615,Cutler,36.5037388,-119.2838461,276931,,2024-02-29,10,0,Zillow ZIP-level market for Cutler; mapped with Census 2020 ZCTA 93615 in Tulare County.,,,,
93267 Strathmore,zcta,93267,Strathmore,36.1436233,-119.073877,293082,,2024-02-29,10,0,Zillow ZIP-level market for Strathmore; mapped with Census 2020 ZCTA 93267 in Tulare County.,,,,
93256 Pixley,zcta,93256,Pixley,35.9717308,-119.3135106,250793,,2024-02-29,10,0,Zillow ZIP-level market for Pixley; mapped with Census 2020 ZCTA 93256 in Tulare County.,,,,
93272 Tipton,zcta,93272,Tipton,36.0473536,-119.3444282,259777,,2024-02-29,10,0,Zillow ZIP-level market for Tipton; mapped with Census 2020 ZCTA 93272 in Tulare County.,,,,
93270 Terra Bella,zcta,93270,Terra Bella,35.9424478,-119.0583495,353879,,2024-02-29,10,0,Zillow ZIP-level market for Terra Bella; mapped with Census 2020 ZCTA 93270 in Tulare County.,,,,
93235 Ivanhoe,zcta,93235,Ivanhoe,36.385067,-119.2231243,229974,,2024-02-29,10,0,Zillow ZIP-level market for Ivanhoe; mapped with Census 2020 ZCTA 93235 in Tulare County.,,,,
93265 Springville,zcta,93265,Springville,36.217713,-118.6936058,394615,,2024-02-29,10,0,Zillow ZIP-level market for Springville; mapped with Census 2020 ZCTA 93265 in Tulare County.,,,,
93271 Three Rivers,zcta,93271,Three Rivers,36.440041,-118.8802803,517757,,2024-02-29,10,0,Zillow ZIP-level market for Three Rivers; mapped with Census 2020 ZCTA 93271 in Tulare County.,,,,
93201 Alpaugh,zcta,93201,Alpaugh,35.8568588,-119.5075255,190088,,2024-02-29,10,0,Zillow ZIP-level market for Alpaugh; mapped with Census 2020 ZCTA 93201 in Tulare County.,,,,
93261 Richgrove,zcta,93261,Richgrove,35.8114805,-119.1167378,244458,,2024-02-29,10,0,Zillow ZIP-level market for Richgrove; mapped with Census 2020 ZCTA 93261 in Tulare County.,,,,
93218 Earlimart,zcta,93218,Earlimart,35.8571408,-119.0449304,246627,,2024-02-29,10,0,Zillow ZIP-level market for Earlimart; mapped with Census 2020 ZCTA 93218 in Tulare County.,,,,
93244 Lemon Cove,zcta,93244,Lemon Cove,36.38634,-118.9897151,385744,,2024-02-29,10,0,Zillow ZIP-level market for Lemon Cove; mapped with Census 2020 ZCTA 93244 in Tulare County.,,,,
93227 Visalia,zcta,93227,Visalia,36.3444448,-119.418562,287746,,2024-02-29,10,0,Zillow ZIP-level market for Visalia; mapped with Census 2020 ZCTA 93227 in Tulare County.,,,,
93257 Porterville,zcta,93257,Porterville,35.9808583,-118.8893149,316799,1097,2024-03-31,10,0,Zillow ZIP-level market for Porterville; mapped with Census 2020 ZCTA 93257 in Tulare County.,,1097,Zillow ZORI,
93274 Tulare,zcta,93274,Tulare,36.1779345,-119.3799754,345992,1668,2024-03-31,10,0,Zillow ZIP-level market for Tulare; mapped with Census 2020 ZCTA 93274 in Tulare County.,,1668,Zillow ZORI,
93291 Visalia,zcta,93291,Visalia,36.391777,-119.3728419,412997,1864,2024-03-31,10,0,Zillow ZIP-level market for Visalia; mapped with Census 2020 ZCTA 93291 in Tulare County.,,1864,Zillow ZORI,
93277 Visalia,zcta,93277,Visalia,36.301334,-119.3725855,362592,1563,2024-03-31,10,0,Zillow ZIP-level market for Visalia; mapped with Census 2020 ZCTA 93277 in Tulare County.,,1563,Zillow ZORI,
93292 Visalia,zcta,93292,Visalia,36.366243,-119.2116355,387655,1930,2024-03-31,10,0,Zillow ZIP-level market for Visalia; mapped with Census 2020 ZCTA 93292 in Tulare County.,,1930,Zillow ZORI,
93618 Dinuba,zcta,93618,Dinuba,36.5221175,-119.3866282,333520,,2024-03-31,10,0,Zillow ZIP-level market for Dinuba; mapped with Census 2020 ZCTA 93618 in Tulare County.,,,,
93247 Lindsay,zcta,93247,Lindsay,36.2017347,-119.0834779,286848,,2024-03-31,10,0,Zillow ZIP-level market for Lindsay; mapped with Census 2020 ZCTA 93247 in Tulare County.,,,,
93221 Exeter,zcta,93221,Exeter,36.2963943,-119.0299352,373567,,2024-03-31,10,0,Zillow ZIP-level market for Exeter; mapped with Census 2020 ZCTA 93221 in Tulare County.,,,,
93647 Orosi,zcta,93647,Orosi,36.6007599,-119.1754848,293383,,2024-03-31,10,0,Zillow ZIP-level market for Orosi; mapped with Census 2020 ZCTA 93647 in Tulare County.,,,,
93286 Woodlake,zcta,93286,Woodlake,36.4627099,-119.0932419,311024,,2024-03-31,10,0,Zillow ZIP-level market for Woodlake; mapped with Census 2020 ZCTA 93286 in Tulare County.,,,,
93219 Tulare,zcta,93219,Tulare,35.8882375,-119.2949573,246002,,2024-03-31,10,0,Zillow ZIP-level market for Tulare; mapped with Census 2020 ZCTA 93219 in Tulare County.,,,,
93223 Farmersville,zcta,93223,Farmersville,36.3011122,-119.207875,275690,,2024-03-31,10,0,Zillow ZIP-level market for Farmersville; mapped with Census 2020 ZCTA 93223 in Tulare County.,,,,
93615 Cutler,zcta,93615,Cutler,36.5037388,-119.2838461,277437,,2024-03-31,10,0,Zillow ZIP-level market for Cutler; mapped with Census 2020 ZCTA 93615 in Tulare County.,,,,
93267 Strathmore,zcta,93267,Strathmore,36.1436233,-119.073877,294630,,2024-03-31,10,0,Zillow ZIP-level market for Strathmore; mapped with Census 2020 ZCTA 93267 in Tulare County.,,,,
93256 Pixley,zcta,93256,Pixley,35.9717308,-119.3135106,253065,,2024-03-31,10,0,Zillow ZIP-level market for Pixley; mapped with Census 2020 ZCTA 93256 in Tulare County.,,,,
93272 Tipton,zcta,93272,Tipton,36.0473536,-119.3444282,261667,,2024-03-31,10,0,Zillow ZIP-level market for Tipton; mapped with Census 2020 ZCTA 93272 in Tulare County.,,,,
93270 Terra Bella,zcta,93270,Terra Bella,35.9424478,-119.0583495,356966,,2024-03-31,10,0,Zillow ZIP-level market for Terra Bella; mapped with Census 2020 ZCTA 93270 in Tulare County.,,,,
93235 Ivanhoe,zcta,93235,Ivanhoe,36.385067,-119.2231243,230593,,2024-03-31,10,0,Zillow ZIP-level market for Ivanhoe; mapped with Census 2020 ZCTA 93235 in Tulare County.,,,,
93265 Springville,zcta,93265,Springville,36.217713,-118.6936058,396082,,2024-03-31,10,0,Zillow ZIP-level market for Springville; mapped with Census 2020 ZCTA 93265 in Tulare County.,,,,
93271 Three Rivers,zcta,93271,Three Rivers,36.440041,-118.8802803,518570,,2024-03-31,10,0,Zillow ZIP-level market for Three Rivers; mapped with Census 2020 ZCTA 93271 in Tulare County.,,,,
93201 Alpaugh,zcta,93201,Alpaugh,35.8568588,-119.5075255,191271,,2024-03-31,10,0,Zillow ZIP-level market for Alpaugh; mapped with Census 2020 ZCTA 93201 in Tulare County.,,,,
93261 Richgrove,zcta,93261,Richgrove,35.8114805,-119.1167378,245685,,2024-03-31,10,0,Zillow ZIP-level market for Richgrove; mapped with Census 2020 ZCTA 93261 in Tulare County.,,,,
93218 Earlimart,zcta,93218,Earlimart,35.8571408,-119.0449304,248488,,2024-03-31,10,0,Zillow ZIP-level market for Earlimart; mapped with Census 2020 ZCTA 93218 in Tulare County.,,,,
93244 Lemon Cove,zcta,93244,Lemon Cove,36.38634,-118.9897151,385489,,2024-03-31,10,0,Zillow ZIP-level market for Lemon Cove; mapped with Census 2020 ZCTA 93244 in Tulare County.,,,,
93227 Visalia,zcta,93227,Visalia,36.3444448,-119.418562,289394,,2024-03-31,10,0,Zillow ZIP-level market for Visalia; mapped with Census 2020 ZCTA 93227 in Tulare County.,,,,
93257 Porterville,zcta,93257,Porterville,35.9808583,-118.8893149,318866,1123,2024-04-30,10,0,Zillow ZIP-level market for Porterville; mapped with Census 2020 ZCTA 93257 in Tulare County.,,1123,Zillow ZORI,
93274 Tulare,zcta,93274,Tulare,36.1779345,-119.3799754,347408,1676,2024-04-30,10,0,Zillow ZIP-level market for Tulare; mapped with Census 2020 ZCTA 93274 in Tulare County.,,1676,Zillow ZORI,
93291 Visalia,zcta,93291,Visalia,36.391777,-119.3728419,414743,1872,2024-04-30,10,0,Zillow ZIP-level market for Visalia; mapped with Census 2020 ZCTA 93291 in Tulare County.,,1872,Zillow ZORI,
93277 Visalia,zcta,93277,Visalia,36.301334,-119.3725855,364123,1551,2024-04-30,10,0,Zillow ZIP-level market for Visalia; mapped with Census 2020 ZCTA 93277 in Tulare County.,,1551,Zillow ZORI,
93292 Visalia,zcta,93292,Visalia,36.366243,-119.2116355,389281,1972,2024-04-30,10,0,Zillow ZIP-level market for Visalia; mapped with Census 2020 ZCTA 93292 in Tulare County.,,1972,Zillow ZORI,
93618 Dinuba,zcta,93618,Dinuba,36.5221175,-119.3866282,335255,,2024-04-30,10,0,Zillow ZIP-level market for Dinuba; mapped with Census 2020 ZCTA 93618 in Tulare County.,,,,
93247 Lindsay,zcta,93247,Lindsay,36.2017347,-119.0834779,288833,,2024-04-30,10,0,Zillow ZIP-level market for Lindsay; mapped with Census 2020 ZCTA 93247 in Tulare County.,,,,
93221 Exeter,zcta,93221,Exeter,36.2963943,-119.0299352,374924,,2024-04-30,10,0,Zillow ZIP-level market for Exeter; mapped with Census 2020 ZCTA 93221 in Tulare County.,,,,
93647 Orosi,zcta,93647,Orosi,36.6007599,-119.1754848,295374,,2024-04-30,10,0,Zillow ZIP-level market for Orosi; mapped with Census 2020 ZCTA 93647 in Tulare County.,,,,
93286 Woodlake,zcta,93286,Woodlake,36.4627099,-119.0932419,313192,,2024-04-30,10,0,Zillow ZIP-level market for Woodlake; mapped with Census 2020 ZCTA 93286 in Tulare County.,,,,
93219 Tulare,zcta,93219,Tulare,35.8882375,-119.2949573,247324,,2024-04-30,10,0,Zillow ZIP-level market for Tulare; mapped with Census 2020 ZCTA 93219 in Tulare County.,,,,
93223 Farmersville,zcta,93223,Farmersville,36.3011122,-119.207875,277338,,2024-04-30,10,0,Zillow ZIP-level market for Farmersville; mapped with Census 2020 ZCTA 93223 in Tulare County.,,,,
93615 Cutler,zcta,93615,Cutler,36.5037388,-119.2838461,279253,,2024-04-30,10,0,Zillow ZIP-level market for Cutler; mapped with Census 2020 ZCTA 93615 in Tulare County.,,,,
93267 Strathmore,zcta,93267,Strathmore,36.1436233,-119.073877,296525,,2024-04-30,10,0,Zillow ZIP-level market for Strathmore; mapped with Census 2020 ZCTA 93267 in Tulare County.,,,,
93256 Pixley,zcta,93256,Pixley,35.9717308,-119.3135106,255306,,2024-04-30,10,0,Zillow ZIP-level market for Pixley; mapped with Census 2020 ZCTA 93256 in Tulare County.,,,,
93272 Tipton,zcta,93272,Tipton,36.0473536,-119.3444282,264224,,2024-04-30,10,0,Zillow ZIP-level market for Tipton; mapped with Census 2020 ZCTA 93272 in Tulare County.,,,,
93270 Terra Bella,zcta,93270,Terra Bella,35.9424478,-119.0583495,361484,,2024-04-30,10,0,Zillow ZIP-level market for Terra Bella; mapped with Census 2020 ZCTA 93270 in Tulare County.,,,,
93235 Ivanhoe,zcta,93235,Ivanhoe,36.385067,-119.2231243,231989,,2024-04-30,10,0,Zillow ZIP-level market for Ivanhoe; mapped with Census 2020 ZCTA 93235 in Tulare County.,,,,
93265 Springville,zcta,93265,Springville,36.217713,-118.6936058,399037,,2024-04-30,10,0,Zillow ZIP-level market for Springville; mapped with Census 2020 ZCTA 93265 in Tulare County.,,,,
93271 Three Rivers,zcta,93271,Three Rivers,36.440041,-118.8802803,520513,,2024-04-30,10,0,Zillow ZIP-level market for Three Rivers; mapped with Census 2020 ZCTA 93271 in Tulare County.,,,,
93201 Alpaugh,zcta,93201,Alpaugh,35.8568588,-119.5075255,193905,,2024-04-30,10,0,Zillow ZIP-level market for Alpaugh; mapped with Census 2020 ZCTA 93201 in Tulare County.,,,,
93261 Richgrove,zcta,93261,Richgrove,35.8114805,-119.1167378,246894,,2024-04-30,10,0,Zillow ZIP-level market for Richgrove; mapped with Census 2020 ZCTA 93261 in Tulare County.,,,,
93218 Earlimart,zcta,93218,Earlimart,35.8571408,-119.0449304,250983,,2024-04-30,10,0,Zillow ZIP-level market for Earlimart; mapped with Census 2020 ZCTA 93218 in Tulare County.,,,,
93244 Lemon Cove,zcta,93244,Lemon Cove,36.38634,-118.9897151,387264,,2024-04-30,10,0,Zillow ZIP-level market for Lemon Cove; mapped with Census 2020 ZCTA 93244 in Tulare County.,,,,
93227 Visalia,zcta,93227,Visalia,36.3444448,-119.418562,291704,,2024-04-30,10,0,Zillow ZIP-level market for Visalia; mapped with Census 2020 ZCTA 93227 in Tulare County.,,,,
93257 Porterville,zcta,93257,Porterville,35.9808583,-118.8893149,320790,1134,2024-05-31,10,0,Zillow ZIP-level market for Porterville; mapped with Census 2020 ZCTA 93257 in Tulare County.,,1134,Zillow ZORI,
93274 Tulare,zcta,93274,Tulare,36.1779345,-119.3799754,349030,1717,2024-05-31,10,0,Zillow ZIP-level market for Tulare; mapped with Census 2020 ZCTA 93274 in Tulare County.,,1717,Zillow ZORI,
93291 Visalia,zcta,93291,Visalia,36.391777,-119.3728419,416575,1854,2024-05-31,10,0,Zillow ZIP-level market for Visalia; mapped with Census 2020 ZCTA 93291 in Tulare County.,,1854,Zillow ZORI,
93277 Visalia,zcta,93277,Visalia,36.301334,-119.3725855,365933,1553,2024-05-31,10,0,Zillow ZIP-level market for Visalia; mapped with Census 2020 ZCTA 93277 in Tulare County.,,1553,Zillow ZORI,
93292 Visalia,zcta,93292,Visalia,36.366243,-119.2116355,391331,1968,2024-05-31,10,0,Zillow ZIP-level market for Visalia; mapped with Census 2020 ZCTA 93292 in Tulare County.,,1968,Zillow ZORI,
93618 Dinuba,zcta,93618,Dinuba,36.5221175,-119.3866282,337213,,2024-05-31,10,0,Zillow ZIP-level market for Dinuba; mapped with Census 2020 ZCTA 93618 in Tulare County.,,,,
93247 Lindsay,zcta,93247,Lindsay,36.2017347,-119.0834779,290577,,2024-05-31,10,0,Zillow ZIP-level market for Lindsay; mapped with Census 2020 ZCTA 93247 in Tulare County.,,,,
93221 Exeter,zcta,93221,Exeter,36.2963943,-119.0299352,376700,,2024-05-31,10,0,Zillow ZIP-level market for Exeter; mapped with Census 2020 ZCTA 93221 in Tulare County.,,,,
93647 Orosi,zcta,93647,Orosi,36.6007599,-119.1754848,297391,,2024-05-31,10,0,Zillow ZIP-level market for Orosi; mapped with Census 2020 ZCTA 93647 in Tulare County.,,,,
93286 Woodlake,zcta,93286,Woodlake,36.4627099,-119.0932419,315659,,2024-05-31,10,0,Zillow ZIP-level market for Woodlake; mapped with Census 2020 ZCTA 93286 in Tulare County.,,,,
93219 Tulare,zcta,93219,Tulare,35.8882375,-119.2949573,249547,,2024-05-31,10,0,Zillow ZIP-level market for Tulare; mapped with Census 2020 ZCTA 93219 in Tulare County.,,,,
93223 Farmersville,zcta,93223,Farmersville,36.3011122,-119.207875,279523,,2024-05-31,10,0,Zillow ZIP-level market for Farmersville; mapped with Census 2020 ZCTA 93223 in Tulare County.,,,,
93615 Cutler,zcta,93615,Cutler,36.5037388,-119.2838461,282226,,2024-05-31,10,0,Zillow ZIP-level market for Cutler; mapped with Census 2020 ZCTA 93615 in Tulare County.,,,,
93267 Strathmore,zcta,93267,Strathmore,36.1436233,-119.073877,298930,,2024-05-31,10,0,Zillow ZIP-level market for Strathmore; mapped with Census 2020 ZCTA 93267 in Tulare County.,,,,
93256 Pixley,zcta,93256,Pixley,35.9717308,-119.3135106,257792,,2024-05-31,10,0,Zillow ZIP-level market for Pixley; mapped with Census 2020 ZCTA 93256 in Tulare County.,,,,
93272 Tipton,zcta,93272,Tipton,36.0473536,-119.3444282,267148,,2024-05-31,10,0,Zillow ZIP-level market for Tipton; mapped with Census 2020 ZCTA 93272 in Tulare County.,,,,
93270 Terra Bella,zcta,93270,Terra Bella,35.9424478,-119.0583495,365722,,2024-05-31,10,0,Zillow ZIP-level market for Terra Bella; mapped with Census 2020 ZCTA 93270 in Tulare County.,,,,
93235 Ivanhoe,zcta,93235,Ivanhoe,36.385067,-119.2231243,234873,,2024-05-31,10,0,Zillow ZIP-level market for Ivanhoe; mapped with Census 2020 ZCTA 93235 in Tulare County.,,,,
93265 Springville,zcta,93265,Springville,36.217713,-118.6936058,401828,,2024-05-31,10,0,Zillow ZIP-level market for Springville; mapped with Census 2020 ZCTA 93265 in Tulare County.,,,,
93271 Three Rivers,zcta,93271,Three Rivers,36.440041,-118.8802803,522798,,2024-05-31,10,0,Zillow ZIP-level market for Three Rivers; mapped with Census 2020 ZCTA 93271 in Tulare County.,,,,
93201 Alpaugh,zcta,93201,Alpaugh,35.8568588,-119.5075255,197391,,2024-05-31,10,0,Zillow ZIP-level market for Alpaugh; mapped with Census 2020 ZCTA 93201 in Tulare County.,,,,
93261 Richgrove,zcta,93261,Richgrove,35.8114805,-119.1167378,249084,,2024-05-31,10,0,Zillow ZIP-level market for Richgrove; mapped with Census 2020 ZCTA 93261 in Tulare County.,,,,
93218 Earlimart,zcta,93218,Earlimart,35.8571408,-119.0449304,254174,,2024-05-31,10,0,Zillow ZIP-level market for Earlimart; mapped with Census 2020 ZCTA 93218 in Tulare County.,,,,
93244 Lemon Cove,zcta,93244,Lemon Cove,36.38634,-118.9897151,390426,,2024-05-31,10,0,Zillow ZIP-level market for Lemon Cove; mapped with Census 2020 ZCTA 93244 in Tulare County.,,,,
93227 Visalia,zcta,93227,Visalia,36.3444448,-119.418562,294575,,2024-05-31,10,0,Zillow ZIP-level market for Visalia; mapped with Census 2020 ZCTA 93227 in Tulare County.,,,,
93257 Porterville,zcta,93257,Porterville,35.9808583,-118.8893149,321855,1150,2024-06-30,10,0,Zillow ZIP-level market for Porterville; mapped with Census 2020 ZCTA 93257 in Tulare County.,,1150,Zillow ZORI,
93274 Tulare,zcta,93274,Tulare,36.1779345,-119.3799754,350321,1772,2024-06-30,10,0,Zillow ZIP-level market for Tulare; mapped with Census 2020 ZCTA 93274 in Tulare County.,,1772,Zillow ZORI,
93291 Visalia,zcta,93291,Visalia,36.391777,-119.3728419,417697,1866,2024-06-30,10,0,Zillow ZIP-level market for Visalia; mapped with Census 2020 ZCTA 93291 in Tulare County.,,1866,Zillow ZORI,
93277 Visalia,zcta,93277,Visalia,36.301334,-119.3725855,367180,1585,2024-06-30,10,0,Zillow ZIP-level market for Visalia; mapped with Census 2020 ZCTA 93277 in Tulare County.,,1585,Zillow ZORI,
93292 Visalia,zcta,93292,Visalia,36.366243,-119.2116355,392823,1980,2024-06-30,10,0,Zillow ZIP-level market for Visalia; mapped with Census 2020 ZCTA 93292 in Tulare County.,,1980,Zillow ZORI,
93618 Dinuba,zcta,93618,Dinuba,36.5221175,-119.3866282,338509,,2024-06-30,10,0,Zillow ZIP-level market for Dinuba; mapped with Census 2020 ZCTA 93618 in Tulare County.,,,,
93247 Lindsay,zcta,93247,Lindsay,36.2017347,-119.0834779,291587,,2024-06-30,10,0,Zillow ZIP-level market for Lindsay; mapped with Census 2020 ZCTA 93247 in Tulare County.,,,,
93221 Exeter,zcta,93221,Exeter,36.2963943,-119.0299352,378445,,2024-06-30,10,0,Zillow ZIP-level market for Exeter; mapped with Census 2020 ZCTA 93221 in Tulare County.,,,,
93647 Orosi,zcta,93647,Orosi,36.6007599,-119.1754848,298638,,2024-06-30,10,0,Zillow ZIP-level market for Orosi; mapped with Census 2020 ZCTA 93647 in Tulare County.,,,,
93286 Woodlake,zcta,93286,Woodlake,36.4627099,-119.0932419,316997,,2024-06-30,10,0,Zillow ZIP-level market for Woodlake; mapped with Census 2020 ZCTA 93286 in Tulare County.,,,,
93219 Tulare,zcta,93219,Tulare,35.8882375,-119.2949573,251005,,2024-06-30,10,0,Zillow ZIP-level market for Tulare; mapped with Census 2020 ZCTA 93219 in Tulare County.,,,,
93223 Farmersville,zcta,93223,Farmersville,36.3011122,-119.207875,280963,,2024-06-30,10,0,Zillow ZIP-level market for Farmersville; mapped with Census 2020 ZCTA 93223 in Tulare County.,,,,
93615 Cutler,zcta,93615,Cutler,36.5037388,-119.2838461,284190,,2024-06-30,10,0,Zillow ZIP-level market for Cutler; mapped with Census 2020 ZCTA 93615 in Tulare County.,,,,
93267 Strathmore,zcta,93267,Strathmore,36.1436233,-119.073877,301060,,2024-06-30,10,0,Zillow ZIP-level market for Strathmore; mapped with Census 2020 ZCTA 93267 in Tulare County.,,,,
93256 Pixley,zcta,93256,Pixley,35.9717308,-119.3135106,259914,,2024-06-30,10,0,Zillow ZIP-level market for Pixley; mapped with Census 2020 ZCTA 93256 in Tulare County.,,,,
93272 Tipton,zcta,93272,Tipton,36.0473536,-119.3444282,269106,,2024-06-30,10,0,Zillow ZIP-level market for Tipton; mapped with Census 2020 ZCTA 93272 in Tulare County.,,,,
93270 Terra Bella,zcta,93270,Terra Bella,35.9424478,-119.0583495,369076,,2024-06-30,10,0,Zillow ZIP-level market for Terra Bella; mapped with Census 2020 ZCTA 93270 in Tulare County.,,,,
93235 Ivanhoe,zcta,93235,Ivanhoe,36.385067,-119.2231243,237139,,2024-06-30,10,0,Zillow ZIP-level market for Ivanhoe; mapped with Census 2020 ZCTA 93235 in Tulare County.,,,,
93265 Springville,zcta,93265,Springville,36.217713,-118.6936058,404289,,2024-06-30,10,0,Zillow ZIP-level market for Springville; mapped with Census 2020 ZCTA 93265 in Tulare County.,,,,
93271 Three Rivers,zcta,93271,Three Rivers,36.440041,-118.8802803,524453,,2024-06-30,10,0,Zillow ZIP-level market for Three Rivers; mapped with Census 2020 ZCTA 93271 in Tulare County.,,,,
93201 Alpaugh,zcta,93201,Alpaugh,35.8568588,-119.5075255,200480,,2024-06-30,10,0,Zillow ZIP-level market for Alpaugh; mapped with Census 2020 ZCTA 93201 in Tulare County.,,,,
93261 Richgrove,zcta,93261,Richgrove,35.8114805,-119.1167378,250437,,2024-06-30,10,0,Zillow ZIP-level market for Richgrove; mapped with Census 2020 ZCTA 93261 in Tulare County.,,,,
93218 Earlimart,zcta,93218,Earlimart,35.8571408,-119.0449304,256618,,2024-06-30,10,0,Zillow ZIP-level market for Earlimart; mapped with Census 2020 ZCTA 93218 in Tulare County.,,,,
93244 Lemon Cove,zcta,93244,Lemon Cove,36.38634,-118.9897151,392279,,2024-06-30,10,0,Zillow ZIP-level market for Lemon Cove; mapped with Census 2020 ZCTA 93244 in Tulare County.,,,,
93227 Visalia,zcta,93227,Visalia,36.3444448,-119.418562,296585,,2024-06-30,10,0,Zillow ZIP-level market for Visalia; mapped with Census 2020 ZCTA 93227 in Tulare County.,,,,
93257 Porterville,zcta,93257,Porterville,35.9808583,-118.8893149,322399,1153,2024-07-31,10,0,Zillow ZIP-level market for Porterville; mapped with Census 2020 ZCTA 93257 in Tulare County.,,1153,Zillow ZORI,
93274 Tulare,zcta,93274,Tulare,36.1779345,-119.3799754,351127,1773,2024-07-31,10,0,Zillow ZIP-level market for Tulare; mapped with Census 2020 ZCTA 93274 in Tulare County.,,1773,Zillow ZORI,
93291 Visalia,zcta,93291,Visalia,36.391777,-119.3728419,418500,1878,2024-07-31,10,0,Zillow ZIP-level market for Visalia; mapped with Census 2020 ZCTA 93291 in Tulare County.,,1878,Zillow ZORI,
93277 Visalia,zcta,93277,Visalia,36.301334,-119.3725855,368001,1603,2024-07-31,10,0,Zillow ZIP-level market for Visalia; mapped with Census 2020 ZCTA 93277 in Tulare County.,,1603,Zillow ZORI,
93292 Visalia,zcta,93292,Visalia,36.366243,-119.2116355,393898,1971,2024-07-31,10,0,Zillow ZIP-level market for Visalia; mapped with Census 2020 ZCTA 93292 in Tulare County.,,1971,Zillow ZORI,
93618 Dinuba,zcta,93618,Dinuba,36.5221175,-119.3866282,339030,,2024-07-31,10,0,Zillow ZIP-level market for Dinuba; mapped with Census 2020 ZCTA 93618 in Tulare County.,,,,
93247 Lindsay,zcta,93247,Lindsay,36.2017347,-119.0834779,292386,,2024-07-31,10,0,Zillow ZIP-level market for Lindsay; mapped with Census 2020 ZCTA 93247 in Tulare County.,,,,
93221 Exeter,zcta,93221,Exeter,36.2963943,-119.0299352,379817,,2024-07-31,10,0,Zillow ZIP-level market for Exeter; mapped with Census 2020 ZCTA 93221 in Tulare County.,,,,
93647 Orosi,zcta,93647,Orosi,36.6007599,-119.1754848,299567,,2024-07-31,10,0,Zillow ZIP-level market for Orosi; mapped with Census 2020 ZCTA 93647 in Tulare County.,,,,
93286 Woodlake,zcta,93286,Woodlake,36.4627099,-119.0932419,317515,,2024-07-31,10,0,Zillow ZIP-level market for Woodlake; mapped with Census 2020 ZCTA 93286 in Tulare County.,,,,
93219 Tulare,zcta,93219,Tulare,35.8882375,-119.2949573,251595,,2024-07-31,10,0,Zillow ZIP-level market for Tulare; mapped with Census 2020 ZCTA 93219 in Tulare County.,,,,
93223 Farmersville,zcta,93223,Farmersville,36.3011122,-119.207875,281569,,2024-07-31,10,0,Zillow ZIP-level market for Farmersville; mapped with Census 2020 ZCTA 93223 in Tulare County.,,,,
93615 Cutler,zcta,93615,Cutler,36.5037388,-119.2838461,283709,,2024-07-31,10,0,Zillow ZIP-level market for Cutler; mapped with Census 2020 ZCTA 93615 in Tulare County.,,,,
93267 Strathmore,zcta,93267,Strathmore,36.1436233,-119.073877,302536,,2024-07-31,10,0,Zillow ZIP-level market for Strathmore; mapped with Census 2020 ZCTA 93267 in Tulare County.,,,,
93256 Pixley,zcta,93256,Pixley,35.9717308,-119.3135106,261228,,2024-07-31,10,0,Zillow ZIP-level market for Pixley; mapped with Census 2020 ZCTA 93256 in Tulare County.,,,,
93272 Tipton,zcta,93272,Tipton,36.0473536,-119.3444282,269797,,2024-07-31,10,0,Zillow ZIP-level market for Tipton; mapped with Census 2020 ZCTA 93272 in Tulare County.,,,,
93270 Terra Bella,zcta,93270,Terra Bella,35.9424478,-119.0583495,370119,,2024-07-31,10,0,Zillow ZIP-level market for Terra Bella; mapped with Census 2020 ZCTA 93270 in Tulare County.,,,,
93235 Ivanhoe,zcta,93235,Ivanhoe,36.385067,-119.2231243,238040,,2024-07-31,10,0,Zillow ZIP-level market for Ivanhoe; mapped with Census 2020 ZCTA 93235 in Tulare County.,,,,
93265 Springville,zcta,93265,Springville,36.217713,-118.6936058,405253,,2024-07-31,10,0,Zillow ZIP-level market for Springville; mapped with Census 2020 ZCTA 93265 in Tulare County.,,,,
93271 Three Rivers,zcta,93271,Three Rivers,36.440041,-118.8802803,524857,,2024-07-31,10,0,Zillow ZIP-level market for Three Rivers; mapped with Census 2020 ZCTA 93271 in Tulare County.,,,,
93201 Alpaugh,zcta,93201,Alpaugh,35.8568588,-119.5075255,202897,,2024-07-31,10,0,Zillow ZIP-level market for Alpaugh; mapped with Census 2020 ZCTA 93201 in Tulare County.,,,,
93261 Richgrove,zcta,93261,Richgrove,35.8114805,-119.1167378,250510,,2024-07-31,10,0,Zillow ZIP-level market for Richgrove; mapped with Census 2020 ZCTA 93261 in Tulare County.,,,,
93218 Earlimart,zcta,93218,Earlimart,35.8571408,-119.0449304,257821,,2024-07-31,10,0,Zillow ZIP-level market for Earlimart; mapped with Census 2020 ZCTA 93218 in Tulare County.,,,,
93244 Lemon Cove,zcta,93244,Lemon Cove,36.38634,-118.9897151,393103,,2024-07-31,10,0,Zillow ZIP-level market for Lemon Cove; mapped with Census 2020 ZCTA 93244 in Tulare County.,,,,
93227 Visalia,zcta,93227,Visalia,36.3444448,-119.418562,298182,,2024-07-31,10,0,Zillow ZIP-level market for Visalia; mapped with Census 2020 ZCTA 93227 in Tulare County.,,,,
93257 Porterville,zcta,93257,Porterville,35.9808583,-118.8893149,322669,1166,2024-08-31,10,0,Zillow ZIP-level market for Porterville; mapped with Census 2020 ZCTA 93257 in Tulare County.,,1166,Zillow ZORI,
93274 Tulare,zcta,93274,Tulare,36.1779345,-119.3799754,351277,1776,2024-08-31,10,0,Zillow ZIP-level market for Tulare; mapped with Census 2020 ZCTA 93274 in Tulare County.,,1776,Zillow ZORI,
93291 Visalia,zcta,93291,Visalia,36.391777,-119.3728419,419319,1906,2024-08-31,10,0,Zillow ZIP-level market for Visalia; mapped with Census 2020 ZCTA 93291 in Tulare County.,,1906,Zillow ZORI,
93277 Visalia,zcta,93277,Visalia,36.301334,-119.3725855,368384,1632,2024-08-31,10,0,Zillow ZIP-level market for Visalia; mapped with Census 2020 ZCTA 93277 in Tulare County.,,1632,Zillow ZORI,
93292 Visalia,zcta,93292,Visalia,36.366243,-119.2116355,394515,1973,2024-08-31,10,0,Zillow ZIP-level market for Visalia; mapped with Census 2020 ZCTA 93292 in Tulare County.,,1973,Zillow ZORI,
93618 Dinuba,zcta,93618,Dinuba,36.5221175,-119.3866282,339179,,2024-08-31,10,0,Zillow ZIP-level market for Dinuba; mapped with Census 2020 ZCTA 93618 in Tulare County.,,,,
93247 Lindsay,zcta,93247,Lindsay,36.2017347,-119.0834779,292814,,2024-08-31,10,0,Zillow ZIP-level market for Lindsay; mapped with Census 2020 ZCTA 93247 in Tulare County.,,,,
93221 Exeter,zcta,93221,Exeter,36.2963943,-119.0299352,380874,,2024-08-31,10,0,Zillow ZIP-level market for Exeter; mapped with Census 2020 ZCTA 93221 in Tulare County.,,,,
93647 Orosi,zcta,93647,Orosi,36.6007599,-119.1754848,299515,,2024-08-31,10,0,Zillow ZIP-level market for Orosi; mapped with Census 2020 ZCTA 93647 in Tulare County.,,,,
93286 Woodlake,zcta,93286,Woodlake,36.4627099,-119.0932419,317827,,2024-08-31,10,0,Zillow ZIP-level market for Woodlake; mapped with Census 2020 ZCTA 93286 in Tulare County.,,,,
93219 Tulare,zcta,93219,Tulare,35.8882375,-119.2949573,252018,,2024-08-31,10,0,Zillow ZIP-level market for Tulare; mapped with Census 2020 ZCTA 93219 in Tulare County.,,,,
93223 Farmersville,zcta,93223,Farmersville,36.3011122,-119.207875,282060,,2024-08-31,10,0,Zillow ZIP-level market for Farmersville; mapped with Census 2020 ZCTA 93223 in Tulare County.,,,,
93615 Cutler,zcta,93615,Cutler,36.5037388,-119.2838461,282196,,2024-08-31,10,0,Zillow ZIP-level market for Cutler; mapped with Census 2020 ZCTA 93615 in Tulare County.,,,,
93267 Strathmore,zcta,93267,Strathmore,36.1436233,-119.073877,303299,,2024-08-31,10,0,Zillow ZIP-level market for Strathmore; mapped with Census 2020 ZCTA 93267 in Tulare County.,,,,
93256 Pixley,zcta,93256,Pixley,35.9717308,-119.3135106,261714,,2024-08-31,10,0,Zillow ZIP-level market for Pixley; mapped with Census 2020 ZCTA 93256 in Tulare County.,,,,
93272 Tipton,zcta,93272,Tipton,36.0473536,-119.3444282,269624,,2024-08-31,10,0,Zillow ZIP-level market for Tipton; mapped with Census 2020 ZCTA 93272 in Tulare County.,,,,
93270 Terra Bella,zcta,93270,Terra Bella,35.9424478,-119.0583495,369515,,2024-08-31,10,0,Zillow ZIP-level market for Terra Bella; mapped with Census 2020 ZCTA 93270 in Tulare County.,,,,
93235 Ivanhoe,zcta,93235,Ivanhoe,36.385067,-119.2231243,237740,,2024-08-31,10,0,Zillow ZIP-level market for Ivanhoe; mapped with Census 2020 ZCTA 93235 in Tulare County.,,,,
93265 Springville,zcta,93265,Springville,36.217713,-118.6936058,405510,,2024-08-31,10,0,Zillow ZIP-level market for Springville; mapped with Census 2020 ZCTA 93265 in Tulare County.,,,,
93271 Three Rivers,zcta,93271,Three Rivers,36.440041,-118.8802803,525012,,2024-08-31,10,0,Zillow ZIP-level market for Three Rivers; mapped with Census 2020 ZCTA 93271 in Tulare County.,,,,
93201 Alpaugh,zcta,93201,Alpaugh,35.8568588,-119.5075255,204765,,2024-08-31,10,0,Zillow ZIP-level market for Alpaugh; mapped with Census 2020 ZCTA 93201 in Tulare County.,,,,
93261 Richgrove,zcta,93261,Richgrove,35.8114805,-119.1167378,250389,,2024-08-31,10,0,Zillow ZIP-level market for Richgrove; mapped with Census 2020 ZCTA 93261 in Tulare County.,,,,
93218 Earlimart,zcta,93218,Earlimart,35.8571408,-119.0449304,257753,,2024-08-31,10,0,Zillow ZIP-level market for Earlimart; mapped with Census 2020 ZCTA 93218 in Tulare County.,,,,
93244 Lemon Cove,zcta,93244,Lemon Cove,36.38634,-118.9897151,392419,,2024-08-31,10,0,Zillow ZIP-level market for Lemon Cove; mapped with Census 2020 ZCTA 93244 in Tulare County.,,,,
93227 Visalia,zcta,93227,Visalia,36.3444448,-119.418562,299778,,2024-08-31,10,0,Zillow ZIP-level market for Visalia; mapped with Census 2020 ZCTA 93227 in Tulare County.,,,,
93257 Porterville,zcta,93257,Porterville,35.9808583,-118.8893149,323109,1156,2024-09-30,10,0,Zillow ZIP-level market for Porterville; mapped with Census 2020 ZCTA 93257 in Tulare County.,,1156,Zillow ZORI,
93274 Tulare,zcta,93274,Tulare,36.1779345,-119.3799754,351375,1746,2024-09-30,10,0,Zillow ZIP-level market for Tulare; mapped with Census 2020 ZCTA 93274 in Tulare County.,,1746,Zillow ZORI,
93291 Visalia,zcta,93291,Visalia,36.391777,-119.3728419,420308,1895,2024-09-30,10,0,Zillow ZIP-level market for Visalia; mapped with Census 2020 ZCTA 93291 in Tulare County.,,1895,Zillow ZORI,
93277 Visalia,zcta,93277,Visalia,36.301334,-119.3725855,368900,1612,2024-09-30,10,0,Zillow ZIP-level market for Visalia; mapped with Census 2020 ZCTA 93277 in Tulare County.,,1612,Zillow ZORI,
93292 Visalia,zcta,93292,Visalia,36.366243,-119.2116355,395453,1965,2024-09-30,10,0,Zillow ZIP-level market for Visalia; mapped with Census 2020 ZCTA 93292 in Tulare County.,,1965,Zillow ZORI,
93618 Dinuba,zcta,93618,Dinuba,36.5221175,-119.3866282,339714,,2024-09-30,10,0,Zillow ZIP-level market for Dinuba; mapped with Census 2020 ZCTA 93618 in Tulare County.,,,,
93247 Lindsay,zcta,93247,Lindsay,36.2017347,-119.0834779,292987,,2024-09-30,10,0,Zillow ZIP-level market for Lindsay; mapped with Census 2020 ZCTA 93247 in Tulare County.,,,,
93221 Exeter,zcta,93221,Exeter,36.2963943,-119.0299352,381599,,2024-09-30,10,0,Zillow ZIP-level market for Exeter; mapped with Census 2020 ZCTA 93221 in Tulare County.,,,,
93647 Orosi,zcta,93647,Orosi,36.6007599,-119.1754848,299414,,2024-09-30,10,0,Zillow ZIP-level market for Orosi; mapped with Census 2020 ZCTA 93647 in Tulare County.,,,,
93286 Woodlake,zcta,93286,Woodlake,36.4627099,-119.0932419,318571,,2024-09-30,10,0,Zillow ZIP-level market for Woodlake; mapped with Census 2020 ZCTA 93286 in Tulare County.,,,,
93219 Tulare,zcta,93219,Tulare,35.8882375,-119.2949573,252390,,2024-09-30,10,0,Zillow ZIP-level market for Tulare; mapped with Census 2020 ZCTA 93219 in Tulare County.,,,,
93223 Farmersville,zcta,93223,Farmersville,36.3011122,-119.207875,282876,,2024-09-30,10,0,Zillow ZIP-level market for Farmersville; mapped with Census 2020 ZCTA 93223 in Tulare County.,,,,
93615 Cutler,zcta,93615,Cutler,36.5037388,-119.2838461,280320,,2024-09-30,10,0,Zillow ZIP-level market for Cutler; mapped with Census 2020 ZCTA 93615 in Tulare County.,,,,
93267 Strathmore,zcta,93267,Strathmore,36.1436233,-119.073877,303980,,2024-09-30,10,0,Zillow ZIP-level market for Strathmore; mapped with Census 2020 ZCTA 93267 in Tulare County.,,,,
93256 Pixley,zcta,93256,Pixley,35.9717308,-119.3135106,261588,,2024-09-30,10,0,Zillow ZIP-level market for Pixley; mapped with Census 2020 ZCTA 93256 in Tulare County.,,,,
93272 Tipton,zcta,93272,Tipton,36.0473536,-119.3444282,269547,,2024-09-30,10,0,Zillow ZIP-level market for Tipton; mapped with Census 2020 ZCTA 93272 in Tulare County.,,,,
93270 Terra Bella,zcta,93270,Terra Bella,35.9424478,-119.0583495,368585,,2024-09-30,10,0,Zillow ZIP-level market for Terra Bella; mapped with Census 2020 ZCTA 93270 in Tulare County.,,,,
93235 Ivanhoe,zcta,93235,Ivanhoe,36.385067,-119.2231243,237764,,2024-09-30,10,0,Zillow ZIP-level market for Ivanhoe; mapped with Census 2020 ZCTA 93235 in Tulare County.,,,,
93265 Springville,zcta,93265,Springville,36.217713,-118.6936058,405016,,2024-09-30,10,0,Zillow ZIP-level market for Springville; mapped with Census 2020 ZCTA 93265 in Tulare County.,,,,
93271 Three Rivers,zcta,93271,Three Rivers,36.440041,-118.8802803,524968,,2024-09-30,10,0,Zillow ZIP-level market for Three Rivers; mapped with Census 2020 ZCTA 93271 in Tulare County.,,,,
93201 Alpaugh,zcta,93201,Alpaugh,35.8568588,-119.5075255,204569,,2024-09-30,10,0,Zillow ZIP-level market for Alpaugh; mapped with Census 2020 ZCTA 93201 in Tulare County.,,,,
93261 Richgrove,zcta,93261,Richgrove,35.8114805,-119.1167378,250846,,2024-09-30,10,0,Zillow ZIP-level market for Richgrove; mapped with Census 2020 ZCTA 93261 in Tulare County.,,,,
93218 Earlimart,zcta,93218,Earlimart,35.8571408,-119.0449304,257481,,2024-09-30,10,0,Zillow ZIP-level market for Earlimart; mapped with Census 2020 ZCTA 93218 in Tulare County.,,,,
93244 Lemon Cove,zcta,93244,Lemon Cove,36.38634,-118.9897151,391133,,2024-09-30,10,0,Zillow ZIP-level market for Lemon Cove; mapped with Census 2020 ZCTA 93244 in Tulare County.,,,,
93227 Visalia,zcta,93227,Visalia,36.3444448,-119.418562,301013,,2024-09-30,10,0,Zillow ZIP-level market for Visalia; mapped with Census 2020 ZCTA 93227 in Tulare County.,,,,
93257 Porterville,zcta,93257,Porterville,35.9808583,-118.8893149,323846,1180,2024-10-31,10,0,Zillow ZIP-level market for Porterville; mapped with Census 2020 ZCTA 93257 in Tulare County.,,1180,Zillow ZORI,
93274 Tulare,zcta,93274,Tulare,36.1779345,-119.3799754,351759,1748,2024-10-31,10,0,Zillow ZIP-level market for Tulare; mapped with Census 2020 ZCTA 93274 in Tulare County.,,1748,Zillow ZORI,
93291 Visalia,zcta,93291,Visalia,36.391777,-119.3728419,421303,1890,2024-10-31,10,0,Zillow ZIP-level market for Visalia; mapped with Census 2020 ZCTA 93291 in Tulare County.,,1890,Zillow ZORI,
93277 Visalia,zcta,93277,Visalia,36.301334,-119.3725855,369544,1602,2024-10-31,10,0,Zillow ZIP-level market for Visalia; mapped with Census 2020 ZCTA 93277 in Tulare County.,,1602,Zillow ZORI,
93292 Visalia,zcta,93292,Visalia,36.366243,-119.2116355,396609,1928,2024-10-31,10,0,Zillow ZIP-level market for Visalia; mapped with Census 2020 ZCTA 93292 in Tulare County.,,1928,Zillow ZORI,
93618 Dinuba,zcta,93618,Dinuba,36.5221175,-119.3866282,341034,,2024-10-31,10,0,Zillow ZIP-level market for Dinuba; mapped with Census 2020 ZCTA 93618 in Tulare County.,,,,
93247 Lindsay,zcta,93247,Lindsay,36.2017347,-119.0834779,293325,,2024-10-31,10,0,Zillow ZIP-level market for Lindsay; mapped with Census 2020 ZCTA 93247 in Tulare County.,,,,
93221 Exeter,zcta,93221,Exeter,36.2963943,-119.0299352,382732,,2024-10-31,10,0,Zillow ZIP-level market for Exeter; mapped with Census 2020 ZCTA 93221 in Tulare County.,,,,
93647 Orosi,zcta,93647,Orosi,36.6007599,-119.1754848,299510,,2024-10-31,10,0,Zillow ZIP-level market for Orosi; mapped with Census 2020 ZCTA 93647 in Tulare County.,,,,
93286 Woodlake,zcta,93286,Woodlake,36.4627099,-119.0932419,319728,,2024-10-31,10,0,Zillow ZIP-level market for Woodlake; mapped with Census 2020 ZCTA 93286 in Tulare County.,,,,
93219 Tulare,zcta,93219,Tulare,35.8882375,-119.2949573,253315,,2024-10-31,10,0,Zillow ZIP-level market for Tulare; mapped with Census 2020 ZCTA 93219 in Tulare County.,,,,
93223 Farmersville,zcta,93223,Farmersville,36.3011122,-119.207875,284004,,2024-10-31,10,0,Zillow ZIP-level market for Farmersville; mapped with Census 2020 ZCTA 93223 in Tulare County.,,,,
93615 Cutler,zcta,93615,Cutler,36.5037388,-119.2838461,279715,,2024-10-31,10,0,Zillow ZIP-level market for Cutler; mapped with Census 2020 ZCTA 93615 in Tulare County.,,,,
93267 Strathmore,zcta,93267,Strathmore,36.1436233,-119.073877,305112,,2024-10-31,10,0,Zillow ZIP-level market for Strathmore; mapped with Census 2020 ZCTA 93267 in Tulare County.,,,,
93256 Pixley,zcta,93256,Pixley,35.9717308,-119.3135106,261423,,2024-10-31,10,0,Zillow ZIP-level market for Pixley; mapped with Census 2020 ZCTA 93256 in Tulare County.,,,,
93272 Tipton,zcta,93272,Tipton,36.0473536,-119.3444282,270213,,2024-10-31,10,0,Zillow ZIP-level market for Tipton; mapped with Census 2020 ZCTA 93272 in Tulare County.,,,,
93270 Terra Bella,zcta,93270,Terra Bella,35.9424478,-119.0583495,368881,,2024-10-31,10,0,Zillow ZIP-level market for Terra Bella; mapped with Census 2020 ZCTA 93270 in Tulare County.,,,,
93235 Ivanhoe,zcta,93235,Ivanhoe,36.385067,-119.2231243,238794,,2024-10-31,10,0,Zillow ZIP-level market for Ivanhoe; mapped with Census 2020 ZCTA 93235 in Tulare County.,,,,
93265 Springville,zcta,93265,Springville,36.217713,-118.6936058,405578,,2024-10-31,10,0,Zillow ZIP-level market for Springville; mapped with Census 2020 ZCTA 93265 in Tulare County.,,,,
93271 Three Rivers,zcta,93271,Three Rivers,36.440041,-118.8802803,526064,,2024-10-31,10,0,Zillow ZIP-level market for Three Rivers; mapped with Census 2020 ZCTA 93271 in Tulare County.,,,,
93201 Alpaugh,zcta,93201,Alpaugh,35.8568588,-119.5075255,204519,,2024-10-31,10,0,Zillow ZIP-level market for Alpaugh; mapped with Census 2020 ZCTA 93201 in Tulare County.,,,,
93261 Richgrove,zcta,93261,Richgrove,35.8114805,-119.1167378,252069,,2024-10-31,10,0,Zillow ZIP-level market for Richgrove; mapped with Census 2020 ZCTA 93261 in Tulare County.,,,,
93218 Earlimart,zcta,93218,Earlimart,35.8571408,-119.0449304,257936,,2024-10-31,10,0,Zillow ZIP-level market for Earlimart; mapped with Census 2020 ZCTA 93218 in Tulare County.,,,,
93244 Lemon Cove,zcta,93244,Lemon Cove,36.38634,-118.9897151,389897,,2024-10-31,10,0,Zillow ZIP-level market for Lemon Cove; mapped with Census 2020 ZCTA 93244 in Tulare County.,,,,
93227 Visalia,zcta,93227,Visalia,36.3444448,-119.418562,302052,,2024-10-31,10,0,Zillow ZIP-level market for Visalia; mapped with Census 2020 ZCTA 93227 in Tulare County.,,,,
93257 Porterville,zcta,93257,Porterville,35.9808583,-118.8893149,324872,1199,2024-11-30,10,0,Zillow ZIP-level market for Porterville; mapped with Census 2020 ZCTA 93257 in Tulare County.,,1199,Zillow ZORI,
93274 Tulare,zcta,93274,Tulare,36.1779345,-119.3799754,352761,1734,2024-11-30,10,0,Zillow ZIP-level market for Tulare; mapped with Census 2020 ZCTA 93274 in Tulare County.,,1734,Zillow ZORI,
93291 Visalia,zcta,93291,Visalia,36.391777,-119.3728419,422051,1880,2024-11-30,10,0,Zillow ZIP-level market for Visalia; mapped with Census 2020 ZCTA 93291 in Tulare County.,,1880,Zillow ZORI,
93277 Visalia,zcta,93277,Visalia,36.301334,-119.3725855,370157,1590,2024-11-30,10,0,Zillow ZIP-level market for Visalia; mapped with Census 2020 ZCTA 93277 in Tulare County.,,1590,Zillow ZORI,
93292 Visalia,zcta,93292,Visalia,36.366243,-119.2116355,397769,1924,2024-11-30,10,0,Zillow ZIP-level market for Visalia; mapped with Census 2020 ZCTA 93292 in Tulare County.,,1924,Zillow ZORI,
93618 Dinuba,zcta,93618,Dinuba,36.5221175,-119.3866282,342907,,2024-11-30,10,0,Zillow ZIP-level market for Dinuba; mapped with Census 2020 ZCTA 93618 in Tulare County.,,,,
93247 Lindsay,zcta,93247,Lindsay,36.2017347,-119.0834779,294080,,2024-11-30,10,0,Zillow ZIP-level market for Lindsay; mapped with Census 2020 ZCTA 93247 in Tulare County.,,,,
93221 Exeter,zcta,93221,Exeter,36.2963943,-119.0299352,384207,,2024-11-30,10,0,Zillow ZIP-level market for Exeter; mapped with Census 2020 ZCTA 93221 in Tulare County.,,,,
93647 Orosi,zcta,93647,Orosi,36.6007599,-119.1754848,300778,,2024-11-30,10,0,Zillow ZIP-level market for Orosi; mapped with Census 2020 ZCTA 93647 in Tulare County.,,,,
93286 Woodlake,zcta,93286,Woodlake,36.4627099,-119.0932419,320748,,2024-11-30,10,0,Zillow ZIP-level market for Woodlake; mapped with Census 2020 ZCTA 93286 in Tulare County.,,,,
93219 Tulare,zcta,93219,Tulare,35.8882375,-119.2949573,254527,,2024-11-30,10,0,Zillow ZIP-level market for Tulare; mapped with Census 2020 ZCTA 93219 in Tulare County.,,,,
93223 Farmersville,zcta,93223,Farmersville,36.3011122,-119.207875,285394,,2024-11-30,10,0,Zillow ZIP-level market for Farmersville; mapped with Census 2020 ZCTA 93223 in Tulare County.,,,,
93615 Cutler,zcta,93615,Cutler,36.5037388,-119.2838461,279556,,2024-11-30,10,0,Zillow ZIP-level market for Cutler; mapped with Census 2020 ZCTA 93615 in Tulare County.,,,,
93267 Strathmore,zcta,93267,Strathmore,36.1436233,-119.073877,306652,,2024-11-30,10,0,Zillow ZIP-level market for Strathmore; mapped with Census 2020 ZCTA 93267 in Tulare County.,,,,
93256 Pixley,zcta,93256,Pixley,35.9717308,-119.3135106,261560,,2024-11-30,10,0,Zillow ZIP-level market for Pixley; mapped with Census 2020 ZCTA 93256 in Tulare County.,,,,
93272 Tipton,zcta,93272,Tipton,36.0473536,-119.3444282,271070,,2024-11-30,10,0,Zillow ZIP-level market for Tipton; mapped with Census 2020 ZCTA 93272 in Tulare County.,,,,
93270 Terra Bella,zcta,93270,Terra Bella,35.9424478,-119.0583495,370263,,2024-11-30,10,0,Zillow ZIP-level market for Terra Bella; mapped with Census 2020 ZCTA 93270 in Tulare County.,,,,
93235 Ivanhoe,zcta,93235,Ivanhoe,36.385067,-119.2231243,240174,,2024-11-30,10,0,Zillow ZIP-level market for Ivanhoe; mapped with Census 2020 ZCTA 93235 in Tulare County.,,,,
93265 Springville,zcta,93265,Springville,36.217713,-118.6936058,407355,,2024-11-30,10,0,Zillow ZIP-level market for Springville; mapped with Census 2020 ZCTA 93265 in Tulare County.,,,,
93271 Three Rivers,zcta,93271,Three Rivers,36.440041,-118.8802803,528484,,2024-11-30,10,0,Zillow ZIP-level market for Three Rivers; mapped with Census 2020 ZCTA 93271 in Tulare County.,,,,
93201 Alpaugh,zcta,93201,Alpaugh,35.8568588,-119.5075255,204154,,2024-11-30,10,0,Zillow ZIP-level market for Alpaugh; mapped with Census 2020 ZCTA 93201 in Tulare County.,,,,
93261 Richgrove,zcta,93261,Richgrove,35.8114805,-119.1167378,253851,,2024-11-30,10,0,Zillow ZIP-level market for Richgrove; mapped with Census 2020 ZCTA 93261 in Tulare County.,,,,
93218 Earlimart,zcta,93218,Earlimart,35.8571408,-119.0449304,260772,,2024-11-30,10,0,Zillow ZIP-level market for Earlimart; mapped with Census 2020 ZCTA 93218 in Tulare County.,,,,
93244 Lemon Cove,zcta,93244,Lemon Cove,36.38634,-118.9897151,388199,,2024-11-30,10,0,Zillow ZIP-level market for Lemon Cove; mapped with Census 2020 ZCTA 93244 in Tulare County.,,,,
93227 Visalia,zcta,93227,Visalia,36.3444448,-119.418562,302616,,2024-11-30,10,0,Zillow ZIP-level market for Visalia; mapped with Census 2020 ZCTA 93227 in Tulare County.,,,,
93257 Porterville,zcta,93257,Porterville,35.9808583,-118.8893149,326177,1182,2024-12-31,10,0,Zillow ZIP-level market for Porterville; mapped with Census 2020 ZCTA 93257 in Tulare County.,,1182,Zillow ZORI,
93274 Tulare,zcta,93274,Tulare,36.1779345,-119.3799754,354092,1739,2024-12-31,10,0,Zillow ZIP-level market for Tulare; mapped with Census 2020 ZCTA 93274 in Tulare County.,,1739,Zillow ZORI,
93291 Visalia,zcta,93291,Visalia,36.391777,-119.3728419,423188,1912,2024-12-31,10,0,Zillow ZIP-level market for Visalia; mapped with Census 2020 ZCTA 93291 in Tulare County.,,1912,Zillow ZORI,
93277 Visalia,zcta,93277,Visalia,36.301334,-119.3725855,370981,1611,2024-12-31,10,0,Zillow ZIP-level market for Visalia; mapped with Census 2020 ZCTA 93277 in Tulare County.,,1611,Zillow ZORI,
93292 Visalia,zcta,93292,Visalia,36.366243,-119.2116355,398908,1949,2024-12-31,10,0,Zillow ZIP-level market for Visalia; mapped with Census 2020 ZCTA 93292 in Tulare County.,,1949,Zillow ZORI,
93618 Dinuba,zcta,93618,Dinuba,36.5221175,-119.3866282,345456,,2024-12-31,10,0,Zillow ZIP-level market for Dinuba; mapped with Census 2020 ZCTA 93618 in Tulare County.,,,,
93247 Lindsay,zcta,93247,Lindsay,36.2017347,-119.0834779,295871,,2024-12-31,10,0,Zillow ZIP-level market for Lindsay; mapped with Census 2020 ZCTA 93247 in Tulare County.,,,,
93221 Exeter,zcta,93221,Exeter,36.2963943,-119.0299352,386393,,2024-12-31,10,0,Zillow ZIP-level market for Exeter; mapped with Census 2020 ZCTA 93221 in Tulare County.,,,,
93647 Orosi,zcta,93647,Orosi,36.6007599,-119.1754848,303114,,2024-12-31,10,0,Zillow ZIP-level market for Orosi; mapped with Census 2020 ZCTA 93647 in Tulare County.,,,,
93286 Woodlake,zcta,93286,Woodlake,36.4627099,-119.0932419,322258,,2024-12-31,10,0,Zillow ZIP-level market for Woodlake; mapped with Census 2020 ZCTA 93286 in Tulare County.,,,,
93219 Tulare,zcta,93219,Tulare,35.8882375,-119.2949573,256391,,2024-12-31,10,0,Zillow ZIP-level market for Tulare; mapped with Census 2020 ZCTA 93219 in Tulare County.,,,,
93223 Farmersville,zcta,93223,Farmersville,36.3011122,-119.207875,287132,,2024-12-31,10,0,Zillow ZIP-level market for Farmersville; mapped with Census 2020 ZCTA 93223 in Tulare County.,,,,
93615 Cutler,zcta,93615,Cutler,36.5037388,-119.2838461,280200,,2024-12-31,10,0,Zillow ZIP-level market for Cutler; mapped with Census 2020 ZCTA 93615 in Tulare County.,,,,
93267 Strathmore,zcta,93267,Strathmore,36.1436233,-119.073877,308716,,2024-12-31,10,0,Zillow ZIP-level market for Strathmore; mapped with Census 2020 ZCTA 93267 in Tulare County.,,,,
93256 Pixley,zcta,93256,Pixley,35.9717308,-119.3135106,262458,,2024-12-31,10,0,Zillow ZIP-level market for Pixley; mapped with Census 2020 ZCTA 93256 in Tulare County.,,,,
93272 Tipton,zcta,93272,Tipton,36.0473536,-119.3444282,272555,,2024-12-31,10,0,Zillow ZIP-level market for Tipton; mapped with Census 2020 ZCTA 93272 in Tulare County.,,,,
93270 Terra Bella,zcta,93270,Terra Bella,35.9424478,-119.0583495,372575,,2024-12-31,10,0,Zillow ZIP-level market for Terra Bella; mapped with Census 2020 ZCTA 93270 in Tulare County.,,,,
93235 Ivanhoe,zcta,93235,Ivanhoe,36.385067,-119.2231243,241203,,2024-12-31,10,0,Zillow ZIP-level market for Ivanhoe; mapped with Census 2020 ZCTA 93235 in Tulare County.,,,,
93265 Springville,zcta,93265,Springville,36.217713,-118.6936058,408960,,2024-12-31,10,0,Zillow ZIP-level market for Springville; mapped with Census 2020 ZCTA 93265 in Tulare County.,,,,
93271 Three Rivers,zcta,93271,Three Rivers,36.440041,-118.8802803,531731,,2024-12-31,10,0,Zillow ZIP-level market for Three Rivers; mapped with Census 2020 ZCTA 93271 in Tulare County.,,,,
93201 Alpaugh,zcta,93201,Alpaugh,35.8568588,-119.5075255,204871,,2024-12-31,10,0,Zillow ZIP-level market for Alpaugh; mapped with Census 2020 ZCTA 93201 in Tulare County.,,,,
93261 Richgrove,zcta,93261,Richgrove,35.8114805,-119.1167378,256519,,2024-12-31,10,0,Zillow ZIP-level market for Richgrove; mapped with Census 2020 ZCTA 93261 in Tulare County.,,,,
93218 Earlimart,zcta,93218,Earlimart,35.8571408,-119.0449304,265515,,2024-12-31,10,0,Zillow ZIP-level market for Earlimart; mapped with Census 2020 ZCTA 93218 in Tulare County.,,,,
93244 Lemon Cove,zcta,93244,Lemon Cove,36.38634,-118.9897151,386612,,2024-12-31,10,0,Zillow ZIP-level market for Lemon Cove; mapped with Census 2020 ZCTA 93244 in Tulare County.,,,,
93227 Visalia,zcta,93227,Visalia,36.3444448,-119.418562,303591,,2024-12-31,10,0,Zillow ZIP-level market for Visalia; mapped with Census 2020 ZCTA 93227 in Tulare County.,,,,
93257 Porterville,zcta,93257,Porterville,35.9808583,-118.8893149,327255,1170,2025-01-31,10,0,Zillow ZIP-level market for Porterville; mapped with Census 2020 ZCTA 93257 in Tulare County.,,1170,Zillow ZORI,
93274 Tulare,zcta,93274,Tulare,36.1779345,-119.3799754,355432,1736,2025-01-31,10,0,Zillow ZIP-level market for Tulare; mapped with Census 2020 ZCTA 93274 in Tulare County.,,1736,Zillow ZORI,
93291 Visalia,zcta,93291,Visalia,36.391777,-119.3728419,424545,1918,2025-01-31,10,0,Zillow ZIP-level market for Visalia; mapped with Census 2020 ZCTA 93291 in Tulare County.,,1918,Zillow ZORI,
93277 Visalia,zcta,93277,Visalia,36.301334,-119.3725855,372223,1623,2025-01-31,10,0,Zillow ZIP-level market for Visalia; mapped with Census 2020 ZCTA 93277 in Tulare County.,,1623,Zillow ZORI,
93292 Visalia,zcta,93292,Visalia,36.366243,-119.2116355,400224,1990,2025-01-31,10,0,Zillow ZIP-level market for Visalia; mapped with Census 2020 ZCTA 93292 in Tulare County.,,1990,Zillow ZORI,
93618 Dinuba,zcta,93618,Dinuba,36.5221175,-119.3866282,347912,,2025-01-31,10,0,Zillow ZIP-level market for Dinuba; mapped with Census 2020 ZCTA 93618 in Tulare County.,,,,
93247 Lindsay,zcta,93247,Lindsay,36.2017347,-119.0834779,297982,,2025-01-31,10,0,Zillow ZIP-level market for Lindsay; mapped with Census 2020 ZCTA 93247 in Tulare County.,,,,
93221 Exeter,zcta,93221,Exeter,36.2963943,-119.0299352,388595,,2025-01-31,10,0,Zillow ZIP-level market for Exeter; mapped with Census 2020 ZCTA 93221 in Tulare County.,,,,
93647 Orosi,zcta,93647,Orosi,36.6007599,-119.1754848,305389,,2025-01-31,10,0,Zillow ZIP-level market for Orosi; mapped with Census 2020 ZCTA 93647 in Tulare County.,,,,
93286 Woodlake,zcta,93286,Woodlake,36.4627099,-119.0932419,323488,,2025-01-31,10,0,Zillow ZIP-level market for Woodlake; mapped with Census 2020 ZCTA 93286 in Tulare County.,,,,
93219 Tulare,zcta,93219,Tulare,35.8882375,-119.2949573,258027,,2025-01-31,10,0,Zillow ZIP-level market for Tulare; mapped with Census 2020 ZCTA 93219 in Tulare County.,,,,
93223 Farmersville,zcta,93223,Farmersville,36.3011122,-119.207875,288886,,2025-01-31,10,0,Zillow ZIP-level market for Farmersville; mapped with Census 2020 ZCTA 93223 in Tulare County.,,,,
93615 Cutler,zcta,93615,Cutler,36.5037388,-119.2838461,280818,,2025-01-31,10,0,Zillow ZIP-level market for Cutler; mapped with Census 2020 ZCTA 93615 in Tulare County.,,,,
93267 Strathmore,zcta,93267,Strathmore,36.1436233,-119.073877,310713,,2025-01-31,10,0,Zillow ZIP-level market for Strathmore; mapped with Census 2020 ZCTA 93267 in Tulare County.,,,,
93256 Pixley,zcta,93256,Pixley,35.9717308,-119.3135106,264181,,2025-01-31,10,0,Zillow ZIP-level market for Pixley; mapped with Census 2020 ZCTA 93256 in Tulare County.,,,,
93272 Tipton,zcta,93272,Tipton,36.0473536,-119.3444282,272854,,2025-01-31,10,0,Zillow ZIP-level market for Tipton; mapped with Census 2020 ZCTA 93272 in Tulare County.,,,,
93270 Terra Bella,zcta,93270,Terra Bella,35.9424478,-119.0583495,375264,,2025-01-31,10,0,Zillow ZIP-level market for Terra Bella; mapped with Census 2020 ZCTA 93270 in Tulare County.,,,,
93235 Ivanhoe,zcta,93235,Ivanhoe,36.385067,-119.2231243,242526,,2025-01-31,10,0,Zillow ZIP-level market for Ivanhoe; mapped with Census 2020 ZCTA 93235 in Tulare County.,,,,
93265 Springville,zcta,93265,Springville,36.217713,-118.6936058,410441,,2025-01-31,10,0,Zillow ZIP-level market for Springville; mapped with Census 2020 ZCTA 93265 in Tulare County.,,,,
93271 Three Rivers,zcta,93271,Three Rivers,36.440041,-118.8802803,534264,,2025-01-31,10,0,Zillow ZIP-level market for Three Rivers; mapped with Census 2020 ZCTA 93271 in Tulare County.,,,,
93201 Alpaugh,zcta,93201,Alpaugh,35.8568588,-119.5075255,205747,,2025-01-31,10,0,Zillow ZIP-level market for Alpaugh; mapped with Census 2020 ZCTA 93201 in Tulare County.,,,,
93261 Richgrove,zcta,93261,Richgrove,35.8114805,-119.1167378,258730,,2025-01-31,10,0,Zillow ZIP-level market for Richgrove; mapped with Census 2020 ZCTA 93261 in Tulare County.,,,,
93218 Earlimart,zcta,93218,Earlimart,35.8571408,-119.0449304,271280,,2025-01-31,10,0,Zillow ZIP-level market for Earlimart; mapped with Census 2020 ZCTA 93218 in Tulare County.,,,,
93244 Lemon Cove,zcta,93244,Lemon Cove,36.38634,-118.9897151,385458,,2025-01-31,10,0,Zillow ZIP-level market for Lemon Cove; mapped with Census 2020 ZCTA 93244 in Tulare County.,,,,
93227 Visalia,zcta,93227,Visalia,36.3444448,-119.418562,303855,,2025-01-31,10,0,Zillow ZIP-level market for Visalia; mapped with Census 2020 ZCTA 93227 in Tulare County.,,,,
93257 Porterville,zcta,93257,Porterville,35.9808583,-118.8893149,327961,1172,2025-02-28,10,0,Zillow ZIP-level market for Porterville; mapped with Census 2020 ZCTA 93257 in Tulare County.,,1172,Zillow ZORI,
93274 Tulare,zcta,93274,Tulare,36.1779345,-119.3799754,356226,1742,2025-02-28,10,0,Zillow ZIP-level market for Tulare; mapped with Census 2020 ZCTA 93274 in Tulare County.,,1742,Zillow ZORI,
93291 Visalia,zcta,93291,Visalia,36.391777,-119.3728419,425779,1955,2025-02-28,10,0,Zillow ZIP-level market for Visalia; mapped with Census 2020 ZCTA 93291 in Tulare County.,,1955,Zillow ZORI,
93277 Visalia,zcta,93277,Visalia,36.301334,-119.3725855,373265,1606,2025-02-28,10,0,Zillow ZIP-level market for Visalia; mapped with Census 2020 ZCTA 93277 in Tulare County.,,1606,Zillow ZORI,
93292 Visalia,zcta,93292,Visalia,36.366243,-119.2116355,401359,2006,2025-02-28,10,0,Zillow ZIP-level market for Visalia; mapped with Census 2020 ZCTA 93292 in Tulare County.,,2006,Zillow ZORI,
93618 Dinuba,zcta,93618,Dinuba,36.5221175,-119.3866282,349996,,2025-02-28,10,0,Zillow ZIP-level market for Dinuba; mapped with Census 2020 ZCTA 93618 in Tulare County.,,,,
93247 Lindsay,zcta,93247,Lindsay,36.2017347,-119.0834779,299719,,2025-02-28,10,0,Zillow ZIP-level market for Lindsay; mapped with Census 2020 ZCTA 93247 in Tulare County.,,,,
93221 Exeter,zcta,93221,Exeter,36.2963943,-119.0299352,390525,,2025-02-28,10,0,Zillow ZIP-level market for Exeter; mapped with Census 2020 ZCTA 93221 in Tulare County.,,,,
93647 Orosi,zcta,93647,Orosi,36.6007599,-119.1754848,307309,,2025-02-28,10,0,Zillow ZIP-level market for Orosi; mapped with Census 2020 ZCTA 93647 in Tulare County.,,,,
93286 Woodlake,zcta,93286,Woodlake,36.4627099,-119.0932419,324546,,2025-02-28,10,0,Zillow ZIP-level market for Woodlake; mapped with Census 2020 ZCTA 93286 in Tulare County.,,,,
93219 Tulare,zcta,93219,Tulare,35.8882375,-119.2949573,259002,,2025-02-28,10,0,Zillow ZIP-level market for Tulare; mapped with Census 2020 ZCTA 93219 in Tulare County.,,,,
93223 Farmersville,zcta,93223,Farmersville,36.3011122,-119.207875,290533,,2025-02-28,10,0,Zillow ZIP-level market for Farmersville; mapped with Census 2020 ZCTA 93223 in Tulare County.,,,,
93615 Cutler,zcta,93615,Cutler,36.5037388,-119.2838461,281868,,2025-02-28,10,0,Zillow ZIP-level market for Cutler; mapped with Census 2020 ZCTA 93615 in Tulare County.,,,,
93267 Strathmore,zcta,93267,Strathmore,36.1436233,-119.073877,312367,,2025-02-28,10,0,Zillow ZIP-level market for Strathmore; mapped with Census 2020 ZCTA 93267 in Tulare County.,,,,
93256 Pixley,zcta,93256,Pixley,35.9717308,-119.3135106,265751,,2025-02-28,10,0,Zillow ZIP-level market for Pixley; mapped with Census 2020 ZCTA 93256 in Tulare County.,,,,
93272 Tipton,zcta,93272,Tipton,36.0473536,-119.3444282,271832,,2025-02-28,10,0,Zillow ZIP-level market for Tipton; mapped with Census 2020 ZCTA 93272 in Tulare County.,,,,
93270 Terra Bella,zcta,93270,Terra Bella,35.9424478,-119.0583495,378113,,2025-02-28,10,0,Zillow ZIP-level market for Terra Bella; mapped with Census 2020 ZCTA 93270 in Tulare County.,,,,
93235 Ivanhoe,zcta,93235,Ivanhoe,36.385067,-119.2231243,243887,,2025-02-28,10,0,Zillow ZIP-level market for Ivanhoe; mapped with Census 2020 ZCTA 93235 in Tulare County.,,,,
93265 Springville,zcta,93265,Springville,36.217713,-118.6936058,412219,,2025-02-28,10,0,Zillow ZIP-level market for Springville; mapped with Census 2020 ZCTA 93265 in Tulare County.,,,,
93271 Three Rivers,zcta,93271,Three Rivers,36.440041,-118.8802803,536534,,2025-02-28,10,0,Zillow ZIP-level market for Three Rivers; mapped with Census 2020 ZCTA 93271 in Tulare County.,,,,
93201 Alpaugh,zcta,93201,Alpaugh,35.8568588,-119.5075255,206922,,2025-02-28,10,0,Zillow ZIP-level market for Alpaugh; mapped with Census 2020 ZCTA 93201 in Tulare County.,,,,
93261 Richgrove,zcta,93261,Richgrove,35.8114805,-119.1167378,259790,,2025-02-28,10,0,Zillow ZIP-level market for Richgrove; mapped with Census 2020 ZCTA 93261 in Tulare County.,,,,
93218 Earlimart,zcta,93218,Earlimart,35.8571408,-119.0449304,275905,,2025-02-28,10,0,Zillow ZIP-level market for Earlimart; mapped with Census 2020 ZCTA 93218 in Tulare County.,,,,
93244 Lemon Cove,zcta,93244,Lemon Cove,36.38634,-118.9897151,385502,,2025-02-28,10,0,Zillow ZIP-level market for Lemon Cove; mapped with Census 2020 ZCTA 93244 in Tulare County.,,,,
93227 Visalia,zcta,93227,Visalia,36.3444448,-119.418562,304018,,2025-02-28,10,0,Zillow ZIP-level market for Visalia; mapped with Census 2020 ZCTA 93227 in Tulare County.,,,,
93257 Porterville,zcta,93257,Porterville,35.9808583,-118.8893149,328281,1197,2025-03-31,10,0,Zillow ZIP-level market for Porterville; mapped with Census 2020 ZCTA 93257 in Tulare County.,,1197,Zillow ZORI,
93274 Tulare,zcta,93274,Tulare,36.1779345,-119.3799754,356356,1766,2025-03-31,10,0,Zillow ZIP-level market for Tulare; mapped with Census 2020 ZCTA 93274 in Tulare County.,,1766,Zillow ZORI,
93291 Visalia,zcta,93291,Visalia,36.391777,-119.3728419,426519,1951,2025-03-31,10,0,Zillow ZIP-level market for Visalia; mapped with Census 2020 ZCTA 93291 in Tulare County.,,1951,Zillow ZORI,
93277 Visalia,zcta,93277,Visalia,36.301334,-119.3725855,373891,1600,2025-03-31,10,0,Zillow ZIP-level market for Visalia; mapped with Census 2020 ZCTA 93277 in Tulare County.,,1600,Zillow ZORI,
93292 Visalia,zcta,93292,Visalia,36.366243,-119.2116355,402142,2023,2025-03-31,10,0,Zillow ZIP-level market for Visalia; mapped with Census 2020 ZCTA 93292 in Tulare County.,,2023,Zillow ZORI,
93618 Dinuba,zcta,93618,Dinuba,36.5221175,-119.3866282,351170,,2025-03-31,10,0,Zillow ZIP-level market for Dinuba; mapped with Census 2020 ZCTA 93618 in Tulare County.,,,,
93247 Lindsay,zcta,93247,Lindsay,36.2017347,-119.0834779,300531,,2025-03-31,10,0,Zillow ZIP-level market for Lindsay; mapped with Census 2020 ZCTA 93247 in Tulare County.,,,,
93221 Exeter,zcta,93221,Exeter,36.2963943,-119.0299352,391673,,2025-03-31,10,0,Zillow ZIP-level market for Exeter; mapped with Census 2020 ZCTA 93221 in Tulare County.,,,,
93647 Orosi,zcta,93647,Orosi,36.6007599,-119.1754848,308305,,2025-03-31,10,0,Zillow ZIP-level market for Orosi; mapped with Census 2020 ZCTA 93647 in Tulare County.,,,,
93286 Woodlake,zcta,93286,Woodlake,36.4627099,-119.0932419,325322,,2025-03-31,10,0,Zillow ZIP-level market for Woodlake; mapped with Census 2020 ZCTA 93286 in Tulare County.,,,,
93219 Tulare,zcta,93219,Tulare,35.8882375,-119.2949573,259532,,2025-03-31,10,0,Zillow ZIP-level market for Tulare; mapped with Census 2020 ZCTA 93219 in Tulare County.,,,,
93223 Farmersville,zcta,93223,Farmersville,36.3011122,-119.207875,291295,,2025-03-31,10,0,Zillow ZIP-level market for Farmersville; mapped with Census 2020 ZCTA 93223 in Tulare County.,,,,
93615 Cutler,zcta,93615,Cutler,36.5037388,-119.2838461,282450,,2025-03-31,10,0,Zillow ZIP-level market for Cutler; mapped with Census 2020 ZCTA 93615 in Tulare County.,,,,
93267 Strathmore,zcta,93267,Strathmore,36.1436233,-119.073877,313245,,2025-03-31,10,0,Zillow ZIP-level market for Strathmore; mapped with Census 2020 ZCTA 93267 in Tulare County.,,,,
93256 Pixley,zcta,93256,Pixley,35.9717308,-119.3135106,266751,,2025-03-31,10,0,Zillow ZIP-level market for Pixley; mapped with Census 2020 ZCTA 93256 in Tulare County.,,,,
93272 Tipton,zcta,93272,Tipton,36.0473536,-119.3444282,269597,,2025-03-31,10,0,Zillow ZIP-level market for Tipton; mapped with Census 2020 ZCTA 93272 in Tulare County.,,,,
93270 Terra Bella,zcta,93270,Terra Bella,35.9424478,-119.0583495,380007,,2025-03-31,10,0,Zillow ZIP-level market for Terra Bella; mapped with Census 2020 ZCTA 93270 in Tulare County.,,,,
93235 Ivanhoe,zcta,93235,Ivanhoe,36.385067,-119.2231243,245559,,2025-03-31,10,0,Zillow ZIP-level market for Ivanhoe; mapped with Census 2020 ZCTA 93235 in Tulare County.,,,,
93265 Springville,zcta,93265,Springville,36.217713,-118.6936058,414786,,2025-03-31,10,0,Zillow ZIP-level market for Springville; mapped with Census 2020 ZCTA 93265 in Tulare County.,,,,
93271 Three Rivers,zcta,93271,Three Rivers,36.440041,-118.8802803,538991,,2025-03-31,10,0,Zillow ZIP-level market for Three Rivers; mapped with Census 2020 ZCTA 93271 in Tulare County.,,,,
93201 Alpaugh,zcta,93201,Alpaugh,35.8568588,-119.5075255,208018,,2025-03-31,10,0,Zillow ZIP-level market for Alpaugh; mapped with Census 2020 ZCTA 93201 in Tulare County.,,,,
93261 Richgrove,zcta,93261,Richgrove,35.8114805,-119.1167378,259470,,2025-03-31,10,0,Zillow ZIP-level market for Richgrove; mapped with Census 2020 ZCTA 93261 in Tulare County.,,,,
93218 Earlimart,zcta,93218,Earlimart,35.8571408,-119.0449304,277932,,2025-03-31,10,0,Zillow ZIP-level market for Earlimart; mapped with Census 2020 ZCTA 93218 in Tulare County.,,,,
93244 Lemon Cove,zcta,93244,Lemon Cove,36.38634,-118.9897151,386546,,2025-03-31,10,0,Zillow ZIP-level market for Lemon Cove; mapped with Census 2020 ZCTA 93244 in Tulare County.,,,,
93227 Visalia,zcta,93227,Visalia,36.3444448,-119.418562,303046,,2025-03-31,10,0,Zillow ZIP-level market for Visalia; mapped with Census 2020 ZCTA 93227 in Tulare County.,,,,
93257 Porterville,zcta,93257,Porterville,35.9808583,-118.8893149,328710,1204,2025-04-30,10,0,Zillow ZIP-level market for Porterville; mapped with Census 2020 ZCTA 93257 in Tulare County.,,1204,Zillow ZORI,
93274 Tulare,zcta,93274,Tulare,36.1779345,-119.3799754,355925,1773,2025-04-30,10,0,Zillow ZIP-level market for Tulare; mapped with Census 2020 ZCTA 93274 in Tulare County.,,1773,Zillow ZORI,
93291 Visalia,zcta,93291,Visalia,36.391777,-119.3728419,427010,1983,2025-04-30,10,0,Zillow ZIP-level market for Visalia; mapped with Census 2020 ZCTA 93291 in Tulare County.,,1983,Zillow ZORI,
93277 Visalia,zcta,93277,Visalia,36.301334,-119.3725855,374285,1600,2025-04-30,10,0,Zillow ZIP-level market for Visalia; mapped with Census 2020 ZCTA 93277 in Tulare County.,,1600,Zillow ZORI,
93292 Visalia,zcta,93292,Visalia,36.366243,-119.2116355,402670,2030,2025-04-30,10,0,Zillow ZIP-level market for Visalia; mapped with Census 2020 ZCTA 93292 in Tulare County.,,2030,Zillow ZORI,
93618 Dinuba,zcta,93618,Dinuba,36.5221175,-119.3866282,351931,,2025-04-30,10,0,Zillow ZIP-level market for Dinuba; mapped with Census 2020 ZCTA 93618 in Tulare County.,,,,
93247 Lindsay,zcta,93247,Lindsay,36.2017347,-119.0834779,300913,,2025-04-30,10,0,Zillow ZIP-level market for Lindsay; mapped with Census 2020 ZCTA 93247 in Tulare County.,,,,
93221 Exeter,zcta,93221,Exeter,36.2963943,-119.0299352,392300,,2025-04-30,10,0,Zillow ZIP-level market for Exeter; mapped with Census 2020 ZCTA 93221 in Tulare County.,,,,
93647 Orosi,zcta,93647,Orosi,36.6007599,-119.1754848,309122,,2025-04-30,10,0,Zillow ZIP-level market for Orosi; mapped with Census 2020 ZCTA 93647 in Tulare County.,,,,
93286 Woodlake,zcta,93286,Woodlake,36.4627099,-119.0932419,326314,,2025-04-30,10,0,Zillow ZIP-level market for Woodlake; mapped with Census 2020 ZCTA 93286 in Tulare County.,,,,
93219 Tulare,zcta,93219,Tulare,35.8882375,-119.2949573,260149,,2025-04-30,10,0,Zillow ZIP-level market for Tulare; mapped with Census 2020 ZCTA 93219 in Tulare County.,,,,
93223 Farmersville,zcta,93223,Farmersville,36.3011122,-119.207875,291839,,2025-04-30,10,0,Zillow ZIP-level market for Farmersville; mapped with Census 2020 ZCTA 93223 in Tulare County.,,,,
93615 Cutler,zcta,93615,Cutler,36.5037388,-119.2838461,283065,,2025-04-30,10,0,Zillow ZIP-level market for Cutler; mapped with Census 2020 ZCTA 93615 in Tulare County.,,,,
93267 Strathmore,zcta,93267,Strathmore,36.1436233,-119.073877,313446,,2025-04-30,10,0,Zillow ZIP-level market for Strathmore; mapped with Census 2020 ZCTA 93267 in Tulare County.,,,,
93256 Pixley,zcta,93256,Pixley,35.9717308,-119.3135106,267740,,2025-04-30,10,0,Zillow ZIP-level market for Pixley; mapped with Census 2020 ZCTA 93256 in Tulare County.,,,,
93272 Tipton,zcta,93272,Tipton,36.0473536,-119.3444282,268076,,2025-04-30,10,0,Zillow ZIP-level market for Tipton; mapped with Census 2020 ZCTA 93272 in Tulare County.,,,,
93270 Terra Bella,zcta,93270,Terra Bella,35.9424478,-119.0583495,381463,,2025-04-30,10,0,Zillow ZIP-level market for Terra Bella; mapped with Census 2020 ZCTA 93270 in Tulare County.,,,,
93235 Ivanhoe,zcta,93235,Ivanhoe,36.385067,-119.2231243,247173,,2025-04-30,10,0,Zillow ZIP-level market for Ivanhoe; mapped with Census 2020 ZCTA 93235 in Tulare County.,,,,
93265 Springville,zcta,93265,Springville,36.217713,-118.6936058,417579,,2025-04-30,10,0,Zillow ZIP-level market for Springville; mapped with Census 2020 ZCTA 93265 in Tulare County.,,,,
93271 Three Rivers,zcta,93271,Three Rivers,36.440041,-118.8802803,541573,,2025-04-30,10,0,Zillow ZIP-level market for Three Rivers; mapped with Census 2020 ZCTA 93271 in Tulare County.,,,,
93201 Alpaugh,zcta,93201,Alpaugh,35.8568588,-119.5075255,208076,,2025-04-30,10,0,Zillow ZIP-level market for Alpaugh; mapped with Census 2020 ZCTA 93201 in Tulare County.,,,,
93261 Richgrove,zcta,93261,Richgrove,35.8114805,-119.1167378,259236,,2025-04-30,10,0,Zillow ZIP-level market for Richgrove; mapped with Census 2020 ZCTA 93261 in Tulare County.,,,,
93218 Earlimart,zcta,93218,Earlimart,35.8571408,-119.0449304,278289,,2025-04-30,10,0,Zillow ZIP-level market for Earlimart; mapped with Census 2020 ZCTA 93218 in Tulare County.,,,,
93244 Lemon Cove,zcta,93244,Lemon Cove,36.38634,-118.9897151,387141,,2025-04-30,10,0,Zillow ZIP-level market for Lemon Cove; mapped with Census 2020 ZCTA 93244 in Tulare County.,,,,
93227 Visalia,zcta,93227,Visalia,36.3444448,-119.418562,301547,,2025-04-30,10,0,Zillow ZIP-level market for Visalia; mapped with Census 2020 ZCTA 93227 in Tulare County.,,,,
93257 Porterville,zcta,93257,Porterville,35.9808583,-118.8893149,329289,1191,2025-05-31,10,0,Zillow ZIP-level market for Porterville; mapped with Census 2020 ZCTA 93257 in Tulare County.,,1191,Zillow ZORI,
93274 Tulare,zcta,93274,Tulare,36.1779345,-119.3799754,355496,1809,2025-05-31,10,0,Zillow ZIP-level market for Tulare; mapped with Census 2020 ZCTA 93274 in Tulare County.,,1809,Zillow ZORI,
93291 Visalia,zcta,93291,Visalia,36.391777,-119.3728419,427440,1970,2025-05-31,10,0,Zillow ZIP-level market for Visalia; mapped with Census 2020 ZCTA 93291 in Tulare County.,,1970,Zillow ZORI,
93277 Visalia,zcta,93277,Visalia,36.301334,-119.3725855,374806,1628,2025-05-31,10,0,Zillow ZIP-level market for Visalia; mapped with Census 2020 ZCTA 93277 in Tulare County.,,1628,Zillow ZORI,
93292 Visalia,zcta,93292,Visalia,36.366243,-119.2116355,403108,2021,2025-05-31,10,0,Zillow ZIP-level market for Visalia; mapped with Census 2020 ZCTA 93292 in Tulare County.,,2021,Zillow ZORI,
93618 Dinuba,zcta,93618,Dinuba,36.5221175,-119.3866282,352383,,2025-05-31,10,0,Zillow ZIP-level market for Dinuba; mapped with Census 2020 ZCTA 93618 in Tulare County.,,,,
93247 Lindsay,zcta,93247,Lindsay,36.2017347,-119.0834779,301720,,2025-05-31,10,0,Zillow ZIP-level market for Lindsay; mapped with Census 2020 ZCTA 93247 in Tulare County.,,,,
93221 Exeter,zcta,93221,Exeter,36.2963943,-119.0299352,392367,,2025-05-31,10,0,Zillow ZIP-level market for Exeter; mapped with Census 2020 ZCTA 93221 in Tulare County.,,,,
93647 Orosi,zcta,93647,Orosi,36.6007599,-119.1754848,309184,,2025-05-31,10,0,Zillow ZIP-level market for Orosi; mapped with Census 2020 ZCTA 93647 in Tulare County.,,,,
93286 Woodlake,zcta,93286,Woodlake,36.4627099,-119.0932419,327448,,2025-05-31,10,0,Zillow ZIP-level market for Woodlake; mapped with Census 2020 ZCTA 93286 in Tulare County.,,,,
93219 Tulare,zcta,93219,Tulare,35.8882375,-119.2949573,260963,,2025-05-31,10,0,Zillow ZIP-level market for Tulare; mapped with Census 2020 ZCTA 93219 in Tulare County.,,,,
93223 Farmersville,zcta,93223,Farmersville,36.3011122,-119.207875,292040,,2025-05-31,10,0,Zillow ZIP-level market for Farmersville; mapped with Census 2020 ZCTA 93223 in Tulare County.,,,,
93615 Cutler,zcta,93615,Cutler,36.5037388,-119.2838461,282896,,2025-05-31,10,0,Zillow ZIP-level market for Cutler; mapped with Census 2020 ZCTA 93615 in Tulare County.,,,,
93267 Strathmore,zcta,93267,Strathmore,36.1436233,-119.073877,313322,,2025-05-31,10,0,Zillow ZIP-level market for Strathmore; mapped with Census 2020 ZCTA 93267 in Tulare County.,,,,
93256 Pixley,zcta,93256,Pixley,35.9717308,-119.3135106,268861,,2025-05-31,10,0,Zillow ZIP-level market for Pixley; mapped with Census 2020 ZCTA 93256 in Tulare County.,,,,
93272 Tipton,zcta,93272,Tipton,36.0473536,-119.3444282,267442,,2025-05-31,10,0,Zillow ZIP-level market for Tipton; mapped with Census 2020 ZCTA 93272 in Tulare County.,,,,
93270 Terra Bella,zcta,93270,Terra Bella,35.9424478,-119.0583495,382202,,2025-05-31,10,0,Zillow ZIP-level market for Terra Bella; mapped with Census 2020 ZCTA 93270 in Tulare County.,,,,
93235 Ivanhoe,zcta,93235,Ivanhoe,36.385067,-119.2231243,249406,,2025-05-31,10,0,Zillow ZIP-level market for Ivanhoe; mapped with Census 2020 ZCTA 93235 in Tulare County.,,,,
93265 Springville,zcta,93265,Springville,36.217713,-118.6936058,419475,,2025-05-31,10,0,Zillow ZIP-level market for Springville; mapped with Census 2020 ZCTA 93265 in Tulare County.,,,,
93271 Three Rivers,zcta,93271,Three Rivers,36.440041,-118.8802803,543378,,2025-05-31,10,0,Zillow ZIP-level market for Three Rivers; mapped with Census 2020 ZCTA 93271 in Tulare County.,,,,
93201 Alpaugh,zcta,93201,Alpaugh,35.8568588,-119.5075255,207915,,2025-05-31,10,0,Zillow ZIP-level market for Alpaugh; mapped with Census 2020 ZCTA 93201 in Tulare County.,,,,
93261 Richgrove,zcta,93261,Richgrove,35.8114805,-119.1167378,259169,,2025-05-31,10,0,Zillow ZIP-level market for Richgrove; mapped with Census 2020 ZCTA 93261 in Tulare County.,,,,
93218 Earlimart,zcta,93218,Earlimart,35.8571408,-119.0449304,277864,,2025-05-31,10,0,Zillow ZIP-level market for Earlimart; mapped with Census 2020 ZCTA 93218 in Tulare County.,,,,
93244 Lemon Cove,zcta,93244,Lemon Cove,36.38634,-118.9897151,388492,,2025-05-31,10,0,Zillow ZIP-level market for Lemon Cove; mapped with Census 2020 ZCTA 93244 in Tulare County.,,,,
93227 Visalia,zcta,93227,Visalia,36.3444448,-119.418562,299713,,2025-05-31,10,0,Zillow ZIP-level market for Visalia; mapped with Census 2020 ZCTA 93227 in Tulare County.,,,,
93257 Porterville,zcta,93257,Porterville,35.9808583,-118.8893149,329233,1200,2025-06-30,10,0,Zillow ZIP-level market for Porterville; mapped with Census 2020 ZCTA 93257 in Tulare County.,,1200,Zillow ZORI,
93274 Tulare,zcta,93274,Tulare,36.1779345,-119.3799754,354510,1797,2025-06-30,10,0,Zillow ZIP-level market for Tulare; mapped with Census 2020 ZCTA 93274 in Tulare County.,,1797,Zillow ZORI,
93291 Visalia,zcta,93291,Visalia,36.391777,-119.3728419,426922,1972,2025-06-30,10,0,Zillow ZIP-level market for Visalia; mapped with Census 2020 ZCTA 93291 in Tulare County.,,1972,Zillow ZORI,
93277 Visalia,zcta,93277,Visalia,36.301334,-119.3725855,374646,1631,2025-06-30,10,0,Zillow ZIP-level market for Visalia; mapped with Census 2020 ZCTA 93277 in Tulare County.,,1631,Zillow ZORI,
93292 Visalia,zcta,93292,Visalia,36.366243,-119.2116355,402939,2051,2025-06-30,10,0,Zillow ZIP-level market for Visalia; mapped with Census 2020 ZCTA 93292 in Tulare County.,,2051,Zillow ZORI,
93618 Dinuba,zcta,93618,Dinuba,36.5221175,-119.3866282,352310,,2025-06-30,10,0,Zillow ZIP-level market for Dinuba; mapped with Census 2020 ZCTA 93618 in Tulare County.,,,,
93247 Lindsay,zcta,93247,Lindsay,36.2017347,-119.0834779,301906,,2025-06-30,10,0,Zillow ZIP-level market for Lindsay; mapped with Census 2020 ZCTA 93247 in Tulare County.,,,,
93221 Exeter,zcta,93221,Exeter,36.2963943,-119.0299352,391633,,2025-06-30,10,0,Zillow ZIP-level market for Exeter; mapped with Census 2020 ZCTA 93221 in Tulare County.,,,,
93647 Orosi,zcta,93647,Orosi,36.6007599,-119.1754848,307957,,2025-06-30,10,0,Zillow ZIP-level market for Orosi; mapped with Census 2020 ZCTA 93647 in Tulare County.,,,,
93286 Woodlake,zcta,93286,Woodlake,36.4627099,-119.0932419,328023,,2025-06-30,10,0,Zillow ZIP-level market for Woodlake; mapped with Census 2020 ZCTA 93286 in Tulare County.,,,,
93219 Tulare,zcta,93219,Tulare,35.8882375,-119.2949573,260983,,2025-06-30,10,0,Zillow ZIP-level market for Tulare; mapped with Census 2020 ZCTA 93219 in Tulare County.,,,,
93223 Farmersville,zcta,93223,Farmersville,36.3011122,-119.207875,291703,,2025-06-30,10,0,Zillow ZIP-level market for Farmersville; mapped with Census 2020 ZCTA 93223 in Tulare County.,,,,
93615 Cutler,zcta,93615,Cutler,36.5037388,-119.2838461,281210,,2025-06-30,10,0,Zillow ZIP-level market for Cutler; mapped with Census 2020 ZCTA 93615 in Tulare County.,,,,
93267 Strathmore,zcta,93267,Strathmore,36.1436233,-119.073877,312259,,2025-06-30,10,0,Zillow ZIP-level market for Strathmore; mapped with Census 2020 ZCTA 93267 in Tulare County.,,,,
93256 Pixley,zcta,93256,Pixley,35.9717308,-119.3135106,269442,,2025-06-30,10,0,Zillow ZIP-level market for Pixley; mapped with Census 2020 ZCTA 93256 in Tulare County.,,,,
93272 Tipton,zcta,93272,Tipton,36.0473536,-119.3444282,266541,,2025-06-30,10,0,Zillow ZIP-level market for Tipton; mapped with Census 2020 ZCTA 93272 in Tulare County.,,,,
93270 Terra Bella,zcta,93270,Terra Bella,35.9424478,-119.0583495,381459,,2025-06-30,10,0,Zillow ZIP-level market for Terra Bella; mapped with Census 2020 ZCTA 93270 in Tulare County.,,,,
93235 Ivanhoe,zcta,93235,Ivanhoe,36.385067,-119.2231243,250867,,2025-06-30,10,0,Zillow ZIP-level market for Ivanhoe; mapped with Census 2020 ZCTA 93235 in Tulare County.,,,,
93265 Springville,zcta,93265,Springville,36.217713,-118.6936058,419826,,2025-06-30,10,0,Zillow ZIP-level market for Springville; mapped with Census 2020 ZCTA 93265 in Tulare County.,,,,
93271 Three Rivers,zcta,93271,Three Rivers,36.440041,-118.8802803,542873,,2025-06-30,10,0,Zillow ZIP-level market for Three Rivers; mapped with Census 2020 ZCTA 93271 in Tulare County.,,,,
93201 Alpaugh,zcta,93201,Alpaugh,35.8568588,-119.5075255,205364,,2025-06-30,10,0,Zillow ZIP-level market for Alpaugh; mapped with Census 2020 ZCTA 93201 in Tulare County.,,,,
93261 Richgrove,zcta,93261,Richgrove,35.8114805,-119.1167378,258193,,2025-06-30,10,0,Zillow ZIP-level market for Richgrove; mapped with Census 2020 ZCTA 93261 in Tulare County.,,,,
93218 Earlimart,zcta,93218,Earlimart,35.8571408,-119.0449304,277286,,2025-06-30,10,0,Zillow ZIP-level market for Earlimart; mapped with Census 2020 ZCTA 93218 in Tulare County.,,,,
93244 Lemon Cove,zcta,93244,Lemon Cove,36.38634,-118.9897151,389311,,2025-06-30,10,0,Zillow ZIP-level market for Lemon Cove; mapped with Census 2020 ZCTA 93244 in Tulare County.,,,,
93227 Visalia,zcta,93227,Visalia,36.3444448,-119.418562,297732,,2025-06-30,10,0,Zillow ZIP-level market for Visalia; mapped with Census 2020 ZCTA 93227 in Tulare County.,,,,
93257 Porterville,zcta,93257,Porterville,35.9808583,-118.8893149,328573,1215,2025-07-31,10,0,Zillow ZIP-level market for Porterville; mapped with Census 2020 ZCTA 93257 in Tulare County.,,1215,Zillow ZORI,
93274 Tulare,zcta,93274,Tulare,36.1779345,-119.3799754,353322,1814,2025-07-31,10,0,Zillow ZIP-level market for Tulare; mapped with Census 2020 ZCTA 93274 in Tulare County.,,1814,Zillow ZORI,
93291 Visalia,zcta,93291,Visalia,36.391777,-119.3728419,425631,1933,2025-07-31,10,0,Zillow ZIP-level market for Visalia; mapped with Census 2020 ZCTA 93291 in Tulare County.,,1933,Zillow ZORI,
93277 Visalia,zcta,93277,Visalia,36.301334,-119.3725855,373432,1637,2025-07-31,10,0,Zillow ZIP-level market for Visalia; mapped with Census 2020 ZCTA 93277 in Tulare County.,,1637,Zillow ZORI,
93292 Visalia,zcta,93292,Visalia,36.366243,-119.2116355,401963,2080,2025-07-31,10,0,Zillow ZIP-level market for Visalia; mapped with Census 2020 ZCTA 93292 in Tulare County.,,2080,Zillow ZORI,
93618 Dinuba,zcta,93618,Dinuba,36.5221175,-119.3866282,351828,,2025-07-31,10,0,Zillow ZIP-level market for Dinuba; mapped with Census 2020 ZCTA 93618 in Tulare County.,,,,
93247 Lindsay,zcta,93247,Lindsay,36.2017347,-119.0834779,301644,,2025-07-31,10,0,Zillow ZIP-level market for Lindsay; mapped with Census 2020 ZCTA 93247 in Tulare County.,,,,
93221 Exeter,zcta,93221,Exeter,36.2963943,-119.0299352,390108,,2025-07-31,10,0,Zillow ZIP-level market for Exeter; mapped with Census 2020 ZCTA 93221 in Tulare County.,,,,
93647 Orosi,zcta,93647,Orosi,36.6007599,-119.1754848,305792,,2025-07-31,10,0,Zillow ZIP-level market for Orosi; mapped with Census 2020 ZCTA 93647 in Tulare County.,,,,
93286 Woodlake,zcta,93286,Woodlake,36.4627099,-119.0932419,328132,,2025-07-31,10,0,Zillow ZIP-level market for Woodlake; mapped with Census 2020 ZCTA 93286 in Tulare County.,,,,
93219 Tulare,zcta,93219,Tulare,35.8882375,-119.2949573,260277,,2025-07-31,10,0,Zillow ZIP-level market for Tulare; mapped with Census 2020 ZCTA 93219 in Tulare County.,,,,
93223 Farmersville,zcta,93223,Farmersville,36.3011122,-119.207875,291211,,2025-07-31,10,0,Zillow ZIP-level market for Farmersville; mapped with Census 2020 ZCTA 93223 in Tulare County.,,,,
93615 Cutler,zcta,93615,Cutler,36.5037388,-119.2838461,278514,,2025-07-31,10,0,Zillow ZIP-level market for Cutler; mapped with Census 2020 ZCTA 93615 in Tulare County.,,,,
93267 Strathmore,zcta,93267,Strathmore,36.1436233,-119.073877,311324,,2025-07-31,10,0,Zillow ZIP-level market for Strathmore; mapped with Census 2020 ZCTA 93267 in Tulare County.,,,,
93256 Pixley,zcta,93256,Pixley,35.9717308,-119.3135106,269251,,2025-07-31,10,0,Zillow ZIP-level market for Pixley; mapped with Census 2020 ZCTA 93256 in Tulare County.,,,,
93272 Tipton,zcta,93272,Tipton,36.0473536,-119.3444282,265159,,2025-07-31,10,0,Zillow ZIP-level market for Tipton; mapped with Census 2020 ZCTA 93272 in Tulare County.,,,,
93270 Terra Bella,zcta,93270,Terra Bella,35.9424478,-119.0583495,378557,,2025-07-31,10,0,Zillow ZIP-level market for Terra Bella; mapped with Census 2020 ZCTA 93270 in Tulare County.,,,,
93235 Ivanhoe,zcta,93235,Ivanhoe,36.385067,-119.2231243,251905,,2025-07-31,10,0,Zillow ZIP-level market for Ivanhoe; mapped with Census 2020 ZCTA 93235 in Tulare County.,,,,
93265 Springville,zcta,93265,Springville,36.217713,-118.6936058,418696,,2025-07-31,10,0,Zillow ZIP-level market for Springville; mapped with Census 2020 ZCTA 93265 in Tulare County.,,,,
93271 Three Rivers,zcta,93271,Three Rivers,36.440041,-118.8802803,541230,,2025-07-31,10,0,Zillow ZIP-level market for Three Rivers; mapped with Census 2020 ZCTA 93271 in Tulare County.,,,,
93201 Alpaugh,zcta,93201,Alpaugh,35.8568588,-119.5075255,202690,,2025-07-31,10,0,Zillow ZIP-level market for Alpaugh; mapped with Census 2020 ZCTA 93201 in Tulare County.,,,,
93261 Richgrove,zcta,93261,Richgrove,35.8114805,-119.1167378,257159,,2025-07-31,10,0,Zillow ZIP-level market for Richgrove; mapped with Census 2020 ZCTA 93261 in Tulare County.,,,,
93218 Earlimart,zcta,93218,Earlimart,35.8571408,-119.0449304,276110,,2025-07-31,10,0,Zillow ZIP-level market for Earlimart; mapped with Census 2020 ZCTA 93218 in Tulare County.,,,,
93244 Lemon Cove,zcta,93244,Lemon Cove,36.38634,-118.9897151,389664,,2025-07-31,10,0,Zillow ZIP-level market for Lemon Cove; mapped with Census 2020 ZCTA 93244 in Tulare County.,,,,
93227 Visalia,zcta,93227,Visalia,36.3444448,-119.418562,296547,,2025-07-31,10,0,Zillow ZIP-level market for Visalia; mapped with Census 2020 ZCTA 93227 in Tulare County.,,,,
93257 Porterville,zcta,93257,Porterville,35.9808583,-118.8893149,327304,1233,2025-08-31,10,0,Zillow ZIP-level market for Porterville; mapped with Census 2020 ZCTA 93257 in Tulare County.,,1233,Zillow ZORI,
93274 Tulare,zcta,93274,Tulare,36.1779345,-119.3799754,351996,1818,2025-08-31,10,0,Zillow ZIP-level market for Tulare; mapped with Census 2020 ZCTA 93274 in Tulare County.,,1818,Zillow ZORI,
93291 Visalia,zcta,93291,Visalia,36.391777,-119.3728419,423888,1946,2025-08-31,10,0,Zillow ZIP-level market for Visalia; mapped with Census 2020 ZCTA 93291 in Tulare County.,,1946,Zillow ZORI,
93277 Visalia,zcta,93277,Visalia,36.301334,-119.3725855,371606,1635,2025-08-31,10,0,Zillow ZIP-level market for Visalia; mapped with Census 2020 ZCTA 93277 in Tulare County.,,1635,Zillow ZORI,
93292 Visalia,zcta,93292,Visalia,36.366243,-119.2116355,400649,2109,2025-08-31,10,0,Zillow ZIP-level market for Visalia; mapped with Census 2020 ZCTA 93292 in Tulare County.,,2109,Zillow ZORI,
93618 Dinuba,zcta,93618,Dinuba,36.5221175,-119.3866282,351120,,2025-08-31,10,0,Zillow ZIP-level market for Dinuba; mapped with Census 2020 ZCTA 93618 in Tulare County.,,,,
93247 Lindsay,zcta,93247,Lindsay,36.2017347,-119.0834779,300689,,2025-08-31,10,0,Zillow ZIP-level market for Lindsay; mapped with Census 2020 ZCTA 93247 in Tulare County.,,,,
93221 Exeter,zcta,93221,Exeter,36.2963943,-119.0299352,388313,,2025-08-31,10,0,Zillow ZIP-level market for Exeter; mapped with Census 2020 ZCTA 93221 in Tulare County.,,,,
93647 Orosi,zcta,93647,Orosi,36.6007599,-119.1754848,303367,,2025-08-31,10,0,Zillow ZIP-level market for Orosi; mapped with Census 2020 ZCTA 93647 in Tulare County.,,,,
93286 Woodlake,zcta,93286,Woodlake,36.4627099,-119.0932419,327651,,2025-08-31,10,0,Zillow ZIP-level market for Woodlake; mapped with Census 2020 ZCTA 93286 in Tulare County.,,,,
93219 Tulare,zcta,93219,Tulare,35.8882375,-119.2949573,258679,,2025-08-31,10,0,Zillow ZIP-level market for Tulare; mapped with Census 2020 ZCTA 93219 in Tulare County.,,,,
93223 Farmersville,zcta,93223,Farmersville,36.3011122,-119.207875,290061,,2025-08-31,10,0,Zillow ZIP-level market for Farmersville; mapped with Census 2020 ZCTA 93223 in Tulare County.,,,,
93615 Cutler,zcta,93615,Cutler,36.5037388,-119.2838461,276134,,2025-08-31,10,0,Zillow ZIP-level market for Cutler; mapped with Census 2020 ZCTA 93615 in Tulare County.,,,,
93267 Strathmore,zcta,93267,Strathmore,36.1436233,-119.073877,310131,,2025-08-31,10,0,Zillow ZIP-level market for Strathmore; mapped with Census 2020 ZCTA 93267 in Tulare County.,,,,
93256 Pixley,zcta,93256,Pixley,35.9717308,-119.3135106,268886,,2025-08-31,10,0,Zillow ZIP-level market for Pixley; mapped with Census 2020 ZCTA 93256 in Tulare County.,,,,
93272 Tipton,zcta,93272,Tipton,36.0473536,-119.3444282,263377,,2025-08-31,10,0,Zillow ZIP-level market for Tipton; mapped with Census 2020 ZCTA 93272 in Tulare County.,,,,
93270 Terra Bella,zcta,93270,Terra Bella,35.9424478,-119.0583495,375226,,2025-08-31,10,0,Zillow ZIP-level market for Terra Bella; mapped with Census 2020 ZCTA 93270 in Tulare County.,,,,
93235 Ivanhoe,zcta,93235,Ivanhoe,36.385067,-119.2231243,251101,,2025-08-31,10,0,Zillow ZIP-level market for Ivanhoe; mapped with Census 2020 ZCTA 93235 in Tulare County.,,,,
93265 Springville,zcta,93265,Springville,36.217713,-118.6936058,416962,,2025-08-31,10,0,Zillow ZIP-level market for Springville; mapped with Census 2020 ZCTA 93265 in Tulare County.,,,,
93271 Three Rivers,zcta,93271,Three Rivers,36.440041,-118.8802803,539397,,2025-08-31,10,0,Zillow ZIP-level market for Three Rivers; mapped with Census 2020 ZCTA 93271 in Tulare County.,,,,
93201 Alpaugh,zcta,93201,Alpaugh,35.8568588,-119.5075255,199717,,2025-08-31,10,0,Zillow ZIP-level market for Alpaugh; mapped with Census 2020 ZCTA 93201 in Tulare County.,,,,
93261 Richgrove,zcta,93261,Richgrove,35.8114805,-119.1167378,256141,,2025-08-31,10,0,Zillow ZIP-level market for Richgrove; mapped with Census 2020 ZCTA 93261 in Tulare County.,,,,
93218 Earlimart,zcta,93218,Earlimart,35.8571408,-119.0449304,274779,,2025-08-31,10,0,Zillow ZIP-level market for Earlimart; mapped with Census 2020 ZCTA 93218 in Tulare County.,,,,
93244 Lemon Cove,zcta,93244,Lemon Cove,36.38634,-118.9897151,389236,,2025-08-31,10,0,Zillow ZIP-level market for Lemon Cove; mapped with Census 2020 ZCTA 93244 in Tulare County.,,,,
93227 Visalia,zcta,93227,Visalia,36.3444448,-119.418562,296099,,2025-08-31,10,0,Zillow ZIP-level market for Visalia; mapped with Census 2020 ZCTA 93227 in Tulare County.,,,,
93257 Porterville,zcta,93257,Porterville,35.9808583,-118.8893149,326526,1245,2025-09-30,10,0,Zillow ZIP-level market for Porterville; mapped with Census 2020 ZCTA 93257 in Tulare County.,,1245,Zillow ZORI,
93274 Tulare,zcta,93274,Tulare,36.1779345,-119.3799754,351507,1829,2025-09-30,10,0,Zillow ZIP-level market for Tulare; mapped with Census 2020 ZCTA 93274 in Tulare County.,,1829,Zillow ZORI,
93291 Visalia,zcta,93291,Visalia,36.391777,-119.3728419,423233,1966,2025-09-30,10,0,Zillow ZIP-level market for Visalia; mapped with Census 2020 ZCTA 93291 in Tulare County.,,1966,Zillow ZORI,
93277 Visalia,zcta,93277,Visalia,36.301334,-119.3725855,370616,1662,2025-09-30,10,0,Zillow ZIP-level market for Visalia; mapped with Census 2020 ZCTA 93277 in Tulare County.,,1662,Zillow ZORI,
93292 Visalia,zcta,93292,Visalia,36.366243,-119.2116355,400094,2079,2025-09-30,10,0,Zillow ZIP-level market for Visalia; mapped with Census 2020 ZCTA 93292 in Tulare County.,,2079,Zillow ZORI,
93618 Dinuba,zcta,93618,Dinuba,36.5221175,-119.3866282,351158,,2025-09-30,10,0,Zillow ZIP-level market for Dinuba; mapped with Census 2020 ZCTA 93618 in Tulare County.,,,,
93247 Lindsay,zcta,93247,Lindsay,36.2017347,-119.0834779,300418,,2025-09-30,10,0,Zillow ZIP-level market for Lindsay; mapped with Census 2020 ZCTA 93247 in Tulare County.,,,,
93221 Exeter,zcta,93221,Exeter,36.2963943,-119.0299352,387546,,2025-09-30,10,0,Zillow ZIP-level market for Exeter; mapped with Census 2020 ZCTA 93221 in Tulare County.,,,,
93647 Orosi,zcta,93647,Orosi,36.6007599,-119.1754848,302365,,2025-09-30,10,0,Zillow ZIP-level market for Orosi; mapped with Census 2020 ZCTA 93647 in Tulare County.,,,,
93286 Woodlake,zcta,93286,Woodlake,36.4627099,-119.0932419,327784,,2025-09-30,10,0,Zillow ZIP-level market for Woodlake; mapped with Census 2020 ZCTA 93286 in Tulare County.,,,,
93219 Tulare,zcta,93219,Tulare,35.8882375,-119.2949573,257690,,2025-09-30,10,0,Zillow ZIP-level market for Tulare; mapped with Census 2020 ZCTA 93219 in Tulare County.,,,,
93223 Farmersville,zcta,93223,Farmersville,36.3011122,-119.207875,289570,,2025-09-30,10,0,Zillow ZIP-level market for Farmersville; mapped with Census 2020 ZCTA 93223 in Tulare County.,,,,
93615 Cutler,zcta,93615,Cutler,36.5037388,-119.2838461,275356,,2025-09-30,10,0,Zillow ZIP-level market for Cutler; mapped with Census 2020 ZCTA 93615 in Tulare County.,,,,
93267 Strathmore,zcta,93267,Strathmore,36.1436233,-119.073877,310390,,2025-09-30,10,0,Zillow ZIP-level market for Strathmore; mapped with Census 2020 ZCTA 93267 in Tulare County.,,,,
93256 Pixley,zcta,93256,Pixley,35.9717308,-119.3135106,268707,,2025-09-30,10,0,Zillow ZIP-level market for Pixley; mapped with Census 2020 ZCTA 93256 in Tulare County.,,,,
93272 Tipton,zcta,93272,Tipton,36.0473536,-119.3444282,262702,,2025-09-30,10,0,Zillow ZIP-level market for Tipton; mapped with Census 2020 ZCTA 93272 in Tulare County.,,,,
93270 Terra Bella,zcta,93270,Terra Bella,35.9424478,-119.0583495,374052,,2025-09-30,10,0,Zillow ZIP-level market for Terra Bella; mapped with Census 2020 ZCTA 93270 in Tulare County.,,,,
93235 Ivanhoe,zcta,93235,Ivanhoe,36.385067,-119.2231243,251704,,2025-09-30,10,0,Zillow ZIP-level market for Ivanhoe; mapped with Census 2020 ZCTA 93235 in Tulare County.,,,,
93265 Springville,zcta,93265,Springville,36.217713,-118.6936058,416396,,2025-09-30,10,0,Zillow ZIP-level market for Springville; mapped with Census 2020 ZCTA 93265 in Tulare County.,,,,
93271 Three Rivers,zcta,93271,Three Rivers,36.440041,-118.8802803,539649,,2025-09-30,10,0,Zillow ZIP-level market for Three Rivers; mapped with Census 2020 ZCTA 93271 in Tulare County.,,,,
93201 Alpaugh,zcta,93201,Alpaugh,35.8568588,-119.5075255,199346,,2025-09-30,10,0,Zillow ZIP-level market for Alpaugh; mapped with Census 2020 ZCTA 93201 in Tulare County.,,,,
93261 Richgrove,zcta,93261,Richgrove,35.8114805,-119.1167378,256134,,2025-09-30,10,0,Zillow ZIP-level market for Richgrove; mapped with Census 2020 ZCTA 93261 in Tulare County.,,,,
93218 Earlimart,zcta,93218,Earlimart,35.8571408,-119.0449304,274303,,2025-09-30,10,0,Zillow ZIP-level market for Earlimart; mapped with Census 2020 ZCTA 93218 in Tulare County.,,,,
93244 Lemon Cove,zcta,93244,Lemon Cove,36.38634,-118.9897151,390356,,2025-09-30,10,0,Zillow ZIP-level market for Lemon Cove; mapped with Census 2020 ZCTA 93244 in Tulare County.,,,,
93227 Visalia,zcta,93227,Visalia,36.3444448,-119.418562,295887,,2025-09-30,10,0,Zillow ZIP-level market for Visalia; mapped with Census 2020 ZCTA 93227 in Tulare County.,,,,
93257 Porterville,zcta,93257,Porterville,35.9808583,-118.8893149,326307,1241,2025-10-31,10,0,Zillow ZIP-level market for Porterville; mapped with Census 2020 ZCTA 93257 in Tulare County.,,1241,Zillow ZORI,
93274 Tulare,zcta,93274,Tulare,36.1779345,-119.3799754,351700,1816,2025-10-31,10,0,Zillow ZIP-level market for Tulare; mapped with Census 2020 ZCTA 93274 in Tulare County.,,1816,Zillow ZORI,
93291 Visalia,zcta,93291,Visalia,36.391777,-119.3728419,423823,1984,2025-10-31,10,0,Zillow ZIP-level market for Visalia; mapped with Census 2020 ZCTA 93291 in Tulare County.,,1984,Zillow ZORI,
93277 Visalia,zcta,93277,Visalia,36.301334,-119.3725855,370901,1661,2025-10-31,10,0,Zillow ZIP-level market for Visalia; mapped with Census 2020 ZCTA 93277 in Tulare County.,,1661,Zillow ZORI,
93292 Visalia,zcta,93292,Visalia,36.366243,-119.2116355,400699,2073,2025-10-31,10,0,Zillow ZIP-level market for Visalia; mapped with Census 2020 ZCTA 93292 in Tulare County.,,2073,Zillow ZORI,
93618 Dinuba,zcta,93618,Dinuba,36.5221175,-119.3866282,351909,,2025-10-31,10,0,Zillow ZIP-level market for Dinuba; mapped with Census 2020 ZCTA 93618 in Tulare County.,,,,
93247 Lindsay,zcta,93247,Lindsay,36.2017347,-119.0834779,301144,,2025-10-31,10,0,Zillow ZIP-level market for Lindsay; mapped with Census 2020 ZCTA 93247 in Tulare County.,,,,
93221 Exeter,zcta,93221,Exeter,36.2963943,-119.0299352,388003,,2025-10-31,10,0,Zillow ZIP-level market for Exeter; mapped with Census 2020 ZCTA 93221 in Tulare County.,,,,
93647 Orosi,zcta,93647,Orosi,36.6007599,-119.1754848,302488,,2025-10-31,10,0,Zillow ZIP-level market for Orosi; mapped with Census 2020 ZCTA 93647 in Tulare County.,,,,
93286 Woodlake,zcta,93286,Woodlake,36.4627099,-119.0932419,328349,,2025-10-31,10,0,Zillow ZIP-level market for Woodlake; mapped with Census 2020 ZCTA 93286 in Tulare County.,,,,
93219 Tulare,zcta,93219,Tulare,35.8882375,-119.2949573,257438,,2025-10-31,10,0,Zillow ZIP-level market for Tulare; mapped with Census 2020 ZCTA 93219 in Tulare County.,,,,
93223 Farmersville,zcta,93223,Farmersville,36.3011122,-119.207875,289828,,2025-10-31,10,0,Zillow ZIP-level market for Farmersville; mapped with Census 2020 ZCTA 93223 in Tulare County.,,,,
93615 Cutler,zcta,93615,Cutler,36.5037388,-119.2838461,275482,,2025-10-31,10,0,Zillow ZIP-level market for Cutler; mapped with Census 2020 ZCTA 93615 in Tulare County.,,,,
93267 Strathmore,zcta,93267,Strathmore,36.1436233,-119.073877,311465,,2025-10-31,10,0,Zillow ZIP-level market for Strathmore; mapped with Census 2020 ZCTA 93267 in Tulare County.,,,,
93256 Pixley,zcta,93256,Pixley,35.9717308,-119.3135106,268634,,2025-10-31,10,0,Zillow ZIP-level market for Pixley; mapped with Census 2020 ZCTA 93256 in Tulare County.,,,,
93272 Tipton,zcta,93272,Tipton,36.0473536,-119.3444282,263420,,2025-10-31,10,0,Zillow ZIP-level market for Tipton; mapped with Census 2020 ZCTA 93272 in Tulare County.,,,,
93270 Terra Bella,zcta,93270,Terra Bella,35.9424478,-119.0583495,375264,,2025-10-31,10,0,Zillow ZIP-level market for Terra Bella; mapped with Census 2020 ZCTA 93270 in Tulare County.,,,,
93235 Ivanhoe,zcta,93235,Ivanhoe,36.385067,-119.2231243,253493,,2025-10-31,10,0,Zillow ZIP-level market for Ivanhoe; mapped with Census 2020 ZCTA 93235 in Tulare County.,,,,
93265 Springville,zcta,93265,Springville,36.217713,-118.6936058,417424,,2025-10-31,10,0,Zillow ZIP-level market for Springville; mapped with Census 2020 ZCTA 93265 in Tulare County.,,,,
93271 Three Rivers,zcta,93271,Three Rivers,36.440041,-118.8802803,541816,,2025-10-31,10,0,Zillow ZIP-level market for Three Rivers; mapped with Census 2020 ZCTA 93271 in Tulare County.,,,,
93201 Alpaugh,zcta,93201,Alpaugh,35.8568588,-119.5075255,201345,,2025-10-31,10,0,Zillow ZIP-level market for Alpaugh; mapped with Census 2020 ZCTA 93201 in Tulare County.,,,,
93261 Richgrove,zcta,93261,Richgrove,35.8114805,-119.1167378,257054,,2025-10-31,10,0,Zillow ZIP-level market for Richgrove; mapped with Census 2020 ZCTA 93261 in Tulare County.,,,,
93218 Earlimart,zcta,93218,Earlimart,35.8571408,-119.0449304,274502,,2025-10-31,10,0,Zillow ZIP-level market for Earlimart; mapped with Census 2020 ZCTA 93218 in Tulare County.,,,,
93244 Lemon Cove,zcta,93244,Lemon Cove,36.38634,-118.9897151,392972,,2025-10-31,10,0,Zillow ZIP-level market for Lemon Cove; mapped with Census 2020 ZCTA 93244 in Tulare County.,,,,
93227 Visalia,zcta,93227,Visalia,36.3444448,-119.418562,295499,,2025-10-31,10,0,Zillow ZIP-level market for Visalia; mapped with Census 2020 ZCTA 93227 in Tulare County.,,,,
93257 Porterville,zcta,93257,Porterville,35.9808583,-118.8893149,326857,1243,2025-11-30,10,0,Zillow ZIP-level market for Porterville; mapped with Census 2020 ZCTA 93257 in Tulare County.,,1243,Zillow ZORI,
93274 Tulare,zcta,93274,Tulare,36.1779345,-119.3799754,352479,1776,2025-11-30,10,0,Zillow ZIP-level market for Tulare; mapped with Census 2020 ZCTA 93274 in Tulare County.,,1776,Zillow ZORI,
93291 Visalia,zcta,93291,Visalia,36.391777,-119.3728419,425323,1973,2025-11-30,10,0,Zillow ZIP-level market for Visalia; mapped with Census 2020 ZCTA 93291 in Tulare County.,,1973,Zillow ZORI,
93277 Visalia,zcta,93277,Visalia,36.301334,-119.3725855,372219,1667,2025-11-30,10,0,Zillow ZIP-level market for Visalia; mapped with Census 2020 ZCTA 93277 in Tulare County.,,1667,Zillow ZORI,
93292 Visalia,zcta,93292,Visalia,36.366243,-119.2116355,402126,2030,2025-11-30,10,0,Zillow ZIP-level market for Visalia; mapped with Census 2020 ZCTA 93292 in Tulare County.,,2030,Zillow ZORI,
93618 Dinuba,zcta,93618,Dinuba,36.5221175,-119.3866282,353242,,2025-11-30,10,0,Zillow ZIP-level market for Dinuba; mapped with Census 2020 ZCTA 93618 in Tulare County.,,,,
93247 Lindsay,zcta,93247,Lindsay,36.2017347,-119.0834779,303369,,2025-11-30,10,0,Zillow ZIP-level market for Lindsay; mapped with Census 2020 ZCTA 93247 in Tulare County.,,,,
93221 Exeter,zcta,93221,Exeter,36.2963943,-119.0299352,389503,,2025-11-30,10,0,Zillow ZIP-level market for Exeter; mapped with Census 2020 ZCTA 93221 in Tulare County.,,,,
93647 Orosi,zcta,93647,Orosi,36.6007599,-119.1754848,303569,,2025-11-30,10,0,Zillow ZIP-level market for Orosi; mapped with Census 2020 ZCTA 93647 in Tulare County.,,,,
93286 Woodlake,zcta,93286,Woodlake,36.4627099,-119.0932419,329834,,2025-11-30,10,0,Zillow ZIP-level market for Woodlake; mapped with Census 2020 ZCTA 93286 in Tulare County.,,,,
93219 Tulare,zcta,93219,Tulare,35.8882375,-119.2949573,258014,,2025-11-30,10,0,Zillow ZIP-level market for Tulare; mapped with Census 2020 ZCTA 93219 in Tulare County.,,,,
93223 Farmersville,zcta,93223,Farmersville,36.3011122,-119.207875,290785,,2025-11-30,10,0,Zillow ZIP-level market for Farmersville; mapped with Census 2020 ZCTA 93223 in Tulare County.,,,,
93615 Cutler,zcta,93615,Cutler,36.5037388,-119.2838461,276383,,2025-11-30,10,0,Zillow ZIP-level market for Cutler; mapped with Census 2020 ZCTA 93615 in Tulare County.,,,,
93267 Strathmore,zcta,93267,Strathmore,36.1436233,-119.073877,313837,,2025-11-30,10,0,Zillow ZIP-level market for Strathmore; mapped with Census 2020 ZCTA 93267 in Tulare County.,,,,
93256 Pixley,zcta,93256,Pixley,35.9717308,-119.3135106,268582,,2025-11-30,10,0,Zillow ZIP-level market for Pixley; mapped with Census 2020 ZCTA 93256 in Tulare County.,,,,
93272 Tipton,zcta,93272,Tipton,36.0473536,-119.3444282,265168,,2025-11-30,10,0,Zillow ZIP-level market for Tipton; mapped with Census 2020 ZCTA 93272 in Tulare County.,,,,
93270 Terra Bella,zcta,93270,Terra Bella,35.9424478,-119.0583495,378169,,2025-11-30,10,0,Zillow ZIP-level market for Terra Bella; mapped with Census 2020 ZCTA 93270 in Tulare County.,,,,
93235 Ivanhoe,zcta,93235,Ivanhoe,36.385067,-119.2231243,257129,,2025-11-30,10,0,Zillow ZIP-level market for Ivanhoe; mapped with Census 2020 ZCTA 93235 in Tulare County.,,,,
93265 Springville,zcta,93265,Springville,36.217713,-118.6936058,419718,,2025-11-30,10,0,Zillow ZIP-level market for Springville; mapped with Census 2020 ZCTA 93265 in Tulare County.,,,,
93271 Three Rivers,zcta,93271,Three Rivers,36.440041,-118.8802803,546086,,2025-11-30,10,0,Zillow ZIP-level market for Three Rivers; mapped with Census 2020 ZCTA 93271 in Tulare County.,,,,
93201 Alpaugh,zcta,93201,Alpaugh,35.8568588,-119.5075255,205452,,2025-11-30,10,0,Zillow ZIP-level market for Alpaugh; mapped with Census 2020 ZCTA 93201 in Tulare County.,,,,
93261 Richgrove,zcta,93261,Richgrove,35.8114805,-119.1167378,257507,,2025-11-30,10,0,Zillow ZIP-level market for Richgrove; mapped with Census 2020 ZCTA 93261 in Tulare County.,,,,
93218 Earlimart,zcta,93218,Earlimart,35.8571408,-119.0449304,275360,,2025-11-30,10,0,Zillow ZIP-level market for Earlimart; mapped with Census 2020 ZCTA 93218 in Tulare County.,,,,
93244 Lemon Cove,zcta,93244,Lemon Cove,36.38634,-118.9897151,397367,,2025-11-30,10,0,Zillow ZIP-level market for Lemon Cove; mapped with Census 2020 ZCTA 93244 in Tulare County.,,,,
93227 Visalia,zcta,93227,Visalia,36.3444448,-119.418562,295047,,2025-11-30,10,0,Zillow ZIP-level market for Visalia; mapped with Census 2020 ZCTA 93227 in Tulare County.,,,,
93257 Porterville,zcta,93257,Porterville,35.9808583,-118.8893149,327652,1246,2025-12-31,10,0,Zillow ZIP-level market for Porterville; mapped with Census 2020 ZCTA 93257 in Tulare County.,,1246,Zillow ZORI,
93274 Tulare,zcta,93274,Tulare,36.1779345,-119.3799754,353392,1749,2025-12-31,10,0,Zillow ZIP-level market for Tulare; mapped with Census 2020 ZCTA 93274 in Tulare County.,,1749,Zillow ZORI,
93291 Visalia,zcta,93291,Visalia,36.391777,-119.3728419,426909,1971,2025-12-31,10,0,Zillow ZIP-level market for Visalia; mapped with Census 2020 ZCTA 93291 in Tulare County.,,1971,Zillow ZORI,
93277 Visalia,zcta,93277,Visalia,36.301334,-119.3725855,373662,1646,2025-12-31,10,0,Zillow ZIP-level market for Visalia; mapped with Census 2020 ZCTA 93277 in Tulare County.,,1646,Zillow ZORI,
93292 Visalia,zcta,93292,Visalia,36.366243,-119.2116355,403562,2032,2025-12-31,10,0,Zillow ZIP-level market for Visalia; mapped with Census 2020 ZCTA 93292 in Tulare County.,,2032,Zillow ZORI,
93618 Dinuba,zcta,93618,Dinuba,36.5221175,-119.3866282,354540,,2025-12-31,10,0,Zillow ZIP-level market for Dinuba; mapped with Census 2020 ZCTA 93618 in Tulare County.,,,,
93247 Lindsay,zcta,93247,Lindsay,36.2017347,-119.0834779,305966,,2025-12-31,10,0,Zillow ZIP-level market for Lindsay; mapped with Census 2020 ZCTA 93247 in Tulare County.,,,,
93221 Exeter,zcta,93221,Exeter,36.2963943,-119.0299352,390884,,2025-12-31,10,0,Zillow ZIP-level market for Exeter; mapped with Census 2020 ZCTA 93221 in Tulare County.,,,,
93647 Orosi,zcta,93647,Orosi,36.6007599,-119.1754848,304814,,2025-12-31,10,0,Zillow ZIP-level market for Orosi; mapped with Census 2020 ZCTA 93647 in Tulare County.,,,,
93286 Woodlake,zcta,93286,Woodlake,36.4627099,-119.0932419,331188,,2025-12-31,10,0,Zillow ZIP-level market for Woodlake; mapped with Census 2020 ZCTA 93286 in Tulare County.,,,,
93219 Tulare,zcta,93219,Tulare,35.8882375,-119.2949573,259305,,2025-12-31,10,0,Zillow ZIP-level market for Tulare; mapped with Census 2020 ZCTA 93219 in Tulare County.,,,,
93223 Farmersville,zcta,93223,Farmersville,36.3011122,-119.207875,291564,,2025-12-31,10,0,Zillow ZIP-level market for Farmersville; mapped with Census 2020 ZCTA 93223 in Tulare County.,,,,
93615 Cutler,zcta,93615,Cutler,36.5037388,-119.2838461,277367,,2025-12-31,10,0,Zillow ZIP-level market for Cutler; mapped with Census 2020 ZCTA 93615 in Tulare County.,,,,
93267 Strathmore,zcta,93267,Strathmore,36.1436233,-119.073877,316086,,2025-12-31,10,0,Zillow ZIP-level market for Strathmore; mapped with Census 2020 ZCTA 93267 in Tulare County.,,,,
93256 Pixley,zcta,93256,Pixley,35.9717308,-119.3135106,268376,,2025-12-31,10,0,Zillow ZIP-level market for Pixley; mapped with Census 2020 ZCTA 93256 in Tulare County.,,,,
93272 Tipton,zcta,93272,Tipton,36.0473536,-119.3444282,266756,,2025-12-31,10,0,Zillow ZIP-level market for Tipton; mapped with Census 2020 ZCTA 93272 in Tulare County.,,,,
93270 Terra Bella,zcta,93270,Terra Bella,35.9424478,-119.0583495,381562,,2025-12-31,10,0,Zillow ZIP-level market for Terra Bella; mapped with Census 2020 ZCTA 93270 in Tulare County.,,,,
93235 Ivanhoe,zcta,93235,Ivanhoe,36.385067,-119.2231243,259533,,2025-12-31,10,0,Zillow ZIP-level market for Ivanhoe; mapped with Census 2020 ZCTA 93235 in Tulare County.,,,,
93265 Springville,zcta,93265,Springville,36.217713,-118.6936058,421679,,2025-12-31,10,0,Zillow ZIP-level market for Springville; mapped with Census 2020 ZCTA 93265 in Tulare County.,,,,
93271 Three Rivers,zcta,93271,Three Rivers,36.440041,-118.8802803,550188,,2025-12-31,10,0,Zillow ZIP-level market for Three Rivers; mapped with Census 2020 ZCTA 93271 in Tulare County.,,,,
93201 Alpaugh,zcta,93201,Alpaugh,35.8568588,-119.5075255,209653,,2025-12-31,10,0,Zillow ZIP-level market for Alpaugh; mapped with Census 2020 ZCTA 93201 in Tulare County.,,,,
93261 Richgrove,zcta,93261,Richgrove,35.8114805,-119.1167378,257613,,2025-12-31,10,0,Zillow ZIP-level market for Richgrove; mapped with Census 2020 ZCTA 93261 in Tulare County.,,,,
93218 Earlimart,zcta,93218,Earlimart,35.8571408,-119.0449304,275533,,2025-12-31,10,0,Zillow ZIP-level market for Earlimart; mapped with Census 2020 ZCTA 93218 in Tulare County.,,,,
93244 Lemon Cove,zcta,93244,Lemon Cove,36.38634,-118.9897151,400615,,2025-12-31,10,0,Zillow ZIP-level market for Lemon Cove; mapped with Census 2020 ZCTA 93244 in Tulare County.,,,,
93227 Visalia,zcta,93227,Visalia,36.3444448,-119.418562,295398,,2025-12-31,10,0,Zillow ZIP-level market for Visalia; mapped with Census 2020 ZCTA 93227 in Tulare County.,,,,
93257 Porterville,zcta,93257,Porterville,35.9808583,-118.8893149,328393,1250,2026-01-31,10,0,Zillow ZIP-level market for Porterville; mapped with Census 2020 ZCTA 93257 in Tulare County.,,1250,Zillow ZORI,
93274 Tulare,zcta,93274,Tulare,36.1779345,-119.3799754,354390,1767,2026-01-31,10,0,Zillow ZIP-level market for Tulare; mapped with Census 2020 ZCTA 93274 in Tulare County.,,1767,Zillow ZORI,
93291 Visalia,zcta,93291,Visalia,36.391777,-119.3728419,428098,1985,2026-01-31,10,0,Zillow ZIP-level market for Visalia; mapped with Census 2020 ZCTA 93291 in Tulare County.,,1985,Zillow ZORI,
93277 Visalia,zcta,93277,Visalia,36.301334,-119.3725855,374643,1636,2026-01-31,10,0,Zillow ZIP-level market for Visalia; mapped with Census 2020 ZCTA 93277 in Tulare County.,,1636,Zillow ZORI,
93292 Visalia,zcta,93292,Visalia,36.366243,-119.2116355,404526,2039,2026-01-31,10,0,Zillow ZIP-level market for Visalia; mapped with Census 2020 ZCTA 93292 in Tulare County.,,2039,Zillow ZORI,
93618 Dinuba,zcta,93618,Dinuba,36.5221175,-119.3866282,355653,,2026-01-31,10,0,Zillow ZIP-level market for Dinuba; mapped with Census 2020 ZCTA 93618 in Tulare County.,,,,
93247 Lindsay,zcta,93247,Lindsay,36.2017347,-119.0834779,308178,,2026-01-31,10,0,Zillow ZIP-level market for Lindsay; mapped with Census 2020 ZCTA 93247 in Tulare County.,,,,
93221 Exeter,zcta,93221,Exeter,36.2963943,-119.0299352,391718,,2026-01-31,10,0,Zillow ZIP-level market for Exeter; mapped with Census 2020 ZCTA 93221 in Tulare County.,,,,
93647 Orosi,zcta,93647,Orosi,36.6007599,-119.1754848,306047,,2026-01-31,10,0,Zillow ZIP-level market for Orosi; mapped with Census 2020 ZCTA 93647 in Tulare County.,,,,
93286 Woodlake,zcta,93286,Woodlake,36.4627099,-119.0932419,332559,,2026-01-31,10,0,Zillow ZIP-level market for Woodlake; mapped with Census 2020 ZCTA 93286 in Tulare County.,,,,
93219 Tulare,zcta,93219,Tulare,35.8882375,-119.2949573,260513,,2026-01-31,10,0,Zillow ZIP-level market for Tulare; mapped with Census 2020 ZCTA 93219 in Tulare County.,,,,
93223 Farmersville,zcta,93223,Farmersville,36.3011122,-119.207875,291672,,2026-01-31,10,0,Zillow ZIP-level market for Farmersville; mapped with Census 2020 ZCTA 93223 in Tulare County.,,,,
93615 Cutler,zcta,93615,Cutler,36.5037388,-119.2838461,278506,,2026-01-31,10,0,Zillow ZIP-level market for Cutler; mapped with Census 2020 ZCTA 93615 in Tulare County.,,,,
93267 Strathmore,zcta,93267,Strathmore,36.1436233,-119.073877,317972,,2026-01-31,10,0,Zillow ZIP-level market for Strathmore; mapped with Census 2020 ZCTA 93267 in Tulare County.,,,,
93256 Pixley,zcta,93256,Pixley,35.9717308,-119.3135106,268177,,2026-01-31,10,0,Zillow ZIP-level market for Pixley; mapped with Census 2020 ZCTA 93256 in Tulare County.,,,,
93272 Tipton,zcta,93272,Tipton,36.0473536,-119.3444282,267190,,2026-01-31,10,0,Zillow ZIP-level market for Tipton; mapped with Census 2020 ZCTA 93272 in Tulare County.,,,,
93270 Terra Bella,zcta,93270,Terra Bella,35.9424478,-119.0583495,384759,,2026-01-31,10,0,Zillow ZIP-level market for Terra Bella; mapped with Census 2020 ZCTA 93270 in Tulare County.,,,,
93235 Ivanhoe,zcta,93235,Ivanhoe,36.385067,-119.2231243,260422,,2026-01-31,10,0,Zillow ZIP-level market for Ivanhoe; mapped with Census 2020 ZCTA 93235 in Tulare County.,,,,
93265 Springville,zcta,93265,Springville,36.217713,-118.6936058,423260,,2026-01-31,10,0,Zillow ZIP-level market for Springville; mapped with Census 2020 ZCTA 93265 in Tulare County.,,,,
93271 Three Rivers,zcta,93271,Three Rivers,36.440041,-118.8802803,552115,,2026-01-31,10,0,Zillow ZIP-level market for Three Rivers; mapped with Census 2020 ZCTA 93271 in Tulare County.,,,,
93201 Alpaugh,zcta,93201,Alpaugh,35.8568588,-119.5075255,212218,,2026-01-31,10,0,Zillow ZIP-level market for Alpaugh; mapped with Census 2020 ZCTA 93201 in Tulare County.,,,,
93261 Richgrove,zcta,93261,Richgrove,35.8114805,-119.1167378,256939,,2026-01-31,10,0,Zillow ZIP-level market for Richgrove; mapped with Census 2020 ZCTA 93261 in Tulare County.,,,,
93218 Earlimart,zcta,93218,Earlimart,35.8571408,-119.0449304,275642,,2026-01-31,10,0,Zillow ZIP-level market for Earlimart; mapped with Census 2020 ZCTA 93218 in Tulare County.,,,,
93244 Lemon Cove,zcta,93244,Lemon Cove,36.38634,-118.9897151,403250,,2026-01-31,10,0,Zillow ZIP-level market for Lemon Cove; mapped with Census 2020 ZCTA 93244 in Tulare County.,,,,
93227 Visalia,zcta,93227,Visalia,36.3444448,-119.418562,295929,,2026-01-31,10,0,Zillow ZIP-level market for Visalia; mapped with Census 2020 ZCTA 93227 in Tulare County.,,,,
93257 Porterville,zcta,93257,Porterville,35.9808583,-118.8893149,329108,1245,2026-02-28,10,0,Zillow ZIP-level market for Porterville; mapped with Census 2020 ZCTA 93257 in Tulare County.,,1245,Zillow ZORI,
93274 Tulare,zcta,93274,Tulare,36.1779345,-119.3799754,355428,1798,2026-02-28,10,0,Zillow ZIP-level market for Tulare; mapped with Census 2020 ZCTA 93274 in Tulare County.,,1798,Zillow ZORI,
93291 Visalia,zcta,93291,Visalia,36.391777,-119.3728419,429088,2006,2026-02-28,10,0,Zillow ZIP-level market for Visalia; mapped with Census 2020 ZCTA 93291 in Tulare County.,,2006,Zillow ZORI,
93277 Visalia,zcta,93277,Visalia,36.301334,-119.3725855,375441,1630,2026-02-28,10,0,Zillow ZIP-level market for Visalia; mapped with Census 2020 ZCTA 93277 in Tulare County.,,1630,Zillow ZORI,
93292 Visalia,zcta,93292,Visalia,36.366243,-119.2116355,405473,2064,2026-02-28,10,0,Zillow ZIP-level market for Visalia; mapped with Census 2020 ZCTA 93292 in Tulare County.,,2064,Zillow ZORI,
93618 Dinuba,zcta,93618,Dinuba,36.5221175,-119.3866282,356843,,2026-02-28,10,0,Zillow ZIP-level market for Dinuba; mapped with Census 2020 ZCTA 93618 in Tulare County.,,,,
93247 Lindsay,zcta,93247,Lindsay,36.2017347,-119.0834779,309982,,2026-02-28,10,0,Zillow ZIP-level market for Lindsay; mapped with Census 2020 ZCTA 93247 in Tulare County.,,,,
93221 Exeter,zcta,93221,Exeter,36.2963943,-119.0299352,392126,,2026-02-28,10,0,Zillow ZIP-level market for Exeter; mapped with Census 2020 ZCTA 93221 in Tulare County.,,,,
93647 Orosi,zcta,93647,Orosi,36.6007599,-119.1754848,307029,,2026-02-28,10,0,Zillow ZIP-level market for Orosi; mapped with Census 2020 ZCTA 93647 in Tulare County.,,,,
93286 Woodlake,zcta,93286,Woodlake,36.4627099,-119.0932419,333524,,2026-02-28,10,0,Zillow ZIP-level market for Woodlake; mapped with Census 2020 ZCTA 93286 in Tulare County.,,,,
93219 Tulare,zcta,93219,Tulare,35.8882375,-119.2949573,262174,,2026-02-28,10,0,Zillow ZIP-level market for Tulare; mapped with Census 2020 ZCTA 93219 in Tulare County.,,,,
93223 Farmersville,zcta,93223,Farmersville,36.3011122,-119.207875,291463,,2026-02-28,10,0,Zillow ZIP-level market for Farmersville; mapped with Census 2020 ZCTA 93223 in Tulare County.,,,,
93615 Cutler,zcta,93615,Cutler,36.5037388,-119.2838461,279677,,2026-02-28,10,0,Zillow ZIP-level market for Cutler; mapped with Census 2020 ZCTA 93615 in Tulare County.,,,,
93267 Strathmore,zcta,93267,Strathmore,36.1436233,-119.073877,319393,,2026-02-28,10,0,Zillow ZIP-level market for Strathmore; mapped with Census 2020 ZCTA 93267 in Tulare County.,,,,
93256 Pixley,zcta,93256,Pixley,35.9717308,-119.3135106,267933,,2026-02-28,10,0,Zillow ZIP-level market for Pixley; mapped with Census 2020 ZCTA 93256 in Tulare County.,,,,
93272 Tipton,zcta,93272,Tipton,36.0473536,-119.3444282,267345,,2026-02-28,10,0,Zillow ZIP-level market for Tipton; mapped with Census 2020 ZCTA 93272 in Tulare County.,,,,
93270 Terra Bella,zcta,93270,Terra Bella,35.9424478,-119.0583495,387091,,2026-02-28,10,0,Zillow ZIP-level market for Terra Bella; mapped with Census 2020 ZCTA 93270 in Tulare County.,,,,
93235 Ivanhoe,zcta,93235,Ivanhoe,36.385067,-119.2231243,261032,,2026-02-28,10,0,Zillow ZIP-level market for Ivanhoe; mapped with Census 2020 ZCTA 93235 in Tulare County.,,,,
93265 Springville,zcta,93265,Springville,36.217713,-118.6936058,424331,,2026-02-28,10,0,Zillow ZIP-level market for Springville; mapped with Census 2020 ZCTA 93265 in Tulare County.,,,,
93271 Three Rivers,zcta,93271,Three Rivers,36.440041,-118.8802803,551206,,2026-02-28,10,0,Zillow ZIP-level market for Three Rivers; mapped with Census 2020 ZCTA 93271 in Tulare County.,,,,
93201 Alpaugh,zcta,93201,Alpaugh,35.8568588,-119.5075255,213192,,2026-02-28,10,0,Zillow ZIP-level market for Alpaugh; mapped with Census 2020 ZCTA 93201 in Tulare County.,,,,
93261 Richgrove,zcta,93261,Richgrove,35.8114805,-119.1167378,256643,,2026-02-28,10,0,Zillow ZIP-level market for Richgrove; mapped with Census 2020 ZCTA 93261 in Tulare County.,,,,
93218 Earlimart,zcta,93218,Earlimart,35.8571408,-119.0449304,274869,,2026-02-28,10,0,Zillow ZIP-level market for Earlimart; mapped with Census 2020 ZCTA 93218 in Tulare County.,,,,
93244 Lemon Cove,zcta,93244,Lemon Cove,36.38634,-118.9897151,404319,,2026-02-28,10,0,Zillow ZIP-level market for Lemon Cove; mapped with Census 2020 ZCTA 93244 in Tulare County.,,,,
93227 Visalia,zcta,93227,Visalia,36.3444448,-119.418562,296350,,2026-02-28,10,0,Zillow ZIP-level market for Visalia; mapped with Census 2020 ZCTA 93227 in Tulare County.,,,,
93257 Porterville,zcta,93257,Porterville,35.9808583,-118.8893149,329589,1244,2026-03-31,10,0,Zillow ZIP-level market for Porterville; mapped with Census 2020 ZCTA 93257 in Tulare County.,,1244,Zillow ZORI,
93274 Tulare,zcta,93274,Tulare,36.1779345,-119.3799754,356407,1816,2026-03-31,10,0,Zillow ZIP-level market for Tulare; mapped with Census 2020 ZCTA 93274 in Tulare County.,,1816,Zillow ZORI,
93291 Visalia,zcta,93291,Visalia,36.391777,-119.3728419,429689,2012,2026-03-31,10,0,Zillow ZIP-level market for Visalia; mapped with Census 2020 ZCTA 93291 in Tulare County.,,2012,Zillow ZORI,
93277 Visalia,zcta,93277,Visalia,36.301334,-119.3725855,375841,1658,2026-03-31,10,0,Zillow ZIP-level market for Visalia; mapped with Census 2020 ZCTA 93277 in Tulare County.,,1658,Zillow ZORI,
93292 Visalia,zcta,93292,Visalia,36.366243,-119.2116355,406168,2065,2026-03-31,10,0,Zillow ZIP-level market for Visalia; mapped with Census 2020 ZCTA 93292 in Tulare County.,,2065,Zillow ZORI,
93618 Dinuba,zcta,93618,Dinuba,36.5221175,-119.3866282,358139,,2026-03-31,10,0,Zillow ZIP-level market for Dinuba; mapped with Census 2020 ZCTA 93618 in Tulare County.,,,,
93247 Lindsay,zcta,93247,Lindsay,36.2017347,-119.0834779,311648,,2026-03-31,10,0,Zillow ZIP-level market for Lindsay; mapped with Census 2020 ZCTA 93247 in Tulare County.,,,,
93221 Exeter,zcta,93221,Exeter,36.2963943,-119.0299352,392543,,2026-03-31,10,0,Zillow ZIP-level market for Exeter; mapped with Census 2020 ZCTA 93221 in Tulare County.,,,,
93647 Orosi,zcta,93647,Orosi,36.6007599,-119.1754848,307695,,2026-03-31,10,0,Zillow ZIP-level market for Orosi; mapped with Census 2020 ZCTA 93647 in Tulare County.,,,,
93286 Woodlake,zcta,93286,Woodlake,36.4627099,-119.0932419,334280,,2026-03-31,10,0,Zillow ZIP-level market for Woodlake; mapped with Census 2020 ZCTA 93286 in Tulare County.,,,,
93219 Tulare,zcta,93219,Tulare,35.8882375,-119.2949573,263873,,2026-03-31,10,0,Zillow ZIP-level market for Tulare; mapped with Census 2020 ZCTA 93219 in Tulare County.,,,,
93223 Farmersville,zcta,93223,Farmersville,36.3011122,-119.207875,291747,,2026-03-31,10,0,Zillow ZIP-level market for Farmersville; mapped with Census 2020 ZCTA 93223 in Tulare County.,,,,
93615 Cutler,zcta,93615,Cutler,36.5037388,-119.2838461,280182,,2026-03-31,10,0,Zillow ZIP-level market for Cutler; mapped with Census 2020 ZCTA 93615 in Tulare County.,,,,
93267 Strathmore,zcta,93267,Strathmore,36.1436233,-119.073877,320599,,2026-03-31,10,0,Zillow ZIP-level market for Strathmore; mapped with Census 2020 ZCTA 93267 in Tulare County.,,,,
93256 Pixley,zcta,93256,Pixley,35.9717308,-119.3135106,268441,,2026-03-31,10,0,Zillow ZIP-level market for Pixley; mapped with Census 2020 ZCTA 93256 in Tulare County.,,,,
93272 Tipton,zcta,93272,Tipton,36.0473536,-119.3444282,267505,,2026-03-31,10,0,Zillow ZIP-level market for Tipton; mapped with Census 2020 ZCTA 93272 in Tulare County.,,,,
93270 Terra Bella,zcta,93270,Terra Bella,35.9424478,-119.0583495,388816,,2026-03-31,10,0,Zillow ZIP-level market for Terra Bella; mapped with Census 2020 ZCTA 93270 in Tulare County.,,,,
93235 Ivanhoe,zcta,93235,Ivanhoe,36.385067,-119.2231243,262721,,2026-03-31,10,0,Zillow ZIP-level market for Ivanhoe; mapped with Census 2020 ZCTA 93235 in Tulare County.,,,,
93265 Springville,zcta,93265,Springville,36.217713,-118.6936058,425981,,2026-03-31,10,0,Zillow ZIP-level market for Springville; mapped with Census 2020 ZCTA 93265 in Tulare County.,,,,
93271 Three Rivers,zcta,93271,Three Rivers,36.440041,-118.8802803,549284,,2026-03-31,10,0,Zillow ZIP-level market for Three Rivers; mapped with Census 2020 ZCTA 93271 in Tulare County.,,,,
93201 Alpaugh,zcta,93201,Alpaugh,35.8568588,-119.5075255,214176,,2026-03-31,10,0,Zillow ZIP-level market for Alpaugh; mapped with Census 2020 ZCTA 93201 in Tulare County.,,,,
93261 Richgrove,zcta,93261,Richgrove,35.8114805,-119.1167378,257716,,2026-03-31,10,0,Zillow ZIP-level market for Richgrove; mapped with Census 2020 ZCTA 93261 in Tulare County.,,,,
93218 Earlimart,zcta,93218,Earlimart,35.8571408,-119.0449304,274218,,2026-03-31,10,0,Zillow ZIP-level market for Earlimart; mapped with Census 2020 ZCTA 93218 in Tulare County.,,,,
93244 Lemon Cove,zcta,93244,Lemon Cove,36.38634,-118.9897151,406448,,2026-03-31,10,0,Zillow ZIP-level market for Lemon Cove; mapped with Census 2020 ZCTA 93244 in Tulare County.,,,,
93227 Visalia,zcta,93227,Visalia,36.3444448,-119.418562,296723,,2026-03-31,10,0,Zillow ZIP-level market for Visalia; mapped with Census 2020 ZCTA 93227 in Tulare County.,,,,
93257 Porterville,zcta,93257,Porterville,35.9808583,-118.8893149,329851,1252,2026-04-30,10,0,Zillow ZIP-level market for Porterville; mapped with Census 2020 ZCTA 93257 in Tulare County.,,1252,Zillow ZORI,
93274 Tulare,zcta,93274,Tulare,36.1779345,-119.3799754,356871,1814,2026-04-30,10,0,Zillow ZIP-level market for Tulare; mapped with Census 2020 ZCTA 93274 in Tulare County.,,1814,Zillow ZORI,
93291 Visalia,zcta,93291,Visalia,36.391777,-119.3728419,429919,2007,2026-04-30,10,0,Zillow ZIP-level market for Visalia; mapped with Census 2020 ZCTA 93291 in Tulare County.,,2007,Zillow ZORI,
93277 Visalia,zcta,93277,Visalia,36.301334,-119.3725855,376064,1681,2026-04-30,10,0,Zillow ZIP-level market for Visalia; mapped with Census 2020 ZCTA 93277 in Tulare County.,,1681,Zillow ZORI,
93292 Visalia,zcta,93292,Visalia,36.366243,-119.2116355,406641,2061,2026-04-30,10,0,Zillow ZIP-level market for Visalia; mapped with Census 2020 ZCTA 93292 in Tulare County.,,2061,Zillow ZORI,
93618 Dinuba,zcta,93618,Dinuba,36.5221175,-119.3866282,358970,,2026-04-30,10,0,Zillow ZIP-level market for Dinuba; mapped with Census 2020 ZCTA 93618 in Tulare County.,,,,
93247 Lindsay,zcta,93247,Lindsay,36.2017347,-119.0834779,312394,,2026-04-30,10,0,Zillow ZIP-level market for Lindsay; mapped with Census 2020 ZCTA 93247 in Tulare County.,,,,
93221 Exeter,zcta,93221,Exeter,36.2963943,-119.0299352,392927,1760,2026-04-30,10,0,Zillow ZIP-level market for Exeter; mapped with Census 2020 ZCTA 93221 in Tulare County.,,1760,Zillow ZORI,
93647 Orosi,zcta,93647,Orosi,36.6007599,-119.1754848,307884,,2026-04-30,10,0,Zillow ZIP-level market for Orosi; mapped with Census 2020 ZCTA 93647 in Tulare County.,,,,
93286 Woodlake,zcta,93286,Woodlake,36.4627099,-119.0932419,334396,,2026-04-30,10,0,Zillow ZIP-level market for Woodlake; mapped with Census 2020 ZCTA 93286 in Tulare County.,,,,
93219 Tulare,zcta,93219,Tulare,35.8882375,-119.2949573,265039,,2026-04-30,10,0,Zillow ZIP-level market for Tulare; mapped with Census 2020 ZCTA 93219 in Tulare County.,,,,
93223 Farmersville,zcta,93223,Farmersville,36.3011122,-119.207875,292282,,2026-04-30,10,0,Zillow ZIP-level market for Farmersville; mapped with Census 2020 ZCTA 93223 in Tulare County.,,,,
93615 Cutler,zcta,93615,Cutler,36.5037388,-119.2838461,279822,,2026-04-30,10,0,Zillow ZIP-level market for Cutler; mapped with Census 2020 ZCTA 93615 in Tulare County.,,,,
93267 Strathmore,zcta,93267,Strathmore,36.1436233,-119.073877,320955,,2026-04-30,10,0,Zillow ZIP-level market for Strathmore; mapped with Census 2020 ZCTA 93267 in Tulare County.,,,,
93256 Pixley,zcta,93256,Pixley,35.9717308,-119.3135106,269037,,2026-04-30,10,0,Zillow ZIP-level market for Pixley; mapped with Census 2020 ZCTA 93256 in Tulare County.,,,,
93272 Tipton,zcta,93272,Tipton,36.0473536,-119.3444282,267359,,2026-04-30,10,0,Zillow ZIP-level market for Tipton; mapped with Census 2020 ZCTA 93272 in Tulare County.,,,,
93270 Terra Bella,zcta,93270,Terra Bella,35.9424478,-119.0583495,389909,,2026-04-30,10,0,Zillow ZIP-level market for Terra Bella; mapped with Census 2020 ZCTA 93270 in Tulare County.,,,,
93235 Ivanhoe,zcta,93235,Ivanhoe,36.385067,-119.2231243,264624,,2026-04-30,10,0,Zillow ZIP-level market for Ivanhoe; mapped with Census 2020 ZCTA 93235 in Tulare County.,,,,
93265 Springville,zcta,93265,Springville,36.217713,-118.6936058,427306,,2026-04-30,10,0,Zillow ZIP-level market for Springville; mapped with Census 2020 ZCTA 93265 in Tulare County.,,,,
93271 Three Rivers,zcta,93271,Three Rivers,36.440041,-118.8802803,548712,,2026-04-30,10,0,Zillow ZIP-level market for Three Rivers; mapped with Census 2020 ZCTA 93271 in Tulare County.,,,,
93201 Alpaugh,zcta,93201,Alpaugh,35.8568588,-119.5075255,214715,,2026-04-30,10,0,Zillow ZIP-level market for Alpaugh; mapped with Census 2020 ZCTA 93201 in Tulare County.,,,,
93261 Richgrove,zcta,93261,Richgrove,35.8114805,-119.1167378,258356,,2026-04-30,10,0,Zillow ZIP-level market for Richgrove; mapped with Census 2020 ZCTA 93261 in Tulare County.,,,,
93218 Earlimart,zcta,93218,Earlimart,35.8571408,-119.0449304,273543,,2026-04-30,10,0,Zillow ZIP-level market for Earlimart; mapped with Census 2020 ZCTA 93218 in Tulare County.,,,,
93244 Lemon Cove,zcta,93244,Lemon Cove,36.38634,-118.9897151,408169,,2026-04-30,10,0,Zillow ZIP-level market for Lemon Cove; mapped with Census 2020 ZCTA 93244 in Tulare County.,,,,
93227 Visalia,zcta,93227,Visalia,36.3444448,-119.418562,296744,,2026-04-30,10,0,Zillow ZIP-level market for Visalia; mapped with Census 2020 ZCTA 93227 in Tulare County.,,,,
