{"type": "FeatureCollection", "features": [{"type": "Feature", "geometry": {"type": "Polygon", "coordinates": [[[-122.20259800022357, 37.363217000299244], [-122.20265299957684, 37.36304600000094], [-122.20259099965257, 37.36272000017309], [-122.20254899981978, 37.36250200025145], [-122.2025220000556, 37.36185399998125], [-122.20242499997123, 37.36155199968468], [-122.2024319996439, 37.36094700012036], [-122.20248699989548, 37.36077199977361], [-122.20247100000196, 37.360377999739214], [-122.20246699980402, 37.360272000308306], [-122.20237700029064, 37.35996899973531], [-122.20226000011479, 37.359738999890446], [-122.20223900019836, 37.35968900004822], [-122.20201200041767, 37.359260999721506], [-122.20183300031752, 37.358820999877445], [-122.20148900036092, 37.35804599981027], [-122.20133700002496, 37.357837999954015], [-122.20107599990905, 37.35760700035121], [-122.20100700031209, 37.35748100033312], [-122.20044900009523, 37.356733000245505], [-122.20001499972697, 37.355898000201115], [-122.19984300019784, 37.35561800032138], [-122.19971199977829, 37.35545900031745], [-122.19962300008983, 37.35539299983966], [-122.19928599980591, 37.35526100013809], [-122.19905200035252, 37.355019000320326], [-122.19877600016798, 37.35479400018527], [-122.19861299996137, 37.35461399987723], [-122.19841799996769, 37.354398000080316], [-122.1982050004307, 37.35427199967371], [-122.19808099968382, 37.354123000246105], [-122.19801899975954, 37.35395899999266], [-122.19799799984314, 37.35379900034059], [-122.19793000007108, 37.35371099988671], [-122.19770900013812, 37.35325499997226], [-122.19746100044102, 37.35290899971096], [-122.19736900037951, 37.35267000003773], [-122.19724100033301, 37.35233800035536], [-122.19713099982981, 37.35220600028018], [-122.19697299964609, 37.352107000249966], [-122.19669599963662, 37.35187999978166], [-122.19651800025974, 37.35173500024629], [-122.19618099997582, 37.35145900020416], [-122.19606399979995, 37.35131000019169], [-122.19587100035443, 37.350848999828244], [-122.19580299968406, 37.35057999975818], [-122.19580900043013, 37.35020599982453], [-122.19583000034656, 37.350101999817426], [-122.19592599970773, 37.34989300032866], [-122.1959809999593, 37.3495959999792], [-122.19587100035443, 37.349343000209444], [-122.19589899994351, 37.34829899972903], [-122.19586399978343, 37.348162000082425], [-122.19585299991277, 37.34813600010041], [-122.19577500009497, 37.34795300019203], [-122.19564399967538, 37.34777200012098], [-122.19547200014627, 37.34759100032773], [-122.19527200012973, 37.34725499972828], [-122.19521000020544, 37.34702500020241], [-122.19494900008952, 37.346727999933776], [-122.19487299992157, 37.346595999992736], [-122.19480400032457, 37.34651499970304], [-122.1947289999815, 37.34642600019204], [-122.19454300020865, 37.34623400001317], [-122.19448100028438, 37.346123999949796], [-122.19435700043584, 37.34598600009691], [-122.19427399969683, 37.34586500033288], [-122.19416400009196, 37.34566799965651], [-122.1938550002955, 37.34538699965347], [-122.19363400036255, 37.34511300019582], [-122.1935409995778, 37.34503000009241], [-122.19350399976791, 37.34499700027537], [-122.19302300044228, 37.34463300007565], [-122.19244400030905, 37.344194999850735], [-122.19201699961349, 37.343914999884724], [-122.19188600009221, 37.3437829999977], [-122.19145900029497, 37.34349200023875], [-122.19140400004336, 37.34347500007315], [-122.19119800017906, 37.34321199979388], [-122.19096600037547, 37.34286800008311], [-122.19091600014676, 37.342793999727576], [-122.19083999997875, 37.34264600022618], [-122.19041999985419, 37.34216799976692], [-122.19029000015786, 37.34197000024237], [-122.190104000385, 37.341821999831225], [-122.18976700010111, 37.34149699982058], [-122.18962900000886, 37.34139799995319], [-122.18933299973284, 37.34115099965012], [-122.18833500019831, 37.340388000016766], [-122.18783300005795, 37.34004099984886], [-122.18770900020938, 37.33998100014506], [-122.18728200041214, 37.339645999667894], [-122.18706899997682, 37.33943100026939], [-122.1867529996093, 37.33920599984109], [-122.1865250000037, 37.339112999924254], [-122.18595400026639, 37.33870100004428], [-122.1858580000069, 37.33845300024726], [-122.18577500016622, 37.33761799972589], [-122.18561000030978, 37.33721199976721], [-122.18555699970801, 37.33711100011219], [-122.18549999980662, 37.337003000111544], [-122.18546600036974, 37.33689799974382], [-122.18523200001799, 37.33650300017474], [-122.18523200001799, 37.33645900018093], [-122.18471599963398, 37.33565100032262], [-122.18437199967738, 37.33529400018998], [-122.18422699991243, 37.33495900023496], [-122.18407799994952, 37.33484199967271], [-122.18388299995584, 37.33468999966511], [-122.18381400035886, 37.33454699971078], [-122.18380000011518, 37.33453100033828], [-122.18362900041096, 37.33432700018354], [-122.18358699967982, 37.334228000150354], [-122.18344299973978, 37.33397500002833], [-122.1834150001507, 37.33386499986478], [-122.1833669995718, 37.33379899968933], [-122.18329799997485, 37.33363500004124], [-122.18315700040785, 37.333437000163194], [-122.1830639996231, 37.33330499971651], [-122.18304400042994, 37.33323299989455], [-122.18292899990388, 37.33308200018271], [-122.1828440004134, 37.33297000017677], [-122.18272300003957, 37.332857000020624], [-122.1824929998858, 37.33263999978784], [-122.18227299977778, 37.33249200027672], [-122.1821630001729, 37.33243900017818], [-122.18187399956959, 37.332299000196315], [-122.181605999781, 37.33211800025141], [-122.1813379999924, 37.331760999756554], [-122.18108299972427, 37.33137100033222], [-122.18075999968408, 37.330948000035924], [-122.18064300040653, 37.330831999665186], [-122.1804500000627, 37.33071099977116], [-122.18000999984665, 37.33039000031811], [-122.17972799981433, 37.330184000309295], [-122.17920499975759, 37.32978300029161], [-122.17837799992726, 37.32897400002037], [-122.17589999991097, 37.32654899993525], [-122.17507499973041, 37.32574099992271], [-122.17529300018865, 37.32570099965398], [-122.17565399986364, 37.32563500016401], [-122.17594900031476, 37.32558599983416], [-122.17616900042279, 37.32555099988513], [-122.17684599956699, 37.32543799999963], [-122.17854600015674, 37.32515800011376], [-122.17861599957862, 37.32525599987105], [-122.17874199997534, 37.32543399967182], [-122.17913899963537, 37.325996000064045], [-122.17916700012276, 37.32603500010182], [-122.17925099978835, 37.326155000310834], [-122.17928000010066, 37.32619500033793], [-122.17930199984198, 37.32619699976726], [-122.1793679999642, 37.326204000269634], [-122.17939100042875, 37.32620699977041], [-122.17954600023945, 37.326414000037346], [-122.17963099972995, 37.326527999951225], [-122.18022900012974, 37.326308999869674], [-122.18047299962892, 37.32621999998685], [-122.18056399986553, 37.32619300019421], [-122.18083900022512, 37.326112000043686], [-122.18093100028663, 37.3260860002855], [-122.18111500040965, 37.3260309998058], [-122.18114700019667, 37.326021999853374], [-122.18123699971005, 37.32596900019092], [-122.18148199993243, 37.326128999853225], [-122.18160800032915, 37.32619999998266], [-122.1817749998354, 37.32629599966864], [-122.18187000026997, 37.32634999988459], [-122.18190299988191, 37.32635699965842], [-122.18232499965632, 37.326449000298744], [-122.18246600012164, 37.32648000027172], [-122.18230000044028, 37.32653300028809], [-122.18227600015084, 37.32654100011212], [-122.18178400005624, 37.326471999726905], [-122.18161199962879, 37.326449000298744], [-122.18220800037878, 37.32680999985971], [-122.18303799968383, 37.327314000251775], [-122.1836820001144, 37.32639500015394], [-122.18408299997239, 37.32582399991246], [-122.18418699972948, 37.3256739996748], [-122.18450300009694, 37.32522400002264], [-122.18460900040219, 37.325075000102714], [-122.18478000010639, 37.32480800003931], [-122.18502100013082, 37.32443400033786], [-122.18529200029248, 37.32400699987174], [-122.18543299985946, 37.32378600009293], [-122.18545799997382, 37.32373699998611], [-122.18577599999114, 37.32314100031268], [-122.18611900012283, 37.32248899986344], [-122.18651599978283, 37.32203100012294], [-122.18734000013846, 37.32153499965785], [-122.18873600005628, 37.32092200011103], [-122.18876000034572, 37.320915999973096], [-122.18971900042055, 37.32043699967586], [-122.18985999998755, 37.32035000028162], [-122.19052899963414, 37.31993300030872], [-122.19135299998976, 37.31948299985476], [-122.19216200027674, 37.319093999734385], [-122.19251299990603, 37.31879500012456], [-122.19278700044073, 37.31865099974953], [-122.1929880002822, 37.31837599974515], [-122.19306199990201, 37.31827700012601], [-122.19266500024199, 37.318010000199884], [-122.19164300041798, 37.317911000098604], [-122.1913210002027, 37.31789600022342], [-122.19067199974928, 37.31786699993236], [-122.19056100031949, 37.31786100026491], [-122.19048299960338, 37.31785799971657], [-122.19023699955609, 37.31778899993159], [-122.1901310001492, 37.317760000313626], [-122.19009699981399, 37.31773600017795], [-122.18999600042997, 37.31766499991021], [-122.18996299991969, 37.317641999929876], [-122.18988099990393, 37.317585000041404], [-122.18985999998755, 37.31757000010115], [-122.18965499994813, 37.31739399991202], [-122.18957999960504, 37.31732999993589], [-122.18950199978728, 37.31725499995037], [-122.18940300005303, 37.317162000007215], [-122.18926800033384, 37.31703300012609], [-122.18918999961772, 37.3169600002337], [-122.18857200002476, 37.3165440002278], [-122.18764499973699, 37.31591999983155], [-122.1872940001077, 37.315775000167875], [-122.18691300034119, 37.31568300003421], [-122.1865969999737, 37.31554799990605], [-122.18637900041382, 37.315271999762665], [-122.18633300038304, 37.31496599983245], [-122.18629599967481, 37.31489300007596], [-122.18621799985699, 37.31473700025117], [-122.18616500015357, 37.31463099997481], [-122.18605800002345, 37.31434099968154], [-122.1860909996354, 37.314254999891965], [-122.18615500010783, 37.31409399972224], [-122.18619100009283, 37.31404100022107], [-122.18626200023795, 37.313940000138054], [-122.18630599972057, 37.31388600029271], [-122.18634799955336, 37.31383700016128], [-122.18639399958411, 37.31367700004923], [-122.18634000005574, 37.31355800016032], [-122.18628700035228, 37.31344000032462], [-122.1860129998176, 37.3131960002828], [-122.18588999979396, 37.31299800012945], [-122.18588800014412, 37.312973999902205], [-122.18587600044857, 37.312837000125455], [-122.18587499972533, 37.31282199995221], [-122.18587600044857, 37.312540999963986], [-122.18579899955735, 37.31220400021508], [-122.18573699963308, 37.31206000007376], [-122.18557000012682, 37.311669999853876], [-122.18514300032955, 37.31109200014131], [-122.1845630003714, 37.3105270003451], [-122.18384600014592, 37.310038999851564], [-122.18319000001982, 37.30979500020322], [-122.18231999963344, 37.30952800015801], [-122.1817549997439, 37.3095659998744], [-122.18115999971717, 37.30979500020322], [-122.18073299991991, 37.310138000317615], [-122.18033600025987, 37.31065700023801], [-122.17971100009588, 37.311313000093826], [-122.17896299990828, 37.31175500019328], [-122.17838299995013, 37.31200699985306], [-122.17761999969386, 37.312380999951436], [-122.17702999969, 37.312500999814155], [-122.17668300025869, 37.312571999958294], [-122.17581700007028, 37.31274900025712], [-122.17570200044257, 37.312763999730464], [-122.17540500034163, 37.312801999954715], [-122.1744680000081, 37.31276999980475], [-122.17435199965715, 37.31275200029492], [-122.17427499966428, 37.31274199993029], [-122.17377300042224, 37.312639999993216], [-122.173010000166, 37.31243500016343], [-122.17207899968027, 37.312246999866424], [-122.17146899958492, 37.31217900019049], [-122.17117800023007, 37.31211800012416], [-122.17081199963387, 37.31198199976295], [-122.17059800027195, 37.31173699972596], [-122.17059700044703, 37.31149299987252], [-122.17047500024832, 37.311234000166], [-122.17009399958347, 37.3108990001105], [-122.16955899983117, 37.310524999784384], [-122.16919200030839, 37.31028999997835], [-122.16888599998664, 37.30998500006203], [-122.16877800003158, 37.309580999982806], [-122.16876700016093, 37.309548000311985], [-122.16882400006236, 37.30905299993869], [-122.16861099962702, 37.30851900006059], [-122.16828799958684, 37.30791700000426], [-122.16822999986051, 37.30780700027781], [-122.16786400016262, 37.30743399989711], [-122.16754299977224, 37.30710499987026], [-122.1672850000294, 37.30672300017435], [-122.16702700028651, 37.306204000250176], [-122.16658399969742, 37.305616999707226], [-122.1661719999688, 37.30542500026119], [-122.16559200001065, 37.30550799982138], [-122.16496699984665, 37.30553000030925], [-122.16469200038537, 37.30548400006127], [-122.16431099972056, 37.30521699971268], [-122.16425700019218, 37.305170999987716], [-122.16388300009837, 37.30485099969342], [-122.16350200033186, 37.30467299973524], [-122.16287200014503, 37.3045399998487], [-122.1626679999305, 37.30444099987182], [-122.16260000015842, 37.30443499984739], [-122.16239699976886, 37.3044180001328], [-122.1623299998217, 37.30441299975366], [-122.16226899972231, 37.30440800008875], [-122.16218699970658, 37.30433599973222], [-122.16207000042901, 37.30423300017424], [-122.16217699966082, 37.30404999977901], [-122.16223699993529, 37.30392399993914], [-122.16231200027835, 37.303772000271074], [-122.16237500002754, 37.30364199990689], [-122.16250899992184, 37.30343800021255], [-122.16260500018132, 37.303293999716814], [-122.1626660002807, 37.30304299981621], [-122.1626660002807, 37.3027370001308], [-122.16280299964973, 37.302364000324914], [-122.1628239995661, 37.302338999886715], [-122.16307499963628, 37.30204200016173], [-122.16316900024594, 37.301966999930215], [-122.16335900021674, 37.30180799996371], [-122.16353499994383, 37.30166199983779], [-122.16362700000533, 37.301479000331916], [-122.16362700000533, 37.30125699965421], [-122.16335199964571, 37.30108200026746], [-122.16323399964494, 37.301050999823204], [-122.16287899981768, 37.30095999994369], [-122.16280900039581, 37.30094100005704], [-122.16267200012845, 37.30090399996309], [-122.1627230001821, 37.30085299984243], [-122.16277500006062, 37.300803000096835], [-122.16272700038006, 37.30073099986171], [-122.16295499998569, 37.300510000247975], [-122.16326799998014, 37.30020799978717], [-122.16335199964571, 37.300127999920996], [-122.1637790003413, 37.29948699964467], [-122.16390200036494, 37.29922000015644], [-122.16403899973398, 37.29883900014474], [-122.16429800020005, 37.29859499988309], [-122.16478799974654, 37.29829300030814], [-122.16483200012746, 37.298267000217095], [-122.1651379995509, 37.29799199996779], [-122.16527499981825, 37.29764199988544], [-122.16529599973462, 37.297373999823975], [-122.16530499995547, 37.29726700033798], [-122.1652639999476, 37.29657000034184], [-122.16525999974962, 37.29648899971222], [-122.16534400031352, 37.29633300029179], [-122.16536299968179, 37.29629500031981], [-122.16539600019208, 37.29621900031833], [-122.16542700015421, 37.296161000152686], [-122.16565599958476, 37.295942000208306], [-122.16574799964626, 37.29585600009822], [-122.16582200016443, 37.295781000129644], [-122.16683800014063, 37.2952369997871], [-122.16632199975662, 37.29504800031183], [-122.1657369997756, 37.294872000282695], [-122.16571699968412, 37.294870000020126], [-122.1656599997827, 37.29486499972082], [-122.16564100041444, 37.29486399994678], [-122.16466300007305, 37.2944790001932], [-122.16435900029943, 37.294394000334734], [-122.1642220000321, 37.29424100020455], [-122.16413199962041, 37.29416200020703], [-122.1640399995589, 37.29408099984302], [-122.16370399999825, 37.29401300017586], [-122.16353900014178, 37.293954999738624], [-122.16300799968914, 37.29373199993273], [-122.16302500030588, 37.29392399993013], [-122.16297699972701, 37.29392300014358], [-122.16285399970334, 37.29391300013334], [-122.16216099976728, 37.29387099978999], [-122.16204199994162, 37.29386399984962], [-122.16188499958277, 37.29361699980014], [-122.16175499988644, 37.29351300006325], [-122.16171800007652, 37.29347299979634], [-122.16168200009152, 37.293444000089806], [-122.16148899974766, 37.29329400027089], [-122.16146000033366, 37.29327700018205], [-122.16141699977763, 37.293238000299986], [-122.16128600025638, 37.293099999785305], [-122.16119300036995, 37.29300099975724], [-122.16060800038896, 37.29311900022333], [-122.16050999958135, 37.29329299976131], [-122.16030799991499, 37.29337899994294], [-122.16027000028015, 37.29339299991339], [-122.160127000165, 37.29334600030871], [-122.15857300006344, 37.292821000022194], [-122.15826400026695, 37.292693000345615], [-122.15812500034978, 37.292639000249274], [-122.15623399996433, 37.29181200016446], [-122.15621399987283, 37.29164500020728], [-122.1560840001765, 37.29156099982338], [-122.15589000000773, 37.29140500018882], [-122.15438100011201, 37.29042299970782], [-122.1541199999961, 37.290230000230544], [-122.1538100003747, 37.29002999996109], [-122.15374000005448, 37.28997900032903], [-122.15355000008371, 37.28983999971297], [-122.15354099986287, 37.28983300011218], [-122.15339000025013, 37.289710000282334], [-122.15327999974696, 37.28959999965411], [-122.15309999982189, 37.28938000005919], [-122.15293999998832, 37.28913999996236], [-122.1527900002005, 37.28884999998538], [-122.15269999978881, 37.28864000033938], [-122.15257000009248, 37.288220000003726], [-122.15255599984877, 37.28810099985168], [-122.15250999981801, 37.287690000335346], [-122.15242600015242, 37.28706900026121], [-122.15240400041112, 37.28690500013654], [-122.15234999998444, 37.286499999831484], [-122.15227800001443, 37.28605500028296], [-122.15225999957275, 37.28593999985125], [-122.15225000042533, 37.28589999984638], [-122.15221000024238, 37.285599999846546], [-122.15216000001367, 37.28557700006406], [-122.15209700026445, 37.285551999764195], [-122.15157099983468, 37.28534599980753], [-122.15158400025346, 37.28525600012829], [-122.15157500003265, 37.28508899991409], [-122.1515509997432, 37.28481699981618], [-122.15153900004765, 37.28467200021355], [-122.15153300019985, 37.28459400008503], [-122.15146600025271, 37.284368999866054], [-122.15132899998534, 37.28397100035352], [-122.1512050001368, 37.2836899997712], [-122.15111899992306, 37.28352299965553], [-122.15102699986156, 37.28337900034532], [-122.15090300001299, 37.283212000254224], [-122.15045600012425, 37.28267500006892], [-122.15037999995627, 37.282599999825955], [-122.1498400001811, 37.28232999990479], [-122.14964000016455, 37.28220999978777], [-122.149480000331, 37.28210000034629], [-122.1492209998649, 37.28187900031961], [-122.14902000002346, 37.28166999975232], [-122.14891000041861, 37.2815000003026], [-122.1488700002356, 37.28144999984482], [-122.1487499996867, 37.28121000018696], [-122.14869000031057, 37.28099999994787], [-122.14866000017335, 37.28082000009348], [-122.14866000017335, 37.280610000195715], [-122.14866199982315, 37.28054399971888], [-122.1486700002191, 37.28036000033635], [-122.14875999973246, 37.28009999994483], [-122.1487780001741, 37.28006099966564], [-122.14885000014414, 37.27989999991218], [-122.14895999974898, 37.27973000003839], [-122.14926000022295, 37.27937000025757], [-122.14939999996504, 37.27916999971474], [-122.14945000019375, 37.27905000027761], [-122.14949000037673, 37.27883999973008], [-122.14932999964485, 37.2782200002433], [-122.14930999955338, 37.278159999791406], [-122.14928000031445, 37.277970000308265], [-122.14929100018512, 37.27777900034446], [-122.14930000040596, 37.27763000003618], [-122.14932999964485, 37.27752999966386], [-122.14937999987356, 37.27747000009152], [-122.14992399984668, 37.27706899980368], [-122.15017999993972, 37.276879999724095], [-122.15036999991054, 37.276689999869305], [-122.15051999969836, 37.27646000023102], [-122.15056999992707, 37.27619999994911], [-122.15056999992707, 37.276099999821525], [-122.15055999988134, 37.27595999999155], [-122.15053899996494, 37.27588300015278], [-122.14980099982304, 37.27588800028397], [-122.14917300018432, 37.275845999886656], [-122.14863800043204, 37.275638999781435], [-122.14836200024752, 37.27545099971759], [-122.14811899967495, 37.27521100023134], [-122.14771899964187, 37.27469899977075], [-122.14766500011352, 37.27462999970071], [-122.14763999999914, 37.27459999983699], [-122.14755999963322, 37.27451999990372], [-122.14742999993688, 37.27435000003133], [-122.1473400004235, 37.2741969998894], [-122.14715999960013, 37.27389000004964], [-122.14679999975002, 37.27331000010686], [-122.14654000035733, 37.27288000005028], [-122.14649099995354, 37.27280500005489], [-122.14643099967905, 37.27271400032227], [-122.14633000029505, 37.27255999964442], [-122.14611900040785, 37.27229599989407], [-122.14609000009554, 37.272260000083854], [-122.14536000034958, 37.271430000241565], [-122.1450819996169, 37.271125000020184], [-122.14495000027074, 37.270979999774625], [-122.14485700038432, 37.270886999795536], [-122.14472099994188, 37.27075099994204], [-122.14468999997975, 37.2707199998675], [-122.14459000042064, 37.27062000032402], [-122.14456600013119, 37.27059700025297], [-122.14415000020458, 37.270209999806376], [-122.14396000023378, 37.27008999966843], [-122.14382999963914, 37.27002999988515], [-122.14380500042309, 37.270020999663316], [-122.1436599997598, 37.269970000054066], [-122.14321000039635, 37.26983000026223], [-122.14280000031751, 37.269730000251585], [-122.1423199999185, 37.269599999681766], [-122.14197099993902, 37.26949199990649], [-122.14173999996035, 37.26941999973197], [-122.1410260001079, 37.269256999866876], [-122.14082000024358, 37.269210000199855], [-122.14052999981537, 37.26910000034737], [-122.14011999973653, 37.268940000145115], [-122.13997699962141, 37.2688589997969], [-122.13983900042744, 37.2687800003177], [-122.13974999984067, 37.26872999998916], [-122.13967000037304, 37.268680000342265], [-122.13961900031943, 37.26864099986549], [-122.1395609996948, 37.2685970001832], [-122.13943099999844, 37.26849800008909], [-122.13935999985334, 37.26844399978794], [-122.13929000043146, 37.26839000016297], [-122.13918999997404, 37.26830000022533], [-122.13915999983679, 37.26826999998394], [-122.1390970000876, 37.26820900005193], [-122.13907000032344, 37.268183000288566], [-122.13898999995749, 37.26810500022977], [-122.13896400001822, 37.268079999845504], [-122.13886899958366, 37.26798699985887], [-122.13885699988809, 37.26797499971382], [-122.13878999994095, 37.267909999729156], [-122.13857400003089, 37.26763000008859], [-122.13848299979428, 37.267512999825676], [-122.13845000018232, 37.267470000337134], [-122.13837599966416, 37.26736299979089], [-122.13825000016578, 37.267179999787075], [-122.13808000028645, 37.26698999975787], [-122.13802199966185, 37.26694499968077], [-122.13787699989689, 37.26683399994742], [-122.13768100007829, 37.26668399998989], [-122.13748000023685, 37.26652999984654], [-122.13721999994584, 37.26636999990254], [-122.13705799956414, 37.26629600001003], [-122.13699999983783, 37.266270000301056], [-122.13683099978341, 37.26620299996475], [-122.13664900020854, 37.26613100021981], [-122.1365200003371, 37.2660800001205], [-122.13621999986313, 37.265969999984975], [-122.1361119999081, 37.26590199993783], [-122.13594700005166, 37.26579799978897], [-122.13584999996729, 37.26573999976734], [-122.1357100002252, 37.26561000017282], [-122.13567300041528, 37.265563999822604], [-122.13555000039163, 37.26541000024844], [-122.13530000014639, 37.264919999833126], [-122.13516100022922, 37.2646100002437], [-122.1350130000912, 37.264280000062534], [-122.1350209995888, 37.26419199986533], [-122.13501399991613, 37.264181000012194], [-122.13486300030337, 37.26392100022074], [-122.13481300007466, 37.26383499997665], [-122.13460300001236, 37.26336699998631], [-122.13445999989725, 37.2631000003021], [-122.13431000010941, 37.26290999998784], [-122.13422999974347, 37.26282999978736], [-122.13412000013861, 37.262740000353936], [-122.13398000039655, 37.26265999997288], [-122.13379000042572, 37.26257000033632], [-122.1334580001647, 37.26242099995487], [-122.13329999998095, 37.262349999659804], [-122.13302999964422, 37.26220999999959], [-122.13300200005513, 37.26219100033717], [-122.13288700042739, 37.26211500020965], [-122.13277000025154, 37.261999999663836], [-122.13264999970264, 37.261870000047736], [-122.13260799986985, 37.261814000286954], [-122.13256000018926, 37.26175000020294], [-122.13253099987695, 37.26170199992551], [-122.13244999968609, 37.2615700000773], [-122.13229999989827, 37.261390000236375], [-122.13202999956151, 37.26117999975908], [-122.13180100013096, 37.261025000290914], [-122.13165999966567, 37.26092999972122], [-122.13127999972409, 37.26070999997376], [-122.13087999969098, 37.260469999971384], [-122.13030999977858, 37.26020000003772], [-122.13007999962484, 37.26011000032139], [-122.12986000041512, 37.259989999817314], [-122.12966000039854, 37.25989999985005], [-122.12945000033629, 37.2597799997264], [-122.12920000009105, 37.259630000018], [-122.12914300018961, 37.25959999989745], [-122.12894999984579, 37.259499999886074], [-122.12871999969201, 37.25935999993302], [-122.12852999972121, 37.25926999992796], [-122.12838999997912, 37.2592199997198], [-122.1282600002828, 37.259190000150944], [-122.12823299962028, 37.259187000121884], [-122.12790299990739, 37.259227000022605], [-122.12714999969691, 37.259320000102925], [-122.1270300000463, 37.25935000033499], [-122.1269170000684, 37.25936599997718], [-122.12681999998402, 37.25937999984012], [-122.1266500001047, 37.25939000014915], [-122.12658700035551, 37.25938400010685], [-122.12642999999669, 37.2593700002447], [-122.1262199999344, 37.2593400000206], [-122.12596999968915, 37.259320000102925], [-122.12581999990132, 37.259320000102925], [-122.12566000006775, 37.25932999970493], [-122.12552500034853, 37.25936299995519], [-122.12530000021762, 37.25942000035328], [-122.12450000015146, 37.25967999995399], [-122.12426999999768, 37.259710000042666], [-122.12409000007267, 37.25972000030788], [-122.12393000023908, 37.25972000030788], [-122.12387800036055, 37.25970700003432], [-122.12361999971937, 37.25964000029383], [-122.12324999982353, 37.259429999942064], [-122.12300999962402, 37.25926000031793], [-122.12272000009409, 37.25903999998253], [-122.12259799989535, 37.25894299998149], [-122.1225789996288, 37.25892799978588], [-122.12255500023764, 37.25889099976734], [-122.12252699975024, 37.2588750000242], [-122.12242700019112, 37.258816000137735], [-122.12220399971005, 37.2586709997841], [-122.12203800002871, 37.258617000300944], [-122.1218329999893, 37.25858900028893], [-122.12176900041518, 37.25856199980784], [-122.12163799999563, 37.258560000010114], [-122.12161100023144, 37.258481999993855], [-122.12152900021567, 37.258248000175286], [-122.12150300027643, 37.25816999983589], [-122.12123700013763, 37.25793899984197], [-122.12105100036479, 37.257768000160844], [-122.12093500001383, 37.2576549999495], [-122.12085399982296, 37.25757699971105], [-122.12083600027961, 37.25756099968881], [-122.12051999991215, 37.257276000242754], [-122.12009599958961, 37.25697299973191], [-122.11991099964168, 37.25674200035721], [-122.1193919997829, 37.2560929999914], [-122.11899799959761, 37.255598999982084], [-122.11843600008113, 37.25489500018367], [-122.11818400018608, 37.254659000046374], [-122.11779900022161, 37.254155999955955], [-122.1175249996869, 37.25379699976511], [-122.11676700035184, 37.25280700005109], [-122.11667000026748, 37.25267999987292], [-122.11651000043388, 37.25248999973024], [-122.11643000006795, 37.2524199997074], [-122.1160400000806, 37.25219000029812], [-122.11582800036848, 37.25202700032273], [-122.11548000021396, 37.25175999976784], [-122.11507000013512, 37.25140999990245], [-122.11376899975355, 37.25032200025944], [-122.11323999984903, 37.249880000341264], [-122.1130900000612, 37.249730000226236], [-122.11295000031912, 37.2495799998126], [-122.11269000002812, 37.249220000318864], [-122.11253000019454, 37.24898999972193], [-122.11238999955415, 37.248759999853114], [-122.1123500002695, 37.24865999975335], [-122.11081799990923, 37.24622599976221], [-122.11038000024132, 37.245530000198514], [-122.11023999960089, 37.2453599999571], [-122.11014000004181, 37.24528999974622], [-122.11001000034545, 37.245210000140695], [-122.10989999984227, 37.245110000335586], [-122.10976000010021, 37.244929999779956], [-122.10888100039132, 37.244134000018704], [-122.10848999968077, 37.24378000010653], [-122.10837000003015, 37.24364000026018], [-122.10639300032928, 37.24159299976208], [-122.10556999979858, 37.240740000327925], [-122.10556599960063, 37.240725999861816], [-122.10555300008014, 37.24068399987816], [-122.10554999970711, 37.24067000011681], [-122.10515999971976, 37.23917999971702], [-122.10499700041146, 37.23855000031677], [-122.10481800031131, 37.237880999987624], [-122.10467299964805, 37.23733999976675], [-122.1043599996536, 37.23595999983128], [-122.10422999995724, 37.23426999967278], [-122.10414299991864, 37.234240000182616], [-122.10394000042733, 37.23416999965696], [-122.10388299962761, 37.23414600003395], [-122.10379899996204, 37.23411099973563], [-122.10357999967891, 37.23401999974211], [-122.10322999987454, 37.23394000033307], [-122.10282999984146, 37.23386000012387], [-122.10278499963562, 37.233856999801475], [-122.10257000044878, 37.233843000202576], [-122.1013600003038, 37.23372999987112], [-122.100910000042, 37.233660000302336], [-122.10052000005466, 37.23358999995339], [-122.10040000040408, 37.233550000031336], [-122.10023999967217, 37.23348000029544], [-122.09978000026295, 37.23329999985878], [-122.09971499996563, 37.23327599995881], [-122.09950999992621, 37.233199999986816], [-122.09925999968097, 37.233080000251384], [-122.09898000019679, 37.23289000004132], [-122.09881000031748, 37.23276000026164], [-122.09878600002803, 37.232730000170626], [-122.09869800016448, 37.23267199972241], [-122.09866999967709, 37.23265000010795], [-122.09692599960471, 37.23159299972276], [-122.09674200037999, 37.23148200011158], [-122.09339999982511, 37.22926000017643], [-122.09336899986297, 37.22924000014235], [-122.0931150003181, 37.22786099994861], [-122.09267699975184, 37.22548000034708], [-122.09266699970611, 37.22543999969911], [-122.09157999958477, 37.2245899998689], [-122.08980999957312, 37.223270000346126], [-122.08966900000613, 37.223233999996516], [-122.08945999976875, 37.22318000015518], [-122.08938299977588, 37.2231680000262], [-122.08932400022464, 37.22315799991727], [-122.0892599997522, 37.22314799980706], [-122.08916000019309, 37.223132000343185], [-122.08769999980285, 37.222900000225344], [-122.08759199984782, 37.22288500000814], [-122.08703399963099, 37.22281000030811], [-122.08673999990313, 37.2227699996746], [-122.08670200026829, 37.22276400029309], [-122.0864980000538, 37.22273099975187], [-122.08586000036932, 37.22263000015156], [-122.08488799987573, 37.22252699966209], [-122.08434999975037, 37.22246999996967], [-122.08425299966598, 37.2224850002694], [-122.08404000012898, 37.2225200002418], [-122.083963999961, 37.222529999719995], [-122.08386799970152, 37.2225450000078], [-122.08369000032462, 37.222569999765454], [-122.08302400015273, 37.2227009999626], [-122.082829999984, 37.222739999900895], [-122.08228000016307, 37.22292999993541], [-122.08180999980979, 37.22307000033225], [-122.08155000041712, 37.22315999993918], [-122.08132000026335, 37.22319000026115], [-122.08057999957332, 37.22336999979654], [-122.08054600013644, 37.22336999979654], [-122.08037999955677, 37.22336999979654], [-122.0796899999938, 37.22333000017536], [-122.07927599971701, 37.22318100016582], [-122.07898600018709, 37.22309299989231], [-122.07877399957668, 37.22297399982246], [-122.07848900006964, 37.222786999946464], [-122.0783810001146, 37.2226630000217], [-122.0781290002195, 37.22240900015075], [-122.07776799964618, 37.22179199976014], [-122.07766100041437, 37.22153999988215], [-122.07752400014704, 37.221285999806064], [-122.07744299995619, 37.22113800008824], [-122.07731499990965, 37.220907000315705], [-122.0771619997488, 37.220721999693495], [-122.07711900009109, 37.220669000243674], [-122.07704700012106, 37.22060000004027], [-122.07698299964864, 37.22053700004823], [-122.07661600012584, 37.220194000042945], [-122.07622600013849, 37.21997200000473], [-122.075909999771, 37.21982700002013], [-122.0756419999824, 37.219728000220805], [-122.0754879999966, 37.21967199990104], [-122.07540799963067, 37.21964299966803], [-122.07501500016859, 37.21962400000269], [-122.07470200017414, 37.21960999990731], [-122.07441900031692, 37.21946299982232], [-122.07406699996442, 37.21943400022432], [-122.0738540004274, 37.21933099966249], [-122.07337800022634, 37.21903400006786], [-122.0731499997224, 37.218901999872664], [-122.07285699981944, 37.21856099973001], [-122.07269000031316, 37.21823900021089], [-122.07247600005293, 37.21796500030196], [-122.0721799997769, 37.217647000005755], [-122.07212299987552, 37.217600000334166], [-122.07190299976747, 37.21741799973152], [-122.0717139996216, 37.217262000296216], [-122.07155200013821, 37.21718399974224], [-122.07138100043399, 37.21711600001887], [-122.07025199958153, 37.216779000054004], [-122.07011100001452, 37.216721000213916], [-122.07000999973218, 37.21667199977152], [-122.06967699964625, 37.216249999885484], [-122.06912199980248, 37.215598000316334], [-122.06884099959508, 37.21535999994753], [-122.06863700027888, 37.21509999981665], [-122.06843999973708, 37.21478999986528], [-122.0682370002458, 37.214516000306226], [-122.0679479996425, 37.21405900021681], [-122.06789900013699, 37.21367299994465], [-122.06790599980971, 37.21324000031759], [-122.06773799958022, 37.212801000177876], [-122.06747800018753, 37.21226699995592], [-122.06716099999512, 37.21188099981617], [-122.06682500043446, 37.21156100001587], [-122.06674000004564, 37.21144799992089], [-122.06664399978617, 37.21131899983351], [-122.06649999984613, 37.21123499999081], [-122.0663490002334, 37.2110829999014], [-122.06615000004176, 37.21084000015801], [-122.06602799984304, 37.21058599982524], [-122.06593300030677, 37.21041299966113], [-122.06580199988723, 37.21036400012983], [-122.06546700015147, 37.21028299976894], [-122.06514400011129, 37.21025800023178], [-122.0649120003077, 37.21021400008188], [-122.06440400031958, 37.210144000148276], [-122.06397999999704, 37.210110999809544], [-122.06351999968949, 37.2101179996658], [-122.0632169997408, 37.210250999673065], [-122.0630550002574, 37.21031300020422], [-122.06293700025662, 37.21031300020422], [-122.06277499987493, 37.21036500031036], [-122.06229299982608, 37.21070600029743], [-122.061900000364, 37.2110230003467], [-122.06147799969132, 37.211419000103454], [-122.06095100033494, 37.21196999973627], [-122.06050600009601, 37.21237299989335], [-122.06010900043597, 37.212668999807455], [-122.0598159996347, 37.21282400000738], [-122.05959200022701, 37.21292899973116], [-122.05938999966234, 37.2129850000487], [-122.05916600025468, 37.21301199968874], [-122.05877999956698, 37.21304600033454], [-122.05840399982335, 37.21307099966336], [-122.05794799971376, 37.213052999918524], [-122.05767499990228, 37.21302900001356], [-122.05720999957187, 37.21291999984233], [-122.05714500017287, 37.212887000002276], [-122.05695299965393, 37.212789999976955], [-122.05688900007982, 37.212758000228916], [-122.0568659996153, 37.21274599987276], [-122.05680000039136, 37.212712999956615], [-122.05677799975173, 37.212701999742855], [-122.05644700021395, 37.212593999965634], [-122.05626999976361, 37.212581000147665], [-122.05508700028113, 37.212497000279065], [-122.05503399967937, 37.212115999956616], [-122.05496599990728, 37.211615999753924], [-122.05487999969357, 37.21126799983795], [-122.05489399993728, 37.2107719997246], [-122.0547890003553, 37.21026200024415], [-122.05460799970702, 37.21000900029727], [-122.05450700032301, 37.209914999993465], [-122.05420299965107, 37.209635000190666], [-122.05410300009196, 37.20954200032785], [-122.05394599973313, 37.20940999997953], [-122.05366200005098, 37.209238000176505], [-122.0532760002616, 37.20900500005516], [-122.05265000027272, 37.20855500021315], [-122.05233300008032, 37.20834000028726], [-122.05189000038953, 37.20803999971639], [-122.05155399993053, 37.20780899990217], [-122.05054600035022, 37.207118999749504], [-122.05020999989125, 37.20688999971569], [-122.04992000036134, 37.206679999770586], [-122.04985000004115, 37.20662999973162], [-122.04906099984562, 37.20603600025409], [-122.04877600033859, 37.205821999831535], [-122.04868099990404, 37.20575099987488], [-122.04854000033706, 37.20564999972068], [-122.04838999965088, 37.20555999997234], [-122.04828000004603, 37.205509999906816], [-122.04813299973294, 37.20539500027427], [-122.04769400024013, 37.20505000032521], [-122.04754799975193, 37.20493600024423], [-122.04738999956818, 37.20475999995686], [-122.04691699974018, 37.204235000279475], [-122.04676000027963, 37.20406000005245], [-122.04665999982221, 37.20401299978741], [-122.04660999959351, 37.20399000013423], [-122.04647999989717, 37.20391000035261], [-122.04640200007937, 37.20381800014118], [-122.04637000029228, 37.20377999998998], [-122.04634000015508, 37.203730000176165], [-122.04610300032861, 37.20327700025334], [-122.0454100003926, 37.20194999996459], [-122.045391000126, 37.20192100007471], [-122.04534000007237, 37.20183999995307], [-122.04522000042176, 37.20166999994514], [-122.04511999996436, 37.20149000015079], [-122.04505999968991, 37.20142599964344], [-122.04487899993993, 37.20123399994238], [-122.04482000038871, 37.2011699999335], [-122.04470999988554, 37.2011699999335], [-122.04463799991551, 37.20118899995299], [-122.04452999996047, 37.201220000012135], [-122.0443700001269, 37.201240000320574], [-122.04427999971522, 37.201230000167016], [-122.04416000006464, 37.20120999985598], [-122.04409899996526, 37.20117899979268], [-122.04407999969868, 37.2011699999335], [-122.04397000009381, 37.201050000038876], [-122.04400000023104, 37.20093899984132], [-122.04408999974441, 37.200605000105874], [-122.04412099970655, 37.200495000280824], [-122.04401199992662, 37.200268999694906], [-122.04368800006152, 37.19959500017935], [-122.04358000010649, 37.19937000008725], [-122.04293599967593, 37.19840299966048], [-122.0410040001809, 37.195505000325056], [-122.04078200042304, 37.195171000160485], [-122.04014999968805, 37.194749999919715], [-122.03956700025519, 37.194477999936765], [-122.03782099963466, 37.19366199983319], [-122.03723999985162, 37.193390000224156], [-122.03708000001807, 37.193100000140504], [-122.03696000036747, 37.19299999992743], [-122.0368299997728, 37.19287999992624], [-122.03675000030516, 37.192839999883475], [-122.03642200024211, 37.19265699997217], [-122.03517799976193, 37.19206200031163], [-122.03484999969888, 37.191950000070065], [-122.03469499988817, 37.1918969997317], [-122.03300100004452, 37.19131499971248], [-122.03277300043888, 37.19121900030374], [-122.03270099957055, 37.191187999715716], [-122.03205100019053, 37.19091400033635], [-122.03100400025217, 37.190169999743404], [-122.03074999980895, 37.189989999722144], [-122.03077699957312, 37.18982900000351], [-122.03087000035787, 37.189270000355805], [-122.03110999965905, 37.18900999979201], [-122.03140000008727, 37.18876000013983], [-122.03199000009117, 37.18840000010259], [-122.03172499977728, 37.187605000262366], [-122.03149499962352, 37.18690999974808], [-122.03263000032376, 37.18614000034401], [-122.03247200014002, 37.18576200017082], [-122.03215099974962, 37.184988999678176], [-122.0320489996424, 37.18444000021924], [-122.03186000039481, 37.18341000016124], [-122.0319020002276, 37.182785999841904], [-122.03192300014403, 37.182477000115064], [-122.03193499983958, 37.182296999649886], [-122.03182199986165, 37.18219700016031], [-122.03173900002099, 37.18212299993755], [-122.03129399978206, 37.18190700003317], [-122.03095099965037, 37.1817159999212], [-122.03091200019064, 37.18167800009614], [-122.03093800012992, 37.18097800016276], [-122.03065799974743, 37.18064800030606], [-122.0298119996505, 37.179929999645196], [-122.02960999998415, 37.17969600008453], [-122.02939800027205, 37.17945200033957], [-122.02959900011349, 37.17925800011484], [-122.02903199967584, 37.17852699988388], [-122.02908299972945, 37.178263999883804], [-122.02926299965452, 37.17801700012769], [-122.02925400033199, 37.177988000349636], [-122.02893299994165, 37.17693600023338], [-122.02869500029027, 37.176813999938695], [-122.02845099989277, 37.17669000034082], [-122.02696999958614, 37.17629999969004], [-122.02674700000338, 37.1762039998047], [-122.0265300002684, 37.176110000350455], [-122.0265300002684, 37.17595000030998], [-122.02661999978177, 37.175710000329715], [-122.02696999958614, 37.17550000025833], [-122.0269239995554, 37.17574299996064], [-122.0275589997651, 37.17514000000507], [-122.02771399957582, 37.174462999678354], [-122.02763699958292, 37.17408299987123], [-122.02697100030935, 37.174028999931885], [-122.02705199960191, 37.173684999757064], [-122.02578299990569, 37.17385800034663], [-122.0256070001786, 37.17379699988603], [-122.02553000018573, 37.17353899964638], [-122.0255229996147, 37.17317300032528], [-122.02556899964546, 37.172892000281], [-122.02566800027795, 37.172605000117294], [-122.02593600006657, 37.17231900026396], [-122.02617600026608, 37.17212700027572], [-122.0266159995838, 37.17177900012715], [-122.0267689997447, 37.17165800007229], [-122.02691699988272, 37.17152500007241], [-122.0275300003511, 37.1709750001221], [-122.02756499961289, 37.17094299982735], [-122.02767500011606, 37.170846000305126], [-122.0273119998929, 37.17055400028329], [-122.02692799975334, 37.16984100033269], [-122.02683099966897, 37.16975000012895], [-122.02648699971239, 37.16946600022014], [-122.02558500043727, 37.16907100016027], [-122.02564599963833, 37.168818000323895], [-122.0256840001715, 37.168690999721726], [-122.02576000033947, 37.168640000276596], [-122.02586499992145, 37.16854800003952], [-122.02594799976212, 37.16848200020507], [-122.02600999968641, 37.16848600028342], [-122.02609300042539, 37.16848600028342], [-122.02616399967219, 37.16843399996389], [-122.02626900015248, 37.1683499996474], [-122.02629500009178, 37.1682400000803], [-122.02628699969583, 37.16815200016815], [-122.02612400038753, 37.167928000189754], [-122.02604499984652, 37.16783199968894], [-122.02595799980786, 37.167785999808416], [-122.02592600002083, 37.167599999943775], [-122.02592500019591, 37.16754200025416], [-122.02592000017303, 37.16748499983696], [-122.02591900034811, 37.167467999993086], [-122.02593799971638, 37.167447000012196], [-122.02597200005157, 37.1673979997955], [-122.02609500007523, 37.167225000164194], [-122.02613400043329, 37.16706499992096], [-122.02617399971795, 37.16685400012025], [-122.02610699977079, 37.16680999972797], [-122.02557600021643, 37.16679299973225], [-122.02544099959893, 37.16679499981616], [-122.02538399969752, 37.16681599997822], [-122.02528400013838, 37.16682400031108], [-122.02516299976459, 37.16680999972797], [-122.02502700022045, 37.166764999983556], [-122.02476899957927, 37.166643999774415], [-122.02451199966133, 37.16652999969002], [-122.02440999955408, 37.16648100031044], [-122.02415199981122, 37.1663730002656], [-122.02406999979546, 37.16634000012164], [-122.02402200011487, 37.166350999932604], [-122.02395500016773, 37.16635900031475], [-122.02391800035781, 37.16637000012294], [-122.02371300031838, 37.16640999986752], [-122.02365899989171, 37.166414000055546], [-122.02360500036336, 37.16640999986752], [-122.02353800041621, 37.166389000308506], [-122.02350699955575, 37.16637100017053], [-122.0234460003547, 37.166312000205174], [-122.02337000018672, 37.16625699967428], [-122.02330700043753, 37.16621499974953], [-122.02323299991937, 37.16616199996462], [-122.02314099985786, 37.166154000277494], [-122.02296799960548, 37.166154000277494], [-122.02289399998566, 37.16615000007566], [-122.02281500034294, 37.16615000007566], [-122.0227700001371, 37.16615599966245], [-122.02267800007556, 37.16620399991883], [-122.02261299977827, 37.1662439997512], [-122.02248800010479, 37.16636499988495], [-122.0222350003848, 37.16666099980365], [-122.02218900035406, 37.166712999911496], [-122.02216099986663, 37.166740000352625], [-122.02197400026891, 37.1668030001513], [-122.02157599988564, 37.16679299973225], [-122.02143500031863, 37.166786000153955], [-122.0213700000213, 37.166723000341115], [-122.02134400008202, 37.166697999980435], [-122.02133099966323, 37.16663600013831], [-122.02129499967825, 37.16650199984389], [-122.02127899978473, 37.16647600007978], [-122.02125000037073, 37.16645000030674], [-122.02115999995902, 37.16639299978178], [-122.02111300010334, 37.16638700021381], [-122.02105899967671, 37.16638199997693], [-122.02083299972088, 37.16640300025375], [-122.02065299979581, 37.166414000055546], [-122.02052899994727, 37.16643599965433], [-122.02042699984003, 37.16639099968724], [-122.02041599996937, 37.16635700021931], [-122.02026600018152, 37.166221000047024], [-122.02018199961765, 37.16613700013418], [-122.02010200014998, 37.16607199967735], [-122.02005799976905, 37.16603599996198], [-122.02002599998202, 37.16600499977574], [-122.01994999981405, 37.165953999949664], [-122.01991899985188, 37.16593699976141], [-122.0198770000191, 37.16591299991018], [-122.01978699960743, 37.16588900005132], [-122.01973399990398, 37.16587900022721], [-122.01948600020685, 37.16585999991343], [-122.01944900039693, 37.16586200002203], [-122.01932499965005, 37.16585200019434], [-122.01915800014378, 37.16587600006495], [-122.01891700011937, 37.165868999685905], [-122.01880499996636, 37.16583299987377], [-122.01869600018644, 37.16583600003775], [-122.01822699965805, 37.165911999856526], [-122.01800599972512, 37.165828999655], [-122.01785799958711, 37.16572799978701], [-122.01780900008163, 37.16569800024679], [-122.01771799984505, 37.165650999726154], [-122.01761900011083, 37.165623000270244], [-122.01753500044524, 37.16559500008813], [-122.01748600004144, 37.16558099999317], [-122.01722400010064, 37.16550800001853], [-122.01715200013061, 37.165275000235724], [-122.01714499955958, 37.165231000355895], [-122.01713700006198, 37.16519699965025], [-122.01712299981827, 37.165135000008476], [-122.01710299972679, 37.165100999975515], [-122.01709100003123, 37.16508899991815], [-122.01704500000046, 37.165078999988125], [-122.01699499977175, 37.165069000056846], [-122.01693200002259, 37.165069000056846], [-122.01687099992321, 37.16507100018637], [-122.01679999977809, 37.16507599979416], [-122.01677399983882, 37.16508599972452], [-122.01671799976234, 37.16511999976423], [-122.01660399995951, 37.16520600021748], [-122.01640099956992, 37.165374999932446], [-122.016251999607, 37.165481999912465], [-122.01609199977345, 37.16557899987714], [-122.01594600018358, 37.16565800012539], [-122.01593399958968, 37.16564700021357], [-122.01590900037365, 37.165634000185555], [-122.0156320003642, 37.16533599970138], [-122.01534500030903, 37.16503700012462], [-122.01507800034535, 37.16476900007093], [-122.0149979999794, 37.16464900031584], [-122.01488400017658, 37.164544000015944], [-122.01465200037298, 37.16428100002212], [-122.01447400009775, 37.16413200012303], [-122.01429599982254, 37.163892999911766], [-122.0142370002713, 37.16374399996368], [-122.01419700008832, 37.163594999721916], [-122.01414799968454, 37.16352600031758], [-122.01401899981309, 37.16343599975493], [-122.01377100011597, 37.16330599986655], [-122.01372799955996, 37.163265999911005], [-122.01370599981864, 37.16323700019841], [-122.01369499994799, 37.163206999669455], [-122.0136730002067, 37.1631170001587], [-122.01368200042751, 37.16301799971399], [-122.01370800036678, 37.16297299985951], [-122.0137440003518, 37.16289699994896], [-122.0137739995907, 37.16281799967833], [-122.01376899956783, 37.162772000325496], [-122.01379000038254, 37.1627599998983], [-122.01357000027453, 37.16260000022505], [-122.01353799958916, 37.162593000258475], [-122.01343999967986, 37.162570000159114], [-122.01332000002928, 37.162509999991535], [-122.01323600036369, 37.162404000199544], [-122.01320000037866, 37.16236000008011], [-122.01309999992124, 37.16229999974584], [-122.01296199982899, 37.16223799987539], [-122.01281000039131, 37.162170000051375], [-122.01275900033771, 37.16215399983123], [-122.01265100038268, 37.16211999988905], [-122.01241500038113, 37.16205500027294], [-122.01158699982754, 37.16203500032472], [-122.01157199975894, 37.161969999919606], [-122.01151099965956, 37.16176400003961], [-122.01149399994114, 37.16172299987488], [-122.01146100032916, 37.16164999975354], [-122.01134599980313, 37.161425999833476], [-122.011134000091, 37.16111800020186], [-122.01110099958072, 37.16106300018673], [-122.01105399972508, 37.16099600014025], [-122.01099500017385, 37.16094900027524], [-122.01088899986863, 37.16095099979792], [-122.01078599993646, 37.16095699979734], [-122.01053599969123, 37.16094700003663], [-122.01050700027723, 37.16093500003561], [-122.01048100033793, 37.160926999795244], [-122.0102810003214, 37.160866000350836], [-122.0102379997654, 37.16085300021643], [-122.01021400037426, 37.16084600008802], [-122.00993099961872, 37.16057100005445], [-122.00990999970232, 37.16040600012681], [-122.00989100033405, 37.16034900005513], [-122.00977699963293, 37.16029599973636], [-122.00955700042321, 37.16023900029761], [-122.00919699967478, 37.1599239999113], [-122.0090410000392, 37.15979200015687], [-122.00893499973398, 37.15973500033809], [-122.00870299993039, 37.159723000144666], [-122.00858599975452, 37.15974599967845], [-122.00823599995014, 37.15981199998257], [-122.00813300001798, 37.15982099975925], [-122.00809299983503, 37.15980999971387], [-122.00799400010084, 37.15971200008503], [-122.0079220001308, 37.15958299965667], [-122.00781900019864, 37.15949199998793], [-122.00754800003699, 37.15938199969928], [-122.00721699960089, 37.15930699989886], [-122.00703900022395, 37.15930699989886], [-122.00683300035965, 37.15931400016972], [-122.00675399981859, 37.159295000353424], [-122.00670299976498, 37.159263000124454], [-122.00659999983282, 37.15908499976704], [-122.00654499958122, 37.15890000011377], [-122.00649799972554, 37.158804999748284], [-122.00639099959545, 37.15874600032026], [-122.00622900011204, 37.15872600021248], [-122.00611500030922, 37.15872200033351], [-122.00605900023275, 37.1586939997427], [-122.00601200037705, 37.158599999984624], [-122.00592500033845, 37.1584379997921], [-122.005901000049, 37.15835899987284], [-122.00586599988887, 37.15830299984383], [-122.00583800029979, 37.15827999987103], [-122.0058020003148, 37.15827999987103], [-122.0057549995608, 37.15827999987103], [-122.00570400040549, 37.15829100013903], [-122.00542700039607, 37.15834300027786], [-122.00506800037085, 37.15843399989789], [-122.00475500037642, 37.1586160002411], [-122.00463599965241, 37.1586530000606], [-122.00457299990322, 37.1586530000606], [-122.00455600018479, 37.15864599972848], [-122.00446099975024, 37.15860899990555], [-122.00433799972657, 37.158556999949695], [-122.00422899994663, 37.15850399980636], [-122.00415899962643, 37.15847099980646], [-122.00411000012095, 37.158446999732355], [-122.00407800033389, 37.15843600020298], [-122.00401999970926, 37.15842299965069], [-122.00397500040172, 37.158410999964936], [-122.00394799973925, 37.158403000173344], [-122.00385200037809, 37.15838400012808], [-122.003817000218, 37.15838400012808], [-122.00371099991278, 37.15837500018032], [-122.00357600019356, 37.158374000026996], [-122.0035080004215, 37.15837500018032], [-122.00343999975114, 37.15837699977109], [-122.0033679997811, 37.15838000023101], [-122.00334400038997, 37.15838099966832], [-122.00331500007765, 37.15838699987179], [-122.00330199965886, 37.15838900017813], [-122.00325200032846, 37.1583969999712], [-122.00320399974956, 37.15841200011777], [-122.00313799962733, 37.158432999745294], [-122.00311699971093, 37.158441000249596], [-122.00307700042629, 37.158449000037116], [-122.00301600032692, 37.158456999823834], [-122.00297100012108, 37.158457999976065], [-122.00293400031116, 37.158457999976065], [-122.00289699960291, 37.15845199977824], [-122.00279399967074, 37.158430000003406], [-122.00277100010453, 37.158424999956075], [-122.00267499984506, 37.15839499966501], [-122.00257199991289, 37.158343999715704], [-122.0024720003538, 37.15829100013903], [-122.00242700014796, 37.15825900020101], [-122.00238600014008, 37.15822899984407], [-122.00228700040584, 37.15809000032607], [-122.00226399994133, 37.158055999987866], [-122.00222700013138, 37.157972000308014], [-122.00216799968186, 37.15787700020819], [-122.00213500006991, 37.157819000216655], [-122.00208800021424, 37.157763999949054], [-122.00199199995477, 37.15770599987082], [-122.0017760000447, 37.157599999785724], [-122.00142700006522, 37.15743099986952], [-122.00131699956206, 37.157329000067676], [-122.0012839999501, 37.15720700033454], [-122.00126100038389, 37.15705800009411], [-122.00121799982787, 37.15684300030114], [-122.00113400016228, 37.156570999840156], [-122.00107800008578, 37.156408000132075], [-122.00108599958338, 37.15632299987255], [-122.00097500015362, 37.15610800013721], [-122.00066399980898, 37.155572000199584], [-122.00042100013475, 37.155135000200765], [-122.0003829996016, 37.155076000056546], [-122.00016199966868, 37.154693000245864], [-122.00004700004094, 37.15449500007273], [-121.99990099955276, 37.15440299980135], [-121.99934400005915, 37.15417700018485], [-121.99933099964036, 37.15410800005963], [-121.99925899967033, 37.15398900005891], [-121.9990939998139, 37.15361699998586], [-121.99905399963095, 37.153566999894224], [-121.99894499985099, 37.1534820000206], [-121.99891600043699, 37.15345900001312], [-121.99883299969798, 37.15344499981837], [-121.99872999976581, 37.15342100029667], [-121.99869799997876, 37.15341499969908], [-121.9985530002138, 37.15343000011818], [-121.99838499998434, 37.15341299997713], [-121.99834200032663, 37.15340899981701], [-121.99830100031876, 37.15339700005142], [-121.99818400014288, 37.15333900020291], [-121.99816300022648, 37.153320000316974], [-121.99814399995991, 37.153300999710225], [-121.9981299997162, 37.15328300003543], [-121.99805899957109, 37.153174999748614], [-121.99802699978403, 37.15305500020367], [-121.99802900033218, 37.1529539997351], [-121.99802299958608, 37.152808999896855], [-121.99801799956322, 37.15274800034598], [-121.99798499995124, 37.152682999831384], [-121.99793399989763, 37.152600999653274], [-121.99785000023205, 37.15251000017225], [-121.99772800003329, 37.152411999672395], [-121.99765799971311, 37.15236599971544], [-121.99752899984165, 37.152298000319284], [-121.99726900044898, 37.152082000357616], [-121.99656999976685, 37.15155000006153], [-121.9955599996384, 37.15100999974468], [-121.99514000041214, 37.150619999742965], [-121.99442999985935, 37.15005999969278], [-121.99421999979707, 37.14991999992727], [-121.99416000042093, 37.14984999994733], [-121.9940599999635, 37.149720000324116], [-121.99390000012994, 37.149390000001446], [-121.99363999983892, 37.14892000020202], [-121.99335000030901, 37.148450000345704], [-121.99335000030901, 37.14790000003446], [-121.99306499990367, 37.14743799980373], [-121.99295000027595, 37.14717600003071], [-121.99185300010886, 37.14559399987397], [-121.99176199987225, 37.14543199974087], [-121.99167999985649, 37.14529700020026], [-121.99153000006866, 37.145050000104156], [-121.99134699977057, 37.144739000068], [-121.99120000035578, 37.14449000033987], [-121.99108999985263, 37.144270000346616], [-121.9908839999883, 37.144270000346616], [-121.99067999977379, 37.14425999981094], [-121.99051999994022, 37.14420999997699], [-121.99038000019813, 37.14413999972434], [-121.99029800018236, 37.144112000177984], [-121.99010499983854, 37.14404599977413], [-121.98972999991979, 37.14393000000971], [-121.98948600042064, 37.1438700000865], [-121.98916000000739, 37.143790000353476], [-121.98860199979055, 37.14377900012399], [-121.98838699970543, 37.14382599992153], [-121.98800699976383, 37.144024999731194], [-121.98793999981666, 37.14409199977961], [-121.9876820000738, 37.14433599983894], [-121.98755400002729, 37.1445320001617], [-121.98747799985931, 37.14465800020327], [-121.98737400010222, 37.144748999824266], [-121.98733800011719, 37.14478299970178], [-121.98731600037591, 37.144804000250325], [-121.98727799984277, 37.14479700006813], [-121.98720699969766, 37.14481399999801], [-121.9871520003444, 37.14481900022941], [-121.98711800000918, 37.14480600019996], [-121.9869709996961, 37.14475700034442], [-121.9868729997868, 37.14472600002483], [-121.98669899970955, 37.14464500014619], [-121.98667699996822, 37.144632000086816], [-121.98634600043042, 37.144568000092676], [-121.98611200007872, 37.14459499985067], [-121.98591299988706, 37.144609000251805], [-121.98588699994781, 37.14460799991634], [-121.98576399992416, 37.14433700017795], [-121.98573399978692, 37.14415200024279], [-121.98560499991552, 37.14368200011424], [-121.98560499991552, 37.143338999657956], [-121.98502999998021, 37.143237999817984], [-121.98503199963005, 37.14322799986189], [-121.984927999873, 37.14320599995398], [-121.98406099985966, 37.1437340002752], [-121.98393799983603, 37.14359600023781], [-121.98388500013257, 37.14355100028015], [-121.98325099974774, 37.14318899966269], [-121.98199600029525, 37.14271699999013], [-121.98191000008151, 37.14268099989421], [-121.98180700014937, 37.14264200012901], [-121.98129499996328, 37.142449999945235], [-121.9810770004034, 37.142352999663316], [-121.98083600037896, 37.1422820001902], [-121.98069400008873, 37.142262999674436], [-121.98036699985059, 37.14225700033968], [-121.98026599956826, 37.14226699970805], [-121.97995699977176, 37.14229600030339], [-121.97983299992323, 37.14234799998504], [-121.97978400041772, 37.14231700011025], [-121.97970700042482, 37.142274000124345], [-121.97963600027971, 37.14224700025396], [-121.97947100042329, 37.142194999786824], [-121.97927999972924, 37.14210300030496], [-121.9785369995645, 37.14191300021131], [-121.9783459997688, 37.14188099978677], [-121.97752899998419, 37.14173299979548], [-121.97691999971373, 37.14200499992427], [-121.97670200015384, 37.14192899970243], [-121.97645500028165, 37.14184000029716], [-121.97610299992911, 37.14174499997971], [-121.97539900012244, 37.14172300035653], [-121.97502300037883, 37.14171999995172], [-121.97501300033306, 37.14230999969788], [-121.97363800033162, 37.141930999728075], [-121.97361700041525, 37.14166500014747], [-121.97343800031508, 37.14166999987094], [-121.97313399964317, 37.141652999950544], [-121.97314000038926, 37.14184999972064], [-121.97291299971022, 37.14170900013729], [-121.97274000035618, 37.14173000010712], [-121.97227099982781, 37.14152899995212], [-121.97186300029712, 37.141208999917914], [-121.97142999975375, 37.1408690001438], [-121.97093400035952, 37.14031699977502], [-121.9707000000078, 37.13975000012579], [-121.97054000017421, 37.139659999904346], [-121.97026999983748, 37.13927000009436], [-121.97001999959222, 37.13894000000686], [-121.9699690004369, 37.13884600003967], [-121.96986999980442, 37.13865999986707], [-121.96942200009073, 37.13815199976061], [-121.96931900015856, 37.138059999658424], [-121.96898799972246, 37.13780100018672], [-121.96882000039129, 37.137670000193644], [-121.96863999956794, 37.137559999668944], [-121.96845999964287, 37.13745999970417], [-121.96792200041584, 37.13713399990381], [-121.96765200007908, 37.13696700023744], [-121.96757099988825, 37.13690699980418], [-121.96725700006887, 37.13665599991059], [-121.96714999993878, 37.13656999992383], [-121.96635599972038, 37.135858000009335], [-121.9662799995524, 37.13579000009343], [-121.96621900035137, 37.13573600001139], [-121.96605500031983, 37.13559300029753], [-121.96565199991369, 37.13523899964794], [-121.96496999984831, 37.134639999989716], [-121.96446100003527, 37.13415999976429], [-121.9644500001646, 37.13415000004051], [-121.9640479995834, 37.13381999982122], [-121.96395300004717, 37.133743999970484], [-121.96367100001484, 37.13351699972619], [-121.96365000009844, 37.13350000012217], [-121.96357399993046, 37.13344599983806], [-121.96324000001965, 37.133210000054014], [-121.96319700036193, 37.13318599984053], [-121.96305800044475, 37.13310799981028], [-121.96275999962062, 37.13294000007805], [-121.96241999986198, 37.13279000023212], [-121.961950000407, 37.132623000287786], [-121.9615200002367, 37.13246999975797], [-121.96128400023514, 37.132384999807435], [-121.96113000024937, 37.13232999966214], [-121.96057399968235, 37.13214099987387], [-121.9603379996808, 37.132060999912284], [-121.96013199981648, 37.13199099987644], [-121.95957000030002, 37.131799999664224], [-121.95951500004843, 37.13178100009668], [-121.959310000009, 37.13171000001204], [-121.95928300024484, 37.13169399979211], [-121.95895699983157, 37.13150700014893], [-121.95883200015814, 37.131418999735665], [-121.95852900020941, 37.13122299981471], [-121.95835000010926, 37.131109999834145], [-121.95818899955246, 37.131009000139734], [-121.95797699984037, 37.130851000205546], [-121.9578949998246, 37.13080000030141], [-121.95744299991298, 37.13057100020989], [-121.95719400039094, 37.13047100031851], [-121.95715699968274, 37.130457000165585], [-121.95682100012205, 37.130332999721354], [-121.9566140004328, 37.13032499982434], [-121.95618000006456, 37.13030999983608], [-121.95572800015294, 37.12998400002565], [-121.95556999996917, 37.12986999981323], [-121.95513999979887, 37.129600000095245], [-121.95453999974926, 37.129310000120945], [-121.95426100009, 37.12919200031714], [-121.95415999980764, 37.12914999985703], [-121.95382500007192, 37.12903499999552], [-121.95373600038343, 37.12901000006475], [-121.95362300040553, 37.128989999971004], [-121.95344199975727, 37.12894300026694], [-121.95329100014453, 37.12891199991284], [-121.95317999981644, 37.128890000139016], [-121.95289100011142, 37.12883600014621], [-121.95253000043643, 37.128770000023046], [-121.95208000017463, 37.128690000078734], [-121.95202699957284, 37.12867899980222], [-121.951740000416, 37.128619999789464], [-121.95129500017707, 37.128541000234534], [-121.95122999987973, 37.12852999993641], [-121.94996299983335, 37.128296000247154], [-121.94971000011334, 37.12824999994767], [-121.94952000014254, 37.12821000006936], [-121.94902100037527, 37.12811800005415], [-121.94854000015131, 37.128029999997175], [-121.9476799998107, 37.12786999989198], [-121.94752800037305, 37.12784100021269], [-121.94703000043067, 37.127750000307266], [-121.94679000023119, 37.12771000016468], [-121.94649300013025, 37.127645000335576], [-121.94646999966574, 37.12763999968526], [-121.94569999973679, 37.12748000018796], [-121.9448970001959, 37.12726599995556], [-121.94461000014071, 37.127189999968415], [-121.9443699999412, 37.127119999724215], [-121.94380599987657, 37.12695800013863], [-121.94329000039086, 37.12681000032023], [-121.94296300015273, 37.12670700018875], [-121.94212299990359, 37.12644100008379], [-121.94195999969696, 37.12639000007265], [-121.94156800005977, 37.12625400035245], [-121.94069000017582, 37.125950000178435], [-121.94006800038491, 37.12570700013664], [-121.9393799995734, 37.125440000225716], [-121.93839999958219, 37.125039999964855], [-121.938160000281, 37.12495000015197], [-121.93754000013988, 37.12468000007139], [-121.93682000043967, 37.124369999984836], [-121.93660000033162, 37.124289999687115], [-121.93563200003598, 37.12390199994438], [-121.93414999990442, 37.123310000100666], [-121.93410600042182, 37.12329300035253], [-121.93368100027439, 37.123125000319135], [-121.93353999980907, 37.123069999890355], [-121.93333999979252, 37.12297000011534], [-121.93308000039984, 37.12281999984698], [-121.9327599998344, 37.12262000022059], [-121.93240099980919, 37.12233600020134], [-121.93237999989279, 37.122320000148356], [-121.93232999966408, 37.12228000000113], [-121.93202599989046, 37.12200099972942], [-121.93157599962866, 37.12228800003225], [-121.93015299994666, 37.12319799966743], [-121.93000999983151, 37.123289999933135], [-121.9299570001281, 37.12331399970377], [-121.92983400010442, 37.12337099975524], [-121.92975299991357, 37.12338399988667], [-121.9295300003308, 37.12341999985316], [-121.92922999985686, 37.12343999998635], [-121.92902999984028, 37.12341999985316], [-121.92882999982378, 37.123280000205526], [-121.92850799960848, 37.12294500033002], [-121.92831000014007, 37.12274000005984], [-121.92809000003206, 37.12252999967911], [-121.92797000038148, 37.122450000301754], [-121.92786999992404, 37.122399999663095], [-121.92765999986175, 37.12234999970769], [-121.92719000040678, 37.12226000027774], [-121.92643999967102, 37.12210000015152], [-121.92598000026177, 37.12196000021129], [-121.9258599997129, 37.1219299997811], [-121.9251500000584, 37.121659999672175], [-121.92468100042834, 37.12147500015576], [-121.92459000019176, 37.121439999906016], [-121.92425999958054, 37.121280000195426], [-121.9236999997139, 37.120939999687565], [-121.92312999980149, 37.12058000035053], [-121.92253999979764, 37.12022000001782], [-121.92245000028426, 37.12017000005505], [-121.922200000039, 37.12003000012697], [-121.92142000006432, 37.11955999985614], [-121.92137999988137, 37.11954000013045], [-121.92106000021421, 37.119360000212275], [-121.92079999992322, 37.11922000021883], [-121.92013999959914, 37.1188300003557], [-121.91998499978844, 37.11873799968369], [-121.91972000037288, 37.11857999991936], [-121.91953000040209, 37.11845999993243], [-121.91807000001182, 37.11757999994696], [-121.91734000026585, 37.11715000023876], [-121.91636000027465, 37.11654000006146], [-121.91550999997978, 37.116019999775865], [-121.91319000014724, 37.114770000251745], [-121.91068500036674, 37.11329500020331], [-121.91039999996137, 37.11325999975363], [-121.91024000012781, 37.113230000173964], [-121.91009000033999, 37.113230000173964], [-121.91007500027138, 37.113230000173964], [-121.90991000041494, 37.1132399997964], [-121.9097100003984, 37.11327000008842], [-121.90940999992443, 37.11334999985391], [-121.90932000041106, 37.11336000017687], [-121.90901999993709, 37.11334000024605], [-121.90890000028648, 37.11334999985391], [-121.90877200023996, 37.113372999878344], [-121.90873000040717, 37.11338000010235], [-121.90860999985827, 37.11341999993758], [-121.90841999988747, 37.11343000025124], [-121.90825000000814, 37.11341999993758], [-121.90679999966365, 37.11321999983389], [-121.9058599998554, 37.113190000238426], [-121.90572000011332, 37.113170000262706], [-121.90502999965202, 37.11216999975669], [-121.90503800004794, 37.11183800030504], [-121.90504100042097, 37.11174799984041], [-121.90487400001639, 37.11151599996421], [-121.90461799992335, 37.11132699978059], [-121.90433699971597, 37.11121400018458], [-121.9040299995693, 37.11108999973653], [-121.90393000001019, 37.11103000027875], [-121.90389300020027, 37.11101700017506], [-121.9038399995985, 37.11099999981568], [-121.90374000003939, 37.11098999989744], [-121.9036499996277, 37.11098999989744], [-121.90344999961115, 37.1110500001033], [-121.90335000005207, 37.11108999973653], [-121.9033049998462, 37.11112399969472], [-121.90326600038647, 37.11115300004735], [-121.9032200003557, 37.11119000015995], [-121.90319000021849, 37.11125000020733], [-121.9031919998683, 37.11126999997377], [-121.90319799971608, 37.11131900002393], [-121.9032200003557, 37.11149999977366], [-121.9032200003557, 37.111539999885586], [-121.90320000026422, 37.111579999976385], [-121.90316000008124, 37.11161000020969], [-121.90313599979181, 37.11161100026503], [-121.90309599960882, 37.111617999935596], [-121.90306399982178, 37.11161200032035], [-121.90296000006472, 37.111579999976385], [-121.90290999983598, 37.111549999731146], [-121.90284999956154, 37.11147000021312], [-121.90278000013966, 37.111399999759605], [-121.90271999986518, 37.11126999997377], [-121.90265999959074, 37.11120999994223], [-121.90248999971143, 37.111110000261604], [-121.90240000019806, 37.11108999973653], [-121.90230999978637, 37.11107999983023], [-121.90221000022726, 37.11110000035795], [-121.9021780004402, 37.11111399979291], [-121.90211999981558, 37.11113999996477], [-121.9018610002478, 37.11132400031972], [-121.9018100001942, 37.11136000029012], [-121.90175199956954, 37.11138200014424], [-121.90158000004041, 37.11144999978316], [-121.9013979995672, 37.111500999830454], [-121.90136999997812, 37.11151000034089], [-121.90127600026679, 37.11152299964356], [-121.90124799977939, 37.11152599981299], [-121.9012200001903, 37.11153000003865], [-121.90116699958854, 37.11152299964356], [-121.90113999982435, 37.11152000019046], [-121.90109999964139, 37.11146000035699], [-121.90109499961851, 37.11144999978316], [-121.90105000031099, 37.11136000029012], [-121.90102000017377, 37.111260000091185], [-121.90101099995293, 37.11121600030571], [-121.90100000008226, 37.11115999976026], [-121.90098599983855, 37.111138999903204], [-121.9009599998993, 37.11110000035795], [-121.90089999962484, 37.111040000191714], [-121.90088499955624, 37.111029000215744], [-121.90083000020297, 37.11098999989744], [-121.90073999979127, 37.11095000021139], [-121.90057999995771, 37.11089999985776], [-121.90049000044434, 37.110889999926364], [-121.9004679998047, 37.11089500025042], [-121.9003699998954, 37.11091999971662], [-121.90032499968956, 37.110933999901256], [-121.90029700010048, 37.110941999698575], [-121.90021500008474, 37.11096799992949], [-121.90018800032053, 37.110977999850576], [-121.89999099977872, 37.11104100025458], [-121.899840000166, 37.11108999973653], [-121.89975999980005, 37.11110000035795], [-121.8997000004239, 37.11108999973653], [-121.89961000001222, 37.11106000001361], [-121.89945000017866, 37.11097000005706], [-121.89941400019363, 37.11095299968713], [-121.89922900024573, 37.110863999668666], [-121.89903000005407, 37.11076799979707], [-121.89894999968814, 37.11073000012772], [-121.89883000003753, 37.11069000030428], [-121.89871000038694, 37.11066999966833], [-121.8985799997923, 37.11065999970652], [-121.89850699999735, 37.11065999970652], [-121.89843000000448, 37.11065999970652], [-121.89838899999658, 37.11066800024918], [-121.89824000003367, 37.11070000026214], [-121.89817599956125, 37.11068199976401], [-121.89815499964485, 37.11071399977105], [-121.89815100034522, 37.11072299965867], [-121.89804400021508, 37.11068399989912], [-121.89772600019776, 37.11056799985284], [-121.89761999989257, 37.11053000008309], [-121.89759999980107, 37.11052000010284], [-121.89754999957233, 37.110480000168536], [-121.89745500003612, 37.11032000022004], [-121.89734999955581, 37.11013999987387], [-121.89730000022541, 37.110079999663434], [-121.89723999995094, 37.11005000025675], [-121.89716999963075, 37.110040000213125], [-121.8970800001174, 37.11005000025675], [-121.89694000037531, 37.11011999980901], [-121.8968700000551, 37.11016999996129], [-121.89681999982639, 37.11020000003679], [-121.89675999955196, 37.11021000005934], [-121.89663999990135, 37.11019000001296], [-121.8965529998627, 37.11017100003565], [-121.89650000015926, 37.11015999993346], [-121.89637999961033, 37.11009999973886], [-121.89636000041718, 37.110079999663434], [-121.89635000037143, 37.110030000168116], [-121.89635799986904, 37.10996500020178], [-121.8963899996561, 37.10973999972213], [-121.89637999961033, 37.10970000009224], [-121.89636000041718, 37.10966999981863], [-121.8963200002342, 37.10965000034604], [-121.896249999914, 37.10964000024954], [-121.89623800021842, 37.10964000024954], [-121.89618999963955, 37.10964000024954], [-121.8960950001033, 37.10965500003557], [-121.8960599999432, 37.109659999724826], [-121.89604499987459, 37.10966500013009], [-121.89590000010963, 37.10972000026803], [-121.89585200042906, 37.10973600011832], [-121.89575000032178, 37.109769999968], [-121.89564999986437, 37.109769999968], [-121.89558999958993, 37.10975999988735], [-121.89555000030526, 37.10973999972213], [-121.89551000012229, 37.10970000009224], [-121.89547999998506, 37.10964000024954], [-121.89543999980211, 37.10957999964296], [-121.89540999966486, 37.10957000025367], [-121.89535000028873, 37.109589999747385], [-121.89521999969408, 37.10965000034604], [-121.89517100018855, 37.109676000304134], [-121.89496000030141, 37.1097900001253], [-121.89488999998116, 37.10981000027733], [-121.89484999979821, 37.10981000027733], [-121.89480999961523, 37.1097900001253], [-121.89479000042208, 37.109769999968], [-121.89478000037631, 37.10972000026803], [-121.89479000042208, 37.109659999724826], [-121.89482999970672, 37.109589999747385], [-121.89493000016417, 37.10950000019304], [-121.89496000030141, 37.109450000314794], [-121.89496000030141, 37.10939000027408], [-121.8949400002099, 37.10932000004708], [-121.89491000007267, 37.109280000195355], [-121.89486999988969, 37.10924999975537], [-121.89479000042208, 37.10923000017187], [-121.89451000003959, 37.10920999986668], [-121.89442999967366, 37.10919000027256], [-121.89437000029753, 37.10915000035218], [-121.89435000020602, 37.10910999969426], [-121.89435000020602, 37.109079999903344], [-121.89438000034323, 37.109050000100595], [-121.89452000008532, 37.10901000010622], [-121.89478000037631, 37.108860000118405], [-121.89481999966098, 37.10880999981763], [-121.89484999979821, 37.10872000005271], [-121.89484999979821, 37.10860999971725], [-121.8948430001255, 37.108600000199836], [-121.89482999970672, 37.10857999972827], [-121.8947999995695, 37.10855999996783], [-121.89476000028485, 37.10854000020211], [-121.8945600002683, 37.10846999990587], [-121.89438000034323, 37.10837999973692], [-121.89425999979433, 37.108310000009205], [-121.89418899964922, 37.10828499968141], [-121.89417000028095, 37.10827999990139], [-121.89412000005224, 37.10827999990139], [-121.89403100036378, 37.10830199993385], [-121.89400000040166, 37.108310000009205], [-121.8939200000357, 37.10834000010514], [-121.89385999976125, 37.10834999965689], [-121.8938199995783, 37.10834999965689], [-121.89379000033938, 37.108329999835654], [-121.8937500001564, 37.10829000017747], [-121.89368999988193, 37.10816999964327], [-121.89361000041431, 37.108040000044], [-121.89356199983541, 37.10800199972219], [-121.89350999995688, 37.107980000319], [-121.89340000035203, 37.107980000319], [-121.89333000003181, 37.1080000002326], [-121.89300000031895, 37.108140000196414], [-121.8927299999822, 37.108270000340454], [-121.8924699996912, 37.10842000006404], [-121.89241000031507, 37.10845000011639], [-121.89230999985763, 37.10845000011639], [-121.89227999972043, 37.10840999980512], [-121.89227999972043, 37.108310000009205], [-121.8922999998119, 37.1080299997349], [-121.89235000004061, 37.10778000017603], [-121.89237400033007, 37.1075829998305], [-121.89238000017782, 37.10754000016699], [-121.89237000013209, 37.10745000032573], [-121.89233999999487, 37.107399999810504], [-121.89228999976616, 37.10734999997868], [-121.89221000029852, 37.10730000011381], [-121.89213999997834, 37.10727000032235], [-121.89207999970385, 37.107209999987354], [-121.89200000023625, 37.107060000016595], [-121.89194800035771, 37.107027999898385], [-121.89190800017474, 37.10700299986379], [-121.89184000040265, 37.106959999870995], [-121.89178699980091, 37.10693300029624], [-121.89176000003673, 37.10692000020563], [-121.89174499996813, 37.10691599973646], [-121.89168999971653, 37.10690000000684], [-121.89162000029464, 37.10690000000684], [-121.89157000006593, 37.10690999974871], [-121.89146999960849, 37.10692000020563], [-121.89138000009514, 37.10690999974871], [-121.89130999977493, 37.106890000263654], [-121.89124100017796, 37.10684999984495], [-121.89120000017006, 37.10681000012149], [-121.8911299998499, 37.106793000250526], [-121.89102000024502, 37.10678999989366], [-121.89086999955887, 37.10681000012149], [-121.89076599980179, 37.106847000206706], [-121.89062000021194, 37.10690000000684], [-121.89053999984601, 37.106890000263654], [-121.89046000037837, 37.106860000309794], [-121.89027000040757, 37.10675000013851], [-121.89014999985866, 37.10666000007492], [-121.89011999972142, 37.10663000002996], [-121.89012999976718, 37.106599999973106], [-121.89014999985866, 37.10657999968983], [-121.89020000008738, 37.106550000329605], [-121.89031999973797, 37.10649000014066], [-121.89038000001241, 37.10646999982827], [-121.89041000014966, 37.10642999990418], [-121.89040599995171, 37.106414000071894], [-121.89039000005816, 37.106349999992524], [-121.89035999992092, 37.10631000000502], [-121.8903499998752, 37.10628999964514], [-121.89033999982944, 37.10625000034238], [-121.8903499998752, 37.106210000302106], [-121.89041000014966, 37.10613000015808], [-121.89044600013466, 37.1060939998508], [-121.89049999966304, 37.1060400000742], [-121.89055999993748, 37.10590999968463], [-121.89067000044065, 37.10577999978836], [-121.89072999981678, 37.1056999999066], [-121.89075999995403, 37.10564999966891], [-121.89076900017487, 37.10562200020921], [-121.8907869997182, 37.10561799967148], [-121.89079699976395, 37.1056120002973], [-121.89080599998476, 37.105592999887925], [-121.89082500025134, 37.10546400030048], [-121.89086700008414, 37.105256000280875], [-121.8907309996417, 37.10522599967982], [-121.89042400039337, 37.10525199972376], [-121.89037300033974, 37.105256000280875], [-121.88901300040692, 37.10537599970059], [-121.88890399972865, 37.105385999643616], [-121.8887949999487, 37.10539600030181], [-121.8887099995599, 37.105386999781146], [-121.88848699997715, 37.10530800033931], [-121.88795499969959, 37.105118999707926], [-121.88791299986678, 37.10510399973996], [-121.88730000029666, 37.104910000029946], [-121.88725000006798, 37.104933999895444], [-121.88711399962553, 37.10508999991049], [-121.88670600009483, 37.10555800017706], [-121.88657100037564, 37.10571499975652], [-121.88648299961376, 37.105822999734634], [-121.88622200039616, 37.10614800030533], [-121.88613500035753, 37.10625699979207], [-121.88586900021878, 37.10656999990439], [-121.88507300035056, 37.107510999863656], [-121.88480800003667, 37.107824999913966], [-121.88450199971493, 37.107712000107384], [-121.883583999648, 37.107372999676116], [-121.88327900004946, 37.10726100002442], [-121.88285899992489, 37.10710299995261], [-121.88265899990836, 37.107027999898385], [-121.88079900038335, 37.106329000234574], [-121.88018000006714, 37.1060960001071], [-121.8797750000112, 37.10594200027513], [-121.87932599957432, 37.10577100002976], [-121.87676600044055, 37.10479600002771], [-121.87591299977265, 37.10447200025338], [-121.87575499958888, 37.10441199985118], [-121.87528299958576, 37.10423199979241], [-121.87512600012525, 37.10417199991655], [-121.87496100026881, 37.104109000246545], [-121.87446800034931, 37.10392199980292], [-121.87430400031776, 37.10386000008262], [-121.87345599967271, 37.10353700004883], [-121.87091300025742, 37.10256899973939], [-121.8700660003356, 37.10224700011137], [-121.86931300012509, 37.10237099999224], [-121.86705699986663, 37.10274199967742], [-121.86630500037937, 37.1028670003517], [-121.86590899964595, 37.102931999961704], [-121.86472100014058, 37.10312699988987], [-121.86432600013036, 37.103193000159685], [-121.86354500033075, 37.1033610000008], [-121.86120100020877, 37.103867999910705], [-121.86042100023407, 37.10403699984305], [-121.86038400042418, 37.10404400021365], [-121.8602720002712, 37.104064999888664], [-121.86023600028616, 37.1040729996951], [-121.86000899960712, 37.10417099976298], [-121.86011099971437, 37.103902999686014], [-121.86021600019467, 37.10363299977238], [-121.86068700037288, 37.1024090002733], [-121.8608799998184, 37.1019120003139], [-121.86087399997064, 37.101796999913525], [-121.86085800007707, 37.101453000003836], [-121.8608530000542, 37.10133899981408], [-121.86105899991854, 37.10093999994847], [-121.86167700040983, 37.09974400013487], [-121.86177399959591, 37.099559000092036], [-121.86188400009908, 37.09934599996725], [-121.86184999976386, 37.09934000009636], [-121.86176000025051, 37.09934000009636], [-121.86165899996818, 37.099347999685286], [-121.86127999985148, 37.099380000182094], [-121.86115000015515, 37.09937000016264], [-121.86098500029873, 37.0993649997942], [-121.86076000016782, 37.099360000141864], [-121.86074000007633, 37.099360000141864], [-121.86064600036498, 37.099360000141864], [-121.86042000040918, 37.099360000141864], [-121.8603080002562, 37.099337999661614], [-121.8601969999281, 37.099317000109146], [-121.86005999966073, 37.09928999995951], [-121.85980000026805, 37.09925999986155], [-121.85925000044718, 37.09915000011726], [-121.85918099995187, 37.099141000287446], [-121.8589499999732, 37.09914000006745], [-121.85846000042675, 37.09917000021293], [-121.8582400003187, 37.09917000021293], [-121.85800000011922, 37.09914000006745], [-121.85784000028562, 37.0991099999101], [-121.85774999987396, 37.0991099999101], [-121.85768999959949, 37.09911999996386], [-121.85763000022334, 37.09915000011726], [-121.85753999981165, 37.0992099996719], [-121.85745000029829, 37.09925999986155], [-121.8574300002068, 37.09926699995711], [-121.85739000002383, 37.09927999992818], [-121.85715999987008, 37.09931000001821], [-121.85693999976206, 37.09932000004559], [-121.85685000024868, 37.09933000007163], [-121.85676999988273, 37.09935000011978], [-121.85669000041509, 37.099360000141864], [-121.85660000000343, 37.09935000011978], [-121.85652999968322, 37.09933000007163], [-121.85637999989538, 37.099269999895526], [-121.85630999957517, 37.09925999986155], [-121.85615700031263, 37.09925999986155], [-121.85612999965014, 37.09925999986155], [-121.85591999958783, 37.099239999789646], [-121.85576999980002, 37.0992099996719], [-121.85568000028665, 37.09918000025877], [-121.8555999999207, 37.09914000006745], [-121.85551000040732, 37.09906000033795], [-121.85544000008713, 37.09895999966171], [-121.85532000043652, 37.09880999983279], [-121.85530600019283, 37.09879500004848], [-121.85529399959896, 37.0987819999942], [-121.85526000016209, 37.098742999817986], [-121.85524900029144, 37.09872999975483], [-121.8552400000706, 37.09871999964958], [-121.85513999961316, 37.09865999970688], [-121.85503000000831, 37.09859999971666], [-121.85486000012901, 37.09852000013341], [-121.85470399959507, 37.09847499988295], [-121.85465000006671, 37.098460000032325], [-121.85428000017086, 37.09842000017737], [-121.8538399999548, 37.09839999988372], [-121.85368000012124, 37.09841000003121], [-121.85356999961805, 37.09843999974923], [-121.8531000001631, 37.098590000310715], [-121.85292699991074, 37.09864000019309], [-121.85285999996357, 37.09865999970688], [-121.852480000022, 37.098760000062654], [-121.85234199992972, 37.09879300031585], [-121.85226999995972, 37.09880999983279], [-121.85198999957723, 37.09886000028643], [-121.85180999965216, 37.098879999742145], [-121.85169000000157, 37.098879999742145], [-121.85159999958988, 37.09886999965669], [-121.85139000042591, 37.098830000018204], [-121.85118000036364, 37.09874999996136], [-121.85085999979816, 37.09861999995751], [-121.85056000022254, 37.098510000000445], [-121.85038699997015, 37.09841199977395], [-121.85026399994652, 37.09915100033712], [-121.85015599999149, 37.099141000287446], [-121.84955699976676, 37.099127000072414], [-121.8490859995886, 37.09899699999895], [-121.84871200039306, 37.09873999985876], [-121.848228999621, 37.0984080002884], [-121.84781199986946, 37.09797399968343], [-121.84744699999649, 37.097359000023225], [-121.84737699967631, 37.09723600006537], [-121.8472799995919, 37.0971999998302], [-121.84688999960458, 37.0970399997723], [-121.84673999981676, 37.096999999884176], [-121.84666000034912, 37.096990000267105], [-121.84628999955497, 37.09701999983087], [-121.84614800016305, 37.09684099965428], [-121.84613999976713, 37.09682999976574], [-121.84607000034524, 37.096749999746585], [-121.84596999988781, 37.09665999998234], [-121.84591999965912, 37.0966199998936], [-121.84558499992336, 37.096475999829124], [-121.84543000011264, 37.096410000155956], [-121.84537200038635, 37.096399999744484], [-121.84532399980745, 37.096401000000654], [-121.84528000032483, 37.096410000155956], [-121.84521000000463, 37.09645000035556], [-121.84519699958584, 37.0964589997885], [-121.84516099960081, 37.0964890002791], [-121.84507000026254, 37.09655999972084], [-121.84498400004881, 37.09663800015109], [-121.84493999966789, 37.096680000018786], [-121.8448900003375, 37.096700000049964], [-121.84478999988004, 37.096700000049964], [-121.84471600026022, 37.09668999967677], [-121.84464000009224, 37.096680000018786], [-121.84459999990926, 37.096650000320395], [-121.84449000030442, 37.096500000217155], [-121.84447299968765, 37.0964089998999], [-121.84446000016717, 37.09634000011404], [-121.8444199999842, 37.09626000029405], [-121.84436999975549, 37.09621000027413], [-121.84435600041012, 37.09620299989607], [-121.84431600022714, 37.096183999992746], [-121.84430299980832, 37.09617799987145], [-121.84425599995268, 37.0961559999002], [-121.84419999987618, 37.09613000031687], [-121.84411399966244, 37.0960949998164], [-121.84410000031707, 37.096089999948276], [-121.84407000017985, 37.0960699997561], [-121.84404800043853, 37.09601299993171], [-121.84401999995114, 37.095910000178016], [-121.84401999995114, 37.095880000174745], [-121.8440380003928, 37.09583700031653], [-121.84406400033207, 37.09578200012898], [-121.84410799981467, 37.09568200014176], [-121.84419999987618, 37.09547999995131], [-121.84423400021137, 37.09538200010471], [-121.8442700001964, 37.09527999976423], [-121.84427199984619, 37.095268000094485], [-121.84427900041722, 37.09523299991236], [-121.84428199989195, 37.095221999790375], [-121.8443000003336, 37.09513999967745], [-121.84431000037935, 37.095060000023494], [-121.84428000024211, 37.09493000013702], [-121.84423400021137, 37.09485399993477], [-121.84418999983045, 37.09478000021138], [-121.84413999960172, 37.09472999993131], [-121.84408000022559, 37.09470000017733], [-121.843920000392, 37.09463999991732], [-121.8436299999638, 37.09456999967323], [-121.84348000017597, 37.09454999979638], [-121.84336999967277, 37.094529999914236], [-121.8431670001815, 37.094529999914236], [-121.84312000032587, 37.094529999914236], [-121.84301999986842, 37.094539999855975], [-121.84291000026356, 37.094559999735466], [-121.84278399986687, 37.094559999735466], [-121.84272799979038, 37.094559999735466], [-121.84270000020128, 37.094559999735466], [-121.84256399975885, 37.094529000349915], [-121.84250900040556, 37.09454499982631], [-121.84244999995603, 37.094539999855975], [-121.84235899971941, 37.094546000106966], [-121.84199999969422, 37.09456999967323], [-121.84191299965559, 37.09458299973369], [-121.84179999967769, 37.09460000019522], [-121.8417650004159, 37.09460000019522], [-121.84159999966114, 37.09460000019522], [-121.84151500017065, 37.09458099988988], [-121.84133000022274, 37.094539999855975], [-121.84096000032686, 37.09443999966265], [-121.84086900009025, 37.094389000308595], [-121.84079000044757, 37.094350000020704], [-121.84066999989864, 37.09427000024928], [-121.84059700010371, 37.09420499965622], [-121.84058000038526, 37.09418999967679], [-121.8405619999436, 37.09416599999017], [-121.84052000011081, 37.09410999973644], [-121.84047800027801, 37.094036000003015], [-121.84045300016368, 37.093992000243425], [-121.84043999974487, 37.093970000354076], [-121.84043200024725, 37.09395200017926], [-121.84037799982062, 37.09382800013283], [-121.84037000032298, 37.09380999992433], [-121.84036199992705, 37.09378699969148], [-121.84032000009427, 37.09365999993111], [-121.84031599989632, 37.09364600013639], [-121.84028999995702, 37.09352999979242], [-121.84026999986555, 37.093480000120586], [-121.8402299996826, 37.09344999987177], [-121.84019000039794, 37.0934399997862], [-121.8401300001235, 37.0934399997862], [-121.84001399977254, 37.09346600029261], [-121.83987099965739, 37.09350000027991], [-121.83974000013615, 37.09352999979242], [-121.83962999963298, 37.09353999986612], [-121.8395130003554, 37.093539000288736], [-121.83928999987435, 37.09351999971735], [-121.8391800002695, 37.093480000120586], [-121.8389700002072, 37.09339000005498], [-121.83864999964175, 37.093219999719075], [-121.83862399970248, 37.09319399984482], [-121.8386100003571, 37.09317999996395], [-121.83859000026561, 37.09314000018771], [-121.83858199986969, 37.093090999841856], [-121.83857000017412, 37.09300999987344], [-121.83859000026561, 37.092940000273245], [-121.83863999959598, 37.092859999729725], [-121.83869099964964, 37.09276099977317], [-121.83879000028216, 37.09257000018639], [-121.83879799977973, 37.09253799967959], [-121.83882000041936, 37.09246000004463], [-121.83882000041936, 37.092389999936394], [-121.83881000037363, 37.092259999768544], [-121.83877000019065, 37.09208999976381], [-121.83873000000767, 37.09202000003036], [-121.83870499989334, 37.09199500005866], [-121.8386599996875, 37.091950000232245], [-121.83858900044069, 37.09189800031985], [-121.83857400037206, 37.09188699971372], [-121.83843999957946, 37.091789999836664], [-121.83836799960945, 37.09175199996181], [-121.83824999960864, 37.09169000031361], [-121.83807399988154, 37.09161800028867], [-121.83803000039897, 37.091600000271725], [-121.83791999989577, 37.09156999999516], [-121.83780000024518, 37.09156999999516], [-121.83770999983349, 37.091589999942016], [-121.83756000004567, 37.09166000007267], [-121.83731999984616, 37.091730000138654], [-121.83714300029413, 37.09176999994259], [-121.83709999973811, 37.09178000024861], [-121.83695999999605, 37.091789999836664], [-121.83682199990378, 37.091789999836664], [-121.83673999988801, 37.091789999836664], [-121.83625700001426, 37.09168100031425], [-121.83571999971383, 37.09155999966149], [-121.83561000010897, 37.091519999746716], [-121.83557999997174, 37.09149000015504], [-121.83553999978876, 37.09145999983493], [-121.83546000032115, 37.09135999987641], [-121.83539000000096, 37.09118000033508], [-121.83533999977222, 37.091109999761066], [-121.83529999958927, 37.09107000032533], [-121.83523000016737, 37.091039999838955], [-121.83515999984718, 37.09101999974694], [-121.83508000037955, 37.09101000005727], [-121.83501000005936, 37.09101999974694], [-121.83493999973913, 37.09101999974694], [-121.83484000018002, 37.091039999838955], [-121.83480800039297, 37.091050999851454], [-121.83464000016349, 37.091109999761066], [-121.83432999964377, 37.09123000009134], [-121.83428000031338, 37.09123000009134], [-121.83426400041985, 37.09122899976691], [-121.83419099972662, 37.091221999645306], [-121.83416999981021, 37.091219999712806], [-121.8340900003426, 37.09118000033508], [-121.83400199958072, 37.09111600028371], [-121.8339430000295, 37.09107400019816], [-121.8335899998521, 37.09081999996989], [-121.83356999976058, 37.09079000010106], [-121.83356200026299, 37.0907660000542], [-121.8335299995776, 37.09066000005479], [-121.83347000020147, 37.090540000255096], [-121.8334300000185, 37.0904900000436], [-121.83294999961949, 37.09020999982616], [-121.8324299999358, 37.089870000269926], [-121.8321699996448, 37.0896999999198], [-121.83204499997132, 37.08956499985482], [-121.83203900012356, 37.08954999967353], [-121.83202400005493, 37.08950499982841], [-121.83201999985698, 37.08949000035177], [-121.83198499969687, 37.08925199970802], [-121.83196999962826, 37.089149999715154], [-121.83195000043507, 37.08907000018675], [-121.8318800001149, 37.088969999940886], [-121.8316900001441, 37.0887199998238], [-121.83161999982387, 37.08864999984389], [-121.83154000035626, 37.08859999981866], [-121.83140200026398, 37.088553000123184], [-121.83100600042887, 37.08841899980977], [-121.83080200021439, 37.088351000276724], [-121.83077000042734, 37.08833999987233], [-121.8306699999699, 37.0882899996426], [-121.83038999958741, 37.0880999999019], [-121.83026999993682, 37.08806999967302], [-121.82996000031544, 37.08806999967302], [-121.82984300013956, 37.08806000031066], [-121.82977000034462, 37.08806999967302], [-121.82970000002445, 37.08808999982695], [-121.82945999982492, 37.08821500031102], [-121.82944999977916, 37.08821999998214], [-121.82938000035729, 37.08824000009642], [-121.82933000012856, 37.08824000009642], [-121.82929999999133, 37.08821999998214], [-121.82918000034074, 37.088009999896215], [-121.82906200033997, 37.08791599974431], [-121.8280439998156, 37.08866799984491], [-121.82740600013113, 37.08798999972118], [-121.82719900044191, 37.087894000240794], [-121.82716000008386, 37.08790000030148], [-121.82704999958067, 37.08792999988109], [-121.82692999993007, 37.08797000025748], [-121.8268699996556, 37.08798000034832], [-121.82682000032523, 37.08798000034832], [-121.82675000000502, 37.08795000007189], [-121.82660000021721, 37.08784999978147], [-121.82642000029215, 37.087770000314016], [-121.82632900005554, 37.087754999777445], [-121.82624000036708, 37.08773999995452], [-121.82571999978506, 37.0877000001733], [-121.82561000018022, 37.08771999970825], [-121.82551999976856, 37.08775000007566], [-121.82544000030092, 37.087770000314016], [-121.82531999975201, 37.087770000314016], [-121.8252200001929, 37.08776000019552], [-121.82509999964397, 37.08773999995452], [-121.82489999962746, 37.08771999970825], [-121.82482000015979, 37.087729999832014], [-121.82470999965663, 37.08775000007566], [-121.82446000030968, 37.0878100000583], [-121.82436999989802, 37.0878100000583], [-121.82429000043038, 37.08779999994508], [-121.8242200001102, 37.087779999714634], [-121.8241799999272, 37.08776000019552], [-121.82409999956127, 37.0877000001733], [-121.82405000023087, 37.08765000023796], [-121.82402000009365, 37.0875699998428], [-121.82401000004792, 37.08746000032609], [-121.82400000000219, 37.08741000023237], [-121.8239759997127, 37.08721000024441], [-121.82395999981918, 37.08707000029712], [-121.8239399997277, 37.0869700002788], [-121.82381000003136, 37.08662000025061], [-121.82366000024355, 37.086049999939505], [-121.82364000015205, 37.08600999998302], [-121.82358999992334, 37.08597000000536], [-121.82352999964888, 37.08595000000866], [-121.82346000022699, 37.08595000000866], [-121.82320999998173, 37.08593000000667], [-121.82311000042264, 37.085909999999394], [-121.82226000012774, 37.085690000287734], [-121.82201999992822, 37.085549999682755], [-121.82140999983287, 37.08524999966542], [-121.82131000027377, 37.085170000320204], [-121.82126000004506, 37.085139999648234], [-121.82118999972485, 37.08511199977472], [-121.82096799996698, 37.08502199980411], [-121.82052000025332, 37.08484000015804], [-121.82042999984166, 37.08477999997424], [-121.8201799995964, 37.08455000002391], [-121.820130000266, 37.084490000327136], [-121.82000999971707, 37.08436000022409], [-121.81985999992925, 37.08426000021351], [-121.81970000009568, 37.08416999994795], [-121.81940999966746, 37.08402000022338], [-121.81912000013753, 37.08391999976433], [-121.81904800016753, 37.0839070000246], [-121.81890000002952, 37.083880999821844], [-121.81868199957133, 37.08387099990689], [-121.81864999978427, 37.083870000201934], [-121.81840000043732, 37.08381999988996], [-121.81831000002563, 37.08378000018997], [-121.81823999970544, 37.08373999975217], [-121.81817000028354, 37.08364000035704], [-121.81812000005483, 37.08355000007195], [-121.8180399996889, 37.0832800000089], [-121.8179900003585, 37.08325000002216], [-121.81792000003828, 37.083220000023545], [-121.81782999962662, 37.08316999999947], [-121.817750000159, 37.083089999892366], [-121.81771099980094, 37.08301999972935], [-121.81765999974732, 37.082910000059286], [-121.81759100015032, 37.082818000186585], [-121.81745999973076, 37.08263999986662], [-121.81743999963928, 37.08257000000472], [-121.81744999968502, 37.0825000000782], [-121.81746999977649, 37.08245000029589], [-121.8175200000052, 37.08238000025855], [-121.81755000014245, 37.08227999978595], [-121.81754000009671, 37.082239999989966], [-121.81750999995947, 37.082160000334724], [-121.81742000044612, 37.08201000021601], [-121.81740000035462, 37.08196000011052], [-121.81740000035462, 37.081909999972], [-121.81745999973076, 37.0817099998049], [-121.81745999973076, 37.08159999966723], [-121.81743999963928, 37.08155000000794], [-121.81726999975996, 37.081400000115565], [-121.81717000020085, 37.0812399996644], [-121.8169700001843, 37.08100999972312], [-121.8166100003342, 37.08052000026341], [-121.81655000005975, 37.08046000024354], [-121.8165199999225, 37.08042000020392], [-121.81648999978529, 37.080369999766376], [-121.81647999973956, 37.08025500035494], [-121.81649099961021, 37.08020100007876], [-121.81650999987679, 37.08011000025632], [-121.81660000028846, 37.07986000029996], [-121.81659000024273, 37.07973999988478], [-121.81659000024273, 37.07958000023017], [-121.81660000028846, 37.07952999995531], [-121.81662000037993, 37.079499999917935], [-121.81667999975609, 37.079450000307006], [-121.8167099998933, 37.07935000026947], [-121.81672999998482, 37.0793299999595], [-121.81681000035074, 37.07929000004037], [-121.81690400006205, 37.079232999778704], [-121.81707999978916, 37.07913000015273], [-121.81715000010936, 37.079069999749535], [-121.81725999971421, 37.0789100001143], [-121.81729999989719, 37.07876000001528], [-121.81736000017165, 37.078620000228426], [-121.81738000026314, 37.078470000272304], [-121.81737000021741, 37.07831000008761], [-121.8173199999887, 37.078119999698416], [-121.81727999980569, 37.078030000026914], [-121.81719000029234, 37.077880000336876], [-121.81710999992639, 37.0778199996611], [-121.81702999956043, 37.07776999965894], [-121.8168229998712, 37.077655999674], [-121.81663000042568, 37.0775499999743], [-121.81661299980894, 37.07753999994089], [-121.81640000027191, 37.077410000103285], [-121.81613999998092, 37.07725999990337], [-121.81607999970645, 37.07722999968447], [-121.81604999956923, 37.07722000032556], [-121.81601000028458, 37.07722000032556], [-121.81586999964419, 37.077239999758774], [-121.81578000013081, 37.077239999758774], [-121.81574999999359, 37.07722999968447], [-121.81569999976486, 37.077200000170365], [-121.81558099993917, 37.077107999818594], [-121.81544000037219, 37.07699999976177], [-121.81539099996837, 37.07694900013934], [-121.81522000026418, 37.07676999985808], [-121.81506399973021, 37.07654700001756], [-121.81470800007808, 37.076640000133644], [-121.81467200009308, 37.07660000022871], [-121.81456599978786, 37.076479999670624], [-121.81453099962775, 37.07643999968128], [-121.813971999586, 37.0762400001348], [-121.81392300008052, 37.07621999972116], [-121.81381799960023, 37.076156999745294], [-121.81373099956159, 37.07606699989374], [-121.81356800025328, 37.07587299965935], [-121.81352499969726, 37.07585900016262], [-121.81342599996307, 37.07580699996149], [-121.81334899997017, 37.07572900030972], [-121.813210000053, 37.07555600033616], [-121.8129869995719, 37.07553700027358], [-121.81282799956327, 37.075489999645654], [-121.81265100001127, 37.07538200015111], [-121.81258300023919, 37.07529399973245], [-121.81251600029205, 37.075154999816036], [-121.81244400032202, 37.07477499995066], [-121.81229000033625, 37.07449099970562], [-121.81211399971085, 37.074275999698465], [-121.81199700043328, 37.073995999792096], [-121.81181999998294, 37.073515000163006], [-121.81151799985916, 37.07306099981972], [-121.81140999990413, 37.0729020002551], [-121.81137599956894, 37.07286000011156], [-121.81122900015414, 37.072247999784324], [-121.81118099957527, 37.072047999932316], [-121.81110500030562, 37.07170600017463], [-121.81089000022044, 37.07131500021975], [-121.81065500004381, 37.07088299975322], [-121.81052699999728, 37.070674000258606], [-121.80969099994611, 37.06989600015017], [-121.80947199966299, 37.069734999901264], [-121.80935799986017, 37.06963099966558], [-121.80929900030895, 37.069531000296976], [-121.80927599984442, 37.069493000014916], [-121.80918499960784, 37.06936900009384], [-121.80912199985862, 37.069319000253294], [-121.80907599982788, 37.06930099995859], [-121.80903700036812, 37.06928600006809], [-121.8087479997648, 37.06920599964645], [-121.80851000011344, 37.0691279996558], [-121.80801600036904, 37.06893700001083], [-121.80785499981222, 37.068855000132004], [-121.80765399997078, 37.06870500021166], [-121.80762399983354, 37.068657999649936], [-121.80743999971052, 37.06866999994862], [-121.80732000005995, 37.06867999971826], [-121.8069300000726, 37.06869000020332], [-121.80681000042198, 37.06869000020332], [-121.80672000001032, 37.068660000177715], [-121.80648999985654, 37.06857000002974], [-121.8059440002336, 37.068280999931474], [-121.80587800011136, 37.068305999839644], [-121.8052889999324, 37.068524999915645], [-121.8043669996675, 37.06857099993639], [-121.80396300033478, 37.06851799984772], [-121.80357099979929, 37.06835999998584], [-121.80302400035141, 37.06788100028026], [-121.80301199975754, 37.06787099968854], [-121.8028899995588, 37.067879999647765], [-121.8024800003783, 37.06796000003452], [-121.8023399997379, 37.06796999989772], [-121.80225000022452, 37.06796000003452], [-121.80212999967561, 37.06792999972016], [-121.80199999997929, 37.06786999977265], [-121.80170000040361, 37.06765999994101], [-121.80166600006845, 37.06762900030573], [-121.80151000043283, 37.06748999995864], [-121.80147000024985, 37.06741999972866], [-121.80145000015835, 37.06737000003682], [-121.80142000002111, 37.06711999964965], [-121.8013899998839, 37.06695999988694], [-121.8013699997924, 37.06688999988459], [-121.8011999999131, 37.06671000029878], [-121.80094999966785, 37.066380000068186], [-121.80090000033746, 37.06629000008195], [-121.80087000020023, 37.06622000017807], [-121.80086000015447, 37.06610999978905], [-121.80084000006299, 37.06603999971911], [-121.80047000016712, 37.065689999833886], [-121.80033000042506, 37.0655000000801], [-121.80031000033358, 37.06547000022639], [-121.80022999996763, 37.06543000016399], [-121.80017999973892, 37.065419999965926], [-121.7999599996309, 37.06540999976649], [-121.79969000019246, 37.0654000002826], [-121.79954999955206, 37.06537999987717], [-121.79941999985573, 37.06533999976739], [-121.79910000018857, 37.06522000002816], [-121.7986099997438, 37.06502000027985], [-121.79842999981877, 37.0649300001136], [-121.79814000028885, 37.0647599997471], [-121.79782999976914, 37.06460000002392], [-121.797770000393, 37.06456000021959], [-121.79749000001051, 37.06422999995395], [-121.79742999973605, 37.064180000309754], [-121.79694000018961, 37.06389000000332], [-121.79676000026457, 37.063799999929984], [-121.79667999989861, 37.06377999981954], [-121.7964899999278, 37.06375999970382], [-121.79637000027722, 37.063740000299646], [-121.79608999989472, 37.06362999989835], [-121.79595000015263, 37.06357000013355], [-121.79588999987818, 37.06355999969028], [-121.79581999955799, 37.06355999969028], [-121.79576000018186, 37.06357999985874], [-121.79573000004461, 37.06357999985874], [-121.79563999963293, 37.063609999743086], [-121.79544999966213, 37.06365999976298], [-121.79526999973709, 37.063690000332535], [-121.79519600011724, 37.06370599986684], [-121.79518000022371, 37.063709999749875], [-121.79502000039012, 37.06377999981954], [-121.79496000011567, 37.06377999981954], [-121.79466999968746, 37.06375000000242], [-121.79452999994537, 37.06375000000242], [-121.79437000011181, 37.063770000120776], [-121.79429999979159, 37.06382999972739], [-121.79426999965436, 37.063869999916605], [-121.79422000032399, 37.06397000029749], [-121.79413999995803, 37.064080000205756], [-121.79406999963784, 37.06414999993399], [-121.79394999998723, 37.06422999995395], [-121.79383000033664, 37.064269999932236], [-121.79368999969624, 37.064300000260594], [-121.79354999995415, 37.064309999889495], [-121.79338000007485, 37.064269999932236], [-121.79319000010403, 37.064189999954515], [-121.792969999996, 37.06404000012723], [-121.79287999958433, 37.06399000035784], [-121.79283000025393, 37.06397999996988], [-121.79262000019163, 37.06395999990688], [-121.79252999977996, 37.06395999990688], [-121.79232999976342, 37.063910000084775], [-121.792244000448, 37.063895999813305], [-121.79214999983836, 37.06388000031906], [-121.79211300002844, 37.06388000031906], [-121.79141000004665, 37.06388000031906], [-121.79131999963498, 37.0638600002297], [-121.7912300001216, 37.06382999972739], [-121.79108000033378, 37.063709999749875], [-121.7910400001508, 37.063690000332535], [-121.79098999992209, 37.063690000332535], [-121.7908300000885, 37.06370000004184], [-121.79071000043791, 37.06370000004184], [-121.79065000016347, 37.06367999990507], [-121.79061599982828, 37.06366500033661], [-121.79047000023841, 37.063600000021914], [-121.79019999990166, 37.06362999989835], [-121.79013999962721, 37.06362999989835], [-121.79004000006807, 37.06359000029937], [-121.78986000014304, 37.06340000030333], [-121.7897599996856, 37.06332999988302], [-121.78971000035521, 37.06330999964865], [-121.78935999965252, 37.06329999988788], [-121.78930000027638, 37.06329000012585], [-121.78922999995618, 37.0632600001149], [-121.78915999963598, 37.06319000028225], [-121.78897999971095, 37.062960000070014], [-121.7889000002433, 37.062889999960476], [-121.78882999992311, 37.06285999979139], [-121.78876999964864, 37.062840000149954], [-121.78844999998151, 37.06280999996105], [-121.78832000028518, 37.062769999929685], [-121.78828000010218, 37.06272999987724], [-121.78824999996498, 37.06266000027232], [-121.78821999982773, 37.062450000353266], [-121.78821999982773, 37.062389999655174], [-121.78817999964475, 37.06231999973652], [-121.78812000026862, 37.06227000026711], [-121.78800999976545, 37.06221000014351], [-121.7878800000691, 37.06214999997244], [-121.78772000023554, 37.06209999967414], [-121.78755000035623, 37.06206999990949], [-121.78740999971583, 37.062059999985266], [-121.78726999997374, 37.06206999990949], [-121.78706999995723, 37.06208999975392], [-121.78674000024431, 37.0621599998848], [-121.78656000031927, 37.0621599998848], [-121.78646999990758, 37.06214999997244], [-121.78629199963235, 37.0620869997776], [-121.78616000028619, 37.062040000132924], [-121.78603999973728, 37.061989999762126], [-121.78594000017817, 37.061930000133906], [-121.78580000043608, 37.06180000005978], [-121.78558000032807, 37.061489999976594], [-121.78541999959616, 37.06123000024814], [-121.78532000003705, 37.061080000302745], [-121.78521999957961, 37.06098999976305], [-121.78513000006625, 37.060925000023765], [-121.78510999997476, 37.060909999910585], [-121.78498000027841, 37.060870000311084], [-121.78488999986675, 37.06085000014503], [-121.78479000030764, 37.06081999988603], [-121.78468999985022, 37.060770000144885], [-121.78450999992515, 37.06065999973815], [-121.78429999986287, 37.06042999974082], [-121.78412999998356, 37.06023000026727], [-121.783929999967, 37.06003000026648], [-121.78363000039134, 37.059820000235796], [-121.78345999961373, 37.059720000119334], [-121.78324999955144, 37.05957000005595], [-121.78307999967213, 37.05946000005992], [-121.78299000015878, 37.059369999749016], [-121.78292999988432, 37.059319999769144], [-121.78267999963906, 37.05903999984628], [-121.78242000024636, 37.05876999996617], [-121.78239000010915, 37.05874199967402], [-121.78210999972666, 37.0584799997681], [-121.78201000016755, 37.0583599999305], [-121.78193999984732, 37.05820000032971], [-121.78187999957288, 37.0580299999361], [-121.78176999996802, 37.05776000004622], [-121.78166000036317, 37.05752999986007], [-121.78163000022593, 37.05714000000825], [-121.78161799963206, 37.05710899965831], [-121.78159300041601, 37.05704200006117], [-121.78154999985998, 37.05699099992166], [-121.78101799958245, 37.05673700020606], [-121.77915800005741, 37.05605899986658], [-121.7782569997089, 37.056065000295874], [-121.77806000006544, 37.05584999967283], [-121.7778900001861, 37.05558999997286], [-121.77783099973658, 37.05551299968119], [-121.77775999959147, 37.05542000018367], [-121.77767000007809, 37.05534000019325], [-121.77749000015302, 37.05525000001363], [-121.77720999977053, 37.05517999995942], [-121.77695000037785, 37.05511999996398], [-121.77682399998119, 37.05509800026447], [-121.7767200002241, 37.05508000017965], [-121.77656000039052, 37.05507000005104], [-121.77639999965865, 37.055049999789894], [-121.77628000000804, 37.05503000024036], [-121.77617000040317, 37.05497000012631], [-121.77609000003724, 37.05492000011452], [-121.7760499998543, 37.054859999913496], [-121.77604200035665, 37.05475299980767], [-121.77602999976278, 37.054580000020884], [-121.77600999967129, 37.054450000257255], [-121.77597000038665, 37.05408999969432], [-121.7759100001122, 37.05380000024919], [-121.77580999965477, 37.053500000077186], [-121.77576000032437, 37.053369999897185], [-121.77569000000416, 37.05326000023274], [-121.77563999977545, 37.05322999984038], [-121.7755090002542, 37.05312700002794], [-121.77544999980464, 37.05307999985132], [-121.77533000015406, 37.053020000346265], [-121.77525999983384, 37.05298000017188], [-121.77517000032049, 37.05296000007677], [-121.77504999977158, 37.05296000007677], [-121.77487999989226, 37.05296999976651], [-121.7745800003166, 37.05300999994617], [-121.77438000030007, 37.053000000261704], [-121.77421999956819, 37.05296999976651], [-121.77406999978035, 37.052949999668776], [-121.77379000029617, 37.052869999942104], [-121.77342000040034, 37.05274999983549], [-121.77310999988063, 37.05266000016872], [-121.77295000004703, 37.052619999804584], [-121.77265999961881, 37.052619999804584], [-121.77247999969377, 37.05266000016872], [-121.77228999972296, 37.05271999995841], [-121.77170999976481, 37.05274000011676], [-121.77151999979404, 37.05276000026985], [-121.77131099955668, 37.05282200020898], [-121.77096999997313, 37.05291000017448], [-121.77078000000233, 37.05300999994617], [-121.77054999984854, 37.05322000018491], [-121.77046000033518, 37.05326000023274], [-121.77032999974053, 37.053280000248776], [-121.77004000021061, 37.05328999989635], [-121.76962000008606, 37.05326000023274], [-121.76939999997802, 37.05322999984038], [-121.76891000043156, 37.05307000017608], [-121.7687299996082, 37.053059999782576], [-121.7679200003946, 37.05307999985132], [-121.76786000012014, 37.05311000030303], [-121.76764000001212, 37.053200000153055], [-121.76746000008706, 37.05328999989635], [-121.76734000043648, 37.05332000026504], [-121.76722999993328, 37.05332000026504], [-121.76695999959655, 37.053280000248776], [-121.76655000041605, 37.053149999691954], [-121.76627000003356, 37.05303000002809], [-121.76593000027495, 37.05279000013111], [-121.76580999972602, 37.05271000023573], [-121.76562999980098, 37.052630000256066], [-121.7654420003783, 37.052576999783945], [-121.76537999955572, 37.05255999993578], [-121.76518999958492, 37.052520000235866], [-121.7648499998263, 37.05247000004368], [-121.7647090002593, 37.05245900016904], [-121.76447999993042, 37.05244000005591], [-121.76432000009686, 37.05235999979161], [-121.76414000017182, 37.052259999880306], [-121.7638299996521, 37.05214000024301], [-121.76339000033437, 37.05196000007279], [-121.76327999983117, 37.05188999985145], [-121.76322999960249, 37.051839999961075], [-121.76321999955675, 37.051770000345996], [-121.76324999969397, 37.050959999796774], [-121.76327999983117, 37.05071999980599], [-121.76332000001415, 37.0506599998689], [-121.76339000033437, 37.05059999988442], [-121.76343999966477, 37.050549999861126], [-121.76354000012219, 37.05049999980489], [-121.76365999977278, 37.05042999967082], [-121.7638299996521, 37.050360000189144], [-121.76391000001804, 37.0502999999675], [-121.76409099976803, 37.0501180001521], [-121.76413000012607, 37.05008000018285], [-121.76422999968518, 37.049910000238356], [-121.76427999991391, 37.049859999760486], [-121.76437000032557, 37.04982000007144], [-121.76446999988468, 37.0497899997531], [-121.76460999962677, 37.0497899997531], [-121.76477399965832, 37.04977400015202], [-121.76481999968905, 37.04977000025125], [-121.76486999991779, 37.049729999797805], [-121.76490199970482, 37.04967399970111], [-121.7649200001465, 37.04960999974486], [-121.7648799999635, 37.04946999992128], [-121.76485099965122, 37.049423000347666], [-121.76479999959757, 37.049340000007504], [-121.76467999994699, 37.04922000005491], [-121.76453000015916, 37.049120000308015], [-121.76442999970173, 37.04907000002662], [-121.76418000035477, 37.04898999979475], [-121.76413000012607, 37.04895999986525], [-121.7640899999431, 37.04889999997078], [-121.76403999971438, 37.04881000004009], [-121.763950000201, 37.04867999971283], [-121.76388099970572, 37.04860300029639], [-121.76386999983507, 37.048590000238256], [-121.76380000041318, 37.048540000324685], [-121.76372000004726, 37.04851000021738], [-121.76349999993921, 37.048410000251955], [-121.76339000033437, 37.04836999979874], [-121.76332000001415, 37.04834999992266], [-121.76319000031782, 37.04836000021987], [-121.76307899998974, 37.04836000021987], [-121.76278000023898, 37.04836000021987], [-121.76274000005603, 37.048340000341156], [-121.76269999987305, 37.04831000015479], [-121.76267800013174, 37.04828200030473], [-121.76265999969007, 37.04826000005678], [-121.76261000035967, 37.04817999968813], [-121.7625400000395, 37.0480900003376], [-121.76242000038887, 37.04800999978977], [-121.76199000021857, 37.047820000211914], [-121.76133699956719, 37.04770999967291], [-121.76067799996633, 37.04759999969145], [-121.75819999995004, 37.04879000028001], [-121.75811999958408, 37.04882999979491], [-121.757979999842, 37.04894000014468], [-121.75791000042013, 37.049019999712336], [-121.75770000035784, 37.04946999992128], [-121.75759999990042, 37.04963000000584], [-121.75691000033743, 37.04923999970173], [-121.75679999983423, 37.049180000028564], [-121.75655999963473, 37.04920999987105], [-121.75638999975541, 37.04916999983944], [-121.75637600041004, 37.04916599990684], [-121.75617999969313, 37.04911000011093], [-121.75587000007174, 37.049120000308015], [-121.75584599978231, 37.04911799998188], [-121.75561999982648, 37.049099999912585], [-121.75548000008439, 37.04902999992123], [-121.75536000043381, 37.04891999970188], [-121.75529000011359, 37.04867999971283], [-121.75508000005134, 37.048540000324685], [-121.75492000021775, 37.048449999967175], [-121.75488000003477, 37.04839999996138], [-121.75483999985182, 37.04829999985105], [-121.75481999976031, 37.04792000023767], [-121.75477999957737, 37.0477000000071], [-121.7547200002012, 37.04747000015964], [-121.75471000015547, 37.04745000004647], [-121.75465999992676, 37.04730999982357], [-121.75460999969805, 37.04720999971109], [-121.75449000004745, 37.04711000018391], [-121.7542399998022, 37.04685999971401], [-121.75411000010585, 37.04671000004059], [-121.75403999978563, 37.0465799997015], [-121.75401999969415, 37.046510000253946], [-121.75400999964842, 37.04644000002488], [-121.7540299997399, 37.046350000045216], [-121.75407999996861, 37.04620000008097], [-121.75407999996861, 37.046109999816785], [-121.75405999987711, 37.04605999970356], [-121.75398999955692, 37.045989999776474], [-121.75343999973602, 37.0455700002925], [-121.75338000035987, 37.04549999991361], [-121.75329999999394, 37.045309999788806], [-121.75321299995528, 37.04513599977061], [-121.75312000006888, 37.04495000032374], [-121.75301999961145, 37.044679999783774], [-121.75297000028105, 37.04461000001819], [-121.7523550001628, 37.04379999977647], [-121.74776099963015, 37.03774899996676], [-121.74755800013887, 37.03731499990879], [-121.74682699966968, 37.03574899973904], [-121.74636100041268, 37.034749000308274], [-121.744335000308, 37.03367199968066], [-121.74414000031433, 37.033320000349136], [-121.74392400040426, 37.032922999670916], [-121.74345200040118, 37.032052999937385], [-121.74343999980728, 37.03203000033512], [-121.7429900004438, 37.03126999983121], [-121.74277000033578, 37.030890000312915], [-121.74259000041071, 37.030550000151436], [-121.74238000034843, 37.03024000006971], [-121.74178000029879, 37.02963000030908], [-121.74087999977523, 37.02875000013477], [-121.74080600015537, 37.028679000310234], [-121.7405419996664, 37.02842699995278], [-121.73976500006478, 37.02768399965582], [-121.73931999982585, 37.02730999995902], [-121.73912999985505, 37.027180000108665], [-121.73907700015162, 37.02715699974785], [-121.73872999982198, 37.02700800032888], [-121.73864000030862, 37.026970000266594], [-121.73744000020938, 37.02652000008441], [-121.73661000000597, 37.02619000007333], [-121.73584000007705, 37.02590000018402], [-121.73524000002739, 37.02566400031275], [-121.73408000011115, 37.02520999980515], [-121.73396499958508, 37.025164000035204], [-121.73362300017665, 37.02502599984094], [-121.73351000019873, 37.02497999995958], [-121.73302999979971, 37.02479000012313], [-121.73203999976276, 37.02442000032354], [-121.73183300007354, 37.0243390001638], [-121.73108999990878, 37.02405000015625], [-121.73039000030003, 37.02376999993661], [-121.72988999980953, 37.02355999999115], [-121.72924999957694, 37.023330000170354], [-121.72904000041297, 37.023220000009886], [-121.72782000022225, 37.02274999968184], [-121.72748999961104, 37.02259000032592], [-121.72723000021836, 37.02241999978928], [-121.7269599998816, 37.02223000000511], [-121.72691499967576, 37.02219499982315], [-121.72677999995653, 37.022089999897794], [-121.72667000035169, 37.02196999990784], [-121.72657999994, 37.02188999980928], [-121.72606000025633, 37.021259999854564], [-121.72582599990457, 37.02079299976807], [-121.72582000005681, 37.02077999996879], [-121.72581400020903, 37.02076399999207], [-121.72578099969876, 37.020677999701], [-121.72577099965302, 37.02064999970195], [-121.72627899964114, 37.02070400004943], [-121.72780599997851, 37.02086699996237], [-121.72831499979155, 37.020921999972934], [-121.72868999971028, 37.01992599973049], [-121.73081399972423, 37.02032400002974], [-121.73043899980551, 37.02221800025191], [-121.73131300038985, 37.022416999679386], [-121.73153099994973, 37.022100000067695], [-121.7346399999778, 37.01758599986439], [-121.73618599968344, 37.015341999989076], [-121.72781500019936, 37.00986199977034], [-121.72727000040132, 37.01081699983889], [-121.72656599969632, 37.012053999932], [-121.72357800004207, 37.00966499967236], [-121.7226499999294, 37.0089240001936], [-121.72239600038448, 37.00883400022669], [-121.72163599960295, 37.00856399968661], [-121.72138299988299, 37.0084740000108], [-121.71887100042983, 37.00759500010885], [-121.71876199975154, 37.00755699966268], [-121.71886800005676, 37.00746200025762], [-121.71894300039983, 37.007395999883705], [-121.71941200002989, 37.006977000009854], [-121.7275800000227, 36.99969400012465], [-121.72962399967072, 36.99787199968314], [-121.72896000004701, 36.997249999666444], [-121.72834599975369, 36.996819999792564], [-121.72878799961956, 36.995992999702025], [-121.7290079997276, 36.99534700000194], [-121.72966100037898, 36.9945400000962], [-121.72967200024965, 36.99385099998158], [-121.72980699996884, 36.993554999739935], [-121.73015099992541, 36.99332599969334], [-121.7307049999443, 36.99294599982721], [-121.73132799956014, 36.992709000027496], [-121.73212599997647, 36.992722999794], [-121.73230799955137, 36.992761999949934], [-121.73252500018464, 36.99272900020564], [-121.73309400027213, 36.992713000063574], [-121.7335219998943, 36.99274500034434], [-121.73418399986821, 36.99276599998323], [-121.734598000145, 36.99242000027442], [-121.73482800029876, 36.99223000010901], [-121.73503800036104, 36.99178300001189], [-121.73490799976639, 36.99127499973625], [-121.73485300041312, 36.99105000012321], [-121.7350419996607, 36.99100000035794], [-121.73534899980734, 36.990918999735754], [-121.73619800027733, 36.990604999980825], [-121.73720500003272, 36.99038999985794], [-121.73862699988982, 36.9900849999259], [-121.73865700002703, 36.990044000102955], [-121.73869700021001, 36.989990999721485], [-121.73864199995843, 36.989975999945294], [-121.73638499987509, 36.989367000075504], [-121.73567000019771, 36.98964100010662], [-121.7346890003816, 36.98933600004127], [-121.73429099999832, 36.98936800030785], [-121.73413799983744, 36.989361000116176], [-121.7340139999889, 36.98942300015164], [-121.73323099964117, 36.98980900032363], [-121.73262899994172, 36.989714999778116], [-121.73231199974931, 36.98966400034191], [-121.73187599973123, 36.9898680000342], [-121.73161200014057, 36.9900559999134], [-121.73047099959254, 36.99082199992241], [-121.71792499987548, 36.99554399989568], [-121.71787800001981, 36.99556100031052], [-121.71785799992834, 36.995504000297224], [-121.71785499955529, 36.99541699996798], [-121.71781899957026, 36.995271999915566], [-121.71778400030847, 36.995158000130495], [-121.71769899991966, 36.995043000016835], [-121.71762600012471, 36.994971000106695], [-121.71752099964442, 36.994905999810435], [-121.71761299970592, 36.99460700031475], [-121.7175189999946, 36.994522000006], [-121.71732900002382, 36.994299000289026], [-121.71719099993153, 36.99415800021743], [-121.7170899996492, 36.994070000330275], [-121.716850000348, 36.99399999984181], [-121.71646000036068, 36.99386000010663], [-121.71612999974947, 36.99372000011372], [-121.71577499992223, 36.99357599987261], [-121.71547000032369, 36.99344999970703], [-121.71530000044439, 36.993389999725665], [-121.71524000016994, 36.99334999971176], [-121.71490999955876, 36.993219999880104], [-121.7146600002118, 36.99312999997683], [-121.71457999984584, 36.99312000029992], [-121.71435999973782, 36.99315000004427], [-121.7128580004131, 36.993112999736], [-121.71091799962383, 36.99306599972571], [-121.71040499961285, 36.99234100011604], [-121.71099499961673, 36.991819000049546], [-121.71125499990772, 36.99096999976553], [-121.71137499955832, 36.99058099981365], [-121.71070000006395, 36.98972000019938], [-121.71053199983446, 36.989727999868144], [-121.71002800004432, 36.98975200030441], [-121.70985999981481, 36.989759999969806], [-121.70980999958608, 36.99060300026613], [-121.70902999961143, 36.99026599987784], [-121.70848900001134, 36.990032999796654], [-121.70729899995783, 36.989718999971615], [-121.7055089998547, 36.98935999988373], [-121.70538699965599, 36.98793199966675], [-121.70524400043915, 36.986244999855934], [-121.70218200026677, 36.98617300022762], [-121.70115899971951, 36.986149999654316], [-121.69965800021971, 36.98624999978774], [-121.69535800031322, 36.98514999970108], [-121.69526500042682, 36.98293000001041], [-121.6952579998558, 36.98275000014426], [-121.6966579999716, 36.98135000012331], [-121.6962219999535, 36.980559999716135], [-121.69621600010571, 36.980403000148804], [-121.69620100003709, 36.97993400021589], [-121.69619699983913, 36.979777999715374], [-121.69691999991241, 36.97909999981358], [-121.69728899998336, 36.978488000017315], [-121.69767899997068, 36.977745000212465], [-121.69788499983501, 36.97681799992028], [-121.69789900007872, 36.976755999658884], [-121.69811900018676, 36.97594800017575], [-121.69842799998324, 36.974983999726305], [-121.69830800033264, 36.9740479999341], [-121.6982580001039, 36.97338500011371], [-121.69812900023248, 36.97260499976959], [-121.69782899975851, 36.97209800035485], [-121.69714900024127, 36.97148799972682], [-121.69659000019955, 36.97112400024445], [-121.69583100014125, 36.970449999805155], [-121.69521100000013, 36.969916999905394], [-121.69472099955536, 36.96943700024473], [-121.69403199981731, 36.96895699971038], [-121.69357800025585, 36.96850399978517], [-121.69330299989623, 36.96822999971025], [-121.69235300004225, 36.967998000122634], [-121.69177399990902, 36.96784300007219], [-121.69029000012765, 36.967483000311645], [-121.69017799997467, 36.96737100011867], [-121.69015799988316, 36.967350999733625], [-121.68971500019236, 36.967350999733625], [-121.68955799983354, 36.967350999733625], [-121.68876199996532, 36.96717399975751], [-121.68775799968466, 36.966951000260025], [-121.68665800004285, 36.96745100017081], [-121.6864560003765, 36.96741000035194], [-121.68565799996014, 36.967250999882836], [-121.6849490001306, 36.96718000003104], [-121.68365799979473, 36.967050999787155], [-121.68284600003302, 36.96726700035585], [-121.68215800011984, 36.96745100017081], [-121.68111000035655, 36.967557999804065], [-121.67825800024644, 36.96785000009053], [-121.67806200042786, 36.96763299994028], [-121.67735699989794, 36.96685099988377], [-121.67735699989794, 36.96674799994031], [-121.67735699989794, 36.96655100012012], [-121.67725499979066, 36.96650400020794], [-121.67716199990426, 36.966461000247556], [-121.67719500041453, 36.966035000029144], [-121.6772349996992, 36.96554700023602], [-121.67649300025766, 36.96582000009542], [-121.67609300022458, 36.965967999767756], [-121.67567999977274, 36.96577699974873], [-121.6747569996829, 36.96535100000929], [-121.67441100007649, 36.96535100000929], [-121.67395699961673, 36.96535100000929], [-121.67357000000244, 36.965380000107594], [-121.67265699995838, 36.96545100020264], [-121.67257900014056, 36.96521800020888], [-121.67245699994184, 36.96485099994306], [-121.67237900012405, 36.96465599991714], [-121.6722569999253, 36.964351000181814], [-121.67196200037252, 36.96440899969373], [-121.6717570003331, 36.96445100025321], [-121.67041400011874, 36.96385500012567], [-121.66993000042005, 36.963641000348126], [-121.66613000010578, 36.96433999974964], [-121.66611800041022, 36.96433399996999], [-121.66478699989142, 36.96371400033314], [-121.6646809995862, 36.963600999766165], [-121.66436299956885, 36.96326299978792], [-121.66425700016198, 36.963150999846384], [-121.66410599965091, 36.96189599965562], [-121.66395699968801, 36.960650999951326], [-121.66285700004617, 36.95915099994932], [-121.66299599996336, 36.958486999662995], [-121.66325700007926, 36.95725100035854], [-121.6636460002417, 36.95648499977132], [-121.6643299999569, 36.9551399999255], [-121.66376300041755, 36.95423400021398], [-121.663307000308, 36.95350700032522], [-121.66326899977483, 36.952270999878685], [-121.66325700007926, 36.95185099999802], [-121.66155700038783, 36.95175099989015], [-121.66009500034775, 36.95113199975411], [-121.65895700017278, 36.950651000089344], [-121.65835700012316, 36.95055099984187], [-121.657557000057, 36.950651000089344], [-121.65511900022368, 36.95104999974845], [-121.6540379999501, 36.95058399993088], [-121.65367499972697, 36.94771699997329], [-121.65227100031153, 36.94762800015789], [-121.65285600029254, 36.94575100013455], [-121.65405600039179, 36.94475099993884], [-121.65375599991782, 36.9438510000992], [-121.65322600018838, 36.942262999987726], [-121.65305600030908, 36.941751000292655], [-121.64999800033462, 36.93847400029377], [-121.6488559999617, 36.93725099977653], [-121.64844599988288, 36.93657600015068], [-121.64721800019456, 36.93455099986753], [-121.64680899994063, 36.933876000023304], [-121.64579100031459, 36.93232999987502], [-121.64574399956058, 36.932328000065404], [-121.64287599955695, 36.93226399966681], [-121.64141400041521, 36.93223199980641], [-121.64102500025278, 36.932223999839195], [-121.64134400009502, 36.9331409998567], [-121.64196800043409, 36.93493399975358], [-121.64185600028108, 36.934951000065766], [-121.64225600031416, 36.93635099966481], [-121.64035599970786, 36.937551000084575], [-121.63965600009914, 36.93785099992959], [-121.63945600008259, 36.93775100011248], [-121.63905500022462, 36.93768400009698], [-121.63885600003297, 36.93765100016413], [-121.63807000021052, 36.93829299994761], [-121.63775600039115, 36.93855100000127], [-121.63705500005918, 36.93905300005696], [-121.63185600035236, 36.939252999732865], [-121.63170099964334, 36.93946100024626], [-121.63046000043454, 36.94054400030041], [-121.63040199980988, 36.94053199986303], [-121.62953200032182, 36.94038499973698], [-121.62692399971087, 36.93994399981114], [-121.62605500004774, 36.93979699998669], [-121.62605500004774, 36.93984500003381], [-121.6246859998941, 36.93892700008491], [-121.62404800020965, 36.938493999647164], [-121.6242349998074, 36.93907199980097], [-121.62441100043279, 36.939614999742794], [-121.62473000027505, 36.94009399983792], [-121.62473799977262, 36.9402070001034], [-121.62475500038938, 36.940451000092416], [-121.62111999993155, 36.937476999955535], [-121.61555100032885, 36.93292000030708], [-121.61535600033518, 36.93276100035175], [-121.60991800025373, 36.92831099970403], [-121.60715499983208, 36.92605099972468], [-121.59641900030958, 36.92611399996746], [-121.59035400041435, 36.92615099981222], [-121.5903209999041, 36.92502199987988], [-121.59015400039782, 36.9192520003435], [-121.5835289997376, 36.9192520003435], [-121.58115399965347, 36.9192520003435], [-121.58116000039955, 36.918889999858116], [-121.58124300024025, 36.913610999909544], [-121.58142599964002, 36.901976000042666], [-121.58143800023392, 36.90122699975479], [-121.58144900010457, 36.90055400006472], [-121.58145300030252, 36.9004009999294], [-121.58145499995236, 36.900252000070914], [-121.58135399966999, 36.899151999784195], [-121.5809029995833, 36.89893900000765], [-121.58061800007626, 36.898710999841], [-121.58034899956442, 36.89852200000884], [-121.58032000015041, 36.89849500030248], [-121.58015299974585, 36.89828600009719], [-121.58010400024037, 36.89818800009599], [-121.580079000126, 36.89815900028411], [-121.5799939997372, 36.89799499970367], [-121.57994000020884, 36.897752000324594], [-121.5799179995692, 36.89761200033103], [-121.57989800037603, 36.897544000241496], [-121.57985900001799, 36.89744399999973], [-121.57982800005585, 36.89737799976838], [-121.57970900023015, 36.89703999984424], [-121.57968900013866, 36.896971999963455], [-121.57968499994071, 36.89693600034009], [-121.57965999982633, 36.8968319999758], [-121.57961899981846, 36.8967310002255], [-121.57949499996991, 36.896583999695714], [-121.57938700001488, 36.89647200016253], [-121.57936799974829, 36.89643999964998], [-121.57931400021994, 36.896385000174426], [-121.5792899999305, 36.89635399964271], [-121.57925999979325, 36.89628799990557], [-121.57913699976962, 36.89609799979931], [-121.57911300037848, 36.89606799989056], [-121.57908300024127, 36.8960019999061], [-121.57899500037772, 36.89587699993149], [-121.57892000003463, 36.89578799993395], [-121.5788890000725, 36.89576300002903], [-121.5788050004069, 36.89568100008207], [-121.57875299963005, 36.89562299997884], [-121.57866700031464, 36.89554199990954], [-121.57845800007728, 36.89535900031448], [-121.57840500037382, 36.895301999997706], [-121.57819600013644, 36.895118999827204], [-121.5780499996483, 36.894984000209284], [-121.57791699957889, 36.89488800035167], [-121.57781100017199, 36.894822000065176], [-121.57773699965382, 36.894781999994414], [-121.57760100010971, 36.894689000000334], [-121.57732099972722, 36.894457999941785], [-121.57724000043468, 36.89437299989979], [-121.57707100038029, 36.8941649999472], [-121.57704299989288, 36.89409699966015], [-121.57701799977852, 36.8940679997306], [-121.57696099987712, 36.893972000157746], [-121.57691700039447, 36.8938720002647], [-121.57690700034874, 36.893837999998254], [-121.5768620001429, 36.89373899998129], [-121.57681699993708, 36.89367700034794], [-121.57674199959399, 36.893588999993966], [-121.57671099963186, 36.89356300003322], [-121.57652900005698, 36.893461000212305], [-121.57644600021631, 36.893433000096756], [-121.57635900017767, 36.89341799997932], [-121.57622899958301, 36.89338899979179], [-121.57614599974235, 36.893364999876006], [-121.57611499978022, 36.89333899983897], [-121.5759180001367, 36.89314700017559], [-121.57579699976287, 36.893042999677334], [-121.575763000326, 36.89301899965271], [-121.57572499979287, 36.89299999992727], [-121.57564000030236, 36.892975999889174], [-121.57559599992143, 36.89298300032015], [-121.57544399958547, 36.89301899965271], [-121.57540199975269, 36.893032999787735], [-121.57526500038362, 36.89312400024341], [-121.57510600037497, 36.893246000241945], [-121.57504699992542, 36.893298999709444], [-121.57501400031347, 36.89332200030734], [-121.5749399997953, 36.8934090001948], [-121.57483000019046, 36.893520999912205], [-121.57478199961156, 36.89358100028332], [-121.57467000035687, 36.893811000071636], [-121.57464600006742, 36.89387899989511], [-121.57461500010528, 36.893945000278535], [-121.57455400000592, 36.894113999737606], [-121.574517000196, 36.89425300035553], [-121.57451200017312, 36.89428799976318], [-121.57449299990654, 36.894319999741214], [-121.57446799979219, 36.89438699978645], [-121.57439199962421, 36.894515000170486], [-121.57438499995153, 36.89455000017637], [-121.57435200033956, 36.894615999979635], [-121.57427199997363, 36.894742999941165], [-121.5742410000115, 36.89480800025836], [-121.57419599980562, 36.894982000138626], [-121.57417200041449, 36.89505000035564], [-121.57408200000283, 36.895210999983426], [-121.57399699961401, 36.895336000330424], [-121.57394300008566, 36.89539199987347], [-121.57391200012353, 36.895417999929556], [-121.57383099993265, 36.8955020002161], [-121.57380699964322, 36.89553200034733], [-121.5737770004043, 36.895558999665155], [-121.57374100041928, 36.89558000024544], [-121.57368100014482, 36.89563100019388], [-121.57348399960301, 36.895775000329216], [-121.57341500000604, 36.89582000000152], [-121.57318800022534, 36.89598900033782], [-121.57315300006523, 36.89601100010323], [-121.57294899985074, 36.89619999968827], [-121.57282599982707, 36.89630300017738], [-121.57263500003135, 36.896452999859804], [-121.5725589998634, 36.89649199975769], [-121.57243400018992, 36.896530000339006], [-121.57238999980899, 36.896537999740566], [-121.57231500036423, 36.89657700031342], [-121.57228199985393, 36.89660099993765], [-121.57220400003614, 36.89663599970536], [-121.57209699990602, 36.89669999983434], [-121.57185300040688, 36.89685900027051], [-121.57177800006379, 36.89689699995068], [-121.57171000029173, 36.89694299968949], [-121.57163499994867, 36.89698200005535], [-121.5715949997657, 36.896997000190765], [-121.57151899959771, 36.89703599981067], [-121.57147900031306, 36.8970519999437], [-121.57139399992424, 36.897075000129036], [-121.57130400041086, 36.8970920002616], [-121.57113199998341, 36.89712499978964], [-121.5706010004291, 36.89720000029676], [-121.57051500021535, 36.89721799968908], [-121.5699980000064, 36.89721899969512], [-121.56986400011209, 36.89721499967093], [-121.56977500042365, 36.89720700034032], [-121.56950500008692, 36.89721799968908], [-121.56928099978093, 36.89723699980136], [-121.56919200009247, 36.89723699980136], [-121.56910500005381, 36.89722999976055], [-121.5687939997092, 36.89722599973694], [-121.56870699967057, 36.89722199971311], [-121.56857600014932, 36.89720600033412], [-121.56848900011069, 36.897191000239786], [-121.56835600004128, 36.89717800015562], [-121.56804300004683, 36.89716300005578], [-121.5679550001833, 36.897150999973775], [-121.56786800014466, 36.89713299984725], [-121.56768999986942, 36.89711199969428], [-121.56750999994438, 36.89710699965699], [-121.56692300031354, 36.89707300011322], [-121.56655400024259, 36.896941999679846], [-121.56646899985377, 36.89692000018274], [-121.56639400040903, 36.8968809997852], [-121.56636199972365, 36.89685500022745], [-121.56629300012668, 36.896809999728625], [-121.56621899960852, 36.89676999998133], [-121.56614099979072, 36.89673400026273], [-121.56589800011646, 36.89664099977352], [-121.5658150002758, 36.896613000106136], [-121.5656400003736, 36.896584999710065], [-121.56521900042412, 36.89646700008331], [-121.5650460001718, 36.89643100022179], [-121.5645969997349, 36.89638600019132], [-121.56428399974045, 36.89636999991867], [-121.56410600036352, 36.896345000204384], [-121.56388100023261, 36.896340000116844], [-121.56383699985169, 36.89633500002897], [-121.563794000194, 36.896322999816825], [-121.56339199961276, 36.89627300034916], [-121.56325699989357, 36.896274999667575], [-121.56312200017437, 36.896284999850806], [-121.5630769999685, 36.89628299981428], [-121.5629430000742, 36.89626500020141], [-121.56290100024141, 36.89625199995956], [-121.56027199971406, 36.897110999686845], [-121.56025900019358, 36.89712099976052], [-121.56017200015495, 36.897245999852906], [-121.56010799968251, 36.89737899977233], [-121.56008799959105, 36.89744800001193], [-121.56006000000195, 36.89758800030633], [-121.56003200041286, 36.89773000034262], [-121.56002200036711, 36.89780100026165], [-121.55999200022988, 36.897940999908556], [-121.55996299991756, 36.89854599973982], [-121.55996399974248, 36.898723999663986], [-121.55995899971961, 36.89886599974167], [-121.55996999959025, 36.89936399970671], [-121.55998700020703, 36.89961200029175], [-121.56005900017703, 36.90021299993934], [-121.56007199969751, 36.90024800020569], [-121.56012100010133, 36.90070699989327], [-121.56013799981976, 36.900918999806045], [-121.56018499967541, 36.90190599964239], [-121.56018600039863, 36.90204700032146], [-121.5601689997819, 36.90229500008883], [-121.56017299997987, 36.90236500013221], [-121.56016999960681, 36.90275399967538], [-121.56015899973615, 36.9030720001314], [-121.5601400003679, 36.903284999865114], [-121.56011400042863, 36.903462000304465], [-121.56010000018492, 36.903494999951306], [-121.56006300037498, 36.903650000191526], [-121.56002999986472, 36.9038269997841], [-121.56000899994832, 36.903895999940175], [-121.55999200022988, 36.904001999850216], [-121.55992799975745, 36.904245000158824], [-121.55989500014553, 36.904312000110785], [-121.55982099962736, 36.904516000063225], [-121.55979899988604, 36.904547000152625], [-121.55970900037268, 36.90462600018447], [-121.55962499980878, 36.90470899976606], [-121.55959300002172, 36.904812000263746], [-121.55955399966366, 36.904913999998904], [-121.5595350002954, 36.90494599983133], [-121.55950000013532, 36.905049000009065], [-121.55942499979223, 36.90529000005594], [-121.55937100026387, 36.905425000119195], [-121.55933899957851, 36.90549099985561], [-121.55930199976859, 36.90559300011963], [-121.55926900015662, 36.905658999710774], [-121.55922700032382, 36.90575899996197], [-121.55920700023235, 36.90586500015701], [-121.55918600031592, 36.90593300001479], [-121.55917100024735, 36.90596699992098], [-121.55912799969131, 36.906142000106854], [-121.55910599994999, 36.90621100032433], [-121.55909900027731, 36.90624199972503], [-121.55899700017004, 36.90670099999003], [-121.5589660002079, 36.90701899979847], [-121.55895600016217, 36.907196000195036], [-121.55894500029152, 36.907231000131524], [-121.55895299978911, 36.90729099978], [-121.5589660002079, 36.907855999782164], [-121.55902099956117, 36.908379999924314], [-121.55902200028441, 36.90848600006922], [-121.55901700026155, 36.908591000209775], [-121.55896500038301, 36.90904900013861], [-121.55896100018504, 36.90912000030014], [-121.55892600002495, 36.90922299987071], [-121.55885700042798, 36.90950099968414], [-121.55876399964323, 36.90992200009523], [-121.55866200043431, 36.91015600025922], [-121.55857700004549, 36.91031999984191], [-121.5585219997939, 36.91037599988149], [-121.558452000372, 36.910468000318964], [-121.55832799962515, 36.91057100022423], [-121.55806599968432, 36.91076600006849], [-121.55799700008734, 36.91081200006594], [-121.5579660001252, 36.910837999896074], [-121.55770300035947, 36.910974999849095], [-121.55755600004639, 36.91105699988153], [-121.55736600007558, 36.91115199968628], [-121.5573309999155, 36.91117400010808], [-121.55716799970885, 36.911298000342555], [-121.55707499982245, 36.911375000207194], [-121.55680399966077, 36.91156299998847], [-121.55631999996214, 36.911937999784385], [-121.55618000022005, 36.912075999727854], [-121.55611599974762, 36.91216900007986], [-121.55606899989196, 36.91222800034478], [-121.55601299981545, 36.91228299989324], [-121.555916999556, 36.91240299981521], [-121.55584100028634, 36.91249000021512], [-121.55578400038492, 36.91254399976953], [-121.55573199960807, 36.91260199993997], [-121.5556129997824, 36.91275299970625], [-121.55558000017042, 36.91281900028558], [-121.55555599988098, 36.91284900007293], [-121.55549999980447, 36.91290399989187], [-121.5551559998479, 36.913364000089445], [-121.55511200036528, 36.91343799992465], [-121.55509899994647, 36.9134610001985], [-121.55503000034952, 36.91355199999613], [-121.55494599978562, 36.91367800025498], [-121.55493400009003, 36.91371200030056], [-121.5548899997091, 36.91377499996471], [-121.55485899974698, 36.913840999659634], [-121.55483799983055, 36.9138730000571], [-121.55473900009636, 36.913991000059866], [-121.55467999964684, 36.91404499998807], [-121.55461500024781, 36.914112999736844], [-121.55449899989686, 36.91422100010057], [-121.55397699966504, 36.91465800034996], [-121.55383100007519, 36.914791000084975], [-121.5537769996485, 36.91488799981571], [-121.55372800014302, 36.91498800017904], [-121.55368100028734, 36.91504800019039], [-121.55365299979994, 36.915076000275334], [-121.55361699981493, 36.91509800028357], [-121.55355900008861, 36.915150999657], [-121.55349299996635, 36.91519900014191], [-121.55341500014856, 36.915233000227715], [-121.55324600009418, 36.915277000147206], [-121.55320799956101, 36.91529600007193], [-121.55316699955314, 36.91530999971107], [-121.55307899968959, 36.915327999858924], [-121.5529749999325, 36.91535400030439], [-121.55234200027093, 36.91551299993525], [-121.55230700011082, 36.91552299975186], [-121.55222000007218, 36.91554200033357], [-121.55217599969126, 36.91554699988103], [-121.55204500017001, 36.91557199976815], [-121.55195599958324, 36.91557900028089], [-121.55169000034277, 36.9155880003236], [-121.551600999756, 36.91558600007481], [-121.55151200006755, 36.91558900008889], [-121.55137999982307, 36.915602999674206], [-121.55133700016535, 36.915613999962254], [-121.55126000017245, 36.91565000011016], [-121.55081999995642, 36.915956999723946], [-121.55078200032158, 36.915976000197496], [-121.5506440002293, 36.916068000344566], [-121.55060700041938, 36.91608799983103], [-121.55054700014493, 36.91612500023169], [-121.55039499980897, 36.916221999702216], [-121.55014200008897, 36.91642199967237], [-121.55002900011107, 36.9165190002016], [-121.54999099957794, 36.916551000193635], [-121.54992500035398, 36.91659899979742], [-121.54981700039897, 36.91666299970093], [-121.54978499971361, 36.916687000189576], [-121.54970199987292, 36.91671499967275], [-121.54965400019236, 36.91674299986392], [-121.54963099972781, 36.916756999955616], [-121.5495660003288, 36.91680599989726], [-121.54908900030281, 36.91712399995534], [-121.54901899998264, 36.917166999757576], [-121.54898899984542, 36.917191999831836], [-121.54890799965455, 36.91722500000353], [-121.54883700040774, 36.91726799974877], [-121.5487699995623, 36.91731499987686], [-121.54861399992667, 36.9173849997847], [-121.54852199986517, 36.91740699984505], [-121.54839399981864, 36.91741400018941], [-121.54830500013018, 36.917411000247114], [-121.54816899968775, 36.91740000021826], [-121.54812600003004, 36.91739099967121], [-121.54810900031161, 36.91739099967121], [-121.54808400019725, 36.91739099967121], [-121.54806499993066, 36.91739099967121], [-121.54800899985419, 36.91739099967121], [-121.54799100031082, 36.91739099967121], [-121.54790199972405, 36.917386999986306], [-121.54763499976038, 36.9173780001559], [-121.54758600025487, 36.9173769996959], [-121.54754600007189, 36.9173769996959], [-121.54713599999307, 36.91737500021218], [-121.54709599981013, 36.91739099967121], [-121.54702499966498, 36.9174289998991], [-121.54698500038032, 36.91745199968762], [-121.54685200031095, 36.91754799988542], [-121.54677799979281, 36.91758800023142], [-121.54667700040878, 36.917659000345], [-121.54639100017849, 36.91788600017367], [-121.54603299997821, 36.91815300009446], [-121.5457369997022, 36.91838100033595], [-121.54567999980078, 36.918426000321936], [-121.5454189996849, 36.91855899994983], [-121.54538799972276, 36.91858200011576], [-121.5452710004452, 36.918637000109705], [-121.5451669997898, 36.91869599968038], [-121.54512800033005, 36.91871300002295], [-121.54498900041288, 36.91879899996578], [-121.54487499971175, 36.91885399980322], [-121.54479199987108, 36.91888100020507], [-121.54474800038848, 36.91888799969592], [-121.54453999997601, 36.918954999714714], [-121.5444129997544, 36.918990999721984], [-121.54436900027179, 36.91899899964148], [-121.54419900039247, 36.91904499970098], [-121.5439779995612, 36.91907900022673], [-121.54384299984198, 36.91908400026051], [-121.54352900002264, 36.91908299982284], [-121.54343899961096, 36.91908700013699], [-121.54334999992251, 36.919077999788996], [-121.54322500024902, 36.91909799992246], [-121.54313499983733, 36.919102999954994], [-121.5430469999738, 36.91911700033165], [-121.5430269998823, 36.919123999800846], [-121.54300500014101, 36.91913199970638], [-121.54283199988865, 36.91917100022142], [-121.5426670000322, 36.91922899966145], [-121.54253899998565, 36.91926500025752], [-121.5424989998027, 36.9192819997551], [-121.54239000002278, 36.91934400012952], [-121.54235599968759, 36.91936799977439], [-121.54220599989976, 36.919500999913915], [-121.54190899979882, 36.91971899973271], [-121.54177099970654, 36.919810999673516], [-121.54150899976574, 36.91995000016191], [-121.54127100011438, 36.920048000219694], [-121.54107600012071, 36.9201360002228], [-121.5407580001034, 36.92026599991105], [-121.54052399975167, 36.920371000353775], [-121.54038099963653, 36.92045800028274], [-121.54028299972722, 36.92053000029747], [-121.54022400017598, 36.92058300020502], [-121.54009600012948, 36.9206799997507], [-121.54001599976353, 36.92076499993235], [-121.53991399965628, 36.92092099996847], [-121.53982699961765, 36.92104300005053], [-121.53981099972414, 36.92107599999209], [-121.53974999962477, 36.92116999983446], [-121.5396380003701, 36.921322999971736], [-121.53957800009563, 36.92141700022774], [-121.53954200011063, 36.92148200008489], [-121.5394779996382, 36.92161500012813], [-121.53944599985114, 36.92171800006163], [-121.53940300019343, 36.921818999770636], [-121.53939200032278, 36.92189000025394], [-121.53930100008618, 36.922127999763326], [-121.539238000337, 36.922261000116116], [-121.53918599956015, 36.9224340001954], [-121.53915200012328, 36.92257300021141], [-121.53912000033623, 36.92292599983635], [-121.5391270000089, 36.922962000123356], [-121.5391970003291, 36.92309299968762], [-121.539238000337, 36.92315600022025], [-121.53926500010118, 36.92318499986654], [-121.5395760004458, 36.92344300007279], [-121.53963099979907, 36.92349899981294], [-121.53976100039374, 36.92359700033652], [-121.53992299987712, 36.92373400035165], [-121.5399770003038, 36.92377900005134], [-121.53999800022021, 36.92381000021197], [-121.54042500001745, 36.92422699987382], [-121.54054600039127, 36.9243769999539], [-121.54059099969881, 36.924415000291205], [-121.54064400030057, 36.92447199968443], [-121.54071200007263, 36.92456500000142], [-121.5407380000119, 36.92459399982995], [-121.54075399990542, 36.92462800003591], [-121.54080199958601, 36.92476500035288], [-121.54084400031711, 36.924939999781216], [-121.54085699983759, 36.92504599989207], [-121.54087199990619, 36.92511700024296], [-121.54087399955601, 36.92515199985555], [-121.54084599996693, 36.925292000299585], [-121.54078200039282, 36.92542599979648], [-121.54073600036207, 36.9254869998485], [-121.54068000028558, 36.92554199988887], [-121.5405820003763, 36.92561699974943], [-121.54051500042914, 36.92564599989596], [-121.54044400028403, 36.92569000027054], [-121.5403229999102, 36.925737000234584], [-121.5402790004276, 36.925747000146785], [-121.54023500004665, 36.92575199974333], [-121.54014399981006, 36.92575199974333], [-121.54010399962708, 36.92576899994906], [-121.53993100027304, 36.92588300025901], [-121.53986699980062, 36.925932999711215], [-121.5398090000743, 36.92598800014797], [-121.53968400040083, 36.92613599966384], [-121.53965099989055, 36.92620299977716], [-121.5395830001185, 36.92644700007814], [-121.53943499998049, 36.92658099969933], [-121.53934499956883, 36.92670500001783], [-121.53931399960666, 36.92677200034929], [-121.53929799971313, 36.92684200019318], [-121.53927599997184, 36.92702000016333], [-121.5392729995988, 36.927161999994766], [-121.53925699970526, 36.92723299981131], [-121.53923400013905, 36.92730200033834], [-121.5391479999253, 36.92732199975093], [-121.5390630004348, 36.92734700008642], [-121.53889799968005, 36.927406000098856], [-121.53873700002158, 36.92747200020475], [-121.5385150002637, 36.92759500018427], [-121.53826900021643, 36.927721000220245], [-121.53817399978186, 36.92777099990326], [-121.5380959999641, 36.92780700005686], [-121.53790699981819, 36.92790500006969], [-121.53770000012894, 36.92803900000058], [-121.53692400035222, 36.92863799983435], [-121.53681600039718, 36.92870199968693], [-121.53647999993822, 36.92894000019327], [-121.53611000004237, 36.92914499993111], [-121.53595799970641, 36.929221999728775], [-121.535760000238, 36.929309000329845], [-121.53571699968198, 36.92932000007682], [-121.53562899981841, 36.929335000316826], [-121.53551099981765, 36.92938900015107], [-121.5354360003729, 36.92942799972831], [-121.53530900015129, 36.92953000029585], [-121.53514500011975, 36.929700000220414], [-121.53511499998254, 36.92976700007388], [-121.53507599962448, 36.9298319999933], [-121.53502700011897, 36.92989199981454], [-121.53501000040053, 36.92992500023458], [-121.53498799976093, 36.9299939997612], [-121.53495599997387, 36.9300610000743], [-121.53475199975938, 36.930417999935344], [-121.53469099966, 36.9305530000445], [-121.53461600021524, 36.93068200035624], [-121.53460100014664, 36.93075200020025], [-121.53458799972785, 36.93078700009814], [-121.5345490002681, 36.93085100030077], [-121.53452499997866, 36.93088100017527], [-121.53446300005439, 36.930932999786144], [-121.5343519997263, 36.93099500002153], [-121.53416099993058, 36.93108899984215], [-121.53384899976102, 36.93123200027122], [-121.5337679995702, 36.93126399983336], [-121.5336549995923, 36.931322999686536], [-121.53357299957653, 36.93135199981668], [-121.53353400011676, 36.931369999768116], [-121.5334239996136, 36.931432999923636], [-121.53334699962072, 36.93146899978401], [-121.53323399964279, 36.93152899975284], [-121.53305299989283, 36.931635000037105], [-121.53286000044731, 36.931726999961114], [-121.53277599988341, 36.93175200028813], [-121.53238599989608, 36.93193200010266], [-121.53218699970444, 36.93201599967915], [-121.53210300003884, 36.93203999964371], [-121.53193800018241, 36.93209999988115], [-121.53189499962639, 36.932109999676776], [-121.53178500002153, 36.93217199967288], [-121.53150700018719, 36.93228800027137], [-121.5314650003544, 36.93230199966309], [-121.53099199962806, 36.93250400034584], [-121.53090799996247, 36.93252999996112], [-121.53068399965647, 36.93265099987692], [-121.5304950004089, 36.93274799986658], [-121.53016399997281, 36.932934000300854], [-121.53002199968259, 36.93302199979221], [-121.52985699982612, 36.93313199973161], [-121.52971299988609, 36.933228999827136], [-121.52960300028127, 36.93329199988227], [-121.52938399999815, 36.93347100011954], [-121.5293260002718, 36.933526000144084], [-121.52916600043824, 36.93369700001919], [-121.52885799956837, 36.93404800007248], [-121.52881200043592, 36.93410899968775], [-121.5285589998176, 36.93436100027653], [-121.52853799990122, 36.93439199972442], [-121.5283179997932, 36.93456899978151], [-121.52807500011895, 36.93478199987727], [-121.52742099964266, 36.935322000274084], [-121.5273960004266, 36.93535100031879], [-121.52732000025863, 36.93540699992815], [-121.52729699979407, 36.935424000134816], [-121.52701999978466, 36.935605000114826], [-121.52681899994319, 36.935746999750656], [-121.52655700000236, 36.93588499968933], [-121.5261290003802, 36.936087000210414], [-121.52581499966254, 36.936228000171496], [-121.52548400012473, 36.93634000021443], [-121.52531099987237, 36.93637899982528], [-121.52527200041261, 36.93639800023605], [-121.52522800003169, 36.93640599976515], [-121.52512000007665, 36.936443000358615], [-121.52499200003014, 36.93647499988711], [-121.52487400002937, 36.93652599978098], [-121.52483800004434, 36.9365459996456], [-121.52479500038665, 36.936556999784294], [-121.5246780002108, 36.93660899983099], [-121.52443800001129, 36.936701999701796], [-121.52424200019269, 36.93678299986734], [-121.5240379999782, 36.93685699995224], [-121.52400399964301, 36.9368800003424], [-121.52384999965722, 36.93695099972357], [-121.52359100008945, 36.93708999983751], [-121.52353099981501, 36.93714200023852], [-121.52340199994354, 36.937240999937394], [-121.52331200043021, 36.93731899965308], [-121.5232000002772, 36.937471000213634], [-121.52308200027642, 36.937621000082245], [-121.52303100022279, 36.93767799965335], [-121.52291099967388, 36.937946000101014], [-121.52286100034345, 36.938045000191465], [-121.5228400004271, 36.93807600029489], [-121.52279600004617, 36.93828499989862], [-121.52278099997753, 36.93831899974214], [-121.52275000001539, 36.938422000083655], [-121.52272599972595, 36.938560999668525], [-121.52268999974095, 36.93866300022017], [-121.52232900006592, 36.93946299986871], [-121.52231599964713, 36.939532000094765], [-121.52228999970787, 36.93956099997344], [-121.5222710003396, 36.93959300034661], [-121.52222600013376, 36.93969100028415], [-121.5221509997907, 36.93977700025732], [-121.52208800004148, 36.939825000317036], [-121.5219059995683, 36.93997700018703], [-121.5218419999942, 36.94002600028358], [-121.5217850000928, 36.94007900027931], [-121.52172099962037, 36.94012800031026], [-121.52160199979468, 36.94023299996284], [-121.52144600015907, 36.940358999929344], [-121.52138099986175, 36.94040700034046], [-121.521258999663, 36.940510000013646], [-121.52084000026169, 36.94082399967772], [-121.52074700037525, 36.94089800014648], [-121.52064799974272, 36.940969000092004], [-121.52058599981845, 36.94101899970046], [-121.52025699993048, 36.94125599965272], [-121.52003400034772, 36.94142899970384], [-121.51986500029332, 36.941545999997146], [-121.51969000039115, 36.941659000263265], [-121.51954599955278, 36.94174199974838], [-121.51950600026814, 36.94175899997782], [-121.5193980003131, 36.94181999988284], [-121.51933300001575, 36.94186800009153], [-121.51915200026579, 36.941972000081044], [-121.51910500041014, 36.941991999952286], [-121.5189489998762, 36.94204600015282], [-121.51890700004341, 36.94205600007937], [-121.51872899976819, 36.94206300031438], [-121.5186400000797, 36.942058000351714], [-121.51841800032187, 36.94206100004216], [-121.51832999956002, 36.942073999656685], [-121.5180619997714, 36.94210300000384], [-121.51766400028647, 36.94215700012571], [-121.5175339996918, 36.94217900021756], [-121.51745099985112, 36.942201000303115], [-121.51740599964529, 36.94220399998789], [-121.5173239996295, 36.94223300028556], [-121.51724800035987, 36.94227000020372], [-121.51710600006962, 36.9423570002703], [-121.51694700006098, 36.94247999992259], [-121.5168569996493, 36.942558000019474], [-121.51674899969424, 36.94271299984614], [-121.51672000028024, 36.94277999974773], [-121.51669799964061, 36.942848999841985], [-121.51667900027238, 36.94288100027032], [-121.51667699972423, 36.942916999748896], [-121.51666599985356, 36.942951999804], [-121.51664900013513, 36.94305799999591], [-121.51661800017301, 36.94316099967539], [-121.51648199973057, 36.94353300023692], [-121.51643900007286, 36.94366800008998], [-121.51642400000422, 36.943701000288904], [-121.51632299972191, 36.94385900028185], [-121.51625699959966, 36.94394999969734], [-121.51620100042147, 36.94400600016732], [-121.51618299997982, 36.944038000109664], [-121.51615899969036, 36.94406799981908], [-121.51606900017701, 36.94414599972617], [-121.5160399998647, 36.94416500035416], [-121.51600300005475, 36.94419100029901], [-121.51597499956735, 36.94421899973258], [-121.51587599983316, 36.94428799995952], [-121.51580499968804, 36.94433100023588], [-121.5157240003955, 36.94436199993582], [-121.51568000001457, 36.94437000006477], [-121.51563999983162, 36.9443830000033], [-121.5156030000217, 36.94440500017036], [-121.51543700034034, 36.9444540002912], [-121.5153560001495, 36.94448399983677], [-121.51531400031669, 36.94449300005713], [-121.51515000028516, 36.94454699992099], [-121.51498799990344, 36.944606999645096], [-121.51490400023785, 36.944632000054625], [-121.51478200003913, 36.94467700034041], [-121.51474000020634, 36.94468800002331], [-121.5146950000005, 36.9446929998134], [-121.51444599958016, 36.94477099979857], [-121.51432699975445, 36.944819999684015], [-121.51429099976944, 36.944841999724844], [-121.51421299995162, 36.94487700033155], [-121.51406099961568, 36.94495299993206], [-121.51396199988147, 36.94502399968878], [-121.51386999981996, 36.9450999998606], [-121.51381299991856, 36.94515500010772], [-121.51377899958335, 36.9452199998264], [-121.51368300022222, 36.94534000032115], [-121.51364700023721, 36.94540299969752], [-121.51357500026718, 36.94549199995853], [-121.51345600044151, 36.94571800010561], [-121.51344600039575, 36.94575200022224], [-121.51337600007555, 36.94588099993537], [-121.513352999611, 36.94594699983773], [-121.51332300037211, 36.94601200031654], [-121.5132959997096, 36.946040999882726], [-121.51327599961813, 36.946072000322786], [-121.51326800012052, 36.94610699964648], [-121.5130689999289, 36.94645900005308], [-121.51302700009609, 36.9465209998624], [-121.5129779996923, 36.946581000185674], [-121.5129419997073, 36.946645000047674], [-121.51280600016315, 36.94679800002698], [-121.5124289996963, 36.94722600031726], [-121.51235699972628, 36.947314999884426], [-121.51230999987061, 36.947451000280516], [-121.51223200005282, 36.9476520002313], [-121.51219400041798, 36.94771499984952], [-121.51214900021212, 36.94781400016998], [-121.51210900002917, 36.94795199979281], [-121.51207300004414, 36.94801599993878], [-121.51206499964823, 36.94803999988995], [-121.51203899970893, 36.94811699998134], [-121.51201199994478, 36.94822100005579], [-121.51196799956385, 36.94835899965925], [-121.5119509998454, 36.94842799972617], [-121.5118880000962, 36.948597999853334], [-121.51183600021768, 36.948762000030285], [-121.51183399966955, 36.94877099974525], [-121.51178000014117, 36.94890599964943], [-121.51177699976813, 36.94894099982482], [-121.51177299957018, 36.9489930000352], [-121.51175599985176, 36.94902500003659], [-121.51173599976025, 36.94913000035054], [-121.51172099969162, 36.94918900001217], [-121.51170899999607, 36.949233999759855], [-121.51169200027765, 36.94926599966], [-121.51169300010254, 36.94930799995723], [-121.51168399988173, 36.949332000219265], [-121.51168100040698, 36.949342999947916], [-121.51168499970662, 36.94937699988247], [-121.51167999968375, 36.94944699978439], [-121.5116830000568, 36.949480999672524], [-121.51167899985883, 36.94953400027019], [-121.51167600038411, 36.949601999953614], [-121.51167499966088, 36.94962199997561], [-121.51167999968375, 36.94972600014903], [-121.5117249998896, 36.949965999676024], [-121.51172900008754, 36.95003399969166], [-121.51174300033125, 36.95006700000465], [-121.51177599994323, 36.950446000050874], [-121.51177099992033, 36.95048100023657], [-121.51178099996609, 36.950619000053166], [-121.51178099996609, 36.950688000226606], [-121.51179100001184, 36.950757000337596], [-121.51180199988246, 36.95093000035139], [-121.51180100005757, 36.95100000026196], [-121.51181100010334, 36.95110399998969], [-121.51182500034702, 36.951172999723845], [-121.51192599973106, 36.951407999649895], [-121.51192699955595, 36.95144300011145], [-121.51195500004337, 36.95147099975126], [-121.51201799979256, 36.95160399987379], [-121.5120279998383, 36.95163900024527], [-121.51204299990691, 36.95177900013462], [-121.51205499960248, 36.95181299969968], [-121.51205799997551, 36.95182799981972], [-121.51214400018924, 36.95222699977415], [-121.512154000235, 36.95229699992848], [-121.51213900016639, 36.95247300003228], [-121.51211599970186, 36.95254199996199], [-121.51211499987694, 36.952583999888574], [-121.5120710003943, 36.952645999737925], [-121.51204499955675, 36.95267499965014], [-121.51191099966242, 36.95277000000307], [-121.51187200020271, 36.95278699992527], [-121.5116909995544, 36.952889000096654], [-121.51153400009387, 36.95295599966333], [-121.51145000042828, 36.95298100020439], [-121.51140600004736, 36.95298900014608], [-121.51084199998277, 36.9532089996492], [-121.51075900014207, 36.953235000096676], [-121.51065200001196, 36.953298000122565], [-121.51053300018627, 36.95340300028918], [-121.51047100026197, 36.95345199964739], [-121.5104009999418, 36.953542999807595], [-121.51035900010899, 36.95364399970037], [-121.51032399994888, 36.9537090000722], [-121.51028499959084, 36.953810999726684], [-121.51023100006246, 36.954052999979076], [-121.51022799968943, 36.954122999890885], [-121.5102329997123, 36.95486199997804], [-121.51022699986454, 36.95493199986415], [-121.51023000023757, 36.9550730001265], [-121.5102190003669, 36.95514299981867], [-121.51020500012322, 36.95535199998328], [-121.51020199975017, 36.95545800014974], [-121.51019500007746, 36.95552800020591], [-121.51019599990238, 36.95566800012521], [-121.51018800040477, 36.95573700003176], [-121.51019000005459, 36.9558079997871], [-121.51018599985665, 36.955841999707175], [-121.51018500003174, 36.95601900018602], [-121.51025199997888, 36.956403999733894], [-121.51027899974304, 36.95646999985068], [-121.51034999988818, 36.956600000022114], [-121.5104589996681, 36.956752000162005], [-121.51051899994256, 36.95680400006468], [-121.51061500020204, 36.95687700014414], [-121.5107189999591, 36.95694199991026], [-121.51086799992203, 36.95701599979726], [-121.51104600019725, 36.957117000109], [-121.51113200041097, 36.9571600003219], [-121.51126799995511, 36.9572290003123], [-121.51133999992511, 36.957268999934826], [-121.51141699991803, 36.957302999920465], [-121.51145000042828, 36.957325999881014], [-121.51160199986596, 36.95739700030844], [-121.51171300019404, 36.95745500009282], [-121.51181699995111, 36.957520000083385], [-121.5120639998233, 36.957727000324105], [-121.51213900016639, 36.95781399996608], [-121.51218400037223, 36.957874000007756], [-121.51226300001495, 36.95799699973008], [-121.51231999991634, 36.95816899988403], [-121.51235300042661, 36.95834400013439], [-121.51239100006146, 36.95851899998258], [-121.51241899965056, 36.9587300000482], [-121.5124210001987, 36.95879999996803], [-121.51243000041951, 36.95883499990382], [-121.51239299971128, 36.958885999904474], [-121.51232099974126, 36.95897400028983], [-121.5122749997105, 36.959035999961884], [-121.51222799985484, 36.95907899980901], [-121.51221799980911, 36.95908799974053], [-121.51209099958749, 36.95918599972378], [-121.51203299986118, 36.95923900002843], [-121.51188899992113, 36.95932400027744], [-121.51181299975313, 36.95936199969935], [-121.51177299957018, 36.95937300013294], [-121.51172800026265, 36.959387000290974], [-121.5116470000718, 36.95941699969804], [-121.51156000003316, 36.95943600010599], [-121.51125200006159, 36.959482000167284], [-121.51116599984788, 36.95949900002686], [-121.5110760003345, 36.95949499968021], [-121.51081400039367, 36.95945399988357], [-121.51068100032428, 36.959437999921974], [-121.51059000008767, 36.95943500019795], [-121.51041299963734, 36.959446999811064], [-121.51036800032983, 36.959446999811064], [-121.51027999956796, 36.95946299977082], [-121.51015499989451, 36.95950199974836], [-121.51011100041187, 36.9595070000017], [-121.50999000003807, 36.95955300002011], [-121.50991899989293, 36.95959700019896], [-121.5098889997557, 36.95962299990121], [-121.50982000015874, 36.95966600013461], [-121.50970200015794, 36.95977100013521], [-121.50966500034805, 36.95980299991516], [-121.50955400001996, 36.959902000315715], [-121.50951800003493, 36.95993499994209], [-121.50940099985908, 36.96003899967166], [-121.50937699956964, 36.96006800035776], [-121.5093590000263, 36.96010000001289], [-121.50933499973684, 36.96016800031219], [-121.50930600032284, 36.96023300014035], [-121.50927100016273, 36.96029600011963], [-121.50925000024634, 36.960386999997695], [-121.5092479996982, 36.96040000007393], [-121.50912700022269, 36.96085100035092], [-121.50911800000188, 36.960919999868025], [-121.50900500002398, 36.96154799976622], [-121.50900000000108, 36.96161799996664], [-121.5089449997495, 36.961977000311286], [-121.50889399969589, 36.96231699999674], [-121.50886299973375, 36.962421000061745], [-121.50884699984023, 36.96245400003194], [-121.50883199977162, 36.96250399989435], [-121.50880400018251, 36.96259199968723], [-121.50872200016674, 36.96275300028484], [-121.50869000037969, 36.9628189999232], [-121.50866299971722, 36.962885000222144], [-121.50856200033319, 36.96304200003988], [-121.50845799967777, 36.96315699971927], [-121.50839699957841, 36.96325199991632], [-121.50832399978349, 36.96334000028022], [-121.50824599996568, 36.963411000124474], [-121.50817800019362, 36.96347500020031], [-121.50816200030008, 36.96350900028596], [-121.5081549997291, 36.96354400021058], [-121.5081549997291, 36.96361499986459], [-121.50814499968335, 36.96364899988777], [-121.50800699959109, 36.963657000144316], [-121.50796200028356, 36.963656000291756], [-121.50791700007771, 36.963662999977316], [-121.50787400042, 36.963668999809855], [-121.50784000008481, 36.96368899972667], [-121.5076919999468, 36.963720000161594], [-121.50723900021029, 36.96376499993696], [-121.50693999956123, 36.96377499988344], [-121.50681999991063, 36.96380100031233], [-121.50678599957544, 36.96377999985617], [-121.50671699997847, 36.963779000005225], [-121.50591299971433, 36.96380300001368], [-121.50577499962208, 36.96383600010265], [-121.50571500024594, 36.96386900017734], [-121.50561599961341, 36.96391600028078], [-121.50553299977275, 36.96397699966924], [-121.50537700013713, 36.96411299974195], [-121.50535000037294, 36.96415099964498], [-121.50528000005275, 36.964215999661754], [-121.50524200041794, 36.964407999851], [-121.5052680003572, 36.96443599974843], [-121.50529099992342, 36.96455399971573], [-121.50528900027359, 36.96465000016245], [-121.50525300028858, 36.96474599977034], [-121.50518299996835, 36.96482800010216], [-121.50517399974754, 36.96486200030141], [-121.50513000026493, 36.96490300005702], [-121.50506800034064, 36.965039999745485], [-121.50504099967816, 36.96507399985], [-121.50498299995184, 36.965460000098815], [-121.50498200012692, 36.965501000250086], [-121.50495500036273, 36.965556000120785], [-121.50493400044634, 36.965770000257535], [-121.50492100002755, 36.9657929998138], [-121.50489699973812, 36.96592100021335], [-121.50489300043844, 36.96609299969364], [-121.50484400003467, 36.96645800008252], [-121.50477200006463, 36.96662899997142], [-121.50472799968371, 36.966670000210875], [-121.50461499970581, 36.966807000308215], [-121.50450000007807, 36.96695699983343], [-121.50447300031391, 36.967060000211866], [-121.50444599965138, 36.96712199975926], [-121.50447099976574, 36.96734999992954], [-121.50453199986512, 36.96754299991148], [-121.5045569999795, 36.96757100009132], [-121.50457299987299, 36.96763399974065], [-121.50457899972078, 36.96777800028125], [-121.5045519999566, 36.96784699998023], [-121.50440399981859, 36.9679620002965], [-121.50437799987935, 36.96797600031065], [-121.50435199994008, 36.96797499979707], [-121.50431799960487, 36.96799599981373], [-121.50404300014358, 36.968061000136274], [-121.5039739996483, 36.9681020003222], [-121.50391300044724, 36.9681489999655], [-121.50373900036999, 36.96829899971726], [-121.50360700012547, 36.96846299981576], [-121.50356100009473, 36.96863400022491], [-121.50352599993462, 36.9686750001022], [-121.50344800011683, 36.968835000252454], [-121.50341899980451, 36.968929000040305], [-121.50338299981951, 36.969004000261194], [-121.50334799965941, 36.9690449999392], [-121.50330300035188, 36.96915500026168], [-121.50327700041261, 36.96918899996379], [-121.50326800019177, 36.9692170002559], [-121.50324100042761, 36.96925099993033], [-121.50322800000879, 36.9692850003073], [-121.50310800035821, 36.96952499991869], [-121.50306399997729, 36.969572999893686], [-121.50302799999226, 36.96965500005012], [-121.50300200005302, 36.96967499982982], [-121.50298399961133, 36.96971700035482], [-121.50294099995364, 36.96975699987636], [-121.50292300041029, 36.969804999705076], [-121.50277400044736, 36.96995499978209], [-121.50275900037876, 36.96997200017414], [-121.50267800018791, 36.97006800024784], [-121.50254699976834, 36.970193999667394], [-121.50249499988979, 36.97025900026614], [-121.50245100040716, 36.970296000206744], [-121.50237299969108, 36.97037800030201], [-121.50230300026917, 36.970460000308954], [-121.50228400000259, 36.97052799996757], [-121.50222999957593, 36.97067200005744], [-121.5020870003591, 36.9710019999535], [-121.50204299997817, 36.97104899995935], [-121.50203399975733, 36.971077000284964], [-121.50199100009965, 36.97111099984624], [-121.50198199987881, 36.971134999696325], [-121.50195599993954, 36.97116500021598], [-121.50197199983307, 36.9711860000703], [-121.5017500000752, 36.9716499999186], [-121.50148800013437, 36.97189500012505], [-121.49971200027498, 36.97348600024166], [-121.49919300041618, 36.9739489999868], [-121.49775499976727, 36.97523199978467], [-121.49188700041381, 36.98047100025253], [-121.48993099973103, 36.98221799988438], [-121.48978299959302, 36.98234900018706], [-121.48944899968218, 36.98264799979188], [-121.4893449999251, 36.98275099974605], [-121.48920600000793, 36.98289099983634], [-121.48894900008999, 36.98314799991598], [-121.48768700006647, 36.98277999967315], [-121.48587299967389, 36.98225099988328], [-121.47559999993369, 36.97925699991658], [-121.47352100012554, 36.978651999690335], [-121.47349500018628, 36.978644000292114], [-121.47342599969102, 36.978623999998746], [-121.47280100042533, 36.97844199995806], [-121.47217600026134, 36.97826000019971], [-121.47215399962174, 36.97824599992423], [-121.47208500002476, 36.97823300002498], [-121.47206300028347, 36.97822699990508], [-121.47203899999398, 36.9782200001235], [-121.47193500023693, 36.978188999852584], [-121.47162300006738, 36.9780990001058], [-121.4715190003103, 36.978069000166556], [-121.47150400024171, 36.9780639996971], [-121.47146200040892, 36.978052000147876], [-121.47144800016521, 36.97804800005848], [-121.47138799989075, 36.97803300008028], [-121.47120999961551, 36.97798800012793], [-121.4711510000643, 36.97797399980241], [-121.47113199979772, 36.977969000044354], [-121.47107499989629, 36.97795400005059], [-121.47105599962974, 36.977949999956095], [-121.47101799999488, 36.977939999718856], [-121.47090500001698, 36.97791199976522], [-121.47086800020706, 36.97790299990613], [-121.47064700027413, 36.97784800034518], [-121.47055100001467, 36.9778279998426], [-121.47045899995317, 36.97781000010344], [-121.47014799960854, 36.977747999932625], [-121.46999299979784, 36.97770099975791], [-121.46960899965829, 36.977581999689605], [-121.4692990000369, 36.97748700015278], [-121.46922899971668, 36.97745000011979], [-121.46902100020253, 36.977340000303364], [-121.46895199970724, 36.97730399987226], [-121.46793900010405, 36.976772000286765], [-121.46707100026583, 36.97707300034855], [-121.46356100037977, 36.978294000140274], [-121.46390600016126, 36.97885099979036], [-121.46394499962103, 36.97891499980209], [-121.46397800013129, 36.978967000355006], [-121.46458700040176, 36.979950000175585], [-121.46486199986305, 36.98039399986666], [-121.4659480001595, 36.982147999969804], [-121.46560900022578, 36.98254400009381], [-121.46459400007444, 36.98373600008839], [-121.46425599996566, 36.98413300014148], [-121.46419599969119, 36.98420200008218], [-121.46401800031427, 36.984413000001325], [-121.46395899986474, 36.984482999984635], [-121.46391600020704, 36.984532999728295], [-121.46365599991601, 36.984877000288456], [-121.46193799978292, 36.98546899971329], [-121.46079399976017, 36.9856369998163], [-121.46004599957254, 36.98574800011653], [-121.45962399979817, 36.98605099966541], [-121.45754699963986, 36.987547999810246], [-121.45694699959023, 36.98744799994808], [-121.45664700001458, 36.98664799990574], [-121.45434700027349, 36.98764800025856], [-121.4540090001647, 36.987749000111435], [-121.45334700019082, 36.98794699984602], [-121.45272200002682, 36.9878579996957], [-121.45266900032337, 36.98787700017997], [-121.45265500007966, 36.98786999985102], [-121.45265400025477, 36.98784900029551], [-121.45259099960725, 36.987855999908795], [-121.45256499966798, 36.987855999908795], [-121.45254700012462, 36.98784800004315], [-121.45218200025165, 36.9887589998753], [-121.45207000009864, 36.988809999918374], [-121.45197200018937, 36.98883999992771], [-121.45060700023369, 36.988944000346805], [-121.44911900025434, 36.988210999647144], [-121.44917299978269, 36.98790500005412], [-121.44933400033952, 36.98698999970303], [-121.44938899969276, 36.98668499977122], [-121.4494599998379, 36.986577000210325], [-121.44967499992305, 36.9862549997192], [-121.44974699989308, 36.986147999822514], [-121.44958100021172, 36.986042000051455], [-121.44908400009426, 36.98572399985201], [-121.44891900023781, 36.98561800020767], [-121.44822999960141, 36.98445200011272], [-121.44734599986967, 36.98295500003789], [-121.44589999972311, 36.98233800020314], [-121.44520799961198, 36.98204199964853], [-121.44461199976031, 36.98178799969945], [-121.44426000030612, 36.98163799998102], [-121.44401799955847, 36.981534999955294], [-121.44396400003012, 36.98151000017883], [-121.44273799999162, 36.98092200002523], [-121.44042800020479, 36.979815999691965], [-121.43905900005116, 36.97916299996696], [-121.43783200018773, 36.978578999678255], [-121.43781499957097, 36.978578999678255], [-121.4377950003778, 36.97856100011674], [-121.43778299978392, 36.97855599967962], [-121.43776500024057, 36.97854600023967], [-121.43771699966167, 36.978515999759004], [-121.43769699957019, 36.97850999966142], [-121.43768999989751, 36.97850000021542], [-121.4376559995623, 36.97845699985564], [-121.43761000042987, 36.97839999994205], [-121.43752500004105, 36.978307999689285], [-121.4374799998352, 36.97826000019971], [-121.43675500011213, 36.97750999975688], [-121.43661000034717, 36.97736000021656], [-121.43640000028489, 36.97712999982089], [-121.43628999978172, 36.97698000024913], [-121.43618000017685, 36.9767700002085], [-121.43582000032674, 36.97614999995373], [-121.43565999959486, 36.97586999982665], [-121.4351399999112, 36.97489000023959], [-121.43512200036785, 36.974861000176006], [-121.4347900001068, 36.97430999973877], [-121.4346200002275, 36.974050000083956], [-121.4345630003261, 36.973982999700496], [-121.43385100012347, 36.973533000148926], [-121.43346199996104, 36.97328800019149], [-121.43275899997928, 36.97274400013469], [-121.4320149999896, 36.972166999726326], [-121.43182900021677, 36.9720230003118], [-121.4314319996584, 36.97171499999165], [-121.43118899998417, 36.97151599989093], [-121.43116999971758, 36.97150000031106], [-121.43113200008274, 36.97146799970585], [-121.43102099975468, 36.97137400018263], [-121.43098399994473, 36.971342999993766], [-121.42895299981721, 36.96962200033037], [-121.42469700029164, 36.96601500001086], [-121.42307200004497, 36.96463799993376], [-121.42286299980759, 36.964461000109594], [-121.42154300005775, 36.96334299985035], [-121.42083300040328, 36.9627409997572], [-121.42037399992064, 36.962351999751526], [-121.41899700026939, 36.961185000012144], [-121.41853799978675, 36.960796999842614], [-121.41848699973313, 36.96075400024785], [-121.41833600012042, 36.96062499988234], [-121.41828599989171, 36.960583000083425], [-121.41827699967087, 36.960576000114706], [-121.4182459997087, 36.960549000126704], [-121.41824700043193, 36.960566999641244], [-121.4182509997316, 36.96062100031267], [-121.41825300027972, 36.960639999702366], [-121.41781399988857, 36.960650000059296], [-121.41649699961347, 36.96068100029603], [-121.41605899994556, 36.96069199982126], [-121.41574099992825, 36.96069099992971], [-121.41273700038046, 36.960685999754126], [-121.40277300043675, 36.96066900015956], [-121.39945199979827, 36.96066399998254], [-121.39627400017324, 36.960658999805126], [-121.38674200004964, 36.960643999988854], [-121.38356500024952, 36.960638999810186], [-121.38353199973922, 36.960638999810186], [-121.38346499979208, 36.9605729997177], [-121.3834439998757, 36.960549000126704], [-121.38297500024562, 36.960549000126704], [-121.38156799955884, 36.960549000126704], [-121.38109899992878, 36.960549000126704], [-121.38100699986727, 36.960549000126704], [-121.38073099968275, 36.960549000126704], [-121.38064000034448, 36.96055000002006], [-121.38027299992335, 36.960549000126704], [-121.3791719995583, 36.960549000126704], [-121.3788059998604, 36.960549000126704], [-121.37873800008838, 36.960549000126704], [-121.37853399987382, 36.960549000126704], [-121.37846699992669, 36.96055000002006], [-121.3783759996901, 36.960549000126704], [-121.37810500042677, 36.960549000126704], [-121.37801500001508, 36.960549000126704], [-121.37795599956553, 36.960549000126704], [-121.37777900001352, 36.960549000126704], [-121.37772100028722, 36.960549000126704], [-121.37679200034962, 36.960549000126704], [-121.37400499963853, 36.960549000126704], [-121.37307700042417, 36.960549000126704], [-121.37296500027117, 36.960549000126704], [-121.37262899981216, 36.960549000126704], [-121.37251800038241, 36.960549000126704], [-121.37248200039738, 36.960549000126704], [-121.37204700020422, 36.960549000126704], [-121.37074400017282, 36.960549000126704], [-121.37039199982028, 36.960549000126704], [-121.37034300031482, 36.960549000126704], [-121.37030999980452, 36.96054599972864], [-121.37025000042838, 36.96054399994175], [-121.37006999960501, 36.960538999756515], [-121.3700110000538, 36.960537999863014], [-121.36447099986509, 36.96035299995341], [-121.36304599963496, 36.96030599980392], [-121.35358700020461, 36.959992000046164], [-121.35351299968646, 36.96004100018963], [-121.35335299985289, 36.96011100033992], [-121.35329799960131, 36.960127000160114], [-121.35321700030875, 36.96015199978275], [-121.35309900030798, 36.9601939998194], [-121.35284700041288, 36.96019000022708], [-121.35139500041859, 36.96027199972351], [-121.35013400021997, 36.96032499999003], [-121.34635099962412, 36.96048800014517], [-121.34509100014873, 36.96054200015481], [-121.34504299956984, 36.96054300004831], [-121.34494399983565, 36.96054800023328], [-121.34490000035301, 36.96054800023328], [-121.34485299959903, 36.96054800023328], [-121.34480300026863, 36.96054800023328], [-121.34476999975837, 36.96054800023328], [-121.3446740003972, 36.96054800023328], [-121.34464199971183, 36.96054800023328], [-121.34346900027509, 36.96054800023328], [-121.34126400007027, 36.96054800023328], [-121.33995099999312, 36.96054800023328], [-121.33989999993949, 36.96054800023328], [-121.33877900038128, 36.96054800023328], [-121.33875599991671, 36.96054800023328], [-121.33868800014469, 36.96054800023328], [-121.33866600040336, 36.960549000126704], [-121.3286000003524, 36.9606059997711], [-121.32452999970137, 36.960628000277254], [-121.31497199963849, 36.96068200018765], [-121.31074500042529, 36.96070599973678], [-121.30191899975821, 36.96075600002923], [-121.28265799986752, 36.96086400034799], [-121.28212499976506, 36.96086700001566], [-121.26798999978627, 36.96094699972448], [-121.26793100023502, 36.96094699972448], [-121.26775499960965, 36.96094900021859], [-121.26769699988333, 36.96095000010675], [-121.26203200002115, 36.960985999659734], [-121.25836399995136, 36.96100899994349], [-121.25319799985648, 36.9610429996948], [-121.25058000009811, 36.96105900003695], [-121.24419600036062, 36.96109999968719], [-121.23647600008147, 36.96114899983543], [-121.23036799963019, 36.961187999667224], [-121.22103600042145, 36.96124799992155], [-121.21990999994205, 36.96124799992155], [-121.21653200030049, 36.96124799992155], [-121.21540599982107, 36.96124799992155], [-121.21594499977134, 36.96176099980694], [-121.21652599955436, 36.962071999827366], [-121.21656099971449, 36.96207799978527], [-121.2179490001347, 36.962339999878424], [-121.21971300029854, 36.96297099985151], [-121.2205900003576, 36.96351299970394], [-121.22077500030557, 36.96362800010747], [-121.22149500000577, 36.96461500002856], [-121.22268900025723, 36.96536300012554], [-121.22272100004429, 36.96540500015871], [-121.22287699967987, 36.965568000204776], [-121.22333000031472, 36.965979999786754], [-121.22353500035416, 36.96617400019057], [-121.22388199978545, 36.966431999843294], [-121.22396999964903, 36.96652300028281], [-121.22424400018372, 36.96688400008706], [-121.224342000093, 36.96698299989335], [-121.22460300020892, 36.967187999916575], [-121.22472200003462, 36.96729700024682], [-121.22483300036268, 36.96743300013053], [-121.22608699999029, 36.96743399993347], [-121.22728700008953, 36.967419999819654], [-121.22843699996007, 36.967563000246074], [-121.22934199960821, 36.967649000333], [-121.23024700015468, 36.968288999647335], [-121.23114799960487, 36.96846699969123], [-121.23212799959607, 36.96889200015294], [-121.23287800033184, 36.96957399966853], [-121.23361800012356, 36.97046600032346], [-121.23408799957853, 36.97088199970011], [-121.23632799994344, 36.97233300029825], [-121.23735800016338, 36.97312099982117], [-121.23920900036588, 36.97526099970688], [-121.2395499999494, 36.97615600023741], [-121.23977599990523, 36.97636900031167], [-121.23993300026406, 36.97651700028517], [-121.24040600009208, 36.97696099991391], [-121.24056400027585, 36.977109999847244], [-121.24096699978364, 36.97748999988311], [-121.24197699991208, 36.97861399985008], [-121.24265700032765, 36.97923299975728], [-121.24289099978107, 36.97939699997748], [-121.24387699962007, 36.980091000033376], [-121.2448070002809, 36.98161199990408], [-121.24588699983121, 36.9830359998121], [-121.2465680000717, 36.98522799986585], [-121.2466380003919, 36.98704799990226], [-121.24642900015454, 36.98794399981041], [-121.24600800020507, 36.98975100007712], [-121.24543699956942, 36.99104599999966], [-121.24537499964515, 36.99112399985894], [-121.24519300007026, 36.9913579996742], [-121.2451319999709, 36.991437000136166], [-121.24513399962073, 36.99227800011255], [-121.24513699999379, 36.9929219996813], [-121.24472699991495, 36.99347799968217], [-121.24438700015631, 36.9938400002259], [-121.24372099998445, 36.99403900006043], [-121.24291500007052, 36.9942820003095], [-121.24276199990965, 36.99447699976186], [-121.24230599980005, 36.995062000141175], [-121.24215400036242, 36.99525799990084], [-121.24214699979142, 36.99581699976786], [-121.24209900011083, 36.995994999992405], [-121.24197699991208, 36.996453999963094], [-121.24167700033642, 36.99703599980624], [-121.24151699960456, 36.99738099991068], [-121.24123700012038, 36.99753999984363], [-121.24085299998082, 36.99764600009253], [-121.24013699958026, 36.997846000132704], [-121.23826399963644, 36.998058000347065], [-121.23573700011465, 36.99834600008396], [-121.23422099964792, 36.99893000000825], [-121.23313699989963, 36.99934600016716], [-121.23325099970245, 36.9996500001685], [-121.23391299967636, 37.00141499972834], [-121.23444699960375, 37.00155199968654], [-121.2346259997039, 37.001598000119856], [-121.23494600026933, 37.0021549998828], [-121.23517600042311, 37.00264100010454], [-121.23508699983631, 37.00291899987672], [-121.23503599978271, 37.00308299996748], [-121.23490799973618, 37.00344199984122], [-121.23488400034506, 37.0035059999684], [-121.23481599967467, 37.00369900007054], [-121.23479399993334, 37.003764000024354], [-121.23494299989628, 37.00416200031769], [-121.23523699962415, 37.00494600006386], [-121.23537200024168, 37.005364999654496], [-121.23550399958785, 37.00577100030778], [-121.23615899988906, 37.00605400017685], [-121.23652600031016, 37.00621299990721], [-121.23697599967366, 37.00658400013676], [-121.23657999983853, 37.007674000201554], [-121.23633700016428, 37.008346000176694], [-121.2363940000657, 37.00841700035228], [-121.2365649997699, 37.00862999976372], [-121.23662199967133, 37.008701999652075], [-121.23744600002694, 37.00886500020343], [-121.23752100037002, 37.008886999670146], [-121.23786600015151, 37.00898899998387], [-121.23816599972714, 37.009086000295916], [-121.23818599981863, 37.00925399987788], [-121.23806600016803, 37.0095989997766], [-121.23782599996852, 37.00996100032588], [-121.23721599987316, 37.0102699999916], [-121.23682000003805, 37.010434000004935], [-121.23668600014375, 37.01049000034835], [-121.23591299984174, 37.01046400009156], [-121.23581199955942, 37.010482999949005], [-121.23551100015885, 37.01054100016407], [-121.23541099970144, 37.01056099995584], [-121.23499599959973, 37.01079700011447], [-121.23375100019295, 37.01150900026187], [-121.23333699991616, 37.0117460002841], [-121.23358799998634, 37.01203000007877], [-121.23434200002174, 37.012884000114575], [-121.23459399991684, 37.01316899987985], [-121.23535600034815, 37.01331600006586], [-121.23552299985442, 37.01347299983831], [-121.23567600001527, 37.013615999782765], [-121.23645599998997, 37.01447400025471], [-121.23692600034325, 37.01511099978427], [-121.23742599993547, 37.01580899986688], [-121.23744600002694, 37.01583600033115], [-121.23776400004425, 37.016756000109865], [-121.23804400042674, 37.017072999783004], [-121.23888399977754, 37.01802400019204], [-121.23916499998495, 37.01834100031336], [-121.23972999987447, 37.01840699978992], [-121.23997699974667, 37.01843700031549], [-121.24023700003767, 37.0186669998869], [-121.24042700000847, 37.019030000120374], [-121.24075699972136, 37.01963099970955], [-121.24075900026949, 37.019649000310146], [-121.24082200001868, 37.02021600019067], [-121.24099400044612, 37.02041000000432], [-121.24150999993184, 37.02099500022532], [-121.2416820003593, 37.02119000001526], [-121.24182700012426, 37.02123399969636], [-121.24226300014237, 37.0213660000212], [-121.24240899973222, 37.02141100012843], [-121.24296699994905, 37.021648000109906], [-121.2433779998528, 37.02220499997923], [-121.24354799973209, 37.022938999809284], [-121.24371799961142, 37.02302699998901], [-121.2443029995924, 37.02335400004075], [-121.24436799988976, 37.02339000019075], [-121.24514799986444, 37.02456599977353], [-121.24598899993848, 37.025574999845745], [-121.24650899962215, 37.02652999967117], [-121.24699900006695, 37.02747599995202], [-121.24712899976328, 37.02786499974144], [-121.2469689999297, 37.02825299996933], [-121.24679900005039, 37.028545000349474], [-121.24692899974671, 37.02888099987922], [-121.24722900022067, 37.02926999964462], [-121.24777900004162, 37.02980100018835], [-121.24779900013309, 37.03007500007703], [-121.24759200044386, 37.03077899993821], [-121.24749899965911, 37.031100000074154], [-121.24767899958418, 37.031726999717286], [-121.248088999663, 37.032576000207115], [-121.248461000107, 37.03348800013587], [-121.24849799991692, 37.03352599980555], [-121.24860900024498, 37.033640999784694], [-121.24864699987984, 37.03367999974432], [-121.24806699992169, 37.033541000311594], [-121.24738900005427, 37.033378999996465], [-121.24641599973575, 37.0328880001131], [-121.24588400035647, 37.032621000127854], [-121.24520099956787, 37.032239999812674], [-121.24454000031722, 37.03199499964862], [-121.244173999721, 37.03196300011325], [-121.24353799968635, 37.03190800020805], [-121.24299700008626, 37.03215099987961], [-121.24277699997825, 37.03207499986225], [-121.24224600042392, 37.031939999766585], [-121.241104000051, 37.0317140003548], [-121.24063399969772, 37.031776999947496], [-121.24031300020567, 37.03190600014557], [-121.23951200031459, 37.03225299980221], [-121.23897099981617, 37.03259300022811], [-121.23893700037931, 37.03263299967193], [-121.23872099957093, 37.03290099999171], [-121.23862100001183, 37.03325499985815], [-121.2388510001656, 37.034032999920306], [-121.23874099966243, 37.03434500029434], [-121.23867999956308, 37.03434500029434], [-121.23849799998817, 37.03434500029434], [-121.23843799971372, 37.03434500029434], [-121.23797800030451, 37.03486500022044], [-121.23746100009555, 37.03545000027322], [-121.23729399969098, 37.035638000012405], [-121.23712800000962, 37.03582499966501], [-121.23659699955695, 37.03642399981609], [-121.23613799997266, 37.03694500017065], [-121.23516399982921, 37.03717999980627], [-121.23482099969756, 37.03726299981804], [-121.23224200029722, 37.03788500008578], [-121.23126800015378, 37.0381199996804], [-121.23114400030522, 37.03816600020859], [-121.23093699971767, 37.03824500006859], [-121.23076099999058, 37.03826099994851], [-121.23062999957102, 37.038274000341474], [-121.22940500025572, 37.0385669997823], [-121.22573100033813, 37.03944900007979], [-121.22450699994947, 37.03974300029227], [-121.22451899964501, 37.03982699993904], [-121.22455499963003, 37.040081000320036], [-121.2245670002239, 37.04016599987381], [-121.22459900001097, 37.040470000080596], [-121.22469500027043, 37.04138399966372], [-121.22472700005748, 37.04168900027365], [-121.22480300022544, 37.04222499986019], [-121.22503400020413, 37.043835000040794], [-121.22511100019703, 37.04437199975854], [-121.2252500001142, 37.045911000088566], [-121.22566799969063, 37.050530999987025], [-121.22580800033103, 37.052071000311834], [-121.22535800006924, 37.0529050003258], [-121.22522499999987, 37.05309199974665], [-121.22491799985318, 37.05352700004806], [-121.22443800035246, 37.0541470002139], [-121.22377800002839, 37.05486599972063], [-121.22315600023747, 37.05522999979994], [-121.22357100033916, 37.055537000134244], [-121.2245179998201, 37.05623700021228], [-121.22429100003937, 37.056490000101924], [-121.22361300017195, 37.057252999951], [-121.22338700021615, 37.057507000089906], [-121.22182600044188, 37.05734700012409], [-121.22138000037803, 37.057326999746216], [-121.22071599985598, 37.05729900035529], [-121.21939000025836, 37.05719200010434], [-121.21873499995718, 37.057138999950915], [-121.21718400022864, 37.05674499998993], [-121.21551700014915, 37.056089999928645], [-121.21514700025328, 37.05594500022329], [-121.21491200007667, 37.0559309999157], [-121.21468199992289, 37.05580499989878], [-121.2144219996319, 37.055533999898806], [-121.21371399962723, 37.05530699966187], [-121.21306099987416, 37.05509800026447], [-121.21259100041921, 37.055067999881786], [-121.21212000024101, 37.05529899972639], [-121.21179999967553, 37.05566600010965], [-121.21172299968264, 37.055788000056886], [-121.21161999975048, 37.055955000236594], [-121.21096000032475, 37.05623400000452], [-121.21082999973008, 37.05656199979444], [-121.2105700003374, 37.05731499980371], [-121.20985899995969, 37.05801900015053], [-121.20895900033442, 37.05868299966469], [-121.20882899973975, 37.06015100034786], [-121.20866899990621, 37.060545999839086], [-121.20837799965305, 37.06093200007555], [-121.20820899959865, 37.06126499964313], [-121.20819799972799, 37.06128899971052], [-121.20817799963649, 37.06166499977461], [-121.2082279998652, 37.062013000323915], [-121.20904899984778, 37.06333699971289], [-121.20930900013877, 37.06374300021061], [-121.20933699972787, 37.06444399980761], [-121.20942600031465, 37.06458799979809], [-121.20958799979803, 37.06484800020361], [-121.20960799988951, 37.06487700034798], [-121.2103369998106, 37.066044000195895], [-121.21033299961262, 37.066055000251524], [-121.21032199974196, 37.06608900034828], [-121.21031900026722, 37.06610100033666], [-121.21029199960472, 37.066184000263824], [-121.2102120001371, 37.06643400015204], [-121.21018600019784, 37.066517999648546], [-121.2103729997956, 37.06689199974223], [-121.21047699955265, 37.0670989997717], [-121.2103469998563, 37.06746100009648], [-121.21011599987763, 37.06778700025686], [-121.20994000015054, 37.06795399982925], [-121.20963700020182, 37.06824299973991], [-121.21017399960395, 37.068358000166945], [-121.21178499960693, 37.06870299968507], [-121.2123229997323, 37.068818000131415], [-121.21237200013611, 37.068827999881506], [-121.21252100009899, 37.06886100026599], [-121.2125710003277, 37.068871999913085], [-121.21261999983321, 37.0688819996561], [-121.212769999621, 37.06891400011492], [-121.21281999984974, 37.06892499975439], [-121.21322300025588, 37.06878900006023], [-121.21374799996245, 37.068853000326165], [-121.21411500038356, 37.06889800024559], [-121.21579900018146, 37.06922300006565], [-121.2163289999109, 37.06979399991639], [-121.21654099962302, 37.07002199970147], [-121.21683799972391, 37.07059299998754], [-121.21738000004721, 37.070983000206176], [-121.21900699994373, 37.072155000015485], [-121.21955000009194, 37.072545999939926], [-121.2199969999807, 37.07263200025771], [-121.22108099972898, 37.07284299979088], [-121.2213350001722, 37.07291300003286], [-121.22177500038826, 37.07303400034991], [-121.22186200042688, 37.073058000277285], [-121.22228699967599, 37.073351000182086], [-121.22240399985186, 37.07343199965761], [-121.2229250002588, 37.0738140001944], [-121.22324499992592, 37.07430999969355], [-121.22332600011677, 37.0747460000072], [-121.22343800026975, 37.07534300011663], [-121.22390400042508, 37.07674199975983], [-121.22451399962215, 37.078570999811944], [-121.224638000369, 37.07894299969494], [-121.22638699956595, 37.0801179997253], [-121.22761199977955, 37.08094100024963], [-121.22815599975269, 37.08100600003579], [-121.22840799964776, 37.08110000015713], [-121.2287270003883, 37.081221000309505], [-121.22919199982039, 37.08146500022486], [-121.22928800007986, 37.081514999940154], [-121.22936900027072, 37.08162500020115], [-121.22950900001278, 37.081816000138346], [-121.22980000026593, 37.08210899988331], [-121.2301700001618, 37.08236700025472], [-121.23036199978242, 37.082510999896904], [-121.23050099969956, 37.0826160001055], [-121.23087999981627, 37.08313700010884], [-121.231038, 37.083242999880206], [-121.23134299959854, 37.08347199978624], [-121.23271599995014, 37.08450099985707], [-121.23317399970955, 37.08484500005179], [-121.23374399962195, 37.0848549998383], [-121.2338680003688, 37.08485800034725], [-121.23413600015743, 37.08500500006039], [-121.23428900031828, 37.0850889997685], [-121.23457999967312, 37.08545300029434], [-121.23507099994282, 37.08577300027349], [-121.23510699992782, 37.0858130003551], [-121.23518800011867, 37.08590100003027], [-121.2354929997172, 37.08623400032741], [-121.23642599985273, 37.086215000074354], [-121.23922899955906, 37.08616200013531], [-121.23928299998573, 37.08616099974404], [-121.24016300041785, 37.08614400025577], [-121.24047200021431, 37.085607000211084], [-121.24067399988067, 37.08525599993535], [-121.24125499966374, 37.08509000017397], [-121.24148099961954, 37.08510100033343], [-121.24197699991208, 37.085127999806055], [-121.2424279999988, 37.08545699974703], [-121.24315899956967, 37.08608799980694], [-121.2436809998015, 37.08700999972866], [-121.24483300022015, 37.08876500013507], [-121.24520399994093, 37.08888099989054], [-121.24548400032342, 37.08914799972797], [-121.245383999866, 37.08950099987272], [-121.24499300005373, 37.089765000077584], [-121.24476299989998, 37.089905999688156], [-121.24440899989763, 37.089973000351314], [-121.24432400040712, 37.09005599994636], [-121.24407199961374, 37.09030900024905], [-121.24398899977307, 37.090392999811584], [-121.2439190003512, 37.09046099966219], [-121.24371199976363, 37.090669000175396], [-121.24364399999158, 37.09073899972366], [-121.24335000026369, 37.09170399975318], [-121.24322200021717, 37.09205799977083], [-121.24319999957757, 37.092119000238355], [-121.24301899982758, 37.092711000310544], [-121.2426179999696, 37.093063000039514], [-121.24204700023228, 37.0931579998388], [-121.24130499989245, 37.09312899976188], [-121.24081399962276, 37.0930029999163], [-121.24024299988545, 37.09312499999746], [-121.2397320004226, 37.09329100007434], [-121.23900000012853, 37.09344699970291], [-121.2383749999645, 37.09341599986203], [-121.23739999999617, 37.0938480002003], [-121.23569500028186, 37.094607000004785], [-121.23541400007447, 37.094731999771184], [-121.23513200004219, 37.09485700004787], [-121.23447799956588, 37.09514700015366], [-121.23350400032074, 37.095580999755576], [-121.23309800043988, 37.09609400027272], [-121.23307599980025, 37.09611900032511], [-121.23271699977504, 37.096553000091696], [-121.23226599968835, 37.09691299973211], [-121.23197500033353, 37.09712500000187], [-121.23163499967659, 37.09709700025712], [-121.23142100031465, 37.097042999798894], [-121.23120399968137, 37.09698900001871], [-121.23078799975477, 37.09678699973012], [-121.23043899977529, 37.096941999793884], [-121.23027999976665, 37.097418000037045], [-121.22973900016656, 37.09904199993937], [-121.22989999982505, 37.099969999709785], [-121.23005200016101, 37.10084199999941], [-121.23013900019964, 37.10134199967045], [-121.23013900019964, 37.102377000339544], [-121.23013900019964, 37.10244199965352], [-121.23006800005453, 37.10279799999926], [-121.23045800004188, 37.1041619998132], [-121.23058400043857, 37.10450500016775], [-121.23052599981393, 37.104769999827184], [-121.23035099991176, 37.1049710001807], [-121.23002000037397, 37.105119999848974], [-121.22953999997492, 37.105256000280875], [-121.22908700023841, 37.10536099978348], [-121.22852900002158, 37.1054499998211], [-121.22765000031269, 37.105634999806114], [-121.22553799999427, 37.1068420003318], [-121.22570500039888, 37.107628999793405], [-121.2257980002853, 37.10809299972572], [-121.22582800042251, 37.10811499981246], [-121.22598400005813, 37.1088019997951], [-121.22620699964088, 37.10906600009237], [-121.22624799964878, 37.10939600006537], [-121.22630399972526, 37.109708000019914], [-121.22613399984596, 37.11002000012184], [-121.22593600037754, 37.110245999842974], [-121.22554999968986, 37.110639999778975], [-121.22546900039733, 37.11068700010179], [-121.22537999981053, 37.11074000008024], [-121.22523500004557, 37.11084299972954], [-121.22515899987762, 37.11089799972828], [-121.22475800001962, 37.11218399971022], [-121.22438300010089, 37.11339199976864], [-121.22409799969554, 37.11428600000009], [-121.22378800007412, 37.11508100026235], [-121.22330699985022, 37.115495000196944], [-121.22298700018307, 37.11563899992391], [-121.22270500015075, 37.11576700008802], [-121.22171299956565, 37.116068000337535], [-121.22163800012089, 37.11614200003955], [-121.22141299999001, 37.11636700012181], [-121.22133900037015, 37.116442000239424], [-121.22104300009416, 37.116928000289825], [-121.22015799963917, 37.11839000021039], [-121.21986300008639, 37.11887699989286], [-121.21980399963684, 37.11925000029042], [-121.21976900037507, 37.11947800030244], [-121.21949800021342, 37.12000799992029], [-121.21924399977019, 37.120186999788224], [-121.21893599979862, 37.12040599967527], [-121.21866499963696, 37.120850999947095], [-121.21785600024828, 37.1221870000248], [-121.21758699973644, 37.122632999764726], [-121.21753700040607, 37.12271400028987], [-121.21738800044314, 37.12296000034546], [-121.21733900003935, 37.123041999708825], [-121.21755900014736, 37.123162000311574], [-121.21821899957311, 37.123522000262234], [-121.21843899968113, 37.12364200010408], [-121.21889800016379, 37.12378099990392], [-121.21907700026394, 37.12383599981602], [-121.21993900025437, 37.12417399971401], [-121.22021200006584, 37.124357000022805], [-121.22061100027402, 37.12462500005624], [-121.22070699963517, 37.12468899973145], [-121.22090900019987, 37.1249450000399], [-121.22125300015641, 37.125380999836686], [-121.22175399957355, 37.12590399988553], [-121.22176899964214, 37.12594799973027], [-121.2219129995822, 37.1263659998449], [-121.22192500017607, 37.12640000010563], [-121.2219190003283, 37.126431000056265], [-121.22188199962007, 37.1266320002134], [-121.22186999992451, 37.12669899990844], [-121.2218849999931, 37.126805000331046], [-121.2219059999095, 37.12693800021883], [-121.22197500040481, 37.127112000203795], [-121.22201499968945, 37.12721200023642], [-121.22216399965235, 37.12758600023296], [-121.22237100023992, 37.127896000039506], [-121.22239999965392, 37.12794000015867], [-121.22314100016884, 37.12856799998291], [-121.22328199973585, 37.129062000283824], [-121.2232640001925, 37.129247999700695], [-121.22311299968145, 37.12949599964449], [-121.2229610002438, 37.12977100024336], [-121.22284800026587, 37.12997699990444], [-121.22271699984634, 37.130425999715456], [-121.22271099999854, 37.130498999900325], [-121.22270000012789, 37.13062200026841], [-121.22268300040943, 37.13082799976156], [-121.2227379997627, 37.13098400014493], [-121.2227799995955, 37.1311010002214], [-121.22282300015152, 37.13122299981471], [-121.2228630003345, 37.13133700013747], [-121.2230469995592, 37.131534000271515], [-121.22313600014597, 37.13162899980389], [-121.22352399958518, 37.131750000189], [-121.22367599992114, 37.13182100023611], [-121.22391299974761, 37.131933000084196], [-121.22412799983276, 37.1321479997949], [-121.22440200036746, 37.13247100025394], [-121.22480300022544, 37.133085000052255], [-121.22484000003539, 37.13314199990677], [-121.22523000002273, 37.133466000186495], [-121.22539300022932, 37.13360100007263], [-121.2258829997758, 37.13400899971274], [-121.22604699980731, 37.1341449998201], [-121.22619800031835, 37.13427000021921], [-121.2266519998798, 37.13464800014671], [-121.2268040002158, 37.13477400018037], [-121.22737999997597, 37.13522300017423], [-121.22832399998217, 37.13603700034878], [-121.22960500027226, 37.137100000168864], [-121.23134000012381, 37.13854200032127], [-121.2317479996545, 37.13957599983975], [-121.23223700027435, 37.13985899993241], [-121.23229699965049, 37.13989299985961], [-121.23243999976562, 37.14035399995548], [-121.23278799992018, 37.14144200011484], [-121.2330990002648, 37.14223100011405], [-121.23330900032708, 37.143001000146036], [-121.23331599999976, 37.14354900029729], [-121.2349789998813, 37.14776300001551], [-121.23551399963358, 37.14816500031269], [-121.23580499988671, 37.14852000018949], [-121.23598499981178, 37.14908699997328], [-121.23614499964535, 37.14972399996336], [-121.23617499978258, 37.15027300035274], [-121.23617499978258, 37.15060899979088], [-121.2361680001099, 37.150777999919946], [-121.23607799969818, 37.15054900015415], [-121.2360080002763, 37.150372000303975], [-121.2355849997787, 37.15211599980246], [-121.23549500026532, 37.1528979999984], [-121.23598599963667, 37.15352800001462], [-121.23655800009722, 37.15404000008216], [-121.23661900019658, 37.15454999985458], [-121.23643800044663, 37.15528100006846], [-121.23637800017215, 37.15607899982643], [-121.23662900024233, 37.15667500030045], [-121.23710999956796, 37.15720399982807], [-121.2377120001657, 37.157580000090725], [-121.23849499961511, 37.15777000020148], [-121.23930700027515, 37.15773900020472], [-121.24033599977189, 37.157229999917845], [-121.24191599981273, 37.15740600001502], [-121.24247999987733, 37.1574689997184], [-121.2431600002929, 37.158261999949666], [-121.2438420003583, 37.15856999976301], [-121.24490600001509, 37.158421000061125], [-121.24572199997478, 37.15783099999637], [-121.24712700011345, 37.157987999981465], [-121.24753999966701, 37.1577530003203], [-121.2487630002308, 37.157660999717784], [-121.2495239999389, 37.15791099991095], [-121.2506870002282, 37.15822499993881], [-121.25216000013893, 37.158417000166025], [-121.25373299960879, 37.15858200013946], [-121.25450500008584, 37.1586730001877], [-121.2549670000432, 37.158480999894714], [-121.25563800023792, 37.15887200030483], [-121.25686099990341, 37.15892100032167], [-121.2577129998481, 37.15896900016124], [-121.25877499985509, 37.158867000286726], [-121.25985799977849, 37.15884499991674], [-121.26074900008125, 37.15919300020284], [-121.26091999978546, 37.159335000262615], [-121.26146100028387, 37.159327999993636], [-121.26187200018758, 37.15924999971437], [-121.26209300012053, 37.15932300000569], [-121.26229300013706, 37.15947300021636], [-121.26244299992489, 37.15987999978009], [-121.26249800017648, 37.16016700030458], [-121.26254500003213, 37.16021199968184], [-121.26345700025131, 37.16198700028429], [-121.26460100027406, 37.163895000072415], [-121.26601499973523, 37.16566799997875], [-121.26715899975797, 37.16713399967366], [-121.26828299968923, 37.16924599987974], [-121.26844199969791, 37.16949599969632], [-121.26950700007794, 37.17117100011059], [-121.27063000018428, 37.171974000204195], [-121.27173400002407, 37.17245400023203], [-121.27310099962959, 37.17332500016084], [-121.27356199976202, 37.17404100000127], [-121.27362500040952, 37.17438100022074], [-121.27385300001517, 37.175606000292355], [-121.27465599955605, 37.17727499968926], [-121.275060999612, 37.17809600025636], [-121.27537799980442, 37.17873899989779], [-121.27654199991865, 37.17937200032202], [-121.27777600035309, 37.179630999839375], [-121.27849799970313, 37.18085799966594], [-121.27936100041681, 37.181983000149486], [-121.28019400009492, 37.183072000151036], [-121.28110700013899, 37.183602999922684], [-121.28227100025323, 37.18367499977413], [-121.28340400040534, 37.18316899972217], [-121.28409700034136, 37.182508999818886], [-121.28428700031216, 37.18189800002375], [-121.28429700035791, 37.180895000048174], [-121.2854010001977, 37.18098400000364], [-121.28606300017158, 37.181139000142124], [-121.28681600038209, 37.1803090002404], [-121.28717700005711, 37.179731999733775], [-121.287478000356, 37.1791889999812], [-121.28772799970295, 37.177367000037194], [-121.28907299956715, 37.17657700029334], [-121.29020700044246, 37.17598600031287], [-121.29095899992973, 37.175426999844596], [-121.29109000034933, 37.17486700031561], [-121.29082099983749, 37.173193000189265], [-121.29074399984457, 37.173506999721745], [-121.29061499997316, 37.17300700003318], [-121.29065500015614, 37.172132000132486], [-121.29078499985246, 37.17155800009961], [-121.2910059997854, 37.17114299983661], [-121.29142000006219, 37.17074499998399], [-121.2915199996213, 37.17033700023244], [-121.29252499972688, 37.17048000010837], [-121.29445200009735, 37.1695149998118], [-121.29558600007437, 37.16890500016232], [-121.29709599979499, 37.16707899974098], [-121.29636000020123, 37.16749800026243], [-121.29653799957816, 37.16730800026432], [-121.29707900007658, 37.16691299966243], [-121.29773000017981, 37.16642900004297], [-121.29855199998728, 37.16596299971094], [-121.29913299977034, 37.1657890003188], [-121.2993839998405, 37.16585999991343], [-121.29965500000216, 37.16600299967093], [-121.30030799975523, 37.16624799994807], [-121.30067199980331, 37.16627299974175], [-121.30261900026524, 37.168159999643784], [-121.30558199980514, 37.16660999970444], [-121.3060439997625, 37.166640999642524], [-121.30833000015816, 37.16802899998096], [-121.31164400022564, 37.17004099967954], [-121.31252399975943, 37.17011600028239], [-121.31288199995973, 37.17014700021392], [-121.31376499986658, 37.16975800015126], [-121.31406600016544, 37.169400999763255], [-121.31406600016544, 37.16895800017111], [-121.31403400037838, 37.16790999970248], [-121.31624899973066, 37.16755399992205], [-121.31764100034881, 37.16733000031867], [-121.31787099960428, 37.167292999735494], [-121.31807099962082, 37.167261000029065], [-121.31815299963661, 37.16730300008838], [-121.31890800039523, 37.16768399966226], [-121.31910199966568, 37.16765100009081], [-121.32025999993213, 37.167573999841615], [-121.32151600010788, 37.167227000236664], [-121.32323300041607, 37.16643000008977], [-121.32384400033634, 37.166577999708814], [-121.32449299989145, 37.166781999985616], [-121.32523799970602, 37.16683700013444], [-121.32601500020597, 37.166718000126465], [-121.32691900002919, 37.16627799998583], [-121.3277280003162, 37.16603499990996], [-121.32840899965836, 37.16594999973729], [-121.33187800043486, 37.1700109997039], [-121.33210699986539, 37.17098599997425], [-121.33254799990637, 37.171276999775706], [-121.33377200029504, 37.171213000144235], [-121.33434899988013, 37.17080300007863], [-121.3345659996151, 37.17095499967109], [-121.33521199969552, 37.17148100025234], [-121.33628700012127, 37.172507999865395], [-121.33721400040905, 37.17296199968415], [-121.33829399995939, 37.17351699996804], [-121.34024499972098, 37.17387899997747], [-121.34238200015378, 37.1741920002939], [-121.34306000002117, 37.17466900001807], [-121.3432089999841, 37.17526699978923], [-121.34329299964968, 37.176087000070254], [-121.34365699969773, 37.176935000325614], [-121.343758999805, 37.17703999987137], [-121.34424000002893, 37.17753499985436], [-121.34467100002418, 37.177885999659814], [-121.34519599973072, 37.17808900029359], [-121.3456879998253, 37.17856499986258], [-121.34596300018492, 37.17891500001102], [-121.34666600016669, 37.1799140003223], [-121.34749899984483, 37.180416999691715], [-121.34870300014205, 37.18112099993919], [-121.35015500013634, 37.181702999794865], [-121.35160999960542, 37.181961999908374], [-121.35176000029156, 37.181951000222824], [-121.35281599955245, 37.18271300002744], [-121.35385900019116, 37.183039999970084], [-121.35456100034806, 37.183892999979406], [-121.3570800003722, 37.18339000013922], [-121.35887600032314, 37.183905999728815], [-121.35955800038853, 37.184452999874495], [-121.36094199971247, 37.18432100002276], [-121.36243700026279, 37.18383099993251], [-121.36317000038184, 37.18350899965549], [-121.36367400017198, 37.18264699968346], [-121.36411299966481, 37.18207899984803], [-121.36424499990929, 37.18135900020816], [-121.36431299968135, 37.18081299969889], [-121.36453500033753, 37.18031799972342], [-121.36503499992972, 37.17999799995051], [-121.36565599989574, 37.17995300018687], [-121.36671500042799, 37.17953900010144], [-121.3722089996876, 37.176961999977316], [-121.37333199979395, 37.173962999874135], [-121.37342899987836, 37.17370500020127], [-121.37388900018586, 37.173181999942656], [-121.3740530002174, 37.1730400001289], [-121.37529000012657, 37.173106000277166], [-121.37631299977551, 37.17247800015337], [-121.37706599998599, 37.17173099983282], [-121.37812700016806, 37.1701510002042], [-121.37817300019883, 37.17008200034281], [-121.37864400037702, 37.1696379997278], [-121.3792119997413, 37.16877300034351], [-121.37965399960714, 37.168006000104164], [-121.38018300040997, 37.16793499966223], [-121.38098900032394, 37.167990999713886], [-121.38198100001071, 37.168097000260545], [-121.38218699987502, 37.16804899977482], [-121.38291400014629, 37.16788100034009], [-121.38316600004136, 37.16748499983696], [-121.38379700005311, 37.166544999654434], [-121.38426599968317, 37.166200999769465], [-121.38455199991343, 37.165506999959526], [-121.38421899982751, 37.16471000028673], [-121.38391900025185, 37.16376400017559], [-121.38324499968407, 37.16298799981397], [-121.38356000022664, 37.16246900023145], [-121.3838749998709, 37.16222100028306], [-121.3841550002534, 37.16200100032908], [-121.38407300023763, 37.16095699979734], [-121.38395699988668, 37.1601610002424], [-121.38334699979131, 37.15913800021893], [-121.38254800044837, 37.15843600020298], [-121.3820560003538, 37.15800999988496], [-121.38168599955961, 37.157634999776235], [-121.38163000038142, 37.15713800011077], [-121.38200500030017, 37.15689200020118], [-121.38228800015737, 37.15649600011477], [-121.38229400000516, 37.155949999642274], [-121.38230099967784, 37.15527899967989], [-121.3827479995666, 37.15408999986095], [-121.38320100020144, 37.15235399978433], [-121.3835510000058, 37.15148699972207], [-121.38423399989608, 37.151565999662004], [-121.38475899960268, 37.15181799972563], [-121.38531599999459, 37.151972000027335], [-121.38606099980917, 37.15190300003787], [-121.38714999958033, 37.151612000105686], [-121.38826299964093, 37.15145900003168], [-121.38851700008416, 37.15142400004611], [-121.39029100029377, 37.15096399965084], [-121.39113099964456, 37.15074699992033], [-121.39116300032994, 37.15072900035357], [-121.39200500022889, 37.150256000217865], [-121.39235599985818, 37.149341000251674], [-121.39264499956317, 37.14842299981579], [-121.39298900041807, 37.14815299971492], [-121.39342399971294, 37.14813099980745], [-121.39397899955672, 37.148482999707326], [-121.39474900038398, 37.14898599993275], [-121.39505300015759, 37.14921500013565], [-121.39558000041228, 37.149613000229735], [-121.3965670000762, 37.150215999801276], [-121.39746300040184, 37.15059499978441], [-121.39808400036786, 37.15054999969502], [-121.39858399996002, 37.15023100013898], [-121.39901900015322, 37.1501350000743], [-121.39916999976596, 37.15022300019793], [-121.39945099997335, 37.15038600035168], [-121.40000400016731, 37.15086299996922], [-121.40015300013025, 37.15148399970459], [-121.40051399980526, 37.152554999811294], [-121.40068799988252, 37.15369899977813], [-121.40102099996844, 37.15447199965736], [-121.40114099961906, 37.154919999951], [-121.40178800042266, 37.15529700031147], [-121.402467000115, 37.15562500025051], [-121.40324100024189, 37.1558300002058], [-121.40401600019369, 37.15591000008996], [-121.40463600033482, 37.155988999704526], [-121.40503299999484, 37.156562999853904], [-121.40533799959336, 37.15703800025571], [-121.40601200016116, 37.15788699965911], [-121.406530000195, 37.15883499987658], [-121.40685900008297, 37.15998100030344], [-121.407183999773, 37.161648000249336], [-121.40749000009475, 37.16281799967833], [-121.40760100042284, 37.16324099983852], [-121.40776600027928, 37.16523000029323], [-121.40764999992832, 37.1674649998939], [-121.40772699992122, 37.16900600007946], [-121.40886300044636, 37.17010800029798], [-121.4106550001993, 37.1708420003517], [-121.41220099990497, 37.171324999642636], [-121.41315699960676, 37.17195300004391], [-121.41340100000421, 37.172327999983054], [-121.41339699980624, 37.17267499978638], [-121.41339500015643, 37.17289900000949], [-121.4130839998118, 37.17294600031715], [-121.41252399994515, 37.173091000183454], [-121.41165199990895, 37.17335800011767], [-121.41102500009515, 37.173974999954005], [-121.41043099989331, 37.17446700015589], [-121.41020599976243, 37.17518599970358], [-121.41007600006608, 37.17575700032027], [-121.4103510004257, 37.176106999878655], [-121.41068799981126, 37.176531999923334], [-121.41108700001944, 37.17695699972447], [-121.41117400005808, 37.17752899973948], [-121.41113999972286, 37.17785200035357], [-121.4108870000029, 37.178247000317654], [-121.41044799961176, 37.1787409996655], [-121.41022900022696, 37.17891400012945], [-121.40987400039972, 37.18012799975335], [-121.40940400004642, 37.180621999683524], [-121.40890500027915, 37.18084199982386], [-121.408866999746, 37.18151199988283], [-121.40879399995106, 37.1825049997672], [-121.40903099977753, 37.183599999748445], [-121.40946000012293, 37.18415000011576], [-121.41035700027346, 37.1843800002398], [-121.41100300035386, 37.18495599979212], [-121.41152499968734, 37.185406999849306], [-121.41158199958876, 37.18595399985909], [-121.41148100020473, 37.18664899986764], [-121.41119400014955, 37.18739200031496], [-121.41081199965981, 37.1883339997188], [-121.410401999581, 37.188952000078125], [-121.41020900013545, 37.189596000078474], [-121.41035600044854, 37.190368000201524], [-121.4103160002656, 37.19126199964398], [-121.41046299968036, 37.19200800034366], [-121.41089200002577, 37.19250800021338], [-121.41141300043267, 37.193084000029444], [-121.4117180000312, 37.193608000293956], [-121.41161799957376, 37.194278000166065], [-121.41170399978749, 37.194923999878895], [-121.41200900028434, 37.19544800025371], [-121.41259300044042, 37.19595000026886], [-121.41314200043644, 37.196872999860375], [-121.41375500000656, 37.1976480003304], [-121.41458600003483, 37.198249999859435], [-121.4153230003518, 37.19900099971517], [-121.41565700026264, 37.19964899972953], [-121.41577500026341, 37.20029600030709], [-121.41585999975392, 37.201017000016556], [-121.41572099983675, 37.202407999980586], [-121.41620700008355, 37.20342999988216], [-121.41623300002281, 37.203901999654256], [-121.41650199963634, 37.204922999822415], [-121.41686200038478, 37.20604400001073], [-121.41684899996599, 37.207260999883815], [-121.41692900033192, 37.20855400000861], [-121.41679200006456, 37.209794999694175], [-121.41686900005747, 37.21126200025703], [-121.41723499975534, 37.211884999742495], [-121.41781800008654, 37.212511000263646], [-121.41836899973237, 37.21321099975812], [-121.41904699959979, 37.213760999761575], [-121.42107500025261, 37.2148259999527], [-121.4213620003078, 37.2160120001428], [-121.42189399968704, 37.21820799998917], [-121.42172299998279, 37.21889899967046], [-121.42159400011137, 37.219395000007275], [-121.42149500037719, 37.2199659996853], [-121.42167199992919, 37.22083700028833], [-121.42182199971701, 37.221309999945596], [-121.42221900027536, 37.2219340001778], [-121.42271100036994, 37.22235999982656], [-121.42342100002442, 37.22273799986785], [-121.42422299974042, 37.22316600000451], [-121.42508800010391, 37.223545000304014], [-121.42592499998, 37.22360099989422], [-121.426397999808, 37.223496000002584], [-121.42758899968644, 37.224657000016514], [-121.42783200025897, 37.225205000291886], [-121.42845099967687, 37.22533400023974], [-121.42894699996943, 37.225386999988054], [-121.42947000002614, 37.22581300016148], [-121.42978700021854, 37.22633300006686], [-121.43001900002216, 37.226712000187334], [-121.43075600033912, 37.22746300004408], [-121.43097499972392, 37.227558999846686], [-121.43155899988004, 37.22781600010248], [-121.43265000019933, 37.227376999670106], [-121.43287199995716, 37.22734299976137], [-121.4329020000944, 37.22707499977566], [-121.43294999977496, 37.226650000258275], [-121.4338800004358, 37.22632900019128], [-121.43407399970624, 37.226448999941745], [-121.43467600030401, 37.227479999973326], [-121.43474099970301, 37.22751199991391], [-121.43493800024481, 37.228115000054814], [-121.43543199998925, 37.22831700016493], [-121.4357390001359, 37.228691999862335], [-121.43610400000887, 37.229364999910736], [-121.43656699979114, 37.2295670002486], [-121.43771300036204, 37.22975000006977], [-121.43901399984529, 37.23003300007568], [-121.43947599980267, 37.23035899968844], [-121.43975399963703, 37.23065100018979], [-121.4417460003048, 37.231127000238764], [-121.44226199979053, 37.2318019998036], [-121.44241199957835, 37.231997999972464], [-121.44345199984404, 37.233357999823916], [-121.44395399998436, 37.233671000320626], [-121.44469700014913, 37.234092000139015], [-121.44519900028948, 37.23450799973481], [-121.44575099976021, 37.235410000061705], [-121.44608300002123, 37.235967000149685], [-121.4464839998792, 37.23606799976723], [-121.44664700008582, 37.236102999872195], [-121.44670499981214, 37.23617399987177], [-121.44756900035073, 37.236478000181535], [-121.4479400000715, 37.23676900004011], [-121.44849300026546, 37.23701999997926], [-121.44874400033564, 37.23727700017077], [-121.44883399984899, 37.23761599972604], [-121.4488060002599, 37.237819999761676], [-121.44879399966604, 37.23791199998976], [-121.44859299982454, 37.238358999779685], [-121.44835500017318, 37.23896400002542], [-121.44823600034752, 37.23926499970405], [-121.44814500011091, 37.23949400015136], [-121.44871099982534, 37.24023400021927], [-121.44879700003908, 37.24034700009855], [-121.4490740000485, 37.240709999836746], [-121.44939700008868, 37.24113200016589], [-121.45048199966192, 37.24254999976422], [-121.45098999965, 37.24321499972098], [-121.4510030000688, 37.24355000006839], [-121.45111400039688, 37.2438409997999], [-121.45139499970595, 37.24411299990668], [-121.45183099972404, 37.24431500006058], [-121.45216299998506, 37.24474899978488], [-121.45263300033837, 37.245364000253225], [-121.45261999991958, 37.24637799982273], [-121.45395200026327, 37.248048000198665], [-121.45473800008575, 37.24853400012518], [-121.45516800025608, 37.248984000281446], [-121.45574999986404, 37.24944000001525], [-121.45566200000049, 37.25078300012963], [-121.45561900034276, 37.25143700008683], [-121.45560099990111, 37.251710999927454], [-121.45552599955805, 37.25284699976448], [-121.45602400039871, 37.25348599983212], [-121.45597400017, 37.25391900004575], [-121.45583400042791, 37.25413000034612], [-121.4553880003641, 37.25493500021851], [-121.45540400025762, 37.25469200019789], [-121.45502000011807, 37.25554999977849], [-121.45513100044616, 37.25591400022336], [-121.45529700012749, 37.25631800035483], [-121.45527399966298, 37.256665999736384], [-121.45595400007853, 37.257539999743834], [-121.45619500010297, 37.258133000159965], [-121.45618300040739, 37.258356999890935], [-121.45632599962421, 37.259240999911334], [-121.45725499956181, 37.260942999783644], [-121.45663699996882, 37.262114000000444], [-121.45592800013927, 37.262883000340764], [-121.45523699985303, 37.263048000098166], [-121.45484900041384, 37.263140999750156], [-121.45476800022297, 37.2643770003395], [-121.45474300010862, 37.26475899986893], [-121.45466199991778, 37.26599099972427], [-121.45460599984128, 37.26684000011109], [-121.45453999971903, 37.26783999973791], [-121.45450299990911, 37.26840200024183], [-121.45447699996984, 37.26879499998087], [-121.45429000037211, 37.27165399974141], [-121.45427100010554, 37.27194799981605], [-121.45426299970958, 37.272063000182044], [-121.45418599971671, 37.27324300031611], [-121.45413800003614, 37.27397899968733], [-121.45412700016547, 37.274146000249566], [-121.4541220001426, 37.27422399976887], [-121.45406400041628, 37.27509799974364], [-121.45399699957083, 37.27612699973324], [-121.45397700037765, 37.27642700032472], [-121.45394999971515, 37.276838999893826], [-121.4539659996087, 37.27718400020986], [-121.45500000002659, 37.278492999873016], [-121.45544600009042, 37.278569999901116], [-121.45552599955805, 37.27866199969216], [-121.45572200027493, 37.27888899979111], [-121.45588600030646, 37.27907799982981], [-121.45657900024253, 37.279879999736714], [-121.45750399998214, 37.2809489999137], [-121.4576200003331, 37.28108399997085], [-121.45815400026048, 37.281359999794766], [-121.45856599998912, 37.281660000257794], [-121.45906800012946, 37.28231899984249], [-121.45905100041102, 37.28273900023621], [-121.45901899972567, 37.282784000164924], [-121.45854000004988, 37.283452999886265], [-121.45837299964528, 37.28368700000353], [-121.45805100032831, 37.2841390001064], [-121.45739000017932, 37.284071000030345], [-121.45726399978263, 37.284057999672505], [-121.45709599955313, 37.28404100035571], [-121.45589100032934, 37.28391599979563], [-121.4551499998144, 37.28383900023354], [-121.4540090001647, 37.284050000330836], [-121.453698999645, 37.2847079998058], [-121.4535439998343, 37.28520199969728], [-121.45331100020579, 37.285777000019706], [-121.45315600039508, 37.28633200034647], [-121.45297300009699, 37.28673499964749], [-121.45165800037, 37.288078999983085], [-121.45134700002538, 37.28826399965196], [-121.45090799963424, 37.28845000015463], [-121.44987499993958, 37.28902800022696], [-121.44946099966279, 37.2893550003082], [-121.44927900008791, 37.289702999954805], [-121.4489180004129, 37.290094000305274], [-121.4486580001219, 37.29030000012781], [-121.44904100043655, 37.291707000260345], [-121.44906900002563, 37.29180999982054], [-121.44910500001063, 37.291942000251154], [-121.44935100005794, 37.292847999652615], [-121.44937100014941, 37.29291300025823], [-121.44956299977007, 37.29361900009603], [-121.44964999980867, 37.29393900030011], [-121.44683500040678, 37.29518500034181], [-121.44654300032876, 37.29531399983422], [-121.44355099957824, 37.29663799984145], [-121.4427859996722, 37.29630899974758], [-121.44197300008554, 37.2947960002728], [-121.44112000031595, 37.29385699990855], [-121.43975600018516, 37.293461000140915], [-121.43850199965922, 37.29316800027768], [-121.43753799956156, 37.29236499995699], [-121.43681600021151, 37.291970999822006], [-121.43608999976519, 37.292179999651815], [-121.4354720001722, 37.292358999683834], [-121.43401699980483, 37.29293400034295], [-121.43366600017553, 37.293579999676595], [-121.43277900007075, 37.29436999988647], [-121.43274399991063, 37.294378000274975], [-121.43203199970802, 37.29454400010423], [-121.43139099965053, 37.294993999761985], [-121.43035700013095, 37.29524899987388], [-121.428529000393, 37.29566900027563], [-121.42724399990493, 37.29591399978439], [-121.42663100033481, 37.29609900019725], [-121.42633199968576, 37.296208000142485], [-121.42600799982065, 37.29632700033513], [-121.42576699979625, 37.29633600026994], [-121.42537599998398, 37.29630899974758], [-121.42458900033664, 37.29627899994976], [-121.42564999962039, 37.29603199996893], [-121.42584600033727, 37.29598600034295], [-121.42606300007225, 37.29593600022041], [-121.42466600032951, 37.295137999712836], [-121.42345199998655, 37.295286999659616], [-121.42304100008283, 37.29586500008937], [-121.42305000030366, 37.29663799984145], [-121.42274999982969, 37.299137999804906], [-121.41906199966841, 37.30200600028857], [-121.41883800026072, 37.30255999984248], [-121.41867800042718, 37.30291300033553], [-121.41836600025763, 37.30327499970523], [-121.4182509997316, 37.303339999875384], [-121.41811500018746, 37.303415999827145], [-121.41774399956837, 37.30353900011287], [-121.4167309999652, 37.3038180001372], [-121.41489200035659, 37.305247999868705], [-121.41474800041655, 37.30535999974964], [-121.41425799997178, 37.30650899978468], [-121.4140069999016, 37.306764999772035], [-121.4136040003938, 37.306957000083685], [-121.41354499994425, 37.3069849999691], [-121.41277199964227, 37.30743399989711], [-121.41131499962506, 37.3080310001095], [-121.40894200008907, 37.30987699965215], [-121.40751900040705, 37.30983700022842], [-121.40639499957747, 37.310430000240075], [-121.4062039997818, 37.310531000037365], [-121.40575299969505, 37.310990000109044], [-121.4062039997818, 37.31182600032748], [-121.40633400037643, 37.31276199994375], [-121.40677200004436, 37.31280300020478], [-121.40674699993, 37.31268399964682], [-121.40709799955926, 37.31276900026872], [-121.40748000004899, 37.31311400016706], [-121.40770000015704, 37.31405900013673], [-121.4081420000229, 37.31580900017322], [-121.40833299981861, 37.317620000128436], [-121.40939800019866, 37.32146400012138], [-121.41193899996414, 37.32444499995642], [-121.4102180003563, 37.325061000315614], [-121.41035700027346, 37.32543100014019], [-121.41114999976863, 37.327536999763105], [-121.40914999960322, 37.33063700029481], [-121.4117590000391, 37.33380800013873], [-121.42028799970693, 37.3441760001794], [-121.42074999966431, 37.34473699980264], [-121.42073399977075, 37.34506200007433], [-121.42070299980861, 37.345678999736926], [-121.41995200014624, 37.34606300029969], [-121.41982099972668, 37.34653999973122], [-121.42014200011705, 37.347273000257644], [-121.42059599967848, 37.34776500020021], [-121.42049799976921, 37.349717000157625], [-121.42048699989854, 37.34993700030701], [-121.42046000013438, 37.35046699967492], [-121.41954899974012, 37.351119999842666], [-121.41940899999803, 37.351989000252644], [-121.41980999985603, 37.352807000027184], [-121.42089899962718, 37.353669000104404], [-121.42122800041349, 37.35428700014124], [-121.42102400019898, 37.35512700011706], [-121.42104400029045, 37.35538199975437], [-121.42215300015312, 37.356024999695144], [-121.42365000035328, 37.35883699978716], [-121.42274200033208, 37.36095499984904], [-121.42268100023273, 37.362102999907435], [-121.42263100000402, 37.3626680002886], [-121.42249999958443, 37.36309099970389], [-121.42212800003877, 37.36346900014133], [-121.42165500021073, 37.363827999692965], [-121.421172000337, 37.36406499968684], [-121.4204269996241, 37.36422899999148], [-121.41965199967228, 37.36433200013886], [-121.41929000017235, 37.364445000054786], [-121.41929000017235, 37.364719000351016], [-121.41924999998938, 37.365080999724206], [-121.41920999980643, 37.36560100021711], [-121.41901800018579, 37.36631600000834], [-121.4186959999705, 37.366931999658995], [-121.41821300009676, 37.367410000228546], [-121.41764999985705, 37.3698359997543], [-121.41612900026576, 37.37370899984369], [-121.41636199989428, 37.374179000321604], [-121.41631099984063, 37.374453000049385], [-121.4161400001364, 37.37471700023687], [-121.41598899962537, 37.374857999794095], [-121.41569800027054, 37.37540400016608], [-121.41579799982962, 37.375687000128615], [-121.41584899988327, 37.375916000222276], [-121.41547599961437, 37.376011999888306], [-121.41503299992357, 37.37614199996897], [-121.41448999977537, 37.37631700016106], [-121.41407800004674, 37.376650000243245], [-121.41368499968631, 37.37699299993978], [-121.41307100029132, 37.37745800002685], [-121.41280599997746, 37.377615999717946], [-121.41236699958633, 37.37787900009672], [-121.41159400018266, 37.37809999988103], [-121.4113859997702, 37.37836099980827], [-121.4110510000344, 37.37837900001593], [-121.41031899974033, 37.37909199992838], [-121.40971700004087, 37.37989099989442], [-121.40907500015845, 37.380672000260724], [-121.4093460003201, 37.38132000003637], [-121.40974100033031, 37.382222999714664], [-121.40969299975144, 37.382012999697416], [-121.40984099988943, 37.38210600000192], [-121.41007299969303, 37.382397999993586], [-121.41008299973879, 37.38262800033053], [-121.41007299969303, 37.38289300032517], [-121.40995399986733, 37.38316200020491], [-121.41002500001244, 37.38347200006632], [-121.4101410003634, 37.38397999994186], [-121.41056599961253, 37.3858340003326], [-121.41062900026004, 37.38610800030665], [-121.4121139998663, 37.387239999916815], [-121.4121559996991, 37.387271999745664], [-121.4125490000595, 37.38943500034248], [-121.41394900017528, 37.38963500015219], [-121.41405499958218, 37.389708000064005], [-121.41476400031006, 37.390196999644736], [-121.41666599966787, 37.39017800019933], [-121.41945000000592, 37.39073500027397], [-121.42405000038636, 37.39363499991607], [-121.43154999965917, 37.39423499981315], [-121.43219300026485, 37.39440800013561], [-121.43354599962663, 37.39537300007475], [-121.43491099958233, 37.39588799967254], [-121.43608499974229, 37.396129999695674], [-121.43768999989751, 37.395743000254505], [-121.43895699994393, 37.39462000015542], [-121.44024999992956, 37.394535000101676], [-121.44210899962968, 37.39321299991408], [-121.44242499999714, 37.392989000019995], [-121.44274399983941, 37.392762999658785], [-121.44458300034633, 37.393361000330714], [-121.44524500032023, 37.39334599982437], [-121.44585700006542, 37.39302399993604], [-121.44671999988077, 37.392702999991585], [-121.44816299965427, 37.39167700024897], [-121.44980399979445, 37.3922879997892], [-121.45044800022502, 37.392540999651104], [-121.451550000415, 37.39463499969311], [-121.45665100021253, 37.39553500000409], [-121.45825100034486, 37.39813499982672], [-121.45565100012982, 37.401035000045106], [-121.45635099973856, 37.40673500017527], [-121.46355100033405, 37.41593400016554], [-121.46625100010817, 37.415034000126795], [-121.472327999699, 37.422981000216815], [-121.47260600043167, 37.42334499981697], [-121.47220399985045, 37.4241309999732], [-121.47214799977395, 37.42417499992328], [-121.47194000025979, 37.42424300018429], [-121.47151699976216, 37.42426200026718], [-121.4709629997433, 37.4243100001923], [-121.47030800034042, 37.42443400027248], [-121.46972400018433, 37.42455000006953], [-121.46915000007397, 37.42473300002971], [-121.46885799999592, 37.42499400023993], [-121.46875800043681, 37.42528499990176], [-121.4687879996757, 37.425652999695714], [-121.46895400025537, 37.42590299982279], [-121.47033799957934, 37.42770899979848], [-121.47037899958721, 37.428141999668675], [-121.47052000005252, 37.42859200002997], [-121.47045899995317, 37.429440999946685], [-121.47032800043192, 37.43012000034361], [-121.46993599989642, 37.43087200004503], [-121.46925100035631, 37.43167200023712], [-121.46860600010085, 37.432360999782475], [-121.46824399970261, 37.43286100005334], [-121.46751999980442, 37.43344700013706], [-121.4674429998115, 37.43371200019005], [-121.46728200015303, 37.43396700010894], [-121.46695999993776, 37.43427400006437], [-121.46658199964598, 37.434791999894614], [-121.46590799997652, 37.43559799980525], [-121.46558900013429, 37.43592899964739], [-121.4649509995515, 37.43703399999658], [-121.46443099986783, 37.43739799974482], [-121.46418599964544, 37.43757000024053], [-121.46413899978978, 37.437602999987675], [-121.46231199987673, 37.437982999961676], [-121.46185999996511, 37.438798999722295], [-121.46195100020171, 37.43913399964564], [-121.46188599990438, 37.44017900029959], [-121.46186900018596, 37.440443000077785], [-121.4618509997443, 37.44073400031036], [-121.46215100021827, 37.44233400028651], [-121.46347599999098, 37.445691999823204], [-121.46265500000841, 37.44843799982768], [-121.46279099955252, 37.45003299984827], [-121.46291699994924, 37.45148899986032], [-121.46365199971807, 37.45194000015678], [-121.46405199975115, 37.452476999697176], [-121.46402199961393, 37.45383800003026], [-121.46468699996088, 37.454483000222424], [-121.46533200021632, 37.454548999759204], [-121.46717900022087, 37.45334100026827], [-121.46722799972635, 37.45335600017023], [-121.46834699963478, 37.453697000030175], [-121.46893300033898, 37.45387500034536], [-121.469554000305, 37.455743000057275], [-121.4720540000626, 37.45629699965802], [-121.47253399956331, 37.45639700022481], [-121.47267599985354, 37.45638099974378], [-121.47308900030541, 37.45676399988972], [-121.47316299992525, 37.45725999997341], [-121.47337100033772, 37.458976999852275], [-121.47337100033772, 37.45980999971838], [-121.47345199963026, 37.460168999911836], [-121.4740159996949, 37.460930000150604], [-121.47450899961439, 37.46152599982439], [-121.47503300039432, 37.46205399966817], [-121.47584900035403, 37.46260200007354], [-121.47719800041618, 37.46324799993194], [-121.47771399990191, 37.46341899979908], [-121.47967399988434, 37.46407299986084], [-121.48310199975464, 37.46516000019856], [-121.48425199962517, 37.46603200033208], [-121.48620699958474, 37.47414599977498], [-121.48625199979058, 37.47433299987461], [-121.48646299967778, 37.47492599966945], [-121.4867749998473, 37.47565200034543], [-121.48592899975037, 37.475532999973574], [-121.48520499985219, 37.47555700024952], [-121.48426800041702, 37.47552599986193], [-121.48340999972622, 37.475422999976495], [-121.48258399972079, 37.475906999893226], [-121.48204099957256, 37.47642900029651], [-121.48173199977606, 37.47678200002959], [-121.48123600038184, 37.477349999753486], [-121.48096799969493, 37.477869000206034], [-121.48059600014925, 37.478211999855176], [-121.48014300041271, 37.47860700009856], [-121.4797199999151, 37.47898500029857], [-121.47930800018644, 37.47930100024303], [-121.47888499968883, 37.47971399981631], [-121.47843199995229, 37.47994199970752], [-121.47769999965821, 37.48027900031119], [-121.47634200027352, 37.480293999799315], [-121.47532299992423, 37.479527999802535], [-121.47452700005604, 37.47934399966296], [-121.47372100014209, 37.48007800003674], [-121.47297499960429, 37.48067599991016], [-121.47264800026446, 37.48216999991064], [-121.47270799964059, 37.482201999811004], [-121.47289099993871, 37.48229999968795], [-121.47295200003808, 37.48233299966121], [-121.47552700013874, 37.48233700017542], [-121.48325300026568, 37.48234900029104], [-121.48417999965514, 37.4823509998349], [-121.48582900019129, 37.48235400021987], [-121.48732999969108, 37.482356999891856], [-121.4874229995775, 37.482356999891856], [-121.48751499963902, 37.482356999891856], [-121.48763500018792, 37.4823559997636], [-121.50106700018492, 37.4823799999868], [-121.51621800013993, 37.48240400020235], [-121.51624099970614, 37.48240400020235], [-121.51642599965407, 37.48240599974469], [-121.51661099960198, 37.48240599974469], [-121.51676700013594, 37.48240500032996], [-121.5169219999466, 37.48240500032996], [-121.5177730000664, 37.48240799999989], [-121.5184269996444, 37.48240699987233], [-121.51928899963482, 37.482409000127454], [-121.52502800001517, 37.48242000010411], [-121.52541899982741, 37.4824189999767], [-121.52573299964678, 37.48242000010411], [-121.52576500033211, 37.48242000010411], [-121.52638799994799, 37.482421000231554], [-121.52668699969871, 37.482421000231554], [-121.52686300032414, 37.48242199964607], [-121.52724200044081, 37.48242199964607], [-121.53221600001675, 37.48243200020645], [-121.5322329997352, 37.48243200020645], [-121.53304000037237, 37.48243300033368], [-121.55975500040341, 37.48253300015946], [-121.56435499988554, 37.48243300033368], [-121.58619900027284, 37.48253300015946], [-121.59888300008218, 37.4825900001856], [-121.60828399978621, 37.48263299985138], [-121.60836400015216, 37.48263299985138], [-121.60863500031383, 37.482633999975924], [-121.6203209996903, 37.482633999975924], [-121.62055699969184, 37.482633999975924], [-121.62064399973049, 37.482633999975924], [-121.62317899964818, 37.482633999975924], [-121.62345499983272, 37.482633999975924], [-121.6241579998145, 37.482633999975924], [-121.62420800004321, 37.48263299985138], [-121.62435799983105, 37.48263299985138], [-121.62440899988465, 37.48263299985138], [-121.62457899976398, 37.48263100031506], [-121.62509000012516, 37.482627999941215], [-121.62526099982935, 37.482627999941215], [-121.62600099962108, 37.48263500010045], [-121.62822300044265, 37.482659000234094], [-121.62896400005926, 37.48266799992575], [-121.63502700030469, 37.48273300012227], [-121.6350830003812, 37.48273300012227], [-121.6351629998488, 37.48273300012227], [-121.63541599956879, 37.482734000245536], [-121.63550099995761, 37.482734999655875], [-121.64060000010534, 37.482753999855646], [-121.65044400039848, 37.48279100011829], [-121.65589699965021, 37.48281199983536], [-121.65662399992145, 37.48281500020182], [-121.6609439999194, 37.48283100001561], [-121.66099699962285, 37.48283100001561], [-121.66105199987443, 37.48283100001561], [-121.66173700031288, 37.48283300025938], [-121.67039900005011, 37.482740000271676], [-121.67085799963444, 37.482734000245536], [-121.67940100044427, 37.48277900007367], [-121.68179900009463, 37.48279100011829], [-121.6888869996388, 37.482827000240654], [-121.68907900015773, 37.48282799964981], [-121.69005999997387, 37.48283399966845], [-121.69013799979169, 37.48283700003397], [-121.69092899963701, 37.48285500008624], [-121.6909410002309, 37.48286200022421], [-121.71255600028931, 37.4835580002802], [-121.71417800016293, 37.48360999967993], [-121.71496099961236, 37.48363500032436], [-121.7195740004116, 37.48368699967051], [-121.72500800029509, 37.48375000018706], [-121.7345930001221, 37.48386000004502], [-121.73576499973399, 37.48387300002398], [-121.73681400022048, 37.483883999785114], [-121.73686600009898, 37.48388499989296], [-121.74116299963244, 37.48393500027653], [-121.74118600009699, 37.48393500027653], [-121.7412570002421, 37.48393799988504], [-121.74128099963323, 37.48394000009918], [-121.74132800038718, 37.48394000009918], [-121.74615399982514, 37.48395799988572], [-121.7590979999255, 37.48400900032662], [-121.76063199993558, 37.48401500025042], [-121.76545800027183, 37.484034000124694], [-121.76610799965185, 37.4840400000465], [-121.76806000013669, 37.48405799980895], [-121.76871100023993, 37.4840649998342], [-121.76888899961688, 37.48406599993958], [-121.76942300044254, 37.484071999858756], [-121.7696019996444, 37.484074000069356], [-121.76963099995669, 37.484074000069356], [-121.76971799999535, 37.484074000069356], [-121.76974700030765, 37.484075000174606], [-121.76982900032341, 37.48407600027985], [-121.78623499973092, 37.48423599984003], [-121.79542700009591, 37.483995999658475], [-121.79648699955476, 37.48399400015863], [-121.79967000010099, 37.48399199994595], [-121.80073200010796, 37.48399099983953], [-121.8018340002979, 37.484002999689544], [-121.80450999978262, 37.4840309998072], [-121.81584500042814, 37.48415100029458], [-121.8196239999277, 37.484191000176594], [-121.82042599964369, 37.48419900029298], [-121.8228340002381, 37.48422500013073], [-121.823636999779, 37.4842340003466], [-121.82386600010788, 37.48423599984003], [-121.82414200029238, 37.48423599984003], [-121.82566000040893, 37.48423599984003], [-121.82616599984893, 37.48423599984003], [-121.82659199982126, 37.48423599984003], [-121.82701699996872, 37.48423599984003], [-121.82722100018323, 37.48423599984003], [-121.8303879999376, 37.48423599984003], [-121.83136600027898, 37.48423599984003], [-121.83144400009678, 37.484241000355375], [-121.83176399976394, 37.4842619996649], [-121.83272700003671, 37.48432599979843], [-121.83286599995391, 37.48433600010396], [-121.833049000252, 37.4843370002057], [-121.83787600041316, 37.484373000295996], [-121.84619699966854, 37.48443500013361], [-121.84624000022457, 37.48443600023403], [-121.85060899972801, 37.484437000334445], [-121.85065099956081, 37.484437000334445], [-121.85576200030242, 37.48453700032934], [-121.8573940002218, 37.48455399987322], [-121.85772700030775, 37.484557000169715], [-121.85872700039043, 37.48456699973147], [-121.8590610003013, 37.48457100012606], [-121.85992599976643, 37.48458000030026], [-121.86252299960844, 37.48460700010355], [-121.86338899979684, 37.48461699965862], [-121.86342200030711, 37.48461699965862], [-121.8641749996193, 37.4846249997294], [-121.8652669997635, 37.484637000190375], [-121.86529199987785, 37.48461999995259], [-121.86633399979337, 37.483951999957384], [-121.86699699959219, 37.483528999872675], [-121.86758400012133, 37.48315900007633], [-121.86778400013787, 37.48303300013203], [-121.86934599973704, 37.48204899967348], [-121.8699340000911, 37.48167999981388], [-121.86993900011397, 37.481664999891116], [-121.86997799957372, 37.48158400011387], [-121.87000100003827, 37.48153800013965], [-121.87005600028985, 37.48144499996574], [-121.87007600038133, 37.481291000274155], [-121.87005600028985, 37.48118600020523], [-121.87004200004614, 37.48111499993243], [-121.8700450004192, 37.481026999962545], [-121.87004799989393, 37.48096100027353], [-121.87007600038133, 37.48080799973335], [-121.87011499984106, 37.480729000039986], [-121.8701309997346, 37.48069799965929], [-121.87021399957528, 37.48059300018276], [-121.87031700040575, 37.480515999855065], [-121.87033900014706, 37.480492999899205], [-121.87039100002562, 37.4804390001609], [-121.87040699991911, 37.480422999834936], [-121.87048899993489, 37.480329000256454], [-121.87051700042228, 37.48025600028234], [-121.87055699970695, 37.48019200022685], [-121.87056500010287, 37.480175999848], [-121.87061299978345, 37.480066000269275], [-121.87064700011864, 37.47993899993858], [-121.87064700011864, 37.47980700000604], [-121.87064000044595, 37.47971399981631], [-121.87066100036235, 37.479626000335074], [-121.87072999995932, 37.479538000037316], [-121.87078500021089, 37.47945000034886], [-121.8708839999451, 37.47935799988322], [-121.87090900005947, 37.47933500028377], [-121.87104700015172, 37.479241000049555], [-121.87149499986538, 37.47899899987319], [-121.87170800030071, 37.478866999705886], [-121.87255600004744, 37.478378000229874], [-121.87274199982029, 37.47825200006504], [-121.87286599966885, 37.47819699994914], [-121.87297600017202, 37.47813600011025], [-121.87314199985337, 37.47805399988608], [-121.87330699970983, 37.47801000025028], [-121.87333099999925, 37.478000999997576], [-121.87343800012937, 37.477965999875714], [-121.87352099997005, 37.477926999700315], [-121.87364499981862, 37.47787799976178], [-121.87369300039751, 37.47784499995966], [-121.87390000008673, 37.47757000032914], [-121.8740089998667, 37.47740700016894], [-121.87421499973102, 37.47663699970086], [-121.87429000007408, 37.47636199990244], [-121.87461200028937, 37.47576699966212], [-121.87520499976797, 37.475215000045], [-121.87577899987835, 37.47499899985991], [-121.8762619997521, 37.47492399992691], [-121.87650399960143, 37.47512100033164], [-121.87656700024894, 37.47511700014404], [-121.87678800018185, 37.47513300018029], [-121.87695999971102, 37.47518300000416], [-121.87711200004698, 37.47521600026888], [-121.87716800012348, 37.475220999962026], [-121.87723599989553, 37.47522699987856], [-121.87745000015576, 37.47518300000416], [-121.87758800024804, 37.475061999859584], [-121.87772600034029, 37.47490300013177], [-121.87782199970142, 37.4746730000884], [-121.87790500044042, 37.4744199996509], [-121.8779949999538, 37.47420599978168], [-121.87811200012968, 37.47404600013206], [-121.87823599997822, 37.473915000012454], [-121.87840000000975, 37.47376300026072], [-121.87862299959254, 37.47355800001213], [-121.87879500001996, 37.473441999900636], [-121.87891899986853, 37.47333199967771], [-121.87900199970919, 37.47318999982458], [-121.8790779998772, 37.472948000015606], [-121.87909499959562, 37.47290799981851], [-121.87925799980223, 37.47254199980165], [-121.8793199997265, 37.472349000064504], [-121.8794650003898, 37.472168000153694], [-121.87968600032272, 37.47193200006853], [-121.87985899967678, 37.47178900013777], [-121.87989999968465, 37.47175599978587], [-121.88025100021225, 37.47154800034336], [-121.88054099974217, 37.471399999729485], [-121.88070999979655, 37.47131900023286], [-121.88086499960725, 37.471246000012805], [-121.88115500003548, 37.47107599979052], [-121.88163700008435, 37.47086700031259], [-121.88199600010954, 37.47070800021605], [-121.88210700043763, 37.47068300023737], [-121.88227200029407, 37.470648000253135], [-121.8824160002341, 37.47059800024729], [-121.88260299983185, 37.47055399978664], [-121.8830849998807, 37.47067000010258], [-121.88333299957782, 37.470753000156634], [-121.88346399999739, 37.47076399971023], [-121.88360200008965, 37.470753000156634], [-121.8837400001819, 37.47073100033168], [-121.88389099979466, 37.47076899970118], [-121.88402200021422, 37.47083499983609], [-121.88429099982774, 37.47112100022247], [-121.88436899964553, 37.4711729997215], [-121.8844149996763, 37.471203999775796], [-121.88456000033958, 37.471275000196684], [-121.88473199986869, 37.471329999703165], [-121.88493199988523, 37.47138499988214], [-121.88515899966596, 37.47141299973733], [-121.88541399993409, 37.47140700022758], [-121.88596600030313, 37.47137499998225], [-121.88631100008462, 37.47128699994987], [-121.88704199965551, 37.47108399988511], [-121.88741400009948, 37.471012999995764], [-121.88773799996461, 37.47093599977844], [-121.88802699966959, 37.470821000158004], [-121.88838599969479, 37.47065099968206], [-121.88866199987932, 37.47053500004966], [-121.88899300031545, 37.470365000349204], [-121.88917900008825, 37.47025499987568], [-121.88935200034064, 37.47010200023121], [-121.88952399986975, 37.4698769997238], [-121.88967100018286, 37.46962700034623], [-121.88968999955111, 37.46959600035085], [-121.88979300038159, 37.469382000216285], [-121.88993800014654, 37.469112999797744], [-121.89002799965992, 37.46891000024577], [-121.89024199992016, 37.468568999884006], [-121.8904069997766, 37.468321999932215], [-121.89063500028054, 37.46810799971536], [-121.89075900012912, 37.468038000171134], [-121.8908560002135, 37.46798200006078], [-121.89113099967479, 37.46790999975542], [-121.89138599994291, 37.46784999968564], [-121.89194499998466, 37.46781200025818], [-121.89220000025279, 37.46774600030615], [-121.89248899995778, 37.46774100011294], [-121.89295799958782, 37.46767500009824], [-121.89323399977236, 37.4676640000901], [-121.89360600021634, 37.46767500009824], [-121.89379199998919, 37.46766999990028], [-121.89406099960269, 37.467636999868866], [-121.89429499995444, 37.467620000041435], [-121.89461899981954, 37.4675819997841], [-121.89499200008844, 37.467544000220464], [-121.89565300023743, 37.46741199978488], [-121.89588800041406, 37.46735200002836], [-121.89608800043062, 37.46731300001823], [-121.89630099996761, 37.467292000223686], [-121.89650799965686, 37.46720399966255], [-121.89664599974914, 37.467120999945855], [-121.89682499984926, 37.46707200005264], [-121.89698399985792, 37.46704500033054], [-121.89734200005822, 37.46702300012731], [-121.89765300040284, 37.46697299983574], [-121.89785300041939, 37.46688000007432], [-121.8980380003673, 37.46676800021572], [-121.8980519997127, 37.46675900003519], [-121.89820999989644, 37.4667099999047], [-121.89830600015588, 37.46666099974211], [-121.89838200032389, 37.46655100023505], [-121.89884199973311, 37.465954000340226], [-121.8989730001527, 37.465845000142146], [-121.89925299963686, 37.46577400026779], [-121.89960400016446, 37.465719000238465], [-121.89989299986945, 37.465642000272], [-121.90013300006895, 37.46552200000874], [-121.90037999994117, 37.4654289998683], [-121.90077800032441, 37.46521000027669], [-121.90101099995293, 37.46509000003307], [-121.90123100006097, 37.4649919996912], [-121.90130700022893, 37.46495800025561], [-121.90152399996391, 37.4649039999878], [-121.90156900016976, 37.464893000284974], [-121.902064999564, 37.46479400003462], [-121.90223100014367, 37.464745000042285], [-121.90237900028166, 37.464702000066154], [-121.90257500010026, 37.46464600030893], [-121.9026639997887, 37.464642000273756], [-121.90275599985021, 37.46463699987294], [-121.90281699994956, 37.46463499985517], [-121.90303399968455, 37.464657999700236], [-121.90312699957097, 37.464667999785654], [-121.90328700030285, 37.464667999785654], [-121.90333300033362, 37.464667999785654], [-121.90357500018295, 37.46462400011276], [-121.90376000013087, 37.46457799968159], [-121.9039169995914, 37.46454000001705], [-121.90406700027752, 37.4645020003332], [-121.90429599970807, 37.4644459997132], [-121.90433900026409, 37.464434999942995], [-121.90435400033273, 37.464432000264615], [-121.90440000036347, 37.464418999755765], [-121.90452000001407, 37.464387999739806], [-121.9046709996268, 37.4643499999787], [-121.904740999947, 37.46433300011686], [-121.90495100000929, 37.464283000165246], [-121.9050220001544, 37.46426699994555], [-121.90506499981211, 37.464258999834385], [-121.90519600023168, 37.464233999838015], [-121.90523999971428, 37.464227000094255], [-121.90551900027187, 37.46411600019868], [-121.90600100032071, 37.46392700017076], [-121.90635399959979, 37.463830999769904], [-121.90637200004147, 37.46382600002788], [-121.90666599976934, 37.46375899974487], [-121.90672000019603, 37.463745999832035], [-121.90683499982374, 37.46371999999946], [-121.90701099955083, 37.4636280001355], [-121.90710799963522, 37.46358900032177], [-121.90709400028985, 37.46350200006063], [-121.90707699967308, 37.46340999992842], [-121.90706900017548, 37.46336400017636], [-121.90722300016128, 37.463314000289785], [-121.90729099993334, 37.46329199970161], [-121.9073110000248, 37.463286000253134], [-121.90733899961388, 37.46335300024697], [-121.9073880000177, 37.46346999999646], [-121.90746699966043, 37.46343700025019], [-121.90759999972983, 37.46340999992842], [-121.90808599997663, 37.46321000030453], [-121.90812399961145, 37.463199000352475], [-121.90858100044424, 37.463043000080326], [-121.90872799985904, 37.46303099971684], [-121.90892299985272, 37.46301299988103], [-121.90912899971703, 37.462995000040834], [-121.90916200022731, 37.462977999870915], [-121.91133200027203, 37.46223600022221], [-121.9108870000331, 37.46148599993277], [-121.91201500016234, 37.46095999975958], [-121.91265200002188, 37.46064999965432], [-121.9128300002971, 37.46056600008538], [-121.91303100013857, 37.46047100006862], [-121.91317699972845, 37.46040200021349], [-121.91345899976073, 37.46024700023448], [-121.91390300017477, 37.460021000301104], [-121.91439699991916, 37.459773999917694], [-121.91488399999089, 37.45954799998092], [-121.9153359999025, 37.459309000102955], [-121.91580500043088, 37.45909900008992], [-121.91635899955142, 37.458839999903404], [-121.91709699969331, 37.458472999730105], [-121.91726499992279, 37.45839100003979], [-121.91735299978633, 37.45834500005237], [-121.91892799980431, 37.457498000234416], [-121.919018000216, 37.45745099994927], [-121.92107500028281, 37.45634199971571], [-121.92230499962098, 37.45567899969223], [-121.92256900010995, 37.45553800031036], [-121.92283699989855, 37.45538600027438], [-121.92296199957201, 37.455317000005984], [-121.92300099993005, 37.45529599969464], [-121.92326200004597, 37.455153000032425], [-121.92356699964449, 37.454986000355], [-121.92437500010661, 37.45455899977038], [-121.92439799967282, 37.45454700018467], [-121.92447999968856, 37.45450600033774], [-121.92459299966649, 37.45444099983856], [-121.92474599982737, 37.45435400034371], [-121.92504100027844, 37.45418599980327], [-121.92522399967822, 37.4542930003015], [-121.92535400027292, 37.45429400009213], [-121.92539299973265, 37.45429499988282], [-121.92554800044167, 37.45438900011166], [-121.92556599998498, 37.454389999901075], [-121.92562100023659, 37.45439500027402], [-121.92563999960485, 37.45439699985262], [-121.92571199957486, 37.45441699991422], [-121.92578299971997, 37.454436000181815], [-121.92594500010169, 37.45447899964352], [-121.92619699999676, 37.454545999684285], [-121.92629400008114, 37.45457300035425], [-121.92635600000544, 37.454707999992436], [-121.9264170001048, 37.454840999820284], [-121.92642999962528, 37.454867999670675], [-121.92657100009058, 37.45502099982721], [-121.92658100013632, 37.45503200026923], [-121.92660399970256, 37.455059999831064], [-121.92675500021359, 37.45524099980203], [-121.92685999979558, 37.45524600011809], [-121.92690099980348, 37.455249000164926], [-121.92697100012366, 37.45522000018247], [-121.92703999972065, 37.45519299974603], [-121.92707599970565, 37.45517899999134], [-121.92736299976082, 37.45502900021363], [-121.92738399967722, 37.455036000105366], [-121.92762200022692, 37.455130999895545], [-121.92763300009759, 37.45513600021895], [-121.92765499983886, 37.45514799971016], [-121.92778600025846, 37.45521400008635], [-121.92784999983255, 37.455262000128876], [-121.92785999987828, 37.455278999913666], [-121.92788900019062, 37.45533300000158], [-121.92790000006126, 37.45535200003641], [-121.92786599972607, 37.45541599996817], [-121.9277960003042, 37.455549999737066], [-121.92772599998398, 37.45568300020688], [-121.92755899957942, 37.45600000002453], [-121.92749500000531, 37.456122999893374], [-121.92744099957865, 37.45627900034048], [-121.92741999966222, 37.456371999739076], [-121.92741800001241, 37.45654300035581], [-121.92746099967012, 37.45670499990381], [-121.92756100012755, 37.4569249999166], [-121.92779299993114, 37.457124000197275], [-121.92802499973472, 37.45725000032338], [-121.92816600020004, 37.457302999950755], [-121.92829699972128, 37.45733199983866], [-121.92844400003437, 37.45739400000381], [-121.92860899989081, 37.457276000266376], [-121.9288020002347, 37.45713999980629], [-121.92892600008322, 37.457052000131775], [-121.92904900010687, 37.456965000108745], [-121.92912799974961, 37.456909000261646], [-121.92920700029062, 37.45685299965952], [-121.92937299997197, 37.45686500030145], [-121.92948099992701, 37.45683999997217], [-121.93013500040331, 37.456690999718994], [-121.93028299964298, 37.45661500019825], [-121.93053100023845, 37.45648899971538], [-121.93095200018793, 37.45615800025972], [-121.9313739999623, 37.455829000305584], [-121.93146199982586, 37.45575999973278], [-121.93206900044649, 37.455276999645584], [-121.9326259999401, 37.455146999930875], [-121.93289899975157, 37.455447000138264], [-121.93288399968294, 37.45584399970857], [-121.93287600018536, 37.456238999781434], [-121.93271200015381, 37.4568420001985], [-121.93265600007732, 37.456918999957274], [-121.93258199955915, 37.45694200003655], [-121.93250700011438, 37.456965000108745], [-121.93219499994485, 37.45706100005464], [-121.93188199995045, 37.45715800034275], [-121.93124500009087, 37.457353000291405], [-121.93112799991502, 37.45739000029373], [-121.93117899996862, 37.45791099977054], [-121.9314099999473, 37.45818700015921], [-121.9314509999552, 37.45839900006571], [-121.9315210002754, 37.45883100019463], [-121.93136999976436, 37.45909999981632], [-121.93138999985582, 37.45959499966119], [-121.93112799991502, 37.460158000225476], [-121.93119900006013, 37.46041299986401], [-121.93119900006013, 37.460643999993856], [-121.93147100004667, 37.4609110001068], [-121.93193399982894, 37.46097699967527], [-121.93208500034001, 37.46099900023154], [-121.93267000032102, 37.460973999858204], [-121.93337800032566, 37.460762000121235], [-121.93306899963088, 37.460738000086224], [-121.93294099958436, 37.46066700035355], [-121.93277800027606, 37.46057600000502], [-121.93261599989434, 37.46048599996672], [-121.93249500041883, 37.46041900025608], [-121.932374000045, 37.460351999772335], [-121.93289600027683, 37.460265999733934], [-121.93357800034222, 37.46027099971401], [-121.93411599956926, 37.46033100016178], [-121.9347320004107, 37.46052400026549], [-121.93494099974977, 37.46066399981099], [-121.93513699956834, 37.46083999982527], [-121.93524200004863, 37.46106800024885], [-121.93527700020874, 37.46132699984905], [-121.93529599957701, 37.46142099979587], [-121.93525499956914, 37.46150400013623], [-121.93521399956124, 37.461585999978205], [-121.93494699959753, 37.46211999965387], [-121.93494999997058, 37.46214499964404], [-121.93496000001633, 37.46223499982469], [-121.93497599990988, 37.462376000127556], [-121.93498699978053, 37.46246399995426], [-121.93538000014091, 37.4626689999673], [-121.93602500039637, 37.46292900011445], [-121.93647800013291, 37.46288300006646], [-121.93788400009646, 37.462599000321674], [-121.93795799971633, 37.462584999814254], [-121.93832799961217, 37.462510000260025], [-121.93869699968312, 37.462436000312344], [-121.93879999961527, 37.462414999860954], [-121.93890300044575, 37.46239400011677], [-121.93924099965625, 37.46248699975418], [-121.93951400036603, 37.4627100003303], [-121.94002300017907, 37.46312499966061], [-121.94017899981468, 37.46346300018117], [-121.94046199967188, 37.46407499989365], [-121.94051500027362, 37.464345999927694], [-121.94059399991637, 37.46444999975886], [-121.9407920002831, 37.46470899976549], [-121.94108500018604, 37.464948000208935], [-121.94118200027043, 37.464946000199475], [-121.94127799963158, 37.46494400018992], [-121.9414910000669, 37.46494400018992], [-121.94157800010555, 37.46494499983822], [-121.94235700025531, 37.46496299992194], [-121.9430450001685, 37.46510400007142], [-121.94310100024497, 37.46511600010219], [-121.94325699988059, 37.46521400028148], [-121.9433640000107, 37.46528099997364], [-121.94347100014085, 37.46534800031878], [-121.94377900011241, 37.46545699981543], [-121.94422600000115, 37.46582199994922], [-121.94433499978109, 37.466093000067886], [-121.94433200030635, 37.466309000321985], [-121.94431700023777, 37.467400000122595], [-121.94414399998539, 37.46762300030485], [-121.94413700031268, 37.46811899965815], [-121.94424400044282, 37.46852599996837], [-121.94452200027716, 37.4688890001869], [-121.94491399991432, 37.46916300008397], [-121.94547899980385, 37.469168000182016], [-121.94589399990555, 37.46900599982864], [-121.94593400008851, 37.468991000213876], [-121.94644899974932, 37.46859000003277], [-121.9466789999031, 37.46827699995415], [-121.94678100001035, 37.467965000311864], [-121.94679699990387, 37.4679180001889], [-121.9469120004299, 37.467783000156835], [-121.94691400007973, 37.46764799988097], [-121.9470870003321, 37.467424000158196], [-121.94698699987468, 37.46647700000888], [-121.94699000024772, 37.466251999998654], [-121.9467719997895, 37.46566400016866], [-121.94662399965152, 37.46540800025762], [-121.94627600039529, 37.46480299973868], [-121.94616699971701, 37.46448699981473], [-121.94617400028804, 37.463946000161215], [-121.94640899956637, 37.46336200012449], [-121.94704100030134, 37.46260200007354], [-121.94784200019242, 37.46197799989335], [-121.94812599987455, 37.46184499992329], [-121.94897899964417, 37.46153799971637], [-121.94937500037761, 37.461495999729436], [-121.94960200015831, 37.46140800018954], [-121.9507329997623, 37.461417999996634], [-121.95176600035526, 37.461455000126875], [-121.95192100016595, 37.46146099972226], [-121.95281900014142, 37.4616740000216], [-121.95339099970361, 37.461945000201645], [-121.95410899975401, 37.46211200002604], [-121.95438699958838, 37.462186000294366], [-121.95440199965698, 37.4621930002292], [-121.95445100006077, 37.46220400032926], [-121.95537800034855, 37.462582000061715], [-121.95557900019001, 37.462640000010005], [-121.9558889998114, 37.46273000030788], [-121.95762399966296, 37.463199000352475], [-121.9592609996052, 37.46350499977626], [-121.95931300038205, 37.46351500001595], [-121.96415700026166, 37.46315099970009], [-121.96595099966443, 37.46281299990819], [-121.96706399972503, 37.46248699975418], [-121.9680739998535, 37.46216800025509], [-121.96811200038664, 37.46215000021152], [-121.9685240001153, 37.46195299984735], [-121.97082100038162, 37.46150699993203], [-121.97447100000976, 37.460738999790756], [-121.9747060001864, 37.4607400002083], [-121.97477200030862, 37.460738999790756], [-121.97507100005939, 37.46063900003872], [-121.97847399981531, 37.46080899975154], [-121.9790710003902, 37.46083900012213], [-121.98001399967319, 37.46089200005816], [-121.98017100003202, 37.46093900031977], [-121.98943500036701, 37.46368100023371], [-121.99266900006853, 37.46463899989071], [-121.99297500039029, 37.46492299972998], [-121.99431100003365, 37.4660489998076], [-121.99550199991208, 37.46674399996956], [-121.99647100003263, 37.46703899975719], [-121.99667100004916, 37.46723899983332], [-121.99717099964138, 37.46713900021868], [-121.99777099969101, 37.46713900021868], [-121.99824799971697, 37.46709499986101], [-121.99982199991005, 37.46695300028015], [-121.99997199969785, 37.466938999875026], [-122.0010730000629, 37.46684400011258], [-122.00243399982064, 37.46672699993907], [-122.00379600030158, 37.466610000295404], [-122.01621499979709, 37.46553999995355], [-122.02087200007894, 37.465138999799294], [-122.02115300028635, 37.4650730003395], [-122.0222010000496, 37.4651249997675], [-122.02247200021127, 37.465138999799294], [-122.02252599973963, 37.46515000017896], [-122.02348700036256, 37.4653549999576], [-122.02380799985464, 37.46542400023314], [-122.02542499970542, 37.46563000032565], [-122.02685900015636, 37.46552999998476], [-122.0277749996752, 37.46546899978953], [-122.02989600021444, 37.465316999974995], [-122.03165100015745, 37.46524099995182], [-122.03375599990484, 37.46512600012635], [-122.034808999691, 37.46504999990906], [-122.0361820000426, 37.46496600029199], [-122.03726599979089, 37.46469899968551], [-122.0380750000779, 37.46431000017181], [-122.03836999963067, 37.46416000017058], [-122.04069799985913, 37.462975000134136], [-122.04176700043713, 37.462291999645394], [-122.04254099966572, 37.46181099976968], [-122.04329499970112, 37.461399000076824], [-122.04339400033365, 37.46134500009073], [-122.04439900043923, 37.4607729997188], [-122.04447399988396, 37.46073000031054], [-122.04458699986189, 37.46066599993504], [-122.04527099957708, 37.46027599969374], [-122.04585700028133, 37.45993799974076], [-122.04657399960848, 37.45952599971081], [-122.04782499976137, 37.459007000244775], [-122.04818499961151, 37.45897300022685], [-122.04896999960903, 37.45890000007327], [-122.05031299982342, 37.45890000007327], [-122.05076300008521, 37.458950999787575], [-122.05124400030914, 37.459007000244775], [-122.0519310003974, 37.45925099971012], [-122.05264799972458, 37.45965599965732], [-122.0574859997564, 37.46270699986972], [-122.05967300041786, 37.464087000089634], [-122.06020200032238, 37.46442000012406], [-122.06178999986084, 37.46542200023642], [-122.06231999959024, 37.465755999666314], [-122.06350799999393, 37.466505999903895], [-122.06707499978141, 37.46875599967702], [-122.06826400000999, 37.46950599976258], [-122.06838399966058, 37.46958199972778], [-122.06874699988374, 37.469809999872815], [-122.06886800025757, 37.46988699982414], [-122.06896500034193, 37.469947999979254], [-122.06925900006983, 37.470133000016695], [-122.06935699997912, 37.47019500026213], [-122.07177999974382, 37.471723000132314], [-122.07904899993628, 37.47630900023977], [-122.08147300042423, 37.47783800006457], [-122.08452999967544, 37.47465099999136], [-122.09370399959874, 37.46509099967937], [-122.09676199957318, 37.461904999821115], [-122.09677400016704, 37.46213799970466], [-122.09642900038554, 37.46606599999227], [-122.0964260000125, 37.46610200032865], [-122.09657400015051, 37.46613799993462], [-122.1089149998282, 37.46626399984516], [-122.11123700020889, 37.46628800024541], [-122.1115479996552, 37.466292000192574], [-122.11186800022065, 37.4663759997458], [-122.11197399962755, 37.466438000255245], [-122.11280600037905, 37.46714199978838], [-122.11289699971735, 37.46721900034889], [-122.11317299990188, 37.46745200007109], [-122.11326499996338, 37.46752999992603], [-122.11328199968183, 37.46752900031235], [-122.11533100025103, 37.46616699996113], [-122.11565699976597, 37.465906999665975], [-122.11595499969178, 37.46570900029357], [-122.11662699971144, 37.46556500022623], [-122.11717400005762, 37.465430999864886], [-122.11769299991639, 37.46523800030584], [-122.1195819997537, 37.46393500031744], [-122.12343899996941, 37.461534000227985], [-122.12375399961367, 37.46132100024285], [-122.12383499980452, 37.461215000228364], [-122.12391900036842, 37.46114499993459], [-122.12391599999536, 37.46101100020814], [-122.12366999994809, 37.46034899993021], [-122.12337899969494, 37.459570999964704], [-122.12299000043083, 37.45817799965881], [-122.12278100019344, 37.457620999778776], [-122.1227920000641, 37.45735100007874], [-122.12286200038432, 37.45693800030228], [-122.12287800027784, 37.45650599993438], [-122.12282100037642, 37.45614099996156], [-122.12255799971237, 37.45570999975331], [-122.12222600034968, 37.455275000090516], [-122.12195199981498, 37.45495299971702], [-122.12186999979919, 37.45480700004762], [-122.12176600004213, 37.45450300026109], [-122.12177199988992, 37.45424099975857], [-122.1218840000429, 37.45391000033748], [-122.12210300032602, 37.45359000010559], [-122.1223750003126, 37.453375999797174], [-122.12260399974313, 37.45330200008123], [-122.12280700013274, 37.45328000011301], [-122.12303700028649, 37.45321100004106], [-122.123165000333, 37.45318400030564], [-122.12350099989368, 37.45304599992096], [-122.12412500023272, 37.45279999984403], [-122.12449099993064, 37.45279999984403], [-122.1248059995749, 37.45288000034047], [-122.12508299958435, 37.45302399987744], [-122.12527299955512, 37.45318699972204], [-122.12550500025706, 37.45334399967844], [-122.12576100035008, 37.453465000033084], [-122.12597600043523, 37.45355400016315], [-122.12625500009449, 37.45361999980663], [-122.12661199957157, 37.45364899969635], [-122.12690600019775, 37.4536169996944], [-122.12692399974108, 37.45352699983842], [-122.12706900040439, 37.45351999980545], [-122.12708699994774, 37.45351999980545], [-122.12740599978994, 37.45324700014852], [-122.12751799994294, 37.4531529999107], [-122.12754600043034, 37.4531279997668], [-122.12763099992083, 37.4530550003259], [-122.12766000023316, 37.453030999956816], [-122.1277149995864, 37.45298399971692], [-122.1277189997844, 37.45297500001663], [-122.12779099975441, 37.452851999962526], [-122.12784199980804, 37.452761000087996], [-122.12785600005174, 37.45273700033773], [-122.12788299981592, 37.45268999991308], [-122.12794599956511, 37.45257999982042], [-122.1279530001361, 37.45252500006995], [-122.12800800038772, 37.45208499989735], [-122.12829399971963, 37.45186199972757], [-122.1283969996518, 37.45185200006895], [-122.1284729998198, 37.45184700023909], [-122.12863799967624, 37.45188499993571], [-122.12883100002007, 37.45197299998471], [-122.12900300044753, 37.45214399996217], [-122.12921599998454, 37.45238500026337], [-122.12925000031976, 37.45245500019944], [-122.12927200006108, 37.45246200033203], [-122.12928499958151, 37.45250100024396], [-122.12988399980622, 37.45308900018184], [-122.13003600014221, 37.453166000238916], [-122.1303249998472, 37.453226999774], [-122.13091099965311, 37.453270999735146], [-122.13151800027376, 37.45335900029289], [-122.13161399963491, 37.453451999756844], [-122.13173099981078, 37.45360599975744], [-122.13182700007023, 37.45378199998114], [-122.13210300025476, 37.45398000027255], [-122.13237199986827, 37.454051999729934], [-122.13299899968209, 37.45413399989914], [-122.13340499956296, 37.454338000138726], [-122.13356399957162, 37.45436599996037], [-122.13390099985548, 37.4543769997856], [-122.13428699964489, 37.454315999762095], [-122.13510799962745, 37.4541029998979], [-122.13554199999571, 37.4540640001082], [-122.13605199963365, 37.45405899971311], [-122.1365959996068, 37.45430700022209], [-122.13670799975978, 37.454337000348616], [-122.1369060001265, 37.45438900011166], [-122.13800900014134, 37.454614999950856], [-122.13835300009795, 37.45466400016357], [-122.13877400004739, 37.45480199970227], [-122.13908399966881, 37.45496700022719], [-122.139482999877, 37.45526399968425], [-122.13970600035805, 37.45550299965391], [-122.139779000153, 37.45558099985162], [-122.13984199990219, 37.455648000331415], [-122.13998300036751, 37.455829000305584], [-122.14004899959141, 37.45591399997286], [-122.14008700012457, 37.45596300004757], [-122.14013800017818, 37.45602799993709], [-122.14019699972943, 37.45611699986969], [-122.14023199988954, 37.45617000030001], [-122.1402570000039, 37.45620799993962], [-122.14028799996603, 37.45625500029284], [-122.14033200034696, 37.45632299993234], [-122.14035800028623, 37.456361999970305], [-122.14038300040056, 37.45639899974988], [-122.14040599996677, 37.45643399998701], [-122.14047200008902, 37.45649999994143], [-122.140504999701, 37.4565329998968], [-122.14054200040924, 37.456570000304815], [-122.14062699989974, 37.456654000083944], [-122.14065200001411, 37.456684999740894], [-122.1406870001742, 37.45672599981952], [-122.1407080000906, 37.456751000186905], [-122.14077099983977, 37.45682800003938], [-122.1407929995811, 37.45685400012909], [-122.14081600004563, 37.45688199972192], [-122.14088499964258, 37.45696599986367], [-122.14090899993205, 37.4569949998822], [-122.14100000016865, 37.457075000170136], [-122.14105100022225, 37.45712100022565], [-122.14106499956767, 37.457133000111476], [-122.14091099958186, 37.45719000025586], [-122.14085399968044, 37.45721000028369], [-122.14079599995415, 37.457233000273455], [-122.14074999992339, 37.45725100007449], [-122.14072499980904, 37.45725999997341], [-122.14070300006772, 37.45726800012032], [-122.14092200035084, 37.45739300025456], [-122.14132900005661, 37.457523000343684], [-122.1416179997616, 37.45767600006034], [-122.14190700036494, 37.45783099966386], [-122.14198900038069, 37.45787199982726], [-122.14208599956675, 37.457885000048314], [-122.14232400011645, 37.45794899995172], [-122.14247100042954, 37.45799099979169], [-122.1427929997465, 37.45809400016527], [-122.14303399977092, 37.4581130002118], [-122.14316000016761, 37.458070999727255], [-122.1434899998805, 37.458006000187254], [-122.14363800001851, 37.45800199979681], [-122.14378699998142, 37.45803799973745], [-122.14399500039389, 37.45814000030709], [-122.14421399977869, 37.45824799987769], [-122.14440700012251, 37.45826999981075], [-122.1445440003899, 37.458261999771025], [-122.14487400010276, 37.458201000063916], [-122.144932999654, 37.4582000003255], [-122.14514000024154, 37.458151000290286], [-122.1454969997186, 37.45801700019017], [-122.14574000029117, 37.457926000182155], [-122.1458979995766, 37.45781599994629], [-122.1459539996531, 37.45772800035419], [-122.1459610002241, 37.45747500032615], [-122.14590599997253, 37.45731600027072], [-122.1459129996452, 37.457133999864155], [-122.1460089999047, 37.456936999833886], [-122.14620200024852, 37.45679399974381], [-122.14635000038653, 37.45672599981952], [-122.14645699961832, 37.4566789997623], [-122.14676100029027, 37.456585000272305], [-122.14691799975078, 37.45655800032871], [-122.14711199991956, 37.45652499967126], [-122.14715999960013, 37.4565209999147], [-122.14747699979253, 37.45649799970595], [-122.14761499988478, 37.45652499967126], [-122.14781499990131, 37.456618999949725], [-122.14785900028227, 37.456654000083944], [-122.14805099990289, 37.45680700015227], [-122.14811799985003, 37.45686000009364], [-122.14828500025462, 37.45692700014067], [-122.14835300002667, 37.45695399995104], [-122.14849000029403, 37.4570310003076], [-122.14873799999116, 37.457090999789635], [-122.14905099998559, 37.45709500022876], [-122.14931700012437, 37.457098999954624], [-122.14995800018187, 37.45710799987179], [-122.15015800019843, 37.457128999674325], [-122.1508610001802, 37.457207000315506], [-122.15110899987732, 37.45719699994534], [-122.15179900033861, 37.45706499978232], [-122.1518670001107, 37.45708700006334], [-122.15195699962408, 37.45716899975734], [-122.15201199987565, 37.457257000007246], [-122.15205999955623, 37.45743900011447], [-122.15214300029521, 37.45757100033046], [-122.15221199989217, 37.45763100009229], [-122.15234199958854, 37.457670000161265], [-122.1525430003283, 37.4576810002136], [-122.15270099961373, 37.45758199968425], [-122.15298099999622, 37.45722299990677], [-122.15307499970754, 37.457101999927126], [-122.15312199956321, 37.45704300020787], [-122.15340399959551, 37.456784000031476], [-122.15344600032662, 37.456746999729326], [-122.15351300027379, 37.45667700024472], [-122.15353300036526, 37.456654999843025], [-122.1535929997414, 37.456592000018404], [-122.15361399965782, 37.456571000065075], [-122.15364600034317, 37.45653800012648], [-122.15392199962938, 37.45627199985197], [-122.15404600037625, 37.45615399977042], [-122.15442499959462, 37.455883999765724], [-122.1548249996277, 37.45578600019379], [-122.15506400000233, 37.455774999862726], [-122.15549300034769, 37.45575800019062], [-122.15554799970096, 37.45574099980155], [-122.15561299999831, 37.45572199986554], [-122.1557119997325, 37.45568900026544], [-122.15576199996121, 37.45566100022596], [-122.1558380001292, 37.45561599975851], [-122.15587999996201, 37.455568999716824], [-122.15591400029717, 37.45553300001383], [-122.15592799964257, 37.45541800023258], [-122.15589400020569, 37.45530199978418], [-122.15581200018993, 37.455153000032425], [-122.155803999794, 37.45513799977773], [-122.15577700002984, 37.45500600025917], [-122.15576399961103, 37.454986000355], [-122.15572699980113, 37.45492599989737], [-122.15571500010556, 37.45490699975427], [-122.15565400000618, 37.454741999810096], [-122.15562499969386, 37.45466000030748], [-122.15559100025699, 37.454389999901075], [-122.15561100034847, 37.45432400022394], [-122.15566400005191, 37.4542420002631], [-122.15570800043284, 37.454175999742226], [-122.15579100027354, 37.454126999922984], [-122.15603899997066, 37.4541099998763], [-122.15614199990281, 37.45413799978331], [-122.15626599975135, 37.454149000355144], [-122.15670000011963, 37.4542260000341], [-122.15685199955729, 37.454215000186714], [-122.15705900014484, 37.4541099998763], [-122.15713500031283, 37.454022999996425], [-122.15717600032069, 37.45392900002072], [-122.1571829999934, 37.45364300018732], [-122.1572449999177, 37.45358900030548], [-122.15768599995864, 37.45349499978427], [-122.1584990004436, 37.45361100018281], [-122.15867900036864, 37.45369300012238], [-122.15880300021722, 37.453792000094865], [-122.15892000039308, 37.45405099993601], [-122.15898200031737, 37.45441300004498], [-122.15907100000582, 37.454534000096494], [-122.15918800018167, 37.45463899981166], [-122.15927100002237, 37.45467199987506], [-122.1595189997195, 37.45472100005038], [-122.1604359999615, 37.454677000229154], [-122.16053200022095, 37.454650000309805], [-122.16067000031323, 37.45457300035425], [-122.16073200023753, 37.45447399998932], [-122.16073800008529, 37.454392000192875], [-122.16073999973513, 37.454284000045526], [-122.16070700012315, 37.45406300031443], [-122.16074999978086, 37.45393200012039], [-122.16078999996382, 37.453884999733525], [-122.16092600040628, 37.453799999899616], [-122.16113999976821, 37.453721000185496], [-122.16150299999134, 37.4537089997522], [-122.16237800040062, 37.45388399993742], [-122.1624570000433, 37.45385900003786], [-122.1626949996947, 37.45384400023677], [-122.1627159996111, 37.45384299972698], [-122.16276900021286, 37.453838999827035], [-122.16278900030433, 37.45379699979466], [-122.16289999973411, 37.45354199970308], [-122.16308999970491, 37.45321100004106], [-122.1634629999738, 37.453103000327744], [-122.16358599999744, 37.45306799995801], [-122.16359900041624, 37.453059000267764], [-122.163709999846, 37.45299099980005], [-122.16384799993826, 37.452794000266856], [-122.16386100035704, 37.4527329996655], [-122.16386899985467, 37.45270000017281], [-122.16392599975607, 37.45260599996063], [-122.16397199978684, 37.452529999854434], [-122.16410999987909, 37.45246399996229], [-122.16422700005496, 37.45244700025078], [-122.16430300022294, 37.45246899975086], [-122.16452300033096, 37.45267800002752], [-122.16466100042324, 37.45276599985671], [-122.16473699969289, 37.45284899981953], [-122.16486800011246, 37.45293099988135], [-122.165068000129, 37.45298100029237], [-122.16516400038846, 37.45298100029237], [-122.16522600031274, 37.45294199991757], [-122.16530199958241, 37.4528430002463], [-122.16541799993337, 37.45225099981595], [-122.16548800025356, 37.452047000302336], [-122.16550199959894, 37.45193100033082], [-122.16561299992703, 37.451628999917624], [-122.16566800017863, 37.451294000311606], [-122.1657440003466, 37.451151000129364], [-122.16581999961626, 37.45092600035632], [-122.16595100003585, 37.450766999927886], [-122.16606800021171, 37.45068399979427], [-122.1661019996486, 37.45067200030005], [-122.16613699980866, 37.450661999769196], [-122.16637100016041, 37.450661999769196], [-122.16649500000896, 37.45070099990647], [-122.16665400001762, 37.450805000173155], [-122.16675699994978, 37.45084900013273], [-122.16683999979047, 37.450910000131124], [-122.167047000378, 37.450941000029424], [-122.16724599967132, 37.450970000244716], [-122.16745999993157, 37.450920999751446], [-122.16762499978803, 37.45078300018367], [-122.16776299988028, 37.45046999972943], [-122.16788000005616, 37.44994799991591], [-122.16788699972884, 37.449674000206315], [-122.16787400020836, 37.449579999757205], [-122.16781200028407, 37.44944799970095], [-122.1677090003519, 37.449356000107564], [-122.16763900003171, 37.449293999697595], [-122.16757700010744, 37.4491900001828], [-122.16757700010744, 37.449101999712404], [-122.16763300018395, 37.448904000058434], [-122.16779800004038, 37.448568999659436], [-122.167953999676, 37.44835699970265], [-122.16846000001429, 37.44788100015412], [-122.16874700006944, 37.447434999758485], [-122.16886800044328, 37.447525999693724], [-122.16890299970507, 37.447414000086866], [-122.168983000071, 37.44754500028537], [-122.16914200007966, 37.44780699999419], [-122.16924099981385, 37.447847000070446], [-122.16929000021767, 37.447835999998105], [-122.16944099983043, 37.44780399964887], [-122.17014200016237, 37.44728899967817], [-122.17030299982085, 37.44718500022873], [-122.1705530000661, 37.447023000030285], [-122.17078700041783, 37.446946000068316], [-122.17094399987838, 37.446925000259455], [-122.17135599960702, 37.44690800000233], [-122.17146899958492, 37.4468750000795], [-122.17154099955495, 37.446854000250696], [-122.17156499984439, 37.44684399992257], [-122.17169200006599, 37.44678900023381], [-122.1717060003097, 37.44677999978812], [-122.17181599991454, 37.446701999683896], [-122.17192700024263, 37.446597000238135], [-122.17219599985614, 37.446257000002745], [-122.17249200013215, 37.446036999991925], [-122.17305700002169, 37.44552600032653], [-122.17321600003034, 37.44534999993376], [-122.17349100038996, 37.44514099986573], [-122.17414599979284, 37.444778999816755], [-122.17452499990954, 37.444471000240114], [-122.17466999967449, 37.4442460003454], [-122.17478699985034, 37.44386099971689], [-122.17477299960666, 37.443663999675785], [-122.17475300041347, 37.44364700010407], [-122.17475300041347, 37.44354299987126], [-122.1748529999726, 37.44334800029325], [-122.17489300015556, 37.4432690002391], [-122.1749109996989, 37.4432350001991], [-122.17501500035428, 37.443120000054364], [-122.17506499968471, 37.443068000303], [-122.17513599982979, 37.44301399991945], [-122.17516500014213, 37.44298700006968], [-122.17525499965551, 37.442908000347565], [-122.17528499979272, 37.442881999689526], [-122.17531199955688, 37.442856999679194], [-122.17539299974776, 37.442786000089285], [-122.17542100023515, 37.44276299993646], [-122.17546300006796, 37.44268599986949], [-122.17546800009083, 37.4426530002241], [-122.17548300015945, 37.44257600004397], [-122.1755869999165, 37.442311999945545], [-122.17560299981002, 37.44219399995156], [-122.17561000038106, 37.442139999650486], [-122.1756279999244, 37.44200999992811], [-122.17564399981792, 37.441981999760806], [-122.17567200030533, 37.44193599966707], [-122.17570400009238, 37.44188399980608], [-122.17573300040469, 37.44186899974345], [-122.17585600042834, 37.44180700026105], [-122.17599299979737, 37.441766999808465], [-122.17608300020906, 37.441741000180386], [-122.1761140001712, 37.44173800030504], [-122.17621000043066, 37.44173099988215], [-122.17624200021774, 37.441728999964965], [-122.17643100036362, 37.44173099988215], [-122.176628999832, 37.441733999757766], [-122.1768940001459, 37.44147500006494], [-122.17702999969, 37.44134399993676], [-122.17717899965294, 37.44127900012557], [-122.17736899962371, 37.44122199998132], [-122.1778399998019, 37.44108199970558], [-122.17813699990282, 37.441027000060465], [-122.17842899998087, 37.44102200022043], [-122.1787910003791, 37.44101599969864], [-122.1792120003286, 37.4410599997097], [-122.1793679999642, 37.441056999807046], [-122.17965300036958, 37.441053999904284], [-122.17978999973863, 37.44102100025239], [-122.17983199957142, 37.44099399968342], [-122.17983900014242, 37.44090600027107], [-122.17980399998231, 37.440840000108956], [-122.17954899971419, 37.44055400016025], [-122.17941200034515, 37.44036799971674], [-122.17942499986563, 37.44002699972378], [-122.1794879996148, 37.43989699989671], [-122.1795429998664, 37.43978500028157], [-122.17969400037747, 37.439604000001545], [-122.17986000005881, 37.43946100029827], [-122.18013500041842, 37.43931299965423], [-122.18057599956107, 37.43922999965165], [-122.18097599959415, 37.439273999999656], [-122.18110500036389, 37.43932800022918], [-122.18127900044118, 37.43940100022665], [-122.1814860001304, 37.43957099971021], [-122.18164400031415, 37.43962599971217], [-122.1817820004064, 37.439637000278324], [-122.18200900018712, 37.43957099971021], [-122.18217499986848, 37.43947800010773], [-122.18229899971705, 37.43936199990467], [-122.18249200006088, 37.43910399984139], [-122.18270600032113, 37.43851099981581], [-122.1827809997659, 37.437966999821505], [-122.18283000016972, 37.43780200031606], [-122.18313300011839, 37.437340000193494], [-122.18334499983051, 37.437091999785], [-122.18349100031868, 37.43692299968584], [-122.18350499966408, 37.43675800001846], [-122.18348399974766, 37.4367140003311], [-122.18334700037865, 37.43659299998736], [-122.18328499955607, 37.43643399976885], [-122.18327799988336, 37.43625800010204], [-122.18329799997485, 37.43607099964592], [-122.18334599965542, 37.43593099971951], [-122.18339099986126, 37.4357959997208], [-122.1834219998234, 37.43570799990228], [-122.18358599985493, 37.4354190001837], [-122.18365700000004, 37.435295999797155], [-122.18369200016012, 37.4352459996924], [-122.18379799956702, 37.43509699993823], [-122.18383399955205, 37.435047999748434], [-122.18442199990609, 37.434225000049054], [-122.18455900017348, 37.43409300000832], [-122.18482799978696, 37.43392300020736], [-122.18513099973568, 37.433769000348036], [-122.18543200003454, 37.43372300019891], [-122.18592400012915, 37.433648000236275], [-122.18648200034598, 37.433515999891284], [-122.18678500029466, 37.43347800013787], [-122.18735699985689, 37.43336199990789], [-122.18765300013291, 37.43331300000884], [-122.18775600006508, 37.43322500012416], [-122.18782499966203, 37.43311499994447], [-122.18794299966282, 37.43265400021508], [-122.18812199976294, 37.4323570001606], [-122.18841100036626, 37.432060000354355], [-122.18855600013121, 37.43197199970985], [-122.18877600023926, 37.431883999675286], [-122.18916899970134, 37.43178000021433], [-122.18944800025888, 37.4317589997158], [-122.18983099967522, 37.431730999993], [-122.19007199969964, 37.431658999740556], [-122.19030600005136, 37.43153799978459], [-122.19040200031084, 37.43147199992066], [-122.19052600015941, 37.431285999731664], [-122.19050600006793, 37.43095600014594], [-122.19048799962627, 37.43088899966546], [-122.19041599965624, 37.43060400031586], [-122.19029900037869, 37.43032399972304], [-122.19012000027854, 37.429592999908714], [-122.19009199979114, 37.42956600021019], [-122.19009900036214, 37.429521999861606], [-122.18993399960739, 37.429131999889094], [-122.1898790002541, 37.42884600013977], [-122.1898790002541, 37.42883000018639], [-122.1898790002541, 37.42873599994529], [-122.18987400023126, 37.42870000017075], [-122.18986800038347, 37.42865800029306], [-122.18981999980457, 37.42831500017202], [-122.18980300008614, 37.42818700025456], [-122.18973399959086, 37.42803800000252], [-122.18954799981799, 37.427851999841465], [-122.18947900022104, 37.42773600016677], [-122.18944499988584, 37.42746100029355], [-122.18946400015241, 37.42741300024843], [-122.18949299956641, 37.427341000123064], [-122.18960999974229, 37.427136999748534], [-122.18980999975884, 37.42691199981332], [-122.19042300022724, 37.42633499998666], [-122.19108400037624, 37.42580800001554], [-122.19122900014119, 37.425610000074855], [-122.19128699986751, 37.42549700030637], [-122.19131199998189, 37.42544999989154], [-122.19132500040068, 37.425302000077494], [-122.19130500030917, 37.425187000198356], [-122.19113999955442, 37.42476400007221], [-122.19106799958439, 37.424670999906205], [-122.19102099972874, 37.42460999991866], [-122.19088099998665, 37.42442799984758], [-122.19085699969719, 37.42439600018918], [-122.19083999997875, 37.42436499999432], [-122.19074000041967, 37.424187000099714], [-122.19070699990937, 37.42414899989105], [-122.19058100041099, 37.424000000163446], [-122.19020300011923, 37.42371999983969], [-122.19014000037001, 37.42370300001818], [-122.19011600008056, 37.423683000307186], [-122.1899190004371, 37.423523999774844], [-122.18959600039692, 37.423264000353015], [-122.18934100012876, 37.42310899976049], [-122.18888699966902, 37.422835000224936], [-122.18860399981179, 37.42267000017976], [-122.18847999996326, 37.42258199991193], [-122.18838399970377, 37.42246700013556], [-122.18829400019041, 37.422301999992904], [-122.18814799970221, 37.42152700027383], [-122.18813600000665, 37.42146199966124], [-122.18813600000665, 37.42136800015728], [-122.1880670004097, 37.421032999910594], [-122.188053000166, 37.42082399970881], [-122.18799999956423, 37.42058200024835], [-122.18791500007372, 37.420187000274545], [-122.18791500007372, 37.420016000036995], [-122.18798000037104, 37.41986500014508], [-122.18799799991439, 37.41982399984312], [-122.18810199967147, 37.41965099969648], [-122.18812199976294, 37.4196160000883], [-122.18818399968724, 37.41951199999428], [-122.18820499960363, 37.41947799986358], [-122.18856299980392, 37.419170000326694], [-122.18878299991194, 37.41903800013742], [-122.18897600025579, 37.418962000182304], [-122.18916200002865, 37.41892299991257], [-122.18965800032119, 37.41890699997895], [-122.18989099994968, 37.41891900028618], [-122.1900049997525, 37.41890000027446], [-122.1901179997304, 37.41885299999941], [-122.1901660003093, 37.41881199985686], [-122.19024900014996, 37.41863600013831], [-122.1902669996933, 37.41847700030446], [-122.19016299993625, 37.41819599974575], [-122.19009400033927, 37.41806799965205], [-122.190032000415, 37.417982999797836], [-122.18971100002464, 37.41763399974607], [-122.18958999965079, 37.4174710002216], [-122.18930199977072, 37.41725800035214], [-122.18905999992138, 37.41716599971203], [-122.18880100035359, 37.41713300023038], [-122.18796699995225, 37.41716500013873], [-122.18778700002721, 37.417101000308364], [-122.18755600004853, 37.41696500030895], [-122.18741100028357, 37.416815999842434], [-122.18734500016132, 37.4167209999217], [-122.18719399965028, 37.41654700016007], [-122.18715900038848, 37.41633500010097], [-122.18721399974177, 37.41610499973518], [-122.18746399998703, 37.41563300033357], [-122.18755299967548, 37.41529299998574], [-122.18755699987342, 37.414840999685296], [-122.18764700028512, 37.41474699971906], [-122.18812900033397, 37.41462100008022], [-122.1888299997676, 37.41446600014872], [-122.18885300023216, 37.4145370002032], [-122.18913500026444, 37.41451700018459], [-122.18955500038902, 37.41444499978814], [-122.19059499975639, 37.41418700017736], [-122.19138700032495, 37.41419199966941], [-122.19160800025786, 37.414154000096644], [-122.1921310003146, 37.41400000024134], [-122.19220599975937, 37.41396799969423], [-122.19233800000383, 37.41391199977415], [-122.19236499976802, 37.413868000215295], [-122.19235499972228, 37.41363000030479], [-122.19218400001806, 37.41336699976694], [-122.19210799985008, 37.41309900016806], [-122.19212600029174, 37.41293800002247], [-122.1922080003075, 37.412762000056865], [-122.19239499990526, 37.412600000266224], [-122.1928900003729, 37.41227100001403], [-122.19350700014094, 37.41177000030042], [-122.1935530001717, 37.411690999739214], [-122.1936080004233, 37.41167000002763], [-122.1938269998081, 37.41127500014233], [-122.19387799986171, 37.411150999678334], [-122.19392399989248, 37.4104739999761], [-122.19391300002181, 37.41041000013667], [-122.19392300006756, 37.41017600003546], [-122.19409299994688, 37.409369999721086], [-122.19419500005412, 37.40908800027759], [-122.19433099959824, 37.40886699978965], [-122.19436300028362, 37.408741000249584], [-122.19443899955327, 37.40818800003967], [-122.19448799995709, 37.40804399985455], [-122.19450700022365, 37.4079890001964], [-122.19452999978988, 37.40797199965817], [-122.19453599963765, 37.40795999973765], [-122.1945390000107, 37.40794299990637], [-122.19453999983563, 37.40793399978429], [-122.19450800004857, 37.40782499996406], [-122.19444500029938, 37.407609999663904], [-122.19423900043505, 37.40714800017404], [-122.19417699961247, 37.40695599981679], [-122.19393499976313, 37.406483999849875], [-122.19380500006677, 37.406296999950676], [-122.19378400015039, 37.40621399973521], [-122.19364600005811, 37.40602199983876], [-122.19362500014171, 37.40594499979776], [-122.1936300001646, 37.405929999669354], [-122.1936080004233, 37.40591399981451], [-122.19346600013307, 37.40565199974318], [-122.19329500042882, 37.40533500000347], [-122.19316400000929, 37.40517599976407], [-122.19295999979477, 37.40483899968951], [-122.19271600029562, 37.40443399989411], [-122.19260599979245, 37.40418700012294], [-122.19242699969232, 37.40247800000507], [-122.19231700008746, 37.401901000313785], [-122.19220599975937, 37.40166499976581], [-122.1921720003225, 37.40152199967088], [-122.1921310003146, 37.40142899990184], [-122.1921170000709, 37.401148000328206], [-122.19212200009379, 37.40113600002833], [-122.19225500016317, 37.40085199998312], [-122.19226799968364, 37.400714000155496], [-122.19203400023022, 37.40017000027305], [-122.19187600004648, 37.399988999844645], [-122.19185599995498, 37.39995100020379], [-122.19179800022869, 37.39983900006117], [-122.19177899996211, 37.39980200014933], [-122.1914900002571, 37.39875800021759], [-122.1914969999298, 37.39858300030212], [-122.19153799993767, 37.398484000091464], [-122.19166199978623, 37.39833499997482], [-122.19176600044163, 37.39813700019486], [-122.19186199980277, 37.397642999717405], [-122.19185799960482, 37.39750399985418], [-122.19184799955909, 37.397186999900036], [-122.19169000027365, 37.39675800028091], [-122.19158599961825, 37.39658200012941], [-122.19135200016484, 37.39630799989817], [-122.19127000014907, 37.396142999937254], [-122.19128299966954, 37.39569200028426], [-122.19122099974527, 37.39558299978371], [-122.19111100014042, 37.3954839998923], [-122.19035399973195, 37.39518100023385], [-122.19012000027854, 37.39501099987491], [-122.19001599962316, 37.39485699992223], [-122.19001599962316, 37.39479699979013], [-122.19009900036214, 37.39464300011142], [-122.19011299970754, 37.39453900031625], [-122.19003700043787, 37.394356999970626], [-122.19003700043787, 37.394197999989345], [-122.19008500011843, 37.394164999668206], [-122.19011299970754, 37.39411599981333], [-122.19015399971543, 37.39384600009673], [-122.190132999799, 37.393747000052116], [-122.19005099978327, 37.39361500002712], [-122.19001599962316, 37.39351700027997], [-122.19000899995048, 37.3932749996709], [-122.19005099978327, 37.39317600029951], [-122.19016100028644, 37.393005999675374], [-122.19017499963181, 37.392867999674486], [-122.19000899995048, 37.39246699974034], [-122.1898780004292, 37.3922419998523], [-122.1898299998503, 37.39212099972843], [-122.18974799983457, 37.391917999683486], [-122.18969299958296, 37.391532999737265], [-122.18959600039692, 37.3914010000958], [-122.1895749995822, 37.39128000004182], [-122.18960999974229, 37.391213999670526], [-122.18969900032909, 37.391181000176815], [-122.18993399960739, 37.3911920000097], [-122.19006400020206, 37.39114799995485], [-122.19014000037001, 37.39107200025358], [-122.19015399971543, 37.39096699986326], [-122.190132999799, 37.390907000185976], [-122.190132999799, 37.39075799999462], [-122.19020899996701, 37.39071399968504], [-122.19035399973195, 37.390653999805274], [-122.1905670001673, 37.390528000329695], [-122.19062200041887, 37.39037399973137], [-122.19063599976425, 37.38999999971415], [-122.19060800017517, 37.389884999877715], [-122.19030500022647, 37.38950000019641], [-122.19027799956397, 37.389412000215934], [-122.19031899957187, 37.38912099965046], [-122.19035399973195, 37.38903900034422], [-122.19042200040235, 37.388984000297995], [-122.19062200041887, 37.388906999879985], [-122.19097300004815, 37.38881300020794], [-122.19102199955366, 37.38876399970955], [-122.19104199964514, 37.38864800016453], [-122.19101499988095, 37.38858300028564], [-122.19102199955366, 37.38848900020736], [-122.1911250003841, 37.38814800019464], [-122.19111100014042, 37.38797299977424], [-122.19095999962936, 37.38768100008027], [-122.19082900010811, 37.38748899980842], [-122.19079399994801, 37.38738999993335], [-122.19077399985653, 37.38689600000188], [-122.19084199962859, 37.38669200010354], [-122.19097300004815, 37.38641200022105], [-122.19106299956152, 37.386176000150336], [-122.19107599998031, 37.38603899969897], [-122.19100099963725, 37.38591800026957], [-122.19058100041099, 37.385587999924915], [-122.19049799967199, 37.3854289999022], [-122.19050500024301, 37.385253000273984], [-122.19062200041887, 37.385110000271865], [-122.19077300003161, 37.38486799964696], [-122.1908149998644, 37.38468100005669], [-122.19090399955286, 37.38451100015426], [-122.19100800020826, 37.38440099980203], [-122.19127599999686, 37.38421399976089], [-122.19150299977755, 37.38409900032848], [-122.19198499982643, 37.383747000125496], [-122.19221300033037, 37.383560999902535], [-122.19309899971194, 37.38273699968211], [-122.19357099971505, 37.382401000104984], [-122.19371999967795, 37.38225300017898], [-122.19372600042406, 37.382239000344484], [-122.19381699976233, 37.382030999742355], [-122.19389399975523, 37.381880999711896], [-122.19405899961167, 37.38157699998624], [-122.19422900038931, 37.381370999790974], [-122.1945449998585, 37.381122000282616], [-122.19475400009586, 37.380871999889976], [-122.19484600015736, 37.3806649998393], [-122.19489200018812, 37.38046499965799], [-122.1949890002725, 37.38007800000886], [-122.19512800018967, 37.379858999770846], [-122.19550899995616, 37.37946099972516], [-122.19576699969905, 37.379090999847136], [-122.19596599989067, 37.37873299989068], [-122.19611999987644, 37.378140000079256], [-122.19623399967927, 37.377880000194125], [-122.1963490002053, 37.37779100004008], [-122.19645399978731, 37.37773899989322], [-122.19659799972735, 37.37763899989374], [-122.19667600044346, 37.377535000067006], [-122.19669999983459, 37.37736900008588], [-122.19670099965951, 37.37710800027572], [-122.19670800023052, 37.37692900006131], [-122.19671999992607, 37.37686999996883], [-122.19674900023841, 37.376846000159944], [-122.19690099967606, 37.376544000242454], [-122.1970520001871, 37.37633500014541], [-122.19737600005222, 37.37607699995683], [-122.19789200043624, 37.37559300030237], [-122.19858100017431, 37.37532399968547], [-122.19873199978706, 37.37519800014746], [-122.19897899965926, 37.37494000033108], [-122.19907699956856, 37.37482400010232], [-122.19915699993449, 37.37471700023687], [-122.1991850004219, 37.37466899994743], [-122.19932900036194, 37.374420000317585], [-122.19934600008037, 37.37424200025902], [-122.19936399962374, 37.37404700011112], [-122.199361000149, 37.37393200007913], [-122.19936000032408, 37.3739159998186], [-122.19935699995102, 37.37374999968059], [-122.19928800035407, 37.373563000207554], [-122.19928800035407, 37.37328799992567], [-122.19921899985877, 37.37316699991058], [-122.19919799994238, 37.37300799996572], [-122.19920799998812, 37.37297199982364], [-122.19925999986665, 37.3727939998985], [-122.19932799963874, 37.37267100018068], [-122.19935699995102, 37.372617999886025], [-122.1995100001119, 37.37254800026118], [-122.19956299981536, 37.37252499995205], [-122.19983200032719, 37.372464000339555], [-122.19998399976484, 37.372451000275326], [-122.2000309996205, 37.37244799976589], [-122.2001279997049, 37.37242000000311], [-122.20047199966145, 37.372233000070125], [-122.20064400008893, 37.37207400028723], [-122.2007060000132, 37.37196400025364], [-122.20080700029553, 37.371589000322345], [-122.20082999986177, 37.371507999873955], [-122.20094000036494, 37.371293999811016], [-122.20100700031209, 37.37121500013053], [-122.20105699964249, 37.37115599982695], [-122.20111199989405, 37.37105699980612], [-122.20120099958253, 37.3708049997478], [-122.2012700000778, 37.370404000326225], [-122.20123599974264, 37.369968999724556], [-122.20123599974264, 37.36945799997937], [-122.20120800015353, 37.36939299988662], [-122.20136600033727, 37.36850799966533], [-122.20147599994213, 37.368233000128704], [-122.20156600035385, 37.36815100011331], [-122.20159999979069, 37.368008000342165], [-122.20158600044532, 37.36778299988093], [-122.20154500043742, 37.36758500008773], [-122.20149000018584, 37.36748600035216], [-122.20146900026944, 37.367392999767624], [-122.20131799975837, 37.3670130000505], [-122.2013320000021, 37.3667609999733], [-122.20142099969054, 37.36650200016233], [-122.20144199960697, 37.366041000290835], [-122.20147599994213, 37.365920000010185], [-122.20149000018584, 37.36578299968107], [-122.20163400012588, 37.36538699972568], [-122.20188900039402, 37.365001999927166], [-122.20210199993105, 37.36478799986924], [-122.2022120004342, 37.36464500011429], [-122.20229500027487, 37.364430999752194], [-122.20229399955166, 37.36442000027758], [-122.20228799970387, 37.3642500001439], [-122.2022400000233, 37.36409000029625], [-122.20223300035057, 37.36394699992502], [-122.20226699978747, 37.36382099984145], [-122.20259800022357, 37.363217000299244]]]}, "properties": {"GEOID": "06085", "NAME": "Santa Clara County"}}]}