{"type": "FeatureCollection", "features": [{"type": "Feature", "geometry": {"type": "Polygon", "coordinates": [[[-122.47877099994643, 41.32008500020919], [-122.48003299996996, 41.31901499968142], [-122.48112900031215, 41.31838600028259], [-122.48293199993576, 41.317905000337326], [-122.48515800005694, 41.31746700032902], [-122.48684699987776, 41.31698599967392], [-122.48828100032873, 41.31620999990404], [-122.4889549999982, 41.31578999985486], [-122.49004899979225, 41.31469899968133], [-122.49119600018804, 41.313438999991966], [-122.49299700016181, 41.31268499975537], [-122.49479700031067, 41.3119509997889], [-122.49662800042171, 41.31163900011862], [-122.49837199959575, 41.31086300012078], [-122.49839300041046, 41.31085900014557], [-122.50112900016961, 41.30975999968035], [-122.50112900016961, 41.309745000193026], [-122.50192000001496, 41.30911299967263], [-122.50220100022234, 41.308374999848425], [-122.50194599995422, 41.30759900013763], [-122.5015569997918, 41.306854999714986], [-122.50112900016961, 41.30616200025583], [-122.50022299979825, 41.30550500022458], [-122.49973200042687, 41.30386400001665], [-122.49935499996003, 41.30247600009559], [-122.4992899996627, 41.30125700009638], [-122.49934200043953, 41.30062599978653], [-122.49902900044509, 41.300332000009554], [-122.49905100018641, 41.29938600011259], [-122.4990980000421, 41.29812399970055], [-122.49914700044586, 41.297115000134355], [-122.4988050001391, 41.29658899971473], [-122.49826299981582, 41.29574799966949], [-122.49836699957288, 41.294571000249874], [-122.49880699978894, 41.29307800007607], [-122.49922299971553, 41.29204899982893], [-122.50037299958605, 41.291231000007734], [-122.50112900016961, 41.2907059996909], [-122.50233699976648, 41.28986799966754], [-122.50439800003124, 41.289417000151666], [-122.50681599977308, 41.288900999687776], [-122.51016699965051, 41.2886639998848], [-122.5107369995629, 41.286649999721085], [-122.51277799973617, 41.28471800018441], [-122.51333000010521, 41.283680000067946], [-122.51345099958071, 41.28179599986475], [-122.5139700003378, 41.28015199985937], [-122.51349800033472, 41.27900299991354], [-122.51239699996967, 41.278151999769015], [-122.51249900007691, 41.27737899978329], [-122.51319600021091, 41.27577000030594], [-122.51301600028584, 41.273211000086874], [-122.51229499986242, 41.27098300012556], [-122.51151200041299, 41.26979799998948], [-122.51242600028199, 41.268493999793016], [-122.51392699978177, 41.266792000005864], [-122.5139069996903, 41.26534399968547], [-122.5130959997535, 41.263149000311515], [-122.51345899997663, 41.26015800021486], [-122.51400600032284, 41.25679800025843], [-122.51394299967534, 41.25521499978431], [-122.51229800023548, 41.252171000298475], [-122.50988399979327, 41.249870999706495], [-122.50919699970501, 41.249122999744124], [-122.50912499973498, 41.247683999959406], [-122.50911999971211, 41.24757700024807], [-122.50881299956546, 41.24686799989246], [-122.50855099962463, 41.24626400001405], [-122.508246999851, 41.24528800021489], [-122.50963500027123, 41.24415199970699], [-122.51259000031352, 41.241846000288945], [-122.51464700038034, 41.240544000035634], [-122.51647699976812, 41.23991300032758], [-122.51745799958425, 41.239783000131865], [-122.51764799955505, 41.23817099972991], [-122.51792399973957, 41.23696200002042], [-122.51810899968748, 41.23592099985994], [-122.51718099957483, 41.235043000145964], [-122.5162080001546, 41.23416500012324], [-122.51506300030694, 41.23261500002044], [-122.51252099981821, 41.22746200004205], [-122.51226100042553, 41.22645199999498], [-122.51356699993167, 41.22437500021784], [-122.51491599999385, 41.22256600005937], [-122.51724400022233, 41.220626000057806], [-122.5194820000391, 41.218956000031426], [-122.5206500003513, 41.2173809996855], [-122.52104500036151, 41.21659799987173], [-122.52146299993794, 41.215771999935406], [-122.522636000273, 41.21352499995662], [-122.5193260004035, 41.21001599974816], [-122.51905199986878, 41.20965600018998], [-122.51872499963063, 41.20922799998501], [-122.51855599957625, 41.20900700011577], [-122.51549199975402, 41.20499200022232], [-122.5106100002396, 41.20366000025652], [-122.5094579998209, 41.20308400002111], [-122.50840199966171, 41.20153300026649], [-122.50640800024239, 41.20051600031153], [-122.50517299998306, 41.19913300003539], [-122.50384400001239, 41.19848900014784], [-122.50153500005048, 41.19797400007576], [-122.50112800034472, 41.197737000131404], [-122.49962000027386, 41.196617999943115], [-122.49740099982536, 41.1955689997816], [-122.49629899963539, 41.193886000008824], [-122.49501800024362, 41.192437999694604], [-122.49502300026649, 41.19166500010345], [-122.49650600022295, 41.18955400024788], [-122.49750399975753, 41.186803000100745], [-122.49784100004139, 41.186203999736875], [-122.49808899973851, 41.18576399967956], [-122.49889800002552, 41.18465799971461], [-122.4983759997937, 41.18267500028956], [-122.49830999967148, 41.18267500028956], [-122.49602499999902, 41.18269400029519], [-122.49568100004242, 41.18269600015308], [-122.49556899988944, 41.18269600015308], [-122.49417100032178, 41.18270500018915], [-122.49044499962736, 41.182736000003366], [-122.49040799981744, 41.182736000003366], [-122.49021600019681, 41.18273799986002], [-122.49002399967787, 41.18273999971662], [-122.48570299985501, 41.18277399997371], [-122.48318999967859, 41.18279399987809], [-122.48092000007476, 41.18281099999483], [-122.47833300027852, 41.18283299974166], [-122.47775099977224, 41.1828370001251], [-122.47711499973762, 41.182836000198286], [-122.47474499967635, 41.1828260002533], [-122.4746140001551, 41.18282700018026], [-122.47446199981914, 41.182823999723226], [-122.47295100027358, 41.18281900008803], [-122.46598800040289, 41.1827980002639], [-122.46573999980745, 41.1827980002639], [-122.46526799980437, 41.18280000011867], [-122.4652159999258, 41.18280000011867], [-122.46518599978857, 41.18280000011867], [-122.46497599972629, 41.18280100004603], [-122.46461099985332, 41.1828029999007], [-122.46347500022647, 41.18280900014045], [-122.45740299976023, 41.18276400001926], [-122.45683299984783, 41.18276699980294], [-122.43924900008238, 41.18282800010721], [-122.43701000044067, 41.18283500027146], [-122.43352800014374, 41.18284899992167], [-122.43165100000193, 41.182856000083724], [-122.42973899970009, 41.18286300024503], [-122.42842499979803, 41.18286799987682], [-122.42724300014044, 41.18287100033183], [-122.42594000010902, 41.18287599996305], [-122.42293800021109, 41.18286999972944], [-122.40509400015463, 41.18282099994216], [-122.4036139996729, 41.18281700023385], [-122.39979300034054, 41.18280599968259], [-122.39921699968205, 41.182807000285955], [-122.39505700041597, 41.1828149997035], [-122.38767699989545, 41.182831999814795], [-122.38258299977058, 41.18284099983217], [-122.38087100038358, 41.18284500021512], [-122.38065200010045, 41.18284799999504], [-122.37612299986513, 41.1829039999191], [-122.37353400041907, 41.18299000024035], [-122.31775000018918, 41.18485000032231], [-122.31770900018131, 41.184851000218366], [-122.31769699958744, 41.184851000218366], [-122.31761399974675, 41.184853000010435], [-122.31757299973886, 41.184853999906444], [-122.31732599986668, 41.18486099985417], [-122.31725899991952, 41.18486199975002], [-122.31714500011672, 41.184865000113675], [-122.31167299970006, 41.18488500005552], [-122.31165699980656, 41.18488500005552], [-122.3085419999307, 41.18489600025754], [-122.30594400026379, 41.18490499999126], [-122.30535000006199, 41.18490599988648], [-122.30226199995029, 41.18491000014322], [-122.30219800037621, 41.18491000014322], [-122.30213399990379, 41.18491000014322], [-122.30208399967506, 41.18491000014322], [-122.30205100006312, 41.18491000014322], [-122.30203199979654, 41.18491000014322], [-122.30201199970506, 41.18491100003837], [-122.3017690000308, 41.18491100003837], [-122.30164699983209, 41.18491100003837], [-122.29754100009434, 41.18491799998], [-122.29639700007161, 41.18491999977003], [-122.29457299963329, 41.184977999738614], [-122.2918279996533, 41.184931999860986], [-122.28946199978999, 41.184934000326656], [-122.28855299994387, 41.184926999710655], [-122.28836999964578, 41.184924000025916], [-122.28762599965611, 41.18491899987503], [-122.28755399968608, 41.18491899987503], [-122.28753000029495, 41.18491899987503], [-122.28679200015308, 41.18491500029486], [-122.28539399968712, 41.18491000014322], [-122.28520799991429, 41.18490599988648], [-122.28509599976128, 41.18490699978168], [-122.28501600029364, 41.18490699978168], [-122.28493000007992, 41.18490699978168], [-122.28480100020849, 41.18490599988648], [-122.28413800040968, 41.18489600025754], [-122.28374800042234, 41.1848939997907], [-122.2837109997141, 41.1848939997907], [-122.28366700023149, 41.1848939997907], [-122.28363000042154, 41.1848939997907], [-122.28360699995704, 41.184892999895304], [-122.28358699986553, 41.184892999895304], [-122.28349900000201, 41.184892999895304], [-122.28344399975039, 41.18489199999989], [-122.28276800043113, 41.18488400015998], [-122.28225899971979, 41.184889000313596], [-122.27210099960728, 41.18492300013097], [-122.25318500039643, 41.18486099985417], [-122.25301499961881, 41.18485999995828], [-122.2516499996631, 41.18485800016642], [-122.24875599972017, 41.1848159997909], [-122.24305499987302, 41.184717999711495], [-122.23912900006037, 41.18464899994698], [-122.23475600035894, 41.18457699973305], [-122.23097600013617, 41.18451200010108], [-122.23081499957937, 41.184510000298594], [-122.230689000081, 41.18450699991873], [-122.23066999981441, 41.18451700028311], [-122.23065399992089, 41.18450699991873], [-122.23062299995875, 41.184506000017414], [-122.23003799997774, 41.18449800013031], [-122.22984299998406, 41.18449499974989], [-122.22584699985121, 41.184439999736576], [-122.22134399955513, 41.18445000011118], [-122.2212070001861, 41.18445000011118], [-122.22107099974366, 41.18445000011118], [-122.22006900001114, 41.18444900020899], [-122.21030199971091, 41.1844480003068], [-122.20943899989555, 41.18444400002183], [-122.20917399958167, 41.18444599982634], [-122.1960300003631, 41.184439999736576], [-122.19431600042795, 41.184439999736576], [-122.19328200001003, 41.184439999736576], [-122.19224699976725, 41.184439999736576], [-122.18675500015742, 41.18443799993189], [-122.18544600027825, 41.18443799993189], [-122.1764740000213, 41.18447499968892], [-122.17538500025015, 41.18448300025488], [-122.17536299961054, 41.18448300025488], [-122.17532900017366, 41.18448300025488], [-122.17518000021072, 41.18448400015654], [-122.17440699990875, 41.18449000024226], [-122.17436300042613, 41.18449000024226], [-122.17382199992774, 41.18448799976303], [-122.1738050002093, 41.18448799976303], [-122.17340900037416, 41.18448799976303], [-122.17188200003679, 41.18449499974989], [-122.1675519999931, 41.18450899972131], [-122.16681999969897, 41.184510000298594], [-122.1641669997805, 41.1845139999035], [-122.16374900020406, 41.18451499980469], [-122.16198000001732, 41.18451800018425], [-122.16183400042745, 41.18451800018425], [-122.16141000010494, 41.18451900008537], [-122.1522470000523, 41.1845299996728], [-122.15212700040169, 41.1845299996728], [-122.15207600034807, 41.1845299996728], [-122.15150800008549, 41.18453100024982], [-122.15148399979606, 41.18453100024982], [-122.14889199997693, 41.184539000132894], [-122.14867900043994, 41.18454000003371], [-122.14779900000782, 41.1845520001943], [-122.14767500015925, 41.18455300009491], [-122.14762599975543, 41.1845539999955], [-122.14369699956973, 41.184255999872576], [-122.13908500039203, 41.18391099991726], [-122.13851799995437, 41.18386900028653], [-122.13816300012714, 41.183841999978505], [-122.13814899988346, 41.18384100006705], [-122.1380550001721, 41.18383400001028], [-122.13797200033144, 41.18382799986449], [-122.13793299997336, 41.18382500012942], [-122.13456100017956, 41.18360999982762], [-122.13446900011806, 41.18360400033735], [-122.13412400033658, 41.18358200017348], [-122.13385599964967, 41.18356500025689], [-122.13371699973247, 41.183555999662914], [-122.13364099956449, 41.18355100008366], [-122.13360200010476, 41.183549000251816], [-122.13358200001326, 41.18354800033588], [-122.13343899989815, 41.18353899973957], [-122.1311969998834, 41.18339600009039], [-122.13112499991337, 41.18338899998611], [-122.13024500037956, 41.18329699999434], [-122.12800199964158, 41.183104000319204], [-122.12611399962918, 41.18296899979496], [-122.12598899995572, 41.18296899979496], [-122.1210589998624, 41.18299699971124], [-122.11971999984598, 41.18300299993317], [-122.1187649999691, 41.18300599970591], [-122.11380999976141, 41.183036000129974], [-122.11113500010164, 41.18304600004294], [-122.10445000006528, 41.18308499975644], [-122.10210000009549, 41.183093999739], [-122.10097199996628, 41.18309299981612], [-122.10095000022496, 41.18309299981612], [-122.10070699965242, 41.18308800020145], [-122.09976400036942, 41.183096000260825], [-122.08980500044859, 41.18309800010648], [-122.08939700001956, 41.18309800010648], [-122.08033100005129, 41.183091999893215], [-122.07544899963854, 41.18309700018366], [-122.07382900031305, 41.183096000260825], [-122.07282000000951, 41.18309700018366], [-122.07242900019725, 41.18309700018366], [-122.0721859996247, 41.18309700018366], [-122.07085199963116, 41.183099000029294], [-122.070784999684, 41.183099000029294], [-122.07046099981889, 41.18309999995209], [-122.07039600041989, 41.18309999995209], [-122.07026500000032, 41.183099000029294], [-122.07014000032684, 41.18309999995209], [-122.07004300024246, 41.18310099987487], [-122.07001200028033, 41.18310099987487], [-122.06988199968566, 41.18309999995209], [-122.06975199998934, 41.18310099987487], [-122.05157400002201, 41.18311899983441], [-122.04967900033692, 41.183119999756904], [-122.04863300022346, 41.183119999756904], [-122.0462149995833, 41.183122000277926], [-122.04255800028245, 41.183124000122746], [-122.04193099957034, 41.18312599996756], [-122.04138400012248, 41.18312500004516], [-122.03576299974294, 41.18312799981231], [-122.02231099965447, 41.183206999715665], [-122.01863000006419, 41.18322800008473], [-122.0180390002354, 41.18323199976794], [-122.01473299966554, 41.18325100028801], [-122.01381299994875, 41.18325599989023], [-122.0064580004409, 41.18329799991411], [-122.00111099969776, 41.183330000042986], [-121.99130400011285, 41.18333500031526], [-121.98402099967669, 41.18333999991106], [-121.98062100029381, 41.18334099983018], [-121.97899900042019, 41.183341999749274], [-121.96731700034334, 41.18334799993959], [-121.94519599994662, 41.18335899972376], [-121.93697699990018, 41.183363000075005], [-121.92208200003823, 41.18337100010077], [-121.92192399985446, 41.18336900026345], [-121.91586099960907, 41.183374999775246], [-121.90645599970706, 41.18338000004403], [-121.90583999976391, 41.1833829997995], [-121.90579899975604, 41.18337800020698], [-121.90449099970174, 41.18337900012551], [-121.90389999987295, 41.18337800020698], [-121.89325999971163, 41.183366999749964], [-121.88834200021219, 41.183365999831246], [-121.88475699998305, 41.183365999831246], [-121.88363300005179, 41.18335799980491], [-121.87601800025294, 41.183349999777555], [-121.87456000041081, 41.18334799993959], [-121.8698689997938, 41.18334299966836], [-121.86618400000555, 41.18333999991106], [-121.86287599978586, 41.18333600023445], [-121.85104200027136, 41.183324999770335], [-121.84945100035988, 41.18332200001227], [-121.84185900012724, 41.18331599981951], [-121.84064300013445, 41.183313999980506], [-121.83738500014347, 41.183310000302306], [-121.8337959997164, 41.18330599994777], [-121.81966199956253, 41.18339400025382], [-121.81551599964185, 41.1832870001197], [-121.8154269999534, 41.18328500027986], [-121.81151500038443, 41.18328000000377], [-121.80738899965692, 41.18328500027986], [-121.8056909996153, 41.183288000039624], [-121.79229600032656, 41.183299999753615], [-121.79168799988098, 41.183300999673335], [-121.79136099964285, 41.18330200026913], [-121.79104199980063, 41.18330300018883], [-121.79100900018867, 41.18330300018883], [-121.79095300011214, 41.18330300018883], [-121.76864699976751, 41.183353000210495], [-121.76832999957512, 41.183354000129405], [-121.76810899964218, 41.18335500004831], [-121.76036099977391, 41.18336799966867], [-121.76032099959096, 41.18336499991251], [-121.76024799979604, 41.18336799966867], [-121.7597609997243, 41.183366999749964], [-121.75974800020381, 41.183366999749964], [-121.75954399998932, 41.183366999749964], [-121.75039500018036, 41.1833829997995], [-121.74295000026082, 41.18338199988102], [-121.74182799997938, 41.18338500031249], [-121.74007899988415, 41.18338500031249], [-121.73985999960102, 41.18338600023091], [-121.73969999976745, 41.18338600023091], [-121.7395120003448, 41.18338000004403], [-121.73927600034324, 41.18337299993804], [-121.73058500029371, 41.183365999831246], [-121.73053199969192, 41.183365999831246], [-121.72901299975047, 41.18337399985665], [-121.72898299961322, 41.18337399985665], [-121.72710299999672, 41.18338199988102], [-121.72694499981297, 41.18337900012551], [-121.72650600032017, 41.18337599969382], [-121.72646899961191, 41.18337599969382], [-121.72437200026044, 41.1833829997995], [-121.71826299998426, 41.183387000149324], [-121.70737299957767, 41.1833829997995], [-121.7073240000722, 41.1833829997995], [-121.70731099965342, 41.1833829997995], [-121.70707300000203, 41.18338199988102], [-121.70256700023123, 41.18338199988102], [-121.70215299995445, 41.183383999717954], [-121.70184900018083, 41.18338199988102], [-121.7014600000184, 41.1833829997995], [-121.69417199955937, 41.1833829997995], [-121.69358300027872, 41.18338199988102], [-121.69320099978898, 41.18338199988102], [-121.69228899956981, 41.18338199988102], [-121.68931099996134, 41.18338099996254], [-121.68649999985912, 41.1833829997995], [-121.68418800042248, 41.1833829997995], [-121.68375200040438, 41.1833829997995], [-121.68351899987756, 41.1833829997995], [-121.67194300010594, 41.1833829997995], [-121.66162500015987, 41.1833829997995], [-121.65913500044803, 41.18338500031249], [-121.65807300044105, 41.183383999717954], [-121.65779300005856, 41.18338199988102], [-121.65760899993555, 41.18338600023091], [-121.65653100003505, 41.183387000149324], [-121.65647599978344, 41.183387000149324], [-121.65250099956697, 41.18341200013284], [-121.64463499969794, 41.183452000221884], [-121.64082799971098, 41.18346900016781], [-121.64076599978671, 41.18347000008495], [-121.64030600037746, 41.183474999670445], [-121.63689699987543, 41.18349200028649], [-121.63172900013075, 41.18351800014632], [-121.62735600042934, 41.18354200016384], [-121.62609100003274, 41.18354599982788], [-121.62316199992975, 41.183563999665104], [-121.62309400015769, 41.183563999665104], [-121.62165200020911, 41.183570999750735], [-121.62081000031016, 41.18357600000456], [-121.62077799962478, 41.18357600000456], [-121.61563300034462, 41.183602999746206], [-121.61091400013848, 41.183628000323345], [-121.6107390002363, 41.18362900023806], [-121.60901899955506, 41.183637000231336], [-121.59967499975242, 41.18368500017031], [-121.5978839998244, 41.18369499998412], [-121.5978550004104, 41.18369699981149], [-121.59784199999162, 41.18369699981149], [-121.59098200005306, 41.18373100024781], [-121.59074500022659, 41.18373200016096], [-121.58985599957366, 41.18373599981338], [-121.58897900041292, 41.18374100005466], [-121.58337599957672, 41.18377100014201], [-121.57974400039024, 41.183792000330214], [-121.576128000199, 41.183818000070936], [-121.56651800025756, 41.183857999911986], [-121.56644200008961, 41.183858999823194], [-121.56607499966847, 41.18386100032164], [-121.56329000040382, 41.18387599966347], [-121.56228100010031, 41.18388099989404], [-121.5587610001685, 41.18384399980139], [-121.51284299997307, 41.183237999968334], [-121.50526499998415, 41.183139000309524], [-121.50315400038897, 41.18311199970047], [-121.50116500009419, 41.18310600016457], [-121.49911200022534, 41.18313000033309], [-121.49433399956966, 41.18319499998469], [-121.4927650002978, 41.18321499976049], [-121.49152500001557, 41.183227000163896], [-121.48723699980468, 41.1831400002317], [-121.47810600043738, 41.18317899988922], [-121.47703900040754, 41.18318500009447], [-121.47184099962729, 41.18323199976794], [-121.46281499984198, 41.183324999770335], [-121.4625140004414, 41.183328000204405], [-121.46241900000686, 41.1833290001237], [-121.46238999969452, 41.183330000042986], [-121.4623729999761, 41.183330000042986], [-121.46177299992648, 41.18333600023445], [-121.46174799981213, 41.18333600023445], [-121.45969599976817, 41.18335599996719], [-121.45889300022729, 41.18336399999376], [-121.45859000027856, 41.183366999749964], [-121.45854800044577, 41.183366999749964], [-121.44649499974986, 41.1834840002755], [-121.44624100020498, 41.195492999798546], [-121.44619699982405, 41.19757799976471], [-121.44611700035641, 41.20140599973999], [-121.44609300006697, 41.202481000066584], [-121.44609200024205, 41.2025319999382], [-121.44609200024205, 41.20254200025292], [-121.44609100041713, 41.202557000046276], [-121.44609100041713, 41.20257300013746], [-121.44608700021918, 41.20274799990801], [-121.44606399975464, 41.203831000047444], [-121.44606399975464, 41.20384999999663], [-121.44599400033275, 41.207243000213595], [-121.44603299979252, 41.211885999936456], [-121.44603399961741, 41.212017999830216], [-121.44603600016555, 41.21229799991096], [-121.44603799981539, 41.21254200020122], [-121.44603899964028, 41.21261599968843], [-121.44603899964028, 41.212626999961174], [-121.44603899964028, 41.21263999985116], [-121.44603899964028, 41.21265200026709], [-121.44604000036351, 41.21266900006421], [-121.44604100018843, 41.21278699972654], [-121.44604399966317, 41.213158999949165], [-121.44606100027991, 41.21520900028415], [-121.44617199970968, 41.22850199988164], [-121.44618699977829, 41.23034599973989], [-121.44623500035719, 41.23632699969021], [-121.44623500035719, 41.236340000273735], [-121.44625200007563, 41.23834199982804], [-121.44625200007563, 41.23836300006998], [-121.44625399972543, 41.238649000023266], [-121.44625600027358, 41.23886399988453], [-121.44625700009848, 41.238924000175146], [-121.44625700009848, 41.23893599982135], [-121.44625700009848, 41.23894800014088], [-121.44628499968756, 41.24236399993164], [-121.44632499987057, 41.2473070001471], [-121.44634599978693, 41.24990899986789], [-121.44635900020572, 41.255643999707544], [-121.44638599996993, 41.266956000209404], [-121.44639600001567, 41.26906500006722], [-121.44639600001567, 41.26907500033616], [-121.44639600001567, 41.269100999947895], [-121.44639600001567, 41.26916799986055], [-121.44639600001567, 41.269333000128206], [-121.44639600001567, 41.26970400006244], [-121.44639600001567, 41.27038400010302], [-121.44639600001567, 41.27126599997846], [-121.44639600001567, 41.272010999818775], [-121.44639699984059, 41.27205500008537], [-121.44639699984059, 41.27207000013878], [-121.44639699984059, 41.272128999730356], [-121.44639699984059, 41.272240999964154], [-121.44639699984059, 41.27244399977152], [-121.44639699984059, 41.27277799982022], [-121.44639900038872, 41.28701100024143], [-121.44639900038872, 41.287033999731975], [-121.44640600006142, 41.29223199993788], [-121.44642299977983, 41.30472200015691], [-121.44642299977983, 41.30477600016096], [-121.44643500037373, 41.3139949998542], [-121.44643500037373, 41.314088000138796], [-121.44643500037373, 41.31418100029071], [-121.44643600019864, 41.3144039999911], [-121.44643600019864, 41.31462599966732], [-121.44644600024439, 41.32226100007409], [-121.446461000313, 41.328533999889345], [-121.44645399974199, 41.32996900031426], [-121.44646499961266, 41.33446300027619], [-121.44647499965839, 41.34196499969269], [-121.44649999977274, 41.35859900029024], [-121.44650399997069, 41.361569999698084], [-121.44650800016865, 41.36596500019082], [-121.44633200044156, 41.38743900026334], [-121.44635199963473, 41.38850800000607], [-121.44635300035796, 41.38855999968648], [-121.44636699970336, 41.389293999759246], [-121.44655599984924, 41.39918699986514], [-121.4465740002909, 41.412388000290086], [-121.44658599998645, 41.42187699996048], [-121.4465940003824, 41.42475599979899], [-121.44659900040524, 41.428982999912485], [-121.44815400033175, 41.42927899996806], [-121.44869900012979, 41.429383000049484], [-121.44874099996258, 41.438180000278706], [-121.44881799995545, 41.451678999748495], [-121.44880399971177, 41.45274799966453], [-121.44887800022994, 41.46778600022664], [-121.44884200024491, 41.46805900015643], [-121.44890199962104, 41.47281299968841], [-121.44890699964394, 41.47379800009687], [-121.4489180004129, 41.475695000036076], [-121.44896600009346, 41.47785000022556], [-121.44896899956821, 41.47797900013044], [-121.44899100020784, 41.49159400021535], [-121.44898799983478, 41.491613999720826], [-121.44899799988052, 41.493111999768225], [-121.44900299990339, 41.494105000135164], [-121.44894900037504, 41.49446300015724], [-121.449017999972, 41.49471899978663], [-121.44902800001776, 41.49482899975819], [-121.44903800006347, 41.494931000017544], [-121.44906200035295, 41.495257000231135], [-121.44903600041368, 41.4971949998731], [-121.44904899993413, 41.499692000331905], [-121.44900100025357, 41.502178999914776], [-121.44899600023068, 41.502202999839064], [-121.44898399963684, 41.50340899988605], [-121.44898299981189, 41.503462999854776], [-121.44898299981189, 41.50350100015464], [-121.44897899961394, 41.50389999993846], [-121.44897199994125, 41.504576000319155], [-121.44897199994125, 41.50525000030251], [-121.44896600009346, 41.50527500013101], [-121.44893500013133, 41.50783400015945], [-121.44891000001697, 41.51000799993358], [-121.44882800000121, 41.51671799999631], [-121.44865599957376, 41.53094000028968], [-121.44855600001465, 41.53922700002396], [-121.44861000044133, 41.54596299998889], [-121.44862100031199, 41.547294000318345], [-121.44862700015976, 41.548336000243154], [-121.44866499979457, 41.5528210000151], [-121.4487140001984, 41.55910500027754], [-121.44883600039714, 41.56604599985127], [-121.44885200029064, 41.56964599974764], [-121.44886800018416, 41.57324599998344], [-121.44887200038214, 41.57398799969891], [-121.44887499985688, 41.57472900033126], [-121.44888200042789, 41.5757389996729], [-121.44888800027567, 41.57674999995768], [-121.44888699955246, 41.57701400015816], [-121.44888499990262, 41.57727899987993], [-121.44889699959818, 41.578828000138934], [-121.44893099993338, 41.585710999724974], [-121.44893299958318, 41.58613700023369], [-121.44894400035217, 41.58706400031985], [-121.44895100002486, 41.58818600030008], [-121.44896199989552, 41.59039499976011], [-121.44897299976617, 41.591328000128065], [-121.44897799978905, 41.59179499981003], [-121.44907900007136, 41.60443300031923], [-121.44908499991917, 41.60622899968992], [-121.44909099976695, 41.60802500011508], [-121.44909199959184, 41.60813000028194], [-121.44909199959184, 41.60823500027788], [-121.44911400023148, 41.61386200007565], [-121.44919000039945, 41.62140899970301], [-121.44919100022435, 41.62143500021132], [-121.44972299960362, 41.62487700009489], [-121.4496930003647, 41.62564799972205], [-121.44963599956499, 41.627253999817825], [-121.44931500007294, 41.63593000027009], [-121.44923399988207, 41.63817200017335], [-121.44923100040735, 41.6382310000186], [-121.44923100040735, 41.63827700027016], [-121.44908200044442, 41.64261999971193], [-121.44898399963684, 41.64532400027583], [-121.44898299981189, 41.6453550002765], [-121.4486239997867, 41.65524300028205], [-121.44861399974097, 41.65551700013007], [-121.44861299991605, 41.655544999750056], [-121.44861200009113, 41.65555899989103], [-121.44861100026623, 41.65558299993394], [-121.44861100026623, 41.65559299983731], [-121.4486089997181, 41.65564500011525], [-121.44860100022049, 41.65585999983769], [-121.44859600019763, 41.65600600006111], [-121.44856400041057, 41.65688900008182], [-121.44891699968967, 41.67460899972261], [-121.44895400039789, 41.6762530002093], [-121.44914299964547, 41.690618999942245], [-121.44916100008714, 41.69201999985578], [-121.44919799989707, 41.726632000005246], [-121.44938000037024, 41.75000399997936], [-121.44898100016209, 41.77639200008515], [-121.45692200037418, 41.77630199973551], [-121.45692200037418, 41.78014300010084], [-121.45692400002399, 41.798541999669915], [-121.45692499984891, 41.80139999972612], [-121.45692999987179, 41.815688999872016], [-121.45694499994042, 41.83421900014086], [-121.45694599976531, 41.83438899984214], [-121.45694800031345, 41.83734800030951], [-121.45694800031345, 41.83752999992518], [-121.45694599976531, 41.837765999715266], [-121.45694900013837, 41.83871399975583], [-121.45694900013837, 41.83876400006137], [-121.45694900013837, 41.83878200000121], [-121.45694900013837, 41.83883300013777], [-121.45694900013837, 41.83901000013906], [-121.45694900013837, 41.8394779998144], [-121.45694999996329, 41.84081299984588], [-121.45695099978818, 41.842844000144915], [-121.45695199961308, 41.84407800019923], [-121.45695199961308, 41.845313000328645], [-121.45695400016123, 41.85044000024155], [-121.45695599981107, 41.855565999794244], [-121.45695800035921, 41.85569699974473], [-121.45695800035921, 41.85571599989402], [-121.45695800035921, 41.855775000215985], [-121.45695800035921, 41.85580799969195], [-121.45695800035921, 41.855833999814486], [-121.45695699963596, 41.85586600031109], [-121.45695699963596, 41.85594300029039], [-121.45695699963596, 41.856013999806834], [-121.45695699963596, 41.856086999811765], [-121.4569730004278, 41.85957699988039], [-121.4569730004278, 41.85962599971085], [-121.4569730004278, 41.85965200028838], [-121.45697400025271, 41.8596690001456], [-121.45697400025271, 41.859684000212646], [-121.45697400025271, 41.859722999701454], [-121.45697599990255, 41.860141999674084], [-121.45697799955236, 41.86063499995695], [-121.4569800001005, 41.861091999761165], [-121.45702699995616, 41.871270999802704], [-121.45702799978108, 41.87133600009121], [-121.457028999606, 41.87140299973288], [-121.45711599964461, 41.87488100010683], [-121.45709999975111, 41.876071000101966], [-121.45709499972824, 41.878550999825194], [-121.45709800010127, 41.87960499994415], [-121.45711700036784, 41.88134000004529], [-121.45710200029924, 41.88383399984763], [-121.45708700023062, 41.8847110003175], [-121.45708899988045, 41.88554799986587], [-121.45710999979686, 41.886401000113906], [-121.45711900001767, 41.88724200011372], [-121.45711399999482, 41.888898000296855], [-121.45712499986546, 41.89046600004906], [-121.45713099971324, 41.89200599987377], [-121.4571499999798, 41.89294899991927], [-121.45713499991119, 41.893811999923166], [-121.45713999993406, 41.894684000095964], [-121.45713699956103, 41.89664800021889], [-121.45713699956103, 41.89681500022479], [-121.45713699956103, 41.89693400015876], [-121.45713699956103, 41.89702299988575], [-121.45713699956103, 41.8970919999644], [-121.45713699956103, 41.897146000003005], [-121.45713699956103, 41.897188999939225], [-121.45713699956103, 41.89722400005248], [-121.45713699956103, 41.897253000303756], [-121.45713699956103, 41.897277999979515], [-121.45713699956103, 41.89729899975303], [-121.45713699956103, 41.89731600029702], [-121.45713699956103, 41.89733100022256], [-121.45713699956103, 41.89734400019977], [-121.45713699956103, 41.89735500022983], [-121.45713699956103, 41.89742900013979], [-121.4571340000863, 41.89811500003012], [-121.45713699956103, 41.898321999846104], [-121.45713800028425, 41.89835199988978], [-121.45713800028425, 41.89838500012207], [-121.45713800028425, 41.89842099986979], [-121.45713800028425, 41.89845999979646], [-121.45713800028425, 41.898501999896595], [-121.45713800028425, 41.89854599987633], [-121.45713800028425, 41.898591999731536], [-121.45713800028425, 41.898638999840124], [-121.45713800028425, 41.89868700019984], [-121.45713800028425, 41.89873499985482], [-121.45713800028425, 41.898781999858166], [-121.45713800028425, 41.89882699992852], [-121.45713800028425, 41.89887000007008], [-121.45713800028425, 41.89891100028703], [-121.45713800028425, 41.898949000301485], [-121.45713800028425, 41.898984000118816], [-121.45713800028425, 41.89901599974396], [-121.45713800028425, 41.89904499985012], [-121.45713800028425, 41.899070999772725], [-121.45713800028425, 41.899094000184014], [-121.45713800028425, 41.89911500002907], [-121.45713800028425, 41.89913299969966], [-121.45713800028425, 41.899149000145556], [-121.45713800028425, 41.89916300003095], [-121.45713800028425, 41.89917500002582], [-121.45713800028425, 41.89918500013125], [-121.45713800028425, 41.899243000176895], [-121.45713999993406, 41.899673000163375], [-121.45714099975898, 41.89982400000977], [-121.45714400013203, 41.89993500023147], [-121.45714800032998, 41.90006300007288], [-121.4571499999798, 41.90013599992505], [-121.45715599982762, 41.900349000097435], [-121.45715800037574, 41.90044899991126], [-121.45716800042146, 41.90090899998], [-121.45714800032998, 41.903482000005525], [-121.45718000011703, 41.905610999703605], [-121.45718099994195, 41.90747500003509], [-121.45718099994195, 41.90750700008495], [-121.45718099994195, 41.90753199975758], [-121.45718099994195, 41.9075530001703], [-121.45718099994195, 41.90756999999], [-121.45718099994195, 41.90758400003473], [-121.45718099994195, 41.907595999784114], [-121.45718099994195, 41.90771999973656], [-121.45718000011703, 41.90774499999433], [-121.45718000011703, 41.90776100028785], [-121.45717199972111, 41.90950699978431], [-121.45716500004843, 41.911187999866534], [-121.45716800042146, 41.91195199978767], [-121.45716099985046, 41.91402099977119], [-121.45711499981972, 41.92183200011592], [-121.4571340000863, 41.92246200002559], [-121.4571340000863, 41.92247799997205], [-121.45717199972111, 41.923743000331925], [-121.45716199967538, 41.92546100016706], [-121.45716000002554, 41.92549399975423], [-121.45715699965251, 41.92550799987775], [-121.45715400017778, 41.925638000305035], [-121.45715199962964, 41.92569300012333], [-121.45715099980472, 41.92570999979022], [-121.45714699960675, 41.92578299972369], [-121.45714199958391, 41.92589400025894], [-121.45714300030711, 41.925980000143475], [-121.45714300030711, 41.92600700031649], [-121.45714300030711, 41.92605400029332], [-121.45714300030711, 41.9260759998155], [-121.45714300030711, 41.92608599971736], [-121.45714400013203, 41.92610299994789], [-121.45714400013203, 41.926143000197214], [-121.45714499995695, 41.926208000131204], [-121.45714499995695, 41.92623500020772], [-121.45714499995695, 41.926254999959966], [-121.45714499995695, 41.92631200028884], [-121.45714400013203, 41.92639800027827], [-121.45714400013203, 41.92641399990602], [-121.45714300030711, 41.92662500026086], [-121.45713900010917, 41.92736899978565], [-121.45714400013203, 41.92910100022797], [-121.45713200043649, 41.93013300013035], [-121.45713699956103, 41.93131400003355], [-121.45714800032998, 41.93222400018482], [-121.45712499986546, 41.93384799979048], [-121.45712099966751, 41.9341410002637], [-121.45712200039073, 41.93509699979117], [-121.45712300021565, 41.935976000006995], [-121.45710899997192, 41.9379129996859], [-121.45710599959888, 41.93884299972141], [-121.45710300012416, 41.94004299985919], [-121.45710300012416, 41.94009099982264], [-121.45710399994906, 41.94126299985817], [-121.45712300021565, 41.94158100004191], [-121.45713499991119, 41.941770999836066], [-121.45715099980472, 41.94202100021493], [-121.45715900020065, 41.94222999985158], [-121.45711999984259, 41.942784999820155], [-121.4571340000863, 41.94443799997027], [-121.45712999988832, 41.94566700002118], [-121.45711399999482, 41.946622999813926], [-121.45711099962175, 41.94750299969383], [-121.45716000002554, 41.94878599990318], [-121.45721299972901, 41.94994499984066], [-121.4524869998502, 41.9503029999455], [-121.45235499960569, 41.95031300005765], [-121.45228000016094, 41.95031300005765], [-121.45216100033525, 41.95031300005765], [-121.44926599966912, 41.95031900025778], [-121.4476780001307, 41.95031699996846], [-121.44764700016856, 41.95031699996846], [-121.44757699984834, 41.95033399975361], [-121.44754300041147, 41.950360000162945], [-121.44744999962676, 41.95048500000422], [-121.44750599970322, 41.950531999982694], [-121.44754300041147, 41.95058699971448], [-121.44756299960463, 41.95064200006691], [-121.4475669998026, 41.95069299981681], [-121.44756900035073, 41.953663000112314], [-121.44758299969612, 41.956706000248026], [-121.44757100000055, 41.9575560002929], [-121.4475679996275, 41.95879000001129], [-121.4475819998712, 41.96100500021856], [-121.4475819998712, 41.96102399977843], [-121.44762000040434, 41.96490400026238], [-121.44758500024426, 41.966808999729565], [-121.44756400032786, 41.97122000027012], [-121.4475319996425, 41.975762999821725], [-121.44754199968826, 41.97732399991135], [-121.44760500033576, 41.97872599980541], [-121.44760500033576, 41.979046999822216], [-121.4476029997876, 41.979428000219855], [-121.44760399961253, 41.98256700002476], [-121.44760600016066, 41.98801799995036], [-121.44760600016066, 41.98810700016324], [-121.4475380003886, 41.99746499995102], [-121.44761600020642, 41.99746600002325], [-121.44773900023006, 41.997467000095405], [-121.44813900026311, 41.997470000311885], [-121.44821100023314, 41.997488000272604], [-121.44831099979226, 41.99750500015658], [-121.45208699981708, 41.99752799979608], [-121.45224099980288, 41.99752899986731], [-121.45672999985527, 41.99758699996531], [-121.46025900000787, 41.99762700009418], [-121.46231199987673, 41.99765199982814], [-121.46308400035382, 41.997661999852525], [-121.4631050002702, 41.997661999852525], [-121.46488899962723, 41.99769700025919], [-121.46707700011363, 41.997716000223946], [-121.47025200026391, 41.99774400012652], [-121.47217000041356, 41.99776699967964], [-121.4827800004377, 41.9978950001756], [-121.48320399986189, 41.99789899976966], [-121.4865060002338, 41.99792800032429], [-121.48815300022177, 41.99794199989665], [-121.49245300012826, 41.99798199980238], [-121.49269300032779, 41.99798700012267], [-121.49728399958907, 41.99803499983905], [-121.50241000039928, 41.99809899984972], [-121.50266300011927, 41.998102000036404], [-121.50597600036184, 41.99813700020107], [-121.51213400014352, 41.998204000290976], [-121.51944599999368, 41.998260000321984], [-121.52018800033353, 41.99827199970229], [-121.52052300006926, 41.9982780000592], [-121.52241799975438, 41.9982879999852], [-121.52553900037631, 41.998339000317664], [-121.53025100001145, 41.998395000229884], [-121.53506499975383, 41.9984530002062], [-121.53516000018836, 41.99845500031958], [-121.53531400017418, 41.99845599970859], [-121.53585999979711, 41.9984630001047], [-121.53981099972414, 41.99848199984076], [-121.54508200029932, 41.9985059998506], [-121.54631699966033, 41.99851200018545], [-121.55528200024459, 41.99862999997979], [-121.55938399978433, 41.99868100003821], [-121.5610219995515, 41.998700999761944], [-121.56400400025628, 41.998737999701646], [-121.56477699965997, 41.9987470001709], [-121.57759699991173, 41.99895099978414], [-121.58082200029077, 41.99900499972937], [-121.58978899962652, 41.999155000078616], [-121.59110599990164, 41.99916399982129], [-121.59541000000607, 41.99927700019094], [-121.59769899987647, 41.99931299975257], [-121.59818400029837, 41.99932000005436], [-121.59846499960744, 41.99932600031244], [-121.60030199956624, 41.999355000216774], [-121.60133099996126, 41.99936299988876], [-121.6016930003595, 41.99936499997354], [-121.60225700042412, 41.9993700001851], [-121.60375299990106, 41.99938099998159], [-121.60634200024545, 41.999405000319975], [-121.60761199976659, 41.999420000276515], [-121.61053900021975, 41.99944700005586], [-121.6125619999514, 41.99946900028795], [-121.61594399979093, 41.999503000328225], [-121.61963799980002, 41.99954900015739], [-121.62265499976655, 41.99958999975946], [-121.62336399959612, 41.999600000146835], [-121.62671700002164, 41.99964599990593], [-121.62827199994814, 41.9996670000316], [-121.62844699985031, 41.99966900010682], [-121.62861000005694, 41.999672000219434], [-121.62880199967755, 41.9996740002945], [-121.62898900017362, 41.99967699973933], [-121.62925799978714, 41.99968099988904], [-121.63254300044062, 41.99972400014705], [-121.63349099974647, 41.99973799999194], [-121.63431099990412, 41.999748999724815], [-121.63448599980629, 41.999751999833705], [-121.6375479999787, 41.999794000008166], [-121.63893800004871, 41.99981199997908], [-121.63920300036263, 41.99981600012029], [-121.64051100041688, 41.99983500011992], [-121.6406389995651, 41.99984599983608], [-121.64077400018263, 41.99984799990563], [-121.640795000099, 41.9998390002597], [-121.64174900015097, 41.99985300007924], [-121.64185600028108, 41.999854000113935], [-121.64189399991592, 41.999855000148614], [-121.6440689999835, 41.99988599988016], [-121.64615399963942, 41.99991800029789], [-121.64947500027793, 41.9999639998271], [-121.6523120003194, 42.00000399979705], [-121.65445800007468, 42.0000309999962], [-121.65552099990659, 42.0000469998368], [-121.65622499971326, 42.0000570001524], [-121.6569310000681, 42.000066999798854], [-121.6575639997297, 42.00007600008013], [-121.65866599991965, 42.00009199990941], [-121.66010299984536, 42.000115999979634], [-121.66108600020965, 42.00012999973828], [-121.66214499984356, 42.00014300013125], [-121.66318400028432, 42.00015699988397], [-121.66345999957055, 42.00016100000345], [-121.66360799970853, 42.00016300006309], [-121.66596900044729, 42.00020199987873], [-121.66855100022066, 42.00023500016626], [-121.66907099990433, 42.000259000182545], [-121.66964900021266, 42.00026400032387], [-121.67043400021022, 42.000269999825406], [-121.67082300037265, 42.000269999825406], [-121.67104699978032, 42.00029799993936], [-121.67293499979272, 42.00028500024559], [-121.67336999998591, 42.000303000077615], [-121.67349399983446, 42.000307000187966], [-121.67424500039516, 42.00031799982253], [-121.6757409998721, 42.00033999975345], [-121.67673500010702, 42.00035400013034], [-121.6782490000256, 42.00037500002237], [-121.67842999977557, 42.000378000101755], [-121.68061900008688, 42.000408000220176], [-121.68340400024982, 42.00046699972196], [-121.68557400029457, 42.000480000046124], [-121.68826999987073, 42.00051700028658], [-121.68907999998264, 42.00052899990888], [-121.6905269999541, 42.00054999974314], [-121.69305100000116, 42.000584999896624], [-121.69318400007053, 42.00058699994293], [-121.6946800004458, 42.00060799975807], [-121.69538199970435, 42.000617999985465], [-121.69822100029401, 42.00065900023389], [-121.6995519999145, 42.00067799998186], [-121.70023300015497, 42.00068800019831], [-121.7005369999286, 42.00069400032741], [-121.70137700017774, 42.000708999980105], [-121.70150699987407, 42.000712000043734], [-121.70312000042519, 42.000745000066715], [-121.70419900015061, 42.0007530002316], [-121.70501699976013, 42.00075899968699], [-121.70508999955506, 42.00075999970739], [-121.7053819996331, 42.00076299976862], [-121.70624199997373, 42.000773999991935], [-121.70684700004622, 42.00078200015312], [-121.70764299991441, 42.00079199968564], [-121.7078870003119, 42.00079499974536], [-121.70813699965882, 42.00079899982473], [-121.7082329999183, 42.00079999984456], [-121.70994600002852, 42.000823000295874], [-121.71261700038869, 42.000876999987696], [-121.71304300036104, 42.00088300009897], [-121.71615099966587, 42.00091299997926], [-121.71792200040073, 42.000932999669125], [-121.71848999976498, 42.00093999979271], [-121.71885499963795, 42.00094699991556], [-121.72230799962263, 42.00101399971717], [-121.72245800030875, 42.00101699976643], [-121.72268400026455, 42.00101899979917], [-121.72987399991598, 42.0011210000512], [-121.73708899968176, 42.00122300013968], [-121.73733200025434, 42.001205999913765], [-121.74026300000716, 42.001246999783326], [-121.7419059997972, 42.00127100008549], [-121.74563999998924, 42.00132300004153], [-121.75153900020314, 42.00140600028127], [-121.75664199965051, 42.001475000285616], [-121.7567830001158, 42.001475000285616], [-121.76355199981775, 42.00157199976848], [-121.76483999978055, 42.001591999918745], [-121.76646599985214, 42.00161500008378], [-121.76974800013257, 42.001660999721345], [-121.77050100034307, 42.00167199978937], [-121.7727280002892, 42.00170299997093], [-121.77396199982532, 42.001720000064054], [-121.7763109999702, 42.001753000231844], [-121.77754000038175, 42.00177000031161], [-121.77770900043615, 42.00177200032073], [-121.77785599985093, 42.00177400032974], [-121.77799800014114, 42.00177599967116], [-121.77816700019555, 42.00177899968448], [-121.77963099988544, 42.00179899976969], [-121.78042000008095, 42.00181099981776], [-121.78291499981569, 42.00184599994514], [-121.78529400009778, 42.00187900004763], [-121.78616000028619, 42.001891000080654], [-121.78996399990012, 42.00194400019943], [-121.79108399963341, 42.00196000022658], [-121.79463399970244, 42.0020100002856], [-121.79600899970387, 42.002029000297696], [-121.79930199985493, 42.00208100030184], [-121.80098099963, 42.00212200027516], [-121.80246399958645, 42.0021330002635], [-121.80397000000745, 42.00214400024992], [-121.80586200021783, 42.00216800021376], [-121.80750199963482, 42.002192000168534], [-121.80914199995013, 42.002216000114274], [-121.81078200026543, 42.00224000005089], [-121.8133640000388, 42.002277999932105], [-121.8146539996514, 42.00229699986422], [-121.81513200040061, 42.00230599983003], [-121.81539099996837, 42.002309999814464], [-121.81571099963553, 42.00231599979062], [-121.81601600013236, 42.00232099977029], [-121.81618900038471, 42.00232399975793], [-121.81754199974652, 42.00234900031686], [-121.81961300005705, 42.00238600013814], [-121.82067400023912, 42.00240500003796], [-121.82396599966697, 42.002450999771966], [-121.8245659997166, 42.00245999971604], [-121.82502000017634, 42.00246599967805], [-121.82507899972758, 42.002466999671675], [-121.82510999968972, 42.002466999671675], [-121.82514599967473, 42.002468000332804], [-121.8305229996568, 42.00254299980777], [-121.83294600031984, 42.0025940000678], [-121.83439099974315, 42.002598000034126], [-121.83540599989446, 42.00261199991422], [-121.837801999895, 42.00266600009045], [-121.8403769999957, 42.0026819999361], [-121.84266699969102, 42.00273800003163], [-121.84419700040145, 42.00275599983732], [-121.84524799963947, 42.00277400030542], [-121.84775800034113, 42.002800999996765], [-121.85022399976354, 42.00282099976072], [-121.8510869995789, 42.002832000295776], [-121.85284800026803, 42.00285500001258], [-121.85793800019492, 42.00291799986187], [-121.86007200025463, 42.00295999994925], [-121.86302899994674, 42.00295400003382], [-121.86869899983175, 42.00301699978509], [-121.86992599969518, 42.00302600031665], [-121.8739040002847, 42.003061999759986], [-121.87621300024662, 42.00307100028515], [-121.877480000293, 42.003088000012774], [-121.87952499976593, 42.003113000271576], [-121.8797330001784, 42.003116000221866], [-121.88085399973659, 42.00313099997112], [-121.88229200038553, 42.003151000298914], [-121.88467499996729, 42.00317899981272], [-121.88921699972312, 42.0032370001014], [-121.8913270003917, 42.00325899969064], [-121.89177500010535, 42.003266000225935], [-121.89201399958162, 42.00326900016901], [-121.89687900027594, 42.00332299978764], [-121.8994180003916, 42.00345399972281], [-121.90148799997891, 42.00339600029945], [-121.90173499985112, 42.003377000027996], [-121.9019039999055, 42.00338399988271], [-121.90812399961145, 42.003446999875756], [-121.90907400036376, 42.00345800030258], [-121.90986600003401, 42.003467000104216], [-121.91264399962594, 42.00349400016899], [-121.91483100028744, 42.003547000287625], [-121.91776700006312, 42.003621999825796], [-121.91875700010009, 42.00365299972481], [-121.92253800014778, 42.00364899982485], [-121.92596299964504, 42.003665000090805], [-121.92672500007639, 42.00366999996448], [-121.92842700031595, 42.00368300030175], [-121.93058599959171, 42.00370099984009], [-121.93208699998982, 42.003718000066954], [-121.9334310000291, 42.00374300007817], [-121.9352169999343, 42.00377199997207], [-121.93831300044187, 42.00377999975631], [-121.9398290000103, 42.00380800032836], [-121.9414550000819, 42.00377199997207], [-121.94305900041218, 42.003736000262954], [-121.94428000042782, 42.003745999998735], [-121.9461940003795, 42.003691000097234], [-121.9477719998722, 42.003646999874725], [-121.94819299982169, 42.003650999774855], [-121.94869599978693, 42.00366000021674], [-121.95099100040346, 42.003646999874725], [-121.95254700015485, 42.00365600031718], [-121.9531780001666, 42.003667000040316], [-121.9540860001878, 42.00362799967823], [-121.95633499987525, 42.003529000038164], [-121.95743000039249, 42.00348499970367], [-121.95753099977652, 42.00348499970367], [-121.96291299978147, 42.00357299967472], [-121.96791900004278, 42.003646999874725], [-121.97042899984615, 42.00369499999455], [-121.97117600020886, 42.00370599971099], [-121.97467299967612, 42.00373700023656], [-121.97514800005226, 42.00373900018386], [-121.97627000033371, 42.00374899991918], [-121.97779000010009, 42.00376400018682], [-121.98134799966674, 42.003796999962056], [-121.9827729998969, 42.003810000273376], [-121.98627399956209, 42.0038420000528], [-121.98775599969365, 42.00385499968743], [-121.9912010001807, 42.003878999673375], [-121.99421099957625, 42.003884000197786], [-121.99612700007607, 42.00388700011172], [-121.99766299973595, 42.003912000056516], [-121.999060000377, 42.00394299981423], [-122.00008999969866, 42.00396599979698], [-122.0004100002641, 42.00397300025449], [-122.00086399982555, 42.00398299995303], [-122.00238000029229, 42.00400799986011], [-122.00390699973138, 42.00404100017634], [-122.00559899992518, 42.00407900031704], [-122.00709500030045, 42.00410300021849], [-122.00822900027745, 42.004125000175854], [-122.00928299988851, 42.00414400022398], [-122.01085999955633, 42.00418500020299], [-122.01482100042742, 42.00428300019236], [-122.01734499957615, 42.00435099978294], [-122.02339799977582, 42.004506000021095], [-122.02500499958084, 42.00455200023878], [-122.0266430002463, 42.00458900011397], [-122.02872899972711, 42.00464299994738], [-122.03153599963139, 42.00466800026266], [-122.03317400029688, 42.00468300031363], [-122.0345629996437, 42.004695999776374], [-122.03642399989194, 42.00479600022774], [-122.03910600012273, 42.0049279997551], [-122.0413070001296, 42.005039999948465], [-122.04294999991964, 42.00511800025276], [-122.04421799979093, 42.00517800001093], [-122.04619000036728, 42.00528300011914], [-122.04723399993256, 42.00533899992801], [-122.04821700029687, 42.005389999949415], [-122.04906300039377, 42.00540599977755], [-122.05117599963877, 42.00543600019544], [-122.05285399958889, 42.00545900030601], [-122.05397099984748, 42.005478999901996], [-122.05658299975806, 42.00552600002922], [-122.05791000007895, 42.005546000271636], [-122.05883200034383, 42.0055610001156], [-122.06089199988537, 42.00559700012715], [-122.06371399985827, 42.005659999931474], [-122.06466200006244, 42.00567299986213], [-122.06554699961909, 42.00568499984713], [-122.06776100004474, 42.005715000133456], [-122.0688470003412, 42.00572800005287], [-122.07939999956554, 42.005839000232314], [-122.08647899978722, 42.005911999859926], [-122.08716599987548, 42.00592299986056], [-122.09274899972186, 42.005931000041876], [-122.09803899966532, 42.00595200009582], [-122.10508199990197, 42.00598699994783], [-122.10650499958396, 42.00599200030656], [-122.10973099978789, 42.00608200002128], [-122.11595700023994, 42.006144000077036], [-122.11856999997542, 42.0061689998025], [-122.11962199993668, 42.00617999975869], [-122.12450400034943, 42.00622700003558], [-122.1258390001679, 42.00623999985037], [-122.1261970003682, 42.00624600012345], [-122.1280510000454, 42.00627800001267], [-122.12887299985286, 42.00629199975056], [-122.12938500003895, 42.00629999988547], [-122.13126600037869, 42.00633299968039], [-122.13257199988485, 42.006355000201694], [-122.14235300042877, 42.006522999987155], [-122.14405800014308, 42.00655199994891], [-122.14427200040332, 42.00655599966642], [-122.14511299957904, 42.00657000001059], [-122.14634500036367, 42.00661799992775], [-122.14746300044713, 42.006655999864265], [-122.14761200041006, 42.006668000331324], [-122.14894499968038, 42.00672099980845], [-122.1506079995619, 42.00678299990898], [-122.15216699968634, 42.00684200017463], [-122.15285799997258, 42.006867000293276], [-122.15380000032897, 42.00690200030943], [-122.15526300019391, 42.00695700010521], [-122.15549300034769, 42.00696600007942], [-122.15687699967164, 42.007017000131604], [-122.15699499967243, 42.007020999819815], [-122.15707300038855, 42.00702400025336], [-122.15862999996484, 42.007081999706955], [-122.15865599990414, 42.007083000295495], [-122.15936399990876, 42.007109000240106], [-122.15991799992764, 42.00712999990527], [-122.16169299996217, 42.007195999951925], [-122.16199099988799, 42.00720699973055], [-122.16351099965439, 42.00726399976659], [-122.16457100001155, 42.00730600032257], [-122.1683479998613, 42.0073330000932], [-122.16923300031625, 42.00733900026314], [-122.17072299994541, 42.00735000001703], [-122.17206899963453, 42.00736099976903], [-122.17256199955405, 42.00736400018653], [-122.17348600036709, 42.00737100027014], [-122.17493499998835, 42.00738100010213], [-122.17598299975164, 42.00738900010009], [-122.1766639999921, 42.00739700009706], [-122.17912699993981, 42.00741200017207], [-122.18027799963524, 42.007420000166135], [-122.18199800031647, 42.007432999737155], [-122.1822810001737, 42.00743500023578], [-122.18380000011518, 42.00744599997308], [-122.18407200010175, 42.00744799980372], [-122.18542500036185, 42.00745499987805], [-122.18549599960865, 42.007455999793265], [-122.18552400009604, 42.007455999793265], [-122.18582600021985, 42.007455999793265], [-122.18615500010783, 42.007455999793265], [-122.18626499971268, 42.007455999793265], [-122.1863350000329, 42.007461999951666], [-122.18656699983646, 42.00746299986671], [-122.18669900008095, 42.007463999781805], [-122.18695299962583, 42.00746600027941], [-122.18858000042066, 42.00747899984103], [-122.18864200034496, 42.007477999926216], [-122.1887729998662, 42.00747899984103], [-122.18879600033073, 42.00747999975586], [-122.1890199997384, 42.00748099967069], [-122.18940999972575, 42.007482000252956], [-122.22062300003002, 42.007590000302905], [-122.22164800022708, 42.00759200012907], [-122.2361959997594, 42.00764400025914], [-122.2382529998262, 42.00764400025914], [-122.23939199982608, 42.00765400004827], [-122.24108700039297, 42.00766000018793], [-122.24187499986526, 42.007662999923824], [-122.24316500037622, 42.00764500017139], [-122.24483999995329, 42.00765599987238], [-122.24600099969447, 42.00764500017139], [-122.24756200036707, 42.00764500017139], [-122.24890800005616, 42.00764500017139], [-122.25001799974372, 42.00764799990799], [-122.25089300015297, 42.007646000083625], [-122.25579099956093, 42.007631999976184], [-122.26068700021737, 42.007617999865666], [-122.26134400016839, 42.007616999952994], [-122.26220299978581, 42.00766700023897], [-122.26558399980043, 42.00768400007356], [-122.26870200004932, 42.00773299972852], [-122.2707919997281, 42.007787000230834], [-122.27530800044296, 42.00785599999023], [-122.27697600034735, 42.00788200028643], [-122.27860999991654, 42.007906999996386], [-122.28011399978942, 42.007929999881135], [-122.28078400015923, 42.0079410002003], [-122.28223899962828, 42.007963000165525], [-122.2848360003686, 42.00800299977935], [-122.28665599971066, 42.00807299987744], [-122.28804499995579, 42.00808400017193], [-122.28906599995486, 42.00809599970212], [-122.28974800002025, 42.00809800017984], [-122.29628599974352, 42.00822500001585], [-122.30443100017014, 42.00839300020306], [-122.30471300020241, 42.00836800001654], [-122.30674199978183, 42.00840700014297], [-122.30932600010335, 42.008461000073204], [-122.30958700021925, 42.00844899994431], [-122.3142290004325, 42.00853099966728], [-122.31445200001527, 42.00852100001605], [-122.3202929996045, 42.00860899969641], [-122.32406799980444, 42.00869699992248], [-122.32906599966982, 42.00879100005986], [-122.33388799980813, 42.00889199997459], [-122.33898600013094, 42.008989000164625], [-122.34329899955789, 42.00904500004876], [-122.35000899970862, 42.009092000211446], [-122.35201399989687, 42.00911299988945], [-122.3560200000755, 42.009144999671555], [-122.3601609999733, 42.009191999760354], [-122.36392600012749, 42.00925300023565], [-122.36592100027003, 42.009290000046825], [-122.36731700018785, 42.00931700031039], [-122.3678489995671, 42.009326999836475], [-122.36805000030685, 42.00933000016125], [-122.3682550003463, 42.009329000275486], [-122.36866399970187, 42.00933600014284], [-122.37044100028453, 42.00936799981275], [-122.37459700025093, 42.0094419999473], [-122.37804900041068, 42.00950300018286], [-122.37816099966538, 42.00949899998321], [-122.37835300018429, 42.009491000250584], [-122.37851100036806, 42.00948500028357], [-122.382639999672, 42.00930600022911], [-122.38801699965407, 42.009092000211446], [-122.3972709999433, 42.008709999900056], [-122.39772500040307, 42.008702000068205], [-122.39902599988635, 42.00868300004635], [-122.40136900018341, 42.00863999983545], [-122.40214400013524, 42.0086290003046], [-122.40346200023525, 42.00860400021083], [-122.40759800011018, 42.008533000131315], [-122.41663800013922, 42.008380000160656], [-122.43138499986318, 42.00832099998644], [-122.44408600028929, 42.008294999869655], [-122.44560400040585, 42.00828500018129], [-122.44655799955947, 42.00828299970946], [-122.44816500026283, 42.008279000100586], [-122.45047300039981, 42.008273999921606], [-122.45135700013157, 42.008272000116875], [-122.4546050000768, 42.008279000100586], [-122.4549089998504, 42.00828099990505], [-122.45534400004358, 42.00826099985494], [-122.45615800035344, 42.00825599967456], [-122.45747300008043, 42.00824899968832], [-122.45771599975468, 42.00824599998007], [-122.4593800003594, 42.00823600028405], [-122.46101099955558, 42.00822599991896], [-122.46270500029755, 42.00821700012302], [-122.46505100006938, 42.00820499994814], [-122.46575099967811, 42.008199999763356], [-122.46764100023864, 42.00819000006006], [-122.46987099965953, 42.00817699997623], [-122.4706659997028, 42.00817299969319], [-122.47234899967583, 42.0081629999857], [-122.47374799996669, 42.00815500008507], [-122.47470299984356, 42.00815400018084], [-122.47559400014633, 42.00815199970487], [-122.47739500012008, 42.008149999896354], [-122.49014699970152, 42.00812399970969], [-122.4922070001414, 42.00812000009076], [-122.49332199985183, 42.008120999995526], [-122.50617600043881, 42.00808300026658], [-122.50908200007727, 42.00807299987744], [-122.51085799993672, 42.00806699977668], [-122.51232099980169, 42.00806200024856], [-122.51389199962169, 42.00805700005253], [-122.51530099995833, 42.00805199985611], [-122.51554100015782, 42.00804800023267], [-122.51742300032245, 42.008013000179496], [-122.51873399985149, 42.00798899975054], [-122.51903699980018, 42.00798300030936], [-122.52037699964151, 42.007958999869025], [-122.5218610003212, 42.00793099978883], [-122.5224320000585, 42.00792199995119], [-122.52252099974699, 42.007918000319584], [-122.53762099964835, 42.007629000238836], [-122.54891100008801, 42.007517999845], [-122.54998999981343, 42.00750500029131], [-122.55927199969177, 42.00726800010679], [-122.56038999977525, 42.007233000292], [-122.56230499955186, 42.007181999745455], [-122.56699299979586, 42.00705800026167], [-122.57391600038189, 42.00683200025787], [-122.57428100025487, 42.00681999982174], [-122.5838169996781, 42.00649799973328], [-122.5903910002847, 42.00627600014524], [-122.59165999998092, 42.00623300030988], [-122.59279700033098, 42.006195000120705], [-122.59441500000665, 42.00614000033368], [-122.59517999991273, 42.00611399999305], [-122.59600500009324, 42.00608599976833], [-122.60747299990983, 42.005698999715506], [-122.61159899973903, 42.00557000028724], [-122.61533899977886, 42.005452999958706], [-122.61569199995628, 42.00544099992999], [-122.6183840002328, 42.00535800028108], [-122.62038699987296, 42.00529500017766], [-122.62193199975368, 42.00524599997997], [-122.62320899984586, 42.00520599996773], [-122.62531500031648, 42.005142999713854], [-122.63055199965812, 42.005067000013256], [-122.6316100003655, 42.00505899972329], [-122.63469599992901, 42.00503600013567], [-122.63786699988134, 42.005014999779355], [-122.64522099956427, 42.004967999942174], [-122.645418999931, 42.004964000124836], [-122.64548500005324, 42.004964000124836], [-122.6457760003064, 42.00496699998784], [-122.64612000026297, 42.00496200021609], [-122.64642499986152, 42.004964000124836], [-122.64661200035756, 42.00496200021609], [-122.64765099990001, 42.00495200000388], [-122.64810000033691, 42.00495000009472], [-122.64844400029348, 42.00494800018554], [-122.64915399994796, 42.004943999699464], [-122.64959800036199, 42.00494099983537], [-122.65109800003687, 42.00493300019705], [-122.65254300035849, 42.00492599984523], [-122.65394900032207, 42.00491800020508], [-122.65441499957907, 42.00491600029489], [-122.65498000036693, 42.004922000025296], [-122.6560490000466, 42.004907000030684], [-122.65840700041231, 42.00489399994351], [-122.66087000035999, 42.00487999989799], [-122.66139900026451, 42.00488199980931], [-122.66225600023209, 42.00487300020782], [-122.66480700004331, 42.00484999988546], [-122.67252099957636, 42.00468700014858], [-122.67374900016301, 42.00466199984076], [-122.67592400023062, 42.00461599970265], [-122.67723700030777, 42.00458800015374], [-122.67791600000011, 42.00457400004088], [-122.67833399957654, 42.004564999728295], [-122.68354900007523, 42.004454999958554], [-122.69594800037753, 42.00430400012273], [-122.70278700039968, 42.00422400022365], [-122.70416499987586, 42.004214999861546], [-122.70641899958616, 42.00419999970029], [-122.70685600032748, 42.004197999767484], [-122.70845100043691, 42.004187000136156], [-122.70976799981372, 42.00417899973554], [-122.71065999994138, 42.004175999835375], [-122.71097499958564, 42.004179999702245], [-122.71235100031032, 42.004200999666615], [-122.71305799959175, 42.00421099999692], [-122.71516200041256, 42.004243000242155], [-122.71557099976815, 42.004156999796855], [-122.71616699961982, 42.004156999796855], [-122.7165669996529, 42.00416200029941], [-122.716862000104, 42.00416700013402], [-122.71899399961555, 42.00419699980112], [-122.71993299959891, 42.00420800009827], [-122.72036500031736, 42.00417000003461], [-122.72067099974078, 42.004143000256704], [-122.72079299993952, 42.00413199994832], [-122.72138600031646, 42.004123000240746], [-122.72190000015235, 42.00413599981796], [-122.72196799992442, 42.00413599981796], [-122.72475899993515, 42.004210000030696], [-122.72577300026157, 42.0041399996873], [-122.7259170002016, 42.0041399996873], [-122.73673899993781, 42.00415399989565], [-122.73814699955123, 42.004156999796855], [-122.7382210000694, 42.00415299992858], [-122.73833099967422, 42.004156999796855], [-122.73987200025533, 42.0041589997309], [-122.74339200018714, 42.0041589997309], [-122.7444120003613, 42.004156999796855], [-122.74726699994616, 42.00414600015843], [-122.74774899999501, 42.00414500019119], [-122.74978699979526, 42.004141000322164], [-122.75363499979012, 42.00413299991576], [-122.75393899956373, 42.00413099998086], [-122.75466500001005, 42.004128000078424], [-122.75769700004521, 42.004123000240746], [-122.7599270003644, 42.00411499983208], [-122.76062299977517, 42.004109000025565], [-122.76112999993836, 42.00410500015429], [-122.76151300025302, 42.00410300021849], [-122.76164499959918, 42.00410300021849], [-122.76219299977028, 42.004101000282695], [-122.76607099990238, 42.004072999839586], [-122.76800400012063, 42.00406100021808], [-122.76880800038474, 42.004058000312355], [-122.77718600043984, 42.00400499995189], [-122.77903099989624, 42.00400499995189], [-122.7805130000278, 42.00401199973755], [-122.78079500006011, 42.00401600028223], [-122.7809499998708, 42.00401299970682], [-122.78111800010029, 42.00401399967615], [-122.78269399994316, 42.00402000015916], [-122.78360100013947, 42.00402400003579], [-122.78410699957942, 42.00402699994313], [-122.78427099961097, 42.00402599997406], [-122.78453400027502, 42.00402699994313], [-122.78800900000097, 42.00404100017634], [-122.78949000030761, 42.004046000020516], [-122.79044699983429, 42.004049999895514], [-122.79113800012053, 42.00405299980162], [-122.79243100010619, 42.004058000312355], [-122.79262399955171, 42.00405900028096], [-122.79419500027004, 42.00406500009218], [-122.79611099987154, 42.004071999871194], [-122.79629800036761, 42.004072999839586], [-122.79725099969636, 42.004076999712936], [-122.79816499956532, 42.00408000028526], [-122.7990369996015, 42.004083000189965], [-122.79979200036016, 42.00408700006268], [-122.80148399965567, 42.00409499980732], [-122.80279400025807, 42.00409699974336], [-122.81073999959474, 42.004125000175854], [-122.81384500032316, 42.004141000322164], [-122.82001800017342, 42.004128000078424], [-122.82157099955177, 42.004123000240746], [-122.82504000032826, 42.004109999993375], [-122.8264449995686, 42.00410500015429], [-122.82657099996531, 42.00410500015429], [-122.82986800031435, 42.00411499983208], [-122.83015899966915, 42.004109999993375], [-122.83724399973859, 42.00404400008288], [-122.8376539998174, 42.00403700030078], [-122.83827099958549, 42.0040319997884], [-122.83909099974312, 42.00402599997406], [-122.83917699995683, 42.00402500000494], [-122.83971599990711, 42.004022000097514], [-122.84167000004176, 42.003998000165495], [-122.85491899974068, 42.00387299984462], [-122.86241100041418, 42.00391899985242], [-122.86729799995149, 42.00394499975505], [-122.86812700032998, 42.00394699969575], [-122.87086800011201, 42.003961999916704], [-122.8732259995794, 42.003985999862294], [-122.87551600017302, 42.003961999916704], [-122.88012300022616, 42.00390600023087], [-122.88840900021974, 42.00380299979798], [-122.88993499983394, 42.003785000288495], [-122.8936020000788, 42.003752999812896], [-122.90203899968516, 42.003661000191556], [-122.90212099970093, 42.00366000021674], [-122.90224799992252, 42.00365900024186], [-122.90254099982549, 42.00365600031718], [-122.91295199965795, 42.00355600007667], [-122.94154399983077, 42.00348800030392], [-122.95239599970422, 42.003450999788456], [-122.95867099966173, 42.00348900028149], [-122.95896199991489, 42.00349100023652], [-122.95912900031945, 42.00348700032638], [-122.96145099980184, 42.00350100001087], [-122.96166099986411, 42.00349800007874], [-122.96294299997915, 42.00350299996554], [-122.96380099977164, 42.003506999874716], [-122.96774500002593, 42.00352300017639], [-122.96797900037768, 42.00352400015341], [-122.96860100016862, 42.003517000314055], [-122.97254000040006, 42.00347599990457], [-122.97348500023118, 42.003459000280614], [-122.97741600006671, 42.00341199996148], [-122.97837000011864, 42.00340000021536], [-122.98228500006067, 42.00335399983233], [-122.98770600042367, 42.00328999976651], [-122.98819000012233, 42.00328699982448], [-122.98831800016887, 42.00328599984374], [-122.99258100026542, 42.003253999784675], [-122.99347000002004, 42.00324599993429], [-122.9948469996713, 42.00326900016901], [-122.99548299970593, 42.003265000244866], [-122.99814400002033, 42.00324599993429], [-122.99814099964728, 42.00319900012538], [-123.00102500044277, 42.00317299991794], [-123.0077160003269, 42.00312700003835], [-123.01280200005581, 42.00313399992056], [-123.01787400043936, 42.00314099980205], [-123.02370599980779, 42.003149000333195], [-123.03167700015715, 42.00312800002154], [-123.03227300000879, 42.0031260000551], [-123.03770900044042, 42.00310699970302], [-123.04279199979632, 42.003088000012774], [-123.04320000022533, 42.003087000028955], [-123.04399699991843, 42.003084000077294], [-123.0453109998205, 42.00320400003571], [-123.05127100013375, 42.00375499975964], [-123.05599399963951, 42.004186000169604], [-123.06288200006547, 42.00481999985873], [-123.06375099972861, 42.00483100004816], [-123.06461100006922, 42.00484300019199], [-123.0667789995658, 42.00487500011936], [-123.07231299990673, 42.00494800018554], [-123.08093799983402, 42.00506400015496], [-123.082216999576, 42.005160000222894], [-123.08573999988084, 42.005424000163515], [-123.09398200039182, 42.006041999867136], [-123.10060200013085, 42.00653800026824], [-123.10134299974749, 42.00659600016492], [-123.10271299972602, 42.006692999850884], [-123.10295499957536, 42.006710999872666], [-123.10407199983395, 42.00679800012876], [-123.11206999994745, 42.00740600000902], [-123.11602699972224, 42.007629000238836], [-123.12046499972095, 42.007885000011846], [-123.12516499966054, 42.00816000027339], [-123.12893499983757, 42.008372000287316], [-123.13030300016634, 42.00840499967496], [-123.13186200029078, 42.00844000017996], [-123.14573500032871, 42.00876099988911], [-123.15195699968449, 42.008279000100586], [-123.15338699993748, 42.0081629999857], [-123.1535219996567, 42.008153000276586], [-123.1537810001228, 42.00813200028167], [-123.15420700009516, 42.00809800017984], [-123.15450800039405, 42.00807499968838], [-123.15579299998377, 42.007966999794306], [-123.15651400040724, 42.007918000319584], [-123.1662559996948, 42.00715499991074], [-123.17189899981565, 42.006711999799585], [-123.17556799971037, 42.00642600004199], [-123.18144699983277, 42.00597999971198], [-123.18392300019924, 42.005788999844725], [-123.18590800029604, 42.00570699992498], [-123.19002099970645, 42.00555099999748], [-123.19142599984511, 42.00549700026726], [-123.19232399982056, 42.00547300022411], [-123.19624600033359, 42.005371000273435], [-123.20179700039294, 42.005095000018905], [-123.21134899970968, 42.004708999904], [-123.21456700041603, 42.00462899984663], [-123.21621000020606, 42.004563999767626], [-123.22240800017067, 42.004286000087475], [-123.2243949999173, 42.004217999759874], [-123.22507500033288, 42.00418500020299], [-123.2285559999066, 42.00404799995805], [-123.23076100011141, 42.00395800003613], [-123.23111299956562, 42.00394299981423], [-123.23277999964509, 42.00387799970194], [-123.2329200002855, 42.00387299984462], [-123.23451600021986, 42.00381100024588], [-123.23517800019377, 42.003785000288495], [-123.2358700003049, 42.00375799967966], [-123.23773900005074, 42.003680999685194], [-123.2392139996113, 42.00362299980126], [-123.24072500005516, 42.003562999911686], [-123.24231400031684, 42.00349700010132], [-123.24393700001538, 42.00343100022253], [-123.24432000033, 42.00341499989767], [-123.24556100043715, 42.00336400029571], [-123.24718499996061, 42.00329800027892], [-123.2488090003824, 42.00323800008291], [-123.25043200008093, 42.00317899981272], [-123.25204800010678, 42.00311400025498], [-123.253316999803, 42.00306399972845], [-123.25503900013409, 42.00299600009748], [-123.25528000015849, 42.00298600024376], [-123.25689500035945, 42.00292199980783], [-123.25850999966207, 42.00285699998756], [-123.26012400003812, 42.00279500006634], [-123.26174000006394, 42.00271500027253], [-123.2633550002649, 42.00263699969245], [-123.26497100029076, 42.002571000256644], [-123.26658599959337, 42.002504000091854], [-123.26820199961922, 42.00245499974728], [-123.26981099997239, 42.00240500003796], [-123.27081299970492, 42.002354000294], [-123.27142500034843, 42.00232299976209], [-123.27197099997137, 42.00229499987161], [-123.27269599969448, 42.00225799999746], [-123.27341399974488, 42.002225000091535], [-123.27354099996649, 42.0022190001068], [-123.27374500018098, 42.00221100012629], [-123.27463899995848, 42.00217500020152], [-123.2762459997635, 42.00210900028645], [-123.27785299956851, 42.00204300030298], [-123.27946100009679, 42.001978000252365], [-123.2810679999018, 42.001912000133004], [-123.28267499970681, 42.00184599994514], [-123.28428499988487, 42.00177999968887], [-123.28573400040447, 42.00172100006935], [-123.28603200033032, 42.00171100001531], [-123.28650000013546, 42.00169899994834], [-123.28749799967002, 42.00167299979548], [-123.28908500028186, 42.001632000200416], [-123.29072999972172, 42.00154100019068], [-123.29140099991648, 42.00150399987809], [-123.2923530003186, 42.001451000060385], [-123.29397799966695, 42.00138500006197], [-123.29561100030956, 42.00131899999504], [-123.2972270003354, 42.00128100020869], [-123.29883199959231, 42.00124499975775], [-123.29885500005683, 42.00124499975775], [-123.29887699979815, 42.00124499975775], [-123.30050899971754, 42.00117700018548], [-123.30186100015274, 42.001123000080675], [-123.30370599960914, 42.00105000029886], [-123.30535099994731, 42.000984999901384], [-123.30666300019953, 42.000932999669125], [-123.30786999997149, 42.0008860001544], [-123.30858100034919, 42.00085900031804], [-123.31022199959108, 42.00079199968564], [-123.31236599969655, 42.00070699993758], [-123.31345500036603, 42.000669999807606], [-123.31493400012452, 42.000604999689536], [-123.31685800012195, 42.000524999812534], [-123.31833799970538, 42.0004630002893], [-123.31995600027935, 42.00039599990747], [-123.32134999964904, 42.00033799969936], [-123.32321300044542, 42.00026499968451], [-123.32453099964712, 42.00020499996628], [-123.32569300011156, 42.00015699988397], [-123.32584299989935, 42.00014999967421], [-123.32663100026996, 42.00011800004074], [-123.32809599978475, 42.00005800018389], [-123.33054500038706, 41.99995700026369], [-123.3317859995959, 41.999905999892825], [-123.33185599991609, 41.99990199975726], [-123.33259099968492, 41.99986899996464], [-123.34239899999304, 41.99945999992082], [-123.34266599995671, 41.99945100022003], [-123.34431100029488, 41.99938099998159], [-123.34547500040912, 41.99933199990238], [-123.34695499999255, 41.99927600014718], [-123.3474510002851, 41.99927700019094], [-123.34888400001284, 41.99929699972736], [-123.35064200032892, 41.999321000097424], [-123.35233600017257, 41.9993439997482], [-123.35346099992876, 41.99935899971912], [-123.35551700017068, 41.99938700023393], [-123.35629899979516, 41.99939800002753], [-123.35711300010506, 41.999408999819174], [-123.35714499989209, 41.99940999986084], [-123.35718300042524, 41.99940999986084], [-123.35722100006006, 41.99941099990245], [-123.35803500036994, 41.99941099990245], [-123.35940100015054, 41.99944099980918], [-123.3603920000124, 41.99945399967537], [-123.36210599994754, 41.99947799998621], [-123.36263900005001, 41.99948500026991], [-123.36364099978256, 41.99949900016733], [-123.36526600002925, 41.99952099971385], [-123.36699199965996, 41.99954600003892], [-123.36725399960076, 41.999555999765676], [-123.36832800020163, 41.99956300004079], [-123.36986999970932, 41.99958400019385], [-123.37186999987473, 41.99961099990362], [-123.37338499961827, 41.99963200004083], [-123.3750070003902, 41.99965400020893], [-123.37648899962343, 41.99967500033196], [-123.37674800008953, 41.99967799977679], [-123.37825000031256, 41.99969899989191], [-123.37987200018621, 41.999721000036836], [-123.3811020004227, 41.9997430001742], [-123.38151099977829, 41.99974500024698], [-123.38160700003773, 41.9997430001742], [-123.38312500015432, 41.99976400026787], [-123.3857429999127, 41.999805999766814], [-123.38651799986448, 41.99981099994372], [-123.38799900017112, 41.999830999979956], [-123.39037199970714, 41.99986399979229], [-123.39139199988132, 41.99987800027392], [-123.39175299955635, 41.99988299977759], [-123.39307400002944, 41.99990199975726], [-123.39501499974529, 41.999927999966175], [-123.39609600001884, 41.99994299979944], [-123.39625599985241, 41.99994599989919], [-123.39770799984674, 41.999965999892986], [-123.39982400036308, 41.99999500017318], [-123.39990600037888, 41.9999960002056], [-123.40112300019655, 42.000012000055044], [-123.40255900029737, 42.00003200002805], [-123.40426400001168, 42.000055000089425], [-123.40580200021971, 42.00007600008013], [-123.40599600038848, 42.000079000173606], [-123.40678999970855, 42.00008999984753], [-123.40696700015887, 42.00009399997127], [-123.40800599970129, 42.00010699970401], [-123.40826599999231, 42.00011099982668], [-123.41422899978029, 42.00019100022417], [-123.41432500003978, 42.00019300028288], [-123.4148470002716, 42.00020099984957], [-123.41555600010116, 42.00021100014093], [-123.41575899959244, 42.000214000228034], [-123.41812500035405, 42.000244999784734], [-123.42063199978436, 42.000279000077974], [-123.4227619996461, 42.000308000215526], [-123.42397500016416, 42.00032500001376], [-123.4253169996553, 42.000342999834466], [-123.42551099982404, 42.00034599991536], [-123.42739999966139, 42.00037199994285], [-123.42854000038447, 42.000386999671456], [-123.43035200022892, 42.00041200032392], [-123.43203699985176, 42.000435000247904], [-123.43337900024122, 42.000453000037496], [-123.43479500025053, 42.000472999871896], [-123.43667400004212, 42.00049799982299], [-123.43821700027304, 42.00051999969172], [-123.43846800034322, 42.000522999764215], [-123.43890900038417, 42.00052899990888], [-123.43911400042359, 42.00053199998099], [-123.43957600038097, 42.000538000124806], [-123.4399880001096, 42.00054400026804], [-123.44003400014034, 42.00054400026804], [-123.44132200010314, 42.00056200002681], [-123.44305500030485, 42.000585999919764], [-123.44466999960748, 42.00060799975807], [-123.4448749996469, 42.00061099982647], [-123.44597000016417, 42.00062600016631], [-123.44617699985339, 42.00063399967852], [-123.44775000022153, 42.00063000025631], [-123.44973000029546, 42.00063200030121], [-123.45061700040027, 42.00063200030121], [-123.45275700030777, 42.00063399967852], [-123.45437499998343, 42.00063599972329], [-123.45458500004574, 42.00063599972329], [-123.4549640001624, 42.00063599972329], [-123.45599500020727, 42.00060999980366], [-123.45944200034413, 42.000642999879595], [-123.45967599979753, 42.000642999879595], [-123.46279700041947, 42.000642999879595], [-123.4643969996535, 42.000642999879595], [-123.46527000041291, 42.0006520000794], [-123.46911000001185, 42.0006520000794], [-123.47012599998806, 42.0006520000794], [-123.47109699975847, 42.0006520000794], [-123.4738309998678, 42.00066100027793], [-123.47499099978407, 42.00066100027793], [-123.47856199976948, 42.000669999807606], [-123.47963100034748, 42.000669999807606], [-123.47983899986163, 42.000669999807606], [-123.48182099958538, 42.00067499991663], [-123.4820120002794, 42.00067499991663], [-123.48227599987005, 42.0006759999384], [-123.48331899961045, 42.00067900000359], [-123.48470399965764, 42.00068800019831], [-123.48806799995381, 42.00069699972416], [-123.4895600001311, 42.00069699972416], [-123.4896999998732, 42.00069699972416], [-123.4897979997825, 42.00069699972416], [-123.49006300009638, 42.00069799974554], [-123.49282499979479, 42.000705999916335], [-123.49442599975201, 42.000705999916335], [-123.49757300031324, 42.00071500010718], [-123.49821699984547, 42.00071800017052], [-123.49849600040305, 42.000720000212716], [-123.49886299992586, 42.000720000212716], [-123.49929100044635, 42.000724000296806], [-123.49962399963394, 42.000724000296806], [-123.50046100040835, 42.000724000296806], [-123.50178700000598, 42.000724000296806], [-123.50180100024969, 42.000724000296806], [-123.50232199975828, 42.000724000296806], [-123.50424800030383, 42.000732999817565], [-123.50440700031251, 42.000732999817565], [-123.50565799956706, 42.000732999817565], [-123.50646799967897, 42.000732999817565], [-123.50707899959926, 42.000732999817565], [-123.50901299964242, 42.00074200000464], [-123.5092789997812, 42.00074200000464], [-123.50971099960134, 42.00074200000464], [-123.50985100024174, 42.00074200000464], [-123.51081600016434, 42.000743000025366], [-123.51135400028967, 42.000743000025366], [-123.5118279999426, 42.00074200000464], [-123.51387800033675, 42.00075100019045], [-123.51401300005594, 42.000750000169894], [-123.51655800001939, 42.00075100019045], [-123.51742500003272, 42.00075400025209], [-123.51791100027951, 42.00075600029315], [-123.51794399989149, 42.000581999827006], [-123.51802300043252, 42.000501999921084], [-123.51811299994587, 42.00038799969776], [-123.518143999908, 42.00034799996919], [-123.51815999980154, 42.00032700006826], [-123.51817900006812, 42.000303000077615], [-123.51831399978734, 42.00013099976857], [-123.5185430001162, 41.9998390002597], [-123.51911100037876, 41.999174000275666], [-123.5195509996965, 41.99881899987348], [-123.52023799978477, 41.99823799967191], [-123.52039799961833, 41.99782699969384], [-123.52047100031157, 41.9967960001969], [-123.52012499980687, 41.995855000180875], [-123.51974800023831, 41.995694999732805], [-123.51956499994021, 41.99565499972481], [-123.51970399985738, 41.99541399971229], [-123.5198539996452, 41.995163999815354], [-123.52088499969005, 41.99481499975891], [-123.52190599968915, 41.99458700009651], [-123.52235799960079, 41.99439299971715], [-123.52282999960387, 41.99394099973309], [-123.52527900020615, 41.99298399995678], [-123.52655999959796, 41.99272300025177], [-123.52681499986609, 41.99270099969055], [-123.5268450000033, 41.99269799991691], [-123.526935000415, 41.992690000074724], [-123.52751500037311, 41.9925989999632], [-123.52770500034394, 41.992538000211795], [-123.52771799986442, 41.99253400028076], [-123.52809299978313, 41.99241499971435], [-123.52845900037934, 41.99226100022206], [-123.52889799987219, 41.991937999738504], [-123.5296460000598, 41.99160700030822], [-123.5304560001717, 41.991263999792636], [-123.5312939998727, 41.99107800001319], [-123.53245700016203, 41.990994000150025], [-123.53329400003814, 41.99102400001851], [-123.53383200016347, 41.99103899994746], [-123.53426099961055, 41.99093300019584], [-123.53488699959944, 41.9904950002198], [-123.53558700010649, 41.99002300015527], [-123.53624800025548, 41.9896070002297], [-123.53792299983256, 41.988597000217275], [-123.53856499971496, 41.98824200024111], [-123.5393620003064, 41.98760899986308], [-123.53988799983789, 41.987067000005766], [-123.54044799970453, 41.98636200027183], [-123.5407199996911, 41.98576400018847], [-123.54093399995132, 41.98531299995529], [-123.54095499986772, 41.984890999683586], [-123.54028600022114, 41.98407199982323], [-123.53964000014076, 41.98383999993161], [-123.53846599998077, 41.983006000091855], [-123.53806599994769, 41.98264499982888], [-123.53781900007549, 41.98240399997162], [-123.53786900030421, 41.981075999987716], [-123.53784599983966, 41.98058499980658], [-123.53789900044144, 41.980198000263954], [-123.53805900027498, 41.97974700000358], [-123.5380040000234, 41.97926399978653], [-123.53746500007318, 41.978776000087095], [-123.53684099973408, 41.97842300018363], [-123.5366359996947, 41.978246000312694], [-123.53659200021207, 41.97798100010701], [-123.53647300038637, 41.977521999759865], [-123.53628900026335, 41.97732199980178], [-123.53616700006461, 41.975817000072276], [-123.53606900015531, 41.975511000050666], [-123.53582999978072, 41.974643000033744], [-123.53575399961277, 41.974120000325286], [-123.53588099983438, 41.973580000070896], [-123.53614799979806, 41.97288799988421], [-123.53658700018919, 41.972266000274395], [-123.53693899964338, 41.97138799997034], [-123.5371520000787, 41.97062300006429], [-123.53717299999514, 41.97048599970658], [-123.5370320004281, 41.970027000109646], [-123.53698999969701, 41.96971800013347], [-123.53699100042024, 41.96969999966716], [-123.53695600026015, 41.96946400013296], [-123.53693299979561, 41.96910200005952], [-123.536404999716, 41.9685240000358], [-123.53537100019642, 41.9677300001936], [-123.53510099985967, 41.96721500020018], [-123.5345180004268, 41.96640399990348], [-123.53395699983695, 41.965607999878614], [-123.53382700014058, 41.96540700000551], [-123.53368499985038, 41.964562000089224], [-123.53360899968237, 41.964015000120945], [-123.53334900028969, 41.96354100026429], [-123.53321899969505, 41.96296199993746], [-123.53302299987647, 41.961972000015784], [-123.53286999971559, 41.96125599995906], [-123.53285800002003, 41.96067600026174], [-123.53297400037098, 41.95979099989635], [-123.5330899998236, 41.95921100022451], [-123.53327200029682, 41.958759000307694], [-123.53337699987877, 41.958026999843604], [-123.53353699971237, 41.957244999879904], [-123.53356699984958, 41.95646399972119], [-123.53353300041273, 41.95577199998992], [-123.53329499986303, 41.95538600005717], [-123.53325100038042, 41.95516900024532], [-123.53333699969582, 41.954887000327915], [-123.53380899969893, 41.95461199970423], [-123.53457000030534, 41.953949999871526], [-123.53532000014279, 41.95313500001946], [-123.53629500011114, 41.952046000210814], [-123.53697999965125, 41.951110000210505], [-123.53765500004396, 41.9503360000424], [-123.5381799997505, 41.94995600015933], [-123.53881300031041, 41.94950299991991], [-123.53912399975673, 41.9490999999936], [-123.53944400032216, 41.94841499970107], [-123.53976399998929, 41.94773000006541], [-123.5402989997416, 41.9468429999205], [-123.54073800013273, 41.94606099970286], [-123.54142199984797, 41.94509300012267], [-123.5420439996389, 41.94435100001098], [-123.54316900029339, 41.943445999760534], [-123.54416600000303, 41.942751000228206], [-123.54473500009053, 41.942330999804504], [-123.54490499996983, 41.94193600018272], [-123.54473199971747, 41.941518000301656], [-123.54441899972302, 41.94101200022591], [-123.54421399968362, 41.94054499975037], [-123.54415900033035, 41.94016700024775], [-123.54460899969384, 41.9396429998722], [-123.54525200029948, 41.939166000207685], [-123.54579899974733, 41.93896299981586], [-123.54700200021963, 41.938717999772706], [-123.54766699966824, 41.93843500025044], [-123.54781700035441, 41.938192999851786], [-123.5478590001872, 41.93786300007581], [-123.54772699994271, 41.9370179998004], [-123.54765999999556, 41.936140999978775], [-123.54777600034653, 41.935287000193576], [-123.54802200039381, 41.93480299998035], [-123.548373999848, 41.93406200014549], [-123.54884500002622, 41.93332799992672], [-123.54973399978084, 41.93254400017831], [-123.55105299970575, 41.931688000141015], [-123.5519640001, 41.93120199979625], [-123.55260799963226, 41.93096699981676], [-123.55356300040741, 41.93054499973077], [-123.55424999959737, 41.93023000002761], [-123.55438900041285, 41.9300520001376], [-123.55425899981819, 41.92980300008509], [-123.55364399969996, 41.92902400017147], [-123.55350200030803, 41.928162999892606], [-123.55327399980409, 41.927342000189114], [-123.55372300024099, 41.92672100029905], [-123.55405499960371, 41.92628600009826], [-123.55437500016914, 41.925697000241925], [-123.55461000034578, 41.9251250001176], [-123.55468300014073, 41.924279000296096], [-123.55471300027794, 41.92354700025316], [-123.55486800008866, 41.92165500011376], [-123.55480100014152, 41.920752999775765], [-123.55466999972194, 41.920061000106585], [-123.55469999985914, 41.91923999974904], [-123.55466399987414, 41.91821799990349], [-123.55450300021569, 41.91801700031856], [-123.55413599979455, 41.91749499976649], [-123.55389800014316, 41.91694000030876], [-123.55374599980723, 41.91656199994929], [-123.55346499959983, 41.91576599982161], [-123.55345200007932, 41.9152269997932], [-123.55356900025522, 41.91465500006404], [-123.5537390001345, 41.91412300031934], [-123.55403899971017, 41.91373600020687], [-123.55452099975902, 41.91340400013701], [-123.55529200041116, 41.9128950001116], [-123.55583899985905, 41.91245099994789], [-123.55637399961135, 41.911958000254835], [-123.55693100000326, 41.911328999682574], [-123.55738000044013, 41.9107880000968], [-123.55764700040383, 41.91014299966752], [-123.55795600020033, 41.90942599967854], [-123.55837299995183, 41.908797000228866], [-123.55857499961819, 41.90827300020984], [-123.55899100044311, 41.90746700018722], [-123.55908599997936, 41.90672599973933], [-123.55931000028535, 41.90617800007877], [-123.5594919998602, 41.90596799980886], [-123.56009199990986, 41.90574099988315], [-123.5608540003412, 41.90540899968112], [-123.56172200017942, 41.90514100024027], [-123.56240900026765, 41.90492100002813], [-123.56290100036227, 41.90438900005321], [-123.56312599959485, 41.90403400021428], [-123.56353300019894, 41.90378299984134], [-123.5644119999078, 41.90344200026039], [-123.56544200012775, 41.903141000154186], [-123.56637600008821, 41.903147000112405], [-123.5672470002995, 41.90329700022196], [-123.56786999991532, 41.903376000325245], [-123.56921300012974, 41.903379999837014], [-123.5701479999151, 41.903698999874415], [-123.57090100012559, 41.90403499974764], [-123.57177099961363, 41.90414499980345], [-123.5733930003856, 41.90422899985221], [-123.57429399983576, 41.904121999874306], [-123.5751740002679, 41.90380499968707], [-123.57660000032295, 41.90319700018808], [-123.5779629997305, 41.90298400015542], [-123.57854299968862, 41.90311900007967], [-123.57905900007266, 41.903414999900086], [-123.57930699976978, 41.90359100013663], [-123.57974799981073, 41.90371099968542], [-123.58015600023974, 41.90387900014578], [-123.58071500028149, 41.90404599996233], [-123.58127400032325, 41.904164999793274], [-123.58202599981048, 41.90421100028088], [-123.58323900032855, 41.90423100024997], [-123.58554800029044, 41.90437699970103], [-123.58677299960573, 41.90450200008313], [-123.58824499969154, 41.904683000288244], [-123.58954500024821, 41.90490400017164], [-123.59065199956271, 41.90510999985817], [-123.59143599973538, 41.90521199993723], [-123.59238099956647, 41.90529000016303], [-123.59307000020289, 41.90559299985331], [-123.59340499993863, 41.906131999671196], [-123.5934810001066, 41.90631699993161], [-123.59360999997804, 41.90625199979278], [-123.59363000006954, 41.905889999742804], [-123.59382099986523, 41.90520499998946], [-123.59414100043068, 41.904679999712755], [-123.59442900031078, 41.90431699991211], [-123.5945990001901, 41.90376099998804], [-123.59499400020032, 41.90305999999436], [-123.59538800038561, 41.90228599967392], [-123.59579500009139, 41.90178499981325], [-123.59646899976084, 41.90122800032754], [-123.5969940003657, 41.90093600006274], [-123.5975840003696, 41.90069300024413], [-123.59835500012346, 41.900303999762336], [-123.59881500043097, 41.89983599988037], [-123.59908200039467, 41.89937600010566], [-123.59940299988672, 41.89900399971926], [-123.59950800036702, 41.898399999796574], [-123.59945200029054, 41.89780500020079], [-123.59910499996089, 41.89696099991625], [-123.59877100005005, 41.896631999815035], [-123.59842600026855, 41.89623799972163], [-123.59813500001542, 41.895829000266104], [-123.59747600041456, 41.8946559996957], [-123.59737699978204, 41.89417299988594], [-123.59763399970001, 41.89401100011613], [-123.5981269996195, 41.893719999980576], [-123.59831900013843, 41.8935260000452], [-123.59845700023071, 41.893058999680186], [-123.59883100032452, 41.892397000179514], [-123.59928999990882, 41.8918970000289], [-123.59975100004127, 41.89162999977652], [-123.60036199996155, 41.89145899999783], [-123.60075899962159, 41.89140900009339], [-123.60156299988572, 41.89098800028187], [-123.60180800010808, 41.89060900031157], [-123.60214899969164, 41.88993900012436], [-123.6024909999984, 41.88948700004494], [-123.60319800017812, 41.88909099980879], [-123.6037229998847, 41.888823000093524], [-123.60415200023009, 41.88852400018224], [-123.60480499998314, 41.888094999813156], [-123.60491100028835, 41.887788999987556], [-123.60474800008177, 41.887281999974704], [-123.60434700022377, 41.88635800027127], [-123.60416200027583, 41.88556999997457], [-123.60411700006999, 41.88506299974008], [-123.60427500025374, 41.884160999970675], [-123.60461500001236, 41.88322600015246], [-123.60490200006754, 41.88262899991314], [-123.60521000003912, 41.881846999725724], [-123.60562599996572, 41.88112099999591], [-123.60630100035843, 41.88077299984851], [-123.60718099989221, 41.88069800013935], [-123.60807300001989, 41.88092799981576], [-123.60935099993692, 41.88109299966975], [-123.61016600007169, 41.88103399996954], [-123.61260200025521, 41.88088100005096], [-123.61386900030162, 41.88088500030266], [-123.61490000034645, 41.881139000055754], [-123.6161360004307, 41.88150400028711], [-123.6170500002997, 41.881806999806074], [-123.61786700008427, 41.88223899988702], [-123.61885700012124, 41.882727000317146], [-123.61971800028678, 41.883174999963416], [-123.62056799968335, 41.883800000272586], [-123.6212680001904, 41.88428800015015], [-123.621720000102, 41.884737999891605], [-123.62203399992137, 41.88522000032585], [-123.62268300037479, 41.88613500010997], [-123.62314600015706, 41.88668100029436], [-123.62350400035737, 41.88739599997604], [-123.62371000022168, 41.88790299975295], [-123.62407599991957, 41.88830400023277], [-123.62446300043219, 41.888431000201834], [-123.62491399962057, 41.88836500013356], [-123.62523599983587, 41.888275999710665], [-123.6255139996702, 41.888201999895834], [-123.62582500001483, 41.88815299989896], [-123.62617599964409, 41.88811800016481], [-123.62638200040676, 41.88815200011702], [-123.62693100040275, 41.88819800010222], [-123.62726600013849, 41.88819299985825], [-123.6276660001716, 41.888140000057284], [-123.6281730003348, 41.888112000132], [-123.62979400038351, 41.887908999805376], [-123.63032199956479, 41.887929999984365], [-123.63081799985736, 41.88790199996709], [-123.63134799958678, 41.8878179998416], [-123.63201600030676, 41.887888000288214], [-123.63261899983112, 41.88794999970263], [-123.632996000298, 41.887945000108004], [-123.63363399998245, 41.88780599971911], [-123.63450900039167, 41.887709000206726], [-123.63500700033406, 41.88758399972164], [-123.6356450000185, 41.8875180001159], [-123.63625900031182, 41.88756300009764], [-123.63685000014064, 41.887713000030956], [-123.63742900027387, 41.887951999941585], [-123.63761800041975, 41.888292000201595], [-123.6379029999268, 41.88870599997507], [-123.63820000002771, 41.88902199978], [-123.63826000030215, 41.88937700015129], [-123.63845000027297, 41.88966099969661], [-123.63908100028472, 41.89005300006546], [-123.63931700028627, 41.89023300001577], [-123.63940099995185, 41.89029799974318], [-123.63987399977988, 41.890357999998685], [-123.6402839998587, 41.890394000258624], [-123.6411719997884, 41.890096000096], [-123.64219100013769, 41.88974200013375], [-123.6428120001037, 41.88935299982103], [-123.64302600036396, 41.88870200021301], [-123.64293099992939, 41.88854800015519], [-123.64302999966358, 41.88839599995118], [-123.64290800036318, 41.887904000207605], [-123.64302499964074, 41.887275999863384], [-123.64315000021251, 41.886858000307946], [-123.64360799997192, 41.88650799969002], [-123.64396600017221, 41.88634999978412], [-123.6445429997573, 41.88518699997917], [-123.64445099969576, 41.88486399975951], [-123.64445599971864, 41.8845169997726], [-123.64468300039768, 41.88423399994145], [-123.64469400026834, 41.88422099997106], [-123.64523599969333, 41.8835489999585], [-123.64582499987229, 41.88309499975535], [-123.6462900002027, 41.882995000190434], [-123.64677700027441, 41.882893999935966], [-123.64705900030675, 41.88277599979402], [-123.64777599963394, 41.88236300025631], [-123.64989700017317, 41.881181000175715], [-123.65022500023622, 41.8808779996948], [-123.65027100026695, 41.88066099986689], [-123.65032899999328, 41.88042000029778], [-123.65080099999636, 41.87984400008769], [-123.65161799978098, 41.879254999724466], [-123.65198699985193, 41.87908899988266], [-123.65231300026515, 41.87892199968322], [-123.652314999915, 41.87879400028025], [-123.6521969999142, 41.87869599986383], [-123.65163899969737, 41.87853800003631], [-123.65131800020532, 41.8783740002085], [-123.6506749995997, 41.8781029998644], [-123.64990999969362, 41.87803200012728], [-123.64917599974969, 41.87804100025843], [-123.6486479996701, 41.87797199966613], [-123.64784400030427, 41.87766700012979], [-123.64714799999518, 41.87735500015062], [-123.6466890004109, 41.87702899993427], [-123.646500000265, 41.87664800016951], [-123.64662300028864, 41.8763759998976], [-123.6472740003919, 41.87605100000972], [-123.64816300014651, 41.875769000115916], [-123.64865299969297, 41.87540199993956], [-123.64955300021656, 41.87503199970075], [-123.64962099998861, 41.8748379998693], [-123.65072700037655, 41.874010999861056], [-123.6511680004175, 41.87350400021883], [-123.65139500019822, 41.872909000163986], [-123.65054599972827, 41.87168500016042], [-123.65019199972592, 41.87079099994795], [-123.65062400044438, 41.86988200026406], [-123.65099000014227, 41.86917399981924], [-123.65110899996796, 41.86862699979882], [-123.65096000000506, 41.86750799982118], [-123.65134800034257, 41.866662999851464], [-123.65199500024785, 41.86586699981677], [-123.65227599955695, 41.865537000002604], [-123.65203999955537, 41.86424100017454], [-123.65175099985038, 41.86294500016779], [-123.65151599967373, 41.8617299998035], [-123.65099000014227, 41.861173999821084], [-123.65051800013919, 41.860747999783534], [-123.64995900009744, 41.86048200004519], [-123.64934599962902, 41.86062600005097], [-123.64947600022366, 41.86031999981836], [-123.65003500026539, 41.85996699970323], [-123.6506810003458, 41.859451999897004], [-123.65235900029593, 41.858760999792636], [-123.6538869995599, 41.858181999675296], [-123.65501600041236, 41.85802200015011], [-123.65549000006529, 41.857587999782204], [-123.65694200005963, 41.85705000006909], [-123.65923299957984, 41.85647999967126], [-123.6609959999188, 41.85627100021517], [-123.66153400004414, 41.85647299973575], [-123.66197500008509, 41.85591799982937], [-123.6626219999904, 41.85459799974488], [-123.66273099977033, 41.853141999988964], [-123.66246299998174, 41.852416999745614], [-123.6636570002332, 41.851895000263376], [-123.66458199997281, 41.85120299978213], [-123.66499200005165, 41.85010099972247], [-123.6657560001328, 41.849384999958225], [-123.66639100034253, 41.84890199988798], [-123.66732699995283, 41.84763899985466], [-123.66791899960653, 41.84688300027935], [-123.66876899990139, 41.84661000007743], [-123.66941400015685, 41.84606299975359], [-123.67060800040834, 41.84541200017553], [-123.6713389999792, 41.844984999754836], [-123.67097499993112, 41.84403599979249], [-123.67078300031054, 41.84280399991088], [-123.67102000013699, 41.841709999776896], [-123.67078499996032, 41.84063100019741], [-123.67074300012756, 41.840148000293645], [-123.67042099991227, 41.83972200008388], [-123.67087299982389, 41.83884500008529], [-123.6707769995644, 41.837887000319384], [-123.67082099994535, 41.83717099972713], [-123.67076800024189, 41.836205000264506], [-123.67077999993745, 41.83543199984685], [-123.67173700036247, 41.83491000032307], [-123.67336000006101, 41.834999000092914], [-123.67432699963342, 41.83524899967913], [-123.67528200040863, 41.835820999712276], [-123.67661399985404, 41.83690000008005], [-123.67741999976796, 41.83699699973242], [-123.67840899998004, 41.837053000182344], [-123.67920400002333, 41.83685200015628], [-123.68029000031976, 41.8371670000864], [-123.68188000040634, 41.83704700004087], [-123.682913000101, 41.83713600018546], [-123.68306399971374, 41.83654799980321], [-123.68392400005436, 41.83635500025188], [-123.68461199996754, 41.8360260000114], [-123.68559000030895, 41.83612199972333], [-123.68651400022365, 41.83615499996749], [-123.68857799996317, 41.83595299986916], [-123.69026599995905, 41.83559200032551], [-123.69222199974351, 41.83512600022695], [-123.69403899961083, 41.834498000046956], [-123.69500600008156, 41.83413700032825], [-123.69599500029364, 41.833226999698304], [-123.69777000032813, 41.8316500000408], [-123.70023099972768, 41.83080600019482], [-123.70260699963674, 41.829728000199474], [-123.70368100023761, 41.82948700007156], [-123.70376800027623, 41.82911699988142], [-123.70308000036307, 41.828416000282296], [-123.70260800035996, 41.82716100005254], [-123.70210299984657, 41.82650900021688], [-123.70211500044044, 41.825044000272406], [-123.70210500039471, 41.823885000204854], [-123.70207299970934, 41.82269400024231], [-123.70256800017698, 41.82165600030444], [-123.7028369997905, 41.82086700029831], [-123.7033640000452, 41.820368999955775], [-123.7030419998299, 41.81974899972537], [-123.70231200008394, 41.81910500026119], [-123.70147400038296, 41.81837199967574], [-123.70047500012517, 41.81755099981624], [-123.69971299969383, 41.817043999784545], [-123.69916500042105, 41.816996999925614], [-123.69855699997551, 41.8171170000668], [-123.69820700017114, 41.81718799982136], [-123.69785399999371, 41.817262000160646], [-123.69670499994811, 41.81722900021894], [-123.69577099998764, 41.81684400008895], [-123.69507899987649, 41.816347999728755], [-123.6943750000698, 41.815644999757914], [-123.6937189999437, 41.814612000019764], [-123.6939440000746, 41.81379999996463], [-123.69340900032232, 41.81261500032442], [-123.69296999993115, 41.811524000006074], [-123.69210100026801, 41.810693999839614], [-123.69119800026971, 41.81021799999178], [-123.69187600013713, 41.809403000115424], [-123.69217599971277, 41.80869699985477], [-123.69213300005507, 41.80860499994771], [-123.69164000013555, 41.80753799988203], [-123.69113600034541, 41.80685400023513], [-123.69041599974689, 41.806483999831876], [-123.69035600037074, 41.80625099973197], [-123.69021300025561, 41.80568699986471], [-123.69003099978238, 41.804963000099676], [-123.68993500042124, 41.80390000002393], [-123.68995700016256, 41.80315999979165], [-123.68939899994574, 41.802669000177644], [-123.68889299960743, 41.802137000162375], [-123.68845300028971, 41.80170299976852], [-123.68747599977323, 41.80159000012801], [-123.68691699973147, 41.801315999798845], [-123.68652000007144, 41.80107400007838], [-123.68626300015347, 41.800647999678276], [-123.68487800010632, 41.79993899990646], [-123.68404000040532, 41.79990599974587], [-123.68279299955209, 41.80026800009129], [-123.6817299997202, 41.80050099984975], [-123.68108500036304, 41.80077399983693], [-123.68071999959173, 41.80083100030562], [-123.6808490003615, 41.800572999753264], [-123.68066699988827, 41.799728000291196], [-123.67992600027168, 41.799332999788014], [-123.67930399958244, 41.798881999893474], [-123.6780900001378, 41.798705000114474], [-123.67691900035088, 41.798535000093494], [-123.67572699974923, 41.79835800002574], [-123.67532000004344, 41.797344000181404], [-123.67460100016815, 41.79734300031893], [-123.67398799969973, 41.79734300031893], [-123.67392400012562, 41.79681200015752], [-123.67358099999394, 41.79636099993395], [-123.67270099956183, 41.79594999995398], [-123.67210999973305, 41.795989999997744], [-123.67265799990415, 41.795595999784574], [-123.67284100020225, 41.79537899990593], [-123.67310999981575, 41.795009000211685], [-123.67364799994111, 41.793954999669666], [-123.67387499972183, 41.79285199985403], [-123.67392900014849, 41.79210399973982], [-123.6751330004457, 41.79090499983457], [-123.67626200039984, 41.78948899987882], [-123.67556500026583, 41.788362000182204], [-123.67463200013029, 41.787308000187586], [-123.6738809995696, 41.78631699980345], [-123.67460199999304, 41.78562599971895], [-123.6760409995686, 41.78505500013832], [-123.67881200038617, 41.78479799977028], [-123.68130299992293, 41.78487999979895], [-123.68410599962924, 41.784527000179395], [-123.68590099975523, 41.78363399986548], [-123.68724399996962, 41.782097000110895], [-123.68834000031178, 41.781221000046926], [-123.68796500039308, 41.77998899987323], [-123.68730099987103, 41.778362999855], [-123.68661399978276, 41.777356999954215], [-123.6862079999019, 41.7760130002523], [-123.68553199968429, 41.77519999987705], [-123.68552199963855, 41.77438699991521], [-123.68545800006444, 41.77336500019044], [-123.68464299992968, 41.77182699992172], [-123.68420400043685, 41.77070899979907], [-123.68342100008911, 41.769629999736864], [-123.6838200002973, 41.76847899992416], [-123.6836169999077, 41.76719999999546], [-123.68333800024844, 41.76611400010866], [-123.68265199998508, 41.76555799967174], [-123.68257699964202, 41.7647610000211], [-123.68260000010658, 41.76303900000534], [-123.68193599958452, 41.76166299982005], [-123.68186100013976, 41.76102700026249], [-123.68265700000798, 41.75936900019982], [-123.6831519995773, 41.75876599993096], [-123.68258300038814, 41.757897000174516], [-123.68188600025411, 41.757558000192766], [-123.68172600042054, 41.75693800000012], [-123.68234999986132, 41.75497500014676], [-123.68214800019494, 41.75267300025127], [-123.681891000277, 41.75173999993501], [-123.68118400009723, 41.75079800019874], [-123.6807010002235, 41.75035500009059], [-123.68062500005551, 41.74983899984249], [-123.67985299957843, 41.748101000163444], [-123.67865500002735, 41.74627000013], [-123.67916899986322, 41.74413500024856], [-123.67973999960053, 41.742924999873516], [-123.67830400039806, 41.7385430002133], [-123.67413699966265, 41.73627999990654], [-123.67407599956327, 41.734894999711464], [-123.67368800012409, 41.734261000058616], [-123.67241600005481, 41.73374899990984], [-123.66825900026345, 41.7320749998135], [-123.66663300019187, 41.732371000203145], [-123.66610799958701, 41.73215599998999], [-123.66640700023605, 41.73061299969316], [-123.66658799998602, 41.7296829999951], [-123.66560700016989, 41.728398000306875], [-123.66363399976866, 41.727825999920384], [-123.66189100041952, 41.725988000227446], [-123.66106799988883, 41.72409900000133], [-123.66143699995975, 41.7229310003248], [-123.65987100016262, 41.72019900014227], [-123.66042099998351, 41.71871599992549], [-123.66029799995987, 41.71764600002824], [-123.66080599994798, 41.71658900024779], [-123.66020500007347, 41.714055000155525], [-123.66112099959227, 41.71322299994589], [-123.6620870002381, 41.71145599981479], [-123.66433400027572, 41.709322999924474], [-123.66662899999392, 41.70804999976421], [-123.66773600020673, 41.706789999678065], [-123.66916800010956, 41.70647899973983], [-123.66948000027912, 41.704586000266715], [-123.66940800030909, 41.703112999858234], [-123.67007500030584, 41.70172600028215], [-123.66982300041077, 41.70047900007465], [-123.67011700013865, 41.699342999945465], [-123.66921400014031, 41.698677999799884], [-123.66802800028478, 41.69690300030464], [-123.66480899975355, 41.69496600021705], [-123.66306300003136, 41.69456200015045], [-123.66284299992333, 41.69346799999525], [-123.66531799956658, 41.691872999967565], [-123.6671140004158, 41.69168900026379], [-123.66845699973186, 41.69054100028859], [-123.66972700015133, 41.68991700032537], [-123.66981599983976, 41.688635999975155], [-123.67407300008854, 41.68447999996904], [-123.67469200040473, 41.68387700028874], [-123.67476299965153, 41.683541999888114], [-123.6750680001484, 41.68211200006401], [-123.67750000013392, 41.680686000006126], [-123.6800109997622, 41.680185999857066], [-123.68093999969977, 41.67934300024914], [-123.68232399992203, 41.678089999922335], [-123.6833290000276, 41.677180000232894], [-123.68398400032883, 41.676588000311675], [-123.68539299976712, 41.676043000177295], [-123.68585899992244, 41.67521000018962], [-123.68660100026229, 41.67388899993689], [-123.6868270002181, 41.67212500000782], [-123.68695899956427, 41.67086899993809], [-123.68958300006875, 41.66943399978764], [-123.68971000029033, 41.66733200006658], [-123.68853399958225, 41.66532400014656], [-123.68907400025573, 41.66442000001614], [-123.68903900009562, 41.661867999807775], [-123.68860300007752, 41.66017199978036], [-123.68741300002401, 41.65972600032997], [-123.68601399973315, 41.66000499984231], [-123.68534199971349, 41.66033699998907], [-123.68526499972062, 41.66004800002047], [-123.68621100027497, 41.6589899997854], [-123.68828900025818, 41.65752399980159], [-123.68843499984803, 41.65485899985141], [-123.68844499989379, 41.652725999730905], [-123.68701999966363, 41.648214000165616], [-123.68539899961492, 41.64686799967919], [-123.68517500020724, 41.64481099978738], [-123.68508300014574, 41.64396999994085], [-123.68232399992203, 41.63985900008924], [-123.6809139997605, 41.63799700030321], [-123.67992600027168, 41.6370180002482], [-123.6806099999869, 41.63496300020552], [-123.68044400030556, 41.633956999849985], [-123.68607200035778, 41.6347010000994], [-123.69322199982622, 41.63438300012858], [-123.6952820002661, 41.63373099987673], [-123.69663999965078, 41.63386299974346], [-123.69753099995353, 41.63259600015266], [-123.6983899995709, 41.631376999830586], [-123.69705599957737, 41.62969099993281], [-123.6965559999852, 41.62823599988578], [-123.69746099963335, 41.62761200024994], [-123.69746700037942, 41.62674300018935], [-123.69871299961112, 41.62594100030253], [-123.70059399995084, 41.62582899997662], [-123.70065199967718, 41.62484100032856], [-123.70088199983091, 41.624675999855384], [-123.70092600021187, 41.624401999789185], [-123.70108699987034, 41.62420899973961], [-123.70148500025361, 41.6238469996997], [-123.70219300025826, 41.62355000014332], [-123.70275099957678, 41.62338100018072], [-123.70311600034807, 41.623221000113915], [-123.7038989997975, 41.62294799980105], [-123.70426399967047, 41.62290000023904], [-123.70450100039525, 41.622538000236894], [-123.70486700009315, 41.621910000213276], [-123.70570399996922, 41.62147600011335], [-123.7061240000938, 41.62094399994871], [-123.70636199974518, 41.62035599985612], [-123.70649300016474, 41.619704000104534], [-123.70679500028852, 41.61922800002042], [-123.70687099955819, 41.61870499974001], [-123.70723999962917, 41.61756900009663], [-123.70777699992956, 41.61698900000433], [-123.70832500010066, 41.61656300029851], [-123.70904399997598, 41.61633799978663], [-123.7097839997677, 41.61615399976059], [-123.71054600019899, 41.615663000257214], [-123.71103099972257, 41.61501900019649], [-123.71103300027073, 41.61426200012769], [-123.71131299975488, 41.61389099969606], [-123.71163599979509, 41.61354500010945], [-123.71175499962075, 41.61301299966711], [-123.71162900012237, 41.612481000210124], [-123.71173899972726, 41.611674999983286], [-123.71182699959078, 41.611046000218856], [-123.711784999758, 41.61057900012972], [-123.71135999961054, 41.609561999687635], [-123.7114269995577, 41.60891799983546], [-123.71192200002535, 41.608330000254945], [-123.71251200002924, 41.60787100032248], [-123.7131570002847, 41.6073969998227], [-123.71363900033353, 41.607211999679045], [-123.71442199978296, 41.60706800000604], [-123.7148829999154, 41.60692400001168], [-123.71576199962429, 41.60685300003608], [-123.71610599958089, 41.60654700015544], [-123.7161070003041, 41.60619200010849], [-123.71610899995392, 41.60540999981665], [-123.71625000041924, 41.60508799978653], [-123.71659400037582, 41.60472599989065], [-123.71705700015809, 41.60393699999976], [-123.71733699964227, 41.60342100002508], [-123.71752099976528, 41.6028409996736], [-123.71742700005393, 41.60218000029197], [-123.71748200030554, 41.60185700004502], [-123.71778299970609, 41.60146300033541], [-123.71806300008858, 41.60100399991608], [-123.7182260002952, 41.60044799975979], [-123.71854900033541, 41.59990000017145], [-123.71879700003251, 41.599264000002705], [-123.71852199967289, 41.598417000153205], [-123.71844800005303, 41.59796500018163], [-123.71851400017528, 41.597642999947475], [-123.7187619998724, 41.59703100005614], [-123.71900100024699, 41.5961610001013], [-123.71917399960105, 41.59561299971597], [-123.71908900011056, 41.59525799997674], [-123.7185769999245, 41.59482999987697], [-123.71833099987718, 41.594652000283894], [-123.71764999963669, 41.59330500026062], [-123.71707399987653, 41.59270099975062], [-123.71622000028201, 41.591787999868494], [-123.71601799971731, 41.59142500022921], [-123.71567499958564, 41.59131200004886], [-123.7149880003957, 41.591842999676516], [-123.71415099962132, 41.5921879997241], [-123.71369100021208, 41.59217100016027], [-123.71283500006942, 41.59199299995301], [-123.71250199998349, 41.59223399990467], [-123.71238200033291, 41.59277399989451], [-123.71213399973746, 41.593322000197645], [-123.71147900033455, 41.593869000207896], [-123.71029900032681, 41.59418899978304], [-123.70913199983951, 41.59429200029344], [-123.70840299991846, 41.59446000022532], [-123.70805899996188, 41.59466899986617], [-123.7072019999943, 41.59490999990409], [-123.70693199965756, 41.59533699982458], [-123.70653499999753, 41.59569100015779], [-123.70535599981469, 41.59579400028674], [-123.70415700043867, 41.59571099973912], [-123.70308700003575, 41.595508000005935], [-123.70232700015256, 41.595231999665515], [-123.70102999996895, 41.59543999984664], [-123.70006599987121, 41.59547100032333], [-123.69886599977197, 41.59571799992704], [-123.69874799977123, 41.5955970000271], [-123.69902800015372, 41.59525900029853], [-123.69930900036111, 41.59466299989555], [-123.6989140003509, 41.59420299981639], [-123.69900100038952, 41.59384799971213], [-123.69913199991078, 41.59324400025216], [-123.69887599981774, 41.59285700018789], [-123.69856700002124, 41.59252600008192], [-123.69840800001259, 41.59214700001751], [-123.69812199978232, 41.591291999776374], [-123.69758700003004, 41.590943999820745], [-123.69684800006324, 41.590950999853796], [-123.69609700040088, 41.59125600007646], [-123.69492999991361, 41.591407000082924], [-123.69392099961003, 41.591825000318636], [-123.69293300012126, 41.59253999980412], [-123.69171100028069, 41.59275600012443], [-123.69106799967504, 41.592891999980125], [-123.69003699963017, 41.59338199978158], [-123.68912500030935, 41.59392800028453], [-123.68785800026293, 41.594603000158756], [-123.68695799973936, 41.59481099967963], [-123.6857369997237, 41.594727999883375], [-123.68458000018049, 41.594749999750746], [-123.68403399965923, 41.5947009997], [-123.68354199956464, 41.59461999975394], [-123.68308100033047, 41.594698999710836], [-123.682588000411, 41.594843999771335], [-123.68231999972409, 41.59487499986246], [-123.68220300044652, 41.59456100030983], [-123.68263500026666, 41.593690999980126], [-123.68299099991881, 41.59317599972316], [-123.68347600034072, 41.5922169996811], [-123.68343699998263, 41.591370999775286], [-123.68304399962227, 41.590491000195655], [-123.68268299994725, 41.589819999929894], [-123.68266500040387, 41.589786999957155], [-123.681518999833, 41.58766300031198], [-123.68136599967212, 41.58705399986224], [-123.68134499975575, 41.58674099967335], [-123.68153800009955, 41.58653199989581], [-123.68207200002696, 41.58625099985522], [-123.6826100001523, 41.586034000149056], [-123.68318699973739, 41.586074999706675], [-123.68366999961115, 41.58614000027932], [-123.68417199975148, 41.58602100015279], [-123.68455199969308, 41.585736999839696], [-123.6851149999328, 41.58553800019375], [-123.68570699958649, 41.58553800019375], [-123.6863059998112, 41.58572500025318], [-123.68683300006589, 41.585636999857925], [-123.68789400024797, 41.58512300032972], [-123.68823800020454, 41.58479099972743], [-123.68843300019824, 41.58403299994851], [-123.68867000002467, 41.58332899984097], [-123.68887400023917, 41.58270399997476], [-123.68909500017213, 41.58206799969461], [-123.68892899959246, 41.58128900032625], [-123.68857799996317, 41.58038599979943], [-123.68795699999716, 41.57984100022937], [-123.68758100025352, 41.579583000190105], [-123.68721999968018, 41.579149000252244], [-123.68678200001226, 41.57885799995335], [-123.68588599968663, 41.57836399980123], [-123.68557600006524, 41.57804199990146], [-123.68545100039177, 41.5775899997211], [-123.68549300022455, 41.57720900014786], [-123.68548300017882, 41.576778000193045], [-123.68498799971117, 41.57602099971062], [-123.68485299999197, 41.57557200003521], [-123.68481000033427, 41.57510899978763], [-123.68477099997618, 41.57482499986736], [-123.68472900014339, 41.574518000037365], [-123.68463200005901, 41.574209000140435], [-123.68424399972152, 41.57408099973052], [-123.68379400035803, 41.57353200009894], [-123.68310499972164, 41.57293100007563], [-123.68152700022893, 41.57196400031223], [-123.68153399990163, 41.57177199998576], [-123.68182099995681, 41.5716589996843], [-123.68245699999142, 41.57134900020357], [-123.68367600035724, 41.570375000033536], [-123.68391700038167, 41.570079999695544], [-123.68384100021369, 41.56963199976583], [-123.68369300007568, 41.56898800001066], [-123.68378199976414, 41.56880899967953], [-123.68433900015604, 41.56855099992915], [-123.68456400028695, 41.56842499986412], [-123.6851230003287, 41.568202999727745], [-123.68552699966145, 41.56797799995559], [-123.6861650002442, 41.56773800027578], [-123.68644999975123, 41.56770000005991], [-123.68701899983871, 41.567617999765524], [-123.68758799992621, 41.56698499971958], [-123.6877689996762, 41.56584499980684], [-123.68795100014937, 41.56448700030115], [-123.6881369999222, 41.564026000180036], [-123.68852400043482, 41.56373199989124], [-123.68875899971313, 41.563546000142495], [-123.68900599958533, 41.563335999760966], [-123.68902099965396, 41.56331799985018], [-123.68911799973831, 41.56319600024769], [-123.6894030001437, 41.5628390000824], [-123.6893620001358, 41.56253299990716], [-123.68912699995919, 41.562256999758276], [-123.68878499965243, 41.56196499981755], [-123.68864699956015, 41.561805000027086], [-123.68925199963265, 41.5607560001579], [-123.69012299984392, 41.55977500021532], [-123.69053999959542, 41.559453999944104], [-123.69130299985166, 41.5590109999855], [-123.6919310003887, 41.55850099982191], [-123.6931830003665, 41.55751500010369], [-123.693888999823, 41.556993000015055], [-123.69401000019683, 41.55636399973791], [-123.69399000010533, 41.555825000043164], [-123.6933950000786, 41.55480800001609], [-123.6930650003657, 41.554218999985615], [-123.69273599957944, 41.55355699993888], [-123.69256599970012, 41.55304899969636], [-123.69263099999743, 41.55277499999373], [-123.69276099969379, 41.55257399967701], [-123.69388700017319, 41.55185799970779], [-123.69304100007626, 41.55209099967159], [-123.69191600032008, 41.55234699997918], [-123.69128399958511, 41.55244200019254], [-123.69024599986756, 41.55232000022565], [-123.68976700019178, 41.55180300013048], [-123.68970400044257, 41.55135899983666], [-123.6898130002225, 41.550786999681065], [-123.68968799965073, 41.54991600017385], [-123.68945400019732, 41.549513000273976], [-123.68896299992764, 41.549285999911575], [-123.6877229996454, 41.54884899970035], [-123.6868060003017, 41.54801699972326], [-123.68629300029072, 41.54733800009475], [-123.68617799976468, 41.54670899998739], [-123.68612699971105, 41.54617699996944], [-123.68592599986961, 41.54560399993562], [-123.68542499955417, 41.54506299975701], [-123.68483899974824, 41.54436900019128], [-123.68405899977358, 41.54388399984847], [-123.68294900008603, 41.543204999845905], [-123.68254300020516, 41.54305100006643], [-123.68223199986052, 41.543203000279], [-123.68174899998678, 41.54362200031105], [-123.68131999964137, 41.54382199977666], [-123.68045199980313, 41.54401399978431], [-123.67934899978829, 41.54410099996773], [-123.67794700002266, 41.54413800017257], [-123.67694100009217, 41.54416100023473], [-123.67635299973813, 41.54413500019311], [-123.6757319997721, 41.544038000333444], [-123.67501600026984, 41.54382699999068], [-123.67450400008374, 41.543502999844684], [-123.67416199977698, 41.54337400000704], [-123.67390499985905, 41.54334099983521], [-123.67375500007122, 41.54344499987137], [-123.67373699962957, 41.543459000147905], [-123.67329300011384, 41.54362399986505], [-123.67298400031737, 41.543767000086156], [-123.67251200031428, 41.543912000208415], [-123.67215900013687, 41.54397499996548], [-123.67191300008956, 41.54396600000392], [-123.6717470004082, 41.543735999665444], [-123.67172399994368, 41.5437490001039], [-123.67146200000285, 41.54389400026658], [-123.67109499958174, 41.54401599999849], [-123.6709520003649, 41.5440629999716], [-123.67058199957073, 41.54411500010224], [-123.67049999955499, 41.544127000023025], [-123.67003400029797, 41.54408600006038], [-123.66981199964182, 41.54393900011181], [-123.6696929998161, 41.54373199989199], [-123.66968500031852, 41.543680000125654], [-123.66963199971676, 41.54335500013427], [-123.66953499963236, 41.54304100019031], [-123.6695229999368, 41.543022000219736], [-123.66938400001963, 41.54280300026186], [-123.66935499970732, 41.542804999841145], [-123.66921199959218, 41.542814999753766], [-123.6689930002074, 41.54260599971209], [-123.66898399998655, 41.54254399975963], [-123.66898099961351, 41.54252500031535], [-123.66896100042034, 41.54239299981104], [-123.66894399980359, 41.542283999767086], [-123.6687620002287, 41.542139000028335], [-123.6684729996254, 41.54213800022842], [-123.66822699957811, 41.54216999986994], [-123.66783099974297, 41.542289999897676], [-123.66751000025093, 41.542216999840086], [-123.66708199973041, 41.54206299972469], [-123.66673000027623, 41.541877000144176], [-123.66651699984091, 41.54173099968655], [-123.66618499957988, 41.54164200006099], [-123.66565900004842, 41.541417999736076], [-123.66563099956102, 41.54139999977237], [-123.6655650003371, 41.541355999989335], [-123.66539700010762, 41.54131900020971], [-123.66514199983949, 41.54130599995503], [-123.6649300001274, 41.54129599980905], [-123.66479399968493, 41.541273999885895], [-123.66470599982138, 41.541258999995144], [-123.6644239997891, 41.541204000141754], [-123.6641500001527, 41.54116199985545], [-123.66383399978521, 41.54112499996487], [-123.6635800002403, 41.5410849999321], [-123.66350800027028, 41.54107399993557], [-123.66233900013317, 41.5408920001492], [-123.66175800035013, 41.54056099997486], [-123.66155499996054, 41.540495999930464], [-123.6613199997839, 41.54048000003369], [-123.659932000262, 41.539832000214005], [-123.65892799998133, 41.53933800020049], [-123.65836200026689, 41.53910300030414], [-123.65756100037581, 41.53883600029556], [-123.65676999963216, 41.53861499990039], [-123.65641700035306, 41.53861599975478], [-123.65601200029711, 41.538622000225715], [-123.65588699972534, 41.53862399993427], [-123.65551900037761, 41.53863100025862], [-123.65513400041316, 41.53861499990039], [-123.65485499985556, 41.53867200031799], [-123.65472699980904, 41.53882499991648], [-123.6546609996868, 41.53890500006343], [-123.65417899963795, 41.53912100023485], [-123.65381399976498, 41.5392489999711], [-123.65336299967827, 41.53939300029613], [-123.65305300005687, 41.53942499995125], [-123.65279600013893, 41.53939099993895], [-123.65263600030536, 41.53927800016507], [-123.65253800039605, 41.53918800000758], [-123.65219899956402, 41.538874999851814], [-123.65145299992454, 41.538423999857145], [-123.65126100030392, 41.53821399988379], [-123.65098400029449, 41.538068999760384], [-123.65072700037655, 41.53794800010411], [-123.64989799999806, 41.5368929997338], [-123.64917599974969, 41.53602299988185], [-123.64828000032239, 41.53526600001552], [-123.64804599997066, 41.535024000075246], [-123.64826400042887, 41.53433300012188], [-123.64828199997221, 41.5338600003043], [-123.64770100018916, 41.53330700014226], [-123.64717399993447, 41.53275699979478], [-123.64716100041399, 41.532752000069706], [-123.64693399973496, 41.53250700029167], [-123.64675200016006, 41.53213700000707], [-123.64680200038879, 41.53172399997245], [-123.64683800037379, 41.531422000303664], [-123.64689199990215, 41.530262000207294], [-123.64689799974995, 41.53007399966602], [-123.64689799974995, 41.53005399993399], [-123.64689899957487, 41.530024000324346], [-123.64688400040455, 41.52957099982041], [-123.64687699983355, 41.52948700025128], [-123.64688299968134, 41.529384999955276], [-123.64688900042742, 41.529359000025536], [-123.64688299968134, 41.5293430000636], [-123.6468810000315, 41.529315000120604], [-123.64688000020658, 41.529275000181094], [-123.64685799956698, 41.52915900021661], [-123.64683500000076, 41.52903600002707], [-123.64682999997787, 41.52900899995417], [-123.64682599977992, 41.528985999883204], [-123.64680700041166, 41.52888800016159], [-123.64665000005283, 41.528571999897075], [-123.6466359998091, 41.528544000292975], [-123.6466259997634, 41.528524000087955], [-123.64661499989275, 41.52850099984452], [-123.64660800022003, 41.52848699969235], [-123.64632500036282, 41.52791899970634], [-123.6463169999669, 41.5279050001007], [-123.64571699991725, 41.526862999815386], [-123.64570000019883, 41.5268330000711], [-123.64567599990941, 41.52679099986769], [-123.6454790002659, 41.5264489996945], [-123.64540800012078, 41.52629599973965], [-123.645402000273, 41.52628299982792], [-123.64511799969256, 41.52567000024825], [-123.64494100014056, 41.525277999883], [-123.64469300044344, 41.52485100018144], [-123.6445150001682, 41.524555999867914], [-123.6445079995972, 41.5245359997752], [-123.64449500007672, 41.5245020000069], [-123.64448099983301, 41.524466000074455], [-123.64445200041901, 41.5243899998525], [-123.64436500038036, 41.524161999996046], [-123.64431400032676, 41.524031999836225], [-123.64408099979995, 41.523669000102444], [-123.64353699982681, 41.52340299969392], [-123.64279100018733, 41.52300499981677], [-123.64261999958477, 41.52269900007171], [-123.64274099995859, 41.52250399969686], [-123.64297699996014, 41.52238799969869], [-123.64299799987656, 41.522377999990596], [-123.64302700018888, 41.52236399985867], [-123.6430380000595, 41.52235900000297], [-123.64305899997593, 41.52234999972366], [-123.6435219997582, 41.52214200024371], [-123.64421800006728, 41.521723000276644], [-123.64504499989762, 41.52100500011074], [-123.64518600036293, 41.52057600019364], [-123.64513399958608, 41.520366000119296], [-123.64508400025568, 41.52031800027569], [-123.6451009999741, 41.52028599991173], [-123.64511799969256, 41.52023500026587], [-123.6451210000656, 41.52022599969115], [-123.64520100043154, 41.519980000088474], [-123.64522999984557, 41.519881000033685], [-123.64539200022726, 41.51979099979132], [-123.64557399980214, 41.51968999982612], [-123.64581300017673, 41.519004999798355], [-123.64584699961361, 41.51850599998066], [-123.64577999966647, 41.51844499996143], [-123.64574799987942, 41.51841599984392], [-123.64563699955133, 41.518315999918876], [-123.64576100029821, 41.51741800005809], [-123.64585800038259, 41.51661500022747], [-123.64586900025324, 41.51655600016198], [-123.64587199972797, 41.516540999920146], [-123.64595499956867, 41.51609799986504], [-123.64596499961438, 41.51604399967225], [-123.64603800030764, 41.51578899979744], [-123.64614200006471, 41.51542600023676], [-123.64615799995823, 41.51526399985919], [-123.64615899978315, 41.51525099974907], [-123.64621099966169, 41.51470599971527], [-123.64629799970032, 41.51455900025826], [-123.6462249999054, 41.51433899988899], [-123.6461989999661, 41.514261000092176], [-123.64612500034626, 41.514039999821044], [-123.64619300011834, 41.51321700023123], [-123.64613200001897, 41.51242000028752], [-123.64592000030684, 41.51204899989369], [-123.64549299961129, 41.511724999991635], [-123.64488900026201, 41.510578999920476], [-123.6445079995972, 41.5096270001828], [-123.64411400031022, 41.50926399970098], [-123.64263999967626, 41.50869599982945], [-123.64094400018277, 41.50767699993532], [-123.6407419996181, 41.507370000033795], [-123.64064100023407, 41.50623300006508], [-123.64077299958024, 41.50541900005858], [-123.64086299999192, 41.50498799968923], [-123.64086800001479, 41.50496600020063], [-123.64089300012914, 41.504846000228525], [-123.64089800015203, 41.504760000100525], [-123.64098600001557, 41.50327599989551], [-123.64077699977818, 41.50208999969744], [-123.64027999966073, 41.50193999993121], [-123.64022600013239, 41.501678000053225], [-123.64013700044393, 41.5016549996872], [-123.63987499960477, 41.5009120001129], [-123.63986399973412, 41.5008800002467], [-123.63953999986904, 41.499952999719405], [-123.6395239999755, 41.499868000274084], [-123.63943399956382, 41.499389999859424], [-123.63939900030203, 41.49913200026964], [-123.63934499987538, 41.498726999904484], [-123.63930399986748, 41.4979890000978], [-123.63911300007177, 41.497214999667804], [-123.63908600030759, 41.497156000087514], [-123.63891600042827, 41.49678799985012], [-123.63879000003159, 41.49651600032007], [-123.63855400003003, 41.49616099971974], [-123.63854300015936, 41.49614399978619], [-123.63838499997561, 41.49590499973394], [-123.6383399997698, 41.49580599986503], [-123.63820400022566, 41.495505999807094], [-123.6381079999662, 41.49540200008171], [-123.63802799960025, 41.49531499967202], [-123.63648199989461, 41.49327500028388], [-123.63575100032371, 41.49185300012974], [-123.63584800040809, 41.490919000163046], [-123.63592799987573, 41.489599999951324], [-123.6360319996328, 41.48905100020567], [-123.6354750001392, 41.488184000314405], [-123.63516299996967, 41.48667900015011], [-123.63446300036094, 41.48607500026865], [-123.63443999989639, 41.48539799990598], [-123.63484900015028, 41.48467699990456], [-123.63540300016916, 41.48369600006991], [-123.6377709996823, 41.48238199976717], [-123.63748500035034, 41.48224300002671], [-123.63552799984265, 41.48128900015824], [-123.6346230001945, 41.480065999996064], [-123.63387699965668, 41.47904599975581], [-123.63233400032406, 41.47795800033558], [-123.63220299990451, 41.47786500000855], [-123.63205499976652, 41.47776100023022], [-123.63056699978718, 41.47712300025446], [-123.63106399990464, 41.4755730000386], [-123.63112099980603, 41.47539400024456], [-123.63154299958046, 41.474235999925426], [-123.63240799994392, 41.47346000003156], [-123.63083399975085, 41.47275700001976], [-123.62989599959245, 41.47179399994058], [-123.62849499965174, 41.47001199983409], [-123.62692300000683, 41.468342000260755], [-123.6265070000802, 41.46745400011675], [-123.62662199970794, 41.466793999999055], [-123.6261699997963, 41.46682700016452], [-123.62496999969706, 41.46673200011194], [-123.62414500041487, 41.46622799985041], [-123.62272500020758, 41.46477199967627], [-123.62144700029054, 41.463905000094265], [-123.62043999963683, 41.463711999696834], [-123.62024499964316, 41.46367400029034], [-123.6201919999397, 41.46366400026567], [-123.61989999986166, 41.46366000025537], [-123.61960399958566, 41.463654999905586], [-123.61856800041625, 41.4637310000649], [-123.61802000024515, 41.4637719997773], [-123.61794400007717, 41.46374799975178], [-123.61690800000947, 41.46364400021171], [-123.61594300008687, 41.46321200023328], [-123.61512700012716, 41.46253700005907], [-123.61377999971482, 41.46243600032426], [-123.61178999959515, 41.46212700001881], [-123.61162700028687, 41.46157099987197], [-123.61201599955098, 41.46028699967271], [-123.61209799956673, 41.459681999821775], [-123.61243599967557, 41.45876699981784], [-123.61248500007936, 41.458609999827054], [-123.61258299998863, 41.4582939998811], [-123.6130580003648, 41.457148000331266], [-123.61394200009654, 41.4565010001277], [-123.61375700014861, 41.455889000121275], [-123.61398499975425, 41.45510600017796], [-123.61487799970685, 41.45347900026865], [-123.61592200017047, 41.45296099968893], [-123.6155039996957, 41.452385000249336], [-123.61549700002303, 41.45237599967045], [-123.61537800019734, 41.45221200012493], [-123.61434899980233, 41.451116999751015], [-123.61400099964779, 41.45089899974486], [-123.61397800008157, 41.450885000318614], [-123.61387299960127, 41.45081999976875], [-123.6133970002985, 41.45052400031522], [-123.61239499966767, 41.448953999915325], [-123.61313600018259, 41.44809000001046], [-123.61530000037953, 41.44644700030325], [-123.61560400015317, 41.445687000228276], [-123.61563699976509, 41.44554699997005], [-123.61566699990233, 41.44540099972527], [-123.61580300034475, 41.44479099995474], [-123.61601699970672, 41.44467800001783], [-123.61618099973826, 41.44459200015451], [-123.61667700003079, 41.44432900006095], [-123.61719500006465, 41.44352199987181], [-123.61817400023095, 41.442969999769744], [-123.61869300008973, 41.44163500010942], [-123.61939299969845, 41.439612999929], [-123.61940299974421, 41.43955000028318], [-123.61946800004152, 41.43905700006641], [-123.61969200034751, 41.43836400004932], [-123.62018600009192, 41.43722000010053], [-123.62106999982367, 41.43576799967144], [-123.62213900040169, 41.43463400022294], [-123.62172400029998, 41.433053999873884], [-123.62200899980702, 41.4326350000877], [-123.6261539999028, 41.43122099972146], [-123.62907700015802, 41.430320999706574], [-123.62928200019742, 41.430227000247136], [-123.62960699988744, 41.430127000228524], [-123.6300889999363, 41.43000600022232], [-123.63303499975775, 41.428307999860166], [-123.6340530002821, 41.42816900004169], [-123.6377919995987, 41.4280959999452], [-123.63834200031793, 41.42753799999272], [-123.63872200025953, 41.42712700011484], [-123.63922100002681, 41.42704099989481], [-123.63998500010797, 41.42690999989681], [-123.64064799990678, 41.42650699997336], [-123.6406560003027, 41.42648500010945], [-123.64066600034845, 41.42645700014941], [-123.64067100037131, 41.42644399973085], [-123.64070800018123, 41.426342999706264], [-123.64096599992409, 41.42620600020883], [-123.6422339997954, 41.42566700024541], [-123.64372799962251, 41.424709999691814], [-123.64587299955288, 41.42301600007946], [-123.64708400042109, 41.42194399980728], [-123.64855999980654, 41.42082300023097], [-123.64763000004405, 41.419377000243564], [-123.6448110004442, 41.418181000294275], [-123.64301600031821, 41.416460000291856], [-123.6420150004106, 41.41565799987549], [-123.64134500004076, 41.414599000179486], [-123.64117900035943, 41.41380400003567], [-123.64110400001637, 41.41357700009861], [-123.64103899971902, 41.413341000112375], [-123.64042399960077, 41.412193999782076], [-123.63902900040618, 41.41001700014212], [-123.63917599982096, 41.40853600026655], [-123.63891300005524, 41.407365999855145], [-123.63919799956228, 41.406747000248586], [-123.64173599985301, 41.404425999712686], [-123.64164799998949, 41.40018799986609], [-123.64485999994969, 41.39860400032034], [-123.64579100043542, 41.39843299969544], [-123.64625599986753, 41.39815399990883], [-123.64627000011122, 41.39814499989575], [-123.64713700012454, 41.3976199996728], [-123.6475630000969, 41.397554999690286], [-123.64762900021913, 41.397546000268186], [-123.6534210003029, 41.39620999982209], [-123.65600499972608, 41.395307000334775], [-123.65575700002896, 41.39378399993367], [-123.65622300018431, 41.391447999844296], [-123.65566999999035, 41.39030599980639], [-123.6555610002104, 41.38991399994982], [-123.65547599982158, 41.38959899992882], [-123.65539399980582, 41.38912700013854], [-123.65538700013312, 41.38911400033568], [-123.65537600026246, 41.3890320002234], [-123.65540899987444, 41.388819000015566], [-123.65542300011812, 41.38872800023607], [-123.65543399998879, 41.388655999764865], [-123.65543700036183, 41.38863600018144], [-123.65543999983657, 41.38862099998438], [-123.65544499985944, 41.388588999956745], [-123.6554699999738, 41.38842999973345], [-123.65575500037917, 41.38790700021491], [-123.65652000028523, 41.38747599966353], [-123.6565339996306, 41.38746799968572], [-123.65655200007228, 41.38745800004904], [-123.65678800007383, 41.38732500008457], [-123.65698600044055, 41.38715599978286], [-123.65699999978592, 41.38714399975674], [-123.65720599965026, 41.38696799979252], [-123.65723699961238, 41.3869439996686], [-123.65787900039312, 41.38643599968488], [-123.65842800038914, 41.38624000017969], [-123.65903500011144, 41.38586200004322], [-123.66037699960259, 41.38502100020608], [-123.66136300033992, 41.38208999978086], [-123.66089499963644, 41.382094999675175], [-123.66087899974292, 41.382094999675175], [-123.65983299962947, 41.38210399988833], [-123.65978800032194, 41.38210399988833], [-123.65954700029752, 41.38210599971087], [-123.65923000010511, 41.382108999781565], [-123.65829299977159, 41.382116999744696], [-123.65826900038046, 41.382116999744696], [-123.65822599982445, 41.38211799999279], [-123.65801499993725, 41.38212100006294], [-123.65800099969354, 41.38212100006294], [-123.64826100005581, 41.38220999983389], [-123.64797599965044, 41.38221200032715], [-123.64624499999687, 41.382242999877036], [-123.64500499971466, 41.38226600014231], [-123.6372059997928, 41.38233599978599], [-123.63719400009721, 41.38233599978599], [-123.63698300021001, 41.38233800027542], [-123.63553799988841, 41.38235100008501], [-123.6283709998032, 41.382393000229754], [-123.62620599978133, 41.382348000025466], [-123.6223660001824, 41.382127000202765], [-123.62197899966979, 41.38211499992251], [-123.62135500022903, 41.38208300006304], [-123.6207900003395, 41.38208400031166], [-123.60626100017544, 41.38225000025167], [-123.6060550003111, 41.382253999887695], [-123.60112500021779, 41.38228699990851], [-123.59701799975684, 41.38223499992941], [-123.5827360003633, 41.382249000005615], [-123.56440699988494, 41.38226600014231], [-123.56428200021148, 41.38226600014231], [-123.5585329997854, 41.38226999977735], [-123.55505200021167, 41.38225599970562], [-123.55502299989932, 41.38225599970562], [-123.55500199998296, 41.38225599970562], [-123.54744099971244, 41.38228300027457], [-123.5341300000893, 41.38236300032172], [-123.533996000195, 41.38236399989199], [-123.52876999982566, 41.38239600028722], [-123.52833200015775, 41.38239899967051], [-123.52678499972887, 41.3824079998416], [-123.52644599979514, 41.38241000032881], [-123.52638499969576, 41.38241000032881], [-123.52624999997657, 41.38241099989837], [-123.5227760000755, 41.382431000048506], [-123.51937199959636, 41.38245300000442], [-123.5193409996342, 41.38245300000442], [-123.51880099985905, 41.38245600005906], [-123.51847199997108, 41.382457999870766], [-123.51843500016116, 41.382457999870766], [-123.518396999628, 41.38245900011361], [-123.5183670003891, 41.38245900011361], [-123.51805000019668, 41.38246099992523], [-123.51750799987339, 41.38246399997956], [-123.51749500035291, 41.38246399997956], [-123.5163699996984, 41.3824710003304], [-123.51515700007872, 41.382479000248985], [-123.5126799998873, 41.38249500008329], [-123.50429199978647, 41.38254699985454], [-123.50117000023792, 41.382566999962854], [-123.49988300010004, 41.382255000133675], [-123.49982600019864, 41.382261000261146], [-123.49964600027357, 41.38228000021189], [-123.49956799955747, 41.38228699990851], [-123.49950900000623, 41.382293000033066], [-123.49946200015056, 41.38229799991173], [-123.4994350003864, 41.38230099997357], [-123.50019299972143, 41.38139100026057], [-123.50025700019386, 41.38120900000314], [-123.50028499978293, 41.381130000147664], [-123.50037099999666, 41.380886999751695], [-123.50037099999666, 41.3808649999401], [-123.50037000017176, 41.380743000236976], [-123.50037000017176, 41.380621000304984], [-123.50037000017176, 41.38053999986459], [-123.50037000017176, 41.3804600002709], [-123.50037000017176, 41.38041599967734], [-123.49992199955979, 41.380048999770715], [-123.4998739998792, 41.38002100001606], [-123.4997809999928, 41.379955999961346], [-123.49968800010637, 41.379890999841706], [-123.4994649996253, 41.379780999698646], [-123.49900299966792, 41.379566000291106], [-123.49877800043535, 41.379339999671174], [-123.49855400012937, 41.37911299999374], [-123.4984799996112, 41.379052999833775], [-123.498457000045, 41.37904700008434], [-123.49837000000636, 41.378986999863486], [-123.49828299996771, 41.37892700026135], [-123.49827100027214, 41.37890499978667], [-123.49824000031, 41.37890400016323], [-123.49819099990621, 41.37888699982173], [-123.4981349998297, 41.37886800022781], [-123.49800000011048, 41.37882099968304], [-123.49796400012548, 41.378807999841825], [-123.49768799994096, 41.37871200005278], [-123.49759500005456, 41.37867999986698], [-123.49748200007663, 41.3786459997365], [-123.49716400005931, 41.37855200031418], [-123.49684600004201, 41.378458999712336], [-123.49670999959957, 41.37841800002805], [-123.49657300023054, 41.37837700031791], [-123.4964939996895, 41.378352999719354], [-123.49647399959802, 41.378346999905354], [-123.49644500018402, 41.37833799984631], [-123.4963170001375, 41.37830000033216], [-123.4962689995586, 41.378286000079854], [-123.49624799964222, 41.37828000025966], [-123.4962040001596, 41.37826700031035], [-123.49609100018169, 41.37823400027181], [-123.49597800020378, 41.37819999990818], [-123.49586400040096, 41.37816600020084], [-123.49572299993564, 41.378124000022396], [-123.49558200036866, 41.37808199981683], [-123.49523000001615, 41.37794200005907], [-123.49487900038686, 41.37780300031442], [-123.4947839999523, 41.37776499981362], [-123.49468900041606, 41.3777280002803], [-123.49423800032937, 41.37754999980827], [-123.49370199985385, 41.37745099989916], [-123.49363400008177, 41.377464000011564], [-123.49351000023323, 41.37748600029954], [-123.49332399956207, 41.37751999968832], [-123.49318800001795, 41.3775450002386], [-123.49312500026876, 41.37755700001399], [-123.49307500004002, 41.377566000181154], [-123.49240499967021, 41.377691000051904], [-123.49155500027365, 41.37789500019322], [-123.49119799989828, 41.37792999968064], [-123.49052699970355, 41.37789900009703], [-123.48979299975963, 41.37774700020724], [-123.4894110001682, 41.37767000014972], [-123.48832999989465, 41.37718200025663], [-123.4881430002969, 41.37712299998829], [-123.48811999983236, 41.3771090001567], [-123.48783100012734, 41.3769340003222], [-123.48730499969757, 41.37653299975408], [-123.48649799995873, 41.37579699986812], [-123.48587100014491, 41.374848000282604], [-123.48562599992253, 41.37419499995377], [-123.48506400040607, 41.373920000105095], [-123.48456200026571, 41.372933999861665], [-123.48427299966241, 41.37287299967839], [-123.4812309995815, 41.372103999722775], [-123.48101399984651, 41.37198600003233], [-123.48006900001539, 41.370731999855835], [-123.479535000088, 41.37022999985583], [-123.47900100016065, 41.36975300020157], [-123.47833900018674, 41.36925300028069], [-123.47553300010738, 41.367480999666974], [-123.47475899998048, 41.366725000257475], [-123.474085000311, 41.366192999727126], [-123.47438300023684, 41.36508399976189], [-123.47487500033144, 41.36453800013236], [-123.47597499997325, 41.36346099987506], [-123.47716599985168, 41.362099999831266], [-123.47826600039181, 41.36095800019179], [-123.47838100001952, 41.360351999775695], [-123.47863499956442, 41.35967899986012], [-123.47865700020405, 41.35954700031966], [-123.4792160002458, 41.35617299968059], [-123.47967300018028, 41.35555500010183], [-123.48023999971964, 41.35504799971254], [-123.4811739996801, 41.35469000027354], [-123.48195100018002, 41.35451900013856], [-123.48212899955696, 41.35434000022193], [-123.48235899971071, 41.354087000174545], [-123.48251000022178, 41.353649999983446], [-123.48148900022268, 41.34865699986798], [-123.48004999974881, 41.34469099995255], [-123.47939299979781, 41.342861000098594], [-123.47846200021037, 41.34075999984249], [-123.47836699977582, 41.340309999783216], [-123.47847300008104, 41.339759999834676], [-123.47881399966458, 41.339159000184296], [-123.47933400024657, 41.33796799983772], [-123.47929999991139, 41.33626700022449], [-123.47917400041301, 41.33587400020379], [-123.47941000041455, 41.334322999750995], [-123.47908900002419, 41.33221399991744], [-123.47889999987831, 41.330806000045115], [-123.47864100031055, 41.32964799982532], [-123.4782239996607, 41.328596999926425], [-123.47795800042023, 41.32813200017795], [-123.47747999967102, 41.32775099983845], [-123.47421699965717, 41.32651699984089], [-123.4740009997471, 41.326373999836726], [-123.47364699974479, 41.32579000018015], [-123.4734230003371, 41.325309000236665], [-123.47296399985447, 41.32427399981488], [-123.47254999957771, 41.321771999757196], [-123.47247099993498, 41.32154699996819], [-123.47226500007066, 41.32139699967727], [-123.46968800032016, 41.320267000061584], [-123.46899100018616, 41.32011399996764], [-123.46848599967278, 41.319999000035374], [-123.46829200040234, 41.319897000043035], [-123.46740799977225, 41.319520000246804], [-123.46700100006649, 41.3194689998957], [-123.46664799988906, 41.31943300013977], [-123.46543400044443, 41.319672999711194], [-123.46520699976539, 41.31950600016759], [-123.46477800031832, 41.31892300022451], [-123.46425199988855, 41.31845400007262], [-123.46344000012681, 41.317729999855274], [-123.46327299972222, 41.31739300014791], [-123.46218899997395, 41.315012000154994], [-123.46215200016402, 41.31479400017799], [-123.46187900035254, 41.31288799992438], [-123.4618629995607, 41.312621999853555], [-123.46169699987934, 41.312398000159526], [-123.45959200013195, 41.310238999669224], [-123.4596520004064, 41.30963600026074], [-123.45968400019345, 41.30930599999232], [-123.4597090003078, 41.30905399977907], [-123.45971400033069, 41.30899899992164], [-123.45982399993554, 41.30788099974431], [-123.45986199957039, 41.30779400029729], [-123.45986599976834, 41.30778399988803], [-123.45987400016426, 41.30776599982226], [-123.46023599966418, 41.30693900025312], [-123.46032500025098, 41.30673200022592], [-123.46033199992365, 41.306715999984554], [-123.46034100014448, 41.306694000068006], [-123.46038299997727, 41.3065969997954], [-123.46079399988103, 41.305654999973655], [-123.46033500029671, 41.303303999692794], [-123.45688300013695, 41.30028799991055], [-123.45678000020482, 41.29766499967533], [-123.45654300037833, 41.296562000040645], [-123.45634800038466, 41.295647999981234], [-123.45619799969855, 41.294944000294024], [-123.45612200042885, 41.294348999779295], [-123.45596800044308, 41.29377100021459], [-123.45575400018285, 41.29332300012096], [-123.45559799964892, 41.293058999733866], [-123.45547499962525, 41.2928190000502], [-123.45664899978523, 41.29059200015917], [-123.45699399956673, 41.29032199969216], [-123.45721299984986, 41.290143000196494], [-123.45788200039475, 41.290022999825986], [-123.45847800024642, 41.28913900030676], [-123.45890300039387, 41.288651000263755], [-123.4595469999261, 41.28834600015515], [-123.46058100034399, 41.28794000027264], [-123.4619460002997, 41.28683300012415], [-123.46324099993518, 41.2863379998201], [-123.46308899959922, 41.2855499999359], [-123.46313600035317, 41.285144000206046], [-123.4630939996221, 41.28511199992705], [-123.46303099987288, 41.28502600019648], [-123.46297999981927, 41.2848400002973], [-123.46294800003221, 41.284771999875225], [-123.46280999993996, 41.28454299972933], [-123.46278999984847, 41.2844510002315], [-123.46280099971912, 41.28429600033659], [-123.46279099967339, 41.28420099995773], [-123.46273999961976, 41.28410699984464], [-123.46262599981695, 41.28396600009615], [-123.46248000022707, 41.28373600008719], [-123.4623470001577, 41.28351199972187], [-123.46227600001257, 41.283340999721055], [-123.462108999608, 41.283061999894606], [-123.46204300038407, 41.28292999966273], [-123.46198399993452, 41.28277300003134], [-123.46188900039827, 41.28258899996539], [-123.46173899971213, 41.282352000187295], [-123.46164900019876, 41.2822809999267], [-123.46146400025084, 41.28221000026393], [-123.46141900004497, 41.28219300032372], [-123.46136200014361, 41.28217100023564], [-123.46134299987702, 41.282163999899225], [-123.46132100013571, 41.282155000044206], [-123.46130799971691, 41.282149999899204], [-123.46122300022641, 41.282116999742605], [-123.46077600033766, 41.281903999987286], [-123.45934600008466, 41.281220000018], [-123.45905999985438, 41.28106799987635], [-123.45862899985917, 41.280821999936194], [-123.45824999974248, 41.28062799992217], [-123.45801299991602, 41.280512999874766], [-123.45795000016683, 41.28047299972271], [-123.45791800037978, 41.28043700003746], [-123.4578770003719, 41.280352000008044], [-123.45781600027253, 41.28029100017277], [-123.45741200004147, 41.2800180002338], [-123.45736500018582, 41.279999000138645], [-123.45710599971972, 41.2799410000272], [-123.4570179998562, 41.27990899989711], [-123.45695900030496, 41.27986299993572], [-123.45690499987828, 41.27978199969016], [-123.4568449996038, 41.27960400010578], [-123.4568079997939, 41.27952899968424], [-123.4567790003799, 41.27950499977416], [-123.45670700040986, 41.279483999929965], [-123.45634900020958, 41.279460999803575], [-123.45617400030741, 41.279436999868494], [-123.45602100014654, 41.2794099998466], [-123.45570899997698, 41.27940299988911], [-123.45559199980113, 41.279385000091416], [-123.45535499997466, 41.279290999792025], [-123.45527399978378, 41.279275000244645], [-123.45511899997312, 41.279272000160326], [-123.45501799969077, 41.279259999821605], [-123.45489999969, 41.27922000025174], [-123.454835000291, 41.279186000159314], [-123.45468399977993, 41.279082999969745], [-123.454462999847, 41.27899200000784], [-123.45435200041722, 41.27891000022276], [-123.45396200042988, 41.27847500032358], [-123.45298499991338, 41.278240000095245], [-123.45185099993638, 41.277804999781225], [-123.45148600006341, 41.27748699978914], [-123.45021999984192, 41.27747200030535], [-123.44872400036498, 41.276829000019276], [-123.44681200006312, 41.276041000080184], [-123.44662200009232, 41.27591799986623], [-123.44518900036458, 41.274713000035526], [-123.44483500036225, 41.27410699995487], [-123.4448250003165, 41.27398699979968], [-123.44470700031573, 41.27392400032193], [-123.44464799986618, 41.273909000019366], [-123.44456099982756, 41.2738869998394], [-123.44453300023845, 41.27388099985041], [-123.44444200000184, 41.27386100010823], [-123.44437800042776, 41.27383600025305], [-123.44430899993246, 41.27379199983655], [-123.44425000038125, 41.27373299972248], [-123.44421000019827, 41.27368499968192], [-123.44419900032761, 41.2736719997774], [-123.44411200028898, 41.27356699988231], [-123.44408700017463, 41.273515000154646], [-123.44407799995379, 41.27349700008344], [-123.44406799990806, 41.273489000275255], [-123.44402799972505, 41.273460999926186], [-123.44399900031107, 41.27342000028552], [-123.44389999967854, 41.27335100022286], [-123.44387600028743, 41.27330299990142], [-123.44384600015019, 41.27325899980081], [-123.44381400036313, 41.27323399971508], [-123.44382600005872, 41.27322799966607], [-123.4445630003757, 41.27268799974891], [-123.44473699955465, 41.27178000029553], [-123.44495300036304, 41.2707360000506], [-123.44507100036378, 41.26824599978221], [-123.44479600000419, 41.267136999815904], [-123.44446100026842, 41.26701699967775], [-123.4444229997353, 41.26695900018461], [-123.4444169998875, 41.266949000266756], [-123.44374400004295, 41.26590499974534], [-123.44366600022512, 41.26584599993092], [-123.44359099988208, 41.26579900017797], [-123.44356800031586, 41.26576899988694], [-123.44352300010999, 41.26566800015639], [-123.44346899968332, 41.26558199978797], [-123.44340199973618, 41.26554499997937], [-123.44337999999487, 41.26552199966802], [-123.44335300023069, 41.26543799981258], [-123.44335700042866, 41.26540099992237], [-123.44340900030718, 41.26521700017515], [-123.44350600039157, 41.265109000126124], [-123.44355800027012, 41.264990999680755], [-123.44363199988994, 41.26475500017604], [-123.44369800001218, 41.26458699973425], [-123.44376400013442, 41.26449299973259], [-123.44377099980711, 41.264273999663494], [-123.44380000011945, 41.263971999855805], [-123.44379500009659, 41.26388199979953], [-123.44375800028666, 41.263710999688435], [-123.44373499982211, 41.26355699987646], [-123.44377300035526, 41.26327100022681], [-123.44379000007369, 41.26306300000179], [-123.44371599955552, 41.262752000166365], [-123.44349100032295, 41.26220799977643], [-123.44341500015497, 41.26210200028508], [-123.44323600005484, 41.26196200033654], [-123.44309299993972, 41.261835000326144], [-123.44305699995469, 41.26178799971204], [-123.4430300001905, 41.261730999697704], [-123.44300300042632, 41.261638999782875], [-123.44297499993893, 41.26143800029609], [-123.4429389999539, 41.261283999850825], [-123.4428479997173, 41.26105400027232], [-123.44275900002886, 41.26091799976465], [-123.44259800037037, 41.26076500020553], [-123.44242299956989, 41.26050799973782], [-123.44232399983566, 41.260403999697274], [-123.44219099976628, 41.260314000125845], [-123.44214100043588, 41.26026099987754], [-123.44210999957544, 41.26013700022432], [-123.4420510000242, 41.26001300033568], [-123.44208000033652, 41.2597030002593], [-123.4420579996969, 41.25905000008102], [-123.44208700000922, 41.258792000176115], [-123.44212600036725, 41.25862500004506], [-123.4423189998128, 41.25826200028897], [-123.44239300033095, 41.25808299997352], [-123.4423959998057, 41.25802299971653], [-123.44272499969367, 41.25731500008472], [-123.44282000012822, 41.256964000188894], [-123.44274899998311, 41.256531000225664], [-123.4426429996779, 41.255454999994136], [-123.44233300005651, 41.25438399984294], [-123.44231999963772, 41.25414600012606], [-123.44218900011644, 41.253694000069935], [-123.44198499990198, 41.25298900005634], [-123.44227699998, 41.252452999750325], [-123.44213999971265, 41.25139600020293], [-123.44284900044052, 41.25013199980075], [-123.4427759997473, 41.24947500015752], [-123.44369299998931, 41.24864999974817], [-123.44391899994513, 41.24857500023818], [-123.44398800044041, 41.24855300030258], [-123.44400699980868, 41.248528000213255], [-123.4440560002125, 41.24847499985713], [-123.44408700017463, 41.24844200023808], [-123.4442260000918, 41.248351000117566], [-123.44441500023768, 41.24827800014449], [-123.44473400007989, 41.2479670001503], [-123.44516099987716, 41.24752800027758], [-123.44524399971785, 41.247442000337024], [-123.44537699978726, 41.247289000280766], [-123.4457269995916, 41.24688799979738], [-123.44574500003326, 41.246864999669775], [-123.44602600024064, 41.24651100012021], [-123.44605399982974, 41.246469000137964], [-123.44615000008923, 41.246365000033585], [-123.44656900038886, 41.24604000007575], [-123.44663700016092, 41.24599100030347], [-123.44673099987227, 41.245943000132584], [-123.44687200033758, 41.245862999994486], [-123.44692500004102, 41.24583600027193], [-123.44697600009464, 41.24581000017834], [-123.44707599965378, 41.24574299994141], [-123.44716000021768, 41.24566700015407], [-123.44730699963245, 41.24555300030725], [-123.44805900001803, 41.245392000007136], [-123.44837200001247, 41.24481900012157], [-123.4488170002514, 41.24431400002352], [-123.44939499966141, 41.2436070000843], [-123.45037499965264, 41.243032999724015], [-123.45148900043647, 41.24222400023229], [-123.45149899958389, 41.242213000209425], [-123.45215100041035, 41.24153799986941], [-123.45236999979515, 41.24092499989945], [-123.45251899975808, 41.240808000060554], [-123.45259499992605, 41.24074800014853], [-123.45274200023916, 41.24064300000107], [-123.45276599963029, 41.24062600004496], [-123.45278200042213, 41.24061400003359], [-123.45288299980614, 41.2405410001981], [-123.45317599970912, 41.24003800027187], [-123.45339900019017, 41.23966799974319], [-123.4535139998179, 41.23919599994617], [-123.45362400032108, 41.238890000039746], [-123.45386199997245, 41.238483000164955], [-123.45396699955445, 41.23830299993983], [-123.45412399991326, 41.23806900012201], [-123.45437699963328, 41.23774799984045], [-123.45508899983588, 41.23724299981774], [-123.45526200008824, 41.237003000258426], [-123.45529300005037, 41.23695999979392], [-123.45535599979958, 41.23687299967882], [-123.45530700029408, 41.23653700017362], [-123.45490700026103, 41.23566899993151], [-123.45437699963328, 41.23552699980659], [-123.45394300016332, 41.23501200010979], [-123.45392399989674, 41.23499100014232], [-123.4537520003676, 41.23478400019833], [-123.45371399983446, 41.23471099993123], [-123.45370200013889, 41.2346880002466], [-123.4536479997122, 41.23458299982129], [-123.45290299989765, 41.23350099989791], [-123.45237200034329, 41.23286499988594], [-123.45189399959409, 41.232404999772925], [-123.45145799957601, 41.231894999741186], [-123.45089900043257, 41.231242999811535], [-123.44987500006042, 41.23087200029678], [-123.44791500007798, 41.22999500020967], [-123.44635699977846, 41.22955699975253], [-123.44488700024077, 41.228984000207646], [-123.44376099976137, 41.22851200028053], [-123.44176899999188, 41.22760099968817], [-123.44140699959365, 41.227462999962796], [-123.44138099965436, 41.2274600002005], [-123.44002200044478, 41.22729099985816], [-123.43928599995273, 41.22717599978727], [-123.43926199966327, 41.227172000086654], [-123.43923800027213, 41.22716799971016], [-123.43922499985335, 41.22716599985962], [-123.43920800013491, 41.22716400000907], [-123.43915299988332, 41.227155000005055], [-123.4391289995939, 41.22715100030316], [-123.43905300032421, 41.22713899984479], [-123.43900399992042, 41.22713099976317], [-123.4389670001105, 41.227125000208055], [-123.43891699988178, 41.22711700012472], [-123.43888000007186, 41.227110999892695], [-123.43881099957656, 41.22710000002888], [-123.43857799994805, 41.22706300004339], [-123.4378969997076, 41.22689699981444], [-123.43762700026916, 41.226590999761264], [-123.43761899987324, 41.22658199967844], [-123.43723200025894, 41.225912999735066], [-123.43687200040884, 41.22507099988526], [-123.43641499957602, 41.22452200007156], [-123.435757999625, 41.22389600030007], [-123.43530300023865, 41.2236529997747], [-123.43484899977891, 41.22341099968042], [-123.43469099959516, 41.223231999830205], [-123.43437599995087, 41.222875000002084], [-123.43419900039889, 41.2224759997162], [-123.43423799985862, 41.222280000011814], [-123.43476799958803, 41.22145600023391], [-123.43481600016693, 41.22138199993601], [-123.43483100023553, 41.22135900029206], [-123.43486499967243, 41.22130600020035], [-123.43490800022843, 41.221238999844495], [-123.43497799965031, 41.22115399978844], [-123.43500100011487, 41.22112599997631], [-123.43544100033093, 41.22059299989086], [-123.43597000023543, 41.22004599971491], [-123.43604200020545, 41.2198460000117], [-123.43605599955083, 41.219807999938176], [-123.43609599973381, 41.219696999703565], [-123.43619799984106, 41.21941199999156], [-123.4362639999633, 41.21922100012255], [-123.43626800016128, 41.219211000329835], [-123.43627200035922, 41.219198999765716], [-123.43628200040496, 41.21916999974476], [-123.43632000003977, 41.21905999982799], [-123.43656100006422, 41.21836100019883], [-123.43658199998062, 41.217945999695026], [-123.43638399961388, 41.217202000224006], [-123.4363769999412, 41.21717600022751], [-123.43608400003824, 41.21604500017502], [-123.43577400041684, 41.21488699982014], [-123.43573500005878, 41.21473799970275], [-123.43572300036321, 41.21465299998268], [-123.43571699961713, 41.21461199991915], [-123.43571800034034, 41.214513999844634], [-123.43570900011952, 41.214455000246076], [-123.43570599974647, 41.21443599999752], [-123.43570300027173, 41.21441299993822], [-123.4356880002031, 41.2143059998205], [-123.43566499973859, 41.21418800019503], [-123.43564700019526, 41.21414599971575], [-123.43560199998939, 41.214076999883474], [-123.43558600009588, 41.214059999776474], [-123.43554300043817, 41.214015000187544], [-123.43547300011795, 41.21391800002219], [-123.43546399989714, 41.21388100001181], [-123.4354539998514, 41.2138429998515], [-123.43545100037663, 41.21383199978323], [-123.43544200015582, 41.213704000019625], [-123.43543999960768, 41.2136750002654], [-123.43543499958481, 41.21365800005398], [-123.43542799991214, 41.213633000132525], [-123.43541200001857, 41.213578000271724], [-123.43536599998784, 41.213463999872324], [-123.43534800044449, 41.2134210001443], [-123.43534800044449, 41.21338100012046], [-123.43534800044449, 41.21336100009937], [-123.43533800039876, 41.21334399980634], [-123.43531300028441, 41.21330099999945], [-123.43523899976626, 41.213216999902244], [-123.4351659999713, 41.213112000135844], [-123.43515900029861, 41.213102000084994], [-123.43504299994765, 41.21296900020873], [-123.43483999955806, 41.212667999917244], [-123.43474900021977, 41.21252499969532], [-123.43463399969373, 41.212402000157006], [-123.43455699970086, 41.21233100020837], [-123.4344200003318, 41.2122219997565], [-123.43437500012598, 41.21218500013845], [-123.43414900017015, 41.211992999957815], [-123.43403700001716, 41.211918999765906], [-123.43399400035945, 41.21189500001446], [-123.43393300026008, 41.21185999985428], [-123.43387600035871, 41.21182800015485], [-123.43375199961183, 41.21177099980677], [-123.43354999994544, 41.211672000044466], [-123.43343699996754, 41.2116020001426], [-123.43337699969308, 41.2115570002144], [-123.43335699960161, 41.21154199978092], [-123.43332399998964, 41.211521999873405], [-123.43331300011897, 41.21151600023785], [-123.43316400015607, 41.21143000022004], [-123.43300400032251, 41.21134800008211], [-123.43289299999442, 41.21129499998772], [-123.43283699991791, 41.21126899967068], [-123.43280000010799, 41.211255000015555], [-123.43275599972706, 41.21123900001982], [-123.43250700020502, 41.21092699999702], [-123.43139999999221, 41.21017899969628], [-123.43054899987241, 41.20960300007648], [-123.43037999981803, 41.20929700020104], [-123.4299210002337, 41.20883900027533], [-123.4297360002858, 41.20804300013952], [-123.42938099956022, 41.207243000213595], [-123.42885099983081, 41.20690999985764], [-123.42872100013446, 41.20640800027045], [-123.42871199991365, 41.20585299976337], [-123.42839899991917, 41.204283000260034], [-123.42809000012271, 41.20380899992149], [-123.42800999975675, 41.20361200009262], [-123.4277100001811, 41.20334099991472], [-123.4267030004257, 41.202569999909464], [-123.42566599963476, 41.20216999981695], [-123.42413800037076, 41.201747000202225], [-123.42319400036456, 41.20070999968444], [-123.42241000019192, 41.19947099980438], [-123.4221080000681, 41.198625000127095], [-123.42171100040811, 41.198206999717826], [-123.42063199978436, 41.198032999666104], [-123.41853999955742, 41.19789299966934], [-123.41709500013414, 41.19700200007429], [-123.41593600004276, 41.195426999777276], [-123.41480899973844, 41.19383399972477], [-123.41481399976131, 41.19238300026926], [-123.41495799970136, 41.19116599992104], [-123.41448499987334, 41.19014300020606], [-123.41385999970937, 41.18855700024493], [-123.41313699963608, 41.18650400020116], [-123.41205299988779, 41.184926999710655], [-123.41099300042896, 41.1841719996746], [-123.41077599979565, 41.18312500004516], [-123.41070600037378, 41.181755000075384], [-123.41013800011119, 41.180877999964046], [-123.40892899979112, 41.180131000319776], [-123.40837300012242, 41.179922999859926], [-123.40829100010669, 41.17994399992982], [-123.40765900027, 41.18011000030984], [-123.40702900008317, 41.17991000023181], [-123.40682200039392, 41.178847000274246], [-123.40610099997045, 41.17739800000982], [-123.40521200021583, 41.176255999773204], [-123.4039769999565, 41.17452600005581], [-123.40245899983991, 41.17387699986156], [-123.40044299978098, 41.17379399993974], [-123.39869299986084, 41.17393500014366], [-123.39786199983253, 41.174081999731], [-123.3967050002893, 41.17290800003859], [-123.39487599982812, 41.171743999879105], [-123.39350699967447, 41.17071599980088], [-123.39291400019584, 41.16895199986624], [-123.39297399957198, 41.167760000093104], [-123.39391900030145, 41.16656499974901], [-123.39411799959476, 41.165541000324936], [-123.3934310004048, 41.16441400006945], [-123.39303200019664, 41.16306899994556], [-123.39272599987488, 41.161207999901755], [-123.3914320000643, 41.16012300020404], [-123.38923100005745, 41.159613000065114], [-123.38641300028253, 41.159143999682314], [-123.38406199958952, 41.15773899998422], [-123.38357600024104, 41.15606399985942], [-123.38343200030097, 41.154451999939106], [-123.38262999968667, 41.15394599975759], [-123.38176199984845, 41.15282799972592], [-123.38119199993605, 41.15128999986631], [-123.38041299978627, 41.151291000274625], [-123.37864299977466, 41.151505000049276], [-123.37616099956037, 41.15096300013025], [-123.37534399977578, 41.15102299987506], [-123.3729729998896, 41.15194100001431], [-123.37177100014054, 41.153146000268045], [-123.37072800040015, 41.15447199969756], [-123.37052800038359, 41.155486000221444], [-123.37047999980469, 41.15628400025014], [-123.36896199968812, 41.156931000243745], [-123.36702599999515, 41.15809299984985], [-123.3655170000994, 41.15905500032387], [-123.36345599983463, 41.159748000030596], [-123.36267199966198, 41.16053500001482], [-123.36223800019204, 41.16155700006237], [-123.36117299981201, 41.1614720002584], [-123.36015099998798, 41.16147700017033], [-123.36005599955342, 41.161502999976896], [-123.35764200000956, 41.162152000337414], [-123.35581900029446, 41.162452000058686], [-123.35447199988212, 41.163115999851236], [-123.35323699962277, 41.16305399989667], [-123.35148400022788, 41.16258799982259], [-123.34918199993866, 41.16141199993258], [-123.34731999986552, 41.159906000002714], [-123.34530800000456, 41.158536000016625], [-123.3438750002768, 41.15802300013889], [-123.34269899956868, 41.15720399972497], [-123.34151799973603, 41.15581400005639], [-123.33887999988615, 41.15549699994968], [-123.33636699970975, 41.15543100019978], [-123.33362599992773, 41.15465399999274], [-123.33096899981128, 41.15269299971215], [-123.32961499972626, 41.15166400000165], [-123.32913900042348, 41.150114999938616], [-123.32849400016802, 41.14832300028861], [-123.32719899963422, 41.1464970002398], [-123.32615199969585, 41.14567899972897], [-123.32550999981343, 41.14359700032471], [-123.3249519995966, 41.14154700000598], [-123.32251200011345, 41.141810999718075], [-123.31950000016975, 41.141574000156005], [-123.31771699973936, 41.1409789998105], [-123.31537000014262, 41.14026799968285], [-123.31288600027854, 41.141966000004665], [-123.31052200006505, 41.14322200031988], [-123.30766900013003, 41.143177999922614], [-123.30514799955772, 41.14292599996895], [-123.30346899978267, 41.143789000184505], [-123.30272599961793, 41.14344699976832], [-123.3005420002278, 41.14251899975723], [-123.29792100009637, 41.14144400005814], [-123.2950649997883, 41.14065000027855], [-123.29475699981671, 41.13930299979968], [-123.29434300043825, 41.137946999977416], [-123.29329499977666, 41.13722500004661], [-123.29257000005356, 41.13623900018269], [-123.2911859998313, 41.134984000080394], [-123.29010700010588, 41.134262000011624], [-123.28963000007992, 41.13407399997918], [-123.28916999977237, 41.13308100004664], [-123.28822300029142, 41.13195699998773], [-123.28759200027967, 41.13108399998372], [-123.28691900043509, 41.130209999812365], [-123.28625400008815, 41.12955500019451], [-123.28544999982404, 41.12897899977872], [-123.28484800012457, 41.12846000024328], [-123.28427200036442, 41.127457999738716], [-123.28383299997326, 41.12655400010424], [-123.28369499988099, 41.125385000272956], [-123.28373199969091, 41.12485600005877], [-123.28393900027848, 41.12345300013861], [-123.28207499965718, 41.123350000200226], [-123.2789639999793, 41.12302299986986], [-123.2787039996883, 41.12299100006457], [-123.27759999984852, 41.12285500004122], [-123.27512799968, 41.12318800014086], [-123.27399899972589, 41.12307599968223], [-123.27340200004929, 41.12289099989568], [-123.27362200015733, 41.11900600030918], [-123.27215000007152, 41.11694399991997], [-123.2717759999777, 41.115590000063456], [-123.27031499976256, 41.11391500008854], [-123.26935499986281, 41.11271500006275], [-123.26851299996386, 41.11229699968663], [-123.26635999963757, 41.11042899979102], [-123.26446400012753, 41.109455000336105], [-123.26307800025546, 41.108642000073125], [-123.26235299963403, 41.10763500026298], [-123.26138299968858, 41.10578200001015], [-123.26185999971456, 41.10376700033283], [-123.26178299972166, 41.10118000031879], [-123.26123799992361, 41.09938300022216], [-123.26002199993084, 41.09786000033416], [-123.25933999986545, 41.096475000243686], [-123.25872100044757, 41.09521000015672], [-123.25841099992786, 41.09355800006324], [-123.25717400001871, 41.09194700009915], [-123.25572600022234, 41.091303000143064], [-123.25506500007334, 41.090763999698325], [-123.25351000014685, 41.09013600012447], [-123.25253000015564, 41.089161000293956], [-123.25156100003507, 41.088050999874234], [-123.25115500015423, 41.08763200023037], [-123.24996599992564, 41.08708199977242], [-123.24936300040125, 41.08717800019381], [-123.24940900043201, 41.08625099999565], [-123.24772300008594, 41.08366099981789], [-123.24682799958525, 41.08295500006229], [-123.24659800032975, 41.08150800007972], [-123.24597399999071, 41.080072999713224], [-123.24599499990711, 41.07896899975594], [-123.24522199960514, 41.077987000288665], [-123.2427700004264, 41.07794600000632], [-123.24155100006057, 41.077477000110285], [-123.23947999975006, 41.07576299988831], [-123.2353709996393, 41.07566099983313], [-123.23343099974835, 41.07520900014059], [-123.23106400006013, 41.07514999967724], [-123.22927200030718, 41.07525300006143], [-123.22710200026246, 41.07552099980516], [-123.22523599999136, 41.07612500017405], [-123.22443900029822, 41.07501400010616], [-123.2220779995595, 41.073690000175446], [-123.21728999975639, 41.0730149998628], [-123.21460599987577, 41.07303200000292], [-123.21317899999579, 41.073348000133755], [-123.21236700023405, 41.074146999950976], [-123.21156200014502, 41.074204999730846], [-123.21013500026507, 41.07450500011063], [-123.20967199958446, 41.074705000054706], [-123.208885999762, 41.07466600020143], [-123.20766200027163, 41.073351999748496], [-123.20555400015118, 41.072467000162234], [-123.20419000002043, 41.072067000269975], [-123.20315300012777, 41.07176299988899], [-123.20106900029678, 41.072493000033724], [-123.19881999971103, 41.07328199968331], [-123.19553900015384, 41.07542399975119], [-123.19311499966591, 41.07738800032686], [-123.19117200030021, 41.07734699967093], [-123.18829000005285, 41.07759100015895], [-123.18724800013737, 41.07744999999852], [-123.1855950003016, 41.07759900022622], [-123.18436199969206, 41.07637299988884], [-123.18182199975148, 41.0761699996812], [-123.17893500037961, 41.07555900029689], [-123.17747900018732, 41.07655200024572], [-123.17370800018536, 41.07694300027954], [-123.17066799975424, 41.07784200028205], [-123.16941900014953, 41.07802600020318], [-123.16785199962918, 41.077664999728306], [-123.1652499997643, 41.078130999805865], [-123.16030100030272, 41.076779999967954], [-123.15938599971051, 41.07661299983605], [-123.15751500031485, 41.07588600000321], [-123.15691000024235, 41.07583700016119], [-123.1566180001643, 41.074978999951895], [-123.15559499961707, 41.07474099989875], [-123.1539209998649, 41.07490500006751], [-123.15311599977586, 41.07610699995626], [-123.14990700018868, 41.07706399984653], [-123.14872299998297, 41.0784469998039], [-123.14133800033787, 41.07917799969018], [-123.13568299962314, 41.07861500017859], [-123.13429699975104, 41.07826799986725], [-123.13294500021415, 41.07864599978161], [-123.13065899981846, 41.07719000011023], [-123.12848100027614, 41.07648999972711], [-123.12782500015003, 41.07656200014914], [-123.12708199998528, 41.07717500005927], [-123.12614999967464, 41.077323000051344], [-123.12461099964165, 41.076727000028825], [-123.12128800025167, 41.07669600019796], [-123.1197910000515, 41.076305000049246], [-123.11882699995381, 41.0758700001279], [-123.11856099981503, 41.07583100028858], [-123.11656300019774, 41.07620899999658], [-123.11588600015526, 41.07573899969039], [-123.1156929998114, 41.07564399969571], [-123.11043899985299, 41.07528999981814], [-123.10933300036338, 41.07545899966846], [-123.10907700027033, 41.07542900012746], [-123.10958199988539, 41.07314699987914], [-123.10964299998477, 41.07292100024367], [-123.10960799982466, 41.072622999914266], [-123.10829599957243, 41.070717000020345], [-123.10795099979094, 41.07031700031669], [-123.10667399969878, 41.06957100033791], [-123.10623199983291, 41.067320000134316], [-123.10635400003166, 41.066803000144496], [-123.10641500013104, 41.066602000198685], [-123.10602599996858, 41.06616200001245], [-123.1058939997241, 41.065767999803825], [-123.10565600007274, 41.06550399967718], [-123.10510000040405, 41.06528299997738], [-123.10437499978265, 41.06520800032726], [-123.10278800006908, 41.06515600023061], [-123.10217600032388, 41.06476600022725], [-123.09987099966166, 41.06342999984497], [-123.0995490003447, 41.063264000062475], [-123.09905800007502, 41.06317099976863], [-123.0986200004071, 41.06310999989777], [-123.09829999984166, 41.06301499994177], [-123.09806100036535, 41.061728999861714], [-123.09791999990004, 41.061544999708985], [-123.09753099973763, 41.0610810001007], [-123.0966839998158, 41.059629999757014], [-123.0963399998592, 41.059399000157725], [-123.09586899968103, 41.05916900020521], [-123.09515499982858, 41.05909399967868], [-123.09363300041237, 41.059136999765244], [-123.09002800009173, 41.05952699995966], [-123.08955799973846, 41.059450000288614], [-123.08907499986472, 41.059067000145546], [-123.0887209998624, 41.05887600014628], [-123.08794199971261, 41.058696999757], [-123.08653999994701, 41.05795000023825], [-123.08634599977826, 41.057846999842226], [-123.08431700019882, 41.05737100015879], [-123.08395499980058, 41.05738200007796], [-123.08247900041513, 41.057730999821274], [-123.08221300027635, 41.05776499987197], [-123.0803379997844, 41.05759400031553], [-123.08009199973712, 41.05756300026913], [-123.07664899979821, 41.05547100019694], [-123.07619699988659, 41.05500699973796], [-123.07600299971782, 41.054782999769934], [-123.07555400017925, 41.05462499999293], [-123.07431499972196, 41.05434500015068], [-123.07150500034297, 41.05340699968416], [-123.07124800042503, 41.05332799988425], [-123.06990400038572, 41.05309699983076], [-123.06960499973667, 41.05304200002104], [-123.06782700022741, 41.052982999989304], [-123.0675169997077, 41.05288800030925], [-123.06430200027273, 41.05196200010738], [-123.06406600027118, 41.05176999990754], [-123.06205799970985, 41.049360999881124], [-123.06144599996465, 41.04893100023725], [-123.06117700035117, 41.04869100019088], [-123.06076399989928, 41.04789699974922], [-123.06053799994348, 41.047681000281884], [-123.06004500002398, 41.04738699990523], [-123.05966000005952, 41.04723699967705], [-123.05840200023393, 41.04706100003021], [-123.05760100034287, 41.046841999947105], [-123.05602399977676, 41.04670000027086], [-123.05538500026739, 41.04672100031864], [-123.05518299970272, 41.046706000091625], [-123.05509599966406, 41.0465209999466], [-123.05474699968461, 41.045832000111645], [-123.05407999968786, 41.04523199990605], [-123.05444600028406, 41.04375599987204], [-123.05431400003958, 41.04339500027469], [-123.05398900034956, 41.042866000232394], [-123.05253099960913, 41.041893999970966], [-123.05236800030083, 41.041637999931154], [-123.05238599984418, 41.04133099966341], [-123.0524660002101, 41.04088800031275], [-123.05202299962102, 41.040270999953016], [-123.05180900025911, 41.04016800033546], [-123.05065699984041, 41.039950999817734], [-123.04969199991783, 41.03938599966582], [-123.04960200040445, 41.03888699988633], [-123.04899599960875, 41.03802199997313], [-123.04900400000464, 41.0377890001791], [-123.04865199965214, 41.035769999985796], [-123.04705499989286, 41.0347990001096], [-123.04686300027224, 41.03473600005269], [-123.04673199985268, 41.0344869996896], [-123.046761000165, 41.034221999895976], [-123.04597600016744, 41.03349400017344], [-123.04590900022028, 41.03319700026617], [-123.04639200009406, 41.0326059996956], [-123.04654799972967, 41.032315000303136], [-123.04637000035274, 41.03058500003191], [-123.04629199963662, 41.03030399999927], [-123.04612900032832, 41.03004700006249], [-123.04599899973365, 41.029774000230624], [-123.04626900007041, 41.029201000290676], [-123.04631500010116, 41.02854000019628], [-123.04669500004276, 41.02823200025729], [-123.0466480001871, 41.02787799998688], [-123.0474590001239, 41.02707500016369], [-123.04763700039912, 41.0268399997085], [-123.04764300024691, 41.0264699997144], [-123.04754500033764, 41.02623699969532], [-123.04742399996381, 41.02585099985641], [-123.04742099959076, 41.02563400025973], [-123.04757399975162, 41.02496499990695], [-123.0475710002769, 41.02473900007846], [-123.04726999997801, 41.02445899980302], [-123.04663800014133, 41.02309499986982], [-123.04624200030622, 41.02290500015258], [-123.04560100024871, 41.02171000026291], [-123.0452349996525, 41.02135000007585], [-123.04487499980239, 41.02059600031452], [-123.04471199959578, 41.02029100025478], [-123.04449800023386, 41.020154999759534], [-123.04417799966839, 41.02006099983114], [-123.04383299988692, 41.019685000131716], [-123.04339299967083, 41.01932600010646], [-123.04328999973868, 41.01869000025145], [-123.04349399995318, 41.01785200017344], [-123.04349099958013, 41.01759400002663], [-123.04336599990667, 41.016943000161085], [-123.04362299982462, 41.01604700005016], [-123.04396400030646, 41.0142009999205], [-123.04384299993264, 41.014072000279604], [-123.0433180002261, 41.01351299982045], [-123.0425879995818, 41.012971000112444], [-123.04238300044071, 41.0126659999932], [-123.04231499977034, 41.01233700021066], [-123.04154999986427, 41.0115290002047], [-123.04146200000072, 41.0112960001995], [-123.04068899969874, 41.00865199970034], [-123.04022500009155, 41.00809200014874], [-123.03950600021624, 41.00655100015776], [-123.03917300013029, 41.00632799990822], [-123.03875600037878, 41.00611300020859], [-123.03834799994978, 41.00571400014006], [-123.03741800018729, 41.0043760001568], [-123.03711799971333, 41.00417599994232], [-123.03680800009194, 41.00405799967344], [-123.03576899965115, 41.004387000120516], [-123.03546200040282, 41.00448599971101], [-123.03200400039529, 41.004478000242656], [-123.03158099989766, 41.00472199986059], [-123.0312529998346, 41.004909999972455], [-123.03089499963431, 41.00500700028199], [-123.03087700009098, 41.00501600028946], [-123.03080000009807, 41.0050329996977], [-123.03072700030314, 41.00505200030719], [-123.02993800010765, 41.005265000235596], [-123.02961900026541, 41.0052670000789], [-123.02843599988459, 41.0050340003008], [-123.0277110001615, 41.00494999975396], [-123.02684499997311, 41.00449700033423], [-123.02638600038878, 41.00439600021266], [-123.0245000000262, 41.0041109998606], [-123.0240139997794, 41.00438800005545], [-123.02246399987575, 41.00474500027806], [-123.02171200038849, 41.00501600028946], [-123.02064100016068, 41.00533699997934], [-123.02012899997462, 41.00527600005092], [-123.01949200011506, 41.00536900014147], [-123.01668799968554, 41.00579100031759], [-123.0134749999004, 41.00691600003814], [-123.01319899971587, 41.00691799983135], [-123.01205899989108, 41.00677199985505], [-123.0110129997776, 41.00744000004436], [-123.0103979996594, 41.00769299986106], [-123.00906200001602, 41.00812899972005], [-123.00800099983394, 41.00837800010522], [-123.00723699975278, 41.008521000295836], [-123.00641300029548, 41.00909799998399], [-123.00633600030258, 41.00990400027439], [-123.00549900042652, 41.010198999799854], [-123.00434000033512, 41.0112619998651], [-123.00386499995898, 41.01170000015849], [-123.00378600031628, 41.012287999799604], [-123.00373600008754, 41.01251400032668], [-123.00345900007814, 41.01249199972156], [-123.00223300003962, 41.01225799991727], [-123.00135000013277, 41.01232099978994], [-123.00114400026844, 41.012418000035545], [-122.99809700016466, 41.01309200009748], [-122.99720699968681, 41.013324000052165], [-122.99516300003877, 41.01308299983732], [-122.99356299990646, 41.01301099974557], [-122.99227300029385, 41.01317499995306], [-122.99076299967489, 41.0126659999932], [-122.98974099985087, 41.0124280001995], [-122.98853999992673, 41.01269300026296], [-122.98511200005643, 41.01369099995995], [-122.98191000014195, 41.01415099975339], [-122.98013099990949, 41.01431400004994], [-122.97888899997743, 41.01340199994696], [-122.97728999967002, 41.01302799980258], [-122.97506799974674, 41.01261800031478], [-122.97364599988964, 41.012512000025524], [-122.97164599972423, 41.01230400022834], [-122.96893699972925, 41.011623000107356], [-122.96778100001096, 41.01158599978671], [-122.96613499984785, 41.01178199991147], [-122.96462299957909, 41.0119789999508], [-122.96395800013043, 41.011607000191084], [-122.96164800034364, 41.010860000283124], [-122.95964900000315, 41.01021500005804], [-122.95809900009954, 41.00873200011934], [-122.95650200034027, 41.007952999906536], [-122.9547730003365, 41.00663699982131], [-122.95201800031076, 41.006392999836955], [-122.9508729995648, 41.003599999811144], [-122.94887999997036, 40.999863000001405], [-122.9483650003096, 40.99956300026468], [-122.94815299969915, 40.99899099988478], [-122.94788699956037, 40.998385999791914], [-122.94712199965431, 40.99745900032655], [-122.94641000035, 40.99662799973419], [-122.94548600043528, 40.99517800024992], [-122.94431700029817, 40.99423400026509], [-122.9423909997526, 40.99330599994079], [-122.94166900040256, 40.99262899989268], [-122.9405310002276, 40.99229800018418], [-122.93873299972854, 40.99219299987416], [-122.93788199960875, 40.99236999985454], [-122.93719000039593, 40.992636000007906], [-122.93667900003476, 40.992747999715704], [-122.93577500021154, 40.992571000072054], [-122.93497799962012, 40.992432999755884], [-122.93433900011075, 40.99258599974999], [-122.93250899982465, 40.99342399979655], [-122.93174300009366, 40.99354499973958], [-122.93030600016796, 40.99401999985132], [-122.92993399972399, 40.99401999985132], [-122.92892299977059, 40.99413199992005], [-122.92768800040959, 40.99461499985895], [-122.92677299981739, 40.994993999808045], [-122.92466600042015, 40.995669999911016], [-122.92393199957792, 40.99525100023871], [-122.92269899986672, 40.99462099968015], [-122.92053999969264, 40.99434599997024], [-122.91957200029528, 40.994167999780665], [-122.91752899957386, 40.99398999978851], [-122.9164950000543, 40.99570600028781], [-122.91565300015533, 40.9968750000857], [-122.91478000029421, 40.99739000023558], [-122.91420399963573, 40.99793800016555], [-122.91415299958211, 40.99811500031521], [-122.91389400001434, 40.999018000334374], [-122.91396799963418, 40.999131000062015], [-122.91453199969878, 40.999614999991444], [-122.91465300007263, 40.99986400000502], [-122.91514000014435, 41.001591999864125], [-122.9153140002216, 41.00246700003721], [-122.91490800034076, 41.00370800009211], [-122.91485800011205, 41.00525399974057], [-122.91445100040625, 41.006898999759876], [-122.91292999991664, 41.00864099977072], [-122.90861800031462, 41.00865800027744], [-122.90585999991583, 41.00905100028184], [-122.90460999958788, 41.010154999747606], [-122.90380700004697, 41.01079099998684], [-122.90304799998869, 41.01156000024514], [-122.9022820002577, 41.01374200026927], [-122.90152200037451, 41.01464600014276], [-122.90195900021752, 41.01629400014841], [-122.90226399981604, 41.0175389996913], [-122.90119199976331, 41.01867699985041], [-122.90069700019401, 41.01995200022211], [-122.90069200017112, 41.02106099977625], [-122.90157699972778, 41.021971999903656], [-122.90268499976553, 41.0227489997324], [-122.90241299977897, 41.023789000071886], [-122.90156199965918, 41.025129999792654], [-122.90022299964274, 41.02616700031388], [-122.89902000006879, 41.02673299966744], [-122.89741099971562, 41.02847499975481], [-122.89736300003503, 41.029180000073985], [-122.8981570002534, 41.030593999933586], [-122.89935499980452, 41.03123700011342], [-122.90161699991076, 41.03248899971025], [-122.9021900001962, 41.03363400022408], [-122.90391699965183, 41.03505199988131], [-122.90626900016973, 41.03653899998693], [-122.90714899970354, 41.03855899972507], [-122.90825400026654, 41.0400410002036], [-122.90922699968674, 41.04118800023717], [-122.90928500031137, 41.04247500014885], [-122.90930600022777, 41.04291999971307], [-122.90938900006843, 41.04474999973266], [-122.90943000007633, 41.045522999784524], [-122.91107000039163, 41.0467389997735], [-122.91137599981508, 41.04804999967688], [-122.91238599994352, 41.05104500023607], [-122.91335800043714, 41.05232499989617], [-122.91451400015544, 41.05256500023551], [-122.91553099995659, 41.05322499970253], [-122.91571199970655, 41.05334200008721], [-122.91642499973408, 41.05437700021231], [-122.91663999981922, 41.05468999967706], [-122.91632099997702, 41.056334999898574], [-122.91644599965048, 41.058284000057846], [-122.91768699975759, 41.05946500031954], [-122.91963400021957, 41.0616899997619], [-122.92051399975337, 41.06397799968552], [-122.92197499996854, 41.06586499988172], [-122.92236800032893, 41.06764700018552], [-122.9226699995544, 41.069866000070306], [-122.92332800022864, 41.07195199985898], [-122.92595400038296, 41.07189400012306], [-122.92942699956076, 41.07140299982987], [-122.93209700009601, 41.07127800026064], [-122.93463299983861, 41.07135400003245], [-122.93573599985349, 41.071194999830254], [-122.9358299995648, 41.07118200031635], [-122.9364609995766, 41.07109399973638], [-122.93726300019088, 41.07078700010768], [-122.93797399967025, 41.07051099977596], [-122.93878100030742, 41.07019799974724], [-122.94060599967237, 41.07006900010458], [-122.94207500028342, 41.07007499982582], [-122.94313999976515, 41.070749999848275], [-122.94496199965535, 41.07159599987905], [-122.94629499982396, 41.07200200015069], [-122.94744700024265, 41.07304799989174], [-122.95069400036297, 41.07352999996554], [-122.95318300024991, 41.07427699994686], [-122.95402400032395, 41.07542200000688], [-122.95490999970552, 41.07629900021936], [-122.95659900042463, 41.07684200021304], [-122.96392999964304, 41.07982300012767], [-122.96606299987783, 41.080904999871166], [-122.96694900015774, 41.08205000026775], [-122.96734400016794, 41.08363099995762], [-122.96791599973017, 41.08538000021722], [-122.96888999987361, 41.086760999799054], [-122.97004099956906, 41.08857800010708], [-122.97097000040495, 41.0901599998045], [-122.97101200023776, 41.09079900024835], [-122.97016000029305, 41.0924760001281], [-122.96961600031993, 41.094960999848595], [-122.96916600005814, 41.09630399981334], [-122.96947300020479, 41.09758100033285], [-122.96902499959283, 41.09852099996297], [-122.96879799981211, 41.09956200018467], [-122.96968499991688, 41.10057200007756], [-122.97003800009433, 41.10134599980505], [-122.96994699985771, 41.101917000013074], [-122.96909599973792, 41.10335899973622], [-122.96918399960147, 41.10376200008208], [-122.97073900042628, 41.10440599973708], [-122.9731420000995, 41.10485000019365], [-122.97407400041016, 41.10576000012047], [-122.97415499970268, 41.10750799976694], [-122.97423699971846, 41.10962500000183], [-122.97338200029903, 41.11207400031601], [-122.97106099974324, 41.11384800014803], [-122.96896400039178, 41.11501699974208], [-122.96824700016627, 41.11602299975933], [-122.96757299959849, 41.11793600020237], [-122.96627700013808, 41.11907399994527], [-122.9632869999357, 41.120508000246296], [-122.96024999987766, 41.12298499976096], [-122.95993400040848, 41.12399200028717], [-122.9603290004187, 41.12486200019126], [-122.96051600001645, 41.12548200032539], [-122.96100899993596, 41.127113999902576], [-122.96113799980739, 41.12790400010661], [-122.96129900036419, 41.128999999935566], [-122.96159899993984, 41.12978999976104], [-122.96206900029311, 41.1307810000243], [-122.96243300034119, 41.131457999663134], [-122.96282800035141, 41.13193300001968], [-122.96298800018498, 41.132649999929946], [-122.96305400030721, 41.133626000278184], [-122.96303400021574, 41.1344400002943], [-122.96321599979062, 41.13498000015812], [-122.96345099996724, 41.135504000076374], [-122.96398499989462, 41.13613999986957], [-122.96457200042377, 41.13687299971174], [-122.96502000013744, 41.137381000290546], [-122.96535200039845, 41.13794500010662], [-122.96534099962949, 41.13830700007713], [-122.96505399957434, 41.13865399985913], [-122.96462799960196, 41.13876700003531], [-122.9641380000555, 41.13886499984486], [-122.96374399987019, 41.139057999946004], [-122.96340300028666, 41.13918800003754], [-122.96299900005563, 41.13930099997023], [-122.96216800002733, 41.139849000336966], [-122.96157200017566, 41.14012399972031], [-122.96099700024041, 41.140760999937044], [-122.96059300000935, 41.14129300010496], [-122.96056200004722, 41.14192200011768], [-122.96021100041796, 41.14223699982625], [-122.95964700035331, 41.14278500001536], [-122.95881799997483, 41.14401900028411], [-122.9583710000861, 41.145058999693646], [-122.95807399998516, 41.14566399975912], [-122.95746700026285, 41.14584200021731], [-122.956476000401, 41.14608400032366], [-122.95633800030872, 41.14630999990717], [-122.9560289996139, 41.146414999942536], [-122.95535699959429, 41.146278999767944], [-122.95416400006604, 41.14632799982856], [-122.95291799993603, 41.14697400019966], [-122.95248199991795, 41.14773200011805], [-122.95212100024291, 41.148804000249605], [-122.95166400030844, 41.150319999744234], [-122.95164400021696, 41.150649999883214], [-122.9517399995781, 41.15104500015108], [-122.95290399969234, 41.15260799991155], [-122.95353399987918, 41.15368799972563], [-122.95440900028842, 41.154526000164914], [-122.95469799999344, 41.15522699981484], [-122.95474099965114, 41.155533000154186], [-122.95465699998554, 41.155952000065575], [-122.95492399994923, 41.15636300006265], [-122.95485000032937, 41.156766000295896], [-122.95457300031997, 41.15741900012639], [-122.95445699996901, 41.15799200012708], [-122.95460699975683, 41.15843500030013], [-122.95472399993268, 41.158692999909796], [-122.9551619996006, 41.15896699978312], [-122.95559900034193, 41.15931300019837], [-122.95642100014939, 41.15980400008994], [-122.95705100033625, 41.16051300021844], [-122.95727599956882, 41.16121400009074], [-122.9567230002732, 41.16220599988813], [-122.95619099999563, 41.16288400000391], [-122.95613800029219, 41.16333500001747], [-122.9557020002741, 41.163980000312876], [-122.95551099958006, 41.16466599993983], [-122.95533099965502, 41.16541499982642], [-122.9548949996369, 41.16620600010706], [-122.95451200022059, 41.16693899996844], [-122.95468299992478, 41.16739899991096], [-122.95538799955642, 41.168309000118754], [-122.95670099963357, 41.169348000204444], [-122.95713800037488, 41.16946899992431], [-122.95750099969973, 41.16978299969738], [-122.9578639999229, 41.17011299990451], [-122.95873000011129, 41.17139399977433], [-122.9591460000379, 41.172168000059315], [-122.95944599961355, 41.17252199974724], [-122.96024599967971, 41.17314199970708], [-122.96088799956213, 41.173866999900994], [-122.96140099957314, 41.17490699979479], [-122.96148799961176, 41.175616000148956], [-122.96190400043669, 41.17622899970729], [-122.96196899983572, 41.176696000155836], [-122.96232200001313, 41.17726799995337], [-122.96259999984747, 41.177872000256166], [-122.96280400006196, 41.178629999874715], [-122.96273000044211, 41.179315000293194], [-122.96232600021105, 41.18008900029312], [-122.96190000023871, 41.18071799993363], [-122.96150699987834, 41.18131499987239], [-122.96134700004477, 41.1815249998617], [-122.96091000020176, 41.1815249998617], [-122.95989699970028, 41.181565999697334], [-122.95883100039362, 41.18175999979181], [-122.95790300028095, 41.18188999972169], [-122.95635699967696, 41.18239900029777], [-122.95551499977803, 41.182794999805544], [-122.95482299966687, 41.183366999749964], [-122.9538529997214, 41.18403699999991], [-122.95264900032254, 41.18457800030936], [-122.95198899999846, 41.185085999706445], [-122.95173299990542, 41.185360000090114], [-122.95131699997879, 41.18557799970966], [-122.95123800033606, 41.185437000230905], [-122.9510290000987, 41.185063000147615], [-122.95060200030146, 41.18460299983824], [-122.94986499998448, 41.18409599998215], [-122.94898999957525, 41.18378199985507], [-122.9482330000651, 41.18346000023678], [-122.94760299987824, 41.18296099972014], [-122.94679199994142, 41.18235699969731], [-122.94603399970805, 41.18184099987726], [-122.94536099986348, 41.181422999796496], [-122.94481799971528, 41.1810850001418], [-122.94367600024067, 41.18064200028932], [-122.94293999974862, 41.180337000189084], [-122.94221500002551, 41.180368999736494], [-122.94173399980158, 41.17987799978406], [-122.94133999961629, 41.17960400012717], [-122.94046500010536, 41.179305999791296], [-122.9391739997695, 41.17873400021201], [-122.93837399970336, 41.17810599977211], [-122.93743499972, 41.17784100016801], [-122.93619799981083, 41.17749500021669], [-122.93560000030936, 41.17726099987019], [-122.93504600029048, 41.17741500017494], [-122.93433099971483, 41.17766500006553], [-122.9331160004453, 41.17776999991081], [-122.93241199974027, 41.17793199970895], [-122.93124000012843, 41.178471999748446], [-122.93062199963714, 41.178826999840645], [-122.92954499956153, 41.178683000054264], [-122.92917100036604, 41.178690999975544], [-122.9288089999678, 41.17900500017203], [-122.92838299999545, 41.17945700008554], [-122.92803200036616, 41.17994100001683], [-122.92775500035673, 41.18063399993018], [-122.92775500035673, 41.18099700011353], [-122.92750000008861, 41.181569000211994], [-122.92742599957046, 41.182029000198604], [-122.92704300015411, 41.18283500027146], [-122.92639299987577, 41.18377800020545], [-122.92626599965416, 41.184181000183905], [-122.92595699985769, 41.18515700014537], [-122.92539299979308, 41.18601199971901], [-122.92483899977421, 41.18666500016073], [-122.92401799979163, 41.186939000021624], [-122.92275999996606, 41.187222000179325], [-122.92168299989049, 41.18738299972551], [-122.92094700029672, 41.18748000001687], [-122.92032899980543, 41.18739199979347], [-122.91915600036867, 41.18741700027613], [-122.91826000004305, 41.18706200009951], [-122.91751299968034, 41.186844999877806], [-122.91662800012367, 41.18690200030477], [-122.91592400031699, 41.18705499971101], [-122.91537000029811, 41.187184000085864], [-122.91475199980682, 41.18781299986082], [-122.91444300001035, 41.188320999850085], [-122.91358000019497, 41.189111000224244], [-122.91292999991664, 41.189933999955144], [-122.91211999980473, 41.190578999995296], [-122.911384000211, 41.190522000065336], [-122.91000800038466, 41.19083700012496], [-122.9088359998745, 41.19153100012319], [-122.90835600037377, 41.192175999977714], [-122.9080259997626, 41.19269999971494], [-122.90784500001263, 41.19332899990037], [-122.9072800001231, 41.194053999708295], [-122.90712100011444, 41.19466699973511], [-122.90691900044807, 41.195102000074215], [-122.90676899976192, 41.195433000212105], [-122.90687599989207, 41.195923999796655], [-122.90617299991025, 41.19624700003017], [-122.90537299984412, 41.19665000032173], [-122.90448699956421, 41.19702899968714], [-122.90336699983091, 41.19715000031903], [-122.90324800000522, 41.197172999687595], [-122.90306399988224, 41.19720899997622], [-122.90291900011728, 41.19723899997625], [-122.90204500043124, 41.19772300028463], [-122.90114900010562, 41.19806999985178], [-122.89974200031712, 41.19884399987255], [-122.899198000344, 41.199335999906005], [-122.89846199985195, 41.1998679998195], [-122.89789699996241, 41.20032700001405], [-122.89706599993411, 41.20100599996782], [-122.89582900002495, 41.20165099973646], [-122.89472000016228, 41.202077999855376], [-122.89447499993992, 41.20267499969761], [-122.89415500027278, 41.20277100001302], [-122.89325899994712, 41.20260999978425], [-122.89195699974063, 41.20281999973954], [-122.89130700036061, 41.20288500012019], [-122.8909330002668, 41.20281999973954], [-122.88998400023773, 41.202949000140755], [-122.88874700032856, 41.203279999797275], [-122.88798999992011, 41.20367499979363], [-122.88763799956759, 41.20435999977272], [-122.88674200014027, 41.20494100024029], [-122.88592100015772, 41.20514199981987], [-122.88580300015695, 41.204933000146724], [-122.88516299992435, 41.20445699991636], [-122.88459800003483, 41.2043039999518], [-122.88408599984875, 41.20417500019406], [-122.88356299979202, 41.20391699991569], [-122.8827309999388, 41.20390100015307], [-122.88205899991915, 41.203949000105034], [-122.88149400002963, 41.20374000000087], [-122.88082200001, 41.20352200002829], [-122.88053900015278, 41.20353400008908], [-122.88008600041624, 41.20355399973492], [-122.87953099967415, 41.20357799984254], [-122.87889100033986, 41.20363499989392], [-122.87882699986744, 41.20365799968719], [-122.87614100033701, 41.20366599993659], [-122.87413299977565, 41.204087000108615], [-122.87359700019846, 41.20419999967448], [-122.87316700002816, 41.20429000015804], [-122.87246800024433, 41.20443699987062], [-122.87221399980112, 41.20453000016654], [-122.87068900001185, 41.205087999842156], [-122.86634499972445, 41.20390699981109], [-122.86361900001101, 41.2036220002423], [-122.86307699968773, 41.20286999972612], [-122.86248500003401, 41.202049999988375], [-122.8599350000477, 41.20152899967353], [-122.85770300007871, 41.20150999972637], [-122.85543400029978, 41.20209700031353], [-122.85251500024252, 41.20067100033049], [-122.85001700013474, 41.20075500031387], [-122.84661900040167, 41.20020599984815], [-122.84394100036884, 41.20022399983675], [-122.84229600003067, 41.200738999778224], [-122.84093500027294, 41.20263100001284], [-122.8395319997841, 41.20482600006864], [-122.83669800011566, 41.20672699985376], [-122.83002499977485, 41.208620000185654], [-122.82753400023809, 41.20944299995791], [-122.82517500004748, 41.210029999668414], [-122.82270899972674, 41.209071000231155], [-122.82024099975617, 41.20791000011593], [-122.81836500033766, 41.20782100010156], [-122.81684499967297, 41.20759499976409], [-122.81291100036269, 41.20308000019885], [-122.8113420001925, 41.202450999765674], [-122.80915899972896, 41.20276799979406], [-122.80710800040826, 41.20291500022209], [-122.80509999984693, 41.20302900007841], [-122.80210899981964, 41.203048000260445], [-122.79869900039103, 41.205422999848224], [-122.79759999967578, 41.20694300016949], [-122.79770400033118, 41.20821999990413], [-122.79763200036115, 41.209835000026374], [-122.79555100000489, 41.21136100022619], [-122.79301100006431, 41.21177999990059], [-122.79020300033514, 41.212133000201455], [-122.78833299986607, 41.21258200006224], [-122.78769699983143, 41.215612000037666], [-122.78673000025901, 41.21699600012421], [-122.78436900041858, 41.21748099966593], [-122.78120699978876, 41.21817300015196], [-122.77979900017534, 41.220030999876606], [-122.77875499971172, 41.22266000025552], [-122.7781489998143, 41.22441199969734], [-122.77803699966132, 41.22643000004376], [-122.77788199985063, 41.22864999981874], [-122.77701200036257, 41.23084100030937], [-122.77658399984206, 41.231011000124866], [-122.77403300003085, 41.23203199971935], [-122.7738549997556, 41.2321039997505], [-122.77051300009904, 41.2331199999933], [-122.76709000025164, 41.23416199999293], [-122.76504700042851, 41.23518199988775], [-122.76460499966433, 41.2356220000813], [-122.76430500008867, 41.23683400026517], [-122.76373799965103, 41.238083000117385], [-122.76280700006359, 41.23879400003878], [-122.76031499980358, 41.23961600004141], [-122.75831800001123, 41.240803999843], [-122.75564400017635, 41.241323999732074], [-122.7536409996379, 41.24187400000948], [-122.75113699968232, 41.241517999677924], [-122.75034099981413, 41.241171000211196], [-122.7489580003151, 41.24087599966914], [-122.74646500023019, 41.240891000129515], [-122.74451299974533, 41.241608000153626], [-122.74203899992702, 41.24347099972513], [-122.74004299995956, 41.24425599995637], [-122.73874900014899, 41.24389399972466], [-122.73759300043066, 41.24400100006347], [-122.73559099971713, 41.244112999908516], [-122.73264900009363, 41.243794000284865], [-122.73198899976956, 41.24450300022294], [-122.72981200005215, 41.24502000009129], [-122.72843500040089, 41.24533000028079], [-122.72710800008004, 41.2461779997607], [-122.72681900037504, 41.24638599972379], [-122.7264069997481, 41.24668599986825], [-122.7252950004107, 41.24746599987631], [-122.7246350000866, 41.24821000013325], [-122.72455200024592, 41.248849000228006], [-122.72464799960709, 41.24962200030604], [-122.72534800011412, 41.24986800029711], [-122.72565899956042, 41.25056899992721], [-122.7259099996306, 41.251549000097], [-122.72611100037038, 41.252931999791784], [-122.7252400001591, 41.25450899979525], [-122.72449899964415, 41.256289000282536], [-122.72429299977983, 41.25807300004709], [-122.72448699994858, 41.25982700006128], [-122.7246009997514, 41.261074999967946], [-122.72338300010881, 41.262075999912156], [-122.72246599986677, 41.26368599999798], [-122.72168800044024, 41.26499399974624], [-122.72036600014225, 41.266937999680195], [-122.71817000015828, 41.26782999997931], [-122.71704299985396, 41.26869799973828], [-122.71635099974283, 41.27020799975514], [-122.71602000020505, 41.27135200028713], [-122.71417099965235, 41.27281899986411], [-122.7129060001541, 41.273955000126136], [-122.71195700012501, 41.27479000033371], [-122.7075490002635, 41.27478799991501], [-122.70496099974405, 41.275036999923074], [-122.70339400012199, 41.27552999981312], [-122.7002680003755, 41.276077000164854], [-122.69991100000013, 41.2761870000004], [-122.69979899984715, 41.27622200015474], [-122.69908099979673, 41.27644400019489], [-122.69902100042059, 41.27646299997471], [-122.69814500018644, 41.27673400024736], [-122.69807599969116, 41.27675500030124], [-122.69709099967706, 41.27706200025313], [-122.69694400026228, 41.27713300011554], [-122.69669800021498, 41.27725299988819], [-122.69417300034303, 41.27848700013157], [-122.68941399995391, 41.280806999868666], [-122.68735699988709, 41.28132900019031], [-122.68700000041004, 41.28132600020036], [-122.68668900006543, 41.28132399998203], [-122.68642200010173, 41.28128800009113], [-122.68628900003235, 41.281252999953104], [-122.68611900015301, 41.28109199988669], [-122.6843159996311, 41.279382999813535], [-122.68224600004382, 41.27798499986704], [-122.68130600023554, 41.27831400015501], [-122.6790680004188, 41.27896899970802], [-122.67753699988342, 41.279967999829424], [-122.67715600011692, 41.28148099972409], [-122.67761800007429, 41.28313599988738], [-122.67727499994261, 41.28498600011048], [-122.67476400031435, 41.285975999925924], [-122.67184299970896, 41.28746800027928], [-122.66735399965657, 41.28955399966382], [-122.66545899997146, 41.29102000022491], [-122.66348800011836, 41.29164400032974], [-122.66210899991898, 41.29156499976275], [-122.66064199985605, 41.291383999717745], [-122.65961099981119, 41.29178000027866], [-122.6582729996197, 41.29190300029596], [-122.65654500033918, 41.29134999988816], [-122.65469599978647, 41.29008799991343], [-122.65368599965802, 41.289236999872536], [-122.65287600044444, 41.28973500006114], [-122.65352099980159, 41.29105499984905], [-122.65325800003586, 41.29344499966787], [-122.65272400010848, 41.2960010002344], [-122.65159000013148, 41.297204000062926], [-122.65121799968747, 41.298077000241925], [-122.65154900012358, 41.299595999663765], [-122.64969399972313, 41.301230999796765], [-122.64797800013818, 41.3025980000691], [-122.64576799991048, 41.304196999774064], [-122.64557999958949, 41.304733999861746], [-122.64627199970064, 41.30851400009087], [-122.64638600040175, 41.31225600018377], [-122.64559600038133, 41.31413600014671], [-122.64655700010597, 41.31525600019307], [-122.64675999959725, 41.31640400003791], [-122.64757800010509, 41.31806199975305], [-122.64820999994176, 41.320223999771585], [-122.64768299968706, 41.322343000016275], [-122.64573000027563, 41.324449000265325], [-122.64212800032807, 41.32660800029342], [-122.63974499984803, 41.32783400002611], [-122.63430500011674, 41.330549999865], [-122.6323300000657, 41.33137500003088], [-122.63058699981826, 41.331629999992096], [-122.62947399975762, 41.33155300000053], [-122.62747299976729, 41.3320259996674], [-122.62661800034786, 41.33176400017212], [-122.62613399975088, 41.33150500000353], [-122.62510799972891, 41.33079000031629], [-122.62393199991912, 41.32946000026506], [-122.62246800022922, 41.32880800022783], [-122.62060000030827, 41.328322000323794], [-122.61788899976517, 41.32752500004331], [-122.61681400023771, 41.32768400004065], [-122.61511000034831, 41.328174000243685], [-122.61380800014183, 41.32863399973773], [-122.61224700036756, 41.328519999722964], [-122.61023299995843, 41.32883900026249], [-122.6076820001472, 41.32918699968297], [-122.6052259998722, 41.32919900028113], [-122.60335899977619, 41.32864500004223], [-122.60195199998772, 41.32725299986523], [-122.6013030004326, 41.32590100028561], [-122.59961999956127, 41.32491099997903], [-122.59891199955663, 41.32453400017966], [-122.59850099965287, 41.32513600029628], [-122.59875799957084, 41.325778000303316], [-122.59822399964345, 41.32570600032113], [-122.59693599968065, 41.325223999984075], [-122.5962700004071, 41.32501600022377], [-122.59492899984255, 41.32507199983535], [-122.59313899973942, 41.32535900029379], [-122.59080800003623, 41.32591000017648], [-122.58905200026828, 41.326836999817125], [-122.58786999971238, 41.32817299984089], [-122.58735500005159, 41.32971600000626], [-122.58720400043883, 41.33082599986922], [-122.58762799986305, 41.33220900023715], [-122.58711999987493, 41.33328099994612], [-122.58580299959984, 41.334716999988714], [-122.58409200003771, 41.33557700000526], [-122.5818450000001, 41.33646499975886], [-122.58102200036772, 41.33767000016214], [-122.58130100002698, 41.33982599980396], [-122.58114100019341, 41.341439999817936], [-122.58175799996147, 41.341982999755935], [-122.58418199955109, 41.34402400025312], [-122.58605500039322, 41.347035999899134], [-122.58681899957607, 41.34920199980388], [-122.58699600002637, 41.34970200003836], [-122.5870400004073, 41.34996899987479], [-122.58715900023299, 41.350679999872455], [-122.5865049997567, 41.35252500024116], [-122.5859979995935, 41.35383399981814], [-122.58594599971495, 41.35396700016271], [-122.58578800042952, 41.35548000004177], [-122.58579900030018, 41.35763400011057], [-122.58524100008334, 41.35900800026039], [-122.58425100004641, 41.35947100021765], [-122.58267799967824, 41.360095999760325], [-122.581188999874, 41.36099200012807], [-122.57995399961464, 41.362832000130396], [-122.57855900042004, 41.36342500015766], [-122.57693900019625, 41.3641839997026], [-122.5750500003589, 41.36494199999532], [-122.57289399965958, 41.365696000242814], [-122.57309299985117, 41.36717899966523], [-122.5726789995744, 41.36798299997934], [-122.5723260002953, 41.368024999964206], [-122.57137999974097, 41.368139000267895], [-122.56964099969147, 41.367921999872785], [-122.56813599999369, 41.36703400033381], [-122.56574900021398, 41.36546400031933], [-122.56360000008567, 41.36574799996111], [-122.56104900027442, 41.365959999730734], [-122.55904999993393, 41.365269000141936], [-122.5537730004093, 41.362731000327344], [-122.5516900004032, 41.36170199985507], [-122.5504660000145, 41.36007600015923], [-122.54882599969919, 41.35925299998259], [-122.54780899989807, 41.358637999785], [-122.54701899987764, 41.35775600000173], [-122.54445800002067, 41.35591500013127], [-122.54283500032213, 41.35408300015525], [-122.54127600019767, 41.353800000188336], [-122.54043799959834, 41.35315299978352], [-122.54112300003679, 41.35224999983455], [-122.54221299963287, 41.3511839997431], [-122.54272099962098, 41.35014500015066], [-122.54245399965731, 41.3498629999925], [-122.54214599968573, 41.34953800013645], [-122.54175499987346, 41.34912699984211], [-122.54060599982786, 41.348376000100814], [-122.54058099971348, 41.34719799981276], [-122.5410040002111, 41.34588900033306], [-122.5391449996127, 41.344862999747775], [-122.53866699976182, 41.34405099982964], [-122.53782099966489, 41.34312000030069], [-122.53771100006001, 41.34299799995625], [-122.53762800021936, 41.342904999788956], [-122.53581800002472, 41.34152300010033], [-122.53276900027113, 41.34123799976116], [-122.52921800037718, 41.341385000311924], [-122.5259720000818, 41.34194300020811], [-122.52299100010026, 41.342673000228494], [-122.51991200020943, 41.34377600004713], [-122.51745599993443, 41.3437530003364], [-122.51433299966266, 41.343520999750595], [-122.51129200030498, 41.34372800028975], [-122.50937099978229, 41.3437770002103], [-122.50759499992284, 41.343155000285435], [-122.50625699973135, 41.34300700018294], [-122.50495700007299, 41.34326400013669], [-122.50389000004316, 41.34298499970156], [-122.50395799981521, 41.341572000331205], [-122.50467000001781, 41.33908899994746], [-122.50466199962189, 41.33696800012738], [-122.50425400009121, 41.33470999989572], [-122.5025419998059, 41.332943999713194], [-122.50112900016961, 41.33182099972718], [-122.50032699955531, 41.331488000094495], [-122.49888600032997, 41.331212999878254], [-122.49724699983959, 41.330916000013744], [-122.4955749997372, 41.32996799993903], [-122.49463599975387, 41.328851999967966], [-122.49383700041095, 41.32758999985575], [-122.4921929998977, 41.3265150003336], [-122.49080299982765, 41.32552599968026], [-122.48896199967088, 41.324662000071605], [-122.48701400028234, 41.3244699998021], [-122.48497999978173, 41.32429899990799], [-122.48331100005244, 41.32372899971853], [-122.4817810002403, 41.32286499989508], [-122.4811829998405, 41.32202300023334], [-122.48066800017969, 41.321055000178745], [-122.47995900035012, 41.32050699993507], [-122.47877099994643, 41.32008500020919]]]}, "properties": {"GEOID": "06093", "NAME": "Siskiyou County"}}]}